wCcJ,,TWVzc2VuZ2Vy,,,,,TWVuc2FnZWlybw==,,TWVuc2FqZXJh
wScJ,,W01lc3Nlbmdlcl0KSSBhbSBhIG1lc3NlbmdlciBmcm9tIHRoZSBSb3lhbCBjb3VydCwgc2VudCB0byBmaW5kIGEgcmVsaWFibGUgYWR2ZW50dXJlci4gVGhpcyBpcyBhbGwgYWJvdXQgdGhlIHZlcnkgaW1wb3J0YW50IGlzc3VlcyBvZiBvdXIgbmF0aW9uLg==,,,,,W01lbnNhZ2Vpcm9dClNvdSB1bSBtZW5zYWdlaXJvIGRhIENvcnRlIFJlYWwsIGVudmlhZG8gcGFyYSBlbmNvbnRyYXIgdW0gdmlhamFudGUgY29uZmnDoXZlbC4gVHJhdGEtc2UgZGUgcXVlc3TDtWVzIG11aXRvIGltcG9ydGFudGVzIGRlIG5vc3NhIG5hw6fDo28u,,W01lbnNhamVyYV0KU295IHVuYSBtZW5zYWplcmEgZGUgbGEgY29ydGUgcmVhbCwgZW52aWFkYSBwYXJhIGVuY29udHJhciB1biB0cm90YW11bmRvcyBkZSBjb25maWFuemEuIEVzdGUgZXMgdW4gYXN1bnRvIG11eSBpbXBvcnRhbnRlIHBhcmEgbnVlc3RyYSBuYWNpw7NuLg==
wicJ,,W01lc3Nlbmdlcl0KSXQgbWlnaHQgaGF2ZSBicm91Z2h0IG5hdGlvbmFsIGRpc29yZGVyLCBidXQgcGVvcGxlIGFyZSBhbGwgd2FyeSBhYm91dCB0aGUgcmViaXJ0aCBvZiB0aGUgZGV2aWwuIFdlIGFyZSBpbiB0aGUgcGVyZmVjdCB0aW1lcyB0byBwcm9jZXNzIHRoaXMgaXNzdWUgd2l0aG91dCBtYWtpbmcgYW55IGFkZGl0aW9uYWwgZnVzcy4=,,,,,W01lbnNhZ2Vpcm9dCklzc28gcG9kZSB0ZXIgY2F1c2FkbyBkZXNvcmRlbSBuYWNpb25hbCwgbWFzIGFzIHBlc3NvYXMgZXN0w6NvIGVtIGFsZXJ0YSBxdWFudG8gYW8gcmVuYXNjaW1lbnRvIGRvIGRlbcO0bmlvLiBFc3RhbW9zIG5vIG1vbWVudG8gcGVyZmVpdG8gcGFyYSBsaWRhciBjb20gZXNzYSBxdWVzdMOjbyBzZW0gcHJvdm9jYXIgbWFpcyBhbGFyZGUu,,W01lbnNhamVyYV0KUG9kcsOtYSBwcm92b2NhciB1biBkZXNvcmRlbiBhIG5pdmVsIG5hY2lvbmFsLCBwZXJvIGFsIHB1ZWJsbyBsZSBwcmVvY3VwYSBlbCByZW5hY2ltaWVudG8gZGVsIGRlbW9uaW8uIEVzdGUgZXMgZWwgbW9tZW50byBpZGVhbCBwYXJhIHRyYXRhciBlc3RlIGFzdW50byBzaW4gYXJtYXIgdGFudG8gbMOtby4=
wycJ,,W01lc3Nlbmdlcl0KT2gsIEkgZG9uJ3Qgd2FudCB5b3UgdG8gcGFuaWMgdG9vIG11Y2guLi4gSG1tLi4uIHdoYXQgSSB3YW50IHRvIHNheSBpcywgVHJpc3RhbiB0aGUgdGhpcmQsIHRoZSBydWxlciBvZiBSdW5lIE1pZGdhcnRzLi4u,,,,,W01lbnNhZ2Vpcm9dCk9oLCBldSBuw6NvIHF1ZXJvIHF1ZSB2b2PDqiBlbnRyZSBlbSBww6JuaWNvLi4uIEhtbS4uLiBvIHF1ZSBldSBxdWVybyBkaXplciDDqSBxdWUgVHJpc3RhbiBJSUksIG8gZ292ZXJuYW50ZSBkZSBSdW5lLU1pZGdhcmQuLi4=,,W01lbnNhamVyYV0KT2gsIG5vIHF1aWVybyBxdWUgdGUgYXN1c3Rlc+KApiBNbeKApiBsbyBxdWUgcXVpZXJvIGRlY2lyIGVzIHF1ZSBUcmlzdGFuSUlJLCBnb2Jlcm5hbnRlIGRlIFJ1bmUtTWlkZ2FydHPigKY=
xCcJ,,UGFzc2VkIGF3YXk/,,,,,RmFsZWNldT8=,,wr9GYWxsZWNpw7M/
xScJ,,Q2FtZSBmb3IgYSBjZWxlYnJhdGlvbiBhZ2Fpbj8=,,,,,VmVpbyBjb21lbW9yYXIgZGUgbm92bz8=,,wr9PdHJhIHZleiB2aW5vIGEgdW5hIGNlbGVicmFjacOzbj8=
xicJ,,W01lc3Nlbmdlcl0KWW91IGFscmVhZHkga25vdyBhYm91dCB0aGF0Li4uClRoZW4sIEkgZG9uJ3QgbmVlZCB0byBnaXZlCnlvdSBhbnkgZnVydGhlciBleHBsYW5hdGlvbi4=,,,,,W01lbnNhZ2Vpcm9dClZvY8OqIGrDoSBzYWJlIGRpc3NvLi4uCkVudMOjbywgbsOjbyBwcmVjaXNvIGxoZSBkYXIKbWFpcyBuZW5odW1hIGV4cGxpY2HDp8Ojby4=,,W01lbnNhamVyYV0KQXPDrSBxdWUgeWEgbG8gc2Fiw61hc+KApgpFbnRvbmNlcywgbm8gbmVjZXNpdG8gZGFydGUKbcOhcyBleHBsaWNhY2lvbmVzLg==
xycJ,,W01lc3Nlbmdlcl0KVGhlIEtpbmcncyBwb3NpdGlvbiBjYW5ub3QKYmUgZW1wdHkgZm9yIHRvbyBsb25nLgpOb3csIHRoZSBkZWJhdGUgb3ZlciBzZWxlY3Rpbmcgb3VyIG5leHQgS2luZyBpcyBhY3RpdmVseSBpbiBwcm9ncmVzcy4gUGxlYXNlIGdpdmUgdXMgYSBoYW5kIHdpdGggdGhpcywgZm9yIHRoZSB0b21vcnJvdyBvZiBSdW5lIE1pZGdhcnRzLg==,,,,,W01lbnNhZ2Vpcm9dCiBPIHRyb25vIG7Do28gcG9kZQpmaWNhciB2YXppbyBwb3IgbXVpdG8gdGVtcG8uCk5lc3RlIG1vbWVudG8sIG8gZGViYXRlIHNvYnJlIGEgZXNjb2xoYSBkbyBwcsOzeGltbyByZWkgZXN0w6EgZW0gYW5kYW1lbnRvLiBQb3IgZmF2b3IsIG5vcyBhanVkZSBjb20gaXNzbywgcGVsbyBmdXR1cm8gZG9zIFJ1bmUtTWlkZ2FyZC4=,,W01lbnNhamVyYV0KRWwgdHJvbm8gZGVsIHJleSBubyBwdWVkZSBlc3RhciB2YWPDrW8KZHVyYW50ZSBtdWNobyB0aWVtcG8uCkFob3JhIHlhIGVzdMOhIGVuIG1hcmNoYSBlbCBkZWJhdGUgcGFyYSBlbGVnaXIgYSBudWVzdHJvIHByw7N4aW1vIHJleS4gUG9yIGZhdm9yLCBhecO6ZGFub3MsIHBvciBlbCBmdXR1cm8gZGUgUnVuZS1NaWRnYXJ0cy4=
yCcJ,,W01lc3Nlbmdlcl0KLi4u,,,,,W01lbnNhZ2Vpcm9dCi4uLg==,,W01lbnNhamVyYV0K4oCm
yScJ,,W01lc3Nlbmdlcl0KV2hhdCBhcmUgeW91IHRoaW5raW5nPwpEbyB5b3UgcmVhbGx5IHRoaW5rIGEgY2VsZWJyYXRpb24gaXMgbW9tZW50b3VzIGZvciBhIG5hdGlvbiByaWdodCBub3c/,,,,,W01lbnNhZ2Vpcm9dCk8gcXVlIHZvY8OqIGVzdMOhIHBlbnNhbmRvPwpBY2hhIG1lc21vIHF1ZSB1bWEgY29tZW1vcmHDp8OjbyDDqSBhbGdvIGltcG9ydGFudGUgcGFyYSB1bWEgbmHDp8OjbyBuZXN0ZSBtb21lbnRvPw==,,W01lbnNhamVyYV0Kwr9FbiBxdcOpIGVzdMOhcyBwZW5zYW5kbz8Kwr9EZSB2ZXJkYWQgY3JlZXMgcXVlIHVuYSBjZWxlYnJhY2nDs24gZXMgbG8gcXVlIGxhIG5hY2nDs24gbmVjZXNpdGEgZW4gZXN0ZSBtb21lbnRvPw==
yicJ,,W01lc3Nlbmdlcl0KWWVhaC4uLgpJdCdzIHF1aXRlIG5hdHVyYWwgZm9yIHlvdSB0byBleHBlY3Qgbm90aGluZy4gSSBzdGlsbCBkb24ndCBrbm93IGhvdyB0byBleHByZXNzIHRoaXMgdG8geW91LiBEb24ndCBiZSB0b28gcGVycGxleGVkLg==,,,,,W01lbnNhZ2Vpcm9dCsOJLi4uCsOJIG5hdHVyYWwgcXVlIHZvY8OqIG7Do28gZXNwZXJlIHBvciBhbGdvIGFzc2ltLiBBaW5kYSBuw6NvIHNlaSBjb21vIGRpemVyIGlzc28uIE1hcyBuw6NvIGZpcXVlIG11aXRvIGFzc3VzdGFkby4=,,W01lbnNhamVyYV0KU8Ot4oCmCkVzIG5vcm1hbCBxdWUgbm8gZXNwZXJlcyBuYWRhLiBBw7puIG5vIHPDqSBjw7NtbyBleHByZXNhcnRlIGVzdG8uIFF1ZSBubyBzZWEgbW90aXZvIGRlIHNvcnByZXNhLg==
yycJ,,W01lc3Nlbmdlcl0KVHJpc3RhbiB0aGUgM3JkLCB0aGUgcnVsZXIgb2YgUnVuZSBNaWRnYXJ0cy4uLg==,,,,,W01lbnNhZ2Vpcm9dClRyaXN0YW4gSUlJLCBvIGdvdmVybmFudGUgZGUgUnVuZS1NaWRnYXJkLi4u,,W01lbnNhamVyYV0KVHJpc3RhbklJSSwgZ29iZXJuYW50ZSBkZSBSdW5lLU1pZGdhcnRz4oCm
zCcJ,,W01lc3Nlbmdlcl0KLi4uCmhhcyBwYXNzZWQgYXdheS4=,,,,,W01lbnNhZ2Vpcm9dCi4uLgpmYWxlY2V1Lg==,,W01lbnNhamVyYV0K4oCmCmZhbGxlY2nDsy4=
zScJ,,W01lc3Nlbmdlcl0KVG8gcHJldmVudCB0aGUgcGVvcGxlJ3MgZGlzb3JkZXIsIGl0IHdvbid0IHlldCBiZSBhbm5vdW5jZWQuIFRoZSBDb3VydCBpcyBmb2N1c2VkIG9uIHNlbGVjdGluZyB0aGUgbmV4dCBraW5nIHJpZ2h0IG5vdy4gVGhleSBhcmUgdmVyeSBidXN5IGNvbnNpZGVyaW5nIGl0Lg==,,,,,W01lbnNhZ2Vpcm9dClBhcmEgZXZpdGFyICBvIHDDom5pY28gZW50cmUgbyBwb3ZvLCBvIGFuw7puY2lvIGFpbmRhIG7Do28gc2Vyw6EgZmVpdG8uIEEgQ29ydGUgZXN0w6EgZm9jYWRhIG5hIGVzY29saGEgZG8gbm92byByZWkgbm8gbW9tZW50by4gRWxlcyBlc3TDo28gbXVpdG8gb2N1cGFkb3MgY29tIGVzc2EgZGVjaXPDo28u,,W01lbnNhamVyYV0KTGEgbm90aWNpYSBzZSBhbnVuY2lhcsOhIG3DoXMgdGFyZGUgcGFyYSBldml0YXIgcXVlIGxhIGdlbnRlIHNlIGFsdGVyZS4gRW4gZXN0ZSBtb21lbnRvLCBsYSBjb3J0ZSBlc3TDoSBjb25jZW50cmFkYSBlbiBlbGVnaXIgYWwgcHLDs3hpbW8gcmV5LiBTdXMgbWllbWJyb3MgZXN0w6FuIG11eSBvY3VwYWRvcyBjb25zaWRlcsOhbmRvbG8u
zicJ,,W01lc3Nlbmdlcl0KWW91IGNhbiBsZWFybiBtb3JlIGRldGFpbHMgaW4gY291cnQuIE15IG1pc3Npb24gaXMgb25seSB0byBkZWxpdmVyIHRoaXMgbWVzc2FnZSB0byBhIHJlbGlhYmxlIGFuZCBicmF2ZSBhZHZlbnR1cmVyLg==,,,,,W01lbnNhZ2Vpcm9dClZvY8OqIHBvZGVyw6Egc2FiZXIgbWFpcyBkZXRhbGhlcyBuYSBjb3J0ZS4gTWluaGEgbWlzc8OjbyDDqSBhcGVuYXMgZW50cmVnYXIgZXN0YSBtZW5zYWdlbSBhIHVtIHZpYWphbnRlIGNvbmZpw6F2ZWwgZSBjb3Jham9zby4=,,W01lbnNhamVyYV0KUHVlZGVzIGNvbnNlZ3VpciBtw6FzIGluZm9ybWFjacOzbiBlbiBsYSBjb3J0ZS4gTWkgbWlzacOzbiBubyBlcyBtw6FzIHF1ZSBlbnRyZWdhciBlc3RlIG1lbnNhamUgYSB1biB0cm90YW11bmRvcyB2YWxpZW50ZSB5IGRlIGNvbmZpYW56YS4=
zycJ,,W01lc3Nlbmdlcl0KUGxlYXNlLi4uUGxlYXNlLi4uCkxlbmQgYSBoYW5kIGZvciB0aGUgZnV0dXJlCm9mIHRoZSBSdW5lIE1pZGdhcnRzIGtpbmdkb20u,,,,,W01lbnNhZ2Vpcm9dClBvciBmYXZvci4uLiBQb3IgZmF2b3IuLi4KTm9zIGFqdWRlIGNvbSBvIGZ1dHVybwpkbyByZWlubyBkZSBSdW5lLU1pZGdhcmQu,,W01lbnNhamVyYV0KUG9yIGZhdm9y4oCmCkF5w7pkYW5vcywgcG9yIGVsIGZ1dHVybwpkZWwgcmVpbm8gZGUgUnVuZS1NaWRnYXJ0cy4=
0CcJ,,W01lc3Nlbmdlcl0KVGhlIEtpbmcgaGFzbid0IGFwcGVhcmVkCmluIHB1YmxpYyBmb3Igc29tZSB0aW1lLgpNYW55IGFyZSBjdXJpb3VzIGFib3V0IHRoZSBzaXR1YXRpb24u,,,,,W01lbnNhZ2Vpcm9dCk8gcmVpIG7Do28gdGVtIGFwYXJlY2lkbwplbSBww7pibGljbyBow6EgYWxndW0gdGVtcG8uCk11aXRvcyBlc3TDo28gY3VyaW9zb3Mgc29icmUgYSBzaXR1YcOnw6NvLg==,,W01lbnNhamVyYV0KSGFjZSB0aWVtcG8gcXVlIGVsIHJleQpubyBhcGFyZWNlIGVuIHDDumJsaWNvLgpNdWNob3MgZXN0w6FuIHByZW9jdXBhZG9zIHBvciBlc3RhIHNpdHVhY2nDs24u
0ScJ,,W01lc3Nlbmdlcl0KSSBoYXRlIG15IGR1dHkgdG8gZGVsaXZlcgp0aGlzIHNvcnJvd2Z1bCByZWFsaXR5IHRvIG90aGVycy4KSSB0aGluayB5b3UgYWxyZWFkeSBtYXkgaGF2ZSBhIGNsdWUgZnJvbSBteSB3b3Jkcy4uLg==,,,,,W01lbnNhZ2Vpcm9dCk9kZWlvIG1ldSBkZXZlciBkZSB0cmFuc21pdGlyCmVzc2EgdHJpc3RlIHJlYWxpZGFkZSBhb3Mgb3V0cm9zLgpBY2hvIHF1ZSB2b2PDqiBqw6EgZGV2ZSB0ZXIgcGVyY2ViaWRvIGFsZ28gcGVsYXMgIG1pbmhhcyBwYWxhdnJhcy4uLg==,,W01lbnNhamVyYV0KT2RpbyB0ZW5lciBlbCBkZWJlciBkZSBlbnRyZWdhcgplc3RhIGRvbG9yb3NhIG5vdGljaWEgYSBsb3MgZGVtw6FzLgpDcmVvIHF1ZSwgcG9yIG1pcyBwYWxhYnJhcywgeWEgdGllbmVzIHVuYSBpZGVh4oCm
0icJ,,W01lc3Nlbmdlcl0KS2luZyBUcmlzdGFuLi4u,,,,,W01lbnNhZ2Vpcm9dCk8gUmVpIFRyaXN0YW4uLi4=,,W01lbnNhamVyYV0KRWwgcmV5IFRyaXN0YW7igKY=
0ycJ,,W01lc3Nlbmdlcl0KS2luZyBUcmlzdGFuLi4uCi4uLnBhc3NlZCBhd2F5Li4uCi4uLmFmdGVyIGEgbG9uZyB0aW1lIG9mIHN1ZmZlcmluZyBhY3V0ZWx5IGZyb20gaWxsbmVzcy4=,,,,,W01lbnNhZ2Vpcm9dCk8gUmVpIFRyaXN0YW4uLi4KLi4uZmFsZWNldS4uLgouLi5hcMOzcyB1bSBsb25nbyBwZXLDrW9kbyBzb2ZyZW5kbyBjb20gdW1hIGRvZW7Dp2EgZ3JhdmUu,,W01lbnNhamVyYV0KRWwgcmV5IFRyaXN0YW7igKYK4oCmZmFsbGVjacOz4oCmCuKApmRlc3B1w6lzIGRlIHBhc2FyIHVuIGxhcmdvIHRpZW1wbyBtdXkgZW5mZXJtby4=
1CcJ,,W01lc3Nlbmdlcl0KVGhlIFJveWFsIENvdXJ0IGlzIG5vdyBpbiB0aGUgcHJvY2VzcyBvZiBzZWxlY3RpbmcgdGhlIG5leHQga2luZy4gTXkgbWlzc2lvbiBpcyB0byBmaW5kIGEgZGV2b3RlZCBhZHZlbnR1cmVyIGFuZCBzZW5kIHRoZW0gdG8gY291cnQu,,,,,W01lbnNhZ2Vpcm9dCkEgQ29ydGUgUmVhbCBlc3TDoSBhZ29yYSBubyBwcm9jZXNzbyBkZSBzZWxlw6fDo28gZG8gcHLDs3hpbW8gcmVpLiBNaW5oYSBtaXNzw6NvIMOpIGVuY29udHJhciB1bSB2aWFqYW50ZSBkZWRpY2FkbyBlIGVudmnDoS1sbyDDoCBjb3J0ZS4=,,W01lbnNhamVyYV0KTGEgY29ydGUgcmVhbCBlc3TDoSBlbiBwcm9jZXNvIGRlIHNlbGVjY2lvbmFyIGFsIHByw7N4aW1vIHJleS4gTWkgbWlzacOzbiBlcyBlbmNvbnRyYXIgYSB1biB0cm90YW11bmRvcyBsZWFsIHkgZW52aWFybG8gYSBsYSBjb3J0ZS4=
1ScJ,,W01lc3Nlbmdlcl0KVGhleSB3aWxsIGxldCB5b3Uga25vdyB3aGF0CnlvdSBoYXZlIHRvIGRvIGluIGNvdXJ0LgpJIGhvcGUgeW91IHdpbGwgaGVscCBicmluZwpwZWFjZSB0byBSdW5lIE1pZGdhcnRzLg==,,,,,W01lbnNhZ2Vpcm9dCkzDoSwgZWxlcyBsaGUgZGlyw6NvIGV4YXRhbWVudGUgbyBxdWUgcHJlY2lzYSBzZXIgZmVpdG8uCkVzcGVybyBxdWUgdm9jw6ogYWp1ZGUgYSB0cmF6ZXIKcGF6IGEgUnVuZS1NaWRnYXJkLg==,,W01lbnNhamVyYV0KRWxsb3MgdGUgZGlyw6FuIGxvIHF1ZSB0aWVuZXMKcXVlIGhhY2VyIGVuIGxhIGNvcnRlLgpFc3Blcm8gcXVlIGF5dWRlcyBhIHRyYWVyCmxhIHBheiBhbCByZWlubyBkZSBSdW5lLU1pZGdhcnRzLg==
1icJ,,W01lc3Nlbmdlcl0KSSdtIGEgbWVzc2VuZ2VyIG9mIFJ1bmUgTWlkZ2FydHMuCklzIHRoZXJlIGFueXRoaW5nIHNwZWNpYWwKZ29pbmcgb24gaW4gdGhpcyBjb3VudHJ5Pw==,,,,,W01lbnNhZ2Vpcm9dClNvdSB1bSBtZW5zYWdlaXJvIGRlIFJ1bmUtTWlkZ2FyZC4KSMOhIGFsZ28gZXNwZWNpYWwKYWNvbnRlY2VuZG8gbmVzdGUgcGHDrXM/,,W01lbnNhamVyYV0KU295IHVuYSBtZW5zYWplcmEgZGUgUnVuZS1NaWRnYXJ0cy4Kwr9TZSBlc3TDoSBsbGV2YW5kbyBhIGNhYm8gYWxnw7puIGV2ZW50bwplc3BlY2lhbCBlbiBlc3RlIHBhw61zPw==
1ycJ,,W01lc3Nlbmdlcl0KSGF2ZW4ndCB5b3Ugc2VlbiBzb21ldGhpbmcgbXlzdGVyaW91cz8gT3IgaGVhcmQgc29tZSBnb3NzaXA/,,,,,W01lbnNhZ2Vpcm9dClZvY8OqIG7Do28gdml1IGFsZ28gZXN0cmFuaG8/IE91IG91dml1IGFsZ3VtYSBmb2ZvY2E/,,W01lbnNhamVyYV0Kwr9ObyB2aXN0ZSBhbGdvIG1pc3Rlcmlvc28/IMK/VSBvw61kbyBydW1vcmVzPw==
2CcJ,,W01lc3Nlbmdlcl0KSSB3YW50IHlvdSB0byBnbyB0byB0aGUgUHJvbnRlcmEgUm95YWwgQ291cnQgdG8gaGVscCBpbiB0aGUgbmV4dCBLaW5nJ3Mgc2VsZWN0aW9uLg==,,,,,W01lbnNhZ2Vpcm9dClF1ZXJvIHF1ZSB2b2PDqiB2w6Egw6AgQ29ydGUgUmVhbCBkZSBQcm9udGVyYSBwYXJhIGFqdWRhciBuYSBlc2NvbGhhIGRvIHByw7N4aW1vIHJlaS4=,,W01lbnNhamVyYV0KUXVpZXJvIHF1ZSB2YXlhcyBhIGxhIGNvcnRlIHJlYWwgZGUgUHJvbnRlcmEgcGFyYSBheXVkYXIgZW4gbGEgZWxlY2Npw7NuIGRlbCBwcsOzeGltbyByZXku
2ScJ,,W01lc3Nlbmdlcl0KSSB3aWxsIHN0YXkgaGVyZSB0byBmaW5kIG90aGVyIGFkdmVudHVyZXJzLiBNYXkgeW91ciBoZWFydCBicmluZyBncmVhdCBnbG9yeSB0byBSdW5lIE1pZGdhcnRzIQ==,,,,,W01lbnNhZ2Vpcm9dCkZpY2FyZWkgYXF1aSBwYXJhIGVuY29udHJhciBvdXRyb3MgdmlhamFudGVzLiBRdWUgc2V1IGNvcmHDp8OjbyB0cmFnYSBncmFuZGUgZ2zDs3JpYSBwYXJhIFJ1bmUtTWlkZ2FyZCE=,,W01lbnNhamVyYV0KTWUgcXVlZGFyw6kgYXF1w60gZW4gYnVzY2EgZGUgb3Ryb3MgdHJvdGFtdW5kb3MuIMKhUXVlIHR1IGNvcmF6w7NuIHRyYWlnYSBncmFuIGdsb3JpYSBhIFJ1bmUtTWlkZ2FydHMh
2icJ,,W01lc3Nlbmdlcl0KSSBhbSBvbiBhIG1pc3Npb24gbm93LiBJIHRoaW5rIHlvdSBtYXkgYmUgbG9va2luZyBmb3IgYSBkaWZmZXJlbnQgbG9jYXRpb24uIEFzayBvdGhlcnMu,,,,,W01lbnNhZ2Vpcm9dCkVzdG91IGVtIHVtYSBtaXNzw6NvIGFnb3JhLiBBY2hvIHF1ZSB2b2PDqiBkZXZlIGVzdGFyIHByb2N1cmFuZG8gdW0gbG9jYWwgZGlmZXJlbnRlLiBQZXJndW50ZSBhIG91dHJvcy4=,,W01lbnNhamVyYV0KQWhvcmEgZXN0b3kgZW4gbWVkaW8gZGUgdW5hIG1pc2nDs24uIENyZW8gcXVlIGxvIHF1ZSBidXNjYXMgZXMgb3RybyBsdWdhci4gUHJlZ8O6bnRhbGVzIGEgbG9zIGRlbcOhcy4=
2ycJ,,SW5zcGVjdG9y,,,,,SW5zcGV0b3I=,,SW5zcGVjdG9y
3CcJ,,W0luc3BlY3Rvcl0KSnVkZ2UhCkhvdyBnb2VzIGl0PyBJIGRvbid0IHRoaW5rIGl0IGlzIGVhc3kgdG8gbWVldCBzZXZlbiBjYW5kaWRhdGVzIGFuZCBhcHByYWlzZSB0aGVtLg==,,,,,W0luc3BldG9yXQpKdWl6IQpDb21vIHZhaT8gTsOjbyBkZXZlIHNlciBmw6FjaWwgZW5jb250cmFyIHNldGUgY2FuZGlkYXRvcyBlIGF2YWxpw6EtbG9zLg==,,W0luc3BlY3Rvcl0KwqFKdWV6IQrCv0PDs21vIGVzdMOhcz8gTm8gZXMgdGFyZWEgZsOhY2lsIHJldW5pcnNlIGNvbiBzaWV0ZSBjYW5kaWRhdG9zIHkgZXZhbHVhcmxvcy4=
3ScJ,,W0luc3BlY3Rvcl0KSGEuIEFyZSB5b3UgZG9uZT8KWW91IGFyZSBhIGZhc3Qgd29ya2VyLCBnZXR0aW5nIHRoZSBqb2IgZG9uZSE=,,,,,W0luc3BldG9yXS4KQWguIFZvY8OqIGrDoSB0ZXJtaW5vdT8KVm9jw6ogdHJhYmFsaGEgcsOhcGlkbywgaGVpbj9GZXogdHVkbyBjb20gZWZpY2nDqm5jaWEh,,W0luc3BlY3Rvcl0KSmEuIMK/WWEgdGVybWluYXN0ZT8KwqFNaXJhIG5hZGEgbcOhcyBsYSByYXBpZGV6IGNvbiBsYSBxdWUgdHJhYmFqYXMh
3icJ,,W0luc3BlY3Rvcl0KTGV0IG1lIGhhdmUgdGhlIHNjb29wIG9uIHRoZSBjYW5kaWRhdGVzfg==,,,,,W0luc3BldG9yXQpNZSBjb250ZSB0dWRvIHNvYnJlIG9zIGNhbmRpZGF0b3N+,,W0luc3BlY3Rvcl0KRGFtZSBsYSBwcmltaWNpYSBzb2JyZSBsb3MgY2FuZGlkYXRvc34u
3ycJ,,LUkgc3BlYWsgYWJvdXQgbXkgaW1wcmVzc2lvbgpvZiB0aGUgY2FuZGlkYXRlcyBmb3IgcHJpbmNlLAp0byB0aGUgSW5zcGVjdG9yLCByaWdodCBhd2F5LgpJJ20gc3VyZSwgSSBvbmx5IGdpdmUgY2xlYXIKYW5kIGNvbmNpc2UgZmFjdHMgdG8gaGltLi0=,,,,,4oCTIEV1IGZhbG8gaW1lZGlhdGFtZW50ZSBhbyBpbnNwZXRvciBzb2JyZSBtaW5oYXMgaW1wcmVzc8O1ZXMgZG9zIGNhbmRpZGF0b3MgYW8gdHJvbm8uIFRlbmhvIGNlcnRlemEgZGUgcXVlIGZvcm5lw6dvIGFwZW5hcyBmYXRvcyBjbGFyb3MgZSBvYmpldGl2b3MuIOKAkw==,,KEhhYmxvIGRlIGlubWVkaWF0byBzb2JyZSBtaSBpbXByZXNpw7NuCmRlIGxvcyBjYW5kaWRhdG9zCmNvbiBlbCBpbnNwZWN0b3IuCkNvbiBmaXJtZXphLCBzb2xvIGxlIGVudHJlZ28KaGVjaG9zIGNsYXJvcyB5IGNvbmNpc29zKS4=
4CcJ,,W0luc3BlY3Rvcl0KSG1tLi4uIGlzIHRoYXQgc28/IFdoYXQgeW91J3ZlIHNhaWQgaGFzIGhlbHBlZCBtZSBhIGxvdC4gVGhhbmsgeW91IGZvciB5b3VyIGhhcmQgd29yay4=,,,,,W0luc3BldG9yXQpIbW0uLi4gw6kgbWVzbW8/IE8gcXVlIHZvY8OqIGRpc3NlIG1lIGFqdWRvdSBtdWl0by4gT2JyaWdhZG8gcG9yIHNldSBlc2ZvcsOnby4=,,W0luc3BlY3Rvcl0KTW1t4oCmIMK/ZGUgdmVyZGFkPyBUb2RvIGVzdG8gbWUgZXMgZGUgbXVjaGEgYXl1ZGEuIEdyYWNpYXMgcG9yIHR1IGVzZnVlcnpvLg==
4ScJ,,W0luc3BlY3Rvcl0KQnkgdGhlIHdheSwgSSBoYXBwZW5lZAp0byBoZWFyIGEgcnVtb3IgYWJvdXQKUHJpbmNlIEVpZ2VuIEFocnVtIG9mIHRoZSBXYWx0ZXIgZmFtaWx5LiBDb3VsZCB5b3UgYXBwcmFpc2UgYWxsIHRoZSBjYW5kaWRhdGVzLCBvbmUgbW9yZSB0aW1lPyBJIG5lZWQgdGhpcyBkb25lIHVyZ2VudGx5Lg==,,,,,W0luc3BldG9yXQpBIHByb3DDs3NpdG8sCm91dmkgdW0gYm9hdG8gc29icmUgbwpQcsOtbmNpcGUgRWlnZW4gQWhydW0gZGEgZmFtw61saWEgV2FsdGVyLiBWb2PDqiBwb2RlcmlhIGF2YWxpYXIgdG9kb3Mgb3MgY2FuZGlkYXRvcyBtYWlzIHVtYSB2ZXo/IFByZWNpc28gcXVlIGlzc28gc2VqYSBmZWl0byBjb20gdXJnw6puY2lhLg==,,W0luc3BlY3Rvcl0KUG9yIGNpZXJ0bywgc3VjZWRlIHF1ZQpvw60gdW4gcnVtb3IKc29icmUgZWwgcHLDrW5jaXBlIEVpZ2VuIEFocnVtIGRlIGxhIGZhbWlsaWEgV2FsdGVyLiDCv1BvZHLDrWFzIGV2YWx1YXIgYSB0b2RvcyBsb3MgY2FuZGlkYXRvcyB1bmEgdmV6IG3DoXM/IExvIG5lY2VzaXRvIHVyZ2VudGUu
4icJ,,W0luc3BlY3Rvcl0KTm93IHRoZSB3aG9sZSBwaWN0dXJlIG1heSBjaGFuZ2UuLi4gT3RoZXJzIG11c3QgcHJvYmFibHkgYmUgdGhlIHNhbWUuIEJ1dCBJIHdvcnJ5IGFib3V0IEVpZ2VuIEFocnVtIGJlY2F1c2UgSSBjYW4ndCBuZWdsZWN0IGFueSBydW1vcnMgYWJvdXQgYW55IGNhbmRpZGF0ZS4=,,,,,W0luc3BldG9yXQpBZ29yYSB0dWRvIHBvZGUgbXVkYXIuLi4gT3Mgb3V0cm9zIHByb3ZhdmVsbWVudGUgZGV2ZW0gc2VyIG9zIG1lc21vcy4gTWFzIGV1IG1lIHByZW9jdXBvIGNvbSBFaWdlbiBBaHJ1bSBwb3JxdWUgbsOjbyBwb3NzbyBpZ25vcmFyIG5lbmh1bSBib2F0byBzb2JyZSBuZW5odW0gY2FuZGlkYXRvLg==,,W0luc3BlY3Rvcl0KQWhvcmEgdG9kYSBsYSBzaXR1YWNpw7NuIHBvZHLDrWEgY2FtYmlhcuKApiBFbCByZXN0byBwcm9iYWJsZW1lbnRlIHNpZ2EgaWd1YWwuIFBlcm8gbWUgcHJlb2N1cGEgRWlnZW4gQWhydW0gcG9ycXVlIG5vIHB1ZWRvIGlnbm9yYXIgbmluZ8O6biBydW1vciBzb2JyZSBuaW5nw7puIGNhbmRpZGF0by4=
4ycJ,,W0luc3BlY3Rvcl0KT2theSwgc28uLi4gcGxlYXNlIGdvIGluIHRoZXJlIG9uZSBtb3JlIHRpbWUu,,,,,W0luc3BldG9yXQpPaywgZW50w6NvLi4uIHBvciBmYXZvciwgZW50cmUgbMOhIG1haXMgdW1hIHZlei4=,,W0luc3BlY3Rvcl0KQnVlbm8sIGVudG9uY2Vz4oCmIGVudHJhIHVuYSB2ZXogbcOhcy4=
5CcJ,,W0luc3BlY3Rvcl0KV2hhdCdzIHdyb25nIHdpdGggeW91PwpUaGlzIGlzIG5vdCBhbiBvcGVuIGFyZWEh,,,,,W0luc3BldG9yXQpPIHF1ZSBow6EgY29tIHZvY8OqPwpFc3RhIMOhcmVhIG7Do28gw6kgYWJlcnRhIGFvIHDDumJsaWNvIQ==,,W0luc3BlY3Rvcl0Kwr9RdcOpIHRlIHBhc2E/CsKhRXN0YSBlcyB1bmEgem9uYSByZXN0cmluZ2lkYSE=
5ScJ,,QWxyaWdodCwgYWxyaWdodC4=,,,,,VHVkbyBiZW0sIHR1ZG8gYmVtLg==,,RXN0w6EgYmllbiwgZGUgYWN1ZXJkby4=
5icJ,,VGhlIE1lc3NlbmdlciBkaXJlY3RlZCBtZSBoZXJlLg==,,,,,TyBNZW5zYWdlaXJvIG1lIG1hbmRvdSBwYXJhIGPDoS4=,,TWUgZW52acOzIGxhIG1lbnNhamVyYS4=
5ycJ,,W0luc3BlY3Rvcl0KSWYgeW91IGtub3cgaXQsIHdoeSBhcmUgeW91IGhlcmU/IEdldCBvdXQgb2YgaGVyZSE=,,,,,W0luc3BldG9yXQpTZSB2b2PDqiBzYWJlIGRpc3NvLCBwb3IgcXVlIGVzdMOhIGFxdWk/IFNhaWEgZGFxdWkh,,W0luc3BlY3Rvcl0KU2kgbG8gc2FiZXMsIMK/cG9yIHF1w6kgZXN0w6FzIGFxdcOtPyDCoUZ1ZXJhIGRlIGFxdcOtIQ==
6CcJ,,W0luc3BlY3Rvcl0KSSBkb24ndCB0aGluayB5b3UgYXJlCmFuIGV4cGVyaWVuY2VkIGFkdmVudHVyZXIuLi4=,,,,,W0luc3BldG9yXQpOw6NvIGFjaG8gcXVlIHZvY8OqIHNlamEKdW0gdmlhamFudGUgZXhwZXJpZW50ZS4uLg==,,W0luc3BlY3Rvcl0KTm8gY3JlbyBxdWUgdGVuZ2FzCmxhIGV4cGVyaWVuY2lhIG5lY2VzYXJpYeKApg==
6ScJ,,W0luc3BlY3Rvcl0KLi4uLi4u,,,,,W0luc3BldG9yXQouLi4uLi4=,,W0luc3BlY3Rvcl0KLi4uLi4u
6icJ,,W0luc3BlY3Rvcl0KVGhlIE1lc3NlbmdlciBjaGVja2VkIG9ubHkgZm9yIHlvdXIgcGh5c2ljYWwgYXB0aXR1ZGUsIGFuZCBzaW1wbHkgc2VudCBhIHdhcnJpb3IgdG8gQ291cnQuIFRoYXQncyB3aGF0IGhpcyBkdXR5IGlzIGFsbCBhYm91dC4=,,,,,W0luc3BldG9yXQpPIE1lbnNhZ2Vpcm8gYXZhbGlvdSBhcGVuYXMgc3VhIGFwdGlkw6NvIGbDrXNpY2EgZSBzaW1wbGVzbWVudGUgZW52aW91IHVtIGd1ZXJyZWlybyBwYXJhIGEgQ29ydGUuIEVzc2Ugw6kgbyBkZXZlciBkZWxlLg==,,W0luc3BlY3Rvcl0KTGEgbWVuc2FqZXJhIHNvbG8gY29tcHJvYsOzIHR1IGFwdGl0dWQgZsOtc2ljYSwgYXPDrSBxdWUgc29sbyBlbnZpw7MgdW4gZ3VlcnJlcm8gYSBsYSBjb3J0ZS4gRW4gZXNvIGNvbnNpc3RlIHN1IGRlYmVyLg==
6ycJ,,W0luc3BlY3Rvcl0KQ2hlY2tpbmcgeW91ciBxdWFsaWZpY2F0aW9uIGlzIGEgbWF0dGVyIHRoYXQgY29uY2VybnMgbWUu,,,,,W0luc3BldG9yXQpWZXJpZmljYXIgc3VhIHF1YWxpZmljYcOnw6NvIMOpIHVtYSByZXNwb25zYWJpbGlkYWRlIHF1ZSBjYWJlIGEgbWltLg==,,W0luc3BlY3Rvcl0KQ29tcHJvYmFyIHR1IGNhcGFjaWRhZCBxdWVkYSBlbiBtaXMgbWFub3Mu
7CcJ,,W0luc3BlY3Rvcl0KSG1tLi4u,,,,,W0luc3BldG9yXQpIbW0uLi4=,,W0luc3BlY3Rvcl0KTW1t4oCm
7ScJ,,W0luc3BlY3Rvcl0KWW91IGFyZSBhbiBleHBlcmllbmNlZCB0cmF2ZWxlci4gWW91IGhhdmUgZW5vdWdoIHN0cmVuZ3RoLCBidXQuLi4gVGhlIENvdXJ0IGRvZXNuJ3QgY2hvb3NlIGEgcGVyc29uIGJhc2VkIG9ubHkgb24gaGlzIG9yIGhlciBncmVhdCBzdHJlbmd0aCBhbmQgYmF0dGxlIGV4cGVyaWVuY2Uu,,,,,W0luc3BldG9yXQpWb2PDqiDDqSB1bSB2aWFqYW50ZSBleHBlcmllbnRlLiBWb2PDqiB0ZW0gZm9yw6dhIHN1ZmljaWVudGUsIG1hcy4uLiBBIENvcnRlIG7Do28gZXNjb2xoZSB1bWEgYWxndcOpbSBhcGVuYXMgY29tIGJhc2UgZW0gZm9yw6dhIG91IGV4cGVyacOqbmNpYSBkZSBjb21iYXRlLg==,,W0luc3BlY3Rvcl0KVmVvIHF1ZSB0aWVuZXMgbXVjaGEgZXhwZXJpZW5jaWEsIHZpYWplcm8uIEVyZXMgZnVlcnRlLCBwZXJv4oCmIExhIGNvcnRlIG5vIGVsZWdpcsOhIGEgdW5hIHBlcnNvbmEgYmFzw6FuZG9zZSDDum5pY2FtZW50ZSBlbiBzdSBmdWVyemEgeSBleHBlcmllbmNpYSBlbiBsYSBiYXRhbGxhLg==
7icJ,,W0luc3BlY3Rvcl0KVG8gY2hlY2sgc29tZW9uZSdzIHF1YWxpdHkKeW91IGhhdmUgdG8gaGF2ZSBlbm91Z2gKcGVyc29uYWxpdHkgYWJvdXQgeW91Lg==,,,,,W0luc3BldG9yXQpQYXJhIGF2YWxpYXIgYSB2ZXJkYWRlaXJhIHF1YWxpZGFkZSBkZSB1bWEgcGVzc29hLCDDqSBwcmVjaXNvIHF1ZSBlbGEgdGVuaGEgcGVyc29uYWxpZGFkZSBzdWZpY2llbnRlLg==,,W0luc3BlY3Rvcl0KUGFyYSBjb21wcm9iYXIgbGFzIGNhcGFjaWRhZGVzCmRlIHVuYSBwZXJzb25hCnRpZW5lcyBxdWUgdGVuZXIgcGVyc29uYWxpZGFkLg==
7ycJ,,W0luc3BlY3Rvcl0KSW4gdGhhdCBzZW5zZSwgSSB3YW50IHRvIGRvIGEgc2ltcGxlIGV4cGVyaW1lbnQuCkxldCdzIHRlc3QgeW91Lg==,,,,,W0luc3BldG9yXQpOZXNzZSBzZW50aWRvLCBxdWVybyBmYXplciB1bSBleHBlcmltZW50byBzaW1wbGVzLgpWYW1vcyB0ZXN0w6EtbG8u,,W0luc3BlY3Rvcl0KRW4gZXNlIHNlbnRpZG8sIHF1aWVybyBoYWNlciB1biBwZXF1ZcOxbyBleHBlcmltZW50by4KVmFtb3MgYSBwb25lcnRlIGEgcHJ1ZWJhLg==
8CcJ,,W0luc3BlY3Rvcl0KVGhpcyB3b24ndCBiZSBjb21wbGljYXRlZC4gWW91IGFyZSBqdXN0IG5lZWRlZCB0byBnaXZlIGEgcXVpY2sgYW5zd2VyLCBmcmFua2x5IHBsZWFzZSwgYWZ0ZXIgZWFjaCBnaXZlbiBzaXR1YXRpb24u,,,,,W0luc3BldG9yXQpOw6NvIHNlcsOhIGNvbXBsaWNhZG8uIFZvY8OqIHPDsyBwcmVjaXNhIHJlc3BvbmRlciByYXBpZGFtZW50ZSDigJQgZSBjb20gc2luY2VyaWRhZGUg4oCUIGFww7NzIGNhZGEgc2l0dWHDp8OjbyBhcHJlc2VudGFkYS4=,,W0luc3BlY3Rvcl0KTm8gc2Vyw6EgY29tcGxpY2Fkby4gU29sbyBkZWJlcyBkYXIgdW5hIHJlc3B1ZXN0YSByw6FwaWRhIHkgaG9uZXN0YSBkZXNwdcOpcyBkZSBjYWRhIHByZWd1bnRhLg==
8ScJ,,W0luc3BlY3Rvcl0KT2theSwgbGV0J3Mgc3RhcnQuIEdldCByZWFkeS4gTGlzdGVuIGNhcmVmdWxseSBhbmQgYW5zd2VyLg==,,,,,W0luc3BldG9yXQpNdWl0byBiZW0sIHZhbW9zIGNvbWXDp2FyLiBQcmVwYXJlLXNlLiBPdcOnYSBjb20gYXRlbsOnw6NvIGUgcmVzcG9uZGEu,,W0luc3BlY3Rvcl0KQnVlbm8sIGNvbWVuY2Vtb3MuIFByZXDDoXJhdGUuIEVzY3VjaGEgY29uIGF0ZW5jacOzbiB5IHJlc3BvbmRlLg==
8icJ,,W0luc3BlY3Rvcl0KV2hhdCBkbyB5b3UgdGhpbmsgaXMgdGhlCm1vc3QgaW1wb3J0YW50IHRoaW5nIHRvIGNvbnNpZGVyCmFzIGEgbGVhZGVyIG9mIGEgaHVudCBwYXJ0eT8=,,,,,W0luc3BldG9yXQpPIHF1ZSB2b2PDqiBhY2hhIHF1ZSDDqSBvIG1haXMgaW1wb3J0YW50ZSBhIHNlIGNvbnNpZGVyYXIgY29tbyBsw61kZXIgZGUgdW0gZ3J1cG8gZGUgY2HDp2E/,,W0luc3BlY3Rvcl0KU2Vnw7puIHR1IG9waW5pw7NuLArCv3F1w6kgY29uc2lkZXJhcsOtYXMgbcOhcyBpbXBvcnRhbnRlCmNvbW8gbMOtZGVyIGRlIHVuIGdydXBvIGRlIGNhY2Vyw61hPw==
8ycJ,,U3RyZW5ndGggYW5kIGNoYXJhY3RlcmlzdGljcyBvZiB0aGUgbW9uc3Rlci4=,,,,,Rm9yw6dhIGUgY2FyYWN0ZXLDrXN0aWNhcyBkbyBtb25zdHJvLg==,,TGEgZnVlcnphIHkgbGFzIGNhcmFjdGVyw61zdGljYXMgZGVsIG1vbnN0cnVvLg==
9CcJ,,RWZmaWNpZW5jeSBvZiB0aGUgaHVudC4=,,,,,RWZpY2nDqm5jaWEgZGEgY2HDp2FkYS4=,,TGEgZWZpY2FjaWEgZGUgbGEgY2FjZXLDrWEu
9ScJ,,V2hhdCB3ZSBjYW4gZ2V0IGZyb20gdGhlIGh1bnQu,,,,,TyBxdWUgcG9kZW1vcyBvYnRlciBkYSBjYcOnYWRhLg==,,TG8gcXVlIHBvZGVtb3Mgb2J0ZW5lciBkZSBsYSBjYWNlcsOtYS4=
9icJ,,W0luc3BlY3Rvcl0KV2hhdCBpZiB3ZSBsb3NlIGEgcGFydHkKbWVtYmVyIGR1cmluZyBiYXR0bGU/,,,,,W0luc3BldG9yXQpFIHNlIHBlcmRlcm1vcyB1bSBtZW1icm8gZG8gZ3J1cG8gZHVyYW50ZSBhIGJhdGFsaGE/,,W0luc3BlY3Rvcl0Kwr9RdcOpIHNlIGRlYmUgaGFjZXIgc2kgcGVyZGVtb3MgYSB1biBtaWVtYnJvIGRlbCBncnVwbwpkdXJhbnRlIGxhIGJhdGFsbGE/
9ycJ,,S2VlcCBmaWdodGluZyB1bnRpbCB3ZSBjYW4gZG8gaXQu,,,,,Q29udGludWFyIGx1dGFuZG8gYXTDqSBjb25zZWd1aXIu,,U2VndWlyIGx1Y2hhbmRvIGhhc3RhIG9idGVuZXIgbGEgdmljdG9yaWEu
+CcJ,,RmluZCBhIG5ldyBwbGFjZSBhbmQgdHJ5IGRpZmZlcmVudGx5Lg==,,,,,UHJvY3VyYXIgdW0gbm92byBsb2NhbCBlIHRlbnRhciBkZSBvdXRyYSBmb3JtYS4=,,QnVzY2FyIHVuIGx1Z2FyIG51ZXZvIHBhcmEgaW50ZW50YXJsbyBkZSBvdHJhIG1hbmVyYS4=
+ScJ,,U3RvcCBodW50aW5nIGFuZCByZXBsZW5pc2gu,,,,,UGFyYXIgYSBjYcOnYWRhIGUgcmVhYmFzdGVjZXIu,,QWJhbmRvbmFyIGxhIGNhY2Vyw61hIHBhcmEgcmVjdXBlcmFyIGxhcyBmdWVyemFzLg==
+icJ,,W0luc3BlY3Rvcl0KV2hhdCB5b3UgZ2V0IGFzIGEgcmVzdWx0IG9mIHRoZSBodW50Li4u,,,,,W0luc3BldG9yXQpPIHF1ZSBmYXplciBjb20gbyBxdWUgc2UgY29ucXVpc3RhIGFww7NzIGEgY2HDp2FkYS4uLg==,,W0luc3BlY3Rvcl0KTG8gcXVlIG9idGllbmVzIGNvbW8gcmVzdWx0YWRvIGRlIGxhIGNhY2Vyw61h4oCm
+ycJ,,U2hhcmUgaXQgYXMgYWdyZWVkIHByaW9yLg==,,,,,RGl2aWRpciBjb25mb3JtZSBvIGNvbWJpbmFkbyBhbnRlcmlvcm1lbnRlLg==,,TG8gY29tcGFydG8gc2Vnw7puIGxvIGFjb3JkYWRvIHByZXZpYW1lbnRlLg==
/CcJ,,SSBkb24ndCBjYXJlIGZvciBzaGFyaW5nLg==,,,,,TsOjbyBnb3N0byBkZSBkaXZpZGlyLg==,,Tm8gbWUgaW50ZXJlc2EgY29tcGFydGlyLg==
/ScJ,,R2l2ZSBpdCB0byB0aGUgbWVtYmVyIHRoYXQgbmVlZHMgaXQgbW9zdC4=,,,,,RGFyIHBhcmEgbyBtZW1icm8gcXVlIG1haXMgcHJlY2lzYS4=,,U2UgbG8gZG95IGFsIG1pZW1icm8gbcOhcyBuZWNlc2l0YWRvLg==
/icJ,,W0luc3BlY3Rvcl0KV2hhdCB0eXBlIG9mIGpvYiBjbGFzcyBtZW1iZXIKaGFzIHRvIGJlIGN1cmVkIHdoaWxlIHRoZSBlbmVteSBzdGlsbCBsaXZlcz8=,,,,,W0luc3BldG9yXQpRdWUgdGlwbyBkZSBjbGFzc2UgZGV2ZSBzZXIgY3VyYWRhIGVucXVhbnRvIG8gaW5pbWlnbyBhaW5kYSBlc3TDoSB2aXZvPw==,,W0luc3BlY3Rvcl0Kwr9BbCBtaWVtYnJvIGRlIHF1w6kgY2xhc2UgY3VyYXMKbWllbnRyYXMgZWwgZW5lbWlnbyBzaWd1ZSBlbiBwaWU/
/ycJ,,UHJpZXN0LCBoZWFsZXIgY2xhc3Mu,,,,,U2FjZXJkb3RlLCBjbGFzc2UgZGUgY3VyYS4=,,Q2xhc2UgU2FjZXJkb3RlLCBzYW5hZG9yLg==
ACgJ,,SHVudGVyLCBkYW1hZ2UgZGVhbGVyLg==,,,,,Q2HDp2Fkb3IsIGNhdXNhZG9yIGRlIGRhbm8u,,Q2xhc2UgQ2F6YWRvciwgcmVwYXJ0aWRvciBkZSBkYcOxby4=
ASgJ,,TG9yZCBLbmlnaHQsIHRhbmtlci4=,,,,,TG9yZGUsIHRhbnF1ZS4=,,Q2xhc2UgTG9yZCBDYWJhbGxlcm8sIHRhbnF1ZS4=
AigJ,,W0luc3BlY3Rvcl0KV2hvbSBkbyB5b3Ugd2FudCB0byBiZWZyaWVuZCB0aGUgbW9zdD8=,,,,,W0luc3BldG9yXQpDb20gcXVlbSB2b2PDqiBtYWlzIGdvc3RhcmlhIGRlIGZhemVyIGFtaXphZGU/,,W0luc3BlY3Rvcl0Kwr9Db24gcXVpw6luIHByZWZlcmlyw61hcyBlbnRhYmxhciB1bmEgYW1pc3RhZD8=
AygJ,,QSBzdHJvbmcgcGVyc29uLg==,,,,,VW1hIHBlc3NvYSBmb3J0ZS4=,,VW5hIHBlcnNvbmEgZnVlcnRlLg==
BCgJ,,QW4gZXhwZXJpZW5jZWQgcGVyc29uLg==,,,,,VW1hIHBlc3NvYSBleHBlcmllbnRlLg==,,VW5hIHBlcnNvbmEgY29uIGV4cGVyaWVuY2lhLg==
BSgJ,,QSBraW5kIHBlcnNvbi4=,,,,,VW1hIHBlc3NvYSBnZW50aWwu,,VW5hIHBlcnNvbmEgYW1hYmxlLg==
BigJ,,W0luc3BlY3Rvcl0KV2hhdCB3YXMgeW91ciBhYmlsaXR5IHRoYXQgaGVscGVkCnlvdSB0aGUgbW9zdCBkdXJpbmcgeW91ciB0cmFpbmluZz8=,,,,,W0luc3BldG9yXQpRdWFsIGZvaSBhIGhhYmlsaWRhZGUgcXVlIG1haXMgdGUgYWp1ZG91IGR1cmFudGUgc2V1IHRyZWluYW1lbnRvPw==,,W0luc3BlY3Rvcl0Kwr9RdcOpIGhhYmlsaWRhZCB0ZSBheXVkw7MgbcOhcwpkdXJhbnRlIHR1IGVudHJlbmFtaWVudG8/
BygJ,,UmVsYXRpb25zaGlwcyB3aXRoIHBlb3BsZS4=,,,,,UmVsYcOnw7VlcyBjb20gb3V0cmFzIHBlc3NvYXMu,,TGEgcmVsYWNpw7NuIGNvbiBsYXMgcGVyc29uYXMu
CCgJ,,UGxlbnR5IG9mIGluZm9ybWF0aW9uIGdhdGhlcmluZy4=,,,,,TXVpdGEgY29sZXRhIGRlIGluZm9ybWHDp8O1ZXMu,,TGEgcmVjb3BpbGFjacOzbiBkZSBtdWNoYSBkZSBpbmZvcm1hY2nDs24u
CSgJ,,RGlzY2Vybm1lbnQgYW5kIGRyaXZpbmcgZm9yY2Uu,,,,,RGlzY2VybmltZW50byBlIGZvcsOnYSBkZSB2b250YWRlLg==,,RWwgY3JpdGVyaW8geSBsYSBmdWVyemEgcXVlIHRlIGltcHVsc2Eu
CigJ,,W0luc3BlY3Rvcl0KSG93IGRvIHlvdSBnaXZlIGVuY291cmFnZW1lbnQgdG8gb3RoZXJzLCB1c3VhbGx5Pw==,,,,,W0luc3BldG9yXQpDb21vIHZvY8OqIGNvc3R1bWEgZW5jb3JhamFyIG9zIG91dHJvcz8=,,W0luc3BlY3Rvcl0Kwr9Dw7NtbyBzdWVsZXMgYWxlbnRhciBhIGxvcyBkZW3DoXM/
CygJ,,UmVmZXIgdG8gYSBwYXN0IGZhaWx1cmUu,,,,,UmVsZW1icmFuZG8gdW0gZnJhY2Fzc28gZG8gcGFzc2Fkby4=,,SGFibG8gc29icmUgdW4gZnJhY2FzbyBkZWwgcGFzYWRvLg==
DCgJ,,SGVzaXRhdGluZyBpcyB0aGUgd29yc3QgdGhpbmcu,,,,,SGVzaXRhciDDqSBhIHBpb3IgY29pc2Eu,,VmFjaWxhciBlcyBsbyBwZW9yLg==
DSgJ,,WW91IGFyZSBub3QgYWxvbmUu,,,,,Vm9jw6ogbsOjbyBlc3TDoSBzb3ppbmhvLg==,,TGVzIGRpZ28gcXVlIGVzdGFyw6kgYSBzdSBsYWRvLg==
DigJ,,W0luc3BlY3Rvcl0KV2hhdCBpcyBhbiB1bHRpbWF0ZSB2aXJ0dWUKaW4geW91ciBsaWZlPw==,,,,,W0luc3BldG9yXQpRdWFsIMOpIHVtYSB2aXJ0dWRlIHN1cHJlbWEKbmEgc3VhIHZpZGE/,,W0luc3BlY3Rvcl0Kwr9DdcOhbCBlcyB0dSB2aXJ0dWQgbcOhcyBpbXBvcnRhbnRlCmVuIGxhIHZpZGE/
DygJ,,R3Jvd3RoIG9mIG9uZXNlbGYu,,,,,Q3Jlc2NpbWVudG8gcGVzc29hbC4=,,RWwgY3JlY2ltaWVudG8gcHJvcGlvLg==
ECgJ,,V29ybGQgcGVhY2Uu,,,,,UGF6IG11bmRpYWwu,,TGEgcGF6IG11bmRpYWwu
ESgJ,,VGhlIHB1cnN1aXQgb2YgdHJ1dGgu,,,,,QSBidXNjYSBkYSB2ZXJkYWRlLg==,,TGEgYsO6c3F1ZWRhIGRlIGxhIHZlcmRhZC4=
EigJ,,W0luc3BlY3Rvcl0KV2hhdCB3b3VsZCB5b3Ugd2FudCB0byBrZWVwCnRoZSBtb3N0IGlmIHlvdSB3ZXJlIG9uIGEKZGVzZXJ0ZWQgaXNsYW5kPw==,,,,,W0luc3BldG9yXQpPIHF1ZSB2b2PDqiBtYWlzIGdvc3RhcmlhIGRlIG1hbnRlciBzZSBlc3RpdmVzc2UgZW0gdW1hCmlsaGEgZGVzZXJ0YT8=,,W0luc3BlY3Rvcl0Kwr9RdcOpIGVzIGxvIHF1ZSBtw6FzIHRlIGd1c3RhcsOtYSBjb25zZXJ2YXIKc2kgZXN0dXZpZXJhcwplbiB1bmEgaXNsYSBkZXNpZXJ0YT8=
EygJ,,TWFw,,,,,TWFwYQ==,,VW4gbWFwYS4=
FCgJ,,RmxpbnQ=,,,,,UGVkZXJuZWlyYQ==,,VW4gcGVkZXJuYWwu
FSgJ,,V2VhcG9u,,,,,QXJtYQ==,,VW4gYXJtYS4=
FigJ,,W0luc3BlY3Rvcl0KV2hhdCB0eXBlIG9mIHN0b3J5IGRvIHlvdSBsaWtlIHRoZSBtb3N0Pw==,,,,,W0luc3BldG9yXQpEZSBxdWUgdGlwbyBkZSBoaXN0w7NyaWEgdm9jw6ogbWFpcyBnb3N0YT8=,,W0luc3BlY3Rvcl0Kwr9RdcOpIHRpcG8gZGUgaGlzdG9yaWEgdGUgZ3VzdGEgbcOhcz8=
FygJ,,TG92ZSBzdG9yeS4=,,,,,SGlzdMOzcmlhIGRlIGFtb3Iu,,VW5hIGhpc3RvcmlhIGRlIGFtb3Iu
GCgJ,,SGVyb2ljIGVwaWMu,,,,,w4lwaWNvIGhlcsOzaWNvLg==,,VW5hIGVwb3BleWEu
GSgJ,,UmVsaWdpb3VzIHRhbGUu,,,,,Q29udG8gcmVsaWdpb3NvLg==,,VW4gY3VlbnRvIHJlbGlnaW9zby4=
GigJ,,W0luc3BlY3Rvcl0KWW91J3ZlIGNvbWUgdG8gZW5nYWdlIHRoZQpuZXcgbW9uc3RlciBpbiBhIG5ldyBhcmVhLgpXaGF0IGRvIHlvdSBkbz8=,,,,,W0luc3BldG9yXQpWb2PDqiBlbmNvbnRyb3UgdW0gbW9uc3RybyBub3ZvIGVtIHVtYSDDoXJlYSBkZXNjb25oZWNpZGEuIE8gcXVlIGZhej8=,,W0luc3BlY3Rvcl0KVmluaXN0ZSBhIGVuZnJlbnRhcnRlCmEgdW4gbnVldm8gbW9uc3RydW8gZW4gdW5hIHpvbmEgbnVldmEuCsK/UXXDqSBoYXLDoXM/
GygJ,,QXR0YWNrIGZpcnN0Lg==,,,,,QXRhY2FyIHByaW1laXJvLg==,,QXRhY2FyIHByaW1lcm8u
HCgJ,,T2JzZXJ2ZSBmcm9tIGEgZGlzdGFuY2Uu,,,,,T2JzZXJ2YXIgw6AgZGlzdMOibmNpYS4=,,T2JzZXJ2YXIgZGVzZGUgbGVqb3Mu
HSgJ,,UnVuIGF3YXku,,,,,RnVnaXIu,,SHVpci4=
HigJ,,W0luc3BlY3Rvcl0KV2hhdCBoYXMgdG8gYmUgZG9uZSBmaXJzdCB3aGVuCnJ1bGluZyB0aGUgUnVuZSBNaWRnYXJ0cyBraW5nZG9tPw==,,,,,W0luc3BldG9yXQpPIHF1ZSBkZXZlIHNlciBmZWl0byBwcmltZWlybyBhbyBnb3Zlcm5hciBvIHJlaW5vIGRlIFJ1bmUtTWlkZ2FyZD8=,,W0luc3BlY3Rvcl0Kwr9DdcOhbCB0ZW5kcsOtYSBxdWUgc2VyIGxhIHByaW1lcmEgYWNjacOzbgpkZWwgZ29iZXJuYWRvciBkZWwgcmVpbm8gZGUgUnVuZS1NaWRnYXJ0cz8=
HygJ,,RG9taW5hdGUgY291bnRyaWVzIGJ5IHJlaW5mb3JjaW5nIG1pbGl0aWEu,,,,,RG9taW5hciBvdXRyb3MgcGHDrXNlcyByZWZvcsOnYW5kbyBhIG1pbMOtY2lhLg==,,RG9taW5hciBsb3MgcGHDrXNlcyByZWZvcnphbmRvIGxhIG1pbGljaWEu
ICgJ,,QWR2YW5jZW1lbnQgb2YgZWNvbm9teSBhbmQgdGVjaG5vbG9neS4=,,,,,QXZhbsOnYXIgYSBlY29ub21pYSBlIGEgdGVjbm9sb2dpYS4=,,TWVqb3JhciBsYSBlY29ub23DrWEgeSBsYSB0ZWNub2xvZ8OtYS4=
ISgJ,,S2VlcCBwdWJsaWMgc2VjdXJpdHkgZmlybS4=,,,,,TWFudGVyIGEgc2VndXJhbsOnYSBww7pibGljYSBmaXJtZS4=,,TWFudGVuZXIgZmlybWUgbGEgc2VndXJpZGFkIHDDumJsaWNhLg==
IigJ,,W0luc3BlY3Rvcl0KWW91ciBodW1hbml0eSB0ZXN0IGlzIGRvbmUuCllvdSBoYXZlIGJlZW4gbGl2aW5nLi4u,,,,,W0luc3BldG9yXQpTZXUgdGVzdGUgZGUgaHVtYW5pZGFkZSBlc3TDoSBjb25jbHXDrWRvLgpWb2PDqiB0ZW0gdml2aWRvLi4u,,W0luc3BlY3Rvcl0KVGVybWluYXN0ZSBsYSBwcnVlYmEgZGUgaHVtYW5pZGFkLgpWaXZlcyB1bmEgdmlkYeKApg==
IygJ,,W0luc3BlY3Rvcl0Kd2l0aCBzdHJvbmcgY29udmljdGlvbiwKYW5kIHJlYXNvbmFibGUganVkZ2VtZW50LApzbyBmYXIu,,,,,W0luc3BldG9yXQouLi5jb20gZm9ydGUgY29udmljw6fDo28gZSBqdWxnYW1lbnRvIHJhem/DoXZlbCBhdMOpIGFnb3JhLg==,,W0luc3BlY3Rvcl0KY29uIHVuYSBmdWVydGUgY29udmljY2nDs24KeSB1biBjcml0ZXJpbyByYXpvbmFibGUKaGFzdGEgYWhvcmEu
JCgJ,,W0luc3BlY3Rvcl0Kd2l0aCBzdHJvbmcgYnJhdmVyeSwKYnV0IGFsc28geW91J3ZlIGhhZCBhCnRlbXBlcmF0ZSBsaWZlLg==,,,,,W0luc3BldG9yXQouLi5jb20gZ3JhbmRlIGNvcmFnZW0sIG1hcyB0YW1iw6ltIHRlbSBsZXZhZG8gdW1hIHZpZGEgZXF1aWxpYnJhZGEu,,W0luc3BlY3Rvcl0KY29uIGdyYW4gdmFsZW50w61hLApwZXJvIHRhbWJpw6luIGVzIHVuYSB2aWRhCm11eSB0cmFucXVpbGEu
JSgJ,,W0luc3BlY3Rvcl0Kd2l0aCBhIGRlY2lzaXZlIG1pbmQuCllvdSBjb3VsZCBvdmVyY29tZSBoYXJkc2hpcHMgd2l0aCBpdC4=,,,,,W0luc3BldG9yXQouLi5jb20gdW1hIG1lbnRlIGRlY2lkaWRhLiBFIGZvaSBjb20gZWxhIHF1ZSBjb25zZWd1aXUgc3VwZXJhciBhcyBkaWZpY3VsZGFkZXMu,,W0luc3BlY3Rvcl0KY29uIHVuYSBtZW50ZSBkZWNpZGlkYS4KQ29uIGVsbGEsIHBvZHLDrWFzIHN1cGVyYXIgbGFzIGRpZmljdWx0YWRlcy4=
JigJ,,W0luc3BlY3Rvcl0Kd2l0aCBmaXJtbmVzcywKYW5kIHJlYXNvbmFibGUganVkZ2VtZW50LApzbyBmYXIu,,,,,W0luc3BldG9yXQouLi5jb20gZmlybWV6YSBlIGp1bGdhbWVudG8gcmF6b8OhdmVsIGF0w6kgYWdvcmEu,,W0luc3BlY3Rvcl0KY29uIGZpcm1lemEsCnkgdW4gY3JpdGVyaW8gcmF6b25hYmxlCmhhc3RhIGFob3JhLg==
JygJ,,W0luc3BlY3Rvcl0Kd2l0aCByZWFzb25hYmxlIGp1ZGdlbWVudAphbmQgYSBoYXJtb25pYyBzZW5zaWJpbGl0eSwKc28gZmFyLg==,,,,,W0luc3BldG9yXQouLi5jb20gZGlzY2VybmltZW50byBlIHVtYSBzZW5zaWJpbGlkYWRlIGhhcm1vbmlvc2EgYXTDqSBhZ29yYS4=,,W0luc3BlY3Rvcl0KY29uIGNyaXRlcmlvIHJhem9uYWJsZQp5IHVuYSBzZW5zaWJpbGlkYWQgYXJtw7NuaWNhLApoYXN0YSBhaG9yYS4=
KCgJ,,W0luc3BlY3Rvcl0Kd2l0aCBhIGNhbG0gYW5kIHBydWRlbnQgZGVjaXNpdmVuZXNzLiBJIHRoaW5rIHlvdSBjb3VsZCBhbHNvIGhhdmUgaGFkIG1hbnkgZ29vZCBleHBlcmllbmNlcy4=,,,,,W0luc3BldG9yXQouLi5jb20gdW1hIGRlY2lzw6NvIGNhbG1hIGUgcHJ1ZGVudGUuIEFjcmVkaXRvIHF1ZSB2b2PDqiB0YW1iw6ltIHRlbmhhIHZpdmlkbyBtdWl0YXMgYm9hcyBleHBlcmnDqm5jaWFzLg==,,W0luc3BlY3Rvcl0KY29uIHVuYSBmaXJtZXphIHRyYW5xdWlsYSB5IHBydWRlbnRlLiBDcmVvIHF1ZSB0YW1iacOpbiBwb2Ryw61hcyBoYWJlciB0ZW5pZG8gbXVjaGFzIGJ1ZW5hcyBleHBlcmllbmNpYXMu
KSgJ,,W0luc3BlY3Rvcl0Kd2l0aCByZWFzb25hYmxlIGp1ZGdlbWVudAphbmQgcGVhY2VmdWwgc2Vuc2liaWxpdHksCnNvIGZhci4=,,,,,W0luc3BldG9yXQouLi5jb20ganVsZ2FtZW50byBzZW5zYXRvIGUgdW1hIHNlbnNpYmlsaWRhZGUgcGFjw61maWNhLCBhdMOpIGFnb3JhLg==,,W0luc3BlY3Rvcl0KY29uIGNyaXRlcmlvIHJhem9uYWJsZQp5IHVuYSBzZW5zaWJpbGlkYWQgcGFjw61maWNhLApoYXN0YSBhaG9yYS4=
KigJ,,W0luc3BlY3Rvcl0KLi4uRXJtLCBhY3R1YWxseS4uLgpZb3UgZGlkbid0IGxlYW4gdG93YXJkcyBlaXRoZXIgd2F5Li4uIFN0YWJpbGl0eSBhbmQgaGFybW9ueSB3ZXJlIGFuIGltcG9ydGFudCB2aXJ0dWUgaW4geW91ciBsaWZlLg==,,,,,W0luc3BldG9yXQouLi5BaG4sIG5hIHZlcmRhZGUuLi4KVm9jw6ogbsOjbyBzZSBpbmNsaW5vdSBwYXJhIG5lbmh1bSBkb3MgbGFkb3MuLi4gQSBlc3RhYmlsaWRhZGUgZSBhIGhhcm1vbmlhIHNlbXByZSBmb3JhbSB2aXJ0dWRlcyBpbXBvcnRhbnRlcyBuYSBzdWEgdmlkYS4=,,W0luc3BlY3Rvcl0K4oCmQXksIGVuIHJlYWxpZGFk4oCmCkxhIGJhbGFuemEgbm8gc2UgaW5jbGluw7MgaGFjaWEgbmluZ8O6biBsYWRv4oCmIExhIGVzdGFiaWxpZGFkIHkgbGEgYXJtb27DrWEgZXJhbiB1bmEgdmlydHVkIGltcG9ydGFudGUgZW4gdHUgdmlkYS4=
KygJ,,W0luc3BlY3Rvcl0KSSB0aGluayB5b3UgYXJlCnF1YWxpZmllZCBlbm91Z2ggdG8gZXZhbHVhdGUgb3RoZXJzLiBJIGFwb2xvZ2l6ZSBmb3IgbXkgcnVkZSBiZWhhdmlvciB0byB5b3UgaW4gdGhlIGJlZ2lubmluZy4=,,,,,W0luc3BldG9yXQpBY2hvIHF1ZSB2b2PDqiDDqQpxdWFsaWZpY2FkbyBvIHN1ZmljaWVudGUgcGFyYSBhdmFsaWFyIG9zIG91dHJvcy4gUGXDp28gZGVzY3VscGFzIHBlbG8gbWV1IGNvbXBvcnRhbWVudG8gcnVkZSBubyBpbsOtY2lvLg==,,W0luc3BlY3Rvcl0KQ3JlbyBxdWUgdGllbmVzCmxhIGNhcGFjaWRhZCBzdWZpY2llbnRlIHBhcmEgZXZhbHVhciBhIGxvcyBkZW3DoXMuIE1lIGRpc2N1bHBvIHBvciBsYSBjb25kdWN0YSBncm9zZXJhIHF1ZSB0dXZlIGFsIHByaW5jaXBpby4=
LCgJ,,W0luc3BlY3Rvcl0KU28sIEkgYXNrIHlvdSB0byBkbyB1cyBhIGZhdm9yLiBZb3UgaGF2ZSBiZWNvbWUgYSByZWd1bGFyIGFkdmVudHVyZXIgYXBwcmFpc2VyLg==,,,,,W0luc3BldG9yXQpFbnTDo28sIHBlw6dvIHF1ZSBub3MgZmHDp2EgdW0gZmF2b3IuIFZvY8OqIHNlIHRvcm5vdSBvZmljaWFsbWVudGUgdW0gYXZhbGlhZG9yIGRlIHZpYWphbnRlcy4=,,W0luc3BlY3Rvcl0KRW50b25jZXMsIGFob3JhIHF1ZSBzYWJlcyBsbyBiw6FzaWNvIHNvYnJlIGV2YWx1YWNpb25lcywgcXVpZXJvIHBlZGlydGUgdW4gZmF2b3Iu
LSgJ,,W0luc3BlY3Rvcl0KQWgsIHlvdSd2ZSBzcGVudCBhIGxvbmcgdGltZSB3aXRoIG1lLiBZb3UgbXVzdCBiZSB2ZXJ5IHRpcmVkLiBCZWZvcmUgc3RhcnRpbmcgd29yaywgaWYgeW91IG5lZWQgc29tZSBwcmVwYXJhdGlvbiwgdGFrZSBvZmYgbm93IGFuZCBjb21lIGJhY2sgdG8gbWUgbGF0ZXIuIEkgd2lsbCBiZSB3YWl0aW5nIGhlcmUgZm9yIHlvdS4=,,,,,W0luc3BldG9yXQpBaCwgdm9jw6ogcGFzc291IG11aXRvIHRlbXBvIGNvbWlnby4gRGV2ZSBlc3RhciBtdWl0byBjYW5zYWRvLiBBbnRlcyBkZSBjb21lw6dhciBhIHRyYWJhbGhhciwgc2UgcHJlY2lzYXIgc2UgcHJlcGFyYXIsIHbDoSBhZ29yYSBlIHZvbHRlIHBhcmEgZmFsYXIgY29taWdvIGRlcG9pcy4gRXN0YXJlaSBlc3BlcmFuZG8gcG9yIHZvY8OqIGFxdWku,,W0luc3BlY3Rvcl0KQWgsIG1pcmEgbGEgaG9yYSBxdWUgZXMuIFNlZ3VybyB0ZSBhZ290YXN0ZSBtdWNoby4gQW50ZXMgZGUgZW1wZXphciBhIHRyYWJhamFyLCBzaSBuZWNlc2l0YXMgcHJlcGFyYXJ0ZSwgdmV0ZSBhaG9yYSB5IHZ1ZWx2ZSBhIHZlcm1lIG3DoXMgdGFyZGUuIFRlIGVzcGVyYXLDqSBhcXXDrS4=
LigJ,,W0luc3BlY3Rvcl0KSSBkb24ndCB0aGluayB5b3UgYXJlCmFuIGV4cGVyaWVuY2VkIGFkdmVudHVyZXIuLi4KQW5kIHRoaXMgaXMgYW4gaW1wb3J0YW50IGlzc3VlIGZvciB0aGUgbmF0aW9uLiBJIGNhbid0IGdpdmUgdGhpcyBqb2IgdG8gYW55b25lIGxpa2UgeW91Lg==,,,,,W0luc3BldG9yXQpOw6NvIGFjaG8gcXVlIHZvY8OqIHNlamEKdW0gdmlhamFudGUgZXhwZXJpZW50ZS4uLgpFIGVzc2Egw6kgdW1hIHF1ZXN0w6NvIGltcG9ydGFudGUgcGFyYSBhIG5hw6fDo28uIE7Do28gcG9zc28gZGFyIGVzc2UgdHJhYmFsaG8gYSBhbGd1w6ltIGNvbW8gdm9jw6ou,,W0luc3BlY3Rvcl0KTm8gY3JlbyBxdWUgdGVuZ2FzCmxhIGV4cGVyaWVuY2lhIG5lY2VzYXJpYeKApgpZIGVzdGUgZXMgdW4gYXN1bnRvIG11eSBpbXBvcnRhbnRlIHBhcmEgbGEgbmFjacOzbi4gTm8gcHVlZG8gZGFybGUgZXN0ZSB0cmFiYWpvIGEgYWxndWllbiBjb21vIHTDui4=
LygJ,,W0luc3BlY3Rvcl0KQnV0LCBpZiB5b3UgcHJvdmUgeW91cnNlbGYgYSBzdHJvbmcgYWR2ZW50dXJlciwgdGhlbiBJIHdpbGwgbGV0IHlvdSBwYXNzIHRoZSBmaXJzdCBxdWFsaWZpY2F0aW9uIHRlc3Qu,,,,,W0luc3BldG9yXQpNYXMsIHNlIHZvY8OqIHByb3ZhciBxdWUgw6kgdW0gdmlhamFudGUgZm9ydGUsIGV1IHRlIGRlaXhhcmVpIHF1ZSBhdmFuY2Ugbm8gcHJpbWVpcm8gdGVzdGUgZGUgcXVhbGlmaWNhw6fDo28u,,W0luc3BlY3Rvcl0KUGVybywgc2kgZGVtdWVzdHJhcyBzZXIgZnVlcnRlLCBkZWphcsOpIHF1ZSBwYXNlcyBsYSBwcmltZXJhIHBydWViYSBkZSBjYWxpZmljYWNpw7NuLg==
MCgJ,,W0luc3BlY3Rvcl0KSGF2ZSB5b3UgaGVhcmQgb2YgR2xhc3RoZWltPyBJbiB0aGF0IGFyZWEsIHRoZXJlIGFyZSBtb25zdGVycyBuYW1lZCBLbmlnaHRzIG9mIEFieXNzLg==,,,,,W0luc3BldG9yXQpWb2PDqiBqw6Egb3V2aXUgZmFsYXIgZGUgR2xhc3RoZWltPyBOYXF1ZWxhIHJlZ2nDo28sIGV4aXN0ZW0gbW9uc3Ryb3MgY2hhbWFkb3MgQ2F2YWxlaXJvcyBkbyBBYmlzbW8u,,W0luc3BlY3Rvcl0Kwr9IYWLDrWFzIGVzY3VjaGFkbyBzb2JyZSBHbGFzdCBIZWltPyBFbiBlc2Egem9uYSwgaGF5IG1vbnN0cnVvcyBsbGFtYWRvcyBjYWJhbGxlcm9zIGFiaXNtYWxlcy4=
MSgJ,,W0luc3BlY3Rvcl0KQWZ0ZXIgYmVhdGluZyB0aGUga25pZ2h0cyBvZiBhYnlzcwpkb3duLCBicmluZzogMiBeRkYwMDAwUmVpbnNeMDAwMDAwLgpJZiB5b3UgY2FuIGRvIHRoaXMgbWlzc2lvbiwKSSB3aWxsIHJlc3BlY3QgeW91ciBzdHJlbmd0aC4=,,,,,W0luc3BldG9yXQpEZXBvaXMgZGUgZGVycm90YXIgb3MgQ2F2YWxlaXJvcyBkbyBBYmlzbW8gdHJhZ2E6IDIgXkZGMDAwMFLDqWRlYXNeMDAwMDAwLgpTZSBjb25zZWd1aXIgY3VtcHJpciBlc3NhIG1pc3PDo28sIHJlc3BlaXRhcmVpIHN1YSBmb3LDp2Eu,,W0luc3BlY3Rvcl0KRGVzcHXDqXMgZGUgZGVycm90YXIgYSBsb3MgY2FiYWxsZXJvcyBhYmlzbWFsZXMsCnRyYWUgbG8gc2lndWllbnRlOiAyXkZGMDAwMFJpZW5kYXNeMDAwMDAwLgpTaSBwdWVkZXMgY29tcGxldGFyIGVzdGEgbWlzacOzbiwKcmVzcGV0YXLDqSB0dSBmdWVyemEu
MigJ,,W0luc3BlY3Rvcl0KTGV0J3MgY29udGludWUgb3VyIHRhbGsKYWZ0ZXIgZ2V0dGluZyB0aGUgMiBSZWlucy4KQ2lhby4uLg==,,,,,W0luc3BldG9yXQpWYW1vcyBjb250aW51YXIgbm9zc2EgY29udmVyc2EKZGVwb2lzIHF1ZSB2b2PDqiBjb25zZWd1aXIgYXMgMiByw6lkZWFzLgpDaWFvLi4u,,W0luc3BlY3Rvcl0KQ29udGludWVtb3MgY29uIG51ZXN0cmEgY29udmVyc2FjacOzbgpkZXNwdcOpcyBkZSBxdWUgY29uc2lnYXMgbGFzIDJyaWVuZGFzLgpDaWFv4oCm
MygJ,,W0luc3BlY3Rvcl0KQWhoLCB5b3UgY2FtZSB0byBtZWV0IG1lIGJlZm9yZSBodWg/IEkgZ3Vlc3MgeW91J3ZlIGFscmVhZHkgYmVlbiB0byBHbGFzdGhlaW0u,,,,,W0luc3BldG9yXQpBaGgsIHZvY8OqIHZlaW8gbWUgdmVyIGFudGVzLCBoZWluPyBBY2hvIHF1ZSBqw6EgZXN0ZXZlIGVtIEdsYXN0aGVpbS4=,,W0luc3BlY3Rvcl0KQWgsIHlhIGhhYsOtYXMgdmVuaWRvIGEgdmVybWUsIMK/bm8/IFN1cG9uZ28gcXVlIHlhIHZpc2l0YXN0ZSBHbGFzdCBIZWltLg==
NCgJ,,W0luc3BlY3Rvcl0KRG8geW91IGhhdmUgdGhlIDIgcmVpbnMgSSBtZW50aW9uZWQ/,,,,,W0luc3BldG9yXQpWb2PDqiB0ZW0gYXMgZHVhcyByw6lkZWFzIHF1ZSBmYWxlaT8=,,W0luc3BlY3Rvcl0Kwr9UaWVuZXMgbGFzIDJSaWVuZGFzIHF1ZSBtZW5jaW9uw6k/
NSgJ,,W0luc3BlY3Rvcl0KT29oIQpGcmFua2x5LCBJIGRpZG4ndCBleHBlY3QgeW91IHRvIGJyaW5nIGl0LiBZb3UgYXJlIGdyZWF0Lg==,,,,,W0luc3BldG9yXQpPb2ghClNpbmNlcmFtZW50ZSwgZXUgbsOjbyBlc3BlcmF2YSBxdWUgdm9jw6ogY29uc2VndWlzc2UuIFZvY8OqIMOpIGluY3LDrXZlbC4=,,W0luc3BlY3Rvcl0KwqFPaGghCkZyYW5jYW1lbnRlLCBubyBlc3BlcmFiYSBxdWUgbGFzIHRyYWplcmFzLiBFcmVzIGdlbmlhbC4=
NigJ,,W0luc3BlY3Rvcl0KQWxyaWdodCwgZ29vZC4gWW91IHByb3ZlZCB5b3VyIHN0cmVuZ3RoIGZvciB5b3Vyc2VsZi4gTm93IHlvdSBwYXNzZWQgb25lIGV4YW0uIEFsbCBidXQgb25lLg==,,,,,W0luc3BldG9yXQpNdWl0byBiZW0sIMOzdGltby4gVm9jw6ogcHJvdm91IHN1YSBmb3LDp2EuIEFnb3JhLCB2b2PDqiBwYXNzb3UgZW0gdW1hIGRhcyBwcm92YXMuIEZhbHRhIGFwZW5hcyB1bWEu,,W0luc3BlY3Rvcl0KRGUgYWN1ZXJkby4gTG9ncmFzdGUgZGVtb3N0cmFyIHR1IGZ1ZXJ6YS4gQXByb2Jhc3RlIHVuIGV4YW1lbi4gVG9kb3MgbWVub3MgdW5vLg==
NygJ,,W0luc3BlY3Rvcl0KVGhlIGp1ZGdlIHRvIGFwcHJhaXNlIHByaW5jZXMgc2hvdWxkIGJ1aWxkIHVwIGhpcyBjaGFyYWN0ZXIgdG9vLiBTdHJlbmd0aCBjYW5ub3QgY292ZXIgZXZlcnl0aGluZy4gUGVyc29uYWxpdHkgc2hvdWxkIGNvbWUgYWxvbmcgd2l0aCBpdC4=,,,,,W0luc3BldG9yXQpPIGp1aXogcXVlIGF2YWxpYSBvcyBwcsOtbmNpcGVzIHRhbWLDqW0gZGV2ZSBkZXNlbnZvbHZlciBzZXUgY2Fyw6F0ZXIuIEEgZm9yw6dhIG7Do28gw6kgdHVkby4gQSBwZXJzb25hbGlkYWRlIGRldmUgYWNvbXBhbmjDoS1sYS4=,,W0luc3BlY3Rvcl0KTGEgcGVyc29uYSBlbmNhcmdhZGEgZGUgZXZhbHVhciBhIGxvcyBwcsOtbmNpcGVzIHRhbWJpw6luIGRlYmUgZm9yamFyIHN1IGNhcsOhY3Rlci4gTGEgZnVlcnphIG5vIHB1ZWRlIGFiYXJjYXJsbyB0b2RvLiBMYSBwZXJzb25hbGlkYWQgdGFtYmnDqW4gZGViZSBlc3RhciBwcmVzZW50ZS4=
OCgJ,,W0luc3BlY3Rvcl0KSW4gYSBzZW5zZSwgdGhlIG5leHQgZXhhbWluYXRpb24gaXMgdG8gdGVzdCB5b3VyIGNoYXJhY3Rlci4gSXQgaXMganVzdCBhIHNlcmllcyBvZiBzaW1wbGUgcXVlc3Rpb25zLCBidXQgcmVsYXggZmlyc3QsIGFuZCBiZSBwcmVwYXJlZCBtZW50YWxseS4uLiB0aGVuIGNvbWUgYW5kIHRhbGsgdG8gbWUgYWdhaW4u,,,,,W0luc3BldG9yXQpEZSBjZXJ0YSBmb3JtYSwgYSBwcsOzeGltYSBwcm92YSDDqSBwYXJhIHRlc3RhciBzZXUgY2Fyw6F0ZXIuIMOJIGFwZW5hcyB1bWEgc8OpcmllIGRlIHBlcmd1bnRhcyBzaW1wbGVzLCBtYXMgcHJpbWVpcm8sIHJlbGF4ZSBlIHNlIHByZXBhcmUgbWVudGFsbWVudGUuLi4gZGVwb2lzIHZlbmhhIGZhbGFyIGNvbWlnbyBub3ZhbWVudGUu,,W0luc3BlY3Rvcl0KRW4gY2llcnRvIHNlbnRpZG8sIGVsIHNpZ3VpZW50ZSBleGFtZW4gZXMgcGFyYSBwb25lciBhIHBydWViYSB0dSBjYXLDoWN0ZXIuIEVzIHNvbG8gdW5hIHNlcmllIGRlIHByZWd1bnRhcyBtdXkgc2ltcGxlcywgcGVybywgcHJpbWVybywgcmVsw6FqYXRlIHkgcHJlcMOhcmF0ZSBtZW50YWxtZW50ZeKApiBZIGx1ZWdvIHZ1ZWx2ZSBhIGhhYmxhciBjb25taWdvLg==
OSgJ,,W0luc3BlY3Rvcl0KWW91J3ZlIG5ldmVyIGV2ZW4gdGFrZW4gc3VjaCBhIGRhbmdlcm91cyBtaXNzaW9uIGJlZm9yZSEgSG93IGRhcmUgeW91IHRoaW5rIHlvdSBjb3VsZCBjb21lIHRvIHRoaXMgcGxhY2U/IEkgZG9uJ3QgdGhpbmsgeW91IGNhbiB0YWtlIHRoZSBqb2Igb2YgZXZhbHVhdGluZyBwcmluY2VzLg==,,,,,W0luc3BldG9yXQpWb2PDqiBudW5jYSBwYXJ0aWNpcG91IGRlIHVtYSBtaXNzw6NvIHTDo28gcGVyaWdvc2EgYW50ZXMhIENvbW8gb3VzYSBwZW5zYXIgcXVlIHBvZGVyaWEgdmlyIGFxdWk/IE7Do28gYWNobyBxdWUgZXN0ZWphIMOgIGFsdHVyYSBkZSBhc3N1bWlyIG8gdHJhYmFsaG8gZGUgYXZhbGlhciBwcsOtbmNpcGVzLg==,,W0luc3BlY3Rvcl0KwqFFcyBwcmltZXJhIHZleiBxdWUgYWNlcHRhcyB1bmEgbWlzacOzbiB0YW4gcGVsaWdyb3NhISDCv0PDs21vIHRlIGF0cmV2ZXMgYSBwZW5zYXIgcXVlIHB1ZWRlcyB2ZW5pciBhIGVzdGUgbHVnYXI/IE5vIGNyZW8gcXVlIHRlbmdhcyBsbyBuZWNlc2FyaW8gcGFyYSBldmFsdWFyIGEgbG9zIHByw61uY2lwZXMu
OigJ,,W0luc3BlY3Rvcl0KTm93LCB5b3UgY2FuIGNvbWUgYmFjayBsYXRlci4=,,,,,W0luc3BldG9yXQpBZ29yYSwgdm9jw6ogcG9kZSB2b2x0YXIgbWFpcyB0YXJkZS4=,,W0luc3BlY3Rvcl0KTm8gdGUgcHJlb2N1cGVzLCBwdWVkZXMgdm9sdmVyIG3DoXMgdGFyZGUu
OygJ,,W0luc3BlY3Rvcl0KTm93IGFyZSB5b3UgcmVhZHk/ClRoaXMgdGVzdCBpcyBub3QgdGhhdCBoYXJkIHRob3VnaC4uLg==,,,,,W0luc3BldG9yXQpFc3TDoSBwcm9udG8/CkVzc2UgdGVzdGUgbsOjbyDDqSB0w6NvIGRpZsOtY2lsIGFzc2ltLi4u,,W0luc3BlY3Rvcl0Kwr9UaWVuZXMgdG9kbyBsaXN0byBwYXJhIGVzdGEgcHJ1ZWJhPwpBdW5xdWUgZXN0YSBwcnVlYmEgbm8gZXMgdGFuIGRpZsOtY2ls4oCm
PCgJ,,W0luc3BlY3Rvcl0KVGhpcyBpcyBkb25lIHRvIGtub3cgeW91ciBhdHRpdHVkZSBhbmQgYmVoYXZpb3IgaW4gY2VydGFpbiBzaXR1YXRpb25zLiBMaXN0ZW4gY2FyZWZ1bGx5IHRvIG15IHF1ZXN0aW9ucywgYW5kIGFuc3dlciBmcmFua2x5IGluIHJlZ2FyZHMgdG8gdGhlIGVwaXNvZGVzIG9mIHlvdXIgdHJpcC4=,,,,,W0luc3BldG9yXQpFbGUgc2VydmUgcGFyYSBhdmFsaWFyIHN1YSBhdGl0dWRlIGUgY29tcG9ydGFtZW50byBlbSBkZXRlcm1pbmFkYXMgc2l0dWHDp8O1ZXMuIE91w6dhIGF0ZW50YW1lbnRlIG1pbmhhcyBwZXJndW50YXMgZSByZXNwb25kYSBjb20gc2luY2VyaWRhZGUsIGNvbSBiYXNlIG5hcyBleHBlcmnDqm5jaWFzIGRhIHN1YSBqb3JuYWRhLg==,,W0luc3BlY3Rvcl0KTGEgaGFjZW1vcyBwYXJhIGNvbm9jZXIgdHUgYWN0aXR1ZCB5IGNvbXBvcnRhbWllbnRvIGVuIGRldGVybWluYWRhcyBzaXR1YWNpb25lcy4gRXNjdWNoYSBtaXMgcHJlZ3VudGFzIGNvbiBhdGVuY2nDs24geSByZXNwb25kZSBjb24gc2luY2VyaWRhZCBjb24gcmVzcGVjdG8gYSB0dXMgYXZlbnR1cmFzLg==
PSgJ,,W0luc3BlY3Rvcl0KTm93LCBsZXQgbWUgYmVnaW4u,,,,,W0luc3BldG9yXQpBZ29yYSwgdmFtb3MgY29tZcOnYXIu,,W0luc3BlY3Rvcl0KQ29tZW5jZW1vcy4=
PigJ,,W0luc3BlY3Rvcl0KV2VsY29tZS4KSSB3aWxsIGdpdmUgeW91IHNvbWUKaW5zdHJ1Y3Rpb25zIG9uIHdoYXQgdG8gZG8sCmFuZCB3aGF0IG9uZSBoYXMgdG8gYmUgY2FyZWZ1bCB3aXRoLCB3aGVuIGRlYWxpbmcgd2l0aCBwcmluY2VzLiBQYXkgYXR0ZW50aW9uIHRvIG1lLg==,,,,,W0luc3BldG9yXQpCb2FzIHZpbmRhcy4KVm91IHRlIGRhciBhbGd1bWFzIGluc3RydcOnw7VlcyBzb2JyZSBvIHF1ZSBmYXplciwgZSBjb20gbyBxdWUgc2UgZGV2ZSB0ZXIgY3VpZGFkbyBhbyBsaWRhciBjb20gcHLDrW5jaXBlcy4gUHJlc3RlIGF0ZW7Dp8Ojby4=,,W0luc3BlY3Rvcl0KSG9sYS4KVGUgZGFyw6kgYWxndW5hcyBpbnN0cnVjY2lvbmVzCnNvYnJlIGxvIHF1ZSB0aWVuZXMgcXVlIGhhY2VyCnkgY29uIGxvIHF1ZSBkZWJlcyB0ZW5lciBjdWlkYWRvIGFsIHRyYXRhciBjb24gcHLDrW5jaXBlcy4gUHJlc3RhIGF0ZW5jacOzbi4=
PygJ,,W0luc3BlY3Rvcl0KSSB3aWxsIGFuc3dlciB5b3VyIHF1ZXN0aW9ucyBmaXJzdC4=,,,,,W0luc3BldG9yXQpSZXNwb25kZXJlaSBzdWFzIHBlcmd1bnRhcyBwcmltZWlyby4=,,W0luc3BlY3Rvcl0KUHJpbWVybywgcmVzcG9uZGVyw6kgdHVzIHByZWd1bnRhcy4=
QCgJ,,V2hhdCBzaG91bGQgSSBkbywgZXhhY3RseT8=,,,,,TyBxdWUgZGV2byBmYXplciwgZXhhdGFtZW50ZT8=,,wr9RdcOpIGRlYm8gaGFjZXIgZXhhY3RhbWVudGU/
QSgJ,,VGhlIEtpbmcgZGllZCBiZWNhdXNlIG9mIGhpcyBpbGxuZXNzPw==,,,,,TyByZWkgbW9ycmV1IHBvciBjYXVzYSBkZSBzdWEgZG9lbsOnYT8=,,wr9FbCByZXkgbXVyacOzIGEgY2F1c2EgZGUgc3UgZW5mZXJtZWRhZD8=
QigJ,,SXMgbXkgbWlzc2lvbiBjb25maWRlbnRpYWw/Pw==,,,,,TWluaGEgbWlzc8OjbyDDqSBjb25maWRlbmNpYWw/,,wr9NaSBtaXNpw7NuIGVzIGNvbmZpZGVuY2lhbD8=
QygJ,,SSBoYXZlIG5vIG1vcmUgcXVlc3Rpb25zLg==,,,,,TsOjbyB0ZW5obyBtYWlzIHBlcmd1bnRhcy4=,,Tm8gdGVuZ28gbcOhcyBwcmVndW50YXMu
RCgJ,,W0luc3BlY3Rvcl0KV2UgaGF2ZSBzZXZlbiBjYW5kaWRhdGVzIGZyb20gc2V2ZW4gZmFtaWxpZXMuIE9uZSBwZXIgZWFjaCBmYW1pbHkuIFRoZSBjYW5kaWRhdGVzIGFyZSBhbGwgaW4gdGhlIHNhbWUgcGxhY2UsIHdoZXJlIEkgd2lsbCBpbnRyb2R1Y2UgdGhlbSB0byB5b3Uu,,,,,W0luc3BldG9yXQpUZW1vcyBzZXRlIGNhbmRpZGF0b3MgZGUgc2V0ZSBmYW3DrWxpYXMuIFVtIHBhcmEgY2FkYSBmYW3DrWxpYS4gT3MgY2FuZGlkYXRvcyBlc3TDo28gdG9kb3Mgbm8gbWVzbW8gbHVnYXIsIG9uZGUgZXUgb3MgYXByZXNlbnRhcmVpIGEgdm9jw6ou,,W0luc3BlY3Rvcl0KVGVuZW1vcyBzaWV0ZSBjYW5kaWRhdG9zIGRlIHNpZXRlIGNhc2FzLiBVbm8gcG9yIGZhbWlsaWEuIFRvZG9zIGxvcyBjYW5kaWRhdG9zIGVzdMOhbiBlbiBlbCBtaXNtbyBsdWdhciB5IGVzIGFsbMOtIGRvbmRlIHRlIGxvcyBwcmVzZW50YXLDqS4=
RSgJ,,W0luc3BlY3Rvcl0KWW91IGhhdmUgdG8gbWVldCB0aGUgY2FuZGlkYXRlcyBvbmUgYnkgb25lLCBhbmQgYXNrIHNvbWUgcXVlc3Rpb25zIGFib3V0IHRoZWlyIHF1YWxpdHk7IG9yIG9ic2VydmUgdGhlaXIgYWN0aW9ucywgdGhlbiBjb21lIGJhY2sgdG8gbWUgYW5kIGV4cGxhaW4gYWxsIHRoYXQgeW91IG9ic2VydmVkIGluIGRldGFpbC4=,,,,,W0luc3BldG9yXQpWb2PDqiBkZXZlIGNvbmhlY2VyIG9zIGNhbmRpZGF0b3MgdW0gYSB1bSwgZmF6ZXIgYWxndW1hcyBwZXJndW50YXMgc29icmUgYSBxdWFsaWRhZGUgZGVsZXMgb3Ugb2JzZXJ2YXIgc3VhcyBhw6fDtWVzIGUsIGRlcG9pcywgdm9sdGFyIHBhcmEgbWltIGUgZXhwbGljYXIgdHVkbyBvIHF1ZSBvYnNlcnZvdSBlbSBkZXRhbGhlcy4=,,W0luc3BlY3Rvcl0KVGllbmVzIHF1ZSByZXVuaXJ0ZSBjb24gY2FkYSB1bm8gZGUgbG9zIGNhbmRpZGF0b3MgeSBoYWNlcmxlcyBhbGd1bmFzIHByZWd1bnRhcyBzb2JyZSBzdXMgY2FwYWNpZGFkZXMgdSBvYnNlcnZhciBzdXMgYWNjaW9uZXMuIEx1ZWdvLCByZWdyZXNhIHBhcmEgZXhwbGljYXJtZSB0b2RvIGxvIHF1ZSBvYnNlcnZhc3RlIGVuIGRldGFsbGUu
RigJ,,W0luc3BlY3Rvcl0KVGhlIG9yaWdpbmFsIHJ1bGUgaXMgdGhhdCB0aGUgcXVhbGl0eSBvZiBwcmluY2VzIGhhcyB0byBiZSBhcHByYWlzZWQgYnkgcm95YWwgZmFtaWxpZXMgZm9yIGEgbG9uZyB0aW1lLGFuZCBvbmUgaGFzIHRvIGJlIGVsZWN0ZWQgYnkgaW50ZXJuYWwgb3JkaW5hbmNlLg==,,,,,W0luc3BldG9yXQpBIHJlZ3JhIG9yaWdpbmFsIGRldGVybWluYSBxdWUgYSBhdmFsaWHDp8OjbyBkb3MgcHLDrW5jaXBlcyBkZXZlIHNlciBmZWl0YSBwZWxhcyBmYW3DrWxpYXMgcmVhaXMgYW8gbG9uZ28gZG8gdGVtcG8sIGUgcXVlIGEgZXNjb2xoYSBkZXZlIGFjb250ZWNlciBwb3IgZGVjcmV0byBpbnRlcm5vLg==,,W0luc3BlY3Rvcl0KRW4gdW4gcHJpbmNpcGlvLCBsYXMgY2FzYXMgcmVhbGVzIGVzdGFiYW4gYSBjYXJnbyBkZSBldmFsdWFyIGEgbG9zIHByw61uY2lwZXMgeSBzdXMgY2FwYWNpZGFkZXMsIHkgbGEgZWxlY2Npw7NuIHNlIGxsZXZhYmEgYSBjYWJvIGRlIGZvcm1hIGludGVybmEu
RygJ,,W0luc3BlY3Rvcl0KQmVjYXVzZSBvZiB0aGUgcmVzdXJyZWN0aW9uIG9mIHRoZSBkZXZpbCBTYXRhbiBNb3JvY2MsIHBlb3BsZSBhcmUgdG9vIHVuZWFzeSB0byBmb2xsb3cgcmVndWxhciBhbm5vdW5jZW1lbnRzLCBhbmQgdGhlIGF0bW9zcGhlcmUgb2YgdGhlIGtpbmdkb20gaXMgbm90IHN0YWJsZS4=,,,,,W0luc3BldG9yXQpNYXMsIHBvciBjYXVzYSBkYSByZXNzdXJyZWnDp8OjbyBkbyBkZW3DtG5pbyBJbXBlcmFkb3IgTW9yb2NjLCBhcyBwZXNzb2FzIGVzdMOjbyBpbnF1aWV0YXMgZGVtYWlzIHBhcmEgc2VndWlyIG9zIHByb2NlZGltZW50b3MgdHJhZGljaW9uYWlzLCBlIG8gY2xpbWEgZG8gcmVpbm8gZXN0w6EgaW5zdMOhdmVsLg==,,W0luc3BlY3Rvcl0KU2luIGVtYmFyZ28sIGRlYmlkbyBhIGxhIHJlc3VycmVjY2nDs24gZGVsIGRlbW9uaW8gU2F0w6FuIE1vcm9jYywgbGEgZ2VudGUgZXN0w6EgZGVtYXNpYWRvIGlucXVpZXRhIHBhcmEgc2VndWlyIGxvcyBhbnVuY2lvcyBjb24gbm9ybWFsaWRhZCwgeSBlbCBhbWJpZW50ZSBlbiBlbCByZWlubyBubyBlcyBlc3RhYmxlLg==
SCgJ,,W0luc3BlY3Rvcl0KRWFjaCBraW5nZG9tIGlzIGJ1c3kgcHJldmVudGluZyB0aGUgaW50ZXJmZXJlbmNlIG9mIFNhdGFuIE1vcm9jYyB0b28u,,,,,W0luc3BldG9yXQpDYWRhIHJlaW5vIGVzdMOhIG9jdXBhZG8gdGVudGFuZG8gY29udGVyIGEgaW50ZXJmZXLDqm5jaWEgZG8gSW1wZXJhZG9yIE1vcm9jYyB0YW1iw6ltLg==,,W0luc3BlY3Rvcl0KQWRlbcOhcywgdG9kb3MgbG9zIHJlaW5vcyBlc3TDoW4gb2N1cGFkb3MgZXZpdGFuZG8gbGEgaW50ZXJmZXJlbmNpYSBkZSBTYXTDoW4gTW9yb2NjLg==
SSgJ,,W0luc3BlY3Rvcl0KU28gdGhpcyB0aW1lLCB0aGUgQ291cnQgZGVjaWRlZCB0byBjaGFuZ2UgaXRzIHdheXMsZ2l2aW5nIHRoZSBvcHBvcnR1bml0eSB0byBhcHByYWlzZSB0aGUgY2FuZGlkYXRlcyB0byBmYW1vdXMgYW5kIGRldm90ZWQgYWR2ZW50dXJlcnMgbGlrZSB5b3Vyc2VsZi4gVGhhdCdzIHdoeSB5b3UgYXJlIGhlcmUu,,,,,W0luc3BldG9yXQpQb3IgaXNzbywgZGVzdGEgdmV6LCBhIENvcnRlIGRlY2lkaXUgbXVkYXIgc3VhIG1hbmVpcmEgZGUgYWdpciwgZGFuZG8gYSBvcG9ydHVuaWRhZGUgZGUgYXZhbGlhciBvcyBjYW5kaWRhdG9zIGEgdmlhamFudGVzIGZhbW9zb3MgZSBkZWRpY2Fkb3MgY29tbyB2b2PDqi4gw4kgcG9yIGlzc28gcXVlIHZvY8OqIGVzdMOhIGFxdWku,,W0luc3BlY3Rvcl0KQXPDrSBxdWUsIGVzdGEgdmV6LCBsYSBjb3J0ZSBkZWNpZGnDsyBjYW1iaWFyIHN1cyBtw6l0b2RvcyB5IGRhcmxlIGxhIG9wb3J0dW5pZGFkIHBhcmEgZXZhbHVhciBhIGxvcyBjYW5kaWRhdG9zIGEgdHJvdGFtdW5kb3MgZmFtb3NvcyB5IGNvbXByb21ldGlkb3MgY29tbyB0w7ouIFBvciBlc28sIGVzdMOhcyBhcXXDrS4=
SigJ,,W0luc3BlY3Rvcl0KSG93IGFic3VyZCB0aGF0IHlvdSBhc2sgdGhhdCEhIEkgYWxyZWFkeSB0b2xkIHlvdSBjbGVhcmx5IHRoYXQgS2luZyBUcmlzdGFuIGRpZWQgb2YgaWxsbmVzcywgZGlkbid0IEk/,,,,,W0luc3BldG9yXQpRdWUgYWJzdXJkbyB2b2PDqiBwZXJndW50YXIgaXNzbyEhISBFdSBqw6EgbGhlIGRpc3NlIGNsYXJhbWVudGUgcXVlIG8gUmVpIFRyaXN0YW4gbW9ycmV1IHBvciBjYXVzYSBkZSB1bWEgZG9lbsOnYSwgbsOjbyBkaXNzZT8=,,W0luc3BlY3Rvcl0KwqFRdcOpIGFic3VyZG8gcXVlIHByZWd1bnRlcyBlc28hIFlhIHRlIGRpamUgcXVlIGVsIHJleSBUcmlzdGFuIG11cmnDsyBhIGNhdXNhIGRlIHVuYSBlbmZlcm1lZGFkLCDCv25vPw==
SygJ,,W0luc3BlY3Rvcl0KRG9uJ3QgeW91IGhhdmUgYW55dGhpbmcgZWxzZSB0byBiZSBjdXJpb3VzIGFib3V0Pw==,,,,,W0luc3BldG9yXQpWb2PDqiBuw6NvIHRlbSBtYWlzIG5hZGEgcXVlIGVzdGVqYSBjdXJpb3NvIHNvYnJlPw==,,W0luc3BlY3Rvcl0Kwr9IYXkgYWxnbyBtw6FzIHF1ZSB0ZSBjYXVzZSBjdXJpb3NpZGFkPw==
TCgJ,,W0luc3BlY3Rvcl0KU3VyZS4KSXQncyBuYXR1cmFsIHRvIGFubm91bmNlIHRoZSBkZWF0aCBvZiB0aGUgS2luZy4gQnV0IHRoZSBhdG1vc3BoZXJlIG9mIHRoZSBuYXRpb24gaXMgbm90IHJpcGUgZm9yIGl0LiBUaGlzIGlzIG91ciBvbmx5IGFsdGVybmF0aXZlIGZvciBub3cu,,,,,W0luc3BldG9yXQpDbGFyby4Kw4kgbmF0dXJhbCBhbnVuY2lhciBhIG1vcnRlIGRvIHJlaS4gTWFzIGEgY2xpbWEgZGEgbmHDp8OjbyBuw6NvIMOpIHByb3DDrWNpbyBwYXJhIGlzc28uIEVzc2Egw6kgbm9zc2Egw7puaWNhIGFsdGVybmF0aXZhIHBvciBlbnF1YW50by4=,,W0luc3BlY3Rvcl0KQ2xhcm8uCkxvIG5vcm1hbCBzZXLDrWEgYW51bmNpYXIgbGEgbXVlcnRlIGRlbCByZXkuIFBlcm8sIHBvciBlbCBhbWJpZW50ZSBxdWUgdml2ZSBsYSBuYWNpw7NuLCBubyBlc3TDoW4gbGlzdG9zIHBhcmEgZW50ZXJhcnNlLiBFc3RhIGVzIG51ZXN0cmEgw7puaWNhIGFsdGVybmF0aXZhIHBvciBhaG9yYS4=
TSgJ,,W0luc3BlY3Rvcl0KUHJpbmNlcyBjYW5ub3QgZ28gb3V0c2lkZSBvbiB0aGVpciBvd24gd2lsbC4gUGVvcGxlIGNhbm5vdCBnbyB0byB0aGUgcGxhY2Ugd2hlcmUgdGhlIHByaW5jZXMgYXJlLg==,,,,,W0luc3BldG9yXQpPcyBwcsOtbmNpcGVzIG7Do28gcG9kZW0gc2FpciBwb3Igdm9udGFkZSBwcsOzcHJpYS4gRSBuaW5ndcOpbSBuw6NvIHBvZGUgaXIgYW8gbG9jYWwgb25kZSBvcyBwcsOtbmNpcGVzIGVzdMOjby4=,,W0luc3BlY3Rvcl0KTG9zIHByw61uY2lwZXMgbm8gcHVlZGVuIHNhbGlyIHBvciB2b2x1bnRhZCBwcm9waWEuIExhIGdlbnRlIG5vIHB1ZWRlIGlyIGFsIGx1Z2FyIGRvbmRlIGVzdMOhbiBsb3MgcHLDrW5jaXBlcy4=
TigJ,,W0luc3BlY3Rvcl0KSSB0aGluayB0aGlzIGlzIGVub3VnaAppbnN0cnVjdGlvbiBmb3IgdGhpcy4KTm93IEkgd2lsbCBsZXQgeW91IGtub3cKd2hlcmUgeW91IGNhbiBtZWV0IHRoZSBwcmluY2VzLg==,,,,,W0luc3BldG9yXQpBY2hvIHF1ZSBlc3NhcyBpbnN0cnXDp8O1ZXMgasOhIHPDo28gc3VmaWNpZW50ZXMuCkFnb3JhIHZvdSBsaGUgZGl6ZXIKb25kZSB2b2PDqiBwb2RlIGVuY29udHJhciBvcyBwcsOtbmNpcGVzLg==,,W0luc3BlY3Rvcl0KQ3JlbyBxdWUgeWEgdGllbmVzIHN1ZmljaWVudGUKY29uIGVzdGFzIGluc3RydWNjaW9uZXMuCkFob3JhIHRlIG1vc3RyYXLDqSBkw7NuZGUgcHVlZGVzCnJldW5pcnRlIGNvbiBsb3MgcHLDrW5jaXBlcy4=
TygJ,,W0luc3BlY3Rvcl0KV2hlbiB5b3UgZ2V0IHRvIHRoZSBtZWRpYyBvZmZpY2VyJ3Mgcm9vbSwgYSBzb2xkaWVyIHdpbGwgYmUgc3RhbmRpbmcgb24gYSBzdHJhbmdlIHNwb3QuIFlvdSBjYW4gZmluZCB0aGF0IHRoZXJlIGlzbid0IGEgZG9vciB0aGVyZS4=,,,,,W0luc3BldG9yXQpRdWFuZG8gY2hlZ2FyIMOgIHNhbGEgZG8gb2ZpY2lhbCBtw6lkaWNvLCB1bSBzb2xkYWRvIGVzdGFyw6EgcGFyYWRvIGVtIHVtIGxvY2FsIGVzdHJhbmhvLiBWb2PDqiBub3RhcsOhIHF1ZSBuw6NvIGjDoSB1bWEgcG9ydGEgbMOhLg==,,W0luc3BlY3Rvcl0KQ3VhbmRvIGxsZWd1ZXMgYSBsYSBzYWxhIGRlIGxvcyBtw6lkaWNvcywgZW5jb250cmFyw6FzIGEgdW5hIHNvbGRhZG8gZGUgZ3VhcmRpYSBlbiB1biBsdWdhciBleHRyYcOxby4gVmVyw6FzIHF1ZSBhaMOtIG5vIGhheSB1bmEgcHVlcnRhLg==
UCgJ,,W0luc3BlY3Rvcl0KQmVoaW5kIHRoZSBzb2xkaWVyLCB5b3UgY2FuIGZpbmQgYSBzZWNyZXQgZG9vci4gSWYgeW91IHRhbGsgdG8gdGhlIHNvbGRpZXIsIHRoZSBzb2xkaWVyIHdpbGwgYWxsb3cgeW91IHRvIGdldCBpbi4=,,,,,W0luc3BldG9yXQpBdHLDoXMgZG8gc29sZGFkbywgaMOhIHVtYSBwb3J0YSBzZWNyZXRhLiBTZSB2b2PDqiBmYWxhciBjb20gbyBzb2xkYWRvLCBlbGUgcGVybWl0aXLDoSBzdWEgZW50cmFkYS4=,,W0luc3BlY3Rvcl0KUGVybywgZGV0csOhcyBkZSBsYSBzb2xkYWRvLCBlbmNvbnRyYXLDoXMgdW5hIHB1ZXJ0YSBzZWNyZXRhLiBTaSBoYWJsYXMgY29uIGxhIHNvbGRhZG8sIHRlIHBlcm1pdGlyw6EgZW50cmFyLg==
USgJ,,W0luc3BlY3Rvcl0KQXMgSSBoYXZlIGV4cHJlc3NlZCwgdGhpcyBpcyBhIHZlcnkgaW1wb3J0YW50IGlzc3VlIGZvciB0aGUgUnVuZSBNaWRnYXJ0cyBraW5nZG9tLiBBbHRob3VnaCBJJ3ZlIHN0cmVzc2VkIHRoaXMgcG9pbnQgcmVwZWF0ZWFkbHksIEkgY2Fubm90IHN0cmVzcyBpdCBlbm91Z2gu,,,,,W0luc3BldG9yXQpDb21vIGrDoSBkaXNzZSwgZXNzYSDDqSB1bWEgcXVlc3TDo28gbXVpdG8gaW1wb3J0YW50ZSBwYXJhIG8gcmVpbm8gZGUgUnVuZS1NaWRnYXJkLiBFbWJvcmEgZXUgdGVuaGEgZW5mYXRpemFkbyBlc3NlIHBvbnRvIHbDoXJpYXMgdmV6ZXMsIG7Do28gcG9zc28gZW5mYXRpesOhLWxvIG8gc3VmaWNpZW50ZS4=,,W0luc3BlY3Rvcl0KQ29tbyB5YSBsbyBoYWLDrWEgZXhwcmVzYWRvLCBlc3RlIGFzdW50byBlcyBtdXkgaW1wb3J0YW50ZSBwYXJhIGVsIHJlaW5vIGRlIFJ1bmUtTWlkZ2FydHMuIFksIGF1bnF1ZSB5YSB0ZSBsbyByZXBldMOtIHZhcmlhcyB2ZWNlcywgbm8gcHVlZG8gZGVqYXIgZGUgaGFjZXJsby4=
UigJ,,W0luc3BlY3Rvcl0KUGxlYXNlIGJlaGF2ZSBhY2NvcmRpbmdseS4KVGhhbmsgeW91IGZvciB5b3VyIGVmZm9ydC4=,,,,,W0luc3BldG9yXQpQb3IgZmF2b3IsIGNvbXBvcnRlLXNlIGRlIGFjb3Jkby4KT2JyaWdhZG8gcG9yIHNldSBlc2ZvcsOnby4=,,W0luc3BlY3Rvcl0KUG9yIGZhdm9yLCBjb21ww7NydGF0ZSBjb21vIGNvcnJlc3BvbmRlLgpHcmFjaWFzIHBvciB0dSBlc2Z1ZXJ6by4=
UygJ,,W0luc3BlY3Rvcl0KWW91IGdvdCBpbnN0cnVjdGlvbnMgYXMgdG8gd2hhdCB5b3Ugc2hvdWxkIGRvLCBkaWRuJ3QgeW91PyBUaGlzIGlzc3VlIGlzIG5vdCB0aGF0IHdvcnRobGVzcyB0aGF0IHlvdSBjYW4gdGFrZSBpdCB3aXRoIGVhc2UhIFBheSBhdHRlbnRpb24gdG8gdGhpcyE=,,,,,W0luc3BldG9yXQpWb2PDqiByZWNlYmV1IGluc3RydcOnw7VlcyBzb2JyZSBvIHF1ZSBkZXZlIGZhemVyLCBuw6NvIGZvaT8gRXNzYSBxdWVzdMOjbyBuw6NvIMOpIHTDo28gYmFuYWwgYSBwb250byBkZSB2b2PDqiB0cmF0w6EtbGEgY29tIGRlc2xlaXhvISBQcmVzdGVtIGF0ZW7Dp8OjbyE=,,W0luc3BlY3Rvcl0KWWEgdGllbmVzIGxhcyBpbnN0cnVjY2lvbmVzIHNvYnJlIGxvIHF1ZSB0aWVuZXMgcXVlIGhhY2VyLCDCv25vPyDCoUVzdGUgYXN1bnRvIGVzIG11eSBpbXBvcnRhbnRlIGNvbW8gcGFyYSB0b23DoXJ0ZWxvIGEgbGEgbGlnZXJhISDCoVByZXN0YSBhdGVuY2nDs24gYSBlc3RvIQ==
VCgJ,,W0luc3BlY3Rvcl0KSWYgeW91IGFyZSBub3QgbW90aXZhdGVkIHRvIGRvIGl0LCBJIHdpbGwgZmluZCBhbm90aGVyIGFkdmVudHVyZXIuIFlvdSBjYW4gZ28gYmFjayB0byB5b3VyIGJ1c2luZXNzLCBpZiB5b3Ugd2FudCB0by4=,,,,,W0luc3BldG9yXQpTZSB2b2PDqiBuw6NvIGVzdGl2ZXIgbW90aXZhZG8gYSBmYXplciBpc3NvLCBlbmNvbnRyYXJlaSBvdXRybyB2aWFqYW50ZS4gU2UgcXVpc2VyLCBwb2RlIHZvbHRhciBhbyBzZXUgdHJhYmFsaG8u,,W0luc3BlY3Rvcl0KU2kgbm8gdGUgaW50ZXJlc2EgaGFjZXJsbywgYnVzY2Fyw6kgYSBhbGd1aWVuIG3DoXMuIFB1ZWRlcyB2b2x2ZXIgYSB0dXMgYXN1bnRvcyBzaSBhc8OtIGxvIGRlc2Vhcy4=
VSgJ,,W0luc3BlY3Rvcl0KSG93IGlzIGl0IGdvaW5nPwpHcmFkaW5nIHNvbWVvbmUgaXMgbm90IGEgcGllY2Ugb2YgY2FrZS4gSXQncyByZWFsIGhhcmQgd29yayBpbmRlZWQuIFlvdSBkbyB0aGUgaGFyZCB3b3JrIGZvciBvdXIgY291bnRyeS4=,,,,,W0luc3BldG9yXQpDb21vIGVzdMOhIGluZG8/CkF2YWxpYXIgYWxndcOpbSBuw6NvIMOpIG1vbGV6YS4gRGUgZmF0bywgw6kgdW0gdHJhYmFsaG8gcmVhbG1lbnRlIMOhcmR1by4gVm9jw6ogZXN0w6EgZmF6ZW5kbyBpc3NvIHBlbG8gYmVtIGRvIG5vc3NvIHJlaW5vLg==,,W0luc3BlY3Rvcl0Kwr9RdcOpIHRhbD8KRXZhbHVhciBhIGFsZ3VpZW4gbm8gZXMgcGFuIGNvbWlkby4gRXMgdW4gdHJhYmFqbyByZWFsbWVudGUgZGlmw61jaWwuIEVzdMOhcyB0cmFiYWphbmRvIG11Y2hvIHBvciBudWVzdHJvIHBhw61zLg==
VigJ,,LUkgdGVsbCBoaW0gYWJvdXQgdGhlIEFocnVtIGFuZCBFcm5zdCBhY2NpZGVudC4t,,,,,LUNvbnRvIGEgZWxlIHNvYnJlIG8gYWNpZGVudGUgZGUgQWhydW0gZSBFcm5zdC4t,,KExlIGN1ZW50byBzb2JyZSBlbCBhY2NpZGVudGUgZGUgQWhydW0geSBFcm5zdCku
VygJ,,W0luc3BlY3Rvcl0KV2hhdCE/IEkgY2FuJ3QgYmVsaWV2ZSBpdCEKV2hhLSwgdGhhdCdzIHNvLi4u,,,,,W0luc3BldG9yXQpPIHF1w6o/IE7Do28gcG9zc28gYWNyZWRpdGFyIQpPIHF1ZS4uLiwgaXNzbyDDqSB0w6NvLi4u,,W0luc3BlY3Rvcl0KwqHCv1F1w6k/ISDCoU5vIHB1ZWRvIGNyZWVybG8hCsK/UXXDqeKApj8gUGVyb+KApg==
WCgJ,,W0luc3BlY3Rvcl0KQnkgRXJuc3QncyBoYW5kLi4uPwpZZXMuLi4/,,,,,W0luc3BldG9yXQpQZWxhcyBtw6NvcyBkZSBFcm5zdC4uLj8KU2ltLi4uPw==,,W0luc3BlY3Rvcl0Kwr9Qb3IgbGEgbWFubyBkZSBFcm5zdOKApj8Kwr9Tw63igKY/
WSgJ,,W0luc3BlY3Rvcl0KWW91J3ZlIGZ1bGZpbGxlZCB0aGUgam9iIGFzCmFkdmVudHVyZXIgYXBwcmFpc2VyIGZ1bGx5LgpJIHJlYWxseSBhcHByZWNpYXRlIHlvdXIgYXNzaXN0YW5jZSB0aHVzIGZhci4gRHVlIHRvIHlvdXIgaGVscCwgdGhlIGZ1dHVyZSBvZiB0aGUga2luZ2RvbSBpcyBpbmRlYnRlZCB0byB5b3Uu,,,,,W0luc3BldG9yXQpWb2PDqiBjdW1wcml1IHBsZW5hbWVudGUgc2V1IHBhcGVsIGNvbW8gYXZhbGlhZG9yIGRlIHZpYWphbnRlcy4KRXUgcmVhbG1lbnRlIGFncmFkZcOnbyBzdWEgYWp1ZGEgYXTDqSBhZ29yYS4gRGV2aWRvIMOgIHN1YSBhanVkYSwgbyBmdXR1cm8gZG8gcmVpbm8gZXN0w6EgZW0gZMOtdmlkYSBjb20gdm9jw6ou,,W0luc3BlY3Rvcl0KQ3VtcGxpc3RlIGNvbiBlbCB0cmFiYWpvCmNvbW8gdHJvdGFtdW5kb3MgcXVlIGV2YWzDumEuCk5vIHNhYmVzIGxvIG11Y2hvIHF1ZSBhZ3JhZGV6Y28gdHUgYXl1ZGEgaGFzdGEgYWhvcmEuIEdyYWNpYXMgYSB0dSBheXVkYSwgZWwgZnV0dXJvIGRlbCByZWlubyBlc3TDoSBlbiBkZXVkYSBjb250aWdvLg==
WigJ,,W3t9XQooSGUgZG9lc24ndCBzZWVtIHRvIGJlIHN1cHJpc2VkIHRvbyBtdWNoLi4gQ291bGQgdGhlcmUgYmUgYSByZWFzb24/IE5vdyBJIGFtIHN1c3BpY2lvdXMuLi4p,,,,,W3t9XQooRWxlIG7Do28gcGFyZWNlIGVzdGFyIG11aXRvIHN1cnByZXNvLi4uIFNlcsOhIHF1ZSBow6EgdW0gbW90aXZvPyBBZ29yYSBlc3RvdSBkZXNjb25maWFkby4uLik=,,W3t9XQooTm8gcGFyZWNlIG11eSBzb3JwcmVuZGlkb+KApiDCv0FjYXNvIGhheSBhbGfDum4gbW90aXZvPyBBaG9yYSB0ZW5nbyBtaXMgc29zcGVjaGFz4oCmKS4=
WygJ,,W0luc3BlY3Rvcl0KSGV5LCB0aGUgdGhpbmdzIHlvdSBleHBlcmllbmNlZCBoZXJlIGNhbm5vdCBiZSBkaXNjbG9zZWQgdG8gb3RoZXJzLiBZb3UgdW5kZXJzdGFuZCB0aGF0IHRoaXMgc2l0dWF0aW9uIGlzIGZ1bGx5IGNvbmZpZGVudGlhbC4=,,,,,W0luc3BldG9yXQpFaSwgYXMgY29pc2FzIHF1ZSB2b2PDqiB2aXZlbmNpb3UgYXF1aSBuw6NvIHBvZGVtIHNlciByZXZlbGFkYXMgYSBuaW5ndcOpbS4gVm9jw6ogZW50ZW5kZSBxdWUgZXNzYSBzaXR1YcOnw6NvIMOpIHRvdGFsbWVudGUgY29uZmlkZW5jaWFsLg==,,W0luc3BlY3Rvcl0KT3llLCBubyBwdWVkZXMgZGl2dWxnYXIgbGFzIGNvc2FzIHF1ZSB2aXZpc3RlIGFxdcOtLiBEZWJlcyBlbnRlbmRlciBxdWUgZXN0ZSBhc3VudG8gZXMgdG90YWxtZW50ZSBjb25maWRlbmNpYWwu
XCgJ,,W0luc3BlY3Rvcl0KU28sIGtlZXAgdXAgdGhlIGdvb2Qgd29yay4KRm9yIFJ1bmUgTWlkZ2FydHMga2luZ2RvbSE=,,,,,W0luc3BldG9yXQpFbnTDo28sIGNvbnRpbnVlbSBjb20gbyBib20gdHJhYmFsaG8uClBlbG8gcmVpbm8gZGUgUnVuZS1NaWRnYXJkIQ==,,W0luc3BlY3Rvcl0KQXPDrSBxdWUgc2lndWUgdHJhYmFqYW5kbyBhc8OtLgrCoVBvciBlbCByZWlubyBkZSBSdW5lLU1pZGdhcnRzIQ==
XSgJ,,W0luc3BlY3Rvcl0KVGhlbiwgbGV0IG1lIGhpdCB0aGUgcm9hZC4uLg==,,,,,W0luc3BldG9yXQpFbnTDo28sICBkZWl4ZS1tZSBzZWd1aXIgbWV1IGNhbWluaG8uLi4=,,W0luc3BlY3Rvcl0KQnVlbm8sIHNlZ3VpcsOpIGNvbiBtaSBjYW1pbm/igKY=
XigJ,,W0luc3BlY3Rvcl0KQWxsIGZvciB0aGUgZ2xvcnkKb2YgUnVuZSBNaWRnYXJ0cyE=,,,,,W0luc3BldG9yXQpUdWRvIHBhcmEgYSBnbMOzcmlhCmRlIFJ1bmUtTWlkZ2FyZCE=,,W0luc3BlY3Rvcl0KwqFUb2RvIHBvciBsYSBnbG9yaWEKZGUgUnVuZS1NaWRnYXJ0cyE=
XygJ,,W0luc3BlY3Rvcl0KSGVsbG8sIGFwcHJhaXNlci4KSSBob3BlIHlvdSBhcmUgYWJsZSB0byBmaW5pc2ggeW91ciBtaXNzaW9uIHBlcmZlY3RseS4gSGF2ZSB5b3UgbWV0IHdpdGggYWxsIHRoZSBwcmluY2VzLCBsaWtlIEkgdG9sZCB5b3UgdG8/,,,,,W0luc3BldG9yXQpPbMOhLCBhdmFsaWFkb3IuCkVzcGVybyBxdWUgY29uc2lnYSBjb25jbHVpciBzdWEgbWlzc8OjbyBwZXJmZWl0YW1lbnRlLiBWb2PDqiBqw6Egc2UgcmV1bml1IGNvbSB0b2RvcyBvcyBwcsOtbmNpcGVzLCBjb21vIGV1IHBlZGk/,,W0luc3BlY3Rvcl0KSG9sYSwgZXZhbHVhZG9yLgpFc3Blcm8gcXVlIG5vIHRlbmdhcyBwcm9ibGVtYXMgcGFyYSBjb21wbGV0YXIgbGEgbWlzacOzbi4gwr9ZYSB0ZSByZXVuaXN0ZSBjb24gdG9kb3MgbG9zIHByw61uY2lwZXMgY29tbyB0ZSBkaWplPw==
YCgJ,,WWVzLg==,,,,,U2ltLg==,,U8OtLg==
YSgJ,,Tm8u,,,,,TsOjby4=,,Tm8u
YigJ,,W0luc3BlY3Rvcl0KVmVyeSB3ZWxsLgpJIGxpa2UgaGVhcmluZyBhYm91dCB0aGUgcHJpbmNlcy4=,,,,,W0luc3BldG9yXQpNdWl0byBiZW0uCkdvc3RvIGRlIG91dmlyIHNvYnJlIG9zIHByw61uY2lwZXMu,,W0luc3BlY3Rvcl0KTXV5IGJpZW4uCsK/UXXDqSBhcHJlbmRpc3RlIHNvYnJlIGxvcyBwcsOtbmNpcGVzPw==
YygJ,,W0luc3BlY3Rvcl0KQXJlIHlvdSBzdXJlPz8KQ2hlY2ssIHdpdGggYWxsIHRoZSBwcmluY2VzLCB0byBiZSBzdXJlLg==,,,,,W0luc3BldG9yXQpUZW0gY2VydGV6YT8KVmVyaWZpcXVlLCBjb20gdG9kb3Mgb3MgcHLDrW5jaXBlcywgcGFyYSB0ZXIgY2VydGV6YS4=,,W0luc3BlY3Rvcl0Kwr/Cv0VzdMOhcyBzZWd1cm8/PwpWZXJpZmljYSBjb24gdG9kb3MgbG9zIHByw61uY2lwZXMsIHNvbG8gcGFyYSBlc3RhciBzZWd1cm9zLg==
ZCgJ,,W0luc3BlY3Rvcl0KRG9uJ3QgYmUgY295LiBJJ20gc3VyZSB5b3UgaGF2ZSBkb25lIGl0IGFscmVhZHku,,,,,W0luc3BldG9yXQpOw6NvIHNlIGZhw6dhIGRlIGRpZsOtY2lsLiBUZW5obyBjZXJ0ZXphIGRlIHF1ZSB2b2PDqiBqw6EgZmV6IGlzc28u,,W0luc3BlY3Rvcl0KUXVlIG5vIHRlIGTDqSB2ZXJnw7xlbnphLiBFc3RveSBzZWd1cm8gZGUgcXVlIHlhIGxvIGhpY2lzdGUu
ZSgJ,,W0luc3BlY3Rvcl0KV2VsbCwgZ28gbWVldCB3aXRoIGFsbCB0aGUgcHJpbmNlcyBub3csIGFscmVhZHkh,,,,,W0luc3BldG9yXQpCZW0sIHbDoSBzZSByZXVuaXIgY29tIHRvZG9zIG9zIHByw61uY2lwZXMsIGFnb3JhIQ==,,W0luc3BlY3Rvcl0KwqFCdWVubywgdmUgYSByZXVuaXJ0ZSBjb24gdG9kb3MgbG9zIHByw61uY2lwZXMgZGUgdW5hIHZleiE=
ZigJ,,W0luc3BlY3Rvcl0KSGVsbG8sIGFwcHJhaXNlci4KSSBob3BlIHlvdSBhcmUgYWJsZSB0bwpmaW5pc2ggd2l0aCB5b3VyIG1pc3Npb24KaW4gYSB0aW1lbHkgbWFubmVyLgpIYXZlIHlvdSBtZXQgYWxsIHRoZSBwcmluY2VzPw==,,,,,W0luc3BldG9yXQpPbMOhLCBhdmFsaWFkb3IuCkVzcGVybyBxdWUgdm9jw6ogY29uc2lnYSB0ZXJtaW5hciBzdWEgbWlzc8OjbyBkZW50cm8gZG8gcHJhem8uClZvY8OqIGrDoSBjb25oZWNldSB0b2RvcyBvcyBwcsOtbmNpcGVzPw==,,W0luc3BlY3Rvcl0KSG9sYSwgZXZhbHVhZG9yLgpFc3Blcm8gcXVlIHB1ZWRhcwpjb21wbGV0YXIgbGEgbWlzacOzbgphIHRpZW1wby4Kwr9ZYSB0ZSByZXVuaXN0ZSBjb24gdG9kb3MgbG9zIHByw61uY2lwZXM/
ZygJ,,UHJpbmNl,,,,,UHLDrW5jaXBl,,UHJpbmNl
aCgJ,,LU9ic3Nlc3NlZCB3aXRoIG1ha2luZwpsb2NrIGFuZCBrZXkuLQ==,,,,,4oCTIE9iY2VjYWRvIHBvciB0cmFuY2FzIGUgY2hhdmVzLiDigJM=,,KE9ic2VzaW9uYWRvIGNvbiBoYWNlcgpjZXJyYWR1cmFzIHkgbGxhdmVzKS4=
aSgJ,,W0VyaWNoXQouLi5XaGF0IGJhZCBsdWNrIEkgaGF2ZSEKQnV0IGhlIGluc2lzdHMgbWUgdG8gYmUgY29ycnVwdGVkLCBrbm93aW5nIGhvdyBpdCB3b3VsZCBiZS4uLg==,,,,,W0VyaWNoXQouLi5RdWUgYXphciBvIG1ldSEKTWFzIGVsZSBpbnNpc3RlIGVtIG1lIGNvcnJvbXBlciwgbWVzbW8gc2FiZW5kbyBjb21vIGlzc28uLi4=,,W0VyaWNoXQrCoVF1w6kgbWFsYSBzdWVydGUgdGVuZ28hClBlcm8gw6lsIGluc2lzdGUgcXVlIHNveSBjb3JydXB0bywgc2FiaWVuZG8gY8OzbW8gc2Vyw61h4oCm
aigJ,,W0VyaWNoXQouLi4gVGhlc2UgZGF5cywgSSBoYXZlIGJhZCBsdWNrLi4uIE9ubHkgaGFycmFzc21lbnRzIGhhcHBlbiB0byBtZS4uLg==,,,,,W0VyaWNoXQouLi4gVWx0aW1hbWVudGUsIHRlbmhvIHRpZG8gYXphci4uLiBTw7MgbWUgYWNvbnRlY2VtIHByb2JsZW1hcy4uLg==,,W0VyaWNoXQrigKYgw5psdGltYW1lbnRlLCB0ZW5nbyBtYWxhIHN1ZXJ0ZeKApiBNaSB2aWRhIGVzdMOhIHJlcGxldGEgZGUgaG9zdGlnYW1pZW50b3PigKY=
aygJ,,W1ByaW5jZV0KV2hvIGFyZSB5b3U/CkkgZG9uJ3QgdGhpbmsgeW91IGFyZSBlbGlnaWJsZSB0byBiZSBlbnRlcmluZyB0aGlzIHJvb20uLi4=,,,,,W1Byw61uY2lwZV0KUXVlbSDDqSB2b2PDqj8KTsOjbyBhY2hvIHF1ZSB0ZW5oYSBhdXRvcml6YcOnw6NvIHBhcmEgZW50cmFyIG5lc3RhIHNhbGEuLi4=,,W1Byw61uY2lwZV0Kwr9RdWnDqW4gZXJlcz8KTm8gY3JlbyBxdWUgcmXDum5hcyBsb3MgcmVxdWlzaXRvcyBwYXJhIGVudHJhciBlbiBlc3RhIGhhYml0YWNpw7Nu4oCm
bCgJ,,W1ByaW5jZV0KSSBvcmRlciB5b3Ugb3V0Cm9mIG15IHNpZ2h0Lg==,,,,,W1Byw61uY2lwZV0KRXUgb3JkZW5vIHF1ZSB2b2PDqiBzYWlhCmRlIG1pbmhhIHZpc3RhLg==,,W1Byw61uY2lwZV0KVGUgb3JkZW5vIHF1ZSBhcGFydGVzCmRlIG1pIHZpc3RhLg==
bSgJ,,W1ByaW5jZV0KV2hvIGFyZSB5b3U/ClNvbWVvbmUgbXVzdCBoYXZlIGJlZW4gaW5zdHJ1Y3RlZCBhYm91dCB0aGUgcHJlc2VuY2Ugb2YgdGhlIGhpZGRlbiBlbnRyYW5jZS4gVW5sZXNzLi4uIEFyZSB5b3UgdGhlIGFkdmVudHVyZXIgYXBwcmFpc2VyPw==,,,,,W1ByaW5jZV0KUXVlbSDDqSB2b2PDqj8KQWxndcOpbSBkZXZlIHRlciByZWNlYmlkbyBpbnN0cnXDp8O1ZXMgc29icmUgYSBlbnRyYWRhIHNlY3JldGEuIEEgbWVub3MgcXVlLi4uIFZvY8OqIMOpIG8gYXZhbGlhZG9yIGRlIHZpYWphbnRlcz8=,,W1Byw61uY2lwZV0Kwr9RdWnDqW4gZXJlcz8KQWxndWllbiBkZWJlIGhhYmVyIHJlY2liaWRvIGluc3RydWNjaW9uZXMgc29icmUgbGEgcHJlc2VuY2lhIGRlIGxhIGVudHJhZGEgc2VjcmV0YS4gQSBtZW5vcyBxdWXigKYgwr9FcmVzIGxhIHBlcnNvbmEgYSBjYXJnbyBkZSBsYSBldmFsdWFjacOzbj8=
bigJ,,WWVzLCBJIGFtLg==,,,,,U2ltLCBzb3UgZXUu,,U8OtLCBsbyBzb3ku
bygJ,,W1ByaW5jZV0KQXJlIHlvdT8uLi4gRG8gbWUgYSBmYXZvciB0aGVuLiBJIGFtIGEgbGVnaXRpbWF0ZSBzb24gZnJvbSB0aGUgTmVyaXVzIGZhbWlseS4gTXkgbmFtZSBpcyBFcmljaC4gWW91IGNhbiBjYWxsIG1lIFByaW5jZSBFcmljaC4=,,,,,W1Byw61uY2lwZV0Kw4kgbWVzbW8/Li4uIEVudMOjbywgbWUgZmHDp2EgdW0gZmF2b3IuIFNvdSB1bSBmaWxobyBsZWfDrXRpbW8gZGEgZmFtw61saWEgTmVyaXVzLiBNZXUgbm9tZSDDqSBFcmljaC4gVm9jw6ogcG9kZSBtZSBjaGFtYXIgZGUgUHLDrW5jaXBlIEVyaWNoLg==,,W1Byw61uY2lwZV0Kwr9EZSB2ZXJkYWTigKY/IEVudG9uY2VzLCBoYXptZSB1biBmYXZvci4gU295IHVuIGhpam8gbGVnw610aW1vIGRlIGxhIGZhbWlsaWEgTmVyaXVzLiBNZSBsbGFtbyBFcmljaC4gTWUgcHVlZGVzIGxsYW1hciBwcsOtbmNpcGUgRXJpY2gu
cCgJ,,W0VyaWNoXQpNeSBmdWxsIG5hbWUgaXMuLi4=,,,,,W0VyaWNoXQpNZXUgbm9tZSBjb21wbGV0byDDqS4uLg==,,W0VyaWNoXQpNaSBub21icmUgY29tcGxldG8gZXPigKY=
cSgJ,,W0VyaWNoXQpUaGF0J3MgZW5vdWdoLgpZb3UgY2FuIGFzayBpbmZvcm1hdGlvbiBhYm91dCBtZSB0byBteSBzZXJ2YW50LiBJIHdpbGwgdGFrZSBhIHJlc3Qu,,,,,W0VyaWNoXQpKw6EgY2hlZ2EuClZvY8OqIHBvZGUgcGVkaXIgaW5mb3JtYcOnw7VlcyBzb2JyZSBtaW0gYW8gbWV1IGNyaWFkby4gVm91IGRlc2NhbnNhciB1bSBwb3Vjby4=,,W0VyaWNoXQpFcyBzdWZpY2llbnRlLgpMZSBwdWVkZXMgcHJlZ3VudGFyIGEgbWkgY3JpYWRvIHNvYnJlIG3DrS4gQWhvcmEgZGVzY2Fuc2Fyw6kgdW4gbW9tZW50by4=
cigJ,,W0VyaWNoXQouLi4uLi5NeSBjb25zY2llbmNlIQpJdCBkb2Vzbid0IHdvcmsgd2VsbC4uLg==,,,,,W0VyaWNoXQouLi4uLi5NaW5oYSBjb25zY2nDqm5jaWEhCkVsYSBuw6NvIGZ1bmNpb25hIGRpcmVpdG8uLi4=,,W0VyaWNoXQrCoU1pIGNvbmNpZW5jaWEhCk5vIGZ1bmNpb25hIGJpZW7igKY=
cygJ,,LUhlIHNlZW1zIHRvIGJlIHNvIG9ic3Nlc3NlZCB0byBjYXJlIGFib3V0IGFueXRoaW5nIGVsc2UuLQ==,,,,,LUVsZSBwYXJlY2UgdMOjbyBvYmNlY2FkbyBxdWUgbsOjbyBzZSBpbXBvcnRhIGNvbSBtYWlzIG5hZGEuLQ==,,KFBhcmVjZSBlc3RhciBkZW1hc2lhZG8gb2JzZXNpb25hZG8gY29tbyBwYXJhIHByZW9jdXBhcnNlIGRlIG90cmFzIGNvc2FzKS4=
dCgJ,,U2VydmFudA==,,,,,Q3JpYWRv,,U2VydmFudA==
dSgJ,,W0hhbnNdCkFoaC4uLiBtbW0uLi4gSS4uLgpJLi4uIGFtIHNvLCBzb3JyeSEKSS4uLiB0aGluayBJIG1hZGUgYSBiaWcgbWlzdGFrZSB3aXRoIHRoZSBhcHByYWlzZXIh,,,,,W0hhbnNdCkFoaC4uLiBtbW0uLi4gRXUuLi4KRXUuLi4gc2ludG8gbXVpdG8hCkV1Li4uIGFjaG8gcXVlIGNvbWV0aSB1bSBncmFuZGUgZXJybyBjb20gbyBhdmFsaWFkb3Ih,,W0hhbnNdCkFo4oCmIE1tbeKApiBZb+KApgpMb+KApiDCoUxvIHNpZW50byBtdWNobyEKQ3Jlb+KApiDCoUNyZW8gcXVlIGNvbWV0w60gdW4gZ3JhdmUgZXJyb3IgY29uIGVsIGV2YWx1YWRvciE=
digJ,,W0hhbnNdCk15IHByaW5jZSBkaWRuJ3QgZG8gYW55dGhpbmcgd3JvbmcgYnV0LCBhbnl3YXlzLCBJIGFwb2xvZ2l6ZSBmb3IgYW55dGhpbmcgdG8geW91IQ==,,,,,W0hhbnNdCk1ldSBwcsOtbmNpcGUgbsOjbyBmZXogbmFkYSBkZSBlcnJhZG8sIG1hcywgZGUgcXVhbHF1ZXIgZm9ybWEsIHBlw6dvIGRlc2N1bHBhcyBwb3IgcXVhbHF1ZXIgY29pc2Eh,,W0hhbnNdCk1pIHByw61uY2lwZSBubyBoaXpvIG5hZGEgbWFsbywgcGVybyBkZSB0b2RvcyBtb2RvcyBtZSBxdWllcm8gZGlzY3VscGFyIGNvbnRpZ28u
dygJ,,LUluY2Vzc2FudGx5Li4uLQotSGUgaGFzIGppdHRlcnMgd2hlbmV2ZXIgSSByZWFjdCB0byBoaW0uIEhpcyBhY3Rpb25zIGdpdmUgbWUgYSBmZWVsaW5nIG9mIHBpdHkuLQ==,,,,,LVNlbSBwYXJhci4uLgotRWxlIGZpY2EgbmVydm9zbyBzZW1wcmUgcXVlIGV1IHJlYWpvIGEgZWxlLiBTdWFzIGHDp8O1ZXMgbWUgZGVzcGVydGFtIGNlcnRhIHBlbmEu,,KEluY2VzYW50ZW1lbnRl4oCmClNlIHBvbmUgbmVydmlvc28gY2FkYSB2ZXogcXVlIHJlYWNjaW9ubyBhIGxvIHF1ZSBkaWNlLiBTdSBtYW5lcmEgZGUgYWN0dWFyIG1lIGRhIHVuIHBvY28gZGUgbMOhc3RpbWEpLg==
eCgJ,,W0hhbnNdCkhvdyBhcmUgeW91IGRvaW5nLCBzaXI/Ck15IG5hbWUgaXMgSGFucywgc2VydmFudCBvZiBQcmluY2UgRXJpY2gu,,,,,W0hhbnNdCkNvbW8gdmFpPwpNZXUgbm9tZSDDqSBIYW5zLCBjcmlhZG8gZG8gcHLDrW5jaXBlIEVyaWNoLg==,,W0hhbnNdCsK/Q8OzbW8gZXN0w6FzLCB0cm90YW11bmRvcz8KTWUgbGxhbW8gSGFucyB5IHNveSBlbCBjcmlhZG8gZGVsIHByw61uY2lwZSBFcmljaC4=
eSgJ,,W0hhbnNdCldoYXQgY2FuIEkgZG8gZm9yIHlvdT8=,,,,,W0hhbnNdCk8gcXVlIHBvc3NvIGZhemVyIHBvciB2b2PDqj8=,,W0hhbnNdCsK/RW4gcXXDqSB0ZSBwdWVkbyBheXVkYXI/
eigJ,,UHJpbmNlIEVyaWNoIHRvbGQgbWUgdG8gbWVldCB5b3Uu,,,,,TyBQcsOtbmNpcGUgRXJpY2ggbWUgZGlzc2UgcGFyYSBmYWxhciBjb20gdm9jw6ou,,RWwgcHLDrW5jaXBlIEVyaWNoIG1lIHBpZGnDsyBxdWUgaGFibGFyYSBjb250aWdvLg==
eygJ,,Tm90aGluZyBtdWNoLg==,,,,,TmFkYSBkZW1haXMu,,Tm8gbXVjaG8u
fCgJ,,W0hhbnNdCkRpZCBQcmluY2UgRXJpY2guLi4/,,,,,W0hhbnNdCk8gcHLDrW5jaXBlIEVyaWNoLi4uPw==,,W0hhbnNdCsK/RWwgcHLDrW5jaXBlIEVyaWNo4oCmPw==
fSgJ,,SSB3YW50IHRvIGxpc3RlbiB0byBhIHN0b3J5IG9mIGhpbS4=,,,,,UXVlcm8gb3V2aXIgdW1hIGhpc3TDs3JpYSBzb2JyZSBlbGUu,,UXVpZXJvIGVzY3VjaGFyIGFsZ3VuYSBoaXN0b3JpYSBzb2JyZSDDqWwu
figJ,,W0hhbnNdCkFoaCwgSSBzZWUuCkZyYW5rbHksIFByaW5jZSBFcmljaCBpcyBub3QgaW50ZXJlc3RlZCBpbiByZWdpbWUgdGhhdCBtdWNoLg==,,,,,W0hhbnNdCkFoaCwgZW50ZW5kby4KU2luY2VyYW1lbnRlLCBvIHByw61uY2lwZSBFcmljaCBuw6NvIGVzdMOhIG11aXRvIGludGVyZXNzYWRvIG5vIHJlZ2ltZS4=,,W0hhbnNdCkFoLCB5YSB2ZW8uClBhcmEgc2VyIHNpbmNlcm8sIGFsIHByw61uY2lwZSBFcmljaCBubyBsZSBpbnRlcmVzYSBtdWNobyBlbCByw6lnaW1lbi4=
fygJ,,W0hhbnNdCkhlIHdyaXRlcyBpbiBoaXMgam91cm5hbCBkYWlseS4gT24gaGlzIHdlZGRpbmcgZGF5LCBoZSBqb3R0ZWQgZG93bjogJ0xpa2UsIG5vdGhpbmcgc3BlY2lhbCBoYXBwZW5lZCB0b2RheScuIEhlIGRvZXNuJ3QgY2FyZSBhYm91dCBjdXJyZW50IGV2ZW50cyBvciBodW1hbiByZWxhdGlvbnNoaXBzLg==,,,,,W0hhbnNdCkVsZSBlc2NyZXZlIGVtIHNldSBkacOhcmlvIGRpYXJpYW1lbnRlLiBObyBkaWEgZG8gc2V1IHByw7NwcmlvIGNhc2FtZW50bywgZWxlIGVzY3JldmV1OiAnJ1RpcG8sIG5hZGEgZGUgZXNwZWNpYWwgYWNvbnRlY2V1IGhvamUnJy4gRWxlIG7Do28gc2UgaW1wb3J0YSBjb20gZXZlbnRvcyBhdHVhaXMgb3UgcmVsYcOnw7VlcyBodW1hbm9zLg==,,W0hhbnNdCkVzY3JpYmUgZW4gc3UgZGlhcmlvIHRvZG9zIGxvcyBkw61hcy4gRW4gZWwgZMOtYSBkZSBzdSBib2RhLCBhbm90w7M6IOKAnEhveSBubyBzdWNlZGnDsyBuYWRhIGVzcGVjaWFs4oCdLiBObyBsZSBpbXBvcnRhbiBsb3MgZXZlbnRvcyBhY3R1YWxlcyBuaSB0YW1wb2NvIGxhcyByZWxhY2lvbmVzIGludGVycGVyc29uYWxlcy4=
gCgJ,,W0hhbnNdCldoYXQgaGUgbGlrZXMgaXMgbWFraW5nIGxvY2tzLgpIZSBpcyBlY2NlbnRyaWMsIGlzbid0IGhlPwpIZSBpcyBhIGtpbmQgb2YgamVzdGVyLg==,,,,,W0hhbnNdCk8gcXVlIGVsZSBnb3N0YSBtZXNtbyDDqSBkZSBmYXplciBmZWNoYWR1cmFzLgpFbGUgw6kgZXhjw6pudHJpY28sIG7Do28gYWNoYT8Kw4kgcXVhc2UgdW0gYm9ibyBkYSBjb3J0ZS4=,,W0hhbnNdCkxvIHF1ZSBsZSBndXN0YSBlcyBoYWNlciBjZXJyYWR1cmFzLgpFcyBleGPDqW50cmljbywgwr92ZXJkYWQ/CkVzIHVuYSBlc3BlY2llIGRlIGJ1ZsOzbi4=
gSgJ,,W0hhbnNdCkhlIGRvZXNuJ3QgbGlrZSBjbGFzc3kgY29zdHVtZXMgZWl0aGVyLiBIZSBkaWRuJ3QgZXZlbiBicmluZyBhIGRyZXNzIHN1aXQgaGVyZS4gQW5kIGFzIHNvb24gYXMgaGUgZ290IGhlcmUsIGhlIHdhcyBpbW1lcnNlZCBpbiBtYWtpbmcgYSBsb2NrIGFuZCBrZXksIGxpa2UgdGhhdC4=,,,,,W0hhbnNdCkVsZSB0YW1iw6ltIG7Do28gZ29zdGEgZGUgcm91cGFzIGVsZWdhbnRlcy4gRWxlIG5lbSBzZXF1ZXIgdHJvdXhlIHVtIHRyYWplIGZvcm1hbCBwYXJhIGPDoS4gRSBhc3NpbSBxdWUgY2hlZ291IGFxdWksbWVyZ3VsaG91IG5hIGNyaWHDp8OjbyBkZSB1bWEgZmVjaGFkdXJhIGUgY2hhdmUsIGFzc2ltLg==,,W0hhbnNdClRhbXBvY28gbGUgZ3VzdGFuIGxvcyB0cmFqZXMgZWxlZ2FudGVzLiBOaSBzaXF1aWVyYSB0cmFqbyB1biBhdHVlbmRvIGZvcm1hbC4gWSBhcGVuYXMgbGxlZ8OzIHNlIHB1c28gYSBmYWJyaWNhciB1bmEgY2VycmFkdXJhIHkgc3UgbGxhdmUuIEFzw60gbmFkYSBtw6FzLg==
gigJ,,W0hhbnNdCkkgZG9uJ3QgdGhpbmsgSSBoYXZlIHRoZSBwcm9wZXIgZXhwcmVzc2lvbiBmb3IgeW91Li4uIEkgZG9uJ3QgdGhpbmsgSSBoYXZlIHNvbWV0aGluZyBzcGVjaWFsIHRvIHNheSBhYm91dCBoaW0gdG8geW91LiBZb3UgY2FuIGp1c3QgYXBwcmFpc2UgaGltIGFzIHlvdSBzZWUgaGltLg==,,,,,W0hhbnNdCkFjaG8gcXVlIG7Do28gdGVuaG8gcGFsYXZyYXMgY2VydGFzIGEgcGFyYSB2b2PDqi4uLiBOw6NvIHRlbmhvIG5hZGEgZGUgZXNwZWNpYWwgcGFyYSBkaXplciBzb2JyZSBlbGUuIFZvY8OqIHBvZGUgc2ltcGxlc21lbnRlIGF2YWxpw6EtbG8gcGVsbyBvIHF1ZSBlc3TDoSB2ZW5kby4=,,W0hhbnNdCkNyZW8gcXVlIG5vIHRlbmdvIGxvIHF1ZSBuZWNlc2l0YXPigKYgQ3JlbyBxdWUgbm8gdGVuZ28gbmFkYSBlc3BlY2lhbCBxdWUgZGVjaXJ0ZSBzb2JyZSDDqWwuIFB1ZWRlcyBldmFsdWFyIGxvIHF1ZSB2ZXMgZnJlbnRlIGEgdGku
gygJ,,W0hhbnNdClRoYXQncyBhbGwgSSBjYW4gc2F5IGFib3V0IHRoaXMuIEh1aC4uLn4=,,,,,W0hhbnNdCsOJIHR1ZG8gbyBxdWUgcG9zc28gZGl6ZXIgc29icmUgaXNzby4gSHVoLi4ufg==,,W0hhbnNdCkVzIHRvZG8gbG8gcXVlIHB1ZWRvIGRlY2lyIGFsIHJlc3BlY3RvLiBFaH4u
hCgJ,,W0hhbnNdCkFoLCBQcmluY2UhCllvdSBjYW4gY3V0IHlvdXIgZmluZ2VyIQ==,,,,,W0hhbnNdCkFoLCBQcsOtbmNpcGUhClZvY8OqIHZhaSBhY2FiYXIgY29ydGFuZG8gbyBkZWRvIQ==,,W0hhbnNdCsKhQWgsIHByw61uY2lwZSEKwqFUZSBwdWVkZXMgY29ydGFyIGVsIGRlZG8h
hSgJ,,W0VyaWNoXQouLi4uLi4uLi4=,,,,,W0VyaWNoXQouLi4uLi4uLi4=,,W0VyaWNoXQouLi4uLi4uLi4=
higJ,,W0hhbnNdCi4uLkhtbSBoZSBjYW5ub3QgZXZlbiBoZWFyLi4uCk9vb29oLi4u,,,,,W0hhbnNdCi4uLkhtbSwgZWxlIG5lbSBvdXZlLi4uCk9vb29oLi4u,,W0hhbnNdCuKApk1tbSwgbmkgc2lxdWllcmEgbWUgZXNjdWNoYeKApgpPaOKApg==
hygJ,,W3t9XQouLi4uLi4=,,,,,W3t9XQouLi4uLi4=,,W3t9XQouLi4uLi4=
iCgJ,,W0hhbnNdCkRpZCB5b3UgbWVldCBvdGhlciBwcmluY2VzPw==,,,,,W0hhbnNdClZvY8OqIMOhIGNvbmhlY2V1IG9zIG91dHJvcyBwcsOtbmNpcGVzPw==,,W0hhbnNdCsK/WWEgdGUgcmV1bmlzdGUgY29uIGxvcyBvdHJvcyBwcsOtbmNpcGVzPw==
iSgJ,,W0hhbnNdCkFsdGhvdWdoIHlvdSBtYXkgYXNrIHNvbWV0aGluZywgeW91IHdpbGwgbm90IGhlYXIgYW55dGhpbmcgc3BlY2lhbCBmcm9tIGhpbSBub3cu,,,,,W0hhbnNdCk1lc21vIHF1ZSBwZXJndW50ZSBhbGdvLCBuw6NvIHZhaSBvdXZpciBuYWRhIGRlIGVzcGVjaWFsIGRlbGUgYWdvcmEu,,W0hhbnNdCkF1bnF1ZSBsZSBwcmVndW50ZXMgYWxnbywgbm8gdGUgZGlyw6EgbmFkYSBlc3BlY2lhbC4=
iigJ,,W0hhbnNdCkhlbGxvPwpBcmUgeW91IHRoZSBuZXcgYWR2ZW50dXJlciBhcHByYWlzZXI/Pw==,,,,,W0hhbnNdCk9sw6E/ClZvY8OqIGVzdMOhIGFxdWkgcGFyYSBhdmFsaWFyIG9zIHZpYWphbnRlcz8=,,W0hhbnNdCsK/SG9sYT8Kwr9FcmVzIGxhIG51ZXZhIHBlcnNvbmEgYSBjYXJnbyBkZSBsYSBldmFsdWFjacOzbj8=
iygJ,,W1VydWdlbl0KLi4uSXQgaXMgbm90IGJlYXV0aWZ1bC4KSXQgZGlzY29tZm9ydHMgbWUuLi4=,,,,,W1VydWdlbl0KLi4uTsOjbyDDqSBib25pdG8uCklzc28gbWUgaW5jb21vZGEuLi4=,,W0p1cmdlbl0K4oCmTm8gZXMgaGVybW9zby4KTWUgaW5jb21vZGHigKY=
jCgJ,,W1VydWdlbl0KSSBmZWVsIHZlcnkgbXVjaCBkaXNwbGVhc2VkLiBIZXksIHdoYXQgYXJlIHlvdSBsb29raW5nIGF0PyBHZXQgb3V0IQ==,,,,,W1VydWdlbl0KRXN0b3UgbXVpdG8gaXJyaXRhZG8uIEVpLCB0w6Egb2xoYW5kbyBvIHF1w6o/IENhaSBmb3JhIQ==,,W0p1cmdlbl0KTWUgc2llbnRvIG11eSBkaXNndXN0YWRvLiBPeWUsIMK/cXXDqSBtaXJhcz8gwqFMw6FyZ2F0ZSE=
jSgJ,,W1VydWdlbl0KTXkgYmVhdXRpZnVsIGJvZHkgaXNuJ3QgaW4gcGVyZmVjdCBjb25kaXRpb24gcmlnaHQgbm93LiBJIGRvbid0IHdhbnQgdG8gc2hvdyBpdCB0byBhbnlvbmUgdG9kYXku,,,,,W1VydWdlbl0KTWV1IGJlbG8gY29ycG8gbsOjbyBlc3TDoSBlbSBwZXJmZWl0YXMgY29uZGnDp8O1ZXMgbm8gbW9tZW50by4gTsOjbyBxdWVybyBxdWUgbmluZ3XDqW0gbWUgdmVqYSBob2plLg==,,W0p1cmdlbl0KTWkgaGVybW9zbyBjdWVycG8gbm8gZXN0w6EgZW4gcGVyZmVjdGFzIGNvbmRpY2lvbmVzIGVuIGVzdGUgbW9tZW50by4gSG95IG5vIHF1aWVybyBxdWUgbmFkaWUgbG8gdmVhLg==
jigJ,,W1VydWdlbl0KLi4uV2hhdD8gV2hhdCBkaWQgeW91Li4uCmp1c3Qgc2F5IHRvIG1lPy4uLiBIdWg/,,,,,W1VydWdlbl0KLi4uTyBxdcOqPyBPIHF1ZSB2b2PDqi4uLgphY2Fib3UgZGUgbWUgZGl6ZXI/Li4uIEjDoz8=,,W0p1cmdlbl0Kwr9RdcOpPyDCv1F1w6kgZXPigKYKbG8gcXVlIGFjYWJhcyBkZSBkZWNpcm1l4oCmPyDCv0VoPw==
jygJ,,W1ByaW5jZV0KVXV1dXVoIQpUaGF0IHBvc2l0aW9uIGlzIG5vdCBzdWl0YWJsZSBmb3IgeW91Lg==,,,,,W1Byw61uY2lwZV0KVXV1dXVoIQpFc3NhIHBvc2nDp8OjbyBuw6NvIGNvbWJpbmEgY29tIHZvY8OqLg==,,W1Byw61uY2lwZV0KwqFVaGhoaCEKRXNlIGNhcmdvIG5vIGVzIGVsIGluZGljYWRvIHBhcmEgdGku
kCgJ,,W1ByaW5jZV0KR2V0IGF3YXkgZnJvbSBtZSwgYXMgc29vbiBhcyB5b3UgY2FuLg==,,,,,W1Byw61uY2lwZV0KU2FpYSBkZSBwZXJ0byBkZSBtaW0gbyBtYWlzIHLDoXBpZG8gcG9zc8OtdmVsLg==,,W1Byw61uY2lwZV0KQWzDqWphdGUgZGUgbcOtIHRhbiBwcm9udG8gY29tbyBwdWVkYXMu
kSgJ,,W1ByaW5jZV0KTGF+IGxhbGFsYWxhfiBsYWxhbGF+CkFyZSB5b3UgdGhlIHBlcnNvbiwgc3VwcG9zZWQgdG8gbG9vayBtZSBvdmVyIGFuZCBhcHByYWlzZSBteSBxdWFsaXR5Pw==,,,,,W1Byw61uY2lwZV0KTGF+IGxhbGFsYWxhfiBsYWxhbGF+ClZvY8OqIMOpIGEgcGVzc29hIHF1ZSBkZXZlIG1lIG9ic2VydmFyIGUgYXZhbGlhciBtaW5oYXMgcXVhbGlkYWRlcz8=,,W1Byw61uY2lwZV0KTGF+LCBhLCBsYSwgbGEsIGxhfiwgYSwgbGEsIGxhfi4Kwr9TZSBzdXBvbmUgcXVlIHTDuiBlcmVzIGxhIHBlcnNvbmEgcXVlIG1lIGV4YW1pbmFyw6EgeSBldmFsdWFyw6EgbWlzIGNhcGFjaWRhZGVzPw==
kigJ,,W1ByaW5jZV0KVGhlIGRhZmZvZGlsIHlvdSBhcmUgZ2F6aW5nIGF0IGlzIGNhbGxlZCBVcnVnZW4uIEl0IGJsb29tZWQgYXQgV2lnbmVyIGZhbWlseS4=,,,,,W1Byw61uY2lwZV0KTyBuYXJjaXNvIHF1ZSB2b2PDqiBlc3TDoSBhZG1pcmFuZG8gY2hhbWEtc2UgVXJ1Z2VuLiBFbGUgZmxvcmVzY2V1IG5hIGZhbcOtbGlhIFdpZ25lci4=,,W1Byw61uY2lwZV0KRWwgbmFyY2lzbyBxdWUgZXN0w6FzIGNvbnRlbXBsYW5kbyBzZSBsbGFtYSBKdXJnZW4uIEZsb3JlY2nDsyBlbiBsYSBmYW1pbGlhIFdpZ25lci4=
kygJ,,W1VydWdlbl0KSSB1c3VhbGx5IGRvbid0IGxldCBhbnlvbmUgaGVhciBteSBiZWF1dGlmdWwgdm9pY2UsIGJ1dCB0aGlzIHRpbWUsIEkgd2lsbCBnaXZlIGEgc3BlY2lhbCBzZXJ2aWNlIGZvciB5b3Uu,,,,,W1VydWdlbl0KTm9ybWFsbWVudGUsIG7Do28gcGVybWl0byBxdWUgb3XDp2FtIG1pbmhhIGJlbGEgdm96LCBtYXMsIGRlc3RhIHZleiwgZmFyZWkgdW0gc2VydmnDp28gZXNwZWNpYWwgcGFyYSB2b2PDqi4=,,W0p1cmdlbl0KTm9ybWFsbWVudGUsIG5vIGRlam8gcXVlIG5hZGllIGVzY3VjaGUgbWkgaGVybW9zYSB2b3osIHBlcm8gZGVqYXLDqSBxdWUgbG8gaGFnYXMgZXN0YSB2ZXogY29tbyB1biBzZXJ2aWNpbyBlc3BlY2lhbC4=
lCgJ,,W1VydWdlbl0KTGlzdGVuLgpMZXQgbWUgYW5zd2VyIHdpdGggbXkKdW5mb3JnZXR0YWJsZSwgY2xlYXIgYW5kIGJlYXV0aWZ1bCB2b2ljZS4=,,,,,W1VydWdlbl0KRXNjdXRlLgpEZWl4ZS1tZSByZXNwb25kZXIgY29tIG1pbmhhCmluZXNxdWVjw612ZWwsIGNsYXJhIGUgYmVsYSB2b3ou,,W0p1cmdlbl0KRXNjdWNoYS4KRMOpamFtZSByZXNwb25kZXJ0ZSBjb24gbWkKaW5vbHZpZGFibGUsIGNsYXJhIHkgaGVybW9zYSB2b3ou
lSgJ,,SSB3YW50IHRvIGtub3cgeW91ciBiYWNrZ3JvdW5kLg==,,,,,UXVlcm8gc2FiZXIgc29icmUgYSBzdWEgb3JpZ2VtLg==,,UXVpZXJvIHNhYmVyIHNvYnJlIHR1IHBhc2Fkby4=
ligJ,,TGV0IG1lIGtub3cgeW91ciB2aWV3IG9mIHRoZSBuYXRpb24u,,,,,TWUgZmFsZSBzdWEgdmlzw6NvIHNvYnJlIG8gcmVpbm8u,,UXVpZXJvIHNhYmVyIHR1IG9waW5pw7NuIHNvYnJlIGxhIG5hY2nDs24u
lygJ,,V2hhdCBhcmUgeW91ciBob2JiaWVzIG9yIHRhc3Rlcz8=,,,,,UXVhaXMgc8OjbyBzZXVzIGhvYmJpZXMgb3UgaW50ZXJlc3Nlcz8=,,wr9DdcOhbGVzIHNvbiB0dXMgcGFzYXRpZW1wb3MgbyBpbnRlcmVzZXM/
mCgJ,,TGV0IG1lIGxlYXZlLg==,,,,,UHJlZmlybyBpciBlbWJvcmEu,,RMOpamFtZSBpci4=
mSgJ,,W1VydWdlbl0KTXkgZGFzaGluZyBmYWNlIGZyb20KY2hpbGRob29kIGJyb3VnaHQgZW52eSBhbmQgamVhbG91c3kgZnJvbSBtZW4sIGFuZCBlbmRsZXNzIHByb3Bvc2FscyBmcm9tIHdvbWVuLiBJIGZlbHQgc2ljayB3aXRoIGl0LCBzbyBJIGNhbWUgdG8gYmUgYXdheSBmcm9tIHBlb3BsZS4=,,,,,W1VydWdlbl0KTWV1IHJvc3RvIGVuY2FudGFkb3IgZGVzZGUgYSBpbmbDom5jaWEgZGVzcGVydG91IGludmVqYSBlIGNpw7ptZXMgbm9zIGhvbWVucywgZSBwcm9wb3N0YXMgaW50ZXJtaW7DoXZlaXMgZGFzIG11bGhlcmVzLiBGaXF1ZWkgZW5qb2FkbyBkaXNzbyB0dWRvIGUgbWUgYWZhc3RlaSBkYXMgcGVzc29hcy4=,,W0p1cmdlbl0KRHVyYW50ZSBtaSBpbmZhbmNpYSwgbWkgaGVybW9zbyByb3N0cm8KYXRyYWpvIGxhIGVudmlkaWEgeSBsb3MgY2Vsb3MgZGUgbG9zIGhvbWJyZXMsIHkgdW4gc2luZsOtbiBkZSBwcm9wdWVzdGFzIHBvciBwYXJ0ZSBkZSBsYXMgbXVqZXJlcy4gTWUgc2VudMOtYSBtYWwgY29uIHRhbnRhIGF0ZW5jacOzbiwgYXPDrSBxdWUgdmluZSBwYXJhIGFsZWphcm1lIGRlIGxhIGdlbnRlLg==
migJ,,W1VydWdlbl0KTXkgYmVhdXRpZnVsIHBlcnNvbgpzaG91bGRuJ3QgYmVhciBzdHVmZiBsaWtlIHRoYXQgc29tZXRpbWVzLg==,,,,,W1VydWdlbl0KQWxndcOpbSB0w6NvIGJlbG8gcXVhbnRvIGV1LCDDoHMgdmV6ZXMsIG7Do28gZGV2ZXJpYSB0ZXIgcXVlIGxpZGFyIGNvbSBlc3NhcyBjb2lzYXMu,,W0p1cmdlbl0KTWkgaGVybW9zbyBzZXIKbm8gZGViZXLDrWEgc29wb3J0YXIgY29zYXMgYXPDrS4=
mygJ,,W1VydWdlbl0KSSBiZWNhbWUgdGltaWQsIGdyYWR1YWxseSwgaW4gcGhhc2VzLiBJIGZlZWwgYXdlIGZyb20gbWVuIGFuZCB3b21lbiBib3RoLCByZWdhcmRsZXNzIG9mIHNleHVhbGl0eS4=,,,,,W1VydWdlbl0KRnVpIG1lIHRvcm5hbmRvIHTDrW1pZG8gYW9zIHBvdWNvcy4gU2ludG8gYWRtaXJhw6fDo28gdmluZG8gZGUgaG9tZW5zIGUgbXVsaGVyZXMsIGluZGVwZW5kZW50ZW1lbnRlIGRhIHNleHVhbGlkYWRlLg==,,W0p1cmdlbl0KUG9jbyBhIHBvY28sIG1lIHZvbHbDrSB0w61taWRvIHBvciBldGFwYXMuIFRhbnRvIGhvbWJyZXMgY29tbyBtdWplcmVzIG1lIGFkbWlyYW4sIGluZGVwZW5kaWVudGVtZW50ZSBkZSBzdSBzZXh1YWxpZGFkLg==
nCgJ,,W1VydWdlbl0KUGVvcGxlIHNob3VsZCBkbyB3aGF0IHRoZXkgYXJlIHN1cHBvc2VkIHRvIGRvLiBUaGF0J3MgdGhlIHNvdXJjZSBvZiBkcml2ZSBmb3IgYSBuYXRpb24uIEZvciBtZSwgbXkgZXhpc3RlbmNlIHdpbGwgYmUgZW5vdWdoLCBmb3IgdGhlIG5hdGlvbi4=,,,,,W1VydWdlbl0KQXMgcGVzc29hcyBkZXZlbSBjdW1wcmlyIHNldXMgcGFww6lpcy4gSXNzbyDDqSBvIHF1ZSBpbXB1bHNpb25hIHVtYSBuYcOnw6NvLiBObyBtZXUgY2FzbywgbWluaGEgcHLDs3ByaWEgZXhpc3TDqm5jaWEgasOhIMOpIHN1ZmljaWVudGUgcGFyYSBvIHJlaW5vLg==,,W0p1cmdlbl0KTGEgZ2VudGUgZGViZSBoYWNlciBsbyBxdWUgc2Ugc3Vwb25lIHF1ZSBkZWJlIGhhY2VyLiBFc28gZXMgbG8gcXVlIGltcHVsc2EgYSB1bmEgbmFjacOzbi4gRW4gbWkgY2FzbywgbWkgZXhpc3RlbmNpYSBzZXLDoSBzdWZpY2llbnRlIHBhcmEgbGEgbmFjacOzbi4=
nSgJ,,W1VydWdlbl0KVGhlIHByZXNlbmNlIG9mIHN1Y2ggYSBnb3JnZW91cyBraW5nIGxpa2UgbWUgd2lsbCBiZSB0aGUgbGlnaHQgZm9yIHBlb3BsZSBhbmQgdGhlIGhvcGUgYW5kIHJlYXNvbiBmb3IgdGhlaXIgbGl2ZXMu,,,,,W1VydWdlbl0KQSBwcmVzZW7Dp2EgZGUgdW0gcmVpIHTDo28gZGVzbHVtYnJhbnRlIHF1YW50byBldSBzZXLDoSBhIGx1eiBwYXJhIG8gcG92byDigJQgYSBlc3BlcmFuw6dhIGUgbyBzZW50aWRvIGRhIHZpZGEgZGVsZXMu,,W0p1cmdlbl0KTGEgcHJlc2VuY2lhIGRlIHVuIHJleSB0YW4gaGVybW9zbyBjb21vIHlvIHNlcsOhIGxhIGx1eiwgbGEgZXNwZXJhbnphIHkgbGEgcmF6w7NuIGRlIHN1cyB2aWRhcy4=
nigJ,,W1VydWdlbl0KRm9yIHN1cmUsIHRha2luZyBjYXJlIG9mIG15IGJvZHkuIEh1bWFucyBzaG91bGQgcHVyc3VlIGJlYXV0eS4gSXQncyBxdWl0ZSBuYXR1cmFsLCBpc24ndCBpdD8=,,,,,W1VydWdlbl0KQ29tIGNlcnRlemEsIGN1aWRhciBkbyBtZXUgY29ycG8uIE9zIHNlcmVzIGh1bWFub3MgZGV2ZW0gYnVzY2FyIGEgYmVsZXphLiDDiSBtdWl0byBuYXR1cmFsLCBuw6NvIMOpPw==,,W0p1cmdlbl0KU2luIGR1ZGEsIGN1aWRhciBtaSBjdWVycG8uIEVsIHNlciBodW1hbm8gZGViZSBwZXJzZWd1aXIgbGEgYmVsbGV6YS4gRXMgbG8gbm9ybWFsLCDCv25vPw==
nygJ,,W1VydWdlbl0KSW4gZXZlcnkgY2FzZSwgdGhlcmUgaXMgYW4gZXhjZXB0aW9uLCBsaWtlIHlvdSBpbiB0aGlzIGNvdXJ0LiBDYW4geW91IHN0YW5kIGF3YXkgZnJvbSBtZSBhIGJpdCBtb3JlPyBCZWNhdXNlIG9mIHlvdXIgb2RvciwgSSBjYW4gaGFyZGx5IGJyZWF0aGUu,,,,,W1VydWdlbl0KRW0gdG9kb3Mgb3MgY2Fzb3MsIGjDoSB1bWEgZXhjZcOnw6NvLCBjb21vIHZvY8OqIGFxdWkgbmVzdGEgY29ydGUuIFBvZGUgc2UgYWZhc3RhciB1bSBwb3VjbyBtYWlzIGRlIG1pbT8gUG9yIGNhdXNhIGRlIHNldSBvZG9yLCBtYWwgY29uc2lnbyByZXNwaXJhci4=,,W0p1cmdlbl0KUGVybyBzaWVtcHJlIGhheSB1bmEgZXhjZXBjacOzbiwgY29tbyB0dSBwcmVzZW5jaWEgZW4gZXN0YSBjb3J0ZS4gwr9QdWVkZXMgYWxlamFydGUgdW4gcG9jbyBtw6FzIGRlIG3DrT8gQXBlbmFzIHB1ZWRvIHJlc3BpcmFyIGRlYmlkbyBhIHR1IG9sb3Iu
oCgJ,,W1VydWdlbl0KWW91ciBzcGlyaXQgbXVzdCBiZSBzbyBzdHJvbmcuIExvb2tpbmcgb3ZlciBteSBiZWF1dHkgc28gbG9uZyBhIHRpbWUsIHlvdSBoYXZlbid0IGxvc3QgeW91ciBzcGlyaXQgeWV0Lg==,,,,,W1VydWdlbl0KU2V1IGVzcMOtcml0byBkZXZlIHNlciBtdWl0byBmb3J0ZS4gT2xoYXIgbWluaGEgYmVsZXphIHBvciB0YW50byB0ZW1wbyBlIGFpbmRhIG1hbnRlciBhIGNvbXBvc3R1cmEu,,W0p1cmdlbl0KVHUgZXNww61yaXR1IGRlYmUgc2VyIG11eSBmdWVydGUuIFlhIGxsZXZhcyBiYXN0YW50ZSB0aWVtcG8gZnJlbnRlIGEgbWkgaGVybW9zYSBwcmVzZW5jaWEsIHBlcm8gdG9kYXbDrWEgbm8gcGllcmRlcyBsYSByYXrDs24u
oSgJ,,W0hlbG11dF0KU3VjaCBhbiBpZGlvdC4gSSBzaG91bGQgaGF2ZSBraWxsZWQgaGltIGVhcmxpZXIuIE5vdyBJIGZlZWwgcmVsaWV2ZWQu,,,,,W0hlbG11dF0KUXVlIGlkaW90YS4gRXUgZGV2ZXJpYSB0w6otbG8gbWF0YWRvIGFudGVzLiBBZ29yYSBtZSBzaW50byBhbGl2aWFkby4=,,W0hlbG11dF0KUXXDqSBpZGlvdGEuIERlYmVyw61hIGhhYmVybG8gbWF0YWRvIGFudGVzLiBBaG9yYSBtZSBzaWVudG8gYWxpdmlhZG8u
oigJ,,W0hlbG11dF0KRGFtbi4uLiBEYW1uIGl0IQpOb3ZpY2Ugb2YgV2FsdGVyISEKSG93IGNhbiBJIGRlYWwgd2l0aCB0aGlzIHN0cmVzcz8gRGFtbiEgSGVsbCE=,,,,,W0hlbG11dF0KRHJvZ2EuLi4gRHJvZ2EhCkFwcmVuZGl6IGRvIFdhbHRlciEhIQpDb21vIHBvc3NvIGxpZGFyIGNvbSBlc3NlIGVzdHJlc3NlPyBRdWUgZHJvZ2EhIEluZmVybm8h,,W0hlbG11dF0KTWFsZGl0YSBzZWHigKYgwqFNYWxkaXRhIHNlYSEKwqFQcmluY2lwaWFudGUgZGUgV2FsdGVyIQrCv0PDs21vIHB1ZWRvIGxpZGlhciBjb24gZXN0ZSBlc3Ryw6lzPyDCoU1hbGRpdGEgc2VhISDCoURlbW9uaW9zIQ==
oygJ,,LUhlIGlzIHNvIGJsdXNoZWQsCmV2aWRlbnRseSBzaG93biBvbiBoaXMgZmFjZS4t,,,,,LUVsZSBlc3TDoSB2aXNpdmVsbWVudGUgaXJyaXRhZG8sIG8gcm9zdG8gdG9kbyBjb3JhZG8uLQ==,,KEVzdMOhIG11eSBzb25yb2phZG8sCmVzIG11eSBvYnZpbyBhbCB2ZXIgc3Ugcm9zdHJvKS4=
pCgJ,,W0hlbG11dF0KWW91IGFyZSBub3Qgc3VwcG9zZWQgdG8gYmUgaGVyZSEgQ2FuJ3QgeW91IGtlZXAgYXdheSBmcm9tIG1lIQ==,,,,,W0hlbG11dF0KVm9jw6ogbsOjbyBkZXZlcmlhIGVzdGFyIGFxdWkhIETDoSBwcmEgc2UgYWZhc3RhciBkZSBtaW0/,,W0hlbG11dF0KwqFObyBkZWJlcsOtYXMgZXN0YXIgYXF1w60hIMKhQWzDqWphdGUgZGUgbcOtIQ==
pSgJ,,W0hlbG11dF0KQXJlIHlvdSB0aGUgbmV3IGFwcHJhaXNlcj8gSSBhbSBmZWQgdXAgd2l0aCB0aGUgbWFueSB2aXNpdG9ycyEgTGV0J3MgdGFrZSB1cCB0aGUgbWFpbiBzdWJqZWN0IQ==,,,,,W0hlbG11dF0KVm9jw6ogw6kgbyBub3ZvIGF2YWxpYWRvcj8gRXN0b3UgZmFydG8gZGUgdGFudG9zIHZpc2l0YW50ZXMhIFZhbW9zIGRpcmV0byBhbyBhc3N1bnRvIQ==,,W0hlbG11dF0Kwr9FcmVzIGVsIG51ZXZvIGV2YWx1YWRvcj8gwqFFc3RveSBoYXJ0byBkZSB0YW50b3MgdmlzaXRhbnRlcyEgwqFSZXRvbWVtb3MgZWwgdGVtYSBwcmluY2lwYWwh
pigJ,,LVdoYXQgd29yZHMgZG8gSSBoYXZlIHRvIHN0YXJ0IHdpdGg/LQ==,,,,,LUNvbSBxdWUgcGFsYXZyYXMgZGV2byBjb21lw6dhcj8=,,KMK/Q29uIHF1w6kgZGViZXLDrWEgZW1wZXphcj8pLg==
pygJ,,WW91ciBiYWNrZ3JvdW5kLi4u,,,,,U3VhIG9yaWdlbS4uLg==,,VHVzIGFudGVjZWRlbnRlc+KApg==
qCgJ,,WW91ciBhbWJpdGlvbi4uLg==,,,,,U3VhIGFtYmnDp8Ojby4uLg==,,VHUgYW1iaWNpw7Nu4oCm
qSgJ,,WW91ciB2aWV3IG9mIHRoZSBuYXRpb24uLi4=,,,,,U3VhIHZpc8OjbyBzb2JyZSBvIHJlaW5vLi4u,,VHUgb3BpbmnDs24gZGUgbGEgbmFjacOzbuKApg==
qigJ,,SSB3YW50IHRvIG1lZXQgb3RoZXJzIGZpcnN0Lg==,,,,,UXVlcm8gY29uaGVjZXIgb3Mgb3V0cm9zIHByaW1laXJvLg==,,UHJpbWVybywgcXVpZXJvIGNvbm9jZXIgYSBsb3MgZGVtw6FzLg==
qygJ,,W0hlbG11dF0KSSBkb24ndCBrbm93IGhvdyBvdGhlcnMgcmVhY3QgYnV0LCBJIGZlZWwgdmVyeSB1cHRpZ2h0IHdpdGggeW91ciBxdWVzdGlvbi4gSSBzaG91bGRuJ3QsIGJ1dCwgSSBkb24ndCBoYXZlIGEgZGlmZmVyZW50IHZpZXch,,,,,W0hlbG11dF0KTsOjbyBzZWkgY29tbyBvcyBvdXRyb3MgcmVhZ2VtLCBtYXMgbWUgc2ludG8gbXVpdG8gdGVuc28gY29tIHN1YSBwZXJndW50YS4gRXUgbsOjbyBkZXZlcmlhLCBtYXMgbsOjbyB0ZW5obyB1bWEgdmlzw6NvIGRpZmVyZW50ZSE=,,W0hlbG11dF0KTm8gc8OpIGPDs21vIHJlYWNjaW9uYXJvbiBsb3MgZGVtw6FzLCBwZXJvIG5vIG1lIHNpZW50byBjw7Ntb2RvIGNvbiB0dXMgcHJlZ3VudGFzLiBObyBkZWJlcsOtYSwgcGVybyBubyB0ZW5nbyB1bmEgb3BpbmnDs24gZGlmZXJlbnRlLg==
rCgJ,,W0hlbG11dF0KSSBhbSB0aGUgcHJpbmNlOyBpZiB5b3UgZ3J1bWJsZSwgeW91IGJlY29tZSBwcmluY2UhIEkgZmVlbCB0aXJlc29tZSB3aXRoIHRoaXMga2luZCBvZiBxdWVzdGlvbmluZy4=,,,,,W0hlbG11dF0KRXUgc291IG8gcHLDrW5jaXBlOyBzZSB2b2PDqiByZXNtdW5nYXIsIHZvY8OqIHNlIHRvcm5hIG8gcHLDrW5jaXBlISBFc3RvdSBjYW5zYWRvIGNvbSBlc3NlIHRpcG8gZGUgcGVyZ3VudGEu,,W0hlbG11dF0KU295IGVsIHByw61uY2lwZS4gTm8gcHVlZGVzIGNvbnZlcnRpcnRlIGVuIHByw61uY2lwZSBzaW4gc2VyIGdydcOxw7NuLiBNZSBjYW5zYSBlc3RlIHRpcG8gZGUgcHJlZ3VudGFzLg==
rSgJ,,W3t9XQouLi4uLi4uLi4uLi4KWWVzLCBJIHVuZGVyc3RhbmQuIEdvIGFoZWFkLi4u,,,,,W3t9XQouLi4uLi4uLi4uLi4KU2ltLCBldSBlbnRlbmRvLiBDb250aW51ZS4uLg==,,W3t9XQouLi4uLi4uLi4uLi4KU8OtLCBlbnRpZW5kby4gQWRlbGFudGXigKY=
rigJ,,W0hlbG11dF0KSSBhbSBIZWxtdXQgZnJvbSBSb2V3ZW5idXJnLgpXaGF0IEkgbGlrZSBpcyBzbWVsbGluZyBibG9vZCBpbiB0aGUgYmF0dGxlZmllbGQsIGFuZCBJIGVuam95IGZlc3RpdmFscyB0b28u,,,,,W0hlbG11dF0KRXUgc291IEhlbG11dCwgZGUgUm9ld2VuYnVyZy4KTyBxdWUgZXUgZ29zdG8gw6kgZGUgc2VudGlyIG8gY2hlaXJvIGRlIHNhbmd1ZSBubyBjYW1wbyBkZSBiYXRhbGhhIGUgdGFtYsOpbSBnb3N0byBkZSBmZXN0aXZhaXMu,,W0hlbG11dF0KU295IEhlbG11dCBkZSBSb2V3ZW5idXJnLgpNZSBndXN0YSBlbCBvbG9yIGRlIGxhIHNhbmdyZSBlbiBlbCBjYW1wbyBkZSBiYXRhbGxhLCBhdW5xdWUgdGFtYmnDqW4gbWUgZ3VzdGFuIGxvcyBmZXN0aXZhbGVzLg==
rygJ,,W0hlbG11dF0KV2hhdCBJIGhhdGUgaXMgc3RpY2tpbmcgdG8gZm9ybWFsaXR5LCBhbmQgdGFsa2luZyBtdWNoLiBBcyBmb3IgYW1iaXRpb24/IFdoYXQgYW0gSSBnb2luZyB0byBkbyB3aGVuIEkgYmVjb21lLi4uIGtpbmcuLi4/PyBJIGFtIGFza2VkIHRoaXMgcXVlc3Rpb24gbWFueSB0aW1lcy4=,,,,,W0hlbG11dF0KTyBxdWUgZXUgb2RlaW8gw6kgc2VndWlyIGZvcm1hbGlkYWRlcyBlIGZhbGFyIGRlbWFpcy4gUXVhbnRvIMOgIGFtYmnDp8Ojbz8gTyBxdWUgdm91IGZhemVyIHF1YW5kbyBtZSB0b3JuYXIuLi4gcmVpLi4uPyBNZSBwZXJndW50YW0gaXNzbyBvIHRlbXBvIHRvZG8u,,W0hlbG11dF0KTG8gcXVlIG9kaW8gZXMgY2XDsWlybWUgYSBsYSBmb3JtYWxpZGFkIHkgaGFibGFyIG11Y2hvLiDCv1kgZW4gY3VhbnRvIGEgbGEgYW1iaWNpw7NuPyDCv1F1w6kgaGFyw6kgY3VhbmRvIG1lIGNvbnZpZXJ0YeKApiBlbiByZXnigKY/IE11Y2hvcyBtZSBoYW4gaGVjaG8gZXNhIHByZWd1bnRhLg==
sCgJ,,W0hlbG11dF0KV2hlbiBJIGJlY29tZSBraW5nLCBJIHdpbGwgcmVpbmZvcmNlIG91ciB0cm9vcHMgYW5kIGNvbnF1ZXIgY29udGluZW50IGFmdGVyIHVuaWZpY2F0aW9uIG9mIGNvbnRpbmVudDsgSSB3aWxsIGVyYWRpY2F0ZSBhbGwgdGhlIG1vbnN0ZXJzIHRoYXQgYXJlIGhhcm1mdWwgdG8gbXkgcGVvcGxlIQ==,,,,,W0hlbG11dF0KUXVhbmRvIGV1IG1lIHRvcm5hciByZWksIHJlZm9yw6dhcmVpIG5vc3NhcyB0cm9wYXMgZSBjb25xdWlzdGFyZWkgY29udGluZW50ZSBhcMOzcyBjb250aW5lbnRlOyBlcnJhZGljYXJlaSB0b2RvcyBvcyBtb25zdHJvcyBxdWUgYW1lYcOnYW0gbWV1IHBvdm8h,,W0hlbG11dF0KQ3VhbmRvIG1lIGNvbnZpZXJ0YSBlbiByZXksIHJlZm9yemFyw6kgbnVlc3RyYXMgdHJvcGFzIHkgY29ucXVpc3RhcsOpIGNvbnRpbmVudGUgdHJhcyBjb250aW5lbnRlLiDCoUVycmFkaWNhcsOpIGEgdG9kb3MgbG9zIG1vbnN0cnVvcyBxdWUgc29uIHVuYSBhbWVuYXphIHBhcmEgbWkgcHVlYmxvIQ==
sSgJ,,W0hlbG11dF0Kfkt1ZmZrdWZmfiEgSSBoYXZlIGEgc29yZSB0aHJvYXQhIEl0J3MgYmVlbiBhIHdoaWxlIHNpbmNlIEkndmUgdXNlZCBteSB0aHJvYXQuIH5LdWZma3VmZn4h,,,,,W0hlbG11dF0Kfkt1ZmZrdWZmfiEgRXN0b3UgY29tIGRvciBkZSBnYXJnYW50YSEgSsOhIGZheiBhbGd1bSB0ZW1wbyBxdWUgbsOjbyBmYWxvIHRhbnRvLiB+S3VmZmt1ZmZ+IQ==,,W0hlbG11dF0KKlRvc2V+LCB0b3NlfiogwqFNZSBkdWVsZSBsYSBnYXJnYW50YSEgSGFjZSB0aWVtcG8gcXVlIG5vIHVzYWJhIG1pIGdhcmdhbnRhLiAqVG9zZX4sIHRvc2V+Kg==
sigJ,,W0hlbG11dF0KSGV5IENhbGJlcm4hCkJyaW5nIGJlZXIhIEJlZXIh,,,,,W0hlbG11dF0KRWksIENhbGJlcm4hClRyYWdhIGNlcnZlamEhIENlcnZlamEh,,W0hlbG11dF0KwqFPeWUsIENhbGJlcm4hCsKhVHLDoWVtZSB1bmEgY2VydmV6YSEgwqFDZXJ2ZXphIQ==
sygJ,,W0hlbG11dF0KV2h5IGFyZSB5b3Ugc3RpbGwgc3RhbmRpbmcgdGhlcmU/IEkgaGF2ZSBub3RoaW5nIGVsc2UgdG8gc2F5IHRvIHlvdSEgU3RhbmQgYmFjayE=,,,,,W0hlbG11dF0KUG9yIHF1ZSBhaW5kYSBlc3TDoSBhw60gcGFyYWRvPyBOw6NvIHRlbmhvIG1haXMgbmFkYSBwcmEgdGUgZGl6ZXIhIENhaSBmb3JhIQ==,,W0hlbG11dF0Kwr9Qb3IgcXXDqSBzaWd1ZXMgYWjDrSBkZSBwaWU/IMKhTm8gdGVuZ28gbmFkYSBtw6FzIHF1ZSBkZWNpcnRlISDCoUF0csOhcyE=
tCgJ,,W3t9XQpObywgUHJpbmNlLApJIHdpbGwgYmUgYmFjayBsYXRlci4=,,,,,W3t9XQpOw6NvLCBQcsOtbmNpcGUsCkV1IHZvbHRhcmVpIG1haXMgdGFyZGUu,,W3t9XQpObywgcHLDrW5jaXBlLAp2b2x2ZXLDqSBtw6FzIHRhcmRlLg==
tSgJ,,W0hlbG11dF0KQWxyaWdodCwgdXAgdG8geW91LgpIZXkhIEhleSBDYWxiZXJuIQpNb3ZlIHlvdXIgYXNzIGhlcmUgd2l0aCBiZWVyISBEbyB5b3Ugd2FudCB0byBiZSBiZWF0ZW4gZG93bj8=,,,,,W0hlbG11dF0KVHVkbyBiZW0sIGNvbW8gcXVpc2VyLgpFaSEgRWksIENhbGJlcm4hCk1leGEtc2UgZSB0cmFnYSBsb2dvIGEgY2VydmVqYSEgVm9jw6ogcXVlciBsZXZhciB1bWEgc3VycmE/,,W0hlbG11dF0KTXV5IGJpZW4sIGNvbW8gcXVpZXJhcy4KwqFPeWUhIMKhT3llLCBDYWxiZXJuIQrCoUFwcmVzw7pyYXRlIGNvbiBlc2EgY2VydmV6YSEgwr9RdWllcmVzIHF1ZSB0ZSBkZW4gdW5hIHBhbGl6YT8=
tigJ,,W0NhbGJlcm5dCkhvdyBhcmUgeW91IGRvaW5nLCBzaXI/CkkgYW0gdGhlIHNlcnZhbnQKb2YgUHJpbmNlIEhlbG11dC4uLiAuLi4KQ2FsYmVybi4=,,,,,W0NhbGJlcm5dCkNvbW8gdmFpPwpFdSBzb3UgbyBjcmlhZG8KZG8gUHLDrW5jaXBlIEhlbG11dC4uLiAuLi4KQ2FsYmVybi4=,,W0NhbGJlcm5dCsK/Q8OzbW8gZXN0w6FzLCB0cm90YW11bmRvcz8KU295IGVsIGNyaWFkbwpkZWwgcHLDrW5jaXBlIEhlbG11dOKApgpDYWxiZXJuLg==
tygJ,,W0NhbGJlcm5dCk9vcHMsIEkgYW0gc28gc29ycnkuCkkgZ290IGJ1c2luZXNzLi4u,,,,,W0NhbGJlcm5dCk9wYSwgbWUgZGVzY3VscGUuCkV1IHRlbmhvIGFzc3VudG9zIGEgcmVzb2x2ZXIuLi4=,,W0NhbGJlcm5dCkF5LCBsbyBzaWVudG8gbXVjaG8uCkVzdG95IG9jdXBhZG/igKY=
uCgJ,,W1BvZV0KV2hhdGV2ZXIgdGhlIGNvbmRpdGlvbiBpcywgaGUgaXMganVzdCBhIGxvc2VyIGluIHRoZSBtYXRjaCBvZiBsaWZlLg==,,,,,W1BvZV0KU2VqYSBxdWFsIGZvciBhIGNvbmRpw6fDo28sIGVsZSDDqSBhcGVuYXMgdW0gcGVyZGVkb3IgbmEgcGFydGlkYSBkYSB2aWRhLg==,,W1BvZV0KTm8gaW1wb3J0YSBzdSBjb25kaWNpw7NuLCBlcyB1biBwZXJkZWRvciBlbiBsbyBxdWUgZXMgZWwganVlZ28gZGUgbGEgdmlkYS4=
uSgJ,,W1BvZV0KSGUgZ2F2ZSB1cCB3aXRob3V0IGFueSBjaGFsbGVuZ2UuIFRoYXQncyBub3Qgd2hhdCB0aGUgbWFuIGhhcyB0byBkby4gSGUgaXMgbm90IGFzIGdvb2QgYXMgbWUuIEJ1dCBva2F5LiBJIGFtIGRpc2FwcG9pbnRlZCBpbiBoaW0uIEVpZ2VuIEFocnVtLi4u,,,,,W1BvZV0KRWxlIGRlc2lzdGl1IHNlbSBuZW0gdGVudGFyLiBJc3NvIG7Do28gw6kgY29pc2EgZGUgaG9tZW0uIEVsZSBuw6NvIMOpIHTDo28gYm9tIHF1YW50byBldS4gTWFzIHR1ZG8gYmVtLiBFc3RvdSBkZWNlcGNpb25hZG8gY29tIGVsZS4gRWlnZW4gQWhydW0uLi4=,,W1BvZV0KU2UgcmluZGnDsyBzaW4gc2lxdWllcmEgaW50ZW50YXJsby4gRXNvIG5vIGVzIGxvIHF1ZSB0aWVuZSBxdWUgaGFjZXIuIE5vIGVzIHRhbiBidWVubyBjb21vIHlvLiBQZXJvIGJ1ZW5vLiBNZSBkZWNlcGNpb27Dsy4gRWlnZW4gQWhydW3igKY=
uigJ,,W1BvZV0KLi4uLi4u,,,,,W1BvZV0KLi4uLi4u,,W1BvZV0KLi4uLi4u
uygJ,,W1ByaW5jZV0KSGksIGhvdyBhcmUgeW91PwpJIGRvbid0IHRoaW5rIHlvdSBkZXNlcnZlIHRvIGJlIGhlcmUuIFdoYXQgYWJvdXQgc2V0dGluZyBzdHJhaWdodCB5b3VyIGdlbmVhbG9neSBmaXJzdCBhbmQgdGhlbiBjb21lIGJhY2s/,,,,,W1Byw61uY2lwZV0KT2ksIHR1ZG8gYmVtPwpBY2hvIHF1ZSB2b2PDqiBuw6NvIG1lcmVjZSBlc3RhciBhcXVpLiBRdWUgdGFsIGRlaXhhciBhIHN1YSBnZW5lYWxvZ2lhIGVtIG9yZGVtIHByaW1laXJvIGUgZGVwb2lzIHZvbHRhcj8=,,W1Byw61uY2lwZV0KSG9sYSwgwr9jw7NtbyBlc3TDoXM/Ck5vIGNyZW8gcXVlIHRlbmdhcyBlbCBkZXJlY2hvIGRlIGVzdGFyIGFxdcOtLiDCv1kgc2kgcHJpbWVybyBzb2x1Y2lvbmFzIGVsIHRlbWEgZGUgdHUgcHJvY2VkZW5jaWEgeSBsdWVnbyByZWdyZXNhcz8=
vCgJ,,W1ByaW5jZV0KQ29tZSBoZXJlLgpZb3UgYXJlIHRoZSBhZHZlbnR1cmVyIQpJIGxvdmUgdGhlIGNoYWxsZW5nZSBvZiBoYXJkIHRyaXBzIHRvby4gVGFsa2F0aXZlIG9sZCBtZW4gYW5kIHRoZWlyIGFkdmVudHVyZXMuLi4gWW91IGNhbid0IG1ha2UgbWUgc3RvcCBhZHZlbnR1cmluZy4uLg==,,,,,W1Byw61uY2lwZV0KVmVuaGEgY8OhLgpWb2PDqiDDqSBvIHZpYWphbnRlIQpFdSB0YW1iw6ltIGFkb3JvIG8gZGVzYWZpbyBkZSBqb3JuYWRhcyBkaWbDrWNlaXMuIFZlbGhvcyB0YWdhcmVsYXMgZSBzdWFzIGF2ZW50dXJhcy4uLiBOYWRhIHZhaSBtZSBpbXBlZGlyIGRlIGNvbnRpbnVhciB2aXZlbmRvIGFzIG1pbmhhcyE=,,W1Byw61uY2lwZV0KVmVuIGFxdcOtLgrCoUVyZXMgZWwgdHJvdGFtdW5kb3MhCkEgbcOtIHRhbWJpw6luIG1lIGVuY2FudGEgZWwgZGVzYWbDrW8gZGUgbG9zIHZpYWplcyBkaWbDrWNpbGVzLiBFc2N1Y2hhciBhIGxvcyBhbmNpYW5vcyBwYXJsYW5jaGluZXMgeSBzdXMgYXZlbnR1cmFz4oCmIE5vIHB1ZWRlcyBpbXBlZGlybWUgYnVzY2FyIGF2ZW50dXJhc+KApg==
vSgJ,,W1ByaW5jZV0KTXkgbmFtZSBpcyBQb2UuCkkgYW0gdGhlIHByaW5jZSBvZiB0aGUgUmljaGFyZCBmYW1pbHkuIFJlbWVtYmVyIG1lLCBhbmQgYmUgbXkgc3VwcG9ydGVyLi4u,,,,,W1Byw61uY2lwZV0KTWV1IG5vbWUgw6kgUG9lLgpTb3UgbyBwcsOtbmNpcGUgZGEgZmFtw61saWEgUmljaGFyZC4gTGVtYnJlLXNlIGRlIG1pbSBlIHNlamEgbWV1IGFwb2lhZG9yLi4u,,W1Byw61uY2lwZV0KTWUgbGxhbW8gUG9lLgpTb3kgZWwgcHLDrW5jaXBlIGRlIGxhIGZhbWlsaWEgUmljaGFyZC4gQWN1w6lyZGF0ZSBkZSBtw60geSBhcMOzeWFtZeKApg==
vigJ,,W1BvZV0KQWJvdmUgYWxsLCBJIHdhbnQgdG8KdGVzdCB5b3VyIGFiaWxpdHkgYXMgYW4gYWR2ZW50dXJlci4gVGhlIGFiaWxpdHkgdGVzdCBpcyBub3Qgc28gc2VyaW91cy4gSSBqdXN0IHdhbnQgdG8ga25vdyBob3cgYWNjdXJhdGUgeW91ciBpbnR1aXRpb24gaXMuLi4gVGhhdCdzIGFsbC4=,,,,,W1BvZV0KQW50ZXMgZGUgdHVkbywgcXVlcm8KdGVzdGFyIHN1YSBoYWJpbGlkYWRlIGNvbW8gdmlhamFudGUuIE8gdGVzdGUgZGUgaGFiaWxpZGFkZSBuw6NvIMOpIG5hZGEgc8OpcmlvLiBTw7MgcXVlcm8gc2FiZXIgc2Ugc3VhIGludHVpw6fDo28gw6kgcHJlY2lzYS4uLiBTw7MgaXNzby4=,,W1BvZV0KUG9yIGVuY2ltYSBkZSB0b2RvLCBxdWllcm8gcG9uZXIgYSBwcnVlYmEKdHUgaGFiaWxpZGFkIGNvbW8gdHJvdGFtdW5kb3MuIExhIHBydWViYSBkZSBoYWJpbGlkYWQgbm8gZXMgbXV5IGRpZsOtY2lsLiBTb2xvIHF1aWVybyBzYWJlciBjdcOhbiBwcmVjaXNhIGVzIHR1IGludHVpY2nDs27igKYgRXNvIGVzIHRvZG8u
vygJ,,W1BvZV0KSSBkb24ndCB3YW50IHRvIHRhbGsgd2l0aAphIHBlcnNvbiBvZiBsb3cgaW50dWl0aW9uLgpMZXQgbWUgZXhwbGFpbiBicmllZmx5LAphbmQgdGVzdCB5b3VyIG93biBpbnR1aXRpb24u,,,,,W1BvZV0KTsOjbyBxdWVybyBjb252ZXJzYXIgY29tCnVtYSBwZXNzb2EgZGUgcG91Y2EgaW50dWnDp8Ojby4KVm91IGV4cGxpY2FyIGJyZXZlbWVudGUgZSB0ZXN0YXIgc3VhIHBlcmNlcMOnw6NvLg==,,W1BvZV0KTm8gcXVpZXJvIGhhYmxhcgpjb24gdW5hIHBlcnNvbmEgcG9jbyBpbnR1aXRpdmEuClRlIGxvIGV4cGxpY2Fyw6kgcsOhcGlkYW1lbnRlCnkgcG9uZHLDqSBhIHBydWViYSB0dSBpbnR1aWNpw7NuLg==
wCgJ,,W1BvZV0KTXkgY2FyZCBoYXMgbnVtYmVycyBmcm9tIDEgdG8gMTMuIFlvdSBnaXZlIG1lIGFuIGFuc3dlciBhYm91dCB0aGUgY2FyZCBudW1iZXIgSSBwaWNrLCB3aGV0aGVyIGl0J3MgYSBsZXNzZXIgb3IgaGlnaGVyIG51bWJlci4=,,,,,W1BvZV0KVGVuaG8gY2FydGFzIG51bWVyYWRhcyBkZSAxIGEgMTMuIFZvY8OqIGRldmUgbWUgZGl6ZXIgc2UgbyBuw7ptZXJvIHF1ZSBldSB0aXJhciDDqSBtYWlvciBvdSBtZW5vci4=,,W1BvZV0KTWkgY2FydGEgdGllbmUgbsO6bWVyb3MgZGVsIDEgYWwgMTMuIFRlbmRyw6FzIHF1ZSBkZWNpcm1lIHNpIGVsIG7Dum1lcm8gZGUgbGEgY2FydGEgcXVlIGVsZWfDrSBlcyBtYXlvciBvIG1lbm9yLg==
wSgJ,,W1BvZV0KQWgsIG9mIGNvdXJzZSwgNyBpcyB0aGUgbWlkZGxlIG51bWJlci4gNyBtZWFucyBubyBzdWNjZXNzIG9yIG5vIGZhaWx1cmUuIFRoZSBnb2FsIG9mIHRoaXMgZ2FtZSBpcyB0byBnaXZlIHRoZSByaWdodCBhbnN3ZXIgMiB0aW1lcyBpbiBhIHJvdy4gTGV0J3MgYmVnaW4h,,,,,W1BvZV0KQWgsIGNsYXJvLCA3IMOpIG8gbsO6bWVybyBkbyBtZWlvLgo3IHNpZ25pZmljYSBuZW0gc3VjZXNzbywgbmVtIGZyYWNhc3NvLgpPIG9iamV0aXZvIGRvIGpvZ28gw6kgYWNlcnRhciBkdWFzIHZlemVzIHNlZ3VpZGFzLiBWYW1vcyBjb21lw6dhciE=,,W1BvZV0KQWgsIHBvciBzdXB1ZXN0bywgZWwgNyBlcyBlbCBuw7ptZXJvIGRlbCBtZWRpby4gQXPDrSBxdWUgZWwgNyBubyBzaWduaWZpY2EgbmFkYS4gRWwgb2JqZXRpdm8gZGUgZXN0ZSBqdWVnbyBlcyBkYXIgbGEgcmVzcHVlc3RhIGNvcnJlY3RhIGRvcyB2ZWNlcyBzZWd1aWRhcy4gwqFDb21lbmNlbW9zIQ==
wigJ,,W1BvZV0KWWVzLCBub3cgY2hvb3NlIG9uZQpmcm9tIGhpZ2hlciBhbmQgbG93ZXIuCkp1c3Qgb25lLg==,,,,,W1BvZV0KQ2VydG8sIGFnb3JhIGVzY29saGEgZW50cmUg4oCcbWFpb3LigJ0gb3Ug4oCcbWVub3LigJ0uCkFwZW5hcyB1bWEu,,W1BvZV0KU8OtLCBhaG9yYSBlbGlnZSBzaSBlbCBuw7ptZXJvCmVzIG3DoXMgYWx0byBvIG3DoXMgYmFqby4KRWxpZ2Uu
wygJ,,SGlnaGVy,,,,,TWFpb3I=,,TcOhcyBhbHRvLg==
xCgJ,,TG93ZXI=,,,,,TWVub3I=,,TcOhcyBiYWpvLg==
xSgJ,,W1BvZV0KSG1tLi4uIGhpZ2hlcj8uLi4KSSBub3cgcGljayBhIGNhcmQgYW5kLi4uIQ==,,,,,W1BvZV0KSG1tLi4uIG1haW9yPy4uLgpBZ29yYSBldSB0aXJvIHVtYSBjYXJ0YSBlLi4uIQ==,,W1BvZV0KTW1t4oCmIMK/bcOhcyBhbHRv4oCmPwrCoUFob3JhIHRvbWFyw6kgdW5hIGNhcnRhIHnigKYh
xigJ,,W1BvZV0KSXQgaXMuLi57fSEh,,,,,W1BvZV0Kw4kuLi57fSEhIQ==,,W1BvZV0KwqF7fSE=
xygJ,,W1BvZV0KV2hvb2FoLCB5b3UgZ2F2ZSB0aGUgcmlnaHQgYW5zd2VyIQ==,,,,,W1BvZV0KV2hvb2FoLCB2b2PDqiBhY2VydG91IQ==,,W1BvZV0KwqFHdWF1ISDCoURpc3RlIGp1c3RvIGVuIGVsIGJsYW5jbyE=
yCgJ,,W1BvZV0KWW91IHdvbiAyIHRpbWVzIGluIGEgcm93IHJpZ2h0Py4uLg==,,,,,W1BvZV0KVm9jw6ogYWNlcnRvdSBkdWFzIHZlemVzIHNlZ3VpZGFzLCBjZXJ0bz8uLi4=,,W1BvZV0KR2FuYXN0ZSBkb3MgdmVjZXMgc2VndWlkYXMsIMK/dmVyZGFkPw==
ySgJ,,W1BvZV0KQnV0IHlvdSBqdXN0IGdhdmUgdGhlIGNvcnJlY3QgYW5zd2VyIDEgdGltZSwgYXMgb2YgeWV0Lg==,,,,,W1BvZV0KTWFzIGF0w6kgYWdvcmEsIHZvY8OqIHPDsyBkZXUgYSByZXNwb3N0YSBjZXJ0YSB1bWEgdmV6Lg==,,W1BvZV0KUGVybyBzb2xvIGRpc3RlIHVuYSByZXNwdWVzdGEgY29ycmVjdGEgaGFzdGEgYWhvcmEu
yigJ,,W1BvZV0KVGhpcyBnYW1lIGlzIGEgZHJhdy4KRG8gYmV0dGVyIG5leHQgdGltZS4=,,,,,W1BvZV0KRXNzZSBqb2dvIGZpY291IG5vIGVtcGF0ZS4KVGVudGUgbWVsaG9yIGRhIHByw7N4aW1hIHZlei4=,,W1BvZV0KRXN0ZSBqdWVnbyBxdWVkw7MgZW4gZW1wYXRlLgpIYXpsbyBtZWpvciBsYSBwcsOzeGltYSB2ZXou
yygJ,,W1BvZV0KV3JvbmcuLi4KVmlzaXQgSG9sbGdyZWhlbm4gYW5kIGFzayBoaW0gdG8gcmVmaW5lIHlvdXIgbHVjay4=,,,,,W1BvZV0KRXJyYWRvLi4uClbDoSBhdMOpIEhvbGxncmVoZW5uIGUgcGXDp2EgcHJhIGVsZSByZWZpbmFyIHN1YSBzb3J0ZS4=,,W1BvZV0KSW5jb3JyZWN0b+KApgpWaXNpdGEgYSBIb2xsZ3JlaGVubiB5IHDDrWRlbGUgcXVlIG1lam9yZSB0dSBzdWVydGUu
zCgJ,,W1BvZV0KRWgsIGxvd2VyPy4uLgpMb29rIGF0IG15IGNhcmQh,,,,,W1BvZV0KRWgsIG1lbm9yPy4uLgpPbGhlIG1pbmhhIGNhcnRhIQ==,,W1BvZV0KRWgsIMK/bcOhcyBiYWpv4oCmPwrCoU1pcmEgbWkgY2FydGEh
zSgJ,,W1BvZV0KR29vZCwgaXQncyBuYXR1cmFsIGZvciBtZSB0byBkaXNjbG9zZSBteSB3b3JkcyB0byBzdWNoIGEgaGlnaC1pbnR1aXRpdmUgcGVyc29uIHRoYXQgbGlrZXMgcHVsbGluZyBvdXQgYWxsIHRoZSBjYXJkcy4=,,,,,W1BvZV0Kw5N0aW1vLiDDiSBuYXR1cmFsIHF1ZSBldSBhYnJhIG1ldSBjb3Jhw6fDo28gcGFyYSBhbGd1w6ltIGNvbSB1bWEgaW50dWnDp8OjbyB0w6NvIGFwdXJhZGEgZSBxdWUgYWRvcmEgcHV4YXIgdG9kYXMgYXMgY2FydGFzLg==,,W1BvZV0KQnVlbm8sIGVzIG5vcm1hbCBxdWUgcXVpZXJhIGNvbnZlcnNhciBjb24gdW5hIHBlcnNvbmEgdGFuIGludHVpdGl2YSBxdWUgYWNpZXJ0YSBjb24gdG9kYXMgbGFzIGNhcnRhcy4=
zigJ,,W1BvZV0KSSBjb3VsZCBrbm93IGFib3V0IHlvdSB3aXRoIHNob3duIGNhcmRzLCB2ZXJ5IHdlbGwsIGJ1dCBsZXQgbWUgc2hhcmUgbXkgaGlkZGVuIGNhcmQgdGhpcyB0aW1lISBBc2sgbWUgd2hhdGV2ZXIgeW91IHdhbnQgdG8ga25vdy4=,,,,,W1BvZV0KRXUgcG9kZXJpYSBzYWJlciB0dWRvIHNvYnJlIHZvY8OqIHPDsyBwZWxhcyBjYXJ0YXMgcXVlIHRpcmVpLCBtYXMgYWdvcmEgdm91IGNvbXBhcnRpbGhhciBtaW5oYSBjYXJ0YSBlc2NvbmRpZGEhClBlcmd1bnRlIG8gcXVlIHF1aXNlciBzYWJlci4=,,W1BvZV0KUG9kcsOtYSBzYWJlciBtw6FzIGRlIHRpIGNvbiBsYXMgY2FydGFzIGEgbGEgdmlzdGEsIHBlcm8sIGJ1ZW5vLCBlc3RhIHZleiBjb21wYXJ0aXLDqSBjb250aWdvIG1pIGNhcnRhIG9jdWx0YS4gUHJlZ8O6bnRhbWUgbG8gcXVlIHF1aWVyYXMgc2FiZXIu
zygJ,,W1BvZV0KU28uLi4gV2hhdCBkbyB5b3Ugd2FudCB0byBrbm93PyE=,,,,,W1BvZV0KRW50w6NvLi4uIE8gcXVlIHZvY8OqIHF1ZXIgc2FiZXI/IQ==,,W1BvZV0KQXPDrSBxdWXigKYgwqHCv1F1w6kgcXVpZXJlcyBzYWJlcj8h
0CgJ,,WW91ciBiYWNrZ3JvdW5kIHN0b3J5Li4u,,,,,U3VhIGhpc3TDs3JpYSBkZSB2aWRhLi4u,,VHUgcGFzYWRv4oCm
0SgJ,,SG9iYmllcyBhbmQgaW50ZXJlc3RzLi4u,,,,,SG9iYmllcyBlIGludGVyZXNzZXMuLi4=,,UGFzYXRpZW1wb3MgZSBpbnRlcmVzZXPigKY=
0igJ,,SSB3aWxsIGNvbWUgYnkgbGF0ZXIu,,,,,UGFzc28gYXF1aSBkZXBvaXMu,,Vm9sdmVyw6kgbcOhcyB0YXJkZS4=
0ygJ,,W1BvZV0KTXkgYmFja2dyb3VuZC4uLgpQYXN0IHN0b3JpZXMuCkkgZG9uJ3QgZ2l2ZSBpdCBpbXBvcnRhbmNlIGF0IGFsbCwgc28gSSBjYW4ndCByZW1lbWJlciBpdCBjbGVhcmx5Li4u,,,,,W1BvZV0KTWluaGEgaGlzdMOzcmlhLi4uCkhpc3TDs3JpYXMgZG8gcGFzc2Fkby4uLgpOw6NvIGRvdSBtdWl0YSBpbXBvcnTDom5jaWEgcHJhIGlzc28sIGVudMOjbyBuZW0gbGVtYnJvIGRpcmVpdG8uLi4=,,W1BvZV0KTWkgcGFzYWRv4oCmCkhpc3RvcmlhcyBkZWwgcGFzYWRvLgpObyBsZXMgZG95IG5pbmd1bmEgaW1wb3J0YW5jaWEsIGFzw60gcXVlIG5vIGxhcyByZWN1ZXJkbyBjb24gY2xhcmlkYWTigKY=
1CgJ,,W1BvZV0KQ2FuIEkganVzdCBzYXkgSSBhbSBhIHN1cnZpdm9yIGZyb20gbWFueSBtYXRjaGVzIGFuZCBiYXR0bGVzLiBUaGF0IGlzIHF1aXRlIGZpdCBmb3IgbWUuIEhhaGFoYWhhaGEh,,,,,W1BvZV0KUG9kZSBkaXplciBxdWUgc291IHVtIHNvYnJldml2ZW50ZSBkZSBtdWl0YXMgYmF0YWxoYXMgZSBkZXNhZmlvcy4gSXNzbyBjb21iaW5hIGJlbSBjb21pZ28uIEhhaGFoYWhhaGEh,,W1BvZV0KUHVlZG8gZGVjaXIgcXVlIHNveSB1biBzdXBlcnZpdmllbnRlIGRlIG11Y2hvcyBlbmZyZW5hbWllbnRvcyB5IGJhdGFsbGFzLiBZIG5vIGhheSBtZWpvciBkZXNjcmlwY2nDs24gcXVlIGVzYS4gwqFKYSwgamEsIGphLCBqYSwgamEh
1SgJ,,W1BvZV0KSSd2ZSBoYWQgdG8gY29wZSB3aXRoIG1hbnkgYWNjaWRlbnRzIGFuZCBjaGFsbGVuZ2VzLi4uIGZyb20gd2hpY2ggSSBoYXZlIHN1cnZpdmVkLCBhbmQgaGF2ZSBiZWVuIHB1cnN1aW5nIG5ldyB0aGluZ3MuIExpZmUgbWVhbnMuLi4=,,,,,W1BvZV0KSsOhIGVuZnJlbnRlaSBtdWl0b3MgYWNpZGVudGVzIGUgcHJvdmHDp8O1ZXMuLi4KU29icmV2aXZpIGEgdG9kb3MgZWxlcyBlIGNvbnRpbnVvIGJ1c2NhbmRvIGNvaXNhcyBub3Zhcy4KQSB2aWRhIHNpZ25pZmljYS4uLg==,,W1BvZV0KSGUgdGVuaWRvIHF1ZSBoYWNlciBmcmVudGUgYSBtdWNob3MgYWNjaWRlbnRlcyB5IGRlc2Fmw61vc+KApiBkZSBsb3MgY3VhbGVzIHNhbMOtIGNvbiB2aWRhLiBUYW1iacOpbiBoZSBlc3RhZG8gYnVzY2FuZG8gY29zYXMgbnVldmFzLiBMYSB2aWRhIHNpZ25pZmljYeKApg==
1igJ,,W1BvZV0KTmV2ZXIgbGV0IHlvdXJzZWxmIGRvd24gd2l0aCBnaXZlbiBjYXJkcywgYW5kIGFpbSBhdCBkZWFkbHkgc3Ryb2tlcyE=,,,,,W1BvZV0KLi4ubnVuY2Egc2UgZGVpeGFyIGFiYXRlciBwZWxhcyBjYXJ0YXMgcXVlIHRlIGRlcmFtIOKAlCBlIHNlbXByZSBtaXJhciBvIGdvbHBlIGNlcnRlaXJvIQ==,,W1BvZV0KUXVlIG5vIGltcG9ydGEgbGFzIGNhcnRhcyBxdWUgdGUgdG9xdWVuLCBkZWJlcyBhdGFjYXIgY29uIGdvbHBlcyBsZXRhbGVzLg==
1ygJ,,W1BvZV0KSGV5IGl0J3MgY29vbCwgaHVoPwpXZSBoYXZlIHRoZSBzYW1lIHRhc3RlcywgaGF2ZW4ndCB3ZT8=,,,,,W1BvZV0KRWksIMOpIGxlZ2FsLCBuw6NvIMOpPwpUZW1vcyBvcyBtZXNtb3MgZ29zdG9zLCBuw6NvIMOpPw==,,W1BvZV0KRXMgZ2VuaWFsLCDCv25vPwpUZW5lbW9zIGxvcyBtaXNtb3MgZ3VzdG9zLCDCv25vPw==
2CgJ,,W1BvZV0KTXkgb3BpbmlvbiBpcyBhIG5hdGlvbiBzaG91bGQgcHJvdmlkZSB0aGUgbWluaW11bSBndWFyZCBmb3IgcGVvcGxlLCB0byBndWFyYW50ZWUgcmVzcGVjdGl2ZSBmcmVlZG9tLg==,,,,,W1BvZV0KTmEgbWluaGEgb3BpbmnDo28sIHVtYSBuYcOnw6NvIGRldmUgb2ZlcmVjZXIgbyBtw61uaW1vIGRlIHNlZ3VyYW7Dp2EgYW8gcG92bywgcGFyYSBnYXJhbnRpciBhIGxpYmVyZGFkZSBkZSBjYWRhIHVtLg==,,W1BvZV0KTWkgb3BpbmnDs24gZXMgcXVlIHVuYSBuYWNpw7NuIGRlYmUgcHJvcG9yY2lvbmFyIGxhIHNlZ3VyaWRhZCBtw61uaW1hIGEgc3UgcHVlYmxvIHBhcmEgZ2FyYW50aXphciBzdSBsaWJlcnRhZC4=
2SgJ,,W1BvZV0KTWVuIHNob3VsZCBjaGFsbGVuZ2UgdGhlIHN0dWZmIHRoYXQgdGhleSBjYW4gYmUgcGFzc2lvbmF0ZSBhYm91dCwgc28gdGhlIGZyZWUgYWN0aW9uIG9mIHBlb3BsZSBzaG91bGQgbm90IGJlIG9ic3RydWN0ZWQgYnkgdGhlaXIgbmF0aW9uLg==,,,,,W1BvZV0KQXMgcGVzc29hcyBkZXZlbSBkZXNhZmlhciBvIHF1ZSBkZXNwZXJ0YSBzdWEgcGFpeMOjby4KQSBhw6fDo28gbGl2cmUgZG8gaW5kaXbDrWR1byBuw6NvIGRldmUgc2VyIGxpbWl0YWRhIHBlbG8gRXN0YWRvLg==,,W1BvZV0KTG9zIGhvbWJyZXMgZGViZW4gZGVzYWZpYXIgbGFzIGNvc2FzIHF1ZSBsZXMgYXBhc2lvbmFuIHBhcmEgcXVlIGxhIGxpYnJlIGFjY2nDs24gZGUgbGFzIHBlcnNvbmFzIG5vIHNlIHZlYSBvYnN0YWN1bGl6YWRhIHBvciBzdSBuYWNpw7NuLg==
2igJ,,W1BvZV0KSWYgSSB3ZXJlIEtpbmcsIGFsbCB0aGUgcmVzdHJpY3Rpb25zIHdvdWxkIGJlIHJlbW92ZWQgYW5kIGxpYmVyYWwgbGlmZSB3b3VsZCBiZSBhbGxvd2VkIHRvIGV2ZXJ5b25lIGluIGFuIGludnVsbmVyYWJsZSByYW5nZS4=,,,,,W1BvZV0KU2UgZXUgZm9zc2UgcmVpLCBhY2FiYXJpYSBjb20gdG9kYXMgYXMgcmVzdHJpw6fDtWVzIGUgcGVybWl0aXJpYSB1bWEgdmlkYSBtYWlzIGxpdnJlIHBhcmEgdG9kb3Mg4oCUIGRlbnRybyBkZSBsaW1pdGVzIHNlZ3Vyb3MsIGNsYXJvLg==,,W1BvZV0KU2kgeW8gZnVlcmEgcmV5LCBlbGltaW5hcsOtYSB0b2RhcyBsYXMgcmVzdHJpY2Npb25lcyB5IHBlcm1pdGlyw61hIHF1ZSB0b2RvIGVsIG11bmRvIHZpdmllcmEgZGUgbWFuZXJhIGxpYmVyYWwgc2luIGzDrW1pdGVzLg==
2ygJ,,W1BvZV0KQ29taW5nIHRvIHRoaW5rIG9mIG15IGZhbWlseSwgbXkgcGVvcGxlIGFyZSBzbyBjb25zZXJ2YXRpdmUgYW5kIG5vdCBmbGV4aWJsZS4=,,,,,W1BvZV0KUGVuc2FuZG8gbmEgbWluaGEgZmFtw61saWEuLi4KRWxlcyBzw6NvIHTDo28gY29uc2VydmFkb3JlcyBlIHBvdWNvIGZsZXjDrXZlaXMu,,W1BvZV0KQWhvcmEgcXVlIGxvIHBpZW5zbywgbWkgZmFtaWxpYSBlcyBtdXkgY29uc2VydmFkb3JhIHkgcGFyYSBuYWRhIGZsZXhpYmxlLg==
3CgJ,,W1BvZV0KVGhleSBrZWVwIHNheWluZyB0byBub3QgZG8gdGhpcyBhbmQgdGhhdCwgdGhhdCBpcyBkYW5nZXJvdXMgYW5kIHRoaXMgaXMgbmF0dXJhbC4uLiBUaGUgbmFnZ2luZyBoYXMgYmVlbiBlbmRsZXNzIGFsbCB0aHJvdWdob3V0IG15IGxpZmUuLi4=,,,,,W1BvZV0KVml2ZW0gZGl6ZW5kbyDigJxuw6NvIGZhw6dhIGlzc2/igJ0sIOKAnGFxdWlsbyDDqSBwZXJpZ29zb+KAnSwg4oCcaXNzbyDDqSBvIGNlcnRv4oCdLi4uCkVzc2Ugc2VybcOjbyBuw6NvIHRldmUgZmltIGFvIGxvbmdvIGRhIG1pbmhhIHZpZGEuLi4=,,W1BvZV0KU2UgbGEgcGFzYW4gZGljaWVuZG8gcXVlIG5vIHB1ZWRvIGhhY2VyIGVzdG8gbyBsbyBvdHJvLCBxdWUgZXMgcGVsaWdyb3NvLCBxdWUgc3UgZm9ybWEgZGUgdml2aXIgZXMgbG8gbm9ybWFs4oCmIEhlIHJlY2liaWRvIHN1cyDDs3JkZW5lcyB0b2RhIG1pIHZpZGHigKY=
3SgJ,,W1BvZV0KQWgsIHRob3NlIGxhc3Qgd29yZHMKYXJlIG9mZi10aGUtcmVjb3JkLgpJIGRvbid0IHdhbnQgdG8gYmUgYm90aGVyZWQgYnkgbXkgZmFtaWx5Lg==,,,,,W1BvZV0KQWgsIGVzc2FzIMO6bHRpbWFzIHBhbGF2cmFzLi4uCkZpY2FtIHPDsyBlbnRyZSBuw7NzLgpOw6NvIHF1ZXJvIHF1ZSBtaW5oYSBmYW3DrWxpYSBtZSBlbmNoYSBkZXBvaXMu,,W1BvZV0KQWgsIGVzYXMgw7psdGltYXMgcGFsYWJyYXMKc29uIGNvbmZpZGVuY2lhbGVzLgpObyBxdWllcm8gcXVlIG1pIGZhbWlsaWEgbWUgbW9sZXN0ZS4=
3igJ,,W1BvZV0KRXhwZXJpZW5jaW5nIGFueXRoaW5nIG5ldyEKSSBkb24ndCBjYXJlIHdoYXQgaXQgaXMh,,,,,W1BvZV0KVml2ZXIgbm92YXMgZXhwZXJpw6puY2lhcyEKTsOjbyBpbXBvcnRhIG8gcXVlIHNlamEh,,W1BvZV0KwqFFeHBlcmltZW50YXIgY3VhbHF1aWVyIGNvc2EgbnVldmEhCsKhTm8gbWUgaW1wb3J0YSBsbyBxdWUgc2VhIQ==
3ygJ,,W1BvZV0KSWYgb3VyIHRpbWUgaXMgdGhlIGV4cGxvcmluZyBhZ2UsIEkgcG9zc2libHkgYW0gdGhlIGNhcHRhaW4gb2YgYW4gZXhwbG9yaW5nIGdyb3VwISBVbmV4cGxvcmVkLCBwYXRoZmluZGluZywgaW52ZXN0aWdhdGluZy4uLiBUaG9zZSBhcmUgbXkgbWlkZGxlIG5hbWVzLiBIb3cgYWJvdXQgeW91Pz8=,,,,,W1BvZV0KU2UgZXN0aXbDqXNzZW1vcyBuYSBlcmEgZGFzIGdyYW5kZXMgbmF2ZWdhw6fDtWVzLCBldSBzZXJpYSBvIGNhcGl0w6NvIGRlIHVtYSBleHBlZGnDp8OjbyEKRXhwbG9yYXIsIGRlc2NvYnJpciwgaW52ZXN0aWdhci4uLiBFc3NlcyBzw6NvIG1ldXMgbm9tZXMgZG8gbWVpby4gRSB2b2PDqj8/,,W1BvZV0KU2kgbnVlc3RyYSBlcmEgZXMgbGEgZGUgbGEgZXhwbG9yYWNpw7NuLCBxdWl6w6FzIHNlYSBlbCBjYXBpdMOhbiBkZSB1biBncnVwbyBkZSBleHBsb3JhZG9yZXMuIFRpZXJyYXMgc2luIGV4cGxvcmFyLCBjYW1pbm9zIHNpbiBlbmNvbnRyYXIsIGludmVzdGlnYXLigKYgUGFyYSBlc28gdml2by4gwr9ZIHTDuj8=
4CgJ,,W1BvZV0KQnV0IG1hbnkgc2F5LCBhYm91dCBteSBjaGFyYWN0ZXIsIHRoYXQgSSBhbSBhZGRpY3RlZCB0byBnYW1ibGluZy4gSSBhbSBqdXN0IGZ1bGwgb2YgYSBjaGFsbGVuZ2luZyBzcGlyaXQgYW5kIEkgbGlrZSByYWtpbmcgaW4gbW9uZXkhIEkgYW0gYSBmcmVlLXNwaXJpdGVkIG5vcm1hbCBtYW4u,,,,,W1BvZV0KTWFzIG11aXRvcyBkaXplbSBxdWUgc291IHZpY2lhZG8gZW0gYXBvc3Rhcy4KRXUgc8OzIHRlbmhvIGVzcMOtcml0byBkZXNhZmlhZG9yIGUgZ29zdG8gZGUgZ2FuaGFyIGRpbmhlaXJvIQpTb3UgYXBlbmFzIHVtIGhvbWVtIGxpdnJlIGUgY29tdW0u,,W1BvZV0KUGVybyBtdWNob3MgZGljZW4sIHNvYnJlIG1pIGNhcsOhY3RlciwgcXVlIHNveSBhZGljdG8gYWwganVlZ28uIMKhRXMgc29sbyBxdWUgdGVuZ28gdW4gZXNww61yaXR1IGRlc2FmaWFudGUgeSBtZSBndXN0YSBnYW5hciBkaW5lcm8hIFNveSB1biBob21icmUgbm9ybWFsIGRlIGVzcMOtcml0dSBsaWJyZS4=
4SgJ,,W1BvZV0KQWxyaWdodCwKbGV0J3MgbWVldCBuZXh0IGF0IHNvbWUgbW9yZSBleGNpdGluZyBhbmQgZGFuZ2Vyb3VzIHNwb3Qu,,,,,W1BvZV0KQmVsZXphLApub3MgZW5jb250cmFtb3MgZGUgbm92byBlbSBhbGd1bSBsdWdhciBtYWlzIHBlcmlnb3NvIGUgZW1wb2xnYW50ZS4=,,W1BvZV0KTXV5IGJpZW4sCnJldW7DoW1vbm9zIGxhIHByw7N4aW1hIHZleiBlbiB1biBsdWdhciBtw6FzIGVtb2Npb25hbnRlIHkgcGVsaWdyb3NvLg==
4igJ,,W1BldGVyXQpBcHByYWlzZXIuCkhhdmUgeW91IG1ldCB0aGUgbGl0dGxlIGdpcmwgaW4gQWxkZWJhcmFuPw==,,,,,W1BldGVyXQpBdmFsaWFkb3IuClZvY8OqIGrDoSBlbmNvbnRyb3UgYSBnYXJvdGluaGEgZW0gQWxkZWJhcmFuPw==,,W1BldGVyXQpFdmFsdWFkb3IuCsK/Q29ub2NlcyBhIHVuYSBuacOxaXRhIGRlIEFsZGViYXJhbj8=
4ygJ,,WWVzLCBJIHNhdyBoZXIgZm9yIHlvdS4=,,,,,U2ltLCBldSBhIHZpIHBvciB2b2PDqi4=,,U8OtLCBsYSB2aXNpdMOpIGVuIHR1IG5vbWJyZS4=
5CgJ,,Tm8sIEkgZG9uJ3Qgd2FudCB0by4=,,,,,TsOjbywgZXUgbsOjbyBxdWVyby4=,,Tm8sIG5vIHF1aWVybyBpci4=
5SgJ,,W1BldGVyXQpJIGFtIGdsYWQgdGhhdCB0aGUgZ2lybApsaWtlZCB0aGUgZmxvd2Vycy4KT25jZSBJIGdvdCBjdXJlZCwgSSB3YW50ZWQgdG8gZ28gbWVldCB3aXRoIGhlci4=,,,,,W1BldGVyXQpGaWNvIGZlbGl6IHF1ZSBhIGdhcm90YSB0ZW5oYSBnb3N0YWRvIGRhcyBmbG9yZXMuCkFzc2ltIHF1ZSBldSBtZWxob3JhciwgcXVlcm8gaXIgdsOqLWxhIHBlc3NvYWxtZW50ZS4=,,W1BldGVyXQpNZSBhbGVncmEgcXVlIGEgbGEgbmnDsWEKbGUgaGF5YW4gZ3VzdGFkbyBsYXMgZmxvcmVzLgpRdWlzZSBpciBhIHZpc2l0YXJsYSBjdWFuZG8gbWUgbWVqb3LDqS4=
5igJ,,W1BldGVyXQpBbnlob3csIHRoYW5rcyBmb3IgeW91ciBnb29kIHdvcmsuIEkgcmVhbGx5IGZlZWwgc29ycnkgYWJvdXQgYm90aGVyaW5nIHlvdSB3aXRoIHRyaWZsZSB0aGluZ3MuIFRoaXMgaXMgbXkgc2Vuc2Ugb2YgZ3JhdGl0dWRlLiBEb24ndCBmZWVsIHNvIG11Y2ggYnVyZGVuIGFuZCB0YWtlIHRoaXMu,,,,,W1BldGVyXQpEZSBxdWFscXVlciBmb3JtYSwgb2JyaWdhZG8gcGVsbyBzZXUgZXNmb3LDp28uIEV1IHNpbnRvIG11aXRvIHBvciBpbmNvbW9kw6EtbG8gY29tIGFsZ28gdMOjbyB0cml2aWFsLiBFc3NhIMOpIGEgbWluaGEgZm9ybWEgZGUgYWdyYWRlY2ltZW50by4gUG9yIGZhdm9yLCBhY2VpdGUgaXNzby4=,,W1BldGVyXQpFbiB0b2RvIGNhc28sIGdyYWNpYXMgcG9yIHR1IGJ1ZW4gdHJhYmFqby4gU2llbnRvIG11Y2hvIG1vbGVzdGFydGUgY29uIG5pbWllZGFkZXMuIEVzdGEgZXMgdW5hIG11ZXN0cmEgZGUgbWkgZ3JhdGl0dWQuIE5vIHRlbWFzIGFjZXB0YXJsYS4=
5ygJ,,W1BldGVyXQpUaGlua2luZyBhYm91dCB0aGUgbGl0dGxlIGdpcmwgY2FsbXMgbWUuIEkgc3RpbGwgY2FuJ3QgYmVsaWV2ZSBteSBleWVzLiBNeSBwcmluY2UgQWhydW0gd2hvIGp1c3QgcGFzc2VkIGF3YXkuLi5+fg==,,,,,W1BldGVyXQpQZW5zYXIgbmFxdWVsYSBnYXJvdGluaGEgbWUgYWNhbG1hLiBBaW5kYSBuw6NvIGNvbnNpZ28gYWNyZWRpdGFyIG5vIHF1ZSB2aS4gTWV1IHByw61uY2lwZSBBaHJ1bSwgcXVlIGFjYWJvdSBkZSBmYWxlY2VyLi4ufn4=,,W1BldGVyXQpQZW5zYXIgZW4gbGEgbmnDsWl0YSBtZSB0cmFucXVpbGl6YS4gVG9kYXbDrWEgbm8gcHVlZG8gY3JlZXIgbG8gcXVlIHBhc8OzLiBFbCBwcsOtbmNpcGUgQWhydW0gcXVlIGFjYWJhIGRlIGZhbGxlY2Vyfn4u
6CgJ,,W1BldGVyXQpSZWdhcmRsZXNzIG9mIHdoYXQgeW91IHNheSwgSSBoYXZlIGhlYXJkIHRoYXQgdGhlIGdpcmwgbGlrZWQgdGhlIGZsb3dlcnMuIFRoYW5rIHlvdS4gT25jZSBJIGdvdCBjdXJlZCwgSSB3YW50ZWQgdG8gZ28gbWVldCB3aXRoIGhlciBteXNlbGYu,,,,,W1BldGVyXQpJbmRlcGVuZGVudGUgZG8gcXVlIHZvY8OqIGRpZ2EsIHNvdWJlIHF1ZSBlbGEgZ29zdG91IGRhcyBmbG9yZXMuIE9icmlnYWRvLiBBc3NpbSBxdWUgZXUgbWVsaG9yYXIsICBxdWVybyBpciB2w6otbGEgcGVzc29hbG1lbnRlLg==,,W1BldGVyXQpJbmRlcGVuZGllbnRlbWVudGUgZGUgbG8gcXVlIGRpZ2FzLCBvw60gcXVlIGEgZXNhIG5pw7FhIGxlIGd1c3RhYmFuIGxhcyBmbG9yZXMuIEdyYWNpYXMuIFF1aXNlIGlyIGEgdmlzaXRhcmxhIHlvIG1pc21vIGN1YW5kbyBtZSBtZWpvcsOpLg==
6SgJ,,W1BldGVyXQpJIHJlYWxseSBmZWVsIHNvcnJ5IGFib3V0IGJvdGhlcmluZyB5b3Ugd2l0aCB0cmlmbGUgdGhpbmdzLiBEb24ndCBmZWVsIHNvIG11Y2ggYnVyZGVuIGFuZCB0YWtlIHRoaXMu,,,,,W1BldGVyXQpTaW50byBtdWl0byBwb3IgaW5jb21vZMOhLWxvIGNvbSBhbGdvIHTDo28gdHJpdmlhbC4gUG9yIGZhdm9yLCBhY2VpdGUgaXNzby4=,,W1BldGVyXQpTaWVudG8gbXVjaG8gbW9sZXN0YXJ0ZSBjb24gbmltaWVkYWRlcy4gTm8gdGVtYXMgYWNlcHRhcmxhLg==
6igJ,,W1BldGVyXQpOZXZlciBtaW5kLgpJIHN0aWxsIGNhbid0IGJlbGlldmUgbXkgZXllcy4gTXkgcHJpbmNlIEFocnVtIHdobyBqdXN0IHBhc3NlZCBhd2F5Li4ufn4=,,,,,W1BldGVyXQpEZWl4YSBwcmEgbMOhLgpBaW5kYSBuw6NvIGNvbnNpZ28gYWNyZWRpdGFyIG5vIHF1ZSB2aS4gTWV1IHByw61uY2lwZSBBaHJ1bSwgcXVlIGFjYWJvdSBkZSBmYWxlY2VyLi4ufn4=,,W1BldGVyXQpPbHbDrWRhbG8uClRvZGF2w61hIG5vIHB1ZWRvIGNyZWVyIGxvIHF1ZSBwYXPDsy4gRWwgcHLDrW5jaXBlIEFocnVtIHF1ZSBhY2FiYSBkZSBmYWxsZWNlcn5+Lg==
6ygJ,,W1BldGVyXQpDaGlsZC4uLldoYXQgdGhlIGhlY2sgaGFwcGVuZWQgdG8geW91Py4uLg==,,,,,W1BldGVyXQpDcmlhbsOnYS4uLiBPIHF1ZSBhY29udGVjZXUgY29tIHZvY8OqPy4uLg==,,W1BldGVyXQpEaW1l4oCmIMK/UXXDqSByYXlvcyB0ZSBwYXPDs+KApj8=
7CgJ,,W1BldGVyXQouLi4uLi4=,,,,,W1BldGVyXQouLi4uLi4=,,W1BldGVyXQouLi4uLi4=
7SgJ,,W1BldGVyXQpJIHJlYWxseSBhcHByZWNpYXRlIGl0LgpZb3UgYXJlIHNvIGtpbmQu,,,,,W1BldGVyXQpFdSBhZ3JhZGXDp28gbXVpdG8uClZvY8OqIMOpIG11aXRvIGdlbnRpbC4=,,W1BldGVyXQpEZSB2ZXJkYWQgbG8gYWdyYWRlemNvLgpFcmVzIG11eSBhbWFibGUu
7igJ,,W1BldGVyXQpJIGFtIGdsYWQgdGhhdCB0aGUgZ2lybCBsaWtlZCBpdC4gT25jZSBJIGdvdCBjdXJlZCwgSSB3YW50ZWQgdG8gZ28gbWVldCB3aXRoIGhlci4=,,,,,W1BldGVyXQpGaWNvIGZlbGl6IHF1ZSBlbGEgdGVuaGEgZ29zdGFkby4gUXVhbmRvIGV1IG1lbGhvcmFyLCBxdWVybyBpciB2w6otbGEgcGVzc29hbG1lbnRlLg==,,W1BldGVyXQpNZSBhbGVncmEgcXVlIGxlIGhheWEgZ3VzdGFkbyBhIGxhIG5pw7FhLiBRdWlzZSBpciBhIHZpc2l0YXJsYSBjdWFuZG8gbWUgbWVqb3LDqS4=
7ygJ,,W1BldGVyXQpEbyB5b3UgaGF2ZSBhbnkgbW9yZQpidXNpbmVzcywgYXBwcmFpc2VyPw==,,,,,W1BldGVyXQpWb2PDqiB0ZW0gYWxnbyBtYWlzIGEgdHJhdGFyLCBhdmFsaWFkb3I/,,W1BldGVyXQrCv1RpZW5lcyBhbGdvIG3DoXMgcXVlIGhhY2VyLApldmFsdWFkb3I/
8CgJ,,W1ByaW5jZV0KSSB0aGluayB5b3UgYXJlIG5vdCBhbGxvd2VkIHRvIGJlIGhlcmUu,,,,,W1Byw61uY2lwZV0KQWNobyBxdWUgdm9jw6ogbsOjbyB0ZW0gcGVybWlzc8OjbyBwYXJhIGVzdGFyIGFxdWku,,W1Byw61uY2lwZV0KQ3JlbyBxdWUgbm8gdGllbmVzIHBlcm1pc28gcGFyYSBlc3RhciBhcXXDrS4=
8SgJ,,W1ByaW5jZV0KSGVsbG8sCkkgYW0gUGV0ZXIsIGZyb20gdGhlIGZhbWlseSBvZiBIZWluZS4gSSBhbSBnbGFkIHRvIG1lZXQgeW91Lg==,,,,,W1Byw61uY2lwZV0KT2zDoSwKRXUgc291IFBldGVyLCBkYSBmYW3DrWxpYSBIZWluZS4gUHJhemVyIGVtIGNvbmhlY8OqLWxvLg==,,W1Byw61uY2lwZV0KSG9sYToKc295IFBldGVyLCBkZSBsYSBmYW1pbGlhIGRlIEhlaW5lLiBHdXN0byBlbiBjb25vY2VydGUu
8igJ,,W1BldGVyXQpOb3csIHdoZXJlIHNoYWxsIHdlIHN0YXJ0Pw==,,,,,W1Byw61uY2lwZV0KQWdvcmEsIHBvciBvbmRlIGRldmVtb3MgY29tZcOnYXI/,,W1BldGVyXQrCv1BvciBkw7NuZGUgZW1wZXphbW9zPw==
8ygJ,,W1BldGVyXQpNeSBmYW1pbHkgd2FzIG5vdCB0aGF0IGluZmx1ZW50aWFsLiBNeSBjaGlsZGhvb2Qgd2FzIG5vdCB0aGF0IGFidW5kYW50OyBJIGhhZCB0byBzZWVrIGpvYnMgYW5kIG1ha2UgbW9uZXkgZnJvbSBwYXJ0LXRpbWUgam9icy4=,,,,,W1BldGVyXQpNaW5oYSBmYW3DrWxpYSBuw6NvIGVyYSBtdWl0byBpbmZsdWVudGUuIE1pbmhhIGluZsOibmNpYSBuw6NvIGZvaSBtdWl0byBmYXJ0ZTsgdGl2ZSBkZSBwcm9jdXJhciBlbXByZWdvcyBlIGdhbmhhciBkaW5oZWlybyBjb20gdHJhYmFsaG9zIGRlIG1laW8gcGVyw61vZG8u,,W1BldGVyXQpNaSBmYW1pbGlhIG5vIGVyYSBtdXkgaW5mbHV5ZW50ZS4gTm8gdHV2ZSB1bmEgaW5mYW5jaWEgcmVwbGV0YSBkZSByaXF1ZXphczsgdHV2ZSBxdWUgYnVzY2FyIHRyYWJham8geSBnYW5hciBkaW5lcm8gY29uIHRyYWJham9zIGRlIG1lZGlhIGpvcm5hZGEu
9CgJ,,W1BldGVyXQpCdXQgaXQgaGVscGVkIG1lIHRvIGNoZWNrIHBlb3BsZSdzIGxpdmVzOyB0aGUgZnVsbCBwYXJ0aWN1bGFycy4gVGhhdCdzIG15IGdvb2Qgc2lkZS4=,,,,,W1BldGVyXQpNYXMgaXNzbyBtZSBhanVkb3UgYSBjb25oZWNlciBhIHZpZGEgZGFzIHBlc3NvYXM7IHRvZG9zIG9zIGRldGFsaGVzLiBFc3NhIMOpIHVtYSBkYXMgbWluaGFzIHF1YWxpZGFkZXMu,,W1BldGVyXQpQZXJvIG1lIGF5dWTDsyBhIHZlciBlbCBkw61hIGEgZMOtYSBkZSBsb3MgZGVtw6FzIGNvbiBsdWpvIGRlIGRldGFsbGVzLiBFc2UgZXMgbWkgbGFkbyBidWVuby4=
9SgJ,,W1BldGVyXQpXYXMgaXQgZW5vdWdoIGZvciB5b3VyIHF1ZXN0aW9uPw==,,,,,W1BldGVyXQpJc3NvIHJlc3BvbmRlIMOgIHN1YSBwZXJndW50YT8=,,W1BldGVyXQrCv0VzdG8gZXMgc3VmaWNpZW50ZSBjb21vIHJlc3B1ZXN0YT8=
9igJ,,W1BldGVyXQpJIGd1ZXNzIHRoZSBpbXBvcnRhbnQgdGhpbmcgaXMgaWYgcGVvcGxlIGZ1bGZpbGwgdGhlbXNlbHZlcyBpbiB0aGVpciBmaWVsZCwgdGhlbiBvbmx5IHN1cHBsZW1lbnRzIG9mIHN1cHBvcnQgaXMgbmVlZGVkIGZyb20gdGhlIG5hdGlvbidzIHNpZGUu,,,,,W1BldGVyXQpBY2hvIHF1ZSBvIG1haXMgaW1wb3J0YW50ZSBzZWphIHF1ZSBhcyBwZXNzb2FzIHNlIHJlYWxpemFyZW0gZW0gc2V1IGNhbXBvLiBPIHF1ZSBvIEVzdGFkbyBwcmVjaXNhIG9mZXJlY2VyIMOpIGFwZW5zIHVtIHN1cG9ydGUgY29tcGxlbWVudGFyLg==,,W1BldGVyXQpTdXBvbmdvIHF1ZSBsbyBpbXBvcnRhbnRlIGVzIHF1ZSwgc2kgbGEgZ2VudGUgc2UgcmVhbGl6YSBlbiBzdSDDoW1iaXRvLCBzb2xvIHNlIG5lY2VzaXRhIGVsIGFwb3lvIG5lY2VzYXJpbyBwb3IgcGFydGUgZGUgbGEgbmFjacOzbi4=
9ygJ,,W1BldGVyXQpXaGF0IEkgd2FudCB0byBzYXksIGluIHNob3J0LCBpcyB0aGUgbmF0aW9uIGRvZXMgbm90IHJlaWduLiBQZW9wbGUgbmVlZCB0byBrZWVwIHBlYWNlIHdpdGggcGVvcGxlLg==,,,,,W1BlZHJvXQpSZXN1bWluZG86IGEgbmHDp8OjbyBuw6NvIGRldmUgZ292ZXJuYXIgYXMgcGVzc29hcyDigJQKYXMgcGVzc29hcyBwcmVjaXNhbSBtYW50ZXIgYSBwYXogZW50cmUgc2ku,,W1BldGVyXQpFbiByZXN1bWVuLCBsbyBxdWUgcXVpZXJvIGRlY2lyIGVzIHF1ZSBsYSBuYWNpw7NuIG5vIGVzIGxhIHF1ZSByZWluYS4gTGEgZ2VudGUgZGViZSBtYW50ZW5lciBsYSBwYXogZW50cmUgc8OtLg==
+CgJ,,W1BldGVyXQpBY2NvcmRpbmdseSwgSSB3aWxsIHRha2UgYmVuZWZpdHMgYXdheSBmcm9tIHRoZSBkaWZmZXJlbmNlIG9mIGNsYXNzZXMuIEl0IGlzIG5vdCBhbiBlcXVhbGl0eSBpc3N1ZSwgYnV0IGZvciB0aGUgYXNjZW5zaW9uIG9mIG5hdGlvbmFsIHBvd2VyLg==,,,,,W1BldGVyXQpQb3IgaXNzbywgcHJldGVuZG8gZWxpbWluYXIgb3MgcHJpdmlsw6lnaW9zIGRhIGRpZmVyZW7Dp2EgZW50cmUgY2xhc3Nlcy4gTsOjbyBzZSB0cmF0YSBkZSB1bWEgcXVlc3TDo28gZGUgaWd1YWxkYWRlLCBtYXMgZGUgYXNjZW5zw6NvIGRvIHBvZGVyIG5hY2lvbmFsLg==,,W1BldGVyXQpFbiBjb25zZWN1ZW5jaWEsIHF1aXRhcsOpIGxvcyBiZW5lZmljaW9zIGEgZGlzdGludGFzIGNsYXNlcy4gTm8gZXMgdW5hIGN1ZXN0acOzbiBkZSBpZ3VhbGRhZCwgc2lubyBkZSBhc2NlbnNvIGFsIHBvZGVyIG5hY2lvbmFsLg==
+SgJ,,W1BldGVyXQpJIG9ubHkgbGlrZSByZWFkaW5nIGJvb2tzIGFzIGEgaG9iYnkuIEkgdGhpbmsgbWVuIHNob3VsZCBnbyBmb3J3YXJkOyB0aGV5IG5lZWQgdG8gaGF2ZSBhIHN0cml2aW5nIGF0dGl0dWRlLg==,,,,,W1BldGVyXQpHb3N0byBkZSBsZXIgbGl2cm9zLiBBY2hvIHF1ZSBvcyBob21lbnMgZGV2ZW0gc2VndWlyIGVtIGZyZW50ZTsgZWxlcyBwcmVjaXNhbSB0ZXIgdW1hIHBvc3R1cmEgZGUgY29uc3RhbnRlIGVzZm9yw6dvLg==,,W1BldGVyXQpDb21vIHBhc2F0aWVtcG8sIHNvbG8gbWUgZ3VzdGEgbGVlciBsaWJyb3MuIENyZW8gcXVlIGxvcyBob21icmVzIGRlYmVuIHNlZ3VpciBhZGVsYW50ZTsgZGViZW4gdGVuZXIgdW5hIGFjdGl0dWQgZGUgbHVjaGEu
+igJ,,W1BldGVyXQpBaCwgaXMgdGhhdCBpdD8=,,,,,W1BldGVyXQpBaCwgw6kgc8OzIGlzc28/,,W1BldGVyXQpBaCwgwr9kZSB2ZXJkYWQ/
+ygJ,,W1BldGVyXQpUaGVuIEkgaGF2ZSBhIGZhdm9yIHRvIGFzayBvZiB5b3UuLi4gQ2FuIHlvdSBsaXN0ZW4gdG8gbXkgc3Rvcnk/,,,,,W1BlZHJvXQpFbnTDo28gdGVuaG8gdW0gZmF2b3IgYSBsaGUgcGVkaXIuLi4gUG9kZSBvdXZpciBtaW5oYSBoaXN0w7NyaWE/,,W1BldGVyXQpFbnRvbmNlcywgdGVuZ28gdW4gZmF2b3IgcXVlIHBlZGlydGXigKYgwr9QdWVkZXMgZXNjdWNoYXIgbWkgaGlzdG9yaWE/
/CgJ,,W1BldGVyXQpPcmlnaW5hbGx5LCBJIGRpZG4ndCBsaWtlIGdyb3dpbmcgYSBiZWFyZC4uLiBidXQgSSBoYWQgb25lIG9wcG9ydHVuaXR5IHRvIGNoYW5nZS4uLiBNeSB0aG91Z2h0cyByZWNlbnRseSBhcmUgdGhhdCBzb21lb25lIGhhcyBvZmZlcmVkIG1lIHRoZSBjaGFuY2Uu,,,,,W1BldGVyXQpPcmlnaW5hbG1lbnRlLCBldSBuw6NvIGdvc3RhdmEgZGUgZGVpeGFyIGEgYmFyYmEgY3Jlc2Nlci4uLiBtYXMgdGl2ZSB1bWEgb3BvcnR1bmlkYWRlIGRlIG11ZGFyLi4uIFVsdGltYW1lbnRlLCBwZW5zbyBxdWUgYWxndcOpbSBtZSBvZmVyZWNldSBlc3NhIGNoYW5jZS4=,,W1BldGVyXQpBbCBwcmluY2lwaW8sIG5vIHF1ZXLDrWEgZGVqYXJtZSBjcmVjZXIgbGEgYmFyYmHigKYgcGVybyB0dXZlIGxhIG9wb3J0dW5pZGFkIGRlIGNhbWJpYXLigKYgw5psdGltYW1lbnRlLCBwaWVuc28gcXVlIGFsZ3VpZW4gbWUgb2ZyZWNpw7MgZXNhIG9wb3J0dW5pZGFkLg==
/SgJ,,W1BldGVyXQpJdCBpcyBiZWNhdXNlIG9mIGFuIHVua25vd24gZ2lybCdzIGxldHRlci4uLg==,,,,,W1BldGVyXQpGb2kgcG9yIGNhdXNhIGRhIGNhcnRhIGRlIHVtYSBnYXJvdGEgZGVzY29uaGVjaWRhLi4u,,W1BldGVyXQpFcyBncmFjaWFzIGEgbGEgY2FydGEgZGUgdW5hIG5pw7FhIGRlc2Nvbm9jaWRh4oCm
/igJ,,W1BldGVyXQpXaGF0IHNoZSB0b2xkIG1lIGluIHRoZSBsZXR0ZXIgd2FzIHRoYXQgbXkgaW1hZ2Ugd2FzIHRvbyBzaGFycCwgYW5kIGlmIEkgZ3JldyBteSBiZWFyZCwgdGhlIGNvbnRvdXIgb2YgbXkgZmFjZSB3b3VsZCBiZSBxdWl0ZSBoaWRkZW47IGFuZCBpdCB3b3VsZCBsb29rIGZhciBiZXR0ZXIu,,,,,W1BldGVyXQpPIHF1ZSBlbGEgbWUgZGlzc2UgbmEgY2FydGEgZm9pIHF1ZSBtaW5oYSBpbWFnZW0gZXJhIG11aXRvIG1hcmNhbnRlIGUgcXVlLCBzZSBldSBkZWl4YXNzZSBhIGJhcmJhIGNyZXNjZXIsIG8gY29udG9ybm8gZG8gbWV1IHJvc3RvIGZpY2FyaWEgYmVtIGVzY29uZGlkbzsgZSBldSBmaWNhcmlhIGJlbSBtYWlzIGJvbml0by4=,,W1BldGVyXQpNZSBlc2NyaWJpw7MgcXVlIHRlbsOtYSB1biBhc3BlY3RvIG11eSBpbnRlbnNvLCBwZXJvIHF1ZSwgc2kgbWUgZGVqYWJhIGNyZWNlciBsYSBiYXJiYSwgZWwgY29udG9ybm8gZGUgbWkgcm9zdHJvIHF1ZWRhcsOtYSBiYXN0YW50ZSBvY3VsdG8geSBsdWNpcsOtYSBtdWNobyBtZWpvci4=
/ygJ,,W1BldGVyXQpJIHdhbnQgdG8gcmVwYXkgaGVyLgpCZWNhdXNlIGhlciB3b3JkcyBoZWxwZWQgbWUgbXVjaC4gTm90aGluZyBzcGVjaWFsLCBidXQgbWF5YmUgYSBzbWFsbCBidW5jaCBvZiBmbG93ZXJzLg==,,,,,W1BldGVyXQpRdWVybyByZXRyaWJ1aXIgYSBlbGEuClBvcnF1ZSBzdWFzIHBhbGF2cmFzIG1lIGFqdWRhcmFtIG11aXRvLiBOYWRhIGRlIGVzcGVjaWFsLCB0YWx2ZXogdW0gcGVxdWVubyBidXF1w6ogZGUgZmxvcmVzLg==,,W1BldGVyXQpRdWllcm8gcmVjb21wZW5zYXJsYS4KUG9ycXVlIHN1cyBwYWxhYnJhcyBtZSBheXVkYXJvbiBtdWNoby4gTmFkYSBlc3BlY2lhbCwgcGVybyBxdWl6w6FzIHVuIHJhbW8gcGVxdWXDsW8gZGUgZmxvcmVzLg==
ACkJ,,W1BldGVyXQpXb3VsZCB5b3UgdGFrZSB0aGVzZSBmbG93ZXJzIGFuZCBnaXZlIHRoYW5rcyB0byB0aGF0IGdpcmwgc29tZXdoZXJlIGluIEFsIGRlIEJhcmFuPw==,,,,,W1BldGVyXQpWb2PDqiBwb2RlcmlhIGxldmFyIGVzc2FzIGZsb3JlcyBhdMOpIGVsYSBlIGFncmFkZWNlciBlbSBtZXUgbm92bywgZW0gYWxndW0gbHVnYXIgZGUgQWwgZGUgQmFyYW4/,,W1BldGVyXQrCv1BvZHLDrWFzIGxsZXZhcmxlIGVzdGFzIGZsb3JlcyB5IGRhcmxlIGxhcyBncmFjaWFzIGEgZXNhIG5pw7FhIHF1ZSBlc3TDoSBlbiBhbGfDum4gbHVnYXIgZGUgQWxkZWJhcmFuPw==
ASkJ,,T2theSwgbm8gcHJvYmxlbS4=,,,,,Q2xhcm8sIHNlbSBwcm9ibGVtYS4=,,T2ssIG5vIGhheSBwcm9ibGVtYS4=
AikJ,,UGxlYXNlIGFzayBpdCBvZiBhbm90aGVyLg==,,,,,UG9yIGZhdm9yLCBwZcOnYSBpc3NvIGEgb3V0cmEgcGVzc29hLg==,,UMOtZGVzZWxvIGEgYWxndWllbiBtw6FzLg==
AykJ,,W1BldGVyXQpZZWFoLCB0aGFuayB5b3UgdmVyeSBtdWNoLgpQbGVhc2UgdGFrZSBjYXJlLg==,,,,,W1BldGVyXQpTaW0sIG11aXRvIG9icmlnYWRvLgpDdWlkZS1zZS4=,,W1BldGVyXQpNdWNow61zaW1hcyBncmFjaWFzLgpUZW4gY3VpZGFkbywgcG9yIGZhdm9yLg==
BCkJ,,W1BldGVyXQpJIHVuZGVyc3RhbmQgeW91Li4uCkkga25vdyB5b3UgaGF2ZSBidXNpbmVzcyBvZiB5b3VyIG93bi4=,,,,,W1BldGVyXQpFdSBlbnRlbmRvLi4uClNlaSBxdWUgdm9jw6ogdGVtIHNldXMgcHLDs3ByaW9zIGFzc3VzbnRvcyBwcmEgdHJhdGFyLg==,,W1BldGVyXQpMbyBlbnRpZW5kb+KApgpTw6kgcXVlIHRpZW5lcyBhc3VudG9zIHF1ZSBhdGVuZGVyLg==
BSkJ,,R2lybA==,,,,,R2Fyb3Rh,,R2lybA==
BikJ,,W0dpcmxdCldvb2FoLCBVbmNsZSBQZXRlciBzZW50IHRoZXNlIGZsb3dlcnMgZm9yIG1lPyBIbW1tfiBUaGV5IHNtZWxsIHJlYWxseSBnb29kLg==,,,,,W0dhcm90YV0KVWFhYWghIEZvaSBvIHRpbyBQZXRlciBxdWUgbWFuZG91IGVzc2FzIGZsb3JlcyBwYXJhIG1pbT8gSG1tbX4gRWxhcyB0w6ptIHVtIGNoZWlybyDDs3RpbW8u,,W0NoaWNhXQpHdWF1LCDCv2VsIHTDrW8gUGV0ZXIgbWUgZW52acOzIGVzdGFzIGZsb3Jlcz8gTW1tbX4sIGh1ZWxlbiBtdXkgYmllbi4=
BykJ,,W0dpcmxdCkhlaGV+IFlvdSBtdXN0IGJlIGEgZnJpZW5kIG9mIFBldGVyJ3MuIFdoZW4geW91IGhhdmUgYSBjaGFuY2UgdG8gbWVldCBoaW0gbGF0ZXIsIHBsZWFzZSBnaXZlIG15IHJlZ2FyZHMgdG8gdW5jbGUgUGV0ZXIuIFRlbGwgaGltIHRoYXQgSSBsb3ZlZCB0aGUgZmxvd2VycyB2ZXJ5IG11Y2guLi4gT2theSwgc2VlIHlvdSBsYXRlci4=,,,,,W0dhcm90YV0KSGVoZX4gVm9jw6ogZGV2ZSBjb25oZWNlciBvIFBldGVyLiBRdWFuZG8gdGl2ZXIgYSBjaGFuY2UgZGUgZW5jb250csOhLWxvIGRlIG5vdm8sIHBvciBmYXZvciwgZGlnYSBhIGVsZSBxdWUgZ29zdGVpIG11aXRvIGRhcyBmbG9yZXMuLi4gVMOhIGJvbT8gQXTDqSBsb2dvLg==,,W0NoaWNhXQpKZSwgamV+LiBQZXRlciBkZWJlIHNlciB0dSBhbWlnby4gUG9yIGZhdm9yLCBkYWxlIG1pcyBzYWx1ZG9zIGFsIHTDrW8gUGV0ZXIgY3VhbmRvIHRlbmdhcyBsYSBvcG9ydHVuaWRhZCBkZSB2ZXJsbyBtw6FzIHRhcmRlLiBEaWxlIHF1ZSBtZSBlbmNhbnRhcm9uIGxhcyBmbG9yZXPigKYgRXN0w6EgYmllbiwgaGFzdGEgbHVlZ28u
CCkJ,,W0dpcmxdCkkgd2lsbCBnbyBob21lIGVhcmx5IGFuZCBwdXQgdGhlc2UgZmxvd2VycyBpbiBhIHZhc2UuIExhbGFsYX4=,,,,,W0dhcm90YV0KVm91IHBhcmEgY2FzYSBtYWlzIGNlZG8gZSBjb2xvY2FyIGVzc2FzIGZsb3JlcyBlbSB1bSB2YXNvLiBMYWxhbGF+,,W0NoaWNhXQpWb2x2ZXLDqSBhIG1pIGhvZ2FyIHRlbXByYW5vIHkgcG9uZHLDqSBlc3RhcyBmbG9yZXMgZW4gdW4gamFycsOzbi4gTGEsIGxhLCBsYX4u
CSkJ,,W0dpcmxdCkhleSB5b3UsIGhhdmUgeW91IGhlYXJkIHRoZSBzdG9yeSBvZiBEYWRkeS1Mb25nLUxlZ3M/IC4uLiAuLi4=,,,,,W0dhcm90YV0KRWksIHZvY8OqIGrDoSBvdXZpdSBhIGhpc3TDs3JpYSBkbyBQYXBhaSBQZXJuaWxvbmdvPyAuLi4gLi4u,,W0NoaWNhXQpEaW1lLCDCv2hhcyBvw61kbyBsYSBoaXN0b3JpYSBkZSBQYXDDoSBQaWVybmFzIExhcmdhc+KApj8=
CikJ,,W0FocnVtXQpIb3cgaXMgRXJuc3QgLi4uPwpIZSBpcyBzbyBzZXJpb3VzIGFib3V0IGV2ZXJ5dGhpbmcuIEhlIGRvZXNuJ3QgbWFrZSB0cm91YmxlIG9yIGhhdmUgb3V0YnVyc3RzLi4uIEhlIGNhbiBiZSBraW5kIG9mIHdlaXJkLg==,,,,,W0FocnVtXQpDb21vIGVzdMOhIG8gRXJuc3QuLi4/CkVsZSDDqSBsZXZhIHR1ZG8gbXVpdG8gYSBzw6lyaW8uIE7Do28gY2F1c2EgcHJvYmxlbWFzLCBuw6NvIGV4cGxvZGUuLi4gTWFzIHBvZGUgc2VyIG1laW8gZXN0cmFuaG8gw6BzIHZlemVzLg==,,W0FocnVtXQrCv0PDs21vIGVzIEVybnN04oCmPwpUb2RvIHNlIGxvIHRvbWEgbXV5IGVuIHNlcmlvLiBObyBjYXVzYSBwcm9ibGVtYXMgbmkgdGllbmUgYXJyZWJhdG9z4oCmIFB1ZWRlIHNlciB1biBwb2NvIHJhcm8u
CykJ,,W0FocnVtXQpXZSB3ZXJlIGNsb3NlIGZyaWVuZHMuIFVubGlrZSBtZSwgaGUgaXMga2luZCBhbmQgY29tcGFzc2lvbmF0ZTsgYSBkaXN0aW5jdCBvZmZpY2lhbCBvZiBwdWJsaWMgYWZmYWlycy4gV2hlbiBoZSBoYXMgdG8gYmUgc3RyaWN0LCBoZSB0dXJucyBzdHJpY3Qgd2l0aCBldmVyeW9uZS4=,,,,,W0FocnVtXQrDiXJhbW9zIGdyYW5kZXMgYW1pZ29zLiBBbyBjb250csOhcmlvIGRlIG1pbSwgZWxlIMOpIGdlbnRpbCBlIGNvbXBhc3Npdm87IHVtIHZlcmRhZGVpcm8gc2Vydmlkb3IgcMO6YmxpY28gZXhlbXBsYXIuIFF1YW5kbyBwcmVjaXNhIHNlciByaWdvcm9zbywgZWxlIHNlIHRvcm5hIGZpcm1lIGNvbSB0b2Rvcy4=,,W0FocnVtXQrDiXJhbW9zIGFtaWdvcyDDrW50aW1vcy4gQSBkaWZlcmVuY2lhIGRlIG3DrSwgZXMgYW1hYmxlIHkgY29tcGFzaXZvOyB1biBmdW5jaW9uYXJpbyBkZSBsb3MgYXN1bnRvcyBww7pibGljb3MgbXV5IGRpc2NpcGxpbmFkby4gQ3VhbmRvIHRpZW5lIHF1ZSBzZXIgZXN0cmljdG8sIHNlIHZ1ZWx2ZSBlc3RyaWN0byBjb24gdG9kbyBlbCBtdW5kby4=
DCkJ,,W0FocnVtXQpJIGFtIEVpZ2VuIEFocnVtLApJIHdpbGwgYmUgdGhlIGxpZ2h0IG9mIFJ1bmUgTWlkZ2FydHMu,,,,,W0FocnVtXQpFdSBzb3UgRWlnZW4gQWhydW0sClNlcmVpIGEgbHV6IGRlIFJ1bmUtTWlkZ2FyZC4=,,W0FocnVtXQpTb3kgRWlnZW4gQWhydW0KeSBzZXLDqSBsYSBsdXogZGUgUnVuZS1NaWRnYXJ0cy4=
DSkJ,,W0FocnVtXQpXaG9ldmVyIGJlIHRoZSBraW5nLCBsZXQncyBtYWtlIFJ1bmUgTWlkZ2FydHMuLi4gdGhlIGJlc3QgY291bnRyeSBpbiB0aGUgd29ybGQsIGJ5IGhlbHBpbmcgZWFjaCBvdGhlci4=,,,,,W0FocnVtXQpTZWphIHF1ZW0gZm9yIG8gcmVpLCB2YW1vcyBmYXplciBkZSBSdW5lLU1pZGdhcmQuLi4gbyBtZWxob3IgcGHDrXMgZG8gbXVuZG8sIGFqdWRhbmRvIHVucyBhb3Mgb3V0cm9zLg==,,W0FocnVtXQpTZWEgcXVpZW4gc2VhIGVsIHJleSwgaGFnYW1vcyBkZSBSdW5lLU1pZGdhcnRz4oCmIGVsIG1lam9yIHBhw61zIGRlbCBtdW5kbyBjb24gZWwgYXBveW8gbXV0dW8u
DikJ,,W0VybnN0XQpXZSBjYW4gbWFrZSBpdC4KTm8sIHdlIHNoYWxsIG1ha2UgaXQuIEZvciBCcm90aGVyIGFuZCBJIHRvZ2V0aGVyLCB3ZSBzaGFsbCBtYWtlIGl0Lg==,,,,,W0VybnN0XQpOw7NzIHZhbW9zIGNvbnNlZ3Vpci4KTsOjbywgbsOzcyB2YW1vcyBmYXplciBhY29udGVjZXIuIFBvciBtaW0gZSBwb3IgbWV1IGlybcOjbywganVudG9zLCBuw7NzIGNvbnNlZ3VpcmVtb3Mu,,W0VybnN0XQpQb2RlbW9zIGxvZ3JhcmxvLgpObywgbG8gbG9ncmFyZW1vcy4gWWEgcXVlIG1pIGhlcm1hbm8geSB5byBsbyBoYXJlbW9zIHBvc2libGUu
DykJ,,W0FocnVtXQpCdXQuLi4gSWYgSSBhbSB0byByZWlnbiwgb3IgaGVscCB5b3U7IGFuZCBpZiBJIGFtIGNvcnJ1cHRlZC4uLiB5b3Uga2lsbCBtZS4uLiBieSB5b3VyIGhhbmQu,,,,,W0FocnVtXQpNYXMuLi4gU2UgZXUgZ292ZXJuYXIsIG91IHRlIGFwb2lhcjsgZSBzZSBldSBmb3IgY29ycm9tcGlkby4uLiBWb2PDqiBkZXZlIG1lIG1hdGFyLi4uIENvbSBhcyBzdWFzIHByw7NwcmlhcyBtw6Nvcy4=,,W0FocnVtXQpQZXJv4oCmIFNpIGhlIGRlIHJlaW5hciwgbyBheXVkYXJ0ZSwgeSBzaSB0ZXJtaW5vIGNvcnJ1cHRv4oCmIHRlbmRyw6FzIHF1ZSBtYXRhcm1l4oCmIGNvbiB0dXMgcHJvcGlhcyBtYW5vcy4=
ECkJ,,W0FocnVtXQpJbiB0aGUgb3Bwb3NpdGUgY2FzZSwgSSB3aWxsIGtpbGwgeW91IHRvbywgeW91IHVuZGVyc3RhbmQ/IFNvIGRvbid0IGV2ZXIgc3RyYXksIGFuZCBkbyBub3QgZXZlciBmb3JnZXQgeW91ciBkZXRlcm1pbmF0aW9uLg==,,,,,W0FocnVtXQpObyBjYXNvIG9wb3N0bywgZXUgZmFyZWkgbyBtZXNtbyBjb20gdm9jSWUsIGVudGVuZGV1PyBQb3J0YW50bywgbnVuY2Egc2UgZGVzdmllIGRvIGNhbWluaG8gZSBudW5jYSBzZSBlc3F1ZcOnYSBkZSBzdWEgZGV0ZXJtaW5hw6fDo28u,,W0FocnVtXQpFbiBlbCBjYXNvIGNvbnRyYXJpbywgc2Vyw6kgeW8gcXVpZW4gdGUgbWF0ZSwgwr9lbnRpZW5kZXM/IEFzw60gcXVlIG5vIHRlIGRlc3bDrWVzIG51bmNhIHkgamFtw6FzIG9sdmlkZXMgdHUgZGV0ZXJtaW5hY2nDs24u
ESkJ,,W0VybnN0XQpCcm90aGVyLCB5b3UgdGhpbmsgYWJvdXQgaGVsbC4gSXQgd2lsbCBuZXZlciBoYXBwZW4sIHNvLi4uIERvbid0IHRhbGsgdGhhdCB3YXku,,,,,W0VybnN0XQpJcm3Do28sIHZvY8OqIGVzdMOhIHBlbnNhbmRvIGVtIHVtIGluZmVybm8uIElzc28gbnVuY2EgdmFpIGFjb250ZWNlciwgZW50w6NvLi4uIE7Do28gZmFsZSBkZXNzZSBqZWl0by4=,,W0VybnN0XQpIZXJtYW5vLCBwaWVuc2FzIGVuIGVsIHBlb3IgZGUgbG9zIGNhc29zLiBFc28gbnVuY2Egc3VjZWRlcsOhLCBhc8OtIHF1ZeKApiBObyBoYWJsZXMgYXPDrS4=
EikJ,,W0FocnVtXQpJdCBpcyBhbiBhc3N1bXB0aW9uLgpEb24ndCB0YWtlIGl0IHRvbyBzZXJpb3VzbHku,,,,,W0FocnVtXQrDiSB1bWEgc3Vwb3Npw6fDo28uCk7Do28gbGV2ZSB0w6NvIGEgc8OpcmlvLg==,,W0FocnVtXQpFcyB1bmEgc3Vwb3NpY2nDs24uCk5vIHRlIGxvIHRvbWVzIGRlbWFzaWFkbyBlbiBzZXJpby4=
EykJ,,W0VybnN0XQpBbHJpZ2h0LCBhbHJpZ2h0LiBEb24ndAp0YWtlIGl0IHRoZSB3cm9uZyB3YXkuCkkgaGF2ZSBiZWVuIGFjdGluZyBmb3IgQnJvdGhlciBhbmQgS2luZ2RvbSwgYW5kIEkgd2lsbCBiZSB0aGUgc2FtZSBldmVyIGFmdGVyLg==,,,,,W0VybnN0XQpUdWRvIGJlbSwgdHVkbyBiZW0uIE7Do28KbsOjbyBtZSBsZXZlIGEgbWFsLgpUdWRvIG8gcXVlIGZhw6dvIMOpIHBlbG8gbWV1IGlybcOjbyBlIHBlbG8gcmVpbm8sIGUgY29udGludWFyw6Egc2VuZG8gYXNzaW0u,,W0VybnN0XQpFc3TDoSBiaWVuLCBkZSBhY3VlcmRvLiBObwp0ZSBsbyB0b21lcyBhIG1hbC4KSGUgZXN0YWRvIGFjdHVhbmRvIHBvciBtaSBoZXJtYW5vIHkgZWwgcmVpbm8sIHkgc2VndWlyw6kgc2llbmRvIGVsIG1pc21vLg==
FCkJ,,W0FocnVtXQpBaCwgdGhlIGFwcHJhaXNlciBoYXMgY29tZS4KSG93IGNvdWxkIHlvdSBhcHBlYXIgc28gc3VkZGVubHk/IEVybiBhbmQgSSB3ZXJlIGluIHRoZSBtaWRkbGUgb2YgY29udmVyc2F0aW9uLg==,,,,,W0FocnVtXQpBaCwgbyBhdmFsaWFkb3IgY2hlZ291LgpDb21vIGNvbnNlZ3VpdSBhcGFyZWNlciB0w6NvIGRlIHJlcGVudGU/IEVybiBlIGV1IGVzdMOhdmFtb3Mgbm8gbWVpbyBkZSB1bWEgY29udmVyc2Eu,,W0FocnVtXQpBaCwgbGxlZ8OzIGVsIGV2YWx1YWRvci4Kwr9Dw7NtbyBhcGFyZWNpc3RlIHRhbiBkZSByZXBlbnRlPyBFcm4geSB5byBlc3TDoWJhbW9zIGVuIHBsZW5hIGNvbnZlcnNhY2nDs24u
FSkJ,,W0VybnN0XQpXaGF0J3Mgd3JvbmcsIGJyb3RoZXI/IFdlIHdlcmUgbm90IHRhbGtpbmcgYWJvdXQgYW55dGhpbmcgYmFkLiBXZSB3ZXJlIGp1c3QgbWFraW5nIG91ciByZXNvbHV0aW9uIGZpcm0uLi4=,,,,,W0VybnN0XQpRdWFsIG8gcHJvYmxlbWEsIGlybcOjbz8gTsOjbyBlc3TDoXZhbW9zIGZhbGFuZG8gZGUgbmFkYSBydWltLiBFc3TDoXZhbW9zIGFwZW5hcyByZWZvcsOnYW5kbyBub3NzYSBkZXRlcm1pbmHDp8Ojby4uLg==,,W0VybnN0XQrCv1F1w6kgcGFzYSwgaGVybWFubz8gTm8gaGFibMOhYmFtb3MgZGUgbmFkYSBtYWxvLiBTb2xvIHJlYWZpcm3DoWJhbW9zIG51ZXN0cmEgZGVjaXNpw7Nu4oCm
FikJ,,W0FocnVtXQpZb3UgY2FtZSBoZXJlIGluIGdvb2QgdGltaW5nLiBXZSd2ZSBqdXN0IGRlY2lkZWQgdG8ga2lsbCB0aGUgb3RoZXIuLi4gaWYgb25lIG9mIHVzIGlzIGNvcnJ1cHQu,,,,,W0FocnVtXQpWb2PDqiBjaGVnb3UgZW0gYm9hIGhvcmEuIEFjYWJhbW9zIGRlIGRlY2lkaXIgcXVlIHVtIG1hdGFyw6EgbyBvdXRyby4uLiBzZSB1bSBkZSBuw7NzIGZvciBjb3Jyb21waWRvLg==,,W0FocnVtXQpMbGVnYXN0ZSBlbiBidWVuIG1vbWVudG8uIEFjYWJhbW9zIGRlIGRlY2lkaXIgbWF0YXIgYWwgb3Ryb+KApiBzaSB1bm8gZGUgbm9zb3Ryb3MgZXMgY29ycnVwdG8u
FykJ,,W0VybnN0XQpCcm90aGVyPyE=,,,,,W0VybnN0XQpJcm3Do28/IQ==,,W0VybnN0XQrCocK/SGVybWFubz8h
GCkJ,,W0FocnVtXQpCeSBhbGwgbWVhbnMsIGJlIHRoZSB3aXRuZXNzIG9mIHRoaXMgYWdyZWVtZW50LiBZb3UgY2Fubm90IHNheSBuby4gQmVjYXVzZSBpdCBpcyBhIHZlcnkgZ29vZCB0aGluZywgaW4gc29tZSByZXNwZWN0cywgZm9yIHlvdXIgd29yaywgaXNuJ3QgaXQ/,,,,,W0FocnVtXQpEZSB0b2RvIG1vZG8sIHNlamEgYSB0ZXN0ZW11bmhhIGRlc3RlIGFjb3Jkby4gVm9jw6ogbsOjbyBwb2RlIGRpemVyIG7Do28uIEFmaW5hbCwgaXNzbyDDqSBhdMOpIMO6dGlsIHBybyBzZXUgdHJhYmFsaG8sIG7Do28gw6k/,,W0FocnVtXQpQb3IgdG9kb3MgbG9zIG1lZGlvcywgc8OpIHRlc3RpZ28gZGUgZXN0ZSBhY3VlcmRvLiBObyBwdWVkZXMgZGVjaXIgcXVlIG5vLiBQb3JxdWUsIGRlIGNpZXJ0byBtb2RvLCBlc3RvIGVzIGFsZ28gbXV5IGJ1ZW5vIHBhcmEgdHUgdHJhYmFqbywgwr9ubz8=
GSkJ,,W0VybnN0XQpCci4uLkJyb3RoZXIuIFlvdSBhcmUgd2F5IHRvbyBzdXBwcmVzc2l2ZS4gT3VyIGFwcHJhaXNlciBtdXN0IGhhdmUgaGlzIG93biBwb3NpdGlvbiBhbmQgb3Bpbmlvbi4=,,,,,W0VybnN0XQpJci4uLiBJcm3Do28uIFZvY8OqIGVzdMOhIHNlbmRvIGF1dG9yaXTDoXJpbyBkZW1haXMuLiBOb3NzbyBhdmFsaWFkb3IgZGV2ZSB0ZXIgc2V1IHByw7NwcmlvIHBvbnRvIGRlIHZpc3RhIGUgb3BpbmnDo28u,,W0VybnN0XQpILWhlcm1hbm8uIEVyZXMgZGVtYXNpYWRvIG9wcmVzaXZvLiBFbCBldmFsdWFkb3IgZGViZSB0ZW5lciBzdSBwcm9waWEgb3BpbmnDs24u
GikJ,,W0FocnVtXQpZb3Ugc3RpbGwgaGF2ZSBhIHdlYWsgcGVyc29uYWxpdHkuIEkgYW0gbm90IGZvcmNpbmcgc29tZXRoaW5nIHNvIGRpZmZpY3VsdCBvbiBoaW0hIFdobyBjYXJlcz8gSSB0YWtlIHNpbGVuY2UgYXMgYSBwb3NpdGl2ZSBhbnN3ZXIhIE15IGJpZCBpcyBzdWNjZXNzZnVsISBBbmQgb3VyIHByb21pc2UgaXMgZm9ybWVkIHRvbyE=,,,,,W0FocnVtXQpWb2PDqiBhaW5kYSB0ZW0gdW1hIHBlcnNvbmFsaWRhZGUgZnJhY2EuIE7Do28gZXN0b3UgZm9yw6dhbmRvIG5hZGEgdMOjbyBkaWbDrWNpbCBhc3NpbSBwcmEgZWxlISBRdWVtIHNlIGltcG9ydGE/IFF1ZW0gY2FsYSwgY29uc2VudGUhIE1pbmhhIHByb3Bvc3RhIGZvaSBhY2VpdGEhIEUgbm9zc2EgcHJvbWVzc2EgZXN0w6Egc2VsYWRhIQ==,,W0FocnVtXQpTaWd1ZXMgdGVuaWVuZG8gdW5hIHBlcnNvbmFsaWRhZCBkw6liaWwuIMKhTm8gbGUgZXN0b3kgaW1wb25pZW5kbyBhbGdvIHRhbiBkaWbDrWNpbCEgwr9BIHF1acOpbiBsZSBpbXBvcnRhPyDCoUludGVycHJldGFyw6kgZXN0ZSBzaWxlbmNpbyBjb21vIHVuIHPDrSEgwqFBY2VwdMOzIG1pIG9mZXJ0YSEgwqFZIG51ZXN0cmEgcHJvbWVzYSB0YW1iacOpbiBlc3TDoSBoZWNoYSE=
GykJ,,W0VybnN0XQpIYWFoLi4uaGFoYS4uLiBBcHByYWlzZXIsIEkgZGVlcGx5IGFwb2xvZ2l6ZSBmb3Igb2ZmZW5kaW5nIHlvdS4gU29ycnksIGJ1dCB0aGVyZSBpcyBubyBwb3NzaWJpbGl0eSBvZiBmdWxmaWxsaW5nIHRoaXMgcHJvbWlzZS4gU28sIGp1c3QgZG9uJ3QgdGFrZSB0aGlzIHNpdHVhdGlvbiBzZXJpb3VzbHkuLi4gWW91IGtub3cuLi4gV2hlbiBwaWdzIGZseS4uLiB+,,,,,W0VybnN0XQpIYWFoLi4uIGhhaGEuLi4gQXZhbGlhZG9yLCBwZcOnbyBkZXNjdWxwYXMgcG9yIHTDqi1sbyBvZmVuZGlkby4gRGVzY3VscGUsIG1hcyBuw6NvIGV4aXN0ZSBhIG1lbm9yIHBvc3NpYmlsaWRhZGUgZGUgY3VtcHJpcm1vcyBlc3NhIHByb21lc3NhLi4gRW50w6NvLCBuw6NvIGxldmUgZXNzYSBzaXR1YcOnw6NvIGEgc8OpcmlvLi4uIHNhYmUgY29tbyDDqS4uLiBzw7Mgc2UgdmFjYSB0b3NzaXIuLi4gfg==,,W0VybnN0XQpKYeKApiBKYSwgamHigKYgRXZhbHVhZG9yLCB0ZSBwaWRvIGRpc2N1bHBhcyBzaSB0ZSBvZmVuZMOtLiBMbyBzaWVudG8sIHBlcm8gbm8gaGF5IHBvc2liaWxpZGFkIGRlIGN1bXBsaXIgZXN0YSBwcm9tZXNhLiBBc8OtIHF1ZSBubyB0ZSB0b21lcyB0YW4gZW4gc2VyaW8gZXN0YSBzaXR1YWNpw7Nu4oCmIMK/U2FiZXPigKY/IEN1YW5kbyBsb3MgY2VyZG9zIHZ1ZWxlbn4u
HCkJ,,W0VybnN0XQpOb3csIGxldCBtZSByZXR1cm4gdG8gbXkgcm9vbS4gS2VlcCB1cCB0aGUgZ29vZCB3b3JrLCBhcHByYWlzZXIu,,,,,W0VybnN0XQpBZ29yYSwgdm91IHZvbHRhciBwYXJhIG8gbWV1IHF1YXJ0by4gQ29udGludWUgY29tIHNldSBib20gdHJhYmFsaG8sIGF2YWxpYWRvci4=,,W0VybnN0XQpBaG9yYSBkw6lqYW1lIHZvbHZlciBhIG1pIGhhYml0YWNpw7NuLiBTaWd1ZSBhc8OtLCBldmFsdWFkb3Iu
HSkJ,,W0FocnVtXQpJIGhlYXJkIHRoYXQgb25lIHBlcnNvbgpmcm9tIG15IGZhbWlseSBpcyBjb21pbmcgdG9kYXkuIEJ1dCBJIGhhdmVuJ3QgZm91bmQgaGltIHlldC4=,,,,,W0FocnVtXQpPdXZpIGRpemVyIHF1ZSB1bSBtZW1icm8gZGEgbWluaGEgZmFtw61saWEgZXN0w6EgY2hlZ2FuZG8gaG9qZS4gTWFzIGFpbmRhIG7Do28gbyBlbmNvbnRyZWku,,W0FocnVtXQpPw60gcXVlIHVuYSBwZXJzb25hCmRlIG1pIGZhbWlsaWEgdmllbmUgaG95LiBQZXJvIGHDum4gbm8gbG8gZW5jdWVudHJvLg==
HikJ,,W0FocnVtXQpJIHdvcnJ5IGFib3V0IHlvdXIgd29yZHMuLi4KV2hhdCBkbyB5b3Ugd2FudCB0byBzYXkgdGhpcyB0aW1lPy4uLiBIYXZlIHlvdSBzZWVuIGhpbSwgYXBwcmFpc2VyPw==,,,,,W0FocnVtXQpTdWFzIHBhbGF2cmFzIG1lIHByZW9jdXBhbS4uLgpPIHF1ZSBxdWVyIGRpemVyIGNvbSBpc3NvIGFnb3JhPy4uLiBWb2PDqiBvIHZpdSwgYXZhbGlhZG9yPw==,,W0FocnVtXQpNZSBwcmVvY3VwYW4gdHVzIHBhbGFicmFz4oCmCsK/UXXDqSBxdWllcmVzIGRlY2lyIGVzdGEgdmV64oCmPyDCv0xvIHZpc3RlLCBldmFsdWFkb3I/
HykJ,,W0FocnVtXQpBYWhoLi4uYm9yaW5nLCBib3JpbmcuCkkgYW0gaW4gcmVhbCBwZW5hbmNlIHJpZ2h0IG5vdyE=,,,,,W0FocnVtXQpBYWhoLi4uIHF1ZSB0w6lkaW8sIHF1ZSB0w6lkaW8uCkVzdG91IHZpdmVuZG8gdW1hIHZlcmRhZGVpcmEgcGVuaXTDqm5jaWEgYWdvcmEh,,W0FocnVtXQpBaOKApiBRdcOpIGFidXJyaWRvIHRvZG8gZXN0by4KwqFNZSBzaWVudG8gY29tbyB1biBwcmlzaW9uZXJvIQ==
ICkJ,,W0FocnVtXQpZb3UgY29tZSBoZXJlIHNvIG9mdGVuLgpJIGtub3cgeW91IGFyZSBhIGZhaXRoZnVsIHBlcnNvbiwgZW5nYWdlZCBpbiBhIHZlcnkgaW1wb3J0YW50IGlzc3VlIGZvciB0aGUga2luZ2RvbSwgYnV0IHlvdSBjb21lIGhlcmUgbW9yZSB0aGFuIGlzIG5lY2Vzc2FyeS4uLg==,,,,,W0FocnVtXQpWb2PDqiB2ZW0gYXF1aSBjb20gdGFudGEgZnJlcXXDqm5jaWEuClNlaSBxdWUgw6kgdW1hIHBlc3NvYSBsZWFsLCBlbnZvbHZpZGEgbnVtYSBtaXNzw6NvIG11aXRvIGltcG9ydGFudGUgcGFyYSBvIHJlaW5vLCBtYXMgasOhIGVzdMOhIHZpbmRvIG1haXMgZG8gcXVlIGRldmVyaWEuLi4=,,W0FocnVtXQpWaWVuZXMgYXF1w60gbXV5IGEgbWVudWRvLgpTw6kgcXVlIGVyZXMgdW5hIHBlcnNvbmEgZmllbCwgY29tcHJvbWV0aWRhIGVuIHVuIGFzdW50byBtdXkgaW1wb3J0YW50ZSBwYXJhIGVsIHJlaW5vLCBwZXJvIHZpZW5lcyBhcXXDrSBtw6FzIGRlIGxvIG5lY2VzYXJpb+KApg==
ISkJ,,SSBoYXZlIHNvbWV0aGluZy4uLg==,,,,,RXUgdGVuaG8gYWxnby4uLg==,,VGVuZ28gYWxnb+KApg==
IikJ,,SXMgdGhhdCBzbz8gVGhlbiwgc2VlIHlvdSBsYXRlci4=,,,,,w4kgbWVzbW8/IEVudMOjbywgYXTDqSBsb2dvLg==,,wr9EZSB2ZXJkYWQ/IEVudG9uY2VzLCBoYXN0YSBsdWVnby4=
IykJ,,W3t9XQpJIHNhdyBhIHBlcnNvbiBmcm9tIHRoZSBXYWx0ZXIgZmFtaWx5Lg==,,,,,W3t9XQpFdSB2aSBhbGd1w6ltIGRhIGZhbcOtbGlhIFdhbHRlci4=,,W3t9XQpWaSBhIHVuYSBwZXJzb25hIGRlIGxhIGZhbWlsaWEgV2FsdGVyLg==
JCkJ,,W0FocnVtXQpPaCEgUmVhbGx5PwpXaHkgZGlkbid0IGhlIGNvbWUgdG8gbWU/,,,,,W0FocnVtXQpBaCEgU8OpcmlvPwpQb3IgcXVlIGVsZSBuw6NvIG1lIHByb2N1cm91Pw==,,W0FocnVtXQrCoUFoISDCv0RlIHZlcmRhZD8Kwr9Qb3IgcXXDqSBubyB2aW5vIGEgbcOtPw==
JSkJ,,W3t9XQotSSB0ZWxsIEFocnVtIHRoZSBzdG9yeS4t,,,,,W3t9XQotQ29udG8gYSBoaXN0w7NyaWEgYSBBaHJ1bS4=,,W3t9XQooTGUgY3VlbnRvIGxhIGhpc3RvcmlhIGEgQWhydW0pLg==
JikJ,,W0FocnVtXQouLi4uLi4=,,,,,W0FocnVtXQouLi4uLi4=,,W0FocnVtXQouLi4uLi4=
JykJ,,W0FocnVtXQpXaGF0ISBBcmUgeW91IDEwMCUgc3VyZSBhYm91dCB5b3VyIHN0b3J5PyBBaGhoaC4uLg==,,,,,W0FocnVtXQpPIHF1w6o/ISBUZW0gY2VydGV6YSBhYnNvbHV0YSBkbyBxdWUgZXN0w6EgZGl6ZW5kbz8gQWhoaGguLi4=,,W0FocnVtXQrCoVF1w6khIMK/VGllbmVzIHRvdGFsIHNlZ3VyaWRhZCBkZSBlc3RvIHF1ZSBkaWNlcz8gQWjigKY=
KCkJ,,W0FocnVtXQpJIGFtIHZlcnkgc29ycnksIGJ1dCBJIHdhbnQgdG8gYmUgbGVmdCBhbG9uZS4gTGVhdmUgbWUgYWxvbmUsIHJpZ2h0IG5vdyE=,,,,,W0FocnVtXQpNZSBkZXNjdWxwZSwgbWFzIHF1ZXJvIGZpY2FyIHNvemluaG8uIE1lIGRlaXhlIGVtIHBhei4gQWdvcmEh,,W0FocnVtXQpMbyBzaWVudG8gbXVjaG8sIHBlcm8gcXVpZXJvIGVzdGFyIHNvbG8uIMKhRMOpamFtZSBlbiBwYXogYWhvcmEgbWlzbW8h
KSkJ,,W0FocnVtXQpPa2F5LCBnb29kIHJpZGRhbmNlLg==,,,,,W0FocnVtXQpUw6EuLi4gSsOhIHZhaSB0YXJkZS4=,,W0FocnVtXQpCdWVubywgaGFzdGEgbnVuY2Eu
KikJ,,W0FocnVtXQpJIHRvbGQgeW91IHRoYXQgSSBkb24ndAp3YW50IHRvIGJlIGtpbmcsIGFuZCBJIGRvbid0IGhhdmUgYW55IGludGVudGlvbiB0byBjaGFuZ2UgbXkgbWluZCE=,,,,,W0FocnVtXQpFdSBqw6EgZGlzc2UgcXVlIG7Do28gcXVlcm8gc2VyIHJlaSBlIG7Do28gdGVuaG8gbmVuaHVtYSBpbnRlbsOnw6NvIGRlIG11ZGFyIGRlIGlkZWlhIQ==,,W0FocnVtXQpUZSBkaWplIHF1ZSBubwpxdWllcm8gc2VyIHJleSB5IG5vIHRlbmdvIG5pbmd1bmEgaW50ZW5jacOzbiBkZSBjYW1iaWFyIGRlIG9waW5pw7NuLg==
KykJ,,W0VybnN0XQpCcm90aGVyISBJIGRvbid0IGtub3cgd2h5IHlvdSBhcmUgc3VmZmVyaW5nIHNvIG11Y2ghIEFyZSB5b3UgdGhpcyB3ZWFrIGEgY3JlYXR1cmU/IQ==,,,,,W0VybnN0XQpJcm3Do28hIE7Do28gc2VpIHBvciBxdWUgZXN0w6Egc29mcmVuZG8gdGFudG8hIFZvY8OqIMOpIHTDo28gZnJhY28gYXNzaW0/IQ==,,W0VybnN0XQrCoUhlcm1hbm8hIMKhTm8gc8OpIHBvciBxdcOpIHN1ZnJlcyB0YW50byEgwqHCv1RhbiBkw6liaWwgZXJlcz8h
LCkJ,,W0FocnVtXQpTdWZmZXJpbmc/IE1lPy4uQWFhaGhoLi4KSXQgbG9va3Mgc28uLj8uLlllYWhoLi4uWWVzIGl0IGRvZXMuIFN0cmVzc2Z1bC4uSHVodWh1Li5IYWhhaGEh,,,,,W0FocnVtXQpTb2ZyZW5kbz8gRXU/Li4uIEFhYWhoaC4uLgpQYXJlY2UgaXNzby4uLj8uLi7DiS4uLlNpbSwgcGFyZWNlLiBRdWUgZXN0cmVzc2UuLi4gSHVodWh1Li4uIEhhaGFoYSE=,,W0FocnVtXQrCv1N1ZnJpcj8gwr9Zbz8gQWFhaGho4oCmCsK/THVjZSB0YW7igKY/IFPDreKApiBTw60sIGFzw60gZXMuIEVzdHJlc2FudGXigKYgSmUsIGplLCBqZeKApiDCoUphLCBqYSwgamEh
LSkJ,,W0VybnN0XQpCcm90aGVyLCBBaHJ1bS4uLj8=,,,,,W0VybnN0XQpJcm3Do28sIEFocnVtLi4uPw==,,W0VybnN0XQrCv0hlcm1hbm8/IMK/QWhydW3igKY/
LikJ,,W0FocnVtXQouLi5JcyBpdCBvbmx5IG1lIHRoYXQgZ2V0cyBhd2F5Li4uIEFueWhvdywgSSBhbSBhIGRpc3F1YWxpZmllZCBwZXJzb24gLi4uIGh1aHVodS4gQnV0LCBJJ3ZlIG1hZGUgYSBkZWNpc2lvbi4=,,,,,W0FocnVtXQouLi5TZXLDoSBxdWUgc291IHPDsyBldSBxdWUgZXNjYXBhLi4uIERlIHF1YWxxdWVyIGZvcm1hLCBldSBzb3UgdW1hIHBlc3NvYSBkZXNxdWFsaWZpY2FkYS4uLiBodWh1aHUuIE1hcyBldSB0b21laSBtaW5oYSBkZWNpc8Ojby4=,,W0FocnVtXQrCv1NveSBlbCDDum5pY28gcXVlIG5vIHF1ZWTDs+KApj8gRGUgdG9kb3MgbW9kb3MsIG5vIHRlbmdvIGxhcyBhcHRpdHVkZXPigKYgSmUsIGplLCBqZS4gUGVybyB5YSB0b23DqSB1bmEgZGVjaXNpw7NuLg==
LykJ,,W0FocnVtXQpFcm5zdC4=,,,,,W0FocnVtXQpFcm5zdC4=,,W0FocnVtXQpFcm5zdC4=
MCkJ,,W0VybnN0XQpZZXM/Li4uIFllcz8uLi4=,,,,,W0VybnN0XQpTaW0/Li4uIFNpbT8uLi4=,,W0VybnN0XQrCv1PDreKApj8gwr9Tw63igKY/
MSkJ,,W0FocnVtXQpUYWtlIHRoaXMu,,,,,W0FocnVtXQpQZWd1ZSBpc3NvLg==,,W0FocnVtXQpUb21hIGVzdG8u
MikJ,,LSBzd2lzaCEgLQ==,,,,,LSB2b29zaCEgLQ==,,Klphcyo=
MykJ,,LSBBaHJ1bSB0aHJldyBpdCBlYXNpbHkuIC0=,,,,,LSBBaHJ1bSBqb2dvdSBjb20gZmFjaWxpZGFkZS4gLQ==,,KEFocnVtIGxhIGxhbnrDsyBmw6FjaWxtZW50ZSku
NCkJ,,W0VybnN0XQpFaD8uLi4gV2hhdCdzIHRoaXMgYWJvdXQ/Li4uIFRoZSBXYWx0ZXIgZmFtaWx5Py4uLldoeT8uLi4=,,,,,W0VybnN0XQpFaD8uLi4gTyBxdWUgZXN0w6EgYWNvbnRlY2VuZG8/Li4uIEEgZmFtw61saWEgV2FsdGVyPy4uLiBQb3IgcXXDqj8uLi4=,,W0VybnN0XQrCv0Vo4oCmPyDCv0RlIHF1w6kgc2UgdHJhdGEgdG9kbyBlc3Rv4oCmPyDCv0VzdG8gbm8gZXMgZGUgbGEgZmFtaWxpYSBXYWx0ZXLigKY/IMK/UG9yIHF1w6nigKY/
NSkJ,,W0FocnVtXQpOb3cgdGhpcyBpcyBwZXJmZWN0IHRpbWluZy4KRXZlbiBvdXIgd2l0bmVzcyBpcyBoZXJlIQpFcm4sIHlvdSByZW1lbWJlciBvdXIgcHJvbWlzZSBjbGVhcmx5LCByaWdodD8=,,,,,W0FocnVtXQpDaGVnb3UgbyBtb21lbnRvIHBlcmZlaXRvLgpBdMOpIG5vc3NhIHRlc3RlbXVuaGEgZXN0w6EgYXF1aSEKRXJuLCB2b2PDqiBzZSBsZW1icmEgZGEgbm9zc2EgcHJvbWVzc2EsIG7Do28gw6k/,,W0FocnVtXQpFc3RlIGVzIGVsIG1vbWVudG8gaWRlYWwuCsKhSGFzdGEgdGVuZW1vcyB1biB0ZXN0aWdvIHByZXNlbnRlIQpFcm4sIHJlY3VlcmRhcyBudWVzdHJhIHByb21lc2EsIMK/dmVyZGFkPw==
NikJ,,W0VybnN0XQpXaGF0PyBQcm9taXNlPyBXaXRuZXNzPy4uLkFoaC4uLiBSZS4uLnJlYWxseS4uLg==,,,,,W0VybnN0XQpPIHF1w6o/IFByb21lc3NhPyBUZXN0ZW11bmhhPy4uLiBBaGguLi4gTWVzbW8uLi4=,,W0VybnN0XQrCv1F1w6k/IMK/UHJvbWVzYT8gwr9UZXN0aWdvPyDigKZBaOKApiBEZeKApiBEZSB2ZXJkYWTigKY=
NykJ,,W0FocnVtXQpZZXMsIHJlYWxseS4gTm93IGlzIHRoZSB0aW1lLg==,,,,,W0FocnVtXQpTaW0sIG1lc21vLiBDaGVnb3UgYSBob3JhLg==,,W0FocnVtXQpTw60sIGRlIHZlcmRhZC4gQWhvcmEgZXMgZWwgbW9tZW50by4=
OCkJ,,W0VybnN0XQpOb25zZW5zZSEgRG8geW91IHRoaW5rIEkgY2FuIGRvIHRoYXQgdG8geW91PyE=,,,,,W0VybnN0XQpJc3NvIMOpIGxvdWN1cmEhIFZvY8OqIGFjaGEgcXVlIGV1IHBvZGVyaWEgZmF6ZXIgaXNzbyBjb20gdm9jw6o/IQ==,,W0VybnN0XQrCoVRvbnRlcsOtYXMhIMKhwr9DcmVlcyBxdWUgcHVlZG8gaGFjZXJ0ZSBlc28/IQ==
OSkJ,,W0FocnVtXQpJZGlvdCEgQmVpbmcgS2luZyBzaG91bGQgYmUgZm9sbG93ZWQgYnkgZGVjaXNpdmUgYWN0aW9uLiBJIGhhdmUgbm8gY2hhbmNlcyB0byBiZSBLaW5nLiBDb3JydXB0aW9uLCBhbmQgbGl2aW5nIGxpa2UgdGhhdCwgaXMgd29yc2UgdGhhbiBiZWluZyBraWxsZWQgYnkgeW91Li4u,,,,,W0FocnVtXQpJZGlvdGEhIFNlciByZWkgZXhpZ2UgZGVjaXPDtWVzIGZpcm1lcy4gTsOjbyB0ZW5obyBuZW5odW1hIGNoYW5jZSBkZSBzZXIgcmVpLiBWaXZlciBjb3Jyb21waWRvLi4uIMOJIHBpb3IgZG8gcXVlIHNlciBtb3J0byBwb3Igdm9jw6ouLi4=,,W0FocnVtXQrCoUlkaW90YSEgU2VyIHJleSBzaWduaWZpY2EgcXVlIGRlYmVzIHRlbmVyIHVuYSBhY3RpdHVkIGZpcm1lLiBObyB0ZW5nbyBwb3NpYmlsaWRhZGVzIGRlIHNlciByZXkuIFZpdmlyIGNvbiBlc3RhIGNvcnJ1cGNpw7NuIGVzIHBlb3IgcXVlIHNlciBhc2VzaW5hZG8gcG9yIHRp4oCm
OikJ,,W0VybnN0XQpCdS4uLmJ1dCwgeW91IGNhbiBsaXZlIGFzIHlvdSBhcmUhIEFzIGlmIG5vdGhpbmcgaGFwcGVuZWQuIFlvdSBhcmUganVzdCBuZWVkZWQgdG8gcmV0dXJuIHRvIHRoZSB3YXkgeW91IHdlcmUgYmVmb3JlLiBCcm90aGVyLCBsZXQgbWUgaGVscCB5b3UuIFRlbGwgbWUgZXZlcnl0aGluZyB5b3UgaGlkZS4uLg==,,,,,W0VybnN0XQpNYXMuLi4gbWFzLCB2b2PDqiBwb2RlIHZpdmVyIGNvbW8gZXN0w6EhIENvbW8gc2UgbmFkYSB0aXZlc3NlIGFjb250ZWNpZG8uIFZvY8OqIHPDsyBwcmVjaXNhIHZvbHRhciBhIHNlciBvIHF1ZSBlcmEgYW50ZXMuIElybcOjbywgZGVpeGUtbWUgYWp1ZMOhLWxvLiBNZSBjb250ZSB0dWRvIG8gcXVlIHZvY8OqIGVzY29uZGUuLi4=,,W0VybnN0XQpQLXBlcm8sIMKhcHVlZGVzIHZpdmlyIHRhbCBjb21vIGVyZXMhIENvbW8gc2kgbm8gaHViaWVyYSBwYXNhZG8gbmFkYS4gU29sbyBuZWNlc2l0YXMgdm9sdmVyIGEgY29tbyBzb2zDrWFzIHNlci4gSGVybWFubywgZMOpamFtZSBheXVkYXJ0ZS4gRGltZSB0b2RvIGxvIHF1ZSBzaWVudGVz4oCm
OykJ,,W0FocnVtXQpUaGlzIGlzIHNvIG1vcm9uaWMhIENhbiB5b3Ugc2F5IHRoYXQgeW91IGFyZSBraW5nbHk/ISBBcmUgeW91IHNob3dpbmcgbWUgc3ltcGF0aHkgbm93PyBZb3Ugc2hvdWxkIGJlIGEgbWFuIG9mIHNlbnNlISBJZiBub3QsIHlvdSBhcmUgbm90IGVsaWdpYmxlIGFzIGEga2luZyBjYW5kaWRhdGUh,,,,,W0FocnVtXQpJc3NvIMOpIHJpZMOtY3VsbyEgUG9kZSBtZSBkaXplciBxdWUgaXNzbyDDqSB1bWEgYXRpdHVkZSBkaWduYSBkZSB1bSByZWk/ISBFc3TDoSBkZW1vbnN0cmFuZG8gY29tcGFpeMOjbyBhZ29yYT8gVm9jw6ogZGV2ZXJpYSBzZXIgdW0gaG9tZW0gZGUgcmF6w6NvISBTZSBuw6NvIGZvciwgdm9jw6ogbsOjbyDDqSBlbGVnw612ZWwgY29tbyBjYW5kaWRhdG8gYSByZWkh,,W0FocnVtXQrCoUVzdG8gZXMgdGFuIGVzdMO6cGlkbyEgwqHCv0FjYXNvIGVzdGEgZXMgbGEgYWN0aXR1ZCBkZSB1biByZXk/ISDCv0Fob3JhIG1lIG11ZXN0cmFzIGNvbXBhc2nDs24/IMKhRGViZXLDrWFzIHNlciB1biBob21icmUgc2Vuc2F0byEgWSBzaSBubywgbm8gZXJlcyBlbGVnaWJsZSBjb21vIGNhbmRpZGF0byBhIHJleS4=
PCkJ,,W0VybnN0XQpCdS4uLmJ1dCE=,,,,,W0VybnN0XQpNYXMuLi4gbWFzIQ==,,W0VybnN0XQrCoVAtcGVybyE=
PSkJ,,W0FocnVtXQpUYWxraW5nIGJhY2sgYW5kIGZvcnRoIGlzIG9mIG5vIHVzZSEgSSBjYW5ub3QgaGVscCBpdC4gSWYgeW91IGtlZXAgaW5zaXN0aW5nIGluc3RlYWQgb2YgdHJ5aW5nIHRvIGJlIGEgbWFuIG9mIHNlbnNlLCB0aGVuIHN1Y2ggYSBwZXJzb24gc2hvdWxkIG5vdCBiZSBhIGtpbmcu,,,,,W0FocnVtXQpFc3NlIHZhaS1lLXZlbSBuw6NvIHNlcnZlIHByYSBuYWRhISBOw6NvIHBvc3NvIGZhemVyIG5hZGEuClNlIGNvbnRpbnVhciBpbnNpc3RpbmRvIGVtIHZleiBkZSBhZ2lyIGNvbSByYXrDo28sIGVudMOjbyB1bWEgcGVzc29hIGFzc2ltIG7Do28gZGV2ZSBzZXIgcmVpLg==,,W0FocnVtXQrCoURlIG5hZGEgbm9zIHNpcnZlIGRhcmxlIHZ1ZWx0YSBhbCBhc3VudG8hIE5vIHB1ZWRvIGV2aXRhcmxvLiBTaSBpbnNpc3RlcyBlbiBsdWdhciBkZSBzZXIgdW4gaG9tYnJlIHNlbnNhdG8sIHRhbCBwZXJzb25hIG5vIGRlYmVyw61hIHNlciByZXku
PikJ,,W0FocnVtXQpHaGg/ISBCcm90aGVyPyE=,,,,,W0FocnVtXQpHaGg/ISBJcm3Do28/IQ==,,W0FocnVtXQrCocK/QWg/ISDCocK/SGVybWFubz8h
PykJ,,KGRhZ2dlciB0aHJ1c3Rpbmcgc291bmQp,,,,,KHNvbSBkZSBwdW5oYWwgc2VuZG8gZW1wdXJyYWRvKQ==,,KlNvbmlkbyBhbCBpbnNlcnRhciBsYSBkYWdhKg==
QCkJ,,W0VybnN0XQpCYmIuLi4gQnJvdGhlcj8uLi4gWW91Li4uIHRvbGQgbWUgeW91IHdvdWxkIGtpbGwgbWUuLi4gWW91IGp1c3Qgd2FudGVkIHRvIGJlIGtpbGxlZCBieSBtZT8/Li4uIEJiYi4uLmJyb3RoZXI/Li4u,,,,,W0VybnN0XQpJci4uLiBJcm3Do28/Li4uIFZvY8OqLi4uIG1lIGRpc3NlIHF1ZSBpcmlhIG1lIG1hdGFyLi4uIFZvY8OqIHPDsyBxdWVyaWEgc2VyIG1vcnRvIHBvciBtaW0/Py4uLiBJci4uLiBpcm3Do28/Li4u,,W0VybnN0XQpIZeKApiDCv0hlcm1hbm/igKY/IE1l4oCmIGRpamlzdGUgcXVlIG1lIG1hdGFyw61hc+KApiDCv1NvbG8gcXVlcsOtYXMgcXVlIHRlIG1hdGFyYeKApj8gSGXigKYgwr9oZXJtYW5v4oCmPw==
QSkJ,,W0FocnVtXQpIdWh1Li4uIE5vdCBhdCBhbGwuIEkganVzdCB3YW50ZWQgdG8ga2lsbCB5b3UuLi4gVGhhdCdzIGl0Li4uIEdvb2Qgam9iLCBFcm4uLi4gVGhpcyBpcyBsZWdhbCwgc2VsZi1kZWZlbnNlOyBraWxsaW5nIGEgdmlsbGFpbi4uLiByaWdodD8=,,,,,W0FocnVtXQpIdWh1Li4uIERlIGplaXRvIG5lbmh1bS4gRXUgc8OzIHF1ZXJpYSBtYXRhciB2b2PDqi4uLiDDiSBpc3NvIGHDrS4uLiBCb20gdHJhYmFsaG8sIEVybi4uLiBOw6NvIGZvaSB1bSBjcmltZSwgbGVnw610aW1hIGRlZmVzYTsgbWF0YXIgdW0gdmlsw6NvLi4uIGNlcnRvPw==,,W0FocnVtXQpKdSwganXigKYgUGFyYSBuYWRhLiBTb2xvIHF1ZXLDrWEgbWF0YXJ0ZeKApiBFc28gZXMgdG9kb+KApiBCdWVuIHRyYWJham8sIEVybuKApiBNYXRhciBhIHVuIHRyYWlkb3IgZXMgbGVnYWwsIMK/bm8/IEVzIGRlZmVuc2EgcHJvcGlhLg==
QikJ,,W0VybnN0XQpCLi5Ccm90aGVyLi4sIGV2ZW4gbm93IGl0IGlzIG5vdCB0b28gbGF0ZSEgSWYgeW91IGdvIHRvIGEgbWVkaWMsIHlvdSBjYW4gYmUgcmVzdG9yZWQh,,,,,W0VybnN0XQpJLi4uSXJtw6NvLi4uIEFpbmRhIGTDoSB0ZW1wbyEgU2Ugdm9jw6ogZm9yIGEgdW0gbcOpZGljbywgYWluZGEgcG9kZSBzZXIgc2Fsdm8h,,W0VybnN0XQpILWhlcm1hbm/igKYgwqFhw7puIG5vIGVzIGRlbWFzaWFkbyB0YXJkZSEgU2kgdmFtb3MgYSB1biBtw6lkaWNvLCBwb2Ryw6FzIHJlY3VwZXJhcnRlLg==
QykJ,,W0FocnVtXQpJdCdzIHRvbyBsYXRlLi4uIE9uY2UgeW91ciB2aXRhbCBvcmdhbnMgYXJlIHN0YWJiZWQuLi4gSSB3b25kZXIgaG93IGNvdWxkIEkgc3RheSBhbGl2ZS4uLiBvciBldmVuIGhvdyBJIGNvdWxkIGNvbWUgYmFjayB0byBsaWZlLi4uIEkgZG9uJ3QgbmVlZCB0byBsaXZlLg==,,,,,W0FocnVtXQrDiSB0YXJkZSBkZW1haXMuLi4gVW1hIHZleiBxdWUgc2V1cyDDs3Jnw6NvcyB2aXRhaXMgc8OjbyBwZXJmdXJhZG9zLi4uIENvbW8gZXUgcG9kZXJpYSBjb250aW51YXIgdml2by4uLiBvdSBhdMOpIHZvbHRhciDDoCB2aWRhLi4uIEV1IG7Do28gcHJlY2lzbyB2aXZlci4=,,W0FocnVtXQpFcyBkZW1hc2lhZG8gdGFyZGXigKYgVW5hIHZleiBxdWUgdHVzIMOzcmdhbm9zIHZpdGFsZXMgc29uIGFwdcOxYWxhZG9z4oCmIE1lIHByZWd1bnRvIGPDs21vIHBvZHLDrWEgc2VndWlyIHZpdm/igKYgbyBjw7NtbyBwb2Ryw61hIHZvbHZlciBhIGxhIHZpZGHigKYgTm8gbmVjZXNpdG8gdml2aXIu
RCkJ,,W0VybnN0XQpCLi5Ccm90aGVyLi4uLkhvdy4uLmhvdyBjb3VsZCB5b3U/IQ==,,,,,W0VybnN0XQpJLi4uSXJtw6NvLi4uLkNvbW8uLi5jb21vIHZvY8OqIHDDtGRlPyE=,,W0VybnN0XQpILWhlcm1hbm/igKYgwr9Dw7Ntb+KApj8gwqHCv0PDs21vIHB1ZGlzdGUgaGFjZXJsbz8h
RSkJ,,W0FocnVtXQpHb29kYnllLCBteSBicm90aGVyLi4uIEJlIEtpbmcsIGFuZCBjaGFuZ2UgdGhpcyBuYXRpb24uIFlvdS4uLiBZb3UgY2FuIG1ha2UgaXQuLi5ndWsuLi4=,,,,,W0FocnVtXQpBZGV1cywgbWV1IGlybcOjby4uLiBTZWphIHJlaSwgZSBtdWRlIGVzdGEgbmHDp8Ojby4gVm9jw6ouLi4gVm9jw6ogY29uc2VndWUuLi4gZ3VrLi4u,,W0FocnVtXQpBZGnDs3MsIGhlcm1hbm8gbcOtb+KApiBTw6kgcmV5IHkgY2FtYmlhIGVzdGEgbmFjacOzbi4gVMO64oCmIFB1ZWRlcyBoYWNlcmxv4oCmIFVnaOKApg==
RikJ,,W0VybnN0XQouLi5Ccm90aGVyLi4uQnJvdGhlci4uLiBXaHkuLi4gV2h5Li4uIEhvdyBjYW4geW91ciBmYWNlIGxvb2sgc28gc2F0aXNmaWVkPyBIb3cuLi4/IEJyb3RoZXIuLi4=,,,,,W0VybnN0XQouLi5Jcm3Do28uLi5Jcm3Do28uLi4gUG9yIHF1w6ouLi4gUG9yIHF1w6ouLi4gQ29tbyBzZXUgcm9zdG8gcG9kZSBwYXJlY2VyIHTDo28gZW0gcGF6PyBDb21vLi4uPyBJcm3Do28uLi4=,,W0VybnN0XQrigKZIZXJtYW5v4oCmIEhlcm1hbm/igKYgUG9yIHF1w6nigKYgUG9yIHF1w6nigKYgwr9Dw7NtbyBlcyBxdWUgdGUgdmVzIHRhbiBzZXJlbm8/IMK/Q8OzbW/igKY/IEhlcm1hbm/igKY=
RykJ,,W0FocnVtXQpIdWh1Li4uWW91IGRvbid0IG5lZWQgdG8ga25vdyB0aGF0LiBCeSB0aGUgd2F5LCB5b3Uga2VwdCB5b3VyIHByb21pc2UuLi4gWW91IHNob3VsZCBiZSBraW5nLi4uIEJ1dCBpZiB5b3UgYXJlIGxvc3QsIGFuZCBzdHJheSwgSSB3aWxsIGNvbWUga2lsbCB5b3UgYXQgYW55IHRpbWUuLi4gZnJvbSBoZWxsISE=,,,,,W0FocnVtXQpIdWh1Li4uIFZvY8OqIG7Do28gcHJlY2lzYSBzYWJlciBkaXNzby4gVm9jw6ogY3VtcHJpdSBzdWEgcHJvbWVzc2EuLi4gVm9jw6ogZGV2ZSBzZXIgbyByZWkuLi4gTWFzIHNlIHZvY8OqIHNlIHBlcmRlciwgc2UgZGVzdmlhci4uLiBFdSB2b2x0YXJlaSBwYXJhIHRlIG1hdGFyLi4uIERpcmV0byBkbyBpbmZlcm5vISE=,,W0FocnVtXQpVZ2jigKYgTm8gbmVjZXNpdGFzIHNhYmVybG8uIFBvciBjaWVydG8sIGN1bXBsaXN0ZSB0dSBwcm9tZXNh4oCmIERlYmVyw61hcyBzZXIgcmV54oCmIFBlcm8sIHNpIHRlIHBpZXJkZXMgZW4gZWwgY2FtaW5vLCB2b2x2ZXLDqSBhIG1hdGFydGXigKYgwqFkZXNkZSBlbCBpbmZpZXJubyE=
SCkJ,,W0VybnN0XQpJLi4uSSBkb24ndCBrbm93ISBJIGRvbid0IGtub3cgd2hhdCdzIGdvaW5nIG9uIQ==,,,,,W0VybnN0XQpFdS4uLiBldSBuw6NvIHNlaSEgTsOjbyBzZWkgbyBxdWUgZXN0w6EgYWNvbnRlY2VuZG8h,,W0VybnN0XQpOb+KApiDCoU5vIGxvIHPDqSEgwqFObyBzw6kgcXXDqSBlc3TDoSBwYXNhbmRvIQ==
SSkJ,,W0FocnVtXQpZb3UgZG9uJ3QgbmVlZCB0by4uLiBXaGF0IHlvdSBoYXZlIHRvIGtub3cgYWJvdXQgaXMgdGhhdCB0aGVyZSB3YXMgYSBzYWNyaWZpY2UgZnJvbSBtZS4gVG8gbWFrZSBteSBkZWF0aCBtZWFuaW5nZnVsLCB5b3Ugc2hvdWxkIGJlIGEgZ29vZCBraW5nLiBUaGF0J3MgbXkgY29udmljdGlvbi4uLiBUaGF0J3MgaXQuLmd1ay4uISBEb24ndCBsb3NlIG15IHdvcmRzLi4uIGd1a2t1ay4=,,,,,W0FocnVtXQpWb2PDqiBuw6NvIHByZWNpc2EuLi4gTyBxdWUgdm9jw6ogcHJlY2lzYSBlbnRlbmRlciDDqSBxdWUgaG91dmUgdW0gc2Fjcmlmw61jaW8gZGEgbWluaGEgcGFydGUuIFBhcmEgcXVlIG1pbmhhIG1vcnRlIHRlbmhhIHNpZ25pZmljYWRvLCB2b2PDqiBkZXZlIHNlciB1bSBib20gcmVpLiBFc3NhIMOpIGEgbWluaGEgY29udmljw6fDo28uLi4gw4kgaXNzby4uLiBndWsuLi4hIE7Do28gZXNxdWXDp2EgZGFzIG1pbmhhcyBwYWxhdnJhcy4uLiBndWtrdWsu,,W0FocnVtXQpZIG5vIGVzIG5lY2VzYXJpbyBxdWUgbG8gc2VwYXPigKYgTG8gw7puaWNvIHF1ZSBkZWJlcyBzYWJlciBlcyBxdWUgaHVibyB1biBzYWNyaWZpY2lvIGRlIG1pIHBhcnRlLiBQYXJhIHF1ZSBtaSBtdWVydGUgdGVuZ2Egc2VudGlkbywgZGViZXMgc2VyIHVuIGJ1ZW4gcmV5LiBFc2EgZXMgbWkgY3JlZW5jaWHigKYgRXNvIGVz4oCmIMKhVWdo4oCmISBObyBpZ25vcmVzIG1pcyBwYWxhYnJhc+KApiBVZ2gu
SikJ,,W0VybnN0XQpJZGlvdC4uLiBNb3Jvbi4uLg==,,,,,W0VybnN0XQpJZGlvdGEuLi4gSW1iZWNpbC4uLg==,,W0VybnN0XQpJZGlvdGHigKYgSW1iw6ljaWzigKY=
SykJ,,W0FocnVtXQpBaGguLi4gQXBwcmFpc2VyLCBkbyB5b3Uga25vdyB3aGF0IHlvdSBoYXZlIHRvIGRvPyBCZSBtaW5kZnVsIG9mIHlvdXIgd29yZHMuIEFib3V0IHdoYXQgeW91IHNhdywgd2hhdCB5b3UgaGVhcmQuLi4gWW91IG11c3Qgbm90IHRlbGwgYWxsIG9mIHlvdXIgZXhwZXJpZW5jZSB0byB0aGUgaW5zcGVjdG9yLg==,,,,,W0FocnVtXQpBaGguLi4gQXZhbGlhZG9yLCB2b2PDqiBzYWJlIG8gcXVlIHRlbSBxdWUgZmF6ZXI/IFByZXN0ZSBhdGVuw6fDo28gZW0gc3VhcyBwYWxhdnJhcy4gU29icmUgbyBxdWUgdm9jw6ogdml1LCBvIHF1ZSB2b2PDqiBvdXZpdS4uLiBWb2PDqiBuw6NvIGRldmUgY29udGFyIGlzc28gYW8gaW5zcGV0b3Iu,,W0FocnVtXQpBaGjigKYgRXZhbHVhZG9yLCDCv3NhYmVzIGxvIHF1ZSB0aWVuZXMgcXVlIGhhY2VyPyBUZW4gY3VpZGFkbyBjb24gdHVzIHBhbGFicmFzLiBTb2JyZSBsbyBxdWUgdmlzdGUsIHNvYnJlIGxvIHF1ZSBlc2N1Y2hhc3Rl4oCmIE5vIGxlIGRlYmVzIGNvbnRhciB0b2RhIHR1IGV4cGVyaWVuY2lhIGFsIGluc3BlY3Rvci4=
TCkJ,,W0FocnVtXQpFcm4ga2lsbGVkIGEgdmlsbGFpbiBoZXJlIHdobyBidWxsaWVkIGFyb3VuZC4uIEkgaGFkIG5vIGNoYW5jZS4uLiBIZSBzaG93ZWQgZGVjaXNpdmUgYWN0aW9uLCBhbmQgdGhhdCB3aWxsIGRlc2VydmUgaGltIHRoZSByaWdodCB0byBiZSBraW5nLi4u,,,,,W0FocnVtXQpPIEVybiBtYXRvdSB1bSB2aWzDo28gYXF1aSBxdWUgZXNwYWxoYXZhIG8gY2Fvcy4gRXUgbsOjbyB0aXZlIGNoYW5jZS4uLiBFbGUgYWdpdSBjb20gZGVjaXPDo28sIGUgaXNzbyBvIHRvcm5hIGRpZ25vIGRlIHNlciByZWkuLi4=,,W0FocnVtXQpFcm4gbWF0w7MgYSB1biB0cmFpZG9yIHF1ZSBzb2xvIG9jYXNpb25hYmEgcHJvYmxlbWFz4oCmIE5vIHR1dmUgb3BvcnR1bmlkYWTigKYgTW9zdHLDsyB1bmEgYWNjacOzbiBkZWNpc2l2YSB5IGVzbyBoYWNlIHF1ZSBtZXJlemNhIGVsIGRlcmVjaG8gYSBzZXIgcmV54oCm
TSkJ,,W0FocnVtXQpJZiB5b3UgcmVhY3Qgd3JvbmdmdWxseSB0byB0aGlzIGluY2lkZW50LCBteSBkZWF0aCB3aWxsIGJlIHdvcnRobGVzcy4uLmt1ay4uLiBEbyB5b3UgdW5kZXJzdGFuZD8=,,,,,W0FocnVtXQpTZSB2b2PDqiBhZ2lyIGRlIGZvcm1hIGVycmFkYSBlbSByZWxhw6fDo28gYSBlc3NlIGluY2lkZW50ZSwgbWluaGEgbW9ydGUgc2Vyw6EgZW0gdsOjby4uLiBrdWsuLi4gVm9jw6ogZW50ZW5kZT8=,,W0FocnVtXQpTaSByZWFjY2lvbmFzIG1hbCBhIGVzdGUgaW5jaWRlbnRlLCBtaSBtdWVydGUgaGFicsOhIHNpZG8gZW4gdmFub+KApiBVZ2jigKYgwr9FbnRpZW5kZXM/
TikJ,,Li4uT2theSwgSSB3aWxsIGZvbGxvdyB5b3VyIHdpbGwuLi4=,,,,,Li4uT2ssIHZvdSBzZWd1aXIgc3VhIHZvbnRhZGUuLi4=,,4oCmRGUgYWN1ZXJkbywgc2VndWlyw6kgdHUgdm9sdW50YWTigKY=
TykJ,,Li4uLi4u,,,,,Li4uLi4u,,Li4uLi4u
UCkJ,,W3t9XQouLi4gT2theSwgSSB3aWxsIGZvbGxvdyB5b3VyIHdpbGwuIERvbid0IHdvcnJ5Li4u,,,,,W3t9XS4KLi4uIE9rLCB2b3Ugc2VndWlyIHN1YSB2b250YWRlLiBOw6NvIHNlIHByZW9jdXBlLi4u,,W3t9XQrigKYgRGUgYWN1ZXJkbywgc2VndWlyw6kgdHUgdm9sdW50YWQuIE5vIHRlIHByZW9jdXBlc+KApg==
USkJ,,W3t9XQouLi4uLi4=,,,,,W3t9XQouLi4uLi4=,,W3t9XQouLi4uLi4=
UikJ,,W0FocnVtXQpJZ25vcmFuY2UuLi4gaXMgcG9zaXRpdmUuLi4gSXQgbWVhbnMuLi4gTXkgYmlkLi4uIGlzIHN1Y2Nlc3NmdWwuLi4=,,,,,W0FocnVtXQpBIGlnbm9yw6JuY2lhLi4uIMOpIGFsZ28gcG9zaXRpdm8uLi4gU2lnbmlmaWNhIHF1ZS4uLiBNaW5oYSBhcG9zdGEuLi4gRGV1IGNlcnRvLi4u,,W0FocnVtXQpPam9zIHF1ZSBubyB2ZW7igKYgY29yYXrDs24gcXVlIG5vIHNpZW50ZeKApiBFc3RvIHNpZ25pZmljYeKApiBRdWUgbWkgb2ZlcnRh4oCmIHR1dm8gw6l4aXRv4oCm
UykJ,,W0FocnVtXQpOb3cuLi4gSSBjYW4gZGllLi4uIHdpdGggcGVhY2UuLi4gVGhhbmsuLi4geW91IHZlcnkuLi4gbXVjaCwgYm90aC4uLiBvZiB5b3Uu,,,,,W0FocnVtXQpBZ29yYS4uLiBQb3NzbyBtb3JyZXIuLi4gZW0gcGF6Li4uIE11aXRvLi4uIG9icmlnYWRvLCB2b2PDqnMgZG9pcy4uLg==,,W0FocnVtXQpBaG9yYeKApiBQdWVkbyBtb3JpcuKApiBlbiBwYXrigKYgTXVjaGFz4oCmIGdyYWNpYXPigKYgYSBhbWJvcy4=
VCkJ,,W0VybnN0XQpCcm90aGVyLi4u,,,,,W0VybnN0XQpJcm3Do28uLi4=,,W0VybnN0XQpIZXJtYW5v4oCm
VSkJ,,W0FocnVtXQpUaGVuLCBwZXJwZXR1YWxseS4uLiBCeWUuLi4gU29ycnkgLi4uIG5vdyBJIGNhbid0IGdvIGZpc2hpbmcu,,,,,W0FocnVtXQpFbnTDo28sIHBhcmEgc2VtcHJlLi4uIEFkZXVzLi4uCkRlc2N1bHBhLi4uIGFnb3JhIG7Do28gcG9zc28gbWFpcyBpciBwZXNjYXIuLi4=,,W0FocnVtXQpFbnRvbmNlcywgZXN0ZSBlcyB1biBhZGnDs3PigKYgcGFyYSBzaWVtcHJl4oCmIExvIHNpZW50b+KApiBZYSBubyBwb2Ryw6kgaXIgYSBwZXNjYXIu
VikJ,,W0VybnN0XQpXaGF0PyBCLi4uYnJvPw==,,,,,W0VybnN0XQpPIHF1w6o/IEkuLi4gSXJtw6NvPw==,,W0VybnN0XQrCv1F1w6k/IMK/SC1oZXJtYW5vPw==
VykJ,,W0VybnN0XQpCLi4uIGJybywgYnJvdGhlciE=,,,,,W0VybnN0XQpJLi4uaXJtYSwgaXJtw6NvIQ==,,W0VybnN0XQpIZeKApiBIZeKApiDCoUhlcm1hbm8h
WCkJ,,W0VybnN0XQpCcm90aGVycnJycnJyciEhIQ==,,,,,W0VybnN0XQpJcm3Do29vb29vbyEhIQ==,,W0VybnN0XQrCocKhSGVybWFub29vISE=
WSkJ,,W1ByaW5jZV0KWW91IGFyZSBub3QgYWxsb3dlZCB0byBiZSBoZXJlLgpIbW1tLi4u,,,,,W1Byw61uY2lwZV0KVm9jw6ogbsOjbyB0ZW0gcGVybWlzc8OjbyBwYXJhIGVzdGFyIGFxdWkuCkhtbW0uLi4=,,W1Byw61uY2lwZV0KTm8gdGllbmVzIHBlcm1pdGlkbyBlc3RhciBhcXXDrS4KTW1tbeKApg==
WikJ,,W1ByaW5jZV0KR2V0IG91dCBvZiBteSB3YXkuCkkgZG9uJ3Qgd2FudCB0byBjb25mcm9udCB5b3Uu,,,,,W1Byw61uY2lwZV0KU2FpYSBkbyBtZXUgY2FtaW5oby4KTsOjbyBxdWVybyBjb25mcm90w6EtbG8u,,W1Byw61uY2lwZV0KRnVlcmEgZGUgbWkgY2FtaW5vLgpObyBxdWllcm8gaGFibGFyIGNvbnRpZ28u
WykJ,,W1ByaW5jZV0KQXJlIHlvdSB0aGUgbmV3IGFkdmVudHVyZXIgYXBwcmFpc2VyPyBJIGFtIEVpZ2VuIEFocnVtIGZyb20gdGhlIFdhbHRlciBmYW1pbHkuIFlvdSBjYW4gY2FsbCBtZSBQcmluY2UgQWhydW0sIGZvciBzaG9ydCwgYXQgeW91ciBjb252ZW5pZW5jZS4=,,,,,W1Byw61uY2lwZV0KVm9jw6ogw6kgbyBub3ZvIGF2YWxpYWRvciBkZSB2aWFqYW50ZXM/IEV1IHNvdSBFaWdlbiBBaHJ1bSwgZGEgZmFtw61saWEgV2FsdGVyLiBWb2PDqiBwb2RlIG1lIGNoYW1hciBkZSBhcGVuYXMgUHLDrW5jaXBlIEFocnVtLCBzZSBwcmVmZXJpci4=,,W1Byw61uY2lwZV0Kwr9FcmVzIGVsIHRyb3RhbXVuZG9zIGV2YWx1YWRvcj8gU295IEVpZ2VuIEFocnVtIGRlIGxhIGZhbWlsaWEgV2FsdGVyLiBQZXJvLCBwYXJhIGFicmV2aWFyLCBwdWVkZXMgbGxhbWFybWUgcHLDrW5jaXBlIEFocnVtLg==
XCkJ,,W0FocnVtXQpJIGhvcGUgeW91IGFzayBtZSBzaG9ydCBhbmQgc2ltcGxlIHF1ZXN0aW9ucy4gTG9uZyBxdWVzdGlvbnMgZG9uJ3QgYWx3YXlzIG1lYW4gc3BlY2lhbCBhbmQgZ29vZCBhbnN3ZXJzLg==,,,,,W0FocnVtXQpFc3Blcm8gcXVlIHZvY8OqIG1lIGZhw6dhIHBlcmd1bnRhcyBjdXJ0YXMgZSBzaW1wbGVzLiBQZXJndW50YXMgbG9uZ2FzIG5lbSBzZW1wcmUgZ2FyYW50ZW0gcmVzcG9zdGFzIGVzcGVjaWFpcyBuZW0gYm9hcy4=,,W0FocnVtXQpFc3Blcm8gcXVlIHNvbG8gdGVuZ2FzIHByZWd1bnRhcyBjb25jaXNhcyB5IHNpbXBsZXMuIFF1ZSBzZWEgbGFyZ2EgbGEgcHJlZ3VudGEgbm8gc2lnbmlmaWNhIHF1ZSB0ZW5kcsOhIHVuYSByZXNwdWVzdGEgZXNwZWNpYWwgbyBtZWpvci4=
XSkJ,,LVdoYXQgc2hhbGwgSSBhc2suLi4t,,,,,LU8gcXVlIGRldm8gcGVyZ3VudGFyPy4uLi0=,,KMK/UXXDqSBkZWJlcsOtYSBwcmVndW50YXLigKY/KS4=
XikJ,,W3t9XQpJJ2QgbGlrZSB0byBhc2sgYWJvdXQuLi4=,,,,,W3t9XQpHb3N0YXJpYSBkZSBwZXJndW50YXIgc29icmUuLi4=,,W3t9XQpNZSBndXN0YXLDrWEgcHJlZ3VudGFyIHNvYnJl4oCm
XykJ,,WW91ciBob2JiaWVzIG9yIGludGVyZXN0cy4uLg==,,,,,U2V1cyBob2JiaWVzIG91IGludGVyZXNzZXMuLi4=,,VHVzIHBhc2F0aWVtcG9zIG8gaW50ZXJlc2Vz4oCm
YCkJ,,TmV2ZXIgbWluZCwgSSdsbCBjb21lIGJ5IGxhdGVyLg==,,,,,RGVpeGEgcHJhIGzDoSwgdm9sdG8gbWFpcyB0YXJkZS4=,,Tm8gdGUgcHJlb2N1cGVzLCByZWdyZXNhcsOpIG3DoXMgdGFyZGUu
YSkJ,,W0FocnVtXQpZb3UgYXJlbid0IGp1c3QgdHJ5aW5nIHRvIGRpc3NvbHZlIHlvdXIgY3VyaW9zaXR5IGFib3V0IHRoZSBraW5nJ3MgZmFtaWx5LCBhcmUgeW91Pw==,,,,,W0FocnVtXQpWb2PDqiBuw6NvIGVzdMOhIHPDsyB0ZW50YW5kbyBzYWNpYXIgc3VhIGN1cmlvc2lkYWRlIHNvYnJlIGEgZmFtw61saWEgcmVhbCwgZXN0w6E/,,W0FocnVtXQpFc3RhIG5vIGVzIHVuYSBleGN1c2EgcGFyYSBkZWphciBkZSBsYWRvIHR1IGRlYmVyIGNvbiBsYSBmYW1pbGlhIGRlbCByZXksIMK/byBzw60/
YikJ,,W0FocnVtXQpGcm9tIG15IGNoaWxkaG9vZCwgSSBsaWtlZCB0byBleHBlcmllbmNlIG1hbnkgdGhpbmdzIGFuZCBsZWFybiB0aGVtLiBBcyBhIHJlc3VsdCwgSSBzaG91bGQgYmVhciBpbnRlcmZlcmVuY2UgZnJvbSBteSBmYW1pbHkuIFRvIHRoZW0sIEkgd2FzIG5vdCBhIGRlY2VudCBub2JsZSBmYW1pbHkgbWVtYmVyLg==,,,,,W0FocnVtXQpEZXNkZSBjcmlhbsOnYSwgZ29zdGVpIGRlIGV4cGVyaW1lbnRhciBjb2lzYXMgbm92YXMgZSBhcHJlbmRlci4uIENvbW8gcmVzdWx0YWRvLCB0aXZlIHF1ZSBzb2ZyZXIgaW50ZXJmZXLDqm5jaWEgZGUgbWluaGEgZmFtw61saWEuIFBhcmEgZWxlcywgZXUgbsOjbyBlcmEgdW0gbWVtYnJvIGRpZ25vIGRlIHVtYSBmYW3DrWxpYSBub2JyZS4=,,W0FocnVtXQpEZXNkZSBtaSBpbmZhbmNpYSBxdWUgbWUgZ3VzdGEgdml2aXIgbXVjaGFzIGV4cGVyaWVuY2lhcyB5IGFwcmVuZGVyIGRlIGVsbGFzLiBFbiBjb25zZWN1ZW5jaWEsIGRlYm8gc29wb3J0YXIgbGEgb3BpbmnDs24gZGUgbWkgZmFtaWxpYS4gUGFyYSBlbGxvcywgbm8gZXJhIHVuIG1pZW1icm8gZGUgbGEgZmFtaWxpYSBkZXNjZW5kaWVudGUgZGUgbGEgbm9ibGV6YS4=
YykJ,,W0FocnVtXQpCdXQgSSBhbSBub3Qgc2Vuc2l0aXZlIHRvIHRoYXQsIGFuZCBJIHRoaW5rIGEgZ29vZCBraW5nIHNob3VsZCBuZWdsZWN0IHRob3NlIHRyaWZsZXMu,,,,,W0FocnVtXQpNYXMgaXNzbyBudW5jYSBtZSBhZmV0b3UuCkFjaG8gcXVlIHVtIGJvbSByZWkgZGV2ZSBpZ25vcmFyIGVzc2UgdGlwbyBkZSB0cml2aWFsaWRhZGUu,,W0FocnVtXQpQZXJvIGVzbyBubyBtZSBhZmVjdGEsIHkgY3JlbyBxdWUgdW4gYnVlbiByZXkgbm8gZGViZXLDrWEgZGFybGVzIGltcG9ydGFuY2lhIGEgZXNhcyBuaW1pZWRhZGVzLg==
ZCkJ,,W0FocnVtXQpPdGhlcnMgY2FuIHNheSB0aGF0IG15IGJlaGF2aW9yIG1ha2VzIHRoZW0gZW1iYXJyYXNlZCwgYnV0IGlmIHNvbWV0aGluZyBlbmRzIHdlbGwsIHRoZXkgYXJlIGFsbCBzYXRpc2ZpZWQgaW4gdGhlIGVuZC4gQW0gSSB3cm9uZz8=,,,,,W0FocnVtXQpPdXRyb3MgcG9kZW0gZGl6ZXIgcXVlIG1ldSBjb21wb3J0YW1lbnRvIG9zIGNvbnN0cmFuZ2UsIG1hcyBzZSBhbGdvIGTDoSBjZXJ0bywgdG9kb3MgZmljYW0gc2F0aXNmZWl0b3Mgbm8gZmluYWwuIEVzdG91IGVycmFkbz8=,,W0FocnVtXQpPdHJvcyBwb2Ryw6FuIGRlY2lyIHF1ZSBtaSBjb21wb3J0YW1pZW50byBlcyB2ZXJnb256b3NvLCBwZXJvLCBzaSBvYnRlbmdvIGxvcyByZXN1bHRhZG9zIGRlc2VhZG9zLCB0b2RvcyB0ZXJtaW5hbiBjb250ZW50b3MgYWwgZmluYWwuIMK/TWUgZXF1aXZvY28/
ZSkJ,,W0FocnVtXQpBbHRob3VnaCBJJ3ZlIHNraXBwZWQgc29tZSBsZXNzb25zIGluIGxpZmUsIEkgY2FuIGJhY2sgdXAgbWlzc2luZyBsZXNzb25zIGVhc2lseS4gV2hvIGNhcmVzIHdobyBjYW4gc3dlYXIgdG8gbWUgYXMgS2luZyEgVGhpcyBpcyBob3cgSSBhbS4=,,,,,W0FocnVtXQpFbWJvcmEgZXUgdGVuaGEgInB1bGFkbyIgYWxndW1hcyBsacOnw7VlcyBuYSB2aWRhLCBwb3NzbyBjb21wZW5zYXIgbyBxdWUgZmFsdGEgZmFjaWxtZW50ZS4gUXVlbSBzZSBpbXBvcnRhPyBRdWVtIHBvZGUgbWUganVsZ2FyIGNvbW8gcmVpPyDDiSBhc3NpbSBxdWUgZXUgc291Lg==,,W0FocnVtXQpBdW5xdWUgbWUgc2FsdMOpIGFsZ3VuYXMgbGVjY2lvbmVzIGRlIHZpZGEsIHB1ZWRvIGFwcmVuZGVybGFzIGbDoWNpbG1lbnRlLiDCoUEgcXVpw6luIGxlIGltcG9ydGEgc2kgdGVuZ28gYXB0aXR1ZGVzIHBhcmEgc2VyIHJleSEgQXPDrSBzb3kgeW8u
ZikJ,,W0FocnVtXQpFcm4gbmFncyBtZSBhIGxvdAphYm91dCB0aGlzLCBidXQgSSBkb24ndCBtYWtlIGFuIGlzc3VlIGluIGFueSBjYXNlLiBTdWNoIGEgZmFzdGlkaW91cyBqZXJrLi4u,,,,,W0FocnVtXQpFcm4gdml2ZSBwZWdhbmRvIG5vIG1ldSBww6kgcG9yIGlzc28sIG1hcyBldSBuw6NvIGxpZ28uIFVtIGlkaW90YSB0w6NvIGV4aWdlbnRlLi4u,,W0FocnVtXQpFcm4gbWUgcmVnYcOxYSBtdWNobyBzb2JyZSBlc3RvLApwZXJvIGxhIHZlcmRhZCBlcyBxdWUgbm8gbWUgaGFnbyBwcm9ibGVtYXMuIEVzIHVuIGlkaW90YSB0YW4gZmFzdGlkaW9zb+KApg==
ZykJ,,W0FocnVtXQpMaWtlIEkgc2FpZCwgSSd2ZSBiZWVuIGdyb3dpbmcgdXAgd2l0aCBoaXMgc2NvbGRzLiBJIGZlZWwgaGlzIHdvcmRzIHdlcmUgaGFyc2hlciB0aGFuIG90aGVycyB3aG8gc2h1dCB0aGVpciBtb3V0aCBhZnRlciBJIGFjY29tcGxpc2ggc29tZXRoaW5nLg==,,,,,W0FocnVtXQpDb21vIGrDoSBkaXNzZSwgY3Jlc2NpIG91dmluZG8gYXMgYnJvbmNhcyBkZWxlLgpQcmVmaXJvIGlzc28gZG8gcXVlIG9zIHF1ZSBmaWNhbSBlbSBzaWzDqm5jaW8gZSBtZSBqdWxnYW0gcG9yIHRyw6FzIHF1YW5kbyBhbGdvIGTDoSBjZXJ0by4=,,W0FocnVtXQpDb21vIGRpamUsIGNyZWPDrSBjb24gc3VzIHJlZ2HDsW9zLiBTaWVudG8gcXVlIHN1cyBwYWxhYnJhcyBmdWVyb24gbcOhcyBzZXZlcmFzIGVuIGNvbXBhcmFjacOzbiBhIGxhIGRlIGxvcyBxdWUgc2UgY2FsbGFyb24gdW5hIHZleiBxdWUgbG9ncsOpIGFsZ28u
aCkJ,,W0FocnVtXQpIZSBhbHdheXMgc2F5cyB0aGF0IHJlc3VsdHMgY2Fubm90IGJlIGV2ZXJ5dGhpbmcgdGhhdCBtYXR0ZXIu,,,,,W0FocnVtXQpFbGUgc2VtcHJlIGRpeiBxdWUgb3MgcmVzdWx0YWRvcyBuw6NvIHPDo28gdHVkbyBxdWUgaW1wb3J0YS4=,,W0FocnVtXQpTaWVtcHJlIGRpY2UgcXVlIGxvcyByZXN1bHRhZG9zIG5vIHNvbiBsbyDDum5pY28gaW1wb3J0YW50ZS4=
aSkJ,,W0FocnVtXQpCZWZvcmUgZXZlcnl0aGluZyBlbHNlLCBpdCBpcyBsdWNrIGFuZCBnbG9yeSBmb3IgbWUsIHRoYXQgSSBjb3VsZCBiZSBib3JuIGluIFdhbHRlciwgYSBkaXN0aW5ndWlzaGVkIG5vYmxlIGZhbWlseS4=,,,,,W0FocnVtXQpNYXMgYW50ZXMgZGUgdHVkbywgcmVjb25oZcOnbyBxdWUgdGl2ZSBzb3J0ZSDigJQgZSBnbMOzcmlhIOKAlCBwb3IgdGVyIG5hc2NpZG8gbmEgZmFtw61saWEgV2FsdGVyLCB1bWEgbGluaGFnZW0gbm9icmUgZSBkaXN0aW50YS4=,,W0FocnVtXQpBbnRlcyBxdWUgdG9kbywgdHV2ZSBtdWNoYSBzdWVydGUgZGUgbmFjZXIgZW4gdW5hIGZhbWlsaWEgbm9ibGUgdGFuIGRpc3Rpbmd1aWRhIGNvbW8gbG9zIFdhbHRlci4=
aikJ,,W0FocnVtXQpPZiBjb3Vyc2UsIG15IGFiaWxpdGllcwphcmUgdW5kZXJlc3RpbWF0ZWQgYmVjYXVzZSBvZiBteSBiYWNrZ3JvdW5kLiBJbiBvdGhlciByZXNwZWN0cywgSSBmZWVsIHNhZCBhYm91dCBpdC4=,,,,,W0FocnVtXQpDbGFybywgbWluaGFzIGhhYmlsaWRhZGVzIHPDo28gc3ViZXN0aW1hZGFzIHBvciBjYXVzYSBkbyBtZXUgYmVyw6dvLiBJc3NvLCBwb3Igb3V0cm8gbGFkbywgbWUgZW50cmlzdGVjZSB1bSBwb3Vjby4=,,W0FocnVtXQpQb3Igc3VwdWVzdG8sIGxhIGdlbnRlIHN1YmVzdGltYSBtaXMgaGFiaWxpZGFkZXMKZGViaWRvIGEgbWkgbHVnYXIgZGUgbmFjaW1pZW50by4gRGUgY2llcnRvIG1vZG8sIHNpZW50byB1biBwb2NvIGRlIHBlbmEu
aykJ,,W0FocnVtXQpJbiB0aGUgY29taW5nIGFnZSwgcGVvcGxlIHdpbGwgdGFsayBhYm91dCBtZSBhcyBFaWdlbiBBaHJ1bSBmcm9tIHRoZSBXYWx0ZXIgZmFtaWx5LCBub3QgRWlnZW4gQWhydW0gb2YgV2FsdGVyLg==,,,,,W0FocnVtXQpObyBmdXR1cm8sIHbDo28gbWUgY2hhbWFyIGRlIEVpZ2VuIEFocnVtIGRhIGZhbcOtbGlhIFdhbHRlciwgZSBuw6NvIGRlIFdhbHRlci4g,,W0FocnVtXQpFbiBsYSBwcsOzeGltYSBlcmEsIGxhIGdlbnRlIHNlIHJlZmVyaXLDoSBhIG3DrSBjb21vIEVpZ2VuIEFocnVtIGRlIGxhIGZhbWlsaWEgV2FsdGVyLCBubyBjb21vIEVpZ2VuIEFocnVtIGRlIFdhbHRlci4=
bCkJ,,W0FocnVtXQpUaGUgV2FsdGVyIGZhbWlseSBpdHNlbGYgaGFzIGhpZ2ggZGlzdGluY3Rpb24gYW5kIGZhbWUsIGJ1dCBJIHdpbGwgbWFrZSB0aGUgbmFtZSBzaGluZSBmdXJ0aGVyLCBhbmQgb3RoZXJzIHdpbGwgYmUgcHJvdWQgb2YgbWUu,,,,,W0FocnVtXQpBIHByw7NwcmlhIGZhbcOtbGlhIFdhbHRlciB0ZW0gZ3JhbmRlIGRpc3RpbsOnw6NvIGUgZmFtYSwgbWFzIGV1IGZhcmVpIGNvbSBxdWUgbyBub21lIGJyaWxoZSBhaW5kYSBtYWlzLCBlIG9zIG91dHJvcyB0ZXLDo28gb3JndWxobyBkZSBtaW0u,,W0FocnVtXQpMYSBtaXNtYSBmYW1pbGlhIFdhbHRlciBnb3phIGRlIGdyYW4gZGlzdGluY2nDs24geSBmYW1hLCBwZXJvIGhhcsOpIHF1ZSBzdSBub21icmUgYnJpbGxlIG3DoXMgYWxsw6EgZGUgbG8gY29ub2NpZG8geSBsb3MgZGVtw6FzIGVzdGFyw6FuIG9yZ3VsbG9zb3MgZGUgbcOtLg==
bSkJ,,W0FocnVtXQpUaGUgbmF0aW9uIEkgd291bGQgb3JnYW5pemUKd2lsbCBub3QgYmUgaGFybW9uaW91cwp3aXRoIHBhc3RlbCBjb2xvcnMgb2YgZmFpcnkKdGFsZXMu,,,,,W0FocnVtXQpBIG5hw6fDo28gcXVlIGV1IG9yZ2FuaXphcmlhCm7Do28gdGVyaWEgaGFybW9uaWNhCmNvbSBhcyBjb3JlcyBwYXN0w6lpcyBkb3MKY29udG9zIGRlIGZhZGFzLg==,,W0FocnVtXQpMYSBuYWNpw7NuIGEgbWkgbWFuZG8Kbm8gc2Vyw6EgYXJtb25pb3NhCnkgZGUgY29sb3JlcyBwYXN0ZWwKY29tbyBlbiBsb3MgY3VlbnRvcyBkZSBoYWRhLg==
bikJ,,W0FocnVtXQpGb3Igc3VyZSwgbG9zZXJzIGFuZCBkZXByZXNzZWQgcGVvcGxlIGhhdmUgdGhlaXIgb3duIGZhdWx0cywgbGlrZSBsZXNzZXIgY2hhbGxlbmdlcyBmb3IgdGhlaXIgbGl2ZXMu,,,,,W0FocnVtXQpDb20gY2VydGV6YSwgb3MgcGVyZGVkb3JlcyBlIGFzIGRlcHJpbWlkb3MgdMOqbSBzZXVzIHByw7NwcmlvcyBkZWZlaXRvcywgY29tbyBkZXNhZmlvcyBtZW5vcmVzIHBhcmEgc3VhcyB2aWRhcy4=,,W0FocnVtXQpFc3TDoSBjbGFybyBxdWUgbG9zIHBlcmRlZG9yZXMgeSBsYSBnZW50ZSBjb24gZGVwcmVzacOzbiB0aWVuZW4gc3VzIHByb3Bpb3MgcHJvYmxlbWFzLCBkZXNhZsOtb3Mgbm8gdGFuIGltcG9ydGFudGVzIGVuIHN1cyB2aWRhcy4=
bykJ,,W0FocnVtXQpJIGhhdmUgc29tZSBiZWxpZWYgaW4gdGhlIGJlbmVmaXQgb2YgdW5saW1pdGVkIGNvbXBldGl0aW9uLiBGcmFua2x5LCBJIGRvbid0IGxpa2UgdGhpcyBraW5nIGVsZWN0aW9uIHN5c3RlbSBmcm9tIG5vYmxlIGZhbWlsaWVzLg==,,,,,W0FocnVtXQpBY3JlZGl0byB1bSBwb3VjbyBubyBiZW5lZsOtY2lvIGRhICBjb21wZXRpw6fDo28gc2VtIGxpbWl0ZXMuIFNpbmNlcmFtZW50ZSwgbsOjbyBnb3N0byBkZXNzZSBzaXN0ZW1hIGRlIGVsZWnDp8OjbyByZWFsIHBvciBmYW3DrWxpYXMgbm9icmVzLg==,,W0FocnVtXQpDcmVvIGVuIGxvcyBiZW5lZmljaW9zIGRlIHVuYSBjb21wZXRlbmNpYSBpbGltaXRhZGEuIFBhcmEgc2VyIHNpbmNlcm8sIG5vIG1lIGd1c3RhIGVzdGUgc2lzdGVtYSBwYXJhIGVsZWdpciBhbCByZXkgZGUgZW50cmUgbGFzIGZhbWlsaWFzIG5vYmxlcy4=
cCkJ,,W0FocnVtXQpBbHRob3VnaCBhbGwgdGhlc2UKc3RhdHVzIHN5c3RlbXMgZmFkZSBhd2F5LApJIHdpbGwgYmUgdGhlIGtpbmcsIHdpdGggbXkgc29sZSBjYXBhYmlsaXR5IGFuZCBhcHRpdHVkZSEgSGFoYWhhLg==,,,,,W0FocnVtXQpNZXNtbyBxdWUgZXNzZXMgc2lzdGVtYXMgZGUgc3RhdHVzIGRlc2FwYXJlw6dhbSwgZXUgYWluZGEgc2VyZWkgcmVpLCBjb20gbWluaGEgcHLDs3ByaWEgY2FwYWNpZGFkZSBlIGFwdGlkw6NvISBIYWhhaGEh,,W0FocnVtXQpZIHNpIGxhIGVsZWNjacOzbiBsbGVnYSBhbGfDum4gZMOtYQphIG5vIGRlcGVuZGVyIGRlIGVzdGUgc2lzdGVtYSwKbm8gaW1wb3J0YXLDoSBwb3JxdWUgc2Vyw6kgcmV5IGdyYWNpYXMgYSBtaSBjYXBhY2lkYWQgeSBhcHRpdHVkLiBKYSwgamEsIGphLg==
cSkJ,,W0FocnVtXQpJIGtub3cgcXVpdGUgd2VsbCBhYm91dApvdGhlciBraW5nIGNhZGlkYXRlcywgcGVyc29uYWxseS4KQnV0IEkgY2FuJ3QgZmluZCBvbmUgZGlzdGluZ3Vpc2hlZCBwZXJzb24gd2hvIGNhbiBsZWFkIHRoaXMga2luZ2RvbSB3ZWxsLg==,,,,,W0FocnVtXQpDb25oZcOnbyBiZW0gb3Mgb3V0cm9zIGNhbmRpZGF0b3MgYW8gdHJvbm8sIHBlc3NvYWxtZW50ZS4KTWFzIG7Do28gdmVqbyBuaW5ndcOpbSByZWFsbWVudGUgY2FwYXogZGUgbGlkZXJhciBlc3RlIHJlaW5vLg==,,W0FocnVtXQpQZXJzb25hbG1lbnRlLCBjb25vemNvIG11eSBiaWVuCmEgbG9zIG90cm9zIGNhbmRpZGF0b3MgYSByZXkuClBlcm8gbm8gcHVlZG8gZW5jb250cmFyIGEgcXVpZW4gc2VhIGxvIHN1ZmljaWVudGVtZW50ZSBkaXN0aW5ndWlkbyBwYXJhIGxpZGVyYXIgYSBlc3RlIHJlaW5vLg==
cikJ,,W0FocnVtXQpJJ20gbm90IHNheWluZyB0aGV5IGFyZW4ndCBvdXRzdGFuZGluZywgYnV0IGNvbnNpZGVyaW5nIHRoZSBjdXJyZW50IHNpdHVhdGlvbiBvZiBSdW5lLU1pZGdhcnRzLCB0aGV5IGRvbid0IHNlZW0gdG8gYmUgYXN0b25pc2hpbmcgbGVhZGVycy4=,,,,,W0FocnVtXQpOw6NvIGVzdG91IGRpemVuZG8gcXVlIGVsZXMgc8OjbyBtZWTDrW9jcmVzLCBtYXMsIGNvbnNpZGVyYW5kbyBhIHNpdHVhw6fDo28gYXR1YWwgZGUgUnVuZS1NaWRnYXJkLCBuw6NvIHBhcmVjZW0gbMOtZGVyZXMgZXhjZXBjaW9uYWlzLg==,,W0FocnVtXQpObyBkaWdvIHF1ZSBubyBzZWFuIGltcHJlc2lvbmFudGVzLCBwZXJvIG5vIHBhcmVjZW4gc2VyIGzDrWRlcmVzIGV4dHJhb3JkaW5hcmlvcyBzaSBjb25zaWRlcmFtb3MgbGEgc2l0dWFjacOzbiBhY3R1YWwgZGUgUnVuZS1NaWRnYXJ0cy4=
cykJ,,W0FocnVtXQpGb3IgdGhpcyByZWFzb24sIEkgYXNzdXJlIHlvdSB0aGF0IG5vIGNhbmRpZGF0ZSBpcyBmaXQgZm9yIHRoZSBwb3NpdGlvbiBhbW9uZyB0aGVtLiBJZiBJIGhhdmUgdG8gcGljayBzb21lb25lIHdobyBjYW4gYmUgYSBtYXRjaCBmb3IgbWUsIEkgY2FuIHNheSB0aGF0IG9uZSBpcyBFcm5zdC4=,,,,,W0FocnVtXQpQb3IgaXNzbywgYWZpcm1vIHF1ZSBuZW5odW0gZG9zIGNhbmRpZGF0b3MgZXN0w6Egw6AgYWx0dXJhIGRvIGNhcmdvLgpTZSBldSB0aXZlciBxdWUgZXNjb2xoZXIgYWxndcOpbSBxdWUgc2UgYXByb3hpbWUgZGUgbWltLCBlc3NlIGFsZ3XDqW0gw6kgRXJuc3Qu,,W0FocnVtXQpQb3IgZXN0YSByYXrDs24sIHRlIGFzZWd1cm8gcXVlLCBlbnRyZSBlbGxvcywgbm8gaGF5IHVuIGNhbmRpZGF0byBxdWUgc2VhIGFwdG8gcGFyYSBlbCBjYXJnby4gU2kgdGVuZ28gcXVlIGVsZWdpciBhIGFsZ3VpZW4gcXVlIGNvbXBpdGEgY29udHJhIG3DrSwgZGlyw61hIHF1ZSBFcm5zdCBlcyB1bm8gZGUgZWxsb3Mu
dCkJ,,W0FocnVtXQpIZSBoYXMgYSBzb2Z0IHBlcnNvbmFsaXR5IGFuZCB0aGlua3MgdG9vIGxvbmcgYWJvdXQgdGhpbmdzLCBidXQgSSBhZG1pdCBtYW55IG1lcml0cyB0byBoaW0uIEkgY2FuIHNheSBoZSBpcyBhIGZhaXJseSBoaWdoLXN0YW5kYXJkIGNhbmRpZGF0ZS4=,,,,,W0FocnVtXQpFbGUgdGVtIHVtYSBwZXJzb25hbGlkYWRlIG11aXRvIHN1YXZlIGUgcGVuc2EgZGVtYWlzLCBtYXMgcmVjb25oZcOnbyBtdWl0b3MgbcOpcml0b3MgbmVsZS4Kw4kgdW0gY2FuZGlkYXRvIGRlIHBhZHLDo28gZWxldmFkby4=,,W0FocnVtXQpUaWVuZSB1bmEgcGVyc29uYWxpZGFkIGdlbnRpbCB5IHN1ZWxlIHBlbnNhciBkZSBtw6FzLCBwZXJvIHJlY29ub3pjbyBxdWUgdGllbmUgbXVjaG9zIG3DqXJpdG9zLiBQdWVkbyBkZWNpciBxdWUgZXMgdW4gY2FuZGlkYXRvIGRlIG11eSBhbHRvIG5pdmVsLg==
dSkJ,,W0FocnVtXQouLi4uLi4uLg==,,,,,W0FocnVtXQouLi4uLi4uLg==,,W0FocnVtXQrigKY=
dikJ,,W0FocnVtXQpIbW0sIEkgd2FzIHRvbyB0YWxrYXRpdmUuCkkgYXBvbG9naXplIGZvciBteSByZWR1bmRhbnQgd29yZHMsIGhhaGFoYS4=,,,,,W0FocnVtXQpIbW0sIGV1IGZhbGVpIGRlbWFpcy4KUGXDp28gZGVzY3VscGFzIHBvciBtaW5oYXMgcGFsYXZyYXMgcmVkdW5kYW50ZXMsIGhhaGFoYS4=,,W0FocnVtXQpNbW0sIGhhYmzDqSBkZW1hc2lhZG8uCk1lIGRpc2N1bHBvIHBvciBzZXIgcmVpdGVyYXRpdm8uIEphLCBqYSwgamEu
dykJ,,W0FocnVtXQpJIGVuam95IGFjdGl2aXRpZXMuCkkgY2FuJ3Qgc3RhbmQgcGFzc2l2ZSBnYW1lcywKbGlrZSBjYXJkIGFuZCBib2FyZCBnYW1lcy4KSSB0aGluayB0aG9zZSBnYW1lcyBhcmUKcXVpdGUgZml0IGZvciB0aGUgc2Nob2xhciB0eXBlIHBlb3BsZS4=,,,,,W0FocnVtXQpHb3N0byBkZSBhdGl2aWRhZGVzIGbDrXNpY2FzLgpOw6NvIHN1cG9ydG8gam9nb3MgcGFzc2l2b3MsIGNvbW8gY2FydGFzIG91IHRhYnVsZWlyb3MuCkFjaG8gcXVlIGVzc2VzIHPDo28gbWFpcyBhZGVxdWFkb3MgcHJhIGdlbnRlIGVzdHVkaW9zYS4=,,W0FocnVtXQpNZSBndXN0YSBlc3RhciBhY3Rpdm8uCk5vIHNvcG9ydG8gbG9zIGp1ZWdvcyBwYXNpdm9zLApjb21vIGxvcyBqdWVnb3MgZGUgbWVzYSBvIGxhcyBjYXJ0YXMuCkNyZW8gcXVlIGVzb3MganVlZ29zCnNvbiBhZGVjdWFkb3MgcGFyYSBsb3MgRXJ1ZGl0b3Mu
eCkJ,,W0FocnVtXQpNeSBicm90aGVyIEVybiBjYW4gc3RpY2sgdG8gc29tZXRoaW5nIGZvciBhIGxvbmcgdGltZSwgbGlrZSBib29rcyBvciBzdHVkeS4=,,,,,W0FocnVtXQpNZXUgaXJtw6NvIEVybiBjb25zZWd1ZSBmaWNhciBob3JhcyBmb2NhZG8gZW0gdW1hIGNvaXNhLCB0aXBvIGxpdnJvcyBvdSBlc3R1ZG9zLg==,,W0FocnVtXQpNaSBoZXJtYW5vIEVybiBwdWVkZSBkZWRpY2FybGUgbXVjaG8gdGllbXBvIGEgdW5hIGFjdGl2aWRhZCwgY29tbyBsZWVyIG8gZXN0dWRpYXIu
eSkJ,,W0FocnVtXQpPbmNlIEkgYmVjb21lIGtpbmcsCkkgd29uJ3QgaGFuZGxlIGRvY3VtZW50cwp3aGlsZSBzaXR0aW5nIGFsbCBkYXku,,,,,W0FocnVtXQpRdWFuZG8gZXUgbWUgdG9ybmFyIHJlaSwKbsOjbyB2b3UgZmljYXIgc2VudGFkbyBvIGRpYSB0b2RvIGxpZGFuZG8gY29tIHBhcGVsYWRhLg==,,W0FocnVtXQpVbmEgdmV6IHF1ZSBtZSBjb252aWVydGEgZW4gcmV5LApubyBtZSBwYXNhcsOpIHRvZG8gZWwgZMOtYSBzZW50YWRvCnJldmlzYW5kbyBkb2N1bWVudG9zLg==
eikJ,,W0FocnVtXQpJdCdzIHZlcnkgaGFyZCBmb3IgbWUgdG8gZG8gdGhhdC4=,,,,,W0FocnVtXQrDiSBtdWl0byBkaWbDrWNpbCBwYXJhIG1pbSBmYXplciBpc3NvLg==,,W0FocnVtXQpNZSByZXN1bHRhIG11eSBkaWbDrWNpbCBoYWNlciBlc28u
eykJ,,W0FocnVtXQpPa2F5Li4uCmFzIHlvdSBwbGVhc2Uu,,,,,W0FocnVtXQpPay4uLgpjb21vIHF1aXNlci4=,,W0FocnVtXQpEZSBhY3VlcmRv4oCmCmNvbW8gcXVpZXJhcy4=
fCkJ,,W0VybnN0XQouLi5Ccm90aGVyLCBpZiB5b3Ugd2FudC4uLgouLi5BaCwgcGxlYXNlIGxlYXZlIGhlcmUuCkkgZG9uJ3Qgd2FudCB0byBzZWUgYW55b25lLg==,,,,,W0VybnN0XQouLi5Jcm3Do28sIHNlIHZvY8OqIHF1aXNlci4uLgouLi5BaCwgcG9yIGZhdm9yLCB2w6EgZW1ib3JhaS4KTsOjbyBxdWVybyB2ZXIgbmluZ3XDqW0u,,W0VybnN0XQrigKZIZXJtYW5vLCBzaSBxdWllcmVz4oCmCuKApkFoLCB2ZXRlLCBwb3IgZmF2b3IuClF1aWVybyBlc3RhciBzb2xvLg==
fSkJ,,W0VybnN0XQouLi5Ccm90aGVyIEFocnVtLi4u,,,,,W0VybnN0XQouLi5Jcm3Do28gQWhydW0uLi4=,,W0VybnN0XQrigKZIZXJtYW5vIEFocnVt4oCm
fikJ,,W0VybnN0XQpEaWQgeW91IG1lZXQgbXkgYnJvdGhlciBBaHJ1bT8gSGUgaXMgYSBncmVhdCBtYW4uIFJlYWxseS4=,,,,,W0VybnN0XQpWb2PDqiBjb25oZWNldSBtZXUgaXJtw6NvIEFocnVtPyBFbGUgw6kgdW0gZ3JhbmRlIGhvbWVtLiBEZSB2ZXJkYWRlLg==,,W0VybnN0XQrCv0Nvbm9jaXN0ZSBhIG1pIGhlcm1hbm8gQWhydW0/IEVzIHVuIGdyYW4gaG9tYnJlLiBEZSB2ZXJkYWQu
fykJ,,W0VybnN0XQpIZSB0cmllcyB0byBkZWFsIHdpdGggdGhpbmdzIHRvbyB0b3VnaCB0aGF0IHNvbWV0aW1lcyBtYWtlcyB0aGluZ3MgaW50byBhIHByb2JsZW0uIEJ1dCBldmVuIGF0IHRob3NlIG1vbWVudHMsIGhlIGlzIHdpbGxpbmcgdG8gbGlzdGVuIHRvIG15IHdvcmRzOyBzbyB3ZSBzZWxkb20gc2VlbSB0byBiZSBpbiBzZXJpb3VzIHRyb3VibGUu,,,,,W0VybnN0XQpFbGUgdGVudGEgbGlkYXIgY29tIGNvaXNhcyBkaWbDrWNlaXMgZGVtYWlzIGUgYWNhYmEgY29tcGxpY2FuZG8gYXMgc2l0dWHDp8O1ZXMuIE1hcywgbWVzbW8gbmVzc2VzIG1vbWVudG9zLCBlbGUgZXN0w6EgZGlzcG9zdG8gYSBtZSBvdXZpciDigJQgcG9yIGlzc28gcXVhc2UgbnVuY2EgdGVtb3MgcHJvYmxlbWFzIHPDqXJpb3Mu,,W0VybnN0XQpJbnRlbnRhIGxpZGlhciBjb24gbG9zIGFzdW50b3MgZGUgbWFuZXJhIG11eSBicnVzY2EgeSwgYSB2ZWNlcywgZW1wZW9yYSBsYXMgY29zYXMuIFBlcm8gaW5jbHVzbyBlbiBtb21lbnRvcyBjb21vIGVzb3MgZXN0w6EgZGlzcHVlc3RvIGEgZXNjdWNoYXIgbWlzIGNvbnNlam9zLCBhc8OtIHF1ZSwgcmFyYSB2ZXosIHRlbmVtb3Mgc2VyaW9zIHByb2JsZW1hcy4=
gCkJ,,W0VybnN0XQpUaGF0IGNhbiBvbmx5IGJlIHRoYXQgd2F5LCBiZWNhdXNlIHdlIHR3byBoYXZlIGJlZW4gc28gY2xvc2UgdG8gZWFjaCBvdGhlci4=,,,,,W0VybnN0XQpTw7Mgw6kgYXNzaW0gcG9ycXVlIHNlbXByZSBmb21vcyBtdWl0byBwcsOzeGltb3Mu,,W0VybnN0XQpZIGVzbyBzb2xvIGVzIHBvc2libGUgcG9ycXVlIHNvbW9zIG11eSBjZXJjYW5vcy4=
gSkJ,,W0VybnN0XQpCcm90aGVyIEFocnVtIGhhcyBiZWVuIGJsYW1pbmcgbWUgZm9yIHRoYXQsIEkgdGhpbmsgdW5uZWNlc3NhcmlseSB0b28gbG9uZy4gQnV0IGhlIGxpc3RlbnMgdG8gbWUgYW5kIGFjdHMgYXMgSSBhZHZpc2Uu,,,,,W0VybnN0XQpBaHJ1bSBtZSBjdWxwYSBwb3IgaXNzbyBow6EgdGVtcG8gZGVtYWlzLCBuYSBtaW5oYSBvcGluacOjby4KTWFzIGVsZSBlc2N1dGEgbyBxdWUgZGlnbyBlIHNlZ3VlIG9zIG1ldXMgY29uc2VsaG9zLg==,,W0VybnN0XQpNaSBoZXJtYW5vIEFocnVtIG1lIGN1bHBhIGRlIGVzbyB5IGNyZW8gcXVlIGRlIG1hbmVyYSBpbm5lY2VzYXJpYS4gUGVybyBlc2N1Y2hhIG1pcyBjb25zZWpvcyB5IGFjdMO6YSBhY29yZGUu
gikJ,,W0VybnN0XQpJc24ndCBoZSBhIGdyZWF0IHBlcnNvbj8KSGUgaXMgYSB0cnVzdHdvcnRoeSBhbmQgaW5zdHJ1Y3RpdmUgcGVyc29uLg==,,,,,W0VybnN0XQpFbGUgbsOjbyDDqSB1bWEgcGVzc29hIGluY3LDrXZlbD8Kw4kgY29uZmnDoXZlbCBlIGluc3BpcmFkb3Iu,,W0VybnN0XQrCv05vIGVzIHVuYSBncmFuIHBlcnNvbmE/CkVzIHVuYSBwZXJzb25hIGRpZ25hIGRlIGNvbmZpYW56YSBlIGluc3RydWN0aXZhLg==
gykJ,,W0VybnN0XQpBaCwgbm93IEkgYW0gZ29pbmcgdG8gaGF2ZSBhIHBsYW4gd2l0aCBCcm90aGVyIEFocnVtLiBJZiB5b3UgZG9uJ3QgaGF2ZSBhbiBpbXBvcnRhbnQgaXNzdWUgd2l0aCBtZSwgSSBzaGFsbCBnby4=,,,,,W0VybnN0XQpBaCwgYWdvcmEgcHJlY2lzbyBtZSByZXVuaXIgY29tIG1ldSBpcm3Do28gQWhydW0uClNlIG7Do28gdGl2ZXIgbmVuaHVtIGFzc3VudG8gdXJnZW50ZSBjb21pZ28sIHZvdSBtZSByZXRpcmFyLg==,,W0VybnN0XQpBaCwgYWhvcmEgdGVuZ28gcGxhbmVzIGNvbiBtaSBoZXJtYW5vIEFocnVtLiBTaSBubyB0aWVuZXMgYWxnbyBpbXBvcnRhbnRlIHF1ZSB0cmF0YXIgY29ubWlnbywgbWUgcmV0aXJhcsOpLg==
hCkJ,,W0VybnN0XQpBaCwgSSBoZWFyZCBhIHBlcnNvbiBmcm9tIFdhbHRlciBjYW1lIGluIGhlcmUuIEhhdmUgeW91IHNlZW4gaGltPw==,,,,,W0VybnN0XQpBaCwgb3V2aSBkaXplciBxdWUgYWxndcOpbSBkYSBmYW3DrWxpYSBXYWx0ZXIgZXN0ZXZlIHBvciBhcXVpLiBWb2PDqiBvIHZpdT8=,,W0VybnN0XQpBaCwgZXNjdWNow6kgcXVlIHZpbm8gYWxndWllbiBkZSBXYWx0ZXIuIMK/TG8gdmlzdGU/
hSkJ,,W0VybnN0XQpJdCBzZWVtcyB0aGF0IGV2ZW4gYnJvdGhlciBBaHJ1bSBoYXNuJ3QgbWV0IHdpdGggaGltLiBIbW0uLi4=,,,,,W0VybnN0XQpQYXJlY2UgcXVlIG5lbSBvIEFocnVtIGNvbnNlZ3VpdSBzZSBlbmNvbnRyYXIgY29tIGVsZS4gSG1tLi4u,,W0VybnN0XQpQYXJlY2UgcXVlIG5pIHNpcXVpZXJhIG1pIGhlcm1hbm8gQWhydW0gbG8gaGEgdmlzdG8uIE1tbeKApg==
hikJ,,W0VybnN0XQpXZWxjb21lLCBhcHByYWlzZXIuCldlIG1lZXQgcXVpdGUgb2Z0ZW4uCldoeSBkb24ndCB5b3Ugc2xvdyBkb3duIHlvdXIgd29yaz8=,,,,,W0VybnN0XQpCb2FzIHZpbmRhcywgYXZhbGlhZG9yLgpUZW1vcyBub3MgZW5jb250cmFkbyBiYXN0YW50ZS4KUG9yIHF1ZSBuw6NvIGRlc2NhbnNhIHVtIHBvdWNvPw==,,W0VybnN0XQpIb2xhLCBldmFsdWFkb3IuCk5vcyBlbmNvbnRyYW1vcyBiYXN0YW50ZSBzZWd1aWRvLgrCv1kgc2kgZGVzY2Fuc2FzIHVuIHBvY28/
hykJ,,W0VybnN0XQpIbW0uLi5JIGRvbid0IGhhdmUgYW55IG1vcmUgd29yZHMgdG8gc2F5LiBNb3Jlb3ZlciwgQWhydW0gc2VlbXMgdG8gYmUgc3RyYW5nZSB0aGVzZSBkYXlzLiBJIHdvcnJ5IGFib3V0IHRoYXQuIEkgaG9wZSBpdCdzIG5vdCBhIGJpZyBkZWFsLg==,,,,,W0VybnN0XQpIbW0uLi4gbsOjbyB0ZW5obyBtYWlzIG8gcXVlIGRpemVyLiBBbMOpbSBkaXNzbywgQWhydW0gdGVtIGFnaWRvIGVzdHJhbmhvIHVsdGltYW1lbnRlLgpFc3RvdSBwcmVvY3VwYWRvLiBFc3Blcm8gcXVlIG7Do28gc2VqYSBuYWRhIHPDqXJpby4=,,W0VybnN0XQpNbW3igKYgbm8gdGVuZ28gbmFkYSBtw6FzIHF1ZSBkZWNpci4gQWRlbcOhcywgQWhydW0gcGFyZWNlIGNvbXBvcnRhcnNlIG11eSBleHRyYcOxbyDDumx0aW1hbWVudGUuIEVzbyBtZSBwcmVvY3VwYS4gRXNwZXJvIHF1ZSBubyBzZWEgaW1wb3J0YW50ZS4=
iCkJ,,W0VybnN0XQpBaHJ1bSBpcyBnZXR0aW5nIHdlaXJkLgpJdCdzIG5vdCBhIG5vcm1hbCBjaGFuZ2UsIGJ1dCBhIHJlYWwgY29ycnVwdGlvbi4gSSBmZWVsIHVuZWFzeSBhYm91dCBpdC4=,,,,,W0VybnN0XQpBaHJ1bSBlc3TDoSBmaWNhbmRvIGVzdHJhbmhvLgpOw6NvIMOpIHVtYSBtdWRhbsOnYSBub3JtYWwsIG1hcyB1bWEgdmVyZGFkZWlyYSBjb3JydXDDp8Ojby4gSXNzbyBtZSBkZWl4YSBpbnF1aWV0by4=,,W0VybnN0XQpBaHJ1bSBlc3TDoSBjYWRhIHZleiBtw6FzIHJhcm8uCk5vIGVzIHVuIGNhbWJpbyBub3JtYWwsIHBlcm8gcGFyZWNlIGNvcnJ1cHRvLiBUZW5nbyB1biBtYWwgcHJlc2VudGltaWVudG8u
iSkJ,,W0VybnN0XQpUaGlzIGlzbid0IGhhcHBlbmluZy4KSSBiZWxpZXZlIEFocnVtIHdpbGwgYmUgcmVzdG9yZWQgYXMgaGUgd2FzLiBIb3dldmVyLCBJIGRvbid0IGZlZWwgZ29vZC4=,,,,,W0VybnN0XQpJc3NvIG7Do28gcG9kZSBlc3RhciBhY29udGVjZW5kby4KQWNyZWRpdG8gcXVlIEFocnVtIHZhaSB2b2x0YXIgYSBzZXIgcXVlbSBlcmEuCk1hcyBhaW5kYSBhc3NpbS4uLiBuw6NvIGVzdG91IHRyYW5xdWlsby4=,,W0VybnN0XQpFc3RvIG5vIGVzIG3DoXMgcXVlIHVuIHN1ZcOxby4KQ3JlbyBxdWUgQWhydW0gdm9sdmVyw6EgYSBsYSBub3JtYWxpZGFkLiBTaW4gZW1iYXJnbywgbm8gbWUgc2llbnRvIGJpZW4u
iikJ,,W0VybnN0XQpBaC4uLgpCcm90aGVyIEFocnVtLi4uCkVpZ2VuIEFocnVtLi4ueWVzLCBzaXIu,,,,,W0VybnN0XQpBaC4uLgpJcm3Do28gQWhydW0uLi4KRWlnZW4gQWhydW0uLi4gc2ltLCBzZW5ob3Iu,,W0VybnN0XQpBaOKApgpIZXJtYW5vIEFocnVt4oCmCkVpZ2VuIEFocnVt4oCmIFPDrSwgc2XDsW9yLg==
iykJ,,W0VybnN0XQouLi4uLi4=,,,,,W0VybnN0XQouLi4uLi4=,,W0VybnN0XQouLi4uLi4=
jCkJ,,W0VybnN0XQpQbGVhc2UgbGVhdmUgaGVyZS4gSSBkb24ndCB3YW50IHRvIHNlZSBhbnlvbmUu,,,,,W0VybnN0XQpQb3IgZmF2b3IsIHNhaWEgZGFxdWkuIE7Do28gcXVlcm8gdmVyIG5pbmd1w6ltLg==,,W0VybnN0XQpQb3IgZmF2b3IsIHNhbCBkZSBhcXXDrS4gUXVpZXJvIGVzdGFyIHNvbG8u
jSkJ,,W0VybnN0XQpXZWxjb21lLCBhcHByYWlzZXIuClRoYW5rIHlvdSBmb3IgeW91ciBoYXJkIHdvcmsuIEl0J3MgaGFyZCB0byBqdWRnZSBvdGhlcnMsIGlzbid0IGl0Pw==,,,,,W0VybnN0XQpCb2FzIHZpbmRhcywgYXZhbGlhZG9yLgpPYnJpZ2FkbyBwb3IgdG9kbyBzZXUgZXNmb3LDp28uCkp1bGdhciBvcyBvdXRyb3Mgw6kgdW1hIHRhcmVmYSBkaWbDrWNpbCwgbsOjbyDDqT8=,,W0VybnN0XQpIb2xhLCBldmFsdWFkb3IuCkdyYWNpYXMgcG9yIHR1IGVzZnVlcnpvLiBFcyBkaWbDrWNpbCBldmFsdWFyIGEgbG9zIGRlbcOhcywgwr9ubz8=
jikJ,,W1ByaW5jZV0KSWYgeW91IGFyZSBub3QgdGhlIGFkdmVudHVyZXIgYXBwcmFpc2VyLCBJIHRoaW5rIHlvdSBzaG91bGRuJ3QgYmUgaGVyZS4=,,,,,W1Byw61uY2lwZV0KU2Ugdm9jw6ogbsOjbyDDqSBvIGF2YWxpYWRvciBkZSB2aWFqYW50ZXMsIGFjaG8gcXVlIG7Do28gZGV2ZXJpYSBlc3RhciBhcXVpLg==,,W1Byw61uY2lwZV0KU2kgbm8gZXJlcyBlbCBldmFsdWFkb3IsIGNyZW8gcXVlIG5vIGRlYmVyw61hcyBlc3RhciBhcXXDrS4=
jykJ,,W1ByaW5jZV0KSGkuCllvdSBhcmUgb3VyIGp1ZGdlPwpPdXIgYXBwcmFpc2VyPwpJIGFtIEVybnN0LCBwcmluY2Ugb2YgR2FlYm9sZy4=,,,,,W1Byw61uY2lwZV0KT2kuClZvY8OqIMOpIG5vc3NvIGp1aXo/Ck5vc3NvIGF2YWxpYWRvcj8KRXUgc291IEVybnN0LCBwcsOtbmNpcGUgZGUgR2FlYm9sZy4=,,W1Byw61uY2lwZV0KSG9sYS4Kwr9Fc3TDoXMgYXF1w60gcGFyYSBsYSBldmFsdWFjacOzbj8Kwr9FcmVzIHF1aWVuIG5vcyBldmFsdWFyw6E/ClNveSBFcm5zdCwgcHLDrW5jaXBlIGRlIEdhZWJvbGcu
kCkJ,,W0VybnN0XQpJIHRoaW5rIGl0J3MgaGFyZCB3b3JrIHRoYXQganVkZ2VzIHBlb3BsZSdzIHRhbGVudHMuIEkgd2lsbCBkbyBteSBiZXN0IHRvIGhlbHAgeW91Lg==,,,,,W0VybnN0XQpBY2hvIHF1ZSBhdmFsaWFyIG9zIHRhbGVudG9zIGRhcyBwZXNzb2FzIMOpIHVtIHRyYWJhbGhvIGRpZsOtY2lsLgpGYXJlaSBvIHBvc3PDrXZlbCBwYXJhIHRlIGFqdWRhci4=,,W0VybnN0XQpDcmVvIHF1ZSBldmFsdWFyIGVsIHRhbGVudG8gZGUgbGEgZ2VudGUgZXMgdW4gdHJhYmFqbyBkaWbDrWNpbC4gSGFyw6kgbWkgbWVqb3IgZXNmdWVyem8gcG9yIGF5dWRhcnRlLg==
kSkJ,,W0VybnN0XQpXZWxsLCB0aGFuayB5b3Uu,,,,,W0VybnN0XQpCZW0sIG9icmlnYWRvLg==,,W0VybnN0XQpCdWVubywgZ3JhY2lhcy4=
kikJ,,W3t9XQooSGUgc2VlbXMgdG8gaGF2ZSBhIHBvbGl0ZSBwZXJzb25hbGl0eSBhcyBhIGNhbmRpZGF0ZSBmb3IgS2luZyk=,,,,,W3t9XQooRWxlIHBhcmVjZSB0ZXIgdW1hIHBlcnNvbmFsaWRhZGUgZWR1Y2FkYSBwYXJhIHVtIGNhbmRpZGF0byBhIFJlaSk=,,W3t9XQooQ29tbyBjYW5kaWRhdG8gYSByZXksIHBhcmVjZSB0ZW5lciB1bmEgcGVyc29uYWxpZGFkIG11eSBlZHVjYWRhLg==
kykJ,,LVdlbGwsIHdoYXQgcXVlc3Rpb25zLi4uLQ==,,,,,LUJlbSwgcXVlIHBlcmd1bnRhcyBkZXZvIGZhemVyLi4uLQ==,,wr9ZIGJpZW4/IMK/UXXDqSBsZSBwcmVndW50YXLDqeKApj8pLg==
lCkJ,,QmFja2dyb3VkIGZpcnN0Lg==,,,,,UHJpbWVpcm8sIHN1YSBvcmlnZW0u,,UHJpbWVybywgc29icmUgc3UgcGFzYWRvLg==
lSkJ,,SSB3YW50IHRvIGtub3cgeW91ciBzcGlyaXQgb2YgbmF0aW9uYWxpc20u,,,,,UXVlcm8gc2FiZXIgc2V1IGVzcMOtcml0byBkZSBuYWNpb25hbGlzbW8u,,UXVpZXJvIHNhYmVyIHNvYnJlIHR1IGVzcMOtcml0dSBuYWNpb25hbGlzdGEu
likJ,,WW91ciBoYWJpdHMgYW5kIHRhc3Rlcy4=,,,,,U2V1cyBow6FiaXRvcyBlIGdvc3Rvcy4=,,VHVzIGNvc3R1bWJyZXMgeSBndXN0b3Mu
lykJ,,SSB3aWxsIGJlIGJhY2su,,,,,Vm9sdGFyZWkgbWFpcyB0YXJkZS4=,,WWEgdnVlbHZvLg==
mCkJ,,W0VybnN0XQpTaW5jZSBJIHdhcyB5b3VuZywgSSBoYXZlIGdyb3duIHVwIHdpdGggYSByb3lhbCBlZHVjYXRpb24uIEkgaGF2ZW4ndCBxdWFycmVsZWQgd2l0aCBvdGhlcnMgc2VyaW91c2x5LCBidXQgSSB3YXMgbm90IHZlcnkgcG9saXRlIGVpdGhlci4=,,,,,W0VybnN0XQpEZXNkZSBqb3ZlbSwgcmVjZWJpIHVtYSBlZHVjYcOnw6NvIHJlYWwuIE51bmNhIGJyaWd1ZWkgc2VyaWFtZW50ZSBjb20gbmluZ3XDqW0sIG1hcyB0YW1iw6ltIG7Do28gZXJhIG11aXRvIGNvcnTDqnMu,,W0VybnN0XQpEZXNkZSBxdWUgZXJhIHBlcXVlw7FvLCBjcmVjw60gY29uIHVuYSBlZHVjYWNpw7NuIHJlYWwuIE5vIGRpc2N1dMOtYSBjb24gb3RyYXMgcGVyc29uYXMsIHBlcm8gdGFtcG9jbyBlcmEgbXV5IGNvcnTDqXMu
mSkJ,,W0VybnN0XQpQZW9wbGUgdGhvdWdodCB0aGF0IEkgd2FzIHRpbWlkLCBidXQgdGhhdCdzIGJlY2F1c2UgSSBkaWRuJ3Qgd2FudCB0byBiZSBzaHVuIGZyb20gb3RoZXJzLg==,,,,,W0VybnN0XQpBcyBwZXNzb2FzIGFjaGF2YW0gcXVlIGV1IGVyYSB0w61taWRvLCBtYXMgaXNzbyBlcmEgcG9ycXVlIGV1IG7Do28gcXVlcmlhIHNlciByZWplaXRhZG8gcGVsb3Mgb3V0cm9zLg==,,W0VybnN0XQpMYSBnZW50ZSBwZW5zYWJhIHF1ZSBlcmEgdMOtbWlkbywgcGVybyBhY3R1YWJhIGFzw60gcG9ycXVlIG5vIHF1ZXLDrWEgcXVlIG1lIHJlY2hhemFyYW4u
mikJ,,W0VybnN0XQpPZiBjb3Vyc2UsIHdlIGdvdCBhbiBleGNlcHRpb24uLi4gRWlnZW4u,,,,,W0VybnN0XQrDiSBjbGFybyBxdWUgdGVtb3MgdW1hIGV4Y2XDp8Ojby4uLiBFaWdlbi4=,,W0VybnN0XQpQb3Igc3VwdWVzdG8sIGh1Ym8gdW5hIGV4Y2VwY2nDs27igKYgRWlnZW4u
mykJ,,W0VybnN0XQpFaWdlbiBBaHJ1bSBjYW4gYmUgdGhlIGV4Y2VwdGlvbi4gSGUgaXMgbm90IHBvbGl0ZSwgYnV0IGhlIG1ha2VzIHNlbnNlIGZyb20gb3RoZXJzIHdpdGggZXhhY3QgY29uZmlybWF0aW9uLg==,,,,,W0VybnN0XQpFaWdlbiBBaHJ1bSBwb2RlIHNlciBhIGV4Y2XDp8Ojby4gRWxlIG7Do28gw6kgZWR1Y2FkbywgbWFzIGNvbnNlZ3VlIGNvbnZlbmNlciBvcyBvdXRyb3MgY29tIHByb3ZhcyBjbGFyYXMu,,W0VybnN0XQpFaWdlbiBBaHJ1bSBlcyBsYSBleGNlcGNpw7NuLiBObyBlcyBlZHVjYWRvLCBwZXJvIGVudGllbmRlIGEgbG9zIGRlbcOhcyBkZSB1bmEgbWFuZXJhIG11eSBwcmVjaXNhLg==
nCkJ,,W0VybnN0XQpJIHRoaW5rIHRoYXQgaXMgYSBncmVhdCBhYmlsaXR5LCBhbmQgSSBzaG91bGQgbGVhcm4gaXQuIEJ1dCwgaXQgaXMgbm90IG9ubHkgYWJvdXQgcmVzdWx0cywgYnV0IGFsc28gYSBjb3VydGVzeSBtYXR0ZXIuIFdlIHNob3VsZCBrZWVwIHNvbWV0aGluZyB0aGF0IHdlIGhhdmUgdG8gZG8u,,,,,W0VybnN0XQpBY2hvIGlzc28gdW1hIGhhYmlsaWRhZGUgaW5jcsOtdmVsLCBlIGRlc2VqbyBhcHJlbmRlci4KTWFzIG7Do28gw6kgc8OzIHNvYnJlIHJlc3VsdGFkb3Mg4oCUIHRhbWLDqW0gw6kgdW1hIHF1ZXN0w6NvIGRlIGNvcnRlc2lhLgpEZXZlbW9zIG1hbnRlciBvIHF1ZSDDqSBjZXJ0byBhIHNlIGZhemVyLg==,,W0VybnN0XQpDcmVvIHF1ZSBlcyB1biBncmFuIHRhbGVudG8geSBkZWJlcsOtYSBhcHJlbmRlcmxvLiBQZXJvIG5vIHNvbG8gc2UgdHJhdGEgZGUgbG9zIHJlc3VsdGFkb3MsIHNpbm8gcXVlIHRhbWJpw6luIGVzIHVuYSBjdWVzdGnDs24gZGUgY29ydGVzw61hLiBEZWJlbW9zIG1hbnRlbmVyIGFsZ28gcXVlIHRlbmVtb3MgcXVlIGhhY2VyLg==
nSkJ,,W0VybnN0XQpGb3IgbWUsIHRoZSBwcm9jZXNzIHdhcyBtb3JlIGltcG9ydGFudCB0aGFuIHRoZSByZXN1bHQuIE5vdywgSSB0YWtlIHRoZW0gYXMgZXF1YWwgdmlydHVlLiBJIGRpZG4ndCB0YWtlIHJlc3VsdHMgc2lnbmlmaWNhbnRseS4gQWhydW0gdGF1Z2h0IG1lLCB3aG8gdXNlZCB0byBjb25zaWRlciB0aGUgcmVzdWx0IGFzIG5vdGhpbmcu,,,,,W0VybnN0XQpQYXJhIG1pbSwgbyBwcm9jZXNzbyBlcmEgbWFpcyBpbXBvcnRhbnRlIGRvIHF1ZSBvIHJlc3VsdGFkby4gSG9qZSwgY29uc2lkZXJvIGFtYm9zIGNvbW8gdmlydHVkZXMgaWd1YWlzLiBFdSBuw6NvIHZhbG9yaXphdmEgb3MgcmVzdWx0YWRvcy4gQWhydW0gbWUgZW5zaW5vdSBpc3NvLg==,,W0VybnN0XQpQYXJhIG3DrSwgZWwgcHJvY2VzbyBlcmEgbcOhcyBpbXBvcnRhbnRlIHF1ZSBlbCByZXN1bHRhZG8uIEFob3JhIGxvcyBjb25zaWRlcm8gZGUgaWd1YWwgaW1wb3J0YW5jaWEuIE5vIGxlIGRpIG11Y2hhIGltcG9ydGFuY2lhIGEgbG9zIHJlc3VsdGFkb3MuIEFocnVtLCBxdWllbiBubyBzb2zDrWEgY29uc2lkZXJhciBsb3MgcmVzdWx0YWRvcywgZnVlIHF1aWVuIG1lIGVuc2XDscOzLg==
nikJ,,W0VybnN0XQpUaGUgc3Bpcml0IG9mIG5hdGlvbmFsaXNtIHdoZW4gSSBiZWNvbWUgS2luZz8=,,,,,W0VybnN0XQpWb2PDqiBwZXJndW50b3Ugc29icmUgbyBlc3DDrXJpdG8gZGUgbmFjaW9uYWxpc21vLCBzZSBldSBtZSB0b3JuYXIgcmVpPw==,,W0VybnN0XQrCv01pIGVzcMOtcml0dSBuYWNpb25hbGlzdGEgY3VhbmRvIG1lIGNvbnZpZXJ0YSBlbiByZXk/
nykJ,,W0VybnN0XQpZb3UgbWlnaHQgYmVsaWV2ZSB0aGUgcG93ZXIgb2YgYSBraW5nIGlzIHVubGltaXRlZCwgYnV0IGFzIG9uZSBtYW4sIGl0IGhhcyBhIGxpbWl0YXRpb24u,,,,,W0VybnN0XQpUYWx2ZXogYWNyZWRpdGUgcXVlIG8gcG9kZXIgZGUgdW0gcmVpIMOpIGlsaW1pdGFkbywgbWFzLCBjb21vIHF1YWxxdWVyIGhvbWVtLCBlbGUgdGVtIHN1YXMgbGltaXRhw6fDtWVzLg==,,W0VybnN0XQpRdWl6w6FzIGNyZWFzIHF1ZSBlbCBwb2RlciBkZSB1biByZXkgZXMgaWxpbWl0YWRvLCBwZXJvLCBhbCBzZXIgc29sbyB1biBob21icmUsIHRpZW5lIHN1cyBsaW1pdGFjaW9uZXMu
oCkJ,,W0VybnN0XQpCb3RoIG5vcm1hbCBwdWJsaWMgYW5kIHByb21pbmVudCBwZW9wbGUgdGFrZSBjaGFyZ2Ugb2YgdGhlIHNvY2lldHkgdGhhdCBnYXRoZXJzIHRoYXQgd2lzZG9tIGlzIGVhc2llciB0aGFuIGRvaW5nIHRoaW5ncyBvbiB5b3VyIG93bi4=,,,,,W0VybnN0XQpBIHNvY2llZGFkZSDDqSBmZWl0YSBkZSBjaWRhZMOjb3MgY29tdW5zIGUgcGVzc29hcyBpbmZsdWVudGVzLgpSZXVuaXIgZXNzYSBzYWJlZG9yaWEgY29sZXRpdmEgw6kgbWFpcyBlZmljaWVudGUgZG8gcXVlIHRlbnRhciBhZ2lyIHNvemluaG8u,,W0VybnN0XQpFcyBtdWNobyBtw6FzIGbDoWNpbCBxdWUgdGFudG8gZWwgcHVlYmxvIGNvbW8gbGFzIHBlcnNvbmFzIG3DoXMgcHJvbWluZW50ZXMgc2UgaGFnYW4gY2FyZ28gZGUgcmV1bmlyIGxhIHNhYmlkdXLDrWEgY29tbyBzb2NpZWRhZCBxdWUgaGFjZXJsbyBwb3IgdHUgY3VlbnRhLg==
oSkJ,,W0VybnN0XQpBaHJ1bSB3aWxsIGhlbHAgbWUgdG8gc3VwcGxlbWVudCBhbnkgc2hvcnRjb21pbmdzLiBOb3Qgb25seSBBaHJ1bSwgYnV0IGFsbCBtaW5pc3RlcnMgYW5kIGNhYmluZXQgbWVtYmVyczsgYW5kIHRoZSBwdWJsaWMgaXMgbXkgbWFzdGVyLg==,,,,,W0VybnN0XQpBaHJ1bSBtZSBhanVkYXLDoSBhIGNvbXBlbnNhciBxdWFscXVlciBmYWxoYS4KTsOjbyBhcGVuYXMgZWxlLCBtYXMgdG9kb3Mgb3MgbWluaXN0cm9zLCBjb25zZWxoZWlyb3Mg4oCUIGUgbyBwb3ZvIOKAlCBzZXLDo28gbWV1cyBtZXN0cmVzLg==,,W0VybnN0XQpBaHJ1bSBtZSBheXVkYXLDoSBjb24gbG9zIGFzcGVjdG9zIHF1ZSBtZSBoYWdhbiBmYWx0YS4gWSBubyBzb2xvIEFocnVtLCBzaW5vIHF1ZSB0YW1iacOpbiBtZSBheXVkYXLDoW4gdG9kb3MgbG9zIG1pbmlzdHJvcyB5IGxvcyBtaWVtYnJvcyBkZWwgZ2FiaW5ldGUsIHkgZWwgcHVlYmxvIHNlcsOhIG1pIGd1w61hLg==
oikJ,,W0VybnN0XQpJdCBpcyBteSBmb3J0dW5lIHRoYXQgSSBnb3QgbWFueSBtYXN0ZXJzIGJlc2lkZSBBaHJ1bS4gSXQgaXMgYWxzbyBnb29kIGZvciBteSBjb3VudHJ5Lg==,,,,,W0VybnN0XQrDiSB1bWEgc29ydGUgY29udGFyIGNvbSB0YW50b3MgbWVzdHJlcyBhbMOpbSBkZSBBaHJ1bS4KRSBpc3NvIMOpIGFsZ28gYm9tIHBhcmEgbWV1IHBhw61zLg==,,W0VybnN0XQpUZW5nbyBsYSBmb3J0dW5hIGRlIHRlbmVyIG11Y2hvcyBtYWVzdHJvcywgYWRlbcOhcyBkZSBBaHJ1bSwgZW4gbWkgdmlkYS4gVGFtYmnDqW4gZXMgYnVlbm8gcGFyYSBtaSBwYcOtcy4=
oykJ,,W0VybnN0XQpJIGRvbid0IGhhdmUgc3BlY2lhbCBoYWJpdHMuIEkgYW0ganVzdCB3aWxsaW5nIHRvIGxlYXJuIGFuZCByZWFkIGJvb2tzLg==,,,,,W0VybnN0XQpOw6NvIHRlbmhvIGjDoWJpdG9zIGVzcGVjaWFpcy4gQXBlbmFzIGdvc3RvIGRlIGFwcmVuZGVyIGUgbGVyIGxpdnJvcy4=,,W0VybnN0XQpObyB0ZW5nbyBjb3N0dW1icmVzIGVzcGVjaWFsZXMuIFNvbG8gbWUgZ3VzdGEgYXByZW5kZXIgeSBsZWVyIGxpYnJvcy4=
pCkJ,,W0VybnN0XQpBbmQgSSBhbHNvIGxvdmUgdG8gdGFsayB3aXRoIEFocnVtLiBBaHJ1bSBpcyBjbGV2ZXIgZW5vdWdoIHRvIGdlbmVyYXRlIG5ldyBpZGVhcyB0aGF0IEkgY2FuIGZvbGxvdy4=,,,,,W0VybnN0XQpFIHRhbWLDqW0gZ29zdG8gbXVpdG8gZGUgY29udmVyc2FyIGNvbSBBaHJ1bS4gRWxlIMOpIGludGVsaWdlbnRlIG8gc3VmaWNpZW50ZSBwYXJhIGNyaWFyIGlkZWlhcyBub3ZhcyBxdWUgZXUgcG9zc2Egc2VndWlyLg==,,W0VybnN0XQpUYW1iacOpbiBtZSBndXN0YSBoYWJsYXIgY29uIEFocnVtLiBBaHJ1bSBlcyBsbyBzdWZpY2llbnRlbWVudGUgaW50ZWxpZ2VudGUgcGFyYSBwZW5zYXIgZW4gbnVldmFzIGlkZWFzIHF1ZSBwdWVkbyBzZWd1aXIu
pSkJ,,W0VybnN0XQpXZWxsLCB0byB0ZWxsIHRoZSB0cnV0aCwgZ29pbmcgZmlzaGluZyB3aXRoIEFocnVtIGlzIGJldHRlci4gQWx0aG91Z2gsIHdlIGFyZSB0b28gYnVzeSB0byBnbyBmaXNoaW5nIGJlY2F1c2Ugb2YgYWxsIHRoZXNlIGtpbmdkb20gaXNzdWVzLg==,,,,,W0VybnN0XQpCb20sIHByYSBmYWxhciBhIHZlcmRhZGUuLi4gaXIgcGVzY2FyIGNvbSBBaHJ1bSBzZXJpYSBhaW5kYSBtZWxob3IuCk1hcyBlc3RhbW9zIG9jdXBhZG9zIGRlbWFpcyBjb20gZXNzYXMgcXVlc3TDtWVzIGRvIHJlaW5vLg==,,W0VybnN0XQpBIGRlY2lyIHZlcmRhZCwgbG8gcXVlIG3DoXMgbWUgZ3VzdGEgZXMgaXIgZGUgcGVzY2EgY29uIEFocnVtLiBBdW5xdWUsIGRlYmlkbyBhIHRvZG9zIGxvcyBhc3VudG9zIGRlbCByZWlubywgZXN0YW1vcyBtdXkgb2N1cGFkb3MgcGFyYSBoYWNlcmxvLg==
pikJ,,W0VybnN0XQpXZSBwcm9taXNlZCB0byBnbyBmaXNoaW5nIGFmdGVyIHRoZSB0YWtpbmcgb2YgdGhlIHRocm9uZS4uLiBMZXQncyBzZWUuLi4=,,,,,W0VybnN0XQpQcm9tZXRlbW9zIGlyIHBlc2NhciBkZXBvaXMgZGEgY29yb2HDp8Ojby4uLiBWYW1vcyB2ZXIuLi4=,,W0VybnN0XQpOb3MgcHJvbWV0aW1vcyBpciBkZSBwZXNjYSBkZXNwdcOpcyBkZSBhc2NlbmRlciBhbCB0cm9ub+KApiBWZWFtb3PigKY=
pykJ,,W0VybnN0XQpIbW0uLi5pc24ndCBpdCBlbm91Z2g/,,,,,W0VybnN0XQpIbW0uLi4gbsOjbyDDqSBzdWZpY2llbnRlPw==,,W0VybnN0XQpNbW3igKYgwr9Db24gZXN0byBlcyBzdWZpY2llbnRlPw==
qCkJ,,W0VybnN0XQpZZXMsIHRoZW4sIHNlZSB5b3UgbGF0ZXIu,,,,,W0VybnN0XQpTaW0sIGVudMOjbywgYXTDqSBsb2dvLg==,,W0VybnN0XQpCdWVubywgbm9zIHZlbW9zIG3DoXMgdGFyZGUu
qSkJ,,W0EgbWFuIG9mIFdhbHRlciBGYW1pbHldCllvdSBkb24ndCBoYXZlIHRvIHdvcnJ5LgpPbmNlIG15IEVpZ2VuIEFocnVtIGlzIGNob3NlbiB0byBiZSBraW5nLCB0aGUgUmljaGFyZCBmYW1pbHkgd2lsbCBiZSBhIHNlY29uZCBtYWduYXRlLg==,,,,,W01lbWJybyBkYSBGYW3DrWxpYSBXYWx0ZXJdCk7Do28gcHJlY2lzYSBzZSBwcmVvY3VwYXIuCkFzc2ltIHF1ZSBtZXUgRWlnZW4gQWhydW0gZm9yIGVzY29saGlkbyByZWksIGEgZmFtw61saWEgUmljaGFyZCBzZXLDoSBhIHNlZ3VuZGEgcG90w6puY2lhLg==,,W0hvbWJyZSBmYW1pbGlhIFdhbHRlcl0KTm8gdGUgcHJlb2N1cGVzLgpVbmEgdmV6IHF1ZSBtaSBFaWdlbiBBaHJ1bSBzZWEgZWxlZ2lkbyByZXksIGxhIGZhbWlsaWEgUmljaGFyZCBzZXLDoSBsYSBzZWd1bmRhIGFsIG1hbmRvLg==
qikJ,,W0EgbWFuIG9mIFJpZWhhcnQgRmFtaWx5XQpIZWhlLCBBaHJ1bSBpcyB0aGUgbW9zdCBmYXZvcmFibGUgYW5kIGluZmx1ZW50aWFsIGNhbmRpZGF0ZSBhbHJlYWR5LiBZb3Ugd291bGQgYmUgc28gYW1hemluZyB3ZXJlIHlvdSB0byBmdWxmaWxsIHRoaXMu,,,,,W01lbWJybyBkYSBGYW3DrWxpYSBSaWNoYXJkXQpIZWhlLCBBaHJ1bSDDqSBvIGNhbmRpZGF0byBtYWlzIHBvcHVsYXIgZSBpbmZsdWVudGUgYXTDqSBhZ29yYS4KVm9jw6ogc2VyaWEgaW5jcsOtdmVsIHNlIGNvbnNlZ3Vpc3NlIGlzc28u,,W0hvbWJyZSBmYW1pbGlhIFJpZWhhcnRdCkplLCBqZS4gQWhydW0geWEgZXMgZWwgY2FuZGlkYXRvIG3DoXMgZmF2b3JhYmxlIGUgaW5mbHV5ZW50ZS4gU2Vyw61hIGluY3Jlw61ibGUgbG9ncmFyIHF1ZSBlc3RvIGZ1bmNpb25lLg==
qykJ,,W0EgbWFuIG9mIFdhbHRlciBGYW1pbHldCkFsdGhvdWdoIEFocnVtIGlzIGEgc3Ryb25nIGNhbmRpZGF0ZSwgdGhlIHByaW5jZSBvZiBHYWVib2xnIGhhcyBhIGhpZ2ggcmVwdXRhdGlvbiBmb3IgaGlzIHZpcnR1ZXMgdG9vLiBGb3Igc3VyZSwgaXQgaXMgYmV0dGVyIHRvIGNvbmZpcm0gdGhpbmdzLg==,,,,,W01lbWJybyBkYSBGYW3DrWxpYSBXYWx0ZXJdCkFwZXNhciBkZSBBaHJ1bSBzZXIgdW0gY2FuZGlkYXRvIGZvcnRlLCBvIHByw61uY2lwZSBkZSBHYWVib2xnIHRhbWLDqW0gdGVtIGdyYW5kZSByZXB1dGHDp8OjbyBwb3Igc3VhcyB2aXJ0dWRlcy4KQ2VydGFtZW50ZSwgw6kgbWVsaG9yIGNvbmZpcm1hciB0dWRvIGFudGVzIGRlIGRlY2lkaXIu,,W0hvbWJyZSBmYW1pbGlhIFdhbHRlcl0KQXVucXVlIEFocnVtIGVzIHVuIGJ1ZW4gY2FuZGlkYXRvLCBlbCBwcsOtbmNpcGUgZGUgR2FlYm9sZyB0YW1iacOpbiB0aWVuZSB1bmEgYnVlbmEgcmVwdXRhY2nDs24gZ3JhY2lhcyBhIHN1cyB2aXJ0dWRlcy4gTm8gY2FiZSBkdWRhIGRlIHF1ZSBsbyBtZWpvciBzZXLDoSBjb25maXJtYXIgbGFzIGNvc2FzLg==
rCkJ,,W0EgbWFuIG9mIFdhbHRlciBGYW1pbHldClNvLCBhcmUgeW91IG9uIHRoZSBwcm9qZWN0IG9mIFByaW5jZSBFcm5zdCdzIHBvaXNvbmluZz8=,,,,,W01lbWJybyBkYSBGYW3DrWxpYSBXYWx0ZXJdCkVudMOjbywgdm9jw6ogZXN0w6Egbm8gcHJvamV0byBkbyBlbnZlbmVuYW1lbnRvIGRvIHByw61uY2lwZSBFcm5zdD8=,,W0hvbWJyZSBmYW1pbGlhIFdhbHRlcl0Kwr9UYW1iacOpbiBlcmVzIHBhcnRlIGRlbCBwbGFuIHBhcmEgZW52ZW5lbmFyIGFsIHByw61uY2lwZSBFcm5zdD8=
rSkJ,,W0EgbWFuIG9mIFJpZWhhcnQgRmFtaWx5XQpPZiBjb3Vyc2UuIEV2ZW4gYW4gYXV0b3BzeSB3aWxsIG5vdCBmaW5kIGl0LiAuLi4gWW91IGRvbid0IGhhdmUgdG8gd29ycnku,,,,,W01lbWJybyBkYSBGYW3DrWxpYSBSaWNoYXJkXQpDbGFyby4gTmVtIHVtYSBhdXTDs3BzaWEgdmFpIGVuY29udHJhciB2ZXN0w61naW9zIC4uLiBOw6NvIHByZWNpc2Egc2UgcHJlb2N1cGFyLg==,,W0hvbWJyZSBmYW1pbGlhIFJpZWhhcnRdClBvciBzdXB1ZXN0by4gTmkgc2lxdWllcmEgY29uIHVuYSBhdXRvcHNpYSBzZSBlbmNvbnRyYXLDoSBlbCB2ZW5lbm/igKYgTm8gdGUgcHJlb2N1cGVzLg==
rikJ,,W0EgbWFuIG9mIFdhbHRlciBGYW1pbHldCkFocnVtIHdpbGwgYmUgZWxlY3RlZCwgb25jZSB0aGUgdGVybWluYXRpb24gb2YgcHJpbmNlIEVybnN0IGhhcHBlbnMsIGFuZCB0aGVuLi4u,,,,,W01lbWJybyBkYSBGYW3DrWxpYSBXYWx0ZXJdCkFocnVtIHNlcsOhIGVsZWl0byBhc3NpbSBxdWUgYSBtb3J0ZSBkbyBwcsOtbmNpcGUgRXJuc3QgYWNvbnRlY2VyLCBlIGVudMOjby4uLg==,,W0hvbWJyZSBmYW1pbGlhIFdhbHRlcl0KQWhydW0gc2Vyw6EgZWxlZ2lkbywgdW5hIHZleiBxdWUgbXVlcmEgZWwgcHLDrW5jaXBlIEVybnN0LCB5IGVudG9uY2Vz4oCm
rykJ,,W0EgbWFuIG9mIFJpZWhhcnQgRmFtaWx5XQpCb3RoIGZhbWlsaWVzIHdpbGwgbGVhZCB0aGlzIGNvdW50cnksIGh1aHVodS4=,,,,,W01lbWJybyBkYSBGYW3DrWxpYSBSaWNoYXJkXQpBcyBkdWFzIGZhbcOtbGlhcyB2w6NvIGNvbWFuZGFyIG8gcmVpbm8sIGh1aHVodS4=,,W0hvbWJyZSBmYW1pbGlhIFJpZWhhcnRdCkFtYmFzIGZhbWlsaWFzIGxpZGVyYXLDoW4gZXN0ZSBwYcOtcywgamUsIGplLCBqZS4=
sCkJ,,W0EgbWFuIG9mIFdhbHRlciBGYW1pbHldCllvdSBtdXN0IGtub3cgd2hhdCBXYWx0ZXIgYW5kIEdhZWJvbGcgZGlkLiBCb3RoIGZhbWlsaWVzIHN0YXllZCBvbiB0b3Agb2YgdGhlIGNvdW50cnku,,,,,W01lbWJybyBkYSBGYW3DrWxpYSBXYWx0ZXJdClZvY8OqIGRldmUgc2FiZXIgbyBxdWUgV2FsdGVyIGUgR2FlYm9sZyBmaXplcmFtLgpFc3NhcyBkdWFzIGZhbcOtbGlhcyBzZW1wcmUgZG9taW5hcmFtIG8gcGHDrXMu,,W0hvbWJyZSBmYW1pbGlhIFdhbHRlcl0KWWEgZGViZXMgc2FiZXIgbG8gcXVlIGhpY2llcm9uIFdhbHRlciB5IEdhZWJvbGcuIEFtYmFzIGZhbWlsaWFzIHNlIG1hbnR1dmllcm9uIGVuIGxhIGNpbWEgZGVsIHBhw61zLg==
sSkJ,,W0EgbWFuIG9mIFJpZWhhcnQgRmFtaWx5XQpUaGUgd2Vha2VzdCBvbmUgb2YgdGhlIHNldmVuIGZhbWlsaWVzLCBHYWVib2xnIEZhbWlseSwgdG9vayBwb3dlciBieSB1bml0aW5nIHdpdGggU2NobWlkdCBhbmQgV2FsdGVyLg==,,,,,W01lbWJybyBkYSBGYW3DrWxpYSBSaWNoYXJkXQpBIG1haXMgZnJhY2EgZW50cmUgYXMgc2V0ZSBmYW3DrWxpYXMsIEdhZWJvbGcsIGNoZWdvdSBhbyBwb2RlciB1bmluZG8tc2UgYSBTY2htaWR0IGUgV2FsdGVyLg==,,W0hvbWJyZSBmYW1pbGlhIFJpZWhhcnRdCkxhIG3DoXMgZMOpYmlsIGRlIGxhcyBzaWV0ZSBmYW1pbGlhcywgbGEgZmFtaWxpYSBHYWVib2xnLCBjb25zaWd1acOzIGVsIHBvZGVyIGFsIHVuaXJzZSBjb24gbG9zIFNjaG1pZHQgeSBsb3MgV2FsdGVyLg==
sikJ,,W0EgbWFuIG9mIFdhbHRlciBGYW1pbHldClllcywgdGhhdCdzIHdoeSB0aGUgdW5pb24gb2YgV2FsdGVyIGFuZCBHYWVib2xnIGlzIHBlcmZlY3QuIE1vcmVvdmVyLCBBaHJ1bSBhbmQgRXJuc3QuLi4gSXQncyBvYnZpb3VzbHkgdGhlIHNlY29uZCBjb21pbmcgb2YgU2NobWlkdCBhbmQgSGVpbnJpY2gu,,,,,W01lbWJybyBkYSBGYW3DrWxpYSBXYWx0ZXJdCkV4YXRvLiDDiSBwb3IgaXNzbyBxdWUgYSB1bmnDo28gZGUgV2FsdGVyIGUgR2FlYm9sZyDDqSBwZXJmZWl0YS4KQWzDqW0gZGlzc28sIEFocnVtIGUgRXJuc3QuLi4gw4kgY2xhcmFtZW50ZSBhIHNlZ3VuZGEgdmluZGEgZGUgU2NobWlkdCBlIEhlaW5yaWNoLg==,,W0hvbWJyZSBmYW1pbGlhIFdhbHRlcl0KU8OtLCBwb3IgZXNvLCBsYSB1bmnDs24gZGUgV2FsdGVyIHkgR2FlYm9sZyBlcyBwZXJmZWN0YS4gQWRlbcOhcywgQWhydW0geSBFcm5zdOKApiBFc3RhIHNlcsOhIGxhIGxsZWdhZGEgZGUgU2NobWlkdCB5IEhlaW5yaWNoLg==
sykJ,,W0EgbWFuIG9mIFdhbHRlciBGYW1pbHldClRoYXQncyB3aHkgdGhlIFdhbHRlciBmYW1pbHkgYW5kIHRoZSBHYWVib2xnIEZhbWlseSBjYW4ndCBleGlzdCB0b2dldGhlci4gVGhlaXIgY28tZXhpc3RlbmNlIHdpbGwgYnJpbmcgZGVzdHJ1Y3Rpb24gYXMgaXQgaGFzIGRvbmUgaW4gdGhlIHBhc3Qu,,,,,W01lbWJybyBkYSBGYW3DrWxpYSBXYWx0ZXJdClBvciBpc3NvIG1lc21vLCBXYWx0ZXIgZSBHYWVib2xnIG7Do28gcG9kZW0gY29leGlzdGlyLgpTdWEgdW5pw6NvIHRyYXLDoSBkZXN0cnVpw6fDo28g4oCUIGNvbW8gasOhIGFjb250ZWNldSBubyBwYXNzYWRvLg==,,W0hvbWJyZSBmYW1pbGlhIFdhbHRlcl0KRXMgcG9yIGVzbyBwb3IgbG8gcXVlIGxhcyBmYW1pbGlhcyBXYWx0ZXIgeSBHYWVib2xnIG5vIHB1ZWRlbiBjb2V4aXN0aXIuIFN1IGNvZXhpc3RlbmNpYSB0cmFlcsOhIGxhIGRlc3RydWNjacOzbiwgYWwgaWd1YWwgcXVlIGxvIGhpem8gZW4gZWwgcGFzYWRvLg==
tCkJ,,W0EgbWFuIG9mIFJpZWhhcnQgRmFtaWx5XQpUaGFua3MgZm9yIHRoYXQuIEl0J3MgZ29vZCB0byBnby4gQWxsIHRoZSBwZW9wbGUgd2hvIGtub3cgb2YgdGhlIHBhc3Qgd2lsbCBkZW55IHRvIGJlIGluIGxlYWd1ZSB3aXRoIEFocnVtIG9yIEVybnN0Lg==,,,,,W01lbWJybyBkYSBGYW3DrWxpYSBSaWNoYXJkXQpPYnJpZ2FkbyBwb3IgaXNzby4gRXN0w6EgdHVkbyBjZXJ0by4gVG9kYXMgYXMgcGVzc29hcyBxdWUgY29uaGVjZW0gbyBwYXNzYWRvIHbDo28gbmVnYXIgcXVhbHF1ZXIgYWxpYW7Dp2EgY29tIEFocnVtIG91IEVybnN0Lg==,,W0hvbWJyZSBmYW1pbGlhIFJpZWhhcnRdCkdyYWNpYXMuIFlhIGVzdMOhIGxpc3RvLiBUb2RhIGxhIGdlbnRlIHF1ZSBzYWJlIHNvYnJlIHN1IHBhc2FkbyBzZSBuZWdhcsOhIGEgZm9ybWFyIHVuYSBhbGlhbnphIGNvbiBBaHJ1bSBvIEVybnN0Lg==
tSkJ,,W0EgbWFuIG9mIFdhbHRlciBGYW1pbHldCkFueXdheSwgd2UgZ290IGEgbGl0dGxlIGJpdCBtb3JlIHRpbWUuIEtlZXAgdGhlIHNlY3JldCB0aG9yb3VnaGx5OyBub3QgdG8gdGVsbCBhbnlvbmUu,,,,,W01lbWJybyBkYSBGYW3DrWxpYSBXYWx0ZXJdCkRlIHF1YWxxdWVyIGZvcm1hLCBhaW5kYSB0ZW1vcyB1bSBwb3VjbyBkZSB0ZW1wby4KTWFudGVuaGEgdHVkbyBlbSBzZWdyZWRvIOKAlCBuw6NvIGNvbnRlIGEgbmluZ3XDqW0u,,W0hvbWJyZSBmYW1pbGlhIFdhbHRlcl0KRGUgdG9kb3MgbW9kb3MsIG5vcyBxdWVkYSB1biBwb2NvIG3DoXMgZGUgdGllbXBvLiBOaSBzZSB0ZSBvY3VycmEgY29udGFybGUgYSBhbGd1aWVuIGVzdGUgc2VjcmV0by4=
tikJ,,W0EgbWFuIG9mIFJpZWhhcnQgRmFtaWx5XQpZZXMuIEZvciB0aGUgZ2xvcnkgb2YgUnVuZS1NaWRnYXJ0cy4=,,,,,W01lbWJybyBkYSBGYW3DrWxpYSBSaWNoYXJkXQpTaW0uIFBhcmEgYSBnbMOzcmlhIGRlIFJ1bmUtTWlkZ2FyZC4=,,W0hvbWJyZSBmYW1pbGlhIFJpZWhhcnRdClPDrS4gUG9yIGxhIGdsb3JpYSBkZSBSdW5lLU1pZGdhcnRzLg==
tykJ,,W0EgbWFuIG9mIFdhbHRlciBGYW1pbHldCkFsbCB0aGUgZ2xvcnkgZm9yIFJ1bmUtTWlkZ2FydHMuCkhtbT8=,,,,,W01lbWJybyBkYSBGYW3DrWxpYSBXYWx0ZXJdClRvZGEgYSBnbMOzcmlhIHBhcmEgUnVuZS1NaWRnYXJkLgpIbW0/,,W0hvbWJyZSBmYW1pbGlhIFdhbHRlcl0KVG9kYSBsYSBnbG9yaWEgcGFyYSBSdW5lLU1pZGdhcnRzLgrCv01tbT8=
uCkJ,,W0EgbWFuIG9mIFdhbHRlciBGYW1pbHldClF1aWV0Li4uIFNvbWVvbmUgY29tZXMuCk9rLi4uIHRha2UgY2FyZS4=,,,,,W01lbWJybyBkYSBGYW3DrWxpYSBXYWx0ZXJdClNpbMOqbmNpby4uLiBBbGd1w6ltIHNlIGFwcm94aW1hLgpPay4uLiBzZSBjdWlkZS4=,,W0hvbWJyZSBmYW1pbGlhIFdhbHRlcl0KU2lsZW5jaW/igKYgVmllbmUgYWxndWllbi4KRXN0w6EgYmllbuKApiBjdcOtZGF0ZS4=
uSkJ,,W0EgbWFuIG9mIFJpZWhhcnQgRmFtaWx5XQpOZXZlciBtaW5kLi4u,,,,,W01lbWJybyBkYSBGYW3DrWxpYSBSaWVoYXJ0XQpEZWl4ZSBwcmEgbMOhLi4u,,W0hvbWJyZSBmYW1pbGlhIFJpZWhhcnRdCk5vIGltcG9ydGHigKY=
uikJ,,W3t9XQooV2FsdGVyIGlzIHRoZSBuYW1lIG9mIEFocnVtLgpSaWNoYXJkIGlzIHRoZSBuYW1lIG9mIFBvZS4p,,,,,W3t9XQooV2FsdGVyIMOpIG8gbm9tZSBkZSBBaHJ1bS4KUmljaGFyZCDDqSBvIG5vbWUgZGUgUG9lLik=,,W3t9XQooV2FsdGVyIGVzIGVsIGFwZWxsaWRvIGRlIEFocnVtLgpSaWNoYXJkIGVzIGVsIGFwZWxsaWRvIGRlIFBvZSku
uykJ,,W3t9XQooSXMgdGhpcyB0aGUgY29uc3BpcmFjeSBvZiB0d28gZmFtaWxpZXM/IFdoYXQgdGhlIGhlbGwuLi4/KQ==,,,,,W3t9XQooSXNzbyDDqS4uLiB1bWEgY29uc3BpcmHDp8OjbyBlbnRyZSBkdWFzIGZhbcOtbGlhcz8gTWFzIG8gcXXDqi4uLj8p,,W3t9XQrCv0FjYXNvIGVzdGEgZXMgdW5hIGNvbnNwaXJhY2nDs24gZW50cmUgbGFzIGRvcyBmYW1pbGlhcz8gwr9RdcOpIGRlbW9uaW9z4oCmPyku
vCkJ,,WW91bmcgTm9ibGU=,,,,,Tm9icmUgSm92ZW0=,,WW91bmcgTm9ibGU=
vSkJ,,W1lvdW5nIE5vYmxlXQpTdGVwIGFzaWRlLgpIb3cgZGFyZSB5b3UgdGFsayB0byBoaW0/,,,,,W0pvdmVtIE5vYnJlXQpTYWlhIGRhIGZyZW50ZS4KQ29tbyBvdXNhIGZhbGFyIGNvbSBlbGU/,,W0pvdmVuIG5vYmxlXQpIYXp0ZSBhIHVuIGxhZG8uCsK/Q8OzbW8gdGUgYXRyZXZlcyBhIGhhYmxhciBjb24gw6lsPw==
vikJ,,QWdlZCBOb2JsZQ==,,,,,Tm9icmUgSWRvc28=,,QWdlZCBOb2JsZQ==
vykJ,,W0FnZWQgTm9ibGVdCkhtbS1obW0uCldoYXQgYW4gaW5kZWNvcm91cyBwZXJzb24h,,,,,W05vYnJlIElkb3NvXS4KSG1tLWhtbS4KUXVlIHBlc3NvYSBpbmRlY29yb3NhIQ==,,W0FuY2lhbm8gbm9ibGVdCkFqw6EuCsKhUXXDqSBwZXJzb25hIG3DoXMgaW5kZWNvcm9zYSE=
wCkJ,,W0FocnVtXQpJIHRvbGQgeW91IHRoYXQgSSBkb24ndCB3YW50IHRvIGJlIGtpbmcsIGFuZCBJIGRvbid0IGhhdmUgYW55IGludGVudGlvbiB0byBjaGFuZ2UgbXkgbWluZCE=,,,,,W0FocnVtXQpFdSBqw6EgZGlzc2UgcXVlIG7Do28gcXVlcm8gc2VyIHJlaSwgZSBuw6NvIHRlbmhvIGEgbmVuaHVtYSBpbnRlbsOnw6NvIGRlIG11ZGFyIGRlIGlkZWlhIQ==,,W0FocnVtXQpUZSBkaWplIHF1ZSBubyBxdWllcm8gc2VyIHJleSB5IG5vIHRlbmdvIG5pbmd1bmEgaW50ZW5jacOzbiBkZSBjYW1iaWFyIGRlIG9waW5pw7NuLg==
wSkJ,,W0FocnVtXQpTdWZmZXJpbmc/IE1lPy4uQWFhaGhoLi4uIEl0IGxvb2tzIHNvLi4uPyBZZWFoaC4uLiBZZXMsIGl0IGRvZXMuIFN0cmVzc2Z1bC4uLkh1aHVodS4uLkhhaGFoYSEh,,,,,W0FocnVtXQpTb2ZyZW5kbz8gRXU/Li4uIEFhYWhoaC4uLgpQYXJlY2UgaXNzby4uLj8uLi7DiS4uLlNpbSwgcGFyZWNlLiBRdWUgZXN0cmVzc2UuLi4gSHVodWh1Li4uIEhhaGFoYSE=,,W0FocnVtXQrCv1N1ZnJpcj8gwr9Zbz8gQWFhaGho4oCmIMK/THVjZSB0YW7igKY/IFPDreKApiBBc8OtIGVzLiBFc3RyZXNhbnRl4oCmIEplLCBqZSwgamXigKYgwqFKYSwgamEsIGphIQ==
wikJ,,LSBBaHJ1bSBjYXN1YWxseSB0aHJvd3MgYSBCYXplcmFsZCB0byBFcm5zdC4t,,,,,LSBBaHJ1bSBqb2dhIGNhc3VhbG1lbnRlIHVtIEJhemVyYWxkIHBhcmEgRXJuc3QuLQ==,,KEFocnVtIGxlIGxhbnrDsyB1bmEgQmF6ZXJhbGQgYSBFcm5zdCku
wykJ,,W0VybnN0XQpFaD8uLi4gV2hhdCdzIHRoaXMgYWJvdXQ/Li4uIEEgQmF6ZXJhbGQgb2YgV2FsdGVyIGZhbWlseT8uLi5XaHk/Li4u,,,,,W0VybnN0XQpFaD8uLi4gTyBxdWUgw6kgaXNzbz8uLi4gVW0gQmF6ZXJhbGQgZGEgZmFtw61saWEgV2FsdGVyPy4uLiBQb3IgcXXDqj8uLi4=,,W0VybnN0XQrCv0Vo4oCmPyDCv0RlIHF1w6kgc2UgdHJhdGEgdG9kbyBlc3Rv4oCmPyDCv1VuYSBCYXplcmFsZCBkZSBsYSBmYW1pbGlhIFdhbHRlcuKApj8gwr9Qb3IgcXXDqeKApj8=
xCkJ,,W0FocnVtXQpOb3cgdGhpcyBpcyBwZXJmZWN0IHRpbWluZy4gRXZlbiBvdXIgd2l0bmVzcyBpcyBoZXJlISBFcm4sIHlvdSByZW1lbWJlciBvdXIgcHJvbWlzZSBjbGVhcmx5LCByaWdodD8=,,,,,W0FocnVtXQpDaGVnb3UgbyBtb21lbnRvIHBlcmZlaXRvLgpBdMOpIG5vc3NhIHRlc3RlbXVuaGEgZXN0w6EgYXF1aSEKRXJuLCB2b2PDqiBzZSBsZW1icmEgZGEgbm9zc2EgcHJvbWVzc2EsIG7Do28gw6k/,,W0FocnVtXQpFc3RlIGVzIGVsIG1vbWVudG8gaWRlYWwuIMKhSGFzdGEgdGVuZW1vcyB1biB0ZXN0aWdvIHByZXNlbnRlISBFcm4sIHJlY3VlcmRhcyBudWVzdHJhIHByb21lc2EsIMK/dmVyZGFkPw==
xSkJ,,W0VybnN0XQpXaGF0PyBQcm9taXNlPyBXaXRuZXNzPy4uLkFoaC4uLiBSZS1yZWFsbHkuLi4=,,,,,W0VybnN0XQpPIHF1w6o/IFByb21lc3NhPyBUZXN0ZW11bmhhPy4uLiBBaGguLi4gTWVzbW8uLi4=,,W0VybnN0XQrCv1F1w6k/IMK/UHJvbWVzYT8gwr9UZXN0aWdvPyDigKZBaOKApiDCv0Rl4oCmIGRlIHZlcmRhZOKApj8=
xikJ,,W0VybnN0XQpCLWJ1dCwgeW91IGNhbiBsaXZlIGFzIHlvdSBhcmUhIEFzIGlmIG5vdGhpbmcgaGFwcGVuZWQuIFlvdSBhcmUganVzdCBuZWVkZWQgdG8gcmV0dXJuIHRvIHRoZSB3YXkgeW91IHdlcmUgYmVmb3JlLiBCcm90aGVyLCBsZXQgbWUgaGVscCB5b3UuIFRlbGwgbWUgZXZlcnl0aGluZyB5b3UgaGlkZS4uLg==,,,,,W0VybnN0XQpNYXMuLi4gbWFzLCB2b2PDqiBwb2RlIHZpdmVyIGNvbW8gZXN0w6EhIENvbW8gc2UgbmFkYSB0aXZlc3NlIGFjb250ZWNpZG8uIFZvY8OqIHPDsyBwcmVjaXNhIHZvbHRhciBhIHNlciBvIHF1ZSBlcmEgYW50ZXMuIElybcOjbywgZGVpeGUtbWUgYWp1ZMOhLWxvLiBNZSBjb250ZSB0dWRvIG8gcXVlIHZvY8OqIGVzY29uZGUuLi4=,,W0VybnN0XQpQLXBlcm/igKYgwqFwdWVkZXMgdml2aXIgdGFsIGNvbW8gZXJlcyEgQ29tbyBzaSBubyBodWJpZXJhIHBhc2FkbyBuYWRhLiBTb2xvIG5lY2VzaXRhcyB2b2x2ZXIgYSBjb21vIHNvbMOtYXMgc2VyLiBIZXJtYW5vLCBkw6lqYW1lIGF5dWRhcnRlLiBEaW1lIHRvZG8gbG8gcXVlIHNpZW50ZXPigKY=
xykJ,,W0FocnVtXQpXaG9ldmVyIGJlIHRoZSBraW5nLApsZXQncyBtYWtlIFJ1bmUgTWlkZ2FydHMuLi4KdGhlIGJlc3QgY291bnRyeSBpbiB0aGUgd29ybGQsIGJ5IGhlbHBpbmcgZWFjaCBvdGhlci4=,,,,,W0FocnVtXQpTZWphIHF1ZW0gZm9yIG8gcmVpLCB2YW1vcyBmYXplciBkZSBSdW5lLU1pZGdhcmQuLi4gbyBtZWxob3IgcGHDrXMgZG8gbXVuZG8sIGFqdWRhbmRvIHVucyBhb3Mgb3V0cm9zLg==,,W0FocnVtXQpTZWEgcXVpZW4gc2VhIGVsIHJleSwKaGFnYW1vcyBkZSBSdW5lLU1pZGdhcnRz4oCmCmVsIG1lam9yIHBhw61zIGRlbCBtdW5kbyBjb24gZWwgYXBveW8gbXV0dW8u
yCkJ,,W0VybnN0XQpCcm90aGVyLCB5b3UgdGhpbmsgYWJvdXQgaGVsbC4KSXQgd2lsbCBuZXZlciBoYXBwZW4sIHNvLi4uCkRvbid0IHRhbGsgdGhhdCB3YXku,,,,,W0VybnN0XQpJcm3Do28sIHZvY8OqIGVzdMOhIHBlbnNhbmRvIGVtIHVtIGluZmVybm8uIElzc28gbnVuY2EgdmFpIGFjb250ZWNlciwgZW50w6NvLi4uIE7Do28gZmFsZSBkZXNzZSBqZWl0by4=,,W0VybnN0XQpIZXJtYW5vLCBwaWVuc2FzIGVuIGVsIHBlb3IgZGUgbG9zIGNhc29zLgpFc28gbnVuY2Egc3VjZWRlcsOhLCBhc8OtIHF1ZeKApgpObyBoYWJsZXMgYXPDrS4=
ySkJ,,W0FocnVtXQpZb3UgY2FtZSBoZXJlIGluIGdvb2QgdGltaW5nLgpXZSd2ZSBqdXN0IGRlY2lkZWQgdG8ga2lsbAp0aGUgb3RoZXIuLi4gaWYgb25lIG9mIHVzIGlzIGNvcnJ1cHQu,,,,,W0FocnVtXQpWb2PDqiBjaGVnb3UgZW0gYm9hIGhvcmEuIEFjYWJhbW9zIGRlIGRlY2lkaXIgcXVlIHVtIG1hdGFyw6EgbyBvdXRyby4uLiBzZSB1bSBkZSBuw7NzIGZvciBjb3Jyb21waWRvLg==,,W0FocnVtXQpMbGVnYXN0ZSBlbiBidWVuIG1vbWVudG8uCkFjYWJhbW9zIGRlIGRlY2lkaXIgbWF0YXIgYWwgb3Ryb+KApgpzaSB1bm8gZGUgbm9zb3Ryb3MgZXMgY29ycnVwdG8u
yikJ,,W0VybnN0XQpCYmIuLi4gQnJvdGhlcj8uLi4gWW91Li4uIHRvbGQgbWUgeW91IHdvdWxkIGtpbGwgbWUuLi4gWW91IGp1c3Qgd2FudGVkIHRvIGJlIGtpbGxlZCBieSBtZT8uLi4gQmJiLi4uYnJvdGhlcj8uLi4=,,,,,W0VybnN0XQpJci4uLiBJcm3Do28/Li4uIFZvY8OqLi4uIG1lIGRpc3NlIHF1ZSBpcmlhIG1lIG1hdGFyLi4uIFZvY8OqIHPDsyBxdWVyaWEgc2VyIG1vcnRvIHBvciBtaW0/Py4uLiBJci4uLiBpcm3Do28/Li4u,,W0VybnN0XQpIZeKApiDCv0hlcm1hbm/igKY/IE1l4oCmIGRpamlzdGUgcXVlIG1lIG1hdGFyw61hc+KApiDCv1NvbG8gcXVlcsOtYXMgcXVlIHRlIG1hdGFyYeKApj8gSGXigKYgwr9oZXJtYW5v4oCmPw==
yykJ,,W0VybnN0XQpCLi5Ccm90aGVyLi4sIGV2ZW4gbm93IGl0IGlzIG5vdCB0b28gbGF0ZSEgSWYgeW91IGdvIHRvIGEgaG9zcGl0YWwsIHlvdSBjYW4gYmUgcmVzdG9yZWQh,,,,,W0VybnN0XQpJLi4uSXJtw6NvLi4uIEFpbmRhIGTDoSB0ZW1wbyEgU2Ugdm9jw6ogZm9yIGEgdW0gbcOpZGljbywgYWluZGEgcG9kZSBzZXIgc2Fsdm8h,,W0VybnN0XQpILWhlcm1hbm/igKYsIMKhYcO6biBubyBlcyBkZW1hc2lhZG8gdGFyZGUhIFNpIHZhbW9zIGEgdW4gaG9zcGl0YWwsIHBvZHLDoXMgcmVjdXBlcmFydGUu
zCkJ,,W0FocnVtXQpIdWh1Li4uWW91IGRvbid0IG5lZWQgdG8ga25vdyB0aGF0LiBCeSB0aGUgd2F5LCB5b3Uga2VwdCB5b3VyIHByb21pc2UuLi4gWW91IHNob3VsZCBiZSBraW5nLi4uIEJ1dCBpZiB5b3UgYXJlIGxvc3QsIGFuZCB3YW5kZXIsIEkgd2lsbCBjb21lIGtpbGwgeW91IGF0IGFueSB0aW1lLi4uIGZyb20gaGVsbC4=,,,,,W0FocnVtXQpIdWh1Li4uIFZvY8OqIG7Do28gcHJlY2lzYSBzYWJlciBkaXNzby4gVm9jw6ogY3VtcHJpdSBzdWEgcHJvbWVzc2EuLi4gVm9jw6ogZGV2ZSBzZXIgbyByZWkuLi4gTWFzIHNlIHZvY8OqIHNlIHBlcmRlciwgc2UgZGVzdmlhci4uLiBFdSB2b2x0YXJlaSBwYXJhIHRlIG1hdGFyLi4uIERpcmV0byBkbyBpbmZlcm5vISE=,,W0FocnVtXQpVZ2jigKYgTm8gbmVjZXNpdGFzIHNhYmVybG8uIFBvciBjaWVydG8sIGN1bXBsaXN0ZSB0dSBwcm9tZXNh4oCmIERlYmVyw61hcyBzZXIgcmV54oCmIFBlcm8sIHNpIHRlIHBpZXJkZXMgZW4gZWwgY2FtaW5vLCB2b2x2ZXLDqSBhIG1hdGFydGXigKYgwqFkZXNkZSBlbCBpbmZpZXJubyE=
zSkJ,,W0FocnVtXQpZb3UgZG9uJ3QgbmVlZCB0by4uLiBXaGF0IHlvdSBoYXZlIHRvIGtub3cgYWJvdXQgaXMgdGhhdCB0aGVyZSB3YXMgYSBzYWNyaWZpY2UgZnJvbSBtZS4gVG8gbWFrZSBteSBkZWF0aCBtZWFuaW5nZnVsLCB5b3Ugc2hvdWxkIGJlIGEgZ29vZCBraW5nLiBUaGF0J3MgbXkgY29udmljdGlvbi4uLiBUaGF0J3MgaXQuLmd1ay4uISBEb24ndCBmb3JnZXQgbXkgd29yZHMuLi4gZ3Vra3VrLg==,,,,,W0FocnVtXQpWb2PDqiBuw6NvIHByZWNpc2EuLi4gTyBxdWUgdm9jw6ogcHJlY2lzYSBlbnRlbmRlciDDqSBxdWUgaG91dmUgdW0gc2Fjcmlmw61jaW8gZGEgbWluaGEgcGFydGUuIFBhcmEgcXVlIG1pbmhhIG1vcnRlIHRlbmhhIHNpZ25pZmljYWRvLCB2b2PDqiBkZXZlIHNlciB1bSBib20gcmVpLiBFc3NhIMOpIGEgbWluaGEgY29udmljw6fDo28uLi4gw4kgaXNzby4uLiBndWsuLi4hIE7Do28gZXNxdWXDp2EgZGFzIG1pbmhhcyBwYWxhdnJhcy4uLiBndWtrdWsu,,W0FocnVtXQpZIG5vIGVzIG5lY2VzYXJpbyBxdWUgbG8gc2VwYXPigKYgTG8gw7puaWNvIHF1ZSBkZWJlcyBzYWJlciBlcyBxdWUgaHVibyB1biBzYWNyaWZpY2lvIGRlIG1pIHBhcnRlLiBQYXJhIHF1ZSBtaSBtdWVydGUgdGVuZ2Egc2VudGlkbywgZGViZXMgc2VyIHVuIGJ1ZW4gcmV5LiBFc2EgZXMgbWkgY3JlZW5jaWHigKYgRXNvIGVz4oCmIMKhVWdo4oCmISBObyBvbHZpZGVzIG1pcyBwYWxhYnJhc+KApiBVZ2gu
zikJ,,W0FocnVtXQpBaGguLi4gQXBwcmFpc2VyLCBkbyB5b3Uga25vdyB3aGF0IHlvdSBoYXZlIHRvIGRvPyBCZSBtaW5kZnVsIG9mIHlvdXIgd29yZHMuIEFib3V0IHdoYXQgeW91IHNhdywgd2hhdCB5b3UgaGVhcmQuLi4gWW91IG11c3Qgbm90IHRlbGwgb2YgeW91ciBleHBlcmllbmNlIHRvIHRoZSBpbnNwZWN0b3Iu,,,,,W0FocnVtXQpBaGguLi4gQXZhbGlhZG9yLCB2b2PDqiBzYWJlIG8gcXVlIHRlbSBxdWUgZmF6ZXI/IFByZXN0ZSBhdGVuw6fDo28gZW0gc3VhcyBwYWxhdnJhcy4gU29icmUgbyBxdWUgdm9jw6ogdml1LCBvIHF1ZSB2b2PDqiBvdXZpdS4uLiBWb2PDqiBuw6NvIGRldmUgY29udGFyIGlzc28gYW8gaW5zcGV0b3Iu,,W0FocnVtXQpBaGjigKYgRXZhbHVhZG9yLCDCv3NhYmVzIGxvIHF1ZSB0aWVuZXMgcXVlIGhhY2VyPyBUZW4gY3VpZGFkbyBjb24gdHVzIHBhbGFicmFzLiBTb2JyZSBsbyBxdWUgdmlzdGUsIHNvYnJlIGxvIHF1ZSBlc2N1Y2hhc3Rl4oCmIE5vIGxlIGRlYmVzIGNvbnRhciB0dSBleHBlcmllbmNpYSBhbCBpbnNwZWN0b3Iu
zykJ,,W0FocnVtXQpFcm4ga2lsbGVkIGEgdmlsbGFpbiBoZXJlIHdobyBidWxsaWVkIGFyb3VuZC4gSSBoYWQgbm8gY2hhbmNlLi4uIEhlIHNob3dlZCBkZWNpc2l2ZSBhY3Rpb24sIGFuZCB0aGF0IHdpbGwgZGVzZXJ2ZSBoaW0gdGhlIHJpZ2h0IHRvIGJlIGtpbmcuLi4=,,,,,W0FocnVtXQpPIEVybiBtYXRvdSB1bSB2aWzDo28gYXF1aSBxdWUgZXNwYWxoYXZhIG8gY2Fvcy4gRXUgbsOjbyB0aXZlIGNoYW5jZS4uLiBFbGUgYWdpdSBjb20gZGVjaXPDo28sIGUgaXNzbyBvIHRvcm5hIGRpZ25vIGRlIHNlciByZWkuLi4=,,W0FocnVtXQpFcm4gbWF0w7MgYSB1biB0cmFpZG9yIHF1ZSBzb2xvIG9jYXNpb25hYmEgcHJvYmxlbWFzLiBObyB0dXZlIG9wb3J0dW5pZGFk4oCmIE1vc3Ryw7MgdW5hIGFjY2nDs24gZGVjaXNpdmEgeSBlc28gaGFjZSBxdWUgbWVyZXpjYSBlbCBkZXJlY2hvIGEgc2VyIHJleeKApg==
0CkJ,,W0FocnVtXQpJZ25vcmFuY2UuLi4gaXMgcG9zaXRpdmUuLi4KSXQgbWVhbnMuLi4gTXkgYmlkLi4uIGlzIHN1Y2Nlc3NmdWwuLi4=,,,,,W0FocnVtXQpBIGlnbm9yw6JuY2lhLi4uIMOpIGFsZ28gcG9zaXRpdm8uLi4gU2lnbmlmaWNhIHF1ZS4uLiBNaW5oYSBhcG9zdGEuLi4gRGV1IGNlcnRvLi4u,,W0FocnVtXQpPam9zIHF1ZSBubyB2ZW7igKYgY29yYXrDs24gcXVlIG5vIHNpZW50ZeKApgpFc3RvIHNpZ25pZmljYeKApiBRdWUgbWkgb2ZlcnRh4oCmIHR1dm8gw6l4aXRv4oCm
0SkJ,,W0FocnVtXQpOb3cuLi4gSSBjYW4gZGllLi4uIGluIHBlYWNlLi4uIFRoYW5rLi4uIHlvdSB2ZXJ5Li4uIG11Y2gsIGJvdGguLi4gb2YgeW91Lg==,,,,,W0FocnVtXQpBZ29yYS4uLiBQb3NzbyBtb3JyZXIuLi4gZW0gcGF6Li4uIE11aXRvLi4uIG9icmlnYWRvLCB2b2PDqnMgZG9pcy4uLg==,,W0FocnVtXQpBaG9yYeKApiBQdWVkbyBtb3JpcuKApiBlbiBwYXrigKYgTXVjaGFz4oCmIGdyYWNpYXPigKYgYSBhbWJvcy4=
0ikJ,,W0FocnVtXQpUaGVuLCBwZXJwZXR1YWxseS4uLiBCeWUuLi4KLi4uLi4uLi4uLi4u,,,,,W0FocnVtXQpFbnTDo28sIHBhcmEgc2VtcHJlLi4uIEFkZXVzLi4uCi4uLi4uLi4uLi4uLg==,,W0FocnVtXQpFbnRvbmNlcywgZXN0ZSBlcyB1biBhZGnDs3PigKYgcGFyYSBzaWVtcHJl4oCmCi4uLi4uLi4uLi4uLg==
0ykJ,,W0FocnVtXQpTb3JyeSAuLi4gbm93IEkgY2FuJ3QgZ28gZmlzaGluZy4=,,,,,W0FocnVtXQpEZXNjdWxwZS4uLiBhZ29yYSBuw6NvIHBvc3NvIGlyIHBlc2Nhci4=,,W0FocnVtXQpMbyBzaWVudG/igKYgWWEgbm8gcG9kcsOpIGlyIGEgcGVzY2FyLg==
1CkJ,,W0FocnVtXQpNb3Jvbi4gWW91J2xsIG5ldmVyIGJlIGEga2luZy4gQWxsIHRocm91Z2hvdXQgeW91ciBsaWZlLi4uIERvbid0IHlvdSBrbm93IGl0PyBTdWNoIGEganVuayBhZGRpY3QhIQ==,,,,,W0FocnVtXQpJZGlvdGEuIFZvY8OqIG51bmNhIHNlcsOhIHJlaS4gSWRpb3RhLiBWb2PDqiBudW5jYSBzZXLDoSByZWkuIEVtIHRvZGEgc3VhIHZpZGEuLi4gTsOjbyBwZXJjZWJlPwpVbSB2aWNpYWRvIGluw7p0aWwhIQ==,,W0FocnVtXQpJbWLDqWNpbC4gTnVuY2Egc2Vyw6FzIHJleS4gRHVyYW50ZSB0b2RhIHR1IHZpZGHigKYgwr9RdWUgbm8gdGUgZGFzIGN1ZW50YT8gwqFTb2xvIGVyZXMgdW4gYWRpY3RvIQ==
1SkJ,,W0VyaWNoXQouLi5JIGFtIG5vdCB0cnlpbmcgdG8gYmUsIGJ1dCBzd2VhciB3b3JkcyBkb24ndCBtYWtlIG1lIGZlZWwgdmVyeSBnb29kLiBXaGF0J3Mgd3Jvbmcgd2l0aCB5b3UgYWxsIG9mIGEgc3VkZGVuPw==,,,,,W0VyaWNoXQouLi5Ow6NvIGVzdG91IHRlbnRhbmRvIHNlciwgbWFzIHhpbmdhbWVudG9zIG7Do28gbWUgZmF6ZW0gYmVtLiBPIHF1ZSBow6EgZGUgZXJyYWRvIGNvbSB2b2PDqiBkZSByZXBlbnRlPw==,,W0VyaWNoXQrigKZObyBxdWllcm8gc2VybG8sIHBlcm8gcXVlIG1lIGhhYmxlcyBkZSBlc2EgbWFuZXJhIG5vIG1lIHNpZW50YSBiaWVuLiDCv1BvciBxdcOpIGFjdMO6YXMgYXPDrSBkZSByZXBlbnRlPw==
1ikJ,,W0FocnVtXQpJIGFtIGp1c3QgZmVkIHVwIHdpdGggeW91LiBFdmVuIGEgamVyayBsaWtlIHlvdSBpcyBhIGNhbmRpZGF0ZSBmb3Iga2luZz8gSSBmZWVsIHNpY2sgYW5kIG5hdXNlYXRlZCBhYm91dCB0aGlzIGtpbmcgc3VjY2Vzc2lvbi4=,,,,,W0FocnVtXQpFc3RvdSBmYXJ0byBkZSB2b2PDqi4gQXTDqSB1bSBpZGlvdGEgY29tbyB2b2PDqiDDqSBjYW5kaWRhdG8gYW8gdHJvbm8/IElzc28gbWUgZW5vamEuIE1lIGTDoSDDom5zaWEu,,W0FocnVtXQpFcyBzb2xvIHF1ZSBlc3RveSBoYXJ0byBkZSB0aS4gwr9Dw7NtbyBlcyBxdWUgdW4gaWRpb3RhIGNvbW8gdMO6IGVzIGNhbmRpZGF0byBhIHJleT8gRXN0YSBzdWNlc2nDs24gYWwgdHJvbm8gbWUgdGllbmUgZW5mZXJtby4=
1ykJ,,W0VyaWNoXQpZZWFoLCBpdCdzIG5vdCB0aGF0IHdyb25nLiBCdXQgSSBhbSB0aGUgcmVwcmVzZW50YXRpdmUgb2YgdGhlIE5lcmlvdXMgZmFtaWx5LiBJIGNhbm5vdCBzdGFuZCBmb3IgeW91ciBpbnN1bHRzLg==,,,,,W0VyaWNoXQrDiSwgdm9jw6ogbsOjbyBlc3TDoSB0w6NvIGVycmFkby4gTWFzIGV1IHNvdSBvIHJlcHJlc2VudGFudGUgZGEgZmFtw61saWEgTmVyaW91cy4gTsOjbyBwb3NzbyB0b2xlcmFyIHNldXMgaW5zdWx0b3Mu,,W0VyaWNoXQpTw60sIG5vIGVzdMOhcyBlcXVpdm9jYWRvLiBQZXJvIHNveSBlbCByZXByZXNlbnRhbnRlIGRlIGxhIGZhbWlsaWEgTmVyaW91cyB5LCBjb21vIHRhbCwgdGllbmVzIHF1ZSByZXNwZXRhcm1lLg==
2CkJ,,W0VyaWNoXQpJcyB5b3VyIGZhbWlseSBhd2FyZSBvZiB5b3VyIGNyYXp5IGFjdGlvbnM/IFlvdSBhcmUgcnVpbmluZyB5b3VyIG5hbWUsIGFuZCBvZiB5b3VyIGZhbWlseS4=,,,,,W0VyaWNoXQpTZXLDoSBxdWUgc3VhIGZhbcOtbGlhIHNhYmUgZGVzc2FzIGxvdWN1cmFzPwpWb2PDqiBlc3TDoSBtYW5jaGFuZG8gbyBwcsOzcHJpbyBub21lIOKAlCBlIG8gZGEgc3VhIGZhbcOtbGlhLg==,,W0VyaWNoXQrCv1R1IGZhbWlsaWEgZXN0w6EgY29uc2NpZW50ZSBkZSB0b2RhcyB0dXMgbG9jdXJhcz8gRXN0w6FzIGFycnVpbmFuZG8gdHUgbm9tYnJlIHkgZWwgZGUgdHUgZmFtaWxpYS4=
2SkJ,,W0FocnVtXQouLi4hIFllcy4uLiBJIGdpdmUgYSBjcmFwLiBOby4uLiBNeSBleGlzdGVuY2UgdG9vISBLdWt1a3UuLi5oYWhhaGFoYWhhIQ==,,,,,W0FocnVtXQouLi4hIFNpbS4uLiBFIHF1ZSBzZSBkYW5lLgpOYSB2ZXJkYWRlLi4uIHF1ZSBzZSBkYW5lIG1pbmhhIGV4aXN0w6puY2lhIHRhbWLDqW0hCkt1a3VrdS4uLiBoYWhhaGFoYWhhIQ==,,W0FocnVtXQrCoeKApiEgU8Ot4oCmIE1lIGltcG9ydGEgdW4gY29taW5vLiBOb+KApiDCoUFsIGlndWFsIHF1ZSBtaSBleGlzdGVuY2lhISBKZSwgamUsIGpl4oCmIMKhSmEsIGphLCBqYSwgamEsIGphIQ==
2ikJ,,W0FocnVtXQpZZXMsIHlvdSBhbmQgSSBhcmUgYm90aCBkaXNxdWFsaWZpZWQhIEhhaGFoYWhhISEgVGhlIGZyZWFraW5nIGFkZGljdCByZXZlYWxzIHRoZSB0cnV0aCEgWWVzLCBoYWhhaGFoYWhhaGEhIQ==,,,,,W0FocnVtXQpTaW0hIEV1IGUgdm9jw6ogZXN0YW1vcyBkZXNxdWFsaWZpY2Fkb3MhIEhhaGFoYWhhISEKTyBtYWxkaXRvIHZpY2lhZG8gcmV2ZWxhIGEgdmVyZGFkZSEgU2ltISEgSGFoYWhhaGFoYWhhISE=,,W0FocnVtXQrCoVPDrSEgwqFUw7ogeSB5byBlc3RhbW9zIGRlc2NhbGlmaWNhZG9zISDCoUphLCBqYSwgamEsIGphISDCoVBvciBmaW4sIGVsIG1hbGRpdG8gYWRpY3RvIHJldmVsYSBsYSB2ZXJkYWQhIMKhU8OtISDCocKhSmEsIGphLCBqYSwgamEsIGphLCBqYSEh
2ykJ,,W0VyaWNoXQouLi4gQ3JhenkgamVyay4gQmVhdCBpdC4gSSBkb24ndCB3YW50IHRvIHRhbGsgd2l0aCB5b3UgYW55bW9yZS4=,,,,,W0VyaWNoXQouLi5Mb3VjbyBkZSBwZWRyYS4gU29tZSBkYXF1aS4KTsOjbyBxdWVybyBtYWlzIGZhbGFyIGNvbSB2b2PDqi4=,,W0VyaWNoXQrigKYgRXN0w6FzIGxvY28uIEzDoXJnYXRlLiBZYSBubyBxdWllcm8gaGFibGFyIGNvbnRpZ28u
3CkJ,,W0FocnVtXQpZZXMsIEkgYW0gZ29pbmcgbm93LiBGYW1pbHkgc2hhbWU/ISEgSGFoYWhhaGEuLi4gV2hhdCBpcyBhIGZhbWlseSEhIEtra2trayEhIFZlcnkgaW50ZXJlc3Rpbmch,,,,,W0FocnVtXQpTaW0sIGrDoSBlc3RvdSBpbmRvLiBWZXJnb25oYSBkZSBmYW3DrWxpYT8hIEhhaGFoYWhhaGEuLi4gTyBxdWUgw6kgdW1hIGZhbcOtbGlhISEhIEtra2tra2trISEhIE11aXRvIGludGVyZXNzYW50ZSE=,,W0FocnVtXQpTw60sIHlhIG1lIHZveS4gwqHCv1ZlcmfDvGVuemEgZmFtaWxpYXI/ISBKYSwgamEsIGphLCBqYeKApiDCocK/UXXDqSBlcyB1bmEgZmFtaWxpYT8hIMKhSmUsIGplLCBqZSwgamUhIMKhT2hoIHF1w6kgaW50ZXJlc2FudGUh
3SkJ,,LUFocnVtLCBzZWVtcyB0byBiZSBvdXQgb2YgaGlzIG1pbmQsIGFzIGhlIGFwcHJvYWNoZXMgdGhlIGRvb3It,,,,,LUFocnVtIHBhcmVjZSB0ZXIgcGVyZGlkbyBjb21wbGV0YW1lbnRlIGEgc2FuaWRhZGUgZW5xdWFudG8gc2UgYXByb3hpbWEgZGEgcG9ydGEt,,KEFocnVtIHBhcmVjZSBlc3RhciBmdWVyYSBkZSBzw60gYSBtZWRpZGEgcXVlIHNlIGFjZXJjYSBhIGxhIHB1ZXJ0YSku
3ikJ,,W0VyaWNoXQouLi5OdXRzLg==,,,,,W0VyaWNoXQouLi5NYWx1Y28u,,W0VyaWNoXQrigKZRdcOpIGxvY3VyYS4=
3ykJ,,W1VydWdlbl0KV2hhdCBkaWQgeW91IHNheT8gQWhydW0/CkhleSEgV2hhdCBkaWQgeW91IGp1c3Qgc2F5IHRvIG1lPyBBaHJ1bT8h,,,,,W1VydWdlbl0KTyBxdWUgdm9jw6ogZGlzc2U/IEFocnVtPwpFaSEgTyBxdWUgdm9jw6ogYWNhYm91IGRlIGRpemVyIHBhcmEgbWltPyBBaHJ1bT8h,,W0p1cmdlbl0Kwr9RdcOpIGRpamlzdGU/IMK/QWhydW0/CsKhT3llISDCv1F1w6kgYWNhYmFzIGRlIGRlY2lybWU/IMKhwr9BaHJ1bT8h
4CkJ,,W0FocnVtXQpJIGNhbiBzYXkgaXQgYSB6aWxsaW9uIHRpbWVzISBVcnVnZW4sIHlvdSBhcmUgbm90IGJlYXV0aWZ1bCBhdCBhbGwhIE5vdCBldmVuIGEgYml0ISBJbiBmYWN0LCB5b3VyIGxvb2sgaXMgdmVyeSB1Z2x5IGFuZCBvYnNjZW5lIQ==,,,,,W0FocnVtXQpQb3NzbyByZXBldGlyIHVtIHppbGjDo28gZGUgdmV6ZXMhIFVydWdlbiwgdm9jw6ogbsOjbyDDqSBuZW0gdW0gcG91Y28gYmVsbyEgTmEgdmVyZGFkZSwgdm9jw6ogw6kgZmVpbyBlIG9ic2Nlbm8h,,W0FocnVtXQrCoVkgdGUgbG8gZGlyw6kgdW4gbWlsbMOzbiBkZSB2ZWNlcyEgwqFKdXJnZW4sIG5vIGVyZXMgcGFyYSBuYWRhIGhlcm1vc28hIMKhTmkgc2lxdWllcmEgdW4gcG9jbyEgRGUgaGVjaG8sIHR1IGFzcGVjdG8gZXMgbXV5IGZlbyB5IG9ic2Nlbm8u
4SkJ,,W1VydWdlbl0KVGhhdCdzIHZlcnkgcnVkZSEgSG93IGNvdWxkIGEgZGlydHkgZ2VybSBsaWtlIHlvdSB0YWxrIGxpa2UgdGhhdCB0byBtZSE=,,,,,W1VydWdlbl0KSXNzbyDDqSBtdWl0YSBncm9zc2VyaWEhIENvbW8gdW0gZ2VybWV6aW5obyBzdWpvIGNvbW8gdm9jw6ogdGVtIGNvcmFnZW0gZGUgZmFsYXIgYXNzaW0gY29taWdvPyE=,,W0p1cmdlbl0KwqFFcmVzIG11eSBncm9zZXJvISDCocK/Q8OzbW8gcHVlZGUgdW5hIGFzcXVlcm9zaWRhZCBjb21vIHTDuiBoYWJsYXJtZSBkZSBlc2EgbWFuZXJhPyE=
4ikJ,,W0FocnVtXQpEaXJ0eT8gWWVzLCBJIGFtLiBJIGFtIGRpcnR5LiBCdXQgaXQgaXMgbm90IGEgcHJvYmxlbSBvZiBtaW5lLiBFdmVyeXRoaW5nIGlzIGRpcnR5ISBJIGNhbm5vdCBzdGFuZCBpdCBhbnltb3JlIQ==,,,,,W0FocnVtXQpTdWpvPyBTaW0sIGVzdG91LiBTb3Ugc3Vqby4gTWFzIGVzc2UgbsOjbyDDqSB1bSBwcm9ibGVtYSBzw7MgbWV1LiBUdWRvIMOpIHN1am8hIEV1IG7Do28gYWd1ZW50byBtYWlzIGlzc28h,,W0FocnVtXQrCv0FzcXVlcm9zbz8gU8OtLCBsbyBzb3kuIFNveSBhc3F1ZXJvc28uIFBlcm8gbm8gZXMgdW4gcHJvYmxlbWEgbcOtby4gwqFUb2RvIGVzIHVuYSBhc3F1ZXJvc2lkYWQhIMKhTm8gbG8gc29wb3J0byBtw6FzIQ==
4ykJ,,W1VydWdlbl0KSG0hIEkgY2FuIGFncmVlIHdpdGggeW91ciB3b3JkcywgdGhlIHdvcmxkIGlzIG9ic2NlbmUsIGJ1dCB5b3UgY2Fubm90IGJyaW5nIG1lIGRvd24gdG8gdGhhdCBsZXZlbCEgSSBjYW5ub3QgZm9yZ2l2ZSB5b3VyIHdvcmRzISBOZXZlciwgZXZlciE=,,,,,W1VydWdlbl0KSG0hIEV1IGF0w6kgY29uY29yZG8gcXVlIG8gbXVuZG8gw6kgb2JzY2VubywgbWFzIHZvY8OqIG7Do28gcG9kZSBtZSByZWJhaXhhciBhdMOpIGVzc2UgbsOtdmVsIQpFdSBuw6NvIHBvc3NvIHBlcmRvYXIgc3VhcyBwYWxhdnJhcyEgTnVuY2EsIGphbWFpcyE=,,W0p1cmdlbl0KwqFNbW0hIEVzdG95IGRlIGFjdWVyZG8gY29uIGxvIHF1ZSBkaWNlcywgZWwgbXVuZG8gZXMgYXNxdWVyb3NvLCBwZXJvIG5vIHB1ZWRlcyByZWJhamFybWUgYSBlc2Ugbml2ZWwuIMKhTm8gcHVlZG8gcGVyZG9uYXIgdHVzIHBhbGFicmFzISDCoUphbcOhcyE=
5CkJ,,W0FocnVtXQpXaGF0IGlmIHlvdSBjYW4ndCBmb3JnaXZlIG1lPyBXaGF0IHNoYWxsIHlvdSBkbz8gVGhhdCdzIGdvb2QuIEFyZSB5b3UgZ29ubmEga2lsbCBtZT8gV2lsbCB5b3Uga2lsbCBtZT8gS2lsbCBtZT8gSGFoYT8gWW91IGFyZSBiZWluZyBjYWxsZWQgYmVhdXRpZnVsIG9ubHkgd2hlbiBjYWxsaW5nIHlvdXJzZWxmIQ==,,,,,W0FocnVtXQpFIHNlIHZvY8OqIG7Do28gcG9kZSBtZSBwZXJkb2FyPyBWYWkgZmF6ZXIgbyBxdcOqPyDDk3RpbW8uIFZhaSBtZSBtYXRhcj8gVmFpPyBIZWluPwpWb2PDqiDDqSBhIMO6bmljYSBwZXNzb2EgcXVlIHRlIGNoYW1hIGRlIGJlbG8u,,W0FocnVtXQrCv1kgcXXDqSBzaSBubyBwdWVkZXMgcGVyZG9uYXJtZT8gwr9RdcOpIGhhcsOhcz8gUXXDqSBiaWVuLiDCv01lIG1hdGFyw6FzPyDCv01lIG1hdGFyw6FzPyDCv01hdGFybWU/IMK/SmEsIGphPyDCoVNvbG8gdMO6IHRlIGxsYW1hcyBoZXJtb3NvIQ==
5SkJ,,W1VydWdlbl0KQWtrISBJIGNhbm5vdCBzdGFuZCB0aGlzISBTdWNoIGxvdyBiZWhhdmlvciBhbmQgd29yZHMgLi4uPyBZb3UgYXJlIG5vIHByaW5jZS4gSSBkb24ndCB3YW50IHRvIGZhY2UgeW91IGFueW1vcmUhIEdldCBvdXQgb2YgaGVyZSE=,,,,,W1VydWdlbl0KQWtrISBFdSBuw6NvIHN1cG9ydG8gaXNzbyEgVW0gY29tcG9ydGFtZW50byBlIHBhbGF2cmFzIHTDo28gYmFpeGFzLi4uPyBWb2PDqiBuw6NvIMOpIHVtIHByw61uY2lwZS4gTsOjbyBxdWVybyBuZW0gb2xoYXIgbmEgc3VhIGNhcmEhIFNhaWEgZGFxdWkh,,W0p1cmdlbl0KwqFBaCEgwqFObyBsbyBzb3BvcnRvISBRdcOpIGNvbXBvcnRhbWllbnRvIG3DoXMgYmFqbywgeSB0dXMgcGFsYWJyYXPigKYgTm8gZXJlcyB1biBwcsOtbmNpcGUuIMKhWWEgbm8gcXVpZXJvIHZlciB0dSByb3N0cm8gbnVuY2EgbcOhcyEgwqFGdWVyYSBkZSBhcXXDrSE=
5ikJ,,W0FocnVtXQpZb3UgZG9uJ3QgaGF2ZSBlbm91Z2ggcXVhbGl0eS4gWW91IGRvbid0IGhhdmUgYmVsaWVmIHRvIGVsaW1pbmF0ZSBldmlsLiBCeSB3aWxsLCB5b3UgYXJlIHJ1YmJpc2guIEkgZG9uJ3Qgd2FudCB0byBiZSB3aXRoIHJ1YmJpc2ggZWl0aGVyISBTdGF5IGluIHlvdXIgd29ybGQgZm9yZXZlciBhbmQgbmV2ZXIgY29tZSBvdXQgb2YgaXQh,,,,,W0FocnVtXQpWb2PDqiBuw6NvIHRlbSBxdWFsaWRhZGUgbmVuaHVtYS4gTsOjbyB0ZW0gZm9yw6dhIGRlIHZvbnRhZGUgcHJhIGVsaW1pbmFyIG8gbWFsLgpOYSB2b250YWRlLCB2b2PDqiDDqSBsaXhvLiBFIGV1IHRhbWLDqW0gbsOjbyBxdWVybyBlc3RhciBjb20gbGl4by4gRmlxdWUgbm8gc2V1IG11bmRvIHByYSBzZW1wcmUgZSBudW5jYSBtYWlzIHNhaWEgZGVsZSE=,,W0FocnVtXQpObyBlcmVzIGxvIHN1ZmljaWVudGVtZW50ZSBow6FiaWwuIE5vIHRpZW5lcyBsYSBjb252aWNjacOzbiBwYXJhIGVycmFkaWNhciBlbCBtYWwuIFBvciB2b2x1bnRhZCwgZXJlcyBiYXN1cmEuIMKhVGFtcG9jbyBxdWllcm8gZXN0YXIgY2VyY2EgZGUgbGEgYmFzdXJhISDCoVF1w6lkYXRlIGVuIHR1IG11bmRvIHBhcmEgc2llbXByZSB5IG51bmNhIHNhbGdhcyBkZSDDqWwh
5ykJ,,LUFocnVtIHN0cmlkZXMgb3V0IG9mIHRoZSByb29tLCBncnVtYmxpbmcuLi4t,,,,,LUFocnVtIHNhaSBtYXJjaGFuZG8gZGEgc2FsYSwgcmVzbXVuZ2FuZG8uLi4t,,KEFocnVtIGFiYW5kb25hIGxhIGhhYml0YWNpw7NuIGRhbmRvIHphbmNhZGFzLCBxdWVqw6FuZG9zZeKApiku
6CkJ,,W1VydWdlbl0KLi4uWW91IGFyZSBzbyBsb3cuIEkgbWlzanVkZ2VkIHlvdS4gWW91IGFyZSBub3Qgb2YgdGhlIGZldyB0aGF0IGhhdmUgYW4gYXJ0aXN0aWMgdmlldy4gSSB0b3RhbGx5IHNhdyB5b3UgdGhlIHdyb25nIHdheS4=,,,,,W1VydWdlbl0KLi4uVm9jw6ogw6kgdMOjbyBiYWl4by4gRXUgdGUganVsZ3VlaSBtYWwuIFZvY8OqIG7Do28gw6kgdW0gZG9zIHBvdWNvcyBjb20gdmlzw6NvIGFydMOtc3RpY2EuIEV1IG1lIGVuZ2FuZWkgY29tcGxldGFtZW50ZSBzb2JyZSB2b2PDqi4=,,W0p1cmdlbl0K4oCmRXJlcyBkZSBsbyBtw6FzIGJham8uIFRlIGp1emd1w6kgbWFsLiBObyBlcmVzIGRlIGxvcyBwb2NvcyBxdWUgdGllbmVuIHVuYSB2aXNpw7NuIGFydMOtc3RpY2EuIE1lIGVxdWl2b3F1w6kgYWwganV6Z2FyIHR1IHBlcnNvbmEu
6SkJ,,W0FocnVtXQpNaWxpdGFyeSBtYW5pYWMhIEplcmshIERvIHlvdSB0aGluayBwb3dlciBjYW4gc29sdmUgZXZlcnl0aGluZz8gSW4gYWxsIHNpdHVhdGlvbnMsIGRvIHlvdSB0aGluayBwZW9wbGUgY2FuIGxpdmUgcGVhY2VmdWxseT8h,,,,,W0FocnVtXQpNYW7DrWFjbyBtaWxpdGFyISBJZGlvdGEhCkFjaGEgcXVlIG8gcG9kZXIgcmVzb2x2ZSB0dWRvPyBRdWUgZW0gdG9kYSBzaXR1YcOnw6NvIG8gcG92byBwb2RlIHZpdmVyIGVtIHBhej8h,,W0FocnVtXQrCoUZhbsOhdGljbyBtaWxpdGFyISDCoUlkaW90YSEgwr9DcmVlcyBxdWUgZWwgcG9kZXIgcHVlZGUgcmVzb2x2ZXJsbyB0b2RvPyBZLCBjb24gZXN0byBwcmVzZW50ZSwgwqHCv2RlIHZlcmRhZCBjcmVlcyBxdWUgbGEgZ2VudGUgcHVlZGUgdml2aXIgZW4gcGF6PyE=
6ikJ,,W0hlbG11dF0KWW91IGFyZSBmdWxseSB2aW9sZW50IG5vdy4KQnkgeW91ciB0aGVvcnksIHlvdSBhcmUgYWxzbyBub3QgZWxpZ2libGUgZm9yIHRoZSBraW5nJ3MgcXVhbGl0eSE=,,,,,W0hlbG11dF0KQWdvcmEgdm9jw6ogZXN0w6EgY29tcGxldGFtZW50ZSB2aW9sZW50by4KUGVsYSBzdWEgcHLDs3ByaWEgbMOzZ2ljYSwgdm9jw6ogdGFtYsOpbSBuw6NvIMOpIGRpZ25vIGRlIHNlciByZWkh,,W0hlbG11dF0KRXN0w6FzIGRlbWFzaWFkbyB2aW9sZW50by4KRGUgYWN1ZXJkbyBhIHR1IHRlb3LDrWEsIHTDuiB0YW1wb2NvIGVyZXMgZWxlZ2libGUgcGFyYSBzZXIgcmV5Lg==
6ykJ,,W0FocnVtXQpZZXMsIHlvdSB0YWxrIHdlbGwuIEJhaCEKSSBkb24ndCBoYXZlIHF1YWxpdHkhIQpCdXQgeW91IGFyZSB3b3JzZSB0aGFuIG1lISBLaW5nIGNhbmRpZGF0ZT8/IFlvdSBhcmUganVzdCBhIHdhciBtb25nZXIh,,,,,W0FocnVtXQpJc3NvIG1lc21vLCBmYWxvdSBib25pdG8uIEJhaCEKRXUgbsOjbyBzb3UgZGlnbm8hCk1hcyB2b2PDqiDDqSBwaW9yIHF1ZSBldSEgQ2FuZGlkYXRvIGEgcmVpPz8gVm9jw6ogw6kgc8OzIHVtIGZvbWluaGEgZGUgZ3VlcnJhIQ==,,W0FocnVtXQpTw60sIHRpZW5lcyByYXrDs24uIMKhQmFoIQrCoU5vIHRlbmdvIGFwdGl0dWRlcyEKwqFQZXJvIHTDuiBlcmVzIHBlb3IgcXVlIHlvISDCv0NhbmRpZGF0byBhIHJleT8gwqFObyBlcmVzIG3DoXMgcXVlIHVuIGJlbGljaXN0YSE=
7CkJ,,W0hlbG11dF0KWW91IGhhdmUgY29tZSBoZXJlIHRvIG9mZmVuZCBtZT8gRG8geW91IHRoaW5rIHlvdSBjYW4gYmVhdCBtZSwgRWlnZW4gQWhydW0/IQ==,,,,,W0hlbG11dF0KVm9jw6ogdmVpbyBhcXVpIHBhcmEgbWUgb2ZlbmRlcj8gQWNoYSBxdWUgcG9kZSBtZSBkZXJyb3RhciwgRWlnZW4gQWhydW0/IQ==,,W0hlbG11dF0Kwr9WaW5pc3RlIGEgb2ZlbmRlcm1lPyDCocK/Q3JlZXMgcXVlIHB1ZWRlcyB2ZW5jZXJtZSwgRWlnZW4gQWhydW0/IQ==
7SkJ,,W0FocnVtXQpGaWdodD8gVGhhdCdzIHNvIHJ1YmJpc2guIEkgZG9uJ3QgY2FyZSBmb3IgaXQuIEkganVzdCBjYW1lIGhlcmUgdG8gc2hvb3Qgd2hhdCBJIHdhbnQgdG8gc2F5IHRvIHlvdS4gSSBkb24ndCBldmVuIGZlZWwgbGlrZSBmaWdodGluZyB3aXRoIHlvdS4gSSBhbSBsZWF2aW5nIQ==,,,,,W0FocnVtXQpMdXRhcj8gSXNzbyDDqSB1bWEgYmVzdGVpcmEuIE7Do28gbWUgaW1wb3J0byBjb20gaXNzby4gU1PDsyB2aW0gZGVzcGVqYXIgbyBxdWUgcXVlcmlhIGRpemVyLiBOZW0gdGVuaG8gdm9udGFkZSBkZSBicmlnYXIgY29tIHZvY8OqLiBFc3RvdSBpbmRvIGVtYm9yYSE=,,W0FocnVtXQrCv1BlbGVhcj8gUXXDqSB0b250ZXLDrWEuIE5vIG1lIGludGVyZXNhLiBTb2xvIHZpbmUgYSBkZWNpcnRlIGxvIHF1ZSBwaWVuc28gZGUgdGkuIE5pIHNpcXVpZXJhIHRlbmdvIGdhbmFzIGRlIHBlbGVhciBjb250aWdvLiDCoU1lIHZveSE=
7ikJ,,W0hlbG11dF0KSG9sZCBvbiwgY293YXJkISBBcmUgeW91IGZsZWVpbmcgbm93PyEgU3VjaCBhIGNvd2FyZCEgTGV0J3MgZmluaXNoIG91ciBiYXR0bGUh,,,,,W0hlbG11dF0KRXNwZXJlIGHDrSwgY292YXJkZSEgIFZhaSBmdWdpciBhZ29yYT8hIENvdmFyZGUhIFZhbW9zIHRlcm1pbmFyIGVzc2EgbHV0YSE=,,W0hlbG11dF0KwqFFc3BlcmEsIGNvYmFyZGUhIMKhwr9BaG9yYSBodXllcz8hIMKhUXXDqSBjb2JhcmRlISDCoVRlcm1pbmVtb3MgbnVlc3RyYSBwZWxlYSE=
7ykJ,,W0FocnVtXQpDb3dhcmQuLiB0aGF0J3MgYSB2ZXJ5IG5pY2Ugd29yZC4gWWVzLCBJIGFtLiBJIGFtIGxlYXZpbmcuIFRhLXRhaCEgWW91IGFyZSB3b3JzZSB0aGFuIGEgYmFkIGNvd2FyZC4uLmxpa2UgbWUhIEJ5ZS1ieWUgd2FyIG1vbmdlciE=,,,,,W0FocnVtXQpDb3ZhcmRlLi4uIGVzc2Egw6kgdW1hIGJvYSBwYWxhdnJhLiBTaW0sIGV1IHNvdS4gRXN0b3UgaW5kbyBlbWJvcmEuIFRjaGF1ISBWb2PDqiDDqSBwaW9yIHF1ZSB1bSBjb3ZhcmRlIGNvbW8gZXUhIEFkZXVzLCBmb21pbmhhIGRlIGd1ZXJyYSE=,,W0FocnVtXQpDb2JhcmRl4oCmIEVzIHVuYSBwYWxhYnJhIG11eSBib25pdGEuIFPDrSwgbG8gc295LiBNZSB2b3kuIMKhQWRpw7NzISDCoUVyZXMgcGVvciBxdWUgdW4gY29iYXJkZeKApiBjb21vIHlvISDCoUFkacOzcywgYmVsaWNpc3RhIQ==
8CkJ,,LUFocnVtIGdyaW5zIHdpdGggYSB2YWd1ZSBmZWVsaW5nIHRvd2FyZHMgYW4gaXJyaXRhdGVkIEhlbG11dCwgYW5kIGxlYXZlcyB0aGUgcm9vbS4t,,,,,LUFocnVtIHNvcnJpIGNvbSB1bWEgZXhwcmVzc8OjbyB2YWdhLCBlbmNhcmFuZG8gbyBpcnJpdGFkbyBIZWxtdXQsIGUgc2FpIGRhIHNhbGEuLQ==,,KEFocnVtIGxlIHNvbnLDrWUgZGUgbWFuZXJhIGxldmUgYSBIZWxtdXQsIHF1ZSBzZSB2ZSBpcnJpdGFkbywgeSBhYmFuZG9uYSBsYSBoYWJpdGFjacOzbiku
8SkJ,,W0hlbG11dF0KVGhhdCBpcy4uLiBzdWNoIGEgdmlsbGFpbiEhIQ==,,,,,W0hlbG11dF0KRXNzZSBjYXJhLi4uIMOpIHVtIHZlcmRhZGVpcm8gdmlsw6NvISEh,,W0hlbG11dF0KRXPigKYgwqFFcyB0b2RvIHVuIHZpbGxhbm8h
8ikJ,,W0FocnVtXQpZb3UgYWx3YXlzIGNhcmUgYWJvdXQgZ2FtYmxpbmcuIEJ1dCwgd2h5IGRvbid0IHlvdSBjYXJlIGFib3V0IHlvdXIgc3Vycm9uZGluZ3MgZmlyc3QsIGVoPyBZb3VuZyBtYXN0ZXIgb2YgUmljaGFyZD8=,,,,,W0FocnVtXQpWb2PDqiB2aXZlIGZhbGFuZG8gZGUgYXBvc3Rhcy4KTWFzIHBvciBxdWUgbsOjbyBvbGhhIGFvIHNldSByZWRvciBwcmltZWlybywgaGVpbj8gSm92ZW0gbWVzdHJlIGRhIGZhbcOtbGlhIFJpY2hhcmQ/,,W0FocnVtXQpMbyDDum5pY28gcXVlIHRlIGludGVyZXNhIGVzIGFwb3N0YXIuIFBlcm8gwr9ubyBkZWJlcsOtYXMgcHJlb2N1cGFydGUgcG9yIHR1IGVudG9ybm8gZW4gcHJpbWVyIGx1Z2FyPyDCv0pvdmVuIG1hZXN0cm8gZGUgUmljaGFyZD8=
8ykJ,,W1BvZV0KV2h5IGFyZSB5b3UgdGVhc2luZyBtZSwgbm93PyBBdCBsZWFzdCBJIGZlZWwgSSBoYXZlIGRpY2Ugd2l0aCBoaWdoZXIgbnVtYmVycyB0aGFuIHlvdS4uLiBZb3UgZG9uJ3QgdGhpbmsgc28/,,,,,W1BvZV0KUG9yIHF1ZSBlc3TDoSBtZSBwcm92b2NhbmRvIGFnb3JhPyBQZWxvIG1lbm9zIHNpbnRvIHF1ZSB0ZW5obyBkYWRvcyBjb20gbsO6bWVyb3MgbWFpcyBhbHRvcyBxdWUgb3Mgc2V1cy4uLiBOw6NvIGFjaGE/,,W1BvZV0Kwr9Qb3IgcXXDqSB0ZSBidXJsYXMgZGUgbcOtIGFob3JhPyBBbCBtZW5vcyBjcmVvIHF1ZSB0ZW5nbyBkYWRvcyBjb24gbsO6bWVyb3MgbcOhcyBhbHRvcyBxdWUgdMO64oCmIMK/Tm8gbG8gY3JlZXM/
9CkJ,,W0FocnVtXQpQb3NoISBZb3Uga2VlcCB0YWxraW5nIGFib3V0IGRpY2UuIExpc3Rlbi4gWW91IGNhbiBmZWVsIHRoYXQgSSByb2xsIGxvd2VyIG51bWJlcnMgb2YgZGljZSB0aGFuIHlvdS4uLiBCdXQgeW91IGhhdmUgYWxyZWFkeSBmYWlsZWQgYmVmb3JlIHRoZSByb2xsIG9mIHlvdXIgZGljZSEgRG8geW91IGtub3cgdGhhdD8h,,,,,W0FocnVtXQpCYWghIEZpY2EgZmFsYW5kbyBkZSBkYWRvcy4KT3XDp2EuIFZvY8OqIHBvZGUgYXTDqSBzZW50aXIgcXVlIGV1IHJvbGVpIG7Dum1lcm9zIGJhaXhvcy4uLgpNYXMgdm9jw6ogasOhIHBlcmRldSBhbnRlcyBtZXNtbyBkZSByb2xhciBvcyBzZXVzISBTYWJpYSBkaXNzbz8=,,W0FocnVtXQrCoU1pcmEgbmFkYSBtw6FzISBTaWd1ZXMgaGFibGFuZG8gZGUgbG9zIGRhZG9zLiBFc2N1Y2hhLiBQdWVkZXMgc2VudGlyIHF1ZSB0aXLDqSBuw7ptZXJvcyBtZW5vcmVzIHF1ZSBsb3MgdHV5b3PigKYgwqFQZXJvIGZyYWNhc2FzdGUgYW50ZXMgZGUgbGFuemFyIGxvcyBkYWRvcyEgwqHCv0xvIHNhYsOtYXM/IQ==
9SkJ,,W1BvZV0KV2hhdCBhcmUgeW91IHRhbGtpbmcgYWJvdXQ/IEkgY2FuJ3QgZ2V0IHlvdS4gSSd2ZSBsb3N0IHRvIHdob20/IEkgZG9uJ3Qga25vdyB3aHkgeW91IGFyZSB0YWxraW5nIGxpa2UgdGhhdC4=,,,,,W1BvZV0KRG8gcXVlIHZvY8OqIGVzdMOhIGZhbGFuZG8/IE7Do28gZW50ZW5kaSBuYWRhLgpQZXJkaSBwcmEgcXVlbT8gUG9yIHF1w6o/IE7Do28gZW50ZW5kbyBlc3NlIHNldSBwYXBvLg==,,W1BvZV0Kwr9EZSBxdcOpIGVzdMOhcyBoYWJsYW5kbz8gTm8gdGUgZW50aWVuZG8uIMK/Q29udHJhIHF1acOpbiBwZXJkw60/IE5vIHPDqSBwb3IgcXXDqSBoYWJsYXMgYXPDrS4=
9ikJ,,W0FocnVtXQpZb3UgY2FuJ3Qga25vdyBpdCEgU28gd2hhdD8hIElmIHlvdSBrbm93LCB3aGF0IGNhbiB5b3UgZG8/IFlvdSBoYXZlIHRvbyBtdWNoIHByaWRlIG92ZXIgZXZlcnl0aGluZy4gRG8geW91IHRoaW5rIHlvdSBjYW4gZm9zdGVyIGEgZGVlcGx5IHJvdHRlbiB0cmVlLCB0byBiZWNvbWUgYSBoZWFsdGh5IHRyZWU/IQ==,,,,,W0FocnVtXQpWb2PDqiBuw6NvIHZhaSBlbnRlbmRlciEgRSBkYcOtPyEKRSBzZSBlbnRlbmRlc3NlLCBvIHF1ZSBmYXJpYT8KVm9jw6ogc2UgYWNoYSBkZW1haXMuCkFjaGEgcXVlIHBvZGUgdHJhbnNmb3JtYXIgdW1hIMOhcnZvcmUgcG9kcmUgZSBhcG9kcmVjaWRhIG51bWEgw6Fydm9yZSBzYXVkw6F2ZWw/,,W0FocnVtXQrCoU5vIHB1ZWRlcyBzYWJlcmxvISDCocK/WSBxdcOpPyEgRGUgc2FiZXJsbywgwr9xdcOpIGhhcsOtYXM/IEVyZXMgZGVtYXNpYWRvIG9yZ3VsbG9zby4gwqHCv0NyZWVzIHF1ZSBwdWVkZXMgaGFjZXIgcXVlIHVuIMOhcmJvbCBwcm9mdW5kYW1lbnRlIHBvZHJpZG8gc2UgY29udmllcnRhIGVuIHVuIMOhcmJvbCBzYW5vPyE=
9ykJ,,W1BvZV0KSWYgeW91IHdhbnQgdG8gc2F5IHNvbWV0aGluZywgeW91IGhhdmUgdG8gc2F5IGl0IGNsZWFybHkuIEFyZSB5b3UgYW5ub3VuY2luZyBhIGxvc3MgYW5kIGRlZmVhdD8gSXMgbXkgbHVjayBzbyBkcmVhZGZ1bCwgRWlnZW4gQWhydW0/,,,,,W1BvZV0KU2UgcXVlciBkaXplciBhbGdvLCBmYWxlIGNsYXJvLiBFc3TDoSBhc3N1bWluZG8gdW1hIGRlcnJvdGE/Ck1pbmhhIHNvcnRlIMOpIHTDo28gcnVpbSBhc3NpbSwgRWlnZW4gQWhydW0/,,W1BvZV0KU2kgdGllbmVzIGFsZ28gcXVlIGRlY2lyLCB0aWVuZXMgcXVlIGRlY2lybG8gY2xhcmFtZW50ZS4gwr9BY2FzbyBhY2FiYXMgZGUgZGVjbGFyYXIgdW5hIGRlcnJvdGE/IMK/VGFuIHRlcnJpYmxlIGVzIG1pIHN1ZXJ0ZSwgRWlnZW4gQWhydW0/
+CkJ,,W0FocnVtXQpZZXMsIEkgYW5ub3VuY2UgbXkgZGVmZWF0LiBCdXQgaXQgaXMgbm90IHRvIHlvdS4gWW91IGFyZSBhIGxvc2VyIGxpa2UgbWUuIEJlZm9yZSBnZXR0aW5nIGludG8gaW1wb3J0YW50IGJ1c2luZXNzLCB5b3UgYXJlIHJ1aW5lZCBieSBhbiBlbnZpcm9ubWVudGFsIGVsZW1lbnQu,,,,,W0FocnVtXQpTaW0sIGFzc3VtbyBtaW5oYSBkZXJyb3RhLgpNYXMgbsOjbyDDqSBwcmEgdm9jw6ouClZvY8OqIMOpIHVtIHBlcmRlZG9yIGNvbW8gZXUuCkFudGVzIG1lc21vIGRlIGFsZ28gc8OpcmlvIGNvbWXDp2FyLCBqw6EgZXN0w6EgYXJydWluYWRvIHBlbG8gYW1iaWVudGUgYW8gc2V1IHJlZG9yLg==,,W0FocnVtXQpTw60sIGRlY2xhcm8gbWkgZGVycm90YS4gUGVybyBubyBhbnRlIHRpLiBFcmVzIHVuIHBlcmRlZG9yIGNvbW8geW8uIEFudGVzIGRlIGVudHJhciBlbiBkZXRhbGxlcywgdHUgcnVpbmEgbGEgdHJham8gdW4gZWxlbWVudG8gcXVlIHlhIGVzdMOhIHByZXNlbnRlLg==
+SkJ,,W1BvZV0KLi4uV2hhdCB0aGUgaGVsbCBhcmUgeW91IHRhbGtpbmcgYWJvdXQ/IEVudmlyb25tZW50PyBJIHRvdGFsbHkgZG9uJ3QgZ2V0IHlvdS4gSXQgaXMgbmV2ZXIgY2xlYXIu,,,,,W1BvZV0KLi4uRG8gcXVlIHZvY8OqIGVzdMOhIGZhbGFuZG8/IEFtYmllbnRlPwpOw6NvIGVudGVuZGkgbmFkYS4gRXN0w6EgdHVkbyBtdWl0byBjb25mdXNvLg==,,W1BvZV0Kwr9EZSBxdcOpIGRlbW9uaW9zIGVzdMOhcyBoYWJsYW5kbz8gwr9RdcOpIGVzIGxvIHF1ZSB5YSBlc3TDoSBwcmVzZW50ZT8gTm8gdGUgZW50aWVuZG8gZW4gYWJzb2x1dG8uIE5hZGEgZGUgbG8gcXVlIGRpY2VzIHRpZW5lIHNlbnRpZG8u
+ikJ,,W0FocnVtXQpZb3UnZCBiZXR0ZXIgbm90IHVuZGVyc3RhbmQgaXQuIElmIHlvdSBrbm93IHRoaXMsIHlvdSB3aWxsIGxvc2UgeW91ciBoZWFsdGguIERvbid0IGNhcmUgZm9yIGl0Li4uIGZvciB0aGUgcmVzdCBvZiB5b3VyIGxpZmUhIQ==,,,,,W0FocnVtXQrDiSBtZWxob3IgcXVlIHZvY8OqIG7Do28gZW50ZW5kYS4KU2Ugc291YmVyIGRpc3NvLCB2YWkgcGVyZGVyIHN1YSBzYW5pZGFkZS4gTsOjbyBzZSBwcmVvY3VwZSBjb20gaXNzby4uLiBwZWxvIHJlc3RvIGRhIHZpZGEh,,W0FocnVtXQpFcyBtZWpvciBxdWUgbm8gbG8gZW50aWVuZGFzLiBEZSBzYWJlcmxvLCBjb21lbnphcsOhcyBhIHBlcmRlciBsYSBzYWx1ZC4gTm8gdGUgcHJlb2N1cGVzIHBvciBlc2/igKYgwqFwb3IgZWwgcmVzdG8gZGUgdHUgdmlkYSE=
+ykJ,,W1BvZV0KSG8tIGhvbGQhIExvb2ssIEFocnVtIQpIb2xkIG9uISBFaWdlbiBBaHJ1bSEgSGV5IQ==,,,,,W1BvZV0KRS1laSEgRXNwZXJhIGHDrSwgQWhydW0hCkVzcGVyYSEgRWlnZW4gQWhydW0hIEVpIQ==,,W1BvZV0KwqFFLWVzcGVyYSEgwqFNaXJhLCBBaHJ1bSEKwqFFc3BlcmEhIMKhRWlnZW4gQWhydW0hIMKhT3llIQ==
/CkJ,,LUFocnVtIHRvdGFsbHkgbmVnbGVjdHMgdGhlCnZvaWNlIGNhbGxpbmcgaGltIGFuZCBsZWF2ZXMgdGhlIHJvb20sIHdpdGggYSBsb25lbHkgY291bnRlbmFuY2UuLQ==,,,,,LUFocnVtIGlnbm9yYSBjb21wbGV0YW1lbnRlIGEgdm96IHF1ZSBvIGNoYW1hIGUgc2FpIGRhIHNhbGEgY29tIHVtIHNlbWJsYW50ZSBzb2xpdMOhcmlvLi0=,,KEFocnVtIGlnbm9yYSBwb3IgY29tcGxldG8gbGEgdm96IHF1ZSBsbyBsbGFtYQp5IHNhbGUgZGUgbGEgaGFiaXRhY2nDs24gY29uIHVuIHNlbWJsYW50ZSBzb2xpdGFyaW8pLg==
/SkJ,,W1BvZV0KV2hhdC4uLiBXaGF0LiBJdCdzIG5vdCBmdW5ueS4KSSB0b3RhbGx5IGNvdWxkbid0IGdldCBoaW0u,,,,,W1BvZV0KTWFzIG8gcXXDqi4uLiBPIHF1ZSBmb2kgaXNzbz8KTsOjbyB0ZXZlIGdyYcOnYSBuZW5odW1hLgpOw6NvIGVudGVuZGkgbmFkYSBkbyBxdWUgZWxlIGRpc3NlLg==,,W1BvZV0Kwr9RdcOp4oCmPyDCv1F1w6k/IE5vIHRpZW5lIGdyYWNpYS4KTm8gcHVlZG8gZW50ZW5kZXJsby4=
/ikJ,,W0FocnVtXQpQZXRlciwgd2hhdCB3aWxsIHlvdSBkbyBpZiB5b3VyIHdvcmsgZG9lc24ndCBtZWFuIGFueXRoaW5nPw==,,,,,W0FocnVtXQpQZXRlciwgbyBxdWUgdm9jw6ogZmFyaWEgc2Ugc2V1IHRyYWJhbGhvIG7Do28gc2lnbmlmaWNhc3NlIG5hZGE/,,W0FocnVtXQpQZXRlciwgwr9xdcOpIGhhcsOtYXMgc2kgdG9kbyB0dSB0cmFiYWpvIGZ1ZXJhIGVuIHZhbm8/
/ykJ,,W1BldGVyXQouLi5JIGRvbid0IGtub3cgd2hhdCB5b3UgYXJlIHRhbGtpbmcgYWJvdXQsIGJ1dCBtZWFuaW5nbGVzcyB0aGluZ3MgZG8gbm90IGV4aXN0LiBJIGRvbid0IHRoaW5rIHlvdSBrbm93IGFib3V0IHRoYXQu,,,,,W1BldGVyXQouLi5Ow6NvIHNlaSBkbyBxdWUgdm9jw6ogZXN0w6EgZmFsYW5kbywgbWFzIG5hZGEgw6kgcmVhbG1lbnRlIHNlbSBzaWduaWZpY2Fkby4KQWNobyBxdWUgdm9jw6ogbsOjbyBlbnRlbmRlIGlzc28u,,W1BldGVyXQrigKZObyBzw6kgZGUgcXXDqSBlc3TDoXMgaGFibGFuZG8sIHBlcm8gbmFkYSBlcyBlbiB2YW5vIGVuIGVzdGUgbXVuZG8uIE5vIGNyZW8gcXVlIGxvIHNlcGFzLg==
ACoJ,,W0FocnVtXQpCdXp6enouIFlvdSBhcmUgd3JvbmcuIFRoZXJlIGlzIGEgdGhpbmcgdGhhdCBpcyBtZWFuaW5nbGVzcyBpdHNlbGYuIENsZWFybHkgc3BlYWtpbmcsIHRoZSBhY3Rpb24gYmVjb21lcyBtZWFuaW5nbGVzcyB3aXRob3V0IGtub3dpbmcgaXRzIG1lYW5pbmcuLi4=,,,,,W0FocnVtXQpCenp6enouIEVycmFkby4KRXhpc3RlIHNpbSBhbGdvIHF1ZSDDqSwgcG9yIHNpIHPDsywgc2VtIHNlbnRpZG8uCkZhbGFuZG8gY2xhcmFtZW50ZTogYSBhw6fDo28gc2UgdG9ybmEgc2VtIHNlbnRpZG8gc2Ugdm9jw6ogbsOjbyBlbnRlbmRlIHNldSBwcm9ww7NzaXRvLi4u,,W0FocnVtXQpCenp6ei4gVGUgZXF1aXZvY2FzLiBIYXkgYWxnbyBlbiBzw60gcXVlIG5vIHRpZW5lIHNlbnRpZG8uIEhhYmxhbmRvIGNsYXJhbWVudGUsIGN1YW5kbyBsYSBhY2Npw7NuIGNhcmVjZSBkZSBzZW50aWRvIHNpbiBjb25vY2VyIHN1IHNpZ25pZmljYWRv4oCm
ASoJ,,W1BldGVyXQpBcmUgeW91IHRyeWluZyB0byBleHBsYWluLi4uIGNsZWFybHk/IEl0J3MgZ2V0dGluZyBtb3JlIGNvbXBsaWNhdGVkLiBXaGF0IGV4YWN0bHkgZG8geW91IHdhbnQgdG8gc2F5PyBMZXQgbWUgZ2V0IGl0IGRpcmVjdGx5Lg==,,,,,W1BldGVyXQpFc3TDoSB0ZW50YW5kbyBzZXIgY2xhcm8uLi4/CkVzdMOhIGZpY2FuZG8gY2FkYSB2ZXogbWFpcyBjb21wbGljYWRvLiBPIHF1ZSBleGF0YW1lbnRlIHF1ZXIgZGl6ZXI/IEZhbGUgZGUgZm9ybWEgZGlyZXRhLg==,,W1BldGVyXQrCv0FjYXNvIGludGVudGFz4oCmIGV4cGxpY2FybG8/IFBvcnF1ZSBjcmVvIHF1ZSBjYWRhIHZleiBsbyBlbnRpZW5kbyBtZW5vcy4gwr9RdcOpIHF1aWVyZXMgZGVjaXIgZXhhY3RhbWVudGU/IFRlIGxvIGRpcsOpIHNpbiByb2Rlb3Mu
AioJ,,W0FocnVtXQouLi5XaGF0ZXZlciBJIGRvIG9yIGRvIG5vdCBkbywgSSBhbSBqdXN0IGJlaW5nIG1hbmlwdWxhdGVkIGJ5IHNvbWUgdGhpbmcuIFRvIG1ha2UgaXQgd29yc2UsIEkgaHVydCBvdGhlcnMgYXMgSSBhbSBpbiB0aGF0IHNvbWUgdGhpbmcgb25seS4=,,,,,W0FocnVtXQouLi5UYW50byBmYXogbyBxdWUgZXUgZmHDp2Egb3UgZGVpeGUgZGUgZmF6ZXIuCkV1IHPDsyBlc3RvdSBzZW5kbyBtYW5pcHVsYWRvIHBvciBhbGdvLiBFIHBpb3Ig4oCUIGFjYWJvIGZlcmluZG8gb3Mgb3V0cm9zLCBlbnF1YW50byBzb3UgY29udHJvbGFkbyBwb3IgZXNzZSBhbGdvLg==,,W0FocnVtXQrigKZMbyBxdWUgc2VhIHF1ZSBoYWdhIG8gZGVqZSBkZSBoYWNlciwgc29sbyBlc3RveSBzaWVuZG8gbWFuaXB1bGFkbyBwb3IgYWxnby4gUGFyYSBjb2xtbywgbGVzIGhhZ28gZGHDsW8gYSBsb3MgZGVtw6FzLCB5YSBxdWUgc295IGVsIMO6bmljbyBhZmVjdGFkby4=
AyoJ,,W0FocnVtXQpUaGUgd29yc3QgdGhpbmcgaXMsIEkgZmVlbCBJIGp1c3QgYmVjb21lIHRpbWlkIHdpdGgga25vd2luZyBhbmQgdW5kZXJzdGFuZGluZyB0aGUgc29tZSB0aGluZyBpdHNlbGYu,,,,,W0FocnVtXQpPIHBpb3IgZGUgdHVkbyDDqSBxdWUsIHF1YW50byBtYWlzIGNvbXByZWVuZG8gZXNzZSBhbGdvLCBtYWlzIGZyYWNvIGUgcGVxdWVubyBldSBtZSBzaW50by4=,,W0FocnVtXQpMbyBwZW9yIGVzIHF1ZSBzaWVudG8gcXVlIHlhIG5vIHNveSBlbCBtaXNtbyBjb24gZXN0ZSBjb25vY2ltaWVudG8gc29icmUgZXNlIGFsZ28gZW4gc8OtLg==
BCoJ,,W0FocnVtXQpCdXQgaXQgaXMgdGhlIHNhbWUgd2l0aCB5b3UuIElmIHlvdSByZWFsbHkgd2FudCB0byBleHByZXNzIGdyYXRpdHVkZSB0b3dhcmRzIHRoZSBnaXJsLCB5b3Ugc2hvdWxkIGhhdmUgdmlzaXRlZCBoZXIgaW4gcGVyc29uLiBZb3UgY291bGRuJ3QgZG8gaXQsIGNvdWxkIHlvdT8=,,,,,W0FocnVtXQpNYXMgw6kgbyBtZXNtbyBjb20gdm9jw6ouClNlIHF1ZXJpYSBtZXNtbyBkZW1vbnN0cmFyIGdyYXRpZMOjbyDDoCBnYXJvdGEsIGRldmVyaWEgdGVyIGlkbyB2w6otbGEgcGVzc29hbG1lbnRlLgpNYXMgbsOjbyBmb2ksIGZvaT8=,,W0FocnVtXQpQZXJvIGNvbnRpZ28gcGFzYSBsbyBtaXNtby4gU2kgcmVhbG1lbnRlIHF1ZXLDrWFzIGRlbW9zdHJhciB0dSBncmF0aXR1ZCBoYWNpYSBlc2EgbmnDsWEsIGRlYmVyw61hcyBoYWJlcmxhIHZpc2l0YWRvIHBlcnNvbmFsbWVudGUuIFBlcm8gbm8gcHVkaXN0ZSBoYWNlcmxvLCDCv3ZlcmRhZD8=
BSoJ,,W1BldGVyXQouLi5BaHJ1bSwgd2hhdCdzIHdyb25nIHdpdGggeW91PyBZb3UgYXJlIG5vdCB0aGUgQWhydW0gSSBrbm93LiBXaGF0J3MgbWFkZSB5b3UgbGlrZSB0aGlzPw==,,,,,W1BldGVyXQouLi5BaHJ1bSwgbyBxdWUgaMOhIGNvbSB2b2PDqj8KVm9jw6ogbsOjbyDDqSBvIEFocnVtIHF1ZSBldSBjb25oZcOnby4gTyBxdWUgdGUgZGVpeG91IGFzc2ltPw==,,W1BldGVyXQrigKZBaHJ1bSwgwr9xdcOpIHRlIHBhc2E/IE5vIGVyZXMgZWwgQWhydW0gZGUgc2llbXByZS4gwr9RdcOpIHRlIHBhc8OzPw==
BioJ,,W0FocnVtXQpIbXBoLi5UaGUgc29tZSB0aGluZy4gTm90aGluZy4gSXQncyBtZWFuaW5nbGVzcy4gUmVhbGl0eSwgdGhhdCdzIGFsbC4gSXQgd2FzIG5pY2UgdGFsa2luZyB0byB5b3UuIEJ5ZS1ieWUsIGFuZCBsaXZlIGxpa2Ugd2hhdCB5b3UgdXNlZCB0byBsaXZlIGxpa2UsIGV2ZXIgYWZ0ZXIu,,,,,W0FocnVtXQpIbXBoLi4uIEVzc2UgYWxnby4gTmFkYS4gVHVkbyDDqSBzZW0gc2VudGlkby4gQSByZWFsaWRhZGUg4oCUIMOpIHPDsyBpc3NvLiBGb2kgYm9tIGNvbnZlcnNhciBjb20gdm9jw6ouIFRjaGF1LCBlIGNvbnRpbnVlIHZpdmVuZG8gY29tbyBzZW1wcmUgdml2ZXUu,,W0FocnVtXQpNbWbigKYgQWxnby4gTmFkYS4gTm8gdGllbmUgc2VudGlkby4gTGEgcmVhbGlkYWQsIGVzbyBlcyB0b2RvLiBGdWUgdW4gcGxhY2VyIGhhYmxhciBjb250aWdvLiBBZGnDs3MsIHkgdml2ZSBjb21vIHNpZW1wcmUgbG8gaGFzIGhlY2hvIGhhc3RhIGVsIGZpbmFsLg==
ByoJ,,W1BldGVyXQouLi4uLi5FaWdlbiBBaHJ1bS4gWW91Li4u,,,,,W1BldGVyXQouLi4uLi5FaWdlbiBBaHJ1bS4gVm9jw6ouLi4=,,W1BldGVyXQrigKZFaWdlbiBBaHJ1bS4gVMO64oCm
CCoJ,,LUFocnVtIHNob3dzIGEgZ2xvb215IGZhY2lhbCBleHByZXNzaW9uIGFuZCBsZWF2ZXMgdGhlIHJvb20uLQ==,,,,,LUFocnVtIGV4aWJlIHVtYSBleHByZXNzw6NvIHNvbWJyaWEgZSBkZWl4YSBhIHNhbGEuLQ==,,KEFocnVtIHRpZW5lIHVuYSBleHByZXNpw7NuIHNvbWJyw61hIGFsIHNhbGlyIGRlIGxhIGhhYml0YWNpw7NuKS4=
CSoJ,,W0VybnN0XQpCcm8sIHRlbGwgbWUgYWdhaW4uIFlvdSBqdXN0IHNhaWQgc29tZXRoaW5nPw==,,,,,W0VybnN0XQpJcm3Do28sIGRpZ2EgZGUgbm92by4gVm9jw6ogYWNhYm91IGRlIGRpemVyIGFsZ3VtYSBjb2lzYT8=,,W0VybnN0XQpIZXJtYW5vLCDCv3F1w6k/IMK/RGlqaXN0ZSBhbGdvPw==
CioJ,,W0FocnVtXQpPay4gTGV0IG1lIHRlbGwgeW91LiBUaGlzIFJ1bmUtTWlkZ2FydHMgaXMgcnViYmlzaC4gWW91IGFuZCBJIHN0cnVnZ2xlIGluIHRoZSBkdW1wIG9mIHRyYXNoLCBhbmQgd2UgYXJlIGFsbCBzYW1lIHdpdGggaXQsIGV2ZW4gaWYgaXQgY2Fubm90IGJlIHJlY3ljbGVkLg==,,,,,W0FocnVtXQpDbGFyby4gVm91IHJlcGV0aXIuICBSdW5lLU1pZGdhcmQgw6kgdW0gbGl4by4gVm9jw6ogZSBldSBub3MgZGViYXRlbW9zIG5lc3NlIG1vbnRlIGRlIGxpeG8sIGUgc29tb3MgcGFydGUgZGVsZSDigJQgbWVzbW8gcXVlIG7Do28gcG9zc2Egc2VyIHJlY2ljbGFkby4=,,W0FocnVtXQpEZSBhY3VlcmRvLiBEw6lqYW1lIHF1ZSB0ZSBsbyBjdWVudGUuIFJ1bmUtTWlkZ2FydHMgZXMgdW5hIGJhc3VyYS4gVMO6IHkgeW8gbm9zIGVzZm9yemFtb3MgcG9yIHNvYnJldml2aXIgZW4gZXN0ZSB2ZXJ0ZWRlcm8sIGRvbmRlIHRvZG9zIHNvbW9zIGlndWFsZXMgeSBubyB0ZW5lbW9zIHNhbHZhY2nDs24u
CyoJ,,W0VybnN0XQpCcm90aGVyLCB3aGF0J3Mgd3Jvbmc/IEFyZSB5b3UgaW5zYW5lPw==,,,,,W0VybnN0XQpJcm3Do28sIG8gcXVlIGVzdMOhIGFjb250ZWNlbmRvPyBWb2PDqiBmaWNvdSBtYWx1Y28/,,W0VybnN0XQpIZXJtYW5vLCDCv3F1w6kgdGUgcGFzYT8gwr9Fc3TDoXMgbG9jbz8=
DCoJ,,W0FocnVtXQpJbnNhbmU/IEkgYW0gZnVsbHkgc2FuZS4KSSBhbSBqdXN0IGZlZCB1cCB3aXRoIHRoaXMgZGlzZ3VzdGluZyByZWFsaXR5LCBteSBsb3ZlbHkgYnJvdGhlci4=,,,,,W0FocnVtXQpNYWx1Y28/IEVzdG91IGNvbXBsZXRhbWVudGUgc8Ojby4gU8OzIGVzdG91IGRlIHNhY28gY2hlaW8gZGVzc2EgcmVhbGlkYWRlIG5vamVudGEsIG1ldSBhbWFkbyBpcm3Do28u,,W0FocnVtXQrCv0xvY28/IEVzdG95IHRvdGFsbWVudGUgY3VlcmRvLgpFcyBzb2xvIHF1ZSBlc3RveSBoYXJ0byBkZSBlc3RhIGFzcXVlcm9zYSByZWFsaWRhZCwgbWkgcXVlcmlkbyBoZXJtYW5vLg==
DSoJ,,W0VybnN0XQpSZWFsaXR5PyBXaGF0IHJlYWxpdHk/IFdoYXQgZGlkIHlvdSBwZXJjZWl2ZT8gWW91IGFyZSBub3QgbGlrZSBhcyB5b3UgYXJlLiBJIHRvdGFsbHkgY2FuJ3QgaGVscCB5b3Uh,,,,,W0VybnN0XQpSZWFsaWRhZGU/IFF1ZSByZWFsaWRhZGU/IE8gcXVlIHZvY8OqIHZpdT8gVm9jw6ogbsOjbyBlc3TDoSBhZ2luZG8gY29tbyB2b2PDqiBtZXNtby4KRXUgbsOjbyBjb25zaWdvIHRlIGFqdWRhciBhc3NpbSE=,,W0VybnN0XQrCv1JlYWxpZGFkPyDCv1F1w6kgcmVhbGlkYWQ/IMK/RGUgcXXDqSB0ZSBwZXJjYXRhc3RlPyBUZSBjb21wb3J0YXMgZGUgdW5hIG1hbmVyYSBtdXkgZXh0cmHDsWEuIMKhQXPDrSBubyB0ZSBwdWVkbyBheXVkYXIh
DioJ,,W0FocnVtXQpJIGFtIGFzIEkgdXN1YWxseSBhbSwgRXJuc3QuIEp1c3QsIHJlYWxpdHkgaXMgZGlydHksIGFuZCBJIHJlYWxpemVkIHRoYXQgSSBhbSB0cmFwcGVkIGluIHRoZSBjcmFwLiBJIGNhbid0IGdldCBvdXQgb2YgaGVyZS4=,,,,,W0FocnVtXQpFdSBzb3UgZXhhdGFtZW50ZSBjb21vIHNlbXByZSBmdWksIEVybnN0LiBTw7MgcXVlIHBlcmNlYmkgcXVlIGEgcmVhbGlkYWRlIMOpIHBvZHJlLCBlIGV1IGVzdG91IHByZXNvIG5lc3NhIGltdW5kw61jaWUuCk7Do28gY29uc2lnbyBzYWlyLg==,,W0FocnVtXQpTb3kgZWwgbWlzbW8gZGUgc2llbXByZSwgRXJuc3QuIEVzIHNvbG8gcXVlIGVzdGEgcmVhbGlkYWQgZXMgYXNxdWVyb3NhIHkgbWUgZGkgY3VlbnRhIGRlIHF1ZSBlc3RveSBhdHJhcGFkbyBlbiBlc3RhIG1pZXJkYS4gTm8gcHVlZG8gc2FsaXIgZGUgYXF1w60u
DyoJ,,W0VybnN0XQpMaWFyISBZb3UgYWx3YXlzIHRvbGQgbWUgdGhhdCB5b3UgaGF2ZSBwb3NzaWJpbGl0aWVzIGluIHlvdXIgYm9vayEgWW91IGFsd2F5cyBiZWhhdmVkIHByb3VkbHkh,,,,,W0VybnN0XQpNZW50aXJhISBWb2PDqiBzZW1wcmUgbWUgZGlzc2UgcXVlIGV4aXN0aWFtIHBvc3NpYmlsaWRhZGVzIG5vIHNldSBsaXZybyEgVm9jw6ogc2VtcHJlIHNlIGNvbXBvcnRvdSBjb20gb3JndWxobyE=,,W0VybnN0XQrCoU1lbnRpcm9zbyEgwqFNZSBkaWppc3RlIHF1ZSwgZW4gdHUgb3BpbmnDs24sIHNpZW1wcmUgaGF5IHBvc2liaWxpZGFkZXMhIMKhWSBzaWVtcHJlIHRlIGNvbXBvcnRhcyBjb24gb3JndWxsbyE=
ECoJ,,W0FocnVtXQpTaHV0IHVwLg==,,,,,W0FocnVtXQpDYWxlIGEgYm9jYS4=,,W0FocnVtXQpDw6FsbGF0ZS4=
ESoJ,,W0VybnN0XQpJdCdzIGRpcnR5IGFuZCBub3QgZ29vZC4gVGhhdCdzIHdoeSB3ZSBzaG91bGQgY29ycmVjdCBpdC4gV2UgYWxyZWFkeSBrbm93IGFib3V0IHRoaXMgc2l0dWF0aW9uLCBidXQgd2h5IGRvIHlvdSBhY3QgbGlrZSB0aGlzISE=,,,,,W0VybnN0XQrDiSBzdWpvIGUgcG9kcmUuIMOJIHBvciBpc3NvIHF1ZSB0ZW1vcyBxdWUgY29ycmlnaXIgaXNzbyEKQSBnZW50ZSBqw6Egc2FiZSBjb21vIHR1ZG8gZnVuY2lvbmEsIGVudMOjbyBwb3IgcXVlIHZvY8OqIGVzdMOhIGFnaW5kbyBhc3NpbT8h,,W0VybnN0XQpFc3TDoSBzdWNpbyB5IGVzbyBubyBlcyBidWVuby4gUG9yIGVzbywgdGVuZW1vcyBxdWUgY29ycmVnaXJsby4gWWEgc2FiZW1vcyBkZSBlc3RhIHNpdHVhY2nDs24sIHBlcm8gwqHCv3BvciBxdcOpIGFjdMO6YXMgYXPDrT8h
EioJ,,W0FocnVtXQouLi5JIHRvbGQgeW91LCBkb24ndCBtYWtlIG5vaXNlIQ==,,,,,W0FocnVtXQouLi5Kw6EgZmFsZWksIG7Do28gZmHDp2EgYmFydWxobyE=,,W0FocnVtXQrCoVlhIHRlIGxvIGRpamUsIGPDoWxsYXRlIQ==
EyoJ,,W0VybnN0XQpOby4gQ29ycnVwdGlvbiBpcyBtdXR1YWxseSBhZ3JlZWQsIGFuZCB5b3UgYnJvdWdodCBtZSBoZXJlLCBhbmQgYmVjYXVzZSBvZiB5b3VyIHByZXNlbmNlLCBJIGNhbiBkZXBlbmQgb24geW91IQ==,,,,,W0VybnN0XQpOw6NvISBBIGNvcnJ1cMOnw6NvIMOpIGFsZ28gbcO6dHVvLCBlIGZvaSB2b2PDqiBxdWVtIG1lIHRyb3V4ZSBhdMOpIGFxdWkuIMOJIHBvciBzdWEgY2F1c2EgcXVlIGV1IHBvc3NvIGNvbmZpYXIgZW0gYWxndcOpbSE=,,W0VybnN0XQpObywgbGEgY29ycnVwY2nDs24gZXMgdW4gYWN1ZXJkbyBtdXR1byB5LCBjb21vIHTDuiBtZSB0cmFqaXN0ZSBhcXXDrSwgcXVpZXJvIHVuYSByZXNwdWVzdGEu
FCoJ,,W0FocnVtXQpTaHV0IHVwISBTaHV0IHVwISEhISEhISEhISEh,,,,,W0FocnVtXQpDYWxhIGEgYm9jYSEgQ2FsYSBhIGJvY2EhISEhISEhISEhISE=,,W0FocnVtXQrCoUPDoWxsYXRlISDCocKhwqFDw6FsbGF0ZSEhIQ==
FSoJ,,W0VybnN0XQouLi4uLi4h,,,,,W0VybnN0XQouLi4uLi4h,,W0VybnN0XQrCoeKApiE=
FioJ,,W0FocnVtXQpNZWFuaW5nbGVzcyBhY3Rpb25zIGNhbm5vdCBiZSB3ZWxjb21lZCEgQmVpbmcgbWFuaXB1bGF0ZWQgYnkgZGlydCBpcyBkaXNndXN0aW5nLiBJIHdhcyBpZ25vcmFudCwgSSBmZWx0IHRoYXQgSSBhY3RlZCBieSBteSB3aWxsLCBidXQgbm93IEkgcmVhbGl6ZSBJIHdhcyBtYW5pcHVsYXRlZCE=,,,,,W0FocnVtXQpBw6fDtWVzIHNlbSBzZW50aWRvIG7Do28gcG9kZW0gc2VyIGJlbS12aW5kYXMhIFNlciBtYW5pcHVsYWRvIHBvciBlc3NhIHBvZHJpZMOjbyDDqSByZXZvbHRhbnRlLgpFdSBlcmEgaWdub3JhbnRlLCBhY2hhdmEgcXVlIGFnaWEgcG9yIHZvbnRhZGUgcHLDs3ByaWEsIG1hcyBhZ29yYSB2ZWpvIHF1ZSBlc3RhdmEgc2VuZG8gbWFuaXB1bGFkbyE=,,W0FocnVtXQrCoUxhcyBhY2Npb25lcyBzaW4gc2VudGlkbyBubyBzb24gYmllbnZlbmlkYXMhIFNlciBtYW5pcHVsYWRvIHBvciBsYSBjb3JydXBjacOzbiBlcyByZXB1Z25hbnRlLiBGdWkgdW4gaWdub3JhbnRlLCBwZW5zw6kgcXVlIGhhYsOtYSBhY3R1YWRvIHBvciB2b2x1bnRhZCBwcm9waWEsIHBlcm8gYWhvcmEgbWUgZG95IGN1ZW50YSBkZSBxdWUgbWUgbWFuaXB1bGFyb24u
FyoJ,,W0FocnVtXQpLaW5nPyEgV2hhdCdzIHRoYXQgZm9yPyEgVGhhdCdzIG5vdGhpbmchIEV2ZW4gaWYgd2UgbWFrZSBhIG5ldyB3b3JsZCwgbm90aGluZyBpcyBjaGFuZ2VkISEgV2UgYXJlIGxpa2UgaW4gYSBwbGF5LiBBIHBpY3R1cmUgaXMgc29tZW9uZSdzIGludGVudGlvbi4uLiBvbmx5IGRyYXduISEgUmlnaHQ/IQ==,,,,,W0FocnVtXQpSZWk/ISBQcmEgcXXDqiBzZXJ2ZSBpc3NvPyEgTsOjbyBzaWduaWZpY2EgbmFkYSEgTWVzbW8gc2UgY3JpYXJtb3MgdW0gbm92byBtdW5kbywgbmFkYSBtdWRhISEgRXN0YW1vcyBudW0gdGVhdHJvLiBVbWEgcGludHVyYSBmZWl0YSBwb3IgYWxndcOpbS4uLiBzw7MgaXNzbyEgTsOjbyDDqT8h,,W0FocnVtXQrCocK/UmV5PyEgwqHCv1kgcGFyYSBxdcOpIHF1aWVybyBzZXJsbz8hIMKhTm8gZXMgbmFkYSEgwqFBdW5xdWUgY3JlZW1vcyB1biBtdW5kbyBudWV2bywgbmFkYSBjYW1iaWFyw6EhIEVzIGNvbW8gc2kgZXN0dXZpw6lyYW1vcyBlbiB1bmEgb2JyYSBkZSB0ZWF0cm8uIFVuYSBpbWFnZW4gZXMgbGEgaW50ZW5jacOzbiBkZSBhbGd1aWVu4oCmIMKhc2ltcGxlbWVudGUgZGlidWphZGEhIMKhwr9WZXJkYWQ/IQ==
GCoJ,,W0VybnN0XQpXaGF0IGFyZSB5b3UgdGFsa2luZyBhYm91dD8gSSB0b3RhbGx5IGNhbid0IHVuZGVyc3RhbmQhIEFyZSB5b3Ugc2F5aW5nIHlvdSBhcmUgbm90IGluIHRoZSBzdGF0dXMgcXVvPyBZZXM/IFdoYXQgdGhlIGhlY2sgYXJlIHlvdSB0YWxraW5nIGFib3V0IQ==,,,,,W0VybnN0XQpEbyBxdWUgdm9jw6ogZXN0w6EgZmFsYW5kbz8hCk7Do28gZW50ZW5kbyBuYWRhISBWb2PDqiBlc3TDoSBkaXplbmRvIHF1ZSBuw6NvIGVzdMOhIG1haXMgbmEgcmVhbGlkYWRlPyBPIHF1ZSwgYWZpbmFsLCBlc3TDoSBxdWVyZW5kbyBkaXplcj8h,,W0VybnN0XQrCv0RlIHF1w6kgZXN0w6FzIGhhYmxhbmRvPyDCoUVzdG95IHRvdGFsbWVudGUgcGVyZGlkbyEgwr9EaWNlcyBxdWUgbm8gZXJlcyBwYXJ0ZSBkZWwgc3RhdHUgcXVvPyDCv1PDrT8gwr9EZSBxdcOpIGRlbW9uaW9zIGVzdMOhcyBoYWJsYW5kbz8=
GSoJ,,W0FocnVtXQpTaHV0IHVwISBXaXRob3V0IGtub3dpbmcgYW55dGhpbmcsIHlvdSBkb24ndCBrbm93IHdoZW4geW91IGNhbiBiZSBraWxsZWQuIFlvdSBkb24ndCBnZXQgbWUgeWV0Li4uLiBhaC4uLiEgWW91IG5lZWQgdG8gbm90IGtub3cgdGhpcyE=,,,,,W0FocnVtXQpDYWxhIGEgYm9jYSEgVm9jw6ogbsOjbyBzYWJlIGRlIG5hZGEhIEUgbmVtIHNhYmUgcXVhbmRvIHBvZGUgc2VyIG1vcnRvLiBWb2PDqiBhaW5kYSBuw6NvIGVudGVuZGV1Li4uIGFoLi4uISDDiSBtZWxob3IgcXVlIG5lbSBlbnRlbmRhIQ==,,W0FocnVtXQrCoUPDoWxsYXRlISBObyBzYWJlcyBuYWRhLCBubyBzYWJlcyBjdcOhbmRvIHBvZHLDrWFuIG1hdGFydGUuIFRvZGF2w61hIG5vIG1lIGVudGllbmRlc+KApiDCoUFo4oCmISDCoU5vIGVzIG5lY2VzYXJpbyBxdWUgbG8gc2VwYXMh
GioJ,,W0VybnN0XQpCci4uLkJybywgd2lsbCB5b3Uga2VlcCBpbnNpc3Rpbmcgb24gdGhpcz8gT3VyIHJlbGF0aW9uc2hpcCBpcyB0aGlzIHNob3J0Pw==,,,,,W0VybnN0XQpJcm3Do28uLi4gdm9jw6ogdmFpIGNvbnRpbnVhciBpbnNpc3RpbmRvIG5pc3NvPyBOb3NzbyBsYcOnbyB2YWxlIHTDo28gcG91Y28gYXNzaW0/,,W0VybnN0XQpILWhlcm1hbm8sIMK/cG9yIHF1w6kgaW5zaXN0ZXMgZW4gYWN0dWFyIGFzw60/IMK/TnVlc3RyYSByZWxhY2nDs24gZXMgdGFuIHN1cGVyZmljaWFsPw==
GyoJ,,W0FocnVtXQpTaHV0IHVwISBJZiB5b3UgYXJlIG5vdCBjb250ZW50ZWQsIHlvdSBjYW4ga2lsbCBtZSBhcyB3ZSBwcm9taXNlZCEgWW91Li4uIG1lLi4uIG1lLi4uISEgSSBkb24ndCB3YW5uYSB0YWxrIGFib3V0IGl0IGFueSBtb3JlLCBJIGFtIGdvaW5nIGJhY2sgdG8gbXkgcm9vbSE=,,,,,W0FocnVtXQpDYWxlIGEgYm9jYSEgU2UgbsOjbyBlc3RpdmVyIHNhdGlzZmVpdG8sIHBvZGUgbWUgbWF0YXIgY29tbyBwcm9tZXRlbW9zISBWb2PDqi4uLiBldS4uLiBldS4uLiEhISBOw6NvIHF1ZXJvIG1haXMgZmFsYXIgc29icmUgaXNzbywgdm91IHZvbHRhciBwYXJhIG8gbWV1IHF1YXJ0byE=,,W0FocnVtXQrCoUPDoWxsYXRlISDCoVNpIG5vIGVzdMOhcyBzYXRpc2ZlY2hvLCBwdWVkZXMgbWF0YXJtZSBjb21vIGxvIHByb21ldGltb3MhIFTDuuKApiB5b+KApiDCoXlv4oCmISBObyBxdWllcm8gaGFibGFyIG3DoXMgZGVsIGFzdW50by4gwqFWb2x2ZXLDqSBhIG1pIGhhYml0YWNpw7NuIQ==
HCoJ,,W0VybnN0XQpBaC4gSG9sZCBvbiBhIG1vbWVudCBCcm90aGVyISBBaHJ1bSE=,,,,,W0VybnN0XQpBaC4gRXNwZXJhIHVtIHBvdWNvLCBpcm3Do28hIEFocnVtIQ==,,W0VybnN0XQpBaC4gwqFFc3BlcmEgdW4gbW9tZW50bywgaGVybWFubyEgwqFBaHJ1bSE=
HSoJ,,W0FocnVtXQpJLi4uIGRvbid0IGtub3chIEtpbmcuLi4geW91IQ==,,,,,W0FocnVtXQpFdS4uLiBuw6NvIHNlaSEgUmVpLi4uIHZvY8OqIQ==,,W0FocnVtXQrCoU5v4oCmIGxvIHPDqSEgUmV54oCmIMKhdMO6IQ==
HioJ,,LUFocnVtIGJsdXNoZXMKYW5kIGxlYXZlcyB0aGUgcm9vbS4gSGUgc2VlbXMgdG8gYmUgdXR0ZXJseSBmYXRpZ3VlZC4t,,,,,LUFocnVtIGVucnViZXNjZSBlIGRlaXhhIG8gY8O0bW9kby4gRWxlIHBhcmVjZSBjb21wbGV0YW1lbnRlIGV4YXVzdG8uLQ==,,KEFocnVtIHNlIHNvbnJvamEKeSBhYmFuZG9uYSBsYSBoYWJpdGFjacOzbi4gUGFyZWNlIGVzdGFyIGNvbXBsZXRhbWVudGUgYWdvdGFkbyku
HyoJ,,W0VybnN0XQpBaHJ1bS4uLiBBaHJ1bS4=,,,,,W0VybnN0XQpBaHJ1bS4uLiBBaHJ1bS4=,,W0VybnN0XQpBaHJ1beKApiBBaHJ1bS4=
ICoJ,,LVlvdSBjYW4gaGVhciBBaHJ1bSdzIHZvaWNlCmJlZm9yZSBnb2luZyBpbnRvIGhpcyByb29tLgpJdCdzIGNvbWluZyBmcm9tIGluc2lkZS4t,,,,,LVZvY8OqIGVzY3V0YSBhIHZveiBkZSBBaHJ1bSBhbnRlcyBkZSBlbnRyYXIgbm8gcXVhcnRvLiBFbGEgdmVtIGzDoSBkZSBkZW50cm8uLQ==,,KFB1ZWRlcyBvw61yIGxhIHZveiBkZSBBaHJ1bQphbnRlcyBkZSBlbnRyYXIgZW4gc3UgaGFiaXRhY2nDs24uCkxhIHZveiB2aWVuZSBkZSBhZGVudHJvKS4=
ISoJ,,W0FocnVtXQpJIGNhbm5vdCBoYXZlIHRoYXQgcXVhbGlmaWNhdGlvbi4gSSB3YXMgcmFpc2VkIGluIHN1Y2ggYSBkaXJ0eSBwbGFjZS4gSSB3YXMgc28gaWdub3JhbnQh,,,,,W0FocnVtXQpFdSBuw6NvIHBvc3NvIHRlciBlc3NhIHF1YWxpZmljYcOnw6NvLiBGdWkgY3JpYWRvIGVtIHVtIGx1Z2FyIHN1am8gZGVtYWlzLiBGdWkgdMOjbyBpZ25vcmFudGUh,,W0FocnVtXQpObyBwdWVkbyB0ZW5lciBlc2EgYXB0aXR1ZC4gTWUgY3Jpw6kgZW4gdW4gbHVnYXIgdGFuIGNvcnJ1cHRvLiDCoUZ1aSB0YW4gaWdub3JhbnRlIQ==
IioJ,,W0FocnVtXQpXaGF0J3MgdGhlIGNhcGFjaXR5IG9mIGEga2luZz8gQW5kIHdoYXQgaXMgY2xlYW4gcG9saXRpY3MuLi4/IEFoaGhoaGhoaGhoaCEh,,,,,W0FocnVtXQpRdWFsIMOpIGEgY2FwYWNpZGFkZSBkZSB1bSByZWk/CkUgbyBxdWUgw6kgcG9sw610aWNhIGxpbXBhLi4uPwpBaGhoaGhoaGhoaGghIQ==,,W0FocnVtXQrCv1F1w6kgYXB0aXR1ZGVzIGRlYmUgdGVuZXIgdW4gcmV5PyDCv1kgcXXDqSBlcyB1bmEgcG9sw610aWNhIGxpbXBpYT/igKYgwqFBaGhoaGhoaGhoaCE=
IyoJ,,W0FocnVtXQpQcm91ZCBmYW1pbHk/Li4uIEZhbW91cy4uLgpCaXJ0aD8uLi4gS2luZydzIGZhbWlseT8gLi4uV2hhdCdzIGFsbCB0aGF0IGFib3V0Pw==,,,,,W0FocnVtXQpGYW3DrWxpYSBvcmd1bGhvc2E/Li4uIEZhbWEuLi4KTmFzY2ltZW50bz8uLi4gRmFtw61saWEgUmVhbD8gLi4uUXVlIGRpZmVyZW7Dp2EgZmF6IGlzc28/,,W0FocnVtXQrCv0ZhbWlsaWEgb3JndWxsb3Nh4oCmPyBGYW1vc2/igKYKwr9OYWNpbWllbnRv4oCmPyDCv0xhIGZhbWlsaWEgZGVsIFJleT8gwr9BIHF1w6kgdmllbmUgdG9kbyBlc28/
JCoJ,,W0FocnVtXQpUbyBicm90aGVyIEVybnN0LCBmcm9tIG15IGZhbWlseS4gSXQncyBzaW4uIEFuZCBJIGFtIGEgcGFydCBvZiB0aGUgc2luLiBBcyBhIHBhcnQgb2YgdGhlIGZhbWlseS4gRmFtaWx5J3Mgc2luLiBFcXVhbCB0byBteSBzaW4u,,,,,W0FocnVtXQpQYXJhIG8gaXJtw6NvIEVybnN0LCBkYSBtaW5oYSBmYW3DrWxpYS4gSXNzbyDDqSBwZWNhZG8uCkUgZXUgc291IHBhcnRlIGRlc3NlIHBlY2Fkby4gQ29tbyBwYXJ0ZSBkYSBmYW3DrWxpYS4KTyBwZWNhZG8gZGEgZmFtw61saWEuLi4gw6kgbWV1IHBlY2FkbyB0YW1iw6ltLg==,,W0FocnVtXQpQYXJhIG1pIGhlcm1hbm8gRXJuc3QsIGRlIHBhcnRlIGRlIG1pIGZhbWlsaWEuIEVzIHVuIHBlY2Fkby4gWSB5byBzb3kgcGFydGUgZGUgZXNlIHBlY2Fkby4gQ29tbyBwYXJ0ZSBkZSBsYSBmYW1pbGlhLiBFbCBwZWNhZG8gZGUgbGEgZmFtaWxpYS4gSWd1YWwgYSBtaSBwZWNhZG8u
JSoJ,,W0FocnVtXQpJIGNhbm5vdC4uLiBjb3ZlciBpdCBhbnltb3JlLi4uIEVybi4uLiBJIGhvcGUgZXZlbiB5b3UuLi4=,,,,,W0FocnVtXQpFdSBuw6NvIGNvbnNpZ28uLi4gZXNjb25kZXIgaXNzbyBtYWlzLi4uIEVybi4uLiBFc3Blcm8gcXVlIGF0w6kgdm9jw6ouLi4=,,W0FocnVtXQpObyBwdWVkb+KApiBlc2NvbmRlcmxvIG3DoXPigKYgRXJu4oCmIEVzcGVybyBxdWUgaW5jbHVzbyB0w7rigKY=
JioJ,,W0FocnVtXQpJbiB0aGUgZW5kLCBJIGFtIGp1c3QgYmVpbmcgdXNlZC4uLiBJIG1ha2UgdGhlIG1vc3Qgb2YgbXkgZXhlcnRpb25zIGFuZCBiZWNvbWUgdGhlIGxlYWQuIFRoYXQncyBhbGwgYSBwYXJ0IG9mIHRoZSBzY2VuYXJpby4uLi4=,,,,,W0FocnVtXQpObyBmaW0sIGV1IHPDsyBmdWkgdXNhZG8uLi4KRXUgbWUgZXNmb3JjZWkgYW8gbcOheGltbyBlIHZpcmVpIG8gcHJvdGFnb25pc3RhLiBNYXMgaXNzbyB0YW1iw6ltIGZhemlhIHBhcnRlIGRvIHJvdGVpcm8uLi4=,,W0FocnVtXQpBbCBmaW5hbCwgc29sbyBtZSBlc3TDoW4gdXNhbmRv4oCmIE1lIGVzZnVlcnpvIGFsIG3DoXhpbW8gcGFyYSBxdWVkYXJtZSBjb24gZWwgcGFwZWwgcHJpbmNpcGFsLiBQZXJvIHRvZG8gZXMgcGFydGUgZGUgbGEgb2JyYeKApg==
JyoJ,,W0FocnVtXQpEYW1uIGl0ISBEYW1uLi4uISEKSSBjYW5ub3QgYWNjZXB0IGl0LiBOZXZlci4gTmV2ZXIh,,,,,W0FocnVtXQpNYWxkacOnw6NvISBNYWxkacOnw6NvISEKRXUgbsOjbyBhY2VpdG8gaXNzby4gTnVuY2EuIEphbWFpcyE=,,W0FocnVtXQrCoU1hbGRpdGEgc2VhISDCoU1hbGRpdGEgc2Vh4oCmIQpObyBwdWVkbyBhY2VwdGFybG8uIEphbcOhcy4gwqFOdW5jYSE=
KCoJ,,W0FocnVtXQpNeSBhbmNlc3RvciBeRkYwMDAwU2NobWlkdF4wMDAwMDAuLi4gV2hhdCBzaGFsbCB5b3UgZG8gd2l0aCB0aGlzIHNpdHVhdGlvbj8gTm8uLi53ZXJlIHlvdSBqdXN0IHVzZWQgbGlrZSBtZS4uLiBieSBvdGhlcnM/Li4u,,,,,W0FocnVtXQpNZXUgYW5jZXN0cmFsIF5GRjAwMDBTY2htaWR0XjAwMDAwMC4uLiBPIHF1ZSB2b2PDqiBmYXJpYSBuZXNzYSBzaXR1YcOnw6NvPwpOw6NvLi4uIHNlcsOhIHF1ZSB0YW1iw6ltIGZvaSB1c2FkbywgY29tbyBldS4uLiBwb3Igb3V0cm9zPw==,,W0FocnVtXQpNaSBhbnRlcGFzYWRvIF5GRjAwMDBTY2htaWR0XjAwMDAwMOKApiDCv1F1w6kgaGFyw61hcyBlbiBlc3RhIHNpdHVhY2nDs24/IE5v4oCmIMK/QWNhc28gbG9zIGRlbcOhcyB0YW1iacOpbuKApiB0ZSB1c2Fyb27igKY/
KSoJ,,W0FocnVtXQpObywgaXQncyBubyBnb29kLi4uIE5vLi4uIEluIHRoaXMgcGhhc2UsIEkgd2lsbCBiZSB0aGUga2luZy4gSSBzaG91bGRuJ3QgYmUgdGhlIGtpbmcuLi4gRXJuLi4uIFlvdSBzaG91bGQgbm90IGZvcmdldCB0aGUgbWVhbmluZyBvZiBhIHJlYWwga2luZy4uLg==,,,,,W0FocnVtXQpOw6NvLCBpc3NvIG7Do28gZXN0w6EgY2VydG8uLi4gTsOjby4uLgpOZXNzYSBmYXNlLCBldSBzZXJlaSBvIHJlaS4KTWFzIGV1IG7Do28gZGV2ZXJpYSBzZXIgcmVpLi4uCkVybi4uLiB2b2PDqiBuw6NvIGRldmUgZXNxdWVjZXIgbyB2ZXJkYWRlaXJvIHNlbnRpZG8gZGUgdW0gcmVpLi4u,,W0FocnVtXQpObywgbm8gcHVlZGUgc2Vy4oCmIE5v4oCmIEVuIGVzdGEgZXRhcGEsIG1lIGNvbnZlcnRpcsOpIGVuIHJleS4gTm8gZGViZXLDrWEgc2VyIGVsIHJleeKApiBFcm7igKYgTm8gZGViZXMgb2x2aWRhciBlbCBzaWduaWZpY2FkbyBkZSB1biB2ZXJkYWRlcm8gcmV54oCm
KioJ,,W0FocnVtXQpGb3IgdGhlIHJlYWwga2luZydzIGFwcGVhcmFuY2UuLi4gSSBhbSBnb2luZyB0b25pZ2h0Li4uLiB0byBkYXJrbmVzcyBmb3IgeW91LiAuLi5BaGhoaGhoaGghISE=,,,,,W0FocnVtXQpQYXJhIHF1ZSBvIHZlcmRhZGVpcm8gcmVpIGFwYXJlw6dhLi4uIEhvamUgw6Agbm9pdGUgZXUgaXJlaS4uLgpwYXJhIGEgZXNjdXJpZMOjby4uLiBwb3Igdm9jw6ouIC4uLkFoaGhoaGhoaCEhIQ==,,W0FocnVtXQpQYXJhIHF1ZSBhcGFyZXpjYSBlbCB2ZXJkYWRlcm8gcmV54oCmIEVzdGEgbm9jaGUgbGxldmFyw6nigKYgbGEgb3NjdXJpZGFkIGEgdGnigKYgwqHCocKhQWhoaGhoaCEhIQ==
KyoJ,,R3VhcmQ=,,,,,R3VhcmRh,,R3VhcmQ=
LCoJ,,W0d1YXJkIG9mIGEgc3RyYW5nZSBwbGFjZV0KWW91IGNhbiBnbyB0byB0aGUgcm9vbSB3aGVyZSBwcmluY2VzIGdhdGhlciwgdGhyb3VnaCB0aGUgaGlkZGVuIGRvb3IuIEZvciBzZWN1cml0eSByZWFzb25zLCBpdCBpcyB0b3RhbGx5IGd1YXJkZWQgYW5kIGhpZGRlbi4=,,,,,W0d1YXJkYSBkZSB1bSBsdWdhciBlc3RyYW5ob10KVm9jw6ogcG9kZSBhY2Vzc2FyIG8gc2Fsw6NvIG9uZGUgb3MgcHLDrW5jaXBlcyBlc3TDo28gcmV1bmlkb3MgcGVsYSBwb3J0YSBzZWNyZXRhLiBQb3IgcXVlc3TDtWVzIGRlIHNlZ3VyYW7Dp2EsIGVsYSDDqSBiZW0gcHJvdGVnaWRhIGUgZGlzY3JldGEu,,W0d1YXJkaWEgZGUgbHVnYXIgcmFyb10KUHVlZGVzIGlyIGEgbGEgc2FsYSBkb25kZSBlc3TDoW4gcmV1bmlkb3MgdG9kb3MgbG9zIHByw61uY2lwZXMgYSB0cmF2w6lzIGRlIGxhIHB1ZXJ0YSBzZWNyZXRhLiBQb3IgbW90aXZvcyBkZSBzZWd1cmlkYWQsIGVzdMOhIHRvdGFsbWVudGUgdmlnaWxhZGEgeSBvY3VsdGEu
LSoJ,,W0d1YXJkIG9mIGEgc3RyYW5nZSBwbGFjZV0KTGV0IG1lIG9wZW4gdGhlIGRvb3Iu,,,,,W0d1YXJkYSBkZSB1bSBsdWdhciBlc3RyYW5ob10KVm91IGFicmlyIGEgcG9ydGEu,,W0d1YXJkaWEgZGUgbHVnYXIgcmFyb10KRMOpamFtZSBhYnJpciBsYSBwdWVydGEu
LioJ,,W0d1YXJkIG9mIGEgc3RyYW5nZSBwbGFjZV0KSSBqdXN0IGNhbWUgaGVyZSB0byByZXN0LiBGb3IgbG9jYXRpb24gaW5mb3JtYXRpb24sIHlvdSBjYW4gYXNrIGl0IG9mIG90aGVycy4=,,,,,W0d1YXJkYSBkZSB1bSBsdWdhciBlc3RyYW5ob10KU8OzIHZpbSBhcXVpIHByYSBkZXNjYW5zYXIuIFNlIHByZWNpc2FyIGRlIGluZm9ybWHDp8O1ZXMgc29icmUgbyBsb2NhbCwgcGVyZ3VudGUgYSBvdXRyYSBwZXNzb2Eu,,W0d1YXJkaWEgZGUgbHVnYXIgcmFyb10KU29sbyB2aW5lIGEgZGVzY2Fuc2FyLiBTaSBuZWNlc2l0YXMgaW5mb3JtYWNpw7NuIHNvYnJlIGxhIHViaWNhY2nDs24sIHByZWfDum50YWxlcyBhIGxvcyBkZW3DoXMu
LyoJ,,W3t9XQouLi4uLi4uLi4uLi4uLg==,,,,,W3t9XQouLi4uLi4uLi4uLi4uLg==,,W3t9XQrigKY=
MCoJ,,W3t9XQpUaGUgbWlsayBpcyBhbHJlYWR5IHNwaWx0LgpKdXN0IGZvcmdldCBhYm91dCBpdC4=,,,,,W3t9XQpPIGxlaXRlIGrDoSBmb2kgZGVycmFtYWRvLgpFc3F1ZcOnYSBpc3NvLg==,,W3t9XQpMYSBsZWNoZSB5YSBlc3TDoSBkZXJyYW1hZGEuCk9sdsOtZGFsby4=
MSoJ,,W3t9XQpXaG8gaXMgZ29pbmcgdG8gaGF2ZSB0aGUgdGhyb25lIGluc3RlYWQgb2YgaGltPw==,,,,,W3t9XQpRdWVtIHZhaSBhc3N1bWlyIG8gdHJvbm8gbm8gbHVnYXIgZGVsZT8=,,W3t9XQrCv1F1acOpbiBvY3VwYXLDoSBlbCB0cm9ubyBlbiBzdSBsdWdhcj8=
MioJ,,W3t9XQpPaCBuby4uLg==,,,,,W3t9XQpBaCwgbsOjby4uLg==,,W3t9XQpBeSwgbm/igKY=
MyoJ,,W3t9XQpXaGF0IHRob3VnaHRzIGRpZCBoZSBoYXZlLCBhbmQgaG93IGRpZCBoZSBkZWNpZGUgdG8gYmVjb21lIEtpbmcgaW4gdGhpcyByb29tPw==,,,,,W3t9XQpPIHF1ZSBlbGUgcGVuc2F2YS4uLj8KQ29tbyBkZWNpZGl1IHNlIHRvcm5hciByZWkgbmVzc2Egc2FsYT8=,,W3t9XQrCv0VuIHF1w6kgcGVuc2FiYSBlbiBlc2UgbW9tZW50byB5IGPDs21vIGRlY2lkacOzIGNvbnZlcnRpcnNlIGVuIHJleSBlbiBlc3RhIGhhYml0YWNpw7NuPw==
NCoJ,,W3t9XQpXaGF0IHNpdHVhdGlvbgpwdWxsZWQgaGltIGJhY2sgdG8gYW4gaXJyZXBhcmFibGUgcGxhY2U/,,,,,W3t9XQpRdWUgc2l0dWHDp8OjbyBvIGxldm91IGRlIHZvbHRhIHBhcmEgdW0gbHVnYXIgc2VtIHJldG9ybm8/,,W3t9XQrCv1F1w6kgc2l0dWFjacOzbgpsbyBsbGV2w7MgYSB0b21hciB1bmEgZGVjaXNpw7NuIHRhbiBkcsOhc3RpY2E/
NSoJ,,W3t9XQpJIGNhbid0IGFzayBoaW0gYW55bW9yZSwgYW5kIHRoZXJlIGFyZSBubyBjbHVlcyBsZWZ0LiBKdXN0IHdoYXQncyBsZWZ0IGlzLi4u,,,,,W3t9XQpOw6NvIHBvc3NvIG1haXMgcGVyZ3VudGFyLgpOw6NvIHJlc3RhbSBwaXN0YXMuIFPDsyBvIHF1ZSBzb2Jyb3UgZm9pLi4u,,W3t9XQpZYSBubyBzZSBsbyBwdWVkbyBwcmVndW50YXIsIHkgdGFtcG9jbyBxdWVkYW4gcGlzdGFzLiBMbyDDum5pY28gcXVlIHF1ZWRhIGVz4oCm
NioJ,,W0FocnVtXQp+fklmIHlvdSByZWFjdCB3cm9uZ2Z1bGx5IHRvIHRoaXMgaW5jaWRlbnQsIG15IGRlYXRoIHdpbGwgYmUgd29ydGhsZXNzLi4ua3VrLi4uIERvIHlvdSB1bmRlcnN0YW5kP35+,,,,,W0FocnVtXQp+flNlIHZvY8OqIHJlYWdpciBkZSBmb3JtYSBlcnJhZGEgYSBlc3RlIGluY2lkZW50ZSwgbWluaGEgbW9ydGUgc2Vyw6EgZW0gdsOjby4uLiBrdWsuLi4gVm9jw6ogZW50ZW5kZT9+fg==,,W0FocnVtXQp+flNpIHJlYWNjaW9uYXMgbWFsIGEgZXN0ZSBpbmNpZGVudGUsIG1pIG11ZXJ0ZSBoYWJyw6Egc2lkbyBlbiB2YW5v4oCmIFVnaOKApiDCv0VudGllbmRlc35+Pw==
NyoJ,,W3t9XQouLi5LZWVwaW5nIHNpbGVudCBmb3IgaGltLgpUYWtpbmcgdGhlIGJ1cmRlbiB0aGF0IGhlIGxlZnQuLi4gYWxsIHRocm91Z2hvdXQgbXkgbGlmZS4=,,,,,W3t9XQouLi5QZXJtYW5lY2VyIGVtIHNpbMOqbmNpbyBwb3IgZWxlLiBDYXJyZWdhciBvIGZhcmRvIHF1ZSBlbGUgZGVpeG91Li4uIHBvciB0b2RhIGEgbWluaGEgdmlkYS4=,,W3t9XQrigKZHdWFyZGFyw6kgZXN0ZSBzZWNyZXRvIHBvciDDqWwuCkxsZXZhcsOpIGxhIGNhcmdhIHF1ZSBkZWrDsyBhdHLDoXPigKYgcG9yIGVsIHJlc3RvIGRlIG1pIHZpZGEu
OCoJ,,W3t9XQouLi5SZXN0IGluIHBlYWNlLg==,,,,,W3t9XQouLi5EZXNjYW5zZSBlbSBwYXou,,W3t9XQrigKZEZXNjYW5zYSBlbiBwYXou
