gGLuAQ,,UGFyYSBNYXJrZXQgR3VpZGU=,,,,,R3VpYSBkbyBNZXJjYWRvIFBhcmFlbnNl,,UGFyYSBNYXJrZXQgR3VpZGU=
gWLuAQ,,W0d1aWRlXQpXZWxjb21lIHRvIFBhcmEgTWFya2V0LCB0aGUgb2ZmaWNpYWwgbWFya2V0IHJ1biBieSB0aGUgdW5pb24gb2YgbWVyY2hhbnRzIGluIGV2ZXJ5IGNvbnRpbmVudCBhbmQgc3BvbnNvcmVkIGJ5IEVkZW4gR3JvdXAu,,,,,W0d1aWFdCkJlbS12aW5kbyBhbyBQYXJhIE1hcmtldCwgbyBtZXJjYWRvIG9maWNpYWwgYWRtaW5pc3RyYWRvIHBlbGEgdW5pw6NvIGRvcyBjb21lcmNpYW50ZXMgZGUgdG9kb3Mgb3MgY29udGluZW50ZXMgZSBwYXRyb2NpbmFkbyBwZWxvIEVkZW4gR3JvdXAu,,W0d1w61hXQpUZSBkYW1vcyBsYSBiaWVudmVuaWRhIGFsIE1lcmNhZG8gZGUgRWTDqW4sIGVsIG1lcmNhZG8gb2ZpY2lhbCBnZXN0aW9uYWRvIHBvciBlbCBzaW5kaWNhdG8gZGUgQ29tZXJjaWFudGVzIGRlIHRvZG9zIGxvcyBjb250aW5lbnRlcyB5IHBhdHJvY2luYWRvIHBvciBlbCBHcnVwbyBkZSBFZMOpbi4=
gmLuAQ,,QWJvdXQgYnVzaW5lc3MgZGF5cw==,,,,,Q2VyY2EgZGUgZGlhcyDDunRlaXM=,,QWNlcmNhIGRlIGxvcyBkw61hcyBow6FiaWxlcy4=
g2LuAQ,,QWJvdXQgc3BlY2lhbCBpdGVtcw==,,,,,U29icmUgaXRlbnMgZXNwZWNpYWlz,,QWNlcmNhIGRlIGxvcyBvYmpldG9zIGVzcGVjaWFsZXMu
hGLuAQ,,QWJvdXQgUGFyYSBNYXJrZXQ=,,,,,U29icmUgbyBQYXJhIE1hcmtldA==,,QWNlcmNhIGRlbCBNZXJjYWRvIGRlIEVkw6luLg==
hWLuAQ,,Q2FuY2Vs,,,,,Q2FuY2VsYXI=,,Q2FuY2VsYXIu
hmLuAQ,,W0d1aWRlXQpQYXJhIE1hcmtldCBpcyBhIHNvcnQgb2YgZ2VuZXJhbCBtYXJrZXQuCkhlcmUsIGJ1c2luZXNzcGVvcGxlIG9mIGVhY2ggYnVzaW5lc3MgYXJlYSBnYXRoZXIgYXQgb25lIHNwb3QgdG8gZm9ybSBhIHRoZW1lZCBzaG9wcGluZyBhcmVhLg==,,,,,W0d1aWFdCk8gUGFyYSBNYXJrZXQgw6kgdW1hIGVzcMOpY2llIGRlIG1lcmNhZG8gZ2VyYWwuCkFxdWksIG9zIGVtcHJlc8OhcmlvcyBkZSBjYWRhIMOhcmVhIGNvbWVyY2lhbCBzZSByZcO6bmVtIGVtIHVtIMO6bmljbyBsb2NhbCBwYXJhIGZvcm1hciB1bWEgw6FyZWEgZGUgY29tcHJhcyB0ZW3DoXRpY2Eu,,W0d1w61hXQpFbCBNZXJjYWRvIGRlIEVkw6luIGVzIHVuYSBlc3BlY2llIGRlIG1lcmNhZG8gZ2VuZXJhbC4KQXF1w60sIGxvcyBlbXByZXNhcmlvcyBkZSBjYWRhIHpvbmEgY29tZXJjaWFsIHNlIHJlw7puZW4gZW4gdW4gcHVudG8gcGFyYSBmb3JtYXIgdW5hIHpvbmEgZGUgdGllbmRhcyB0ZW3DoXRpY2Eu
h2LuAQ,,W0d1aWRlXQpFdmVyeSBXZWRuZXNkYXkgaXMgYSBkZXNpZ25hdGVkIG1hcmtldCBob2xpZGF5LCBzbyBtb3N0IG9mIHRoZSBzaG9wcyBhcmUgY2xvc2VkIHRoYXQgZGF5Lg==,,,,,W0d1aWFdLgpUb2RhIHF1YXJ0YS1mZWlyYSDDqSBmZXJpYWRvIG5vIG1lcmNhZG8sIHBvcnRhbnRvIGEgbWFpb3JpYSBkYXMgbG9qYXMgZmljYSBmZWNoYWRhIG5lc3NlIGRpYS4=,,W0d1w61hXQpFbCBtacOpcmNvbGVzIGVzIGVsIGTDrWEgZGUgZGVzY2Fuc28gZGVzaWduYWRvIGRlbCBtZXJjYWRvLCBwb3IgbG8gcXVlIGxhIG1heW9yw61hIGRlIGxhcyB0aWVuZGFzIGNpZXJyYW4gZXNlIGTDrWEu
iGLuAQ,,W0d1aWRlXQpIb3dldmVyLCBzb21lIHNob3BzIHBhcnRpYWxseSBkbyBidXNpbmVzcywgZGVwZW5kaW5nIG9uIHRoZSBpdGVtcyB0aGV5IHNlbGwKb3IgYXQgdGhlaXIgb3duIGRpc2NyZXRpb24u,,,,,W0d1aWFdLgpObyBlbnRhbnRvLCBhbGd1bWFzIGxvamFzIGZhemVtIG5lZ8OzY2lvcyBwYXJjaWFsbWVudGUsIGRlcGVuZGVuZG8gZG9zIGl0ZW5zIHF1ZSB2ZW5kZW0Kb3UgYSBzZXUgcHLDs3ByaW8gY3JpdMOpcmlvLg==,,W0d1w61hXQpTaW4gZW1iYXJnbywgYWxndW5hcyB0aWVuZGFzIGFicmVuIGEgdGllbXBvIHBhcmNpYWwsIGVuIGZ1bmNpw7NuIGRlIGxvcyBvYmpldG9zIHF1ZSB2ZW5kZW4KbyBzZWfDum4gc3UgcHJvcGlvIGNyaXRlcmlvLg==
iWLuAQ,,W0d1aWRlXQpTb21lIHNob3BzIGV2ZW4gc2VsbCBzcGVjaWFsIGl0ZW1zIG9uIGEgc3BlY2lmaWMgZGF5IG9mIHRoZSB3ZWVrLCBzbyBJIGFzc3VtZSBpdCdzIHdvcnRoIGNoZWNraW5nIHRoZW0gb3V0Lg==,,,,,W0d1aWFdCkFsZ3VtYXMgbG9qYXMgYXTDqSB2ZW5kZW0gaXRlbnMgZXNwZWNpYWlzIGVtIHVtIGRpYSBlc3BlY8OtZmljbyBkYSBzZW1hbmEsIHBvcnRhbnRvLCBhY2hvIHF1ZSB2YWxlIGEgcGVuYSBkYXIgdW1hIG9saGFkYSBuZWxhcy4=,,W0d1w61hXQpBbGd1bmFzIHRpZW5kYXMgaW5jbHVzbyB2ZW5kZW4gb2JqZXRvcyBlc3BlY2lhbGVzIHVuIGTDrWEgY29uY3JldG8gZGUgbGEgc2VtYW5hLCBhc8OtIHF1ZSBzdXBvbmdvIHF1ZSB2YWxlIGxhIHBlbmEgZWNoYXJsZXMgdW4gdmlzdGF6by4=
imLuAQ,,W0d1aWRlXQpXZSBoYXZlIGEgZmV3IHNob3BzIHRoYXQgc2VsbCBwcm9kdWN0cywgd2hpY2ggdGhleSBkb24ndCByZWd1bGFybHkgc2VsbCwgb24gd2Vla2VuZHMsIG9uIGEgc3BlY2lmaWMgZGF5IG9mIHRoZSB3ZWVrLApvciBhdCBhIHNwZWNpZmljIHRpbWUu,,,,,W0d1aWFdLgpUZW1vcyBhbGd1bWFzIGxvamFzIHF1ZSB2ZW5kZW0gcHJvZHV0b3MgcXVlIG7Do28gdmVuZGVtIHJlZ3VsYXJtZW50ZSBub3MgZmluYWlzIGRlIHNlbWFuYSwgZW0gdW0gZGlhIGVzcGVjw61maWNvIGRhIHNlbWFuYSwKb3UgZW0gdW0gaG9yw6FyaW8gZXNwZWPDrWZpY28u,,W0d1w61hXQpUZW5lbW9zIGFsZ3VuYXMgdGllbmRhcyBxdWUgbG9zIGZpbmVzIGRlIHNlbWFuYSwgdW4gZMOtYSBjb25jcmV0byBkZSBsYSBzZW1hbmEgbyBhIHVuYSBob3JhIGRldGVybWluYWRhIHZlbmRlbiBwcm9kdWN0b3MKcXVlIG5vIHZlbmRlbiBoYWJpdHVhbG1lbnRlLg==
i2LuAQ,,W0d1aWRlXQpTdHlsaXNoIEd1eXMsIGFuZCBTdHJvbmcgR3V5cyBzZWxsIDEgcmFyZSwgbGltaXRlZCBpdGVtIG9uIHdlZWtlbmRzLgpNaW5lciBVbmlvbiBzZWxscyBBbnZpbCwgd2hpY2ggaXMgcmVxdWlyZWQgZm9yIHNtaXRpbmcgd29yaywgb25seSBvbiB3ZWVrZW5kcy4=,,,,,W0d1aWFdClN0eWxpc2ggR3V5cyBlIFN0cm9uZyBHdXlzIHZlbmRlbSAxIGl0ZW0gcmFybyBlIGxpbWl0YWRvIG5vcyBmaW5zIGRlIHNlbWFuYS4KTyBTaW5kaWNhdG8gZG9zIE1pbmVpcm9zIHZlbmRlIEFudmlsIChiaWdvcm5hKSwgcXVlIMOpIG5lY2Vzc8OhcmlhIHBhcmEgbyB0cmFiYWxobyBkZSBmZXJyYXJpYSwgc29tZW50ZSBub3MgZmlucyBkZSBzZW1hbmEu,,W0d1w61hXQpDaGljb3MgY29uIGVzdGlsbyB5IENoaWNvcyBmdWVydGVzIHZlbmRlbiAxb2JqZXRvIHJhcm8geSBsaW1pdGFkbyBsb3MgZmluZXMgZGUgc2VtYW5hLgpFbCBzaW5kaWNhdG8gZGUgbWluZXJvcyB2ZW5kZSBZdW5xdWVzLCBuZWNlc2FyaW9zIHBhcmEgZWwgdHJhYmFqbyBkZSBoZXJyZXJvLCBzb2xvIGxvcyBmaW5lcyBkZSBzZW1hbmEu
jGLuAQ,,W0d1aWRlXQpFYWNoIHNob3Agc2VsbHMgZGlmZmVyZW50IHByb2R1Y3RzIG9uIGEgZGlmZmVyZW50IGRheSwgc28gSSBjYW4ndCB0ZWxsIHlvdSBldmVyeXRoaW5nIG9uZSBieSBvbmUuCldoeSBkb24ndCB5b3Ugc3RvcCBieSBQYXJhIE1hcmtldCBvZnRlbiB0byBjaGVjayB0aGVtIHlvdXJzZWxmPw==,,,,,W0d1aWFdLgpDYWRhIGxvamEgdmVuZGUgcHJvZHV0b3MgZGlmZXJlbnRlcyBlbSB1bSBkaWEgZGlmZXJlbnRlLCBwb3IgaXNzbyBuw6NvIHBvc3NvIGxoZSBjb250YXIgdHVkbywgdW0gcG9yIHVtLgpQb3IgcXVlIHZvY8OqIG7Do28gZMOhIHVtYSBwYXNzYWRhIG5vIFBhcmEgTWFya2V0IGNvbSBmcmVxdcOqbmNpYSBwYXJhIGNvbmZlcmlyPw==,,W0d1w61hXQpDYWRhIHRpZW5kYSB2ZW5kZSBwcm9kdWN0b3MgZGlmZXJlbnRlcyBlbiBkw61hcyBkaWZlcmVudGVzLCBhc8OtIHF1ZSBubyBwdWVkbyBjb250w6FydGVsbyB0b2RvIHVubyBwb3IgdW5vLgrCv1BvciBxdcOpIG5vIHBhc2FzIGEgbWVudWRvIHBvciBlbCBNZXJjYWRvIGRlIEVkw6luIHBhcmEgdmVybG9zIGVuIHBlcnNvbmE/
jWLuAQ,,W0d1aWRlXQpUaGVyZSBhcmUgbWFueSBwZW9wbGUgaW4gdGhlIHdvcmxkIHdobyB3YW50IHRvIHNlbGwgdGhlIHRoaW5ncyB0aGV5IGFjcXVpcmVkIHRvIG90aGVyIHBlb3BsZS4KUGFyYSBNYXJrZXQgcmVzZXJ2ZWQgYSBzcG90IGZvciBzdWNoIHBlb3BsZSwgYWxsb3dpbmcgdGhlbSB0byBmb3JtIGFub3RoZXIgc2hvcHBpbmcgYXJlYS4=,,,,,W0d1aWFdLgpIw6EgbXVpdGFzIHBlc3NvYXMgbm8gbXVuZG8gcXVlIHF1ZXJlbSB2ZW5kZXIgYXMgY29pc2FzIHF1ZSBhZHF1aXJpcmFtIHBhcmEgb3V0cmFzIHBlc3NvYXMuCk8gUGFyYSBNYXJrZXQgcmVzZXJ2b3UgdW0gbG9jYWwgcGFyYSBlc3NhcyBwZXNzb2FzLCBwZXJtaXRpbmRvIHF1ZSBlbGFzIGZvcm1lbSBvdXRyYSDDoXJlYSBkZSBjb21wcmFzLg==,,W0d1w61hXQpIYXkgbXVjaGFzIHBlcnNvbmFzIGVuIGVsIG11bmRvIHF1ZSBxdWllcmVuIHZlbmRlciBhIG90cmFzIHBlcnNvbmFzIGxhcyBjb3NhcyBxdWUgYWRxdWlyaWVyb24uCkVsIE1lcmNhZG8gZGUgRWTDqW4gdGllbmUgdW4gbHVnYXIgcmVzZXJ2YWRvIHBhcmEgZXN0YXMgcGVyc29uYXMsIGxvIHF1ZSBsZXMgcGVybWl0ZSBmb3JtYXIgb3RyYSB6b25hIGRlIHRpZW5kYXMu
jmLuAQ,,W0d1aWRlXQpTdWNoIHRyYW5zYWN0aW9ucyBjb3VsZCd2ZSBiZWVuIGp1ZGdlZCBpbGxlZ2FsLCBidXQgd2UgZ290IHRoZSBjb25zZW50IG9mIG1lcmNoYW50IGd1aWxkcyBhbmQgYWR2ZW50dXJlcnMKc28gdGhhdCB0aGV5IGNvdWxkIHRyYWRlIGl0ZW1zIGZhaXJseSBhbmQgdHJhbnNwYXJlbnRseS4=,,,,,W0d1aWFdCkVzc2FzIHRyYW5zYcOnw7VlcyBwb2RlcmlhbSB0ZXIgc2lkbyBjb25zaWRlcmFkYXMgaWxlZ2FpcywgbWFzIG9idGl2ZW1vcyBvIGNvbnNlbnRpbWVudG8gZGFzIGd1aWxkYXMgZGUgY29tZXJjaWFudGVzIGUgYXZlbnR1cmVpcm9zCnBhcmEgcXVlIGVsZXMgcHVkZXNzZW0gbmVnb2NpYXIgaXRlbnMgZGUgZm9ybWEganVzdGEgZSB0cmFuc3BhcmVudGUu,,W0d1w61hXQpUYWxlcyB0cmFuc2FjY2lvbmVzIHBvZHLDrWFuIGhhYmVyc2UgY29uc2lkZXJhZG8gZGUgaWxlZ2FsZXMsIHBlcm8gY29uc2VndWltb3MgZWwgY29uc2VudGltaWVudG8gZGUgbWllbWJyb3MgZGVsIGdyZW1pbyBkZSBDb21lcmNpYW50ZXMgeSB0cm90YW11bmRvcwpwYXJhIHBvZGVyIGludGVyY2FtYmlhciBvYmpldG9zIGRlIGZvcm1hIGp1c3RhIHkgdHJhbnNwYXJlbnRlLg==
j2LuAQ,,W0d1aWRlXQpTb21lIHNheSBQYXJhIE1hcmtldCBpcyBhIGJsYWNrIG1hcmtldCwgYnV0IHRoYXQncyBub3QgdHJ1ZSBhdCBhbGwhClRoaXMgaXMganVzdCBhIGdhdGhlcmluZyBvZiBtZXJjaGFudHMgd2hvIGhhdmUgYSBtdXR1YWwgdW5kZXJzdGFuZGluZy4=,,,,,W0d1aWFdCkFsZ3VucyBkaXplbSBxdWUgbyBQYXJhIE1hcmtldCDDqSB1bSBtZXJjYWRvIG5lZ3JvLCBtYXMgaXNzbyBuw6NvIMOpIHZlcmRhZGUhClRyYXRhLXNlIGFwZW5hcyBkZSB1bWEgcmV1bmnDo28gZGUgY29tZXJjaWFudGVzIHF1ZSB0w6ptIHVtIGVudGVuZGltZW50byBtw7p0dW8u,,W0d1w61hXQpBbGd1bm9zIGRpY2VuIHF1ZSBlbCBNZXJjYWRvIGRlIEVkw6luIGVzIHVuIG1lcmNhZG8gbmVncm8sIMKhcGVybyBlc28gbm8gZXMgcGFyYSBuYWRhIGNpZXJ0byEKRXMgc29sbyB1bmEgcmV1bmnDs24gZGUgQ29tZXJjaWFudGVzIHF1ZSB0aWVuZW4gdW4gZW50ZW5kaW1pZW50byBtdXR1by4=
kGLuAQ,,W0d1aWRlXQpTb21lIG9mIHRoZSBwcm9maXRzIG1hZGUgaGVyZSBhcmUgdXNlZCBhcyBvcGVyYXRpbmcgZnVuZHMgZm9yIEVkZW4gR3JvdXAsIHRoZSByZXF1ZXN0IGJyb2tlcmFnZSBhZ2VuY3kgZm9yIGFkdmVudHVyZXJzLgpZb3UgY2FuIHNlbGwgb2ZmIHlvdXIgc3BvaWxzLCBhbmQgd2UgcHJvdmlkZSBhbWVuaXRpZXMgdG8geW91IGZyb20gdGhlIHByb2ZpdHMuIFR3byBiaXJkcywgb25lIHN0b25lLCBhbSBJIHJpZ2h0Pw==,,,,,W0d1aWFdCkFsZ3VucyBkb3MgbHVjcm9zIG9idGlkb3MgYXF1aSBzw6NvIHVzYWRvcyBjb21vIGZ1bmRvcyBvcGVyYWNpb25haXMgcGFyYSBvIEVkZW4gR3JvdXAsIGEgYWfDqm5jaWEgZGUgY29ycmV0YWdlbSBkZSBwZWRpZG9zIHBhcmEgYXZlbnR1cmVpcm9zLgpWb2PDqiBwb2RlIHZlbmRlciBzZXVzIGVzcMOzbGlvcywgZSBuw7NzIGZvcm5lY2Vtb3MgY29tb2RpZGFkZXMgcGFyYSB2b2PDqiBjb20gb3MgbHVjcm9zLiBEb2lzIHDDoXNzYXJvcywgdW1hIHBlZHJhLCBjZXJ0bz8=,,W0d1w61hXQpQYXJ0ZSBkZSBsb3MgYmVuZWZpY2lvcyBvYnRlbmlkb3MgYXF1w60gc2UgdXNhbiBjb21vIGZvbmRvcyBvcGVyYXRpdm9zIGRlbCBHcnVwbyBkZSBFZMOpbiwgbGEgYWdlbmNpYSBkZSBpbnRlcm1lZGlhY2nDs24gZGUgc29saWNpdHVkZXMgcGFyYSB0cm90YW11bmRvcy4KUHVlZGVzIHZlbmRlciB0dSBib3TDrW4sIHkgbm9zb3Ryb3MgdGUgYnJpbmRhcmVtb3Mgc2VydmljaW9zIGNvbiBsb3MgYmVuZWZpY2lvcy4gRG9zIHDDoWphcm9zIGRlIHVuIHRpcm8sIMK/dmVyZGFkPw==
kWLuAQ,,W0d1aWRlXQpPaCwgcmlnaHQuIFlvdSBjYW4ndCBnZXQgYW55IGRpc2NvdW50IGZvciBsaW1pdGVkIHByb2R1Y3RzLiBCZSBzdXJlIHRvIHJlbWVtYmVyIHRoYXQh,,,,,W0d1aWFdLgpBaCwgY2VydG8uIFZvY8OqIG7Do28gcG9kZSBvYnRlciBuZW5odW0gZGVzY29udG8gcGFyYSBwcm9kdXRvcyBsaW1pdGFkb3MuIExlbWJyZS1zZSBkaXNzbyE=,,W0d1w61hXQpBaCwgc8OtLiBObyBwdWVkZXMgb2J0ZW5lciBuaW5nw7puIGRlc2N1ZW50byBlbiBwcm9kdWN0b3MgbGltaXRhZG9zLiDCoU5vIGxvIG9sdmlkZXMh
kmLuAQ,,W0d1aWRlXQpFbmpveSB5b3VyIHRpbWUgaGVyZSE=,,,,,W0d1aWFdCkFwcm92ZWl0ZSBzZXUgdGVtcG8gYXF1aSE=,,W0d1w61hXQrCoURpc2ZydXRhIGRlIHR1IGVzdGFkw61hIGFxdcOtIQ==
k2LuAQ,,V2VsY29tZS4gUGFyYSBNYXJrZXQgYWx3YXlzIHN0cml2ZXMgdG8gcHJvdmlkZSB0aGUgYmVzdCBzZXJ2aWNlLg==,,,,,QmVtLXZpbmRvLiBBIFBhcmEgTWFya2V0IHNlbXByZSBzZSBlc2ZvcsOnYSBwYXJhIG9mZXJlY2VyIG8gbWVsaG9yIHNlcnZpw6dvLg==,,VGUgZGFtb3MgbGEgYmllbnZlbmlkYS4gRWwgTWVyY2FkbyBkZSBFZMOpbiBzaWVtcHJlIHNlIGVzZnVlcnphIHBvciBvZnJlY2VyIGVsIG1lam9yIHNlcnZpY2lvLg==
lGLuAQ,,UGFyYSBNYXJrZXQgVG91dA==,,,,,UGFyYSBNYXJrZXQgVG91dA==,,UGFyYSBNYXJrZXQgVG91dA==
lWLuAQ,,W1RvdXRdCkhleSB0aGVyZSwgYWR2ZW50dXJlci4KSSBjYW4gdGFrZSB5b3UgdG8gYSBnb29kIHBsYWNlLiBBcmUgeW91IGludGVyZXN0ZWQ/,,,,,W1RvdXRdCk9sw6EsIGF2ZW50dXJlaXJvLgpQb3NzbyBsZXbDoS1sbyBhIHVtIGJvbSBsdWdhci4gVm9jw6ogZXN0w6EgaW50ZXJlc3NhZG8/,,W1RvdXRdCkhvbGEsIHRyb3RhbXVuZG9zLgpQdWVkbyBsbGV2YXJ0ZSBhIHVuIGJ1ZW4gbHVnYXIuIMK/VGUgaW50ZXJlc2E/
lmLuAQ,,TGV0J3MgZ28gdG8gUGFyYSBNYXJrZXQh,,,,,VmFtb3MgYW8gUGFyYSBNYXJrZXQh,,wqFWYW1vcyBhbCBNZXJjYWRvIGRlIEVkw6luIQ==
l2LuAQ,,W1RvdXRdCkxldCdzIGdvIQ==,,,,,W1RvdXRdClZhbW9zIGzDoSE=,,W1RvdXRdCsKhVmFtb3Mh
mGLuAQ,,RXhjYWxpYnVy,,,,,RXhjYWxpYnVy,,RXhjw6FsaWJ1cg==
mWLuAQ,,SW1tYXRlcmlhbCBTd29yZA==,,,,,RXNwYWRhIGltYXRlcmlhbA==,,RXNwYWRhIGludGFuZ2libGU=
mmLuAQ,,R3JhbmQgQ3Jvc3M=,,,,,R3JhbmRlIENydXo=,,R3JhbiBjcnV6
m2LuAQ,,UnVkcmEgQm93,,,,,QXJjbyBSdWRyYQ==,,QXJjbyBkZSBSdWRyYQ==
nGLuAQ,,QmF6ZXJhbGQ=,,,,,QmF6ZXJhbGRh,,QmF6ZXJhbGQ=
nWLuAQ,,R3JhbmQgQ2lyY2xldA==,,,,,R3JhbmQgQ2lyY2xldA==,,R3JhbiBkaWFkZW1h
nmLuAQ,,RGVhdGggR3VpZGFuY2U=,,,,,T3JpZW50YcOnw6NvIHNvYnJlIG1vcnRl,,R3XDrWEgZGUgbGEgbXVlcnRl
n2LuAQ,,T2xkIENhcmQgQWxidW0=,,,,,w4FsYnVtIGRlIGNhcnTDtWVzIGFudGlnb3M=,,w4FsYnVtIGRlIGNhcnRhcyBhbnRpZ3Vv
oGLuAQ,,R29sZA==,,,,,T3Vybw==,,T3Jv
oWLuAQ,,SXppZG9y,,,,,SXppZG9y,,SXppZG9y
omLuAQ,,W1RvdXRdCkhlaCBoZWggaGVoLiBQYXJhIE1hcmtldCBpcyBhIHBsYWNlCndoZXJlIHBlb3BsZSBzZWxsaW5nIGV2ZXJ5IGtpbmQgb2YgaXRlbSBnZXQgdG9nZXRoZXIuCk5vdCBzb21lIEplbGxvcGllcyB5b3UgY2FuIHNlZSBhbnl3aGVyZS4KVGhleSBvbmx5IGRlYWwgcmVhbCBkZWFscy4=,,,,,W1RvdXRdCkhlaCBoZWggaGVoLiBPIFBhcmEgTWFya2V0IMOpIHVtIGx1Z2FyCm9uZGUgYXMgcGVzc29hcyBxdWUgdmVuZGVtIHRvZG8gdGlwbyBkZSBpdGVtIHNlIHJlw7puZW0uCk7Do28gc8OjbyBhbGd1bnMgSmVsbG9waWVzIHF1ZSB2b2PDqiBwb2RlIHZlciBlbSBxdWFscXVlciBsdWdhci4KRWxlcyBzw7MgZmF6ZW0gbmVnw7NjaW9zIHJlYWlzLg==,,W1RvdXRdCkplLCBqZSwgamUuIEVsIE1lcmNhZG8gZGUgRWTDqW4gZXMgdW4gbHVnYXIKZG9uZGUgc2UgcmXDum5lIGdlbnRlIHF1ZSB2ZW5kZSB0b2RvIHRpcG8gZGUgb2JqZXRvcy4KTm8gdW5vcyBKZWxsb3B5IHF1ZSBzZSB2ZW4gZW4gY3VhbHF1aWVyIGxhZG8uClNvbG8gaGFjZW4gdmVyZGFkZXJvcyBuZWdvY2lvcy4=
o2LuAQ,,W1RvdXRdCkZyb20gc2ltcGxlIHBvdGlvbiBpbmdyZWRpZW50cyB0byBnZW1zdG9uZXMsIHN0cmFuZ2Ugc3R1ZmYgZnJvbSB0aGUgT3RoZXJ3b3JsZCwgYW5kIHJhcmUgaXRlbXMgYWNxdWlyZWQgZnJvbSBhIGR1bmdlb24gb3IgcnVpbnMhClRoYXQgcGxhY2UgaGFzIGV2ZXJ5dGhpbmch,,,,,W1RvdXRdCkRlIHNpbXBsZXMgaW5ncmVkaWVudGVzIGRlIHBvw6fDtWVzIGEgcGVkcmFzIHByZWNpb3NhcywgY29pc2FzIGVzdHJhbmhhcyBkbyBPdXRybyBNdW5kbyBlIGl0ZW5zIHJhcm9zIGFkcXVpcmlkb3MgZW0gdW1hIG1hc21vcnJhIG91IGVtIHJ1w61uYXMhCkVzc2UgbHVnYXIgdGVtIGRlIHR1ZG8h,,W1RvdXRdCkRlc2RlIHNpbXBsZXMgaW5ncmVkaWVudGVzIHBhcmEgcG9jaW9uZXMgaGFzdGEgZ2VtYXMsIGNvc2FzIGV4dHJhw7FhcyBkZWwgb3RybyBtdW5kbyDCoXkgb2JqZXRvcyByYXJvcyBhZHF1aXJpZG9zIGVuIG1hem1vcnJhcyBvIGVuIHJ1aW5hcyEKwqFFc2UgbHVnYXIgbG8gdGllbmUgdG9kbyE=
pGLuAQ,,SXMgaXQgYSBibGFjayBtYXJrZXQ/IQ==,,,,,w4kgdW0gbWVyY2FkbyBuZWdybz8=,,wqHCv0VzIHVuIG1lcmNhZG8gbmVncm8/IQ==
pWLuAQ,,W1RvdXRdCldlbGwsIG5vdCBleGFjdGx5IGEgYmxhY2sgbWFya2V0LgpJdCdzIGEgbGVnYWwgZ2VuZXJhbCBzaG9wcGluZyB6b25lLgpUaGUgdGhpbmcgaXMsIG1vc3Qgb2YgdGhlIHNob3BzIHRoZXJlIHNlbGwgb25seSBhIF40RDRERkZsaW1pdGVkIG51bWJlcl4wMDAwMDAgb2YgdGhlaXIgc3BlY2lhbHR5IGl0ZW1zLApzbyB5b3UgY2FuJ3QgYnV5IHRoZW0gaWYgeW91IHNob3cgdXAgbGF0ZS4=,,,,,W1RvdXRdCkJlbSwgbsOjbyDDqSBleGF0YW1lbnRlIHVtIG1lcmNhZG8gbmVncm8uCsOJIHVtYSB6b25hIGRlIGNvbXByYXMgZ2VyYWwgbGVnYWwuCk8gcHJvYmxlbWEgw6kgcXVlIGEgbWFpb3JpYSBkYXMgbG9qYXMgdmVuZGUgYXBlbmFzIHVtIG7Dum1lcm8gXjRENERGRmxpbWl0YWRvXjAwMDAwMCBkZSBzZXVzIGl0ZW5zIGVzcGVjaWFpcywKcG9ydGFudG8sIG7Do28gw6kgcG9zc8OtdmVsIGNvbXByw6EtbG9zIHNlIHZvY8OqIGNoZWdhciB0YXJkZS4=,,W1RvdXRdCkJ1ZW5vLCBubyBlcyBleGFjdGFtZW50ZSB1biBtZXJjYWRvIG5lZ3JvLgpFcyB1bmEgem9uYSBsZWdhbCBkZSB0aWVuZGFzIGRlIHRvZG8gdGlwby4KTGEgY3Vlc3Rpw7NuIGVzIHF1ZSBsYSBtYXlvcsOtYSBkZSBsYXMgdGllbmRhcyBzb2xvIHZlbmRlbiB1bmEgXjRENERGRmNhbnRpZGFkIGxpbWl0YWRhXjAwMDAwMCBkZSBzdXMgb2JqZXRvcyBlc3BlY2lhbGVzLAphc8OtIHF1ZSBubyBwdWVkZXMgY29tcHJhcmxvcyBzaSBsbGVnYXMgdGFyZGUu
pmLuAQ,,W1RvdXRdCkFuZCB5b3UgY2FuJ3QgZ2V0IGFueSBkaXNjb3VudCBmb3IgbW9zdCBvZiB0aG9zZSBsaW1pdGVkIGl0ZW1zLgpZb3UgaGF2ZSB0byBwYXkgdGhlIGZ1bGwgcHJpY2UgdGhlIHNob3AgcHV0Lg==,,,,,W1RvdXRdCkUgdm9jw6ogbsOjbyBwb2RlIG9idGVyIG5lbmh1bSBkZXNjb250byBwYXJhIGEgbWFpb3JpYSBkZXNzZXMgaXRlbnMgbGltaXRhZG9zLgpWb2PDqiB0ZW0gcXVlIHBhZ2FyIG8gcHJlw6dvIHRvdGFsIHF1ZSBhIGxvamEgY29sb2NhLg==,,W1RvdXRdClkgbm8gcHVlZGVzIGNvbnNlZ3VpciBuaW5nw7puIGRlc2N1ZW50byBlbiBsYSBtYXlvcsOtYSBkZSBlc29zIG9iamV0b3MgbGltaXRhZG9zLgpUaWVuZXMgcXVlIHBhZ2FyIGVsIHByZWNpbyB0b3RhbCBxdWUgcG9uZSBsYSB0aWVuZGEu
p2LuAQ,,W1RvdXRdClNvbWV0aW1lcyBhZHZlbnR1cmVycyBjb21lIHRvIHNlbGwgdGhlIHN0dWZmIHRoZXkgb2J0YWluZWQgZnJvbSBhIGR1bmdlb24uCkFueXdheSwgaXQncyBiZXR0ZXIgdG8gc2VlIGZvciB5b3Vyc2VsZi4=,,,,,W1RvdXRdCsOAcyB2ZXplcywgb3MgYXZlbnR1cmVpcm9zIHbDqm0gdmVuZGVyIGFzIGNvaXNhcyBxdWUgb2J0aXZlcmFtIGVtIHVtYSBtYXNtb3JyYS4KRGUgcXVhbHF1ZXIgZm9ybWEsIMOpIG1lbGhvciB2ZXIgcG9yIHNpIG1lc21vLg==,,W1RvdXRdCkEgdmVjZXMsIGxvcyB0cm90YW11bmRvcyB2aWVuZW4gYSB2ZW5kZXIgbGFzIGNvc2FzIHF1ZSBvYnR1dmllcm9uIGVuIHVuYSBtYXptb3JyYS4KRGUgdG9kb3MgbW9kb3MsIGVzIG1lam9yIHZlcmxvIGVuIHBlcnNvbmEu
qGLuAQ,,W1RvdXRdCk9oLCB0aGVyZSdzIGFuIG9mZmljaWFsIHdlZWtseSBob2xpZGF5LiBeNEQ0REZGTW9zdCBzaG9wcyBkb24ndCBvcGVuIGZvciBidXNpbmVzcyBvbiBXZWRuZXNkYXlzXjAwMDAwMC4KQnV0IG5vdCBhbGwgc2hvcHMuIFNvbWUgb2YgdGhlbSBvcGVuLg==,,,,,W09oLCBow6EgdW0gZmVyaWFkbyBzZW1hbmFsIG9maWNpYWwuXQpPaCwgaMOhIHVtIGZlcmlhZG8gc2VtYW5hbCBvZmljaWFsLiB7QSBtYWlvcmlhIGRhcyBsb2phcyBuw6NvIGFicmUgw6BzIHF1YXJ0YXMtZmVpcmFzXjAwMDAwMC4KTWFzIG5lbSB0b2RhcyBhcyBsb2phcy4gQWxndW1hcyBhYnJlbS4=,,W1RvdXRdCkhheSB1biBkw61hIGRlIGRlc2NhbnNvIG9maWNpYWwgc2VtYW5hbC4gXjRENERGRkxhIG1heW9yw61hIGRlIGxhcyB0aWVuZGFzIG5vIGFicmVuIGxvcyBtacOpcmNvbGVzXjAwMDAwMC4KUGVybyBubyB0b2RhcyBsYXMgdGllbmRhcy4gQWxndW5hcyBhYnJlbi4=
qWLuAQ,,W1RvdXRdCkFuZCB0aGV5IHNlbGwgYSBsb3QgbW9yZSBzcGVjaWFsIGl0ZW1zIG9uIHdlZWtlbmRzLgpJIGV2ZW4gc2F3IF40RDRERkZ7fV4wMDAwMDAgdGhlcmUhClRoYXQgd2FzIGEgbWluZC1ibG93aW5nIGV4cGVyaWVuY2UuCk9mIGNvdXJzZSwgaXQgd2FzIGV4cGVuc2l2ZSwgYW5kIHRoZXkgb25seSBzb2xkIGEgdmVyeSBzbWFsbCBudW1iZXIgb2YgdGhlbS4=,,,,,W1RvdXRdCkUgZWxlcyB2ZW5kZW0gbXVpdG8gbWFpcyBpdGVucyBlc3BlY2lhaXMgbm9zIGZpbmFpcyBkZSBzZW1hbmEuCkV1IGF0w6kgdmkgXjRENERGRnt9XjAwMDAwMCBsw6EhCkZvaSB1bWEgZXhwZXJpw6puY2lhIGluY3LDrXZlbC4Kw4kgY2xhcm8gcXVlIGVyYSBjYXJvIGUgZWxlcyB2ZW5kaWFtIGFwZW5hcyB1bSBuw7ptZXJvIG11aXRvIHBlcXVlbm8gZGUgaXRlbnMu,,W1RvdXRdClkgdmVuZGVuIG11Y2hvcyBtw6FzIG9iamV0b3MgZXNwZWNpYWxlcyBsb3MgZmluZXMgZGUgc2VtYW5hLgrCoUluY2x1c28gdmkgXjRENERGRnt9XjAwMDAwMCBhbGzDrSEKRnVlIHVuYSBleHBlcmllbmNpYSBhbHVjaW5hbnRlLgpQb3Igc3VwdWVzdG8sIGVyYSBhbGdvIGNhcm8sIHkgc29sbyB2ZW5kw61hbiB1bmEgY2FudGlkYWQgbXV5IHBlcXVlw7FhLg==
qmLuAQ,,W1RvdXRdCldoYXQgc2F5IHlvdT8gU291bmRzIGludGVyZXN0aW5nLCBpc24ndCBpdD8KRG9uJ3QgeW91IHRoaW5rIGl0J3Mgd29ydGggYSB2aXNpdD8KSGFoIGhhaCBoYWgh,,,,,W08gcXVlIHZvY8OqIGFjaGE/XQpPIHF1ZSB2b2PDqiBhY2hhPyBQYXJlY2UgaW50ZXJlc3NhbnRlLCBuw6NvIMOpPwpWb2PDqiBuw6NvIGFjaGEgcXVlIHZhbGUgYSBwZW5hIHZpc2l0YXI/CkhhaCBoYWggaGFoIQ==,,W1RvdXRdCsK/UXXDqSBtZSBkaWNlcz8gU3VlbmEgaW50ZXJlc2FudGUsIMK/dmVyZGFkPwrCv05vIGNyZWVzIHF1ZSB2YWxlIGxhIHBlbmEgdmlzaXRhcmxvPwrCoUphLCBqYSwgamEh
q2LuAQ,,W1RvdXRdCkNvbWUgdG8gbWUgYW55dGltZS4gSSBjYW4gc2VuZCB5b3UgdG8gUGFyYSBNYXJrZXQgaW4gbm8gdGltZSE=,,,,,W1RvdXRdClZlbmhhIGF0w6kgbWltIGEgcXVhbHF1ZXIgbW9tZW50by4gUG9zc28gbWFuZMOhLWxvIHBhcmEgbyBQYXJhIE1hcmtldCBlbSBwb3VjbyB0ZW1wbyE=,,W1RvdXRdClZ1ZWx2ZSBjdWFuZG8gcXVpZXJhcy4gwqFQdWVkbyBlbnZpYXJ0ZSBhbCBNZXJjYWRvIGRlIEVkw6luIGVuIHVuIGFicmlyIHkgY2VycmFyIGRlIG9qb3Mh
rGLuAQ,,TWFya2V0IEd1YXJk,,,,,R3VhcmRhIGRlIG1lcmNhZG8=,,TWFya2V0IEd1YXJk
rWLuAQ,,V2VsY29tZS4=,,,,,QmVtLXZpbmRvLg==,,VGUgZGFtb3MgbGEgYmllbnZlbmlkYS4=
rmLuAQ,,UGFyYSBNYXJrZXQgd2VsY29tZXMgeW91Lg==,,,,,TyBQYXJhIE1hcmtldCBsaGUgZMOhIGFzIGJvYXMtdmluZGFzLg==,,RWwgTWVyY2FkbyBkZSBFZMOpbiB0ZSBkYSBsYSBiaWVudmVuaWRhLg==
r2LuAQ,,UGFyYSBNYXJrZXQgdGhhbmtzIHlvdSBmb3IgeW91ciBwYXRyb25hZ2Uu,,,,,TyBQYXJhIE1hcmtldCBhZ3JhZGVjZSBzZXUgYXBvaW8u,,RWwgTWVyY2FkbyBkZSBFZMOpbiB0ZSBhZ3JhZGVjZSB0dSBwYXRyb2NpbmlvLg==
sGLuAQ,,R3JlZXRpbmdzLiBXZWxjb21lIHRvIFBhcmEgTWFya2V0Lg==,,,,,U2F1ZGHDp8O1ZXMuIEJlbS12aW5kbyBhbyBQYXJhIE1hcmtldC4=,,U2FsdWRvcy4gVGUgZGFtb3MgbGEgYmllbnZlbmlkYSBhbCBNZXJjYWRvIGRlIEVkw6luLg==
sWLuAQ,,V2VsY29tZSB0byBQYXJhIE1hcmtldC4=,,,,,QmVtLXZpbmRvIGFvIFBhcmEgTWFya2V0Lg==,,VGUgZGFtb3MgbGEgYmllbnZlbmlkYSBhbCBNZXJjYWRvIGRlIEVkw6luLg==
smLuAQ,,TWluZXIgVW5pb24gSGFucw==,,,,,U2luZGljYXRvIGRvcyBNaW5laXJvcyBIYW5z,,TWluZXIgVW5pb24gSGFucw==
s2LuAQ,,W0hhbnNdCldlJ3JlIGNsb3NlZCB0b2RheS4KSSdtIGFib3V0IHRvIGhlYWQgdG8gdGhlIG1pbmUuCklmIHlvdSBuZWVkIHNvbWV0aGluZywgY29tZSBiYWNrIHRvbW9ycm93Lg==,,,,,W0VzdGFtb3MgZmVjaGFkb3MgaG9qZS5dCkVzdGFtb3MgZmVjaGFkb3MgaG9qZS4KRXN0b3UgcHJlc3RlcyBhIGlyIHBhcmEgYSBtaW5hLgpTZSBwcmVjaXNhciBkZSBhbGdvLCB2b2x0ZSBhbWFuaMOjLg==,,W0hhbnNdCkhveSBlc3TDoSBjZXJyYWRvLgpFc3RveSBhIHB1bnRvIGRlIGlyIGEgbGEgbWluYS4KU2kgbmVjZXNpdGFzIGFsZ28sIHZ1ZWx2ZSBtYcOxYW5hLg==
tGLuAQ,,W0hhbnNdCkkgc2VsbCBpcm9uIG9yZXMgbWluZWQgYW5kIHByb2R1Y2VkIGJ5IE1pbmVyIFVuaW9uLgpUYWtlIGEgbG9vayBpZiB5b3UgbmVlZCBJcm9ucywgU3RlZWxzLCBDb2Fscywgb3IgSXJvbiBPcmVzLg==,,,,,W0hhbnNdClZlbmRvIG1pbsOpcmlvcyBkZSBmZXJybyBleHRyYcOtZG9zIGUgcHJvZHV6aWRvcyBwZWxhIE1pbmVyIFVuaW9uLgpEw6ogdW1hIG9saGFkYSBzZSBwcmVjaXNhciBkZSBmZXJyb3MsIGHDp29zLCBjYXJ2w7VlcyBvdSBtaW7DqXJpb3MgZGUgZmVycm8u,,W0hhbnNdClZlbmRvIG1pbmVyYWxlcyBkZSBoaWVycm8gZXh0cmHDrWRvcyB5IHByb2R1Y2lkb3MgcG9yIGVsIHNpbmRpY2F0byBkZSBtaW5lcm9zLgpFY2hhIHVuIHZpc3Rhem8gc2kgbmVjZXNpdGFzIHVuaWRhZGVzIGRlIEhpZXJybywgQWNlcm8sIENhcmLDs24gbyBNaW5lcmFsIGRlIGhpZXJyby4=
tWLuAQ,,Q2hlY2sgdGhlIG9yZXMu,,,,,VmVyaWZpcXVlIG9zIG1pbsOpcmlvcy4=,,RWNoYXIgdW4gdmlzdGF6byBhIGxvcyBtaW5lcmFsZXMu
tmLuAQ,,UXVpdC4=,,,,,RGVzaXN0aXIu,,U2FsaXIu
t2LuAQ,,W0hhbnNdCklmIHlvdSBkb24ndCBzZWUgYW55dGhpbmcsIGl0IG1lYW5zIGl0J3MgYWxsIHNvbGQgb3V0LgpXZSBtaW5lIHRoZSBvcmVzIGV2ZXJ5IGRheSwgc28geW91IGNhbiBjb21lIGJhY2sgdG9tb3Jyb3cgaWYgdGhhdCdzIHRoZSBjYXNlLg==,,,,,W0hhbnNdClNlIHZvY8OqIG7Do28gdmlyIG5hZGEsIHNpZ25pZmljYSBxdWUgZXN0w6EgdHVkbyBlc2dvdGFkby4KTsOzcyBleHRyYcOtbW9zIG9zIG1pbsOpcmlvcyB0b2RvcyBvcyBkaWFzLCBwb3J0YW50bywgc2UgZm9yIG8gY2Fzbywgdm9jw6ogcG9kZSB2b2x0YXIgYW1hbmjDoy4=,,W0hhbnNdClNpIG5vIHZlcyBuYWRhLCBzaWduaWZpY2EgcXVlIGVzdMOhIHRvZG8gYWdvdGFkby4KRXh0cmFlbW9zIGxvcyBtaW5lcmFsZXMgdG9kb3MgbG9zIGTDrWFzLCBhc8OtIHF1ZSBwdWVkZXMgdm9sdmVyIG1hw7FhbmEgc2kgZXNlIGVzIGVsIGNhc28u
uGLuAQ,,W0hhbnNdCk15IGNvLXdvcmtlcnMgbWluZSBJcm9uLCBTdGVlbCwgYW5kIENvYWwgcmVndWxhcmx5LApzbyB0aG9zZSB0aGluZ3MgZ2V0IHN0b2NrZWQgZXZlcnkgZGF5LgpSZW1lbWJlciB0aGF0Lg==,,,,,W0hhbnNdCk1ldXMgY29sZWdhcyBkZSB0cmFiYWxobyBleHRyYWVtIGZlcnJvLCBhw6dvIGUgY2FydsOjbyByZWd1bGFybWVudGUsCnBvcnRhbnRvLCBlc3NhcyBjb2lzYXMgc8OjbyBlc3RvY2FkYXMgdG9kb3Mgb3MgZGlhcy4KTGVtYnJlLXNlIGRpc3NvLg==,,W0hhbnNdCk1pcyBjb21wYcOxZXJvcyBkZSB0cmFiYWpvIGV4dHJhZW4gSGllcnJvLCBBY2VybyB5IENhcmLDs24gY29uIHJlZ3VsYXJpZGFkLAphc8OtIHF1ZSBoYXkgc3RvY2sgZGUgZXNhcyBjb3NhcyB0b2RvcyBsb3MgZMOtYXMuClJlY3XDqXJkYWxvLg==
uWLuAQ,,QmxhY2tzbWl0aCBEdXM=,,,,,RmVycmVpcm8gRHVz,,QmxhY2tzbWl0aCBEdXM=
umLuAQ,,W0JsYWNrc21pdGggRHVzXQpJIHNlbGwgT3JpZGVjb25zLCBFbHVuaXVtcywgYW5kIHZhcmlvdXMgQW52aWxzLgpJIHdvcmsgaGFyZCB0aHJvdWdob3V0IHRoZSB3ZWVrIHRvIG1haW50YWluIGhpZ2ggcXVhbGl0eSwgc28gSSBjYW4ndCBtYWtlIGEgbG90LgpJIHNvbWVob3cgcHJvY3VyZWQgYSBzbWFsbCBudW1iZXIgb2YgXjRENERGRkJsYWNrc21pdGggQmxlc3NpbmdzXjAwMDAwMCB0b28u,,,,,W0ZlcnJlaXJvIER1c10KVmVuZG8gT3JpZGVjb25zLCBFbHVuaXVtcyBlIHbDoXJpYXMgYmlnb3JuYXMuClRyYWJhbGhvIGR1cm8gZHVyYW50ZSBhIHNlbWFuYSBwYXJhIG1hbnRlciBhIGFsdGEgcXVhbGlkYWRlLCBwb3IgaXNzbyBuw6NvIGNvbnNpZ28gZ2FuaGFyIG11aXRvLgpEZSBhbGd1bWEgZm9ybWEsIGNvbnNlZ3VpIHVtIHBlcXVlbm8gbsO6bWVybyBkZSBeNEQ0REZGQmxhY2tzbWl0aCBCbGVzc2luZ3NeMDAwMDAwIHRhbWLDqW0u,,W0hlcnJlcm8gRHVzXQpWZW5kbyB1bmlkYWRlcyBkZSBPcmlkZWNvbiwgRWx1bml1bSB5IFl1bnF1ZS4KVHJhYmFqbyBtdWNobyBkdXJhbnRlIGxhIHNlbWFuYSBwYXJhIG1hbnRlbmVyIGxhIGNhbGlkYWQsIGFzw60gcXVlIG5vIHB1ZWRvIGhhY2VyIG11Y2hhcy4KRGUgYWxndW5hIG1hbmVyYSB0YW1iacOpbiBjb25zZWd1w60gdW5hIHBlcXVlw7FhIGNhbnRpZGFkIGRlIF40RDRERkZCZW5kaWNpb25lcyBkZSBoZXJyZXJvXjAwMDAwMC4=
u2LuAQ,,Q2hlY2sgdGhlIGl0ZW1zLg==,,,,,VmVyaWZpcXVlIG9zIGl0ZW5zLg==,,RWNoYXIgdW4gdmlzdGF6byBhIGxvcyBvYmpldG9zLg==
vGLuAQ,,W0JsYWNrc21pdGggRHVzXQpJJ20gbm90IHN1cmUgSSBoYXZlIGdvb2RzIGluIHN0b2NrLgpTbmF0Y2ggaXQgaWYgeW91IHNlZSBzb21ldGhpbmcgbGVmdCBvbiB0aGUgbGlzdC4=,,,,,W0ZlcnJlaXJvIER1c10KTsOjbyB0ZW5obyBjZXJ0ZXphIHNlIHRlbmhvIHByb2R1dG9zIGVtIGVzdG9xdWUuClNlIHZvY8OqIHZpciBhbGd1bWEgY29pc2EgbmEgbGlzdGEsIHBlZ3VlLWEu,,W0hlcnJlcm8gRHVzXQpObyBwdWVkbyBhc2VndXJhcnRlIHF1ZSB0ZW5nYSBtZXJjYW5jw61hIGVuIHN0b2NrLgpTaSB2ZXMgcXVlIHF1ZWRhIGFsZ28gZW4gbGEgbGlzdGEsIHTDs21hbG8u
vWLuAQ,,W0JsYWNrc21pdGggRHVzXQpIaWdoLWNsYXNzIG9yZXMgYXJlIG5vdCBlYXN5IHRvIGdldCBhbmQgaGFyZCB0byByZWZpbmUuClBsZWFzZSB1bmRlcnN0YW5kIHRoYXQgSSdtIGFsd2F5cyBzaG9ydCBvZiB0aGVtLg==,,,,,W0ZlcnJlaXJvIER1c10KTWluw6lyaW9zIGRlIGFsdGEgY2xhc3NlIG7Do28gc8OjbyBmw6FjZWlzIGRlIG9idGVyIGUgc8OjbyBkaWbDrWNlaXMgZGUgcmVmaW5hci4KUG9yIGZhdm9yLCBlbnRlbmRhIHF1ZSBlc3RvdSBzZW1wcmUgY29tIGZhbHRhIGRlbGVzLg==,,W0hlcnJlcm8gRHVzXQpMb3MgbWluZXJhbGVzIGRlIGNhbGlkYWQgbm8gc29uIGbDoWNpbGVzIGRlIGNvbnNlZ3VpciB5IHNvbiBkaWbDrWNpbGVzIGRlIHJlZmluYXIuCkVzcGVybyBxdWUgZW50aWVuZGFzIHF1ZSBzaWVtcHJlIGVzY2FzZWFuLg==
vmLuAQ,,W0JsYWNrc21pdGggRHVzXQpPaCwgYSBjdXN0b21lcj8KSSdtIHNvcnJ5LCBidXQgSSdtIG5vdCBzZWxsaW5nIHRoaW5ncyBtYWRlIG9mIGhpZ2gtY2xhc3Mgb3JlcyByaWdodCBub3cu,,,,,W0ZlcnJlaXJvIER1c10KQWgsIHVtIGNsaWVudGU/CkRlc2N1bHBlLW1lLCBtYXMgbsOjbyBlc3RvdSB2ZW5kZW5kbyBjb2lzYXMgZmVpdGFzIGRlIG1pbsOpcmlvcyBkZSBhbHRhIGNsYXNzZSBubyBtb21lbnRvLg==,,W0hlcnJlcm8gRHVzXQpPaCwgwr91biBjbGllbnRlPwpMbyBzaWVudG8sIHBlcm8gbm8gZXN0b3kgdmVuZGllbmRvIGNvc2FzIGhlY2hhcyBkZSBtaW5lcmFsZXMgZGUgY2FsaWRhZCBlbiBlc3RlIG1vbWVudG8u
v2LuAQ,,W0JsYWNrc21pdGggRHVzXQpUaGV5J3JlIGhhcmQgdG8gY3JhZnQsIHNvIEkgY2FuJ3QgbWFrZSBhIGxvdCBvZiB0aGVtLgpXaGF0IGRvIEkgc2VsbCB0aGVuPwpXZWxsLCBJIHNlbGwgT3JpZGVjb25zLCBFbHVuaXVtcywgQW52aWxzLCB0aGF0IGtpbmQgb2Ygc3R1ZmYu,,,,,W0ZlcnJlaXJvIER1c10KRWxlcyBzw6NvIGRpZsOtY2VpcyBkZSBmYWJyaWNhciwgZW50w6NvIG7Do28gcG9zc28gZmF6ZXIgbXVpdG9zIGRlbGVzLgpFbnTDo28sIG8gcXVlIGV1IHZlbmRvPwpCZW0sIGV1IHZlbmRvIE9yaWRlY29ucywgRWx1bml1bXMsIEFudmlscywgZXNzZSB0aXBvIGRlIGNvaXNhLg==,,W0hlcnJlcm8gRHVzXQpTb24gZGlmw61jaWxlcyBkZSBlbGFib3JhciwgYXPDrSBxdWUgbm8gcHVlZG8gaGFjZXIgbXVjaGFzLgrCv1F1w6kgdmVuZG8gZW50b25jZXM/CkJ1ZW5vLCB2ZW5kbyB1bmlkYWRlcyBkZSBPcmlkZWNvbiwgRWx1bml1bSwgWXVucXVlLCBlc2UgdGlwbyBkZSBjb3Nhcy4=
wGLuAQ,,W0JsYWNrc21pdGggRHVzXQpJZiB5b3UgbmVlZCBhbiBBbnZpbCBvciByZWZpbmVkIG9yZXMsIGNvbWUgYmFjayBvbiB0aGUgd2Vla2VuZC4KTGF0ZSBpbiB0aGUgZXZlbmluZyBvbiBTYXR1cmRheSB3b3VsZCBiZSBwZXJmZWN0Lg==,,,,,W0ZlcnJlaXJvIER1c10KU2Ugdm9jw6ogcHJlY2lzYXIgZGUgdW1hIGJpZ29ybmEgb3UgZGUgbWluw6lyaW9zIHJlZmluYWRvcywgdm9sdGUgbm8gZmltIGRlIHNlbWFuYS4KTm8gZmluYWwgZGEgdGFyZGUgZGUgc8OhYmFkbyBzZXJpYSBwZXJmZWl0by4=,,W0hlcnJlcm8gRHVzXQpTaSBuZWNlc2l0YXMgWXVucXVlcyBvIG1pbmVyYWxlcyByZWZpbmFkb3MsIHZ1ZWx2ZSBlbCBmaW4gZGUgc2VtYW5hLgpBIMO6bHRpbWEgaG9yYSBkZSBsYSB0YXJkZSBkZWwgc8OhYmFkbyBzZXLDrWEgcGVyZmVjdG8u
wWLuAQ,,TmF0dXJhbCBHZW1zdG9uZXMgW0dlbSBTaG93ZXJd,,,,,UGVkcmFzIHByZWNpb3NhcyBuYXR1cmFpcyBbR2VtIFNob3dlcl0u,,TmF0dXJhbCBHZW1zdG9uZXMgW0dlbSBTaG93ZXJd
wmLuAQ,,R2VtIFNob3dlcgpHb2xkIGFuZCB2YXJpb3VzIGdlbXN0b25lcyBhcmUgb3VyIGZvcnRlIQ==,,,,,Q2h1dmVpcm8gZGUgcGVkcmFzIHByZWNpb3NhcwpPdXJvIGUgdsOhcmlhcyBwZWRyYXMgcHJlY2lvc2FzIHPDo28gbyBub3NzbyBmb3J0ZSE=,,Q2h1YmFzY28gZGUgZ2VtYXMuCsKhRWwgT3JvIHkgdmFyaWFzIG90cmFzIGdlbWFzIHNvbiBudWVzdHJvIGZ1ZXJ0ZSE=
w2LuAQ,,W0J1c2luZXNzIEhvdXJzXQpXZSBhcmUgY2xvc2VkIG9uIHRoZSByZWd1bGFyIGhvbGlkYXku,,,,,W0hvcsOhcmlvIGNvbWVyY2lhbF0uCkVzdGFtb3MgZmVjaGFkb3Mgbm9zIGZlcmlhZG9zIHJlZ3VsYXJlcy4=,,W0hvcmFyaW9zIGRlIGF0ZW5jacOzbl0KRWwgZMOtYSBkZSBkZXNjYW5zbyBoYWJpdHVhbCBlc3TDoSBjZXJyYWRvLg==
xGLuAQ,,QXVyb3Jh,,,,,QXVyb3Jh,,QXVyb3Jh
xWLuAQ,,W0F1cm9yYV0KT2ggbXkuIFRoYW5rIHlvdSBmb3IgdmlzaXRpbmcsIGJ1dCBub3cncyBub3QgYSBnb29kIHRpbWUuCkV2ZXJ5IHNob3AgaW4gUGFyYSBNYXJrZXQgaXMgY2xvc2VkIG9uIFdlZG5lc2RheXMuCldlIG5lZWQgdG8gb3JnYW5pemUgdGhlIHdhcmVob3VzZSwgcmVwbGVuaXNoIG91ciBzdG9jaywgYW5kIHRha2UgYSBicmVhay4=,,,,,W0F1cm9yYV0KT2gsIG1ldSBEZXVzLiBPYnJpZ2FkYSBwb3Igc3VhIHZpc2l0YSwgbWFzIGFnb3JhIG7Do28gw6kgdW1hIGJvYSBob3JhLgpUb2RhcyBhcyBsb2phcyBkbyBQYXJhIE1hcmtldCBlc3TDo28gZmVjaGFkYXMgw6BzIHF1YXJ0YXMtZmVpcmFzLgpQcmVjaXNhbW9zIG9yZ2FuaXphciBvIGFybWF6w6ltLCByZWFiYXN0ZWNlciBub3NzbyBlc3RvcXVlIGUgZmF6ZXIgdW1hIHBhdXNhLg==,,W0F1cm9yYV0KQXksIGNpZWxvcy4gR3JhY2lhcyBwb3IgdmlzaXRhcm5vcywgcGVybyBhaG9yYSBubyBlcyB1biBidWVuIG1vbWVudG8uClRvZGFzIGxhcyB0aWVuZGFzIGRlbCBNZXJjYWRvIGRlIEVkw6luIGNpZXJyYW4gbG9zIG1pw6lyY29sZXMuClRlbmVtb3MgcXVlIG9yZ2FuaXphciBlbCBkZXDDs3NpdG8sIHJlcG9uZXIgZWwgc3RvY2sgeSB0b21hcm5vcyB1biBkZXNjYW5zby4=
xmLuAQ,,W0F1cm9yYV0KSWYgeW91J2QgY29tZSBiYWNrIHRvbW9ycm93LCBJJ2xsIGJlIHN1cmUgdG8gc2hvdyB5b3UgcXVhbGl0eSBnZW1zIHJlcXVpcmVkIGZvciBtYWtpbmcgd2VhcG9ucyE=,,,,,W0F1cm9yYV0KU2Ugdm9jw6ogdm9sdGFyIGFtYW5ow6MsIGV1IGxoZSBtb3N0cmFyZWkgYXMgZ2VtYXMgZGUgcXVhbGlkYWRlIG5lY2Vzc8OhcmlhcyBwYXJhIGEgZmFicmljYcOnw6NvIGRlIGFybWFzIQ==,,W0F1cm9yYV0KU2kgdnVlbHZlcyBtYcOxYW5hLCDCoXRlIGVuc2XDsWFyw6kgbGFzIGdlbWFzIGRlIGNhbGlkYWQgbmVjZXNhcmlhcyBwYXJhIGZhYnJpY2FyIGFybWFzIQ==
x2LuAQ,,W0F1cm9yYV0KV2VsY29tZSEKRnJvbSBHb2xkIHRvIFJvc2UgUXVhcnR6IGdlbXN0b25lcywgdGhlIEdlbSBTaG93ZXIgaGFzIGV2ZXJ5dGhpbmchCldlIHNlbGwgZ2VtcyBzdWNoIGFzIEdvbGQsIE9saXZpbmUsIFBobG9nb3BpdGUsIE11c2Nvdml0ZS4KVGhleSdyZSByYXJlLCBzbyB0aGUgcHJpY2UgaXMgYSBiaXQgaGlnaCE=,,,,,W0F1cm9yYV0KQmVtLXZpbmRvIQpEZSBvdXJvIGEgcGVkcmFzIHByZWNpb3NhcyBkZSBxdWFydHpvIHJvc2EsIGEgR2VtIFNob3dlciB0ZW0gdHVkbyEKVmVuZGVtb3MgZ2VtYXMgY29tbyBvdXJvLCBvbGl2aW5hLCBmbG9nb3BpdGEgZSBtb3Njb3ZpdGEuCkVsYXMgc8OjbyByYXJhcywgcG9yIGlzc28gbyBwcmXDp28gw6kgdW0gcG91Y28gYWx0byE=,,W0F1cm9yYV0KwqFUZSBkb3kgbGEgYmllbnZlbmlkYSEKRGVzZGUgZ2VtYXMgZGUgT3JvIGhhc3RhIEN1YXJ6byByb3NhLCDCoUNodWJhc2NvIGRlIGdlbWFzIGxvIHRpZW5lIHRvZG8hClZlbmRlbW9zIGdlbWFzIGNvbW8gT3JvLCBPbGl2aW5vLCBGbG9nb3BpdGEsIE1vc2Nvdml0YS4KU29uIHJhcm9zLCDCoWFzw60gcXVlIGVsIHByZWNpbyBlcyB1biBwb2NvIGFsdG8h
yGLuAQ,,U2VsbCBpdGVtcy4=,,,,,VmVuZGEgZGUgaXRlbnMu,,VmVuZGVyIG9iamV0b3Mu
yWLuAQ,,W0F1cm9yYV0KSWYgeW91IGRvbid0IHNlZSBhbnl0aGluZywgaXQgbWVhbnMgaXQncyBhbGwgc29sZCBvdXQhClRoYW5rIHlvdSBmb3IgY29taW5nIHRvIHNlZSBBdXJvcmEh,,,,,W0F1cm9yYV0KU2Ugdm9jw6ogbsOjbyBlc3RpdmVyIHZlbmRvIG5hZGEsIHNpZ25pZmljYSBxdWUgZXN0w6EgdHVkbyBlc2dvdGFkbyEKT2JyaWdhZG8gcG9yIHRlciB2aW5kbyB2ZXIgYSBBdXJvcmEh,,W0F1cm9yYV0KU2kgbm8gdmVzIG5hZGEsIMKhc2lnbmlmaWNhIHF1ZSBlc3TDoSB0b2RvIGFnb3RhZG8hCsKhR3JhY2lhcyBwb3IgdmVuaXIgYSB2ZXIgYSBBdXJvcmEh
ymLuAQ,,W0F1cm9yYV0KSSBjYW4gYnV5IHNvbWUgY29sbGVjdGFibGVzIGF0IGEgZmFpciBwcmljZS4=,,,,,W0F1cm9yYV0KUG9zc28gY29tcHJhciBhbGd1bnMgaXRlbnMgZGUgY29sZcOnw6NvIHBvciB1bSBwcmXDp28ganVzdG8u,,W0F1cm9yYV0KUHVlZG8gY29tcHJhciBhbGd1bm9zIG9iamV0b3MgY29sZWNjaW9uYWJsZXMgYSB1biBwcmVjaW8ganVzdG8u
y2LuAQ,,W0F1cm9yYV0KTm9ybWFsbHksIEkgaGFuZGxlIEdvbGQsIFBobG9nb3BpdGUsIEFnYXRlLCBUdXJxdW9pc2UgdGhhdCBraW5kIG9mIHN0dWZmLgpHZW1zdG9uZXMgYXJlIG5vdCBlYXN5IHRvIGNvbWUgYnku,,,,,W0F1cm9yYV0KTm9ybWFsbWVudGUsIGV1IGxpZG8gY29tIG91cm8sIGZsb2dvcGl0YSwgw6FnYXRhLCB0dXJxdWVzYSwgZXNzZSB0aXBvIGRlIGNvaXNhLgpBcyBwZWRyYXMgcHJlY2lvc2FzIG7Do28gc8OjbyBmw6FjZWlzIGRlIGVuY29udHJhci4=,,W0F1cm9yYV0KTm9ybWFsbWVudGUsIG1hbmlwdWxvIE9ybywgRmxvZ29waXRhLCDDgWdhdGEsIFR1cnF1ZXNhLCBlc2UgdGlwbyBkZSBjb3Nhcy4KTGFzIGdlbWFzIG5vIHNvbiBmw6FjaWxlcyBkZSBjb25zZWd1aXIu
zGLuAQ,,W0F1cm9yYV0KSSBnZXQgdGhlbSBmcm9tIHRoZSBtaW5lLCBidXQgdGhlcmUgYXJlIG9ubHkgc28gbWFueSBnZW1zdG9uZXMgSSBjYW4gZ2V0IGF0IG9uY2UuClNvLCBvdXIgc3RvY2sgY2FuIGdldCBleGhhdXN0ZWQgcHJldHR5IHF1aWNrbHkuCkkgcmVzdG9jayBvbmNlIGEgd2Vlaywgc28gbWF5YmUgeW91IGNhbiBidXkgdGhlbSBpZiB5b3UgdGltZSBpdCByaWdodC4=,,,,,W0F1cm9yYV0KRXUgYXMgb2J0ZW5obyBuYSBtaW5hLCBtYXMgaMOhIHVtIG7Dum1lcm8gbGltaXRhZG8gZGUgcGVkcmFzIHByZWNpb3NhcyBxdWUgcG9zc28gb2J0ZXIgZGUgdW1hIHPDsyB2ZXouClBvcnRhbnRvLCBub3NzbyBlc3RvcXVlIHBvZGUgc2UgZXNnb3RhciByYXBpZGFtZW50ZS4KRXUgcmVhYmFzdGXDp28gdW1hIHZleiBwb3Igc2VtYW5hLCBlbnTDo28gdGFsdmV6IHZvY8OqIHBvc3NhIGNvbXByw6EtbGFzIHNlIGZpemVyIG8gdGVtcG8gY2VydG8u,,W0F1cm9yYV0KTGFzIG9idGVuZ28gZGUgbGEgbWluYSwgcGVybyBubyBwdWVkbyBjb25zZWd1aXIgbXVjaGFzIGdlbWFzIGEgbGEgdmV6LgpBc8OtIHF1ZSBudWVzdHJvIHN0b2NrIHNlIGFnb3RhIG11eSByw6FwaWRhbWVudGUuClJlcG9uZ28gZWwgc3RvY2sgdW5hIHZleiBhIGxhIHNlbWFuYSwgYXPDrSBxdWUgcXVpesOhIHB1ZWRhcyBjb21wcmFybG9zIHNpIGxsZWdhcyBhIHRpZW1wby4=
zWLuAQ,,W0FsY2hlbXkgQ2F0XQ==,,,,,W0dhdG8gZGUgYWxxdWltaWFd,,W0FsY2hlbXkgQ2F0XQ==
zmLuAQ,,PT0gQWxjaGVteSBDYXQgPT0KQWxjaGVteSBpbmdyZWRpZW50cyEKUG90aW9uIGluZ3JlZGllbnRzIQpXZSBoYXZlIHRoZW0gYWxsIQ==,,,,,PT0gR2F0byBkZSBBbHF1aW1pYSA9PQpJbmdyZWRpZW50ZXMgZGUgYWxxdWltaWEhCkluZ3JlZGllbnRlcyBkZSBwb8Onw7VlcyEKVGVtb3MgdG9kb3MgZWxlcyE=,,PT0gR2F0byBhbHF1aW1pc3RhID09CsKhSW5ncmVkaWVudGVzIHBhcmEgbGEgYWxxdWltaWEhCsKhSW5ncmVkaWVudGVzIHBhcmEgcG9jaW9uZXMhCsKhTG9zIHRlbmVtb3MgdG9kb3Mh
z2LuAQ,,W0J1c2luZXNzIEhvdXJzXQpPcGVuIGV2ZXJ5IGRheSBleGNlcHQgZm9yIHRoZSByZWd1bGFyIG1hcmtldCBob2xpZGF5,,,,,W0hvcsOhcmlvIGNvbWVyY2lhbF0KQWJlcnRvIHRvZG9zIG9zIGRpYXMsIGV4Y2V0byBubyBmZXJpYWRvIG5vcm1hbCBkbyBtZXJjYWRv,,W0hvcmFyaW9zIGRlIGF0ZW5jacOzbl0KRXN0w6EgYWJpZXJ0byB0b2RvcyBsb3MgZMOtYXMsIGV4Y2VwdG8gZWwgZMOtYSBkZSBkZXNjYW5zbyBoYWJpdHVhbC4=
0GLuAQ,,QWxjaGVtaXN0IERhaQ==,,,,,QWxxdWltaXN0YSBEYWk=,,QWxjaGVtaXN0IERhaQ==
0WLuAQ,,W0FsY2hlbWlzdCBEYWldCldlJ3JlIGNsb3NlZCBvbiBXZWRuZXNkYXlzIQpQbGVhc2UgY29tZSBiYWNrIHRvbW9ycm93IQ==,,,,,W0FsY2hlbWlzdCBEYWldCkVzdGFtb3MgZmVjaGFkb3Mgw6BzIHF1YXJ0YXMtZmVpcmFzIQpQb3IgZmF2b3IsIHZvbHRlIGFtYW5ow6Mh,,W0FscXVpbWlzdGEgRGFpXQrCoUxvcyBtacOpcmNvbGVzIGVzdMOhIGNlcnJhZG8hCsKhVnVlbHZlIG1hw7FhbmEh
0mLuAQ,,W0FsY2hlbWlzdCBEYWldClRoZSBtYW5kYXRvcnkgYWxjaGVteSByZWFnZW50cyEKV2Ugc2VsbCBEZXRyaW1pbmRleHRhLCBLYXJ2b2RhaWxuaXJvbCwgYW5kIEFsY2hvbCEKT25seSAyMCB1bml0cyBhIGRheSE=,,,,,W0FsY2hlbWlzdCBEYWldCk9zIHJlYWdlbnRlcyBkZSBhbHF1aW1pYSBvYnJpZ2F0w7NyaW9zIQpWZW5kZW1vcyBEZXRyaW1pbmRleHRhLCBLYXJ2b2RhaWxuaXJvbCBlIEFsY2hvbCEKQXBlbmFzIDIwIHVuaWRhZGVzIHBvciBkaWEh,,W0FscXVpbWlzdGEgRGFpXQrCoUxvcyByZWFjdGl2b3MgZGUgYWxxdWltaWEgb2JsaWdhdG9yaW9zIQrCoVZlbmRlbW9zIERldHJpbWluZGV4dGEsIEthcnZvZGFpbG5pcm9sIHkgQWxjaG9sIQrCoVNvbG8gMjB1bmlkYWRlcyBhbCBkw61hIQ==
02LuAQ,,Q2hlY2sgdGhlIHJlYWdlbnRzLg==,,,,,VmVyaWZpcXVlIG9zIHJlYWdlbnRlcy4=,,RWNoYXIgdW4gdmlzdGF6byBhIGxvcyByZWFjdGl2b3Mu
1GLuAQ,,W0FsY2hlbWlzdCBEYWldCkknbSBub3Qgc3VyZSBpZiB0aGV5J3JlIGluIHN0b2NrISBJZiB0aGVyZSdzIG5vdGhpbmcgdGhlcmUsIGl0IG1lYW5zIGl0J3MgYWxsIHNvbGQgb3V0IQpTb21ldGhpbmcgdGhhdCBtaWdodCBiZSBhIGxpdHRsZSBleHBlbnNpdmUgYnV0IGNvbnZlbmllbnQgdG8gZHJpbmshIFlvdSBrbm93IHdoYXQgSSdtIHRhbGtpbmcgYWJvdXQsIHJpZ2h0Pw==,,,,,W0FsY2hlbWlzdCBEYWldCk7Do28gdGVuaG8gY2VydGV6YSBzZSBlbGVzIGVzdMOjbyBlbSBlc3RvcXVlISBTZSBuw6NvIGhvdXZlciBuYWRhIGzDoSwgc2lnbmlmaWNhIHF1ZSBlc3TDoSB0dWRvIGVzZ290YWRvIQpBbGdvIHF1ZSBwb2RlIHNlciB1bSBwb3VjbyBjYXJvLCBtYXMgcXVlIMOpIGNvbnZlbmllbnRlIHBhcmEgYmViZXIhIFZvY8OqIHNhYmUgZG8gcXVlIGVzdG91IGZhbGFuZG8sIGNlcnRvPw==,,W0FscXVpbWlzdGEgRGFpXQrCoU5vIHPDqSBzaSBlc3TDoW4gZW4gc3RvY2shIFNpIG5vIGhheSBuYWRhIGFow60sIMKhc2lnbmlmaWNhIHF1ZSBlc3TDoSB0b2RvIGFnb3RhZG8hCkVzIGFsZ28gcXVlIHB1ZWRlIHNlciB1biBwb2NvIGNhcm8sIMKhcGVybyB0ZSB2ZW5kcsOtYSBiaWVuIGJlYmVybG8hIFNhYmVzIGEgbG8gcXVlIG1lIHJlZmllcm8sIMK/dmVyZGFkPw==
1WLuAQ,,W0FsY2hlbWlzdCBEYWldCldlIG1ha2UgcmVhZ2VudHMgZXZlcnkgZGF5LgpQbGVhc2UgY29tZSBiYWNrIHRvbW9ycm93IQ==,,,,,W0FscXVpbWlzdGEgRGFpXQpQcm9kdXppbW9zIHJlYWdlbnRlcyB0b2RvcyBvcyBkaWFzLgpQb3IgZmF2b3IsIHZvbHRlIGFtYW5ow6Mh,,W0FscXVpbWlzdGEgRGFpXQpGYWJyaWNhbW9zIHJlYWN0aXZvcyB0b2RvcyBsb3MgZMOtYXMuCsKhVnVlbHZlIG1hw7FhbmEh
1mLuAQ,,QWxjaGVtaXN0IEVydQ==,,,,,QWxxdWltaXN0YSBFcnU=,,QWxjaGVtaXN0IEVydQ==
12LuAQ,,W0FsY2hlbWlzdCBFcnVdCldlZG5lc2RheSBpcyB0aGUgcmVndWxhciBtYXJrZXQgaG9saWRheS4KSWYgeW91IG5lZWQgc29tZXRoaW5nLCBwbGVhc2UgY29tZSBiYWNrIHRvbW9ycm93Lg==,,,,,W0FscXVpbWlzdGEgRXJ1XQpRdWFydGEtZmVpcmEgw6kgbyBmZXJpYWRvIG5vcm1hbCBkbyBtZXJjYWRvLgpTZSB2b2PDqiBwcmVjaXNhciBkZSBhbGdvLCB2b2x0ZSBhbWFuaMOjLg==,,W0FscXVpbWlzdGEgRXJ1XQpFbCBtacOpcmNvbGVzIGVzIGVsIGTDrWEgZGUgZGVzY2Fuc28gaGFiaXR1YWwgZGVsIG1lcmNhZG8uClNpIG5lY2VzaXRhcyBhbGdvLCB2dWVsdmUgbWHDsWFuYS4=
2GLuAQ,,W0FsY2hlbWlzdCBFcnVdCldlIHNlbGwgaW5ncmVkaWVudHMgb2YgcmVhZ2VudHMgYW5kIHBvdGlvbnMsCmFuZCBlbGVtZW50YWwgZ2Vtc3RvbmVzIHVzZWQgZm9yIHZhcmlvdXMgZWxlbWVudGFsIG1hZ2ljIGFuZCBleHBlcmltZW50cyE=,,,,,W0FscXVpbWlzdGEgRXJ1XQpWZW5kZW1vcyBpbmdyZWRpZW50ZXMgZGUgcmVhZ2VudGVzIGUgcG/Dp8O1ZXMsCmUgcGVkcmFzIHByZWNpb3NhcyBlbGVtZW50YXJlcyB1c2FkYXMgcGFyYSB2w6FyaW9zIGV4cGVyaW1lbnRvcyBlIG1hZ2lhcyBlbGVtZW50YXJlcyE=,,W0FscXVpbWlzdGEgRXJ1XQpWZW5kZW1vcyBpbmdyZWRpZW50ZXMgcGFyYSByZWFjdGl2b3MgeSBwb2Npb25lcywKwqF5IEdlbWFzIGVsZW1lbnRhbGVzIHF1ZSBzZSB1c2FuIHBhcmEgZGl2ZXJzb3MgZXhwZXJpbWVudG9zIHkgbWFnaWEgYsOhc2ljYSE=
2WLuAQ,,W0FsY2hlbWlzdCBFcnVdCkknbSBub3Qgc3VyZSB0aGV5J3JlIGluIHN0b2NrIHNpbmNlIHRoZSBudW1iZXIgaXMgbGltaXRlZC4KQ2FuIEkgZ2V0IHlvdSBzb21ldGhpbmc/,,,,,W0FsY2hlbWlzdCBFcnVdCk7Do28gdGVuaG8gY2VydGV6YSBzZSBlbGVzIGVzdMOjbyBlbSBlc3RvcXVlLCBwb2lzIG8gbsO6bWVybyDDqSBsaW1pdGFkby4KUG9zc28gbGhlIG9mZXJlY2VyIGFsZ28/,,W0FscXVpbWlzdGEgRXJ1XQpObyBwdWVkbyBhc2VndXJhcnRlIHF1ZSBlc3TDqW4gZW4gc3RvY2ssIHlhIHF1ZSBsYSBjYW50aWRhZCBlcyBsaW1pdGFkYS4Kwr9QdWVkbyBvZnJlY2VydGUgYWxnbz8=
2mLuAQ,,Q2hlY2sgaW5ncmVkaWVudHMu,,,,,VmVyaWZpcXVlIG9zIGluZ3JlZGllbnRlcy4=,,UmV2aXNhciBsb3MgaW5ncmVkaWVudGVzLg==
22LuAQ,,Q2hlY2sgZWxlbWVudGFsIGdlbXN0b25lcy4=,,,,,VmVyaWZpcXVlIGFzIHBlZHJhcyBwcmVjaW9zYXMgZWxlbWVudGFyZXMu,,UmV2aXNhciBsYXMgZ2VtYXMgZWxlbWVudGFsZXMu
3GLuAQ,,W0FsY2hlbWlzdCBFcnVdClN0ZW1zLCBJbW1vcnRhbCBIZWFydHMsIGV0IGNldGVyYS4KV2Ugc2VsbCBpdGVtcyB3ZSBwcm9jdXJlZCBvdXJzZWx2ZXMgZnJvbSBkdW5nZW9ucyBmb3IgZmFpciBwcmljZXMsIHdpdGggYSByZWFzb25hYmxlIGZlZS4=,,,,,W0FscXVpbWlzdGEgRXJ1XQpUYWxvcywgQ29yYcOnw7VlcyBJbW9ydGFpcywgZXRjLgpWZW5kZW1vcyBpdGVucyBxdWUgbsOzcyBtZXNtb3MgYWRxdWlyaW1vcyBuYXMgbWFzbW9ycmFzIHBvciBwcmXDp29zIGp1c3RvcywgY29tIHVtYSB0YXhhIHJhem/DoXZlbC4=,,W0FscXVpbWlzdGEgRXJ1XQpUYWxsb3MsIENvcmF6b25lcyBpbm1vcnRhbGVzLCBldGPDqXRlcmEuClZlbmRlbW9zIG9iamV0b3MgcXVlIGNvbnNlZ3VpbW9zIG5vc290cm9zIG1pc21vcyBlbiBsYXMgbWF6bW9ycmFzIGEgcHJlY2lvcyBqdXN0b3MsIGEgdW5hIHRhcmlmYSByYXpvbmFibGUu
3WLuAQ,,W0FsY2hlbWlzdCBFcnVdCldlbGwsIGlmIHlvdSBkb24ndCBzZWUgYW55dGhpbmcsIGl0IG1lYW5zIHdlJ3JlIHNvbGQgb3V0Lg==,,,,,W0FsY2hlbWlzdCBFcnVdCkJlbSwgc2Ugdm9jw6ogbsOjbyB2aXIgbmFkYSwgc2lnbmlmaWNhIHF1ZSBlc3RhbW9zIGVzZ290YWRvcy4=,,W0FscXVpbWlzdGEgRXJ1XQpTaSBubyB2ZXMgbmFkYSwgc2lnbmlmaWNhIHF1ZSBlc3TDoSB0b2RvIGFnb3RhZG8u
3mLuAQ,,W0FsY2hlbWlzdCBFcnVdClN0YXIgQ3J1bWIsIFN0YXIgRHVzdCwKYW5kIGVsZW1lbnRhbCBnZW1zdG9uZXMuCkknbSBub3Qgc3VyZSB3ZSdyZSBzdG9ja2VkIGVub3VnaC4=,,,,,W0FscXVpbWlzdGEgRXJ1XS4KTWlnYWxoYXMgZGUgZXN0cmVsYXMsIHBvZWlyYSBkZSBlc3RyZWxhcywKZSBwZWRyYXMgcHJlY2lvc2FzIGVsZW1lbnRhcmVzLgpOw6NvIHNlaSBzZSB0ZW1vcyBlc3RvcXVlIHN1ZmljaWVudGUu,,W0FscXVpbWlzdGEgRXJ1XQpNaWdhcyBkZSBlc3RyZWxsYXMsIFBvbHZvIGRlIGVzdHJlbGxhcwp5IGdlbWFzIGVsZW1lbnRhbGVzLgpObyBwdWVkbyBhc2VndXJhcnRlIGRlIHF1ZSBoYXlhIHN1ZmljaWVudGUgc3RvY2su
32LuAQ,,W0FsY2hlbWlzdCBFcnVdClBsZWFzZSBjb21lIGFnYWluIQpXZSdyZSBjbG9zZWQgb24gV2VkbmVzZGF5cyB0byBwcm9jdXJlIG1lcmNoYW5kaXNlLiBCZSBzdXJlIHRvIHJlbWVtYmVyIHRoYXQh,,,,,W0FscXVpbWlzdGEgRXJ1XS4KUG9yIGZhdm9yLCB2b2x0ZSBzZW1wcmUhCkVzdGFtb3MgZmVjaGFkb3Mgw6BzIHF1YXJ0YXMtZmVpcmFzIHBhcmEgY29tcHJhciBtZXJjYWRvcmlhcy4gTsOjbyBzZSBlc3F1ZcOnYSBkaXNzbyE=,,W0FscXVpbWlzdGEgRXJ1XQrCoVZ1ZWx2ZSBwcm9udG8hCkxvcyBtacOpcmNvbGVzIGVzdMOhIGNlcnJhZG8gcGFyYSBhZHF1aXJpciBtZXJjYW5jw61hLiDCoU5vIGxvIG9sdmlkZXMh
4GLuAQ,,W01hbmJvayBGb29kXQ==,,,,,W01hbmJvayBGb29kXS4=,,W01hbmJvayBGb29kXQ==
4WLuAQ,,PT0gTWFuYm9rIEZvb2QgPT0KRnJvbSBmcmVzaCB3b2xmIGJsb29kIHRvIFBldGl0ZSB0YWlscyEKV2UgYWx3YXlzIHByb3ZpZGUgdGhlIGJlc3QgY29va2luZyBtYXRlcmlhbHMh,,,,,PT0gTWFuYm9rIEZvb2QgPT0KRGUgc2FuZ3VlIGRlIGxvYm8gZnJlc2NvIGEgY2F1ZGFzIGRlIFBldGl0ZSEKU2VtcHJlIGZvcm5lY2Vtb3Mgb3MgbWVsaG9yZXMgbWF0ZXJpYWlzIGRlIGNvemluaGEh,,PT0gVGllbmRhIGRlIGFsaW1lbnRvcyBNYW5ib2sgPT0KwqFEZXNkZSBzYW5ncmUgZnJlc2NhIGRlIGxvYm8gaGFzdGEgY29sYXMgZGUgUGV0aXRlIQrCoVNpZW1wcmUgdGVuZW1vcyBsb3MgbWVqb3JlcyBtYXRlcmlhbGVzIGRlIGNvY2luYSE=
4mLuAQ,,TWFuYm9r,,,,,TWFuYm9r,,TWFuYm9r
42LuAQ,,W01hbmJva10KV2UgYXJlIG5vdCBvcGVuIG9uIFdlZG5lc2RheXMuClRvZGF5J3Mgb3VyIGRheSBmb3IgcmVzdG9ja2luZy4KSWYgeW91IG5lZWQgc29tZXRoaW5nLCBjb21lIGJhY2sgdG9tb3Jyb3cu,,,,,W01hbmJva10KTsOjbyBhYnJpbW9zIMOgcyBxdWFydGFzLWZlaXJhcy4KSG9qZSDDqSBub3NzbyBkaWEgZGUgcmVhYmFzdGVjaW1lbnRvLgpTZSB2b2PDqiBwcmVjaXNhciBkZSBhbGdvLCB2b2x0ZSBhbWFuaMOjLg==,,W01hbmJva10KTG9zIG1pw6lyY29sZXMgZXN0w6EgY2VycmFkby4KSG95IGVzIG51ZXN0cm8gZMOtYSBwYXJhIHJlcG9uZXIgc3RvY2suClNpIG5lY2VzaXRhcyBhbGdvLCB2dWVsdmUgbWHDsWFuYS4=
5GLuAQ,,W01hbmJva10KV2VsY29tZS4KSWYgeW91J3JlIGxvb2tpbmcgZm9yIGNvb2tpbmcgbWF0ZXJpYWxzLCB5b3UndmUgY29tZSB0byB0aGUgcmlnaHQgcGxhY2UuCllvdSBjYW4gYnV5IEJyYWlzZWQgU2hvcnQgUmlicyBhbmQgQnJhaXNlZCBTcGFyZSBSaWJzIGlmIHlvdSdyZSBsdWNreS4=,,,,,W01hbmJva10KQmVtLXZpbmRvLgpTZSB2b2PDqiBlc3TDoSBwcm9jdXJhbmRvIG1hdGVyaWFpcyBkZSBjb3ppbmhhLCB2ZWlvIGFvIGx1Z2FyIGNlcnRvLgpTZSB0aXZlciBzb3J0ZSwgdm9jw6ogcG9kZXLDoSBjb21wcmFyIGNvc3RlbGFzIGN1cnRhcyByZWZvZ2FkYXMgZSBjb3N0ZWxhcyBncmVsaGFkYXMu,,W01hbmJva10KVGUgZGFtb3MgbGEgYmllbnZlbmlkYS4KU2kgYnVzY2FzIG1hdGVyaWFsZXMgZGUgY29jaW5hLCBsbGVnYXN0ZSBhbCBsdWdhciBhZGVjdWFkby4KU2kgdGllbmVzIHN1ZXJ0ZSwgcHVlZGVzIGNvbXByYXIgQ29zdGlsbGl0YXMgZXN0b2ZhZGFzIHkgQ29zdGlsbGFzIGRlIGNlcmRvIGVzdG9mYWRhcy4=
5WLuAQ,,SGlnaC1jbGFzcyBjb29raW5nIG1hdGVyaWFscw==,,,,,TWF0ZXJpYWlzIGRlIGNvemltZW50byBkZSBhbHRhIHF1YWxpZGFkZQ==,,TWF0ZXJpYWxlcyBkZSBjb2NpbmEgZGUgY2FsaWRhZC4=
5mLuAQ,,U2F1Y2VzIGFuZCBzcGljZXM=,,,,,TW9saG9zIGUgdGVtcGVyb3M=,,U2Fsc2FzIHkgZXNwZWNpYXMu
52LuAQ,,U2VsbCBpdGVtcw==,,,,,VmVuZGVyIGl0ZW5z,,VmVuZGVyIG9iamV0b3Mu
6GLuAQ,,UXVpdA==,,,,,U2Fpcg==,,U2FsaXIu
6WLuAQ,,W01hbmJva10KSSdtIG5vdCBzdXJlIGhvdyBtdWNoIHJlbWFpbmluZyBzdG9jayB3ZSd2ZSBnb3QuCldlbGwsIF40RDRERkZpZiB5b3UgZG9uJ3Qgc2VlIGFueXRoaW5nLCBpdCBtZWFucyB3ZSdyZSBzb2xkIG91dF4wMDAwMDAuCkZlZWwgZnJlZSB0byBsb29rIGFyb3VuZC4=,,,,,W01hbmJva10KTsOjbyB0ZW5obyBjZXJ0ZXphIGRlIHF1YW50byBlc3RvcXVlIGFpbmRhIHRlbW9zLgpCZW0sIF40RDRERkYgc2Ugdm9jw6ogbsOjbyB2aXIgbmFkYSwgc2lnbmlmaWNhIHF1ZSBlc3RhbW9zIGVzZ290YWRvc14wMDAwMDAuCkZpcXVlIMOgIHZvbnRhZGUgcGFyYSBkYXIgdW1hIG9saGFkYS4=,,W01hbmJva10KTm8gcHVlZG8gYXNlZ3VyYXJ0ZSBjdcOhbnRvIHN0b2NrIHRlbmVtb3MuCkJ1ZW5vLCBeNEQ0REZGc2kgbm8gdmVzIG5hZGEsIHNpZ25pZmljYSBxdWUgZXN0w6EgdG9kbyBhZ290YWRvXjAwMDAwMC4KTm8gZHVkZXMgZW4gbWlyYXIgbG8gcXVlIHF1aWVyYXMu
6mLuAQ,,W01hbmJva10KSSBicm91Z2h0IGluIGV2ZXJ5IHNhdWNlIGFuZCBzcGljZSBhY3Jvc3MgdGhlIGNvdW50cnkuCkl0IHdpbGwgYmUgZWFzaWVyIGZvciB5b3UgdG8gZmluZCB0aGUgY29va2luZyBtYXRlcmlhbHMgeW91IHdhbnQgaGVyZS4=,,,,,W01hbmJva10KRXUgdHJvdXhlIHRvZG9zIG9zIG1vbGhvcyBlIHRlbXBlcm9zIGRvIHBhw61zLgpTZXLDoSBtYWlzIGbDoWNpbCBwYXJhIHZvY8OqIGVuY29udHJhciBvcyBtYXRlcmlhaXMgY3VsaW7DoXJpb3MgcXVlIGRlc2VqYSBhcXVpLg==,,W01hbmJva10KVHJhamUgdG9kYXMgbGFzIHNhbHNhcyB5IGVzcGVjaWFzIGRlbCBwYcOtcy4KQXF1w60gdGUgc2Vyw6EgbcOhcyBmw6FjaWwgZW5jb250cmFyIGxvcyBtYXRlcmlhbGVzIGRlIGNvY2luYSBxdWUgZGVzZWFzLg==
62LuAQ,,W01hbmJva10KSWYgeW91IGhhdmUgc29tZXRoaW5nIEkgY2FuIGJ1eSwgSSdsbCBwYXkgYSByZWFzb25hYmxlIHByaWNlIGZvciBpdC4=,,,,,W01hbmJva10KU2Ugdm9jw6ogdGl2ZXIgYWxnbyBxdWUgZXUgcG9zc2EgY29tcHJhciwgcGFnYXJlaSB1bSBwcmXDp28gcmF6b8OhdmVsIHBvciBpc3NvLg==,,W01hbmJva10KU2kgdGllbmVzIGFsZ28gcXVlIHlvIHB1ZWRhIGNvbXByYXIsIHBhZ2Fyw6kgdW4gcHJlY2lvIHJhem9uYWJsZSBwb3IgZWxsby4=
7GLuAQ,,W01hbmJva10KV2VsbCwgSSdtIHN1cmUgeW91IGtub3cgaXQgYWxyZWFkeSwKYnV0IHRoZSBudW1iZXIgb2YgY29va2luZyBtYXRlcmlhbHMgd2Ugc2VsbCBpcyBsaW1pdGVkLCBzbyB5b3Ugc2hvdWxkIGh1cnJ5IHVwIGJlZm9yZSB0aGV5IGdldCBzb2xkIG91dC4=,,,,,W01hbmJva10KQmVtLCB0ZW5obyBjZXJ0ZXphIGRlIHF1ZSB2b2PDqiBqw6Egc2FiZSwKbWFzIG8gbsO6bWVybyBkZSBtYXRlcmlhaXMgZGUgY296aW5oYSBxdWUgdmVuZGVtb3Mgw6kgbGltaXRhZG8sIHBvcnRhbnRvLCB2b2PDqiBkZXZlIHNlIGFwcmVzc2FyIGFudGVzIHF1ZSBlbGVzIHNlIGVzZ290ZW0u,,W01hbmJva10KQnVlbm8sIHNlZ3VybyBxdWUgeWEgbG8gc2FiZXMsCnBlcm8gbGEgY2FudGlkYWQgZGUgbWF0ZXJpYWxlcyBkZSBjb2NpbmEgcXVlIHZlbmRlbW9zIGVzIGxpbWl0YWRhLCBwb3IgbG8gcXVlIGRlYmVzIGRhcnRlIHByaXNhIGFudGVzIGRlIHF1ZSBzZSBhZ290ZW4u
7WLuAQ,,W01hbmJva10KSnVzdCBzYXlpbmcu,,,,,W01hbmJva10KU8OzIGVzdG91IGRpemVuZG8u,,W01hbmJva10KU29sbyBkaWdvLg==
7mLuAQ,,TWFnaWMgU2hvcCBbTWFNYU1hTWFd,,,,,TG9qYSBtw6FnaWNhIFtNYU1hTWFNYV0=,,TWFnaWMgU2hvcCBbTWFNYU1hTWFd
72LuAQ,,PT0gTWFNYU1hTWEgPT0KTWFnaWNhbCBpbmdyZWRpZW50cywgZ2Vtc3RvbmVzLCBhbmQgc3BlbGwgYm9va3M=,,,,,PT0gTWFNYU1hTWEgPT0KSW5ncmVkaWVudGVzIG3DoWdpY29zLCBwZWRyYXMgcHJlY2lvc2FzIGUgbGl2cm9zIGRlIGZlaXRpw6dvcw==,,PT0gTWFNYU1hTWEgPT0KSW5ncmVkaWVudGVzIG3DoWdpY29zLCBnZW1hcyB5IGxpYnJvcyBkZSBoZWNoaXpvcy4=
8GLuAQ,,W0J1c2luZXNzIEhvdXJzXQpTb21lIGl0ZW1zIGFyZSBub3Qgc29sZCBvbiB0aGUgcmVndWxhciBtYXJrZXQgaG9saWRheQpCYXNpY2FsbHkgb3BlbiB0aHJvdWdob3V0IHRoZSB5ZWFyLg==,,,,,W0hvcsOhcmlvIGNvbWVyY2lhbF0uCkFsZ3VucyBpdGVucyBuw6NvIHPDo28gdmVuZGlkb3Mgbm8gZmVyaWFkbyBub3JtYWwgZG8gbWVyY2FkbwpCYXNpY2FtZW50ZSBhYmVydG8gZHVyYW50ZSB0b2RvIG8gYW5vLg==,,W0hvcmFyaW9zIGRlIGF0ZW5jacOzbl0KQWxndW5vcyBvYmpldG9zIG5vIHNlIHZlbmRlbiBlbCBkw61hIGRlIGRlc2NhbnNvIGhhYml0dWFsIGRlbCBtZXJjYWRvLgpFc3TDoSBhYmllcnRvIHByw6FjdGljYW1lbnRlIHRvZG8gZWwgYcOxby4=
8WLuAQ,,TWFkb2hhIw==,,,,,TWFkb2hhIw==,,TWFkb2hhIw==
8mLuAQ,,W01hZG9oYV0KT2gsIGEgY3VzdG9tZXI/ClRvZGF5IGlzIHRoZSBtYXJrZXQgaG9saWRheS4gV2UncmUgc2VsbGluZyBvbmx5IGJhc2ljIG1hZ2ljYWwgaXRlbXMgYW5kIG5vIHNjcm9sbHMuIEFyZSB5b3Ugb2theSB3aXRoIHRoYXQ/ClRvZGF5IHdlIG9ubHkgaGF2ZSBCbHVlIEdlbXN0b25lcywgdmFyaW91cyBwb2ludHMsIGFuZCBydW5lc3RvbmVzLg==,,,,,W01hZG9oYV0KQWgsIHVtIGNsaWVudGU/CkhvamUgw6kgZmVyaWFkbyBubyBtZXJjYWRvLiBFc3RhbW9zIHZlbmRlbmRvIGFwZW5hcyBpdGVucyBtw6FnaWNvcyBiw6FzaWNvcyBlIG5hZGEgZGUgcGVyZ2FtaW5ob3MuIFR1ZG8gYmVtIHBhcmEgdm9jw6o/CkhvamUgc8OzIHRlbW9zIHBlZHJhcyBwcmVjaW9zYXMgYXp1aXMsIHbDoXJpb3MgcG9udG9zIGUgcGVkcmFzIHLDum5pY2FzLg==,,W01hZG9oYV0KT2gsIMK/dW4gY2xpZW50ZT8KSG95IGVzIGVsIGTDrWEgZGUgZGVzY2Fuc28gZGVsIG1lcmNhZG8uIFNvbG8gdmVuZGVtb3Mgb2JqZXRvcyBtw6FnaWNvcyBiw6FzaWNvcyB5IG5vIHBlcmdhbWlub3MuIMK/VGUgcGFyZWNlIGJpZW4/CkhveSBzb2xvIHRlbmVtb3MgR2VtYXMgYXp1bGVzLCB2YXJpb3MgcHVudG9zIHkgcGllZHJhcyByw7puaWNhcy4=
82LuAQ,,W01hZG9oYV0KV2UgdHJpZWQgdG8gcHJlcGFyZSBhcyBtYW55IGFzIHdlIGNvdWxkLCBidXQgdGhlcmUncyBhIHBvc3NpYmlsaXR5IHRoYXQgd2UncmUgb3V0IG9mIHN0b2NrLgpJZiB5b3UgZG9uJ3Qgc2VlIGFueXRoaW5nLCB0aGF0IG1lYW5zIHdlJ3JlIHNvbGQgb3V0Lg==,,,,,W01hZG9oYV0KVGVudGFtb3MgcHJlcGFyYXIgbyBtYWlvciBuw7ptZXJvIHBvc3PDrXZlbCwgbWFzIMOpIHBvc3PDrXZlbCBxdWUgbyBlc3RvcXVlIGVzdGVqYSBlc2dvdGFkby4KU2Ugdm9jw6ogbsOjbyB2aXIgbmFkYSwgc2lnbmlmaWNhIHF1ZSBvIGVzdG9xdWUgZXN0w6EgZXNnb3RhZG8u,,W01hZG9oYV0KSW50ZW50YW1vcyBwcmVwYXJhciB0YW50b3MgY29tbyBwdWRpbW9zLCBwZXJvIGV4aXN0ZSBsYSBwb3NpYmlsaWRhZCBkZSBxdWUgbm9zIHF1ZWRlbW9zIHNpbiBzdG9jay4KU2kgbm8gdmVzIG5hZGEsIHNpZ25pZmljYSBxdWUgZXN0w6EgdG9kbyBhZ290YWRvLg==
9GLuAQ,,W01hZG9oYV0KWWVsbG93IGFuZCBSZWQgR2Vtc3RvbmVzIGFuZCBtYWdpYyBzY3JvbGxzIGFyZSBzb2xkIG9uIG90aGVyIGRheXMgb2YgdGhlIHdlZWsuCklmIHlvdSBuZWVkIHNvbWV0aGluZywgcGxlYXNlIGNvbWUgYmFjayB0b21vcnJvdy4=,,,,,W01hZG9oYV0KQXMgcGVkcmFzIHByZWNpb3NhcyBhbWFyZWxhcyBlIHZlcm1lbGhhcyBlIG9zIHBlcmdhbWluaG9zIG3DoWdpY29zIHPDo28gdmVuZGlkb3MgZW0gb3V0cm9zIGRpYXMgZGEgc2VtYW5hLgpTZSB2b2PDqiBwcmVjaXNhciBkZSBhbGdvLCB2b2x0ZSBhbWFuaMOjLg==,,W01hZG9oYV0KTGFzIEdlbWFzIGFtYXJpbGxhcyB5IGxhcyBHZW1hcyByb2phcywgYXPDrSBjb21vIGxvcyBQZXJnYW1pbm9zIG3DoWdpY29zLCBzZSB2ZW5kZW4gbG9zIG90cm9zIGTDrWFzIGRlIGxhIHNlbWFuYS4KU2kgbmVjZXNpdGFzIGFsZ28sIHZ1ZWx2ZSBtYcOxYW5hLg==
9WLuAQ,,W01hZG9oYV0KV2VsY29tZS4KTWFnaWMgc2hvcCBNYU1hTWFNYSBvZiBNYSBicm90aGVycywgd2hlcmUgd2UgaGVscCBldmVuIG5vbi1tYWdlcyBjYXN0IG1hZ2ljLg==,,,,,W01hZG9oYV0KQmVtLXZpbmRvLgpMb2phIGRlIG1hZ2lhIE1hTWFNYU1hIGRvcyBpcm3Do29zIE1hLCBvbmRlIGFqdWRhbW9zIGF0w6kgbWVzbW8gb3MgbsOjby1tw6FnaWNvcyBhIGxhbsOnYXIgbWFnaWEu,,W01hZG9oYV0KVGUgZGFtb3MgbGEgYmllbnZlbmlkYS4KVGllbmRhIGRlIG1hZ2lhIE1hTWFNYU1hIGRlIGxvcyBoZXJtYW5vcyBNYSwgZG9uZGUgYXl1ZGFtb3MgaW5jbHVzbyBhIHF1aWVuZXMgbm8gc29uIE1hZ29zIGEgbGFuemFyIG1hZ2lhLg==
9mLuAQ,,W01hZG9oYV0KV2Ugc2VsbCBtYWdpYyBpdGVtcyBzdWNoIGFzIGdlbXN0b25lcyBhbmQgdmFyaW91cyBtYWdpYyBzY3JvbGxzLgpDYW4gSSBnZXQgeW91IHNvbWV0aGluZz8=,,,,,W01hZG9oYV0KVmVuZGVtb3MgaXRlbnMgbcOhZ2ljb3MsIGNvbW8gcGVkcmFzIHByZWNpb3NhcyBlIHbDoXJpb3MgcGVyZ2FtaW5ob3MgbcOhZ2ljb3MuClBvc3NvIGNvbXByYXIgYWxnbyBwYXJhIHZvY8OqPw==,,W01hZG9oYV0KVmVuZGVtb3Mgb2JqZXRvcyBtw6FnaWNvcyBjb21vIGdlbWFzIHkgcGVyZ2FtaW5vcyBtw6FnaWNvcyBkZSBkaXN0aW50b3MgdGlwb3MuCsK/UHVlZG8gb2ZyZWNlcnRlIGFsZ28/
92LuAQ,,W01hZG9oYV0KV2UgaGF2ZSBCbHVlLCBSZWQsIFllbGxvdyBHZW1zdG9uZXMKYW5kIGdyYW5kIG1hZ2ljIHNjcm9sbHMsIG5hbWVseSBNZXRlb3IgU3Rvcm0sIFN0b3JtIEd1c3QsIGFuZCBMb3JkIG9mIFZlcm1pbGlvbi4KXjRENERGRklmIHlvdSBkb24ndCBzZWUgYW55dGhpbmcgb24gdGhlIGxpc3QsIGl0IG1lYW5zIHdlJ3JlIHNvbGQgb3V0XjAwMDAwMC4gUGxlYXNlIGV4Y3VzZSB1cyBpbiB0aGF0IGNhc2Uu,,,,,W01hZG9oYV0KVGVtb3MgcGVkcmFzIHByZWNpb3NhcyBhenVpcywgdmVybWVsaGFzIGUgYW1hcmVsYXMKZSBncmFuZGVzIHBlcmdhbWluaG9zIG3DoWdpY29zLCBjb21vIE1ldGVvciBTdG9ybSwgU3Rvcm0gR3VzdCBlIExvcmQgb2YgVmVybWlsaW9uLgp7U2Ugdm9jw6ogbsOjbyB2aXIgbmFkYSBuYSBsaXN0YSwgc2lnbmlmaWNhIHF1ZSBlc3RhbW9zIGVzZ290YWRvc14wMDAwMDAuIFBvciBmYXZvciwgZGVzY3VscGUtbm9zIG5lc3NlIGNhc28u,,W01hZG9oYV0KVGVuZW1vcyBHZW1hcyBhenVsZXMsIHJvamFzIHkgYW1hcmlsbGFzLAphc8OtIGNvbW8gZ3JhbmRlcyBwZXJnYW1pbm9zIG3DoWdpY29zLCBlbiBwYXJ0aWN1bGFyLCBUb3JtZW50YSBkZSBtZXRlb3JvcywgTmV2YXNjYSB5IExvcmQgZGUgVmVybWlsaW9uLgpeNEQ0REZGU2kgbm8gdmVzIG5hZGEgZW4gbGEgbGlzdGEsIHNpZ25pZmljYSBxdWUgZXN0w6EgdG9kbyBhZ290YWRvXjAwMDAwMC4gRW4gZXNlIGNhc28sIHRlIHBlZGltb3MgZGlzY3VscGFzLg==
+GLuAQ,,W01hZG9oYV0KTWFraW5nIG1hZ2ljIHNjcm9sbHMgaXMgYSBncmVhdCBsZWFybmluZyBleHBlcmllbmNlLgpBbmQgaXQncyBoZWxwZnVsIGZvciBwZW9wbGUgdG9vIHNpbmNlIGV2ZW4gbm9uLW1hZ2VzIGNhbiBjYXN0IG1hZ2ljIHdpdGggdGhlbS4=,,,,,W01hZG9oYV0KRmF6ZXIgcGVyZ2FtaW5ob3MgbcOhZ2ljb3Mgw6kgdW1hIMOzdGltYSBleHBlcmnDqm5jaWEgZGUgYXByZW5kaXphZG8uCkUgdGFtYsOpbSDDqSDDunRpbCBwYXJhIGFzIHBlc3NvYXMsIHBvaXMgYXTDqSBtZXNtbyBvcyBuw6NvIG1hZ29zIHBvZGVtIGxhbsOnYXIgbWFnaWEgY29tIGVsZXMu,,W01hZG9oYV0KSGFjZXIgcGVyZ2FtaW5vcyBtw6FnaWNvcyBlcyB1bmEgZ3JhbiBleHBlcmllbmNpYSBkZSBhcHJlbmRpemFqZS4KWSB0YW1iacOpbiBlcyDDunRpbCBwYXJhIGxhIGdlbnRlLCB5YSBxdWUgaW5jbHVzbyBxdWllbmVzIG5vIHNvbiBNYWdvcyBwdWVkZW4gbGFuemFyIG1hZ2lhIGNvbiBlbGxvcy4=
+WLuAQ,,W01hZG9oYV0KQnV0IHRoZXJlJ3MgYSBsaW1pdCB0byBob3cgbXVjaCB3ZSBjYW4gbWFrZSBldmVyeSB3ZWVrLCBzbyB3ZSBydW4gb3V0IG9mIHN0b2NrIG9jY2FzaW9uYWxseS4=,,,,,W01hZG9oYV0KTWFzIGjDoSB1bSBsaW1pdGUgcGFyYSBhIHF1YW50aWRhZGUgcXVlIHBvZGVtb3MgcHJvZHV6aXIgYSBjYWRhIHNlbWFuYSwgZW50w6NvLCBvY2FzaW9uYWxtZW50ZSwgZmljYW1vcyBzZW0gZXN0b3F1ZS4=,,W01hZG9oYV0KUGVybyBsYSBjYW50aWRhZCBxdWUgcG9kZW1vcyBoYWNlciBwb3Igc2VtYW5hIGVzIGxpbWl0YWRhLCBhc8OtIHF1ZSwgZGUgdmV6IGVuIGN1YW5kbywgbm9zIHF1ZWRhbW9zIHNpbiBzdG9jay4=
+mLuAQ,,TWFnaWhh,,,,,TWFnaWhh,,TWFnaWhh
+2LuAQ,,W01hZ2loYV0KV2UncmUgY2xvc2VkIHRvZGF5ISBTbyBJIGRpZG4ndCBtYWtlIGFueSBlbGVtZW50YWwtcHJvb2YgcG90aW9ucywgb2YgY291cnNlLgpJZiB5b3UgbmVlZCBzb21lLCBwbGVhc2UgY29tZSBiYWNrIHRvbW9ycm93Lg==,,,,,W01hZ2loYV0KSG9qZSBlc3RhbW9zIGZlY2hhZG9zISBQb3J0YW50bywgbsOjbyBmaXogbmVuaHVtYSBwb8Onw6NvIMOgIHByb3ZhIGRlIGVsZW1lbnRvcywgw6kgY2xhcm8uClNlIHZvY8OqIHByZWNpc2FyIGRlIGFsZ3VtYSwgdm9sdGUgYW1hbmjDoy4=,,W01hZ2loYV0KwqFIb3kgZXN0w6EgY2VycmFkbyEgQXPDrSBxdWUgbm8gaGljZSBuaW5ndW5hIHBvY2nDs24gYSBwcnVlYmEgZGUgZWxlbWVudG9zLCBwb3Igc3VwdWVzdG8uClNpIG5lY2VzaXRhcyBhbGdvLCB2dWVsdmUgbWHDsWFuYS4=
/GLuAQ,,W01hZ2loYV0KV2VsY29tZSwKdG8gbWFnaWMgc2hvcCBNYU1hTWFNYS4KSSBzZWxsIGVsbWVudGFsLXByb29mIHBvdGlvbnMgdGhhdCBib29zdCB5b3VyIGVsZW1lbnRhbCByZXNpc3RhbmNlLg==,,,,,W01hZ2loYV0KQmVtLXZpbmRvLArDoCBsb2phIGRlIG1hZ2lhIE1hTWFNYU1hLgpFdSB2ZW5kbyBwb8Onw7VlcyDDoCBwcm92YSBkZSBlbG1lbnRvcyBxdWUgYXVtZW50YW0gc3VhIHJlc2lzdMOqbmNpYSBlbGVtZW50YXIu,,W01hZ2loYV0KVGUgZGFtb3MgbGEgYmllbnZlbmlkYQphIGxhIHRpZW5kYSBkZSBtYWdpYSBNYU1hTWFNYS4KVmVuZG8gcG9jaW9uZXMgYSBwcnVlYmEgZGUgZWxlbWVudG9zIHF1ZSBhdW1lbnRhbiB0dSByZXNpc3RlbmNpYSBlbGVtZW50YWwu
/WLuAQ,,W01hZ2loYV0KSSBzZWxsIFdhdGVyLCBXaW5kLCBFYXJ0aCwgYW5kIEZpcmUtcHJvb2YgcG90aW9ucyBJIG1ha2UgZGFpbHkuCklmIHlvdSBkb24ndCBzZWUgYW55dGhpbmcgb24gdGhlIGxpc3QsIGl0IG1lYW5zIEknbSBzb2xkIG91dCBmb3IgdGhlIGRheS4=,,,,,W01hZ2loYV0KRXUgdmVuZG8gcG/Dp8O1ZXMgw6AgcHJvdmEgZGUgw6FndWEsIHZlbnRvLCB0ZXJyYSBlIGZvZ28gcXVlIGZhw6dvIGRpYXJpYW1lbnRlLgpTZSB2b2PDqiBuw6NvIHZpciBuYWRhIG5hIGxpc3RhLCBzaWduaWZpY2EgcXVlIGVzdG91IGVzZ290YWRvIHBhcmEgbyBkaWEu,,W01hZ2loYV0KVmVuZG8gcG9jaW9uZXMgYSBwcnVlYmEgZGUgQWd1YSwgVmllbnRvLCBUaWVycmEgeSBGdWVnbyBxdWUgaGFnbyBhIGRpYXJpby4KU2kgbm8gdmVzIG5hZGEgZW4gbGEgbGlzdGEsIHNpZ25pZmljYSBxdWUgZXN0w6EgdG9kbyBhZ290YWRvIHBvciBlbCBkw61hLg==
/mLuAQ,,W01hZ2loYV0KUGxlYXNlIGNvbWUgYWdhaW4h,,,,,W01hZ2loYV0KUG9yIGZhdm9yLCB2b2x0ZSBzZW1wcmUh,,W01hZ2loYV0KwqFWdWVsdmUgcHJvbnRvIQ==
/2LuAQ,,Q29ja3RhaWwgTWFzdGVy,,,,,TWVzdHJlIGRlIGNvcXVldMOpaXM=,,Q29ja3RhaWwgTWFzdGVy
AGPuAQ,,W0NvY2t0YWlsIE1hc3Rlcl0KRG8geW91IHdhbnQgYSBzcGVjaWFsIGRyaW5rIG9mIE1vcmE/CkknbSBzb3JyeSwgYnV0IEkgbWFrZSBkcmlua3Mgb25seSBvbiB3ZWVrZW5kcy4gQ29tZSBiYWNrIG9uIF40RDRERkZGcmlkYXksIFNhdHVyZGF5LCBvciBTdW5kYXleMDAwMDAwLg==,,,,,W01lc3RyZSBkZSBjb3F1ZXTDqWlzXQpWb2PDqiBxdWVyIHVtIGRyaW5xdWUgZXNwZWNpYWwgZGUgTW9yYT8KRGVzY3VscGUtbWUsIG1hcyBmYcOnbyBkcmlucXVlcyBzb21lbnRlIG5vcyBmaW5haXMgZGUgc2VtYW5hLiBWb2x0ZSBuYSBeNEQ0REZGIHNleHRhLWZlaXJhLCBzw6FiYWRvIG91IGRvbWluZ29eMDAwMDAwLg==,,W01hZXN0cm8gZGUgY8OzY3RlbGVzXQrCv1F1aWVyZXMgdW5hIGJlYmlkYSBlc3BlY2lhbCBkZSBNb3JhPwpMbyBzaWVudG8sIHBlcm8gc29sbyBoYWdvIGJlYmlkYXMgbG9zIGZpbmVzIGRlIHNlbWFuYS4gVnVlbHZlIGVsIF40RDRERkZ2aWVybmVzLCBzw6FiYWRvIG8gZG9taW5nb14wMDAwMDAu
AWPuAQ,,W0NvY2t0YWlsIE1hc3Rlcl0KV2VsY29tZSB0byBDYWZlIE1vcmEuCkkgY2FuIGdldCB5b3UgZnJ1aXRzIGFuZCBkcmlua3MgZnJvbSBNb3JhLgpJJ3ZlIGdvdCBeNEQ0REZGUmFmZmxlY2lubywgTW9yYSBIaXAgVGVhLCBNb3JhIE1hbmRhcmluLCBhbmQgTW9yYSBCZXJyeV4wMDAwMDAuIEJ1dCBJIGdldCBvbmx5IGEgbGltaXRlZCBudW1iZXIgb2YgdGhlbSBhIGRheSwgc28gSSBob3BlIHlvdSB1bmRlcnN0YW5kLg==,,,,,W01lc3RyZSBkZSBDb3F1ZXTDqWlzXQpCZW0tdmluZG8gYW8gQ2Fmw6kgTW9yYS4KUG9zc28gbGhlIG9mZXJlY2VyIGZydXRhcyBlIGJlYmlkYXMgZGEgTW9yYS4KVGVuaG8gXjRENERGRlJhZmZsZWNpbm8sIE1vcmEgSGlwIFRlYSwgTW9yYSBNYW5kYXJpbiBlIE1vcmEgQmVycnleMDAwMDAwLiBNYXMgcmVjZWJvIGFwZW5hcyB1bSBuw7ptZXJvIGxpbWl0YWRvIGRlbGFzIHBvciBkaWEsIGVudMOjbyBlc3Blcm8gcXVlIHZvY8OqIGVudGVuZGEu,,W01hZXN0cm8gZGUgY8OzY3RlbGVzXQpUZSBkYW1vcyBsYSBiaWVudmVuaWRhIGFsIGNhZsOpIE1vcmEuClB1ZWRvIGNvbnNlZ3VpcnRlIGZydXRhcyB5IGJlYmlkYXMgZGUgTW9yYS4KVGVuZ28gXjRENERGRlJhZmZsZWNpbm8sIFTDqSBoaXAgZGUgTW9yYSwgTWFuZGFyaW5hIGRlIE1vcmEsIHkgQmF5YSBkZSBNb3JhXjAwMDAwMC4gUGVybyBzb2xvIHJlY2libyB1bmEgY2FudGlkYWQgbGltaXRhZGEgZGUgZWxsYXMgYWwgZMOtYSwgYXPDrSBxdWUgZXNwZXJvIHF1ZSBsbyBlbnRpZW5kYXMu
AmPuAQ,,W0NvY2t0YWlsIE1hc3Rlcl0KSSBtYWtlIGFib3V0IDEwMCBvZiBlYWNoIGV2ZXJ5IGRheSwgYnV0IHRoZXkgZ2V0IHNvbGQgb3V0IHByZXR0eSBxdWlja2x5LgpJIGhhdmUgdG8gY29sbGVjdCBmcnVpdHMgb24gd2Vla2RheXMsIHNvIGNvbWUgb24gdGhlIHdlZWtlbmRzIGlmIHlvdSB3YW50IHNvbWV0aGluZy4=,,,,,W01lc3RyZSBkZSBDb3F1ZXTDqWlzXQpFdSBmYcOnbyBjZXJjYSBkZSAxMDAgZGUgY2FkYSB1bSB0b2RvcyBvcyBkaWFzLCBtYXMgZWxlcyBzZSBlc2dvdGFtIHJhcGlkYW1lbnRlLgpUZW5obyBxdWUgY29sZXRhciBmcnV0YXMgbm9zIGRpYXMgZGUgc2VtYW5hLCBwb3J0YW50bywgdmVuaGEgbm9zIGZpbmFpcyBkZSBzZW1hbmEgc2UgcXVpc2VyIGFsZ28u,,W01hZXN0cm8gZGUgY8OzY3RlbGVzXQpIYWdvIHVuYXMgMTAwZGUgY2FkYSB1bmEgdG9kb3MgbG9zIGTDrWFzLCBwZXJvIHNlIGFnb3RhbiBtdXkgcsOhcGlkby4KVGVuZ28gcXVlIHJlY29sZWN0YXIgZnJ1dGEgbG9zIGTDrWFzIGRlIHNlbWFuYSwgYXPDrSBxdWUgdmVuIGxvcyBmaW5lcyBkZSBzZW1hbmEgc2kgcXVpZXJlcyBhbGdvLg==
A2PuAQ,,W0NvY2t0YWlsIE1hc3Rlcl0KVGhhbmtzIGZvciB5b3VyIHBhdHJvbmFnZS4=,,,,,W01lc3RyZSBkZSBDb3F1ZXTDqWlzXQpPYnJpZ2FkbyBwb3Igc2V1IHBhdHJvY8OtbmlvLg==,,W01hZXN0cm8gZGUgY8OzY3RlbGVzXQpHcmFjaWFzIHBvciB0dSBwYXRyb2NpbmlvLg==
BGPuAQ,,R3JhcGVmcnVpdA==,,,,,R3JhcGVmcnVpdA==,,R3JhcGVmcnVpdA==
BWPuAQ,,W0dyYXBlZnJ1aXRdCkNvbWUtd2VsIQpDYWZlIE1vcmEsIG9wZW4gdGhyb3VnaG91dCB0aGUgeWVhciwgeW91IGFyZSBpbi4KR3JhcGVmcnVpdCwgc2VsbHMgb2RkcyBhbmQgZW5kcy4=,,,,,W0dyYXBlZnJ1aXRdClZlbmhhIQpDYWbDqSBNb3JhLCBhYmVydG8gbyBhbm8gdG9kbywgdm9jw6ogZXN0w6EgZGVudHJvLgpHcmFwZWZydWl0LCB2ZW5kZSBidWdpZ2FuZ2FzIGUgb3V0cm9zIGl0ZW5zLg==,,W1BvbWVsb10KwqFWZW5pZGEgYnVlbmEgdGUgZG95IQpDYWbDqSBNb3JhLCBhYmllcnRvIHRvZG8gZWwgYcOxbyBwYXJhIHRpLgpQb21lbG8gdmVuZGUgY2h1Y2hlcsOtYXMu
BmPuAQ,,V2hhdCdzIHVwIHdpdGggeW91ciBzcGVlY2g/,,,,,TyBxdWUgZXN0w6EgYWNvbnRlY2VuZG8gY29tIHNldSBkaXNjdXJzbz8=,,wr9Qb3IgcXXDqSBoYWJsYXMgYXPDrT8=
B2PuAQ,,RG8geW91IGhhdmUgYW55dGhpbmcgZWxzZT8=,,,,,Vm9jw6ogdGVtIG1haXMgYWxndW1hIGNvaXNhPw==,,wr9UaWVuZXMgYWxnbyBtw6FzPw==
CGPuAQ,,W0dyYXBlZnJ1aXRdClllcyEgVGhlIGZhbW91cyBzYXAgb2YgTW9yYSBWaWxsYWdlIQpJIHNlbGwhIEJlZWYgVG9hc3QuCkRlbGljaW91cy4gQmVlZiBUb2FzdC4gTWUgdmVyeSBsaWtleSEgR3JhcGVmcnVpdCE=,,,,,W0dyYXBlZnJ1aXRdClNpbSEgQSBmYW1vc2Egc2VpdmEgZGEgVmlsYSBkZSBNb3JhIQpFdSB2ZW5kbyEgVG9ycmFkYSBkZSBjYXJuZS4KRGVsaWNpb3NvLiBUb3JyYWRhcyBkZSBjYXJuZS4gRXUgZ29zdG8gbXVpdG8hIEdyYXBlZnJ1aXQh,,W1BvbWVsb10KwqFTw60hIMKhTGEgZmFtb3NhIHNhdmlhIGRlbCBwdWVibG8gZGUgTW9yYSEKwqFWZW5kbyEgVG9zdGFkYSBkZSBjYXJuZS4KRGVsaWNpb3NvLiBUb3N0YWRhIGRlIGNhcm5lLiDCoUd1c3RhIG11Y2hvIGEgbcOtISDCoVBvbWVsbyE=
CWPuAQ,,W0dyYXBlZnJ1aXRdCk1vcmEgbGFuZ3VhZ2UsIHlvdSBkbyBub3Qga25vdy4KSHVtYW4gbGFuZ3VhZ2UuIEdyYXBlZnJ1aXQga25vdy4KR3JhcGVmcnVpdCBhbWF6aW5nLgpTdHVkaWVkIHZlcnkgbG90ISBJIGhhdmUh,,,,,W0dyYXBlZnJ1aXRdLgpPIGlkaW9tYSBNb3JhLCB2b2PDqiBuw6NvIHNhYmUuCkxpbmd1YWdlbSBodW1hbmEuIEdyYXBlZnJ1aXQgc2FiZS4KR3JhcGVmcnVpdCDDqSBpbmNyw612ZWwuCkVzdHVkZWkgbXVpdG8hIEV1IGVzdHVkZWkh,,W1BvbWVsb10KSWRpb21hIGRlIE1vcmEsIG5vIGNvbm9jZXMuCklkaW9tYSBodW1hbm8uIFBvbWVsbyBjb25vY2UuClBvbWVsbyBpbmNyZcOtYmxlLgrCoUVzdHVkaWFkbyBtdXkhIMKhTXVjaG8gbXV5IQ==
CmPuAQ,,W0dyYXBlZnJ1aXRdClNlbGwuIFRoZSBtYXN0ZXIuIEZyaWRheSwgU2F0dXJkYXksIGFuZCBTdW5kYXkuCkp1aWNlZCBmcnVpdCBkZWxpY2lvdXMuIE1vcmEgdGhlIGJlc3Qh,,,,,W0dyYXBlZnJ1aXRdClZlbmRlci4gTyBtZXN0cmUuIFNleHRhLCBzw6FiYWRvIGUgZG9taW5nby4KU3VjbyBkZSBmcnV0YXMgZGVsaWNpb3NvLiBNb3JhIG8gbWVsaG9yIQ==,,W1BvbWVsb10KVmVuZGVyLiBFbCBtYWVzdHJvLiBWaWVybmVzLCBzw6FiYWRvIHkgZG9taW5nby4KSnVnbyBkZSBmcnV0YXMgZGVsaWNpb3NvLiBNb3JhLCDCoWVsIG1lam9yIQ==
C2PuAQ,,W01hbGFuZ2RvbGxhXQ==,,,,,W01hbGFuZ2RvbGxhXQ==,,W01hbGFuZ2RvbGxhXQ==
DGPuAQ,,PT0gTWFsYW5nZG9sbGEgPT0KTWFsYW5nZG8gU3BlY2lhbHRpZXMKSGVyZSBjb21lIHRoZSBNeXN0ZXJpb3VzIHNlcmllcyBhbmQgWWdnZHJhc2lsIHNlcmllcyE=,,,,,PT0gTWFsYW5nZG9sbGEgPT0KRXNwZWNpYWxpZGFkZXMgZGUgTWFsYW5nZG8KQXF1aSBlc3TDo28gYSBzw6lyaWUgTXlzdGVyaW91cyBlIGEgc8OpcmllIFlnZ2RyYXNpbCE=,,PT0gTWFsYW5nZG9sbGEgPT0KRXNwZWNpYWxpZGFkZXMgZGUgTWFsYW5nZG8uCsKhQXF1w60gdmllbmVuIGxhcyBzZXJpZXMgTWlzdGVyaW9zYSBlIFlnZ2RyYXNpbCE=
DWPuAQ,,W0J1c2luZXNzIEhvdXJzXQpTcGVjaWFsdHkgU2VyaWVzIC0gTW9uL1R1ZS9UaHUvRnJpL1NhdC9TdW4KUmVndWxhciBTYWxlcyAtIE1hc3RlbGEgRnJ1aXQ=,,,,,W0hvcsOhcmlvIGNvbWVyY2lhbF0KU8OpcmllcyBlc3BlY2lhaXMgLSBzZWcvdGVyL3F1aS9zZXgvc8OhYi9kb20KVmVuZGFzIHJlZ3VsYXJlcyAtIE1hc3RlbGEgRnJ1aXQ=,,W0hvcmFyaW9zIGRlIGF0ZW5jacOzbl0KU2VyaWVzIGVzcGVjaWFsZXM6IGx1bmVzLCBtYXJ0ZXMsIGp1ZXZlcywgdmllcm5lcywgc8OhYmFkbywgZG9taW5nby4KVmVudGFzIHJlZ3VsYXJlczogZnJ1dGEgZGUgTWFzdGVsYS4=
DmPuAQ,,QmxhY2twaG9uZQ==,,,,,QmxhY2twaG9uZQ==,,QmxhY2twaG9uZQ==
D2PuAQ,,W0JsYWNrcGhvbmVdCk1lb3cuIFdlJ3JlIG5vdCBvcGVuIG9uIHRoZSBtYXJrZXQgaG9saWRheS4gVG9kYXksIHdlIGdvIHRvIE1hbGFuZ2RvIHRvIHJlcGxlbmlzaCBvdXIgc3RvY2suCklmIHlvdSBuZWVkIGEgTXlzdGVyaW91cyBQRVQgQm90dGxlLCBDYW4sIG9yIFlnZ2RyYXNpbGJlcnJ5LCBjb21lIGJhY2sgdG9tb3Jyb3cu,,,,,W0JsYWNrcGhvbmVdLgpNaWF1LiBOw6NvIGFicmltb3Mgbm8gZmVyaWFkbyBkbyBtZXJjYWRvLiBIb2plLCB2YW1vcyBhIE1hbGFuZ2RvIHBhcmEgcmVhYmFzdGVjZXIgbm9zc28gZXN0b3F1ZS4KU2Ugdm9jw6ogcHJlY2lzYXIgZGUgdW1hIGdhcnJhZmEgUEVUIG1pc3Rlcmlvc2EsIGxhdGEgb3UgWWdnZHJhc2lsYmVycnksIHZvbHRlIGFtYW5ow6Mu,,W1RlbMOpZm9ubyBuZWdyb10KTWlhdS4gQ2VycmFtb3MgZWwgZMOtYSBkZSBkZXNjYW5zbyBkZWwgbWVyY2Fkby4gSG95IHZhbW9zIGEgTWFsYW5nZG8gYSByZXBvbmVyIHN0b2NrLgpTaSBuZWNlc2l0YXMgdW5hIEJvdGVsbGEgZGUgcGzDoXN0aWNvIG1pc3Rlcmlvc2EsIHVuYSBMYXRhIG8gdW4gRnJ1dG8gZGUgWWdnZHJhc2lsLCB2dWVsdmUgbWHDsWFuYS4=
EGPuAQ,,W0JsYWNrcGhvbmVdCldlbGNvbWUuIE1lb3cuCldlbGNvbWUgdG8gTWFsYW5nZG9sbGEgb2YgQ2F0IFBhdyBNZXJjaGFudCBHdWlsZC4KV2Ugc2VsbCBNeXN0ZXJpb3VzIHNlcmllcyBhbmQgdmFyaW91cyBjcm9wcyBncm93biBpbiBNYWxhbmdkby4gTWVvdy4=,,,,,W0JsYWNrcGhvbmVdLgpCZW0tdmluZG8uIE1pYXUuCkJlbS12aW5kbyBhbyBNYWxhbmdkb2xsYSBkYSBHdWlsZGEgZGUgQ29tZXJjaWFudGVzIFBhdGEgZGUgR2F0by4KVmVuZGVtb3MgYSBzw6lyaWUgTXlzdGVyaW91cyBlIHbDoXJpYXMgY3VsdHVyYXMgY3VsdGl2YWRhcyBlbSBNYWxhbmdkby4gTWlhdS4=,,W1RlbMOpZm9ubyBuZWdyb10KVGUgZGFtb3MgbGEgYmllbnZlbmlkYS4gTWlhdS4KVGUgZGFtb3MgbGEgYmllbnZlbmlkYSBhbCBncmVtaW8gZGUgY29tZXJjaWFudGVzIE1hbm8gR2F0dW5hIGRlIE1hbGFuZ2RvbGxhLgpWZW5kZW1vcyBsYSBzZXJpZSBNaXN0ZXJpb3NhIHkgZGl2ZXJzb3MgY3VsdGl2b3MgZGUgTWFsYW5nZG8uIE1pYXUu
EWPuAQ,,W0JsYWNrcGhvbmVdCkkndmUgZ290IE15c3RlcmlvdXMgUEVUIEJvdHRsZXMsIENhbnMsIFlnZ2RyYXNpbGJlcnJpZXMsIFByaWNrbHkgRnJ1aXRzLCB0aGF0IHNvcnQgb2Ygc3R1ZmYuCklmIHlvdSBkb24ndCBzZWUgYW55dGhpbmcsIGl0IG1lYW5zIEknbSBzb2xkIG91dC4gSW4gdGhhdCBjYXNlLCBjb21lIGJhY2sgdG9tb3Jyb3cu,,,,,W0JsYWNrcGhvbmVdClRlbmhvIGdhcnJhZmFzIFBFVCBtaXN0ZXJpb3NhcywgbGF0YXMsIFlnZ2RyYXNpbGJlcnJpZXMsIFByaWNrbHkgRnJ1aXRzLCBlc3NlIHRpcG8gZGUgY29pc2EuClNlIHZvY8OqIG7Do28gdmlyIG5hZGEsIHNpZ25pZmljYSBxdWUgZXN0b3UgZXNnb3RhZG8uIE5lc3NlIGNhc28sIHZvbHRlIGFtYW5ow6Mu,,W1RlbMOpZm9ubyBuZWdyb10KVGVuZ28gQm90ZWxsYXMgZGUgcGzDoXN0aWNvIG1pc3Rlcmlvc2FzLCBMYXRhcywgRnJ1dG9zIGRlIFlnZ2RyYXNpbCwgRnJ1dGEgZGVsIGNhY3R1cywgZXNlIHRpcG8gZGUgY29zYXMuClNpIG5vIHZlcyBuYWRhLCBzaWduaWZpY2EgcXVlIGVzdMOhIHRvZG8gYWdvdGFkby4gRW4gZXNlIGNhc28sIHZ1ZWx2ZSBtYcOxYW5hLg==
EmPuAQ,,W0JsYWNrcGhvbmVdCkNvbWUgYWdhaW4uIFdlIGdvdCBsb2FkcyBvZiBnb29kIHN0dWZmLiBNZW93Lg==,,,,,W0JsYWNrcGhvbmVdLgpWZW5oYSBub3ZhbWVudGUuIFRlbW9zIHVtIG1vbnRlIGRlIGNvaXNhcyBib2FzLiBNaWF1Lg==,,W1RlbMOpZm9ubyBuZWdyb10KVnVlbHZlIHByb250by4gVGVuZW1vcyB1biBtb250w7NuIGRlIGNvc2FzIGJ1ZW5hcy4gTWlhdS4=
E2PuAQ,,V2hpdGViZXJyeQ==,,,,,QW1vcmEgYnJhbmNh,,V2hpdGViZXJyeQ==
FGPuAQ,,W1doaXRlYmVycnldCk1hc3RlbGEgRnJ1aXRzISBNYXN0ZWxhIEZydWl0cyEKTWVvdy4gVG9kYXkncyB0aGUgcmVndWxhciBob2xpZGF5LCBidXQgeW91IGNhbiBidXkgZmV3IHN0dWZmcyE=,,,,,W1doaXRlYmVycnldCkZydXRhcyBNYXN0ZWxhISBGcnV0YXMgTWFzdGVsYSEKTWlhdS4gSG9qZSDDqSBmZXJpYWRvIG5vcm1hbCwgbWFzIHZvY8OqIHBvZGUgY29tcHJhciBhbGd1bWFzIGNvaXNhcyE=,,W0JheWEgYmxhbmNhXQrCoUZydXRhIGRlIE1hc3RlbGEhIMKhRnJ1dGEgZGUgTWFzdGVsYSEKTWlhdS4gSG95IGVzIGVsIGTDrWEgZGUgZGVzY2Fuc28gaGFiaXR1YWwsIMKhcGVybyBwdWVkZXMgY29tcHJhciBhbGd1bmFzIGNvc2FzIQ==
FWPuAQ,,W1doaXRlYmVycnldCkkgZ290IGZyZXNoIE1hc3RlbGEgRnJ1aXRzIQpQbGVhc2UgYnV5IGEgbG90LiBNZW93LgpXZSBncm93IHRoZW0sIGJ1dCBpdCdzIHRvbyBzb3VyIGZvciB1cyB0byBlYXQuLi4gVWgsIG5ldmVyIG1pbmQuIE1lb3cgbWVvdy4=,,,,,W1doaXRlYmVycnldClRlbmhvIGZydXRhcyBNYXN0ZWxhIGZyZXNjYXMhClBvciBmYXZvciwgY29tcHJlIHVtIGxvdGUuIE1pYXUuCk7Ds3MgYXMgY3VsdGl2YW1vcywgbWFzIHPDo28gbXVpdG8gYXplZGFzIHBhcmEgY29tZXJtb3MuLi4gVWgsIG7Do28gaW1wb3J0YS4gTWlhdSBtaWF1Lg==,,W0JheWEgYmxhbmNhXQrCoVRlbmdvIEZydXRhIGRlIE1hc3RlbGEgZnJlc2NhIQpQb3IgZmF2b3IsIGNvbXByYSBtdWNoby4gTWlhdS4KTGEgY3VsdGl2YW1vcywgcGVybyBlcyBkZW1hc2lhZG8gYWdyaWEgcGFyYSBjb21lcmxh4oCmIE9oLCBubyBpbXBvcnRhLiBNaWF1LCBtaWF1Lg==
FmPuAQ,,W1doaXRlYmVycnldCkknbGwgZ2l2ZSB5b3UgYSBmYWlyIHB1cnJpY2UuClNlbGwgbWUgc29tZXRoaW5nIHVzZWZ1bCBpZiB5b3Ugd291bGQuIE1lb3cu,,,,,W1doaXRlYmVycnldCkV1IGxoZSBkYXJlaSB1bSBwcmXDp28ganVzdG8uClZlbmRhLW1lIGFsZ28gw7p0aWwsIHNlIHF1aXNlci4gTWlhdS4=,,W0JheWEgYmxhbmNhXQpUZSBoYXLDqSB1biBwcnJyZWNpbyBqdXN0by4KVsOpbmRlbWUgYWxnbyDDunRpbCBzaSBxdWllcmVzLiBNaWF1Lg==
F2PuAQ,,W1doaXRlYmVycnldCk1lb3chIEdvb2RieWUh,,,,,W1doaXRlYmVycnldCk1pYXUhIEFkZXVzIQ==,,W0JheWEgYmxhbmNhXQrCoU1pYXUhIEFkacOzcy4=
GGPuAQ,,W1doaXRlYmVycnldCldlbGNvbWUuIE1lb3cuCldlbGNvbWUgdG8gTWFsYW5nZG9sbGEgb2YgQ2F0IFBhdyBNZXJjaGFudCBHdWlsZCwgd2hlcmUgeW91IGNhbiBidXkgdGhlIHNwZWNpYWx0aWVzIG9mIE1hbGFuZ2RvIQ==,,,,,W1doaXRlYmVycnldCkJlbS12aW5kby4gTWlhdS4KQmVtLXZpbmRvIGFvIE1hbGFuZ2RvbGxhIGRhIENhdCBQYXcgTWVyY2hhbnQgR3VpbGQsIG9uZGUgdm9jw6ogcG9kZSBjb21wcmFyIGFzIGVzcGVjaWFsaWRhZGVzIGRlIE1hbGFuZ2RvIQ==,,W0JheWEgYmxhbmNhXQpUZSBkYW1vcyBsYSBiaWVudmVuaWRhLiBNaWF1LgpUZSBkYW1vcyBsYSBiaWVudmVuaWRhIGFsIGdyZW1pbyBkZSBjb21lcmNpYW50ZXMgTWFubyBHYXR1bmEgZGUgTWFsYW5nZG9sbGEsIMKhZG9uZGUgcHVlZGVzIGNvbXByYXIgbGFzIGVzcGVjaWFsaWRhZGVzIGRlIE1hbGFuZ2RvIQ==
GWPuAQ,,W1doaXRlYmVycnldCkkgZ290IGZyZXNoIE1hc3RlbGEgRnJ1aXRzIQpQbGVhc2UgYnV5IGEgbG90LiBNZW93LgpXZSBncm93IHRoZW0sIGJ1dCBpdCdzIHRvbyBzb3VyIGZvciB1cyB0byBlYXQuLi4gdWgsIG5ldmVyIG1pbmQuIE1lb3cgbWVvdy4=,,,,,W1doaXRlYmVycnldClRlbmhvIGZydXRhcyBNYXN0ZWxhIGZyZXNjYXMhClBvciBmYXZvciwgY29tcHJlIHVtIGxvdGUuIE1pYXUuCk7Ds3MgYXMgY3VsdGl2YW1vcywgbWFzIHPDo28gbXVpdG8gYXplZGFzIHBhcmEgY29tZXJtb3MuLi4gYWgsIG7Do28gaW1wb3J0YS4gTWlhdSBtaWF1Lg==,,W0JheWEgYmxhbmNhXQrCoVRlbmdvIEZydXRhIGRlIE1hc3RlbGEgZnJlc2NhIQpQb3IgZmF2b3IsIGNvbXByYSBtdWNoby4gTWlhdS4KTGFzIGN1bHRpdmFtb3MsIHBlcm8gc29uIGRlbWFzaWFkbyBhZ3JpYXMgcGFyYSBjb21lcmxhc+KApiBPaCwgbm8gaW1wb3J0YS4gTWlhdSwgbWlhdS4=
GmPuAQ,,R2VuZXJhbCBTdG9yZSBbVGFnIEl0XQ==,,,,,QXJtYXrDqW0gZ2VyYWwgW1RhZyBJdF0=,,R2VuZXJhbCBTdG9yZSBbVGFnIEl0XQ==
G2PuAQ,,PT0gVGFnIEl0ID09CkVsZW1lbnRhbCBxdWl2ZXJzLCB0cmFwcywgcG9pc29uIGtpdHMgZm9yIHNhbGUgZXZlcnkgZGF5,,,,,PT0gVGFnIEl0ID09CkFsamF2YXMgZWxlbWVudGFyZXMsIGFybWFkaWxoYXMgZSBraXRzIGRlIHZlbmVubyDDoCB2ZW5kYSB0b2RvcyBvcyBkaWFz,,PT0gRXRpcXXDqXRhbG8gPT0KVmVudGEgZGlhcmlhIGRlIENhcmNhamVzIGVsZW1lbnRhbGVzLCBUcmFtcGFzIHkgS2l0cyBkZSB2ZW5lbm8u
HGPuAQ,,W0J1c2luZXNzIEhvdXJzXQpXZWRuZXNkYXkgLSByZWd1bGFyIGhvbGlkYXkhCkZyaSwgU2F0LCBTdW4gLSBzYWxlIGV2ZW50IQ==,,,,,W0hvcsOhcmlvIGNvbWVyY2lhbF0KUXVhcnRhLWZlaXJhIC0gZmVyaWFkbyBub3JtYWwhClNleCwgU8OhYiwgRG9tIC0gZXZlbnRvIGRlIHZlbmRhIQ==,,W0hvcmFyaW9zIGRlIGF0ZW5jacOzbl0KTWnDqXJjb2xlczogwqFkw61hIGRlIGRlc2NhbnNvIGhhYml0dWFsIQpWaWVybmVzLCBzw6FiYWRvLCBkb21pbmdvOiDCoWV2ZW50byBkZSB2ZW50YXMh
HWPuAQ,,TmFwaWQgdGhlIENyYXBzaG9vdA==,,,,,TmFwaWQsIG8gQ3JhcHNob290,,TmFwaWQgdGhlIENyYXBzaG9vdA==
HmPuAQ,,W05hcGlkXQpXZWxjb21lLCB3ZWxjb21lISBUYWcgSXQgaGFzIGV2ZXJ5dGhpbmcgeW91IG5lZWQgdW5sZXNzIHdlIGRvbid0IGhhdmUgaXQhClRocm91Z2hvdXQgdGhlIHdlZWtlbmQgZnJvbSBGcmlkYXkgdG8gU3VuZGF5ISBXZSd2ZSBwcmVwYXJlZCBzb21lIGdvb2QgbWVyY2hhbmRpc2UgZm9yIHlvdSE=,,,,,W05hcGlkXQpCZW0tdmluZG8sIGJlbS12aW5kbyEgQSBUYWcgSXQgdGVtIHR1ZG8gbyBxdWUgdm9jw6ogcHJlY2lzYSwgYSBtZW5vcyBxdWUgbsOjbyB0ZW5oYW1vcyEKRHVyYW50ZSB0b2RvIG8gZmltIGRlIHNlbWFuYSwgZGUgc2V4dGEgYSBkb21pbmdvISBQcmVwYXJhbW9zIGFsZ3VtYXMgYm9hcyBtZXJjYWRvcmlhcyBwYXJhIHZvY8OqIQ==,,W05hcGlkXQrCoUhvbGEsIHF1w6kgYnVlbm8gdGVuZXJ0ZSBhcXXDrSEgwqFFdGlxdcOpdGFsbyB0aWVuZSB0b2RvIGxvIHF1ZSBuZWNlc2l0YXMgYSBtZW5vcyBxdWUgbm8gbG8gdGVuZ2Ftb3MhCkR1cmFudGUgdG9kbyBlbCBmaW4gZGUgc2VtYW5hLCDCoWRlIHZpZXJuZXMgYSBkb21pbmdvISDCoVRlIHByZXBhcmFtb3MgYnVlbmEgbWVyY2FuY8OtYSE=
H2PuAQ,,W05hcGlkXQpUaGFuayB5b3UgZm9yIGNvbWluZyB0byBlbmpveSBUYWcgSXQncyB3ZWVrZW5kIHNwZWNpYWwgc2FsZS4KV2UndmUgZ290IDEwMCBzdXJwcmlzZSBnaWZ0cyB0aGF0IG5vIG9uZSBrbm93cyB3aGF0J3MgaW5zaWRlISBPbmx5IDEwMCwgbGltaXRlZCBmb3IgdGhlIHdlZWtlbmQhCkNhbiBJIGdldCB5b3Ugc29tZXRoaW5nPw==,,,,,W05hcGlkXQpPYnJpZ2FkbyBwb3IgdGVyZW0gdmluZG8gYXByb3ZlaXRhciBhIHByb21vw6fDo28gZXNwZWNpYWwgZGUgZmltIGRlIHNlbWFuYSBkYSBUYWcgSXQuClRlbW9zIDEwMCBwcmVzZW50ZXMgc3VycHJlc2EgcXVlIG5pbmd1w6ltIHNhYmUgbyBxdWUgdGVtIGRlbnRybyEgQXBlbmFzIDEwMCwgbGltaXRhZG9zIHBhcmEgbyBmaW0gZGUgc2VtYW5hIQpQb3NzbyBjb21wcmFyIGFsZ28gcGFyYSB2b2PDqj8=,,W05hcGlkXQpHcmFjaWFzIHBvciB2ZW5pciBhIGRpc2ZydXRhciBkZSBsYSB2ZW50YSBlc3BlY2lhbCBkZSBmaW4gZGUgc2VtYW5hIGRlIEV0aXF1w6l0YWxvLgrCoVRlbmVtb3MgMTAwcmVnYWxvcyBzb3JwcmVzYSBxdWUgbmFkaWUgc2FiZSBsbyBxdWUgY29udGllbmVuISBTb2xvMTAwLCDCoXkgc29sbyBlbCBmaW4gZGUgc2VtYW5hIQrCv1B1ZWRvIG9mcmVjZXJ0ZSBhbGdvPw==
IGPuAQ,,W05hcGlkXQpXZSBoYXZlIHRoZSBwb3B1bGFyIEpld2VscnkgQm94LCBXcmFwcGVkIE1hc2ssIE9sZCBDYXJkIEFsYnVtLCBhbmQgSG9tZXRvd24gR2lmdC4KSWYgeW91IGRvbid0IHNlZSBhbnl0aGluZywgaXQgbWVhbnMgd2UncmUgc29sZCBvdXQuIFBsZWFzZSB3YWl0IGZvciB0aGUgbmV4dCBzYWxlcyBkYXkgaWYgdGhhdCdzIHRoZSBjYXNlIQ==,,,,,W05hcGlkXQpUZW1vcyBvcyBwb3B1bGFyZXMgSmV3ZWxyeSBCb3gsIFdyYXBwZWQgTWFzaywgT2xkIENhcmQgQWxidW0gZSBIb21ldG93biBHaWZ0LgpTZSB2b2PDqiBuw6NvIHZpciBuYWRhLCBzaWduaWZpY2EgcXVlIGVzdGFtb3MgZXNnb3RhZG9zLiBTZSBmb3IgZXNzZSBvIGNhc28sIGFndWFyZGUgbyBwcsOzeGltbyBkaWEgZGUgdmVuZGFzIQ==,,W05hcGlkXQpUZW5lbW9zIGVsIHBvcHVsYXIgSm95ZXJvLCBsYSBNw6FzY2FyYSBlbnZ1ZWx0YSwgZWwgw4FsYnVtIGRlIGNhcnRhcyBhbnRpZ3VvIHkgZWwgUmVnYWxvIGRlIGxhIGNpdWRhZCBuYXRhbC4KU2kgbm8gdmVzIG5hZGEsIHNpZ25pZmljYSBxdWUgZXN0w6EgdG9kbyBhZ290YWRvLiBTaSBlcyBhc8OtLCDCoWVzcGVyYSBhbCBwcsOzeGltbyBkw61hIGRlIHZlbnRhcyE=
IWPuAQ,,W05hcGlkXQpUaGFuayB5b3UgZm9yIHZpc2l0aW5nIFRhZyBJdCE=,,,,,W05hcGlkXQpPYnJpZ2FkbyBwb3IgdmlzaXRhciBvIFRhZyBJdCE=,,W05hcGlkXQrCoUdyYWNpYXMgcG9yIHZpc2l0YXIgRXRpcXXDqXRhbG8h
ImPuAQ,,U2hvcCBNYW5hZ2VyIFNlbGx5dA==,,,,,R2VyZW50ZSBkZSBsb2phIFNlbGx5dA==,,U2hvcCBNYW5hZ2VyIFNlbGx5dA==
I2PuAQ,,W1NlbGx5dF0KV2VsY29tZSB0byBUYWcgSXQuClRhZyBJdCBpcyBjbG9zZWQgb24gV2VkbmVzZGF5cyBmb2xsb3dpbmcgdGhlIG1hcmtldCdzIHJlZ3VsYXIgaG9saWRheSBwb2xpY3ksIHNvIHBsZWFzZSBrZWVwIHRoYXQgaW4gbWluZC4KR29vZCBieWUu,,,,,W1NlbGx5dF0KQmVtLXZpbmRvIGFvIFRhZyBJdC4KTyBUYWcgSXQgZXN0w6EgZmVjaGFkbyDDoHMgcXVhcnRhcy1mZWlyYXMsIHNlZ3VpbmRvIGEgcG9sw610aWNhIHJlZ3VsYXIgZGUgZmVyaWFkb3MgZG8gbWVyY2FkbywgcG9ydGFudG8sIGxlbWJyZS1zZSBkaXNzby4KQXTDqSBsb2dvLg==,,W1bDqW5kZWxvXQpUZSBkYW1vcyBsYSBiaWVudmVuaWRhIGEgRXRpcXXDqXRhbG8uCkV0aXF1w6l0YWxvIGVzdMOhIGNlcnJhZG8gbG9zIG1pw6lyY29sZXMgZW4gZnVuY2nDs24gZGUgbGEgcG9sw610aWNhIGRlIGTDrWEgZGUgZGVzY2Fuc28gaGFiaXR1YWwgZGVsIG1lcmNhZG8sIGFzw60gcXVlIHRlbiBlc28gZW4gY3VlbnRhLgpBZGnDs3Mu
JGPuAQ,,W1NlbGx5dF0KVGhhbmsgeW91IGZvciB2aXNpdGluZyBUYWcgSXQuCldlIHNlbGwgdmFyaW91cyBlbGVtZW50YWwgcXVpdmVycyBhbmQgdHJhcHMuCkNhbiBJIGdldCB5b3Ugc29tZXRoaW5nPw==,,,,,W1NlbGx5dF0KT2JyaWdhZG8gcG9yIHZpc2l0YXIgYSBUYWcgSXQuClZlbmRlbW9zIHbDoXJpYXMgYWxqYXZhcyBlIGFybWFkaWxoYXMgZWxlbWVudGFyZXMuClBvc3NvIGxoZSBvZmVyZWNlciBhbGdvPw==,,W1bDqW5kZWxvXQpHcmFjaWFzIHBvciB2aXNpdGFyIEV0aXF1w6l0YWxvLgpWZW5kZW1vcyB2YXJpb3MgY2FyY2FqZXMgeSB0cmFtcGFzIGVsZW1lbnRhbGVzLgrCv1B1ZWRvIG9mcmVjZXJ0ZSBhbGdvPw==
JWPuAQ,,Q2hlY2sgZWxlbWVudGFsIHF1aXZlcnMu,,,,,VmVyaWZpcXVlIGFzIGFsamF2YXMgZWxlbWVudGFyZXMu,,RWNoYXIgdW4gdmlzdGF6byBhIGxvcyBjYXJjYWplcyBlbGVtZW50YWxlcy4=
JmPuAQ,,Q2hlY2sgdHJhcHMu,,,,,VmVyaWZpcXVlIGFzIGFybWFkaWxoYXMu,,RWNoYXIgdW4gdmlzdGF6byBhIGxhcyB0cmFtcGFzLg==
J2PuAQ,,W1NlbGx5dF0KV2Ugc3RyaXZlIHRvIHByb2N1cmUgYXMgbXVjaCBzdG9jayBhcyBwb3NzaWJsZSB0byBzYXRpc2Z5IG91ciBjdXN0b21lcnMsCmJ1dCB3ZSBkbyBnZXQgc29sZCBvdXQgc29tZXRpbWVzLg==,,,,,W1NlbGx5dF0KTsOzcyBub3MgZXNmb3LDp2Ftb3MgcGFyYSBvYnRlciBvIG3DoXhpbW8gZGUgZXN0b3F1ZSBwb3Nzw612ZWwgcGFyYSBzYXRpc2ZhemVyIG5vc3NvcyBjbGllbnRlcywKbWFzLCDDoHMgdmV6ZXMsIG8gZXN0b3F1ZSBzZSBlc2dvdGEu,,W1bDqW5kZWxvXQpOb3MgZXNmb3J6YW1vcyBwb3IgY29uc2VndWlyIGVsIG1heW9yIHN0b2NrIHBvc2libGUgcGFyYSBzYXRpc2ZhY2VyIGEgbnVlc3Ryb3MgY2xpZW50ZXMsCnBlcm8gYSB2ZWNlcyBzZSBhZ290YW4u
KGPuAQ,,W1NlbGx5dF0KTGV0IG1lIHNob3cgeW91IHNvbWUgdHJhcHMuClRhZyBJdCwgd2hlcmUgeW91IGNhbiBhbHdheXMgaGF2ZSBmdW4u,,,,,W1NlbGx5dF0KVm91IGxoZSBtb3N0cmFyIGFsZ3VtYXMgYXJtYWRpbGhhcy4KVGFnIEl0LCBvbmRlIHZvY8OqIHNlbXByZSBwb2RlIHNlIGRpdmVydGlyLg==,,W1bDqW5kZWxvXQpEw6lqYW1lIG1vc3RyYXJ0ZSBhbGd1bmFzIHRyYW1wYXMuCkV0aXF1w6l0YWxvLCBkb25kZSBzaWVtcHJlIHRlIGRpdmllcnRlcy4=
KWPuAQ,,W1NlbGx5dF0KVGhhbmsgeW91IGZvciB2aXNpdGluZyBUYWcgSXQuClBsZWFzZSBjb21lIGFnYWluLg==,,,,,W1NlbGx5dF0KT2JyaWdhZG8gcG9yIHZpc2l0YXIgbyBUYWcgSXQuClBvciBmYXZvciwgdm9sdGUgc2VtcHJlLg==,,W1bDqW5kZWxvXQpHcmFjaWFzIHBvciB2aXNpdGFyIEV0aXF1w6l0YWxvLgpWdWVsdmUgcHJvbnRvLg==
KmPuAQ,,W1Byb3BlciBQcmVzY3JpcHRpb25d,,,,,W1ByZXNjcmnDp8OjbyBhZGVxdWFkYV0u,,W1Byb3BlciBQcmVzY3JpcHRpb25d
K2PuAQ,,PT0gUHJvcGVyIFByZXNjcmlwdGlvbiA9PQpQb3Rpb25zIG9mIGFsbCBzb3J0cyBmb3Igc2FsZS4=,,,,,PT0gUHJlc2NyacOnw6NvIEFkZXF1YWRhID09ClBvw6fDtWVzIGRlIHRvZG9zIG9zIHRpcG9zIMOgIHZlbmRhLg==,,PT0gUmVjZXRhIGFkZWN1YWRhID09ClBvY2lvbmVzIGRlIHRvZG8gdGlwbyBhIGxhIHZlbnRhLg==
LGPuAQ,,W0J1c2luZXNzIEhvdXJzXQpTcGVjaWFsIFBvdGlvbnMgLSBNb24vVHVlL1RodS9GcmkvU2F0ClJlZ3VsYXIgUG90aW9ucyAtIFRocm91Z2hvdXQgdGhlIHllYXI=,,,,,W0hvcsOhcmlvIGNvbWVyY2lhbF0KUG/Dp8O1ZXMgZXNwZWNpYWlzIC0gc2VnL3Rlci9xdWEvc2V4L3PDoWIKUG/Dp8O1ZXMgcmVndWxhcmVzIC0gZHVyYW50ZSB0b2RvIG8gYW5v,,W0hvcmFyaW9zIGRlIGF0ZW5jacOzbl0KUG9jaW9uZXMgZXNwZWNpYWxlczogbHVuZXMsIG1hcnRlcywganVldmVzLCB2aWVybmVzLCBzw6FiYWRvcy4KUG9jaW9uZXMgcmVndWxhcmVzOiBkdXJhbnRlIHRvZG8gZWwgYcOxby4=
LWPuAQ,,Q2hpZWYgUGhhcm1hY2lzdA==,,,,,RmFybWFjw6p1dGljbyBjaGVmZQ==,,Q2hpZWYgUGhhcm1hY2lzdA==
LmPuAQ,,W0NoaWVmIFBoYXJtYWNpc3RdCk9oLCBkbyB5b3UgbmVlZCBwb3Rpb25zPwpXZSBvbmx5IHNlbGwgc3BlY2lhbCBwb3Rpb25zLCBub3Qgb3JkaW5hcnkgbWVkaWNpbmVzLgpUb2RheSBpcyB0aGUgd2Vla2x5IGhvbGlkYXksIHNvIEknbSBtYWtpbmcgcG90aW9ucyB0byBzZWxsIGZyb20gdG9tb3Jyb3cgdG8gbmV4dCBUdWVzZGF5Lg==,,,,,W0Zhcm1hY8OqdXRpY28tY2hlZmVdCkFoLCB2b2PDqiBwcmVjaXNhIGRlIHBvw6fDtWVzPwpWZW5kZW1vcyBhcGVuYXMgcG/Dp8O1ZXMgZXNwZWNpYWlzLCBuw6NvIG1lZGljYW1lbnRvcyBjb211bnMuCkhvamUgw6kgbyBmZXJpYWRvIHNlbWFuYWwsIGVudMOjbyBlc3RvdSBmYXplbmRvIHBvw6fDtWVzIHBhcmEgdmVuZGVyIGRlIGFtYW5ow6MgYXTDqSBhIHByw7N4aW1hIHRlcsOnYS1mZWlyYS4=,,W0Zhcm1hY8OpdXRpY28gamVmZV0KT2gsIMK/bmVjZXNpdGFzIHBvY2lvbmVzPwpTb2xvIHZlbmRlbW9zIFBvY2lvbmVzIGVzcGVjaWFsZXMsIG5vIG1lZGljaW5hcyBvcmRpbmFyaWFzLgpIb3kgZXMgZWwgZMOtYSBkZSBkZXNjYW5zbyBzZW1hbmFsLCBhc8OtIHF1ZSBlc3RveSBoYWNpZW5kbyBwb2Npb25lcyBwYXJhIHZlbmRlciBkZXNkZSBtYcOxYW5hIGhhc3RhIGVsIHByw7N4aW1vIG1hcnRlcy4=
L2PuAQ,,W0NoaWVmIFBoYXJtYWNpc3RdCkkgdGhpbmsgSSBjYW4gc2hvdyB5b3Ugc29tZSBnb29kIHBvdGlvbnMgdG9tb3Jyb3cuCkhhaCBoYWggaGFoLg==,,,,,W0Zhcm1hY8OqdXRpY28tY2hlZmVdCkFjaG8gcXVlIHBvc3NvIGxoZSBtb3N0cmFyIGFsZ3VtYXMgcG/Dp8O1ZXMgYm9hcyBhbWFuaMOjLgpIYWggaGFoIGhhaC4=,,W0Zhcm1hY8OpdXRpY28gamVmZV0KQ3JlbyBxdWUgbWHDsWFuYSBwb2Ryw6kgZW5zZcOxYXJ0ZSBhbGd1bmFzIGJ1ZW5hcyBwb2Npb25lcy4KSmEsIGphLCBqYS4=
MGPuAQ,,W0NoaWVmIFBoYXJtYWNpc3RdCkEgcG9pc29uIHRoYXQgY2FuIGtub2NrIHlvdSBvdXQgd2l0aCBqdXN0IG9uZSBzaXAsIGEgZHJ1ZyB0aGF0IHByb3RlY3RzIHlvdXIgcGh5c2ljYWwgYW5kIG1lbnRhbCBoZWFsdGgsIGFuZCBhIHBvdGlvbiB0aGF0IG1ha2VzIHlvdSB0ZW1wb3JhcmlseSBmYXN0ZXIuClByb3BlciBQcmVzY3JpcHRpb24gaGFzIGp1c3QgdGhlIHBvdGlvbiBmb3IgeW91Lg==,,,,,W0Zhcm1hY8OqdXRpY28tY2hlZmVdClVtIHZlbmVubyBxdWUgcG9kZSBkZWl4w6EtbG8gaW5jb25zY2llbnRlIGNvbSBhcGVuYXMgdW0gZ29sZSwgdW1hIGRyb2dhIHF1ZSBwcm90ZWdlIHN1YSBzYcO6ZGUgZsOtc2ljYSBlIG1lbnRhbCBlIHVtYSBwb8Onw6NvIHF1ZSBvIGRlaXhhIHRlbXBvcmFyaWFtZW50ZSBtYWlzIHLDoXBpZG8uCkEgUHJvcGVyIFByZXNjcmlwdGlvbiB0ZW0gYSBwb8Onw6NvIGNlcnRhIHBhcmEgdm9jw6ou,,W0Zhcm1hY8OpdXRpY28gamVmZV0KVW4gdmVuZW5vIHF1ZSBwdWVkZSBub3F1ZWFydGUgY29uIHNvbG8gdW4gc29yYm8sIHVuYSBkcm9nYSBxdWUgcHJvdGVnZSB0dSBzYWx1ZCBmw61zaWNhIHkgbWVudGFsLCB5IHVuYSBwb2Npw7NuIHF1ZSB0ZSBoYWNlIHRlbXBvcmFsbWVudGUgaXIgbcOhcyByw6FwaWRvLgpSZWNldGEgYWRlY3VhZGEgdGllbmUgbGEgcG9jacOzbiBwZXJmZWN0YSBwYXJhIHRpLg==
MWPuAQ,,UG90aW9uLCBwbGVhc2Uh,,,,,UG/Dp8OjbywgcG9yIGZhdm9yIQ==,,wqFVbmEgcG9jacOzbiwgcG9yIGZhdm9yIQ==
MmPuAQ,,W0NoaWVmIFBoYXJtYWNpc3RdCkxldCBtZSBzaG93IHlvdSB3aGF0IHdlIGhhdmUgaW4gc3RvY2suCklmIHlvdSBkb24ndCBzZWUgYW55dGhpbmcsIGl0IG1lYW5zIHdlJ3JlIHNvbGQgb3V0LgpXZSBjYW4gb25seSBtYWtlIHNvIG1hbnkgcG90aW9ucyBhdCBvbmNlLiBQbGVhc2UgdW5kZXJzdGFuZCB0aGF0Lg==,,,,,W0Zhcm1hY8OqdXRpY28tY2hlZmVdClZvdSBsaGUgbW9zdHJhciBvIHF1ZSB0ZW1vcyBlbSBlc3RvcXVlLgpTZSB2b2PDqiBuw6NvIHZpciBuYWRhLCBzaWduaWZpY2EgcXVlIG8gZXN0b3F1ZSBlc3TDoSBlc2dvdGFkby4KU8OzIHBvZGVtb3MgZmF6ZXIgdW0gZGV0ZXJtaW5hZG8gbsO6bWVybyBkZSBwb8Onw7VlcyBkZSB1bWEgdmV6LiBQb3IgZmF2b3IsIGVudGVuZGEgaXNzby4=,,W0Zhcm1hY8OpdXRpY28gamVmZV0KUGVybcOtdGVtZSBtb3N0cmFydGUgbG8gcXVlIHRlbmVtb3MgZW4gc3RvY2suClNpIG5vIHZlcyBuYWRhLCBzaWduaWZpY2EgcXVlIGVzdMOhIHRvZG8gYWdvdGFkby4KTm8gcG9kZW1vcyBoYWNlciBtdWNoYXMgcG9jaW9uZXMgYSBsYSB2ZXouIEVzcGVybyBxdWUgbG8gZW50aWVuZGFzLg==
M2PuAQ,,W0NoaWVmIFBoYXJtYWNpc3RdClBsZWFzZSBjb21lIGFnYWluIGlmIHlvdSdyZSBub3QgZmVlbGluZyB3ZWxsLg==,,,,,W0Zhcm1hY8OqdXRpY28tY2hlZmVdClBvciBmYXZvciwgdm9sdGUgbm92YW1lbnRlIHNlIG7Do28gZXN0aXZlciBzZSBzZW50aW5kbyBiZW0u,,W0Zhcm1hY8OpdXRpY28gamVmZV0KVnVlbHZlIHNpIG5vIHRlIGVuY3VlbnRyYXMgYmllbi4=
NGPuAQ,,Q29udHJhY3QgRW1wbG95ZWUgV3lubg==,,,,,RW1wcmVnYWRvIGNvbnRyYXRhZG8gV3lubg==,,Q29udHJhY3QgRW1wbG95ZWUgV3lubg==
NWPuAQ,,W1d5bm5dClVnaCwgbXkgaGVhZC4uLgpJIHRvb2sgdGhpcyBqb2IgdG8gcGF5IGZvciBteSB0dWl0aW9uLCBidXQgc21lbGxpbmcgaGVyYnMgZm9yIGEgd2VlayBzdHJhaWdodC4uLiBJIHRoaW5rIEknbSBnb25uYSBwdWtlLi4uCkhycnJ1cmdoIQ==,,,,,W1d5bm5dClVnaCwgbWluaGEgY2FiZcOnYS4uLgpBY2VpdGVpIGVzc2UgdHJhYmFsaG8gcGFyYSBwYWdhciBtZXVzIGVzdHVkb3MsIG1hcyBjaGVpcmFyIGVydmFzIHBvciB1bWEgc2VtYW5hIGludGVpcmEuLi4gQWNobyBxdWUgdm91IHZvbWl0YXIuLi4KSHJycnVyZ2gh,,W1d5bm5dClV5LCBtaSBjYWJlemHigKYKQWNlcHTDqSBlc3RlIHRyYWJham8gcGFyYSBwYWdhcm1lIGxhIG1hdHLDrWN1bGEsIHBlcm8gb2xlciBoaWVyYmFzIHRvZGEgbGEgc2VtYW5h4oCmIENyZW8gcXVlIHZveSBhIHZvbWl0YXLigKYKwqFVZ2gh
NmPuAQ,,W1d5bm5dCi4uLldlbGNvbWUuLi4gdG8uLi4gUHJvcGVyIFByZXNjcmlwdGlvbi4uLgpEbyB5b3UgbmVlZCBzb21lIEJsdWUgUG90aW9ucz8gV2UgZ290IFdvRSBQb3Rpb25zIHRvby4KSSBtYWtlIDEwMCBuZXcgYm90dGxlcyBldmVyeSBkYXkuLi4gWWVzLCBtZS4uLg==,,,,,W1d5bm5dCi4uLkJlbS12aW5kby4uLiBhLi4uIFByZXNjcmnDp8OjbyBBZGVxdWFkYS4uLgpWb2PDqiBwcmVjaXNhIGRlIGFsZ3VtYXMgUG/Dp8O1ZXMgQXp1aXM/IFRhbWLDqW0gdGVtb3MgUG/Dp8O1ZXMgV29FLgpFdSBmYcOnbyAxMDAgbm92b3MgZnJhc2NvcyB0b2RvcyBvcyBkaWFzLi4uIFNpbSwgZXUuLi4=,,W1d5bm5dCuKAplRlIGRhbW9zIGxhIGJpZW52ZW5pZGHigKYgYeKApiBSZWNldGEgYWRlY3VhZGHigKYKwr9OZWNlc2l0YXMgUG9jaW9uZXMgYXp1bGVzPyBUYW1iacOpbiB0ZW5lbW9zIFBvY2lvbmVzIEdkSS4KSGFnbyAxMDBib3RlbGxhcyBudWV2YXMgdG9kb3MgbG9zIGTDrWFz4oCmIFPDrSwgeW/igKY=
N2PuAQ,,W1d5bm5dClVnaC4uLiBJIGRvbid0IGtub3cgaWYgdGhlcmUncyBhbnl0aGluZyBsZWZ0LgpIb2xkIG9uLiBXZSBtaWdodCBiZSBzb2xkIG91dC4uLgpPaCwgdGhlbiBJIGhhdmUgdG8gbWFrZSB0aGVtIGFnYWluLiBPb2gsIHRoZSBzdGVuY2ggb2YgaGVyYnMuLi4gSS1JJ20gZ29ubmEuLi4=,,,,,W1d5bm5dClVnaC4uLiBOw6NvIHNlaSBzZSBzb2Jyb3UgYWxndW1hIGNvaXNhLgpFc3BlcmUgdW0gcG91Y28uIFBvZGUgc2VyIHF1ZSBlc3RlamEgZXNnb3RhZG8uLi4KT2gsIGVudMOjbyB0ZXJlaSBxdWUgZmF6w6otbG9zIG5vdmFtZW50ZS4gT29oLCBvIGNoZWlybyBkZSBlcnZhcy4uLiBFdSB2b3UuLi4=,,W1d5bm5dClVm4oCmIE5vIHPDqSBzaSBxdWVkYSBhbGdvLgpFc3BlcmEuIFB1ZWRlIHF1ZSBzZSBoYXlhbiBhZ290YWRv4oCmCk9oLCBlbnRvbmNlcyB0ZW5nbyBxdWUgaGFjZXJsYXMgZGUgbnVldm8uIE9oLCBlbCBoZWRvciBkZSBsYXMgaGllcmJhc+KApiBWb3kgYeKApg==
OGPuAQ,,W1d5bm5dClRoYW5rIHlvdSwgY29tZSBhZ2Fpbi4uLg==,,,,,W1d5bm5dCk9icmlnYWRvLCB2b2x0ZSBzZW1wcmUuLi4=,,W1d5bm5dCkdyYWNpYXMsIHZ1ZWx2ZSBvdHJhIHZleuKApg==
OWPuAQ,,U2hvcCBBc3Npc3RhbnQgSm9oYW5uYQ==,,,,,QXNzaXN0ZW50ZSBkZSBsb2phIEpvaGFubmE=,,U2hvcCBBc3Npc3RhbnQgSm9oYW5uYQ==
OmPuAQ,,W0pvaGFubmFdCldlbGNvbWUgdG8gUHJvcGVyIFByZXNjcmlwdGlvbi4KV2hhdCBkbyB5b3UgbmVlZD8=,,,,,W0pvaGFubmFdLgpCZW0tdmluZG8gw6AgUHJvcGVyIFByZXNjcmlwdGlvbi4KRG8gcXVlIHZvY8OqIHByZWNpc2E/,,W0pvaGFubmFdClRlIGRhbW9zIGxhIGJpZW52ZW5pZGEgYSBSZWNldGEgYWRlY3VhZGEuCsK/UXXDqSBuZWNlc2l0YXM/
O2PuAQ,,Q2hlY2sgaXRlbXMu,,,,,VmVyaWZpY2FyIGl0ZW5zLg==,,RWNoYXIgdW4gdmlzdGF6byBhIGxvcyBPYmpldG9zLg==
PGPuAQ,,W0pvaGFubmFdCkxldCBtZSBzaG93IHlvdSBoZWFsaW5nIHBvdGlvbnMuCldlIHNlbGwgZ29vZCBwb3Rpb25zIGZvciBhIGdvb2QgcHJpY2Uu,,,,,W0pvaGFubmFdLgpEZWl4ZS1tZSBsaGUgbW9zdHJhciBhcyBwb8Onw7VlcyBkZSBjdXJhLgpWZW5kZW1vcyBib2FzIHBvw6fDtWVzIHBvciB1bSBib20gcHJlw6dvLg==,,W0pvaGFubmFdCkTDqWphbWUgbW9zdHJhcnRlIHBvY2lvbmVzIGRlIGN1cmFjacOzbi4KVmVuZGVtb3MgYnVlbmFzIHBvY2lvbmVzIGEgYnVlbiBwcmVjaW8u
PWPuAQ,,W0pvaGFubmFdCkknbGwgcGF5IGEgZ29vZCBtb25leSBmb3IgZXZlcnl0aGluZyB5b3Ugc2VsbC4KRG9uJ3QgdGVsbCBhbnlvbmUgZWxzZS4=,,,,,W0pvaGFubmFdClBhZ2FyZWkgdW0gYm9tIGRpbmhlaXJvIHBvciB0dWRvIG8gcXVlIHZvY8OqIHZlbmRlci4KTsOjbyBjb250ZSBhIG1haXMgbmluZ3XDqW0u,,W0pvaGFubmFdClRlIHBhZ2Fyw6kgYmllbiBwb3IgdG9kbyBsbyBxdWUgdmVuZGFzLgpObyBzZSBsbyBkaWdhcyBhIG5hZGllLg==
PmPuAQ,,W0pvaGFubmFdCkJhc2ljYWxseSwgc2hvcHMgaW4gUGFyYSBNYXJrZXQgY2xvc2Ugb24gdGhlIGRlc2lnbmF0ZWQgd2Vla2x5IGhvbGlkYXkuCkJ1dCB0aGVyZSBhcmUgc29tZSBzaG9wcyB0aGF0IG9wZW4gZXZlbiBvbiB0aGUgaG9saWRheS4=,,,,,W0pvaGFubmFdCkJhc2ljYW1lbnRlLCBhcyBsb2phcyBkbyBQYXJhIE1hcmtldCBmZWNoYW0gbm8gZmVyaWFkbyBzZW1hbmFsIGRlc2lnbmFkby4KTWFzIGjDoSBhbGd1bWFzIGxvamFzIHF1ZSBhYnJlbSBtZXNtbyBubyBmZXJpYWRvLg==,,W0pvaGFubmFdCkLDoXNpY2FtZW50ZSwgbGFzIHRpZW5kYXMgZGVsIE1lcmNhZG8gZGUgRWTDqW4gY2llcnJhbiBlbCBkw61hIGRlIGRlc2NhbnNvIHNlbWFuYWwgZGVzaWduYWRvLgpQZXJvIGhheSBhbGd1bmFzIHRpZW5kYXMgcXVlIGFicmVuIGluY2x1c28gZWwgZMOtYSBkZSBkZXNjYW5zby4=
P2PuAQ,,W0pvaGFubmFdCldlIGRvbid0IHNlbGwgc3BlY2lhbCBwb3Rpb25zIG9uIHRoZSBob2xpZGF5LCBidXQgZ2VuZXJhbCBoZWFsaW5nIHBvdGlvbnMgYXJlIGFsd2F5cyBmb3Igc2FsZSB0aHJvdWdob3V0IHRoZSB5ZWFyLgpJIGhvcGUgeW91IGZyZXF1ZW50bHkgdmlzaXQgdXMh,,,,,W0pvaGFubmFdCk7Do28gdmVuZGVtb3MgcG/Dp8O1ZXMgZXNwZWNpYWlzIG5vIGZlcmlhZG8sIG1hcyBhcyBwb8Onw7VlcyBkZSBjdXJhIGVtIGdlcmFsIGVzdMOjbyBzZW1wcmUgw6AgdmVuZGEgZHVyYW50ZSB0b2RvIG8gYW5vLgpFc3Blcm8gcXVlIG5vcyB2aXNpdGUgY29tIGZyZXF1w6puY2lhIQ==,,W0pvaGFubmFdCk5vIHZlbmRlbW9zIFBvY2lvbmVzIGVzcGVjaWFsZXMgZWwgZMOtYSBkZSBkZXNjYW5zbywgcGVybyBsYXMgUG9jaW9uZXMgZGUgY3VyYWNpw7NuIGdlbmVyYWxlcyBlc3TDoW4gc2llbXByZSBhIGxhIHZlbnRhLCBkdXJhbnRlIHRvZG8gZWwgYcOxby4KwqFFc3Blcm8gcXVlIG5vcyB2aXNpdGVzIGNvbiBmcmVjdWVuY2lhIQ==
QGPuAQ,,W0pvaGFubmFdCkdvb2QgYnllLg==,,,,,W0pvaGFubmFdCkFkZXVzLg==,,W0pvaGFubmFdCkFkacOzcy4=
QWPuAQ,,UmFyZXJlZXI=,,,,,UmFyaWRhZGU=,,UmFyZXJlZXI=
QmPuAQ,,W1JhcmVyZWVyXQpUb2RheSBpcyB0aGUgb2ZmaWNpYWwgd2Vla2x5IGhvbGlkYXkgb2YgdGhlIHdob2xlIG1hcmtldC4KSWYgeW91IG5lZWQgY29pbnMsIGNvbWUgYmFjayB0b21vcnJvdy4=,,,,,W1JhcmVyZWVyXQpIb2plIMOpIG8gZmVyaWFkbyBzZW1hbmFsIG9maWNpYWwgZGUgdG9kbyBvIG1lcmNhZG8uClNlIHZvY8OqIHByZWNpc2FyIGRlIG1vZWRhcywgdm9sdGUgYW1hbmjDoy4=,,W1JhcmVyZWVyXQpIb3kgZXMgZWwgZMOtYSBkZSBkZXNjYW5zbyBvZmljaWFsIHNlbWFuYWwgZGUgdG9kbyBlbCBtZXJjYWRvLgpTaSBuZWNlc2l0YXMgTW9uZWRhcywgdnVlbHZlIG1hw7FhbmEu
Q2PuAQ,,W1JhcmVyZWVyXQpJIHNlbGwgY29pbnMgSSBnb3QgZnJvbSBwbGFjZXMgaW4gdGhlIE90aGVyd29ybGQuCkJ1eSBzb21lIGlmIHlvdSB3YW50LgpUaGV5J3JlIG5vdCBjaGVhcCwgdGhvdWdoLiBTaW5jZSBJIG5lZWQgc29ydCBvZiBhIHJld2FyZCBmb3IgbXkgaGFyZCB3b3JrLg==,,,,,W1JhcmVyZWVyXQpWZW5kbyBtb2VkYXMgcXVlIG9idGl2ZSBlbSBsdWdhcmVzIGRvIE91dHJvIE11bmRvLgpTZSB2b2PDqiBxdWlzZXIsIGNvbXByZSBhbGd1bWFzLgpNYXMgZWxhcyBuw6NvIHPDo28gYmFyYXRhcy4gQ29tbyBwcmVjaXNvIGRlIHVtYSBlc3DDqWNpZSBkZSByZWNvbXBlbnNhIHBlbG8gbWV1IHRyYWJhbGhvIMOhcmR1by4=,,W1JhcmVyZWVyXQpWZW5kbyBNb25lZGFzIHF1ZSBjb25zZWd1w60gZW4gbHVnYXJlcyBkZWwgb3RybyBtdW5kby4KQ29tcHJhIGFsZ3VuYXMgc2kgcXVpZXJlcy4KU2luIGVtYmFyZ28sIG5vIHNvbiBiYXJhdGFzLCB5YSBxdWUgbmVjZXNpdG8gdW5hIGVzcGVjaWUgZGUgcmVjb21wZW5zYSBwb3IgbWkgZ3JhbiB0cmFiYWpvLg==
RGPuAQ,,W1JhcmVyZWVyXQpTaW5jZSBJIGNhbiBvbmx5IGdldCB2ZXJ5IGZldyBvZiB0aGVtLApJIG1pZ2h0IGJlIG91dCBvZiBzdG9jayBhbHJlYWR5Lg==,,,,,W1JhcmVyZWVyXQpDb21vIHPDsyBjb25zaWdvIG9idGVyIG11aXRvIHBvdWNvcyBkZWxlcywKdGFsdmV6IGV1IGrDoSBlc3RlamEgc2VtIGVzdG9xdWUu,,W1JhcmVyZWVyXQpEYWRvIHF1ZSBzb2xvIHB1ZWRvIGNvbnNlZ3VpciBtdXkgcG9jYXMsCnB1ZWRlIHF1ZSB5YSBzZSBoYXlhbiBhZ290YWRvLg==
RWPuAQ,,W1JhcmVyZWVyXQpUaGUgcHJpY2UgaXMgcXVpdGUgaGlnaCBzaW5jZSB0aGUgdmFsdWUgb2YgdHJhdmVsaW5nIGFjcm9zcyBPdGhlcndvcmxkIGlzbid0IGNoZWFwLgpTdGlsbCwgdGhlcmUgaGF2ZSBiZWVuIHF1aXRlIGEgbnVtYmVyIG9mIHBlb3BsZSB3aG8gd2FudGVkIHRvIGJ1eSBteSBzdHVmZi4=,,,,,W1JhcmVyZWVyXQpPIHByZcOnbyDDqSBiYXN0YW50ZSBhbHRvLCBwb2lzIG8gdmFsb3IgZGEgdmlhZ2VtIHBlbG8gT3RoZXJ3b3JsZCBuw6NvIMOpIGJhcmF0by4KQWluZGEgYXNzaW0sIGhvdXZlIHVtIGdyYW5kZSBuw7ptZXJvIGRlIHBlc3NvYXMgcXVlIHF1aXNlcmFtIGNvbXByYXIgbWluaGFzIGNvaXNhcy4=,,W1JhcmVyZWVyXQpFbCBwcmVjaW8gZXMgYmFzdGFudGUgYWx0bywgeWEgcXVlIGVsIHZhbG9yIGRlIHZpYWphciBwb3IgZWwgb3RybyBtdW5kbyBubyBlcyBiYXJhdG8uCkF1biBhc8OtLCBoYXkgYmFzdGFudGUgZ2VudGUgcXVlIHF1aWVyZSBjb21wcmFyIG1pcyBjb3Nhcy4=
RmPuAQ,,W1JhcmVyZWVyXQpXZWxsLCB5b3UgZ290dGEgYnV5IGl0IGlmIHlvdSBuZWVkIGl0LCByaWdodD8=,,,,,W1JhcmVyZWVyXQpCZW0sIHZvY8OqIHRlbSBxdWUgY29tcHJhciBzZSBwcmVjaXNhciwgY2VydG8/,,W1JhcmVyZWVyXQpCdWVubywgdGllbmVzIHF1ZSBjb21wcmFybG8gc2kgbG8gbmVjZXNpdGFzLCDCv25vPw==
R2PuAQ,,WmVmZmV0dG8=,,,,,WmVmZmV0dG8=,,WmVmZmV0dG8=
SGPuAQ,,W1plZmZldHRvXQpMb29raW5nIGZvciBrZXlzPwpJIG1pZ2h0IHN0aWxsIGhhdmUgc29tZSBDbG9jayBUb3dlciBrZXlzIGluIHN0b2NrLg==,,,,,W1plZmZldHRvXQpQcm9jdXJhbmRvIHBvciBjaGF2ZXM/ClRhbHZleiBldSBhaW5kYSB0ZW5oYSBhbGd1bWFzIGNoYXZlcyBkYSBDbG9jayBUb3dlciBlbSBlc3RvcXVlLg==,,W1plZmZldHRvXQrCv0J1c2NhcyBsbGF2ZXM/ClB1ZWRlIHF1ZSB0b2RhdsOtYSB0ZW5nYSBhbGd1bmFzIExsYXZlcyBkZSBsYSBUb3JyZSBkZWwgcmVsb2ogZW4gc3RvY2su
SWPuAQ,,QnV5IGtleXMu,,,,,Q29tcHJhciBjaGF2ZXMu,,Q29tcHJhciBsbGF2ZXMu
SmPuAQ,,W1plZmZldHRvXQpUaGUgQ2xvY2sgVG93ZXIga2V5cyBJIHNlbGwgYXJlIGNvbGxlY3RlZCBwZXJzb25hbGx5IGJ5IG1lLgpJIHRyeSB0byBjb2xsZWN0IGFzIG1hbnkgYXMgSSBjYW4gdGhyb3VnaG91dCB0aGUgd2VlaywgYnV0IEkgY2FuJ3QgZ2V0IG1hbnkuCkl0IG1pZ2h0IGFscmVhZHkgYmUgc29sZCBvdXQu,,,,,W1plZmZldHRvXQpBcyBjaGF2ZXMgZGEgQ2xvY2sgVG93ZXIgcXVlIGV1IHZlbmRvIHPDo28gY29sZXRhZGFzIHBlc3NvYWxtZW50ZSBwb3IgbWltLgpUZW50byBjb2xldGFyIG8gbcOheGltbyBxdWUgcG9zc28gZHVyYW50ZSBhIHNlbWFuYSwgbWFzIG7Do28gY29uc2lnbyBtdWl0YXMuClBvZGUgc2VyIHF1ZSBqw6EgdGVuaGEgc2UgZXNnb3RhZG8u,,W1plZmZldHRvXQpMYXMgTGxhdmVzIGRlIGxhIFRvcnJlIGRlbCByZWxvaiBxdWUgdmVuZG8gbGFzIHJlY29sZWN0byB5byBwZXJzb25hbG1lbnRlLgpJbnRlbnRvIHJlY29sZWN0YXIgdG9kYXMgbGFzIHF1ZSBwdWVkbyBkdXJhbnRlIGxhIHNlbWFuYSwgcGVybyBubyBjb25zaWdvIG11Y2hhcy4KUHVlZGUgcXVlIHNlIGhheWFuIGFnb3RhZG8u
S2PuAQ,,W1plZmZldHRvXQpZb3UgZG9uJ3QgbmVlZCBpdD8KSSBzZWxsIGtleXMgaGVyZSBvbmx5IG9uIHdlZWtlbmRzLgpXZWxsLCBqdXN0IHNheWluZy4=,,,,,W1plZmZldHRvXQpWb2PDqiBuw6NvIHByZWNpc2EgZGVsYT8KRXUgdmVuZG8gY2hhdmVzIGFxdWkgYXBlbmFzIG5vcyBmaW5haXMgZGUgc2VtYW5hLgpCZW0sIHPDsyBlc3RvdSBkaXplbmRvLg==,,W1plZmZldHRvXQrCv05vIGxhcyBuZWNlc2l0YXM/ClZlbmRvIGxsYXZlcyBhcXXDrSBzb2xvIGxvcyBmaW5lcyBkZSBzZW1hbmEuCkJ1ZW5vLCBzb2xvIGRpZ28u
TGPuAQ,,W1plZmZldHRvXQpNbSwgSSBkb24ndCBoYXZlIGVub3VnaCBrZXlzIHRvIGRvIGJ1c2luZXNzLgpDb21lIGJhY2sgb24gU2F0dXJkYXkgZXZlbmluZy4=,,,,,W1plZmZldHRvXQpOw6NvIHRlbmhvIGNoYXZlcyBzdWZpY2llbnRlcyBwYXJhIGZhemVyIG5lZ8OzY2lvcy4KVm9sdGUgbm8gc8OhYmFkbyDDoCBub2l0ZS4=,,W1plZmZldHRvXQpNbW0sIG5vIHRlbmdvIHN1ZmljaWVudGVzIGxsYXZlcyBjb21vIHBhcmEgdmVuZGVyLgpWdWVsdmUgZWwgc8OhYmFkbyBwb3IgbGEgdGFyZGUu
TWPuAQ,,SGVpbWh1bnRlcg==,,,,,Q2HDp2Fkb3IgZGUgQ3JpbWVz,,SGVpbWh1bnRlcg==
TmPuAQ,,W0hlaW1odW50ZXJdClRvZGF5IGlzIHRoZSBob2xpZGF5IGZvciB0aGUgd2hvbGUgbWFya2V0LgpJJ20gdGFraW5nIGEgYnJlYWsgdG9vLg==,,,,,W0hlaW1odW50ZXJdCkhvamUgw6kgZmVyaWFkbyBwYXJhIHRvZG8gbyBtZXJjYWRvLgpUYW1iw6ltIGVzdG91IHRpcmFuZG8gdW1hIGZvbGdhLg==,,W0hlaW1odW50ZXJdCkhveSBlcyBlbCBkw61hIGRlIGRlc2NhbnNvIGRlIHRvZG8gZWwgbWVyY2Fkby4KWW8gdGFtYmnDqW4gbWUgdG9tbyB1biBkZXNjYW5zby4=
T2PuAQ,,W0hlaW1odW50ZXJdCk9oLCBkbyB5b3Ugd2FudCB0aGUgdGhpbmcgZnJvbSB0aGUgZHVuZ2Vvbj8KSSBjYW4gb25seSBnZXQgb25lIGEgZGF5LCBidXQgSSBjYW4gc2VsbCBpdCB0byB5b3UgaWYgeW91IHdhbnQu,,,,,W0hlaW1odW50ZXJdCkFoLCB2b2PDqiBxdWVyIGEgY29pc2EgZGEgbWFzbW9ycmE/ClPDsyBjb25zaWdvIHVtYSBwb3IgZGlhLCBtYXMgcG9zc28gdmVuZMOqLWxhIHNlIHZvY8OqIHF1aXNlci4=,,W0hlaW1odW50ZXJdCk9oLCDCv3F1aWVyZXMgbGEgY29zYSBkZSBsYSBtYXptb3JyYT8KU29sbyBwdWVkbyBjb25zZWd1aXIgdW5hIGFsIGTDrWEsIHBlcm8gcHVlZG8gdmVuZMOpcnRlbGEgc2kgcXVpZXJlcy4=
UGPuAQ,,W0hlaW1odW50ZXJdCkkgY2FuIHByb2N1cmUgb25seSBvbmUgYSBkYXksCnNvIGl0IG1pZ2h0IGJlIGFscmVhZHkgc29sZCBvdXQuCkkgaG9wZSB5b3UgdW5kZXJzdGFuZC4=,,,,,W0hlaW1odW50ZXJdClPDsyBjb25zaWdvIG9idGVyIHVtIHBvciBkaWEsCnBvcnRhbnRvLCBwb2RlIHNlciBxdWUgasOhIGVzdGVqYSBlc2dvdGFkby4KRXNwZXJvIHF1ZSB2b2PDqiBlbnRlbmRhLg==,,W0hlaW1odW50ZXJdClNvbG8gcHVlZG8gY29uc2VndWlyIHVuYSBhbCBkw61hLAphc8OtIHF1ZSBwdWVkZSBxdWUgeWEgc2UgaGF5YSBhZ290YWRvLgpFc3Blcm8gcXVlIGxvIGVudGllbmRhcy4=
UWPuAQ,,W0hlaW1odW50ZXJdCkFscmlnaHQu,,,,,W0hlaW1odW50ZXJdCk11aXRvIGJlbS4=,,W0hlaW1odW50ZXJdCkRlIGFjdWVyZG8u
UmPuAQ,,W1dvcmxkIFRyZWUncyBCbGVzc2luZ10=,,,,,W0LDqm7Dp8OjbyBkYSDDgXJ2b3JlIGRvIE11bmRvXQ==,,W1dvcmxkIFRyZWUncyBCbGVzc2luZ10=
U2PuAQ,,PT0gV29ybGQgVHJlZSdzIEJsZXNzaW5nID09,,,,,PT0gQsOqbsOnw6NvIGRhIMOBcnZvcmUgZG8gTXVuZG8gPT0=,,PT0gQmVuZGljacOzbiBkZWwgw4FyYm9sIG11bmRpYWwgPT0=
VGPuAQ,,Q29taW5nIFNvb24=,,,,,RW0gYnJldmU=,,UHLDs3hpbWFtZW50ZS4=
VWPuAQ,,Qm90YW5pY2FsIEdhcmRlbiBbRmFidWxvdXMgRmxvcmFd,,,,,SmFyZGltIEJvdMOibmljbyBbRmxvcmEgRmFidWxvc2Fd,,Qm90YW5pY2FsIEdhcmRlbiBbRmFidWxvdXMgRmxvcmFd
VmPuAQ,,PT0gRmFidWxvdXMgRmxvcmEgPT0=,,,,,PT0gRmxvcmEgRmFidWxvc2EgPT0=,,PT0gRmxvcmEgZmFidWxvc2EgPT0=
V2PuAQ,,VmFyaW91cyBiYW5lZnVsIGhlcmJzIGZvciBzYWxlLg==,,,,,VsOhcmlhcyBlcnZhcyBub2NpdmFzIMOgIHZlbmRhLg==,,VmFyaWFzIGhpZXJiYXMgbm9jaXZhcyBhIGxhIHZlbnRhLg==
WGPuAQ,,T3BlbiB0aHJvdWdob3V0IHRoZSB5ZWFy,,,,,QWJlcnRvIGR1cmFudGUgdG9kbyBvIGFubw==,,QWJpZXJ0byB0b2RvIGVsIGHDsW8u
WWPuAQ,,VHVsaXA=,,,,,VHVsaXBh,,VHVsaXA=
WmPuAQ,,W1R1bGlwXQpXZWxjb21lIHRvIEZhYnVsb3VzIEZsb3JhLgpUaGUgcGxhbnRzIHdlIHNlbGwgd2lsbCBnaXZlIHlvdSBhIHNwaWN5IHNob2NrIGlmIHlvdSBjaGV3IG9uIHRoZW0uCldvdWxkIHlvdSBsaWtlIHRvIGJyb3dzZT8=,,,,,W1R1bGlwYV0KQmVtLXZpbmRvIMOgIEZhYnVsb3VzIEZsb3JhLgpBcyBwbGFudGFzIHF1ZSB2ZW5kZW1vcyBsaGUgZGFyw6NvIHVtIGNob3F1ZSBwaWNhbnRlIHNlIHZvY8OqIGFzIG1hc3RpZ2FyLgpHb3N0YXJpYSBkZSBkYXIgdW1hIG9saGFkYT8=,,W1R1bGlww6FuXQpUZSBkYW1vcyBsYSBiaWVudmVuaWRhIGEgRmxvcmEgZmFidWxvc2EuCkxhcyBwbGFudGFzIHF1ZSB2ZW5kZW1vcyB0ZSBkYXLDoW4gdW4gY2hvcXVlIHBpY2FudGUgc2kgbGFzIG1hc3RpY2FzLgrCv1F1aWVyZXMgZWNoYXIgdW4gdmlzdGF6bz8=
W2PuAQ,,W1R1bGlwXQpXZSBvbmx5IGhhdmUgYmFuZWZ1bCBoZXJicywgYnV0IHBsZWFzZSBkb24ndCBiZSBkaXNjcmltaW5hdGl2ZS4KV2UgYnJpbmcgdGhlbSBldmVyeSB3ZWVrIGZyb20gdGhlIGZhcm0uIFRoZXkncmUgdmVyeSB1c2VmdWwgcG90aW9uIGluZ3JlZGllbnRzLg==,,,,,W1R1bGlwYV0KU8OzIHRlbW9zIGVydmFzIG5vY2l2YXMsIG1hcywgcG9yIGZhdm9yLCBuw6NvIHNlamEgZGlzY3JpbWluYXTDs3Jpby4KTsOzcyBhcyB0cmF6ZW1vcyBkYSBmYXplbmRhIHRvZGEgc2VtYW5hLiBFbGFzIHPDo28gaW5ncmVkaWVudGVzIGRlIHBvw6fDtWVzIG11aXRvIMO6dGVpcy4=,,W1R1bGlww6FuXQpTb2xvIHRlbmVtb3MgaGllcmJhcyBub2NpdmFzLCBwZXJvIG5vIGRpc2NyaW1pbmVzLgpMYXMgdHJhZW1vcyB0b2RhcyBsYXMgc2VtYW5hcyBkZSBsYSBncmFuamEuIFNvbiBpbmdyZWRpZW50ZXMgcGFyYSBwb2Npb25lcyBtdXkgw7p0aWxlcy4=
XGPuAQ,,W1R1bGlwXQpJJ20gbm90IHN1cmUgd2h5LCBidXQgcGVvcGxlIGZyb20gdGhlIEFzc2Fzc2luIEd1aWxkIGZyZXF1ZW50IG91ciBzaG9wLgpTZWVpbmcgdGhhdCB0aGV5IGxvdmUgcGxhbnRzLCBJJ20gc3VyZSB0aGV5J3JlIGFsbCBnb29kIHBlb3BsZSB3aG8gbXVzdCBsb3ZlIHBlYWNlLg==,,,,,W1R1bGlwYV0KTsOjbyBzZWkgYmVtIHBvciBxdWUsIG1hcyBhcyBwZXNzb2FzIGRhIEd1aWxkYSBkb3MgQXNzYXNzaW5vcyBmcmVxdWVudGFtIG5vc3NhIGxvamEuCkNvbW8gZWxlcyBhZG9yYW0gcGxhbnRhcywgdGVuaG8gY2VydGV6YSBkZSBxdWUgc8OjbyBwZXNzb2FzIGJvYXMgcXVlIGRldmVtIGFtYXIgYSBwYXou,,W1R1bGlww6FuXQpObyBzw6kgcG9yIHF1w6ksIHBlcm8gbGEgZ2VudGUgZGVsIGdyZW1pbyBkZSBhc2VzaW5vcyBmcmVjdWVudGEgbnVlc3RyYSB0aWVuZGEuCkNvbW8gYW1hbiBsYXMgcGxhbnRhcywgc2VndXJvIHF1ZSBzb24gYnVlbmFzIHBlcnNvbmFzIHF1ZSBkZWJlbiBhbWFyIGxhIHBheiwgdGFtYmnDqW4u
XWPuAQ,,W1lvdS1uLU1lXQ==,,,,,W1lvdS1uLU1lXQ==,,W1lvdS1uLU1lXQ==
XmPuAQ,,PT0gWW91LW4tTWUgPT0KSXRlbXMgZm9yIEN1dGUgUGV0cwpBcnJhbmdlcyBtZWV0aW5ncyB3aXRoIGJpZyBtb3VudHMgYW5kIGh1bnRpbmcgYnVkZGllcw==,,,,,PT0gWW91LW4tTWUgPT0KSXRlbnMgcGFyYSBhbmltYWlzIGRlIGVzdGltYcOnw6NvIGZvZm9zCk9yZ2FuaXphIGVuY29udHJvcyBjb20gZ3JhbmRlcyBtb250YXJpYXMgZSBjb21wYW5oZWlyb3MgZGUgY2HDp2E=,,PT0gVMO6IHkgeW8gPT0KT2JqZXRvcyBwYXJhIG1hc2NvdGFzIGFkb3JhYmxlcy4KT3JnYW5pemEgcmV1bmlvbmVzIGNvbiBncmFuZGVzIG1vbnR1cmFzIHkgY29tcGHDsWVyb3MgZGUgY2FjZXLDrWEu
X2PuAQ,,W0J1c2luZXNzIEhvdXJzXQpUSFJPVUdIT1VUIFRIRSBZRUFSIQ==,,,,,W0hvcsOhcmlvIGNvbWVyY2lhbF0KRFVSQU5URSBUT0RPIE8gQU5PIQ==,,W0hvcmFyaW9zIGRlIGF0ZW5jacOzbl0KwqFEVVJBTlRFIFRPRE8gRUwgQcORTyE=
YGPuAQ,,VGFtZXIgVGV0ZQ==,,,,,VGFtZXIgVGV0ZQ==,,VGFtZXIgVGV0ZQ==
YWPuAQ,,W1RldGVdCllvdS1uLU1lIGxvdmVzIHRoZSBhbmltYWxzIQpXZSBhcmUgb3BlbiAyNCBob3VycyBhIGRheSwgMzY1IGRheXMgYSB5ZWFyLCBmb3IgdGhlIHNha2Ugb2YgdGhvc2UgY3V0ZSBwZXRzIHdobyBhcmUgYWx3YXlzIHdpdGggdXMhCkRvIHlvdSBuZWVkIGl0ZW1zIGZvciBDdXRlIFBldHM/,,,,,W1RldGVdCkEgWW91LW4tTWUgYWRvcmEgb3MgYW5pbWFpcyEKRXN0YW1vcyBhYmVydG9zIDI0IGhvcmFzIHBvciBkaWEsIDM2NSBkaWFzIHBvciBhbm8sIHBhcmEgbyBiZW0gZGVzc2VzIGJpY2hpbmhvcyBmb2ZvcyBxdWUgZXN0w6NvIHNlbXByZSBjb25vc2NvIQpWb2PDqiBwcmVjaXNhIGRlIGl0ZW5zIHBhcmEgYSBDdXRlIFBldHM/,,W1RldGVdCsKhVMO6IHkgeW8gYW1hIGxvcyBhbmltYWxlcyEKRXN0w6EgYWJpZXJ0byBsYXMgMjRob3JhcyBkZWwgZMOtYSwgbG9zIDM2NWTDrWFzIGRlbCBhw7FvLCDCoXBvciBlbCBiaWVuIGRlIGVzYXMgbWFzY290YXMgYWRvcmFibGVzIHF1ZSBzaWVtcHJlIGVzdMOhbiBjb24gbm9zb3Ryb3MhCsK/TmVjZXNpdGFzIG9iamV0b3MgcGFyYSBtYXNjb3RhcyBhZG9yYWJsZXM/
YmPuAQ,,W1RldGVdCldlJ3ZlIGdvdCBhIHZhcmlldHkgb2YgZm9vZHMgZm9yIEN1dGUgUGV0cyEKSW5jdWJhdG9yIHRvbyE=,,,,,W1RldGVdClRlbW9zIHVtYSB2YXJpZWRhZGUgZGUgYWxpbWVudG9zIHBhcmEgQ3V0ZSBQZXRzIQpJbmN1YmFkb3JhIHRhbWLDqW0h,,W1RldGVdCsKhVGVuZW1vcyB1bmEgZ3JhbiB2YXJpZWRhZCBkZSBhbGltZW50b3MgcGFyYSBtYXNjb3RhcyBhZG9yYWJsZXMhCsKhSGFzdGEgaW5jdWJhZG9yYXMh
Y2PuAQ,,W1RldGVdClRoYW5rIHlvdSBmb3IgeW91ciBwYXRyb25hZ2Uh,,,,,W1RldGVdCk9icmlnYWRvIHBvciBzZXUgYXBvaW8h,,W1RldGVdCsKhR3JhY2lhcyBwb3IgdHUgYXBveW8h
ZGPuAQ,,VGFtZXIgR2Vja28=,,,,,VGFtZXIgR2Vja28=,,VGFtZXIgR2Vja28=
ZWPuAQ,,W1RhbWVyIEdlY2tvXQ==,,,,,W1RhbWVyIEdlY2tvXQ==,,W0VudHJlbmFkb3IgR2Vja29d
ZmPuAQ,,V2VsY29tZSB0byBZb3Utbi1NZS4gU2hhbGwgSSBnZXQgeW91IGEgZHJhZ29uPw==,,,,,QmVtLXZpbmRvIGFvIFlvdS1uLU1lLiBQb3NzbyBsaGUgb2ZlcmVjZXIgdW0gZHJhZ8Ojbz8=,,VGUgZGFtb3MgbGEgYmllbnZlbmlkYSBhIFTDuiB5IHlvLiDCv1B1ZWRvIG9mcmVjZXJ0ZSB1biBkcmFnw7NuPw==
Z2PuAQ,,VXNl,,,,,VXNv,,VXNhci4=
aGPuAQ,,W1RhbWVyIEdlY2tvXQpQbGVhc2UgbGVhcm4gaG93IHRvIHJpZGUgYSBkcmFnb24gZmlyc3Qu,,,,,W1RhbWVyIEdlY2tvXQpQb3IgZmF2b3IsIGFwcmVuZGEgYSBtb250YXIgZW0gdW0gZHJhZ8OjbyBwcmltZWlyby4=,,W0VudHJlbmFkb3IgR2Vja29dClByaW1lcm8gZGViZXLDrWFzIGFwcmVuZGVyIGEgbW9udGFyIHVuIGRyYWfDs24u
aWPuAQ,,W1RhbWVyIEdlY2tvXQpZb3UncmUgYWxyZWFkeSBvbiBhIGRyYWdvbi4=,,,,,W1RhbWVyIEdlY2tvXQpWb2PDqiBqw6EgZXN0w6EgZW0gdW0gZHJhZ8Ojby4=,,W0VudHJlbmFkb3IgR2Vja29dCllhIHRpZW5lcyB1biBkcmFnw7NuLg==
amPuAQ,,W1RhbWVyIEdlY2tvXQpZb3UncmUgcmlkaW5nIG9uIGFub3RoZXIgbW91bnQuClBsZWFzZSBkaXNtb3VudCBmaXJzdCB0byBzd2l0Y2ggdG8gYSBkcmFnb24u,,,,,W1RhbWVyIEdlY2tvXS4KVm9jw6ogZXN0w6EgbW9udGFkbyBlbSBvdXRyYSBtb250YXJpYS4KUG9yIGZhdm9yLCBkZXNtb250ZSBwcmltZWlybyBwYXJhIHRyb2NhciBwYXJhIHVtIGRyYWfDo28u,,W0VudHJlbmFkb3IgR2Vja29dCkVzdMOhcyB1c2FuZG8gb3RyYSBtb250dXJhLgpQcmltZXJvIHRpZW5lcyBxdWUgZGVzbW9udGFyIHBhcmEgY2FtYmlhciBhIHVuIGRyYWfDs24u
a2PuAQ,,W1RhbWVyIEdlY2tvXQpXZSBuZWVkIGEgY29tbWlzc2lvbiBvZiAxLDAwMHogdG8gZ2V0IHlvdSBhIGRyYWdvbiBmcmllbmQuIEJ1dCBpdCBzZWVtcyB5b3UgZG9uJ3QgaGF2ZSBlbm91Z2ggbW9uZXku,,,,,W1RhbWVyIEdlY2tvXQpQcmVjaXNhbW9zIGRlIHVtYSBjb21pc3PDo28gZGUgMS4wMDB6IHBhcmEgY29uc2VndWlyIHVtIGFtaWdvIGRyYWfDo28gcGFyYSB2b2PDqi4gTWFzIHBhcmVjZSBxdWUgdm9jw6ogbsOjbyB0ZW0gZGluaGVpcm8gc3VmaWNpZW50ZS4=,,W0VudHJlbmFkb3IgR2Vja29dCk5lY2VzaXRhbW9zIHVuYSBjb21pc2nDs24gZGUgMTAwMHplbnkgcGFyYSBjb25zZWd1aXJ0ZSB1biBhbWlnbyBkcmFnw7NuLiBQZXJvIHBhcmVjZSBxdWUgbm8gdGllbmVzIHN1ZmljaWVudGUgZGluZXJvLg==
bGPuAQ,,W1RhbWVyIEdlY2tvXQpJIHNlZS4gSGF2ZSBhIGdvb2QgZGF5Lg==,,,,,W1RhbWVyIEdlY2tvXS4KRXN0b3UgdmVuZG8uIFRlbmhhIHVtIGJvbSBkaWEu,,W0VudHJlbmFkb3IgR2Vja29dCllhIHZlby4gUXVlIHRlbmdhcyB1biBidWVuIGTDrWEu
bWPuAQ,,V2VsY29tZSB0byBZb3Utbi1NZS4gU2hhbGwgSSBnZXQgeW91IGEgR3J5cGhvbj8=,,,,,QmVtLXZpbmRvIGFvIFlvdS1uLU1lLiBRdWVyIHF1ZSBldSBsaGUgdHJhZ2EgdW0gR3J5cGhvbj8=,,VGUgZGFtb3MgbGEgYmllbnZlbmlkYSBhIFTDuiB5IHlvLiDCv1B1ZWRvIG9mcmVjZXJ0ZSB1biBncmlmbz8=
bmPuAQ,,W1RhbWVyIEdlY2tvXQpQbGVhc2UgbGVhcm4gaG93IHRvIHJpZGUgYSBHcnlwaG9uIGZpcnN0Lg==,,,,,W0dlY2tvIGRvbWFkb3JdClBvciBmYXZvciwgYXByZW5kYSBhIG1vbnRhciB1bSBHcnlwaG9uIHByaW1laXJvLg==,,W0VudHJlbmFkb3IgR2Vja29dClByaW1lcm8gZGViZXLDrWFzIGFwcmVuZGVyIGEgbW9udGFyIHVuIGdyaWZvLg==
b2PuAQ,,W1RhbWVyIEdlY2tvXQpZb3UncmUgYWxyZWFkeSBvbiBhIEdyeXBob24u,,,,,W0dlY2tvIGRvbWFkb3JdLgpWb2PDqiBqw6EgZXN0w6EgZW0gdW0gR3J5cGhvbi4=,,W0VudHJlbmFkb3IgR2Vja29dCllhIHRpZW5lcyB1biBncmlmby4=
cGPuAQ,,W1RhbWVyIEdlY2tvXQpXZSBuZWVkIGEgY29tbWlzc2lvbiBvZiAxLDAwMHogdG8gZ2V0IHlvdSBhIEdyeXBob24uIEJ1dCBpdCBzZWVtcyB5b3UgZG9uJ3QgaGF2ZSBlbm91Z2ggbW9uZXku,,,,,W1RhbWVyIEdlY2tvXQpQcmVjaXNhbW9zIGRlIHVtYSBjb21pc3PDo28gZGUgMS4wMDB6IHBhcmEgY29uc2VndWlyIHVtIEdyeXBob24gcGFyYSB2b2PDqi4gTWFzIHBhcmVjZSBxdWUgdm9jw6ogbsOjbyB0ZW0gZGluaGVpcm8gc3VmaWNpZW50ZS4=,,W0VudHJlbmFkb3IgR2Vja29dCk5lY2VzaXRhbW9zIHVuYSBjb21pc2nDs24gZGUgMTAwMHplbnkgcGFyYSBjb25zZWd1aXJ0ZSB1biBncmlmby4gUGVybyBwYXJlY2UgcXVlIG5vIHRpZW5lcyBzdWZpY2llbnRlIGRpbmVyby4=
cWPuAQ,,WW91LW4tTWUgYXJyYW5nZXMgYSBtZWV0aW5nIHdpdGggYSBmcmllbmQgeW91IGNhbiByaWRlIG9uIHRvIFJ1bmUgS25pZ2h0cyBhbmQgUm95YWwgR3VhcmRzLg==,,,,,WW91LW4tTWUgbWFyY2EgdW0gZW5jb250cm8gY29tIHVtIGFtaWdvIGUgdm9jw6ogcG9kZSBpciBhdMOpIFJ1bmUgS25pZ2h0cyBlIFJveWFsIEd1YXJkcy4=,,VMO6IHkgeW8gYXJyZWdsYSB1biBlbmN1ZW50cm8gY29uIHVuIGFtaWdvIGNvbiBlbCBxdWUgcHVlZGVzIG1vbnRhciBDYWJhbGxlcm9zIHLDum5pY29zIHkgR3VhcmRpYXMgcmVhbGVzLg==
cmPuAQ,,SHVudGVyIE1pc3Q=,,,,,TsOpdm9hIGRlIGNhw6dhZG9y,,SHVudGVyIE1pc3Q=
c2PuAQ,,W0h1bnRlciBNaXN0XQpIZXksIGRvIHlvdSBuZWVkIGEgdHJhaW5lZCBmYWxjb24/CkkgY2FuIGdldCB5b3UgYW4gZXhjZWxsZW50IG9uZSBpZiB5b3Ugd2FudC4=,,,,,W07DqXZvYSBkZSBDYcOnYWRvcl0KRWksIHZvY8OqIHByZWNpc2EgZGUgdW0gZmFsY8OjbyB0cmVpbmFkbz8KUG9zc28gY29uc2VndWlyIHVtIGV4Y2VsZW50ZSBzZSB2b2PDqiBxdWlzZXIu,,W05pZWJsYSBjYXphZG9yYV0KT3llLCDCv25lY2VzaXRhcyB1biBoYWxjw7NuIGVudHJlbmFkbz8KUHVlZG8gY29uc2VndWlydGUgdW5vIGV4Y2VsZW50ZSBzaSBxdWllcmVzLg==
dGPuAQ,,VXNlIGZhbGNvbiAtIDIsNTAweg==,,,,,VXNhciBmYWxjw6NvIC0gMi41MDB6,,VXNhciBoYWxjw7NuOiAyNTAwemVueS4=
dWPuAQ,,QnV5IEZhbGNvbiBQaXBl,,,,,Q29tcHJhciBGYWxjb24gUGlwZQ==,,Q29tcHJhciBQaXBhIGRlIGhhbGPDs24u
dmPuAQ,,W0h1bnRlciBNaXN0XQpGYWxjb25zIGFyZSB2ZXJ5IHBvc3Nlc3NpdmUsIHNvIHRoZXkgZG9uJ3QgZ2V0IGFsb25nIHdpdGggb3RoZXIgYW5pbWFscy4KWW91IHNob3VsZCBnZXQgcmlkIG9mIHRoYXQgZnVycnkgYmVhc3QgZmlyc3Qu,,,,,W07DqXZvYSBkZSBjYcOnYWRvcl0KT3MgZmFsY8O1ZXMgc8OjbyBtdWl0byBwb3NzZXNzaXZvcywgcG9yIGlzc28gbsOjbyBzZSBkw6NvIGJlbSBjb20gb3V0cm9zIGFuaW1haXMuClZvY8OqIGRldmUgc2UgbGl2cmFyIGRlc3NhIGZlcmEgcGVsdWRhIHByaW1laXJvLg==,,W05pZWJsYSBjYXphZG9yYV0KTG9zIEhhbGNvbmVzIHNvbiBtdXkgcG9zZXNpdm9zLCBwb3IgbG8gcXVlIG5vIHNlIGxsZXZhbiBiaWVuIGNvbiBvdHJvcyBhbmltYWxlcy4KUHJpbWVybyBkZWJlcsOtYXMgZGVzaGFjZXJ0ZSBkZSBlc2EgYmVzdGlhIHBlbHVkYS4=
d2PuAQ,,W0h1bnRlciBNaXN0XQpZb3UgZG9uJ3QgaGF2ZSBlbm91Z2ggbW9uZXkhCllvdSBoYXZlIHRvIHBheSAyLDUwMHogdG8gdXNlIGEgZmFsY29uISEKRG9uJ3QgbWFrZSB0aGF0IGZhY2UuIEkgZGlkbid0IHB1dCB0aGUgcHJpY2UhIEl0IHdhcyBzZXQgYnkgdGhlIEh1bnRlciBHdWlsZCE=,,,,,W0h1bnRlciBNaXN0XQpWb2PDqiBuw6NvIHRlbSBkaW5oZWlybyBzdWZpY2llbnRlIQpWb2PDqiB0ZW0gcXVlIHBhZ2FyIDIuNTAweiBwYXJhIHVzYXIgdW0gZmFsY8OjbyEhCk7Do28gZmHDp2EgZXNzYSBjYXJhLiBFdSBuw6NvIGNvbG9xdWVpIG8gcHJlw6dvISBFbGUgZm9pIGVzdGFiZWxlY2lkbyBwZWxhIEd1aWxkYSBkb3MgQ2HDp2Fkb3JlcyE=,,W05pZWJsYSBjYXphZG9yYV0KwqFObyB0aWVuZXMgc3VmaWNpZW50ZSBkaW5lcm8hCsKhVGllbmVzIHF1ZSBwYWdhciAyNTAwemVueSBwYXJhIHVzYXIgdW4gaGFsY8OzbiEKTm8gcG9uZ2FzIGVzYSBjYXJhLiDCoVlvIG5vIHB1c2UgZWwgcHJlY2lvISDCoUZ1ZSBlc3RhYmxlY2lkbyBwb3IgZWwgZ3JlbWlvIGRlIGNhemFkb3JlcyE=
eGPuAQ,,W0h1bnRlciBNaXN0XQpNeSBteSwgeW91J3JlIG5vdCByZWFkeSB0byB0YWtlIGEgZmFsY29uIHlldC4KV2h5IGRvbid0IHlvdSBsZWFybiBob3cgdG8gaGFuZGxlIGEgZmFsY29uIGZpcnN0Pw==,,,,,W07DqXZvYSBkbyBDYcOnYWRvcl0uCk5vc3NhLCB2b2PDqiBhaW5kYSBuw6NvIGVzdMOhIHByb250byBwYXJhIHBlZ2FyIHVtIGZhbGPDo28uClBvciBxdWUgdm9jw6ogbsOjbyBhcHJlbmRlIGEgbGlkYXIgY29tIHVtIGZhbGPDo28gcHJpbWVpcm8/,,W05pZWJsYSBjYXphZG9yYV0KVmF5YSwgYcO6biBubyBlc3TDoXMgZW4gY29uZGljaW9uZXMgcGFyYSBvYnRlbmVyIHVuIGhhbGPDs24uCsK/UG9yIHF1w6kgbm8gYXByZW5kZXMgcHJpbWVybyBhIG1hbmVqYXIgdW4gaGFsY8Ozbj8=
eWPuAQ,,W0h1bnRlciBNaXN0XQpZb3UgYWxyZWFkeSBoYXZlIGEgZ29vZCBvbmUgd2l0aCB5b3UuCkhhaCBoYWggaGFoISBZb3UgbWlnaHQgZGlzYXBwb2ludCB0aGF0IGd1eS4=,,,,,W07DqXZvYSBkbyBDYcOnYWRvcl0KVm9jw6ogasOhIHRlbSB1bSBib20gY29tIHZvY8OqLgpIYWggaGFoIGhhaCEgVm9jw6ogcG9kZSBkZWNlcGNpb25hciBlc3NlIGNhcmEu,,W05pZWJsYSBjYXphZG9yYV0KWWEgdGllbmVzIHVubyBidWVubyBjb250aWdvLgrCoUphLCBqYSwgamEhIFBvZHLDrWFzIGRlY2VwY2lvbmFyIGEgZXNlIHRpcG8u
emPuAQ,,W0h1bnRlciBNaXN0XQpPaCwgSSdtIHNvcnJ5LgpXZSBvbmx5IGxlbmQgZmFsY29ucyB0byBIdW50ZXJzLCBTbmlwZXJzLCBhbmQgUmFuZ2VycyB3aG8gYXJlIG9mZmljaWFsbHkgYWNrbm93bGVkZ2VkIGFzIEh1bnRlcnMuCkkgbWlzdG9vayB5b3UgZm9yIG9uZSBvZiB0aGVtLiBJJ20gc29ycnku,,,,,W0h1bnRlciBNaXN0XQpPaCwgbWUgZGVzY3VscGUuCk7Ds3Mgc8OzIGVtcHJlc3RhbW9zIGZhbGPDtWVzIHBhcmEgSHVudGVycywgU25pcGVycyBlIFJhbmdlcnMgcXVlIHPDo28gb2ZpY2lhbG1lbnRlIHJlY29uaGVjaWRvcyBjb21vIEh1bnRlcnMuCkV1IG8gY29uZnVuZGkgY29tIHVtIGRlbGVzLiBEZXNjdWxwZS1tZS4=,,W05pZWJsYSBjYXphZG9yYV0KQXksIGxvIHNpZW50by4KU29sbyBwcmVzdGFtb3MgSGFsY29uZXMgYSBjYXphZG9yZXMsIGZyYW5jb3RpcmFkb3JlcyB5IGVycmFudGVzIHJlY29ub2NpZG9zIG9maWNpYWxtZW50ZSBjb21vIGNhemFkb3Jlcy4KVGUgY29uZnVuZMOtIGNvbiB1bm8gZGUgZWxsb3MuIExvIHNpZW50by4=
e2PuAQ,,W0h1bnRlciBNaXN0XQpEaWQgeW91IG1hc3RlciA8XkZGMDAwMEZhbGNvbnJ5IE1hc3RlcnleMDAwMDAwPj8KSWYgeW91IGhhdmVuJ3QgbGVhcm5lZCBpdCwgdGhpcyB3aWxsIGJlIHVzZWxlc3MgdG8geW91LgpJZiB5b3UgZG9uJ3Qgc2VlIGFueXRoaW5nLCBpdCBtZWFucyBJJ20gb3V0IG9mIHN0b2NrLCBzbyBjb21lIGJhY2sgbGF0ZXIu,,,,,W07DqXZvYSBkbyBDYcOnYWRvcl0KVm9jw6ogZG9taW5vdSBvIDxeRkYwMDAwRmFsY29ucnkgTWFzdGVyeV4wMDAwMDA+PwpTZSBuw6NvIHRpdmVyIGFwcmVuZGlkbywgaXNzbyBzZXLDoSBpbsO6dGlsIHBhcmEgdm9jw6ouClNlIG7Do28gdmlyIG5hZGEsIHNpZ25pZmljYSBxdWUgZXN0b3Ugc2VtIGVzdG9xdWUsIGVudMOjbyB2b2x0ZSBtYWlzIHRhcmRlLg==,,W05pZWJsYSBjYXphZG9yYV0Kwr9Eb21pbmFzdGUgPF42NjAwMDBGYWxjb25yeSBNYXN0ZXJ5XjAwMDAwMD4/ClNpIG5vIGxvIGFwcmVuZGlzdGUsIGVzdG8gbm8gdGUgc2Vydmlyw6EgZGUgbmFkYS4KU2kgbm8gdmVzIG5hZGEsIHNpZ25pZmljYSBxdWUgZXN0w6EgdG9kbyBhZ290YWRvLCBhc8OtIHF1ZSB2dWVsdmUgbcOhcyB0YXJkZS4=
fGPuAQ,,W0h1bnRlciBNaXN0XQpUaGUgcGlwZSBpcyB1c2VsZXNzIGlmIHlvdXIgam9iIGlzIG5vdCBvZiBIdW50ZXIgY2xhc3Nlcy4KRG9uJ3Qgd2FzdGUgeW91ciBtb25leS4=,,,,,W07DqXZvYSBkbyBDYcOnYWRvcl0KTyB0dWJvIMOpIGluw7p0aWwgc2Ugc2V1IHRyYWJhbGhvIG7Do28gZm9yIGRhIGNsYXNzZSBIdW50ZXIuCk7Do28gZGVzcGVyZGljZSBzZXUgZGluaGVpcm8u,,W05pZWJsYSBjYXphZG9yYV0KTGEgdHViZXLDrWEgZXMgaW7DunRpbCBzaSB0dSB0cmFiYWpvIG5vIGVzIGRlIGxhcyBjbGFzZXMgZGUgY2F6YWRvci4KTm8gbWFsZ2FzdGVzIHR1IGRpbmVyby4=
fWPuAQ,,W0h1bnRlciBNaXN0XQpCcm93c2Ugb3RoZXIgdGhpbmdzIGluIG91ciBzaG9wIHRvby4KV2hvIGtub3dzPyBXZSBtaWdodCBicmluZyBhIHN1cnByaXNpbmcgQ3V0ZSBQZXQgc29vbiEKSGFoIGhhaCBoYWgh,,,,,W07DqXZvYSBkZSBDYcOnYWRvcl0KUHJvY3VyZSBvdXRyYXMgY29pc2FzIGVtIG5vc3NhIGxvamEgdGFtYsOpbS4KUXVlbSBzYWJlPyBFbSBicmV2ZSwgcG9kZXJlbW9zIHRyYXplciB1bSBDdXRlIFBldCBzdXJwcmVlbmRlbnRlIQpIYWggaGFoIGhhaCE=,,W05pZWJsYSBjYXphZG9yYV0KTWlyYSB0YW1iacOpbiBvdHJhcyBjb3NhcyBlbiBudWVzdHJhIHRpZW5kYS4Kwr9RdWnDqW4gc2FiZT8gwqFQdWVkZSBxdWUgcHJvbnRvIHRyYWlnYW1vcyB1bmEgbWFzY290YSBhZG9yYWJsZSEKwqFKYSwgamEsIGphIQ==
fmPuAQ,,W1N0eWxpc2ggR3V5c10=,,,,,W0hvbWVucyBFbGVnYW50ZXNd,,W1N0eWxpc2ggR3V5c10=
f2PuAQ,,PT0gU3R5bGlzaCBHdXlzID09ClRoZSBvbmUgYW5kIG9ubHkgYm91dGlxdWUgZm9yIHRoZSBtb3N0IHN0eWxpc2ggcGVvcGxlIQ==,,,,,PT0gSG9tZW5zIEVsZWdhbnRlcyA9PQpBIHByaW1laXJhIGUgw7puaWNhIGJ1dGlxdWUgcGFyYSBhcyBwZXNzb2FzIG1haXMgZXN0aWxvc2FzIQ==,,PT0gQ2hpY29zIGNvbiBlc3RpbG8gPT0KwqFMYSDDum5pY2EgdGllbmRhIGRlIHByb2R1Y3RvcyBzZWxlY3RvcyBwYXJhIHF1aWVuZXMgbcOhcyBlc3RpbG8gdGllbmVuIQ==
gGPuAQ,,TGFmZWxk,,,,,TGFmZWxk,,TGFmZWxk
gWPuAQ,,W0xhZmVsZF0KV2VsY29tZSEgU3R5bGlzaCBHdXlzIG1ha2Ugb25seSBncmFjZWZ1bCBhbmQgZWxlZ2FudCBjb3N0dW1lcyBmb3IgeW91IQpSZWd1bGFyIGNvc3R1bWVzIGFuZCBoYXRzIGFyZSBhbHdheXMgZm9yIHNhbGUsIGV2ZW4gb24gdGhlIHdlZWtseSBob2xpZGF5cywgc28gd2UgaG9wZSB5b3UgdmlzaXQgdXMgb2Z0ZW4u,,,,,W0xhZmVsZF0KQmVtLXZpbmRvISBBIFN0eWxpc2ggR3V5cyBwcm9kdXogYXBlbmFzIGZhbnRhc2lhcyBlbGVnYW50ZXMgZSBncmFjaW9zYXMgcGFyYSB2b2PDqiEKRmFudGFzaWFzIGUgY2hhcMOpdXMgY29tdW5zIGVzdMOjbyBzZW1wcmUgw6AgdmVuZGEsIG1lc21vIG5vcyBmZXJpYWRvcyBzZW1hbmFpcywgcG9ydGFudG8gZXNwZXJhbW9zIHF1ZSB2b2PDqiBub3MgdmlzaXRlIGNvbSBmcmVxdcOqbmNpYS4=,,W0xhZmVsZF0KwqFUZSBkb3kgbGEgYmllbnZlbmlkYSEgwqFDaGljb3MgY29uIGVzdGlsbyBzb2xvIGNvbmZlY2Npb25hIGF0dWVuZG9zIGVsZWdhbnRlcyBwYXJhIHRpIQpMb3MgYXR1ZW5kb3MgeSBzb21icmVyb3MgaGFiaXR1YWxlcyBlc3TDoW4gc2llbXByZSBhIGxhIHZlbnRhLCBpbmNsdXNvIGVsIGTDrWEgZGUgZGVzY2Fuc28gc2VtYW5hbCwgYXPDrSBxdWUgZXNwZXJhbW9zIHF1ZSBub3MgdmlzaXRlcyBhIG1lbnVkby4=
gmPuAQ,,R2FybWVudHMgYW5kIHNob2Vz,,,,,VmVzdHXDoXJpbyBlIGNhbMOnYWRvcw==,,UHJlbmRhcyB5IGNhbHphZG8u
g2PuAQ,,R2xhc3NlcyBhbmQgaGF0cw==,,,,,w5NjdWxvcyBlIGNoYXDDqXVz,,R2FmYXMgeSBzb21icmVyb3Mu
hGPuAQ,,W0xhZmVsZF0KQmVpbmcgaW5leHBlbnNpdmUgZG9lcyBub3QgbWVhbiBzb21ldGhpbmcncyB3b3J0aGxlc3MsIHRob3VnaC4KV2UgZ2V0IHF1YWxpdHkgc3R1ZmYgZGVsaXZlcmVkIGZyb20gZXZlcnl3aGVyZSBhY3Jvc3MgdGhlIG5hdGlvbi4=,,,,,W0xhZmVsZF0KTm8gZW50YW50bywgbyBmYXRvIGRlIHNlciBiYXJhdG8gbsOjbyBzaWduaWZpY2EgcXVlIGFsZ28gbsOjbyB0ZW5oYSB2YWxvci4KUmVjZWJlbW9zIHByb2R1dG9zIGRlIHF1YWxpZGFkZSBlbnRyZWd1ZXMgZGUgdG9kb3Mgb3MgbHVnYXJlcyBkbyBwYcOtcy4=,,W0xhZmVsZF0KU2luIGVtYmFyZ28sIHF1ZSBhbGdvIHNlYSBiYXJhdG8gbm8gc2lnbmlmaWNhIHF1ZSBjYXJlemNhIGRlIHZhbG9yLgpSZWNpYmltb3MgbWF0ZXJpYWwgZGUgY2FsaWRhZCBkZSB0b2RhcyBwYXJ0ZXMgZGVsIHBhw61zLg==
hWPuAQ,,W0xhZmVsZF0KVGhlIHBpbm5hY2xlIG9mIGZhc2hpb24gaXMgY29vcmRpbmF0aW9uIQpNYXRjaCBhIGZpdHRpbmcgaGF0IHRvIHlvdXIgaXRlbXMgYW5kIHR1cm4geW91cnNlbGYgaW50byBhIHNvcGhpc3RpY2F0ZWQgYWR2ZW50dXJlciE=,,,,,W0xhZmVsZF0KTyBhdWdlIGRhIG1vZGEgw6kgYSBjb29yZGVuYcOnw6NvIQpDb21iaW5lIHVtIGNoYXDDqXUgYWRlcXVhZG8gY29tIHNldXMgaXRlbnMgZSB0cmFuc2Zvcm1lLXNlIGVtIHVtIGF2ZW50dXJlaXJvIHNvZmlzdGljYWRvIQ==,,W0xhZmVsZF0KwqFMYSBjbGF2ZSBkZSBsYSBtb2RhIGVzIGxhIGNvb3JkaW5hY2nDs24hCsKhQ29tYmluYSB1biBzb21icmVybyBhZGVjdWFkbyBjb24gdHVzIG9iamV0b3MgeSBjb252acOpcnRldGUgZW4gdW4gdHJvdGFtdW5kb3Mgc29maXN0aWNhZG8h
hmPuAQ,,W0xhZmVsZF0KR29vZCBieWUu,,,,,W0xhZmVsZF0KQWRldXMu,,W0xhZmVsZF0KQWRpw7NzLg==
h2PuAQ,,RG8gTWluaG8=,,,,,RG8gTWluaG8=,,RG8gTWluaG8=
iGPuAQ,,W0RvIE1pbmhvXQpUaGUgbGltaXRlZCBjb2xsZWN0aW9uIHJldmVhbGVkIG9ubHkgb24gU2F0dXJkYXkgYW5kIFN1bmRheSEKV2UgaGF2ZSBvbmx5IG9uZSwgc28gaHVycnkgdXAgaWYgeW91IHdhbnQgaXQh,,,,,W0RvIE1pbmhvXQpBIGNvbGXDp8OjbyBsaW1pdGFkYSBmb2kgcmV2ZWxhZGEgc29tZW50ZSBubyBzw6FiYWRvIGUgbm8gZG9taW5nbyEKVGVtb3MgYXBlbmFzIHVtYSwgZW50w6NvIGNvcnJhIHNlIHZvY8OqIHF1aXNlciE=,,W0RvIE1pbmhvXQrCoUxhIGNvbGVjY2nDs24gbGltaXRhZGEgc29sbyBzZSBwb2Ryw6EgdmVyIGVsIHPDoWJhZG8geSBlbCBkb21pbmdvIQpTb2xvIHRlbmVtb3MgdW5hLCDCoWFzw60gcXVlIGRhdGUgcHJpc2Egc2kgbGEgcXVpZXJlcyE=
iWPuAQ,,W0RvIE1pbmhvXQpIZXJlJ3MgdGhlIHNlY3JldCBjb2xsZWN0aW9uIG9mIFN0eWxpc2ggR3V5cyEKV2hhdCBpZiB0aGVyZSdzIG5vdGhpbmcgaW5zaWRlIHRoZSBib3g/IFRoYXQgbWVhbnMgeW91J3JlIGxhdGUh,,,,,W0RvIE1pbmhvXQpBcXVpIGVzdMOhIGEgY29sZcOnw6NvIHNlY3JldGEgZG9zIGNhcmFzIGVzdGlsb3NvcyEKRSBzZSBuw6NvIGhvdXZlciBuYWRhIGRlbnRybyBkYSBjYWl4YT8gSXNzbyBzaWduaWZpY2EgcXVlIHZvY8OqIGVzdMOhIGF0cmFzYWRvIQ==,,W0RvIE1pbmhvXQrCoUFxdcOtIGVzdMOhIGxhIGNvbGVjY2nDs24gc2VjcmV0YSBkZSBDaGljb3MgY29uIGVzdGlsbyEKwr9ZIHNpIG5vIGhheSBuYWRhIGRlbnRybyBkZSBsYSBjYWphPyDCoUVzbyBzaWduaWZpY2EgcXVlIGxsZWdhcyB0YXJkZSE=
imPuAQ,,W0RvIE1pbmhvXQpTZWUgeW91IGFnYWluIGFyb3VuZCB0aGlzIHRpbWUgbmV4dCB3ZWVrISBIYWggaGFoIGhhaCBoYWgh,,,,,W0RvIE1pbmhvXQpWZWpvIHZvY8OqcyBub3ZhbWVudGUgbmEgc2VtYW5hIHF1ZSB2ZW0sIGEgZXNzYSBob3JhISBIYWggaGFoIGhhaCBoYWgh,,W0RvIE1pbmhvXQrCoU5vcyB2ZW1vcyBsYSBzZW1hbmEgcXVlIHZpZW5lISDCoUphLCBqYSwgamEsIGphIQ==
i2PuAQ,,W0RvIE1pbmhvXQpMb29rcyBsaWtlIHlvdSdyZSBjdXJpb3VzIGFib3V0IFN0eWxpc2ggR3V5cycgc2VjcmV0IGNvbGxlY3Rpb24hCldlbGwsIGl0IGNhbid0IGJlIGEgc2VjcmV0IGlmIHlvdSBjYW4gc2VlIGl0IGFueSB0aW1lLCBhbnkgZGF5Lg==,,,,,W0RvIE1pbmhvXQpQYXJlY2UgcXVlIHZvY8OqIGVzdMOhIGN1cmlvc28gc29icmUgYSBjb2xlw6fDo28gc2VjcmV0YSBkYSBTdHlsaXNoIEd1eXMhCkJlbSwgbsOjbyBwb2RlIHNlciBzZWNyZXRhIHNlIHZvY8OqIHBvZGUgdsOqLWxhIGEgcXVhbHF1ZXIgaG9yYSwgZW0gcXVhbHF1ZXIgZGlhLg==,,W0RvIE1pbmhvXQrCoVBhcmVjZSBxdWUgdGllbmVzIGN1cmlvc2lkYWQgcG9yIGNvbm9jZXIgbGEgY29sZWNjacOzbiBzZWNyZXRhIGRlIENoaWNvcyBjb24gZXN0aWxvIQpCdWVubywgbm8gcHVlZGUgc2VyIHVuIHNlY3JldG8gc2kgcHVlZGVzIHZlcmxhIGVuIGN1YWxxdWllciBtb21lbnRvLCBjdWFscXVpZXIgZMOtYS4=
jGPuAQ,,W0RvIE1pbmhvXQpJZiB5b3Ugd2FudCB0byBhcHByZWNpYXRlIG15IGNvb2wgY29sbGVjdGlvbiwgY29tZSBiYWNrIG9uIHRoZSB3ZWVrZW5kLgpeNEQ0REZGSSByZXZlYWwgb25seSBvbmUgaXRlbSB0aHJvdWdob3V0IFNhdHVyZGF5IGFuZCBTdW5kYXleMDAwMDAwLg==,,,,,W0RvIE1pbmhvXQpTZSBxdWlzZXIgdmVyIG1pbmhhIGNvbGXDp8OjbyBiYWNhbmEsIHZvbHRlIG5vIGZpbSBkZSBzZW1hbmEuCntSZXZlbG8gYXBlbmFzIHVtIGl0ZW0gZHVyYW50ZSBvIHPDoWJhZG8gZSBvIGRvbWluZ28u,,W0RvIE1pbmhvXQpTaSBxdWllcmVzIGFkbWlyYXIgbWkgZ3JhbiBjb2xlY2Npw7NuLCB2dWVsdmUgZWwgZmluIGRlIHNlbWFuYS4KXjRENERGRlJldmVsbyB1biBzb2xvIG9iamV0byBkdXJhbnRlIHRvZG8gZWwgc8OhYmFkbyB5IGVsIGRvbWluZ29eMDAwMDAwLg==
jWPuAQ,,W0RvIE1pbmhvXQpEb24ndCB5b3UgZmVlbCBleGNpdGVkIHRvIHNlZSB3aGljaCBpdGVtIHdpbGwgc2hvdyB1cCB0aGlzIHRpbWU/CkhhaCBoYWggaGFoIGhhaCE=,,,,,W0RvIE1pbmhvXQpWb2PDqiBuw6NvIHNlIHNlbnRlIGFuaW1hZG8gcGFyYSB2ZXIgcXVhbCBpdGVtIGFwYXJlY2Vyw6EgZGVzdGEgdmV6PwpIYWggaGFoIGhhaCBoYWgh,,W0RvIE1pbmhvXQrCv05vIHRlIGVudHVzaWFzbWEgdmVyIHF1w6kgb2JqZXRvIGFwYXJlY2Vyw6EgZXN0YSB2ZXo/CsKhSmEsIGphLCBqYSwgamEh
jmPuAQ,,W1N0b3V0IEd1eXNd,,,,,W1N0b3V0IEd1eXNdLg==,,W1N0b3V0IEd1eXNd
j2PuAQ,,PT0gU3RvdXQgR3V5cyA9PQpEbyB5b3UgbmVlZCBhIHNoaWVsZCwgYXJtb3IsIGFuZCBhIHN0dXJkeSBoZWxtPwpTdG91dCBHdXlzIGhhcyB5b3UgY292ZXJlZC4uLiBpbiBwcm90ZWN0aW9uIQ==,,,,,PT0gU3RvdXQgR3V5cyA9PQpWb2PDqiBwcmVjaXNhIGRlIHVtIGVzY3VkbywgdW1hIGFybWFkdXJhIGUgdW0gZWxtbyByZXNpc3RlbnRlPwpTdG91dCBHdXlzIHRlbSB0dWRvIG8gcXVlIHZvY8OqIHByZWNpc2EuLi4gZW0gdGVybW9zIGRlIHByb3Rlw6fDo28h,,PT0gQ2hpY29zIGZvcm5pZG9zID09CsK/TmVjZXNpdGFzIHVuIGVzY3VkbywgdW5hIGFybWFkdXJhIHkgdW4geWVsbW8gcmVzaXN0ZW50ZT8KQ2hpY29zIGZvcm5pZG9zIHRlIG9mcmVjZeKApiDCoXByb3RlY2Npw7NuIQ==
kGPuAQ,,Q29jbw==,,,,,Q29jbw==,,Q29jbw==
kWPuAQ,,W0NvY29dCkNhbiBJIGludGVyZXN0IHlvdSBpbiBzb2xpZCBhcm1vciB0aGF0IGNhbiBwcm90ZWN0IHlvdXIgZnJhZ2lsZSBib2R5PwpIb3cgYWJvdXQgYSBzaGllbGQgdG8gYmxvY2sgdGhlIGVuZW15J3MgYXR0YWNrPw==,,,,,W0NvY29dClBvc3NvIGludGVyZXNzw6EtbGEgZW0gdW1hIGFybWFkdXJhIHPDs2xpZGEgcXVlIHBvc3NhIHByb3RlZ2VyIHNldSBjb3JwbyBmcsOhZ2lsPwpRdWUgdGFsIHVtIGVzY3VkbyBwYXJhIGJsb3F1ZWFyIG8gYXRhcXVlIGRvIGluaW1pZ28/,,W0NvY29dCsK/UXVpesOhcyB0ZSBpbnRlcmVzYSB1bmEgQXJtYWR1cmEgc8OzbGlkYSBxdWUgcHJvdGVqYSB0dSBjdWVycG8gZnLDoWdpbD8Kwr9RdcOpIHRhbCB1biBFc2N1ZG8gcGFyYSBibG9xdWVhciBlbCBhdGFxdWUgZGVsIGVuZW1pZ28/
kmPuAQ,,Q2hlY2sgYXJtb3Iu,,,,,VmVyaWZpcXVlIGEgYXJtYWR1cmEu,,RWNoYXIgdW4gdmlzdGF6byBhIGxhcyBhcm1hZHVyYXMu
k2PuAQ,,Q2hlY2sgc2hpZWxkcy4=,,,,,VmVyaWZpcXVlIGFzIHByb3Rlw6fDtWVzLg==,,RWNoYXIgdW4gdmlzdGF6byBhIGxvcyBlc2N1ZG9zLg==
lGPuAQ,,W0NvY29dCkNoZWFwIGFuZCBzdHVyZHkgYXJtb3Iu,,,,,W0NvY29dCkFybWFkdXJhIGJhcmF0YSBlIHJlc2lzdGVudGUu,,W0NvY29dCkFybWFkdXJhIGJhcmF0YSB5IHJlc2lzdGVudGUu
lWPuAQ,,W0NvY29dClRoZXNlIGd1eXMgY2FuIGJsb2NrIG9mZiBwcmV0dHkgbXVjaCBldmVyeXRoaW5nLiBJIHRoaW5rPw==,,,,,W0NvY29dCkVzc2VzIGNhcmFzIGNvbnNlZ3VlbSBibG9xdWVhciBwcmF0aWNhbWVudGUgdHVkby4gRXUgYWNobyBxdWUgc2ltPw==,,W0NvY29dCkVzdGFzIGNvc2FzIHB1ZWRlbiBibG9xdWVhciBjYXNpIHRvZG8uIENyZW/igKY=
lmPuAQ,,W0NvY29dClNlZSB5b3UgYWdhaW4u,,,,,W0NvY29dClZlam8gdm9jw6ogZGUgbm92by4=,,W0NvY29dCk5vcyB2ZW1vcy4=
l2PuAQ,,W1N0cm9uZyBHdXlzXQ==,,,,,W1N0cm9uZyBHdXlzXS4=,,W1N0cm9uZyBHdXlzXQ==
mGPuAQ,,PT0gU3Ryb25nIEd1eXMgPT0KRnJvbSBydW4tb2YtdGhlLW1pbGwgd2VhcG9ucyB0byBpbnZhbHVhYmx5IHByZWNpb3VzIHN3b3JkcyEKV2UgaGF2ZSBldmVyeSBraW5kIG9mIHdlYXBvbiB5b3Ugd2FudC4=,,,,,PT0gU3Ryb25nIEd1eXMgPT0KRGUgYXJtYXMgY29tdW5zIGEgZXNwYWRhcyBpbmNyaXZlbG1lbnRlIHByZWNpb3NhcyEKVGVtb3MgdG9kb3Mgb3MgdGlwb3MgZGUgYXJtYXMgcXVlIHZvY8OqIGRlc2VqYS4=,,PT0gQ2hpY29zIGZ1ZXJ0ZXMgPT0KwqFEZXNkZSBhcm1hcyBjb211bmVzIHkgY29ycmllbnRlcyBoYXN0YSBlc3BhZGFzIGRlIHVuIHZhbG9yIGluY2FsY3VsYWJsZSEKVGVuZW1vcyB0b2RvcyBsb3MgdGlwb3MgZGUgYXJtYXMgcXVlIHF1aWVyYXMu
mWPuAQ,,TmVsc2hh,,,,,TmVsc2hh,,TmVsc2hh
mmPuAQ,,W05lbHNoYV0KV2VsY29tZS4KU3Ryb25nIEd1eXMgaGFzIHByZXR0eSBtdWNoIGV2ZXJ5IGtpbmQgb2Ygd2VhcG9uIHlvdSBjYW4gdGhpbmsgb2Yu,,,,,W05lbHNoYV0KQmVtLXZpbmRvLgpBIFN0cm9uZyBHdXlzIHRlbSBwcmF0aWNhbWVudGUgdG9kbyB0aXBvIGRlIGFybWEgcXVlIHZvY8OqIHBvc3NhIGltYWdpbmFyLg==,,W05lbHNoYV0KVGUgZGFtb3MgbGEgYmllbnZlbmlkYS4KQ2hpY29zIGZ1ZXJ0ZXMgdGllbmUgY2FzaSB0b2RvcyBsb3MgdGlwb3MgZGUgYXJtYXMgcXVlIHB1ZWRhcyBpbWFnaW5hci4=
m2PuAQ,,TWFjZSwgc3RhZmYsIGFuZCBrbnVja2xl,,,,,TWHDp2EsIGJhc3TDo28gZSBtYW5vcGxh,,TWF6YSwgQsOhY3VsbyB5IFB1w7FvIGRlIGFjZXJvLg==
nGPuAQ,,T25lLWhhbmRlZCBhbmQgdHdvLWhhbmRlZCBzd29yZHM=,,,,,RXNwYWRhcyBkZSB1bWEgZSBkdWFzIG3Do29z,,RXNwYWRhcyBkZSB1bmEgeSBkb3MgbWFub3Mu
nWPuAQ,,Qm93LCBpbnN0cnVtZW50LCBhbmQgd2hpcA==,,,,,QXJjbywgaW5zdHJ1bWVudG8gZSBjaGljb3Rl,,QXJjbywgSW5zdHJ1bWVudG8geSBMw6F0aWdvLg==
nmPuAQ,,RGFnZ2VyIGFuZCBrYXRhcg==,,,,,QWRhZ2EgZSBrYXRhcg==,,RGFnYSB5IEthdGFyLg==
n2PuAQ,,QXhlIGFuZCBzcGVhcg==,,,,,TWFjaGFkbyBlIGxhbsOnYQ==,,SGFjaGEgeSBMYW56YS4=
oGPuAQ,,W05lbHNoYV0KSSdsbCBzaG93IHlvdSBtYWNlcywgcm9kcywgYW5kIGtudWNrbGVzLg==,,,,,W05lbHNoYV0KRXUgbGhlIG1vc3RyYXJlaSBtYcOnYXMsIGJhc3TDtWVzIGUgc29xdWVpcmFzLg==,,W05lbHNoYV0KVGUgZW5zZcOxYXLDqSBNYXphcywgQ2V0cm9zIHkgUHXDsW9zIGRlIGFjZXJvLg==
oWPuAQ,,W05lbHNoYV0KSSdsbCBzaG93IHlvdSBvbmUtaGFuZGVkIGFuZCB0d28taGFuZGVkIHN3b3Jkcy4=,,,,,W05lbHNoYV0KRXUgbGhlIG1vc3RyYXJlaSBlc3BhZGFzIGRlIHVtYSBlIGR1YXMgbcOjb3Mu,,W05lbHNoYV0KVGUgZW5zZcOxYXLDqSBFc3BhZGFzIGRlIHVuYSB5IGRvcyBtYW5vcy4=
omPuAQ,,W05lbHNoYV0KSSdsbCBzaG93IHlvdSBib3dzLCBpbnN0cnVtZW50cywgYW5kIHdoaXBzIG9mIGFsbCBzb3J0cy4=,,,,,W05lbHNoYV0KRXUgbGhlIG1vc3RyYXJlaSBhcmNvcywgaW5zdHJ1bWVudG9zIGUgY2hpY290ZXMgZGUgdG9kb3Mgb3MgdGlwb3Mu,,W05lbHNoYV0KVGUgZW5zZcOxYXLDqSBBcmNvcywgSW5zdHJ1bWVudG9zIHkgTMOhdGlnb3MgZGUgdG9kbyB0aXBvLg==
o2PuAQ,,W05lbHNoYV0KSSdsbCBzaG93IHlvdSBhIGZldyBkYWdnZXJzIGFuZCBrYXRhcnMuIFdlIGV2ZW4gaGF2ZSBpbmV4cGVuc2l2ZSBlbGVtZW50YWwgZGFnZ2Vycy4=,,,,,W05lbHNoYV0KVm91IGxoZSBtb3N0cmFyIGFsZ3VtYXMgYWRhZ2FzIGUga2F0YXJlcy4gVGVtb3MgYXTDqSBtZXNtbyBhZGFnYXMgZWxlbWVudGFyZXMgZGUgYmFpeG8gY3VzdG8u,,W05lbHNoYV0KVGUgbW9zdHJhcsOpIGFsZ3VuYXMgRGFnYXMgeSBLYXRhcmVzLiBJbmNsdXNvIHRlbmVtb3MgRGFnYXMgZWxlbWVudGFsZXMgYmFyYXRhcy4=
pGPuAQ,,W05lbHNoYV0KSSdsbCBzaG93IHlvdSBheGVzLCBvbmUtaGFuZGVkIHNwZWFycywgYW5kIHR3by1oYW5kZWQgc3BlYXJzLg==,,,,,W05lbHNoYV0KVm91IGxoZSBtb3N0cmFyIG1hY2hhZG9zLCBsYW7Dp2FzIGRlIHVtYSBtw6NvIGUgbGFuw6dhcyBkZSBkdWFzIG3Do29zLg==,,W05lbHNoYV0KVGUgZW5zZcOxYXLDqSBIYWNoYXMsIExhbnphcyBkZSB1bmEgbWFubyB5IExhbnphcyBkZSBkb3MgbWFub3Mu
pWPuAQ,,W05lbHNoYV0KVGhhbmsgeW91IGZvciB5b3VyIHBhdHJvbmFnZS4=,,,,,W05lbHNoYV0KT2JyaWdhZG8gcG9yIHNldSBwYXRyb2PDrW5pby4=,,W05lbHNoYV0KR3JhY2lhcyBwb3IgdHUgYXBveW8u
pmPuAQ,,TWlwcHk=,,,,,TWlwcHk=,,TWlwcHk=
p2PuAQ,,W01pcHB5XQpUaGUgbGltaXRlZCBjb2xsZWN0aW9uIHJldmVhbGVkIG9ubHkgZnJvbSBGcmlkYXkgdG8gU3VuZGF5IQpXZSBwcmVzZW50IHdpdGggeW91IHRoZSBhbmNpZW50IHdlYXBvbnMgYWR2ZW50dXJlcnMgYWNxdWlyZWQgaW4gdmFyaW91cyBkdW5nZW9ucyB0aHJvdWdoIGFyZHVvdXMgZW5kZWF2b3JzIQ==,,,,,W01pcHB5XQpBIGNvbGXDp8OjbyBsaW1pdGFkYSByZXZlbGFkYSBzb21lbnRlIGRlIHNleHRhIGEgZG9taW5nbyEKQXByZXNlbnRhbW9zIGEgdm9jw6pzIGFzIGFybWFzIGFudGlnYXMgcXVlIG9zIGF2ZW50dXJlaXJvcyBhZHF1aXJpcmFtIGVtIHbDoXJpYXMgbWFzbW9ycmFzIHBvciBtZWlvIGRlIMOhcmR1b3MgZXNmb3LDp29zIQ==,,W01pcHB5XQrCoUxhIGNvbGVjY2nDs24gbGltaXRhZGEgc29sbyBzZSBwb2Ryw6EgdmVyIGRlIHZpZXJuZXMgYSBkb21pbmdvIQrCoVRlIHByZXNlbnRhbW9zIGxhcyBhcm1hcyBhbnRpZ3VhcyBxdWUgbG9zIHRyb3RhbXVuZG9zIGFkcXVpcmllcm9uIGVuIGRpdmVyc2FzIG1hem1vcnJhcyBjb24gYXJkdW9zIGVzZnVlcnpvcyE=
qGPuAQ,,W01pcHB5XQpMZXQgbWUgc2hvdyB5b3Ugc29tZSBzZWNyZXQgY29sbGVjdGlvbiBvZiBTdHJvbmcgR3V5cy4KV2hhdCBpZiB0aGVyZSdzIG5vdGhpbmcgaW5zaWRlIHRoZSBib3g/IEl0IG1lYW5zIHRoZSB3ZWFwb24gaGFzIGFscmVhZHkgZm91bmQgYSBtYXN0ZXIuClRoZSBmYXN0ZXIgb25lIGdldHMgdGhlIGRlYWwu,,,,,W01pcHB5XQpWb3UgbGhlIG1vc3RyYXIgdW1hIGNvbGXDp8OjbyBzZWNyZXRhIGRlIFN0cm9uZyBHdXlzLgpFIHNlIG7Do28gaG91dmVyIG5hZGEgZGVudHJvIGRhIGNhaXhhPyBJc3NvIHNpZ25pZmljYSBxdWUgYSBhcm1hIGrDoSBlbmNvbnRyb3UgdW0gbWVzdHJlLgpPIG1haXMgcsOhcGlkbyBjb25zZWd1ZSBvIGFjb3Jkby4=,,W01pcHB5XQpEw6lqYW1lIG1vc3RyYXJ0ZSB1bmEgY29sZWNjacOzbiBzZWNyZXRhIGRlIENoaWNvcyBmdWVydGVzLgrCv1kgc2kgbm8gaGF5IG5hZGEgZGVudHJvIGRlIGxhIGNhamE/IFNpZ25pZmljYSBxdWUgZWwgYXJtYSB5YSBlbmNvbnRyw7MgdW4gbWFlc3Ryby4KRWwgbcOhcyByw6FwaWRvIHNlIGxsZXZhIGVsIHRyYXRvLg==
qWPuAQ,,W01pcHB5XQpXZSBwcmVzZW50IHlvdSB3aXRoIGEgc3BlY2lhbCB3ZWFwb24gY29sbGVjdGlvbiBldmVyeSB3ZWVrZW5kIQpDb21lIHZpc2l0IFN0cm9uZyBHdXlzIQ==,,,,,W01pcHB5XQpBcHJlc2VudGFtb3MgYSB2b2PDqiB1bWEgY29sZcOnw6NvIGVzcGVjaWFsIGRlIGFybWFzIHRvZG8gZmltIGRlIHNlbWFuYSEKVmVuaGFtIHZpc2l0YXIgYSBTdHJvbmcgR3V5cyE=,,W01pcHB5XQpDYWRhIGZpbiBkZSBzZW1hbmEsIMKhdGUgcHJlc2VudGFtb3MgdW5hIGNvbGVjY2nDs24gZXNwZWNpYWwgZGUgYXJtYXMhCsKhVmVuIGEgdmlzaXRhciBDaGljb3MgZnVlcnRlcyE=
qmPuAQ,,W01pcHB5XQpXZWxjb21lIHRvIHRoZSB3ZWFwb25zIHNob3AsIFN0cm9uZyBHdXlzLgpUaGUgd2VhcG9ucyBzb2xkIGF0IFN0cm9uZyBHdXlzIGFyZSBwZXJzb25hbGx5IHByb2N1cmVkIGJ5IGFkdmVudHVyZXJzCmluIGR1bmdlb25zIGFuZCBiYXR0bGVzIGFjcm9zcyBldmVyeSBjb250aW5lbnQu,,,,,W01pcHB5XQpCZW0tdmluZG8gw6AgbG9qYSBkZSBhcm1hcyBTdHJvbmcgR3V5cy4KQXMgYXJtYXMgdmVuZGlkYXMgbmEgU3Ryb25nIEd1eXMgc8OjbyBhZHF1aXJpZGFzIHBlc3NvYWxtZW50ZSBwb3IgYXZlbnR1cmVpcm9zCmVtIG1hc21vcnJhcyBlIGJhdGFsaGFzIGVtIHRvZG9zIG9zIGNvbnRpbmVudGVzLg==,,W01pcHB5XQpUZSBkYW1vcyBsYSBiaWVudmVuaWRhIGEgbGEgdGllbmRhIGRlIGFybWFzIENoaWNvcyBmdWVydGVzLgpBIGxhcyBhcm1hcyBxdWUgc2UgdmVuZGVuIGVuIENoaWNvcyBmdWVydGVzIGxhcyBhZHF1aWVyZW4gcGVyc29uYWxtZW50ZSBsb3MgdHJvdGFtdW5kb3MKZW4gbWF6bW9ycmFzIHkgYmF0YWxsYXMgcG9yIHRvZG9zIGxvcyBjb250aW5lbnRlcy4=
q2PuAQ,,W01pcHB5XQpeNEQ0REZGVGhlIGxpbWl0ZWQgY29sbGVjdGlvbiBwcmVzZW50ZWQgdGhyb3VnaG91dCBGcmktU2F0dXItU3VuZGF5IV4wMDAwMDAKV2UgcHJlcGFyZSBhIHNlbGVjdGVkIGNvbGxlY3Rpb24gb2Ygd2VhcG9ucyBmb3IgeW91IGV2ZXJ5IHdlZWtlbmQsIHNvIGJlIHN1cmUgdG8gY2hlY2sgaXQgb3V0IQ==,,,,,XjRENERGRkEgY29sZcOnw6NvIGxpbWl0YWRhIGFwcmVzZW50YWRhIGR1cmFudGUgc2V4dGEsIHPDoWJhZG8gZSBkb21pbmdvIQp7QSBjb2xlw6fDo28gbGltaXRhZGEgYXByZXNlbnRhZGEgZGUgc2V4dGEgYSBzw6FiYWRvIGUgZG9taW5nbyEKUHJlcGFyYW1vcyB1bWEgY29sZcOnw6NvIHNlbGVjaW9uYWRhIGRlIGFybWFzIHBhcmEgdm9jw6ogdG9kbyBmaW0gZGUgc2VtYW5hLCBwb3J0YW50bywgbsOjbyBkZWl4ZSBkZSBjb25mZXJpciE=,,W01pcHB5XQpeNEQ0REZGwqFMYSBjb2xlY2Npw7NuIGxpbWl0YWRhIHNlIHByZXNlbnRhIHZpZXJuZXMsIHPDoWJhZG8geSBkb21pbmdvIV4wMDAwMDAKQ2FkYSBmaW4gZGUgc2VtYW5hLCBwcmVwYXJhbW9zIHVuYSBzZWxlY3RhIGNvbGVjY2nDs24gZGUgYXJtYXMgcGFyYSB0aSwgwqFhc8OtIHF1ZSBubyBkZWplcyBkZSBlY2hhcmxlIHVuIHZpc3Rhem8h
rGPuAQ,,TWlscXVl,,,,,TWlscXVl,,TWlscXVl
rWPuAQ,,W01pbHF1ZV0KQWR2ZW50dXJlciwgYWR2ZW50dXJlciEKUGxlYXNlIGJ1eSBteSBwcmV0dHkgYnV0dGVyZmx5IHdpbmdzIQpJIHdvbiB0aGVtIGluIGV2ZW50cyBoZWxkIGhlcmUgYW5kIHRoZXJlLgpQbGVhc2UgYnV5IHRoZXNlIQ==,,,,,W01pbHF1ZV0KQXZlbnR1cmVpcm8sIGF2ZW50dXJlaXJvIQpQb3IgZmF2b3IsIGNvbXByZSBtaW5oYXMgbGluZGFzIGFzYXMgZGUgYm9yYm9sZXRhIQpFdSBhcyBnYW5oZWkgZW0gZXZlbnRvcyByZWFsaXphZG9zIGFxdWkgZSBhbGkuClBvciBmYXZvciwgY29tcHJlLWFzIQ==,,W01pbHF1ZV0KwqFUcm90YW11bmRvcywgdHJvdGFtdW5kb3MhCsKhQ29tcHJhIG1pcyBib25pdGFzIEFsYXMgZGUgbWFyaXBvc2EhCkxhcyBnYW7DqSBlbiBldmVudG9zIGNlbGVicmFkb3MgYXF1w60geSBhbGzDoS4KUG9yIGZhdm9yLCDCoWPDs21wcmFsYXMh
rmPuAQ,,V2VsbCwgSSBjYW4gdGFrZSBhIGxvb2su,,,,,QmVtLCBwb3NzbyBkYXIgdW1hIG9saGFkYS4=,,QnVlbm8sIHB1ZWRvIGVjaGFyIHVuIHZpc3Rhem8u
r2PuAQ,,Tm9wZS4=,,,,,TsOjby4=,,Tm8u
sGPuAQ,,W01pbHF1ZV0KSGVoZSwgaG93IG1hbnkgZG8gSSBoYXZlIGxlZnQ/CkkgaG9wZSB5b3UgYnV5IGEgbG90IG9mIHRoZW0h,,,,,W01pbHF1ZV0KSGVoZSwgcXVhbnRvcyBldSBhaW5kYSB0ZW5obz8KRXNwZXJvIHF1ZSB2b2PDqiBjb21wcmUgbXVpdG9zIGRlbGVzIQ==,,W01pbHF1ZV0KSmVqZSwgwr9jdcOhbnRhcyBtZSBxdWVkYW4/CsKhRXNwZXJvIHF1ZSBjb21wcmVzIG11Y2hhcyE=
sWPuAQ,,W01pbHF1ZV0KV2VsbCwgdGhlbiBJJ2xsIGhhdmUgdG8gYXNrIGFub3RoZXIgYWR2ZW50dXJlci4KQWgsIGFuZCBkb24ndCB0ZWxsIGFueW9uZSB0aGF0IEknbSBzZWxsaW5nIGJ1dHRlcmZseSB3aW5ncyBoZXJlLg==,,,,,W01pbHF1ZV0KQmVtLCBlbnTDo28gdGVyZWkgcXVlIHBlcmd1bnRhciBhIG91dHJvIGF2ZW50dXJlaXJvLgpBaCwgZSBuw6NvIGRpZ2EgYSBuaW5ndcOpbSBxdWUgZXN0b3UgdmVuZGVuZG8gYXNhcyBkZSBib3Jib2xldGEgYXF1aS4=,,W01pbHF1ZV0KQnVlbm8sIGVudG9uY2VzIHRlbmRyw6kgcXVlIHByZWd1bnRhciBhIG90cm8gdHJvdGFtdW5kb3MuCkFoLCB5IG5vIGxlIGRpZ2FzIGEgbmFkaWUgcXVlIGFxdcOtIHZlbmRvIEFsYXMgZGUgbWFyaXBvc2Eu
