oE4ECA,,SGV5IHRoZXJlLCByb29raWUhIE92ZXIgaGVyZSEh,,,,,QnVvbmdpb3JubyEgw4ksIHZvY8OqIG1lc21vIQ==,,wqFIb2xhLCBwcmluY2lwaWFudGUhIMKhUG9yIGFxdcOtIQ==
oU4ECA,,Q29tZSBoZXJlIGFuZCBjbGljayBtZSE=,,,,,Q2hlZ2EgbWFpcy4gw4kgc8OzIGNsaWNhciBlbSBtaW0u,,wqFWZW4gYXF1w60geSBoYXptZSBjbGljIQ==
ok4ECA,,VmlnaWxhbnRlIEF6ZW55YQ==,,,,,QWxlZ25h,,VmlnaWxhbnRlIEF6ZW55YQ==
o04ECA,,W1ZpZ2lsYW50ZSBBemVueWFdClllYWgsIHRoYXQncyBpdCEKWW91IGNhbiB0YWxrIHRvIG90aGVyIHBlb3BsZSB5b3Ugd2lsbCBtZWV0IGluIHRoZSBmdXR1cmUgYnkgZG9pbmcgd2hhdCB5b3UganVzdCBkaWQgdG8gbWUu,,,,,W0FsZWduYV0KSXNzbyBtZXNtbyEKU8OzIGRlIGNsaWNhciBlbSBhbGd1w6ltLCB2b2PDqiBwb2RlIGNvbnZlcnNhciBjb20gZXNzYSBwZXNzb2Eh,,W0p1c3RpY2llcm8gQXplbnlhXQrCoVPDrSwgZXNvIGVzIQpQdWVkZXMgaGFibGFyIGNvbiBvdHJhcyBwZXJzb25hcyBxdWUgY29ub3pjYXMgZW4gZWwgZnV0dXJvIGhhY2llbmRvIGxvIHF1ZSBhY2FiYXMgZGUgaGFjZXIgY29ubWlnby4=
pE4ECA,,IS0gR3VpZGUgLSEKXjRENERGRllvdSBjYW4gbW9zdGx5IHVzZSB0aGUgbGVmdCBtb3VzZSBidXR0b24gdG8gcGxheSB0aGUgZ2FtZS4KQWxsIHRoZSBtYWpvciBhY3Rpb25zLS10YWxraW5nIHRvIE5QQ3MsIG1vdmluZywgYXR0YWNraW5nLCBldGMuLS1jYW4gYmUgYWNjb21wbGlzaGVkIHNpbXBseSBieSB1c2luZyB0aGF0IGJ1dHRvbi5eMDAwMDAw,,,,,QXRlbsOnw6NvOgpeMzEzMUZGQSBtYWlvcmlhIGRvcyBjb21hbmRvcyBkbyBqb2dvIHBvZGUgc2VyIGZlaXRhIGNvbSBvIGJvdMOjbyBlc3F1ZXJkbyBkbyBtb3VzZS4KQmFzdGEgdW0gY2xpcXVlIGVzcXVlcmRvIGRvIG1vdXNlIHBhcmEgY29udmVyc2FyIGNvbSBOUENzLCBhbmRhciBvdSBhdGFjYXIuXjAwMDAwMA==,,LcKhR3XDrWEhLQpeNEQ0REZGUHVlZGVzIHVzYXIgcHJpbmNpcGFsbWVudGUgZWwgYm90w7NuIGl6cXVpZXJkbyBkZWwgcmF0w7NuIHBhcmEganVnYXIuClRvZGFzIGxhcyBhY2Npb25lcyBpbXBvcnRhbnRlcyAoaGFibGFyIGNvbiBsb3MgUE5KLCBtb3ZlcnNlLCBhdGFjYXIsIGV0Yy4pIHB1ZWRlbiByZWFsaXphcnNlIHNpbXBsZW1lbnRlIGNvbiBlc2UgYm90w7NuLl4wMDAwMDA=
pU4ECA,,W1ZpZ2lsYW50ZSBBemVueWFdCkNyb3NzaW5nIHRoZSBtb3VudGFpbiBtdXN0J3ZlIGJlZW4gdG91Z2gsIHJvb2tpZS4KTWFueSBjcm9zcyB0aGUgbW91bnRhaW5zIHRvIGdvIHRvIHRoZSBeNEQ0REZGbmV3IGNvbnRpbmVudF4wMDAwMDAgdGhlc2UgZGF5cywganVzdCBsaWtlIHlvdS4=,,,,,W0FsZWduYV0KRW5maW0uIFRlbmhvIGNlcnRlemEgZGUgcXVlIHZvY8OqIG1hbCBwb2RlIGVzcGVyYXIgcGVsYXMgc3VhcyBhdmVudHVyYXMuClNlIHF1ZXIgc2FiZXIsIHVtIG1vbnRlIGRlIGdlbnRlIHRlbSBjcnV6YWRvIGFzIG1vbnRhbmhhcyBwYXJhIGlyIGNvbmhlY2VyIG8gXjMxMzFGRm5vdm8gbXVuZG9eMDAwMDAwLg==,,W0p1c3RpY2llcm8gQXplbnlhXQpDcnV6YXIgbGEgbW9udGHDsWEgZGViZSBoYWJlciBzaWRvIGR1cm8sIHByaW5jaXBpYW50ZS4KTXVjaG9zIGNydXphbiBsYXMgbW9udGHDsWFzIHBhcmEgaXIgYWwgXjRENERGRm51ZXZvIGNvbnRpbmVudGVeMDAwMDAwIGVzdG9zIGTDrWFzLCBpZ3VhbCBxdWUgdMO6Lg==
pk4ECA,,W1ZpZ2lsYW50ZSBBemVueWFdClRvIGJlIGhvbmVzdCwgSSdtIHN1cnByaXNlZCwgdG9vLgpXaGF0IHdhcyBpdCwgXjRENERGRk1pZGdhcmReMDAwMDAwPyBJIGRpZG4ndCBldmVuIGltYWdpbmUgdGhlcmUgd2FzIGFub3RoZXIgY29udGluZW50IG90aGVyIHRoYW4gXjRENERGRlBhc3RhXjAwMDAwMC4=,,,,,W0FsZWduYV0KUG9pcyDDqSwgdW1hIHN1cnByZXNhIGRlIHF1ZSBleGlzdGEgdW0gdGFsIG5vdm8gbXVuZG8sIG7DqT8gTnVuY2EgYWNoZWkgcXVlIGV4aXN0aXNzZSBvdXRybyBsdWdhciBhbMOpbSBkZSBeMzEzMUZGUGFzdGFeMDAwMDAwLCBvIG5vc3NvIGNvbnRpbmVudGUuCkNoYW1hLXNlIF4zMTMxRkZSdW5lLU1pZGdhcmReMDAwMDAwLCBvdSBhbGdvIGFzc2ltLiBBcG9zdG8gcXVlIHZvY8OqIGdvc3RhcmlhIGRlIGlyIHByYSBsw6Eu,,W0p1c3RpY2llcm8gQXplbnlhXQpIYWJsYW5kbyBjb24gc2luY2VyaWRhZCwgYSBtw60gdGFtYmnDqW4gbWUgc29ycHJlbmRlLgrCv0PDs21vIGVyYSwgXjRENERGRk1pZGdhcmReMDAwMDAwPyBOaSBzaXF1aWVyYSBtZSBpbWFnaW5hYmEgcXVlIGhhYsOtYSBvdHJvIGNvbnRpbmVudGUgYXBhcnRlIGRlIF40RDRERkZQYXN0YV4wMDAwMDAu
p04ECA,,W1ZpZ2lsYW50ZSBBemVueWFdClNvIG5vdyB0aGVyZSBhcmUgc28gbWFueSBncmVlbmhvcm4gRG9yYW1zIGhlcmUgaW4gXjRENERGRkxhc2FnbmFeMDAwMDAwLCB3aGljaCB3YXMgbm90aGluZyBidXQgYSByZW1vdGUgZmlzaGluZyBoYW1sZXQu,,,,,W0FsZWduYV0KTWFzIGFudGVzIGRlIHZvY8OqIGFicmlyIHN1YXMgYXNpbmhhcyBlIHNhaXIgdmlhamFuZG8gbXVuZG8gYWZvcmEsIGJlbSBxdWUgdm9jw6ogcG9kaWEgbm9zIGFqdWRhciBjb20gYWxndW5zIHByb2JsZW1hcyBkYXF1aSwgbsOpPw==,,W0p1c3RpY2llcm8gQXplbnlhXQpBc8OtIHF1ZSBhaG9yYSBoYXkgbXVjaG9zIERvcmFtIHByaW5jaXBpYW50ZXMgYXF1w60gZW4gXjRENERGRkxhc2FnbmFeMDAwMDAwLCBxdWUgbm8gZXJhIG3DoXMgcXVlIHVuYSByZW1vdGEgYWxkZWEgZGUgcGVzY2Fkb3Jlcy4=
qE4ECA,,W1ZpZ2lsYW50ZSBBemVueWFdCkRvcmFtcyB3aG8gY2FtZSBmcm9tIG90aGVyIHBsYWNlcyBhcmUgY2F1c2luZyBtYW55IHByb2JsZW1zIHJlY2VudGx5LCB3aGljaCBpcyBwcmV0dHkgdHJvdWJsZXNvbWUgZm9yIHVzIHZpZ2lsYW50ZXMuCldlJ3JlIHRha2luZyBjaGFyZ2Ugb2Ygc2VjdXJpdHkgbWFpbnRlbmFuY2UgQU5EIGd1aWRpbmcgdGhlIERvcmFtcyB3aG8gd2FudCB0byB2ZW50dXJlIHRvIHRoZSBuZXcgY29udGluZW50LCBzbyBJIHdhbnQgeW91IHRvIGhlbHAgdXMu,,,,,W0FsZWduYV0KRXN0YW1vcyByZWNlYmVuZG8gcmVjbGFtYcOnw7VlcyBkZSBxdWUgYWxndW5zIERvcmFtIGRlIG91dHJhcyB2aWxhcyBlc3TDo28gZGFuZG8gdW1hIGRvciBkZSBjYWJlw6dhIHBhcmEgbsOzcy4KRXUgZSBvcyBkZW1haXMgZXN0YW1vcyBkYW5kbyBhcyBib2FzLXZpbmRhcyBhb3Mgbm92b3MgRG9yYW0gKHRlbSBNVUlUQSBnZW50ZSBhcGFyZWNlbmRvISkuIMOJIHBvciBpc3NvIHF1ZSBwcmVjaXNhbW9zIGRhIHN1YSBhanVkYS4=,,W0p1c3RpY2llcm8gQXplbnlhXQpMb3MgRG9yYW0gZGUgb3Ryb3MgbHVnYXJlcyBlc3TDoW4gY2F1c2FuZG8gbXVjaG9zIHByb2JsZW1hcyDDumx0aW1hbWVudGUsIGxvIHF1ZSBub3MgbW9sZXN0YSBiYXN0YW50ZSBhIGxvcyBqdXN0aWNpZXJvcy4KTm9zIGVuY2FyZ2Ftb3MgZGUgbWFudGVuZXIgbGEgc2VndXJpZGFkIFkgZGUgZ3VpYXIgYSBsb3MgRG9yYW0gcXVlIHF1aWVyZW4gYXZlbnR1cmFyc2UgZW4gZWwgbnVldm8gY29udGluZW50ZSwgYXPDrSBxdWUgcXVpZXJvIHF1ZSBub3MgYXl1ZGVzLg==
qU4ECA,,W1ZpZ2lsYW50ZSBBemVueWFdCllvdSBzZWUgXjRENERGRkFnbGlvXjAwMDAwMCBvdmVyIHRoZXJlPyBIZSdsbCB0ZWxsIHlvdSBzb21lIHRoaW5ncyB5b3UgbWlnaHQgd2FubmEga25vdy4gR28gdGFsayB0byBoaW0u,,,,,W0FsZWduYV0KVMOhIHZlbmRvIG1ldSBhbWlnbyBhbGksIG8gXjMxMzFGRkFnbGlvXjAwMDAwMD8gRWxlIHBvZGUgdGUgZGFyIG1haXMgaW5mb3JtYcOnw7Vlcy4KQXJyaXZlZGVyY2kh,,W0p1c3RpY2llcm8gQXplbnlhXQrCv1ZlcyBhIF40RDRERkZBZ2xpb14wMDAwMDAgcG9yIGFsbMOtPyBUZSBkaXLDoSBhbGd1bmFzIGNvc2FzIHF1ZSBxdWl6w6EgcXVpZXJhcyBzYWJlci4gVmUgYSBoYWJsYXIgY29uIMOpbC4=
qk4ECA,,W1ZpZ2lsYW50ZSBBemVueWFdCkkgaGF2ZSB0byBiZSBoZXJlIGFuZCBncmVldCBuZXcgRG9yYW1zLgpeNEQ0REZGQWdsaW9eMDAwMDAwIHRoZXJlIHdpbGwgZ2l2ZSB5b3Ugc29tZSBkZXRhaWxlZCBndWlkYW5jZS4=,,,,,W0FsZWduYV0KSsOhIGZhbGVpIHF1ZSBwcmVjaXNvIGZpY2FyIGFxdWkgcGFyYSBkYXIgYXMgYm9hcy12aW5kYXMgYW9zIG5vdmF0b3MuIE1hIHF1ZSBjYWNjaGlvIQpGYWxlIGNvbSBvIF4zMTMxRkZBZ2xpb14wMDAwMDAuIEVsZSB0ZSBkYXLDoSBtYWlzIGluZm9ybWHDp8O1ZXMu,,W0p1c3RpY2llcm8gQXplbnlhXQpUZW5nbyBxdWUgcXVlZGFybWUgYXF1w60geSBzYWx1ZGFyIGEgbG9zIG51ZXZvcyBEb3JhbS4KXjRENERGRkFnbGlvXjAwMDAwMCB0ZSBkYXLDoSB1bmEgZ3XDrWEgZGV0YWxsYWRhIGFsbMOtLg==
q04ECA,,W1ZpZ2lsYW50ZSBBemVueWFdCkFnbGlvIGlzIG9uZSBvZiB0aGUgYmVzdCBndXlzIGluIFBhcmZhaWxsZSBWaWdpbGFudGVzLCBzbyBiZSBzdXJlIHRvIGxlYXJuIGEgbG90IGZyb20gaGltIQ==,,,,,W0FsZWduYV0KRWxlIMOpIHVtIG1lbWJybyBpbXBvcnRhbnRlIGRvcyBGYXJmZWxsZSwgZW50w6NvIHJlc3BlaXRlLW8h,,W0p1c3RpY2llcm8gQXplbnlhXQpBZ2xpbyBlcyB1bm8gZGUgbG9zIG1lam9yZXMganVzdGljaWVyb3MgZGUgRmFyZmFsbGUsIMKhYXPDrSBxdWUgYXNlZ8O6cmF0ZSBkZSBhcHJlbmRlciBtdWNobyBkZSDDqWwh
rE4ECA,,W1ZpZ2lsYW50ZSBBemVueWFdCkRvbid0IGhlc2l0YXRlIHRvIGFzayBpZiB5b3UgZG9uJ3Qga25vdyBzb21ldGhpbmcuCkFuZCBkb24ndCBmb3JnZXQgYWJvdXQgbWUgd2hlbiB5b3UgZ2V0IHRvIHRoZSBuZXcgY29udGluZW50IQ==,,,,,W0FsZWduYV0KU2UgcXVpc2VyIHNhYmVyIG1haXMgYWxndW1hIGNvaXNhLCBzw7MgbWUgcGVyZ3VudGFyLgpTw7MgbsOjbyBlc3F1ZcOnYSBkYSBnZW50ZSBxdWFuZG8gY2hlZ2FyIG5vIG5vdm8gbXVuZG8h,,W0p1c3RpY2llcm8gQXplbnlhXQpObyBkdWRlcyBlbiBwcmVndW50YXIgc2kgbm8gc2FiZXMgYWxnby4KwqFZIG5vIHRlIG9sdmlkZXMgZGUgbcOtIGN1YW5kbyBsbGVndWVzIGFsIG51ZXZvIGNvbnRpbmVudGUh
rU4ECA,,W1ZpZ2lsYW50ZSBBemVueWFdClBvcnQgTGFzYWduYSBpcyB0aGFhYS0tLS1hdCB3YXkuCkRvbid0IHRlbGwgbWUgeW91J3JlIGRhd2RsaW5nIGhlcmUgYmVjYXVzZSB5b3UgZG9uJ3Qga25vdyB0aGF0LCBkbyB5b3U/,,,,,W0FsZWduYV0KTyBwb3J0byBkZSBMYXNhZ25hIMOpIGxvZ28gYWxpIQpWb2PDqiBzYWJlIGNoZWdhciBsw6EsIGNlcnRvPw==,,W0p1c3RpY2llcm8gQXplbnlhXQpFbCBwdWVydG8gZGUgTGFzYWduYSBlc3RhIHBvb29y4oCmIGFsbMOtLgpObyBtZSBkaWdhcyBxdWUgZXN0w6FzIHBlcmRpZW5kbyBlbCB0aWVtcG8gYXF1w60gcG9ycXVlIG5vIGxvIHNhYmVzLg==
rk4ECA,,W1ZpZ2lsYW50ZSBBemVueWFdCkVoPyBJIGRvbid0IHRoaW5rIHlvdSdyZSBmcm9tIFBhc3RhIQpBaCwgeW91J3JlIGZyb20gdGhlIG5ldyBjb250aW5lbnQsIHJpZ2h0Pw==,,,,,W0FsZWduYV0KVm9jw6ouLi4gbsOjbyDDqSBkYXF1aSwgbsOpPwpWb2PDqiB2ZWlvIGRvIG5vdm8gbXVuZG8/,,W0p1c3RpY2llcm8gQXplbnlhXQrCv0VoPyDCoU5vIGNyZW8gcXVlIHNlYXMgZGUgUGFzdGEhCkFoLCBlcmVzIGRlbCBudWV2byBjb250aW5lbnRlLCDCv3ZlcmRhZD8=
r04ECA,,W1ZpZ2lsYW50ZSBBemVueWFdCklmIHlvdSdyZSB0aGlua2luZyBhYm91dCBjcm9zc2luZyB0aGUgbW91bnRhaW5zLCBJIGRvbid0IHJlY29tbWVuZCB0aGF0LgpXaHkgZG9uJ3QgeW91IGdvIGJhY2sgdG8gdGhlIHZpbGxhZ2U/,,,,,QWdsaW8=,,W0p1c3RpY2llcm8gQXplbnlhXQpTaSBlc3TDoXMgcGVuc2FuZG8gZW4gY3J1emFyIGxhcyBtb250YcOxYXMsIG5vIHRlIGxvIHJlY29taWVuZG8uCsK/UG9yIHF1w6kgbm8gdnVlbHZlcyBhIGxhIGFsZGVhPw==
sE4ECA,,VmlnaWxhbnRlIEFnbGlv,,,,,W0FnbGlvXQpPaD8gVm9jw6ogdmVpbyBkbyBub3ZvIG11bmRvPwpFc3RlIGx1Z2FyIMOpIG9uZGUgb3MgRG9yYW0gY29tZcOnYW0gc3VhcyBhdmVudHVyYXMuIE7Do28gZGV2ZSBzZXIgbXVpdG8gaW50ZXJlc3NhbnRlIHByYSB2b2PDqi4=,,VmlnaWxhbnRlIEFnbGlv
sU4ECA,,W1ZpZ2lsYW50ZSBBZ2xpb10KT2gsIHlvdSBtdXN0IGJlIHRoZSBvdXRzaWRlcnMgZnJvbSB0aGUgbmV3IGNvbnRpbmVudCBldmVyeW9uZSdzIHRhbGtpbmcgYWJvdXQuClRoaXMgcGxhY2UgaXMgZmlsbGVkIHdpdGggRG9yYW1zIGZyb20gb3RoZXIgcGxhY2VzIHdobyd2ZSBqdXN0IGNyb3NzZWQgdGhlIG1vdW50YWlucywgc28gSSdkIHByZWZlciB0aGF0IHlvdSBhdm9pZCBydW5uaW5nIGludG8gdGhlbS4=,,,,,W0FnbGlvXQpPaCwgYnVvbmdpb3JubyEKRXUgbWUgY2hhbW8gQWdsaW8sIGUgdm91IHRlIGd1aWFyIGRhcXVpIGVtIGRpYW50ZS4=,,W0p1c3RpY2llcm8gQWdsaW9dCkFoLCBkZWJlcyBzZXIgcGFydGUgZGUgbG9zIGV4dHJhw7FvcyBkZWwgbnVldm8gY29udGluZW50ZSBkZWwgcXVlIHRvZG9zIGhhYmxhbi4KRXN0ZSBzaXRpbyBlc3TDoSBsbGVubyBkZSBEb3JhbSBkZSBvdHJvcyBsdWdhcmVzIHF1ZSBhY2FiYW4gZGUgY3J1emFyIGxhcyBtb250YcOxYXMsIGFzw60gcXVlIHByZWZpZXJvIHF1ZSBldml0ZXMgY3J1emFydGUgY29uIGVsbG9zLg==
sk4ECA,,W1ZpZ2lsYW50ZSBBZ2xpb10KSSB0aGluayB5b3UgbWlnaHQgc3Bvb2sgdGhlbS4KQW5kIGJlc2lkZXMsIGl0J3MgZGFuZ2Vyb3VzIHRvIGNyb3NzIHRoZSBtb3VudGFpbnMuCkknbSB0ZWxsaW5nIHRoaXMgZm9yIHlvdXIgb3duIHNhZmV0eSwgc28gZ28gYmFjayB0byB0aGUgdmlsbGFnZS4=,,,,,W0FnbGlvXQpQcmltZWlybywgdmFtb3MgdmV6IGRvIHF1ZSDDqSBjYXBhei4=,,W0p1c3RpY2llcm8gQWdsaW9dCkNyZW8gcXVlIHBvZHLDrWFzIGFzdXN0YXJsb3MuClkgYWRlbcOhcywgZXMgcGVsaWdyb3NvIGNydXphciBsYXMgbW9udGHDsWFzLgpUZSBsbyBkaWdvIHBvciB0dSBwcm9waWEgc2VndXJpZGFkLCBhc8OtIHF1ZSB2dWVsdmUgYSBsYSBhbGRlYS4=
s04ECA,,W1ZpZ2lsYW50ZSBBZ2xpb10KT2gsIGhpLgpNeSBuYW1lIGlzIEFnbGlvLCBhbmQgSSdsbCBiZSB5b3VyIGd1aWRlIGZyb20gbm93IG9uLgpCZSBob25vcmVkLgpJJ20gb25lIG9mIHRoZSBiZXN0IGd1eXMgYW1vbmcgUGFyZmFpbGxlIFZpZ2lsYW50ZXMsIHlvdSBrbm93IQ==,,,,,W0FnbGlvXQpNYXMgYW50ZXMuLi4gSHVtLCB2ZWphbW9zIHNlIHZvY8OqIGVzdMOhIGJlbSBlcXVpcGFkby4uLgpBZmluYWwsIHZvY8OqIG7Do28gcG9kZSBsdXRhciBzZW0gdW1hIGFybWEuCsOJIHByZWNpc28gXjMxMzFGRmVxdWlwYXIgYSBhcm1hIHF1ZSB2b2PDqiBwb3NzdWlyXjAwMDAwMC4=,,W0p1c3RpY2llcm8gQWdsaW9dCkFoLCBob2xhLgpNZSBsbGFtbyBBZ2xpbyB5IHNlcsOpIHR1IGd1w61hIGEgcGFydGlyIGRlIGFob3JhLgpUZSBjb25jZWRvIGVsIGhvbm9yLgrCoVNveSB1bm8gZGUgbG9zIG1lam9yZXMgZW50cmUgbG9zIGp1c3RpY2llcm9zIGRlIEZhcmZhbGxlLCBzYWJlcyE=
tE4ECA,,W1ZpZ2lsYW50ZSBBZ2xpb10KSSBjYW4gaGVscCB5b3Ugd2l0aCBhIGxvdCBvZiB0aGluZ3MuCkJ1dCBmaXJzdCwgbGV0J3Mgc2VlIGhvdyBmYXIgeW91IGNhbiBnbywgc2hhbGwgd2U/,,,,,QXRlbsOnw6NvOgpeMzEzMUZGVm9jw6ogcG9kZSBzZSBlcXVpcGFyIGNvbSBpdGVucyBhbyBjbGljw6EtbG9zIGR1YXMgdmV6ZXMgbm8gaW52ZW50w6FyaW8uCkFicmEgb3UgZmVjaGUgbyBpbnZlbnTDoXJpbyBjb20gbyBhdGFsaG8gQWx0ICsgRS4=,,W0p1c3RpY2llcm8gQWdsaW9dClB1ZWRvIGF5dWRhcnRlIGNvbiBtdWNoYXMgY29zYXMuClBlcm8gcHJpbWVybywgdmVhbW9zIGhhc3RhIGTDs25kZSBwdWVkZXMgbGxlZ2FyLCDCv3PDrT8=
tU4ECA,,W1ZpZ2lsYW50ZSBBZ2xpb10KV2FpdCwgbGV0IG1lIGNoZWNrIHlvdSdyZSBwcm9wZXJseSBhcm1lZCBmaXJzdC4KWW91IGNhbid0IGZpZ2h0IHdpdGggYmFyZSBoYW5kcy4KXjRENERGRkVxdWlwIHRoZSB3ZWFwb24geW91IGhhdmUgcHJvcGVybHleMDAwMDAwLg==,,,,,QXRlbsOnw6NvOgpeMzEzMUZGVm9jw6ogcG9kZSBjb25mZXJpciBvcyBlcXVpcGFtZW50b3MgcXVlIGVzdMOhIHVzYW5kbyBjb20gQWx0ICsgUS4KVGFtYsOpbSDDqSBwb3Nzw612ZWwgZXF1aXDDoS1sb3MgYXJyYXN0YW5kby1vcyBkaXJldGFtZW50ZSDDoCBqYW5lbGEgZGUgZXF1aXBhbWVudG9zLl4wMDAwMDA=,,W0p1c3RpY2llcm8gQWdsaW9dCkVzcGVyYSwgYW50ZXMgZMOpamFtZSB2ZXIgc2kgdGllbmVzIGVsIGFybWFtZW50byBhZGVjdWFkby4KTm8gcHVlZGVzIHBlbGVhciBjb24gbGFzIG1hbm9zIHZhY8OtYXMuCl40RDRERkZFcXVpcGEgY29ycmVjdGFtZW50ZSBlbCBhcm1hIHF1ZSB0ZW5nYXNeMDAwMDAwLg==
tk4ECA,,IS0gR3VpZGUgLSEKXjRENERGRllvdSBjYW4gdXNlIGFuZCBlcXVpcCBpdGVtcyBzaW1wbHkgYnkgZG91YmxlLWNsaWNraW5nIHRoZW0uClRvIGFjY2VzcyB0aGUgSXRlbSB3aW5kb3csIHVzZSB0aGUgaG90a2V5LCBBbHQgKyBFLg==,,,,,W0FnbGlvXQpBZ29yYSBxdWUgdMOhIHR1ZG8gY2VydG8sIHZhbW9zIGNvbWXDp2FyLCBvaz8KVMOhIHZlbmRvIGFxdWVsZXMgXjMxMzFGRk9tZWxldGluZ3NeMDAwMDAwIGRhbmRvIHNvcGE/,,LcKhR3XDrWEhLQpeNEQ0REZGUHVlZGVzIHVzYXIgeSBlcXVpcGFyIG9iamV0b3Mgc2ltcGxlbWVudGUgaGFjaWVuZG8gZG9ibGUgY2xpYyBzb2JyZSBlbGxvcy4KUGFyYSBhY2NlZGVyIGEgbGEgdmVudGFuYSBkZSBPYmpldG8sIHV0aWxpemEgZWwgYXRham8gQWx0K0Uu
t04ECA,,IS0gR3VpZGUgLSEKXjRENERGRlRvIGNoZWNrIHlvdXIgZXF1aXBwZWQgaXRlbXMsIHVzZSB0aGUgaG90a2V5LCBBbHQgKyBRLgpZb3UgY2FuIGFsc28gZHJhZyBhbmQgZHJvcCBpdGVtcyBvbnRvIHRoYXQgd2luZG93IHRvIGVxdWlwIHRoZW0uXjAwMDAwMA==,,,,,W0FnbGlvXQpFbGVzIHPDo28gbyBtYWlvciBtYWwgZGkgdGVzdGEuIENvbWVtIHR1ZG8gcXVlIHZlZW0gcGVsYSBmcmVudGUuCkVsZXMgZmljYW0gZW0gdG9kbyBjYW50bywgbyBxdWUgZmF6IGRlbGVzIHVtIGJvbSBhbHZvIGRlIHRvZG8gRG9yYW0gaW5pY2lhbnRlLg==,,LcKhR3XDrWEhLQpeNEQ0REZGUGFyYSB2ZXIgbG9zIG9iamV0b3MgcXVlIHRpZW5lcyBlcXVpcGFkb3MsIHV0aWxpemEgZWwgYXRham8gQWx0K1EuClRhbWJpw6luIHB1ZWRlcyBhcnJhc3RyYXIgeSBzb2x0YXIgbG9zIG9iamV0b3MgZW4gZXNhIHZlbnRhbmEgcGFyYSBlcXVpcGFybG9zLl4wMDAwMDA=
uE4ECA,,W1ZpZ2lsYW50ZSBBZ2xpb10KTm93IHRoYXQgeW91J3ZlIGVxdWlwcGVkIHlvdXIgd2VhcG9uLCBsZXQncyB0YWtlIGEgbG9vayBhdCB3aGF0IHlvdSBjYW4gdXNlIGl0IG9uLgpZb3Ugc2VlIHRob3NlIF40RDRERkZFZ2dyaW5nc14wMDAwMDAgcm9hbWluZyBhYm91dD8=,,,,,W0FnbGlvXQpTdWEgcHJpbWVpcmEgdGFyZWZhIHNlcsOhIGRlIGRhciBjYWJvIGRlIGFsZ3VucyBeMzEzMUZGT21lbGV0aW5nc14wMDAwMDAuIF4zMTMxRkZUcsOqc14wMDAwMDAgZGV2ZW0gc2VyIG8gc3VmaWNpZW50ZS4gQ2FwaWNoZT8=,,W0p1c3RpY2llcm8gQWdsaW9dCkFob3JhIHF1ZSBlcXVpcGFzdGUgZWwgYXJtYSwgdmVhbW9zIGNvbnRyYSBxdcOpIHB1ZWRlcyB1c2FybGEuCsK/VmVzIGEgZXNvcyBeNEQ0REZGRWdncmluZ14wMDAwMDAgdmFnYW5kbyBwb3IgYWjDrT8=
uU4ECA,,W1ZpZ2lsYW50ZSBBZ2xpb10KVGhvc2UgZGVuc2UgdGhpbmdzIGFyZSB2ZXJ5IHRyb3VibGVzb21lIHNpbmNlIHRoZXkgZWF0IGFueXRoaW5nIGFuZCBldmVyeXRoaW5nLgpUaGV5J3JlIGNvbW1vbmx5IHNlZW4gYXJvdW5kIHRoaXMgYXJlYSBhbmQgcGVyZmVjdCBmb3IgdGVzdGluZyBEb3JhbXMgd2hvIGp1c3Qgc3RhcnRlZCB0aGVpciBhZHZlbnR1cmUu,,,,,XjMxMzFGRkF0ZW7Dp8OjbzpeMDAwMDAwClZvY8OqIHJlY2ViZXUgdW1hIG1pc3PDo28gZGUgdW0gTlBDLgpDb25maXJhIGFzIF4zMTMxRkZpbmZvcm1hw6fDtWVzIGRhIG1pc3PDo28gY29tIG8gYXRhbGhvIEFsdCArIFVeMDAwMDAwLl4wMDAwMDA=,,W0p1c3RpY2llcm8gQWdsaW9dCkVzYXMgY29zYXMgZGVuc2FzIHNvbiBtdXkgcHJvYmxlbcOhdGljYXMgcG9ycXVlIHNlIGNvbWVuIHRvZG8uClN1ZWxlbiB2ZXJzZSBwb3IgZXN0YSB6b25hIHkgc29uIHBlcmZlY3RvcyBwYXJhIHBvbmVyIGEgcHJ1ZWJhIGEgbG9zIERvcmFtIHF1ZSBhY2FiYW4gZGUgZW1wZXphciBzdSBhdmVudHVyYS4=
uk4ECA,,W1ZpZ2lsYW50ZSBBZ2xpb10KVHJ5IGh1bnRpbmcgc29tZSBeNEQ0REZGRWdncmluZ3NeMDAwMDAwLiBeNEQ0REZGMyBvZiB0aGVtXjAwMDAwMCB3b3VsZCBiZSBlbm91Z2gu,,,,,W0FnbGlvXQpDZXJ0by4gUHJhIGRhciB1bWEgYXF1ZWNpZGEsIHZvY8OqIGRldmVyw6EgXjMxMzFGRmVsaW1pbmFyIDMgT21lbGV0aW5nc14wMDAwMDAu,,W0p1c3RpY2llcm8gQWdsaW9dCkludGVudGEgY2F6YXIgYWxndW5vcyBeNEQ0REZGRWdncmluZ14wMDAwMDAuIF40RDRERkYzZGUgZWxsb3NeMDAwMDAwIHNlcsOhbiBzdWZpY2llbnRlcy4=
u04ECA,,XjRENERGRiEtIEd1aWRlIC0hXjAwMDAwMApZb3UndmUgcmVjZWl2ZWQgYSBxdWVzdCBmcm9tIGFuIE5QQy4KWW91IGNhbiBjaGVjayB5b3VyIF40RDRERkZRdWVzdCBpbmZvcm1hdGlvbiB3aXRoIHRoZSBob3RrZXksIEFsdCArIFUsXjAwMDAwMCBvciB0aHJvdWdoIHRoZSBRdWVzdCBpY29uIGluIHRoZSBNZW51IHRyYXkuXjAwMDAwMA==,,,,,W0FnbGlvXQpIdW0sIHZvY8OqIG7Do28gc2FiZSBjb21vIGVsZXMgc2UgcGFyZWNlbT8gQm9tLCBxdWFuZG8gdm9jw6ogdmVyIHVtIGRlbGVzLCBjZXJ0YW1lbnRlIHZhaSBlbnRlbmRlciBwb3IgcXVlIHNlIGNoYW1hbSBPbWVsZXRpbmdzIQpUZW0gbXVpdG9zIHBvciBhcXVpLCBlbnTDo28gdm9jw6ogbsOjbyBkZXZlIHRlciBkaWZpY3VsZGFkZSBwYXJhIGVuY29udHLDoS1sb3Mh,,XjRENERGRi3CoUd1w61hIS1eMDAwMDAwClJlY2liaXN0ZSB1bmEgbWlzacOzbiBkZSB1biBQTkouClB1ZWRlcyBjb25zdWx0YXIgXjRENERGRmxhIGluZm9ybWFjacOzbiBkZSBsYSBNaXNpw7NuIGNvbiBlbCBhdGFqbyBBbHQrVSxeMDAwMDAwIG8gYSB0cmF2w6lzIGRlbCDDrWNvbm8gZGUgTWlzacOzbiBlbiBsYSBiYW5kZWphIGRlbCBNZW7Dui5eMDAwMDAw
vE4ECA,,W1ZpZ2lsYW50ZSBBZ2xpb10KXjRENERGRkh1bnQgMyBFZ2dyaW5nc14wMDAwMDAgZm9yIHdhcm0tdXAu,,,,,W0FnbGlvXQpNb2x0byBiZW5lISBEaSBtb2x0byEKQ2hlZ2FyIGF0w6kgYXF1aSBuw6NvIMOpIHByYSBxdWFscXVlciB1bS4=,,W0p1c3RpY2llcm8gQWdsaW9dCl40RDRERkZDYXphIDNFZ2dyaW5nXjAwMDAwMCBwYXJhIGVudHJhciBlbiBjYWxvci4=
vU4ECA,,W1ZpZ2lsYW50ZSBBZ2xpb10KSG93IGRvZXMgYW4gRWdncmluZyBsb29rPyBZb3UnbGwgcmVjb2duaXplIGFuIEVnZ3JpbmcgcmlnaHQgYXdheSB3aGVuIHlvdSBzZWUgaXQuClRoZXJlIGFyZSBwbGVudHkgb2YgdGhlbSBhcm91bmQgaGVyZSwgc28gZ28gZm9yIHRoZW0sIHJvb2tpZSE=,,,,,W0FnbGlvXQpFdSBwcmVwYXJlaSBhbGdvIHBhcmEgdm9jw6ouClRvbWEgYXF1aSBlc3RlIFN1Y28gZGUgTWHDp8OjIQ==,,W0p1c3RpY2llcm8gQWdsaW9dCsK/UXXDqSBhc3BlY3RvIHRpZW5lbiBsb3MgRWdncmluZz8gUmVjb25vY2Vyw6FzIGEgbG9zIEVnZ3JpbmcgZW4gY3VhbnRvIGxvcyB2ZWFzLgpIYXkgbXVjaG9zIHBvciBhcXXDrSwgwqFhc8OtIHF1ZSB2ZSBhIHBvciBlbGxvcywgcHJpbmNpcGlhbnRlIQ==
vk4ECA,,XjRENERGRiEtIEd1aWRlIC0hXjAwMDAwMApZb3UgY2FuIGNoZWNrIHlvdXIgXjRENERGRlF1ZXN0IGluZm9ybWF0aW9uIHdpdGggdGhlIGhvdGtleSwgQWx0ICsgVSxeMDAwMDAwIG9yIHRocm91Z2ggdGhlIFF1ZXN0IGljb24gaW4gdGhlIE1lbnUgdHJheS5eMDAwMDAw,,,,,W0FnbGlvXQpDbGlxdWUgbm8gw61jb25lIGRlIEl0ZW0gbm8gY2FudG8gc3VwZXJpb3IgZXNxdWVyZG8gcGFyYSBhYnJpciBzZXUgaW52ZW50w6FyaW8u,,XjRENERGRi3CoUd1w61hIS1eMDAwMDAwClB1ZWRlcyBjb25zdWx0YXIgXjRENERGRmxhIGluZm9ybWFjacOzbiBkZSBsYSBNaXNpw7NuIGNvbiBlbCBhdGFqbyBBbHQrVSxeMDAwMDAwIG8gYSB0cmF2w6lzIGRlbCDDrWNvbm8gZGUgTWlzacOzbiBlbiBsYSBiYW5kZWphIGRlbCBNZW7Dui5eMDAwMDAw
v04ECA,,W1ZpZ2lsYW50ZSBBZ2xpb10KSGV5LCB5b3UgZGlkIGJldHRlciB0aGFuIEkgZXhwZWN0ZWQuCldlbGwsIGNyb3NzaW5nIHRoZSBtb3VudGFpbnMgdG8gY29tZSBoZXJlIGlzIG5vdCBlYXN5Lg==,,,,,W0FnbGlvXQpTZXUgaW52ZW50w6FyaW8gdGVtIHF1YXRybyBhYmFzLgpTw6NvIGVsYXM6IEl0ZW5zLCBFcXVpcGFtZW50b3MsIEV0Yy4gZSBGYXZvcml0b3Mu,,W0p1c3RpY2llcm8gQWdsaW9dCk95ZSwgbG8gaGljaXN0ZSBtZWpvciBkZSBsbyBxdWUgZXNwZXJhYmEuCkJ1ZW5vLCBjcnV6YXIgbGFzIG1vbnRhw7FhcyBwYXJhIHZlbmlyIGFxdcOtIG5vIGVzIGbDoWNpbC4=
wE4ECA,,W1ZpZ2lsYW50ZSBBZ2xpb10KSSdtIHN1cmUgeW91J2xsIGRvIGZpbmUgaW4gcGxhY2VzIHlvdSd2ZSBuZXZlciBiZWVuLgpBbmQgdGFrZSB0aGlzLg==,,,,,W0FnbGlvXQpWb2PDqiBwb2RlIGRhciB1bSBeMzEzMUZGY2xpcXVlIGR1cGxvIG5vIGl0ZW1eMDAwMDAwIHNlIHF1aXNlciB1c8OhLWxvIG91IGVxdWlww6EtbG8sCm91IHNpbXBsZXNtZW50ZSBeMzEzMUZGYXJyYXN0w6EtbG8gYXTDqSBhIGphbmVsYSBkZSBlcXVpcGFtZW50b3NeMDAwMDAwLg==,,W0p1c3RpY2llcm8gQWdsaW9dClNlZ3VybyBxdWUgdGUgaXLDoSBiaWVuIGVuIGxvcyBsdWdhcmVzIHF1ZSBhw7puIG5vIGNvbm9jZXMuClkgdG9tYSBlc3RvLg==
wU4ECA,,W1ZpZ2lsYW50ZSBBZ2xpb10KSSBwcmVwYXJlZCBhIHNuYWNrIGZvciB5b3UuCkl0J3MgY29vbCBBcHBsZSBKdWljZSE=,,,,,QXRlbsOnw6NvOgpeMzEzMUZGSXRlbnMgcG9kZW0gc2VyIHVzYWRvcyBvdSBlcXVpcGFkb3MgY29tIHVtIGNsaXF1ZSBkdXBsby4KVm9jw6ogcG9kZSBhYnJpciBvdSBmZWNoYXIgc2V1IGludmVudMOhcmlvIGNvbSBBbHQgKyBFLl4wMDAwMDA=,,W0p1c3RpY2llcm8gQWdsaW9dClRlIHByZXBhcsOpIHVuIHRyYWdvLgrCoUVzIFp1bW8gZGUgbWFuemFuYSBmcsOtbyE=
wk4ECA,,W1ZpZ2lsYW50ZSBBZ2xpb10KU2VsZWN0IHRoZSBJdGVtIGljb24gaW4gdGhlIEJhc2ljIEluZm8gd2luZG93IG9uIHRoZSB1cHBlciBsZWZ0IHNpZGUuIFRoZSBJdGVtIHdpbmRvdyB3aWxsIGJlIG9wZW5lZC4=,,,,,W0FnbGlvXQpeMzEzMUZGQXBlcnRlIG8gYm90w6NvIGRpcmVpdG8gZG8gbW91c2UgZW0gdW0gaXRlbSBwYXJhIHZlciB1bWEgZGVzY3Jpw6fDo28gbWFpcyBkZXRhbGhhZGEgZGVsZS5eMDAwMDAwLgpEZXNzYSBmb3JtYSwgdm9jw6ogZGVzY29icmlyw6EgcXVhbCBvIHByb3DDs3NpdG8gZG8gaXRlbS4=,,W0p1c3RpY2llcm8gQWdsaW9dClNlbGVjY2lvbmEgZWwgw61jb25vIE9iamV0byBlbiBsYSB2ZW50YW5hIGRlIEluZm9ybWFjacOzbiBiw6FzaWNhLCBlbiBsYSBwYXJ0ZSBzdXBlcmlvciBpenF1aWVyZGEuIFNlIGFicmlyw6EgbGEgdmVudGFuYSBkZSBPYmpldG8u
w04ECA,,W1ZpZ2lsYW50ZSBBZ2xpb10KVGhlIEl0ZW0gd2luZG93IGhhcyAzIHRhYnM6Ckl0ZW0sIEdlYXIsIEV0Yy4sIGFuZCBGYXYuIEl0ZW1zIGFyZSBhdXRvbWF0aWNhbGx5IGFkZGVkIHRvIHRoZWlyIGNvcnJlc3BvbmRpbmcgdGFicy4=,,,,,QXRlbsOnw6NvOgpeMzEzMUZGQXBlcnRlIG8gYm90w6NvIGRpcmVpdG8gZG8gbW91c2UgZW0gdW0gaXRlbSBwYXJhIHZlciB1bWEgZGVzY3Jpw6fDo28gbWFpcyBkZXRhbGhhZGEgZGVsZS5eMDAwMDAwLg==,,W0p1c3RpY2llcm8gQWdsaW9dCkxhIHZlbnRhbmEgZGUgT2JqZXRvIHRpZW5lIDNwZXN0YcOxYXM6Ck9iamV0bywgRXF1aXBhbWllbnRvLCBFdGMuLCB5IEZhdi4gTG9zIG9iamV0b3Mgc2UgYcOxYWRlbiBhdXRvbcOhdGljYW1lbnRlIGEgc3VzIHBlc3Rhw7FhcyBjb3JyZXNwb25kaWVudGVzLg==
xE4ECA,,W1ZpZ2lsYW50ZSBBZ2xpb10KSWYgeW91IHdhbnQgdG8gdXNlIG9yIGVxdWlwIGFuIGl0ZW0sIF40RDRERkZkb3VibGUtY2xpY2sgaXReMDAwMDAwCm9yIF40RDRERkZkcmFnIGFuZCBkcm9wIGl0IG9udG8gdGhlIEVxdWlwbWVudCB3aW5kb3deMDAwMDAwLg==,,,,,QXRlbsOnw6NvOgpeMzEzMUZGU2UgYXBlcnRhciBvIGJvdMOjbyBkaXJlaXRvIGVtIG91dHJvIGpvZ2Fkb3IsIHZvY8OqIHBvZGVyw6EgZW52aWFyIHVtYSBzb2xpY2l0YcOnw6NvIGRlIGFtaXphZGUsIHRyb2NhLCBncnVwbywgZXRjLl4wMDAwMDA=,,W0p1c3RpY2llcm8gQWdsaW9dClNpIHF1aWVyZXMgdXNhciBvIGVxdWlwYXIgdW4gb2JqZXRvLCBeNEQ0REZGaGF6IGRvYmxlIGNsaWMgc29icmUgw6lsXjAwMDAwMApvIF40RDRERkZhcnLDoXN0cmFsbyB5IHN1w6lsdGFsbyBlbiBsYSB2ZW50YW5hIGRlIEVxdWlwYW1pZW50b14wMDAwMDAu
xU4ECA,,W1ZpZ2lsYW50ZSBBZ2xpb10KSWYgeW91IHdhbnQgdG8gY2hlY2sgXjRENERGRml0cyBkZXRhaWxzLCByaWdodC1jbGljayBpdF4wMDAwMDAuClRoZSBEZXRhaWxzIHdpbmRvdyB3aWxsIGJlIG9wZW5lZC4=,,,,,W0FnbGlvXQpDZXJ0bywgYWdvcmEgXjMxMzFGRmJlYmEgbyBTdWNvIGRlIE1hw6fDoyBxdWUgZXUgbGhlIGRlaS5eMDAwMDAw,,W0p1c3RpY2llcm8gQWdsaW9dClNpIHF1aWVyZXMgY29uc3VsdGFyIF40RDRERkZzdXMgZGV0YWxsZXMsIGhheiBjbGljIGRlcmVjaG8gc29icmUgw6lsXjAwMDAwMC4KU2UgYWJyaXLDoSBsYSB2ZW50YW5hIGRlIERldGFsbGVzLg==
xk4ECA,,IS0gR3VpZGUgLSEKXjRENERGRlJpZ2h0LWNsaWNrIGFuIGl0ZW0gdG8gdmlldyBpdHMgZGV0YWlsZWQgaW5mb3JtYXRpb24uXjAwMDAwMA==,,,,,W0FnbGlvXQpCb20gdHJhYmFsaG8gY29tIG9zIE9tZWxldGluZ3MhClRvbWEgYXF1aSBlc3RlIFN1Y28gZGUgTWHDp8OjIHByYSB0ZSBkYXIgdW1hIHJlZnJlc2NhZGEu,,LcKhR3XDrWEhLQpeNEQ0REZGSGF6IGNsaWMgZGVyZWNobyBzb2JyZSB1biBvYmpldG8gcGFyYSB2ZXIgc3UgaW5mb3JtYWNpw7NuIGRldGFsbGFkYS5eMDAwMDAw
x04ECA,,IS0gR3VpZGUgLSEKXjRENERGRklmIHlvdSByaWdodC1jbGljayBhIHBsYXllciwgdGhlIENvbW11bml0eSBtZW51IHdpbGwgYmUgYWN0aXZhdGVkLCBhbGxvd2luZyB5b3UgdG8gaW52aXRlIHRoZW0gaW50byB5b3VyIHBhcnR5LCBhc2sgdGhlbSB0byB0cmFkZSB3aXRoIHlvdSwgZXRjLl4wMDAwMDA=,,,,,W0FnbGlvXQpPIHF1ZSBhY2hvdT8gRG9jZSwgcmVmcmVzY2FudGUsIGRlbGljaW9zby4uLiBVbWEgbWFyYXZpbGhhLCBuw6k/CkV1IGF0w6kgcG9kZXJpYSB0ZSBkYXIgbWFpcyBzdWNvLCBtYXMgaW5mZWxpem1lbnRlIGFjYWJvdS4uLg==,,LcKhR3XDrWEhLQpeNEQ0REZGU2kgaGFjZXMgY2xpYyBkZXJlY2hvIHNvYnJlIHVuIGp1Z2Fkb3IsIHNlIGFjdGl2YXLDoSBlbCBtZW7DuiBkZSBDb211bmlkYWQsIHF1ZSB0ZSBwZXJtaXRpcsOhIGludml0YXJsbyBhIHR1IGdydXBvLCBwZWRpcmxlIHF1ZSBjb21lcmNpZSBjb250aWdvLCBldGMuXjAwMDAwMA==
yE4ECA,,W1ZpZ2lsYW50ZSBBZ2xpb10KTm93LCBeNEQ0REZGZHJpbmsgdGhlIEFwcGxlIEp1aWNlIEkgZ2F2ZSB5b3UuXjAwMDAwMA==,,,,,W0FnbGlvXQpNYXMgb2xoYSwgcG9zc28gdGUgZGFyIGlzc28gdW1hcyBwb8Onw7Vlcy4KVXNlLWFzIHBhcmEgcmVjdXBlcmFyIHVtIHBvdWNvIGRlIHZpZGEh,,W0p1c3RpY2llcm8gQWdsaW9dCkFob3JhLCBeNEQ0REZGYmViZSBlbCBadW1vIGRlIG1hbnphbmEgcXVlIHRlIGRpLl4wMDAwMDA=
yU4ECA,,W1ZpZ2lsYW50ZSBBZ2xpb10KWW91IG11c3QgYmUgdGlyZWQgZnJvbSBodW50aW5nIEVnZ3JpbmdzLgpJIHByZXBhcmVkIGEgc25hY2sgZm9yIHlvdS4KSXQncyBjb29sIEFwcGxlIEp1aWNlIQ==,,,,,W0FnbGlvXQpFIGFxdWkgZXN0w6EgdW0gbm92byBjYWphZG8gdGFtYsOpbS4Kw4kgbWVsaG9yIGRvIHF1ZSBlc3NlIHF1ZSB2b2PDqiBlc3RhdmEgdXNhbmRvLgpKw6EgdGUgZXhwbGlxdWVpIGNvbW8gYWNlc3NhciBvIGludmVudMOhcmlvIGUgZXF1aXBhciB1bSBpdGVtLCBjZXJ0bz8=,,W0p1c3RpY2llcm8gQWdsaW9dCkRlYmVzIHNlbnRpciBjYW5zYW5jaW8gZGVzcHXDqXMgZGUgY2F6YXIgdGFudG9zIEVnZ3JpbmcuClRlIHByZXBhcsOpIHVuIHRyYWdvLgrCoUVzIFp1bW8gZGUgbWFuemFuYSBmcsOtbyE=
yk4ECA,,IS0gR3VpZGUgLSEKXjRENERGRllvdSBjYW4gdXNlIGFuZCBlcXVpcCBpdGVtcyBzaW1wbHkgYnkgZG91YmxlLWNsaWNraW5nIHRoZW0uClRvIGFjY2VzcyB0aGUgSXRlbSB3aW5kb3csIHVzZSB0aGUgaG90a2V5LCBBbHQgKyBFLl4wMDAwMDA=,,,,,W0FnbGlvXQpWb3UgdGUgbGV2YXIgYXTDqSBvIHZpbGFyZWpvLi4u,,LcKhR3XDrWEhLQpeNEQ0REZGUHVlZGVzIHVzYXIgeSBlcXVpcGFyIG9iamV0b3Mgc2ltcGxlbWVudGUgaGFjaWVuZG8gZG9ibGUgY2xpYyBzb2JyZSBlbGxvcy4KUGFyYSBhY2NlZGVyIGEgbGEgdmVudGFuYSBkZSBPYmpldG8sIHV0aWxpemEgZWwgYXRham8gQWx0K0UuXjAwMDAwMA==
y04ECA,,W1ZpZ2lsYW50ZSBBZ2xpb10KSG93IHdhcyBpdD8gQ29vbCwgc3dlZXQsIGFuZCBkZWxpY2lvdXMsIHJpZ2h0PwpJJ2QgZ2l2ZSB5b3Ugc29tZSBtb3JlIGNvb2wganVpY2UsIGJ1dCBJIGRvbid0IGhhdmUgaXQgYW55bW9yZS4uLg==,,,,,QWguLi4gQWdsaW8h,,W0p1c3RpY2llcm8gQWdsaW9dCsK/Q8OzbW8gZXN0dXZvPyBGcmVzY28sIGR1bGNlIHkgZGVsaWNpb3NvLCDCv3ZlcmRhZD8KVGUgZGFyw61hIG3DoXMgenVtbyBmcmVzY28sIHBlcm8gbm8gdGVuZ28gbcOhc+KApg==
zE4ECA,,W1ZpZ2lsYW50ZSBBZ2xpb10KQWgsIHJpZ2h0LiBUYWtlIHRoZXNlLgpJdCByZXN0b3JlcyB5b3VyIEhQLCBzbyBkcmluayBpdCB3aGVuIHlvdSdyZSB0aXJlZCE=,,,,,RElPIE1JTyEgUXVlIHN1c3RvIQ==,,W0p1c3RpY2llcm8gQWdsaW9dCkFoLCBzw60uIFRvbWEgZXN0by4KUmVzdGF1cmEgdHVzIFBWLCDCoWFzw60gcXVlIGLDqWJlbG8gY3VhbmRvIHNpZW50YXMgY2Fuc2FuY2lvIQ==
zU4ECA,,W1ZpZ2lsYW50ZSBBZ2xpb10KQW5kIGxldCBtZSBnaXZlIHlvdSBhIG5ldyBzdGFmZi4KSXQgc2hvdWxkIGJlIGJldHRlciB0aGFuIHRoZSBzaG9vdCB5b3UgYnJvdWdodCwgYXQgbGVhc3QuCkkgYXNzdW1lIHlvdSBrbm93IGhvdyB0byBlcXVpcCBpdCBzaW5jZSBJIGV4cGxhaW5lZCBpdCBhIG1vbWVudCBhZ28sIHllYWg/,,,,,W0FnbGlvXQpPIHF1ZSBob3V2ZT8KQWgsIHZvY8OqIMOpIG8gZmlsaG8gZG8gVmVuZGVkb3IgZGUgRmVycmFtZW50YXMuCkFxdWkgbsOjbyDDqSBsdWdhciBwcmEgZmljYXIgcGFzc2VhbmRvISBPIHF1ZSB2b2PDqiB0w6EgZmF6ZW5kbyBhcXVpPw==,,W0p1c3RpY2llcm8gQWdsaW9dClkgZMOpamFtZSBkYXJ0ZSB1biBudWV2byBiw6FjdWxvLgpEZWJlcsOtYSBzZXIgbWVqb3IgcXVlIGxhIHJhbWEgcXVlIHRyYWppc3RlLCBhbCBtZW5vcy4KU3Vwb25nbyBxdWUgc2FiZXMgY8OzbW8gZXF1aXBhcmxvLCB5YSBxdWUgdGUgbG8gZXhwbGlxdcOpIGhhY2UgdW4gbW9tZW50bywgwr9ubz8=
zk4ECA,,W1ZpZ2lsYW50ZSBBZ2xpb10KSSBjYW4gdGFrZSB5b3UgdG8gdGhlIHZpbGxhZ2UuLi4=,,,,,W0RvcHBpb10KRXUuLi4gZXUgcGVyZGkgYSBjYWl4YSEKRXUgdGluaGEgcXVlIGRhciBhIGNhaXhhIHBybyBDYW5vbGkuLi4KQcOtIGNvcnJpLi4uIEHDrSBldSB0cm9wZWNlaSBlIHBlcmRpISEh,,W0p1c3RpY2llcm8gQWdsaW9dClB1ZWRvIGxsZXZhcnRlIGEgbGEgYWxkZWHigKY=
z04ECA,,QS4uLkFnbGlvb29vb29vISEhIQ==,,,,,W0RvcHBpb10KTWUgYWp1ZGEsIEFnbGlvIQpPIHBhcGFpIHZhaSBmaWNhciBicmF2byBjb21pZ28hISE=,,wqHCocKhQeKApiBBZ2xpb29vb29vbyEhIQ==
0E4ECA,,V2FhYWghIEdlZXoh,,,,,W0FnbGlvXQpDZWVlZXJ0by4uLiBWb2PDqiB0aW5oYSBxdWUgZW50cmVnYXIgdW1hIGNhaXhhIHBybyBDdXJhbmRlaXJvIENhbm9saSwKbWFzIGNvbW8gZXN0YXZhIGNvcnJlbmRvLCBhY2Fib3UgdHJvcGXDp2FuZG8gZSBhw60gdm9jw6ogcGVyZGV1IGEgY2FpeGE/,,wqFCdWFhYSEgwqFDaWVsb3Mh
0U4ECA,,W1ZpZ2lsYW50ZSBBZ2xpb10KWW91J3JlIHRoZSB5b3VuZ2VzdCBib3kgb2YgdGhlIFRvb2wgU2hvcCBndXlzLCByaWdodD8KV2hhdCdzIHRoZSBtYXR0ZXI/CldoeSBhcmUgeW91IGhlcmU/IEl0J3MgZGFuZ2Vyb3VzIGFyb3VuZCBoZXJlLg==,,,,,W0RvcHBpb10Kw4khCk5vc3NhLi4uIFZvY8OqIGVudGVuZGV1IG8gcXVlIGV1IHRhdmEgdGVudGFuZG8gZGl6ZXI/,,W0p1c3RpY2llcm8gQWdsaW9dCkVyZXMgZWwgbcOhcyBqb3ZlbiBkZSBsb3MgY2hpY29zIGRlIGxhIFRpZW5kYSBkZSBoZXJyYW1pZW50YXMsIMK/dmVyZGFkPwrCv1F1w6kgc3VjZWRlPwrCv1BvciBxdcOpIGVzdMOhcyBhcXXDrT8gRXMgcGVsaWdyb3NvIHBvciBhcXXDrS4=
0k4ECA,,W1Rvb2wgU2hvcCBCb3ldCk9oISBJIGxvc3QgaXQhClRoZXJlIHdhcyB0aGlzIGJveCEKSSB3YXMgdG9sZCB0byBnaXZlIGl0IHRvIEhhcnUuCkkgd2FudGVkIHRvIHBsYXkgYSBiaXQgZmlyc3QgYmVmb3JlIGdvaW5nIGJ1dCBmZWxsIGRvd24h,,,,,W0FnbGlvXQpTaW0uIEFnb3JhLCB2b2x0ZSBwYXJhIG8gdmlsYXJlam8uCk7Ds3MgdmFtb3MgcmVzb2x2ZXIgaXNzby4gUG9yIG9yYSwgZXNwZXJlIHBvciBuw7NzIGzDoS4=,,W0NoaWNvIGRlIGxhIFRpZW5kYSBkZSBoZXJyYW1pZW50YXNdCsKhQWghIMKhTGEgcGVyZMOtIQrCoUVyYSB1bmEgY2FqYSEKTWUgcGlkaWVyb24gcXVlIHNlIGxhIGRpZXJhIGEgSGFydS4KUXVlcsOtYSBqdWdhciB1biBwb2NvIGFudGVzIGRlIGlyLCDCoXBlcm8gbWUgY2HDrSE=
004ECA,,W1Rvb2wgU2hvcCBCb3ldClBsZWFzZSBmaW5kIGl0LCBNci4gQWdsaW8hCkknbGwgZ2V0IHNjb2xkZWQh,,,,,W0FnbGlvXQpFIHRyYXRlIGRlIHNlIGNvbXBvcnRhciBuYSBmcmVudGUgZG9zIG91dHJvcyE=,,W0NoaWNvIGRlIGxhIFRpZW5kYSBkZSBoZXJyYW1pZW50YXNdCsKhUG9yIGZhdm9yLCBlbmN1w6ludHJlbGEsIFNyLiBBZ2xpbyEKwqFNZSByZWdhw7FhcsOhbiE=
1E4ECA,,W1ZpZ2lsYW50ZSBBZ2xpb10KU28sIHlvdSB3ZXJlIG9uIGFuIGVycmFuZCB0byBkZWxpdmVyIGEgYm94IHRvIEhlYWxlciBIYXJ1LgpZb3Ugd2VudCBvdXQgdG8gcGxheSBmb3IgYSBiaXQgYmVmb3JlIGRvaW5nIGl0IGJ1dCBmZWxsIGRvd24uIEFuZCB0aGVuLCB0aGUgYm94IGRpc2FwcGVhcmVkLiBJcyB0aGF0IGl0Pw==,,,,,W0RvcHBpb10KVHVkbyBiZW0hIFR1ZG8gYmVtISBTw7MgbWUgYWp1ZGUuLi4gUG9yIGZhdm9yIQ==,,W0p1c3RpY2llcm8gQWdsaW9dCkFzw60gcXVlIHRlbsOtYXMgbGEgdGFyZWEgZGUgZW50cmVnYXJsZSB1bmEgY2FqYSBhbCBTYW5hZG9yIEhhcnUuClNhbGlzdGUgYSBqdWdhciB1biByYXRvIGFudGVzIGRlIGhhY2VybG8gcGVybyB0ZSBjYcOtc3RlLiBZIGVudG9uY2VzLCBsYSBjYWphIGRlc2FwYXJlY2nDsy4gwr9FcyB0b2RvPw==
1U4ECA,,W1Rvb2wgU2hvcCBCb3ldClllcywgc2lyIQpIb3cgZGlkIHlvdSBmaWd1cmUgaXQgb3V0IHNvIHdlbGw/,,,,,Vm9jw6ogc2FiZSBxdWUgZXUgZ29zdG8gbXVpdG8gZGUgdm9jw6osIG7DqT8/Pw==,,W0NoaWNvIGRlIGxhIFRpZW5kYSBkZSBoZXJyYW1pZW50YXNdCsKhU8OtLCBzZcOxb3IhCsK/Q8OzbW8gbG8gZGVzY2lmcsOzIHRhbiBiaWVuPw==
1k4ECA,,W1ZpZ2lsYW50ZSBBZ2xpb10KR28gYmFjayB0byB0aGUgdmlsbGFnZS4KSSdsbCB0aGluayBvZiBzb21ldGhpbmcsIHNvIGdvIGJhY2sgdG8gdGhlIHZpbGxhZ2UgYW5kIHdhaXQu,,,,,U3VtYSBkYXF1aSEgQW5kaWFtbywgYW5kaWFtbyE=,,W0p1c3RpY2llcm8gQWdsaW9dClZ1ZWx2ZSBhIGxhIGFsZGVhLgpQZW5zYXLDqSBlbiBhbGdvLCBhc8OtIHF1ZSB2dWVsdmUgYSBsYSBhbGRlYSB5IGVzcGVyYS4=
104ECA,,W1ZpZ2lsYW50ZSBBZ2xpb10KQW5kIHN0b3AgcHJldGVuZGluZyB0byBiZSBkb3BleSBpbiBmcm9udCBvZiBzdHJhbmdlcnMsIGJveSE=,,,,,W0FnbGlvXQpIdW5mLi4u,,W0p1c3RpY2llcm8gQWdsaW9dCsKhWSBkZWphIGRlIGhhY2VydGUgZWwgdG9udG8gZGVsYW50ZSBkZSBsb3MgZXh0cmHDsW9zLCBtdWNoYWNobyE=
2E4ECA,,W1Rvb2wgU2hvcCBCb3ldCldoYXQuLi4gQnV0IEknbSB0aGUgY3V0ZSBiYWJ5IG9mIExhc2FnbmEhCkFueXdheSwgcGxlYXNlIGZpbmQgdGhlIGJveCBmb3IgbWUsIHNpciE=,,,,,W0FnbGlvXQpCb20sIGFjaG8gcXVlIG7Do28gdGVtIGplaXRvLgpPIHF1ZSB2b2PDqiBhY2hhLCB7fT8KVm9jw6ogZmF6IGVzc2EgcHJhIG1pbT8=,,W0NoaWNvIGRlIGxhIFRpZW5kYSBkZSBoZXJyYW1pZW50YXNdCsK/UXXDqeKApj8gwqFQZXJvIHNveSBlbCBiZWLDqSBhZG9yYWJsZSBkZSBMYXNhZ25hIQpFbiBmaW4sIHBvciBmYXZvciwgwqFlbmN1ZW50cmUgbGEgY2FqYSBwb3IgbcOtLCBzZcOxb3Ih
2U4ECA,,WW91IGtub3cgSSBsb3ZlIHlvdSwgcmlnaHQ/IQ==,,,,,W0FnbGlvXQrDiSBtdWl0YSBzb3J0ZSBtaW5oYSBkZSBxdWUgZXUgZXN0ZWphIGFjb21wYW5oYWRvIGNvbSB1bSBEb3JhbSBleHBlcmllbnRlIGNvbW8gdm9jw6ouClRhdmEgcGVuc2FuZG8gYXF1aSwgZSDDqSBtdWl0byBwcm92w6F2ZWwgcXVlIHVtIF4zMTMxRkZPbWVsZXRpbmcgY29tZXUgYSBjYWl4YS5eMDAwMDAw,,U2FiZSBxdWUgbG8gcXVpZXJvLCDCv3ZlcmRhZD8=
2k4ECA,,SnVzdCBnbywgeW91IGJyYXQh,,,,,W0FnbGlvXQpTZSB2b2PDqiBkZXJyb3RhciB1bSBtb250ZSBkZSBPbWVsZXRpbmdzLCB2YWkgc2VyIHPDsyBxdWVzdMOjbyBkZSB0ZW1wbyBhdMOpIGVuY29udHLDoS1sYS4=,,wqFZYSB2ZXRlLCBtb2Nvc28h
204ECA,,W1ZpZ2lsYW50ZSBBZ2xpb10KLi4uLi4uCi4uLi4uLi4uLipTaWdoKi4uLg==,,,,,QXRlbsOnw6NvOgpeMzEzMUZGVm9jw6ogcmVjZWJldSB1bWEgbm92YSBNaXNzw6NvIGRlIEFnbGlvLgpBcyBpbmZvcm1hw6fDtWVzIGRhIG1pc3PDo28gcG9kZW0gc2VyIGNvbmZlcmlkYXMgbmEgamFuZWxhIGRlIE1pc3PDtWVzLg==,,W0p1c3RpY2llcm8gQWdsaW9dCi4uLi4uLgouLi4uLi4uLi4qU3VzcGlybyrigKY=
3E4ECA,,W1ZpZ2lsYW50ZSBBZ2xpb10KQ2FuJ3QgYmUgaGVscGVkLCBJIGd1ZXNzLgp7fSwgd2hhdCBkbyB5b3UgdGhpbms/CkhvdyBhYm91dCB5b3UgZ28gdGFrZSBjYXJlIG9mIHRoaXM/,,,,,QXRlbsOnw6NvOgpQcmVzc2lvbmUgXjMxMzFGRkFsdCArIFVeMDAwMDAwIHBhcmEgYWJyaXIgYSBqYW5lbGEgZGUgTWlzc8O1ZXMu,,W0p1c3RpY2llcm8gQWdsaW9dClN1cG9uZ28gcXVlIG5vIHRpZW5lIHJlbWVkaW8uCnt9LCDCv3F1w6kgb3BpbmFzPwrCv1F1w6kgdGFsIHNpIHRlIG9jdXBhcyBkZSBlc3RvPw==
3U4ECA,,W1ZpZ2lsYW50ZSBBZ2xpb10KSSdtIHNvIGdsYWQgSSBoYXZlIGEgY2FwYWJsZSBEb3JhbSBpcyByaWdodCBiZXNpZGUgbWUhCkkgdGhpbmsgXjRENERGRmFuIEVnZ3Jpbmcgc3dhbGxvd2VkIHRoZSBib3guXjAwMDAwMA==,,,,,W0FnbGlvXQpPaCEgQSBjYWl4YSEKVmFtb3MgbGV2w6EtbGEgYXTDqSBvIHZpbGFyZWpvIQ==,,W0p1c3RpY2llcm8gQWdsaW9dCsKhTWUgYWxlZ3JhIHRhbnRvIHRlbmVyIGEgdW4gRG9yYW0gY29tcGV0ZW50ZSBhIG1pIGxhZG8hCkNyZW8gcXVlIF40RDRERkZ1biBFZ2dyaW5nIHNlIHRyYWfDsyBsYSBjYWphLl4wMDAwMDA=
3k4ECA,,W1ZpZ2lsYW50ZSBBZ2xpb10KSHVudCBFZ2dyaW5ncywgYW5kIG9uZSBvZiB0aGVtIHNob3VsZCBnaXZlIHlvdSB0aGUgYm94IHRoYXQgd2FzIGxvc3QuCk9mZiB5b3UgZ28sIG5vdyE=,,,,,W0FnbGlvXQpeMzEzMUZGUXVhbmRvIGNoZWdhcm1vcyBsw6EsIGVudHJlZ3VlLWEgYW8gVmVuZGVkb3IgZGUgRmVycmFtZW50YXMsIHBvciBmYXZvci5eMDAwMDAw,,W0p1c3RpY2llcm8gQWdsaW9dCkNhemEgYWxndW5vcyBFZ2dyaW5nLCB5IHVubyBkZSBlbGxvcyB0ZSBkYXLDoSBsYSBjYWphIHF1ZSBzZSBwZXJkacOzLgrCoUVuIG1hcmNoYSE=
304ECA,,IS0gR3VpZGUgLSEKXjRENERGRllvdSd2ZSByZWNlaXZlZCBhIG5ldyBxdWVzdCBmcm9tIFZpZ2lsYW50ZSBBZ2xpby4KWW91IGNhbiBzZWUgdGhlIGRldGFpbHMgb2YgdGhlIHF1ZXN0IGZyb20gdGhlIFF1ZXN0IEluZm9ybWF0aW9uIHNjcmVlbi4=,,,,,W0FnbGlvXQpTaWdhIGFzIHNldGFzIHZlcm1lbGhhcyBubyBjaMOjbyBwYXJhIGNoZWdhciBhdMOpIG8gdmlsYXJlam8u,,LcKhR3XDrWEhLQpeNEQ0REZGUmVjaWJpc3RlIHVuYSBudWV2YSBtaXNpw7NuIGRlbCBqdXN0aWNpZXJvIEFnbGlvLgpQdWVkZXMgdmVyIGxvcyBkZXRhbGxlcyBkZSBsYSBtaXNpw7NuIGVuIGxhIHBhbnRhbGxhIGRlIEluZm9ybWFjacOzbiBkZSBsYSBNaXNpw7NuLg==
4E4ECA,,IS0gR3VpZGUgLSEKVG8gYWNjZXNzIHRoZSBRdWVzdCBJbmZvcm1hdGlvbiB3aW5kb3csIHVzZSB0aGUgaG90a2V5LCBeNEQ0REZGQWx0ICsgRV4wMDAwMDAu,,,,,QXRlbsOnw6NvOgpeMzEzMUZGT3MgTlBDcyBwb2RlbSB0ZSBndWlhciBhdMOpIHVtIGxvY2FsIGNvbSBvIFNpc3RlbWEgZGUgTmF2ZWdhw6fDo28uClBvZGUgc2VyIHF1ZSBlbGVzIGNvbG9xdWVtIG8gZ3VpYSBhdMOpIG8gY2FtaW5obyBlbnRyZSBjb2xjaGV0ZXMuXjAwMDAwMApFbnTDo28sIHNlIHZvY8OqIHZpciBhbGdvIF4zMTMxRkZbYXNzaW1dXjAwMDAwMCwgY2xpcXVlIHBhcmEgcmVjZWJlciBhcyBvcmllbnRhw6fDtWVzIGRlIGRpcmXDp8Ojby4=,,LcKhR3XDrWEhLQpQYXJhIGFjY2VkZXIgYSBsYSB2ZW50YW5hIGRlIEluZm9ybWFjacOzbiBkZSBsYSBNaXNpw7NuLCB1dGlsaXphIGVsIGF0YWpvIF40RDRERkZBbHQrRV4wMDAwMDAu
4U4ECA,,W1ZpZ2lsYW50ZSBBZ2xpb10KWWVhaCwgdGhhdCdzIHRoZSBib3ghClRha2UgaXQgd2l0aCB5b3UgdG8gdGhlIHZpbGxhZ2Uh,,,,,QXRlbsOnw6NvOgpeMzEzMUZGVm9jw6ogcG9kZSBkZWZpbmlyIHNldSBkZXN0aW5vIG1hbnVhbG1lbnRlIGNsaWNhbmRvIG5vIMOtY29uZSBkbyBTaXN0ZW1hIGRlIE5hdmVnYcOnw6NvLgpEZWZpbmEgYXTDqSBvbmRlIHF1ZXIgaXIgZSBjbGlxdWUgZW0gJ0NhbGN1bGFyIFJvdGEnCnBhcmEgcXVlIGFzIHNldGFzIGF0w6kgbyBzZXUgZGVzdGlubyBhcGFyZcOnYW0uXjAwMDAwMA==,,W0p1c3RpY2llcm8gQWdsaW9dCsKhU8OtLCBlc2EgZXMgbGEgY2FqYSEKTGzDqXZhbGEgYSBsYSBhbGRlYS4=
4k4ECA,,W1ZpZ2lsYW50ZSBBZ2xpb10KXjRENERGRldoZW4geW91IGFycml2ZSBhdCB0aGUgdmlsbGFnZSwgZ28gdG8gdGhlIFRvb2wgU2hvcCBhbmQgZGVsaXZlciB0aGlzIGJveCBmaXJzdC5eMDAwMDAw,,,,,W0FnbGlvXQpTYWJlIG9zIE9tZWxldGluZ3MgcXVlIHZvY8OqIGRldSBjYWJvIGFxdWVsYSBob3JhPw==,,W0p1c3RpY2llcm8gQWdsaW9dCl40RDRERkZDdWFuZG8gbGxlZ3VlcyBhIGxhIGFsZGVhLCBwcmltZXJvIHZlIGEgbGEgVGllbmRhIGRlIGhlcnJhbWllbnRhcyB5IGVudHJlZ2EgZXN0YSBjYWphLl4wMDAwMDA=
404ECA,,W1ZpZ2lsYW50ZSBBZ2xpb10KSSdsbCBnaXZlIHlvdSBkaXJlY3Rpb25zIHRvIHRoZSB2aWxsYWdlLgpGb2xsb3cgdGhlIGFycm93IGRpc3BsYXllZCBvbiB0aGUgZ3JvdW5kLg==,,,,,W0FnbGlvXQpFbnTDo28uLi4gQ2VydGFtZW50ZSDDqSB1bSBkZWxlcyBxdWUgZW5nb2xpdSBhIGNhaXhhLiBDYWNlLW9zIGF0w6kgZW5jb250cmFyIG8gbGFkcsOjb3ppbmhvISBDYXBpY2hlPw==,,W0p1c3RpY2llcm8gQWdsaW9dClRlIGRhcsOpIGluZGljYWNpb25lcyBwYXJhIGxsZWdhciBhIGxhIGFsZGVhLgpTaWd1ZSBsYSBmbGVjaGEgcXVlIGFwYXJlY2UgZW4gZWwgc3VlbG8u
5E4ECA,,IS0gR3VpZGUgLSEKXjRENERGRiBOUENzIHNvbWV0aW1lcyB1c2UgTmF2aWdhdGlvbiB0byBndWlkZSB5b3UgdG8gdGhlIGRlc3RpbmF0aW9uLgpJdCBtYXkgYWxzbyBjcmVhdGUgYSBsaW5rLCB3aGljaCBpcyBoYW5keS4gSWYgeW91IHNlZSBbT2JqZWN0aXZlXSwgY2xpY2tpbmcgaXQgd2lsbCBwcm92aWRlIHlvdSB3aXRoIGRpcmVjdGlvbnMuXjAwMDAwMA==,,,,,W0FnbGlvXQpBcXVlbGUgbW9sZXF1ZSBlc3TDoSBjb250YW5kbyBjb20gdm9jw6ouIE7Do28gbyBkZWNlcGNpb25lIQ==,,LcKhR3XDrWEhLQpeNEQ0REZGTG9zIFBOSiBhIHZlY2VzIHVzYW4gbGEgTmF2ZWdhY2nDs24gcGFyYSBndWlhcnRlIGhhc3RhIGVsIGRlc3Rpbm8uClRhbWJpw6luIHB1ZWRlcyBjcmVhciB1biB2w61uY3VsbyBjb24gZWxsYSwgbG8gY3VhbCBlcyDDunRpbC4gU2kgdmVzIGVsIFtPYmpldGl2b10sIGhheiBjbGljIGVuIMOpbCBwYXJhIG9idGVuZXIgaW5kaWNhY2lvbmVzLl4wMDAwMDA=
5U4ECA,,IS0gR3VpZGUgLSEKXjRENERGRllvdSBjYW4gY2FsbCB0aGUgTmF2aWdhdGlvbiBieSBjbGlja2luZyB0aGUgTWVudSBpY29uLgpGaW5kIGFuZCBzZWxlY3QgeW91ciB0YXJnZXQgYW5kIGNsaWNrIEZpbmQuCkFycm93cyB3aWxsIGFwcGVhciB0b3dhcmQgeW91ciB0YXJnZXQgdG8gZ3VpZGUgeW91Ll4wMDAwMDA=,,,,,W0FnbGlvXQpMYXNhZ25hLCBhIGNpZGFkZSBwb3J0dcOhcmlhLCBlc3TDoSBsb2dvIGFkaWFudGUuCk1hcyBhbnRlcyBkZSB0dWRvLCBuw6NvIHNlIGVzcXVlw6dhIGRlIGVudHJlZ2FyIGEgY2FpeGEgYW8gVmVuZGVkb3IgZGUgRmVycmFtZW50YXMu,,LcKhR3XDrWEhLQpeNEQ0REZGUHVlZGVzIGFjY2VkZXIgYSBsYSBOYXZlZ2FjacOzbiBwdWxzYW5kbyBlbCDDrWNvbm8gZGUgTWVuw7ouCkJ1c2NhIHkgc2VsZWNjaW9uYSB0dSBvYmpldGl2byB5IGhheiBjbGljIGVuIEJ1c2Nhci4KQXBhcmVjZXLDoW4gZmxlY2hhcyBxdWUgdGUgZ3VpYXLDoW4gaGFjaWEgdHUgb2JqZXRpdm8uXjAwMDAwMA==
5k4ECA,,W1ZpZ2lsYW50ZSBBZ2xpb10KWW91IHNob3VsZCByZW1lbWJlciBFZ2dyaW5ncyBzaW5jZSB5b3UgaHVudGVkIHRoZW0ganVzdCBhIHdoaWxlIGFnby4KWW91IGNhbiBlYXNpbHkgZmluZCB0aGVtIGFyb3VuZCBoZXJlLg==,,,,,W0FnbGlvXQpQb2RlIGlyIHNlZ3VpbmRvIG8gY2FtaW5oby4gTsOjbyBzZSBwcmVvY3VwZSwgZXN0b3UgbG9nbyBhdHLDoXMgZGUgdm9jw6oh,,W0p1c3RpY2llcm8gQWdsaW9dClNlZ3VybyByZWN1ZXJkYXMgYSBsb3MgRWdncmluZywgeWEgcXVlIGxvcyBjYXphc3RlIGhhY2UgcG9jby4KU2UgcHVlZGVuIGVuY29udHJhciBmw6FjaWxtZW50ZSBwb3IgYXF1w60u
504ECA,,W1ZpZ2lsYW50ZSBBZ2xpb10KSSBkb24ndCBrbm93IHdoaWNoIG9uZSBzd2FsbG93ZWQgaXQsIGJ1dCBJJ20gc3VyZSB5b3UnbGwgZmluZCBpdCBzb29uLg==,,,,,W0FnbGlvXQpIdW0sIHBvciBxdWUgdm9jw6ogYWluZGEgbsOjbyBmb2kgcHJhIFJ1bmUtTWlkZ2FyZD8=,,W0p1c3RpY2llcm8gQWdsaW9dCk5vIHPDqSBjdcOhbCBzZSBsYSB0cmFnw7MsIHBlcm8gc2VndXJvIHF1ZSBwcm9udG8gbGEgZW5jb250cmFyw6FzLg==
6E4ECA,,W1ZpZ2lsYW50ZSBBZ2xpb10KSSdsbCBiZSBjb3VudGluZyBvbiB5b3Uu,,,,,Q3JpYW7Dp2E=,,W0p1c3RpY2llcm8gQWdsaW9dCkN1ZW50byBjb250aWdvLg==
6U4ECA,,W1ZpZ2lsYW50ZSBBZ2xpb10KVGhlIFRvb2wgU2hvcCBib3kgc2hvdWxkIGJlIGRlc3BlcmF0ZWx5IHdhaXRpbmcgZm9yIHlvdS4KWW91IHNob3VsZCBicmluZyBpdCB0byBoaW0gQVNBUC4=,,,,,R2lvcm5v,,W0p1c3RpY2llcm8gQWdsaW9dCkVsIGNoaWNvIGRlIGxhIFRpZW5kYSBkZSBoZXJyYW1pZW50YXMgZGViZSBlc3RhciBkZXNlc3BlcmFkbyBlc3BlcsOhbmRvdGUuCkxsw6l2YXNlbGEgY3VhbnRvIGFudGVzLg==
6k4ECA,,IS0gR3VpZGUgLSEKXjRENERGRk5QQ3Mgc29tZXRpbWVzIGdpdmUgeW91IGRpcmVjdGlvbnMgdG8gdGhlIGRlc3RpbmF0aW9uLgpJdCBtYXkgYWxzbyBjcmVhdGUgYSBsaW5rLCB3aGljaCBpcyBoYW5keS4gSWYgeW91IHNlZSBbT2JqZWN0aXZlXSwgY2xpY2tpbmcgaXQgd2lsbCBwcm92aWRlIHlvdSB3aXRoIGRpcmVjdGlvbnMuXjAwMDAwMA==,,,,,QnVvbmdpb3JubyEgVm9jw6ogw6kgbWFpcyB1bSBkZXNzZXMgcXVlIGFjYWJvdSBkZSBjb21lw6dhcj8=,,LcKhR3XDrWEhLQpeNEQ0REZGTG9zIFBOSiBhIHZlY2VzIHRlIGRhbiBpbmRpY2FjaW9uZXMgcGFyYSBsbGVnYXIgYWwgZGVzdGluby4KVGFtYmnDqW4gcHVlZGVzIGNyZWFyIHVuIHbDrW5jdWxvIGNvbiBlbGxhLCBsbyBjdWFsIGVzIMO6dGlsLiBTaSB2ZXMgZWwgW09iamV0aXZvXSwgaGF6IGNsaWMgZW4gw6lsIHBhcmEgb2J0ZW5lciBpbmRpY2FjaW9uZXMuXjAwMDAwMA==
604ECA,,W1ZpZ2lsYW50ZSBBZ2xpb10KUG9ydCB2aWxsYWdlIExhc2FnbmEgaXMganVzdCBhaGVhZC4KWW91IHNob3VsZCB0YWtlIHRoZSBib3ggdG8gdGhlIFRvb2wgU2hvcCBmaXJzdC4=,,,,,W0dpb3Jub10KTyBxdWUgdW0gaHVtYW5vIHTDoSBmYXplbmRvIGFxdWk/ClNvbWUgZGFxdWkh,,W0p1c3RpY2llcm8gQWdsaW9dCkxhIGFsZGVhIHBvcnR1YXJpYSBkZSBMYXNhZ25hIGVzdMOhIGp1c3RvIGRlbGFudGUuCkxsZXZhIGxhIGNhamEgYSBsYSBUaWVuZGEgZGUgaGVycmFtaWVudGFzIHByaW1lcm8u
7E4ECA,,W1ZpZ2lsYW50ZSBBZ2xpb10KSSdsbCBmb2xsb3cgYWZ0ZXIgeW91IHNvb24sCnNvIGRvbid0IHdvcnJ5IGFib3V0IG1lIGFuZCBqdXN0IGZvbGxvdyB0aGUgcm9hZC4=,,,,,W0dpb3Jub10KRXNzZSB0ZXJyaXTDs3JpbyDDqSBub3NzbyEgTmFkYSBkZSBodW1hbm9zIHBvciBhcXVpLg==,,W0p1c3RpY2llcm8gQWdsaW9dClRlIHNlZ3VpcsOpIHByb250bywKYXPDrSBxdWUgbm8gdGUgcHJlb2N1cGVzIHBvciBtw60geSBzb2xvIHNpZ3VlIGVsIGNhbWluby4=
7U4ECA,,W1ZpZ2lsYW50ZSBBZ2xpb10KWW91IGhhdmVuJ3QgbGVmdCB0byBNaWRnYXJkIHlldD8KQSBwcm9ibGVtIGFyaXNlcyBpbiB0aGUgcG9ydCBmcm9tIHRpbWUgdG8gdGltZSwgYnV0IEkgd2FzIHN1cmUgeW91J2QgYmUgZmluZS4=,,,,,W0dpb3Jub10KTWV1IG5vbWUgw6kgR2lvcm5vLCBlIGV1IHRlbmhvIHVtIHNvbmhvIQ==,,W0p1c3RpY2llcm8gQWdsaW9dCsK/QcO6biBubyB0ZSBmdWlzdGUgYSBNaWRnYXJkPwpEZSB2ZXogZW4gY3VhbmRvIHN1cmdlIGFsZ8O6biBwcm9ibGVtYSBlbiBlbCBwdWVydG8sIHBlcm8gdGVuw61hIGxhIGNlcnRlemEgZGUgcXVlIGVzdGFyw61hcyBiaWVuLg==
7k4ECA,,S2lk,,,,,W0dpb3Jub10KLi4u,,S2lk
704ECA,,SW5mYW1vdXMgVHJvdWJsZW1ha2Vy,,,,,W0dpb3Jub10KRWkhCk9uZGUgdm9jw6ogYWNoYSBxdWUgdMOhIGluZG8/ClPDsyBkZSBvbGhhciBwcmEgdm9jw6osIHNlaSBxdWUgbsOjbyBhZ3VlbnRhIG5lbSB1bSB0YXBhIQ==,,SW5mYW1vdXMgVHJvdWJsZW1ha2Vy
8E4ECA,,TnlvISBBbm90aGVyIG91dHNpZGVyIERvcmFtLCBueW8/,,,,,W0dpb3Jub10KVm9jw6ogcGVsbyBtZW5vcyBTQUJFIHVzYXIgaGFiaWxpZGFkZXMsIG7DqT8KSGVoLi4uIFBlbnNhbmRvIG1lbGhvciBhZ29yYSwgYXBvc3RvIHF1ZSB2b2PDqiBuZW0gc2FiZSBicmlnYXIh,,wqFNaWF1ISDCv090cm8gRG9yYW0gZXh0cmHDsW8sIG1pYXU/
8U4ECA,,W0luZmFtb3VzIFRyb3VibGVtYWtlcl0KV2hhdCdzIGEgaHVtYW4gZG9pbmcgaGVyZSwgbnlvPz8/Pz8KR28gYmFjayEgR28gYmFjaywgbnlvIQ==,,,,,U2VpLCBlIHNlaSBtZWxob3IgcXVlIHZvY8OqIQ==,,W0J1c2NhcGxlaXRvcyBpbmZhbWVdCsK/UXXDqSBoYWNlIHVuIHNlciBodW1pYXVubyBhcXXDrT8KwqFWZXRlISDCoVZldGUsIG1pYXUh
8k4ECA,,W0luZmFtb3VzIFRyb3VibGVtYWtlcl0KVGhpcyBpcyBhIGdhdGV3YXkhIEh1bWFucyBhcmVuJ3QgYWxsb3dlZCwgbnlvIQ==,,,,,RWkhIEN1aWRhIGRhIHN1YSB2aWRhIQ==,,W0J1c2NhcGxlaXRvcyBpbmZhbWVdCsKhRXN0byBlcyB1biBwb3J0YWwhIMKhTG9zIGh1bWlhdW5vcyBubyBlc3TDoW4gcGVybWl0aWRvcyE=
804ECA,,W0luZmFtb3VzIEtpdHR5Y2F0XQpIZXksIGJ1ZGR5IQpOeW8gaG8gaG8hIFdoYXQncyB0aGUgaHVycnksIG55bz8KWW91IGxvb2sgbGlrZSBhIGdyZWVuaWUgd2hvIGp1c3QgY3Jvc3NlZCB0aGUgbW91bnRhaW5zLCBueW8u,,,,,W0dpb3Jub10KTWFtbWEgbWlhISBUw6EgcGVyZGVuZG8gYSBsaW5oYT8KTyBxdWUgYWNoYSBkZSBmYXplcm1vcyB1bWEgYXBvc3RhPw==,,W0dhdGl0byBpbmZhbWVdCsKhRWgsIGNvbGVnYSEKwqFNaWF1LCBqdSwganUhIMK/Q3XDoWwgZXMgbGEgcHJpc2EsIG1pYXU/ClBhcmVjZXMgYWxndWllbiBwcmluY2lwaWFudGUgcXVlIGFjYWJhIGRlIGNydXphciBsYXMgbW9udGHDsWFzLCBtaWF1Lg==
9E4ECA,,W0luZmFtb3VzIEtpdHR5Y2F0XQpBcmVuJ3QgeW91IHRvbyBmZWVibGUgdG8gZmFjZSB0aGUgRG9yYW1zIG9mIExhc2FnbmEsIG55bz8=,,,,,W0dpb3Jub10KVm91IHRlIGRhciAxMCBtaW51dG9zLCBhIHBhcnRpciBkZSBhZ29yYSwgcGFyYSBlbGltaW5hciBeMzEzMUZGMyBMdW7DoXRpY29zIEZvbGhhZG9zIGUgMiBGYWJyZXMgR3JhbcOtbmVvc14wMDAwMDAgcG9yIGVzc2EgcmVnacOjbyE=,,W0dhdGl0byBpbmZhbWVdCsK/Tm8gZXJlcyBkZW1pYXVzaWFkbyBkw6liaWwgcGFyYSBlbmZyZW50YXJ0ZSBhIGxvcyBEb3JhbSBkZSBMYXNhZ25hPw==
9U4ECA,,W0luZmFtb3VzIEtpdHR5Y2F0XQpEbyB5b3UgZXZlbiBrbm93IGhvdyB0byB1c2UgYSBza2lsbCwgbnlvPwpUbyBtZSwgeW91IGxvb2sgbGlrZSBhIG5vb2IgRG9yYW0gZnVsbCBvZiByZWNrbGVzcyBicmF2YWRvLCBueW8h,,,,,W0dpb3Jub10KVmFtbyBsw6EsIHF1ZXJvIHZlciB2b2PDqiBtZSBmYXplciBwYWdhciBhIGzDrW5ndWEu,,W0dhdGl0byBpbmZhbWVdCsK/U2FiZXMgc2lxdWllcmEgY8OzbW8gdXNhciB1bmEgaGFiaWxpZGFkLCBtaWF1PwrCoUNyZW8gcXVlIGVyZXMgcHVyYSBicmF2dWNvbmVyw61hIGltcHJ1ZGVudGUsIERvcmFtIHByaW5jaXBpYW50ZSwgbWlhdSE=
9k4ECA,,SSdtIGEgYmV0dGVyIGZpZ2h0ZXIgdGhhbiB5b3Uh,,,,,VmFsZW5kbyE=,,wqFQZWxlbyBtZWpvciBxdWUgdMO6IQ==
904ECA,,TWluZCB5b3VyIG93biBidXNpbmVzcyE=,,,,,TmVtIHBlbnNhci4=,,wqFNw6l0ZXRlIGVuIHR1cyBhc3VudG9zIQ==
+E4ECA,,W0luZmFtb3VzIEtpdHR5Y2F0XQpOeW9obyEgTnlvaG8hIEFyZSB5b3UgbG9va2luZyBkb3duIG9uIG1lLCBueW8/CldoeSBkb24ndCB3ZSBtYWtlIGEgYmV0LCB0aGVuLCBueW8/,,,,,W0dpb3Jub10KRGV6IG1pbnV0b3MuLi4gQSBwYXJ0aXIgZGUgYWdvcmEhCl4zMTMxRkYzIEx1bsOhdGljb3MgRm9saGFkb3MgZSAyIEZhYnJlcyBHcmFtw61uZW9zIV4wMDAwMDA=,,W0dhdGl0byBpbmZhbWVdCsKhTWlhdXV1ISDCoU1pYXV1dSEgwr9NZSBlc3TDoXMgc3ViZXN0aW1pYXVuZG8/CsK/UG9yIHF1w6kgbm8gYXBvc3RhbW9zLCBlbnRvbmNlcywgbWlhdT8=
+U4ECA,,W0luZmFtb3VzIEtpdHR5Y2F0XQpeNEQ0REZGSHVudCAzIExlYWYgTHVuYXRpY3MgYW5kIDIgR3Jhc3MgRmFicmVzXjAwMDAwMCBhcm91bmQgaGVyZSBpbiAxMCBtaW51dGVzIQ==,,,,,W0dpb3Jub10KQWgsIG1hcyB2b2PDqiB2YWkgYW1hcmVsYXIgYWdvcmE/IQpUw6EgYWNoYW5kbyBxdWUgbsOjbyDDqSBjYXBhej8=,,W0dhdGl0byBpbmZhbWVdCsKhXjRENERGRkNhemEgM0x1bsOhdGljYXMgZGUgaG9qYSB5IDJGYWJyZSBkZSBoaWVyYmFeMDAwMDAwIHBvciBhcXXDrSBlbiAxMG1pbnV0b3Mh
+k4ECA,,W0luZmFtb3VzIEtpdHR5Y2F0XQpTaG93IG1lIHdoYXQgeW91IGNhbiBkbywgYW5kIEknbGwgc2h1dCB1cCwgbnlvIQ==,,,,,W0dpb3Jub10KR3dhaGFoYSEKTXVpdG8gZGlmw61jaWwgcHJhIHZvY8OqPwpPIHF1ZSBtZSBkaXosIHZhaSB0ZW50YXIgZGUgbm92bz8=,,W0dhdGl0byBpbmZhbWVdCsKhTXXDqXN0cmFtZSBsbyBxdWUgcHVlZGVzIGhhY2VyLCB5IGNlcnJhcsOpIG1pYXUgYm9jYSE=
+04ECA,,QWNjZXB0,,,,,W0dpb3Jub10KTsOjbyBtZSBkaXogcXVlIHZhaSBkZXNpc3RpciwgdmFpPwpWb2PDqiB0w6EgXjMxMzFGRmRpc3RyaWJ1aW5kbyBzZXVzIHBvbnRvc14wMDAwMDAsIG7DqT8=,,QWNlcHRhci4=
/E4ECA,,UmVmdXNlLg==,,,,,W0dpb3Jub10KXjMxMzFGRlByZXNzaW9uZSBBbHQgKyBTIG91IGNsaXF1ZSBubyDDrWNvbmUgZGUgSGFiaWxpZGFkZXMgcGFyYSBhY2Vzc2FyIHN1YSDDgXJ2b3JlIGRlIEhhYmlsaWRhZGVzXjAwMDAwMC4=,,UmVjaGF6YXIu
/U4ECA,,W0luZmFtb3VzIEtpdHR5Y2F0XQpFeGFjdGx5IDEwIG1pbnV0ZXMgZnJvbSBueW93IQpeNEQ0REZGMyBMZWFmIEx1bmF0aWNzIGFuZCAyIEdyYXNzIEZhYnJlc14wMDAwMDAh,,,,,W0dpb3Jub10KQXDDs3MgYXByZW5kZXIgdW1hIGhhYmlsaWRhZGUsIG7Do28gc2UgZXNxdWXDp2EgZGUgdXPDoS1sYSBlbSBiYXRhbGhhLiBEw6Mh,,W0dhdGl0byBpbmZhbWVdCsKhRXhhY3RhbWVudGUgMTBtaWF1bnV0b3MgYSBwYXJ0aXIgZGUgYWhvcmEhCsKhXjRENERGRjNMdW7DoXRpY2FzIGRlIGhvamEgeSAyRmFicmUgZGUgaGllcmJhXjAwMDAwMCE=
/k4ECA,,W0luZmFtb3VzIEtpdHR5Y2F0XQpBcmUgeW91IHJ1bm5pbmcgYXdheT8KWW91J3JlIG5vdCBndXRzeSBlbm91Z2ggdG8gc3Vydml2ZSBpbiB0aGUgbmV3IGNvbnRpbmVudCwgbnlvIQ==,,,,,W0dpb3Jub10KXjMxMzFGRkhhYmlsaWRhZGVzIHF1ZSBwb2RlbSBzZXIgYXRpdmFkYXMgb3UgY29uanVyYWRhcyBzw6NvIGhhYmlsaWRhZGVzIGF0aXZhc14wMDAwMDAuIFJlY29tZW5kYS1zZSBhdHJpYnVpLWxhcyBhIHVtIF4zMTMxRkZhdGFsaG9eMDAwMDAwLg==,,W0dhdGl0byBpbmZhbWVdCsK/VmFzIGEgaHVpcj8KwqFObyB0aWVuZXMgbGFzIGFnYWxsYXMgcGFyYSBzb2JyZXZpdmlyIGVuIGVsIG51ZXZvIGNvbnRpbmVudGUsIG1pYXUh
/04ECA,,W0luZmFtb3VzIEtpdHR5Y2F0XQpOeW8gaG8gaG8hIE55byBobyBobyEhClRvbyBtdWNoIGZvciB5b3UsIG55bz8KU28sIHdhbm5hIHRyeSBhZ2FpbiwgbnlvPw==,,,,,W0dpb3Jub10KRW5maW0uLi4gUXVlciB0ZW50YXIgZGUgbm92bz8=,,W0dhdGl0byBpbmZhbWVdCsKhTWlhdSwganUsIGp1ISDCocKhwqFNaWF1IGp1LCBqdSEhIQrCv0Z1ZSBkZW1pYXVzaWFkbyBwYXJhIHRpPwrCv1F1aWVyZXMgdm9sdmVyIGEgaW50ZW50YXJsbywgbWlhdT8=
AE8ECA,,W0luZmFtb3VzIEtpdHR5Y2F0XQpXYXMgaXQgdG9vIGhhcmQgZm9yIHlvdSwgbnlvPwpEbyB5b3UgdXBncmFkZSB5b3VyIF40RDRERkZza2lsbF4wMDAwMDAgYmVmb3JlIGh1bnRpbmcsIG55bz8=,,,,,Qm9yYSE=,,W0dhdGl0byBpbmZhbWVdCsK/RnVlIGRlbWlhdXNpYWRvIGR1cm8gcGFyYSB0aT8Kwr9RdWllcmVzIG1lam9yYXIgdHUgXjRENERGRkhhYmlsaWRhZF4wMDAwMDAgYW50ZXMgZGUgY2F6YXIsIG1pYXU/
AU8ECA,,W0luZmFtb3VzIEtpdHR5Y2F0XQpZb3UgY2FuIG9wZW4gdGhlIF40RDRERkZTa2lsbCBUcmVlIHdpdGggdGhlIGhvdGtleSwgQWx0ICsgUywgb3IgdGhyb3VnaCB0aGUgU2tpbGwgaWNvbl4wMDAwMDAu,,,,,TmVtIHBlbnNhciE=,,W0dhdGl0byBpbmZhbWVdClB1ZWRlcyBhYnJpciBsYSBeNEQ0REZGQmFycmEgZGUgSGFiaWxpZGFkIGNvbiBlbCBhdGFqbyBBbHQrUyBvIGNvbiBlbCDDrWNvbm8gZGUgSGFiaWxpZGFkXjAwMDAwMC4=
Ak8ECA,,W0luZmFtb3VzIEtpdHR5Y2F0XQpZb3UgZ290dGEgdXBncmFkZSB0aGUgc2tpbGwgeW91IHdhbnQgdG8gdXNlLCBhbmQgdGhlbiB1c2UgaXQgd2VsbCBpbiBiYXR0bGVzLCBueW8u,,,,,W0dpb3Jub10KSGVoLCB2b2PDqiDDqSBwb250YSBmaXJtZSEKQmVsZXphLCBlbnTDo28gdmFtb3MgZGUgbm92byE=,,W0dhdGl0byBpbmZhbWVdClRpZW5lcyBxdWUgbWVqb3JhciBsYSBoYWJpbGlkYWQgcXVlIHF1aWVyYXMgdXNhciwgeSBsdWVnbyB1c2FybGEgYmllbiBlbiBsYXMgYmF0YWxsYXMsIG1pYXUu
A08ECA,,W0luZmFtb3VzIEtpdHR5Y2F0XQpJbiB0aGUgY2FzZSBvZiBhbiBeNEQ0REZGQWN0aXZlIHNraWxsIHRoYXQgYWN0aXZhdGVzIGV2ZXJ5IHRpbWUgeW91IHVzZSBpdF4wMDAwMDAsIHlvdSBjYW4gXjRENERGRnJlZ2lzdGVyIGl0IGZvciBhIGhvdGtleV4wMDAwMDAgZm9yIGVhc3kgdXNlLCBueW8u,,,,,W0dpb3Jub10KR3dhaGFoYSEgRW50w6NvIGV1IGNvbnRpbnVvIHNlbmRvIG8gRG9yYW0gbWFpcyBmb3J0ZSBkYXF1aSEgVW0gZGlhIHZvdSBtZSB0b3JuYXIgdW0gQ2FwbyE=,,W0dhdGl0byBpbmZhbWVdCkVuIGVsIGNhc28gZGUgdW5hIGhhYmlsaWRhZCBeNEQ0REZGQWN0aXZhIHF1ZSB0aWVuZXMgcXVlIHB1bHNhciBwYXJhIHV0aWxpemFyXjAwMDAwMCwgcHVlZGVzIF40RDRERkZyZWdpc3RyYXJsYSBlbiB1biBhdGFqb14wMDAwMDAgcGFyYSBmYWNpbGl0YXIgc3UgdXNvLCBtaWF1Lg==
BE8ECA,,W0luZmFtb3VzIEtpdHR5Y2F0XQpEbyB5b3UgdW5kZXJzdGFuZCBob3cgdG8gdXNlIHNraWxscywgbnlvPwpXaGF0IGFyZSB5b3UgZ29pbmcgdG8gZG8gbnlvdz8=,,,,,W0dpb3Jub10KRWxpbWluZSBeMzEzMUZGMyBMdW7DoXRpY29zIEZvbGhhZG9zIGUgMiBGYWJyZXMgR3JhbcOtbmVvc14wMDAwMDAgbmFzIHJlZG9uZGV6YXMgZGVudHJvIGRlIF4zMTMxRkYxMCBtaW51dG9zXjAwMDAwMCE=,,W0dhdGl0byBpbmZhbWVdCsK/WWEgc2FiZXMgY8OzbW8gdXNhciBsYXMgaGFiaWxpZGFkZXMsIG1pYXU/CsK/UXXDqSBoYXLDoXMgbWlhdWhvcmE/
BU8ECA,,VHJ5IGFnYWlu,,,,,W0dpb3Jub10KVm9jw6ogbsOjbyB0ZXJtaW5vdSBhIHRlbXBvIQpBZ29yYSBxdWUgdm9jw6ogZW50ZW5kZSBxdWUgZXUgc291IG8gbWVsaG9yIERvcmFtIGRhcXVpLCBuw6k/,,SW50ZW50YXIgZGUgbnVldm8u
Bk8ECA,,SSBxdWl0IQ==,,,,,W0dpb3Jub10KSG9obywgbmFkYSBtYWwh,,wqFSZW51bmNpbyE=
B08ECA,,W0luZmFtb3VzIEtpdHR5Y2F0XQpZb3Ugc3VyZSBoYXZlIGEgc3Ryb25nIHdpbGwsIG55byEKQWxsIHJpZ2h0LiBUcnkgaXQgYWdhaW4sIG55byE=,,,,,W0dpb3Jub10KRW50w6NvIMOpIGhvcmEgZGUgZXUgY3VtcHJpciBtaW5oYSBwcm9tZXNzYS4gVm91IHRlIGFqdWRhci4=,,W0dhdGl0byBpbmZhbWVdCsKhUXXDqSB2b2x1bnRhZCBmdWVydGUsIG1pYXUhCkRlIGFjdWVyZG8uIMKhSW50w6ludGFsbyBkZSBudWV2bywgbWlhdSE=
CE8ECA,,W0luZmFtb3VzIEtpdHR5Y2F0XQpIb3cgZ3V0bGVzcy4gWW91IHN1cmUgeW91IGNhbiBzdXJ2aXZlIGluIHRoZSBuZXcgY29udGluZW50LCBueW8/Ck55byBobyBobyEgSSBrbmV3IEknbSB0aGUgc3Ryb25nZXN0IERvcmFtIGFyb3VuZCEgTnlvIGhvIGhvIQ==,,,,,W0dpb3Jub10KLi4uQWdvcmEgdm9jw6ogc2FiZSB1c2FyIGhhYmlsaWRhZGVzISBEZSBuYWRhIQ==,,W0dhdGl0byBpbmZhbWVdClF1w6kgY29iYXJkZS4gwr9TZWd1cm8gcXVlIHB1ZWRlcyBzb2JyZXZpdmlyIGVuIGVsIG51ZXZvIGNvbnRpbmVudGUsIG1pYXU/CsKhTWlhdSwganUsIGp1ISDCoVNhYsOtYSBxdWUgeW8gZXJhIGVsIERvcmFtIG3DoXMgZnVlcnRlIGRlIGFxdcOtISDCoU1pYXUsIGp1LCBqdSE=
CU8ECA,,W0luZmFtb3VzIEtpdHR5Y2F0XQpIdW50IF40RDRERkYzIExlYWYgTHVuYXRpY3MgYW5kIDIgR3Jhc3MgRmFicmVzXjAwMDAwMCBhcm91bmQgaGVyZSBpbiBeNEQ0REZGMTAgbWludXRlc14wMDAwMDAh,,,,,VHUgY2FuYWdsaWEhIFZvY8OqIHTDoSBlbmNoZW5kbyBhIHBhY2nDqm5jaWEgZG9zIG5vdmF0b3MgZGUgbm92bz8h,,W0dhdGl0byBpbmZhbWVdCsKhQ2F6YSBeNEQ0REZGM0x1bsOhdGljYXMgZGUgaG9qYSB5IDJGYWJyZSBkZSBoaWVyYmFeMDAwMDAwIHBvciBhcXXDrSBlbiBeNEQ0REZGMTBtaW51dG9zXjAwMDAwMCE=
Ck8ECA,,W0luZmFtb3VzIEtpdHR5Y2F0XQpUaW1lJ3MgdXAhIE55b29vIGhvIGhvIGhvIGhvIQpEbyB5b3UgbnlvdyB1bmRlcnN0YW5kIHRoYXQgSSdtIHRoZSBzdHJvbmdlc3QgRG9yYW0gYXJvdW5kIGhlcmUsIG55bz8=,,,,,RW5jaGVuZG8gYSBwYWNpw6puY2lhPyBBIGdlbnRlIHTDoSBzw7MgdHJlaW5hbmRvIHVtIHBvdWNvIQ==,,W0dhdGl0byBpbmZhbWVdCsKhU2UgYWNhYsOzIGVsIHRpZW1wbyEgwqFNaWF1IGp1LCBqdSwganUsIGp1IQrCv0VudGllbmRlcyBhaG9yYSBxdWUgc295IGVsIERvcmFtIG1pw6F1cyBmdWVydGUgZGUgcG9yIGFxdcOtPw==
C08ECA,,W0luZmFtb3VzIEtpdHR5Y2F0XQpIdWgsIEkgZGlkbid0IGV4cGVjdCB0aGlzLCBueW8uCkkgbWluZCBEb3JhbXMgd2hvIGFyZSBiZXR0ZXIgdGhhbiBtZSwgbnlvLg==,,,,,U2VpLCBzZWkuLi4=,,W0dhdGl0byBpbmZhbWVdClZheWEsIG5vIG1pYXUgZXNwZXJhYmEgZXN0by4KTWUgbW9sZXN0YW4gbG9zIERvcmFtIHF1ZSBzb24gbWlhdWpvcmVzIHF1ZSB5by4=
DE8ECA,,W0luZmFtb3VzIEtpdHR5Y2F0XQpTdGlsbCwgc2luY2UgeW91IGdvdCB0aGVtLCBJJ2xsIGhlbHAgeW91IHByZXBhcmUgZm9yIHlvdXIgZnV0dXJlLCBueW93Lg==,,,,,RW5maW0uLi4ge30sIHZvY8OqIHByZWNpc2EgaXIgw6AgT2ZpY2luYSBkbyBWZW5kZWRvciBkZSBGZXJyYW1lbnRhcy4gVm91IHRlIGRhciBhcyBkaXJlw6fDtWVzIGF0w6kgbMOhLg==,,W0dhdGl0byBpbmZhbWVdCkHDum4gYXPDrSwgeWEgcXVlIGxvIGxvZ3Jhc3RlLCB0ZSBheXVkYXLDqSBhIHByZXBhcmFydGUgcGFyYSB0dSBmdXR1cm8sIG1pYXUu
DU8ECA,,W0luZmFtb3VzIEtpdHR5Y2F0XQpCeSB0aGUgd2F5LCBkbyB5b3Uga25vdyBhYm91dCBeNEQ0REZGU2tpbGwgVHJlZV4wMDAwMDAsIG55bz8KRGlkIEkgdGVhY2ggeW91IGFib3V0IGl0PwpZb3UgZG9uJ3QgcmVtZW1iZXIsIG55bz8=,,,,,VGUgdmVqbyBsw6Eh,,W0dhdGl0byBpbmZhbWVdClBvciBjaWVydG8sIMK/c2FiZXMgc29icmUgbGEgXjRENERGRkJhcnJhIGRlIEhhYmlsaWRhZF4wMDAwMDAsIG1pYXU/CsK/VGUgZW5zZcOxw6kgc29icmUgZXNvPwrCv05vIHRlIGFjdWVyZGFzLCBtaWF1Pw==
Dk8ECA,,W0luZmFtb3VzIEtpdHR5Y2F0XQpEbyB5b3UgdW5kZXJzdGFuZCBob3cgdG8gdXNlIHNraWxscywgbnlvPwpUaGFuayBtZSBueW93IGhvIGhvIGhvIQ==,,,,,T2xoYSBjb21vIGVsZSBzZSBhY2hhLi4u,,W0dhdGl0byBpbmZhbWVdCsK/WWEgc2FiZXMgY8OzbW8gdXNhciBsYXMgaGFiaWxpZGFkZXMsIG1pYXU/CsKhRGFtZSBsYXMgZ3JhY2lhcywgbWlhdSBqdSwganUsIGp1IQ==
D08ECA,,SGV5ISBZb3UncmUgcHJvdm9raW5nIGEgcGFzc2VyYnkgYWdhaW4h,,,,,W0dpb3Jub10KVm9jw6ogcXVlciBzYWJlciBtYWlzPwpFbnTDo28gcHJlc3Npb25lIG8gw61jb25lIGRlIEhhYmlsaWRhZGVzLiBDb25oZcOnYSB1bSBwb3VjbyBtZWxob3IgYXMgc3VhcyBoYWJpbGlkYWRlcyE=,,wqFPeWUhIMKhT3RyYSB2ZXogcHJvdm9jYW5kbyBhIHVuIHRyYW5zZcO6bnRlIQ==
EE8ECA,,UHJvdm9rZT8gWW91IGRvbid0IGtub3cgcHJvcGVyIHRyYWluaW5nIHdoZW4geW91IHNlZSBpdCwgbnlvIQ==,,,,,W0dpb3Jub10KVG9kbyBEb3JhbSBkZSBiYXRhbGhhIHNlIGVzcGVjaWFsaXphIGVtIGludm9jYcOnw7Vlcy4KUHJpb3JpemUgZXNzYXMgaGFiaWxpZGFkZXMgc2Ugdm9jw6ogcXVpc2VyIGVzdGFyIG5hIGxpbmhhIGRlIGZyZW50ZS4=,,wr9Qcm92b2Nhcj8gwqFObyByZWNvbm9jZXMgZWwgZW50cmVuYW1pYXVudG8gYWRlY3VhZG8gY3VhbmRvIGxvIHZlcyE=
EU8ECA,,S2VlcCB0YWxraW5nLCBhbmQgSSdtIGdvbm5hIGVucm9sbCB5b3UgaW4gdGhlIFZpZ2lsYW50ZXMgYXMgc29vbiBhcyB3ZSBnZXQgdG8gdGhlIHZpbGxhZ2Uh,,,,,QnVjY2VsYXR0aQ==,,wqFTaWd1ZSBoYWJsYW5kbyB5IHRlIGluc2NyaWJpcsOpIGVuIGxvcyBKdXN0aWNpZXJvcyBlbiBjdWFudG8gbGxlZ3VlbW9zIGEgbGEgYWxkZWEh
Ek8ECA,,QWgsIHBsZWFzZSEgSSdtIGEgZnJlZSBzcGlyaXQsIG55byE=,,,,,RWkhIE9saGUgcHJhIG1pbSE=,,wqFBaCwgcG9yIGZhdm9yISDCoVNveSB1biBlc3DDrXJpdHUgbGlicmUsIG1pYXUh
E08ECA,,U2h1dCBpdCwge30sIHlvdXIgZGVzdGluYXRpb24gaXMgdGhlIFRvb2wgU2hvcCBpbiB0aGUgdmlsbGFnZS4gSSdsbCBnaXZlIHlvdSB0aGUgZGlyZWN0aW9ucyBhZ2Fpbi4=,,,,,KlJvbnJvbmFuZG8q,,Q8OhbGxhdGUsIHt9LCB0dSBkZXN0aW5vIGVzIGxhIFRpZW5kYSBkZSBoZXJyYW1pZW50YXMgZW4gbGEgYWxkZWEuIFRlIGRhcsOpIGxhcyBpbmRpY2FjaW9uZXMgZGUgbnVldm8u
FE8ECA,,U2VlIHlvdSBpbiB0aGUgdmlsbGFnZSwgdGhlbiE=,,,,,W0J1Y2NlbGF0dGldCkJ1b24uLi5naW9ybm8uLi4KTm9zc2EuLi4gQWluZGEgbsOjbyBmaXogYSBkaWdlc3TDo28gZG8gY2FwcGVsZXR0aSBxdWUgY29taS4uLiE=,,wqFOb3MgdmVtb3MgZW4gbGEgYWxkZWEsIGVudG9uY2VzIQ==
FU8ECA,,SGUncyBhbHdheXMgb24gaGlzIGhpZ2ggaG9yc2UsIG55by4=,,,,,W0J1Y2NlbGF0dGldCkUgbyBzb2wgdMOhIHTDo28gcXVlbnRpbmhvIGUgZ29zdG9zby4uLgpNYXMgaW5mZWxpem1lbnRlIGV1IGRldmVyaWEgc2FpciBkYXF1aSwgcG9ycXVlLi4uIHBvcnF1ZS4uLg==,,w4lsIHNpZW1wcmUgdGFuIGFycm9nYW50ZSwgbWlhdS4=
Fk8ECA,,W0luZmFtb3VzIEtpdHR5Y2F0XQpZb3UgbmVlZCBtb3JlIHRlYWNoaW5nLCBueW8/,,,,,W0J1Y2NlbGF0dGldClByZWNpc28gZGUgdW1hcyBQbGFudGFzIFZlcm1lbGhhcy4uLg==,,W0dhdGl0byBpbmZhbWVdCsK/TmVjZXNpdGFzIG1pw6F1cyBlbnNlw7Fhbnphcz8=
F08ECA,,W0luZmFtb3VzIEtpdHR5Y2F0XQpUaGUgd29ybGQgaXMgbm90IGFzIGNvbXBsaWNhdGVkIGFzIHlvdSB0aGluaywgbnlvLgpKdXN0IGdldCB5b3Vyc2VsZiBhY3F1YWludGVkIHdpdGggdGhlIFNraWxsIFRyZWUgeW91IGNhbiBzZWUgdGhyb3VnaCB0aGUgU2tpbGwgaWNvbiwgbnlvLg==,,,,,W0J1Y2NlbGF0dGldCk1hcyBjb20gZXNzZSBzb2x6aW5oby4uLiBFc3NlIHZlbnRpbmhvLi4uCkUgbyBtZXUgYnVjaGluaG8gY2hlaW8uLi4=,,W0dhdGl0byBpbmZhbWVdCkVsIG11bmRvIG5vIGVzIHRhbiBjb21wbGljYWRvIGNvbW8gY3JlZXMsIG1pYXUuClNvbG8gdGllbmVzIHF1ZSBmYW1pYXVsaWFyaXphcnRlIGNvbiBsYSBCYXJyYSBkZSBIYWJpbGlkYWQgcXVlIHB1ZWRlcyB2ZXIgYWwgcHVsc2FyIGVsIMOtY29ubyBkZSBIYWJpbGlkYWQu
GE8ECA,,W0luZmFtb3VzIEtpdHR5Y2F0XQpCYXR0bGUgRG9yYW0gc3BlY2lhbGl6ZXMgaW4gc3VtbW9uaW5nLgpVc2UgeW91ciBmYXZvcml0ZSBzdW1tb25pbmcgc2tpbGxzIGluIGJhdHRsZXMsIG55by4=,,,,,W0J1Y2NlbGF0dGldCk5vc3NhLCBuw6NvIGTDoSBwcmEgc2FpciBkYXF1aSwgbsOjby4uLgpNYXMgYXMgUGxhbnRhcyBWZXJtZWxoYXMuLi4=,,W0dhdGl0byBpbmZhbWVdCkxvcyBEb3JhbSBkZSBiYXRhbGxhIHNlIGVzcGVjaWFsaXphbiBlbiBpbnZvY2FjaW9uZXMuClVzYSB0dXMgaGFiaWxpZGFkZXMgZGUgaW52b2NhY2nDs24gZmF2b3JpdGFzIGVuIGxhcyBiYXRhbGxhcywgbWlhdS4=
GU8ECA,,U2x1Z2d5,,,,,SsOhIGVudGVuZGksIHZvdSBwZWdhciBhbGd1bWFzIHByYSB2b2PDqi4=,,U2x1Z2d5
Gk8ECA,,TWVvdy0tIExvb2sgaGVyZSwgbWVvdy0t,,,,,QWgsIHbDoSEgRGVpeGEgZGUgcHJlZ3Vpw6dhIQ==,,TWlhdeKApiBNaXJhIGFxdcOtLCBtaWF14oCm
G08ECA,,KlB1cnJzKg==,,,,,W0J1Y2NlbGF0dGldCk9iYWFhYSEgQWNhYmUgY29tIF4zMTMxRkYzIFBsYW50YXMgVmVybWVsaGFzIGUgbWUgdHJhZ2EgMiBFcnZhcyBWZXJtZWxoYXNeMDAwMDAwLiBQb3IgZmF2b3Ih,,KlJvbnJvbmVvKg==
HE8ECA,,W1NsdWdneV0KTW0sIHlvdSBsb29rIGhlYWx0aHksIG1lb3cuCkknbSB0b28gZnVsbCB0byBtb3ZlIHNpbmNlIEkganVzdCBhdGUsIG1lb3cu,,,,,W0J1Y2NlbGF0dGldCkFsacOhcywgZXNzYXMgRXJ2YXMgcG9kZW0gc2VyIG11aXRvIMO6dGVpcyBwcmEgdm9jw6oh,,W1NsdWdneV0KTW1tLCB0ZSB2ZXMgc2FsdWRhYmxlLCBtaWF1LgpDb23DrSBkZW1pYXVzaWFkbyBjb21vIHBhcmEgbW92ZXJtZS4=
HU8ECA,,W1NsdWdneV0KVGhlIHN1biBpcyBzbyBzaGlueSBhbmQgZ29vZCwgbWVvdy4KQnV0IGl0J3MgYSB0cmFnZWR5IEkgY2FuJ3QgZW5qb3kgaXQsIG1lb3cu,,,,,W0J1Y2NlbGF0dGldCkVuZmltLCBwb2RlIGlyIGFnb3JhLiBWb3UgdGlyYXIgdW1hIHNvbmVxdWluaGEuLi4=,,W1NsdWdneV0KRWwgc29sIGVzIHRhbiBicmlsbGFudGUgeSBhZ3JhZGFibGUsIG1pYXUuClBlcm8gZXMgdW5hIHRyYWdlZGlhIHF1ZSBubyBwdWVkYSBkaXNmcnV0YXJsbywgbWlhdS4=
Hk8ECA,,W1NsdWdneV0KSSBoYXZlIHRvIHBsdWNrIGFsbCB0aGUgcmVkIHBsYW50cyBpbiB0aGlzIGhlcmIgZmllbGQsIG1lb3cuLi4=,,,,,W0J1Y2NlbGF0dGldCk1pYXUuLi4KLi4uTWlhYWFhYWF1Li4u,,W1NsdWdneV0KVGVuZ28gcXVlIGFycmFuY2FyIHRvZGFzIGxhcyBwbGFudGFzIHJvamFzIGRlIGVzdGUgY2FtcG8gZGUgaGllcmJhcywgbWlhdeKApg==
H08ECA,,W1NsdWdneV0KV2FybSBzdW5zaGluZS4uLiBGdWxsIGJlbGx5Li4uCkdlbnRsZSBicmVlemUuLi4=,,,,,W0J1Y2NlbGF0dGldCkFoaGhoLCBldSBuw6NvIHTDtCBwZWRpbmRvIHBvciBtdWl0bywgbsOpPwpBY2FiZSBjb20gXjMxMzFGRjMgUGxhbnRhcyBWZXJtZWxoYXMgZSBtZSB0cmFnYSAyIEVydmFzIFZlcm1lbGhhc14wMDAwMDAh,,W1NsdWdneV0KU29sIGPDoWxpZG/igKYgQmFycmlnYSBsbGVuYeKApgpCcmlzYSBzdWF2ZeKApg==
IE8ECA,,W1NsdWdneV0KSSBjYW4gbmV2ZXIgZ2V0IHVwLCBtZW93Li4uCkkgaGF2ZSB0byBwbHVjayB0aGUgcmVkIHBsYW50cywgbWVvdy4uLgouLi4uLi4uLi5Ib3cgYWJvdXQgYW5jaG92eSBpbiByZXR1cm4sIG1lb3c/,,,,,W0J1Y2NlbGF0dGldCkFoISBFc3NlIGNoZWlyby4uLiEKVm9jw6ogbWUgdHJvdXhlIEVydmFzIFZlcm1lbGhhcz8gTWlhdSE=,,W1NsdWdneV0KTnVuY2EgcG9kcsOpIGxldmFudGFybWUsIG1pYXXigKYKVGVuZ28gcXVlIGFycmFuY2FyIGxhcyBwbGFudGFzIHJvamFzLCBtaWF14oCmCi4uLi4uLi4uLsK/UXXDqSB0YWwgdW5hcyBhbmNob2FzIGEgY2FtYmlvLCBtaWF1Pw==
IU8ECA,,SSdsbCBwbHVjayB0aGUgcGxhbnRzIGZvciB5b3Uu,,,,,W0J1Y2NlbGF0dGldClPDsyBhbGd1bWFzIGZvbGhhcyBqw6EgZmF6ZW0gbXVpdG8gYmVtIHBhcmEgYSBkaWdlc3TDo28u,,QXJyYW5jYXLDqSBsYXMgcGxhbnRhcyBwb3IgdGku
Ik8ECA,,R2V0IHVwIG5vdywgbGF6eSBib25lcyE=,,,,,W0J1Y2NlbGF0dGldClBvZGUgZmljYXIgY29tIGEgb3V0cmEgZXJ2YS4KU2Ugdm9jw6ogY29tw6otbGEsIF4zMTMxRkZyZWN1cGVyYXLDoSB1bSBwb3VjbyBkZSBIUF4wMDAwMDAh,,wqFMZXbDoW50YXRlIHlhLCBob2xnYXrDoW4h
I08ECA,,W1NsdWdneV0KXjRENERGRkdldCByaWQgb2YgMyBSZWQgUGxhbnRzIGFuZCBjb2xsZWN0IDIgUmVkIEhlcmJzXjAwMDAwMCBhcm91bmQgaGVyZSwgbWVvdyE=,,,,,W0J1Y2NlbGF0dGldCk1hcyBzZSB2b2PDqiBmYWxhciBjb20gbyBDYW5vbGksIGVsZSBwb2RlcsOhIHVzYXIgZXNzYSBlcnZhIHBhcmEgZmF6ZXIgdW1hIHBvw6fDo28gbWFpcyBlZmljaWVudGUuLi4=,,W1NsdWdneV0KwqFeNEQ0REZGRGVzaGF6dGUgZGUgM1BsYW50YXMgcm9qYXMgeSByZWNvbGVjdGEgMkhpZXJiYXMgcm9qYXNeMDAwMDAwIHBvciBhcXXDrSwgbWlhdSE=
JE8ECA,,W1NsdWdneV0KSXQgbWlnaHQgaGVscCB5b3UgYmlnIHRpbWUsIG1lb3chCkJlIGNvdW50aW5nIG9uIHlvdSwgbWVvdy4=,,,,,W0J1Y2NlbGF0dGldCkVuZmltLCBldSBzb3UgcHJlZ3Vpw6dvc28sIG1hcyBuw6NvIHNvdSBmb2xnYWRvLgpBcXVpIGVzdMOhIHVtIGFncmFkbyBwb3IgdGVyIG1lIGFqdWRhZG8uIEFyaS1hcmktYXJpLWFycml2ZWRlcmNpIQ==,,W1NsdWdneV0KwqFQb2Ryw61hIGF5dWRhcnRlIG11Y2hvLCBtaWF1IQpDdWVudG8gY29udGlnbywgbWlhdS4=
JU8ECA,,W1NsdWdneV0KSSdsbCBiZSBoZXJlIHRha2luZyBteSB0aW1lLCBqdXN0IGRpZ2VzdGluZyB3aGF0IEkgYXRlLCBtZW93LS0=,,,,,W0J1Y2NlbGF0dGldClTDo8Ojw6NvIGNhbnNhZG8uLi4=,,W1NsdWdneV0KRXN0YXLDqSBhcXXDrSB0b21pw6F1bmRvbWUgbWkgdGllbXBvLCBkaWdpcmllbmRvIGxvIHF1ZSBjb23DreKApg==
Jk8ECA,,W1NsdWdneV0KTWVvd2FhYS4uLgouLi5NZW93YWFhYWFhYS4uLg==,,,,,W0RvcHBpb10KSG1tbS4uLg==,,W1NsdWdneV0KTWlhdWFhYeKApgrigKZNaWF1YWFhYWHigKY=
J08ECA,,W1NsdWdneV0KSSBkb24ndCBuZWVkIHRvbyBtdWNoLCBtZW93LgpKdXN0XjRENERGRmdldCByaWQgb2YgMyBSZWQgUGxhbnRzIGFuZCBjb2xsZWN0IDIgUmVkIEhlcmJzXjAwMDAwMCBhcm91bmQgaGVyZSBmb3IgbWUsIG1lb3cu,,,,,TyBxdWUgaG91dmU/,,W1NsdWdneV0KTm8gbmVjZXNpdG8gZGVtaXVhc2lhZG8uClNvbG9eNEQ0REZGZGVzaGF6dGUgZGUgM1BsYW50YXMgcm9qYXMgeSByZWNvbGVjdGEgMkhpZXJiYXMgcm9qYXNeMDAwMDAwIHBvciBhcXXDrSwgcG9yIG3DrSwgbWlhdS4=
KE8ECA,,W1NsdWdneV0KVGhleSBqdXN0IGdyb3cgYmFjaywgbm8gbWF0dGVyIGhvdyBtYW55IHRpbWVzIEkgcGx1Y2sgdGhlbS4uLiBJJ20gdGlyZWQgb2YgaXQsIG1lb3cuLi4=,,,,,W0RvcHBpb10KT2gsIG5hZGEgbsOjby4KKnN1c3N1cnJhbmRvKiBFdS4uLiBldSBuw6NvIHZvdSBkZXNpc3RpciBhdMOpIGVuY29udHJhciE=,,W1NsdWdneV0KVnVlbHZlbiBhIGNyZWNlciwgbm8gaW1wb3J0YSBjdcOhbnRhcyB2ZWNlcyBsYXMgYXJyYW5xdWXigKYgTWUgY2Fuc2Fyb24sIG1pYXXigKY=
KU8ECA,,W1NsdWdneV0KQWFhaCwgdGhlIHNjZW50IQpZb3UgZ290IFJlZCBIZXJicywgbWVvdyEgTWVvdyE=,,,,,QSBjcmlhbsOnYSBlc3TDoSByZXNtdW5nYW5kbyBiYWl4aW5obyBwYXJhIG7Do28gY2hhbWFyIGEgYXRlbsOnw6NvIGRlIG5pbmd1w6ltLg==,,W1NsdWdneV0KwqFBYWFoLCBlbCBhcm9tYSEKwqFUaWVuZXMgSGllcmJhcyByb2phcywgbWlhdSEgwqFNaWF1IQ==
Kk8ECA,,W1NsdWdneV0KSSdsbCBjaGV3IG9uIGl0IGFuZCBlYXNlIG15IHN0b21hY2guIE1lb3cgbWVvdy4=,,,,,W0RvcHBpb10Kw4kgZXNzYSBtZXNtbyEhIQ==,,W1NsdWdneV0KTGFzIG1hc3RpY2Fyw6kgcGFyYSBhbGl2aWFyIGVsIGVzdMOzbWFnby4gTWlhdSwgbWlhdS4=
K08ECA,,W1NsdWdneV0KSSdsbCBnaXZlIHRoZSBsYXN0IHJlbWFpbmluZyBoZXJiIHRvIHlvdSwgbWVvdy4KRWF0IGl0IHRvIF40RDRERkZyZXN0b3JlIHlvdXIgSFBeMDAwMDAwLCBtZW93IQ==,,,,,QSBjcmlhbsOnYSBwZWdhIGEgY2FpeGEgZSBhIGxldmFudGEgY29tIG11aXRhIGVtcG9sZ2HDp8Ojby4=,,W1NsdWdneV0KVGUgZGFyw6kgbGEgw7psdGltaWF1IGhpZXJiYSBxdWUgcXVlZGEuCsKhQ8OzbWVsYSBwYXJhIF40RDRERkZyZXN0YXVyYXIgdHVzIFBWXjAwMDAwMCwgbWlhdSE=
LE8ECA,,W1NsdWdneV0KT3IgeW91IGNhbiBhc2sgSGFydSBhYm91dCB0dXJuaW5nIGl0IGludG8gYSBwb3Rpb24gZm9yIGJldHRlciBoZWFsaW5nIGVmZmljaWVuY3ksIEkgZ3Vlc3Mu,,,,,W1ZlbmRlZG9yIGRlIEZlcnJhbWVudGFzXQpQZXJhIGzDoSwgZXNzYSBjYWl4YSDDqSBmYW1pbGlhci4uLgrDlCBtb2xlcXVlLCBlc3NhIG7Do28gw6kgYSBjYWl4YSBxdWUgZXUgdGUgcGVkaSBwcmEgZW50cmVnYXIgYW8gQ2Fub2xpPw==,,W1NsdWdneV0KTyBwcmVnw7pudGFsZSBhIEhhcnUgY8OzbW8gY29udmVydGlybGEgZW4gdW5hIHBvY2nDs24gcGFyYSB0ZW5nYSBtZWpvciBlZmljaWVuY2lhIGN1cmF0aXZhLg==
LU8ECA,,W1NsdWdneV0KQW55d2F5LCBJJ20gYSBjYXQgd2hvIHBheXMgcGVvcGxlIGJhY2sgZm9yIHRoZWlyIGhlbHAsIG1lb3cuCkhlcmUncyB5b3VyIHJld2FyZCwgbWVvdy4KRW5qb3kgeW91ciB0cmF2ZWxzLCBtZW93Lg==,,,,,W0RvcHBpb10KQWghCk7Do28gdMO0IG1haXMgYXF1aSEgVGNoYXV6aW5obyEKVmFsZXUgcG9yIGFjaGFyIGEgY2FpeGEgcHJhIG1pbSE=,,W1NsdWdneV0KQ29tbyBzZWEsIHNpZW1wcmUgbGUgcGFnbyBhIHF1aWVuIG1lIGF5dWRhLCBtaWF1LgpBcXXDrSBlc3TDoSB0dSByZWNvbXBlbnNhLCBtaWF1LgpEaXNmcnV0YSBkZSB0dXMgdmlhamVzLCBtaWF1Lg==
Lk8ECA,,W1NsdWdneV0KRmVlbGluZy4uLiBkcm93c3kuLi4gbWVvdy4uLg==,,,,,Li4uRSBsw6EgdmFpIGVsZS4=,,W1NsdWdneV0KU2llbnRv4oCmIHNvbW5vbGllbmNpYeKApiBtaWF14oCm
L08ECA,,W0tpZF0KV2hhdCdzIHRha2luZyBzbyBsb25nLi4uCkFyZ2guLi4=,,,,,W1ZlbmRlZG9yIGRlIEZlcnJhbWVudGFzXQpFbmZpbSwgYWdyYWRlw6dvIHBvciBlbmNvbnRyYXIgYSBjYWl4YS4gR3JhemllIQ==,,W05pw7FvXQpQb3IgcXXDqSB0YXJkYXMgdGFudG/igKYKQXnigKY=
ME8ECA,,SXMgc29tZXRoaW5nIHdyb25nPw==,,,,,W0RvcHBpb10KTsOjbyBlcmEgdm9jw6ogcXVlIGVzdGF2YSBjb20gbyBBZ2xpbyBhcXVlbGEgaG9yYT8KKlN1c3N1cnJhbmRvKiBWb2PDqiBhY2hvdSBhIGNhaXhhPw==,,wr9IYXkgYWxnw7puIHByb2JsZW1hPw==
MU8ECA,,W0tpZF0KTi1uby4KSS1JJ20gbm90IGEgRG9yYW0gd2hvIG1ha2VzIG90aGVycyBkbyBteSB3b3JrIQ==,,,,,Vm9jw6ogbsOjbyBlc3TDoSBjb20gYSBjYWl4YS4gT25kZSBzZXLDoSBxdWUgZWxhIGZpY291Pw==,,W05pw7FvXQpOLW5vLgrCoUNvbW8gRG9yYW0sIG5vIHByZXRlbmRvIHF1ZSBvdHJvcyBoYWdhbiBtaSB0cmFiYWpvIQ==
Mk8ECA,,QSBsaXR0bGUgRG9yYW0gdGhyb3dzIGEgdGFudHJ1bSB3aGlsZSBnbGFuY2luZyBhdCBhbiBhZHVsdCBEb3JhbSBuZXh0IHRvIGhpbS4=,,,,,W0RvcHBpb10KRW50w6NvLi4uIE91dmkgZGl6ZXIgcXVlIHZvY8OqIHZhaSBwcm8gbm92byBtdW5kby4gw4kgaXNzbyBtZXNtbz8KRXUgcXVlcm8gaXIsIHRhbWLDqW0h,,VW4gRG9yYW0gY2hpcXVpdG8gaGFjZSB1biBiZXJyaW5jaGUgbWllbnRyYXMgbWlyYSBhIHVuIERvcmFtIGFkdWx0byBxdWUgZXN0w6EgYSBzdSBsYWRvLg==
M08ECA,,W0tpZF0KWUVTISBUaGlzIGlzIHRoZSBib3ghISEhIQ==,,,,,Vm9jw6ogYWluZGEgw6kgbm92byBkZW1haXMh,,W05pw7FvXQrCoVPDjSEgwqHCocKhRXN0YSBlcyBsYSBjYWphISEh
NE8ECA,,VGhlIGtpZCBoZWxkIHRoZSBib3ggeW91IGdhdmUgaGlnaCBhbmQgZXhjbGFpbWVkIGluIGEgZHJhbWF0aWMgZmFzaGlvbi4=,,,,,VmVuZGVkb3IgZGUgRmVycmFtZW50YXM=,,KEVsIGNoaWNvIHNvc3R1dm8gZW4gYWx0byBsYSBjYWphIHF1ZSBsZSBkaXN0ZSB5IGV4Y2xhbcOzIGRlIGZvcm1hIGRyYW3DoXRpY2EpLg==
NU8ECA,,W1Rvb2wgTWVyY2hhbnRdCldhaXQsIHRoYXQgYm94IGxvb2tzIGZhbWlsaWFyLgpJc24ndCB0aGF0IHRoZSBib3ggSSB0b2xkIHlvdSB0byBkZWxpdmVyIHRvIEhhcnU/IFlvdSBicmF0IQ==,,,,,W1ZlbmRlZG9yIGRlIEZlcnJhbWVudGFzXQpFbmZpbS4gQWdyYWRlw6dvIHBvciBtZSB0cmF6ZXIgYSBjYWl4YS4gR3JhemllIQ==,,W0NvbWVyY2lhbnRlIGRlIGhlcnJhbWllbnRhc10KRXNwZXJhLCBlc2EgY2FqYSBtZSByZXN1bHRhIGZhbWlsaWFyLgrCv05vIGVzIGxhIGNhamEgcXVlIHRlIGRpamUgcXVlIGxlIGVudHJlZ2FyYXMgYSBIYXJ1PyDCoU1vY29zbyE=
Nk8ECA,,W0tpZF0KKkdhc3AqCkknbSBnb2luZywgc2lyISBHb2luZyByaWdodCBub3chClRoYW5rIHlvdSBmb3IgZmluZGluZyB0aGUgYm94IQ==,,,,,W0RvcHBpb10KSHVtLCBhcGFyZW50ZW1lbnRlIG7Do28uLi4=,,W05pw7FvXQoqSmFkZWEqCsKhWWEgdm95LCBzZcOxb3IhIMKhQWhvcmEgbWlzbW8hCsKhR3JhY2lhcyBwb3IgZW5jb250cmFyIGxhIGNhamEh
N08ECA,,QmFoLCBsb29rIGF0IGhpbSB2YW5pc2hpbmcu,,,,,W1ZlbmRlZG9yIGRlIEZlcnJhbWVudGFzXQpIdW0sIHBlbG8gdmlzdG8gdm9jw6ogdmVpbyBwYXJhIHNlIGp1bnRhciDDoCBlcXVpcGUgZGUgZXhwbG9yYcOnw6NvIGRvIG5vdm8gbXVuZG8sIGNlcnRvPwpNZXUgZmlsaG8gdGUgZGV1IHVtIHRyYWJhbGjDo28sIG7DqT8KQWdyYWRlw6dvIHBlbGEgYWp1ZGEu,,QmFoLCBtaXJhIGPDs21vIHNlIGRlc3ZhbmVjZS4=
OE8ECA,,W1Rvb2wgTWVyY2hhbnRdCkFueXdheSwgdGhhbmtzIGZvciByZXRyaWV2aW5nIHRoZSBib3guCklmIHlvdSdyZSBub3QgYnVzeSwgbGV0J3MgaGF2ZSBhIHRhbGsgZm9yIGEgc2Vjb25kLg==,,,,,W1ZlbmRlZG9yIGRlIEZlcnJhbWVudGFzXQpOw6NvIMOpIG11aXRvLCBtYXMgZXNwZXJvIHF1ZSBhY2VpdGUgaXNzbyBjb21vIHVtIHByZXNlbnRlIGRlIGdyYXRpZMOjby4KU3VhcyByb3VwYXMgbsOjbyBlc3TDo28gbMOhIG5hcyBtZWxob3JlcyBjb25kacOnw7VlcywgZW50w6NvIGFxdWkgZXN0w6NvIGFsZ3VtYXMgXjMxMzFGRnJvdXBhcyBub3Zhc14wMDAwMDAgdGFtYsOpbS4=,,W0NvbWVyY2lhbnRlIGRlIGhlcnJhbWllbnRhc10KQ29tbyBzZWEsIGdyYWNpYXMgcG9yIHJlY3VwZXJhciBsYSBjYWphLgpTaSBlc3TDoXMgbGlicmUsIGhhYmxlbW9zIHVuIG1vbWVudG8u
OU8ECA,,W0tpZF0KWW91IHdlcmUgd2l0aCBBZ2xpbywgcmlnaHQ/CihXaGlzcGVycykgRGlkIHlvdSBnZXQgbXkgYm94Pw==,,,,,W1ZlbmRlZG9yIGRlIEZlcnJhbWVudGFzXQpOw6NvIGltcG9ydGEgZW0gcXVhbCBjaWRhZGUgdm9jw6ogZm9yLCBzZW1wcmUgaGF2ZXLDoSB1bSBWZW5kZWRvciBkZSBGZXJyYW1lbnRhcyBjb21vIGV1Lg==,,W05pw7FvXQpFc3RhYmFzIGNvbiBBZ2xpbywgwr92ZXJkYWQ/CihTdXN1cnJhKSDCv1JlY2liaXN0ZSBtaSBjYWphPw==
Ok8ECA,,LSBJIGRvbid0IGhhdmUgdGhlIGJveC4gV2hlcmUgZGlkIEkgbGVhdmUgaXQ/IC0=,,,,,W1ZlbmRlZG9yIGRlIEZlcnJhbWVudGFzXQpBaCwgYXF1aSBlc3TDoSB1bSBeMzEzMUZGS2l0IGRlIENvbWJpbmHDp8OjbywgdGFtYsOpbS4gTyBDdXJhbmRlaXJvIENhbm9saV4wMDAwMDAgcG9kZXLDoSB0ZSBhanVkYXIgY29tIGlzc28uClBlZ3VlIGVzdGVzIHByZXNlbnRlcyBlIHbDoSBmYWxhciBjb20gZWxlLg==,,KE5vIHRlbmdvIGxhIGNhamEuIMK/RMOzbmRlIGxhIGRlasOpPyk=
O08ECA,,W0tpZF0KSSBoZWFyZCB5b3Ugd2VyZSBoZWFkaW5nIHRvIHRoZSBuZXcgY29udGluZW50LgpJIHdhbnQgdG8gZ28gdG9vIQ==,,,,,W1ZlbmRlZG9yIGRlIEZlcnJhbWVudGFzXQpTZSB2b2PDqiBwcmVjaXNhciB2ZW5kZXIgdW5zIGl0ZW5zLCBzw7MgZmFsYXIgY29taWdvLgpDYXBpY2hlPw==,,W05pw7FvXQpPw60gcXVlIHRlIGRpcmlnZXMgYWwgbnVldm8gY29udGluZW50ZS4KwqFZbyB0YW1iacOpbiBxdWllcm8gaXIh
PE8ECA,,WW91J3JlIHRvbyB5b3VuZyBmb3IgdGhhdCEgSnVzdCBlbnJvbGwgaW4gdGhlIFZpZ2lsYW50ZXMu,,,,,W1ZlbmRlZG9yIGRlIEZlcnJhbWVudGFzXQpWw6EgcnVtbyBhbyBeMzEzMUZGbGVzdGVeMDAwMDAwIGRhcXVpIHBhcmEgZW5jb250cmFyIGEgY2FzYSBkbyBeMzEzMUZGQ3VyYW5kZWlybyBDYW5vbGleMDAwMDAwLg==,,wqFFcmVzIGRlbWFzaWFkbyBqb3ZlbiBwYXJhIGVzbyEgU29sbyBpbnNjcsOtYmV0ZSBlbiBsb3MgSnVzdGljaWVyb3Mu
PU8ECA,,VG9vbCBNZXJjaGFudA==,,,,,W1ZlbmRlZG9yIGRlIEZlcnJhbWVudGFzXQpBIMOhcmVhIMOgIGZyZW50ZSBkYSBjYXNhIGRlbGUgw6kgcmVwbGV0YSBkZSBwbGFudGFzLiBFbGUgZXN0w6Egc2VtcHJlIHVzYW5kby1hcyBwYXJhIGNyaWFyIG5vdmFzIHBvw6fDtWVzLgpeMzEzMUZGSMOhIG11aXRvcyB2YXNvcyBhbyByZWRvciBkYSBjYXNhIGRlbGVeMDAwMDAwLiBOw6NvIHRlbSBlcnJvLiBBcnJpdmVkZXJjaSE=,,VG9vbCBNZXJjaGFudA==
Pk8ECA,,W0tpZF0KWW91IHdlcmUgd2l0aCBBZ2xpbywgcmlnaHQ/CkRpZCB5b3UgZ2V0IG15IGJveD8=,,,,,W1ZlbmRlZG9yIGRlIEZlcnJhbWVudGFzXQpDYW5vbGkgw6kgdW1hIHBlc3NvYSBtdWl0byBpbnRlbGlnZW50ZS4gRWxlIHNlbXByZSBzYWJlIHByZXBhcmFyIG9zIHJlbcOpZGlvcyBjZXJ0b3MgcGFyYSBjYWRhIGRvZW7Dp2Eu,,W05pw7FvXQpFc3RhYmFzIGNvbiBBZ2xpbywgwr92ZXJkYWQ/CsK/UmVjaWJpc3RlIG1pIGNhamE/
P08ECA,,W0tpZF0KV2VsbC4uLiBTZWVpbmcgdGhhdCB5b3UncmUgZW1wdHktaGFuZGVkLCBJIGd1ZXNzIG5vdC4uLgpPb2guLi4gQWdsaW8uLi4gTXkgYm94Li4u,,,,,W1ZlbmRlZG9yIGRlIEZlcnJhbWVudGFzXQpTdWdpcm8gcXVlIGZhw6dhIHVtYSB2aXNpdGluaGEgYSBlbGUuIFZvY8OqIHBvZGVyw6EgYXByZW5kZXIgYWxndW1hcyBjb2lzYXMgYmVtIGltcG9ydGFudGVzLg==,,W05pw7FvXQpCdWVub+KApiBWaWVuZG8gcXVlIHRpZW5lcyBsYXMgbWFub3MgdmFjw61hcywgc3Vwb25nbyBxdWUgbm/igKYKT2jigKYgQWdsaW/igKYgTWkgY2FqYeKApg==
QE8ECA,,W1Rvb2wgTWVyY2hhbnRdCkxvb2tzIGxpa2UgeW91J3JlIGhlcmUgdG8gZXhwbG9yZSB0aGUgbmV3IGNvbnRpbmVudCwgdG9vLCBlaD8KSSBzZWUgdGhhdCBteSBzb24gdHJvdWJsZWQgeW91LgpUaGFua3MgZm9yIHlvdXIgaGVscC4=,,,,,W1ZlbmRlZG9yIGRlIEZlcnJhbWVudGFzXQpTaWdhIHJ1bW8gYW8gXjMxMzFGRmxlc3RlXjAwMDAwMCBkYXF1aSBwYXJhIGVuY29udHJhciBhIGNhc2EgZG8gXjMxMzFGRkN1cmFuZGVpcm8gQ2Fub2xpXjAwMDAwMC4=,,W0NvbWVyY2lhbnRlIGRlIGhlcnJhbWllbnRhc10KUGFyZWNlIHF1ZSB0w7ogdGFtYmnDqW4gdmluaXN0ZSBhIGV4cGxvcmFyIGVsIG51ZXZvIGNvbnRpbmVudGUsIMK/ZWg/ClZlbyBxdWUgbWkgaGlqbyB0ZSB0cmFqbyBwcm9ibGVtYXMuCkdyYWNpYXMgcG9yIHR1IGF5dWRhLg==
QU8ECA,,W1Rvb2wgTWVyY2hhbnRdCkl0IGlzbid0IG11Y2gsIGJ1dCBwbGVhc2UgYWNjZXB0IHRoaXMgYXMgYSB0b2tlbiBvZiBteSB0aGFua3MuCllvdXIgY2xvdGhlcyBsb29rIGRpcnR5LCBzbyBJIHB1dCBpbiBhIF40RDRERkZuZXcgc2hpcnReMDAwMDAwLCB0b28u,,,,,W1ZlbmRlZG9yIGRlIEZlcnJhbWVudGFzXQpBIMOhcmVhIMOgIGZyZW50ZSBkYSBjYXNhIGRlbGUgw6kgcmVwbGV0YSBkZSBwbGFudGFzLiBFbGUgZXN0w6Egc2VtcHJlIHVzYW5kby1hcyBwYXJhIGNyaWFyIG5vdmFzIHBvw6fDtWVzLgpeMzEzMUZGSMOhIG11aXRvcyB2YXNvcyBhbyByZWRvciBkYSBjYXNhIGRlbGVeMDAwMDAwLiBOw6NvIHRlbSBlcnJvLg==,,W0NvbWVyY2lhbnRlIGRlIGhlcnJhbWllbnRhc10KTm8gZXMgbXVjaG8sIHBlcm8gYWNlcHRhIGVzdG8gY29tbyBtdWVzdHJhIGRlIG1pIGFncmFkZWNpbWllbnRvLgpUdSByb3BhIHNlIHZlIHN1Y2lhLCBhc8OtIHF1ZSBwdXNlIHVuYSBeNEQ0REZGY2FtaXNldGEgbnVldmFeMDAwMDAwLCB0YW1iacOpbi4=
Qk8ECA,,W1Rvb2wgTWVyY2hhbnRdCkFueSB2aWxsYWdlIHlvdSBnbyB0byB3aWxsIGhhdmUgYSBUb29sIE1lcmNoYW50IGxpa2UgbWUuClZpc2l0IGEgTWVyY2hhbnQgaWYgeW91IG5lZWQgdG8gYnV5IHNvbWUgaXRlbXMgb3Igc2VsbCB5b3VyIHN0dWZmIHF1aWNrbHku,,,,,W1ZlbmRlZG9yIGRlIEZlcnJhbWVudGFzXQpFbmZpbS4gUG9zc28gZmF6ZXIgbWFpcyBhbGd1bWEgY29pc2EgcG9yIHZvY8OqPw==,,W0NvbWVyY2lhbnRlIGRlIGhlcnJhbWllbnRhc10KVG9kYXMgbGFzIGFsZGVhIHF1ZSB2aXNpdGVzIHRlbmRyw6FuIHVuIENvbWVyY2lhbnRlIGRlIGhlcnJhbWllbnRhcyBjb21vIHlvLgpWaXNpdGEgYSB1biBDb21lcmNpYW50ZSBzaSBuZWNlc2l0YXMgY29tcHJhciBhbGfDum4gb2JqZXRvIG8gdmVuZGVyIHR1cyBjb3NhcyByw6FwaWRvLg==
Q08ECA,,W1Rvb2wgTWVyY2hhbnRdCkFzIGZvciB0aGUgXjRENERGRkNvbWJpbmF0aW9uIEtpdCwgSGVhbGVyIEhhcnVeMDAwMDAwIGNhbiB0ZWxsIHlvdSBob3cgdG8gdXNlIGl0LgpUYWtlIHRoZXNlIHRvIGhpbS4=,,,,,Q29tcHJhci4=,,W0NvbWVyY2lhbnRlIGRlIGhlcnJhbWllbnRhc10KRW4gY3VhbnRvIGFsIF40RDRERkZLaXQgZGUgY29tYmluYWNpb25lcywgZWwgU2FuYWRvciBIYXJ1XjAwMDAwMCBwdWVkZSBkZWNpcnRlIGPDs21vIHVzYXJsby4KTGzDqXZhbGUgZXN0by4=
RE8ECA,,W1Rvb2wgTWVyY2hhbnRdCllvdSdsbCBoYXZlIHRvIGZpbmQgbWUgaWYgeW91IG5lZWQgdG8gZ2V0IHJpZCBvZiB5b3VyIHN0dWZmLgpZb3Uga25vdyB3aGF0IHRoaXMgbWVhbnMsIHJpZ2h0Pw==,,,,,VmVuZGVyLg==,,W0NvbWVyY2lhbnRlIGRlIGhlcnJhbWllbnRhc10KVGVuZHLDoXMgcXVlIGVuY29udHJhcm1lIHNpIHF1aWVyZXMgZGVzaGFjZXJ0ZSBkZSB0dXMgY29zYXMuClNhYmVzIGxvIHF1ZSBlc3RvIHNpZ25pZmljYSwgwr92ZXJkYWQ/
RU8ECA,,W1Rvb2wgTWVyY2hhbnRdCl40RDRERkZIZWFsZXIgSGFydSdzIEhvdXNlXjAwMDAwMCBpcyB3YXkgXjRENERGRmVhc3ReMDAwMDAwIG9mIGhlcmUu,,,,,W1ZlbmRlZG9yIGRlIEZlcnJhbWVudGFzXQpPIHF1ZSB2b2PDqiBidXNjYT8gRXUgdGVuaG8gcG/Dp8O1ZXMsIGFybWFkaWxoYXMgZSBtdWl0byBtYWlzIQ==,,W0NvbWVyY2lhbnRlIGRlIGhlcnJhbWllbnRhc10KXjRENERGRkxhIGNhc2EgZGVsIFNhbmFkb3IgSGFydV4wMDAwMDAgZXN0w6EgbGVqb3MsIGFsIF40RDRERkZlc3RlXjAwMDAwMCBkZSBhcXXDrS4=
Rk8ECA,,W1Rvb2wgTWVyY2hhbnRdClRoZXJlIGFyZSBzbyBtYW55IHBsYW50cyBhbmQgaGVyYnMsIHdoaWNoIGhlIHVzZXMgZm9yIHRlc3RzLCBpbiBmcm9udCBvZiBoaXMgaG91c2UuCkl0J3MgdGhlIF40RDRERkZob3VzZSB3aXRoIG1hbnkgZmxvd2VycG90c14wMDAwMDAsIHNvIHlvdSdsbCBoYXZlIG5vIHRyb3VibGUgZmluZGluZyBpdC4=,,,,,W1ZlbmRlZG9yIGRlIEZlcnJhbWVudGFzXQpCb2EhIE8gcXVlIHZvY8OqIHRlbSBhw60/,,W0NvbWVyY2lhbnRlIGRlIGhlcnJhbWllbnRhc10KRGVsYW50ZSBkZSBzdSBjYXNhIGhheSBtdWNoYXMgcGxhbnRhcyB5IGhpZXJiYXMgcXVlIHV0aWxpemEgcGFyYSBoYWNlciBwcnVlYmFzLgpFcyBsYSBjYXNhIF40RDRERkZjb24gbXVjaGFzIG1hY2V0YXNeMDAwMDAwLCBhc8OtIHF1ZSBubyB0ZSBjb3N0YXLDoSBlbmNvbnRyYXJsYS4=
R08ECA,,W1Rvb2wgTWVyY2hhbnRdCkhhcnUgaXMgc28gc21hcnQgdGhhdCBldmVyeW9uZSBpbiBvdXIgdmlsbGFnZSBnb2VzIHRvIGhpbSB3aGVuIHRoZXkgZ2V0IHNpY2su,,,,,W1ZlbmRlZG9yIGRlIEZlcnJhbWVudGFzXQpCdW9uZ2lvcm5vISBPIHF1ZSBkZXNlamE/,,W0NvbWVyY2lhbnRlIGRlIGhlcnJhbWllbnRhc10KSGFydSBlcyB0YW4gaW50ZWxpZ2VudGUgcXVlIHRvZG9zIGVuIG51ZXN0cmEgYWxkZWEgYWN1ZGVuIGEgw6lsIGN1YW5kbyBzZSBlbmZlcm1hbi4=
SE8ECA,,W1Rvb2wgTWVyY2hhbnRdCllvdSBoYXZlIGEgbG9uZyBqb3VybmV5IGFoZWFkLiBJJ20gc3VyZSBoZSBjYW4gaGVscCB5b3Ugd2l0aCB0aGF0IHRvby4KQmUgc3VyZSB0byBtZWV0IGhpbS4=,,,,,W1ZlbmRlZG9yIGRlIEZlcnJhbWVudGFzXQpPSyEgTyBxdWUgdm9jw6ogdGVtIGHDrT8=,,W0NvbWVyY2lhbnRlIGRlIGhlcnJhbWllbnRhc10KVGllbmVzIHVuIGxhcmdvIHZpYWplIHBvciBkZWxhbnRlLiBTZWd1cm8gcXVlIHRhbWJpw6luIHB1ZWRlIGF5dWRhcnRlIGNvbiBlc28uCkFzZWfDunJhdGUgZGUgY29ub2NlcmxvLg==
SU8ECA,,W1Rvb2wgTWVyY2hhbnRdClNvLCBkbyB5b3UgbmVlZCBzb21ldGhpbmc/,,,,,Q3VyYW5kZWlybyBDYW5vbGk=,,W0NvbWVyY2lhbnRlIGRlIGhlcnJhbWllbnRhc10KQXPDrSBxdWUsIMK/bmVjZXNpdGFzIGFsZ28/
Sk8ECA,,QnV5IGl0ZW1z,,,,,W0N1cmFuZGVpcm8gQ2Fub2xpXQpBcyBwZXNzb2FzIHTDqm0gdmluZG8gZGUgdG9kb3Mgb3MgY2FudG9zIGRvIG11bmRvIHBhcmEgbWUgdmlzaXRhci4uLgpWb2PDqiBwcmVjaXNhIGRlIGFsZ28/,,Q29tcHJhciBvYmpldG9zLg==
S08ECA,,U2VsbCBpdGVtcw==,,,,,TW9zdHJhciBhIENhbm9saSBvIEtpdCBkZSBDb21iaW5hw6fDo28u,,VmVuZGVyIG9iamV0b3Mu
TE8ECA,,W1Rvb2wgTWVyY2hhbnRdCldoYXQgZG8geW91IG5lZWQ/IFBvdGlvbnMsIHRyYXBzLCBtYWduaWZpZXJzLCBJIGhhdmUgdGhlbSBhbGwh,,,,,W0N1cmFuZGVpcm8gQ2Fub2xpXQpWb2PDqiBlc3TDoSBhcXVpIHBhcmEgYXByZW5kZXIgYSBhcnRlIGRlIG1pc3R1cmFyIHBvw6fDtWVzPwpBbnRlcyBkZSB0dWRvLCB2b2PDqiBwcmVjaXNhcsOhIGRlIHVtIExpdnJvIGRlIENvbWJpbmHDp8Ojby4KQSBwb8Onw6NvIMOpIHVtIGluZ3JlZGllbnRlIGRlIG11aXRhIGltcG9ydMOibmNpYSwgb2J2aWFtZW50ZS4=,,W0NvbWVyY2lhbnRlIGRlIGhlcnJhbWllbnRhc10Kwr9RdcOpIG5lY2VzaXRhcz8gUG9jaW9uZXMsIHRyYW1wYXMsIGx1cGFzLCDCoXRlbmdvIGRlIHRvZG8h
TU8ECA,,W1Rvb2wgTWVyY2hhbnRdCkdvb2QgY2hvaWNlLiBZb3UgaGF2ZSB0byBnZXQgcmlkIG9mIHVzZWxlc3Mgc3R1ZmYgdGhhdCdzIGJvZ2dpbmcgeW91IGRvd24h,,,,,W0N1cmFuZGVpcm8gQ2Fub2xpXQpEdXJhbnRlIHN1YSBhdmVudHVyYSB2b2PDqiBjaGVnb3UgYSB2ZXIgYWxndW1hcyBwbGFudGFzLCBuw6NvPwpeMzEzMUZGUGxhbnRhcyBWZXJtZWxoYXMsIEF6dWlzLCBWZXJkZXMsIEJyYW5jYXMuLi5eMDAwMDAw,,W0NvbWVyY2lhbnRlIGRlIGhlcnJhbWllbnRhc10KQnVlbmEgZWxlY2Npw7NuLiDCoVRpZW5lcyBxdWUgZGVzaGFjZXJ0ZSBkZSBsYXMgY29zYXMgaW7DunRpbGVzIHF1ZSB0ZSBwZXNhbiE=
Tk8ECA,,W1Rvb2wgTWVyY2hhbnRdCldlbGNvbWUu,,,,,W0N1cmFuZGVpcm8gQ2Fub2xpXQpBbyBjb3J0YXIgZXNzYXMgcGxhbnRhcywgdm9jw6ogcG9kZSBjb25zZWd1aXIgZXJ2YXMuCkVzc2FzIGVydmFzIHBvZGVtIHNlciBwcm9jZXNzYWRhcyBwYXJhLCBlbnTDo28sIGNyaWFyIHBvw6fDtWVzLg==,,W0NvbWVyY2lhbnRlIGRlIGhlcnJhbWllbnRhc10KVGUgZGFtb3MgbGEgYmllbnZlbmlkYS4=
T08ECA,,SGVhbGVyIEhhcnU=,,,,,W0N1cmFuZGVpcm8gQ2Fub2xpXQpFcnZhcyBWZXJtZWxoYXMuLi4gSW5mZWxpem1lbnRlIGV1IG7Do28gdGVuaG8gbmVuaHVtYSBzb2JyYW5kbyBhcXVpLgpWb2PDqiB0ZXLDoSBxdWUgbWUgdHJhemVyIGFsZ3VtYXMu,,SGVhbGVyIEhhcnU=
UE8ECA,,W0hlYWxlciBIYXJ1XQpXZSBnZXQgbWFueSBvdXRzaWRlcnMgdGhlc2UgZGF5cy4KV2hhdCBkbyB5b3UgbmVlZD8=,,,,,W0N1cmFuZGVpcm8gQ2Fub2xpXQpCZW0sIHRlbSBhbGd1bWFzIHBsYW50YXMgYXF1aSBuYSBmcmVudGUgZGUgY2FzYS4gVm9jw6ogYXMgdml1PwpQb2RlIGNvcnTDoS1sYXMuIFRyYWdhLW1lIF4zMTMxRkYxIEVydmEgVmVybWVsaGFeMDAwMDAwLg==,,W1NhbmFkb3IgSGFydV0KSG95IGVuIGTDrWEgcmVjaWJpbW9zIGEgbXVjaG9zIGV4dHJhw7Fvcy4Kwr9RdcOpIG5lY2VzaXRhcz8=
UU8ECA,,U2hvdyBDb21iaW5hdGlvbiBLaXQu,,,,,W0N1cmFuZGVpcm8gQ2Fub2xpXQpWYW1vcyEgQW5kaWFtbywgYW5kaWFtbyE=,,TW9zdHJhciBlbCBLaXQgZGUgY29tYmluYWNpb25lcy4=
Uk8ECA,,W0hlYWxlciBIYXJ1XQpPaCEgRGlkIHlvdSBjb21lIHRvIGxlYXJuIGhvdyB0byBtYWtlIHBvdGlvbnM/ClRoZW4sIGZpcnN0LCB5b3UgbmVlZCBhIENvbWJpbmF0aW9uIEJvb2suCk9mIGFsbCB0aGUgaXRlbXMgeW91IGNhbiBjcmVhdGUsIHBvdGlvbnMgYXJlIHRoZSBtb3N0IGltcG9ydGFudC4=,,,,,RWksIGpvdmVtIERvcmFtLiBWZW5oYSBjw6EsIHBvciBmYXZvci4=,,W1NhbmFkb3IgSGFydV0KwqFBaCEgwr9WaW5pc3RlIHBhcmEgYXByZW5kZXIgYSBoYWNlciBwb2Npb25lcz8KRW50b25jZXMsIHByaW1lcm8gbmVjZXNpdGFzIHVuIExpYnJvIGRlIGNvbWJpbmFjaW9uZXMuCkRlIHRvZG9zIGxvcyBvYmpldG9zIHF1ZSBwdWVkZXMgY3JlYXIsIGxhcyBwb2Npb25lcyBzb24gbGFzIG3DoXMgaW1wb3J0YW50ZXMu
U08ECA,,W0hlYWxlciBIYXJ1XQpIYXZlIHlvdSBzZWVuIHBsYW50cyBncm93aW5nIG9uIHRoZSBmaWVsZHMgd2hpbGUgb24geW91ciBqb3VybmV5PwpUaGV5IGhhdmUgdmFyaW91cyBjb2xvcnMsIF40RDRERkZyZWQsIGJsdWUsIGdyZWVuLCB3aGl0ZSxeMDAwMDAwIGFuZCBzbyBvbi4=,,,,,W0N1cmFuZGVpcm8gQ2Fub2xpXQpDb21vIHBvc3NvIHRlIGFqdWRhcj8=,,W1NhbmFkb3IgSGFydV0Kwr9WaXN0ZSBsYXMgcGxhbnRhcyBxdWUgY3JlY8OtYW4gZW4gbG9zIGNhbXBvcyBtaWVudHJhcyB2aWFqYWJhcz8KVGllbmVuIHZhcmlvcyBjb2xvcmVzLCBeNEQ0REZGcm9qbywgYXp1bCwgdmVyZGUsIGJsYW5jbyxeMDAwMDAwLCB5IG3DoXMu
VE8ECA,,W0hlYWxlciBIYXJ1XQpZb3UgY2FuIGZpbmQgaGVyYnMgZnJvbSB0aGVtLgpBbmQgaGVyYnMgY2FuIGJlIHVzZWQgdG8gY3JlYXRlIHZhcmlvdXMgdXNlZnVsIG1lZGljaW5lcy4=,,,,,TWUgY3VyZSE=,,W1NhbmFkb3IgSGFydV0KUHVlZGVzIG9idGVuZXIgaGllcmJhcyBkZSBlbGxhcy4KWSBsYXMgaGllcmJhcyBzZSBwdWVkZW4gdXNhciBwYXJhIGNyZWFyIGRpdmVyc29zIG1lZGljYW1lbnRvcyDDunRpbGVzLg==
VU8ECA,,W0hlYWxlciBIYXJ1XQpJIGhhdmUuLi4gTm8sIEkgZG9uJ3QgaGF2ZSBhbnkgUmVkIEhlcmJzIGxlZnQuCkkgdGhpbmsgeW91IHNob3VsZCBnYXRoZXIgc29tZSB5b3Vyc2VsZi4=,,,,,QXByZW5kZXIgUHJpbWVpcm9zIFNvY29ycm9z,,W1NhbmFkb3IgSGFydV0KU29sbyB0ZW5nb+KApiBObywgbm8gbWUgcXVlZGFuIEhpZXJiYXMgcm9qYXMuCkNyZW8gcXVlIHRlbmRyw6FzIHF1ZSByZWNvbGVjdGFyIGFsZ3VuYXMu
Vk8ECA,,W0hlYWxlciBIYXJ1XQpIZXJicyBncm93IG5lYXIgdGhlIGVudHJhbmNlIG9mIHRoZSB2aWxsYWdlLiBIYXZlIHlvdSBzZWVuIHRoZW0/Cl40RDRERkZDb2xsZWN0IDEgUmVkIEhlcmIgZnJvbSB0aGUgdmlsbGFnZSBlbnRyYW5jZV4wMDAwMDAgZm9yIHByYWN0aWNlLg==,,,,,U29icmUgRXJ2YXMgTWVkaWNpbmFpcy4=,,W1NhbmFkb3IgSGFydV0KTGFzIGhpZXJiYXMgY3JlY2VuIGNlcmNhIGRlIGxhIGVudHJhZGEgZGUgbGEgYWxkZWEuIMK/TGFzIGhhcyB2aXN0bz8KXjRENERGRlJlY29sZWN0YSAxSGllcmJhIHJvamEgZGUgbGEgZW50cmFkYSBkZSBsYSBhbGRlYV4wMDAwMDAgcGFyYSBwcmFjdGljYXIu
V08ECA,,W0hlYWxlciBIYXJ1XQpIdXJyeSB1cCBub3ch,,,,,W0N1cmFuZGVpcm8gQ2Fub2xpXQpNaW5oYSBub3NzYSwgZW0gcXVlIGJyaWdhIGRlIGZvaWNlIHZvY8OqIHNlIG1ldGV1PwpFbmZpbSwgbsOjbyBzZSBwcmVvY3VwZS4gUXVhbmRvIGNhc2FyLCBzYXJhLg==,,W1NhbmFkb3IgSGFydV0KwqFEYXRlIHByaXNhIQ==
WE8ECA,,WW91IHRoZXJlLCByb29raWUgRG9yYW0sIGNvbWUgaGVyZS4=,,,,,W0N1cmFuZGVpcm8gQ2Fub2xpXQpNaW5oYSBub3NzYSwgZW0gcXVlIGJyaWdhIGRlIGZvaWNlIHZvY8OqIHNlIG1ldGV1PwpQb3NzbyBjdXJhciB2b2PDqiBwb3IgY29tcGxldG8gcG9yIDUuMDAwIHplbnkuIFR1ZG8gYmVtPw==,,VMO6LCBEb3JhbSBwcmluY2lwaWFudGUsIHZlbiBhcXXDrS4=
WU8ECA,,W0hlYWxlciBIYXJ1XQpXaGF0IGlzIGl0Pw==,,,,,UG9yIGZhdm9yLg==,,W1NhbmFkb3IgSGFydV0Kwr9RdcOpIHN1Y2VkZT8=
Wk8ECA,,SGVscCE=,,,,,TsOjbyB0ZW5obyBlc3NlIGRpbmhlaXJvLCBuw6NvLg==,,wqFBeXVkYSE=
W08ECA,,QWJvdXQgRmlyc3QgQWlk,,,,,W0N1cmFuZGVpcm8gQ2Fub2xpXQpNdWl0byBvYnJpZ2Fkby4=,,UHJlZ3VudGFyIHNvYnJlIFByaW1lcm9zIEF1eGlsaW9zLg==
XE8ECA,,QWJvdXQgSGVyYm9sb2d5,,,,,W0N1cmFuZGVpcm8gQ2Fub2xpXQrDiSBtZWxob3IgZGVzY2Fuc2FyIHVtIHBvdWNvIGF0w6kgc2V1IEhQIHJlY3VwZXJhciwgZW50w6NvLg==,,UHJlZ3VudGFyIHNvYnJlIEhlcmJvbG9nw61hLg==
XU8ECA,,W0hlYWxlciBIYXJ1XQpNeSwgd2hhdCBoYXBwZW5lZD8KWW91J2xsIGJlIGZpbmUgbm93Lg==,,,,,W0N1cmFuZGVpcm8gQ2Fub2xpXQpVw6ksIHZvY8OqIGrDoSBuw6NvIGNvbmhlY2UgYSBoYWJpbGlkYWRlIFByaW1laXJvcyBTb2NvcnJvcy4uLj8=,,W1NhbmFkb3IgSGFydV0KVmF5YSwgwr9xdcOpIHBhc8OzPwpBaG9yYSBlc3RhcsOhcyBiaWVuLg==
Xk8ECA,,W0hlYWxlciBIYXJ1XQpPaCBteS4uLgpBcmUgeW91IGluIGEgbG90IG9mIHBhaW4/CllvdSBoYXZlIHRvIHBheSA1LDAwMHogZm9yIGZ1bGwgcmVzdG9yYXRpb24uIERvIHlvdSB3YW50IG1lIHRvIGhlYWwgeW91Pw==,,,,,W0N1cmFuZGVpcm8gQ2Fub2xpXQpBaCwgdm9jw6ogcXVlciBzYWJlciBtYWlzIHNvYnJlIGEgaGFiaWxpZGFkZSBQcmltZWlyb3MgU29jb3Jyb3M/CkVsYSBjb252ZXJ0ZSB1bSBwb3VjbyBkbyBzZXUgU1AgZW0gSFAu,,W1NhbmFkb3IgSGFydV0KVmF5YeKApgrCv1RlIGR1ZWxlIG11Y2hvPwpUaWVuZXMgcXVlIHBhZ2FyIDUwMDB6ZW55IHBvciB1bmEgcmVzdGF1cmFjacOzbiBjb21wbGV0YS4gwr9RdWllcmVzIHF1ZSB0ZSBjdXJlPw==
X08ECA,,WWVzLg==,,,,,W0N1cmFuZGVpcm8gQ2Fub2xpXQpFdSBkZXZvIGFkbWl0aXIgcXVlIGEgY3VyYSBuw6NvIMOpIGzDoSBkYXMgbWVsaG9yZXMuLi4KTWFzIHBvZGUgc2FsdmFyIHN1YSB2aWRhIG5hIGhvcmEgZG8gYXBlcnRvIQ==,,U8OtLg==
YE8ECA,,VGhhdCdzIHRvbyBleHBlbnNpdmUu,,,,,W0N1cmFuZGVpcm8gQ2Fub2xpXQpQYXJhIHZlciBlc3NhIGUgb3V0cmFzIGhhYmlsaWRhZGVzLCBhYnJhIGEgXjMxMzFGRsOBcnZvcmUgZGUgSGFiaWxpZGFkZXNeMDAwMDAwLgpTZSBxdWlzZXIsIHBvZGUgYWJyaS1sYSB1c2FuZG8gbyBhdGFsaG8gXjMxMzFGRkFsdCArIFNeMDAwMDAwLg==,,RXMgbXV5IGNhcm8u
YU8ECA,,W0hlYWxlciBIYXJ1XQpUaGFuayB5b3UgZm9yIHlvdXIgcGF0cm9uYWdlLg==,,,,,W0N1cmFuZGVpcm8gQ2Fub2xpXQpBbGnDoXMsIGFxdWkgdmFpIG91dHJhIGRpY2E6ClByZXNzaW9uZSBeMzEzMUZGRjEyXjAwMDAwMCBwYXJhIGFicmlyIGEgamFuZWxhIGRlIGF0YWxob3Mu,,W1NhbmFkb3IgSGFydV0KR3JhY2lhcyBwb3IgdHUgYXBveW8u
Yk8ECA,,W0hlYWxlciBIYXJ1XQpUaGVuLCB5b3UgY2FuIHJlc3QgdXAgYW5kIHRha2UgeW91ciB0aW1lIHRvIHJlY292ZXIu,,,,,W0N1cmFuZGVpcm8gQ2Fub2xpXQpFbGEgw6kgYmVtIGbDoWNpbCBkZSBlbnRlbmRlci4gXjMxMzFGRkNhZGEgcXVhZHJhZGluaG8gcmVwcmVzZW50YSBhcyB0ZWNsYXMgRjEgYSBGOV4wMDAwMDAuCkFycmFzdGUgbyBpdGVtIG91IGhhYmlsaWRhZGUgcGFyYSB1bSBkZXNzZXMgcXVhZHJhZG9zIGUgcXVhbmRvIHF1aXNlciB1c8OhLWxvLCBwcmVzc2lvbmUgYSB0ZWNsYSBjb3JyZXNwb25kZW50ZS4=,,W1NhbmFkb3IgSGFydV0KRW50b25jZXMsIHB1ZWRlcyBkZXNjYW5zYXIgeSB0b21hcnRlIHR1IHRpZW1wbyBwYXJhIHJlY3VwZXJhcnRlLg==
Y08ECA,,W0hlYWxlciBIYXJ1XQpZb3UndmUgYWxyZWFkeSBsZWFybmVkIEZpcnN0IEFpZC4KQ29tZSBvbiwgZG8geW91IHJlYWxseSBoYXZlIHRvIGJvdGhlciBtZSBsaWtlIHRoaXM/,,,,,QXRlbsOnw6NvOgpeMzEzMUZGSXRlbnMgZSBhcm1hcyByZWdpc3RyYWRhcyBjb21vIGF0YWxob3MgcG9kZW0gc2VyIHVzYWRvcyBvdSBlcXVpcGFkb3MgaW1lZGlhdGFtZW50ZSBhbyBwcmVzc2lvbmFyIEYxIGEgRjkuXjAwMDAwMA==,,W1NhbmFkb3IgSGFydV0KWWEgYXByZW5kaXN0ZSBQcmltZXJvcyBBdXhpbGlvcy4KVmFtb3MsIMK/ZGUgdmVyZGFkIHRpZW5lcyBxdWUgbW9sZXN0YXJtZSBhc8OtPw==
ZE8ECA,,W0hlYWxlciBIYXJ1XQpPaCwgRmlyc3QgQWlkPyBJJ20gcXVpdGUgcGxlYXNlZCB0byBrbm93IHlvdSB3YW50IHRvIGxlYXJuIGl0LgpGaXJzdCBBaWQgZW5hYmxlcyB5b3UgdG8gY29udmVydCBTUCBpbnRvIEhQIHdoZW4geW91J3JlIGluIGRhbmdlci4=,,,,,QXRlbsOnw6NvOgpeMzEzMUZGVm9jw6ogdGFtYsOpbSBwb2RlIGRlZmluaXIgc2V1cyBwcsOzcHJpb3MgYXRhbGhvcy4gQmFzdGEgYWNlc3NhciBhcyBjb25maWd1cmHDp8O1ZXMgZGUgYXRhbGhvLl4wMDAwMDA=,,W1NhbmFkb3IgSGFydV0KT2gsIMK/UHJpbWVyb3MgQXV4aWxpb3M/IE1lIGNvbXBsYWNlIHNhYmVyIHF1ZSBxdWllcmVzIGFwcmVuZGVyIGVzby4KTG9zIFByaW1lcm9zIEF1eGlsaW9zIHRlIHBlcm1pdGVuIGNvbnZlcnRpciBQTSBlbiBQViBjdWFuZG8gZXN0w6FzIGVuIHBlbGlncm8u
ZU8ECA,,W0hlYWxlciBIYXJ1XQpJdCBkb2Vzbid0IHJlc3RvcmUgYSBsb3Qgb2YgSFAsCmJ1dCBhdCBsZWFzdCBpdCBjYW4gcHJldmVudCB5b3UgZnJvbSBiZWluZyBrbm9ja2VkIGRvd24u,,,,,QXRlbsOnw6NvOgpeMzEzMUZGRmFjaWxpdGUgYSBzdWEgdmlkYSBjb20gYXRhbGhvcyBwYXJhIG9zIGl0ZW5zIGUgaGFiaWxpZGFkZXMgcXVlIHZvY8OqIG1haXMgdXNhIV4wMDAwMDA=,,W1NhbmFkb3IgSGFydV0KRXN0byBubyByZXN0YXVyYSBtdWNob3MgUFYsCnBlcm8gYWwgbWVub3MgcHVlZGUgZXZpdGFyIHF1ZSB0ZSBkZXJyaWJlbi4=
Zk8ECA,,W0hlYWxlciBIYXJ1XQpZb3UgY2FuIG9wZW4gdGhlIFNraWxsIHdpbmRvdyB3aXRoIHRoZSBeNEQ0REZGU2tpbGxeMDAwMDAwIGJ1dHRvbiBpbiB0aGUgQmFzaWMgSW5mbyB3aW5kb3cuCkl0cyBob3RrZXkgaXMgXjRENERGRkFsdCArIFNeMDAwMDAwLg==,,,,,W0N1cmFuZGVpcm8gQ2Fub2xpXQpBZ29yYSwgYWJyYSBhIGphbmVsYSBkZSBhdGFsaG9zLCByZWdpc3RyZSBQcmltZWlyb3MgU29jb3Jyb3MgcGFyYSB1bSBhdGFsaG8gZSB1c2UtYS4KVmFpIHZlciBxdWUgw6kgbXVpdG8gbWFpcyBmw6FjaWwgdXNhciBkZXNzZSBqZWl0byE=,,W1NhbmFkb3IgSGFydV0KUHVlZGVzIGFicmlyIGxhIHZlbnRhbmEgZGUgSGFiaWxpZGFkIGNvbiBlbCBib3TDs24gZGUgXjRENERGRkhhYmlsaWRhZF4wMDAwMDAgZW4gbGEgdmVudGFuYSBkZSBJbmZvcm1hY2nDs24gYsOhc2ljYS4KRWwgYXRham8gZXMgXjRENERGRkFsdCtTXjAwMDAwMC4=
Z08ECA,,W0hlYWxlciBIYXJ1XQpOb3csIGhlcmUncyBhIHVzZWZ1bCB0aXAgZm9yIHlvdS4KV2hhdCBoYXBwZW5zIGlmIHlvdSBwcmVzcyBeNEQ0REZGRjEyXjAwMDAwMD8KT29vLCBzZWUgdGhlIHNob3J0Y3V0IHdpbmRvdyB3aXRoIDkgc21hbGwgc2xvdHMgaW4gaXQ/,,,,,W0N1cmFuZGVpcm8gQ2Fub2xpXQpQb2RlIGlyIGzDoSEgUHJhIG9udGVtISBTZSB2aXJhIG5vcyB0cmludGEh,,W1NhbmFkb3IgSGFydV0KQWhvcmEgdGUgZGFyw6kgdW4gY29uc2VqbyDDunRpbC4Kwr9RdcOpIG9jdXJyZSBzaSBwdWxzYXMgXjRENERGRkYxMl4wMDAwMDA/CsK/VmVzIGxhIHZlbnRhbmEgZGUgYWNjZXNvIGRpcmVjdG8gY29uIDlyYW51cmFzIHBlcXVlw7Fhcz8=
aE8ECA,,W0hlYWxlciBIYXJ1XQpEcmFnIG9uIHRoZSByaWdodCBlZGdlIG9mIHRoZSB3aW5kb3csIGFuZCB5b3UgY2FuIGNoYW5nZSB0byBhbm90aGVyIHNob3J0Y3V0IHdpbmRvdy4=,,,,,W0N1cmFuZGVpcm8gQ2Fub2xpXQpBaCwgdm9jw6ogdHJvdXhlIGEgZXJ2YSEKRWxhIF4zMTMxRkZwb2RlIHNlciBjb21pZGEgY3J1YSwgbWFzIHNldSBlZmVpdG8gw6kgcG90ZW5jaWFsaXphZG8gc2UgZm9yIHVzYWRhIG5hIG1pc3R1cmEgZGUgdW1hIHBvw6fDo29eMDAwMDAwLg==,,W1NhbmFkb3IgSGFydV0KQXJyYXN0cmEgc29icmUgZWwgYm9yZGUgZGVyZWNobyBkZSBsYSB2ZW50YW5hIHkgcG9kcsOhcyBjYW1iaWFyIGEgb3RyYSB2ZW50YW5hIGRlIGFjY2VzbyBkaXJlY3RvLg==
aU8ECA,,W0hlYWxlciBIYXJ1XQpJdCdzIGVhc3kgdG8gdXNlLiBeNEQ0REZGRWFjaCBzaG9ydGN1dCBzbG90IGlzIGFzc2lnbmVkIHRvIGEga2V5LCBmcm9tIEYxIHRvIEY5XjAwMDAwMC4KWW91IGNhbiByZWdpc3RlciBza2lsbHMgb3IgaXRlbXMgaW4gdGhlbSBhbmQgdXNlIHRoZW0gd2l0aCB0aGUga2V5cyBpbnN0ZWFkLg==,,,,,W0N1cmFuZGVpcm8gQ2Fub2xpXQpFcnZhcyB0w6ptIGVmZWl0b3MgZGlmZXJlbnRlcyBkZSBhY29yZG8gY29tIGFzIHN1YXMgY29yZXMuCl4zMTMxRkZFcnZhcyBWZXJkZXMgY3VyYW0gZW52ZW5lbmFtZW50by5eMDAwMDAwCl4zMTMxRkZFcnZhcyBBenVpcywgcG9yIG91dHJvIGxhZG8sIHJlc3RhdXJhbSBTUF4wMDAwMDAu,,W1NhbmFkb3IgSGFydV0KRXMgZsOhY2lsIGRlIHVzYXIuIF40RDRERkZDYWRhIHJhbnVyYSBkZSBhY2Nlc28gZGlyZWN0byB0aWVuZSBhc2lnbmFkYSBhIHVuYSB0ZWNsYSwgZGUgRjEgYSBGOV4wMDAwMDAuClB1ZWRlcyByZWdpc3RyYXIgaGFiaWxpZGFkZXMgdSBvYmpldG9zIGVuIGVsbGFzIHkgdXRpbGl6YXJsb3MgY29uIGxhcyB0ZWNsYXMu
ak8ECA,,IS0gR3VpZGUgLSEKXjRENERGRllvdSBjYW4gZHJhZyBhbmQgZHJvcCBza2lsbHMgYW5kIGljb25zIG9udG8gdGhlIHNob3J0Y3V0IHNsb3RzIHRvIHJlZ2lzdGVyIHRoZW0uXjAwMDAwMA==,,,,,W0N1cmFuZGVpcm8gQ2Fub2xpXQpBIEVydmEgVmVybWVsaGEgw6kgY2FwYXogZGUgcmVjdXBlcmFyIHNldSBIUC4KU2Ugdm9jw6ogZXh0cmFpciB1bSBwb3VjbyBkZSBzdWEgZXNzw6puY2lhIGUgY29sb2NhciBlbSB1bWEgZ2FycmFmYS4uLg==,,LcKhR3XDrWEhLQpeNEQ0REZGUHVlZGVzIGFycmFzdHJhciB5IHNvbHRhciBoYWJpbGlkYWRlcyBlIMOtY29ub3MgZW4gbGFzIHJhbnVyYXMgZGUgYWNjZXNvIGRpcmVjdG8gcGFyYSByZWdpc3RyYXJsb3MuXjAwMDAwMA==
a08ECA,,IS0gR3VpZGUgLSEKXjRENERGRlRoZSBpdGVtcyBhbmQgZXF1aXBtZW50IGluIHRoZSBzbG90cyBjYW4gYmUgdXNlZCBvciBlcXVpcHBlZCB3aXRoIEYxIHRvIEY5Ll4wMDAwMDA=,,,,,W0N1cmFuZGVpcm8gQ2Fub2xpXQpFbGEgc2UgdG9ybmEgdW1hIHBvw6fDo28sIHF1ZSB2b2PDqiBwb2RlcsOhIGJlYmVyIGEgcXVhbHF1ZXIgbW9tZW50byEKVm91IHRlIGRhciB1bWEgZGVzc2FzLiBBcXVpIGVzdMOhLg==,,LcKhR3XDrWEhLQpeNEQ0REZGRWwgZXF1aXBhbWllbnRvIHkgbG9zIG9iamV0b3MgZGUgbGFzIHJhbnVyYXMgc2UgcHVlZGVuIHV0aWxpemFyIG8gZXF1aXBhciBjb24gbGFzIHRlY2xhcyBkZSBGMSBhIEY5Ll4wMDAwMDA=
bE8ECA,,IS0gR3VpZGUgLSEKXjRENERGRllvdSBjYW4gY3VzdG9taXplIHlvdXIgc2hvcnRjdXQga2V5cyBpbiB0aGUgU2hvcnRjdXQgS2V5IFNldHRpbmcgd2luZG93Ll4wMDAwMDA=,,,,,W0N1cmFuZGVpcm8gQ2Fub2xpXQpEZXBvaXMgZGUgcmV1bmlyIG9zIGluZ3JlZGllbnRlcyBsaXN0YWRvcyBubyBMaXZybyBkZSBDb21iaW5hw6fDo28sCl4zMTMxRkZ1c2UgbyBLaXQgZGUgQ29tYmluYcOnw6NvXjAwMDAwMCBwYXJhIGNyaWFyIG8gaXRlbSBxdWUgdm9jw6ogZGVzZWphLg==,,LcKhR3XDrWEhLQpeNEQ0REZGUHVlZGVzIHBlcnNvbmFsaXphciBsYXMgdGVjbGFzIGRlIGFjY2VzbyBkaXJlY3RvIGVuIGxhIHZlbnRhbmEgZGUgQ29uZmlndXJhY2nDs24gZGUgdGVjbGFzIGRlIGFjY2VzbyBkaXJlY3RvLl4wMDAwMDA=
bU8ECA,,IS0gR3VpZGUgLSEKXjRENERGRlJlZ2lzdGVyIHlvdXIgZnJlcXVlbnRseSB1c2VkIGl0ZW1zIGFuZCBza2lsbHMgdG8gdXNlIHRoZW0gcXVpY2tseS5eMDAwMDAw,,,,,W0N1cmFuZGVpcm8gQ2Fub2xpXQpDb20gb3MgaW5ncmVkaWVudGVzIGNvcnJldG9zLCB2b2PDqiBuw6NvIHPDsyBwb2RlcsOhIG1pc3R1cmFyIHBvw6fDtWVzLCBjb21vIHRhbWLDqW0gY3JpYXIgZGl2ZXJzYXMgZmVycmFtZW50YXMuIEZhw6dhIGJvbSB1c28gZGVsZSE=,,LcKhR3XDrWEhLQpeNEQ0REZGUmVnaXN0cmEgdHVzIGhhYmlsaWRhZGVzIHkgb2JqZXRvcyBkZSB1c28gZnJlY3VlbnRlIHBhcmEgdXRpbGl6YXJsb3MgcsOhcGlkYW1lbnRlLl4wMDAwMDA=
bk8ECA,,W0hlYWxlciBIYXJ1XQpOb3csIHBsZWFzZSBvcGVuIHRoZSBTa2lsbCB3aW5kb3csIHJlZ2lzdGVyIEZpcnN0IEFpZCwgYW5kIHRoZW4gdXNlIGl0IHdpdGggdGhlIGhvdGtleS4KWW91J2xsIHNlZSBob3cgY29udmVuaWVudCB0aGF0IGlzLg==,,,,,W0N1cmFuZGVpcm8gQ2Fub2xpXQpFdSB0ZSBkZWkgdW1hIEVydmEgVmVybWVsaGEgZSB1bWEgTWHDp8OjIHBhcmEgdm9jw6ogZXhwZXJpbWVudGFyLgpBZ29yYSwgY3JpZSB1bWEgcG/Dp8OjbyB1c2FuZG8gbyBLaXQgZGUgQ29tYmluYcOnw6NvLg==,,W1NhbmFkb3IgSGFydV0KQWhvcmEsIGFicmUgbGEgdmVudGFuYSBkZSBIYWJpbGlkYWQsIHJlZ2lzdHJhIFByaW1lcm9zIEF1eGlsaW9zLCB5IGx1ZWdvIMO6c2FsbyBjb24gbGEgdGVjbGEgZGUgYWNjZXNvIHLDoXBpZG8uCllhIHZlcsOhcyBxdcOpIHByw6FjdGljbyBlcy4=
b08ECA,,W0hlYWxlciBIYXJ1XQpZb3UgYnJvdWdodCBpdC4KXjRENERGRkhlcmJzIGFyZSBkZWxpY2lvdXMgdG8gZWF0IGFzIGl0IGlzLCBidXQgdGhleSdyZSBtb3JlIGVmZmVjdGl2ZSBpZiB5b3UgbWFrZSBwb3Rpb25zIHdpdGggdGhlbV4wMDAwMDAu,,,,,W0N1cmFuZGVpcm8gQ2Fub2xpXQpQYXJhIGxlciBvIExpdnJvIGRlIENvbWJpbmHDp8OjbywKXjMxMzFGRnByZXNzaW9uZSBvIGJvdMOjbyBkaXJlaXRvIG5vIExpdnJvIGRlIENvbWJpbmHDp8Ojb14wMDAwMDAgZSBeMzEzMUZGY2xpcXVlIG5vIMOtY29uZSBkbyBMaXZyb14wMDAwMDAgcXVlIGVzdGl2ZXIgbmEgZGVzY3Jpw6fDo28u,,W1NhbmFkb3IgSGFydV0KTGEgdHJhamlzdGUuCl40RDRERkZMYXMgaGllcmJhcyB5YSBzb24gZGVsaWNpb3NhcyBkZSBwb3Igc8OtLCBwZXJvIHNvbiBtw6FzIGVmZWN0aXZhcyBzaSBwcmVwYXJhcyBwb2Npb25lcyBjb24gZWxsYXNeMDAwMDAwLg==
cE8ECA,,W0hlYWxlciBIYXJ1XQpIZXJicyBoYXZlIGRpZmZlcmVudCBwcm9wZXJ0aWVzLCBkZXBlbmRpbmcgb24gdGhlaXIgY29sb3IuCl40RDRERkZHcmVlbiBIZXJicyByZW1vdmUgUG9pc29uXjAwMDAwMC4KXjRENERGRkJsdWUgSGVyYnMgcmVzdG9yZSBTUF4wMDAwMDAu,,,,,QWghIEFxdWkgZXN0w6Eh,,W1NhbmFkb3IgSGFydV0KTGFzIGhpZXJiYXMgdGllbmVuIHByb3BpZWRhZGVzIGRpZmVyZW50ZXMgc2Vnw7puIHN1IGNvbG9yLgpeNEQ0REZGTGEgSGllcmJhIHZlcmRlIGVsaW1pbmEgZWwgVmVuZW5vXjAwMDAwMC4KXjRENERGRkxhIEhpZXJiYSBhenVsIHJlc3RhdXJhIFBNXjAwMDAwMC4=
cU8ECA,,W0hlYWxlciBIYXJ1XQpBbmQgdGhlIG90aGVyIGhlcmJzCnJlc3RvcmUgSFAsIGp1c3QgbGlrZSB0aGlzIHJlZCBvbmUuCklmIHlvdSBzcXVlZXplIHRoaXMgaGVyYiBhbmQgYm90dGxlIHRoZSBqdWljZS4uLg==,,,,,W0N1cmFuZGVpcm8gQ2Fub2xpXQpOYSBzYcOtZGEgZGEgdmlsYSwgaMOhIHVtIGxvY2FsIG9uZGUgbmFzY2VtIGFsZ3VtYXMgZXJ2YXMgbWVkaWNpbmFpcy4KQ29ydGUgXjMxMzFGRnVtYSBQbGFudGEgVmVybWVsaGEgZSB0cmFnYS1tZSB1bWEgRXJ2YSBWZXJtZWxoYV4wMDAwMDAu,,W1NhbmFkb3IgSGFydV0KWSBsYXMgb3RyYXMgaGllcmJhcwpyZXN0YXVyYW4gUFYsIGFsIGlndWFsIHF1ZSBlc3RhIHJvamEuClNpIGV4cHJpbWVzIGVzdGEgaGllcmJhIHkgZW1ib3RlbGxhcyBlbCBsw61xdWlkb+KApg==
ck8ECA,,W0hlYWxlciBIYXJ1XQppdCBiZWNvbWVzIGEgcG90aW9uIHRoYXQgeW91IGNhbiBkcmluayBhbnl0aW1lIGFueXdoZXJlIQpIZXJlLCB5b3UgY2FuIGhhdmUgaXQu,,,,,W0N1cmFuZGVpcm8gQ2Fub2xpXQpBZmluYWwgZGUgY29udGFzLCB2b2PDqiBwcmVjaXNhIHZlciBjb21vIHPDo28gYXMgRXJ2YXMsIGNlcnRvPw==,,W1NhbmFkb3IgSGFydV0KwqFzZSBjb252aWVydGUgZW4gdW5hIHBvY2nDs24gcXVlIHB1ZWRlcyBiZWJlciBlbiBjdWFscXVpZXIgbW9tZW50byB5IGVuIGN1YWxxdWllciBsdWdhciEKVG9tYSwgZXMgcGFyYSB0aS4=
c08ECA,,W0hlYWxlciBIYXJ1XQpHZXQgdGhlIG1hdGVyaWFscyBsaXN0ZWQgaW4gdGhlIENvbWJpbmF0aW9uIEJvb2sKYW5kIGNvbWJpbmUgdGhlbSB3aXRoIF40RDRERkZDb21iaW5hdGlvbiBLaXRzIGFuZCBjb29raW5nIHRvb2xzXjAwMDAwMCB0byBjcmVhdGUgaXRlbXMu,,,,,W0N1cmFuZGVpcm8gQ2Fub2xpXQpCZW0sIGrDoSB0ZSBlbnNpbmVpIG8gYsOhc2ljbyBzb2JyZSBhcyBlcnZhcyBtZWRpY2luYWlzLgpObyBlbnRhbnRvLCBhaW5kYSBuw6NvIHRlIGZhbGVpIGRhIF4zMTMxRkZQbGFudGEgQnJpbGhhbnRlXjAwMDAwMC4=,,W1NhbmFkb3IgSGFydV0KQ29uc2lndWUgbG9zIG1hdGVyaWFsZXMgcXVlIGZpZ3VyYW4gZW4gZWwgTGlicm8gZGUgY29tYmluYWNpb25lcwp5IGNvbWLDrW5hbG9zIGNvbiBeNEQ0REZGS2l0cyBkZSBjb21iaW5hY2lvbmVzIHkgdXRlbnNpbGlvcyBkZSBjb2NpbmFeMDAwMDAwIHBhcmEgY3JlYXIgb2JqZXRvcy4=
dE8ECA,,W0hlYWxlciBIYXJ1XQpJbiBhZGRpdGlvbiB0byBwb3Rpb25zLCB5b3UgY2FuIGFsc28gbWFrZSB1c2VmdWwgdG9vbHMgd2l0aCB0aGluZ3MgdGhhdCB5b3UgY2FuIGZpbmQgYXJvdW5kIHlvdS4gSSBob3BlIHRoYXQgYm9vayBpcyB1c2VmdWwgdG8geW91Lg==,,,,,W0N1cmFuZGVpcm8gQ2Fub2xpXQpWb2PDqiBudW5jYSBzYWJlIHF1YWwgdGlwbyBkZSBFcnZhIHZhaSBjb25zZWd1aXIgcXVhbmRvIGNvcnRhciB1bWEgZGVzc2FzLgpBbGnDoXMsIHVtYSB2ZXogYXTDqSBjb25zZWd1aSB1bSBGcnV0byBkZSBZZ2dkcmFzaWwh,,W1NhbmFkb3IgSGFydV0KQWRlbcOhcyBkZSBwb2Npb25lcywgdGFtYmnDqW4gcHVlZGVzIGNyZWFyIGhlcnJhbWllbnRhcyDDunRpbGVzIGNvbiBjb3NhcyBxdWUgZW5jdWVudHJlcyBhIHR1IGFscmVkZWRvci4gRXNwZXJvIHF1ZSBlc2UgbGlicm8gdGUgc2VhIMO6dGlsLg==
dU8ECA,,W0hlYWxlciBIYXJ1XQpJIGFsc28gZ2F2ZSB5b3UgYSBSZWQgSGVyYiBhbmQgYW4gQXBwbGUsIHNvIHlvdSBjYW4gdXNlIHRoZW0gdG8gbWFrZSBzb21ldGhpbmcKd2l0aCBvbmUgb2YgdGhlIENvbWJpbmF0aW9uIEtpdHMgSSBnYXZlIHlvdS4=,,,,,W0N1cmFuZGVpcm8gQ2Fub2xpXQpKw6Egb3V2aSBkaXplciBxdWUgXjMxMzFGRkFscXVpbWlzdGFzXjAwMDAwMCwgXjMxMzFGRkNyaWFkb3Jlc14wMDAwMDAgZSBhdMOpIG1lc21vIGEgZXZvbHXDp8OjbyBkZWxlcywgb3MgXjMxMzFGRkJpb3F1w61taWNvc14wMDAwMDAsCnTDqm0gc3VhcyBwcsOzcHJpYXMgZm9ybWFzIGRlIG1hbnVzZWFyIHBvw6fDtWVzLg==,,W1NhbmFkb3IgSGFydV0KVGFtYmnDqW4gdGUgZGkgdW5hIEhpZXJiYSByb2phIHkgdW5hIE1hbnphbmEsIHBhcmEgcXVlIHB1ZWRhcyBjcmVhciBhbGdvCmNvbiB1bm8gZGUgbG9zIEtpdHMgZGUgY29tYmluYWNpb25lcyBxdWUgdGUgZGku
dk8ECA,,W0hlYWxlciBIYXJ1XQpGb3IgeW91ciBpbmZvcm1hdGlvbiwgdG8gcmVhZCB0aGUgQ29tYmluYXRpb24gQm9vaywKXjRENERGRnJpZ2h0LWNsaWNrIHRoZSBDb21iaW5hdGlvbiBCb29rXjAwMDAwMCBhbmQgXjRENERGRmNsaWNrIHRoZSBCb29rIGljb25eMDAwMDAwIHRoYXQgYXBwZWFycyBpbiB0aGUgRGV0YWlscyB3aW5kb3cu,,,,,W0N1cmFuZGVpcm8gQ2Fub2xpXQpRdWFuZG8gY2hlZ2FyIGEgUnVuZS1NaWRnYXJkLCBwZXJndW50ZSBwYXJhIG91dHJvcyBodW1hbm9zIHF1ZSBwZXJ0ZW7Dp2FtIGEgZXNzYXMgY2xhc3NlcyBwYXJhIHNhYmVyIG1haXMuCkFycml2ZWRlcmNpIQ==,,W1NhbmFkb3IgSGFydV0KUGFyYSBsZWVyIGVsIExpYnJvIGRlIGNvbWJpbmFjaW9uZXMsCl40RDRERkZoYXogY2xpYyBkZXJlY2hvIGVuIGVsIExpYnJvIGRlIGNvbWJpbmFjaW9uZXNeMDAwMDAwIHkgXjRENERGRmhheiBjbGljIGVuIGVsIMOtY29ubyBkZSBMaWJyb14wMDAwMDAgcXVlIGFwYXJlY2UgZW4gbGEgdmVudGFuYSBkZSBEZXRhbGxlcy4=
d08ECA,,RmluYWxseSEgSSd2ZSBiZWVuIGxvb2tpbmcgYWxsIG92ZXIgZm9yIHlvdSE=,,,,,W0FnbGlvXQpIdW0sIHZvY8OqIHByZWNpc2EgZmFsYXIgY29tIFBlcGVyb2Npbm8gcHJpbWVpcm8uLi4KUG9yIG9yYSwgZXUgdm91IHBhcmEgYSBwcmHDp2Eu,,wqFQb3IgZmluISDCoVRlIGJ1c3F1w6kgcG9yIHRvZGFzIHBhcnRlcyE=
eE8ECA,,W0hlYWxlciBIYXJ1XQpUaGVyZSBpcyBhIHNwb3QgbmVhciB0aGUgZW50cmFuY2UgdG8gdGhlIHZpbGxhZ2Ugd2hlcmUgaGVyYnMgZ3Jvdy4KXjRENERGRkJlYXQgdGhlIFJlZCBQbGFudCBhbmQgY29sbGVjdCAxIFJlZCBIZXJiXjAwMDAwMC4=,,,,,W0FnbGlvXQpWYW1vcyBhdMOpIGzDoSE=,,W1NhbmFkb3IgSGFydV0KSGF5IHVuIGx1Z2FyIGNlcmNhIGRlIGxhIGVudHJhZGEgZGUgbGEgYWxkZWEgZG9uZGUgY3JlY2VuIGhpZXJiYXMuCl40RDRERkZEZXJyb3RhIGEgbGEgUGxhbnRhIHJvamEgeSByZWNvbGVjdGEgMUhpZXJiYSByb2phXjAwMDAwMC4=
eU8ECA,,W0hlYWxlciBIYXJ1XQpZb3UgaGF2ZSB0byBrbm93IHdoYXQgYW4gaGVyYiBsb29rcyBsaWtlLg==,,,,,W0FnbGlvXQpIdW0sIHZvY8OqIGVzdMOhIG11aXRvIG9jdXBhZG8/ClNlIG7Do28gdGl2ZXIgbXVpdGEgY29pc2EgcHJhIGZhemVyLCBvIHF1ZSBhY2hhIGRlIGlyIMOgIHByYcOnYT8=,,W1NhbmFkb3IgSGFydV0KU2VndXJvIHlhIHNhYmVzIGPDs21vIHNlIHZlIHVuYSBoaWVyYmEu
ek8ECA,,W0hlYWxlciBIYXJ1XQpJIGFscmVhZHkgdG9sZCB5b3UgZXZlcnl0aGluZyBhYm91dCBiYXNpYyBIZXJib2xvZ3kuCllvdSBtaWdodCBzZWUgXjRENERGRlNoaW5pbmcgUGxhbnReMDAwMDAwIHNvbWV0aW1lIHdoaWxlIHlvdSB0cmF2ZWwu,,,,,SGlwbm90aXphZG9y,,W1NhbmFkb3IgSGFydV0KWWEgdGUgY29udMOpIHRvZG8gc29icmUgSGVyYm9sb2fDrWEgYsOhc2ljYS4KUHVlZGUgcXVlIHZlYXMgdW5hIF40RDRERkZQbGFudGEgYnJpbGxhbnRlXjAwMDAwMCBlbiBhbGfDum4gbW9tZW50byBkZSB0dSB2aWFqZS4=
e08ECA,,W0hlYWxlciBIYXJ1XQpZb3UgY2FuJ3QgcHJlZGljdCB3aGF0IGhlcmIgU2hpbmluZyBQbGFudCB3aWxsIHlpZWxkLgpKdXN0IG9uY2UsIEkgZ290IGFuIFlnZ2RyYXNpbGJlcnJ5IGZyb20gaXQu,,,,,W0hpcG5vdGl6YWRvcl0KRXUgc291IHVtIG1lc3RyZSBuYSBhcnRlIGRhIGhpcG5vc2UuClBvc3NvIGFqdWRhciBhcXVlbGVzIHF1ZSBlc3RpdmVyZW0gaW5kZWNpc29zIHNvYnJlIHN1YXMgZXNjb2xoYXMu,,W1NhbmFkb3IgSGFydV0KTm8gc2UgcHVlZGUgcHJlZGVjaXIgcXXDqSBoaWVyYmEgcHJvZHVjaXLDoSBsYSBQbGFudGEgYnJpbGxhbnRlLgpVbmEgdmV6LCBtZSBkaW8gdW4gZnJ1dG8gZGUgWWdnZHJhc2lsLg==
fE8ECA,,W0hlYWxlciBIYXJ1XQpGcm9tIHdoYXQgSSBoZWFyZCwgSHVtYW4gXjRENERGRkFsY2hlbWlzdHNeMDAwMDAwLCBeNEQ0REZGQ3JlYXRvcnNeMDAwMDAwLCBhbmQgXjRENERGRkdlbmV0aWNpc3RzXjAwMDAwMApoYXZlIGEgc2Vuc2UgZm9yIHBvdGlvbi1tYWtpbmcu,,,,,W0hpcG5vdGl6YWRvcl0KRXUgcG9zc28gcmV0b3JuYXIgb3Mgc2V1cyBwb250b3MgZGUgaGFiaWxpZGFkZSBlIGRlIGF0cmlidXRvcyBjYXNvIHZvY8OqIG7Do28gZXN0ZWphIGNvbnRlbnRlIGNvbSBhcyBzdWFzIGhhYmlsaWRhZGVzIGF0dWFpcy4=,,W1NhbmFkb3IgSGFydV0KUG9yIGxvIHF1ZSBzw6ksIGxvcyBodW1hbm9zIF40RDRERkZBbHF1aW1pc3Rhc14wMDAwMDAsIF40RDRERkZDcmVhZG9yZXNeMDAwMDAwIHkgXjRENERGRkdlbmV0aXN0YXNeMDAwMDAwCnNvbiBidWVub3MgaGFjaWVuZG8gcG9jaW9uZXMu
fU8ECA,,W0hlYWxlciBIYXJ1XQpDb25zaWRlciBhc2tpbmcgZm9yIGl0IGlmIHlvdSBtZWV0IEh1bWFucyBpbiB0aGUgTWlkZ2FyZCBDb250aW5lbnQu,,,,,W0hpcG5vdGl6YWRvcl0KXjMxMzFGRkV1IHBvc3NvIGZhemVyIGVzc2UgcHJvY2Vzc28gY29udGFudG8gcXVlIHZvY8OqIGVzdGVqYSBhYmFpeG8gZG8gbsOtdmVsIDEwMC5eMDAwMDAw,,W1NhbmFkb3IgSGFydV0KQ29uc2lkZXJhIHByZWd1bnRhcmxlcyBzaSBlbmN1ZW50cmFzIEh1bWFub3MgZW4gZWwgY29udGluZW50ZSBkZSBNaWRnYXJkLg==
fk8ECA,,W1ZpZ2lsYW50ZSBBZ2xpb10KSSB3ZW50IHRvIHRoZSBUb29sIFNob3AgdG8gZmluZCB5b3UsIGJ1dCB0aGUgb3duZXIgdG9sZCBtZSB5b3Ugd2VudCB0aGlzIHdheS4=,,,,,UmV0b3JuYXIgcG9udG9zIGRlIGF0cmlidXRvLg==,,W0p1c3RpY2llcm8gQWdsaW9dClRlIGJ1c3F1w6kgZW4gbGEgVGllbmRhIGRlIGhlcnJhbWllbnRhcywgcGVybyBlbCBkdWXDsW8gbWUgZGlqbyBxdWUgdGUgaGFiw61hcyBpZG8gcGFyYSBlc3RlIGxhZG8u
f08ECA,,W1ZpZ2lsYW50ZSBBZ2xpb10KV2Ugc2hvdWxkIG1lZXQgb3VyIGxlYWRlciBiZWZvcmUgdGhpbmtpbmcgYWJvdXQgdGhlIGZvbGxvd2luZyBzY2hlZHVsZS4KWW91IHNob3VsZCBnbyB0byB0aGUgc3F1YXJlLg==,,,,,UmV0b3JuYXIgcG9udG9zIGRlIGhhYmlsaWRhZGUu,,W0p1c3RpY2llcm8gQWdsaW9dClRlbmVtb3MgcXVlIHJldW5pcm5vcyBjb24gbnVlc3RybyBsw61kZXIgYW50ZXMgZGUgcGVuc2FyIGVuIGVsIHNpZ3VpZW50ZSBwbGFuLgpWZSBhIGxhIHBsYXphLg==
gE8ECA,,W1ZpZ2lsYW50ZSBBZ2xpb10KQW5vdGhlciB2aWdpbGFudGUgd2lsbCBiZSB3YWl0aW5nIGZvciB5b3UgYXQgdGhlIHNxdWFyZS4=,,,,,W0hpcG5vdGl6YWRvcl0KSMOhIHVtIHJpc2NvIGRlIHZvY8OqIGFjYWJhciBkZXJydWJhbmRvIHNldXMgaXRlbnMsIGVudMOjbyBzZSBjZXJ0aWZpcXVlIGRlIGRlaXhhciBzZXUgcGVzbyBlbSBeRkYwMDAwMF4wMDAwMDAgYW50ZXMgZGUgY29tZcOnYXIgbyBwcm9jZXNzby4=,,W0p1c3RpY2llcm8gQWdsaW9dCk90cm8ganVzdGljaWVybyB0ZSBlc3RhcsOhIGVzcGVyYW5kbyBhbGzDrS4=
gU8ECA,,W1ZpZ2lsYW50ZSBBZ2xpb10KQXJlIHlvdSBidXN5PwpXaHkgZG9uJ3QgeW91IGhlYWQgdG8gdGhlIHNxdWFyZSB3aGVuIHlvdSdyZSBkb25lIHdpdGggaXQ/,,,,,W0hpcG5vdGl6YWRvcl0KVm9jw6ogcG9kZSBkZWl4YXIgc3VhcyBjb2lzYXMgbm8gYXJtYXrDqW0gY29tIG9zIEFnZW50ZXMgZGEgUGF0YSBkZSBHYXRvLCBlbnTDo28gc3VnaXJvIGlyIGZhbGFyIGNvbSBlbGVzLg==,,W0p1c3RpY2llcm8gQWdsaW9dCsK/VGllbmVzIHRpZW1wbz8Kwr9Qb3IgcXXDqSBubyB2YXMgYSBsYSBwbGF6YSBjdWFuZG8gdGVybWluZXM/
gk8ECA,,W1ZpZ2lsYW50ZSBBZ2xpb10KVGhlIGpvdXJuZXkgdG8gdGhlIG5ldyBjb250aW5lbnQgaXMgaGFuZGxlZCBieSBQYXJmYWlsbGUgVmlnaWxhbnRlcyBhdCB0aGUgc3F1YXJlCmFuZCB0aGUgS29uLUtpbGluYSBhdCB0aGUgcG9ydC4=,,,,,W0hpcG5vdGl6YWRvcl0KUG9udG9zIHJldG9ybmFkb3MuIFZvbHRlIHNlbXByZSE=,,W0p1c3RpY2llcm8gQWdsaW9dCkVsIHZpYWplIGFsIG51ZXZvIGNvbnRpbmVudGUgZXN0w6Egb3JnYW5pemFkbyBwb3IgbG9zIEp1c3RpY2llcm9zIGRlIEZhcmZhbGxlIGVuIGxhIHBsYXphCnkgZWwgQ29uLUNobGlpbmEgZW4gZWwgcHVlcnRvLg==
g08ECA,,SHlwbm90aXN0,,,,,W0hpcG5vdGl6YWRvcl0KRXUgbsOjbyBmYcOnbyBvIHJldG9ybm8gZGUgcG9udG9zIGRlIGF2ZW50dXJlaXJvcyBjb20gbsOtdmVsIG11aXRvIGFsdG8sIGVudMOjbyBlc2NvbGhhIGJlbSBzdWEgYnVpbGQu,,SHlwbm90aXN0
hE8ECA,,W0h5cG5vdGlzdF0KSSBoeXBub3RpemUgeW91bmcgb25lcyB0byBoZWxwIHRoZW0gcHJlcGFyaW5nIGZvciB0aGVpciBmdXR1cmUu,,,,,W0hpcG5vdGl6YWRvcl0KQ2FzbyB2b2PDqiBlc3RlamEgdXNhbmRvIHVtIGNhcnJpbmhvLCBwcmVzc2lvbmUgbyBib3TDo28gT0ZGIG5hIGphbmVsYSBkZSBlcXVpcGFtZW50b3MgcGFyYSBkZXNlcXVpcMOhLWxvLgpBZmluYWwsIG7Do28gcG9zc28gZmF6ZXIgbyByZXRvcm5vIGRlIHBvbnRvcyBzZSB2b2PDqiB0aXZlciB1bSBlcXVpcGFtZW50byByZWxhY2lvbmFkbyBhIHVtYSBoYWJpbGlkYWRlLg==,,W0hpcG5vdGl6YWRvcl0KSGlwbm90aXpvIGEgbG9zIGrDs3ZlbmVzIHkgbG9zIGF5dWRvIGEgcHJlcGFyYXJzZSBwYXJhIGVsIGZ1dHVyby4=
hU8ECA,,W0h5cG5vdGlzdF0KSWYgeW91IGRvbid0IGxpa2UgdGhlIHNraWxscyB5b3UndmUgbGVhcm5lZCwgSSBjYW4gcmVzZXQgdGhlbSBmb3IgeW91Lg==,,,,,W0hpcG5vdGl6YWRvcl0KUG9zc28gcmV0b3JuYXIgb3Mgc2V1cyBwb250b3MgZGVzZGUgcXVlIHZvY8OqIG7Do28gdGVuaGEgdWx0cmFwYXNzYWRvIG8gTsOtdmVsIDk5LgpQb3J0YW50bywgYXByb3ZlaXRlIGVzc2Egb3BvcnR1bmlkYWRlIHBhcmEgc2UgZmFtaWxpYXJpemFyIGNvbSBlbGVzLg==,,W0hpcG5vdGl6YWRvcl0KU2kgbm8gdGUgZ3VzdGFuIGxhcyBoYWJpbGlkYWRlcyBxdWUgYXByZW5kaXN0ZSwgcHVlZG8gcmVzdGFibGVjZXJsYXMu
hk8ECA,,W0h5cG5vdGlzdF0KXjRENERGRllvdSBjYW4gcmVzZXQgeW91ciBTa2lsbHMgYW5kIFN0YXRzIGFueXRpbWUgeW91IHdhbnQgdW50aWwgTGV2ZWwgNDkuXjAwMDAwMA==,,,,,W0hpcG5vdGl6YWRvcl0KVm9jw6ogasOhIHRlbSBuw612ZWwgYmVtIGFsdGluaG8sIG7DqT8gTsOjbyBwb3NzbyBtdWRhciBzdWEgYnVpbGQgYSBlc3NhIGFsdHVyYSBkbyBjYW1wZW9uYXRvIQ==,,W0hpcG5vdGl6YWRvcl0KXjRENERGRlB1ZWRlcyByZXN0YWJsZWNlciB0dXMgSGFiaWxpZGFkZXMgeSBFc3RhZMOtc3RpY2FzIGN1YW5kbyBxdWllcmFzLCBhbnRlcyBkZSBsbGVnYXIgYWwgTml2ZWw0OS5eMDAwMDAw
h08ECA,,UmVzZXQgU3RhdHM=,,,,,W0hpcG5vdGl6YWRvcl0KT2g/IFVtIGh1bWFubyEgTnVuY2EgdmkgdW0gZGUgcGVsZSBlIG9zc28hCkNvbW8gw6kgcXVlIHZvY8OqcyBwb2RlbSBzZXIgdMOjbyBkaWZlcmVudGVzPw==,,UmVzdGFibGVjZXIgRXN0YWTDrXN0aWNhcy4=
iE8ECA,,UmVzZXQgU2tpbGxz,,,,,QWdlbnRlIGRhIFBhdGEgZGUgR2F0bw==,,UmVzdGFibGVjZXIgSGFiaWxpZGFkZXMu
iU8ECA,,W0h5cG5vdGlzdF0KVGhlcmUgaXMgYSBwb3NzaWJpbGl0eSBvZiB5b3UgbG9zaW5nIHlvdXIgaXRlbXMsIHNvIGJlIHN1cmUgdG8gcmVkdWNlIHlvdXIgV2VpZ2h0IHRvIF5GRjAwMDAwXjAwMDAwMC4=,,,,,TnlhISBNYWlzIHVtYSBwZXNzb2EgcHJhIHNlciBtaW5oYSBhbWlnYSEgVGVuaG8gYm9hcyBub3TDrWNpYXMuLi4gT3V2ZSBzw7Mh,,W0hpcG5vdGl6YWRvcl0KRXhpc3RlIGxhIHBvc2liaWxpZGFkIGRlIHF1ZSBwaWVyZGFzIHR1cyBvYmpldG9zLCBhc8OtIHF1ZSBhc2Vnw7pyYXRlIGRlIHJlZHVjaXIgdHUgUGVzbyBhIF42NjAwMDAwXjAwMDAwMC4=
ik8ECA,,W0h5cG5vdGlzdF0KQ2F0IFBhdyBNZXJjaGFudCBHdWlsZCBpcyBtYW5hZ2luZyB0aGUgc3RvcmFnZS4gTGVhdmUgeW91ciBpdGVtcyB0byB0aGVtIGFuZCBjb21lIGJhY2su,,,,,W0FnZW50ZSBkYSBQYXRhIGRlIEdhdG9dCkJ1b25naW9ybm8hClZvY8OqIHByZXRlbmRlIGlyIHBhcmEgUnVuZS1NaWRnYXJkPwpFbnTDo28gw6kgbWVsaG9yIG91dmlyIG8gcXVlIHRlbmhvIGEgbGhlIGRpemVyIQ==,,W0hpcG5vdGl6YWRvcl0KRWwgZ3JlbWlvIGRlIGNvbWVyY2lhbnRlcyBQYXRhIGRlIEdhdG8gZ2VzdGlvbmEgZWwgYWxtYWNlbmFtaWVudG8uIETDqWphbGUgdHVzIG9iamV0b3MgeSB2dWVsdmUu
i08ECA,,W0h5cG5vdGlzdF0KU3VjY2Vzc2Z1bGx5IHJlc2V0IQ==,,,,,W0FnZW50ZSBkYSBQYXRhIGRlIEdhdG9dCkV1IG9mZXJlw6dvIHNlcnZpw6dvIGNvbW8gb3MgZGUgXjMxMzFGRlNhbHZhciBvIFBvbnRvIGRlIFJldG9ybm9eMDAwMDAwIGUgXjMxMzFGRkFybWF6w6ltXjAwMDAwMC4=,,W0hpcG5vdGl6YWRvcl0KwqFSZXN0YWJsZWNpbWllbnRvIGV4aXRvc28h
jE8ECA,,W0h5cG5vdGlzdF0KSSBkb24ndCBwcm92aWRlIG15IHNlcnZpY2UgdG8gYW55IGdyb3dudXBzLCBzbyBiZSBzdXJlIHRvIHVuZGVyc3RhbmQgeW91ciBTdGF0cyBiZWZvcmUgeW91IHJlYWNoIHRoYXQgcG9pbnQu,,,,,W0FnZW50ZSBkYSBQYXRhIGRlIEdhdG9dCkVsZXMgdGFtYsOpbSBzw6NvIG9mZXJlY2lkb3MgcGVsYSBeMzEzMUZGQ29ycG9yYcOnw6NvIEthZnJhXjAwMDAwMCBlIF4zMTMxRkZDb3Jwb3Jhw6fDo28gWm9uZGFeMDAwMDAwLg==,,W0hpcG5vdGl6YWRvcl0KTm8gcHJlc3RvIG1pcyBzZXJ2aWNpb3MgYSBuaW5nw7puIGFkdWx0bywgYXPDrSBxdWUgYXNlZ8O6cmF0ZSBkZSBlbnRlbmRlciBiaWVuIHR1cyBlc3RhZMOtc3RpY2FzIGFudGVzIGRlIGVzZSBwdW50by4=
jU8ECA,,W0h5cG5vdGlzdF0KRGV0YWNoIHRoZSBDYXJkcyB1c2luZyB0aGUgT0ZGIGJ1dHRvbiBvbiB0aGUgRXF1aXBtZW50IHdpbmRvdy4KSSBjYW4ndCByZXNldCB5b3UgaWYgeW91J3JlIHdlYXJpbmcgc29tZXRoaW5nIHJlbGF0ZWQgdG8gc2tpbGxzLg==,,,,,W0FnZW50ZSBkYSBQYXRhIGRlIEdhdG9dCl4zMTMxRkZTYWx2YXJeMDAwMDAwIG8gUG9udG8gZGUgUmV0b3JubyBmYXogZXhhdGFtZW50ZSBvIHF1ZSB2b2PDqiBpbWFnaW5hOiB0b2RhIHZleiBxdWUgc2V1IEhQIGNoZWdhciBhIDAsIHZvY8OqIHJldG9ybmFyw6EgcGFyYSBvIGxvY2FsIGVtIHF1ZSBzYWx2b3Uu,,W0hpcG5vdGl6YWRvcl0KRGVzY29uZWN0YSBsYXMgQ2FydGFzIGNvbiBlbCBib3TDs24gUVVJVEFSIGRlIGxhIHZlbnRhbmEgZGUgRXF1aXBhbWllbnRvLgpObyBwdWVkbyByZXN0YWJsZWNlcmxhcyBzaSBsbGV2YXMgYWxnbyByZWxhY2lvbmFkbyBjb24gbGFzIGhhYmlsaWRhZGVzLg==
jk8ECA,,W0h5cG5vdGlzdF0KU2tpbGwgcmVzZXQsIHN1Y2Nlc3NmdWwh,,,,,W0FnZW50ZSBkYSBQYXRhIGRlIEdhdG9dCkRlcG9pcyBkZSBTYWx2YXIsIHZvY8OqIHBvZGVyw6EgdGFtYsOpbSB1c2FyIHVtYSBeMzEzMUZGQXNhIGRlIEJvcmJvbGV0YV4wMDAwMDAgcGFyYSB2b2x0YXIgYSBlc3NlIG1lc21vIHBvbnRvIGluc3RhbnRhbmVhbWVudGUu,,W0hpcG5vdGl6YWRvcl0KwqFSZXN0YWJsZWNpbWllbnRvIGRlIEhhYmlsaWRhZGVzIGV4aXRvc28h
j08ECA,,W0h5cG5vdGlzdF0KSSB3aWxsIHByb3ZpZGUgZnJlZSByZXNldHMgb25seSB1cCB0byBMZXZlbCA0OS4KVHJ5IHZhcmlvdXMgc2tpbGxzIGFuZCBnZXQgeW91cnNlbGYgYWNxdWFpbnRlZCB1bnRpbCB0aGVuLg==,,,,,W0FnZW50ZSBkYSBQYXRhIGRlIEdhdG9dCkdlcmFsbWVudGUgZMOhIHByYSBzYWx2YXIgbyBzZXUgcG9udG8gZGUgcmV0b3JubyBlbSBxdWFscXVlciBjaWRhZGUu,,W0hpcG5vdGl6YWRvcl0KUHJvcG9yY2lvbmFyw6kgcmVzdGFibGVjaW1pZW50b3MgZ3JhdHVpdG9zIHNvbG8gaGFzdGEgZWwgTml2ZWw0OS4KUHJ1ZWJhIHkgY29ub2NlIHZhcmlhcyBoYWJpbGlkYWRlcyBoYXN0YSBlbnRvbmNlcy4=
kE8ECA,,W0h5cG5vdGlzdF0KSSBhc3N1bWUgeW91J3JlIGRvbmUgd2l0aCBiZWluZyBsb3N0IGJ5IG5vdyE=,,,,,W0FnZW50ZSBkYSBQYXRhIGRlIEdhdG9dCk8gXjMxMzFGRkFybWF6w6ltXjAwMDAwMCB0YW1iw6ltIMOpIGJlbSBhdXRvZXhwbGljYXRpdm8uClBhZ2FuZG8gdW1hIHBlcXVlbmEgdGF4YSwgdm9jw6ogcG9kZXLDoSBndWFyZGFyIHNldXMgaXRlbnMgZW0gbm9zc28gZGVww7NzaXRvLg==,,W0hpcG5vdGl6YWRvcl0KwqFTdXBvbmdvIHF1ZSBkZWphc3RlIGRlIHBlcmRlcnRlIHlhIQ==
kU8ECA,,W0h5cG5vdGlzdF0KT2g/IEkgZGlkbid0IGV4cGVjdCB0byBzZWUgYSBIdW1hbiBpbiBwZXJzb24hCkJ1dCB3aHkgaXMgeW91ciBoYWlyIG5vdCBldmVuLWxlbmd0aGVkPw==,,,,,W0FnZW50ZSBkYSBQYXRhIGRlIEdhdG9dCkFmaW5hbCBkZSBjb250YXMsIG5pbmd1w6ltIGNvbnNlZ3VlIGNhcnJlZ2FyIGl0ZW5zIGluZmluaXRvcy4gTsOpPw==,,W0hpcG5vdGl6YWRvcl0Kwr9FaD8gwqFObyBlc3BlcmFiYSB2ZXIgYSB1biBzZXIgSHVtYW5vIGVuIHBlcnNvbmEhClBlcm8sIMK/cG9yIHF1w6kgbm8gdGllbmVzIGVsIHBlbG8gcGFyZWpvPw==
kk8ECA,,W0h5cG5vdGlzdF0KUGVyaGFwcyB5b3UgaGF2ZSBzb21lIGtpbmQgb2Ygc2tpbiBkaXNlYXNlPwpUaGUgaGVhbGVyIG5leHQgdG8gbWUgaXMgdmVyeSBza2lsbGVkLiBZb3UgY2FuIGFzayBoaW0gdG8gZGlhZ25vc2UgeW91IQ==,,,,,W0FnZW50ZSBkYSBQYXRhIGRlIEdhdG9dClZvY8OqIHF1ZXIgcXVlIGV1IHRlIGV4cGxpcXVlIGRlIG5vdm8/,,W0hpcG5vdGl6YWRvcl0KVGFsIHZleiB0ZW5nYXMgYWxndW5hIGVuZmVybWVkYWQgY3V0w6FuZWEuCkVsIHNhbmFkb3IgcXVlIGVzdMOhIGEgbWkgbGFkbyBlcyBtdXkgYnVlbm8uIMKhUHVlZGVzIHBlZGlybGUgcXVlIHRlIGRpYWdub3N0aXF1ZSE=
k08ECA,,W0h5cG5vdGlzdF0KTG9vayBhdCB0aGUgaGFpciBvbiB0aGlzIGJpZyBvbmUuLi4KUG9vciB0aGluZy4=,,,,,TsOjbywgdmFsZXUu,,W0hpcG5vdGl6YWRvcl0KTWlyYSBlbCBwZWxvIHF1ZSB0aWVuZeKApgrCoVBvYnJlIQ==
lE8ECA,,Q2F0IFBhdyBTZXJ2aWNl,,,,,U2ltLCBwb3IgZmF2b3Ih,,Q2F0IFBhdyBTZXJ2aWNl
lU8ECA,,TWUtb3chIE5ldyBndXkhIEkndmUgZ290IHNvbWV0aGluZyBnb29kIGZvciB5b3UuIEhlYXIgbWVvd3Qh,,,,,W0FnZW50ZSBkYSBQYXRhIGRlIEdhdG9dCsOTdGltby4gTyBxdWUgbWFpcyBwb3NzbyBmYXplciBwb3Igdm9jw6o/,,wqFNaS1hdSEgwqFPeWUsIHByaW5jaXBpYW50ZSEgVGVuZ28gYWxnbyBidWVubyBwYXJhIHRpLiDCoUVzY3VjaGEgbWlhdSE=
lk8ECA,,W0NhdCBQYXcgTWVtYmVyXQpZb3UgdGhlcmUsIHlvdW5nIG9uZSEKQXJlIHlvdSBoZWFkaW5nIHRvIHRoZSBNaWRnYXJkIENvbnRpbmVudD8KVGhlbiwgeW91IGhhdmUgdG8gaGVhciBtZW93dCE=,,,,,U2FsdmFy,,W01pZW1icm8gZGUgUGF0YSBkZSBHYXRvXQrCoVTDuiwgam92ZW4hCsK/VGUgZGlyaWdlcyBhbCBjb250aW5lbnRlIGRlIE1pZGdhcmQ/CkVudG9uY2VzLCDCoXRpZW5lcyBxdWUgZXNjdWNoYXJtaWF1IQ==
l08ECA,,W0NhdCBQYXcgTWVtYmVyXQpUaGVyZSBhcmUgb3RoZXJzIHRoYXQgcHJvdmlkZSBeNEQ0REZGbG9jYXRpb24gc2F2ZSBzZXJ2aWNlXjAwMDAwMCBhbmQgXjRENERGRnN0b3JhZ2Ugc2VydmljZV4wMDAwMDAgbGlrZSB3ZSBDYXQgUGF3IE1lcmNoYW50IEd1aWxkIGRvLg==,,,,,VXNhciBvIEFybWF6w6lt,,W01pZW1icm8gZGUgUGF0YSBkZSBHYXRvXQpIYXkgb3Ryb3MgcXVlIHByb3BvcmNpb25hbiBeNEQ0REZGc2VydmljaW9zIGRlIGd1YXJkYWRvIGRlIHViaWNhY2nDs25eMDAwMDAwIHkgXjRENERGRnNlcnZpY2lvcyBkZSBhbG1hY2VuYW1pZW50b14wMDAwMDAgY29tbyBub3NvdHJvcywgZWwgZ3JlbWlvIGRlIGNvbWVyY2lhbnRlcyBQYXRhIGRlIEdhdG8u
mE8ECA,,W0NhdCBQYXcgTWVtYmVyXQpUaGV5IGFyZSBeNEQ0REZGS2FmcmFeMDAwMDAwIGFuZCBeNEQ0REZGWm9uZGFeMDAwMDAwLgpPZiBjb3Vyc2UsIENhdCBQYXcgR3VpbGQgTWVtYmVycyBwcm92aWRlIHRob3NlIHNlcnZpY2VzIHRvbyE=,,,,,TmFkYSBuw6NvLCB2YWxldSE=,,W01pZW1icm8gZGUgUGF0YSBkZSBHYXRvXQpFbGxvcyBzb24gXjRENERGRkthZnJhXjAwMDAwMCB5IF40RDRERkZab25kYV4wMDAwMDAuCsKhUG9yIHN1cHVlc3RvLCBsb3MgbWllbWJyb3MgZGVsIGdyZW1pbyBQYXRhIGRlIEdhdG8gdGFtYmnDqW4gcHJlc3RhbiBlc3RvcyBzZXJ2aWNpb3Mh
mU8ECA,,W0NhdCBQYXcgTWVtYmVyXQpeNEQ0REZGTG9jYXRpb24gc2F2ZV4wMDAwMDAgaXMgbGl0ZXJhbGx5IHNldHRpbmcgeW91ciBwb2ludCBvZiByZXR1cm4uCldoZW4geW91IGdldCBrbm9ja2VkIGRvd24gd2hpbGUgYWR2ZW50dXJpbmcsIHlvdSBoYXZlIHRvIGNvbWUgYmFjayB0byB0aGUgdmlsbGFnZS4gVGhpcyBpcyBmb3Igc2V0dGluZyB0aGF0IHBvaW50IG9mIHJldHVybi4=,,,,,W0FnZW50ZSBkYSBQYXRhIGRlIEdhdG9dClNldSBwb250byBkZSByZXRvcm5vIGZvaSBzYWx2byE=,,W01pZW1icm8gZGUgUGF0YSBkZSBHYXRvXQpeNEQ0REZGRWwgZ3VhcmRhZG8gZGUgdWJpY2FjacOzbl4wMDAwMDAgZXMsIGxpdGVyYWxtZW50ZSwgZXN0YWJsZWNlciB1biBwdW50byBkZSByZWdyZXNvLgpDdWFuZG8gdGUgZGVycmliYW4gZW4gdW5hIGF2ZW50dXJhLCB0aWVuZXMgcXVlIHZvbHZlciBhIGxhIGFsZGVhLiBFc3RvIHNpcnZlIHBhcmEgZXN0YWJsZWNlciBlc2UgcHVudG8gZGUgcmVncmVzby4=
mk8ECA,,W0NhdCBQYXcgTWVtYmVyXQpPbmNlIHlvdSBzZXQgdGhlIHBvaW50LCB5b3UgY2FuIGZseSB0byB0aGF0IHBsYWNlIGltbWVkaWF0ZWx5IHVzaW5nIGEgXjRENERGRkJ1dHRlcmZseSBXaW5nXjAwMDAwMC4=,,,,,W0FnZW50ZSBkYSBQYXRhIGRlIEdhdG9dCkV1IHNpbnRvIG11aXRvLgpWb2PDqiBwcmVjaXNhIGRlIHBlbG8gbWVub3MKTsOtdmVsIGRlIENsYXNzZSA2IGNvbW8gQXByZW5kaXoKb3UgSW5zdGludG9zIELDoXNpY29zIE7DrXZlbCAxIGRlIEludm9jYWRvcgpwYXJhIHV0aWxpemFyIG8gQXJtYXrDqW0u,,W01pZW1icm8gZGUgUGF0YSBkZSBHYXRvXQpVbmEgdmV6IGZpamFkbyBlbCBwdW50bywgcHVlZGVzIHZvbGFyIGEgZXNlIGx1Z2FyIGRlIGZvcm1hIGlubWVkaWF0YSB1dGlsaXphbmRvIF40RDRERkZBbGFzIGRlIG1hcmlwb3NhXjAwMDAwMC4=
m08ECA,,W0NhdCBQYXcgTWVtYmVyXQpHZW5lcmFsbHksIHdlIHByb3ZpZGUgc2F2ZSBwb2ludHMgaW4gc2FmZSB2aWxsYWdlcyBvciBjaXRpZXMu,,,,,W0FnZW50ZSBkYSBQYXRhIGRlIEdhdG9dClZvdSBhYnJpciBvIEFybWF6w6ltIHByYSB2b2PDqiE=,,W01pZW1icm8gZGUgUGF0YSBkZSBHYXRvXQpFbiBnZW5lcmFsLCBwcm9wb3JjaW9uYW1vcyBwdW50b3MgZGUgZ3VhcmRhZG8gZW4gYWxkZWFzIG8gY2l1ZGFkZXMgc2VndXJhcy4=
nE8ECA,,W0NhdCBQYXcgTWVtYmVyXQpeNEQ0REZGU3RvcmFnZSBzZXJ2aWNlXjAwMDAwMCBpcyBsaXRlcmFsIHRvby4KV2UgY2FuIHN0b3JlIHlvdXIgaXRlbXMgZm9yIGEgc21hbGwgZmVlLg==,,,,,W0FnZW50ZSBkYSBQYXRhIGRlIEdhdG9dClB1dHohIEN1c3RhIDUwIHplbnkgcHJhIHVzYXIgbyBBcm1hesOpbS4u,,W01pZW1icm8gZGUgUGF0YSBkZSBHYXRvXQpeNEQ0REZGRWwgc2VydmljaW8gZGUgYWxtYWNlbmFtaWVudG9eMDAwMDAwIHRhbWJpw6luIGVzIGFsZ28gbGl0ZXJhbC4KUG9kZW1vcyBndWFyZGFyIHR1cyBvYmpldG9zIHBvciB1biBtw7NkaWNvIHByZWNpby4=
nU8ECA,,W0NhdCBQYXcgTWVtYmVyXQpZb3UgY2FuJ3QgY2FycnkgYXJvdW5kIGV2ZXJ5dGhpbmcgeW91IGNvbWUgYWNyb3NzLCBjYW4geW91PwpVc2UgdGhlIHN0b3JhZ2Ugd2hlbiB5b3UncmUgYnVyZGVuZWQu,,,,,W0FnZW50ZSBkYSBQYXRhIGRlIEdhdG9dCkFycml2ZWRlcmNpIQ==,,W01pZW1icm8gZGUgUGF0YSBkZSBHYXRvXQpObyBwdWVkZXMgY2FyZ2FyIGNvbiB0b2RvIGxvIHF1ZSB0ZSBlbmN1ZW50cmFzLCDCv3ZlcmRhZD8KVXNhIGVsIGFsbWFjw6luIGN1YW5kbyBzaWVudGFzIGxhIHNvYnJlY2FyZ2Eu
nk8ECA,,W0NhdCBQYXcgTWVtYmVyXQpZb3UgY2FuIHN0b3JlIGFuZCB3aXRoZHJhdyBpdGVtcyBmcm9tIHRoZSBzdG9yYWdlIHdoZW5ldmVyIGFuZCB3aGVyZXZlciBhcyBsb25nIGFzIHlvdSBwYXkgdGhlIGZlZSEKWW91IHVuZGVyc3RhbmQgbnlhdz8=,,,,,W0FnZW50ZSBkYSBQYXRhIGRlIEdhdG9dCk9sw6EhClZvY8OqIHByZXRlbmRlIGlyIHBhcmEgUnVuZS1NaWRnYXJkPwpFbnTDo28gw6kgbWVsaG9yIG91dmlyIG8gcXVlIHRlbmhvIGEgbGhlIGRpemVyIQ==,,W01pZW1icm8gZGUgUGF0YSBkZSBHYXRvXQpQdWVkZXMgZ3VhcmRhciB5IHJldGlyYXIgb2JqZXRvcyBkZWwgYWxtYWPDqW4gY3VhbmRvIHF1aWVyYXMgeSBkb25kZSBxdWllcmFzLCBzaWVtcHJlIHF1ZSBwYWd1ZXMgbGEgdGFyaWZhLgrCv0VudGllbmRlcywgbWlhdT8=
n08ECA,,W0NhdCBQYXcgTWVtYmVyXQpZb3Ugd2FudCBtZSB0byBleHBsYWluIGl0IG9uY2UgbW9yZT8=,,,,,W0FnZW50ZSBkYSBQYXRhIGRlIEdhdG9dCkJ1b25naW9ybm8hIE8gcXVlIHBvc3NvIGZhemVyIHBvciB2b2PDqj8=,,W01pZW1icm8gZGUgUGF0YSBkZSBHYXRvXQrCv1F1aWVyZXMgcXVlIHRlIGxvIGV4cGxpcXVlIHVuYSB2ZXogbcOhcz8=
oE8ECA,,Tm8u,,,,,RXN0YWdpw6FyaW8gQ2xhdWRpbmhv,,Tm8u
oU8ECA,,UGxlYXNlLg==,,,,,TWFubywgZm9yw6dhIMOpIG8gYXRyaWJ1dG8gbWFpcyBpbXBvcnRhbnRlISBWb2PDqiB0ZW0gcXVlIGJvdGFyIHBvbnRvcyBlbSBGT1Ih,,UG9yIGZhdm9yLg==
ok8ECA,,W0NhdCBQYXcgTWVtYmVyXQpXaGF0IGNhbiBJIGhlbHAgeW91IHdpdGgsIHRoZW4/,,,,,U2FpLCBtYWx1Y28hIFRvZG8gZGlhIGlzc28hIMOJIMOzYnZpbyBxdWUgREVTIMOpIG1lbGhvciE=,,W01pZW1icm8gZGUgUGF0YSBkZSBHYXRvXQrCv0VuIHF1w6kgcHVlZG8gYXl1ZGFydGUsIGVudG9uY2VzPw==
o08ECA,,TG9jYXRpb24gU2F2ZSBTZXJ2aWNl,,,,,W0NsYXVkaW5ob10KTyBxdWUgdm9jw6ogbWUgZGl6PwpGT1Igw6kgbyBtYWlzIGltcG9ydGFudGUsIG7Do28/,,U2VydmljaW8gZGUgR3VhcmRhZG8gZGUgVWJpY2FjacOzbi4=
pE8ECA,,U3RvcmFnZSBTZXJ2aWNl,,,,,W0NsYXVkaW5ob10KXjMxMzFGRkFmaW5hbCwgc2V1IEFUUSBhdW1lbnRhIGRlIGFjb3JkbyBjb20gYSBzdWEgRk9SXjAwMDAwMCE=,,U2VydmljaW8gZGUgQWxtYWNlbmFtaWVudG8u
pU8ECA,,UXVpdA==,,,,,W0J1Y2hlY2hhXQouLi5Ww6lpLCB2b2PDqiB0w6EgbmEgVGlzbmV5PwpTZW0gcHJlY2lzw6NvLCB0b2RvIGVzc2Ugc2V1IEFUUSDDqSBpbsO6dGlsLi4u,,U2FsaXIu
pk8ECA,,W0NhdCBQYXcgTWVtYmVyXQpNZW93ISBJdCdzIHNhdmVkIQ==,,,,,W0J1Y2hlY2hhXQpWb2PDqiBwcmVjaXNhIF4zMTMxRkZjb2xvY2FyIHBvbnRvcyBlbSBERVMgcGFyYSBhdW1lbnRhciBzdWEgUHJlY2lzw6NvXjAwMDAwMC4KU2Ugdm9jw6ogcXVlciBmYXplciB1bSBlc3RyYWdvLCB2b2PDqiBwcmVjaXNhIGFudGVzIGFjZXJ0YXIgb3Mgc2V1cyBhdGFxdWVzLg==,,W01pZW1icm8gZGUgUGF0YSBkZSBHYXRvXQrCoU1pYXUhIMKhU2UgZ3VhcmTDsyE=
p08ECA,,W0NhdCBQYXcgTWVtYmVyXQpZb3UgbmVlZCB0aGUgQmFzaWMgU2tpbGwgaWYgeW91IHdhbnQgdG8gdXNlIHRoZSBzdG9yYWdlLgpDaGVjayB0aGUgc2tpbGxzIHlvdSBoYXZlLiBJdCdzIG5vdCBoYXJkLg==,,,,,W0J1Y2hlY2hhXQpFbmZpbSwgZGlmZXJlbnRlIGRlIHZvY8OqLCBldSBuw6NvIHByZWNpc28gYXBlbGFyIHByYSBmb3LDp2EgYnJ1dGEhCkV1IHZvdSBeMzEzMUZGZm9jYXIgZW0gSU5UIHByYSBjb25qdXJhciBhcyBtYWdpYXMgbWFpcyBwb2Rlcm9zYXNeMDAwMDAwIQ==,,W01pZW1icm8gZGUgUGF0YSBkZSBHYXRvXQpOZWNlc2l0YXMgbGEgSGFiaWxpZGFkIGLDoXNpY2Egc2kgcXVpZXJlcyB1dGlsaXphciBlbCBhbG1hY8Opbi4KUmV2aXNhIGxhcyBoYWJpbGlkYWRlcyBxdWUgdGllbmVzLiBObyBlcyB0YW4gZGlmw61jaWwu
qE8ECA,,W0NhdCBQYXcgTWVtYmVyXQpTZWxlY3QgdGhlIHN0b3JhZ2UgeW91IHdhbm5hIHVzZS4=,,,,,W0NsYXVkaW5ob10KSGFoISBPIHF1ZSB0ZW0gZGUgZXJyYWRvIGVtIHJlc29sdmVyIG9zIHByb2JsZW1hcyBjb20gdW1hcyBwb3JyYWRhcz8KVm9jw6ogYWNoYSBxdWUgZXUgc291IHRyb3V4YT8=,,W01pZW1icm8gZGUgUGF0YSBkZSBHYXRvXQpTZWxlY2Npb25hIGVsIGFsbWFjZW5hbWllbnRvIHF1ZSBkZXNlYXMgdXNhci4=
qU8ECA,,U3RvcmFnZSAx,,,,,W0J1Y2hlY2hhXQouLi5Qw7QsIGV1IG51bmNhIGZhbGVpIGlzc28h,,QWxtYWPDqW4x
qk8ECA,,U3RvcmFnZSAy,,,,,W0dub2NjaGldCi4uLkVpLiBWb2PDqnMgZG9pcywgcGFyZW0uCkUgdm9jw6ogYcOtLgpTZSB0aXZlciBhbGd1bWEgZMO6dmlkYSwgcG9kZSBtZSBwZXJndW50YXIu,,QWxtYWPDqW4y
q08ECA,,W0NhdCBQYXcgTWVtYmVyXQpPcGVuaW5nIHRoZSBzdG9yYWdlIG55YXcuCk1lb3chIENvbWUgYWdhaW4h,,,,,U2UgcXVpc2VyIHNhYmVyIG1haXMgc29icmUgQXRyaWJ1dG9zLCBzw7MgbWUgcGVyZ3VudGFyLg==,,W01pZW1icm8gZGUgUGF0YSBkZSBHYXRvXQpBYnJpZW5kbyBlbCBhbG1hY2VuYW1pZW50bywgbWlhdS4KwqFNaWF1ISDCoVZ1ZWx2ZSBwcm9udG8h
rE8ECA,,U3RvcmFnZSAx,,,,,W0NsYXVkaW5ob10KTyBHbm9jY2hpIHZhaSB0ZSBhanVkYXIgY29tIGVzc2Ugcm9sw6ogZGUgYXRyaWJ1dG9zLCBlbnTDo28gw6kgc8OzIHBlcmd1bnRhciBhIGVsZS4KTWFzIHRlbmhvIGNlcnRlemEgZGUgcXVlIGVsZSB2YWkgZmFsYXIgcXVlIGV1IHTDtCBjZXJ0by4=,,QWxtYWPDqW4x
rU8ECA,,W0NhdCBQYXcgTWVtYmVyXQpXZSB0YWtlIFplbnkgdG9vIGlmIHlvdSBkb24ndCBoYXZlIENoZWVzZS4KTWVvdy4gSXQncyA1MCBaZW55IHRvIHVzZSB0aGUgU3RvcmFnZS4=,,,,,W0NsYXVkaW5ob10KSG0sIG7Do28gc2VpIHNlIGNvbG9xdWVpIG9zIHBvbnRvcyBkZSBhdHJpYnV0byBlIGhhYmlsaWRhZGUgbm8gbHVnYXIgY2VydG8uLi4=,,W01pZW1icm8gZGUgUGF0YSBkZSBHYXRvXQpBY2VwdGFtb3MgemVueSB0YW1iacOpbiBzaSBubyB0aWVuZXMgcXVlc28uCk1pYXUuIFVzYXIgZWwgYWxtYWPDqW4gY3Vlc3RhIDUwemVueS4=
rk8ECA,,U3RvcmFnZSAy,,,,,W0NsYXVkaW5ob10KQm9tLCBxdWUgYm9tIHF1ZSBwb3NzbyByZXNvbHZlciBpc3NvIGNvbSBvIF4zMTMxRkZIaXBub3RpemFkb3JeMDAwMDAwIGzDoSBuYSB2aWxhLgpDb20gYSBhanVkYSBkZWxlLCBeMzEzMUZGdm9jw6ogcG9kZSByZXRvcm5hciBzZXVzIHBvbnRvcyBkZSBoYWJpbGlkYWRlIGUgYXRyaWJ1dG9eMDAwMDAwLg==,,QWxtYWPDqW4y
r08ECA,,W0NhdCBQYXcgTWVtYmVyXQpNZW93LiBDb21lIGFnYWluLg==,,,,,W0NsYXVkaW5ob10KQXJnaCwgcXVlIHN1c3RvIQpWb2PDqi4uLiBWb2PDqiBuw6NvIHRlbSBwZWxvcyE=,,W01pZW1icm8gZGUgUGF0YSBkZSBHYXRvXQpNaWF1LiBWdWVsdmUgcHJvbnRvLg==
sE8ECA,,W0NhdCBQYXcgTWVtYmVyXQpXZWxjb21lISBNZW93IQpXaGF0IGNhbiBJIGhlbHAgeW91IHdpdGgsIG1lb3c/,,,,,RXN0YWdpw6FyaW8gQnVjaGVjaGE=,,W01pZW1icm8gZGUgUGF0YSBkZSBHYXRvXQrCoVRlIGRveSBsYSBiaWVudmVuaWRhISDCoU1pYXUhCsK/RW4gcXXDqSBwdWVkbyBheXVkYXJ0ZSwgbWlhdT8=
sU8ECA,,VmlnaWxhbnRlIFdhbm5hYmUgUGF1bA==,,,,,R25vY2NoaQ==,,VmlnaWxhbnRlIFdhbm5hYmUgUGF1bA==
sk8ECA,,WW91IGlkaW90ISBTdHJlbmd0aCBpcyB0aGUgYmVzdCEgWW91IGdvdHRhIHJhaXNlIFNUUiBmaXJzdCE=,,,,,QWksIGFpLi4uIEVzc2VzIGRvaXMgc2VtcHJlIGRpc2N1dGVtLi4u,,wqFJbWLDqWNpbCEgwqFMYSBmdWVyemEgZXMgbG8gbWVqb3IhIMKhUHJpbWVybyB0aWVuZXMgcXVlIG1lam9yYXIgbGEgRlVFIQ==
s08ECA,,V2hhdD8gWW91IGdvdHRhIHJhaXNlIHlvdXIgREVYIGZpcnN0IHNvIHRoYXQgeW91IGNhbiBoaXQgdGhlIGVuZW15ISEh,,,,,W0dub2NjaGldCkVsZXMgc2VtcHJlIGVzdMOjbyBkaXNjdXRpbmRvLCBtYXMgc8OjbyBpbnNlcGFyw6F2ZWlzLCBpZ3VhbCBhdmnDo28gZSBhc2EsIGZvZ3VlaXJhIGUgYnJhc2Eu,,wr9RdcOpPyDCocKhwqFQcmltZXJvIHRpZW5lcyBxdWUgbWVqb3JhciB0dSBERVMgcGFyYSBwb2RlciBnb2xwZWFyIGFsIGVuZW1pZ28hISE=
tE8ECA,,W1BhdWxdCllvdSBsb29rIGxpa2UgeW91J3ZlIGRvbmUgcXVpdGUgYSBiaXQgb2Ygam91cm5leWluZy4KV2hhdCBkbyB5b3UgdGhpbms/Ckl0J3Mgc3RyZW5ndGgsIHJpZ2h0PyBZb3UgZ290dGEgcmFpc2UgU1RSIGZpcnN0LCByaWdodD8=,,,,,W0dub2NjaGldCkFwZXJ0ZSBeMzEzMUZGQWx0ICsgQV4wMDAwMDAgcGFyYSBjb25mZXJpciBvcyBzZXVzIGF0cmlidXRvcy4KQWzDqW0gZGlzc28sIGV4aXN0ZW0gZXF1aXBhbWVudG9zIHF1ZSBkw6NvIG1haXMgcG9udG9zIGRlIGF0cmlidXRvLg==,,W1BhdWxdClBhcmVjZSBxdWUgaGFzIHZpYWphZG8gYmFzdGFudGUuCsK/UXXDqSBvcGluYXM/CkVzIGxhIGZ1ZXJ6YSwgwr92ZXJkYWQ/IFByaW1lcm8gdGllbmVzIHF1ZSBtZWpvcmFyIGxhIEZVRSwgwr9ubz8=
tU8ECA,,W1BhdWxdCllvdSBuZWVkIEFUSyBpbiBiYXR0bGVzLgpBbmQgXjRENERGRnRoZSBxdWlja2VzdCB3YXkgdG8gaW5jcmVhc2UgQVRLIGlzIHRvIHJhaXNlIFNUUl4wMDAwMDAh,,,,,W0dub2NjaGldClNlZ3VlIHVtYSBicmV2ZSBleHBsaWNhw6fDo28gZGUgY2FkYSBhdHJpYnV0bzoKXjMxMzFGRkZPUiDDqSBmb3LDp2FeMDAwMDAwLiBFbGEgaW5mbHVlbmNpYSBhIHBvdMOqbmNpYSBkb3Mgc2V1cyBeMzEzMUZGYXRhcXVlcyBmw61zaWNvc14wMDAwMDAu,,W1BhdWxdCk5lY2VzaXRhcyBBVFEgZW4gbGFzIGJhdGFsbGFzLgrCoVkgXjRENERGRmxhIGZvcm1hIG3DoXMgcsOhcGlkYSBkZSBtZWpvcmFyIGVsIEFUUSBlcyBtZWpvcmFuZG8gbGEgRlVFXjAwMDAwMCE=
tk8ECA,,W01jQ2FybmV5XQpTdHJlbmd0aCBhbG9uZSBjYW4ndCBkbyBhbnl0aGluZy4KSGlnaCBBVEsgaXMgdXNlbGVzcyBpZiB5b3UgY2FuJ3QgYWN0dWFsbHkgaGl0IHRoZSBlbmVteS4=,,,,,W0dub2NjaGldCl4zMTMxRkZWSVQgw6kgdml0YWxpZGFkZV4wMDAwMDAuIEVsYSBhZmV0YSBvIHNldSBeMzEzMUZGSFAgTcOheGltb14wMDAwMDAuCl4zMTMxRkZBR0kgw6kgYWdpbGlkYWRlXjAwMDAwMC4gRWxhIGluZmx1ZW5jaWEgYSBzdWEgXjMxMzFGRkVzcXVpdmEgZSBWZWxvY2lkYWRlIGRlIEF0YXF1ZV4wMDAwMDAu,,W01jQ2FybmV5XQpMYSBmdWVyemEgcG9yIHPDrSBzb2xhIG5vIHNpcnZlIGRlIG5hZGEuClVuIEFUUSBhbHRvIGVzIGluw7p0aWwgc2kgbm8gcHVlZGVzIGdvbHBlYXIgYWwgZW5lbWlnby4=
t08ECA,,W01jQ2FybmV5XQpZb3UgZ290dGEgXjRENERGRnJhaXNlIERFWCBmaXJzdCB0byBpbmNyZWFzZSBISVReMDAwMDAwLgpObyBtYXR0ZXIgaG93IHN0cm9uZyB5b3UgYXJlLCB5b3UgaGF2ZSB0byBhY3R1YWxseSBsYW5kIHlvdXIgYXR0YWNrcyB0byBtYWtlIGl0IGNvdW50Lg==,,,,,W0dub2NjaGldCl4zMTMxRkZJTlQgw6kgaW50ZWxpZ8OqbmNpYS4gRWxhIHNlIHJlbGFjaW9uYSBkaXJldGFtZW50ZSDDoCBwb3TDqm5jaWEgZG8gc2V1IEF0YXF1ZSBNw6FnaWNvXjAwMDAwMC4gU2Ugdm9jw6ogdXNhciBtdWl0YXMgbWFnaWFzLCDDqSBtZWxob3IgaW52ZXN0aXIgYmFzdGFudGUgcG9udG9zIGVtIElOVC4=,,W01jQ2FybmV5XQpUaWVuZXMgcXVlIF40RDRERkZtZWpvcmFyIGxhIERFUyBwcmltZXJvIHBhcmEgbWVqb3JhciBsYSBQUkVDXjAwMDAwMC4KTm8gaW1wb3J0YSBsbyBmdWVydGUgcXVlIHNlYXMsIHRpZW5lcyBxdWUgY29uc2VndWlyIGFjZXJ0YXIgdHVzIGF0YXF1ZXMgcGFyYSBxdWUgY3VlbnRlbi4=
uE8ECA,,W01jQ2FybmV5XQpBbmQgSSBkb24ndCBmaWdodCBwaHlzaWNhbGx5IGxpa2UgeW91IQpJJ2xsIF40RDRERkZyYWlzZSBJTlQgYnkgYSBsb3QgYW5kIHVzZSBzdW1tb25pbmcgc2tpbGxzIGJhc2VkIG9uIE1hZ2ljIEFUS14wMDAwMDAh,,,,,W0dub2NjaGldCl4zMTMxRkZERVMgw6kgYSBkZXN0cmV6YSwgZSBwcmVjaXPDo29eMDAwMDAwLgpUYW1iw6ltIGFmZXRhIGEgc3VhIHZlbG9jaWRhZGUgZGUgY29uanVyYcOnw6NvIGUgcHJlY2lzw6NvIGRlIGF0YXF1ZS4=,,W01jQ2FybmV5XQrCoVkgbm8gdXNvIGdvbHBlcyBmw61zaWNvcyBjb21vIHTDuiEKwqFeNEQ0REZGTWVqb3JhcsOpIG11Y2hvIGxhIElOVCB5IHVzYXLDqSBoYWJpbGlkYWRlcyBkZSBpbnZvY2FjacOzbiBiYXNhZGFzIGVuIEFUUSBtw6FnaWNvXjAwMDAwMCE=
uU8ECA,,W1BhdWxdCkhhaCEgV2hhdCdzIHdyb25nIHdpdGggdXNpbmcgc3VtbW9uaW5nIHNraWxscyBpZiBJIGNhbiB1c2UgdGhlbT8KWW91J3JlIHNheWluZyBJJ20gc3R1cGlkIG5vdywgYXJlbid0IHlvdT8=,,,,,W0dub2NjaGldCl4zMTMxRkZTT1Igw6kgc29ydGUuIFF1YW50byBtYWlzIHNvcnRlLCBtYWlvciBzdWEgY2hhbmNlIGRlIGNhdXNhciBhdGFxdWVzIGNyw610aWNvcy5eMDAwMDAwLgpBbMOpbSBkaXNzbywgdm9jw6ogdGFtYsOpbSB0ZXLDoSBtYWlzIGNoYW5jZSBkZSBkZXN2aWFyIHVtIGF0YXF1ZS4=,,W1BhdWxdCsKhSmEhIMK/UXXDqSBoYXkgZGUgbWFsbyBlbiB1c2FyIGhhYmlsaWRhZGVzIGRlIGludm9jYWNpw7NuIHNpIHB1ZWRvPwpBaG9yYSBkaWNlcyBxdWUgbm8gc295IGludGVsaWdlbnRlLCDCv25vPw==
uk8ECA,,W01jQ2FybmV5XQpUaGF0J3Mgbm90IHdoYXQgSSBtZWFudCwgeW91IG1lYXQtYnJhaW5lZCBjYXQh,,,,,W0dub2NjaGldClNlIHZvY8OqIHByZWZlcmUgZGFyIGF0YXF1ZXMgZsOtc2ljb3MsIEZPUi4gTm8gY2FzbyBkZSBtYWdpYXMsIGVzY29saGEgSU5ULg==,,W01jQ2FybmV5XQrCoUVzbyBubyBlcyBsbyBxdWUgcXVpc2UgZGVjaXIsIGdhdG8gY2FiZXphIGRlIGNob3JsaXRvIQ==
u08ECA,,W1ZpZ2lsYW50ZSBHbm9jY2hpXQpTdG9wIGJpY2tlcmluZywgeW91IGJyYXRzLgpBbmQgeW91IHRoZXJlLCBuZXdjb21lci4KWW91IGNhbiBhc2sgbWUgaWYgeW91IGhhdmUgcXVlc3Rpb25zLg==,,,,,W0dub2NjaGldCk1hcyDDqSBjbGFybyBxdWUgdm9jw6ogbsOjbyBwb2RlIHNlIGVzcXVlY2VyIGRlIERFUyBwYXJhIGF1bWVudGFyIHN1YSBwcmVjaXPDo28u,,W0p1c3RpY2llcm8gw5FvcXVpXQpEZWplbiBkZSBkaXNjdXRpciwgbW9jb3Nvcy4KWSB0w7osIHByaW5jaXBpYW50ZS4KUHVlZGVzIHByZWd1bnRhcm1lIHNpIHRpZW5lcyBkdWRhcy4=
vE8ECA,,WW91IGNhbiBhc2sgbWUgaWYgeW91IGhhdmUgcXVlc3Rpb25zLg==,,,,,W0dub2NjaGldCkJvYSBzb3J0ZSE=,,UHVlZGVzIHByZWd1bnRhcm1lIHNpIHRpZW5lcyBkdWRhcy4=
vU8ECA,,W1BhdWxdCkdvIGFzayB0aGUgdmlnaWxhbnRlLiBIZSBtaWdodCB0ZWxsIHlvdSBzb21ldGhpbmcgdXNlZnVsLgpBbmQgaGUnbGwgcHJvdmUgSSB3YXMgcmlnaHQh,,,,,W0dub2NjaGldClF1ZXIgc2FiZXIgbWFpcyBhbGd1bWEgY29pc2Egc29icmUgb3MgYXRyaWJ1dG9zPw==,,W1BhdWxdClZlIGEgcHJlZ3VudGFybGUgYWwganVzdGljaWVyby4gUHVlZGUgcXVlIHRlIGRpZ2EgYWxnbyDDunRpbC4KwqFZIGRlbW9zdHJhcsOhIHF1ZSB5byB0ZW7DrWEgcmF6w7NuIQ==
vk8ECA,,W1BhdWxdClVoLCBzbyBpdCdzIGFib3V0IHJhaXNpbmcgdGhlIFN0YXRzIGFjY29yZGluZyB0byB0aGUgY2FwYWJpbGl0eSB5b3Ugd2FudCwgcmlnaHQ/,,,,,TsOjbywgb2JyaWdhZG8h,,W1BhdWxdClVoLCBhc8OtIHF1ZSBzZSB0cmF0YSBkZSBtZWpvcmFyIGxhcyBlc3RhZMOtc3RpY2FzIHNlZ8O6biBsYSBjYXBhY2lkYWQgcXVlIHF1aWVyYXMsIMK/bm8/
v08ECA,,W1BhdWxdCkNvbWUgdG8gdGhpbmsgb2YgaXQsIHRoZXJlJ3MgYSBeNEQ0REZGSHlwbm90aXN0XjAwMDAwMCBpbiB0aGUgdmlsbGFnZS4KXjRENERGRlRoZSBIeXBub3Rpc3QgY2FuIHJlc2V0IHRoZW1eMDAwMDAwLiBZb3Ugc2hvdWxkIHJlbWVtYmVyIHRoYXQu,,,,,W0dub2NjaGldCk8gSGlwbm90aXphZG9yIG5hIHZpbGEgcG9kZXLDoSB0ZSBhanVkYXIgYSBmYXplciBvIHJldG9ybm8gZGUgcG9udG9zIGRlIGF0cmlidXRvIGUgaGFiaWxpZGFkZS4KTm8gZW50YW50bywgdm9jw6ogc8OzIHBvZGUgZmF6ZXIgZXNzZSBwcm9jZXNzbyBhdMOpIG8gbsOtdmVsIDk5Lg==,,W1BhdWxdCkFob3JhIHF1ZSBsbyBwaWVuc28sIGhheSB1biBeNEQ0REZGSGlwbm90aXphZG9yXjAwMDAwMCBlbiBsYSBhbGRlYS4KXjRENERGRkVsIEhpcG5vdGl6YWRvciBwdWVkZSByZXN0YWJsZWNlcmxhc14wMDAwMDAuIERlYmVyw61hcyByZWNvcmRhcmxvLg==
wE8ECA,,W1BhdWxdCldob2EsIGdvc2ghCkEgSHVtYW4/IFlvdSdyZSB0aGUgc3RyYW5nZXN0IHRoaW5nIEkndmUgZXZlciBzZWVuIQ==,,,,,W0dub2NjaGldCkVzdGEgw6kgYSBwYXNzYWdlbSBwYXJhIG8gY29udGluZW50ZSBkZSBQYXN0YS4KSHVtYW5vcyBuw6NvIHPDo28gcGVybWl0aWRvcyBhcXVpIQ==,,W1BhdWxdCsKhQ2FyYW1iYSEKwr9VbiBzZXIgSHVtYW5vPyDCoUVyZXMgbG8gbcOhcyBleHRyYcOxbyBxdWUgdmkgZW4gbGEgdmlkYSE=
wU8ECA,,VmlnaWxhbnRlIFdhbm5hYmUgTWNDYXJuZXk=,,,,,VmVuZGVkb3I=,,VmlnaWxhbnRlIFdhbm5hYmUgTWNDYXJuZXk=
wk8ECA,,VmlnaWxhbnRlIEdub2NjaGk=,,,,,VmVuaGFtIGRhciB1bWEgb2xoYWRhIG5vIHF1ZSBlc3TDoSDDoCB2ZW5kYSE=,,VmlnaWxhbnRlIEdub2NjaGk=
w08ECA,,RG8geW91IGtub3cgd2h5IHRoZXkncmUgbWFraW5nIHN1Y2ggYSBmdXNzPw==,,,,,QWRlc3RyYWRvcg==,,wr9TYWJlcyBwb3IgcXXDqSBhcm1hbiB0YW50byBhbGJvcm90bz8=
xE8ECA,,W1ZpZ2lsYW50ZSBHbm9jY2hpXQpBaCwgdGFsa2luZyBhYm91dCBTdGF0cyBnb3QgdGhlbSBhbGwgcmlsZWQgdXAu,,,,,RG9yYW0=,,W0p1c3RpY2llcm8gw5FvcXVpXQpBaCwgaGFibGFyIGRlIGxhcyBlc3RhZMOtc3RpY2FzIGxvcyBzYWPDsyBkZSBxdWljaW8u
xU8ECA,,W1ZpZ2lsYW50ZSBHbm9jY2hpXQpZb3UgY2FuIHNlZSB5b3VyIHBoeXNpY2FsIHN0YXRzIHdpdGggdGhlIGhvdGtleSwgXjRENERGRkFsdCArIEFeMDAwMDAwLgpTb21lIGVxdWlwbWVudCBtYXkgcHJvdmlkZSBib251c2VzIHRvIHRoZW0u,,,,,QXBlcnRhIEYxMiEgRjEyIQ==,,W0p1c3RpY2llcm8gw5FvcXVpXQpQdWVkZXMgdmVyIHR1cyBlc3RhZMOtc3RpY2FzIGbDrXNpY2FzIGNvbiBlbCBhdGFqbyBeNEQ0REZGQWx0K0FeMDAwMDAwLgpFbCBlcXVpcGFtaWVudG8gcHVlZGUgcHJvcG9yY2lvbmFybGVzIGJvbmlmaWNhY2lvbmVzLg==
xk8ECA,,W1ZpZ2lsYW50ZSBHbm9jY2hpXQpJJ2xsIGV4cGxhaW4gZXZlcnkgc3RhdCBmb3IgeW91LgpeNEQ0REZGU1RSIG1lYW5zIHN0cmVuZ3RoXjAwMDAwMC4gXjRENERGRkl0IGluY3JlYXNlcyBQaHlzaWNhbCBBVEteMDAwMDAwLg==,,,,,W0RvcmFtXQpeMzEzMUZGVm9jw6ogc2FiaWEgcXVlIHBvZGUgYWJyaXIgc3VhIGphbmVsYSBkZSBhdGFsaG9zIGNvbSBhIHRlY2xhIEYxMj9eMDAwMDAw,,W0p1c3RpY2llcm8gw5FvcXVpXQpUZSBleHBsaWNhcsOpIHRvZGFzIGxhcyBlc3RhZMOtc3RpY2FzLgpeNEQ0REZGRlVFIHNpZ25pZmljYSBmdWVyemFeMDAwMDAwLiBeNEQ0REZGQXVtZW50YSBlbCBBVFEgZsOtc2ljb14wMDAwMDAu
x08ECA,,W1ZpZ2lsYW50ZSBHbm9jY2hpXQpeNEQ0REZGVklUIG1lYW5zIHZpdGFsaXR5XjAwMDAwMC4gXjRENERGRkl0IGluY3JlYXNlcyBNYXggSFBeMDAwMDAwLgpeNEQ0REZGQUdJIG1lYW5zIGFnaWxpdHleMDAwMDAwLiBeNEQ0REZGSXQncyByZWxhdGVkIHRvIEZMRUUgYW5kIEFTUEReMDAwMDAwLg==,,,,,QXRlbsOnw6NvOgpeMzEzMUZGQ3JpZSBhdGFsaG9zIHBhcmEgdXNhciBpdGVucyBlIGhhYmlsaWRhZGVzIGFvIGFycmFzdGFyIHNldXMgw61jb25lcyBwYXJhIGEgYmFycmEgZGUgYXRhbGhvcy4=,,W0p1c3RpY2llcm8gw5FvcXVpXQpeNEQ0REZGVklUIHNpZ25pZmljYSB2aXRhbGlkYWReMDAwMDAwLiBeNEQ0REZGQXVtZW50YSBsb3MgUFYgTcOheF4wMDAwMDAuCl40RDRERkZBR0kgc2lnbmlmaWNhIGFnaWxpZGFkXjAwMDAwMC4gXjRENERGRkVzdMOhIHJlbGFjaW9uYWRhIGNvbiBsYSBFVkEgeSBsYSBWRUxBXjAwMDAwMC4=
yE8ECA,,W1ZpZ2lsYW50ZSBHbm9jY2hpXQpeNEQ0REZGSU5UIG1lYW5zIGludGVsbGlnZW5jZSwgd2hpY2ggaXMgcmVsYXRlZCB0byBNQVRLLCB0aGUgTWFnaWMgQVRLXjAwMDAwMC4gSXQncyBhIG11c3QtcmFpc2UgaWYgeW91IHdhbnQgdG8gdXNlIGxvdHMgb2YgbWFnaWMu,,,,,QXRlbsOnw6NvOgpeMzEzMUZGVW1hIHZleiBjcmlhZG8gbyBhdGFsaG8sIGJhc3RhIGFwZXJ0YXIgbyBib3TDo28gKGRlIEYxIGEgRjkpIHBhcmEgdXNhciBvIGl0ZW0gb3UgaGFiaWxpZGFkZSBpbWVkaWF0YW1lbnRlLg==,,W0p1c3RpY2llcm8gw5FvcXVpXQpeNEQ0REZGSU5UIHNpZ25pZmljYSBpbnRlbGlnZW5jaWEsIHF1ZSBlc3TDoSByZWxhY2lvbmFkYSBjb24gZWwgQVRRTSwgZXMgZGVjaXIsIGVsIEFUUSBtw6FnaWNvXjAwMDAwMC4gRXMgYWxnbyBxdWUgdGllbmVzIHF1ZSBtZWpvcmFyIHNpIHF1aWVyZXMgdXNhciBtdWNoYSBtYWdpYS4=
yU8ECA,,W1ZpZ2lsYW50ZSBHbm9jY2hpXQpeNEQ0REZGREVYIG1lYW5zIGRleHRlcml0eSwgd2hpY2ggaXMgcmVsYXRlZCB0byBhY2N1cmFjeV4wMDAwMDAuCkl0IHNob3J0ZW5zIHRoZSBjYXN0aW5nIHRpbWUgYW5kIGluY3JlYXNlcyBISVQgb2YgeW91ciBhdHRhY2tzLg==,,,,,QXRlbsOnw6NvOgpeMzEzMUZGVGFtYsOpbSDDqSBwb3Nzw612ZWwgY3JpYXIgc2V1cyBwcsOzcHJpb3MgYXRhbGhvcyBhbyBhY2Vzc2FyIGFzIENvbmZpZ3VyYcOnw7VlcyBkZSBBdGFsaG9zLg==,,W0p1c3RpY2llcm8gw5FvcXVpXQpeNEQ0REZGREVTIHNpZ25pZmljYSBkZXN0cmV6YSwgcXVlIGVzdMOhIHJlbGFjaW9uYWRhIGNvbiBsYSBwcmVjaXNpw7NuXjAwMDAwMC4KQWNvcnRhIGVsIHRpZW1wbyBkZSBsYW56YW1pZW50byB5IGF1bWVudGEgbGEgUFJFQyBkZSB0dXMgYXRhcXVlcy4=
yk8ECA,,W1ZpZ2lsYW50ZSBHbm9jY2hpXQpeNEQ0REZGTFVLIG1lYW5zIGx1Y2ssIHdoaWNoIGluY3JlYXNlcyBDUklULCB0aGUgQ3JpdGljYWwgQ2hhbmNlLl4wMDAwMDAuCkFuZCBpdCBtaWdodCBsZXQgeW91IGRvZGdlIHRoZSBlbmVteSdzIGF0dGFjayBieSBsdWNrLg==,,,,,QXRlbsOnw6NvOgpeMzEzMUZGRmFjaWxpdGUgYSBzdWEgam9ybmFkYSBjcmlhbmRvIGF0YWxob3MgcGFyYSBvcyBpdGVucyBlIGhhYmlsaWRhZGVzIHF1ZSBtYWlzIHVzYS4=,,W0p1c3RpY2llcm8gw5FvcXVpXQpeNEQ0REZGU1VFIHNpZ25pZmljYSBzdWVydGUsIHF1ZSBhdW1lbnRhIGVsIENSw41ULCBlcyBkZWNpciwgbGEgUHJvYmFiaWxpZGFkIGRlIHVuIGdvbHBlIENyw610aWNvLl4wMDAwMDAuClkgcHVlZGUgcXVlIHRlIHBlcm1pdGEgZXNxdWl2YXIgZWwgYXRhcXVlIGRlbCBlbmVtaWdvIGNvbiBzdWVydGUu
y08ECA,,W1ZpZ2lsYW50ZSBHbm9jY2hpXQpZb3UgaGF2ZSB0byByYWlzZSBTVFIgaWYgeW91IHdhbnQgdG8gZGV2ZWxvcCB5b3Vyc2VsZiBwaHlzaWNhbGx5IG9yIElOVCBpZiB5b3UncmUgZ29pbmcgdG8gZGV2ZWxvcCB5b3Vyc2VsZiBtYWdpY2FsbHku,,,,,Vm9jw6ogcG9kZSB1c2FyIGl0ZW5zIGNvbnN1bcOtdmVpcyBhbyBjbGljYXIgZHVhcyB2ZXplcyBuZWxlcyBubyBpbnZlbnTDoXJpby4=,,W0p1c3RpY2llcm8gw5FvcXVpXQpUaWVuZXMgcXVlIG1lam9yYXIgbGEgRlVFIHNpIHF1aWVyZXMgZGVzYXJyb2xsYXJ0ZSBmw61zaWNhbWVudGUgbyBsYSBJTlQgc2kgdmFzIGEgZGVzYXJyb2xsYXJ0ZSBtw6FnaWNhbWVudGUu
zE8ECA,,W1ZpZ2lsYW50ZSBHbm9jY2hpXQpBbmQgREVYIGlzIHBhcmFtb3VudCBhdCB0aGUgYmVnaW5uaW5nIHN0YWdlIGFzIGl0IGluY3JlYXNlcyB5b3VyIGFjY3VyYWN5LgpJIGRvbid0IGV4cGVjdCB5b3UgdG8gZ2V0IGV2ZXJ5dGhpbmcgcmlnaHQgYXdheSwgc28gdHJ5IG1hbnkgY29tYmluYXRpb25zIGFuZCBmaW5kIHRoZSB3YXkgdGhhdCBmaXRzIHlvdS4=,,,,,RG9yYW0gQW5pbWFkbw==,,W0p1c3RpY2llcm8gw5FvcXVpXQpZIGxhIERFUyBlcyBwcmltb3JkaWFsIGVuIGxhIGZhc2UgaW5pY2lhbCwgeWEgcXVlIGF1bWVudGEgdHUgcHJlY2lzacOzbi4KTm8gZXMgZsOhY2lsIGFsIHByaW5jaXBpbywgYXPDrSBxdWUgcHJ1ZWJhIG11Y2hhcyBjb21iaW5hY2lvbmVzIHkgZW5jdWVudHJhIGxhIHF1ZSBtZWpvciBzZSBhZGFwdGUgYSB0aS4=
zU8ECA,,W1ZpZ2lsYW50ZSBHbm9jY2hpXQpHb29kIGx1Y2sh,,,,,RWksIGVpISBVc2UgbyBib3TDo28gZGlyZWl0byBkbyBtb3VzZSBwcmEgdGVyIG1haXMgaW5mb3JtYcOnw7VlcyEgQ2xpcXVlIGNvbSBvIGJvdMOjbyBkaXJlaXRvIGVtIHBlc3NvYXMsIGdhdG9zLCBpdGVucywgdHVkbyE=,,W0p1c3RpY2llcm8gw5FvcXVpXQrCoUJ1ZW5hIHN1ZXJ0ZSE=
zk8ECA,,W1ZpZ2lsYW50ZSBHbm9jY2hpXQpEbyB5b3Ugd2FudCBtZSB0byBleHBsYWluIG1vcmUgYWJvdXQgU3RhdHM/,,,,,RG9yYW0gVmlhamFudGU=,,W0p1c3RpY2llcm8gw5FvcXVpXQrCv1F1aWVyZXMgcXVlIHRlIGV4cGxpcXVlIGFsZ28gbcOhcyBzb2JyZSBsYXMgZXN0YWTDrXN0aWNhcz8=
z08ECA,,W1ZpZ2lsYW50ZSBHbm9jY2hpXQpUaGUgSHlwbm90aXN0IGluIHRoZSB2aWxsYWdlIGNhbiByZXNldCB5b3VyIFN0YXRzIHVwIHRvIExldmVsIDQ5LgpJIGhvcGUgeW91IGNhbiBmaW5kIHlvdXIgb3duIHBhdGggYmVmb3JlIHBhc3NpbmcgdGhhdCBwb2ludC4=,,,,,U2Ugdm9jw6ogdWx0cmFwYXNzYXIgNTAlIGRvIHNldSBsaW1pdGUgZGUgcGVzbyBxdWUgcG9kZSBjYXJyZWdhciwgc2V1IEhQIG7Do28gc2Vyw6EgbWFpcyByZWN1cGVyYWRvIGF1dG9tYXRpY2FtZW50ZS4=,,W0p1c3RpY2llcm8gw5FvcXVpXQpFbCBoaXBub3RpemFkb3IgZGUgbGEgYWxkZWEgcHVlZGUgcmVzdGFibGVjZXIgdHVzIEVzdGFkw61zdGljYXMgaGFzdGEgcXVlIGxsZWd1ZXMgYWwgTml2ZWw0OS4KRXNwZXJvIHF1ZSBwdWVkYXMgZW5jb250cmFyIHR1IHByb3BpbyBlc3RpbG8gYW50ZXMgZGUgcGFzYXIgZXNlIHB1bnRvLg==
0E8ECA,,W1ZpZ2lsYW50ZSBHbm9jY2hpXQpBaGVtLiBUaGlzIHBsYWNlIGFjdHMgYXMgdGhlIGdhdGV3YXkgdG8gdGhlIFBhc3RhIENvbnRpbmVudC4KSHVtYW5zIG1heSBub3QgcHJvY2VlZCBmdXJ0aGVyIQ==,,,,,UHJlc3Npb25lIGEgdGVjbGEgSW5zZXJ0IHBhcmEgc2VudGFyIGUgcmVjdXBlcmFyIHZpZGEh,,W0p1c3RpY2llcm8gw5FvcXVpXQpFamVtLiBFc3RlIGx1Z2FyIGFjdMO6YSBjb21vIHB1ZXJ0YSBkZSBlbnRyYWRhIGFsIGNvbnRpbmVudGUgZGUgUGFzdGEuCsKhTG9zIGh1bWFub3Mgbm8gcHVlZGVuIHBhc2FyIQ==
0U8ECA,,SGF3a2Vy,,,,,RG9yYW0gRXNwZXJ0bw==,,SGF3a2Vy
0k8ECA,,TWVvdyEgQml0cyBhbmQgYm9iYmxlcyBmb3Igc2FsZSEgVGFrZSBhIGdhbmRlciE=,,,,,VklUIChWaXRhbGlkYWRlKSBhZmV0YSBzZXUgSFAgZSBkZWZlc2EgZsOtc2ljYS4=,,wqFNaWF1ISDCoUNvc2FzIHkgY29zaXRhcyBhIGxhIHZlbnRhISDCoUVjaGVuIHVuIHZpc3Rhem8h
008ECA,,VGFtaW5nIE1lcmNoYW50,,,,,QUdJIChBZ2lsaWRhZGUpIGFmZXRhIEVzcXVpdmEgZSBWZWxvY2lkYWRlIGRlIEF0YXF1ZS4=,,VGFtaW5nIE1lcmNoYW50
1E8ECA,,Q2F0,,,,,SU5UIChJbnRlbGlnw6puY2lhKSBhZmV0YSBzZXUgU1AsIGJlbSBjb21vIEF0YXF1ZSBlIERlZmVzYSBNw6FnaWNhLg==,,Q2F0
1U8ECA,,RjEyIH4gRjEyIH4=,,,,,Rk9SIChGb3LDp2EpIGFmZXRhIHNldSBBdGFxdWUgRsOtc2ljbyBlIExpbWl0ZSBkZSBQZXNvLg==,,RjEyfkYxMn4=
1k8ECA,,W0NhdF0KXjRENERGRkkgaGVhcmQgcHJlc3NpbmcgRjEyIHNob3dzIGhvdGtleSBzbG90cy5eMDAwMDAw,,,,,REVTIChEZXN0cmV6YSkgYWZldGEgc3VhIFByZWNpc8OjbyBlIFZlbG9jaWRhZGUgZGUgQXRhcXVlLg==,,W0dhdG9dCl40RDRERkZFc2N1Y2jDqSBxdWUgYWwgcHVsc2FyIEYxMiBzZSB2ZW4gbGFzIHJhbnVyYXMgZGUgbG9zIGF0YWpvcy5eMDAwMDAw
108ECA,,IS0gR3VpZGUgLSEKXjRENERGRllvdSBjYW4gZHJhZyBhbmQgZHJvcCBza2lsbHMgYW5kIGljb25zIG9udG8gdGhlIHNob3J0Y3V0IHNsb3RzIHRvIHJlZ2lzdGVyIHRoZW0u,,,,,U09SIChTb3J0ZSkgYWZldGEgc2V1IERhbm8gQ3LDrXRpY28gZSBFc3F1aXZhIFBlcmZlaXRhLg==,,LcKhR3XDrWEhLQpeNEQ0REZGUHVlZGVzIGFycmFzdHJhciB5IHNvbHRhciBoYWJpbGlkYWRlcyBlIMOtY29ub3MgZW4gbGFzIHJhbnVyYXMgZGUgYWNjZXNvIGRpcmVjdG8gcGFyYSByZWdpc3RyYXJsb3Mu
2E8ECA,,IS0gR3VpZGUgLSEKXjRENERGRlRoZSBpdGVtcyBhbmQgZXF1aXBtZW50IGluIHRoZSBzbG90cyBjYW4gYmUgdXNlZCBvciBlcXVpcHBlZCB3aXRoIEYxIHRvIEY5Lg==,,,,,TWVzdHJlIGRvcyBFbGVtZW50b3M=,,LcKhR3XDrWEhLQpeNEQ0REZGTG9zIG9iamV0b3MgeSBlbCBlcXVpcGFtaWVudG8gZGUgbGFzIHJhbnVyYXMgc2UgcHVlZGVuIHVzYXIgbyBlcXVpcGFyIGNvbiBsYXMgdGVjbGFzIGRlIEYxIGEgRjku
2U8ECA,,IS0gR3VpZGUgLSEKXjRENERGRllvdSBjYW4gY3VzdG9taXplIHlvdXIgc2hvcnRjdXQga2V5cyBpbiB0aGUgU2hvcnRjdXQgS2V5IFNldHRpbmcgd2luZG93Lg==,,,,,Rm9nbyB0ZW0gdmFudGFnZW0gc29icmUgVGVycmEu,,LcKhR3XDrWEhLQpeNEQ0REZGUHVlZGVzIHBlcnNvbmFsaXphciB0dXMgdGVjbGFzIGRlIGFjY2VzbyBkaXJlY3RvIGVuIGxhIHZlbnRhbmEgZGUgQ29uZmlndXJhY2nDs24gZGUgdGVjbGFzIGRlIGFjY2VzbyBkaXJlY3RvLg==
2k8ECA,,IS0gR3VpZGUgLSEKXjRENERGRlJlZ2lzdGVyIHlvdXIgZnJlcXVlbnRseSB1c2VkIGl0ZW1zIGFuZCBza2lsbHMgdG8gdXNlIHRoZW0gcXVpY2tseS4=,,,,,VGVycmEgdGVtIHZhbnRhZ2VtIHNvYnJlIFZlbnRvLg==,,LcKhR3XDrWEhLQpeNEQ0REZGUmVnaXN0cmEgdHVzIGhhYmlsaWRhZGVzIHkgb2JqZXRvcyBkZSB1c28gZnJlY3VlbnRlIHBhcmEgdXRpbGl6YXJsb3MgcsOhcGlkYW1lbnRlLg==
208ECA,,TWVvdy4gWW91IGNhbiB1c2UgYSBjb25zdW1hYmxlIGl0ZW0gYnkgZG91YmxlLWNsaWNraW5nIGl0Lg==,,,,,VmVudG8gdGVtIHZhbnRhZ2VtIHNvYnJlIMOBZ3VhLg==,,TWlhdS4gUHVlZGVzIHVzYXIgdW4gb2JqZXRvIGNvbnN1bWlibGUgaGFjacOpbmRvbGUgZG9ibGUgY2xpYy4=
3E8ECA,,TGl2ZWx5IERvcmFt,,,,,w4FndWEgdGVtIHZhbnRhZ2VtIHNvYnJlIEZvZ28u,,TGl2ZWx5IERvcmFt
3U8ECA,,UmlnaHQgY2xpY2sgZm9yIGluZm9ybWF0aW9uISBQZW9wbGUsIGNhdHMsIHJpZ2h0LWNsaWNrIHRoZW0gYWxsIQ==,,,,,U2FncmFkbyBlIFNvbWJyaW8gc8OjbyBmb3J0ZXMgdW0gY29udHJhIG8gb3V0cm8u,,wqFIYXogY2xpYyBkZXJlY2hvIHBhcmEgb2J0ZW5lciBpbmZvcm1hY2nDs24hIEVuIHBlcnNvbmFzLCBnYXRvcywgwqFoYXogY2xpYyBkZXJlY2hvIGVuIHRvZG9zIQ==
3k8ECA,,VHJhdmVsaW5nIERvcmFt,,,,,TyBlbGVtZW50byBNYWxkaXRvIMOpIG1lbGhvciBjb21iYXRpZG8gY29tIG9zIGVsZW1lbnRvcyBTYWdyYWRvIG91IEZvZ28u,,VHJhdmVsaW5nIERvcmFt
308ECA,,TWVvdy4gWW91IGNhbid0IHJlY292ZXIgbmF0dXJhbGx5IGlmIHRoZSB3ZWlnaHQgb2YgdGhlIGl0ZW1zIHlvdSBoYXZlIGlzIG1vcmUgdGhhbiA1MCUgb2YgdGhlIGNhcnJ5aW5nIGxpbWl0Lg==,,,,,W01lc3RyZSBkb3MgRWxlbWVudG9zXQpUb2RvcyBvcyBzZXJlcyB2aXZvcyBwb3NzdWVtIHVtIGVsZW1lbnRvLgpFbGUgcG9kZSBzZXIgTmV1dHJvLCBvdSB1bSBkb3MgcXVhdHJvIGVsZW1lbnRvcyBwcmluY2lwYWlzIG91IFNhZ3JhZG8gZSBTb21icmlvLg==,,TWlhdS4gTm8gcHVlZGVzIHJlY3VwZXJhcnRlIGRlIGZvcm1hIG5hdHVyYWwgc2kgZWwgcGVzbyBkZSBsb3Mgb2JqZXRvcyBxdWUgbGxldmFzIHN1cGVyYSBlbCA1MCUgZGVsIGzDrW1pdGUgZGUgY2FyZ2Eu
4E8ECA,,Q3VzdG9tZXI=,,,,,W01lc3RyZSBkb3MgRWxlbWVudG9zXQpPcyBxdWF0cm8gZWxlbWVudG9zIHByaW5jaXBhaXMgc8OjbzoKw4FndWEsIFZlbnRvLCBUZXJyYSBlIEZvZ28uClRhbWLDqW0gaMOhIG9zIGVsZW1lbnRvcyBNYWxkaXRvLCBTYWdyYWRvIGUgU29tYnJpby4=,,Q3VzdG9tZXI=
4U8ECA,,UHJlc3NpbmcgdGhlIEluc2VydCBrZXkgbWFrZXMgeW91IHNpdCBkb3duIGFuZCByZXN0LiBJdCByZXN0b3JlcyB5b3VyIEhQLiBNZW93Lg==,,,,,W01lc3RyZSBkb3MgRWxlbWVudG9zXQpDYWRhIGVsZW1lbnRvIMOpIGZvcnRlIGNvbnRyYSB1bSBlIGZyYWNvIGNvbnRyYSBvdXRyby4=,,QWwgcHVsc2FyIGxhIHRlY2xhIEluc2VydCwgdGUgc2llbnRhcyB5IGRlc2NhbnNhcy4gRXN0byByZXN0YXVyYSB0dXMgUFYuIE1pYXUu
4k8ECA,,U21hcnQgRG9yYW0=,,,,,W01lc3RyZSBkb3MgRWxlbWVudG9zXQpGb2dvIHRlbSB2YW50YWdlbSBzb2JyZSBUZXJyYSwKbWFzIFRlcnJhIMOpIGJlbSBlZmljaWVudGUgY29udHJhIFZlbnRvLg==,,U21hcnQgRG9yYW0=
408ECA,,VklUIChWaXRhbGl0eSkgaXMgcmVsYXRlZCB0byBIUCBhbmQgUGh5c2ljYWwgREVGLg==,,,,,W01lc3RyZSBkb3MgRWxlbWVudG9zXQpPIFZlbnRvLCBwb3Igc3VhIHZleiwgw6kgYm9tIGNvbnRyYSDDgWd1YSwKZSDDgWd1YSBhcGFnYSBvIEZvZ28u,,TGEgVklUIChWaXRhbGlkYWQpIGVzdMOhIHJlbGFjaW9uYWRhIGNvbiBsb3MgUFYgeSBsYSBERUYgZsOtc2ljYS4=
5E8ECA,,QUdJIChBZ2lsaXR5KSBpcyByZWxhdGVkIHRvIEZMRUUgYW5kIEFTUEQu,,,,,W01lc3RyZSBkb3MgRWxlbWVudG9zXQpTYWdyYWRvIGUgU29tYnJpbyBzw6NvIG9wb3N0b3Mu,,TGEgQUdJIChBZ2lsaWRhZCkgZXN0w6EgcmVsYWNpb25hZGEgY29uIGxhIEVWQSB5IGxhIFZFTEEu
5U8ECA,,SU5UIChJbnRlbGxpZ2VuY2UpIGlzIHJlbGF0ZWQgdG8gU1AsIE1hZ2ljIEFUSywgYW5kIE1hZ2ljIERFRi4=,,,,,W01lc3RyZSBkb3MgRWxlbWVudG9zXQpFeGlzdGVtIG91dHJvcyBhdHJpYnV0b3MsIGNvbW8gTmV1dHJvIGUgRmFudGFzbWEsIG1hcyBwb3Igb3JhIGFjaG8gcXVlIGlzc28gw6kgbyBzdWZpY2llbnRlLg==,,TGEgSU5UIChJbnRlbGlnZW5jaWEpIGVzdMOhIHJlbGFjaW9uYWRhIGNvbiBsb3MgUE0sIGVsIEFUUSBtw6FnaWNvIHkgbGEgREVGIG3DoWdpY2Eu
5k8ECA,,U1RSIChTdHJlbmd0aCkgaXMgcmVsYXRlZCB0byBQaHlzaWNhbCBBVEsgYW5kIENhcnJ5aW5nIExpbWl0Lg==,,,,,T3MgaHVtYW5vcyBkaXplbSBxdWUgYXMgYXJtYXMgZmljYW0gbWFpcyBmb3J0ZXMgcXVhbmRvIHJlZmluYWRhcy4uLiBNYXMgbyBxdWUgw6kgbyByZWZpbm8/,,TGEgRlVFIChGdWVyemEpIGVzdMOhIHJlbGFjaW9uYWRhIGNvbiBlbCBBVFEgZsOtc2ljbyB5IGVsIEzDrW1pdGUgZGUgY2FyZ2Eu
508ECA,,REVYIChEZXh0ZXJpdHkpIGlzIHJlbGF0ZWQgdG8gSElUIGFuZCBDYXN0aW5nIFRpbWUu,,,,,UGVubmU=,,TGEgREVTIChEZXN0cmV6YSkgZXN0w6EgcmVsYWNpb25hZGEgY29uIGxhIFBSRUMgeSBlbCBUaWVtcG8gZGUgbGFuemFtaWVudG8u
6E8ECA,,TFVLIChMdWNrKSBpcyByZWxhdGVkIHRvIENyaXRpY2FsIEhpdCBhbmQgUGVyZmVjdCBEb2RnZS4=,,,,,W1Blbm5lXQpCdW9uZ2lvcm5vISDDiSBib20gdGUgdmVyIHBvciBlc3RhcyBiYW5kYXMh,,TGEgU1VFIChTdWVydGUpIGVzdMOhIHJlbGFjaW9uYWRhIGNvbiBlbCBHb2xwZSBjcsOtdGljbyB5IGxhIEV2YXNpw7NuIHBlcmZlY3RhLg==
6U8ECA,,RWxlbWVudGFsIEV4cGVydA==,,,,,W1Blbm5lXQpWb2PDqiBqw6EgZGV1IHVtYSBvbGhhZGEgZW0gXjMxMzFGRlByb250ZXJhXjAwMDAwMCBlIF4zMTMxRkZQYXlvbl4wMDAwMDA/,,RWxlbWVudGFsIEV4cGVydA==
6k8ECA,,RmlyZSBlbGVtZW50IGJlYXRzIEVhcnRoIGVsZW1lbnQuIE1lb3cu,,,,,W1Blbm5lXQpUZW0gdW0gbHVnYXIgY2hhbWFkbyBHcnVwbyDDiWRlbi4gVmFsZSBhIHBlbmEgaXIgZGFyIHVtYSBvbGhhZGEgbMOhLgpEw6EgcHJhIGNvbnNlZ3VpciB1bnMgZXF1aXBhbWVudG9zIGJlbSBib25zLiBBcnJpdmVkZXJjaSE=,,RWwgZWxlbWVudG8gZGUgRnVlZ28gbGUgZ2FuYSBhbCBlbGVtZW50byBkZSBUaWVycmEuIE1pYXUu
608ECA,,RWFydGggZWxlbWVudCBiZWF0cyBXaW5kIGVsZW1lbnQuIE1lb3cu,,,,,W1Blbm5lXQpCdW9uZ2lvcm5vIQ==,,RWwgZWxlbWVudG8gZGUgVGllcnJhIGxlIGdhbmEgYWwgZWxlbWVudG8gZGUgVmllbnRvLiBNaWF1Lg==
7E8ECA,,V2luZCBlbGVtZW50IGJlYXRzIFdhdGVyIGVsZW1lbnQuIE1lb3cu,,,,,W1Blbm5lXQpOT1NTQSEgVm9jw6ogdMOhIG11dXV1aXRvIGZvcnRlISBEaSBtb2x0byEKRXN0b3UgbXVpdG8gb3JndWxob3NvIGRlIHZvY8OqIQ==,,RWwgZWxlbWVudG8gZGUgVmllbnRvIGxlIGdhbmEgYWwgZWxlbWVudG8gZGUgQWd1YS4gTWlhdS4=
7U8ECA,,V2F0ZXIgZWxlbWVudCBiZWF0cyBGaXJlIGVsZW1lbnQuIE1lb3cu,,,,,W1Blbm5lXQpFbmZpbSEgVm9jw6ogasOhIHNlZ3VpdSBwYXJhIG8gbm9ydGUgZGUgQWwgRGUgQmFyYW4/CkRpemVtIHF1ZSBwcmEgbMOhIHRlbSB1bSBsdWdhciBjaGFtYWRvIFNjaHdhbHR6d2FsdC4=,,RWwgZWxlbWVudG8gZGUgQWd1YSBsZSBnYW5hIGFsIGVsZW1lbnRvIGRlIEZ1ZWdvLiBNaWF1Lg==
7k8ECA,,TGlnaHQgYW5kIFNoYWRvdyBhcmUgd2VhayB0byBlYWNoIG90aGVyLiBNZW93Lg==,,,,,W1Blbm5lXQpDYXJhbWJhLi4uIFJ1bmUtTWlkZ2FyZCDDqSBpbWVuc2EsIG7Do28gw6k/Ck1hcyBuw6NvIGVzcXVlw6dhIGRlIG7Ds3MhIFNlbXByZSB0ZSByZWNlYmVyZW1vcyBkZSBwYXRhcyBhYmVydGFzIGVtIExhc2FnbmEuCkFycml2ZWRlcmNpIQ==,,TGEgTHV6IHkgbGEgU29tYnJhIHNvbiBkw6liaWxlcyBlbnRyZSBzw60uIE1pYXUu
708ECA,,SG9seSBhbmQgRmlyZSBlbGVtZW50cyBhcmUgZWZmZWN0aXZlIGFnYWluc3QgVW5kZWFkcy4=,,,,,W1Blbm5lXQpDaGUgYmVsbGEgc29ycHJlc2EhIFZvY8OqIGVzdMOhIG11aXRvIGZvcnRlIQpNYXMgbsOjbyBlc3F1ZcOnYSBkZSBuw7NzISBTZW1wcmUgdGUgcmVjZWJlcmVtb3MgZGUgcGF0YXMgYWJlcnRhcyBlbSBMYXNhZ25hLg==,,TG9zIGVsZW1lbnRvcyBTYWdyYWRvcyB5IGRlIEZ1ZWdvIHNvbiBlZmljYWNlcyBjb250cmEgbG9zIE11ZXJ0b3Mgdml2aWVudGVzLg==
8E8ECA,,W0VsZW1lbnRhbCBDYXRdCkV2ZXJ5IGxpdmluZyBjcmVhdHVyZSBpbiB0aGUgd29ybGQgaGFzIGFuIGVsZW1lbnQuCk5ldXRyYWwsIGZvdXIgbmF0dXJhbCBlbGVtZW50cywgSG9seSwgYW5kIFNoYWRvdy4gVGhlcmUgYXJlIHNvIG1hbnkgZWxlbWVudHMu,,,,,W1Blbm5lXQpCdW9uZ2lvcm5vISBFc3RvdSBmZWxpeiBkZSB0ZSB2ZXIgcG9yIGVzdGFzIGJhbmRhcyE=,,W0dhdG8gZWxlbWVudGFsXQpUb2RhcyBsYXMgY3JpYXR1cmFzIHZpdmFzIGRlbCBtdW5kbyB0aWVuZW4gdW4gZWxlbWVudG8uCk5ldXRyYWwsIGxvcyBjdWF0cm8gZWxlbWVudG9zIG5hdHVyYWxlcywgU2FncmFkbyB5IFNvbWJyYS4gSGF5IG11Y2hvcyBlbGVtZW50b3Mu
8U8ECA,,W0VsZW1lbnRhbCBDYXRdClRoZSBtb3N0IGZhbW91cyBvbmVzIGFyZSB0aGUgZm91ciBuYXR1cmFsIGVsZW1lbnRzLAppLmUuIFdhdGVyLCBXaW5kLCBFYXJ0aCwgYW5kIEZpcmUuClRoZW4sIHRoZXJlIGFyZSBVbmRlYWQsIEhvbHksIGFuZCBTaGFkb3cgZWxlbWVudHMu,,,,,W1Blbm5lXQpIdW1hbm9zIHPDo28gbXVpdG8gZW5ncmHDp2Fkb3MuLi4KRWxlcyBzw6NvIHRpcG8gZ2F0b3MsIHPDsyBxdWUgc2VtIHBlbG9zLi4uPw==,,W0dhdG8gZWxlbWVudGFsXQpMb3MgbcOhcyBmYW1vc29zIHNvbiBsb3MgY3VhdHJvIGVsZW1lbnRvcyBuYXR1cmFsZXMsCmVzIGRlY2lyLCBBZ3VhLCBWaWVudG8sIFRpZXJyYSB5IEZ1ZWdvLgpMdWVnbyBlc3TDoW4gbG9zIGVsZW1lbnRvcyBNdWVydG8gVml2aWVudGUsIFNhZ3JhZG8geSBTb21icmEu
8k8ECA,,W0VsZW1lbnRhbCBDYXRdCkVhY2ggZWxlbWVudCBpcyBzdHJvbmcgYW5kIHdlYWsgYWdhaW5zdCBjZXJ0YWluIGVsZW1lbnRzLCBzbyB1c2luZyB0aGUgZWxlbWVudGFsIG1hdGNodXBz,,,,,W1Blbm5lXQpFdT8gRXUgc291IHVtIERvcmFtISBWZW5obyBkZSBQYXN0YSwgZSBmYcOnbyBwYXJ0ZSBkb3MgaG9ucmFkb3MgRmFyZmVsbGUh,,W0dhdG8gZWxlbWVudGFsXQpDYWRhIGVsZW1lbnRvIGVzIGZ1ZXJ0ZSB5IGTDqWJpbCBjb250cmEgY2llcnRvcyBlbGVtZW50b3MsIGFzw60gcXVlIHVzYXIgbG9zIGVtcGFyZWphbWllbnRvcyBlbGVtZW50YWxlcw==
808ECA,,W0VsZW1lbnRhbCBDYXRdCndpbGwgbWFrZSB5b3VyIGJhdHRsZSBlYXNpZXIuCk1lb3cuIFRoZXNlIGFyZSB0aGUgbWF0Y2h1cHMgYmV0d2VlbiB0aGUgZWxlbWVudHMu,,,,,UGFzdGE/,,W0dhdG8gZWxlbWVudGFsXQp0ZSBmYWNpbGl0YXLDoSBsYSBiYXRhbGxhLgpNaWF1LiBFc3RvcyBzb24gbG9zIGVtcGFyZWphbWllbnRvcyBlbnRyZSBsb3MgZWxlbWVudG9zOg==
9E8ECA,,W0VsZW1lbnRhbCBDYXRdCkZpcmUgaXMgc3Ryb25nIGFnYWluc3QgRWFydGgsCmFuZCBFYXJ0aCBpcyBlZmZlY3RpdmUgYWdhaW5zdCBXaW5kLg==,,,,,RmFyZmVsbGU/,,W0dhdG8gZWxlbWVudGFsXQpFbCBGdWVnbyBlcyBmdWVydGUgY29udHJhIGxhIFRpZXJyYSwKeSBsYSBUaWVycmEgZXMgZWZpY2F6IGNvbnRyYSBlbCBWaWVudG8u
9U8ECA,,W0VsZW1lbnRhbCBDYXRdCldpbmQgYmVhdHMgV2F0ZXIsCmFuZCBXYXRlciBjYW4gc3F1YXNoIEZpcmUu,,,,,Vm9jw6ogw6kgdW0gQWdlbnRlIGRhIFBhdGEgZGUgR2F0bz8=,,W0dhdG8gZWxlbWVudGFsXQpFbCBWaWVudG8gdmVuY2UgYWwgQWd1YSwKeSBlbCBBZ3VhIHB1ZWRlIGFwbGFzdGFyIGFsIEZ1ZWdvLg==
9k8ECA,,W0VsZW1lbnRhbCBDYXRdCkhvbHkgYW5kIFNoYWRvdyBhcmUgd2VhayBhZ2FpbnN0IGVhY2ggb3RoZXIsIHNvIGRlYWwgd2l0aCBpdCBkZXBlbmRpbmcgb24gdGhlIHNpdHVhdGlvbi4=,,,,,W1Blbm5lXQpFeGlzdGUgdW0gb3V0cm8gY29udGluZW50ZSBjaGFtYWRvIGRlIFBhc3RhLiBFdSB2ZW5obyBkZSBsw6EuCk8gbXVuZG8gbsOjbyDDqSBzw7MgbyBjb250aW5lbnRlIGRlIHZvY8OqcywgbsOjbyE=,,W0dhdG8gZWxlbWVudGFsXQpMbyBTYWdyYWRvIHkgbGEgU29tYnJhIHNvbiBkw6liaWxlcyBlbCB1bm8gY29udHJhIGVsIG90cm8sIGFzw60gcXVlIGxpZGlhIGNvbiBlbGxvcyBkZXBlbmRpZW5kbyBkZSBsYSBzaXR1YWNpw7NuLg==
908ECA,,W0VsZW1lbnRhbCBDYXRdClRoZXJlIGFyZSBhbHNvIE5ldXRyYWwgYW5kIEdob3N0IGVsZW1lbnRzLCBidXQgeW91IGNhbiB3b3JyeSBhYm91dCB0aG9zZQp3aGVuIHlvdSBzZWUgdGhlbSBmb3IgeW91cnNlbGYgbGF0ZXIu,,,,,W1Blbm5lXQpNYXMgbsOjbyB0ZSByZXByZWVuZG8gcG9yIHBlbnNhciBhc3NpbS4uLgpBIGdlbnRlIHRhbWLDqW0gYWNoYXZhIHF1ZSBvIG5vc3NvIGNvbnRpbmVudGUgZXJhIG8gw7puaWNvIQ==,,W0dhdG8gZWxlbWVudGFsXQpUYW1iacOpbiBlc3TDoW4gbG9zIGVsZW1lbnRvcyBOZXV0cmFsIHkgRmFudGFzbWEsIHBlcm8gZGUgZXNvcyB0ZSBwdWVkZXMgcHJlb2N1cGFyCmN1YW5kbyBsb3MgdmVhcyBwb3IgdHUgY3VlbnRhIG3DoXMgYWRlbGFudGUu
+E8ECA,,U2VyaW91cyBEb3JhbQ==,,,,,W1Blbm5lXQpTaW0uIFTDoSB2ZW5kbyBlc3NlIGJlbG8gYnJvY2hlIG5vIG1ldSB1bmlmb3JtZT8KKEVsZSBlbmNoZSBvIHBlaXRvIHBhcmEgcGFyZWNlciBtYWlzIGltcG9uZW50ZSku,,U2VyaW91cyBEb3JhbQ==
+U8ECA,,SHVtYW5zIHNheSBVcGdyYWRlIG1ha2VzIHlvdXIgd2VhcG9uIHN0cm9uZ2VyLiBXaGF0IGlzIFVwZ3JhZGU/,,,,,W1Blbm5lXQpFc3RlIMOpIG8gYnJhc8OjbyBkb3MgRmFyZmVsbGUuCk7Ds3Mgc29tb3Mgb3MgcHJvdGV0b3JlcyBkYSB2aWxhIGRlIExhc2FnbmEh,,TG9zIGh1bWFub3MgZGljZW4gcXVlIGxhcyBNZWpvcmFzIGhhY2VuIHR1IGFybWEgbcOhcyBmdWVydGUuIMK/UXXDqSBzb24gbGFzIE1lam9yYXM/
+k8ECA,,VmlnaWxhbnRlIFBlbm5l,,,,,W1Blbm5lXQpOb3NzbyBjaGVmZSwgUGVwZXJvY2lubywgw6kgaW5jcsOtdmVsLi4uCk7Ds3MgY29tZcOnYW1vcyBjb20gdHJhYmFsaG9zIHNpbXBsZXMsIG1hcyBob2plIGVtIGRpYSBtYW50ZXIgYSBwYXogZW0gTGFzYWduYSDDqSB1bWEgZGFzIG5vc3NhcyBtYWlvcmVzIHJlc3BvbnNhYmlsaWRhZGVzLg==,,VmlnaWxhbnRlIFBlbm5l
+08ECA,,W1ZpZ2lsYW50ZSBQZW5uZV0KSGV5LCBidWRkeS4gSGFwcHkgdG8gc2VlIGEgUGFyZmFpbGxlIHZpZ2lsYW50ZSBoZXJlLCByaWdodD8=,,,,,W1Blbm5lXQpWaWVtb3MgYXF1aSBwYXJhIFJ1bmUtTWl0aWcuLi4gUnVuZS1NZW5kaWcuLi4gKEFoLCBzZWkgbMOhIGNvbW8gZmFsYS4uLikKcGFyYSBxdWUgYXMgcGVzc29hcyBjb25oZcOnYW0gb3MgRmFyZmVsbGUgZS4uLg==,,W0p1c3RpY2llcm8gTWFjYXJyw7NuXQpIb2xhLCBjb2xlZ2EuIFF1w6kgZ3VzdG8gdmVyIHVuIG1pZW1icm8ganVzdGljaWVybyBkZSBGYXJmYWxsZSBhcXXDrSwgwr9ubz8=
/E8ECA,,W1ZpZ2lsYW50ZSBQZW5uZV0KSSBhc3N1bWUgeW91J3JlIHN0aWxsIG5vdCB1c2VkIHRvIHRoaXMgYXJlYSB5ZXQuCkhhdmUgeW91IGJlZW4gdG8gXjRENERGRlByb250ZXJhXjAwMDAwMCBvciBeNEQ0REZGUGF5b25eMDAwMDAwPyBUaGV5J3JlIG5lYXJieS4=,,,,,RWxlIGNvbnRpbnVhIHNlIHZhbmdsb3JpYW5kbyBwb3IgbWludXRvcy4uLg==,,W0p1c3RpY2llcm8gTWFjYXJyw7NuXQpTdXBvbmdvIHF1ZSBhw7puIG5vIHRlIGFjb3N0dW1icmFzIGEgZXN0YSB6b25hLgrCv0VzdHV2aXN0ZSBlbiBeNEQ0REZGUHJvbnRlcmFeMDAwMDAwIG8gZW4gXjRENERGRlBheW9uXjAwMDAwMD8gRXN0w6FuIGNlcmNhLg==
/U8ECA,,W1ZpZ2lsYW50ZSBQZW5uZV0KVGhlcmUncyBhbHNvIGEgcGxhY2UgY2FsbGVkIEVkZW4gR3JvdXAuIEl0J3Mgd29ydGggYSB2aXNpdC4KSXQnbGwgaGVscCB5b3Uu,,,,,SHVtPyBWb2PDqiBlc3TDoSBpbmRvIGVtYm9yYSBqw6E/,,W0p1c3RpY2llcm8gTWFjYXJyw7NuXQpUYW1iacOpbiBoYXkgdW4gbHVnYXIgbGxhbWFkbyBHcnVwbyBkZSBFZMOpbi4gTWVyZWNlIGxhIHBlbmEgdmlzaXRhcmxvLgpUZSBheXVkYXLDoS4=
/k8ECA,,W1ZpZ2lsYW50ZSBQZW5uZV0KWW91J3ZlIGdyb3duIGEgbG90IQpJdCBtYWtlcyBNRSBwcm91ZCB3aGVuIEkgc2VlIGEgRG9yYW0gbGlrZSB5b3Uh,,,,,W1Blbm5lXQpOw6NvIQpBIFBhdGEgZGUgR2F0byBmb2kgZnVuZGFkYSBwZWxvIENhcGl0w6NvIFRvbWFzIQ==,,W0p1c3RpY2llcm8gTWFjYXJyw7NuXQrCoUNyZWNpc3RlIG11Y2hvIQrCoU1lIGVub3JndWxsZWNlIHZlciBhIHNlbWVqYW50ZSBEb3JhbSE=
/08ECA,,W1ZpZ2lsYW50ZSBQZW5uZV0KSGF2ZSB5b3UgYmVlbiB0byB0aGUgbm9ydGg/CkkgaGVhcmQgdGhlcmUncyBhbm90aGVyIGNvdW50cnkgY2FsbGVkIFNjaHdhcnp3YWxkIGF0IHRoZSBub3J0aCBvZiBBbCBEZSBCYXJhbi4=,,,,,W1Blbm5lXQpFdSBzb3UgdW0gbWVtYnJvIGRvcyBGYXJmZWxsZSwgbGlkZXJhZGEgcGVsbyBDaGVmZSBQZXBlcm9jaW5vIQ==,,W0p1c3RpY2llcm8gTWFjYXJyw7NuXQrCv0VzdHV2aXN0ZSBlbiBlbCBub3J0ZT8KRXNjdWNow6kgcXVlIGhheSBvdHJvIHBhw61zIGxsYW1hZG8gU2Nod2FyendhbGQgYWwgbm9ydGUgZGUgQWxkZWJhcmFuLg==
AFAECA,,W1ZpZ2lsYW50ZSBQZW5uZV0KVGhpcyBjb250aW5lbnQgaXMgcXVpdGUgdmFzdCwgaXNuJ3QgaXQ/Ckkgc3VnZ2VzdCBzdG9wcGluZyBieSBMYXNhZ25hIG9yIHZpc2l0aW5nIE1hbGFuZ2RvIHNvbWV0aW1lIHRvIHNheSBoaS4=,,,,,W1Blbm5lXQpIYWghIFTDtCB2ZW5kbyBxdWUgdm9jw6ogbnVuY2EgZm9pIHByYSBMYXNhZ25hIQ==,,W0p1c3RpY2llcm8gTWFjYXJyw7NuXQpFc3RlIGNvbnRpbmVudGUgZXMgbXV5IGdyYW5kZSwgwr9ubz8KVGUgc3VnaWVybyBxdWUgcGFzZXMgcG9yIExhc2FnbmEgbyB2aXNpdGVzIE1hbGFuZ2RvIGFsZ3VuYSB2ZXogcGFyYSBzYWx1ZGFyLg==
AVAECA,,W1ZpZ2lsYW50ZSBQZW5uZV0KWW91IG1ha2UgRG9yYW1zIHByb3VkIQpTdGlsbCwgZG9uJ3QgZm9yZ2V0IGFib3V0IG91ciBob21lbGFuZCBMYXNhZ25hIGFuZCBQYXN0YS4=,,,,,W1Blbm5lXQpWb2PDqiBkZXZlcmlhIHZpc2l0YXIgbMOhLiBUYWx2ZXogYSBnZW50ZSBhdMOpIGNvbnNpZ2EgdW0gdHJhYmFsaG8gcHJhIHZvY8OqLi4uClRpcG8gbGltcGFyIGFzIGFuY2hvdmFzIGRvIG5vc3NvIGFsbW/Dp28sIHNlaSBsw6EuIEhhaGFoYWhhIQ==,,W0p1c3RpY2llcm8gTWFjYXJyw7NuXQrCoUVub3JndWxsZWNlcyBhIGxvcyBEb3JhbSEKQXVuIGFzw60sIG5vIHRlIG9sdmlkZXMgZGUgbnVlc3RyYSBwYXRyaWEsIExhc2FnbmEgeSBQYXN0YS4=
AlAECA,,W1ZpZ2lsYW50ZSBQZW5uZV0KRG9uJ3QgaGVzaXRhdGUgdG8gYXNrIEh1bWFucyBpZiB5b3UgZG9uJ3Qga25vdyBzb21ldGhpbmcuClRoZXkgY2FuIGJlIGdvb2QgYWR2aXNvcnMgZm9yIHlvdS4=,,,,,,,W0p1c3RpY2llcm8gTWFjYXJyw7NuXQpObyBkdWRlcyBlbiBwcmVndW50YXJsZSBhIGxvcyBIdW1hbm9zIHNpIG5vIHNhYmVzIGFsZ28uClB1ZWRlbiBzZXIgYnVlbm9zIGNvbnNlamVyb3MgcGFyYSB0aS4=
A1AECA,,W1ZpZ2lsYW50ZSBQZW5uZV0KSHVtYW5zIGxvb2sgc28gc3RyYW5nZS4KQmlnIGNhdHMgd2l0aG91dCBmdXIuLi4/,,,,,,,W0p1c3RpY2llcm8gTWFjYXJyw7NuXQpMb3MgSHVtYW5vcyBzZSB2ZW4gdGFuIGV4dHJhw7Fvcy4KU29uIGNvbW8gZ2F0b3MgZ3JhbmRlcyB5IHNpbiBwZWxv4oCm
BFAECA,,W1ZpZ2lsYW50ZSBQZW5uZV0KTWU/IEknbSBhIG1lbWJlciBvZiB0aGUgUGFyZmFpbGxlIFZpZ2lsYW50ZXMgb2YgdGhlIGdyZWF0IFBhc3RhIENvbnRpbmVudCE=,,,,,,,W0p1c3RpY2llcm8gTWFjYXJyw7NuXQrCv1lvPyDCoVNveSBtaWVtYnJvIGRlIGxvcyBKdXN0aWNpZXJvcyBkZSBGYXJmYWxsZSBkZWwgZ3JhbiBjb250aW5lbnRlIGRlIFBhc3RhIQ==
BVAECA,,UGFzdGEgQ29udGluZW50Pw==,,,,,,,wr9FbCBjb250aW5lbnRlIGRlIFBhc3RhPw==
BlAECA,,UGFyZmFpbGxlIFZpZ2lsYW50ZXM/,,,,,,,wr9Mb3MgSnVzdGljaWVyb3MgZGUgRmFyZmFsbGU/
B1AECA,,QXJlIHlvdSB3aXRoIHRoZSBDYXQgUGF3IE1lcmNoYW50IEd1aWxkPw==,,,,,,,wr9FcmVzIGRlbCBncmVtaW8gZGUgY29tZXJjaWFudGVzIFBhdGEgZGUgR2F0bz8=
CFAECA,,W1ZpZ2lsYW50ZSBQZW5uZV0KTWlkZ2FyZCBDb250aW5lbnQgaXMgbm90IHRoZSBvbmx5IGNvbnRpbmVudCBpbiB0aGUgd29ybGQuCldlJ3JlIGZyb20gdGhlIFBhc3RhIENvbnRpbmVudC4=,,,,,,,W0p1c3RpY2llcm8gTWFjYXJyw7NuXQpFbCBjb250aW5lbnRlIGRlIE1pZGdhcmQgbm8gZXMgZWwgw7puaWNvIGNvbnRpbmVudGUgZGVsIG11bmRvLgpTb21vcyBkZWwgY29udGluZW50ZSBkZSBQYXN0YS4=
CVAECA,,W1ZpZ2lsYW50ZSBQZW5uZV0KV2VsbCwgd2UgdGhvdWdodCBQYXN0YSB3YXMgdGhlIG9ubHkgY29udGluZW50IGluIHRoZSB3b3JsZCBhdCBmaXJzdC4uLgpUaGUgd29ybGQgaXMgdmFzdC4gVmVyeSB2YXN0IGluZGVlZC4uLg==,,,,,,,W0p1c3RpY2llcm8gTWFjYXJyw7NuXQpCdWVubywgYWwgcHJpbmNpcGlvIHBlbnPDoWJhbW9zIHF1ZSBQYXN0YSBlcmEgZWwgw7puaWNvIGNvbnRpbmVudGUgZGVsIG11bmRv4oCmCkVsIG11bmRvIGVzIHZhc3RvLiBNdXkgdmFzdG8gZGUgaGVjaG/igKY=
ClAECA,,W1ZpZ2lsYW50ZSBQZW5uZV0KWWVhaC4gWW91IHNlZSB0aGlzIHJpYmJvbj8gSXQgZ29lcyBzbyB3ZWxsIHdpdGggdGhlIGNvb2wgdW5pZm9ybSwgaXNuJ3QgaXQ/CihTaG93cyB0aGUgdW5kZXJzaWRlIG9mIGhlciBuZWNrLik=,,,,,,,W0p1c3RpY2llcm8gTWFjYXJyw7NuXQpTw60uIMK/VmVzIGVzdGUgbGF6bz8gVmEgdGFuIGJpZW4gY29uIGVsIGdlbmlhbCB1bmlmb3JtZSwgwr92ZXJkYWQ/CihNdWVzdHJhIGxhIHBhcnRlIGluZmVyaW9yIGRlIHN1IGN1ZWxsby4p
C1AECA,,W1ZpZ2lsYW50ZSBQZW5uZV0KVGhpcyBpcyB0aGUgc3ltYm9sIG9mIHRoZSBQYXJmYWlsbGUgVmlnaWxhbnRlcy4KVGhlIGxlZ2VuZGFyeSB2aWdpbGFudGVzIHdobyBwcm90ZWN0IExhc2FnbmEh,,,,,,,W0p1c3RpY2llcm8gTWFjYXJyw7NuXQpFc3RlIGVzIGVsIHPDrW1ib2xvIGRlIGxvcyBKdXN0aWNpZXJvcyBkZSBGYXJmYWxsZS4KwqFMb3MgbGVnZW5kYXJpb3MganVzdGljaWVyb3MgcXVlIHByb3RlZ2VuIGEgTGFzYWduYSE=
DFAECA,,W1ZpZ2lsYW50ZSBQZW5uZV0KUGVwZXJvY2lubyBpcyBvdXIgbGVhZGVyLiBIZSBpcyBzbyBjb29sLi4uCldlIHRha2UgY2FyZSBvZiBwcmV0dHkgbXVjaCBldmVyeXRoaW5nLiBEZWFsaW5nIHdpdGggZGVsaW5xdWVudHMgYXQgdGhlIHBvcnQsIG1haW50YWluaW5nIHZpbGxhZ2Ugc2VjdXJpdHksIGV0IGNldGVyYSwgZXQgY2V0ZXJhLg==,,,,,,,W0p1c3RpY2llcm8gTWFjYXJyw7NuXQpQZXBlcm9uY2lubyBlcyBudWVzdHJvIGzDrWRlci4gw4lsIGVzIHRhbiBnZW5pYWzigKYKTm9zIG9jdXBhbW9zIGRlIGNhc2kgdG9kby4gTGlkaWFtb3MgY29uIGxvcyBkZWxpbmN1ZW50ZXMgZGVsIHB1ZXJ0bywgbWFudGVuZW1vcyBsYSBzZWd1cmlkYWQgZGUgbGEgYWxkZWEsIGV0Y8OpdGVyYSwgZXRjw6l0ZXJhLg==
DVAECA,,W1ZpZ2lsYW50ZSBQZW5uZV0KQW5kIGlmIHlvdSB3YW50IHRvIGNvbWUgdG8gTWlkLi4uIE1pZHJhZ2EuLi4/IEJhaCEgSW4gdGhpcyBsYW5kLAp5b3UgbXVzdCBlYXJuIHRoZSBhY2tub3dsZWRnZW1lbnQgb2YgdGhlIFBhcmZhaWxsZSBWaWdpbGFudGVzLCBhbmQuLi4=,,,,,,,W0p1c3RpY2llcm8gTWFjYXJyw7NuXQpZIHNpIHF1aWVyZXMgdmVuaXIgYSBNaWTigKYgwr9NaWRyYWdh4oCmPyDCoUJhaCEgRW4gZXN0YSB0aWVycmEsCmRlYmVzIGdhbmFydGUgZWwgcmVjb25vY2ltaWVudG8gZGUgbG9zIEp1c3RpY2llcm9zIGRlIEZhcmZhbGxlLCB54oCm
DlAECA,,VGhlIHByb3VkIGNhdCBkcmFncyBvbiBhbmQgb24u,,,,,,,RWwgZ2F0byBjb24gb3JndWxsbyBzZSBlc3RpcmEgeSBzZSBlc3RpcmEu
D1AECA,,SHVoPyBBcmUgeW91IGxlYXZpbmc/,,,,,,,wr9FaD8gwr9UZSB2YXM/
EFAECA,,W1ZpZ2lsYW50ZSBQZW5uZV0KTm8sIG5vIQpDYXQgUGF3IE1lcmNoYW50IEd1aWxkIGlzIHRoZSBuYW1lIG9mIENhcHRhaW4gVG9tYXRvbWFzJ3MgbWVyY2hhbnQgZ3VpbGQh,,,,,,,W0p1c3RpY2llcm8gTWFjYXJyw7NuXQrCoU5vLCBubyEKwqFQYXRhIGRlIEdhdG8gZXMgZWwgbm9tYnJlIGRlbCBncmVtaW8gZGUgY29tZXJjaWFudGVzIGRlbCBjYXBpdMOhbiBUb21hdG9tYXMh
EVAECA,,W1ZpZ2lsYW50ZSBQZW5uZV0KSSdtIGEgbWVtYmVyIG9mIHRoZSBQYXJmYWlsbGUgVmlnaWxhbnRlcyBvZiBMYXNhZ25hLCBsZWQgYnkgb3VyIGxlYWRlciBQZXBlcm9jaW5vIQ==,,,,,,,W0p1c3RpY2llcm8gTWFjYXJyw7NuXQpTb3kgbWllbWJybyBkZSBsb3MgSnVzdGljaWVyb3MgZGUgRmFyZmFsbGUgZGUgTGFzYWduYSwgwqFkaXJpZ2lkb3MgcG9yIG51ZXN0cm8gbMOtZGVyIFBlcGVyb25jaW5vIQ==
ElAECA,,W1ZpZ2lsYW50ZSBQZW5uZV0KSGFoISBZb3UgaGF2ZW4ndCBiZWVuIHRvIExhc2FnbmEgeWV0LCBoYXZlIHlvdT8KVGhlIGdyZWF0IGNhcHRhaW4gR2FtYmVyaSBwaW9uZWVyZWQgdGhlIHdheSBoaW1zZWxmIQ==,,,,,,,W0p1c3RpY2llcm8gTWFjYXJyw7NuXQrCoUphISBBw7puIG5vIGVzdHV2aXN0ZSBlbiBMYXNhZ25hLCDCv3ZlcmRhZD8KwqFFbCBncmFuIGNhcGl0w6FuIEdhbWJlcmkgZnVlIGVsIHBpb25lcm8h
E1AECA,,W1ZpZ2lsYW50ZSBQZW5uZV0KV2UgcHJvdmlkZSB0aGUgb3Bwb3J0dW5pdHkgdG8gYXQgbGVhc3QgdmlzaXQgTGFzYWduYSB0byBIdW1hbnMgbGlrZSB5b3UuClRoaXMgTWlkLi4uTWlkZ2Fycj8gQW55d2F5LCB3ZSBEb3JhbXMgd2lsbCBjb25xdWVyIHRoaXMgY29udGluZW50IHNvb24h,,,,,,,W0p1c3RpY2llcm8gTWFjYXJyw7NuXQpBIGxvcyBIdW1hbm9zIGNvbW8gdMO6IGxlcyBicmluZGFtb3MgbGEgb3BvcnR1bmlkYWQgZGUgdmlzaXRhciBMYXNhZ25hIGFsIG1lbm9zLgrCv0VzdGUgTWlk4oCmIE1pZGdhcnI/IENvbW8gc2VhLCDCoWxvcyBEb3JhbSBwcm9udG8gY29ucXVpc3RhcmVtb3MgZXN0ZSBjb250aW5lbnRlIQ==
FFAECA,,W1ZpZ2lsYW50ZSBQZW5uZV0KRG9uJ3Qgd29ycnkuIElmIHlvdSB3aW4gb3VyIGZhdm9yLCB3ZSdsbCBnaXZlIHlvdSB0aGUgam9iIG9mIGNsZWFuaW5nIGFuY2hvdmllcyBzb21ld2hlcmUgaW4gTGFzYWduYSE=,,,,,,,W0p1c3RpY2llcm8gTWFjYXJyw7NuXQpObyB0ZSBwcmVvY3VwZXMuIFNpIHRlIGdhbmFzIG51ZXN0cm8gcmVzcGV0bywgwqF0ZSBkYXJlbW9zIGVsIHRyYWJham8gZGUgbGltcGlhciBhbmNob2FzIGVuIGFsZ8O6biBsdWdhciBkZSBMYXNhZ25hIQ==
