oNJxBw,,QnVua2VyIFNheWh1,,,,,U2F5aHU=,,QnVua2VyIFNheWh1
odJxBw,,LSBDYW5ub3QgcHJvZ3Jlc3MgYmVjYXVzZSB5b3UgaGF2ZSB0b28gbWFueSBpdGVtcyBpbiB5b3VyIHBvc3Nlc3Npb24uIC0=,,,,,LU7Do28gw6kgcG9zc8OtdmVsIHByb3NzZWd1aXIgcG9ycXVlIHZvY8OqIHBvc3N1aSBtdWl0b3MgaXRlbnMuIC0=,,LU5vIHB1ZWRlcyBhdmFuemFyIHBvcnF1ZSB0aWVuZXMgZGVtYXNpYWRvcyBvYmpldG9zLi0=
otJxBw,,WW91ciB3aG9sZSBib2R5IHN1ZGRlbmx5IGJlY29tZXMgaGVhdnkgYW5kIHRpbWUgc2VlbXMgdG8gYmUgcGFzc2luZyBmYXN0ZXIgYXJvdW5kIHlvdS4=,,,,,RGUgcmVwZW50ZSwgc2V1IGNvcnBvIGludGVpcm8gZmljYSBwZXNhZG8gZSBvIHRlbXBvIHBhcmVjZSBlc3RhciBwYXNzYW5kbyBtYWlzIHLDoXBpZG8u,,RGUgcHJvbnRvLCB0ZSBwZXNhIGVsIGN1ZXJwbyBlbnRlcm8geSBzaWVudGVzIHF1ZSBlbCB0aWVtcG8gcGFzYSBtw6FzIHLDoXBpZG8gYSB0dSBhbHJlZGVkb3Iu
o9JxBw,,VGhlIGZsb3cgb2YgdGltZSBzZWVtcyB0byBoYXZlIHN0YWJpbGl6ZWQu,,,,,TyBmbHV4byBkbyB0ZW1wbyBwYXJlY2UgdGVyIGVzdGFiaWxpemFkby4=,,QWwgcGFyZWNlciwgc2UgZXN0YWJpbGl6w7MgZWwgZmx1am8gZGVsIHRpZW1wby4=
pNJxBw,,QWgtIFRoaXMgY296eSBhbmQgc251ZyBmZS4uLmVsLi4uLi4uLi5saW5n,,,,,QWguLi4gRXNzZSBzZW50aW1lbnRvIGFncmFkw6F2ZWwgZSBhY29uLi4uY2hlLi4uZ2FuLi4udGUuLg==,,QWjigKYgUXXDqSBzZW5zYWNpw7NuIHRhYWFuIGFjb2dlZG9yYSB5IGPDs21vZGEu
pdJxBw,,W0J1bmtlciBTYXlodV0KRmlyc3QgY29uZ3JhdHVsYXRpb25zIG9uIHN1cnZpdmluZy4gSSdtIGdsYWQgeW91IGdvdCBpbnRvIHRoZSBhaXItcmFpZCBzaGVsdGVyLiBJZiB5b3Ugd2VyZSBvdXRzaWRlLi4=,,,,,W1NheWh1XQpQcmltZWlybywgcGFyYWLDqW5zIHBvciBzb2JyZXZpdmVyLiBRdWUgYm9tIHF1ZSB2b2PDqiBjb25zZWd1aXUgZW50cmFyIG5vIGFicmlnbyBzdWJ0ZXJyw6JuZW8uIFNlIHZvY8OqIGVzdGl2ZXNzZSBsw6EgZm9yYS4uLg==,,W0J1bmtlciBTYXlodV0KUHJpbWVybywgdGUgZmVsaWNpdG8gcG9yIHNvYnJldml2aXIuIFF1w6kgYnVlbm8gcXVlIGxsZWdhc3RlIGFsIHJlZnVnaW8gYW50aWHDqXJlby4gU2kgZXN0dXZpZXJhcyBhZnVlcmHigKY=
ptJxBw,,W0J1bmtlciBTYXlodV0KLi4u,,,,,W1NheWh1XQouLi4uLi4uLi4=,,W0J1bmtlciBTYXlodV0K4oCm
p9JxBw,,W0J1bmtlciBTYXlodV0KV2hldy4uIGV2ZW4gdGhpbmtpbmcgYWJvdXQgaXQgbWFrZXMgbWUgZGl6enkuIEJvdGggb2YgdXMgd2VyZSBsdWNreS4gRG9uJ3QgeW91IHRoaW5rIHNvPw==,,,,,W1NheWh1XQpOb3NzYS4uLiBTw7MgZGUgcGVuc2FyIG5pc3NvIGrDoSBtZSBkw6EgdG9udHVyYS4gTsOzcyB0aXZlbW9zIHNvcnRlLiBOw6NvIGFjaGE/,,W0J1bmtlciBTYXlodV0KRml14oCmIE1lIG1hcmVvIGRlIHNvbG8gcGVuc2FybG8uIFTDuiB5IHlvIHR1dmltb3Mgc3VlcnRlLiDCv05vIHRlIHBhcmVjZT8=
qNJxBw,,SSB0aGluayBzbyB0b28u,,,,,RXUgdGFtYsOpbSBhY2hvLg==,,UGllbnNvIGlndWFsLg==
qdJxBw,,W0J1bmtlciBTYXlodV0KSSBmZWVsIGEgbG90IG9mIHN5bXBhdGh5IHRob3VnaC4gSXQgbG9va3MgbGlrZSBhIGxvdCBvZiBwZW9wbGUgYXJlIGJsYW1pbmcgdGhpcyBleHBsb3Npb24gb24gRnJlc2Eu,,,,,W1NheWh1XQpNYXMgZXUgZXN0b3UgY29tIG11aXRhIHBlbmEuIFBhcmVjZSBxdWUgbXVpdGFzIHBlc3NvYXMgZXN0w6NvIGN1bHBhbmRvIEZyZXNhIHBvciBlc3RhIGV4cGxvc8Ojby4=,,W0J1bmtlciBTYXlodV0KVHJhdG8gZGUgcG9uZXJtZSBlbiBzdSBsdWdhci4gUGFyZWNlIHF1ZSBtdWNob3MgY3VscGFuIGEgRnJlc2EgcG9yIGxhIGV4cGxvc2nDs24u
qtJxBw,,W0J1bmtlciBTYXlodV0KVGhlIGV4cGxvc2lvbiBjYW4ndCBiZSBvbmx5IExvbmEncyByZXNwb25zaWJpbGl0eS4=,,,,,W1NheWh1XQpFc3NhIGV4cGxvc8OjbyBuw6NvIHBvZGUgc2VyLi4uIHPDsyBjdWxwYSBkYS4uLiBMb25hLg==,,W0J1bmtlciBTYXlodV0KRXMgaW1wb3NpYmxlIHF1ZSBMb25hIHNlYSBsYSDDum5pY2EgcmVzcG9uc2FibGUu
q9JxBw,,TG9uYT8=,,,,,TG9uYT8=,,wr9Mb25hPw==
rNJxBw,,W0J1bmtlciBTYXlodV0KQSBncmVhdCBwZXJzb24gZm9yIHN1cmUgZGVzcGl0ZSBmYWlsaW5nIHRoZSBleHBlcmltZW50Lg==,,,,,W1NheWh1XQpFbGEgw6kgdW1hIHBlc3NvYSBpbmNyw612ZWwsIG1lc21vIHRlbmRvIGZhbGhhZG8gbm8gZXhwZXJpbWVudG8u,,W0J1bmtlciBTYXlodV0KU2luIGR1ZGEsIGVzIHVuYSBncmFuIHBlcnNvbmEgYSBwZXNhciBkZSBxdWUgZWwgZXhwZXJpbWVudG8gZnJhY2FzYXJhLg==
rdJxBw,,W0J1bmtlciBTYXlodV0KU2hlIHRvb2sgY2hhcmdlIG9mIGZpZ3VyaW5nIG91dCB0aGUgbnVtYmVyIG9mIHN1cnZpdm9ycyBpbiB0aGF0IGNvbmZ1c2luZyBtZXNzIG9mIGEgc2l0dWF0aW9uLg==,,,,,W1NheWh1XQpFbGEgYXNzdW1pdSBhIHRhcmVmYSBkZSBkZXNjb2JyaXIgbyBuw7ptZXJvIGRlIHNvYnJldml2ZW50ZXMgbmFxdWVsYSBjb25mdXPDo28gdG9kYS4=,,W0J1bmtlciBTYXlodV0KU2UgZW5jYXJnw7MgZGUgY2FsY3VsYXIgbGEgY2FudGlkYWQgZGUgc3VwZXJ2aXZpZW50ZXMgY3VhbmRvIGVyYSB0b2RhIHVuYSBtYXJhw7FhIGRlIGNvbmZ1c2nDs24u
rtJxBw,,W0J1bmtlciBTYXlodV0KSWYgaXQgd2FzIG1lLi4u,,,,,W1NheWh1XQpTZSBmb3NzZSBldS4uLg==,,W0J1bmtlciBTYXlodV0KRGUgaGFiZXIgc2lkbyB5b+KApg==
r9JxBw,,W0J1bmtlciBTYXlodV0KSSB3b3VsZCBwcm9iYWJseSBiZSB3YW5kZXJpbmcgYXJvdW5kIHdpdGhvdXQga25vd2luZyB3aGF0IGRvIHRvIHJpZ2h0IGFib3V0IG5vdy4u,,,,,W1NheWh1XQpQcm92YXZlbG1lbnRlIGZpY2FyaWEgdmFnYW5kbyBwb3IgYcOtLCBzZW0gc2FiZXIgbyBxdWUgZmF6ZXIgYXTDqSBhZ29yYS4uLg==,,W0J1bmtlciBTYXlodV0KU2VndXJvIGVzdGFyw61hIGRhbmRvIHZ1ZWx0YXMgc2luIHNhYmVyIHF1w6kgaGFjZXIgaGFzdGEgZXN0ZSBtb21lbnRv4oCm
sNJxBw,,W0J1bmtlciBTYXlodV0KVWdoLSBJIGd1ZXNzIGV2ZW4gSSBzaG91bGQgZ28gYW5kIGhlbHAuIFdhbnQgdG8gaGVscD8=,,,,,W1NheWh1XQpBaC4uLiBBY2hvIHF1ZSBldSBkZXZlcmlhIGlyIGFqdWRhci4gVm9jw6ogcXVlciBhanVkYXI/,,W0J1bmtlciBTYXlodV0KVWZm4oCmIFN1cG9uZ28gcXVlIHRhbWJpw6luIGRlYm8gaXIgYSBheXVkYXIuIMK/UXVpZXJlcyBheXVkYXI/
sdJxBw,,QWdyZWUgdG8gaGVscC4=,,,,,Q29uY29yZGFyIGVtIGFqdWRhci4=,,QWNlcHRhciBkYXIgYXl1ZGEu
stJxBw,,W0J1bmtlciBTYXlodV0KUmVhbGx5PyBZb3Ugd2lsbCBoZWxwPyBXaGF0IGEgcmVsaWVmIGJlY2F1c2UgSSB3YXNuJ3QgY29uZmlkZW50IGFib3V0IGdvaW5nIGJ5IG15c2VsZi4=,,,,,W1NheWh1XQpTw6lyaW8/IFZvY8OqIHZhaSBhanVkYXI/IElzc28gw6kgdW0gYWzDrXZpbyBwb3JxdWUgbsOjbyBlc3RhdmEgY29uZmlhbnRlIGVtIGlyIHNvemluaG8u,,W0J1bmtlciBTYXlodV0Kwr9EZSB2ZXJkYWQ/IMK/VmFzIGEgYXl1ZGFyPyBRdcOpIGFsaXZpbywgcG9ycXVlIG5vIHRlbmdvIGNvbmZpYW56YSBwYXJhIGlyIHBvciBtaSBjdWVudGEu
s9JxBw,,W0J1bmtlciBTYXlodV0KVGhlcmUgaXMgYSByZXNlYXJjaGVyIHdpdGggYSBjb2xkIGRlbWVhbm9yIGluIHRoZSBjZW50ZXIgb2YgdGhpcyByb29tLCByaWdodD8=,,,,,W1NheWh1XQpUZW0gdW1hIHBlc3F1aXNhZG9yYSBjb20gdW0gYXIgZnJpbyBubyBjZW50cm8gZGVzdGEgc2FsYSwgY2VydG8/,,W0J1bmtlciBTYXlodV0KRW4gZWwgY2VudHJvIGRlIGxhIHNhbGEsIGhheSB1bmEgaW52ZXN0aWdhZG9yYSBjb24gdW5hIGFjdGl0dWQgZnLDrWEsIMK/Y2llcnRvPw==
tNJxBw,,W0J1bmtlciBTYXlodV0KU2hlIGlzIHRoZSBoZWFkIG9mIHRoZSBleHBlcmltZW50LCBMb25hIEZyZXNhLiBQZW9wbGUgdXN1YWxseSBjYWxsIGhlciBEci4gRnJlc2Eu,,,,,W1NheWh1XQpFbGEgw6kgYSBjaGVmZSBkbyBleHBlcmltZW50bywgTG9uYSBGcmVzYS4gQXMgcGVzc29hcyBub3JtYWxtZW50ZSBhIGNoYW1hbSBkZSBEcmEuIEZyZXNhLg==,,W0J1bmtlciBTYXlodV0KRXMgTG9uYSBGcmVzYSwgbMOtZGVyIGRlbCBleHBlcmltZW50by4gU3VlbGVuIGxsYW1hcmxhIERyYS5GcmVzYS4=
tdJxBw,,W0J1bmtlciBTYXlodV0KRG8geW91IHdhbnQgdG8gZ28gYW5kIGFzayBoZXIgaWYgc2hlIG5lZWRzIGFueSBoZWxwPw==,,,,,W1NheWh1XQpOw6NvIHF1ZXIgaXIgYXTDqSBsw6EgZSBwZXJndW50YXIgc2UgZWxhIHByZWNpc2EgZGUgYWp1ZGE/,,W0J1bmtlciBTYXlodV0Kwr9RdWllcmVzIGlyIGEgcHJlZ3VudGFybGUgc2kgbmVjZXNpdGEgYXl1ZGE/
ttJxBw,,W0J1bmtlciBTYXlodV0KSSB3YXMgYXNrZWQgdG8gZmluZCBvdXQgaG93IG1hbnkgYXJlIGNhcGFibGUgb2YgY29va2luZy4=,,,,,W1NheWh1XQpNZSBwZWRpcmFtIHBhcmEgZGVzY29icmlyIHF1YW50YXMgcGVzc29hcyBzYWJlbSBjb3ppbmhhci4=,,W0J1bmtlciBTYXlodV0KTWUgcGlkaWVyb24gcXVlIGF2ZXJpZ3VhcmEgY3XDoW50YSBnZW50ZSBzYWJlIGNvY2luYXIu
t9JxBw,,W0J1bmtlciBTYXlodV0KV2UgaGF2ZSB0byB0cnkgaGFyZCBldmVuIHRob3VnaCB0aGUgYWlyLXJhaWQgc2hlbHRlciBpcyBjb21wbGV4IGFuZCB3aWRlLg==,,,,,W1NheWh1XQpOw7NzIHRlbW9zIHF1ZSBub3MgZXNmb3LDp2FyIGFpbmRhIG1haXMgbm8gYWJyaWdvIHN1YnRlcnLDom5lbyBwb3JxdWUgw6kgZ3JhbmRlIGUgY29tcGxleG8u,,W0J1bmtlciBTYXlodV0KSGF5IHF1ZSBlc2ZvcnphcnNlIG11Y2hvIGEgcGVzYXIgZGUgcXVlIGVsIHJlZnVnaW8gYW50aWHDqXJlbyBlcyB1biBsdWdhciBjb21wbGVqbyB5IGV4dGVuc28u
uNJxBw,,W0J1bmtlciBTYXlodV0KVGhhbmtzIGZvciBoZWxwaW5nIGhlci4=,,,,,W1NheWh1XQpPYnJpZ2FkbyBwb3IgYWp1ZMOhLWxhLg==,,W0J1bmtlciBTYXlodV0KR3JhY2lhcyBwb3IgYXl1ZGFybGEu
udJxBw,,W0J1bmtlciBTYXlodV0KSXMgaXQgYmVjYXVzZSB3ZSBoZWxwZWQ/IEkgdGhvdWdodCBJIHNhdyBhIGZhaW50IHNtaWxlIG9uIGhlciBmYWNlLg==,,,,,W1NheWh1XQpTZXLDoSBxdWUgw6kgcG9ycXVlIG7Ds3MgYWp1ZGFtb3M/IFBlbnNlaSB0ZXIgdmlzdG8gdW0gc29ycmlzbyBubyByb3N0byBkZWxhLg==,,W0J1bmtlciBTYXlodV0Kwr9TZXLDoSBwb3JxdWUgYXl1ZGFtb3M/IE1lIHBhcmVjacOzIHZlciB1bmEgbGV2ZSBzb25yaXNhIGVuIHN1IHJvc3Ryby4=
utJxBw,,W0J1bmtlciBTYXlodV0KVWg/ISBJIGRvbid0IHRoaW5rIEkndmUgc2VlbiB5b3UgYmVmb3JlIGluIHRoZSBhaXItcmFpZCBzaGVsdGVyPw==,,,,,W1NheWh1XQpIw6M/ISBBY2hvIHF1ZSBudW5jYSB2aSB2b2PDqiBhcXVpIG5lc3NlIGFicmlnbyBzdWJ0ZXJyw6JuZW8/,,W0J1bmtlciBTYXlodV0KwqHCv0VoPyEgwr9QdWVkZSBzZXIgcXVlIG5vIHRlIGhheWEgdmlzdG8gbnVuY2EgZW4gZWwgcmVmdWdpbyBhbnRpYcOpcmVvPw==
u9JxBw,,W0J1bmtlciBTYXlodV0KQWghIEFyZSB5b3UgdGhlIEFkdmVudHVyZXIgd2hvJ3MgaGVscGluZyB3aXRoIG1vdmluZyB0aGUgbmV3bHkgbWFkZSBhaXIgY2xlYW5pbmcgdW5pdD8=,,,,,W1NheWh1XQpBaCEgVm9jw6ogw6kgbyBBdmVudHVyZWlybyBxdWUgZXN0w6EgYWp1ZGFuZG8gYSB0cmFuc3BvcnRhciBhIG5vdmEgdW5pZGFkZSBwdXJpZmljYWRvcmEgZGUgYXI/,,W0J1bmtlciBTYXlodV0KwqFBaCEgwr9FcmVzIGVsIHRyb3RhbXVuZG9zIHF1ZSBlc3TDoSBheXVkYW5kbyBhIHRyYXNsYWRhciBlbCBwdXJpZmljYWRvciBkZSBhaXJlIHF1ZSBhY2FiYW4gZGUgZmFicmljYXI/
vNJxBw,,W0J1bmtlciBTYXlodV0KWW91IGFyZSB3b3JraW5nIGEgbG90IGJlY2F1c2Ugb2YgdGhvc2UgdGhvdWdodGxlc3MgTWVjaGFuaWNpYW5zLg==,,,,,W1NheWh1XQpWb2PDqiBlc3TDoSB0ZW5kbyBtdWl0byB0cmFiYWxobyBwb3IgY2F1c2EgZGFxdWVsZXMgTWVjw6JuaWNvcyBpbXBydWRlbnRlcy4=,,W0J1bmtlciBTYXlodV0KRXN0w6FzIHRyYWJhamFuZG8gbXVjaG8gcG9yIGN1bHBhIGRlIGVzb3MgbWVjw6FuaWNvcyBkZXNjb25zaWRlcmFkb3Mu
vdJxBw,,W0J1bmtlciBTYXlodV0KVGhlIEJpb2VuZ2luZWVycyBzdWNjZWVkZWQgaW4gY3VsdGl2YXRpbmcgZ3JhcGVzIHJpZ2h0Pw==,,,,,W1NheWh1XQpPcyBCaW9lbmdlbmhlaXJvcyBjb25zZWd1aXJhbSBjdWx0aXZhciB1dmFzLCBjZXJ0bz8=,,W0J1bmtlciBTYXlodV0KTG9zIGJpb2luZ2VuaWVyb3MgbG9ncmFyb24gY3VsdGl2YXIgdXZhcywgwr9jaWVydG8/
vtJxBw,,W0J1bmtlciBTYXlodV0KVGhleSBzYXkgYXQgbGVhc3Qgb25lIGdyYXBlIGhhcnZlc3QgZXZlcnkgMiB3ZWVrcyBpcyBwb3NzaWJsZT8gVGhlIGhhcnZlc3QgZGF5IGlzIHByb2JhYmx5IGVpdGhlciB0b2RheSBvciB0b21vcnJvdy4=,,,,,W1NheWh1XQpFbGVzIGRpc3NlcmFtIHF1ZSBzZXJpYSBwb3Nzw612ZWwgdW1hIGNvbGhlaXRhIGEgY2FkYSBkdWFzIHNlbWFuYXM/IEVudMOjbywgbyBkaWEgZGEgY29saGVpdGEgcHJvdmF2ZWxtZW50ZSDDqSBob2plIG91IGFtYW5ow6Mu,,W0J1bmtlciBTYXlodV0Kwr9EaWNlbiBxdWUgY29uc2VndWlyw6FuIGFsIG1lbm9zIHVuYSBjb3NlY2hhIGNhZGEgMnNlbWFuYXM/IExhIGNvc2VjaGEgcXVpesOhcyBzZWEgaG95IG8gbWHDsWFuYS4=
v9JxBw,,W0J1bmtlciBTYXlodV0KSSB3YW50IHRvIHRhc3RlIGZyZXNoIGdyYXBlcyBzb29uLiBJJ3ZlIGJlZW4gZWF0aW5nIG9ubHkgZHJ5IGZvb2QgZm9yIHRoZSBwYXN0IGZldyBkYXlzLg==,,,,,W1NheWh1XQpFdSBxdWVybyBwcm92YXIgdXZhcyByZWPDqW0tY29saGlkYXMgbG9nby4gU8OzIHRlbmhvIG1lIGFsaW1lbnRhZG8gZGUgY29taWRhcyBkZXNpZHJhdGFkYXMgYXR1YWxtZW50ZS4=,,W0J1bmtlciBTYXlodV0KTWUgbXVlcm8gcG9yIHByb2JhciB1dmFzIGZyZXNjYXMuIERlc2RlIGhhY2UgdmFyaW9zIGTDrWFzIHNvbG8gY29tbyBhbGltZW50b3Mgc2Vjb3Mu
wNJxBw,,W0J1bmtlciBTYXlodV0KVGhlcmUncyBhIHJ1bW9yIGdvaW5nIGFyb3VuZCBpbiB0aGUgYWlyLXJhaWQgc2hlbHRlci4=,,,,,W1NheWh1XQpFc3TDoSByb2xhbmRvIHVtIGJvYXRvIG5vIGFicmlnbyBzdWJ0ZXJyw6JuZW8u,,W0J1bmtlciBTYXlodV0KQ2lyY3VsYSB1biBydW1vciBlbiBlbCByZWZ1Z2lvIGFudGlhw6lyZW8u
wdJxBw,,W0J1bmtlciBTYXlodV0KQSB3aGlsZSBhZ28gdGhlIENoZW1pY2FsIFN1YnN0YW5jZSBTcGVjaWFsaXN0IGFuZCBhIGZldyBvdGhlcnMgd2VudCBvdXRzaWRlIHRoZSBhaXItcmFpZCBzaGVsdGVyLg==,,,,,W1NheWh1XQpIw6EgdW0gdGVtcG8sIG8gRXNwZWNpYWxpc3RhIGVtIFN1YnN0w6JuY2lhcyBRdcOtbWljYSBlIGFsZ3VucyBvdXRyb3Mgc2HDrXJhbSBkbyBhYnJpZ28u,,W0J1bmtlciBTYXlodV0KSGFjZSB1biB0aWVtcG8sIGVsIGVzcGVjaWFsaXN0YSBlbiBzdXN0YW5jaWFzIHF1w61taWNhcyB5IGFsZ3Vub3MgbcOhcyBzYWxpZXJvbiBkZWwgcmVmdWdpby4=
wtJxBw,,W0J1bmtlciBTYXlodV0KQXBwYXJlbnRseSBzb21lIGNvbnRhbWluYXRlZCBzdWJzdGFuY2UgZ290IGluc2lkZSB0aGUgYWlyLXJhaWQgc2hlbHRlci4=,,,,,W1NheWh1XQpBcGFyZW50ZW1lbnRlLCB1bWEgc3Vic3TDom5jaWEgY29udGFtaW5hZGEgY29uc2VndWl1IGVudHJhciBubyBhYnJpZ28u,,W0J1bmtlciBTYXlodV0KQWwgcGFyZWNlciwgdW5hIHN1c3RhbmNpYSBjb250YW1pbmFkYSBzZSBpbmZpbHRyw7MgZW4gZWwgcmVmdWdpby4=
w9JxBw,,W0J1bmtlciBTYXlodV0KSSBoZWFyZCB0aGUgbnVtYmVyIG9mIGNvbnZ1bHNpbmcgcGF0aWVudHMgYXJlIHJhcGlkbHkgaW5jcmVhc2luZyBiZWNhdXNlIG9mIHRoZSBjb250YW1pbmFudC4=,,,,,W1NheWh1XQpFdSBzb3ViZSBxdWUgbyBuw7ptZXJvIGRlIHBhY2llbnRlcyBjb20gY29udnVsc8O1ZXMgZXN0w6EgYXVtZW50YW5kbyByYXBpZGFtZW50ZSBwb3IgY2F1c2EgZGVzc2UgY29udGFtaW5hbnRlLg==,,W0J1bmtlciBTYXlodV0KTWUgZGlqZXJvbiBxdWUgY2FkYSB2ZXogaGF5IG3DoXMgcGFjaWVudGVzIGNvbiBjb252dWxzaW9uZXMgYSBjYXVzYSBkZWwgY29udGFtaW5hbnRlLg==
xNJxBw,,W0J1bmtlciBTYXlodV0KQWghIEl0J3MganVzdCBhIHJ1bW9yISBBIFJ1bW9yISE=,,,,,W1NheWh1XQpBaCEgw4kgc8OzIHVtIGJvYXRvLiBVbSBib2F0byEh,,W0J1bmtlciBTYXlodV0KwqFBaCEgwqFFcyB1biBydW1vciwgbmFkYSBtw6FzISDCocKhVW4gbWVybyBydW1vciEh
xdJxBw,,W0J1bmtlciBTYXlodV0KSXQgc2VlbXMgdGhlIHJ1bW9yIGdvaW5nIGFyb3VuZCB3YXMgdHJ1ZS4=,,,,,W1NheWh1XQpQYXJlY2UgcXVlIGFxdWVsZSBib2F0byBlcmEgdmVyZGFkZS4=,,W0J1bmtlciBTYXlodV0KUGFyZWNlIHF1ZSBlbCBydW1vciBxdWUgY2lyY3VsYWJhIGVyYSBjaWVydG8u
xtJxBw,,W0J1bmtlciBTYXlodV0KSSBoZWFyIHRoZXkgYXJlIG1vdmluZyBzdXBwbGllcyB0byB0aGUgY2xlYW4gWm9uZSBaLTIgZXZlbiB0aG91Z2ggaXQncyBuZXdseSBvcGVuZWQgYmVjYXVzZSBvZiB0aGUgY29udGFtaW5hbnQu,,,,,W1NheWh1XQpPdXZpIGRpemVyIHF1ZSBlc3TDo28gbW92ZW5kbyBvcyBzdXByaW1lbnRvcyBwYXJhIGEgWm9uYSBaLTIsIHF1ZSBlc3TDoSBsaW1wYSwgbWVzbW8gcXVlIHRlbmhhIHNpZG8gYWJlcnRhIHJlY2VudGVtZW50ZSBwb3IgY2F1c2EgZG8gY29udGFtaW5hbnRlLg==,,W0J1bmtlciBTYXlodV0KTWUgZW50ZXLDqSBkZSBxdWUsIGRlYmlkbyBhbCBjb250YW1pbmFudGUsIGVzdMOhbiB0cmFzbGFkYW5kbyBsb3Mgc3VtaW5pc3Ryb3MgYSBsYSB6b25hIGxpbXBpYVotMiwgYXVucXVlIHJlY2nDqW4gbGEgaW5hdWd1cmFyb24u
x9JxBw,,W0J1bmtlciBTYXlodV0KSSB0aGluayBJIHdpbGwgbGVuZCBhIGhhbmQgZXZlbiBqdXN0IGEgbGl0dGxlLg==,,,,,W1NheWh1XQpBY2hvIHF1ZSBldSB2b3UgYWp1ZGFyLCBuZW0gcXVlIHNlamEgdW0gcG91Y28u,,W0J1bmtlciBTYXlodV0KQ3JlbyBxdWUgZGViZXLDrWEgZGFyIGFsIG1lbm9zIHVuYSBtYW5vLg==
yNJxBw,,W0J1bmtlciBTYXlodV0KTmljZSB0byBtZWV0IHlvdS4gSSBhbSBCdW5rZXIgU2F5aHUu,,,,,W1NheWh1XQpQcmF6ZXIgZW0gY29uaGVjZXIgdm9jw6ouIEV1IHNvdSBTYXlodS4=,,W0J1bmtlciBTYXlodV0KR3VzdG8gZW4gY29ub2NlcnRlLiBTb3kgQnVua2VyIFNheWh1Lg==
ydJxBw,,RHIuRnJlc2E=,,,,,RHJhLiBGcmVzYQ==,,RHIuRnJlc2E=
ytJxBw,,QWgtIFRoaXMgY296eSBhbmQgc251ZyBmZS4uLmVsLi4uLi5saW5n,,,,,W0xvbmEgRnJlc2FdClNpbnRvIG11aXRvLiBObyBtb21lbnRvLCBlc3RvdSB1bSBwb3VjbyBvY3VwYWRhIGNvbSB2w6FyaW9zIHByb2JsZW1hcy4gUG9kZW1vcyBjb252ZXJzYXIgbWFpcyB0YXJkZS4=,,QWjigKYgUXXDqSBzZW5zYWNpw7NuIHRhYWFuIGFjb2dlZG9yYSB5IGPDs21vZGEu
y9JxBw,,W0xvbmEgRnJlc2FdCkkgYW0gc29ycnkuIFJpZ2h0IG5vdyBJIGFtIGEgbGl0dGxlIGJ1c3kgd2l0aCBzZXZlcmFsIHByb2JsZW1zLiBDYW4gd2Ugc3BlYWsgbGF0ZXI/,,,,,TsOjbyEgTyBxdWUgcXVlcm8gZGl6ZXIuLi4=,,W0xvbmEgRnJlc2FdCkxvIHNpZW50by4gRW4gZXN0ZSBtb21lbnRvIG1lIGVzdG95IG9jdXBhbmRvIGRlIHZhcmlvcyBwcm9ibGVtYXMuIMK/UG9kZW1vcyBoYWJsYXIgbcOhcyB0YXJkZT8=
zNJxBw,,Tm8hIFdoYXQgSSBtZWFuLi4=,,,,,W0xvbmEgRnJlc2FdCk8gcXXDqj8hIFZvY8OqIHF1ZXIgbWUgYWp1ZGFyPw==,,wqFObyEgUXVpZXJvIGRlY2ly4oCm
zdJxBw,,W0xvbmEgRnJlc2FdCldoYXQ/ISBUaGUgQWR2ZW50dXJlciB3YW50cyB0byBoZWxwIG1lPw==,,,,,W0xvbmEgRnJlc2FdCk11aXRvIGJlbS4gQXMgcGVzc29hcyBlc3TDo28gZm9yYSBkZSBjb250cm9sZSBwb3JxdWUgZXN0w6NvIGNvbmZ1c2FzIGUgZW0gY2hvcXVlLg==,,W0xvbmEgRnJlc2FdCsKhwr9RdcOpPyEgwr9BY2FzbyBlcmVzIHRyb3RhbXVuZG9zIHkgcXVpZXJlcyBheXVkYXJtZT8=
ztJxBw,,W0xvbmEgRnJlc2FdCkdvb2QuIFRoZSBwZW9wbGUgYXJlIHVuY29udHJvbGxhYmxlIGJlY2F1c2UgdGhleSBhcmUgc2hvY2tlZCBhbmQgY29uZnVzZWQu,,,,,W0xvbmEgRnJlc2FdClNlIG8gQXZlbnR1cmVpcm8gaW50aW1pZGFkb3IgYWp1ZGFyLCB2YWkgc2VyIG1haXMgZsOhY2lsIGNvbnRyb2xhciBhcyBtYXNzYXMgY29uZnVzYXMu,,W0xvbmEgRnJlc2FdCkJpZW4uIExhIGdlbnRlIGVzdMOhIGRlc2NvbnRyb2xhZGEgZW50cmUgdGFudGEgY29ubW9jacOzbiB5IGNvbmZ1c2nDs24u
z9JxBw,,W0xvbmEgRnJlc2FdCklmIHRoZSBpbnRpbWlkYXRpbmcgQWR2ZW50dXJlciBoZWxwcyBvdXQgaXQgd2lsbCBiZSBlYXNpZXIgdG8gY29udHJvbCB0aGUgY29uZnVzZWQgbWFzc2VzLg==,,,,,W0xvbmEgRnJlc2FdCiDDk3RpbW8hIEV1IGFwcm92by4gQ2hlZ291IGJlbSBhIHRlbXBvIGRlIHVtIHByb2JsZW1hIGNhYmVsdWRvLg==,,W0xvbmEgRnJlc2FdClNpIHTDuiwgdHJvdGFtdW5kb3MgaW50aW1pZGFudGUsIG5vcyBheXVkYXMsIHNlcsOhIG3DoXMgZsOhY2lsIG1hbmVqYXIgYSBsYXMgbWFzYXMgY29uZnVuZGlkYXMu
0NJxBw,,W0xvbmEgRnJlc2FdCkdvb2QhISBJIGFwcHJvdmUuIEp1c3QgaW4gdGltZSBmb3IgYSB0cm91Ymxlc29tZSBwcm9ibGVtIGFzIHdlbGwu,,,,,VW0gcHJvYmxlbWEgY2FiZWx1ZG8/,,W0xvbmEgRnJlc2FdCsKhwqFCaWVuISEgRG95IG1pIGFwcm9iYWNpw7NuLiBZIGp1c3RvIGEgdGllbXBvIHBhcmEgYXRlbmRlciB1biBwcm9ibGVtYSBpbnRyaW5jYWRvLg==
0dJxBw,,VHJvdWJsZXNvbWUgcHJvYmxlbT8=,,,,,W0xvbmEgRnJlc2FdCkFzIHBlc3NvYXMgY29tIHbDoXJpYXMgaGFiaWxpZGFkZXMsIGFzc2ltIGNvbW8gdm9jw6osIG7Do28gc2HDrXJhbSBkZSBzdWFzIHBvc2nDp8O1ZXMgZSBzw6NvIGbDoWNlaXMgZGUgYWxjYW7Dp2FyLCBtYXMgb3Mgb3V0cm9zIGZ1bmNpb27DoXJpb3Mgc8OjbyBvIHByb2JsZW1hLg==,,wr9VbiBwcm9ibGVtYSBpbnRyaW5jYWRvPw==
0tJxBw,,W0xvbmEgRnJlc2FdClRoZSBwZXJzb25uZWwgd2l0aCB2YXJpb3VzIHNwZWNpYWx0aWVzIHN1Y2ggYXMgeW91cnNlbGYgaGF2ZSBub3QgY2hhbmdlZCB0aGVpciBwb3NpdGlvbnMgYW5kIGFyZSBlYXN5IHRvIGdyYXNwLCBidXQgdGhlIG90aGVyIGVtcGxveWVlcyBhcmUgdGhlIHByb2JsZW0u,,,,,W0xvbmEgRnJlc2FdCkNlcnRhbWVudGUgZXN0w6NvIHNlZ3VpbmRvIG8gR3VpYSBkZSBTaXR1YcOnw7VlcyBkZSBFbWVyZ8OqbmNpYSBkZSBzdWFzIHJlc3BlY3RpdmFzIGVxdWlwZXMu,,W0xvbmEgRnJlc2FdCkxvcyBkaXN0aW50b3MgZXNwZWNpYWxpc3RhcywgY29tbyB0w7osIG1hbnR1dmllcm9uIHN1IHB1ZXN0byB5IHNvbiBtw6FzIHByZXZpc2libGVzLCBwZXJvIGVsIHByb2JsZW1hIGVzIGVsIHJlc3RvIGRlbCBwZXJzb25hbC4=
09JxBw,,W0xvbmEgRnJlc2FdClN1cmVseSB0aGV5IGFyZSBtb3ZpbmcgYWNjb3JkaW5nIHRvIHRoZSBFbWVyZ2VuY3kgU2l0dWF0aW9uIEd1aWRlbGluZXMgb2YgdGhlaXIgcmVzcGVjdGl2ZSB0ZWFtcy4=,,,,,W0xvbmEgRnJlc2FdCk7Do28gY29uc2lnbyBkZXNjb2JyaXIgb25kZSBlc3TDo28gZSBvIHF1ZSBlc3TDo28gZmF6ZW5kby4=,,W0xvbmEgRnJlc2FdClNlIGRlYmVuIGF0ZW5lciBhIGxhcyBOb3JtYXMgYW50ZSBzaXR1YWNpb25lcyBkZSBlbWVyZ2VuY2lhIGRlIHN1cyByZXNwZWN0aXZvcyBlcXVpcG9zLg==
1NJxBw,,W0xvbmEgRnJlc2FdCkkgY2Fubm90IGZpZ3VyZSBvdXQgZnJvbSBoZXJlIHdoZXJlIHRoZXkgYXJlIGFuZCB3aGF0IHRoZXkgYXJlIGRvaW5nLg==,,,,,W0xvbmEgRnJlc2FdCkVudMOjbywgZXUgZXN0YXZhIHBlbnNhbmRvLi4u,,W0xvbmEgRnJlc2FdCkRlc2RlIGFxdcOtLCBubyB0ZW5nbyBmb3JtYSBkZSBzYWJlciBkw7NuZGUgZXN0w6FuIG5pIHF1w6kgZXN0w6FuIGhhY2llbmRvLg==
1dJxBw,,W0xvbmEgRnJlc2FdClNvIEkgd2FzIHRoaW5raW5nIGlmIHlvdQ==,,,,,W0xvbmEgRnJlc2FdClNlIHZvY8OqIHBvZGUgZGVzY29icmlyIG8gbsO6bWVybyBkZSBeMDAwMENEQmlvZW5nZW5oZWlyb3NeMDAwMDAwLg==,,W0xvbmEgRnJlc2FdCkVudG9uY2VzLCB0ZSBwaWRvIGxvIHNpZ3VpZW50ZTo=
1tJxBw,,W0xvbmEgRnJlc2FdCkNhbiB5b3UgZmlndXJlIG91dCB0aGUgbnVtYmVyIG9mIF4wMDAwRkYgQmlvZW5naW5lZXJzIF4wMDAwMDA/,,,,,W0xvbmEgRnJlc2FdClNlIHZvY8OqIHBvZGUgZGVzY29icmlyIG8gbsO6bWVybyBkZSBeMDAwMENETWVjw6JuaWNvc14wMDAwMDAu,,W0xvbmEgRnJlc2FdCsK/UHVlZGVzIGNhbGN1bGFyIGxhIGNhbnRpZGFkIGRlIF5GRjAwMDBiaW9pbmdlbmllcm9zXjAwMDAwMD8=
19JxBw,,W0xvbmEgRnJlc2FdCkNhbiB5b3UgZmlndXJlIG91dCB0aGUgbnVtYmVyIG9mIF4wMDAwRkYgTWVjaGFuaWNpYW5zXjAwMDAwMD8=,,,,,W0xvbmEgRnJlc2FdClNlIHZvY8OqIHBvZGUgZGVzY29icmlyIG8gbsO6bWVybyBkZSBeMDAwMENER2VyZW50ZXMgZGUgSW5zdGFsYcOnw7Vlc14wMDAwMDAu,,W0xvbmEgRnJlc2FdCsK/UHVlZGVzIGNhbGN1bGFyIGxhIGNhbnRpZGFkIGRlIF5GRjAwMDBtZWPDoW5pY29zXjAwMDAwMD8=
2NJxBw,,W0xvbmEgRnJlc2FdCkNhbiB5b3UgZmlndXJlIG91dCB0aGUgbnVtYmVyIG9mIF4wMDAwRkYgRmFjaWxpdGllcyBtYW5hZ2Vyc14wMDAwMDA/,,,,,W0xvbmEgRnJlc2FdClNlIHZvY8OqIHBvZGUgZGVzY29icmlyIG8gbsO6bWVybyBkZSBeMDAwMENERXNwZWNpYWxpc3RhcyBlbSBTdWJzdMOibmNpYXMgUXXDrW1pY2FzXjAwMDAwMC4=,,W0xvbmEgRnJlc2FdCsK/UHVlZGVzIGNhbGN1bGFyIGxhIGNhbnRpZGFkIGRlIF5GRjAwMDBhZG1pbmlzdHJhZG9yZXMgZGUgaW5zdGFsYWNpb25lc14wMDAwMDA/
2dJxBw,,W0xvbmEgRnJlc2FdCkNhbiB5b3UgZmlndXJlIG91dCB0aGUgbnVtYmVyIG9mIF4wMDAwRkYgQ2hlbWljYWwgU3Vic3RhbmNlIFNwZWNpYWxpc3RzXjAwMDAwMD8=,,,,,W0xvbmEgRnJlc2FdCkV1IHRlIHBlw6dvIGVzdGUgZmF2b3IsIG1lc21vIHNhYmVuZG8gcXVlIG7Do28gc2Vyw6EgZsOhY2lsIG5lc3RlIGFicmlnbyBncmFuZGUgZSBjb21wbGV4by4=,,W0xvbmEgRnJlc2FdCsK/UHVlZGVzIGNhbGN1bGFyIGxhIGNhbnRpZGFkIGRlIF5GRjAwMDBlc3BlY2lhbGlzdGFzIGVuIHN1c3RhbmNpYXMgcXXDrW1pY2FzXjAwMDAwMD8=
2tJxBw,,W0xvbmEgRnJlc2FdCkkgYXNrIHlvdSBmb3IgdGhpcyBmYXZvciBldmVuIHRob3VnaCBpdCB3b24ndCBiZSBlYXN5IGluIHRoaXMgbGFyZ2UgYW5kIGNvbXBsZXggc2hlbHRlci4=,,,,,W0xvbmEgRnJlc2FdCkhlaW4/ISBWb2PDqiBqw6Egdm9sdG91PyBWb2PDqiB2b2x0b3UgYW50ZXMgZG8gcXVlIGV1IGVzcGVyYXZhLg==,,W0xvbmEgRnJlc2FdClRlIHBpZG8gZXN0ZSBmYXZvciwgYXVucXVlIG5vIHNlcsOhIGbDoWNpbCBlbiBlc3RlIHJlZnVnaW8gaW5tZW5zbyB5IGNvbXBsZWpvLg==
29JxBw,,W0xvbmEgRnJlc2FdCkh1aD8hIFlvdSdyZSBhbHJlYWR5IGJhY2s/IFlvdSBjYW1lIGJhY2sgZWFybGllciB0aGFuIEkgdGhvdWdodC4=,,,,,W0xvbmEgRnJlc2FdCk8gZmF2b3IgcXVlIGV1IHBlZGkuLi4gSGVpbj8hIEFoISEh,,W0xvbmEgRnJlc2FdCsKhwr9FaD8hIMK/WWEgdm9sdmlzdGU/IFZvbHZpc3RlIGFudGVzIGRlIGxvIHF1ZSBpbWFnaW7DqS4=
3NJxBw,,W0xvbmEgRnJlc2FdClRoZSBmYXZvciB0aGF0IEkgYXNrZWQuLiBhaD8hIEFoISE=,,,,,W0xvbmEgRnJlc2FdCk8gbsO6bWVybyBkZSBeMDAwMENEQmlvZW5nZW5oZWlyb3NeMDAwMDAwPyBRdWFudG9zIGVsZXMgZGlzc2VyYW0gcXVlIHNvYnJldml2ZXJhbT8=,,W0xvbmEgRnJlc2FdCkVsIGZhdm9yIHF1ZSB0ZSBwZWTDreKApiDCocK/RWg/ISDCocKhQWghIQ==
3dJxBw,,W0xvbmEgRnJlc2FdClRoZSBudW1iZXIgb2YgXjAwMDBGRiBCaW9lbmdpbmVlcnNeMDAwMDAwPyBIb3cgbWFueSBkbyB0aGV5IHNheSBoYXZlIHN1cnZpdmVkPw==,,,,,W0xvbmEgRnJlc2FdCk8gbsO6bWVybyBkZSBeMDAwMENETWVjw6JuaWNvc14wMDAwMDA/IFF1YW50b3MgZWxlcyBkaXNzZXJhbSBxdWUgc29icmV2aXZlcmFtPw==,,W0xvbmEgRnJlc2FdCsK/TGEgY2FudGlkYWQgZGUgXkZGMDAwMGJpb2luZ2VuaWVyb3NeMDAwMDAwPyDCv0N1w6FudG9zIGRpY2VuIHF1ZSBzb2JyZXZpdmllcm9uPw==
3tJxBw,,W0xvbmEgRnJlc2FdClRoZSBudW1iZXIgb2YgXjAwMDBGRiBNZWNoYW5pY2lhbnNeMDAwMDAwPyBIb3cgbWFueSBkbyB0aGV5IHNheSBoYXZlIHN1cnZpdmVkPw==,,,,,W0xvbmEgRnJlc2FdCk8gbsO6bWVybyBkZSBeMDAwMENER2VyZW50ZXMgZGUgSW5zdGFsYcOnw7Vlc14wMDAwMDA/IFF1YW50b3MgZWxlcyBkaXNzZXJhbSBxdWUgc29icmV2aXZlcmFtPw==,,W0xvbmEgRnJlc2FdCsK/TGEgY2FudGlkYWQgZGUgXkZGMDAwMG1lY8Ohbmljb3NeMDAwMDAwPyDCv0N1w6FudG9zIGRpY2VuIHF1ZSBzb2JyZXZpdmllcm9uPw==
39JxBw,,W0xvbmEgRnJlc2FdClRoZSBudW1iZXIgb2YgXjAwMDBGRiBGYWNpbGl0aWVzIG1hbmFnZXJzXjAwMDAwMD8gSG93IG1hbnkgZG8gdGhleSBzYXkgaGF2ZSBzdXJ2aXZlZD8=,,,,,W0xvbmEgRnJlc2FdCk8gbsO6bWVybyBkZSBeMDAwMENERXNwZWNpYWxpc3RhcyBlbSBTdWJzdMOibmNpYXMgUXXDrW1pY2FzXjAwMDAwMD8gUXVhbnRvcyBlbGVzIGRpc3NlcmFtIHF1ZSBzb2JyZXZpdmVyYW0/,,W0xvbmEgRnJlc2FdCsK/TGEgY2FudGlkYWQgZGUgXkZGMDAwMGFkbWluaXN0cmFkb3JlcyBkZSBpbnN0YWxhY2lvbmVzXjAwMDAwMD8gwr9DdcOhbnRvcyBkaWNlbiBxdWUgc29icmV2aXZpZXJvbj8=
4NJxBw,,W0xvbmEgRnJlc2FdClRoZSBudW1iZXIgb2YgXjAwMDBGRiBDaGVtaWNhbCBTdWJzdGFuY2UgU3BlY2lhbGlzdHNeMDAwMDAwPyBIb3cgbWFueSBkbyB0aGV5IHNheSBoYXZlIHN1cnZpdmVkPw==,,,,,W0xvbmEgRnJlc2FdCnt9IHBlc3NvYXMsIHZvY8OqIGRpej8=,,W0xvbmEgRnJlc2FdCsK/TGEgY2FudGlkYWQgZGUgXkZGMDAwMGVzcGVjaWFsaXN0YXMgZW4gc3VzdGFuY2lhcyBxdcOtbWljYXNeMDAwMDAwPyDCv0N1w6FudG9zIGRpY2VuIHF1ZSBzb2JyZXZpdmllcm9uPw==
4dJxBw,,W0xvbmEgRnJlc2FdCnt9cGVvcGxlIHlvdSBzYXk/,,,,,W0xvbmEgRnJlc2FdCklzc28gw6kgZXN0cmFuaG8/IERlIGFjb3JkbyBjb20gYSBsaXN0YSwgbnVuY2EgdGl2ZXJhbSB0YW50b3MgZnVuY2lvbsOhcmlvcy4=,,W0xvbmEgRnJlc2FdCsK/RGlqaXN0ZSB7fXBlcnNvbmFzPw==
4tJxBw,,W0xvbmEgRnJlc2FdClRoYXQncyBzdHJhbmdlPyBBY2NvcmRpbmcgdG8gdGhlIGxpc3QgdGhleSBoYXZlIG5ldmVyIGJlZW4gdGhhdCBudW1iZXIu,,,,,W0xvbmEgRnJlc2FdClBvZGUgdmVyaWZpY2FyIGRlIG5vdm8/,,W0xvbmEgRnJlc2FdClF1w6kgZXh0cmHDsW8uIFNlZ8O6biBsYSBsaXN0YSwgamFtw6FzIGh1Ym8gdGFudGFzLg==
49JxBw,,W0xvbmEgRnJlc2FdCkNhbiB5b3UgY2hlY2sgYWdhaW4/,,,,,W0xvbmEgRnJlc2FdCkFoISBBw60gZXN0w6Egdm9jw6ouIE8gaW50ZXJpb3IgZG8gYWJyaWdvIG7Do28gw6kgdW0gcG91Y28gY29tcGxpY2Fkbz8gTyBmYXZvciBxdWUgZXUgdGUgcGVkaS4uLg==,,W0xvbmEgRnJlc2FdCsK/UHVlZGVzIGNvbnRhciBkZSBudWV2bz8=
5NJxBw,,W0xvbmEgRnJlc2FdCkFoISBZb3UgYXJlIGhlcmUuIElzbid0IHRoZSBpbnRlcmlvciBvZiB0aGUgc2hlbHRlciBhIGJpdCBjb21wbGljYXRlZD8gVGhlIGZhdm9yIEkgYXNrZWQgb2YgeW91Li4=,,,,,W0xvbmEgRnJlc2FdClPDqXJpbz8gw4kgYmFzaWNhbWVudGUgbyBtZXNtbyBuw7ptZXJvIG5hIGxpc3RhLiBCb20gdHJhYmFsaG8u,,W0xvbmEgRnJlc2FdCsKhQWghIEVzdMOhcyBhcXXDrS4gwr9ObyB0ZSBwYXJlY2UgcXVlIGVsIGludGVyaW9yIGRlbCByZWZ1Z2lvIGVzIGJhc3RhbnRlIGNvbXBsaWNhZG8/IEVzZSBmYXZvciBxdWUgdGUgcGVkw63igKY=
5dJxBw,,W0xvbmEgRnJlc2FdClJlYWxseT8gSXQgaXMgcm91Z2hseSB0aGUgc2FtZSBhcyB0aGUgbnVtYmVyIG9uIHRoZSBsaXN0LiBHb29kIHdvcmsu,,,,,W0xvbmEgRnJlc2FdClNheWh1IGRpc3NlIHF1ZSBBdmVudHVyZWlyb3MgZ29zdGFtIGRlc3RlIHRpcG8gZGUgY29pc2EuIElzdG8gw6kgdW1hIGNvbXBlbnNhw6fDo28gcGVsYSBzdWEgYWp1ZGEu,,W0xvbmEgRnJlc2FdCsK/RW4gc2VyaW8/IFNlIGFjZXJjYSBiYXN0YW50ZSBhIGxhIGNhbnRpZGFkIGRlIGxhIGxpc3RhLiBCdWVuIHRyYWJham8u
5tJxBw,,W0xvbmEgRnJlc2FdClNheWh1IHNheXMgQWR2ZW50dXJlcnMgbGlrZSB0aGlzIGtpbmQgb2Ygc3R1ZmYuIFRoaXMgaXMgY29tcGVuc2F0aW9uIGZvciB5b3VyIGhlbHAu,,,,,QSBwZXF1ZW5hIGPDoXBzdWxhIHJlZG9uZGEgaW5maWx0cm91LXNlIGF0cmF2w6lzIGRhIHBlbGUuIFBhcmVjZSBxdWUgYSBleHBlcmnDqm5jaWEgYWN1bXVsb3Uu,,W0xvbmEgRnJlc2FdClNheWh1IGRpY2UgcXVlIGEgbG9zIHRyb3RhbXVuZG9zIGxlcyBndXN0YW4gZXN0YXMgY29zYXMuIFRvbWEsIGEgY2FtYmlvIGRlIHR1IGF5dWRhLg==
59JxBw,,VGhlIHNtYWxsIHJvdW5kIGNhcHN1bGUgaGFzIHBlcmNvbGF0ZWQgdGhyb3VnaCB0aGUgc2tpbi4gSXQgZmVlbHMgbGlrZSBleHBlcmllbmNlIGhhcyBhY2N1bXVsYXRlZC4=,,,,,W0xvbmEgRnJlc2FdCkJvbSB0cmFiYWxoby4gRXUgc2VpIHF1ZSDDqSBmcnVzdHJhbnRlLCBtYXMgZXNwZXJvIHF1ZSBzZSBhanVzdGUgw6AgdmlkYSBkZW50cm8gZG8gYWJyaWdvIGF0w6kgcXVlIGEgc2l0dWHDp8OjbyBkbyBsYWRvIGRlIGZvcmEgbWVsaG9yZS4=,,TGEgY2Fwc3VsaXRhIGVzZsOpcmljYSB0cmFzcGFzw7MgbGEgcGllbC4gU2llbnRvIHF1ZSBzZSBhY3VtdWzDsyBleHBlcmllbmNpYS4=
6NJxBw,,W0xvbmEgRnJlc2FdCkdvb2Qgd29yay4gSSBrbm93IGl0IGlzIGZydXN0cmF0aW5nIGJ1dCBJIGhvcGUgeW91IHdpbGwgYWRqdXN0IHRvIHRoZSBsaWZlIGluc2lkZSB0aGUgYWlyLXJhaWQgc2hlbHRlciB1bnRpbCB0aGUgb3V0c2lkZSBzaXR1YXRpb24gYmVjb21lcyBzYWZlci4=,,,,,W0xvbmEgRnJlc2FdCklzc28gw6kgZXN0cmFuaG8/IERlIGFjb3JkbyBjb20gYSBsaXN0YSwgbnVuY2EgdGl2ZXJhbSB0YW50b3MgZnVuY2lvbsOhcmlvcy4g,,W0xvbmEgRnJlc2FdCkJpZW4gaGVjaG8uIFPDqSBxdWUgZXMgZnJ1c3RyYW50ZSwgcGVybyBlc3Blcm8gcXVlIHRlIGFkYXB0ZXMgYSBsYSB2aWRhIGVuIGVsIHJlZnVnaW8gYW50aWHDqXJlbyBoYXN0YSBxdWUgZWwgZXh0ZXJpb3Igc2VhIG3DoXMgc2VndXJvLg==
6dJxBw,,W0xvbmEgRnJlc2FdCkkga25vdyBpdCBpcyBmcnVzdHJhdGluZyBidXQgSSBob3BlIHlvdSB3aWxsIGFkanVzdCB0byBsaWZlIGluc2lkZSB0aGUgYWlyLXJhaWQgc2hlbHRlciB1bnRpbCB0aGUgb3V0c2lkZSBzaXR1YXRpb24gYmVjb21lcyBzYWZlci4=,,,,,W0xvbmEgRnJlc2FdCkV1IHNlaSBxdWUgw6kgZnJ1c3RyYW50ZSwgbWFzIGVzcGVybyBxdWUgc2UgYWp1c3RlIMOgIHZpZGEgZGVudHJvIGRvIGFicmlnbyBhdMOpIHF1ZSBhIHNpdHVhw6fDo28gZG8gbGFkbyBkZSBmb3JhIG1lbGhvcmUu,,W0xvbmEgRnJlc2FdClPDqSBxdWUgZXMgZnJ1c3RyYW50ZSwgcGVybyBlc3Blcm8gcXVlIHRlIGFkYXB0ZXMgYSBsYSB2aWRhIGVuIGVsIHJlZnVnaW8gYW50aWHDqXJlbyBoYXN0YSBxdWUgZWwgZXh0ZXJpb3Igc2VhIG3DoXMgc2VndXJvLg==
6tJxBw,,W0xvbmEgRnJlc2FdCkkgYW0gc29ycnkuIFJpZ2h0IG5vdyBJIGFtIGEgbGl0dGxlIGJ1c3kgd2l0aCBzZXZlcmFsIHByb2JsZW1zLiBJdCB3b3VsZCBiZSBiZXR0ZXIgaWYgd2Ugc3BlYWsgbGF0ZXIu,,,,,W0xvbmEgRnJlc2FdClNpbnRvIG11aXRvLiBObyBtb21lbnRvLCBlc3RvdSB1bSBwb3VjbyBvY3VwYWRhIGNvbSB2w6FyaW9zIHByb2JsZW1hcy4gU2VyaWEgbWVsaG9yIHNlIGNvbnZlcnPDoXNzZW1vcyBkZXBvaXMu,,W0xvbmEgRnJlc2FdClBlcmTDs24uIEVuIGVzdGUgbW9tZW50byBtZSBlc3RveSBvY3VwYW5kbyBkZSB2YXJpb3MgcHJvYmxlbWFzLiBTZXLDoSBtZWpvciBxdWUgaGFibGVtb3MgbcOhcyB0YXJkZS4=
69JxBw,,W0xvbmEgRnJlc2FdCldoYXQgYnJpbmdzIHlvdSBoZXJlPyBTdHJhbmdlIGluZGVlZC4=,,,,,W0xvbmEgRnJlc2FdCk8gcXVlIHRyYXogdm9jw6ogYXF1aT8gUmVhbG1lbnRlIMOpIG11aXRvIGVzdHJhbmhvLg==,,W0xvbmEgRnJlc2FdCsK/UXXDqSB0ZSB0cmFlIHBvciBhcXXDrT8gU2luIGR1ZGFzLCBlcyBleHRyYcOxby4=
7NJxBw,,SSBoYXZlIHNvbWV0aGluZyB1cmdlbnQgdG8gdGVsbCB5b3Uu,,,,,VGVuaG8gYWxnbyB1cmdlbnRlIHBhcmEgbGhlIGNvbnRhci4=,,VGVuZ28gYWxnbyB1cmdlbnRlIHF1ZSBkZWNpcnRlLg==
7dJxBw,,W0xvbmEgRnJlc2FdCldoYXQ/ISBXaGF0IGlzIGdvaW5nIG9uPw==,,,,,W0xvbmEgRnJlc2FdCk8gcXXDqj8hIE8gcXVlIGVzdMOhIGFjb250ZWNlbmRvPw==,,W0xvbmEgRnJlc2FdCsKhwr9RdcOpPyEgwr9RdcOpIGVzdMOhIHBhc2FuZG8/
7tJxBw,,RXhwbGFpbiBjdXJyZW50IHNpdHVhdGlvbiBhdCB0aGUgdGVtcG9yYXJ5IGNsaW5pYy4=,,,,,RXhwbGljYXIgYSBzaXR1YcOnw6NvIGF0dWFsIG5hIGNsw61uaWNhIHRlbXBvcsOhcmlhLg==,,RXhwbGljYWNpw7NuIGRlIGxhIHNpdHVhY2nDs24gYWN0dWFsIGVuIGxhIGNsw61uaWNhIHRlbXBvcmFsLg==
79JxBw,,W0xvbmEgRnJlc2FdClBhdGllbnRzIGFyZSBjb252dWxzaW5nIHNpbXVsdGFuZW91c2x5Li4gdGhpcyBpcyBub3QgZ29vZC4=,,,,,W0xvbmEgRnJlc2FdCk9zIHBhY2llbnRlcyBlc3TDo28gY29udnVsc2lvbmFuZG8gc2ltdWx0YW5lYW1lbnRlLi4uIElzc28gbsOjbyDDqSBib20u,,W0xvbmEgRnJlc2FdCkhheSBtdWNob3MgcGFjaWVudGVzIGNvbiBjb252dWxzaW9uZXMuIEVsIHBhbm9yYW1hIG5vIGVzIGJ1ZW5vLg==
8NJxBw,,W0xvbmEgRnJlc2FdCkkgZ290IGl0LiBXZSBuZWVkIHRvIHRha2UgbWVhc3VyZXMu,,,,,W0xvbmEgRnJlc2FdCkVudGVuZGkuIFByZWNpc2Ftb3MgYWdpci4=,,W0xvbmEgRnJlc2FdCkVudGVuZGlkby4gRGViZW1vcyB0b21hciBtZWRpZGFzLg==
8dJxBw,,W0xvbmEgRnJlc2FdClRoYW5rIHlvdSBmb3IgaW5mb3JtaW5nIG1lLg==,,,,,W0xvbmEgRnJlc2FdCk9icmlnYWRhIHBvciBtZSBpbmZvcm1hci4=,,W0xvbmEgRnJlc2FdCkdyYWNpYXMgcG9yIGluZm9ybWFybWUu
8tJxBw,,W0xvbmEgRnJlc2FdClRoaXMgc2l0dWF0aW9uIGlzIGdyYXZlIHNvIHdlIG5lZWQgdG8gcXVpY2tseSB0YWtlIG1lYXN1cmVzLg==,,,,,W0xvbmEgRnJlc2FdCkVzdGEgc2l0dWHDp8OjbyDDqSBncmF2ZSBlIHByZWNpc2Ftb3MgdG9tYXIgbWVkaWRhcyB1cmdlbnRlcy4=,,W0xvbmEgRnJlc2FdCkVzdGEgc2l0dWFjacOzbiBlcyBncmF2ZS4gRGViZW1vcyB0b21hciBtZWRpZGFzIGVuc2VndWlkYS4=
89JxBw,,QmlvZW5naW5lZXIgVG91cmluZw==,,,,,VG91cmluZw==,,QmlvZW5naW5lZXIgVG91cmluZw==
9NJxBw,,W0Jpb2VuZ2luZWVyIFRvdXJpbmddCkh1aD8hIFdobyBhcmUgeW91Pw==,,,,,RGUgcmVwZW50ZSwgc2V1IGNvcnBvIGludGVpcm8gZmljYSBwZXNhZG8sIGUgbyB0ZW1wbyBwYXJlY2UgZXN0YXIgcGFzc2FuZG8gbWFpcyByw6FwaWRvLg==,,W0Jpb2luZ2VuaWVybyBUb3VyaW5nXQrCocK/RWg/ISDCv1F1acOpbiBlcmVzPw==
9dJxBw,,SSBhbS4uLg==,,,,,W0Jpb2VuZ2VuaGVpcm8gVG91cmluZ10KSGVpbj8hIFF1ZW0gw6kgdm9jw6o/,,U2954oCm
9tJxBw,,W0Jpb2VuZ2luZWVyIFRvdXJpbmddCkFoISBEci4gRnJlc2Egc2VudCB5b3UgdG8gY2hlY2sgdGhlIGNvbmRpdGlvbnMgb2Ygc3Vydml2b3IgYXNzaWdubWVudHM/,,,,,RXUgc291Li4u,,W0Jpb2luZ2VuaWVybyBUb3VyaW5nXQrCoUFoISDCv0xhIERyYS5GcmVzYSB0ZSBlbnZpw7MgcGFyYSBxdWUgc3VwZXJ2aXNlcyBsYXMgdGFyZWFzIGRlIGxvcyBzdXBlcnZpdmllbnRlcz8=
99JxBw,,W0Jpb2VuZ2luZWVyIFRvdXJpbmddCldoYXQgYSByZWxpZWYuIFRoZSBkaXNhc3RlciBuZXR3b3JrIGNhbWUgb24gYSBiaXQgYWdvIGFuZCB3ZSBqdXN0IGNvbmZpcm1lZCBob3cgbWFueSBCaW9lbmdpbmVlcnMgaGF2ZSBzdXJ2aXZlZC4=,,,,,W0Jpb2VuZ2VuaGVpcm8gVG91cmluZ10KQWghIEEgRHJhLiBGcmVzYSB0ZSBtYW5kb3UgcGFyYSB2ZXJpZmljYXIgYXMgY29uZGnDp8O1ZXMgZG9zIHNvYnJldml2ZW50ZXM/,,W0Jpb2luZ2VuaWVybyBUb3VyaW5nXQpRdcOpIGFsaXZpby4gSGFjZSBwb2NvIHNlIGFjdGl2w7MgbGEgcmVkIGRlIGVtZXJnZW5jaWE7IHlhIGNvbmZpcm1hbW9zIGN1w6FudG9zIGJpb2luZ2VuaWVyb3Mgc29icmV2aXZpZXJvbi4=
+NJxBw,,W0Jpb2VuZ2luZWVyIFRvdXJpbmddCldlIGhhdmUgY29uZmlybWVkIF5GRjAwMDAgXjAwMDAwMCBCaW9lbmdpbmVlcnN7fWhhdmUgc3Vydml2ZWQgaW5jbHVkaW5nIG15c2VsZi4=,,,,,W0Jpb2VuZ2VuaGVpcm8gVG91cmluZ10KUXVlIGFsw612aW8uIE8gcmVsYXTDs3JpbyBkZSBkZXNhc3RyZSBhY2Fib3UgZGUgY2hlZ2FyLCBlIG7Ds3MgY29uZmlybWFtb3MgcXVhbnRvcyBCaW9lbmdlbmhlaXJvcyBzb2JyZXZpdmVyYW0u,,W0Jpb2luZ2VuaWVybyBUb3VyaW5nXQpDb25maXJtYW1vcyBxdWUgc29icmV2aXZpZXJvbiBeNjYwMDAwXjAwMDAwMCBiaW9pbmdlbmllcm9ze30sIHlvIGluY2x1aWRvLg==
+dJxBw,,W0Jpb2VuZ2luZWVyIFRvdXJpbmddCk9oIHllYWghIFRlbGwgRHIuIEZyZXNhIHRoYXQgdGhlIEJpb2VuZ2luZWVycyBhcmUgdXNpbmcgZ3Jvd3RoIGFjY2VsZXJhdGlvbiB0ZWNobm9sb2d5IGZvciBmb29kIHByb2R1Y3Rpb24gYWNjb3JkaW5nIHRvIHRoZSBFbWVyZ2VuY3kgU2l0dWF0aW9uIEd1aWRlbGluZXMu,,,,,W0Jpb2VuZ2VuaGVpcm8gVG91cmluZ10KTsOzcyBjb25maXJtYW1vcyBxdWUgXkZGMDAwMCB7fSBeMDAwMDAwIEJpb2VuZ2VuaGVpcm9zIHNvYnJldml2ZXJhbSwgaW5jbHVpbmRvIGEgbWltIG1lc21vLg==,,W0Jpb2luZ2VuaWVybyBUb3VyaW5nXQrCoUFoLCBzw60hIERpbGUgYSBsYSBEcmEuRnJlc2EgcXVlIGxvcyBiaW9pbmdlbmllcm9zIGVzdGFtb3MgdXNhbmRvIHVuYSB0ZWNub2xvZ8OtYSBxdWUgYWNlbGVyYSBlbCBjcmVjaW1pZW50byBwYXJhIHByb2R1Y2lyIGFsaW1lbnRvcywgc2Vnw7puIGxhcyBOb3JtYXMgYW50ZSBzaXR1YWNpb25lcyBkZSBlbWVyZ2VuY2lhLg==
+tJxBw,,W0Jpb2VuZ2luZWVyIFRvdXJpbmddCkkgd2lsbCBjb3VudCBvbiB5b3Uu,,,,,W0Jpb2VuZ2VuaGVpcm8gVG91cmluZ10KQWgsIGNsYXJvISBEaWdhIMOgIERyYS4gRnJlc2EgcXVlIG9zIEJpb2VuZ2VuaGVpcm9zIGVzdMOjbyB1c2FuZG8gdGVjbm9sb2dpYSBkZSBjcmVzY2ltZW50byBhY2VsZXJhZG8gcGFyYSBwcm9kdcOnw6NvIGRlIGFsaW1lbnRvcywgc2VndWluZG8gbyBHdWlhIHBhcmEgU2l0dWHDp8O1ZXMgZGUgRW1lcmfDqm5jaWEu,,W0Jpb2luZ2VuaWVybyBUb3VyaW5nXQpDdWVudG8gY29udGlnby4=
+9JxBw,,W0Jpb2VuZ2luZWVyIFRvdXJpbmddCldlIEJpb2VuZ2luZWVycyBhcmUgZG9pbmcgYWxsIHdlIGNhbiB0byBwcm9kdWNlIGZvb2QgZm9yIHRoZSBwZW9wbGUgaW5zaWRlIHRoZSBhaXItcmFpZCBzaGVsdGVyLg==,,,,,W0Jpb2VuZ2VuaGVpcm8gVG91cmluZ10KRXN0b3UgY29udGFuZG8gY29tIHZvY8OqLg==,,W0Jpb2luZ2VuaWVybyBUb3VyaW5nXQpMb3MgYmlvaW5nZW5pZXJvcyBlc3RhbW9zIGhhY2llbmRvIHRvZG8gbG8gcG9zaWJsZSBwb3IgcHJvZHVjaXIgYWxpbWVudG9zIHBhcmEgbGEgZ2VudGUgZGVsIHJlZnVnaW8gYW50aWHDqXJlby4=
/NJxBw,,W0Jpb2VuZ2luZWVyIFRvdXJpbmddCldlIGhhdmUgY29uZmlybWVkIF5GRjAwMDAgXjAwMDAwMCBCaW9lbmdpbmVlcnN7fWhhdmUgc3Vydml2ZWQgaW5jbHVkaW5nIG15c2VsZi4=,,,,,W0Jpb2VuZ2VuaGVpcm8gVG91cmluZ10KTsOzcywgQmlvZW5nZW5oZWlyb3MsIGVzdGFtb3MgZmF6ZW5kbyB0dWRvIHF1ZSBwb2RlbW9zIHBhcmEgcHJvZHV6aXIgY29taWRhIHBhcmEgYXMgcGVzc29hcyBkZW50cm8gZG8gYWJyaWdvIHN1YnRlcnLDom5lby4=,,W0Jpb2luZ2VuaWVybyBUb3VyaW5nXQpDb25maXJtYW1vcyBxdWUgc29icmV2aXZpZXJvbiBeNjYwMDAwIF4wMDAwMDBiaW9pbmdlbmllcm9ze30sIG1lIGluY2x1eW8u
/dJxBw,,W0Jpb2VuZ2luZWVyIFRvdXJpbmddCllvdSBjYW5ub3QgZW50ZXIgYmVjYXVzZSBlZmZvcnRzIGZvciB0aGUgZmlyc3QgaGFydmVzdCBhcmUgb25nb2luZyByaWdodCBub3cu,,,,,W0Jpb2VuZ2VuaGVpcm8gVG91cmluZ10KTsOzcyBjb25maXJtYW1vcyBxdWUgXkZGMDAwMCB7fSBeMDAwMDAwIEJpb2VuZ2VuaGVpcm9zIHNvYnJldml2ZXJhbSwgaW5jbHVpbmRvIGEgbWltIG1lc21vLg==,,W0Jpb2luZ2VuaWVybyBUb3VyaW5nXQpObyBwdWVkZXMgcGFzYXI6IGVzdGFtb3MgdHJhYmFqYW5kbyBwYXJhIGxhIHByaW1lcmEgY29zZWNoYSBlbiBlc3RlIG1vbWVudG8u
/tJxBw,,W0Jpb2VuZ2luZWVyIFRvdXJpbmddCkFyZSB5b3UgaGFydmVzdGluZyBncmFwZXM/IFlvdSBhcmUgd29ya2luZyBoYXJkLg==,,,,,W0Jpb2VuZ2VuaGVpcm8gVG91cmluZ10KQWgsIGNsYXJvISBEaWdhIMOgIERyYS4gRnJlc2EgcXVlIG9zIEJpb2VuZ2VuaGVpcm9zIGVzdMOjbyB1c2FuZG8gdGVjbm9sb2dpYSBkZSBjcmVzY2ltZW50byBhY2VsZXJhZG8gcGFyYSBwcm9kdcOnw6NvIGRlIGFsaW1lbnRvcywgc2VndWluZG8gbyBHdWlhIHBhcmEgU2l0dWHDp8O1ZXMgZGUgRW1lcmfDqm5jaWEuCkRpZ2Egw6AgRHJhLiBGcmVzYSBxdWUgb3MgQmlvZW5nZW5oZWlyb3MgZXN0w6NvIHVzYW5kbyB0ZWNub2xvZ2lhIGRlIGNyZXNjaW1lbnRvIGFjZWxlcmFkbyBwYXJhIHByb2R1w6fDo28gZGUgYWxpbWVudG9zLCBzZWd1aW5kbyBvIEd1aWEgcGFyYSBTaXR1YcOnw7VlcyBkZSBFbWVyZ8OqbmNpYS4=,,W0Jpb2luZ2VuaWVybyBUb3VyaW5nXQrCv0VzdMOhcyBjb3NlY2hhbmRvIHV2YXM/IFRlIGVzdMOhcyBlc2ZvcnphbmRvIG11Y2hvLg==
/9JxBw,,W0Jpb2VuZ2luZWVyIFRvdXJpbmddCldlIGhhdmUganVzdCBmaW5pc2hlZCB0aGUgbGFzdCBncmFwZSBoYXJ2ZXN0IGFuZCBhcmUgZ2V0dGluZyByZWFkeSBmb3IgdGhlIG5leHQgb25lLg==,,,,,W0Jpb2VuZ2VuaGVpcm8gVG91cmluZ10KVm9jw6ogbsOjbyBwb2RlIGVudHJhciBwb3JxdWUgb3MgcHJlcGFyYXRpdm9zIHBhcmEgYSBwcmltZWlyYSBjb2xoZWl0YSBlc3TDo28gYWNvbnRlY2VuZG8gYWdvcmEu,,W0Jpb2luZ2VuaWVybyBUb3VyaW5nXQpSZWNpw6luIGNvc2VjaGFtb3MgbGFzIMO6bHRpbWFzIHV2YXMgeSBub3MgcHJlcGFyYW1vcyBwYXJhIGxhIHNpZ3VpZW50ZSBjb3NlY2hhLg==
ANNxBw,,W0Jpb2VuZ2luZWVyIFRvdXJpbmddCklmIHBlb3BsZSBjb21lIGFuZCBnbyBvZnRlbiwgaXQgbWF5IGludGVyZmVyZSB3aXRoIHRoZSB3b3JrIHNvIGFjY2VzcyBpcyBwcm9oaWJpdGVkLg==,,,,,W0Jpb2VuZ2VuaGVpcm8gVG91cmluZ10KVm9jw6ogZXN0w6EgY29saGVuZG8gdXZhcz8gRXN0w6EgdHJhYmFsaGFuZG8gbXVpdG8u,,W0Jpb2luZ2VuaWVybyBUb3VyaW5nXQpTaSBsYSBnZW50ZSBlbnRyYSB5IHNhbGUgY29udGludWFtZW50ZSwgcHVlZGUgcXVlIGFmZWN0ZSBlbCB0cmFiYWpvLiBQb3IgZXNvLCBlc3TDoSBwcm9oaWJpZG8gcGFzYXIu
AdNxBw,,W0Jpb2VuZ2luZWVyIFRvdXJpbmddCklmIHBlb3BsZSBjb21lIGFuZCBnbyBvZnRlbiwgaXQgbWF5IGludGVyZmVyZSB3aXRoIHRoZSB3b3JrIGZvciB0aGUgbmV4dCBoYXJ2ZXN0IHNvIGFjY2VzcyBpcyBwcm9oaWJpdGVkLg==,,,,,W0Jpb2VuZ2VuaGVpcm8gVG91cmluZ10KTsOzcyBhY2FiYW1vcyBhIMO6bHRpbWEgY29saGVpdGEgZGUgdXZhcyBlIGVzdGFtb3Mgbm9zIHByZXBhcmFuZG8gcGFyYSBhIHByw7N4aW1hLg==,,W0Jpb2luZ2VuaWVybyBUb3VyaW5nXQpTaSBsYSBnZW50ZSBlbnRyYSB5IHNhbGUgY29udGludWFtZW50ZSwgcHVlZGUgcXVlIGFmZWN0ZSBsYSBwcsOzeGltYSBjb3NlY2hhLiBQb3IgZXNvLCBlc3TDoSBwcm9oaWJpZG8gcGFzYXIu
AtNxBw,,W0Jpb2VuZ2luZWVyIFRvdXJpbmddCklmIHBlb3BsZSBjb21lIGFuZCBnbyBvZnRlbiwgaXQgbWF5IGludGVyZmVyZSB3aXRoIHRoZSB3b3JrIGZvciB0aGUgbmV4dCBoYXJ2ZXN0IHNvIGFjY2VzcyB3aWxsIGJlIHByb2hpYml0ZWQu,,,,,W0Jpb2VuZ2VuaGVpcm8gVG91cmluZ10KU2UgYXMgcGVzc29hcyBmaWNhcmVtIGVudHJhbmRvIGUgc2FpbmRvLCBpc3NvIHBvZGUgaW50ZXJmZXJpciBubyB0cmFiYWxobywgZW50w6NvIG8gYWNlc3NvIGVzdMOhIHByb2liaWRvLg==,,W0Jpb2luZ2VuaWVybyBUb3VyaW5nXQpTaSBsYSBnZW50ZSBlbnRyYSB5IHNhbGUgY29udGludWFtZW50ZSwgcHVlZGUgcXVlIGFmZWN0ZSBsYSBwcsOzeGltYSBjb3NlY2hhLiBQb3IgZXNvLCBlc3RhcsOhIHByb2hpYmlkbyBwYXNhci4=
A9NxBw,,TWVjaGFuaWNpYW4gQWw=,,,,,W0Jpb2VuZ2VuaGVpcm8gVG91cmluZ10KU2UgYXMgcGVzc29hcyBmaWNhcmVtIGVudHJhbmRvIGUgc2FpbmRvLCBpc3NvIHBvZGUgaW50ZXJmZXJpciBubyB0cmFiYWxobyBwYXJhIGEgcHLDs3hpbWEgY29saGVpdGEsIGVudMOjbyBvIGFjZXNzbyBlc3TDoSBwcm9pYmlkby4=,,TWVjaGFuaWNpYW4gQWw=
BNNxBw,,W01lY2hhbmljaWFuIEFsXQpZb3UgYXJlPw==,,,,,TWVjw6JuaWNvIEFs,,W01lY8OhbmljbyBBbF0Kwr9Uw7ogZXJlc+KApj8=
BdNxBw,,W01lY2hhbmljaWFuIEFsXQpGcmVzYT8gSG0/IFdobyBpcyBGcmVzYT8=,,,,,W01lY8OibmljbyBBbF0KVm9jw6ogw6k/IA==,,W01lY8OhbmljbyBBbF0Kwr9GcmVzYT8gwr9NbT8gwr9RdWnDqW4gZXMgRnJlc2E/
BtNxBw,,W01lY2hhbmljaWFuIEFsXQpBaD8hIEFoISEgVGhlIGNoaWVmIGRpcmVjdG9yIG9mIHRoZSBleHBlcmltZW50IHdhcyBeMDAwMEZGIExvbmEgRnJlc2FeMDAwMDAwLg==,,,,,W01lY8OibmljbyBBbF0KRnJlc2E/IEhlaW4/IFF1ZW0gw6kgRnJlc2E/,,W01lY8OhbmljbyBBbF0KwqHCv0FoPyEgwqHCoUFoISEgTGEgZGlyZWN0b3JhIHByaW5jaXBhbCBkZWwgZXhwZXJpbWVudG8gZXJhIF5GRjAwMDBMb25hIEZyZXNhXjAwMDAwMC4=
B9NxBw,,W01lY2hhbmljaWFuIEFsXQpPSyBBZHZlbnR1cmVyIG1hbiwgaWRlbnRpdHkgY29uZmlybWF0aW9uIGNvbXBsZXRlISE=,,,,,W01lY8OibmljbyBBbF0KQWg/ISBBaCEhISBBIGRpcmV0b3JhIGNoZWZlIGRvcyBleHBlcmltZW50b3Mgc2UgY2hhbWEgXjAwMDBDRExvbmEgRnJlc2FeMDAwMDAwLg==,,W01lY8OhbmljbyBBbF0KTXV5IGJpZW4sIHRyb3RhbXVuZG9zLCDCoWlkZW50aWZpY2FjacOzbiBjb21wbGV0YWRhIHkgY29uZmlybWFkYSE=
CNNxBw,,W01lY2hhbmljaWFuIEFsXQpXYXMgaXQgeW91ciBidXNpbmVzcyB0byBjaGVjayB0aGUgTWVjaGFuaWNpYW4gc3Vydml2b3IgaGVhZGNvdW50Pw==,,,,,W01lY8OibmljbyBBbF0KT2ssIEF2ZW50dXJlaXJvLCBjb25maXJtYcOnw6NvIGRlIGlkZW50aWRhZGUgY29tcGxldGEhIQ==,,W01lY8OhbmljbyBBbF0Kwr9Uw7ogdGUgZW5jYXJnYXMgZGUgdmVyaWZpY2FyIGVsIHJlY3VlbnRvIGRlIG1lY8Ohbmljb3Mgc29icmV2aXZpZW50ZXM/
CdNxBw,,W01lY2hhbmljaWFuIEFsXQpUaGVyZSB3ZXJlbid0IG1hbnkgaW4gdGhlIGZpcnN0IHBsYWNlLCBhbmQgdG9vIGJhZCBmb3IgdGhlIHBvb3IgYmFzdGFyZHMgd2hvIGRpZG4ndCBtYWtlIGl0IGludG8gdGhlIHNoZWx0ZXIu,,,,,W01lY8OibmljbyBBbF0KIMOJIHN1YSB0YXJlZmEgdmVyaWZpY2FyIGEgbGlzdGEgZGUgTWVjw6JuaWNvcyBxdWUgc29icmV2aXZlcmFtPw==,,W01lY8OhbmljbyBBbF0KRW4gc8OtLCBubyBlcmFuIG11Y2hvcywgYXVucXVlIGxhbWVudG8gbGEgcMOpcmRpZGEgZGUgbG9zIHBvYnJlcyBkZXNkaWNoYWRvcyBxdWUgbm8gbGxlZ2Fyb24gYWwgcmVmdWdpby4=
CtNxBw,,W01lY2hhbmljaWFuIEFsXQpUZWxsIEZyZXNhLCBGcmVzcyBvciB3aGF0ZXZlciBoZXIgbmFtZSBpcywgdGhhdCB0aGUgTWVjaGFuaWNpYW5zIGFyZSBpbnNwZWN0aW5n,,,,,W01lY8OibmljbyBBbF0KTsOzcyBqw6EgbsOjbyDDqXJhbW9zIG11aXRvcyBwYXJhIGNvbWXDp2FyLCBlIMOpIHVtYSBwZW5hIHBhcmEgb3MgcG9icmVzIGJhc3RhcmRvcyBxdWUgbsOjbyBjb25zZWd1aXJhbSBjaGVnYXIgYXTDqSBvIGFicmlnby4=,,W01lY8OhbmljbyBBbF0KRGlsZSBhIEZyZXNhLCBGcmVzcyBvIGNvbW8gc2UgbGxhbWUgcXVlIGxvcyBtZWPDoW5pY29zIGVzdMOhbiBpbnNwZWNjaW9uYW5kbw==
C9NxBw,,W01lY2hhbmljaWFuIEFsXQp0aGUgbWVjaGFuaWNhbCBzeXN0ZW1zIGluIHRoZSBhaXItcmFpZCBzaGVsdGVyIGFjY29yZGluZyB0byB0aGUgZW1lcmdlbmN5IHByb3RvY29scy4gVGhhbmtzfg==,,,,,W01lY8OibmljbyBBbF0KRGlnYSDDoCBGcmVzYSwgRnJlc3MsIG91IHNlamEgbMOhIHF1YWwgZm9yIG8gbm9tZSBkZWxhLCBxdWUgb3MgTWVjw6JuaWNvcyBlc3TDo28gaW5zcGVjaW9uYW5kbw==,,W01lY8OhbmljbyBBbF0KbG9zIHNpc3RlbWFzIG1lY8Ohbmljb3MgZGVsIHJlZnVnaW8gYW50aWHDqXJlbywgc2Vnw7puIGxvcyBwcm90b2NvbG9zIGRlIGVtZXJnZW5jaWEuIEdyYWNpYXN+Lg==
DNNxBw,,W01lY2hhbmljaWFuIEFsXQpTbyBidXN5LiBUaGlzIGlzIHdoeSBJIGFza2VkIGZvciBhZGRpdGlvbmFsIG1hbnBvd2VyIGluIHRoZSBmaXJzdCBwbGFjZS4gTm8gdXNlIG5vdyBJIGd1ZXNzLg==,,,,,W01lY8OibmljbyBBbF0Kb3Mgc2lzdGVtYXMgbWVjw6JuaWNvcyBkbyBhYnJpZ28gc3VidGVycsOibmVvIGRlIGFjb3JkbyBjb20gb3MgcHJvdG9jb2xvcyBkZSBlbWVyZ8OqbmNpYS4gT2JyaWdhZG8h,,W01lY8OhbmljbyBBbF0KSGF5IG11Y2hvIHBvciBoYWNlci4gUG9yIGVzbyBwZWTDrSBtYW5vIGRlIG9icmEgYWRpY2lvbmFsIGRlc2RlIGFudGVzLiBQdWVzIGFob3JhIGRhIGlndWFsLg==
DdNxBw,,W01lY2hhbmljaWFuIEFsXQpeRkYwMDAwe31eMDAwMDAwIE1lY2hhbmljaWFucyBoYXZlIHN1cnZpdmVkLg==,,,,,W01lY8OibmljbyBBbF0KRXN0b3UgdMOjbyBvY3VwYWRvLiBGb2kgcG9yIGlzc28gcXVlIHBlZGkgbWFpcyBwZXNzb2FsIGRlc2RlIG8gY29tZcOnby4gTWFzIGFjaG8gcXVlIGFnb3JhIG7Do28gYWRpYW50YSBtYWlzLg==,,W01lY8OhbmljbyBBbF0KU29icmV2aXZpZXJvbiBeNjYwMDAwe31eMDAwMDAwbWVjw6FuaWNvcy4=
DtNxBw,,W01lY2hhbmljaWFuIEFsXQpUZWxsIEZyZXNhLCBGcmVzcyBvciB3aGF0ZXZlciBoZXIgbmFtZSBpcywgdGhhdCB0aGUgTWVjaGFuaWNpYW5zIGFyZSBpbnNwZWN0aW5nIHRoZSBtZWNoYW5pY2FsIHN5c3RlbXMgaW4gdGhlIGFpci1yYWlkIHNoZWx0ZXIu,,,,,W01lY8OibmljbyBBbF0KXkZGMDAwMHt9XjAwMDAwMCBNZWPDom5pY29zIHNvYnJldml2ZXJhbS4=,,W01lY8OhbmljbyBBbF0KRGlsZSBhIEZyZXNhLCBGcmVzcyBvIGNvbW8gc2UgbGxhbWUgcXVlIGxvcyBtZWPDoW5pY29zIGVzdMOhbiBpbnNwZWNjaW9uYW5kbyBsb3Mgc2lzdGVtYXMgbWVjw6FuaWNvcyBkZWwgcmVmdWdpbyBhbnRpYcOpcmVvLg==
D9NxBw,,W01lY2hhbmljaWFuIEFsXQpUaGUgTWVjaGFuaWNpYW5zIGFyZSBjaGVja2luZyBmb3IgaXJyZWd1bGFyaXRpZXMgaW4gdGhlIGludGVybmFsIG1lY2hhbmljYWwgc3lzdGVtcyBhY2NvcmRpbmcgdG8gRW1lcmdlbmN5IFNpdHVhdGlvbiBHdWlkZWxpbmVzLg==,,,,,W01lY8OibmljbyBBbF0KRGlnYSDDoCBGcmVzYSwgRnJlc3MsIG91IHNlamEgbMOhIHF1YWwgZm9yIG8gbm9tZSBkZWxhLCBxdWUgb3MgTWVjw6JuaWNvcyBlc3TDo28gaW5zcGVjaW9uYW5kbyBvcyBzaXN0ZW1hcyBtZWPDom5pY29zIGRvIGFicmlnbyBzdWJ0ZXJyw6JuZW8gZGUgYWNvcmRvIGNvbSBvcyBwcm90b2NvbG9zIGRlIGVtZXJnw6puY2lhLg==,,W01lY8OhbmljbyBBbF0KTG9zIG1lY8Ohbmljb3MgZXN0w6FuIGNvbXByb2JhbmRvIHNpIGhheSBpcnJlZ3VsYXJpZGFkZXMgZW4gbG9zIHNpc3RlbWFzIG1lY8Ohbmljb3MgaW50ZXJub3MsIHNlZ8O6biBsYXMgTm9ybWFzIGFudGUgc2l0dWFjaW9uZXMgZGUgZW1lcmdlbmNpYS4=
ENNxBw,,W01lY2hhbmljaWFuIEFsXQpEYXJuIGl0LSBXaHkgYW0gSSBldmVuIGV4cGxhaW5pbmcgdGhpcz8gWW91J3JlIGJvdGhlcmluZyBtZSBzbyBnbyBhd2F5Lg==,,,,,W01lY8OibmljbyBBbF0KT3MgTWVjw6JuaWNvcyBlc3TDo28gcHJvY3VyYW5kbyBpcnJlZ3VsYXJpZGFkZXMgbm9zIHNpc3RlbWFzIG1lY8Oibmljb3MgaW50ZXJub3MgZGUgYWNvcmRvIGNvbSBvIEd1aWEgZGUgU2l0dWHDp8O1ZXMgZGUgRW1lcmfDqm5jaWEu,,W01lY8OhbmljbyBBbF0KTWFsZGljacOzbuKApiDCv1BvciBxdcOpIHRlIGxvIGVzdG95IGV4cGxpY2FuZG8/IE1lIGVzdMOhcyBtb2xlc3RhbmRvLiBWZXRlIHlhLg==
EdNxBw,,W01lY2hhbmljaWFuIEFsXQpXaGF0PyBHcmFwZXM/IFlvdSBhcmUgZGVsaXZlcmluZyB0aGlzPw==,,,,,W01lY8OibmljbyBBbF0KRHJvZ2EuLi4gUG9yIHF1ZSBldSB0ZW5obyBxdWUgZXhwbGljYXIgaXNzbz8gVm9jw6ogZXN0w6EgbWUgaW5jb21vZGFuZG8sIGVudMOjbyBkw6ogbyBmb3JhLg==,,W01lY8OhbmljbyBBbF0Kwr9RdcOpPyDCv1V2YXM/IMK/RXN0w6FzIGVudHJlZ2FuZG8gZXN0bz8=
EtNxBw,,W01lY2hhbmljaWFuIEFsXQpZb3UgcGlja2VkIHRoaXMgb25lIGJ5IG9uZSB3aXRoIHlvdXIgYmFyZSBoYW5kcz8=,,,,,W01lY8OibmljbyBBbF0KUXXDqj8gVXZhcz8gVm9jw6ogZXN0w6EgZW50cmVnYW5kbyBpc3NvPw==,,W01lY8OhbmljbyBBbF0Kwr9MYXMgY29zZWNoYXN0ZSB1bmEgcG9yIHVuYSBjb24gdHVzIHByb3BpYXMgbWFub3M/
E9NxBw,,W01lY2hhbmljaWFuIEFsXQpXaHkgYXJlIHlvdSBkb2luZyBzdWNoIGN1bWJlcnNvbWUgd29yaz8gWW91IGNvdWxkJ3ZlIGFza2VkIHVzIHRvIG1ha2UgYSBncmFwZSBoYXJ2ZXN0aW5nIG1hY2hpbmUuLg==,,,,,W01lY8OibmljbyBBbF0KVm9jw6ogY29saGV1IHVtYSBhIHVtYSBjb20gYXMgcHLDs3ByaWFzIG3Do29zPw==,,W01lY8OhbmljbyBBbF0Kwr9Qb3IgcXXDqSBoYWNlcyB1bmEgdGFyZWEgdGFuIGVuZ29ycm9zYT8gUG9kcsOtYXMgaGFiZXJub3MgcGVkaWRvIHF1ZSBkaXNlw7FlbW9zIHVuYSBjb3NlY2hhZG9yYSBkZSB1dmFz4oCm
FNNxBw,,W01lY2hhbmljaWFuIEFsXQpUaGFua3MgdGhvdWdoLiBUaGlzIGlzIGNvbXBlbnNhdGlvbi4gRnJlc3Mgc2FpZCB0byBjb21wZW5zYXRlIGFkdmVudHVyZXJzIHdobyBhcmUgY2F1Z2h0IHVwIGluIHRoZSBhY2NpZGVudCBhZ2FpbnN0IHRoZWlyIHdpbGwu,,,,,W01lY8OibmljbyBBbF0KUG9yIHF1ZSBlc3TDoSBmYXplbmRvIGVzc2UgdHJhYmFsaG8gcGVzYWRvPyBWb2PDqiBwb2RlcmlhIHRlciBub3MgcGVkaWRvIHBhcmEgY3JpYXIgdW1hIG3DoXF1aW5hIGNvbGV0b3JhIGRlIHV2YXMu,,W01lY8OhbmljbyBBbF0KR3JhY2lhcyBpZ3VhbC4gVG9tYSwgdW5hIHJldHJpYnVjacOzbi4gRnJlc3MgZGlqbyBxdWUgY29tcGVuc2Fyw61hIGEgbG9zIHRyb3RhbXVuZG9zIGFmZWN0YWRvcyBwb3IgZWwgYWNjaWRlbnRlLg==
FdNxBw,,LSBUaGUgc21hbGwgcm91bmQgY2Fwc3VsZSBoYXMgcGVyY29sYXRlZCB0aHJvdWdoIHNraW4uIEl0IGZlZWxzIGxpa2UgZXhwZXJpZW5jZSBoYXMgYWNjdW11bGF0ZWQu,,,,,W01lY8OibmljbyBBbF0KTWFzIG9icmlnYWRvLiBJc3NvIMOpIGEgc3VhIGNvbXBlbnNhw6fDo28uIEZyZXNzIGRpc3NlIHBhcmEgY29tcGVuc2FyIG9zIGF2ZW50dXJlaXJvcyBxdWUgYWNhYmFyYW0gZW52b2x2aWRvcyBubyBhY2lkZW50ZSBjb250cmEgc3VhIHZvbnRhZGUu,,LUxhIGNhcHN1bGl0YSBlc2bDqXJpY2EgdHJhc3Bhc8OzIGxhIHBpZWwuIFNpZW50byBxdWUgc2UgYWN1bXVsw7MgZXhwZXJpZW5jaWEu
FtNxBw,,W01lY2hhbmljaWFuIEFsXQpJZiB5b3UgbWVldCBCaW9lbmdpbmVlciBFYnJpayB0ZWxsIGhpbSB0aGFua3MgZm9yIHRoZSBncmFwZXMu,,,,,LUEgcGVxdWVuYSBjw6Fwc3VsYSByZWRvbmRhIGluZmlsdHJvdS1zZSBhdHJhdsOpcyBkYSBwZWxlLiBQYXJlY2UgcXVlIGEgZXhwZXJpw6puY2lhIGFjdW11bG91Lg==,,W01lY8OhbmljbyBBbF0KU2kgdmVzIGFsIGJpb2luZ2VuaWVybyBFYnJpaywgYWdyYWTDqWNlbGUgcG9yIGxhcyB1dmFzLg==
F9NxBw,,W01lY2hhbmljaWFuIEFsXQpJcyB0aGF0IGdyYXBlIGZvciBtZT8gSXQncyBub3Q/IFBzc2ghIQ==,,,,,W01lY8OibmljbyBBbF0KU2UgZW5jb250cmFyIG8gQmlvZW5nZW5oZWlybyBFYnJpaywgZGlnYSBxdWUgZXUgYWdyYWRlw6dvIHBlbGFzIHV2YXMu,,W01lY8OhbmljbyBBbF0Kwr9Fc2EgdXZhIGVzIHBhcmEgbcOtPyDCv05vPyDCoVBzcyE=
GNNxBw,,W01lY2hhbmljaWFuIEFsXQpIdWg/IFdoYXQncyBnb2luZyBvbj8=,,,,,W01lY8OibmljbyBBbF0KRXNzYSB1dmEgw6kgcGFyYSBtaW0/IE7Do28gw6k/IEh1bmYhIQ==,,W01lY8OhbmljbyBBbF0Kwr9FaD8gwr9RdcOpIHBhc2E/
GdNxBw,,W01lY2hhbmljaWFuIEFsXQpXaGF0LCBzaG91bGRuJ3QgdGhlIGl0ZW1zIGJlIG1vdmVkIHRvIFpvbmUgWi0yIGFuZCBub3QgaGVyZT8gVGFrZSB0aGVtIHRoZXJlLg==,,,,,W01lY8OibmljbyBBbF0KSMOjPyBPIHF1ZSBlc3TDoSBhY29udGVjZW5kbz8=,,W01lY8OhbmljbyBBbF0KTW9tZW50bywgwr9ubyBkZWJlcsOtYW4gdHJhc2xhZGFyIGxvcyBvYmpldG9zIGEgbGEgWm9uYVotMiBlbiB2ZXogZGUgYXF1w60/IExsw6l2YWxvcyBhbGzDrS4=
GtNxBw,,W01lY2hhbmljaWFuIEFsXQpIdWg/IFdoYXQncyBnb2luZyBvbj8gSSBoZWFyZCB0aGUgQWR2ZW50dXJlcnMgYXJlIGJlaW5nIHVzZWQgdG8gbW92ZSB0aGUgc3VwcGxpZXM/,,,,,W01lY8OibmljbyBBbF0KUXXDqj8gT3MgaXRlbnMgZGV2ZXJpYW0gc2VyIGxldmFkb3MgcGFyYSBab25hIFotMiBlIG7Do28gcGFyYSBjw6E/IExldmUtb3MgYXTDqSBsw6Eu,,W01lY8OhbmljbyBBbF0Kwr9FaD8gwr9RdcOpIHBhc2E/IE1lIGRpamVyb24gcXVlIGxlcyBwaWRpZXJvbiBhIGxvcyB0cm90YW11bmRvcyBxdWUgdHJhc2xhZGVuIGxvcyBzdW1pbmlzdHJvcy4=
G9NxBw,,VGhlIG1lc3NhZ2UgZnJvbSBFcm5vbi4u,,,,,W01lY8OibmljbyBBbF0KSMOjPyBPIHF1ZSBlc3TDoSBhY29udGVjZW5kbz8gw4kgdmVyZGFkZSBxdWUgb3MgQXZlbnR1cmVpcm9zIGVzdMOjbyBzZW5kbyB1c2Fkb3MgcGFyYSBtb3ZlciBvcyBzdXByaW1lbnRvcz8=,,RWwgbWVuc2FqZSBkZSBFcm5vbuKApg==
HNNxBw,,W01lY2hhbmljaWFuIEFsXQpFcm5vbj8gR29vZHMgbWFuYWdlciBFcm5vbj8gSGUgaGFzIGEgbWVzc2FnZSBmb3IgbWU/IFdoYXQgaXMgaXQ/,,,,,QSBtZW5zYWdlbSBkbyBFcm5vbi4uLg==,,W01lY8OhbmljbyBBbF0Kwr9Fcm5vbj8gwr9Fcm5vbiwgZWwgYWRtaW5pc3RyYWRvciBkZSBwcm9kdWN0b3M/IMK/TWUgZW52acOzIHVuIG1lbnNhamU/IMK/UXXDqSBzdWNlZGU/
HdNxBw,,WW91IHN0dXBpZCBpZGlvdHMhISBUaGVyZSdzIG5vdCBlbm91Z2ggbWF0ZXJpYWwgc28gc3RvcCBtYWtpbmcgbWFjaGluZXMgc28gbXVjaCEh,,,,,W01lY8OibmljbyBBbF0KRXJub24/IE8gR2VyZW50ZSBkZSBwcm9kdXRvcyBFcm5vbj8gRWxlIHRlbSB1bWEgbWVuc2FnZW0gcGFyYSBtaW0/IE8gcXVlIMOpPw==,,wqHCoUlkaW90YXMgZXN0w7pwaWRvcyEhIE5vIGFsY2FuemEgZWwgbWF0ZXJpYWw7IMKhZGVqZW4gZGUgY29uc3RydWlyIHRhbnRhcyBtw6FxdWluYXMh
HtNxBw,,W3t9XQp7fQ==,,,,,TsOjbyB0ZW1vcyBtYXRlcmlhaXMsIHBhcmVtIGRlIGNvbnN0cnVpciBtYWlzIG3DoXF1aW5hcyE=,,W3t9XQp7fQ==
H9NxBw,,W01lY2hhbmljaWFuIEFsXQpIdWguLiB1aC4uIGJ1aC4uIGJ1aC4u,,,,,W3t9XQp7fQ==,,W01lY8OhbmljbyBBbF0KVWjigKYgdWjigKYgYnVo4oCmIGJ1aOKApg==
INNxBw,,SGUgc2VlbXMgc2hvY2tlZCBhbmQgb3V0IG9mIGl0LiBHbyBiYWNrIHRvIEVybm9uIHNpbmNlIHRoZSBtZXNzYWdlIGhhcyBiZWVuIGRlbGl2ZXJlZC4=,,,,,W01lY8OibmljbyBBbF0KSGFoLi4gQWguLi4gYnVoLi4uIGJ1aC4uLg==,,UGFyZWNlIGNvbm1vY2lvbmFkbyB5IGZ1ZXJhIGRlIHPDrS4gU2kgeWEgZW50cmVnYXN0ZSBlbCBtZW5zYWplLCB2dWVsdmUgY29uIEVybm9uLg==
IdNxBw,,SGUgaXMgb3V0IG9mIGl0LiBHbyBiYWNrIHRvIEVybm9uIHNpbmNlIHRoZSBtZXNzYWdlIGhhcyBiZWVuIGRlbGl2ZXJlZC4=,,,,,UGFyZWNlIHF1ZSBlbGUgZXN0w6EgZW0gY2hvcXVlLiBGYWxlIGNvbSBvIEVybm9uIGrDoSBxdWUgbyByZWNhZG8gZm9pIGVudHJlZ3VlLg==,,RXN0w6EgZnVlcmEgZGUgc8OtLiBTaSB5YSBlbnRyZWdhc3RlIGVsIG1lbnNhamUsIHZ1ZWx2ZSBjb24gRXJub24u
ItNxBw,,W01lY2hhbmljaWFuIEFsXQpFci4uIG5vbi4uIGFyLi4gYXJnaCEh,,,,,RWxlIGVzdMOhIGVtIGNob3F1ZS4gRmFsZSBjb20gbyBFcm5vbiBqw6EgcXVlIG8gcmVjYWRvIGZvaSBlbnRyZWd1ZS4=,,W01lY8OhbmljbyBBbF0KwqHCoUVy4oCmIG5vbuKApiBhcuKApiBhcmdoISE=
I9NxBw,,SGUgaXMgY29udnVsc2luZyBsaWtlIGFuIGluZmVjdGVkIHBhdGllbnQu,,,,,W01lY8OibmljbyBBbF0KRXIuLiBub24uLiBhci4uIGFyZ2ghIQ==,,VGllbmUgY29udnVsc2lvbmVzIGNvbW8gdW4gcGFjaWVudGUgaW5mZWN0YWRvLg==
JNNxBw,,RmFjaWxpdGllcyBtYW5hZ2VyIFJlbW9kZWxpbmc=,,,,,RWxlIGVzdMOhIGNvbnZ1bHNpb25hbmRvIGNvbW8gdW0gcGFjaWVudGUgaW5mZWN0YWRvLg==,,RmFjaWxpdGllcyBtYW5hZ2VyIFJlbW9kZWxpbmc=
JdNxBw,,W0ZhY2lsaXRpZXMgbWFuYWdlciBSZW1vZGVsaW5nXQpVaD8hIEhlbGxvLiBGaXJzdCB0aW1lIG1lZXRpbmcgeW91LiBXaGF0IGJyaW5ncyB5b3UgaGVyZT8=,,,,,UmVtb2RlbGluZw==,,W0FkbWluLiBkZSByZW1vZGVsYWNpw7NuXQrCocK/RWg/ISBIb2xhLiBFcyBsYSBwcmltZXJhIHZleiBxdWUgdGUgdmVvLiDCv1F1w6kgdGUgdHJhZSBwb3IgYXF1w60/
JtNxBw,,RXhwbGFpbiBzaXR1YXRpb24u,,,,,QWguLi4gRXNzZSBzZW50aW1lbnRvIGFncmFkw6F2ZWwgZSBhY29uLi4uY2hlLi4uZ2FuLi4udGUu,,RXhwbGljYXIgbGEgc2l0dWFjacOzbi4=
J9NxBw,,W0ZhY2lsaXRpZXMgbWFuYWdlciBSZW1vZGVsaW5nXQpBaCEgSXMgdGhhdCBzbz8gRnJlc2EgeW91IHNheT8gSXQgaGFzbid0IGJlZW4gbG9uZyBzaW5jZSBteSBkZXBhcnRtZW50IHdhcyBwbGFjZWQgaGVyZS4=,,,,,W0dlcmVudGUgZGUgSW5zdGFsYcOnw7Vlc10KSMOjPyEgT2zDoS4gw4kgYSBwcmltZWlyYSB2ZXogcXVlIGV1IHRlIHZlam8uIE8gcXVlIHRyYXogdm9jw6ogYXF1aT8=,,W0FkbWluLiBkZSByZW1vZGVsYWNpw7NuXQrCoUFoISBBaCwgwr9zw60/IMK/RGlqaXN0ZSBGcmVzYT8gTWkgZGVwYXJ0YW1lbnRvIGVzdMOhIGFxdcOtIGRlc2RlIGhhY2UgcG9jbyB0aWVtcG8u
KNNxBw,,W0ZhY2lsaXRpZXMgbWFuYWdlciBSZW1vZGVsaW5nXQpJIG9ubHkgaGVhcmQgb2YgdGhlIG5hbWUgRnJlc2Eu,,,,,RXhwbGljYXIgYSBzaXR1YcOnw6NvLg==,,W0FkbWluLiBkZSByZW1vZGVsYWNpw7NuXQpTb2xvIGNvbm96Y28gYSBGcmVzYSBkZSBub21icmUu
KdNxBw,,W0ZhY2lsaXRpZXMgbWFuYWdlciBSZW1vZGVsaW5nXQpBbnl3YXkgdGhlIGN1cnJlbnQgbnVtYmVyIG9mIHVzIGZhY2lsaXRpZXMgbWFuYWdlcnMgaXMgXkZGMDAwMHt9XjAwMDAwMC4=,,,,,W0dlcmVudGUgZGUgSW5zdGFsYcOnw7Vlc10KQWghIMOJIG1lc21vPyBWb2PDqiBkaXNzZSBGcmVzYT8gTsOjbyBmYXogbXVpdG8gdGVtcG8gcXVlIG1ldSBkZXBhcnRhbWVudG8gZm9pIGVudmlhZG8gcGFyYSBjw6Eu,,W0FkbWluLiBkZSByZW1vZGVsYWNpw7NuXQpFbiB0b2RvIGNhc28sIGVuIGVzdGUgbW9tZW50byBoYXkgXjY2MDAwMHt9XjAwMDAwMGFkbWluaXN0cmFkb3JlcyBkZSBpbnN0YWxhY2lvbmVzLg==
KtNxBw,,W0ZhY2lsaXRpZXMgbWFuYWdlciBSZW1vZGVsaW5nXQpUaGVyZSBtaWdodCBiZSBzb21lIG90aGVycyB3aG8gYXJlIGhpZGluZyBzb21ld2hlcmUgYnV0IGFzIG9mIHJpZ2h0IG5vdyB0aGVyZSBhcmUgXkZGMDAwMHt9XjAwMDAwMC4=,,,,,W0dlcmVudGUgZGUgSW5zdGFsYcOnw7Vlc10KRXUgc8OzIGNvbmhlw6dvIGEgRnJlc2EgcG9yIG5vbWUu,,W0FkbWluLiBkZSByZW1vZGVsYWNpw7NuXQpQdWVkZSBxdWUgaGF5YSBtw6FzIGdlbnRlIG9jdWx0YSBwb3IgYWjDrSwgcGVybyBwb3IgYWhvcmEgaGF5IF42NjAwMDB7fV4wMDAwMDAu
K9NxBw,,W0ZhY2lsaXRpZXMgbWFuYWdlciBSZW1vZGVsaW5nXQpUZWxsIEZyZXNhIG9uIHlvdXIgd2F5IHRoYXQgRmFjaWxpdGllcyBtYW5hZ2VycyBhcmUgaW5zcGVjdGluZyBmYWNpbGl0aWVzIGluIHRoZWlyIGFzc2lnbmVkIGFyZWFzIGJlY2F1c2UgdGhlIGFpci1yYWlkIHNoZWx0ZXIgZmFjaWxpdGllcyBoYXZlIG5vdCByZWFsbHkgYmVlbiB1c2VkLg==,,,,,W0dlcmVudGUgZGUgSW5zdGFsYcOnw7Vlc10KTWFzIGVudMOjbyBvIG7Dum1lcm8gYXR1YWwgZGUgZ2VyZW50ZXMgZGUgaW5zdGFsYcOnw7VlcyDDqSBeRkYwMDAwe31eMDAwMDAwLg==,,W0FkbWluLiBkZSByZW1vZGVsYWNpw7NuXQpDdWFuZG8gdmF5YXMsIGRpbGUgYSBGcmVzYSBxdWUgbG9zIGFkbWluaXN0cmFkb3JlcyBkZSBpbnN0YWxhY2lvbmVzIGVzdMOhbiBpbnNwZWNjaW9uYW5kbyBsYXMgem9uYXMgZGVzaWduYWRhcyBwb3JxdWUgbnVuY2Egc2UgdXPDsyBlbCByZWZ1Z2lvIGFudGlhw6lyZW8u
LNNxBw,,W0ZhY2lsaXRpZXMgbWFuYWdlciBSZW1vZGVsaW5nXQpJIGRvbid0IGtub3cgd2hvIGVxdWlwcGVkIHRoZSBhaXItcmFpZCBzaGVsdGVyLiBCdXQgaXQgc3VyZWx5IGlzIHdlbGwgbWFkZSBhbmQgc3R1cmR5Lg==,,,,,W0dlcmVudGUgZGUgSW5zdGFsYcOnw7Vlc10KUG9kZW0gaGF2ZXIgb3V0cm9zIGVzY29uZGlkb3MgZW0gb3V0cm8gbHVnYXIsIG1hcyBubyBtb21lbnRvIHNvbW9zIGVtIF5GRjAwMDB7fV4wMDAwMDAu,,W0FkbWluLiBkZSByZW1vZGVsYWNpw7NuXQpObyBzw6kgcXVpw6luIGVxdWlww7MgZWwgcmVmdWdpbyBhbnRpYcOpcmVvLiBQZXJvIHNlZ3VybyBxdWUgZXN0w6EgYmllbiBoZWNobyB5IGVzIHJlc2lzdGVudGUu
LdNxBw,,W0ZhY2lsaXRpZXMgbWFuYWdlciBSZW1vZGVsaW5nXQpUaGUgY3VycmVudCBudW1iZXIgb2YgZmFjaWxpdGllcyBtYW5hZ2VycyBpcyBeRkYwMDAwe31eMDAwMDAwLg==,,,,,W0dlcmVudGUgZGUgSW5zdGFsYcOnw7Vlc10KUXVhbmRvIHZvbHRhciwgZGlnYSDDoCBGcmVzYSBxdWUgb3MgR2VyZW50ZXMgZGUgaW5zdGFsYcOnw7VlcyBlc3TDo28gaW5zcGVjaW9uYW5kbyBhcyBpbnN0YWxhw6fDtWVzIGVtIHN1YXMgw6FyZWFzIGRlc2lnbmFkYXMgcG9ycXVlIGVsYXMgbsOjbyBmb3JhbSByZWFsbWVudGUgdXNhZGFzLg==,,W0FkbWluLiBkZSByZW1vZGVsYWNpw7NuXQpFbiBlc3RlIG1vbWVudG8gaGF5IF42NjAwMDB7fV4wMDAwMDBhZG1pbmlzdHJhZG9yZXMgZGUgaW5zdGFsYWNpb25lcy4=
LtNxBw,,W0ZhY2lsaXRpZXMgbWFuYWdlciBSZW1vZGVsaW5nXQpUZWxsIEZyZXNhIHRoYXQgRmFjaWxpdGllcyBtYW5hZ2VycyBhcmUgaW5zcGVjdGluZyBmYWNpbGl0aWVzIGluIHRoZWlyIGFzc2lnbmVkIGFyZWFzIGJlY2F1c2UgdGhlIGFpci1yYWlkIHNoZWx0ZXIgZmFjaWxpdGllcyBoYXZlIG5vdCByZWFsbHkgYmVlbiB1c2VkLg==,,,,,W0dlcmVudGUgZGUgSW5zdGFsYcOnw7Vlc10KRXUgbsOjbyBzZWkgcXVlbSBtb250b3UgbyBhYnJpZ28gc3VidGVycsOibmVvLiBNYXMgY2VydGFtZW50ZSDDqSBiZW0gZmVpdG8gZSByZXNpc3RlbnRlLg==,,W0FkbWluLiBkZSByZW1vZGVsYWNpw7NuXQpEaWxlIGEgRnJlc2EgcXVlIGxvcyBhZG1pbmlzdHJhZG9yZXMgZGUgaW5zdGFsYWNpb25lcyBlc3TDoW4gaW5zcGVjY2lvbmFuZG8gbGFzIHpvbmFzIGRlc2lnbmFkYXMgcG9ycXVlIG51bmNhIHNlIHVzw7MgZWwgcmVmdWdpbyBhbnRpYcOpcmVvLg==
L9NxBw,,W0ZhY2lsaXRpZXMgbWFuYWdlciBSZW1vZGVsaW5nXQpHb29kIGpvYi4=,,,,,W0dlcmVudGUgZGUgSW5zdGFsYcOnw7Vlc10KTyBuw7ptZXJvIGF0dWFsIGRlIGdlcmVudGVzIGRlIGluc3RhbGHDp8O1ZXMgw6kgXkZGMDAwMHt9XjAwMDAwMC4=,,W0FkbWluLiBkZSByZW1vZGVsYWNpw7NuXQpCdWVuIHRyYWJham8u
MNNxBw,,W0ZhY2lsaXRpZXMgbWFuYWdlciBSZW1vZGVsaW5nXQpUaGUgcnVtb3JzIHNheSB0aGUgTWVjaGFuaWNpYW5zIHNtYXNoZWQgYSBncmFwZSB0cmVlIGJ1dCBpcyBpdCB0cnVlPw==,,,,,W0dlcmVudGUgZGUgSW5zdGFsYcOnw7Vlc10KRGlnYSDDoCBGcmVzYSBxdWUgb3MgR2VyZW50ZXMgZGUgaW5zdGFsYcOnw7VlcyBlc3TDo28gaW5zcGVjaW9uYW5kbyBhcyBpbnN0YWxhw6fDtWVzIGVtIHN1YXMgw6FyZWFzIGRlc2lnbmFkYXMgcG9ycXVlIGVsYXMgbsOjbyBmb3JhbSByZWFsbWVudGUgdXNhZGFzLg==,,W0FkbWluLiBkZSByZW1vZGVsYWNpw7NuXQpTZSBkaWNlIHF1ZSBsb3MgbWVjw6FuaWNvcyBkZXN0cm96YXJvbiB1bmEgdmlkLCDCv2VzIGNpZXJ0bz8=
MdNxBw,,QWNjb3JkaW5nIHRvIEVicmlrLi4=,,,,,W0dlcmVudGUgZGUgSW5zdGFsYcOnw7Vlc10KQm9tIHRyYWJhbGhvLg==,,U2Vnw7puIEVicmlr4oCm
MtNxBw,,W0ZhY2lsaXRpZXMgbWFuYWdlciBSZW1vZGVsaW5nXQpUaG91Z2h0IHNvLi4gTWVjaGFuaWNpYW4gQWwgaXMga2luZCBvZiBhIG1hY2hpbmUgc3VwcmVtYWNpc3QuIEkgZ3Vlc3MgdGhhdCBpcyB3aHkgaGUgYmVjYW1lIGEgbWVjaGFuaWNpYW4u,,,,,W0dlcmVudGUgZGUgSW5zdGFsYcOnw7Vlc10KRXN0w6Egcm9sYW5kbyB1bSBib2F0byBxdWUgb3MgTWVjw6JuaWNvcyBlc21hZ2FyYW0gdW1hIHZpZGVpcmEsIMOpIHZlcmRhZGU/,,W0FkbWluLiBkZSByZW1vZGVsYWNpw7NuXQpNZSBpbWFnaW7DqeKApiBFbCBtZWPDoW5pY28gQWwgZXMgZGV2b3RvIGRlIGxhcyBtw6FxdWluYXMuIFNlIHZlIHF1ZSBwb3IgZXNvIHNlIGhpem8gbWVjw6FuaWNvLg==
M9NxBw,,W0ZhY2lsaXRpZXMgbWFuYWdlciBSZW1vZGVsaW5nXQpBbnl3YXkgSSB3aWxsIGVuam95IHRoaXMgZ3JhcGUgeW91IGRlbGl2ZXJlZC4gVGhpcyBpcyBhIHJld2FyZC4=,,,,,RGUgYWNvcmRvIGNvbSBFYnJpay4uLg==,,W0FkbWluLiBkZSByZW1vZGVsYWNpw7NuXQpFbiBmaW4sIHZveSBhIHNhYm9yZWFyIGVzdGEgdXZhIHF1ZSBtZSBkaXN0ZS4gVG9tYSwgdW5hIHJlY29tcGVuc2Eu
NNNxBw,,W0ZhY2lsaXRpZXMgbWFuYWdlciBSZW1vZGVsaW5nXQpJZiB5b3UgbWVldCBFYnJpayB0ZWxsIGhpbSB0aGFua3MgZm9yIHRoZSBncmFwZXMu,,,,,W0dlcmVudGUgZGUgSW5zdGFsYcOnw7Vlc10KRm9pIG8gcXVlIHBlbnNlaS4uLiBPIE1lY8OibmljbyBBbCDDqSBtZWlvIHF1ZSB2aWNpYWRvIGVtIG3DoXF1aW5hcy4gQWNobyBxdWUgw6kgcG9yIGlzc28gcXVlIGVsZSBzZSB0b3Jub3UgdW0gbWVjw6JuaWNvLg==,,W0FkbWluLiBkZSByZW1vZGVsYWNpw7NuXQpTaSB2ZXMgYSBFYnJpaywgYWdyYWTDqWNlbGUgcG9yIGxhcyB1dmFzLg==
NdNxBw,,W0ZhY2lsaXRpZXMgbWFuYWdlciBSZW1vZGVsaW5nXQpXaGF0ISEgVGhhdCBncmFwZSEhIEkgaGFkIHNvbWUgYWxyZWFkeSBzbyBJIGFtIGd1ZXNzaW5nIGl0J3Mgbm90IG1pbmUu,,,,,W0dlcmVudGUgZGUgSW5zdGFsYcOnw7Vlc10KRGUgcXVhbHF1ZXIgZm9ybWEsIHZvdSBhcHJvdmVpdGFyIGFzIHV2YXMgcXVlIHZvY8OqIGVudHJlZ291LiBFc3RhIMOpIHN1YSByZWNvbXBlbnNhLg==,,W0FkbWluLiBkZSByZW1vZGVsYWNpw7NuXQrCocK/UXXDqT8hIMKhwqFFc2EgdXZhISEgWWEgY29tw60gdW4gcGFyOyBzdXBvbmdvIHF1ZSBubyBtZSBjb3JyZXNwb25kZS4=
NtNxBw,,Q2hlbWljYWwgU3Vic3RhbmNlIFNwZWNpYWxpc3QgS2Fyc3Rlbg==,,,,,W0dlcmVudGUgZGUgSW5zdGFsYcOnw7Vlc10KU2UgZW5jb250cmFyIG8gRWJyaWssIGRpZ2EgcXVlIGV1IGFncmFkZcOnbyBwZWxhcyB1dmFzLg==,,Q2hlbWljYWwgU3Vic3RhbmNlIFNwZWNpYWxpc3QgS2Fyc3Rlbg==
N9NxBw,,W0NoZW1pY2FsIFN1YnN0YW5jZSBTcGVjaWFsaXN0IEthcnN0ZW5dCldobyBhcmUgeW91Pw==,,,,,W0dlcmVudGUgZGUgSW5zdGFsYcOnw7Vlc10KUXXDqiEhIEVzc2FzIHV2YXMhISBFdSBqw6EgY29taSBhcyBtaW5oYXMsIGVudMOjbyBhY2hvIHF1ZSBuw6NvIHPDo28gcGFyYSBtaW0u,,W0VzcC4gZW4gcXXDrW1pY2EgS2Fyc3Rlbl0Kwr9RdWnDqW4gZXJlcz8=
ONNxBw,,W0NoZW1pY2FsIFN1YnN0YW5jZSBTcGVjaWFsaXN0IEthcnN0ZW5dCkFoISBBaCEgRnJlc2E/IEkgaGF2ZSBtZXQgaGVyIGEgZmV3IHRpbWVzIGF0IHBsZW5hcnkgc2Vzc2lvbnMu,,,,,S2Fyc3Rlbg==,,W0VzcC4gZW4gcXXDrW1pY2EgS2Fyc3Rlbl0KwqFBaCEgwqFBaCEgwr9GcmVzYT8gTGEgdmkgdW4gcGFyIGRlIHZlY2VzIGVuIHNlc2lvbmVzIHBsZW5hcmlhcy4=
OdNxBw,,W0NoZW1pY2FsIFN1YnN0YW5jZSBTcGVjaWFsaXN0IEthcnN0ZW5dCklmIEkgcmVjYWxsIHNoZSBpcyB0aGUgb25lIGluIGNoYXJnZSBvZiB0aGlzIGZhaWxlZCBwcm9qZWN0Pw==,,,,,W1F1w61taWNvIEthcnN0ZW5dClF1ZW0gw6kgdm9jw6o/,,W0VzcC4gZW4gcXXDrW1pY2EgS2Fyc3Rlbl0KU2Vnw7puIHJlY3VlcmRvLCBlbGxhIGVzdMOhIGEgY2FyZ28gZGUgZXN0ZSBwcm95ZWN0byBmYWxsaWRvLCDCv25vPw==
OtNxBw,,W0NoZW1pY2FsIFN1YnN0YW5jZSBTcGVjaWFsaXN0IEthcnN0ZW5dCkFueXdheSEh,,,,,W1F1w61taWNvIEthcnN0ZW5dCkFoISBBaCEgRnJlc2E/IEV1IGEgZW5jb250cmVpIGFsZ3VtYXMgdmV6ZXMgZW0gc2Vzc8O1ZXMgZG8gcGxlbsOhcmlvLg==,,W0VzcC4gZW4gcXXDrW1pY2EgS2Fyc3Rlbl0KwqFFbiBmaW4h
O9NxBw,,W0NoZW1pY2FsIFN1YnN0YW5jZSBTcGVjaWFsaXN0IEthcnN0ZW5dCk5vdCBldmVyeWJvZHkgaXMgZml0IHRvIGJlIGRpcmVjdG9yLiBBIGhlYWRjb3VudCBpbiB0aGlzIGhlY3RpYyBzaXR1YXRpb24u,,,,,W1F1w61taWNvIEthcnN0ZW5dClNlIGV1IGJlbSBtZSBsZW1icm8sIGVsYSBlc3TDoSBubyBjb21hbmRvIGRvIHByb2pldG8gcXVlIGZhbGhvdT8=,,W0VzcC4gZW4gcXXDrW1pY2EgS2Fyc3Rlbl0KTm8gY3VhbHF1aWVyYSBwdWVkZSBzZXIgbMOtZGVyLiBVbiByZWN1ZW50byBlbiBlc3RhIHNpdHVhY2nDs24gZGVzYm9jYWRhLg==
PNNxBw,,W0NoZW1pY2FsIFN1YnN0YW5jZSBTcGVjaWFsaXN0IEthcnN0ZW5dCldhaXQgYSBtaW51dGUuIEkgZGlkIGEgaGVhZGNvdW50IGFuZCB3cm90ZSBpdCBkb3duIHNvbWV3aGVyZS4u,,,,,W1F1w61taWNvIEthcnN0ZW5dCkVuZmltISE=,,W0VzcC4gZW4gcXXDrW1pY2EgS2Fyc3Rlbl0KRXNwZXJhIHVuIG1vbWVudG8uIEhpY2UgdW4gcmVjdWVudG8geSBsbyBlc2NyaWLDrSBlbiBhbGd1bmEgcGFydGXigKY=
PdNxBw,,W0NoZW1pY2FsIFN1YnN0YW5jZSBTcGVjaWFsaXN0IEthcnN0ZW5dCldhcyBpdCB0aGlzIG51bWJlcj8gVGhhdCBudW1iZXI/IEFoPyEgVGhpcyBudW1iZXIu,,,,,W1F1w61taWNvIEthcnN0ZW5dCk5lbSB0b2RvIG11bmRvIHNlcnZlIHBhcmEgc2VyIGRpcmV0b3IuIFVtYSBjb250YWdlbSBkZSBwZXNzb2FsIG5lc3NhIHNpdHVhw6fDo28gY2HDs3RpY2Eu,,W0VzcC4gZW4gcXXDrW1pY2EgS2Fyc3Rlbl0Kwr9FcmEgZXN0YSBjYW50aWRhZD8gwr9Fc2EgY2FudGlkYWQ/IMKhwr9FaD8hIEVzdGEgY2FudGlkYWQu
PtNxBw,,W0NoZW1pY2FsIFN1YnN0YW5jZSBTcGVjaWFsaXN0IEthcnN0ZW5dClRvdGFsIG51bWJlciBvZiBDaGVtaWNhbCBTdWJzdGFuY2UgU3BlY2lhbGlzdHMgaXMgIF5GRjAwMDB7fV4wMDAwMDAuIERhbW4gYSBsb3QgbGVzcy4=,,,,,W1F1w61taWNvIEthcnN0ZW5dCkVzcGVyZSB1bSBwb3Vjby4gRXUgZml6IHVtYSBjb250YWdlbSBlIGVzY3JldmkgZW0gYWxndW0gbHVnYXIuLi4=,,W0VzcC4gZW4gcXXDrW1pY2EgS2Fyc3Rlbl0KTGEgY2FudGlkYWQgdG90YWwgZGUgZXNwZWNpYWxpc3RhcyBlbiBzdXN0YW5jaWFzIHF1w61taWNhcyBlcyBeNjYwMDAwe31eMDAwMDAwLiBVZmYsIHNvbiBtdWNob3MgbWVub3Mu
P9NxBw,,W0NoZW1pY2FsIFN1YnN0YW5jZSBTcGVjaWFsaXN0IEthcnN0ZW5dCkFoISBUZWxsIEZyZXNhIG9uIHlvdXIgd2F5IHRoYXQgd2UgYXJlIGNoZWNraW5nIGZvciBoYXphcmRvdXMgc3Vic3RhbmNlcyB3aXRoaW4gdGhlIGFpci1yYWlkIHNoZWx0ZXIgYWNjb3JkaW5nIHRvIGVtZXJnZW5jeSBwcm90b2NvbC4=,,,,,W1F1w61taWNvIEthcnN0ZW5dClF1YWwgZXJhIG8gbsO6bWVybz8gRXJhIGVzdGU/IEFoPyEgRXJhIGVzc2Uu,,W0VzcC4gZW4gcXXDrW1pY2EgS2Fyc3Rlbl0KwqFBaCEgQ3VhbmRvIHZheWFzLCBkaWxlIGEgRnJlc2EgcXVlIGVzdGFtb3MgcmV2aXNhbmRvIHNpIGhheSBzdXN0YW5jaWFzIHBlbGlncm9zYXMgZW4gZWwgcmVmdWdpbyBhbnRpYcOpcmVvLCBzZWfDum4gZWwgcHJvdG9jb2xvIGRlIGVtZXJnZW5jaWEu
QNNxBw,,W0NoZW1pY2FsIFN1YnN0YW5jZSBTcGVjaWFsaXN0IEthcnN0ZW5dCldlIGhhdmUgdG8gZG8gb3VyIGpvYiBldmVuIGlmIHRoZXJlIGFyZW4ndCBtYW55IG9mIHVzIGxlZnQu,,,,,W1F1w61taWNvIEthcnN0ZW5dCk8gbsO6bWVybyB0b3RhbCBkZSBFc3BlY2lhbGlzdGFzIGVtIFN1YnN0w6JuY2lhcyBRdcOtbWljYXMgw6kgXkZGMDAwMHt9XjAwMDAwMC4gRHJvZ2EsIG11aXRvIG1lbm9yLg==,,W0VzcC4gZW4gcXXDrW1pY2EgS2Fyc3Rlbl0KRGViZW1vcyBoYWNlciBudWVzdHJvIHRyYWJham8sIGF1bnF1ZSBubyBxdWVkYW1vcyBtdWNob3Mu
QdNxBw,,W0NoZW1pY2FsIFN1YnN0YW5jZSBTcGVjaWFsaXN0IEthcnN0ZW5dCldlIGFyZSBjaGVja2luZyBmb3IgaGF6YXJkb3VzIHN1YnN0YW5jZXMgd2l0aGluIHRoZSBhaXItcmFpZCBzaGVsdGVyIGFjY29yZGluZyB0byBlbWVyZ2VuY3kgcHJvdG9jb2wu,,,,,W1F1w61taWNvIEthcnN0ZW5dCkFoISBRdWFuZG8gdm9sdGFyLCBkaWdhIMOgIEZyZXNhIHF1ZSBlc3RhbW9zIHByb2N1cmFuZG8gc3Vic3TDom5jaWFzIHBlcmlnb3NhcyBkZW50cm8gZG8gYWJyaWdvIHN1YnRlcnLDom5lbyBkZSBhY29yZG8gY29tIG8gcHJvdG9jb2xvIGRlIGVtZXJnw6puY2lhLg==,,W0VzcC4gZW4gcXXDrW1pY2EgS2Fyc3Rlbl0KRXN0YW1vcyByZXZpc2FuZG8gc2kgaGF5IHN1c3RhbmNpYXMgcGVsaWdyb3NhcyBlbiBlbCByZWZ1Z2lvIGFudGlhw6lyZW8sIHNlZ8O6biBlbCBwcm90b2NvbG8gZGUgZW1lcmdlbmNpYS4=
QtNxBw,,W0NoZW1pY2FsIFN1YnN0YW5jZSBTcGVjaWFsaXN0IEthcnN0ZW5dClRvdGFsIG51bWJlciBvZiBDaGVtaWNhbCBTdWJzdGFuY2UgU3BlY2lhbGlzdHMgaXMgIF5GRjAwMDB7fV4wMDAwMDAu,,,,,W1F1w61taWNvIEthcnN0ZW5dClRlbW9zIHF1ZSBmYXplciBvIG5vc3NvIHRyYWJhbGhvIG1lc21vIHF1ZSBuw6NvIGhhamEgbXVpdG9zIGRlIG7Ds3Mu,,W0VzcC4gZW4gcXXDrW1pY2EgS2Fyc3Rlbl0KTGEgY2FudGlkYWQgdG90YWwgZGUgZXNwZWNpYWxpc3RhcyBlbiBzdXN0YW5jaWFzIHF1w61taWNhcyBlcyBeNjYwMDAwe31eMDAwMDAwLg==
Q9NxBw,,W0NoZW1pY2FsIFN1YnN0YW5jZSBTcGVjaWFsaXN0IEthcnN0ZW5dClRlbGwgRnJlc2EgdGhhdCBhbHRob3VnaCB0aGVyZSBhcmUgb25seSBhIGZldyBsZWZ0IGJ1dCwgd2UgYXJlIGNoZWNraW5nIGZvciBoYXphcmRvdXMgc3Vic3RhbmNlcyB3aXRoaW4gdGhlIGFpci1yYWlkIHNoZWx0ZXIu,,,,,W1F1w61taWNvIEthcnN0ZW5dCk7Ds3MgZXN0YW1vcyBwcm9jdXJhbmRvIHN1YnN0w6JuY2lhcyBwZXJpZ29zYXMgZGVudHJvIGRvIGFicmlnbyBzdWJ0ZXJyw6JuZW8gZGUgYWNvcmRvIGNvbSBvIHByb3RvY29sbyBkZSBlbWVyZ8OqbmNpYS4=,,W0VzcC4gZW4gcXXDrW1pY2EgS2Fyc3Rlbl0KRGlsZSBhIEZyZXNhIHF1ZSwgYXVucXVlIHF1ZWRhbW9zIHVub3MgcG9jb3MsIGVzdGFtb3MgcmV2aXNhbmRvIHNpIGhheSBzdXN0YW5jaWFzIHBlbGlncm9zYXMgZW4gZWwgcmVmdWdpbyBhbnRpYcOpcmVvLg==
RNNxBw,,W0NoZW1pY2FsIFN1YnN0YW5jZSBTcGVjaWFsaXN0IEthcnN0ZW5dClVzIENoZW1pY2FsIFN1YnN0YW5jZSBTcGVjaWFsaXN0cyBhcmUgbGl2aW5nIGxpa2Ugd2UgYWx3YXlzIGRvLiBJdCdzIG5vdCBsaWtlIHdlIGNhbiBkbyBjaGVtaWNhbCBleHBlcmltZW50cyBpbiBhIHBsYWNlIGxpa2UgdGhpcy4=,,,,,W1F1w61taWNvIEthcnN0ZW5dCk8gbsO6bWVybyB0b3RhbCBkZSBFc3BlY2lhbGlzdGFzIGVtIFN1YnN0w6JuY2lhcyBRdcOtbWljYXMgw6kgXkZGMDAwMHt9XjAwMDAwMC4=,,W0VzcC4gZW4gcXXDrW1pY2EgS2Fyc3Rlbl0KTG9zIGVzcGVjaWFsaXN0YXMgZW4gc3VzdGFuY2lhcyBxdcOtbWljYXMgdml2aW1vcyBjb21vIHNpZW1wcmUuIE5vIGVzIHF1ZSBwb2RhbW9zIGhhY2VyIGV4cGVyaW1lbnRvcyBxdcOtbWljb3MgZW4gdW4gbHVnYXIgY29tbyBlc3RlLg==
RdNxBw,,W0NoZW1pY2FsIFN1YnN0YW5jZSBTcGVjaWFsaXN0IEthcnN0ZW5dCklzIHRoYXQgdGhlIGZpcnN0IGdyYXBlIGhhcnZlc3RlZCBieSB0aGUgQmlvZW5naW5lZXJzPw==,,,,,W1F1w61taWNvIEthcnN0ZW5dCkRpZ2Egw6AgRnJlc2EgcXVlIG1lc21vIGhhdmVuZG8gcG91Y29zIGRlIG7Ds3MsIGVzdGFtb3MgcHJvY3VyYW5kbyBzdWJzdMOibmNpYXMgcGVyaWdvc2FzIGRlbnRybyBkbyBhYnJpZ28gc3VidGVycsOibmVvLg==,,W0VzcC4gZW4gcXXDrW1pY2EgS2Fyc3Rlbl0Kwr9FcyBlc2EgbGEgcHJpbWVyYSB1dmEgY29zZWNoYWRhIHBvciBsb3MgYmlvaW5nZW5pZXJvcz8=
RtNxBw,,W0NoZW1pY2FsIFN1YnN0YW5jZSBTcGVjaWFsaXN0IEthcnN0ZW5dClRoZSBydW1vcnMgc2F5IGEgZ3JhcGUgdHJlZSBnb3Qgc21hc2hlZCBiZWNhdXNlIG9mIHRoZSBNZWNoYW5pY2lhbnMgYnV0IGl0IHNlZW1zIGl0IGhhc24ndCBhZmZlY3RlZCB0aGUgaGFydmVzdC4=,,,,,W1F1w61taWNvIEthcnN0ZW5dCk7Ds3MsIEVzcGVjaWFsaXN0YXMgZW0gU3Vic3TDom5jaWFzIFF1w61taWNhcywgZXN0YW1vcyB2aXZlbmRvIGNvbW8gc2VtcHJlIHZpdmVtb3MuIE7Do28gw6kgY29tbyBzZSBuw6NvIHB1ZMOpc3NlbW9zIGZhemVyIGV4cGVyacOqbmNpYXMgcXXDrW1pY2FzIG5lc3RlIGx1Z2FyLg==,,W0VzcC4gZW4gcXXDrW1pY2EgS2Fyc3Rlbl0KRGljZW4gcXVlIGxvcyBtZWPDoW5pY29zIGRlc3Ryb3phcm9uIHVuYSB2aWQsIHBlcm8gcGFyZWNlIHF1ZSBlc28gbm8gYWZlY3TDsyBsYSBjb3NlY2hhLg==
R9NxBw,,W0NoZW1pY2FsIFN1YnN0YW5jZSBTcGVjaWFsaXN0IEthcnN0ZW5dCkFueXdheSB0aGFua3MuIEkgcHJlcGFyZWQgdGhpcyBmb3IgY29tcGVuc2F0aW9uLg==,,,,,W1F1w61taWNvIEthcnN0ZW5dClPDo28gYXMgcHJpbWVpcmFzIHV2YXMgZGEgY29saGVpdGEgZG9zIEJpb2VuZ2VuaGVpcm9zPw==,,W0VzcC4gZW4gcXXDrW1pY2EgS2Fyc3Rlbl0KRW4gZmluLCBncmFjaWFzLiBUZSBwcmVwYXLDqSBlc3RvIGNvbW8gcmVjb21wZW5zYS4=
SNNxBw,,W0NoZW1pY2FsIFN1YnN0YW5jZSBTcGVjaWFsaXN0IEthcnN0ZW5dCkkndmUgYmVlbiBlYXRpbmcgbm90aGluZyBidXQgZHJpZWQgZm9vZCBmb3IgdGhlIHBhc3QgZmV3IGRheXMgc28gaXQgbW92ZXMgbWUgdG8gZWF0IGZyZXNoIGdyYXBlLg==,,,,,W1F1w61taWNvIEthcnN0ZW5dCkVzdMOhIHJvbGFuZG8gdW0gYm9hdG8gcXVlIHVtYSB2aWRlaXJhIGZvaSBkZXN0cnXDrWRhIHBlbG9zIE1lY8Oibmljb3MsIG1hcyBwYXJlY2UgcXVlIG7Do28gYWZldG91IGEgY29saGVpdGEu,,W0VzcC4gZW4gcXXDrW1pY2EgS2Fyc3Rlbl0KTGxldm8gdmFyaW9zIGTDrWFzIGNvbWllbmRvIHNvbG8gYWxpbWVudG9zIHNlY29zLiBNZSBtdWVybyBwb3IgY29tZXIgdXZhIGZyZXNjYS4=
SdNxBw,,W0NoZW1pY2FsIFN1YnN0YW5jZSBTcGVjaWFsaXN0IEthcnN0ZW5dCkkgYW0gc3VyZSB0aGF0IGdyYXBlIGlzIG5vdCBtaW5lLiBJIGFtIGVhdGluZyBtaW5lIHJpZ2h0IG5vdy4=,,,,,W1F1w61taWNvIEthcnN0ZW5dCkRlIHF1YWxxdWVyIGZvcm1hLCBvYnJpZ2Fkby4gRXUgcHJlcGFyZWkgaXN0byBjb21vIGNvbXBlbnNhw6fDo28u,,W0VzcC4gZW4gcXXDrW1pY2EgS2Fyc3Rlbl0KQ3JlbyBxdWUgZXNhIHV2YSBubyBlcyBtw61hLiBFc3RveSBjb21pZW5kbyBsYSBtw61hIGFob3JhLg==
StNxBw,,W0NoZW1pY2FsIFN1YnN0YW5jZSBTcGVjaWFsaXN0IEthcnN0ZW5dCkkndmUgYmVlbiBlYXRpbmcgbm90aGluZyBidXQgZHJpZWQgZm9vZCBzbyBlYXRpbmcgZnJlc2ggZ3JhcGUgbWFrZXMgbWUgZmVlbCBmcmVzaC4=,,,,,W1F1w61taWNvIEthcnN0ZW5dCkV1IG7Do28gY29tbyBuYWRhIGFsw6ltIGRlIGFsaW1lbnRvcyBkZXNpZHJhdGFkb3MgaMOhIGRpYXMsIGVudMOjbyBlc3RvdSBmZWxpeiBlbSBjb21lciB1dmFzIGZyZXNjYXMu,,W0VzcC4gZW4gcXXDrW1pY2EgS2Fyc3Rlbl0KRXN0b3kgdml2aWVuZG8gYSBwdXJhIGNvbWlkYSBzZWNhOyBlc3RhIHV2YSBtZSBkYSB1bmEgZ3JhbiBzZW5zYWNpw7NuIGRlIGZyZXNjdXJhLg==
S9NxBw,,TWVjaGFuaWNpYW4gTXVnZW9zaQ==,,,,,W1F1w61taWNvIEthcnN0ZW5dClRlbmhvIGNlcnRlemEgZGUgcXVlIGVzdGFzIHV2YXMgbsOjbyBzw6NvIHBhcmEgbWltLiBFc3RvdSBjb21lbmRvIGFzIG1pbmhhcyBhZ29yYS4=,,TWVjaGFuaWNpYW4gTXVnZW9zaQ==
TNNxBw,,W01lY2hhbmljaWFuIE11Z2Vvc2ldCkFyZSB5b3UgYW4gQWR2ZW50dXJlcj8gVGhpcyBpcyB0aGUgbWFjaGluZSB3YXJlaG91c2Uu,,,,,W1F1w61taWNvIEthcnN0ZW5dCkV1IG7Do28gdGVuaG8gY29taWRvIG5hZGEgYWzDqW0gZGUgYWxpbWVudG9zIGRlc2lkcmF0YWRvcywgZW50w6NvIGNvbWVyIHV2YXMgZnJlc2NhcyByZW5vdmEgYXMgZW5lcmdpYXMu,,W01lY8OhbmljbyBNdWdlb3NpXQrCv0VyZXMgdHJvdGFtdW5kb3M/IEVzdGUgZXMgZWwgZGVww7NzaXRvIGRlIG3DoXF1aW5hcy4=
TdNxBw,,W01lY2hhbmljaWFuIE11Z2Vvc2ldCkl0IHdhcyBvcmlnaW5hbGx5IGEgd2FyZWhvdXNlIGJ1dCBpdCBpcyBub3cgYmVpbmcgdXNlZCBieSBNZWNoYW5pY2lhbnMgdG8gYXNzZW1ibGUgbWFjaGluZXMgZm9yIHRoZSBhaXItcmFpZCBzaGVsdGVyLg==,,,,,TWVjw6JuaWNvIE11Z2Vvc2k=,,W01lY8OhbmljbyBNdWdlb3NpXQpBbnRlcyBlcmEgdW4gZGVww7NzaXRvLCBwZXJvIGFob3JhIGxvcyBtZWPDoW5pY29zIGVuc2FtYmxhbiBtw6FxdWluYXMgYXF1w60gcGFyYSBlbCByZWZ1Z2lvIGFudGlhw6lyZW8u
TtNxBw,,W01lY2hhbmljaWFuIE11Z2Vvc2ldCllvdSB3YW50IHRvIGtub3cgdGhlIHRvdGFsIG51bWJlciBvZiBNZWNoYW5pY2lhbnM/IEkgZG9uJ3QgdGhpbmsgSSBrbm93Pw==,,,,,W01lY8OibmljbyBNdWdlb3NpXQpWb2PDqiDDqSB1bSBhdmVudHVyZWlybz8gRXN0YSDDqSBhIG9maWNpbmEgZGUgbcOhcXVpbmFzLg==,,W01lY8OhbmljbyBNdWdlb3NpXQrCv1F1aWVyZXMgc2FiZXIgY3XDoW50b3MgbWVjw6FuaWNvcyBoYXkgZW4gdG90YWw/IENyZW8gcXVlIG5vIHPDqS4=
T9NxBw,,W01lY2hhbmljaWFuIE11Z2Vvc2ldCkFoISBBbCB1cCB0aGVyZSBtaWdodCBrbm93LiBHbyB0byBBbC4=,,,,,W01lY8OibmljbyBNdWdlb3NpXQpPcmlnaW5hbG1lbnRlLCBlcmEgdW0gZGVww7NzaXRvLCBtYXMgYWdvcmEgZXN0w6Egc2VuZG8gdXRpbGl6YWRvIHBlbG9zIE1lY8Oibmljb3MgcGFyYSBtb250YXIgbcOhcXVpbmFzIHBhcmEgbyBhYnJpZ28gc3VidGVycsOibmVvLg==,,W01lY8OhbmljbyBNdWdlb3NpXQrCoUFoISBRdWl6w6FzIGxvIHNlcGEgQWwuIElyIGNvbiBBbC4=
UNNxBw,,W01lY2hhbmljaWFuIE11Z2Vvc2ldCkFuIGFkdmVudHVyZSB0byBtb3ZlIHRoZSBhaXIgY2xlYW5lcj8=,,,,,W01lY8OibmljbyBNdWdlb3NpXQpWb2PDqiBxdWVyIHNhYmVyIG8gbsO6bWVybyB0b3RhbCBkZSBNZWPDom5pY29zPyBBY2hvIHF1ZSBldSBuw6NvIHNlaS4=,,W01lY8OhbmljbyBNdWdlb3NpXQrCv0VyZXMgZWwgdHJvdGFtdW5kb3MgcXVlIHRyYXNsYWTDsyBlbCBwdXJpZmljYWRvciBkZSBhaXJlPw==
UdNxBw,,W01lY2hhbmljaWFuIE11Z2Vvc2ldCllvdSBsb29rIHNvbGlkIGp1c3QgbGlrZSB0aGUgb3RoZXIgcmVzZWFyY2hlcnMgbWVudGlvbmVkLiBJIGJldCB5b3UgY2FuIGxpZnQgdGhlIGFpciBjbGVhbmVyIGxpa2Ugbm90aGluZyEh,,,,,W01lY8OibmljbyBNdWdlb3NpXQpBaCEgTyBBbCBkZXZlIHNhYmVyLiBGYWxlIGNvbSBlbGUu,,W01lY8OhbmljbyBNdWdlb3NpXQpQYXJlY2VzIHRlbmVyIGZ1ZXJ6YSwgdGFsIGNvbW8gZGlqZXJvbiBsb3MgZGVtw6FzIGludmVzdGlnYWRvcmVzLiDCocKhU2VndXJvIHF1ZSBsZXZhbnRhcyBlbCBwdXJpZmljYWRvciBkZSBhaXJlIGNvbW8gc2kgbmFkYSEh
UtNxBw,,W01lY2hhbmljaWFuIE11Z2Vvc2ldCldlIHNob3VsZG4ndCBiZSBvcmRlcmluZyBwZW9wbGUgbGlrZSB5b3Ugd2hvIGdvdCBjYXVnaHQgdXAgaW4gYW4gYWNjaWRlbnQsIGJ1dCB0aGUgc2l0dWF0aW9uIGlzIHVyZ2VudC4=,,,,,W01lY8OibmljbyBNdWdlb3NpXQpVbSBhdmVudHVyZWlybyBlc3TDoSBsZXZhbmRvIG8gcHVyaWZpY2Fkb3IgZGUgYXI/,,W01lY8OhbmljbyBNdWdlb3NpXQpObyBlc3TDoSBiaWVuIGRhciDDs3JkZW5lcyBhIHBlcnNvbmFzIGNvbW8gdMO6IHF1ZSBzdWZyaWVyb24gdW4gYWNjaWRlbnRlLCBwZXJvIGxhIHNpdHVhY2nDs24gZXMgYXByZW1pYW50ZS4=
U9NxBw,,W01lY2hhbmljaWFuIE11Z2Vvc2ldCldlIG1hZGUgYSBuZXcgYWlyIGNsZWFuaW5nIHVuaXQgYmVjYXVzZSB0aGUgb25lIG9wZXJhdGluZyBwcmV2aW91c2x5IGJyb2tlIGRvd24gYSB3aGlsZSBhZ28u,,,,,W01lY8OibmljbyBNdWdlb3NpXQpWb2PDqiBwYXJlY2UgdMOjbyBmb3J0ZSBxdWFudG8gb3Mgb3V0cm9zIHBlc3F1aXNhZG9yZXMgbWVuY2lvbmFyYW0uIEFwb3N0byBxdWUgcG9kZSBsZXZhbnRhciBvIHB1cmlmaWNhZG9yIGRlIGFyIGNvbW8gc2UgZm9zc2UgbmFkYSEh,,W01lY8OhbmljbyBNdWdlb3NpXQpGYWJyaWNhbW9zIHVuIHB1cmlmaWNhZG9yIGRlIGFpcmUgbnVldm8gcG9ycXVlIGVsIGFudGVyaW9yIHNlIHJvbXBpw7MgaGFjZSB1biB0aWVtcG8u
VNNxBw,,W01lY2hhbmljaWFuIE11Z2Vvc2ldCldlIHNob3VsZCBoYXZlIG1hZGUgaXQgaW4gbW9kdWxhciBmb3JtLiBNYWRlIGl0IGFzIG9uZSBzb2xpZCBwaWVjZSBieSBtaXN0YWtlLg==,,,,,W01lY8OibmljbyBNdWdlb3NpXQpOw6NvIGRldmVyw61hbW9zIGVzdGFyIGRhbmRvIG9yZGVucyBwYXJhIHBlc3NvYXMgY29tbyB2b2PDqiBxdWUgZm9yYW0gcGVnYXMgbm8gYWNpZGVudGUsIG1hcyBhIHNpdHVhw6fDo28gw6kgdXJnZW50ZS4=,,W01lY8OhbmljbyBNdWdlb3NpXQpIYWJyw61hIHNpZG8gbWVqb3IgaGFjZXJsbyBwb3IgbcOzZHVsb3MuIE1lIGVxdWl2b3F1w6kgeSBsbyBmYWJyaXF1w6kgY29tbyB1bmEgc29sYSBwaWV6YS4=
VdNxBw,,W01lY2hhbmljaWFuIE11Z2Vvc2ldCkRpZG4ndCB0aGluayBvZiBpdCB3aGVuIHdlIHdlcmUgbWFraW5nIGl0ISE=,,,,,W01lY8OibmljbyBNdWdlb3NpXQpOw7NzIG1vbnRhbW9zIHVtYSBub3ZhIHVuaWRhZGUgcHVyaWZpY2Fkb3JhIGRlIGFyIHBvcnF1ZSBhIHF1ZSBlc3RhdmEgb3BlcmFuZG8gcXVlYnJvdSBqw6EgZmF6IHVtIHRlbXBvLg==,,W01lY8OhbmljbyBNdWdlb3NpXQrCocKhTm8gc2UgbWUgb2N1cnJpw7MgY3VhbmRvIGxvIGVzdMOhYmFtb3MgaGFjaWVuZG8hIQ==
VtNxBw,,W01lY2hhbmljaWFuIE11Z2Vvc2ldCkl0IGhhcHBlbnMuIFJpZ2h0Pw==,,,,,W01lY8OibmljbyBNdWdlb3NpXQpOw7NzIGRldmVyw61hbW9zIHRlciBmZWl0byBlbSBmb3JtYXRvIG1vZHVsYXIuIEZvaSB1bSBlcnJvIGZhemVyIHVtYSBwZcOnYSBzw7NsaWRhLg==,,W01lY8OhbmljbyBNdWdlb3NpXQpQdWVkZSBwYXNhci4gwr9WZXJkYWQ/
V9NxBw,,W01lY2hhbmljaWFuIE11Z2Vvc2ldCkZhY2lsaXRpZXMgbWFuYWdlcnMgYXJlIG1ha2luZyBhIGZ1c3MgYWJvdXQgbmVlZGluZyB0aGUgYWlyIGNsZWFuaW5nIHVuaXQgc29vbi4=,,,,,W01lY8OibmljbyBNdWdlb3NpXQpOw6NvIHBlbnNhbW9zIG5pc3NvIG5hIGhvcmEhIQ==,,W01lY8OhbmljbyBNdWdlb3NpXQpMb3MgYWRtaW5pc3RyYWRvcmVzIGRlIGluc3RhbGFjaW9uZXMgaW5zaXN0ZW4gZW4gcXVlIG5lY2VzaXRhbiBlbCBwdXJpZmljYWRvciBkZSBhaXJlIHByb250by4=
WNNxBw,,W01lY2hhbmljaWFuIE11Z2Vvc2ldCldlIGNhbid0IG1vdmUgdGhlIGFpciBjbGVhbmluZyB1bml0IHdpdGggdGhlIGVxdWlwbWVudCB3ZSBoYXZlIG5vdy4u,,,,,W01lY8OibmljbyBNdWdlb3NpXQpBY29udGVjZS4gQ2VydG8/,,W01lY8OhbmljbyBNdWdlb3NpXQpObyBwb2RlbW9zIHRyYXNsYWRhciBlbCBwdXJpZmljYWRvciBkZSBhaXJlIGNvbiBlbCBlcXVpcGFtaWVudG8gcXVlIHRlbmVtb3PigKY=
WdNxBw,,W01lY2hhbmljaWFuIE11Z2Vvc2ldCldlIGNvdWxkIG1ha2UgdGhlIG1hY2hpbmUgdGhhdCBjYW4gdHJhbnNwb3J0IGl0IGlmIHdlIGhhZCBtb3JlIHRpbWUuLg==,,,,,W01lY8OibmljbyBNdWdlb3NpXQpPcyBnZXJlbnRlcyBkZSBpbnN0YWxhw6fDtWVzIGVzdMOjbyBmYXplbmRvIHVtIGVzY8OibmRhbG8gZGl6ZW5kbyBxdWUgcHJlY2lzYW0gZGUgdW1hIHVuaWRhZGUgcHVyaWZpY2Fkb3JhIGRlIGFyIGxvZ28u,,W01lY8OhbmljbyBNdWdlb3NpXQpTaSB0dXZpw6lyYW1vcyBtw6FzIHRpZW1wbywgcG9kcsOtYW1vcyBmYWJyaWNhciB1bmEgbcOhcXVpbmEgcGFyYSB0cmFuc3BvcnRhcmxv4oCm
WtNxBw,,W01lY2hhbmljaWFuIE11Z2Vvc2ldClNvIHdlIGVuZGVkIHVwIGFza2luZyB0aGUgc3Ryb25nIEFkdmVudHVyZXIu,,,,,W01lY8OibmljbyBNdWdlb3NpXQpOw6NvIHBvZGVtb3MgbW92ZXIgYSB1bmlkYWRlIHB1cmlmaWNhZG9yYSBkZSBhciBjb20gbyBlcXVpcGFtZW50byBxdWUgdGVtb3Mgbm8gbW9tZW50by4uLg==,,W01lY8OhbmljbyBNdWdlb3NpXQpQb3IgZXNvIHRlcm1pbmFtb3MgcGlkaWVuZG8gYXl1ZGEgYSB1biB0cm90YW11bmRvcyBmdWVydGUu
W9NxBw,,WWVzIHNpci4=,,,,,W01lY8OibmljbyBNdWdlb3NpXQpQb2RlcsOtYW1vcyBjcmlhciB1bWEgbcOhcXVpbmEgcGFyYSB0cmFuc3BvcnTDoS1sYSBzZSB0aXbDqXNzZW1vcyBtYWlzIHRlbXBvLi4u,,U8OtLCBzZcOxb3Iu
XNNxBw,,W01lY2hhbmljaWFuIE11Z2Vvc2ldCkFyZW4ndCB5b3UgcmVmcmVzaGluZyEh,,,,,W01lY8OibmljbyBNdWdlb3NpXQpFbnTDo28gYWNhYmFtb3MgcGVkaW5kbyBwYXJhIG8gQXZlbnR1cmVpcm8gZm9ydGUu,,W01lY8OhbmljbyBNdWdlb3NpXQrCoVF1w6kgYnVlbm8gdmVydGUh
XdNxBw,,W01lY2hhbmljaWFuIE11Z2Vvc2ldCldlIGFyZSBjb3VudGluZyBvbiB5b3UuIFRha2UgZml2ZSBhaXIgY2xlYW5pbmcgdW5pdHMgdG8gYXJlYXMgQy0wLCBGLTEsIEYtMiwgSS0wLCBaLTAuIFRhbGsgdG8gbWUgd2hlbiB5b3UnIHJlIHJlYWR5Lg==,,,,,U2ltLCBzZW5ob3Iu,,W01lY8OhbmljbyBNdWdlb3NpXQpDb250YW1vcyBjb250aWdvLiBMbGV2YSBjaW5jb1B1cmlmaWNhZG9yZXMgZGUgYWlyZSBhIGxhcyB6b25hcyBDLTAsIEYtMSwgRi0yLCBJLTAgeSBaLTAuIFZlbiBhIGhhYmxhcm1lIGN1YW5kbyB0ZXJtaW5lcy4=
XtNxBw,,W01lY2hhbmljaWFuIE11Z2Vvc2ldCkFyZSB5b3UgcmVhZHkgdG8gbW92ZSBoZWF2eSBvYmplY3RzPw==,,,,,W01lY8OibmljbyBNdWdlb3NpXQpWb2PDqiBuw6NvIMOpIGluY3LDrXZlbD8h,,W01lY8OhbmljbyBNdWdlb3NpXQrCv1RpZW5lcyBnYW5hcyBkZSBjYXJnYXIgb2JqZXRvcyBwZXNhZG9zPw==
X9NxBw,,R2l2ZSBpdCB0byBtZS4=,,,,,W01lY8OibmljbyBNdWdlb3NpXQpFc3RhbW9zIGNvbnRhbmRvIGNvbSB2b2PDqi4gTGV2ZSBhcyBjaW5jbyB1bmlkYWRlcyBwdXJpZmljYWRvcmFzIGRlIGFyIHBhcmEgYXMgw6FyZWFzIEMtTywgRi0xLCBGLTIsIEktMCwgWi0wLiBGYWxlIGNvbWlnbyBxdWFuZG8gZXN0aXZlciBwcmVwYXJhZG8u,,RMOhbWVsby4=
YNNxBw,,W01lY2hhbmljaWFuIE11Z2Vvc2ldCllvdSBsb29rIHN0cm9uZyBidXQgc2VlbXMgeW91IGFyZSB3ZWFrLiBZb3UgY2FuJ3QgbGlmdCB0aGUgYWlyIGNsZWFuaW5nIHVuaXQgbGlrZSB0aGF0Lg==,,,,,W01lY8OibmljbyBNdWdlb3NpXQpFc3TDoSBvayBwYXJhIG1vdmVyIG9iamV0b3MgcGVzYWRvcz8=,,W01lY8OhbmljbyBNdWdlb3NpXQpUZSB2ZXMgZnVlcnRlLCBwZXJvIHBhcmVjZSBxdWUgZXJlcyBkw6liaWwuIE5vIHB1ZWRlcyBsZXZhbnRhciBlbCBwdXJpZmljYWRvciBkZSBhaXJlIGFzw60u
YdNxBw,,W01lY2hhbmljaWFuIE11Z2Vvc2ldCkRlbGl2ZXIgdGhlbSB0byB6b25lcyBDLTAsIEYtMSwgRi0yLCBJLTAsIFotMC4gVGhlIG9yZGVyIGRvZXNuJ3QgbWF0dGVyIGFuZCBwbGVhc2UgYmUgY2FyZWZ1bCBzaW5jZSB0aGV5IGFyZSBwcmVjaXNlIG1hY2hpbmVzLg==,,,,,UG9kZSBtZSBkYXIu,,W01lY8OhbmljbyBNdWdlb3NpXQpMbMOpdmFsb3MgYSBsYXMgem9uYXMgQy0wLCBGLTEsIEYtMiwgSS0wIHkgWi0wLiBFbCBvcmRlbiBubyBpbXBvcnRhLiBUZSBwaWRvIHF1ZSB0ZW5nYXMgY3VpZGFkbzogc29uIG3DoXF1aW5hcyBkZSBwcmVjaXNpw7NuLg==
YtNxBw,,W01lY2hhbmljaWFuIE11Z2Vvc2ldCkdvb2Qgd29yay4gVGhlIGFpciBjbGVhbmluZyB1bml0cyBhcmUgaGVhdnksIHJpZ2h0Pw==,,,,,W01lY8OibmljbyBNdWdlb3NpXQpWb2PDqiBwYXJlY2lhIHNlciBmb3J0ZSwgbWFzIGFjaG8gcXVlIMOpIGZyYWNvLiBOw6NvIHZhaSBwb2RlciBsZXZhbnRhciBhIHVuaWRhZGUgcHVyaWZpY2Fkb3JhIGRlIGFyIGRlc3NlIGplaXRvLg==,,W01lY8OhbmljbyBNdWdlb3NpXQpCdWVuIHRyYWJham8uIExvcyBwdXJpZmljYWRvcmVzIGRlIGFpcmUgc29uIHBlc2Fkb3MsIMK/Y2llcnRvPw==
Y9NxBw,,W01lY2hhbmljaWFuIE11Z2Vvc2ldClNheWh1IHNheXMgQWR2ZW50dXJlcnMgbGlrZSB0aGlzIGtpbmQgb2Ygc3R1ZmYgYW5kIEkgc2hvdWxkIHVzZSB0aGlzIGFzIGNvbXBlbnNhdGlvbiBhZnRlciBnaXZpbmcgeW91IHdvcmsu,,,,,W01lY8OibmljbyBNdWdlb3NpXQpFbnRyZWd1ZS1hcyBuYXMgem9uYXMgQy0wLCBGLTEsIEYtMiwgSS0wLCBaLTAuIEEgb3JkZW0gbsOjbyBpbXBvcnRhLCBtYXMsIHBvciBmYXZvciwgdG9tZSBjdWlkYWRvLCBlc3NhcyBtw6FxdWluYXMgc8OjbyBkZWxpY2FkYXMu,,W01lY8OhbmljbyBNdWdlb3NpXQpTYXlodSBkaWNlIHF1ZSBhIGxvcyB0cm90YW11bmRvcyBsZXMgZ3VzdGEgaGFjZXIgZXN0by4gVGUgZGFyw6kgZXN0byBjb21vIHJlY29tcGVuc2EgcG9yIGxvIHF1ZSBoaWNpc3RlLg==
ZNNxBw,,VGhlIHNtYWxsIHJvdW5kIGNhcHN1bGUgaGFzIHBlcmNvbGF0ZWQgdGhyb3VnaCBza2luLiBJdCBmZWVscyBsaWtlIGV4cGVyaWVuY2UgaGFzIGFjY3VtdWxhdGVkLg==,,,,,W01lY8OibmljbyBNdWdlb3NpXQpCb20gdHJhYmFsaG8uIEFzIHVuaWRhZGVzIHB1cmlmaWNhZG9yYXMgc8OjbyBwZXNhZGFzLCBuw6NvIMOpPw==,,TGEgY2Fwc3VsaXRhIGVzZsOpcmljYSB0cmFzcGFzw7MgbGEgcGllbC4gU2llbnRvIHF1ZSBzZSBhY3VtdWzDsyBleHBlcmllbmNpYS4=
ZdNxBw,,W01lY2hhbmljaWFuIE11Z2Vvc2ldClRoYW5rcyB0byB5b3Ugd2Ugb3ZlcmNhbWUgYSBjcmlzaXMuIEkgbmVlZCB0byBtYWtlIGEgbWFjaGluZSB0aGF0IGNhbiBtb3ZlIGhlYXZ5IG9iamVjdHMgaW4gY2FzZSB0aGlzIGhhcHBlbnMgYWdhaW4u,,,,,W01lY8OibmljbyBNdWdlb3NpXQpTYXlodSBkaXNzZSBxdWUgb3MgQXZlbnR1cmVpcm9zIGdvc3RhbSBkZXNzZSB0aXBvIGRlIGNvaXNhIGUgcXVlIGV1IGRldmVyaWEgdXNhciBjb21vIHVtYSBjb21wZW5zYcOnw6NvIHBlbG8gc2V1IHRyYWJhbGhvLg==,,W01lY8OhbmljbyBNdWdlb3NpXQpHcmFjaWFzIGEgdGksIHN1cGVyYW1vcyB1bmEgY3Jpc2lzLiBOZWNlc2l0byBoYWNlciB1bmEgbcOhcXVpbmEgcXVlIHRyYW5zcG9ydGUgb2JqZXRvcyBwZXNhZG9zLCBlbiBjYXNvIGRlIHF1ZSBwYXNlIGxvIG1pc21vLg==
ZtNxBw,,W01lY2hhbmljaWFuIE11Z2Vvc2ldCkdvb2Qgd29yay4gTGV0J3MgcmVsYXggZm9yIG5vdy4=,,,,,W01lY8OibmljbyBNdWdlb3NpXQpHcmHDp2FzIGEgdm9jw6osIG7Ds3Mgc3VwZXJhbW9zIHVtYSBjcmlzZS4gUHJlY2lzbyBtb250YXIgdW1hIG3DoXF1aW5hIHF1ZSBwb3NzYSBtb3ZlciBvYmpldG9zIHBlc2Fkb3MgY2FzbyBhbGdvIGFzc2ltIGFjb250ZcOnYSBkZSBub3ZvLg==,,W01lY8OhbmljbyBNdWdlb3NpXQpCdWVuIHRyYWJham8uIFBvciBhaG9yYSwgZGVzY2Fuc2Vtb3Mu
Z9NxBw,,W01lY2hhbmljaWFuIE11Z2Vvc2ldCkhhdmUgeW91IHRyaWVkIHRoZSBncmFwZXMgbWFkZSBieSB0aGUgQmlvZW5naW5lZXJzIHVzaW5nIHRoYXQgZ3Jvd3RoIHRoaW5neT8=,,,,,W01lY8OibmljbyBNdWdlb3NpXQpCb20gdHJhYmFsaG8uIFBvZGUgcmVsYXhhciBwb3IgZW5xdWFudG8u,,W01lY8OhbmljbyBNdWdlb3NpXQrCv1Byb2Jhc3RlIGxhcyB1dmFzIHF1ZSBoaWNpZXJvbiBsb3MgYmlvaW5nZW5pZXJvcyBjb24gZXNhIGNvc2EgdGVjbm9sw7NnaWNhIHBhcmEgZmF2b3JlY2VyIGVsIGNyZWNpbWllbnRvPw==
aNNxBw,,W01lY2hhbmljaWFuIE11Z2Vvc2ldCldlIGNhbiBub3cgZWF0IGZyZXNoIGZydWl0IGluIHRoaXMgZHVsbCBhbmQgZGFyayBhaXItcmFpZCBzaGVsdGVyLg==,,,,,W01lY8OibmljbyBNdWdlb3NpXQpWb2PDqiBwcm92b3UgYXMgdXZhcyBxdWUgb3MgQmlvZW5nZW5oZWlyb3MgZml6ZXJhbSB1c2FuZG8gYXF1ZWxlIGxhbmNlIGRlIGNyZXNjaW1lbnRvPw==,,W01lY8OhbmljbyBNdWdlb3NpXQpBaG9yYSBwb2RlbW9zIGNvbWVyIGZydXRhIGZyZXNjYSBlbiBlc3RlIHJlZnVnaW8gYW50aWHDqXJlbyBvc2N1cm8geSBhYnVycmlkby4=
adNxBw,,W01lY2hhbmljaWFuIE11Z2Vvc2ldCkFyZSB5b3Ugd29ycmllZCBiZWNhdXNlIHBlb3BsZSBhcmUgc3VkZGVubHkgYXR0YWNraW5nPyBXaGF0PyBZb3UgYXJlbid0IGluZmVjdGVkIHJpZ2h0Pw==,,,,,W01lY8OibmljbyBNdWdlb3NpXQpBZ29yYSBuw7NzIHBvZGVtb3MgY29tZXIgZnJ1dGFzIGZyZXNjYXMgbmVzdGUgYWJyaWdvIGVzY3VybyBlIGNoYXRvLg==,,W01lY8OhbmljbyBNdWdlb3NpXQrCv1RlIHByZW9jdXBhIHF1ZSBsYXMgcGVyc29uYXMgYXRhcXVlbiBkZSByZXBlbnRlPyDCv1F1w6k/IE5vIHRlIGluZmVjdGFzdGUsIMK/bm8/
atNxBw,,W01lY2hhbmljaWFuIE11Z2Vvc2ldCldoeSBpcyBldmVyeWJvZHkgcmVqZWN0aW5nIHVzIG1ha2luZyBhIG1hY2hpbmUgdGhhdCBjYW4gbWFrZSBzaGlwcGluZyBlYXNpZXI/IFBzc2ghIQ==,,,,,W01lY8OibmljbyBNdWdlb3NpXQpFc3TDoSBwcmVvY3VwYWRvIHBvcnF1ZSBhcyBwZXNzb2FzIGVzdMOjbyBhdGFjYW5kbyBkZSByZXBlbnRlPyBRdcOqPyBWb2PDqiBuw6NvIGVzdMOhIGluZmVjdGFkbywgY2VydG8/,,W01lY8OhbmljbyBNdWdlb3NpXQrCv1BvciBxdcOpIG5hZGllIHF1aWVyZSBxdWUgZmFicmlxdWVtb3MgdW5hIG3DoXF1aW5hIHBhcmEgZmFjaWxpdGFyIGVsIHRyYW5zcG9ydGU/IMKhUHNzIQ==
a9NxBw,,W01lY2hhbmljaWFuIE11Z2Vvc2ldClRoZXJlIGlzIG5vdGhpbmcgeW91IGNhbm5vdCBkbyB3aXRoIG1hY2hpbmVzLiBNYWNoaW5lcyBhcmUgdGhlIGJlc3Qh,,,,,W01lY8OibmljbyBNdWdlb3NpXQpQb3IgcXVlIHRvZG8gbXVuZG8gZXN0w6EgcmVqZWl0YW5kbyBxdWUgYSBnZW50ZSBtb250ZSB1bWEgbcOhcXVpbmEgcGFyYSBmYWNpbGl0YXIgb3MgZW52aW9zPyBIdW5mISE=,,W01lY8OhbmljbyBNdWdlb3NpXQpMYXMgbcOhcXVpbmFzIHB1ZWRlbiBoYWNlciBkZSB0b2RvLiDCoUxhcyBtw6FxdWluYXMgc29uIGxvIG1lam9yIQ==
bNNxBw,,Wm9uZSBDLTAgRmFjaWxpdGllcyBtYW5hZ2Vy,,,,,W01lY8OibmljbyBNdWdlb3NpXQpOw6NvIGjDoSBuYWRhIHF1ZSB2b2PDqiBuw6NvIHBvc3NhIGZhemVyIHVzYW5kbyBtw6FxdWluYXMuIEFzIG3DoXF1aW5hcyBzw6NvIGRlbWFpcyE=,,Wm9uZSBDLTAgRmFjaWxpdGllcyBtYW5hZ2Vy
bdNxBw,,W0ZhY2lsaXRpZXMgbWFuYWdlcl0KV2UgYXJlIGluc3BlY3RpbmcgdGhlIGludGVyaW9yIGZhY2lsaXRpZXMgb2YgdGhlIGFpci1yYWlkIHNoZWx0ZXIgYWNjb3JkaW5nIHRvIGVtZXJnZW5jeSByZWd1bGF0aW9ucy4=,,,,,R2VyZW50ZSBkYSBab25hIEMtMA==,,W0FkbWluLiBkZSBpbnN0YWxhY2lvbmVzXQpFc3RhbW9zIGluc3BlY2Npb25hbmRvIGxvcyBpbnRlcmlvcmVzIGRlbCByZWZ1Z2lvIGFudGlhw6lyZW8sIHNlZ8O6biBsYXMgbm9ybWFzIGRlIGVtZXJnZW5jaWEu
btNxBw,,W0ZhY2lsaXRpZXMgbWFuYWdlcl0KT2gtIFlvdSdyZSBoZXJlPyBJIHdhcyB3YWl0aW5nLg==,,,,,W0dlcmVudGUgZGUgSW5zdGFsYcOnw7Vlc10KRXN0YW1vcyBpbnNwZWNpb25hbmRvIGFzIGluc3RhbGHDp8O1ZXMgZGVudHJvIGRvIGFicmlnbyBzdWJ0ZXJyw6JuZW8gZGUgYWNvcmRvIGNvbSBvIHByb3RvY29sbyBkZSBlbWVyZ8OqbmNpYS4=,,W0FkbWluLiBkZSBpbnN0YWxhY2lvbmVzXQpBaCwgwr9lc3TDoXMgYXF1w60/IEVzdGFiYSBlc3BlcmFuZG8u
b9NxBw,,W0ZhY2lsaXRpZXMgbWFuYWdlcl0KSSBoYXZlIGhlYXJkIEFkdmVudHVyZXJzIGFyZSBhbGwgc3Ryb25nIGFzIG94ZW4gYnV0IGl0IGlzIHN0aWxsIGltcHJlc3NpdmUu,,,,,W0dlcmVudGUgZGUgSW5zdGFsYcOnw7Vlc10KQWgsIHZvY8OqIGNoZWdvdSEgRXUgZXN0YXZhIGVzcGVyYW5kby4=,,W0FkbWluLiBkZSBpbnN0YWxhY2lvbmVzXQpNZSBoYWLDrWFuIGRpY2hvIHF1ZSBsb3MgdHJvdGFtdW5kb3Mgc29uIGZ1ZXJ0ZXMgY29tbyBidWV5ZXMsIHBlcm8gaWd1YWwgbWUgaW1wYWN0YS4=
cNNxBw,,W0ZhY2lsaXRpZXMgbWFuYWdlcl0KQnV0IHdoZXJlIGlzIHRoZSBhaXIgY2xlYW5pbmcgdW5pdD8gWW91IGRpZG4ndCBicmluZyB0aGUgbW9zdCBpbXBvcnRhbnQgdGhpbmcuIEJyaW5nIGl0IGhlcmUu,,,,,W0dlcmVudGUgZGUgSW5zdGFsYcOnw7Vlc10KT3V2aSBkaXplciBxdWUgb3MgQXZlbnR1cmVpcm9zIHPDo28gdG9kb3MgZm9ydGVzIGNvbW8gdG91cm9zLCBtYXMgYWluZGEgw6kgaW1wcmVzc2lvbmFudGUu,,W0FkbWluLiBkZSBpbnN0YWxhY2lvbmVzXQpQZXJvIMK/ZMOzbmRlIGVzdMOhIGVsIHB1cmlmaWNhZG9yIGRlIGFpcmU/IE5vIHRyYWppc3RlIGxvIG3DoXMgaW1wb3J0YW50ZS4gVHLDoWVsbyBhcXXDrS4=
cdNxBw,,W0ZhY2lsaXRpZXMgbWFuYWdlcl0KR29vZCB3b3JrLiBHb29kIHdvcmsuIFdlIGhhdmUgcmVjZWl2ZWQgdGhlIGFpciBjbGVhbmluZyB1bml0Lg==,,,,,W0dlcmVudGUgZGUgSW5zdGFsYcOnw7Vlc10KTWFzIG9uZGUgZXN0w6EgYSB1bmlkYWRlIHB1cmlmaWNhZG9yYSBkZSBhcj8gVm9jw6ogbsOjbyB0cm91eGUgYSBjb2lzYSBtYWlzIGltcG9ydGFudGUuIFRyYWdhLWEgYXF1aS4=,,W0FkbWluLiBkZSBpbnN0YWxhY2lvbmVzXQpCdWVuIHRyYWJham8uIEJ1ZW4gdHJhYmFqby4gUmVjaWJpbW9zIGVsIHB1cmlmaWNhZG9yIGRlIGFpcmUu
ctNxBw,,W0ZhY2lsaXRpZXMgbWFuYWdlcl0KVGhlIG5ldyBhaXIgY2xlYW5pbmcgdW5pdCBpcyBydW5uaW5nIGxpa2UgYSBjaGFybS4gRm9ydHVuYXRlIHRvIGhhdmUgYmVlbiBhYmxlIHRvIHJlcGxhY2UgaXQgb24gdGltZS4=,,,,,W0dlcmVudGUgZGUgSW5zdGFsYcOnw7Vlc10KQm9tIHRyYWJhbGhvLiBCb20gdHJhYmFsaG8uIE7Ds3MgcmVjZWJlbW9zIGEgdW5pZGFkZSBwdXJpZmljYWRvcmEgZGUgYXIu,,W0FkbWluLiBkZSBpbnN0YWxhY2lvbmVzXQpFbCBudWV2byBwdXJpZmljYWRvciBkZSBhaXJlIGZ1bmNpb25hIGRlIG1hcmF2aWxsYS4gUXXDqSBidWVubyBxdWUgbG8gcHVkaW1vcyByZWVtcGxhemFyIGEgdGllbXBvLg==
c9NxBw,,W0ZhY2lsaXRpZXMgbWFuYWdlcl0KSGF2ZSB5b3UgdHJpZWQgdGhlIGdyYXBlIG1hZGUgYnkgdGhlIEJpb2VuZ2luZWVycz8=,,,,,W0dlcmVudGUgZGUgSW5zdGFsYcOnw7Vlc10KQSBub3ZhIHVuaWRhZGUgcHVyaWZpY2Fkb3JhIGRlIGFyIGVzdMOhIGZ1bmNpb25hbmRvIHBlcmZlaXRhbWVudGUuIFF1ZSBib20gcXVlIGNvbnNlZ3VpbW9zIHRyb2NhciBhIHRlbXBvLg==,,W0FkbWluLiBkZSBpbnN0YWxhY2lvbmVzXQrCv1Byb2Jhc3RlIGxhcyB1dmFzIHF1ZSBjdWx0aXZhcm9uIGxvcyBiaW9pbmdlbmllcm9zPw==
dNNxBw,,W0ZhY2lsaXRpZXMgbWFuYWdlcl0KU2NpZW5jZSBpcyB0cnVseSBhbWF6aW5nIHRvIGhhdmUgdXMgZW5qb3kgZnJlc2ggZ3JhcGVzIGluIHRoaXMgdW5kZXJncm91bmQgYWlyLXJhaWQgc2hlbHRlci4=,,,,,W0dlcmVudGUgZGUgSW5zdGFsYcOnw7Vlc10KVm9jw6ogasOhIHByb3ZvdSBhcyB1dmFzIHByb2R1emlkYXMgcGVsb3MgQmlvZW5nZW5oZWlyb3M/,,W0FkbWluLiBkZSBpbnN0YWxhY2lvbmVzXQpMYSBjaWVuY2lhIGVzIGFzb21icm9zYTogcG9kZW1vcyBzYWJvcmVhciB1dmFzIGZyZXNjYXMgZW4gdW4gcmVmdWdpbyBhbnRpYcOpcmVvIHN1YnRlcnLDoW5lby4=
ddNxBw,,W0ZhY2lsaXRpZXMgbWFuYWdlcl0KSSB0aGluayB0aGUgYWlyIGNsZWFuZXIgbWlnaHQgYmUgdXNlbGVzcyBiZWNhdXNlIHRoZSBjb250YW1pbmFudCBoYXMgYWxyZWFkeSBpbmZpbHRyYXRlZCB0aGUgYWlyLXJhaWQgc2hlbHRlci4=,,,,,W0dlcmVudGUgZGUgSW5zdGFsYcOnw7Vlc10KQSBjacOqbmNpYSDDqSB0w6NvIGluY3LDrXZlbCBxdWUgbsOzcyBwb2RlbW9zIGNvbWVyIHV2YXMgZnJlc2NhcyBuZXN0ZSBhYnJpZ28gc3VidGVycsOibmVvLg==,,W0FkbWluLiBkZSBpbnN0YWxhY2lvbmVzXQpDcmVvIHF1ZSBlbCBwdXJpZmljYWRvciBkZSBhaXJlIG5vIHNlcnZpcsOhIHBhcmEgbmFkYTogZWwgY29udGFtaW5hbnRlIHlhIHNlIGluZmlsdHLDsyBlbiBlbCByZWZ1Z2lvLg==
dtNxBw,,W0ZhY2lsaXRpZXMgbWFuYWdlcl0KWW91IGFyZSBnb2luZyB0aHJvdWdoIGEgbG90Lg==,,,,,W0dlcmVudGUgZGUgSW5zdGFsYcOnw7Vlc10KRXUgYWNobyBxdWUgYSB1bmlkYWRlIHB1cmlmaWNhZG9yYSBkZSBhciB2YWkgc2VyIGluw7p0aWwgcG9ycXVlIG8gY29udGFtaW5hbnRlIGrDoSBzZSBpbmZpbHRyb3Ugbm8gYWJyaWdvLg==,,W0FkbWluLiBkZSBpbnN0YWxhY2lvbmVzXQpFc3TDoXMgcGFzYW5kbyBwb3IgbXVjaGFzIGNvc2FzLg==
d9NxBw,,W0ZhY2lsaXRpZXMgbWFuYWdlcl0KSSBkb24ndCBrbm93IHdobyBlcXVpcHBlZCB0aGUgYWlyLXJhaWQgc2hlbHRlci4gQnV0IGl0IHN1cmVseSBpcyB3ZWxsIG1hZGUgYW5kIHN0dXJkeS4=,,,,,W0dlcmVudGUgZGUgSW5zdGFsYcOnw7Vlc10KVm9jw6ogZXN0w6EgcGFzc2FuZG8gcG9yIG11aXRhIGNvaXNhLg==,,W0FkbWluLiBkZSBpbnN0YWxhY2lvbmVzXQpObyBzw6kgcXVpw6luIGVxdWlww7MgZWwgcmVmdWdpbyBhbnRpYcOpcmVvLiBQZXJvIHNlZ3VybyBxdWUgZXN0w6EgYmllbiBoZWNobyB5IGVzIHJlc2lzdGVudGUu
eNNxBw,,Wm9uZSBGLTEgRmFjaWxpdGllcyBtYW5hZ2Vy,,,,,R2VyZW50ZSBkYSBab25hIEYtMQ==,,Wm9uZSBGLTEgRmFjaWxpdGllcyBtYW5hZ2Vy
edNxBw,,W0ZhY2lsaXRpZXMgbWFuYWdlcl0KT2ggbXkgeW91IGFyZSB3b3JraW5nIGhhcmQuIFlvdSBjYW4gcGxhY2UgdGhlIGl0ZW0gb3ZlciBoZXJlLg==,,,,,W0dlcmVudGUgZGUgSW5zdGFsYcOnw7Vlc10KIMOTIGPDqXVzLCB2b2PDqiBlc3TDoSB0cmFiYWxoYW5kbyBtdWl0by4gUG9kZSBjb2xvY2FyIG8gaXRlbSBhcXVpLg==,,W0FkbWluLiBkZSBpbnN0YWxhY2lvbmVzXQpHdWF1LCBlc3TDoXMgdHJhYmFqYW5kbyBtdWNow61zaW1vLiBEZWphIGVsIG9iamV0byBhcXXDrS4=
etNxBw,,W0ZhY2lsaXRpZXMgbWFuYWdlcl0KV2hvYS0gSSBoZWFyZCB0aGUgcnVtb3JzIGJ1dCB5b3UgYXJlIHJlYWxseSBzdHJvbmcu,,,,,W0dlcmVudGUgZGUgSW5zdGFsYcOnw7Vlc10KTm9zc2EsIGV1IG91dmkgb3MgYm9hdG9zLCBtYXMgdm9jw6ogw6kgbXVpdG8gZm9ydGUu,,W0FkbWluLiBkZSBpbnN0YWxhY2lvbmVzXQpVb29vLCBtZSBsbGVnYXJvbiBsb3MgcnVtb3JlcywgcGVybyBzw60gcXVlIGVyZXMgZnVlcnRlLg==
e9NxBw,,W0ZhY2lsaXRpZXMgbWFuYWdlcl0KSXQncyBoYXJkIGZvciBldmVuIGZvdXIgb2YgdXMgRmFjaWxpdGllcyBtYW5hZ2VycyB0byBsaWZ0IGl0IGZvciBhIG1vbWVudC4u,,,,,W0dlcmVudGUgZGUgSW5zdGFsYcOnw7Vlc10KIMOJIGRpZsOtY2lsIGF0w6kgbWVzbW8gcGFyYSBuw7NzIHF1YXRybywgZ2VyZW50ZXMgZGUgaW5zdGFsYcOnw7VlcywgbGV2YW50YXIgaXNzbyBwb3IgdW0gbW9tZW50by4uLg==,,W0FkbWluLiBkZSBpbnN0YWxhY2lvbmVzXQpJbmNsdXNvIGEgY3VhdHJvIGFkbWluaXN0cmFkb3JlcyBkZSBpbnN0YWxhY2lvbmVzIG5vcyBjdWVzdGEgbGV2YW50YXJsbyBwb3IgdW4gbW9tZW50by4=
fNNxBw,,W0ZhY2lsaXRpZXMgbWFuYWdlcl0KRWhlaD8gSSB0aG91Z2h0IHlvdSBzYWlkIHlvdSBicm91Z2h0IHRoZSBhaXIgY2xlYW5pbmcgdW5pdC4gWW91IGRpZG4ndCBqdXN0IGxlYXZlIGl0IHNvbWV3aGVyZSBiZWNhdXNlIGl0J3MgaGVhdnksIGRpZCB5b3U/,,,,,W0dlcmVudGUgZGUgSW5zdGFsYcOnw7Vlc10KVWhuPyBBY2hlaSBxdWUgdm9jw6ogdGluaGEgZGl0byBxdWUgdHJvdXhlIGEgdW5pZGFkZSBwdXJpZmljYWRvcmEgZGUgYXIuIFZvY8OqIG7Do28gYSBsYXJnb3UgZW0gYWxndW0gY2FudG8gc8OzIHBvcnF1ZSDDqSBwZXNhZGEsIG7DqT8=,,W0FkbWluLiBkZSBpbnN0YWxhY2lvbmVzXQrCv0VoPyDCv05vIGRpamlzdGUgcXVlIGhhYsOtYXMgdHJhw61kbyBlbCBwdXJpZmljYWRvciBkZSBhaXJlPyBObyBsbyBoYWJyw6FzIGRlamFkbyBwb3IgYWjDrSBwb3JxdWUgZXMgcGVzYWRvLCDCv25vPw==
fdNxBw,,W0ZhY2lsaXRpZXMgbWFuYWdlcl0KQW55d2F5IHdlIGhhdmUgcmVjZWl2ZWQgdGhlIGFpciBjbGVhbmluZyB1bml0Lg==,,,,,W0dlcmVudGUgZGUgSW5zdGFsYcOnw7Vlc10KRW5maW0sIG7Ds3MgcmVjZWJlbW9zIGEgdW5pZGFkZSBwdXJpZmljYWRvcmEgZGUgYXIu,,W0FkbWluLiBkZSBpbnN0YWxhY2lvbmVzXQpDb21vIHNlYSwgcmVjaWJpbW9zIGVsIHB1cmlmaWNhZG9yIGRlIGFpcmUu
ftNxBw,,W0ZhY2lsaXRpZXMgbWFuYWdlcl0KVGhlIGFpciBjbGVhbmluZyB1bml0IHlvdSBicm91Z2h0IGlzIHdvcmtpbmcgd2VsbC4=,,,,,W0dlcmVudGUgZGUgSW5zdGFsYcOnw7Vlc10KQSB1bmlkYWRlIHB1cmlmaWNhZG9yYSBkZSBhciBxdWUgdm9jw6ogdHJvdXhlIGVzdMOhIGZ1bmNpb25hbmRvIGJlbS4=,,W0FkbWluLiBkZSBpbnN0YWxhY2lvbmVzXQpFbCBwdXJpZmljYWRvciBkZSBhaXJlIHF1ZSB0cmFqaXN0ZSBmdW5jaW9uYSBiaWVuLg==
f9NxBw,,Wm9uZSBGLTIgRmFjaWxpdGllcyBtYW5hZ2Vy,,,,,R2VyZW50ZSBkYSBab25hIEYtMg==,,Wm9uZSBGLTIgRmFjaWxpdGllcyBtYW5hZ2Vy
gNNxBw,,W0ZhY2lsaXRpZXMgbWFuYWdlcl0KQWg/ISBBcmUgeW91IHRoZSBBZHZlbnR1cmVyIHdobydzIGRlbGl2ZXJpbmcgYWlyIGNsZWFuaW5nIHVuaXRzPw==,,,,,W0dlcmVudGUgZGUgSW5zdGFsYcOnw7Vlc10KQWg/ISBWb2PDqiDDqSBvIEF2ZW50dXJlaXJvIHF1ZSBlc3TDoSBlbnRyZWdhbmRvIGFzIHVuaWRhZGVzIHB1cmlmaWNhZG9yYXMgZGUgYXI/,,W0FkbWluLiBkZSBpbnN0YWxhY2lvbmVzXQrCocK/RWg/ISDCv0VyZXMgZWwgdHJvdGFtdW5kb3MgcXVlIGVzdMOhIGVudHJlZ2FuZG8gcHVyaWZpY2Fkb3JlcyBkZSBhaXJlPw==
gdNxBw,,W0ZhY2lsaXRpZXMgbWFuYWdlcl0KQnV0IHdoZXJlIGlzIHRoZSBhaXIgY2xlYW5pbmcgdW5pdD8gRGlkIHlvdSBub3QgYnJpbmcgaXQ/,,,,,W0dlcmVudGUgZGUgSW5zdGFsYcOnw7Vlc10KTWFzIG9uZGUgZXN0w6EgYSB1bmlkYWRlIHB1cmlmaWNhZG9yYSBkZSBhcj8gVm9jw6ogbsOjbyB0cm91eGU/,,W0FkbWluLiBkZSBpbnN0YWxhY2lvbmVzXQpQZXJvIMK/ZMOzbmRlIGVzdMOhIGVsIHB1cmlmaWNhZG9yIGRlIGFpcmU/IMK/Tm8gbG8gdHJhamlzdGU/
gtNxBw,,W0ZhY2lsaXRpZXMgbWFuYWdlcl0KV2UgbmVlZCB0byB3b3JrIGZhc3Qgc28gcGxhY2UgdGhlIGl0ZW0gaGVyZS4=,,,,,W0dlcmVudGUgZGUgSW5zdGFsYcOnw7Vlc10KUHJlY2lzYW1vcyB0cmFiYWxoYXIgcsOhcGlkbywgZW50w6NvIGNvbG9xdWUgbyBpdGVtIGFxdWku,,W0FkbWluLiBkZSBpbnN0YWxhY2lvbmVzXQpEZWJlbW9zIHRyYWJhamFyIHLDoXBpZG87IGNvbMOzY2FsbyBhcXXDrS4=
g9NxBw,,W0ZhY2lsaXRpZXMgbWFuYWdlcl0KV2UgaGF2ZSByZWNlaXZlZCB0aGUgYWlyIGNsZWFuaW5nIHVuaXQu,,,,,W0dlcmVudGUgZGUgSW5zdGFsYcOnw7Vlc10KTsOzcyByZWNlYmVtb3MgYSB1bmlkYWRlIHB1cmlmaWNhZG9yYSBkZSBhci4=,,W0FkbWluLiBkZSBpbnN0YWxhY2lvbmVzXQpSZWNpYmltb3MgZWwgcHVyaWZpY2Fkb3IgZGUgYWlyZS4=
hNNxBw,,W0ZhY2lsaXRpZXMgbWFuYWdlcl0KSXQncyBmb3J0dW5hdGUgd2Ugd2VyZSBhYmxlIHRvIHJlcGxhY2UgdGhlIGFpciBjbGVhbmluZyB1bml0IGluIHRpbWUuIFRoZSBvbGQgb25lIHdhcyBmYWxsaW5nIGFwYXJ0IGFuZCBvbiB0aGUgdmVyZ2Ugb2Ygc3RvcHBpbmcu,,,,,W0dlcmVudGUgZGUgSW5zdGFsYcOnw7Vlc10KUXVlIGJvbSBxdWUgY29uc2VndWltb3Mgc3Vic3RpdHVpciBhIHVuaWRhZGUgcHVyaWZpY2Fkb3JhIGRlIGFyIGEgdGVtcG8uIEEgYW50aWdhIGrDoSBlc3RhdmEgY2FpbmRvIGFvcyBwZWRhw6dvcyBlIHF1YXNlIHBhcmFuZG8u,,W0FkbWluLiBkZSBpbnN0YWxhY2lvbmVzXQpNZW5vcyBtYWwgcXVlIHB1ZGltb3MgcmVlbXBsYXphciBlbCBwdXJpZmljYWRvciBkZSBhaXJlIGEgdGllbXBvLiBFbCBhbnRlcmlvciBzZSBjYcOtYSBhIHBlZGF6b3MgeSBlc3RhYmEgYSBwdW50byBkZSByb21wZXJzZS4=
hdNxBw,,Wm9uZSBJLTAgRmFjaWxpdGllcyBtYW5hZ2Vy,,,,,R2VyZW50ZSBkYSBab25hIEktMA==,,Wm9uZSBJLTAgRmFjaWxpdGllcyBtYW5hZ2Vy
htNxBw,,W0ZhY2lsaXRpZXMgbWFuYWdlcl0KSGFzIHRoZSBhZHZlbnR1cmVyIG5vdCBkZWxpdmVyZWQgdGhlIGFpciBjbGVhbmluZyB1bml0IHlldD8gVWg/ISBJdCdzIGhlcmUuIEh1cnJ5Li4gdGhlIGFpciBjbGVhbmluZyB1bml0Li4=,,,,,W0dlcmVudGUgZGUgSW5zdGFsYcOnw7Vlc10KTyBhdmVudHVyZWlybyBhaW5kYSBuw6NvIGVudHJlZ291IGEgdW5pZGFkZSBwdXJpZmljYWRvcmEgZGUgYXI/IEjDoz8hIEVzdMOhIGFxdWkuIFLDoXBpZG8uLi4gQSB1bmlkYWRlIHB1cmlmaWNhZG9yYSBkZSBhci4uLg==,,W0FkbWluLiBkZSBpbnN0YWxhY2lvbmVzXQpFbnRvbmNlcywgwr9lbCB0cm90YW11bmRvcyBhw7puIG5vIGVudHJlZ8OzIGVsIHB1cmlmaWNhZG9yIGRlIGFpcmU/IMKhwr9FaD8hIFlhIGxsZWfDsy4gUsOhcGlkb+KApiBFbCBwdXJpZmljYWRvciBkZSBhaXJl4oCm
h9NxBw,,W0ZhY2lsaXRpZXMgbWFuYWdlcl0KQXJ3aGF0ISEgV2h5IGRpZG4ndCB5b3UgYnJpbmcgaXQuIEJyaW5nIGl0IG5vdywgb2theT8=,,,,,W0dlcmVudGUgZGUgSW5zdGFsYcOnw7Vlc10KTWFzIG8gcXXDqiEhIFBvciBxdWUgdm9jw6ogbsOjbyB0cm91eGU/IFRyYWdhIGFnb3JhLCBvaz8=,,W0FkbWluLiBkZSBpbnN0YWxhY2lvbmVzXQrCocK/UGVybyBjw7Ntbz8hIMK/UG9yIHF1w6kgbm8gbG8gdHJhamlzdGU/IFRyw6FlbG8geWEsIMK/ZXN0YW1vcz8=
iNNxBw,,W0ZhY2lsaXRpZXMgbWFuYWdlcl0KSXQncyB1cmdlbnQuIEknbGwgdGhhbmsgeW91IGxhdGVyLi4=,,,,,W0dlcmVudGUgZGUgSW5zdGFsYcOnw7Vlc10KIMOJIHVyZ2VudGUuIEV1IHRlIGFncmFkZWNlcmVpIGRlcG9pcy4uLg==,,W0FkbWluLiBkZSBpbnN0YWxhY2lvbmVzXQpFcyB1cmdlbnRlLiBUZSBhZ3JhZGVjZXLDqSBsdWVnb+KApg==
idNxBw,,W0ZhY2lsaXRpZXMgbWFuYWdlcl0KRG9uJ3QgdGFsayB0byBtZS4gRXZlcnkgaG91ciBpcyBwcmVjaW91cy4=,,,,,W0dlcmVudGUgZGUgSW5zdGFsYcOnw7Vlc10KTsOjbyBmYWxlIGNvbWlnby4gQ2FkYSBob3JhIMOpIHByZWNpb3NhLg==,,W0FkbWluLiBkZSBpbnN0YWxhY2lvbmVzXQpObyBtZSBoYWJsZXMuIENhZGEgaG9yYSBlcyBjcnVjaWFsLg==
itNxBw,,W0ZhY2lsaXRpZXMgbWFuYWdlcl0KV2hld34gSSB3YXMgYnVzeSB3b3JraW5nIHRvIHJlcGxhY2UgdGhlIG1hY2hpbmUgYmVjYXVzZSB0aGUgb2xkIG9uZSBzdG9wcGVkLiBJJ20gZ2xhZCB0aGF0IHRoZSBuZXcgb25lIGlzIHdvcmtpbmcgd2VsbC4=,,,,,W0dlcmVudGUgZGUgSW5zdGFsYcOnw7Vlc10KVWZhISBFdSBlc3RhdmEgb2N1cGFkbyB0cm9jYW5kbyBhIG3DoXF1aW5hIHBvcnF1ZSBhIGFudGlnYSBwYXJvdS4gRmljbyBmZWxpeiBxdWUgYSBub3ZhIGVzdGVqYSBmdW5jaW9uYW5kbyBiZW0u,,W0FkbWluLiBkZSBpbnN0YWxhY2lvbmVzXQpGaXV+LiBNZSBjb25jZW50csOpIGVuIHJlZW1wbGF6YXIgbGEgbcOhcXVpbmEgcG9ycXVlIGxhIGFudGVyaW9yIGRlasOzIGRlIGZ1bmNpb25hci4gUXXDqSBidWVubyBxdWUgbGEgbnVldmEgZnVuY2lvbmEgYmllbi4=
i9NxBw,,Wm9uZSBaLTAgRmFjaWxpdGllcyBtYW5hZ2Vy,,,,,R2VyZW50ZSBkYSBab25hIFotMA==,,Wm9uZSBaLTAgRmFjaWxpdGllcyBtYW5hZ2Vy
jNNxBw,,QmlvZW5naW5lZXIgRWJyaWs=,,,,,RWJyaWs=,,QmlvZW5naW5lZXIgRWJyaWs=
jdNxBw,,W0Jpb2VuZ2luZWVyIEVicmlrXQpXZSBCaW9lbmdpbmVlcnMgYXJlIGRvaW5nIGFsbCB3ZSBjYW4gdG8gcHJvZHVjZSBmb29kIGZvciB0aGUgcGVvcGxlIGluc2lkZSB0aGUgYWlyLXJhaWQgc2hlbHRlci4=,,,,,W0Jpb2VuZ2VuaGVpcm8gRWJyaWtdCk7Ds3MsIEJpb2VuZ2VuaGVpcm9zLCBlc3RhbW9zIGZhemVuZG8gdHVkbyBxdWUgcG9kZW1vcyBwYXJhIHByb2R1emlyIGNvbWlkYSBwYXJhIGFzIHBlc3NvYXMgZGVudHJvIGRvIGFicmlnbyBzdWJ0ZXJyw6JuZW8u,,W0Jpb2luZ2VuaWVybyBFYnJpa10KTG9zIGJpb2luZ2VuaWVyb3MgZXN0YW1vcyBoYWNpZW5kbyB0b2RvIGxvIHBvc2libGUgcG9yIHByb2R1Y2lyIGFsaW1lbnRvcyBwYXJhIGxhIGdlbnRlIGRlbCByZWZ1Z2lvIGFudGlhw6lyZW8u
jtNxBw,,W0Jpb2VuZ2luZWVyIEVicmlrXQpBcmUgeW91IHRoZSBBZHZlbnR1cmVyIGhlcmUgdG8gaGVscCB1cyB3aXRoIHRoZSBncmFwZSBoYXJ2ZXN0PyBOaWNlIHRvIG1lZXQgeW91Lg==,,,,,W0Jpb2VuZ2VuaGVpcm8gRWJyaWtdClZvY8OqIMOpIG8gQXZlbnR1cmVpcm8gcXVlIHZlaW8gbm9zIGFqdWRhciBjb20gYSBjb2xoZWl0YSBkYXMgdXZhcz8gUHJhemVyIGVtIGNvbmhlY2VyIHZvY8OqLg==,,W0Jpb2luZ2VuaWVybyBFYnJpa10Kwr9FcmVzIHRyb3RhbXVuZG9zIHkgdmllbmVzIGEgYXl1ZGFybm9zIGNvbiBsYSB2ZW5kaW1pYT8gR3VzdG8gZW4gY29ub2NlcnRlLg==
j9NxBw,,W0Jpb2VuZ2luZWVyIEVicmlrXQpCaW9lbmdpbmVlcnMgYWxvbmUgZG8gbm90IGhhdmUgZW5vdWdoIGhhbmRzIHRvIGhhcnZlc3QgdGhlIGFtb3VudCBvZiBncmFwZXMgd2UgbmVlZCB0byBwcm92aWRlIGFsbCB0aGUgcGVvcGxlIGluc2lkZSB0aGUgYWlyLXJhaWQgc2hlbHRlci4=,,,,,W0Jpb2VuZ2VuaGVpcm8gRWJyaWtdClNvbWVudGUgbsOzcywgQmlvZW5nZW5oZWlyb3MsIG7Do28gc29tb3MgbyBiYXN0YW50ZSBwYXJhIGNvbGhlciBhIHF1YW50aWRhZGUgZGUgdXZhIG5lY2Vzc8OhcmlhIHBhcmEgYWxpbWVudGFyIHRvZGFzIGFzIHBlc3NvYXMgZGVudHJvIGRvIGFicmlnbyBzdWJ0ZXJyw6JuZW8u,,W0Jpb2luZ2VuaWVybyBFYnJpa10KTG9zIGJpb2luZ2VuaWVyb3Mgbm8gZGFiYW4gYWJhc3RvIHBhcmEgY29zZWNoYXIgbGEgY2FudGlkYWQgZGUgdXZhcyBuZWNlc2FyaWFzIHBhcmEgYWJhc3RlY2VyIGEgdG9kYSBsYSBnZW50ZSBkZWwgcmVmdWdpbyBhbnRpYcOpcmVvLg==
kNNxBw,,W0Jpb2VuZ2luZWVyIEVicmlrXQpTbyB3ZSBlbmRlZCB1cCBhc2tpbmcgdGhlIEFkdmVudHVyZXJzLg==,,,,,W0Jpb2VuZ2VuaGVpcm8gRWJyaWtdCkVudMOjbyBhY2FiYW1vcyBwZWRpbmRvIHBhcmEgb3MgQXZlbnR1cmVpcm9zLg==,,W0Jpb2luZ2VuaWVybyBFYnJpa10KUG9yIGVzbyB0ZXJtaW5hbW9zIHBpZGllbmRvIGF5dWRhIGEgbG9zIHRyb3RhbXVuZG9zLg==
kdNxBw,,QXJlIHRoZXJlIG90aGVycyB3aG8gY2FuIGhlbHA/,,,,,RXhpc3RlbSBvdXRyb3MgcXVlIHBvZGVtIGFqdWRhcj8=,,wr9IYXkgbcOhcyBnZW50ZSBxdWUgcHVlZGEgYXl1ZGFyPw==
ktNxBw,,W0Jpb2VuZ2luZWVyIEVicmlrXQpEb24ndCBldmVuIG1lbnRpb24gaXQuIFdlIGdhdmUgdGhlIHRhc2sgb2YgaGFydmVzdGluZyBncmFwZXMgdG8gdGhlIG1lYW5kZXJpbmcgTWVjaGFuaWNpYW5zIGFuZC4u,,,,,W0Jpb2VuZ2VuaGVpcm8gRWJyaWtdCk5lbSBmYWxlIGRpc3NvLiBOw7NzIGRlaXhhbW9zIGEgdGFyZWZhIGRlIGNvbGhlciBhcyB1dmFzIHBhcmEgb3MgTWVjw6JuaWNvcyBlLi4u,,W0Jpb2luZ2VuaWVybyBFYnJpa10KTm8gaGF5IGRlIHF1w6kuIExlcyBwZWRpbW9zIGEgbG9zIG1lY8Ohbmljb3MgcXVlIGNvc2VjaGVuIGxhcyB1dmFzLCBwZXJvIGNvbiBzdSBhbmRhciBzaW51b3Nv4oCm
k9NxBw,,W0Jpb2VuZ2luZWVyIEVicmlrXQpUaGV5IGVuZGVkIHVwIHNtYXNoaW5nIG9uZSBvZiB0aGUgZ3JhcGUgdHJlZXMhIQ==,,,,,W0Jpb2VuZ2VuaGVpcm8gRWJyaWtdCkVsZXMgYWNhYmFyYW0gZXNtYWdhbmRvIHVtYSBkYXMgdmlkZWlyYXMhIQ==,,W0Jpb2luZ2VuaWVybyBFYnJpa10KwqFUZXJtaW5hcm9uIGRlc3Ryb3phbmRvIHVuYSBkZSBsYXMgdmlkZXMh
lNNxBw,,W0Jpb2VuZ2luZWVyIEVicmlrXQpXZSB3ZXJlIGx1Y2t5IHRvIGhhdmUgZm91bmQgb3V0IGFuZCBzdG9wcGVkIHRoZW0gYmVmb3JlIHRoZXkgZGVzdHJveWVkIHRoZSBvdGhlciB0cmVlcy4gVGhlIHRob3VnaHQgb2YgaXQgaXMgaG9ycmlibGUu,,,,,W0Jpb2VuZ2VuaGVpcm8gRWJyaWtdClRpdmVtb3Mgc29ydGUgZGUgZGVzY29icmlyIGUgZGV0w6otbG9zIGFudGVzIHF1ZSBkZXN0cnXDrXNzZW0gYXMgb3V0cmFzLiBTw7MgZGUgcGVuc2FyIG5pc3NvIG1lIGTDoSBhcnJlcGlvcy4=,,W0Jpb2luZ2VuaWVybyBFYnJpa10KUG9yIHN1ZXJ0ZSwgbm9zIGRpbW9zIGN1ZW50YSB5IGxvcyBkZXR1dmltb3MgYW50ZXMgZGUgcXVlIGRlc3RydXllcmFuIGxhcyBkZW3DoXMuIEVzIHVuIGVzcGFudG8gZGUgc29sbyBwZW5zYXJsby4=
ldNxBw,,W0Jpb2VuZ2luZWVyIEVicmlrXQpBaCEgVGhhdCBpcyBub3Qgd2hhdCdzIGltcG9ydGFudC4=,,,,,W0Jpb2VuZ2VuaGVpcm8gRWJyaWtdCkFoISBNYXMgaXNzbyBuw6NvIMOpIGltcG9ydGFudGUu,,W0Jpb2luZ2VuaWVybyBFYnJpa10KwqFBaCEgUGVybyBlc28gbm8gZXMgbG8gcXVlIGltcG9ydGEu
ltNxBw,,W0Jpb2VuZ2luZWVyIEVicmlrXQpXZSB1c2VkIGdyb3d0aCBhY2NlbGVyYXRpb24gdG8gbWFrZSByaXBlIGdyYXBlcyBkcm9wIHBlcmlvZGljYWxseS4=,,,,,W0Jpb2VuZ2VuaGVpcm8gRWJyaWtdCk7Ds3MgdXNhbW9zIG8gYWNlbGVyYWRvciBkZSBjcmVzY2ltZW50byBwYXJhIGZhemVyIGFzIHV2YXMgbWFkdXJhcyBjYcOtcmVtIHBlcmlvZGljYW1lbnRlLg==,,W0Jpb2luZ2VuaWVybyBFYnJpa10KVXNhbW9zIGFjZWxlcmFjacOzbiBkZSBjcmVjaW1pZW50byBwYXJhIGNvc2VjaGFyIHV2YXMgbWFkdXJhcyBjb24gZnJlY3VlbmNpYS4=
l9NxBw,,W0Jpb2VuZ2luZWVyIEVicmlrXQpJdCB3b3VsZCBiZSBuaWNlIGlmIHlvdSBjYW4gd2FpdCBpbiBmcm9udCBvZiB0aGUgZ3JhcGUgdHJlZSBhbmQgY29sbGVjdCAzMCBidW5jaGVzIG9mIGdyYXBlcy4=,,,,,W0Jpb2VuZ2VuaGVpcm8gRWJyaWtdClNlcmlhIGJvbSBzZSB2b2PDqiBwdWRlc3NlIGVzcGVyYXIgbmEgZnJlbnRlIGRhIHZpZGVpcmEgZSBjb2xldGFyIDMwIGNhY2hvcyBkZSB1dmFzLg==,,W0Jpb2luZ2VuaWVybyBFYnJpa10KTWUgZ3VzdGFyw61hIHF1ZSBlc3BlcmVzIGRlbGFudGUgZGUgbGEgdmlkIHkgY29zZWNoZXMgMzByYWNpbW9zIGRlIHV2YXMu
mNNxBw,,W0Jpb2VuZ2luZWVyIEVicmlrXQpZb3UgY2FuIGNvbGxlY3QgbW9yZSwgYnV0IHRoZSByZW1haW5pbmcgb25lcyBmcm9tIHRoZSBoYXJ2ZXN0IHdpbGwgbmF0dXJhbGx5IGRlY29tcG9zZSBhbmQgZGlzYXBwZWFyLg==,,,,,W0Jpb2VuZ2VuaGVpcm8gRWJyaWtdClZvY8OqIHBvZGUgY29sZXRhciBtYWlzLCBtYXMgYXMgcXVlIHNvYnJhcmVtIGRhIGNvbGhlaXRhIGlyw6NvIHNlIGRlY29tcG9yIGUgZGVzYXBhcmVjZXIgbmF0dXJhbG1lbnRlLg==,,W0Jpb2luZ2VuaWVybyBFYnJpa10KUHVlZGVzIHJlY29sZWN0YXIgbcOhcywgcGVybyBsYXMgcXVlIHF1ZWRlbiBkZSBsYSBjb3NlY2hhIHNlIGRlc2NvbXBvbmVuIHkgc2UgZGVzaW50ZWdyYW4gZGUgZm9ybWEgbmF0dXJhbC4=
mdNxBw,,W0Jpb2VuZ2luZWVyIEVicmlrXQpUaGVuIHRoZSBzb2lsIGZlcnRpbGl0eSB3aWxsIHJlY292ZXIgcGFydGlhbGx5LiBHb29kIGx1Y2su,,,,,W0Jpb2VuZ2VuaGVpcm8gRWJyaWtdCkUgYXNzaW0gYSBmZXJ0aWxpZGFkZSBkbyBzb2xvIGlyw6Egc2UgcmVjb21wb3IgcGFyY2lhbG1lbnRlLiBCb2Egc29ydGUu,,W0Jpb2luZ2VuaWVybyBFYnJpa10KQXPDrSwgZWwgc3VlbG8gcmVjdXBlcmEgcGFydGUgZGUgbGEgZmVydGlsaWRhZC4gQnVlbmEgc3VlcnRlLg==
mtNxBw,,W0Jpb2VuZ2luZWVyIEVicmlrXQpXZSBoYXZlIGRlY2lkZWQgdG8gZ2l2ZSBvdXQgb25lIGdyYXBlIGJveCBwZXIgdGVhbS4=,,,,,W0Jpb2VuZ2VuaGVpcm8gRWJyaWtdCk7Ds3MgZGVjaWRpbW9zIGRhciB1bWEgY2FpeGEgZGUgdXZhIHBhcmEgY2FkYSBlcXVpcGUu,,W0Jpb2luZ2VuaWVybyBFYnJpa10KRGVjaWRpbW9zIHJlcGFydGlyIHVuYSBjYWphIGRlIHV2YXMgcG9yIGVxdWlwby4=
m9NxBw,,W0Jpb2VuZ2luZWVyIEVicmlrXQpPbmUgYm94IGNhbiBob2xkIDMwfjMyIGJ1bmNoZXMgc28gY29sbGVjdCBhY2NvcmRpbmdseS4=,,,,,W0Jpb2VuZ2VuaGVpcm8gRWJyaWtdClVtYSBjYWl4YSBwb2RlIGNvbnRlciAzMCBhIDMyIGNhY2hvcywgZW50w6NvIGxlbWJyZS1zZSBkaXNzby4=,,W0Jpb2luZ2VuaWVybyBFYnJpa10KQ2FkYSBjYWphIGNvbnRpZW5lIGRlIDMwIGEgMzJyYWNpbW9zOyBmw61qYXRlIGN1w6FudG9zIHJlY29sZWN0YXIu
nNNxBw,,W0Jpb2VuZ2luZWVyIEVicmlrXQpXaG9hIGdvb2Qgam9iLiBBcyBJIHRob3VnaHQgQWR2ZW50dXJlcnMgYXJlIHNvIG11Y2ggbW9yZSBjYXBhYmxlIHRoYW4gTWVjaGFuaWNpYW5zLg==,,,,,W0Jpb2VuZ2VuaGVpcm8gRWJyaWtdCk5vc3NhLCBib20gdHJhYmFsaG8uIENvbW8gcGVuc2VpLCBvcyBBdmVudHVyZWlyb3Mgc8OjbyBtdWl0byBtYWlzIGNhcGF6ZXMgcXVlIG9zIE1lY8Oibmljb3Mu,,W0Jpb2luZ2VuaWVybyBFYnJpa10KR3VhdSwgbXV5IGJpZW4uIFRhbCBjb21vIHBlbnPDqTogY3VhbHF1aWVyIHRyb3RhbXVuZG9zIGVzIG1lam9yIHF1ZSBsb3MgbWVjw6FuaWNvcy4=
ndNxBw,,W0Jpb2VuZ2luZWVyIEVicmlrXQpTaW5jZSB0aGUgZ3JhcGVzIGFyZSBoYXJ2ZXN0ZWQgc2hvdWxkIHdlIGRlbGl2ZXIgdGhlbSB0byBlYWNoIHRlYW0/,,,,,W0Jpb2VuZ2VuaGVpcm8gRWJyaWtdCkrDoSBxdWUgYXMgdXZhcyBmb3JhbSBjb2xoaWRhcyBuw6NvIGRldmVyw61hbW9zIGVudHJlZ8OhLWxhcyBwYXJhIGNhZGEgZXF1aXBlPw==,,W0Jpb2luZ2VuaWVybyBFYnJpa10KVGVybWluYWRhIGxhIGNvc2VjaGEsIMK/bGFzIGVudHJlZ2Ftb3MgYSBjYWRhIGVxdWlwbz8=
ntNxBw,,W0Jpb2VuZ2luZWVyIEVicmlrXQpJIHdpbGwgYmUgcnVkZSBhbmQgYXNrIHlvdSBhbm90aGVyIGZhdm9yIG9uIHRvcCBvZiB5b3VyIGhhcmQgd29yay4=,,,,,W0Jpb2VuZ2VuaGVpcm8gRWJyaWtdCkV1IG7Do28gcXVlcmlhIHNlciBydWRlIGUgcGVkaXIgb3V0cm8gZmF2b3IgcXVhbmRvIHZvY8OqIGrDoSBlc3TDoSB0cmFiYWxoYW5kbyB0YW50by4=,,W0Jpb2luZ2VuaWVybyBFYnJpa10KU8OpIHF1ZSB5YSB0cmFiYWphc3RlIG11Y2hvLCBwZXJvIHNlcsOpIGltcGVydGluZW50ZSB5IHRlIHBlZGlyw6kgb3RybyBmYXZvci4=
n9NxBw,,W0Jpb2VuZ2luZWVyIEVicmlrXQpMZXQncyBzZWUuLiB0aGUgZ3JhcGVzIHlvdSBqdXN0IGhhcnZlc3RlZA==,,,,,W0Jpb2VuZ2VuaGVpcm8gRWJyaWtdClZhbW9zIHZlci4uLiBhcyB1dmFzIHF1ZSB2b2PDqiBjb2xoZXU=,,W0Jpb2luZ2VuaWVybyBFYnJpa10KQSB2ZXLigKYgbGFzIHV2YXMgcXVlIGFjYWJhcyBkZSBjb3NlY2hhci4=
oNNxBw,,W0Jpb2VuZ2luZWVyIEVicmlrXQpBaC4uIEkgZG9uJ3QgcmVhbGx5IHdhbnQgdG8gZ2l2ZSBpdCBidXQgdGhpcyBzaG91bGQgYmUgZGVsaXZlcmVkIHRvIHRoZSBNZWNoYW5pY2lhbiB0ZWFtLiBQbGVhc2UgZGVsaXZlciB0aGlzIHRvIEFsLg==,,,,,W0Jpb2VuZ2VuaGVpcm8gRWJyaWtdCkFoLi4uIEV1IHJlYWxtZW50ZSBuw6NvIHF1ZXJvLCBtYXMgaXNzbyBkZXZlIHNlciBlbnRyZWd1ZSBwYXJhIGEgZXF1aXBlIGRvcyBNZWPDom5pY29zLiBQb3IgZmF2b3IsIGVudHJlZ3VlIGlzc28gcGFyYSBvIEFsLg==,,W0Jpb2luZ2VuaWVybyBFYnJpa10KQWjigKYgTGEgdmVyZGFkLCBubyB0ZW5nbyBuYWRhIGRlIGdhbmFzLCBwZXJvIGhheSBxdWUgZW50cmVnYXIgZXN0YXMgdXZhcyBhIGxvcyBtZWPDoW5pY29zLiBUZSBwaWRvIHF1ZSBlbnRyZWd1ZXMgZXN0YXMgYSBBbC4=
odNxBw,,W0Jpb2VuZ2luZWVyIEVicmlrXQpUaGlzIG5lZWRzIHRvIGJlIGRlbGl2ZXJlZCB0byB0aGUgZmFjaWxpdGllcyBtYW5hZ2VtZW50IHRlYW0uIFRoZXkgaGVscGVkIHVzIGEgbG90IHdoZW4gd2UgbmVlZGVkIG1haW50ZW5hbmNlLiBQbGVhc2UgZGVsaXZlciB0aGlzIHRvIFJlbW9kZWxpbmcu,,,,,W0Jpb2VuZ2VuaGVpcm8gRWJyaWtdCklzdG8gcHJlY2lzYSBzZXIgZW50cmVndWUgw6AgZXF1aXBlIGRlIGdlcmVudGVzIGRlIGluc3RhbGHDp8O1ZXMuIEVsZXMgbm9zIGFqdWRhcmFtIG11aXRvIHF1YW5kbyBwcmVjaXNhbW9zIGRlIG1hbnV0ZW7Dp8Ojby4gUG9yIGZhdm9yLCBlbnRyZWd1ZSBpc3NvIHBhcmEgbyBHZXJlbnRlIGRlIEluc3RhbGHDp8O1ZXMu,,W0Jpb2luZ2VuaWVybyBFYnJpa10KRXN0YXMgc2UgZGViZW4gZW50cmVnYXIgYWwgZXF1aXBvIGRlIGFkbWluaXN0cmFjacOzbiBkZSBpbnN0YWxhY2lvbmVzLiBOb3MgYXl1ZGFyb24gbXVjaG8gY3VhbmRvIG5lY2VzaXRhbW9zIG1hbnRlbmltaWVudG8uIFRlIHBpZG8gcXVlIGVudHJlZ3VlcyBlc3RhcyBhIFJlbW9kZWxhY2nDs24u
otNxBw,,W0Jpb2VuZ2luZWVyIEVicmlrXQpUaGlzIHNob3VsZCBiZSBkZWxpdmVyZWQgdG8gdGhlIENoZW1pY2FsIFN1YnN0YW5jZSB0ZWFtLiBZb3UgY2FuIGRlbGl2ZXIgdGhpcyB0byBLYXJzdGVuLg==,,,,,W0Jpb2VuZ2VuaGVpcm8gRWJyaWtdCklzdG8gZGV2ZSBzZXIgZW50cmVndWUgcGFyYSBhIGVxdWlwZSBkZSBTdWJzdMOibmNpYXMgUXXDrW1pY2FzLiBQb2RlIGVudHJlZ2FyIGlzc28gcGFyYSBvIEthcnN0ZW4u,,W0Jpb2luZ2VuaWVybyBFYnJpa10KRXN0YXMgc2UgZGViZW4gZW50cmVnYXIgYWwgZXF1aXBvIGRlIHN1c3RhbmNpYXMgcXXDrW1pY2FzLiBFbnRyZWdhIGVzdGFzIGEgS2Fyc3Rlbi4=
o9NxBw,,W0Jpb2VuZ2luZWVyIEVicmlrXQpPaCEgWW91IGRvIG5vdCBoYXZlIHRvIGNvbWUgYmFjayBhZnRlciB0aGUgZGVsaXZlcmllcy4gV2Ugd2lsbCBiZSBidXN5IHN0YXJ0aW5nIHRoZSBuZXh0IHByb2plY3Qu,,,,,W0Jpb2VuZ2VuaGVpcm8gRWJyaWtdCkFoISBWb2PDqiBuw6NvIHByZWNpc2Egdm9sdGFyIGRlcG9pcyBkYXMgZW50cmVnYXMuIEVzdGFyZW1vcyBvY3VwYWRvcyBjb21lw6dhbmRvIG8gbm92byBwcm9qZXRvLg==,,W0Jpb2luZ2VuaWVybyBFYnJpa10KwqFBaCEgTm8gaGFjZSBmYWx0YSBxdWUgdnVlbHZhcyBkZXNwdcOpcyBkZSBlbnRyZWdhcmxhcy4gRXN0YXJlbW9zIG9jdXBhZG9zIGVuIGVsIHByw7N4aW1vIHByb3llY3RvLg==
pNNxBw,,W0Jpb2VuZ2luZWVyIEVicmlrXQpUaGUgcGVvcGxlIHJlY2VpdmluZyB0aGUgZGVsaXZlcmllcyB3aWxsIHByb2JhYmx5IGdpdmUgeW91IGNvbXBlbnNhdGlvbi4gSWYgdGhleSBkb24ndCwgeW91IGNhbiBuYWcgdGhlbS4=,,,,,W0Jpb2VuZ2VuaGVpcm8gRWJyaWtdCkFzIHBlc3NvYXMgcXVlIHJlY2ViZXLDo28gYXMgZW50cmVnYXMgcHJvdmF2ZWxtZW50ZSB0ZSBkYXLDo28gdW1hIHJlY29tcGVuc2EuIFNlIG7Do28gZGVyZW0sIHBvZGUgcmVjbGFtYXIu,,W0Jpb2luZ2VuaWVybyBFYnJpa10KRXMgcHJvYmFibGUgcXVlIHF1aWVuZXMgcmVjaWJhbiBsYXMgZW50cmVnYXMgdGUgZGVuIHVuYSBjb21wZW5zYWNpw7NuLiBTaSBubyBsbyBoYWNlbiwgaW5zw61zdGVsZXMu
pdNxBw,,W0Jpb2VuZ2luZWVyIEVicmlrXQpUaGF0IGdyYXBlIGJveCB5b3UgYXJlIGhvbGRpbmc=,,,,,W0Jpb2VuZ2VuaGVpcm8gRWJyaWtdCkEgY2FpeGEgZGUgdXZhIHF1ZSB2b2PDqiBlc3TDoSBzZWd1cmFuZG8=,,W0Jpb2luZ2VuaWVybyBFYnJpa10KRXNhIGNhamEgZGUgdXZhcyBxdWUgdGllbmVz
ptNxBw,,W0Jpb2VuZ2luZWVyIEVicmlrXQpIYXMgdG8gYmUgZGVsaXZlcmVkIHRvIEFsIG9mIHRoZSBNZWNoYW5pY2lhbiB0ZWFtLg==,,,,,W0Jpb2VuZ2VuaGVpcm8gRWJyaWtdCkRldmUgc2VyIGVudHJlZ3VlIHBhcmEgbyBBbCwgZGEgZXF1aXBlIGRlIE1lY8Oibmljb3Mu,,W0Jpb2luZ2VuaWVybyBFYnJpa10Kc2UgZGViZSBlbnRyZWdhciBhIEFsLCBkZWwgZXF1aXBvIGRlIG1lY8Ohbmljb3Mu
p9NxBw,,W0Jpb2VuZ2luZWVyIEVicmlrXQpIYXMgdG8gYmUgZGVsaXZlcmVkIHRvIFJlbW9kZWxpbmcgb2YgdGhlIGZhY2lsaXRpZXMgbWFuYWdlbWVudCB0ZWFtLg==,,,,,W0Jpb2VuZ2VuaGVpcm8gRWJyaWtdCkRldmUgc2VyIGVudHJlZ3VlIHBhcmEgbyBSZW1vZGVsaW5nLCBkYSBlcXVpcGUgZGUgZ2VyZW50ZXMgZGUgaW5zdGFsYcOnw7Vlcy4=,,W0Jpb2luZ2VuaWVybyBFYnJpa10Kc2UgZGViZSBlbnRyZWdhciBhIFJlbW9kZWxhY2nDs24sIGRlbCBlcXVpcG8gZGUgYWRtaW5pc3RyYWNpw7NuIGRlIGluc3RhbGFjaW9uZXMu
qNNxBw,,W0Jpb2VuZ2luZWVyIEVicmlrXQpIYXMgdG8gYmUgZGVsaXZlcmVkIHRvIEthcnN0ZW4gb2YgdGhlIENoZW1pY2FsIHN1YnN0YW5jZSB0ZWFtLg==,,,,,W0Jpb2VuZ2VuaGVpcm8gRWJyaWtdCkRldmUgc2VyIGVudHJlZ3VlIHBhcmEgbyBLYXJzdGVuLCBkYSBlcXVpcGUgZGUgU3Vic3TDom5jaWFzIFF1w61taWNhcy4=,,W0Jpb2luZ2VuaWVybyBFYnJpa10Kc2UgZGViZSBlbnRyZWdhciBhIEthcnN0ZW4sIGRlbCBlcXVpcG8gZGUgc3VzdGFuY2lhcyBxdcOtbWljYXMu
qdNxBw,,W0Jpb2VuZ2luZWVyIEVicmlrXQpDb21wZW5zYXRpb24gd2lsbCBiZSBwYWlkIGJ5IHRoZSBwZW9wbGUgcmVjZWl2aW5nIHRoZSBkZWxpdmVyaWVzIHNvIHlvdSBkbyBub3QgaGF2ZSB0byBjb21lIGJhY2sgaGVyZS4=,,,,,W0Jpb2VuZ2VuaGVpcm8gRWJyaWtdCkEgcmVjb21wZW5zYSBzZXLDoSBkYWRhIHBlbGFzIHBlc3NvYXMgcXVlIHJlY2ViZXJlbSBhcyBlbnRyZWdhcywgZW50w6NvIG7Do28gcHJlY2lzYSB2b2x0YXIgYXF1aS4=,,W0Jpb2luZ2VuaWVybyBFYnJpa10KUXVpZW5lcyByZWNpYmFuIGxhcyBlbnRyZWdhcyB0ZSBkYXLDoW4gdW5hIGNvbXBlbnNhY2nDs24sIGFzw60gcXVlIG5vIGhhY2UgZmFsdGEgcXVlIHZ1ZWx2YXMgYXF1w60u
qtNxBw,,W0Jpb2VuZ2luZWVyIEVicmlrXQpJIHRob3VnaHQgSSB0b2xkIHlvdSBkb24ndCBoYXZlIHRvIGNvbWUgYmFjay4gQW55d2F5IGhvdyBkaWQgeW91IGdldCBpbnNpZGU/,,,,,W0Jpb2VuZ2VuaGVpcm8gRWJyaWtdClBlbnNlaSB0ZXIgZGl0byBxdWUgdm9jw6ogbsOjbyBwcmVjaXNhdmEgdm9sdGFyLiBFbmZpbSwgY29tbyBjb25zZWd1aXUgZW50cmFyPw==,,W0Jpb2luZ2VuaWVybyBFYnJpa10Kwr9ObyB0ZSBkaWplIHF1ZSBubyB2b2x2aWVyYXM/IFF1w6kgbcOhcyBkYS4gwr9Dw7NtbyBlbnRyYXN0ZT8=
q9NxBw,,TnVyc2UgTGFwcGxhZA==,,,,,RW5mZXJtZWlyYQ==,,TnVyc2UgTGFwcGxhZA==
rNNxBw,,Q29udnVsc2luZyBQYXRpZW50,,,,,UGFjaWVudGUgQ29udnVsc2lvbmFuZG8=,,Q29udnVsc2luZyBQYXRpZW50
rdNxBw,,V29vdXV1fg==,,,,,V29vdXV1fg==,,VW9vdXV1fi4=
rtNxBw,,V29vYWF+,,,,,V29vYWF+,,VW9vb34u
r9NxBw,,SC11ZmYtaC11ZmZ+,,,,,SC11ZmYtaC11ZmZ+,,SC11ZmYtaC11ZmZ+Lg==
sNNxBw,,SGEtYWstaGEtYWt+,,,,,SGEtYWstaGEtYWt+,,SC11ZmYtaC11ZmZ+Lg==
sdNxBw,,VWgtIFVnaH4=,,,,,VWgtIFVnaH4=,,SC11ZmYtaC11ZmZ+Lg==
stNxBw,,RWh+,,,,,RWh+,,RWh+Lg==
s9NxBw,,S3VyLi51cmsuLmtla2VrLi4=,,,,,S3VyLi51cmsuLmtla2VrLi4=,,S3Vy4oCmdXJr4oCma2VrZWvigKY=
tNNxBw,,W051cnNlIExhcHBsYWRdCllvdSB3YW50IHRvIGhvdyBtYW55IGFyZSBpbiB0aGUgbWVkaWNhbCB0ZWFtPw==,,,,,W0VuZmVybWVpcmEgTGFwcGxhZF0KVm9jw6ogcXVlciBzYWJlciBxdWFudGFzIHBlc3NvYXMgdGVtIG5hIGVxdWlwZSBtw6lkaWNhPw==,,W0VuZmVybWVyYSBMYXBwbGFkXQrCv1F1aWVyZXMgc2FiZXIgY3XDoW50YSBnZW50ZSBoYXkgZW4gZWwgZXF1aXBvIG3DqWRpY28/
tdNxBw,,W051cnNlIExhcHBsYWRdCkkgd29uJ3QgdGVsbCB5b3UuIEhvdyBkaWQgeW91IGdldCBpbiBoZXJlIGFueXdheT8=,,,,,W0VuZmVybWVpcmEgTGFwcGxhZF0KRXUgbsOjbyB2b3UgdGUgZGl6ZXIuIEUgY29tbyDDqSBxdWUgdm9jw6ogZW50cm91IGFxdWk/,,W0VuZmVybWVyYSBMYXBwbGFkXQpObyB0ZSBsbyBkaXLDqS4gRW4gZmluLCDCv2PDs21vIGVudHJhc3RlIGFxdcOtPw==
ttNxBw,,W051cnNlIExhcHBsYWRdCk11c2NsZSBwYWluIGZyb20gbGlmdGluZyBoZWF2eSB0aGluZ3M/IEkgd2lsbCBsaWNrIHlvdXIgd291bGRzIGZvciB5b3UuIENvbWUgaGVyZS4=,,,,,W0VuZmVybWVpcmEgTGFwcGxhZF0KRG9yIG11c2N1bGFyIHBvciBsZXZhbnRhciBjb2lzYXMgcGVzYWRhcz8gRXUgdm91IGN1aWRhciBkaXNzbyBwcmEgdm9jw6ouIFZlbmhhIGFxdWku,,W0VuZmVybWVyYSBMYXBwbGFkXQrCv1RlIGR1ZWxlbiBsb3MgbcO6c2N1bG9zIHBvciBsZXZhbnRhciBvYmpldG9zIHBlc2Fkb3M/IETDqWphbWUgYXl1ZGFydGUgY29uIGVzby4gVmVuIGFxdcOtLg==
t9NxBw,,W051cnNlIExhcHBsYWRdCkhvdyBkaWQgeW91IGdldCBpbiBoZXJlIGFueXdheT8=,,,,,W0VuZmVybWVpcmEgTGFwcGxhZF0KRSBjb21vIMOpIHF1ZSB2b2PDqiBlbnRyb3UgYXF1aT8=,,W0VuZmVybWVyYSBMYXBwbGFkXQpFbiBmaW4sIMK/Y8OzbW8gZW50cmFzdGUgYXF1w60/
uNNxBw,,W051cnNlIExhcHBsYWRdCkRpZCB5b3UgdHJ5IHRoZSBncmFwZXMgaGFydmVzdGVkIGJ5IHRoZSBCaW9lbmdpbmVlcnM/IEFyZW4ndCB0aGV5IGdvb2Q/,,,,,W0VuZmVybWVpcmEgTGFwcGxhZF0KVm9jw6ogasOhIHByb3ZvdSBhcyB1dmFzIGNvbGhpZGFzIHBlbG9zIEJpb2VuZ2VuaGVpcm9zPyBFbGFzIG7Do28gc8OjbyBib2FzPw==,,W0VuZmVybWVyYSBMYXBwbGFkXQrCv1Byb2Jhc3RlIGxhcyB1dmFzIGNvc2VjaGFkYXMgcG9yIGxvcyBiaW9pbmdlbmllcm9zPyBFc3TDoW4gc2Ficm9zYXMsIMK/dmVyZGFkPw==
udNxBw,,W051cnNlIExhcHBsYWRdCkhvdyBkaWQgeW91IGdldCBpbiBoZXJlIHRob3VnaD8=,,,,,W0VuZmVybWVpcmEgTGFwcGxhZF0KQ29tbyDDqSBxdWUgdm9jw6ogZW50cm91IGFxdWk/,,W0VuZmVybWVyYSBMYXBwbGFkXQpQZXJvIMK/Y8OzbW8gZW50cmFzdGUgYXF1w60/
utNxBw,,W051cnNlIExhcHBsYWRdClNvcnJ5LiBEaWQgeW91IHdhaXQgbG9uZz8gVGhlcmUgYXJlIGEgbG90IG9mIHN1c3BlY3RlZCBpbmZlY3Rpb24gcGF0aWVudHMgYXMgeW91IGNhbiBzZWUuLg==,,,,,W0VuZmVybWVpcmEgTGFwcGxhZF0KRGVzY3VscGUuIFZvY8OqIGVzcGVyb3UgbXVpdG8/IENvbW8gcG9kZSB2ZXIsIHRlbW9zIG11aXRvcyBwYWNpZW50ZXMgY29tIHN1c3BlaXRhIGRlIGluZmVjw6fDo28u,,W0VuZmVybWVyYSBMYXBwbGFkXQpMbyBzaWVudG8uIMK/RXNwZXJhc3RlIG11Y2hvPyBDb21vIHZlcsOhcywgaGF5IG11Y2hvcyBwYWNpZW50ZXMgcXVlIHBhcmVjZW4gdGVuZXIgdW5hIGluZmVjY2nDs27igKY=
u9NxBw,,Tm90IHJlYWxseS4u,,,,,TmEgdmVyZGFkZSwgbsOjby4uLg==,,TGEgdmVyZGFkLCBub+KApg==
vNNxBw,,W051cnNlIExhcHBsYWRdCkVoPyEgWW91IGRpZG4ndCB3YWl0PyBUaGF0J3Mgc3RyYW5nZT8gRGlkIHlvdSBjdXQgaW4gbGluZT8gQ3V0dGluZyBpcyBiYWQu,,,,,W0VuZmVybWVpcmEgTGFwcGxhZF0KRWg/ISBWb2PDqiBuw6NvIGVzcGVyb3U/IElzc28gw6kgZXN0cmFuaG8/IFZvY8OqIGZ1cm91IGEgZmlsYT8gRnVyYXIgYSBmaWxhIMOpIHJ1aW0u,,W0VuZmVybWVyYSBMYXBwbGFkXQrCocK/RWg/ISDCv05vIGVzcGVyYXN0ZT8gUXXDqSBleHRyYcOxby4gwr9BY2FzbyB0ZSBjb2xhc3RlPyBObyBlc3TDoSBiaWVuIGhhY2VyIGVzby4=
vdNxBw,,W051cnNlIExhcHBsYWRdCkFzIHlvdSBrbm93IHRoZXJlIGFyZSBpbmZlY3RlZXMgd2hvIGFyZSBzdWRkZW5seSBzaG93aW5nIHN0cmFuZ2UgcGhlbm9tZW5hLi4=,,,,,W0VuZmVybWVpcmEgTGFwcGxhZF0KQ29tbyB2b2PDqiBzYWJlLCB0ZW1vcyBwZXNzb2FzIGluZmVjdGFkYXMgcXVlIGVzdMOjbyBhcHJlc2VudGFuZG8gc2ludG9tYXMgZXN0cmFuaG9zIGRlIHJlcGVudGUuLi4=,,W0VuZmVybWVyYSBMYXBwbGFkXQpDb21vIHNhYmVzLCBoYXkgaW5mZWN0YWRvcyBjb24gc8OtbnRvbWFzIGV4dHJhw7FvcyByZXBlbnRpbm9z4oCm
vtNxBw,,W051cnNlIExhcHBsYWRdClVtLi4u,,,,,W0VuZmVybWVpcmEgTGFwcGxhZF0KVW0uLi4=,,W0VuZmVybWVyYSBMYXBwbGFkXQpFbeKApg==
v9NxBw,,W051cnNlIExhcHBsYWRdCi4uLkFoLi4u,,,,,W0VuZmVybWVpcmEgTGFwcGxhZF0KLi4uIEFoLi4u,,W0VuZmVybWVyYSBMYXBwbGFkXQpBaOKApg==
wNNxBw,,W051cnNlIExhcHBsYWRdCi4uLk9oISE=,,,,,W0VuZmVybWVpcmEgTGFwcGxhZF0KLi4uT2ghIQ==,,W0VuZmVybWVyYSBMYXBwbGFkXQrCocKhVXkhIQ==
wdNxBw,,W051cnNlIExhcHBsYWRdCkkgZG9uJ3Qgc2VlIGFueSBwcm9ibGVtYXRpYyBzeW1wdG9tcy4gRm9ydHVuYXRlLg==,,,,,W0VuZmVybWVpcmEgTGFwcGxhZF0KTsOjbyB2ZWpvIG5lbmh1bSBzaW50b21hIHByb2JsZW3DoXRpY28uIEZlbGl6bWVudGUu,,W0VuZmVybWVyYSBMYXBwbGFkXQpObyBub3RvIHPDrW50b21hcyBncmF2ZXMuIFF1w6kgc3VlcnRlIHRpZW5lcy4=
wtNxBw,,W051cnNlIExhcHBsYWRdCldlIGFyZSBoYXZpbmcgdHJvdWJsZSBiZWNhdXNlIG9mIHRoZSBzdWRkZW5seSBjb252dWxzaW5nIHBhdGllbnRzLg==,,,,,W0VuZmVybWVpcmEgTGFwcGxhZF0KRXN0YW1vcyB0ZW5kbyBwcm9ibGVtYXMgcG9yIGNhdXNhIGRvcyBwYWNpZW50ZXMgY29udnVsc2lvbmFuZG8gZGUgcmVwZW50ZS4=,,W0VuZmVybWVyYSBMYXBwbGFkXQpMYSBzaXR1YWNpw7NuIGVzIGNvbXBsaWNhZGE6IHRlbmVtb3MgcGFjaWVudGVzIGNvbiBjb252dWxzaW9uZXMgcmVwZW50aW5hcy4=
w9NxBw,,W051cnNlIExhcHBsYWRdCkxvb2sgaGVyZS4gTXkgc2tpbiBpcyBnZXR0aW5nIGNyaXNweSBmcm9tIG5vdCBiZWluZyBhYmxlIHRvIHNsZWVwIGZvciBkYXlzfg==,,,,,W0VuZmVybWVpcmEgTGFwcGxhZF0KT2xoYSBpc3NvLiBNaW5oYSBwZWxlIGVzdMOhIGZpY2FuZG8gdG9kYSBlbnJ1Z2FkYSBkZSBuw6NvIGRvcm1pciBow6EgZGlhcyE=,,W0VuZmVybWVyYSBMYXBwbGFkXQpNaXJhLiBUZW5nbyBsYSBwaWVsIHJlc2VjYSBwb3JxdWUgaGFjZSBkw61hcyBxdWUgbm8gZHVlcm1vfi4=
xNNxBw,,VGh1ZHVuayEhIEJhYmFuZyEhIENyYXNoISE=,,,,,VHUtZHVtcCEhIEJhYmFuZyEhIENsYW5nISE=,,wqHCoUN1dHJ1bmMhISDCoUJhLWJhbmchIMKhwqFDcmFzaCEh
xdNxBw,,W051cnNlIExhcHBsYWRdClllcy4uIEp1c3QgbGlrZSB0aGF0,,,,,W0VuZmVybWVpcmEgTGFwcGxhZF0KU2ltLi4uIERlc3NlIGplaXRv,,W0VuZmVybWVyYSBMYXBwbGFkXQpTw63igKYgQXPDrSwgZGUgbGEgbmFkYS4=
xtNxBw,,W051cnNlIExhcHBsYWRdCi4gLg==,,,,,W0VuZmVybWVpcmEgTGFwcGxhZF0KLi4uLi4u,,W0VuZmVybWVyYSBMYXBwbGFkXQrigKY=
x9NxBw,,W051cnNlIExhcHBsYWRdCkFyZ2ghISBBbm90aGVyIGNvbnZ1bHNpbmcgcGF0aWVudC4=,,,,,W0VuZmVybWVpcmEgTGFwcGxhZF0KQXJnaCEhIE91dHJvIHBhY2llbnRlIGNvbnZ1bHNpb25hbmRvLg==,,W0VuZmVybWVyYSBMYXBwbGFkXQrCocKhQXJnaCEhIE90cm8gcGFjaWVudGUgY29uIGNvbnZ1bHNpb25lcy4=
yNNxBw,,W051cnNlIExhcHBsYWRdCkhleS4gQXJlbid0IHlvdSBhbiBhZHZlbnR1cmVyPyBZb3UgbXVzdCBiZSByZWFsbHkgc3Ryb25nLg==,,,,,W0VuZmVybWVpcmEgTGFwcGxhZF0KRWkuIFZvY8OqIG7Do28gw6kgdW0gYXZlbnR1cmVpcm8/IFZvY8OqIGRldmUgc2VyIG11aXRvIGZvcnRlLg==,,W0VuZmVybWVyYSBMYXBwbGFkXQpPeWUuIMK/RXJlcyB0cm90YW11bmRvcz8gRGViZXMgc2VyIG11eSBmdWVydGUu
ydNxBw,,W051cnNlIExhcHBsYWRdCkNhbiB5b3Ugc3VwcHJlc3MgdGhhdCBjb252dWxzaW5nIHBhdGllbnQ/IEkgYW0gY291bnRpbmcgb24geW91Lg==,,,,,W0VuZmVybWVpcmEgTGFwcGxhZF0KUG9kZSBjb250ZXIgb3MgcGFjaWVudGVzIGVtIGNvbnZ1bHPDo28/IEVzdG91IGNvbnRhbmRvIGNvbSB2b2PDqi4=,,W0VuZmVybWVyYSBMYXBwbGFkXQrCv1B1ZWRlcyBjb250cm9sYXIgYSBlc2EgcGVyc29uYSBjb24gY29udnVsc2lvbmVzPyBDdWVudG8gY29uIHR1IGF5dWRhLg==
ytNxBw,,W051cnNlIExhcHBsYWRdCllvdSBkaWRuJ3QgZ2V0IGJpdCBvciBzY3JhdGNoZWQgYnkgdGhlIGNvbnZ1bHNpbmcgcGF0aWVudCwgZGlkIHlvdT8=,,,,,W0VuZmVybWVpcmEgTGFwcGxhZF0KVm9jw6ogbsOjbyBmb2kgbW9yZGlkbyBvdSBhcnJhbmhhZG8gcG9yIHVtIHBhY2llbnRlIGVtIGNvbnZ1bHPDo28sIG7DqT8=,,W0VuZmVybWVyYSBMYXBwbGFkXQpFc2EgcGVyc29uYSBubyB0ZSBtb3JkacOzIG5pIHRlIHJhc2d1w7HDsywgwr9jaWVydG8/
y9NxBw,,V2h5Pw==,,,,,UG9yIHF1w6o/,,wr9Qb3IgcXXDqT8=
zNNxBw,,W051cnNlIExhcHBsYWRdCkhtbX4gSSBkb24ndCBzZWUgYW55IHBhcnRpY3VsYXIgd291bmRzLg==,,,,,W0VuZmVybWVpcmEgTGFwcGxhZF0KSHVtbS4uLiBOw6NvIHZlam8gbmVuaHVtYSBmZXJpZGEu,,W0VuZmVybWVyYSBMYXBwbGFkXQpNbW1+LiBObyBub3RvIG5pbmd1bmEgaGVyaWRhIGVuIHBhcnRpY3VsYXIu
zdNxBw,,W051cnNlIExhcHBsYWRdClNpbmNlIEkgY2FuJ3QgZmlndXJlIG91dCB0aGUgaW5mZWN0aW9uIHJvdXRlLi4u,,,,,W0VuZmVybWVpcmEgTGFwcGxhZF0KSsOhIHF1ZSBldSBuw6NvIGNvbnNpZ28gZGVzY29icmlyIGNvbW8gYSBpbmZlY8Onw6NvIHNlIGVzcGFsaGEuLi4=,,W0VuZmVybWVyYSBMYXBwbGFkXQpFcyBxdWUgYcO6biBubyBkZXNjdWJyaW1vcyBsYSB2w61hIGRlIGluZmVjY2nDs27igKY=
ztNxBw,,W051cnNlIExhcHBsYWRdCldlIGhhdmUgdG8gcHJlcGFyZSBmb3IgYSBwb3NzaWJsZSBkaXNhc3Rlci4uLg==,,,,,W0VuZmVybWVpcmEgTGFwcGxhZF0KVGVtb3MgcXVlIG5vcyBwcmVwYXJhciBwYXJhIHVtIHBvc3PDrXZlbCBkZXNhc3RyZS4uLg==,,W0VuZmVybWVyYSBMYXBwbGFkXQpEZWJlbW9zIHByZXBhcmFybm9zIHBhcmEgdW5hIHBvdGVuY2lhbCBjYXTDoXN0cm9mZeKApg==
z9NxBw,,W051cnNlIExhcHBsYWRdCkFueXdheSwgQWR2ZW50dXJlcn4gQXNzdXJpbmcgYW5kIHRoZSBiZXN0IQ==,,,,,W0VuZmVybWVpcmEgTGFwcGxhZF0KTWFzIGVuZmltLCBBdmVudHVyZWlyb34/IFByZXZlbmlyIMOpIG1lbGhvciBkbyBxdWUgcmVtZWRpYXIh,,W0VuZmVybWVyYSBMYXBwbGFkXQpFbiBmaW4sIHRyb3RhbXVuZG9zfi4gwqFCaWVuLCBkaXN0ZSBsbyBtZWpvciE=
0NNxBw,,W051cnNlIExhcHBsYWRdCkkgaGF2ZW4ndCBiZWVuIHRoYXQgYmV3aWxkZXJlZCBieSBzaW11bHRhbmVvdXNseSBjb252dWxzaW5nIHBhdGllbnRzIGJlZm9yZS4u,,,,,W0VuZmVybWVpcmEgTGFwcGxhZF0KRXUgbnVuY2EgZXN0aXZlIHTDo28gYXR1cmRpZGEgY29tIHRhbnRvcyBwYWNpZW50ZXMgY29udnVsc2lvbmFuZG8gc2ltdWx0YW5lYW1lbnRlIGFudGVzLi4u,,W0VuZmVybWVyYSBMYXBwbGFkXQpNZSBzb3JwcmVuZGU6IGphbcOhcyB2aSBhIHRhbnRvcyBwYWNpZW50ZXMgY29uIGNvbnZ1bHNpb25lcyBhIGxhIHZleuKApg==
0dNxBw,,W051cnNlIExhcHBsYWRdCkx1Y2t5IHlvdSB3ZXJlIGhlcmUgdG8gc3VwcHJlc3MgaXQgd2l0aCBlYXNlLg==,,,,,W0VuZmVybWVpcmEgTGFwcGxhZF0KUXVlIGJvbSBxdWUgZXN0YXZhIGFxdWkgcGFyYSBtZSBhanVkYXIgYSBjb250w6otbG9zLg==,,W0VuZmVybWVyYSBMYXBwbGFkXQpNZW5vcyBtYWwgcXVlIGVzdGFiYXMgYXF1w60geSBwdWRpc3RlIG1hbmVqYXIgbGEgc2l0dWFjacOzbi4=
0tNxBw,,W051cnNlIExhcHBsYWRdCkkgYW0gc29ycnkgYnV0IGNhbiB5b3UgcmVwb3J0IHRoaXMgdG8gRnJlc2Egb24geW91ciB3YXk/IFlvdSBrbm93IHdobyBGcmVzYSBpcz8=,,,,,W0VuZmVybWVpcmEgTGFwcGxhZF0KRXUgc2ludG8gbXVpdG8sIG1hcyBwb2RlIHJlbGF0YXIgaXN0byBwYXJhIGEgRnJlc2EgcXVhbmRvIHZvbHRhcj8gVm9jw6ogc2FiZSBxdWVtIMOpIGEgRnJlc2E/,,W0VuZmVybWVyYSBMYXBwbGFkXQpMbyBzaWVudG8sIHBlcm8gwr9wb2Ryw61hcyBpbmZvcm1hcmxlIGVzdG8gYSBGcmVzYSBkZSBjYW1pbm8/IMK/U2FiZXMgcXVpw6luIGVzIEZyZXNhPw==
09NxBw,,W051cnNlIExhcHBsYWRdCkl0IGlzIGEgc2l0dWF0aW9uIHNvIEkgYW0gYXNraW5nIHlvdSBhIGZhdm9yLg==,,,,,W0VuZmVybWVpcmEgTGFwcGxhZF0KIMOJIHVtYSBlbWVyZ8OqbmNpYSwgZW50w6NvIGVzdG91IHRlIHBlZGluZG8gdW0gZmF2b3Iu,,W0VuZmVybWVyYSBMYXBwbGFkXQpFcyB1bmEgc2l0dWFjacOzbiBncmF2ZTsgdGUgbG8gcGlkbyBjb21vIGZhdm9yLg==
1NNxBw,,W051cnNlIExhcHBsYWRdCkVlfn4gZWV+IGVrfn5+fn5+fn5+ISE=,,,,,W0VuZmVybWVpcmEgTGFwcGxhZF0KRWV+fiBlZX4gZWt+fn5+fn5+fn4hIQ==,,W0VuZmVybWVyYSBMYXBwbGFkXQrCocKhQWF+fi4gQWF+LiBBeX5+fn5+fn5+fiEh
1dNxBw,,W051cnNlIExhcHBsYWRdClRha2UgdGhvc2UgcGF0aWVudHMgZG93biBxdWlja2x5ISBZb3UncmUgYW4gYWR2ZW50dXJlciEh,,,,,W0VuZmVybWVpcmEgTGFwcGxhZF0KU2VndXJlIGFxdWVsZXMgcGFjaWVudGVzLCByw6FwaWRvISBWb2PDqiDDqSB1bSBhdmVudHVyZWlybyEh,,W0VuZmVybWVyYSBMYXBwbGFkXQrCoUNvbnRyb2xlbiBhIGVzb3MgcGFjaWVudGVzIHlhIG1pc21vISDCocKhRXJlcyB0cm90YW11bmRvcyEh
1tNxBw,,W051cnNlIExhcHBsYWRdCkkgYW0gc29ycnkgYnV0IGNhbiB5b3UgcmVwb3J0IHRoaXMgdG8gRnJlc2Egb24geW91ciB3YXk/IFRoaXMgaXMgYSBmYXZvci4=,,,,,W0VuZmVybWVpcmEgTGFwcGxhZF0KRXUgc2ludG8gbXVpdG8sIG1hcyBwb2RlIHJlbGF0YXIgaXN0byBwYXJhIGEgRnJlc2EgcXVhbmRvIHZvbHRhcj8gRXN0b3UgdGUgcGVkaW5kbyB1bSBmYXZvci4=,,W0VuZmVybWVyYSBMYXBwbGFkXQpMbyBzaWVudG8sIHBlcm8gwr9wb2Ryw61hcyBpbmZvcm1hcmxlIGVzdG8gYSBGcmVzYSBkZSBjYW1pbm8/IFRlIHBpZG8gZXNlIGZhdm9yLg==
19NxBw,,W051cnNlIExhcHBsYWRdClN0cmFuZ2U/IEhvdyBkaWQgeW91IGdldCBpbiBoZXJlPyBZb3Ugc2hvdWxkIGJlIHByb2hpYml0ZWQgYWNjZXNzLi4=,,,,,W0VuZmVybWVpcmEgTGFwcGxhZF0KRXN0cmFuaG8/IENvbW8gdm9jw6ogZW50cm91IGFxdWk/IE8gYWNlc3NvIGRldmVyaWEgc2VyIHByb2liaWRvLi4u,,W0VuZmVybWVyYSBMYXBwbGFkXQrCv0V4dHJhw7FvPyDCv0PDs21vIGVudHJhc3RlPyBEZWJlcsOtYXMgdGVuZXIgZWwgYWNjZXNvIHByb2hpYmlkb+KApg==
2NNxBw,,W051cnNlIExhcHBsYWRdClRoZSBtZWRpY2FsIHRlYW0gd2lsbCBsZWF2ZSBoZXJlIHNvb24gYXMgd2VsbC4=,,,,,W0VuZmVybWVpcmEgTGFwcGxhZF0KTG9nbywgYSBlcXVpcGUgbcOpZGljYSB0YW1iw6ltIHZhaSBzYWlyIGRhcXVpLg==,,W0VuZmVybWVyYSBMYXBwbGFkXQpFbCBlcXVpcG8gbcOpZGljbyB0YW1iacOpbiBzZSBpcsOhIHByb250byBkZSBhcXXDrS4=
2dNxBw,,W051cnNlIExhcHBsYWRdCk9oIG15PyEgQSBjdXN0b21lcj8gSG93IGRpZCB5b3UgZ2V0IGluIGhlcmU/,,,,,W0VuZmVybWVpcmEgTGFwcGxhZF0KTWluaGEgbm9zc2E/ISBVbSBjbGllbnRlPyBDb21vIHZvY8OqIGVudHJvdSBhcXVpPw==,,W0VuZmVybWVyYSBMYXBwbGFkXQrCocK/T2ggbWk/ISDCv0NsaWVudGU/IMK/Q8OzbW8gZW50cmFzdGU/
2tNxBw,,UGF0aWVudA==,,,,,UGFjaWVudGU=,,UGF0aWVudA==
29NxBw,,W1BhdGllbnRdCkh1cnRzLi4gSXQgaHVydHMuLg==,,,,,W1BhY2llbnRlXQpEw7NpLi4uIElzc28gZMOzaS4uLg==,,W1BhY2llbnRlXQpBeeKApiBNZSBkdWVsZS4uLg==
3NNxBw,,W1BhdGllbnRdCkknbSBmaW5lLiBUaGV5J3JlIG1ha2luZyBhIGZ1c3MgZm9yIG5vIHJlYXNvbi4=,,,,,W1BhY2llbnRlXQpFc3RvdSBiZW0uIEVsZXMgZXN0w6NvIGV4YWdlcmFuZG8gc2VtIG1vdGl2b3Mu,,W1BhY2llbnRlXQpFc3RveSBiaWVuLiBFc3TDoW4gaGFjaWVuZG8gZXNjw6FuZGFsbyBwb3IgbmFkYS4=
3dNxBw,,W1BhdGllbnRdCkkga2VlcCBmZWVsaW5nIHNsZWVweSBmb3Igc29tZSByZWFzb24uIElzIGl0IGJlY2F1c2UgSSdtIHNpY2s/,,,,,W1BhY2llbnRlXQpQb3IgYWxndW0gbW90aXZvLCBldSBtZSBzaW50byBjb20gbXVpdG8gc29uby4gU2Vyw6EgcXVlIMOpIHBvcnF1ZSBldSBlc3RvdSBkb2VudGU/,,W1BhY2llbnRlXQpObyBzw6kgcG9yIHF1w6ksIHRlbmdvIHN1ZcOxbyB0b2RvIGVsIHRpZW1wby4gwr9TZXLDoSBwb3JxdWUgbWUgZW5mZXJtw6k/
3tNxBw,,W1BhdGllbnRdCk15IGhlYWQgZmVlbHMgYmxhbmsuLiBVaD8gRGlkIHlvdSBzYXkgc29tZXRoaW5nPw==,,,,,W1BhY2llbnRlXQpNaW5oYSBjYWJlw6dhIHBhcmVjZSB2YXppYS4uLiBIw6M/IFZvY8OqIGRpc3NlIGFsZ3VtYSBjb2lzYT8=,,W1BhY2llbnRlXQpUZW5nbyBsYSBtZW50ZSBlbiBibGFuY2/igKYgwr9FaD8gwr9EaWppc3RlIGFsZ28/
39NxBw,,W1BhdGllbnRdClVnaC4uIEZlZWxzIGxpa2UgbXkgd2hvbGUgYm9keSBpcyBjcmFtcGVkLg==,,,,,W1BhY2llbnRlXQpVZ2guLi4gUGFyZWNlIHF1ZSBtZXUgY29ycG8gaW50ZWlybyBlc3TDoSBjb20gY8OiaW1icmFzLg==,,W1BhY2llbnRlXQpVZmbigKYgU2llbnRvIHRvZG8gZWwgY3VlcnBvIGFjYWxhbWJyYWRvLg==
4NNxBw,,W1BhdGllbnRdClVyay4uIEkgZmVlbCBzaWNrIGV2ZW4gdGhvdWdoIEkgZGlkbid0IGRyaW5rLg==,,,,,W1BhY2llbnRlXQpVcmsuLi4gTWUgc2ludG8gbWFsLCBtZXNtbyBzZW0gdGVyIGJlYmlkby4=,,W1BhY2llbnRlXQpVcmrigKYgVGVuZ28gbsOhdXNlYXMsIHBlcm8gbmkgc2lxdWllcmEgZXN0b3kgYmViaWVuZG8u
4dNxBw,,W1BhdGllbnRdCk9oIG5vIGlzIHRoZXJlIGEgdHJhbnNmZWN0YW50IGZvdW5kIGluIG1lLi4=,,,,,W1BhY2llbnRlXQpBaCBuw6NvLCBlbmNvbnRyYXJhbSB1bSBpbmZlY3RhbnRlIGVtIG1pbS4uLg==,,W1BhY2llbnRlXQpBeSwgbm/igKYgwr9UZW5kcsOpIGPDqWx1bGFzIHRyYW5zZmVjdGFkYXM/
4tNxBw,,VHJhbnNwb3J0YXRpb24gRXhlY3V0aXZlIEVybm9u,,,,,RXJub24=,,VHJhbnNwb3J0YXRpb24gRXhlY3V0aXZlIEVybm9u
49NxBw,,W1RyYW5zcG9ydGF0aW9uIEV4ZWN1dGl2ZSBFcm5vbl0KV2UgdXNlZCB0byBkZWxpdmVyIHRoaW5ncyBsaWtlIGRhaWx5IG5lY2Vzc2l0aWVzIG9yIHJlc2VhcmNoIHRvb2xzIGhlcmUgYmVmb3JlIHRoZSBhY2NpZGVudC4=,,,,,W0V4ZWN1dGl2byBkZSBUcmFuc3BvcnRlIEVybm9uXQpOw7NzIGNvc3R1bcOhdmFtb3MgZW50cmVnYXIgY29pc2FzIGNvbW8gbmVjZXNzaWRhZGVzIGRpw6FyaWFzIG91IGZlcnJhbWVudGFzIHBhcmEgcGVzcXVpc2FzIGFudGVzIGRvIGFjaWRlbnRlLg==,,W0Rpci4gZGUgdHJhbnNwLiBFcm5vbl0KQW50ZXMgZGVsIGFjY2lkZW50ZSwgdHJhw61hbW9zIGRlIHRvZG8sIGNvbW8gc3VtaW5pc3Ryb3MgZGUgcHJpbWVyYSBuZWNlc2lkYWQgbyBoZXJyYW1pZW50YXMgZGUgaW52ZXN0aWdhY2nDs24u
5NNxBw,,W1RyYW5zcG9ydGF0aW9uIEV4ZWN1dGl2ZSBFcm5vbl0KV29yayB0aGF0IGludm9sdmVkIGdvaW5nIG91dCB0byBvdGhlciBwbGFjZXMgYSBsb3QgbW9yZSBldmVuIGFzIGEgc3RhZmYgbWVtYmVyIGhlcmUu,,,,,W0V4ZWN1dGl2byBkZSBUcmFuc3BvcnRlIEVybm9uXQpPIHRyYWJhbGhvIGVudm9sdmlhIGlyIHBhcmEgbXVpdG9zIGx1Z2FyZXMsIG1lc21vIHNlbmRvIHVtIG1lbWJybyBkYSBlcXVpcGUgYXF1aS4=,,W0Rpci4gZGUgdHJhbnNwLiBFcm5vbl0KRWwgdHJhYmFqbyBkZSB0b2RvcyBpbXBsaWNhYmEgc2FsaXIgbXVjaG8gbcOhcyBhIG90cm9zIGx1Z2FyZXMu
5dNxBw,,W1RyYW5zcG9ydGF0aW9uIEV4ZWN1dGl2ZSBFcm5vbl0KV2hhdD8hIElzIHNvbWV0aGluZyBnb2luZyBvbj8gVGhlIE1lY2hhbmljaWFucyBhbmQgRmFjaWxpdGllcyBtYW5hZ2VycyBsb29rIGJ1c3ku,,,,,W0V4ZWN1dGl2byBkZSBUcmFuc3BvcnRlIEVybm9uXQpPIHF1w6o/ISBFc3TDoSBhY29udGVjZW5kbyBhbGd1bWEgY29pc2E/IE9zIE1lY8Oibmljb3MgZSBvcyBHZXJlbnRlcyBkZSBpbnN0YWxhw6fDtWVzIHBhcmVjZW0gb2N1cGFkb3Mu,,W0Rpci4gZGUgdHJhbnNwLiBFcm5vbl0KwqHCv1F1w6k/ISDCv0VzdMOhIHBhc2FuZG8gYWxnbz8gTG9zIG1lY8Ohbmljb3MgeSBsb3MgYWRtaW5pc3RyYWRvcmVzIGRlIGluc3RhbGFjaW9uZXMgdGllbmVuIG11Y2hvIHBhcmEgaGFjZXIsIHBhcmVjZS4=
5tNxBw,,W1RyYW5zcG9ydGF0aW9uIEV4ZWN1dGl2ZSBFcm5vbl0KWWFhfiBEaWQgeW91IHRyeSB0aGUgZ3JhcGVzPw==,,,,,W0V4ZWN1dGl2byBkZSBUcmFuc3BvcnRlIEVybm9uXQpZYWEhIFZvY8OqIHByb3ZvdSBhcyB1dmFzPw==,,W0Rpci4gZGUgdHJhbnNwLiBFcm5vbl0KRnVhfi4gwr9Qcm9iYXN0ZSBsYXMgdXZhcz8=
59NxBw,,W1RyYW5zcG9ydGF0aW9uIEV4ZWN1dGl2ZSBFcm5vbl0KSXNuJ3QgaXQgZ3JlYXQgdGhhdCB3ZSBjYW4gZ3JvdyBmcmVzaCBncmFwZXMgaW4gYW4gdW5kZXJncm91bmQgZXZhY3VhdGlvbiBmYWNpbGl0eSBsaWtlIHRoaXM/,,,,,W0V4ZWN1dGl2byBkZSBUcmFuc3BvcnRlIEVybm9uXQpOw6NvIMOpIMOzdGltbyBwb2Rlcm1vcyBjdWx0aXZhciB1dmFzIGZyZXNjYXMgZW0gdW1hIGluc3RhbGHDp8OjbyBkZSBldmFjdWHDp8OjbyBzdWJ0ZXJyw6JuZWEgY29tbyBlc3RhPw==,,W0Rpci4gZGUgdHJhbnNwLiBFcm5vbl0Kwr9ObyBlcyBlc3R1cGVuZG8gcXVlIGN1bHRpdmVtb3MgdXZhcyBmcmVzY2FzIGVuIHVuIHJlZnVnaW8gZGUgZXZhY3VhY2nDs24gY29tbyBlc3RlPw==
6NNxBw,,W1RyYW5zcG9ydGF0aW9uIEV4ZWN1dGl2ZSBFcm5vbl0KU29tZSBwZW9wbGUgYXJlIHN1ZGRlbmx5IGF0dGFja2luZyBvdGhlcnMu,,,,,W0V4ZWN1dGl2byBkZSBUcmFuc3BvcnRlIEVybm9uXQpBbGd1bWFzIHBlc3NvYXMgZXN0w6NvIGF0YWNhbmRvIG91dHJhcyBzdWJpdGFtZW50ZS4=,,W0Rpci4gZGUgdHJhbnNwLiBFcm5vbl0KQWxndW5hcyBwZXJzb25hcyBlc3TDoW4gYXRhY2FuZG8gZGUgbGEgbmFkYSBhIG90cmFzLg==
6dNxBw,,W1RyYW5zcG9ydGF0aW9uIEV4ZWN1dGl2ZSBFcm5vbl0KV2hhdCBpbiB0aGUgaGVsbCBpcyBnb2luZyBvbj8=,,,,,W0V4ZWN1dGl2byBkZSBUcmFuc3BvcnRlIEVybm9uXQpPIHF1ZSBkaWFib3MgZXN0w6EgYWNvbnRlY2VuZG8/,,W0Rpci4gZGUgdHJhbnNwLiBFcm5vbl0Kwr9RdcOpIGN1ZXJub3MgZXN0w6EgcGFzYW5kbz8=
6tNxBw,,W1RyYW5zcG9ydGF0aW9uIEV4ZWN1dGl2ZSBFcm5vbl0KVGhleSB3ZXJlIHRhbGtpbmcgYWJvdXQgaXQgaW4gdGhlIGJyb2FkY2FzdCBzaW5jZSB5ZXN0ZXJkYXkgc28geW91IGtub3cgdGhlIGdpc3Qgb2YgdGhlIHNpdHVhdGlvbiwgcmlnaHQ/,,,,,W0V4ZWN1dGl2byBkZSBUcmFuc3BvcnRlIEVybm9uXQpFbGVzIGVzdMOjbyBmYXplbmRvIHVtYSB0cmFuc21pc3PDo28gc29icmUgaXNzbyBkZXNkZSBvbnRlbSwgZW50w6NvIGRldmUgc2FiZXIgbyBxdWUgZXN0w6EgYWNvbnRlY2VuZG8sIGNlcnRvPw==,,W0Rpci4gZGUgdHJhbnNwLiBFcm5vbl0KRXN0w6FuIGhhYmxhbmRvIGRlbCB0ZW1hIGVuIGxhIHRyYW5zbWlzacOzbiBkZXNkZSBheWVyLCBhc8OtIHF1ZSB5YSBkZWJlcyBzYWJlciBlbCBtZW9sbG8gZGUgbGEgc2l0dWFjacOzbiwgwr9ubz8=
69NxBw,,W1RyYW5zcG9ydGF0aW9uIEV4ZWN1dGl2ZSBFcm5vbl0KVGhlIGNvbnRhbWluYW50IGlzIGdldHRpbmcgdG8gdGhlIGludGVyaW9yIG9mIHRoZSBhaXItcmFpZCBzaGVsdGVyIHNvIHRoZSBkZWNpc2lvbiBoYXMgYmVlbiBtYWRlIHRvIG1vdmUgYWxsIHN1cHBsaWVzIHRvIHRoZSB1bmNvbnRhbWluYXRlZCB6b25lIFotMiB0aGF0IHRoZSBDaGVtaWNhbCBTdWJzdGFuY2UgU3BlY2lhbGlzdHMgZm91bmQu,,,,,W0V4ZWN1dGl2byBkZSBUcmFuc3BvcnRlIEVybm9uXQpPIGNvbnRhbWluYW50ZSBlc3TDoSBzZSBpbmZpbHRyYW5kbyBubyBpbnRlcmlvciBkbyBhYnJpZ28gc3VidGVycsOibmVvLCBlbnTDo28gZGVjaWRpdS1zZSBtb3ZlciB0b2RvcyBvcyBzdXByaW1lbnRvcyBwYXJhIGEgem9uYSBaLTIgcXVlIG7Do28gZXN0w6EgY29udGFtaW5hZGEgZSBmb2kgZW5jb250cmFkYSBwZWxvcyBFc3BlY2lhbGlzdGFzIGVtIFN1YnN0w6JuY2lhcyBRdcOtbWljYXMu,,W0Rpci4gZGUgdHJhbnNwLiBFcm5vbl0KRWwgY29udGFtaW5hbnRlIGVzdMOhIGVudHJhbmRvIGFsIHJlZnVnaW8gYW50aWHDqXJlbzsgZW50b25jZXMsIHNlIGRlY2lkacOzIHRyYXNsYWRhciB0b2RvcyBsb3Mgc3VtaW5pc3Ryb3MgYSBsYSB6b25hIG5vIGNvbnRhbWluYWRhIFotMiBxdWUgZW5jb250cmFyb24gbG9zIGVzcGVjaWFsaXN0YXMgZW4gc3VzdGFuY2lhcyBxdcOtbWljYXMu
7NNxBw,,W1RyYW5zcG9ydGF0aW9uIEV4ZWN1dGl2ZSBFcm5vbl0KVGhlcmUgd2FzIGEgcmVxdWVzdCB0byBtb3ZlIHRoZSBjYXJnbyB3aXRoIHRoZSBBZHZlbnR1cmVycyBzaW5jZSB0aGUgc2NyYXdueSByZXNlYXJjaGVycyB3b24ndCBiZSBvZiBoZWxwLg==,,,,,W0V4ZWN1dGl2byBkZSBUcmFuc3BvcnRlIEVybm9uXQpGb2kgZmVpdG8gdW0gcGVkaWRvIHBhcmEgYWp1ZGFyIG9zIEF2ZW50dXJlaXJvcyBhIG1vdmVyIGEgY2FyZ2EsIGrDoSBxdWUgb3MgcGVzcXVpc2Fkb3JlcyBmcmFjb3RlcyBuw6NvIHBvZGVyw6NvIGFqdWRhci4=,,W0Rpci4gZGUgdHJhbnNwLiBFcm5vbl0KUGlkaWVyb24gcXVlIGxvcyB0cm90YW11bmRvcyBoYWdhbiBlbCB0cmFzbGFkbyBwb3JxdWUgbG9zIGludmVzdGlnYWRvcmVzIG5vIGVzdMOhbiBlbiBmb3JtYSB5IG5vIHBvZHLDoW4gaGFjZXJsby4=
7dNxBw,,W1RyYW5zcG9ydGF0aW9uIEV4ZWN1dGl2ZSBFcm5vbl0KQWxyaWdodC0gbGV0J3MgbW92ZSB0aGUgY2FyZ28gdG8gWm9uZSBaLTIgZmlyc3Qu,,,,,W0V4ZWN1dGl2byBkZSBUcmFuc3BvcnRlIEVybm9uXQpUdWRvIGJlbS4uLiBQcmltZWlybywgdmFtb3MgbW92ZXIgYSBjYXJnYSBwYXJhIGEgWm9uYSBaLTIu,,W0Rpci4gZGUgdHJhbnNwLiBFcm5vbl0KTXV5IGJpZW4sIHByaW1lcm8gbGxldmVtb3MgbGEgY2FyZ2EgYSBsYSBab25hWi0yLg==
7tNxBw,,W1RyYW5zcG9ydGF0aW9uIEV4ZWN1dGl2ZSBFcm5vbl0KSWYgeW91IGdvIHRvIHRoZSBtYWNoaW5lIFdhcmVob3VzZSBvbiB5b3VyIHdheSBiYWNrIHRoZXJlIHdpbGwgYSBwZXJzb24gY2FsbGVkIEFsLiBUZWxsIGhpbQ==,,,,,W0V4ZWN1dGl2byBkZSBUcmFuc3BvcnRlIEVybm9uXQpTZSBmb3IgYXTDqSBhIG9maWNpbmEgZGUgbcOhcXVpbmFzIHF1YW5kbyBlc3RpdmVyIHZvbHRhbmRvLCBsw6EgdGVtIHVtYSBwZXNzb2EgY2hhbWFkYSBBbC4gRGlnYSBhIGVsZQ==,,W0Rpci4gZGUgdHJhbnNwLiBFcm5vbl0KU2kgcGFzYXMgcG9yIGVsIGRlcMOzc2l0byBkZSBtw6FxdWluYXMsIGVuY29udHJhcsOhcyBhIGFsZ3VpZW4gbGxhbWFkbyBBbC4gRGlsZTo=
79NxBw,,W1RyYW5zcG9ydGF0aW9uIEV4ZWN1dGl2ZSBFcm5vbl0KXjAwMDBGRiBZb3UgaWRpb3RzISEgU3RvcCB3YXN0aW5nIG1hdGVyaWFsIHdpdGggc3R1cGlkIG1hY2hpbmVzISFeMDAwMDAwIGZvciBtZSBhbmQgY29tZSBiYWNrLg==,,,,,W0V4ZWN1dGl2byBkZSBUcmFuc3BvcnRlIEVybm9uXQrCocKwXjAwMDBDRCBOw6NvIHRlbW9zIG1hdGVyaWFpcywgcGFyZW0gZGUgY29uc3RydWlyIG1haXMgbcOhcXVpbmFzIV4wMDAwMDAuwqHCsSBFIHZvbHRlLg==,,W0Rpci4gZGUgdHJhbnNwLiBFcm5vbl0KXkZGMDAwMOKAnMKhSWRpb3RhcyEgwqHCoURlamVuIGRlIG1hbGdhc3RhciBtYXRlcmlhbCBlbiBtw6FxdWluYXMgZXN0w7pwaWRhcyEh4oCdXjAwMDAwMCBkZSBtaSBwYXJ0ZSB5IHZ1ZWx2ZS4=
8NNxBw,,RWg/,,,,,QWg/,,wr9FaD8=
8dNxBw,,W1RyYW5zcG9ydGF0aW9uIEV4ZWN1dGl2ZSBFcm5vbl0KRG9uJ3QgdW5kZXJzdGFuZD8gVGVsbCBBbCBpbiB0aGUgbWFjaGluZSBXYXJlaG91c2U=,,,,,W0V4ZWN1dGl2byBkZSBUcmFuc3BvcnRlIEVybm9uXQpWb2PDqiBuw6NvIGVudGVuZGV1PyBEaWdhIGFvIEFsLCBuYSBvZmljaW5hIGRlIG3DoXF1aW5hcw==,,W0Rpci4gZGUgdHJhbnNwLiBFcm5vbl0Kwr9ObyBlbnRlbmRpc3RlPyBEaWxlIGEgQWwsIHF1ZSBlc3TDoSBlbiBlbCBkZXDDs3NpdG8gZGUgbcOhcXVpbmFzOg==
8tNxBw,,W1RyYW5zcG9ydGF0aW9uIEV4ZWN1dGl2ZSBFcm5vbl0KXjAwMDBGRiBZb3UgaWRpb3RzISEgU3RvcCB3YXN0aW5nIG1hdGVyaWFsIHdpdGggc3R1cGlkIG1hY2hpbmVzISFeMDAwMDAwIGFuZCBjb21lIGJhY2su,,,,,W0V4ZWN1dGl2byBkZSBUcmFuc3BvcnRlIEVybm9uXQpMZW1icmUtc2UgZGUgZW50b25hciBjb3JyZXRhbWVudGUgZSBwYXNzYXIgMTAwJSBkb3MgbWV1cyBzZW50aW1lbnRvcy4=,,W0Rpci4gZGUgdHJhbnNwLiBFcm5vbl0KXkZGMDAwMOKAnMKhSWRpb3RhcyEgwqHCoURlamVuIGRlIG1hbGdhc3RhciBtYXRlcmlhbCBlbiBtw6FxdWluYXMgZXN0w7pwaWRhcyEh4oCdXjAwMDAwMCBkZSBtaSBwYXJ0ZSB5IHZ1ZWx2ZS4=
89NxBw,,W1RyYW5zcG9ydGF0aW9uIEV4ZWN1dGl2ZSBFcm5vbl0KUmVtZW1iZXIgdG8gZ2V0IGV2ZXJ5IHBvc3Rwb3NpdGlvbiByaWdodCBhbmQgY29udmV5IG15IGZlZWxpbmcgMTAwJS4=,,,,,W0V4ZWN1dGl2byBkZSBUcmFuc3BvcnRlIEVybm9uXQpQcmltZWlybywgdHJhbnNwb3J0ZSBhIGNhcmdhIHBhcmEgYSBab25hIFotMi4=,,W0Rpci4gZGUgdHJhbnNwLiBFcm5vbl0KUHJvY3VyYSB0cmFuc21pdGlyIG1pIG1lbnNhamUgeSBtaXMgZW1vY2lvbmVzIGFsIDEwMCUu
9NNxBw,,W1RyYW5zcG9ydGF0aW9uIEV4ZWN1dGl2ZSBFcm5vbl0KVHJhbnNwb3J0IHRoZSBjYXJnbyB0byBab25lIFotMiBmaXJzdC4=,,,,,W0V4ZWN1dGl2byBkZSBUcmFuc3BvcnRlIEVybm9uXQpOYSB2b2x0YSwgcGFzc2UgbmEgb2ZpY2luYSBkZSBtw6FxdWluYXMgZSBkaWdhIGFvIEFs,,W0Rpci4gZGUgdHJhbnNwLiBFcm5vbl0KUHJpbWVybyBsbGV2YSBsYSBjYXJnYSBhIGxhIFpvbmFaLTIu
9dNxBw,,W1RyYW5zcG9ydGF0aW9uIEV4ZWN1dGl2ZSBFcm5vbl0KT24geW91ciB3YXkgYmFjayBnbyB0byB0aGUgbWFjaGluZSBXYXJlaG91c2UgYW5kIHRlbGwgQWw=,,,,,W0V4ZWN1dGl2byBkZSBUcmFuc3BvcnRlIEVybm9uXQonXjAwMDBDRE7Do28gdGVtb3MgbWF0ZXJpYWlzLCBwYXJlbSBkZSBjb25zdHJ1aXIgbWFpcyBtw6FxdWluYXMhXjAwMDAwMCcgZSB2b2x0ZSBlbSBzZWd1aWRhLg==,,W0Rpci4gZGUgdHJhbnNwLiBFcm5vbl0KQ3VhbmRvIHZ1ZWx2YXMsIHZlIGFsIGRlcMOzc2l0byBkZSBtw6FxdWluYXMgeSBkaWxlIGEgQWw6
9tNxBw,,W1RyYW5zcG9ydGF0aW9uIEV4ZWN1dGl2ZSBFcm5vbl0KRGlkIHlvdSBkZWxpdmVyIHRoZSBnb29kcyB0byBab25lIFotMj8=,,,,,W0V4ZWN1dGl2byBkZSBUcmFuc3BvcnRlIEVybm9uXQpWb2PDqiBlbnRyZWdvdSBhIGNhcmdhIG5hIFpvbmEgWi0yPw==,,W0Rpci4gZGUgdHJhbnNwLiBFcm5vbl0Kwr9MbGV2YXN0ZSBsb3Mgc3VtaW5pc3Ryb3MgYSBsYSBab25hWi0yPw==
99NxBw,,W1RyYW5zcG9ydGF0aW9uIEV4ZWN1dGl2ZSBFcm5vbl0KT2ghIFdhc24ndCB0aGVyZSBvbmUgbW9yZSB0aGluZyBJIHJlcXVlc3RlZD8gRGlkIHlvdSBzZW5kIHRoZSBtZXNzYWdlIHRvIHRoZSBNZWNoYW5pY2lhbnM/,,,,,W0V4ZWN1dGl2byBkZSBUcmFuc3BvcnRlIEVybm9uXQpBaCEgRXUgbsOjbyB0ZSBwZWRpIG1haXMgdW1hIGNvaXNhPyBWb2PDqiBlbnRyZWdvdSBvIHJlY2FkbyBwYXJhIG9zIE1lY8Oibmljb3M/,,W0Rpci4gZGUgdHJhbnNwLiBFcm5vbl0KwqFPaCEgwr9ObyB0ZSBoYWLDrWEgcGVkaWRvIGFsZ28gbcOhcz8gwr9UcmFuc21pdGlzdGUgZWwgbWVuc2FqZSBhIGxvcyBtZWPDoW5pY29zPw==
+NNxBw,,Tm90IHlldC4u,,,,,QWluZGEgbsOjby4uLg==,,QcO6biBub+KApg==
+dNxBw,,W1RyYW5zcG9ydGF0aW9uIEV4ZWN1dGl2ZSBFcm5vbl0KQWguLiBXaGF0IHNob3VsZCBJIGRvLi4gU2hvdWxkIEkgZ28gc2luY2UgbW9zdCBvZiB0aGUgZ29vZHMgYXJlIG1vdmVkPw==,,,,,W0V4ZWN1dGl2byBkZSBUcmFuc3BvcnRlIEVybm9uXQpBaC4uLiBPIHF1ZSBkZXZvIGZhemVyLi4uIFNlcsOhIHF1ZSBkZXZvIGlyLCBqw6EgcXVlIGEgbWFpb3JpYSBkYSBjYXJnYSBqw6EgZm9pIHRyYW5zcG9ydGFkYT8=,,W0Rpci4gZGUgdHJhbnNwLiBFcm5vbl0KQWjigKYgwr9RdcOpIGhhZ28/IMK/Vm95PyBZYSBzZSB0cmFzbGFkYXJvbiBjYXNpIHRvZG9zIGxvcyBzdW1pbmlzdHJvcy4=
+tNxBw,,W1RyYW5zcG9ydGF0aW9uIEV4ZWN1dGl2ZSBFcm5vbl0KSWYgSSBsZWF2ZSBpdCBsaWtlIHRoaXMgdGhvc2UgaWRpb3RzIHdobyBrbm93IG5vdGhpbmcgb3V0c2lkZSBvZiBtYWNoaW5lcyBtaWdodCBkbyBzb21ldGhpbmcgd2l0aCB0aGUgcHJlY2lvdXMgY29tcG9uZW50cy4uLg==,,,,,W0V4ZWN1dGl2byBkZSBUcmFuc3BvcnRlIEVybm9uXQpTZSBldSBkZWl4YXIgZG8gamVpdG8gcXVlIGVzdMOhLCBhcXVlbGVzIGlkaW90YXMgcXVlIG7Do28gc2FiZW0gZGUgbmFkYSBhbMOpbSBkZSBtw6FxdWluYXMgcG9kZW0gdXNhciBjb21wb25lbnRlcyBwcmVjaW9zb3MuLi4=,,W0Rpci4gZGUgdHJhbnNwLiBFcm5vbl0KU2kgbG9zIGRlam8gY29uIGVzb3MgaWRpb3RhcyBxdWUgbm8gc2FiZW4gbmFkYSBxdWUgbm8gc2VhbiBtw6FxdWluYXMsIHBvZHLDrWFuIGhhY2VybGVzIGRhw7FvIGEgbG9zIHByZWNpYWRvcyBjb21wb25lbnRlc+KApg==
+9NxBw,,W1RyYW5zcG9ydGF0aW9uIEV4ZWN1dGl2ZSBFcm5vbl0KV2hhdCBzaG91bGQgd2UgZG8/IFNob3VsZCBJIGdvPyBPciBkbyB5b3Ugd2FudCB0byBnbyBiYWNrPw==,,,,,W0V4ZWN1dGl2byBkZSBUcmFuc3BvcnRlIEVybm9uXQpPIHF1ZSBkZXZlbW9zIGZhemVyPyBFdSBkZXZvIGlyPyBPdSB2b2PDqiBxdWVyIHZvbHRhcj8=,,W0Rpci4gZGUgdHJhbnNwLiBFcm5vbl0Kwr9RdcOpIGhhY2Vtb3M/IMK/Vm95PyDCv08gcXVpZXJlcyB2b2x2ZXI/
/NNxBw,,R28gYmFjay4=,,,,,Vm9sdGFyLg==,,Vm9sdmVyLg==
/dNxBw,,RG8gbm90IGdvIGJhY2su,,,,,TsOjbyB2b2x0YXIu,,Tm8gdm9sdmVyLg==
/tNxBw,,W1RyYW5zcG9ydGF0aW9uIEV4ZWN1dGl2ZSBFcm5vbl0KQWxyaWdodC4gR28gYmFjay4=,,,,,W0V4ZWN1dGl2byBkZSBUcmFuc3BvcnRlIEVybm9uXQpUdWRvIGJlbS4gUG9kZSB2b2x0YXIu,,W0Rpci4gZGUgdHJhbnNwLiBFcm5vbl0KRGUgYWN1ZXJkby4gVm9sdmVyLg==
/9NxBw,,W1RyYW5zcG9ydGF0aW9uIEV4ZWN1dGl2ZSBFcm5vbl0KWWVhaD8gSSBndWVzcyB0aGUgbWFjaGluZSBXYXJlaG91c2UgaXMga2luZCBvZiBmYXIu,,,,,W0V4ZWN1dGl2byBkZSBUcmFuc3BvcnRlIEVybm9uXQogw4k/IEFjaG8gcXVlIGEgY2FzYSBkZSBtw6FxdWluYXMgw6kgbWVpbyBsb25nZS4=,,W0Rpci4gZGUgdHJhbnNwLiBFcm5vbl0Kwr9Tw60/IFN1cG9uZ28gcXVlIGVsIGRlcMOzc2l0byBkZSBtw6FxdWluYXMgZXN0w6EgdW4gcG9jbyBsZWpvcy4=
ANRxBw,,W1RyYW5zcG9ydGF0aW9uIEV4ZWN1dGl2ZSBFcm5vbl0KU2luY2Ugd2UncmUgYWxtb3N0IGRvbmUgaGVyZSBJIHdpbGwgZmluaXNoIHVwIHF1aWNrbHkgYW5kIGdvLiBUaGlzIGlzIGNvbXBlbnNhdGlvbiBmb3IgdGhlIHdvcmsu,,,,,W0V4ZWN1dGl2byBkZSBUcmFuc3BvcnRlIEVybm9uXQpKw6EgcXVlIGVzdGFtb3MgcXVhc2UgYWNhYmFuZG8gYXF1aSwgcHJlY2lzbyBhY2VsZXJhciBlIGlyIGF0w6kgbMOhLiBJc3RvIMOpIHVtYSBjb21wZW5zYcOnw6NvIHBlbG8gc2VydmnDp28u,,W0Rpci4gZGUgdHJhbnNwLiBFcm5vbl0KWWEgY2FzaSBlc3TDoSB0b2RvLCBhc8OtIHF1ZSB0ZXJtaW5hcsOpIHLDoXBpZG8geSBtZSBpcsOpLiBFc3RhIGVzIGxhIHJlY29tcGVuc2EgcG9yIGVsIHRyYWJham8u
AdRxBw,,W1RyYW5zcG9ydGF0aW9uIEV4ZWN1dGl2ZSBFcm5vbl0KVGhvdWdoIG91ciBzdXJ2aXZhbCBpc24ndCBzdXJlIGJlY2F1c2Ugb2YgdGhlIGNvbnRhbWluYW50LA==,,,,,W0V4ZWN1dGl2byBkZSBUcmFuc3BvcnRlIEVybm9uXQpFbWJvcmEgbm9zc2Egc29icmV2aXbDqm5jaWEgbsOjbyBlc3RlamEgZ2FyYW50aWRhIHBvciBjYXVzYSBkbyBjb250YW1pbmFudGUs,,W0Rpci4gZGUgdHJhbnNwLiBFcm5vbl0KQXVucXVlIG5vIHNhYmVtb3Mgc2kgdmFtb3MgYSBzb2JyZXZpdmlyIGRlYmlkbyBhbCBjb250YW1pbmFudGUs
AtRxBw,,W1RyYW5zcG9ydGF0aW9uIEV4ZWN1dGl2ZSBFcm5vbl0KVGhlIGNoaWVmIHJlc2VhcmNoZXIgdG9sZCB1cyB0byBhZGVxdWF0ZWx5IGNvbXBlbnNhdGUgdGhlIGFkdmVudHVyZXJzIHdobyB3ZXJlIGNhdWdodCB1cCBpbiB0aGUgZXhwbG9zaW9uLg==,,,,,W0V4ZWN1dGl2byBkZSBUcmFuc3BvcnRlIEVybm9uXQpBIHBlc3F1aXNhZG9yYSBjaGVmZSBub3MgZGlzc2UgcGFyYSBjb21wZW5zYXIgYWRlcXVhZGFtZW50ZSBvcyBhdmVudHVyZWlyb3MgcXVlIGZvcmFtIHBlZ29zIG5vIG1laW8gZGEgZXhwbG9zw6NvLg==,,W0Rpci4gZGUgdHJhbnNwLiBFcm5vbl0KTGEgbMOtZGVyIGRlIGxhIGludmVzdGlnYWNpw7NuIG5vcyBkaWpvIHF1ZSBjb21wZW5zw6FyYW1vcyBiaWVuIGEgbG9zIHRyb3RhbXVuZG9zIGFmZWN0YWRvcyBwb3IgbGEgZXhwbG9zacOzbi4=
A9RxBw,,W1RyYW5zcG9ydGF0aW9uIEV4ZWN1dGl2ZSBFcm5vbl0KRG9uJ3Qgd29ycnkgYWJvdXQgaXQgdGhvdWdoLg==,,,,,W0V4ZWN1dGl2byBkZSBUcmFuc3BvcnRlIEVybm9uXQpOw6NvIHNlIHByZW9jdXBlIGNvbSBpc3NvLg==,,W0Rpci4gZGUgdHJhbnNwLiBFcm5vbl0KUGVybyBubyB0ZSBwcmVvY3VwZXMu
BNRxBw,,W1RyYW5zcG9ydGF0aW9uIEV4ZWN1dGl2ZSBFcm5vbl0KWW91IGNvbnZleWVkIG15IGZlZWxpbmcgcmlnaHQ/,,,,,W0V4ZWN1dGl2byBkZSBUcmFuc3BvcnRlIEVybm9uXQpWb2PDqiB0cmFuc21pdGl1IG1ldXMgc2VudGltZW50b3MsIGNlcnRvPw==,,W0Rpci4gZGUgdHJhbnNwLiBFcm5vbl0KTGUgdHJhbnNtaXRpc3RlIG1pIG1lbnNhamUsIMK/bm8/
BdRxBw,,W1RyYW5zcG9ydGF0aW9uIEV4ZWN1dGl2ZSBFcm5vbl0KVGhleSBzaG91bGQgYmUgc21hcnRlbmVkIHVwIGJ5IG5vdy4gVGhleSB3b3VsZG4ndCB3YXN0ZSBwcmVjaW91cyBjb21wb25lbnRzIGFnYWluLCByaWdodD8=,,,,,W0V4ZWN1dGl2byBkZSBUcmFuc3BvcnRlIEVybm9uXQpFc3Blcm8gcXVlIGEgZmljaGEgdGVuaGEgY2HDrWRvIGFnb3JhLiBFbGVzIG7Do28gdsOjbyBnYXN0YXIgY29tcG9uZW50ZXMgcHJlY2lvc29zIGRlIG5vdm8sIGNlcnRvPw==,,W0Rpci4gZGUgdHJhbnNwLiBFcm5vbl0KWWEgZGViZXLDrWFuIGhhYmVyc2UgZXNwYWJpbGFkby4gTm8gdm9sdmVyw6FuIGEgZGVzcGVyZGljaWFyIGNvbXBvbmVudGVzIHZhbGlvc29zLCDCv2NpZXJ0bz8=
BtRxBw,,W1RyYW5zcG9ydGF0aW9uIEV4ZWN1dGl2ZSBFcm5vbl0KSGVyZSEgVGhpcyBpcyBjb21wZW5zYXRpb24gZm9yIHRoZSBqb2Iu,,,,,W0V4ZWN1dGl2byBkZSBUcmFuc3BvcnRlIEVybm9uXQpBcXVpISBJc3RvIMOpIHVtYSBjb21wZW5zYcOnw6NvIHBlbG8gdHJhYmFsaG8u,,W0Rpci4gZGUgdHJhbnNwLiBFcm5vbl0KwqFUb21hISBFc3RhIGVzIGxhIHJlY29tcGVuc2EgcG9yIGVsIHRyYWJham8u
B9RxBw,,W1RyYW5zcG9ydGF0aW9uIEV4ZWN1dGl2ZSBFcm5vbl0KT2ggbXkuIEhvdyBkaWQgdGhpcyBoYXBwZW4/,,,,,W0V4ZWN1dGl2byBkZSBUcmFuc3BvcnRlIEVybm9uXQpNaW5oYSBub3NzYS4gQ29tbyBpc3NvIGFjb250ZWNldT8=,,W0Rpci4gZGUgdHJhbnNwLiBFcm5vbl0KT2gsIHZheWEuIMK/Q8OzbW8gcGFzw7MgZXN0bz8=
CNRxBw,,RGlzdHJpYnV0aW9uIENoaWVmIEF2cmFuZGk=,,,,,QXZyYW5kaQ==,,RGlzdHJpYnV0aW9uIENoaWVmIEF2cmFuZGk=
CdRxBw,,W0Rpc3RyaWJ1dGlvbiBDaGllZiBBdnJhbmRpXQpJdCBpcyBhIHJlbGllZiB3ZSB3ZXJlIGFibGUgdG8gZXZhY3VhdGUgdG8gdGhlIGFpci1yYWlkIHNoZWx0ZXIgaW50ZXJpb3IgaW4gYWR2YW5jZS4=,,,,,W0NoZWZlIGRlIERpc3RyaWJ1acOnw6NvIEF2cmFuZGldCiDDiSB1bSBhbMOtdmlvIHBvZGVybW9zIGV2YWN1YXIgbyBpbnRlcmlvciBkbyBhYnJpZ28gc3VidGVycsOibmVvIGNvbSBhbnRlY2Vkw6puY2lhLg==,,W0zDrWRlciBkaXN0cmliLiBBdnJhbmRpXQpRdcOpIGFsaXZpbywgcHVkaW1vcyBhbnRpY2lwYXJub3MgeSBldmFjdWFyIGFsIGludGVyaW9yIGRlbCByZWZ1Z2lvIGFudGlhw6lyZW8u
CtRxBw,,W0Rpc3RyaWJ1dGlvbiBDaGllZiBBdnJhbmRpXQpJZiB3ZSB3ZXJlbid0IGFibGUgdG8gZXZhY3VhdGUuLj8gV2UgcHJvYmFibHkgd29uJ3QgYmUgaGVyZS4=,,,,,W0NoZWZlIGRlIERpc3RyaWJ1acOnw6NvIEF2cmFuZGldClNlIG7Do28gdGl2w6lzc2Vtb3MgY29uc2VndWlkbyBldmFjdWFyLi4uPyBQcm92YXZlbG1lbnRlIG7Do28gZXN0YXLDrWFtb3MgYXF1aS4=,,W0zDrWRlciBkaXN0cmliLiBBdnJhbmRpXQrCv1F1w6kgaGFicsOtYSBwYXNhZG8gZGUgbm8gaGFiZXJsbyBsb2dyYWRvP+KApiBRdWl6w6FzIG5vIGVzdGFyw61hbW9zIGFxdcOtLg==
C9RxBw,,W0Rpc3RyaWJ1dGlvbiBDaGllZiBBdnJhbmRpXQpJcyB0aGVyZSBzb21ldGhpbmcgd3Jvbmc/,,,,,W0NoZWZlIGRlIERpc3RyaWJ1acOnw6NvIEF2cmFuZGldClRlbSBhbGdvIGRlIGVycmFkbz8=,,W0zDrWRlciBkaXN0cmliLiBBdnJhbmRpXQrCv1Bhc2EgYWxnbz8=
DNRxBw,,W0Rpc3RyaWJ1dGlvbiBDaGllZiBBdnJhbmRpXQpBIHdoaWxlIGFnbyB0aGUgRmFjaWxpdGllcyBtYW5hZ2VycyB3ZXJlIHJ1bm5pbmcgYXJvdW5kIGluIGhhc3RlLg==,,,,,W0NoZWZlIGRlIERpc3RyaWJ1acOnw6NvIEF2cmFuZGldCkFnb3JhIHBvdWNvLCBvcyBnZXJlbnRlcyBkZSBpbnN0YWxhw6fDtWVzIGVzdGF2YW0gY29ycmVuZG8gY29tbyBsb3Vjb3Mu,,W0zDrWRlciBkaXN0cmliLiBBdnJhbmRpXQpIYWNlIHVuIHJhdG8sIGxvcyBhZG1pbmlzdHJhZG9yZXMgZGUgaW5zdGFsYWNpb25lcyBpYmFuIGNvcnJpZW5kbyBkZSB1biBsYWRvIGEgb3Ryby4=
DdRxBw,,W0Rpc3RyaWJ1dGlvbiBDaGllZiBBdnJhbmRpXQpXaGF0IGluIHRoZSB3b3JsZD8hIFlvdSBhdGUgZnJlc2ggZ3JhcGVzPyBXaHkgZGlkbid0IEkgZ2V0IHRvIGVhdCB0aGVtPyBXaHk/,,,,,W0NoZWZlIGRlIERpc3RyaWJ1acOnw6NvIEF2cmFuZGldCkNvbW8gYXNzaW0/ISBWb2PDqiBjb21ldSB1dmFzIGZyZXNjYXM/IFBvciBxdWUgZXUgbsOjbyBjb21pPyBQb3IgcXXDqj8=,,W0zDrWRlciBkaXN0cmliLiBBdnJhbmRpXQrCocK/UXXDqSBjdWVybm9zPyEgwr9Db21pc3RlIHV2YXMgZnJlc2Nhcz8gwr9Qb3IgcXXDqSB5byBubyBwdWRlIGNvbWVyPyDCv1BvciBxdcOpPw==
DtRxBw,,W0Rpc3RyaWJ1dGlvbiBDaGllZiBBdnJhbmRpXQpUaGlzIHBsYWNlIGlzIHN1cmUgcXVpZXQuIFdoeSB5b3UgYXNrPw==,,,,,W0NoZWZlIGRlIERpc3RyaWJ1acOnw6NvIEF2cmFuZGldCkVzdGUgbHVnYXIgw6kgYmVtIHF1aWV0by4gUXVlciBzYWJlciBvIG1vdGl2bz8=,,W0zDrWRlciBkaXN0cmliLiBBdnJhbmRpXQpRdcOpIHNpbGVuY2lvc28gZXMgZXN0ZSBsdWdhci4gwr9Qb3IgcXXDqSBwcmVndW50YXM/
D9RxBw,,W0Rpc3RyaWJ1dGlvbiBDaGllZiBBdnJhbmRpXQpOb3QgbWFueSBwZW9wbGUgY29tZSB0aGlzIGZhci4=,,,,,W0NoZWZlIGRlIERpc3RyaWJ1acOnw6NvIEF2cmFuZGldClBvdWNhcyBwZXNzb2FzIHbDqm0gYXTDqSBhcXVpLg==,,W0zDrWRlciBkaXN0cmliLiBBdnJhbmRpXQpFcyBwb2NhIGxhIGdlbnRlIHF1ZSB2aWVuZSBoYXN0YSBhcXXDrS4=
ENRxBw,,W0Rpc3RyaWJ1dGlvbiBDaGllZiBBdnJhbmRpXQpBaCEgQ29tZSBvbiBpbi4gSXQgc2VlbXMgdGhlcmUgYXJlIGEgbG90IG9mIHZpc2l0b3JzIHRvZGF5IGJlY2F1c2Ugb2YgdGhlIGJyb2FkY2FzdCB0aGlzIG1vcm5pbmcu,,,,,W0NoZWZlIGRlIERpc3RyaWJ1acOnw6NvIEF2cmFuZGldCkFoISBQb2RlIGVudHJhci4gUGFyZWNlIHF1ZSB0ZW1vcyBtdWl0b3MgdmlzaXRhbnRlcyBob2plIHBvciBjYXVzYSBkYSB0cmFuc21pc3PDo28gZGVzdGEgbWFuaMOjLg==,,W0zDrWRlciBkaXN0cmliLiBBdnJhbmRpXQrCoUFoISBBZGVsYW50ZS4gUGFyZWNlIHF1ZSBob3kgaGF5IG11Y2hhcyB2aXNpdGFzIGRlYmlkbyBhIGxhIHRyYW5zbWlzacOzbiBkZSBlc3RhIG1hw7FhbmEu
EdRxBw,,W0Rpc3RyaWJ1dGlvbiBDaGllZiBBdnJhbmRpXQpZb3UncmUgaGVyZSBiZWNhdXNlIEVybm9uIHNlbnQgeW91IHJpZ2h0Pw==,,,,,W0NoZWZlIGRlIERpc3RyaWJ1acOnw6NvIEF2cmFuZGldClZvY8OqIGVzdMOhIGFxdWkgcG9ycXVlIG8gRXJub24gdGUgZW52aW91LCBjZXJ0bz8=,,W0zDrWRlciBkaXN0cmliLiBBdnJhbmRpXQpWaW5pc3RlIHBvcnF1ZSB0ZSBlbnZpw7MgRXJub24sIMK/Y2llcnRvPw==
EtRxBw,,W0Rpc3RyaWJ1dGlvbiBDaGllZiBBdnJhbmRpXQpJIGhhdmUgcmVjZWl2ZWQgdGhlIGl0ZW0geW91IGhhdmUgYnJvdWdodC4=,,,,,W0NoZWZlIGRlIERpc3RyaWJ1acOnw6NvIEF2cmFuZGldCkV1IHJlY2ViaSBvIGl0ZW0gcXVlIHZvY8OqIHRyb3V4ZS4=,,W0zDrWRlciBkaXN0cmliLiBBdnJhbmRpXQpSZWNpYsOtIGVsIG9iamV0byBxdWUgdHJhamlzdGUu
E9RxBw,,W0Rpc3RyaWJ1dGlvbiBDaGllZiBBdnJhbmRpXQpFaC0/IEFyZSB5b3UgdGFraW5nIGl0IGJhY2s/IFRoYXQgaXMgYSBsb3Qgb2Ygd29yay4=,,,,,W0NoZWZlIGRlIERpc3RyaWJ1acOnw6NvIEF2cmFuZGldCkFoLT8gVm9jw6ogdmFpIGxldmFyIGRlIHZvbHRhPyBJc3NvIGTDoSBtdWl0byB0cmFiYWxoby4=,,W0zDrWRlciBkaXN0cmliLiBBdnJhbmRpXQrCv0VoPyDCv1RlIGxvIGxsZXZhcyBkZSB2dWVsdGE/IEN1w6FudG8gZXNmdWVyem8u
FNRxBw,,W0Rpc3RyaWJ1dGlvbiBDaGllZiBBdnJhbmRpXQpHb29kIGx1Y2suIFlvdSBhcmUgd29ya2luZyBoYXJkLg==,,,,,W0NoZWZlIGRlIERpc3RyaWJ1acOnw6NvIEF2cmFuZGldCkJvYSBzb3J0ZS4gVm9jw6ogZXN0w6EgdHJhYmFsaGFuZG8gbXVpdG8u,,W0zDrWRlciBkaXN0cmliLiBBdnJhbmRpXQpCdWVuYSBzdWVydGUuIEVzdMOhcyB0cmFiYWphbmRvIGFyZHVvLg==
FdRxBw,,W0Rpc3RyaWJ1dGlvbiBDaGllZiBBdnJhbmRpXQpVaD8hIEEgcGVyc29uLiBHcmVldGluZ3MuIFBlb3BsZSBkb24ndCBub3JtYWxseSBjb21lIGhlcmUgc28gSSBhc3N1bWUgYXJlIHlvdSBleHBsb3JpbmcgdGhlIGFpci1yYWlkIHNoZWx0ZXI/,,,,,W0NoZWZlIGRlIERpc3RyaWJ1acOnw6NvIEF2cmFuZGldCkjDoz8hIFVtYSBwZXNzb2EuIFNhdWRhw6fDtWVzLiBBcyBwZXNzb2FzIG5vcm1hbG1lbnRlIG7Do28gdsOqbSBhdMOpIGFxdWksIGVudMOjbyBhc3N1bW8gcXVlIGVzdMOhIGV4cGxvcmFuZG8gbyBhYnJpZ28gc3VidGVycsOibmVvLg==,,W0zDrWRlciBkaXN0cmliLiBBdnJhbmRpXQrCocK/VWg/ISBVbmEgcGVyc29uYS4gSG9sYS4gTGEgZ2VudGUgbm8gdmllbmUgbXVjaG8gcG9yIGFxdcOtOyDCv2VzdMOhcyBleHBsb3JhbmRvIGVsIHJlZnVnaW8gYW50aWHDqXJlbz8=
FtRxBw,,TWFjaGluZSBXYXJlaG91c2U=,,,,,T2ZpY2luYSBkZSBNw6FxdWluYXM=,,TWFjaGluZSBXYXJlaG91c2U=
F9RxBw,,TC0xIFpvbmU=,,,,,Wm9uYSBMLTE=,,TC0xIFpvbmU=
GNRxBw,,Si0wIFpvbmU=,,,,,Wm9uYSBKLTA=,,Si0wIFpvbmU=
GdRxBw,,Q29udHJvbCByb29t,,,,,U2FsYSBkZSBjb250cm9sZQ==,,Q29udHJvbCByb29t
GtRxBw,,TW9uaXRvcmluZyByb29t,,,,,U2FsYSBkZSBtb25pdG9yYW1lbnRv,,TW9uaXRvcmluZyByb29t
G9RxBw,,Qi0xIFdhcmVob3VzZQ==,,,,,RGVww7NzaXRvIEItMQ==,,Qi0xIFdhcmVob3VzZQ==
HNRxBw,,QS0wIFpvbmU=,,,,,Wm9uYSBBLTBl,,QS0wIFpvbmU=
HdRxBw,,SC0wIFpvbmU=,,,,,Wm9uYSBILTA=,,SC0wIFpvbmU=
HtRxBw,,TC0yIFpvbmU=,,,,,Wm9uYSBMLTI=,,TC0yIFpvbmU=
H9RxBw,,Sy0wIFpvbmU=,,,,,Wm9uYSBBLTA=,,Sy0wIFpvbmU=
INRxBw,,Wi0wIFpvbmU=,,,,,Wm9uYSBLLTBl,,Wi0wIFpvbmU=
IdRxBw,,VGVtcG9yYXJ5IENsaW5pYw==,,,,,Wm9uYSBMLTJl,,VGVtcG9yYXJ5IENsaW5pYw==
ItRxBw,,Ry0yIFpvbmU=,,,,,Wm9uYSBaLTA=,,Ry0yIFpvbmU=
I9RxBw,,Ri0yIFpvbmU=,,,,,Q2zDrW5pY2EgVGVtcG9yw6FyaWE=,,Ri0yIFpvbmU=
JNRxBw,,SS0wIFpvbmU=,,,,,Wm9uYSBHLTI=,,SS0wIFpvbmU=
JdRxBw,,Ry0xIFpvbmU=,,,,,Wm9uYSBGLTJl,,Ry0xIFpvbmU=
JtRxBw,,Ri0xIFpvbmU=,,,,,Wm9uYSBJLTA=,,Ri0xIFpvbmU=
J9RxBw,,Qy0wIFpvbmU=,,,,,Wm9uYSBHLTE=,,Qy0wIFpvbmU=
KNRxBw,,ZmFybQ==,,,,,Wm9uYSBGLTE=,,ZmFybQ==
KdRxBw,,Wi0yIFpvbmU=,,,,,Wm9uYSBDLTA=,,Wi0yIFpvbmU=
KtRxBw,,Wi0xIFpvbmU=,,,,,RmF6ZW5kYQ==,,Wi0xIFpvbmU=
K9RxBw,,W01lY2hhbmljaWFuIE11Z2Vvc2ldCkFoISBZb3UncmUgdGhlIGFkdmVudHVyZXIgc2VuZCB0byBkZWxpdmVyIGFpciBjbGVhbmVycy4gWW91IGFyZSBhdCB0aGUgcmlnaHQgcGxhY2UuIENvbWUgdGhpcyB3YXku,,,,,Wm9uYSBaLTI=,,W01lY8OhbmljbyBNdWdlb3NpXQrCoUFoISBFcmVzIHRyb3RhbXVuZG9zIHkgZXN0w6FzIHJlcGFydGllbmRvIHB1cmlmaWNhZG9yZXMgZGUgYWlyZS4gTGxlZ2FzdGUgYWwgbHVnYXIgaW5kaWNhZG8uIFZlbiBwb3IgYXF1w60u
LNRxBw,,W0J1bmtlciBTYXlodV0KSGV5ISEgV2hlcmUgZG8geW91IHRoaW5rIHlvdSdyZSBnb2luZyB3aGVuIHdlJ3JlIHRyeWluZyB0byBnZXQgYSBoZWFkY291bnQ/IEdldCBvdmVyIGhlcmUu,,,,,Wm9uYSBaLTE=,,W0J1bmtlciBTYXlodV0KwqFPeWUhIMK/QSBkw7NuZGUgdmFzPyBFc3RhbW9zIHRyYXRhbmRvIGRlIGNvbnRhciBhIGxhIGdlbnRlLiBWZW4gYXF1w60u
LdRxBw,,W0Jpb2VuZ2luZWVyIEVicmlrXQpBcmUgeW91IHRoZSBBZHZlbnR1cmVyIGhlcmUgdG8gaGVscCB1cyB3aXRoIHRoZSBncmFwZSBoYXJ2ZXN0PyBSaWdodCBoZXJlISE=,,,,,W01lY8OibmljbyBNdWdlb3NpXQpBaCEgVm9jw6ogw6kgbyBhdmVudHVyZWlybyBlbnZpYWRvIHBhcmEgZW50cmVnYXIgb3MgcHVyaWZpY2Fkb3JlcyBkZSBhci4gVm9jw6ogZXN0w6Egbm8gbHVnYXIgY2VydG8uIFZlbmhhIHBvciBhcXVpLg==,,W0Jpb2luZ2VuaWVybyBFYnJpa10Kwr9FcmVzIHRyb3RhbXVuZG9zIHkgdmllbmVzIGEgYXl1ZGFybm9zIGNvbiBsYSB2ZW5kaW1pYT8gwqHCoVBvciBhcXXDrSEh
LtRxBw,,W0Jpb2VuZ2luZWVyIFRvdXJpbmddCldhaXQgYSBtaW51dGUuIFlvdSBjYW5ub3QgZW50ZXIgdGhlIGZhcm0gcmlnaHQgbm93Lg==,,,,,W1NheWh1XQpFaSEhISBBb25kZSB2b2PDqiBhY2hhIHF1ZSBlc3TDoSBpbmRvIHF1YW5kbyBlc3RhbW9zIHRlbnRhbmRvIGZhemVyIGEgY29udGFnZW0/IFZlbmhhIGF0w6kgYXF1aS4=,,W0Jpb2luZ2VuaWVybyBUb3VyaW5nXQpFc3BlcmEgdW4gbW9tZW50by4gQWhvcmEgbm8gcHVlZGVzIGVudHJhciBlbiBsYSBncmFuamEu
L9RxBw,,W1RyYW5zcG9ydGF0aW9uIEV4ZWN1dGl2ZSBFcm5vbl0KSGV5fiBUaGlzIGlzIGEgdGltZSB0byBib3Jyb3cgZXZlbiB0aGUgaGFuZHMgb2Ygc21hbGwgY2hpbGRyZW4uIFN0b3AgZ29vZmluZyBhcm91bmQgYW5kIGNvbWUgaGVyZS4=,,,,,W0Jpb2VuZ2VuaGVpcm8gRWJyaWtdClZvY8OqIMOpIG8gQXZlbnR1cmVpcm8gcXVlIHZlaW8gbm9zIGFqdWRhciBjb20gYSBjb2xoZWl0YSBkYXMgdXZhcz8gQmVtIGFxdWkhIQ==,,W0Rpci4gZGUgdHJhbnNwLiBFcm5vbl0KT3llfi4gRW4gZXN0ZSBtb21lbnRvIG5lY2VzaXRhbW9zIHF1ZSBheXVkZW4gaGFzdGEgbG9zIG3DoXMgcGVxdWXDsW9zLiBEZWphIGRlIHRvbnRlYXIgeSB2ZW4gYXF1w60u
MNRxBw,,W051cnNlIExhcHBsYWRdCkxvb2sgaGVyZT8hIFdoZXJlIGFyZSB5b3UgdHJ5aW5nIHRvIGdvPyBXZSBoYXZlIHRvIGRvIHNvbWUgdGVzdHMgc28gZG9uJ3QgbGVhdmUgYW5kIHdhaXQgaGVyZSEh,,,,,W0Jpb2VuZ2VuaGVpcm8gVG91cmluZ10KRXNwZXJlIHVtIHBvdWNvLiBWb2PDqiBuw6NvIHBvZGUgZW50cmFyIG5hIEZhemVuZGEgbm8gbW9tZW50by4=,,W0VuZmVybWVyYSBMYXBwbGFkXQrCoU1pcmEgYXF1w60hIMK/QSBkw7NuZGUgcXVpZXJlcyBpcj8gVGVuZW1vcyBxdWUgaGFjZXIgcHJ1ZWJhcy4gwqHCoUVzcGVyYSBhcXXDrSB5IG5vIHRlIHZheWFzISE=
MdRxBw,,W051cnNlIExhcHBsYWRdCkhlbGxvPyBUYWtlIGNhcmUgb2YgdGhpcyBiZWZvcmUgeW91IGdvLiBXaGVyZSBhcmUgeW91IGdvaW5nIGJ5IHlvdXJzZWxmPw==,,,,,W0V4ZWN1dGl2byBkZSBUcmFuc3BvcnRlIEVybm9uXQpFaSEgTmVzc2UgbW9tZW50byBwcmVjaXNhbW9zIGRhIGFqdWRhIGRlIHRvZG8gbXVuZG8uIFBhcmUgZGUgYnJpbmNhZGVpcmFzIGUgdmVuaGEgYXF1aS4=,,W0VuZmVybWVyYSBMYXBwbGFkXQrCv0hvbGE/IEFudGVzIGRlIGlydGUsIGVuY8OhcmdhdGUgZGUgZXN0by4gwr9BIGTDs25kZSB2YXMgc2luIG5hZGllIG3DoXM/
MtRxBw,,RGltZW5zaW9uIG1vdmUgUG9ydGFs,,,,,W0VuZmVybWVpcmEgTGFwcGxhZF0KT2xoYSBzw7M/ISBPbmRlIHZvY8OqIHBlbnNhIHF1ZSB2YWk/IEFpbmRhIHByZWNpc2Ftb3MgZmF6ZXIgYWxndW5zIGV4YW1lcywgZW50w6NvIG7Do28gc2FpYSBlIGVzcGVyZSBhcXVpISE=,,RGltZW5zaW9uIG1vdmUgUG9ydGFs
M9RxBw,,W0RpbWVuc2lvbi1tb3Zlcl0KRG8geW91IHdhbnQgZmluaXNoIHlvdXIgdHJhdmVscyBhbmQKZ28gYmFjayB0byB5b3VyIG9yaWdpbmFsIHRpbWU/Cl5GRjAwMDAgQWxsIHRyYWNlcyBpbiB0aGlzIHBsYWNlIHdpbGwgYmUgZXJhc2VkIGlmIHlvdSBnbyBiYWNrIHRvIHlvdXIgb3JpZ2luYWwgdGltZS5eMDAwMDAw,,,,,W0VuZmVybWVpcmEgTGFwcGxhZF0KT2zDoT8gQ3VpZGUgZGlzc28gYW50ZXMgZGUgaXIuIEFvbmRlIHZvY8OqIGFjaGEgcXVlIHZhaT8=,,W0FzaXN0ZW50ZSBkZSB2aWFqZXMgZGltZW5zaW9uYWxlc10Kwr9RdWllcmVzIGRlamFyIGRlIHZpYWphciB5CnZvbHZlciBhIHR1IHRpZW1wbyBvcmlnaW5hbD8KXjY2MDAwMFNpIHZ1ZWx2ZXMgYSB0dSB0aWVtcG8gb3JpZ2luYWwsIHNlIGJvcnJhcsOhIHRvZG8gcmFzdHJvIGRlIGVzdGUgbHVnYXIuXjAwMDAwMA==
NNRxBw,,U3RheSBoZXJlLg==,,,,,VHJhbnNwb3J0YWRvcg==,,UGVybWFuZWNlciBhcXXDrS4=
NdRxBw,,W0RpbWVuc2lvbi1tb3Zlcl0=,,,,,W1RyYW5zcG9ydGFkb3ItRGltZW5zaW9uYWxdCkRlc2VqYSB0ZXJtaW5hciBzdWFzIHZpYWdlbnMgZQp2b2x0YXIgcGFyYSBvIHNldSB0ZW1wbyBvcmlnaW5hbD8KXkZGMDAwMD8gVG9kb3Mgb3MgdHJhw6dvcyBkZXN0ZSBsdWdhciBzZXLDo28gYXBhZ2Fkb3Mgc2Ugdm9sdGFyIHBhcmEgbyBzZXUgdGVtcG8gb3JpZ2luYWwuP14wMDAwMDA=,,W0FzaXN0ZW50ZSBkZSB2aWFqZXMgZGltZW5zaW9uYWxlc10=
NtRxBw,,WW91ciB3aG9sZSBib2R5IGJlY29tZXMgaGVhdnkgYW5kIHRpbWUgc2VlbXMgdG8gYmUgcGFzc2luZyBmYXN0ZXIgYXJvdW5kIHlvdS4=,,,,,RmljYXIgYXF1aS4=,,VGUgcGVzYSBlbCBjdWVycG8gZW50ZXJvLCBzaWVudGVzIHF1ZSBlbCB0aWVtcG8gcGFzYSBtw6FzIHLDoXBpZG8gYSB0dSBhbHJlZGVkb3Iu
N9RxBw,,TXlzdGVyaW91cyBEZXZpY2U=,,,,,W1RyYW5zcG9ydGFkb3ItRGltZW5zaW9uYWxd,,TXlzdGVyaW91cyBEZXZpY2U=
ONRxBw,,QSBteXN0ZXJpb3VzbHkgaW50ZW5zZSBkcml2aW5nIGVuZXJneSBjYW4gYmUgZmVsdCBmcm9tIHRoaXMgZGV2aWNlLg==,,,,,U2V1IGNvcnBvIGludGVpcm8gZmljYSBwZXNhZG8gZSBvIHRlbXBvIHBhcmVjZSBlc3RhciBwYXNzYW5kbyBtYWlzIHLDoXBpZG8u,,RWwgZGlzcG9zaXRpdm8gZW1hbmEgdW5hIGVuZXJnw61hIG1vdHJpeiBpbnRlbnNhIHkgbWlzdGVyaW9zYS4=
OdRxBw,,SWdub3JlIGl0Lg==,,,,,RGlzcG9zaXRpdm8=,,SWdub3JhcmxhLg==
OtRxBw,,TGV0IHRoZSBlbmVyZ3kgdGFrZSBvdmVyIHlvdS4=,,,,,VW1hIGVuZXJnaWEgbWlzdGVyaW9zYW1lbnRlIGludGVuc2EgZXN0w6EgZW1hbmFuZG8gZG8gZGlzcG9zaXRpdm8u,,RGVqYXIgcXVlIGxhIGVuZXJnw61hIHRlIGludmFkYS4=
O9RxBw,,VGhlIHN1cnJvdW5kaW5nIGRpc3RvcnRpb24gb2YgdGltZSBzZWVtcyB0byBiZSByZXR1cm5pbmcgdG8gbm9ybWFsLg==,,,,,SWdub3LDoS1sYS4=,,TGEgZGlzdG9yc2nDs24gZGVsIHRpZW1wbyBjaXJjdW5kYW50ZSBwYXJlY2Ugdm9sdmVyIGEgbGEgbm9ybWFsaWRhZC4=
PNRxBw,,VGhpcyBkZXZpY2UncyB1c2UgY2Fubm90IGJlIGZpZ3VyZWQgb3V0Lg==,,,,,RGVpeGFyIGEgZW5lcmdpYSB0b21hciBjb250YSBkZSB2b2PDqi4=,,RXMgaW1wb3NpYmxlIHNhYmVyIGPDs21vIGZ1bmNpb25hIGVsIGRpc3Bvc2l0aXZvLg==
PdRxBw,,TWVjaGFuaWNpYW4gQnVrYWw=,,,,,QSBkaXN0b3LDp8OjbyBkbyB0ZW1wbyBwYXJlY2UgZXN0YXIgdm9sdGFuZG8gYW8gbm9ybWFsLg==,,TWVjaGFuaWNpYW4gQnVrYWw=
PtRxBw,,W01lY2hhbmljaWFuIEJ1a2FsXQpZb3UncmUgY29uZHVjdGluZyBhIGhlYWRjb3VudD8=,,,,,TsOjbyBkw6EgcGFyYSBzYWJlciBwYXJhIHF1ZSBzZXJ2ZSBlc3RlIGRpc3Bvc2l0aXZvLg==,,W01lY8OhbmljbyBCdWthbF0Kwr9Fc3TDoXMgY29udGFuZG8gbGEgZ2VudGUgcXVlIGhheT8=
P9RxBw,,W01lY2hhbmljaWFuIEJ1a2FsXQpJIGFtIG5vdCBzdXJlLiBNYXliZSB5b3UgY2FuIGFzayBBbCBvdmVyIHRoZXJlPw==,,,,,TWVjw6JuaWNvIEJ1a2Fs,,W01lY8OhbmljbyBCdWthbF0KTm8gc8OpIG11eSBiaWVuLiDCv1kgc2kgbGUgcHJlZ3VudGFzIGEgQWw/IEVzdMOhIHBvciBhbGzDrS4=
QNRxBw,,W01lY2hhbmljaWFuIEJ1a2FsXQpJIG1lYW4gdGhlIGFpciBjbGVhbmluZyB1bml0IHlvdSBhcmUgbW92aW5nIG5vdy4=,,,,,W01lY8OibmljbyBCdWthbF0KUXVlbSBlc3TDoSBjb25kdXppbmRvIGEgY29udGFnZW0/,,W01lY8OhbmljbyBCdWthbF0KTWUgcmVmaWVybyBhbCBwdXJpZmljYWRvciBkZSBhaXJlIHF1ZSBlc3TDoXMgdHJhc2xhZGFuZG8u
QdRxBw,,W01lY2hhbmljaWFuIEJ1a2FsXQpJIG1hZGUgdGhhdC4gSXNuJ3QgaXQgYXdlc29tZT8=,,,,,W01lY8OibmljbyBCdWthbF0KTsOjbyB0ZW5obyBjZXJ0ZXphLiBUYWx2ZXogdm9jw6ogcG9zc2EgcGVyZ3VudGFyIHBhcmEgbyBBbCwgcXVlIGVzdMOhIGFsaT8=,,W01lY8OhbmljbyBCdWthbF0KTG8gZmFicmlxdcOpIHlvLiDCv05vIGVzIGltcHJlc2lvbmFudGU/
QtRxBw,,W01lY2hhbmljaWFuIEJ1a2FsXQpBaCEhIFlvdSdyZSB0aGUgYWR2ZW50dXJlci4gWW91IGNvdWxkIGNoZWNrIG91dCB0aGUgZmFybS4=,,,,,W01lY8OibmljbyBCdWthbF0KRXN0b3UgZmFsYW5kbyBkYSB1bmlkYWRlIHB1cmlmaWNhZG9yYSBkZSBhciBxdWUgdm9jw6ogZXN0w6EgY2FycmVnYW5kby4=,,W01lY8OhbmljbyBCdWthbF0KwqHCoUFoISEgVMO6IGVyZXMgZWwgdHJvdGFtdW5kb3MuIMK/UG9yIHF1w6kgbm8gdmFzIGEgbGEgZ3JhbmphPw==
Q9RxBw,,W01lY2hhbmljaWFuIEJ1a2FsXQpJc24ndCB0aGUgZmFybSBnb29kIGJlY2F1c2UgaXQncyB3YXJtPyBJIG1hZGUgdGhlIHRlbXBlcmF0dXJlIGNvbnRyb2wgZGV2aWNlIHRoZXJlLiBJc24ndCBpdCBhd2Vzb21lPw==,,,,,W01lY8OibmljbyBCdWthbF0KRnVpIGV1IHF1ZSBmaXouIE7Do28gw6kgaW5jcsOtdmVsPw==,,W01lY8OhbmljbyBCdWthbF0KSGF5IHVuYSB0ZW1wZXJhdHVyYSBhZ3JhZGFibGUgYWxsw60uIFlvIGZhYnJpcXXDqSBlc2UgZGlzcG9zaXRpdm8gZGUgY29udHJvbCBkZSB0ZW1wZXJhdHVyYS4gwr9ObyBlcyBpbmNyZcOtYmxlPw==
RNRxBw,,W01lY2hhbmljaWFuIEJ1a2FsXQpJIGFtIHdvcnJpZWQgb2YgdGhlIHBlb3BsZSBzdWRkZW5seSBhdHRhY2tpbmcu,,,,,W01lY8OibmljbyBCdWthbF0KQWghISEgVm9jw6ogZ29zdGEgZGUgYXZlbnR1cmFzLiBWb2PDqiBwb2RlIGRhciB1bWEgb2xoYWRhIG5hIEZhemVuZGEu,,W01lY8OhbmljbyBCdWthbF0KTWUgcHJlb2N1cGFuIGxvcyBhdGFxdWVzIHJlcGVudGlub3MgZGUgbGEgZ2VudGUu
RdRxBw,,W01lY2hhbmljaWFuIEJ1a2FsXQpTaW5jZSB3ZSdyZSBhbHJlYWR5IGhlcmUgc2hvdWxkIEkgbWFrZSBzb21ldGhpbmcgbGlrZSBhIHBhdGllbnQgc3VwcHJlc3Npb24gZGV2aWNlPw==,,,,,W01lY8OibmljbyBCdWthbF0KTsOjbyDDqSBsZWdhbCBxdWUgYSBGYXplbmRhIHNlamEgcXVlbnRlPyBGdWkgZXUgcXVlIGZpeiBvIGRpc3Bvc2l0aXZvIGRlIGNvbnRyb2xlIGRlIHRlbXBlcmF0dXJhIGRlIGzDoS4gTsOjbyDDqSBpbmNyw612ZWw/,,W01lY8OhbmljbyBCdWthbF0KWWEgcXVlIGVzdGFtb3MgYXF1w60sIMK/eSBzaSBoYWdvIGFsZ28gYXPDrSBjb21vIHVuIGRpc3Bvc2l0aXZvIHBhcmEgY29udHJvbGFyIHBhY2llbnRlcz8=
RtRxBw,,W01lY2hhbmljaWFuIEJ1a2FsXQpJIGRvbid0IGtub3cgd2h5IGV2ZXJ5Ym9keSBpcyByZWplY3RpbmcgYSBkZXZpY2UgdGhhdCBjYW4gbW92ZSBoZWF2eSBvYmplY3RzLg==,,,,,W01lY8OibmljbyBCdWthbF0KRXN0b3UgcHJlb2N1cGFkbyBjb20gYXMgcGVzc29hcyBhdGFjYW5kbyBkZSByZXBlbnRlLg==,,W01lY8OhbmljbyBCdWthbF0KTm8gc8OpIHBvciBxdcOpIG5hZGllIHF1aWVyZSB1biBkaXNwb3NpdGl2byBwYXJhIHRyYW5zcG9ydGFyIG9iamV0b3MgcGVzYWRvcy4=
R9RxBw,,W01lY2hhbmljaWFuIEJ1a2FsXQpJIHNob3VsZCBoYXZlIG1hZGUgb25lIHdoZW4gdGhleSB3ZXJlIG1ha2luZyBuZXcgYWlyIGNsZWFuaW5nIHVuaXRzLi4=,,,,,W01lY8OibmljbyBCdWthbF0KSsOhIHF1ZSBlc3RhbW9zIGFxdWksIHNlcsOhIHF1ZSBldSBkZXZvIGNyaWFyIGFsZ3VtIHRpcG8gZGUgZGlzcG9zaXRpdm8gcGFyYSBjb250ZXIgb3MgcGFjaWVudGVzPw==,,W01lY8OhbmljbyBCdWthbF0KRGViw60gZmFicmljYXJsbyBjdWFuZG8gZXN0YWJhbiBoYWNpZW5kbyBwdXJpZmljYWRvcmVzIGRlIGFpcmUgbnVldm9z4oCm
SNRxBw,,W01lY2hhbmljaWFuIEJ1a2FsXQpVZ2guLiBJIHdhbnQgdG8gbWFrZSBzb21ldGhpbmcu,,,,,W01lY8OibmljbyBCdWthbF0KTsOjbyBzZWkgcG9yIHF1ZSB0b2RvIG11bmRvIGVzdMOhIHJlamVpdGFuZG8gdW0gZGlzcG9zaXRpdm8gcXVlIHBvZGUgbW92ZXIgb2JqZXRvcyBwZXNhZG9zLg==,,W01lY8OhbmljbyBCdWthbF0KVWZm4oCmIFF1aWVybyBmYWJyaWNhciBhbGdvLg==
SdRxBw,,UmVzZWFyY2hlciBHcnVt,,,,,W01lY8OibmljbyBCdWthbF0KRXUgZGV2ZXJpYSB0ZXIgY3JpYWRvIHVtIHF1YW5kbyBlbGVzIGVzdGF2YW0gbW9udGFuZG8gYXMgbm92YXMgdW5pZGFkZXMgcHVyaWZpY2Fkb3JhcyBkZSBhci4uLg==,,UmVzZWFyY2hlciBHcnVt
StRxBw,,W1Jlc2VhcmNoZXIgR3J1bV0KV2hvIGlzIHRoYXQgd29tYW4gdG8gY29uZHVjdCBhIGhlYWRjb3VudCBhcyBpZiBzaGUncyB0aGUgbGVhZGVyPw==,,,,,W01lY8OibmljbyBCdWthbF0KVWdoLi4uIEV1IHF1ZXJvIG1vbnRhciBhbGd1bWEgY29pc2Eu,,W0ludmVzdGlnYWRvciBHcnVtXQrCv1F1acOpbiBzZSBjcmVlIHF1ZSBlcyBlc2EgbXVqZXIgcXVlIGN1ZW50YSBhIGxhIGdlbnRlPyBOaSBxdWUgZnVlcmEgbGEgbMOtZGVyLg==
S9RxBw,,W1Jlc2VhcmNoZXIgR3J1bV0KVGhlcmUgd291bGRuJ3QgaGF2ZSBiZWVuIGFuIGV4cGxvc2lvbiBpZiB0aGVyZSB3YXMgbm8gZXhwZXJpbWVudCB0aGUgZmlyc3QgcGxhY2U/IFJpZ2h0Pw==,,,,,UGVzcXVpc2Fkb3IgR3J1bQ==,,W0ludmVzdGlnYWRvciBHcnVtXQpTaSBubyBodWJpZXJhbiBoZWNobyBlbCBleHBlcmltZW50bywgamFtw6FzIGhhYnLDrWEgb2N1cnJpZG8gbGEgZXhwbG9zacOzbi4gwr9WZXJkYWQ/
TNRxBw,,W1Jlc2VhcmNoZXIgR3J1bV0KSSB0aGluayB0aGUgc2VsZi1yaWdodGVvdXMgYW5kIGhhZ2dhcmRseSBGcmVzYSBoYXMgY2hhbmdlZC4=,,,,,W1Blc3F1aXNhZG9yIEdydW1dClF1ZW0gYXF1ZWxhIG11bGhlciBhY2hhIHF1ZSDDqSBwYXJhIGNvbmR1emlyIGEgY29udGFnZW0gY29tbyBzZSBmb3NzZSBhIGzDrWRlcj8=,,W0ludmVzdGlnYWRvciBHcnVtXQpDcmVvIHF1ZSBGcmVzYSwgZXNhIG11amVyIGRlbWFjcmFkYSBjb24gYWlyZXMgZGUgc3VwZXJpb3JpZGFkIG1vcmFsLCBjYW1iacOzLg==
TdRxBw,,W1Jlc2VhcmNoZXIgR3J1bV0KU2hlJ3MgYmVjb21lIG1vcmUgd2FybSBjb21wYXJlZCB0byB0aGUgcGFzdCwgcmlnaHQ/,,,,,W1Blc3F1aXNhZG9yIEdydW1dCkVtIHByaW1laXJvIGx1Z2FyLCBhIGV4cGxvc8OjbyBuw6NvIHRlcmlhIGFjb250ZWNpZG8gc2UgbsOjbyBmb3NzZSBwZWxvIGV4cGVyaW1lbnRvLiBDZXJ0bz8=,,W0ludmVzdGlnYWRvciBHcnVtXQpBaG9yYSBlc3TDoSBtw6FzIGPDoWxpZGEgcXVlIGFudGVzLCDCv25vPw==
TtRxBw,,W1Jlc2VhcmNoZXIgR3J1bV0KRnJlc2EgaGFzIGRlZmluaXRlbHkgY2hhbmdlZCBhIGxvdC4=,,,,,W1Blc3F1aXNhZG9yIEdydW1dCkV1IGFjaG8gcXVlIGEgbWVnZXJhIGhpcMOzY3JpdGEgZGEgRnJlc2EgbXVkb3Uu,,W0ludmVzdGlnYWRvciBHcnVtXQpTaW4gZHVkYSwgRnJlc2EgY2FtYmnDsyBtdWNoby4=
T9RxBw,,W1Jlc2VhcmNoZXIgR3J1bV0KVG9kYXkgc2hlIGlzIGhhbmRpbmcgb3V0IGdyYXBlcyB0byBwZW9wbGUuIEluIHRoZSBwYXN0IHRoYXQgd291bGQgaGF2ZSBiZWVuIHVuaW1hZ2luYWJsZS4=,,,,,W1Blc3F1aXNhZG9yIEdydW1dCkVsYSBwYXJlY2UgbWFpcyBnZW50aWwgZW0gY29tcGFyYcOnw6NvIGEgYW50ZXMsIGNlcnRvPw==,,W0ludmVzdGlnYWRvciBHcnVtXQpIb3kgZXN0w6EgcmVwYXJ0aWVuZG8gdXZhcyBhIGxhIGdlbnRlLiBBbnRlcywgZXNvIGhhYnLDrWEgc2lkbyBpbXBlbnNhYmxlLg==
UNRxBw,,W1Jlc2VhcmNoZXIgR3J1bV0KV2h5IGlzIHRoYXQgRnJlc2EgYWN0aW5nIGxpa2UgdGhlIGxlYWRlciBhbG9uZSBidXQgc3RpbGwgaGFzbid0IHRha2VuIG1lYXN1cmVzPw==,,,,,W1Blc3F1aXNhZG9yIEdydW1dCkEgRnJlc2EgcmVhbG1lbnRlIG11ZG91IG11aXRvLg==,,W0ludmVzdGlnYWRvciBHcnVtXQrCv1BvciBxdcOpIGVzYSBGcmVzYSBoYWNlIGNvc2FzIGNvbW8gc2kgZnVlcmEgbMOtZGVyLCBwZXJvIGHDum4gbm8gdG9tYSBtZWRpZGFzPw==
UdRxBw,,W1Jlc2VhcmNoZXIgR3J1bV0KTWVhc3VyZXMgbmVlZCB0byB0YWtlbiBhYm91dCB0aGUgY29udnVsc2luZyBwYXRpZW50cy4gQXJlIHlvdSBnb2luZyB0byBjb3ZlciB0aGlzIHVwIGxpa2UgaW4gdGhlIHBhc3Q/,,,,,W1Blc3F1aXNhZG9yIEdydW1dCkhvamUsIGVsYSBlc3TDoSBkYW5kbyB1dmFzIHBhcmEgYXMgcGVzc29hcy4gTm8gcGFzc2FkbywgaXNzbyB0ZXJpYSBzaWRvIGFsZ28gaW5pbWFnaW7DoXZlbC4=,,W0ludmVzdGlnYWRvciBHcnVtXQpIYXkgcXVlIGhhY2VyIGFsZ28gY29uIGxvcyBwYWNpZW50ZXMgcXVlIHN1ZnJlbiBjb252dWxzaW9uZXMuIMK/TG8gdmFzIGEgZW5jdWJyaXIgY29tbyBsbyBoaWNpc3RlIGFudGVzPw==
UtRxBw,,W1Jlc2VhcmNoZXIgR3J1bV0KU28gdGhpcyBpcyB3aGF0J3MgaGFwcGVuaW5nPw==,,,,,W1Blc3F1aXNhZG9yIEdydW1dClBvciBxdWUgYSBGcmVzYSBmaWNhIGFnaW5kbyBjb21vIGzDrWRlciwgbWFzIG7Do28gdG9tYSBuZW5odW1hIGF0aXR1ZGU/,,W0ludmVzdGlnYWRvciBHcnVtXQrCv0Fzw60gcXVlIGVzdG8gZXMgbG8gcXVlIGVzdMOhIHBhc2FuZG8/
U9RxBw,,W1Jlc2VhcmNoZXIgR3J1bV0KSSBzaG91bGQgaGF2ZSBrbm93biB3aGVuIHNoZSB0cmllZCB0byBoYWxmLWFzcyB0aGluZ3Mu,,,,,W1Blc3F1aXNhZG9yIEdydW1dCkRldmUgc2VyIHRvbWFkYSB1bWEgYXRpdHVkZSBzb2JyZSBvcyBwYWNpZW50ZXMgZW0gY29udnVsc8Ojby4gU2Vyw6EgcXVlIGVsYSB2YWkgYWJhZmFyIG8gY2FzbywgY29tbyBhbnRpZ2FtZW50ZT8=,,W0ludmVzdGlnYWRvciBHcnVtXQpEZWLDrSBkYXJtZSBjdWVudGEgY3VhbmRvIGVsbGEgaW50ZW50YWJhIGhhY2VyIGxhcyBjb3NhcyBhIG1lZGlhcy4=
VNRxBw,,W1Jlc2VhcmNoZXIgR3J1bV0KSSByZWFsbHkgZG9uJ3QgbGlrZSBzZWxmLXJpZ2h0ZW91cyBhbmQgaHlwb2NyaXRpY2FsIEZyZXNhLg==,,,,,W1Blc3F1aXNhZG9yIEdydW1dCkVudMOjbywgw6kgaXNzbyBxdWUgZXN0w6EgYWNvbnRlY2VuZG8/,,W0ludmVzdGlnYWRvciBHcnVtXQpNZSBjYWUgbXV5IG1hbCBGcmVzYSwgY29uIHN1IHN1cGVyaW9yaWRhZCBtb3JhbCBlIGhpcG9jcmVzw61hLg==
VdRxBw,,QWR2ZW50dXJlciBKZWFu,,,,,W1Blc3F1aXNhZG9yIEdydW1dCkV1IGRldmVyaWEgdGVyIHBlcmNlYmlkbyBxdWFuZG8gZWxhIHRlbnRvdSBmYXplciBhcyBjb2lzYXMgcGVsYSBtZXRhZGUu,,QWR2ZW50dXJlciBKZWFu
VtRxBw,,W0FkdmVudHVyZXIgSmVhbl0KVWg/ISBZb3UncmUgYW4gYWR2ZW50dXJlciB0b28/,,,,,W1Blc3F1aXNhZG9yIEdydW1dCkV1IHJlYWxtZW50ZSBuw6NvIGdvc3RvIGRhcXVlbGEgY29udmVuY2lkYSBoaXDDs2NyaXRhIGRhIEZyZXNhLg==,,W1Ryb3RhbXVuZG9zIEplYW5dCsKhwr9FaD8hIMK/RXJlcyB0cm90YW11bmRvcyBjb21vIHlvPw==
V9RxBw,,W0FkdmVudHVyZXIgSmVhbl0KVWdoLi4gSXQgc2VlbXMgeW91IGFyZSB1bmx1Y2t5IGFzIHdlbGwu,,,,,QXZlbnR1cmVpcm8gSmVhbg==,,W1Ryb3RhbXVuZG9zIEplYW5dClVmZuKApiBQYXJlY2UgcXVlIHTDuiB0YW1iacOpbiB0dXZpc3RlIG1hbGEgc3VlcnRlLg==
WNRxBw,,W0FkdmVudHVyZXIgSmVhbl0KRG9uJ3QgeW91IHRoaW5rIHRoaXMgcGxhY2UgaXMgdHJ5aW5nIHRvIGV4cGxvaXQgdXMgQWR2ZW50dXJlcnM/,,,,,W0F2ZW50dXJlaXJvIEplYW5dCkjDoz8hIFZvY8OqIHRhbWLDqW0gw6kgdW0gYXZlbnR1cmVpcm8/,,W1Ryb3RhbXVuZG9zIEplYW5dCsK/Tm8gdGUgcGFyZWNlIHF1ZSBlc3TDoW4gdHJhdGFuZG8gZGUgZXhwbG90YXIgYSBsb3MgdHJvdGFtdW5kb3MgY29tbyBub3NvdHJvcyBhcXXDrT8=
WdRxBw,,W0FkdmVudHVyZXIgSmVhbl0KVGhlIENhZmV0ZXJpYSBmb29kIGlzIGdvb2QgdGhvdWdoLg==,,,,,W0F2ZW50dXJlaXJvIEplYW5dClVnaC4uLiBQYXJlY2UgcXVlIHZvY8OqIHRhbWLDqW0gbsOjbyB0ZXZlIHNvcnRlLg==,,W1Ryb3RhbXVuZG9zIEplYW5dCkF1bnF1ZSBsYSBjb21pZGEgZGUgbGEgY2FmZXRlcsOtYSBlcyBidWVuYS4=
WtRxBw,,W0FkdmVudHVyZXIgSmVhbl0KR3JhcGVzIHdlcmUgc2VydmVkIG9uIHRoZSBzaWRlIHRvZGF5Lg==,,,,,W0F2ZW50dXJlaXJvIEplYW5dClZvY8OqIG7Do28gYWNoYSBxdWUgZXNzZSBsdWdhciBlc3TDoSB0ZW50YW5kbyBleHBsb3JhciBvcyBBdmVudHVyZWlyb3M/,,W1Ryb3RhbXVuZG9zIEplYW5dCkhveSBzaXJ2aWVyb24gZ3Vhcm5pY2nDs24gZGUgdXZhcy4=
W9RxBw,,W0FkdmVudHVyZXIgSmVhbl0KSSBsaWtlIGdyYXBlcy4gSSB3YW50IHRvIGVhdCBtb3JlLg==,,,,,W0F2ZW50dXJlaXJvIEplYW5dClBlbG8gbWVub3MgYSBjb21pZGEgZGEgQ2FudGluYSDDqSBib2Eu,,W1Ryb3RhbXVuZG9zIEplYW5dCk1lIGd1c3RhbiBsYXMgdXZhcy4gUXVpZXJvIGNvbWVyIG3DoXMu
XNRxBw,,W0FkdmVudHVyZXIgSmVhbl0KQSBmcmllbmQgSSBtYWRlIGhlcmUgaXMgY29uZmluZWQgaW4gdGhlIHRlbXBvcmFyeSBjbGluaWMuIFRoZXkgZm91bmQgYSB0cmFuc2ZlY3RhbnQgb3Igc29tZXRoaW5nLg==,,,,,W0F2ZW50dXJlaXJvIEplYW5dCkhvamUsIGVsZXMgc2VydmlyYW0gYXMgdXZhcyBjb21vIGFjb21wYW5oYW1lbnRvLg==,,W1Ryb3RhbXVuZG9zIEplYW5dClVuYSBhbWlzdGFkIHF1ZSBoaWNlIGFxdcOtIGFob3JhIGVzdMOhIGVuIGN1YXJlbnRlbmEgZW4gbGEgY2zDrW5pY2EgdGVtcG9yYWwuIExlIGVuY29udHJhcm9uIGPDqWx1bGFzIHRyYW5zZmVjdGFkYXMgbyBhbGdvIGFzw60u
XdRxBw,,W0FkdmVudHVyZXIgSmVhbl0KVG8gdXMgYWR2ZW50dXJlcnMgYSBoZWFsdGh5IGJvZHkgaXMgYW4gYXNzZXQu,,,,,W0F2ZW50dXJlaXJvIEplYW5dCkV1IGdvc3RvIGRlIHV2YXMuIFF1ZXJvIGNvbWVyIG1haXMu,,W1Ryb3RhbXVuZG9zIEplYW5dClBhcmEgbm9zb3Ryb3MgbG9zIHRyb3RhbXVuZG9zLCB1biBjdWVycG8gc2FsdWRhYmxlIGVzIG51ZXN0cmEgaGVycmFtaWVudGEu
XtRxBw,,W0FkdmVudHVyZXIgSmVhbl0KQXJlIHlvdSBhIHZvbHVudGVlciB0b28/IFlvdSBuZWVkIHN0cmVuZ3RoLg==,,,,,W0F2ZW50dXJlaXJvIEplYW5dClVtIGFtaWdvIHF1ZSBldSBjb25oZWNpIGFxdWkgZXN0w6EgY29uZmluYWRvIG5hIGNsw61uaWNhIHRlbXBvcsOhcmlhLiBFbmNvbnRyYXJhbSB1bSBhZ2VudGUgaW5mZWN0YW50ZSBvdSBhbGdvIGFzc2ltLg==,,W1Ryb3RhbXVuZG9zIEplYW5dCsK/VMO6IHRhbWJpw6luIHRlIG9mcmVjaXN0ZSBwYXJhIHRyYWJhamFyPyBOZWNlc2l0YXMgZnVlcnphLg==
X9RxBw,,W0FkdmVudHVyZXIgSmVhbl0KRWF0IHBsZW50eS4gVGhlIGZvb2QgaGVyZSBpcyBnb29kLg==,,,,,W0F2ZW50dXJlaXJvIEplYW5dClBhcmEgbsOzcywgYXZlbnR1cmVpcm9zLCB1bSBjb3JwbyBzYXVkw6F2ZWwgw6kgbXVpdG8gaW1wb3J0YW50ZS4=,,W1Ryb3RhbXVuZG9zIEplYW5dCkNvbWUgbXVjaG8uIEFxdcOtIGxhIGNvbWlkYSBlcyBidWVuYS4=
YNRxBw,,W0FkdmVudHVyZXIgSmVhbl0KSSBhdGUgYSBsb3Qgb2YgZGlmZmVyZW50IHRoaW5ncyBmcm9tIGFkdmVudHVyaW5nIHBsYWNlcy4=,,,,,W0F2ZW50dXJlaXJvIEplYW5dClZvY8OqIHRhbWLDqW0gw6kgdW0gdm9sdW50w6FyaW8/IMOJIHByZWNpc28gdGVyIGZvcsOnYXMu,,W1Ryb3RhbXVuZG9zIEplYW5dClByb2LDqSBkZSB0b2RvIGR1cmFudGUgbWlzIGF2ZW50dXJhcy4=
YdRxBw,,W0FkdmVudHVyZXIgSmVhbl0KSSB0aGluayB0aGUgZm9vZCBoZXJlIGlzIG9uZSBvZiB0aGUgYmVzdC4=,,,,,W0F2ZW50dXJlaXJvIEplYW5dCkNvbWEgYmFzdGFudGUuIEEgY29taWRhIGFxdWkgw6kgYm9hLg==,,W1Ryb3RhbXVuZG9zIEplYW5dCkNyZW8gcXVlIGxhIGNvbWlkYSBkZSBhcXXDrSBlcyB1bmEgZGUgbGFzIG1lam9yZXMu
YtRxBw,,Q2FmZXRlcmlhIExhZHk=,,,,,W0F2ZW50dXJlaXJvIEplYW5dCkV1IGNvbWkgbXVpdGFzIGNvaXNhcyBkaWZlcmVudGVzIGVtIHRvZG9zIG9zIGx1Z2FyZXMgcXVlIG1lIGF2ZW50dXJlaS4=,,Q2FmZXRlcmlhIExhZHk=
Y9RxBw,,W0NhZmV0ZXJpYSBMYWR5XQpTb3JyeS4gV2UgYXJlbid0IHJlYWR5IHRvIGRpc3RyaWJ1dGUgZm9vZCB5ZXQu,,,,,W0F2ZW50dXJlaXJvIEplYW5dCkUgYWNobyBxdWUgYSBjb21pZGEgZGFxdWkgw6kgdW1hIGRhcyBtZWxob3Jlcy4=,,W0VuY2FyZ2FkYSBkZSBjYWZldGVyw61hXQpQZXJkw7NuLiBBw7puIG5vIGVzdGFtb3MgZW4gY29uZGljaW9uZXMgZGUgZGlzdHJpYnVpciBsYSBjb21pZGEu
ZNRxBw,,W0NhZmV0ZXJpYSBMYWR5XQpHcmFiIGEgcGxhdGUgb3IgdHJheSBhbmQgd2FpdCBpbiBsaW5lLg==,,,,,TW/Dp2EgZGEgQ2FudGluYQ==,,W0VuY2FyZ2FkYSBkZSBjYWZldGVyw61hXQpUb21hIHVuIHBsYXRvIG8gdW5hIGJhbmRlamEgeSBoYXogbGEgZmlsYS4=
ZdRxBw,,W0NhZmV0ZXJpYSBMYWR5XQpPaCBubyB3aGF0IHNob3VsZCB3ZSBkbz8gV2UgcmFuIG91dCBvZiBncmFwZXMu,,,,,W01vw6dhIGRhIENhbnRpbmFdCkRlc2N1bHBlLiBBaW5kYSBuw6NvIGVzdMOhIG5hIGhvcmEgZGUgZGlzdHJpYnVpcm1vcyBhIGNvbWlkYS4=,,W0VuY2FyZ2FkYSBkZSBjYWZldGVyw61hXQpBeSwgbm8uIMK/UXXDqSBoYWNlbW9zPyBOb3MgcXVlZGFtb3Mgc2luIHV2YXMu
ZtRxBw,,W0NhZmV0ZXJpYSBMYWR5XQpOZXcgZ3JhcGVzIHNob3VsZCBiZSBkZWxpdmVyZWQgZnJvbSB0aGUgZmFybSBzb29uLiBEbyB5b3Ugd2FudCB0byB3YWl0Pw==,,,,,W01vw6dhIGRhIENhbnRpbmFdClBlZ3VlIHVtIHByYXRvIG91IHVtYSBiYW5kZWphIGUgZXNwZXJlIG5hIGZpbGEu,,W0VuY2FyZ2FkYSBkZSBjYWZldGVyw61hXQpQcm9udG8gZGViZXLDrWFtb3MgcmVjaWJpciBtw6FzIHV2YXMgZGUgbGEgZ3JhbmphLiDCv1F1aWVyZXMgZXNwZXJhcj8=
Z9RxBw,,W0NhZmV0ZXJpYSBMYWR5XQpEbyB5b3Uga25vdyB0aGF0J3MgdGhlIHRlbXBvcmFyeSBjbGluaWM/IFlvdSBjYW5ub3QgZ28gdGhhdCB3YXkgbm93Lg==,,,,,W01vw6dhIGRhIENhbnRpbmFdCkFoIG7Do28sIG8gcXVlIHZhbW9zIGZhemVyPyBBcyB1dmFzIGFjYWJhcmFtLg==,,W0VuY2FyZ2FkYSBkZSBjYWZldGVyw61hXQrCv1NhYsOtYXMgcXVlIGVzYSBlcyBsYSBjbMOtbmljYSB0ZW1wb3JhbD8gUG9yIGFob3JhLCBubyBwdWVkZXMgaXIu
aNRxBw,,W0NhZmV0ZXJpYSBMYWR5XQpUaGUgcGFzc2FnZSBpcyBibG9ja2VkIGJlY2F1c2Ugb2YgY29udnVsc2luZyBwYXRpZW50cy4=,,,,,W01vw6dhIGRhIENhbnRpbmFdCkEgbm92YSBjb2xoZWl0YSBkZXZlIGNoZWdhciBkYSBGYXplbmRhIGVtIGJyZXZlLiBWb2PDqiBxdWVyIGVzcGVyYXI/,,W0VuY2FyZ2FkYSBkZSBjYWZldGVyw61hXQpFc3TDoSBwcm9oaWJpZG8gZWwgaW5ncmVzbyBwb3JxdWUgaGF5IHBhY2llbnRlcyBjb24gY29udnVsc2lvbmVzLg==
adRxBw,,W0NhZmV0ZXJpYSBMYWR5XQpZb3UgYXJlIHdvcmtpbmcgaGFyZC4=,,,,,W01vw6dhIGRhIENhbnRpbmFdClZvY8OqIHNhYmUgcXVlIGFsaSDDqSBhIGNsw61uaWNhIHRlbXBvcsOhcmlhPyBOw6NvIHBvZGUgaXIgcGFyYSBsw6EgYWdvcmEu,,W0VuY2FyZ2FkYSBkZSBjYWZldGVyw61hXQpFc3TDoXMgdHJhYmFqYW5kbyBhcmR1by4=
atRxBw,,T2ZmIExpbWl0cw==,,,,,W01vw6dhIGRhIENhbnRpbmFdCkEgcGFzc2FnZW0gZXN0w6EgYmxvcXVlYWRhIHBvciBjYXVzYSBkb3MgcGFjaWVudGVzIGVtIGNvbnZ1bHPDo28u,,T2ZmIExpbWl0cw==
a9RxBw,,QWR2ZW50dXJlciBCcmVlemlu,,,,,W01vw6dhIGRhIENhbnRpbmFdClZvY8OqIGVzdMOhIHRyYWJhbGhhbmRvIG11aXRvLg==,,QWR2ZW50dXJlciBCcmVlemlu
bNRxBw,,W0FkdmVudHVyZXIgQnJlZXppbl0KQWhoLi4gV2h5IGRpZCBJIHRyYXZlbCBoZXJlLi4=,,,,,Wm9uYSBQcm9pYmlkYQ==,,W1Ryb3RhbXVuZG9zIEJyZWV6aW5dCkFoaOKApiDCv1BvciBxdcOpIHZpbmUgYXF1w60/
bdRxBw,,W0FkdmVudHVyZXIgQnJlZXppbl0KSGV5IGRvbid0IHRoaW5rIG9mIGdvaW5nIG91dCB0aGF0IHdheS4gSXQncyBnb2luZyB0byBiZSBkYW5nZXJvdXMgYmVjYXVzZSBvZiB0aGUgZXhwbG9zaW9uLg==,,,,,QXZlbnR1cmVpcm8gQnJlZXppbg==,,W1Ryb3RhbXVuZG9zIEJyZWV6aW5dCk95ZSwgbmkgc2UgdGUgb2N1cnJhIHNlZ3VpciBwb3IgYWjDrS4gRXMgcGVsaWdyb3NvIHBvciBsYSBleHBsb3Npw7NuLg==
btRxBw,,W0FkdmVudHVyZXIgQnJlZXppbl0KVG9kYXkgaXMgc3RyYW5nZS4gSGV5IGRvIHlvdSBzZWUgdGhlIG15c3RlcmlvdXMgZGV2aWNlIG92ZXIgdGhlcmUgdG9vPw==,,,,,W0F2ZW50dXJlaXJvIEJyZWV6aW5dCkFoLi4uIFBvciBxdWUgdm9jw6ogdmlham91IGF0w6kgYXF1aT8=,,W1Ryb3RhbXVuZG9zIEJyZWV6aW5dCkhveSBlcyB1biBkw61hIHJhcm8uIMK/VMO6IHRhbWJpw6luIHZlcyBlc2UgZGlzcG9zaXRpdm8gbWlzdGVyaW9zbz8=
b9RxBw,,W0FkdmVudHVyZXIgQnJlZXppbl0KSSB0aGluayBJIHNhaWQgaXQgMzAgdGltZXMgdG9kYXkgYWxvbmUgYnV0IHRoZXJlIGlzIG5vIGRldmljZSBhdCB0aGUgZG9vci4=,,,,,W0F2ZW50dXJlaXJvIEJyZWV6aW5dCkVpLCBuZW0gcGVuc2UgZW0gaXIgcGFyYSBsw6EuIMOJIHBlcmlnb3NvIHBvciBjYXVzYSBkYSBleHBsb3PDo28u,,W1Ryb3RhbXVuZG9zIEJyZWV6aW5dClNvbG8gZWwgZMOtYSBkZSBob3kgbG8gcmVwZXTDrSBjb21vIDMwdmVjZXMsIHBlcm8gbm8gaGF5IGRpc3Bvc2l0aXZvcyBlbiBsYSBwdWVydGEu
cNRxBw,,W0FkdmVudHVyZXIgQnJlZXppbl0KSSBhbSBpdGNoaW5nIGZvciBhbiBhZHZlbnR1cmUgYnV0IHNhZmV0eSBvdXRzaWRlIGlzbid0IGNvbmZpcm1lZCBzbyBkb24ndCB0aGluayBvZiBnb2luZyBvdXRzaWRlLg==,,,,,W0F2ZW50dXJlaXJvIEJyZWV6aW5dCk8gZGlhIGhvamUgZXN0w6EgZXN0cmFuaG8uIEVpLCB2b2PDqiB0YW1iw6ltIHbDqiBhcXVlbGUgZGlzcG9zaXRpdm8gbWlzdGVyaW9zbyBhbGk/,,W1Ryb3RhbXVuZG9zIEJyZWV6aW5dCk11ZXJvIGRlIGdhbmFzIHBvciB1biBwb2NvIGRlIGF2ZW50dXJhLCBwZXJvIGHDum4gbm8gY29uZmlybWFuIHNpIGVzIHNlZ3VybyBzYWxpciwgYXPDrSBxdWUgYXF1w60gbWUgcXVlZG8u
cdRxBw,,W0FkdmVudHVyZXIgQnJlZXppbl0KQSB3aGlsZSBJIGFnbyBJIGNvdWxkbid0IHN0b3AgdGhlIENoZW1pY2FsIFN1YnN0YW5jZSBTcGVjaWFsaXN0cyBmcm9tIGdvaW5nIG91dHNpZGUu,,,,,W0F2ZW50dXJlaXJvIEJyZWV6aW5dCkFjaG8gcXVlIGrDoSBkaXNzZSBpc3NvIGhvamUgdW1hcyAzMCB2ZXplcywgbWFzIG7Do28gdGVtIG5lbmh1bSBkaXNwb3NpdGl2byBuYSBwb3J0YS4=,,W1Ryb3RhbXVuZG9zIEJyZWV6aW5dCkhhY2UgdW4gdGllbXBvLCBubyBwdWRlIGV2aXRhciBxdWUgbG9zIGVzcGVjaWFsaXN0YXMgZW4gc3VzdGFuY2lhcyBxdcOtbWljYXMgc2FsaWVyYW4u
ctRxBw,,W0FkdmVudHVyZXIgQnJlZXppbl0KU2VlaW5nIGhvdyB0aGV5IGRpZG4ndCByZXR1cm4sIHRoZXkgbXVzdCBiZSBkZWFkLCByaWdodD8=,,,,,W0F2ZW50dXJlaXJvIEJyZWV6aW5dCkVzdG91IGRvaWRvIHBvciB1bWEgYXZlbnR1cmEsIG1hcyBuw6NvIGVzdGFtb3MgZW0gc2VndXJhbsOnYSBuZW0gYXF1aSBkZW50cm8sIGVudMOjbyBuZW0gcGVuc28gZW0gaXIgbMOhIGZvcmEu,,W1Ryb3RhbXVuZG9zIEJyZWV6aW5dCkHDum4gbm8gdm9sdmllcm9uLCBhc8OtIHF1ZSBkZWJlbiBlc3RhciBtdWVydG9zLCDCv25vPw==
c9RxBw,,W0FkdmVudHVyZXIgQnJlZXppbl0KVGhlIHNpdHVhdGlvbiBoYXMgZ3Jvd24gb3V0IG9mIGNvbnRyb2wu,,,,,W0F2ZW50dXJlaXJvIEJyZWV6aW5dCkjDoSBhbGd1bSB0ZW1wbywgZXUgbsOjbyBjb25zZWd1aSBpbXBlZGlyIHF1ZSBvcyBFc3BlY2lhbGlzdGFzIGVtIFN1YnN0w6JuY2lhcyBRdcOtbWljYXMgZm9zc2VtIGzDoSBmb3JhLg==,,W1Ryb3RhbXVuZG9zIEJyZWV6aW5dCkxhIHNpdHVhY2nDs24gc2UgZGVzY29udHJvbMOzLg==
dNRxBw,,W0FkdmVudHVyZXIgQnJlZXppbl0KSGFhLSBTaG91bGQgaGF2ZSBJIHN0b3BwZWQgdGhvc2UgcGVvcGxlIGxlYXZpbmcgdGhlIGFpci1yYWlkIHNoZWx0ZXI/,,,,,W0F2ZW50dXJlaXJvIEJyZWV6aW5dCkUgasOhIHF1ZSBuw6NvIHZvbHRhcmFtLCBlbGVzIGRldmVtIGVzdGFyIG1vcnRvcywgY2VydG8/,,W1Ryb3RhbXVuZG9zIEJyZWV6aW5dCkFhYWgsIMK/ZGViw60gaW1wZWRpciBxdWUgZXNhcyBwZXJzb25hcyBzYWxpZXJhbiBkZWwgcmVmdWdpbyBhbnRpYcOpcmVvPw==
ddRxBw,,W0FkdmVudHVyZXIgQnJlZXppbl0KQXMgaXQgc2F5cyBvbiB0aGUgc2lnbiBpdCBpcyBhbiBvZmYgbGltaXRzIHpvbmUu,,,,,W0F2ZW50dXJlaXJvIEJyZWV6aW5dCkEgc2l0dWHDp8OjbyBlc3TDoSBzYWluZG8gZGUgY29udHJvbGUu,,W1Ryb3RhbXVuZG9zIEJyZWV6aW5dCkNvbW8gZGljZSBlbiBlbCBjYXJ0ZWw6IGVzIHVuYSB6b25hIHByb2hpYmlkYS4=
dtRxBw,,QWNjZXNzIENvbnRyb2wgR3VhcmQ=,,,,,W0F2ZW50dXJlaXJvIEJyZWV6aW5dCkhhYWguLi4gU2Vyw6EgcXVlIGV1IGRldmVyaWEgdGVyIGltcGVkaWRvIGFxdWVsYXMgcGVzc29hcyBkZSBzYcOtcmVtIGRvIGFicmlnbyBzdWJ0ZXJyw6JuZW8/,,QWNjZXNzIENvbnRyb2wgR3VhcmQ=
d9RxBw,,W0FjY2VzcyBDb250cm9sIEd1YXJkXQpZb3UgY2Fubm90IGVudGVyIHRoaXMgYXJlYSBiZWNhdXNlIGl0IGlzIHVuZGVyIGNvbnN0cnVjdGlvbi4=,,,,,W0F2ZW50dXJlaXJvIEJyZWV6aW5dCkNvbW8gZGl6IG5vIGNhcnRheiwgZXN0YSDDqSB1bWEgem9uYSBwcm9pYmlkYS4=,,W0d1YXJkaWEgZGUgYWNjZXNvXQpObyBwdWVkZXMgcGFzYXIgcG9ycXVlIGVzIHVuYSB6b25hIGVuIGNvbnN0cnVjY2nDs24u
eNRxBw,,W0FjY2VzcyBDb250cm9sIEd1YXJkXQpBY2NvcmRpbmcgdG8gdGhlIEZhY2lsaXRpZXMgbWFuYWdlcnMgaXQgd2lsbCBiZSBsYXRlciB1c2VkIGFzIGEgQ2xpbmljLg==,,,,,R3VhcmRh,,W0d1YXJkaWEgZGUgYWNjZXNvXQpMb3MgYWRtaW5pc3RyYWRvcmVzIGRlIGluc3RhbGFjaW9uZXMgZGljZW4gcXVlIHNlIGRlc3RpbmFyw6EgYSB1bmEgY2zDrW5pY2Eu
edRxBw,,W0FjY2VzcyBDb250cm9sIEd1YXJkXQpBY2Nlc3MgdG8gdGhlIHRlbXBvcmFyeSBjbGluaWMgaXMgcmVzdHJpY3RlZCB0byBxdWFyYW50aW5lIGNvbnZ1bHNpbmcgcGF0aWVudHMu,,,,,W0d1YXJkYSBkZSBDb250cm9sZSBkZSBBY2Vzc29dClZvY8OqIG7Do28gcG9kZSBlbnRyYXIgbmVzc2Egw6FyZWEgcG9ycXVlIGVzdMOhIGVtIGNvbnN0cnXDp8Ojby4=,,W0d1YXJkaWEgZGUgYWNjZXNvXQpObyBzZSBwdWVkZSBhY2NlZGVyIGEgbGEgY2zDrW5pY2EgdGVtcG9yYWw6IGxvcyBwYWNpZW50ZXMgY29uIGNvbnZ1bHNpb25lcyBlc3TDoW4gZW4gY3VhcmVudGVuYS4=
etRxBw,,W0FjY2VzcyBDb250cm9sIEd1YXJkXQpJIGFzayBmb3IgeW91ciB1bmRlcnN0YW5kaW5nLg==,,,,,W0d1YXJkYSBkZSBDb250cm9sZSBkZSBBY2Vzc29dCkRlIGFjb3JkbyBjb20gb3MgZ2VyZW50ZXMgZGUgaW5zdGFsYcOnw7Vlcywgc2Vyw6EgdXNhZGEgY29tbyB1bWEgQ2zDrW5pY2EgZnV0dXJhbWVudGUu,,W0d1YXJkaWEgZGUgYWNjZXNvXQpBZ3JhZGV6Y28gdHUgY29tcHJlbnNpw7NuLg==
e9RxBw,,W0FjY2VzcyBDb250cm9sIEd1YXJkXQpNb3ZlbWVudCBpbiB0aGlzIGFyZWEgaXMgY3VycmVudGx5IHByb2hpYml0ZWQu,,,,,W0d1YXJkYSBkZSBDb250cm9sZSBkZSBBY2Vzc29dCk8gYWNlc3NvIMOgIGNsw61uaWNhIHRlbXBvcsOhcmlhIGVzdMOhIHJlc3RyaXRvIGEgcGFjaWVudGVzIGVtIHF1YXJlbnRlbmEgcXVlIGVzdMOjbyBjb252dWxzaW9uYW5kby4=,,W0d1YXJkaWEgZGUgYWNjZXNvXQpEZSBtb21lbnRvLCBlbCBhY2Nlc28gYSBlc3RhIHpvbmEgZXN0w6EgcHJvaGliaWRvLg==
fNRxBw,,RmFjaWxpdGllcyBtYW5hZ2VyIEppa28=,,,,,W0d1YXJkYSBkZSBDb250cm9sZSBkZSBBY2Vzc29dClBlw6dvIGEgc3VhIGNvbXByZWVuc8Ojby4=,,RmFjaWxpdGllcyBtYW5hZ2VyIEppa28=
fdRxBw,,W0ZhY2lsaXRpZXMgbWFuYWdlciBKaWtvXQpBYWgtIEkgZG9uJ3Qga25vdyB0aGUgcmVhc29uIGJ1dCB0aGUgY29udHJvbCByb29tIGlz,,,,,W0d1YXJkYSBkZSBDb250cm9sZSBkZSBBY2Vzc29dCkEgbW92aW1lbnRhw6fDo28gbmVzdGEgw6FyZWEgZXN0w6EgcHJvaWJpZGEgbm8gbW9tZW50by4=,,W0FkbWluaXN0cmFkb3IgSmlrb10KQWFo4oCmIE5vIHPDqSBwb3IgcXXDqSwgcGVybyBsYSBzYWxhIGRlIGNvbnRyb2wgZXN0w6E=
ftRxBw,,W0ZhY2lsaXRpZXMgbWFuYWdlciBKaWtvXQppcyBkYW1hZ2VkIGEgbG90LiBBdCB0aGlzIHBvaW50IGl0IGlzbid0IGEgY29udHJvbCByb29tIGJ1dCBhIHdhcmVob3VzZS4=,,,,,R2VyZW50ZSBKaWtv,,W0FkbWluaXN0cmFkb3IgSmlrb10KbXV5IGRhw7FhZGEuIFlhIG5pIGVzIHVuYSBzYWxhIGRlIGNvbnRyb2wsIG3DoXMgYmllbiBlcyB1biBkZXDDs3NpdG8u
f9RxBw,,W0ZhY2lsaXRpZXMgbWFuYWdlciBKaWtvXQpBaCB0aGUgYWlyIGNsZWFuaW5nIHVuaXQgZG9lc24ndCBiZWxvbmcgaGVyZS4=,,,,,W0dlcmVudGUgZGUgaW5zdGFsYcOnw7VlcyBKaWtvXQpBYWghIEV1IG7Do28gc2VpIG8gbW90aXZvLCBtYXMgYSBzYWxhIGRlIGNvbnRyb2xlIGVzdMOhIA==,,W0FkbWluaXN0cmFkb3IgSmlrb10KQWgsIGVsIHB1cmlmaWNhZG9yIGRlIGFpcmUgbm8gZGViZSBlc3RhciBhcXXDrS4=
gNRxBw,,W0ZhY2lsaXRpZXMgbWFuYWdlciBKaWtvXQpJZiBteSBtZW1vcnkgaXMgY29ycmVjdCwgeW91IGhhdmUgdG8gZGVsaXZlciB0aGVtIHRvIFpvbmVzIEMtMCwgRi0xLCBGLTIsIEktMCwgWi0wLg==,,,,,W0dlcmVudGUgZGUgaW5zdGFsYcOnw7VlcyBKaWtvXQptdWl0byBkYW5pZmljYWRhLiBEZXNzZSBqZWl0bywgcGFyZWNlIG1haXMgdW0gZGVww7NzaXRvIGRvIHF1ZSB1bWEgc2FsYSBkZSBjb250cm9sZS4=,,W0FkbWluaXN0cmFkb3IgSmlrb10KU2kgbm8gbWUgZmFsbGEgbGEgbWVtb3JpYSwgZGViZXMgZW50cmVnYXJsb3MgYSBsYXMgem9uYXMgQy0wLCBGLTEsIEYtMiwgSS0wIHkgWi0wLg==
gdRxBw,,W0ZhY2lsaXRpZXMgbWFuYWdlciBKaWtvXQpIYWEtIEkgaGF2ZSBiZWVuIGNsZWFuaW5nIHRoZSBDb250cm9sIHJvb20gZm9yIHNldmVyYWwgZGF5cyBub3c=,,,,,W0dlcmVudGUgZGUgaW5zdGFsYcOnw7VlcyBKaWtvXQpBaCwgYSB1bmlkYWRlIHB1cmlmaWNhZG9yYSBkZSBhciBuw6NvIGRldmUgZmljYXIgYXF1aS4=,,W0FkbWluaXN0cmFkb3IgSmlrb10KQWho4oCmIEhhY2UgeWEgdmFyaW9zIGTDrWFzIHF1ZSBlc3RveSBsaW1waWFuZG8gbGEgc2FsYSBkZSBjb250cm9sLg==
gtRxBw,,W0ZhY2lsaXRpZXMgbWFuYWdlciBKaWtvXQpUaGlzIHBsYWNlIGNhbm5vdCBiZSBvcmdhbml6ZWQgbm8gbWF0dGVyIGhvdyBJIG11Y2ggb3JnYW5pemUgaXQuIEkgZ3Vlc3Mgd2Ugc2hvdWxkIGp1c3QgdXNlIGl0IGZvciBzdG9yYWdlLg==,,,,,W0dlcmVudGUgZGUgaW5zdGFsYcOnw7VlcyBKaWtvXQpTZSBuw6NvIG1lIGVuZ2Fubywgdm9jw6ogZGV2ZSBlbnRyZWfDoS1sYXMgbmFzIFpvbmFzIEMtMCwgRi0xLCBGLTIsIEktMCwgWi0wLg==,,W0FkbWluaXN0cmFkb3IgSmlrb10KUG9yIG3DoXMgcXVlIGxvIGludGVudGUsIGVzdGUgbHVnYXIgZXMgaW1wb3NpYmxlIGRlIG9yZ2FuaXphci4gU2Vyw6EgbWVqb3IgdXNhcmxvIGRlIGFsbWFjw6luLg==
g9RxBw,,W0ZhY2lsaXRpZXMgbWFuYWdlciBKaWtvXQpDb21lIG9uIGluLiBXZWxjb21lIHRvIHRoZSBXYXJlaG91c2Uu,,,,,W0dlcmVudGUgZGUgaW5zdGFsYcOnw7VlcyBKaWtvXQpIYWEhIEV1IGVzdG91IGxpbXBhbmRvIGEgU2FsYSBkZSBjb250cm9sZSBow6EgdsOhcmlvcyBkaWFzLg==,,W0FkbWluaXN0cmFkb3IgSmlrb10KQWRlbGFudGUuIEdyYWNpYXMgcG9yIHZlbmlyIGFsIGRlcMOzc2l0by4=
hNRxBw,,W0ZhY2lsaXRpZXMgbWFuYWdlciBKaWtvXQpVcnJnaGg=,,,,,W0dlcmVudGUgZGUgaW5zdGFsYcOnw7VlcyBKaWtvXQpOw6NvIGltcG9ydGEgbyBxdWFudG8gZXUgdGVudGUsIGVzc2UgbHVnYXIgbsOjbyBwb2RlIHNlciBvcmdhbml6YWRvLiBBY2hvIHF1ZSBkZXZlcsOtYW1vcyB1c2FyIGNvbW8gdW0gZGVww7NzaXRvLg==,,W0FkbWluaXN0cmFkb3IgSmlrb10KVXJyZmZmLg==
hdRxBw,,W0ZhY2lsaXRpZXMgbWFuYWdlciBKaWtvXQpUaGlzIGlzIG5vdCB0aGUgY29udHJvbCByb29tLg==,,,,,W0dlcmVudGUgZGUgaW5zdGFsYcOnw7VlcyBKaWtvXQpQb2RlIGVudHJhci4gQmVtLXZpbmRvIGFvIERlcMOzc2l0by4=,,W0FkbWluaXN0cmFkb3IgSmlrb10KRXN0YSBubyBlcyBsYSBzYWxhIGRlIGNvbnRyb2wu
htRxBw,,W0ZhY2lsaXRpZXMgbWFuYWdlciBKaWtvXQpJdCdzIHRoZSB3YXJlaG91c2UhIQ==,,,,,W0dlcmVudGUgZGUgaW5zdGFsYcOnw7VlcyBKaWtvXQpVcnJnaGg=,,W0FkbWluaXN0cmFkb3IgSmlrb10KwqHCoUVzIGVsIGRlcMOzc2l0byEh
h9RxBw,,W0ZhY2lsaXRpZXMgbWFuYWdlciBKaWtvXQpIYS0gbXkgaGVhZCBhY2hlcy4=,,,,,W0dlcmVudGUgZGUgaW5zdGFsYcOnw7VlcyBKaWtvXQpFc3RhIG7Do28gw6kgYSBzYWxhIGRlIGNvbnRyb2xlLg==,,W0FkbWluaXN0cmFkb3IgSmlrb10KQXksIG1lIGR1ZWxlIGxhIGNhYmV6YS4=
iNRxBw,,TnVyc2U=,,,,,W0dlcmVudGUgZGUgaW5zdGFsYcOnw7VlcyBKaWtvXQogw4kgbyBkZXDDs3NpdG8h,,TnVyc2U=
idRxBw,,W051cnNlXQpQYXRpZW50fiBUaGF0IGNoYWlyIGlzIHF1aXRlIGhpZ2guLiBkb2Vzbid0IHlvdXIgaGVhZCBhY2hlPw==,,,,,W0dlcmVudGUgZGUgaW5zdGFsYcOnw7VlcyBKaWtvXQpBaC4uLiBNaW5oYSBjYWJlw6dhIGTDs2ku,,W0VuZmVybWVyYV0KUGFjaWVudGV+LiBFc2Egc2lsbGEgZXMgYmFzdGFudGUgYWx0YeKApiDCv25vIHRlIGR1ZWxlIGxhIGNhYmV6YT8=
itRxBw,,W051cnNlXQpXaHkgZG9lcyBoZSBzYXkgaGUgaGFzIGEgY3JhbXA/IFRoZSBvdGhlciBwYXRpZW50cyBkaWRuJ3QgaGF2ZSB0aGF0IHByb2JsZW0u,,,,,W0VuZmVybWVpcmFdClBhY2llbnRlLi4uIEVzdGEgY2FkZWlyYSDDqSBiZW0gYWx0YS4uLiBOw6NvIGVzdMOhIGNvbSBkb3IgZGUgY2FiZcOnYT8=,,W0VuZmVybWVyYV0Kwr9Qb3IgcXXDqSBkaWNlIHF1ZSB0aWVuZSB1biBjYWxhbWJyZT8gTG9zIG90cm9zIHBhY2llbnRlcyBubyB0dXZpZXJvbiBlc2Ugc8OtbnRvbWEu
i9RxBw,,W051cnNlXQpBcmdoLSBJIHRvbGQgeW91IG5vdCB0byBzY3JpYmJsZSBvbiB0aGUgZmxvb3Igd2hpbGUgcHJldGVuZGluZyB0byBzbGVlcC4=,,,,,W0VuZmVybWVpcmFdClBvciBxdWUgZWxlIGRpc3NlIHF1ZSBlc3TDoSBjb20gY8OiaW1icmE/IE9zIG91dHJvcyBwYWNpZW50ZXMgbsOjbyB0aXZlcmFtIGVzdGUgcHJvYmxlbWEu,,W0VuZmVybWVyYV0KQXJq4oCmIFlhIHRlIGxvIGRpamU6IG5vIGhhZ2FzIGdhcmFiYXRvcyBlbiBlbCBzdWVsbyBtaWVudHJhcyBmaW5nZXMgZG9ybWlyLg==
jNRxBw,,W051cnNlXQpZb3UgcmFuIGFyb3VuZCB0aGUgZWxlcGhhbnQgdHJ1bmsgdGhpcnR5IHRpbWVzIHNvIHlvdSBtdXN0IGJlIHNpY2suIENsYWltaW5nIGhlIGNhbid0IGZlZWwgZGl6emluZXNzLiBRdWl0ZSB0aGUgYmx1ZmZlci4=,,,,,W0VuZmVybWVpcmFdCkFyZ2guIEV1IHRlIGRpc3NlIHBhcmEgbsOjbyByYWJpc2NhciBvIGNow6NvIGVucXVhbnRvIGZpbmdlIGRvcm1pci4=,,W0VuZmVybWVyYV0KRGVzYWZpYXN0ZSB0dXMgbMOtbWl0ZXMgdHJlaW50YSB2ZWNlczsgc2VndXJvIHF1ZSB0ZSBtYXJlYXN0ZS4gRGljZSBxdWUgbm8gc2llbnRlIGVsIG1hcmVvLiBDw7NtbyBtaWVudGVzLg==
jdRxBw,,W051cnNlXQpBaCBnZWV6ISBUaGVyZSBpcyBubyBvdGhlciBpc3N1ZXMgeWV0IGJ1dCB3aHkgaXMgaGUgc2F5aW5nIGhlJ3MgZGl6enk/,,,,,W0VuZmVybWVpcmFdClZvY8OqIGNvcnJldSBlbSB2b2x0YSBkYSB0cm9tYmEgZG8gZWxlZmFudGUgdHJpbnRhIHZlemVzLCBlbnTDo28gZGV2ZSBlc3RhciBkb2VudGUuIERpemVuZG8gcXVlIG7Do28gZXN0w6EgY29tIHRvbnR1cmEuIE1hcyBxdWUgbWVudGlyYS4=,,W0VuZmVybWVyYV0KQXksIMKhbWFsZGl0YSBzZWEhIEHDum4gbm8gcHJlc2VudGEgb3Ryb3Mgc8OtbnRvbWFzOyDCv3BvciBxdcOpIGRpY2UgcXVlIHNpZW50ZSBtYXJlb3M/
jtRxBw,,W051cnNlXQpTbyB3aGF0IGRvIHlvdSBtZWFuISEgV2hlcmUgZG9lcyBpdCBodXJ0ISE=,,,,,W0VuZmVybWVpcmFdCk1pbmhhIG5vc3NhISBBaW5kYSBuw6NvIGFwcmVzZW50b3UgbmVuaHVtIGRvcyBvdXRyb3Mgc2ludG9tYXMsIHBvciBxdWUgZWxlIGRpeiBxdWUgZXN0w6EgY29tIHRvbnR1cmE/,,W0VuZmVybWVyYV0KwqFQdWVzIHF1w6kgcXVpZXJlcyBkZWNpcj8hIMKhwr9Ew7NuZGUgdGUgZHVlbGU/IQ==
j9RxBw,,W051cnNlXQpXaGF0IGRvIHlvdSBtZWFuIG5vdGhpbmcgaXMgd3JvbmcsIHlvdXIgZmFjZSBoYXMgZ29uZSBwdXJwbGUu,,,,,W0VuZmVybWVpcmFdCk8gcXVlIHZvY8OqIHF1ZXIgZGl6ZXI/ISBPbmRlIGVzdMOhIGRvZW5kbz8h,,W0VuZmVybWVyYV0Kwr9Dw7NtbyBxdWUgbm8gcGFzYSBuYWRhPyBTZSB0ZSBwdXNvIGxhIGNhcmEgbW9yYWRhLg==
kNRxBw,,QmlvZW5naW5lZXI=,,,,,W0VuZmVybWVpcmFdCkNvbW8gYXNzaW0gbsOjbyB0ZW0gbmFkYSBkZSBlcnJhZG8/IFNldSByb3N0byBlc3TDoSBmaWNhbmRvIHJveG8u,,QmlvZW5naW5lZXI=
kdRxBw,,W0Jpb2VuZ2luZWVyXQpJdCBzZWVtcyB3ZSBjYW4gaGFydmVzdCBncmFwZSB0cmVlIG51bWJlciAxIHdpdGhvdXQgcHJvYmxlbXMuIFdoYXQgYSByZWxpZWYu,,,,,QmlvZW5nZW5oZWlybw==,,W0Jpb2luZ2VuaWVyb10KQWwgcGFyZWNlciwgbGEgdmlkIG7Dum1lcm8xIGVzdMOhIGxpc3RhIHBhcmEgY29zZWNoYXIuIFF1w6kgYWxpdmlvLg==
ktRxBw,,W0Jpb2VuZ2luZWVyXQpNeSBoZWFydCBzYW5rIHdoZW4gdGhlIE1lY2hhbmljaWFucyBkZXN0cm95ZWQgYSB0cmVlLi4=,,,,,W0Jpb2VuZ2VuaGVpcm9dClBhcmVjZSBxdWUgcG9kZW1vcyBjb2xoZXIgYXMgdXZhcyBkYSB2aWRlaXJhIG7Dum1lcm8gMSBzZW0gcHJvYmxlbWFzLiBRdWUgYWzDrXZpby4=,,W0Jpb2luZ2VuaWVyb10KQ3VhbmRvIGxvcyBtZWPDoW5pY29zIGRlc3RydXllcm9uIHVuYSBwbGFudGEgZGUgdmlkLCBtZSBwYXJ0acOzIGVsIGNvcmF6w7NuLg==
k9RxBw,,W0Jpb2VuZ2luZWVyXQpUaGUgc29pbCBncmFwZSB0cmVlIG51bWJlciAyIGlzIGluIHNlZW1zIHRvIGJlIGxhY2tpbmcgbnV0cml0aW9uLg==,,,,,W0Jpb2VuZ2VuaGVpcm9dCkZpcXVlaSBhcnJhc2FkbyBxdWFuZG8gb3MgTWVjw6JuaWNvcyBkZXN0cnXDrXJhbSB1bWEgdmlkZWlyYS4uLg==,,W0Jpb2luZ2VuaWVyb10KRWwgc3VlbG8gZGUgbGEgdmlkIG7Dum1lcm8yIHBhcmVjZSB0ZW5lciBwb2NvcyBudXRyaWVudGVzLg==
lNRxBw,,W0Jpb2VuZ2luZWVyXQpXZSBuZWVkIHRvIHByZXBhcmUgZmVydGlsaXplciB0byBwcm92aWRlIHRoZSBzb2lsIG1vcmUgbnV0cml0aW9uLg==,,,,,W0Jpb2VuZ2VuaGVpcm9dClBhcmVjZSBlc3RhciBmYWx0YW5kbyBudXRyaWVudGVzIG5vIHNvbG8gZGEgdmlkZWlyYSBuw7ptZXJvIDIu,,W0Jpb2luZ2VuaWVyb10KRGViZW1vcyBwcmVwYXJhciBmZXJ0aWxpemFudGUgcGFyYSBudXRyaXJsby4=
ldRxBw,,W0Jpb2VuZ2luZWVyXQpJIHdvcnJpZWQgYmVjYXVzZSBhIGxvdCBvZiB3ZWlyZCBzdHVmZiB3YXMgZ3Jvd2luZyBhcm91bmQgZ3JhcGUgdHJlZSBudW1iZXIgMy4=,,,,,W0Jpb2VuZ2VuaGVpcm9dClByZWNpc2Ftb3MgcHJlcGFyYXIgdW0gZmVydGlsaXphbnRlIHBhcmEgZGFyIG1haXMgbnV0cmnDp8OjbyBhbyBzb2xvLg==,,W0Jpb2luZ2VuaWVyb10KQWxyZWRlZG9yIGRlIGxhIHZpZCBuw7ptZXJvMyBlc3TDoW4gY3JlY2llbmRvIG11Y2hhcyBjb3NhcyByYXJhczsgbWUgcHJlb2N1cGEu
ltRxBw,,W0Jpb2VuZ2luZWVyXQpJdCBzZWVtcyB0aGUgaGFydmVzdCB3aWxsIGhhdmUgbm8gcHJvYmxlbS4=,,,,,W0Jpb2VuZ2VuaGVpcm9dCkVzdG91IHByZW9jdXBhZG8gcG9ycXVlIG11aXRhcyBjb2lzYXMgZXN0cmFuaGFzIGVzdMOjbyBhY29udGVjZW5kbyBwZXJ0byBkYSB2aWRlaXJhIG7Dum1lcm8gMy4=,,W0Jpb2luZ2VuaWVyb10KUGFyZWNlIHF1ZSBzZXLDoSB1bmEgYnVlbmEgY29zZWNoYS4=
l9RxBw,,W0Jpb2VuZ2luZWVyXQpHcmFwZSB0cmVlIG51bWJlciA0IGhhcyBubyBwYXJ0aWN1bGFyIHByb2JsZW0u,,,,,W0Jpb2VuZ2VuaGVpcm9dClBhcmVjZSBxdWUgbsOjbyBoYXZlcsOhIHByb2JsZW1hcyBjb20gYSBjb2xoZWl0YS4=,,W0Jpb2luZ2VuaWVyb10KTGEgdmlkIG7Dum1lcm80cGFyZWNlIG5vIHRlbmVyIG5pbmfDum4gcHJvYmxlbWEu
mNRxBw,,W0Jpb2VuZ2luZWVyXQpOdXRyaXRpb24gc3RhdGUgZ29vZC4gSGFydmVzdCBzdGF0ZSBnb29kLg==,,,,,W0Jpb2VuZ2VuaGVpcm9dCkEgdmlkZWlyYSBuw7ptZXJvIDQgbsOjbyB0ZW0gbmVuaHVtIHByb2JsZW1hIGVtIHBhcnRpY3VsYXIu,,W0Jpb2luZ2VuaWVyb10KQnVlbiBlc3RhZG8gbnV0cmljaW9uYWwuIEJ1ZW4gZXN0YWRvIGRlIGxhIGNvc2VjaGEu
mdRxBw,,W0Jpb2VuZ2luZWVyXQpUaGUgbnV0cml0aW9uIG9mIGdyYXBlIHRyZWUgbnVtYmVyIDUgaXMgdG9vIGdvb2Qu,,,,,W0Jpb2VuZ2VuaGVpcm9dCk8gZXN0YWRvIG51dHJpY2lvbmFsIGVzdMOhIGJvbS4gTyBlc3RhZG8gZGEgY29saGVpdGEgZXN0w6EgYm9tLg==,,W0Jpb2luZ2VuaWVyb10KTGEgdmlkIG7Dum1lcm81IGVzdMOhIG11eSBiaWVuIG51dHJpZGEu
mtRxBw,,W0Jpb2VuZ2luZWVyXQpUaGF0IGRvZXNuJ3QgbWVhbiB0aGVyZSB3aWxsIGJlIGEgaGlnaGVyIGhhcnZlc3QgeWllbGQuLg==,,,,,W0Jpb2VuZ2VuaGVpcm9dCkEgbnV0cmnDp8OjbyBkbyBzb2xvIGRhIHZpZGVpcmEgbsO6bWVybyA1IMOpIG11aXRvIGJvYS4=,,W0Jpb2luZ2VuaWVyb10KQXVucXVlIG5vIGltcGxpY2EgcXVlIHRlbmRyw6EgbWVqb3IgcmVuZGltaWVudG/igKY=
m9RxBw,,TWVtb3J5X1JlY29yZA==,,,,,W0Jpb2VuZ2VuaGVpcm9dCk1hcyBpc3NvIG7Do28gc2lnbmlmaWNhIHF1ZSBpcsOhIHJlbmRlciBtYWlzIG5hIGNvbGhlaXRhLg==,,TWVtb3J5X1JlY29yZA==
nNRxBw,,VGhlcmUgaXMgYSBNZW1vcnkgUmVjb3JkIHNvbWVib2R5IGlzIHJlY29yZGluZy4=,,,,,UmVnaXN0cm8gTWVtw7NyaWFz,,QWxndWllbiBlc3TDoSBncmFiYW5kbyB1biBSZWdpc3RybyBkZSByZWN1ZXJkb3Mu
ndRxBw,,TGlzdGVuLg==,,,,,QWxndcOpbSBlc3TDoSBncmF2YW5kbyB1bSBSZWdpc3RybyBkZSBNZW3Ds3JpYXMu,,RXNjdWNoYXIu
ntRxBw,,UXVpdC4=,,,,,T3V2aXIu,,QWJhbmRvbmFyLg==
n9RxBw,,QWggYWgtIE9uZSB0d28gdGhyZWUgdGVzdC0gdGVzdC0=,,,,,U2Fpci4=,,SG9sYSwgaG9sYS4gVW5vLCBkb3MsIHRyZXMsIHByb2JhbmRv4oCm
oNRxBw,,VG8gZGlzdGluZ3Vpc2ggc3Vydml2YWwgZGF5cyBpbiB0aGUgYWlyLXJhaWQgc2hlbHRlciwgdG9kYXkgd2lsbCBiZSBkZXNpZ25hdGVkIEV4cGxvc2lvbiBEYXkgMSBhZnRlciB0aGUgZXhwZXJpbWVudCBleHBsb3Npb24u,,,,,QWgsIGFoLi4uIFVtLCBkb2lzLCB0csOqcy4uLiBUZXN0YW5kbywgdGVzdGFuZG8uLi4=,,UGFyYSBkYXJsZXMgdW4gb3JkZW4gYSBsb3MgZMOtYXMgZGUgc3VwZXJ2aXZlbmNpYSBlbiBlbCByZWZ1Z2lvIGFudGlhw6lyZW8sIGVzdGUgZMOtYSBzZSBsbGFtYXLDoSDigJxFeHBsb3Npw7NuLCBkw61hMeKAnS4=
odRxBw,,RXZlcnlib2R5IGZlbGwgaW50byBwYW5pYyBhZnRlciBzZWVpbmcgdGhlIG91dHNpZGUgc2l0dWF0aW9uIG9uIHRoZSBtb25pdG9yIGFmdGVyIHRoZSBleHBsb3Npb24u,,,,,UGFyYSBkaXN0aW5ndWlyIG9zIGRpYXMgZGUgc29icmV2aXbDqm5jaWEgZGVudHJvIGRvIGFicmlnbyBzdWJ0ZXJyw6JuZW8sIGhvamUgc2Vyw6EgY29uc2lkZXJhZG8gbyBEaWEgZGEgRXhwbG9zw6NvIDEgZGVwb2lzIGRhIGV4cGxvc8OjbyBkbyBleHBlcmltZW50by4=,,RGVzcHXDqXMgZGUgbGEgZXhwbG9zacOzbiwgdG9kbyBlbCBtdW5kbyBlbnRyw7MgZW4gcMOhbmljbyBhbCB2ZXIgbGEgc2l0dWFjacOzbiBlbiBlbCBleHRlcmlvciBwb3IgZWwgbW9uaXRvci4=
otRxBw,,QnV0IGNoaWVmIHJlc2VhcmNoZXIgRHIuIEZyZXNhIGNhbG1seSBjb25zb2xlZCBldmVyeWJvZHkgYW5kIGNoZWNrZWQgaG93IG1hbnkgc3Vydml2ZWQu,,,,,VG9kb3MgZW50cmFyYW0gZW0gcMOibmljbyBhcMOzcyB2ZXJlbSBhIHNpdHVhw6fDo28gZG8gbGFkbyBkZSBmb3JhIG5vIG1vbml0b3IsIGRlcG9pcyBkYSBleHBsb3PDo28u,,UGVybyBsYSBEcmEuRnJlc2EsIGzDrWRlciBkZSBsYSBpbnZlc3RpZ2FjacOzbiwgY29uc29sw7MgYSBsYSBnZW50ZSBjb24gY2FsbWEgeSBjb250w7MgYSBsb3Mgc3VwZXJ2aXZpZW50ZXMu
o9RxBw,,VGhlIGZpbmFsIG51bWJlciBvZiBzdXJ2aXZvcnMgaW5jbHVkaW5nIGFkdmVudHVyZXJzIHNlZW1zIHRvIGJlIDMyNi4=,,,,,TWFzIGEgcGVzcXVpc2Fkb3JhIGNoZWZlLCBEcmEuIEZyZXNhLCBjb25zb2xvdSBhIHRvZG9zIGNhbG1hbWVudGUgZSB2ZXJpZmljb3UgcXVhbnRvcyBzb2JyZXZpdmVyYW0u,,QWwgcGFyZWNlciBlbCByZWN1ZW50byBkaW8gMzI2c3VwZXJ2aXZpZW50ZXMgZW4gdG90YWwsIGluY2x1aWRvcyBsb3MgdHJvdGFtdW5kb3Mu
pNRxBw,,VGhlIGNhbWVyYSBzaG93aW5nIG91dHNpZGUgd2FzIGRhbWFnZWQgaW4gdGhlIGFmdGVybm9vbi4gSXQgc2VlbXMgd2UgY2Fubm90IHNlZSB0aGUgc2l0dWF0aW9uIG91dHNpZGUgYW55bW9yZS4=,,,,,TyBuw7ptZXJvIGZpbmFsIGRlIHNvYnJldml2ZW50ZXMsIGluY2x1aW5kbyBvcyBhdmVudHVyZWlyb3MsIHBhcmVjZSBzZXIgMzI2Lg==,,UG9yIGxhIHRhcmRlLCBzZSBkYcOxw7MgbGEgY8OhbWFyYSBxdWUgbW9zdHJhYmEgZWwgZXh0ZXJpb3IuIFBhcmVjZSBxdWUgeWEgbm8gcG9kZW1vcyB2ZXIgcXXDqSBwYXNhIGFmdWVyYS4=
pdRxBw,,VGhlcmUgaXMgbm8gbW9yZSByZWNvcmRlZCBjb250ZW50Lg==,,,,,QSBjw6JtZXJhIHF1ZSBtb3N0cmF2YSBvIGxhZG8gZGUgZm9yYSBmb2kgZGFuaWZpY2FkYSBkdXJhbnRlIGEgdGFyZGUuIFBhcmVjZSBxdWUgbsOjbyDDqSBtYWlzIHBvc3PDrXZlbCB2ZXIgYSBzaXR1YcOnw6NvIGRvIGxhZG8gZGUgZm9yYS4=,,Tm8gaGF5IG3DoXMgY29udGVuaWRvIGdyYWJhZG8u
ptRxBw,,TGlzdGVuIGFnYWluLg==,,,,,TsOjbyBow6EgbWFpcyBuYWRhIGdyYXZhZG8u,,RXNjdWNoYXIgb3RyYSB2ZXou
p9RxBw,,U3RvcCBsaXN0ZW5pbmcu,,,,,T3V2aXIgZGUgbm92by4=,,RGVqYXIgZGUgZXNjdWNoYXIu
qNRxBw,,Q29udGludWUgbGlzdGVuaW5nLg==,,,,,UGFyYXIgZGUgb3V2aXIu,,U2VndWlyIGVzY3VjaGFuZG8u
qdRxBw,,RXhwbG9zaW9uIERheSAy,,,,,Q29udGludWFyIG91dmluZG8u,,RXhwbG9zacOzbiwgZMOtYTI=
qtRxBw,,QSB3aXRjaCBodW50IGFnYWluc3QgdGhlIGRpcmVjdG9yIGFuZCBjaGllZiByZXNlYXJjaGVyIEZyZXNhIGJlZ2FuLg==,,,,,RGlhIGRhIEV4cGxvc8OjbyAy,,U2UgaW5pY2nDsyB1bmEgY3J1emFkYSBjb250cmEgRnJlc2EsIGRpcmVjdG9yYSB5IGzDrWRlciBkZSBsYSBpbnZlc3RpZ2FjacOzbi4=
q9RxBw,,TXkgb3BpbmlvbiBpcyBkaWZmZXJlbnQuIFRoZSByZXNlYXJjaCBhbmQgZXhwZXJpbWVudCB3YXMgY29uZHVjdGVkIHVuZGVyIGhlciBkaXJlY3Rpb24gYnV0IHRoaXMgaXMgYW4gYWNjaWRlbnQu,,,,,Q29tZcOnb3UgdW1hIGNhw6dhZGEgY29udHJhIGEgZGlyZXRvcmEgZSBwZXNxdWlzYWRvcmEsIEZyZXNhLg==,,WW8gbm8gb3Bpbm8gaWd1YWwuIEVsbGEgZ2VzdGlvbmFiYSBsYSBpbnZlc3RpZ2FjacOzbiB5IGVsIGV4cGVyaW1lbnRvLCBwZXJvIGVzdG8gZnVlIHVuIGFjY2lkZW50ZS4=
rNRxBw,,SWYgbm90IEZyZXNhLCB0aGV5IHdvdWxkIGhhdmUgbWFkZSBzb21lYm9keSBlbHNlIHRvIGJsYW1lLg==,,,,,TWluaGEgb3BpbmnDo28gw6kgZGlmZXJlbnRlLiBFbGEgZXN0YXZhIGNvbmR1emluZG8gYSBwZXNxdWlzYSBlIG8gZXhwZXJpbWVudG8sIG1hcyBpc3NvIGZvaSB1bSBhY2lkZW50ZS4=,,U2kgbm8gZXJhIEZyZXNhLCBodWJpZXJhbiB1c2FkbyBhIGFsZ3VpZW4gbcOhcyBkZSBjaGl2byBleHBpYXRvcmlvLg==
rdRxBw,,QnV0IHNoZSBpcyBoYW5kbGluZyBpdCBpbiBhIGRpZ25pZmllZCBtYW5uZXIgZGVzcGl0ZSBjb25jZXJucy4=,,,,,U2UgbsOjbyBmb3NzZSBhIEZyZXNhLCBlbGVzIGVuY29udHJhcmlhbSBvdXRyYSBwZXNzb2EgcGFyYSBjdWxwYXIu,,UGVybywgYSBwZXNhciBkZWwgY2xpbWEgdGVuc28sIGVsbGEgbWFuZWrDsyBsYSBzaXR1YWNpw7NuIGNvbiBtdWNoYSBkaWduaWRhZC4=
rtRxBw,,U2hlIHNheXMgcHJvYmxlbSBzb2x2aW5nIGlzIG1vcmUgaW1wb3J0YW50IHRoYW4gYmxhbWUgYW5kIGlzIGNoZWNraW5nIGFzc2lnbm1lbnRzIG9mIHN1cnZpdm9ycyBiZWZvcmUgdGhlIGFjY2lkZW50Lg==,,,,,TWFzIGVsYSBlc3TDoSBsaWRhbmRvIGNvbSB0dWRvIGRlIHVtYSBtYW5laXJhIGRpZ25hLCBhcGVzYXIgZGFzIHByZW9jdXBhw6fDtWVzLg==,,RGVjw61hIHF1ZSBlcmEgbcOhcyBpbXBvcnRhbnRlIHJlc29sdmVyIGxvcyBwcm9ibGVtYXMgcXVlIGVjaGFyIGN1bHBhcywgeSBzZSBhYm9jw7MgYSByZXBhc2FyIGxhcyB0YXJlYXMgZGUgbG9zIHN1cGVydml2aWVudGVzIGFudGVzIGRlbCBhY2NpZGVudGUu
r9RxBw,,RXhwbG9zaW9uIERheSAz,,,,,RWxhIGRpeiBxdWUgcmVzb2x2ZXIgbyBwcm9ibGVtYSDDqSBtYWlzIGltcG9ydGFudGUgZG8gcXVlIGpvZ2FyIGEgY3VscGEgbm9zIG91dHJvcywgZSBxdWUgw6kgbmVjZXNzw6FyaW8gdmVyaWZpY2FyIGFzIGZ1bsOnw7VlcyBkb3Mgc29icmV2aXZlbnRlcyBhbnRlcyBkbyBhY2lkZW50ZS4=,,RXhwbG9zacOzbiwgZMOtYTM=
sNRxBw,,RnJlc2EuLiBTaGUgbmF0dXJhbGx5IGJlY2FtZSB0aGUgbGVhZGVyIG9mIHRoZSBzdXJ2aXZvcnMu,,,,,RGlhIGRhIEV4cGxvc8OjbyAz,,RnJlc2HigKYgU2luIGVzZnVlcnpvLCBzZSBjb252ZXJ0aXLDrWEgZW4gbGEgbMOtZGVyIGRlIGxvcyBzdXBlcnZpdmllbnRlcy4=
sdRxBw,,VGhlcmUgd2FzIG5vIHZvdGUgb2Ygc29ydHMsIGJ1dCBub2JvZHkgaXMgY29tcGxhaW5pbmcgYWJvdXQgaGVyIGJlaW5nIHRoZSBsZWFkZXIu,,,,,RnJlc2EuLi4gRWxhIG5hdHVyYWxtZW50ZSBzZSB0b3Jub3UgYSBsw61kZXIgZG9zIHNvYnJldml2ZW50ZXMu,,Tm8gaHVibyBuaW5ndW5hIHZvdGFjacOzbiwgcGVybyBodWJvIHF1ZWphcyBkZSBxdWUgbG8gZnVlcmEu
stRxBw,,VGhlIGRheSBiZWZvcmUgc2hlIGhhZCBhIGJyaWVmaW5nIG9uIHRoZSBzaXR1YXRpb24gb2YgdGhlIHRvdGFsIHN1cnZpdm9ycy4=,,,,,TsOjbyBob3V2ZSBuZW5odW0gdGlwbyBkZSB2b3Rhw6fDo28sIG1hcyBuaW5ndcOpbSByZWNsYW1vdSBzb2JyZSBlbGEgc2VyIGEgbMOtZGVyLg==,,RWwgZMOtYSBhbnRlcmlvciBub3MgaGFiw61hIGluZm9ybWFkbyBzb2JyZSBlbCByZWN1ZW50byBkZSBzdXBlcnZpdmllbnRlcy4=
s9RxBw,,MjAgQmlvZW5naW5lZXJzCjE2IE1lY2hhbmljaWFucwoyNyBGYWNpbGl0aWVzIG1hbmFnZXJzCjEwIENoZW1pY2FsIFN1YnN0YW5jZSBTcGVjaWFsaXN0cwpPdGhlciB0aGFuIHNwZWNpYWxpc3RzIHRoZSBhc3NpZ25tZW50cyBvZiBzdXJ2aXZvcnMgc3VjaCBhcyBjYWZldGVyaWEgc3RhZmYsIGphbml0b3JzLCBnYXJkZW5lcnMsIGRpc3RyaWJ1dGlvbiBkaXJlY3RvcnMsIGhlYWx0aCBwcm9mZXNzaW9uYWxzLCBhZHZlbnR1cmVycyBjYXVnaHQgaW4gdGhlIGFjY2lkZW50IGhhdmUgYmVlbiBhc3Nlc3NlZC4=,,,,,Tm8gZGlhIGFudGVyaW9yLCBlbGEgZmV6IHVtIHJlc3VtbyBzb2JyZSBhIHNpdHVhw6fDo28gZG8gdG90YWwgZGUgc29icmV2aXZlbnRlcy4=,,MjBiaW9pbmdlbmllcm9zCjE2bWVjw6FuaWNvcwoyN2FkbWluaXN0cmFkb3JlcyBkZSBpbnN0YWxhY2lvbmVzCjEwZXNwZWNpYWxpc3RhcyBlbiBzdXN0YW5jaWFzIHF1w61taWNhcwpBZGVtw6FzIGRlIGxvcyBlc3BlY2lhbGlzdGFzLCBzZSB0dXZpZXJvbiBlbiBjdWVudGEgb3RyYXMgdGFyZWFzLCBjb21vIHBlcnNvbmFsIGRlIGNhZmV0ZXLDrWEsIGRlIGxpbXBpZXphLCBkZSBqYXJkaW5lcsOtYSwgZW5jYXJnYWRvcyBkZSBkaXN0cmlidWNpw7NuLCBwcm9mZXNpb25hbGVzIGRlIGxhIHNhbHVkIHkgdHJvdGFtdW5kb3MgaW52b2x1Y3JhZG9zIGVuIGVsIGFjY2lkZW50ZS4=
tNRxBw,,RXhwbG9zaW9uIERheSA0,,,,,MjAgQmlvZW5nZW5oZWlyb3MKMTYgTWVjw6JuaWNvcwoyNyBHZXJlbnRlcyBkZSBpbnN0YWxhw6fDtWVzCjEwIEVzcGVjaWFsaXN0YXMgZW0gU3Vic3TDom5jaWFzIFF1w61taWNhcwpBbMOpbSBkb3MgZXNwZWNpYWxpc3RhcyBlbSBjYWRhIHRhcmVmYSwgb3Mgc29icmV2aXZlbnRlcyB0YW1iw6ltIGluY2x1w61hbSBvIHBlc3NvYWwgZGEgY2FudGluYSwgZmF4aW5laXJvcywgamFyZGluZWlyb3MsIGRpcmV0b3JlcyBkZSBkaXN0cmlidWnDp8OjbywgcHJvZmVzc2lvbmFpcyBkZSBzYcO6ZGUgZSBhdmVudHVyZWlyb3MgcXVlIGZvcmFtIHBlZ29zIG5vIGFjaWRlbnRlLg==,,RXhwbG9zacOzbiwgZMOtYTQ=
tdRxBw,,RXZlcnlib2R5J3Mgd29yayBoYXMgYmVlbiBkZWNpZGVkIGJhc2VkIG9uIEZyZXNhJ3MgYnJpZWZpbmcgdGhlIGRheSBiZWZvcmUu,,,,,RGlhIGRhIEV4cGxvc8OjbyA0,,U2UgYXNpZ25hcm9uIGxhcyB0YXJlYXMsIHNlZ8O6biBlbCBpbmZvcm1lIGRlIEZyZXNhIGRlbCBkw61hIGFudGVyaW9yLg==
ttRxBw,,SXQgd2FzIGRlY2lkZWQgdGhhdCByZXNlYXJjaGVycyBpbmNsdWRpbmcgbXlzZWxmIGtub3cgbm90aGluZyBtdWNoIHJlc2VhcmNoIGFuZCBtdXN0IGNvbnRpbnVlIG91ciBsaXZlcyBpbiB0aGUgYWlyLXJhaWQgc2hlbHRlciB1bmRlciB0aGUgZ3VpZGFuY2Ugb2YgdGhvc2Ugd2hvIGhhdmUgdGVjaG5pY2FsIHNraWxsIG5lZWRlZCBmb3Igc3Vydml2YWwu,,,,,TyB0cmFiYWxobyBkZSB0b2RvcyBmb2kgZGVjaWRpZG8gY29tIGJhc2UgbmFzIGluc3RydcOnw7VlcyBkYSBGcmVzYSBkbyBkaWEgYW50ZXJpb3Iu,,U2UgZGV0ZXJtaW7DsyBxdWUgbG9zIGludmVzdGlnYWRvcmVzLCBtZSBpbmNsdXlvLCBubyBzYWLDrWFtb3MgYmllbiBxdcOpIGVzdGFiYSBwYXNhbmRvIHkgZGViw61hbW9zIHNlZ3VpciB2aXZpZW5kbyBlbiBlbCByZWZ1Z2lvIGFudGlhw6lyZW8gYmFqbyBsYXMgaW5kaWNhY2lvbmVzIGRlIHF1aWVuZXMgdGVuw61hbiBlbCBjb25vY2ltaWVudG8gdMOpY25pY28gbmVjZXNhcmlvIHBhcmEgc29icmV2aXZpci4=
t9RxBw,,Rmlyc3QgdGhlIENoZW1pY2FsIFN1YnN0YW5jZSBTcGVjaWFsaXN0cyBhbmQgRmFjaWxpdGllcyBtYW5hZ2VycyBzdGFydGVkIHRvIGluc3RhbGwgQWlyIENvbnRhbWluYXRpb24gR2F1Z2UgU2Vuc29ycyBpbiB0aGUgYWlyLXJhaWQgc2hlbHRlci4=,,,,,Rm9pIGRlY2lkaWRvIHF1ZSBvcyBwZXNxdWlzYWRvcmVzLCBpbmNsdXNpdmUgZXUsIHBvciBuw6NvIHNhYmVyZW0gZmF6ZXIgbXVpdG8gYWzDqW0gZGUgcGVzcXVpc2FyLCBkZXZlbSBjb250aW51YXIgc3VhcyB2aWRhcyBubyBhYnJpZ28gc3VidGVycsOibmVvIHNvYiBvcmllbnRhw6fDo28gZGFxdWVsZXMgY29tIGhhYmlsaWRhZGVzIHTDqWNuaWNhcyBxdWUgc8OjbyBuZWNlc3PDoXJpYXMgcGFyYSBzb2JyZXZpdsOqbmNpYS4=,,UHJpbWVybywgbG9zIGVzcGVjaWFsaXN0YXMgZW4gc3VzdGFuY2lhcyBxdcOtbWljYXMgeSBsb3MgYWRtaW5pc3RyYWRvcmVzIGRlIGluc3RhbGFjaW9uZXMgZW1wZXphcm9uIGEgaW5zdGFsYXIgc2Vuc29yZXMgZGUgY29udGFtaW5hY2nDs24gYXRtb3Nmw6lyaWNhIGVuIGVsIHJlZnVnaW8gYW50aWHDqXJlby4=
uNRxBw,,QWZ0ZXIgZXZhbHVhdGluZyB0aGF0IG94eWdlbiBsZXZlbHMgd2VyZSBsb3cgdGhlIE1lY2hhbmljaWFucyBoYXZlIHN0YXJ0ZWQgdG8gYXNzZW1ibGUgQWlyIGNsZWFuaW5nIHVuaXRzLg==,,,,,UHJpbWVpcm8sIG9zIEVzcGVjaWFsaXN0YXMgZW0gU3Vic3TDom5jaWFzIFF1w61taWNhcyBlIG9zIEdlcmVudGVzIGRlIGluc3RhbGHDp8O1ZXMgY29tZcOnYXJhbSBhIGluc3RhbGFyIFNlbnNvcmVzIGRlIE1lZGnDp8OjbyBkZSBDb250YW1pbmHDp8OjbyBkbyBBciBkZW50cm8gZG8gYWJyaWdvLg==,,VHJhcyBjb25jbHVpciBxdWUgbG9zIG5pdmVsZXMgZGUgb3jDrWdlbm8gZXJhbiBiYWpvcywgbG9zIG1lY8Ohbmljb3MgZW1wZXphcm9uIGEgZmFicmljYXIgcHVyaWZpY2Fkb3JlcyBkZSBhaXJlLg==
udRxBw,,TG9yYSwgYSBmb3JtZXIgY2FmZXRlcmlhIGVtcGxveWVlIHdhcyBjb25zdWx0ZWQgb24gdGhlIGltcG9ydGFudCBwcm9ibGVtIG9mIGZvb2Qu,,,,,QXDDs3MgYXZhbGlhciBxdWUgb3MgbsOtdmVpcyBkZSBveGlnw6puaW8gZXN0YXZhbSBiYWl4b3MsIG9zIE1lY8Oibmljb3MgY29tZcOnYXJhbSBhIG1vbnRhciB1bmlkYWRlcyBwdXJpZmljYWRvcmFzIGRlIGFyLg==,,Q29uc3VsdGFyb24gY29uIExvcmEsIGV4ZW5jYXJnYWRhIGRlIGxhIGNhZmV0ZXLDrWEsIHNvYnJlIGVsIGFjdWNpYW50ZSBwcm9ibGVtYSBkZSBsYSBjb21pZGEu
utRxBw,,V2UgYXNzZXNzZWQgdGhhdCBhYm91dCA0MCBkYXlzIG9mIHN1cnZpdmFsIGlzIHBvc3NpYmxlIGJhc2VkIG9uIHRoZSBmb29kIGluIHRoZSB3YXJlaG91c2UgYW5kIHRoZSBudW1iZXIgb2Ygc3Vydml2b3JzLg==,,,,,TG9yYSwgdW1hIGV4LWZ1bmNpb27DoXJpYSBkYSBjYW50aW5hLCBmb2kgY29uc3VsdGFkYSBzb2JyZSBvIGltcG9ydGFudGUgcHJvYmxlbWEgZGUgY29taWRhLg==,,VGVuaWVuZG8gZW4gY3VlbnRhIGxhIGNvbWlkYSBlbiBlbCBkZXDDs3NpdG8geSBsYSBjYW50aWRhZCBkZSBzdXBlcnZpdmllbnRlcywgY2FsY3VsYW1vcyBxdWUgcG9kcsOtYW1vcyBzb2JyZXZpdmlyIHVub3MgNDBkw61hcy4=
u9RxBw,,VGhpcyBwcm9tcHRlZCB0aGUgQmlvZW5naW5lZXJzIHRvIGN1bHRpdmF0ZSBwbGFudHMgdGhhdCBjYW4gc2VsZi1wcm9kdWNlLg==,,,,,TsOzcyBhdmFsaWFtb3MgcXVlIGVyYSBwb3Nzw612ZWwgc29icmV2aXZlciBwb3IgNDAgZGlhcyBjb20gYmFzZSBub3MgYWxpbWVudG9zIG5vIGRlcMOzc2l0byBlIG7Dum1lcm8gZGUgc29icmV2aXZlbnRlcy4=,,RXN0byBsbGV2w7MgYSBsb3MgYmlvaW5nZW5pZXJvcyBhIGV4cGVyaW1lbnRhciBjb24gZWwgY3VsdGl2byBwcm9waW8gZGUgcGxhbnRhcy4=
vNRxBw,,T3RoZXIgbWlzY2VsbGFuZW91cyBhc3NpZ25tZW50cyB3ZXJlIGlzc3VlZCB1bmRlciBGcmVzYSdzIGRpcmVjdGlvbi4=,,,,,SXN0byBsZXZvdSBvcyBCaW9lbmdlbmhlaXJvcyBhIGN1bHRpdmFyZW0gcGxhbnRhcyBxdWUgcG9kZW0gc2UgcHJvZHV6aXIgc296aW5oYXMu,,T3RyYXMgdGFyZWFzIGRlIGRpdmVyc2Egw61uZG9sZSBxdWVkYXJvbiBiYWpvIGVsIG1hbmRvIGRlIEZyZXNhLg==
vdRxBw,,RXhwbG9zaW9uIERheSA1,,,,,T3V0cmFzIG1pc3PDtWVzIGRpdmVyc2FzIGZvcmFtIGluaWNpYWRhcyBzb2IgYSBkaXJlw6fDo28gZGEgRnJlc2Eu,,RXhwbG9zacOzbiwgZMOtYTU=
vtRxBw,,SSBkb24ndCBrbm93IHRoZSBkZXRhaWxzIGJ1dCB0aGUgYWlyIHBvbGx1dGlvbiBsZXZlbCBvdXRzaWRlIG9mIHRoZSBzaGVsdGVyIHdhcyBtZWFzdXJlZC4=,,,,,RGlhIGRhIEV4cGxvc8OjbyA1,,Tm8gc8OpIG11Y2hvIG3DoXMsIHBlcm8gbWlkaWVyb24gbGEgY29udGFtaW5hY2nDs24gZGVsIGFpcmUgZnVlcmEgZGVsIHJlZnVnaW8u
v9RxBw,,QWNjb3JkaW5nIHRvIHRoZSBDaGVtaWNhbCBTdWJzdGFuY2UgU3BlY2lhbGlzdHMgdGhlIHNpdHVhdGlvbiBpcyBob3BlbGVzcy4=,,,,,RXUgbsOjbyBzZWkgb3MgZGV0YWxoZXMsIG1hcyBmb2kgbWVkaWRvIG8gbsOtdmVsIGRlIHBvbHVpw6fDo28gbm8gYXIgZG8gbGFkbyBkZSBmb3JhIGRvIGFicmlnby4=,,U2Vnw7puIGxvcyBlc3BlY2lhbGlzdGFzIGVuIHN1c3RhbmNpYXMgcXXDrW1pY2FzLCBsYSBzaXR1YWNpw7NuIGVzIGRyw6FzdGljYS4=
wNRxBw,,SXQgc2VlbXMgbGlmZSBpbiB0aGUgYWlyLXJhaWQgc2hlbHRlciBoYXMgdG8gY29udGludWUgbG9uZ2VyLiBKdXN0IGNhbiBxdWlldGx5IGtlZXAgd29ya2luZy4u,,,,,RGUgYWNvcmRvIGNvbSBvcyBFc3BlY2lhbGlzdGFzIGVtIFN1YnN0w6JuY2lhcyBRdcOtbWljYSBhIHNpdHVhw6fDo28gw6kgaW5jb3JyaWfDrXZlbC4=,,UGFyZWNlIHF1ZSB0ZW5kcmVtb3MgcXVlIHZpdmlyIG11Y2hvIG3DoXMgdGllbXBvIGVuIGVsIHJlZnVnaW8gYW50aWHDqXJlby4gU29sbyBub3MgcXVlZGEgbWFudGVuZXIgbGEgY2FsbWEgeSBjb250aW51YXIgY29uIGVsIHRyYWJham/igKY=
wdRxBw,,RXhwbG9zaW9uIERheSAyMQ==,,,,,UGFyZWNlIHF1ZSBhIHZpZGEgZGVudHJvIGRvIGFicmlnbyB0ZXLDoSBxdWUgY29udGludWFyIHBvciBtYWlzIHRlbXBvLiBTw7MgY29udGludWUgYSB0cmFiYWxoYXIgZW0gc2lsw6puY2lvLi4u,,RXhwbG9zacOzbiwgZMOtYTIx
wtRxBw,,QWZ0ZXIgc2lsZW50bHkgd29ya2luZyBmb3Igc2V2ZXJhbCBkYXlzIHRoZSBCaW9lbmdpbmVlcnMgaGF2ZSBnb29kIG5ld3Mu,,,,,RGlhIGRhIEV4cGxvc8OjbyAyMQ==,,VHJhcyB0cmFiYWphciBlbiBzaWxlbmNpbyBwb3IgdmFyaW9zIGTDrWFzLCBsb3MgYmlvaW5nZW5pZXJvcyB0cmFqZXJvbiBidWVuYXMgbm90aWNpYXMu
w9RxBw,,VGhleSBoYXZlIHN1Y2NlZWRlZCBpbiBhcnRpZmljaWFsbHkgZ2VybWluYXRpbmcgYSBwbGFudCB0aGF0IGNhbiBzZWxmLXByb2R1Y2Uu,,,,,QXDDs3MgdHJhYmFsaGFyIGVtIHNlZ3JlZG8gcG9yIHbDoXJpb3MgZGlhcywgb3MgQmlvZW5nZW5oZWlyb3MgdMOqbSBib2FzIG5vdMOtY2lhcy4=,,Q29uc2lndWllcm9uIGdlcm1pbmFyIGFydGlmaWNpYWxtZW50ZSB1bmEgcGxhbnRhIHF1ZSBwdWVkZSBhdXRvY3VsdGl2YXJzZS4=
xNRxBw,,Rm9ydHVuYXRlbHkgdGhlIGFpci1yYWlkIHNoZWx0ZXIgaGFzIGEgd2FyZWhvdXNlIHNwYWNpb3VzIGVub3VnaCB0byBncm93IHBsYW50cyBpbi4=,,,,,RWxlcyB0aXZlcmFtIHN1Y2Vzc28gZW0gZ2VybWluYXIgYXJ0aWZpY2lhbG1lbnRlIHVtYSBwbGFudGEgcXVlIHBvZGUgc2UgcmVwcm9kdXppciBzb3ppbmhhLg==,,UG9yIHN1ZXJ0ZSwgZWwgcmVmdWdpbyBhbnRpYcOpcmVvIHRpZW5lIHVuIGRlcMOzc2l0byBlc3BhY2lvc28gY29tbyBwYXJhIGN1bHRpdmFyIHBsYW50YXMu
xdRxBw,,SXQgc2VlbXMgd2UgY2FuIGZvcmdldCBhYm91dCBvdXIgZm9vZCBwcm9ibGVtIG5vdy4=,,,,,RmVsaXptZW50ZSwgbyBhYnJpZ28gc3VidGVycsOibmVvIHRlbSB1bSBkZXDDs3NpdG8gZXNwYcOnb3NvIG8gYmFzdGFudGUgcGFyYSBjdWx0aXZhciBwbGFudGFzLg==,,UGFyZWNlIHF1ZSBsYSBjb21pZGEgeWEgbm8gc2Vyw6EgdW4gcHJvYmxlbWEu
xtRxBw,,RXhwbG9zaW9uIERheSAzMA==,,,,,UGFyZWNlIHF1ZSBuw6NvIHByZWNpc2Ftb3Mgbm9zIHByZW9jdXBhciBjb20gbyBwcm9ibGVtYSBjb20gYWxpbWVudG9zIHBvciBlbnF1YW50by4=,,RXhwbG9zacOzbiwgZMOtYTMw
x9RxBw,,QSBzbWFsbCBwcm9ibGVtIGhhcyBvY2N1cnJlZCBpbiB0aGUgYWlyLXJhaWQgc2hlbHRlci4gVGhlIGFpciBjbGVhbmluZyB1bml0cyBtYWRlIGluIHRoZSBiZWdpbm5pbmcgYXJlIGJyb2tlbi4=,,,,,RGlhIGRhIEV4cGxvc8OjbyAzMA==,,SHVibyB1biBwcm9ibGVtaXRhIGVuIGVsIHJlZnVnaW8gYW50aWHDqXJlby4gU2Ugcm9tcGllcm9uIGxvcyBwdXJpZmljYWRvcmVzIGRlIGFpcmUgcXVlIGZhYnJpY2Fyb24gYWwgcHJpbmNpcGlvLg==
yNRxBw,,Rm9ydHVuYXRlbHkgdGhlcmUgd2lsbCBiZSBubyBwcm9ibGVtIG1haW50YWluaW5nIG94eWdlbiBjb25jZW50cmF0aW9uIGxldmVscyB0aGFua3MgdG8gdGhlIGFpciBjbGVhbmluZyB1bml0cyB0aGUgTWVjaGFuaWNpYW5zIG1hZGUgd2l0aG91dCBhcHByb3ZhbC4=,,,,,T2NvcnJldSB1bSBwZXF1ZW5vIHByb2JsZW1hIG5vIGFicmlnbyBzdWJ0ZXJyw6JuZW8uIEFzIHVuaWRhZGVzIHB1cmlmaWNhZG9yYXMgZGUgYXIgaW5pY2lhaXMgZXN0w6NvIHF1ZWJyYWRhcy4=,,UG9yIHN1ZXJ0ZSwgc2UgcG9kcsOhbiBtYW50ZW5lciBsb3Mgbml2ZWxlcyBkZSBjb25jZW50cmFjacOzbiBkZSBveMOtZ2VubyBncmFjaWFzIGEgbG9zIHB1cmlmaWNhZG9yZXMgZGUgYWlyZSBxdWUgZmFicmljYXJvbiBsb3MgbWVjw6FuaWNvcyBzaW4gcGVkaXIgYXByb2JhY2nDs24u
ydRxBw,,VGhleSBhcmUgdG9vIGhlYXZ5IHNvIGFkdmVudHVyZXJzIHdlcmUgZGVwbG95ZWQgYmVjYXVzZSBub2JvZHkgZWxzZSBpcyBhYmxlIHRvIG1vdmUgdGhlbS4=,,,,,RmVsaXptZW50ZSwgbWFudGVyIG9zIG7DrXZlaXMgZGUgY29uY2VudHJhw6fDo28gZGUgb3hpZ8OqbmlvIG7Do28gc2Vyw6EgdW0gcHJvYmxlbWEgZ3Jhw6dhcyDDoHMgdW5pZGFkZXMgcHVyaWZpY2Fkb3JhcyBkZSBhciBxdWUgb3MgTWVjw6JuaWNvcyBjcmlhcmFtIHNlbSBhcHJvdmHDp8Ojby4=,,U29uIG11eSBwZXNhZG9zLCBhc8OtIHF1ZSBwaWRpZXJvbiBheXVkYSBhIGxvcyB0cm90YW11bmRvczogbmFkaWUgbcOhcyBwdWVkZSBtb3Zlcmxvcy4=
ytRxBw,,RXhwbG9zaW9uIERheSAzMg==,,,,,RWxhcyBzw6NvIG11aXRvIHBlc2FkYXMsIGVudMOjbyBvcyBhdmVudHVyZWlyb3MgZXN0w6NvIGN1aWRhbmRvIGRpc3NvIHBvcnF1ZSBtYWlzIG5pbmd1w6ltIHBvZGUgbW92w6otbGFzLg==,,RXhwbG9zacOzbiwgZMOtYTMy
y9RxBw,,VG9kYXkgaXMgdGhlIGZpcnN0IGhhcnZlc3Qgb2YgdGhlIGdyYXBlIHRyZWUgY3VsdGl2YXRlZCBieSB0aGUgQmlvZW5naW5lZXJzLg==,,,,,RGlhIGRhIEV4cGxvc8OjbyAzMg==,,SG95IHNlIGNvc2VjaGEgbGEgcHJpbWVyYSB2aWQgY3VsdGl2YWRhIHBvciBsb3MgYmlvaW5nZW5pZXJvcy4=
zNRxBw,,QWx0aG91Z2ggdGhlcmUgd2FzIGEgc21hbGwgcHJvYmxlbSBvZiB0aGUgTWVjaGFuaWNpYW5zIGRlc3Ryb3lpbmcgb25lIGdyYXBlIHRyZWU=,,,,,SG9qZSDDqSBhIHByaW1laXJhIGNvbGhlaXRhIGRhcyB2aWRlaXJhcyBjdWx0aXZhZGFzIHBlbG9zIEJpb2VuZ2VuaGVpcm9zLg==,,QXVucXVlIGh1Ym8gdW4gcHJvYmxlbWl0YTogbG9zIG1lY8Ohbmljb3MgZGVzdHJ1eWVyb24gdW5hIHBsYW50YSBkZSB2aWQu
zdRxBw,,VGhlIGFpci1yYWlkIHNoZWx0ZXIgcmVzaWRlbnRzIGFyZSB0aHJvd2luZyBhIHNtYWxsIHBhcnR5IHRvIGNlbGVicmF0ZSB0aGUgc3VjY2Vzc2Z1bCBoYXJ2ZXN0Lg==,,,,,TWVzbW8gZGVwb2lzIGRvIHBlcXVlbm8gcHJvYmxlbWEgZG9zIE1lY8Oibmljb3MgZGVzdHJ1aW5kbyB1bWEgdmlkZWlyYQ==,,TG9zIHJlc2lkZW50ZXMgZGVsIHJlZnVnaW8gYW50aWHDqXJlbyBoYXLDoW4gdW4gcGVxdWXDsW8gZmVzdGVqbyBwYXJhIGNlbGVicmFyIGxhIGNvc2VjaGEu
ztRxBw,,RXhwbG9zaW9uIERheSAzOA==,,,,,T3MgbW9yYWRvcmVzIGRvIGFicmlnbyBlc3TDo28gZmF6ZW5kbyB1bWEgZmVzdGluaGEgcGFyYSBjb21lbW9yYXIgbyBzdWNlc3NvIGRhIGNvbGhlaXRhLg==,,RXhwbG9zacOzbiwgZMOtYTM4
z9RxBw,,Q2hlbWljYWwgU3Vic3RhbmNlIFNwZWNpYWxpc3RzIGFuZCBzb21lIEFkdmVudHVyZXJzIHNpY2sgb2YgbGl2aW5nIGluIHRoZSBhaXItcmFpZCBzaGVsdGVyIGhhdmUgbGVmdCB0aGUgc2hlbHRlciB0byBtZWFzdXJlIHRoZSBhaXIu,,,,,RGlhIGRhIEV4cGxvc8OjbyAzOA==,,TG9zIGVzcGVjaWFsaXN0YXMgZW4gc3VzdGFuY2lhcyBxdcOtbWljYXMgeSBhbGd1bm9zIHRyb3RhbXVuZG9zIHNlIGNhbnNhcm9uIGRlIHZpdmlyIGVuIGVsIHJlZnVnaW8geSBzYWxpZXJvbiBhIG1lZGlyIGxhIGNhbGlkYWQgZGVsIGFpcmUu
0NRxBw,,VGhleSBoYXZlIG5vdCByZXR1cm5lZCBieSBldmVuaW5nLg==,,,,,T3MgRXNwZWNpYWxpc3RhcyBlbSBTdWJzdMOibmNpYXMgUXXDrW1pY2FzIGUgYWxndW5zIEF2ZW50dXJlaXJvcyBjYW5zYWRvcyBkZSB2aXZlciBubyBhYnJpZ28gc2HDrXJhbSBwYXJhIG1lZGlyIGEgcXVhbGlkYWRlIGRvIGFyLiA=,,Q2FlIGxhIHRhcmRlIHkgYcO6biBubyByZWdyZXNhbi4=
0dRxBw,,V2FzIHRoZSBmcmVlZG9tIG9mIG91dHNpZGUgYmV0dGVyIHRoYW4gdGhlIGxpZmUgaW4gdGhlIGRhcmsgYWlyLXJhaWQgc2hlbHRlcj8=,,,,,RWxlcyBuw6NvIHZvbHRhcmFtIG5vIGZpbmFsIGRvIGRpYS4=,,wr9MYSBsaWJlcnRhZCBkZWwgZXh0ZXJpb3IgZXJhIG1lam9yIHF1ZSBsYSB2aWRhIGVuIGVsIG9zY3VybyByZWZ1Z2lvPw==
0tRxBw,,QWZ0ZXIgbWlkbmlnaHQgdGhlIHJlbWFpbmluZyBDaGVtaWNhbCBTdWJzdGFuY2UgU3BlY2lhbGlzdHMgYXNzZXNzZWQgdGhhdCB0aGV5IHdlcmUgZGVhZCBhbmQgZXZlcnlib2R5IGhhZCBhIGJyaWVmIG1vbWVudCBvZiBzaWxlbmNlLg==,,,,,U2Vyw6EgcXVlIGEgbGliZXJkYWRlIGRvIGxhZG8gZGUgZm9yYSDDqSBtZWxob3IgZG8gcXVlIGEgdmlkYSBkZW50cm8gZG8gYWJyaWdvIHN1YnRlcnLDom5lbyBlc2N1cm8/,,UGFzYWRhIGxhIG1lZGlhbm9jaGUsIGxvcyBkZW3DoXMgZXNwZWNpYWxpc3RhcyBlbiBzdXN0YW5jaWFzIHF1w61taWNhcyBsb3MgZGVjbGFyYXJvbiBtdWVydG9zOyBzZSBoaXpvIHVuIG1pbnV0byBkZSBzaWxlbmNpby4=
09RxBw,,RXhwbG9zaW9uIERheSA0MA==,,,,,RGVwb2lzIGRhIG1laWEtbm9pdGUsIG9zIEVzcGVjaWFsaXN0YXMgZW0gU3Vic3TDom5jaWFzIFF1w61taWNhcyByZXN0YW50ZXMgY2hlZ2FyYW0gw6AgY29uY2x1c8OjbyBkZSBxdWUgZWxlcyBlc3RhdmFtIG1vcnRvcywgZSBuw7NzIGZpemVtb3MgdW0gbW9tZW50byBkZSBzaWzDqm5jaW8u,,RXhwbG9zacOzbiwgZMOtYTQw
1NRxBw,,QSBkYXJrIHJ1bW9yIGlzIGdvaW5nIGFyb3VuZCB0aGUgc2hlbHRlci4=,,,,,RGlhIGRhIEV4cGxvc8OjbyA0MA==,,Q29ycmUgdW4gcnVtb3IgdHVyYmlvIHBvciBlbCByZWZ1Z2lvLg==
1dRxBw,,VGhlcmUgaXMgYSBydW1vciB0aGF0IGEgY29udGFtaW5hbnQgZnJvbSB0aGUgb3V0c2lkZSBoYXMgaW52YWRlZCB0aGUgYWlyLXJhaWQgc2hlbHRlciBiZWNhdXNlIG9mIHRoZSBwZW9wbGUgd2hvIGxlZnQgYSB3aGlsZSBhZ28u,,,,,RXN0w6Egcm9sYW5kbyB1bSBib2F0byBzaW5pc3RybyBubyBhYnJpZ28u,,RGljZW4gcXVlIHVuIGNvbnRhbWluYW50ZSBkZWwgZXh0ZXJpb3Igc2UgcHJvcGFnw7MgZW4gZWwgcmVmdWdpbyBwb3IgY3VscGEgZGUgbG9zIHF1ZSBwYXJ0aWVyb24gaGFjZSB1bm9zIGTDrWFzLg==
1tRxBw,,SXMgaXQgYmVjYXVzZSBvZiB0aGUgY29udGFtaW5hbnQ/IFRoZXJlIGFyZSBwYXRpZW50cyB3aG8gc3VkZGVubHkgY29udnVsc2UgYW5kIGF0dGFjayBvdGhlcnMu,,,,,RGl6ZW0gcXVlIHVtIGNvbnRhbWluYW50ZSBkbyBsYWRvIGRlIGZvcmEgaW52YWRpdSBvIGFicmlnbyBwb3IgY2F1c2EgZGFzIHBlc3NvYXMgcXVlIHNhw61yYW0gaMOhIGFsZ3VtIHRlbXBvLg==,,wr9TZXLDoSBwb3IgZWwgY29udGFtaW5hbnRlPyBIYXkgcGFjaWVudGVzIHF1ZSBjb252dWxzaW9uYW4gZGUgcmVwZW50ZSB5IGF0YWNhbiBhIGxvcyBkZW3DoXMu
19RxBw,,VW5kZXIgdGhlIGxlYWRlciBGcmVzYSdzIGRlY2lzaW9uLCBldmVyeWJvZHkgd2FzIGNoZWNrZWQgYW5kIHRob3NlIGZvdW5kIHdpdGggdHJhbnNmZWN0YW50cyB3ZXJlIHF1YXJhbnRpbmVkIGluIHRoZSB0ZW1wb3JhcnkgY2xpbmljLg==,,,,,U2Vyw6EgcXVlIMOpIGN1bHBhIGRvIGNvbnRhbWluYW50ZT8gRGUgcmVwZW50ZSwgYWxndW5zIHBhY2llbnRlcyBlc3TDo28gY29udnVsc2lvbmFuZG8gZSBhdGFjYW5kbyBvdXRyYXMgcGVzc29hcy4=,,UG9yIGRlY2lzacOzbiBkZSBsYSBsw61kZXIgRnJlc2EsIHJldmlzYXJvbiBhIHRvZG8gZWwgbXVuZG8geSBhcXVlbGxvcyBjb24gY8OpbHVsYXMgdHJhbnNmZWN0YWRhcyBxdWVkYXJvbiBlbiBjdWFyZW50ZW5hIGVuIGxhIGNsw61uaWNhIHRlbXBvcmFsLg==
2NRxBw,,RXhwbG9zaW9uIERheSA0Mw==,,,,,UG9yIGRlY2lzw6NvIGRhIGzDrWRlciBGcmVzYSwgdG9kb3MgZm9yYW0gZXhhbWluYWRvcyBlIGFxdWVsZXMgcXVlIGFwcmVzZW50YXJhbSBhZ2VudGVzIGluZmVjdGFudGVzIGZvcmFtIGNvbG9jYWRvcyBlbSBxdWFyZW50ZW5hIG5hIGNsw61uaWNhIHRlbXBvcsOhcmlhLg==,,RXhwbG9zacOzbiwgZMOtYTQz
2dRxBw,,VGhlIHJ1bW9yIGluIHRoZSBhaXItcmFpZCBzaGVsdGVyIGhhcyBjb21lIHRydWUu,,,,,RGlhIGRhIEV4cGxvc8OjbyA0Mw==,,U2UgY29uZmlybcOzIGVsIHJ1bW9yIHF1ZSBjb3Jyw61hIHBvciBlbCByZWZ1Z2lvIGFudGlhw6lyZW8u
2tRxBw,,VGhlIHJlbWFpbmluZyBDaGVtaWNhbCBTdWJzdGFuY2UgU3BlY2lhbGlzdHMgaGF2ZSBjb25maXJtZWQgdGhhdCB0aGUgY29udGFtaW5hbnQgaXMgZXJvZGluZyBpbnRvIHRoZSBhaXItcmFpZCBzaGVsdGVy,,,,,TyBib2F0byBxdWUgZXN0YXZhIHJvbGFuZG8gbm8gYWJyaWdvIMOpIHZlcmRhZGUu,,RWwgcmVzdG8gZGUgbG9zIGVzcGVjaWFsaXN0YXMgZW4gc3VzdGFuY2lhcyBxdcOtbWljYXMgY29uZmlybWFyb24gcXVlIGVsIGNvbnRhbWluYW50ZSBlc3TDoSBhZmVjdGFuZG8gYWwgcmVmdWdpby4=
29RxBw,,QW5kIEZyZXNhIGFuZCBleHBlcnRzIGhhdmUgc3RhcnRlZCB0YWtpbmcgbWVhc3VyZXMu,,,,,TyByZXN0YW50ZSBkb3MgRXNwZWNpYWxpc3RhcyBlbSBTdWJzdMOibmNpYXMgUXXDrW1pY2FzIGNvbmZpcm1hcmFtIHF1ZSBvIGNvbnRhbWluYW50ZSBlc3TDoSBpbnZhZGluZG8gbyBhYnJpZ28gc3VidGVycsOibmVvLg==,,RnJlc2EgeSBsb3MgZXhwZXJ0b3MgeWEgZW1wZXphcm9uIGEgdG9tYXIgbWVkaWRhcy4=
3NRxBw,,RXhwbG9zaW9uIERheSA0NQ==,,,,,RnJlc2EgZSBvcyBlc3BlY2lhbGlzdGFzIGNvbWXDp2FyYW0gYSB0b21hciBtZWRpZGFzIGNvbnRyYSBpc3NvLg==,,RXhwbG9zacOzbiwgZMOtYTQ1
3dRxBw,,VGhlIGludmFkaW5nIGNvbnRhbWluYW50IHdpbGwgbm90IHN0b3Au,,,,,RGlhIGRhIEV4cGxvc8OjbyA0NQ==,,RWwgY29udGFtaW5hbnRlIG5vIGRlamEgZGUgYWZlY3Rhcm5vcy4=
3tRxBw,,SXQgaGFzIGJlZW4gZGVjaWRlZCB0byBtb3ZlIGFsbCBlcXVpcG1lbnQgYW5kIG5lY2Vzc2l0aWVzIHRvIHRoZSBsZXNzIGNvbnRhbWluYXRlZCBab25lIFotMg==,,,,,TsOjbyBow6EgY29tbyBwYXJhciBhIGludmFzw6NvIGRvIGNvbnRhbWluYW50ZS4=,,RGVjaWRpZXJvbiB0cmFzbGFkYXIgdG9kbyBlbCBlcXVpcGFtaWVudG8geSBsb3Mgc3VtaW5pc3Ryb3MgZGUgcHJpbWVyYSBuZWNlc2lkYWQgYSBsYSBab25hWi0yLCBxdWUgZXN0w6EgbWVub3MgY29udGFtaW5hZGEu
39RxBw,,QW5kIGZhY2lsaXR5IG1hbmFnZXJzIGhhdmUgc3RhcnRlZCB0byBpbnN0YWxsIGEgcGFydGl0aW9uIGluIFpvbmUgWi0wIHRvIHByZXZlbnQgdGhlIGNvbnRhbWluYW50IGZyb20gY29taW5nIGluIGZ1cnRoZXIu,,,,,Rm9pIGRlY2lkaWRvIG1vdmVyIHRvZG9zIG9zIGVxdWlwYW1lbnRvcyBlIGl0ZW5zIG5lY2Vzc8OhcmlvcyBwYXJhIGEgWm9uYSBaLTIsIHF1ZSBlc3TDoSBtZW5vcyBjb250YW1pbmFkYS4=,,WSBsb3MgYWRtaW5pc3RyYWRvcmVzIGRlIGxhcyBpbnN0YWxhY2lvbmVzIGVtcGV6YXJvbiBhIGluc3RhbGFyIHVuYSBkaXZpc2nDs24gZW4gbGEgWm9uYVotMCBwYXJhIGV2aXRhciBxdWUgZWwgY29udGFtaW5hbnRlIHNlIHByb3BhZ3VlIG3DoXMu
4NRxBw,,RGlzY2FyZGVkIE1lY2hhbmljYWwgRGV2aWNl,,,,,RSBvcyBnZXJlbnRlcyBkZSBpbnN0YWxhw6fDtWVzIGNvbWXDp2FyYW0gYSBpbnN0YWxhciB1bWEgcGFydGnDp8OjbyBuYSBab25hIFotMCBwYXJhIHByZXZlbmlyIHF1ZSBvIGNvbnRhbWluYW50ZSBzZSBpbmZpbHRyZSBtYWlzLg==,,RGlzY2FyZGVkIE1lY2hhbmljYWwgRGV2aWNl
4dRxBw,,VGhlIG1lY2hhbmljYWwgZGV2aWNlIHRocm93biBvbiB0aGUgZmxvb3IgY2Fubm90IGJlIGRldGVybWluZWQgaWYgaXQgaXMgc3RpbGwgb3BlcmFibGUu,,,,,RGlzcG9zaXRpdm8gRGVzY2FydGFkbw==,,RXMgaW1wb3NpYmxlIHNhYmVyIHNpIGVsIGRpc3Bvc2l0aXZvIG1lY8OhbmljbyBlbiBlbCBzdWVsbyBhw7puIGZ1bmNpb25hLg==
4tRxBw,,T2gtIElzIHRoaXMgYSBtZW1vcnkgcmVjb3JkPyBEb2VzIGl0IHdvcms/IE9oIGl0IHdvcmtzLiBXb3JrcyEgU2hvdWxkIEkgdHJ5IGl0IHNpbmNlIEknbSBib3JlZD8=,,,,,TsOjbyBkw6EgcGFyYSBkZXRlcm1pbmFyIHNlIG8gZGlzcG9zaXRpdm8gbWVjw6JuaWNvIGpvZ2FkbyBubyBjaMOjbyBhaW5kYSBlc3TDoSBvcGVyYW50ZS4=,,QWgsIMK/ZXMgdW4gUmVnaXN0cm8gZGUgcmVjdWVyZG9zPyDCv0Z1bmNpb25hPyBPaCwgZnVuY2lvbmEuIMKhRnVuY2lvbmEhIE1lIGFidXJyby4gUXVpZXJvIHZlciBxdcOpIGhhY2Uu
49RxBw,,TXkgbmFtZSBpcyBNYXNvIGFuIEFkdmVudHVyZXIgdHJhdmVsaW5nIHRoZSB3b3JsZC4gVG9kYXkgaXMgNHRoIGRheSBvZiBlbnRlcmluZyB0aGUgYWlyLXJhaWQgc2hlbHRlcj8gM3JkIGRheT8gVGhlIHZpYmUgaGVyZSBpcyB3ZWlyZCBhbmQgaGFyZCB0byBhZGp1c3QgdG8u,,,,,QWguLi4gSXN0byDDqSB1bSByZWdpc3RybyBkZSBtZW3Ds3JpYXM/IFNlcsOhIHF1ZSBmdW5jaW9uYT8gQWgsIGZ1bmNpb25hLiBGdW5jaW9uYSEgU2Vyw6EgcXVlIGRldm8gdGVudGFyIG1leGVyIGrDoSBxdWUgZXN0b3UgZW50ZWRpYWRvPw==,,TWUgbGxhbW8gTWFzbywgc295IHRyb3RhbXVuZG9zLiBIb3kgZXMgZWwgY3VhcnRvIGTDrWEgZW4gZWwgcmVmdWdpbyBhbnRpYcOpcmVvLCBjcmVvLiDCv08gZWwgdGVyY2Vybz8gSGF5IHVuIGNsaW1hIHJhcm8sIG1lIGN1ZXN0YSBhY29zdHVtYnJhcm1lLg==
5NRxBw,,VmVydXMgY2l0eSBoYXMgQWR2ZW50dXJlcnMgYW1vbmdzdCBpdHMgb3JpZ2luYWwgcG9wdWxhdGlvbiBidXQgdGhlIHRyZWF0bWVudCB0b3dhcmRzIEFkdmVudHVyZXJzIGlzIHN0cmFuZ2VseSBnb29kLg==,,,,,TWV1IG5vbWUgw6kgTWFzbywgc291IHVtIEF2ZW50dXJlaXJvIHZpYWphbmRvIHBlbG8gbXVuZG8uIEhvamUgw6kgbyBxdWFydG8gZGlhIGRlc2RlIHF1ZSBlbnRyZWkgbm8gYWJyaWdvIHN1YnRlcnLDom5lbz8gT3UgbyB0ZXJjZWlybz8gQSB2aWJlIGFxdWkgw6kgZXN0cmFuaGEgZSBtZWlvIGRpZsOtY2lsIGRlIGFjb3N0dW1hci4=,,RW4gVmVydXMgaGF5IHRyb3RhbXVuZG9zIGRlc2RlIHNpZW1wcmUsIHBlcm8gYWhvcmEgbG9zIGVzdMOhbiB0cmF0YW5kbyB0YW4gYmllbiBxdWUgY2F1c2EgZXh0cmHDsWV6YS4=
5dRxBw,,VGhlIG1vb2QgaXMgdGhhdCBBZHZlbnR1cmVycyBhcmUgcGVvcGxlIGNhdWdodCB1cCBpbiBhbiB1bmNvbnRyb2xsYWJsZSBhY2NpZGVudCBhbmQgbmVlZCB0byBiZSB0cmVhdGVkIHdlbGwu,,,,,QSBjaWRhZGUgZGUgVmVydXMgdGVtIEF2ZW50dXJlaXJvcyBjb21vIHBhcnRlIGRhIHBvcHVsYcOnw6NvIG9yaWdpbmFsLCBtYXMgb3MgQXZlbnR1cmVpcm9zIHPDo28gdHJhdGFkb3MgZGUgdW1hIGZvcm1hIGVzdHJhbmhhbWVudGUgYm9hLg==,,TGEgbm9jacOzbiBlcyBxdWUgZnVlcm9uIGFmZWN0YWRvcyBwb3IgdW4gYWNjaWRlbnRlIGluY29udHJvbGFibGUgeSBwb3IgZXNvIGhheSBxdWUgdHJhdGFybG9zIGJpZW4u
5tRxBw,,QXMgYW4gQWR2ZW50dXJlciB3aG8gZWF0cyBhbmQgcGxheXMgYXMgbXVjaCBhcyBoZSB3b3JrcywgSSBjYW5ub3Qgc3RhbmQgdGhlIGl0Y2hpbmcgZm9yIGFjdGlvbi4gVXJnaA==,,,,,RWxlcyBzZW50ZW0gcXVlIG9zIEF2ZW50dXJlaXJvcyBzw6NvIHBlc3NvYXMgcmVzZ2F0YWRhcyBubyBtZWlvIGRvIGFjaWRlbnRlIGluY29udHJvbMOhdmVsIGUgcHJlY2lzYW0gc2VyIHRyYXRhZGFzIGJlbS4=,,Q29tbyB0cm90YW11bmRvcyBxdWUgc295LCBtZSBndXN0YSBjb21lciB5IGRpdmVydGlybWUgdGFudG8gY29tbyB0cmFiYWphci4gUG9yIGVzbywgbWUgY2FyY29tZW4gbGFzIGdhbmFzIGRlIHZlciBhbGdvIGRlIGFjY2nDs24uIFVyZi4=
59RxBw,,SXMgdG9kYXkgZGF5IDY/IERldGFpbHMgYXJlbid0IHRvbGQgdG8gQWR2ZW50dXJlcnMgc28gSSBhbSBub3Qgc3VyZSBidXQgdGhlIHBlb3BsZSBvZiBWZXJ1cyBjaXR5IHNlZW0gdmVyeSBnbG9vbXku,,,,,Q29tbyB1bSBBdmVudHVyZWlybyBxdWUgZ29zdGEgZGUgY29tZXIgZSBzZSBkaXZlcnRpciB0YW50byBxdWFudG8gZGUgdHJhYmFsaGFyLCBldSBlc3RvdSBkb2lkbyBwb3IgdW0gcG91Y28gZGUgYcOnw6NvLiBBcmdoLi4u,,wr9Ib3kgZXMgZWwgZMOtYTY/IEEgbG9zIHRyb3RhbXVuZG9zIG5vIGxlcyBkYW4gZGV0YWxsZXMsIGFzw60gcXVlIG5vIHPDqSBiaWVuLCBwZXJvIHNpZW50byBxdWUgbG9zIGhhYml0YW50ZXMgZGUgVmVydXMgZXN0w6FuIG11eSBkZWNhw61kb3Mu
6NRxBw,,VGhlIEFkdmVudHVyZXIncyBibG9vZCBpcyBib2lsaW5nIGFuZCB3YW50aW5nIHRvIGV4cGxvcmUgcGxhY2VzIGJ1dCB0aGVyZSBpc24ndCBtdWNoIHRvIGRvLg==,,,,,SG9qZSDDqSBvIHNleHRvIGRpYT8gTmluZ3XDqW0gY29udGEgb3MgZGV0YWxoZXMgcGFyYSBvcyBBdmVudHVyZWlyb3MsIGVudMOjbyBuw6NvIHNlaSBwb3IgcXVlIGFzIHBlc3NvYXMgZGEgY2lkYWRlIGRlIFZlcnVzIHBhcmVjZW0gdMOjbyB0cmlzdGVzLg==,,TWUgaGllcnZlIGxhIHNhbmdyZSBkZSB0cm90YW11bmRvcywgcXVpZXJvIHNhbGlyIGEgZXhwbG9yYXIsIHBlcm8gbm8gaGF5IG11Y2hvIHBvciBoYWNlci4=
6dRxBw,,SSBsb29rZWQgYXJvdW5kIHRoZSBhaXItcmFpZCBzaGVsdGVyIGJ1dCB3aG9ldmVyIGRlc2lnbmVkIGl0IGhhcyBub3Qgb25lIGFydGlzdGljIGhhaXIgb24gaGltLg==,,,,,TWV1IHNhbmd1ZSBkZSBBdmVudHVyZWlybyBlc3TDoSBmZXJ2ZW5kbyBlIGNvbSB2b250YWRlIGRlIGV4cGxvcmFyLCBtYXMgbsOjbyBow6EgbXVpdG8gYSBmYXplciBhcXVpLg==,,RXN0dXZlIGludmVzdGlnYW5kbyBlbCByZWZ1Z2lvIGFudGlhw6lyZW8sIHBlcm8gcXVpZW4gbG8gaGF5YSBkaXNlw7FhZG8gbm8gdGVuw61hIG5pIHVuIHBlbG8gZGUgY3JlYXRpdmlkYWQu
6tRxBw,,SXQgaXMgbm8gZnVuIHRvIGtlZXAgbG9va2luZyBhdCB0aGUgc2FtZSBoYWxsd2F5cyBhbmQgc2FtZSByb29tIGxheSBvdXRzLg==,,,,,RXUgZXhwbG9yZWkgbyBhYnJpZ28gc3VidGVycsOibmVvLCBtYXMgc2VqYSBsw6EgcXVlbSBvIHByb2pldG91LCBuw6NvIHRlbSBvIG1lbm9yIHRhbGVudG8gYXJ0w61zdGljby4=,,Tm8gdGllbmUgbmFkYSBkZSBkaXZlcnRpZG8gdmVyIHNpZW1wcmUgbG9zIG1pc21vcyBwYXNpbGxvcywgbGFzIG1pc21hcyBzYWxhcyB5IGxhIG1pc21hIGRpc3RyaWJ1Y2nDs24u
69RxBw,,SXMgdG9kYXkgZGF5IDIxPyBUaGUgVmVydXMgQ2l0eSBwZW9wbGUgbG9vayBoYXBweSB0byBoYXZlIHNvbHZlZCB0aGUgZm9vZCBwcm9ibGVtLg==,,,,,TsOjbyDDqSBkaXZlcnRpZG8gZmljYXIgdmVuZG8gb3MgbWVzbW9zIGNvcnJlZG9yZXMgZSBvcyBtZXNtb3MgdGlwb3MgZGUgc2FsYXMu,,wr9Ib3kgZXMgZWwgZMOtYTIxPyBMb3MgaGFiaXRhbnRlcyBkZSBWZXJ1cyBwYXJlY2VuIGNvbnRlbnRvczogcmVzb2x2aWVyb24gZWwgcHJvYmxlbWEgZGUgbGEgY29taWRhLg==
7NRxBw,,SXQgaXMgY3V0ZSB0byBzZWUgdGhlIG1pbGQgbG9va2luZyByZXNlYXJjaGVycyBnb2luZyBhcm91bmQgY2hlZXJpbmcgYW5kIHNjcmVhbWluZy4=,,,,,SG9qZSDDqSBvIHZpZ8Opc2ltbyBwcmltZWlybyBkaWE/IEFzIHBlc3NvYXMgZGEgQ2lkYWRlIGRlIFZlcnVzIHBhcmVjZW0gZmVsaXplcyBxdWUgbyBwcm9ibGVtYSBzb2JyZSBvcyBhbGltZW50b3MgZm9pIHJlc29sdmlkby4=,,RXMgdGllcm5vIHZlciBhIGxvcyBpbnZlc3RpZ2Fkb3JlcywgY29uIHN1IGFpcmUgc2VyZW5vLCBkYW5kbyB2dWVsdGFzIGEgbG9zIGdyaXRvcyB5IHZpdG9yZWFuZG8u
7dRxBw,,VGhlIDMwdGggbmlnaHQgYnV0IGJlY2F1c2UgaXQncyBhbHdheXMgZGFyayBJIGRvbid0IHJlYWxseSBrbm93IGlmIGl0J3MgbmlnaHQgb3IgZGF5LiBJIGp1c3QgYXRlIHN1cHBlciBzbyBpdCBtdXN0IGJlIG5pZ2h0Lg==,,,,,IMOJIGxlZ2FsIHZlciBvcyBwZXNxdWlzYWRvcmVzIHNlbXByZSB0w6NvIGNhbG1vcyBjb21lbW9yYW5kbyBlIGdyaXRhbmRvLg==,,RXMgbGEgbm9jaGUgbnJvLjMwLCBwZXJvIHNpZW1wcmUgZXN0w6Egb3NjdXJvLCBhc8OtIHF1ZSBubyBzw6kgc2kgZXMgZGUgbm9jaGUgbyBlcyBkZSBkw61hLiBBY2FibyBkZSBjZW5hciwgcG9yIGxvIHF1ZSBkZWJlIHNlciBkZSBub2NoZS4=
7tRxBw,,VG9kYXkgSSBtb3ZlZCB0aGUgcmVhbGx5IGhlYXZ5IGFpciBjbGVhbmluZyB1bml0cyBtYWRlIGJ5IHRoZSBNZWNoYW5pY2lhbnMgd2l0aCB0aGUgb3RoZXIgQWR2ZW50dXJlcnMu,,,,,IMOJIG8gdHJpZ8Opc2ltbyBkaWEsIG1hcyBjb21vIGVzdMOhIHNlbXByZSBlc2N1cm8sIGV1IG7Do28gc2VpIHNlIMOpIG5vaXRlIG91IGRpYS4gRXUgYWNhYmVpIGRlIGphbnRhciwgZW50w6NvIGRldmUgc2VyIGRlIG5vaXRlLg==,,SG95LCBqdW50byBjb24gb3Ryb3MgdHJvdGFtdW5kb3MsIHRyYXNsYWTDqSBsb3MgcGVzYWTDrXNpbW9zIHB1cmlmaWNhZG9yZXMgZGUgYWlyZSBxdWUgZmFicmljYXJvbiBsb3MgbWVjw6FuaWNvcy4=
79RxBw,,VGhlIGFpci1yYWlkIHNoZWx0ZXIgaXMgc28gbGFyZ2UgdGhhdCBJIGhhZCBubyBpZGVhIHdoZXJlIHRoZXkgd2VyZSBidXQgdGhhbmtzIHRvIHRoYXQgSSBiZWNhbWUgZnJpZW5kcyB3aXRoIHNvbWUgb2YgdGhlIEFkdmVudHVyZXJzLCBlc3BlY2lhbGx5IENhc3RsZSBhbmQgQmxhdC4=,,,,,SG9qZSwgZXUgZSBvcyBvdXRyb3MgQXZlbnR1cmVpcm9zIGNhcnJlZ2Ftb3MgYXMgdW5pZGFkZXMgcHVyaWZpY2Fkb3JhcyBkZSBhciBiZW0gcGVzYWRhcyBmZWl0YXMgcGVsb3MgTWVjw6JuaWNvcy4=,,RWwgcmVmdWdpbyBhbnRpYcOpcmVvIGVzIHRhbiBncmFuZGUgcXVlIG5vIHRlbsOtYSBuaSBpZGVhIGRlIGTDs25kZSBlc3RhYmFuLCBwZXJvIGdyYWNpYXMgYSBlc28gY29ub2PDrSBhIG90cm9zIHRyb3RhbXVuZG9zIHkgZW50YWJsw6kgYW1pc3RhZCBjb24gQ2FzdGxlIHkgQmxhdC4=
8NRxBw,,QnkgdGhlIHdheSB0aGUgTWVjaGFuaWNpYW5zIHNlZW0gdG8gaGF2ZSBtZW50YWwgcHJvYmxlbXMuIFRoZXkgbWFrZSBhIHJ1Y2t1cyBmb3Igbm90IGJlaW5nIGFibGUgdG8gbWFrZSBtYWNoaW5lcyBhbmQgZ290IGRyYWdnZWQgb3V0IGJ5IHRoZSBndWFyZHMu,,,,,TyBhYnJpZ28gc3VidGVycsOibmVvIMOpIHTDo28gZ3JhbmRlIHF1ZSBldSBuw6NvIGZhemlhIGlkZWlhIGRlIG9uZGUgdGluaGEgcXVlIGlyLCBtYXMgZ3Jhw6dhcyBhIGlzc28gZXUgZml6IGFtaXphZGUgY29tIGFsZ3VucyBBdmVudHVyZWlyb3MsIGVzcGVjaWFsbWVudGUgQ2FzdGxlIGUgQmxhdC4=,,UG9yIGNpZXJ0bywgcGFyZWNlIHF1ZSBsb3MgbWVjw6FuaWNvcyB0aWVuZW4gcHJvYmxlbWFzIG1lbnRhbGVzLiBIYWNlbiBlc2PDoW5kYWxvIHBvcnF1ZSBubyBsZXMgcGVybWl0ZW4gZmFicmljYXIgbcOhcXVpbmFzLCB5IGxvcyBndWFyZGlhcyBsb3Mgc2FjYXJvbiBhIGxhIHJhc3RyYS4=
8dRxBw,,VGhlIE1lY2hhbmljaWFucyBhcmUgZGVmaW5pdGVseSBnb2luZyB0byBjYXVzZSB0cm91YmxlIHNvbWVkYXku,,,,,RmFsYW5kbyBuaXNzbywgcGFyZWNlIHF1ZSBvcyBNZWPDom5pY29zIHTDqm0gcHJvYmxlbWFzIG1lbnRhaXMuIEVsZXMgZml6ZXJhbSB1bSBlc2PDom5kYWxvIHBvciBuw6NvIHBvZGVyZW0gY3JpYXIgbWFpcyBtw6FxdWluYXMgZSBmb3JhbSBsZXZhZG9zIHBlbG9zIGd1YXJkYXMu,,Tm8gY2FiZSBkdWRhIGRlIHF1ZSBhbGfDum4gZMOtYSB2YW4gYSBjYXVzYXIgcHJvYmxlbWFzLg==
8tRxBw,,VG9kYXkgaXMgZGF5IDMyIGFuZCBJIHdvcmtlZCBvbiB0aGUgZ3JhcGUgaGFydmVzdC4=,,,,,T3MgTWVjw6JuaWNvcyBjb20gY2VydGV6YSBjcmlhcsOjbyBwcm9ibGVtYXMgYWxndW1hIGRpYS4=,,SG95IGVzIGVsIGTDrWEzMi4gVHJhYmFqw6kgZW4gbGEgY29zZWNoYSBkZSB1dmFzLg==
89RxBw,,SSBhdGUgZnJlc2ggZ3JhcGVzIGFuZCBzaW5jZSBJIGRvbid0IGhhdmUgYW55dGhpbmcgdG8gZG8gYW55dGhpbmcgdG8gZG8sIEknbSBnb2luZyB0byBzbGVlcCBlYXJseS4=,,,,,SG9qZSDDqSBvIHRyaWfDqXNpbW8gc2VndW5kbyBkaWEgZSBldSB0cmFiYWxoZWkgbmEgY29saGVpdGEgZGFzIHV2YXMu,,Q29tw60gdW5hcyB1dmFzIGZyZXNjYXMuIENvbW8gbm8gdGVuZ28gbmFkYSBxdWUgaGFjZXIsIG1lIHZveSBhIGRvcm1pciB0ZW1wcmFuby4=
9NRxBw,,QWguLiB0aGUgZ3JhcGUgd2FzIGdvb2QsIEkgd2FudCBpdCBhZ2Fpbi4gRGlkIHRoZXkgc2F5IGhhcnZlc3Qgd2FzIHBvc3NpYmxlIG9uY2UgZXZlcnkgMiB3ZWVrcz8=,,,,,RXUgY29taSB1dmFzIGZyZXNjYXMgZSBqw6EgcXVlIG7Do28gdGVuaG8gbWFpcyBuYWRhIHBhcmEgZmF6ZXIsIHZvdSBkb3JtaXIgbWFpcyBjZWRvLg==,,QXksIHF1w6kgcmljYXMgZXN0YWJhbiBlc2FzIHV2YXMuIFF1aWVybyBtw6FzLiDCv0RpamVyb24gcXVlIHNlIHBvZMOtYSBjb3NlY2hhciBjYWRhIDJzZW1hbmFzPw==
9dRxBw,,VG9kYXkgaXMgdGhlIDM4dGggZGF5IG9mIGJlaW5nIGluIHRoZSBzaGVsdGVyIGFuZCB0aGVyZSBpcyBhIGZ1c3Mgc2luY2UgdGhlIG1vcm5pbmcu,,,,,QWguLi4gQXMgdXZhcyBlc3RhdmFtIGJvYXMsIGV1IHF1ZXJvIGNvbWVyIGRlIG5vdm8uIEVsZXMgZGlzc2VyYW0gcXVlIGFzIGNvbGhlaXRhcyBzZXJpYW0gcG9zc8OtdmVpcyBhIGNhZGEgMiBzZW1hbmFzPw==,,SG95IGVzIGVsIGTDrWEzOCBkZSBlc3RhciBlbiBlbCByZWZ1Z2lvLiBFc3TDoSB0b2RvIGNvbm1vY2lvbmFkbyBkZXNkZSBsYSBtYcOxYW5hLg==
9tRxBw,,VGhpcyBtb3JuaW5nIHRoZSByZWNydWl0ZWQgQWR2ZW50dXJlcnMgdG8gam9pbiB0aGUgQ2hlbWljYWwgU3Vic3RhbmNlIFNwZWNpYWxpc3RzIGZvciBhbiBpbnZlc3RpZ2F0aW9uIG91dHNpZGUgdGhlIGFpci1yYWlkIHNoZWx0ZXIsIG1hbnkgdm9sdW50ZWVyZWQgZGVzcGl0ZSB0aGUgZGFuZ2Vycy4=,,,,,SG9qZSDDqSBvIHRyaWfDqXNpbW8gb2l0YXZvIGRpYSBkZW50cm8gZG8gYWJyaWdvIGUgZXN0w6Egcm9sYW5kbyB1bWEgY29uZnVzw6NvIGRlc2RlIG1hbmjDoy4=,,RXN0YSBtYcOxYW5hLCByZWNsdXRhcm9uIHRyb3RhbXVuZG9zIHBhcmEgc3VtYXJzZSBhIGxhIGludmVzdGlnYWNpw7NuIGRlbCBleHRlcmlvciBkZWwgcmVmdWdpbyBhbnRpYcOpcmVvIGp1bnRvIGEgbG9zIGVzcGVjaWFsaXN0YXMgZW4gc3VzdGFuY2lhcyBxdcOtbWljYXMuIEEgcGVzYXIgZGVsIHBlbGlncm8sIGh1Ym8gbXVjaG9zIHZvbHVudGFyaW9zLg==
99RxBw,,SSBhbSBvZiB0aGUgYmVsaWVmIGRhbmdlciBzaG91bGQgYmUgYXZvaWRlZCBidXQgbXkgZnJpZW5kcyBDYXN0bGUgYW5kIEJsYXQgdm9sdW50ZWVyZWQu,,,,,RXN0YSBtYW5ow6MsIG9zIEF2ZW50dXJlaXJvcyBmb3JhbSByZWNydXRhZG9zIHBhcmEgc2UganVudGFyZW0gYW9zIEVzcGVjaWFsaXN0YXMgZW0gU3Vic3TDom5jaWFzIFF1w61taWNhcyBlbSB1bWEgaW52ZXN0aWdhw6fDo28gZm9yYSBkbyBhYnJpZ28gc3VidGVycsOibmVvLCBlIG11aXRvcyBzZSB2b2x1bnRhcmlhcmFtLCBtZXNtbyBjb20gdG9kb3Mgb3MgcGVyaWdvcy4=,,WW8gcHJlZmllcm8gZXZpdGFyIGxvcyByaWVzZ29zLCBwZXJvIENhc3RsZSB5IEJsYXQgc2Ugb2ZyZWNpZXJvbi4=
+NRxBw,,V2VsbCBJIHVuZGVyc3RhbmQgdGhhdCB0aGV5IHdlcmUgc2ljayBvZiBsaXZpbmcgaW4gdGhlIHNoZWx0ZXIgZm9yIGEgd2hpbGUu,,,,,RXUgYWNyZWRpdG8gcXVlIGRldmVtb3MgZXZpdGFyIGNvaXNhcyBtdWl0YXMgcGVyaWdvc2FzLCBtYXMgbWV1cyBhbWlnb3MsIENhc3RsZSBlIEJsYXQsIHNlIHZvbHVudGFyaWFyYW0u,,UHVlZG8gZW50ZW5kZXIgcXVlIGVzdGFiYW4gY2Fuc2Fkb3MgZGUgdml2aXIgdGFudG8gdGllbXBvIGVuIGVsIHJlZnVnaW8u
+dRxBw,,VGhleSBoYXZlIG5vdCByZXR1cm5lZCBwYXN0IHRoZSBhZnRlcm5vb24uIFZlcnVzIENpdHkgbGVhZGVyIEZyZXNhIGhhcyBjb25jbHVkZWQgdGhhdCB0aGUgcGVvcGxlIHdobyBsZWZ0IGFyZSBkZWFkLg==,,,,,Qm9tLCBldSBlbnRlbmRvIHF1ZSBlbGVzIGVzdGVqYW0gY2Fuc2Fkb3MgZGUgbW9yYXIgbm8gYWJyaWdvIHBvciB0YW50byB0ZW1wby4=,,RXN0w6EgY2F5ZW5kbyBsYSBub2NoZSwgeSBhw7puIG5vIHJlZ3Jlc2FuLiBGcmVzYSwgbMOtZGVyIGRlIGxhIGNpdWRhZCBkZSBWZXJ1cywgZGV0ZXJtaW7DsyBxdWUgbGFzIHBlcnNvbmFzIHF1ZSBzZSBmdWVyb24gbXVyaWVyb24u
+tRxBw,,RXZlcnlib2R5IGhhZCBhIG1vbWVudCBvZiBzaWxlbmNlIGF0IGRhd24uIFRoZXkgd2VyZSBnb29kIHBlb3BsZSBzbyBpdCBpcyBzYWQgdG8gcGFydCBsaWtlIHRoaXMu,,,,,RWxlcyBuw6NvIHZvbHRhcmFtIG5vIGZpbmFsIGRhIHRhcmRlLiBBIGzDrWRlciBkYSBDaWRhZGUgZGUgVmVydXMsIEZyZXNhLCBjaGVnb3Ugw6AgY29uY2x1c8OjbyBxdWUgYXMgcGVzc29hcyBxdWUgc2HDrXJhbSwgbW9ycmVyYW0u,,SGljaW1vcyB1biBtaW51dG8gZGUgc2lsZW5jaW8gYWwgYW1hbmVjZXIuIEVyYW4gYnVlbmEgZ2VudGU7IGVzIHRyaXN0ZSBkZXNwZWRpcnNlIGFzw60u
+9RxBw,,SXMgaXQgc2luY2UgdGhlIG1vcm5pbmcgb2YgdGhlIDQwdGggZGF5PyBUaGVyZSBpcyBhIG15c3RlcmlvdXMgaW5mZWN0aW91cyBkaXNlYXNlIGdvaW5nIGFyb3VuZCB0aGUgc2hlbHRlci4=,,,,,VG9kbyBtdW5kbyBmZXogdW0gbW9tZW50byBkZSBzaWzDqm5jaW8gYW8gYW1hbmhlY2VyLiBFcmFtIGJvYXMgcGVzc29hcywgZSDDqSB0cmlzdGUgdGVybW9zIHF1ZSBub3MgZGVzcGVkaXIgYXNzaW0u,,wr9GdWUgZGVzZGUgbGEgbWHDsWFuYSBkZWwgZMOtYTQwPyBQb3IgZWwgcmVmdWdpbyBjaXJjdWxhIHVuYSBlbmZlcm1lZGFkIGluZmVjY2lvc2EgeSBsYSBjYXVzYSBlcyB1biBtaXN0ZXJpby4=
/NRxBw,,QSBmZXcgcGVvcGxlIGhhdmUgc3VkZGVubHkgYXR0YWNrZWQgdGhvc2UgbmVhciB0aGVtIGFuZCBjb252dWxzZWQ=,,,,,SsOhIMOpIGEgbWFuaMOjIGRvIHF1YWRyYWfDqXNpbW8gZGlhPyBUZW0gdW1hIGluZmVjw6fDo28gbWlzdGVyaW9zYSBzZSBlc3BhbGhhbmRvIHBlbG8gYWJyaWdvLg==,,QWxndW5hcyBwZXJzb25hcyBhdGFjYXJvbiBkZSByZXBlbnRlIGEgcXVpZW5lcyB0ZW7DrWFuIGNlcmNhIHkgc3Vmcmllcm9uIGNvbnZ1bHNpb25lcy4=
/dRxBw,,QW5kIEFkdmVudHVyZXJzIGhhdmUgYmVlbiBkZXBsb3llZCB0byBzdXBwcmVzcyB0aGUgY29udnVsc2luZyBwZW9wbGUgYmVjYXVzZSBhIGxvdCBvZiB0aGUgd2VhayByZXNlYXJjaGVycyBhcmUgd291bmRlZC4=,,,,,QWxndW1hcyBwZXNzb2FzIGF0YWNhcmFtIG91dHJhcyBxdWUgZXN0YXZhbSBwZXJ0byBlIGRlcG9pcyB0aXZlcmFtIGNvbnZ1bHPDtWVzLg==,,RGVzaWduYXJvbiBhIHRyb3RhbXVuZG9zIHBhcmEgY29udHJvbGFyIGEgbGFzIHBlcnNvbmFzIGNvbiBjb252dWxzaW9uZXMgcG9ycXVlIG11Y2hvcyBkZSBsb3MgaW52ZXN0aWdhZG9yZXMgZMOpYmlsZXMgc3Vmcmllcm9uIGhlcmlkYXMu
/tRxBw,,VGhlcmUgaXMgYSBydW1vciBzYXlpbmcgYSBjb250YW1pbmFudCBjYW1lIGluIGJlY2F1c2Ugb2YgdGhlIHBlb3BsZSB3aG8gd2VudCBvdXRzaWRlIHRoZSBzaGVsdGVyIGEgd2hpbGUgZ28u,,,,,RSBvcyBBdmVudHVyZWlyb3MgZm9yYW0gY2hhbWFkb3MgcGFyYSBjb250ZXIgYXMgcGVzc29hcyBlbSBjb252dWxzw6NvIHBvcnF1ZSBtdWl0b3MgZG9zIHBlc3F1aXNhZG9yZXMgbWFpcyBmcmFjb3MgZm9yYW0gZmVyaWRvcy4=,,U2UgcnVtb3JlYSBxdWUgZW50csOzIHVuIGNvbnRhbWluYW50ZSBwb3IgY3VscGEgZGUgcXVpZW5lcyBzYWxpZXJvbiBkZWwgcmVmdWdpbyBoYWNlIHVuIHRpZW1wby4=
/9RxBw,,THVuY2ggZHVyaW5nIGRheSA0NCB0aGUgYWlyLXJhaWQgc2hlbHRlciBsZWFkZXIgRnJlc2EgZ2F0aGVyZWQgdGhlIEFkdmVudHVyZXJzIGFuZCBoYWQgYSBwcmVzZW50YXRpb24u,,,,,RGl6ZW0gcXVlIHVtIGNvbnRhbWluYW50ZSBzZSBpbmZpbHRyb3UgcG9yIGNhdXNhIGRhcyBwZXNzb2FzIHF1ZSBzYcOtcmFtIGjDoSBhbGd1bSB0ZW1wby4=,,RHVyYW50ZSBlbCBhbG11ZXJ6byBkZWwgZMOtYTQ0LCBGcmVzYSwgbMOtZGVyIGRlbCByZWZ1Z2lvIGFudGlhw6lyZW8sIGNvbnZvY8OzIGEgbG9zIHRyb3RhbXVuZG9zIHkgbGVzIGhhYmzDsy4=
ANVxBw,,VGhlIHJ1bW9yIGhhcyBiZWVuIGNvbmZpcm1lZCB0cnVlIGFuZCBhIHNhZmV0eSBwYXJ0aXRpb24gd2lsbCBiZSBidWlsdCBpbiBab25lIFotMA==,,,,,Tm8gYWxtb8OnbyBkbyBxdWFkcmFnw6lzaW1vIHF1YXJ0byBkaWEgbm8gYWJyaWdvLCBhIGzDrWRlciBGcmVzYSBqdW50b3Ugb3MgQXZlbnR1cmVpcm9zIGUgZmV6IHVtYSBhcHJlc2VudGHDp8Ojby4=,,U2UgY29uZmlybcOzIGVsIHJ1bW9yLiBDb25zdHJ1aXLDoW4gdW5hIGRpdmlzacOzbiBlbiBsYSBab25hWi0wLCBwb3Igc2VndXJpZGFkLg==
AdVxBw,,QSBkZWNpc2lvbiBoYXMgYmVlbiBtYWRlIHRvIG1vdmUgbmVjZXNzaXRpZXMgdG8gWm9uZSBaLTIgdG9tb3Jyb3cgYW5kIEkgaGVhcmQgdGhleSBuZWVkIHRoZSBoZWxwIG9mIEFkdmVudHVyZXJzLg==,,,,,Q29uZmlybW91LXNlIHF1ZSBvIGJvYXRvIMOpIHZlcmRhZGVpcm8gZSB1bWEgcGFydGnDp8OjbyBkZSBzZWd1cmFuw6dhIHNlcmlhIGNvbnN0cnXDrWRhIG5hIFpvbmEgWi0wLg==,,RGVjaWRpZXJvbiB0cmFzbGFkYXIgbG9zIHN1bWluaXN0cm9zIGRlIHByaW1lcmEgbmVjZXNpZGFkIGEgbGEgWm9uYVotMiBtYcOxYW5hIHkgZXNjdWNow6kgcXVlIG5lY2VzaXRhbiBheXVkYSBkZSBsb3MgdHJvdGFtdW5kb3Mu
AtVxBw,,SSBoYXZlIHRvIHdvcmsgdG9tb3Jyb3cgc28gSSBhbSBkb2luZyB0byBzbGVlcCBlYXJseS4=,,,,,RGVjaWRpdS1zZSBtdWRhciBvcyBpdGVucyBuZWNlc3PDoXJpb3MgcGFyYSBhIFpvbmEgWi0yIGFtYW5ow6MgZSBvdXZpIHF1ZSBwcmVjaXNhbSBkYSBhanVkYSBkb3MgQXZlbnR1cmVpcm9zLg==,,TWHDsWFuYSBkZWJvIHRyYWJhamFyLCBhc8OtIHF1ZSBtZSB2b3kgYSBkb3JtaXIgdGVtcHJhbm8u
A9VxBw,,V2FyZWhvdXNlIEtlZXBlciBQaWs=,,,,,RXUgdGVuaG8gcXVlIHRyYWJhbGhhciBhbWFuaMOjLCBlbnTDo28gdm91IGRvcm1pciBjZWRvLg==,,V2FyZWhvdXNlIEtlZXBlciBQaWs=
BNVxBw,,W1dhcmVob3VzZSBLZWVwZXIgUGlrXQpJIGRvbid0IGtub3cgd2hhdCBicmluZ3MgeW91IGhlcmUgYnV0IHBsZWFzZSBkb24ndCB0b3VjaCBhbnl0aGluZy4=,,,,,UHVr,,W1Jlc3AuIGRlIGRlcMOzc2l0byBQaWtdCk5vIHPDqSBxdcOpIGhhY2VzIGFxdcOtLCBwZXJvIHRlIHJ1ZWdvIHF1ZSBubyB0b3F1ZXMgbmFkYS4=
BdVxBw,,W1dhcmVob3VzZSBLZWVwZXIgUGlrXQpJIGhhdmVuJ3QgZmluaXNoZWQgY2hlY2tpbmcgdGhlIHN0b2NrIGFuZCBpdCB3b3VsZCBiZSBhbm5veWluZyBpZiBhbnl0aGluZyB3ZW50IG1pc3Npbmcu,,,,,W0VuY2FycmVnYWRvIGRvIERlcMOzc2l0byBQdWtdCkV1IG7Do28gc2VpIG8gcXVlIHRlIHRyYXogYXF1aSwgbWFzLCBwb3IgZmF2b3IsIG7Do28gdG9xdWUgZW0gbmFkYS4=,,W1Jlc3AuIGRlIGRlcMOzc2l0byBQaWtdCkHDum4gbm8gdGVybWlubyBkZSBoYWNlciBlbCBpbnZlbnRhcmlvOyBzaSBtZSBmYWx0YSBhbGdvLCBtZSBtb2xlc3RhcsOpIG11Y2hvLg==
BtVxBw,,W1dhcmVob3VzZSBLZWVwZXIgUGlrXQpZb3UncmUgYW4gYWR2ZW50dXJlci4gWW91IGRvbid0IGhhdmUgdG8gZGVsaXZlciBhaXIgY2xlYW5lcnMgaGVyZS4=,,,,,W0VuY2FycmVnYWRvIGRvIERlcMOzc2l0byBQdWtdCkV1IG7Do28gdGVybWluZWkgZGUgdmVyaWZpY2FyIG8gZXN0b3F1ZSwgZSBzZXJpYSBtdWl0byBjaGF0byBzZSBhbGd1bWEgY29pc2EgZGVzYXBhcmVjZXNzZS4=,,W1Jlc3AuIGRlIGRlcMOzc2l0byBQaWtdCkVyZXMgdW4gdHJvdGFtdW5kb3MuIE5vIGhhY2UgZmFsdGEgcXVlIHRyYWlnYXMgdW4gcHVyaWZpY2Fkb3IgZGUgYWlyZS4=
B9VxBw,,W1dhcmVob3VzZSBLZWVwZXIgUGlrXQpJdCdzIGEgd2FyZWhvdXNlIGFueXdheS4gVGhlIGluZGVwZW5kZW50IGFpciBjaXJjdWxhdGlvbiBzeXN0ZW0gaXMgZW5vdWdoLg==,,,,,W0VuY2FycmVnYWRvIGRvIERlcMOzc2l0byBQdWtdClZvY8OqIMOpIHVtIGF2ZW50dXJlaXJvLiBWb2PDqiB0ZW0gcXVlIGVudHJlZ2FyIGFzIHVuaWRhZGVzIHB1cmlmaWNhZG9yYXMgZGUgYXIgYXF1aS4=,,W1Jlc3AuIGRlIGRlcMOzc2l0byBQaWtdCkVzIHVuIGRlcMOzc2l0bywgbmFkYSBtw6FzLiBBbGNhbnphIGNvbiBlbCBzaXN0ZW1hIGluZGVwZW5kaWVudGUgZGUgY2lyY3VsYWNpw7NuIGRlIGFpcmUu
CNVxBw,,W1dhcmVob3VzZSBLZWVwZXIgUGlrXQpBYWhoLSBMb29raW5nIGFmdGVyIHRoZSB3YXJlaG91c2UgaXMgYW5ub3lpbmcu,,,,,W0VuY2FycmVnYWRvIGRvIERlcMOzc2l0byBQdWtdCklzc28gw6kgdW0gZGVww7NzaXRvLiBPIHNpc3RlbWEgZGUgY2lyY3VsYcOnw6NvIGRlIGFyIGluZGVwZW5kZW50ZSBqw6Egw6kgbyBiYXN0YW50ZS4=,,W1Jlc3AuIGRlIGRlcMOzc2l0byBQaWtdCkFhYXksIHF1w6kgbW9sZXN0byBlcyBjdWlkYXIgZWwgZGVww7NzaXRvLg==
CdVxBw,,W1dhcmVob3VzZSBLZWVwZXIgUGlrXQpUaGVyZSBpcyBub2JvZHkgdG8gcm90YXRlIG15IHNoaWZ0,,,,,W0VuY2FycmVnYWRvIGRvIERlcMOzc2l0byBQdWtdCkFhaGghIEN1aWRhciBkbyBkZXDDs3NpdG8gw6kgbXVpdG8gY2hhdG8u,,W1Jlc3AuIGRlIGRlcMOzc2l0byBQaWtdCk5vIHRlbmdvIGEgbmFkaWUgY29uIHF1aWVuIHR1cm5hcm1lLg==
CtVxBw,,W1dhcmVob3VzZSBLZWVwZXIgUGlrXQpXaGEtIHdoYS0gd2FpdCBzdG9wISE=,,,,,W0VuY2FycmVnYWRvIGRvIERlcMOzc2l0byBQdWtdCk7Do28gdGVtIG5pbmd1w6ltIHBhcmEgZGl2aWRpciBvcyB0dXJub3MgY29taWdvLg==,,W1Jlc3AuIGRlIGRlcMOzc2l0byBQaWtdCk5vLCBubywgwqFtb21lbnRvLCBtb21lbnRvIQ==
C9VxBw,,W1dhcmVob3VzZSBLZWVwZXIgUGlrXQpZb3UncmUgbm90IGhlcmUgdG8gYW1idXNoIG1lIHJpZ2h0PyBJdCdzIGFscmlnaHQgaWYgbm90Lg==,,,,,W0VuY2FycmVnYWRvIGRvIERlcMOzc2l0byBQdWtdCk8gcXVlLi4gTyBxdWUuLi4gRXNwZXJlLCBwYXJlISE=,,W1Jlc3AuIGRlIGRlcMOzc2l0byBQaWtdCk5vIHZpbmlzdGUgYSBwcmVzaW9uYXJtZSwgwr9ubz8gU2kgbm8gZXMgYXPDrSwgbm8gcGFzYSBuYWRhLg==
DNVxBw,,W1dhcmVob3VzZSBLZWVwZXIgUGlrXQpBcmUgeW91IGhlcmUgdG8gbW92ZSBpdGVtcz8=,,,,,W0VuY2FycmVnYWRvIGRvIERlcMOzc2l0byBQdWtdClZvY8OqIG7Do28gZXN0w6EgdGVudGFuZG8gbWUgZW1ib3NjYXIsIGNlcnRvPyBFc3TDoSB0dWRvIGJlbSwgZGVzZGUgcXVlIG7Do28gZXN0ZWphIHRlbnRhbmRvLg==,,W1Jlc3AuIGRlIGRlcMOzc2l0byBQaWtdCsK/VmluaXN0ZSBhIHRyYXNsYWRhciBvYmpldG9zPw==
DdVxBw,,W1dhcmVob3VzZSBLZWVwZXIgUGlrXQpUaGUgZ29vZHMgaW4gdGhpcyB3YXJlaG91c2Ugc2hvdWxkIG5vdCBiZSB0b2RheSBJIHRoaW5rPyBGcm9tIHdoYXQgSSBrbm93IHRvZGF5IHdlIGFyZSBtb3ZpbmcgbmVjZXNzaXRpZXMgZmlyc3Qu,,,,,W0VuY2FycmVnYWRvIGRvIERlcMOzc2l0byBQdWtdClZvY8OqIGVzdMOhIGFxdWkgcGFyYSBtb3ZlciBvcyBpdGVucz8=,,W1Jlc3AuIGRlIGRlcMOzc2l0byBQaWtdCkNyZW8gcXVlIGhveSBubyBzZSBkZWJlIHRyYXNsYWRhciBsbyBxdWUgaGF5IGVuIGVsIGRlcMOzc2l0by4gSGFzdGEgZG9uZGUgc8OpLCBob3kgdHJhc2xhZGFyw6FuIGxvcyBzdW1pbmlzdHJvcyBkZSBwcmltZXJhIG5lY2VzaWRhZC4=
DtVxBw,,W1dhcmVob3VzZSBLZWVwZXIgUGlrXQpJIGFtIHdhcmVob3VzZSBrZWVwZXIgUGlrLiBQaWshIQ==,,,,,W0VuY2FycmVnYWRvIGRvIERlcMOzc2l0byBQdWtdCkFjaG8gcXVlIG9zIGl0ZW5zIGRlc3RlIGRlcMOzc2l0byBuw6NvIGRldmVtIHNlciBsZXZhZG9zIGhvamUuIFBlbG8gcXVlIGV1IHNlaSwgcHJpbWVpcm8gdmFtb3MgbGV2YXIgb3MgaXRlbnMgbmVjZXNzw6FyaW9zLg==,,W1Jlc3AuIGRlIGRlcMOzc2l0byBQaWtdClNveSBQaWssIHJlc3BvbnNhYmxlIGRlbCBkZXDDs3NpdG8uIMKhwqFQaWshIQ==
D9VxBw,,R3VhcmQ=,,,,,W0VuY2FycmVnYWRvIGRvIERlcMOzc2l0byBQdWtdCkV1IHNvdSBvIGVuY2FycmVnYWRvIGRvIGRlcMOzc2l0bywgUHVrLiBQdWshIQ==,,R3VhcmQ=
ENVxBw,,W0d1YXJkXQpIZWxsbyBhZHZlbnR1cmVyPw==,,,,,W0d1YXJkYV0KT2zDoSwgYW1hbnRlIGRlIGF2ZW50dXJhcz8=,,W0d1YXJkaWFdCkhvbGEsIHRyb3RhbXVuZG9zLg==
EdVxBw,,W0d1YXJkXQpJIGRvbid0IGtub3cgdGhlIHJlYXNvbiwgYnV0IEZyZXNhIGFzc2lnbmVkIG1lIGhlcmUu,,,,,W0d1YXJkYV0KRXUgbsOjbyBzZWkgbyBtb3Rpdm8sIG1hcyBhIEZyZXNhIG1lIG1hbmRvdSBmaWNhciBhcXVpLg==,,W0d1YXJkaWFdCk5vIHPDqSBwb3IgcXXDqSwgcGVybyBGcmVzYSBtZSBhc2lnbsOzIGEgZXN0ZSBwdWVzdG8u
EtVxBw,,W0d1YXJkXQpJIGFsd2F5cyB3b25kZXJlZCB3aHkgSSB3YXMgYXNzaWduZWQgaGVyZSBidXQgbm93IEkgdGhpbmsgSSBrbm93IHRoZSByZWFzb24u,,,,,W0d1YXJkYV0KRXUgc2VtcHJlIHF1aXMgc2FiZXIgcG9yIHF1ZSB0ZW5obyBxdWUgZmljYXIgYXF1aSwgbWFzIGFnb3JhIGFjaG8gcXVlIHNlaSBhIHJhesOjby4=,,W0d1YXJkaWFdCk51bmNhIHN1cGUgYmllbiBwb3IgcXXDqSBtZSBhc2lnbmFyb24gYSBlc3RlIHB1ZXN0bywgcGVybyBhaG9yYSBjcmVvIHF1ZSBzw6ku
E9VxBw,,W0d1YXJkXQpJdCBpcyB0byB3YXRjaCBpZiB0aGUgTWVjaGFuaWNpYW5zIG1ha2UgdXNlbGVzcyB0aGluZ3Mu,,,,,W0d1YXJkYV0KIMOJIHBhcmEgaW1wZWRpciBxdWUgb3MgTWVjw6JuaWNvcyBjcmllbSBjb2lzYXMgaW7DunRlaXMu,,W0d1YXJkaWFdCkVzIHBhcmEgdmVyIHNpIGxvcyBtZWPDoW5pY29zIGZhYnJpY2FuIGNvc2FzIGluw7p0aWxlcy4=
FNVxBw,,W0d1YXJkXQpUaGUgTWVjaGFuaWNpYW5zIG9jY2FzaW9uYWxseSB3YW50IHRvIG1ha2Ugc29tZXRoaW5nLg==,,,,,W0d1YXJkYV0KT3MgTWVjw6JuaWNvcyBlc3TDo28gc2VtcHJlIHF1ZXJlbmRvIG1vbnRhciBhbGd1bWEgY29pc2Eu,,W0d1YXJkaWFdCkRlIHZleiBlbiBjdWFuZG8sIGxvcyBtZWPDoW5pY29zIHF1aWVyZW4gZmFicmljYXIgYWxnby4=
FdVxBw,,W0d1YXJkXQpNeSBqb2IgaXMgdG8gc3RvcCB0aGVtLg==,,,,,W0d1YXJkYV0KTWV1IHRyYWJhbGhvIMOpIGltcGVkaS1sb3Mu,,W0d1YXJkaWFdCllvIG1lIGVuY2FyZ28gZGUgZGV0ZW5lcmxvcy4=
FtVxBw,,W0d1YXJkXQpJIGhlYXIgcGF0aWVudHMgdGhlc2UgZGF5cyBhcmUgY29udnVsc2luZyBhbmQgYXR0YWNraW5nIHRoZSBwZW9wbGUgYXJvdW5kIHRoZW0/,,,,,W0d1YXJkYV0KRXUgb3V2aSBxdWUgb3MgcGFjaWVudGVzIGVzdMOjbyBjb252dWxzaW9uYW5kbyBlIGF0YWNhbmRvIGFzIHBlc3NvYXMgcGVydG8gZGVsZXMu,,W0d1YXJkaWFdCk1lIGVudGVyw6kgZGUgcXVlIGhheSBhbGd1bm9zIHBhY2llbnRlcyBxdWUgY29udnVsc2lvbmFuIHkgYXRhY2FuIGEgbG9zIGRlbcOhcyBhIHN1IGFscmVkZWRvciwgwr9lcyBjaWVydG8/
F9VxBw,,W0d1YXJkXQpUaGUgTWVjaGFuaWNpYW4gY29uc3RhbnRseSBjb252dWxzZSBzYXlpbmcgdGhleSB3YW50IHRvIG1ha2Ugc29tZXRoaW5nIHNvIGl0J3Mgbm90IHdlaXJkIHRvIG1lLg==,,,,,W0d1YXJkYV0KT3MgTWVjw6JuaWNvcyBlc3TDo28gc2VtcHJlIHRlbmRvIGNvbnZ1bHPDtWVzIGUgZGl6ZW5kbyBxdWUgcXVlcmVtIG1vbnRhciBhbGd1bWEgY29pc2EsIGVudMOjbyBpc3NvIG7Do28gw6kgbm92aWRhZGUgcGFyYSBtaW0u,,W0d1YXJkaWFdCkxvcyBtZWPDoW5pY29zIHRpZW5lbiBjb252dWxzaW9uZXMgdG9kbyBlbCB0aWVtcG8geSBkaWNlbiBxdWUgcXVpZXJlbiBmYWJyaWNhciBhbGdvLCBhc8OtIHF1ZSBubyBtZSBzb3JwcmVuZGUu
GNVxBw,,W0d1YXJkXQpUaGUgY29udnVsc2lvbiBvZiBNZWNoYW5pY2lhbnMgYXJlIHJlYWNoaW5nIGV4dHJlbWVzLg==,,,,,W0d1YXJkYV0KQXMgY29udnVsc8O1ZXMgZG9zIE1lY8Oibmljb3MgZXN0w6NvIGZpY2FuZG8gbWFpcyB2aW9sZW50YXMu,,W0d1YXJkaWFdCkxhcyBjb252dWxzaW9uZXMgZGUgbG9zIG1lY8Ohbmljb3Mgc29uIGNhZGEgdmV6IG3DoXMgZXh0cmVtYXMu
GdVxBw,,W0d1YXJkXQpUaGV5IGFyZSBjb252dWxzaW5nIHNvIG11Y2ggSSBtYXkgbmVlZCB0byBjYWxsIGJhY2sgdXAu,,,,,W0d1YXJkYV0KU2UgZWxlcyBjb250aW51YXJlbSBjb252dWxzaW9uYW5kbyB0YW50bywgdm91IHByZWNpc2FyIHBlZGlyIHJlZm9yw6dvcy4=,,W0d1YXJkaWFdCkFsIHB1bnRvIHF1ZSBjcmVvIHF1ZSBuZWNlc2l0byByZWZ1ZXJ6b3Mu
GtVxBw,,Q2hlbWljYWwgU3Vic3RhbmNlIFNwZWNpYWxpc3QgS29yaQ==,,,,,S29yaQ==,,Q2hlbWljYWwgU3Vic3RhbmNlIFNwZWNpYWxpc3QgS29yaQ==
G9VxBw,,W0NoZW1pY2FsIFN1YnN0YW5jZSBTcGVjaWFsaXN0IEtvcmldCldlIGFyZSBzZWVpbmcgaWYgdGhlcmUgYXJlIGhhemFyZG91cyBzdWJzdGFuY2VzIHdpdGhpbiB0aGUgYWlyLXJhaWQgc2hlbHRlciBhY2NvcmRpbmcgdG8gZW1lcmdlbmN5IHByb3RvY29sLg==,,,,,W0VzcGVjaWFsaXN0YSBlbSBTdWJzdMOibmNpYXMgUXXDrW1pY2FzIEtvcmldCk7Ds3MgZXN0YW1vcyBwcm9jdXJhbmRvIHN1YnN0w6JuY2lhcyBwZXJpZ29zYXMgZGVudHJvIGRvIGFicmlnbyBzdWJ0ZXJyw6JuZW8gZGUgYWNvcmRvIGNvbSBvIHByb3RvY29sbyBkZSBlbWVyZ8OqbmNpYS4=,,W0VzcC4gZW4gcXXDrW1pY2EgS29yaV0KRXN0YW1vcyByZXZpc2FuZG8gc2kgaGF5IHN1c3RhbmNpYXMgcGVsaWdyb3NhcyBlbiBlbCByZWZ1Z2lvIGFudGlhw6lyZW8sIHNlZ8O6biBlbCBwcm90b2NvbG8gZGUgZW1lcmdlbmNpYS4=
HNVxBw,,W0NoZW1pY2FsIFN1YnN0YW5jZSBTcGVjaWFsaXN0IEtvcmldCllvdSB3YW50IHRvIGtub3cgaG93IG1hbnkgQ2hlbWljYWwgU3Vic3RhbmNlIFNwZWNpYWxpc3RzIHRoZXJlIGFyZT8gR28gdG8gS2Fyc3RlbiB0aGVuLiBTaG91bGQgYmUgaGVyZSBzb21ld2hlcmUu,,,,,W0VzcGVjaWFsaXN0YSBlbSBTdWJzdMOibmNpYXMgUXXDrW1pY2FzIEtvcmldClZvY8OqIHF1ZXIgc2FiZXIgcXVhbCDDqSBvIG7Dum1lcm8gZGUgRXNwZWNpYWxpc3RhcyBlbSBTdWJzdMOibmNpYXMgUXXDrW1pY2FzPyBGYWxlIGNvbSBvIEthcnN0ZW4gZW50w6NvLiBFbGUgZGV2ZSBlc3RhciBhcXVpLCBlbSBhbGd1bSBsdWdhci4=,,W0VzcC4gZW4gcXXDrW1pY2EgS29yaV0Kwr9RdWllcmVzIHNhYmVyIGN1w6FudG9zIGVzcGVjaWFsaXN0YXMgZW4gc3VzdGFuY2lhcyBxdcOtbWljYXMgaGF5PyBQcmVnw7pudGFsZSBhIEthcnN0ZW4uIERlYmVyw61hIGVzdGFyIHBvciBhcXXDrS4=
HdVxBw,,W0NoZW1pY2FsIFN1YnN0YW5jZSBTcGVjaWFsaXN0IEtvcmldClRoaXMgbmV4dCByb29tIGlzIHRlbXBvcmFyaWx5IGJlaW5nIHVzZWQgYnkgdGhlIENoZW1pY2FsIFN1YnN0YW5jZSBTcGVjaWFsaXN0Lg==,,,,,W0VzcGVjaWFsaXN0YSBlbSBTdWJzdMOibmNpYXMgUXXDrW1pY2FzIEtvcmldCkEgcHLDs3hpbWEgc2FsYSBlc3TDoSBzZW5kbyB1c2FkYSB0ZW1wb3JhcmlhbWVudGUgcGVsb3MgRXNwZWNpYWxpc3RhcyBlbSBTdWJzdMOibmNpYXMgUXXDrW1pY2FzLg==,,W0VzcC4gZW4gcXXDrW1pY2EgS29yaV0KVW4gZXNwZWNpYWxpc3RhIGVuIHN1c3RhbmNpYXMgcXXDrW1pY2FzIGVzdMOhIHVzYW5kbyBsYSBzYWxhIGNvbnRpZ3VhIHRlbXBvcmFsbWVudGUu
HtVxBw,,W0NoZW1pY2FsIFN1YnN0YW5jZSBTcGVjaWFsaXN0IEtvcmldCldlIHRpZ2h0bHkgaGlkIGF3YXkgZGFuZ2Vyb3VzIHRoaW5ncyBidXQgZG9uJ3QgdG91Y2ggYW55dGhpbmcganVzdCBpbiBjYXNlLg==,,,,,W0VzcGVjaWFsaXN0YSBlbSBTdWJzdMOibmNpYXMgUXXDrW1pY2FzIEtvcmldCk7Ds3Mgc2VtcHJlIG1hbnRlbW9zIGl0ZW5zIHBlcmlnb3NvcyBlc2NvbmRpZG9zLCBtYXMgc8OzIHBhcmEgZ2FyYW50aXIsIG7Do28gdG9xdWUgZW0gbmFkYS4=,,W0VzcC4gZW4gcXXDrW1pY2EgS29yaV0KRXNjb25kaW1vcyBiaWVuIGxvcyBtYXRlcmlhbGVzIHBlbGlncm9zb3MsIHBlcm8sIHBvciBsYXMgZHVkYXMsIG5vIHRvcXVlcyBuYWRhLg==
H9VxBw,,W0NoZW1pY2FsIFN1YnN0YW5jZSBTcGVjaWFsaXN0IEtvcmldCkthcnN0ZW4gZ2F2ZSBtZSBncmFwZXMu,,,,,W0VzcGVjaWFsaXN0YSBlbSBTdWJzdMOibmNpYXMgUXXDrW1pY2FzIEtvcmldCkthcnN0ZW4gbWUgZGV1IHV2YXMu,,W0VzcC4gZW4gcXXDrW1pY2EgS29yaV0KS2Fyc3RlbiBtZSBkaW8gdXZhcy4=
INVxBw,,W0NoZW1pY2FsIFN1YnN0YW5jZSBTcGVjaWFsaXN0IEtvcmldCkhvdyBmcmVzaCBhbmQgdGFzdHkgaXQgd2FzLg==,,,,,W0VzcGVjaWFsaXN0YSBlbSBTdWJzdMOibmNpYXMgUXXDrW1pY2FzIEtvcmldCkVsYXMgZXJhbSBtdWl0byBzYWJvcm9zYXMgZSBmcmVzY2FzLg==,,W0VzcC4gZW4gcXXDrW1pY2EgS29yaV0KRXN0YWJhbiBkZWxpY2lvc2FzIHkgZnJlc2Nhcy4=
IdVxBw,,W0NoZW1pY2FsIFN1YnN0YW5jZSBTcGVjaWFsaXN0IEtvcmldCk15IGNvbGxlYWd1ZXMgbGVmdCB0aGUgYWlyLXJhaWQgc2hlbHRlciB0byBpbnZlc3RpZ2F0ZSBhbmQgaGF2ZW4ndCBjb21lIGJhY2su,,,,,W0VzcGVjaWFsaXN0YSBlbSBTdWJzdMOibmNpYXMgUXXDrW1pY2FzIEtvcmldCk1ldXMgY29sZWdhcyBkZWl4YXJhbSBvIGFicmlnbyBzdWJ0ZXJyw6JuZW8gcGFyYSBpbnZlc3RpZ2FyIGUgbsOjbyB2b2x0YXJhbS4=,,W0VzcC4gZW4gcXXDrW1pY2EgS29yaV0KTWlzIGNvbGVnYXMgc2FsaWVyb24gZGVsIHJlZnVnaW8gYW50aWHDqXJlbyBwYXJhIGludmVzdGlnYXIgeSBubyBoYW4gdnVlbHRvLg==
ItVxBw,,W0NoZW1pY2FsIFN1YnN0YW5jZSBTcGVjaWFsaXN0IEtvcmldCkl0IHdhcyBjb25jbHVkZWQgdGhleSBhcmUgZGVhZCBidXQgYXJlIHRoZXkgcmVhbGx5IGFsbCBkZWFkPyBJIHdhbnQgdG8gc2VlIG15IGNvbGxlYWd1ZXMu,,,,,W0VzcGVjaWFsaXN0YSBlbSBTdWJzdMOibmNpYXMgUXXDrW1pY2FzIEtvcmldCkNvbmNsdWl1LXNlIHF1ZSBlbGVzIG1vcnJlcmFtLCBtYXMgc2Vyw6EgcXVlIHRvZG9zIG1vcnJlcmFtIG1lc21vPyBFdSBxdWVybyB2ZXIgb3MgbWV1cyBjb2xlZ2FzLg==,,W0VzcC4gZW4gcXXDrW1pY2EgS29yaV0KRGV0ZXJtaW5hcm9uIHF1ZSBlc3TDoW4gbXVlcnRvcywgcGVybyDCv3NlcsOhIGNpZXJ0bz8gUXVpZXJvIHZlciBhIG1pcyBjb2xlZ2FzLg==
I9VxBw,,W0NoZW1pY2FsIFN1YnN0YW5jZSBTcGVjaWFsaXN0IEtvcmldCkdvb2Qgd29yay4=,,,,,W0VzcGVjaWFsaXN0YSBlbSBTdWJzdMOibmNpYXMgUXXDrW1pY2FzIEtvcmldCkJvbSB0cmFiYWxoby4=,,W0VzcC4gZW4gcXXDrW1pY2EgS29yaV0KQnVlbiB0cmFiYWpvLg==
JNVxBw,,W0NoZW1pY2FsIFN1YnN0YW5jZSBTcGVjaWFsaXN0IEtvcmldCldlIGFyZSB3b3JraW5nIHRvIGZpbmQgYSBzb2x1dGlvbiBmb3IgdGhlIGNvbnRhbWluYW50Lg==,,,,,W0VzcGVjaWFsaXN0YSBlbSBTdWJzdMOibmNpYXMgUXXDrW1pY2FzIEtvcmldCkVzdGFtb3MgdHJhYmFsaGFuZG8gcGFyYSBlbmNvbnRyYXIgdW1hIHNvbHXDp8OjbyBwYXJhIG8gY29udGFtaW5hbnRlLg==,,W0VzcC4gZW4gcXXDrW1pY2EgS29yaV0KRXN0YW1vcyBidXNjYW5kbyB1bmEgc29sdWNpw7NuIHBhcmEgZWwgY29udGFtaW5hbnRlLg==
JdVxBw,,W0NoZW1pY2FsIFN1YnN0YW5jZSBTcGVjaWFsaXN0IEtvcmldCldlIENoZW1pY2FsIFN1YnN0YW5jZSBTcGVjaWFsaXN0cyBhcmUgYWx3YXlzIG9uIHRoZSBsb29rIG91dCBmb3IgZGFuZ2Vyb3VzIG1hdGVyaWFsIHdpdGhpbiB0aGUgYWlyLXJhaWQgc2hlbHRlci4=,,,,,W0VzcGVjaWFsaXN0YSBlbSBTdWJzdMOibmNpYXMgUXXDrW1pY2FzIEtvcmldCk7Ds3MsIEVzcGVjaWFsaXN0YXMgZW0gU3Vic3TDom5jaWFzIFF1w61taWNhcywgc2VtcHJlIGVzdGFtb3MgcHJvY3VyYW5kbyBtYXRlcmlhaXMgcGVyaWdvc29zIGRlbnRybyBkbyBhYnJpZ28gc3VidGVycsOibmVvLg==,,W0VzcC4gZW4gcXXDrW1pY2EgS29yaV0KTG9zIGVzcGVjaWFsaXN0YXMgZW4gc3VzdGFuY2lhcyBxdcOtbWljYXMgc2llbXByZSBlc3TDoW4gYW5hbGl6YW5kbyBzaSBoYXkgbWF0ZXJpYWxlcyBwZWxpZ3Jvc29zIGVuIGVsIHJlZnVnaW8gYW50aWHDqXJlby4=
JtVxBw,,QWR2ZW50dXJlciBCYW1kYWt1,,,,,QmFtZGFrdQ==,,QWR2ZW50dXJlciBCYW1kYWt1
J9VxBw,,W0FkdmVudHVyZXIgQmFtZGFrdV0KSSBmb3VuZCB0aGlzIHdoaWxlIGxvb2tpbmcgYXJvdW5kIHRoZSBhaXItcmFpZCBzaGVsdGVy,,,,,W0F2ZW50dXJlaXJvIEJhbWRha3VdCkV1IGVuY29udHJlaSBpc3RvIGVucXVhbnRvIGVzdGF2YSBleHBsb3JhbmRvIG8gYWJyaWdvIHN1YnRlcnLDom5lbyw=,,W1Ryb3RhbXVuZG9zIEJhbWRha3VdCkVuY29udHLDqSBlc3RvIG1pZW50cmFzIGludmVzdGlnYWJhIGVsIHJlZnVnaW8gYW50aWHDqXJlbyw=
KNVxBw,,W0FkdmVudHVyZXIgQmFtZGFrdV0KYnV0IHRoZXJlIGlzIGEgbG90IG9mIHRoaXMgb24gdGhlIHdhbGwuIFdoYXQgY2FuIGl0IGJlPw==,,,,,W0F2ZW50dXJlaXJvIEJhbWRha3VdCm1hcyB0ZW0gdsOhcmlvcyBkZWxlcyBuYSBwYXJlZGUuIE8gcXVlIHBvZGUgc2VyPw==,,W1Ryb3RhbXVuZG9zIEJhbWRha3VdCnBlcm8gaGF5IG11Y2hvIGVuIGxhIHBhcmVkLiDCv1F1w6kgc2Vyw6E/
KdVxBw,,W0FkdmVudHVyZXIgQmFtZGFrdV0KSSBoYXZlIGJlZW4gaW52ZXN0aWdhdGluZyB0aGlzIGZvciAzMCBkYXlzIGFscmVhZHkgYnV0IEkgZG8gbm90IGtub3cgd2hhdCBpdCBpcy4=,,,,,W0F2ZW50dXJlaXJvIEJhbWRha3VdCkVzdG91IGludmVzdGlnYW5kbyBow6EgMzAgZGlhcywgZSBhaW5kYSBuw6NvIHNlaSBvIHF1ZSDDqS4=,,W1Ryb3RhbXVuZG9zIEJhbWRha3VdCllhIGxsZXZvIDMwZMOtYXMgaW52ZXN0aWfDoW5kb2xvLCBwZXJvIG5vIHPDqSBxdcOpIGVzLg==
KtVxBw,,W0FkdmVudHVyZXIgQmFtZGFrdV0KSSBhbSB0b28gcHJvdWQgIHRvIGFzayBzb21lYm9keS4=,,,,,W0F2ZW50dXJlaXJvIEJhbWRha3VdCkUgc291IG11aXRvIG9yZ3VsaG9zbyBwYXJhIHBlcmd1bnRhciBhIGFsZ3XDqW0u,,W1Ryb3RhbXVuZG9zIEJhbWRha3VdClRlbmdvIGRlbWFzaWFkbyBvcmd1bGxvIHBhcmEgcHJlZ3VudGFybGUgYSBhbGd1aWVuLg==
K9VxBw,,W0FkdmVudHVyZXIgQmFtZGFrdV0KSSBoYXZlIGJlZW4gaW52ZXN0aWdhdGluZyB0aGlzIGZvciAzMiBkYXlzIGFscmVhZHkgYnV0IEkgZG8gbm90IGtub3cgd2hhdCBpdCBpcy4=,,,,,W0F2ZW50dXJlaXJvIEJhbWRha3VdCkVzdG91IGludmVzdGlnYW5kbyBow6EgMzIgZGlhcyBlIGFpbmRhIG7Do28gc2VpIG8gcXVlIMOpLg==,,W1Ryb3RhbXVuZG9zIEJhbWRha3VdCllhIGxsZXZvIDMyZMOtYXMgaW52ZXN0aWfDoW5kb2xvLCBwZXJvIG5vIHPDqSBxdcOpIGVzLg==
LNVxBw,,W0FkdmVudHVyZXIgQmFtZGFrdV0KVWdoIHdoYXQgdG8gZG8uLiBTaG91bGQgSSBqdXN0IGFzayBzb21lYm9keT8=,,,,,W0F2ZW50dXJlaXJvIEJhbWRha3VdCkFyZ2gsIG8gcXVlIGRldm8gZmF6ZXIuLi4gU2Vyw6EgcXVlIGRldm8gcGVyZ3VudGFyIHBhcmEgYWxndcOpbT8=,,W1Ryb3RhbXVuZG9zIEJhbWRha3VdClVmZuKApiDCv3F1w6kgaGFnbz8gwr9MZSBwcmVndW50byBhIGFsZ3VpZW4/
LdVxBw,,W0FkdmVudHVyZXIgQmFtZGFrdV0KSSBoYXZlIGJlZW4gaW52ZXN0aWdhdGluZyB0aGlzIGZvciA0MCBkYXlzIGFscmVhZHku,,,,,W0F2ZW50dXJlaXJvIEJhbWRha3VdCkVzdG91IGludmVzdGlnYW5kbyBow6EgNDAgZGlhcy4=,,W1Ryb3RhbXVuZG9zIEJhbWRha3VdCllhIGxsZXZvIDQwZMOtYXMgaW52ZXN0aWfDoW5kb2xvLg==
LtVxBw,,W0FkdmVudHVyZXIgQmFtZGFrdV0KTXkgcHJpZGUgd29uJ3QgbGV0IG1lIHF1aXQgbm93Lg==,,,,,W0F2ZW50dXJlaXJvIEJhbWRha3VdCk1ldSBvcmd1bGhvIG7Do28gbWUgZGVpeGEgZGVzaXN0aXIgYWdvcmEu,,W1Ryb3RhbXVuZG9zIEJhbWRha3VdClRlbmdvIGRlbWFzaWFkbyBvcmd1bGxvIHBhcmEgcmVuZGlybWUu
L9VxBw,,W0FkdmVudHVyZXIgQmFtZGFrdV0KNDUgZGF5cyBoYXZlIHBhc3NlZCBzaW5jZSBJIHN0YXJ0ZWQgaW52ZXN0aWdhdGluZyB0aGlzIHVua25vd24gdGhpbmcu,,,,,W0F2ZW50dXJlaXJvIEJhbWRha3VdCkrDoSBzZSBwYXNzYXJhbSA0NSBkaWFzIGRlc2RlIHF1ZSBjb21lY2VpIGEgaW52ZXN0aWdhciBlc3NhIGNvaXNhIGRlc2NvbmhlY2lkYS4=,,W1Ryb3RhbXVuZG9zIEJhbWRha3VdCkhhY2UgeWEgNDVkw61hcyBxdWUgaW52ZXN0aWdvIGVzdGEgY29zYSBkZXNjb25vY2lkYS4=
MNVxBw,,W0FkdmVudHVyZXIgQmFtZGFrdV0KSG93IGRpZCBJIGNvbWUgdG8gaW52ZXN0aWdhdGUgdGhpcz8=,,,,,W0F2ZW50dXJlaXJvIEJhbWRha3VdCkNvbW8gZXUgY29tZWNlaSBhIGludmVzdGlnYXIgaXNzbz8=,,W1Ryb3RhbXVuZG9zIEJhbWRha3VdCsK/Q8OzbW8gbGxlZ3XDqSBhIGludmVzdGlnYXJsbz8=
MdVxBw,,W0FkdmVudHVyZXIgQmFtZGFrdV0KSG0uLiB3aGF0IGlzIHRoaXM/,,,,,W0F2ZW50dXJlaXJvIEJhbWRha3VdCkhtLi4uIE8gcXVlIMOpIGlzc28/,,W1Ryb3RhbXVuZG9zIEJhbWRha3VdCk1tbeKApiDCv3F1w6kgZXMgZXNvPw==
MtVxBw,,QWR2ZW50dXJlciBEYWxseQ==,,,,,RGFsbHk=,,QWR2ZW50dXJlciBEYWxseQ==
M9VxBw,,W0FkdmVudHVyZXIgRGFsbHldCkRhcm4gaXQhISBGcnVzdHJhdGluZw==,,,,,W0F2ZW50dXJlaXJhIERhbGx5XQpEcm9nYSEhIFF1ZSBmcnVzdHJhbnRl,,W1Ryb3RhbXVuZG9zIERhbGx5XQrCocKhTWFsZGl0YSBzZWEhISBRdcOpIGZydXN0cmFudGUu
NNVxBw,,W0FkdmVudHVyZXIgRGFsbHld,,,,,W0F2ZW50dXJlaXJhIERhbGx5XQ==,,W1Ryb3RhbXVuZG9zIERhbGx5XQ==
NdVxBw,,U2lzdGVyLSBSdW5+,,,,,SXJtw6MtIENvcnJhfg==,,SGVybWFuYeKApiBIdXllfi4=
NtVxBw,,QnJvdGhlci0gUnVufg==,,,,,SXJtw6NvLUNvcnJhfg==,,SGVybWFub+KApiBIdXllfi4=
