ADfQAg,,TWFzdGVyIE1pbGxlcg==,,,,,TWVzdHJlIE1pbGxlcg==,,TWFzdGVyIE1pbGxlcg==
ATfQAg,,W01hc3RlciBNaWxsZXJdClRoZSBFZGVuIEdyb3VwJ3MgcmVxdWVzdHMuLi4gQ29uc2lkZXJpbmcgdGhlIGpvdXJuZXkgYWhlYWQgb2YgeW91LCBJIHN1Z2dlc3QgeW91IGpvaW4gdGhlIEdyb3VwLg==,,,,,W01lc3RyZSBNaWxsZXJdCk9zIHBlZGlkb3MgZG8gR3J1cG8gw4lkZW4uLi4gQ29uc2lkZXJhbmRvIGEgam9ybmFkYSBxdWUgdGVtIHBlbGEgZnJlbnRlLCBzdWdpcm8gcXVlIHNlIGp1bnRlIGFvIEdydXBvLg==,,W01hZXN0cm8gTWlsbGVyXQpMYXMgc29saWNpdHVkZXMgZGVsIEdydXBvIGRlIEVkw6lu4oCmIFRlbmllbmRvIGVuIGN1ZW50YSBlbCB2aWFqZSBxdWUgdGUgZXNwZXJhLCB0ZSBzdWdpZXJvIHF1ZSB0ZSB1bmFzIGFsIGdydXBvLg==
AjfQAg,,W01hc3RlciBNaWxsZXJdCllvdSBjYW4gZG8gdGhhdCBhdCB0aGUgXjRENERGRkNyaWF0dXJhIEFjYWRlbXkgaW4gSXpsdWRlXjAwMDAwMC4KUGxlYXNlIGRvbid0IGZvcmdldCB0byBnbyB0aGVyZS4=,,,,,W01lc3RyZSBNaWxsZXJdClZvY8OqIHBvZGUgZmF6ZXIgaXNzbyBuYSBeNEQ0REZGQWNhZGVtaWEgZG8gQXByZW5kaXogZW0gSXpsdWRlXjAwMDAwMC4KUG9yIGZhdm9yLCBuw6NvIHNlIGVzcXVlw6dhIGRlIGlyIGF0w6kgbMOhLg==,,W01hZXN0cm8gTWlsbGVyXQpQdWVkZXMgaGFjZXJsbyBlbiBsYSBeNEQ0REZGQWNhZGVtaWEgZGUgY3JpYXR1cmFzIGRlIEl6bHVkZV4wMDAwMDAuCk5vIHRlIG9sdmlkZXMgZGUgaXIgYWxsw60u
AzfQAg,,W01hc3RlciBNaWxsZXJdCllvdSBoYXZlIGVuZGxlc3MgcG90ZW50aWFsLCBidXQgaGF2ZW4ndCBnYWluZWQgZW5vdWdoIGV4cGVyaWVuY2UgYXMgYSBOb3ZpY2UsIGp1c3QgeWV0Lg==,,,,,W01lc3RyZSBNaWxsZXJdClZvY8OqIHRlbSB1bSBwb3RlbmNpYWwgaW5maW5pdG8sIG1hcyBhaW5kYSBuw6NvIGFkcXVpcml1IGV4cGVyacOqbmNpYSBzdWZpY2llbnRlIGNvbW8gQXByZW5kaXou,,W01hZXN0cm8gTWlsbGVyXQpUaWVuZXMgdW4gcG90ZW5jaWFsIGluZmluaXRvLCBwZXJvIGHDum4gbm8gYWRxdWlyaXN0ZSBzdWZpY2llbnRlIGV4cGVyaWVuY2lhIGNvbW8gUHJpbmNpcGlhbnRlLg==
BDfQAg,,W01hc3RlciBNaWxsZXJdCklmIHlvdSdyZSBpbnRlcmVzdGVkIGluIGJlY29taW5nIGEgR3Vuc2xpbmdlciwgcGxlYXNlIGNvbWUgYmFjayB3aGVuIHlvdSBnYWluIG1vcmUgZXhwZXJpZW5jZS4=,,,,,W01lc3RyZSBNaWxsZXJdClNlIHZvY8OqIGVzdGl2ZXIgaW50ZXJlc3NhZG8gZW0gc2UgdG9ybmFyIHVtIEp1c3RpY2Vpcm8sIHZvbHRlIHF1YW5kbyBnYW5oYXIgbWFpcyBleHBlcmnDqm5jaWEu,,W01hZXN0cm8gTWlsbGVyXQpTaSB0ZSBpbnRlcmVzYSB1bmlydGUgYSBsb3MgUGlzdG9sZXJvcywgdnVlbHZlIGN1YW5kbyBoYXlhcyBhZHF1aXJpZG8gbcOhcyBleHBlcmllbmNpYS4=
BTfQAg,,W01hc3RlciBNaWxsZXJdCkknbSBNYXN0ZXIgTWlsbGVyLCBhIEd1bnNsaW5nZXIgaW5zdHJ1Y3RvciBoZXJlLg==,,,,,W01lc3RyZSBNaWxsZXJdClNvdSBvIE1lc3RyZSBNaWxsZXIsIHVtIGluc3RydXRvciBKdXN0aWNlaXJvIGRhcXVpLg==,,W01hZXN0cm8gTWlsbGVyXQpTb3kgZWwgbWFlc3RybyBNaWxsZXIsIGluc3RydWN0b3IgUGlzdG9sZXJvLg==
BjfQAg,,W01hc3RlciBNaWxsZXJdCkhvdyBtYXkgSSBoZWxwIHlvdT8=,,,,,W01lc3RyZSBNaWxsZXJdCkNvbW8gcG9zc28gYWp1ZMOhLWxvPw==,,W01hZXN0cm8gTWlsbGVyXQrCv0VuIHF1w6kgcHVlZG8gYXl1ZGFydGU/
BzfQAg,,Tm90aGluZy4=,,,,,TmFkYS4=,,TmFkYS4=
CDfQAg,,SSB3YW50IHRvIGJlIGEgR3Vuc2xpbmdlci4=,,,,,UXVlcm8gc2VyIHVtIEp1c3RpY2Vpcm8u,,UXVpZXJvIHNlciBwYXJ0ZSBkZSBsb3MgUGlzdG9sZXJvcy4=
CTfQAg,,W01hc3RlciBNaWxsZXJdCllvdSdyZSBzaWxseS4gQ29tZSBiYWNrIGlmIHlvdSBoYXZlIGJ1c2luZXNzIHdpdGggbWUu,,,,,W01lc3RyZSBNaWxsZXJdClF1ZSBiZXN0ZWlyYS4gVm9sdGUgc2UgdGl2ZXIgYWxnbyBhIHRyYXRhciBjb21pZ28u,,W01hZXN0cm8gTWlsbGVyXQpRdcOpIHRvbnRlcsOtYS4gVnVlbHZlIGN1YW5kbyB0ZW5nYXMgYWxnw7puIGFzdW50byBxdWUgdHJhdGFyIGNvbm1pZ28u
CjfQAg,,W01hc3RlciBNaWxsZXJdClRvIGJlY29tZSBhIEd1bnNsaW5nZXIsIHlvdSBtdXN0IHBhc3MgYW4gaW50ZXJ2aWV3IGFuZCBjb21wbGV0ZSBzb21lIHRyYWluaW5nLg==,,,,,W01lc3RyZSBNaWxsZXJdClBhcmEgc2UgdG9ybmFyIHVtIEp1c3RpY2Vpcm8sIHZvY8OqIGRldmUgcGFzc2FyIHBvciB1bWEgZW50cmV2aXN0YSBlIGNvbmNsdWlyIHVtIHRyZWluYW1lbnRvLg==,,W01hZXN0cm8gTWlsbGVyXQpQYXJhIHVuaXJ0ZSBhIGxvcyBQaXN0b2xlcm9zLCBkZWJlcyBwYXNhciB1bmEgZW50cmV2aXN0YSB5IGNvbXBsZXRhciB1biBlbnRyZW5hbWllbnRvLg==
CzfQAg,,W01hc3RlciBNaWxsZXJdClNheSwgYXJlIHlvdSBpbnRlcmVzdGVkPw==,,,,,W01lc3RyZSBNaWxsZXJdCk1lIGRpZ2E6IGVzdMOhIGludGVyZXNzYWRvPw==,,W01hZXN0cm8gTWlsbGVyXQpEaW1lLCDCv3RlIGludGVyZXNhPw==
DDfQAg,,TGV0IG1lIHRoaW5rLg==,,,,,RGVpeGUtbWUgcGVuc2FyLg==,,RMOpamFtZSBwZW5zYXIu
DTfQAg,,WWVzIQ==,,,,,U2ltIQ==,,wqFTw60h
DjfQAg,,W01hc3RlciBNaWxsZXJdCllvdSBjYW4ndCBiZSB0b28gY2FyZWZ1bC4gTGV0IG1lIGtub3cgd2hlbiB5b3UncmUgcmVhZHku,,,,,W01lc3RyZSBNaWxsZXJdClRvZG8gY3VpZGFkbyDDqSBwb3Vjby4gTWUgYXZpc2UgcXVhbmRvIGVzdGl2ZXIgcHJvbnRvLg==,,W01hZXN0cm8gTWlsbGVyXQpFc3TDoSBiaWVuIHNlciBwcmVjYXZpZG8uIEF2w61zYW1lIGN1YW5kbyB0ZW5nYXMgdG9kbyBsaXN0by4=
DzfQAg,,W01hc3RlciBNaWxsZXJdCk1tLCBnb29kIQ==,,,,,W01lc3RyZSBNaWxsZXJdCkh1bSwgYm9tIQ==,,W01hZXN0cm8gTWlsbGVyXQpNbSwgwqFiaWVuIQ==
EDfQAg,,W01hc3RlciBNaWxsZXJdCl4wMDAwRkZIZV4wMDAwMDAnbGwgZGVjaWRlIGlmIHlvdSBoYXZlIHRoZSBtYWtpbmdzIG9mIGEgZ29vZCBHdW5zbGluZ2VyLg==,,,,,W01lc3RyZSBNaWxsZXJdCl4wMDAwRkZFbGVeMDAwMDAwIGRlY2lkaXLDoSBzZSB2b2PDqiB0ZW0gYXMgY2FyYWN0ZXLDrXN0aWNhcyBkZSB1bSBib20gSnVzdGljZWlyby4=,,W01hZXN0cm8gTWlsbGVyXQpeMDAwMEZGw4lsXjAwMDAwMCBkZWNpZGlyw6Egc2kgdGllbmVzIGxvIG5lY2VzYXJpbyBwYXJhIHVuaXJ0ZSBhIGxvcyBQaXN0b2xlcm9zLg==
ETfQAg,,W3t9XQpXaG8/,,,,,W3t9XQpRdWVtPw==,,W3t9XQrCv1F1acOpbj8=
EjfQAg,,W01hc3RlciBNaWxsZXJdClBheW9uJ3MgbGVnZW5kYXJ5IG1hcmtzbWFuLgpXZSBjYWxsIHRoZW0gXjAwMDBGRldpc2UgQnVsbCBIb3Juc14wMDAwMDAu,,,,,W01lc3RyZSBNaWxsZXJdCk8gbGVuZMOhcmlvIGF0aXJhZG9yIGRlIFBheW9uLgpOw7NzIG9zIGNoYW1hbW9zIGRlIF4wMDAwRkZTw6FiaW8gQ2hpZnJlIGRlIFRvdXJvXjAwMDAwMC4=,,W01hZXN0cm8gTWlsbGVyXQpFbCBsZWdlbmRhcmlvIHRpcmFkb3IgZGUgUGF5b24uCkxvIGxsYW1hbW9zIF4wMDAwRkZTYWJpbyBjdWVybm9zIGRlIHRvcm9eMDAwMDAwLg==
EzfQAg,,W01hc3RlciBNaWxsZXJdClBsZWFzZSBnbyB0byBoaW0gYW5kIGZpbmQgb3V0IGlmIHlvdSBoYXZlIHdoYXQgaXQgdGFrZXMgdG8gYmVjb21lIGEgZ29vZCBHdW5zbGluZ2VyLiA=,,,,,W01lc3RyZSBNaWxsZXJdClBvciBmYXZvciwgdsOhIGF0w6kgZWxlIGUgZGVzY3VicmEgc2Ugdm9jw6ogdGVtIG8gcXVlIMOpIHByZWNpc28gcGFyYSBzZSB0b3JuYXIgdW0gYm9tIEp1c3RpY2Vpcm8u,,W01hZXN0cm8gTWlsbGVyXQpIYWJsYSBjb24gw6lsIHkgYXZlcmlndWEgc2kgdGllbmVzIGxvIHF1ZSBoYWNlIGZhbHRhIHBhcmEgdW5pcnRlIGEgbG9zIFBpc3RvbGVyb3MuIA==
FDfQAg,,W01hc3RlciBNaWxsZXJdCk1tPyBXaHkgYXJlIHlvdSBzdGlsbCBoZXJlPw==,,,,,W01lc3RyZSBNaWxsZXJdCkh1bT8gUG9yIHF1ZSB2b2PDqiBhaW5kYSBlc3TDoSBhcXVpPw==,,W01hZXN0cm8gTWlsbGVyXQrCv01tbT8gwr9Qb3IgcXXDqSBzaWd1ZXMgYXF1w60/
FTfQAg,,W3t9XQpIZWggaGVoLiBQYXlvbiBpcyBzbyBmYXIgYXdheSB0aGF0IEkgbmVlZCB0byBwcmVwYXJlIG15c2VsZiBmaXJzdC4=,,,,,W3t9XQpIZWggaGVoLiBQYXlvbiBlc3TDoSB0w6NvIGxvbmdlIHF1ZSBwcmVjaXNvIG1lIHByZXBhcmFyIHByaW1laXJvLg==,,W3t9XQpKZSwgamUuIFBheW9uIGVzdMOhIHRhbiBsZWpvcyBxdWUgcHJpbWVybyB0ZW5nbyBxdWUgcHJlcGFyYXJtZS4=
FjfQAg,,W01hc3RlciBNaWxsZXJdCllvdSBoYXZlIGEgcG9pbnQuCkluIGZhY3QsIGl0J3MgdG9vIGZhciBhd2F5IGZvciBhIE5vdmljZSBsaWtlIHlvdSB0byByZWFjaCBieSBmb290Lg==,,,,,W01lc3RyZSBNaWxsZXJdClZvY8OqIHRlbSByYXrDo28uCk5hIHZlcmRhZGUsIMOpIG11aXRvIGxvbmdlIHBhcmEgdW0gQXByZW5kaXogY29tbyB2b2PDqiBjaGVnYXIgYSBww6ku,,W01hZXN0cm8gTWlsbGVyXQpUaWVuZXMgcmF6w7NuLgpEZSBoZWNobywgZXN0w6EgZGVtYXNpYWRvIGxlam9zIHBhcmEgcXVlIHVuIFByaW5jaXBpYW50ZSBjb21vIHTDuiBwdWVkYSBsbGVnYXIgYSBwaWUu
FzfQAg,,W01hc3RlciBNaWxsZXJdCkknbGwgc3BlY2lhbGx5IHRlbGVwb3J0IHlvdSB0byBQYXlvbiBqdXN0IHRoaXMgb25jZS4=,,,,,W01lc3RyZSBNaWxsZXJdClZvdSB0ZWxldHJhbnNwb3J0w6EtbG8gZXNwZWNpYWxtZW50ZSBwYXJhIFBheW9uLCBzw7MgZGVzdGEgdmV6Lg==,,W01hZXN0cm8gTWlsbGVyXQpUZSB0ZWxldHJhbnNwb3J0YXLDqSBlc3BlY2lhbG1lbnRlIGEgUGF5b24gc29sbyBwb3IgZXN0YSB2ZXou
GDfQAg,,SSdsbCBnbyB0byBQYXlvbiBub3cu,,,,,SXJlaSBwYXJhIFBheW9uIGFnb3JhLg==,,SXLDqSBhIFBheW9uIGFob3JhLg==
GTfQAg,,W01hc3RlciBNaWxsZXJdClRoZSBPbGQgTWFuIHNlbnQgeW91Cm9uIGFuIGVycmFuZCwgZGlkbid0IGhlPw==,,,,,W01lc3RyZSBNaWxsZXJdCk8gVmVsaG8gdGUgZW52aW91CmVtIHVtYSBtaXNzw6NvLCBuw6NvIGZvaT8=,,W01hZXN0cm8gTWlsbGVyXQpFbCBhbmNpYW5vIHRlIGRpbwp1biBlbmNhcmdvLCDCv3ZlcmRhZD8=
GjfQAg,,W01hc3RlciBNaWxsZXJdCkhlIG11c3QgaGF2ZSB0YWtlbiBhIHNoaW5lIHRvIHlvdS4KS2VlcCB1cCB0aGUgZ29vZCB3b3JrLg==,,,,,W01lc3RyZSBNaWxsZXJdCkVsZSBkZXZlIHRlciBnb3N0YWRvIGRlIHZvY8OqLgpDb250aW51ZSBjb20gc2V1IGJvbSB0cmFiYWxoby4=,,W01hZXN0cm8gTWlsbGVyXQpEZWJlcyBkZSBoYWJlcmxlIGNhw61kbyBiaWVuLgrCoVNpZ3VlIGFzw60h
GzfQAg,,W01hc3RlciBNaWxsZXJdCkp1ZGdpbmcgYnkgdGhlIGFtb3VudCBvZiB3b3JrIGhlJ3MgZ2l2ZW4geW91LAp0aGUgT2xkIE1hbiByZWFsbHkgbXVzdApsaWtlIHlvdS4KS2VlcCB1cCB0aGUgZ29vZCB3b3JrLg==,,,,,W01lc3RyZSBNaWxsZXJdCkEganVsZ2FyIHBlbGEgcXVhbnRpZGFkZSBkZSB0cmFiYWxobyBxdWUgZWxlIHRlIGRldSwKbyBWZWxobyByZWFsbWVudGUgZGV2ZQpnb3N0YXIgZGUgdm9jw6ouCkNvbnRpbnVlIGNvbSBvIGJvbSB0cmFiYWxoby4=,,W01hZXN0cm8gTWlsbGVyXQpBIGp1emdhciBwb3IgbGEgY2FudGlkYWQgZGUgdHJhYmFqbyBxdWUgdGUgZGlvLApwYXJlY2UgcXVlLCBlbiB2ZXJkYWQsIGxlIGFncmFkYXMuCsKhU2lndWUgYXPDrSE=
HDfQAg,,W01hc3RlciBNaWxsZXJdCk1tLCBJJ2xsIGxvb2sgZm9yd2FyZCB0byB0aGUgZ29vZCBuZXdzLgpJIGNhbid0IHdhaXQgdG8gc2VlIHlvdQppbiBteSBndWlsZC4=,,,,,W01lc3RyZSBNaWxsZXJdClZvdSBhZ3VhcmRhciBhbnNpb3NhbWVudGUgYXMgYm9hcyBub3TDrWNpYXMuCk1hbCBwb3NzbyBlc3BlcmFyIHBhcmEgdsOqLWxvCmVtIG1pbmhhIGd1aWxkYS4=,,W01hZXN0cm8gTWlsbGVyXQpNbW0sIGVzcGVyYXLDqSBjb24gaW1wYWNpZW5jaWEgbGFzIGJ1ZW5hcyBub3RpY2lhcy4KWWEgdGVuZ28gZ2FuYXMgZGUgdmVydGUKZW4gbWkgZ3JlbWlvLg==
HTfQAg,,W01hc3RlciBNaWxsZXJdCkdvIG1hc3RlciB0aGUgQmFzaWMgU2tpbGwgZmlyc3QhIQ==,,,,,W01lc3RyZSBNaWxsZXJdCkRvbWluZSBhcyBIYWJpbGlkYWRlcyBCw6FzaWNhcyBwcmltZWlybyE=,,W01hZXN0cm8gTWlsbGVyXQrCoVByaW1lcm8sIGRvbWluYSBsYSBoYWJpbGlkYWQgYsOhc2ljYSE=
HjfQAg,,W01hc3RlciBNaWxsZXJdCkdldCBvZmYgeW91ciBtb3VudCBmaXJzdCEh,,,,,W01lc3RyZSBNaWxsZXJdCkRlc8OnYSBkYSBzdWEgbW9udGFyaWEgcHJpbWVpcm8hISE=,,W01hZXN0cm8gTWlsbGVyXQrCoULDoWphdGUgZGUgbGEgbW9udHVyYSBwcmltZXJvIQ==
HzfQAg,,W01hc3RlciBNaWxsZXJdCk9vbywgeW91J3ZlIGJyb3VnaHQgdGhlIE9sZCBNYW4ncyB0b2tlbi4KSSBoYXZlbid0IHNlZW4gaXQgZm9yIGEgbG9uZyB0aW1lLiBIZSBkb2Vzbid0IGdpdmUgaXQgdG8ganVzdCBhbnlvbmUu,,,,,W01lc3RyZSBNaWxsZXJdCk9vbywgdm9jw6ogdHJvdXhlIGEgZmljaGEgZG8gVmVsaG8uCk7Do28gbyB2ZWpvIGjDoSBtdWl0byB0ZW1wby4gRWxlIG7Do28gZMOhIHBhcmEgcXVhbHF1ZXIgdW0u,,W01hZXN0cm8gTWlsbGVyXQpPaCwgdHJhamlzdGUgbGEgaW5zaWduaWEgZGVsIGFuY2lhbm8uCkhhY8OtYSBtdWNobyBxdWUgbm8gbGEgdmXDrWEuIE5vIHNlIGxhIGRhIGEgY3VhbHF1aWVyYS4=
IDfQAg,,W01hc3RlciBNaWxsZXJdCklmIFdpc2UgQnVsbCBIb3JucyBhcHByb3ZlCm9mIHlvdSwgdGhlbiBJIGhhdmUgbm8gcmVhc29uCm5vdCB0by4=,,,,,W01lc3RyZSBNaWxsZXJdClNlIG8gU8OhYmlvIENoaWZyZSBkZSBUb3VybyBhcHJvdmEgdm9jw6osCmVudMOjbyBuw6NvIHRlbmhvIG1vdGl2bwpwYXJhIG7Do28gYXByb3Zhci4=,,W01hZXN0cm8gTWlsbGVyXQpTaSBTYWJpbyBjdWVybm9zIGRlIHRvcm8gdGUgYXBydWViYSwKbm8gdGVuZ28gbmluZ3VuYSByYXrDs24KcGFyYSBjb250cmFkZWNpcmxvLg==
ITfQAg,,W01hc3RlciBNaWxsZXJdCkFscmlnaHQsIEkgaGVyZWJ5IHByb21vdGUKeW91IEd1bnNsaW5nZXIuCkFuZCBiZWZvcmUgeW91IGJlY29tZSBhIEd1bnNsaW5nZXIsCmxldCBtZSB0ZWxsIHlvdSBzb21ldGhpbmcgcXVpY2tseS4=,,,,,W01lc3RyZSBNaWxsZXJdCk11aXRvIGJlbSwgZXUgcHJvbW92bwp2b2PDqiBhIEp1c3RpY2Vpcm8uCkUgYW50ZXMgZGUgdm9jw6ogc2UgdG9ybmFyIHVtIEp1c3RpY2Vpcm8sCmRlaXhlLW1lIGxoZSBkaXplciBhbGdvIHJhcGlkYW1lbnRlLg==,,W01hZXN0cm8gTWlsbGVyXQpNdXkgYmllbiwgZW4gZXN0ZSBhY3RvLCB0ZSBkb3kgbGEgYmllbnZlbmlkYQphIGxvcyBQaXN0b2xlcm9zLgpZLCBhbnRlcyBkZSB1bmlydGUgYSBub3NvdHJvcywKZMOpamFtZSBkZWNpcnRlIGFsZ28gcsOhcGlkYW1lbnRlLg==
IjfQAg,,W01hc3RlciBNaWxsZXJdCkd1bnMsIHdoaWNoIHlvdSdsbCB1c2UKYW5kIGtlZXAgY2xvc2UgdG8geW91IGF0IGFsbCB0aW1lcwphcyBhIEd1bnNsaW5nZXIsCmFyZSBzdHJpY3RseSBtYW5hZ2VkIGFuZCBtb25pdG9yZWQgYnkgdXMuCkV2ZW4gdGhlIGJ1bGxldHMgeW91IHVzZQpoYXZlIGEgc2VyaWFsIGNvZGUgYW5kIGZhY3RvcnkgcmVjb3JkLAp3aGljaCB3ZSBoYXZlIG9uIGZpbGUu,,,,,W01lc3RyZSBNaWxsZXJdCkFybWFzLCBxdWUgdm9jw6ogdXNhcsOhCmUgbWFudGVyw6EgcGVydG8gZGUgdm9jw6ogbyB0ZW1wbyB0b2RvCmNvbW8gdW0gSnVzdGljZWlybywKc8OjbyBlc3RyaXRhbWVudGUgZ2VyZW5jaWFkYXMgZSBtb25pdG9yYWRhcyBwb3IgbsOzcy4KQXTDqSBtZXNtbyBhcyBiYWxhcyBxdWUgdm9jw6ogdXNhCnTDqm0gdW0gY8OzZGlnbyBkZSBzw6lyaWUgZSB1bSByZWdpc3RybyBkZSBmw6FicmljYSwKcXVlIHRlbW9zIGVtIG5vc3NvIGFycXVpdm8u,,W01hZXN0cm8gTWlsbGVyXQpMYXMgYXJtYXMsIHF1ZSBjb21vIFBpc3RvbGVybyB1c2Fyw6FzCnkgbWFudGVuZHLDoXMgY2VyY2EKZW4gdG9kbyBtb21lbnRvLApsYXMgYWRtaW5pc3RyYW1vcyB5IGNvbnRyb2xhbW9zIGVzdHJpY3RhbWVudGUgbm9zb3Ryb3MuCkluY2x1c28gbGFzIGJhbGFzIHF1ZSB1c2FzCnRpZW5lbiB1biBjw7NkaWdvIGRlIHNlcmllIHkgdW4gcmVnaXN0cm8gZGUgZsOhYnJpY2EsCnF1ZSBjb25zZXJ2YW1vcyBlbiBudWVzdHJvcyBhcmNoaXZvcy4=
IzfQAg,,W01hc3RlciBNaWxsZXJdCllvdSBjYW4gb25seSBidXkgeW91ciB3ZWFwb25zIGFuZCBidWxsZXRzCmZyb20gdGhlIEd1bnNsaW5nZXIgR3VpbGQgc3RhZmYKc2NhdHRlcmVkIHRocm91Z2hvdXQKdGhpcyB3b3JsZC4=,,,,,W01lc3RyZSBNaWxsZXJdClZvY8OqIHPDsyBwb2RlIGNvbXByYXIgc3VhcyBhcm1hcyBlIGJhbGFzCmRhIGVxdWlwZSBkYSBHdWlsZGEgZG9zIEp1c3RpY2Vpcm8KZXNwYWxoYWRhIHBvcgplc3RlIG11bmRvLg==,,W01hZXN0cm8gTWlsbGVyXQpTb2xvIHB1ZWRlcyBjb21wcmFybGUgYXJtYXMgeSBiYWxhcwphbCBwZXJzb25hbCBkZWwgZ3JlbWlvIGRlIFBpc3RvbGVyb3MKcXVlIGVzdMOhIGVuIGRpc3RpbnRvcyBsdWdhcmVzCmRlIGVzdGUgbXVuZG8u
JDfQAg,,W01hc3RlciBNaWxsZXJdCkkga25vdyB0aGlzIGlzIGluY29udmVuaWVudCwKYnV0IGZpcmVhcm1zIGxpa2UgZ3VucyBhcmUKc28gcG93ZXJmdWwgdGhhdCB3ZSBkb24ndCB3YW50IHRoZW0KdG8gZmFsbCBpbnRvIHRoZSB3cm9uZyBoYW5kcy4KSSBob3BlIHlvdSB1bmRlcnN0YW5kIHRoYXQu,,,,,W01lc3RyZSBNaWxsZXJdCkV1IHNlaSBxdWUgaXNzbyDDqSBpbmNvbnZlbmllbnRlLAptYXMgYXJtYXMgZGUgZm9nbyBjb21vIHBpc3RvbGFzIHPDo28Kc8OjbyB0w6NvIHBvZGVyb3NhcyBxdWUgbsOjbyBxdWVyZW1vcyBxdWUgZWxhcwpjYWlhbSBlbSBtw6NvcyBlcnJhZGFzLgpFc3Blcm8gcXVlIHZvY8OqIGVudGVuZGEu,,W01hZXN0cm8gTWlsbGVyXQpTw6kgcXVlIGVzIHBvY28gcHLDoWN0aWNvLApwZXJvIGxhcyBhcm1hcyBkZSBmdWVnbyBzb24KdGFuIHBvZGVyb3NhcyBxdWUgbm8gcXVlcmVtb3MKcXVlIGNhaWdhbiBlbiBsYXMgbWFub3MgZXF1aXZvY2FkYXMuCkVzcGVybyBxdWUgbG8gY29tcHJlbmRhcy4=
JTfQAg,,W01hc3RlciBNaWxsZXJdClRoaXMgcG9saWN5IHdhcyBlc3RhYmxpc2hlZApmb3IgdmFyaW91cyByZWFzb25zLApidXQgaXQgd2FzIG1vc3RseSB3aGF0CkxhZHkgU2VsZW5hLCB0aGUgYWRtaW5pc3RyYXRvcgpvZiBvdXIgZ3VpbGQsIHdpc2hlZC4KSSdtIHN1cmUgeW91J2xsIGhhdmUgYSBjaGFuY2UgdG8gbWVldCBoZXIKaW4gdGhlIG5lYXIgZnV0dXJlLg==,,,,,W01lc3RyZSBNaWxsZXJdCkVzc2EgcG9sw610aWNhIGZvaSBlc3RhYmVsZWNpZGEKcG9yIHbDoXJpYXMgcmF6w7VlcywKbWFzIHByaW5jaXBhbG1lbnRlIGVyYSBvIHF1ZQphIFNlbmhvcml0YSBTZWxlbmEsIGEgYWRtaW5pc3RyYWRvcmEKZGEgbm9zc2EgZ3VpbGRhLCBkZXNlamF2YS4KVGVuaG8gY2VydGV6YSBkZSBxdWUgdm9jw6ogdGVyw6EgYSBjaGFuY2UgZGUgY29uaGVjw6otbGEKZW0gdW0gZnV0dXJvIHByw7N4aW1vLg==,,W01hZXN0cm8gTWlsbGVyXQpFc3RhIHBvbMOtdGljYSBzZSBlc3RhYmxlY2nDswpwb3IgZGl2ZXJzYXMgcmF6b25lcywKcGVybywgc29icmUgdG9kbywgcG9ycXVlCmxhIGRhbWEgU2VsZW5hLCBsYSBhZG1pbmlzdHJhZG9yYQpkZSBudWVzdHJvIGdyZW1pbywgYXPDrSBsbyBxdWVyw61hLgpFc3RveSBzZWd1cm8gZGUgcXVlIHRlbmRyw6FzIGxhIG9wb3J0dW5pZGFkIGRlIGNvbm9jZXJsYQpwcm9udG8u
JjfQAg,,W01hc3RlciBNaWxsZXJdCkFzIGZvciB0aGUgb3RoZXIgcmVhc29ucywKeW91J2xsIGxlYXJuIGFib3V0IHRoZW0KZXZlbnR1YWxseSB3aGlsZSBjYXJyeWluZyBvdXQKdmFyaW91cyBtaXNzaW9ucy4=,,,,,W01lc3RyZSBNaWxsZXJdClF1YW50byBhb3Mgb3V0cm9zIG1vdGl2b3MsCnZvY8OqIG9zIGRlc2NvYnJpcsOhCmNvbSBvIHRlbXBvIGFvIHJlYWxpemFyCnbDoXJpYXMgbWlzc8O1ZXMu,,W01hZXN0cm8gTWlsbGVyXQpFbiBjdWFudG8gYSBsYXMgZGVtw6FzIHJhem9uZXMsCmxhcyBpcsOhcyBkZXNjdWJyaWVuZG8KZGUgYSBwb2NvIG1pZW50cmFzIGxsZXZhcyBhIGNhYm8KZGlzdGludGFzIG1pc2lvbmVzLg==
JzfQAg,,XjAwMDBGRllvdSBoYXZlIHVudXNlZCBTa2lsbCBQb2ludHMuIFBsZWFzZSB1c2UgdGhlbSBhbGwsIGFuZCB0aGVuIHRyeSBhZ2Fpbi5eMDAwMDAw,,,,,XjAwMDBGRlZvY8OqIHRlbSBQb250b3MgZGUgSGFiaWxpZGFkZSBuw6NvIHV0aWxpemFkb3MuIFVzZSB0b2RvcyBlbGVzIGUgdGVudGUgbm92YW1lbnRlLl4wMDAwMDA=,,XkZGMDAwMFRpZW5lcyBwdW50b3MgZGUgaGFiaWxpZGFkIHNpbiB1c2FyLiDDmnNhbG9zIHRvZG9zIHkgdnVlbHZlIGEgaW50ZW50YXJsby5eMDAwMDAw
KDfQAg,,W01hc3RlciBNaWxsZXJdCldlbGNvbWUgdG8gdGhlIEd1bnNsaW5nZXIgR3VpbGQsIHdoZXJlIGZyZWUgc3Bpcml0cyBhcmUhIFlvdXIgbmV3IGNsb3RoZXMgbG9vayBwcmV0dHkgZ29vZCBvbiB5b3Uu,,,,,W01lc3RyZSBNaWxsZXJdCkJvYXMtdmluZGFzIMOgIEd1aWxkYSBkb3MgSnVzdGljZWlyb3MsIG9uZGUgbW9yYW0gb3MgZXNww61yaXRvcyBsaXZyZXMhIFN1YXMgcm91cGFzIG5vdmFzIGZpY2FyYW0gbXVpdG8gYmVtIGVtIHZvY8OqLg==,,W01hZXN0cm8gTWlsbGVyXQpUZSBkb3kgbGEgYmllbnZlbmlkYSBhbCBncmVtaW8gZGUgUGlzdG9sZXJvcywgwqFlbCBkZSBsb3MgZXNww61yaXR1cyBsaWJyZXMhIFR1IHZlc3RpbWVudGEgbnVldmEgdGUgcXVlZGEgbXV5IGJpZW4u
KTfQAg,,W01hc3RlciBNaWxsZXJdCllvdSBtYXkgdGhpbmsgeW91J3JlIHJlYWR5IHRvIGp1bXAgcmlnaHQgaW50byB0aGUgd29ybGQsIGJ1dCB0byBtZSwgeW91J3JlIHN0aWxsIHdldCBiZWhpbmQgdGhlIGVhcnMu,,,,,W01lc3RyZSBNaWxsZXJdClRhbHZleiBzZSBpbWFnaW5lIHByb250byBwYXJhIHNlIGF2ZW50dXJhciBwZWxvIG11bmRvLCBtYXMsIGFvcyBtZXVzIG9saG9zLCBhaW5kYSDDqSBtdWl0byBpbmV4cGVyaWVudGUu,,W01hZXN0cm8gTWlsbGVyXQpRdWl6w6Egc2llbnRhcyBhbnNpYXMgZGUgc2FsaXIgYWwgbXVuZG8sIHBlcm8sIGVuIG1pIG9waW5pw7NuLCBhw7puIHRlIGZhbHRhIGV4cGVyaWVuY2lhLg==
KjfQAg,,W01hc3RlciBNaWxsZXJdCklmIHlvdSB3YW50LCBJIGtub3cgc29tZW9uZSB3aG8gY2FuIGdpdmUgeW91IHRoZSBiYXNpYyB0cmFpbmluZyB5b3UgbmVlZC4gTG91aXMsIHdobydzIGJlZW4gbG91bmdpbmcgYXJvdW5kIGluIHRoZSBHdWlsZCdzIHVuZGVyZ3JvdW5kIGJhci4=,,,,,W01lc3RyZSBNaWxsZXJdClNlIHZvY8OqIHF1aXNlciwgY29uaGXDp28gYWxndcOpbSBxdWUgcG9kZSBsaGUgZGFyIG8gdHJlaW5hbWVudG8gYsOhc2ljbyBkZSBxdWUgdm9jw6ogcHJlY2lzYS4gTG91aXMsIHF1ZSBlc3TDoSByZWxheGFuZG8gbm8gYmFyIHN1YnRlcnLDom5lbyBkYSBHdWlsZGEu,,W01hZXN0cm8gTWlsbGVyXQpTaSBxdWllcmVzLCBjb25vemNvIGEgYWxndWllbiBxdWUgcHVlZGUgZGFydGUgZWwgZW50cmVuYW1pZW50byBiw6FzaWNvIHF1ZSBuZWNlc2l0YXMuIExvdWlzLCBxdWUgaGEgZXN0YWRvIGhvbGdhemFuZWFuZG8gZW4gZWwgYmFyIHN1YnRlcnLDoW5lbyBkZWwgZ3JlbWlvLg==
KzfQAg,,W01hc3RlciBNaWxsZXJdCkhlJ3Mgcm91Z2ggYXJvdW5kIHRoZSBlZGdlcywgYnV0IGhlJ3Mgbm90IGEgYmFkIHNvcnQuIEhlJ2xsIHRlYWNoIHlvdSBpZiB5b3UgYXNrIGhpbS4=,,,,,W01lc3RyZSBNaWxsZXJdCkVsZSDDqSBtZWlvIGJydXRvLCBtYXMgbm8gZnVuZG8gw6kgZ2VudGUgYm9hLiBFbGUgdGUgZW5zaW5hIHNlIHZvY8OqIHBlZGlyIGNvbSBqZWl0aW5oby4=,,W01hZXN0cm8gTWlsbGVyXQpFcyB1biBwb2NvIGRlc2NvcnTDqXMsIHBlcm8gbm8gZXMgbWFsYSBwZXJzb25hLiBUZSBlbnNlw7FhcsOhIHNpIHNlIGxvIHBpZGVzLg==
LDfQAg,,W01hc3RlciBNaWxsZXJdCkRvbid0IGZvcmdldCwgaGUncyBMb3VpcyBpbiB0aGUgR3VpbGQncyB1bmRlcmdyb3VuZCBiYXIuIExvdWlzISE=,,,,,W01lc3RyZSBNaWxsZXJdCk7Do28gc2UgZXNxdWXDp2EsIG8gTG91aXMgbm8gYmFyIHN1YnRlcnLDom5lbyBkYSBHdWlsZGEuIExvdWlzISEh,,W01hZXN0cm8gTWlsbGVyXQpObyBsbyBvbHZpZGVzLCBzZSBsbGFtYSBMb3VpcyB5IGVzdMOhIGVuIGVsIGJhciBzdWJ0ZXJyw6FuZW8gZGVsIGdyZW1pby4gwqFMb3VpcyE=
LTfQAg,,W01hc3RlciBNaWxsZXJdCkJ5IHRoZSB3YXksIEkndmUgZ290IGEgbWVzc2FnZSBmcm9tIHRoZSBeNEQ0REZGRWRlbiBHcm91cCBpbiBJemx1ZGVeMDAwMDAwLgpJdCdzIGFib3V0IHNvbWUgXjRENERGRnJlcXVlc3ReMDAwMDAwLCBmcm9tIHdoYXQgSSBoZWFyZC4=,,,,,W01lc3RyZSBNaWxsZXJdCkEgcHJvcMOzc2l0bywgcmVjZWJpIHVtYSBtZW5zYWdlbSBkbyBeNEQ0REZGR3J1cG8gw4lkZW4gZW0gSXpsdWRlXjAwMDAwMC4KUGVsbyBxdWUgb3V2aSwgw6kgc29icmUgYWxndW0gXjRENERGRnBlZGlkb14wMDAwMDAu,,W01hZXN0cm8gTWlsbGVyXQpQb3IgY2llcnRvLCB0ZW5nbyB1biBtZW5zYWplIGRlbCBeNEQ0REZGR3J1cG8gZGUgRWTDqW4gZW4gSXpsdWRlXjAwMDAwMC4KU2UgdHJhdGEgZGUgdW5hIF40RDRERkZzb2xpY2l0dWReMDAwMDAwLCBwb3IgbG8gcXVlIGhlIG/DrWRvLg==
LjfQAg,,W01hc3RlciBNaWxsZXJdCkNvbnNpZGVyaW5nIHRoZSBqb3VybmV5IGFoZWFkIG9mIHlvdSwgSSB0aGluayB5b3Ugc2hvdWxkIGpvaW4gdGhlIEdyb3VwLgpQbGVhc2UgZ28gdGFsayB0byBeNEQ0REZGU3ByYWtraSBhdCB0aGUgQ3JpYXR1cmEgQWNhZGVteSBpbiBJemx1ZGVeMDAwMDAwLg==,,,,,W01lc3RyZSBNaWxsZXJdCkNvbnNpZGVyYW5kbyBhIGpvcm5hZGEgcXVlIHRlbSBwZWxhIGZyZW50ZSwgYWNobyBxdWUgdm9jw6ogZGV2ZSBzZSBqdW50YXIgYW8gR3J1cG8uClBvciBmYXZvciwgdsOhIGZhbGFyIGNvbSBeNEQ0REZGU3ByYWtraSBuYSBBY2FkZW1pYSBkbyBBcHJlbmRpeiBlbSBJemx1ZGVeMDAwMDAwLg==,,W01hZXN0cm8gTWlsbGVyXQpUZW5pZW5kbyBlbiBjdWVudGEgZWwgdmlhamUgcXVlIHRlIGVzcGVyYSwgY3JlbyBxdWUgZGViZXLDrWFzIHVuaXJ0ZSBhbCBncnVwby4KVmUgYSBoYWJsYXIgY29uIF40RDRERkZTcHJha2tpIGVuIGxhIEFjYWRlbWlhIGRlIGNyaWF0dXJhcyBkZSBJemx1ZGVeMDAwMDAwLg==
LzfQAg,,W01hc3RlciBNaWxsZXJdCkNhbid0IHlvdSBmaW5kIHRoZSB1bmRlcmdyb3VuZCBiYXIgd2hlcmUgeW91IGNhbiB0YWtlIHRoZSBiYXNpYyB0cmFpbmluZz8gSSBjYW4gc2VuZCB5b3UgdGhlcmUgaWYgeW91IHdhbnQu,,,,,W01lc3RyZSBNaWxsZXJdClZvY8OqIG7Do28gY29uc2VndWUgZW5jb250cmFyIG8gYmFyIHN1YnRlcnLDom5lbyBwYXJhIGZhemVyIG8gdHJlaW5hbWVudG8gYsOhc2ljbz8gUG9zc28gbWFuZMOhLWxvIHBhcmEgbMOhIHNlIHF1aXNlci4=,,W01hZXN0cm8gTWlsbGVyXQrCv05vIGVuY3VlbnRyYXMgZWwgYmFyIHN1YnRlcnLDoW5lbyBkb25kZSBwdWVkZXMgaGFjZXIgZWwgZW50cmVuYW1pZW50byBiw6FzaWNvPyBQdWVkbyBlbnZpYXJ0ZSBhbGzDrSBzaSBxdWllcmVzLg==
MDfQAg,,Tm8sIHRoYW5rcy4=,,,,,TsOjbywgb2JyaWdhZG8u,,Tm8sIGdyYWNpYXMu
MTfQAg,,UGxlYXNlIGRvLg==,,,,,UG9yIGZhdm9yLCBzaW0h,,U8OtLCBwb3IgZmF2b3Iu
MjfQAg,,W01hc3RlciBNaWxsZXJdCklmIHlvdSB3YW50IHNvbWUgYmFzaWMgdHJhaW5pbmcsIGdvIHRvIExvdWlzIGluIHRoZSBHdWlsZCdzIHVuZGVyZ3JvdW5kIGJhci4=,,,,,W01lc3RyZSBNaWxsZXJdClNlIHZvY8OqIHF1aXNlciB1bSB0cmVpbmFtZW50byBiw6FzaWNvLCBlbmNvbnRyZSBvIExvdWlzIG5vIGJhciBzdWJ0ZXJyw6JuZW8gZGEgR3VpbGRhLg==,,W01hZXN0cm8gTWlsbGVyXQpTaSBxdWllcmVzIGhhY2VyIHVuIGVudHJlbmFtaWVudG8gYsOhc2ljbywgaGFibGEgY29uIExvdWlzIGVuIGVsIGJhciBzdWJ0ZXJyw6FuZW8gZGVsIGdyZW1pby4=
MzfQAg,,W01hc3RlciBNaWxsZXJdClRoZSBHdWlsZCdzIHVuZGVyZ3JvdW5kIGJhciBpcyB0aGlzIHdheS4=,,,,,W01lc3RyZSBNaWxsZXJdCk8gYmFyIHN1YnRlcnLDom5lbyBkYSBHdWlsZGEgw6kgcG9yIGFxdWku,,W01hZXN0cm8gTWlsbGVyXQpFbCBiYXIgc3VidGVycsOhbmVvIGRlbCBncmVtaW8gZXN0w6EgcG9yIGFxdcOtLg==
NDfQAg,,W01hc3RlciBNaWxsZXJdCk9oLCBsb25nIHRpbWUsIG5vIHNlZSEKU28sIGhvdyBhcmUgeW91IGRvaW5nIHdpdGggeW91ciBqb3VybmV5PwpBbHdheXMgdGFrZSBnb29kIGNhcmUgb2YKeW91ciBndW4u,,,,,W01lc3RyZSBNaWxsZXJdCkFoLCBmYXogdGVtcG8gcXVlIG7Do28gbyB2ZWpvIQpFbnTDo28sIGNvbW8gZXN0w6EgaW5kbyBlbSBzdWEgam9ybmFkYT8KU2VtcHJlIGN1aWRlIGJlbSBkZQpzdWEgYXJtYS4=,,W01hZXN0cm8gTWlsbGVyXQrCoVZheWEsIGN1w6FudG8gdGllbXBvIHNpbiB2ZXJ0ZSEKwr9Dw7NtbyB2YSB0dSB2aWFqZT8KUmVjdWVyZGEgc2llbXByZSBjdWlkYXIgbXV5IGJpZW4KdHUgYXJtYS4=
NTfQAg,,W01hc3RlciBNaWxsZXJdCllvdSBoYXZlIG5vIGJ1c2luZXNzIGxvb2tpbmcgYXQgbWUuCkp1c3QgZ28gb24geW91ciB3YXku,,,,,W01lc3RyZSBNaWxsZXJdClZvY8OqIG7Do28gdGVtIG5hZGEgcXVlIG9saGFyIHBhcmEgbWltLgpBcGVuYXMgc2lnYSBzZXUgY2FtaW5oby4=,,W01hZXN0cm8gTWlsbGVyXQpObyB0aWVuZXMgcG9yIHF1w6kgZXN0YXIgbWlyw6FuZG9tZS4KU2lndWUgY29uIGxvIHR1eW8u
NjfQAg,,V2lzZSBCdWxsIEhvcm5z,,,,,U8OhYmlvIENoaWZyZSBkZSBUb3Vybw==,,V2lzZSBCdWxsIEhvcm5z
NzfQAg,,W1dpc2UgQnVsbCBIb3Juc10KVGhlIEd1bnNsaW5nZXIgaXMgYSBjb21iYXRhbnQgc3BlY2lhbGl6ZWQgaW4gZmlyZWFybXMsIHRoZSBuZXcgdG9vbHMgb2YgY2l2aWxpemF0aW9uLg==,,,,,W1PDoWJpbyBDaGlmcmUgZGUgVG91cm9dCk8gSnVzdGljZWlybyDDqSB1bSBjb21iYXRlbnRlIGVzcGVjaWFsaXphZG8gZW0gYXJtYXMgZGUgZm9nbywgYXMgbm92YXMgZmVycmFtZW50YXMgZGEgY2l2aWxpemHDp8Ojby4=,,W1NhYmlvIGN1ZXJub3MgZGUgdG9yb10KTG9zIFBpc3RvbGVyb3Mgc29uIGNvbWJhdGllbnRlcyBlc3BlY2lhbGl6YWRvcyBlbiBhcm1hcyBkZSBmdWVnbywgbGFzIG51ZXZhcyBoZXJyYW1pZW50YXMgZGUgbGEgY2l2aWxpemFjacOzbi4=
ODfQAg,,W1dpc2UgQnVsbCBIb3Juc10KR3Vucywgd2hpbGUgYmVpbmcgdGhlIHBvd2VyIHRvIHByb3RlY3QganVzdGljZSwgYWxzbyBjYW4gdGVycmlmeSBhbmQgY29uZnVzZSBwZW9wbGUu,,,,,W1PDoWJpbyBDaGlmcmUgZGUgVG91cm9dCkFzIGFybWFzLCBlbWJvcmEgdGVuaGFtIG8gcG9kZXIgZGUgcHJvdGVnZXIgYSBqdXN0acOnYSwgdGFtYsOpbSBwb2RlbSBhdGVycm9yaXphciBlIGNvbmZ1bmRpciBhcyBwZXNzb2FzLg==,,W1NhYmlvIGN1ZXJub3MgZGUgdG9yb10KTGFzIGFybWFzLCBhdW5xdWUgdGVuZ2FuIGVsIHBvZGVyIGRlIHByb3RlZ2VyIGxhIGp1c3RpY2lhLCB0YW1iacOpbiBwdWVkZW4gYXRlcnJvcml6YXIgeSBjb25mdW5kaXIgYSBsYSBnZW50ZS4=
OTfQAg,,W1dpc2UgQnVsbCBIb3Juc10KSWYgeW91J3JlIGNvbmZpZGVudCB0aGF0IHlvdSBjYW4gcmVtYWluIG5ldXRyYWwgYmV0d2VlbiBqdXN0aWNlIGFuZCBjb25mdXNpb24sIEknbGwgaW50cm9kdWNlIHlvdSB0byBzb21lb25lIHdobyBjYW4gdGVsbCB5b3UgbW9yZSBhYm91dCB0aGUgR3Vuc2xpbmdlciBjbGFzcy4=,,,,,W1PDoWJpbyBDaGlmcmUgZGUgVG91cm9dClNlIGVzdGl2ZXIgY29uZmlhbnRlIGRlIHF1ZSBjb25zZWd1ZSBwZXJtYW5lY2VyIG5ldXRybyBlbnRyZSBhIGp1c3Rpw6dhIGUgYSBjb25mdXPDo28sIGV1IG8gYXByZXNlbnRhcmVpIGEgYWxndcOpbSBxdWUgcG9kZXLDoSBsaGUgZGFyIG1haXMgaW5mb3JtYcOnw7VlcyBzb2JyZSBhIGNsYXNzZSBKdXN0aWNlaXJvLg==,,W1NhYmlvIGN1ZXJub3MgZGUgdG9yb10KU2kgdGllbmVzIGxhIHNlZ3VyaWRhZCBkZSBxdWUgcHVlZGVzIG1hbnRlbmVyIGVsIGVxdWlsaWJyaW8gZW50cmUgbGEganVzdGljaWEgeSBsYSBjb25mdXNpw7NuLCB0ZSBwcmVzZW50YXLDqSBhIGFsZ3VpZW4gcXVlIHB1ZWRlIGNvbnRhcnRlIG3DoXMgc29icmUgbGEgY2xhc2UgUGlzdG9sZXJvLg==
OjfQAg,,SSdtIG5vdCBpbnRlcmVzdGVkISE=,,,,,TsOjbyBlc3RvdSBpbnRlcmVzc2FkbyE=,,wqFObyBtZSBpbnRlcmVzYSE=
OzfQAg,,UGxlYXNlIHRlYWNoIG1lLg==,,,,,UG9yIGZhdm9yLCBtZSBlbnNpbmUu,,U8OtLCBlbnPDqcOxYW1lLg==
PDfQAg,,W1dpc2UgQnVsbCBIb3Juc10KLi4u,,,,,W1PDoWJpbyBDaGlmcmUgZGUgVG91cm9dCi4uLg==,,W1NhYmlvIGN1ZXJub3MgZGUgdG9yb10K4oCm
PTfQAg,,W1dpc2UgQnVsbCBIb3Juc10KLi4uLi4uLi4=,,,,,W1PDoWJpbyBDaGlmcmUgZGUgVG91cm9dCi4uLi4uLi4u,,W1NhYmlvIGN1ZXJub3MgZGUgdG9yb10KLi4uLi4uLi4=
PjfQAg,,W1dpc2UgQnVsbCBIb3Juc10KLi4uLi4uLi4uLi4uLi4u,,,,,W1PDoWJpbyBDaGlmcmUgZGUgVG91cm9dCi4uLi4uLi4uLi4uLi4uLg==,,W1NhYmlvIGN1ZXJub3MgZGUgdG9yb10KLi4uLi4uLi4uLi4uLi4u
PzfQAg,,W1dpc2UgQnVsbCBIb3Juc10KWW91IHN0YXJ0bGVkIG1lLiBJZiB5b3Ugd2VyZSBub3QgaW50ZXJlc3RlZCwgeW91IGNvdWxkIGhhdmUganVzdCBsZWZ0LiBEaWQgeW91IHJlYWxseSBoYXZlIHRvIHllbGw/,,,,,W1PDoWJpbyBDaGlmcmUgZGUgVG91cm9dClZvY8OqIG1lIGFzc3VzdG91LiBTZSBuw6NvIGVzdGl2ZXNzZSBpbnRlcmVzc2FkbywgcG9kZXJpYSB0ZXIgaWRvIGVtYm9yYS4gUHJlY2lzYXZhIG1lc21vIGdyaXRhcj8=,,W1NhYmlvIGN1ZXJub3MgZGUgdG9yb10KTWUgYXN1c3Rhc3RlLiBTaSBubyB0ZSBpbnRlcmVzYWJhLCBwb2Ryw61hcyBoYWJlcnRlIGlkby4gwr9FcmEgbmVjZXNhcmlvIGdyaXRhcj8=
QDfQAg,,W1dpc2UgQnVsbCBIb3Juc10KTW0sIGdvb2QhClRoZW4sIGxldCBtZSB1c2UgXjAwMDBGRkdyZWVuIEJ1dHRlcmZseSBXaW5nc14wMDAwMDAgYW5kIHNlbmQgeW91IHRvIGhpbS4=,,,,,W1PDoWJpbyBDaGlmcmUgZGUgVG91cm9dClF1ZSBib20hCkVudMOjbywgZGVpeGUtbWUgdXNhciB1bWEgXjAwMDBGRkFzYSBkZSBCb3Jib2xldGEgVmVyZGVeMDAwMDAwIGUgbWFuZGFyIHZvY8OqIGF0w6kgZWxlLg==,,W1NhYmlvIGN1ZXJub3MgZGUgdG9yb10KTW0sIMKhYmllbiEKRW50b25jZXMsIGTDqWphbWUgdXNhciBeMDAwMEZGQWxhcyBkZSBtYXJpcG9zYSB2ZXJkZV4wMDAwMDAgcGFyYSBlbnZpYXJ0ZSBjb24gw6lsLg==
QTfQAg,,W1dpc2UgQnVsbCBIb3Juc10KV2hhdCBicmluZ3MgeW91Pw==,,,,,W1PDoWJpbyBDaGlmcmUgZGUgVG91cm9dCk8gcXVlIG8gdHJheiBhcXVpPw==,,W1NhYmlvIGN1ZXJub3MgZGUgdG9yb10Kwr9RdcOpIHRlIHRyYWUgcG9yIGFxdcOtPw==
QjfQAg,,W3t9XQpNYXN0ZXIgTWlsbGVyIHNhaWQKSSBzaG91bGQgdGFsayB0byB5b3Uu,,,,,W3t9XQpNZXN0cmUgTWlsbGVyIGRpc3NlCnF1ZSBldSBkZXZlcmlhIGZhbGFyIGNvbSB2b2PDqi4=,,W3t9XQpFbCBtYWVzdHJvIE1pbGxlciBkaWpvIHF1ZQpkZWJlcsOtYSBoYWJsYXIgY29udGlnby4=
QzfQAg,,W1dpc2UgQnVsbCBIb3Juc10KTWFzdGVyIE1pbGxlcj8KQWgsIEJsYWNrIEZveApoYXMgcmVmZXJyZWQgeW91IHRvIG1lLg==,,,,,W1PDoWJpbyBDaGlmcmUgZGUgVG91cm9dCk1lc3RyZSBNaWxsZXI/CkFoLCBvIFJhcG9zYSBOZWdyYQpvIGVuY2FtaW5ob3UgcGFyYSBtaW0u,,W1NhYmlvIGN1ZXJub3MgZGUgdG9yb10Kwr9FbCBtYWVzdHJvIE1pbGxlcj8KQWgsIFpvcnJvIG5lZ3JvCnRlIGVudmnDsyBhIHZlcm1lLg==
RDfQAg,,W1dpc2UgQnVsbCBIb3Juc10KQWxyaWdodCwgY29tZSBjbG9zZXIu,,,,,W1PDoWJpbyBDaGlmcmUgZGUgVG91cm9dClR1ZG8gYmVtLCBjaGVndWUgbWFpcyBwZXJ0by4=,,W1NhYmlvIGN1ZXJub3MgZGUgdG9yb10KTXV5IGJpZW4sIGFjw6lyY2F0ZS4=
RTfQAg,,W3t9XQouLi4u,,,,,W3t9XQouLi4u,,W3t9XQrigKY=
RjfQAg,,W1dpc2UgQnVsbCBIb3Juc10KTW0uLi4KTW1tLi4u,,,,,W1PDoWJpbyBDaGlmcmUgZGUgVG91cm9dCkh1bW0uLi4KTW1tLi4u,,W1NhYmlvIGN1ZXJub3MgZGUgdG9yb10KTW3igKYKTW1t4oCm
RzfQAg,,W1dpc2UgQnVsbCBIb3Juc10KJ01vc3QgcGVvcGxlLCB3aGVuIHRoZXkgYWNxdWlyZSBncmVhdCBwb3dlciwgZG9uJ3Qga25vdyB3aGF0IHRvIGRvIHdpdGggaXQgYW5kIG9mdGVuIGRyaWZ0IGludG8gdGhlIHBhdGggb2YgZGFya25lc3Mu,,,,,W1PDoWJpbyBDaGlmcmUgZGUgVG91cm9dCkEgbWFpb3JpYSBkYXMgcGVzc29hcywgcXVhbmRvIGFkcXVpcmUgZ3JhbmRlIHBvZGVyLCBuw6NvIHNhYmUgbyBxdWUgZmF6ZXIgY29tIGVsZSBlLCBtdWl0YXMgdmV6ZXMsIGVudmVyZWRhIHBlbG8gY2FtaW5obyBkYSBlc2N1cmlkw6NvLg==,,W1NhYmlvIGN1ZXJub3MgZGUgdG9yb10KTGEgbWF5b3LDrWEgZGUgbGFzIHBlcnNvbmFzLCBjdWFuZG8gYWRxdWllcmVuIHVuIGdyYW4gcG9kZXIsIG5vIHNhYmVuIHF1w6kgaGFjZXIgY29uIMOpbCB5LCBhIG1lbnVkbywgc2UgZGVzdsOtYW4gaGFjaWEgZWwgY2FtaW5vIGRlIGxhIG9zY3VyaWRhZC4=
SDfQAg,,W1dpc2UgQnVsbCBIb3Juc10KRm9ydHVuYXRlbHksIEkgY2FuIHRlbGwgeW91IGhhdmUgYSBwdXJlIHNvdWwu,,,,,W1PDoWJpbyBDaGlmcmUgZGUgVG91cm9dCkZlbGl6bWVudGUsIHBvc3NvIGRpemVyIHF1ZSB2b2PDqiB0ZW0gdW1hIGFsbWEgcHVyYS4=,,W1NhYmlvIGN1ZXJub3MgZGUgdG9yb10KUG9yIHN1ZXJ0ZSwgcHVlZG8gdmVyIHF1ZSB0w7ogdGllbmVzIHVuIGFsbWEgcHVyYS4=
STfQAg,,W1dpc2UgQnVsbCBIb3Juc10KSWYgeW91IHdhbnQgdG8gYmVjb21lIGEgR3Vuc2xpbmdlciwgcGxlYXNlIGJyaW5nIG1lIHRoZSBtYXRlcmlhbHMgaW4gdGhpcyBsaXN0Lg==,,,,,W1PDoWJpbyBDaGlmcmUgZGUgVG91cm9dClNlIHZvY8OqIHF1aXNlciBzZSB0b3JuYXIgdW0gSnVzdGljZWlybywgbWUgdHJhZ2Egb3MgbWF0ZXJpYWlzIGRlc3RhIGxpc3RhLg==,,W1NhYmlvIGN1ZXJub3MgZGUgdG9yb10KU2kgcXVpZXJlcyBzZXIgcGFydGUgZGUgbG9zIFBpc3RvbGVyb3MsIHRyw6FlbWUgbG9zIG1hdGVyaWFsZXMgZGUgZXN0YSBsaXN0YS4=
SjfQAg,,LS0tLSBNYXRlcmlhbHMgLS0tLS0KMyBNdXNocm9vbSBTcG9yZXMKYW5kIDEwIEdyZWVuIEhlcmJzXjAwMDAwMA==,,,,,LS0tLSBNYXRlcmlhaXMgLS0tLS0KMyBFc3Bvcm9zIGRlIENvZ3VtZWxvCmUgMTAgRXJ2YXMgVmVyZGVzXjAwMDAwMA==,,LS0tLU1hdGVyaWFsZXMtLS0tLQozIEVzcG9yYXMgZGUgaG9uZ28KeSAxMCBIaWVyYmFzIHZlcmRlc14wMDAwMDA=
SzfQAg,,W1dpc2UgQnVsbCBIb3Juc10KSWYgeW91IGJyaW5nIHRoZW0gdG8gbWUsIEknbGwgbWFrZSB5b3UgYSB0b2tlbiB3aXRoIHRoZW0uIFlvdSBjYW4gZ28gYmFjayB0byBCbGFjayBGb3ggYWZ0ZXJ3YXJkLg==,,,,,W1PDoWJpbyBDaGlmcmUgZGUgVG91cm9dClNlIHZvY8OqIG9zIHRyb3V4ZXIgcGFyYSBtaW0sIGV1IGZhcmVpIHVtYSBmaWNoYSBjb20gZWxlcy4gRGVwb2lzIGRpc3NvLCB2b2PDqiBwb2RlcsOhIHZvbHRhciBwYXJhIG8gUmFwb3NhIE5lZ3JhLg==,,W1NhYmlvIGN1ZXJub3MgZGUgdG9yb10KU2kgbWUgbG9zIHRyYWVzLCB0ZSBoYXLDqSB1bmEgaW5zaWduaWEgY29uIGVsbG9zLiBQdWVkZXMgdm9sdmVyIGNvbiBab3JybyBuZWdybyBkZXNwdcOpcy4=
TDfQAg,,W3t9XQotIEkgc2hvdWxkIGdldCAzIE11c2hyb29tIFNwb3JlcyBhbmQgMyBHcmVlbiBIZXJicy4gLQ==,,,,,W3t9XQotIEV1IHRlbmhvIHF1ZSBjb25zZWd1aXIgMyBFc3Bvcm9zIGRlIENvZ3VtZWxvIGUgMyBFcnZhcyBWZXJkZXMuIC0=,,W3t9XQooRGViZXLDrWEgY29uc2VndWlyIDMgRXNwb3JhcyBkZSBob25nbyB5IDMgSGllcmJhcyB2ZXJkZXMpLg==
TTfQAg,,W1dpc2UgQnVsbCBIb3Juc10KT29oLCB5b3UndmUgYnJvdWdodCB0aGVtIGFsbC4KSSBuZWVkIHRpbWUgdG8gbWFrZSB5b3VyIHRva2VuLgpQbGVhc2Ugd2FpdC4=,,,,,W1PDoWJpbyBDaGlmcmUgZGUgVG91cm9dCk9vaCwgdm9jw6ogdHJvdXhlIHR1ZG8uClByZWNpc28gZGUgdGVtcG8gcGFyYSBmYXplciBzdWEgZmljaGEuClBvciBmYXZvciwgYWd1YXJkZS4=,,W1NhYmlvIGN1ZXJub3MgZGUgdG9yb10KT2gsIGNvbnNlZ3Vpc3RlIHRvZG8uCk5lY2VzaXRvIHRpZW1wbyBwYXJhIGhhY2VyIHR1IGluc2lnbmlhLgpQb3IgZmF2b3IsIGVzcGVyYS4=
TjfQAg,,XjAwMDBGRlRoZSBvbGQgbWFuIG1hc2hlZCBhbmQga25lYWRlZCB0aGUgbWF0ZXJpYWxzIGludG8gYSBzdHJhbmdlIHNoYXBlLl4wMDAwMDA=,,,,,XjAwMDBGRk8gdmVsaG8gYW1hc3NvdSBlIG1vbGRvdSBvcyBtYXRlcmlhaXMgZW0gdW1hIGZvcm1hIGVzdHJhbmhhLl4wMDAwMDA=,,XjAwMDBGRkVsIGFuY2lhbm8gbWFjaGFjw7MgbG9zIG1hdGVyaWFsZXMgeSBsb3MgYW1hc8OzIGhhc3RhIGRhcmxlcyB1bmEgZm9ybWEgZXh0cmHDsWEuXjAwMDAwMA==
TzfQAg,,W1dpc2UgQnVsbCBIb3Juc10KTW0uLi4KVGhleSdyZSByZWFkeSBub3cuClRoaXMgdG9rZW4gaXMgZWFzeSB0byBtYWtlLApidXQgSSBoYXZlbid0IG1hZGUgaXQgZm9yIGEgbG9uZyB0aW1lLgpNYXliZSBJJ3ZlIGdvdHRlbiBydXN0eS4uLg==,,,,,W1PDoWJpbyBDaGlmcmUgZGUgVG91cm9dCkh1bW0uLi4KVHVkbyBwcm9udG8gYWdvcmEuCkVzc2EgZmljaGEgw6kgZsOhY2lsIGRlIGZhemVyLAptYXMgZXUgbsOjbyBhIGZhw6dvIGjDoSBtdWl0byB0ZW1wby4KVGFsdmV6IGV1IHRlbmhhIGVuZmVycnVqYWRvLi4u,,W1NhYmlvIGN1ZXJub3MgZGUgdG9yb10KTW3igKYKWWEgZXN0w6FuIGxpc3Rvcy4KRXN0YSBpbnNpZ25pYSBlcyBmw6FjaWwgZGUgaGFjZXIsCnBlcm8gaGFjZSBtdWNobyB0aWVtcG8gcXVlIG5vIGhhY8OtYSB1bmEuClF1aXrDoXMgaGUgcGVyZGlkbyBsYSBwcsOhY3RpY2HigKY=
UDfQAg,,W1dpc2UgQnVsbCBIb3Juc10KSXQgZmVlbHMgYXMgaWYgaXQgd2VyZSBvbmx5IHllc3RlcmRheQp0aGF0IEkgbWV0IFNlbGVuYSdzIGZhdGhlci4KVGltZSBmbGllcyBsaWtlCnRoZSB3aW5kLCBkb2Vzbid0IGl0Pw==,,,,,W1PDoWJpbyBDaGlmcmUgZGUgVG91cm9dCsOJIGNvbW8gc2UgZm9zc2Ugb250ZW0KcXVlIGV1IGNvbmhlY2kgbyBwYWkgZGEgU2VsZW5hLgpPIHRlbXBvIHZvYSBjb21vCm8gdmVudG8sIG7Do28gw6k/,,W1NhYmlvIGN1ZXJub3MgZGUgdG9yb10KUGFyZWNlIHF1ZSBmdWUgYXllcgpjdWFuZG8gY29ub2PDrSBhbCBwYWRyZSBkZSBTZWxlbmEuCkVsIHRpZW1wbyB2dWVsYSBjb21vCmVsIHZpZW50bywgwr9ubyB0ZSBwYXJlY2U/
UTfQAg,,XjAwMDBGRlN1ZGRlbmx5IGhlIHN0YWdnZXJlZCBhcyBpZiBoZSBmZWx0IGRpenp5Ll4wMDAwMDA=,,,,,XjAwMDBGRkRlIHJlcGVudGUsIGVsZSBjYW1iYWxlb3UgY29tbyBzZSBlc3RpdmVzc2UgdG9udG8uXjAwMDAwMA==,,XjAwMDBGRkRlIHJlcGVudGUsIHNlIHRhbWJhbGXDsyBjb21vIHNpIGVzdHV2aWVyYSBtYXJlYWRvLl4wMDAwMDA=
UjfQAg,,W3t9XQpBcmUgeW91IG9rYXk/,,,,,W3t9XQpWb2PDqiBlc3TDoSBiZW0/,,W3t9XQrCv0VzdMOhcyBiaWVuPw==
UzfQAg,,W1dpc2UgQnVsbCBIb3Juc10KSSdtIGZpbmUuIEkganVzdCBmZWx0IGxpZ2h0aGVhZGVkIGZvciBhIG1vbWVudC4=,,,,,W1PDoWJpbyBDaGlmcmUgZGUgVG91cm9dCkVzdG91IGJlbS4gU8OzIGZpcXVlaSB0b250byBwb3IgdW0gbW9tZW50by4=,,W1NhYmlvIGN1ZXJub3MgZGUgdG9yb10KRXN0b3kgYmllbi4gTWUgc2VudMOtIG1hcmVhZG8gcG9yIHVuIG1vbWVudG8u
VDfQAg,,W3t9XQpJcyB0aGVyZSBhbnl0aGluZyBJIGNhbiBkbyB0byBoZWxwPw==,,,,,W3t9XQpQb3NzbyBmYXplciBhbGdvIHBhcmEgYWp1ZGFyPw==,,W3t9XQrCv0hheSBhbGdvIHF1ZSBwdWVkYSBoYWNlciBwYXJhIGF5dWRhcj8=
VTfQAg,,XjAwMDBGRlRoZSBvbGQgbWFuIGNsZWFyZWQgaGlzIHRocm9hdCBhbmQgZmVlYmx5IG9wZW5lZCBoaXMgbW91dGguXjAwMDAwMA==,,,,,XjAwMDBGRk8gdmVsaG8gbGltcG91IGEgZ2FyZ2FudGEgZSBhYnJpdSBhIGJvY2EgY29tIGRpZmljdWxkYWRlLl4wMDAwMDA=,,XjAwMDBGRkVsIGFuY2lhbm8gc2UgYWNsYXLDsyBsYSBnYXJnYW50YSB5IGFicmnDsyBsYSBib2NhLl4wMDAwMDA=
VjfQAg,,W1dpc2UgQnVsbCBIb3Juc10KUmlnaHQgbm93LCBJJ20gcmVhbGx5IHRoaXJzdHkuCkknZCBsb3ZlIHRvIGhhdmUgYSBjaGlsbGVkIGdsYXNzIG9mIG1pbGsu,,,,,W1PDoWJpbyBDaGlmcmUgZGUgVG91cm9dCk5lc3RlIG1vbWVudG8sIGVzdG91IGNvbSBtdWl0YSBzZWRlLgpHb3N0YXJpYSBtdWl0byBkZSB0b21hciB1bSBjb3BvIGRlIGxlaXRlIGdlbGFkby4=,,W1NhYmlvIGN1ZXJub3MgZGUgdG9yb10KRW4gZXN0ZSBtb21lbnRvLCB0ZW5nbyBtdWNoYSBzZWQuCk1lIGVuY2FudGFyw61hIHRvbWFyIHVuIHZhc28gZGUgbGVjaGUgZnLDrWEu
VzfQAg,,W3t9XQpeMDAwMEZGMSBNaWxrXjAwMDAwMC4gSSdsbCBicmlnaHQgaXQgcmlnaHQgYXdheS4=,,,,,W3t9XQpeMDAwMEZGMSBMZWl0ZV4wMDAwMDAuIFZvdSB0cmF6ZXIgaW1lZGlhdGFtZW50ZS4=,,W3t9XQpeMDAwMEZGMSBCb3RlbGxhIGRlIGxlY2hlXjAwMDAwMC4gTGEgdHJhZXLDqSBlbnNlZ3VpZGEu
WDfQAg,,W3t9XQpIZXJlLCBJIGJyb3VnaHQgeW91IG1pbGsu,,,,,W3t9XQpBcXVpLCBldSB0cm91eGUgbyBsZWl0ZS4=,,W3t9XQpUb21hLCB0ZSB0cmFqZSBsZWNoZS4=
WTfQAg,,XjAwMDBGRlRoZSBvbGQgbWFuIGd1bHBlZCBkb3duIHRoZSBtaWxrIGFuZCBzaWdoZWQgaGFwcGlseS5eMDAwMDAw,,,,,XjAwMDBGRk8gdmVsaG8gZW5nb2xpdSBvIGxlaXRlIGUgc3VzcGlyb3UgZmVsaXouXjAwMDAwMA==,,XjAwMDBGRkVsIGFuY2lhbm8gYmViacOzIGxhIGxlY2hlIHkgc3VzcGlyw7MgZmVsaXouXjAwMDAwMA==
WjfQAg,,W1dpc2UgQnVsbCBIb3Juc10KVGhhbmsgeW91LgpZb3UncmUgdmVyeSBraW5kLgpOb3csIGdvLg==,,,,,W1PDoWJpbyBDaGlmcmUgZGUgVG91cm9dCk9icmlnYWRvLgpWb2PDqiDDqSBtdWl0byBnZW50aWwuCkFnb3JhLCBwb2RlIGlyLg==,,W1NhYmlvIGN1ZXJub3MgZGUgdG9yb10KR3JhY2lhcy4KRXJlcyBtdXkgYW1hYmxlLgrCoUFob3JhIHZldGUh
WzfQAg,,W1dpc2UgQnVsbCBIb3Juc10KSGVyZSdzIHlvdXIgdG9rZW4gSSd2ZSBtYWRlLgpCcmluZyBpdCB0byBCbGFjayBGb3guCkkgYXBwcm92ZSB5b3UKdG8gYmVjb21lIGEgR3Vuc2xpbmdlci4=,,,,,W1PDoWJpbyBDaGlmcmUgZGUgVG91cm9dCkFxdWkgZXN0w6Egc3VhIGZpY2hhIHF1ZSBldSBmaXouCkxldmUgcGFyYSBvIFJhcG9zYSBOZWdyYS4KRXUgYXByb3ZvIHZvY8OqCnBhcmEgc2UgdG9ybmFyIHVtIEp1c3RpY2Vpcm8u,,W1NhYmlvIGN1ZXJub3MgZGUgdG9yb10KQXF1w60gZXN0w6EgbGEgaW5zaWduaWEgcXVlIGhpY2UuCkTDoXNlbGEgYSBab3JybyBuZWdyby4KVGllbmVzIG1pIGFwcm9iYWNpw7NuCnBhcmEgdW5pcnRlIGEgbG9zIFBpc3RvbGVyb3Mu
XDfQAg,,W1dpc2UgQnVsbCBIb3Juc10KRWVlLXlheS1ob29tLW1hLWxhLWFoLW5leS4KRWVlLXlheS1ob29tLW1hLWxhLWFoLW5leS4=,,,,,W1PDoWJpbyBDaGlmcmUgZGUgVG91cm9dCkVlZS15YXktaG9vbS1tYS1sYS1haC1uZXkuCkVlZS15YXktaG9vbS1tYS1sYS1haC1uZXku,,W1NhYmlvIGN1ZXJub3MgZGUgdG9yb10KRWVlLXlheS1ob29tLW1hLWxhLWFoLW5leS4KRWVlLXlheS1ob29tLW1hLWxhLWFoLW5leS4=
XTfQAg,,W3t9XQotIFdpc2UgQnVsbCBIb3JucyBzdGFydGVkIC0KLSBzaW5naW5nIGEgc3RyYW5nZSBzb25nLiAtCi0gSSBmZWVsLi4uIHdlaXJkLiAtCi0gSSBzaG91bGQgdGFrZSB0aGUgdG9rZW4gLQotIHRvIE1hc3RlciBNaWxsZXIuIC0=,,,,,W3t9XQotIE8gU8OhYmlvIENoaWZyZSBkZSBUb3VybyBjb21lw6dvdSAtCi0gYSBjYW50YXIgdW1hIG3DunNpY2EgZXN0cmFuaGEuIC0KLSBFc3RvdSBtZSBzZW50aW5kby4uLiBlc3RyYW5oby4gLQotIEV1IHRlbmhvIHF1ZSBsZXZhciBhIGZpY2hhIC0KLSBwYXJhIG8gTWVzdHJlIE1pbGxlci4gLQ==,,W3t9XQooU2FiaW8gY3Vlcm5vcyBkZSB0b3JvIGNvbWVuesOzCmEgY2FudGFyIHVuYSBleHRyYcOxYSBjYW5jacOzbikuClNpZW50byBhbGdv4oCmIHJhcm8uCkRlYmVyw61hIGxsZXZhcmxlIGxhIGluc2lnbmlhCmFsIG1hZXN0cm8gTWlsbGVyLg==
XjfQAg,,W3t9XQotIEkgc2hvdWxkIGJ1eSAxIE1pbGsgLQotIGZvciBXaXNlIEJ1bGwgSG9ybnMuIC0=,,,,,W3t9XQotIEV1IHRlbmhvIHF1ZSBjb21wcmFyIDEgTGVpdGUgLQotIHBhcmEgbyBTw6FiaW8gQ2hpZnJlIGRlIFRvdXJvLiAt,,W3t9XQpEZWJlcsOtYSBjb21wcmFyIDEgQm90ZWxsYSBkZSBsZWNoZQpwYXJhIFNhYmlvIGN1ZXJub3MgZGUgdG9yby4=
XzfQAg,,W1dpc2UgQnVsbCBIb3Juc10KSWYgeW91J3JlIHdvcnJpZWQgYWJvdXQgd2Fsa2luZyBhbGwgdGhlIHdheSBiYWNrIHRvIEJsYWNrIEZveCwgSSBjYW4gaGVscCB5b3Ugb25lIG1vcmUgdGltZS4=,,,,,W1PDoWJpbyBDaGlmcmUgZGUgVG91cm9dClNlIHZvY8OqIGVzdMOhIHByZW9jdXBhZG8gZW0gcGVyY29ycmVyIHRvZG8gbyBjYW1pbmhvIGRlIHZvbHRhLCBwb3NzbyBhanVkw6EtbG8gbWFpcyB1bWEgdmV6Lg==,,W1NhYmlvIGN1ZXJub3MgZGUgdG9yb10KU2kgdGUgcHJlb2N1cGEgdm9sdmVyIGNhbWluYW5kbyBoYXN0YSBab3JybyBuZWdybywgcHVlZG8gYXl1ZGFydGUgdW5hIHZleiBtw6FzLg==
YDfQAg,,SSBjYW4gZ28gb24gbXkgb3duLg==,,,,,UG9zc28gaXIgc296aW5oby4=,,UHVlZG8gaXIgcG9yIG1pIGN1ZW50YS4=
YTfQAg,,W1dpc2UgQnVsbCBIb3Juc10KWW91J3JlIHN0cm9uZy13aWxsZWQuCkkgd2lzaCB5b3UgYWxsIHRoZSBiZXN0Lg==,,,,,W1PDoWJpbyBDaGlmcmUgZGUgVG91cm9dClZvY8OqIHRlbSBmb3LDp2EgZGUgdm9udGFkZS4KRGVzZWpvIGEgdm9jw6ogdHVkbyBkZSBib20u,,W1NhYmlvIGN1ZXJub3MgZGUgdG9yb10KVGllbmVzIG11Y2hhIGZ1ZXJ6YSBkZSB2b2x1bnRhZC4KVGUgZGVzZW8gbG8gbWVqb3Iu
YjfQAg,,W1dpc2UgQnVsbCBIb3Juc10KQWgsIGxvbmcgdGltZSwgbm8gc2VlLgpJIGhvcGUgeW91J2xsIGJlY29tZSBhIHdpc2UgR3Vuc2xpbmdlci4=,,,,,W1PDoWJpbyBDaGlmcmUgZGUgVG91cm9dCkFoLCBmYXogdGVtcG8gcXVlIG7Do28gbyB2ZWpvLgpFc3Blcm8gcXVlIHZvY8OqIHNlIHRvcm5lIHVtIHPDoWJpbyBKdXN0aWNlaXJvLg==,,W1NhYmlvIGN1ZXJub3MgZGUgdG9yb10KQWgsIGN1w6FudG8gdGllbXBvIHNpbiB2ZXJ0ZS4KUXVlIGxhIHNhYmlkdXLDrWEgdGUgYWNvbXBhw7FlIGNvbiBsb3MgUGlzdG9sZXJvcy4=
YzfQAg,,W1dpc2UgQnVsbCBIb3Juc10KWnp6Li4uICpTbWFja2luZyBoaXMgbGlwcyo=,,,,,W1PDoWJpbyBDaGlmcmUgZGUgVG91cm9dClp6ei4uLiAqRXN0YWxhbmRvIG9zIGzDoWJpb3Mq,,W1NhYmlvIGN1ZXJub3MgZGUgdG9yb10KWnp64oCmICpDaGFzcXVlYSBsb3MgbGFiaW9zKg==
ZDfQAg,,TGF2ZXQ=,,,,,TGF2ZXQ=,,TGF2ZXQ=
ZTfQAg,,W3t9XQpIZXksIGhlbGxvLgpJIGNhbWUgZnJvbSB0aGUgR3Vuc2xpbmdlciBHdWlsZCBvZmZpY2UKdG8gZ2l2ZSB5b3UgdGhpcyByZXBsYWNlbWVudCBwYXJ0CmZvciB5b3VyIGRlZmVjdGl2ZS0t,,,,,W3t9XQpPbMOhLCBvbMOhLgpWaW0gZG8gZXNjcml0w7NyaW8gZGEgR3VpbGRhIGRvcyBKdXN0aWNlaXJvcwpwYXJhIGxoZSBlbnRyZWdhciBlc3RhIHBlw6dhIGRlIHJlcG9zacOnw6NvCnBhcmEgYSBzdWEgcGXDp2EgZGVmZWl0dW9zYS0t,,W3t9XQpIb2xhLCBob2xhLgpWZW5nbyBkZSBsYSBvZmljaW5hIGRlbCBncmVtaW8gZGUgUGlzdG9sZXJvcwpwYXJhIGRhcnRlIGVzdGEgcGllemEgZGUgcmVlbXBsYXpvCnBhcmEgYXJyZWdsYXIgdHXigKY=
ZjfQAg,,W0xhdmV0XQpOb29vaCEhIQpHd2FycnJnZ2doISEKRElFISEh,,,,,W0xhdmV0XQpOb29vaCEhIQpHd2FycnJnZ2doISEhCk1PUlJBISEh,,W0xhdmV0XQrCoU5vb29oIQrCoUFhYXJycmdnZ2ghCsKhTVVFUkUh
ZzfQAg,,W3t9XQotIFRoZSBtYW4gbmFtZWQgTGF2ZXQKbGFzaGVkIG91dCBhdCBtZQphcyBzb29uIGFzIEkgc3Bva2UgdGhlIHdvcmQsCkd1bnNsaW5nZXIuIEl0IHdhcyBhcyBpZgpoZSB3YXMgd2FpdGluZyBmb3IgaXQuCkFuZCBoZSBtZWFudCBidXNpbmVzcyE=,,,,,W3t9XQpPIGhvbWVtIGNoYW1hZG8gTGF2ZXQKbWUgYXRhY291CmFzc2ltIHF1ZSBldSBkaXNzZSBhIHBhbGF2cmEsCkp1c3RpY2Vpcm8uIEVyYSBjb21vIHNlCmVsZSBlc3RpdmVzc2UgZXNwZXJhbmRvIHBvciBpc3NvLgpFIGVsZSBlc3RhdmEgZmFsYW5kbyBzw6lyaW8h,,W3t9XQooRWwgaG9tYnJlIGxsYW1hZG8gTGF2ZXQKYXJyZW1ldGnDsyBjb250cmEgbcOtCmVuIGN1YW50byBwcm9udW5jacOpIGxhIHBhbGFicmEK4oCcUGlzdG9sZXJvc+KAnS4gRnVlIGNvbW8gc2kKeWEgc3VwaWVyYSBxdWUgc3VjZWRlcsOtYS4KwqFZIG5vIGVzdGFiYSBicm9tZWFuZG8h
aDfQAg,,W3t9XQpJIHJhbiB0aGUgb3RoZXIgd2F5CndpdGhvdXQgZXZlbiBib3RoZXJpbmcgdG8gbG9vayBiYWNrLgpJIHNob3VsZCBnbyBiYWNrIHRvIEdhcnJpc29uLi0=,,,,,W3t9XQpDb3JyaSBwYXJhIG8gb3V0cm8gbGFkbwpzZW0gbmVtIG1lIHByZW9jdXBhciBlbSBvbGhhciBwYXJhIHRyw6FzLgpFdSB0ZW5obyBxdWUgdm9sdGFyIHBhcmEgR2Fycmlzb24u,,W3t9XQpDb3Jyw60gaGFjaWEgZWwgbGFkbyBvcHVlc3RvCnNpbiBtb2xlc3Rhcm1lIHNpcXVpZXJhIGVuIG1pcmFyIGF0csOhcy4KRGViZXLDrWEgdm9sdmVyIGNvbiBHYXJyaXNvbiku
aTfQAg,,W3t9XQpJIHNob3VsZCBnbyBiYWNrIHRvIEdhcnJpc29uLi0=,,,,,W3t9XQpFdSB0ZW5obyBxdWUgdm9sdGFyIHBhcmEgR2Fycmlzb24u,,W3t9XQpEZWJlcsOtYSB2b2x2ZXIgY29uIEdhcnJpc29uKS4=
ajfQAg,,W0xhdmV0XQpVcnJnZ2doLi4uCkdyci4uLiBHcnIuLi4KLi4uLi4u,,,,,W0xhdmV0XQpVcnJnZ2doLi4uCkdyci4uLiBHcnIuLi4KLi4uLi4u,,W0xhdmV0XQpBcnJyZ2dnaOKApgpHcnJy4oCmIEdycnLigKYKLi4uLi4u
azfQAg,,U2hpdmFzIFJ1Z2Fs,,,,,U2hpdmFzIFJ1Z2Fs,,U2hpdmFzIFJ1Z2Fs
bDfQAg,,VHJhZGVy,,,,,Q29tZXJjaWFudGU=,,VHJhZGVy
bTfQAg,,Sm9obm5pZSBXaWNrZXI=,,,,,Sm9obm5pZSBXaWNrZXI=,,Sm9obm5pZSBXaWNrZXI=
bjfQAg,,QnVsbGV0IEJhZyBNZXJjaGFudCBLZW5ueQ==,,,,,S2VubnksIE1lcmNhZG9yIGRlIENhcnR1Y2hlaXJhcw==,,Q29tZXJjaWFudGUgZGUgQ2FydHVjaGVyYXMgS2Vubnk=
bzfQAg,,W0J1bGxldCBCYWcgTWVyY2hhbnQgS2VubnldCllvdSBkb24ndCBoYXZlIGVub3VnaCBmcmVlIHNwYWNlIGluIHlvdXIgYmFnIGZvciBteSBCdWxsZXQgQmFncy4=,,,,,W0tlbm55LCBNZXJjYWRvciBkZSBDYXJ0dWNoZWlyYXNdClZvY8OqIG7Do28gdGVtIGVzcGHDp28gbGl2cmUgc3VmaWNpZW50ZSBlbSBzdWEgYm9sc2EgcGFyYSBtaW5oYXMgQ2FydHVjaGVpcmFzLg==,,W0NvbWVyY2lhbnRlIGRlIENhcnR1Y2hlcmFzIEtlbm55XQpObyB0aWVuZXMgc3VmaWNpZW50ZSBlc3BhY2lvIGxpYnJlIGVuIHR1IGJvbHNvIHBhcmEgbWlzIENhcnR1Y2hlcmFzLg==
cDfQAg,,W0J1bGxldCBCYWcgTWVyY2hhbnQgS2VubnldCllvdXIgYmFnIGlzIHNvIGhlYXZ5IHRoYXQgeW91IGNhbiBiYXJlbHkgbW92ZS4gTmVlZCBoZWxwPw==,,,,,W0tlbm55LCBNZXJjYWRvciBkZSBDYXJ0dWNoZWlyYXNdClN1YSBib2xzYSDDqSB0w6NvIHBlc2FkYSBxdWUgdm9jw6ogbWFsIGNvbnNlZ3VlIHNlIG1vdmVyLiBQcmVjaXNhIGRlIGFqdWRhPw==,,W0NvbWVyY2lhbnRlIGRlIENhcnR1Y2hlcmFzIEtlbm55XQpUdSBib2xzbyBwZXNhIHRhbnRvIHF1ZSBhcGVuYXMgcHVlZGVzIG1vdmVydGUuIMK/TmVjZXNpdGFzIGF5dWRhPw==
cTfQAg,,W0tlbm55XQpUaGUgYnVsbGV0IGJhZyB3aWxsIGV4Y2hhbmdlIHlvdXIgb2xkIGJ1bGxldHMgZm9yIG5ldyBidWxsZXRzLgpDb21lIGhlcmUgYW5kIHRha2UgYSBsb29rLg==,,,,,W0tlbm55XQpBIGNhcnR1Y2hlaXJhIHRyb2NhcsOhIHN1YXMgYmFsYXMgdmVsaGFzIHBvciBiYWxhcyBub3Zhcy4KVmVuaGEgZGFyIHVtYSBvbGhhZGEu,,W0tlbm55XQpMYSBDYXJ0dWNoZXJhIGNhbWJpYXLDoSB0dXMgYmFsYXMgdmllamFzIHBvciBiYWxhcyBudWV2YXMuClZlbiBhcXXDrSB5IGVjaGEgdW4gdmlzdGF6by4=
cjfQAg,,RXhjaGFuZ2UgR3JlbmFkZXM=,,,,,VHJvY2FyIEdyYW5hZGFz,,Q2FuamVhciBncmFuYWRhcy4=
czfQAg,,RXhjaGFuZ2Ugb2xkIEdyZW5hZGVz,,,,,VHJvY2FyIEdyYW5hZGFzIGFudGlnYXM=,,Q2FuamVhciBncmFuYWRhcyBhbnRpZ3Vhcy4=
dDfQAg,,RXhjaGFuZ2UgU2x1Zw==,,,,,VHJvY2FyIFByb2rDqXRpbCBQZXNhZG8=,,Q2FuamVhciBiYWxhIGRlIGVzY29wZXRhLg==
dTfQAg,,Q2FuY2Vs,,,,,Q2FuY2VsYXI=,,Q2FuY2VsYXIu
djfQAg,,QW1tbyBCb3g=,,,,,Q2FpeGEgZGUgTXVuacOnw6Nv,,Q2FqYSBkZSBtdW5pY2nDs24u
dzfQAg,,QW1tbyBCb3ggKEJsb29keSBTaGVsbCk=,,,,,Q2FpeGEgZGUgTXVuacOnw6NvIChQcm9qw6l0aWwgU2FuZ3VpbsOhcmlvKQ==,,Q2FqYSBkZSBtdW5pY2nDs24gKFByb3llY3RpbCBkZSBhcnRpbGxlcsOtYSBlbnNhbmdyZW50YWRvKS4=
eDfQAg,,QW1tbyBCb3ggKFNpbHZlciBCdWxsZXQp,,,,,Q2FpeGEgZGUgTXVuacOnw6NvIChQcm9qw6l0aWwgZGUgUHJhdGEp,,Q2FqYSBkZSBtdW5pY2nDs24gKEJhbGEgZGUgcGxhdGEpLg==
eTfQAg,,QW1tbyBCb3ggKEFybW9yIFBpZXJjaW5nIEJ1bGxldCk=,,,,,Q2FpeGEgZGUgTXVuacOnw6NvIChQcm9qw6l0aWwgUGVyZnVyYWRvciBkZSBBcm1hZHVyYSk=,,Q2FqYSBkZSBtdW5pY2nDs24gKEJhbGEgcGVyZm9yYW50ZSBkZSBhcm1hZHVyYXMpLg==
ejfQAg,,QW1tbyBCb3ggKEZsYW1lIEJ1bGxldCk=,,,,,Q2FpeGEgZGUgTXVuacOnw6NvIChQcm9qw6l0aWwgSW5jZW5kacOhcmlvKQ==,,Q2FqYSBkZSBtdW5pY2nDs24gKEJhbGEgYXJkaWVudGUpLg==
ezfQAg,,QW1tbyBCb3ggKEZyZWV6ZSBCdWxsZXQp,,,,,Q2FpeGEgZGUgTXVuacOnw6NvIChQcm9qw6l0aWwgQ29uZ2VsYW50ZSk=,,Q2FqYSBkZSBtdW5pY2nDs24gKEJhbGEgY29uZ2VsYW50ZSku
fDfQAg,,QW1tbyBCb3ggKEVsZWN0cmljIEJ1bGxldCk=,,,,,Q2FpeGEgZGUgTXVuacOnw6NvIChQcm9qw6l0aWwgRWzDqXRyaWNvKQ==,,Q2FqYSBkZSBtdW5pY2nDs24gKEJhbGEgZWzDqWN0cmljYSku
fTfQAg,,QW1tbyBCb3ggKE1hZ2ljIFN0b25lIEJ1bGxldCk=,,,,,Q2FpeGEgZGUgTXVuacOnw6NvIChQcm9qw6l0aWwgVGVjdMO0bmljbyk=,,Q2FqYSBkZSBtdW5pY2nDs24gKEJhbGEgZGUgcGllZHJhIG3DoWdpY2EpLg==
fjfQAg,,QW1tbyBCb3ggKFB1cmlmeWluZyBCdWxsZXQp,,,,,Q2FpeGEgZGUgTXVuacOnw6NvIChQcm9qw6l0aWwgZGUgUHVyaWZpY2HDp8Ojbyk=,,Q2FqYSBkZSBtdW5pY2nDs24gKEJhbGEgcHVyaWZpY2Fkb3JhKS4=
fzfQAg,,QW1tbyBCb3ggKEZsYXJlIEJ1bGxldCk=,,,,,Q2FpeGEgZGUgTXVuacOnw6NvIChQcm9qw6l0aWwgZGUgRm9nbyk=,,Q2FqYSBkZSBtdW5pY2nDs24gKEJhbGEgYmVuZ2FsYSku
gDfQAg,,QW1tbyBCb3ggKExpZ2h0bmluZyBCdWxsZXQp,,,,,Q2FpeGEgZGUgTXVuacOnw6NvIChQcm9qw6l0aWwgUmVsw6JtcGFnbyk=,,Q2FqYSBkZSBtdW5pY2nDs24gKEJhbGEgcmVsw6FtcGFnbyku
gTfQAg,,QW1tbyBCb3ggKEljZSBCdWxsZXQp,,,,,Q2FpeGEgZGUgTXVuacOnw6NvIChQcm9qw6l0aWwgZGUgR2Vsbyk=,,Q2FqYSBkZSBtdW5pY2nDs24gKEJhbGEgZGUgaGllbG8pLg==
gjfQAg,,QW1tbyBCb3ggKFBvaXNvbiBCdWxsZXQp,,,,,Q2FpeGEgZGUgTXVuacOnw6NvIChQcm9qw6l0aWwgVmVuZW5vc28p,,Q2FqYSBkZSBtdW5pY2nDs24gKEJhbGEgZW52ZW5lbmFkYSku
gzfQAg,,QW1tbyBCb3ggKEJsaW5kIEJ1bGxldCk=,,,,,Q2FpeGEgZGUgTXVuacOnw6NvIChQcm9qw6l0aWwgQ2VnYW50ZSk=,,Q2FqYSBkZSBtdW5pY2nDs24gKEJhbGEgZW5jZWdhZG9yYSku
hDfQAg,,QnVsbGV0,,,,,UHJvasOpdGls,,QmFsYQ==
hTfQAg,,QnVsbGV0X0Nhc2U=,,,,,RXN0b2pvIGRlIFByb2rDqXRlaXM=,,QnVsbGV0X0Nhc2U=
hjfQAg,,Qmxvb2R5IFNoZWxs,,,,,UHJvasOpdGlsIFNhbmd1aW7DoXJpbw==,,UHJveWVjdGlsIGRlIGFydGlsbGVyw61hIGVuc2FuZ3JlbnRhZG8=
hzfQAg,,QW1tbyBCb3ggKEJsb29keSBTaGVsbCk=,,,,,Q2FpeGEgZGUgTXVuacOnw6NvIChQcm9qw6l0aWwgU2FuZ3VpbsOhcmlvKQ==,,Q2FqYSBkZSBtdW5pY2nDs24gKFByb3llY3RpbCBkZSBhcnRpbGxlcsOtYSBlbnNhbmdyZW50YWRvKQ==
iDfQAg,,U2lsdmVyIEJ1bGxldA==,,,,,UHJvasOpdGlsIGRlIHByYXRh,,QmFsYSBkZSBwbGF0YQ==
iTfQAg,,QW1tbyBCb3ggKFNpbHZlciBCdWxsZXQp,,,,,Q2FpeGEgZGUgTXVuacOnw6NvIChQcm9qw6l0aWwgZGUgUHJhdGEp,,Q2FqYSBkZSBtdW5pY2nDs24gKEJhbGEgZGUgcGxhdGEp
ijfQAg,,QXJtb3IgUGllcmNpbmcgQnVsbGV0,,,,,UHJvasOpdGlsIFBlcmZ1cmFkb3IgZGUgQXJtYWR1cmE=,,QmFsYSBwZXJmb3JhbnRlIGRlIGFybWFkdXJhcw==
izfQAg,,QW1tbyBCb3ggKEFybW9yIFBpZXJjaW5nIEJ1bGxldCk=,,,,,Q2FpeGEgZGUgTXVuacOnw6NvIChQcm9qw6l0aWwgUGVyZnVyYWRvciBkZSBBcm1hZHVyYSk=,,Q2FqYSBkZSBtdW5pY2nDs24gKEJhbGEgcGVyZm9yYW50ZSBkZSBhcm1hZHVyYXMp
jDfQAg,,RmxhbWUgQnVsbGV0,,,,,UHJvasOpdGlsIEluY2VuZGnDoXJpbw==,,QmFsYSBhcmRpZW50ZQ==
jTfQAg,,QW1tbyBCb3ggKEZsYW1lIEJ1bGxldCk=,,,,,Q2FpeGEgZGUgTXVuacOnw6NvIChQcm9qw6l0aWwgSW5jZW5kacOhcmlvKQ==,,Q2FqYSBkZSBtdW5pY2nDs24gKEJhbGEgYXJkaWVudGUp
jjfQAg,,RnJlZXplIEJ1bGxldA==,,,,,UHJvasOpdGlsIENvbmdlbGFudGU=,,QmFsYSBjb25nZWxhbnRl
jzfQAg,,QW1tbyBCb3ggKEZyZWV6ZSBCdWxsZXQp,,,,,Q2FpeGEgZGUgTXVuacOnw6NvIChQcm9qw6l0aWwgQ29uZ2VsYW50ZSk=,,Q2FqYSBkZSBtdW5pY2nDs24gKEJhbGEgY29uZ2VsYW50ZSk=
kDfQAg,,RWxlY3RyaWMgQnVsbGV0,,,,,UHJvasOpdGlsIEVsw6l0cmljbw==,,QmFsYSBlbMOpY3RyaWNh
kTfQAg,,QW1tbyBCb3ggKEVsZWN0cmljIEJ1bGxldCk=,,,,,Q2FpeGEgZGUgTXVuacOnw6NvIChQcm9qw6l0aWwgRWzDqXRyaWNvKQ==,,Q2FqYSBkZSBtdW5pY2nDs24gKEJhbGEgZWzDqWN0cmljYSk=
kjfQAg,,TWFnaWMgU3RvbmUgQnVsbGV0,,,,,UHJvasOpdGlsIFRlY3TDtG5pY28=,,QmFsYSBkZSBwaWVkcmEgbcOhZ2ljYQ==
kzfQAg,,QW1tbyBCb3ggKE1hZ2ljIFN0b25lIEJ1bGxldCk=,,,,,Q2FpeGEgZGUgTXVuacOnw6NvIChQcm9qw6l0aWwgVGVjdMO0bmljbyk=,,Q2FqYSBkZSBtdW5pY2nDs24gKEJhbGEgZGUgcGllZHJhIG3DoWdpY2Ep
lDfQAg,,UHVyaWZ5aW5nIEJ1bGxldA==,,,,,UHJvasOpdGlsIFB1cmlmaWNhZG9y,,QmFsYSBwdXJpZmljYWRvcmE=
lTfQAg,,QW1tbyBCb3ggKFB1cmlmeWluZyBCdWxsZXQp,,,,,Q2FpeGEgZGUgTXVuacOnw6NvIChQcm9qw6l0aWwgZGUgUHVyaWZpY2HDp8Ojbyk=,,Q2FqYSBkZSBtdW5pY2nDs24gKEJhbGEgcHVyaWZpY2Fkb3JhKQ==
ljfQAg,,RmxhcmUgQnVsbGV0,,,,,UHJvasOpdGlsIGRlIEZvZ28=,,QmFsYSBkZSBiZW5nYWxh
lzfQAg,,QW1tbyBCb3ggKEZsYXJlIEJ1bGxldCk=,,,,,Q2FpeGEgZGUgTXVuacOnw6NvIChQcm9qw6l0aWwgZGUgRm9nbyk=,,Q2FqYSBkZSBtdW5pY2nDs24gKEJhbGEgYmVuZ2FsYSk=
mDfQAg,,TGlnaHRuaW5nIEJ1bGxldA==,,,,,UHJvasOpdGlsIFJlbMOibXBhZ28=,,QmFsYSByZWzDoW1wYWdv
mTfQAg,,QW1tbyBCb3ggKExpZ2h0bmluZyBCdWxsZXQp,,,,,Q2FpeGEgZGUgTXVuacOnw6NvIChQcm9qw6l0aWwgUmVsw6JtcGFnbyk=,,Q2FqYSBkZSBtdW5pY2nDs24gKEJhbGEgcmVsw6FtcGFnbyk=
mjfQAg,,SWNlIEJ1bGxldA==,,,,,UHJvasOpdGlsIGRlIEdlbG8=,,QmFsYSBkZSBoaWVsbw==
mzfQAg,,QW1tbyBCb3ggKEljZSBCdWxsZXQp,,,,,Q2FpeGEgZGUgTXVuacOnw6NvIChQcm9qw6l0aWwgZGUgR2Vsbyk=,,Q2FqYSBkZSBtdW5pY2nDs24gKEJhbGEgZGUgaGllbG8p
nDfQAg,,UG9pc29uIEJ1bGxldA==,,,,,UHJvasOpdGlsIFZlbmVub3Nv,,QmFsYSBlbnZlbmVuYWRh
nTfQAg,,QW1tbyBCb3ggKFBvaXNvbiBCdWxsZXQp,,,,,Q2FpeGEgZGUgTXVuacOnw6NvIChQcm9qw6l0aWwgVmVuZW5vc28p,,Q2FqYSBkZSBtdW5pY2nDs24gKEJhbGEgZW52ZW5lbmFkYSk=
njfQAg,,QmxpbmQgQnVsbGV0,,,,,UHJvasOpdGlsIENlZ2FudGU=,,QmFsYSBlbmNlZ2Fkb3Jh
nzfQAg,,QW1tbyBCb3ggKEJsaW5kIEJ1bGxldCk=,,,,,Q2FpeGEgZGUgTXVuacOnw6NvIChQcm9qw6l0aWwgQ2VnYW50ZSk=,,Q2FqYSBkZSBtdW5pY2nDs24gKEJhbGEgZW5jZWdhZG9yYSku
oDfQAg,,W0tlbm55XQpPa2F5LgpJZiB5b3UgbmVlZCBhbnl0aGluZwpwbGVhc2UgbGV0IG1lIGtub3cgYWdhaW4u,,,,,W0tlbm55XQpDZXJ0by4KU2Ugdm9jw6ogcHJlY2lzYXIgZGUgYWxndW1hIGNvaXNhLApwb3IgZmF2b3IsIG1lIGF2aXNlIG5vdmFtZW50ZS4=,,W0tlbm55XQpCaWVuLgpTaSBuZWNlc2l0YXMgYWxnbywKYXbDrXNhbWUgbnVldmFtZW50ZS4=
oTfQAg,,W0tlbm55XQpPb3BzLCB5b3UgZG9uJ3QgaGF2ZSB0aGUgbWF0ZXJpYWxzIHRvIHRyYWRlIGZvciB0aGUgZGVzaXJlZCBhbW91bnQgb2YgaXRlbXMsIHBsZWFzZSBjb21lIHByZXBhcmVkLgpZb3UgbmVlZCA1MDAgXkZGMDAwMHt9XjAwMDAwMCwgb2theT8gSWYgeW91IGFyZSBeRkYwMDAwZXF1aXBwaW5nXjAwMDAwMCB0aGUgaXRlbSB5b3UgbmVlZCB0byB1bmVxdWlwIGl0Lg==,,,,,W0tlbm55XQpPcGEsIHZvY8OqIG7Do28gdGVtIG9zIG1hdGVyaWFpcyBwYXJhIHRyb2NhciBwZWxhIHF1YW50aWRhZGUgZGVzZWphZGEgZGUgaXRlbnMsIHBvciBmYXZvciwgdmVuaGEgcHJlcGFyYWRvLgpWb2PDqiBwcmVjaXNhIGRlIDUwMCBeRkYwMDAwe31eMDAwMDAwLCBjZXJ0bz8gU2Ugdm9jw6ogZXN0aXZlciBjb20gbyBpdGVtIF5GRjAwMDBlcXVpcGFkb14wMDAwMDAsIHZvY8OqIHByZWNpc2Fyw6EgZGVzZXF1aXDDoS1sby4=,,W0tlbm55XQpVcHMsIG5vIHRpZW5lcyBsb3MgbWF0ZXJpYWxlcyBwYXJhIGludGVyY2FtYmlhciBwb3IgZXNhIGNhbnRpZGFkIGRlIG9iamV0b3MuIFByb2N1cmEgdHJhZXIgbG8gbmVjZXNhcmlvLgpOZWNlc2l0YXMgNTAwXjY2MDAwMHt9XjAwMDAwMCwgwr9kZSBhY3VlcmRvPyBTaSB0aWVuZXMgZWwgb2JqZXRvIF42NjAwMDBlcXVpcGFkb14wMDAwMDAsIGRlYmVzIGRlc2VxdWlwYXJsbyBwcmltZXJvLg==
ojfQAg,,W0tlbm55XQpZb3UgaGF2ZSBzZWxlY3RlZCBeRkYwMDAwe31eMDAwMDAwLgpXaXRoIDUwMCBeMzEzMUZGe31eMDAwMDAwLCB5b3UgY2FuIG1ha2UgMSBeMzEzMUZGe31eMDAwMDAwIGFuZCB0aGUgc2VydmljZSBmZWUgaXMgXjMxMzFGRjUwMF4wMDAwMDAgWmVueSBwZXIgQm94LgpIb3cgbWFueSBkbyB5b3UgbmVlZD8=,,,,,W0tlbm55XQpWb2PDqiBzZWxlY2lvbm91IF5GRjAwMDB7fV4wMDAwMDAuCkNvbSA1MDAgXjMxMzFGRnt9XjAwMDAwMCwgdm9jw6ogcG9kZSBmYXplciAxIF4zMTMxRkZ7fV4wMDAwMDAgZSBhIHRheGEgZGUgc2VydmnDp28gw6kgZGUgXjMxMzFGRjUwMF4wMDAwMDAgWmVueSBwb3IgQ2FpeGEuCkRlIHF1YW50YXMgdm9jw6ogcHJlY2lzYT8=,,W0tlbm55XQpTZWxlY2Npb25hc3RlIF42NjAwMDB7fV4wMDAwMDAuCkNvbiA1MDBeOTkwMDAwe31eMDAwMDAwLCBwdWVkZXMgaGFjZXIgMV45OTAwMDB7fV4wMDAwMDAsIHkgbGEgY3VvdGEgZGUgc2VydmljaW8gZXMgZGUgXjk5MDAwMDUwMF4wMDAwMDB6ZW55IHBvciBDYWphLgrCv0N1w6FudGFzIG5lY2VzaXRhcz8=
ozfQAg,,RXhjaGFuZ2UgYWxsIHRoZSBtYXRlcmlhbHM=,,,,,VHJvY2FyIHRvZG9zIG9zIG1hdGVyaWFpcw==,,Q2FuamVhciB0b2RvcyBsb3MgbWF0ZXJpYWxlcy4=
pDfQAg,,TWFrZSAx,,,,,RmF6ZXIgMQ==,,SGFjZXIgMS4=
pTfQAg,,TnVtYmVyIG9mIEJ1bGxldHMgb3duZWQ6IF4zMTMxRkZ7fV4wMDAwMDAKTnVtYmVyIG9mIGF2YWlsYWJsZSBBbW1vIEJveCA6IF4zMTMxRkZ7fV4wMDAwMDAKU2VydmljZSBDaGFyZ2UgOiBeMzEzMUZGe31aZW55XjAwMDAwMA==,,,,,TsO6bWVybyBkZSBQcm9qw6l0ZWlzIHF1ZSBwb3NzdWk6IF4zMTMxRkZ7fV4wMDAwMDAKTsO6bWVybyBkZSBDYWl4YXMgZGUgTXVuacOnw6NvIGRpc3BvbsOtdmVpczogXjMxMzFGRnt9XjAwMDAwMApUYXhhIGRlIHNlcnZpw6dvOiBeMzEzMUZGe31aZW55XjAwMDAwMA==,,Q2FudGlkYWQgZGUgYmFsYXMgcXVlIHRpZW5lczogXjk5MDAwMHt9XjAwMDAwMApDYW50aWRhZCBkZSBDYWphcyBkZSBtdW5pY2nDs24gZGlzcG9uaWJsZXM6IF45OTAwMDB7fV4wMDAwMDAKQ2FyZ28gcG9yIHNlcnZpY2lvOiBeOTkwMDAwe316ZW55XjAwMDAwMA==
pjfQAg,,RG8geW91IHdhbnQgdG8gZXhjaGFuZ2U/,,,,,UXVlciBmYXplciBhIHRyYW5zYcOnw6NvPw==,,wr9RdWllcmVzIGhhY2VyIGVsIGNhbmplPw==
pzfQAg,,RXhjaGFuZ2U=,,,,,RmF6ZXIgYSB0cmFuc2HDp8Ojbw==,,Q2FuamVhci4=
qDfQAg,,W0tlbm55XQpDb21wbGV0ZWQuClBsZWFzZSByZW1lbWJlciB0aGF0IHlvdSBjYW5ub3QgdXNlIEFtbW8gQm94IGlmIHlvdXIgaW52ZW50b3J5IHJlYWNoZXMgNzAlIG9mIHRoZSBtYXggd2VpZ2h0Lg==,,,,,W0tlbm55XQpDb25jbHXDrWRhLgpMZW1icmUtc2UgZGUgcXVlIHZvY8OqIG7Do28gcG9kZXLDoSB1c2FyIENhaXhhIGRlIE11bmnDp8OjbyBzZSBvIGludmVudMOhcmlvIGF0aW5naXIgNzAlIGRvIHBlc28gbcOheGltby4=,,W0tlbm55XQpDb21wbGV0YWRvLgpSZWN1ZXJkYSBxdWUgbm8gcHVlZGVzIHVzYXIgbGEgQ2FqYSBkZSBtdW5pY2nDs24gc2kgdHUgaW52ZW50YXJpbyBhbGNhbnphIGVsIDcwICUgZGVsIHBlc28gbcOheGltby4=
qTfQAg,,W0tlbm55XQpPb3BzLCB5b3UgZG9uJ3QgaGF2ZSBlbm91Z2ggWmVueS4KVGhlIFNlcnZpY2UgY2hhcmdlIGlzCjUwMCBaZW55IHBlciBCb3gvUGFjay4=,,,,,W0tlbm55XQpPcGEsIHZvY8OqIG7Do28gdGVtIFplbnkgc3VmaWNpZW50ZS4KQSB0YXhhIGRlIHNlcnZpw6dvIMOpIGRlCjUwMCBaZW55IHBvciBDYWl4YS9QYWNvdGUu,,W0tlbm55XQpVeSwgbm8gdGllbmVzIHN1ZmljaWVudGVzIHplbnkuCkVsIGNhcmdvIHBvciBlbCBzZXJ2aWNpbyBlcyBkZQo1MDAgemVueSBwb3IgQ2FqYS9QYXF1ZXRlLg==
qjfQAg,,RmxhcmUgQnVsbGV0,,,,,UHJvasOpdGlsIGRlIEZvZ28=,,QmFsYSBkZSBiZW5nYWxh
qzfQAg,,TGlnaHRuaW5nIEJ1bGxldA==,,,,,UHJvasOpdGlsIFJlbMOibXBhZ28=,,QmFsYSByZWzDoW1wYWdv
rDfQAg,,SWNlIEJ1bGxldA==,,,,,UHJvasOpdGlsIGRlIEdlbG8=,,QmFsYSBkZSBoaWVsbw==
rTfQAg,,UG9pc29uIEJ1bGxldA==,,,,,UHJvasOpdGlsIFZlbmVub3Nv,,QmFsYSBlbnZlbmVuYWRh
rjfQAg,,QmxpbmQgQnVsbGV0,,,,,UHJvasOpdGlsIENlZ2FudGU=,,QmFsYSBlbmNlZ2Fkb3Jh
rzfQAg,,RmxhcmUgR3JlbmFkZXM=,,,,,R3JhbmFkYXMgSW5jZW5kacOhcmlhcw==,,R3JhbmFkYXMgYmVuZ2FsYQ==
sDfQAg,,RmxhcmUgQnVsbGV0cw==,,,,,UHJvasOpdGVpcyBkZSBGb2dv,,QmFsYXMgYmVuZ2FsYQ==
sTfQAg,,TGlnaHRuaW5nIEdyZW5hZGVz,,,,,R3JhbmFkYXMgUmVsw6JtcGFnbw==,,R3JhbmFkYXMgcmVsw6FtcGFnbw==
sjfQAg,,TGlnaHRuaW5nIEJ1bGxldA==,,,,,UHJvasOpdGlsIFJlbMOibXBhZ28=,,QmFsYSByZWzDoW1wYWdv
szfQAg,,Q3J5byBHcmVuYWRlcw==,,,,,R3JhbmFkYXMgQ29uZ2VsYW50ZXM=,,Q3Jpb2dyYW5hZGFz
tDfQAg,,SWNlIEJ1bGxldHM=,,,,,UHJvasOpdGVpcyBkZSBHZWxv,,QmFsYXMgZGUgaGllbG8=
tTfQAg,,UG9pc29uIEdyZW5hZGVz,,,,,R3JhbmFkYXMgVmVuZW5vc2Fz,,R3JhbmFkYXMgZW52ZW5lbmFkYXM=
tjfQAg,,UG9pc29uIEJ1bGxldHM=,,,,,UHJvasOpdGVpcyBWZW5lbm9zb3M=,,QmFsYXMgZW52ZW5lbmFkYXM=
tzfQAg,,Rmxhc2ggR3JlbmFkZXM=,,,,,R3JhbmFkYXMgZGUgTHV6,,R3JhbmFkYXMgZGVzdGVsbGFudGVz
uDfQAg,,QmxpbmRpbmcgQnVsbGV0cw==,,,,,UHJvasOpdGVpcyBDZWdhbnRlcw==,,QmFsYXMgZW5jZWdhZG9yYXM=
uTfQAg,,W0tlbm55XQpBbHJpZ2h0LgpQbGVhc2UgY29tZSBiYWNrCmlmIHlvdSBuZWVkIGFueXRoaW5nLg==,,,,,W0tlbm55XQpNdWl0byBiZW0uClBvciBmYXZvciwgdm9sdGUgc2UgcHJlY2lzYXIKZGUgYWxndW1hIGNvaXNhLg==,,W0tlbm55XQpEZSBhY3VlcmRvLgpWdWVsdmUKc2kgbmVjZXNpdGFzIGFsZ28u
ujfQAg,,W0tlbm55XQpVaC1vaCwgeW91IGRvbid0IGhhdmUgZW5vdWdoIG1hdGVyaWFscyB0byBleGNoYW5nZSBmb3IgdGhlIGl0ZW1zIHlvdSB3YW50LgpZb3UgbmVlZCBhdCBsZWFzdCAxMCBeRkYwMDAwe31eMDAwMDAwLiBHZXQgaXQ/IElmIHlvdSdyZSBeRkYwMDAwZXF1aXBwZWReMDAwMDAwIHdpdGggdGhlbSwgcGxlYXNlIHVuZXF1aXAgdGhlbSBmaXJzdC4=,,,,,W0tlbm55XQpFc3NhIG7Do28sIHZvY8OqIG7Do28gdGVtIG1hdGVyaWFpcyBzdWZpY2llbnRlcyBwYXJhIHRyb2NhciBwZWxvcyBpdGVucyBxdWUgZGVzZWphLgpWb2PDqiBwcmVjaXNhIGRlIHBlbG8gbWVub3MgMTAgXkZGMDAwMHt9XjAwMDAwMC4gRW50ZW5kZXU/IFNlIHZvY8OqIGVzdGl2ZXIgY29tIG8gaXRlbSBeRkYwMDAwZXF1aXBhZG9eMDAwMDAwLCBkZXNlcXVpcGUtbyBwcmltZWlyby4=,,W0tlbm55XQpPaCwgbm8gdGllbmVzIHN1ZmljaWVudGVzIG1hdGVyaWFsZXMgcGFyYSBjYW5qZWFyIHBvciBsb3Mgb2JqZXRvcyBxdWUgcXVpZXJlcy4KTmVjZXNpdGFzIGFsIG1lbm9zIDEwXjY2MDAwMHt9XjAwMDAwMC4gwr9FbnRpZW5kZXM/IFNpIGxvcyB0aWVuZXMgXjY2MDAwMGVxdWlwYWRvc14wMDAwMDAsIGRlc2VxdcOtcGFsb3MgcHJpbWVyby4=
uzfQAg,,W0tlbm55XQpZb3UgY2hvc2UgXkZGMDAwMHt9XjAwMDAwMC4KMTAgXjMxMzFGRnt9XjAwMDAwMCBjYW4gYmUgdXNlZCB0byBtYWtlIDE1IF4zMTMxRkZ7fV4wMDAwMDAuCkhvdyBtYW55IHdvdWxkIHlvdSBsaWtlIHRvIGV4Y2hhbmdlPw==,,,,,W0tlbm55XQpWb2PDqiBlc2NvbGhldSBeRkYwMDAwe31eMDAwMDAwLgoxMCBeMzEzMUZGe31eMDAwMDAwIHBvZGVtIHNlciB1c2Fkb3MgcGFyYSBmYXplciAxNSBeMzEzMUZGe31eMDAwMDAwLgpRdWFudG9zIHZvY8OqIGdvc3RhcmlhIGRlIHRyb2Nhcj8=,,W0tlbm55XQpFbGVnaXN0ZSBeNjYwMDAwe31eMDAwMDAwLgpDb24gMTBeOTkwMDAwe31eMDAwMDAwLCBzZSBwdWVkZW4gaGFjZXIgMTVeOTkwMDAwe31eMDAwMDAwLgrCv0N1w6FudG9zIHF1aWVyZXMgY2FuamVhcj8=
vDfQAg,,RXhjaGFuZ2UgYWxsIG1hdGVyaWFscw==,,,,,VHJvY2FyIHRvZG9zIG9zIG1hdGVyaWFpcw==,,Q2FuamVhciB0b2RvcyBsb3MgbWF0ZXJpYWxlcy4=
vTfQAg,,WW91ciBHcmVuYWRlczogXjMxMzFGRnt9XjAwMDAwMApFeGNoYW5nZWFibGUgQnVsbGV0czogXjMxMzFGRnt9XjAwMDAwMApDb250aW51ZT8=,,,,,U3VhcyBHcmFuYWRhczogXjMxMzFGRnt9XjAwMDAwMApQcm9qw6l0ZWlzIEludGVyY2FtYmnDoXZlaXM6IF4zMTMxRkZ7fV4wMDAwMDAKQ29udGludWFyPw==,,VHVzIGdyYW5hZGFzOiBeOTkwMDAwe31eMDAwMDAwCkJhbGFzIGNhbmplYWJsZXM6IF45OTAwMDB7fV4wMDAwMDAKwr9Db250aW51YXI/
vjfQAg,,WWVz,,,,,U2ltLg==,,U8OtLg==
vzfQAg,,Tm8=,,,,,TsOjby4=,,Tm8u
wDfQAg,,W0tlbm55XQpVaC1vaCwgeW91IGRvbid0IGhhdmUgZW5vdWdoIG1hdGVyaWFscyB0byBleGNoYW5nZSBmb3IgdGhlIGl0ZW1zIHlvdSB3YW50LgpZb3UgbmVlZCBhdCBsZWFzdCAxMCBeRkYwMDAwe31eMDAwMDAwLiBHZXQgaXQ/IElmIHlvdSdyZSBlcXVpcHBlZCB3aXRoIHRoZW0sIHBsZWFzZSB1bmVxdWlwIHRoZW0gZmlyc3Qu,,,,,W0tlbm55XQpFc3NhIG7Do28sIHZvY8OqIG7Do28gdGVtIG1hdGVyaWFpcyBzdWZpY2llbnRlcyBwYXJhIHRyb2NhciBwZWxvcyBpdGVucyBxdWUgZGVzZWphLgpWb2PDqiBwcmVjaXNhIGRlIHBlbG8gbWVub3MgMTAgXkZGMDAwMHt9XjAwMDAwMC4gRW50ZW5kZXU/IFNlIHZvY8OqIGVzdGl2ZXIgY29tIG8gaXRlbSBlcXVpcGFkbywgZGVzZXF1aXBlLW8gcHJpbWVpcm8u,,W0tlbm55XQpPaCwgbm8gdGllbmVzIHN1ZmljaWVudGVzIG1hdGVyaWFsZXMgcGFyYSBjYW5qZWFyIHBvciBsb3Mgb2JqZXRvcyBxdWUgcXVpZXJlcy4KTmVjZXNpdGFzIGFsIG1lbm9zIDEwXjY2MDAwMHt9XjAwMDAwMC4gwr9FbnRpZW5kZXM/IFNpIGxvcyB0aWVuZXMgZXF1aXBhZG9zLCBkZXNlcXXDrXBhbG9zIHByaW1lcm8u
wTfQAg,,W0tlbm55XQpUaGVyZSB5b3UgZ28uClBsZWFzZSBub3RlIHRoYXQgeW91IGNhbid0IHVzZSBpdGVtcyBpZiB5b3VyIGJhZyB3ZWlnaHQgZXhjZWVkcyA3MCUu,,,,,W0tlbm55XQpBcXVpIGVzdMOhLgpPYnNlcnZlIHF1ZSBuw6NvIMOpIHBvc3PDrXZlbCB1c2FyIGl0ZW5zIHNlIG8gcGVzbyBkYSBib2xzYSBleGNlZGVyIDcwJS4=,,W0tlbm55XQpBcXXDrSB0aWVuZXMuClRlbiBlbiBjdWVudGEgcXVlIG5vIHBvZHLDoXMgdXNhciBvYmpldG9zIHNpIGVsIHBlc28gZGUgdHUgYm9sc28gc3VwZXJhIGVsIDcwICUu
wjfQAg,,RmxhcmUgQnVsbGV0cw==,,,,,UHJvasOpdGVpcyBkZSBGb2dv,,QmFsYXMgYmVuZ2FsYS4=
wzfQAg,,TGlnaHRuaW5nIEJ1bGxldHM=,,,,,UHJvasOpdGVpcyBSZWzDom1wYWdv,,QmFsYXMgcmVsw6FtcGFnby4=
xDfQAg,,SWNlIEJ1bGxldHM=,,,,,UHJvasOpdGVpcyBkZSBHZWxv,,QmFsYXMgZGUgaGllbG8u
xTfQAg,,UG9pc29uIEJ1bGxldHM=,,,,,UHJvasOpdGVpcyBWZW5lbm9zb3M=,,QmFsYXMgZW52ZW5lbmFkYXMu
xjfQAg,,QmxpbmRpbmcgQnVsbGV0cw==,,,,,UHJvasOpdGVpcyBDZWdhbnRlcw==,,QmFsYXMgZW5jZWdhZG9yYXMu
xzfQAg,,T2xkIEluY2VuZGlhcnkgR3JlbmFkZQ==,,,,,Q8OhcHN1bGEgZGUgQ2hhbWFzIEFudGlnYQ==,,QW50aWd1YSBncmFuYWRhIGluY2VuZGlhcmlh
yDfQAg,,T2xkIExpZ2h0bmluZyBHcmVuYWRl,,,,,Q8OhcHN1bGEgZGUgUmVsw6JtcGFnb3MgQW50aWdh,,QW50aWd1YSBncmFuYWRhIHJlbMOhbXBhZ28=
yTfQAg,,T2xkIENyeW8gR3JlbmFkZQ==,,,,,Q8OhcHN1bGEgQ29uZ2VsYW50ZSBBbnRpZ2E=,,QW50aWd1YSBjcmlvZ3JhbmFkYQ==
yjfQAg,,T2xkIFBvaXNvbiBHcmVuYWRl,,,,,Q8OhcHN1bGEgVmVuZW5vc2EgQW50aWdh,,QW50aWd1YSBncmFuYWRhIGVudmVuZW5hZGE=
yzfQAg,,T2xkIEZsYXNoIEdyZW5hZGU=,,,,,Q8OhcHN1bGEgQ2VnYW50ZSBBbnRpZ2E=,,QW50aWd1YSBncmFuYWRhIGRlc3RlbGxhbnRl
zDfQAg,,W0tlbm55XQpVaC1vaCwgeW91IGRvbid0IGhhdmUgZW5vdWdoIG1hdGVyaWFscyB0byBleGNoYW5nZSBmb3IgdGhlIGl0ZW1zIHlvdSB3YW50LgpZb3UgbmVlZCBhdCBsZWFzdCAxIF5GRjAwMDB7fV4wMDAwMDAuIEdldCBpdD8gSWYgeW91J3JlIF5GRjAwMDBlcXVpcHBlZF4wMDAwMDAgd2l0aCB0aGVtLCBwbGVhc2UgdW5lcXVpcCB0aGVtIGZpcnN0Lg==,,,,,W0tlbm55XQpFc3NhIG7Do28sIHZvY8OqIG7Do28gdGVtIG1hdGVyaWFpcyBzdWZpY2llbnRlcyBwYXJhIHRyb2NhciBwZWxvcyBpdGVucyBxdWUgZGVzZWphLgpWb2PDqiBwcmVjaXNhIGRlIHBlbG8gbWVub3MgMSBeRkYwMDAwe31eMDAwMDAwLiBFbnRlbmRldT8gU2Ugdm9jw6ogZXN0aXZlciBjb20gbyBpdGVtIF5GRjAwMDBlcXVpcGFkb14wMDAwMDAsIGRlc2VxdWlwZS1vIHByaW1laXJvLg==,,W0tlbm55XQpPaCwgbm8gdGllbmVzIHN1ZmljaWVudGVzIG1hdGVyaWFsZXMgcGFyYSBjYW5qZWFyIHBvciBsb3Mgb2JqZXRvcyBxdWUgcXVpZXJlcy4KTmVjZXNpdGFzIGFsIG1lbm9zIDFeNjYwMDAwe31eMDAwMDAwLiDCv0VudGllbmRlcz8gU2kgbG9zIHRpZW5lcyBeNjYwMDAwZXF1aXBhZG9zXjAwMDAwMCwgZGVzZXF1w61wYWxvcyBwcmltZXJvLg==
zTfQAg,,W0tlbm55XQpZb3UgY2hvc2UgXkZGMDAwMHt9XjAwMDAwMC4KMSBeMzEzMUZGe31eMDAwMDAwIGNhbiBiZSB1c2VkIHRvIG1ha2UgOCBeMzEzMUZGe31eMDAwMDAwLgpIb3cgbWFueSB3b3VsZCB5b3UgbGlrZSB0byBleGNoYW5nZT8=,,,,,W0tlbm55XQpWb2PDqiBlc2NvbGhldSBeRkYwMDAwe31eMDAwMDAwLgoxIF4zMTMxRkZ7fV4wMDAwMDAgcG9kZW0gc2VyIHVzYWRvcyBwYXJhIGZhemVyIDggXjMxMzFGRnt9XjAwMDAwMC4KUXVhbnRvcyB2b2PDqiBnb3N0YXJpYSBkZSB0cm9jYXI/,,W0tlbm55XQpFbGVnaXN0ZSBeNjYwMDAwe31eMDAwMDAwLgpDb24gMV45OTAwMDB7fV4wMDAwMDAsIHNlIHB1ZWRlbiBoYWNlciA4Xjk5MDAwMHt9XjAwMDAwMC4Kwr9DdcOhbnRvcyBxdWllcmVzIGNhbmplYXI/
zjfQAg,,U2x1ZyBCdWxsZXQgTA==,,,,,UHJvasOpdGlsIFBlc2FkbyBM,,QmFsYSBkZSBlc2NvcGV0YSBMLg==
zzfQAg,,U2x1ZyBCdWxsZXQgTQ==,,,,,UHJvasOpdGlsIFBlc2FkbyBN,,QmFsYSBkZSBlc2NvcGV0YSBNLg==
0DfQAg,,U2x1ZyBCdWxsZXQgSA==,,,,,UHJvasOpdGlsIFBlc2FkbyBQ,,QmFsYSBkZSBlc2NvcGV0YSBILg==
0TfQAg,,U2x1ZyBCdWxsZXQgU0g=,,,,,UHJvasOpdGlsIFBlc2FkbyBTUA==,,QmFsYSBkZSBlc2NvcGV0YSBTSC4=
0jfQAg,,U2x1ZyBCdWxsZXQgWEg=,,,,,UHJvasOpdGlsIFBlc2FkbyBFUA==,,QmFsYSBkZSBlc2NvcGV0YSBYSC4=
0zfQAg,,U2x1ZyBCdWxsZXQgTA==,,,,,UHJvasOpdGlsIFBlc2FkbyBM,,QmFsYSBkZSBlc2NvcGV0YSBM
1DfQAg,,U2x1ZyBCdWxsZXRz,,,,,UHJvasOpdGVpcyBQZXNhZG9z,,QmFsYXMgZGUgZXNjb3BldGE=
1TfQAg,,U2x1ZyBCdWxsZXQgTQ==,,,,,UHJvasOpdGlsIFBlc2FkbyBN,,QmFsYSBkZSBlc2NvcGV0YSBN
1jfQAg,,U2x1ZyBCdWxsZXQgSA==,,,,,UHJvasOpdGlsIFBlc2FkbyBQ,,QmFsYSBkZSBlc2NvcGV0YSBI
1zfQAg,,U2x1ZyBCdWxsZXQgU0g=,,,,,UHJvasOpdGlsIFBlc2FkbyBTUA==,,QmFsYSBkZSBlc2NvcGV0YSBTSA==
2DfQAg,,U2x1ZyBCdWxsZXQgWEg=,,,,,UHJvasOpdGlsIFBlc2FkbyBFUA==,,QmFsYSBkZSBlc2NvcGV0YSBYSA==
2TfQAg,,W0tlbm55XQpVaC1vaCwgeW91IGRvbid0IGhhdmUgZW5vdWdoIG1hdGVyaWFscyB0byBleGNoYW5nZSBmb3IgdGhlIGl0ZW1zIHlvdSB3YW50LgpZb3UgbmVlZCBhdCBsZWFzdCB7fSBeRkYwMDAwe31eMDAwMDAwLiBHZXQgaXQ/IElmIHlvdSdyZSBeRkYwMDAwZXF1aXBwZWReMDAwMDAwIHdpdGggdGhlbSwgcGxlYXNlIHVuZXF1aXAgdGhlbSBmaXJzdC4=,,,,,W0tlbm55XQpFc3NhIG7Do28sIHZvY8OqIG7Do28gdGVtIG1hdGVyaWFpcyBzdWZpY2llbnRlcyBwYXJhIHRyb2NhciBwZWxvcyBpdGVucyBxdWUgZGVzZWphLgpWb2PDqiBwcmVjaXNhIGRlIHBlbG8gbWVub3Mge30gXkZGMDAwMHt9XjAwMDAwMC4gRW50ZW5kZXU/IFNlIHZvY8OqIGVzdGl2ZXIgY29tIG8gaXRlbSBeRkYwMDAwZXF1aXBhZG9eMDAwMDAwLCBkZXNlcXVpcGUtbyBwcmltZWlyby4=,,W0tlbm55XQpPaCwgbm8gdGllbmVzIHN1ZmljaWVudGVzIG1hdGVyaWFsZXMgcGFyYSBjYW5qZWFyIHBvciBsb3Mgb2JqZXRvcyBxdWUgcXVpZXJlcy4KTmVjZXNpdGFzIGFsIG1lbm9zIHt9XjY2MDAwMHt9XjAwMDAwMC4gwr9FbnRpZW5kZXM/IFNpIGxvcyB0aWVuZXMgXjY2MDAwMGVxdWlwYWRvc14wMDAwMDAsIGRlc2VxdcOtcGFsb3MgcHJpbWVyby4=
2jfQAg,,W0tlbm55XQpZb3UgY2hvc2UgXkZGMDAwMHt9XjAwMDAwMC4Ke30gXjMxMzFGRnt9XjAwMDAwMCBjYW4gYmUgdXNlZCB0byBtYWtlIDUgXjMxMzFGRnt9XjAwMDAwMC4KSG93IG1hbnkgd291bGQgeW91IGxpa2UgdG8gZXhjaGFuZ2U/,,,,,W0tlbm55XQpWb2PDqiBlc2NvbGhldSBeRkYwMDAwe31eMDAwMDAwLgp7fSBeMzEzMUZGe31eMDAwMDAwIHBvZGVtIHNlciB1c2Fkb3MgcGFyYSBmYXplciA1IF4zMTMxRkZ7fV4wMDAwMDAuClF1YW50b3Mgdm9jw6ogZ29zdGFyaWEgZGUgdHJvY2FyPw==,,W0tlbm55XQpFbGVnaXN0ZSBeNjYwMDAwe31eMDAwMDAwLgpQdWVkZXMgdXNhciB7fV45OTAwMDB7fV4wMDAwMDAgcGFyYSBoYWNlciA1Xjk5MDAwMHt9XjAwMDAwMC4Kwr9DdcOhbnRvcyBxdWllcmVzIGNhbmplYXI/
2zfQAg,,WW91ciB7fTogXjMxMzFGRnt9XjAwMDAwMApFeGNoYW5nZWFibGUgU2x1ZyBCdWxsZXRzOiBeMzEzMUZGe31eMDAwMDAwCkNvbnRpbnVlPw==,,,,,e30gcXVlIHZvY8OqIHBvc3N1aTogXjMxMzFGRnt9XjAwMDAwMApQcm9qw6l0ZWlzIFBlc2Fkb3MgSW50ZXJjYW1iacOhdmVpczogXjMxMzFGRnt9XjAwMDAwMApDb250aW51YXI/,,Q2FudGlkYWQgZGUge306IF45OTAwMDB7fV4wMDAwMDAKQmFsYXMgZGUgZXNjb3BldGEgY2FuamVhYmxlczogXjk5MDAwMHt9XjAwMDAwMArCv0NvbnRpbnVhcj8=
3DfQAg,,W0tlbm55XQpPb3BzLCB5b3UgZG9uJ3QgaGF2ZSB0aGUgbWF0ZXJpYWxzIHRvIHRyYWRlIGZvciB0aGUgZGVzaXJlZCBhbW91bnQgb2YgaXRlbXMsIHBsZWFzZSBjb21lIHByZXBhcmVkLgpZb3UgbmVlZCBhdCBsZWFzdCAxMCBeRkYwMDAwe31eMDAwMDAwLiBHZXQgaXQ/IElmIHlvdSdyZSBeRkYwMDAwZXF1aXBwZWReMDAwMDAwIHdpdGggdGhlbSwgcGxlYXNlIHVuZXF1aXAgdGhlbSBmaXJzdC4=,,,,,W0tlbm55XQpPcGEsIHZvY8OqIG7Do28gdGVtIG9zIG1hdGVyaWFpcyBwYXJhIHRyb2NhciBwZWxhIHF1YW50aWRhZGUgZGVzZWphZGEgZGUgaXRlbnMsIHBvciBmYXZvciwgdmVuaGEgcHJlcGFyYWRvLgpWb2PDqiBwcmVjaXNhIGRlIHBlbG8gbWVub3MgMTAgXkZGMDAwMHt9XjAwMDAwMC4gRW50ZW5kZXU/IFNlIHZvY8OqIGVzdGl2ZXIgXkZGMDAwMGVxdWlwYWRvXjAwMDAwMCBjb20gZWxlcywgZGVzZXF1aXBlLW9zIHByaW1laXJvLg==,,W0tlbm55XQpVcHMsIG5vIHRpZW5lcyBsb3MgbWF0ZXJpYWxlcyBwYXJhIGludGVyY2FtYmlhciBwb3IgZXNhIGNhbnRpZGFkIGRlIG9iamV0b3MuIFByb2N1cmEgdHJhZXIgbG8gbmVjZXNhcmlvLgpOZWNlc2l0YXMgYWwgbWVub3MgMTBeNjYwMDAwe31eMDAwMDAwLiDCv0VudGllbmRlcz8gU2kgbG9zIHRpZW5lcyBeNjYwMDAwZXF1aXBhZG9zXjAwMDAwMCwgZGVzZXF1w61wYWxvcyBwcmltZXJvLg==
3TfQAg,,W0tlbm55XQpZb3UgaGF2ZSBzZWxlY3RlZCBeRkYwMDAwe31eMDAwMDAwLgoxMCBeMzEzMUZGe31eMDAwMDAwIGNhbiBiZSB1c2VkIHRvIG1ha2UgMTUgXjMxMzFGRnt9XjAwMDAwMC4KSG93IG1hbnkgZG8geW91IG5lZWQ/,,,,,W0tlbm55XQpWb2PDqiBzZWxlY2lvbm91IF5GRjAwMDB7fV4wMDAwMDAuCjEwIF4zMTMxRkZ7fV4wMDAwMDAgcG9kZW0gc2VyIHVzYWRvcyBwYXJhIGZhemVyIDE1IF4zMTMxRkZ7fV4wMDAwMDAuCkRlIHF1YW50b3Mgdm9jw6ogcHJlY2lzYT8=,,W0tlbm55XQpTZWxlY2Npb25hc3RlIF42NjAwMDB7fV4wMDAwMDAuCkNvbiAxMF45OTAwMDB7fV4wMDAwMDAsIHNlIHB1ZWRlbiBoYWNlciAxNV45OTAwMDB7fV4wMDAwMDAuCsK/Q3XDoW50YXMgbmVjZXNpdGFzPw==
3jfQAg,,WW91ciBHcmVuYWRlczogXjMxMzFGRnt9XjAwMDAwMApFeGNoYW5nZWFibGUgQnVsbGV0czogXjMxMzFGRnt9XjAwMDAwMApEbyB5b3Ugd2FudCB0byBleGNoYW5nZT8=,,,,,U3VhcyBHcmFuYWRhczogXjMxMzFGRnt9XjAwMDAwMApQcm9qw6l0ZWlzIEludGVyY2FtYmnDoXZlaXM6IF4zMTMxRkZ7fV4wMDAwMDAKRGVzZWphIHRyb2Nhcj8=,,VHVzIGdyYW5hZGFzOiBeOTkwMDAwe31eMDAwMDAwCkJhbGFzIGNhbmplYWJsZXM6IF45OTAwMDB7fV4wMDAwMDAKwr9RdWllcmVzIGhhY2VyIGVsIGNhbmplPw==
3zfQAg,,W0tlbm55XQpPb3BzLCB5b3UgZG9uJ3QgaGF2ZSB0aGUgbWF0ZXJpYWxzIHRvIHRyYWRlIGZvciB0aGUgZGVzaXJlZCBhbW91bnQgb2YgaXRlbXMsIHBsZWFzZSBjb21lIHByZXBhcmVkLgpZb3UgbmVlZCBhdCBsZWFzdCAxMCBeRkYwMDAwe31eMDAwMDAwLiBHZXQgaXQ/IElmIHlvdSdyZSBlcXVpcHBlZCB3aXRoIHRoZW0sIHBsZWFzZSB1bmVxdWlwIHRoZW0gZmlyc3Qu,,,,,W0tlbm55XQpPcGEsIHZvY8OqIG7Do28gdGVtIG9zIG1hdGVyaWFpcyBwYXJhIHRyb2NhciBwZWxhIHF1YW50aWRhZGUgZGVzZWphZGEgZGUgaXRlbnMsIHBvciBmYXZvciwgdmVuaGEgcHJlcGFyYWRvLgpWb2PDqiBwcmVjaXNhIGRlIHBlbG8gbWVub3MgMTAgXkZGMDAwMHt9XjAwMDAwMC4gRW50ZW5kZXU/IFNlIHZvY8OqIGVzdGl2ZXIgZXF1aXBhZG8gY29tIGVsZXMsIGRlc2VxdWlwZS1vcyBwcmltZWlyby4=,,W0tlbm55XQpVcHMsIG5vIHRpZW5lcyBsb3MgbWF0ZXJpYWxlcyBwYXJhIGludGVyY2FtYmlhciBwb3IgZXNhIGNhbnRpZGFkIGRlIG9iamV0b3MuIFByb2N1cmEgdHJhZXIgbG8gbmVjZXNhcmlvLgpOZWNlc2l0YXMgYWwgbWVub3MgMTBeNjYwMDAwe31eMDAwMDAwLiDCv0VudGllbmRlcz8gU2kgbG9zIHRpZW5lcyBlcXVpcGFkb3MsIGRlc2VxdcOtcGFsb3MgcHJpbWVyby4=
4DfQAg,,W0tlbm55XQpPb3BzLCB5b3UgZG9uJ3QgaGF2ZSB0aGUgbWF0ZXJpYWxzIHRvIHRyYWRlIGZvciB0aGUgZGVzaXJlZCBhbW91bnQgb2YgaXRlbXMsIHBsZWFzZSBjb21lIHByZXBhcmVkLgpZb3UgbmVlZCBhdCBsZWFzdCAxIF5GRjAwMDB7fV4wMDAwMDAuIEdldCBpdD8gSWYgeW91J3JlIF5GRjAwMDBlcXVpcHBlZF4wMDAwMDAgd2l0aCB0aGVtLCBwbGVhc2UgdW5lcXVpcCB0aGVtIGZpcnN0Lg==,,,,,W0tlbm55XQpPcGEsIHZvY8OqIG7Do28gdGVtIG9zIG1hdGVyaWFpcyBwYXJhIHRyb2NhciBwZWxhIHF1YW50aWRhZGUgZGVzZWphZGEgZGUgaXRlbnMsIHBvciBmYXZvciwgdmVuaGEgcHJlcGFyYWRvLgpWb2PDqiBwcmVjaXNhIGRlIHBlbG8gbWVub3MgMSBeRkYwMDAwe31eMDAwMDAwLiBFbnRlbmRldT8gU2Ugdm9jw6ogZXN0aXZlciBeRkYwMDAwZXF1aXBhZG9eMDAwMDAwIGNvbSBlbGVzLCBkZXNlcXVpcGUtb3MgcHJpbWVpcm8u,,W0tlbm55XQpVcHMsIG5vIHRpZW5lcyBsb3MgbWF0ZXJpYWxlcyBwYXJhIGludGVyY2FtYmlhciBwb3IgZXNhIGNhbnRpZGFkIGRlIG9iamV0b3MuIFByb2N1cmEgdHJhZXIgbG8gbmVjZXNhcmlvLgpOZWNlc2l0YXMgYWwgbWVub3MgMV42NjAwMDB7fV4wMDAwMDAuIMK/RW50aWVuZGVzPyBTaSBsb3MgdGllbmVzIF42NjAwMDBlcXVpcGFkb3NeMDAwMDAwLCBkZXNlcXXDrXBhbG9zIHByaW1lcm8u
4TfQAg,,W0tlbm55XQpZb3UgaGF2ZSBzZWxlY3RlZCBeRkYwMDAwe31eMDAwMDAwLgoxIF4zMTMxRkZ7fV4wMDAwMDAgY2FuIGJlIHVzZWQgdG8gbWFrZSA4IF4zMTMxRkZ7fV4wMDAwMDAuCkhvdyBtYW55IGRvIHlvdSBuZWVkPw==,,,,,W0tlbm55XQpWb2PDqiBzZWxlY2lvbm91IF5GRjAwMDB7fV4wMDAwMDAuCjEgXjMxMzFGRnt9XjAwMDAwMCBwb2RlIHNlciB1c2FkbyBwYXJhIGZhemVyIDggXjMxMzFGRnt9XjAwMDAwMC4KRGUgcXVhbnRvcyB2b2PDqiBwcmVjaXNhPw==,,W0tlbm55XQpTZWxlY2Npb25hc3RlIF42NjAwMDB7fV4wMDAwMDAuCkNvbiAxXjk5MDAwMHt9XjAwMDAwMCwgc2UgcHVlZGVuIGhhY2VyIDheOTkwMDAwe31eMDAwMDAwLgrCv0N1w6FudGFzIG5lY2VzaXRhcz8=
4jfQAg,,W0tlbm55XQpPb3BzLCB5b3UgZG9uJ3QgaGF2ZSB0aGUgbWF0ZXJpYWxzIHRvIHRyYWRlIGZvciB0aGUgZGVzaXJlZCBhbW91bnQgb2YgaXRlbXMsIHBsZWFzZSBjb21lIHByZXBhcmVkLgpZb3UgbmVlZCBhdCBsZWFzdCB7fSBeRkYwMDAwe31eMDAwMDAwLiBHZXQgaXQ/IElmIHlvdSdyZSBeRkYwMDAwZXF1aXBwZWReMDAwMDAwIHdpdGggdGhlbSwgcGxlYXNlIHVuZXF1aXAgdGhlbSBmaXJzdC4=,,,,,W0tlbm55XQpPcGEsIHZvY8OqIG7Do28gdGVtIG9zIG1hdGVyaWFpcyBwYXJhIHRyb2NhciBwZWxhIHF1YW50aWRhZGUgZGVzZWphZGEgZGUgaXRlbnMsIHBvciBmYXZvciwgdmVuaGEgcHJlcGFyYWRvLgpWb2PDqiBwcmVjaXNhIGRlIHBlbG8gbWVub3Mge31eRkYwMDAwe31eMDAwMDAwLiBFbnRlbmRldT8gU2Ugdm9jw6ogZXN0aXZlciBeRkYwMDAwZXF1aXBhZG9eMDAwMDAwIGNvbSBlbGVzLCBkZXNlcXVpcGUtb3MgcHJpbWVpcm8u,,W0tlbm55XQpVcHMsIG5vIHRpZW5lcyBsb3MgbWF0ZXJpYWxlcyBwYXJhIGludGVyY2FtYmlhciBwb3IgZXNhIGNhbnRpZGFkIGRlIG9iamV0b3MuIFByb2N1cmEgdHJhZXIgbG8gbmVjZXNhcmlvLgpOZWNlc2l0YXMgYWwgbWVub3Mge31eNjYwMDAwe31eMDAwMDAwLiDCv0VudGllbmRlcz8gU2kgbG9zIHRpZW5lcyBeNjYwMDAwZXF1aXBhZG9zXjAwMDAwMCwgZGVzZXF1w61wYWxvcyBwcmltZXJvLg==
4zfQAg,,W0tlbm55XQpZb3UgaGF2ZSBzZWxlY3RlZCBeRkYwMDAwe31eMDAwMDAwLgp7fSBeMzEzMUZGe31eMDAwMDAwIGNhbiBiZSB1c2VkIHRvIG1ha2UgNSBeMzEzMUZGe31eMDAwMDAwLgpIb3cgbWFueSBkbyB5b3UgbmVlZD8=,,,,,W0tlbm55XQpWb2PDqiBzZWxlY2lvbm91IF5GRjAwMDB7fV4wMDAwMDAuCnt9IF4zMTMxRkZ7fV4wMDAwMDAgcG9kZSBzZXIgdXNhZG8gcGFyYSBmYXplciA1IF4zMTMxRkZ7fV4wMDAwMDAuCkRlIHF1YW50b3Mgdm9jw6ogcHJlY2lzYT8=,,W0tlbm55XQpTZWxlY2Npb25hc3RlIF42NjAwMDB7fV4wMDAwMDAuClB1ZWRlcyB1c2FyIHt9Xjk5MDAwMHt9XjAwMDAwMCBwYXJhIGhhY2VyIDVeOTkwMDAwe31eMDAwMDAwLgrCv0N1w6FudGFzIG5lY2VzaXRhcz8=
5DfQAg,,WW91ciB7fTogXjMxMzFGRnt9XjAwMDAwMApFeGNoYW5nZWFibGUgU2x1ZyBCdWxsZXRzOiBeMzEzMUZGe31eMDAwMDAwCkRvIHlvdSB3YW50IHRvIGV4Y2hhbmdlPw==,,,,,e30gcXVlIHZvY8OqIHBvc3N1aTogXjMxMzFGRnt9XjAwMDAwMApQcm9qw6l0ZWlzIFBlc2Fkb3MgSW50ZXJjYW1iacOhdmVpczogXjMxMzFGRnt9XjAwMDAwMApEZXNlamEgdHJvY2FyPw==,,Q2FudGlkYWQgZGUge306IF45OTAwMDB7fV4wMDAwMDAKQmFsYXMgZGUgZXNjb3BldGEgY2FuamVhYmxlczogXjk5MDAwMHt9XjAwMDAwMArCv1F1aWVyZXMgaGFjZXIgZWwgY2FuamU/
5TfQAg,,VmFuZXNzYQ==,,,,,VmFuZXNzYQ==,,VmFuZXNzYQ==
5jfQAg,,W1ZhbmVzc2FdCkhhaCEgVG9oISEKVmFsZSBUdWRvISBDb21iYXQgU2FtYm8hCldyZXN0bGluZyEgTXVheSBUaGFpIQpQYW5rcmF0aW9uISBMdWNoYSBMaWJyZSEKSSdtIGdvaW5nIHRvIG1hc3RlciBhbGwgdGhlIG1hcnRpYWwgYXJ0cwppbiB0aGUgd29ybGQhIQ==,,,,,W1ZhbmVzc2FdCkhhaCEgVG9oISEKVmFsZSBUdWRvISBTYW1iYSBkZSBDb21iYXRlIQpMdXRhIExpdnJlISBNdWF5IFRoYWkhClBhbmNyw6FjaW8hIEx1Y2hhIExpYnJlIQpFdSBkb21pbmFyZWkgdG9kYXMgYXMgYXJ0ZXMgZGUgY29tYmF0ZQpkbyBtdW5kbyEh,,W1ZhbmVzc2FdCsKhSmEhIMKhVG9oIQrCoVZhbGUgdHVkbyEgwqFTYW1ibyBkZSBjb21iYXRlIQrCoUx1Y2hhIG9sw61tcGljYSEgwqFNdWF5IHRoYWkhCsKhUGFuY3JhY2lvISDCoUx1Y2hhIGxpYnJlIQrCoURvbWluYXLDqSB0b2RhcyBsYXMgYXJ0ZXMgbWFyY2lhbGVzCmRlbCBtdW5kbyE=
5zfQAg,,W1ZhbmVzc2FdCkhtbT8KWW91J3JlIGEgR3Vuc2xpbmdlci4KV2h5IGFyZSB5b3Ugc3RhbmRpbmcKc28gY2xvc2UgdG8gbWU/CllvdSdyZSBpbnRlcmZlcmluZyB3aXRoIG15IHRyYWluaW5nLg==,,,,,W1ZhbmVzc2FdCkh1bW0/ClZvY8OqIMOpIHVtIEp1c3RpY2Vpcm8uClBvciBxdWUgZXN0w6EgcGFyYWRvCnTDo28gcGVydG8gZGUgbWltPwpFc3TDoSBpbnRlcmZlcmluZG8gbm8gbWV1IHRyZWluYW1lbnRvLg==,,W1ZhbmVzc2FdCsK/TW1tPwpFcmVzIFBpc3RvbGVyby4Kwr9Qb3IgcXXDqSB0ZSBwYXJhcwp0YW4gY2VyY2EgZGUgbcOtPwpFc3TDoXMgaW50ZXJmaXJpZW5kbyBlbiBtaSBlbnRyZW5hbWllbnRvLg==
6DfQAg,,W3t9XQpPaCwgc29ycnkuIFlvdSBsb29rZWQKc28gYW1hemluZyB0aGUgd2F5IHlvdSB0cmFpbmVkLgouLi4uLi4uLi4uLi4uLi4=,,,,,W3t9XQpPaCwgZGVzY3VscGUuIFZvY8OqIGVzdGF2YQp0cmVpbmFuZG8gZGUgbWFuZWlyYSB0w6NvIGluY3LDrXZlbC4KLi4uLi4uLi4uLi4uLi4u,,W3t9XQpBaCwgbG8gc2llbnRvLiBNZSBndXN0YSBtdWNobwp0dSBmb3JtYSBkZSBlbnRyZW5hci4KLi4uLi4uLi4uLi4uLi4u
6TfQAg,,W1ZhbmVzc2FdCk9vbyEgRG8geW91IGxpa2UgbWFydGlhbCBhcnRzLCB0b28/CkNvbWUgaGVyZS4gSSdsbCB0ZWFjaCB5b3UKaG93IHRvIGRvIGFuIGFybWJhci4=,,,,,W1ZhbmVzc2FdCk9oISBWb2PDqiB0YW1iw6ltIGdvc3RhIGRlIGFydGVzIGRlIGNvbWJhdGU/ClZlbmhhIGPDoS4gRXUgdm91IGxoZSBlbnNpbmFyCmNvbW8gZmF6ZXIgdW1hIGNoYXZlIGRlIGJyYcOnby4=,,W1ZhbmVzc2FdCsKhT2hoISDCv0EgdGkgdGFtYmnDqW4gdGUgZ3VzdGFuIGxhcyBhcnRlcyBtYXJjaWFsZXM/ClZlbiBhcXXDrS4gVGUgZW5zZcOxYXLDqQphIGhhY2VyIHVuYSBwYWxhbmNhLg==
6jfQAg,,W3t9XQpPaCwgbm8sCnRoYW5rIHlvdS4=,,,,,W3t9XQpBaCwgbsOjbywKb2JyaWdhZG8u,,W3t9XQpPaCwgbm8sCmdyYWNpYXMu
6zfQAg,,W1ZhbmVzc2FdCkNvbWUgb24sIGRvbid0IGJlIHNoeS4KQ29tZSBoZXJlIQotIFRvaCEgSGFoIS0=,,,,,W1ZhbmVzc2FdClZhbW9zIGzDoSwgbsOjbyBzZWphIHTDrW1pZG8uClZlbmhhIGPDoSEKLSBUb2ghIEhhaCEt,,W1ZhbmVzc2FdClZhbW9zLCBkZWphIGxhIHRpbWlkZXogZGUgbGFkby4KwqFWZW4gYXF1w60hCi3CoVRvaCEgwqFKYSEt
7DfQAg,,W3t9XQpBcmdoISBXYWghIFBsZWFzZSwgbm8hClVyZ2guLi4gV2FhYWFoISEKR3JycmdnZ2ghCi0gQ1JBQ0shIC0KS3lhYWFhYWshCkJvb2hvbyE=,,,,,W3t9XQpBcmdoISBXYWghIFBvciBmYXZvciwgbsOjbyEKVXJnaC4uLiBXYWFhYWghISEKR3JycmdnZ2ghCi0gQ1JBQ0shIC0KS3lhYWFhYWshCkJvb2hvbyE=,,W3t9XQrCoUF5ISDCoUJ1YSEgwqFObywgcG9yIGZhdm9yIQpVZuKApiDCoUJ1YWFhIQrCoUdycnJyIQotwqFDUkFDIS0KwqFJYWFhYWFhYSEKwqFCdSE=
7TfQAg,,W1ZhbmVzc2FdClVoLW9oLCBkaWQgSSBhcHBseSB0b28gbXVjaCBwcmVzc3VyZT8KTW0uLi4=,,,,,W1ZhbmVzc2FdCkVpdGEsIHNlcsOhIHF1ZSBhcGxpcXVlaSBtdWl0YSBwcmVzc8Ojbz8KSHVtbS4uLg==,,W1ZhbmVzc2FdCk9oLCDCv2hpY2UgZGVtYXNpYWRhIGZ1ZXJ6YT8KTW3igKY=
7jfQAg,,W3t9XQpZZXMsIHlvdSBkaWQhCllvdSBqZXJrISBZb3UncmUgdGVycmlibGUhCkJvb2hvbyE=,,,,,W3t9XQpTaW0sIGFwbGljb3UhClN1YSBpZGlvdGEhIFZvY8OqIMOpIHRlcnLDrXZlbCEKUXVlIGhvcnJvciE=,,W3t9XQrCoVPDrSEKwqFJZGlvdGEhIMKhRXJlcyBob3JyaWJsZSEKwqFCdSE=
7zfQAg,,W1ZhbmVzc2FdCk9oLCBuby4uLgpJJ20gc29ycnkuCkkgbWVhbiBpdC4KUGxlYXNlIGRvbid0IGNyeS4=,,,,,W1ZhbmVzc2FdCkFoLCBuw6NvLi4uCkV1IHNpbnRvIG11aXRvLgpFc3RvdSBmYWxhbmRvIHPDqXJpby4KUG9yIGZhdm9yLCBuw6NvIGNob3JlLg==,,W1ZhbmVzc2FdCkF5LCBub+KApgpMbyBzaWVudG8uCkxvIGRpZ28gZW4gc2VyaW8uClBvciBmYXZvciwgbm8gbGxvcmVzLg==
8DfQAg,,W3t9XQpCb29ob28h,,,,,W3t9XQpCb29ob28h,,W3t9XQrCoUJ1IQ==
8TfQAg,,W1ZhbmVzc2FdClRoZXJlLCB0aGVyZS4=,,,,,W1ZhbmVzc2FdCkNhbG1hLCBjYWxtYS4=,,W1ZhbmVzc2FdCllhLCB5YS4=
8jfQAg,,W1ZhbmVzc2FdClN0b3AgaXQhIEdyciE=,,,,,W1ZhbmVzc2FdClBhcmUgY29tIGlzc28hIEdyciE=,,W1ZhbmVzc2FdCsKhQmFzdGEhIMKhR3JyIQ==
8zfQAg,,W3t9XQouLi4uLi4uLg==,,,,,W3t9XQouLi4uLi4uLg==,,W3t9XQouLi4uLi4uLg==
9DfQAg,,W1ZhbmVzc2FdCkFscmlnaHQsCkknbSBzb3JyeSBJIGh1cnQgeW91LgpJJ2xsIHNwZWNpYWxseSBtYWtlIHlvdQphIHdlYXBvbgppZiB5b3UgYnJpbmcgbWUgc29tZSBtYXRlcmlhbHMu,,,,,W1ZhbmVzc2FdClTDoSBjZXJ0by4KRGVzY3VscGUtbWUgcG9yIHTDqi1sbyBtYWNodWNhZG8uCkZhcmVpIHVtYSBhcm1hIGVzcGVjaWFsbWVudGUKcGFyYSB2b2PDqiBzZSBtZSB0cm91eGVyCmFsZ3VucyBtYXRlcmlhaXMu,,W1ZhbmVzc2FdCk95ZSwKc2llbnRvIGhhYmVydGUgaGVjaG8gZGHDsW8uCkZhYnJpY2Fyw6kgdW4gYXJtYSBlc3BlY2lhbG1lbnRlCnBhcmEgdGkKc2kgbWUgdHJhZXMgYWxndW5vcyBtYXRlcmlhbGVzLg==
9TfQAg,,W1ZhbmVzc2FdCkknbSBWYW5lc3NhIExvdWlzLgpJIHVzZWQgdG8gYmUgYSBwcm9taXNpbmcKbWFydGlhbCBhcnRpc3QsIGJ1dCBvbmUgdGhpbmcgbGVkIHRvIGFub3RoZXIsCmFuZCBJJ20gaGVyZSBtYWtpbmcgd2VhcG9ucyBub3cuCkdhaCwgd2hhdCBhIGxpZmUh,,,,,W1ZhbmVzc2FdCk1ldSBub21lIMOpIFZhbmVzc2EgTG91aXMuCkV1IGNvc3R1bWF2YSBzZXIgdW1hIHByb21pc3NvcmEKYXJ0aXN0YSBtYXJjaWFsLCBtYXMgdW1hIGNvaXNhIGxldm91IGEgb3V0cmEsCmUgYWdvcmEgZXN0b3UgYXF1aSBmYXplbmRvIGFybWFzLgpOb3NzYSwgcXVlIHZpZGEh,,W1ZhbmVzc2FdClNveSBWYW5lc3NhIExvdWlzLgpTb2zDrWEgc2VyIHVuYSBwcm9tZXNhCmRlIGxhcyBhcnRlcyBtYXJjaWFsZXMsIHBlcm8gdW5hIGNvc2EgbGxldsOzIGEgbGEgb3RyYQp5IGFob3JhIGVzdG95IGFxdcOtIGZhYnJpY2FuZG8gYXJtYXMuCsKhUXXDqSB2aWRhIGVzdGEh
9jfQAg,,W1ZhbmVzc2FdCkVub3VnaCB3aXRoIHRoZSBwcmVhbWJsZS4KVGhlIHdlYXBvbiBJIGNhbiBtYWtlIGZvciB5b3UKaXMgY2FsbGVkIERlc3Ryb3llci4=,,,,,W1ZhbmVzc2FdCkNoZWdhIGRlIHByZcOibWJ1bG9zLgpBIGFybWEgcXVlIHBvc3NvIGZhemVyIHBhcmEgdm9jw6oKY2hhbWEtc2UgRGVzdHJ1aWRvcmEu,,W1ZhbmVzc2FdCkVuIGZpbiwgYmFzdGEgZGUgcHJlw6FtYnVsb3MuCkVsIGFybWEgcXVlIHB1ZWRvIGZhYnJpY2FyIHBhcmEgdGkKc2UgbGxhbWEgRGVzdHJ1Y3Rvci4=
9zfQAg,,W1ZhbmVzc2FdCk5hbWVkIGFmdGVyIG15IHdlYXBvbgpJIHVzZSBmb3IgbWFydGlhbCBhcnQgbWF0Y2hlcy4KSGVoIGhlaCBoZWguClRha2UgbXkgRGVzdHJveWVyIQ==,,,,,W1ZhbmVzc2FdCsOJIG8gbm9tZSBkYSBtaW5oYSBhcm1hCnF1ZSB1c28gZW0gbHV0YXMgZGUgYXJ0ZXMgbWFyY2lhaXMuCkhlaCBoZWggaGVoLgpQZWd1ZSBtaW5oYSBEZXN0cnVpZG9yYSE=,,W1ZhbmVzc2FdCkxsZXZhIGVsIG5vbWJyZSBkZWwgYXJtYQpxdWUgdXNvIGVuIGxvcyBjb21iYXRlcyBkZSBhcnRlcyBtYXJjaWFsZXMuCkplLCBqZSwgamUuCsKhVG9tYSBtaSBEZXN0cnVjdG9yIQ==
+DfQAg,,W3t9XQpCb29ob28hIFBsZWFzZSwgc3RvcCE=,,,,,W3t9XQpCb29ob28hIFBvciBmYXZvciwgcGFyZSE=,,W3t9XQrCoUJ1ISDCoUJhc3RhLCBwb3IgZmF2b3Ih
+TfQAg,,W1ZhbmVzc2FdCkFoLCBzb3JyeS4gU29ycnkuClRvIG1ha2UgYSBEZXN0cm95ZXIsCkkgbmVlZCBzb21lIG1hdGVyaWFscy4=,,,,,W1ZhbmVzc2FdCkFoLCBkZXNjdWxwZS4gUGVyZMOjby4KUGFyYSBmYXplciB1bWEgRGVzdHJ1aWRvcmEsCnByZWNpc28gZGUgYWxndW5zIG1hdGVyaWFpcy4=,,W1ZhbmVzc2FdCkFoLCBsbyBzaWVudG8uIExvIHNpZW50by4KUGFyYSBmYWJyaWNhciB1biBEZXN0cnVjdG9yLApuZWNlc2l0byBhbGd1bm9zIG1hdGVyaWFsZXMu
+jfQAg,,W1ZhbmVzc2FdCkFjdHVhbGx5LCBxdWl0ZSBhIGxvdCBvZiBtYXRlcmlhbHMuCllvdSBzaG91bGQgdGhpbmsgY2FyZWZ1bGx5IGJlZm9yZSB5b3Ugc2F5IHllcy4=,,,,,W1ZhbmVzc2FdCk5hIHZlcmRhZGUsIHPDo28gbXVpdG9zIG1hdGVyaWFpcy4KVm9jw6ogZGV2ZSBwZW5zYXIgYmVtIGFudGVzIGRlIGRpemVyIHNpbS4=,,W1ZhbmVzc2FdCkVuIHJlYWxpZGFkLCBuZWNlc2l0byBtdWNob3MgbWF0ZXJpYWxlcy4KUGnDqW5zYWxvIGJpZW4gYW50ZXMgZGUgZGVjaXIgcXVlIHPDrS4=
+zfQAg,,W1ZhbmVzc2FdCkJ1dCBvcHBvcnR1bml0aWVzIGxpa2UgdGhpcwpkb24ndCBjb21lIGV2ZXJ5IGRheS4KV2FudCB0byB0YWtlIGl0Pw==,,,,,W1ZhbmVzc2FdCk1hcyBvcG9ydHVuaWRhZGVzIGNvbW8gZXNzYQpuw6NvIGFwYXJlY2VtIHRvZG9zIG9zIGRpYXMuClF1ZXIgYXByb3ZlaXTDoS1sYT8=,,W1ZhbmVzc2FdCkF1bnF1ZSBvcG9ydHVuaWRhZGVzIGNvbW8gZXN0YQpubyBzZSBwcmVzZW50YW4gdG9kb3MgbG9zIGTDrWFzLgrCv1F1aWVyZXMgaGFjZXJsbz8=
/DfQAg,,TWF5YmUgbGF0ZXIu,,,,,VGFsdmV6IG1haXMgdGFyZGUu,,UXVpesOhcyBtw6FzIHRhcmRlLg==
/TfQAg,,T2theSE=,,,,,TXVpdG8gYmVtIQ==,,wqFCaWVuIQ==
/jfQAg,,W1ZhbmVzc2FdCk1tLCBJIHNlZS4KSXQncyBhIHNoYW1lIHlvdSBkb24ndCB3YW50IHN1Y2ggYSBncmVhdCBvcHBvcnR1bml0eS4KWW91J2xsIHJlZ3JldCBsYXRlci4KT2theSwgdGhlbiBzZWUgeW91IGxhdGVyLgpCeWUh,,,,,W1ZhbmVzc2FdCkVudGVuZG8uCsOJIHVtYSBwZW5hIHF1ZSB2b2PDqiBuw6NvIHF1ZWlyYSB1bWEgb3BvcnR1bmlkYWRlIHTDo28gYm9hLgpWb2PDqiBzZSBhcnJlcGVuZGVyw6EgbWFpcyB0YXJkZS4KQ2VydG8sIGVudMOjbyBhdMOpIGRlcG9pcy4KVGNoYXUh,,W1ZhbmVzc2FdCk1tbSwgeWEgdmVvLgpFcyB1bmEgcGVuYSBxdWUgcmVjaGFjZXMgdW5hIG9wb3J0dW5pZGFkIHRhbiBidWVuYS4KVGUgYXJyZXBlbnRpcsOhcyBlbiBlbCBmdXR1cm8uCkJpZW4sIGVudG9uY2VzLCBoYXN0YSBsdWVnby4KwqFBZGnDs3Mh
/zfQAg,,W1ZhbmVzc2FdCk1tLCBnb29kIQpUbyBtYWtlIGEgRGVzdHJveWVyLApJIG5lZWQgNTAgVXNlZCBJcm9uIFBsYXRlcywKNSBPcmlkZWNvbnMsIGFuZCA3MCBSdXN0eSBTY3Jld3MsCmFuZCAxMDAsMDAwIFplbnkgYXMgYSBzZXJ2aWNlIGZlZS4KTWFrZSBzdXJlIHlvdSBicmluZwp0aGUgYWNjdXJhdGUgYW1vdW50IG9mIG1hdGVyaWFscy4=,,,,,W1ZhbmVzc2FdClF1ZSBib20hClBhcmEgZmF6ZXIgdW1hIERlc3RydWlkb3JhLApwcmVjaXNvIGRlIDUwIFBsYWNhcyBkZSBGZXJybyBVc2FkYXMsCjUgT3JpZGVjb25zIGUgNzAgUGFyYWZ1c29zIEVuZmVycnVqYWRvcywKZSAxMDAuMDAwIFplbnkgY29tbyB0YXhhIGRlIHNlcnZpw6dvLgpWb2PDqiBwcmVjaXNhIHRyYXplcgphIHF1YW50aWRhZGUgZXhhdGEgZGUgbWF0ZXJpYWlzLg==,,W1ZhbmVzc2FdCk1tLCDCoWJpZW4hClBhcmEgZmFicmljYXIgdW4gRGVzdHJ1Y3RvciwKTmVjZXNpdG8gNTAgUGxhY2FzIGRlIGhpZXJybyB1c2FkYXMsCjUgdW5pZGFkZXMgZGUgT3JpZGVjb24geSA3MCBUb3JuaWxsb3Mgb3hpZGFkb3MsCnkgdGFtYmnDqW4gMTAwMDAwIHplbnkgcG9yIGVsIHNlcnZpY2lvLgpBc2Vnw7pyYXRlIGRlIHRyYWVyCmxhIGNhbnRpZGFkIGV4YWN0YSBkZSBtYXRlcmlhbGVzLg==
ADjQAg,,W1ZhbmVzc2FdCllvdXIgYmFnIGlzIGZ1bGwuCkV2ZW4gaWYgSSBtYWtlIHlvdXIgd2VhcG9uLAp5b3UgY2FuJ3QgdGFrZSBpdCB3aXRoIHlvdS4KV2h5IGRvbid0IHlvdSBlbXB0eSB5b3VyIGJhZyBmaXJzdD8=,,,,,W1ZhbmVzc2FdClN1YSBib2xzYSBlc3TDoSBjaGVpYS4KTWVzbW8gcXVlIGV1IGZhw6dhIHN1YSBhcm1hLAp2b2PDqiBuw6NvIHBvZGVyw6EgbGV2w6EtbGEgY29tIHZvY8OqLgpQb3IgcXVlIG7Do28gZXN2YXppYSBzdWEgYm9sc2EgcHJpbWVpcm8/,,W1ZhbmVzc2FdClR1IGJvbHNvIGVzdMOhIGxsZW5vLgpBdW5xdWUgZmFicmlxdWUgdHUgYXJtYSwKbm8gcG9kcsOhcyBsbGV2w6FydGVsYS4Kwr9Qb3IgcXXDqSBubyB2YWPDrWFzIHR1IGJvbHNvIHByaW1lcm8/
ATjQAg,,W1ZhbmVzc2FdCkFscmlnaHQsIGV4Y2VsbGVudCEKWW91J3ZlIGJyb3VnaHQKYWxsIHRoZSBtYXRlcmlhbHMgYW5kIHRoZSBzZXJ2aWNlIGZlZS4KSGVyZSwgdGFrZSB0aGlzIERlc3Ryb3llcgpJJ3ZlIG1hZGUgaW4gYWR2YW5jZS4KRW5qb3kh,,,,,W1ZhbmVzc2FdCk11aXRvIGJlbSwgZXhjZWxlbnRlIQpWb2PDqiB0cm91eGUKdG9kb3Mgb3MgbWF0ZXJpYWlzIGUgYSB0YXhhIGRlIHNlcnZpw6dvLgpBcXVpLCBwZWd1ZSBlc3RhIERlc3RydWlkb3JhCnF1ZSBldSBwcmVwYXJlaSBjb20gYW50ZWNlZMOqbmNpYS4KQXByb3ZlaXRlIQ==,,W1ZhbmVzc2FdCsKhTXV5IGJpZW4sIGV4Y2VsZW50ZSEKVHJhamlzdGUKdG9kb3MgbG9zIG1hdGVyaWFsZXMgeSBlbCBwYWdvIGRlbCBzZXJ2aWNpby4KVG9tYSBlc3RhIERlc3RydWN0b3IKcXVlIHlhIGhpY2UgZGUgYW50ZW1hbm8uCsKhUXVlIGxhIGRpc2ZydXRlcyE=
AjjQAg,,W1ZhbmVzc2FdCkZlZWwgZnJlZSB0byBjb21lIGJhY2sKaWYgeW91IG5lZWQgaXQgYWdhaW4u,,,,,W1ZhbmVzc2FdClNpbnRhLXNlIMOgIHZvbnRhZGUgcGFyYSB2b2x0YXIKc2UgcHJlY2lzYXIgbm92YW1lbnRlLg==,,W1ZhbmVzc2FdCk5vIGR1ZGVzIGVuIHZvbHZlcgpzaSBuZWNlc2l0YXMgYWxnbyBtw6FzLg==
AzjQAg,,SSdkIGxvdmUgdG8gdGVhY2ggeW91CmFub3RoZXIgbWFydGlhbCBhcnQgdGVjaG5pcXVlLg==,,,,,RXUgYWRvcmFyaWEgbGhlIGVuc2luYXIKb3V0cmEgdMOpY25pY2EgZGUgYXJ0ZSBtYXJjaWFsLg==,,TWUgZW5jYW50YXLDrWEgZW5zZcOxYXJ0ZQpvdHJhIHTDqWNuaWNhIGRlIGFydGVzIG1hcmNpYWxlcy4=
BDjQAg,,W1ZhbmVzc2FdCllvdSd2ZSBnb3QgYWxsIHRoZSBtYXRlcmlhbHMgYW5kIG1vbmV5LApidXQgbm90IGVub3VnaCBmcmVlIHNwYWNlIGluIHlvdXIgYmFnCmZvciB5b3VyIG5ldyB3ZWFwb24uCldoeSBkb24ndCB5b3UgZW1wdHkgeW91ciBiYWcgZmlyc3Q/,,,,,W1ZhbmVzc2FdClZvY8OqIHRlbSB0b2RvcyBvcyBtYXRlcmlhaXMgZSBvIGRpbmhlaXJvLAptYXMgbsOjbyB0ZW0gZXNwYcOnbyBsaXZyZSBzdWZpY2llbnRlIGVtIHN1YSBib2xzYQpwYXJhIHN1YSBub3ZhIGFybWEuClBvciBxdWUgbsOjbyBlc3ZhemlhIHN1YSBib2xzYSBwcmltZWlybz8=,,W1ZhbmVzc2FdClRpZW5lcyB0b2RvcyBsb3MgbWF0ZXJpYWxlcyB5IGVsIGRpbmVybywKcGVybyBubyBoYXkgc3VmaWNpZW50ZSBlc3BhY2lvIGxpYnJlIGVuIHR1IGJvbHNvCnBhcmEgdHUgbnVldmEgYXJtYS4Kwr9Qb3IgcXXDqSBubyB2YWPDrWFzIHR1IGJvbHNvIHByaW1lcm8/
BTjQAg,,W1ZhbmVzc2FdCllvdSd2ZSBnb3QgYWxsIHRoZSBtYXRlcmlhbHMsCmJ1dCBub3QgdGhlIHNlcnZpY2UgZmVlLCB3aGljaCBpcyAxMDAsMDAwIFplbnkuClBsZWFzZSBoYXZlIGl0IHJlYWR5Lg==,,,,,W1ZhbmVzc2FdClZvY8OqIHRlbSB0b2RvcyBvcyBtYXRlcmlhaXMsCm1hcyBuw6NvIGEgdGF4YSBkZSBzZXJ2acOnbywgcXVlIMOpIGRlIDEwMC4wMDAgWmVueS4KUG9yIGZhdm9yLCB2b2x0ZSBjb20gZWxhLg==,,W1ZhbmVzc2FdClRpZW5lcyB0b2RvcyBsb3MgbWF0ZXJpYWxlcywKcGVybyBubyBlbCBwYWdvIGRlbCBzZXJ2aWNpbywgcXVlIGVzIGRlIDEwMDAwMCB6ZW55LgpQcm9jdXJhIHRlbmVybG8gbGlzdG8u
BjjQAg,,W1ZhbmVzc2FdCk1tLCBJIG5lZWQgNTAgVXNlZCBJcm9uIFBsYXRlcywKNSBPcmlkZWNvbnMsIGFuZCA3MCBSdXN0eSBTY3Jld3MsCmFuZCAxMDAsMDAwIFplbnkgYXMgYSBzZXJ2aWNlIGZlZS4KUGxlYXNlIG1ha2Ugc3VyZSB0byBicmluZwp0aGUgYWNjdXJhdGUgYW1vdW50cy4=,,,,,W1ZhbmVzc2FdCkh1bSwgcHJlY2lzbyBkZSA1MCBQbGFjYXMgZGUgRmVycm8gVXNhZGFzLAo1IE9yaWRlY29ucyBlIDcwIFBhcmFmdXNvcyBFbmZlcnJ1amFkb3MsCmUgMTAwLjAwMCBaZW55IGNvbW8gdGF4YSBkZSBzZXJ2acOnby4KVm9jw6ogcHJlY2lzYSB0cmF6ZXIKYSBxdWFudGlkYWRlIGV4YXRhIGRlIG1hdGVyaWFpcy4=,,W1ZhbmVzc2FdCk1tbSwgbmVjZXNpdG8gNTAgUGxhY2FzIGRlIGhpZXJybyB1c2FkYXMsCjUgdW5pZGFkZXMgZGUgT3JpZGVjb24geSA3MCBUb3JuaWxsb3Mgb3hpZGFkb3MsCnkgdGFtYmnDqW4gMTAwMDAwIHplbnkgcG9yIGVsIHNlcnZpY2lvLgpBc2Vnw7pyYXRlIGRlIHRyYWVyCmxhcyBjYW50aWRhZGVzIGV4YWN0YXMu
BzjQAg,,W1ZhbmVzc2FdCkFoLCB3ZWxjb21lIGJhY2shCkhvdyBoYXZlIHlvdSBiZWVuPwpJJ3ZlIGJyb3VnaHQgaW4gc29tZSBuZXcgcHJvZHVjdHMuCkhlcmUsIHRha2UgYSBsb29rLg==,,,,,W1ZhbmVzc2FdCkFoLCBib2FzLXZpbmRhcyBub3ZhbWVudGUhCkNvbW8gdm9jw6ogdGVtIHBhc3NhZG8/CkV1IHRyb3V4ZSBhbGd1bnMgcHJvZHV0b3Mgbm92b3MuCkFxdWksIGTDqiB1bWEgb2xoYWRhLg==,,W1ZhbmVzc2FdCsKhQWgsIGhvbGEgZGUgbnVldm8hCsK/Q8OzbW8gaGFzIGVzdGFkbz8KVHJhamUgYWxndW5vcyBwcm9kdWN0b3MgbnVldm9zLgpWZW4sIGVjaGEgdW4gdmlzdGF6by4=
CDjQAg,,RGVzdHJveWVy,,,,,RGVzdHJ1aWRvcmE=,,RGVzdHJ1Y3Rvci4=
CTjQAg,,U2xvdHRlZGVkIERlc3Ryb3llcg==,,,,,RGVzdHJ1aWRvcmEgY29tIFNsb3Q=,,RGVzdHJ1Y3RvciBjb24gcmFudXJhcy4=
CjjQAg,,W1ZhbmVzc2FdCk1tLCBnb29kIQpBIG5vcm1hbCBEZXN0cm95ZXIsIGdvdCBpdC4KSSBuZWVkIDUwIFVzZWQgSXJvbiBQbGF0ZXMsCjUgT3JpZGVjb25zLCBhbmQgNzAgUnVzdHkgU2NyZXdzLAphbmQgMTAwLDAwMCBaZW55IGFzIGEgc2VydmljZSBmZWUuCk1ha2Ugc3VyZSB0byBicmluZyB0aGUgYWNjdXJhdGUgYW1vdW50cy4KRG8geW91IHJlYWxseSB3YW50IGl0Pw==,,,,,W1ZhbmVzc2FdCkh1bSBib20uClVtYSBEZXN0cnVpZG9yYSBub3JtYWwsIGVudGVuZGkuCnByZWNpc28gZGUgNTAgUGxhY2FzIGRlIEZlcnJvIFVzYWRhcywKNSBPcmlkZWNvbnMgZSA3MCBQYXJhZnVzb3MgRW5mZXJydWphZG9zLAplIDEwMC4wMDAgWmVueSBjb21vIHRheGEgZGUgc2VydmnDp28uClZvY8OqIHByZWNpc2EgdHJhemVyIGEgcXVhbnRpZGFkZSBleGF0YS4KVm9jw6ogcmVhbG1lbnRlIHF1ZXI/,,W1ZhbmVzc2FdCk1tLCDCoWJpZW4hClVuIERlc3RydWN0b3Igbm9ybWFsLCBlbnRlbmRpZG8uCk5lY2VzaXRvIDUwIFBsYWNhcyBkZSBoaWVycm8gdXNhZGFzLAo1IHVuaWRhZGVzIGRlIE9yaWRlY29uIHkgNzAgVG9ybmlsbG9zIG94aWRhZG9zLAp5IHRhbWJpw6luIDEwMDAwMCB6ZW55IHBvciBlbCBzZXJ2aWNpby4KQXNlZ8O6cmF0ZSBkZSB0cmFlciBsYXMgY2FudGlkYWRlcyBleGFjdGFzLgrCv0RlIHZlcmRhZCBsbyBxdWllcmVzPw==
CzjQAg,,WWVzLCBwbGVhc2Uh,,,,,U2ltLCBwb3IgZmF2b3Ih,,U8OtLCBwb3IgZmF2b3Iu
DDjQAg,,W1ZhbmVzc2FdCk9oLCBjb21lIG9uLiBZb3UndmUgZG9uZSB0aGlzIGJlZm9yZS4KV2hhdCBkbyB5b3UgbmVlZCB0byB0aGluayBhYm91dD8KV2VsbCwgaWYgdGhlcmUgaXMsCnRha2UgeW91ciB0aW1lLg==,,,,,W1ZhbmVzc2FdCkFoLCB2YW1vcyBsw6EuIFZvY8OqIGrDoSBmZXogaXNzbyBhbnRlcy4KTm8gcXVlIHByZWNpc2EgcGVuc2FyPwpCZW0sIHNlIHByZWNpc2FyLApuw6NvIHRlbmhhIHByZXNzYS4=,,W1ZhbmVzc2FdCk9oLCB2YW1vcy4gWWEgaGljaXN0ZSBlc3RvIGFudGVzLgrCv1F1w6kgdGFudG8gdGllbmVzIHF1ZSBwZW5zYXI/CkJ1ZW5vLCBlbiBjdWFscXVpZXIgY2FzbywKdMOzbWF0ZSB0dSB0aWVtcG8u
DTjQAg,,W1ZhbmVzc2FdCkZlZWwgZnJlZSB0byBjb21lIGJhY2sKaWYgeW91IG5lZWQgaXQgYWdhaW4uCkknZCBsb3ZlIHRvIHRlYWNoIHlvdQphbm90aGVyIG1hcnRpYWwgYXJ0IHRlY2huaXF1ZS4=,,,,,W1ZhbmVzc2FdClNpbnRhLXNlIMOgIHZvbnRhZGUgcGFyYSB2b2x0YXIKc2UgcHJlY2lzYXIgbm92YW1lbnRlLgpFdSBhZG9yYXJpYSBsaGUgZW5zaW5hcgpvdXRyYSB0w6ljbmljYSBkZSBhcnRlIG1hcmNpYWwu,,W1ZhbmVzc2FdCk5vIGR1ZGVzIGVuIHZvbHZlcgpzaSBuZWNlc2l0YXMgYWxnbyBtw6FzLgpNZSBlbmNhbnRhcsOtYSBlbnNlw7FhcnRlCm90cmEgdMOpY25pY2EgZGUgYXJ0ZXMgbWFyY2lhbGVzLg==
DjjQAg,,W1ZhbmVzc2FdCk9vbywgYSBzbG90dGVkIERlc3Ryb3llciEKVW5saWtlIHRoZSBub3JtYWwgRGVzdHJveWVyLAp5b3UgZG9uJ3QgaGF2ZSB0byBjb2xsZWN0IG1hdGVyaWFscyBvciBwYXkgbWUgbW9uZXkgZm9yIHRoaXMgb25lLgpJbnN0ZWFkLCBicmluZyBtZSBzb21ldGhpbmcgSSBjb2xsZWN0LgpJJ2xsIHRyYWRlIGEgc2xvdHRlZCBEZXN0cm95ZXIgZm9yIGl0Lg==,,,,,W1ZhbmVzc2FdCk9vbywgdW1hIERlc3RydWlkb3JhIGNvbSBTbG90IQpBbyBjb250csOhcmlvIGRhIERlc3RydWlkb3JhIG5vcm1hbCwKdm9jw6ogbsOjbyBwcmVjaXNhIGNvbGV0YXIgbWF0ZXJpYWlzIG91IG1lIHBhZ2FyIHBvciBlbGEuCkVtIHZleiBkaXNzbywgdHJhZ2EtbWUgYWxnbyBxdWUgZXUgY29sZWNpb25vLAplIGV1IGxoZSBkYXJlaSB1bWEgRGVzdHJ1aWRvcmEgY29tIFNsb3Qu,,W1ZhbmVzc2FdCsKhT2gsIHVuIERlc3RydWN0b3IgY29uIHJhbnVyYXMhCkEgZGlmZXJlbmNpYSBkZWwgRGVzdHJ1Y3RvciBub3JtYWwsCm5vIHRpZW5lcyBxdWUgcmVjb2xlY3RhciBtYXRlcmlhbGVzIG5pIHBhZ2FybWUgZGluZXJvIHBvciBlc3RlLgpFbiBsdWdhciBkZSBlc28sIHRyw6FlbWUgYWxnbyBxdWUgeW8gcmVjb2xlY3RlLgpUZSBjYW5qZWFyw6kgdW4gRGVzdHJ1Y3RvciBjb24gcmFudXJhcyBwb3IgZXNvLg==
DzjQAg,,W1ZhbmVzc2FdCkkgd2FudCAxIEZpbmdlciAoMiBzbG90cykKYW5kIDUgT3JpZGVjb25zLgpNYWtlIHN1cmUgdG8gYnJpbmcgdGhlIGFjY3VyYXRlIGFtb3VudHMuCkRvIHlvdSByZWFsbHkgd2FudCBpdD8=,,,,,W1ZhbmVzc2FdClF1ZXJvIDEgRGVkb3MgQWZpYWRvcyAoMiBTbG90cykKZSA1IE9yaWRlY29ucy4KVHJhZ2EgYXMgcXVhbnRpZGFkZXMgZXhhdGFzLgpWb2PDqiByZWFsbWVudGUgcXVlcj8=,,W1ZhbmVzc2FdClF1aWVybyAxIERlZG8gKDIgcmFudXJhcykKeSA1IHVuaWRhZGVzIGRlIE9yaWRlY29uLgpBc2Vnw7pyYXRlIGRlIHRyYWVyIGxhcyBjYW50aWRhZGVzIGV4YWN0YXMuCsK/RGUgdmVyZGFkIGxvIHF1aWVyZXM/
EDjQAg,,W1ZhbmVzc2FdCk1tLCBJIHdhbnQgMiBGaW5nZXIgKDIgc2xvdHMpCmFuZCA1IE9yaWRlY29ucy4KTWFrZSBzdXJlIHRvIGJyaW5nIHRoZSBhY2N1cmF0ZSBhbW91bnRzLg==,,,,,W1ZhbmVzc2FdClF1ZXJvIDIgRGVkb3MgQWZpYWRvcyAoMiBTbG90cykKZSA1IE9yaWRlY29ucy4KVHJhZ2EgYXMgcXVhbnRpZGFkZXMgZXhhdGFzLg==,,W1ZhbmVzc2FdCk1tbSwgcXVpZXJvIDIgRGVkb3MgKDIgcmFudXJhcykKeSA1IHVuaWRhZGVzIGRlIE9yaWRlY29uLgpBc2Vnw7pyYXRlIGRlIHRyYWVyIGxhcyBjYW50aWRhZGVzIGV4YWN0YXMu
ETjQAg,,W1ZhbmVzc2FdCk5vIHByb2JsZW0uClRha2UgeW91ciB0aW1lIHRvIGxvb2sgYXJvdW5kLgpJZiB5b3UgaGF2ZSB0aW1lLCBob3cgYWJvdXQgYSBmcmllbmRseSBtYXRjaCB3aXRoIG1lPw==,,,,,W1ZhbmVzc2FdCk7Do28gdGVtIHByb2JsZW1hLgpEw6ogdW1hIG9saGFkYSBjb20gY2FsbWEuClNlIHZvY8OqIHRpdmVyIHRlbXBvLCBxdWUgdGFsIHVtYSBsdXRhIGFtaXN0b3NhIGNvbWlnbz8=,,W1ZhbmVzc2FdCk5vIGhheSBwcm9ibGVtYS4KVMOzbWF0ZSB0dSB0aWVtcG8gcGFyYSBtaXJhci4KU2kgdGllbmVzIHRpZW1wbywgwr9xdcOpIHRhbCB1biBwYXJ0aWRvIGFtaXN0b3NvIGNvbm1pZ28/
EjjQAg,,W1ZhbmVzc2FdCkhhaCEgVG9oISEKVmFsZSBUdWRvISBDb21iYXQgU2FtYm8hCldyZXN0bGluZyFNdWF5IFRoYWkhClBhbmtyYXRpb24hTHVjaGEgTGlicmUhCkknbSBnb2luZyB0byBtYXN0ZXIgYWxsIHRoZSBtYXJ0aWFsIGFydHMKaW4gdGhlIHdvcmxkISE=,,,,,W1ZhbmVzc2FdCkhhaCEgVG9oISEKVmFsZSBUdWRvISBTYW1iYSBkZSBDb21iYXRlIQpMdXRhIExpdnJlISBNdWF5IFRoYWkhClBhbmNyw6FjaW8hIEx1Y2hhIExpYnJlIQpFdSBkb21pbmFyZWkgdG9kYXMgYXMgYXJ0ZXMgZGUgY29tYmF0ZQpkbyBtdW5kbyEh,,W1ZhbmVzc2FdCsKhSmEhIMKhVG9oIQrCoVZhbGUgdHVkbyEgwqFTYW1ibyBkZSBjb21iYXRlIQrCoUx1Y2hhIG9sw61tcGljYSEgwqFNdWF5IHRoYWkhCsKhUGFuY3JhY2lvISDCoUx1Y2hhIGxpYnJlIQrCoURvbWluYXLDqSB0b2RhcyBsYXMgYXJ0ZXMgbWFyY2lhbGVzCmRlbCBtdW5kbyE=
EzjQAg,,W1ZhbmVzc2FdCk1tPwpXaGF0PyBZb3UncmUgaW50ZXJmZXJpbmcgd2l0aCBteSB0cmFpbmluZy4KR2V0IG91dCBvZiBteSB3YXkh,,,,,W1ZhbmVzc2FdCkh1bT8KTyBxdWUgZm9pPyBWb2PDqiBlc3TDoSBpbnRlcmZlcmluZG8gbm8gbWV1IHRyZWluYW1lbnRvLgpTYWlhIGRvIG1ldSBjYW1pbmhvIQ==,,W1ZhbmVzc2FdCsK/TW1tPwrCv1F1w6k/IEVzdMOhcyBpbnRlcmZpcmllbmRvIGVuIG1pIGVudHJlbmFtaWVudG8uCsKhRnVlcmEgZGUgbWkgY2FtaW5vIQ==
FDjQAg,,SW5ncmlk,,,,,SW5ncmlk,,SW5ncmlk
FTjQAg,,W0luZ3JpZF0KSGVsbG8uCk15IG5hbWUgaXMgSW5ncmlkLAphbmQgSSd2ZSBiZWVuIG5ld2x5IGNoYXJnZWQgd2l0aApHdW5zbGluZ2VyIHdlYXBvbnNtaXRoaW5nIGR1dHkuCk5pY2UgdG8gbWVldCB5b3Uh,,,,,W0luZ3JpZF0KT2zDoS4KTWV1IG5vbWUgw6kgSW5ncmlkLAplIGZ1aSByZWNlbnRlbWVudGUgZW5jYXJyZWdhZGEKY29tbyBhcm1laXJhIGRvcyBKdXN0aWNlaXJvcy4KUHJhemVyIGVtIGNvbmhlY8OqLWxvIQ==,,W0luZ3JpZF0KSG9sYS4KTWUgbGxhbW8gSW5ncmlkCnkgbWUgYWNhYmFuIGRlIGFzaWduYXIKbGEgdGFyZWEgZGUgZm9yamFyIGFybWFzIHBhcmEgbG9zIFBpc3RvbGVyb3MuCsKhVW4gcGxhY2VyIGNvbm9jZXJ0ZSE=
FjjQAg,,W0luZ3JpZF0KSSdtIHN0aWxsIG5ldyB0byB0aGlzIGpvYi4KSSBkb24ndCBoYXZlCm11Y2gga25vd2xlZGdlIG9yIGV4cGVyaWVuY2UsCmJ1dCBJJ2xsIGRvIG15IGJlc3QgdG8gYXNzaXN0IHlvdS4=,,,,,W0luZ3JpZF0KQWluZGEgc291IG5vdmEgbmVzc2UgdHJhYmFsaG8uCk7Do28gdGVuaG8KbXVpdG8gY29uaGVjaW1lbnRvIG91IGV4cGVyacOqbmNpYSwKbWFzIGZhcmVpIG8gcG9zc8OtdmVsIHBhcmEgYWp1ZMOhLWxvLg==,,W0luZ3JpZF0KQcO6biBzb3kgbnVldmEgZW4gZXN0ZSB0cmFiYWpvLgpObyB0ZW5nbwptdWNob3MgY29ub2NpbWllbnRvcyBvIGV4cGVyaWVuY2lhLApwZXJvIGhhcsOpIGxvIHF1ZSBwdWVkYSBwYXJhIGF5dWRhcnRlLg==
FzjQAg,,W0luZ3JpZF0KQWgsIEknbSBuZXJ2b3VzLgpGaXJzdCwgSSBjYW4gbWFrZQphIHdlYXBvbiBjYWxsZWQKSW5mZXJubyBmb3IgeW91Lg==,,,,,W0luZ3JpZF0KQWgsIGVzdG91IG5lcnZvc2EuClByaW1laXJvLCBldSBwb3NzbyBmYXplcgp1bWEgYXJtYSBjaGFtYWRhCkluZmVybm8gcGFyYSB2b2PDqi4=,,W0luZ3JpZF0KQXksIGVzdG95IG5lcnZpb3NhLgpFbiBwcmltZXIgbHVnYXIsIHB1ZWRvIGZhYnJpY2FyCnVuIGFybWEgbGxhbWFkYQpJbmZpZXJubyBwYXJhIHRpLg==
GDjQAg,,W0luZ3JpZF0KSW5mZXJubyBpcyBieSBmYXIKdGhlIG1vc3QgcG93ZXJmdWwgd2VhcG9uCmRldmVsb3BlZCByaWdodCBoZXJlCmF0IHRoZSBHdW5zbGluZ2VyIEd1aWxkIGxhYi4=,,,,,W0luZ3JpZF0KSW5mZXJubyDDqSwgZGUgbG9uZ2UsCmEgYXJtYSBtYWlzIHBvZGVyb3NhCmRlc2Vudm9sdmlkYSBhcXVpIG1lc21vCm5vIGxhYm9yYXTDs3JpbyBkYSBHdWlsZGEgZG9zIEp1c3RpY2Vpcm9zLg==,,W0luZ3JpZF0KSW5maWVybm8gZXMsIHBvciBsZWpvcywKZWwgYXJtYSBtw6FzIHBvZGVyb3NhCnF1ZSBkZXNhcnJvbGxhbW9zIGFxdcOtLAplbiBlbCBsYWJvcmF0b3JpbyBkZWwgZ3JlbWlvIGRlIFBpc3RvbGVyb3Mu
GTjQAg,,W0luZ3JpZF0KSXQgYm9hc3RzIGRlc3RydWN0aXZlIGZpcmVwb3dlciwKYW5kIGFuIGluY3JlZGlibGUgcmFuZ2UuCkl0cyBlcmdvbm9taWMgZGVzaWduIHByb3ZpZGVzCmEgc3VwZXJiIGdyaXAgYW5kIG1pbmltaXplcwpyZWNvaWwuIEluIG90aGVyIHdvcmRzLCBJdCdzIHRoZSBlc3NlbmNlIG9mCkd1bnNsaW5nZXIgZ3VubmVyeSB0ZWNobm9sb2d5IQpIdWZmLCBodWZmLi4u,,,,,W0luZ3JpZF0KRWxhIHBvc3N1aSB1bSBwb2RlciBkZSBmb2dvIGRlc3RydXRpdm8KZSB1bSBhbGNhbmNlIGluY3LDrXZlbC4KU2V1IGRlc2lnbiBlcmdvbsO0bWljbyBwcm9wb3JjaW9uYQp1bWEgZXhjZWxlbnRlIGVtcHVuaGFkdXJhIGUgbWluaW1pemEKbyByZWN1by4gRW0gb3V0cmFzIHBhbGF2cmFzLCDDqSBhIGVzc8OqbmNpYSBkYQp0ZWNub2xvZ2lhIGRlIGFydGlsaGFyaWEgZG9zIEp1c3RpY2Vpcm9zIQpIdWZmLCBodWZmLi4u,,W0luZ3JpZF0KVGllbmUgdW5hIHBvdGVuY2lhIGRlIGZ1ZWdvIGRlc3RydWN0aXZhCnkgdW4gYWxjYW5jZSBpbmNyZcOtYmxlLgpTdSBkaXNlw7FvIGVyZ29uw7NtaWNvIHByb3BvcmNpb25hCnVuIG1hZ27DrWZpY28gYWdhcnJlIHkgcmVkdWNlIGFsIG3DrW5pbW8KZWwgcmV0cm9jZXNvLiBFbiBvdHJhcyBwYWxhYnJhcywgZXMgbGEgZXNlbmNpYSBkZQpsYSB0ZWNub2xvZ8OtYSBhcnRpbGxlcmEgZGUgbG9zIFBpc3RvbGVyb3MuClVmZiwgdWZm4oCm
GjjQAg,,W3t9XQpZb3Uga25vdyBhIGxvdCBhYm91dCBpdC4KLi4uLi4u,,,,,W3t9XQpWb2PDqiBzYWJlIG11aXRvIHNvYnJlIGlzc28uCi4uLi4uLg==,,W3t9XQpTYWJlcyBtdWNobyBzb2JyZSBlc3RvLgouLi4uLi4=
GzjQAg,,W0luZ3JpZF0KQWgsIG9mIGNvdXJzZS4KSSBkZXNpZ25lZAp0aGlzIHdlYXBvbi4=,,,,,W0luZ3JpZF0KQWgsIMOpIGNsYXJvLgpFdSBwcm9qZXRlaQplc3NhIGFybWEu,,W0luZ3JpZF0KU8OtLCBjbGFyby4KWW8gZGlzZcOxw6kKZXN0YSBhcm1hLg==
HDjQAg,,W3t9XQpXaG9hISBUaGF0J3MgZXhjZWxsZW50IQ==,,,,,W3t9XQpVYXUhIElzc28gw6kgZXhjZWxlbnRlIQ==,,W3t9XQrCoVZheWEhIMKhRXNvIGVzIGV4Y2VsZW50ZSE=
HTjQAg,,W0luZ3JpZF0KT29wcy4KSSBkaWRuJ3QgbWVhbiB0bwpicmFnIGFib3V0IG15c2VsZi4KQ29tcGFyZWQgdG8KRG9jdG9yIFNlbGVuYSwKSSdtIG5vdGhpbmcu,,,,,W0luZ3JpZF0KT3BzLgpFdSBuw6NvIHF1ZXJpYQptZSBnYWJhci4KRW0gY29tcGFyYcOnw6NvIMOgCkRvdXRvcmEgU2VsZW5hLApldSBuw6NvIHNvdSBuYWRhLg==,,W0luZ3JpZF0KVXkuCk5vIGVyYSBtaSBpbnRlbmNpw7NuCnByZXN1bWlyLgpFbiBjb21wYXJhY2nDs24gY29uCmxhIGRvY3RvcmEgU2VsZW5hLApzb3kgbXV5IGluZmVyaW9yLg==
HjjQAg,,W0luZ3JpZF0KSSBvbmNlIGFzcGlyZWQgdG8KYmVjb21lIGEgR3Vuc2xpbmdlciwKYnV0IG15IHBoeXNpY2FsIGluZmVyaW9yaXR5IGFuZCBsYWNrIG9mIHdpbGxwb3dlcgpnb3QgaW4gdGhlIHdheS4=,,,,,W0luZ3JpZF0KRXUgasOhIHRpdmUgYSBhbWJpw6fDo28gZGUKbWUgdG9ybmFyIHVtYSBKdXN0aWNlaXJvLAptYXMgbWluaGEgaW5mZXJpb3JpZGFkZSBmw61zaWNhCmUgZmFsdGEgZGUgZm9yw6dhIGRlIHZvbnRhZGUgYXRyYXBhbGhhcmFtLg==,,W0luZ3JpZF0KQWxndW5hIHZleiwgYXNwaXLDqSBhCnVuaXJtZSBhIGxvcyBQaXN0b2xlcm9zLApwZXJvIG1pIGluZmVyaW9yaWRhZCBmw61zaWNhIHkgbWkgcG9jYSBmdWVyemEgZGUgdm9sdW50YWQKc2UgaW50ZXJwdXNpZXJvbiBlbiBlbCBjYW1pbm8u
HzjQAg,,W0luZ3JpZF0KRm9ydHVuYXRlbHkgZm9yIG1lLCBkdXJpbmcgbXkgdGVzdCwKRG9jdG9yIFNlbGVuYQpkaXNjb3ZlcmVkIG15IHRydWUgdGFsZW50LgpTaGUgbGV0IG1lIHdvcmsKYXMgYSByZXNlYXJjaGVyCmluIHRoZSBEZXZlbG9wbWVudCBhbmQgU2FsZXMgZGVwYXJ0bWVudCBsaWtlIHRoaXMu,,,,,W0luZ3JpZF0KRmVsaXptZW50ZSBwYXJhIG1pbSwgZHVyYW50ZSBtZXUgdGVzdGUsCmEgRG91dG9yYSBTZWxlbmEKZGVzY29icml1IG1ldSB2ZXJkYWRlaXJvIHRhbGVudG8uCkVsYSBtZSBkZWl4b3UgdHJhYmFsaGFyCmNvbW8gcGVzcXVpc2Fkb3JhCm5vIGRlcGFydGFtZW50byBkZSBEZXNlbnZvbHZpbWVudG8gZSBWZW5kYXMu,,W0luZ3JpZF0KUG9yIHN1ZXJ0ZSBwYXJhIG3DrSwgZHVyYW50ZSBtaSBwcnVlYmEsCmxhIGRvY3RvcmEgU2VsZW5hCmRlc2N1YnJpw7MgbWkgdmVyZGFkZXJvIHRhbGVudG8uCk1lIHBlcm1pdGnDsyB0cmFiYWphcgpjb21vIGludmVzdGlnYWRvcmEKZW4gZWwgRGVwYXJ0YW1lbnRvIGRlIERlc2Fycm9sbG8geSBWZW50YXMu
IDjQAg,,W0luZ3JpZF0KSSBjb3VsZG4ndCBiZWNvbWUgYSBHdW5zbGluZ2VyLApidXQgbXkgYnJvdGhlciwKd2hvIHRvb2sgdGhlIHRlc3Qgd2l0aCBtZSwKZGlkLg==,,,,,W0luZ3JpZF0KTsOjbyBjb25zZWd1aSBtZSB0b3JuYXIgdW1hIEp1c3RpY2Vpcm8sCm1hcyBtZXUgaXJtw6NvLApxdWUgZmV6IG8gdGVzdGUgY29taWdvLApjb25zZWd1aXUu,,W0luZ3JpZF0KTm8gcHVkZSB1bmlybWUgYSBsb3MgUGlzdG9sZXJvcywKcGVybyBtaSBoZXJtYW5vLApxdWUgaGl6byBsYSBwcnVlYmEgY29ubWlnbywKc8OtIGxvIGxvZ3LDsy4=
ITjQAg,,W0luZ3JpZF0KSSdtIGdsYWQgYXQgbGVhc3QgbXkgYnJvdGhlcgptYWRlIGhpcyBkcmVhbSBjb21lIHRydWUu,,,,,W0luZ3JpZF0KRXN0b3UgZmVsaXogcXVlIHBlbG8gbWVub3MgbWV1IGlybcOjbwpyZWFsaXpvdSBzZXUgc29uaG8u,,W0luZ3JpZF0KTWUgYWxlZ3JvIGRlIHF1ZSBhbCBtZW5vcyBtaSBoZXJtYW5vCnB1ZGllcmEgaGFjZXIgcmVhbGlkYWQgc3Ugc3Vlw7FvLg==
IjjQAg,,W0luZ3JpZF0KSGFoIGhhaC4KSSB0YWxrZWQgZm9yIHRvbyBsb25nLgpJJ20gc29ycnku,,,,,W0luZ3JpZF0KSGFoIGhhaC4KRmFsZWkgcG9yIG11aXRvIHRlbXBvLgpFdSBzaW50byBtdWl0by4=,,W0luZ3JpZF0KSmEsIGphLgpIYWJsw6kgZGVtYXNpYWRvLgpMbyBzaWVudG8u
IzjQAg,,W3t9XQpObyB3b3JyaWVzLgpZb3UgbWF5IG5vdCBiZWNvbWUgYSBHdW5zbGluZ2VyLApidXQgeW91J3ZlIGJlY29tZQpzb21lb25lIGp1c3QgYXMgZ29vZCwKaWYgbm90IGJldHRlci4=,,,,,W3t9XQpOw6NvIHNlIHByZW9jdXBlLgpWb2PDqiBwb2RlIG7Do28gc2UgdG9ybmFyIHVtYSBKdXN0aWNlaXJvLAptYXMgdm9jw6ogc2UgdG9ybm91CmFsZ3XDqW0gbXVpdG8gYm9hLApzZSBuw6NvIG1lbGhvci4=,,W3t9XQpObyB0ZSBwcmVvY3VwZXMuCkF1bnF1ZSBubyBzZWFzIHBhcnRlIGRlIGxvcyBQaXN0b2xlcm9zLAp0ZSBoYXMgY29udmVydGlkbwplbiBhbGd1aWVuIGlndWFsIGRlIGJ1ZW5vCm8gaW5jbHVzbyBtZWpvci4=
JDjQAg,,W0luZ3JpZF0KT2gsIHRoYW5rIHlvdS4KVGhhdCBtZWFucyBhIGxvdC4=,,,,,W0luZ3JpZF0KT2gsIG9icmlnYWRhLgpJc3NvIHNpZ25pZmljYSBtdWl0by4=,,W0luZ3JpZF0KwqFBaCwgZ3JhY2lhcyEKRXNvIHNpZ25pZmljYSBtdWNobyBwYXJhIG3DrS4=
JTjQAg,,W0luZ3JpZF0KVG8gbWFrZSBhbiBJbmZlcm5vLApJIG5lZWQgMTAwIFVzZWQgSXJvbiBQbGF0ZXMsIDEwIE9yaWRlY29ucywKNTAgUnVzdHkgU2NyZXdzLAphbmQgMTAwIEJ1cm5pbmcgSGVhcnRzLAphbmQgMjAwLDAwMCBaZW55IGFzIGEgc2VydmljZSBmZWUuCldvdWxkIHlvdSBsaWtlIHRvIG1ha2UgaXQ/,,,,,W0luZ3JpZF0KUGFyYSBmYXplciB1bWEgSW5mZXJubywKcHJlY2lzbyBkZSAxMDAgUGxhY2FzIGRlIEZlcnJvIFVzYWRhcywgMTAgT3JpZGVjb25zLAo1MCBQYXJhZnVzb3MgRW5mZXJydWphZG9zLAoxMDAgQ29yYcOnw7VlcyBJbmNhbmRlc2NlbnRlcwplIDIwMC4wMDAgWmVueSBjb21vIHRheGEgZGUgc2VydmnDp28uClZvY8OqIHF1ZXIgZmF6ZXIgaXNzbz8=,,W0luZ3JpZF0KUGFyYSBoYWNlciB1biBJbmZpZXJubywKbmVjZXNpdG8gMTAwIFBsYWNhcyBkZSBoaWVycm8gdXNhZGFzLCAxMCB1bmlkYWRlcyBkZSBPcmlkZWNvbiwKNTAgVG9ybmlsbG9zIG94aWRhZG9zLAoxMDAgQ29yYXpvbmVzIGFyZGllbnRlcwp5IDIwMDAwMCB6ZW55IHBvciBlbCBzZXJ2aWNpby4Kwr9UZSBndXN0YXLDrWEgaGFjZXJsbz8=
JjjQAg,,WWVzLCBwbGVhc2Uu,,,,,U2ltLCBwb3IgZmF2b3Iu,,U8OtLCBwb3IgZmF2b3Iu
JzjQAg,,W0luZ3JpZF0KQWgsIEkgc2VlLgpBbHJpZ2h0LgpXZWxsLCBpZiB0aGVyZSBpcywKdGFrZSB5b3VyIHRpbWUu,,,,,W0luZ3JpZF0KQWgsIGVudGVuZG8uClR1ZG8gYmVtLgpQb2RlIHBlbnNhciB0cmFucXVpbG8sCm7Do28gdGVuaGEgcHJlc3NhLg==,,W0luZ3JpZF0KQWgsIGVudGllbmRvLgpEZSBhY3VlcmRvLgpCdWVubywgZW4gY3VhbHF1aWVyIGNhc28sCnTDs21hdGUgdHUgdGllbXBvLg==
KDjQAg,,W0luZ3JpZF0KQWxyaWdodC4KTGV0IG1lIHJlbWluZCB5b3UKb2YgdGhlIHRoaW5ncyB5b3UgbmVlZC4=,,,,,W0luZ3JpZF0KTXVpdG8gYmVtLgpEZWl4ZS1tZSBsZW1icsOhLWxvCmRhcyBjb2lzYXMgcXVlIHZvY8OqIHByZWNpc2Eu,,W0luZ3JpZF0KRGUgYWN1ZXJkby4KUGVybcOtdGVtZSByZWNvcmRhcnRlCmxhcyBjb3NhcyBxdWUgbmVjZXNpdGFzLg==
KTjQAg,,W0luZ3JpZF0KVG8gbWFrZSBhbiBJbmZlcm5vLApJIG5lZWQgMTAwIFVzZWQgSXJvbiBQbGF0ZXMsIDEwIE9yaWRlY29ucywKNTAgUnVzdHkgU2NyZXdzLAphbmQgMTAwIEJ1cm5pbmcgSGVhcnRzLAphbmQgMjAwLDAwMCBaZW55IGFzIGEgc2VydmljZSBmZWUuClBsZWFzZSBtYWtlIHN1cmUgdG8gYnJpbmcKdGhlIGFjY3VyYXRlIGFtb3VudHMu,,,,,W0luZ3JpZF0KUGFyYSBmYXplciB1bWEgSW5mZXJubywKcHJlY2lzbyBkZSAxMDAgUGxhY2FzIGRlIEZlcnJvIFVzYWRhcywgMTAgT3JpZGVjb25zLAo1MCBQYXJhZnVzb3MgRW5mZXJydWphZG9zLAoxMDAgQ29yYcOnw7VlcyBJbmNhbmRlc2NlbnRlcwplIDIwMC4wMDAgWmVueSBjb21vIHRheGEgZGUgc2VydmnDp28uClBvciBmYXZvciwgdGVuaGEgY2VydGV6YQpkZSB0cmF6ZXIgYXMgcXVhbnRpZGFkZXMgY29ycmV0YXMu,,W0luZ3JpZF0KUGFyYSBoYWNlciB1biBJbmZpZXJubywKbmVjZXNpdG8gMTAwIFBsYWNhcyBkZSBoaWVycm8gdXNhZGFzLCAxMCB1bmlkYWRlcyBkZSBPcmlkZWNvbiwKNTAgVG9ybmlsbG9zIG94aWRhZG9zLAoxMDAgQ29yYXpvbmVzIGFyZGllbnRlcwp5IDIwMDAwMCB6ZW55IHBvciBlbCBzZXJ2aWNpby4KQXNlZ8O6cmF0ZSBkZSB0cmFlcgpsYXMgY2FudGlkYWRlcyBleGFjdGFzLg==
KjjQAg,,W0luZ3JpZF0KWW91ciBiYWcgaXMgZnVsbC4KRXZlbiBpZiBJIGdpdmUgeW91IHlvdXIgd2VhcG9uLAp5b3UgY2FuJ3QgdGFrZSBpdCB3aXRoIHlvdS4KUGxlYXNlIGVtcHR5IHlvdXIgYmFnLAphbmQgdGhlbiBjb21lIGJhY2su,,,,,W0luZ3JpZF0KU3VhIGJvbHNhIGVzdMOhIGNoZWlhLgpNZXNtbyBxdWUgZXUgbGhlIGTDqiBzdWEgYXJtYSwKdm9jw6ogbsOjbyBwb2RlcsOhIGxldsOhLWxhIGNvbSB2b2PDqi4KUG9yIGZhdm9yLCBlc3ZhemllIHN1YSBib2xzYSwKZSB2b2x0ZSBkZXBvaXMu,,W0luZ3JpZF0KVHUgYm9sc28gZXN0w6EgbGxlbm8uCkF1bnF1ZSB0ZSBkw6kgdHUgYXJtYSwKbm8gcG9kcsOhcyBsbGV2w6FydGVsYS4KVmFjw61hIHR1IGJvbHNvIHByaW1lcm8KeSBsdWVnbyB2dWVsdmUu
KzjQAg,,W0luZ3JpZF0KV293LCB5b3UndmUgYnJvdWdodCB0aGVzZSBzbyBxdWlja2x5LgpJJ20gc3VycHJpc2VkIQpJIGNvbmZpcm0geW91J3ZlIGJyb3VnaHQKYWxsIHRoZSBtYXRlcmlhbHMgYW5kIG1vbmV5Lg==,,,,,W0luZ3JpZF0KVWF1LCB2b2PDqiB2b2x0b3UgdMOjbyByw6FwaWRvLgpFc3RvdSBzdXJwcmVzYSEKQ29uZmlybW8gcXVlIHZvY8OqIHRyb3V4ZQp0b2RvcyBvcyBtYXRlcmlhaXMgZSBvIGRpbmhlaXJvLg==,,W0luZ3JpZF0KVmF5YSwgcXXDqSByw6FwaWRvIHRyYWppc3RlIGVzdGFzIGNvc2FzLgrCoU1lIHNvcnByZW5kZXMhCkNvbmZpcm1vIHF1ZSB0cmFqaXN0ZQp0b2RvcyBsb3MgbWF0ZXJpYWxlcyB5IGVsIGRpbmVyby4=
LDjQAg,,W0luZ3JpZF0KSGVyZSdzCnRoZSBJbmZlcm5vIEkgbWFkZSBmb3IgeW91LgpQbGVhc2UgdXNlIGl0CmZvciBhIGdvb2QgY2F1c2Uu,,,,,W0luZ3JpZF0KQXF1aSBlc3TDoQphIEluZmVybm8gcXVlIGZpeiBwYXJhIHZvY8OqLgpQb3IgZmF2b3IsIHVzZS1hCnBhcmEgdW1hIGJvYSBjYXVzYS4=,,W0luZ3JpZF0KQXF1w60gZXN0w6EKbGEgSW5maWVybm8gcXVlIGhpY2UgcGFyYSB0aS4KUG9yIGZhdm9yLCDDunNhbGEKcGFyYSB1bmEgYnVlbmEgY2F1c2Eu
LTjQAg,,W0luZ3JpZF0KT2gsIGFuZAppZiB5b3Ugc2VlIG15IGJyb3RoZXIgb3V0c2lkZSwKcGxlYXNlIHNheSBoaSBmb3IgbWUuCkhpcyBuYW1lIGlzCkluZ3JhbS4KTm93LCBwbGVhc2UgY29tZSBhZ2Fpbi4=,,,,,W0luZ3JpZF0KQWgsIGUgc2Ugdm9jw6ogdmlyCm1ldSBpcm3Do28gcG9yIGHDrSwKcG9yIGZhdm9yLCBkaWdhIG9pIHBvciBtaW0uCk8gbm9tZSBkZWxlIMOpIEluZ3JhbS4KUG9yIGZhdm9yLAp2b2x0ZSBzZW1wcmUu,,W0luZ3JpZF0KQWgsCnNpIHZlcyBhIG1pIGhlcm1hbm8gYWZ1ZXJhLApzYWzDumRhbG8gZGUgbWkgcGFydGUuClN1IG5vbWJyZSBlcwpJbmdyYW0uClZ1ZWx2ZSBjdWFuZG8gcXVpZXJhcy4=
LjjQAg,,W0luZ3JpZF0KQ3VycmVudGx5LAp5b3UncmUgb3ZlcndlaWdodC4KSSBjYW4ndCBnaXZlIHlvdQp5b3VyIGl0ZW0uClBsZWFzZSBjaGVjayBhZ2FpbiBhbmQgY29tZSBiYWNrLg==,,,,,W0luZ3JpZF0KTm8gbW9tZW50bywKdm9jw6ogY2FycmVnYSBtdWl0byBwZXNvLgpOw6NvIHBvc3NvIGRhcgpzZXUgaXRlbS4KVmVyaWZpcXVlIG5vdmFtZW50ZSBlIHZvbHRlLg==,,W0luZ3JpZF0KQWN0dWFsbWVudGUsCnRpZW5lcyBkZW1hc2lhZG8gcGVzby4KTm8gcHVlZG8gZGFydGUKdHUgb2JqZXRvLgpDb21wcnXDqWJhbG8geSB2dWVsdmUgbcOhcyB0YXJkZS4=
LzjQAg,,W0luZ3JpZF0KWW91J3ZlIGdvdCBhbGwgdGhlIG1hdGVyaWFscywKYnV0IG5vdCB0aGUgc2VydmljZSBmZWUsCndoaWNoIGlzIDIwMCwwMDAgWmVueS4KUGxlYXNlIGRvbid0IGZvcmdldCB0aGF0Lg==,,,,,W0luZ3JpZF0KVm9jw6ogdGVtIHRvZG9zIG9zIG1hdGVyaWFpcywKbWFzIG7Do28gYSB0YXhhIGRlIHNlcnZpw6dvLApxdWUgw6kgZGUgMjAwLjAwMCBaZW55LgpQb3IgZmF2b3IsIG7Do28gc2UgZXNxdWXDp2EgZGVsYS4=,,W0luZ3JpZF0KVGllbmVzIHRvZG9zIGxvcyBtYXRlcmlhbGVzLApwZXJvIG5vIGVsIHBhZ28gZGVsIHNlcnZpY2lvLApxdWUgZXMgZGUgMjAwMDAwIHplbnkuCk5vIGxvIG9sdmlkZXMu
MDjQAg,,W0luZ3JpZF0KTW0sIEkgbmVlZCAxMDAgVXNlZCBJcm9uIFBsYXRlcywKMTAgT3JpZGVjb25zLCA1MCBTY3Jld3MsCmFuZCAxMDAgQnVybmluZyBIZWFydHMsCmFuZCAyMDAsMDAwIFplbnkgYXMgYSBzZXJ2aWNlIGZlZS4KVGhhbmsgeW91Lg==,,,,,W0luZ3JpZF0KSHVtLCBwcmVjaXNvIGRlIDEwMCBQbGFjYXMgZGUgRmVycm8gVXNhZGFzLAoxMCBPcmlkZWNvbnMsIDUwIFBhcmFmdXNvcywKMTAwIENvcmHDp8O1ZXMgSW5jYW5kZXNjZW50ZXMKZSAyMDAuMDAwIFplbnkgY29tbyB0YXhhIGRlIHNlcnZpw6dvLgpPYnJpZ2FkYS4=,,W0luZ3JpZF0KTW1tLCBuZWNlc2l0byAxMDAgUGxhY2FzIGRlIGhpZXJybyB1c2FkYXMsCjEwIHVuaWRhZGVzIGRlIE9yaWRlY29uLCA1MCBUb3JuaWxsb3MsCjEwMCBDb3Jhem9uZXMgYXJkaWVudGVzCnkgMjAwMDAwIHplbnkgcG9yIGVsIHNlcnZpY2lvLgpHcmFjaWFzLg==
MTjQAg,,W0luZ3JpZF0KSGVsbG8uIEl0J3MgbmljZSB0byBzZWUgeW91IGFnYWluLgpEbyB5b3UgbmVlZAphbm90aGVyIEluZmVybm8/,,,,,W0luZ3JpZF0KT2zDoS4gw4kgYm9tIHbDqi1sbyBub3ZhbWVudGUuClZvY8OqIHByZWNpc2EgZGUKb3V0cmEgSW5mZXJubz8=,,W0luZ3JpZF0KSG9sYS4gTWUgYWxlZ3JvIGRlIHZvbHZlciBhIHZlcnRlLgrCv05lY2VzaXRhcwpvdHJvIEluZmllcm5vPw==
MjjQAg,,WWVzLg==,,,,,U2ltLg==,,U8OtLg==
MzjQAg,,W0luZ3JpZF0KTW0sIEkgbmVlZCAxMDAgVXNlZCBJcm9uIFBsYXRlcywKMTAgT3JpZGVjb25zLCA1MCBSdXN0eSBTY3Jld3MsCmFuZCAxMDAgQnVybmluZyBIZWFydHMsCmFuZCAyMDAsMDAwIFplbnkKYXMgYSBzZXJ2aWNlIGZlZS4KVGhhbmsgeW91Lg==,,,,,W0luZ3JpZF0KSHVtLCBwcmVjaXNvIGRlIDEwMCBQbGFjYXMgZGUgRmVycm8gVXNhZGFzLAoxMCBPcmlkZWNvbnMsIDUwIFBhcmFmdXNvcyBFbmZlcnJ1amFkb3MsCjEwMCBDb3Jhw6fDtWVzIEluY2FuZGVzY2VudGVzCmUgMjAwLjAwMCBaZW55CmNvbW8gdGF4YSBkZSBzZXJ2acOnby4KT2JyaWdhZGEu,,W0luZ3JpZF0KTW1tLCBuZWNlc2l0byAxMDAgUGxhY2FzIGRlIGhpZXJybyB1c2FkYXMsCjEwIHVuaWRhZGVzIGRlIE9yaWRlY29uLCA1MCBUb3JuaWxsb3Mgb3hpZGFkb3MsCjEwMCBDb3Jhem9uZXMgYXJkaWVudGVzCnkgMjAwMDAwIHplbnkKcG9yIGVsIHNlcnZpY2lvLgpHcmFjaWFzLg==
NDjQAg,,W0luZ3JpZF0KSGVsbG8uCk15IG5hbWUgaXMgSW5ncmlkLAphbmQgSSd2ZSBiZWVuIG5ld2x5IGNoYXJnZWQgd2l0aApHdW5zbGluZ2VyIHdlYXBvbnNtaXRoaW5nIGR1dHku,,,,,W0luZ3JpZF0KT2zDoS4KTWV1IG5vbWUgw6kgSW5ncmlkLAplIGZ1aSByZWNlbnRlbWVudGUgZW5jYXJyZWdhZGEgZGUKZGUgc2VyIGFybWVpcmEgZG9zIEp1c3RpY2Vpcm9zLg==,,W0luZ3JpZF0KSG9sYS4KTWUgbGxhbW8gSW5ncmlkCnkgbWUgYWNhYmFuIGRlIGFzaWduYXIKbGEgdGFyZWEgZGUgZm9yamFyIGFybWFzIHBhcmEgbG9zIFBpc3RvbGVyb3Mu
NTjQAg,,W0luZ3JpZF0KSSdtIHNvcnJ5LApidXQgeW91J3JlIG5vdAphIG1lbWJlcgpvZiB0aGUgR3Vuc2xpbmdlciBHdWlsZC4KSSBjYW4ndCBoZWxwIHlvdS4=,,,,,W0luZ3JpZF0KU2ludG8gbXVpdG8sCm1hcyB2b2PDqiBuw6NvIMOpCnVtIG1lbWJybwpkYSBHdWlsZGEgZG9zIEp1c3RpY2Vpcm9zLgpOw6NvIHBvc3NvIGFqdWTDoS1sby4=,,W0luZ3JpZF0KTG8gc2llbnRvLApwZXJvIG5vIGVyZXMKbWllbWJybwpkZWwgZ3JlbWlvIGRlIFBpc3RvbGVyb3MuCk5vIHB1ZWRvIGF5dWRhcnRlLg==
NjjQAg,,R2Fycmlzb24=,,,,,R2Fycmlzb24=,,R2Fycmlzb24=
NzjQAg,,W0dhcnJpc29uXQpNbSwgaGVsbG8uCkRvIHlvdSBuZWVkIGEgd2VhcG9uPw==,,,,,W0dhcnJpc29uXQpPbMOhLgpWb2PDqiBwcmVjaXNhIGRlIHVtYSBhcm1hPw==,,W0dhcnJpc29uXQpNbW0sIGhvbGEuCsK/TmVjZXNpdGFzIHVuIGFybWE/
ODjQAg,,SSB3YW50IEdhcnJpc29uLg==,,,,,RXUgcXVlcm8gYSBHYXJyaXNvbi4=,,UXVpZXJvIHVuYSBHYXJyaXNvbi4=
OTjQAg,,Tm8u,,,,,TsOjby4=,,Tm8u
OjjQAg,,Q2FuY2VsLg==,,,,,Q2FuY2VsYXI=,,Q2FuY2VsYXIu
OzjQAg,,W0dhcnJpc29uXQpBaCwgeW91IGNhbWUgdG8gdGhlIHJpZ2h0IHBlcnNvbi4KWWVzLCBldmVyeW9uZSBuZWVkcyBtZQphbmQgdGhlIEdhcnJpc29uIEkgbWFrZQpiZWNhdXNlIHdlJ3JlIHRoZSBiZXN0IG9mIHRoZSBiZXN0IQpTbywgZG8geW91IHdhbnQgdG8KbWFrZSBvbmUgcmlnaHQgYXdheT8=,,,,,W0dhcnJpc29uXQpBaCwgdm9jw6ogdmVpbyDDoCBwZXNzb2EgY2VydGEuClNpbSwgdG9kb3MgcHJlY2lzYW0gZGUgbWltCmUgZGEgR2Fycmlzb24gcXVlIGV1IGZhw6dvLApwb3JxdWUgc29tb3Mgb3MgbWVsaG9yZXMgZG9zIG1lbGhvcmVzIQpFbnTDo28sIHZvY8OqIHF1ZXIKZmF6ZXIgdW1hIGFnb3JhIG1lc21vPw==,,W0dhcnJpc29uXQpBaCwgaGFzIGFjdWRpZG8gYSBsYSBwZXJzb25hIGFkZWN1YWRhLgpTw60sIHRvZG9zIG1lIG5lY2VzaXRhbiBhIG3DrQp5IGEgbGEgR2Fycmlzb24gcXVlIGhhZ28KwqFwb3JxdWUgc29tb3MgbG8gbWVqb3IgZGUgbG8gbWVqb3IhCkVudG9uY2VzLCDCv3F1aWVyZXMKZmFicmljYXIgdW5hIGRlIGlubWVkaWF0bz8=
PDjQAg,,W0dhcnJpc29uXQpUbyBtYWtlIGEgR2Fycmlzb24sCkkgbmVlZCA1MCBTdGVlbHMsIDMgRWx1bml1bXMsCjEgT3JpZGVjb24sIDUwIENvYWxzLAphbmQgMjAgUnVzdHkgU2NyZXdzLAphbmQgMzAsMDAwIFplbnkuCllvdSBqdXN0IHRlbGwgbWUgd2hhdCB5b3Ugd2FudCB0byBkby4=,,,,,W0dhcnJpc29uXQpQYXJhIGZhemVyIHVtYSBHYXJyaXNvbiwKcHJlY2lzbyBkZSA1MCBBw6dvcywgMyBFbHVuaXVtcywKMSBPcmlkZWNvbiwgNTAgQ2FydsO1ZXMsCjIwIFBhcmFmdXNvcyBFbmZlcnJ1amFkb3MsCmUgMzAuMDAwIFplbnkuCkJhc3RhIG1lIGRpemVyIG8gcXVlIGRlc2VqYSBmYXplci4=,,W0dhcnJpc29uXQpQYXJhIGhhY2VyIHVuYSBHYXJyaXNvbiwKbmVjZXNpdG8gNTAgdW5pZGFkZXMgZGUgQWNlcm8sIDMgdW5pZGFkZXMgZGUgRWx1bml1bSwKMSB1bmlkYWRlcyBkZSBPcmlkZWNvbiwgNTAgQ2FyYm9uZXMsCjIwIFRvcm5pbGxvcyBveGlkYWRvcwp5IDMwMDAwIHplbnkuCkRpbWUgcXXDqSBxdWllcmVzIGhhY2VyLg==
PTjQAg,,WWVzLCBJIHdhbnQgdG8gbWFrZSBpdCBub3cu,,,,,U2ltLCBxdWVybyBmYXplciBhZ29yYS4=,,U8OtLCBxdWllcm8gZmFicmljYXJsYSBhaG9yYS4=
PjjQAg,,W0dhcnJpc29uXQpBaCwgaG93IGRpc2FwcG9pbnRpbmchCldlbGwsIHRha2UgeW91ciB0aW1lIHRvIHRoaW5rCmFuZCBsZXQgbWUga25vdy4=,,,,,W0dhcnJpc29uXQpBaCwgcXVlIGRlY2Vww6fDo28hCkJlbSwgcGVuc2UgY29tIGNhbG1hCmUgbWUgYXZpc2Uu,,W0dhcnJpc29uXQrCoUFoLCBxdcOpIGRlY2VwY2nDs24hCkJ1ZW5vLCB0w7NtYXRlIHR1IHRpZW1wbyBwYXJhIHBlbnNhcgp5IGRpbWUgcXXDqSBkZWNpZGVzLg==
PzjQAg,,W0dhcnJpc29uXQpZb3VyIGJhZyBpcyBmdWxsLgpFdmVuIGlmIEkgZ2l2ZSB5b3UgeW91ciB3ZWFwb24sCnlvdSBjYW4ndCB0YWtlIGl0IHdpdGggeW91LgpQbGVhc2UgZW1wdHkgeW91ciBiYWcsCmFuZCBjb21lIGJhY2su,,,,,W0dhcnJpc29uXQpTdWEgYm9sc2EgZXN0w6EgY2hlaWEuCk1lc21vIHF1ZSBldSBsaGUgZMOqIHN1YSBhcm1hLAp2b2PDqiBuw6NvIHBvZGVyw6EgbGV2w6EtbGEgY29tIHZvY8OqLgpQb3IgZmF2b3IsIGVzdmF6aWUgc3VhIGJvbHNhLAplIHZvbHRlIGRlcG9pcy4=,,W0dhcnJpc29uXQpUdSBib2xzbyBlc3TDoSBsbGVuby4KQXVucXVlIHRlIGTDqSB0dSBhcm1hLApubyBwb2Ryw6FzIGxsZXbDoXJ0ZWxhLgpWYWPDrWEgdHUgYm9sc28gcHJpbWVybwp5IHZ1ZWx2ZS4=
QDjQAg,,W0dhcnJpc29uXQpNbSwgSSBjb25maXJtIHlvdSd2ZSBicm91Z2h0IGFsbCB0aGUgbWF0ZXJpYWxzIGFuZCBaZW55LgpIZXJlJ3MgeW91ciBHYXJyaXNvbi4KTGV0IG1lIGtub3cgaWYgeW91IG5lZWQgbWUgYWdhaW4u,,,,,W0dhcnJpc29uXQpDb25maXJtbyBxdWUgdm9jw6ogdHJvdXhlIHRvZG9zIG9zIG1hdGVyaWFpcyBlIG8gWmVueS4KQXF1aSBlc3TDoSBzdWEgR2Fycmlzb24uCkF2aXNlIHNlIHByZWNpc2FyIGRlIG1pbSBub3ZhbWVudGUu,,W0dhcnJpc29uXQpNbW0sIGNvbmZpcm1vIHF1ZSB0cmFqaXN0ZSB0b2RvcyBsb3MgbWF0ZXJpYWxlcyB5IGVsIHplbnkuCkFxdcOtIGVzdMOhIHR1IEdhcnJpc29uLgpBdsOtc2FtZSBzaSBuZWNlc2l0YXMgYWxnbyBtw6FzLg==
QTjQAg,,W0dhcnJpc29uXQpDdXJyZW50bHksCnlvdSdyZSBvdmVyd2VpZ2h0LgpJIGNhbid0IGdpdmUgeW91CnlvdXIgaXRlbS4KQ2hlY2sgYWdhaW4gYW5kIGNvbWUgYmFjay4=,,,,,W0dhcnJpc29uXQpObyBtb21lbnRvLAp2b2PDqiBjYXJyZWdhIG11aXRvIHBlc28uCk7Do28gcG9zc28gZGFyCnNldSBpdGVtLgpWZXJpZmlxdWUgbm92YW1lbnRlIGUgdm9sdGUu,,W0dhcnJpc29uXQpBY3R1YWxtZW50ZSwKdGllbmVzIGRlbWFzaWFkbyBwZXNvLgpObyBwdWVkbyBkYXJ0ZQp0dSBvYmpldG8uCkNvbXBydcOpYmFsbyB5IHZ1ZWx2ZSBtw6FzIHRhcmRlLg==
QjjQAg,,W0dhcnJpc29uXQpZb3UgZG9uJ3QgaGF2ZSBlbm91Z2ggbW9uZXkuCk1vbmV5IQ==,,,,,W0dhcnJpc29uXQpWb2PDqiBuw6NvIHRlbSBkaW5oZWlybyBzdWZpY2llbnRlLgpEaW5oZWlybyE=,,W0dhcnJpc29uXQpObyB0aWVuZXMgc3VmaWNpZW50ZSBkaW5lcm8uCsKhRGluZXJvIQ==
QzjQAg,,W0dhcnJpc29uXQpZb3UgZG9uJ3QgaGF2ZSBhbGwgdGhlIG1hdGVyaWFscy4KVG8gbWFrZSBhIEdhcnJpc29uLApJIG5lZWQgNTAgU3RlZWxzLCAzIEVsdW5pdW0sCjEgT3JpZGVjb24sIDUwIENvYWxzLAoyMCBSdXN0eSBTY3Jld3MsCmFuZCAzMCwwMDAgWmVueQphcyBhIHNlcnZpY2UgZmVlLgpQbGVhc2UgYnJpbmcgdGhlbSBhbGwu,,,,,W0dhcnJpc29uXQpWb2PDqiBuw6NvIHRlbSB0b2RvcyBvcyBtYXRlcmlhaXMKcGFyYSBmYXplciB1bWEgR2Fycmlzb24sCnByZWNpc28gZGUgNTAgQcOnb3MsIDMgRWx1bml1bXMsCjEgT3JpZGVjb24sIDUwIENhcnbDtWVzLAoyMCBQYXJhZnVzb3MgRW5mZXJydWphZG9zLAplIDMwLjAwMCBaZW55CmNvbW8gdGF4YSBkZSBzZXJ2acOnby4KUG9yIGZhdm9yLCB0cmFnYSB0dWRv,,W0dhcnJpc29uXQpObyB0aWVuZXMgdG9kb3MgbG9zIG9iamV0b3MuClBhcmEgaGFjZXIgdW5hIEdhcnJpc29uLApOZWNlc2l0byA1MCB1bmlkYWRlcyBkZSBBY2VybywgMyB1bmlkYWRlcyBkZSBFbHVuaXVtLAoxIHVuaWRhZGVzIGRlIE9yaWRlY29uLCA1MCBDYXJib25lcywKMjAgVG9ybmlsbG9zIG94aWRhZG9zCnkgMzAwMDAgemVueQpwb3IgZWwgc2VydmljaW8uCkFzZWfDunJhdGUgZGUgdHJhZXIgdG9kby4=
RDjQAg,,W0dhcnJpc29uXQpTZWUgeW91IGxhdGVyLg==,,,,,W0dhcnJpc29uXQpBdMOpIGxvZ28u,,W0dhcnJpc29uXQpIYXN0YSBsdWVnby4=
RTjQAg,,W0dhcnJpc29uXQpNbSwgeW91IGxvb2sgbGlrZSB5b3UncmUganVzdCB3YW5kZXJpbmcsCndpdGhvdXQgYW55IG1pc3Npb24gdG8gZG8gb3Igd2hhdHNvZXZlci4KSWYgdGhhdCdzIHRoZSBjYXNlLApjb3VsZCB5b3UgYmUgc28ga2luZCBhcyB0byBkbyBtZSBhIGZhdm9yPw==,,,,,W0dhcnJpc29uXQpQYXJlY2UgcXVlIHZvY8OqIGVzdMOhIGFwZW5hcyB2YWdhbmRvLApzZW0gbmVuaHVtYSBtaXNzw6NvIGEgY3VtcHJpciBuZW0gbmFkYSBkbyB0aXBvLgpTZSBmb3IgZXNzZSBvIGNhc28sCnBvZGVyaWEgdGVyIGEgZ2VudGlsZXphIGRlIG1lIGZhemVyIHVtIGZhdm9yPw==,,W0dhcnJpc29uXQpNbSwgcGFyZWNlIGNvbW8gc2kgZXN0dXZpZXJhcyBkZWFtYnVsYW5kbwpzaW4gbmluZ3VuYSBtaXNpw7NuIG5pIG5hZGEgcXVlIGhhY2VyLgpTaSBlc2UgZXMgZWwgY2FzbywKwr9zZXLDrWFzIHRhbiBhbWFibGUgZGUgaGFjZXJtZSB1biBmYXZvcj8=
RjjQAg,,W3t9XQpXaGF0IGlzIGl0Pw==,,,,,W3t9XQpPIHF1ZSDDqT8=,,W3t9XQrCv1F1w6kgZmF2b3I/
RzjQAg,,W0dhcnJpc29uXQpSZWNlbnRseSwgSSd2ZSBkZXZlbG9wZWQgdGhpcyBuZXcgZ3VuCmNhbGxlZCBTaXgtc2hvb3RlciwKYW5kIEkgcmVjZWl2ZWQgYSBjb21wbGFpbnQgbGV0dGVyCmFib3V0IGEgZGVmZWN0aXZlIG9uZS4=,,,,,W0dhcnJpc29uXQpSZWNlbnRlbWVudGUsIGRlc2Vudm9sdmkgZXNzYSBub3ZhIGFybWEKY2hhbWFkYSBQaXN0b2xhIGRlIFNlaXMgVGlyb3MsCmUgcmVjZWJpIHVtYSBjYXJ0YSBkZSByZWNsYW1hw6fDo28Kc29icmUgdW1hIGFybWEgY29tIGRlZmVpdG8u,,W0dhcnJpc29uXQpIYWNlIHBvY28sIGRlc2Fycm9sbMOpIGVzdGEgbnVldmEgYXJtYQpsbGFtYWRhIFNlaXMgdGlyb3MKeSByZWNpYsOtIHVuYSBjYXJ0YSBkZSBxdWVqYQpzb2JyZSB1bmEgcXVlIHRlbsOtYSB1biBkZWZlY3RvLg==
SDjQAg,,W0dhcnJpc29uXQpJIHN0cml2ZSB0byBiZSBwZXJmZWN0LApidXQgYXMgSSdtIGdldHRpbmcgb2xkZXIsCm15IGV5ZXMgaGF2ZSBiZWNvbWUgYmx1cnJ5LgpJJ20gYWZyYWlkCnNvbWUgb2YgdGhlIGd1bnMgSSBtYWRlCndlcmUgbm90IGFzIGdvb2QgYXMgdGhleSBzaG91bGQu,,,,,W0dhcnJpc29uXQpFdSBtZSBlc2ZvcsOnbyBwYXJhIHNlciBwZXJmZWl0bywKbWFzIMOgIG1lZGlkYSBxdWUgdm91IGVudmVsaGVjZW5kbywKbWV1cyBvbGhvcyBmaWNhbSBlbWJhw6dhZG9zLgpSZWNlaW8gcXVlCmFsZ3VtYXMgZGFzIGFybWFzIHF1ZSBmaXoKbsOjbyBzZWphbSB0w6NvIGJvYXMgcXVhbnRvIGRldmVyaWFtLg==,,W0dhcnJpc29uXQpNZSBlc2Z1ZXJ6byBwb3Igc2VyIHBlcmZlY3RvLApwZXJvLCBhIG1lZGlkYSBxdWUgZW52ZWplemNvLAptaXMgb2pvcyBzZSB2dWVsdmVuIGNhZGEgdmV6IG3DoXMgYm9ycm9zb3MuCk1lIHRlbW8gcXVlCmFsZ3VuYXMgZGUgbGFzIGFybWFzIHF1ZSBmYWJyaXF1w6kKbm8gc29uIHRhbiBidWVuYXMgY29tbyBkZWJlcsOtYW4gc2VybG8u
STjQAg,,W0dhcnJpc29uXQpTbywgSSdtIHdvbmRlcmluZwppZiB5b3UgY2FuIGdldApzb21lIHJlcGxhY2VtZW50IHBhcnRzCmZvciB0aGUgZGVmZWN0aXZlIFNpeC1zaG9vdGVycwpmb3IgbWUu,,,,,W0dhcnJpc29uXQpFbnTDo28sIGltYWdpbm8Kc2Ugdm9jw6ogcG9kZSBjb25zZWd1aXIKYWxndW1hcyBwZcOnYXMgZGUgcmVwb3Npw6fDo28KcGFyYSBhcyBQaXN0b2xhIGRlIFNlaXMgVGlyb3MKY29tIGRlZmVpdG8u,,W0dhcnJpc29uXQpBc8OtIHF1ZSBtZSBwcmVndW50YWJhCnNpIHBvZHLDrWFzIGNvbnNlZ3VpcgphbGd1bmFzIHBpZXphcyBkZSByZWVtcGxhem8KcGFyYSBsYXMgYXJtYXMgU2VpcyB0aXJvcyBkZWZlY3R1b3Nhcwpjb21vIHVuIGZhdm9yIHBhcmEgbcOtLg==
SjjQAg,,W0dhcnJpc29uXQpJJ3ZlIG5vdGljZWQKeW91J3JlIGNhcnJ5aW5nCm9uZSBvZiBteSBHYXJyaXNvbnMuCklmIHlvdSBoZWxwIG1lLCBJJ2xsIGFkZCBhIHNsb3QgdG8geW91ciBndW4uCldoYXQgZG8geW91IHNheT8=,,,,,W0dhcnJpc29uXQpFdSBub3RlaSBxdWUKdm9jw6ogZXN0w6EgY2FycmVnYW5kbwp1bWEgZGUgbWluaGFzIEdhcnJpc29ucy4KU2UgbWUgYWp1ZGFyLCBhZGljaW9uYXJlaSB1bSBzbG90IMOgIHN1YSBhcm1hLgpPIHF1ZSB2b2PDqiBhY2hhPw==,,W0dhcnJpc29uXQpIZSBub3RhZG8KcXVlIGxsZXZhcwp1bmEgZGUgbWlzIEdhcnJpc29uLgpTaSBtZSBheXVkYXMsIGxlIGFncmVnYXLDqSB1bmEgcmFudXJhIGEgdHUgYXJtYS4Kwr9RdcOpIGRpY2VzPw==
SzjQAg,,W0dhcnJpc29uXQpGb3IgeW91ciBpbmZvcm1hdGlvbiwgaWYgeW91IHVwZ3JhZGUKeW91ciBHYXJyaXNvbiB0byBhIHNsb3R0ZWQgdmVyc2lvbiwKaXQnbGwgbG9zZSBhbGwgaXRzIHVwZ3JhZGUgbGV2ZWxzIGFuZCBjYXJkcwppbiBpdC4gUGxlYXNlIHRoaW5rIGNhcmVmdWxseS4=,,,,,W0dhcnJpc29uXQpQYXJhIHZvY8OqIHNhYmVyLCBzZSB2b2PDqiBtZWxob3JhcgpzdWEgR2Fycmlzb24gcGFyYSB1bWEgdmVyc8OjbyBjb20gc2xvdCwKZWxhIHBlcmRlcsOhIHRvZG9zIG9zIG7DrXZlaXMgZGUgbWVsaG9yaWEKZSBjYXJ0YXMuIFBvciBmYXZvciwgcGVuc2UgY29tIGN1aWRhZG8u,,W0dhcnJpc29uXQpQYXJhIHR1IGluZm9ybWFjacOzbiwgc2kgbWVqb3Jhcwp0dSBHYXJyaXNvbiBhIHVuYSB2ZXJzacOzbiBjb24gcmFudXJhcywKcGVyZGVyw6EgdG9kb3MgbG9zIG5pdmVsZXMgZGUgbWVqb3JhIHkgY2FydGFzCnF1ZSB0ZW5nYS4gUGnDqW5zYWxvIGNvbiBkZXRlbmltaWVudG8u
TDjQAg,,Tm8sIHNvcnJ5Lg==,,,,,TsOjbywgZGVzY3VscGUu,,Tm8sIGxvIHNpZW50by4=
TTjQAg,,U3VyZSwgSSdsbCBoZWxwIHlvdS4=,,,,,Q2xhcm8sIGV1IG8gYWp1ZGFyZWku,,Q2xhcm8sIHRlIGF5dWRhcsOpLg==
TjjQAg,,W0dhcnJpc29uXQpIbSwgSSBzZWUuCkkgdW5kZXJzdGFuZC4KSSdsbCBhc2sgc29tZW9uZSBlbHNlLg==,,,,,W0dhcnJpc29uXQpFc3TDoSBjZXJ0by4KRXUgZW50ZW5kby4KVm91IHBlcmd1bnRhciBhIG91dHJhIHBlc3NvYS4=,,W0dhcnJpc29uXQpNbW0sIHlhIHZlby4KRW50aWVuZG8uClNlIGxvIHBlZGlyw6kgYSBvdHJhIHBlcnNvbmEu
TzjQAg,,W0dhcnJpc29uXQpXaWxsIHlvdT8KVGhhbmsgeW91LgpUaGVuLCBwbGVhc2UKYnJpbmcgbWUgdGhlc2UgbWF0ZXJpYWxzLg==,,,,,W0dhcnJpc29uXQpTw6lyaW8/Ck9icmlnYWRvLgpFbnTDo28sIHBvciBmYXZvciwKdHJhZ2EtbWUgZXNzZXMgbWF0ZXJpYWlzLg==,,W0dhcnJpc29uXQrCv0xvIGhhcsOhcz8KR3JhY2lhcy4KRW4gZXNlIGNhc28sCnRyw6FlbWUgZXN0b3MgbWF0ZXJpYWxlcy4=
UDjQAg,,W0dhcnJpc29uXQoxMCBTdGVlbHMsCjEgRWx1bml1bSwgMTAgRW12ZXJldGFyY29ucywKMzAgQ29hbHMsIGFuZCAxMCBSdXN0eSBTY3Jld3MuCk1ha2Ugc3VyZSB0bwpicmluZyB0aGUgYWNjdXJhdGUgYW1vdW50cy4=,,,,,W0dhcnJpc29uXQoxMCBBw6dvcywKMSBFbHVuaXVtLCAxMCBFbXZlcmV0YXJjb25zLAozMCBDYXJ2w7VlcyBlIDEwIFBhcmFmdXNvcyBFbmZlcnJ1amFkb3MuCkNlcnRpZmlxdWUtc2UgZGUgdHJhemVyCmFzIHF1YW50aWRhZGVzIGV4YXRhcy4=,,W0dhcnJpc29uXQoxMCB1bmlkYWRlcyBkZSBBY2VybywKMSB1bmlkYWRlcyBkZSBFbHVuaXVtLCAxMCB1bmlkYWRlcyBkZSBFbXZlcmV0YXJjb25zLAozMCBDYXJib25lcyB5IDEwIFRvcm5pbGxvcyBveGlkYWRvcy4KQXNlZ8O6cmF0ZSBkZQp0cmFlciBsYXMgY2FudGlkYWRlcyBleGFjdGFzLg==
UTjQAg,,W0dhcnJpc29uXQpNbSwgb2theSwKdGhlbiBwbGVhc2UgY29tZSBiYWNrIGxhdGVyLg==,,,,,W0dhcnJpc29uXQpFc3TDoSBiZW0uCkVudMOjbywgcG9yIGZhdm9yLCB2b2x0ZSBtYWlzIHRhcmRlLg==,,W0dhcnJpc29uXQpNbW0sIGJpZW4sCmVudG9uY2VzLCB2dWVsdmUgbcOhcyB0YXJkZS4=
UjjQAg,,W0dhcnJpc29uXQpNeSBuYW1lIGlzIEdhcnJpc29uLAphbmQgSSdtIGEgZ3Vuc21pdGguCkkndmUgbmFtZWQgdGhpcyBndW4KYWZ0ZXIgbXlzZWxmCmJlY2F1c2UgaXQncyBhcyBwZXJmZWN0IGFuZCBhd2Vzb21lCmFzIEkgYW0u,,,,,W0dhcnJpc29uXQpNZXUgbm9tZSDDqSBHYXJyaXNvbiwKZSBzb3UgYXJtZWlyby4KRGVpIG8gbWV1IG5vbWUKYSBlc3NhIGFybWEKcG9ycXVlIGVsYSDDqSB0w6NvIHBlcmZlaXRhCmUgaW5jcsOtdmVsIGNvbW8gZXUu,,W0dhcnJpc29uXQpNaSBub21icmUgZXMgR2Fycmlzb24KeSBzb3kgYXJtZXJvLgpBIGVzdGEgYXJtYQpsZSBwdXNlIG1pIG5vbWJyZQpwb3JxdWUgZXMgdGFuIHBlcmZlY3RhIHkgYXNvbWJyb3NhCmNvbW8geW8u
UzjQAg,,W0dhcnJpc29uXQpTYXksIGhvdydkIHlvdSBsaWtlIHRvCmhhdmUgYSBHYXJyaXNvbgpvZiB5b3VyIG93bj8=,,,,,W0dhcnJpc29uXQpEaWdhLCBvIHF1ZSB2b2PDqiBhY2hhIGRlCnRlciB1bWEgR2Fycmlzb24KcHLDs3ByaWE/,,W0dhcnJpc29uXQpEaW1lLCDCv3RlIGd1c3RhcsOtYQp0ZW5lciB1bmEgR2Fycmlzb24KcXVlIHNlYSBzb2xvIHR1eWE/
VDjQAg,,W0dhcnJpc29uXQpUbyBtYWtlIGEgR2Fycmlzb24sCkkgbmVlZCA1MCBTdGVlbHMsIDMgRWx1bml1bSwKMSBPcmlkZWNvbiwgNTAgQ29hbHMsCmFuZCAyMCBSdXN0eSBTY3Jld3MsCmFuZCAzMCwwMDAgWmVueQphcyBhIHNlcnZpY2UgZmVlLgpZb3UganVzdCB0ZWxsIG1lIHdoYXQgeW91IHdhbnQgdG8gZG8u,,,,,W0dhcnJpc29uXQpQYXJhIGZhemVyIHVtYSBHYXJyaXNvbiwKcHJlY2lzbyBkZSA1MCBBw6dvcywgMyBFbHVuaXVtcywKMSBPcmlkZWNvbiwgNTAgQ2FydsO1ZXMsCjIwIFBhcmFmdXNvcyBFbmZlcnJ1amFkb3MsCmUgMzAuMDAwIFplbnkKY29tbyB0YXhhIGRlIHNlcnZpw6dvLgpCYXN0YSBtZSBkaXplciBvIHF1ZSBkZXNlamEgZmF6ZXIu,,W0dhcnJpc29uXQpQYXJhIGhhY2VyIHVuYSBHYXJyaXNvbiwKTmVjZXNpdG8gNTAgdW5pZGFkZXMgZGUgQWNlcm8sIDMgdW5pZGFkZXMgZGUgRWx1bml1bSwKMSB1bmlkYWRlcyBkZSBPcmlkZWNvbiwgNTAgQ2FyYm9uZXMsCjIwIFRvcm5pbGxvcyBveGlkYWRvcwp5IDMwMDAwIHplbnkKcG9yIGVsIHNlcnZpY2lvLgpEaW1lIHF1w6kgcXVpZXJlcyBoYWNlci4=
VTjQAg,,W0dhcnJpc29uXQpZb3UgZG9uJ3QgaGF2ZSBhbGwgdGhlIG1hdGVyaWFscy4KVG8gbWFrZSBhIEdhcnJpc29uLA==,,,,,W0dhcnJpc29uXQpWb2PDqiBuw6NvIHRlbSB0b2RvcyBvcyBtYXRlcmlhaXMuClBhcmEgZmF6ZXIgdW1hIEdhcnJpc29uLA==,,W0dhcnJpc29uXQpObyB0aWVuZXMgdG9kb3MgbG9zIG9iamV0b3MuClBhcmEgaGFjZXIgdW5hIEdhcnJpc29uLA==
VjjQAg,,W0dhcnJpc29uXQpJIG5lZWQgNTAgU3RlZWxzLCAzIEVsdW5pdW0sCjEgT3JpZGVjb24sIDUwIENvYWxzLAphbmQgMjAgUnVzdHkgU2NyZXdzLAphbmQgMzAsMDAwIFplbnkKYXMgYSBzZXJ2aWNlIGZlZS4KYnJpbmcgdGhlIGFjY3VyYXRlIGFtb3VudHMu,,,,,W0dhcnJpc29uXQpwcmVjaXNvIGRlIDUwIEHDp29zLCAzIEVsdW5pdW1zLAoxIE9yaWRlY29uLCA1MCBDYXJ2w7VlcywKMjAgUGFyYWZ1c29zIEVuZmVycnVqYWRvcywKZSAzMC4wMDAgWmVueQpjb21vIHRheGEgZGUgc2VydmnDp28uClRyYWdhIGFzIHF1YW50aWRhZGVzIGV4YXRhcy4=,,W0dhcnJpc29uXQpOZWNlc2l0byA1MCB1bmlkYWRlcyBkZSBBY2VybywgMyB1bmlkYWRlcyBkZSBFbHVuaXVtLAoxIHVuaWRhZGVzIGRlIE9yaWRlY29uLCA1MCBDYXJib25lcywKMjAgVG9ybmlsbG9zIG94aWRhZG9zCnkgMzAwMDAgemVueQpwb3IgZWwgc2VydmljaW8uCnRyYWVyIGxhcyBjYW50aWRhZGVzIGV4YWN0YXMu
VzjQAg,,W0dhcnJpc29uXQpPaCwgeW91J3ZlIGJyb3VnaHQgdGhlbSBhbGwuClRoYW5rIHlvdS4KQnV0IEknbSBzb3JyeSwKSSBuZWVkIHlvdXIgaGVscAp3aXRoIHNvbWV0aGluZyBlbHNlLg==,,,,,W0dhcnJpc29uXQpBaCwgdm9jw6ogdHJvdXhlIHR1ZG8hCk9icmlnYWRvLgpNYXMgbWUgZGVzY3VscGUsCnByZWNpc28gZGUgc3VhIGFqdWRhCmNvbSBvdXRyYSBjb2lzYS4=,,W0dhcnJpc29uXQpPaCwgdHJhamlzdGUgdG9kby4KR3JhY2lhcy4KTG8gc2llbnRvLCBwZXJvCm5lY2VzaXRvIHR1IGF5dWRhCmNvbiBvdHJhIGNvc2Eu
WDjQAg,,W0dhcnJpc29uXQpJIHdhbnQgdG8gZGVsaXZlcgp0aGUgcmVwbGFjZW1lbnQgcGFydCBJJ2xsIG1ha2Ugd2l0aCB0aGVzZQp0byB0aGUgY3VzdG9tZXIgd2hvIHNlbnQgbWUgdGhlIGxldHRlci4KQnV0IEknbSB0b28gYnVzeQp0byBnbyBhbnl3aGVyZS4=,,,,,W0dhcnJpc29uXQpRdWVybyBlbnRyZWdhcgphIHBlw6dhIGRlIHJlcG9zacOnw6NvIHF1ZSBmYXJlaQpwYXJhIG8gY2xpZW50ZSBxdWUgbWUgZW52aW91IGEgY2FydGEuCk1hcyBlc3RvdSBtdWl0byBvY3VwYWRvCnBhcmEgdmlhamFyLg==,,W0dhcnJpc29uXQpRdWllcm8gZW50cmVnYXJsZQpsYSBwaWV6YSBkZSByZWVtcGxhem8gcXVlIGZhYnJpY2Fyw6kgY29uIGVzdG8KYWwgY2xpZW50ZSBxdWUgbWUgZW52acOzIGxhIGNhcnRhLgpQZXJvIGVzdG95IGRlbWFzaWFkbyBvY3VwYWRvCnBhcmEgaXIgeW8gbWlzbW8u
WTjQAg,,W0dhcnJpc29uXQpDb3VsZCB5b3UgZGVsaXZlcgppdCB0byBoaW0Kd2hlbiBJIG1ha2UgaXQ/,,,,,W0dhcnJpc29uXQpWb2PDqiBwb2RlcmlhIGVudHJlZ2FyCmEgcGXDp2EgcGFyYSBlbGUKcXVhbmRvIGV1IHRlcm1pbmFyPw==,,W0dhcnJpc29uXQrCv1BvZHLDrWFzIGVudHJlZ8OhcnNlbGEKdMO6CmN1YW5kbyBsYSB0ZXJtaW5lPw==
WjjQAg,,W0dhcnJpc29uXQpJbiB0aGUgbWVhbnRpbWUsCkknbGwgZ2V0IHJlYWR5IHRvCmFkZCBhIHNsb3QKdG8geW91ciBHYXJyaXNvbi4=,,,,,W0dhcnJpc29uXQpOZXNzZSBtZWlvIHRlbXBvLAp2b3UgbWUgcHJlcGFyYXIgcGFyYQphZGljaW9uYXIgdW0gc2xvdArDoCBzdWEgR2Fycmlzb24u,,W0dhcnJpc29uXQpNaWVudHJhcyB0YW50bywKcHJlcGFyYXLDqSB0b2RvIHBhcmEKYWdyZWdhcmxlIHVuYSByYW51cmEKYSB0dSBHYXJyaXNvbi4=
WzjQAg,,W3t9XQotIEJhaCwgdGhpcyBpcyBhIGhhc3NsZSwKYnV0IEknbGwgZG8gaXQgZm9yIGhpbS4gLQ==,,,,,W3t9XQotIEJhaCwgaXNzbyDDqSB1bSBpbmPDtG1vZG8sCm1hcyB2b3UgZmF6ZXIgaXNzbyBwb3IgZWxlLiAt,,W3t9XQooVmF5YSwgZXN0byBlcyB1biBmYXN0aWRpbywKcGVybyBsbyBoYXLDqSku
XDjQAg,,W3t9XQpPa2F5Lg==,,,,,W3t9XQpDZXJ0by4=,,W3t9XQpCaWVuLg==
XTjQAg,,W0dhcnJpc29uXQpUaGFuayB5b3UuClRoZW4sIHBsZWFzZSBkZWxpdmVyCnRoaXMgaXRlbSB0byBMYXZldAppbiB0aGUgc2x1bXMKb2YgTGlnaHRoYWx6ZW4u,,,,,W0dhcnJpc29uXQpPYnJpZ2Fkby4KRW50w6NvLCBwb3IgZmF2b3IsIGVudHJlZ3VlCmVzdGUgaXRlbSBwYXJhIExhdmV0Cm5hcyBmYXZlbGFzCmRlIExpZ2h0aGFsemVuLg==,,W0dhcnJpc29uXQpHcmFjaWFzLgpFbnRvbmNlcywgZW50csOpZ2FsZQplc3RlIG9iamV0byBhIExhdmV0CmVuIGxvcyBiYXJyaW9zIGJham9zCmRlIExpZ2h0aGFsemVuLg==
XjjQAg,,W3t9XQpJJ3ZlIHJlY2VpdmVkIGFuIGl0ZW0KZnJvbSBHYXJyaXNvbi4KSSBzaG91bGQgZGVsaXZlciBpdAp0byBMYXZldAppbiB0aGUgc2x1bXMgb2YgTGlnaHRoYWx6ZW4u,,,,,W3t9XQpSZWNlYmkgdW0gaXRlbQpkbyBHYXJyaXNvbi4KRGV2byBlbnRyZWfDoS1sbwpwYXJhIExhdmV0Cm5hcyBmYXZlbGFzIGRlIExpZ2h0aGFsemVuLg==,,W3t9XQpSZWNpYsOtIHVuIG9iamV0bwpkZSBwYXJ0ZSBkZSBHYXJyaXNvbi4KRGViZXLDrWEgZW50cmVnw6Fyc2VsbwphIExhdmV0CmVuIGxvcyBiYXJyaW9zIGJham9zIGRlIExpZ2h0aGFsemVuLg==
XzjQAg,,W0dhcnJpc29uXQpPaCwgd2VsY29tZSBiYWNrIQ==,,,,,W0dhcnJpc29uXQpBaCwgYmVtLXZpbmRvIGRlIHZvbHRhIQ==,,W0dhcnJpc29uXQpBaCwgwqFob2xhIGRlIG51ZXZvIQ==
YDjQAg,,W3t9XQpVZ2ghCkkgYWxtb3N0IGRpZWQhISEKSGUgYXR0YWNrZWQgbWUKYXMgc29vbiBhcyBoZSBzYXcgbWUuCkkgYmFyZWx5IGVzY2FwZWQh,,,,,W3t9XQpVZ2ghClF1YXNlIG1vcnJpISEhCkVsZSBtZSBhdGFjb3UKYXNzaW0gcXVlIG1lIHZpdS4KRXUgZXNjYXBlaSBwb3IgcG91Y28h,,W3t9XQrCoVVmIQrCoUNhc2kgbWUgbXVlcm8hCk1lIGF0YWPDswplbiBjdWFudG8gbWUgdmlvLgrCoUFwZW5hcyBwdWRlIGVzY2FwYXIh
YTjQAg,,W0dhcnJpc29uXQpPaCwgbm8uClNvLCB0aGF0IGxldHRlciB3YXMgZnJvbS4uLgpEYW5nLCBpdCB3YXMgZnJvbQphbiBhc3Nhc3NpbiBoaXJlZCBieQpvdXIgZ3VpbGQncyBlbmVteS4=,,,,,W0dhcnJpc29uXQpBaCwgbsOjby4KRW50w6NvLCBlc3NhIGNhcnRhIGVyYSBkZS4uLgpEcm9nYSwgZXJhIGRlCnVtIE1lcmNlbsOhcmlvIGNvbnRyYXRhZG8gcGVsbwppbmltaWdvIGRhIG5vc3NhIGd1aWxkYS4=,,W0dhcnJpc29uXQpPaCwgbm8uCkVudG9uY2VzLCBlc2EgY2FydGEgZXJhIGRl4oCmCk1hbGRpY2nDs24sIGVyYSBkZQp1biBhc2VzaW5vIGNvbnRyYXRhZG8gcG9yCmVsIGVuZW1pZ28gZGUgbnVlc3RybyBncmVtaW8u
YjjQAg,,W0dhcnJpc29uXQpJJ20gc29ycnkKSSBwdXQgeW91CmluIGhhcm0ncyB3YXku,,,,,W0dhcnJpc29uXQpNZSBkZXNjdWxwZS4KRXUgbyBjb2xvcXVlaQplbSBwZXJpZ28u,,W0dhcnJpc29uXQpMYW1lbnRvCmhhYmVydGUgcHVlc3RvCmVuIHBlbGlncm8u
YzjQAg,,W0dhcnJpc29uXQpJJ20gcmVhbGx5IHNvcnJ5LgpBcyB5b3Uga25vdywgdGhlIEd1bnNsaW5nZXIKR3VpbGQgYW5kIERvY3RvciBTZWxlbmEKaGF2ZSBtYW55IGV2aWwgZW5lbWllcwp3aG8gY29uc3RhbnRseSBwbG90IGFnYWluc3QgdGhlbS4=,,,,,W0dhcnJpc29uXQpFdSByZWFsbWVudGUgc2ludG8gbXVpdG8uCkNvbW8gdm9jw6ogc2FiZSwgYSBMaWdhIGRvcyBKdXN0aWNlaXJvcwplIGEgRG91dG9yYSBTZWxlbmEKdMOqbSBtdWl0b3MgaW5pbWlnb3MgbWFsaWdub3MKcXVlIGNvbnNwaXJhbSBjb25zdGFudGVtZW50ZSBjb250cmEgZWxlcy4=,,W0dhcnJpc29uXQpMbyBzaWVudG8gbXVjaG8uCkNvbW8gc2FiZXMsIGVsIGdyZW1pbyBkZSBQaXN0b2xlcm9zCnkgbGEgZG9jdG9yYSBTZWxlbmEKdGllbmVuIG11Y2hvcyBlbmVtaWdvcyBtYWx2YWRvcwpxdWUgY29uc3BpcmFuIGNvbnN0YW50ZW1lbnRlIGVuIHN1IGNvbnRyYS4=
ZDjQAg,,W0dhcnJpc29uXQpJIGhvcGUgeW91J2xsCmp1c3QgdGhpbmsgb2YgdGhpcwphcyBhIGdvb2QgZXhwZXJpZW5jZS4=,,,,,W0dhcnJpc29uXQpFc3Blcm8gcXVlIHZvY8OqCmxlbWJyZSBkaXNzbwpjb21vIHVtYSBib2EgZXhwZXJpw6puY2lhLg==,,W0dhcnJpc29uXQpFc3Blcm8gcXVlCnB1ZWRhcyBjb25zaWRlcmFyIGVzdG8KdW5hIGJ1ZW5hIGV4cGVyaWVuY2lhLg==
ZTjQAg,,W0dhcnJpc29uXQpPbmNlIGFnYWluLApJJ20gcmVhbGx5IHNvcnJ5IGZvciB3aGF0IGhhcHBlbmVkLgpOb3csIGFzIEkgcHJvbWlzZWQsCkknbGwgY2hhbmdlIHlvdXIgR2Fycmlzb24KaW50byBhIHNsb3R0ZWQgdmVyc2lvbi4=,,,,,W0dhcnJpc29uXQpNYWlzIHVtYSB2ZXosCnNpbnRvIG11aXRvIHBlbG8gcXVlIGFjb250ZWNldS4KQWdvcmEsIGNvbW8gcHJvbWV0aSwKYWRpY2lvbmFyZWkgdW0gc2xvdAplbSBzdWEgR2Fycmlzb24u,,W0dhcnJpc29uXQpVbmEgdmV6IG3DoXMsCnNpZW50byBtdWNobyBsbyBxdWUgc3VjZWRpw7MuCkFob3JhLCBjb21vIHByb21ldMOtLApjYW1iaWFyw6kgdHUgR2Fycmlzb24KYSB1bmEgdmVyc2nDs24gY29uIHJhbnVyYXMu
ZjjQAg,,W0dhcnJpc29uXQpNbSwgSSdtIGFza2luZyB5b3UgdGhpcyBqdXN0IGluIGNhc2UuCkFyZSB5b3UgYnkgY2hhbmNlIF5GRjAwMDBlcXVpcHBlZF4wMDAwMDAgd2l0aApeRkYwMDAwc2xvdHRlZCBvciBub24tc2xvdHRlZCBHYXJyaXNvbl4wMDAwMDA/,,,,,W0dhcnJpc29uXQpFc3RvdSBwZXJndW50YW5kbyBpc3NvIHBvciBwcmVjYXXDp8Ojby4KUG9yIGFjYXNvIHZvY8OqIGVzdMOhIF5GRjAwMDBlcXVpcGFkb14wMDAwMDAgY29tCmEgXkZGMDAwMEdhcnJpc29uIGNvbSBvdSBzZW0gc2xvdF4wMDAwMDA/,,W0dhcnJpc29uXQpNbW0sIHRlIGxvIHByZWd1bnRvIHBvciBzaSBhY2Fzby4KUG9yIGNhc3VhbGlkYWQsIMK/dGllbmVzIF42NjAwMDBlcXVpcGFkYV4wMDAwMDAKdW5hIF42NjAwMDBHYXJyaXNvbiBjb24gcmFudXJhcyBvIHNpbiByYW51cmFzXjAwMDAwMD8=
ZzjQAg,,W0dhcnJpc29uXQpJIGRvbid0IGhhdmUKZ29vZCBleWVzaWdodCBhbnltb3JlLgpJIGRvbid0IHdhbnQgdG8gYWNjaWRlbnRhbGx5IHRha2UgdGhlIHdyb25nIGd1bi4KUGxlYXNlIG1ha2Ugc3VyZQp5b3Ugb25seSBoYXZlIGEgXkZGMDAwMGJhc2ljIEdhcnJpc29uXjAwMDAwMCBpbiB5b3VyIGJhZy4=,,,,,W0dhcnJpc29uXQpFdSBuw6NvIHRlbmhvIG1haXMKdW1hIGJvYSB2aXPDo28uCk7Do28gcXVlcm8gcGVnYXIgYSBhcm1hIGVycmFkYSBwb3IgYWNpZGVudGUuClBvciBmYXZvciwgY2VydGlmaXF1ZS1zZSBkZSBxdWUKdm9jw6ogdGVuaGEgYXBlbmFzIHVtYSBeRkYwMDAwR2Fycmlzb24gYsOhc2ljYV4wMDAwMDAgZW0gc3VhIGJvbHNhLg==,,W0dhcnJpc29uXQpObyB0ZW5nbwp1bmEgYnVlbmEgdmlzdGEuCk5vIHF1aWVybyBjYW1iaWFyIGFjY2lkZW50YWxtZW50ZSBlbCBhcm1hIGVxdWl2b2NhZGEuCkFzZWfDunJhdGUgZGUgcXVlCnNvbG8gdGllbmVzIHVuYSBeNjYwMDAwR2Fycmlzb24gYsOhc2ljYV4wMDAwMDAgZW4gdHUgYm9sc28u
aDjQAg,,TGV0IG1lIGNoZWNrLg==,,,,,RGVpeGUtbWUgdmVyaWZpY2FyLg==,,RMOpamFtZSBjb21wcm9iYXIu
aTjQAg,,SSBkby4gQ2hhbmdlIG5vdy4=,,,,,U2ltLiBGYcOnYSBhIGFsdGVyYcOnw6NvIGFnb3JhLg==,,U8OtLiBDw6FtYmlhbGEgYWhvcmEu
ajjQAg,,W0dhcnJpc29uXQpUaGVuLCBwbGVhc2UgbWFrZSBzdXJlCnlvdSdyZSBub3QgXkZGMDAwMGVxdWlwcGVkIHdpdGggYSBHYXJyaXNvbl4wMDAwMDAKb3IgYWxyZWFkeSBoYXZlIGEgc2xvdHRlZCBHYXJyaXNvbi4=,,,,,W0dhcnJpc29uXQpFbnTDo28sIHBvciBmYXZvciwgY2VydGlmaXF1ZS1zZSBkZSBxdWUKdm9jw6ogbsOjbyBlc3TDoSBeRkYwMDAwZXF1aXBhZG8gY29tIHVtYSBHYXJyaXNvbl4wMDAwMDAKZSBxdWUgbsOjbyBwb3NzdWkgdW1hIEdhcnJpc29uIGNvbSBzbG90Lg==,,W0dhcnJpc29uXQpFbnRvbmNlcywgYXNlZ8O6cmF0ZSBkZSBxdWUKbm8gdGllbmVzIHVuYSBeNjYwMDAwR2Fycmlzb24gZXF1aXBhZGFeMDAwMDAwCnkgZGUgcXVlIG5vIHRlbmdhcyB5YSB1bmEgR2Fycmlzb24gY29uIHJhbnVyYXMu
azjQAg,,W0dhcnJpc29uXQpJIHNlZS4gVGhhbmsgeW91LgpUaGVuLCBsZXQgbWUgZ2V0IHJpZ2h0IG9uIGl0LgoqQ2xhbmcsIENsYW5nISogKlJ1YiwgUnViKgpUaGVyZSB5b3UgZ28sCnlvdXIgbW9kaWZpZWQgR2Fycmlzb24uClBsZWFzZSBtYWtlIGdvb2QgdXNlIG9mIGl0Lg==,,,,,W0dhcnJpc29uXQpFbnRlbmRpLiBPYnJpZ2Fkby4KRW50w6NvLCBkZWl4ZS1tZSBpciBkaXJldG8gYW8gYXNzdW50by4KKkNsYW5nLCBDbGFuZyEqICpSdWIsIFJ1YioKQXF1aSBlc3TDoSwKc3VhIEdhcnJpc29uIG1vZGlmaWNhZGEuClBvciBmYXZvciwgZmHDp2EgYm9tIHVzbyBkZWxhLg==,,W0dhcnJpc29uXQpZYSB2ZW8uIEdyYWNpYXMuCkJpZW4sIHlhIG1pc21vIGVtcGllem8uCirCoUNsYW5nLCBjbGFuZyEqICpGcm90YSwgZnJvdGEqCllhIGVzdMOhIGxpc3RhCnR1IEdhcnJpc29uIG1vZGlmaWNhZGEuCkVzcGVybyBxdWUgbGUgZGVzIHVuIGJ1ZW4gdXNvLg==
bDjQAg,,W0dhcnJpc29uXQpNbT8gRXJtLApkaWQgeW91IHNlbGwKb3IgbGVhdmUgeW91ciBndW4gc29tZXdoZXJlPwpJIHNhaWQgSSdkIGFkZCBhIHNsb3QKdG8geW91ciBndW4uIEkgY2FuJ3QgZG8gaXQKaWYgeW91IGRvbid0IGhhdmUgYSBndW4uClBsZWFzZSBnbyBicmluZwphbmQgY29tZSBiYWNrLg==,,,,,W0dhcnJpc29uXQpIdW0/IEh1bW1tLAp2b2PDqiB2ZW5kZXUgb3UgZGVpeG91CnN1YSBhcm1hIGVtIGFsZ3VtIGx1Z2FyPwpFdSBkaXNzZSBxdWUgYWRpY2lvbmFyaWEgdW0gc2xvdArDoCBzdWEgYXJtYS4gTsOjbyBwb3NzbyBmYXplciBpc3NvCnNlIHZvY8OqIG7Do28gdGl2ZXIgdW1hIGFybWEuClBvciBmYXZvciwgdsOhIGJ1c2PDoS1sYQplIHZvbHRlLg==,,W0dhcnJpc29uXQrCv01tbT8gRWgsCsK/dmVuZGlzdGUgdHUgYXJtYQpvIGxhIGRlamFzdGUgZW4gYWxnw7puIHNpdGlvPwpEaWplIHF1ZSBsZSBhZ3JlZ2Fyw61hIHVuYSByYW51cmEKYSB0dSBhcm1hLiBObyBwdWVkbyBoYWNlcmxvCnNpIG5vIHRpZW5lcyB1biBhcm1hLgpWZSBhIHRyYWVyCnkgdnVlbHZlLg==
bTjQAg,,W0dhcnJpc29uXQpQbGVhc2UgZ28gYnJpbmcKeW91ciBHYXJyaXNvbi4=,,,,,W0dhcnJpc29uXQpQb3IgZmF2b3IsIHRyYWdhCnN1YSBHYXJyaXNvbi4=,,W0dhcnJpc29uXQpWZSBhIHRyYWVyCnR1IEdhcnJpc29uLg==
bjjQAg,,W0dhcnJpc29uXQpBaCwgd2VsY29tZSBiYWNrIQpTbywgaG93IG1heSBJIGhlbHAgeW91PwpEbyB5b3UgbmVlZCBhIHdlYXBvbj8KVGhlbiwgdGFrZSB5b3VyIHBpY2su,,,,,W0dhcnJpc29uXQpBaCwgYmVtLXZpbmRvIGRlIHZvbHRhIQpFbnTDo28sIGNvbW8gcG9zc28gYWp1ZMOhLWxvPwpWb2PDqiBwcmVjaXNhIGRlIHVtYSBhcm1hPwpQb2RlIGVzY29saGVyLg==,,W0dhcnJpc29uXQrCoUFoLCBob2xhIGRlIG51ZXZvIQrCv0VuIHF1w6kgcHVlZG8gYXl1ZGFydGU/CsK/TmVjZXNpdGFzIHVuIGFybWE/CkVsaWdlIGxhIHF1ZSBxdWllcmFzLg==
bzjQAg,,R2Fycmlzb24=,,,,,R2Fycmlzb24=,,R2Fycmlzb24u
cDjQAg,,U2xvdHRlZCBHYXJyaXNvbg==,,,,,R2Fycmlzb24gY29tIFNsb3Q=,,R2Fycmlzb24gY29uIHJhbnVyYXMu
cTjQAg,,W0dhcnJpc29uXQpJIGRvbid0IGhhdmUKVG8gbWFrZSBhIEdhcnJpc29uLApJIG5lZWQgNTAgU3RlZWxzLCAzIEVsdW5pdW0sCjEgT3JpZGVjb24sIDUwIENvYWxzLAphbmQgMjAgUnVzdHkgU2NyZXdzLAphbmQgMzAsMDAwIFplbnkgYXMgYSBzZXJ2aWNlIGZlZS4KWW91IGp1c3QgdGVsbCBtZSB3aGF0IHlvdSB3YW50IHRvIGRvLg==,,,,,W0dhcnJpc29uXQpFdSBuw6NvIHRlbmhvLgpQYXJhIGZhemVyIHVtYSBHYXJyaXNvbiwKcHJlY2lzbyBkZSA1MCBBw6dvcywgMyBFbHVuaXVtcywKMSBPcmlkZWNvbiwgNTAgQ2FydsO1ZXMsCjIwIFBhcmFmdXNvcyBFbmZlcnJ1amFkb3MsCmUgMzAuMDAwIFplbnkgY29tbyB0YXhhIGRlIHNlcnZpw6dvLgpCYXN0YSBtZSBkaXplciBvIHF1ZSBkZXNlamEgZmF6ZXIu,,W0dhcnJpc29uXQpObyB0ZW5nbwpQYXJhIGhhY2VyIHVuYSBHYXJyaXNvbiwKTmVjZXNpdG8gNTAgdW5pZGFkZXMgZGUgQWNlcm8sIDMgdW5pZGFkZXMgZGUgRWx1bml1bSwKMSB1bmlkYWRlcyBkZSBPcmlkZWNvbiwgNTAgQ2FyYm9uZXMsCjIwIFRvcm5pbGxvcyBveGlkYWRvcwp5IDMwMDAwIHplbnkgcG9yIGVsIHNlcnZpY2lvLgpEaW1lIHF1w6kgcXVpZXJlcyBoYWNlci4=
cjjQAg,,W0dhcnJpc29uXQpZb3UgZG9uJ3QgaGF2ZSBhbGwgdGhlIG1hdGVyaWFscy4KVG8gbWFrZSBhIEdhcnJpc29uLApJIG5lZWQgNTAgU3RlZWxzLCAzIEVsdW5pdW0sCjEgT3JpZGVjb24sIDUwIENvYWxzLAphbmQgMjAgUnVzdHkgU2NyZXdzLAphbmQgMzAsMDAwIFplbnkKUGxlYXNlIGJyaW5nIHRoZW0gYWxsLg==,,,,,W0dhcnJpc29uXQpWb2PDqiBuw6NvIHRlbSB0b2RvcyBvcyBtYXRlcmlhaXMKcGFyYSBmYXplciB1bWEgR2Fycmlzb24sCnByZWNpc28gZGUgNTAgQcOnb3MsIDMgRWx1bml1bXMsCjEgT3JpZGVjb24sIDUwIENhcnbDtWVzLAoyMCBQYXJhZnVzb3MgRW5mZXJydWphZG9zLAplIDMwLjAwMCBaZW55LgpQb3IgZmF2b3IsIHRyYWdhIHR1ZG8=,,W0dhcnJpc29uXQpObyB0aWVuZXMgdG9kb3MgbG9zIG9iamV0b3MuClBhcmEgaGFjZXIgdW5hIEdhcnJpc29uLApOZWNlc2l0byA1MCB1bmlkYWRlcyBkZSBBY2VybywgMyB1bmlkYWRlcyBkZSBFbHVuaXVtLAoxIHVuaWRhZGVzIGRlIE9yaWRlY29uLCA1MCBDYXJib25lcywKMjAgVG9ybmlsbG9zIG94aWRhZG9zCnkgMzAwMDAgemVueQpBc2Vnw7pyYXRlIGRlIHRyYWVyIHRvZG8u
czjQAg,,W0dhcnJpc29uXQpUbyBtYWtlIGEgc2xvdHRlZCBHYXJyaXNvbiwKSSBuZWVkIDEwIFN0ZWVscywgMSBFbHVuaXVtLAoxMCBFbXZlcmV0YXJjb25zLCAzMCBDb2FscywKYW5kIDEwIFJ1c3R5IFNjcmV3cywKYW5kIDEgR2Fycmlzb24uCllvdSBqdXN0IHRlbGwgbWUgd2hhdCB5b3Ugd2FudCB0byBkby4=,,,,,W0dhcnJpc29uXQpQYXJhIGZhemVyIHVtYSBHYXJyaXNvbiBjb20gc2xvdCwKcHJlY2lzbyBkZSAxMCBBw6dvcywgMSBFbHVuaXVtLAoxMCBFbXZlcmV0YXJjb25zLCAzMCBDYXJ2w7VlcywKMTAgUGFyYWZ1c29zIEVuZmVycnVqYWRvcywKZSAxIEdhcnJpc29uLgpCYXN0YSBtZSBkaXplciBvIHF1ZSBkZXNlamEgZmF6ZXIu,,W0dhcnJpc29uXQpQYXJhIGhhY2VyIHVuYSBHYXJyaXNvbiBjb24gcmFudXJhcywKbmVjZXNpdG8gMTAgdW5pZGFkZXMgZGUgQWNlcm8sIDEgdW5pZGFkZXMgZGUgRWx1bml1bSwKMTAgdW5pZGFkZXMgZGUgRW12ZXJldGFyY29ucywgMzAgQ2FyYm9uZXMsCjEwIFRvcm5pbGxvcyBveGlkYWRvcwp5IDEgR2Fycmlzb24uCkRpbWUgcXXDqSBxdWllcmVzIGhhY2VyLg==
dDjQAg,,W0dhcnJpc29uXQpUaGVuLCBwbGVhc2UgbWFrZSBzdXJlCnlvdSdyZSBub3QgXkZGMDAwMGVxdWlwcGVkIHdpdGggYSBHYXJyaXNvbl4wMDAwMDAKb3IgYWxyZWFkeSBoYXZlIGEgc2xvdHRlZCBHYXJyaXNvbi4KSWYgeW91IGFyZSwgdGhlbiBjb21lIGJhY2sKd2l0aCBvbmx5IG9uZSBiYXNpYyBHYXJyaXNvbiBpbiB5b3VyIGJhZy4=,,,,,W0dhcnJpc29uXQpFbnTDo28sIHBvciBmYXZvciwgY2VydGlmaXF1ZS1zZSBkZSBxdWUKdm9jw6ogbsOjbyBlc3TDoSBeRkYwMDAwZXF1aXBhZG8gY29tIHVtYSBHYXJyaXNvbl4wMDAwMDAsCm5lbSBxdWUgasOhIHRlbSB1bWEgR2Fycmlzb24gY29tIHNsb3QuClNlIHRpdmVyLCB2b2x0ZSBjb20gYXBlbmFzCnVtYSBHYXJyaXNvbiBiw6FzaWNhIGVtIHN1YSBib2xzYS4=,,W0dhcnJpc29uXQpFbnRvbmNlcywgYXNlZ8O6cmF0ZSBkZSBxdWUKbm8gdGllbmVzIHVuYSBeNjYwMDAwR2Fycmlzb24gZXF1aXBhZGFeMDAwMDAwCnkgZGUgcXVlIG5vIHRlbmdhcyB5YSB1bmEgR2Fycmlzb24gY29uIHJhbnVyYXMuClNpIGVzIGFzw60sIHZ1ZWx2ZQpjb24gdW5hIHNvbGEgR2Fycmlzb24gYsOhc2ljYSBlbiB0dSBib2xzby4=
dTjQAg,,W0dhcnJpc29uXQpBaCwgZ29vZC4KSSBjb25maXJtIHlvdSd2ZSBicm91Z2h0IGFsbCB0aGUgbWF0ZXJpYWxzIGFuZCBaZW55LgpIZXJlJ3MgeW91ciBzbG90dGVkIEdhcnJpc29uLgpMZXQgbWUga25vdyBpZiB5b3UgbmVlZCBtZSBhZ2Fpbi4=,,,,,W0dhcnJpc29uXQpBaCwgw7N0aW1vLgpDb25maXJtbyBxdWUgdm9jw6ogdHJvdXhlIHRvZG9zIG9zIG1hdGVyaWFpcyBlIG8gWmVueS4KQXF1aSBlc3TDoSBzdWEgR2Fycmlzb24gY29tIHNsb3QuCkF2aXNlIHNlIHByZWNpc2FyIGRlIG1pbSBub3ZhbWVudGUu,,W0dhcnJpc29uXQpBaCwgYmllbi4KQ29uZmlybW8gcXVlIHRyYWppc3RlIHRvZG9zIGxvcyBtYXRlcmlhbGVzIHkgZWwgemVueS4KQXF1w60gZXN0w6EgdHUgR2Fycmlzb24gY29uIHJhbnVyYXMuCkF2w61zYW1lIHNpIG5lY2VzaXRhcyBhbGdvIG3DoXMu
djjQAg,,W0dhcnJpc29uXQpZb3UgZG9uJ3QgaGF2ZSBhbGwgdGhlIG1hdGVyaWFscy4KVG8gbWFrZSBhIHNsb3R0ZWQgR2Fycmlzb24sCkkgbmVlZCAxMCBTdGVlbHMsIDEgRWx1bml1bSwKMTAgRW12ZXJldGFyY29ucywgMzAgQ29hbHMsCjEwIFJ1c3R5IFNjcmV3cywKYW5kIDEgR2Fycmlzb24uClBsZWFzZSBicmluZyB0aGVtIGFsbC4=,,,,,W0dhcnJpc29uXQpWb2PDqiBuw6NvIHRlbSB0b2RvcyBvcyBtYXRlcmlhaXMKcGFyYSBmYXplciB1bWEgR2Fycmlzb24gY29tIHNsb3QsCnByZWNpc28gZGUgMTAgQcOnb3MsIDEgRWx1bml1bSwKMTAgRW12ZXJldGFyY29uLCAzMCBDYXJ2w7VlcywKMTAgUGFyYWZ1c29zIEVuZmVycnVqYWRvcywKZSAxIEdhcnJpc29uLgpQb3IgZmF2b3IsIHRyYWdhIHR1ZG8u,,W0dhcnJpc29uXQpObyB0aWVuZXMgdG9kb3MgbG9zIG9iamV0b3MuClBhcmEgaGFjZXIgdW5hIEdhcnJpc29uIGNvbiByYW51cmFzLApuZWNlc2l0byAxMCB1bmlkYWRlcyBkZSBBY2VybywgMSB1bmlkYWRlcyBkZSBFbHVuaXVtLAoxMCB1bmlkYWRlcyBkZSBFbXZlcmV0YXJjb25zLCAzMCBDYXJib25lcywKMTAgVG9ybmlsbG9zIG94aWRhZG9zLAp5IDEgR2Fycmlzb24uCkFzZWfDunJhdGUgZGUgdHJhZXIgdG9kby4=
dzjQAg,,W0dhcnJpc29uXQpZb3UncmUgbm90CmEgR3Vuc2xpbmdlci4KUGxlYXNlIHN0b3AgYm90aGVyaW5nIG1lCmFuZCBnbyBhd2F5Lg==,,,,,W0dhcnJpc29uXQpWb2PDqiBuw6NvIMOpCnVtIEp1c3RpY2Vpcm8uClBvciBmYXZvciwgcGFyZSBkZSBtZSBpbmNvbW9kYXIKZSB2w6EgZW1ib3JhLg==,,W0dhcnJpc29uXQpObyBlcmVzCnBhcnRlIGRlIGxvcyBQaXN0b2xlcm9zLgpEZWphIGRlIG1vbGVzdGFybWUKeSB2ZXRlLg==
eDjQAg,,TGFiIERldmVsb3Blcg==,,,,,RGVzZW52b2x2ZWRvciBkbyBMYWJvcmF0w7NyaW8=,,TGFiIERldmVsb3Blcg==
eTjQAg,,W04uQS5dCkFoLCB5b3UndmUgcmVhbGx5IGJyb3VnaHQgdGhlbSBhbGwhIFdvdyEgV2hlbiBJIG1hZGUgXkZGMDAwMEJ1dGNoZXJeMDAwMDAwLCBJIHdhc24ndCBzdXJlIGlmIEknZCBmaW5kIGFueW9uZSB3aG8gY291bGQgYWN0dWFsbHkgdXNlIGl0LiBJIGRpZCE=,,,,,W04uQS5dCkFoLCB2b2PDqiByZWFsbWVudGUgdHJvdXhlIHR1ZG8hIFVhdSEgUXVhbmRvIGNyaWVpIGEgXkZGMDAwMFJldGFsaGFkb3JhXjAwMDAwMCwgbsOjbyB0aW5oYSBjZXJ0ZXphIHNlIGVuY29udHJhcmlhIGFsZ3XDqW0gcXVlIHB1ZGVzc2UgdXPDoS1sYS4gTWFzIGVuY29udHJlaSE=,,W04uQS5dCsKhQWgsIGVzIHZlcmRhZCBxdWUgdHJhamlzdGUgdG9kbyEgwqFHdWF1ISBDdWFuZG8gaW52ZW50w6kgXjY2MDAwMENhcm5pY2Vyb14wMDAwMDAsIG5vIGVzdGFiYSBzZWd1cmEgZGUgc2kgZW5jb250cmFyw61hIGEgYWxndWllbiBxdWUgcHVkaWVyYSB1c2FybGEuIMKhRW4gc2VyaW8h
ejjQAg,,W04uQS5dCkFscmlnaHQsIEknbGwgZ2l2ZSB5b3UgYSBeRkYwMDAwQnV0Y2hlcl4wMDAwMDAuIEJ1dCBub3QgZm9yIGZyZWUuIFdlIG5lZWQgbW9uZXkgdG8gcnVuIHRoaXMgbGFiLCBhbmQgd2UgYWxzbyBuZWVkIERvY3RvciBTZWxlbmEncyBhcHByb3ZhbCB0byBsZXQgeW91IHVzZSB0aGlzIGd1bi4=,,,,,W04uQS5dClR1ZG8gYmVtLCBldSBsaGUgZGFyZWkgdW1hIF5GRjAwMDBSZXRhbGhhZG9yYV4wMDAwMDAuIE1hcyBuw6NvIGRlIGdyYcOnYS4gUHJlY2lzYW1vcyBkZSBkaW5oZWlybyBwYXJhIGFkbWluaXN0cmFyIGVzdGUgbGFib3JhdMOzcmlvIGUgdGFtYsOpbSBwcmVjaXNhbW9zIGRhIGFwcm92YcOnw6NvIGRhIERyYS4gU2VsZW5hIHBhcmEgcGVybWl0aXIgcXVlIHZvY8OqIHVzZSBlc3NhIGFybWEu,,W04uQS5dCk11eSBiaWVuLCB0ZSBkYXLDqSB1bmEgXjY2MDAwMENhcm5pY2Vyb14wMDAwMDAuIFBlcm8gbm8gc2Vyw6EgZ3JhdGlzLiBOZWNlc2l0YW1vcyBkaW5lcm8gcGFyYSBlbCBsYWJvcmF0b3JpbyB5IGxhIGFwcm9iYWNpw7NuIGRlIGxhIGRvY3RvcmEgU2VsZW5hIHBhcmEgcGVybWl0aXJ0ZSB1c2FyIGVzdGEgYXJtYS4=
ezjQAg,,W04uQS5dCkknbGwgZ2V0IGhlciBhcHByb3ZhbCBvbiBteSBlbmQuIFBsZWFzZSBwcmVwYXJlIDEwMCwwMDAgWmVueSB0byBjb3ZlciB0aGUgQnV0Y2hlcidzIG1hbnVmYWN0dXJpbmcgY29zdCBhbmQgcmVnaXN0cmF0aW9uIHByb2Nlc3Mu,,,,,W04uQS5dClZvdSBjb25zZWd1aXIgYSBhcHJvdmHDp8OjbyBkZWxhIGRvIG1ldSBsYWRvLiBQb3IgZmF2b3IsIHByZXBhcmUgMTAwLjAwMCBaZW55IHBhcmEgY29icmlyIG8gY3VzdG8gZGUgZmFicmljYcOnw6NvIGUgbyBwcm9jZXNzbyBkZSByZWdpc3RybyBkYSBSZXRhbGhhZG9yYS4=,,W04uQS5dCllvIG1lIGVuY2FyZ2Fyw6kgZGUgY29uc2VndWlyIHN1IGFwcm9iYWNpw7NuLiBUw7ogcHJlcGFyYSAxMDAwMDAgemVueSBwYXJhIGN1YnJpciBlbCBjb3N0byBkZSBmYWJyaWNhY2nDs24gZGUgQ2FybmljZXJvIHkgZWwgcmVnaXN0cm8u
fDjQAg,,W04uQS5dCkRpZCB5b3UgYnJpbmcgXkZGMDAwMDEsMDAwIE9yYyBDbGF3c14wMDAwMDAgYW5kIF5GRjAwMDAxLDAwMCBTa2VsLUJvbmVzXjAwMDAwMD8gSWYgdGhhdCdzIHRvbyBjaGFsbGVuZ2luZywgeW91IGNhbiBnaXZlIHVwLiBXaGF0IHdvdWxkIHlvdSBsaWtlIHRvIGRvPw==,,,,,W04uQS5dClZvY8OqIHRyb3V4ZSBeRkYwMDAwMS4wMDAgR2FycmFzIGRlIE9yY14wMDAwMDAgZSBeRkYwMDAwMS4wMDAgRXNxdWVsZS1Pc3Nvc14wMDAwMDA/IFNlIGZvciBtdWl0byBkaWbDrWNpbCwgcG9kZSBkZXNpc3Rpci4gTyBxdWUgdm9jw6ogZ29zdGFyaWEgZGUgZmF6ZXI/,,W04uQS5dCsK/VHJhamlzdGUgXjY2MDAwMDEwMDAgR2FycmFzIGRlIG9yY29eMDAwMDAwIHkgXjY2MDAwMDEwMDAgSHVlc29zIGRlIGVzcXVlbGV0b14wMDAwMDA/IFNpIHRlIHJlc3VsdGEgZGVtYXNpYWRvIGRpZsOtY2lsLCBwdWVkZXMgcmVuZGlydGUuIMK/UXXDqSBxdWllcmVzIGhhY2VyPw==
fTjQAg,,RG9uJ3QgZ2l2ZSB1cC4=,,,,,TsOjbyBkZXNpc3Rpci4=,,Tm8gcmVuZGlyc2Uu
fjjQAg,,R2l2ZSB1cC4=,,,,,RGVzaXN0aXIu,,UmVuZGlyc2Uu
fzjQAg,,W04uQS5dCk9rYXksIHRoZW4gSSdsbCB3YWl0IGZvciB5b3Uu,,,,,W04uQS5dCkNlcnRvLCBlbnTDo28gdm91IGVzcGVyYXIgcG9yIHZvY8OqLg==,,W04uQS5dCkJpZW4sIGVudG9uY2VzLCB0ZSBlc3BlcmFyw6ku
gDjQAg,,W04uQS5dCkRvIHlvdSB3YW50IHRvIGdpdmUgdXA/IFVtLCBpdCBpcyBjaGFsbGVuZ2luZywgaXNuJ3QgaXQ/IEJ1dCB5b3UgaGF2ZSB0byBiZSBjYXBhYmxlIG9mIHN1Y2ggY2hhbGxlbmdlcyB0byB1c2UgdGhpcyB3ZWFwb24uIFBsZWFzZSBjb21lIGJhY2sgaWYgeW91IGJlY29tZSBzbyBzdHJvbmcgbGF0ZXIuIE5vdywgZ29vZGJ5ZS4=,,,,,W04uQS5dClZvY8OqIHF1ZXIgZGVzaXN0aXI/IEh1bSwgw6kgdW0gZGVzYWZpbywgbsOjbyDDqT8gTWFzIHZvY8OqIHByZWNpc2Egc2VyIGNhcGF6IGRlIGVuZnJlbnRhciBlc3NlcyBkZXNhZmlvcyBwYXJhIHVzYXIgZXNzYSBhcm1hLiBQb3IgZmF2b3IsIHZvbHRlIHNlIHZvY8OqIHNlIHRvcm5hciBtYWlzIGZvcnRlLiBBZ29yYSwgYWRldXMu,,W04uQS5dCsK/UXVpZXJlcyByZW5kaXJ0ZT8gRXMgZGlmw61jaWwsIMK/dmVyZGFkPyBQZXJvIGRlYmVzIHF1ZSBzZXIgY2FwYXogZGUgdGFsZXMgZGVzYWbDrW9zIHBhcmEgcG9kZXIgdXNhciBlc3RhIGFybWEuIFZlbiBhIHZlcm1lIHNpIHRlIHZ1ZWx2ZXMgbcOhcyBmdWVydGUgZW4gZWwgZnV0dXJvLiBBaG9yYSwgYWRpw7NzLg==
gTjQAg,,W04uQS5dCkkndmUgcmVjZWl2ZWQgRG9jdG9yIFNlbGVuYSdzIGFwcHJvdmFsIGZvciB5b3VyIEJ1dGNoZXIuIEkgY2FuIGdpdmUgaXQgdG8geW91IGlmIHlvdSBwYXkgbWUgMTAwLDAwMCBaZW55LiBXb3VsZCB5b3UgbGlrZSB0byBwYXkgbm93Pw==,,,,,W04uQS5dClJlY2ViaSBhIGFwcm92YcOnw6NvIGRhIERyYS4gU2VsZW5hIHBhcmEgbyBzdWEgUmV0YWxoYWRvcmEuIFBvc3NvIGVudHJlZ8OhLWxhIGEgdm9jw6ogc2UgbWUgcGFnYXIgMTAwLjAwMCBaZW55LiBHb3N0YXJpYSBkZSBwYWdhciBhZ29yYT8=,,W04uQS5dClJlY2liw60gbGEgYXByb2JhY2nDs24gZGUgbGEgZG9jdG9yYSBTZWxlbmEgcGFyYSB0dSBDYXJuaWNlcm8uIFB1ZWRvIGTDoXJ0ZWxhIHNpIG1lIHBhZ2FzIDEwMDAwMCB6ZW55LiDCv1F1aWVyZXMgcGFnYXIgYWhvcmE/
gjjQAg,,W04uQS5dClBsZWFzZSBjb21lIGJhY2sgd2hlbiB5b3UgaGF2ZSB0aGUgbW9uZXku,,,,,W04uQS5dClBvciBmYXZvciwgdm9sdGUgcXVhbmRvIHRpdmVyIG8gZGluaGVpcm8u,,W04uQS5dClZ1ZWx2ZSBjdWFuZG8gdGVuZ2FzIGVsIGRpbmVyby4=
gzjQAg,,W04uQS5dCllvdSBkb24ndCBoYXZlIGVub3VnaCBtb25leS4gUGxlYXNlIGNoZWNrIHlvdXIgd2FsbGV0Lg==,,,,,W04uQS5dClZvY8OqIG7Do28gdGVtIGRpbmhlaXJvIHN1ZmljaWVudGUuIFBvciBmYXZvciwgdmVyaWZpcXVlIHN1YSBjYXJ0ZWlyYS4=,,W04uQS5dCk5vIHRpZW5lcyBzdWZpY2llbnRlIGRpbmVyby4gQ29tcHJ1ZWJhIHR1IGJpbGxldGVyYS4=
hDjQAg,,LSBDdXJyZW50bHksIHlvdSdyZSB0b28gaGVhdnkgdG8gcHJvY2VlZCB3aXRoIHRoaXMgcXVlc3QuIFBsZWFzZSBsaWdodGVuIHlvdXIgbG9hZCBmaXJzdC4gLQ==,,,,,LSBObyBtb21lbnRvLCB2b2PDqiBlc3TDoSBtdWl0byBwZXNhZG8gcGFyYSBwcm9zc2VndWlyIGNvbSBlc3NhIG1pc3PDo28uIFBvciBmYXZvciwgcmVkdXphIG8gcGVzbyBxdWUgY2FycmVnYS4gLQ==,,LUVuIGVzdGUgbW9tZW50bywgbGxldmFzIGRlbWFzaWFkbyBwZXNvIHBhcmEgY29udGludWFyIGNvbiBlc3RhIG1pc2nDs24uIEFsaWdlcmEgdHUgY2FyZ2EgcHJpbWVyby4t
hTjQAg,,LSBDdXJyZW50bHksIHlvdSBoYXZlIHRvbyBtYW55IGl0ZW1zIHRvIHByb2NlZWQgd2l0aCB0aGlzIHF1ZXN0LiBQbGVhc2UgbGlnaHRlbiB5b3VyIGxvYWQgZmlyc3QuIC0=,,,,,LSBObyBtb21lbnRvLCB2b2PDqiB0ZW0gaXRlbnMgZGVtYWlzIHBhcmEgcHJvc3NlZ3VpciBjb20gZXNzYSBtaXNzw6NvLiBQb3IgZmF2b3IsIHJlZHV6YSBvIHBlc28gcXVlIGNhcnJlZ2EuIC0=,,LUVuIGVzdGUgbW9tZW50bywgdGllbmVzIGRlbWFzaWFkb3Mgb2JqZXRvcyBwYXJhIGNvbnRpbnVhciBjb24gZXN0YSBtaXNpw7NuLiBBbGlnZXJhIHR1IGNhcmdhIHByaW1lcm8uLQ==
hjjQAg,,W04uQS5dClVubywgZG9zLCB0cmVzLCBjdWF0cm8sIGNpbmNvLCBzZWlzLi4uIFllcywgMTAwLDAwMCBaZW55LCBjb25maXJtZWQuIExldCBtZSBnaXZlIHlvdSB5b3VyIF5GRjAwMDBCdXRjaGVyXjAwMDAwMC4=,,,,,W04uQS5dClVubywgZG9zLCB0cmVzLCBjdWF0cm8sIGNpbmNvLCBzZWlzLi4uIFNpbSwgMTAwLjAwMCBaZW55LCBjb25maXJtYWRvLiBWb3UgbGhlIGRhciBzdWEgXkZGMDAwMFJldGFsaGFkb3JhXjAwMDAwMC4=,,W04uQS5dClVubywgZG9zLCB0cmVzLCBjdWF0cm8sIGNpbmNvLCBzZWlz4oCmIFPDrSwgMTAwMDAwIHplbnksIGNvbmZpcm1hZG8uIFRlIGRhcsOpIHR1IF42NjAwMDBDYXJuaWNlcm9eMDAwMDAwLg==
hzjQAg,,W04uQS5dCkYuIEhhcnJpc29uIGluIExpZ2h0aGFsemVuIHdvdWxkIGxvdmUgdG8gc2VlIHRoZSBuZXcgd2VhcG9uLiBZb3Ugc2hvdWxkIHNob3cgaXQgdG8gaGltIGlmIHlvdSBoYXZlIGEgY2hhbmNlLg==,,,,,W04uQS5dCkYuIEhhcnJpc29uLCBlbSBMaWdodGhhbHplbiwgYWRvcmFyaWEgdmVyIGEgbm92YSBhcm1hLiBQb3IgcXVlIG7Do28gbW9zdHJhIHBhcmEgZWxlIHF1YW5kbyBkZXI/,,W04uQS5dCkEgRi5IYXJyaXNvbiBkZSBMaWdodGhhbHplbiBsZSBlbmNhbnRhcsOtYSB2ZXIgdHUgbnVldmEgYXJtYS4gRGViZXLDrWFzIGVuc2XDscOhcnNlbGEgc2kgc2UgcHJlc2VudGEgbGEgb3BvcnR1bmlkYWQu
iDjQAg,,W04uQS5dCkVuam95IHlvdXIgbmV3IHdlYXBvbi4gSSBob3BlIEknbGwgc2VlIHlvdSBhZ2FpbiBsYXRlci4gTm93LCBieWUh,,,,,W04uQS5dCkFwcm92ZWl0ZSBzdWEgbm92YSBhcm1hLiBFc3Blcm8gdsOqLWxvIG5vdmFtZW50ZSBkZXBvaXMuIEFnb3JhLCB0Y2hhdSE=,,W04uQS5dCkRpc2ZydXRhIGRlIHR1IG51ZXZhIGFybWEuIEVzcGVybyB2b2x2ZXIgYSB2ZXJ0ZSBwcm9udG8uIEJpZW4sIMKhYWRpw7NzIQ==
iTjQAg,,W04uQS5dCkFoLCB5b3UndmUgYnJvdWdodCBhbGwgdGhlIG1hdGVyaWFscyEgVGhlbiwgbGV0IG1lIG1ha2UgeW91ciBndW4uIEl0IG1heSB0YWtlIGEgd2hpbGUuIFBsZWFzZSB3YWl0Lg==,,,,,W04uQS5dCkFoLCB2b2PDqiB0cm91eGUgdG9kb3Mgb3MgbWF0ZXJpYWlzISBFbnTDo28gdm91IGZhemVyIGEgc3VhIGFybWEuIFBvZGUgZGVtb3JhciB1bSBwb3Vjby4uLiBQb3IgZmF2b3IsIGFndWFyZGUu,,W04uQS5dCsKhQWgsIHRyYWppc3RlIHRvZG9zIGxvcyBtYXRlcmlhbGVzISBNdXkgYmllbiwgZmFicmljYXLDqSB0dSBhcm1hLiBQb2Ryw61hIHRhcmRhciB1biBwb2NvLiBQb3IgZmF2b3IsIGVzcGVyYS4=
ijjQAg,,W04uQS5dCkFoLCB5b3UgaGF2ZW4ndCBnb3R0ZW4gYWxsIHRoZSBtYXRlcmlhbHMgeWV0LiBMZXQgbWUgcmVtaW5kIHlvdSBvZiB0aGVtLg==,,,,,W04uQS5dCkFoLCB2b2PDqiBhaW5kYSBuw6NvIHRlbSB0b2RvcyBvcyBtYXRlcmlhaXMuIERlaXhlLW1lIGxlbWJyw6EtbG8gcXVhaXMgc8Ojby4=,,W04uQS5dCkFoLCBhw7puIG5vIGNvbnNlZ3Vpc3RlIHRvZG9zIGxvcyBtYXRlcmlhbGVzLiBUZSBsb3MgcmVjb3JkYXLDqSB1bmEgdmV6IG3DoXMu
izjQAg,,W04uQS5dCl5GRjAwMDA3MCBTdGVlbHMsIDUgRWx1bml1bXMsIDMgT3JpZGVjb25zLCA3MCBDb2FscywgYW5kIDUwIFJ1c3R5IFNjcmV3cyxeMDAwMDAwIGFuZCBeRkYwMDAwNTAsMDAwXjAwMDAwMCBaZW55IGFzIGEgc2VydmljZSBmZWUuIFBsZWFzZSBjb21lIGJhY2sgd2hlbiB5b3UgaGF2ZSB0aGVtIGFsbC4=,,,,,W04uQS5dCl5GRjAwMDA3MCBBw6dvcywgNSBFbHVuaXVtcywgMyBPcmlkZWNvbnMsIDcwIENhcnbDtWVzIGUgNTAgUGFyYWZ1c29zIEVuZmVycnVqYWRvcyxeMDAwMDAwIGUgXkZGMDAwMDUwLjAwMF4wMDAwMDAgWmVueSBjb21vIHRheGEgZGUgc2VydmnDp28uIFZvbHRlIHF1YW5kbyB0aXZlciB0b2RvcyBlbGVzLg==,,W04uQS5dCl42NjAwMDA3MCB1bmlkYWRlcyBkZSBBY2VybywgNSB1bmlkYWRlcyBkZSBFbHVuaXVtLCAzIHVuaWRhZGVzIGRlIE9yaWRlY29uLCA3MCBDYXJib25lcywgNTAgVG9ybmlsbG9zIG94aWRhZG9zXjAwMDAwMCB5IF42NjAwMDA1MDAwMF4wMDAwMDB6ZW55IHBvciBlbCBzZXJ2aWNpby4gVnVlbHZlIGN1YW5kbyB0ZW5nYXMgdG9kby4=
jDjQAg,,W04uQS5dCklmIHlvdSBkb24ndCB3YW50IHRvIG1ha2UgdGhlIGl0ZW0sIHlvdSBtYXkgY2FuY2VsIGl0IG5vdy4gV291bGQgeW91IGxpa2UgdG8gY2FuY2VsPw==,,,,,W04uQS5dClNlIG7Do28gcXVpc2VyIGZhemVyIG8gaXRlbSwgdm9jw6ogcG9kZSBjYW5jZWzDoS1sbyBhZ29yYS4gVm9jw6ogZ29zdGFyaWEgZGUgY2FuY2VsYXI/,,W04uQS5dClNpIG5vIHF1aWVyZXMgZmFicmljYXIgZWwgb2JqZXRvLCBwdWVkZXMgY2FuY2VsYXJsbyBhaG9yYS4gwr9RdWllcmVzIGNhbmNlbGFyPw==
jTjQAg,,RG9uJ3QgY2FuY2VsLg==,,,,,TsOjbyBjYW5jZWxhci4=,,Tm8gY2FuY2VsYXIu
jjjQAg,,W04uQS5dClBsZWFzZSBjb21lIGJhY2sgd2hlbiB5b3UgaGF2ZSBhbGwgdGhlIG1hdGVyaWFscy4=,,,,,W04uQS5dClBvciBmYXZvciwgdm9sdGUgcXVhbmRvIHRpdmVyIHRvZG9zIG9zIG1hdGVyaWFpcy4=,,W04uQS5dClZ1ZWx2ZSBjdWFuZG8gdGVuZ2FzIHRvZG9zIGxvcyBtYXRlcmlhbGVzLg==
jzjQAg,,W04uQS5dCkNhbmNlbGVkLiBIYXZlIGEgZ29vZCBkYXkh,,,,,W04uQS5dCkNhbmNlbGFkby4gVGVuaGEgdW0gYm9tIGRpYSE=,,W04uQS5dCkNhbmNlbGFkby4gwqFRdWUgdGVuZ2FzIHVuIGJ1ZW4gZMOtYSE=
kDjQAg,,W04uQS5dCkFoLCB5b3VyIERyaWZ0ZXIgaXMgcmVhZHkuIFRoZXJlIHlvdSBnby4=,,,,,W04uQS5dCkFoLCBzZXUgQW5kYXJpbGhvIGVzdMOhIHByb250by4gQXF1aSBlc3TDoS4=,,W04uQS5dCkFoLCB0dSBFcnJhYnVuZGEgZXN0w6EgbGlzdGEuIEFxdcOtIHRpZW5lcy4=
kTjQAg,,W04uQS5dCllvdSBzaG91bGQgbGVhcm4gR2F0bGluZyBGZXZlciBhbmQgTGFzdCBTdGFuZCB0byBtYXhpbWl6ZSB0aGUgdXNlIG9mIHlvdXIgbmV3IGd1bi4gTm93LCBnb29kYnllIQ==,,,,,W04uQS5dClZvY8OqIHByZWNpc2EgYXByZW5kZXIgQXRhcXVlIEdhdGxpbmcgZSBSZXNpc3TDqm5jaWEgRmluYWwgcGFyYSBtYXhpbWl6YXIgbyB1c28gZGUgc3VhIG5vdmEgYXJtYS4gQWdvcmEsIGFkZXVzIQ==,,W04uQS5dCkRlYmVyw61hcyBhcHJlbmRlciBHYXRsaW5nIGZyZW5lc8OtIHkgw5psdGltYSBsw61uZWEgcGFyYSBhcHJvdmVjaGFyIGFsIG3DoXhpbW8gdHUgbnVldmEgYXJtYS4gQmllbiwgwqFhZGnDs3Mh
kjjQAg,,W04uQS5dCk9oLCBoZWxsby4KSSdtIE4uQS4sIGEgZGV2ZWxvcGVyCmF0IHRoZSBFaW5icm9jaCBHdW4gTGFiLiBIb3cgbWF5IEkgaGVscCB5b3U/,,,,,W04uQS5dCkFoLCBvbMOhLgpTb3UgTi5BLiwgdW0gZGVzZW52b2x2ZWRvcgpubyBMYWJvcmF0w7NyaW8gZGUgQXJtYXMgZGUgRWluYnJvY2guIEVtIHF1ZSBwb3NzbyBhanVkw6EtbG8/,,W04uQS5dCkFoLCBob2xhLgpTb3kgTi5BLiwgaW52ZW50b3JhCmVuIGVsIExhYm9yYXRvcmlvIGRlIGFybWFzIGRlIEVpbmJyb2NoLiDCv0VuIHF1w6kgcHVlZG8gYXl1ZGFydGU/
kzjQAg,,SSBuZWVkIGEgU3BlY2lhbCBUcmlnZ2VyIEFzc2VtYmx5IEtpdC4=,,,,,UHJlY2lzbyBkZSB1bSBLaXQgRXNwZWNpYWwgZGUgTW9udGFnZW0gZGUgR2F0aWxoby4=,,TmVjZXNpdG8gdW4gS2l0IGVzcGVjaWFsIGRlIGVuc2FtYmxhamUgZGUgZ2F0aWxsb3Mu
lDjQAg,,W04uQS5dCkh1aD8gLi4uT2gsIEkgcmVtZW1iZXIgeW91LiBZb3UgZ290IGEgQnV0Y2hlciBmcm9tIHVzLCBkaWRuJ3QgeW91PyBIb3cgYXJlIHlvdSBkb2luZyB3aXRoIHVzaW5nIHlvdXIgQnV0Y2hlcj8=,,,,,W04uQS5dCkjDoz8gLi4uQWgsIGV1IG1lIGxlbWJybyBkZSB2b2PDqi4gVm9jw6ogZ2FuaG91IHVtYSBSZXRhbGhhZG9yYSBkZSBuw7NzLCBuw6NvIGZvaT8gQ29tbyBlc3TDoSBzZSBzYWluZG8gY29tIGVsYT8=,,W04uQS5dCsK/RWg/4oCmIE9oLCBtZSBhY3VlcmRvIGRlIHRpLiBUZSBmYWJyaWNhbW9zIHVuYSBDYXJuaWNlcm8sIMK/dmVyZGFkPyDCv1F1w6kgdGFsIHRlIGVzdMOhIHllbmRvIGNvbiB0dSBDYXJuaWNlcm8/
lTjQAg,,W04uQS5dCi4uLlNheSB3aGF0PyEhIFlvdSBicm9rZSBpdD8gT2gsIG15ISBJIHRob3VnaHQgeW91J2QgdGFrZSBnb29kIGNhcmUgb2YgaXQhIEkgZmVlbCBiZXRyYXllZC4=,,,,,W04uQS5dCi4uLsOJIG8gcXXDqj8hISEgVm9jw6ogYSBxdWVicm91PyBBaCwgbWV1IERldXMhIEFjaGVpIHF1ZSB2b2PDqiBjdWlkYXJpYSBiZW0gZGVsYSEgRXN0b3UgbWUgc2VudGluZG8gdHJhw61kby4=,,W04uQS5dCsKhwr9RdcOpIGRpY2VzPyEgwr9MYSByb21waXN0ZT8gwqFBeSwgRGlvcyEgwqFQZW5zw6kgcXVlIGxhIGN1aWRhcsOtYXMgYmllbiEgTWUgc2llbnRvIHRyYWljaW9uYWRhLg==
ljjQAg,,W04uQS5dClNlcmlvdXNseSwgaG93IGNvdWxkIHlvdSBkbyB0aGlzIHRvIG1lPyBZb3UgYmV0cmF5ZWQgbWUhIEJldHJheWVkIG1lZWVlIQ==,,,,,W04uQS5dClPDqXJpbywgY29tbyB2b2PDqiBww7RkZSBmYXplciBpc3NvIGNvbWlnbz8gVm9jw6ogbWUgdHJhaXUhIE1lIHRyYWl1IQ==,,W04uQS5dCkVuIHNlcmlvLCDCv2PDs21vIHB1ZGlzdGUgaGFjZXJtZSBlc3RvPyDCoU1lIHRyYWljaW9uYXN0ZSEgwqFUcmFpY2nDs25ubm5ubiE=
lzjQAg,,RXhwbGFpbiB3aGF0IGhhcHBlbmVkLg==,,,,,RXhwbGlxdWUgbyBxdWUgYWNvbnRlY2V1Lg==,,RXhwbGljYXIgbG8gcXVlIHN1Y2VkacOzLg==
mDjQAg,,W04uQS5dCi4uLk9oLgpTbywgRi4gSGFycmlzb24gYnJva2UgaXQuIEknbSBzb3JyeSBJIHllbGxlZCBhdCB5b3Uu,,,,,W04uQS5dCi4uLk9oLgpFbnTDo28sIEYuIEhhcnJpc29uIGEgcXVlYnJvdS4gRGVzY3VscGUtbWUgcG9yIHRlciBncml0YWRvIGNvbSB2b2PDqi4=,,W04uQS5dCuKApk9oLgpFbnRvbmNlcywgRi5IYXJyaXNvbiBsYSByb21wacOzLiBTaWVudG8gaGFiZXJ0ZSBncml0YWRvLg==
mTjQAg,,W04uQS5dCkRvY3RvciBTZWxlbmEgbWFuYWdlcyBTcGVjaWFsIFRyaWdnZXIgQXNzZW1ibHkgS2l0cywgYW5kIHJpZ2h0IG5vdyBzaGUncyBvdXQgb2YgdGhlIG9mZmljZS4gSSBkb24ndCBrbm93IHdoZXJlIHRoZXkgYXJlLg==,,,,,W04uQS5dCkEgRHJhLiBTZWxlbmEgZ2VyZW5jaWEgb3MgS2l0cyBFc3BlY2lhaXMgZGUgTW9udGFnZW0gZGUgR2F0aWxobyBlLCBubyBtb21lbnRvLCBlbGEgbsOjbyBlc3TDoSBubyBlc2NyaXTDs3Jpby4gTsOjbyBzZWkgb25kZSBlbGEgZXN0w6Eu,,W04uQS5dCkxhIGRvY3RvcmEgU2VsZW5hIGdlc3Rpb25hIGxvcyBLaXRzIGVzcGVjaWFsZXMgZGUgZW5zYW1ibGFqZSBkZSBnYXRpbGxvcywgcGVybyBhaG9yYSBubyBlc3TDoSBhcXXDrS4gTm8gc8OpIGTDs25kZSBlc3TDoS4=
mjjQAg,,W04uQS5dCkkgZG9uJ3QgaGF2ZSB0aW1lIHRvIGxvb2sgZm9yIHRoZW0sIGVpdGhlciwgYmVjYXVzZSBvZiBteSBuZXcgcmVzZWFyY2ggcHJvamVjdC4gKlNpZ2guLi4qIEkgbmVlZCBlbGVtZW50YWwgYnVsbGV0cyB0byBzdHVkeS4gV2hhdCBkbyBJIGRvPw==,,,,,W04uQS5dClRhbWLDqW0gbsOjbyB0ZW5obyB0ZW1wbyBwYXJhIHByb2N1csOhLWxhIHBvciBjYXVzYSBkbyBtZXUgbm92byBwcm9qZXRvIGRlIHBlc3F1aXNhLiAqU3VzcGlybyouLi4gUHJlY2lzbyBkZSBwcm9qw6l0ZWlzIGVsZW1lbnRhaXMgcGFyYSBlc3R1ZGFyLiBPIHF1ZSBkZXZvIGZhemVyPw==,,W04uQS5dClRhbXBvY28gdGVuZ28gdGllbXBvIHBhcmEgYnVzY2FybGEgZGViaWRvIGEgbWkgbnVldm8gcHJveWVjdG8gZGUgaW52ZXN0aWdhY2nDs24uICpTdXNwaXJh4oCmKiBOZWNlc2l0byBiYWxhcyBlbGVtZW50YWxlcyBwYXJhIGVzdHVkaWFyLiDCv1F1w6kgcHVlZG8gaGFjZXI/
mzjQAg,,SSd2ZSBnb3QgYW4gaWRlYS4=,,,,,VGl2ZSB1bWEgaWRlaWEu,,VGVuZ28gdW5hIGlkZWEu
nDjQAg,,W04uQS5dCk9rYXksIHdoYXQgaXMgaXQ/,,,,,W04uQS5dCkNlcnRvLCBvIHF1ZSDDqT8=,,W04uQS5dCkJpZW4sIMK/cXXDqSBpZGVhPw==
nTjQAg,,V2UgY2FuIGhlbHAgZWFjaCBvdGhlci4=,,,,,UG9kZW1vcyBhanVkYXIgdW0gYW8gb3V0cm8u,,UG9kZW1vcyBheXVkYXJub3MgbXV0dWFtZW50ZS4=
njjQAg,,W04uQS5dCk9oLCB0aGF0J3MgYSBncmVhdCBpZGVhISBPa2F5LCB0aGVuIEknbGwgbG9vayBmb3IgeW91ciBTcGVjaWFsIFRyaWdnZXIgQXNzZW1ibHkgS2l0LiBQbGVhc2UgZ28gZ2V0IHNvbWUgZWxlbWVudGFsIGJ1bGxldHMgZm9yIG1lLg==,,,,,W04uQS5dCkVzc2Egw6kgdW1hIMOzdGltYSBpZGVpYSEgQ2VydG8sIGVudMOjbyB2b3UgcHJvY3VyYXIgc2V1IEtpdCBFc3BlY2lhbCBkZSBNb250YWdlbSBkZSBHYXRpbGhvLiBQb3IgZmF2b3IsIHbDoSBidXNjYXIgYWxndW5zIHByb2rDqXRlaXMgZWxlbWVudGFpcyBwYXJhIG1pbS4=,,W04uQS5dCsKhVmF5YSwgcXXDqSBidWVuYSBpZGVhISBNdXkgYmllbiwgZW50b25jZXMsIHlvIGJ1c2NhcsOpIHR1IEtpdCBlc3BlY2lhbCBkZSBlbnNhbWJsYWplIGRlIGdhdGlsbG9zLiBZIHTDuiBidXNjYSBhbGd1bmFzIGJhbGFzIGVsZW1lbnRhbGVzIHBhcmEgbcOtLg==
nzjQAg,,W04uQS5dCkkgbmVlZCAzMCBidWxsZXRzIG9mIG9uZSBvZiB0aGUgZm9sbG93aW5nIGtpbmRzOiBeRkYwMDAwUG9pc29uLCBGbGFyZSwgTGlnaHRuaW5nLCBCbGluZGluZywgb3IgSWNlXjAwMDAwMC4=,,,,,W04uQS5dClByZWNpc28gZGUgMzAgcHJvasOpdGVpcyBkZSB1bSBkb3Mgc2VndWludGVzIHRpcG9zOiBeRkYwMDAwVmVuZW5vLCBJbmNlbmRpw6FyaW8sIFJlbMOibXBhZ28sIENlZ2FudGUgb3UgR2Vsb14wMDAwMDAu,,W04uQS5dCk5lY2VzaXRvIDMwIGJhbGFzIGRlIHVubyBkZSBsb3Mgc2lndWllbnRlcyB0aXBvczogXjY2MDAwMEVudmVuZW5hZGEsIEJlbmdhbGEsIFJlbMOhbXBhZ28sIENlZ2Fkb3JhIG8gSGllbG9eMDAwMDAwLg==
oDjQAg,,W04uQS5dCkkgbmVlZCAzMCBidWxsZXRzIG9mIG9uZSBvZiB0aGUgZm9sbG93aW5nIGtpbmRzOiBQb2lzb24sIEZsYXJlLCBMaWdodG5pbmcsIEJsaW5kaW5nLCBvciBJY2UuIERvIHlvdSBoYXZlIHRoZW0/,,,,,W04uQS5dClByZWNpc28gZGUgMzAgcHJvasOpdGVpcyBkZSB1bSBkb3Mgc2VndWludGVzIHRpcG9zOiBWZW5lbm8sIEluY2VuZGnDoXJpbywgUmVsw6JtcGFnbywgQ2VnYW50ZSBvdSBHZWxvLiBWb2PDqiB0ZW0/,,W04uQS5dCk5lY2VzaXRvIDMwIGJhbGFzIGRlIHVubyBkZSBsb3Mgc2lndWllbnRlcyB0aXBvczogRW52ZW5lbmFkYSwgQmVuZ2FsYSwgUmVsw6FtcGFnbywgQ2VnYWRvcmEgbyBIaWVsby4gwr9MYXMgdGllbmVzPw==
oTjQAg,,MzAgUG9pc29uIEJ1bGxldHM=,,,,,MzAgUHJvasOpdGVpcyBWZW5lbm9zb3M=,,MzAgQmFsYXMgZW52ZW5lbmFkYXMu
ojjQAg,,MzAgRmxhcmUgQnVsbGV0cw==,,,,,MzAgUHJvasOpdGVpcyBJbmNlbmRpw6FyaW9z,,MzAgQmFsYXMgYmVuZ2FsYS4=
ozjQAg,,MzAgTGlnaHRuaW5nIEJ1bGxldHM=,,,,,MzAgUHJvasOpdGVpcyBSZWzDom1wYWdv,,MzAgQmFsYXMgcmVsw6FtcGFnby4=
pDjQAg,,MzAgQmxpbmRpbmcgQnVsbGV0cw==,,,,,MzAgUHJvasOpdGVpcyBDZWdhbnRlcw==,,MzAgQmFsYXMgY2VnYWRvcmFzLg==
pTjQAg,,MzAgSWNlIEJ1bGxldHM=,,,,,MzAgUHJvasOpdGVpcyBkZSBHZWxv,,MzAgQmFsYXMgZGUgaGllbG8u
pjjQAg,,W04uQS5dClBsZWFzZSBicmluZyB0aGVtIGlmIHlvdSBmaW5kIHRoZW0u,,,,,W04uQS5dClBvciBmYXZvciwgbWUgdHJhZ2Egdm9jw6ogZW5jb250cmFyLg==,,W04uQS5dClRyw6FlbGFzIHNpIGxhcyBlbmN1ZW50cmFzLg==
pzjQAg,,W04uQS5dCk1tPyBXaGVyZT8gSSBjYW4ndCBzZWUgdGhlbS4gUGxlYXNlIGdvIGJyaW5nIHRoZW0u,,,,,W04uQS5dCkh1bT8gT25kZT8gTsOjbyBjb25zaWdvIHbDqi1sb3MuIFBvciBmYXZvciwgdsOhIGJ1c2PDoS1sb3Mu,,W04uQS5dCsK/TW1tPyDCv0TDs25kZT8gTm8gbGFzIHZlby4gVmUgYSB0cmFlcmxhcy4=
qDjQAg,,W04uQS5dCk9oLCB5b3UndmUgYnJvdWdodCB0aGVtISBJIGp1c3QgZmluaXNoZWQgc2VhcmNoaW5nIERvY3RvciBTZWxlbmEncyBvZmZpY2UgYW5kIGZvdW5kIHlvdXIga2l0LCB0b28uIE5vdywgbGV0J3MgdHJhZGUh,,,,,W04uQS5dCkFoLCB2b2PDqiBvcyB0cm91eGUhIEFjYWJlaSBkZSBwcm9jdXJhciBubyBlc2NyaXTDs3JpbyBkYSBEcmEuIFNlbGVuYSBlIGVuY29udHJlaSBzZXUgS2l0IHRhbWLDqW0uIEFnb3JhLCB2YW1vcyB0cm9jYXIh,,W04uQS5dCsKhT2gsIGxhcyB0cmFqaXN0ZSEgRXN0dXZlIGJ1c2NhbmRvIGVuIGxhIG9maWNpbmEgZGUgbGEgZG9jdG9yYSBTZWxlbmEgeSBlbmNvbnRyw6kgdHUgS2l0LiBBaG9yYSwgwqFjb21lcmNpZW1vcyE=
qTjQAg,,LSBJIGdhdmUgbXkgZWxlbWVudGFsIGJ1bGxldHMgdG8gTi5BLiBhbmQgcmVjZWl2ZWQgYSBTcGVjaWFsIFRyaWdnZXIgQXNzZW1ibHkgS2l0LiAt,,,,,LSBEZWkgbWV1cyBwcm9qw6l0ZWlzIGVsZW1lbnRhaXMgcGFyYSBOLkEuIGUgcmVjZWJpIHVtIEtpdCBFc3BlY2lhbCBkZSBNb250YWdlbSBkZSBHYXRpbGhvLiAt,,KExlIGVudHJlZ3XDqSBtaXMgYmFsYXMgZWxlbWVudGFsZXMgYSBOLkEuIHkgcmVjaWLDrSB1biBLaXQgZXNwZWNpYWwgZGUgZW5zYW1ibGFqZSBkZSBnYXRpbGxvcyku
qjjQAg,,W04uQS5dCkYuIEhhcnJpc29uIGlzIGdvb2Qgd2l0aCBoaXMgaGFuZHMuIEknbSBzdXJlIGhlIGNhbiBmaXggeW91ciB3ZWFwb24gbGlrZSBuZXcuIE5vdywgZ29vZGJ5ZSE=,,,,,W04uQS5dCkYuIEhhcnJpc29uIMOpIGJvbSBjb20gYXMgbcOjb3MuIFRlbmhvIGNlcnRlemEgZGUgcXVlIGVsZSBwb2RlIGNvbnNlcnRhciBzdWEgYXJtYSBlIGRlaXjDoS1sYSBjb21vIG5vdmEuIEFnb3JhLCBhZGV1cyE=,,W04uQS5dCkYuSGFycmlzb24gZXMgaMOhYmlsIGNvbiBsYXMgbWFub3MuIFNlZ3VybyBxdWUgcHVlZGUgYXJyZWdsYXIgdHUgYXJtYSB5IGRlamFybGEgY29tbyBudWV2YS4gQmllbiwgwqFhZGnDs3Mh
qzjQAg,,VGFsaw==,,,,,Q29udmVyc2Fy,,SGFibGFyLg==
rDjQAg,,W04uQS5dCklmIHlvdSBoYXZlIEd1bnNsaW5nZXIgZnJpZW5kcywgcGxlYXNlIGxldCB0aGVtIGtub3cgSSd2ZSBnb3Qgc29tZSBpbmZvcm1hdGlvbiBhYm91dCBuZXcgd2VhcG9ucy4gSG8gaG8u,,,,,W04uQS5dClNlIHZvY8OqIHRpdmVyIGFtaWdvcyBKdXN0aWNlaXJvcywgYXZpc2Utb3MgcXVlIHRlbmhvIGFsZ3VtYXMgaW5mb3JtYcOnw7VlcyBzb2JyZSBub3ZhcyBhcm1hcy4gSG8gaG8u,,W04uQS5dClNpIHRpZW5lcyBhbWlnb3MgUGlzdG9sZXJvcywgaGF6bGVzIHNhYmVyIHF1ZSB0ZW5nbyBpbmZvcm1hY2nDs24gc29icmUgYXJtYXMgbnVldmFzLiBKbywgam8u
rTjQAg,,TGVhcm4gYWJvdXQgdGhlIG5ldyBCdXRjaGVyLg==,,,,,U2FpYmEgbWFpcyBzb2JyZSBhIG5vdmEgUmV0YWxoYWRvcmEu,,QXZlcmlndWFyIHNvYnJlIGxhIG51ZXZhIENhcm5pY2Vyby4=
rjjQAg,,TGVhcm4gYWJvdXQgdGhlIG5ldyBEcmlmdGVyLg==,,,,,U2FpYmEgbWFpcyBzb2JyZSBvIG5vdm8gQW5kYXJpbGhvLg==,,QXZlcmlndWFyIHNvYnJlIGxhIG51ZXZhIEVycmFidW5kYS4=
rzjQAg,,W04uQS5dCk9oLCB3ZSd2ZSBqdXN0IGZpbmlzaGVkIGRldmVsb3BpbmcgdGhpcyB3ZWFwb24uIE5ld3Mgc3ByZWFkcyBmYXN0LCBkb2Vzbid0IGl0Pw==,,,,,W04uQS5dCkFjYWJhbW9zIGRlIGRlc2Vudm9sdmVyIGVzc2EgYXJtYS4gQXMgbm90w61jaWFzIHNlIGVzcGFsaGFtIHLDoXBpZG8sIG7Do28gw6k/,,W04uQS5dCk9oLCBoYWNlIHBvY28gdGVybWluYW1vcyBkZSBkZXNhcnJvbGxhciBlc3RhIGFybWEuIExhcyBub3RpY2lhcyB2dWVsYW4sIMK/dmVyZGFkPw==
sDjQAg,,W04uQS5dCl5GRjAwMDBCdXRjaGVyXjAwMDAwMCBpcyBhIG5ldyBHYXRsaW5nIGd1biB0aGF0IHRoZSBFaW5icm9jaCBHdW4gTGFiIGhhcyBjcmVhdGVkIHdpdGggZXZlcnkgdGVjaG5vbG9neSBpdCBoYXMuIF5GRjAwMDBEcmlmdGVyXjAwMDAwMCBpcyBnb29kLCBidXQgXkZGMDAwMEJ1dGNoZXJeMDAwMDAwIGlzIGJldHRlciB3aGVyZSBmaXJlcG93ZXIgaXMgY29uY2VybmVkLg==,,,,,W04uQS5dCkEgXkZGMDAwMFJldGFsaGFkb3JhXjAwMDAwMCDDqSB1bWEgbm92YSBNZXRyYWxoYWRvcmEgcXVlIG8gTGFib3JhdMOzcmlvIGRlIEFybWFzIGRlIEVpbmJyb2NoIGNyaW91IGNvbSB0b2RhIGEgdGVjbm9sb2dpYSBxdWUgcG9zc3VpLiBPIF5GRjAwMDBBbmRhcmlsaG9eMDAwMDAwIMOpIGJvbSwgbWFzIGEgXkZGMDAwMFJldGFsaGFkb3JhXjAwMDAwMCDDqSBtZWxob3Igbm8gcXVlIGRpeiByZXNwZWl0byBhIHBvZGVyIGRlIGZvZ28u,,W04uQS5dCl42NjAwMDBDYXJuaWNlcm9eMDAwMDAwIGVzIHVuYSBudWV2YSBhbWV0cmFsbGFkb3JhIHF1ZSBlbCBMYWJvcmF0b3JpbyBkZSBhcm1hcyBkZSBFaW5icm9jaCBjcmXDsyBjb24gdG9kYSBsYSB0ZWNub2xvZ8OtYSBxdWUgdGllbmUgZGlzcG9uaWJsZS4gXjY2MDAwMEVycmFidW5kYV4wMDAwMDAgZXMgYnVlbmEsIHBlcm8gXjY2MDAwMENhcm5pY2Vyb14wMDAwMDAgdGllbmUgbWVqb3IgcG90ZW5jaWEgZGUgZnVlZ28u
sTjQAg,,W04uQS5dCkluIGZhY3QsIGl0cyBuYW1lIHdhcyBjb2luZWQgZnJvbSBpdHMgZGVzdHJ1Y3RpdmUgcG93ZXIu,,,,,W04uQS5dCkRlIGZhdG8sIHNldSBub21lIGZvaSBjdW5oYWRvIGEgcGFydGlyIGRlIHNldSBwb2RlciBkZXN0cnV0aXZvLg==,,W04uQS5dCkRlIGhlY2hvLCBzdSBub21icmUgaGFjZSByZWZlcmVuY2lhIGEgc3UgcG9kZXIgZGVzdHJ1Y3Rpdm8u
sjjQAg,,W04uQS5dCkl0J3MgYWxzbyBkaWZmaWN1bHQgdG8gaGFuZGxlIGV2ZW4gZm9yIHRoZSBzdHJvbmdlc3Qgb2YgYWxsIEd1bnNsaW5nZXJzLg==,,,,,W04uQS5dCk1hcyB0YW1iw6ltIMOpIGRpZsOtY2lsIGRlIG1hbnVzZWFyLCBtZXNtbyBwYXJhIG9zIG1haXMgZm9ydGVzIEp1c3RpY2Vpcm9zLg==,,W04uQS5dClRhbWJpw6luIGVzIGRpZsOtY2lsIGRlIG1hbmVqYXIgaW5jbHVzbyBwYXJhIGVsIG3DoXMgZnVlcnRlIGRlIHRvZG9zIGxvcyBQaXN0b2xlcm9zLg==
szjQAg,,W04uQS5dCkFyZSB5b3Ugc3VyZSB5b3UgY2FuIGhhbmRsZSBpdD8=,,,,,W04uQS5dClRlbSBjZXJ0ZXphIGRlIHF1ZSBwb2RlIGxpZGFyIGNvbSBlbGE/,,W04uQS5dCsK/U2VndXJvIHF1ZSBwdWVkZXMgY29uIGVsbGE/
tDjQAg,,SSBkb24ndCBrbm93Lg==,,,,,RXUgbsOjbyBzZWku,,Tm8gbG8gc8OpLg==
tTjQAg,,WWVzLCBJIGFtIQ==,,,,,U2ltLCBlc3RvdSE=,,wqFTw60sIHB1ZWRvIQ==
tjjQAg,,W04uQS5dCl5GRjAwMDBCdXRjaGVyXjAwMDAwMCBpcyBub3QgZm9yIHRoZSBmYWludC1oZWFydGVkLiBQbGVhc2UgY29tZSBiYWNrIHdoZW4geW91J3JlIGNvbmZpZGVudCBpbiB5b3VyIGFiaWxpdHkgdG8gaGFuZGxlIGl0LiBOb3csIGdvb2RieWUh,,,,,W04uQS5dCkEgXkZGMDAwMFJldGFsaGFkb3JhXjAwMDAwMCBuw6NvIMOpIHBhcmEgb3MgZnJhY29zIGRlIGNvcmHDp8Ojby4gVm9sdGUgcXVhbmRvIGVzdGl2ZXIgY29uZmlhbnRlIGVtIHN1YSBjYXBhY2lkYWRlIGRlIGxpZGFyIGNvbSBlbGEuIEFnb3JhLCBhZGV1cyE=,,W04uQS5dCl42NjAwMDBDYXJuaWNlcm9eMDAwMDAwIG5vIGVzIGFkZWN1YWRhIHBhcmEgY29iYXJkZXMuIFZ1ZWx2ZSBjdWFuZG8gY29uZsOtZXMgZW4gdHUgaGFiaWxpZGFkIHBhcmEgdXNhcmxhLiBCaWVuLCDCoWFkacOzcyE=
tzjQAg,,W04uQS5dCk9vaCwgSSBsaWtlIHlvdXIgY29uZmlkZW5jZSEgQnV0IGFueW9uZSBjYW4gYmUgY29uZmlkZW50LiBXaGV0aGVyIG9yIG5vdCB0aGV5J3JlIHJlbGlhYmxlIGlzIGEgZGlmZmVyZW50IG1hdHRlci4gSG93IGNhbiB5b3UgcHJvdmUgeW91ciByZWxpYWJpbGl0eT8=,,,,,W04uQS5dCkFoaCwgZ29zdGVpIGRhIHN1YSBjb25maWFuw6dhISBNYXMgcXVhbHF1ZXIgcGVzc29hIHBvZGUgc2VyIGNvbmZpYW50ZS4gU2Ugdm9jw6ogw6kgY29uZmnDoXZlbCBvdSBuw6NvLCDDqSBvdXRyYSBxdWVzdMOjby4gQ29tbyB2b2PDqiBwb2RlIHByb3ZhciBxdWUgw6kgY29uZmnDoXZlbD8=,,W04uQS5dCsKhTWUgZ3VzdGEgdHUgY29uZmlhbnphISBQZXJvIGN1YWxxdWllcmEgcHVlZGUgdGVuZXIgY29uZmlhbnphLiBRdWUgc2VhcyBjb25maWFibGUgbyBubyBlcyBvdHJhIGN1ZXN0acOzbi4gwr9Dw7NtbyBwdWVkZXMgZGVtb3N0cmFyIHF1ZSBlcmVzIGNvbmZpYWJsZT8=
uDjQAg,,W04uQS5dCk1tLi4uLi4u,,,,,W04uQS5dCkh1bS4uLi4uLg==,,W04uQS5dCk1tbeKApg==
uTjQAg,,W04uQS5dCk9oLCBJJ3ZlIGdvdCBhbiBpZGVhLg==,,,,,W04uQS5dCkFoLCB0aXZlIHVtYSBpZGVpYS4=,,W04uQS5dCkFoLCB0ZW5nbyB1bmEgaWRlYS4=
ujjQAg,,W04uQS5dClRoaW5rIHlvdSBjYW4gYnJpbmcgbWUgXkZGMDAwMDEsMDAwIE9yYyBDbGF3c14wMDAwMDAgYW5kIF5GRjAwMDAxLDAwMCBTa2VsLUJvbmVzXjAwMDAwMD8gVGhlbiwgSSdsbCBnaXZlIHlvdSBhIF5GRjAwMDBCdXRjaGVyXjAwMDAwMC4=,,,,,W04uQS5dClZvY8OqIGFjaGEgcXVlIHBvZGUgbWUgdHJhemVyIF5GRjAwMDAxLjAwMCBHYXJyYXMgZGUgT3JjXjAwMDAwMCBlIF5GRjAwMDAxLjAwMCBFc3F1ZWxlLU9zc29zXjAwMDAwMD8gQcOtIGV1IGxoZSBkYXJlaSB1bWEgXkZGMDAwMFJldGFsaGFkb3JhXjAwMDAwMC4=,,W04uQS5dCsK/Q3JlZXMgcXVlIHB1ZWRlcyB0cmFlcm1lIF42NjAwMDAxMDAwIEdhcnJhcyBkZSBvcmNvXjAwMDAwMCB5IF42NjAwMDAxMDAwIEh1ZXNvcyBkZSBlc3F1ZWxldG9eMDAwMDAwPyBTaSBsbyBoYWNlcywgdGUgZGFyw6kgdW5hIF42NjAwMDBDYXJuaWNlcm9eMDAwMDAwLg==
uzjQAg,,W04uQS5dClNheSwgdGhpcyBpcyBub3QgdW5yZWFzb25hYmxlLCBpcyBpdD8gSG8gaG8uIFNob3cgbWUgeW91ciBza2lsbHMu,,,,,W04uQS5dCk7Do28gw6kgcGVkaXIgZGVtYWlzLCBuw6k/IEhvIGhvLiBNb3N0cmUgZG8gcXVlIMOpIGNhcGF6Lg==,,W04uQS5dCk5vIGVzIHRhbiBkZXNjYWJlbGxhZG8sIMK/dmVyZGFkPyBKbywgam8uIE11w6lzdHJhbWUgdHVzIGhhYmlsaWRhZGVzLg==
vDjQAg,,W04uQS5dCk9oLCB5b3Ugd2FudCB0byBrbm93IGFib3V0IG91ciBuZXcgd2VhcG9uLCBeRkYwMDAwRHJpZnRlcl4wMDAwMDAu,,,,,W04uQS5dCkFoLCB2b2PDqiBxdWVyIHNhYmVyIHNvYnJlIG5vc3NhIG5vdmEgYXJtYSwgbyBeRkYwMDAwQW5kYXJpbGhvXjAwMDAwMC4=,,W04uQS5dCkFoLCBxdWllcmVzIHNhYmVyIHNvYnJlIG51ZXN0cmEgbnVldmEgYXJtYSwgXjY2MDAwMEVycmFidW5kYV4wMDAwMDAu
vTjQAg,,W04uQS5dCl5GRjAwMDBEcmlmdGVyXjAwMDAwMCBpcyBvbmUgb2YgRG9jdG9yIFNlbGVuYSdzIG1hc3RlcnBpZWNlcy4gSXQncyBhbiBlbGVjdHJpYyBzcGlubmluZyByaWZsZSB0aGF0IGJvYXN0cyBhbiBpbmNyZWRpYmxlIGZpcmluZyBzcGVlZC4gSXQncyBieSBmYXIgdGhlIGZhc3Rlc3Qgd2VhcG9uIHRoYXQgR3Vuc2xpbmdlcnMgY2FuIHVzZS4=,,,,,W04uQS5dCk8gXkZGMDAwMEFuZGFyaWxob14wMDAwMDAgw6kgdW1hIGRhcyBvYnJhcy1wcmltYXMgZGEgRHJhLiBTZWxlbmEuIMOJIHVtIHJpZmxlIGVsw6l0cmljbyBnaXJhdMOzcmlvIHF1ZSBhcHJlc2VudGEgdW1hIGluY3LDrXZlbCB2ZWxvY2lkYWRlIGRlIGRpc3Bhcm8uIMOJIGRlIGxvbmdlIGEgYXJtYSBtYWlzIHLDoXBpZGEgcXVlIG9zIEp1c3RpY2Vpcm9zIHBvZGVtIHVzYXIu,,W04uQS5dCl42NjAwMDBFcnJhYnVuZGFeMDAwMDAwIGVzIHVuYSBkZSBsYXMgb2JyYXMgbWFlc3RyYXMgZGUgbGEgZG9jdG9yYSBTZWxlbmEuIEVzIHVuIHJpZmxlIGdpcmF0b3JpbyBlbMOpY3RyaWNvIGNvbiB1bmEgaW5jcmXDrWJsZSB2ZWxvY2lkYWQgZGUgZGlzcGFyby4gRXMsIHBvciBsZWpvcywgZWwgYXJtYSBtw6FzIHLDoXBpZGEgcXVlIHB1ZWRlbiB1c2FyIGxvcyBQaXN0b2xlcm9zLg==
vjjQAg,,W04uQS5dCk9mIGNvdXJzZSwgaXQgcmVxdWlyZXMgdGhlIEdhdGxpbmcgR3VuIHNraWxscywgYnV0IGlmIHlvdSdyZSB1c2VkIHRvIEdhdGxpbmcgZ3VucywgdGhlbiB5b3Ugd29uJ3QgaGF2ZSBhIHByb2JsZW0gdXNpbmcgXkZGMDAwMERyaWZ0ZXJeMDAwMDAwLg==,,,,,W04uQS5dCsOJIGNsYXJvIHF1ZSBpc3NvIHJlcXVlciBoYWJpbGlkYWRlcyBkZSBNZXRyYWxoYWRvcmEsIG1hcyBzZSB2b2PDqiBlc3RpdmVyIGFjb3N0dW1hZG8gZXNzZSB0aXBvIGRlIGFybWEsIG7Do28gdGVyw6EgcHJvYmxlbWFzIGVtIHVzYXIgbyBeRkYwMDAwQW5kYXJpbGhvXjAwMDAwMC4=,,W04uQS5dClBvciBzdXB1ZXN0bywgcmVxdWllcmUgbGFzIGhhYmlsaWRhZGVzIGRlIGxhcyBBbWV0cmFsbGFkb3JhcywgcGVybywgc2kgeWEgaGFzIHVzYWRvIEFtZXRyYWxsYWRvcmFzIGFudGVzLCBubyB0ZW5kcsOhcyBwcm9ibGVtYXMgcGFyYSB1c2FyIGEgXjY2MDAwMEVycmFidW5kYV4wMDAwMDAu
vzjQAg,,W04uQS5dCldvdWxkIHlvdSBsaWtlIHRvIHVzZSBeRkYwMDAwRHJpZnRlcl4wMDAwMDA/,,,,,W04uQS5dClZvY8OqIGdvc3RhcmlhIGRlIHVzYXIgbyBeRkYwMDAwQW5kYXJpbGhvXjAwMDAwMD8=,,W04uQS5dCsK/VGUgZ3VzdGFyw61hIHVzYXIgYSBeNjYwMDAwRXJyYWJ1bmRhXjAwMDAwMD8=
wDjQAg,,W04uQS5dCkxldCBtZSBrbm93IGlmIHlvdSBjaGFuZ2UgeW91ciBtaW5kLiBOb3csIGdvb2RieWUh,,,,,W04uQS5dCk1lIGF2aXNlIHNlIG11ZGFyIGRlIGlkZWlhLiBBZ29yYSwgYWRldXMh,,W04uQS5dCkF2w61zYW1lIHNpIGNhbWJpYXMgZGUgb3BpbmnDs24uIEJpZW4sIMKhYWRpw7NzIQ==
wTjQAg,,W04uQS5dClRoZSBeRkYwMDAwRHJpZnRlcl4wMDAwMDAgbWF0ZXJpYWxzIGFyZSBzbyBkaWZmaWN1bHQgdG8gZmluZCB0aGF0IHdlIGNhbiBvbmx5IG1hbnVmYWN0dXJlIGl0IG9uIGEgcmVzZXJ2YXRpb24gYmFzaXMuIFRoYXQgaXMsIGlmIHlvdSBicmluZyB0aGUgXkZGMDAwMERyaWZ0ZXJeMDAwMDAwIG1hdGVyaWFscywgd2UnbGwgbWFrZSBpdCBmb3IgeW91Lg==,,,,,W04uQS5dCk9zIG1hdGVyaWFpcyBwYXJhIG8gXkZGMDAwMEFuZGFyaWxob14wMDAwMDAgc8OjbyB0w6NvIGRpZsOtY2VpcyBkZSBlbmNvbnRyYXIgcXVlIHPDsyBwb2RlbW9zIGZhYnJpY8OhLWxvIHNlIGFsZ3XDqW0gZml6ZXIgbyBwZWRpZG8uIE91IHNlamEsIHNlIHZvY8OqIHRyb3V4ZXIgb3MgbWF0ZXJpYWlzIGRvIF5GRjAwMDBBbmRhcmlsaG9eMDAwMDAwLCBuw7NzIG8gZmFicmljYXJlbW9zIHBhcmEgdm9jw6ou,,W04uQS5dCkxvcyBtYXRlcmlhbGVzIHBhcmEgXjY2MDAwMEVycmFidW5kYV4wMDAwMDAgc29uIHRhbiBkaWbDrWNpbGVzIGRlIGNvbnNlZ3VpciBxdWUgc29sbyBwb2RlbW9zIGZhYnJpY2FybGEgc2kgbGEgcmVzZXJ2YXMgcHJpbWVyby4gRXMgZGVjaXIsIHNpIHRyYWVzIGxvcyBtYXRlcmlhbGVzIHBhcmEgXjY2MDAwMEVycmFidW5kYV4wMDAwMDAsIGxhIGZhYnJpY2FyZW1vcy4=
wjjQAg,,W04uQS5dCkxldCBtZSB0ZWxsIHlvdSB3aGF0IHRoZXkgYXJlLiBQbGVhc2UgYnJpbmcgdGhlbSB0byBtZS4=,,,,,W04uQS5dCkRlaXhlLW1lIGxoZSBkaXplciBxdWFpcyBzw6NvLiBQb3IgZmF2b3IsIHRyYWdhLW9zIHBhcmEgbWltLg==,,W04uQS5dClRlIGRpcsOpIGN1w6FsZXMgc29uLiBUcsOhZWxvcyBjdWFuZG8gbG9zIHRlbmdhcy4=
wzjQAg,,W04uQS5dCkkgd2FudGVkIHRvIHNoYXJlIHNvbWUgaW5mb3JtYXRpb24gYWJvdXQgb3VyIG5ldyB3ZWFwb25zLCBidXQgaWYgeW91J3JlIGJ1c3ksIEkgdW5kZXJzdGFuZC4gTm93LCBnb29kYnllIQ==,,,,,W04uQS5dCkV1IHF1ZXJpYSBjb21wYXJ0aWxoYXIgYWxndW1hcyBpbmZvcm1hw6fDtWVzIHNvYnJlIG5vc3NhcyBub3ZhcyBhcm1hcywgbWFzIHNlIHZvY8OqIGVzdGl2ZXIgb2N1cGFkbywgZXUgZW50ZW5kby4gQWdvcmEsIGFkZXVzIQ==,,W04uQS5dClF1ZXLDrWEgY29udGFydGUgc29icmUgbnVlc3RyYXMgbnVldmFzIGFybWFzLCBwZXJvLCBzaSBlcyBubyBlcyB1biBidWVuIG1vbWVudG8sIGxvIGVudGllbmRvLiBCaWVuLCDCoWFkacOzcyE=
xDjQAg,,W04uQS5dCi4uLkZldmVyLi4uIExhc3QgU3RhbmQuLi4gTW0uLi4gMTgwIG0vcyBvciBncmVhdGVyLi4u,,,,,W04uQS5dCi4uLkF0YXF1ZSBHYXRsaW5nLi4gUmVzaXN0w6puY2lhIEZpbmFsLi4uIEh1bS4uLiAxODAgbS9zIG91IG1haXMuLi4=,,W04uQS5dCuKApkZpZWJyZeKApiDDmmx0aW1hIGzDrW5lYeKApiBNbW3igKYgMTgwIG0vcyBvIHN1cGVyaW9y4oCm
xTjQAg,,W04uQS5dCk9oLCBJJ20gc29ycnkuIEknbSBidXN5IGRldmVsb3BpbmcgYSBuZXcgd2VhcG9uLg==,,,,,W04uQS5dCk9oLCBtZSBkZXNjdWxwZS4gRXN0b3Ugb2N1cGFkbyBkZXNlbnZvbHZlbmRvIHVtYSBub3ZhIGFybWEu,,W04uQS5dCkF5LCBsbyBzaWVudG8uIEVzdG95IG9jdXBhZGEgZGVzYXJyb2xsYW5kbyB1biBhcm1hIG51ZXZhLg==
xjjQAg,,Ri4gSGFycmlzb24=,,,,,Ri4gSGFycmlzb24=,,Ri4gSGFycmlzb24=
xzjQAg,,W0YuIEhhcnJpc29uXQpNbS4uLiBNbT8gQWguLi4gQWg/,,,,,W0YuIEhhcnJpc29uXQpIdW0uLi4gSHVtPyBBaC4uLiBBaD8=,,W0YuSGFycmlzb25dCk1tbeKApiDCv01tbT8gQWjigKYgwr9FaD8=
yDjQAg,,W0YuIEhhcnJpc29uXQpXaGV3Li4uIE1tLCBtbS4uLiBPb28uLi4=,,,,,W0YuIEhhcnJpc29uXQpVZmEuLi4gSHVtLCBodW0uLi4gT29vLi4u,,W0YuSGFycmlzb25dClVm4oCmIE1tbSwgbW1t4oCmIE9vb2jigKY=
yTjQAg,,R2l2ZSBtZSBteSBCdXRjaGVyIGJhY2su,,,,,TWUgZGV2b2x2YSBtaW5oYSBSZXRhbGhhZG9yYS4=,,RGV2dcOpbHZlbWUgbWkgQ2FybmljZXJvLg==
yjjQAg,,W0YuIEhhcnJpc29uXQpIdWg/IEFoLi4uISBNbS4uLiBBaC4uLiBFcnIuLi4=,,,,,W0YuIEhhcnJpc29uXQpIw6M/IEFoLi4uISBIdW0uLi4gQWguLi4gRXJyLi4u,,W0YuSGFycmlzb25dCsK/RWg/IMKhQWjigKYhIE1tbeKApiBBaOKApiBFaOKApg==
yzjQAg,,W0YuIEhhcnJpc29uXQpBY3R1YWxseSwgdGhhdCdzLi4uIEhhaCBoYWgsIGhhaCBoYWggaGFoIGhhaCBoYWgh,,,,,W0YuIEhhcnJpc29uXQpOYSB2ZXJkYWRlLCBpc3NvIMOpLi4uIEhhaCBoYWgsIGhhaCBoYWggaGFoIGhhaCBoYWggaGFoIQ==,,W0YuSGFycmlzb25dCkVuIHJlYWxpZGFkLCBlc28gZXPigKYgwqFKYSwgamEsIGphLCBqYSwgamEsIGphIQ==
zDjQAg,,W0YuIEhhcnJpc29uXQpZb3Uga25vdyEhIE13YSBoYWggaGFoIGhhaCE=,,,,,W0YuIEhhcnJpc29uXQpWb2PDqiBzYWJlISEhIE13YSBoYWggaGFoIGhhaCE=,,W0YuSGFycmlzb25dCsKhwr9TYWJlcz8hIMKhTXVhamFqYWphamEh
zTjQAg,,W0YuIEhhcnJpc29uXQpJIGp1c3Qgd2FudGVkIHRvISBNd2EgaGFoIGhhaCBoYWgh,,,,,W0YuIEhhcnJpc29uXQpFdSBzw7MgcXVlcmlhISBNd2EgaGFoIGhhaCBoYWgh,,W0YuSGFycmlzb25dCsKhU29sbyBxdWVyw61h4oCmISDCoUphLCBqYSwgamEsIGphIQ==
zjjQAg,,W0YuIEhhcnJpc29uXQpHaXZlIGl0IGEgdHJ5LiBZZXMh,,,,,W0YuIEhhcnJpc29uXQpFeHBlcmltZW50ZS4gSXNzbyE=,,W0YuSGFycmlzb25dClByb2JhcmxhLiDCoVPDrSE=
zzjQAg,,W0YuIEhhcnJpc29uXQpCdXQgaXQgd291bGRuJ3QgYnVkZ2UuIFNvLCBJIHRhcHBlZCBpdCBhIGZldyB0aW1lcy4gTGlrZSB0aGlzLiBNd2EgaGFoIGhhaCBoYWgh,,,,,W0YuIEhhcnJpc29uXQpNYXMgZWxhIG7Do28gZnVuY2lvbmF2YS4gRW50w6NvLCBldSBiYXRpIGFsZ3VtYXMgdmV6ZXMuIEFzc2ltLiBNd2EgaGFoIGhhaCBoYWgh,,W0YuSGFycmlzb25dClBlcm8gbm8gZnVuY2lvbmFiYS4gQXPDrSBxdWUgbGUgZGkgdW5vcyBnb2xwZWNpdG9zLiBBc8OtLiDCoU11YWphamFqYWphamEh
0DjQAg,,W0YuIEhhcnJpc29uXQpBbmQuLi4gSGFoIGhhaC4uLiBJdCBicm9rZS4gQm9vaG9vIQ==,,,,,W0YuIEhhcnJpc29uXQpFLi4uIEhhaCBoYWguLi4gUXVlYnJvdS4gUXVlIHBlbmEh,,W0YuSGFycmlzb25dClnigKYgSmEsIGph4oCmIFNlIHJvbXBpw7MuIMKhQnUh
0TjQAg,,W0YuIEhhcnJpc29uXQpCdXQgeW91IGtub3cgSSdtIGdvb2Qgd2l0aCBteSBoYW5kcy4gSSB0aG91Z2h0IEkgY291bGQgZml4IGl0LCBzbyBJIGRpc21hbnRsZWQgaXQuIEkgcmVhbGl6ZWQgSSBkaWRuJ3QgaGF2ZSBlbm91Z2ggbWF0ZXJpYWxzIHRvIGZpeCBpdC4gU29tZSBvZiBpdHMgcGFydHMgbG9va2VkIHN0cmFuZ2UgdG8gbWUsIHRvby4gQm9vaG9vIQ==,,,,,W0YuIEhhcnJpc29uXQpNYXMgdm9jw6ogc2FiZSBxdWUgc291IGJvbSBjb20gbWluaGFzIG3Do29zLiBBY2hlaSBxdWUgcG9kZXJpYSBjb25zZXJ0w6EtbGEsIGVudMOjbyBhIGRlc21vbnRlaS4gUGVyY2ViaSBxdWUgbsOjbyB0aW5oYSBtYXRlcmlhaXMgc3VmaWNpZW50ZXMgcGFyYSBvIGNvbnNlcnRvLiBBbGd1bWFzIGRlIHN1YXMgcGXDp2FzIHRhbWLDqW0gcGFyZWNpYW0gZXN0cmFuaGFzIHBhcmEgbWltLiBRdWUgcGVuYSE=,,W0YuSGFycmlzb25dClBlcm8sIGNvbW8gc2FiZXMsIHNveSBow6FiaWwgY29uIGxhcyBtYW5vcy4gUGVuc8OpIHF1ZSBwb2Ryw61hIGFycmVnbGFybGEsIGFzw60gcXVlIGxhIGRlc2FybcOpLiBQZXJvIG1lIGRpIGN1ZW50YSBkZSBxdWUgbm8gdGVuZ28gc3VmaWNpZW50ZXMgbWF0ZXJpYWxlcyBwYXJhIGFycmVnbGFybGEuIEFsZ3VuYXMgZGUgc3VzIHBpZXphcyB0YW1iacOpbiBtZSBwYXJlY2VuIGV4dHJhw7Fhcy4gwqFCdSE=
0jjQAg,,W0YuIEhhcnJpc29uXQpJIGtub3cgSSdtIGJlaW5nIHNoYW1lbGVzcywgYnV0IGNvdWxkIHlvdSBicmluZyBtZSBzb21lIHJlcGFpciBtYXRlcmlhbHM/IElmIHlvdSBkbywgSSBwcm9taXNlIEknbGwgZml4IGl0IGFuZCB0dW5lIGl0IGZvciB5b3UuIFBsZWFzZT8gQm9vaG9vIQ==,,,,,W0YuIEhhcnJpc29uXQpTZWkgcXVlIGVzdG91IHNlbmRvIGRlc2NhcmFkbywgbWFzIHBvZGVyaWEgbWUgdHJhemVyIGFsZ3VucyBtYXRlcmlhaXMgZGUgcmVwYXJvPyBTZSB0cm91eGVyLCBwcm9tZXRvIHF1ZSB2b3UgY29uc2VydMOhLWxhIGUgYWp1c3TDoS1sYSBwYXJhIHZvY8OqLiBQb3IgZmF2b3I/IEJvb2hvbyE=,,W0YuSGFycmlzb25dClPDqSBxdWUgZXMgZGVzY2FyYWRvIGRlIG1pIHBhcnRlLCBwZXJvIMK/cG9kcsOtYXMgdHJhZXJtZSBhbGd1bm9zIG1hdGVyaWFsZXMgZGUgcmVwYXJhY2nDs24/IFNpIGxvIGhhY2VzLCB0ZSBwcm9tZXRvIHF1ZSBsYSBhcnJlZ2xhcsOpIHkgbGEgcG9uZHLDqSBhIHB1bnRvLiDCv1BvciBmYXZvcj8gwqFCdSE=
0zjQAg,,W0YuIEhhcnJpc29uXQpJIG5lZWQgXkZGMDAwMDEwIFN0ZWVscywgMiBFbHVuaXVtcywgMSBPcmlkZWNvbiwgMjAgQ29hbHMsXjAwMDAwMCBhbmQuLi4gdGhlIF5GRjAwMDBTcGVjaWFsIFRyaWdnZXIgQXNzZW1ibHkgS2l0XjAwMDAwMCB0aGF0J3Mgb25seSB1c2VkIGluIEJ1dGNoZXIuIE9ubHkgRG9jdG9yIFNlbGVuYSBjYW4gbWFrZSBpdCwgcHJvYmFibHku,,,,,W0YuIEhhcnJpc29uXQpQcmVjaXNvIGRlIF5GRjAwMDAxMCBBw6dvcywgMiBFbHVuaXVtcywgMSBPcmlkZWNvbiwgMjAgQ2FydsO1ZXMsXjAwMDAwMCBlLi4uIG8gXkZGMDAwMEtpdCBFc3BlY2lhbCBkZSBNb250YWdlbSBkZSBHYXRpbGhvXjAwMDAwMCBxdWUgc8OzIMOpIHVzYWRvIG5hIFJldGFsaGFkb3JhLiBQcm92YXZlbG1lbnRlLCBzb21lbnRlIGEgRHJhLiBTZWxlbmEgcG9kZSBmYWJyaWPDoS1sby4=,,W0YuSGFycmlzb25dCk5lY2VzaXRvIF42NjAwMDAxMCB1bmlkYWRlcyBkZSBBY2VybywgMiB1bmlkYWRlcyBkZSBFbHVuaXVtLCAxIHVuaWRhZGVzIGRlIE9yaWRlY29uLCAyMCBDYXJib25lc14wMDAwMDAgeeKApiBlbCBeNjYwMDAwS2l0IGVzcGVjaWFsIGRlIGVuc2FtYmxhamUgZGUgZ2F0aWxsb3NeMDAwMDAwIHF1ZSBzb2xvIHNlIHVzYSBwYXJhIENhcm5pY2Vyby4gUHJvYmFibGVtZW50ZSwgc29sbyBsYSBkb2N0b3JhIFNlbGVuYSBwdWVkZSBoYWNlcmxvLg==
1DjQAg,,W0YuIEhhcnJpc29uXQpJIHN1Z2dlc3QgeW91IHRhbGsgdG8gaGVyIGFzc2lzdGFudCwKTi5BLiBTaGUncyBhIGJpdCBoeXN0ZXJpY2FsLCBidXQgbWF5YmUgc2hlJ2xsIGhlbHAgeW91IGlmIHlvdSB0YWxrIHRvIGhlci4=,,,,,W0YuIEhhcnJpc29uXQpTdWdpcm8gcXVlIHZvY8OqIGZhbGUgY29tIGEgYXNzaXN0ZW50ZSBkZWxhLCBOLkEuCkVsYSDDqSB1bSBwb3VjbyBoaXN0w6lyaWNhLCBtYXMgdGFsdmV6IGVsYSBvIGFqdWRlLg==,,W0YuSGFycmlzb25dClRlIHN1Z2llcm8gcXVlIGhhYmxlcyBjb24gc3UgYXl1ZGFudGUsCk4uQS4gRXMgdW4gcG9jbyBuZXVyw7N0aWNhLCBwZXJvIHF1aXrDoXMgdGUgYXl1ZGUgc2kgaGFibGFzIGNvbiBlbGxhLg==
1TjQAg,,W0YuIEhhcnJpc29uXQpJIGZlZWwgc28gYmFkIHRoYXQgSSdkIGxpa2UgdG8gbGV0IHlvdSBib3Jyb3cgbXkgZmF2b3JpdGUgd2VhcG9uLCBDcmltc29uIEJvbHQuIFlvdSBjYW4gYnJpbmcgaXQgYmFjayB3aXRoIHRoZSByZXBhaXIgbWF0ZXJpYWxzLg==,,,,,W0YuIEhhcnJpc29uXQpNZSBzaW50byB0w6NvIG1hbCBxdWUgZ29zdGFyaWEgZGUgbGhlIGVtcHJlc3RhciBtaW5oYSBhcm1hIGZhdm9yaXRhLCBSYWlvIFZlcm1lbGhvLiBWb2PDqiBwb2RlIHRyYXrDqi1sYSBkZSB2b2x0YSBjb20gb3MgbWF0ZXJpYWlzIGRlIHJlcGFyby4=,,W0YuSGFycmlzb25dCk1lIHNpZW50byB0YW4gbWFsIHF1ZSBtZSBndXN0YXLDrWEgcHJlc3RhcnRlIG1pIGFybWEgZmF2b3JpdGEsIFJheW8gY2FybWVzw60uIFB1ZWRlcyBkZXZvbHbDqXJtZWxhIGN1YW5kbyB0cmFpZ2FzIGxvcyBtYXRlcmlhbGVzIGRlIHJlcGFyYWNpw7NuLg==
1jjQAg,,W0YuIEhhcnJpc29uXQpJIG5lZWQgXkZGMDAwMDEwIFN0ZWVscywgMiBFbHVuaXVtcywgMSBPcmlkZWNvbiwgMjAgQ29hbHMsXjAwMDAwMCBhbmQuLi4gdGhlIF5GRjAwMDBTcGVjaWFsIFRyaWdnZXIgQXNzZW1ibHkgS2l0XjAwMDAwMCB0aGF0J3Mgb25seSB1c2VkIGluIEJ1dGNoZXIuIFlvdSBzaG91bGQgYXNrIE4uQS4gZm9yIHRoZSBTcGVjaWFsIFRyaWdnZXIgQXNzZW1ibHkgS2l0Lg==,,,,,W0YuIEhhcnJpc29uXQpQcmVjaXNvIGRlIF5GRjAwMDAxMCBBw6dvcywgMiBFbHVuaXVtcywgMSBPcmlkZWNvbiwgMjAgQ2FydsO1ZXMsXjAwMDAwMCBlLi4uIG8gXkZGMDAwMEtpdCBFc3BlY2lhbCBkZSBNb250YWdlbSBkZSBHYXRpbGhvXjAwMDAwMCBxdWUgc8OzIMOpIHVzYWRvIG5hIFJldGFsaGFkb3JhLiBWb2PDqiBkZXZlIHBlZGlyIMOgIE4uQS4gbyBLaXQgRXNwZWNpYWwgZGUgTW9udGFnZW0gZGUgR2F0aWxoby4=,,W0YuSGFycmlzb25dCk5lY2VzaXRvIF42NjAwMDAxMCB1bmlkYWRlcyBkZSBBY2VybywgMiB1bmlkYWRlcyBkZSBFbHVuaXVtLCAxIHVuaWRhZGVzIGRlIE9yaWRlY29uLCAyMCBDYXJib25lc14wMDAwMDAgeeKApiBlbCBeNjYwMDAwS2l0IGVzcGVjaWFsIGRlIGVuc2FtYmxhamUgZGUgZ2F0aWxsb3NeMDAwMDAwIHF1ZSBzb2xvIHNlIHVzYSBwYXJhIENhcm5pY2Vyby4gRGViZXLDrWFzIHBlZGlybGUgYSBOLkEuIGVsIEtpdCBlc3BlY2lhbCBkZSBlbnNhbWJsYWplIGRlIGdhdGlsbG9zLg==
1zjQAg,,W0YuIEhhcnJpc29uXQpPb28sIHlvdSd2ZSBicm91Z2h0IGFsbCB0aGUgbWF0ZXJpYWxzISBUaGFuayB5b3UuIE5vdywgZ2l2ZSBtZSBhIG1vbWVudCB0byBmaXggeW91ciBndW4u,,,,,W0YuIEhhcnJpc29uXQpPaCwgdm9jw6ogdHJvdXhlIHRvZG9zIG9zIG1hdGVyaWFpcyEgT2JyaWdhZG8uIEFnb3JhLCBzw7MgdW0gbW9tZW50byBwYXJhIGV1IGNvbnNlcnRhciBzdWEgYXJtYS4=,,W0YuSGFycmlzb25dCsKhT2hoaCwgdHJhamlzdGUgdG9kb3MgbG9zIG1hdGVyaWFsZXMhIEdyYWNpYXMuIEJpZW4sIGRhbWUgdW4gbW9tZW50byBwYXJhIGFycmVnbGFyIHR1IGFybWEu
2DjQAg,,W0YuIEhhcnJpc29uXQpPb28sIHlvdSd2ZSBicm91Z2h0IGFsbCB0aGUgbWF0ZXJpYWxzISAuLi5CeSB0aGUgd2F5LCB3aGVyZSdzIG15IHByZWNpb3VzIENyaW1zb24gQm9sdD8gSSdtIG5vdCBnb2luZyB0byBmaXggeW91ciBndW4gaWYgeW91IGRvbid0IGdpdmUgaXQgYmFjayB0byBtZS4=,,,,,W0YuIEhhcnJpc29uXQpPaCwgdm9jw6ogdHJvdXhlIHRvZG9zIG9zIG1hdGVyaWFpcyEgLi4uQSBwcm9ww7NzaXRvLCBvbmRlIGVzdMOhIG1ldSBwcmVjaW9zbyBSYWlvIFZlcm1lbGhvPyBOw6NvIHZvdSBjb25zZXJ0YXIgc3VhIGFybWEgc2Ugdm9jw6ogbsOjbyBkZXZvbHZlci4=,,W0YuSGFycmlzb25dCsKhT2hoaCwgdHJhamlzdGUgdG9kb3MgbG9zIG1hdGVyaWFsZXMhIFBvciBjaWVydG8sIMK/ZMOzbmRlIGVzdMOhIG1pIHByZWNpYWRhIFJheW8gY2FybWVzw60/IE5vIGFycmVnbGFyw6kgdHUgYXJtYSBzaSBubyBtZSBsYSBkZXZ1ZWx2ZXMu
2TjQAg,,W0YuIEhhcnJpc29uXQpJIG5lZWQgXkZGMDAwMDEwIFN0ZWVscywgMiBFbHVuaXVtcywgMSBPcmlkZWNvbiwgMjAgQ29hbHMsXjAwMDAwMCBhbmQuLi4gdGhlIF5GRjAwMDBTcGVjaWFsIFRyaWdnZXIgQXNzZW1ibHkgS2l0XjAwMDAwMCB0aGF0J3Mgb25seSB1c2VkIGluIEJ1dGNoZXIuIEknbSBnbGFkIHlvdSd2ZSBmb3VuZCBhIFNwZWNpYWwgVHJpZ2dlciBBc3NlbWJseSBLaXQu,,,,,W0YuIEhhcnJpc29uXQpQcmVjaXNvIGRlIF5GRjAwMDAxMCBBw6dvcywgMiBFbHVuaXVtcywgMSBPcmlkZWNvbiwgMjAgQ2FydsO1ZXMsXjAwMDAwMCBlLi4uIG8gXkZGMDAwMEtpdCBFc3BlY2lhbCBkZSBNb250YWdlbSBkZSBHYXRpbGhvXjAwMDAwMCBxdWUgc8OzIMOpIHVzYWRvIG5hIFJldGFsaGFkb3JhLiBGaWNvIGZlbGl6IHF1ZSB2b2PDqiB0ZW5oYSBlbmNvbnRyYWRvIHVtIEtpdCBFc3BlY2lhbCBkZSBNb250YWdlbSBkZSBHYXRpbGhvLg==,,W0YuSGFycmlzb25dCk5lY2VzaXRvIF42NjAwMDAxMCB1bmlkYWRlcyBkZSBBY2VybywgMiB1bmlkYWRlcyBkZSBFbHVuaXVtLCAxIHVuaWRhZGVzIGRlIE9yaWRlY29uLCAyMCBDYXJib25lc14wMDAwMDAgeeKApiBlbCBeNjYwMDAwS2l0IGVzcGVjaWFsIGRlIGVuc2FtYmxhamUgZGUgZ2F0aWxsb3NeMDAwMDAwIHF1ZSBzb2xvIHNlIHVzYSBwYXJhIENhcm5pY2Vyby4gTWUgYWxlZ3JvIGRlIHF1ZSBoYXlhcyBlbmNvbnRyYWRvIHVuIEtpdCBlc3BlY2lhbCBkZSBlbnNhbWJsYWplIGRlIGdhdGlsbG9zLg==
2jjQAg,,W0YuIEhhcnJpc29uXQpXaGV3ISBUaGFua3MgdG8geW91LCBJIGZpeGVkIHlvdXIgZ3VuLiBUaGFuayB5b3UsIGFuZCBzb3JyeS4gSSBnYXZlIHlvdXIgZ3VuIGEgdHdlYWsgYXMgYSB0b2tlbiBvZiBteSBhcG9sb2d5LiBJIGhvcGUgeW91J2xsIGxpa2UgaXQu,,,,,W0YuIEhhcnJpc29uXQpVZmEhIEdyYcOnYXMgYSB2b2PDqiwgY29uc2VydGVpIHN1YSBhcm1hLiBPYnJpZ2FkbyBlIGRlc2N1bHBlLiBEZWkgdW0gYWp1c3RlIGVtIHN1YSBhcm1hIGNvbW8gc2luYWwgZGUgbWV1IHBlZGlkbyBkZSBkZXNjdWxwYXMuIEVzcGVybyBxdWUgdm9jw6ogZ29zdGUgZGVsYS4=,,W0YuSGFycmlzb25dCsKhRml1ISBHcmFjaWFzIGEgdGkgcHVkZSBhcnJlZ2xhciB0dSBhcm1hLiBHcmFjaWFzIHkgbG8gc2llbnRvLiBBIG1vZG8gZGUgZGlzY3VscGEsIGxlIGhpY2UgdW5hIG1vZGlmaWNhY2nDs24gYSB0dSBhcm1hLiBFc3Blcm8gcXVlIHRlIGd1c3RlLg==
2zjQAg,,W0YuIEhhcnJpc29uXQpBaCwgSSdtIGJvcmVkLgpXaGF0IHNob3VsZCBJIGRvIHRvIGtpbGwgdGltZT8=,,,,,W0YuIEhhcnJpc29uXQpBaCwgZXN0b3UgZW50ZWRpYWRvLgpPIHF1ZSBkZXZvIGZhemVyIHBhcmEgcGFzc2FyIG8gdGVtcG8/,,W0YuSGFycmlzb25dCkFoLCBlc3RveSBhYnVycmlkby4Kwr9RdcOpIHB1ZWRvIGhhY2VyIHBhcmEgbWF0YXIgZWwgdGllbXBvPw==
3DjQAg,,W0YuIEhhcnJpc29uXQpJIGd1ZXNzIEkgY2FuIGp1c3QgcGxheSB3aXRoIG15IGF3ZXNvbWUgQ3JpbXNvbiBCb2x0Lg==,,,,,W0YuIEhhcnJpc29uXQpBY2hvIHF1ZSBwb3NzbyBzaW1wbGVzbWVudGUgYnJpbmNhciBjb20gbWluaGEgaW5jcsOtdmVsIFJhaW8gVmVybWVsaG8u,,W0YuSGFycmlzb25dClN1cG9uZ28gcXVlIHB1ZWRvIGp1Z2FyIGNvbiBtaSBlc3BlY3RhY3VsYXIgUmF5byBjYXJtZXPDrS4=
3TjQAg,,W0YuIEhhcnJpc29uXQpNbT8gWW91J3JlIGEgR3Vuc2xpbmdlci4gQW5kIHlvdSd2ZSBnb3QgYSB3ZWFwb24gSSd2ZSBuZXZlciBzZWVuIGJlZm9yZSE=,,,,,W0YuIEhhcnJpc29uXQpIdW0/IFZvY8OqIMOpIHVtIEp1c3RpY2Vpcm8uIEUgdm9jw6ogdGVtIHVtYSBhcm1hIHF1ZSBldSBudW5jYSB2aSBhbnRlcyE=,,W0YuSGFycmlzb25dCsK/TW1tPyBQZXJ0ZW5lY2VzIGEgbG9zIFBpc3RvbGVyb3MuIMKhWSB0aWVuZXMgdW4gYXJtYSBxdWUgbnVuY2EgYW50ZXMgaGFiw61hIHZpc3RvIQ==
3jjQAg,,W0YuIEhhcnJpc29uXQpNYXkgSSB0YWtlIGEgbG9vayBhdCBpdD8gUGxlYXNlPyBDb21lIG9uLCBsZXQgbWUuIEknbSBib3JlZCByaWdodCBub3cuIFBsZWFzZSBsZXQgbWUgdGFrZSBhIGxvb2sgYXQgaXQuIFBsZWFzZT8=,,,,,W0YuIEhhcnJpc29uXQpQb3NzbyBkYXIgdW1hIG9saGFkYT8gUG9yIGZhdm9yPyBWYW1vcyBsw6EsIGRlaXhhISBFc3RvdSBlbnRlZGlhZG8gYWdvcmEuIFBvciBmYXZvciwgZGVpeGEgZXUgZGFyIHVtYSBvbGhhZGEuIFBvciBmYXZvcj8=,,W0YuSGFycmlzb25dCsK/UHVlZG8gdmVybGE/IMK/UG9yIGZhdm9yPyBWYW1vcywgZMOpamFtZS4gRXN0b3kgbXV5IGFidXJyaWRvLiBQb3IgZmF2b3IsIGTDqWplbWUgZWNoYXJsZSB1biB2aXN0YXpvLiDCv1BvciBmYXZvcj8=
3zjQAg,,SGVyZSwgaXQncyBjYWxsZWQgQnV0Y2hlci4=,,,,,QXF1aSwgZWxhIHNlIGNoYW1hIFJldGFsaGFkb3JhLg==,,VG9tYSwgc2UgbGxhbWEgQ2FybmljZXJvLg==
4DjQAg,,W0YuIEhhcnJpc29uXQpIYWghIFlvdSB0aGluayB5b3UncmUgdGhlIG9ubHkgb25lIHdpdGggYSBuaWNlIHdlYXBvbj8gSSd2ZSBnb3QgbXkgQ3JpbXNvbiBCb2x0LCB5b3Uga25vdyEgUGZmdCEgUGZmZmZmdCE=,,,,,W0YuIEhhcnJpc29uXQpIYWghIFZvY8OqIGFjaGEgcXVlIMOpIG8gw7puaWNvIHF1ZSB0ZW0gdW1hIGFybWEgbGVnYWw/IEV1IHRlbmhvIG1ldSBSYWlvIFZlcm1lbGhvLCBzYWJpYSEgUGZmdCEgUGZmZmZmdCE=,,W0YuSGFycmlzb25dCsKhSmEhIMK/Q3JlZXMgcXVlIHNvbG8gdMO6IHRpZW5lcyB1biBhcm1hIGJvbml0YT8gwqFZbyB0ZW5nbyBtaSBSYXlvIGNhcm1lc8OtISDCoVBmZmYhIMKhUGZmZmZmIQ==
4TjQAg,,W0YuIEhhcnJpc29uXQpPb29vLCBzbyB0aGlzIGlzIHRoZSBCdXRjaGVyLCBuZXdseSBkZXZlbG9wZWQgYnkgdGhlIEVpbmJyb2NoIEd1biBMYWIsIHN1cHBvc2VkbHkgdG9vIGRpZmZpY3VsdCB0byBiZSB1c2VkIGJ5IGFueW9uZS4gSG93IGluY3JlZGlibGUh,,,,,W0YuIEhhcnJpc29uXQpBaCwgZW50w6NvIGVzc2Egw6kgYSBSZXRhbGhhZG9yYSwgZGVzZW52b2x2aWRhIHJlY2VudGVtZW50ZSBwZWxvIExhYm9yYXTDs3JpbyBkZSBBcm1hcyBkZSBFaW5icm9jaCwgc3Vwb3N0YW1lbnRlIG11aXRvIGRpZsOtY2lsIGRlIHNlciB1c2FkYSBwb3IgcXVhbHF1ZXIgcGVzc29hLiBRdWUgaW5jcsOtdmVsIQ==,,W0YuSGFycmlzb25dCk9oaGhoLCBhc8OtIHF1ZSBlc3RhIGVzIENhcm5pY2VybywgcmVjacOpbiBkZXNhcnJvbGxhZGEgcG9yIGVsIExhYm9yYXRvcmlvIGRlIGFybWFzIGRlIEVpbmJyb2NoIHksIHNlZ8O6biBkaWNlbiwgZGVtYXNpYWRvIGRpZsOtY2lsIGRlIHVzYXIuIMKhUXXDqSBpbmNyZcOtYmxlIQ==
4jjQAg,,W0YuIEhhcnJpc29uXQpNaW5kIGlmIEkgdXNlIGl0IGZvciBhIHdoaWxlPyBEb24ndCB3b3JyeS4gSSBrbm93IGhvdyB0byBoYW5kbGUgd2VhcG9ucy4gWW91IGp1c3Qgc3RheSB0aGVyZS4gSGVyZSBJIGdvIQ==,,,,,W0YuIEhhcnJpc29uXQpTZSBpbXBvcnRhIHNlIGV1IHVzw6EtbGEgcG9yIHVtIHRlbXBvPyBOw6NvIHNlIHByZW9jdXBlLiBTZWkgY29tbyBtYW51c2VhciBhcm1hcy4gRmlxdWUgYcOtLiBMw6Egdm91IGV1IQ==,,W0YuSGFycmlzb25dCsK/VGUgaW1wb3J0YSBzaSBsYSB1c28gdW4gcmF0bz8gTm8gdGUgcHJlb2N1cGVzLiBTw6kgbWFuZWphciBhcm1hcy4gVMO6IHF1w6lkYXRlIGFow60uIMKhQXF1w60gdm95IQ==
