ABJ6,,TGlicmFyeSBHaXJs,,,,,R2Fyb3RhIGRhIGJpYmxpb3RlY2E=,,TGlicmFyeSBHaXJs
ARJ6,,W0xpYnJhcnkgR2lybCBFbGxlbl0KSGVyZSBpbiB0aGUgRWFzdGVybiBicmFuY2ggb2YgdGhlIFByb250ZXJhIExpYnJhcnksIHdlIHByb3ZpZGUgTW9uc3RlciBFbmN5Y2xvcGVkaWFzIGluIHdoaWNoIGNyZWF0dXJlcyBhcmUgb3JnYW5pemVkIGJ5IHRoZWlyIHByb3BlcnRpZXMuIFdlIGFsc28gaGF2ZSBib29rcyBvbiBNZXJjaGFudCBhbmQgQmxhY2tzbWl0aCBza2lsbHMuCk9vaH4hIFRoZSBvdGhlciBicmFuY2ggb2Ygb3VyIGxpYnJhcnkgYWxzbyBoYXMgbWFueSBpbnRlcmVzdGluZyB0aGluZ3MgdG8gcmVhZCEgU28gaWYgeW91IGdldCBhIGNoYW5jZSwgeW91IGp1c3QgbWlnaHQgd2FudCB0byB2aXNpdC4=,,,,,W0VsbGVuIGRhIEJpYmxpb3RlY2FdCkFxdWkgbmEgZmlsaWFsIGxlc3RlIGRhIEJpYmxpb3RlY2EgZGUgUHJvbnRlcmEsIGRpc3BvbmliaWxpemFtb3MgRW5jaWNsb3DDqWRpYXMgZGUgTW9uc3Ryb3MsIG5hcyBxdWFpcyBhcyBjcmlhdHVyYXMgc8OjbyBvcmdhbml6YWRhcyBwb3Igc3VhcyBwcm9wcmllZGFkZXMuIFRhbWLDqW0gdGVtb3MgbGl2cm9zIHNvYnJlIG9zIG9mw61jaW9zIGRlIGNvbWVyY2lhbnRlIGUgZmVycmVpcm8uCkFoaH4hIEEgb3V0cmEgZmlsaWFsIGRhIG5vc3NhIGJpYmxpb3RlY2EgdGFtYsOpbSB0ZW0gbXVpdGFzIGNvaXNhcyBpbnRlcmVzc2FudGVzIHBhcmEgbGVyISBQb3J0YW50bywgc2UgdGl2ZXIgdW1hIGNoYW5jZSwgdGFsdmV6IHF1ZWlyYSB2aXNpdMOhLWxhLg==,,W0JpYmxpb3RlY2FyaWEgRWxsZW5dCkFxdcOtLCBlbiBsYSBzdWN1cnNhbCBlc3RlIGRlIGxhIGJpYmxpb3RlY2EgZGUgUHJvbnRlcmEsIG9mcmVjZW1vcyBlbmNpY2xvcGVkaWFzIGRlIG1vbnN0cnVvcyBlbiBsYXMgcXVlIGxhcyBjcmlhdHVyYXMgZXN0w6FuIG9yZ2FuaXphZGFzIHBvciBzdXMgcHJvcGllZGFkZXMuIFRhbWJpw6luIHRlbmVtb3MgbGlicm9zIHNvYnJlIGxhcyBoYWJpbGlkYWRlcyBkZSBsb3MgQ29tZXJjaWFudGVzIHkgbG9zIEhlcnJlcm9zLgrCoU9vaH4hIMKhTGEgb3RyYSBzdWN1cnNhbCBkZSBudWVzdHJhIGJpYmxpb3RlY2EgdGFtYmnDqW4gdGllbmUgbXVjaGFzIGNvc2FzIGludGVyZXNhbnRlcyBwYXJhIGxlZXIhIEFzw60gcXVlLCBzaSB0aWVuZXMgbGEgb3BvcnR1bmlkYWQsIHF1aXrDoSBxdWllcmFzIHZpc2l0YXJsYS4=
AhJ6,,SW5uIEVtcGxveWVl,,,,,RnVuY2lvbsOhcmlvIGRhIHBvdXNhZGE=,,SW5uIEVtcGxveWVl
AxJ6,,W0VtcGxveWVlIFNhbW15XQpXZWxjb21lIHRvCk5lbmthcmFzLgpIb3cgbWF5IEkgaGVscCB5b3U/,,,,,W0Z1bmNpb27DoXJpbyBTYW1teV0KQm9hcy12aW5kYXMgYQpOZW5rYXJhcy4KQ29tbyBwb3NzbyBhanVkYXIgdm9jw6o/,,W0VtcGxlYWRvIFNhbW15XQpUZSBkYW1vcyBsYSBiaWVudmVuaWRhIGEKTmVua2FyYXMuCsK/RW4gcXXDqSBwdWVkbyBheXVkYXJ0ZT8=
BBJ6,,U2F2ZQ==,,,,,U2FsdmFy,,R3VhcmRhci4=
BRJ6,,VGFrZSBhIFJlc3QgLT4gNSwwMDAgemVueQ==,,,,,RGVzY2Fuc2FyIC0+IDUuMDAwIHplbnlz,,RGVzY2Fuc2FyOiA1MDAwemVueS4=
BhJ6,,Q2FuY2Vs,,,,,Q2FuY2VsYXI=,,Q2FuY2VsYXIu
BxJ6,,W0VtcGxveWVlIFNhbW15XQpZb3VyIHJlc3Bhd24gcG9pbnQKaGFzIGJlZW4gc2F2ZWQuClRoYW5rIHlvdSwKcGxlYXNlIGNvbWUgYWdhaW4u,,,,,W0Z1bmNpb27DoXJpbyBTYW1teV0KU2V1IHBvbnRvIGRlIHJldG9ybm8KZm9pIHNhbHZvLgpWb2x0ZSBzZW1wcmUu,,W0VtcGxlYWRvIFNhbW15XQpUdSBwdW50byBkZSByZWFwYXJpY2nDs24Kc2UgZ3VhcmTDsy4KR3JhY2lhcywKdnVlbHZlIHByb250by4=
CBJ6,,W0VtcGxveWVlIFNhbW15XQpUaGFuayB5b3UuCkkgaG9wZSB5b3UKZW5qb3kgeW91ciByZXN0fg==,,,,,W0Z1bmNpb27DoXJpbyBTYW1teV0uCk9icmlnYWRvLgpFc3Blcm8gcXVlIHZvY8OqCmFwcm92ZWl0ZSBzZXUgZGVzY2Fuc29+,,W0VtcGxlYWRvIFNhbW15XQpHcmFjaWFzLgpFc3Blcm8KcXVlIGRpc2ZydXRlcyBkZSB0dSBkZXNjYW5zb34u
CRJ6,,W0VtcGxveWVlIFNhbW15XQpJJ20gc29ycnksIGJ1dCB0aGUgc2VydmljZSBjaGFyZ2UgaXMgNSwwMDAgemVueS4gUGxlYXNlIG1ha2Ugc3VyZSB0aGF0IHlvdSBoYXZlIGVub3VnaCBtb25leSB0byBjaGVjayBpbiBuZXh0IHRpbWUsIG9rYXk/,,,,,W0VtcHJlZ2FkbyBTYW1teV0uClNpbnRvIG11aXRvLCBtYXMgYSB0YXhhIGRlIHNlcnZpw6dvIMOpIGRlIDUuMDAwIHplbnlzLiBWZWphIHNlIHRlbSBkaW5oZWlybyBzdWZpY2llbnRlIHBhcmEgZmF6ZXIgbyBjaGVjay1pbiBkYSBwcsOzeGltYSB2ZXosIHTDoSBib20/,,W0VtcGxlYWRvIFNhbW15XQpMbyBzaWVudG8sIHBlcm8gZWwgY2FyZ28gcG9yIGVsIHNlcnZpY2lvIGVzIGRlIDUwMDB6ZW55LiBBc2Vnw7pyYXRlIGRlIHRlbmVyIHN1ZmljaWVudGUgZGluZXJvIHBhcmEgcmVnaXN0cmFydGUgbGEgcHLDs3hpbWEgdmV6LCDCv3PDrT8=
ChJ6,,W0VtcGxveWVlIEFsbWFdCldlbGNvbWUgdG8KTmVua2FyYXMuCkhvdyBtYXkgSSBoZWxwIHlvdT8=,,,,,W0Z1bmNpb27DoXJpYSBBbG1hXQpCb2FzLXZpbmRhcyBhCk5lbmthcmFzLgpQb3NzbyBhanVkYXI/,,W0VtcGxlYWRhIEFsbWFdClRlIGRhbW9zIGxhIGJpZW52ZW5pZGEgYQpOZW5rYXJhcy4Kwr9FbiBxdcOpIHB1ZWRvIGF5dWRhcnRlPw==
CxJ6,,W0VtcGxveWVlIEFsbWFdCllvdXIgcmVzcGF3biBwb2ludApoYXMgYmVlbiBzYXZlZC4KVGhhbmsgeW91LApwbGVhc2UgY29tZSBhZ2Fpbi4=,,,,,W0Z1bmNpb27DoXJpYSBBbG1hXS4KU2V1IHBvbnRvIGRlIHJldG9ybm8KZm9pIHNhbHZvLgpWb2x0ZSBzZW1wcmUu,,W0VtcGxlYWRhIEFsbWFdClR1IHB1bnRvIGRlIHJlYXBhcmljacOzbgpzZSBndWFyZMOzLgpHcmFjaWFzLAp2dWVsdmUgcHJvbnRvLg==
DBJ6,,W0VtcGxveWVlIEFsbWFdClRoYW5rIHlvdS4KSSBob3BlIHlvdQplbmpveSB5b3VyIHJlc3R+,,,,,W0Z1bmNpb27DoXJpYSBBbG1hXS4KT2JyaWdhZGEuCkVzcGVybyBxdWUKYXByb3ZlaXRlIHNldSBkZXNjYW5zb34=,,W0VtcGxlYWRhIEFsbWFdCkdyYWNpYXMuCkVzcGVybwpxdWUgZGlzZnJ1dGVzIGRlIHR1IGRlc2NhbnNvfi4=
DRJ6,,UmVjcnVpdGVy,,,,,UmVjcnV0YWRvcg==,,UmVjcnVpdGVy
DhJ6,,W1JlY3J1aXRlcl0KQWguLi4KSSBrbm93IHRob3NlIGV5ZXMuCkZ1bGwgb2YgY29tcGFzc2lvbgouLi5hbmQgY291cmFnZS4=,,,,,W1JlY3J1dGFkb3JdCkFoLi4uCkV1IGNvbmhlw6dvIGVzc2VzIG9saG9zLgpDaGVpb3MgZGUgY29tcGFpeMOjbwouLi4gZSBjb3JhZ2VtLg==,,W1JlY2x1dGFkb3JdCkFo4oCmCkNvbm96Y28gZXNvcyBvam9zLgpMbGVub3MgZGUgY29tcGFzacOzbgrigKZ5IGNvcmFqZS4=
DxJ6,,W1JlY3J1aXRlcl0KT2YgY291cnNlIHlvdSdyZSBhIHZvbHVudGVlciBmb3IgdGhlIGNhbXBhaWduIHRvIHJlY2xhaW0gdGhlIFByb250ZXJhIEN1bHZlcnQuIFdvdWxkIHlvdSBsZXQgbWUgd2FycCB5b3UgdGhlcmU/,,,,,W1JlY3J1dGFkb3JdCsOJIGNsYXJvIHF1ZSB2b2PDqiDDqSB1bSB2b2x1bnTDoXJpbyBkYSBjYW1wYW5oYSBwYXJhIHJlY3VwZXJhcm1vcyBvcyBFc2dvdG9zIGRlIFByb250ZXJhLiBRdWVyIHF1ZSBldSBsZXZlIHZvY8OqIGF0w6kgbMOhPw==,,W1JlY2x1dGFkb3JdCkVzdMOhIGNsYXJvIHF1ZSBwYXJ0aWNpcGFzIGVuIGxhIGNhbXBhw7FhIHBhcmEgcmVjbGFtYXIgbGEgQWxjYW50YXJpbGxhIGRlIFByb250ZXJhLiDCv1F1aWVyZXMgcXVlIHRlIHRlbGV0cmFuc3BvcnRlIGhhc3RhIGFsbMOtPw==
EBJ6,,V2FycCB0byBDdWx2ZXJ0IEVudHJhbmNlLg==,,,,,RGVzbG9jYXIgcGFyYSBhIGVudHJhZGEgZG9zIGVzZ290b3Mu,,VGVsZXRyYW5zcG9ydGFybWUgYSBsYSBlbnRyYWRhIGRlIGxhIEFsY2FudGFyaWxsYS4=
ERJ6,,UXVpdC4=,,,,,RGVzaXN0aXIu,,U2FsaXIu
EhJ6,,W1JlY3J1aXRlcl0KQWgsIGxldCBtZSBpbmZvcm0geW91IHRoYXQgdGhlIENhcGl0YWwgRGVmZW5zZSBIZWFkcXVhcnRlcnMgb2YgdGhlIFJ1bmUtTWlkZ2FydHMgS2luZ2RvbSBoYXMgbm93IGRlY2lkZWQgdG8gcmVjcnVpdCBhIHB1bml0aXZlIGZvcmNlIGR1ZSB0byB0aGUgUHJvbnRlcmEgQ3VsdmVydCdzIHNpdHVhdGlvbi4=,,,,,W1JlY3J1dGFkb3JdCkFoLCBkZXZvIGluZm9ybWFyIHF1ZSBhIFNlZGUgZGEgRGVmZXNhIGRhIENhcGl0YWwgZG8gUmVpbm8gZGUgUnVuZS1NaWRnYXJkIGFnb3JhIHF1ZXIgcmVjcnV0YXIgdW1hIGZvcsOnYSBkZSBjb21iYXRlIHBlbGEgc2l0dWHDp8OjbyBkb3MgRXNnb3RvcyBkZSBQcm9udGVyYS4=,,W1JlY2x1dGFkb3JdCkFoLCBkZWJvIGluZm9ybWFydGUgcXVlIGVsIEN1YXJ0ZWwgZ2VuZXJhbCBkZSBkZWZlbnNhIGRlIGxhIGNhcGl0YWwgZGVsIHJlaW5vIGRlIFJ1bmUtTWlkZ2FydHMgaGEgZGVjaWRpZG8gcmVjbHV0YXIgdW5hIGZ1ZXJ6YSBwdW5pdGl2YSBkZWJpZG8gYSBsYSBzaXR1YWNpw7NuIGRlIGxhIEFsY2FudGFyaWxsYSBkZSBQcm9udGVyYS4=
ExJ6,,Vm9sdW50ZWVyLg==,,,,,Vm9sdW50w6FyaW8u,,UGFydGljaXBhci4=
FBJ6,,U2l0dWF0aW9uLi4uPw==,,,,,U2l0dWHDp8Ojby4uLj8=,,wr9TaXR1YWNpw7Nu4oCmPw==
FRJ6,,W1JlY3J1aXRlcl0KWW91ciByZWdpc3RyYXRpb24uLi4KaXMgbm93IGNvbXBsZXRlLg==,,,,,W1JlY3J1dGFkb3JdClNldSByZWdpc3Ryby4uLgpmb2kgY29uY2x1w61kby4=,,W1JlY2x1dGFkb3JdClR1IHJlZ2lzdHJv4oCmCnlhIGVzdMOhIHRlcm1pbmFkby4=
FhJ6,,W1JlY3J1aXRlcl0KVGhhbmsgeW91IGZvciBkb2luZyB5b3VyIHBhcnQgZm9yIG91ciBncmVhdCBraW5nZG9tLiBIZXJlLCB0YWtlIHRoZXNlIHByb3Zpc2lvbnMgZm9yIHlvdXIgYmF0dGxlcyBhZ2FpbnN0IHRoZSBmb3JjZXMgb2YgZGFya25lc3Mu,,,,,W1JlY3J1dGFkb3JdCk9icmlnYWRvIHBvciBmYXplciBzdWEgcGFydGUgcGVsbyBub3NzbyBncmFuZGUgcmVpbm8uIEFxdWksIGxldmUgZXN0YXMgcHJvdmlzw7VlcyBwYXJhIHN1YXMgYmF0YWxoYXMgY29udHJhIGFzIGZvcsOnYXMgZGFzIHRyZXZhcy4=,,W1JlY2x1dGFkb3JdCkdyYWNpYXMgcG9yIGF5dWRhciBhIG51ZXN0cm8gZ3JhbiByZWluby4gVG9tYSBlc3RhcyBwcm92aXNpb25lcyBwYXJhIHR1cyBiYXRhbGxhcyBjb250cmEgbGFzIGZ1ZXJ6YXMgZGUgbGEgb3NjdXJpZGFkLg==
FxJ6,,W1JlY3J1aXRlcl0KMyBSZWQgUG90aW9ucywgMSBNaWxrLAphbmQgMSBPcmFuZ2UgUG90aW9uCi4uLnRvIGdpdmUgeW91IGhvcGUu,,,,,W1JlY3J1dGFkb3JdCjMgUG/Dp8O1ZXMgVmVybWVsaGFzLCAxIExlaXRlCmUgMSBQb8Onw6NvIExhcmFuamEKLi4uIHBhcmEgbGhlIGRhciBlc3BlcmFuw6dhLg==,,W1JlY2x1dGFkb3JdCjNQb2Npb25lcyByb2phcywgMXVuaWRhZCBkZSBMZWNoZQp5IDFQb2Npw7NuIG5hcmFuamEK4oCmcGFyYSBkYXJ0ZSBlc3BlcmFuemEu
GBJ6,,W1JlY3J1aXRlcl0KQXJlIHlvdSByZWFkeSwgaGVybz8KSSB3aWxsIG5vdyB3YXJwIHlvdQp0byB0aGUgQ3VsdmVydC4=,,,,,W1JlY3J1dGFkb3JdClR1ZG8gcHJvbnRvLCBjb21iYXRlbnRlPwpWb3UgdGVsZXRyYW5zcG9ydGFyIHZvY8OqCnBhcmEgb3MgRXNnb3Rvcy4=,,W1JlY2x1dGFkb3JdCsK/VGllbmVzIHRvZG8gbGlzdG8sIGFsbWEgaGVyb2ljYT8KQWhvcmEgdGUgdGVsZXRyYW5zcG9ydGFyw6kgCmEgbGEgQWxjYW50YXJpbGxhLg==
GRJ6,,W1JlY3J1aXRlcl0KSGF2ZW4ndCB5b3UgaGVhcmQuLi4/ClRoZSBQcm9udGVyYSBDdWx2ZXJ0IGlzIGluZmVzdGVkIHdpdGggYWxsIGtpbmRzIG9mIGZpbHRoeSB2ZXJtaW4h,,,,,W1JlY3J1dGFkb3JdClZvY8OqIG7Do28gc291YmUuLi4/Ck9zIEVzZ290b3MgZGUgUHJvbnRlcmEuIGVzdMOjbyBpbmZlc3RhZG9zIGRlIHRvZG8gbyB0aXBvIGRlIHByYWdhIGltdW5kYSE=,,W1JlY2x1dGFkb3JdCsK/Tm8gaGFzIG/DrWRv4oCmPwrCoUxhIEFsY2FudGFyaWxsYSBkZSBQcm9udGVyYSBlc3TDoSBpbmZlc3RhZGEgZGUgdG9kbyB0aXBvIGRlIHBsYWdhcyBhc3F1ZXJvc2FzIQ==
GhJ6,,W1JlY3J1aXRlcl0KRHVlIHRvIHRoZSBzZXJpb3VzIHJpc2sgb2Ygd2F0ZXIgY29udGFtaW5hdGlvbiwgYW5kIHRoZSBzYWZldHkgb2YgUnVuZS1NaWRnYXJkaWFucywgdGhlIEN1bHZlcnQgaGFzIGJlZW4gcXVhcmFudGluZWQgYnkgcm95YWwgZGVjcmVlLg==,,,,,W1JlY3J1dGFkb3JdCkRldmlkbyBhbyBzw6lyaW8gcmlzY28gZGUgY29udGFtaW5hw6fDo28gZGEgw6FndWEgZSDDoCBzZWd1cmFuw6dhIGRvcyBSdW5lLU1pZGdhcmRpYW5vcywgbyBFc2dvdG8gZm9pIGNvbG9jYWRvIGVtIHF1YXJlbnRlbmEgcG9yIGRlY3JldG8gcmVhbC4=,,W1JlY2x1dGFkb3JdCkRlYmlkbyBhbCBncmF2ZSByaWVzZ28gZGUgY29udGFtaW5hY2nDs24gZGVsIGFndWEgeSBhIGxhIHNlZ3VyaWRhZCBkZSBsb3MgaGFiaXRhbnRlcyBkZSBSdW5lLU1pZGdhcnRzLCBsYSBBbGNhbnRhcmlsbGEgc2UgZW5jdWVudHJhIGVuIGN1YXJlbnRlbmEgcG9yIGRlY3JldG8gcmVhbC4=
GxJ6,,W1JlY3J1aXRlcl0KTmVlZGxlc3MgdG8gc2F5LCB0aGlzIGhhcyBjYXVzZWQgc2hvcnRhZ2VzIGluIHRoZSB3YXRlciBzdXBwbHkgaW4gb3VyIGtpbmdkb20uIEluZGVlZCwgc3VjaCBhIGNyaXNpcyBpbiB0aGVzZSBkYXJrIHRpbWVzLi4u,,,,,W1JlY3J1dGFkb3JdCk5lbSBwcmVjaXNvIGRpemVyIHF1ZSBpc3NvIGFmZXRvdSBvIGFiYXN0ZWNpbWVudG8gZGUgw6FndWEgbm8gcmVpbm8uIExvZ28gdW1hIGNyaXNlIGRlc3NhcyBuZXN0ZXMgdGVtcG9zIHNvbWJyaW9zLi4u,,W1JlY2x1dGFkb3JdCk5vIGhhY2UgZmFsdGEgZGVjaXIgcXVlIGVzdG8gaGEgcHJvdm9jYWRvIGVzY2FzZXogZW4gZWwgc3VtaW5pc3RybyBkZSBhZ3VhIGVuIG51ZXN0cm8gcmVpbm8uIFVuYSBjcmlzaXMgYXPDrSBlbiBlc3RvcyB0aWVtcG9zIG9zY3Vyb3PigKY=
HBJ6,,W1JlY3J1aXRlcl0KT3VyIHBlb3BsZQp0aGlyc3QgZm9yIHdhdGVyLi4uCkJ1dCB0aGV5IHRoaXJzdApldmVuIG1vcmUuLi4KRm9yIGEgaGVybyE=,,,,,W1JlY3J1dGFkb3JdCk5vc3NvIHBvdm8KdGVtIHNlZGUgZGUgw6FndWEuLi4KTWFzIGVzdMOjbwphaW5kYSBtYWlzIHNlZGVudG9zLi4uCmRlIHVtIGhlcsOzaSE=,,W1JlY2x1dGFkb3JdCk51ZXN0cm8gcHVlYmxvCmVzdMOhIHNlZGllbnRvIGRlIGFndWHigKYKUGVybyBlc3TDoW4KbcOhcyBzZWRpZW50b3MgYcO6buKApgpkZSB1biBhbG1hIGhlcm9pY2Eu
HRJ6,,W1JlY3J1aXRlcl0KV2lsbCB5b3Ugc3RhbmQgaWRseSBhcyB0aGUgY2hpbGRyZW4gb2YgUnVuZS1NaWRnYXJ0cyBzdWZmZXIgZnJvbSBwYXJjaGVkIHRocm9hdHMgYW5kIHNoZWQgdGVhcnMgb2YgZHJ5bmVzcz8hIFdvdWxkIHlvdSBidXJ5IG91ciBjaGlsZHJlbj8h,,,,,W1JlY3J1dGFkb3JdClZhaSBmaWNhciBhw60gZGUgYnJhw6dvcyBjcnV6YWRvcyBlbnF1YW50byBhcyBjcmlhbsOnYXMgZGUgUnVuZS1NaWRnYXJkIHNvZnJlbSBjb20gZ2FyZ2FudGFzIHNlY2FzIGUgZGVycmFtYW0gbMOhZ3JpbWFzIGRlIHNlY3VyYT8gVm9jw6ogZW50ZXJyYXJpYSBub3Nzb3MgZmlsaG9zPw==,,W1JlY2x1dGFkb3JdCsKhwr9WYXMgYSBxdWVkYXJ0ZSBkZSBicmF6b3MgY3J1emFkb3MgbWllbnRyYXMgbG9zIGhpam9zIGRlIFJ1bmUtTWlkZ2FydHMgc3VmcmVuIGRlIHNlZCB5IGRlcnJhbWFuIGzDoWdyaW1hcyBzZWNhcz8hIMKhwr9RdWllcmVzIHF1ZSBlbnRlcnJlbW9zIGEgbnVlc3Ryb3MgaGlqb3M/IQ==
HhJ6,,W1JlY3J1aXRlcl0KV2FycmlvcnMhIFJ1bmUtTWlkZ2FydHMgaXMgY2FsbGluZyB5b3UhIENsZWFuc2UgdGhpcyBsYW5kJ3MgcGVzdGlsZW5jZSBhbmQgY2FzdCBvdXQgdGhlIHZlcm1pbiBpbiB0aGUgQ3VsdmVydCEgT25seSB5b3UuLi4gQ2FuIG1ha2UgYSBkaWZmZXJlbmNlLg==,,,,,W1JlY3J1dGFkb3JdCkd1ZXJyZWlyb3MhIFJ1bmUtTWlkZ2FyZCBlc3TDoSBjbGFtYW5kbyBwb3Igdm9jw6pzISBMaW1wZW0gYSBzdWplaXJhIGRlc3RhIHRlcnJhIGUgZXhwdWxzZW0gYXMgcHJhZ2FzIGRvcyBFc2dvdG9zISBTw7Mgdm9jw6pzLi4uIHBvZGVtIGZhemVyIGEgZGlmZXJlbsOnYS4=,,W1JlY2x1dGFkb3JdCsKhR3VlcnJlcm9zISDCoVJ1bmUtTWlkZ2FydHMgbG9zIGxsYW1hISDCoUxpbXBpZW4gbGEgcGVzdGlsZW5jaWEgZGUgZXN0YSB0aWVycmEgeSBleHB1bHNlbiBsYSBwbGFnYSBkZSBsYSBBbGNhbnRhcmlsbGEhIFNvbG8gdXN0ZWRlc+KApiBwdWVkZW4gbWFyY2FyIGxhIGRpZmVyZW5jaWEu
HxJ6,,W1JlY3J1aXRlcl0KSSB3b3VsZCBsaWtlIHRvIHRoYW5rIHlvdSBmb3Igdm9sdW50ZWVyaW5nIHRvIGRvIHlvdXIgcGFydCBmb3Igb3VyIGdyZWF0IGtpbmdkb20uIEhlcmUsIHRha2UgdGhlc2UgcHJvdmlzaW9ucyBmb3IgeW91ciBiYXR0bGVzIGFnYWluc3QgdGhlIGZvcmNlcyBvZiBkYXJrbmVzcy4=,,,,,W1JlY3J1dGFkb3JdClF1ZXJvIGFncmFkZWNlciBwb3Igc2Ugdm9sdW50YXJpYXIgZSBmYXplciBzdWEgcGFydGUgcGVsbyBub3NzbyBncmFuZGUgcmVpbm8uIEFxdWksIHBlZ3VlIGVzdGFzIHByb3Zpc8O1ZXMgcGFyYSBhcyBiYXRhbGhhcyBjb250cmEgYXMgZm9yw6dhcyBkYXMgdHJldmFzLg==,,W1JlY2x1dGFkb3JdCkdyYWNpYXMgcG9yIHBhcnRpY2lwYXIgZGUgZm9ybWEgdm9sdW50YXJpYSBwYXJhIGF5dWRhciBhIG51ZXN0cm8gZ3JhbiByZWluby4gVG9tYSBlc3RhcyBwcm92aXNpb25lcyBwYXJhIHR1cyBiYXRhbGxhcyBjb250cmEgbGFzIGZ1ZXJ6YXMgZGUgbGEgb3NjdXJpZGFkLg==
IBJ6,,W1JlY3J1aXRlcl0KQWR2ZW50dXJlci4uLgpJIHdpbGwgbm93IHdhcnAgeW91CnRvIHRoZSBQcm9udGVyYSBDdWx2ZXJ0Lg==,,,,,W1JlY3J1dGFkb3JdClZpYWphbnRlLi4uCkFnb3JhIHZvdSB0ZWxldHJhbnNwb3J0YXIgdm9jw6oKcGFyYSBvcyBFc2dvdG9zIGRlIFByb250ZXJhLg==,,W1JlY2x1dGFkb3JdClRyb3RhbXVuZG9z4oCmCkFob3JhIHRlIHRlbGV0cmFuc3BvcnRhcsOpIAphIGxhIEFsY2FudGFyaWxsYSBkZSBQcm9udGVyYS4=
IRJ6,,W1JlY3J1aXRlcl0KSG1wZi4gV2VsbC4gVGhlIG5leHQgdGltZSB5b3UgdGFrZSBhIGRyaW5rIG9mIHdhdGVyLCBqdXN0IHJlbWVtYmVyIHRoYXQgYW4gYXZlcmFnZSBvZiBuaW5lIGFuZCBhIGhhbGYgY2hpbGRyZW4ganVzdCBkaWVkLi4uIF45OTAwMDBPZiB0aGlyc3ReMDAwMDAwLg==,,,,,W1JlY3J1dGFkb3JdCkh1bmYuIEJlbSwgZGEgcHLDs3hpbWEgdmV6IHF1ZSB2b2PDqiBiZWJlciDDoWd1YSwgbGVtYnJlLXNlIGRlIHF1ZSB1bWEgbcOpZGlhIGRlIG5vdmUgY3JpYW7Dp2FzIGUgbWVpYSBtb3JyZW0uLi4gXjk5MDAwMGRlIHNlZGVeMDAwMDAwLg==,,W1JlY2x1dGFkb3JdClVmLiBCdWVuby4gTGEgcHLDs3hpbWEgdmV6IHF1ZSBiZWJhcyBhZ3VhLCByZWN1ZXJkYSBxdWUgdW4gcHJvbWVkaW8gZGUgbnVldmUgbmnDsW9zIHkgbWVkaW8gYWNhYmFuIGRlIG1vcmly4oCmIF45OTAwMDBkZSBzZWReMDAwMDAwLg==
IhJ6,,Q3VsdmVydCBHdWFyZGlhbg==,,,,,R3VhcmRpw6NvIGRvcyBFc2dvdG9z,,Q3VsdmVydCBHdWFyZGlhbg==
IxJ6,,W0N1bHZlcnQgR3VhcmRpYW5dCkknbSBzb3JyeSwgYnV0IHdlIGNhbiBvbmx5IGFsbG93IHZvbHVudGVlcnMgZm9yIHRoZSBDdWx2ZXJ0IENhbXBhaWduIHRvIGVudGVyLg==,,,,,W0d1YXJkacOjbyBkb3MgRXNnb3Rvc10KU2ludG8gbXVpdG8sIG1hcyBzw7MgcG9kZW1vcyBwZXJtaXRpciBhIGVudHJhZGEgZGUgdm9sdW50w6FyaW9zIGRhIENhbXBhbmhhIGRvcyBFc2dvdG9zLg==,,W0d1YXJkacOhbl0KTG8gc2llbnRvLCBwZXJvIHNvbG8gcG9kZW1vcyBwZXJtaXRpciBsYSBlbnRyYWRhIGEgdm9sdW50YXJpb3MgZGUgbGEgY2FtcGHDsWEgZGUgbGEgQWxjYW50YXJpbGxhLg==
JBJ6,,W0N1bHZlcnQgR3VhcmRpYW5dCklmIHlvdSdkIGxpa2UgdG8gdm9sdW50ZWVyLCBwbGVhc2UgdmlzaXQgdGhlIF4wMDAwNzdDdWx2ZXJ0IFJlZ2lzdHJhcl4wMDAwMDAgbG9jYXRlZCBpbiB0aGUgMTEgTydjbG9jayBkaXJlY3Rpb24gb2YgUHJvbnRlcmEu,,,,,W0d1YXJkacOjbyBkb3MgRXNnb3Rvc10KU2UgcXVpc2VyIHNlIHZvbHVudGFyaWFyLCB2w6EgYXTDqSBvIF4wMDAwNzdSZWdpc3RybyBkb3MgRXNnb3Rvc14wMDAwMDAsIG5hIGRpcmXDp8OjbyBub3JvZXN0ZSBkZSBQcm9udGVyYS4=,,W0d1YXJkacOhbl0KU2kgcXVpZXJlcyBmb3JtYXIgcGFydGUgZGUgbG9zIHZvbHVudGFyaW9zLCBhY3VkZSBhIGxhIF4wMDAwNzdvZmljaW5hIGRlIHJlY2x1dGFtaWVudG8gZGUgbGEgQWxjYW50YXJpbGxhXjAwMDAwMCBzaXR1YWRhIGVuIGxhIGRpcmVjY2nDs24gZGUgbGFzIDExOjAwIGVuIHB1bnRvIGRlc2RlIFByb250ZXJhLg==
JRJ6,,W0N1bHZlcnQgR3VhcmRpYW5dCkFoLCB5b3UncmUgb25lIG9mIG91ciB2b2x1bnRlZXJzLiBUaGlzIGlzIHRoZSBlbnRyYW5jZSBvZiB0aGUgUHJvbnRlcmEgQ3VsdmVydC4KRG8geW91IHdpc2ggdG8KZ28gaW5zaWRlPw==,,,,,W0d1YXJkacOjbyBkb3MgRXNnb3Rvc10KQWgsIHZvY8OqIMOpIGRvcyBub3Nzb3Mgdm9sdW50w6FyaW9zLiBFc3RhIMOpIGEgZW50cmFkYSBkb3MgRXNnb3RvcyBkZSBQcm9udGVyYS4KVm9jw6ogZGVzZWphCmVudHJhcj8=,,W0d1YXJkacOhbl0KQWgsIGZvcm1hcyBwYXJ0ZSBkZSBudWVzdHJvcyB2b2x1bnRhcmlvcy4gRXN0YSBlcyBsYSBlbnRyYWRhIGEgbGEgQWxjYW50YXJpbGxhIGRlIFByb250ZXJhLgrCv1F1aWVyZXMKZW50cmFyPw==
JhJ6,,U3VyZS4=,,,,,w4kgY2xhcm8u,,Q2xhcm8u
JxJ6,,R3VhcmQ=,,,,,R3VhcmRh,,R3VhcmQ=
KBJ6,,W1Byb250ZXJhIEd1YXJkXQpXZWxjb21lIHRvIFByb250ZXJhLg==,,,,,W0d1YXJkYSBkZSBQcm9udGVyYV0uCkJvYXMtdmluZGFzIGEgUHJvbnRlcmEu,,W0d1YXJkaWEgZGUgUHJvbnRlcmFdClRlIGRveSBsYSBiaWVudmVuaWRhIGEgUHJvbnRlcmEu
KRJ6,,U2h1Z2Vy,,,,,U2h1Z2Vy,,U2h1Z2Vy
KhJ6,,W1NodWdlcl0KT3V0c2lkZSB0aGUgc2FmZXR5IG9mIHRoZSBjaXR5LCB0aGVyZSBpcyBhIHBpbmsgYmVhc3Qga25vd24gYXMgXjAwMDA3N1BvcmluZ14wMDAwMDAu,,,,,W1NodWdlcl0KRm9yYSBkYSBzZWd1cmFuw6dhIGRhIGNpZGFkZSwgaMOhIHVtYSBmZXJhIHJvc2FkYSBjaGFtYWRhIF4wMDAwNzdQb3JpbmdeMDAwMDAwLg==,,W1NodWdlcl0KRnVlcmEgZGUgbGEgc2VndXJpZGFkIGRlIGxhIGNpdWRhZCwgaGF5IHVuYSBiZXN0aWEgcm9zYSBjb25vY2lkYSBjb21vIF4wMDAwNzdQb3JpbmdeMDAwMDAwLg==
KxJ6,,W1NodWdlcl0KVGhvdWdoIGl0J3MgY3V0ZSBpbiBhcHBlYXJhbmNlIGFuZCBkb2VzIG5vdCBhY3RpdmVseSBoYXJtIHBlb3BsZSwgUG9yaW5nIGlzIGtub3duIHRvIGFic29yYiBpdGVtcyB0aGF0IGFyZSBvbiB0aGUgZ3JvdW5kIGludG8gaXRzIG93biBib2R5Lg==,,,,,W1NodWdlcl0KRW1ib3JhIHRlbmhhIHVtYSBhcGFyw6puY2lhIGJvbml0YSBlIG7Do28gYXRhcXVlIG5lY2Vzc2FyaWFtZW50ZSBhcyBwZXNzb2FzLCBPcyBQb3JpbmdzIHPDo28gY29uaGVjaWRvcyBwb3IgYWJzb3J2ZXIgaXRlbnMgZG8gY2jDo28gY29tIHNldSBwcsOzcHJpbyBjb3Jwby4=,,W1NodWdlcl0KQXVucXVlIHRpZW5lbiB1bmEgYXBhcmllbmNpYSBhZG9yYWJsZSB5IG5vIGRhw7FhbiBhY3RpdmFtZW50ZSBhIGxhcyBwZXJzb25hcywgc2Ugc2FiZSBxdWUgbG9zIFBvcmluZyBhYnNvcmJlbiBlbiBzdSBjdWVycG8gb2JqZXRvcyBxdWUgZXN0w6FuIGVuIGVsIHN1ZWxvLg==
LBJ6,,W1NodWdlcl0KU28gaWYgdGhlcmUncyBzb21ldGhpbmcgb24gdGhlIGdyb3VuZCB0aGF0IHlvdSB3YW50IHRvIHBpY2sgdXAsIGJlIGNhcmVmdWwgbGVzdCBpdCBiZSBjb25zdW1lZCBieSBhIFBvcmluZy4gVGhlbiBhZ2Fpbi4uLiBQb3JpbmdzIGFyZSBwcmV0dHkgd2Vhay4uLg==,,,,,W1NodWdlcl0KUG9ydGFudG8sIHNlIGhvdXZlciBhbGdvIG5vIGNow6NvIHF1ZSB2b2PDqiBxdWVpcmEgcGVnYXIsIHRlbmhhIGN1aWRhZG8gcGFyYSBxdWUgbsOjbyBzZWphIGNvbnN1bWlkbyBwb3IgdW0gUG9yaW5nLiBEZSBxdWFscXVlciBmb3JtYS4uLiBvcyBQb3JpbmdzIHPDo28gYmVtIGZyYWNvcy4uLg==,,W1NodWdlcl0KQXPDrSBxdWUgc2kgaGF5IGFsZ28gZW4gZWwgc3VlbG8gcXVlIHF1aWVyYXMgcmVjb2dlciwgdGVuIGN1aWRhZG8gZGUgcXVlIG5vIGxvIGRldm9yZSB1biBQb3JpbmcuIFBlcm/igKYgbG9zIFBvcmluZyBzb24gYmFzdGFudGUgZMOpYmlsZXPigKY=
LRJ6,,W1NodWdlcl0KVGhlIGdyZWVuIGNvbG9yZWQgXjAwMDA3N1BvcG9yaW5nXjAwMDAwMCBpcyB0b3VnaGVyIHRoYW4gUG9yaW5nLiBOZXdiaWVzIGdlbmVyYWxseSBtYWtlIHRoZSBtaXN0YWtlIG9mIGF0dGFja2luZyBpdCB3aXRob3V0IGJlaW5nIGF3YXJlIG9mIGl0cyBwb3dlci4uLiBTbyBiZSBjYXJlZnVsIQ==,,,,,W1NodWdlcl0KTyBeMDAwMDc3UG9wb3JpbmdeMDAwMDAwLCBkZSBjb3IgdmVyZGUsIMOpIG1haXMgZGlmw61jaWwgZG8gcXVlIG8gUG9yaW5nLiBPcyBub3ZhdG9zIGNvbWV0ZW0gZ2VyYWxtZW50ZSBvIGVycm8gZGUgYXRhY8OhLWxvIHNlbSBlc3RhcmVtIGNpZW50ZXMgZGUgc2V1IHBvZGVyLi4uIFBvcnRhbnRvLCB0b21lIGN1aWRhZG8h,,W1NodWdlcl0KRWwgXjAwMDA3N1BvcG9yaW5nXjAwMDAwMCwgZGUgY29sb3IgdmVyZGUsIGVzIG3DoXMgZnVlcnRlIHF1ZSBlbCBQb3JpbmcuIExvcyBwcmluY2lwaWFudGVzIHN1ZWxlbiBjb21ldGVyIGVsIGVycm9yIGRlIGF0YWNhcmxvIHNpbiBzZXIgY29uc2NpZW50ZXMgZGUgc3UgcG9kZXLigKYgwqFBc8OtIHF1ZSB0ZW4gY3VpZGFkbyE=
LhJ6,,VG9ubw==,,,,,VG9ubw==,,VG9ubw==
LxJ6,,W1Rvbm9dCkRpZCB5b3Uga25vdz8=,,,,,W1Rvbm9dClZvY8OqIHNhYmlhPw==,,W1Rvbm9dCsK/TG8gc2Fiw61hcz8=
MBJ6,,W1Rvbm9dClRoZSBsYXJ2YSBvZiBDcmVhbXkgaXMgRmFicmUuIFNvLCB0aG9zZSBncmVlbiBsaXR0bGUgd29ybXkgdGhpbmdzIGFyZSBhY3R1YWxseSB0aGUgYmFiaWVzIG9mIHRob3NlIHBpbmtpc2gsIHB1cnBseSBidXR0ZXJmbHkgdGhpbmdzIHlvdSBzZWUgYXJvdW5kLg==,,,,,W1Rvbm9dCkEgbGFydmEgZGEgQ3JlYW15IMOpIGEgRmFicmUuIFBvcnRhbnRvLCBhcyBwZXF1ZW5hcyBsYWdhcnRhcyB2ZXJkZXMgc8OjbywgbmEgdmVyZGFkZSwgb3MgYmViw6pzIGRlc3NhcyBib3Jib2xldGFzIHJvc2FkYXMgZSBhcnJveGVhZGFzIHF1ZSB2b2PDqiB2w6ogcG9yIGHDrS4=,,W1Rvbm9dCkxvcyBGYWJyZSBzb24gbGFzIGxhcnZhcyBkZSBsb3MgQ3JlYW15LiBBc8OtIHF1ZSBlc29zIGd1c2FuaXRvcyB2ZXJkZXMgc29uIGVuIHJlYWxpZGFkIGxhcyBjcsOtYXMgZGUgZXNhcyBtYXJpcG9zYXMgcm9zYWRhcyB5IG1vcmFkYXMgcXVlIHZlcyBwb3IgYWjDrS4=
MRJ6,,W1Rvbm9dCkJ1dCBiZWZvcmUgRmFicmVzIGNhbiBiZWNvbWUgQ3JlYW15cywgdGhleSBnbyBpbnRvIGEgcHVwYSBzdGFnZS4gV2hlbiB0aGF0IGhhcHBlbnMsIHRoZXkgdHVybiBpbnRvIHRoZXNlIGRhcmsgcHVycGxlIGNvY29vbnMgd2UgY2FsbCBQdXBhLiBTaW1wbGUsIGh1aD8=,,,,,W1Rvbm9dCk1hcyBhbnRlcyBxdWUgYXMgRmFicmVzIHBvc3NhbSBzZSB0b3JuYXIgQ3JlYW15cywgZWxlcyBlbnRyYW0gbm8gZXN0w6FnaW8gZGUgcHVwYS4gUXVhbmRvIGlzc28gYWNvbnRlY2UsIGVsYXMgc2UgdHJhbnNmb3JtYW0gbmVzc2VzIGNhc3Vsb3Mgcm94b3MgZXNjdXJvcyBxdWUgY2hhbWFtb3MgZGUgcHVwYS4gU2ltcGxlcywgbsOpPw==,,W1Rvbm9dClBlcm8gYW50ZXMgZGUgcXVlIGxvcyBGYWJyZSBzZSBjb252aWVydGFuIGVuIENyZWFteSwgcGFzYW4gYSBsYSBmYXNlIFB1cGEuIEN1YW5kbyBlc28gc3VjZWRlLCBzZSBjb252aWVydGVuIGVuIGVzdG9zIGNhcHVsbG9zIGRlIGNvbG9yIG1vcmFkbyBvc2N1cm8gcXVlIGxsYW1hbW9zIFB1cGEuIFNlbmNpbGxvLCDCv3ZlcmRhZD8=
MhJ6,,W1Rvbm9dClRoZXJlJ3MgYW5vdGhlciBtb25zdGVyIHRoYXQgZ29lcyB0aHJvdWdoIGEgcmVhbGx5IGJpZyBjaGFuZ2UuLi4gUGlja3lzLg==,,,,,W1Rvbm9dCkjDoSBvdXRybyBtb25zdHJvIHF1ZSBwYXNzYSBwb3IgdW1hIG11ZGFuw6dhIG11aXRvIGdyYW5kZS4uLiBQaWNreXMu,,W1Rvbm9dCkhheSBvdHJvIHRpcG8gZGUgbW9uc3RydW8gcXVlIGF0cmF2aWVzYSB1biBjYW1iaW8gZW5vcm1l4oCmIGxvcyBQaWNreS4=
MxJ6,,W1Rvbm9dClBpY2t5cyBhcmUgc28gY3V0ZSB3aGVuIHRoZXkncmUgeW91bmcsIGJ1dCB3aGVuIHRoZXkgZ3JvdyB1cCwgdGhleSB0dXJuIGludG8gdGhvc2UgYmlnLCBnYXdreSBsb29raW5nIFBlY28gUGVjb3MuIFRhbGsgYWJvdXQgYXdrd2FyZCBwdWJlcnR5Lg==,,,,,W1Rvbm9dCk9zIFBpY2t5cyBzw6NvIHTDo28gYm9uaXRpbmhvcyBxdWFuZG8gc8OjbyBqb3ZlbnMsIG1hcyBxdWFuZG8gY3Jlc2NlbSwgc2UgdHJhbnNmb3JtYW0gbmFxdWVsZXMgUGVjbyBQZWNvcyBncmFuZGVzIGUgZGVzYWplaXRhZG9zLiDDiSB1bWEgcHViZXJkYWRlIGJlbSBlc3RyYW5oYS4=,,W1Rvbm9dCkxvcyBQaWNreSBzb24gbXV5IGFkb3JhYmxlcyBjdWFuZG8gc29uIHBlcXVlw7FvcyBwZXJvLCBjdWFuZG8gY3JlY2VuLCBzZSBjb252aWVydGVuIGVuIGVzb3MgUGVjbyBQZWNvIGdyYW5kZXMgeSB0b3JwZXMuIFZheWEgcHViZXJ0YWQgaW5jw7Ntb2RhLg==
NBJ6,,TWVyaWRldGg=,,,,,TWVyaWRldGg=,,TWVyaWRldGg=
NRJ6,,W01lcmlkZXRoXQpUaGUgd2VhdGhlciB3YXMgbmljZSBvbiBteSBkYXkgb2ZmIHNvIG15IGZhbWlseSBhbmQgSSB3ZW50IGZvciBhIHBpY25pYy4gV2UgY2hvc2UgdG8gZ28gdG8gYSBzbGlnaHRseSBzZWNsdWRlZCBhcmVhIHdoZXJlIEkgc2F3IHNvbWV0aGluZyByZWFsbHkgaW50ZXJlc3RpbmcuLi4=,,,,,W01lcmlkZXRoXQpPIGNsaW1hIGVzdGF2YSBib20gZW0gbWV1IGRpYSBkZSBmb2xnYSwgZW50w6NvIGV1IGUgbWluaGEgZmFtw61saWEgZm9tb3MgZmF6ZXIgdW0gcGlxdWVuaXF1ZS4gT3B0YW1vcyBwb3IgaXIgYSB1bWEgw6FyZWEgdW0gcG91Y28gaXNvbGFkYSwgb25kZSB2aSBhbGdvIGJlbSBpbnRlcmVzc2FudGUuLi4=,,W01lcmlkZXRoXQpFbiBtaSBkw61hIGxpYnJlLCBlbCBjbGltYSBlc3RhYmEgYWdyYWRhYmxlLCBhc8OtIHF1ZSBtaSBmYW1pbGlhIHkgeW8gbm9zIGZ1aW1vcyBkZSBww61jbmljLiBFbGVnaW1vcyBpciBhIHVuYSB6b25hIHVuIHBvY28gYXBhcnRhZGEgZG9uZGUgdmkgYWxnbyByZWFsbWVudGUgaW50ZXJlc2FudGXigKY=
NhJ6,,W01lcmlkZXRoXQpJdCB3YXMgYSBsYXJnZSBncm91cCBvZiBHaWFudCBIb3JuZXRzISBXaGF0IHdhcyBldmVuIHdlaXJkZXIgd2FzIHRoYXQgdGhleSB3ZXJlIGFsbCBjb250cm9sbGVkIGJ5IHRoaXMgb25lIFF1ZWVuIEJlZSwgZm9sbG93aW5nIGhlciBldmVyeSBjb21tYW5kLg==,,,,,W01lcmlkZXRoXQpFcmEgdW0gZ3JhbmRlIGVueGFtZSBkZSB2ZXNwYXMgZ2lnYW50ZXMhIEUgbWFpcyBlc3RyYW5obyBhaW5kYSBlcmEgcXVlIHRvZGFzIGVsYXMgZXJhbSBjb250cm9sYWRvcyBwb3IgZXNzYSDDum5pY2EgYWJlbGhhIHJhaW5oYSwgc2VndWluZG8gdG9kYXMgYXMgc3VhcyBvcmRlbnMu,,W01lcmlkZXRoXQrCoUVyYSB1biBncmFuIGdydXBvIGRlIEF2aXNwb25lcyBnaWdhbnRlcyEgTG8gbcOhcyBleHRyYcOxbyBlcmEgcXVlIHRvZG9zIGVzdGFiYW4gY29udHJvbGFkb3MgcG9yIGxhIEFiZWphIHJlaW5hIHkgc2VndcOtYW4gdG9kYXMgc3VzIMOzcmRlbmVzLg==
NxJ6,,W01lcmlkZXRoXQpUaGV5IG1pZ2h0IGp1c3QgYmUgYnVncywgYnV0IEkgdGhpbmsgdGhleSd2ZSBnb3QgdGhlIHJpZ2h0IGlkZWEuIE1lbiByZWFsbHkgb3VnaHQgdG8gdGFrZSBjb21tYW5kcyBmcm9tIHVzIHdvbWVuLi4uIFdlIGRvIHRoaW5ncyByaWdodCE=,,,,,W01lcmlkZXRoXQpFbGFzIHBvZGVtIHNlciBhcGVuYXMgaW5zZXRvcywgbWFzIGFjaG8gcXVlIGrDoSBlbnRlbmRlcmFtIGJlbSBvIHJlY2Fkbzogb3MgaG9tZW5zIGRldmVyaWFtIG1lc21vIHJlY2ViZXIgb3JkZW5zIGRlIG7Ds3MsIG11bGhlcmVzLi4uIE7Ds3MgZmF6ZW1vcyBhcyBjb2lzYXMgZGlyZWl0byE=,,W01lcmlkZXRoXQpQdWVkZSBxdWUgc29sbyBzZWFuIGluc2VjdG9zLCBwZXJvIGNyZW8gcXVlIGVzdMOhbiBlbiBsbyBjb3JyZWN0by4gTG9zIGhvbWJyZXMgZGViZXLDrWFuIHJlY2liaXIgw7NyZGVuZXMgZGUgbm9zb3RyYXMsIGxhcyBtdWplcmVz4oCmIMKhSGFjZW1vcyBsYXMgY29zYXMgYmllbiE=
OBJ6,,WXVQaQ==,,,,,WXVQaQ==,,WXVQaQ==
ORJ6,,W1l1UGldCkFsdGhvdWdoIG1hbnkgbW9uc3RlcnMgbWF5IGxvb2sgdGhlIHNhbWUsIGJlIGNhcmVmdWwhIFRoZXJlIGFyZSB2YXJpYXRpb25zIGFtb25nIG1vbnN0ZXJzIHRoYXQgaGF2ZSB0aGUgc2FtZSBiYXNpYyBmb3JtLg==,,,,,W1l1UGldCkVtYm9yYSBtdWl0b3MgbW9uc3Ryb3MgcG9zc2FtIHBhcmVjZXIgaWd1YWlzLCB0ZW5oYSBjdWlkYWRvISBIw6EgdmFyaWHDp8O1ZXMgZW50cmUgb3MgbW9uc3Ryb3MgcXVlIHBvc3N1ZW0gYSBtZXNtYSBmb3JtYSBiw6FzaWNhLg==,,W1l1UGldCkF1bnF1ZSBtdWNob3MgbW9uc3RydW9zIHNlYW4gcGFyZWNpZG9zLCDCoXRlbiBjdWlkYWRvISBFeGlzdGVuIHZhcmlhY2lvbmVzIGVudHJlIG1vbnN0cnVvcyBxdWUgY29tcGFydGVuIGxhIG1pc21hIGZvcm1hIGLDoXNpY2Eu
OhJ6,,W1l1UGldCk9uZSBtb25zdGVyLCB0aGF0IGxvb2tzIGp1c3QgbGlrZSBhIHBlYWNlZnVsIGFuZCB3ZWFrIG9uZSB0aGF0IHlvdSd2ZSBhbHJlYWR5IGVuY291bnRlcmVkLCBtYXkgYWN0dWFsbHkgYmUgd2lsZCBhbmQgZmVyb2Npb3VzIQ==,,,,,W1l1UGldClVtIG1vbnN0cm8gcXVlIHNlIHBhcmVjZSBjb20gdW0gYmljaG8gcGFjw61maWNvIGUgZnJhY28gcXVlIHZvY8OqIGrDoSBlbmNvbnRyb3UgcG9kZSwgbmEgdmVyZGFkZSwgc2VyIHNlbHZhZ2VtIGUgZmVyb3oh,,W1l1UGldClVuIG1vbnN0cnVvIHF1ZSBzZSBwYXJlY2UgYSB1bm8gcGFjw61maWNvIHkgZMOpYmlsIGNvbiBlbCBxdWUgeWEgdGUgaGFzIHRvcGFkbyDCoXB1ZWRlIHNlciBlbiByZWFsaWRhZCBzYWx2YWplIHkgZmVyb3oh
OxJ6,,W1l1UGldCllvdSBjYW4gdGVsbCB0aGVzZSBraW5kcyBvZiBtb25zdGVycyBhcGFydCBieSB0aGVpciBib2R5IGNvbG9yLiBXaWxkZXIgYW5kIG1vcmUgcG93ZXJmdWwgbW9uc3RlcnMgaGF2ZSBtb3JlIGRhbmdlcm91cyBsb29raW5nIGNvbG9ycy4=,,,,,W1l1UGldClZvY8OqIHBvZGUgZGlzdGluZ3VpciBlc3NlcyB0aXBvcyBkZSBtb25zdHJvcyBwZWxhIGNvciBkbyBjb3Jwby4gT3MgbW9uc3Ryb3MgbWFpcyBzZWx2YWdlbnMgZSBwb2Rlcm9zb3MgdMOqbSBjb3JlcyBtYWlzIHBlcmlnb3Nhcy4=,,W1l1UGldClB1ZWRlcyBkaXN0aW5ndWlyIGVzdGUgdGlwbyBkZSBtb25zdHJ1b3MgcG9yIGVsIGNvbG9yIGRlIHN1IGN1ZXJwby4gTG9zIG1vbnN0cnVvcyBtw6FzIHNhbHZhamVzIHkgcG9kZXJvc29zIHRpZW5lbiBjb2xvcmVzIGRlIGFzcGVjdG8gbcOhcyBwZWxpZ3Jvc28u
PBJ6,,WXVOYQ==,,,,,WXVOYQ==,,WXVOYQ==
PRJ6,,W1l1TmFdCkJlaG9sZC4uLgpNaWdodHkgT2RpbiEKR29kIG9mIHdpc2RvbSEKR29kIG9mIHdhciE=,,,,,W1l1TmFdCkNvbnRlbXBsZW0uLi4KUG9kZXJvc28gT2RpbiEKRGV1cyBkYSBzYWJlZG9yaWEhCkRldXMgZGEgZ3VlcnJhIQ==,,W1l1TmFdCsKhSGUgYXF1w60gCmVsIHBvZGVyb3NvIE9kw61uIQrCoURpb3MgZGUgbGEgc2FiaWR1csOtYSEKwqFEaW9zIGRlIGxhIGd1ZXJyYSE=
PhJ6,,W1l1TmFdCkhlcmUsIGluIFJ1bmUtTWlkZ2FyZCwgd2Ugc2VydmUgT2RpbiwgdGhlIGZlYXJzb21lIGdvZCB3aG8gc2FjcmlmaWNlZCBvbmUgb2YgaGlzIGV5ZXMgaW4gb3JkZXIgdG8gYWNxdWlyZSB3aXNkb20u,,,,,W1l1TmFdCkFxdWksIGVtIFJ1bmUtTWlkZ2FyZCwgc2Vydmltb3MgYSBPZGluLCBvIHRlbcOtdmVsIGRldXMgcXVlIHNhY3JpZmljb3UgdW0gZGUgc2V1cyBvbGhvcyBwYXJhIGFkcXVpcmlyIHNhYmVkb3JpYS4=,,W1l1TmFdCkFxdcOtLCBlbiBSdW5lLU1pZGdhcnRzLCBzZXJ2aW1vcyBhIE9kw61uLCBlbCB0ZW1pYmxlIGRpb3MgcXVlIHNhY3JpZmljw7MgdW5vIGRlIHN1cyBvam9zIHBhcmEgYWRxdWlyaXIgc2FiaWR1csOtYS4=
PxJ6,,W1l1TmFdClRoZSBzdGF0dWUgeW91IHNlZSBiZWhpbmQgb2YgbWUgd2FzIGEgc2N1bHB0dXJlIG9mIG1pZ2h0eSBPZGluLiBCdXQsIGl0J3MgYSBzaGFtZSBiZWNhdXNlIHRoZXkgcmVtb3ZlZCBpdC4=,,,,,W1l1TmFdCkEgZXN0w6F0dWEgcXVlIHZvY8OqIHbDqiBhdHLDoXMgZGUgbWltIGVyYSB1bWEgZXNjdWx0dXJhIGRvIHBvZGVyb3NvIE9kaW4uIE1hcyDDqSB1bWEgcGVuYSBxdWUgYSB0ZW5oYW0gcmVtb3ZpZG8u,,W1l1TmFdCkxhIGVzdGF0dWEgcXVlIHZlcyBkZXRyw6FzIGRlIG3DrSBzb2zDrWEgc2VyIHVuYSBlc2N1bHR1cmEgZGVsIHBvZGVyb3NvIE9kw61uLiBFcyB1bmEgcGVuYSBxdWUgbGEgaGF5YW4gcXVpdGFkby4=
QBJ6,,W1l1TmFdCkkgbWVhbiwgdGhpcyBzdGF0dWUgaXMgdG90YWxseSBkaWZmZXJlbnQgZnJvbSBvdXIgaW1hZ2Ugb2YgT2Rpbi4gSSBndWVzcyB0aGUgc2N1bHB0b3IgdG9vayB0b28gbWFueSBhcnRpc3RpYyBsaWJlcnRpZXMu,,,,,W1l1TmFdCkRpZ28sIGVzc2EgZXN0w6F0dWEgw6kgdG90YWxtZW50ZSBkaWZlcmVudGUgZGUgbm9zc2EgaW1hZ2VtIGRlIE9kaW4uIEFjaG8gcXVlIG8gZXNjdWx0b3IgdG9tb3UgbXVpdGFzIGxpYmVyZGFkZXMgYXJ0w61zdGljYXMu,,W1l1TmFdClF1aWVybyBkZWNpciwgZXN0YSBlc3RhdHVhIGVzIHRvdGFsbWVudGUgZGlmZXJlbnRlIGRlIG51ZXN0cmEgaW1hZ2VuIGRlIE9kw61uLiBTdXBvbmdvIHF1ZSBlbCBlc2N1bHRvciBzZSB0b23DsyBkZW1hc2lhZGFzIGxpYmVydGFkZXMgYXJ0w61zdGljYXMu
QRJ6,,W1l1TmFdCkkgYmV0IHRoZSBmaXJzdCB0aW1lIHlvdSBzYXcgdGhhdCBzdGF0dWUsIHlvdSB0aG91Z2h0LCAnXjMzNTVGRk9oLCB3aGF0IGEgbmljZSBtdXNjbGUgbWFuIG9uIGEgaG9yc2VeMDAwMDAwLic=,,,,,W1l1TmFdCkFwb3N0byBxdWUgYSBwcmltZWlyYSB2ZXogcXVlIHZvY8OqIHZpdSBlc3NhIGVzdMOhdHVhLCBwZW5zb3U6ICdeMzM1NUZGQWgsIHF1ZSBiZWxvIGhvbWVtIG11c2N1bG9zbyBlbSB1bSBjYXZhbG9eMDAwMDAwJy4=,,W1l1TmFdCkFwdWVzdG8gYSBxdWUgbGEgcHJpbWVyYSB2ZXogcXVlIHZpc3RlIGVzYSBlc3RhdHVhLCBwZW5zYXN0ZTog4oCcXjMzNTVGRk9oLCBtaXJhIGEgZXNlIGhvbWJyZSBhcHVlc3RvIHkgZnVlcnRlIG1vbnRhZG8gYSBjYWJhbGxvXjAwMDAwMOKAnS4=
QhJ6,,W1l1TkFdCkJ1dCB0aGlzIHN0YXR1ZSBpcyBvYnZpb3VzbHkgbm90IG11c2N1bGFyIGVub3VnaCwgbm90IGdvZGx5IGVub3VnaCB0byBmYWlybHkgcmVwcmVzZW50IGEgZ29kISBNYXliZSBpZiBoZSBoYWQgYSBoYWxvPw==,,,,,W1l1TkFdCk1hcyBlc3NhIGVzdMOhdHVhIG9idmlhbWVudGUgbsOjbyDDqSBtdXNjdWxvc2EgbyBzdWZpY2llbnRlLCB0YW1wb3VjbyBtYWduw6JuaW1hIG8gc3VmaWNpZW50ZSBwYXJhIHJlcHJlc2VudGFyIHVtIGRldXMgZGUgZm9ybWEganVzdGEhIEUgc2UgZWxlIHRpdmVzc2UgdW1hIGF1csOpb2xhPw==,,W1l1TmFdClBlcm8gZXN0YSBlc3RhdHVhIG9idmlhbWVudGUgbm8gZXMgbG8gc3VmaWNpZW50ZW1lbnRlIG11c2N1bG9zYSwgbmkgbG8gc3VmaWNpZW50ZW1lbnRlIGRpdmluYSBwYXJhIHJlcHJlc2VudGFyIGEgdW4gZGlvcyBjb21vIHNlIGRlYmUuIMK/UXVpesOhcyBzaSB0dXZpZXJhIHVuIGhhbG8/
QxJ6,,U3RyaWZl,,,,,U3RyaWZl,,U3RyaWZl
RBJ6,,W1N0cmlmZV0KV2hldyEKTWFuIG9oIG1hbi4uLgpJJ20gZ29ubmEgYmUgc3VjaAphbiBhd2Vzb21lIEtuaWdodCE=,,,,,W1N0cmlmZV0KVWZhIQpBw60sIGNhcmEuLi4KRXUgdm91IHNlciB1bQp1bSBjYXZhbGVpcm8gaW5jcsOtdmVsIQ==,,W1N0cmlmZV0KwqFGaXUhClZheWHigKYKwqFWb3kgYSBzZXIgdW4KQ2FiYWxsZXJvIGltcHJlc2lvbmFudGUh
RRJ6,,W1N0cmlmZV0KSSBrbm93LCBJIGtub3cuLi4KRmlyc3QsIEkgZ290dGEgYmUgYSBTd29yZGllLiBCdXQgaWYgSSBrZWVwIHByYWN0aWNpbmcsIEkgY2FuIGJlY29tZSBhbiBhd2Vzb21lIFN3b3JkaWUuIEFuZCB0aGVuIGFmdGVyIHRoYXQuLi4=,,,,,W1N0cmlmZV0KRXUgc2VpLCBldSBzZWkuLi4KUHJpbWVpcm8sIHRlbmhvIHF1ZSBtZSB0b3JuYXIgdW0gU3dvcmRpZS4gTWFzIHNlIGV1IGNvbnRpbnVhciB0cmVpbmFuZG8sIHBvc3NvIG1lIHRvcm5hciB1bSBTd29yZGllIGluY3LDrXZlbC4gRSBkZXBvaXMgZGlzc28uLi4=,,W1N0cmlmZV0KTG8gc8OpLCBsbyBzw6nigKYKUHJpbWVybywgdGVuZ28gcXVlIHNlciB1biBHdWVycmVybyBkZSBlc3BhZGEuIFBlcm8gc2kgc2lnbyBwcmFjdGljYW5kbywgcHVlZG8gY29udmVydGlybWUgZW4gdW4gaW1wcmVzaW9uYW50ZSBHdWVycmVybyBkZSBlc3BhZGEuIFkgZGVzcHXDqXMgZGUgZXNv4oCm
RhJ6,,W1N0cmlmZV0KSSdsbCBiZSB0aGUgbW9zdAphd2Vzb21lc3QgS25pZ2h0IGFyb3VuZCEKSXQncy4uLiBJdCdzIG15IG1vc3QgcHJlY2lvdXMgZHJlYW0u,,,,,W1N0cmlmZV0KRXUgc2VyZWkgbyBjYXZhbGVpcm8gbWFpcwogaW5jcsOtdmVsIGRvIHBlZGHDp28hCsOJLi4uIMOpIG8gbWV1IHNvbmhvIG1haXMgcHJlY2lvc28u,,W1N0cmlmZV0KwqFzZXLDqSBlbCBDYWJhbGxlcm8KbcOhcyBhc29tYnJvc28gZGVsIG11bmRvIQpFc+KApiBFcyBtaSBzdWXDsW8gbcOhcyBwcmVjaWFkby4=
RxJ6,,W1N0cmlmZV0KTUFHTlVNIEJSRUFLIQ==,,,,,W1N0cmlmZV0KSU1QQUNUTyBFWFBMT1NJVk8h,,W1N0cmlmZV0KwqFRVUlFQlJFIE3DgUdOVU0h
SBJ6,,SSB3YW5uYSBiZSBhIHN0cm9uZyB0b28h,,,,,RXUgdGFtYsOpbSBxdWVybyBzZXIgZm9ydGUh,,wqFZbyB0YW1iacOpbiBxdWllcm8gc2VyIGZ1ZXJ0ZSE=
SRJ6,,VW0uLi4gRG8geW91ciBiZXN0Lg==,,,,,SHVtLi4uIETDqiB0dWRvIGRlIHNpLg==,,RWjigKYgSGF6IHR1IG1lam9yIGVzZnVlcnpvLg==
ShJ6,,W1N0cmlmZV0KV293Li4uIQpUaGF0J3Mgc28gYXdlc29tZSEKV2UgYm90aCBzaGFyZSB0aGUKc2FtZSBkcmVhbSE=,,,,,W1N0cmlmZV0KVWF1Li4uIQpRdWUgZGVtYWlzIQpOw7NzIGRvaXMgY29tcGFydGlsaGFtb3MgbwptZXNtbyBzb25obyE=,,W1N0cmlmZV0KwqFWYXlh4oCmIQrCoVF1w6kgaW5jcmXDrWJsZSEKwqFBbWJvcyBjb21wYXJ0aW1vcwplbCBtaXNtbyBzdWXDsW8h
SxJ6,,W1N0cmlmZV0KSGV5LCBpZiB5b3Ugd2FubmEgYmVjb21lIGEgU3dvcmRpZSwgeW91IGdvdHRhIGdvIHRvIEl6bHVkZS4gVGhlcmUsIHlvdSBjYW4gZ28gYWhlYWQgYW5kIHRha2UgdGhlIFN3b3JkbWFuIGpvYiB0ZXN0LiBUaGUgZmlyc3QgdGltZSwgSSwgdW0sIGZhaWxlZCBtaXNlcmFibHkuIEJ1dCBJIHdvbid0IGZhaWwgYWdhaW4h,,,,,W1N0cmlmZV0KRWksIHNlIHZvY8OqIHF1ZXIgc2UgdG9ybmFyIHVtIFN3b3JkaWUsIHByZWNpc2EgaXIgcGFyYSBJemx1ZGUuIEzDoSwgdm9jw6ogcG9kZSB0ZW50YXIgZmF6ZXIgbyB0ZXN0ZSBkZSBvZsOtY2lvIGRlIEVzcGFkYWNoaW0uIE5hIHByaW1laXJhIHZleiwgZXUsIGjDoywgZnJhY2Fzc2VpIGRlIGZvcm1hIGVzcGV0YWN1bGFyLiBNYXMgbsOjbyB2b3UgZmFsaGFyIGRlIG5vdm8h,,W1N0cmlmZV0KT3llLCBzaSBxdWllcmVzIGNvbnZlcnRpcnRlIGVuIHVuIEd1ZXJyZXJvIGRlIGVzcGFkYSwgdGllbmVzIHF1ZSBpciBhIEl6bHVkZS4gQWxsw60sIHB1ZWRlcyBoYWNlciBsYSBwcnVlYmEgcGFyYSBsYSBjbGFzZSBFc3BhZGFjaMOtbi4gTGEgcHJpbWVyYSB2ZXosIGZyYWNhc8OpIGVzdHJlcGl0b3NhbWVudGUuIMKhUGVybyBubyB2b2x2ZXLDqSBhIGZhbGxhciE=
TBJ6,,W1N0cmlmZV0KVHJhaW5pbmchIFRyYWluaW5nISBHb3R0YSBrZWVwIHRyYWluaW5nISBZb3UgbmVlZCB0byBiZSBzdHJvbmcgdG9vISBPbmNlIHdlIGJvdGggZ2V0IHN0cm9uZ2VyLCB3ZSdsbCBtZWV0IGFnYWluIQ==,,,,,W1N0cmlmZV0KVHJlaW5hciEgVHJlaW5hciEgVGVuaG8gcXVlIGNvbnRpbnVhciB0cmVpbmFuZG8hIFZvY8OqIHRhbWLDqW0gcHJlY2lzYSBzZXIgZm9ydGUhIFF1YW5kbyBhbWJvcyBmaWNhcm1vcyBtYWlzIGZvcnRlcywgbm9zIGVuY29udHJhcmVtb3Mgbm92YW1lbnRlIQ==,,W1N0cmlmZV0KwqFBIGVudHJlbmFyISDCoUEgZW50cmVuYXIhIMKhSGF5IHF1ZSBzZWd1aXIgZW50cmVuYW5kbyEgwqFUw7ogdGFtYmnDqW4gdGllbmVzIHF1ZSBzZXIgZnVlcnRlISBDdWFuZG8gYW1ib3Mgc2VhbW9zIG3DoXMgZnVlcnRlcywgwqF2b2x2ZXJlbW9zIGEgdmVybm9zIQ==
TRJ6,,W1N0cmlmZV0KSGVoIGhlaCEgSSB3aWxsIGZvciBzdXJlISAnU3RyaWZlLCB0aGUgY291cmFnZW91cyBLbmlnaHQuJyBJdCBzb3VuZHMgY29vbCwgZG9lc24ndCBpdD8=,,,,,W1N0cmlmZV0KSGVoIGhlaCEgQ29tIGNlcnRlemEhICJTdHJpZmUsIG8gY2F2YWxlaXJvIGNvcmFqb3NvIi4gU29hIGxlZ2FsLCBuw6NvIGFjaGE/,,W1N0cmlmZV0KwqFKZSwgamUhIMKhU2luIGR1ZGEgbG8gbG9ncmFyw6khIOKAnFN0cmlmZSwgZWwgQ2FiYWxsZXJvIHZhbGllbnRl4oCdLiBTdWVuYSBiaWVuLCDCv3ZlcmRhZD8=
ThJ6,,W1N0cmlmZV0KRmlnaHQuLi4hCkZpZ2h0IEZpZ2h0IEZJR0hUIQ==,,,,,W1N0cmlmZV0KTHV0YXIuLi4hCkx1dGFyLCBsdXRhciwgTFVUQVIh,,W1N0cmlmZV0KwqFQZWxlYXLigKYhCsKhUGVsZWFyLCBwZWxlYXIsIFBFTEVBUiE=
TxJ6,,W1N0cmlmZV0KSGV5Li4uIQpZb3UgbG9vayBkaWZmZXJlbnQgbm93LiAqR2FzcCogWW91J3ZlIGdvdHRlbi4uLiBeOTkzMzMzc3Ryb25nZXJeMDAwMDAwLiBXb3csIHRoYXQncyBzbyBjb29vb29sIQ==,,,,,W1N0cmlmZV0KRWkuLi4hClZvY8OqIGVzdMOhIGRpZmVyZW50ZS4gKkZpY291Li4uIF45OTMzMzNtYWlzIGZvcnRlXjAwMDAwMC4gTm9zc2EsIGlzc28gw6kgdMOjbyBsZWdhbCE=,,W1N0cmlmZV0KwqFPeWXigKYhClRlIHZlcyBkaWZlcmVudGUgYWhvcmEuICpTdXNwaXJhKiBUZSBoYXMgdnVlbHRv4oCmIF45OTMzMzNtw6FzIGZ1ZXJ0ZV4wMDAwMDAuIFZheWEsIMKhcXXDqSBhc29tYnJvc28h
UBJ6,,W1N0cmlmZV0KSSdtIHNvIGplYWxvdXMhCkkgZ3Vlc3MgdGhhdCBtZWFucwp0aGF0IG5vdywgSSBnb3R0YQp0cmFpbiBldmVuIGhhcmRlciE=,,,,,W1N0cmlmZV0KRXN0b3UgY29tIG11aXRhIGludmVqYSEKQWNobyBxdWUgYWdvcmEKZXUgdGVuaG8gcXVlCnRyZWluYXIgYWluZGEgbWFpcyE=,,W1N0cmlmZV0KwqFRdcOpIGVudmlkaWEhClN1cG9uZ28gcXVlIGVzbyBzaWduaWZpY2EKcXVlIGFob3JhIHRlbmRyw6kgcXVlCmVudHJlbmFyIGHDum4gbcOhcyBkdXJvLg==
URJ6,,W1N0cmlmZV0KVGhpcyBpcywgd2VsbCwgZm9yIHlvdSB0byBoZWxwIHlvdSBnZXQgZXZlbiBzdHJvbmdlci4gSSBndWVzcyBJIHdhbnQgdG8gdGhhbmsgeW91IGZvciBiZWluZyBzdWNoIGEgZ29vZCBleGFtcGxlLg==,,,,,W1N0cmlmZV0KSXN0byDDqSwgYmVtLCBwYXJhIHZvY8OqLi4uIFZhaSB0ZSBhanVkYXIgYSBmaWNhciBhaW5kYSBtYWlzIGZvcnRlLiBBY2VpdGUgY29tbyBmb3JtYSBkZSBncmF0aWTDo28gcG9yIHNlciB1bSBleGVtcGxvIHTDo28gYm9tLg==,,W1N0cmlmZV0KRXN0byBlcywgYnVlbm8sIHBhcmEgdGksIHBhcmEgcXVlIHRlIHZ1ZWx2YXMgYcO6biBtw6FzIGZ1ZXJ0ZS4gUXVpZXJvIGRhcnRlIGxhcyBncmFjaWFzIHBvciBzZXIgdGFuIGJ1ZW4gZWplbXBsby4=
UhJ6,,W1N0cmlmZV0KRmlnaHQhIEZpZ2h0IQ==,,,,,W1N0cmlmZV0KTHV0YXIhIEx1dGFyIQ==,,W1N0cmlmZV0KwqFQZWxlYXIhIMKhUGVsZWFyIQ==
UxJ6,,RG8geW91ciBiZXN0Lg==,,,,,RmHDp2EgbyBzZXUgbWVsaG9yLg==,,SGF6IHR1IG1lam9yIGVzZnVlcnpvLg==
VBJ6,,UXVpdCBpdCwga2lkLg==,,,,,UGFyZSBjb20gaXNzbywgZ2Fyb3RvLg==,,WWEgYmFzdGEu
VRJ6,,W1N0cmlmZV0KWWVzLCB5ZXMgb2YgY291cnNlISBTb21lZGF5LCBJJ2xsIGV2ZW4gYmUgYXMgc3Ryb25nIGFzIHlvdSEgV2hlbiB0aGF0IGRheSBjb21lcywgSSBob3BlIHRoYXQgd2UgY2FuIHRyYWluIHRvZ2V0aGVyIQ==,,,,,W1N0cmlmZV0KU2ltLCBzaW0sIGNsYXJvISBVbSBkaWEsIHNlcmVpIHTDo28gZm9ydGUgcXVhbnRvIHZvY8OqISBRdWFuZG8gZXNzZSBkaWEgY2hlZ2FyLCBlc3Blcm8gcXVlIHBvc3NhbW9zIHRyZWluYXIganVudG9zIQ==,,W1N0cmlmZV0KU8OtLCDCoXBvciBzdXB1ZXN0byEgwqFBbGfDum4gZMOtYSBzZXLDqSBpbmNsdXNvIHRhbiBmdWVydGUgY29tbyB0w7ohIEN1YW5kbyBsbGVndWUgZXNlIGTDrWEsIMKhZXNwZXJvIHF1ZSBwb2RhbW9zIGVudHJlbmFyIGp1bnRvcyE=
VhJ6,,W1N0cmlmZV0KV2hhLS0/CkZpbmUhIEJ1dCBJJ20gZ29ubmEga2VlcCBvbiB0cmFpbmluZywgYW5kIHdlJ2xsIHNlZSB3aG8gZ2V0cyB0aGUgbGFzdCBsYXVnaCE=,,,,,W1N0cmlmZV0KTWFzIG8gcS4uLj8KVHVkbyBiZW0hIE1hcyBldSB2b3UgY29udGludWFyIHRyZWluYW5kbyBlIHZlcmVtb3MgcXVlbSByaSBwb3Igw7psdGltbyE=,,W1N0cmlmZV0Kwr9RdcOp4oCmPwrCoUJpZW4hIFBlcm8gdm95IGEgc2VndWlyIGVudHJlbmFuZG8sIMKheSB5YSB2ZXJlbW9zIHF1acOpbiBlcyBlbCDDumx0aW1vIGVuIHJlw61yIQ==
VxJ6,,QW4gT2xkIE1hbg==,,,,,VW0gVmVsaG8=,,QW4gT2xkIE1hbg==
WBJ6,,W09sZCBNYW5dClRoZSBQcm9udGVyYSBDdWx2ZXJ0IHNld2VycyBoYXZlIGJlZW4gbGVmdCB1bmF0dGVuZGVkIGZvciBhIGxvbmcgdGltZS4gTm93IHRoYXQgcGxhY2UgaXMgaW5mZXN0ZWQgd2l0aCBeMDAwMDc3VGhpZWYgQnVnc14wMDAwMDAh,,,,,W1ZlbGhvXQpPcyBFc2dvdG9zIGRlIFByb250ZXJhIGZpY2FyYW0gbXVpdG8gdGVtcG8gc2VtIG1hbnV0ZW7Dp8Ojby4gQWdvcmEsIG8gbHVnYXIgZXN0w6EgaW5mZXN0YWRvIGRlIF4wMDAwNzdCZXNvdXJvcy1MYWRyw7Vlc14wMDAwMDAh,,W0FuY2lhbm9dCkxhcyBjbG9hY2FzIGRlIGxhIEFsY2FudGFyaWxsYSBkZSBQcm9udGVyYSBoYW4gZXN0YWRvIGRlc2F0ZW5kaWRhcyBkdXJhbnRlIG11Y2hvIHRpZW1wby4gwqFBaG9yYSBlc2UgbHVnYXIgZXN0w6EgaW5mZXN0YWRvIGRlIF4wMDAwNzdCaWNob3MgbGFkcm9uZXNeMDAwMDAwIQ==
WRJ6,,W09sZCBNYW5dClRoZXNlIFRoaWVmIEJ1Z3Mgc2VlbSB0byBxdWlja2x5IGdyYWIgaXRlbXMgZHJvcHBlZCBvbiB0aGUgZ3JvdW5kLCBhbmQgdGhlbiBydW4gYXdheSB3aXRoIHRoZW0uLi4gVGhleSdyZSBldmVuIG1vcmUgYW5ub3lpbmcgdGhhbiBjb2Nrcm9hY2hlcyEh,,,,,W1ZlbGhvXQpQZWxvIHZpc3RvLCBvcyBCZXNvdXJvcy1MYWRyw7VlcyBwZWdhbSByYXBpZGFtZW50ZSBvcyBpdGVucyBxdWUgZXN0w6NvIH5vIGNow6NvIGUgZGVwb2lzIGZvZ2VtIGNvbSBlbGVzLi4uIFPDo28gYWluZGEgbWFpcyBpcnJpdGFudGVzIGRvIHF1ZSBhcyBiYXJhdGFzIQ==,,W0FuY2lhbm9dCkVzdG9zIEJpY2hvcyBsYWRyb25lcyBwYXJlY2VuIHRvbWFyIHLDoXBpZGFtZW50ZSBsb3Mgb2JqZXRvcyBxdWUgY2FlbiBhbCBzdWVsbyB5IGh1aXIgY29uIGVsbG9z4oCmIMKhU29uIGluY2x1c28gbcOhcyBtb2xlc3RvcyBxdWUgbGFzIGN1Y2FyYWNoYXMh
WhJ6,,W09sZCBNYW5dCkkgZHVubm8gaWYgeW91J2xsIGJlbGlldmUgbWUsIGJ1dCBJIHNhdyB0aGUgd2VpcmRlc3QgdGhpbmcgZG93biBpbiB0aGUgXjAwMDA3N0N1bHZlcnQgU2V3ZXJzXjAwMDAwMC4uLg==,,,,,W1ZlbGhvXQpOw6NvIHNlaSBzZSB2b2PDqiB2YWkgYWNyZWRpdGFyIGVtIG1pbSwgbWFzIGV1IHZpIHVtIG5lZ8OzY2lvIGVzdHJhbmjDrXNzaW1vIG5vcyBeMDAwMDc3RXNnb3Rvc14wMDAwMDAuLi4=,,W0FuY2lhbm9dCk5vIHPDqSBzaSBtZSBjcmVlcsOhcywgcGVybyBoZSB2aXN0byB1bmEgY29zYSByYXLDrXNpbWEgZW4gbGFzIF4wMDAwNzdjbG9hY2FzIGRlIEFsY2FudGFyaWxsYV4wMDAwMDDigKY=
WxJ6,,W09sZCBNYW5dCkkndmUgYmVlbiB0cmFpbmluZyBpbiB0aGUgM3JkIGxldmVsIGZvciBzbyBsb25nIHRoYXQgdGhlcmUgaXNuJ3QgYW55dGhpbmcgdGhhdCBJIGRvbid0IGtub3cgYWJvdXQgaW4gdGhhdCBhcmVhLiBCdXQgd2hlbiBJIGZpbmFsbHkgd2VudCB0byB0aGUgNHRoIGxldmVsLi4u,,,,,W1ZlbGhvXQpFdSB0cmVpbm8gbm8gdGVyY2Vpcm8gbsOtdmVsIGjDoSB0YW50byB0ZW1wbyBxdWUgasOhIGNvbmhlw6dvIGNhZGEgcGFsbW8gZGFxdWVsYSDDoXJlYS4gTWFzIHF1YW5kbyBmaW5hbG1lbnRlIGZ1aSBwYXJhIG8gcXVhcnRvIG7DrXZlbC4uLg==,,W0FuY2lhbm9dCkxsZXZvIHRhbnRvIHRpZW1wbyBlbnRyZW5hbmRvIGVuIGVsIHBpc28zIHF1ZSBubyBoYXkgbmFkYSBxdWUgbm8gY29ub3pjYSBlbiBlc2Egem9uYS4gUGVybyBjdWFuZG8gZmluYWxtZW50ZSBmdWkgYWwgcGlzbzTigKY=
XBJ6,,W09sZCBNYW5dClRoZXJlLCBJIHNhdyBhIHNoaW1tZXJpbmcgbGlnaHQuIEkgd2FzIGNvbXBsZXRlbHkgY2FwdGl2YXRlZCBhbmQgd2VudCB0byBhcHByb2FjaCBpdC4gSXQgbXVzdCBoYXZlIGJlZW4gc29tZSBzb3J0IG9mIGJlYXV0aWZ1bCBmYWlyeS4uLg==,,,,,W1ZlbGhvXQpMw6EsIGV1IHZpIHVtYSBsdXogY2ludGlsYW50ZS4gRmlxdWVpIGNvbXBsZXRhbWVudGUgaGlwbm90aXphZG8gZSBmdWkgbWUgYXByb3hpbWFyIGRlbGEuIERldmlhIHNlciBhbGd1bWEgZmFkYSBib25pdGEgb3UgY29pc2EgYXNzaW0uLi4=,,W0FuY2lhbm9dClZpIHVuYSBsdXogcmVzcGxhbmRlY2llbnRlIGFsbMOtLiBNZSBjYXV0aXbDsyBwb3IgY29tcGxldG8geSBtZSBhY2VycXXDqS4gRGViZSBkZSBoYWJlciBzaWRvIGFsZ8O6biB0aXBvIGRlIGhhZGEgaGVybW9zYeKApg==
XRJ6,,W09sZCBNYW5dCkJ1dCB3aGVuIEkgZ290CmNsb3NlIGVub3VnaCwKSSBzYXcgaXQgd2FzCmEgXjAwMDA3N1RoaWVmIEJ1Z14wMDAwMDAh,,,,,W1ZlbGhvXQpNYXMgcXVhbmRvIGNoZWd1ZWkKcGVydG8gbyBzdWZpY2llbnRlLAp2aSBxdWUgZXJhCnVtIF4wMDAwNzdCZXNvdXJvLUxhZHLDo29eMDAwMDAwIQ==,,W0FuY2lhbm9dClBlcm8gY3VhbmRvIG1lCmFjZXJxdcOpIGxvIHN1ZmljaWVudGUsCsKhdmkgcXVlIGVyYQp1biBeMDAwMDc3QmljaG8gbGFkcsOzbl4wMDAwMDAh
XhJ6,,W09sZCBNYW5dCkkndmUgbmV2ZXIgc2VlbiBhIFRoaWVmIEJ1ZyBzaGluaW5nIHdpdGggbGlnaHQgYmVmb3JlISBNYW4sIGp1c3Qgd2hlbiB5b3UgdGhpbmsgeW91J3ZlIHNlZW4gaXQgYWxsLi4u,,,,,W1ZlbGhvXQpFdSBudW5jYSB0aW5oYSB2aXN0byB1bSBCZXNvdXJvLUxhZHLDo28gY2ludGlsYW50ZSBhbnRlcyEgQ2FyYSwgcXVhbmRvIHZvY8OqIHBlbnNhIHF1ZSBqw6Egdml1IGRlIHR1ZG8uLi4=,,W0FuY2lhbm9dCsKhTnVuY2EgaGFiw61hIHZpc3RvIHVuIEJpY2hvIGxhZHLDs24gYnJpbGxhbmRvIGNvbiBsdXohIFZheWEsIGp1c3RvIGN1YW5kbyBjcmVlcyBxdWUgbG8gaGFzIHZpc3RvIHRvZG/igKY=
XxJ6,,QmFydGVuZGVy,,,,,R2Fyw6dvbQ==,,QmFydGVuZGVy
YBJ6,,W0JhcnRlbmRlcl0KU2lnaC4uLmFzIG1vcmUgYW5kIG1vcmUgcGVvcGxlIGNvbWUgaW50byBQcm9udGVyYSBub3dhZGF5cywKbXkgYnVzaW5lc3MgaGFzIGJlY29tZSBiZXR0ZXIgYW5kIGJldHRlci4gQnV0Li4uCldlbGwsIEkgYW0gaGF2aW5nIGEgaGFyZCB0aW1lIGtlZXBpbmcgYSBnb29kIHN0b2NrIG9mIGZvb2QgaW5ncmVkaWVudHMu,,,,,W0dhcsOnb21dCkFpLCBhaS4uLiBIb2plIGVtIGRpYSwgY29tIGNhZGEgdmV6IG1haXMgcGVzc29hcyB2aW5kbyBwYXJhIFByb250ZXJhLApvcyBtZXVzIG5lZ8OzY2lvcyBhbmRhbSBtdWl0byBiZW0sIG1hcy4uLgpCZW0sIGVzdG91IHRlbmRvIGRpZmljdWxkYWRlcyBwYXJhIG1hbnRlciB1bSBib20gZXN0b3F1ZSBkZSBpbmdyZWRpZW50ZXMgYWxpbWVudMOtY2lvcy4=,,W0Jhcm1hbl0KKlN1c3BpcmHigKYqIEEgbWVkaWRhIHF1ZSBtw6FzIHkgbcOhcyBnZW50ZSBsbGVnYSBhIFByb250ZXJhIGhveSBlbiBkw61hLAptaSBuZWdvY2lvIG1lam9yYSBjYWRhIHZleiBtw6FzLiBQZXJv4oCmCkJ1ZW5vLCBtZSBlc3TDoSBjb3N0YW5kbyBtYW50ZW5lciB1biBidWVuIHN0b2NrIGRlIGluZ3JlZGllbnRlcyBwYXJhIGxhcyBjb21pZGFzLg==
YRJ6,,W0JhcnRlbmRlcl0KQXMgeW91IHNlZSwgdGhlIG51bWJlcnMgb2YgdGhlIG1vbnN0ZXJzIG91dHNpZGUgb2YgdG93biBoYXZlIGdyZWF0bHkgaW5jcmVhc2VkIGFuZCB0aGV5IGhhdmUgY2F1c2VkIHRyb3VibGUgdG8gbXkgc3VwcGxpZXJzIHRyeWluZyB0byBkZWxpdmVyIHRoZSBnb29kcyBvbiB0aW1lLgpJIGNhbm5vdCBtYWtlIG15IHVsdHJhIG5pY2UgbWVudXMgd2l0aCBjb21tb24gaW5ncmVkaWVudHMgYmVjYXVzZSB0aGV5IGFyZSBzdXBlciBzcGVjaWFsIQ==,,,,,W0dhcsOnb21dCkNvbW8gcG9kZSB2ZXIsIGEgcXVhbnRpZGFkZSBkZSBtb25zdHJvcyBmb3JhIGRhIGNpZGFkZSBhdW1lbnRvdSBtdWl0byBlIGVsZXMgYW5kYW0gY2F1c2FuZG8gcHJvYmxlbWFzIGFvcyBtZXVzIGZvcm5lY2Vkb3JlcyBxdWUgdGVudGFtIGVudHJlZ2FyIGFzIG1lcmNhZG9yaWFzIG5vIHByYXpvLgpOw6NvIHBvc3NvIG1vbnRhciBtZXVzIHByYXRvcyB1bHRyYWRlbGljaW9zb3MgY29tIGluZ3JlZGllbnRlcyBjb211bnMgcG9ycXVlIGVsZXMgc8OjbyBzdXBlcmVzcGVjaWFpcyE=,,W0Jhcm1hbl0KQ29tbyB2ZXMsIGxhIGNhbnRpZGFkIGRlIG1vbnN0cnVvcyBmdWVyYSBkZSBsYSBjaXVkYWQgYXVtZW50w7MgbXVjaG8geSBoYSBjYXVzYWRvIHByb2JsZW1hcyBjb24gbWlzIHByb3ZlZWRvcmVzIHF1ZSBpbnRlbnRhbiBlbnRyZWdhciBsYSBtZXJjYW5jw61hIGEgdGllbXBvLgrCoU5vIHB1ZWRvIGhhY2VyIG1pcyBwbGF0b3MgZXhxdWlzaXRvcyBjb24gaW5ncmVkaWVudGVzIGNvbXVuZXMgcG9ycXVlIHNvbiBzdXBlcmVzcGVjaWFsZXMh
YhJ6,,W0JhcnRlbmRlcl0KU28gSSBoYXZlIGJlZW4gY29udGFjdGluZyBzdXBlciBoZWF2eSBjaGFtcGlvbiBodW50ZXJzIGZvciBmcmVzaCBhbmQgc3BlY2lhbCBpbmdyZWRpZW50cy4KQnV0LCBsYXRlbHkgdGhlIGRlbWFuZCBoYXMgZXhjZWVkZWQgdGhlIHN1cHBseS4=,,,,,W0dhcsOnb21dCkVudMOjbywgdGVuaG8gbWFudGlkbyBjb250YXRvIGNvbSBjYcOnYWRvcmVzIGRlIGNhbXBlw7VlcyBwZXNvcy1wZXNhZG9zIHBhcmEgb2J0ZXIgaW5ncmVkaWVudGVzIGZyZXNjb3MgZSBlc3BlY2lhaXMuClBvcsOpbSwgdWx0aW1hbWVudGUsIGEgZGVtYW5kYSB0ZW0gZXhjZWRpZG8gYSBvZmVydGEu,,W0Jhcm1hbl0KQXPDrSBxdWUgbWUgcHVzZSBlbiBjb250YWN0byBjb24gQ2F6YWRvcmVzIGNhbXBlb25lcyBwYXJhIGNvbnNlZ3VpciBpbmdyZWRpZW50ZXMgZnJlc2NvcyB5IGVzcGVjaWFsZXMuClBlcm8sIMO6bHRpbWFtZW50ZSwgbGEgZGVtYW5kYSBoYSBzdXBlcmFkbyBsYSBvZmVydGEu
YxJ6,,W0JhcnRlbmRlcl0KSSBjYW4ndCBrZWVwIG15IGJ1c2luZXNzIGJ1c3kgd2l0aG91dCBteSBzcGVjaWFsIG1lbnUgJ0NydW5jaCBDcnVuY2ggU291cicgYW5kICdTYXZvcnkgWXVtIFl1bScuLi4qU2lnaCo=,,,,,W0dhcsOnb21dCk7Do28gY29uc2lnbyBtYW50ZXIgbWluaGFzIG1lc2FzIGNoZWlhcyBzZW0gbWV1cyBwcmF0b3MgZXNwZWNpYWlzICJDcm9jLUNyb2MgQXplZGluaG8iIGUgbyAiTmhhbS1OaGFtIEdvc3Rvc2luaG8iLi4uICpTdXNwaXJvKg==,,W0Jhcm1hbl0KTm8gcHVlZG8gbWFudGVuZXIgbWkgbmVnb2NpbyBsbGVubyBkZSBnZW50ZSBzaW4gbWkgbWVuw7ogZXNwZWNpYWwg4oCcQ3J1amllbnRlIHkgw6FjaWRv4oCdIHkg4oCcU2Ficm9zbyB5IGRlbGljaW9zb+KAneKApipTdXNwaXJhKg==
ZBJ6,,J0N1bmNoIENydW5jaCBTb3VyJz8=,,,,,J0Nyb2MtQ3JvYyBBemVkaW5obyI/,,wr/igJxDcnVqaWVudGUgeSDDoWNpZG/igJ0/
ZRJ6,,J1Nhdm9yeSBZdW0gWXVtJz8=,,,,,J05oYW0tTmhhbSBHb3N0b3NpbmhvIj8=,,wr/igJxTYWJyb3NvIHkgZGVsaWNpb3Nv4oCdPw==
ZhJ6,,Q2FuY2VsLg==,,,,,Q2FuY2VsYXI=,,Q2FuY2VsYXIu
ZxJ6,,W0JhcnRlbmRlcl0KVGhlIGJhc2ljIGluZ3JlZGllbnRzIG9mIG15IENydW5jaCBDcnVuY2ggU291ciBhcmUgdGhlIGFudHMgcm9hbWluZyBpbnNpZGUgdGhlIEFudCBIZWxsIGluIHRoZSBkZXNlcnQuClJ1bW9yIGhhcyBpdCB0aGF0IHRoZSBudW1iZXJzIG9mIHRoZSBhbnRzIGhhdmUgZ3JlYXRseSBpbmNyZWFzZWQgYW5kIHRoZXkgaGF2ZSBiZWNvbWUgbW9yZSB2aW9sZW50LCBzbyB0aGF0IG5vIG9uZSB3YW50cyB0byBnbyB0aGVyZSBhbnltb3JlLg==,,,,,W0dhcsOnb21dCk9zIGluZ3JlZGllbnRlcyBiw6FzaWNvcyBkbyBtZXUgQ3JvYy1Dcm9jIEF6ZWRpbmhvIHPDo28gYXMgZm9ybWlnYXMgcXVlIGFuZGFtIHBlbG8gSW5mZXJubyBkYXMgRm9ybWlnYXMsIG5vIGRlc2VydG8uCkRpemVtIHF1ZSBvIG7Dum1lcm8gZGUgZm9ybWlnYXMgYXVtZW50b3UgbXVpdG8gZSBlbGFzIGZpY2FyYW0gbWFpcyB2aW9sZW50YXMsIGRlIG1vZG8gcXVlIG5pbmd1w6ltIG1haXMgcXVlciBpciBhdMOpIGzDoS4=,,W0Jhcm1hbl0KTG9zIGluZ3JlZGllbnRlcyBiw6FzaWNvcyBkZSBtaSDigJxDcnVqaWVudGUgeSDDoWNpZG/igJ0gc29uIGxhcyBob3JtaWdhcyBxdWUgdmFnYW4gcG9yIGVsIEluZmllcm5vIGRlIGhvcm1pZ2FzIGVuIGVsIGRlc2llcnRvLgpTZSBydW1vcmVhIHF1ZSBlbCBuw7ptZXJvIGRlIGhvcm1pZ2FzIGF1bWVudMOzIG11Y2hvIHkgc2Ugdm9sdmllcm9uIG3DoXMgdmlvbGVudGFzLCBkZSBtb2RvIHF1ZSB5YSBuYWRpZSBxdWllcmUgaXIgYWxsw60u
aBJ6,,W0JhcnRlbmRlcl0KKlNpZ2gqLi4uSSBhbSBhZnJhaWQgdGhhdCBteSBidXNpbmVzcyBkYXlzIGFyZSBudW1iZXJlZCBub3cu,,,,,W0dhcsOnb21dCipTdXNwaXJvLi4uIFJlY2VpbyBxdWUgbWV1cyBkaWFzIGRlIGVtcHJlZW5kZWRvcmlzbW8gZXN0ZWphbSBjb250YWRvcy4=,,W0Jhcm1hbl0KKlN1c3BpcmEq4oCmTWUgdGVtbyBxdWUgbWkgbmVnb2NpbyB0aWVuZSBsb3MgZMOtYXMgY29udGFkb3Mu
aRJ6,,W0JhcnRlbmRlcl0KU2F2b3J5IFl1bSBZdW0ncyBiYXNpYyBpbmdyZWRpZW50cyBhcmUgdGhlIGdyYXNzaG9wcGVycyByb21waW5nIGluIGEgcGxhY2Ugb3ZlciB0aGUgd2VzdCBmb3Jlc3QuIFllYWgsIGl0IGlzIHRoZSBiZXN0IHNlbGxpbmcgbWVudSBldmVyLgpSdW1vciBoYXMgaXQgdGhhdCB0aGV5IGhhdmUgYmVjb21lIHZlcnkgdmlvbGVudCBhbmQgQmVlcyBoYXZlIGJ1aWx0IHRoZWlyIGhhYml0YXQgaW4gdGhlIHBsYWNlLCBzbyB0aGF0IG5vIG9uZSB3YW50cyB0byBnZXQgaW4gdGhlcmUu,,,,,W0dhcsOnb21dCk9zIGluZ3JlZGllbnRlcyBiw6FzaWNvcyBkbyBOaGFtLU5oYW0gR29zdG9zaW5obyBzw6NvIG9zIGdhZmFuaG90b3MgcXVlIGhhYml0YW0gdW0gbHVnYXIgbmEgZmxvcmVzdGEgZG8gb2VzdGUuIFNpbSwgw6kgbyBwcmF0byBtYWlzIHZlbmRpZG8gZGUgdG9kb3MuCkRpemVtIHF1ZSBvcyBnYWZhbmhvdG9zIHNlIHRvcm5hcmFtIG11aXRvIHZpb2xlbnRvcyBlIGFzIGFiZWxoYXMgY29tZcOnYXJhbSBhIG1vcmFyIHBvciBsw6EgdGFtYsOpbSwgZSBhZ29yYSBuaW5ndcOpbSBxdWVyIGVudHJhciBubyBsb2NhbC4=,,W0Jhcm1hbl0KTG9zIGluZ3JlZGllbnRlcyBiw6FzaWNvcyBkZSDigJxTYWJyb3NvIHkgZGVsaWNpb3Nv4oCdIHNvbiBsb3Mgc2FsdGFtb250ZXMgcXVlIHJldG96YW4gZW4gdW4gbHVnYXIgc29icmUgZWwgYm9zcXVlIGRlbCBvZXN0ZS4gU8OtLCBlcyBlbCBtZW7DuiBtw6FzIHZlbmRpZG8gZGUgbGEgaGlzdG9yaWEuClNlIHJ1bW9yZWEgcXVlIHNlIHZvbHZpZXJvbiBtdXkgdmlvbGVudG9zIHkgcXVlIGxhcyBhYmVqYXMgY29uc3RydXllcm9uIHN1IGjDoWJpdGF0IGVuIGVsIGx1Z2FyLCBkZSBtb2RvIHF1ZSBuYWRpZSBxdWllcmUgZW50cmFyIGFsbMOtLg==
ahJ6,,W0JhcnRlbmRlcl0KVGFrZSBjYXJlIG9mIHlvdXJzZWxmfi4=,,,,,W0dhcsOnb21dCkN1aWRlLXNlfi4=,,W0Jhcm1hbl0KQ3XDrWRhdGV+Lg==
axJ6,,U2hldmlsZA==,,,,,U2hldmlsZA==,,U2hldmlsZA==
bBJ6,,W1NoZXZpbGRdCkhleSwgY29tZSBvbiBvdmVyIGFuZCBsZXQncyBkcmluayEgSSBoYXZlIGxvdHMgb2YgaW50ZXJlc3Rpbmcgc3RvcmllcyB0byB0ZWxsIQpJIGtub3cgbG90cyBvZiB0aGluZ3MgYWJvdXQgUHJvbnRlcmEuIEkgaGF2ZSBzZWVuIG1hbnkgZmluZSB2aWV3cyBhbmQgSSBhbHNvIGhhdmUgZXhwbG9yZWQgc29tZSBtb25zdGVyIGxhaXJzIGFyb3VuZCB0aGlzIGNpdHku,,,,,W1NoZXZpbGRdCkVpLCB2ZW5oYSBhcXVpLCB2YW1vcyBiZWJlciEgVGVuaG8gbXVpdGFzIGhpc3TDs3JpYXMgaW50ZXJlc3NhbnRlcyBwYXJhIGNvbnRhciEKU2VpIG11aXRhcyBjb2lzYXMgc29icmUgUHJvbnRlcmEuIErDoSB2aSBtdWl0YXMgcGFpc2FnZW5zIGJvbml0YXMgZSB0YW1iw6ltIGV4cGxvcmVpIGFsZ3VucyBjb3ZpcyBkZSBtb25zdHJvcyBuZXN0YSByZWdpw6NvLg==,,W1NoZXZpbGRdCsKhT3llLCB2ZW4gYXF1w60geSBiZWJhbW9zISDCoVRlbmdvIG11Y2hhcyBoaXN0b3JpYXMgaW50ZXJlc2FudGVzIHF1ZSBjb250YXIhClPDqSBtdWNoYXMgY29zYXMgc29icmUgUHJvbnRlcmEuIFZpIG11Y2hvcyBwYWlzYWplcyBoZXJtb3NvcyB5IHRhbWJpw6luIGV4cGxvcsOpIGFsZ3VuYXMgZ3VhcmlkYXMgZGUgbW9uc3RydW9zIGVuIGVzdGEgY2l1ZGFkLg==
bRJ6,,SG93IGNvdWxkIHlvdSBlbnRlciBtb25zdGVyIGxhaXJzPw==,,,,,Q29tbyB2b2PDqiBjb25zZWd1aXUgZW50cmFyIGVtIGNvdmlzIGRlIG1vbnN0cm9zPw==,,wr9Dw7NtbyBwdWRpc3RlIGVudHJhciBhIGxhcyBndWFyaWRhcyBkZSBsb3MgbW9uc3RydW9zPw==
bhJ6,,W1NoZXZpbGRdCkkgbWF5IGFwcGVhciB0byBiZSBhIGRydW5rZW4gbWFuIGJ1dCBJIGFtIG1vcmUgdGhhbiBtZWV0cyB0aGUgZXllLgpXZWxsLCBJIGhhcHBlbmVkIHRvIGVudGVyIHRoZSBwbGFjZXMgZm9yIGNhcnJ5aW5nIHdlYXBvbnMgZm9yIGh1bnRlcnMgb3IgZm9yIGRlbGl2ZXJpbmcgc3R1ZmZzIGFuZCB3aGF0c29ldmVyLgpZb3UgbWlnaHQgdGhpbmsgb2YgbWUgYXMgYSBtZXJlIGRlbGl2ZXJ5IGd1eSw=,,,,,W1NoZXZpbGRdClBvc3NvIHBhcmVjZXIgdW0gYsOqYmFkbywgbWFzIHNvdSBtYWlzIGRvIHF1ZSBhcGFyZW50by4KQmVtLCBhY29udGVjZSBxdWUgZXUgZW50cm8gbm9zIGxvY2FpcyBwYXJhIGNhcnJlZ2FyIGFybWFzIHBhcmEgY2HDp2Fkb3JlcyBvdSBwYXJhIGVudHJlZ2FyIGNvaXNhcyBlIHR1ZG8gbyBtYWlzLgpEw6EgcGFyYSBkaXplciBxdWUgZXUgc291IHVtIGVudHJlZ2Fkb3Iu,,W1NoZXZpbGRdClB1ZWRvIHBhcmVjZXIgdW4gYm9ycmFjaG8sIHBlcm8gc295IG3DoXMgZGUgbG8gcXVlIGFwYXJlbnRvLgpCdWVubywgcmVzdWx0YSBxdWUgZW50csOpIGEgZXNvcyBsdWdhcmVzIHBhcmEgbGxldmFybGVzIGFybWFzIGEgbG9zIENhemFkb3JlcyBvIHBhcmEgZW50cmVnYXIgY29zYXMgeSBkZW3DoXMuClBvZHLDrWFzIHBlbnNhciBxdWUgc295IHVuIHNpbXBsZSByZXBhcnRpZG9yLA==
bxJ6,,W1NoZXZpbGRdCkJ1dCBJIGFtIHZlcnkgcHJvdWQgb2YgbXkgam9iLiBZb3Uga25vdyBob3cgdG91Z2ggdGhlIHdvcmxkIGhhcyBiZWNvbWU/Ck5vIG1hdHRlciBob3cgaGFyZCBhIHdvcmsgaXMsIEkgYW0gbm90IGFmcmFpZCBvZiBkb2luZyB0aGF0Lg==,,,,,W1NoZXZpbGRdCk1hcyB0ZW5obyBtdWl0byBvcmd1bGhvIGRvIG1ldSB0cmFiYWxoby4gVm9jw6ogdml1IGNvbW8gbyBtdW5kbyBzZSB0b3Jub3UgZGlmw61jaWw/Ck7Do28gaW1wb3J0YSBvIHF1w6NvIMOhcmR1byBzZWphIG8gdHJhYmFsaG8sIG7Do28gdGVuaG8gbWVkbyBkZSBmYXrDqi1sby4=,,W1NoZXZpbGRdCnBlcm8gZXN0b3kgbXV5IG9yZ3VsbG9zbyBkZSBtaSB0cmFiYWpvLiDCv1NhYmVzIGxvIGR1cm8gcXVlIHNlIGhhIHZ1ZWx0byBlbCBtdW5kbz8KUG9yIG3DoXMgZGlmw61jaWwgcXVlIHNlYSB1biB0cmFiYWpvLCBubyBtZSBkYSBtaWVkbyBoYWNlcmxvLg==
cBJ6,,W1NoZXZpbGRdCkFueXdheXMsIHRoYXQgaXMgaG93IEkgaGF2ZSBleHBsb3JlZCBzb21lIHN0cmFuZ2UgcGxhY2VzIGxpa2UgbW9uc3RlciBsYWlycy4uLgpUaGF0IGlzIGFsc28gYSByZWFzb24gd2h5IEkga2VlcCBteSBqb2IuCkFoLCBJIGp1c3QgcmVjYWxsIGJlaW5nIGluc2lkZSB0aGUgbWF6ZSBhbmQgdGhlIHNwb29reSBmb3Jlc3Qh,,,,,W1NoZXZpbGRdCkVuZmltLCBmb2kgYXNzaW0gcXVlIGFjYWJlaSBleHBsb3JhbmRvIGx1Z2FyZXMgZXN0cmFuaG9zLCBjb21vIGNvdmlzIGRlIG1vbnN0cm9zLi4uCkVzc2EgdGFtYsOpbSDDqSBhIHJhesOjbyBwZWxhIHF1YWwgbWFudGVuaG8gbWV1IGVtcHJlZ28uCk5vc3NhLCBsZW1icmVpIGRhcyB2ZXplcyBlbSBxdWUgZXN0aXZlIG5vIExhYmlyaW50byBlIG5hIEZsb3Jlc3RhIEFzc3VzdGFkb3JhIQ==,,W1NoZXZpbGRdCkRlIHRvZG9zIG1vZG9zLCBhc8OtIGVzIGNvbW8gZXhwbG9yw6kgYWxndW5vcyBsdWdhcmVzIGV4dHJhw7FvcyBjb21vIGxhcyBndWFyaWRhcyBkZSBtb25zdHJ1b3PigKYKRXNhIGVzIHRhbWJpw6luIHVuYSBkZSBsYXMgcmF6b25lcyBwb3IgbGFzIHF1ZSBjb25zZXJ2byBtaSB0cmFiYWpvLgpBaCwgwqFyZWN1ZXJkbyBoYWJlciBlc3RhZG8gZGVudHJvIGRlbCBsYWJlcmludG8geSBkZWwgYm9zcXVlIGVzcGVsdXpuYW50ZSE=
cRJ6,,VGhlIE1hemU/,,,,,TyBMYWJpcmludG8/,,wr9FbCBsYWJlcmludG8/
chJ6,,VGhlIFNwb29reSBGb3Jlc3Q/,,,,,QSBGbG9yZXN0YUFzc3VzdGFkb3JhPw==,,wr9FbCBib3NxdWUgZXNwZWx1em5hbnRlPw==
cxJ6,,W1NoZXZpbGRdClllcy4gRmV3IGRheXMgYWdvLCBJIGhhdmUgZW50ZXJlZCBhIG15c3RlcmlvdXMgbWF6ZSBmb2xsb3dpbmcgYSBncm91cCBvZiBodW50ZXJzIGF0IHRoZSBub3J0aCBvZiBQcm9udGVyYS4=,,,,,W1NoZXZpbGRdClNpbS4gSMOhIGFsZ3VucyBkaWFzLCBlbnRyZWkgZW0gdW0gbGFiaXJpbnRvIG1pc3Rlcmlvc28gc2VndWluZG8gdW0gZ3J1cG8gZGUgY2HDp2Fkb3JlcyBhbyBub3J0ZSBkZSBQcm9udGVyYS4=,,W1NoZXZpbGRdClPDrS4gSGFjZSB1bm9zIGTDrWFzLCBlbnRyw6kgZW4gdW4gbWlzdGVyaW9zbyBsYWJlcmludG8gc2lndWllbmRvIGEgdW4gZ3J1cG8gZGUgQ2F6YWRvcmVzIGFsIG5vcnRlIGRlIFByb250ZXJhLg==
dBJ6,,W1NoZXZpbGRdClRoZXkgc2FpZCB0aGF0IHRoZXkgY291bGQgZ2V0IGxvdHMgYW5kIGxvdHMgb2YgcmFyZSBpdGVtcyBmcm9tIHRoZSBtYXplIGV2ZW4gaWYgdGhlIG1hemUgd2FzIGZpbGxlZCB3aXRoIGF3ZnVsbHkgc3Ryb25nIG1vc3RlcnMuClNvIHdlIHdlbnQgdGhlcmUgYnV0IGFzIHNvb24gYXMgd2UgZW50ZXJlZCwgd2Ugd2VyZSBqdXN0IHN0dWNrIGluc2lkZSB0aGUgbWF6ZSwgeW91IGtub3cu,,,,,W1NoZXZpbGRdCkVsZXMgZGlzc2VyYW0gcXVlIHBvZGVyaWFtIGNvbnNlZ3VpciB1bSBtb250w6NvIGRlIGl0ZW5zIHJhcm9zIG5vIGxhYmlyaW50bywgbWVzbW8gcXVlIG8gbMOhIGVzdGl2ZXNzZSByZXBsZXRvIGRlIG1vbnN0cm9zIHRlcnJpdmVsbWVudGUgZm9ydGVzLgpFbnTDo28gZm9tb3MgYXTDqSBsw6EsIG1hcyBhc3NpbSBxdWUgZW50cmFtb3MsIGZpY2Ftb3MgcHJlc29zIGRlbnRybyBkbyBsYWJpcmludG8sIHNhYmU/,,W1NoZXZpbGRdCkRlY8OtYW4gcXVlIHBvZMOtYW4gY29uc2VndWlyIG1vbnRvbmVzIHkgbW9udG9uZXMgZGUgb2JqZXRvcyByYXJvcyBkZWwgbGFiZXJpbnRvLCBhdW5xdWUgZXN0dXZpZXJhIGxsZW5vIGRlIG1vbnN0cnVvcyB0ZXJyaWJsZW1lbnRlIGZ1ZXJ0ZXMuCkFzw60gcXVlIGZ1aW1vcyBhbGzDrSBwZXJvLCBlbiBjdWFudG8gZW50cmFtb3MsIG5vcyBwZXJkaW1vcy4=
dRJ6,,W1NoZXZpbGRdCldlIHdlcmUganVzdCBjaXJjbGluZyBhcm91bmQgYW5kIHRoZW4gd2UgZGVjaWRlZCB0byBsZWF2ZSB0aGUgcGxhY2UuIFRoYXQgd2FzIG9uZSBoZWxsIG9mIHRoZSBtYXplLgpCdXQgSSBtYWRlIHVwIG15IG1pbmQgdGhhdCBJIHdvdWxkIHN1Y2Nlc3NmdWxseSBleHBsb3JlIHRoZSBtYXplIG9uZSBkYXku,,,,,W1NoZXZpbGRdCkVzdMOhdmFtb3MgYW5kYW5kbyBlbSBjw61yY3Vsb3MgZSBlbnTDo28gZGVjaWRpbW9zIHNhaXIgZG8gbG9jYWwuIFBlbnNhIGVtIHVtIGxhYmlyaW50byBpbmZlcm5hbC4KTWFzIGRlY2lkaSBxdWUgdW0gZGlhIGV1IGNvbnNlZ3VpcmVpIGV4cGxvcmFyIG8gbGFiaXJpbnRvIGRpcmVpdGluaG8u,,W1NoZXZpbGRdCkVzdHV2aW1vcyBkYW5kbyB2dWVsdGFzIHkgbHVlZ28gZGVjaWRpbW9zIG1hcmNoYXJub3MuIEVzZSBsYWJlcmludG8gZnVlIHRvZG8gdW4gZGVzYWbDrW8uClBlcm8gZGVjaWTDrSBxdWUgaWJhIGEgZXhwbG9yYXJsbyBjb24gw6l4aXRvIGFsZ8O6biBkw61hLg==
dhJ6,,SG93IGNhbiBJIGdldCB0aGVyZT8=,,,,,Q29tbyBwb3NzbyBjaGVnYXIgbMOhPw==,,wr9Dw7NtbyBwdWVkbyBsbGVnYXIgYWxsw60/
dxJ6,,W1NoZXZpbGRdCkVycj8gSGF2ZW4ndCB5b3Ugc3RpbGwgdG91cmVkIHRoZSBvdXRzaWRlIG9mIFByb250ZXJhPwpUaGUgbWF6ZSBjYW4gYmUgZm91bmQgaW5zaWRlIGEgZm9yZXN0IGF0IHRoZSBub3J0aCBvZiBQcm9udGVyYS4gR28gY2hlY2sgdGhlIG5vcnRoIHdlc3Qgc2lkZSBvZiB0aGUgZm9yZXN0Lg==,,,,,W1NoZXZpbGRdCkVycj8gVm9jw6ogYWluZGEgbsOjbyBwZXJjb3JyZXUgYSBwYXJ0ZSBleHRlcm5hIGRlIFByb250ZXJhPwpPIGxhYmlyaW50byBmaWNhIGRlbnRybyBkZSB1bWEgZmxvcmVzdGEgYW8gbm9ydGUgZGUgUHJvbnRlcmEuIFZlcmlmaXF1ZSBhIHBhcnRlIG5vcm9lc3RlIGRhIGZsb3Jlc3RhLg==,,W1NoZXZpbGRdCsK/RWg/IMK/QcO6biBubyBoYXMgcmVjb3JyaWRvIGxhcyBhZnVlcmFzIGRlIFByb250ZXJhPwpFbCBsYWJlcmludG8gZXN0w6EgZGVudHJvIGRlIHVuIGJvc3F1ZSBhbCBub3J0ZSBkZSBQcm9udGVyYS4gVmUgYSBjb25vY2VyIGVsIGxhZG8gbm9yb2VzdGUgZGVsIGJvc3F1ZS4=
eBJ6,,W1NoZXZpbGRdClllYXAsIGJlIGNhcmVmdWwgd2hlbiB5b3UgYWR2ZW50dXJlIGFsb25lfg==,,,,,W1NoZXZpbGRdCsOJLCB0ZW5oYSBjdWlkYWRvIGFvIHNlIGF2ZW50dXJhciBwb3IgY29udGEgcHLDs3ByaWF+,,W1NoZXZpbGRdClPDrSwgdGVuIGN1aWRhZG8gY3VhbmRvIHRlIGF2ZW50dXJlcyBwb3IgdHUgY3VlbnRhfi4=
eRJ6,,W1NoZXZpbGRdCldoZW4geW91IGdvIG91dHNpZGUgb2YgUHJvbnRyZWEgaGVhZGluZyB0byBub3J0aCBlYXN0LCB5b3Ugd2lsbCBhcnJpdmUgYXQgdGhlIHBlYWNlZnVsIHJ1aW5zLiBJIGhhdmUgYmVlbiB0aGVyZSBhIHdoaWxlIGFnbywgdG8gZGVsaXZlciBzb21ldGhpbmcgdG8gYSBwcmllc3QuCkkgaGFkIHRvIHBhc3MgYSBmb3Jlc3Qgb24gdGhlIHdheSB0byB0aGUgcnVpbnMsIGFuZCB0aGUgZm9yZXN0IHdhcyBmaWxsZWQgd2l0aCBTbW9raWVzIGFuZCBZb3lvcy4=,,,,,W1NoZXZpbGRdClNhaW5kbyBkZSBQcm9udGVyYSBuYSBkaXJlw6fDo28gbm9yZGVzdGUsIHZvY8OqIGNoZWdhcsOhIMOgcyBSdcOtbmFzIFBhY8OtZmljYXMuIEVzdGl2ZSBsw6EgaMOhIGFsZ3VtIHRlbXBvLCBwYXJhIGVudHJlZ2FyIGFsZ28gYSB1bSBzYWNlcmRvdGUuClRpdmUgcXVlIHBhc3NhciBwb3IgdW1hIGZsb3Jlc3RhIG5vIGNhbWluaG8gYXTDqSBydcOtbmFzLCBlIGEgZmxvcmVzdGEgZXN0YXZhIGNoZWlhIGRlIFNtb2tpZXMgZSBZb3lvcy4=,,W1NoZXZpbGRdCkN1YW5kbyBzYWxnYXMgZGUgUHJvbnRlcmEgZW4gZGlyZWNjacOzbiBub3Jlc3RlLCBsbGVnYXLDoXMgYSBsYXMgcnVpbmFzIHBhY8OtZmljYXMuIEVzdHV2ZSBhbGzDrSBoYWNlIHVuIHRpZW1wbyBwYXJhIGVudHJlZ2FyIGFsZ28gYSB1biBTYWNlcmRvdGUuClR1dmUgcXVlIHBhc2FyIHBvciB1biBib3NxdWUgZGUgY2FtaW5vIGEgbGFzIHJ1aW5hcywgeSBlbCBib3NxdWUgZXN0YWJhIGxsZW5vIGRlIG1vbnN0cnVvcyBTbW9raWUgeSBZb3lvLg==
ehJ6,,W1NoZXZpbGRdCkJlIGZvcmV3YXJuZWQgdGhhdCB0aGUgZm9yZXN0IGlzIG5vdCBhIHBsYWNlIHRvIGdvIG9uIGEgcGljbmljLiBJZiB5b3UgZHJvcCBzb21ldGhpbmcgb24gdGhlIGdyb3VuZCwgdGhlIFlveW9zIGNvbWUgb3V0IGZyb20gbm93aGVyZSBhbmQgdGFrZSBhd2F5IGFsbCBvZiB5b3VyIHBvc3Nlc3Npb25zLg==,,,,,W1NoZXZpbGRdCk1hcyBzYWliYSBxdWUgYSBmbG9yZXN0YSBuw6NvIMOpIHVtIGx1Z2FyIHBhcmEgZmF6ZXIgcGlxdWVuaXF1ZXMuIFNlIHZvY8OqIGRlaXhhciBhbGdvIGNhaXIgbm8gY2jDo28sIG9zIFlveW9zIGFwYXJlY2Vyw6NvIGRvIG5hZGEgZSBsZXZhcsOjbyB0b2RvcyBvcyBzZXVzIHBlcnRlbmNlcy4=,,W1NoZXZpbGRdClRlbiBjdWlkYWRvLCBlbCBib3NxdWUgbm8gZXMgdW4gbHVnYXIgcGFyYSBpciBkZSBww61jbmljLiBTaSBzZSB0ZSBjYWUgYWxnbyBhbCBzdWVsbywgbG9zIFlveW8gc2FsZW4gZGUgbGEgbmFkYSB5IHNlIGxsZXZhbiB0b2RhcyB0dXMgcG9zZXNpb25lcy4=
exJ6,,W1NoZXZpbGRdClRoZXJlIGlzIG5vIHJvYWQgZGlyZWN0bHkgbGVhZHMgdG8gdGhlIHJ1aW5zLiBCdXQgaWYgeW91IGdvIG5vcnRoIGFuZCBrZWVwIGhlYWRpbmcgdG8gZWFzdCwgeW91IHdpbGwgZ2V0IHRoZXJlLgpPaCwgYmUgY2FyZWZ1bCBvbiB5b3VyIHdheSB0byB0aGUgcnVpbnMgYmVjYXVzZSB0aGVyZSBhcmUgc29tZSB3ZWlyZCBwbGFudCB0aGluZ3MgdGhhdCBhc3NhdWx0IHBhc3NlcnNieSBmb3Igbm8gcmVhc29uLg==,,,,,W1NoZXZpbGRdCk7Do28gaMOhIGVzdHJhZGEgcXVlIGxldmUgZGlyZXRhbWVudGUgw6BzIHJ1w61uYXMuIE1hcyBzZSB2b2PDqiBmb3IgcGFyYSBvIG5vcnRlIGUgY29udGludWFyIGluZG8gcGFyYSBvIGxlc3RlLCBjaGVnYXLDoSBsw6EuCkFoLCB0ZW5oYSBjdWlkYWRvIG5vIGNhbWluaG8gcGFyYSBhcyBydcOtbmFzIHBvcnF1ZSBow6EgYWxndW1hcyBwbGFudGFzIGVzdHJhbmhhcyBxdWUgYXRhY2FtIG9zIHRyYW5zZXVudGVzIHNlbSBtb3Rpdm8u,,W1NoZXZpbGRdCk5vIGhheSBuaW5nw7puIGNhbWlubyBxdWUgY29uZHV6Y2EgZGlyZWN0YW1lbnRlIGEgbGFzIHJ1aW5hcy4gUGVybyBzaSB2YXMgaGFjaWEgZWwgbm9ydGUgeSBzaWd1ZXMgaGFjaWEgZWwgZXN0ZSwgbGxlZ2Fyw6FzLgpPaCwgdGVuIGN1aWRhZG8gZW4gdHUgY2FtaW5vIGEgbGFzIHJ1aW5hcyBwb3JxdWUgaGF5IHVuYXMgcGxhbnRhcyByYXJhcyBxdWUgYXNhbHRhbiBhIGxvcyB0cmFuc2XDum50ZXMgc2luIG5pbmd1bmEgcmF6w7NuLg==
fBJ6,,W1NoZXZpbGRdCkNvbWUgYmFjayBhbnkgdGltZX4=,,,,,W1NoZXZpbGRdClZvbHRlIHNlbXByZSBxdWUgcXVpc2Vyfg==,,W1NoZXZpbGRdClZ1ZWx2ZSBjdWFuZG8gcXVpZXJhc34u
fRJ6,,VGVuU3Vl,,,,,VGVuU3Vl,,VGVuU3Vl
fhJ6,,W1RlblN1ZV0KV2hhdC4uLj8KU2ljayBhbmQgdGlyZWQgb2Yga2lsbGluZyBtb25zdGVycyBvbiBmaWVsZHMgYW5kIGluIGR1bmdlb25zIGFscmVhZHk/IENvbWUgb24uLi4=,,,,,W1RlblN1ZV0KTyBxdcOqLi4uPwpKw6Egc2UgY2Fuc291IGRlIG1hdGFyIG1vbnN0cm9zIG5vcyBjYW1wb3MgZSBuYXMgbWFzbW9ycmFzPyBGYWxhIHPDqXJpby4uLg==,,W1RlblN1ZV0Kwr9RdcOp4oCmPwrCv1lhIHRlIGhhcyBjYW5zYWRvIGRlIG1hdGFyIG1vbnN0cnVvcyBlbiBjYW1wb3MgeSBtYXptb3JyYXM/IFZhbW9z4oCm
fxJ6,,W1RlblN1ZV0KSGFoYWhhLCBpdCBzZWVtcyB5b3UncmUgcHJldHR5IGNvbmZpZGVudCBvZiB5b3VyIHN0cmVuZ3RoLCBodWg/IEhtbS4uLiBXaHkgZG9uJ3QgeW91IGdvIGpvaW4gYSBndWlsZD8gSSBtZWFuLCBhbGwgdGhlIHRvdWdoIGd1eXMgYXJlIGRvaW5nIGl0Lg==,,,,,W1RlblN1ZV0KSGFoYWhhLCBwYXJlY2UgcXVlIHZvY8OqIHRlbSBiYXN0YW50ZSBjb25maWFuw6dhIGVtIHN1YSBmb3LDp2EsIG7Do28gw6k/IEh1bS4uLiBQb3IgcXVlIG7Do28gZW50cmEgZW0gdW1hIGd1aWxkYT8gRGlnbywgdG9kb3Mgb3MgY2FyYXMgZHVyw7VlcyBlc3TDo28gZmF6ZW5kbyBpc3NvLg==,,W1RlblN1ZV0KSmEsIGphLCBqYSwgcGFyZWNlIHF1ZSBjb25mw61hcyBtdWNobyBlbiB0dSBmdWVyemEsIMK/bm8gZXMgYXPDrT8gTW1t4oCmIMK/UG9yIHF1w6kgbm8gdGUgdW5lcyBhIHVuIGdyZW1pbz8gUXVpZXJvIGRlY2lyLCB0b2RvcyBsb3MgdGlwb3MgZnVlcnRlcyBsbyBlc3TDoW4gaGFjaWVuZG8u
gBJ6,,W1RlblN1ZV0KUGVyc29uYWxseSB0aG91Z2gsIEkgZG9uJ3Qga25vdyBhbnkgZ3VpbGRzLCBzbyB5b3UnbGwgaGF2ZSB0byBhc2sgYXJvdW5kLiBNYWtlIHNvbWUgY29udGFjdHMsIGNvbm5lY3Rpb25zLCB5b3Uga25vdywgbmV0d29ya2luZy4=,,,,,W1RlblN1ZV0KUG9yw6ltLCBldSBtZXNtbyBuw6NvIGNvbmhlw6dvIG5lbmh1bWEgZ3VpbGRhLCBlbnTDo28gdm9jw6ogdGVyw6EgcXVlIHBlcmd1bnRhciBwb3IgYcOtLiBGYcOnYSBhbGd1bnMgY29udGF0b3MsIGNvbmV4w7Vlcywgc2FiZSBjb21vIMOpLi4uIE5ldHdvcmtpbmcu,,W1RlblN1ZV0KQXVucXVlIHBlcnNvbmFsbWVudGUgbm8gY29ub3pjbyBuaW5nw7puIGdyZW1pbywgYXPDrSBxdWUgdGVuZHLDoXMgcXVlIHByZWd1bnRhciBwb3IgYWjDrS4gSGFjZXIgYWxndW5vcyBjb250YWN0b3MsIGNvbmV4aW9uZXMsIHlhIHNhYmVzLCBjb25vY2VyIGEgbGEgZ2VudGUgYWRlY3VhZGEu
gRJ6,,W1RlblN1ZV0KSSBkb24ndCBldmVuIGtub3cgaWYgeW91IGRvbid0IGxpa2UgdGFraW5nIG9yZGVycywgYnV0IGlmIHRoYXQncyB0aGUgY2FzZSwgd2h5IGRvbid0IHlvdSBtYWtlIHlvdXIgb3duIGd1aWxkPw==,,,,,W1RlblN1ZV0KRXUgbmVtIHNlaSBzZSB2b2PDqiBuw6NvIGdvc3RhIGRlIHJlY2ViZXIgb3JkZW5zLCBtYXMgc2UgZm9yIGVzc2UgbyBjYXNvLCBwb3IgcXVlIG7Do28gY3JpYSBzdWEgcHLDs3ByaWEgZ3VpbGRhPw==,,W1RlblN1ZV0KTmkgc2lxdWllcmEgc8OpIHNpIG5vIHRlIGd1c3RhIHJlY2liaXIgw7NyZGVuZXMsIHBlcm8gc2kgZXMgYXPDrSwgwr9wb3IgcXXDqSBubyBjcmVhcyB0dSBwcm9waW8gZ3JlbWlvPw==
ghJ6,,W1RlblN1ZV0KT25lIHRpbWUgSSB3YWxrZWQgYWxsIHRoZSB3YXkgdG8gQWwgZGUgQmFyYW4sIGluc3RlYWQgb2YgdGFraW5nIGEgd2FycC4gSXQgd2FzIHByZXR0eSBkYW5nZXJvdXMgd2l0aCBhbGwgdGhvc2UgbW9uc3RlcnMh,,,,,W1RlblN1ZV0KQ2VydGEgdmV6LCBmdWkgYSBww6kgYXTDqSBBbCBkZSBCYXJhbiwgZW0gdmV6IGRlIHBlZ2FyIHVtIHRlbGV0cmFuc3BvcnRlLiBDb20gdG9kb3MgYXF1ZWxlcyBtb25zdHJvcyBmb2kgYmVtIHBlcmlnb3NvIQ==,,W1RlblN1ZV0KVW5hIHZleiBjYW1pbsOpIGhhc3RhIEFsZGViYXJhbiwgZW4gdmV6IGRlIHRvbWFyIHVuIHRlbGV0cmFuc3BvcnRhZG9yLiDCoUZ1ZSBiYXN0YW50ZSBwZWxpZ3Jvc28gY29uIHRvZG9zIGVzb3MgbW9uc3RydW9zIQ==
gxJ6,,W1RlblN1ZV0KSSBhbG1vc3QgZGllZCEgU29tZSBvZiB0aG9zZSBtb25zdGVycyBqdXN0IGtlcHQgZm9sbG93aW5nIG1lIGFuZCB0cnlpbmcgdG8ga2lsbCBtZSwgZXZlbiB0aG91Z2ggSSBkaWQgbm90aGluZyB0byB0aGVtISBJdCB3YXMgcHJldHR5IGNyYXp5Lg==,,,,,W1RlblN1ZV0KRXUgcXVhc2UgbW9ycmkhIEFsZ3VucyBkb3MgbW9uc3Ryb3MgY29udGludWFyYW0gbWUgc2VndWluZG8gZSB0ZW50YW5kbyBtZSBtYXRhciwgbWVzbW8gcXVlIGV1IG7Do28gdGVuaGEgZmVpdG8gbmFkYSBhIGVsZXMhIEZvaSBtdWl0byBsb3Vjby4=,,W1RlblN1ZV0KwqFDYXNpIG11ZXJvISBBbGd1bm9zIGRlIGVzb3MgbW9uc3RydW9zIG5vIGRlamFiYW4gZGUgc2VndWlybWUgZSBpbnRlbnRhciBtYXRhcm1lLCDCoWF1bnF1ZSB5byBubyBsZXMgaGljaWVyYSBuYWRhISBGdWUgdW5hIGxvY3VyYS4=
hBJ6,,W1RlblN1ZV0KV2VsbCwgc3RpbGwsIEkgZmVlbCB0aGF0IHRha2luZyB0aGUgc2NlbmljIHJvdXRlIHdhcyB3b3J0aCBpdC4gVGhlcmUgd2VyZSBzb21lIHByZXR0eSBtYWduaWZpY2VudCBzaWdodHMgb24gdGhlIHdheS4=,,,,,W1RlblN1ZV0KQmVtLCBhaW5kYSBhc3NpbSwgYWNobyBxdWUgdmFsZXUgYSBwZW5hIHBlZ2FyIGEgcm90YSB0dXLDrXN0aWNhLiBQZWd1ZWkgdW1hcyBwYWlzYWdlbnMgbWFnbsOtZmljYXMgcGVsbyBjYW1pbmhvLg==,,W1RlblN1ZV0KQXVuIGFzw60sIGNyZW8gcXVlIHRvbWFyIGxhIHJ1dGEgcGFub3LDoW1pY2EgbWVyZWNpw7MgbGEgcGVuYS4gRW4gZWwgY2FtaW5vLCBoYWLDrWEgYWxndW5hcyB2aXN0YXMgbWFnbsOtZmljYXMu
hRJ6,,W1RlblN1ZV0KRXZlbiB0aGUgY2l0eSBvZiBBbCBkZSBCYXJhbiBpcyBhIHNwbGVuZGlkIHZpc2lvbiB0byB0aGUgZXllcywgd2l0aCBpdHMgZWxlZ2FudCBhcmNoaXRlY3R1cmUgYW5kIHJvbWFudGljIGNhbmFsLg==,,,,,W1RlblN1ZV0KQXTDqSBtZXNtbyBhIGNpZGFkZSBkZSBBbCBkZSBCYXJhbiDDqSB1bWEgdmlzw6NvIGVzcGzDqm5kaWRhLCBjb20gc3VhIGFycXVpdGV0dXJhIGVsZWdhbnRlIGUgc2V1IGNhbmFsIHJvbcOibnRpY28u,,W1RlblN1ZV0KSW5jbHVzbyBsYSBjaXVkYWQgZGUgQWxkZWJhcmFuIGVzIHVuIGRlbGVpdGUgcGFyYSBsb3Mgb2pvcywgY29uIHN1IGVsZWdhbnRlIGFycXVpdGVjdHVyYSB5IHN1IHJvbcOhbnRpY28gY2FuYWwu
hhJ6,,W1RlblN1ZV0KVGhlIGhlYWRxdWFydGVycyBvZiBLYWZyYSBDb3Jwb3JhdGlvbiBpcyBhbHNvIGxvY2F0ZWQgaW4gQWwgZGUgQmFyYW4uIFlvdSBzaG91bGQgcmVhbGx5IHN0b3AgYnkgYW5kIGNoZWNrIGl0IG91dCBmb3IgeW91cnNlbGYu,,,,,W1RlblN1ZV0KQSBzZWRlIGRhIENvcnBvcmHDp8OjbyBLYWZyYSB0YW1iw6ltIGZpY2EgZW0gQWwgZGUgQmFyYW4uIFZvY8OqIHJlYWxtZW50ZSBkZXZlcmlhIHBhc3NhciBwb3IgbMOhIGUgY29uZmVyaXIgcGVzc29hbG1lbnRlLg==,,W1RlblN1ZV0KTGEgc2VkZSBkZSBsYSBDb3Jwb3JhY2nDs24gS2FmcmEgdGFtYmnDqW4gc2UgZW5jdWVudHJhIGVuIEFsZGViYXJhbi4gRGViZXLDrWFzIHBhc2FyIHBvciBhbGzDrSB5IGNvbXByb2JhcmxvIHBvciB0aSBtaXNtby4=
hxJ6,,W1RlblN1ZV0KVGhlIGtpbmdkb20gb2YKUnVuZS1NaWRnYXJ0cyBpcyBydWxlZApieSBraW5kIGFuZCBiZW5ldm9sZW50CktpbmcgVHJpc3RyYW0gSUlJLg==,,,,,W1RlblN1ZV0KTyByZWlubyBkZQpSdW5lLU1pZGdhcmQgw6kgZ292ZXJuYWRvCnBlbG8gYm9uZG9zbyBlIGJlbmV2b2xlbnRlClJlaSBUcmlzdHJhbSBJSUku,,W1RlblN1ZV0KRWwgcmVpbm8gZGUKUnVuZS1NaWRnYXJ0cyBlc3TDoSBnb2Jlcm5hZG8KcG9yIGVsIGFtYWJsZSB5IGJlbmV2b2xlbnRlClJleSBUcmlzdGFuSUlJLg==
iBJ6,,W1RlblN1ZV0KV2UgcmVhbGx5IG93ZSB0aGUgcHJvc3Blcml0eSBvZiBSdW5lLU1pZGdhcnRzIHRvIGhpbS4gSGUgd2FzIGFibGUgdG8gY29udmluY2UgdGhlIHBlb3BsZSB0byB3ZWxjb21lIG91dHNpZGVycyBpbnRvIFByb250ZXJhLCBhcyB3ZWxsIGFzIGVzdGFibGlzaCB0cmFkZSB0byBmb3JlaWduIGxhbmRzLCBsaWtlIEFtYXRzdSBhbmQgS3VubHVuLg==,,,,,W1RlblN1ZV0KTsOzcyByZWFsbWVudGUgZGV2ZW1vcyBhIHByb3NwZXJpZGFkZSBkZSBSdW5lLU1pZGdhcmQgYSBlbGUuIEVsZSBjb25zZWd1aXUgY29udmVuY2VyIG8gcG92byBhIHJlY2ViZXIgZm9yYXN0ZWlyb3MgZW0gUHJvbnRlcmEsIGFsw6ltIGRlIGVzdGFiZWxlY2VyIHJvdGFzIGNvbWVyY2lhaXMgY29tIHJlZ2nDtWVzIGV4dGVybmFzLCBjb21vIEFtYXRzdSBlIEt1bmx1bi4=,,W1RlblN1ZV0KUmVhbG1lbnRlIGxlIGRlYmVtb3MgbGEgcHJvc3BlcmlkYWQgZGUgUnVuZS1NaWRnYXJ0cy4gRnVlIGNhcGF6IGRlIGNvbnZlbmNlciBhbCBwdWVibG8gcGFyYSBxdWUgYWNvZ2llcmEgYSBsb3MgZXh0cmHDsW9zIGVuIFByb250ZXJhLCBhc8OtIGNvbW8gZGUgZXN0YWJsZWNlciBlbCBjb21lcmNpbyBjb24gdGllcnJhcyBleHRyYW5qZXJhcywgY29tbyBBbWF0c3UgeSBLdW5sdW4u
iRJ6,,W1RlblN1ZV0KQnV0IHNvbWV0aW1lcy4uLgpJdCBjYW4gYmUgaGFyZCB0byBiZWxpZXZlIGhlJ3Mgc3VjaCBhIGJyaWxsaWFudCBhbmQgY2FwYWJsZSBsZWFkZXIu,,,,,W1RlblN1ZV0KTWFzIMOgcyB2ZXplcy4uLgrDiSBkaWbDrWNpbCBhY3JlZGl0YXIgcXVlIGVsZSBzZWphIHVtIGzDrWRlciB0w6NvIGJyaWxoYW50ZSBlIGNhcGF6Lg==,,W1RlblN1ZV0KUGVybyBhIHZlY2Vz4oCmClB1ZWRlIHJlc3VsdGFyIGRpZsOtY2lsIGNyZWVyIHF1ZSBzZWEgdW4gbMOtZGVyIHRhbiBicmlsbGFudGUgeSBjYXBhei4=
ihJ6,,W1RlblN1ZV0KQWZ0ZXIgYWxsLCB0aGUgb25seSB0aW1lIEkgc2VlIGhpbSBpcyB3aGVuIGhlJ3MgY29uZHVjdGluZyB3ZWRkaW5ncy4gRXZlbiBpZiBhIHdlZGRpbmcgaXNuJ3QgZ29pbmcgb24sIGhlJ3Mgc3RpbGwga2luZCBvZiBsb2l0ZXJpbmcgYXJvdW5kIHRoZSBQcm9udGVyYSBjaHVyY2gh,,,,,W1RlblN1ZV0KQWZpbmFsLCBhIMO6bmljYSB2ZXogcXVlIG8gdmVqbyDDqSBxdWFuZG8gZXN0w6EgcmVhbGl6YW5kbyBjYXNhbWVudG9zLiBNZXNtbyBxdWUgbsOjbyBlc3RlamEgYWNvbnRlY2VuZG8gdW0gY2FzYW1lbnRvLCBlbGUgYWluZGEgZmljYSBtZWlvIHF1ZSB2YWdhbmRvIHBlbGEgaWdyZWphIGRlIFByb250ZXJhIQ==,,W1RlblN1ZV0KRGVzcHXDqXMgZGUgdG9kbywgbGEgw7puaWNhIHZleiBxdWUgbG8gdmVvIGVzIGN1YW5kbyBvZmljaWEgYm9kYXMuIEF1bnF1ZSBubyBzZSBlc3TDqSBjZWxlYnJhbmRvIHVuYSBib2RhLCBzaWd1ZSBtZXJvZGVhbmRvIHBvciBsYSBpZ2xlc2lhIGRlIFByb250ZXJhLg==
ixJ6,,W1RlblN1ZV0KQnV0Li4uCkkgZ3Vlc3MgeW91IGNhbiBnZXQgYXdheSB3aXRoIGEgbG90IG9mIHRoaW5ncyB3aGVuIHlvdSBoYXBwZW4gdG8gYmUgbG9yZCBhbmQgcnVsZXIgb2YgYW4gZW50aXJlIG5hdGlvbi4=,,,,,W1RlblN1ZV0KTWFzLi4uCkFjaG8gcXVlIHZvY8OqIHBvZGUgc2Ugc2FmYXIgZGUgbXVpdGFzIGNvaXNhcyBxdWFuZG8gw6kgbyBzZW5ob3IgZSBnb3Zlcm5hbnRlIGRlIHVtYSBuYcOnw6NvIGludGVpcmEu,,W1RlblN1ZV0KUGVyb+KApgpTdXBvbmdvIHF1ZSBwdWVkZXMgc2FsaXJ0ZSBjb24gbGEgdHV5YSBlbiBtdWNoYXMgY29zYXMgY3VhbmRvIGVyZXMgZWwgc2XDsW9yIHkgZ29iZXJuYW50ZSBkZSB0b2RhIHVuYSBuYWNpw7NuLg==
jBJ6,,TWFydmlu,,,,,TWFydmlu,,TWFydmlu
jRJ6,,W01hcnZpbl0KV2hldGhlciBpdCdzIHNjaG1vb3ppbmcgd2l0aCBhIG1lbWJlciBvZiB0aGUgb3Bwb3NpdGUgc2V4LCBvciBiYXR0bGluZyBtb25zdGVycywgSSBnb3R0YSBzYXksIGl0J3MgYWxsIGFib3V0IF4zMzMzOTlza2lsbHNeMDAwMDAwLg==,,,,,W01hcnZpbl0KU2VqYSBjb252ZXJzYW5kbyBjb20gdW1hIHBlc3NvYSBpbnRlcmVzc2FudGUgb3UgbHV0YW5kbyBjb250cmEgbW9uc3Ryb3MsIGRldm8gZGl6ZXIgcXVlIHR1ZG8gc2UgcmVzdW1lIMOgcyBzdWFzIF4zMzMzOTloYWJpbGlkYWRlc14wMDAwMDAu,,W01hcnZpbl0KWWEgc2VhIHBhcmEgY2hhcmxhciBjb24gdW4gbWllbWJybyBkZWwgc2V4byBvcHVlc3RvIG8gcGFyYSBsdWNoYXIgY29uIG1vbnN0cnVvcywgdGVuZ28gcXVlIGRlY2lyIHF1ZSBsbyBpbXBvcnRhbnRlIHNvbiBsYXMgXjMzMzM5OWhhYmlsaWRhZGVzXjAwMDAwMC4=
jhJ6,,W01hcnZpbl0=,,,,,W01hcnZpbl0=,,W01hcnZpbl0=
jxJ6,,SSBjYW4ndCBoZWxwIHlvdSBtdWNoIHdoZW4gaXQgY29tZXMgdG8gdGhlIHN1YmplY3Qgb2YgdGFsa2luZyB0byBhdHRyYWN0aXZlIHdvbWVuIHN1Y2ggYXMgbXlzZWxmLCBidXQgSSBjYW4gdGVsbCB5b3UgYSBsaXR0bGUgbW9yZSBhYm91dCBza2lsbHMgdGhhdCBoZWxwIGluIGJhdHRsZS4=,,,,,TsOjbyBwb3NzbyBhanVkYXIgbXVpdG8gc2UgcXVpc2VyIGNvbnF1aXN0YXIgbXVsaGVyZXMgYXRyYWVudGVzIGNvbW8gZXUsIG1hcyBwb3NzbyBmYWxhciB1bSBwb3VjbyBtYWlzIHNvYnJlIGhhYmlsaWRhZGVzIHF1ZSBhanVkYW0gbmFzIGx1dGFzLg==,,Tm8gcHVlZG8gYXl1ZGFydGUgbXVjaG8gZW4gZWwgdGVtYSBkZSBoYWJsYXIgY29uIG11amVyZXMgYXRyYWN0aXZhcyBjb21vIHlvLCBwZXJvIHB1ZWRvIGNvbnRhcnRlIGFsZ28gbcOhcyBzb2JyZSBsYXMgaGFiaWxpZGFkZXMgcXVlIGF5dWRhbiBlbiBsYSBiYXRhbGxhLg==
kBJ6,,SSBkb24ndCByZWFsbHkgaGF2ZSBhbnkgYWR2aWNlIGZvciBza2lsbHMgd2hlbiBpdCBjb21lcyB0byB0YWxraW5nIHRvIGEgY3V0ZSBndXksIGJ1dCBJIGNhbiBsZXQgeW91IGluIG9uIHdoYXQgSSBrbm93IGFib3V0IHNraWxscyB0aGF0IGhlbHAgaW4gYmF0dGxlLg==,,,,,TmEgdmVyZGFkZSwgbsOjbyB0ZW5obyBuZW5odW0gY29uc2VsaG8gc29icmUgaGFiaWxpZGFkZXMgcXVhbmRvIGVudm9sdmUgY29udmVyc2FyIGNvbSB1bSBjYXJhIGJvbml0bywgbWFzIHBvc3NvIGxoZSBjb250YXIgbyBxdWUgc2VpIHNvYnJlIGhhYmlsaWRhZGVzIHF1ZSBhanVkYW0gbmFzIGx1dGFzLg==,,RW4gcmVhbGlkYWQgbm8gdGVuZ28gbmluZ8O6biBjb25zZWpvIHNvYnJlIGhhYmlsaWRhZGVzIHBhcmEgaGFibGFyIGNvbiB1biBjaGljbyBhZG9yYWJsZSwgcGVybyBwdWVkbyBjb250YXJ0ZSBsbyBxdWUgc8OpIHNvYnJlIGxhcyBoYWJpbGlkYWRlcyBxdWUgYXl1ZGFuIGVuIGxhIGJhdGFsbGEu
kRJ6,,W01hcnZpbl0KRm9yIG1vc3Qgc2tpbGxzLCB0aGUgbWF4aW11bSBsZXZlbCBpcyBsZXZlbCAxMC4gSXQncyBlYXN5IHRvIHN0cmVzcyB5b3Vyc2VsZiBvdXQsIHNpbmNlIGl0IHRha2VzIHNvIG1hbnkgcG9pbnRzIHRvIGNvbXBsZXRlbHkgbWFzdGVyIGEgc2tpbGwuIFdoYXQgc2tpbGxzIHNob3VsZCB5b3UgY2hvb3NlPyE=,,,,,W01hcnZpbl0KUGFyYSBhIG1haW9yaWEgZGFzIGhhYmlsaWRhZGVzLCBvIG7DrXZlbCBtw6F4aW1vIMOpIG8gbsOtdmVsIDEwLiBQb2RlIHNlciBiZW0gZnJ1c3RyYW50ZSwgcG9pcyBzw6NvIG5lY2Vzc8OhcmlvcyBtdWl0b3MgcG9udG9zIHBhcmEgZG9taW5hciBjb21wbGV0YW1lbnRlIHVtYSBoYWJpbGlkYWRlLiBRdWUgaGFiaWxpZGFkZXMgdm9jw6ogdmFpIGVzY29saGVyPw==,,W01hcnZpbl0KUGFyYSBsYSBtYXlvcsOtYSBkZSBsYXMgaGFiaWxpZGFkZXMsIGVsIG5pdmVsIG3DoXhpbW8gZXMxMC4gRXMgZsOhY2lsIGVzdHJlc2Fyc2UsIHlhIHF1ZSBzZSBuZWNlc2l0YW4gbXVjaG9zIHB1bnRvcyBwYXJhIGRvbWluYXIgY29tcGxldGFtZW50ZSB1bmEgaGFiaWxpZGFkLiDCv1F1w6kgaGFiaWxpZGFkZXMgZGViZXMgZWxlZ2lyPw==
khJ6,,W01hcnZpbl0KQWZ0ZXIgYWxsLCBpZiB5b3Ugc3BlbmQgdG9vIG1hbnkgc2tpbGwgcG9pbnRzIG9uIG9uZSBza2lsbCwgeW91IG1pZ2h0IG5vdCBiZSBhYmxlIHRvIGxlYXJuIGFub3RoZXIuIFRoYXQncyByaWdodCwgdGhlcmUncyBhIGxpbWl0IHRvIHRoZSBudW1iZXIgb2YgdG90YWwgc2tpbGwgcG9pbnRzIHlvdSBjYW4gZWFybi4=,,,,,W01hcnZpbl0KQWZpbmFsIGRlIGNvbnRhcywgc2Ugdm9jw6ogZ2FzdGFyIG11aXRvcyBwb250b3MgZGUgaGFiaWxpZGFkZSBlbSB1bWEgaGFiaWxpZGFkZSwgdGFsdmV6IG7Do28gY29uc2lnYSBhcHJlbmRlciBvdXRyYS4gSXNzbyBtZXNtbywgaMOhIHVtIGxpbWl0ZSBkZSBwb250b3MgZGUgaGFiaWxpZGFkZSBxdWUgdm9jw6ogcG9kZSBnYW5oYXIu,,W01hcnZpbl0KQWwgZmluIHkgYWwgY2Fibywgc2kgZ2FzdGFzIGRlbWFzaWFkb3MgcHVudG9zIGRlIGhhYmlsaWRhZCBlbiB1bmEgc29sYSwgZXMgcG9zaWJsZSBxdWUgbm8gcHVlZGFzIGFwcmVuZGVyIG90cmEuIEFzw60gZXMsIGhheSB1biBsw61taXRlIGVuIGxhIGNhbnRpZGFkIHRvdGFsIGRlIHB1bnRvcyBkZSBoYWJpbGlkYWQgcXVlIHB1ZWRlcyBnYW5hci4=
kxJ6,,W01hcnZpbl0KQnV0IHlvdSBrbm93IHdoYXQ/IE5vdCBldmVyeSBza2lsbCBpcyBtYXN0ZXJlZCBhdCBsZXZlbCAxMC4gWW91IGNhbiBtYXN0ZXIgc29tZSBza2lsbHMgYXQgb25seSBsZXZlbCA1LiBBbmQgZXZlbiBiZXR0ZXIsIHNvbWUgc2tpbGxzIGFyZSBhbHJlYWR5IG1hc3RlcmVkIGF0IGxldmVsIDEgb3IgMi4=,,,,,W01hcnZpbl0KTWFzIHNhYmUgZGUgdW1hIGNvaXNhPyBOZW0gdG9kYSBoYWJpbGlkYWRlIMOpIGRvbWluYWRhIG5vIG7DrXZlbCAxMC4gVm9jw6ogcG9kZSBkb21pbmFyIGFsZ3VtYXMgaGFiaWxpZGFkZXMgbm8gbsOtdmVsIDUuIEUsIG1lbGhvciBhaW5kYSwgYWxndW1hcyBoYWJpbGlkYWRlcyBqw6Egc8OjbyBkb21pbmFkYXMgbm8gbsOtdmVsIDEgb3UgMi4=,,W01hcnZpbl0Kwr9QZXJvIHNhYmVzIHF1w6k/IE5vIHRvZGFzIGxhcyBoYWJpbGlkYWRlcyBzZSBkb21pbmFuIGNvbiBuaXZlbDEwLiBQdWVkZXMgZG9taW5hciBhbGd1bmFzIGhhYmlsaWRhZGVzIGNvbiBzb2xvIGVsIG5pdmVsNS4gWSBhw7puIG1lam9yLCBhbGd1bmFzIGhhYmlsaWRhZGVzIHlhIHNlIGRvbWluYW4gZW4gZWwgbml2ZWwxIG8yLg==
lBJ6,,W01hcnZpbl0KU28gcmVsYXggYW5kIHBsYW4gYWhlYWQsIHNvIHlvdSBjYW4gbWFzdGVyIGFsbCB0aGUgc2tpbGxzIHRoYXQgeW91IHJlYWxseSB3YW50IHRvIG1hc3RlciB0aGUgbW9zdC4gQWxzbywgZG9uJ3QganVzdCBwdXQgc2tpbGwgcG9pbnRzIGludG8gYW55dGhpbmcuIFJlbWVtYmVyIHRvIHVzZSB5b3VyIHNraWxsIHBvaW50cyB3aXNlbHku,,,,,W01hcnZpbl0KUG9ydGFudG8sIHBsYW5lamUgdHVkbyBjb20gY2FsbWEgZSBhbnRlY2Vkw6puY2lhLCBwYXJhIHF1ZSBwb3NzYSBkb21pbmFyIHRvZGFzIGFzIGhhYmlsaWRhZGVzIHF1ZSByZWFsbWVudGUgbGhlIHNlcsOjbyDDunRlaXMuIEFsw6ltIGRpc3NvLCBuw6NvIGNvbG9xdWUgcG9udG9zIGRlIGhhYmlsaWRhZGUgZW0gcXVhbHF1ZXIgY29pc2EuIExlbWJyZS1zZSBkZSB1c2FyIHNldXMgcG9udG9zIGRlIGhhYmlsaWRhZGUgY29tIHNhYmVkb3JpYS4=,,W01hcnZpbl0KQXPDrSBxdWUgcmVsw6FqYXRlIHkgcGxhbmlmaWNhIGNvbiBhbnRlbGFjacOzbiBwYXJhIHF1ZSBwdWVkYXMgdGVuZXIgbWFlc3Ryw61hIGVuIHRvZGFzIGxhcyBoYWJpbGlkYWRlcyBxdWUgcmVhbG1lbnRlIHF1aWVyYXMgZG9taW5hci4gQWRlbcOhcywgbm8gZ2FzdGVzIHB1bnRvcyBkZSBoYWJpbGlkYWQgZW4gY3VhbHF1aWVyIGNvc2EuIFJlY3VlcmRhIHVzYXIgdHVzIHB1bnRvcyBkZSBoYWJpbGlkYWQgc2FiaWFtZW50ZS4=
lRJ6,,R2FybmV0,,,,,R2FybmV0,,R2FybmV0
lhJ6,,W0dhcm5ldF0KSGVsbG8gdGhlcmV+CkFyZSB5b3UgaW50ZXJlc3RlZCBpbiBsZWFybmluZyBtb3JlIGFib3V0IGhlbHBpbmcgYW5kIHN1cHBvcnRpbmcgb3RoZXIgcGVvcGxlPw==,,,,,W0dhcm5ldF0KT2zDoX4KVm9jw6ogcXVlciBhcHJlbmRlciBtYWlzIHNvYnJlIGNvbW8gYWp1ZGFyIGUgZGFyIHN1cG9ydGUgYSBvdXRyYXMgcGVzc29hcz8=,,W0dhcm5ldF0KSG9sYX4uCsK/VGUgaW50ZXJlc2EgYXByZW5kZXIgbcOhcyBzb2JyZSBjw7NtbyBheXVkYXIgYSBvdHJhcyBwZXJzb25hcz8=
lxJ6,,W0dhcm5ldF0KVGhlIEFjb2x5dGVzIGFuZCBQcmllc3RzIHRyYWluZWQgaW4gdGhpcyBjaHVyY2ggY2FuIGhlYWwgcGVvcGxlLCBjdXJlIHRoZW0gb2YgY2VydGFpbiBjb25kaXRpb25zLCBhbmQgZXZlbiBhd2FrZW4gdGhlIGJhdHRsZSBwb3RlbnRpYWwgb2Ygb3RoZXIgYWR2ZW50dXJlcnMu,,,,,W0dhcm5ldF0KT3Mgbm92acOnb3MgZSBzYWNlcmRvdGVzIHRyZWluYWRvcyBuZXN0YSBpZ3JlamEgcG9kZW0gY3VyYXIgcGVzc29hcywgdHJhdGFyIGNlcnRhcyBkb2Vuw6dhcyBlIGF0w6kgbWVzbW8gZGVzcGVydGFyIG8gcG90ZW5jaWFsIGRlIGJhdGFsaGEgZGUgb3V0cm9zIGF2ZW50dXJlaXJvcy4=,,W0dhcm5ldF0KTG9zIEFjw7NsaXRvcyB5IFNhY2VyZG90ZXMgZW50cmVuYWRvcyBlbiBlc3RhIGlnbGVzaWEgcHVlZGVuIHNhbmFyIGEgbGEgZ2VudGUsIGN1cmFybGEgZGUgY2llcnRhcyBhZmVjY2lvbmVzIGUgaW5jbHVzbyBkZXNwZXJ0YXIgZWwgcG90ZW5jaWFsIGRlIGJhdGFsbGEgZGUgb3Ryb3MgdHJvdGFtdW5kb3Mu
mBJ6,,W0dhcm5ldF0KR28gYW5kIGFoZWFkIGFuZCBhc2sgaWYgeW91IGhhdmUgYW55IHF1ZXN0aW9ucyBhYm91dCBza2lsbHMgZm9yIEFjb2x5dGVzIGFuZCBQcmllc3RzLg==,,,,,W0dhcm5ldF0KU2UgdGl2ZXIgYWxndW1hIGTDunZpZGEgc29icmUgYXMgaGFiaWxpZGFkZXMgZG9zIE5vdmnDp29zIGUgU2FjZXJkb3RlcywgcG9kZSBwZXJndW50YXIu,,W0dhcm5ldF0KSGF6IHByZWd1bnRhcyBzaSB0aWVuZXMgYWxndW5hIGR1ZGEgc29icmUgbGFzIGhhYmlsaWRhZGVzIGRlIEFjw7NsaXRvcyB5IFNhY2VyZG90ZXMu
mRJ6,,QWJvdXQgSGVhbA==,,,,,U29icmUgYSBDdXJh,,QWNlcmNhIGRlIEN1cmFjacOzbi4=
mhJ6,,QWJvdXQgQ3VyZQ==,,,,,U29icmUgTWVkaWNhcg==,,QWNlcmNhIGRlIEN1cmEu
mxJ6,,QWJvdXQgSW5jcmVhc2UgQUdJ,,,,,U29icmUgQXVtZW50YXIgQWdpbGlkYWRl,,QWNlcmNhIGRlIEF1bWVudGFyIEFHSS4=
nBJ6,,QWJvdXQgQW5nZWx1cw==,,,,,U29icmUgYSBBbmdlbHVz,,QWNlcmNhIGRlIMOBbmdlbHVzLg==
nRJ6,,QWJvdXQgQmxlc3Npbmc=,,,,,U29icmUgYSBCw6puw6fDo28=,,QWNlcmNhIGRlIEJlbmRpY2nDs24u
nhJ6,,QWJvdXQgV2FycCBQb3J0YWw=,,,,,U29icmUgbyBQb3J0YWw=,,QWNlcmNhIGRlIFBvcnRhbCBkZSB0ZWxldHJhbnNwb3J0ZS4=
nxJ6,,RW5kIENvbnZlcnNhdGlvbg==,,,,,RW5jZXJyYXIgY29udmVyc2E=,,VGVybWluYXIgbGEgY29udmVyc2FjacOzbi4=
oBJ6,,W0dhcm5ldF0KWW91IGNhbiByZWNvdmVyIHlvdXIgb3duIEhQIHdpdGggdGhlIF42NjY2Q0NIZWFsXjAwMDAwMCBza2lsbC4gSGVhbGluZyBpcyBvbmUgb2YgdGhlIG1vc3QgaW1wb3J0YW50IHdheXMgeW91IGNhbiBoZWxwIHlvdXIgZnJpZW5kcyBpbiBiYXR0bGUu,,,,,W0dhcm5ldF0KVm9jw6ogcG9kZSByZWN1cGVyYXIgc2V1IHByw7NwcmlvIFBWIGNvbSBhIGhhYmlsaWRhZGUgZGUgXjY2NjZDQ0N1cmFeMDAwMDAwLiBBIGN1cmEgw6kgdW1hIGRhcyBwcmluY2lwYWlzIGZvcm1hcyBkZSBzdXBvcnRlIG5hcyBiYXRhbGhhcy4=,,W0dhcm5ldF0KUHVlZGVzIHJlY3VwZXJhciB0dXMgcHJvcGlvcyBQViBjb24gbGEgaGFiaWxpZGFkIF42NjY2Q0NDdXJhY2nDs25eMDAwMDAwLiBMYSBDdXJhY2nDs24gZXMgdW5hIGRlIGxhcyBmb3JtYXMgbcOhcyBpbXBvcnRhbnRlcyBkZSBheXVkYXIgYSB0dXMgYW1pZ29zIGVuIGxhIGJhdGFsbGEu
oRJ6,,W0dhcm5ldF0KRXZlbiB0aG91Z2ggb3VyIHBvd2VycyBhcmUgdXN1YWxseSB1c2VkIHRvIGhlYWwgb3RoZXJzLCB5b3UgY2FuIGFjdHVhbGx5IHVzZSB0aGUgXjY2NjZDQ0hlYWxeMDAwMDAwIHNraWxsIHRvIGh1cnQgVW5kZWFkIG1vbnN0ZXJzLg==,,,,,W0dhcm5ldF0KRW1ib3JhIG5vc3NvcyBwb2RlcmVzIHNlamFtIG5vcm1hbG1lbnRlIHVzYWRvcyBwYXJhIGN1cmFyIG9zIG91dHJvcywgdm9jw6ogcG9kZSB1c2FyIGEgaGFiaWxpZGFkZSBkZSBeNjY2NkNDQ3VyYV4wMDAwMDAgcGFyYSBmZXJpciBtb25zdHJvcyBtb3J0b3Mtdml2b3Mu,,W0dhcm5ldF0KQXVucXVlIG51ZXN0cm9zIHBvZGVyZXMgc2Ugc3VlbGVuIHVzYXIgcGFyYSBjdXJhciBhIGxvcyBkZW3DoXMsIHB1ZWRlcyB1c2FyIGxhIGhhYmlsaWRhZCBeNjY2NkNDQ3VyYWNpw7NuXjAwMDAwMCBwYXJhIGhlcmlyIGEgdW4gbW9uc3RydW8gTXVlcnRvIHZpdmllbnRlLg==
ohJ6,,W0dhcm5ldF0KSnVzdCByZW1lbWJlciB0byBob2xkIGRvd24gdGhlIF42NjY2Q0NTaGlmdF4wMDAwMDAga2V5IHdoZW4geW91IHVzZSBDdXJlIG9yIEhlYWwgb24gVW5kZWFkIG1vbnN0ZXJzLiBKdXN0IGJlIHN1cmUgdG8gaHVydCB0aGUgbW9uc3RlcnMgdGhvdWdoLCBhbmQgZG9uJ3QgdXNlIGl0IHRvIGhlbHAgbW9uc3RlcnMu,,,,,W0dhcm5ldF0KTGVtYnJlLXNlIGRlIG1hbnRlciBwcmVzc2lvbmFkYSBhIHRlY2xhIF42NjY2Q0NTaGlmdF4wMDAwMDAgcXVhbmRvIHVzYXIgTWVkaWNhciBvdSBDdXJhIGVtIG1vbnN0cm9zIG1vcnRvcy12aXZvcy4gTWFzIGNlcnRpZmlxdWUtc2UgZGUgZXN0YXIgb3MgZmVyaW5kbyBjb20gYSBtYWdpYSwgZSBuw6NvIG8gY29udHLDoXJpby4=,,W0dhcm5ldF0KU29sbyByZWN1ZXJkYSBtYW50ZW5lciBwdWxzYWRhIGxhIHRlY2xhIF42NjY2Q0NNYXnDunMuXjAwMDAwMCBjdWFuZG8gdXNlcyBDdXJhIG8gQ3VyYWNpw7NuIGVuIHVuIG1vbnN0cnVvIE11ZXJ0byB2aXZpZW50ZS4gRXNvIHPDrSwgYXNlZ8O6cmF0ZSBkZSBoYWNlciBkYcOxbyBhIGxvcyBtb25zdHJ1b3MsIHkgbm8gdXNlcyBsYSBoYWJpbGlkYWQgcGFyYSBheXVkYXJsb3Mu
oxJ6,,W0dhcm5ldF0KTGF0ZXIsIGlmIHlvdSd2ZSBsZWFybmVkIF42NjY2Q0NIZWFsXjAwMDAwMCBhcyBhbiBBY29seXRlLCB5b3UgY2FuIGxlYXJuIF42NjY2Q0NTYW5jdHVhcnleMDAwMDAwIGlmIHlvdSBiZWNvbWUgYSBQcmllc3Qu,,,,,W0dhcm5ldF0KRGVwb2lzLCBzZSB2b2PDqiB0aXZlciBhcHJlbmRpZG8gXjY2NjZDQ0N1cmFeMDAwMDAwIGNvbW8gTm92acOnbywgcG9kZXLDoSBhcHJlbmRlciBeNjY2NkNDU2FudHXDoXJpb14wMDAwMDAsIGNhc28gc2UgdG9ybmUgU2FjZXJkb3RlLg==,,W0dhcm5ldF0KTcOhcyB0YXJkZSwgc2kgYXByZW5kaXN0ZSBeNjY2NkNDQ3VyYWNpw7NuXjAwMDAwMCBjb21vIEFjw7NsaXRvLCBwdWVkZXMgYXByZW5kZXIgXjY2NjZDQ1NhbnR1YXJpb14wMDAwMDAgc2kgdGUgY29udmllcnRlcyBlbiBTYWNlcmRvdGUu
pBJ6,,W0dhcm5ldF0KUHJpZXN0cyB1c2UgXjY2NjZDQ1NhbnR1YXJ5XjAwMDAwMCB0byBjcmVhdGUgYW4gYXJlYSB3aGljaCB3aWxsIHJlc3RvcmUgdGhlIEhQIG9mIHlvdSBhbmQgeW91ciBmcmllbmRzIGlmIHlvdSByZXN0IHdpdGhpbiB0aGUgU2FuY3R1YXJ5J3MgYXJlYS4=,,,,,W0dhcm5ldF0KQ29tIG8gXjY2NjZDQ1NhbnR1w6FyaW9eMDAwMDAwLCBvcyBTYWNlcmRvdGVzIGNyaWFtIHVtYSDDoXJlYSBxdWUgcmVzdGF1cmEgYSBzdWEgVmlkYSBlIGEgZGUgc2V1cyBhbWlnb3Mgc2Ugdm9jw6pzIGRlc2NhbnNhcmVtIGRlbnRybyBkZWxhLg==,,W0dhcm5ldF0KTG9zIFNhY2VyZG90ZXMgdXNhbiBeNjY2NkNDU2FudHVhcmlvXjAwMDAwMCBwYXJhIGNyZWFyIHVuYSB6b25hIHF1ZSByZXN0YXVyYXLDoSBsb3MgUFYgdHV5b3MgeSBkZSB0dXMgYW1pZ29zIHNpIGRlc2NhbnNhcyBkZW50cm8gZGUgbGEgem9uYSBkZWwgU2FudHVhcmlvLg==
pRJ6,,W0dhcm5ldF0KT25jZSB5b3UgcmVhY2ggXjY2NjZDQ0xldmVsIDIgSGVhbF4wMDAwMDAgYXMgYW4gQWNvbHl0ZSwgeW91IGNhbiBsZWFybiBeNjY2NkNDQ3VyZV4wMDAwMDAsIHdoaWNoIGNhbiBiZSB1c2VkIHRvIHRyZWF0IGFibm9ybWFsIHN0YXR1c2VzLg==,,,,,W0dhcm5ldF0KQW8gYXRpbmdpciBhIF42NjY2Q0NDdXJhIGRlIE52LiAyXjAwMDAwMCBjb21vIE5vdmnDp28sIHZvY8OqIHBvZGUgYXByZW5kZXIgXjY2NjZDQ01lZGljYXJeMDAwMDAwLCBxdWUgcG9kZSBzZXIgdXNhZG8gcGFyYSB0cmF0YXIgY29uZGnDp8O1ZXMgYW5vcm1haXMu,,W0dhcm5ldF0KVW5hIHZleiBxdWUgYWxjYW5jZXMgXjY2NjZDQ0N1cmFjacOzbiBkZSBuaXZlbDJeMDAwMDAwIGNvbW8gQWPDs2xpdG8sIHB1ZWRlcyBhcHJlbmRlciBeNjY2NkNDQ3VyYV4wMDAwMDAsIHF1ZSBwdWVkZSB1c2Fyc2UgcGFyYSB0cmF0YXIgZXN0YWRvcyBhbm9ybWFsZXMu
phJ6,,W0dhcm5ldF0KVGhpcyBza2lsbCBjYW4gYmUgc3VjaCBhIGxpZmUgc2F2ZXIsIHNpbmNlIGFsbW9zdCBldmVyeSBhYm5vcm1hbCBzdGF0dXMgY2FuIGJlIGN1cmVkIHdpdGggdGhlIEN1cmUgc2tpbGwuIEp1c3QgcmVtZW1iZXIgdGhhdCB5b3UgbmVlZCBeNjY2NkNDTGV2ZWwgMiBIZWFsXjAwMDAwMCBiZWZvcmUgeW91IGNhbiBsZWFybiBDdXJlLg==,,,,,W0dyYW5hZGFdCkVzc2EgaGFiaWxpZGFkZSBwb2RlIHNhbHZhciB2aWRhcywgasOhIHF1ZSBxdWFzZSB0b2RhcyBjb25kacOnw7VlcyBhbm9ybWFpcyBwb2RlbSBzZXIgY3VyYWRhcyBjb20gYSBoYWJpbGlkYWRlIE1lZGljYXIuIExlbWJyZS1zZSBkZSBxdWUgdm9jw6ogcHJlY2lzYSBkZSBeNjY2NkNDQ3VyYSBkZSBOdi4gMl4wMDAwMDAgYW50ZXMgZGUgYXByZW5kZXIgbyBNZWRpY2FyLg==,,W0dhcm5ldF0KRXN0YSBoYWJpbGlkYWQgcHVlZGUgc2VyIHVuIHNhbHZhdmlkYXMsIHlhIHF1ZSBjYXNpIHRvZG9zIGxvcyBlc3RhZG9zIGFub3JtYWxlcyBzZSBwdWVkZW4gc2FuYXIgY29uIGxhIGhhYmlsaWRhZCBDdXJhLiBTb2xvIHJlY3VlcmRhIHF1ZSBuZWNlc2l0YXMgXjY2NjZDQ0N1cmFjacOzbiBkZSBuaXZlbDJeMDAwMDAwIGFudGVzIGRlIHBvZGVyIGFwcmVuZGVyIEN1cmEu
pxJ6,,W0dhcm5ldF0KTm93LCB0aGUgXjY2NjZDQ0luY3JlYXNlIEFHSV4wMDAwMDAgc2tpbGwgY2FuIGJlIHVzZWQgb24geW91IG9yIHlvdXIgZnJpZW5kcy4gRm9yIGEgd2hpbGUgeW91ciBBR0kgc3RhdCBpcyBpbmNyZWFzZWQsIG1ha2luZyB5b3UgYXR0YWNrIGZhc3RlciBhbmQgZG9kZ2UgbW9uc3RlciBhdHRhY2tzIG1vcmUgZWFzaWx5Lg==,,,,,W0dhcm5ldF0KQWdvcmEgdm9jw6ogcG9kZSB1dGlsaXphciBhIGhhYmlsaWRhZGUgXjY2NjZDQ0F1bWVudGFyIEFHSV4wMDAwMDAgZW0gdm9jw6ogb3UgZW0gc2V1cyBhbWlnb3MuIFBvciB1bSB0ZW1wbywgc2V1IGF0cmlidXRvIEFHSSDDqSBhdW1lbnRhZG8sIHBlcm1pdGluZG8gcXVlIHZvY8OqIGF0YXF1ZSBtYWlzIHLDoXBpZG8gZSBzZSBkZXN2aWUgZGUgYXRhcXVlcyBkZSBtb25zdHJvcyBjb20gbWFpcyBmYWNpbGlkYWRlLg==,,W0dhcm5ldF0KQWhvcmEsIHB1ZWRlcyB1c2FyIGxhIGhhYmlsaWRhZCBeNjY2NkNDQXVtZW50YXIgQUdJXjAwMDAwMCBlbiB0aSBvIGVuIHR1cyBhbWlnb3MuIER1cmFudGUgdW4gdGllbXBvLCB0dXMgZXN0YWTDrXN0aWNhcyBkZSBBR0kgYXVtZW50YW4sIGxvIHF1ZSBwZXJtaXRlIHF1ZSBhdGFxdWVzIG3DoXMgcsOhcGlkbyB5IGV2YWRhcyBsb3MgYXRhcXVlcyBkZSBsb3MgbW9uc3RydW9zIGNvbiBtw6FzIGZhY2lsaWRhZC4=
qBJ6,,W0dhcm5ldF0KSWYgeW91J3JlIGFuIEFjb2x5dGUgdGhhdCB3YW50cyB0byBsZWFybiBeNjY2NkNDSW5jcmVhc2UgQUdJXjAwMDAwMCwgeW91IG5lZWQgdG8gbGVhcm4gXjY2NjZDQ0xldmVsIDMgSGVhbF4wMDAwMDAgZmlyc3Qu,,,,,W0dhcm5ldF0KU2Ugdm9jw6ogZm9yIHVtIE5vdmnDp28gZSBxdWlzZXIgYXByZW5kZXIgXjY2NjZDQ0F1bWVudGFyIEFHSV4wMDAwMDAsIHByZWNpc2Fyw6EgYXByZW5kZXIgXjY2NjZDQ0N1cmEgZGUgTnYuIDNeMDAwMDAwIHByaW1laXJvLg==,,W0dhcm5ldF0KU2kgZXJlcyB1biBBY8OzbGl0byBxdWUgcXVpZXJlIGFwcmVuZGVyIF42NjY2Q0NBdW1lbnRhciBBR0leMDAwMDAwLCBuZWNlc2l0YXMgYXByZW5kZXIgXjY2NjZDQ0N1cmFjacOzbiBkZSBuaXZlbDNeMDAwMDAwIHByaW1lcm8u
qRJ6,,W0dhcm5ldF0KWW91IGNhbiB1c2UgXjY2NjZDQ0FuZ2VsdXNeMDAwMDAwIHRvIGluY3JlYXNlIHlvdXIgRGVmZW5zZSwgYXMgd2VsbCBhcyB0aGUgRGVmZW5zZSBvZiBvdGhlciBwYXJ0eSBtZW1iZXJzLiBSZW1lbWJlciB0aG91Z2gsIHlvdSBjYW4gb25seSB1c2UgXjY2NjZDQ0FuZ2VsdXNeMDAwMDAwIG9uIG90aGVyIHBlb3BsZSBpZiB0aGV5IGFyZSBpbiB5b3VyIHBhcnR5Lg==,,,,,W0dhcm5ldF0KVm9jw6ogcG9kZSB1c2FyIF42NjY2Q0NBbmdlbHVzXjAwMDAwMCBwYXJhIGF1bWVudGFyIHN1YSBEZWZlc2EsIGJlbSBjb21vIGEgRGVmZXNhIGRlIG91dHJvcyBtZW1icm9zIGRvIGdydXBvLiBMZW1icmUtc2UsIHBvcsOpbSwgZGUgcXVlIHZvY8OqIHPDsyBwb2RlIHVzYXIgXjY2NjZDQ0FuZ2VsdXNeMDAwMDAwIGVtIG91dHJhcyBwZXNzb2FzIHNlIGVsYXMgZXN0aXZlcmVtIGVtIHNldSBncnVwby4=,,W0dhcm5ldF0KUHVlZGVzIHVzYXIgXjY2NjZDQ8OBbmdlbHVzXjAwMDAwMCBwYXJhIGF1bWVudGFyIHR1IGRlZmVuc2EsIGFzw60gY29tbyBsYSBkZSBvdHJvcyBtaWVtYnJvcyBkZWwgZ3J1cG8uIFNpbiBlbWJhcmdvLCByZWN1ZXJkYSBxdWUgc29sbyBwdWVkZXMgdXNhciBeNjY2NkNDw4FuZ2VsdXNeMDAwMDAwIGVuIG90cmFzIHBlcnNvbmFzIHNpIGVzdMOhbiBlbiB0dSBncnVwby4=
qhJ6,,W0dhcm5ldF0KQmVmb3JlIHlvdSBjYW4gbGVhcm4gQW5nZWx1cywgeW91IHdpbGwgbmVlZCB0byBoYXZlIF42NjY2Q0NMZXZlbCAzIERpdmluZSBQcm90ZWN0aW9uXjAwMDAwMC4=,,,,,W0dhcm5ldF0KQW50ZXMgZGUgYXByZW5kZXIgQW5nZWx1cywgdm9jw6ogcHJlY2lzYXLDoSBhcHJlbmRlciBeNjY2NkNDUHJvdGXDp8OjbyBEaXZpbmEgZGUgTnYuIDNeMDAwMDAwLg==,,W0dhcm5ldF0KQW50ZXMgZGUgcG9kZXIgYXByZW5kZXIgw4FuZ2VsdXMsIG5lY2VzaXRhcsOhcyB0ZW5lciBeNjY2NkNDUHJvdGVjY2nDs24gZGl2aW5hIGRlIG5pdmVsM14wMDAwMDAu
qxJ6,,W0dhcm5ldF0KQWxzbywgaWYgeW91IGtlZXAgbGVhcm5pbmcgQW5nZWx1cywgeW91J2xsIGV2ZW50dWFsbHkgYmUgYWJsZSB0byBsZWFybiBeNjY2NkNDS3lyaWUgRWxlaXNvbl4wMDAwMDAuIFRoYXQgc2tpbGwgaGVscHMgeW91IGV2YWRlIGluaXRpYWwgYXR0YWNrcyBhdXRvbWF0aWNhbGx5Lg==,,,,,W0dhcm5ldF0KQWzDqW0gZGlzc28sIHNlIGNvbnRpbnVhciBhcHJpbW9yYW5kbyBBbmdlbHVzLCB2b2PDqiBwb2RlcsOhIGFwcmVuZGVyIF42NjY2Q0NLeXJpZSBFbGVpc29uXjAwMDAwMC4gRXNzYSBoYWJpbGlkYWRlIGFqdWRhIGEgc2UgZXNxdWl2YXIgZG9zIGF0YXF1ZXMgaW5pY2lhaXMgYXV0b21hdGljYW1lbnRlLg==,,W0dhcm5ldF0KQWRlbcOhcywgc2kgc2lndWVzIGFwcmVuZGllbmRvIMOBbmdlbHVzLCB0YXJkZSBvIHRlbXByYW5vIHBvZHLDoXMgYXByZW5kZXIgXjY2NjZDQ0t5cmllIEVsZWlzb25eMDAwMDAwLiBFc2EgaGFiaWxpZGFkIHRlIGF5dWRhIGEgZXZhZGlyIGxvcyBhdGFxdWVzIGluaWNpYWxlcyBhdXRvbcOhdGljYW1lbnRlLg==
rBJ6,,W0dhcm5ldF0KXjY2NjZDQ0JsZXNzaW5nXjAwMDAwMCB0ZW1wb3JhcmlseSBpbmNyZWFzZXMgU1RSLCBERVggYW5kIElOVC4gVGhpcyBza2lsbCB3aWxsIGdpdmUgeW91IGFuZCB5b3VyIGZyaWVuZHMgYSBncmVhdCBhZHZhbnRhZ2UgaW4gYmF0dGxlIQ==,,,,,W0dhcm5ldF0KXjY2NjZDQ0LDqm7Dp8Ojb14wMDAwMDAgYXVtZW50YSB0ZW1wb3JhcmlhbWVudGUgbyBBVFEsIERFUyBlIElOVC4gRXNzYSBoYWJpbGlkYWRlIGRhcsOhIGEgdm9jw6ogZSBhIHNldXMgYW1pZ29zIHVtYSBncmFuZGUgdmFudGFnZW0gbmEgYmF0YWxoYSE=,,W0dhcm5ldF0KXjY2NjZDQ0JlbmRpY2nDs25eMDAwMDAwIGF1bWVudGEgdGVtcG9yYWxtZW50ZSBsYSBGVUUsIGxhIERFUyB5IGxhIElOVC4gwqFFc3RhIGhhYmlsaWRhZCBsZXMgZGFyw6EgYSB0aSB5IGEgdHVzIGFtaWdvcyB1bmEgZ3JhbiB2ZW50YWphIGVuIGxhIGJhdGFsbGEh
rRJ6,,W0dhcm5ldF0KQmVmb3JlIHlvdSBjYW4gbGVhcm4gQmxlc3NpbmcsIHlvdSBtdXN0IGZpcnN0IGxlYXJuIF42NjY2Q0NMZXZlbCA1IERpdmluZSBQcm90ZWN0aW9uXjAwMDAwMC4=,,,,,W0dyYW5hZGFdCkFudGVzIGRlIGFwcmVuZGVyIELDqm7Dp8Ojbywgdm9jw6ogZGV2ZSBwcmltZWlybyBhcHJlbmRlciBeNjY2NkNDUHJvdGXDp8OjbyBEaXZpbmEgZGUgTnYuIDVeMDAwMDAwLg==,,W0dhcm5ldF0KQW50ZXMgZGUgYXByZW5kZXIgQmVuZGljacOzbiwgZGViZXMgYXByZW5kZXIgXjY2NjZDQ1Byb3RlY2Npw7NuIGRpdmluYSBkZSBuaXZlbDVeMDAwMDAwLg==
rhJ6,,W0dhcm5ldF0KXjY2NjZDQ1dhcnAgUG9ydGFsXjAwMDAwMCBpcyBhIHByZXR0eSBjb21wbGV4IHNraWxsLCBhbmQgeW91IG5lZWQgdG8ga25vdyBzb21lIG90aGVyIHNraWxscyBiZWZvcmUgeW91IGNhbiBsZWFybiBpdC4=,,,,,W0dhcm5ldF0KXjY2NjZDQ1BvcnRhbF4wMDAwMDAgw6kgdW1hIGhhYmlsaWRhZGUgYmFzdGFudGUgY29tcGxleGEsIGUgdm9jw6ogcHJlY2lzYSBjb25oZWNlciBvdXRyYXMgaGFiaWxpZGFkZXMgYW50ZXMgZGUgYXByZW5kw6otbGEu,,W0dhcm5ldF0KXjY2NjZDQ1BvcnRhbCBkZSB0ZWxldHJhbnNwb3J0ZV4wMDAwMDAgZXMgdW5hIGhhYmlsaWRhZCBiYXN0YW50ZSBjb21wbGVqYSwgeSBuZWNlc2l0YXMgY29ub2NlciBhbGd1bmFzIG90cmFzIGhhYmlsaWRhZGVzIGFudGVzIGRlIHBvZGVyIGFwcmVuZGVybGEu
rxJ6,,W0dhcm5ldF0KRmlyc3QsIHlvdSBuZWVkIHRvIGxlYXJuIF42NjY2Q0NSdXdhY2heMDAwMDAwIHdoaWNoIGxldHMgeW91IHNlZSBpbnZpc2libGUgbW9uc3RlcnMuIEFmdGVyIFJ1d2FjaCwgeW91IHdpbGwgbmVlZCB0byBsZWFybiB0aGUgXjY2NjZDQ1RlbGVwb3J0XjAwMDAwMCBza2lsbC4=,,,,,W0dhcm5ldF0KUHJpbWVpcm8sIHZvY8OqIHByZWNpc2EgYXByZW5kZXIgXjY2NjZDQ1J1d2FjaF4wMDAwMDAsIHF1ZSBsaGUgcGVybWl0ZSB2ZXIgbW9uc3Ryb3MgaW52aXPDrXZlaXMuIERlcG9pcyBkZSBSdXdhY2gsIHZvY8OqIHByZWNpc2Fyw6EgYXByZW5kZXIgYSBoYWJpbGlkYWRlIF42NjY2Q0NUZWxlcG9ydGVeMDAwMDAwLg==,,W0dhcm5ldF0KUHJpbWVybywgbmVjZXNpdGFzIGFwcmVuZGVyIF42NjY2Q0NSdXdhY2heMDAwMDAwLCBxdWUgdGUgcGVybWl0ZSB2ZXIgbW9uc3RydW9zIGludmlzaWJsZXMuIERlc3B1w6lzIGRlIFJ1d2FjaCwgdGVuZHLDoXMgcXVlIGFwcmVuZGVyIGxhIGhhYmlsaWRhZCBeNjY2NkNDVGVsZXRyYW5zcG9ydGVeMDAwMDAwLg==
sBJ6,,W0dhcm5ldF0KT25jZSB5b3UgbGVhcm4gXjY2NjZDQ1dhcnAgUG9ydGFsXjAwMDAwMCwgdGhlIGxldmVsIG9mIHRoZSBXYXJwIFBvcnRhbCBza2lsbCB3aWxsIGRldGVybWluZSBob3cgbWFueSB3YXJwIGRlc3RpbmF0aW9ucywgb3IgV2FycCBQb2ludHMsIHlvdSBjYW4gbWVtb3JpemUu,,,,,W0dhcm5ldF0KRGVwb2lzIHF1ZSB2b2PDqiBhcHJlbmRlciBeNjY2NkNDUG9ydGFsXjAwMDAwMCwgbyBuw612ZWwgZGEgaGFiaWxpZGFkZSBkZXRlcm1pbmFyw6EgcXVhbnRvcyBkZXN0aW5vcyBkZSB0ZWxldHJhbnNwb3J0ZSwgb3UgUG9udG9zIGRlIFJldG9ybm8sIHZvY8OqIHBvZGVyw6EgbWVtb3JpemFyLg==,,W0dhcm5ldF0KVW5hIHZleiBxdWUgYXByZW5kYXMgXjY2NjZDQ1BvcnRhbCBkZSB0ZWxldHJhbnNwb3J0ZV4wMDAwMDAsIGVsIG5pdmVsIGRlIGVzYSBoYWJpbGlkYWQgZGV0ZXJtaW5hcsOhIGN1w6FudG9zIGRlc3Rpbm9zIG8gcHVudG9zIGRlIHRlbGV0cmFuc3BvcnRlIHB1ZWRlcyBtZW1vcml6YXIu
sRJ6,,W0dhcm5ldF0KSWYgeW91IG1hc3RlciB0aGUgV2FycCBQb3J0YWwgc2tpbGwsIHlvdSBjYW4gaGF2ZSBhIG1heGltdW0gb2YgNCBkaWZmZXJlbnQgV2FycCBQb2ludHMuIEJ1dCBhdCBsZWFzdCBvbmUgV2FycCBQb2ludCBpcyBkZXNpZ25hdGVkIGFzIHRoZSBTYXZlIFBvaW50IHRoYXQgeW91J3ZlIG1hZGUgd2l0aCBhIEthZnJhIEVtcGxveWVlLg==,,,,,W0dhcm5ldF0KQW8gZG9taW5hciBhIGhhYmlsaWRhZGUgUG9ydGFsLCB2b2PDqiB0ZXLDoSB1bSBtw6F4aW1vIGRlIDQgUG9udG9zIGRlIFJldG9ybm8gZGlmZXJlbnRlcy4gQ29udHVkbywgcGVsbyBtZW5vcyB1bSBQb250byBzZXLDoSBkZWZpbmlkbyBjb21vIG8gUG9udG8gZGUgU2FsdmFtZW50byBxdWUgdm9jw6ogY3Jpb3UgY29tIHVtIEZ1bmNpb27DoXJpbyBkYSBLYWZyYS4=,,W0dhcm5ldF0KU2kgZG9taW5hcyBsYSBoYWJpbGlkYWQgUG9ydGFsIGRlIHRlbGV0cmFuc3BvcnRlLCBwdWVkZXMgdGVuZXIgdW4gbcOheGltbyBkZSA0cHVudG9zIGRlIHRlbGV0cmFuc3BvcnRlIGRpZmVyZW50ZXMuIFBlcm8gYWwgbWVub3MgdW4gcHVudG8gZGUgdGVsZXRyYW5zcG9ydGUgZXN0YXLDoSBkZXNpZ25hZG8gY29tbyBlbCBwdW50byBkZSBndWFyZGFkbyBxdWUgaGF5YXMgY3JlYWRvIGNvbiB1bmEgZW1wbGVhZGEgZGUgS2FmcmEu
shJ6,,W0dhcm5ldF0KV2VsbCwgaXQncyBhIGJpdCBvZiBoYXNzbGUsIGJ1dCBpZiB5b3Ugd2FudCB0byBtYWtlIGEgY2VydGFpbiBwbGFjZSBvbmUgb2YgeW91ciBXYXJwIFBvaW50cywgeW91IG5lZWQgdG8gYmUgcGh5c2ljYWxseSB0aGVyZSBmaXJzdC4gVGhlbiwgdHlwZSBpbiBeNjY2NkNDL21lbW9eMDAwMDAwIGludG8gdGhlIGNvbW1hbmQgcHJvbXB0Lg==,,,,,W0dhcm5ldF0KQmVtLCBuw6NvIMOpIG11aXRvIHByw6F0aWNvLCBtYXMgc2UgcXVpc2VyIGZhemVyIGRlIHVtIGRldGVybWluYWRvIGx1Z2FyIHVtIGRlIHNldXMgUG9udG9zIGRlIFJldG9ybm8sIHZvY8OqIHByZWNpc2EgZXN0YXIgZmlzaWNhbWVudGUgbMOhIHByaW1laXJvLiBFbSBzZWd1aWRhLCBkaWdpdGUgXjY2NjZDQy9tZW1vXjAwMDAwMCBubyBwcm9tcHQgZGUgY29tYW5kby4=,,W0dhcm5ldF0KQnVlbm8sIGVzIHVuIHBvY28gZW5nb3Jyb3NvLCBwZXJvIHNpIHF1aWVyZXMgcXVlIHVuIGx1Z2FyIGRldGVybWluYWRvIHNlYSB1bm8gZGUgdHVzIHB1bnRvcyBkZSB0ZWxldHJhbnNwb3J0ZSwgcHJpbWVybyB0aWVuZXMgcXVlIGVzdGFyIGbDrXNpY2FtZW50ZSBhbGzDrS4gQSBjb250aW51YWNpw7NuLCBlc2NyaWJlIF42NjY2Q0MvbWVtb14wMDAwMDAgZW4gZWwgc8OtbWJvbG8gZGVsIHNpc3RlbWEu
sxJ6,,W0dhcm5ldF0KSnVzdCBzbyB5b3Uga25vdywgeW91IGNhbid0IHNhdmUgYSBXYXJwIFBvaW50IGluc2lkZSBvZiBhIGR1bmdlb24uIE9oLCBhbmQgZG9uJ3QgZm9yZ2V0LCBlYWNoIHRpbWUgeW91IG1ha2UgYSBXYXJwIFBvcnRhbCwgeW91IG11c3QgdXNlIDEgXjY2NjZDQ0JsdWUgR2Vtc3RvbmVeMDAwMDAwIGFzIGEgQ2F0YWx5c3Qu,,,,,W0dhcm5ldF0KU8OzIHBhcmEgdm9jw6ogc2FiZXIsIG7Do28gw6kgcG9zc8OtdmVsIHNhbHZhciB1bSBQb250byBkZSBSZXRvcm5vIGRlIGRlbnRybyBkZSB1bWEgbWFzbW9ycmEuIEFoLCBlIG7Do28gc2UgZXNxdWXDp2EgZGUgcXVlLCB0b2RhIHZleiBxdWUgdm9jw6ogY3JpYXIgdW0gUG9ydGFsLCBkZXZlcsOhIHVzYXIgMSBeNjY2NkNDR2VtYSBBenVsXjAwMDAwMCBjb21vIGNhdGFsaXNhZG9yLg==,,W0dhcm5ldF0KVGVuIGVuIGN1ZW50YSBxdWUgbm8gcHVlZGVzIGd1YXJkYXIgdW4gcHVudG8gZGUgdGVsZXRyYW5zcG9ydGUgZGVudHJvIGRlIHVuYSBtYXptb3JyYS4gQWgsIHkgbm8gb2x2aWRlcyBxdWUgY2FkYSB2ZXogcXVlIGNyZWVzIHVuIFBvcnRhbCBkZSB0ZWxldHJhbnNwb3J0ZSwgZGViZXMgdXNhciAxXjY2NjZDQ0dlbWEgYXp1bF4wMDAwMDAgY29tbyBjYXRhbGl6YWRvci4=
tBJ6,,W3t9XQpBbHJpZ2h0LCBJJ3ZlCmhlYXJkIGVub3VnaC4=,,,,,W3t9XQpDZXJ0bywgasOhCm91dmkgbyBzdWZpY2llbnRlLg==,,W3t9XQpNdXkgYmllbiwKeWEgb8OtIHN1ZmljaWVudGUu
tRJ6,,SGVuc29u,,,,,SGVuc29u,,SGVuc29u
thJ6,,W0hlbnNvbl0KV2UgUHJpZXN0cyBhbmQgQWNvbHl0ZXMgYXJlIG5vdCBvbmx5IGxpbWl0ZWQgdG8gZWFzaW5nIHRoZSBzdWZmZXJpbmcgb2Ygb3VyIGZlbGxvdyBtYW4uLi4=,,,,,W0hlbnNvbl0uCk7Ds3MsIFNhY2VyZG90ZXMgZSBOb3Zpw6dvcywgbsOjbyBub3MgbGltaXRhbW9zIGFwZW5hcyBhIGFsaXZpYXIgbyBzb2ZyaW1lbnRvIGRlIG5vc3NvcyBzZW1lbGhhbnRlcy4uLg==,,W0hlbnNvbl0KTG9zIFNhY2VyZG90ZXMgeSBBY8OzbGl0b3Mgbm8gc29sbyBub3MgbGltaXRhbW9zIGEgYWxpdmlhciBlbCBzdWZyaW1pZW50byBkZSBudWVzdHJvcyBzZW1lamFudGVz4oCm
txJ6,,W0hlbnNvbl0KV2UgYWxzbyBtZXRlIHN3aWZ0IGFuZCBtZXJjaWxlc3MgcHVuaXNobWVudCB0byB0aGUgZm9yY2VzIG9mIGV2aWwuIFdlbGwsIHB1cmlmeWluZyBhbnkgcG9vciBzb3VscyB0aGF0IG1heSBoYXZlIGJlZW4gdHVybmVkIGludG8gdGhlIFVuZGVhZCBpcyBhbHNvIGFub3RoZXIgZHV0eS4=,,,,,W0hlbnNvbl0KVGFtYsOpbSBhcGxpY2Ftb3MgcHVuacOnw7VlcyByw6FwaWRhcyBlIGltcGxhY8OhdmVpcyDDoHMgZm9yw6dhcyBkbyBtYWwuIEJlbSwgdGFtYsOpbSB0ZW1vcyBvIGRldmVyIGRlIHB1cmlmaWNhciBxdWFpc3F1ZXIgcG9icmVzIGFsbWFzIHF1ZSB0ZW5oYW0gc2UgdHJhbnNmb3JtYWRvIGVtIG1vcnRvcy12aXZvcy4=,,W0hlbnNvbl0KVGFtYmnDqW4gaW1wb25lbW9zIHVuIGNhc3RpZ28gdmVsb3ogeSBkZXNwaWFkYWRvIGEgbGFzIGZ1ZXJ6YXMgZGVsIG1hbC4gQnVlbm8sIHB1cmlmaWNhciBsYXMgcG9icmVzIGFsbWFzIGNvbnZlcnRpZGFzIGVuIE11ZXJ0b3Mgdml2aWVudGVzIHRhbWJpw6luIGVzIG90cm8gZGViZXIu
uBJ6,,W0hlbnNvbl0KRGlkIHlvdSBoYXZlIGFueSBxdWVzdGlvbnMgYWJvdXQgQWNvbHl0ZSBhbmQgUHJpZXN0IHNraWxscz8=,,,,,W0hlbnNvbl0KVm9jw6ogdGVtIGFsZ3VtYSBkw7p2aWRhIHNvYnJlIGFzIGhhYmlsaWRhZGVzIGRlIE5vdmnDp28gZSBTYWNlcmRvdGU/,,W0hlbnNvbl0Kwr9UaWVuZXMgYWxndW5hIHByZWd1bnRhIHNvYnJlIGxhcyBoYWJpbGlkYWRlcyBkZSBBY8OzbGl0byB5IFNhY2VyZG90ZT8=
uRJ6,,QWJvdXQgRGl2aW5lIFByb3RlY3Rpb24=,,,,,U29icmUgYSBQcm90ZcOnw6NvIERpdmluYQ==,,QWNlcmNhIGRlIFByb3RlY2Npw7NuIGRpdmluYS4=
uhJ6,,QWJvdXQgRGVtb24gQmFuZQ==,,,,,U29icmUgbyBGbGFnZWxvIGRvIE1hbA==,,QWNlcmNhIGRlIEZsYWdlbG8gZGVsIGRlbW9uaW8u
uxJ6,,QWJvdXQgRGVjcmVhc2UgQUdJ,,,,,U29icmUgRGltaW51aXIgQWdpbGlkYWRl,,QWNlcmNhIGRlIERpc21pbnVpciBBR0ku
vBJ6,,QWJvdXQgU2lnbnVtIENydXNpcyA=,,,,,U29icmUgbyBTaWdudW0gQ3J1Y2lz,,QWNlcmNhIGRlIFNpZ251bSBDcnVjaXMuIA==
vRJ6,,QWJvdXQgUG5ldW1h,,,,,U29icmUgbyBFc2N1ZG8gU2FncmFkbw==,,QWNlcmNhIGRlIFBuZXVtYS4=
vhJ6,,QWJvdXQgUnV3YWNo,,,,,U29icmUgYSBSZXZlbGHDp8Ojbw==,,QWNlcmNhIGRlIFJ1d2FjaC4=
vxJ6,,QWJvdXQgVGVsZXBvcnQ=,,,,,U29icmUgbyBUZWxlcG9ydGU=,,QWNlcmNhIGRlIFRlbGV0cmFuc3BvcnRlLg==
wBJ6,,RW5kIGNvbnZlcnNhdGlvbi4=,,,,,VGVybWluYXIgY29udmVyc2Eu,,VGVybWluYXIgbGEgY29udmVyc2FjacOzbi4=
wRJ6,,W0hlbnNvbl0KSWYgeW91IHdhbnQgdG8gcGVybWFuZW50bHkgaW1wcm92ZSB5b3VyIERlZmVuc2UgYWdhaW5zdCB0aGUgVW5kZWFkLCBsZWFybiBeNjY2NkNDRGl2aW5lIFByb3RlY3Rpb25eMDAwMDAwLg==,,,,,W0hlbnNvbl0KU2UgcXVpc2VyIG1lbGhvcmFyIHN1YSBkZWZlc2EgY29udHJhIG1vcnRvcy12aXZvcyBkZSBmb3JtYSBwZXJtYW5lbnRlLCBhcHJlbmRhIF42NjY2Q0NQcm90ZcOnw6NvIERpdmluYV4wMDAwMDAu,,W0hlbnNvbl0KU2kgcXVpZXJlcyBtZWpvcmFyIHBlcm1hbmVudGVtZW50ZSB0dSBkZWZlbnNhIGNvbnRyYSBsb3MgTXVlcnRvcyB2aXZpZW50ZXMsIGFwcmVuZGUgXjY2NjZDQ1Byb3RlY2Npw7NuIGRpdmluYV4wMDAwMDAu
whJ6,,W0hlbnNvbl0KTGVhcm5pbmcgRGl2aW5lIFByb3RlY3Rpb24gdG8gY2VydGFpbiBsZXZlbHMgd2lsbCBhbHNvIGFsbG93IHlvdSB0byBsZWFybiBvdGhlciBza2lsbHMsIGxpa2UgXjY2NjZDQ0FuZ2VsdXNeMDAwMDAwIGFuZCBeNjY2NkNDQmxlc3NpbmdeMDAwMDAwLCB3aGljaCBHYXJuZXQgY2FuIGV4cGxhaW4u,,,,,W0hlbnNvbl0KQXByZW5kZXIgYWxndW5zIG7DrXZlaXMgZGUgUHJvdGXDp8OjbyBEaXZpbmEgdGFtYsOpbSBwZXJtaXRlIHF1ZSB2b2PDqiBhcHJlbmRhIG91dHJhcyBoYWJpbGlkYWRlcywgY29tbyBeNjY2NkNDQW5nZWx1c14wMDAwMDAgZSBeNjY2NkNDQsOqbsOnw6NvXjAwMDAwMCwgcXVlIEdhcm5ldCBwb2RlIGV4cGxpY2FyLg==,,W0hlbnNvbl0KQXByZW5kZXIgUHJvdGVjY2nDs24gZGl2aW5hIGhhc3RhIGNpZXJ0b3Mgbml2ZWxlcyB0YW1iacOpbiB0ZSBwZXJtaXRpcsOhIGFwcmVuZGVyIG90cmFzIGhhYmlsaWRhZGVzLCBjb21vIF42NjY2Q0PDgW5nZWx1c14wMDAwMDAgeSBeNjY2NkNDQmVuZGljacOzbl4wMDAwMDAsIHF1ZSBHYXJuZXQgcHVlZGUgZXhwbGljYXJ0ZS4=
wxJ6,,W0hlbnNvbl0KV2hlbiB5b3UgbGVhcm4gXjY2NjZDQ0xldmVsIDMgRGl2aW5lIFByb3RlY3Rpb25eMDAwMDAwLCB5b3Ugd2lsbCB0aGVuIGJlIGFibGUgdG8gbGVhcm4gdGhlIF42NjY2Q0NEZW1vbiBCYW5lXjAwMDAwMCBza2lsbC4=,,,,,W0hlbnNvbl0KQW8gYXByZW5kZXIgXjY2NjZDQ1Byb3Rlw6fDo28gRGl2aW5hIGRlIE52LiAzXjAwMDAwMCwgdm9jw6ogdGFtYsOpbSBwb2RlcsOhIGFwcmVuZGVyIGEgaGFiaWxpZGFkZSBeNjY2NkNDRmxhZ2VsbyBkbyBNYWxeMDAwMDAwLg==,,W0hlbnNvbl0KQ3VhbmRvIGFwcmVuZGFzIF42NjY2Q0NQcm90ZWNjacOzbiBkaXZpbmEgZGUgbml2ZWwzXjAwMDAwMCwgcG9kcsOhcyBhcHJlbmRlciBsYSBoYWJpbGlkYWQgXjY2NjZDQ0ZsYWdlbG8gZGVsIGRlbW9uaW9eMDAwMDAwLg==
xBJ6,,W0hlbnNvbl0KV2l0aCBeNjY2NkNDRGVtb24gQmFuZV4wMDAwMDAsIHRoZSBkYW1hZ2Ugb2YgeW91ciBhdHRhY2tzIGFnYWluc3QgdGhlIFVuZGVhZCB3aWxsIGJlIGluY3JlYXNlZC4gUGVybWFuZW50bHku,,,,,W0hlbnNvbl0KQ29tIF42NjY2Q0NGbGFnZWxvIGRvIE1hbF4wMDAwMDAsIG8gZGFubyBkZSBzZXVzIGF0YXF1ZXMgY29udHJhIG9zIG1vcnRvcy12aXZvcyBzZXLDoSBhdW1lbnRhZG8uIFBlcm1hbmVudGVtZW50ZS4=,,W0hlbnNvbl0KQ29uIF42NjY2Q0NGbGFnZWxvIGRlbCBkZW1vbmlvXjAwMDAwMCwgYXVtZW50YXLDoSBlbCBkYcOxbyBkZSB0dXMgYXRhcXVlcyBjb250cmEgbG9zIE11ZXJ0b3Mgdml2aWVudGVzLiBQZXJtYW5lbnRlbWVudGUu
xRJ6,,W0hlbnNvbl0KXjY2NjZDQ0RlbW9uIEJhbmVeMDAwMDAwIGluY3JlYXNlcyB0aGUgZGFtYWdlIHlvdSB3aWxsIGluZmxpY3QgdXBvbiB0aGUgVW5kZWFkLiBQZXJtYW5lbnRseS4=,,,,,W0hlbnNvbl0KXjY2NjZDQ0ZsYWdlbG8gZG8gTWFsXjAwMDAwMCBhdW1lbnRhIG8gZGFubyBpbmZsaWdpZG8gYW9zIG1vcnRvcy12aXZvcy4gUGVybWFuZW50ZW1lbnRlLg==,,W0hlbnNvbl0KXjY2NjZDQ0ZsYWdlbG8gZGVsIGRlbW9uaW9eMDAwMDAwIGF1bWVudGEgZWwgZGHDsW8gcXVlIGluZmxpZ2VzIGEgbG9zIE11ZXJ0b3Mgdml2aWVudGVzLiBQZXJtYW5lbnRlbWVudGUu
xhJ6,,W0hlbnNvbl0KRmlyc3QsIHlvdSdsbCBuZWVkIHRvIGxlYXJuIF42NjY2Q0NMZXZlbCAzIERpdmluZSBQcm90ZWN0aW9uXjAwMDAwMCB0byBiZSBhYmxlIHRvIGxlYXJuIERlbW9uIEJhbmUsIHNvIGtlZXAgdGhhdCBpbiBtaW5kLg==,,,,,W0hlbnNvbl0KTGVtYnJlLXNlOiBwcmltZWlybyB2b2PDqiBwcmVjaXNhIGFwcmVuZGVyIF42NjY2Q0NQcm90ZcOnw6NvIERpdmluYSBkZSBOdi4gM14wMDAwMDAgcGFyYSBwb2RlciBhcHJlbmRlciBGbGFnZWxvIGRvIE1hbC4=,,W0hlbnNvbl0KRW4gcHJpbWVyIGx1Z2FyLCBuZWNlc2l0YXLDoXMgYXByZW5kZXIgXjY2NjZDQ1Byb3RlY2Npw7NuIGRpdmluYSBkZSBuaXZlbDNeMDAwMDAwIHBhcmEgcG9kZXIgYXByZW5kZXIgRmxhZ2VsbyBkZWwgZGVtb25pbywgYXPDrSBxdWUgdGVubG8gZW4gY3VlbnRhLg==
xxJ6,,W0hlbnNvbl0KV2hlbiB5b3UgbGVhcm4gXjY2NjZDQ0xldmVsIDMgRGVtb24gQmFuZV4wMDAwMDAsIHlvdSB3aWxsIGJlIGFibGUgdG8gbGVhcm4gXjY2NjZDQ1NpZ251bSBDcnVzaXNeMDAwMDAwLCB3aGljaCBsb3dlcnMgdGhlIERlZmVuc2Ugb2YgVW5kZWFkIG1vbnN0ZXJzLCBhcyB3ZWxsIGFzIG1vbnN0ZXJzIHdpdGggdGhlIERhcmsgcHJvcGVydHku,,,,,W0hlbnNvbl0KQW8gYXByZW5kZXIgXjY2NjZDQ0ZsYWdlbG8gZG8gTWFsIGRlIE52LiAzXjAwMDAwMCwgdm9jw6ogcG9kZXLDoSBhcHJlbmRlciBeNjY2NkNDU2lnbnVtIENydWNpc14wMDAwMDAsIHF1ZSByZWR1eiBhIGRlZmVzYSBkZSBtb25zdHJvcyBtb3J0b3Mtdml2b3MsIGJlbSBjb21vIGEgZGUgbW9uc3Ryb3MgZG8gZWxlbWVudG8gU29tYnJpby4=,,W0hlbnNvbl0KQ3VhbmRvIGFwcmVuZGFzIF42NjY2Q0NGbGFnZWxvIGRlbCBkZW1vbmlvIGRlIG5pdmVsM14wMDAwMDAsIHBvZHLDoXMgYXByZW5kZXIgXjY2NjZDQ1NpZ251bSBDcnVjaXNeMDAwMDAwLCBxdWUgYmFqYSBsYSBkZWZlbnNhIGRlIGxvcyBtb25zdHJ1b3MgTXVlcnRvcyB2aXZpZW50ZXMsIGFzw60gY29tbyBkZSBsb3MgbW9uc3RydW9zIGRlIHByb3BpZWRhZCBPc2N1cmlkYWQu
yBJ6,,W0hlbnNvbl0KVXNpbmcgXjY2NjZDQ0RlY3JlYXNlIEFHSV4wMDAwMDAgb24gbW9uc3RlcnMgd2lsbCBzbG93IHRoZWlyIG1vdmVtZW50LCBhdHRhY2sgc3BlZWQsIGFuZCB0aGUgcmF0ZSBhdCB3aGljaCB0aGV5IGNhbiBldmFkZSB5b3VyIG93biBhdHRhY2tzLiBUaGF0IHdheSwgeW91IGNhbiBtYWltIHRoZW0gcHJvcGVybHku,,,,,W0hlbnNvbl0KXjY2NjZDQ0RpbWludWlyIEFnaWxpZGFkZV4wMDAwMDAgcmVkdXogYSBtb3ZpbWVudGHDp8OjbywgYSB2ZWxvY2lkYWRlIGRlIGF0YXF1ZSBlIGEgY2FwYWNpZGFkZSBkZSBlc3F1aXZhIGRvcyBtb25zdHJvcy4gQXNzaW0sIHZvY8OqIHBvZGUgYWNhYmFyIGNvbSBlbGVzIGNvbSBtYWlzIGNhbG1hLg==,,W0hlbnNvbl0KU2kgdXNhcyBeNjY2NkNDRGlzbWludWlyIEFHSV4wMDAwMDAgZW4gbW9uc3RydW9zLCByYWxlbnRpemFyw6FzIHN1IG1vdmltaWVudG8sIHN1IHZlbG9jaWRhZCBkZSBhdGFxdWUgeSBsYSB2ZWxvY2lkYWQgYSBsYSBxdWUgcHVlZGVuIGV2YWRpciB0dXMgYXRhcXVlcy4gRGUgZXNhIG1hbmVyYSwgcHVlZGVzIG11dGlsYXJsb3MgYWRlY3VhZGFtZW50ZS4=
yRJ6,,W0hlbnNvbl0KUmVtZW1iZXIsIHlvdSBtdXN0IGZpcnN0IGxlYXJuIF42NjY2Q0NMZXZlbCAyIEluY3JlYXNlIEFHSV4wMDAwMDAgaWYgeW91IHdhbnQgdG8gYmUgYWJsZSB0byBsZWFybiB0aGUgRGVjcmVhc2UgQUdJIHNraWxsLg==,,,,,W0hlbnNvbl0KTGVtYnJlLXNlIGRlIHF1ZSB2b2PDqiBkZXZlIHByaW1laXJvIGFwcmVuZGVyIF42NjY2Q0NBdW1lbnRhciBBZ2lsaWRhZGUgZGUgTnYuIDJeMDAwMDAwIHNlIHF1aXNlciBhcHJlbmRlciBhIERpbWludWlyIEFnaWxpZGFkZS4=,,W0hlbnNvbl0KUmVjdWVyZGEsIHByaW1lcm8gZGViZXMgYXByZW5kZXIgXjY2NjZDQ0F1bWVudGFyIEFHSSBkZSBuaXZlbDJeMDAwMDAwIHNpIHF1aWVyZXMgcG9kZXIgYXByZW5kZXIgbGEgaGFiaWxpZGFkIERpc21pbnVpciBBR0ku
yhJ6,,W0hlbnNvbl0KVGhlIF42NjY2Q0NTaWdudW0gQ3J1c2lzXjAwMDAwMCBza2lsbCBsb3dlcnMgdGhlIERlZmVuc2Ugb2YgbW9uc3RlcnMgd2l0aCB0aGUgVW5kZWFkIG9yIERhcmsgcHJvcGVydGllcy4gSXQgaGFzIGEgd2lkZSByYW5nZSBhbmQgY2FuIGJlIHF1aXRlIHBvd2VyZnVsLg==,,,,,W0hlbnNvbl0KQSBoYWJpbGlkYWRlIF42NjY2Q0NTaWdudW0gQ3J1Y2lzXjAwMDAwMCByZWR1eiBhIGRlZmVzYSBkZSBtb25zdHJvcyBNb3J0b3Mtdml2b3Mgb3UgU29tYnJpb3MuIEVsYSB0ZW0gdW0gYW1wbG8gYWxjYW5jZSBlIHBvZGUgc2VyIGJhc3RhbnRlIGVmaWNhei4=,,W0hlbnNvbl0KTGEgaGFiaWxpZGFkIF42NjY2Q0NTaWdudW0gQ3J1Y2lzXjAwMDAwMCBiYWphIGxhIGRlZmVuc2EgZGUgbG9zIG1vbnN0cnVvcyBjb24gbGFzIHByb3BpZWRhZGVzIE11ZXJ0byB2aXZpZW50ZSB1IE9zY3VyaWRhZC4gVGllbmUgdW4gYW1wbGlvIGFsY2FuY2UgeSBwdWVkZSBzZXIgYmFzdGFudGUgcG90ZW50ZS4=
yxJ6,,W0hlbnNvbl0KSG93ZXZlciwgaXQncyBhIHZlcnkgZGlmZmljdWx0IHNraWxsIHRvIHVzZSwgYW5kIGl0IGhhcyBhIHJlbGF0aXZlbHkgbG93IHN1Y2Nlc3MgcmF0ZS4gQnV0LCBkbyBub3QgZGVzcGFpciBpZiB0aGlzIHNraWxsIGlzIG5vdCBzdWNjZXNzZnVsIGFsbCB0aGUgdGltZS4=,,,,,W0hlbnNvbl0uCk5vIGVudGFudG8sIMOpIHVtYSBoYWJpbGlkYWRlIG11aXRvIGRpZsOtY2lsIGRlIHVzYXIgZSB0ZW0gdW1hIHRheGEgZGUgc3VjZXNzbyByZWxhdGl2YW1lbnRlIGJhaXhhLiBNYXMgbsOjbyBzZSBkZXNlc3BlcmUgc2UgZXNzYSBoYWJpbGlkYWRlIG7Do28gZm9yIGJlbS1zdWNlZGlkYSBvIHRlbXBvIHRvZG8u,,W0hlbnNvbl0KU2luIGVtYmFyZ28sIGVzIHVuYSBoYWJpbGlkYWQgbXV5IGRpZsOtY2lsIGRlIHVzYXIgeSB0aWVuZSB1bmEgcHJvYmFiaWxpZGFkIGRlIMOpeGl0byByZWxhdGl2YW1lbnRlIGJhamEuIFBlcm8gbm8gdGUgZGVzZXNwZXJlcyBzaSBlc3RhIGhhYmlsaWRhZCBubyB0aWVuZSDDqXhpdG8gdG9kbyBlbCB0aWVtcG8u
zBJ6,,W0hlbnNvbl0KV2hlbiBpdCBkb2VzIHdvcmssIGl0IHdpbGwgZ2l2ZSB5b3UgYSBncmVhdCBiYXR0bGUgYWR2YW50YWdlLiBSZW1lbWJlciwgeW91IHdpbGwgXjY2NjZDQ0xldmVsIDMgRGVtb24gQmFuZV4wMDAwMDAgdG8gYWNxdWlyZSB0aGlzIHNraWxsLg==,,,,,W0hlbnNvbl0uClF1YW5kbyBlbGEgZnVuY2lvbmFyLCB2b2PDqiB0ZXLDoSB1bWEgZ3JhbmRlIHZhbnRhZ2VtIG5hIGJhdGFsaGEuIExlbWJyZS1zZSBkZSBxdWUgdm9jw6ogcHJlY2lzYXLDoSBkZSBeNjY2NkNDRmxhZ2VsbyBkbyBNYWwgZGUgTnYuIDNeMDAwMDAwIHBhcmEgYWRxdWlyaXIgZXNzYSBoYWJpbGlkYWRlLg==,,W0hlbnNvbl0KQ3VhbmRvIHPDrSBmdW5jaW9uZSwgdGUgZGFyw6EgdW5hIGdyYW4gdmVudGFqYSBlbiBsYSBiYXRhbGxhLiBSZWN1ZXJkYSwgbmVjZXNpdGFyw6FzIF42NjY2Q0NGbGFnZWxvIGRlbCBkZW1vbmlvIGRlIG5pdmVsM14wMDAwMDAgcGFyYSBhZHF1aXJpciBlc3RhIGhhYmlsaWRhZC4=
zRJ6,,W0hlbnNvbl0KVGhlIF42NjY2Q0NQbmV1bWFeMDAwMDAwIGFsbG93cyB5b3UgdG8gZ2VuZXJhdGUgYSBiYXJyaWVyIHRoYXQgd2lsbCBibG9jayBhbGwgbG9uZy1yYW5nZSBhdHRhY2tzIGluIGEgY2VydGFpbiByYW5nZSwgY3JlYXRpbmcgYSB6b25lIHRoYXQgd2lsbCBwcm90ZWN0IHlvdSBmcm9tIG1vbnN0ZXJzIHRoYXQgYXR0YWNrIGZyb20gYSBkaXN0YW5jZS4=,,,,,W0hlbnNvbl0KTyBeNjY2NkNDRXNjdWRvIFNhZ3JhZG9eMDAwMDAwIHBlcm1pdGUgcXVlIHZvY8OqIGdlcmUgdW1hIGJhcnJlaXJhIHF1ZSBibG9xdWVhcsOhIHRvZG9zIG9zIGF0YXF1ZXMgZGUgbG9uZ28gYWxjYW5jZSBlbSB1bWEgZGV0ZXJtaW5hZGEgw6FyZWEsIGNyaWFuZG8gdW1hIHpvbmEgcXVlIG8gcHJvdGVnZXLDoSBkZSBtb25zdHJvcyBxdWUgYXRhY2FtIMOgIGRpc3TDom5jaWEu,,W0hlbnNvbl0KXjY2NjZDQ1BuZXVtYV4wMDAwMDAgdGUgcGVybWl0ZSBnZW5lcmFyIHVuYSBiYXJyZXJhIHF1ZSBibG9xdWVhcsOhIHRvZG9zIGxvcyBhdGFxdWVzIGEgZGlzdGFuY2lhIGVuIHVuIGFsY2FuY2UgZGV0ZXJtaW5hZG8sIGNyZWFuZG8gdW5hIHpvbmEgcXVlIHRlIHByb3RlZ2Vyw6EgZGUgbG9zIG1vbnN0cnVvcyBxdWUgYXRhY2FuIGEgZGlzdGFuY2lhLg==
zhJ6,,W0hlbnNvbl0KSW4gb3JkZXIgdG8gYmVjb21lIHJlYWR5IHRvIGxlYXJuIFBuZXVtYSwgeW91IG11c3QgZmlyc3QgY29tcGxldGVseSBtYXN0ZXIgdGhlIF42NjY2Q0NXYXJwIFBvcnRhbF4wMDAwMDAgc2tpbGwu,,,,,W0hlbnNvbl0KUGFyYSBhcHJlbmRlciBvIEVzY3VkbyBTYWdyYWRvLCB2b2PDqiBkZXZlIHByaW1laXJvIGRvbWluYXIgY29tcGxldGFtZW50ZSBhIGhhYmlsaWRhZGUgXjY2NjZDQ1BvcnRhbF4wMDAwMDAu,,W0hlbnNvbl0KUGFyYSBlc3RhciBwcmVwYXJhZG8gcGFyYSBhcHJlbmRlciBQbmV1bWEsIHByaW1lcm8gZGViZXMgdGVuZXIgdG90YWwgbWFlc3Ryw61hIGRlIGxhIGhhYmlsaWRhZCBeNjY2NkNDUG9ydGFsIGRlIHRlbGV0cmFuc3BvcnRlXjAwMDAwMC4=
zxJ6,,W0hlbnNvbl0KTm90aGluZyBjYW4gZXNjYXBlIHRoZSBleWVzIG9mIHRoZSBIb2x5ISBeNjY2NkNDUnV3YWNoXjAwMDAwMCBhbGxvd3MgeW91IHRvIHNlZSBtb25zdGVycywgYXMgd2VsbCBhcyBvdGhlciBhZHZlbnR1cmVycywgdGhhdCBhcmUgaGlkZGVuIG9yIGludmlzaWJsZS4=,,,,,W0hlbnNvbl0uCk5hZGEgZXNjYXBhIGFvcyBvbGhvcyBkbyBTYWdyYWRvISBDb20gYSBeNjY2NkNDUmV2ZWxhw6fDo29eMDAwMDAwLCB2b2PDqiBjb25zZWd1ZSB2ZXIgbW9uc3Ryb3MsIGJlbSBjb21vIG91dHJvcyBhdmVudHVyZWlyb3MsIHF1ZSBlc3RlamFtIG9jdWx0b3Mgb3UgaW52aXPDrXZlaXMu,,W0hlbnNvbl0KwqFOYWRhIHB1ZWRlIGVzY2FwYXIgYSBsb3Mgb2pvcyBkZSBsYSBTYW50aWRhZCEgXjY2NjZDQ1J1d2FjaF4wMDAwMDAgdGUgcGVybWl0ZSB2ZXIgbW9uc3RydW9zLCBhc8OtIGNvbW8gYSBvdHJvcyB0cm90YW11bmRvcyBxdWUgZXN0w6FuIG9jdWx0b3MgbyBzb24gaW52aXNpYmxlcy4=
0BJ6,,W0hlbnNvbl0KT25jZSB5b3UgbGVhcm4gUnV3YWNoLCB5b3Ugd2lsbCBiZSBhYmxlIHRvIGxlYXJuIHRoZSBeNjY2NkNDVGVsZXBvcnReMDAwMDAwIHNraWxsLg==,,,,,W0hlbnNvbl0KRGVwb2lzIGRlIGFwcmVuZGVyIFJldmVsYcOnw6NvLCB2b2PDqiBwb2RlcsOhIGFwcmVuZGVyIGEgaGFiaWxpZGFkZSBeNjY2NkNDVGVsZXBvcnRlXjAwMDAwMC4=,,W0hlbnNvbl0KVW5hIHZleiBxdWUgYXByZW5kYXMgUnV3YWNoLCBwb2Ryw6FzIGFwcmVuZGVyIGxhIGhhYmlsaWRhZCBeNjY2NkNDVGVsZXRyYW5zcG9ydGVeMDAwMDAwLg==
0RJ6,,W0hlbnNvbl0KRmlyc3QsIHlvdSBtdXN0IGxlYXJuIHRoZSBeNjY2NkNDUnV3YWNoXjAwMDAwMCBza2lsbCBpbiBvcmRlciB0byBsZWFybiBob3cgdG8gVGVsZXBvcnQu,,,,,W0hlbnNvbl0KUHJpbWVpcm8sIHZvY8OqIHByZWNpc2EgYXByZW5kZXIgYSBoYWJpbGlkYWRlIF42NjY2Q0NSZXZlbGHDp8Ojb14wMDAwMDAgcGFyYSBhcHJlbmRlciBhIHNlIHRlbGV0cmFuc3BvcnRhci4=,,W0hlbnNvbl0KUHJpbWVybyBkZWJlcyBhcHJlbmRlciBsYSBoYWJpbGlkYWQgXjY2NjZDQ1J1d2FjaF4wMDAwMDAgcGFyYSBhcHJlbmRlciBUZWxldHJhbnNwb3J0ZS4=
0hJ6,,W0hlbnNvbl0KVGhlIF42NjY2Q0NUZWxlcG9ydF4wMDAwMDAgc2tpbGwgdGVsZXBvcnRzIHlvdSB0byBhIHJhbmRvbSBsb2NhdGlvbiBpbiB0aGUgZmllbGQgb3IgY2l0eSB3aGljaCB5b3UgYXJlIGN1cnJlbnRseSBpbi4gVGVsZXBvcnQgd2lsbCBwcm92ZSB1c2VmdWwgZm9yIHF1aWNrIGVzY2FwZXMsIGJ1dCB3aGVyZSB5b3UgbWF5IGVuZCB1cCBpcy4uLiB1bnByZWRpY3RhYmxlLg==,,,,,W0hlbnNvbl0KQSBoYWJpbGlkYWRlIF42NjY2Q0NUZWxlcG9ydGVeMDAwMDAwIHRlbGV0cmFuc3BvcnRhIHZvY8OqIHBhcmEgdW0gbG9jYWwgYWxlYXTDs3JpbyBubyBjYW1wbyBvdSBuYSBjaWRhZGUgZW0gcXVlIHZvY8OqIGVzdMOhIG5vIG1vbWVudG8uIE8gVGVsZXBvcnRlIHNlcsOhIMO6dGlsIHBhcmEgZnVnYXMgcsOhcGlkYXMsIG1hcyBvIGxvY2FsIG9uZGUgdm9jw6ogcG9kZSBzdXJnaXIgw6kuLi4gaW1wcmV2aXPDrXZlbC4=,,W0hlbnNvbl0KTGEgaGFiaWxpZGFkIF42NjY2Q0NUZWxldHJhbnNwb3J0ZV4wMDAwMDAgdGUgdGVsZXRyYW5zcG9ydGEgYSB1biBsdWdhciBhbGVhdG9yaW8gZGVsIGNhbXBvIG8gZGUgbGEgY2l1ZGFkIGVuIGxvcyBxdWUgdGUgZW5jdWVudHJlcy4gVGVsZXRyYW5zcG9ydGUgdGUgcmVzdWx0YXLDoSDDunRpbCBwYXJhIGVzY2FwYXIgcsOhcGlkYW1lbnRlLCBwZXJvIGVsIGx1Z2FyIGRvbmRlIHB1ZWRlcyBhY2FiYXIgZXPigKYgaW1wcmVkZWNpYmxlLg==
0xJ6,,W0hlbnNvbl0KT25jZSB0aGUgVGVsZXBvcnQgc2tpbGwgaXMgbWFzdGVyZWQsIHlvdSBjYW4gVGVsZXBvcnQgdG8gdGhlIGxhdGVzdCBTYXZlIFBvaW50IHRoYXQgeW91IGhhdmUgbWFkZSB3aXRoIGEgS2FmcmEgRW1wbG95ZWUuIEkgZG8gbm90IGtub3cgd2h5IGl0IGlzIHRoYXQgd2F5LCBidXQgdGhlIExvcmQgd29ya3MgaW4gbXlzdGVyaW91cyB3YXlzLg==,,,,,W0hlbnNvbl0KUXVhbmRvIGEgaGFiaWxpZGFkZSBkZSBUZWxlcG9ydGUgZm9yIGRvbWluYWRhLCB2b2PDqiBwb2RlcsOhIHNlIHRlbGV0cmFuc3BvcnRhciBwYXJhIG8gw7psdGltbyBwb250byBkZSBzYWx2YW1lbnRvIHF1ZSB0aXZlciBmZWl0byBjb20gdW1hIEZ1bmNpb27DoXJpYSBLYWZyYS4gTsOjbyBzZWkgcG9yIHF1ZSBhcyBjb2lzYXMgZnVuY2lvbmFtIGRlc3NlIGplaXRvLCBtYXMgRGV1cyB0cmFiYWxoYSBkZSBmb3JtYXMgbWlzdGVyaW9zYXMu,,W0hlbnNvbl0KVW5hIHZleiBkb21pbmFkYSBsYSBoYWJpbGlkYWQgVGVsZXRyYW5zcG9ydGUsIHBvZHLDoXMgdGVsZXRyYW5zcG9ydGFydGUgYWwgw7psdGltbyBwdW50byBkZSBndWFyZGFkbyBxdWUgaGF5YXMgY3JlYWRvIGNvbiB1bmEgZW1wbGVhZGEgZGUgS2FmcmEuIE5vIHPDqSBwb3IgcXXDqSBlcyBhc8OtLCBwZXJvIGxvcyBkaW9zZXMgb2JyYW4gZGUgbWFuZXJhcyBtaXN0ZXJpb3Nhcy4=
1BJ6,,W0hlbnNvbl0KV2hlbiBUZWxlcG9ydCBpcyBtYXN0ZXJlZCwgeW91IGNhbiBhbHNvIGxlYXJuIHRoZSBeNjY2NkNDV2FycCBQb3J0YWxeMDAwMDAwIHNraWxsLiBBc2sgR2FybmV0IGlmIHlvdSB3aXNoIHRvIGtub3cgbW9yZSBhYm91dCBXYXJwIFBvcnRhbC4=,,,,,W0hlbnNvbl0KUXVhbmRvIHZvY8OqIGRvbWluYXIgYSBoYWJpbGlkYWRlIGRlIFRlbGVwb3J0ZSwgdGFtYsOpbSBwb2RlcsOhIGFwcmVuZGVyIGEgaGFiaWxpZGFkZSBeNjY2NkNDUG9ydGFsXjAwMDAwMC4gRmFsZSBjb20gR2FybmV0IHNlIHF1aXNlciBzYWJlciBtYWlzIHNvYnJlIG8gUG9ydGFsLg==,,W0hlbnNvbl0KQ3VhbmRvIGRvbWluZXMgVGVsZXRyYW5zcG9ydGUsIHRhbWJpw6luIHBvZHLDoXMgYXByZW5kZXIgbGEgaGFiaWxpZGFkIF42NjY2Q0NQb3J0YWwgZGUgdGVsZXRyYW5zcG9ydGVeMDAwMDAwLiBQcmVndW50YSBhIEdhcm5ldCBzaSBxdWllcmVzIHNhYmVyIG3DoXMgc29icmUgUG9ydGFsIGRlIHRlbGV0cmFuc3BvcnRlLg==
1RJ6,,W0hlbnNvbl0KSWYgeW91IHdpc2ggdG8gdW5kZXJzdGFuZCBtb3JlIGFib3V0IGFuIEFjb2x5dGUgb3IgUHJpZXN0IHNraWxsLCB5b3UgYXJlIHdlbGNvbWUgdG8gdmlzaXQgbWUgYXQgYW55IHRpbWUu,,,,,W0hlbnNvbl0KU2Ugdm9jw6ogcXVpc2VyIHNhYmVyIG1haXMgc29icmUgYXMgaGFiaWxpZGFkZXMgZGUgTm92acOnbyBvdSBTYWNlcmRvdGUsIHBvZGUgZmFsYXIgY29taWdvIHF1YW5kbyAJcXVpc2VyLg==,,W0hlbnNvbl0KU2kgcXVpZXJlcyBzYWJlciBtw6FzIHNvYnJlIHVuYSBoYWJpbGlkYWQgZGUgQWPDs2xpdG8gbyBTYWNlcmRvdGUsIHB1ZWRlcyB2aXNpdGFybWUgZW4gY3VhbHF1aWVyIG1vbWVudG8u
1hJ6,,U29sZGllcg==,,,,,U29sZGFkbw==,,U29sZGllcg==
1xJ6,,W1NvbGRpZXJdCkgtaGV5IQpXaGF0IGFyZQp5b3UgZG9pbmcgaGVyZT8h,,,,,KFNvbGRhZG8pCkUtZWkhCk8gcXVlIGVzdMOhCmZhemVuZG8gYXF1aT8h,,W1JlY2x1dGFdCsKhTy1veWXigKYhCsKhwr9RdcOpIApoYWNlcyBhcXXDrT8h
2BJ6,,W1NvbGRpZXJdCkRvbid0IHlvdSBrbm93IHRoZXJlJ3MgYSBEZW1vbiBsaXZpbmcgaW4gdGhpcyBmb3Jlc3Q/ISBJIGNhbid0IGd1YXJhbnRlZSB5b3VyIHNhZmV0eQppZiB5b3UgZ28gaW4h,,,,,W1NvbGRhZG9dCk7Do28gc2FiZSBxdWUgaMOhIHVtIGRlbcO0bmlvIHF1ZSBtb3JhIG5lc3RhIGZsb3Jlc3RhPyEgTsOjbyBwb3NzbyBnYXJhbnRpciBzdWEgc2VndXJhbsOnYQpzZSB2b2PDqiBlbnRyYXIh,,W1JlY2x1dGFdCsKhwr9ObyBzYWJlcyBxdWUgaGF5IHVuIERlbW9uaW8gdml2aWVuZG8gZW4gZXN0ZSBib3NxdWU/ISDCoU5vIHB1ZWRvIGdhcmFudGl6YXIgdHUgc2VndXJpZGFkCnNpIGVudHJhcyE=
2RJ6,,W1NvbGRpZXJdCipTaWdoLi4uKiBUaGUgbGFzdCBndXkgdGhhdCBlbnRlcmVkIHRoaXMgcGxhY2UgaGFzbid0IGNvbWUgYmFjayBhdCBhbGwuIEhlIGRpZG4ndCBsaXN0ZW4gdG8gbWUgYW5kIHdlbnQgaW4gdG8gZ2F0aGVyIEhlcmJzIG9yIHNvbWV0aGluZyBkdW1iIGxpa2UgdGhhdC4uLg==,,,,,W1NvbGRhZG9dCipTdXNwaXJvKiBPIMO6bHRpbW8gY2FyYSBxdWUgZW50cm91IGHDrSBuw6NvIHZvbHRvdSBtYWlzLiBFbGUgbsOjbyBtZSBkZXUgb3V2aWRvcyBlIGVudHJvdSBwYXJhIGNvbGhlciBlcnZhcyBvdSBhbGdvIGFzc2ltLi4u,,W1JlY2x1dGFdCipTdXNwaXJh4oCmKiBMYSDDumx0aW1hIHBlcnNvbmEgcXVlIGVudHLDsyBlbiBlc3RlIGx1Z2FyIGphbcOhcyB2b2x2acOzLiBObyBtZSBoaXpvIGNhc28geSBmdWUgYSByZWNvZ2VyIEhpZXJiYXMgbyBhbGdvIGFzw60gZGUgdG9udG/igKY=
2hJ6,,W1NvbGRpZXJdCldoYWFhYXQgYSBzdHVwaWQgZ3V5LiBXaHkgd291bGQgYW55b25lIHdhbnQgdG8gdGhyb3cgaGlzIGxpZmUgYXdheSBqdXN0IHRvIGNvbGxlY3Qgc29tZSBzaWxseSBIZXJicz8=,,,,,W1NvbGRhZG9dLgpRdWUgY2FyYSBtYWlzIGlkaW90YS4gUG9yIHF1ZSBhbGd1w6ltIGlyaWEgcXVlcmVyIGpvZ2FyIGEgdmlkYSBmb3JhIGFwZW5hcyBwYXJhIGNvbGhlciB1bWFzIGVydmFzIGJvYmFzPw==,,W1JlY2x1dGFdCsKhUXXDqSB0aXBvIG3DoXMgZXN0w7pwaWRvISDCv1BvciBxdcOpIHF1ZXJyw61hIGFsZ3VpZW4gdGlyYXIgc3UgdmlkYSBwb3IgbGEgYm9yZGEgc29sbyBwYXJhIHJlY29sZWN0YXIgdW5hcyB0b250YXMgSGllcmJhcz8=
