AOJXBw,,SGlzaGllaA==,,,,,SGlzaWU=,,SGlzaGllaA==
AeJXBw,,W0hpc2hpZWhdCkNhbiB3ZSByZWFsbHkgbGVhcm4gdGhlIHRydXRoIGFib3V0IHRoZSBEZW1vbiBHb2QgaW4gdGhpcyBwbGFjZT8KSXQncyBmaWxsZWQgd2l0aCBjcmVhdHVyZXMgSSd2ZSBuZXZlciBzZWVuLg==,,,,,W0hpc2llXQpFc3NlIGx1Z2FyIHBvZGUgbWVzbW8gbm9zIHJldmVsYXIgYSB2ZXJkYWRlIHNvYnJlIG8gUmVpIERlbW9uw61hY28/CiDDiSByZXBsZXRvIGRlIGNyaWF0dXJhcyBxdWUgZXUgbnVuY2Egdmku,,W0hpc2hpZWhdCsK/RGUgdmVyZGFkIHBvZHJlbW9zIGRlc2N1YnJpciBsYSB2ZXJkYWQgc29icmUgZWwgZGlvcyBEZW1vbmlvIGVuIGVzdGUgbHVnYXI/CkVzdMOhIHJlcGxldG8gZGUgY3JpYXR1cmFzIHF1ZSBqYW3DoXMgdmku
AuJXBw,,W0hpc2hpZWhdCkNyZWVweS4uLg==,,,,,W0hpc2llXQpBc3N1c3RhZG9yLi4u,,W0hpc2hpZWhdCkVzcGVsdXpuYW50ZeKApg==
A+JXBw,,W0hpc2hpZWhdClRoZSBpbnN0aWdhdG9yIG9mIGFsbCB0aGUgYmFkIHRoaW5ncyBpcyByZWFsbHkgaGlkaW5nIG91dCBpbiBoZXJlLCBodWg/CkhvdyBleGNpdGluZyE=,,,,,W0hpc2llXQpBcXVlbGUgcXVlIGNhdXNvdSB0b2RhcyBlc3NhcyBjb2lzYXMgcnVpbnMgZXN0w6EgbWVzbW8gc2UgZXNjb25kZW5kbyBhcXVpLCBow6M/ClF1ZSBlbXBvbGdhbnRlIQ==,,W0hpc2hpZWhdCkVudG9uY2VzLCBhcXXDrSBzZSBlc2NvbmRlIGVsIGluc3RpZ2Fkb3IgZGVsIG1hbCwgwr9ubz8KwqFRdcOpIGVtb2Npb25hbnRlIQ==
BOJXBw,,W0hpc2hpZWhdCk9oLCB3aHkgYW0gSSBoZXJlPwpJIGNhbWUgb24gS2FyJ3MgYmVoYWxmLgpIZSBjYW4ndCBsZWF2ZSBFY2xhZ2Ugd2hpbGUgc3VwcGx5aW5nIGl0IHdpdGggbWFuYSB0aGF0IHRoZSBvcmIgY2FuJ3Qu,,,,,W0hpc2llXQpPaCwgcG9yIHF1ZSBlc3RvdSBhcXVpPwpFdSB2aW0gbm8gbHVnYXIgZG8gS2FyLgpFbGUgbsOjbyBwb2RlIHNhaXIgZGUgRWNsYWdlIGVucXVhbnRvIGVzdGl2ZXIgZm9ybmVjZW5kbyBvIG1hbmEgcXVlIGEgZXNmZXJhIG7Do28gw6kgY2FwYXogZGUgcHJvdmVyLg==,,W0hpc2hpZWhdCsK/RWg/IMK/UG9yIHF1w6kgZXN0b3kgYXF1w60/ClZpbmUgZW4gbm9tYnJlIGRlIEthci4KTm8gcG9kcsOhIGlyc2UgZGUgRWNsYWdlIG1pZW50cmFzIGxlIGVzdMOpIGJyaW5kYWRvIGVsIG1hbsOhIHF1ZSBlbCBvcmJlIG5vIHB1ZWRlIGRhcmxlLg==
BeJXBw,,W0hpc2hpZWhdCk91ciBwcmlvcml0aWVzIGxpZSB3aXRoIFlnZ2RyYXNpbCBhbmQgaGVyIEd1YXJkaWFuLgpQbHVzLCB3ZSByZWFsbHkgY2FuJ3QgYWZmb3JkIHRvIGxvc2UgdGhlIG5ld2Jvcm4gTWF5b3Iu,,,,,W0hpc2llXQpOb3NzYXMgcHJpb3JpZGFkZXMgc8OjbyBZZ2dkcmFzaWwgZSBzdWEgR3VhcmRpw6MuCkFsw6ltIGRvIG1haXMsIG7Ds3MgbsOjbyBwb2RlbW9zIGNvcnJlciBvIHJpc2NvIGRlIHBlcmRlciBvIG5vdm8gUHJlZmVpdG8u,,W0hpc2hpZWhdCk51ZXN0cmEgcHJpb3JpZGFkIGVzIFlnZ2RyYXNpbCB5IHN1IEd1YXJkaWFuYS4KQWRlbcOhcywgbm8gcG9kZW1vcyBkYXJub3MgZWwgbHVqbyBkZSBwZXJkZXIgYWwgYWxjYWxkZSByZWNpw6luIG5hY2lkby4=
BuJXBw,,W0hpc2hpZWhdCkkgd2FzIGFibGUgdG8gcGVyc3VhZGUgdGhlIEVsZGVycyB0byBsZXQgbWUgY29tbWFuZCB0aGUgYXJteSwKYnV0IEknbSBzdGlsbCBhIGNvbW1hbmRlciBpbiBuYW1lIG9ubHku,,,,,W0hpc2llXQpFdSBmdWkgY2FwYXogZGUgcGVyc3VhZGlyIG9zIEFuY2nDo29zIGEgbWUgZGVpeGFyIGNvbWFuZGFyIGVzc2UgZXjDqXJjaXRvLAptYXMgYWluZGEgc291IHVtIGNvbWFuZGFudGUgc8OzIG5vIG5vbWUu,,W0hpc2hpZWhdCkxvZ3LDqSBwZXJzdWFkaXIgYSBsb3MgQW5jaWFub3MgcGFyYSBxdWUgbWUgcGVybWl0aWVyYW4gZGlyaWdpciBlbCBlasOpcmNpdG8sCnBlcm8gc29sbyBzb3kgY29tYW5kYW50ZSBkZSBwYWxhYnJhLg==
B+JXBw,,V2hhdCBoYXBwZW5lZCB0byBBdmFudD8=,,,,,TyBxdWUgYWNvbnRlY2V1IGNvbSBBdmFudD8=,,wr9RdcOpIGxlIHBhc8OzIGEgQXZhbnQ/
COJXBw,,W0hpc2hpZWhdCkhtLi4uCldlJ3JlIHVzaW5nIGhpcyBrbm93bGVkZ2UuCldlIGNvdWxkIGhhdmUga2lsbGVkIGhpbSwgYnV0IHRoYXQgd291bGQndmUgYmVlbiB0b28gZWFzeS4=,,,,,W0hpc2llXQpIdW0uLi4KRXN0YW1vcyB1c2FuZG8gbyBjb25oZWNpbWVudG8gZGVsZS4KUG9kZXLDrWFtb3MgdMOqLWxvIG1hdGFkbywgbWFzIHRlcmlhIHNpZG8gZsOhY2lsIGRlbWFpcy4=,,W0hpc2hpZWhdCk1tbeKApgpFc3RhbW9zIHVzYW5kbyBzdXMgY29ub2NpbWllbnRvcy4KTG8gcG9kcsOtYW1vcyBoYWJlciBtYXRhZG8sIHBlcm8gaHViaWVyYSBzaWRvIGRlbWFzaWFkbyBmw6FjaWwu
CeJXBw,,W0hpc2hpZWhdCkl0J3MgYSBraW5kIG9mIHJldmVuZ2UgSSBndWVzcywgaHVoLgpBZnRlciBhbGwsIGhpcyBvbmx5IHRyYW5zZ3Jlc3Npb24gaXMgdGhhdCBoZSBsb3ZlcyBoaXMgc2NpZW5jZSB0b28gbXVjaC4=,,,,,W0hpc2llXQogw4kgdW1hIGVzcMOpY2llIGRlIHZpbmdhbsOnYSwgYWNoby4KTm8gZmluYWwgZGFzIGNvbnRhcywgc2V1IMO6bmljbyBjcmltZSBmb2kgYW1hciBkZW1haXMgYSBjacOqbmNpYS4=,,W0hpc2hpZWhdCkVoLCBzdXBvbmdvIHF1ZSBlcyB1bmEgZXNwZWNpZSBkZSB2ZW5nYW56YS4KQSBmaW4gZGUgY3VlbnRhcywgc3Ugw7puaWNvIGNyaW1lbiBlcyBhbWFyIGRlbWFzaWFkbyBsYSBjaWVuY2lhLg==
CuJXBw,,W0hpc2hpZWhdCkV2ZW4gdGhlIEVsZGVycyBhY2tub3dsZWRnZWQgaGlzIHRhbGVudCBhbmQgZGVjaWRlZCB0byBzYXZlIGhpcyBsaWZlLgpBYm92ZSBhbGwuLi4=,,,,,W0hpc2llXQpBdMOpIG9zIEFuY2nDo29zIHBlcmNlYmVyYW0gc2V1IHRhbGVudG8gZSBkZWNpZGlyYW0gc2FsdmFyIHN1YSB2aWRhLgpFIGFjaW1hIGRlIHR1ZG8uLi4=,,W0hpc2hpZWhdCkhhc3RhIGxvcyBBbmNpYW5vcyByZWNvbm9jZW4gc3UgdGFsZW50byB5IGRlY2lkaWVyb24gc2FsdmFybGUgbGEgdmlkYS4KUG9yIHNvYnJlIHRvZGFzIGxhcyBjb3Nhc+KApg==
C+JXBw,,W0hpc2hpZWhdCihMb3dlcmluZyBoaXMgdm9pY2UpCk5vIG9uZSBlbHNlIGtub3dzIHRoZSBvcmIncyBtYW5hIGhhcyBiZWVuIHN0b2xlbi4KQXMgZmFyIGFzIG90aGVycyBrbm93LCBBdmFudCdzIG9ubHkgcmVzcG9uc2libGUgZm9yIG1lIGFuZCBLYXIu,,,,,W0hpc2llXQooQWJhaXhhbmRvIG8gdG9tIGRlIHZveikKTmluZ3XDqW0gbWFpcyBzYWJlIHF1ZSBhcyBlc2ZlcmFzIGRlIG1hbmEgZm9pIHJvdWJhZG8uCkF0w6kgb25kZSBvcyBvdXRyb3Mgc2FiZW0sIEF2YW50IHPDsyDDqSByZXNwb25zw6F2ZWwgcG9yIG1pbSBlIHBvciBLYXIu,,W0hpc2hpZWhdCihCYWphIGxhIHZveikuCk5hZGllIG3DoXMgc2FiZSBxdWUgc2Ugcm9iYXJvbiBlbCBtYW7DoSBkZWwgb3JiZS4KSGFzdGEgZG9uZGUgc2FiZW4gbG9zIGRlbcOhcywgQXZhbnQgc29sbyBlcyByZXNwb25zYWJsZSBwb3IgS2FyIHkgeW8u
DOJXBw,,W0hpc2hpZWhdCkF2YW50J3Mgb3ZlciB0aGVyZS4gWW91IGNhbiBhc2sgaGltIHF1ZXN0aW9ucyBpZiB5b3UnZCBsaWtlLgpIYWggaGFoLiA=,,,,,W0hpc2llXQpBdmFudCBlc3TDoSBhbGkuIFZvY8OqIHBvZGUgZmF6ZXIgcGVyZ3VudGFzIHBhcmEgZWxlLCBzZSBxdWlzZXIuCkhhIGhhLiA=,,W0hpc2hpZWhdCkF2YW50IGVzdMOhIHBvciBhbGzDrS4gU2kgcXVpZXJlcywgcHVlZGVzIGhhY2VybGUgcHJlZ3VudGFzLgpKYSwgamEuIA==
DeJXBw,,W0hpc2hpZWhdCk5vdCBhbGwgdGhlIHN0cmF5IGdsb2JlcyBvZiBtYW5hIGZyb20gdGhlIG9yYiBoYXZlIGJlZW4gcmV0cmlldmVkLAp0aG91Z2ggd2UncmUgbWFraW5nIHByb2dyZXNzLgpJJ2xsIGFwcHJlY2lhdGUgaWYgeW91IGNhbiBjb21lIGJhY2sgdG9tb3Jyb3cgYW5kIGhlbHAgdXMgYWdhaW4u,,,,,W0hpc2llXQpOZW0gdG9kb3Mgb3MgZ2xvYm9zIHBlcmRpZG9zIGRlIG1hbmEgcHJvdmVuaWVudGVzIGRhIGVzZmVyYSBmb3JhbSByZWN1cGVyYWRvcywKbWFzIGVzdGFtb3MgcHJvZ3JlZGluZG8uClZvdSBhZ3JhZGVjZXIgc2Ugdm9jw6ogcHVkZXIgdm9sdGFyIGFtYW5ow6MgZSBub3MgYWp1ZGFyIG5vdmFtZW50ZS4=,,W0hpc2hpZWhdCk5vIHNlIHJlY3VwZXJhcm9uIHRvZGFzIGxhcyBlc2ZlcmFzIGRlIG1hbsOhIGV4dHJhdmlhZGFzIGRlbCBvcmJlLApwZXJvIGVzdGFtb3MgYXZhbnphbmRvLgpBZ3JhZGVjZXLDrWEgcXVlIHZ1ZWx2YXMgbWHDsWFuYSB5IG5vcyBzaWdhcyBheXVkYW5kby4=
DuJXBw,,W0hpc2hpZWhdCklmIHlvdSdyZSBwbGFubmluZyB0byByZWVudGVyIHRoZSBUZW1wbGUgb2YgdGhlIERlbW9uIEdvZCwgdGhlbiBJJ2QgbGlrZSB0byBhc2sgeW91IGEgZmF2b3IuClllcywgaXQncyB0aGUgc2FtZSB0aGluZyBJIGFza2VkIHlvdSBiZWZvcmU6CnJldHVybiB0aGUgbWFuYS4=,,,,,W0hpc2llXQpTZSB2b2PDqiBlc3RpdmVyIHBsYW5lamFuZG8gZW50cmFyIGRlIG5vdm8gbm8gVGVtcGxvIGRvIFJlaSBEZW1vbsOtYWNvLCBnb3N0YXJpYSBkZSBwZWRpciB1bSBmYXZvci4KU2ltLCDDqSBhIG1lc21hIGNvaXNhIHF1ZSB0ZSBwZWRpIGFudGVzOgp0cmFnYSBvIG1hbmEgZGUgdm9sdGEu,,W0hpc2hpZWhdClNpIHBsYW5lYXMgdm9sdmVyIGEgZW50cmFyIGFsIFRlbXBsbyBkZWwgZGlvcyBEZW1vbmlvLCBxdWlzaWVyYSBwZWRpcnRlIHVuIGZhdm9yLgpTw60sIGVzIGxvIG1pc21vIHF1ZSB0ZSBwZWTDrSBhbnRlczoKcmVjdXBlcmEgZWwgbWFuw6Eu
D+JXBw,,W0hpc2hpZWhdClRhbGsgdG8gbWUgYWdhaW4gaWYgeW91IHdhbnQgdG8gaGVscCB1cy4=,,,,,W0hpc2llXQpGYWxlIGNvbWlnbyBkZSBub3ZvIHNlIHZvY8OqIHF1aXNlciBub3MgYWp1ZGFyLg==,,W0hpc2hpZWhdCkjDoWJsYW1lIG90cmEgdmV6IHNpIHF1aWVyZXMgYXl1ZGFybm9zLg==
EOJXBw,,W0hpc2hpZWhdCkFsbCB5b3UgaGF2ZSB0byBkbyBpcyBqdXN0IGhpdCBhbmQgZGlzcGVyc2UgdGhlIG1vdmluZyBnbG9iZXMgb2YgbWFuYSBpbiB0aGUgVGVtcGxlIG9mIHRoZSBEZW1vbiBHb2QuClRoZW4gdGhlIG1hbmEgd2lsbCBiZSByZXR1cm5lZCB0byBZZ2dkcmFzaWwu,,,,,W0hpc2llXQpUdWRvIG8gcXVlIHZvY8OqIHByZWNpc2EgZmF6ZXIgw6kgYWNlcnRhciBlIGRpc3BlcnNhciBvcyBnbG9ib3MgdmFnYW50ZXMgZGUgbWFuYSBubyBUZW1wbG8gZG8gUmVpIERlbW9uw61hY28uCkVudMOjbyBvIG1hbmEgc2Vyw6EgZGV2b2x2aWRvIGEgWWdnZHJhc2lsLg==,,W0hpc2hpZWhdCkxvIMO6bmljbyBxdWUgdGllbmVzIHF1ZSBoYWNlciBlcyBnb2xwZWFyIHkgZGlzcGVyc2FyIGxhcyBlc2ZlcmFzIGRlIG1hbsOhIHF1ZSBzZSBtdWV2ZW4gcG9yIGVsIFRlbXBsbyBkZWwgZGlvcyBEZW1vbmlvLgpBc8OtIGVsIG1hbsOhIHJlZ3Jlc2Fyw6EgYSBZZ2dkcmFzaWwu
EeJXBw,,W0hpc2hpZWhdCklmIHlvdSBmaW5kIHNvbGlkaWZpZWQsIGltbW9iaWxlIG1hbmEsIGp1c3QgYWJzb3JiIHRoZW0KYnkgdG91Y2hpbmcgaXQu,,,,,W0hpc2llXQpTZSB2b2PDqiBlbmNvbnRyYXIgbWFuYSBzb2xpZGlmaWNhZG8gZSBpbcOzdmVsLCBhcGVuYXMgbyBhYnNvcnZhCmFvIHRvY8OhLWxvLg==,,W0hpc2hpZWhdClNpIGVuY3VlbnRyYXMgbWFuw6Egc8OzbGlkbyBlIGlubcOzdmlsLCBwdWVkZXMgdG9jYXJsbwpwYXJhIGFic29yYmVybG8u
EuJXBw,,W0hpc2hpZWhdCkl0J3Mgbm8gbG9uZ2VyIHVzZWZ1bCBmb3IgdXMsIGJ1dCB0aGlzIGlzIGZvciB5b3UKdG8gZmlnaHQgdGhlIERlbW9ucy4=,,,,,W0hpc2llXQpOw6NvIMOpIG1haXMgw7p0aWwgcGFyYSBuw7NzLCBtYXMgc2VydmUgcGFyYSB2b2PDqiAKbHV0YXIgY29tIG9zIERlbcO0bmlvcy4=,,W0hpc2hpZWhdCkEgbm9zb3Ryb3MgeWEgbm8gbm9zIHNpcnZlLCBwZXJvIHRvbWEgZXN0bwpwYXJhIGx1Y2hhciBjb250cmEgbG9zIGRlbW9uaW9zLg==
E+JXBw,,W0hpc2hpZWhdCkdvb2Qgam9iIQpJJ3ZlIGZlbHQgdGhlIG1hbmEgcmV0dXJuaW5nLgpZb3UgZGlkIGdyZWF0LiBLYXIgd2lsbCBiZSBleGNpdGVkIQ==,,,,,W0hpc2llXQpCb20gdHJhYmFsaG8hCkV1IHNlbnRpIG8gbWFuYSByZXRvcm5hbmRvLgpWb2PDqiBzZSBzYWl1IG11aXRvIGJlbS4gS2FyIGZpY2Fyw6EgZW1wb2xnYWRvIQ==,,W0hpc2hpZWhdCsKhQnVlbiB0cmFiYWpvIQpTZW50w60gY8OzbW8gcmVncmVzw7MgZWwgbWFuw6EuCkxvIGhpY2lzdGUgbXV5IGJpZW4uIMKhS2FyIHNlIHZhIGEgZW1vY2lvbmFyIG11Y2hvIQ==
FOJXBw,,W0hpc2hpZWhdClRoaXMgaXNuJ3QgbXVjaCwgYnV0IEkgd2FudCB5b3UgdG8gaGF2ZSBpdC4KSG9wZSB5b3UnbGwgbGlrZSBpdC4KQSBzdWJzdGFudGlhbCBhbW91bnQgb2YgbWFuYSBoYXMgYmVlbiBsZWFrZWQgb3V0IG9mIHRoZSBvcmIu,,,,,W0hpc2llXQpOw6NvIMOpIG11aXRvLCBtYXMgcXVlcm8gcXVlIHZvY8OqIGZpcXVlIGNvbSBpc3NvLgpFc3Blcm8gcXVlIGdvc3RlLgpVbWEgcXVhbnRpZGFkZSBzdWJzdGFuY2lvc2EgZGUgbWFuYSB2YXpvdSBkYSBlc2ZlcmEu,,W0hpc2hpZWhdCk5vIGVzIGdyYW4gY29zYSwgcGVybyBxdWllcm8gZGFydGUgZXN0by4KRXNwZXJvIHF1ZSB0ZSBndXN0ZS4KU2UgZmlsdHLDsyB1bmEgY2FudGlkYWQgaW1wb3J0YW50ZSBkZSBtYW7DoSBkZWwgb3JiZS4=
FeJXBw,,W0hpc2hpZWhdCklmIHlvdSdyZSBwbGFubmluZyB0byByZWVudGVyIHRoZSBUZW1wbGUgb2YgdGhlIERlbW9uIEdvZCwgdGhlbiBwbGVhc2UgbG9vayBmb3IgbW9yZSBtYW5hIGdsb2Jlcy4KWW91IHNob3VsZCBnbyByZXN0IGZvciBub3cu,,,,,W0hpc2llXQpTZSB2b2PDqiBlc3RpdmVyIHBsYW5lamFuZG8gZW50cmFyIG5vIFRlbXBsbyBkbyBSZWkgRGVtb27DrWFjbyBub3ZhbWVudGUsIHBvciBmYXZvciwgcHJvY3VyZSBwb3IgbWFpcyBnbG9ib3MgZGUgbWFuYS4KIMOJIG1lbGhvciB2b2PDqiBkZXNjYW5zYXIgYWdvcmEu,,W0hpc2hpZWhdClNpIHBsYW5lYXMgdm9sdmVyIGEgZW50cmFyIGFsIFRlbXBsbyBkZWwgZGlvcyBEZW1vbmlvLCBidXNjYSBtw6FzIGVzZmVyYXMgZGUgbWFuw6EuCkFob3JhIGRlYmVyw61hcyBkZXNjYW5zYXIgdW4gcmF0by4=
FuJXBw,,W0hpc2hpZWhdClRoZSBUZW1wbGUgb2YgdGhlIERlbW9uIEdvZCwgaHVoPyBPa2F5LCB3ZWxsIGlmIHlvdSBmaW5kIHN0cmF5IG1hbmEgZnJvbSB0aGUgb3JiIGluIHRoZXJlLCBjb3VsZCB5b3UgdGFrZSBjYXJlIG9mIGl0PwpJIGRvbid0IGtub3cgd2hhdCBraW5kIG9mIHNoYXBlIHRoZSBtYW5hIGlzIHRha2luZyBhdCB0aGUgbW9tZW50LCBidXQgeW91IHdvbid0IG1pc3Rha2UgaXQgZm9yIGFueXRoaW5nIGVsc2Uu,,,,,W0hpc2llXQpPIFRlbXBsbyBkbyBSZWkgRGVtb27DrWFjbywgaGVpbj8gT0ssIGJvbSwgc2Ugdm9jw6ogYWNoYXIgbWFuYSBkYSBlc2ZlcmEgcGVyZGlkbyBwb3IgbMOhLCBwb2RlIGxpZGFyIGNvbSBpc3NvPwpFdSBuw6NvIHNlaSBxdWUgZm9ybWEgbyBtYW5hIGVzdMOhIHRvbWFuZG8gbm8gbW9tZW50bywgbWFzIHNlcsOhIGluY29uZnVuZMOtdmVsLg==,,W0hpc2hpZWhdCkVsIFRlbXBsbyBkZWwgZGlvcyBEZW1vbmlvLCDCv2VoPyBCdWVubywgc2kgZW5jdWVudHJhcyBlbCBtYW7DoSBleHRyYXZpYWRvIGRlbCBvcmJlIGFkZW50cm8sIMK/cG9kcsOtYXMgZW5jYXJnYXJ0ZT8KTm8gc8OpIHF1w6kgZm9ybWEgdGllbmUgZWwgbWFuw6EgZW4gZXN0ZSBtb21lbnRvLCBwZXJvIG5vIHBvZHLDoXMgY29uZnVuZGlybG8gY29uIG5hZGEgbcOhcy4=
F+JXBw,,W0hpc2hpZWhdCklmIHlvdSBmaW5kIHN0cmF5IG1hbmEgZnJvbSB0aGUgb3JiLCB0aGVuIHBsZWFzZSBoaXQgYW5kIGRpc3BlcnNlIGl0LgpJdCdsbCBmaW5kIGl0cyB3YXkgYmFjayB0byBZZ2dkcmFzaWwgYW5kIHRoZSBvcmIuCkNhbiB5b3UgZG8gdGhhdCBmb3IgdXM/,,,,,W0hpc2llXQpTZSB2b2PDqiBhY2hhciBtYW5hIGRhIGVzZmVyYSBwZXJkaWRvLCBwb3IgZmF2b3IsIGFjZXJ0ZS1vIGUgZGlzcGVyc2Utby4KRWxlIHZhaSBlbmNvbnRyYXIgbyBjYW1pbmhvIGRlIHZvbHRhIGEgWWdnZHJhc2lsIGUgw6AgZXNmZXJhLgpWb2PDqiBwb2RlIGZhemVyIGlzc28gcG9yIG7Ds3M/,,W0hpc2hpZWhdClNpIGVuY3VlbnRyYXMgZWwgbWFuw6EgZXh0cmF2aWFkbyBkZWwgb3JiZSwgZ29scMOpYWxvIHBhcmEgcXVlIHNlIGRpc3BlcnNlLgpFbmNvbnRyYXLDoSBlbCBjYW1pbm8gcGFyYSByZWdyZXNhciBhIFlnZ2RyYXNpbCB5IGFsIG9yYmUuCsK/UG9kcsOtYXMgaGFjZXJub3MgZXNlIGZhdm9yPw==
GOJXBw,,R2xhZGx5Lg==,,,,,Q29tIHByYXplci4=,,Q29uIG11Y2hvIGd1c3RvLg==
GeJXBw,,U29ycnku,,,,,RGVzY3VscGUu,,TG8gc2llbnRvLg==
GuJXBw,,W0hpc2hpZWhdCkkgb3dlIHlvdSBzbyBtdWNoLApJIGRvbid0IGtub3cgaG93IHRvIHJlcGF5IHlvdS4KVGhhbmsgeW91Lg==,,,,,W0hpc2llXQpFdSBkZXZvIHRhbnRvIGEgdm9jw6osCm7Do28gc2VpIGNvbW8gcmV0cmlidWlyLgpPYnJpZ2Fkby4=,,W0hpc2hpZWhdClRlIGRlYm8gZGVtYXNpYWRvLApubyBzw6kgY8OzbW8gYWdyYWRlY2VydGUuCkdyYWNpYXMu
G+JXBw,,W0hpc2hpZWhdClBsZWFzZSByZWxlYXNlIDMgQnJpbGxpYW50IE1hbmFzLCAzIExpZmUgTWFuYXMsIGFuZCAzIEVhcnRoIE1hbmFzLgpJJ2xsIGJlIGNvdW50aW5nIG9uIHlvdS4KQ29tZSBiYWNrIHNhZmVseSwgeW91IGhlYXI/,,,,,W0hpc2llXQpQb3IgZmF2b3IsIGxpYmVyZSAzIE1hbmFzIEJyaWxoYW50ZXMsIDMgTWFuYXMgVml0YWlzIGUgMyBNYW5hcyBkYSBUZXJyYS4KRXN0b3UgY29udGFuZG8gY29tIHZvY8OqLgpWb2x0ZSBzw6NvIGUgc2Fsdm8sIHTDoSBsZWdhbD8=,,W0hpc2hpZWhdCkxpYmVyYSAzTWFuw6FzIGJyaWxsYW50ZXMsIDNNYW7DoXMgZGUgdmlkYSB5IDNNYW7DoXMgZGUgdGllcnJhLgpDdWVudG8gY29udGlnby4KVnVlbHZlIHNpbiB1biByYXNndcOxbywgwr9tZSBvw61zdGU/
HOJXBw,,W0hpc2hpZWhdCk5vIHdvcnJpZXMuCkknbGwgYXNrIHNvbWVvbmUgZWxzZS4KV2UncmUgZ29vZC4=,,,,,W0hpc2llXQpTZW0gcHJvYmxlbWEuClZvdSBwZWRpciBwYXJhIG91dHJhIHBlc3NvYS4KVHVkbyBiZW0u,,W0hpc2hpZWhdCk5vIHRlIHByZW9jdXBlcy4KU2UgbG8gcGVkaXLDqSBhIG90cmEgcGVyc29uYS4KRXN0YW1vcyBiaWVuLg==
HeJXBw,,W0hpc2hpZWhdCkF2YW50IGtub3dzIGFib3V0IHRoZSBvcmIncyBtYW5hIGJldHRlciB0aGFuIGFueW9uZSBlbHNlLgpFdmVuIEthciBhbmQgSSBjYW4gYmFyZWx5IHN0YW5kIEF2YW50LCBidXQgaGUgcmVhbGx5IG5lZWRzIHlvdXIgaGVscC4=,,,,,W0hpc2llXQpBdmFudCBzYWJlIG1haXMgc29icmUgYXMgZXNmZXJhcyBkZSBtYW5hIHF1ZSBxdWFscXVlciBvdXRyby4KQXTDqSBLYXIgZSBldSBtYWwgYWd1ZW50YW1vcyBvIEF2YW50LCBtYXMgZWxlIHByZWNpc2EgbWVzbW8gZGEgc3VhIGFqdWRhLg==,,W0hpc2hpZWhdCkF2YW50IGNvbm9jZSBlbCBtYW7DoSBkZWwgb3JiZSBtZWpvciBxdWUgbmFkaWUuCk5pIEthciBuaSB5byBzb3BvcnRhbW9zIGRlbCB0b2RvIGEgQXZhbnQsIHBlcm8gbmVjZXNpdGEgdHUgYXl1ZGEu
HuJXBw,,W0hpc2hpZWhdClRoaXMgaXNuJ3QganVzdCBhYm91dCBjb2xsZWN0aW5nIHRoZSBvcmIncyBtYW5hLCBidXQgYWxzbyBoYXMgdG8gZG8gd2l0aCB0aGUgRGVtb24gR29kLgpNb3N0IG9mIG15IGtpbnNtZW4gZG9uJ3Qga25vdyB5ZXQgdGhlIG9yYidzIGNvcmUgbWFuYSBoYXMgYmVlbiBzdG9sZW4u,,,,,W0hpc2llXQpJc3NvIG7Do28gw6kgc8OzIGNvbGV0YXIgYXMgZXNmZXJhcyBkZSBtYW5hLCBtYXMgdGFtYsOpbSB0ZW0gYSB2ZXIgY29tIG8gUmVpIERlbW9uw61hY28uCkEgbWFpb3JpYSBkb3MgbWV1cyBzZW1lbGhhbnRlcyBhaW5kYSBuw6NvIHNhYmUgcXVlIG8gbWFuYSBwcmluY2lwYWwgZGEgZXNmZXJhIGZvaSByb3ViYWRvLg==,,W0hpc2hpZWhdCk5vIHNlIHRyYXRhIHNvbG8gZGUgcmVjb2xlY3RhciBlbCBtYW7DoSBkZWwgb3JiZSwgc2lubyBxdWUgdGFtYmnDqW4gZXN0w6EgcmVsYWNpb25hZG8gY29uIGVsIGRpb3MgRGVtb25pby4KTGEgbWF5b3LDrWEgZGUgbWlzIHBhaXNhbm9zIGHDum4gbm8gc2FiZW4gcXVlIGFsZ3VpZW4gc2Ugcm9iw7MgZWwgbWFuw6EgcHJpbmNpcGFsIGRlbCBvcmJlLg==
H+JXBw,,W0hpc2hpZWhdCkFuZCBJIHdhbnQgdG8ga2VlcCBpdCB0aGF0IHdheS4KUGxlYXNlIGhlbHAgdXMuCkthciBhbmQgSSByZWFsbHkgbmVlZCB5b3Uu,,,,,W0hpc2llXQpFIGV1IHF1ZXJvIHF1ZSBjb250aW51ZSBhc3NpbS4KUG9yIGZhdm9yLCBub3MgYWp1ZGUuCkthciBlIGV1IHByZWNpc2Ftb3MgbXVpdG8gZGUgdm9jw6ou,,W0hpc2hpZWhdClkgcXVpZXJvIHF1ZSBzaWdhIHNpZW5kbyBhc8OtLgpBecO6ZGFub3MsIHBvciBmYXZvci4KS2FyIHkgeW8gdGUgbmVjZXNpdGFtb3MgZGUgdmVyZGFkLg==
IOJXBw,,W0hpc2hpZWhdCkFyZSB5b3UgZnJvbSB0aGUgSHVtYW4gQWxsaWFuY2U/CkkgZG9uJ3QgcmVtZW1iZXIgYXNraW5nIGZvciB5b3VyIGFzc2lzdGFuY2UsIHlldC4=,,,,,W0hpc2llXQpWb2PDqiDDqSBkYSBBbGlhbsOnYSBIdW1hbmE/Ck7Do28gbWUgbGVtYnJvIGRlIHRlciBwZWRpZG8gc3VhIGFqdWRhIGFpbmRhLg==,,W0hpc2hpZWhdCsK/RXJlcyBwYXJ0ZSBkZSBsYSBBbGlhbnphIGh1bWFuYT8KTm8gcmVjdWVyZG8gaGFiZXJ0ZSBwZWRpZG8gYXl1ZGEsIHRvZGF2w61hLg==
IeJXBw,,W0hpc2hpZWhdCklmIHNvbWV0aGluZyB3ZXJlIHRvIGhhcHBlbiwgSSdkIHNlbmQgd29yZCB0byB5b3VyIGNvbW1hbmRlci1pbi1jaGllZiwgSGliYmEgQWdpcC4=,,,,,W0hpc2llXQpTZSBhbGd1bWEgY29pc2EgZm9zc2UgYWNvbnRlY2VyLCBldSBhdmlzYXJpYSBzZXUgY29tYW5kYW50ZSwgSGliYmEgQWdpcC4=,,W0hpc2hpZWhdClNpIHBhc2FyYSBhbGdvLCBsZSBhdmlzYXLDrWEgYSB0dSBjb21hbmRhbnRlIGdlbmVyYWwsIEhpYmJhIEFnaXAu
IuJXBw,,R3VhcmRpYW4gTmlkaG9nZw==,,,,,R3VhcmRpw6MgTmlkaG9nZw==,,R3VhcmRpYW4gTmlkaG9nZw==
I+JXBw,,W05pZGhvZ2ddClNvb24gd2UnbGwgZmFjZSBhIGRlY2lzaXZlIHdhci4KSSdsbCBkbyBteSBiZXN0IHRvIGZ1bGZpbGwgbXkgZHV0eSBhcyB0aGUgR3VhcmRpYW4u,,,,,W05pZGhvZ2ddCkxvZ28gdmFtb3MgZW5jYXJhciB1bWEgZ3VlcnJhIGRlY2lzaXZhLgpGYXJlaSBvIG1ldSBtZWxob3IgcGFyYSBjdW1wcmlyIG1ldSBkZXZlciBjb21vIEd1YXJkacOjLg==,,W05pZGhvZ2ddClByb250byBlc3RhcmVtb3MgZnJlbnRlIGEgdW5hIGd1ZXJyYSBkZWNpc2l2YS4KSGFyw6kgdG9kbyBsbyBwb3NpYmxlIHBhcmEgY3VtcGxpciBjb24gbWkgZGViZXIgZGUgR3VhcmRpYW5hLg==
JOJXBw,,W05pZGhvZ2ddCkknbSBwcmVwYXJpbmcgYSBnaWZ0IGZvciB5b3UgdG8gbWFrZSB1cCBmb3IgbXkgcGFzdCB0cmFuc2dyZXNzaW9ucyBhZ2FpbnN0IHlvdS4=,,,,,W05pZGhvZ2ddCkVzdG91IHByZXBhcmFuZG8gdW0gcHJlc2VudGUgcGFyYSB2b2PDqiBwYXJhIGNvbXBlbnNhciBtaW5oYXMgdHJhbnNncmVzc8O1ZXMgYW50ZXJpb3Jlcy4=,,W05pZGhvZ2ddClRlIGVzdG95IHByZXBhcmFuZG8gdW4gcmVnYWxvIHBhcmEgY29tcGVuc2FyIG1pcyBmYWx0YXMgZGVsIHBhc2FkbyBjb250cmEgdGku
JeJXBw,,W05pZGhvZ2ddCkkgaG9wZSB5b3UnbGwgbGlrZSBteSBnaWZ0LiBZZ2dkcmFzaWwncyBibGVzc2luZyBkb2Vzbid0IGxhc3QgZm9yZXZlciwgCmJ1dCBpdCdsbCBsYXN0IGF0IGxlYXN0IGxvbmcgZW5vdWdoIHRvIGFpZCB5b3UgYW5kIHlvdXIgcGFydHkgaW4gYmF0dGxlLg==,,,,,W05pZGhvZ2ddCkVzcGVybyBxdWUgdm9jw6ogZ29zdGUgZG8gcHJlc2VudGUuIEEgYsOqbsOnw6NvIGRlIFlnZ2RyYXNpbCBuw6NvIGR1cmEgcGFyYSBzZW1wcmUsIAptYXMgdmFpIGR1cmFyIHBlbG8gbWVub3MgbyBzdWZpY2llbnRlIHBhcmEgYWp1ZGFyIHZvY8OqIGUgc2V1IGdydXBvIGVtIGJhdGFsaGEu,,W05pZGhvZ2ddCkVzcGVybyBxdWUgdGUgZ3VzdGUuIExhIGJlbmRpY2nDs24gZGUgWWdnZHJhc2lsIG5vIGR1cmEgcGFyYSBzaWVtcHJlLCAKcGVybyBhbCBtZW5vcyBsbyBzdWZpY2llbnRlIGNvbW8gcGFyYSBheXVkYXJsb3MgYSB0aSB5IGEgdHUgZ3J1cG8gZW4gbGEgYmF0YWxsYS4=
JuJXBw,,W05pZGhvZ2ddCk9oLCBpdCdzIGEgc2hhcmQgb2YgaGlzIHNvdWwuCkhlJ3MgZGVzdGluZWQgdG8gZW5kbGVzc2x5IHJvYW0gdGhlIHdvcmxkIHRoYXQgaGUncyBjcmVhdGVkIGluIGhpcyBtaW5kLgpWZW5nZWFuY2UgaXMgbWV0ZWQgb3V0LCBidXQgdGhlIHJlc3VsdHMgYXJlbid0IGFzIHNhdGlzZnlpbmcgYXMgSSB0aG91Z2h0Lg==,,,,,W05pZGhvZ2ddCk9oLCDDqSB1bSBmcmFnbWVudG8gZGEgYWxtYSBkZWxlLgpFbGUgZm9pIGRlc3RpbmFkbyBhIHZhZ2FyIHBhcmEgc2VtcHJlIHBlbG8gbXVuZG8gcXVlIGNyaW91IGVtIHN1YSBtZW50ZS4KQSB2aW5nYW7Dp2EgZm9pIGRpc3RyaWJ1w61kYSwgbWFzIG9zIHJlc3VsdGFkb3MgbsOjbyBzw6NvIHTDo28gc2F0aXNmYXTDs3Jpb3MgcXVhbnRvIGV1IGltYWdpbmVpLg==,,W05pZGhvZ2ddCkFoLCBlcyB1biBmcmFnbWVudG8gZGUgc3UgYWxtYS4KRXN0w6EgZGVzdGluYWRvIGEgZGVhbWJ1bGFyIGV0ZXJuYW1lbnRlIHBvciBlbCBtdW5kbyBxdWUgY3Jlw7MgZW4gc3UgbWVudGUuClNlIGFwbGljw7MgbGEgdmVuZ2FuemEsIHBlcm8gbG9zIHJlc3VsdGFkb3Mgbm8gc29uIHRhbiBzYXRpc2ZhY3RvcmlvcyBjb21vIHBlbnPDqS4=
J+JXBw,,W05pZGhvZ2ddCk1heSBJIGhhdmUgdGhpcyBTb3VsIFNoYXJkPwpJbiBleGNoYW5nZSwgSSdsbCBnaXZlIHlvdSBhbmQgeW91ciBwYXJ0eQp0aGUgYmlnZ2VzdCBnaWZ0IEkgY2FuIGdpdmUu,,,,,W05pZGhvZ2ddClBvc3NvIGZpY2FyIGNvbSBlc3NlIEZyYWdtZW50byBkZSBBbG1hPwpFbSB0cm9jYSwgdm91IGRhciBhIHZvY8OqIGUgYW8gc2V1IGdydXBvCm8gbWFpb3IgcHJlc2VudGUgcG9zc8OtdmVsLg==,,W05pZGhvZ2ddCsK/TWUgZGFzIGVzdGUgRnJhZ21lbnRvIGRlIGFsbWE/CkEgY2FtYmlvLCBsZXMgZGFyw6kgYSB0aSB5IGEgdHUgZ3J1cG8KZWwgbWVqb3IgcmVnYWxvIHBvc2libGUu
KOJXBw,,R2l2ZSB0aGUgU291bCBTaGFyZC4=,,,,,RGFyIG8gRnJhZ21lbnRvIGRlIEFsbWEu,,RGFybGUgZWwgRnJhZ21lbnRvIGRlIGFsbWEu
KeJXBw,,RGVjbGluZS4=,,,,,UmVjdXNhci4=,,TmVnYXJ0ZS4=
KuJXBw,,W05pZGhvZ2ddCk9oLCB5b3UgYWxyZWFkeSByZWNlaXZlZCBZZ2dkcmFzaWwncyBibGVzc2luZy4KSSdsbCB0YWtlIGEgcmFpbiBjaGVjayBvbiB0aGlzLg==,,,,,W05pZGhvZ2ddCk9oLCB2b2PDqiBqw6EgcmVjZWJldSBhIGLDqm7Dp8OjbyBkZSBZZ2dkcmFzaWwuCkZpY2EgcGFyYSBhIHByw7N4aW1hLg==,,W05pZGhvZ2ddCkFoLCB5YSByZWNpYmlzdGUgbGEgYmVuZGljacOzbiBkZSBZZ2dkcmFzaWwuCkxvIGRlamFyw6kgcGFyYSBvdHJvIGTDrWEu
K+JXBw,,W05pZGhvZ2ddClRoYW5rIHlvdS4KTWF5IFlnZ2RyYXNpbCBibGVzcyB5b3Uu,,,,,W05pZGhvZ2ddCk9icmlnYWRhLgpRdWUgWWdnZHJhc2lsIHRlIGFiZW7Dp29lLg==,,W05pZGhvZ2ddCkdyYWNpYXMuClF1ZSBZZ2dkcmFzaWwgdGUgYmVuZGlnYS4=
LOJXBw,,TmlkaG9nZzogTWF5IFlnZ2RyYXNpbCBibGVzcyB0aGUgRGVtb24gR29kIHNsYXllcnMge31hbmQgb3RoZXJzLg==,,,,,R3VhcmRpw6MgTmlkaG9nZzogUXVlIFlnZ2RyYXNpbCBhYmVuw6dvZSB7fWUgb3Mgb3V0cm9zIGNhw6dhZG9yZXMgZG8gRGV1cyBEZW3DtG5pby4=,,TmlkaG9nZzogUXVlIFlnZ2RyYXNpbCBiZW5kaWdhIGEgbG9zIGV4dGVybWluYWRvcmVzIGRlbCBkaW9zIERlbW9uaW8sIHt9IHkgbG9zIGRlbcOhcy4=
LeJXBw,,XjRENERGRkdvb2Qgam9iIHRha2luZyBvdXQgRGVtb24gR29kIE1vcnJvYy4gVGhlIHNlcnZlciBFWFAgcmF0ZSBoYXMgaW5jcmVhc2VkIGJ5IDEwJSBmb3IgYWJvdXQgMSBob3VyLl4wMDAwMDA=,,,,,XjMxMzFGRkJvbSB0cmFiYWxobyBkZXJyb3RhbmRvIG8gUmVpIERlbW9uw61hY28gTW9ycm9jLiBBIHRheGEgZGUgRVhQIGRvIHNlcnZpZG9yIGF1bWVudG91IGVtIDEwJSBwb3IgY2VyY2EgZGUgMSBob3JhLl4wMDAwMDA=,,XjRENERGRlRlIGZlbGljaXRvIHBvciBoYWJlciBlbGltaW5hZG8gYWwgZGlvcyBEZW1vbmlvIE1vcm9jYy4gU2UgYXVtZW50w7MgZWwgw61uZGljZSBkZSBFWFAgZGVsIHNlcnZpZG9yIHVuIDEwJSBkdXJhbnRlIGFscmVkZWRvciBkZSAxaG9yYS5eMDAwMDAw
LuJXBw,,W05pZGhvZ2ddCldhdGNoIG91dCBmb3IgdGhlIERlbW9uIEdvZCdzIG5lZ2F0aXZlIGluZmx1ZW5jZSBvbiB5b3Uu,,,,,W05pZGhvZ2ddCkN1aWRhZG8gY29tIGEgaW5mbHXDqm5jaWEgbmVnYXRpdmEgcXVlIG8gUmVpIERlbW9uw61hY28gcG9kZSBleGVyY2VyIHNvYnJlIHZvY8OqLg==,,W05pZGhvZ2ddClRlbiBjdWlkYWRvIGNvbiBsYSBpbmZsdWVuY2lhIG5lZ2F0aXZhIHF1ZSBwdWVkYSBjYXVzYXJ0ZSBlbCBkaW9zIERlbW9uaW8u
L+JXBw,,W05pZGhvZ2ddCkkgZG9uJ3QgdW5kZXJzdGFuZCB0aGlzOwpJIGJhZGx5IHdhbnRlZCB0byBnZXQgcmlkIG9mIGhpbSBmcm9tIHRoaXMgd29ybGQsCnlldCBJIGZlZWwgbGlrZSBJJ20gZW1wdHkgb24gdGhlIGluc2lkZS4=,,,,,W05pZGhvZ2ddCk7Do28gZW50ZW5kbyBpc3NvOwpldSBxdWVyaWEgdGFudG8gbGl2cmFyIGVzc2UgbXVuZG8gZGEgcHJlc2Vuw6dhIGRlbGUsCm1hcyBubyBlbnRhbnRvLCBtZSBzaW50byB2YXppYSBwb3IgZGVudHJvLg==,,W05pZGhvZ2ddCk5vIGxvIGVudGllbmRvOwpubyBkZXNlYWJhIG3DoXMgcXVlIGVsaW1pbmFybG8gZGUgZXN0ZSBtdW5kbywKcGVybyBpZ3VhbCBzaWVudG8gdW4gdmFjw61vIGVuIG1pIGludGVyaW9yLg==
MOJXBw,,W05pZGhvZ2ddClRoaXMgbXVzdCBiZQpob3cgcGVvcGxlIGZlZWwgd2hlbiB0aGV5J3ZlIGxvc3QgdGhlaXIgam9icyBvdmVybmlnaHQu,,,,,W05pZGhvZ2ddCkRldmUgc2VyIGFzc2ltCnF1ZSBhcyBwZXNzb2FzIHNlIHNlbnRlbSBxdWFuZG8gcGVyZGVtIG8gZW1wcmVnbyBkZSB1bSBkaWEgcGFyYSBvIG91dHJvLg==,,W05pZGhvZ2ddCkRlYmUgc2VyCmxvIHF1ZSBzaWVudGUgbGEgZ2VudGUgY3VhbmRvIHBpZXJkZSBzdSB0cmFiYWpvIGRlIHVuIGTDrWEgcGFyYSBlbCBvdHJvLg==
MeJXBw,,W05pZGhvZ2ddCkF0IGxlYXN0IEkndmUgc2F2ZWQgZW5vdWdoIG1vbmV5CnRvIGdvIHdpdGhvdXQgYSBqb2IgZm9yIGEgd2hpbGUu,,,,,W05pZGhvZ2ddClBlbG8gbWVub3MgZ3VhcmRlaSBkaW5oZWlybyBzdWZpY2llbnRlCnBhcmEgZmljYXIgc2VtIGVtcHJlZ28gcG9yIHVtIHRlbXBvLg==,,W05pZGhvZ2ddCkFsIG1lbm9zIGFob3Jyw6kgZGluZXJvIHN1ZmljaWVudGUKcGFyYSBzb2JyZXZpdmlyIHNpbiB0cmFiYWpvIHBvciB1biB0aWVtcG8u
MuJXBw,,TG9raQ==,,,,,TG9raQ==,,TG9raQ==
M+JXBw,,W0xva2ldClRoaW5ncyBoYXZlbid0IGV2ZW4gc3RhcnRlZCBvZmYgeWV0Owp0aGV5IHdpbGwgb25seSB3aGVuIGhpcyB0cnVlIGNvbG9ycyBhcmUgcmV2ZWFsZWQu,,,,,W0xva2ldCkFzIGNvaXNhcyBhaW5kYSBuw6NvIGNvbWXDp2FyYW07CnPDsyB2w6NvIGNvbWXDp2FyIHF1YW5kbyBhcyB2ZXJkYWRlaXJhcyBpbnRlbsOnw7VlcyBkZWxlIGZvcmVtIHJldmVsYWRhcy4=,,W0xva2ldCkxhcyBjb3NhcyBhw7puIG5vIHNlIHB1c2llcm9uIGVuIG1hcmNoYTsKc29sbyBsbyBoYXLDoW4gY3VhbmRvIHNlIHJldmVsZW4gc3VzIHZlcmRhZGVyYXMgaW50ZW5jaW9uZXMu
NOJXBw,,Rm9yIGRlZmVhdGluZyBNb3Jyb2MsIHlvdSBoYXZlIGJlZW4gcmV3YXJkZWQgd2l0aCBhbiBleHRyYSAxMCUgU2VydmVyIEVYUCByZXdhcmQgZm9yIDEgaG91ci4=,,,,,Qm9tIHRyYWJhbGhvIGRlcnJvdGFuZG8gbyBSZWkgRGVtb27DrWFjbyBNb3Jyb2MuIEEgdGF4YSBkZSBFWFAgZG8gc2Vydmlkb3IgYXVtZW50b3UgZW0gMTAlIHBvciBjZXJjYSBkZSAxIGhvcmEu,,UG9yIGRlcnJvdGFyIGEgTW9yb2NjLCBzZSB0ZSByZWNvbXBlbnPDsyBjb24gdW4gMTAlIGRlIEVYUCBhZGljaW9uYWwgZGVsIHNlcnZpZG9yIHBvciAxaG9yYS4=
NeJXBw,,TWFnaWMgU2Nob2xhcg==,,,,,QXZhbnQ=,,TWFnaWMgU2Nob2xhcg==
NuJXBw,,WW91IGFyZSBjYXJyeWluZyB0b28gbWFueSBpdGVtcyB0byBwcm9jZWVkIHdpdGggdGhlIHF1ZXN0LgpQbGVhc2UgbWFrZSBzb21lIHJvb20gaW4geW91ciBpbnZlbnRvcnku,,,,,Vm9jw6ogZXN0w6EgY2FycmVnYW5kbyBpdGVucyBkZW1haXMgcGFyYSBjb250aW51YXIgY29tIGEgbWlzc8Ojby4KUG9yIGZhdm9yLCBsaWJlcmUgdW0gcG91Y28gZGUgZXNwYcOnbyBlbSBzZXUgaW52ZW50w6FyaW8u,,TGxldmFzIGRlbWFzaWFkb3Mgb2JqZXRvcyBwYXJhIHNlZ3VpciBjb24gbGEgbWlzacOzbi4KSGF6IGx1Z2FyIGVuIHR1IGludmVudGFyaW8u
N+JXBw,,W0F2YW50XQpXaGF0IGJyaW5ncyB5b3UsIHJvb2tpZT8KRGlkIHlvdSBjb21lIHRvIGxhdWdoIGF0IG15IG1pc2VyeSwgbGlrZSBldmVyeW9uZSBlbHNlPw==,,,,,W0F2YW50XQpPIHF1ZSB0ZSB0cmF6IGFxdWksIG5vdmF0bz8KVm9jw6ogdmVpbyByaXIgZGEgbWluaGEgbWlzw6lyaWEsIGNvbW8gdG9kb3Mgb3Mgb3V0cm9zPw==,,W0F2YW50XQrCv1F1w6kgdGUgdHJhZSBwb3IgYXF1w60sIHByaW5jaXBpYW50ZT8Kwr9WaW5pc3RlIGEgcmXDrXJ0ZSBkZSBtaSBkZXNncmFjaWEgY29tbyB0b2RvcyBsb3MgZGVtw6FzPw==
OOJXBw,,V2h5IGFyZSB5b3UgaGVyZT8=,,,,,UG9yIHF1ZSBlc3TDoSBhcXVpPw==,,wr9Qb3IgcXXDqSBlc3TDoXMgYXF1w60/
OeJXBw,,QXJlIHlvdSBzb3JyeSBmb3Igd2hhdCB5b3UndmUgZG9uZT8=,,,,,Vm9jw6ogZXN0w6EgYXJyZXBlbmRpZG8gZG8gcXVlIGZlej8=,,wr9UZSBhcnJlcGllbnRlcyBkZSBsbyBxdWUgaGljaXN0ZT8=
OuJXBw,,W0F2YW50XQoqU25vcnQqClRoaXMgaXMgYSBtYXR0ZXIgb2YgcHJpZGUuCkkgYWRtaXQgdGhhdCBteSBhY3Rpb24gc2VudCBteSBraW5zbWVuIGluIGhhcm0ncyB3YXku,,,,,W0F2YW50XQoqQnVmYWRhKgogw4kgdW1hIHF1ZXN0w6NvIGRlIG9yZ3VsaG8uCkV1IGFkbWl0byBxdWUgYSBtaW5oYSBhw6fDo28gcHVzZXNzZSBtZXVzIHNlbWVsaGFudGVzIGVtIHBlcmlnby4=,,W0F2YW50XQoqUmVzb3BsYSoKRXMgdW5hIGN1ZXN0acOzbiBkZSBvcmd1bGxvLgpBZG1pdG8gcXVlIG1pIGFjY2nDs24gcHVzbyBlbiBwZWxpZ3JvIGEgbWlzIHBhaXNhbm9zLg==
O+JXBw,,W0F2YW50XQpJIHdhbnQgdG8gc2F5IHRoYXQgSSdtIGRvaW5nIHRoaXMgdG8gbWFrZSB1cCBmb3Igd2hhdCBJIGRpZCwKbGlrZSBldmVyeW9uZSB3YW50cyB0byBiZWxpZXZlLiAqU21pcmsq,,,,,W0F2YW50XQpHb3N0YXJpYSBkZSBkaXplciBxdWUgZXUgZXN0b3UgZmF6ZW5kbyBpc3NvIHBhcmEgY29tcGVuc2FyIHBlbG8gcXVlIGZpeiwKYXNzaW0gY29tbyB0b2RvcyBxdWVyZW0gYWNyZWRpdGFyLiAqU29ycmkq,,W0F2YW50XQpRdWlzaWVyYSBkZWNpciBxdWUgaGFnbyBlc3RvIHBhcmEgY29tcGVuc2FyIGxvIHF1ZSBoaWNlLApjb21vIHRvZG8gZWwgbXVuZG8gZGVzZWEgY3JlZXIuICpTb25yaXNpdGEq
POJXBw,,W0F2YW50XQpCdXQgaWYgSSdtIGhvbmVzdCB3aXRoIG15c2VsZiwKSSdtIGRvaW5nIHRoaXMgdG8gZ2V0IGJhY2sgYXQgU2huYWltIGFuZCBNb3Jyb2MgZm9yIHVzaW5nIG1lIGxpa2UgYSB0b29sLg==,,,,,W0F2YW50XQpNYXMgc2UgZXUgZm9yIGhvbmVzdG8gY29taWdvIG1lc21vLAplc3RvdSBmYXplbmRvIGlzc28gcGFyYSBkYXIgbyB0cm9jbyBwYXJhIFNoZW5pbWUgZSBNb3Jyb2MgcG9yIG1lIHVzYXJlbSBjb21vIHVtIGluc3RydW1lbnRvLg==,,W0F2YW50XQpQZXJvLCBwYXJhIHNlciBzaW5jZXJvLApsbyBoYWdvIHBhcmEgdmVuZ2FybWUgZGUgU2hpbmFpbSB5IE1vcm9jYyBwb3IgdXNhcm1lIGNvbW8gaGVycmFtaWVudGEu
PeJXBw,,W0F2YW50XQpJJ20gcGxhbm5pbmcgdG8gYmUgdGhlIGxhc3Qgb25lIHN0YW5kaW5nIGFmdGVyIGV2ZXJ5dGhpbmcgZ29lcyBkb3duLg==,,,,,W0F2YW50XQpFc3RvdSBwbGFuZWphbmRvIHNlciBvIMO6bHRpbW8gZGUgcMOpIGRlcG9pcyBxdWUgdG9kbyBvIHJlc3RvIGZvciBhYmFpeG8u,,W0F2YW50XQpQbGFuZW8gc2VyIGVsIMO6bHRpbW8gZW4gcGllIHVuYSB2ZXogcXVlIHRvZG8gc2UgdmVuZ2EgYWJham8u
PuJXBw,,W0F2YW50XQpJJ3ZlIGdvdCBubyB1c2UgZm9yIHdlYWtsaW5ncy4KQ29tZSBiYWNrIHdoZW4geW91IGJlY29tZSBzdHJvbmdlci4=,,,,,W0F2YW50XQpOw6NvIHRlbmhvIHVzbyBwYXJhIGZyYWNvdGVzLgpWb2x0ZSBxdWFuZG8gZm9yIG1haXMgZm9ydGUu,,W0F2YW50XQpObyBtZSBzaXJ2ZW4gbG9zIGTDqWJpbGVzLgpWdWVsdmUgY3VhbmRvIHNlYXMgbcOhcyBmdWVydGUu
P+JXBw,,W0F2YW50XQpJIGhvcGUgeW91J2xsIGNvbWUgYmFjayBmb3IgdGhlIG5leHQgc3VianVnYXRpb24u,,,,,W0F2YW50XQpFc3Blcm8gcXVlIHZvY8OqIHZvbHRlIHBhcmEgYSBwcsOzeGltYSByZXByZXNzw6NvLg==,,W0F2YW50XQpFc3Blcm8gcXVlIHZ1ZWx2YXMgcGFyYSBsYSBwcsOzeGltYSBzdWJ5dWdhY2nDs24u
QOJXBw,,W0F2YW50XQpTb29uIHRoZSBIdW1hbiBBbGxpYW5jZSB3aWxsIHNlbmQgb3V0IGEgRGVtb24gc3VianVnYXRpb24gcGFydHkuCkNvbWUgYnkgYmVmb3JlIHlvdSBsZWF2ZS4KWW91IHdhbnQgdG8gY29sbGVjdCB0aGUgbWFuYSwgZG9uJ3QgeW91Pw==,,,,,W0F2YW50XQpMb2dvIGEgQWxpYW7Dp2EgSHVtYW5hIHZhaSBlbnZpYXIgdW0gZ3J1cG8gZGUgcmVwcmVzc8OjbyBkZSBEZW3DtG5pb3MuClBhc3NlIHBvciBhcXVpIGFudGVzIGRlIGlyIGVtYm9yYS4KVm9jw6ogcXVlciBjb2xldGFyIG8gbWFuYSwgbsOjbyBxdWVyPw==,,W0F2YW50XQpQcm9udG8gbGEgQWxpYW56YSBodW1hbmEgZW52aWFyw6EgYSB1biBncnVwbyBkZSBzdWJ5dWdhY2nDs24gZGUgZGVtb25pb3MuClZlbiBhIHZlcm1lIGFudGVzIGRlIGlydGUuClF1aWVyZXMgcmVjb2xlY3RhciBlbCBtYW7DoSwgwr9ubz8=
QeJXBw,,W0F2YW50XQpOb3QgYmFkLCByb29raWUuCkxldCBtZSB0YWtlIHRoZSBNYW5hIENyeXN0YWxsaW5lcy4KR29vZCBqb2Iu,,,,,W0F2YW50XQpOYWRhIG1hbCwgbm92YXRvLgpEZWl4ZS1tZSBsZXZhciBvcyBDcmlzdGFsaW5vcyBkZSBNYW5hLgpCb20gdHJhYmFsaG8u,,W0F2YW50XQpOYWRhIG1hbCwgcHJpbmNpcGlhbnRlLgpEw6lqYW1lIHRvbWFyIGxvcyBDcmlzdGFsZXMgZGUgbWFuw6EuCkJpZW4gaGVjaG8u
QuJXBw,,W0F2YW50XQpHcmVlbmhvcm4sIGlmIHlvdSBkZWZlYXQgdGhvc2Ugc3Ryb25nIERlbW9ucywgeW91J2xsIGZpbmQgc29tZSBtYW5hIGNyeXN0YWxsaW5lcy4KSSB3YW50IHlvdSB0byBicmluZyB0aGVtIHRvIG1lLAphdCBsZWFzdCB0aHJlZSBhdCBhIHRpbWUuIEdvdCBpdD8=,,,,,W0F2YW50XQpOb3ZhdG8sIHNlIHZvY8OqIGRlcnJvdGFyIGVzc2VzIERlbcO0bmlvcyBmb3J0ZXMsIGVuY29udHJhcsOhIGFsZ3VucyBjcmlzdGFsaW5vcyBkZSBtYW5hLgpFdSBxdWVybyBxdWUgdm9jw6ogdHJhZ2Etb3MgcGFyYSBtaW0sCnBlbG8gbWVub3MgdHLDqnMgcG9yIHZlei4gRW50ZW5kZXU/,,W0F2YW50XQpQcmluY2lwaWFudGUsIHNpIGRlcnJvdGFzIGEgZXNvcyBmdWVydGVzIGRlbW9uaW9zIGVuY29udHJhcsOhcyBDcmlzdGFsZXMgZGUgbWFuw6EuClF1aWVybyBxdWUgbWUgbG9zIHRyYWlnYXMsCmFsIG1lbm9zIGRlIGEgdHJlcyBhIGxhIHZlei4gwr9FbnRlbmRpZG8/
Q+JXBw,,W0F2YW50XQpIZXksIHJvb2tpZS4KRG8geW91IHNlZSB0aG9zZSBtYXNzaXZlIGdvb25zPwpJZiB5b3UgaHVudCB0aG9zZSBEaXN0b3J0ZWQs,,,,,W0F2YW50XQpFaSwgbm92YXRvLgpFc3TDoSB2ZW5kbyBlc3NlcyBpZGlvdGFzIGVub3JtZXM/ClNlIHZvY8OqIGNhw6dhciBlc3Nhcw==,,W0F2YW50XQpIb2xhLCBwcmluY2lwaWFudGUuCsK/VmVzIGEgZXNvcyBib2JvcyBlbm9ybWVzPwpTaSBjYXphcyBhIGVzYXMgUmVlbmNhcm5hY2lvbmVzIGRpc3RvcnNpb25hZGFzLA==
ROJXBw,,W0F2YW50XQpCbGF6aW5nLCBhbmQgRnJlZXppbmcgUmVpbmNhcm5hdGlvbnMsIHlvdSdsbCBmaW5kIHNvbWUgbWFuYSBjcnlzdGFsbGluZXMuClBhcnQgb2YgbWFuYSBzdG9sZW4gZnJvbSB0aGUgb3JiLCB0aGUgY3J5c3RhbGxpbmVzIGFyZSB3aGF0Cm1ha2UgdGhvc2UgRGVtb24gcnVudHMgc28gc3Ryb25nLg==,,,,,W0F2YW50XQpSZWVuY2FybmHDp8O1ZXMgRGlzdG9yY2lkYXMsIEFyZGVudGVzIGUgQ29uZ2VsYW50ZXMsIHZhaSBlbmNvbnRyYXIgYWxndW5zIGNyaXN0YWxpbm9zIGRlIG1hbmEuClBhcnRlIGRvIG1hbmEgcXVlIGZvaSByb3ViYWRvIGRhIGVzZmVyYSwgb3MgY3Jpc3RhbGlub3Mgc8OjbyBvIHF1ZQpkZWl4YW0gZXNzZXMgY2FwYW5nYXMgRGVtw7RuaW9zIHTDo28gZm9ydGVzLg==,,W0F2YW50XQphcmRpZW50ZXMgeSBoZWxhZGFzLCBlbmNvbnRyYXLDoXMgYWxndW5vcyBDcmlzdGFsZXMgZGUgbWFuw6EuCkxvcyBjcmlzdGFsZXMgc29uIHBhcnRlIGRlbCBtYW7DoSBxdWUgc2Ugcm9iYXJvbiBkZWwgb3JiZQp5IHNvbiBsb3MgcXVlIGZvcnRhbGVjZW4gdGFudG8gYSBlc29zIHBlcXVlw7FvcyBkZW1vbmlvcy4=
ReJXBw,,W0F2YW50XQpJIHdhbnQgeW91IHRvCmdldCByaWQgb2YgdGhlbSBhbmQgYnJpbmcgbWUgTWFuYSBDcnlzdGFsbGluZXMuCkRvbid0IHRyeSB0byBrZWVwIHRoZW0gZnJvbSBtZTogdGhleSdyZSBub3QgdXNlZnVsIGZvciB5b3Uu,,,,,W0F2YW50XQpRdWVybyBxdWUgdm9jw6ogCnNlIGxpdnJlIGRlbGVzIGUgbWUgdHJhZ2EgQ3Jpc3RhbGlub3MgZGUgTWFuYS4KTsOjbyB0ZW50ZSBmaWNhciBjb20gZWxlczogZWxlcyBuw6NvIHPDo28gw7p0ZWlzIHBhcmEgdm9jw6ou,,W0F2YW50XQpRdWllcm8gcXVlCnRlIGRlc2hhZ2FzIGRlIGVsbG9zIHkgbWUgdHJhaWdhcyBsb3MgQ3Jpc3RhbGVzIGRlIG1hbsOhLgpObyB0cmF0ZXMgZGUgb2N1bHTDoXJtZWxvczsgYSB0aSBubyB0ZSBzaXJ2ZW4gcGFyYSBuYWRhLg==
RuJXBw,,W0F2YW50XQpUaHJlZSBSZWluY2FybmF0aW9ucywgdGh1cyB0aHJlZSBNYW5hIENyeXN0YWxsaW5lcy4KQnJpbmcgdGhlbSBhdCBsZWFzdCBmb3IgQ2FyZHVpIG9mIEVjbGFnZS4=,,,,,W0F2YW50XQpUcsOqcyBSZWVuY2FybmHDp8O1ZXMsIGVudMOjbyB0csOqcyBDcmlzdGFsaW5vcyBkZSBNYW5hLgpUcmFnYS1vcyBwZWxvIG1lbm9zIHBhcmEgS2FyZHVpIGRlIEVjbGFnZS4=,,W0F2YW50XQpUcmVzIHJlZW5jYXJuYWNpb25lcyBlcXVpdmFsZW4gYSB0cmVzIENyaXN0YWxlcyBkZSBtYW7DoS4KQWwgbWVub3MgdHLDoWVsb3MgcGFyYSBLYXJkdWksIGRlIEVjbGFnZS4=
R+JXBw,,W0F2YW50XQpIbSwgSSBkaWRuJ3Qga25vdyBzdWNoIGEgc21hbGwgYW1vdW50IG9mIG1hbmEgY291bGQgcHJvZHVjZQpzdWNoIGdyZWF0IHBvd2VyLgpEaXJ0eSBEZW1vbnMu,,,,,W0F2YW50XQpIbSwgZXUgbsOjbyBzYWJpYSBxdWUgdW1hIHF1YW50aWRhZGUgdMOjbyBwZXF1ZW5hIGRlIG1hbmEgcG9kZXJpYSBwcm9kdXppcgp0YW50byBwb2Rlci4KRGVtw7RuaW9zIHNhZmFkb3Mu,,W0F2YW50XQpNbW0sIG5vIHNhYsOtYSBxdWUgdW5hIGNhbnRpZGFkIHRhbiBwZXF1ZcOxYSBkZSBtYW7DoSBwb2TDrWEgZ2VuZXJhcgp0YW50byBwb2Rlci4KRGVtb25pb3Mgc3VjaW9zLg==
SOJXBw,,W01hZ2ljIFNjaG9sYXJdClN0b3AgYm90aGVyaW5nIG1lLgpJZiB5b3UncmUgaGVyZSB0byBkb25hdGUgeW91ciBib2R5IGZvciBteSBleHBlcmltZW50LCB0aGVuIHlvdSBjYW4gc3RheS4KT3Igc2NyYW0h,,,,,Wz8/P10KUGFyZSBkZSBtZSBjaGF0ZWFyLgpTZSB2b2PDqiBlc3RpdmVyIGFxdWkgcGFyYSBkb2FyIHNldSBjb3JwbyBwYXJhIG1ldSBleHBlcmltZW50bywgZW50w6NvIHBvZGUgZmljYXIuClNlIG7Do28sIGNhaSBmb3JhIQ==,,W0VydWRpdG8gZGUgbWFnaWFdCkRlamEgZGUgbW9sZXN0YXJtZS4KU2kgdmluaXN0ZSBhIGRvbmFyIHR1IGN1ZXJwbyBwYXJhIG1pIGV4cGVyaW1lbnRvLCBwdWVkZXMgcXVlZGFydGUuClNpIG5vLCDCoWzDoXJnYXRlIQ==
SeJXBw,,RWNsYWdlIFRlbGVwb3J0ZXI=,,,,,UG9ydGFsIHBhcmEgRWNsYWdl,,RWNsYWdlIFRlbGVwb3J0ZXI=
SuJXBw,,W0RvcGhlXQpUaGlzIHRlbGVwb3J0ZXIgaXMgY29ubmVjdGVkIHRvIEVjbGFnZS4KSXQnbGwgYmUgZGVzdHJveWVkIG9uY2Ugb3VyIG9wZXJhdGlvbiBpcyBvdmVyLCBidXQgZm9yIG5vdyBpdCdzIHNvbWV0aGluZyB3ZSBjYW5ub3QgbGl2ZSB3aXRob3V0Lg==,,,,,W0RvcGhlXQpFc3NlIHRlbGVwb3J0YWRvciBlc3TDoSBjb25lY3RhZG8gYSBFY2xhZ2UuCkVsZSBzZXLDoSBkZXN0cnXDrWRvIHF1YW5kbyBhIHN1YSBvcGVyYcOnw6NvIGFjYWJhciwgbWFzIHBvciBlbnF1YW50byBuw6NvIGNvbnNlZ3VpbW9zIHZpdmVyIHNlbSBlbGUu,,W0RvcGhlXQpFc3RlIHRlbGV0cmFuc3BvcnRhZG9yIHNlIGNvbmVjdGEgY29uIEVjbGFnZS4KU2UgZGVzdHJ1aXLDoSB1bmEgdmV6IHF1ZSBhY2FiZSBsYSBvcGVyYWNpw7NuLCBwZXJvIHBvciBhaG9yYSBubyBwb2RlbW9zIHZpdmlyIHNpbiDDqWwu
S+JXBw,,VXNlIHRoZSB0ZWxlcG9ydGVyIHRvIG1vdmUgdG8gRWNsYWdlLg==,,,,,VXNhciBvIHRlbGVwb3J0YWRvciBwYXJhIGlyIGEgRWNsYWdlLg==,,VXNhIGVsIHRlbGV0cmFuc3BvcnRhZG9yIHBhcmEgaXIgYSBFY2xhZ2Uu
TOJXBw,,TW92ZSB0byBFY2xhZ2Uu,,,,,SXIgYSBFY2xhZ2Uu,,SXIgYSBFY2xhZ2Uu
TeJXBw,,Q2FuY2VsLg==,,,,,Q2FuY2VsYXIu,,Q2FuY2VsYXIu
TuJXBw,,TW92ZSB0byBFY2xhZ2Uu,,,,,SXIgYSBFY2xhZ2Uu,,SXIgYSBFY2xhZ2Uu
T+JXBw,,RG8gbm90IHVzZSB0aGUgdGVsZXBvcnRlci4=,,,,,TsOjbyB1c2FyIG8gdGVsZXBvcnRhZG9yLg==,,Tm8gdXNhciBlbCB0ZWxldHJhbnNwb3J0YWRvci4=
UOJXBw,,TWFnaWMgU2Nob2xhciBEb3BoZQ==,,,,,RG9waGU=,,TWFnaWMgU2Nob2xhciBEb3BoZQ==
UeJXBw,,W0RvcGhlXQpBIEh1bWFuLCBJIHNlZS4KTG9va2luZyBhdCB5b3UsIEkgY2FuJ3QgaGVscCBidXQgbXVzZSBvbiBvdXIgc2l0dWF0aW9uLgpZb3UgYW5kIEkgYXJlIGhhdmluZyBjb252ZXJzYXRpb24u,,,,,W0RvcGhlXQpBaCwgdW0gSHVtYW5vLgpBbyBvbGhhciBwYXJhIHZvY8OqLCBuw6NvIGNvbnNpZ28gZGVpeGFyIGRlIGNvbnRlbXBsYXIgYSBub3NzYSBzaXR1YcOnw6NvLiAKVm9jw6ogZSBldSBlc3RhbW9zIHRlbmRvIHVtYSBjb252ZXJzYS4=,,W0RvcGhlXQpVbiBzZXIgaHVtYW5vLiBZYSB2ZW8uCkFsIHZlcnRlIG5vIHB1ZWRvIGV2aXRhciByZWZsZXhpb25hciBzb2JyZSBsYSBzaXR1YWNpw7NuLgpFc3RhbW9zIGNvbnZlcnNhbmRvLg==
UuJXBw,,W0RvcGhlXQpUaGlzIHNvLWNhbGxlZCBEaW1lbnNpb25hbCBDcmFjaywgd2hlcmUgdGhlIERlbW9uIEdvZCBoYXMgdGFrZW4gdXAgcmVzaWRlbmNlLCBmYWxscyBpbnRvIEJpZnJvc3QncyBqdXJpc2RpY3Rpb24u,,,,,W0RvcGhlXQpFc3NhIHRhbCBkZSBGaXNzdXJhIERpbWVuc2lvbmFsLApvbmRlIG8gUmVpIERlbW9uw61hY28gZXN0w6EgbW9yYW5kbywgZmF6IHBhcnRlIGRhIGp1cmlzZGnDp8OjbyBkZSBCaWZyb3N0Lg==,,W0RvcGhlXQpFc3RhIHN1cHVlc3RhIGdyaWV0YSBkaW1lbnNpb25hbCwgZG9uZGUgc2UgaW5zdGFsw7MgZWwgZGlvcyBEZW1vbmlvLCBzZSBlbmN1ZW50cmEgZGVudHJvIGRlIGxhIGp1cmlzZGljY2nDs24gZGUgQmlmcm9zdC4=
U+JXBw,,W0RvcGhlXQpIZSBhbmQgdXMgYXJlIGxpa2UgdHdvIHNpZGVzIG9mIHRoZSBjb2luLCBvciBhYm92ZSBhbmQgYmVsb3cgdGhlIHdhdGVybGluZS4=,,,,,W0RvcGhlXQpOw7NzIHNvbW9zIGNvbW8gZG9pcyBsYWRvcyBkZSB1bWEgbW9lZGE6CnNlbXByZSBvcG9zdG9zIHVtIGFvIG91dHJvLg==,,W0RvcGhlXQpTb21vcyBjb21vIGxhcyBkb3MgY2FyYXMgZGUgbGEgbWlzbWEgbW9uZWRhLCBvIGxhIHBhcnRlIHZpc2libGUgeSBsYSBvY3VsdGEgZGUgdW4gdMOpbXBhbm8u
VOJXBw,,W0RvcGhlXQpIZSBhbmQgdXMgYXJlbid0IGV4YWN0bHkgcnVubmluZyBwYXJhbGxlbCB0byBlYWNoIG90aGVyLCBidXQgbWF5YmUgc3RhbmRpbmcgaW4gYSB1bml2ZXJzZSBwYXJhbGxlbCB0byBlYWNoIG90aGVyJ3Mu,,,,,W0RvcGhlXQpFbGUgZSBuw7NzIG7Do28gc29tb3MgZXhhdGFtZW50ZSBwYXJhbGVsb3MsIG1hcyB0YWx2ZXogZXN0ZWphbW9zIGVtIHVuaXZlcnNvcyBwYXJhbGVsb3MgZW50cmUgc2ku,,W0RvcGhlXQpObyBlc3RhbW9zIGp1c3RhbWVudGUgZW4gY2FtaW5vcyBwYXJhbGVsb3MsIHNpbm8gcXVpesOhcyBlbiB1bml2ZXJzb3MgcGFyYWxlbG9zLg==
VeJXBw,,W0RvcGhlXQouLi4=,,,,,W0RvcGhlXQouLi4=,,W0RvcGhlXQrigKY=
VuJXBw,,W0RvcGhlXQpNeSBwb2ludCBpczoKaGUgY291bGQgYmUgdW5kZXIgb3VyIG5vc2UsIGFuZCB3ZSdyZSB1bmFibGUgdG8gc2VlIGhpbS4KSWYgaGlzIGxhaXIgaXMgbG9jYXRlZCBzb21ld2hlcmUgaW4gQmlmcm9zdCdzIHRlcnJpdG9yeSw=,,,,,W0RvcGhlXQpPbmRlIGV1IHF1ZXJvIGNoZWdhciDDqToKZWxlIHBvZGVyaWEgZXN0YXIgZGViYWl4byBkZSBub3Nzb3MgbmFyaXplcywgZSBzZXLDrWFtb3MgaW5jYXBhemVzIGRlIHbDqi1sby4KU2Ugc2V1IGNvdmlsIGVzdGl2ZXIgbG9jYWxpemFkbyBlbSBhbGd1bSBsdWdhciBlbSB0ZXJyaXTDs3JpbyBkZSBCaWZyb3N0LA==,,W0RvcGhlXQpNaSBwdW50byBlczoKcG9kcsOtYSBlc3RhciBkZWxhbnRlIGRlIG51ZXN0cmFzIG5hcmljZXMsIHBlcm8gbm8gcG9kZW1vcyB2ZXJsby4KU2kgc3UgZ3VhcmlkYSBzZSBlbmN1ZW50cmEgZW4gYWxnw7puIGx1Z2FyIGRlbnRybyBkZWwgdGVycml0b3JpbyBkZSBCaWZyb3N0LA==
V+JXBw,,W0RvcGhlXQp0aGUgb25seSBwb3NzaWJsZSBzY2VuYXJpbyBmb3IgdXMgaXMKb2JsaXRlcmF0aW9uLg==,,,,,W0RvcGhlXQphIMO6bmljYSBlc2NhcGF0w7NyaWEgcGFyYSBuw7NzIMOpIAphIG9ibGl0ZXJhw6fDo28u,,W0RvcGhlXQplbCDDum5pY28gZXNjZW5hcmlvIHBvc2libGUgZXMKbGEgYW5pcXVpbGFjacOzbi4=
WOJXBw,,TWFnaWMgU2Nob2xhciBLb25wYW5h,,,,,S29ucGFuYQ==,,TWFnaWMgU2Nob2xhciBLb25wYW5h
WeJXBw,,W0tvbnBhbmFdClRoaXMgcGxhY2UgaXMgbm90aGluZyBsaWtlIEkndmUgaW1hZ2luZWQuCk5vIGdyYXNzeSBmaWVsZCBvciBmb3Jlc3QsIHJlYWxseT8=,,,,,W0tvbnBhbmFdCkVzc2UgbHVnYXIgbsOjbyDDqSBuYWRhIGNvbW8gZXUgaW1hZ2luZWkuClNlbSBjYW1wb3MgZ3JhbWFkb3Mgb3UgZmxvcmVzdGEsIHPDqXJpbz8=,,W0tvbnBhbmFdCkVzdGUgbHVnYXIgbm8gc2UgcGFyZWNlIGVuIG5hZGEgYSBsbyBxdWUgaW1hZ2luw6kuCk5vIGhheSBjYW1wb3MgZGUgaGllcmJhcyBuaSBib3NxdWVzLCDCv2RlIHZlcmRhZD8=
WuJXBw,,TWFnaWMgU2Nob2xhciBNYWtpYQ==,,,,,TWFraWE=,,TWFnaWMgU2Nob2xhciBNYWtpYQ==
W+JXBw,,W01ha2lhXQpUaGlzIHBsYWNlIGlzIG92ZXJydW4gd2l0aCBzdHJhbmdlIGNyZWF0dXJlcy4KRXZlcnl3aGVyZSBpcyBidXJuaW5nIHdpdGggZmlyZSwgeWV0IHRoZSBhaXIgaXNuJ3Qgc3VmZm9jYXRpbmcuCkFtYXppbmcu,,,,,W01ha2lhXQpFc3NlIGx1Z2FyIGVzdMOhIGRvbWluYWRvIHBvciBjcmlhdHVyYXMgZXN0cmFuaGFzLgpUdWRvIGVzdMOhIHF1ZWltYW5kbyBjb20gZm9nbywgbWFzIG8gYXIgbsOjbyDDqSBzdWZvY2FudGUuCkluY3LDrXZlbC4=,,W01ha2lhXQpFc3RlIGx1Z2FyIGVzdMOhIHBsYWdhZG8gZGUgY3JpYXR1cmFzIGV4dHJhw7Fhcy4KVG9kbyBhcmRlIGVuIGxsYW1hcywgcGVybyBlbCBhaXJlIG5vIGFzZml4aWEuCkFzb21icm9zby4=
XOJXBw,,Q29tYmF0IExhcGhpbmU=,,,,,R3VhcmRhIEVzcGzDqm5kaWRv,,Q29tYmF0IExhcGhpbmU=
XeJXBw,,QmF0dGxlIENvbW1hbmRlcg==,,,,,Q29tYW5kYW50ZSBkZSBCYXRhbGhh,,QmF0dGxlIENvbW1hbmRlcg==
XuJXBw,,W0NvbW1hbmRlciBMYXBoaW5lXQpXZSdyZSBpbiB0aGUgcHJvY2VzcyBvZiByZWdyb3VwaW5nIGZvciB0aGUgdXBjb21pbmcgYmF0dGxlLgpQbGVhc2UgZG9uJ3QgYm90aGVyIHVzLg==,,,,,W0NvbWFuZGFudGUgZGUgQmF0YWxoYV0KRXN0YW1vcyBubyBwcm9jZXNzbyBkZSBub3MgcmVhZ3J1cGFybW9zIHBhcmEgYSBiYXRhbGhhIGltaW5lbnRlLgpQb3IgZmF2b3IsIG7Do28gbm9zIGluY29tb2RlLg==,,W0NvbWFuZGFudGUgbGFwaGluZV0KTm9zIGVzdGFtb3MgcmVhZ3J1cGFuZG8gcGFyYSBsYSBwcsOzeGltYSBiYXRhbGxhLgpObyBub3MgbW9sZXN0ZXMu
X+JXBw,,Q29tbWFuZGVyOiBTb2xkaWVycywgZmluYWxseSBpdCdzIHRpbWUgdG8gcHV0IHlvdXIgdHJhaW5pbmcgdG8gdXNlIQ==,,,,,Q29tYW5kYW50ZTogU29sZGFkb3MsIGZpbmFsbWVudGUgw6kgaG9yYSBkZSBww7RyIGVtIHVzbyBvIHF1ZSB0cmVpbmFyYW0h,,Q29tYW5kYW50ZTogU29sZGFkb3MsIMKhYWwgZmluIGxsZWfDsyBlbCBtb21lbnRvIGRlIHBvbmVyIGEgcHJ1ZWJhIGVsIGVudHJlbmFtaWVudG8h
YOJXBw,,Q29tbWFuZGVyOiBXRSBBUkUh,,,,,Q29tYW5kYW50ZTogTsOTUyBTT01PUyE=,,Q29tYW5kYW50ZTogwqFTT01PU+KApiE=
YeJXBw,,V0UgQVJFIQ==,,,,,TsOTUyBTT01PUyE=,,wqFTT01PU+KApiE=
YuJXBw,,VEhFIFBST1VEIQ==,,,,,T1MgT1JHVUxIT1NPUyE=,,wqFMT1MgT1JHVUxMT1NPUw==
Y+JXBw,,TEFQSE5FUyE=,,,,,T1MgRVNQTMOKTkRJRE9TIQ==,,TEFQSElORVMh
ZOJXBw,,Q29tbWFuZGVyOiBXZSBmaWdodCBldmlsIQ==,,,,,Q29tYW5kYW50ZTogTsOzcyBsdXRhbW9zIGNvbnRyYSBvIG1hbCE=,,Q29tYW5kYW50ZTogwqFMdWNoYW1vcyBjb250cmEgZWwgbWFsIQ==
ZeJXBw,,RmlnaHQgZXZpbCE=,,,,,THV0YW1vcyBjb250cmEgbyBtYWwh,,wqFDb250cmEgZWwgbWFsIQ==
ZuJXBw,,TGFwaGluZSBNYWdpY2lhbg==,,,,,TWFnYSBFc3Bsw6puZGlkYQ==,,TGFwaGluZSBNYWdpY2lhbg==
Z+JXBw,,KEV4aGFsaW5nIHRocm91Z2ggaGlzIG1vdXRoKQ==,,,,,KE9mZWdhbnRlKQ==,,KEV4aGFsYSBwb3IgbGEgYm9jYSku
aOJXBw,,Li4uRnJlZXplIHRoZW0gYWxsISBGcmVlemUh,,,,,Li4uQ29uZ2VsZSB0b2RvcyEgQ29uZ2VsZWVlZWVlIQ==,,wqFDb25nw6lsYWxvcyBhIHRvZG9zISDCoUEgdG9kb3Mh
aeJXBw,,Li4u,,,,,Li4u,,4oCm
auJXBw,,VGhlIEd1YXJkaWFuIGlzIHdhdGNoaW5nLiBJIGNhbid0IG1ha2UgYW55IG1pc3Rha2VzLg==,,,,,TyBndWFyZGnDo28gZXN0w6EgdmVuZG8uIEV1IG7Do28gcG9zc28gY29tZXRlciBuZW5odW0gZXJyby4=,,TGEgR3VhcmRpYW5hIG1lIHZpZ2lsYS4gTm8gcHVlZG8gY29tZXRlciBlcnJvcmVzLg==
a+JXBw,,U2h1c2gu,,,,,U2h1c2gu,,U2lsZW5jaW8u
bOJXBw,,VGhvc2UgSHVtYW5zIGJlaGluZCB1cyBhcmUgYm90aGVyaW5nIG1lLg==,,,,,RXNzZSBodW1hbm9zIGFxdWkgZXN0w6NvIG1lIGVudGVuZGlhbmRvLg==,,RXNvcyBodW1hbm9zIGRldHLDoXMgZGUgbm9zb3Ryb3MgbWUgbW9sZXN0YW4u
beJXBw,,SG93IGxvbmcgZG8gd2UgaGF2ZSB0byB3YWl0Pw==,,,,,UXVhbnRvIHRlbXBvIHRlcmVtb3MgcXVlIGVzcGVyYXI/,,wr9DdcOhbnRvIGRlYmVtb3MgZXNwZXJhcj8=
buJXBw,,SSBzaG91bGRuJ3QgaGF2ZSB2b2x1bnRlZXJlZCB0byBjb21lIGhlcmUuIEkgbWlzcyBteSB5YWkuLi4=,,,,,RXUgbsOjbyBkZXZlcmlhIHRlciBtZSB2b2x1bnRhcmlhZG8gcGFyYSB2aXIgcHJhIGPDoS4gRXN0b3UgY29tIHNhdWRhZGVzIGRlIGNhc2EuLi4=,,Tm8gdGVuZHLDrWEgcXVlIGhhYmVybWUgb2ZyZWNpZG8gYSB2ZW5pci4gRXh0cmHDsW8gbWkgeWFp4oCm
b+JXBw,,U2lnaC4=,,,,,U2lnaC4=,,KlN1c3BpcmEq
cOJXBw,,SSdtIG5lcnZvdXMu,,,,,RXUgZXN0b3UgbmVydm9zYS4=,,RXN0b3kgbmVydmlvc28u
ceJXBw,,SSdtIHRyeWluZyB0byByZW1lbWJlciB0byBmaXJlIHRoZSBtb21lbnQgSSBzZWUgdGhlIGVuZW15Lg==,,,,,RXUgdGVudGFuZG8gbGV2YXIgYXF1ZWxhIGNoYW1hIHF1ZSBhcmRlIHF1YW5kbyBldSB2ZWpvIHVtIGluaW1pZ28u,,SW50ZW50byBhY29yZGFybWUgZGUgZGlzcGFyYXIgYXBlbmFzIHZlYSBhbCBlbmVtaWdvLg==
cuJXBw,,VGhlIFNhcHBoYXMgYXJlbid0IGVuZW1pZXMuLi4gVGhlIFNhcHBoYXMgYXJlbid0IGVuZW1pZXMuLi4gQXJnaCwgYnV0IEkgd2FudCB0byBiZWF0IHRoZW0gc2Vuc2VsZXNzIQ==,,,,,T3MgTWFrdXMgbsOjbyBzw6NvIGluaW1pZ29zLi4uIE9zIE1ha3VzIG7Do28gc8OjbyBpbmltaWdvcy4uLiBBcmdoLCBtYXMgZXUgcXVlcm8gdmVuY8OqLWxvcyBtZXNtbyBhc3NpbSE=,,TG9zIHNhcGhhcyBubyBzb24gZW5lbWlnb3PigKYgTG9zIHNhcGhhcyBubyBzb24gZW5lbWlnb3PigKYgVWYsIMKhcGVybyBxdWllcm8gZGFybGVzIHVuYSBnb2xwaXphIQ==
c+JXBw,,SSBsaWtlIHRlbnNpb24tLWl0IGtlZXBzIG1lIG9uIGVkZ2UuIEhlaCBoZWgu,,,,,RXUgZ29zdG8gZGVzdGEgdGVuw6fDo28uLi4ubWUgZGVpeGEgbm8gbGltaXRlLiBIQSBIQSBIQS4=,,TWUgZ3VzdGEgbGEgdGVuc2nDs27igKYgTWUgbWFudGllbmUgZW4gdmlsby4gSmUsIGplLg==
dOJXBw,,WWVhaCwgeWVhaH4=,,,,,WWVhaCwgeWVhaH4=,,U8OtLCBzw61+Lg==
deJXBw,,QWxsIGNsZWFyIQ==,,,,,VHVkbyBsaW1wbyE=,,wqFUb2RvIGRlc3BlamFkbyE=
duJXBw,,Kllhd24q,,,,,Kllhd24q,,KkJvc3RlemEq
d+JXBw,,V2F0Y2ggb3V0IQ==,,,,,Q3VpZGFkbyE=,,wqFDdWlkYWRvIQ==
eOJXBw,,QmFjayBvZmYtLWl0J3MgZGFuZ2Vyb3VzIQ==,,,,,U2UgYWZhc3RlLi4uaXNzbyDDqSBwZXJpZ29zbyE=,,QXRyw6Fz4oCmIMKhRXMgcGVsaWdyb3NvIQ==
eeJXBw,,RW5lbXkgaW4gc2lnaHQh,,,,,SW5pbWlnbyDDoCB2aXN0YSE=,,wqFFbmVtaWdvIGEgbGEgdmlzdGEh
euJXBw,,Ry1nZXQgYXdheSE=,,,,,RXNwbMOqbmRpZG8gZGUgQ29tYmF0ZQ==,,wqFBLWFsw6lqYXRlIQ==
e+JXBw,,RG9uJ3QgeW91IGRhcmUh,,,,,Uy1zYWkgZGFxdWkh,,wqFObyB0ZSBhdHJldmFzIQ==
fOJXBw,,WW91J3JlIGluIGEgd2FyIHpvbmUuIERvbid0IGxldCB5b3VyIGd1YXJkIGRvd24u,,,,,TsOjbyBvdXNlIQ==,,RXN0w6FzIGVuIHVuYSB6b25hIGRlIGd1ZXJyYS4gTm8gYmFqZXMgbGEgZ3VhcmRpYS4=
feJXBw,,SSdtIHdvcnJpZWQgZm9yIHRoZSBndXlzIGF0IHRoZSBmcm9udCBsaW5lcy4=,,,,,Vm9jw6ogZXN0w6EgZW0gdW1hIHpvbmEgZGUgZ3VlcnJhLiBOw6NvIGJhaXhlIGEgZ3VhcmRhLg==,,TWUgcHJlb2N1cGFuIGxvcyBkZWwgZnJlbnRlLg==
fuJXBw,,WW91J3ZlIGNvbWUgdGhpcyBmYXIsIGh1aD8=,,,,,RXN0b3UgcHJlb2N1cGFkbyBjb20gYSBub3NzYSBsaW5oYSBkZSBmcmVudGUu,,TGxlZ2FzdGUgaGFzdGEgYXF1w60sIMK/ZWg/
f+JXBw,,SSdsbCB3aXBlIHRoZSBmbG9vciB3aXRoIHlvdSE=,,,,,Vm9jw6ogY2hlZ291IGF0w6kgYXF1aSwgaGVpbj8=,,wqFMaW1waWFyw6kgZWwgc3VlbG8gY29udGlnbyE=
gOJXBw,,VGhlIFNhcHBoYXMgaGFkIGJldHRlciBub3QgZmxhbmsgdXMu,,,,,Vm91IHRlIGVuY2hlciBkZSBwb3JyYWRhIQ==,,wqFFc3Blcm8gcXVlIGxvcyBzYXBoYXMgbm8gbm9zIGhheWFuIGZsYW5xdWVhZG8h
geJXBw,,WWFhcC0h,,,,,VGhlIFNhcHBoYXMgaGFkIGJldHRlciBub3QgZmxhbmsgdXMu,,wqFTZXAh
guJXBw,,Q29tbWFuZGVyIEhpYmJhIEFnaXA=,,,,,ScOhw6EtIQ==,,Q29tbWFuZGVyIEhpYmJhIEFnaXA=
g+JXBw,,W0hpYmJhIEFnaXBdCkFoLCBvdXIgaGVybyBpcyBiYWNrIQpNd2FoIGhhaCBoYWgsIGZpbmFsbHkgd2UndmUgcmVhY2hlZCB0aGUgZW5kIG9mIG91ciBleHBlZGl0aW9uIQpHb29kIGpvYiEKSSB0aGFuayB5b3Ugb24gYmVoYWxmIG9mIHRoZSBlbnRpcmUgaHVtYW5raW5kLg==,,,,,w4kgYm9tIHF1ZSBvcyBNYWt1cyBuw6NvIG5vcyBjZXJxdWVtLg==,,W0hpYmJhIEFnaXBdCsKhQWgsIHZvbHZpw7MgbnVlc3RybyBow6lyb2UhCk11YSwgamEsIGphLCDCoXBvciBmaW4gbG9ncmFtb3MgbGxlZ2FyIGFsIGZpbmFsIGRlIGxhIGV4cGVkaWNpw7NuIQrCoUJ1ZW4gdHJhYmFqbyEKVGUgYWdyYWRlemNvIGVuIG5vbWJyZSBkZSB0b2RhIGxhIGh1bWFuaWRhZC4=
hOJXBw,,W0FkanV0YW50IEFiaWRhbF0KWW91J3JlIGluY3JlZGlibGUhCllvdSd2ZSBzYXZlZCB0aGUgd29ybGQhCkFmdGVyIHRoaXMsIEknbSBnb2luZyB0byBnbyBiYWNrIGhvbWUuLi4=,,,,,SGliYmEgQWdpcA==,,W0F5dWRhbnRlIEFiaWRhbF0KwqFFcmVzIGluY3Jlw61ibGUhCsKhU2FsdmFzdGUgYWwgbXVuZG8hCkRlc3B1w6lzIGRlIGVzdG8sIHZvbHZlcsOpIGEgY2FzYeKApg==
heJXBw,,W0hpYmJhIEFnaXBdCkFiaWRhbCwgZW5vdWdoIQpBcmUgeW91IHRyeWluZyB0byByYWlzZSBhIHJlZCBmbGFnPyE=,,,,,W0hpYmJhIEFnaXBdCkFoLCBub3NzbyBoZXLDs2kgZXN0w6EgZGUgdm9sdGEhCk11YWhhaGEsIGZpbmFsbWVudGUgY2hlZ2Ftb3MgYW8gZmluYWwgZGUgbm9zc2EgZXhwZWRpw6fDo28hCkJvbSB0cmFiYWxobyEKQWdyYWRlw6dvIGVtIG5vbWUgZGUgdG9kYSBhIGh1bWFuaWRhZGUu,,W0hpYmJhIEFnaXBdCsKhQWJpZGFsLCBiYXN0YSEKwqHCv0ludGVudGFzIGxldmFudGFyIHVuYSBiYW5kZXJhIHJvamE/IQ==
huJXBw,,W0hpYmJhIEFnaXBdClRoaXMgaXNuJ3QgbXVjaCwgYnV0IEkgd2FudCB5b3UgdG8gaGF2ZSBpdC4KVGhhbmsgeW91IGZvciB5b3VyIHNlcnZpY2UuCkhhaCBoYWguCkZpbmFsbHkgSSBjYW4gc2xlZXAh,,,,,W0FqdWRhbnRlIEFiaWRhbF0KVm9jw6ogw6kgaW5jcsOtdmVsIQpWb2PDqiBzYWx2b3UgbyBtdW5kbyEKRGVwb2lzIGRpc3NvLCB2b3Ugdm9sdGFyIHByYSBjYXNhLi4u,,W0hpYmJhIEFnaXBdCk5vIGVzIGdyYW4gY29zYSwgcGVybyBxdWllcm8gZGFydGUgZXN0by4KR3JhY2lhcyBwb3IgdHUgYXl1ZGEuCkphLCBqYS4KwqFBbCBmaW4gcHVlZG8gZG9ybWlyIQ==
h+JXBw,,W0hpYmJhIEFnaXBdCldhaXQsIEkgc2Vuc2Ugc29tZXRoaW5nIG9taW5vdXMgYXJvdW5kIHlvdS4uLgpPaCBnb2RzLCB3aGF0IGlzIHRoaXM/IQpBcmUgeW91IHRyeWluZyB0byBoYXZlIHlvdXIgc291bCBkZXZvdXJlZCBieSB0aGUgRGVtb24gR29kPyE=,,,,,W0hpYmJhIEFnaXBdCkFiaWRhbCwgY2hlZ2EhCkVzdMOhIHRlbnRhbmRvIGxldmFudGFyIHN1c3BlaXRhcz8h,,W0hpYmJhIEFnaXBdCkVzcGVyYSwgcHJlc2llbnRvIGFsZ28gc2luaWVzdHJvIGEgdHUgYWxyZWRlZG9y4oCmCkNpZWxvcywgwqHCv3F1w6kgZXMgZXN0bz8hCsKhwr9JbnRlbnRhcyBxdWUgZWwgZGlvcyBEZW1vbmlvIGRldm9yZSB0dSBhbG1hPyE=
iOJXBw,,W0hpYmJhIEFnaXBdCkdpdmUgaXQgdG8gbWUsIGFuZCBJJ2xsIGNyeXN0YWxsaXplIGl0IGZvciB5b3UuCkFuZCBJIHdhbnQgeW91IHRvIG1lZXQgdGhhdCBHdWFyZGlhbiBsYWR5IGF0IHRoZSBMYXBoaW5lIGNhbXAuClNoZSBtaWdodCBrbm93IGFib3V0IHRoaXMu,,,,,W0hpYmJhIEFnaXBdCk7Do28gw6kgbXVpdG8sIG1hcyBxdWVybyBxdWUgdm9jw6ogZmlxdWUgY29tIGlzc28uCk9icmlnYWRvIHBvciBzZXVzIHNlcnZpw6dvcy4KSGEgaGEuCkZpbmFsbWVudGUgcG9zc28gZG9ybWlyIQ==,,W0hpYmJhIEFnaXBdCkTDoW1lbGEgeSB5byB0ZSBsYSBjb252ZXJ0aXLDqSBlbiBjcmlzdGFsLgpZIHF1aWVybyBxdWUgdmF5YXMgYSB2ZXIgYSBsYSBkYW1hIEd1YXJkaWFuYSBkZWwgY2FtcGFtZW50byBsYXBoaW5lLgpRdWl6w6FzIGVsbGEgc2VwYSBhbGdvIGFsIHJlc3BlY3RvLg==
ieJXBw,,W0hpYmJhIEFnaXBdClRoZSBUZW1wbGUgb2YgdGhlIERlbW9uIEdvZCBpcyBkaXNjb3ZlcmVkIGluc2lkZSB0aGUgY2F2ZSBpbiB0aGUgY2VudHJhbCBoaWxsLgpBIHRyZWUgaXMgYmxvY2tpbmcgdGhlIGVudHJ5IHRvIHRoZSB0ZW1wbGUu,,,,,W0hpYmJhIEFnaXBdCkVzcGVyZSwgZXN0b3Ugc2VudGluZG8gYWxndW1hIGNvaXNhIHNpbmlzdHJhIGVtIHZvY8OqLi4uCk9oLCBkZXVzZXMsIG8gcXVlIMOpIGlzc28/IQpWb2PDqiBlc3TDoSB0ZW50YW5kbyB0ZXIgYSBhbG1hIGRldm9yYWRhIHBlbG8gUmVpIERlbW9uw61hY28/IQ==,,W0hpYmJhIEFnaXBdCkVsIFRlbXBsbyBkZWwgZGlvcyBEZW1vbmlvIHNlIGVuY3VlbnRyYSBkZW50cm8gZGUgbGEgY3VldmEgZGUgbGEgY29saW5hIGNlbnRyYWwuCkhheSB1biDDoXJib2wgcXVlIGJsb3F1ZWEgbGEgZW50cmFkYSBhbCB0ZW1wbG8u
iuJXBw,,W0hpYmJhIEFnaXBdClRoYXQgcHVycGxlIGxhZHkgY2FsbGVkIHRoZSBHdWFyZGlhbiBzYWlkIHNoZSdkIGdvIHRoZXJlIHNvb24uCllvdSBzaG91bGQgZmluZCBoZXIu,,,,,W0hpYmJhIEFnaXBdCkTDqiBpc3NvIHBhcmEgbWltLCBlIGV1IHZvdSBjcmlzdGFsaXphciBwYXJhIHZvY8OqLgpFIGV1IHF1ZXJvIHF1ZSB2b2PDqiBjb25oZcOnYSBhIG1vw6dhIEd1YXJkacOjIG5vIGFjYW1wYW1lbnRvIGRvcyBFc3Bsw6puZGlkb3MuCkVsYSBwb2RlIHNhYmVyIG1haXMgc29icmUgaXNzby4=,,W0hpYmJhIEFnaXBdCkVzYSBkYW1hIG1vcmFkYSBxdWUgc2UgbGxhbWEgR3VhcmRpYW5hIGRpam8gcXVlIGxhIHZpc2l0YXLDrWEgcHJvbnRvLgpEZWJlcsOtYXMgYnVzY2FybGEu
i+JXBw,,W0hpYmJhIEFnaXBdCldlbGwtbWV0LgpJJ3ZlIGhlYXJkIGEgcGF0aCBoYXMgYmVlbiBjbGVhcmVkIGluIHRoYXQgZGFyayBjYXZlLgpTb21ldGltZXMgSSB0aGluayB0aGlzIGNvbmRlbW5lZCBiYXNpbiBpcyBhbGl2ZS4=,,,,,W0hpYmJhIEFnaXBdCk8gVGVtcGxvIGRvIFJlaSBEZW1vbsOtYWNvIHBvZGUgc2VyIGRlc2NvYmVydG8gZGVudHJvIGRhIGNhdmVybmEgbmEgY29saW5hIGNlbnRyYWwuClVtYSDDoXJ2b3JlIGJsb3F1ZWlhIGEgZW50cmFkYSBwYXJhIG8gdGVtcGxvLg==,,W0hpYmJhIEFnaXBdCkhvbGEuCkVzY3VjaMOpIHF1ZSBzZSBhYnJpw7MgdW4gY2FtaW5vIGRlbnRybyBkZSBlc2EgY3VldmEgb3NjdXJhLgpBIHZlY2VzIHBpZW5zbyBxdWUgZXN0YSBjdWVuY2EgY29uZGVuYWRhIHRpZW5lIHZpZGEgcHJvcGlhLg==
jOJXBw,,W0hpYmJhIEFnaXBdCllvdSdyZSBzbWFydCBhbmQgY2FwYWJsZS4gSSBkb24ndCBoYXZlIHRvIGV4cGxhaW4gd2h5IEknbSB0ZWxsaW5nIHlvdSB0aGlzLCBkbyBJPwpEb24ndCB3b3JyeS4gSSd2ZSBzZW50IG91dCBhbiBhZHZhbmNlIHBhcnR5Lg==,,,,,W0hpYmJhIEFnaXBdCkEgbW/Dp2Egcm94YSBjaGFtb3UgYSBHdWFyZGnDoyBlIGRpc3NlIHF1ZSBpcmlhIHBhcmEgbMOhIGVtIGJyZXZlLgogw4kgbWVsaG9yIHZvY8OqIGVuY29udHLDoS1sYS4=,,W0hpYmJhIEFnaXBdCkVyZXMgaW50ZWxpZ2VudGUgeSBjYXBhei4gTm8gdGVuZ28gcXVlIGV4cGxpY2FydGUgcG9yIHF1w6kgdGUgZGlnbyBlc3RvLCDCv2NpZXJ0bz8KTm8gdGUgcHJlb2N1cGVzLiBFbnZpw6kgdW4gZ3J1cG8gZGUgYXZhbnphZGEu
jeJXBw,,W0hpYmJhIEFnaXBdCkJlIGpveW91cywgY29tcmFkZSEKSXQgd29uJ3QgYmUgbG9uZyBiZWZvcmUgb3VyIHBlcmlsb3VzIGpvdXJuZXkgaXMgb3ZlciEKQW5kIHlvdSdsbCBiZSB0aGUgb25lIHRvIGVuZCBpdC4=,,,,,W0hpYmJhIEFnaXBdClByYXplci4KT3V2aSBkaXplciBxdWUgdW0gY2FtaW5obyBmb2kgZGVzb2JzdHJ1w61kbyBuYXF1ZWxhIGNhdmVybmEgZXNjdXJhLgogw4BzIHZlemVzLCBldSBhY2hvIHF1ZSBlc3NhIGJhY2lhIGNvbmRlbmFkYSBlc3TDoSB2aXZhLg==,,W0hpYmJhIEFnaXBdCsKhQWzDqWdyYXRlLCBjYW1hcmFkYSEKwqFObyBmYWx0YSBtdWNobyBwYXJhIHF1ZSBzZSBhY2FiZSBlc3RlIHBlbGlncm9zbyB2aWFqZSEKWSBzZXLDoXMgdMO6IHF1aWVuIGxlIHBvbmdhIGZpbi4=
juJXBw,,W0hpYmJhIEFnaXBdCldlJ3ZlIGRlY2lkZWQgdG8gY2FsbCB0aGUgbmV3bHkgZGlzY292ZXJlZCBwbGFjZSB0aGUgVGVtcGxlIG9mIHRoZSBEZW1vbiBHb2QuCkFjdHVhbGx5IHRoZSBmaXJzdCBzY291dCBuYW1lZCBpdCwgYW5kIHRoZSBuYW1lIHN0dWNrLg==,,,,,W0hpYmJhIEFnaXBdClZvY8OqIMOpIGVzcGVydG8gZSBjYXBhei4gTsOjbyB0ZW5obyBxdWUgZXhwbGljYXIgcG9yIHF1ZSBlc3RvdSB0ZSBkaXplbmRvIGlzc28sIHRlbmhvPwpOw6NvIHNlIHByZW9jdXBlLiBFbnZpZWkgdW0gZ3J1cG8gYWRpYW50YWRvLg==,,W0hpYmJhIEFnaXBdCkRlY2lkaW1vcyBsbGFtYXIgVGVtcGxvIGRlbCBkaW9zIERlbW9uaW8gYWwgbHVnYXIgcXVlIGFjYWJhbW9zIGRlIGRlc2N1YnJpci4KRGUgaGVjaG8sIGVsIHByaW1lciBleHBsb3JhZG9yIGxlIHB1c28gZWwgbm9tYnJlLCB5IGxlIHF1ZWTDsy4=
j+JXBw,,W0hpYmJhIEFnaXBdCkknZCBsaWtlIHRvIHB1dCB5b3Ugb24gYSBzdWJqdWdhdGlvbiBtaXNzaW9uIGluIHRoZSBUZW1wbGUgb2YgdGhlIERlbW9uIEdvZC4KVGhpcyBpcyBub3QgYW4gb3JkZXIsIGJ1dCBhIHJlcXVlc3Q7CnlvdSBkZWNpZGUgdG8gdGFrZSB0aGUgbWlzc2lvbiBhdCB5b3VyIG93biByaXNrLg==,,,,,W0hpYmJhIEFnaXBdCkFsZWdyZS1zZSwgY29tcGFuaGVpcm8hCk7Do28gdmFpIGRlbW9yYXIgcGFyYSBxdWUgc3VhIGpvcm5hZGEgcGVyaWdvc2EgY2hlZ3VlIGFvIGZpbSEKRSB2b2PDqiDDqSBxdWVtIHZhaSBkYXIgdW0gZmltIG5lbGEu,,W0hpYmJhIEFnaXBdCk1lIGd1c3RhcsOtYSBlbnZpYXJ0ZSBlbiB1bmEgbWlzacOzbiBkZSBzdWJ5dWdhY2nDs24gYWwgVGVtcGxvIGRlbCBkaW9zIERlbW9uaW8uCk5vIGVzIHVuYSBvcmRlbiwgc2lubyB1biBwZWRpZG87CnB1ZWRlcyBhY2VwdGFyIG8gbm8gbGEgbWlzacOzbiwgYmFqbyB0dSByZXNwb25zYWJpbGlkYWQu
kOJXBw,,SSdsbCBkbyBpdC4=,,,,,W0hpYmJhIEFnaXBdCk7Ds3MgZGVjaWRpbW9zIGNoYW1hciBvIGxvY2FsIHJlY8OpbS1kZXNjb2JlcnRvIGRlIG8gVGVtcGxvIGRvIFJlaSBEZW1vbsOtYWNvLgpOYSB2ZXJkYWRlLCBvIHByaW1laXJvIGJhdGVkb3IgZm9pIHF1ZW0gZGV1IG8gbm9tZSwgZSBhY2Fib3UgcGVnYW5kby4=,,TG8gaGFyw6ku
keJXBw,,Tm8u,,,,,W0hpYmJhIEFnaXBdCkV1IGdvc3RhcmlhIGRlIHDDtHIgdm9jw6ogZW0gdW1hIG1pc3PDo28gZGUgcmVwcmVzc8OjbyBubyBUZW1wbG8gZG8gUmVpIERlbW9uw61hY28uCklzc28gbsOjbyDDqSB1bWEgb3JkZW0sIGUgc2ltIHVtIHBlZGlkbzsKdm9jw6ogw6kgcXVlbSBkZWNpZGUgYWNlaXRhciBhIG1pc3PDo28gYSBzZXUgcHLDs3ByaW8gcmlzY28u,,Tm8u
kuJXBw,,W0hpYmJhIEFnaXBdCkkga25ldyBJIGNob3NlIHRoZSByaWdodCBwZXJzb24gZm9yIHRoZSBqb2IuCkxva2kgc2FpZCB0aGUgRGVtb24gR29kIGhhZG4ndCBmdWxseSByZWNvdmVyZWQgZnJvbQp0aGUgZGFtYWdlIHJlY2VpdmVkIHVwb24gdGhlIGJyZWFrIG9mIGhpcyBzZWFsLg==,,,,,RmFyZWkgaXNzby4=,,W0hpYmJhIEFnaXBdClNhYsOtYSBxdWUgaGFiw61hIGVsZWdpZG8gYSBsYSBwZXJzb25hIGNvcnJlY3RhIHBhcmEgZXN0ZSB0cmFiYWpvLgpMb2tpIGRpam8gcXVlIGVsIGRpb3MgRGVtb25pbyBhw7puIG5vIHNlIHJlY3VwZXLDsyBwb3IgY29tcGxldG8gZGVsCmRhw7FvIHF1ZSByZWNpYmnDsyBjdWFuZG8gc2Ugcm9tcGnDsyBzdSBzZWxsby4=
k+JXBw,,W0hpYmJhIEFnaXBdCkhlJ3Mgc3RpbGwgbGlja2luZyBoaXMgd291bmRzLAp3aGljaCBnaXZlcyB1cyBhIHBlcmZlY3Qgb3Bwb3J0dW5pdHkgdG8gZ2V0IGF0IGhpbS4KR29vZCBsdWNrLg==,,,,,TsOjby4=,,W0hpYmJhIEFnaXBdClNpZ3VlIGxhbWnDqW5kb3NlIGxhcyBoZXJpZGFzLApsbyBxdWUgbm9zIGRhIGxhIG9wb3J0dW5pZGFkIHBlcmZlY3RhIHBhcmEgYXRhY2FybG8uCkJ1ZW5hIHN1ZXJ0ZS4=
lOJXBw,,W0hpYmJhIEFnaXBdCkkgdW5kZXJzdGFuZAp5b3UgZG9uJ3Qgd2FudCB0byByaXNrIHlvdXIgbGlmZSBmb3IgdGhlIHdvcmxkIHBlYWNlLgpFbmpveSBsaXZpbmcgdW50aWwgdGhlIGVuZCBvZiB0aGUgd29ybGQu,,,,,W0hpYmJhIEFnaXBdClNhYmlhIHF1ZSBldSB0aW5oYSBlc2NvbGhpZG8gYSBwZXNzb2EgY2VydGEgcGFyYSBlc3NhIHRhcmVmYS4KTG9raSBkaXNzZSBxdWUgbyBSZWkgRGVtb27DrWFjbyBuw6NvIHNlIHJlY3VwZXJvdSB0b3RhbG1lbnRlIGRvCmRhbm8gcXVlIHJlY2ViZXUgYW8gdGVyIHNldSBzZWxvIHF1ZWJyYWRvLg==,,W0hpYmJhIEFnaXBdCkVudGllbmRvCnF1ZSBubyBxdWllcmFzIGFycmllc2dhciB0dSB2aWRhIHBvciBsYSBwYXogbXVuZGlhbC4KRGlzZnJ1dGEgdHUgdmlkYSBoYXN0YSBxdWUgc2UgYWNhYmUgZWwgbXVuZG8u
leJXBw,,W0hpYmJhIEFnaXBdCipXaGlzdGxlKiBHb29kIHdvcmshCkhvdydzIHRoZSBUZW1wbGUgb2YgdGhlIERlbW9uIEdvZD8KU3RpbGwgdGhlIHNhbWU/,,,,,W0hpYmJhIEFnaXBdCkVsZSBhaW5kYSBlc3TDoSBjdXJhbmRvIHN1YXMgZmVyaWRhcywKbyBxdWUgbm9zIGTDoSB1bWEgb3BvcnR1bmlkYWRlIHBlcmZlaXRhIHBhcmEgcGVnw6EtbG8uCkJvYSBzb3J0ZS4=,,W0hpYmJhIEFnaXBdCipTaWxiaWRvKiDCoUJpZW4gaGVjaG8hCsK/Q8OzbW8gZXN0w6EgZWwgVGVtcGxvIGRlbCBkaW9zIERlbW9uaW8/CsK/U2lndWUgaWd1YWw/
luJXBw,,W0hpYmJhIEFnaXBdClRha2UgeW91ciByZXdhcmQuClNlZSB5b3UgYWdhaW4u,,,,,W0hpYmJhIEFnaXBdCkV1IGVudGVuZG8gcXVlCnZvY8OqIG7Do28gcXVlaXJhIGFycmlzY2FyIGEgdmlkYSBwZWxhIHBheiBtdW5kaWFsLgpBcHJvdmVpdGUgbyByZXN0byBkYSBzdWEgdmlkYSBhdMOpIG8gZmltIGRvIG11bmRvLg==,,W0hpYmJhIEFnaXBdClRvbWEgdHUgcmVjb21wZW5zYS4KTm9zIHZlbW9zLg==
l+JXBw,,W0hpYmJhIEFnaXBdCk5vdyB0aGF0IHdlJ3ZlIHRha2VuIGNhcmUgb2YgdGhlIG1haW4gYm9keSwgd2UgY2FuIHRha2UgdGhpbmdzIHNsb3cuCldoeSBkb24ndCB5b3UgZ28gcmVzdCBmb3Igbm93PwpMZWF2ZSB0aGUgcmVzdCB0byB1cy4=,,,,,W0hpYmJhIEFnaXBdCipBc3NvdmlvKiBCb20gdHJhYmFsaG8hCkNvbW8gZXN0w6EgbyBUZW1wbG8gZG8gUmVpIERlbW9uw61hY28/CkFpbmRhIG8gbWVzbW8/,,W0hpYmJhIEFnaXBdCkFob3JhIHF1ZSBub3MgZW5jYXJnYW1vcyBkZSBsbyBwcmluY2lwYWwsIHBvZGVtb3MgdG9tYXIgbGFzIGNvc2FzIGNvbiBjYWxtYS4Kwr9Qb3IgcXXDqSBubyB0ZSB2YXMgYSBkZXNjYW5zYXI/CkTDqWphbm9zIGVsIHJlc3RvIGEgbm9zb3Ryb3Mu
mOJXBw,,W0hpYmJhIEFnaXBdCkkgd291bGRuJ3QgYmVsaWV2ZSB5b3UgaGFkIGFuIGludGVuc2UgYmF0dGxlIHllc3RlcmRheSBpZiBJIGRpZG4ndCBhbHJlYWR5IGtub3cgYWJvdXQgaXQuCkFyZSB5b3UgcmVhZHkgZm9yIGFub3RoZXIgYmF0dGxlPw==,,,,,W0hpYmJhIEFnaXBdClBlZ3VlIGEgc3VhIHJlY29tcGVuc2EuCkF0w6kgYSBwcsOzeGltYS4=,,W0hpYmJhIEFnaXBdCk5vIGNyZWVyw61hIHF1ZSBheWVyIHBhcnRpY2lwYXN0ZSBlbiB1bmEgaW50ZW5zYSBiYXRhbGxhIHNpIG5vIGxvIHN1cGllcmEgZGUgYW50ZW1hbm8uCsK/VG9kbyBsaXN0byBwYXJhIG90cmEgYmF0YWxsYT8=
meJXBw,,W0hpYmJhIEFnaXBdCkxldCBtZSBrbm93IHdoZW4geW91J3JlIHJlYWR5LgpNb3Jyb2MgaXMgZ29uZSwgeWV0IGhpcyB0ZW1wbGUgc3RhbmRzLgpJdCBtaWdodCBoYXZlIHNvbWV0aGluZyB0byBkbyB3aXRoIHRoZSBEaW1lbnNpb25hbCBDcmFjay4=,,,,,W0hpYmJhIEFnaXBdCkFnb3JhIHF1ZSBjdWlkYW1vcyBkbyBwcmluY2lwYWwsIHBvZGVtb3MgaXIgdW0gcG91Y28gbWFpcyBkZXZhZ2FyLgpQb3IgcXVlIG7Do28gdmFpIGRlc2NhbnNhciBhZ29yYT8KRGVpeGUgbyByZXN0YW50ZSBjb25vc2NvLg==,,W0hpYmJhIEFnaXBdCkF2w61zYW1lIGN1YW5kbyB0ZW5nYXMgdG9kbyBsaXN0by4KTW9yb2NjIHlhIG5vIGVzdMOhLCBwZXJvIHN1IHRlbXBsbyBzaWd1ZSBlbiBwaWUuClBvZHLDrWEgZXN0YXIgcmVsYWNpb25hZG8gY29uIGxhIGdyaWV0YSBkaW1lbnNpb25hbC4=
muJXBw,,W0hpYmJhIEFnaXBdCk9oLCBkb24ndCB3b3JyeS4gSSdtIG5vdCB0aGlua2luZyB0byBzZW5kIHlvdSBvdXQgdGhlcmUuCkhhaCBoYWggaGFoIQ==,,,,,W0hpYmJhIEFnaXBdCkV1IG7Do28gYWNyZWRpdGFyaWEgcXVlIHZvY8OqIHRldmUgdW1hIGJhdGFsaGEgaW50ZW5zYSBvbnRlbSBzZSBldSBqw6EgbsOjbyBzb3ViZXNzZS4KRXN0w6EgcHJvbnRvIHBhcmEgb3V0cmEgYmF0YWxoYT8=,,W0hpYmJhIEFnaXBdCkFoLCBubyB0ZSBwcmVvY3VwZXMuIE5vIHBpZW5zbyBlbnZpYXJ0ZSBhbGzDrS4KwqFKYSwgamEsIGphIQ==
m+JXBw,,W0hpYmJhIEFnaXBdCkZvciB0aGUgbGlmZSBvZiBtZSwgSSBjYW4ndCBmaWd1cmUgb3V0IHdoYXQncyBoYXBwZW5pbmcuClRoaXMgcGxhY2UgaGFzIGdvbmUgdG8gdGhlIGRvZ3Mgc2luY2UgdGhhdCBtb25zdGVyIHByb2NsYWltZWQgdGhhdCBoZSB3b3VsZCByZXBsYWNlIEdvZC4=,,,,,W0hpYmJhIEFnaXBdCk1lIGF2aXNlIHF1YW5kbyBlc3RpdmVyIHByb250by4KTW9ycm9jIHNlIGZvaSwgbWFzIHNldSB0ZW1wbG8gYWluZGEgZXN0w6EgZGUgcMOpLgpQb2RlIHRlciBhbGdvIGEgdmVyIGNvbSBhIEZpc3N1cmEgRGltZW5zaW9uYWwu,,W0hpYmJhIEFnaXBdCk5vIGltcG9ydGEgY3XDoW50byBsbyBpbnRlbnRlLCBubyBsb2dybyBlbnRlbmRlciBxdcOpIHN1Y2VkZS4KRXN0ZSBsdWdhciBzZSBmdWUgYSBwaXF1ZSBkZXNkZSBxdWUgZXNlIG1vbnN0cnVvIGFudW5jacOzIHF1ZSByZWVtcGxhemFyw61hIGFsIGRpb3Mu
nOJXBw,,W0hpYmJhIEFnaXBdCkknbSBhZnJhaWQgb25jZSB3YXJwZWQsIGRpbWVuc2lvbnMgY2FuIG5ldmVyIGJlIHRoZSBzYW1lLgpDb3VsZCB5b3UgZ28gYmFjayB0byB0aGUgVGVtcGxlIG9mIHRoZSBEZW1vbiBHb2Qgb25jZSBtb3JlPw==,,,,,W0hpYmJhIEFnaXBdCk9oLCBuw6NvIHNlIHByZW9jdXBlLiBOw6NvIGVzdG91IHBlbnNhbmRvIGVtIHRlIG1hbmRhciBwYXJhIGzDoS4KSGFoYWhhIQ==,,W0hpYmJhIEFnaXBdCk1lIHRlbW8gcXVlLCB1bmEgdmV6IHF1ZSBzZSBkaXN0b3JzaW9uYW4sIGxhcyBkaW1lbnNpb25lcyBqYW3DoXMgdnVlbHZlbiBhIHNlciBpZ3VhbGVzLgrCv1BvZHLDrWFzIHZvbHZlciBhbCBUZW1wbG8gZGVsIGRpb3MgRGVtb25pbyB1bmEgdmV6IG3DoXM/
neJXBw,,U3VyZS4=,,,,,W0hpYmJhIEFnaXBdCkV1IGp1cm8gcXVlIG7Do28gY29uc2lnbyBlbnRlbmRlciBvIHF1ZSBlc3TDoSBhY29udGVjZW5kby4KRXNzZSBsdWdhciBmb2kgZW50cmVndWUgw6AgYmFyYsOhcmllIGRlc2RlIHF1ZSBhcXVlbGUgbW9uc3RybyBwcm9jbGFtb3UgcXVlIHN1YnN0aXR1aXJpYSBhIERldXMu,,Q2xhcm8u
nuJXBw,,W0hpYmJhIEFnaXBdClRoZSBUZW1wbGUgb2YgdGhlIERlbW9uIEdvZCBpcyBzdHVjayBpbiBhIHBlcnBldHVhbCB0aW1lIGxvb3AsCmp1c3QgbGlrZSBhbGwgdGhlIG90aGVyIERpbWVuc2lvbmFsIENyYWNrcy4=,,,,,W0hpYmJhIEFnaXBdClJlY2VpbyBxdWUgZGVwb2lzIGRlIGRpc3RvcmNpZGFzLCBhcyBkaW1lbnPDtWVzIG51bmNhIG1haXMgc8OjbyBhcyBtZXNtYXMuClZvY8OqIHBvZGVyaWEgdm9sdGFyIHBhcmEgbyBUZW1wbG8gZG8gUmVpIERlbW9uw61hY28gbWFpcyB1bWEgdmV6Pw==,,W0hpYmJhIEFnaXBdCkVsIFRlbXBsbyBkZWwgZGlvcyBEZW1vbmlvIGVzdMOhIGF0cmFwYWRvIGVuIHVuIGJ1Y2xlIHRlbXBvcmFsIGluZmluaXRvLAphbCBpZ3VhbCBxdWUgdG9kYXMgbGFzIGRlbcOhcyBncmlldGFzIGRpbWVuc2lvbmFsZXMu
n+JXBw,,W0hpYmJhIEFnaXBdCkhlIHRyaWVkIGRlc3BlcmF0ZWx5IHRvIGVzY2FwZSBmcm9tIHRoaXMgd29ybGQsIGJ1dCBhbGwgdG8gbm8gYXZhaWwuClRoYXQgd29ybGQgb2YgaGlzIGlzIG5vdyBmaWxsZWQgd2l0aCBub3RoaW5nIGJ1dCBoZWxsaXNoIG1lbW9yaWVzIHRoYXQgcmVwZWF0IHRoZW1zZWx2ZXMgb3ZlciBhbmQgb3Zlci4=,,,,,Q2xhcm8u,,W0hpYmJhIEFnaXBdCkludGVudMOzIGNvbiBkZXNlc3BlcmFjacOzbiBlc2NhcGFyIGRlIGVzdGUgbXVuZG8sIHBlcm8gZnVlIGVuIHZhbm8uCkVzZSBtdW5kbyBzdXlvIGFob3JhIHNvbG8gY29udGllbmUgcmVjdWVyZG9zIGluZmVybmFsZXMgcXVlIHNlIHJlcGl0ZW4gdW5hIHkgb3RyYSB2ZXou
oOJXBw,,W0hpYmJhIEFnaXBdCkdvb2QgbHVjayBleHBsb3JpbmcgdGhlIHRlbXBsZS4gSWYgeW91IHNlZSBNb3Jyb2MgYWdhaW4sIGRvbid0IGhlc2l0YXRlIHRvIGtpbGwgdGhlIERlbW9uIEdvZCBhZ2Fpbi4KSGUgZG9lc24ndCBkZXNlcnZlIGNvbW1pc2VyYXRpb24uCkdvZHNwZWVkLg==,,,,,W0hpYmJhIEFnaXBdCk8gVGVtcGxvIGRvIFJlaSBEZW1vbsOtYWNvIGVzdMOhIHByZXNvIGVtIHVtIGNpY2xvIHRlbXBvcmFsLApleGF0YW1lbnRlIGNvbW8gdG9kYXMgYXMgb3V0cmFzIEZpc3N1cmFzIERpbWVuc2lvbmFpcy4=,,W0hpYmJhIEFnaXBdCkJ1ZW5hIHN1ZXJ0ZSBjb24gbGEgZXhwbG9yYWNpw7NuIGRlbCB0ZW1wbG8uIFNpIHZlcyBhbCBkaW9zIERlbW9uaW8gTW9yb2NjIGRlIG51ZXZvLCBubyBkdWRlcyBlbiB2b2x2ZXIgYSBtYXRhcmxvLgpObyBzZSBtZXJlY2UgcGllZGFkLgpCdWVuYSBzdWVydGUu
oeJXBw,,W0hpYmJhIEFnaXBdCkkgdW5kZXJzdGFuZC4KWW91J3ZlIGRvbmUgZW5vdWdoIGFscmVhZHkuCkknbGwgc2VuZCBzb21lb25lIGVsc2Uu,,,,,W0hpYmJhIEFnaXBdCkVsZSB0ZW50b3UgZGVzZXNwZXJhZGFtZW50ZSBlc2NhcGFyIGRlc3NlIG11bmRvLCBtYXMgc2VtIHN1Y2Vzc28uCkFxdWVsZSBtdW5kbyBkZWxlIGVzdMOhIGFnb3JhIHJlcGxldG8gZGUgbmFkYSBhbMOpbSBkZSBtZW3Ds3JpYXMgaW5mZXJuYWlzIHF1ZSBzZSByZXBldGVtIGRlIG5vdm8gZSBkZSBub3ZvLg==,,W0hpYmJhIEFnaXBdCkVudGllbmRvLgpZYSBoaWNpc3RlIGJhc3RhbnRlLgpFbnZpYXLDqSBhIG90cmEgcGVyc29uYS4=
ouJXBw,,W0hpYmJhIEFnaXBdClRoaXMgcGxhY2UgaXMgYml6YXJyZSBiZXlvbmQgY29tcHJlaGVuc2lvbi4KTW9ycm9jIGlzIGhlcmUgc29tZXdoZXJlLg==,,,,,W0hpYmJhIEFnaXBdCkJvYSBzb3J0ZSBhbyBleHBsb3JhciBvIHRlbXBsby4gU2Ugdm9jw6ogdmlyIE1vcnJvYyBkZSBub3ZvLCBuw6NvIGhlc2l0ZSBlbSBtYXRhciBvIFJlaSBEZW1vbsOtYWNvIG1haXMgdW1hIHZlei4KRWxlIG7Do28gbWVyZWNlIGNvbXBhaXjDo28uCkJvYSBzb3J0ZS4=,,W0hpYmJhIEFnaXBdCkVzdGUgbHVnYXIgZXMgZXN0cmFmYWxhcmlvIG3DoXMgYWxsw6EgZGUgbGEgY29tcHJlbnNpw7NuLgpNb3JvY2MgZXN0w6EgYXF1w60gZW4gYWxndW5hIHBhcnRlLg==
o+JXBw,,W0hpYmJhIEFnaXBdClRoaXMgZGVmaW5pdGVseSBsb29rcyBhYnlzbWFsIGVub3VnaCBmb3Igc29tZW9uZSBsaWtlIGhpbSB0byBoYW5nIGFyb3VuZC4KVGhvc2UgbXVzdCBoYXZlIGJlZW4gZHJhZ2dlZCBpbiBmcm9tIHRoZSBNb3Jyb2MgRGVzZXJ0LCB0aGVuIGNvbnRhbWluYXRlZCBieSBoaXMgZXZpbCBlbmVyZ3ku,,,,,W0hpYmJhIEFnaXBdCkV1IGVudGVuZG8uClZvY8OqIGrDoSBmZXogbyBzdWZpY2llbnRlLgpWb3UgbWFuZGFyIG91dHJhIHBlc3NvYS4=,,W0hpYmJhIEFnaXBdClNpbiBkdWRhcywgZXN0ZSBsdWdhciBwYXJlY2UgbG8gc3VmaWNpZW50ZW1lbnRlIGFiaXNtYWwgcGFyYSBxdWUgYWxndWllbiBjb21vIMOpbCBkZWFtYnVsZSBwb3IgYXF1w60uCkxvcyBkZWJlbiBkZSBoYWJlciBhcnJhc3RyYWRvIGRlc2RlIGVsIGRlc2llcnRvIGRlIE1vcnJvYywgeSBsdWVnbyBzZSBjb250YW1pbmFyb24gY29uIHN1IGVuZXJnw61hIG1hbGlnbmEu
pOJXBw,,W0hpYmJhIEFnaXBdClNpZ2guLi4KV2UgaGF2ZSBhIGxvbmcgYW5kIHdpbmRpbmcgbG9hZCBhaGVhZCBvZiB1cy4KLi4u,,,,,W0hpYmJhIEFnaXBdCkVzc2UgbHVnYXIgw6kgYml6YXJybyBhbMOpbSBkYSBjb21wcmVlbnPDo28uCk1vcnJvYyBlc3TDoSBlbSBhbGd1bSBsdWdhciBwb3IgYXF1aS4=,,W0hpYmJhIEFnaXBdCipTdXNwaXJh4oCmKgpOb3MgZXNwZXJhIHVuIGNhbWlubyBsYXJnbyB5IHNpbnVvc28uCuKApg==
peJXBw,,W0hpYmJhIEFnaXBdClNpZ2guCkknbGwgY2FsbCB5b3Ugd2hlbiBJIG5lZWQgeW91LgpUaWxsIHRoZW4sIGZvY3VzIG9uIHN0YXlpbmcgYWxpdmUu,,,,,W0hpYmJhIEFnaXBdCklzc28gZGVmaW5pdGl2YW1lbnRlIGVzdMOhIGNvbSB1bWEgY2FyYSBob3Jyw612ZWwgbyBzdWZpY2llbnRlIHBhcmEgZWxlIHZpdmVyIHBvciBhcXVpLgpFc3NhcyBjb2lzYXMgZGV2ZW0gdGVyIHNpZG8gYXJyYXN0YWRhcyBkbyBEZXNlcnRvIGRlIE1vcnJvYywgZSBlbnTDo28gY29udGFtaW5hZGFzIHBvciBzdWEgZW5lcmdpYSBtYWzDqWZpY2Eu,,W0hpYmJhIEFnaXBdCipTdXNwaXJhKgpUZSBsbGFtYXLDqSBjdWFuZG8gdGUgbmVjZXNpdGUuCkhhc3RhIGVudG9uY2VzLCBjb25jw6ludHJhdGUgZW4gc2VndWlyIGNvbiB2aWRhLg==
puJXBw,,QWRqdXRhbnQgQWJpZGFs,,,,,W0hpYmJhIEFnaXBdCipTdXNwaXJvKgpUZW1vcyB1bSBsb25nbyBlIHNpbnVvc28gY2FtaW5obyBwZWxhIGZyZW50ZS4KLi4u,,QWRqdXRhbnQgQWJpZGFs
p+JXBw,,W0FiaWRhbF0KWW91IGRpZCBncmVhdC4gWW91IHNob3VsZCBnbyByZXN0Lg==,,,,,W0hpYmJhIEFnaXBdCipTdXNwaXJvKgpUZSBjaGFtbyBxdWFuZG8gcHJlY2lzYXIgZGUgdm9jw6ouCkF0w6kgbMOhLCBwcmVvY3VwZS1zZSBlbSBtYW50ZXItc2Ugdml2by4=,,W0FiaWRhbF0KTG8gaGljaXN0ZSBtdXkgYmllbi4gRGViZXLDrWFzIGRlc2NhbnNhci4=
qOJXBw,,W0FiaWRhbF0KQXJlIHlvdSB3ZWxsIHJlc3RlZD8KWW91IGxvb2sgbGlrZSB5b3UgYXJlLgpUaGF0J3MgZ3JlYXQgYmVjYXVzZSB3ZSdyZSB3b3JyaWVkIGFib3V0IHRoZSBUZW1wbGUgb2YgdGhlIERlbW9uIEdvZC4gV2UgY2FuJ3Qgc2VlbSB0byBjbG9zZSBpdC4=,,,,,QWp1ZGFudGUgQWJpZGFs,,W0FiaWRhbF0Kwr9EZXNjYW5zYXN0ZSBiaWVuPwpQYXJlY2UgcXVlIHPDrS4KTWVqb3IgYXPDrSwgcG9ycXVlIG5vcyBwcmVvY3VwYSBlbCBUZW1wbG8gZGVsIGRpb3MgRGVtb25pby4gUGFyZWNlIHF1ZSBubyBwb2RlbW9zIGNlcnJhcmxvLg==
qeJXBw,,W0FiaWRhbF0KSSBtaWdodCBhc2sgeW91IGFnYWluIHRvIGV4dGVybWluYXRlIEZyb3N0IFNwaWRlcnMgYW5kIEZpcmUgV29sdmVzLgpXaHkgd291bGRuJ3QgdGhlIFRlbXBsZSBvZiB0aGUgRGVtb24gR29kIGRpc2FwcGVhcj8=,,,,,W0FqdWRhbnRlIEFiaWRhbF0KVm9jw6ogc2Ugc2FpdSBtdWl0byBiZW0uIERldmVyaWEgZGVzY2Fuc2FyLg==,,W0FiaWRhbF0KUXVpesOhcyB2dWVsdmEgYSBwZWRpcnRlIHF1ZSBleHRlcm1pbmVzIGEgbGFzIEFyYcOxYXMgZGUgZXNjYXJjaGEgeSBhIGxvcyBMb2JvcyBkZSBmdWVnby4Kwr9Qb3IgcXXDqSBubyBkZXNhcGFyZWNlcsOtYSBlbCBUZW1wbG8gZGVsIGRpb3MgRGVtb25pbz8=
quJXBw,,W0FiaWRhbF0KQWNjb3JkaW5nIHRvIG15IGludGVsLCB0aGUgRGVtb24gR29kIGhhcyBzZXZlcmFsIGhlbmNobWVuLgpJJ2QgbGlrZSB5b3UgdG8gZWxpbWluYXRlIHRoZSBiaWdnZXN0IHRocmVhdCBhbW9uZyB0aGVtLg==,,,,,W0FqdWRhbnRlIEFiaWRhbF0KVm9jw6ogZXN0w6EgYmVtIGRlc2NhbnNhZG8/CkVzdMOhIGNvbSBjYXJhIGRlIHF1ZSBlc3TDoS4KSXNzbyDDqSDDs3RpbW8sIHBvcnF1ZSBlc3RhbW9zIHByZW9jdXBhZG9zIGNvbSBvIFRlbXBsbyBkbyBSZWkgRGVtb27DrWFjby4gTsOzcyBuw6NvIGVzdGFtb3MgY29uc2VndWluZG8gZmVjaMOhLWxvLg==,,W0FiaWRhbF0KU2Vnw7puIGxhIGluZm9ybWFjacOzbiBxdWUgdGVuZ28sIGVsIGRpb3MgRGVtb25pbyB0aWVuZSB2YXJpb3Mgc2VjdWFjZXMuClF1aXNpZXJhIHF1ZSBlbGltaW5lcyBhIGxhIG1heW9yIGFtZW5hemEgZW50cmUgZWxsb3Mu
q+JXBw,,W0FiaWRhbF0KSXQgd29uJ3QgYmUgZWFzeSwgYnV0IEkgaGF2ZSBmYWl0aCBpbiB5b3UuClRoZSBmdXR1cmUgb2YgTWlkZ2FyZCByZXN0cyBvbiB5b3VyIHNob3VsZGVycy4=,,,,,W0FqdWRhbnRlIEFiaWRhbF0KUG9zc28gdGVyIHF1ZSBwZWRpciBub3ZhbWVudGUgcGFyYSBxdWUgdm9jw6ogZXh0ZXJtaW5lIEFyYW5oYXMgZG8gR2VsbyBlIExvYm9zIGRvIEZvZ28uClBvciBxdWUgbyBUZW1wbG8gZG8gUmVpIERlbW9uw61hY28gbsOjbyBkZXNhcGFyZWNlPw==,,W0FiaWRhbF0KTm8gc2Vyw6EgZsOhY2lsLCBwZXJvIGNvbmbDrW8gZW4gdGkuCkVsIGZ1dHVybyBkZSBNaWRnYXJkIGVzdMOhIGVuIHR1cyBtYW5vcy4=
rOJXBw,,W0FiaWRhbF0KWW91IGRpZCBpdCEKSSBrbmV3IHlvdSB3b3VsZCEKQ29uZ3JhdHVsYXRpb25zIQ==,,,,,W0FqdWRhbnRlIEFiaWRhbF0KRGUgYWNvcmRvIGNvbSBtaW5oYXMgaW5mb3JtYcOnw7VlcywgbyBSZWkgRGVtb27DrWFjbyB0ZW0gdsOhcmlvcyBjYXBhbmdhcy4KRXUgZ29zdGFyaWEgcXVlIHZvY8OqIGVsaW1pbmFzc2UgYSBtYWlvciBhbWVhw6dhIGRlbnRyZSBlbGVzLg==,,W0FiaWRhbF0KwqFMbyBsb2dyYXN0ZSEKwqFTYWLDrWEgcXVlIHBvZMOtYXMhCsKhRmVsaWNpdGFjaW9uZXMh
reJXBw,,W0FiaWRhbF0KQnV0IEknbSBhZnJhaWQgdGhpcyBpcyBub3Qgb3ZlciB5ZXQuCkkgaGF2ZSB0aGlzIG5hZ2dpbmcgc2Vuc2Ugb2YgbWlzZ2l2aW5nLgpJJ20gc29ycnkuIE1heWJlIEknbSB0aGlua2luZyBpcnJhdGlvbmFsbHku,,,,,W0FqdWRhbnRlIEFiaWRhbF0KTsOjbyB2YWkgc2VyIGbDoWNpbCwgbWFzIHRlbmhvIGbDqSBlbSB2b2PDqi4KTyBmdXR1cm8gZGUgTWlkZ2FyZCBlc3TDoSBlbSBzdWFzIG3Do29zLg==,,W0FiaWRhbF0KUGVybyBtZSB0ZW1vIHF1ZSBhw7puIG5vIHNlIHRlcm1pbmEuClRlbmdvIHVuYSBzZW5zYWNpw7NuIGRlIHJlY2VsbyBwZXJzaXN0ZW50ZS4KTG8gc2llbnRvLiBRdWl6w6FzIG1pcyBwZW5zYW1pZW50b3Mgc29uIGlycmFjaW9uYWxlcy4=
ruJXBw,,W0FiaWRhbF0KSSd2ZSBwcmVwYXJlZCBhIHNtYWxsIHRva2VuIG9mIGFwcHJlY2lhdGlvbiBmb3IgeW91LgpJJ20gc29ycnkgdGhpcyBpcyB0aGUgYmVzdCBJIGNhbiBkby4KVGhhbmsgeW91IGZvciB5b3VyIGhhcmQgd29yay4=,,,,,W0FqdWRhbnRlIEFiaWRhbF0KVm9jw6ogY29uc2VndWl1IQpTYWJpYSBxdWUgdm9jw6ogY29uc2VndWlyaWEhClBhcmFiw6lucyE=,,W0FiaWRhbF0KVGUgcHJlcGFyw6kgdW5hIHBlcXVlw7FhIG11ZXN0cmEgZGUgYWdyYWRlY2ltaWVudG8uClBlcmTDs24sIGVzIGxvIG1lam9yIHF1ZSBwdWVkbyBoYWNlci4KR3JhY2lhcyBwb3IgdHUgZXNmdWVyem8u
r+JXBw,,W0FiaWRhbF0KQXJlIHlvdSBvbiB0aGUgcXVlc3QgdG8gc3VianVnYXRlIHRoZSBUZW1wbGUgb2YgdGhlIERlbW9uIEdvZD8KVGhlbiBwbGVhc2UgZG8gbWUgYSBmYXZvci4KT3VyIHNjb3V0cyBoYXZlIHJlcG9ydGVkIG9uIHRoZSBwcmVzZW5jZSBvZiBhIEZyb3N0IFNwaWRlciBhbmQgYSBGaXJlIFdvbGYgdGhhdCBoYXZlIHRhc3RlZCB0aGUgRnJvc3Qgb2YgR2VuZXNpcy4=,,,,,W0FqdWRhbnRlIEFiaWRhbF0KTWFzIHJlY2VpbyBxdWUgaXNzbyBhaW5kYSBuw6NvIHRlbmhhIGFjYWJhZG8uCkVzdG91IGNvbSBlc3NhIHNlbnNhw6fDo28gaXJyaXRhbnRlIGRlIGFwcmVlbnPDo28uCkRlc2N1bHBlLiBUYWx2ZXogZXUgZXN0ZWphIHBlbnNhbmRvIGRlIGZvcm1hIGlycmFjaW9uYWwu,,W0FiaWRhbF0Kwr9CdXNjYXMgc3VieXVnYXIgZWwgVGVtcGxvIGRlbCBkaW9zIERlbW9uaW8/CkVudG9uY2VzLCBoYXptZSB1biBmYXZvci4KTnVlc3Ryb3MgZXhwbG9yYWRvcmVzIGluZm9ybWFuIGRlIGxhIHByZXNlbmNpYSBkZSB1bmEgQXJhw7FhIGRlIGVzY2FyY2hhIHkgdW4gTG9ibyBkZSBmdWVnbyBxdWUgc2Fib3JlYXJvbiBsYSBFc2NhcmNoYSBkZWwgR8OpbmVzaXMu
sOJXBw,,W0FiaWRhbF0KVGhleSdyZSBqdXN0IGFzIGV2aWwgYXMgdGhlaXIgbWFzdGVyIE1vcnJvYy4KUGxlYXNlIGV4dGVybWluYXRlIHRoZSBGcm9zdCBTcGlkZXIgYW5kIEZpcmUgV29sZi4=,,,,,W0FqdWRhbnRlIEFiaWRhbF0KRXUgcHJlcGFyZWkgdW1hIGxlbWJyYW5jaW5oYSBwYXJhIHRlIGFncmFkZWNlci4gClNpbnRvIG11aXRvIHF1ZSBpc3NvIHNlamEgbyBtZWxob3IgcXVlIGV1IGNvbnNpZ2EgZmF6ZXIuCk9icmlnYWRvIHBvciBzZXUgdHJhYmFsaG8gZHVyby4=,,W0FiaWRhbF0KU29uIHRhbiBtYWx2YWRvcyBjb21vIHN1IGFtbyBNb3JvY2MuCkV4dGVybWluYSBhIGxhIEFyYcOxYSBkZSBlc2NhcmNoYSB5IGFsIExvYm8gZGUgZnVlZ28u
seJXBw,,QWNjZXB0Lg==,,,,,W0FqdWRhbnRlIEFiaWRhbF0KVm9jw6ogZXN0w6EgbmEgbWlzc8OjbyBkZSBzdWJqdWdhciBvIFRlbXBsbyBkbyBSZWkgRGVtb27DrWFjbz8KRW50w6NvLCBwb3IgZ2VudGlsZXphLCBtZSBmYcOnYSB1bSBmYXZvci4KTm9zc29zIGJhdGVkb3JlcyByZWxhdGFyYW0gYSBwcmVzZW7Dp2EgZGUgdW1hIEFyYW5oYSBkbyBHZWxvIGUgdW0gTG9ibyBkbyBGb2dvIHF1ZSBleHBlcmltZW50YXJhbSBvIEdlbG8gZGEgQ3JpYcOnw6NvLg==,,QWNlcHRhci4=
suJXBw,,W0FiaWRhbF0KVGhhbmsgeW91LgpUaGUgRmlyZSBTcGlkZXIgaXMgY2FsbGVkIEJyaW5hcmFuZWE7IHRoZSBGaXJlIFdvbGYsIE11c3BlbGxza29sbC4KUGxlYXNlIGV4dGVybWluYXRlIHRob3NlIGNyZWF0dXJlcyBvZiB0aGUgRGVtb24gR29kLgpHb29kIGx1Y2su,,,,,W0FqdWRhbnRlIEFiaWRhbF0KRWxlcyBzw6NvIHTDo28gbWFsw6lmaWNvcyBxdWFudG8gbyBtZXN0cmUgZGVsZXMsIE1vcnJvYy4KUG9yIGZhdm9yLCBleHRlcm1pbmUgYSBBcmFuaGEgZG8gR2VsbyBlIG8gTG9ibyBkbyBGb2dvLg==,,W0FiaWRhbF0KR3JhY2lhcy4KTGEgQXJhw7FhIGRlIGVzY2FyY2hhIHNlIGxsYW1hIEJyaW5hcmFuZWE7IGVsIExvYm8gZGUgZnVlZ28sIE11c3BlbGxza29sbC4KRXh0ZXJtaW5hIGEgZXNhcyBjcmlhdHVyYXMgZGVsIGRpb3MgRGVtb25pby4KQnVlbmEgc3VlcnRlLg==
s+JXBw,,W0FiaWRhbF0KQXJlIHlvdSBhZnJhaWQgeW91IGNhbid0IGhhbmRsZSB0aGVtPwpJIHVuZGVyc3RhbmQuClRoZXkncmUgZm9ybWlkYWJsZSBlbmVtaWVzLg==,,,,,QWNlaXRhci4=,,W0FiaWRhbF0Kwr9UZW1lcyBubyBwb2RlciBtYW5lamFybGFzPwpFbnRpZW5kby4KU29uIGVuZW1pZ29zIGZvcm1pZGFibGVzLg==
tOJXBw,,W0FiaWRhbF0KRGlkIHlvdSBjb21lIHRvIGhlbHAgdXMgc3VianVnYXRlIHRoZSBEZW1vbiBHb2Q/ClBsZWFzZSBiZSBjYXJlZnVsOyB0aGUgZW52aXJvbm1lbnQgb2YgdGhpcyBwbGFjZSBrZWVwcyBjaGFuZ2luZyB3aXRob3V0IGFueSB3YXJuaW5nLg==,,,,,W0FqdWRhbnRlIEFiaWRhbF0KT2JyaWdhZG8uCkEgQXJhbmhhIGRvIEdlbG8gc2UgY2hhbWEgQnJpbmFyYW5lYTsgbyBMb2JvIGRvIEZvZ28sIE11c3BlbGxza29sbC4KUG9yIGZhdm9yLCBleHRlcm1pbmUgZXNzYXMgY3JpYXR1cmFzIGRvIFJlaSBEZW1vbsOtYWNvLgpCb2Egc29ydGUu,,W0FiaWRhbF0Kwr9WaW5pc3RlIGEgYXl1ZGFybm9zIGEgc3VieXVnYXIgYWwgZGlvcyBEZW1vbmlvPwpUZW4gY3VpZGFkbzsgYXF1w60gZWwgYW1iaWVudGUgY2FtYmlhIHNpbiBwcmV2aW8gYXZpc28u
teJXBw,,SW5zdHJ1Y3RvciBJZ3JpZA==,,,,,W0FqdWRhbnRlIEFiaWRhbF0KVm9jw6ogdGVtIG1lZG8gZGUgbsOjbyBjb25zZWd1aXIgbGlkYXIgY29tIGVsZXM/CkV1IGVudGVuZG8uClPDo28gaW5pbWlnb3MgZm9ybWlkw6F2ZWlzLg==,,SW5zdHJ1Y3RvciBJZ3JpZA==
tuJXBw,,W0luc3RydWN0b3IgSWdyaWRdCllvdS4KKFNoYWtpbmcgaGVyIGhlYWQpIFlvdSB3b24ndCBkby4KWW91J3JlIHRvbyB3ZWFrIHRvIGZpZ2h0IHRoZXNlIERlbW9ucy4KR28gYmFjayBhbmQgdHJhaW4gc29tZSBtb3JlLg==,,,,,W0FqdWRhbnRlIEFiaWRhbF0KVm9jw6ogdmVpbyBub3MgYWp1ZGFyIGEgc3VianVnYXIgbyBSZWkgRGVtb27DrWFjbz8KUG9yIGZhdm9yLCB0b21lIGN1aWRhZG87IG8gYW1iaWVudGUgbmVzc2UgbHVnYXIgbXVkYSBzZW0gYXZpc28u,,W0luc3RydWN0b3IgSWdyaWRdClTDui4KKHNhY3VkZSBsYSBjYWJlemEpIE5vIHNlcnZpcsOhcy4KRXJlcyBkZW1hc2lhZG8gZMOpYmlsIHBhcmEgbHVjaGFyIGNvbnRyYSBlc3RvcyBkZW1vbmlvcy4KUmVncmVzYSBjdWFuZG8gaGF5YXMgZW50cmVuYWRvIHVuIHBvY28gbcOhcy4=
t+JXBw,,W0luc3RydWN0b3IgSWdyaWRdCllvdS4KRG8geW91IG1lYW4gdGhvc2UgZ2lhbnQgcmVpbmNhcm5hdGlvbnM/CkkndmUgYXNzaWduZWQgc29tZSBtb3JlIGFkdmVudHVyZXJzIHRvIHRha2UgY2FyZSBvZiB0aGVtLg==,,,,,SW5zdHJ1dG9yIElncmlk,,W0luc3RydWN0b3IgSWdyaWRdClTDui4Kwr9UZSByZWZpZXJlcyBhIGVzYXMgcmVlbmNhcm5hY2lvbmVzIGdpZ2FudGVzPwpBc2lnbsOpIGFsZ3Vub3MgdHJvdGFtdW5kb3MgbcOhcyBwYXJhIHF1ZSBzZSBlbmNhcmd1ZW4u
uOJXBw,,W0luc3RydWN0b3IgSWdyaWRdCllvdSBzaG91bGQgcmVzdCBmb3IgdGhlIGRheS4gQ29tZSBiYWNrIHRvIGh1bnQgdG9tb3Jyb3cu,,,,,W0luc3RydXRvciBJZ3JpZF0KVm9jw6ouCihCYWxhbsOnYW5kbyBhIGNhYmXDp2EpIFZvY8OqIG7Do28gc2VydmUuClZvY8OqIMOpIGZyYWNvIGRlbWFpcyBwYXJhIGx1dGFyIGNvbSBlc3NlcyBEZW3DtG5pb3MuClZvbHRlIGUgdHJlaW5lIHVtIHBvdWNvIG1haXMu,,W0luc3RydWN0b3IgSWdyaWRdClBvciBob3kgZGViZXLDrWFzIGRlc2NhbnNhci4gVnVlbHZlIG1hw7FhbmEgcGFyYSBsYSBjYWNlcsOtYS4=
ueJXBw,,W0luc3RydWN0b3IgSWdyaWRdCkl0J3MgYWxtb3N0IHRpbWUgZm9yIGEgRGVtb24gaHVudC4KQXJlbid0IHlvdSBleGNpdGVkPyBCZWNhdXNlIEkgYW0hIEhhaCBoYWgh,,,,,W0luc3RydXRvciBJZ3JpZF0KVm9jw6ouClZvY8OqIHF1ZXIgZGl6ZXIgZXNzYXMgcmVlbmNhcm5hw6fDtWVzIGdpZ2FudGVzPwpNYW5kZWkgYWxndW5zIG91dHJvcyBhdmVudHVyZWlyb3MgcGFyYSBsaWRhcmVtIGNvbSBlbGFzLg==,,W0luc3RydWN0b3IgSWdyaWRdCllhIGNhc2kgZXMgaG9yYSBkZSB1bmEgY2FjZXLDrWEgZGUgZGVtb25pb3MuCsK/Tm8gdGUgZW1vY2lvbmE/IMKhUG9ycXVlIGEgbcOtIHPDrSEgwqFKYSwgamEh
uuJXBw,,W0luc3RydWN0b3IgSWdyaWRdClBsZWFzZSBeNEQ0REZGZWxpbWluYXRlIERpc3RvcnRlZCBNb3Jyb2MgUmVpbmNhcm5hdGlvbiwgQmxhemluZyBNb3Jyb2MgUmVpbmNhcm5hdGlvbiwgYW5kIEZyZWV6aW5nIE1vcnJvYyBSZWluY2FybmF0aW9uLl4wMDAwMDAKWW91IGNhbiBmaW5kIHRoZW0gc3RhdGlvbmVkIGluIGZvdXIgZGlyZWN0aW9ucyBmcm9tIHRoZSBjZW50ZXIgb2YgdGhlIGJhc2luLg==,,,,,W0luc3RydXRvciBJZ3JpZF0KIMOJIG1lbGhvciB2b2PDqiBkZXNjYW5zYXIgcGVsbyByZXN0byBkbyBkaWEuIFZvbHRlIHBhcmEgY2HDp2FyIGFtYW5ow6Mu,,W0luc3RydWN0b3IgSWdyaWRdCl40RDRERkZFbGltaW5hIGEgbGEgUmVlbmNhcm5hY2nDs24gZGlzdG9yc2lvbmFkYSwgYSBsYSBSZWVuY2FybmFjacOzbiBhcmRpZW50ZSB5IGEgbGEgUmVlbmNhcm5hY2nDs24gaGVsYWRhIGRlIE1vcm9jYy5eMDAwMDAwCkxvcyBlbmNvbnRyYXLDoXMgZW4gbGFzIGN1YXRybyBkaXJlY2Npb25lcyBkZXNkZSBlbCBjZW50cm8gZGUgbGEgY3VlbmNhLg==
u+JXBw,,W0luc3RydWN0b3IgSWdyaWRdCllvdSByZWFsbHkgdG9vayBvdXQgdGhvc2Ugc3Ryb25nIERlbW9ucy4KVGhhdCBzaG91bGQgYmUgZW5vdWdoIHRvIGJyZWFrIHRoZSBzcGlyaXQgb2YgdGhlIHJlc3QuCkdvb2Qgam9iLg==,,,,,W0luc3RydXRvciBJZ3JpZF0KRXN0w6EgcXVhc2UgbmEgaG9yYSBkZSB1bWEgY2HDp2EgYW9zIERlbcO0bmlvcy4KVm9jw6ogbsOjbyBlc3TDoSBlbXBvbGdhZG8/IFBvaXMgZXUgZXN0b3UhIEhhIGhhIQ==,,W0luc3RydWN0b3IgSWdyaWRdCkRlIHZlcmRhZCBhY2FiYXN0ZSBjb24gZXNvcyBwb2Rlcm9zb3MgZGVtb25pb3MuCkVzbyBkZWJlcsOtYSBiYXN0YXIgcGFyYSBxdWVicmFyIGVsIGVzcMOtcml0dSBkZWwgcmVzdG8uCkJpZW4gaGVjaG8u
vOJXBw,,W0luc3RydWN0b3IgSWdyaWRdCkkgaG9wZSB5b3UnbGwgY29tZSBiYWNrIHRvIGhlbHAgbWUgYWdhaW4uCkxldCdzIGdvIGJhY2sgaG9tZSB0b2dldGhlciwgeWVhaD8=,,,,,W0luc3RydXRvciBJZ3JpZF0KUG9yIGZhdm9yLCBeMzEzMUZGZWxpbWluZSBhIFJlZW5jYXJuYcOnw6NvIERpc3RvcmNpZGEgZGUgTW9ycm9jLCBhIFJlZW5jYXJuYcOnw6NvIEFyZGVudGUgZGUgTW9ycm9jIGUgYSBSZWVuY2FybmHDp8OjbyBDb25nZWxhbnRlIGRlIE1vcnJvYy5eMDAwMDAwClZvY8OqIHBvZGUgZW5jb250csOhLWxhcyBwb3NpY2lvbmFkYXMgZW0gcXVhdHJvIGRpcmXDp8O1ZXMgYSBwYXJ0aXIgZG8gY2VudHJvIGRhIGJhY2lhLg==,,W0luc3RydWN0b3IgSWdyaWRdCkVzcGVybyBxdWUgdnVlbHZhcyBhIGF5dWRhcm1lIGVuIG90cm8gbW9tZW50by4KVm9sdmFtb3MganVudG9zIGEgY2FzYSwgwr9zw60/
veJXBw,,W0luc3RydWN0b3IgSWdyaWRdCkhleSwgd2VsbC1tZXQuCkkgbmVlZCB5b3VyIGhlbHAuClNvbWUgb2YgdGhvc2UgRGVtb25zIHBvdXJpbmcgb3V0IG9mIHRoZSBGbGFtaW5nIEJhc2luIGFyZSBhIHJlYWwgcGFpbiBpbiB0aGUgbmVjay4=,,,,,W0luc3RydXRvciBJZ3JpZF0KVm9jw6ogYWNhYm91IGNvbSBhcXVlbGVzIERlbcO0bmlvcyBmb3J0ZXMgbWVzbW8uCkRldmUgc2VyIG8gYmFzdGFudGUgcGFyYSBkZXNtb3JhbGl6YXIgbyByZXN0byBkZWxlcy4KQm9tIHRyYWJhbGhvLg==,,W0luc3RydWN0b3IgSWdyaWRdCkhvbGEsIHF1w6kgYnVlbm8gdmVydGUuCk5lY2VzaXRvIHR1IGF5dWRhLgpBbGd1bm9zIGRlIGVzb3MgZGVtb25pb3MgcXVlIHNhbGVuIGRlIGxhIEN1ZW5jYSBhcmRpZW50ZSBzb24gdW4gdmVyZGFkZXJvIGRvbG9yIGRlIGNhYmV6YS4=
vuJXBw,,W0luc3RydWN0b3IgSWdyaWRdCk1vcnJvYyBSZWluY2FybmF0aW9ucyBoYXZlIGludmFkZWQgaGVyZSBqdXN0IGFzIHdlbGwsIGFuZCBzb21lIG9mIHRoZW0gYXJlIG5vdGljZWFibHkgc3Ryb25nLgpJIHdhbnQgeW91IHRvIGdldCByaWQgb2YgdGhlbS4=,,,,,W0luc3RydXRvciBJZ3JpZF0KRXNwZXJvIHF1ZSB2b2PDqiB2b2x0ZSBwYXJhIG1lIGFqdWRhciBub3ZhbWVudGUuClZhbW9zIHZvbHRhciBqdW50b3MgcHJhIGNhc2EsIGhlaW4/,,W0luc3RydWN0b3IgSWdyaWRdCkxhcyBSZWVuY2FybmFjaW9uZXMgZGUgTW9yb2NjIHRhbWJpw6luIGludmFkaWVyb24gZXN0ZSBsdWdhciwgeSBhbGd1bmFzIHNvbiBkZW1hc2lhZG8gcG9kZXJvc2FzLgpRdWllcm8gcXVlIGxhcyBlbGltaW5lcy4=
v+JXBw,,V2h5IG1lPw==,,,,,W0luc3RydXRvciBJZ3JpZF0KRWksIG11aXRvIHByYXplci4KUHJlY2lzbyBkYSBzdWEgYWp1ZGEuCkFsZ3VucyBkZXNzZXMgRGVtw7RuaW9zIHF1ZSBlc3TDo28gc2FpbmRvIGRhIEJhY2lhIEZsYW1lamFudGUgc8OjbyB1bSBww6kgbm8gc2Fjby4=,,wr9Qb3IgcXXDqSB5bz8=
wOJXBw,,W0luc3RydWN0b3IgSWdyaWRdClVtLCB0aGlzIGlzIHVuZXhwZWN0ZWQuCkkgdGhvdWdodCB5b3UgY2FtZSB0byBwcm90ZWN0IHRoZSBwZWFjZSBhbmQgcHJvc3Blcml0eSBvZiBNaWRnYXJkLiBEaWQgeW91IG5vdD8=,,,,,W0luc3RydXRvciBJZ3JpZF0KUmVlbmNhcm5hw6fDtWVzIGRlIE1vcnJvYyBpbnZhZGlyYW0gYXF1aSB0YW1iw6ltLCBlIGFsZ3VtYXMgZGVsYXMgc8OjbyBub3RhZGFtZW50ZSBmb3J0ZXMuClF1ZXJvIHF1ZSB2b2PDqiBhY2FiZSBjb20gZWxhcy4=,,W0luc3RydWN0b3IgSWdyaWRdCk1tbSwgcXXDqSBpbmVzcGVyYWRvLgpQZW5zw6kgcXVlIGhhYsOtYXMgdmVuaWRvIHBhcmEgcHJvdGVnZXIgbGEgcGF6IHkgbGEgcHJvc3BlcmlkYWQgZGUgTWlkZ2FyZC4gwr9ObyBmdWUgYXPDrT8=
weJXBw,,W0luc3RydWN0b3IgSWdyaWRdCk1heWJlIEkgZ2F2ZSB5b3UgdG9vIG11Y2ggY3JlZGl0LgpBbGwgcmlnaHQsIEknbGwgYXNrIHNvbWVvbmUgZWxzZS4KSSdtIHJlYWxseSBkaXNhcHBvaW50ZWQgaW4geW91Lg==,,,,,UG9yIHF1ZSBldT8=,,W0luc3RydWN0b3IgSWdyaWRdClF1aXrDoSB0ZSBzb2JyZXZhbG9yw6kuCk5vIGhheSBwcm9ibGVtYSwgc2UgbG8gcGVkaXLDqSBhIGFsZ3VpZW4gbcOhcy4KTWUgZGVjZXBjaW9uYXMgbXVjaG8u
wuJXBw,,W0luc3RydWN0b3IgSWdyaWRdCllvdSBkb24ndCBkaXNhcHBvaW50IG1lLgpMaXN0ZW4sIGluIHRoZSBjZW50ZXIgb2YgdGhlIGJhc2luIGlzIGEgaGlnaCBoaWxsLgpJbiBmb3VyIGRpcmVjdGlvbnMgZnJvbSB0aGUgY2VudGVyIHJvYW1zIGEgc3Ryb25nIERlbW9uLg==,,,,,W0luc3RydXRvciBJZ3JpZF0KSMOjLCBxdWUgaW5lc3BlcmFkby4KQWNoZWkgcXVlIHZvY8OqIHRpbmhhIHZpbmRvIHByb3RlZ2VyIGEgcGF6IGUgYSBwcm9zcGVyaWRhZGUgZGUgTWlkZ2FyZC4gTsOjbyBmb2kgaXNzbz8=,,W0luc3RydWN0b3IgSWdyaWRdCk5vIG1lIGRlY2VwY2lvbmFzLgpFc2N1Y2hhLCBlbiBlbCBjZW50cm8gZGUgbGEgY3VlbmNhIGhheSB1bmEgY29saW5hIGFsdGEuCkVuIGxhcyBjdWF0cm8gZGlyZWNjaW9uZXMgZGVzZGUgZWwgY2VudHJvIGRlYW1idWxhbiBwb2Rlcm9zb3MgZGVtb25pb3Mu
w+JXBw,,W0luc3RydWN0b3IgSWdyaWRdClRoZXkgbG9vayBqdXN0IGxpa2UgdGhvc2UgUmVpbmNhcm5hdGlvbnMgdGhhdCBhdHRhY2tlZCBNb3Jyb2MgQ2l0eSwKYnV0IGJpZ2dlciBhbmQgc3Ryb25nZXIu,,,,,W0luc3RydXRvciBJZ3JpZF0KVGFsdmV6IGV1IHRlbmhhIGVzcGVyYWRvIGRlbWFpcyBkZSB2b2PDqi4KVHVkbyBiZW0sIHZvdSBwZWRpciBwYXJhIG91dHJhIHBlc3NvYS4KRXN0b3UgYmVtIGRlc2Fwb250YWRvIGNvbSB2b2PDqi4=,,W0luc3RydWN0b3IgSWdyaWRdClNlIHBhcmVjZW4gYSBlc2FzIFJlZW5jYXJuYWNpb25lcyBxdWUgYXRhY2Fyb24gbGEgY2l1ZGFkIGRlIE1vcnJvYywKcGVybyBzb24gbcOhcyBncmFuZGVzIHkgZnVlcnRlcy4=
xOJXBw,,W0luc3RydWN0b3IgSWdyaWRdCkZvciB0aGUgc21vb3RoIG9wZXJhdGlvbiBvZiB0aGUgc3VianVnYXRpb24gbWlzc2lvbiwKcGxlYXNlIF40RDRERkZlbGltaW5hdGUgRGlzdG9ydGVkIE1vcnJvYyBSZWluY2FybmF0aW9uLCBCbGF6aW5nIE1vcnJvYyBSZWluY2FybmF0aW9uLCBhbmQgRnJlZXppbmcgTW9ycm9jIFJlaW5jYXJuYXRpb24uXjAwMDAwMApJJ2xsIGJlIGNvdW50aW5nIG9uIHlvdS4=,,,,,W0luc3RydXRvciBJZ3JpZF0KVm9jw6ogbsOjbyBtZSBkZXNhcG9udGEuCk9saGEsIG5vIGNlbnRybyBkYSBiYWNpYSB0ZW0gdW1hIGFsdGEgY29saW5hLgpFbSBxdWF0cm8gZGlyZcOnw7VlcyBhIHBhcnRpciBkbyBjZW50cm8gaMOhIHVtIGZvcnRlIERlbcO0bmlvLg==,,W0luc3RydWN0b3IgSWdyaWRdClBhcmEgcXVlIGxhIG1pc2nDs24gZGUgc3VieXVnYWNpw7NuIHNhbGdhIGJpZW4sCl40RDRERkZlbGltaW5hIGEgbGEgUmVlbmNhcm5hY2nDs24gZGlzdG9yc2lvbmFkYSwgYSBsYSBSZWVuY2FybmFjacOzbiBhcmRpZW50ZSB5IGEgbGEgUmVlbmNhcm5hY2nDs24gaGVsYWRhIGRlIE1vcm9jYy5eMDAwMDAwCkN1ZW50byBjb250aWdvLg==
xeJXBw,,Unlvc29u,,,,,W0luc3RydXRvciBJZ3JpZF0KRWxlcyBwYXJlY2VtIGV4YXRhbWVudGUgY29tIGFxdWVsYXMgUmVlbmNhcm5hw6fDtWVzIHF1ZSBhdGFjYXJhbSBhIGNpZGFkZSBkZSBNb3Jyb2MsCm1hcyBtYWlvcmVzIGUgbWFpcyBmb3J0ZXMu,,Unlvc29u
xuJXBw,,W1J5b3Nvbl0KT2YgY291cnNlIEknbSBuZXJ2b3VzLiBZb3UgZG9uJ3QgaGF2ZSB0byBhc2sgbWUgdGhhdC4KV2h5IHRoZSBBZG1pbmlzdHJhdGl2ZSBPZmZpY2VyIHB1dCBtZSBpbiBjaGFyZ2Ugb2YgdGhlIGtuaWdodHMgaXMgYmV5b25kIG1lLg==,,,,,W0luc3RydXRvciBJZ3JpZF0KUGFyYSBxdWUgYSBtaXNzw6NvIGRlIHJlcHJlc3PDo28gYWNvbnRlw6dhIHNlbSBuZW5odW0gcHJvYmxlbWEsCnBvciBmYXZvciwgXjMxMzFGRmVsaW1pbmUgYSBSZWVuY2FybmHDp8OjbyBEaXN0b3JjaWRhIGRlIE1vcnJvYywgYSBSZWVuY2FybmHDp8OjbyBBcmRlbnRlIGRlIE1vcnJvYyBlIGEgUmVlbmNhcm5hw6fDo28gQ29uZ2VsYW50ZSBkZSBNb3Jyb2MuXjAwMDAwMApFc3RvdSBjb250YW5kbyBjb20gdm9jw6ou,,W1J5b3Nvbl0KUG9yIHN1cHVlc3RvIHF1ZSBlc3RveSBuZXJ2aW9zby4gTm8gaGFjZSBmYWx0YSBxdWUgbG8gcHJlZ3VudGVzLgpObyBzw6kgcG9yIHF1w6kgZWwgb2ZpY2lhbCBhZG1pbmlzdHJhdGl2byBtZSBwdXNvIGEgY2FyZ28gZGUgbG9zIGNhYmFsbGVyb3Mu
x+JXBw,,W1J5b3Nvbl0KVGhleSdyZSBub3Qga25pZ2h0cy1pbi10cmFpbmluZywgb3IgZXZlbiBhcHByZW50aWNlIGtuaWdodHMuIFRoZXkncmUgZnJlYWtpbmcgUnVuZSBLbmlnaHRzLgpBaCwgSSdtIHRvbyBpbmV4cGVyaWVuY2VkIGFuZCBwb3dlcmxlc3MgdG8gZG8gYW55dGhpbmcgd2l0aCB0aGVtLg==,,,,,Unlvc2Vu,,W1J5b3Nvbl0KTm8gc29uIGNhYmFsbGVyb3MgZW4gZW50cmVuYW1pZW50bywgbmkgc2lxdWllcmEgc29uIGFwcmVuZGljZXMgZGUgY2FiYWxsZXJvcy4gUXXDqSBkaWFibG9zLCBzb24gQ2FiYWxsZXJvcyByw7puaWNvcy4KQWgsIG5vIHRlbmdvIGxhIGV4cGVyaWVuY2lhIG5pIGVsIHBvZGVyIHN1ZmljaWVudGUgcGFyYSBjb250cm9sYXJsb3Mu
yOJXBw,,W1J5b3Nvbl0KQXQgbGVhc3QgbXkgc2FmZXR5IGlzIGd1YXJhbnRlZWQgc28gbG9uZyBhcyB0aGUgdGhyZWUga25pZ2h0cyBhcmUgd2l0aCBtZS4KSSBob3BlLg==,,,,,W1J5b3Nlbl0KQ2xhcm8gcXVlIGVzdG91IG5lcnZvc28uIE7Do28gcHJlY2lzYSBtZSBwZXJndW50YXIgaXNzby4KTnVuY2Egdm91IHNhYmVyIHBvciBxdWUgbyBPZmljaWFsIEFkbWluaXN0cmF0aXZvIG1lIHDDtHMgbm8gY29tYW5kbyBkb3MgY2F2YWxlaXJvcy4=,,W1J5b3Nvbl0KQWwgbWVub3MgdGVuZ28gZ2FyYW50aXphZGEgbWkgc2VndXJpZGFkIG1pZW50cmFzIG1lIGFjb21wYcOxZW4gbG9zIHRyZXMgY2FiYWxsZXJvcy4KRXNwZXJvLg==
yeJXBw,,UnVuZS1NaWRnYXJ0cyBLbmlnaHQ=,,,,,W1J5b3Nlbl0KRWxlcyBuw6NvIHPDo28gY2F2YWxlaXJvcyBlbSB0cmVpbmFtZW50bywgbXVpdG8gbWVub3MgY2F2YWxlaXJvcyBhcHJlbmRpemVzLiBTw6NvIENhdmFsZWlyb3MgUsO6bmljb3MsIGNhcmFtYmEuCkFoLCBldSBzb3UgbXVpdG8gaW5leHBlcmllbnRlIGUgaW1wb3RlbnRlIHBhcmEgdGVyIHF1YWxxdWVyIGNvaXNhIGEgdmVyIGNvbSBlbGVzLg==,,UnVuZS1NaWRnYXJ0cyBLbmlnaHQ=
yuJXBw,,VG9vIHF1aWV0Lg==,,,,,W1J5b3Nlbl0KUGVsbyBtZW5vcyBtaW5oYSBzZWd1cmFuw6dhIGVzdMOhIGdhcmFudGlkYSBlbnF1YW50byBob3V2ZXIgdHLDqnMgY2F2YWxlaXJvcyBjb21pZ28uCkVzcGVyby4=,,RGVtYXNpYWRvIHNpbGVuY2lvLg==
y+JXBw,,SSByZWFsbHkgbmVlZCB0byBsZXQgb2ZmIHNvbWUgc3RlYW0u,,,,,Q2F2YWxlaXJvIGRlIE1pZGdhcmQ=,,RGUgdmVyZGFkIG5lY2VzaXRvIGxpYmVyYXIgYWxnbyBkZSBlc3Ryw6lzLg==
zOJXBw,,R3JyLi4u,,,,,VG9vIHF1aWV0Lg==,,R3JycuKApg==
zeJXBw,,SSdtIGhlcmUgdG8gcHJvdGVjdCBpbXBvcnRhbnQgcGVyc29ubmVsLg==,,,,,SSByZWFsbHkgbmVlZCB0byBsZXQgb2ZmIHNvbWUgc3RlYW0u,,VmluZSBhIHByb3RlZ2VyIGFsIHBlcnNvbmFsIGltcG9ydGFudGUu
zuJXBw,,SSByZWFsbHkgaG9wZSBJIGNhbiBhY2NvbXBsaXNoIG15IG1pc3Npb24u,,,,,R3JyLi4u,,RGUgdmVyZGFkIGVzcGVybyBwb2RlciBjdW1wbGlyIG1pIG1pc2nDs24u
z+JXBw,,Unlvc29uLCBkb24ndCBwYW5pYy0tZmVhciBzcHJlYWRzIGxpa2Ugd2lsZGZpcmUu,,,,,RXUgZXN0b3UgYXF1aSBwYXJhIHByb3RlZ2VyIHBlc3NvYXMgaW1wb3J0YW50ZXMu,,Unlvc29uLCBubyBlbnRyZXMgZW4gcMOhbmljb+KApiBFbCBtaWVkbyBzZSBleHBhbmRlIGNvbW8gZWwgZnVlZ28u
0OJXBw,,U2lnaC4g,,,,,RXUgcmVhbG1lbnRlIGVzcGVybyBjb25zZWd1aXIgY3VtcHJpciBtaW5oYSBtaXNzw6NvLg==,,KlN1c3BpcmEqIA==
0eJXBw,,U28gZmFyLCBzbyBnb29kLg==,,,,,Unlvc2VuLCBuw6NvIHNlIHByZW9jdXBlLCBwb3IgZmF2b3Iu,,UG9yIGFob3JhLCB0b2RvIGJpZW4u
0uJXBw,,Unlvc29uLCBubyBvbmUncyBnb2luZyB0byBiaXRlIHlhLiBEb24ndCBiZSBzbyBhZnJhaWQu,,,,,U2lnaC4g,,Unlvc29uLCBuYWRpZSB0ZSB2YSBhIG1vcmRlci4gTm8gdGVuZ2FzIHRhbnRvIG1pZWRvLg==
0+JXBw,,RmlnaHRpbmcgdGhlIERlbW9uIEdvZCBpcyBsaWtlIGV2ZXJ5IGtuaWdodCdzIHdldCBkcmVhbSBoYXMgY29tZSB0cnVlLg==,,,,,VHVkbyBjZXJ0byBwb3IgZW5xdWFudG8u,,THVjaGFyIGNvbnRyYSBlbCBkaW9zIERlbW9uaW8gZXMgY29tbyBlbCBzdWXDsW8gaGVjaG8gcmVhbGlkYWQgZGUgdG9kb3MgbG9zIGNhYmFsbGVyb3Mu
1OJXBw,,SG1tLi4u,,,,,Unlvc2VuLCBuZW0gdmFpIHRlIG1vcmRlci4gUG9ydGFudG8sIG7Do28gZmlxdWUgY29tIHRhbnRvIG1lZG8u,,TW1t4oCm
1eJXBw,,VGVuc2lvbiBpbiB0aGUgYmF0dGxlZmllbGQgYWx3YXlzIHRocmlsbHMgbWUu,,,,,THV0YXIgY29tIG8gRGVtw7RuaW8gUmVpIMOpIG8gZGVzZWpvIGRlIHRvZG8gQ2F2YWxlaXJvLg==,,TGEgdGVuc2nDs24gZGVsIGNhbXBvIGRlIGJhdGFsbGEgc2llbXByZSBtZSBlbW9jaW9uYS4=
1uJXBw,,SHVnaA==,,,,,SG1tLi4u,,SHVnaA==
1+JXBw,,W0h1Z2hdCldlJ3JlIGhlcmUgYXQgbGFzdC4KQXQgZmlyc3QsIEkgY291bGRuJ3QgYmVsaWV2ZSBhbGwgdGhvc2UgcnVtb3JzIGFib3V0IHRoZSBEZW1vbiBHb2QncyBoaWRlb3V0IGFuZCBzdHJvbmdob2xkLg==,,,,,QWRyZW5hbGluYSBuYSBiYXRhbGhhIHNlbXByZSBtZSByZWp1dmVuZXNjZS4=,,W0h1Z2hdCkFsIGZpbiBsbGVnYW1vcy4KQWwgcHJpbmNpcGlvLCBubyBwb2TDrWEgY3JlZXIgdG9kb3MgbG9zIHJ1bW9yZXMgc29icmUgZWwgZXNjb25kaXRlIHkgbGEgZm9ydGFsZXphIGRlbCBkaW9zIERlbW9uaW8u
2OJXBw,,W0h1Z2hdCkFzIHRoaW5ncyBzdGFuZCwgSSBoYXZlIG5vIGhvcGUgb2YgZ29pbmcgYmFjayB0byB0aGUgbWFpbmxhbmQgYW55IHRpbWUgc29vbi4=,,,,,SHVl,,W0h1Z2hdCkNvbW8gZXN0w6FuIGxhcyBjb3Nhcywgbm8gdGVuZ28gZXNwZXJhbnphcyBkZSB2b2x2ZXIgYWwgY29udGluZW50ZSBwcm9udG8u
2eJXBw,,W0h1Z2hdCkdvc2gsIEknbSB0aXJlZCBvZiB0aG9zZSBndXlzLgpJJ2QgYmV0dGVyIGZpbmQgdGhlIERlbW9uIEdvZCBxdWlja2x5Lg==,,,,,W0h1ZV0KRmluYWxtZW50ZSBlc3RhbW9zIGFxdWkuCkRlIGluw61jaW8sIGV1IG7Do28gY29uc2VndWlhIGFjcmVkaXRhciBlbSB0b2RvcyBlc3NlcyBydW1vcmVzIHNvYnJlIG8gZXNjb25kZXJpam8gZSBhIGZvcnRhbGV6YSBkbyBSZWkgRGVtb27DrWFjbw==,,W0h1Z2hdClZheWEsIGVzb3MgdGlwb3MgbWUgaGFydGFyb24uClNlcsOhIG1lam9yIHF1ZSBlbmN1ZW50cmUgcsOhcGlkbyBhbCBkaW9zIERlbW9uaW8u
2uJXBw,,W0h1Z2hdCkhhdmUgSSB0aG91Z2h0IGFib3V0IGxvc2luZz8KSSBoYXZlLCBidXQgSSB0cnkgbm90IHRvLgpJJ2xsIG5ldmVyIGdvaW5nIHRvIHdpbiBpZiBJIGxldCBteXNlbGYgYmVsaWV2ZSBJJ2xsIGxvc2Uu,,,,,W0h1ZV0KRG8gamVpdG8gcXVlIGFzIGNvaXNhcyBlc3TDo28sIG7Do28gdGVuaG8gZXNwZXJhbsOnYXMgZGUgdm9sdGFyIHBhcmEgbyBjb250aW5lbnRlIHTDo28gY2Vkby4=,,W0h1Z2hdCsK/U2kgcGVuc8OpIGVuIHBlcmRlcj8KU8OtLCBwZXJvIGludGVudG8gbm8gaGFjZXJsby4KSmFtw6FzIGdhbmFyw6kgc2kgbWUgcGVybWl0byBjcmVlciBxdWUgdm95IGEgcGVyZGVyLg==
2+JXBw,,W0h1Z2hdCldlIFNjaHdhcnp3YWxkaWFucyBhcmUgYm9ybiB0byB3aW4u,,,,,W0h1ZV0KUHV0eiwgZXN0b3UgY2Fuc2FkbyBkZXNzZXMgY2FyYXMuCiDDiSBtZWxob3IgZXUgZW5jb250cmFyIG8gUmVpIERlbW9uw61hY28gbG9nby4=,,W0h1Z2hdCkxvcyBvcml1bmRvcyBkZSBTY2h3YXJ6d2FsZCBuYWNpbW9zIHBhcmEgZ2FuYXIu
3OJXBw,,U2Nod2FyendhbGQgRWxpdGU=,,,,,W0h1ZV0KU2UgZXUgcGVuc2VpIG5hIGRlcnJvdGE/ClNpbSwgbWFzIHRlbnRvIG7Do28gcGVuc2FyLgpOdW5jYSB2b3UgZ2FuaGFyIHNlIGV1IG1lIHBlcm1pdGlyIGFjcmVkaXRhciBxdWUgdm91IHBlcmRlci4=,,U2Nod2FyendhbGQgRWxpdGU=
3eJXBw,,V2UncmUgZ29pbmcgdG8gd2luIQ==,,,,,W0h1ZV0KTsOzcyBTY3dhcnp3YWxkaWFub3MgbmFzY2Vtb3MgcGFyYSB2ZW5jZXIu,,wqFHYW5hcmVtb3Mh
3uJXBw,,SSB0aG91Z2h0IEVpbmJyb2NoIGhhZCBiYWQgYWlyLCBhbmQgdGhpcyBwbGFjZSBpcyBubyBiZXR0ZXIu,,,,,R3VhcmRhIGRlIFNjaHdhcnp3YWxk,,WSBwZW5zw6kgcXVlIEVpbmJyb2NoIHRlbsOtYSB1biBmZW8gZW50b3JubzsgZXN0ZSBsdWdhciBubyBlcyBtZWpvci4=
3+JXBw,,Rm9yIHRoZSBnbG9yeSBvZiBTY2h3YXJ6d2FsZCE=,,,,,TsOzcyB2YW1vcyB2ZW5jZXIh,,wqFQb3IgbGEgZ2xvcmlhIGRlIFNjaHdhcnp3YWxkIQ==
4OJXBw,,Rm9yIE1pZGdhcmQh,,,,,RXUgcGVuc2VpIHF1ZSBFaW5icm9jaCB0aW5oYSB1bSBhciBydWltLCBtYXMgZXNzZSBsdWdhciBuw6NvIGVzdMOhIG11aXRvIG1lbGhvciBuw6NvLg==,,wqFQb3IgTWlkZ2FyZCE=
4eJXBw,,V2hpY2ggb25lIHdvdWxkIHlvdSBwcmVmZXI6IGZpZ2h0aW5nIHRoZSBEZW1vbiBHb2Qgb3Igc3RhbmRpbmcgd2F0Y2ggaW4gRWluYnJvY2g/,,,,,UGVsYSBnbG9yaWEgZGUgU2Nod2FyendhbGQh,,wr9RdcOpIHByZWZpZXJlczogbHVjaGFyIGNvbnRyYSBlbCBkaW9zIERlbW9uaW8gbyBoYWNlciBndWFyZGlhIGVuIEVpbmJyb2NoPw==
4uJXBw,,TXkgZXllcyBhcmUgc3VkZGVubHkgbWlzdHkuLi4gSSdkIGJldHRlciBjaGluIHVwLi4uICpJbmhhbGUq,,,,,cG9yIE1pZGdhcmQh,,RGUgcmVwZW50ZSBzZSBtZSBlbXBhw7FhbiBsb3Mgb2pvc+KApiBTZXLDoSBtZWpvciBxdWUgbGV2YW50ZSBsYSBjYWJlemHigKYgKkluaGFsYSo=
4+JXBw,,SSB3aXNoIEkgdHJhaW5lZCBoYXJkZXIu,,,,,Rm9yIHRoZSBnbG9yeSBvZiBTY2h3YXJ6d2FsZCE=,,T2phbMOhIGh1YmllcmEgZW50cmVuYWRvIG3DoXMu
5OJXBw,,V2UncmUgZ29pbmcgdG8gd2luLCB0aG91Z2gu,,,,,TyBxdWUgdm9jw6ogcHJlZmVyZTogTHV0YXIgY29udHJhIG8gUmVpIERlbcO0bmlvIG91IGZpY2FyIGVtIEVpbmJyb2NoIHBhcmFkbz8=,,UGVybyB2YW1vcyBhIGdhbmFyLg==
5eJXBw,,SGVuamlubmU=,,,,,RXN0b3UgZmljYW5kbyBjb20gYSB2aXN0YSBlbWJhw6dhZGEuLi4gw4kgbWVsaG9yIGV1IGZpY2FyIGNhbG1vLi4uICpSZXNwaXJhcio=,,SGVuamlubmU=
5uJXBw,,W0hlbmppbm5lXQpUaGlzIHBsYWNlIGlzIG11Y2ggbW9yZSBleGNpdGluZyB0aGFuIEkgaW1hZ2luZWQhCldoZXJlJ3MgdGhlIERlbW9uIEdvZCBhbnl3YXk/,,,,,RXUgcXVlcmlhIHRyZWluYXIgbWFpcy4=,,W0hlbmppbm5lXQrCoUVzdGUgbHVnYXIgZXMgbXVjaG8gbcOhcyBlbW9jaW9uYW50ZSBkZSBsbyBxdWUgaW1hZ2luYWJhIQpQZXJvIMK/ZMOzbmRlIGVzdMOhIGVsIGRpb3MgRGVtb25pbz8=
5+JXBw,,W0hlbmppbm5lXQpOZWl0aGVyIGhpZGUgbm9yIGhhaXIgb2YgaGltIGlzIHRvIGJlIHNlZW4uCk13YWggaGFoIGhhaCE=,,,,,TsOzcyB2YW1vcyB2ZW5jZXIsIGV1IGFjaG8u,,W0hlbmppbm5lXQpObyBzZSB2ZW4gbmkgc3VzIHJhc3Ryb3MuCsKhTXVhLCBqYSwgamEsIGphIQ==
6OJXBw,,QXJ1bmFmZWx0eiBDcnVzYWRlcg==,,,,,SGFuc2VubmU=,,QXJ1bmFmZWx0eiBDcnVzYWRlcg==
6eJXBw,,RXZlcnl0aGluZyBpcyBIZXIgd2lsbC4=,,,,,W0hhbnNlbm5lXQpFc3NlIGx1Z2FyIMOpIG11aXRvIG1haXMgZW1wb2xnYW50ZSBkbyBxdWUgZXUgaW1hZ2luYXZhIQpPbmRlIGVzdMOhIG8gUmVpIERlbW9uw61hY28sIG1lc21vPw==,,VG9kbyBlcyBwYXJ0ZSBkZSBTdSB2b2x1bnRhZC4=
6uJXBw,,SSd2ZSBuZXZlciBzZWVuIHNvIG1hbnkgZGlmZmVyZW50IGdyb3VwcyBvZiBoZXJldGljcyBjb25ncmVnYXRpbmcgaW4gb25lIHBsYWNlLg==,,,,,W0hhbnNlbm5lXQpOw6NvIHZlbW9zIG5lbSBzaW5hbCBkZWxlLgpNdWFoYWhhIQ==,,SmFtw6FzIHZpIHRhbnRvcyBncnVwb3MgZGlmZXJlbnRlcyBkZSBoZXJlamVzIGp1bnRvcyBlbiBlbCBtaXNtbyBsdWdhci4=
6+JXBw,,SGF2aW5nIHRvIGNvZXhpc3Qgd2l0aCBoZXJldGljcy4uLg==,,,,,VGVtcGzDoXJpbyBkZSBBcnVuYWZlbHR6,,VGVuZXIgcXVlIGNvbnZpdmlyIGNvbiBoZXJlamVz4oCm
7OJXBw,,TWF5IHRoZSBHb2RkZXNzIGJsZXNzIHlvdS4=,,,,,VHVkbyDDqSBmZWl0byBwZWxhIHN1YSB2b250YWRlLg==,,UXVlIGxhIERpb3NhIHRlIGJlbmRpZ2Eu
7eJXBw,,R29kZGVzcyBpcyB3YXRjaGluZyBvdmVyIHVzLg==,,,,,RXUgbnVuY2EgaGF2aWEgdmlzdG8gdGFudG9zIGhlcmVnZXMganVudG9zIGNvbmdyZWdhbmRvIGVtIHVtIMO6bmljbyBsdWdhci4=,,TGEgRGlvc2EgdmVsYSBwb3Igbm9zb3Ryb3Mu
7uJXBw,,SW5zdHJ1Y3RvciBKYWtrZW4=,,,,,VGVyIHF1ZSBjb252aXZlciBjb20gdGFudG9zIGhlcmVnZXMuLi4=,,SW5zdHJ1Y3RvciBKYWtrZW4=
7+JXBw,,W0luc3RydWN0b3IgSmFra2VuXQpXaGVuIEkgdm9sdW50ZWVyZWQgZm9yIHRoZSBBc2gtQmFrdW0gRXhwZWRpdGlvbiwgSSBrbmV3IHRoaXMgZGF5IHdvdWxkIGNvbWUu,,,,,UXVlIERldXMgbGhlIHByb3RlamEu,,W0luc3RydWN0b3IgSmFra2VuXQpDdWFuZG8gbWUgb2ZyZWPDrSBjb21vIHZvbHVudGFyaW8gcGFyYSBsYSBleHBlZGljacOzbiBkZSBBc2ggVmFjdXVtLCBzYWLDrWEgcXVlIGVzdGUgZMOtYSBsbGVnYXLDrWEu
8OJXBw,,W0luc3RydWN0b3IgSmFra2VuXQpJJ20gcmVhZHkuCkknbSBnb2luZyB0byBmaWdodCB0byB0aGUgZGVhdGggZm9yIHRoZSBwZWFjZSBvZiB0aGUgTWlkZ2FyZCBDb250aW5lbnQu,,,,,RWxhIHNlbXByZSBlc3TDoSBub3MgcHJvdGVnZW5kby4=,,W0luc3RydWN0b3IgSmFra2VuXQpFc3RveSBsaXN0by4KTHVjaGFyw6kgaGFzdGEgbGEgbXVlcnRlIHBvciBsYSBwYXogZGVsIGNvbnRpbmVudGUgZGUgTWlkZ2FyZC4=
8eJXBw,,W0luc3RydWN0b3IgSmFra2VuXQpCdXQgSSdtIG5lcnZvdXMgYWxsIHRoZSBzYW1lLgpJIHJlYWxseSBuZWVkIHRvIHdvcmsgb24gbXkgZW1vdGlvbmFsIGNvbnRyb2wuIEkgZG9uJ3Qgd2FudCB0byBzY2FyZSBhbnlvbmUgZWxzZS4=,,,,,SW5zdHJ1Y3RvciBKYWtrZW4=,,W0luc3RydWN0b3IgSmFra2VuXQpQZXJvIGlndWFsIGVzdG95IG5lcnZpb3NvLgpEZSB2ZXJkYWQgbmVjZXNpdG8gZGVzYXJyb2xsYXIgbWkgaW50ZWxpZ2VuY2lhIGVtb2Npb25hbC4gTm8gcXVpZXJvIGFzdXN0YXIgYSBuYWRpZSBtw6FzLg==
8uJXBw,,SmFra2VuOiBTb2xkaWVycywgd2UncmUgZnJvbSBkaWZmZXJlbnQgY291bnRyaWVzLCBidXQgd2UndmUgZ2F0aGVyZWQgaGVyZSBmb3Igb25lIGdvYWwh,,,,,W0luc3RydWN0b3IgSmFra2VuXQpRdWFuZG8gZXUgbWUgdm9sdW50YXJpZWkgcGFyYSBhIEV4cGVkacOnw6NvIGRlIEFzaCBWYWN1dW0sIHNhYmlhIHF1ZSBlc3NlIGRpYSBjaGVnYXJpYS4=,,SmFra2VuOiBTb2xkYWRvcywgc29tb3MgZGUgcGHDrXNlcyBkaWZlcmVudGVzLCDCoXBlcm8gbm9zIHJldW5pbW9zIGFxdcOtIGNvbiB1biBzb2xvIG9iamV0aXZvIQ==
8+JXBw,,SmFra2VuOiBMZXQncyBzaG93IHRoZSBlbmVteSB0aGUgcG93ZXIgb2Ygb3VyIHVuaW9uIQ==,,,,,W0luc3RydWN0b3IgSmFra2VuXQpFc3RvdSBwcm9udG8uClZvdSBsdXRhciBhdMOpIGEgbW9ydGUgcGVsYSBwYXogZG8gQ29udGluZW50ZSBkZSBNaWRnYXJkLg==,,SmFra2VuOiDCoVZhbW9zIGEgbW9zdHJhcmxlIGFsIGVuZW1pZ28gZWwgcG9kZXIgZGUgbnVlc3RyYSB1bmnDs24h
9OJXBw,,SmFra2VuOiBDb21tZW5jZSB5b3VyIG1hcmNoIHRvIGdsb3J5IQ==,,,,,W0luc3RydWN0b3IgSmFra2VuXQpNYXMgZXN0b3UgbmVydm9zbyBtZXNtbyBhc3NpbS4KRXUgcHJlY2lzbyBtZXNtbyB0cmFiYWxoYXIgbyBtZXUgY29udHJvbGUgZW1vY2lvbmFsLiBOw6NvIHF1ZXJvIGFzc3VzdGFyIG1haXMgbmluZ3XDqW0u,,SmFra2VuOiDCoUNvbWllbmNlbiBsYSBtYXJjaGEgaGFjaWEgbGEgZ2xvcmlhIQ==
9eJXBw,,QXQgZGF3bn4=,,,,,SmFra2VuOiBTb2xkYWRvcywgc29tb3MgZGUgcGHDrXNlcyBkaWZlcmVudGVzLCBtYXMgbm9zIGp1bnRhbW9zIGFxdWkgcGFyYSB1bSBvYmpldGl2byE=,,QWwgYWxiYX4=
9uJXBw,,SSBoYWQgYSBkcmVhbX4=,,,,,SmFra2VuOiBWYW1vcyBtb3N0cmFyIGFvIGluaW1pZ28gbyBwb2RlciBkZSBub3NzYSB1bmnDo28h,,c2/DscOpfg==
9+JXBw,,T2YgbXkgaG9tZX4=,,,,,SmFra2VuOiBDb21lY2VtIGEgbWFyY2hhIHBhcmEgYSBnbMOzcmlhIQ==,,Y29uIG1pIGNhc2F+Lg==
+OJXBw,,SSBwdXQgb24gbXkgamFja2V0fg==,,,,,QW8gYW1hbmhlY2Vyfg==,,TWUgcG9uZ28gZWwgYWJyaWdvfiw=
+eJXBw,,UHV0IG9uIG15IGhlbG1+,,,,,RXUgdGl2ZSB1bSBzb25ob34=,,bWUgcG9uZ28gZWwgeWVsbW9+LA==
+uJXBw,,R2V0dGluZyByZWFkeSBmb3IgYSBuZXcgZGF5fg==,,,,,Q29tIG8gbWV1IGxhcn4=,,bWUgcHJlcGFybyBwYXJhIHVuIG51ZXZvIGTDrWF+Lg==
++JXBw,,SSdtIHJlYWR5fg==,,,,,RXUgcG9uaG8gbWV1IGNhc2Fjb34=,,VG9kbyBsaXN0b34u
/OJXBw,,SSB3ZWFyIG15IHN3b3Jkfg==,,,,,UG9uaG8gbWV1IGVsbW9+,,TGxldm8gbWkgZXNwYWRhfiw=
/eJXBw,,U3RlcCBvdXQgdW5kZXIgdGhlIG1vcm5pbmcgc3Vufg==,,,,,TWUgcHJlcGFybyBwYXJhIHVtIG5vdm8gZGlhfg==,,Y2FtaW5vIGJham8gZWwgc29sIGRlIGxhIG1hw7FhbmF+Lg==
/uJXBw,,SSBsb29rIHVwfg==,,,,,RXN0b3UgcHJvbnRvfg==,,TWlybyBoYWNpYSBhcnJpYmF+Lg==
/+JXBw,,TG9vayBmb3J3YXJkfg==,,,,,VXNvIG1pbmhhIGVzcGFkYX4=,,TWlybyBoYWNpYSBhZGVsYW50ZX4u
AONXBw,,V2F0ZXIncyBwdXJlfg==,,,,,U2FpbyBzb2IgbyBzb2wgbmFzY2VudGV+,,RWwgYWd1YSBlcyBwdXJhfiw=
AeNXBw,,TW91bnRhaW5zIGFyZSBncmVlbn4=,,,,,RXUgb2xobyBwYXJhIGNpbWF+,,bGFzIG1vbnRhw7FhcyBzb24gdmVyZGVzfi4=
AuNXBw,,Rm9yIG15IGhvbWV+,,,,,T2xobyBwYXJhIGEgZnJlbnRlfg==,,UG9yIG1pIGhvZ2Fyfi4=
A+NXBw,,SSB3b24ndCBzdG9wfg==,,,,,QSDDoWd1YSDDqSBwdXJhfg==,,wqFObyBtZSBkZXRlbmRyw6l+
BONXBw,,VW50aWwgSSBkZWZlYXQ=,,,,,TW9udGFuaGFzIHPDo28gdmVyZGVzfg==,,aGFzdGEgcXVlIGRlcnJvdGV+
BeNXBw,,VGhlIERlbW9uIEdvZCE=,,,,,UG9yIG1ldSBsYXJ+,,YWwgZGlvcyBEZW1vbmlvfiE=
BuNXBw,,V2FhYWFoLSE=,,,,,TsOjbyB2b3UgcGFyYXJ+,,wqFBaGhoaGh+IQ==
B+NXBw,,SGFhYWFhaC0h,,,,,QXTDqSBkZXJyb3Rhcn4=,,wqFBYWFhaGhofiE=
CONXBw,,TWlkZ2FyZCBBbGxpYW5jZSBTb2xkaWVy,,,,,TyBSZWkgRGVtb27DrWFjbyE=,,TWlkZ2FyZCBBbGxpYW5jZSBTb2xkaWVy
CeNXBw,,RXhwZWRpdGlvbiBBc3Nhc3Npbg==,,,,,V2FhYWFoLSE=,,RXhwZWRpdGlvbiBBc3Nhc3Npbg==
CuNXBw,,W0V4cGVkaXRpb24gQXNzYXNzaW5dCkEgbmV3IG1pc3Npb24gd2lsbCBiZSBhbm5vdW5jZWQgc29vbi4KT3VyIG9iamVjdGl2ZSBpcyB0byBsb2NhdGUgdGhlIERlbW9uIEdvZC4=,,,,,SGFhYWFhaC0h,,W0FzZXNpbm8gZGUgZXhwZWRpY2nDs25dClByb250byBzZSBhbnVuY2lhcsOhIHVuYSBudWV2YSBtaXNpw7NuLgpOdWVzdHJvIG9iamV0aXZvIGVzIGVuY29udHJhciBhbCBkaW9zIERlbW9uaW8u
C+NXBw,,W0V4cGVkaXRpb24gQXNzYXNzaW5dCkxldCBtZSBjaGVjayB0aGUgaW50ZWwgb3VyIHByZWRlY2Vzc29ycyBoYXZlIGxlZnQgZm9yIHVzLg==,,,,,U29sZGFkbyBkZSBNaWRnYXJk,,W0FzZXNpbm8gZGUgZXhwZWRpY2nDs25dCkTDqWphbWUgcmV2aXNhciBsYSBpbmZvcm1hY2nDs24gcXVlIGRlamFyb24gbnVlc3Ryb3MgcHJlZGVjZXNvcmVzLg==
DONXBw,,W0V4cGVkaXRpb24gQXNzYXNzaW5dCi4uLgpJdCdzIHJ1ZGUgdG8gZWF2ZXNkcm9wIG9uIG90aGVycywgZXZlbiBpZiB0aGV5J3JlIHlvdXIgY29sbGVhZ3Vlcy4=,,,,,UmFzdHJlYWRvciBFeHBlcmllbnRl,,W0FzZXNpbm8gZGUgZXhwZWRpY2nDs25dCuKApgpFcyBkZSBtYWxhIGVkdWNhY2nDs24gZXNjdWNoYXIgbGFzIGNvbnZlcnNhY2lvbmVzIGRlIG90cmFzIHBlcnNvbmFzLCBhdW5xdWUgc2VhbiB0dXMgY29sZWdhcy4=
DeNXBw,,W0V4cGVkaXRpb24gQXNzYXNzaW5dClRoaXMgYXJlYS4uLiBXZWxsLApJJ2xsIGNoZWNrIGl0IG91dCBsYXRlci4=,,,,,W1Jhc3RyZWFkb3IgRXhwZXJpZW50ZV0KVW1hIG5vdmEgbWlzc8OjbyBzZXLDoSBhbnVuY2lhZGEgZW0gYnJldmUuCk5vc3NvIG9iamV0aXZvIMOpIGxvY2FsaXphciBvIFJlaSBEZW1vbsOtYWNvLg==,,W0FzZXNpbm8gZGUgZXhwZWRpY2nDs25dCkVzdGEgem9uYeKApiBCdWVubywKbGEgcmV2aXNhcsOpIG3DoXMgdGFyZGUu
DuNXBw,,W0V4cGVkaXRpb24gQXNzYXNzaW5dClNpZ2guCkNhbid0IHlvdSBzZWUgd2UncmUgaGF2aW5nIGEgbWVldGluZz8gUGxlYXNlIGxlYXZlLg==,,,,,W1Jhc3RyZWFkb3IgRXhwZXJpZW50ZV0KRGVpeGUtbWUgdmVyaWZpY2FyIGFzIGluZm9ybWHDp8O1ZXMgcXVlIG5vc3NvcyBhbnRlY2Vzc29yZXMgZGVpeGFyYW0gcGFyYSBuw7NzLg==,,W0FzZXNpbm8gZGUgZXhwZWRpY2nDs25dCipTdXNwaXJhKgrCv05vIHZlcyBxdWUgZXN0YW1vcyBlbiB1bmEgcmV1bmnDs24/IFZldGUsIHBvciBmYXZvci4=
D+NXBw,,W0V4cGVkaXRpb24gQXNzYXNzaW5dCi4uLiAKV2VsbCwgSSdtIGF0IHRoZSBib3R0b20gb2YgdGhlIGZvb2QgY2hhaW4uCkkganVzdCB3YXRjaCB3aGF0IG15IHNlbmlvcnMgZG8uClRoYXQncyBhbGwu,,,,,W1Jhc3RyZWFkb3IgRXhwZXJpZW50ZV0KLi4uCiDDiSBydWRlIG91dmlyIGEgY29udmVyc2EgZG9zIG91dHJvcywgbWVzbW8gcXVlIHNlamFtIHNldXMgY29sZWdhcy4=,,W0FzZXNpbm8gZGUgZXhwZWRpY2nDs25dCuKApiAKQnVlbm8sIGVzdG95IGVuIGVsIGZvbmRvIGRlIGxhIGNhZGVuYSBhbGltZW50YXJpYS4KU29sbyBvYnNlcnZvIGxvIHF1ZSBoYWNlbiBtaXMgc3VwZXJpb3Jlcy4KRXNvIGVzIHRvZG8u
EONXBw,,Q29udGluZW50YWwgR3VhcmQ=,,,,,W1Jhc3RyZWFkb3IgRXhwZXJpZW50ZV0KRXNzYSDDoXJlYS4uLiBCZW0sClZvdSB2ZXJpZmljw6EtbGEgbWFpcyB0YXJkZS4=,,Q29udGluZW50YWwgR3VhcmQ=
EeNXBw,,SXQgaXMgZGFuZ2Vyb3VzIHBhc3QgdGhpcyBwb2ludC4gUGxlYXNlIG1vdmUgYmFjay4=,,,,,W1Jhc3RyZWFkb3IgRXhwZXJpZW50ZV0KKlN1c3Bpcm8qCk7Do28gdsOqIHF1ZSBlc3RhbW9zIGVtIHVtYSByZXVuacOjbz8gUG9yIGZhdm9yLCBzYWlhLg==,,TcOhcyBhbGzDoSBkZSBlc3RlIHB1bnRvLCBlcyBwZWxpZ3Jvc28uIFJldHJvY2VkZS4=
EuNXBw,,UGxlYXNlIGJlIGNhcmVmdWwu,,,,,W1Jhc3RyZWFkb3IgRXhwZXJpZW50ZV0KLi4uIApCb20sIGVzdG91IG5hIGJhc2UgZGEgY2FkZWlhIGFsaW1lbnRhci4KRXUgc8OzIGFzc2lzdG8gbyBxdWUgbWV1cyBzdXBlcmlvcmVzIGZhemVtLgpTw7MgaXNzby4=,,VGVuIGN1aWRhZG8u
E+NXBw,,VGhvc2UgQ29udGluZW50YWxzIGFyZSBkYW1uIGdvb2QgZmlnaHRlcnMu,,,,,R3VhcmRhIENvbnRpbmVudGFs,,RXN0b3MgY29udGluZW50YWxlcyBwZWxlYW4gZGVtYXNpYWRvIGJpZW4u
FONXBw,,VGhvc2UgQXJ1bmFmZWx0eiBrbnVja2xlaGVhZHMsIHdoeSBkb24ndCB0aGV5IGNvbWUgZm9yd2FyZD8=,,,,,w4kgcGVyaWdvc28gcGFzc2FyIGRlc3RlIHBvbnRvLiBWb2x0ZSwgcG9yIGZhdm9yLg==,,RXNvcyB6b3BlbmNvcyBkZSBBcnVuYWZlbHR6LCDCv3BvciBxdcOpIG5vIGRhbiBsYSBjYXJhPw==
FeNXBw,,SSBjYW4gdGFrZSBkb3duIGFueSBvZiB5b3Uh,,,,,UG9yIGZhdm9yLCB0ZW5oYSBjdWlkYWRvLg==,,wqFQdWVkbyBlbGltaW5hciBhIGN1YWxxdWllcmEgZGUgdXN0ZWRlcyE=
FuNXBw,,VGhleSBkb24ndCBzdG9wIGNvbWluZy4=,,,,,RXNzZXMgbmF0aXZvcyBzw6NvIG11aW8gZm9ydGVzLg==,,Tm8gZGVqYW4gZGUgYXBhcmVjZXIu
F+NXBw,,VGhlIEd1YXJkaWFucyBhcmUgbWFraW5nIHRoaW5ncyBlYXNpZXIsIGJ1dC4uLg==,,,,,QXF1ZWxlcyB0ZWltb3NvcyBkZSBBcnVuYWZlbHR6LCBwb3IgcXVlIGVsZXMgbsOjbyBmaWNhbSBhdGVudG9zPw==,,TG9zIEd1YXJkaWFuZXMgZmFjaWxpdGFuIGxhcyBjb3NhcywgcGVyb+KApg==
GONXBw,,U3RlcCBiYWNrLg==,,,,,RXUgcG9zc28gZGVycm90YXIgdG9kb3Mgdm9jw6pzIQ==,,QXRyw6FzLg==
GeNXBw,,U2lnaC4uLg==,,,,,RWxlcyBuw6NvIHBhcmFtIGRlIGF0YWNhci4=,,KlN1c3BpcmHigKYq
GuNXBw,,UGxlYXNlIHN0ZXAgYmFjay4=,,,,,T3MgZ3VhcmRpw7VlcyBlc3TDo28gZmFjaWxpdGFuZG8gYXMgY29pc2FzLCBtYXMuLi4=,,QWzDqWphdGUgdW4gcG9jby4=
G+NXBw,,V2h5IGFyZSB3ZSB0aGUgb25seSBvbmVzIG9uIHRoZSBmcm9udCBsaW5lPw==,,,,,Vm9sdGUu,,wr9Qb3IgcXXDqSBzb21vcyBsb3Mgw7puaWNvcyBlbiBlbCBmcmVudGU/
HONXBw,,RC1kb24ndCBjb21lIGNsb3NlciE=,,,,,U2lnaC4uLg==,,wqFOLW5vIHRlIGFjZXJxdWVzIQ==
HeNXBw,,V2gtd2hlcmUncyB0aGUgbmV4dCByZWxpZWY/IQ==,,,,,UG9yIGZhdm9yLCB2b2x0ZS4=,,wqHCv0TDs25kZSBlc3TDoSBlbCBwcsOzeGltbyByZWxldm8/IQ==
HuNXBw,,SSdtIGFsd2F5cyBvbiBndWFyZCBkdXR5IHdoZXJldmVyIEkgZ28u,,,,,UG9ycXXDqiBuw7NzIHNvbW9zIG9zIMO6bmljb3MgbmEgZmlsaGEgZGUgZnJlbnRlPw==,,Tm8gaW1wb3J0YSBhIGTDs25kZSB2YXlhLCBzaWVtcHJlIHRlcm1pbm8gZGUgZ3VhcmRpYS4=
H+NXBw,,U3RvcCBhY3RpbmcgbGlrZSBhIGhlcm8gYW5kIG1vdmUgYmFjayE=,,,,,TmEuLk7Do28gc2UgYXByb3hpbWUuIQ==,,wqFEZWphIGRlIGFjdHVhciBjb24gaGVyb8Otc21vIHkgcmV0cm9jZWRlIQ==
IONXBw,,SSBjYW4gZ2V0IHRocm91Z2ggdGhlIG5pZ2h0LiBJIG11c3Qu,,,,,UHJlY2lzYW1vcyBkZSBhanVkYSE=,,UHVlZG8gc29icmV2aXZpciBhIGVzdGEgbm9jaGUuIERlYm8gaGFjZXJsby4=
IeNXBw,,QmVnb25lIQ==,,,,,RXUgc2VtcHJlIGVzdG91IGFsZXJkYS4=,,wqFWZXRlIQ==
IuNXBw,,SSB0aGluayBJJ3ZlIGNob3NlbiB0aGUgd3JvbmcgdGVhbS4uLg==,,,,,UGFyZSBkZSBhZ2lyIGNvbW8gaGVyw7NpIHF1ZSB2b2x0ZSE=,,Q3JlbyBxdWUgZWxlZ8OtIGFsIGVxdWlwbyBlcXVpdm9jYWRv4oCm
I+NXBw,,VWdoLCBob3cgZGlkIEkgZ2V0IG15c2VsZiBpbnRvIHRoaXMgbWVzcz8=,,,,,w4kgbWV1IGRldmVyIHByb3RlZ2VyIGEgdG9kb3Mu,,VWYsIMK/Y8OzbW8gbWUgbWV0w60gZW4gZXN0ZSBsw61vPw==
JONXBw,,SSdtIHRpcmVkIG9mIGhlYXJpbmcgdGhlbSB5ZWxsaW5nIGhlcmV0aWNzLg==,,,,,RWxlcyBuw6NvIHBhcmFtIGRlIGNoZWdhci4=,,TWUgaGFydMOpIGRlIG/DrXIgZ3JpdGFyIGEgbG9zIGhlcmVqZXMu
JeNXBw,,U0NSQU0h,,,,,Rm9yYSBkYXF1aSE=,,wqFMQVJHTyE=
JuNXBw,,Li4uTG91ZC4=,,,,,RXUgYWNobyBxdWUgZXNjb2xoaSBvIHRpbWUgZXJyYWRvLi4u,,Q3XDoW50byBydWlkby4=
J+NXBw,,VGhlIGZyb250IGxpbmVzIGFyZSBtb3N0IGRhbmdlcm91cy4=,,,,,T2hoLCBjb21vIGV1IG1lIG1ldGkgbmVzc2EgZW5jcmVuY2E/,,RWwgZnJlbnRlIGVzIGxhIHBhcnRlIG3DoXMgcGVsaWdyb3NhLg==
KONXBw,,SSdsbCBwcm90ZWN0IHRoaXMgZGVmZW5zZSBsaW5lLg==,,,,,RXUgZXN0b3UgY2Fuc2FkbyBkZSBvdXZpciBlc3NlcyBncml0b3MgaGVyZWdlcy4=,,UHJvdGVnZXLDqSBlc3RhIGzDrW5lYSBkZSBkZWZlbnNhLg==
KeNXBw,,WWVhaCwgeWVhaCwgb2YgY291cnNlLg==,,,,,Q0FJIEZPUkEh,,U8OtLCBzw60sIHBvciBzdXB1ZXN0by4=
KuNXBw,,Li4uWWVhaCwgeWVhaC4uLiBFdmVyeXRoaW5nJ3MgY2xlYXIsIHNpciE=,,,,,Li4uQWx0by4=,,U8OtLCBzw63igKYgwqFUb2RvIGRlc3BlamFkbywgc2XDsW9yIQ==
K+NXBw,,SSB3YXNuJ3QgbmFwcGluZyE=,,,,,QSBsaW5oYSBkZSBmcmVudGUgw6kgYSBtYWlzIGZvcnRlLg==,,wqFObyBlc3RhYmEgZHVybWllbmRvIGxhIHNpZXN0YSE=
LONXBw,,SSBjYW4ndCBiZWxpZXZlIEknbSBmaWdodGluZyBiZXNpZGUgaGVyZXRpY3Mu,,,,,RXUgaXJlaSBwcm90ZWdlciBlc3NhIGxpbmhhIGRlIGZyZW50ZS4=,,Tm8gcHVlZG8gY3JlZXIgcXVlIGVzdMOpIGx1Y2hhbmRvIGp1bnRvIGEgbG9zIGhlcmVqZXMu
LeNXBw,,Kllhd24qIFdoZXJlJ3MgdGhlIG5leHQgcmVsaWVmPw==,,,,,Q2xhcm8u,,KkJvc3RlemEqIMK/RMOzbmRlIGVzdMOhIGVsIHByw7N4aW1vIHJlbGV2bz8=
LuNXBw,,SGV5LCBzdG9wIGxvaXRlcmluZy4gWW91J3JlIGdvaW5nIHRvIGdldCB5b3Vyc2VsZiBraWxsZWQu,,,,,Li4uU2ltLCBzaW0uLi4gTyBjYW1pbmhvIGVzdMOhIGxpdnJlLCBTZW5ob3Ih,,T3llLCBkZWphIGRlIGhvbGdhemFuZWFyLiBWYXMgYSBoYWNlciBxdWUgdGUgbWF0ZW4u
L+NXBw,,Li4uVGhpcyBpcyB0aXJpbmcu,,,,,RXUgbsOjbyBlc3RhdmEgY29jaGlsYW5kbyE=,,RXN0byBlcyBhZ290YWRvci4=
MONXBw,,T3VyIGRlZmVuc2UgbGluZSBpcyBpbnRhY3Qu,,,,,RXUgbsOjbyBhY3JlZGl0byBxdWUgZXN0b3UgbHV0YW5kbyBhbyBsYWRvIGRlIGhlcmVnZXMu,,TGEgbMOtbmVhIGRlIGRlZmVuc2EgZXN0w6EgaW50YWN0YS4=
MeNXBw,,S2VlcCB5b3VyIGV5ZXMgZm9yd2FyZCEgRXZlcnl0aGluZydzIGNsZWFyIQ==,,,,,UXVlIG9zIERldXNlcyBsaGUgYWNvbXBhbmhlLg==,,wqFNYW50ZW5nYW4gbGEgdmlzdGEgYWwgZnJlbnRlISDCoVRvZG8gZGVzcGVqYWRvIQ==
MuNXBw,,SmVydXRoIEhlc3JhbnRh,,,,,KkJvY2VqbyogUXVhbmRvIMOpIG1pbmhhIHZleiBkZSBkZXNjYW5zYXI/,,SmVydXRoIEhlc3JhbnRh
M+NXBw,,W0plcnV0aCBIZXNyYW50YV0KV2UndmUgbWV0IGFnYWluLgpNYW55IHRoaW5ncyBoYXZlIGhhcHBlbmVkLiBJJ2QgbGlrZSB0byBhc2sgeW91IGEgZmF2b3IgbGF0ZXIgd2hlbiB5b3UncmUgc2V0dGxlZC4=,,,,,SGV5LCBwYXJlIGRlIHBlZ2FyIG8gbG9vdC4gVm9jw6ogdmFpIGFjYWJhciBtb3JyZW5kby4=,,W0plcnV0aCBIZXNyYW50YV0KTm9zIHZvbHZlbW9zIGEgZW5jb250cmFyLgpPY3Vycmllcm9uIG11Y2hhcyBjb3Nhcy4gVW5hIHZleiBxdWUgdGUgaW5zdGFsZXMsIHF1aXNpZXJhIHBlZGlydGUgdW4gZmF2b3Iu
NONXBw,,W0plcnV0aCBIZXNyYW50YV0KUGxlYXNlIHJlbWVtYmVyIHRoYXQgSSBuZWVkIHlvdXIgaGVscC4=,,,,,Li4uSXNzbyDDqSBleGF1c3Rpdm8u,,W0plcnV0aCBIZXNyYW50YV0KUG9yIGZhdm9yLCByZWN1ZXJkYSBxdWUgbmVjZXNpdG8gdHUgYXl1ZGEu
NeNXBw,,W0plcnV0aCBIZXNyYW50YV0KTG9uZyB0aW1lLCBubyBzZWUuCkRvIHlvdSByZW1lbWJlciBtZT8KV2UgaGFkIGFuIGltcG9ydGFudCBkaXNjdXNzaW9uIHRvZ2V0aGVyIGJhY2sgaW4gRGllbC4=,,,,,Tm9zc2EgZGVmZXNhIMOpIGltcGVuZXRyw6F2ZWwu,,W0plcnV0aCBIZXNyYW50YV0KQ3XDoW50byB0aWVtcG8gc2luIHZlcm5vcy4Kwr9UZSBhY3VlcmRhcyBkZSBtw60/ClR1dmltb3MgdW5hIGRpc2N1c2nDs24gaW1wb3J0YW50ZSBlbiBEaWVsLg==
NuNXBw,,W0plcnV0aCBIZXNyYW50YV0KSSBwZXJzdWFkZWQgdGhlIEVsZGVycyB0byBsZXQgbWUgYnJpbmcgYW4gYXJteSBoZXJlLgpBcyB5b3Ugc3VzcGVjdGVkLCBBaGF0IGlzbid0IGEgU2FwcGhhLg==,,,,,UXVlIG9zIERldXNlcyB0aGUgYWJlbsOnb2Uu,,W0plcnV0aCBIZXNyYW50YV0KQ29udmVuY8OtIGEgbG9zIEFuY2lhbm9zIHBhcmEgcXVlIG1lIGRlamFyYW4gdHJhZXIgdW4gZWrDqXJjaXRvLgpDb21vIHNvc3BlY2hhYmFzLCBBaGF0IG5vIGVzIHNhcGhhLg==
N+NXBw,,W0plcnV0aCBIZXNyYW50YV0KT25seSBJJ20gYXdhcmUgb2YgdGhhdCBrbm93bGVkZ2UgYXQgdGhlIG1vbWVudC4KRXZlcnlvbmUgZWxzZSBoYXMgcHJldHR5IG11Y2ggZm9yZ290dGVuIGhlIGV2ZXIgZXhpc3RlZC4=,,,,,TWFudGVuaGEtc2UgZm9jYWRvISBBIMOhcmVhIGVzdMOhIGxpbXBh,,W0plcnV0aCBIZXNyYW50YV0KUGVybyBlbiBlc3RlIG1vbWVudG8gc29sbyB5byB0ZW5nbyBlc2UgY29ub2NpbWllbnRvLgpMb3MgZGVtw6FzIHByw6FjdGljYW1lbnRlIG9sdmlkYXJvbiBxdWUgZXhpc3TDrWEu
OONXBw,,W0plcnV0aCBIZXNyYW50YV0KTXkgdW5keWluZyBzdXNwaWNpb24gYWJvdXQgaGltIGtlcHQgbWUgc2FmZSBmcm9tIEFoYXQncyBoeXBub3Npcy4KSGUgdXNlZCB0aGUgdW5zcGVha2FibGUgdGFsZW50IHRvIGRpc2FwcGVhci4=,,,,,SmVydXRoIEhlc0xhbnRh,,W0plcnV0aCBIZXNyYW50YV0KTGFzIHNvc3BlY2hhcyBldGVybmFzIHF1ZSB0ZW7DrWEgZGUgQWhhdCBtZSBtYW50dXZpZXJvbiBhIHNhbHZvIGRlIHN1IGhpcG5vc2lzLgpVc8OzIGVzZSB0YWxlbnRvIGF0cm96IHBhcmEgZGVzYXBhcmVjZXIu
OeNXBw,,W0plcnV0aCBIZXNyYW50YV0KQWZ0ZXIgaGUgZGlzYXBwZWFyZWQsIEkgcGVyc3VhZGVkIHRoZSBFbGRlcnMgdGhhdCB3ZSBtdXN0IGpvaW4gdGhlIHN1Ymp1Z2F0aW9uIG9mIHRoZSBEZW1vbiBHb2QuCk90aGVyIFNhcHBoYXMgd2VyZSBhZ2FpbnN0IG1lLCBmb3IgdGhlIHNhZmV0eSBvZiBvdXIga2luZCw=,,,,,W0plcnV0aCBIZXNMYW50YV0KTm9zIGVuY29udHJhbW9zIGRlIG5vdm8uCk11aXRhcyBjb2lzYXMgYWNvbnRlY2VyYW0uIEdvc3RhcmlhIGRlIHBlZGlyIHVtIGZhdm9yIHBhcmEgbWFpcyB0YXJkZSwgcXVhbmRvIHZvY8OqIHRpdmVyIHNlIGVzdGFiZWxlY2lkby4=,,W0plcnV0aCBIZXNyYW50YV0KVW5hIHZleiBxdWUgZGVzYXBhcmVjacOzLCBjb252ZW5jw60gYSBsb3MgQW5jaWFub3MgZGUgcXVlIGRlYsOtYW1vcyB1bmlybm9zIGEgbGEgc3VieXVnYWNpw7NuIGRlbCBkaW9zIERlbW9uaW8uCk90cm9zIHNhcGhhcyBlc3RhYmFuIGVuIG1pIGNvbnRyYSwgcG9yIGxhIHNlZ3VyaWRhZCBkZSBudWVzdHJhIGVzcGVjaWUs
OuNXBw,,W0plcnV0aCBIZXNyYW50YV0KYnV0IGl0J3MgaW4gb3VyIG5hdHVyZSB0byBoZWxwIG91ciBmcmllbmRzIGF0IGFsbCBjb3N0cy4KU28gSSd2ZSBicm91Z2h0IG91ciBicmF2ZXN0IEdhcnRlbnMgdG8gdGhlIGJhdHRsZWZpZWxkLg==,,,,,W0plcnV0aCBIZXNMYW50YV0KUG9yIGZhdm9yLCBsZW1icmUtc2UgZGUgcXVlIGV1IHByZWNpc28gZGEgc3VhIGFqdWRhLg==,,W0plcnV0aCBIZXNyYW50YV0KcGVybyBudWVzdHJhIG5hdHVyYWxlemEgZXMgYXl1ZGFyIGEgbnVlc3Ryb3MgYWxpYWRvcyBjdWVzdGUgbG8gcXVlIGN1ZXN0ZS4KUG9yIGVzbyB0cmFqZSBhIGxvcyBnYWx0ZW5zIG3DoXMgdmFsaWVudGVzIGFsIGNhbXBvIGRlIGJhdGFsbGEu
O+NXBw,,W0plcnV0aCBIZXNyYW50YV0KTG9uZyBzdG9yeSBzaG9ydCwKeW91IG5vIGxvbmdlciBoYXZlIHRvIHdvcmsgZm9yIEFoYXQuCklmIHlvdSBuZWVkIHRoZSBDb250cmlidXRpb24gQ2VydGlmaWNhdGUsIGRvIG1lIGEgZmF2b3IgbGF0ZXIgYW5kIEknbGwgZ2l2ZSB5b3Ugb25lLg==,,,,,W0plcnV0aCBIZXNMYW50YV0KSMOhIHF1YW50byB0ZW1wbyBuw6NvIHRlIHZlam8uCkxlbWJyYS1zZSBkZSBtaW0/ClRpdmVtb3MgdW1hIGRpc2N1c3PDo28gaW1wb3J0YW50ZSBqdW50b3MgbMOhIGVtIERpZWwu,,W0plcnV0aCBIZXNyYW50YV0KRW4gcG9jYXMgcGFsYWJyYXMsCnlhIG5vIHRpZW5lcyBxdWUgdHJhYmFqYXIgcGFyYSBBaGF0LgpTaSBuZWNlc2l0YXMgdW4gQ2VydGlmaWNhZG8gZGUgY29udHJpYnVjacOzbiwgaGF6bWUgdW4gZmF2b3IgbcOhcyB0YXJkZSB5IHRlIGRhcsOpIHVuby4=
PONXBw,,W0plcnV0aCBIZXNyYW50YV0KWW91IGtub3cgQ2hlc2hlciwgZG9uJ3QgeW91PwpXaGVuIGl0IGNvbWVzIHRvIGhpbSwKSSBjYW4ndCB0cnVzdCBhbnlvbmUgZWxzZS4=,,,,,UG9yIHF1ZSB2b2PDqiBlc3TDoSBhcXVpPw==,,W0plcnV0aCBIZXNyYW50YV0KQ29ub2NlcyBhIENoZXNoaXJlLCDCv25vPwpDdWFuZG8gc2UgdHJhdGEgZGUgw6lsLApubyBwdWVkbyBjb25maWFyIGVuIG5hZGllIG3DoXMu
PeNXBw,,W0plcnV0aCBIZXNyYW50YV0KSSB3YW50IHRvIGNvbGxlY3QgaW5mb3JtYXRpb24gYWJvdXQgaGltIGZpcnN0IGJlZm9yZSBJIHByb2NlZWQgd2l0aCBteSBwbGFuLgpQbGVhc2Ugc3RheSBzYWZlIHVudGlsIEkgdGFsayB0byB5b3UgYWdhaW4u,,,,,W0plcnV0aCBIZXNMYW50YV0KRXUgY29udmVuY2kgb3MgQW5jacOjb3MgYSBtZSBkZWl4YXJlbSB0cmF6ZXIgdW0gZXjDqXJjaXRvIHBhcmEgY8OhLgpDb21vIHZvY8OqIHN1c3BlaXRhdmEsIEFoYXQgbsOjbyDDqSBNYW51ay4=,,W0plcnV0aCBIZXNyYW50YV0KQW50ZXMgZGUgYXZhbnphciBjb24gbWkgcGxhbiwgcHJpbWVybyBxdWllcm8gcmVjb2xlY3RhciBpbmZvcm1hY2nDs24gc29icmUgw6lsLgpNYW50ZW50ZSBhIHNhbHZvIGhhc3RhIHF1ZSB2b2x2YW1vcyBhIGhhYmxhci4=
PuNXBw,,W0plcnV0aCBIZXNyYW50YV0KRG8geW91IHJlbWVtYmVyIHRoYXQgd2UgdGFsa2VkIGFib3V0IENoZXNoZXI/CkhlJ3MgYSBzZW5zaXRpdmUgaXNzdWUsIHNvIEkgY2FuJ3QgdGFsayB0byBvdGhlciBTYXBwaGFzIGFib3V0IGhpbS4=,,,,,W0plcnV0aCBIZXNMYW50YV0KU8OzIGV1IHRlbmhvIGNvbmhlY2ltZW50byBkZXNzZSBmYXRvIG5vIG1vbWVudG8uClRvZG9zIG9zIG91dHJvcyBwcmF0aWNhbWVudGUgZXNxdWVjZXJhbSBxdWUgZWxlIGphbWFpcyBleGlzdGl1Lg==,,W0plcnV0aCBIZXNyYW50YV0Kwr9SZWN1ZXJkYXMgcXVlIGhhYmxhbW9zIHNvYnJlIENoZXNoaXJlPwpFcyB1biB0ZW1hIGRlbGljYWRvLCBhc8OtIHF1ZSBubyBwdWVkbyBoYWJsYXIgZGUgw6lsIGNvbiBvdHJvcyBzYXBoYXMu
P+NXBw,,W0plcnV0aCBIZXNyYW50YV0KRXZlbiB0aG91Z2ggdGhlIHNpdHVhdGlvbiBpcyBkaXJlLCBJIGRvbid0IHRoaW5rIHlvdSdyZSByZWFkeSB0byBoZWxwIG1lIHdpdGggdGhpcy4KUGxlYXNlIGtlZXAgeW91cnNlbGYgc2FmZSBmb3Igbm93Lg==,,,,,W0plcnV0aCBIZXNMYW50YV0KTWluaGFzIGV0ZXJuYXMgc3VzcGVpdGFzIHNvYnJlIGVsZSBtZSBwcm90ZWdlcmFtIGRhIGhpcG5vc2UgZGUgQWhhdC4KRWxlIHVzb3UgbyB0YWxlbnRvIGluZGVzY3JpdMOtdmVsIHBhcmEgZGVzYXBhcmVjZXIu,,W0plcnV0aCBIZXNyYW50YV0KQXVucXVlIGxhIHNpdHVhY2nDs24gc2VhIGdyYXZlLCBubyBjcmVvIHF1ZSBwdWVkYXMgYXl1ZGFybWUgY29uIGVzdG8uClBvciBhaG9yYSwgbWFudGVudGUgYSBzYWx2by4=
QONXBw,,W0plcnV0aCBIZXNyYW50YV0KRG8geW91IHJlbWVtYmVyIHRoYXQgd2UgdGFsa2VkIGFib3V0IENoZXNoZXI/CkhlJ3MgYSBzZW5zaXRpdmUgaXNzdWUsIHNvIEkgY2FuJ3QgdGFsayB0byBvdGhlciBTYXBwaGFzIGFib3V0IGhpbS4KQW5kIEkgd2FzIHRoaW5raW5nLi4u,,,,,W0plcnV0aCBIZXNMYW50YV0KRGVwb2lzIHF1ZSBlbGUgZGVzYXBhcmVjZXUsIGV1IGNvbnZlbmNpIG9zIEFuY2nDo29zIGRlIHF1ZSBuw7NzIGRldmVyw61hbW9zIG5vcyBqdW50YXIgw6AgcmVwcmVzc8OjbyBkbyBSZWkgRGVtb27DrWFjby4KT3V0cm9zIE1hbnVrcyBmaWNhcmFtIGNvbnRyYSBtaW0sIHBlbGEgc2VndXJhbsOnYSBkZSBub3NzYSBlc3DDqWNpZSw=,,W0plcnV0aCBIZXNyYW50YV0Kwr9SZWN1ZXJkYXMgcXVlIGhhYmxhbW9zIHNvYnJlIENoZXNoaXJlPwpFcyB1biB0ZW1hIGRlbGljYWRvLCBhc8OtIHF1ZSBubyBwdWVkbyBoYWJsYXIgZGUgw6lsIGNvbiBvdHJvcyBzYXBoYXMuClkgZXN0YWJhIHBlbnNhbmRv4oCm
QeNXBw,,W0plcnV0aCBIZXNyYW50YV0KTWF5YmUgeW91IGNvdWxkIGhlbHAgbWUgY29uZmlybSBteSBzdXNwaWNpb24u,,,,,W0plcnV0aCBIZXNMYW50YV0KbWFzIGVzdMOhIGVtIG5vc3NhIG5hdHVyZXphIGFqdWRhciBub3Nzb3MgYW1pZ29zIGEgdG9kbyBjdXN0by4KRW50w6NvIGV1IHRyb3V4ZSBub3Nzb3MgR2FydG9ucyBtYWlzIGNvcmFqb3NvcyBwYXJhIG8gY2FtcG8gZGUgYmF0YWxoYS4=,,W0plcnV0aCBIZXNyYW50YV0KUXVpesOhIHB1ZWRhcyBheXVkYXJtZSBhIGNvbmZpcm1hciBtaSBzb3NwZWNoYS4=
QuNXBw,,V2hhdCBzdXNwaWNpb24/,,,,,W0plcnV0aCBIZXNMYW50YV0KUmVzdW1pbmRvLAp2b2PDqiBuw6NvIHByZWNpc2EgbWFpcyB0cmFiYWxoYXIgcGFyYSBBaGF0LgpTZSB2b2PDqiBwcmVjaXNhciBkbyBDZXJ0aWZpY2FkbyBkZSBDb250cmlidWnDp8OjbywgZmHDp2EtbWUgdW0gZmF2b3IgbWFpcyB0YXJkZSBlIGV1IHRlIGRhcmVpIHVtLg==,,wr9RdcOpIHNvc3BlY2hhPw==
Q+NXBw,,W0plcnV0aCBIZXNyYW50YV0KVGhlcmUgYXJlIHNvbWUgdGhpbmdzIHRoYXQgZG9uJ3Qgc2VlbSB0byBiZWxvbmcgdG8gdGhpcyBGbGFtaW5nIEJhc2luLgpUaGV5J3JlIGJveGVzIG9mIHNvbWUga2luZC4=,,,,,W0plcnV0aCBIZXNMYW50YV0KVm9jw6ogY29uaGVjZSBvIENoZXNoaXJlLCBuw6NvIGNvbmhlY2U/ClF1YW50byBhIGVsZSwKbsOjbyBwb3NzbyBjb25maWFyIGVtIG1haXMgbmluZ3XDqW0u,,W0plcnV0aCBIZXNyYW50YV0KUGFyZWNlIHF1ZSBhbGd1bmFzIGNvc2FzIG5vIHBlcnRlbmVjZW4gYSBlc3RhIEN1ZW5jYSBhcmRpZW50ZS4KU29uIHVuYSBlc3BlY2llIGRlIGNhamFzLg==
RONXBw,,W0plcnV0aCBIZXNyYW50YV0KQW5pbWF0ZWQgYnkgdGhlIERlbW9uIEdvZCdzIGV2aWwgZW5lcmd5LCB0aG9zZSBib3hlcyBhcmUgcnVubmluZyBhbW9rIGFib3V0IHRoZSBiYXNpbi4KTm93IEknbSBjb25jZXJuZWQuLi4=,,,,,W0plcnV0aCBIZXNMYW50YV0KUXVlcm8gYnVzY2FyIGluZm9ybWHDp8O1ZXMgc29icmUgZWxlIGFudGVzIHF1ZSBldSBwcm9zc2lnYSBjb20gbWV1IHBsYW5vLgpQb3IgZmF2b3IsIG1hbnRlbmhhLXNlIHNlZ3VybyBhdMOpIHF1ZSBldSBmYWxlIGNvbSB2b2PDqiBub3ZhbWVudGUu,,W0plcnV0aCBIZXNyYW50YV0KTGEgZW5lcmfDrWEgbWFsw6lmaWNhIGRlbCBkaW9zIERlbW9uaW8gYW5pbWEgZXNhcyBjYWphcyB5IGFob3JhIGFuZGFuIHNpbiBjb250cm9sIHBvciB0b2RhIGxhIGN1ZW5jYS4KQWhvcmEgbWUgcHJlb2N1cGHigKY=
ReNXBw,,WW91J3JlIGNvbmNlcm5lZD8=,,,,,W0plcnV0aCBIZXNMYW50YV0KVm9jw6ogc2UgbGVtYnJhIHF1ZSBjb252ZXJzYW1vcyBzb2JyZSBDaGVzaGlyZT8KRWxlIMOpIHVtIGFzc3VudG8gZGVsaWNhZG8sIGVudMOjbyBuw6NvIHBvc3NvIGZhbGFyIGNvbSBvdXRyb3MgTWFudWtzIHNvYnJlIGVsZS4=,,wr9UZSBwcmVvY3VwYT8=
RuNXBw,,W0plcnV0aCBIZXNyYW50YV0KVGhleSdyZSB0aGUgc3BpdHRpbmcgaW1hZ2VzIG9mIEJyYWRpdW0gQm94ZXMgaW4gRGljYXN0ZXMuCkNvdWxkIHlvdSBleHRlcm1pbmF0ZSB0aGVtIGFuZCBoZWxwIG1lIGRldGVybWluZSB0aGVpciBpZGVudGl0eT8=,,,,,W0plcnV0aCBIZXNMYW50YV0KTWVzbW8gcXVlIGEgc2l0dWHDp8OjbyBlc3RlamEgYXBlcnRhZGEsIG7Do28gYWNobyBxdWUgdm9jw6ogZXN0ZWphIHByb250byBwYXJhIG1lIGFqdWRhciBjb20gaXNzby4KUG9yIGZhdm9yLCBtYW50ZW5oYS1zZSBzZWd1cm8gcG9yIGVucXVhbnRvLg==,,W0plcnV0aCBIZXNyYW50YV0KU29uIGVsIHZpdm8gcmV0cmF0byBkZSBsYXMgQ2FqYXMgZGUgQnJhZGl1bSBkZSBFbCBEaWNhc3Rlcy4Kwr9Qb2Ryw61hcyBleHRlcm1pbmFybGFzIHkgYXl1ZGFybWUgYSBkZXNjdWJyaXIgc3UgaWRlbnRpZGFkPw==
R+NXBw,,W0plcnV0aCBIZXNyYW50YV0KVGhleSByZWFsbHkgY291bGQgYmUgdGhlIEJyYWRpdW0gQm94ZXMgdGhhdCBDaGVzaGVyIHN0b2xlIGZyb20gRGljYXN0ZXMuCklmIHNvLCBJIGNhbiB1c2UgdGhlIGJveGVzIHRvIHJlcGxlbmlzaCBteSBhcm15Lg==,,,,,W0plcnV0aCBIZXNMYW50YV0KVm9jw6ogc2UgbGVtYnJhIHF1ZSBjb252ZXJzYW1vcyBzb2JyZSBDaGVzaGlyZT8KRWxlIMOpIHVtIGFzc3VudG8gZGVsaWNhZG8sIGVudMOjbyBuw6NvIHBvc3NvIGZhbGFyIGNvbSBvdXRyb3MgTWFudWtzIHNvYnJlIGVsZS4KRSBldSBlc3RhdmEgcGVuc2FuZG8uLi4=,,W0plcnV0aCBIZXNyYW50YV0KRW4gdmVyZGFkIHBvZHLDrWFuIHNlciBsYXMgQ2FqYXMgZGUgQnJhZGl1bSBxdWUgQ2hlc2hpcmUgc2Ugcm9iw7MgZGUgRWwgRGljYXN0ZXMuCkRlIHNlciBhc8OtLCBwdWVkbyB1c2FyIGxhcyBjYWphcyBwYXJhIHJlYWJhc3RlY2VyIGEgbWkgZWrDqXJjaXRvLg==
SONXBw,,QW5kIHJldHJpZXZlIHRoZSBzdG9sZW4gQnJhZGl1bXMgYXMgd2VsbC4=,,,,,W0plcnV0aCBIZXNMYW50YV0KVGFsdmV6IHZvY8OqIHBvc3NhIG1lIGFqdWRhciBhIGNvbmZpcm1hciBtaW5oYXMgc3VzcGVpdGFzLg==,,WSBkZSBwYXNvIHJlY3VwZXJhciBlbCBCcmFkaXVtIHJvYmFkby4=
SeNXBw,,W0plcnV0aCBIZXNyYW50YV0KQ29ycmVjdC4gTXkgYXJteSBpc24ndCBnZXR0aW5nIG11Y2ggc3VwcG9ydCwgc2luY2UgdGhpcyBleHBlZGl0aW9uIGhhcyBiZWVuIHNvbGVseSBteSBpZGVhLgpJdCdzIGp1c3Qgd2lzaGZ1bCB0aGlua2luZzsgd2Ugd29uJ3Qga25vdyB1bnRpbCB3ZSBoYXZlIHRoZSBib3hlcy4=,,,,,UXVlIHN1c3BlaXRhcz8=,,W0plcnV0aCBIZXNyYW50YV0KQ29ycmVjdG8uIE1pIGVqw6lyY2l0byBubyByZWNpYmUgbXVjaG8gYXBveW8sIHlhIHF1ZSBlc3RhIGV4cGVkaWNpw7NuIGZ1ZSBtaSBpZGVhLgpFcyBzb2xvIHVuIGRlc2VvOyBubyBsbyBzYWJyZW1vcyBoYXN0YSBxdWUgdGVuZ2Ftb3MgbGFzIGNhamFzLg==
SuNXBw,,W0plcnV0aCBIZXNyYW50YV0KRm9yIG5vdyBwbGVhc2UgaHVudCBvbmUgYm94IGFuZCBsZXQgbWUga25vdyB3aGF0IHlvdSBmaW5kIGZyb20gaXQuCkknbGwgYmUgd2FpdGluZy4=,,,,,W0plcnV0aCBIZXNMYW50YV0KRXhpc3RlbSBhbGd1bWFzIGNvaXNhcyBxdWUgbsOjbyBwYXJlY2VtIHBlcnRlbmNlciBhIGVzc2EgQmFjaWEgRmxhbWVqYW50ZS4KU8OjbyBjYWl4YXMgZGUgYWxndW0gdGlwby4=,,W0plcnV0aCBIZXNyYW50YV0KUG9yIGFob3JhLCBjYXphIHVuYSBkZSBsYXMgY2FqYXMgeSBhdsOtc2FtZSBxdcOpIGRlc2N1YnJlcyBlbiBlbGxhLgpFc3RhcsOpIGVzcGVyYW5kby4=
S+NXBw,,W0plcnV0aCBIZXNyYW50YV0KSSB3YXMgcmlnaHQuCkl0J3MgYW1hemluZyBob3cgc3VjaCBhbiBhbmltYXRlIG9iamVjdCBjYW4gbW92ZSBvbiBpdHMgb3duLgpJdCBtdXN0IGJlIGVuY2hhbnRlZCwgZG9uJ3QgeW91IHRoaW5rPw==,,,,,W0plcnV0aCBIZXNMYW50YV0KQW5pbWFkYXMgcGVsYSBlbmVyZ2lhIG1hbMOpZmljYSBkbyBSZWkgRGVtb27DrWFjbywgZXNzYXMgY2FpeGFzIGVzdMOjbyBkZXNjb250cm9sYWRhcyBuYSBCYWNpYS4KQWdvcmEgZXN0b3UgcHJlb2N1cGFkby4uLg==,,W0plcnV0aCBIZXNyYW50YV0KVGVuw61hIHJhesOzbi4KRXMgaW5jcmXDrWJsZSBxdWUgdW4gb2JqZXRvIGluYW5pbWFkbyBwdWVkYSBtb3ZlcnNlIHBvciBzdSBjdWVudGEuCkRlYmUgZXN0YXIgZW5jYW50YWRvLCDCv25vIGNyZWVzPw==
TONXBw,,W0plcnV0aCBIZXNyYW50YV0KVGhpcyBjb25maXJtcyBteSBzdXNwaWNpb246CnRob3NlIGJveGVzIGluIHRoZSBGbGFtaW5nIEJhc2luIGFyZSBCcmFkaXVtIEJveGVzIGZyb20gRWwgRGljYXN0ZXMu,,,,,Vm9jw6ogZXN0w6EgcHJlb2N1cGFkbz8=,,W0plcnV0aCBIZXNyYW50YV0KRXN0byBjb25maXJtYSBtaSBzb3NwZWNoYToKZXNhcyBjYWphcyBkZSBsYSBDdWVuY2EgYXJkaWVudGUgc29uIGxhcyBDYWphcyBkZSBCcmFkaXVtIGRlIEVsIERpY2FzdGVzLg==
TeNXBw,,W0plcnV0aCBIZXNyYW50YV0KSSBkb24ndCB3YW50IHRvIGltcG9zZSBvbiB5b3VyIGtpbmRuZXNzLCBidXQgSSBob3BlIHlvdSdsbCBjb250aW51ZSB0byBodW50IHRoZXNlIGJveGVzLgpZb3UncmUgdGhlIG9ubHkgb25lIEkgY2FuIHRydXN0IHdpdGggdGhpcywgYXQgbGVhc3QgZm9yIG5vdy4KR2FydGVucyBhcmUgYnJhdmUsIGJ1dCB0aGV5J2xsIHdhbnQgdG8gdW5kZXJzdGFuZCB3aHkgQnJhZGl1bSBCb3hlcyBhcmUgZm91bmQgaW4gdGhpcyBwbGFjZS4=,,,,,W0plcnV0aCBIZXNMYW50YV0KRWxhcyBzw6NvIGV4YXRhbWVudGUgaWd1YWlzIGEgQ2FpeGFzIGRlIEJyYWRpdW0gZGUgRGljYXN0ZXMuClZvY8OqIHBvZGVyaWEgZXh0ZXJtaW7DoS1sYXMgZSBtZSBhanVkYXIgYSBkZWZpbmlyIGEgaWRlbnRpZGFkZSBkZWxhcz8=,,W0plcnV0aCBIZXNyYW50YV0KTm8gcXVpZXJvIGFidXNhciBkZSB0dSBhbWFiaWxpZGFkLCBwZXJvIGVzcGVybyBxdWUgc2lnYXMgY2F6YW5kbyBlc2FzIGNhamFzLgpFcmVzIGxhIMO6bmljYSBwZXJzb25hIGEgbGEgcXVlIHB1ZWRvIGNvbmZpYXJsZSBlc3RvLCBhbCBtZW5vcyBwb3IgYWhvcmEuCkxvcyBnYWx0ZW5zIHNvbiB2YWxpZW50ZXMsIHBlcm8gdmFuIGEgcXVlcmVyIHNhYmVyIHBvciBxdcOpIGhheSBDYWphcyBkZSBCcmFkaXVtIGFxdcOtLg==
TuNXBw,,W0plcnV0aCBIZXNyYW50YV0KVGhlbiBJJ2xsIGhhdmUgdG8gdGVsbCB0aGVtIGV2ZXJ5dGhpbmcsCnN0YXJ0aW5nIHdpdGggQWhhdCwgYW5kIHRoYXQgbW9zdCBTYXBwaGFzIGhhdmUgZm9yZ290dGVuIGFib3V0IGhpbSB3aWxsIG1ha2UgdGhpbmdzIHJlYWxseSBjb21wbGljYXRlZC4=,,,,,W0plcnV0aCBIZXNMYW50YV0KRWxhcyBwb2RlcmlhbSBzZXIgcmVhbG1lbnRlIGFzIENhaXhhcyBkZSBCcsOhZGlvIHF1ZSBDaGVzaGlyZSByb3Vib3UgZGUgRGljYXN0ZXMuClNlIGZvciBvIGNhc28sIHBvc3NvIHVzYXIgYXMgY2FpeGFzIHBhcmEgcmVhYmFzdGVjZXIgbyBtZXUgZXjDqXJjaXRvLg==,,W0plcnV0aCBIZXNyYW50YV0KQXPDrSBxdWUgdGVuZHLDqSBxdWUgY29udGFybGVzIHRvZG8sCmVtcGV6YW5kbyBwb3IgbG8gZGUgQWhhdCwgeSBlbCBoZWNobyBkZSBxdWUgbGEgbWF5b3LDrWEgZGUgbG9zIHNhcGhhcyBsbyBoYXlhbiBvbHZpZGFkbyBjb21wbGljYXLDoSBsYXMgY29zYXMu
T+NXBw,,V2hlbiBkbyBJIHN0YXJ0Pw==,,,,,RSByZWN1cGVyYXIgb3MgQnLDoWRpb3Mgcm91YmFkb3MgdGFtYsOpbS4=,,wr9DdcOhbmRvIGVtcGllem8/
UONXBw,,W0plcnV0aCBIZXNyYW50YV0KSG93IGFib3V0IG5vdz8KXjRENERGRlBsZWFzZSBodW50IHRob3NlIFJhbXBhZ2luZyBCb3hlcyBhbmQgY29sbGVjdCAxMCBCcmFkaXVtIEJveGVzLl4wMDAwMDA=,,,,,W0plcnV0aCBIZXNMYW50YV0KQ2VydG8uIE1ldSBleMOpcmNpdG8gbsOjbyBlc3TDoSByZWNlYmVuZG8gbXVpdG8gYXBvaW8sIGrDoSBxdWUgZXNzYSBleHBlZGnDp8OjbyBmb2kgdW1hIGlkZWlhIHPDsyBtaW5oYS4KU8OjbyBzw7MgcG9zc2liaWxpZGFkZXMgb3RpbWlzdGFzOyBuw7NzIG7Do28gdmFtb3Mgc2FiZXIgYXTDqSBxdWUgdGVuaGFtb3MgYXMgY2FpeGFzLg==,,W0plcnV0aCBIZXNyYW50YV0Kwr9RdcOpIHRhbCBhaG9yYT8KXjRENERGRkNhemEgZXNhcyBDYWphcyBhcnJhc2Fkb3JhcyB5IHJlY29sZWN0YSAxMENhamFzIGRlIEJyYWRpdW0uXjAwMDAwMA==
UeNXBw,,W0plcnV0aCBIZXNyYW50YV0KSSBzZWUgdGhhdCB5b3UndmUgc3VianVnYXRlZCBhIFJhbXBhZ2luZyBCb3gsCmJ1dCBteSByZWFsIG9iamVjdGl2ZSB3YXMgdG8gY2hlY2sgaXRzIGNvbnRlbnRzLgpeNEQ0REZGUGxlYXNlIGV4dGVybWluYXRlIGEgYm94IGFuZCBicmluZyBtZSB0aGUgaXRlbSB5b3UndmUgZm91bmQgZnJvbSBpdC5eMDAwMDAw,,,,,W0plcnV0aCBIZXNMYW50YV0KUG9yIGVucXVhbnRvLCBwb3IgZmF2b3IsIGNhY2UgdW1hIGNhaXhhIGUgbWUgYXZpc2UgbyBxdWUgdm9jw6ogZW5jb250cmFyIG5lbGEuCkVzdGFyZWkgZXNwZXJhbmRvLg==,,W0plcnV0aCBIZXNyYW50YV0KVmVvIHF1ZSBzdWJ5dWdhc3RlIGEgdW5hIENhamEgYXJyYXNhZG9yYSwKcGVybyBtaSBvYmpldGl2byByZWFsIGVyYSBjb25maXJtYXIgc3UgY29udGVuaWRvLgpeNEQ0REZGRXh0ZXJtaW5hIHVuYSBjYWphIHkgdHLDoWVtZSBlbCBvYmpldG8gcXVlIGVuY3VlbnRyZXMgZGVudHJvLl4wMDAwMDA=
UuNXBw,,W0plcnV0aCBIZXNyYW50YV0KSnVzdCBodW50IDEgXjRENERGRlJhbXBhZ2luZyBCb3heMDAwMDAwIGFuZCBicmluZyBtZSB3aGF0IHlvdSBmaW5kIGluc2lkZSBpdC4=,,,,,W0plcnV0aCBIZXNMYW50YV0KRXUgZXN0YXZhIGNlcnRvLgogw4kgaW5jcsOtdmVsIGNvbW8gdW0gb2JqZXRvIGluYW5pbWFkbyBjb25zZWd1ZSBzZSBtZXhlciBzb3ppbmhvLgpEZXZlIGVzdGFyIGVuY2FudGFkYSwgbsOjbyBhY2hhPw==,,W0plcnV0aCBIZXNyYW50YV0KU29sbyBkZWJlcyBjYXphciAxXjRENERGRkNhamEgYXJyYXNhZG9yYV4wMDAwMDAgeSB0cmFlcm1lIGxvIHF1ZSBlbmN1ZW50cmVzIGRlbnRyby4=
U+NXBw,,W0plcnV0aCBIZXNyYW50YV0KSGFoIGhhaCwgd2UncmUgbm90IGluIGEgaHVycnkgYXQgdGhlIG1vbWVudC4KSSB3b25kZXIgaWYgQ2hlc2hlciBrbm93cyB3ZSdyZSBzdGVhbGluZyBiYWNrIGhpcyBCcmFkaXVtIEJveGVzLg==,,,,,W0plcnV0aCBIZXNMYW50YV0KSXNzbyBjb25maXJtYSBhIG1pbmhhIHN1c3BlaXRhOgplc3NhcyBjYWl4YXMgbmEgQmFjaWEgRmxhbWVqYW50ZSBzw6NvIENhaXhhcyBkZSBCcsOhZGlvIGRlIEVsIERpY2FzdGVzLg==,,W0plcnV0aCBIZXNyYW50YV0KSmEsIGphLCBwb3IgZWwgbW9tZW50byBubyBlc3RhbW9zIGFwcmVzdXJhZG9zLgpNZSBwcmVndW50byBzaSBDaGVzaGlyZSBzYWJyw6EgcXVlIGVzdGFtb3MgcmVjb2xlY3RhbmRvIGxhcyBDYWphcyBkZSBCcmFkaXVtIHF1ZSBzZSByb2LDsy4=
VONXBw,,W0plcnV0aCBIZXNyYW50YV0KV2hhdCBzaG91bGQgSSBmZWVkIHRoZSBwb29yIGNhdCBsYXRlcj8KT2gsIGtlZXAgdXAgdGhlIGdvb2Qgd29yayBjb2xsZWN0aW5nIEJyYWRpdW0gQm94ZXMu,,,,,W0plcnV0aCBIZXNMYW50YV0KRXUgbsOjbyBxdWVybyBtZSBhcHJvdmVpdGFyIGRlIHN1YSBnZW50aWxlemEsIG1hcyBlc3Blcm8gcXVlIHZvY8OqIGNvbnRpbnVlIGEgY2HDp2FyIGVzc2FzIGNhaXhhcy4KVm9jw6ogw6kgbyDDum5pY28gZW0gcXVlbSBwb3NzbyBjb25maWFyIGNvbSBpc3NvLCBwZWxvIG1lbm9zIHBvciBhZ29yYS4KR2FydG9ucyBzw6NvIGNvcmFqb3NvcywgbWFzIGVsZXMgdsOjbyBxdWVyZXIgZW50ZW5kZXIgcG9yIHF1ZSBDYWl4YXMgZGUgQnLDoWRpbyBzw6NvIGVuY29udHJhZGFzIG5lc3NlIGx1Z2FyLg==,,W0plcnV0aCBIZXNyYW50YV0Kwr9RdcOpIGxlIGRveSBkZSBjb21lciBkZXNwdcOpcyBhbCBwb2JyZSBnYXRvPwpBaCwgc2lndWUgYXPDrSByZWNvbGVjdGFuZG8gbGFzIENhamFzIGRlIEJyYWRpdW0u
VeNXBw,,W0plcnV0aCBIZXNyYW50YV0KSXQncyB0aW1lIHRvIGNvbGxlY3QgQnJhaWR1bSBCb3hlcy4=,,,,,W0plcnV0aCBIZXNMYW50YV0KRSBlbnTDo28sIHRlcmVpIGRlIGNvbnRhciB0dWRvIGEgZWxlcywKY29tZcOnYW5kbyBwZWxvIEFoYXQsIGUgbyBmYXRvIGRlIHF1ZSBhIG1haW9yaWEgZG9zIE1hbnVrcyBlc3F1ZWNlcmFtIGRlbGUgdmFpIGNvbXBsaWNhciBhcyBjb2lzYXMu,,W0plcnV0aCBIZXNyYW50YV0KRXMgaG9yYSBkZSByZWNvbGVjdGFyIGxhcyBDYWphcyBkZSBCcmFkaXVtLg==
VuNXBw,,SSdsbCBnZXQgb24gd2l0aCBpdC4=,,,,,UXVhbmRvIGV1IGNvbWXDp28/,,TWUgZW5jYXJnYXLDqSBkZSBlc28u
V+NXBw,,SSdsbCBjb21lIGJhY2sgbGF0ZXIu,,,,,W0plcnV0aCBIZXNMYW50YV0KUXVlIHRhbCBhZ29yYT8KXjMxMzFGRlBvciBmYXZvciBjYWNlIGFxdWVsYXMgQ2FpeGFzIFNlbHZhZ2VucyBlIGNvbGV0ZSAxMCBDYWl4YXMgZGUgQnLDoWRpby5eMDAwMDAw,,Vm9sdmVyw6kgbcOhcyB0YXJkZS4=
WONXBw,,W0plcnV0aCBIZXNyYW50YV0KVGhhdCdzIHRoZSBzcGlyaXQhClBsZWFzZQpodW50IFJhbXBhZ2luZyBCb3hlcyBhbmQgY29sbGVjdCBCcmFkaXVtcy4=,,,,,W0plcnV0aCBIZXNMYW50YV0KVmVqbyBxdWUgdm9jw6ogc3VianVnb3UgdW1hIENhaXhhIFNlbHZhZ2VtLAptYXMgbWV1IG9iamV0aXZvIHJlYWwgZXJhIHZlcmlmaWNhciBzZXUgY29udGXDumRvLgpeMzEzMUZGUG9yIGZhdm9yLCBleHRlcm1pbmUgdW1hIGNhaXhhIGUgbWUgdHJhZ2EgbyBpdGVtIHF1ZSB2b2PDqiBlbmNvbnRyYXIgZGVudHJvIGRlbGEuXjAwMDAwMA==,,W0plcnV0aCBIZXNyYW50YV0KwqFFc2EgZXMgbGEgYWN0aXR1ZCEKUG9yIGZhdm9yLApjYXphIENhamFzIGFycmFzYWRvcmFzIHkgcmVjb2xlY3RhIEJyYWRpdW0u
WeNXBw,,W0plcnV0aCBIZXNyYW50YV0KTm8gcHJvYmxlbS4KQ29tZSBiYWNrIHdoZW5ldmVyIHlvdSBjYW4u,,,,,W0plcnV0aCBIZXNMYW50YV0KQXBlbmFzIGNhY2UgMSBeMzEzMUZGQ2FpeGEgU2VsdmFnZW1eMDAwMDAwIGUgbWUgdHJhZ2EgbyBxdWUgdm9jw6ogZW5jb250cmFyIGRlbnRybyBkZWxhLg==,,W0plcnV0aCBIZXNyYW50YV0KTm8gaGF5IHByb2JsZW1hLgpWdWVsdmUgY3VhbmRvIHB1ZWRhcy4=
WuNXBw,,W0plcnV0aCBIZXNyYW50YV0KSSdtIHNvcnJ5IHRoYXQKSSBjYW4ndCBzdG9wIGFza2luZyB5b3UgZm9yIGZhdm9ycy4=,,,,,W0plcnV0aCBIZXNMYW50YV0KSGEgaGEsIG7Do28gZXN0YW1vcyBjb20gcHJlc3NhIG5vIG1vbWVudG8uCk1lIHBlcmd1bnRvIHNlIENoZXNoaXJlIHNhYmUgcXVlIGVzdGFtb3Mgcm91YmFuZG8gc3VhcyBDYWl4YXMgZGUgQnLDoWRpbyBkZSB2b2x0YS4=,,W0plcnV0aCBIZXNyYW50YV0KTGFtZW50byBubwpwb2RlciBkZWphciBkZSBwZWRpcnRlIGZhdm9yZXMu
W+NXBw,,W0plcnV0aCBIZXNyYW50YV0KV2VsY29tZSBiYWNrLgpBcmUgeW91IHJlYWR5IGZvciB0aGUgZGF5Pw==,,,,,W0plcnV0aCBIZXNMYW50YV0KTyBxdWUgc2Vyw6EgcXVlIGV1IGRldm8gZGFyIGRlIGNvbWVyIGFvIHBvYnJlIGdhdG8gZGVwb2lzPwpBaCwgY29udGludWUgY29tIG8gYm9tIHRyYWJhbGhvIGNvbGV0YW5kbyBDYWl4YXMgZGUgQnLDoWRpby4=,,W0plcnV0aCBIZXNyYW50YV0KSG9sYSBkZSBudWV2by4Kwr9Ub2RvIGxpc3RvIHBhcmEgaG95Pw==
XONXBw,,W0plcnV0aCBIZXNyYW50YV0KVGhhdCdzIHRoZSBzcGlyaXQhCmh1bnQgUmFtcGFnaW5nIEJveGVzIGFuZCBjb2xsZWN0IEJyYWRpdW1zLg==,,,,,W0plcnV0aCBIZXNMYW50YV0KRXN0w6EgbmEgaG9yYSBkZSBjb2xldGFyIENhaXhhcyBkZSBCcsOhZGlvLg==,,W0plcnV0aCBIZXNyYW50YV0KwqFFc2EgZXMgbGEgYWN0aXR1ZCEKY2F6YSBDYWphcyBhcnJhc2Fkb3JhcyB5IHJlY29sZWN0YSBCcmFkaXVtLg==
XeNXBw,,W0plcnV0aCBIZXNyYW50YV0KUmFtcGFnaW5nIEJveGVzIHRoZW1zZWx2ZXMgYXJlbid0IHRocmVhdGVuaW5nLCBidXQgdGhleSdyZSBzdXJyb3VuZGVkIGJ5IGRhbmdlcm91cyBtb25zdGVycy4gUGxlYXNlIGJlIGNhcmVmdWwu,,,,,SsOhIHZvdSBkYXIgY2FibyBkaXNzby4=,,W0plcnV0aCBIZXNyYW50YV0KTGFzIENhamFzIGFycmFzYWRvcmFzIG5vIHJlcHJlc2VudGFuIHVuYSBhbWVuYXphIGVuIHPDrSwgcGVybyBlc3TDoW4gcm9kZWFkYXMgZGUgbW9uc3RydW9zIHBlbGlncm9zb3MuIFRlbiBjdWlkYWRvLg==
XuNXBw,,W0plcnV0aCBIZXNyYW50YV0KSGFwcHkgaHVudGluZyE=,,,,,Vm9sdGFyZWkgbWFpcyB0YXJkZS4=,,W0plcnV0aCBIZXNyYW50YV0KwqFGZWxpeiBjYWNlcsOtYSE=
X+NXBw,,W0plcnV0aCBIZXNyYW50YV0KR29vZCBqb2IuCkkgY2FuJ3QgdGhhbmsgeW91IGVub3VnaC4KTGV0IG1lIHRha2UgYWxsIHRoZSBCcmFkaXVtIEJveGVzLg==,,,,,W0plcnV0aCBIZXNMYW50YV0KIMOJIGFzc2ltIHF1ZSBzZSBmYXohClBvciBmYXZvciwKY2FjZSBDYWl4YXMgU2VsdmFnZW5zIGUgY29sZXRlIEJyw6FkaW9zLg==,,W0plcnV0aCBIZXNyYW50YV0KQmllbiBoZWNoby4KTm8gdGVuZ28gcGFsYWJyYXMgcGFyYSBleHByZXNhciBtaSBhZ3JhZGVjaW1pZW50by4KRMOpamFtZSBsbGV2YXJtZSB0b2RhcyBsYXMgQ2FqYXMgZGUgQnJhZGl1bS4=
YONXBw,,W0plcnV0aCBIZXNyYW50YV0KSSBjYW4gZmVlbCBvdGhlciBwZW9wbGUncyBleWVzIG9uIHVzLiBIYWggaGFoLgpTZWUgeW91IGFnYWluLg==,,,,,W0plcnV0aCBIZXNMYW50YV0KU2VtIHByb2JsZW1hcy4KVm9sdGUgcXVhbmRvIHB1ZGVyLg==,,W0plcnV0aCBIZXNyYW50YV0KU2llbnRvIHF1ZSBub3MgbWlyYW4uIEphLCBqYS4KTm9zIHZlbW9zLg==
YeNXBw,,W0plcnV0aCBIZXNyYW50YV0KSXQncyBhbWF6aW5nIGhvdyB0aG9zZSBvcmUtZmlsbGVkIGJveGVzIGFyZSBtb3Zpbmcgb24gdGhlaXIgb3duLgpNYXliZSB0aGF0J3MgaG93IHRoZSBEZW1vbiBHb2QgaXMgcmVjcnVpdGluZyBoaXMgc29sZGllcnMu,,,,,W0plcnV0aCBIZXNMYW50YV0KU2ludG8gbXVpdG8gcG9yCm7Do28gcGFyYXIgZGUgdGUgcGVkaXIgZmF2b3Jlcy4=,,W0plcnV0aCBIZXNyYW50YV0KRXMgaW5jcmXDrWJsZSBjw7NtbyBlc2FzIGNhamFzIGxsZW5hcyBkZSBtaW5lcmFsZXMgc2UgbXVldmVuIHBvciBzw60gc29sYXMuClF1aXrDoXMgYXPDrSBlcyBjb21vIGVsIGRpb3MgRGVtb25pbyByZWNsdXRhIGEgc3VzIHNvbGRhZG9zLg==
YuNXBw,,W0plcnV0aCBIZXNyYW50YV0KSSdtIEhlc3JhbnRhLCBjb21tYW5kZXIgb2YgdGhlIFNhcHBoYSBhcm15LgpJdCdzIG15IGhvbm9yIHRvIGZpZ2h0IGJlc2lkZSB5b3UgSHVtYW5zLg==,,,,,W0plcnV0aCBIZXNMYW50YV0KQmVtLXZpbmRvIGRlIHZvbHRhLgpFc3TDoSBwcm9udG8gcGFyYSBvIGRpYT8=,,W0plcnV0aCBIZXNyYW50YV0KU295IEhlc3JhbnRhLCBjb21hbmRhbnRlIGRlbCBlasOpcmNpdG8gc2FwaGEuCkVzIHVuIGhvbm9yIGx1Y2hhciBhbCBsYWRvIGRlIGxvcyBodW1hbm9zLg==
Y+NXBw,,SmVydXRoIFZlaGFudXM=,,,,,W0plcnV0aCBIZXNMYW50YV0KIMOJIGFzc2ltIHF1ZSBzZSBmYXohCmNhY2UgQ2FpeGFzIFNlbHZhZ2VucyBlIGNvbGV0ZSBCcsOhZGlvcy4=,,SmVydXRoIFZlaGFudXM=
ZONXBw,,W1ZlaGFudXNdCllvdSBjYW1lIGhlcmUsIHRvby4KWW91IGNhbiBjb21tdW5pY2F0ZSB3aXRoIG1lIHdpdGhvdXQgdGhlIHJpbmcsIEkgc2VlLg==,,,,,W0plcnV0aCBIZXNMYW50YV0KQ2FpeGFzIFNlbHZhZ2VucyBlbSBzaSBuw6NvIHPDo28gYW1lYcOnYWRvcmFzLCBtYXMgZXN0w6NvIGNlcmNhZGFzIHBvciBtb25zdHJvcyBwZXJpZ29zb3MuIFBvciBmYXZvciwgdGVuaGEgY3VpZGFkby4=,,W1ZlaGFudXNdClTDuiB0YW1iacOpbiB2aW5pc3RlLgpWZW8gcXVlIHB1ZWRlcyBjb211bmljYXJ0ZSBjb25taWdvIHNpbiBlbCBhbmlsbG8u
ZeNXBw,,W1ZlaGFudXNdCk5vdyBJIHdvbmRlciBob3cgZmFyIEJpZnJvc3QncyBncmFjZSByZWFjaGVzLgpNYXliZSBJIHNob3VsZCB1c2UgdGhpcyBvcHBvcnR1bml0eSB0byBnZXQgdG8ga25vdyB0aGUgTGFwaGluZXMu,,,,,W0plcnV0aCBIZXNMYW50YV0KQm9hIGNhw6dhIQ==,,W1ZlaGFudXNdCkFob3JhIG1lIHByZWd1bnRvIGhhc3RhIGTDs25kZSBsbGVnYSBsYSBncmFjaWEgZGUgQmlmcm9zdC4KUXVpesOhcyBkZWJlcsOtYSB1c2FyIGVzdGEgb3BvcnR1bmlkYWQgcGFyYSBjb25vY2VyIGEgbG9zIGxhcGhpbmVzLg==
ZuNXBw,,W1ZlaGFudXNdCkkgYWRtaXJlIEhlc3JhbnRhJ3MgYnJhdmVyeS4KSGUncyBjb21lIHRvIHRoZSBiYXR0bGVmaWVsZCwgd2lsbGluZyB0byBhbGx5IHdpdGggb3VyIGVuZW15IExhcGhpbmVzLg==,,,,,W0plcnV0aCBIZXNMYW50YV0KQm9tIHRyYWJhbGhvLgpOZW0gc2VpIGNvbW8gYWdyYWRlY2VyLgpEZWl4ZS1tZSBwZWdhciB0b2RhcyBhcyBDYWl4YXMgZGUgQnLDoWRpby4=,,W1ZlaGFudXNdCkFkbWlybyBsYSB2YWxlbnTDrWEgZGUgSGVzcmFudGEuClZpbm8gYWwgY2FtcG8gZGUgYmF0YWxsYSwgZGlzcHVlc3RvIGEgYWxpYXJzZSBjb24gbnVlc3Ryb3MgZW5lbWlnb3MgbGFwaGluZXMu
Z+NXBw,,W1ZlaGFudXNdCkkgcmVhbGx5IGhvcGUgd2Ugd29uJ3QgaGF2ZSB0byBmaWdodCBMYXBoaW5lcyBpbiBoZXJlLg==,,,,,W0plcnV0aCBIZXNMYW50YV0KQ29uc2lnbyBzZW50aXIgbyBvbGhhciBkb3Mgb3V0cm9zIHNvYnJlIG7Ds3MuIEhhIGhhLgpBdMOpIGEgcHLDs3hpbWEu,,W1ZlaGFudXNdCkRlIHZlcmRhZCBlc3Blcm8gcXVlIG5vIHRlbmdhbW9zIHF1ZSBsdWNoYXIgY29udHJhIGxvcyBsYXBoaW5lcy4=
aONXBw,,QWRqdXRhbnQgVGllcmE=,,,,,W0plcnV0aCBIZXNMYW50YV0KIMOJIGluY3LDrXZlbCBjb21vIGVzc2FzIGNhaXhhcyBjaGVpYXMgZGUgbWluw6lyaW8gc2UgbW92ZW0gc296aW5oYXMuClRhbHZleiBzZWphIGFzc2ltIHF1ZSBvIFJlaSBEZW1vbsOtYWNvIGVzdGVqYSByZWNydXRhbmRvIHNldXMgc29sZGFkb3Mu,,QWRqdXRhbnQgVGllcmE=
aeNXBw,,W1RpZXJhXQpUaGUgSmVydXRocyBhbmQgTml0cyBpbiBEaWNhc3RlcyBEaWVsIG1heSBoYXZlIGFjcXVpZXNjZWQgSGVzcmFudGEncyBwbGVhLA==,,,,,W0plcnV0aCBIZXNMYW50YV0KRXUgc291IEhlc3JhbnRhLCBjb21hbmRhbnRlIGRvIGV4w6lyY2l0byBkZSBNYW51a3MuCiDDiSB1bWEgaG9ucmEgbHV0YXIgYW8gbGFkbyBkZSB2b2PDqnMsIEh1bWFub3Mu,,W1RpZXJhXQpRdWl6w6FzIGxvcyBKZXJ1dGggeSBOaXQgZGUgRGljYXN0ZXMgRGllbCBoYXlhbiBhY2NlZGlkbyBhIGxhIHBldGljacOzbiBkZSBIZXNyYW50YSw=
auNXBw,,W1RpZXJhXQpidXQgSSdtIGNvbXBsZXRlbHkgd2l0aCBoaW0gb24gdGhpcy4KT3VyIGVuZW1pZXMgYXJlIG91ciBmcmllbmRzIGluIHRoZSBmYWNlIG9mIGEgY29tbW9uIGVuZW15OiBEZW1vbiBHb2Qu,,,,,SmVydXRoIFZ5aGFubnVz,,W1RpZXJhXQpwZXJvIGVuIGVzdG8gbG8gYXBveW8gcG9yIGNvbXBsZXRvLgpOdWVzdHJvcyBlbmVtaWdvcyBzb24gbnVlc3Ryb3MgYWxpYWRvcyBjdWFuZG8gZW5mcmVudGFtb3MgdW4gZW5lbWlnbyBlbiBjb23Dum46IGVsIGRpb3MgRGVtb25pby4=
a+NXBw,,W1RpZXJhXQpXZSBjYW4gYmUgY293YXJkcyBhbmQgbGV0IG90aGVycyBmaWdodCB0aGUgZmlnaHQgZm9yIHVzLCBzdXJlLApidXQgd2hhdCBpZiB0aGV5IGxvc2U/IFdlJ2xsIGdvIGRvd24gd2l0aCB0aGVtLCBhbmQgdGhhdCdsbCBiZSBvbiB1cy4=,,,,,W1ZlaGFudXNdClZvY8OqIHZlaW8gcHJhIGPDoSwgdGFtYsOpbS4KVmVqbyBxdWUgdm9jw6ogcG9kZSBzZSBjb211bmljYXIgY29taWdvIHNlbSBvIGFuZWwu,,W1RpZXJhXQpDbGFybywgcG9kcsOtYW1vcyBkZWphciBxdWUgbGEgY29iYXJkw61hIGdhbmUgeSBxdWUgb3Ryb3MgbHVjaGVuIHBvciBub3NvdHJvcywKcGVybyDCv3kgc2kgcGllcmRlbj8gTm9zIGh1bmRpcmVtb3MgY29uIGVsbG9zLCB5IHNlcsOhIG51ZXN0cmEgY3VscGEu
bONXBw,,W1RpZXJhXQpUaGUgc2FtZSBnb2VzIGZvciB5b3UsIEh1bWFucy4KV2UgZmlnaHQgdGhpcyBmaWdodCB0byB3aW4u,,,,,W1ZlaGFudXNdCkFnb3JhIG1lIHBlcmd1bnRvIG8gcXXDo28gbG9uZ2UgYWxjYW7Dp2EgYSBncmHDp2EgZGUgQmlmcm9zdC4KVGFsdmV6IGV1IGRldmEgdXNhciBlc3NhIG9wb3J0dW5pZGFkZSBwYXJhIGNvbmhlY2VyIG9zIEVzcGzDqm5kaWRvcy4=,,W1RpZXJhXQpMbyBtaXNtbyBwYXJhIHVzdGVkZXMsIGh1bWFub3MuCkx1Y2hhbW9zIHBhcmEgZ2FuYXIu
beNXBw,,QWR2YW5jZSBDYXB0YWluIEF2YXJhbmNoZQ==,,,,,W1ZlaGFudXNdCkV1IGFkbWlybyBhIGJyYXZ1cmEgZGUgSGVzcmFudGEuCkVsZSB2ZWlvIGFvIGNhbXBvIGRlIGJhdGFsaGEgZGlzcG9zdG8gYSBzZSBhbGlhciBhb3Mgbm9zc29zIGluaW1pZ29zIEVzcGzDqm5kaWRvcy4=,,QWR2YW5jZSBDYXB0YWluIEF2YXJhbmNoZQ==
buNXBw,,W0F2YXJhbmNoZV0KTXkgdW5pdCBjb25zaXN0cyBvZiB0aGUgYmVzdCBvZiB0aGUgYmVzdCBHYXJ0ZW5zLgpIdW1hbiB3YXJyaW9yLApJJ3ZlIHdhaXRlZCBmb3IgdGhpcyBkYXkgdG8gZmlnaHQgYmVzaWRlIHlvdS4=,,,,,W1ZlaGFudXNdCkV1IGVzcGVybyBuw6NvIHRlcm1vcyBxdWUgbHV0YXIgY29tIG9zIEVzcGzDqm5kaWRvcyBhcXVpLg==,,W0F2YWxhbmNoZV0KTWkgdW5pZGFkIGVzdMOhIGZvcm1hZGEgcG9yIGxvcyBtZWpvcmVzIGRlIGxvcyBtZWpvcmVzIGdhbHRlbnMuCkNvbWJhdGllbnRlIGRlIGxhIHJhemEgaHVtYW5hLAplc3BlcsOpIG11Y2hvIGVzdGUgZMOtYSBwYXJhIGx1Y2hhciBhIHR1IGxhZG8u
b+NXBw,,W0F2YXJhbmNoZV0KSSBzd2VhciBvbiBteSBsaWZlIHRoYXQgSSB3b24ndCBzdG9wIGZpZ2h0aW5nIHVudGlsIHRoZSBEZW1vbiBHb2QgaXMgZGVmZWF0ZWQh,,,,,QWRqdXRhbnQgVGllcmE=,,W0F2YWxhbmNoZV0KwqFKdXJvIHBvciBtaSB2aWRhIHF1ZSBubyBkZWphcsOpIGRlIGx1Y2hhciBoYXN0YSBxdWUgZGVycm90ZW1vcyBhbCBkaW9zIERlbW9uaW8h
cONXBw,,RGljYXN0ZXMgR2FydGVu,,,,,W1RpZXJhXQpWeWhhbm51cyBlIE5lYXQgRXRvcnIgZGUgRGllbCBwb2RlbSB0ZXIgY29uY29yZGFkbyBjb20gbyBwZWRpZG8gZGUgSGVzTGFudGEs,,RGljYXN0ZXMgR2FydGVu
ceNXBw,,W0RpY2FzdGVzIEdhcnRlbl0KV2hlbiBjYW4gd2UgZmlnaHQ/CldoZW4/,,,,,W1RpZXJhXQptYXMgZXUgZXN0b3UgY29tcGxldGFtZW50ZSBhbyBsYWRvIGRlbGUuCk5vc3NvcyBpbmltaWdvcyBzw6NvIG5vc3NvcyBhbWlnb3MgcGVyYW50ZSB1bSBpbmltaWdvIGNvbXVtOiBvIFJlaSBEZW1vbsOtYWNvLg==,,W0dhbHRlbiBkZSBFbCBEaWNhc3Rlc10Kwr9DdcOhbmRvIHBvZGVtb3MgbHVjaGFyPwrCv0N1w6FuZG8/
cuNXBw,,W0RpY2FzdGVzIEdhcnRlbl0KSSBjYW4ndCBiZWxpZXZlIEkgaGF2ZSB0byBmaWdodCBhbG9uZ3NpZGUgdGhvc2UgYWNjdXJzZWQgTGFwaGluZXMuCkkgc3RpbGwgcmVtZW1iZXIgd2hhdCB0aGV5IGRpZCB0byB1cyBpbiB0aGUgbGFzdCBiYXR0bGUu,,,,,W1RpZXJhXQpOw7NzIHBvZGVtb3Mgc2VyIGNvdmFyZGVzIGUgZGVpeGFyIG9zIG91dHJvcyBsdXRhcmVtIHBvciBuw7NzLCBjbGFybywKbWFzIGUgc2UgZWxlcyBwZXJkZXJlbT8gTsOzcyBzdWN1bWJpcmVtb3MgY29tIGVsZXMsIGUgaXNzbyBzZXLDoSBjdWxwYSBub3NzYS4=,,W0dhbHRlbiBkZSBFbCBEaWNhc3Rlc10KTm8gcHVlZG8gY3JlZXIgcXVlIHRlbmdhIHF1ZSBsdWNoYXIganVudG8gYSBlc29zIG1hbGRpdG9zIGxhcGhpbmVzLgpBw7puIHJlY3VlcmRvIGxvIHF1ZSBub3MgaGljaWVyb24gZW4gbGEgw7psdGltYSBiYXRhbGxhLg==
c+NXBw,,W0RpY2FzdGVzIEdhcnRlbl0KTXkgZHV0eSBpcyB0byBwcm90ZWN0IEplcnV0aCBIZXNyYW50YS4KWW91J2QgYmV0dGVyIHN0ZXAgYmFjaywKb3IgSSdsbCBjb25zaWRlciB5b3UgbXkgZW5lbXku,,,,,W1RpZXJhXQpPIG1lc21vIHNlIGFwbGljYSBhIHZvY8OqcywgSHVtYW5vcy4KTsOzcyBsdXRhbW9zIHBhcmEgdmVuY2VyLg==,,W0dhbHRlbiBkZSBFbCBEaWNhc3Rlc10KTWkgZGViZXIgZXMgcHJvdGVnZXIgYSBKZXJ1dGggSGVzcmFudGEuClNlcsOhIG1lam9yIHF1ZSByZXRyb2NlZGFzLApvIHRlIGNvbnNpZGVyYXLDqSBkZWwgYmFuZG8gZW5lbWlnby4=
dONXBw,,RGljYXN0ZXMgRWxpdGU=,,,,,Q29tYW5kYW50ZSBBdmFsYW5jaGU=,,RGljYXN0ZXMgRWxpdGU=
deNXBw,,TWFudWsgRGVmZW5kZXI=,,,,,W0NvbWFuZGFudGUgQXZhbGFuY2hlXQpNZXUgZXNxdWFkcsOjbyDDqSBmb3JtYWRvIHBlbG9zIG1lbGhvcmVzIGVudHJlIG9zIG1lbGhvcmVzIGRvcyBHYXJ0b25zLgpHdWVycmVpcm8gSHVtYW5vLAplc3BlcmVpIG11aXRvIGxvbmdvIHRlbXBvIHBvciBlc3NlIGRpYSBwYXJhIGx1dGFyIGFvIHNldSBsYWRvLg==,,TWFudWsgRGVmZW5kZXI=
duNXBw,,SG0h,,,,,W0NvbWFuZGFudGUgQXZhbGFuY2hlXQpKdXJvIHBlbGEgbWluaGEgdmlkYSBxdWUgbsOjbyB2b3UgcGFyYXIgZGUgbHV0YXIgYXTDqSBxdWUgbyBSZWkgRGVtb27DrWFjbyBzZWphIGRlcnJvdGFkbyE=,,wqFNbW0h
d+NXBw,,QWxsIGNsZWFyLg==,,,,,RWwgRGljYXN0ZXMgR2FydG9u,,VG9kbyBkZXNwZWphZG8u
eONXBw,,QmFjayBvZmYsIEh1bWFubGluZyE=,,,,,W0VsIERpY2FzdGVzIEdhcnRvbl0KUXVhbmRvIHBvZGVyZW1vcyBsdXRhcj8KUXVhbmRvPw==,,wqFBdHLDoXMsIGh1bWFub2lkZSE=
eeNXBw,,KlNub3J0Kg==,,,,,W0VsIERpY2FzdGVzIEdhcnRvbl0KTsOjbyBjb25zaWdvIGFjcmVkaXRhciBxdWUgdm91IHRlciBxdWUgbHV0YXIgYW8gbGFkbyBkZXNzZXMgbWFsZGl0b3MgRXNwbMOqbmRpZG9zLgpBaW5kYSBtZSBsZW1icm8gbyBxdWUgZWxlcyBmaXplcmFtIGNvbm9zY28gbmEgw7psdGltYSBiYXRhbGhhLg==,,KlJlc29wbGEq
euNXBw,,RG8geW91IGhlYXIgc29tZSBidWdzIGJ1enppbmc/,,,,,W0VsIERpY2FzdGVzIEdhcnRvbl0KTWV1IGRldmVyIMOpIHByb3RlZ2VyIEplcnV0aCBIZXNMYW50YS4KIMOJIG1lbGhvciBzZSBhZmFzdGFyLApvdSB2b3UgY29uc2lkZXLDoS1sbyBtZXUgaW5pbWlnby4=,,wr9PeWVzIGVsIHp1bWJpZG8gZGUgYWxndW5vcyBpbnNlY3Rvcz8=
e+NXBw,,Tm90IGEgY2hhbmNlIQ==,,,,,RWxpdGUgZGUgRWwgRGljYXN0ZXM=,,wqFEZSBuaW5ndW5hIG1hbmVyYSE=
fONXBw,,RG9uJ3QgY29tcGFyZSB1cyB0byB0aG9zZSB3aW5nZWQgamVya3Mh,,,,,RGVmZW5zb3IgTWFudWs=,,wqFObyBub3MgY29tcGFyZXMgY29uIGVzb3MgaW1iw6ljaWxlcyBhbGFkb3Mh
feNXBw,,V2h5IGRvZXMgaXQgaGF2ZSB0byBiZSB0aGUgTGFwaGluZXM/,,,,,SG0h,,wr9Qb3IgcXXDqSB0aWVuZW4gcXVlIHNlciBsb3MgbGFwaGluZXM/
fuNXBw,,V2UncmUgc3VwZXJpb3IgdG8gdGhlIExhcGhpbmVzLg==,,,,,VHVkbyBsaW1wby4=,,U29tb3Mgc3VwZXJpb3JlcyBhIGxvcyBsYXBoaW5lcy4=
f+NXBw,,QXJlIHlvdSBhbiBlbmVteT8=,,,,,QmFjayBvZmYsIEh1bWFubGluZyE=,,wr9FcmVzIGRlbCBiYW5kbyBlbmVtaWdvPw==
gONXBw,,VG9vIGxvdWQu,,,,,KkJ1ZmFkYSo=,,SGFjZXMgZGVtYXNpYWRvIHJ1aWRvLg==
geNXBw,,RG9uJ3QgdW5kZXJlc3RpbWF0ZSB1cyE=,,,,,RG8geW91IGhlYXIgc29tZSBidWdzIGJ1enppbmc/,,wqFObyBub3Mgc3ViZXN0aW1lcyE=
guNXBw,,V2UgR2FydGVucyBuZXZlciByZXRyZWF0IQ==,,,,,U2VtIGNoYW5jZSE=,,wqFMb3MgZ2FsdGVucyBqYW3DoXMgbm9zIHJldGlyYW1vcyE=
g+NXBw,,UGxlYXNlIHRyeSBhZ2FpbiBhZnRlciBpbnN0YWxsaW5nIGEgc3BlY2lhbCBpdGVtLg==,,,,,RG9uJ3QgY29tcGFyZSB1cyB0byB0aG9zZSB3aW5nZWQgamVya3Mh,,VnVlbHZlIGEgaW50ZW50YXJsbyBkZXNwdcOpcyBkZSBxdWUgaGF5YXMgaW5zdGFsYWRvIHVuIG9iamV0byBlc3BlY2lhbC4=
hONXBw,,Q3VycmVudCBTZXJ2ZXIgRVhQIFJld2FyZDoge30gCkVsYXBzZWQgVGltZToge30gCldoYXQgZG8geW91IHdhbm5hIGRvPw==,,,,,V2h5IGRvZXMgaXQgaGF2ZSB0byBiZSB0aGUgTGFwaGluZXM/,,UmVjb21wZW5zYSBkZSBFWFAgYWN0dWFsIGRlbCBzZXJ2aWRvcjoge30gClRpZW1wbyB0cmFuc2N1cnJpZG86IHt9IArCv1F1w6kgcXVpZXJlcyBoYWNlcj8=
heNXBw,,QWRqdXN0IHRoZSB0aW1lLg==,,,,,V2UncmUgc3VwZXJpb3IgdG8gdGhlIExhcGhpbmVzLg==,,QWp1c3RhciBsYSBob3JhLg==
huNXBw,,U3RvcCB0aGUgdGltZXIu,,,,,Vm9jw6ogw6kgdW0gaW5pbWlnbz8=,,RGV0ZW5lciBlbCByZWxvai4=
h+NXBw,,UmVzdGFydCB0aGUgdGltZXIu,,,,,VG9vIGxvdWQu,,UmVpbmljaWFyIGVsIHJlbG9qLg==
iONXBw,,UmVzZXQgdGhlIGdsb2JhbGJhci4=,,,,,TsOjbyBub3Mgc3ViZXN0aW1lIQ==,,UmVpbmljaWFyIGxhIGJhcnJhIGdsb2JhbC4=
ieNXBw,,RW50ZXIgdGltZS4=,,,,,TsOzcyBHYXJ0b25zIG51bmNhIHJlY3VhbW9zIQ==,,SW5ncmVzYSBsYSBob3JhLg==
iuNXBw,,VGltZSBoYXMgYmVlbiBzZXQgdG8ge30gIC4=,,,,,UGFyYSBUcsOhcywgSHVtYW5saW5nIQ==,,U2UgZXN0YWJsZWNpw7MgbGEgaG9yYSB7fS4=
i+NXBw,,U3RvcCB0aGUgY3VycmVudCB0aW1lci4=,,,,,UmVjb21wZW5zYSBkZSBFeHBlcmnDqm5jaWEgYXR1YWwgZG8gc2Vydmlkb3I6IHt9IApUZW1wbyBkZWNvcnJpZG86IHt9IApPIHF1ZSB2b2PDqiBxdWVyIGZhemVyPw==,,RGV0w6luIGVsIHJlbG9qIGFjdHVhbC4=
jONXBw,,UmVzdGFydCB0aGUgdGltZXIu,,,,,QWp1c3RhciBvIHRlbXBvLg==,,UmVpbmljaWEgZWwgcmVsb2ou
jeNXBw,,UmVzZXQgdGhlIGdsb2JhbGJhciB0aW1lci4=,,,,,UGFyYXIgbyBjcm9uw7RtZXRyby4=,,UmVpbmljaWEgZWwgcmVsb2ogZGUgbGEgYmFycmEgZ2xvYmFsLg==
