ICbX,,Wz8/Pz8/P10KLi4uLi4uLi4uLi4uLi4uLi4uLg==,,,,,Wz8/Pz8/P10KLi4uLi4uLi4uLi4uLi4uLi4uLg==,,W8K/wr/Cvz8/P10KLi4uLi4uLi4uLi4uLi4uLi4uLg==
ISbX,,Wz8/Pz8/P10KLi4uZWxwLi4uLmhlbHAuLi4=,,,,,Wz8/Pz8/P10KLi4uU28uLi4uU29jb3Jyby4uLg==,,W8K/wr/Cvz8/P10K4oCmYXl1ZCDigKZheXVkYeKApg==
IibX,,Wz8/Pz8/P10KSS4uLgpJIGRlc3Bpc2UgdGhlIGxpdmluZy4=,,,,,Wz8/Pz8/P10KRXUuLi4KRXUgZGVzcHJlem8gb3Mgdml2b3Mu,,W8K/wr/Cvz8/P10KWW/igKYKZGV0ZXN0byBhIGxvcyB2aXZvcy4=
IybX,,Li4uLi4uLi4uLi4u,,,,,Li4uLi4uLi4uLi4u,,Li4uLi4uLi4uLi4u
JCbX,,Wz8/Pz8/XQpIb25leSwgSSdtIHNvcnJ5LApidXQgSS4uLiBXZSBrbm93IGhvdwpodW5ncnkgeW91IGFyZSwgYnV0IHdlCmhhdmUgbm90aGluZyB0byBmZWVkIHlvdS4=,,,,,Wz8/Pz8/XQpNZXUgYmVtLCBtZSBkZXNjdWxwZSwKbWFzIGV1Li4uIEEgZ2VudGUgc2FiZSBjb21vCnZvY8OqIHNlbnRlIGZvbWUsIG1hcwpuw6NvIHRlbW9zIG5hZGEgcGFyYSB0ZSBkYXIu,,W8K/wr/Cvz8/P10KTG8gc2llbnRvLCBjYXJpw7FvLApwZXJvIHlv4oCmIFPDqSBxdWUgdGllbmVzCm11Y2hhIGhhbWJyZSwgcGVybwpubyB0ZW5lbW9zIG5hZGEgcGFyYSBjb21lci4=
JSbX,,Wz8/Pz8/XQoqU25pZmYqIEkga25vdywgSSBrbm93LApidXQgc29tZWhvdywgdGhhdCB0cmFnaWMKdHJ1dGggZWF0cyBhd2F5IGF0IG1lIGp1c3QKYSBsaXR0bGUgYml0IG1vcmUgZXZlcnlkYXkuLi4=,,,,,Wz8/Pz8/XQoqU25pZmYqIFNpbSwgZXUgc2VpLAptYXMsIGRlIGFsZ3VtYSBmb3JtYSwgZXNzYSB0csOhZ2ljYQp2ZXJkYWRlIG1lIGNvcnLDs2kKdW0gcG91Y28gbWFpcyB0b2RvcyBvcyBkaWFzLi4u,,W8K/wr/Cvz8/P10KKlNvbGxvemEqIFPDrSwgbG8gc8OpLApwZXJvIG5vIHB1ZWRvIGV2aXRhcgpxdWUgZXN0YSB0csOhZ2ljYSByZWFsaWRhZAptZSBjb25zdW1hIHVuIHBvY28gbcOhcyBjYWRhIGTDrWHigKY=
JibX,,Wz8/Pz8/XQpELWRhbW4gaXQuLi4hCldoeSBkbyB3ZSBoYXZlCnRvIGxpdmUgbGlrZSB0aGlzPyEKSXQncyBsaWtlIHdlJ3JlIGxlc3MKdGhhbiBhbmltYWxzLiBJIGhhdGUgdGhpcyE=,,,,,Wz8/Pz8/XQpELURyb2dhLi4uIQpQb3IgcXVlIHRlbW9zIHF1ZQp2aXZlciBhc3NpbT8hCsOJIGNvbW8gc2UgZsO0c3NlbW9zIG1lbm9zCmRvIHF1ZSBhbmltYWlzLiBFdSBvZGVpbyBpc3NvIQ==,,W8K/wr/Cvz8/P10KwqFNYWxkaXRhIHNlYeKApiEKwqHCv1BvciBxdcOpIHRlbmVtb3MKcXVlIHZpdmlyIGFzw60/IQpDb21vIHNpIGZ1w6lyYW1vcyBtZW5vcwpxdWUgYW5pbWFsZXMuIMKhTG8gZGV0ZXN0byE=
JybX,,W3t9XQpUaG9zZSB2b2ljZXMgd2VyZW4ndApqdXN0IGluIG15IGhlYWQsIHdlcmUgdGhleT8KSGVsbG8uLi4/IEFueWJvZHkgdGhlcmUuLi4/,,,,,W3t9XQpFc3NhcyB2b3plcyBuw6NvIGVzdGF2YW0KYXBlbmFzIGVtIG1pbmhhIGNhYmXDp2EsIG7DqT8KT2zDoS4uLj8gVGVtIGFsZ3XDqW0gYcOtLi4uPw==,,W3t9XQpFc2FzIHZvY2VzIG5vIGVzdGFiYW4Kc29sbyBlbiBtaSBjYWJlemEsIMK/byBzw60/CsK/SG9sYeKApj8gwr9IYXkgYWxndWllbuKApj8=
KCbX,,Wz8/Pz8/XQpIZXksIHlvdSB3b24ndApiZWxpZXZlIGl0ISBSZWtlbmJlcgpkZWNpZGVkIHRvIGhpcmUgdXMh,,,,,Wz8/Pz8/XQpFaSwgdm9jw6ogbsOjbyB2YWkKYWNyZWRpdGFyISBBIFJla2VuYmVyCmRlY2lkaXUgbm9zIGNvbnRyYXRhciE=,,W8K/wr/Cvz8/P10KwqFPeWUsIG5vIGxvIHZhcwphIGNyZWVyISDCoVJla2VuYmVyCm5vcyBjb250cmF0w7Mh
KSbX,,Wz8/Pz8/Pz9dCllvdSBzdXJlIHRoYXQncyBzbyBncmVhdD8KVGhvc2UgYmlnIGNvcnBvcmF0aW9ucwphbHdheXMgdGFrZSBhZHZhbnRhZ2UKb2YgdGhlIGxpdHRsZSBndXkuIFdlJ3JlCnByb2JhYmx5IGdvbm5hIGVuZCB1cApzbGF2aW4nIGF3YXkgZm9yIG91ciB3YWdlcy4uLg==,,,,,Wz8/Pz8/Pz9dClRlbSBjZXJ0ZXphIHF1ZSBpc3NvIMOpIHTDo28gYm9tIGFzc2ltPwpFc3NhcyBncmFuZGVzIGNvcnBvcmHDp8O1ZXMKc2VtcHJlIHRpcmFtIHZhbnRhZ2VtCmRvcyBwZXF1ZW5vcy4gQSBnZW50ZQpwcm92YXZlbG1lbnRlIHZhaSBzZSBtYXRhcgpkZSB0cmFiYWxoYXIgcG9yIG5vc3NvcyBzYWzDoXJpb3MuLi4=,,W8K/wr/Cv8K/Pz8/P10Kwr9DcmVlcyBxdWUgc29uIGJ1ZW5hcyBub3RpY2lhcz8KRXNhcyBncmFuZGVzIGNvcnBvcmFjaW9uZXMKc2llbXByZSBzZSBhcHJvdmVjaGFuCmRlIGxvcyBodW1pbGRlcy4gTm8gbWUgc29ycHJlbmRlcsOtYQpxdWUgdGVybWluZW1vcwplc2NsYXZpemFkb3MgcG9yIGVsIHNhbGFyaW/igKY=
KibX,,Wz8/Pz8/XQpObywgdGhhdCdzIG5vdCB0aGUKY2FzZSBhdCBhbGwuIEkgbWVhbiwKc3VyZSwgd2Ugd29uJ3Qgc3RhcnQgb2ZmCndpdGggbXVjaCByZXNwb25zaWJpbGl0eSwKYnV0IHRoZXknbGwgcGF5IHVzIHdlbGwh,,,,,Wz8/Pz8/XQpOw6NvLCBlc3NlIG7Do28gw6kgbwpjYXNvLiBRdWVybyBkaXplciwKY2xhcm8sIHZhbW9zIGNvbWXDp2FyCmNvbSBtdWl0YXMgcmVzcG9uc2FiaWxpZGFkZXMsCm1hcyB2w6NvIG5vcyBwYWdhciBiZW0h,,W8K/wr/Cvz8/P10KTm8sIG5vIGVzIGFzw60gCnBhcmEgbmFkYS4gTyBzZWEsCmNsYXJvLCBhbCBwcmluY2lwaW8gbm8gbm9zIHZhbW9zCmEgZW5jYXJnYXIgZGUgbXVjaG8sCsKhcGVybyBwYWdhbiBiaWVuIQ==
KybX,,Wz8/Pz8/XQpXZWxsLCB3ZSBkbyBuZWVkIHRvIGVhdC4KSWYgdGhleSdyZSB0cnVlIHRvIHRoZWlyIHdvcmQsCnRoYXQnbGwgYmUgYmUgZXZlbiBiZXR0ZXIh,,,,,Wz8/Pz8/XQpCb20sIGEgZ2VudGUgcHJlY2lzYSBjb21lci4KU2UgZWxlcyBjdW1wcmlyZW0gbyBjb21iaW5hZG8sCnNlcsOhIGFpbmRhIG1lbGhvciE=,,W8K/wr/Cvz8/P10KQnVlbm8sIGRlYmVtb3MgY29tZXIuClNpIHNvbiBmaWVsZXMgYSBzdSBwYWxhYnJhLArCoXNlcsOhIHRvZGF2w61hIG1lam9yIQ==
LCbX,,Wz8/P10KV2FhYWFoIQpXYWFhYWFhYWh+IQ==,,,,,Wz8/P10KV2FhYWFoIQpXYWFhYWFhYWh+IQ==,,W8K/wr/Cvz8/P10KwqFCdWFhYSEKwqFCdWFhYWFhYSE=
LSbX,,Wz8/Pz9dCldvbWFuLCBzaHV0IHRoaXMKYmFieSB1cCEgU2h1dCB1cCwga2lkIQ==,,,,,Wz8/Pz9dCk11bGhlciwgY2FsZSBhIGJvY2EgZGVzc2UKYmViw6ohIENhbGUgYSBib2NhLCBnYXJvdG8h,,W8K/wr/Cvz8/P10KwqFNdWplciwgY2FsbGEKYSBlc2UgYmViw6khIMKhU2lsZW5jaW8sIG5pw7FvIQ==
LibX,,Wz8/Pz8/XQpIb25leSwgcGxlYXNlLi4uCkhlJ3MganVzdCBhIGJhYnkh,,,,,Wz8/Pz8/XQpNZXUgYmVtLCBwb3IgZmF2b3IuLi4KRWxlIMOpIGFwZW5hcyB1bSBiZWLDqiE=,,W8K/wr/Cvz8/P10KQ2FyacOxbywgcG9yIGZhdm9y4oCmCsKhZXMgc29sbyB1biBiZWLDqSE=
LybX,,Wz8/Pz9dCkkgZG9uJ3QgY2FyZSBob3cKY3J1bW15IHRoaXMgaG91c2UgaXMhCkl0J3MgbWluZSBhbmQgSSB3YW50IHF1aWV0IQ==,,,,,Wz8/Pz9dCk7Do28gbWUgaW1wb3J0YSBvIHF1YW50bwplc3RhIGNhc2Egc2VqYSBydWltIQpFbGEgw6kgbWluaGEgZSBldSBxdWVybyBzaWzDqm5jaW8h,,W8K/wr/Cvz8/P10KwqFObyBtZSBpbXBvcnRhIHF1ZQplc3RhIGNhc2Egc2VhIHVuIGNoaXF1ZXJvIQrCoUVzIE1JIGNhc2EgeSBxdWllcm8gc2lsZW5jaW8h
MCbX,,W3t9XQpJJ20gaGVhcmluZyB0aGluZ3MKYWdhaW4hIFdoZXJlIGFyZSBhbGwgb2YKdGhlc2Ugdm9pY2VzIGNvbWluZyBmcm9tPw==,,,,,W3t9XQpFc3RvdSBvdXZpbmRvIGNvaXNhcwpkZSBub3ZvISBEZSBvbmRlIHRvZGFzCmVzc2FzIHZvemVzIGVzdMOjbyB2aW5kbz8=,,W3t9XQrCoUxhcyBlc2N1Y2hvCmRlIG51ZXZvISDCv0RlIGTDs25kZSB2aWVuZW4KZXNhcyB2b2Nlcz8=
MSbX,,Wz8/Pz8/XQpNb21teSwgd2h5IGRvbid0IHRob3NlCmRpcnR5IHBlb3BsZSBnZXQgbmV3IGNsb3RoZXM/CkRvbid0IHRoZXkga25vdyBpdCdzIGdyb3NzPwpUaGV5J3JlIHNjYXJpbmcgbWUuLi4=,,,,,Wz8/Pz8/XQpNYW3Do2UsIHBvciBxdWUgZXNzYSBnZW50ZQpzdWphIG7Do28gY29tcHJhIHJvdXBhcyBub3Zhcz8KRWxlcyBuw6NvIHNhYmVtIHF1ZSBpc3NvIMOpIG5vamVudG8/CkVsZXMgdMOjbyBtZSBhc3N1c3RhbmRvLi4u,,W8K/wr/Cvz8/P10KTWFtw6EsIMK/cG9yIHF1w6kgZXNhIGdlbnRlCnN1Y2lhIG5vIHNlIGNvbXByYSByb3BhIG51ZXZhPwrCv05vIHNhYmVuIHF1ZSBkYW4gYXNjbz8KTWUgZXN0w6FuIGFzdXN0YW5kb+KApg==
MibX,,Wz8/Pz8/Pz9dCkhvbmV5LCBkb24ndCBsb29rIGF0CnRoZW0gYW5kIGh1cnJ5IHVwIQ==,,,,,Wz8/Pz8/Pz9dCk7Do28gb2xoZSwgYW1vcnppbmhvLAplIGFuZGUgbG9nbyE=,,W8K/wr/Cv8K/Pz8/P10KwqFDYXJpw7FvLCBkZWphIGRlIG1pcmFybG9zCnkgYXByZXPDunJhdGUh
MybX,,Wz8/Pz9dClBsZWFzZSwgZG8geW91IGhhdmUKYW55IHNwYXJlIGNoYW5nZT8gSS4uLgpJIG5lZWQgc29tZXRoaW5nIHRvIGVhdC4uLg==,,,,,Wz8/Pz9dClBvciBmYXZvciwgdm9jw6ogdGVtCnVtIHRyb2NhZG8/IEV1Li4uCkV1IHByZWNpc28gZGUgYWxnbyBwYXJhIGNvbWVyLi4u,,W8K/wr/Cvz8/P10KUG9yIGZhdm9yLCDCv2xlIHNvYnJhCmFsZ28gZGUgY2FtYmlvPyBZb+KApgpuZWNlc2l0byBjb21lciBhbGdv4oCm
NCbX,,W3t9XQpUaGlzIGlzLi4uClRoaXMgaXMgaW5zYW5lIQpJIG11c3QgYmUgaGFsbHVjaW5hdGluZyE=,,,,,W3t9XQpJc3NvIMOpLi4uCklzc28gw6kgbG91Y3VyYSEKRGV2byBlc3RhciB0ZW5kbyBhbHVjaW5hw6fDtWVzIQ==,,W3t9XQpFc3RvIGVz4oCmCsKhRXN0byBlcyB1bmEgbG9jdXJhIQrCoURlYm8gZXN0YXIgYWx1Y2luYW5kbyE=
NSbX,,Wz8/Pz8/XQpMaXN0ZW4sIEkga25vdyB5b3UncmUKdGhlIG5ld2VzdCBoaXJlLCBidXQgeW91J3ZlCnNob3duIHVzIGEgbG90IG9mIHBvdGVudGlhbC4KSSB0aGluayB5b3UnZCBiZSBhIHBlcmZlY3QKZml0IGZvciB0aGlzIG5ldyBwb3NpdGlvbi4=,,,,,Wz8/Pz8/XQpPdcOnYSwgZXUgc2VpIHF1ZSB2b2PDqiDDqQphIG1haXMgbm92YSBjb250cmF0YcOnw6NvLCBtYXMgdm9jw6oKbm9zIG1vc3Ryb3UgdW0gZ3JhbmRlIHBvdGVuY2lhbC4KQWNobyBxdWUgdm9jw6ogdmFpIHNlIGVuY2FpeGFycGVyZmVpdGFtZW50ZW5hIG5vdmEgZnVuw6fDo28u,,W8K/wr/Cvz8/P10KRXNjdWNoYSwgc8OpIHF1ZSBlcmVzCmRlIGxvcyBudWV2b3MgYXF1w60sIHBlcm8gbm9zCmRlbW9zdHJhc3RlIHVuIGVub3JtZSBwb3RlbmNpYWwuCkNyZW8gcXVlIGVuY2FqYXLDrWFzIG11eSBiaWVuCmVuIGVzdGUgbnVldm8gcHVlc3RvLg==
NibX,,Wz8/Pz8/Pz9dCkFyZSB5b3UgcmVhbGx5IHNlcmlvdXM/,,,,,Wz8/Pz8/Pz9dClZvY8OqIGVzdMOhIHJlYWxtZW50ZSBmYWxhbmRvIHPDqXJpbz8=,,W8K/wr/Cv8K/Pz8/P10Kwr9IYWJsYXMgZW4gc2VyaW8/
NybX,,Wz8/Pz8/XQpJJ2xsIHRlbGwgaXQgdG8geW91IHN0cmFpZ2h0LgpUaGlzIG5ldyBwb3NpdGlvbiB3aWxsIHJlcXVpcmUKeW91IHRvIGJlIGF3YXkgZnJvbSBob21lIG9uY2UKaW4gYSB3aGlsZSwgYnV0IHRoYXQgY29tZXMgd2l0aAp0aGUgbmV3IHJlc3BvbnNpYmlsaXRpZXMu,,,,,Wz8/Pz8/XQpOZWfDs2NpbyDDqSBvIHNlZ3VpbnRlLgpFc3NhIG5vdmEgZnVuw6fDo28gdmFpIGV4aWdpciBxdWUKdm9jw6ogZmlxdWUgbG9uZ2UgZGUgY2FzYQpkZSB2ZXogZW0gcXVhbmRvLCBtYXMgaXNzbyB2ZW0gY29tCmFzIG5vdmFzIHJlc3BvbnNhYmlsaWRhZGVzLg==,,W8K/wr/Cvz8/P10KVGUgbG8gZGlyw6kgc2luIHJvZGVvcy4KRXN0ZSBudWV2byBwdWVzdG8gcmVxdWVyaXLDoSAKcXVlIGVzdMOpcyBsZWpvcyBkZSB0dSBob2dhcgpkZSB2ZXogZW4gY3VhbmRvLCBwZXJvIGVzbyBjb25sbGV2YQp0YW1iacOpbiBudWV2YXMgcmVzcG9uc2FiaWxpZGFkZXMu
OCbX,,Wz8/Pz8/XQpCdXQgeW91J2xsIHJlY2VpdmUKbWFueSBuZXcgYmVuZWZpdHMgdGhhdApJJ20gc3VyZSB5b3VyIGZhbWlseSB3b3VsZAphcHByZWNpYXRlIGFuZCB5b3UnbGwgYmUKZ2VuZXJvdXNseSBjb21wZW5zYXRlZC4=,,,,,Wz8/Pz8/XQpNYXMgdm9jw6ogdmFpIHJlY2ViZXIKbXVpdG9zIGJlbmVmw61jaW9zIG5vdm9zIHF1ZXN1YSBmYW3DrWxpYSBjZXJ0YW1lbnRlIHZhaSBnb3N0YXJlIHN1YSByZW11bmVyYcOnw6NvCnNlcsOhIGdlbmVyb3NhLg==,,W8K/wr/Cvz8/P10KUmVjaWJpcsOhcyBtdWNob3MgbcOhcwpiZW5lZmljaW9zIHF1ZSwgZXN0b3kgc2VndXJvLAp0dSBmYW1pbGlhIGFwcmVjaWFyw6EgbXVjaG8sCnkgdGUgZGFyZW1vcyB1bmEgZ2VuZXJvc2EKY29tcGVuc2FjacOzbi4=
OSbX,,Wz8/Pz8/Pz9dCi4uLi4uLi4uLi4uLi4=,,,,,Wz8/Pz8/Pz9dCi4uLi4uLi4uLi4uLi4=,,W8K/wr/Cv8K/Pz8/P10KLi4uLi4uLi4uLi4uLg==
OibX,,Wz8/Pz8/Pz9dCi4uLkFscmlnaHQsIEknbSBpbi4=,,,,,Wz8/Pz8/Pz9dCi4uLlR1ZG8gYmVtLCBldSBhY2VpdG8u,,W8K/wr/Cv8K/Pz8/P10K4oCmIERlIGFjdWVyZG8sIG1lIGFub3RvLg==
OybX,,W3t9XQouLi4uLi4uLi4uLi4=,,,,,W3t9XQouLi4uLi4uLi4uLi4=,,W3t9XQouLi4uLi4uLi4uLi4=
PCbX,,Wz8/Pz8/XQpTbywgd2hhdCBleGFjdGx5IGRpZCB5b3UKd2FudCBtZSB0byBkbz8gSSdtIHNvcnJ5LApJIHdhc24ndCBhYmxlIHRvIGdhdGhlciBteQphY3R1YWwgam9iIGZ1bmN0aW9uIGZyb20KdGhlIHByZXNlbnRhdGlvbi4uLg==,,,,,Wz8/Pz8/XQpFbnTDo28sIG8gcXVlIGV4YXRhbWVudGUgdm9jw6oKcXVlciBxdWUgZXUgZmHDp2E/IERlc2N1bHBhLApuw6NvIGNvbnNlZ3VpIGVudGVuZGVyIG8gcXVlCnJlYWxtZW50ZSB2b3UgZmF6ZXIKcG9yIGVzc2EgYXByZXNlbnRhw6fDo28uLi4=,,W8K/wr/Cvz8/P10KRW50b25jZXMsIMK/cXXDqSBlcyBleGFjdGFtZW50ZSBsbyBxdWUKcXVpZXJlbiBxdWUgaGFnYT8gTG8gc2llbnRvLApwZXJvIG5vIHZpIGVuIHF1w6kgcGFydGUKZGUgbGEgcHJlc2VudGFjacOzbiBkaWplcm9uCmN1w6FsIHZhIGEgc2VyIG1pIHRhcmVh4oCm
PSbX,,Wz8/P10KSGVlIGhlZSBoZWV+CkRvbid0IHdvcnJ5IGFib3V0IGl0LgpKdXN0IHJlbGF4IGFuZCBzdGF5CnJpZ2h0IHdoZXJlIHlvdSBhcmUu,,,,,Wz8/P10KSGVoZWhlfgpOw6NvIHNlIHByZW9jdXBlIGNvbSBpc3NvLgpBcGVuYXMgcmVsYXhlIGUgZmlxdWUKZXhhdGFtZW50ZSBvbmRlIHZvY8OqIGVzdMOhLg==,,W8K/wr/Cvz8/P10KSmUsIGplLCBqZS4KTm8gdGUgcHJlb2N1cGVzLgpSZWzDoWphdGUgeSBxdcOpZGF0ZQpkb25kZSBlc3TDoXMu
PibX,,Wz8/Pz8/XQpNbW0uIEFscmlnaHQuCkkganVzdCB0aG91Z2h0IHRoYXQgSSB3YXMKc3VwcG9zZWQgdG8gZ28gc29tZXdoZXJlLAp0aGF0J3MgYWxsLiBVbSwgc2hvdWxkbid0CkkgYmUgZ2V0dGluZyByZWFkeS4uLj8=,,,,,Wz8/Pz8/XQpIdW1tLiBUdWRvIGJlbS4KRXUgc8OzIGFjaGVpIHF1ZQppcmlhIGEgYWxndW0gbHVnYXIuSHVtLCBldSBuw6NvIGRldmVyaWEKZXN0YXIgbWUgYXByb250YW5kby4uLj8=,,W8K/wr/Cvz8/P10KTW1tLiBEZSBhY3VlcmRvLgpFcyBzb2xvIHF1ZSBwZW5zw6kgCnF1ZSB0ZW7DrWEgcXVlIGlyIGEgYWxndW5hIHBhcnRlLAplc28gZXMgdG9kby4gVW0sIMK/bm8gbWUgdGVuZHLDrWEKcXVlIGVzdGFyIHByZXBhcmFuZG/igKY/
PybX,,Wz8/P10KT2gsIGRvbid0IHdvcnJ5IGFib3V0CnRoYXQsIGVpdGhlci4gQWxsIG9mIHRoZQphcnJhbmdlbWVudHMgd2lsbCBiZQp0YWtlbiBjYXJlIG9mLiBZb3UnbGwKYmUgdGFrZW4gdG8gdGhhdCBmYXIKb2ZmIHBsYWNlIHZlcnkgc29vbi4uLg==,,,,,Wz8/P10KQWgsIG7Do28gc2UgcHJlb2N1cGUgY29tCmlzc28gdGFtYsOpbS4gVG9kb3MgYXMKcHJvdmlkw6puY2lhcyBzZXLDo28KdG9tYWRhcy4gVsOjbyB0ZWxldmFyIMOgcXVlbGUKbHVnYXIgZGlzdGFudGUgbXVpdG8gZW0gYnJldmUuLi4=,,W8K/wr/Cvz8/P10KQWgsIG5vIHRlIHByZW9jdXBlcyBwb3IKZXNvIHRhbXBvY28uIFlhIG5vcwpvY3VwYW1vcyBkZSB0b2Rvcwpsb3MgZGV0YWxsZXMuIFRlCmxsZXZhcmVtb3MgYSBlc2UgbHVnYXIKbHVnYXIgbGVqYW5vIG11eSBwcm9udG/igKY=
QCbX,,Wz8/Pz9dCk9oLCBJJ20gc28gc29ycnkgdG8KaGVhciB0aGF0IHlvdSB3YW50IHRvCnF1aXQuIEFyZSB5b3Ugc3VyZSB0aGVyZQppc24ndCBhbnl0aGluZyB3ZSBjYW4gZG8KdG8gY2hhbmdlIHlvdXIgbWluZD8=,,,,,Wz8/Pz9dCkFoLCBzaW50byBtdWl0byBwb3IKb3V2aXIgcXVlIHZvY8OqIHF1ZXIKZGVzaXN0aXIuIFRlbSBjZXJ0ZXphCnF1ZSBuw6NvIGjDoSBuYWRhIHF1ZSBwb3NzYW1vcyBmYXplcgpwYXJhIHRlIGZhemVyIG11ZGFyIGRlIGlkZWlhPw==,,W8K/wr/Cvz8/P10KT2gsIGxhbWVudG8gbXVjaG8KZXNjdWNoYXIgcXVlIHF1aWVyZXMKcmVudW5jaWFyLiDCv05vCmhheSBuYWRhIHF1ZSB0ZSBwdWVkYSBoYWNlcgpjYW1iaWFyIGRlIG9waW5pw7NuPw==
QSbX,,Wz8/P10KV2VsbCwgSSdtIHRoaW5raW5nIG9mCnJldGlyaW5nIGVhcmx5IGFuZCBqdXN0CnNwZW5kaW5nIG1vcmUgdGltZQp3aXRoIG15IGZhbWlseS4gQnV0IEkgd29uJ3QKZXZlciB0YWxrIGFib3V0IHRoZSBjb21wYW55Cm9yIGFueSBvZiBpdHMsIHdlbGwsIHNlY3JldHMu,,,,,Wz8/P10KQm9tLCBlc3RvdSBwZW5zYW5kbyBlbQptZSBhcG9zZW50YXIgbWFpcyBjZWRvIGUgYXBlbmFzCnBhc3NhciBtYWlzIHRlbXBvCmNvbSBtaW5oYSBmYW3DrWxpYS4gTWFzIG7Do28gdm91CmNvbWVudGFyIHNvYnJlIGEgZW1wcmVzYQpvdSBxdWFscXVlciB1bSBkZSBzZXVzLCBow6MsIHNlZ3JlZG9zLg==,,W8K/wr/Cvz8/P10KQnVlbm8sIG1pIGlkZWEgZXMgaGFjZXIKdW4gcmV0aXJvIGFudGljaXBhZG8KcGFyYSBwYXNhciBtw6FzIHRpZW1wbwpjb24gbWkgZmFtaWxpYS4gUGVybyBubyBkaXLDqSBuYWRhCnNvYnJlIGxhIGVtcHJlc2EgbmkgcmV2ZWxhcsOpIApuaW5ndW5vIGRlIHN1cywgdW0sIHNlY3JldG9zLg==
QibX,,Wz8/Pz9dCkkgcmVhbGx5IGFwcHJlY2lhdGUKeW91ciBob25lc3R5IGFuZCBzaW5jZXJpdHkuCllvdSd2ZSByZWFsbHkgZG9uZSBhIGdyZWF0CmpvYiBmb3IgdXMgYW5kIEkgY2FuJ3QgdGhhbmsKeW91IGVub3VnaCBmb3IgeW91ciB5ZWFycyBvZgpkZWRpY2F0aW9uIHRvIHRoaXMgY29tcGFueS4=,,,,,Wz8/Pz9dCkV1IHJlYWxtZW50ZSBhZ3JhZGXDp28Kc3VhIGhvbmVzdGlkYWRlIGUgc2luY2VyaWRhZGUuClZvY8OqIGZleiB1bSDDs3RpbW8gdHJhYmFsaG8gcGFyYSBuw7NzCmUgbsOjbyB0ZW5obyBwYWxhdnJhcyBwYXJhIGFncmFkZWNlcgpwZWxvcyBzZXVzIGFub3MgZGUKZGVkaWNhw6fDo28gYSBlc3RhIGVtcHJlc2Eu,,W8K/wr/Cvz8/P10KQXByZWNpbyBtdWNobwp0dSBob25lc3RpZGFkIHkgc2luY2VyaWRhZC4KUmVhbG1lbnRlIGhpY2lzdGUgdW4gZ3JhbiB0cmFiYWpvCnBhcmEgZXN0YSBlbXByZXNhIHkgbm8gcHVlZG8KZGVqYXIgZGUgYWdyYWRlY2VydGUKcG9yIHR1cyBhw7FvcyBkZSBkZWRpY2FjacOzbi4=
QybX,,Wz8/P10KVGhhbmsgeW91LCBzaXIu,,,,,Wz8/P10KVmFsZXUsIHNlbmhvci4=,,W8K/wr/Cvz8/P10KR3JhY2lhcywgc2XDsW9yLg==
RCbX,,Wz8/Pz9dCkl0IHdvdWxkIGJlIGEgZ3JlYXQgbG9zcwpmb3IgdGhpcyBjb21wYW55IHRvIGxldCB5b3UKZ28gbm93LiBCdXQgSSBndWVzcyB3ZSBoYXZlCm5vIGNob2ljZSwgc2luY2UgeW91J3ZlIGhhZAp0aGF0IGhvcnJpYmxlIGFjY2lkZW50Lg==,,,,,Wz8/Pz9dClNlcmlhIHVtYSBncmFuZGUgcGVyZGEKcGFyYSBlc3RhIGVtcHJlc2Egc2Ugdm9jw6oKZm9zc2UgZW1ib3JhIGFnb3JhLiBNYXMgYWNobyBxdWUKbsOjbyB0ZW1vcyBlc2NvbGhhLCBqw6EgcXVlIHZvY8OqIHNvZnJldQplc3NlIGFjaWRlbnRlIGhvcnLDrXZlbC4=,,W8K/wr/Cvz8/P10KU2Vyw61hIHVuYSBncmFuIHDDqXJkaWRhCnBhcmEgbGEgZW1wcmVzYSBkZWphcnRlCmlyIGFob3JhLiBQZXJvIHN1cG9uZ28gcXVlIG5vIHRlbmVtb3MKZWxlY2Npw7NuLCB5YSBxdWUgdHV2aXN0ZQplc2UgaG9ycmlibGUgYWNjaWRlbnRlLg==
RSbX,,Wz8/P10KU2lyLi4uPwpBY2NpZGVudC4uLj8KSSBkb24ndCB1bmRlcnN0YW5kCndoYXQgeW91J3JlIHRhbGtpbmcgYWItLQ==,,,,,Wz8/P10KU2VuaG9yLi4uPwpBY2lkZW50ZS4uLj8KTsOjbyBzZWkKZG8gcXVlIGVzdMOhIGZhLi4u,,W8K/wr/Cvz8/P10Kwr9TZcOxb3LigKY/CsK/UXXDqSBhY2NpZGVudGU/CsKhTm8gZW50aWVuZG8KZGUgcXXDqSBlc3TDoSBoYWJsYeKApiE=
RibX,,Wz8/P10KTi1ubyEgUGxlYXNlLi4uIQpJIGRpZG4ndCwgSSBzd2VhciBvbgpteSBsaWZlIHRoYXQgSSB3b24ndCBldmVyCnNheSBhbnl0aGluZyBhYm91dCB0aGlzCnBsYWNlISBJJ20gYmVnZ2luZyB5b3UsCmZvciB0aGUgbG92ZSBvZiBnb2Qh,,,,,Wz8/P10KTi1ObsOjbyEgUG9yIGZhdm9yLi4uIQpFdSBuw6NvIGZpeiBpc3NvLCBqdXJvIHBlbGEKbWluaGEgdmlkYSBxdWUgbnVuY2EgbWFpcwp2b3UgZGl6ZXIgbmFkYSBzb2JyZSBlc3NlCmx1Z2FyISBFdSBpbXBsb3JvCnBvciB0dWRvIHF1ZSDDqSBzYWdyYWRvIQ==,,W8K/wr/Cvz8/P10KwqFOLW5vISDCoVBvciBmYXZvcuKApiEKwqFKdXJvIHBvciBtaSB2aWRhCnF1ZSBudW5jYSBkaWplIG5pCmRpcsOpIG5hZGEgc29icmUgZXN0ZQpsdWdhciEgwqFTZSBsbyBydWVnbywKcG9yIHRvZG9zIGxvcyBkaW9zZXMh
RybX,,Wz8/Pz9dCllvdXIgbGlmZS4uLj8KU29ycnksIG5vdCBnb29kIGVub3VnaC4KWW91IHNob3VsZCBoYXZlIGtub3duLg==,,,,,Wz8/Pz9dClN1YSB2aWRhLi4uPwpMYW1lbnRvLCBuw6NvIMOpIGJvbSBvIHN1ZmljaWVudGUuClZvY8OqIGRldmVyaWEgc2FiZXIu,,W8K/wr/Cvz8/P10Kwr9UdSB2aWRh4oCmPwpMbyBzaWVudG8sIG5vIGVzIHN1ZmljaWVudGUuCkRlYmVyw61hcyBoYWJlcmxvIHNhYmlkby4=
SCbX,,Wz8/P10KU3NzdG9wISBJIGhhdmUgY2hpbC0tCk1ZIExFRUVFR1MhISBPSCBNWSBHT0QKV0hBVCBIQVZFIFlPVSBET05FIFRPCkxFR1M/ISBIRUxQIE1FLCBPSCBNWSBHLS0=,,,,,Wz8/P10KUGFhYXJlISBFdSB0ZW5obyBmaS4uLgpNSU5IQVMgUEVFRVJOQVMhIEFJLCBDQVJBTUJBLApPIFFVRSBWT0PDiiBGRVogQ09NCkVMQVM/ISBTT0NPUlJPLCBNSU5IQSBOTy4uLg==,,W8K/wr/Cvz8/P10KwqFELWRldMOpbmdhc2UhIFRlbmdvIGhpauKApgrCoU1JUyBQSUVSTkFTISBQT1IgUElFREFELgrCocK/UVXDiSBMRSBISVpPIEEgTUlTClBJRVJOQVM/ISBBWcOaREVOTUUsIFBPUiBGQeKApg==
SSbX,,Wz8/XQpEb2N0b3IgVmFybXVudCwKeW91J3ZlIGZpbmFsbHkgYWdyZWVkCnRvIGpvaW4gdXMuIFdlbGNvbWUh,,,,,Wz8/XQpEb3V0b3IgVmFybXVudCwKdm9jw6ogZmluYWxtZW50ZSBjb25jb3Jkb3UKZW0gc2UganVudGFyIGEgbsOzcy4gU2VqYSBiZW0tdmluZG8h,,W8K/wr8/P10KRG9jdG9yIFZhcm11bmR0LApwb3IgZmluIGFjZXB0w7MgCnVuaXJzZSBhIG5vc290cm9zLiDCoUxlIGRveSBsYSBiaWVudmVuaWRhIQ==
SibX,,W1Zhcm11bnRdCldlbGwsIEkgZG9uJ3Qga25vdyBpZiBJIGFncmVlCndpdGggdGhpcyBjb21wYW55J3MgcG9saWNpZXMsCmJ1dCB0aGUgcHJvamVjdCB5b3UncmUgb2ZmZXJpbmcKc2VlbXMgdG8gYmUgYW4gb3Bwb3J0dW5pdHkgdGhhdApjb21lcyBvbmNlIGluIGEgbGlmZXRpbWUsIHNvLi4u,,,,,W1Zhcm11bnRdCkJvbSwgbsOjbyBzZWkgc2UgY29uY29yZG8KY29tIGFzIHBvbMOtdGljYXMgZGVzc2EgZW1wcmVzYSwKbWFzIG8gcHJvamV0byBxdWUgZXN0w6Egb2ZlcmVjZW5kbwpwYXJlY2Ugc2VyIHVtYSBvcG9ydHVuaWRhZGUKw7puaWNhIG5hIHZpZGEsIGVudMOjby4uLg==,,W1Zhcm11bmR0XQpCdWVubywgbm8gc8OpIHNpIGVzdG95IGRlIGFjdWVyZG8KY29uIGxhcyBwb2zDrXRpY2FzIGRlIGVzdGEgZW1wcmVzYSwKcGVybyBlbCBwcm95ZWN0byBxdWUgb2ZyZWNlbgpwYXJlY2UgdW5hIG9wb3J0dW5pZGFkIGRlIGVzYXMgcXVlCm9jdXJyZW4gdW5hIHZleiBlbiBsYSB2aWRhLCBhc8OtIHF1ZeKApg==
SybX,,Wz8/XQpUbyBiZSBob25lc3QsIHRoaXMgcHJvamVjdApjYW4gb25seSBiZSBhIHN1Y2Nlc3Mgd2l0aAp5b3VyIGNvb3BlcmF0aW9uLiBXZSBuZWVkCnlvdXIgZ2VuaXVzIGFuZCB3aWxsIHByb3ZpZGUKd2hhdGV2ZXIgeW91IHJlcXVpcmUu,,,,,Wz8/XQpTaW5jZXJhbWVudGUsIGVzc2UgcHJvamV0bwpzw7MgcG9kZSBzZXIgdW0gc3VjZXNzbyBjb20Kc3VhIGNvb3BlcmHDp8Ojby4gUHJlY2lzYW1vcwpkZSBzdWEgZ2VuaWFsaWRhZGUgZSB2YW1vcyBmb3JuZWNlcgpvIHF1ZSB2b2PDqiBwcmVjaXNhci4=,,W8K/wr8/P10KUGFyYSBzZXIgc2luY2VybywgZXN0ZSBwcm95ZWN0bwpzb2xvIHB1ZWRlIHNlciB1biDDqXhpdG8gY29uCnN1IGNvb3BlcmFjacOzbi4gTmVjZXNpdGFtb3MKZGUgc3UgaW50ZWxpZ2VuY2lhIHkgbGUgZGFyZW1vcwp0b2RvIGxvIHF1ZSBuZWNlc2l0ZS4=
TCbX,,W1Zhcm11bnRdCkknbSBmbGF0dGVyZWQuCkFuZCBvZiBjb3Vyc2UsIEknbGwKZG8gbXkgYmVzdC4gSXQncyBqdXN0CnRoYXQgdGhpcyBkZWFsIHNvdW5kcwp0b28gZ29vZCB0byBiZSB0cnVlLi4u,,,,,W1Zhcm11bnRdClNpbnRvLW1lIGxpc29uamVhZG8uCkUsIMOpIGNsYXJvLApkYXJlaSBvIG1ldSBtZWxob3IuIMOJIHF1ZQpxdWUgZXNzZSBuZWfDs2NpbyBwYXJlY2UKYm9tIGRlbWFpcyBwYXJhIHNlciB2ZXJkYWRlLi4u,,W1Zhcm11bmR0XQpNZSBzaWVudG8gaGFsYWdhZG8uClkgcG9yIHN1cHVlc3RvLCBtZQplc2ZvcnphcsOpIGFsIG3DoXhpbW8uIEVzIHF1ZQplc3RlIGNvbnRyYXRvIHN1ZW5hCmRlbWFzaWFkbyBidWVubyBwYXJhIHNlciB2ZXJkYWTigKY=
TSbX,,Li4uLi4uLi4uLi4uLi4uLi4=,,,,,Li4uLi4uLi4uLi4uLi4uLi4=,,Li4uLi4uLi4uLi4uLi4uLi4=
TibX,,Li4uLi4uLi4uLi4uLi4uLi4uLg==,,,,,Li4uLi4uLi4uLi4uLi4uLi4uLg==,,Li4uLi4uLi4uLi4uLi4uLi4uLg==
TybX,,Li4uLi4uLi4uLi4uLi4uLi4uLi4u,,,,,Li4uLi4uLi4uLi4uLi4uLi4uLi4u,,Li4uLi4uLi4uLi4uLi4uLi4uLi4u
UCbX,,Li4uLi4uLi4uLi4uLi4uLi4uLi4uLi4=,,,,,Li4uLi4uLi4uLi4uLi4uLi4uLi4uLi4=,,Li4uLi4uLi4uLi4uLi4uLi4uLi4uLi4=
USbX,,Wz8/XQpBbWF6aW5nLiBZb3UndmUgYWNjb21wbGlzaGVkCndoYXQgbW9zdCBoYXZlIHRob3VnaHQgdG8gYmUKaW1wb3NzaWJsZSBhaGVhZCBvZiBzY2hlZHVsZS4KQW4gaW1pdGF0aW9uIG9mIFltaXIncyBIZWFydCEKVGhpcyB3aWxsIHN1cmVseSBzcHVyIEFpcnNoaXAKYW5kIEd1YXJkaWFuIGRldmVsb3BtZW50fiE=,,,,,Wz8/XQpJbmNyw612ZWwuIFZvY8OqIGNvbnNlZ3VpdQpvIHF1ZSBhIG1haW9yaWEgcGVuc2F2YSBzZXIKaW1wb3Nzw612ZWwgYW50ZXMgZG8gcHJldmlzdG8uClVtYSBpbWl0YcOnw6NvIGRvIENvcmHDp8OjbyBkZSBZbWlyIQpJc3NvIGNlcnRhbWVudGUgdmFpIGVzdGltdWxhciBvIGRlc2Vudm9sdmltZW50byBkbyBEaXJpZ8OtdmVsCmUgZG8gR3VhcmRpw6NvfiE=,,W8K/wr8/P10KQXNvbWJyb3NvLiBDb21wbGV0w7MgCmxvIHF1ZSBsYSBtYXlvcsOtYSBjb25zaWRlcmFiYQppbXBvc2libGUsIHkgYW50ZXMgZGUgbG8gcHJldmlzdG8uCsKhVW5hIGltaXRhY2nDs24gZGVsIENvcmF6w7NuIGRlIFltaXIhCsKhTm8gaGF5IGR1ZGEgZGUgcXVlIGVzdG8gYWNlbGVyYXLDoSAKZWwgZGVzYXJyb2xsbyBkZSBsYSBhZXJvbmF2ZSB5IGxvcyBHdWFyZGlhbmVzIQ==
UibX,,W1Zhcm11bnRdCkkgc3RpbGwgZG9uJ3QgYmVsaWV2ZSB0aGF0CndlcmUgYWJsZSB0byBkbyBpdC4gVGhpcyBpcwphIGh1Z2UgbGVhcCBmb3Igc2NpZW5jZSwgZXZlbgppZiB0aGlzIGltaXRhdGlvbiBpc24ndCBhcyBwb3dlcmZ1bCBhcyB0aGUgcmVhbCBZbWlyJ3MgSGVhcnQu,,,,,W1Zhcm11bnRdCkV1IGFpbmRhIG7Do28gYWNyZWRpdG8gcXVlCmZvcmFtIGNhcGF6ZXMgZGUgZmF6ZXIgaXNzby4gRXNzZSDDqQp1bSBncmFuZGUgc2FsdG8gcGFyYSBhIGNpw6puY2lhLCBtZXNtbwpxdWUgZXNzYSBpbWl0YcOnw6NvIG7Do28gc2VqYSB0w6NvIHBvZGVyb3NhIHF1YW50byBvIHZlcmRhZGVpcm8gQ29yYcOnw6NvIGRlIFltaXIu,,W1Zhcm11bmR0XQpBw7puIG1lIGN1ZXN0YSBjcmVlcgpxdWUgaGF5YSBzaWRvIGNhcGF6IGRlIGhhY2VybG8uIEVzdGUgZXMKdW4gZ3JhbiBzYWx0byBwYXJhIGxhIGNpZW5jaWEsIGluY2x1c28gYXVucXVlCmxhIGltaXRhY2nDs24gbm8gc2VhIHRhbiBwb2Rlcm9zYSBjb21vIGVsIHZlcmRhZGVybyBDb3JhesOzbiBkZSBZbWlyLg==
UybX,,Wz8/XQpDb21lLCB3ZSBtdXN0IGNlbGVicmF0ZSEKTGV0J3MgZ28gb3V0c2lkZSBhbmQgaGF2ZQphIHRvYXN0IGluIHlvdXIgaG9ub3IhIEhhIGhhfg==,,,,,Wz8/XQpWZW5oYSwgcHJlY2lzYW1vcyBjb21lbW9yYXIhClZhbW9zIHNhaXIgZSBmYXplciB1bQpicmluZGUgZW0gc3VhIGhvbWVuYWdlbSEgSGFoYX4=,,W8K/wr8/P10KwqFBY29tcMOhw7FlbWUsIGhheSBxdWUgY2VsZWJyYXIhClNhbGdhbW9zIHkgaGFnYW1vcwp1biBicmluZGlzIGVuIHN1IGhvbm9yLiBKYSwgamEu
VCbX,,Li4uLi4uLi4uLi4uLi4uLi4uLi4=,,,,,Li4uLi4uLi4uLi4uLi4uLi4uLi4=,,Li4uLi4uLi4uLi4uLi4uLi4uLi4=
VSbX,,Li4uLi4uLi4uLi4uLi4uLi4uLi4uLg==,,,,,Li4uLi4uLi4uLi4uLi4uLi4uLi4uLg==,,Li4uLi4uLi4uLi4uLi4uLi4uLi4uLg==
VibX,,Wz8/XQpCdXQgd2h5LCBEb2N0b3IgVmFybXVudD8KSWYgeW91J3JlIHVuaGFwcHkgd2l0aCB0aGUKUmVrZW5iZXIgQ29ycG9yYXRpb24gZm9yCmFueSByZWFzb24gd2hhdHNvZXZlci4uLg==,,,,,Wz8/XQpNYXMgcG9yIHF1ZSwgZG91dG9yIFZhcm11bnQ/ClNlIHZvY8OqIGVzdMOhIGluc2F0aXNmZWl0byBjb20gYQpDb3Jwb3Jhw6fDo28gUmVrZW5iZXIgcG9yCnF1YWxxdWVyIG1vdGl2byBxdWUgc2VqYS4uLg==,,W8K/wr8/P10Kwr9QZXJvIHBvciBxdcOpLCBkb2N0b3IgVmFybXVuZHQ/ClNpIG5vIGVzdMOhIHNhdGlzZmVjaG8gY29uIGxhCkNvcnBvcmFjacOzbiBSZWtlbmJlciwgcG9yCmVsIG1vdGl2byBxdWUgc2Vh4oCm
VybX,,W1Zhcm11bnRdCldlbGwsIEkgZG9uJ3QgcmVhbGx5CmhhdmUgYSByZWFzb24gdG8gcmVtYWluCm5vdyB0aGF0IHdlJ3ZlIGFjY29tcGxpc2hlZAp3aGF0IEkndmUgYWdyZWVkIHRvIGRvLiBJdCdzIHRpbWVeRkZGRkZGIF4wMDAwMDAgZm9yIG1lIHRvIHJldHVybiBhbmQgd29yayBvbgpteSBwZXJzb25hbCByZXNlYXJjaC4=,,,,,W1Zhcm11bnRdCkJvbSwgZXUgcmVhbG1lbnRlCnRlbmhvIHVtIG1vdGl2byBwYXJhIGZpY2FyCmFnb3JhIHF1ZSBqw6EgcmVhbGl6YW1vcwpvIHF1ZSBjb25jb3JkZWkgZW0gZmF6ZXIuIEVzdMOhIG5hIGhvcmFeRkZGRkZGIF4wMDAwMDAgZGUgZXUgdm9sdGFyIGUgdHJhYmFsaGFyIGVtCm1pbmhhIHBlc3F1aXNhIHBlc3NvYWwu,,W1Zhcm11bmR0XQpCdWVubywgZW4gcmVhbGlkYWQgbm8KdGVuZ28gbW90aXZvcyBwYXJhIHF1ZWRhcm1lCmFob3JhIHF1ZSBsb2dyYW1vcwpsbyBxdWUgbWUgaGFiw61hIHByb3B1ZXN0byBoYWNlci4gRXMgaG9yYV5GRkZGRkZeMDAwMDAwIGRlIHF1ZSB2dWVsdmEgYSB0cmFiYWphcgplbiBtaXMgaW52ZXN0aWdhY2lvbmVzIHBlcnNvbmFsZXMu
WCbX,,Wz8/XQpQbGVhc2UsIERvY3RvciBWYXJtdW50LApyZWNvbnNpZGVyISBZb3UgbWF5IGhhdmUKZnVsbCB1c2Ugb2Ygb3VyIGZhY2lsaXRpZXMgdG8KY29uZHVjdCB5b3VyIHJlc2VhcmNoLiBJJ20Kd2lsbGluZyB0byBtYWtlIHlvdSBhbiBvZmZlci4=,,,,,Wz8/XQpQb3IgZmF2b3IsIGRvdXRvciBWYXJtdW50LApyZWNvbnNpZGVyZSEgTyBzZW5ob3IgcG9kZSB0ZXIKYWNlc3NvIHRvdGFsIGRlIG5vc3NhcyBpbnN0YWxhw6fDtWVzIHBhcmEKY29uZHV6aXIgc3VhIHBlc3F1aXNhLiBRdWVybwp0ZSBmYXplciB1bWEgcHJvcG9zdGEu,,W8K/wr8/P10KRG9jdG9yIFZhcm11bmR0LCBsZSBwaWRvCnF1ZSByZWNvbnNpZGVyZS4gUG9kcsOtYW1vcyBjb25jZWRlcmxlCnBsZW5vIHVzbyBkZSBudWVzdHJhcyBpbnN0YWxhY2lvbmVzIHBhcmEKbGxldmFyIGEgY2FibyBzdSBpbnZlc3RpZ2FjacOzbi4gRXN0b3kKZGlzcHVlc3RvIGEgaGFjZXJsZSB1bmEgb2ZlcnRhLg==
WSbX,,W1Zhcm11bnRdCk5vLCBJIGNhbid0Li4uCklmIEkgY29udGludWUgdG8gd29yawpoZXJlLCBJJ20gYWZyYWlkIEkgbWlnaHQKbWFrZSBhIGxvdCBvZiBwZW9wbGUKdW5oYXBweS4gQnV0LCB0aGFuawp5b3UgZm9yIGV2ZXJ5dGhpbmcu,,,,,W1Zhcm11bnRdCk7Do28sIGV1IG7Do28gcG9zc28uLi4KU2UgZXUgY29udGludWFyIGEgdHJhYmFsaGFyCmFxdWksIHRlbW8gcXVlIGV1IHBvc3NhCmRlaXhhciBtdWl0YSBnZW50ZQppbmZlbGl6LiBNYXMgb2JyaWdhZG8KcG9yIHR1ZG8u,,W1Zhcm11bmR0XQpObywgbm8gcHVlZG/igKYKU2kgc2lnbyB0cmFiYWphbmRvCmFxdcOtLCBtZSB0ZW1vIHF1ZSBwb2Ryw61hCmhhY2VyIGluZmVsaXogYSBtdWNoYQpnZW50ZS4gUGVybyBncmFjaWFzCnBvciB0b2RvLg==
WibX,,Wz8/XQpXYWl0Li4uCkRvY3RvciBWYXJtdW50LgpZb3UgZm9yZ290IHlvdXIgY2FuZS4=,,,,,Wz8/XQpFc3BlcmUuLi4KRG91dG9yIFZhcm11bnQuClZvY8OqIGVzcXVlY2V1IHN1YSBiZW5nYWxhLg==,,W8K/wr8/P10KRXNwZXJl4oCmCkRvY3RvciBWYXJtdW5kdC4KT2x2aWRhIHN1IGJhc3TDs24u
WybX,,W1Zhcm11bnRdClNpbmNlIHdoZW4gaGF2ZSB5b3UKc2VlbiBtZSB1c2UgYSBjYW5lPwpBbmQgZXZlbiBpZiBJIGRpZCwKdGhhdCBvbmUgaXNuJ3QgbWktLQ==,,,,,W1Zhcm11bnRdCkRlc2RlIHF1YW5kbyB2b2PDqgptZSB2aXUgdXNhciB1bWEgYmVuZ2FsYT8KRSBtZXNtbyBxdWUgZXUgdXNhc3NlLAplc3NhIG7Do28gw6kgbWkuLi4=,,W1Zhcm11bmR0XQrCv0Rlc2RlIGN1w6FuZG8KbWUgdmlvIHVzYXIgdW4gYmFzdMOzbj8KWSBhdW5xdWUgbG8gdXNhcmEsCmVzZSB0YW1wb2NvIGVzIG1p4oCm
XCbX,,Li4u,,,,,Li4u,,4oCm
XSbX,,Li4uCi4uLi4uLg==,,,,,Li4uCi4uLi4uLg==,,4oCmCi4uLi4uLg==
XibX,,Li4uCi4uLi4uLgouLi4uLi4uLi4=,,,,,Li4uCi4uLi4uLgouLi4uLi4uLi4=,,4oCmCi4uLi4uLgouLi4uLi4uLi4=
XybX,,RG9jdG9yIFZhcm11bnQsCnlvdSd2ZSBmaW5hbGx5IGFncmVlZAp0byBqb2luIHVzLiBXZWxjb21lIQ==,,,,,RG91dG9yIFZhcm11bnQsCnZvY8OqIGZpbmFsbWVudGUgY29uY29yZG91CmVtIHNlIGp1bnRhciBhIG7Ds3MuIFNlamEgYmVtLXZpbmRvIQ==,,RG9jdG9yIFZhcm11bmR0LApwb3IgZmluIGFjZXB0w7MgCnVuaXJzZSBhIG5vc290cm9zLiDCoUxlIGRveSBsYSBiaWVudmVuaWRhIQ==
YCbX,,XjMzNTVGRlRoZXJlJ3Mgc29tZXRoaW5nIG9uCnRoZSBmbG9vciwgYnV0IHlvdSBjYW4ndApyZWFsbHkgdGFrZSBhIGdvb2QgbG9vayBhdAp3aGF0IGl0IGlzIHJpZ2h0IG5vdy4gUGVyaGFwcwppZiB5b3UgZnJlZWQgdXAgbW9yZSBzcGFjZQppbiB5b3VyIGludmVudG9yeS4uLg==,,,,,XjMzNTVGRkjDoSBhbGdvIG5vCm5vIGNow6NvLCBtYXMgbsOjbyDDqSBwb3Nzw612ZWwKZGFyIHVtYSBib2Egb2xoYWRhCm5vIHF1ZSDDqSBuZXN0ZSBtb21lbnRvLiBUYWx2ZXoKc2Ugdm9jw6ogbGliZXJhc3NlIG1haXMgZXNwYcOnbwplbSBzZXUgaW52ZW50w6FyaW8uLi5eMDAwMDAw,,XjI1MDJGREhheSBhbGdvIGVuCmVsIHN1ZWxvLCBwZXJvIG5vIHB1ZWRlcwp2ZXIgYmllbiBxdcOpIGVzCmVuIGVzdGUgbW9tZW50by4gUXVpesOhIApzaSBsaWJlcmFyYXMgbcOhcyBlc3BhY2lvCmVuIHR1IGludmVudGFyaW/igKY=
YSbX,,Wz8/P10KSXQncyBvdmVyLgpJIHJlYWxseSB3YW50CnRvIHF1aXQuIFRoaXMgaXMKdGhlIGVuZCBmb3IgbWUu,,,,,Wz8/P10KQWNhYm91LgpFdSByZWFsbWVudGUgcXVlcm8KZGVzaXN0aXIuIEVzdGUgw6kgbwpvIGZpbSBwYXJhIG1pbS4=,,W8K/wr/Cvz8/P10KU2UgYWNhYsOzLgpRdWllcm8gcmVudW5jaWFyLAplbiBzZXJpby4gRXN0ZSBlcwplbCBmaW4gcGFyYSBtw60u
YibX,,W1BlY28gUGVjb10KXjMxMzFGRlRoaXMgaXMgdGhlIGVuZCEKVGhpcyBpcyB0aGUgZW5kIV4wMDAwMDA=,,,,,W1BlY28gUGVjb10KXjMxMzFGRkVzdGUgw6kgbyBmaW0hCkVzdGUgw6kgbyBmaW0hXjAwMDAwMA==,,W1BlY28gUGVjb10KXjk5MDAwMMKhRXN0ZSBlcyBlbCBmaW4hCsKhRXN0ZSBlcyBlbCBmaW4hXjAwMDAwMA==
YybX,,Wz8/P10KSGUgd2FzIHJpZ2h0IHRvIHNheSB0aGF0CndlJ2QgYmUgcGFpZCB3ZWxsLCBidXQgZ29pbmcKdGhyb3VnaCB0aGlzIG11Y2ggdG9ydHVyZSBpc24ndAp3b3J0aCBhbnkgc3VtIG9mIG1vbmV5IGluIHRoZQp3b3JsZCB0byBtZS4gKlNpZ2gqIE1vbmV5Li4u,,,,,Wz8/P10KRWxlIGVzdGF2YSBjZXJ0byBhbyBkaXplciBxdWUKc2Vyw61hbW9zIGJlbSBwYWdvcywgbWFzCnBhc3NhciBwb3IgdGFudGEgdG9ydHVyYSBuw6NvIHZhbGUKbmVuaHVtYSBxdWFudGlhIGRlIGRpbmhlaXJvIG5vCm11bmRvIHBhcmEgbWltLiAqU3VzcGlybyogRGluaGVpcm8uLi4=,,W8K/wr/Cvz8/P10KVGVuw61hIHJhesOzbiBhbCBkZWNpciBxdWUKbm9zIHBhZ2Fyw61hbiBiaWVuLCBwZXJvIHN1ZnJpcgplc3RhIHRvcnR1cmEgbm8gdmFsZQpuaW5ndW5hIHN1bWEgZGUgZGluZXJvIGVuIGVsCm11bmRvIHBhcmEgbcOtLiAqU3VzcGlyYSogRGluZXJv4oCm
ZCbX,,Wz8/P10KU2hlIG11c3QgYmUgc28gd29ycmllZAphYm91dCBtZSBieSBub3cuIEFuZCBoZXIKaGVhbHRoIGlzIHNvIGJhZC4gSSdtIHN1Y2gKYSBmb29sIGZvciBsZWF2aW5nIGhlciBiZWhpbmQu,,,,,Wz8/P10KRWxhIGRldmUgZXN0YXIgbXVpdG8gcHJlb2N1cGFkYQpjb21pZ28gYSBlc3NhIGFsdHVyYS4gRSBzdWEKc2HDumRlIGVzdMOhIHTDo28gcnVpbS4gQ29tbyBzb3UKaWRpb3RhIHBvciBkZWl4w6EtbGEgcGFyYSB0csOhcy4=,,W8K/wr/Cvz8/P10KRGViZSBlc3RhciBtdXkgcHJlb2N1cGFkYQpwb3IgbcOtIGEgZXN0YXMgYWx0dXJhcy4gWSBlc3TDoSAKbXV5IG1hbCBkZSBzYWx1ZC4gRnVpCnVuIHRvbnRvIHBvciBkZWphcmxhIHNvbGEu
ZSbX,,W1BlY28gUGVjb10KU3VjaCBhIGZvb2whClN1Y2ggYSBmb29sIQoqU3F1YWFhd2t+Kg==,,,,,W1BlY28gUGVjb10KSWRpb3RhIQpJZGlvdGEhCipDdXJydXBhY29+Kg==,,W1BlY28gUGVjb10KwqFRdcOpIGVzdMO6cGlkbyEKwqFRdcOpIGVzdMO6cGlkbyEKKkNvLCBjbywgY28q
ZibX,,Wz8/P10KRGFtbiBpdCEKU2h1dCB1cCwgeW91IHN0dXBpZCBiaXJkIQpCZSBxdWlldCBmb3IganVzdCBhIG1pbnV0ZSE=,,,,,Wz8/P10KRHJvZ2EhCkNhbGUgYSBib2NhLCBzZXUgcMOhc3Nhcm8gZXN0w7pwaWRvIQpGaXF1ZSBxdWlldG8gcG9yIGFwZW5hcyB1bSBtaW51dG8h,,W8K/wr/Cvz8/P10KwqFNYWxkaXRhIHNlYSEKwqFDw6FsbGF0ZSwgcMOhamFybyBlc3TDunBpZG8hCsKhR3VhcmRhIHNpbGVuY2lvIHVuIG1vbWVudG8h
ZybX,,W1BlY28gUGVjb10KKlNxdWFhYWF3ayEqCkRlYXRoIFBlbmFsdHkhCkRlYXRoIFBlbmFsdHkh,,,,,W1BlY28gUGVjb10KKkN1cnJ1cGFjbyEqClBlbmEgZGUgbW9ydGUhClBlbmEgZGUgbW9ydGUh,,W1BlY28gUGVjb10KKsKhQ28sIGNvLCBjbyEqCsKhUGVuYSBkZSBtdWVydGUhCsKhUGVuYSBkZSBtdWVydGUh
aCbX,,Wz8/P10KRGVhdGggcGVuYWx0eT8KV2hlcmUnZCB5b3UgbGVhcm4KdG8gc2F5IHNvbWV0aGluZyB3ZWlyZApsaWtlIHRoYXQ/IEh1aC4gVGhhdCdzLi4u,,,,,Wz8/P10KUGVuYSBkZSBtb3J0ZT8KT25kZSB2b2PDqiBhcHJlbmRldQphIGZhbGFyIGFsZ28gdMOjbyBlc3RyYW5obwphc3NpbT8gSHVuZi4gSXNzbyDDqS4uLg==,,W8K/wr/Cvz8/P10Kwr9QZW5hIGRlIG11ZXJ0ZT8Kwr9Ew7NuZGUgYXByZW5kaXN0ZQpkZWNpciBhbGdvIHRhbgpyYXJvPyDCv0VoPyBFc2UgZXPigKY=
aSbX,,Li4uLi4uLi4uLi4uLi4=,,,,,Li4uLi4uLi4uLi4uLi4=,,Li4uLi4uLi4uLi4uLi4=
aibX,,Wz8/P10KSSdtIHRoZSBvbmx5IG9uZSBzdGlsbAppbiB0aGlzIHJvb20uIEV2ZXJ5b25lCmVsc2UgbGVmdCBhbmQgbmV2ZXIgY2FtZQpiYWNrLiBJZiB0aGV5IHdlcmUuLi4gQW5kCkkgd2VyZSB0byBnbyBvdXQuLi4gVGhlbi4uLgpNYXliZSBJIGJldHRlciBub3QgbGVhdmUu,,,,,Wz8/P10KU8OzIHRlbSBldQpuZXN0YSBzYWxhLiBUb2RvcyBvcyBvdXRyb3MKc2HDrXJhbSBlIG7Do28gdm9sdGFyYW0KbWFpcy4gU2UgZWxlcyBmb3JhbS4uLiBFCnNlIGV1IHNhw61zc2UuLi4gRW50w6NvLi4uClRhbHZleiBzZWphIG1lbGhvciBldSBuw6NvIHNhaXIu,,W8K/wr/Cvz8/P10KU295IGVsIMO6bmljbyBxdWUgc2lndWUKZW4gZXN0YSBzYWxhLiBUb2Rvcwpsb3MgZGVtw6FzIHNlIGZ1ZXJvbiB5IG51bmNhCnJlZ3Jlc2Fyb24uIFkgc2kgZWxsb3PigKYgWQp5byBmdWVyYSBhIHNhbGly4oCmIEVudG9uY2Vz4oCmClF1aXrDoSBsbyBtZWpvciBzZWEgcXVlIG5vIG1lIHZheWEu
aybX,,Wz8/P10KSWYgSSBjb3VsZCBvbmx5IGdpdmUKdGhpcyBwZW5kYW50IGJhY2sgdG8KaGVyLCBzaGUgd291bGRuJ3QgaGF2ZQp0byB3b3JyeSBhYm91dCBtZSB0aGF0Cm11Y2guIEJ1dCBJIG1pZ2h0IG5vdApiZSBhYmxlIHRvIGdldCBiYWNrLi4u,,,,,Wz8/P10KU2UgZXUgcHVkZXNzZSBkZXZvbHZlcgplc3NlIHBpbmdlbnRlCnBhcmEgZWxhLCBlbGEgbsOjbyBwcmVjaXNhcmlhCnNlIHByZW9jdXBhciB0YW50byBjb21pZ28uTWFzIHRhbHZleiBldSBuw6NvCmNvbnNpZ2Egdm9sdGFyLi4u,,W8K/wr/Cvz8/P10KU2kgdGFuIHNvbG8gcHVkaWVyYSBkYXJsZQplc3RlIENvbGdhbnRlLAp0YWwgdmV6IGhhcsOtYSBxdWUgZGVqZQpkZSBwcmVvY3VwYXJzZSB0YW50bwpwb3IgbcOtLiBQZXJvIHF1aXrDoSB5YQpubyBwdWVkYSB2b2x2ZXLigKY=
bCbX,,Wz8/P10KLi4uLi4uLi4=,,,,,Wz8/P10KLi4uLi4uLi4=,,W8K/wr/Cvz8/P10KLi4uLi4uLi4=
bSbX,,Wz8/Pz8/XQpIZXkgdGhlcmUsIGJlZW4Kd2FpdGluZyBsb25nPyBJdCdzCnRpbWUgZm9yIHlvdSB0byBmaW5pc2gKdXAgeW91ciBjb250cmFjdC4=,,,,,Wz8/Pz8/XQpPbMOhLCB2b2PDqiBlc3RhdmEKZXNwZXJhbmRvIGjDoSBtdWl0byB0ZW1wbz8gRXN0w6EgbmEKaG9yYSBkZSB2b2PDqiB0ZXJtaW5hcgpzZXUgY29udHJhdG8u,,W8K/wr/Cvz8/P10KSG9sYSwKwr9lc3BlcmFzdGUgbXVjaG8/IEVzCmhvcmEgZGUgdGVybWluYXIKdHUgY29udHJhdG8u
bibX,,Wz8/P10KRmluaXNoIHVwIG15Li4uPwpOLW5vISBJJ3ZlIGRlY2lkZWQhCkknbSBub3QgbGVhdmluZyB0aGlzIHJvb20h,,,,,Wz8/P10KVGVybWluYXIgbWV1Li4uCk4tTsOjbyEgRXUgasOhIGRlY2lkaSEKTsOjbyB2b3Ugc2FpciBkZXN0YSBzYWxhIQ==,,W8K/wr/Cvz8/P10Kwr9UZXJtaW5hciBtaeKApj8KwqFOLW5vISDCoVlhIG1lIGRlY2lkw60hCsKhTm8gdm95IGEgc2FsaXIgZGUgZXN0YSBzYWxhIQ==
bybX,,Wz8/Pz8/XQpIZXkgaGV5LCB3aGF0IHRoZSBoZWxsCmFyZSB5b3UgdGFsa2luZyBhYm91dD8KWW91IGNhbWUgaGVyZSB0byB3b3JrLApkaWRuJ3QgeW91PyBBbmQgbm93IGl0J3MKdGltZSBmb3IgeW91IHRvIGNvbGxlY3QsIHNvLi4u,,,,,Wz8/Pz8/XQpFaSwgZWksIHF1ZSBkaWFib3MKZXN0w6EgZmFsYW5kbz8KVm9jw6ogdmVpbyBhcXVpIHBhcmEgdHJhYmFsaGFyLApuw6NvIGZvaT8gRSBhZ29yYSBlc3TDoSBuYQpob3JhIGRlIHJlY2ViZXIsIGVudMOjby4uLg==,,W8K/wr/Cvz8/P10KT3llLCBveWUsIMK/ZGUgcXXDqSBkZW1vbmlvcwplc3TDoXMgaGFibGFuZG8/ClZpbmlzdGUgYXF1w60gYSB0cmFiYWphciwKwr9vIG5vPyBZIHlhIGVzCmhvcmEgZGUgdHUgY29icm8sIGFzw60gcXVl4oCm
cCbX,,Wz8/P10KTi1ubywgbC1sZXQgZ28gb2YgbWUhClBsZWFzZSBsZXQgbWUgZ28hCkkgd2FudCB0byBzZWUgaGVyIGFnYWluLApwbGVhc2UgbGV0IG1lIHNlZSBoZXIuLi4h,,,,,Wz8/P10KTi1Ow6NvLCBtZSBzb2x0ZSEKUG9yIGZhdm9yLCBtZSBzb2x0ZSEKRXUgcXVlcm8gdsOqLWxhIGRlIG5vdm8sCnBvciBmYXZvciwgbWUgZGVpeGEgdsOqLWxhLi4uIQ==,,W8K/wr/Cvz8/P10KwqFObywgc3XDqWx0YW1lIQrCoVBvciBmYXZvciwgZMOpamFtZSBpciEKUXVpZXJvIHZvbHZlciBhIHZlcmxhLArCoXBvciBmYXZvciwgZMOpamFtZSB2ZXJsYeKApiE=
cSbX,,XjMzNTVGRipDbGluaypeMDAwMDAw,,,,,XjMzNTVGRipDbGluaypeMDAwMDAw,,XjI1MDJGRCpQbGluKl4wMDAwMDA=
cibX,,Wz8/XQpIbT8gV2hvIHRoZSBoZWxsCmJyb3VnaHQgaW4gdGhpcyBjaGVhcApqZXdlcnk/IFNvbWVvbmUgbXVzdApoYXZlIGZvcmdvdHRlbiB0byB0aHJvdwphd2F5IHRoZWlyIHRyYXNoLi4u,,,,,Wz8/XQpIdW0/IFF1ZW0gZGlhYm9zCnRyb3V4ZSBlc3NhIGpvaWEgYmFyYXRhPwpBbGd1w6ltIGRldmUgdGVyCnNlIGVzcXVlY2lkbyBkZSBqb2dhcgpmb3JhIG8gbGl4by4uLg==,,W8K/wr8/P10Kwr9NbT8gwr9RdWnDqW4gZGlhYmxvcwp0cmFqbyBlc3RhIGpveWVyw61hCmJhcmF0YT8gRGViZW4gaGFiZXJzZQpvbHZpZGFkbyBkZSB0aXJhcmxhCmEgbGEgYmFzdXJh4oCm
cybX,,Wz8/Pz9dClllYWgsIGl0J3MganVzdCBhCmNoZWFwIHRyaW5rZXQuIFRoYXQKcGVuZGFudCBpc24ndCBldmVuCndvcnRoIHBpY2tpbmcgdXAu,,,,,Wz8/Pz9dClNpbSwgw6kgYXBlbmFzIHVtYQpidWdpZ2FuZ2EgYmFyYXRhLiBFc3NlCnBpbmdlbnRlIG7Do28gdmFsZQphIHBlbmEgcGVnYXIu,,W8K/wr/Cvz8/P10KU8OtLCBubyBlcyBtw6FzCnF1ZSB1bmEgYmFyYXRpamEuIEVzZQpDb2xnYW50ZSBubyB2YWxlCm5pIGVsIGVzZnVlcnpvIGRlIHJlY29nZXJsby4=
dCbX,,XjMxMzFGRllvdSBwaWNrIHVwIGFuIG9sZApwZW5kYW50IGZyb20gdGhlIGdyb3VuZC4KTm8gbWF0dGVyIGhvdyBoYXJkIHlvdSB0cnksCnlvdSBjYW4ndCBvcGVuIGl0cyBjbGFzcCB0byBzZWUKd2hhdCB0aGlzIHBlbmRhbnQgY29udGFpbnMuXjAwMDAwMA==,,,,,XjMxMzFGRlZvY8OqIHBlZ2EgdW0gYW50aWdvCnBpbmdlbnRlIGRvIGNow6NvLgpOw6NvIGltcG9ydGEgbyBxdWFudG8gdGVudGUsCnZvY8OqIG7Do28gY29uc2VndWUgYWJyaXIgbyBmZWNobyBwYXJhIHZlcgpvIHF1ZSBlbGUgY29udMOpbS5eMDAwMDAw,,Xjk5MDAwMFJlY29nZXMgdW4gdmllam8KQ29sZ2FudGUgZGVsIHN1ZWxvLgpQb3IgbXVjaG8gcXVlIGxvIGludGVudGFzLApubyBwdWVkZXMgYWJyaXIgZWwgY29tcGFydGltaWVudG8KcGFyYSB2ZXIgcXXDqSBoYXkgZGVudHJvLl4wMDAwMDA=
dSbX,,W1BlY28gUGVjb10KWW91J3JlIGEgZm9vbCEKWW91J3JlIGEgZm9vbCEKWW91J3JlIGEgZm9vbCE=,,,,,W1BlY28gUGVjb10KSWRpb3RhIQpJZGlvdGEhCklkaW90YSE=,,W1BlY28gUGVjb10KwqFFcmVzIHVuIHRvbnRvIQrCoUVyZXMgdW4gdG9udG8hCsKhRXJlcyB1biB0b250byE=
dibX,,RWxkZXI=,,,,,QW5jacOj,,RWxkZXI=
dybX,,W0VsZGVyXQpObyB3b25kZXIgeW91IGxvb2sKc28gd2VhcnkuIENvbWUsIGxldAptZSBoZWxwIHJlbGlldmUgeW91Cm9mIHRoZSBidXJkZW4gdGhhdAp5b3UgYXJlIGNhcnJ5aW5nLg==,,,,,W0FuY2nDo10KTsOjbyDDqSBkZSBhZG1pcmFyIHF1ZSB2b2PDqiBlc3TDoQpuZXNzYSBleGF1c3TDo28uIFZlbmhhLCBkZWl4ZS1tZQp0ZSBhanVkYXIgYSBzZSBsaXZyYXIKZG8gZmFyZG8KcXVlIGVzdMOhIGNhcnJlZ2FuZG8u,,W0FuY2lhbmFdCk5vIG1lIGV4dHJhw7FhIGVsIGNhbnNhbmNpbwpxdWUgdGllbmVzIGVuY2ltYS4gVmVuLCBkw6lqYW1lCmF5dWRhcnRlIGEgYWxpdmlhcgplc2EgZW5vcm1lCmNhcmdhLg==
eCbX,,VW0sIGJ1cmRlbi4uLj8=,,,,,SMOjLCBmYXJkby4uLj8=,,VW0sIMK/Y2FyZ2HigKY/
eSbX,,Q3Jhenkgb2xkIHdvbWFuIQ==,,,,,VmVsaGEgbG91Y2Eh,,wqFWaWVqYSBsb2NhIQ==
eibX,,W0VsZGVyXQpBaCB5ZXMsIHRoZXkgbWF5IG5vdApiZSBhcHBhcmVudCB0byB5b3UsIGJ1dApteSBleWVzIGNhbiBjbGVhcmx5IHNlZQp0aGVtLiBZZXMuIFlvdSdyZSBiZWluZwpmb2xsb3dlZCBieSB0aG9zZSB0aGluZ3Mu,,,,,W0FuY2nDo10KQWgsIHNpbSwgZWxhcyBwb2RlbSBuw6Nvc2VyIGFwYXJlbnRlcyBwYXJhIHZvY8OqLCBtYXMKbWV1cyBvbGhvcyBwb2RlbSB2w6otbGFzIGNsYXJhbWVudGUuU2ltLiBBcXVlbGFzIGNvaXNhcyBlc3TDo28KdGUgc2VndWluZG8u,,W0FuY2lhbmFdCkFoIHPDrSwgcHVlZGUgcXVlIG5vCnNlYSBldmlkZW50ZSBwYXJhIHRpLCBwZXJvCm1pcyBvam9zIGxvIHBlcmNpYmVuIGNvbgpjbGFyaWRhZC4gU8OtLiBUZSBlc3TDoW4Kc2lndWllbmRvIGVzYXMgY29zYXMu
eybX,,VGhpbmdzPw==,,,,,Q29pc2FzPw==,,wr9Db3Nhcz8=
fCbX,,W0VsZGVyXQpZZXMuIFRoZSBiZXN0IHdheSBJIGNhbgpkZXNjcmliZSB0aGVtIGlzIGFzIGV2aWwKdGhvdWdodHMgbGVmdCBpbiB0aGUgd29ybGQKd2hlbiBzb21lb25lIGRpZXMgaW4Kc3VjaCBhIHdheSB0aGF0IGhpcyBncnVkZ2UKc3Vydml2ZXMgdG8gbWVuYWNlIHRoZSBsaXZpbmcu,,,,,W0FuY2nDo10KU2ltLiBBIG1lbGhvciBtYW5laXJhIHF1ZSBwb3NzbwpkZXNjcmV2w6otbGFzIMOpIGNvbW8KcGVuc2FtZW50b3MgcnVpbnMgZGVpeGFkb3Mgbm8gbXVuZG8KcXVhbmRvIGFsZ3XDqW0gbW9ycmUgZGUKZm9ybWEgcXVlIHNldSByYW5jb3IKc29icmV2aXZlIHBhcmEgYW1lYcOnYXIgb3Mgdml2b3Mu,,W0FuY2lhbmFdClPDrS4gTGEgbWVqb3IgZm9ybWEgZGUKZGVzY3JpYmlybG8gZXMgcXVlIHNvbiBtYWxvcwpwZW5zYW1pZW50b3MgcXVlIHNlIHF1ZWRhbgplbiBlc3RlIHBsYW5vIGN1YW5kbyBhbGd1aWVuIG11ZXJlCmRlIHVuYSBmb3JtYSB0YWwgcXVlIHN1IHJlbmNvcgpzb2JyZXZpdmUgcGFyYSBhbWVuYXphciBhIGxvcyB2aXZvcy4=
fSbX,,W0VsZGVyXQpTb21ldGltZXMsIHRoZXNlIGxpbmdlcmluZwp0aG91Z2h0cyBhcmUgY3JlYXRlZCB3aGVuCnNvbWVvbmUgaXMgYnJva2VuIGhlYXJ0ZWQKb3IgY2xpbmdzIHRvIHRoaXMgcGxhbmUgZm9yIHRoZQpzYWtlIG9mIGEgbG92ZWQgb25lLiBZZXMsIHRob3NlCnRob3VnaHRzIGFyZSBmb2xsb3dpbmcgeW91Lg==,,,,,W0FuY2nDo10Kw4BzIHZlemVzLCBlc3NlcyBwZW5zYW1lbnRvcyBwZXJzaXN0ZW50ZXMKc8OjbyBjcmlhZG9zIHF1YW5kbwphbGd1w6ltIGVzdMOhIGNvbSBvIGNvcmHDp8OjbyBwYXJ0aWRvCm91IHNlIGFwZWdhIGEgZXNzZSBwbGFubwpwb3IgY2F1c2EgZGUgdW0gZW50ZSBxdWVyaWRvLiBTaW0sIGVzc2VzCnBlbnNhbWVudG9zIGVzdMOjbyBzZWd1aW5kbyB2b2PDqi4=,,W0FuY2lhbmFdCkEgdmVjZXMsIGVzdG9zIHBlbnNhbWllbnRvcwpwZXJzaXN0ZW50ZXMgc2UgY3JlYW4gY3VhbmRvCmFsZ3VpZW4gdGllbmUgZWwgY29yYXrDs24gcm90bwpvIHNlIGFmZXJyYSBhIGVzdGUgcGxhbm8KcG9yIGVsIGJpZW4gZGUgdW4gc2VyIHF1ZXJpZG8uIFPDrSwgZXNvcyBwZW5zYW1pZW50b3MKc29uIGxvcyBxdWUgdGUgcGVyc2lndWVuLg==
fibX,,W0VsZGVyXQpJIGRvbid0IGtub3cgd2h5IHRoZXkKYXJlIGZvbGxvd2luZyB5b3UsIGJ1dCBJJ20KY2VydGFpbiB0aGV5J3JlIHRoZXJlLiBIYXZlCnlvdSBiZWVuIGV4cGVyaWVuY2luZyBjaGlsbHMKZG93biB5b3VyIHNwaW5lLCBjb2xkIHN3ZWF0cywKbWF5YmUgZXZlbiBoZWFyaW5nIHZvaWNlcz8=,,,,,W0FuY2nDo10KTsOjbyBzZWkgcG9yIHF1ZSBlbGVzCmVzdMOjbyBmYXplbmRvIGlzc28sIG1hcwp0ZW5obyBjZXJ0ZXphIGRlIHF1ZSBlc3TDo28gYcOtLgpWb2PDqiBlc3TDoSBzZW50aW5kbyBjYWxhZnJpb3MKbmEgZXNwaW5oYSwgc3VhbmRvIGZyaW8sCnRhbHZleiBhdMOpIG1lc21vIG91dmluZG8gdm96ZXM/,,W0FuY2lhbmFdCk5vIHPDqSBwb3IgcXXDqSB0ZSBlc3TDoW4KYnVzY2FuZG8gYSB0aSwgcGVybyBlc3RveQpzZWd1cmEgZGUgcXVlIGFow60gZXN0w6FuLiDCv0hhcyBlc3RhZG8Kc2ludGllbmRvIGVzY2Fsb2Zyw61vcwplbiBsYSBlc3BhbGRhLCBzdWRvciBmcsOtbywKdGFsIHZleiBoYXN0YSBvw61zdGUgdm9jZXM/
fybX,,WWVzISBIb3cgZG8gSSBnZXQgcmlkIG9mIHRoZW0/,,,,,U2ltISBDb21vIGZhw6dvIHBhcmEgbWUgbGl2cmFyIGRlbGVzPw==,,wqFTw60hIMK/Q8OzbW8gbWUgZGVzaGFnbyBkZSBlbGxhcz8=
gCbX,,W0VsZGVyXQpXZWxsLCB1c3VhbGx5IHRoZXNlIGxpbmdlcmluZwp0aG91Z2h0cyBoYXZlIHNvbWUgc29ydCBvZgpwaHlzaWNhbCBhbmNob3IsIGFuIG9iamVjdAp0aGF0IGhhcyBmZWVsaW5ncyBhdHRhY2hlZAp0byBpdCwgc29tZXRoaW5nIGltcG9ydGFudAp0byBpdHMgbGF0ZSBvd25lci4=,,,,,W0FuY2nDo10KQm9tLCBnZXJhbG1lbnRlIGVzc2VzIHBlbnNhbWVudG9zIHBlcnNpc3RlbnRlcwp0w6ptIGFsZ3VtIHRpcG8gZGUKw6JuY29yYSBmw61zaWNhLCB1bSBvYmpldG8KcXVlIHRlbmhhIHNlbnRpbWVudG9zIGxpZ2Fkb3MKYSBlbGUsIGFsZ28gaW1wb3J0YW50ZQpwYXJhIHNldSBmYWxlY2lkbyBkb25vLg==,,W0FuY2lhbmFdCkJ1ZW5vLCBwb3IgbG8gZ2VuZXJhbCBlc29zIHBlbnNhbWllbnRvcwpwZXJzaXN0ZW50ZXMgdGllbmVuIGFsZ8O6biB0aXBvIGRlCmFuY2xhIGbDrXNpY2EsIHVuIG9iamV0bwpjb24gc2VudGltaWVudG9zIGxpZ2Fkb3MgYSDDqWwsCmFsZ28gaW1wb3J0YW50ZSBwYXJhCnN1IGRpZnVudG8gcHJvcGlldGFyaW8u
gSbX,,W0VsZGVyXQpUaGUgcmFnZSB0aGV5J3JlIGRpcmVjdGluZwphdCB5b3Ugc2VlbXMgdG8gYmUgZ3Jvd2luZwphbmQgSSBjYW4gc2VlIHRoZSBhbmdyeSBzcGlyaXRzCnB1bGxpbmcgYXQgdGhlIGhlbXMgb2YgeW91cgpjbG90aGVzLiBUZWxsIG1lLCBoYXZlIHlvdQp3cm9uZ2VkIGFueW9uZSByZWNlbnRseT8h,,,,,W0FuY2nDo10KQSByYWl2YSBxdWUgZWxlcyBlc3TDo28gZGlyZWNpb25hbmRvCmEgdm9jw6ogcGFyZWNlIGVzdGFyIGNyZXNjZW5kbwplIHBvc3NvIHZlciBvcyBlc3DDrXJpdG9zIGZ1cmlvc29zCnB1eGFuZG8gYXMgYmFpbmhhcyBkZSBzdWFzCnJvdXBhcy4gRGlnYS1tZSwgdm9jw6oKZmV6IG1hbCBhIGFsZ3XDqW0gcmVjZW50ZW1lbnRlPyE=,,W0FuY2lhbmFdCkxhIGlyYSBxdWUgZGlyaWdlbgpoYWNpYSB0aSBwYXJlY2UgZXN0YXIgY3JlY2llbmRvCnkgcHVlZG8gdmVyIGVzcMOtcml0dXMgZnVyaW9zb3MKdGlyYW5kbyBkZSBsb3MgZG9ibGFkaWxsb3MgZGUgdHUKcm9wYS4gRGltZSwgwqHCv2hhcwphZ3JhdmlhZG8gYSBhbGd1aWVuIGhhY2UgcG9jbz8h
gibX,,SSBkb24ndC4uLiB0aGluayBzby4=,,,,,RXUuLi4gYWNobyBxdWUgbsOjby4=,,Tm/igKYgbm8gbG8gY3Jlby4=
gybX,,SSBjYW4ndCByZW1lbWJlciBldmVyeSBiYWQgdGhpbmcgSSd2ZSBkb25lIQ==,,,,,TsOjbyBjb25zaWdvIG1lIGxlbWJyYXIgZGUgdG9kYXMgYXMgY29pc2FzIHJ1aW5zIHF1ZSBmaXoh,,wqFObyBwdWVkbyBhY29yZGFybWUgZGUgdG9kYXMgbGFzIGNvc2FzIG1hbGFzIHF1ZSBoYWdvIQ==
hCbX,,W0VsZGVyXQpXZWxsLCB5b3UgYmV0dGVyIGRvCnNvbWV0aGluZyBzb29uLCBiZWZvcmUKdGhlIGV2aWwgdGFpbnRzIHlvdXIgbWluZAphbmQgZHJpdmVzIHlvdSB0byBpbnNhbml0eSEKTm93LCBJIG5lZWQgdG8ga25vdyBmb3Igc3VyZQppZiB5b3UndmUgYmVlbiBoZWFyaW5nIHZvaWNlcy4=,,,,,W0FuY2nDo10KQm9tLCDDqSBtZWxob3Igdm9jw6ogZmF6ZXIKYWxnbyBsb2dvLCBhbnRlcwpxdWUgbyBtYWwgY29udGFtaW5lIHN1YSBtZW50ZQplIHRlIGVubG91cXVlw6dhIQpBZ29yYSwgcHJlY2lzbyBzYWJlciBjb20gY2VydGV6YQpzZSB2b2PDqiBlc3TDoSBvdXZpbmRvIHZvemVzLg==,,W0FuY2lhbmFdCkJ1ZW5vLCBzZXLDoSBtZWpvciBxdWUgaGFnYXMKYWxnbyBwcm9udG8sIMKhYW50ZXMgZGUgcXVlCmVsIG1hbCB0ZSBjb250YW1pbmUgbGEgbWVudGUKeSB0ZSBsbGV2ZSBhIGxhIGxvY3VyYSEKQWhvcmEsIG5lY2VzaXRvIGVzdGFyIHNlZ3VyYQpkZSBxdWUgaGFzIGVzdGFkbyBlc2N1Y2hhbmRvIHZvY2VzLg==
hSbX,,WS15ZXMsIEkgaGF2ZS4=,,,,,U2ltLCBldSBvdcOnby4=,,Uy1zw60sIGxhcyBlc2N1Y2jDqS4=
hibX,,W0VsZGVyXQpUaGVyZSdzIHN0aWxsIGhvcGUuClRoZSBzcGlyaXRzIGFyZSB0cnlpbmcKdG8gcmVhY2ggeW91IGZvciBub3csIGJ1dAppZiB5b3Ugd2FpdCB0b28gbG9uZywgeW91IG1heQpiZWNvbWUgYSB2aWN0aW0gb2YgdGhlaXIgd3JhdGguCkh1cnJ5LCB0aGVyZSBpcyBtdWNoIHRvIGRvIQ==,,,,,W0FuY2nDo10KQWluZGEgaMOhIGVzcGVyYW7Dp2EuCk9zIGVzcMOtcml0b3MgZXN0w6NvIHRlbnRhbmRvCmVudHJhciBlbSBjb250YXRvIGNvbSB2b2PDqiBwb3IgZW5xdWFudG8sIG1hcwpzZSB2b2PDqiBlc3BlcmFyIGRlbWFpcywgcG9kZXLDoQpzZSB0b3JuYXIgdW1hIHbDrXRpbWEgZGEgaXJhIGRlbGVzLgpBcHJlc3NlLXNlLCBow6EgbXVpdG8gbyBxdWUgZmF6ZXIh,,W0FuY2lhbmFdClRvZGF2w61hIGhheSBlc3BlcmFuemEuClBvciBhaG9yYSwgbG9zIGVzcMOtcml0dXMgZXN0w6FuCmludGVudGFuZG8gY29tdW5pY2Fyc2UgY29udGlnbywgcGVybwpzaSBlc3BlcmFzIGRlbWFzaWFkbywgcHVlZGVzCmNvbnZlcnRpcnRlIGVuIHbDrWN0aW1hIGRlIHN1IGlyYS4KRGF0ZSBwcmlzYSwgwqFxdWVkYSBtdWNobyBwb3IgaGFjZXIh
hybX,,W0VsZGVyXQpZb3UgbXVzdCBhcHBlYXNlIHRoZXNlCmZvcmNlcyBieSBmaW5kaW5nIG91dCB3aGF0CmhhcHBlbmVkIHRvIHRoZW0gaW4gbGlmZS4KTm93LCBJIGRvbid0IHBvc3Nlc3MgZ3JlYXQKcG93ZXIsIGJ1dCBJIGNhbiBlbmNvdXJhZ2UKdGhlIHNwaXJpdHMgdG8gZ3VpZGUgeW91Lg==,,,,,W0FuY2nDo10KVm9jw6ogZGV2ZSBhcGF6aWd1YXIgZXNzYXMKZm9yw6dhcyBkZXNjb2JyaW5kbyBvIHF1ZQphY29udGVjZXUgYSBlbGFzIGVtIHZpZGEuCk9saGEsIGV1IG7Do28gcG9zc3VvIGdyYW5kZQpwb2RlciwgbWFzIHBvc3NvIGluY2VudGl2YXIKb3MgZXNww61yaXRvcyBhIHRlIGd1aWFyZW0u,,W0FuY2lhbmFdCkRlYmVzIGNhbG1hciBlc2FzIGZ1ZXJ6YXMKYXZlcmlndWFuZG8gcXXDqSAKbGVzIG9jdXJyacOzIGVuIHZpZGEuCkF1bnF1ZSBubyBwb3NlbyB1biBncmFuCnBvZGVyLCBwdWVkbyBjb252ZW5jZXIKYSBsb3MgZXNww61yaXR1cyBkZSBxdWUgdGUgZ3XDrWVuLg==
iCbX,,W0VsZGVyXQpJIGNhbiBvbmx5IGhhdmUgdGhlIHNwaXJpdHMKcmV2ZWFsIHRoZSBwbGFjZXMgdGhleSB3aXNoCmZvciB5b3UgdG8gc2VhcmNoIG9ubHkgb25jZS4KWW91IG11c3QgcmVtZW1iZXIgdGhlCmxvY2F0aW9ucyB0aGF0IEkgYW0gYWJvdXQKdG8gc2hvdyB5b3UuIEdldCByZWFkeS4uLg==,,,,,W0FuY2nDo10KU8OzIHBvc3NvIGZhemVyIGNvbSBxdWUgb3MgZXNww61yaXRvcwpyZXZlbGVtIG9zIGx1Z2FyZXMgcXVlIGRlc2VqYW0KcGFyYSB2b2PDqiBwZXNxdWlzYXIgYXBlbmFzIHVtYSB2ZXouClZvY8OqIGRldmUgc2UgbGVtYnJhciBkb3MKbG9jYWlzIHF1ZSBlc3RvdSBwcmVzdGVzIGEgdGUKbW9zdHJhci4gUHJlcGFyZS1zZS4uLg==,,W0FuY2lhbmFdClNvbG8gcHVlZG8gcmV2ZWxhciBsb3MgbHVnYXJlcwpxdWUgbG9zIGVzcMOtcml0dXMgZGVzZWFuCnF1ZSB2aXNpdGVzIHVuYSDDum5pY2EgdmV6LgpEZWJlcyByZWNvcmRhciBsb3MKbHVnYXJlcyBxdWUgZXN0b3kgYSBwdW50bwpkZSBtb3N0cmFydGUuIFByZXDDoXJhdGXigKY=
iSbX,,W0VsZGVyXQpZYWFhYWFwcHAgLS0tIQ==,,,,,W0FuY2nDo10KWWFhYWFhcHBwLi4uIQ==,,W0FuY2lhbmFdCsKhSWFhYWFhcOKApiE=
iibX,,W0VsZGVyXQpUaGVyZSEgVGhlIGxvY2F0aW9ucwp5b3UgbXVzdCBzZWFyY2ggc2hvdWxkCmJlIGNsZWFyIHRvIHlvdSBub3chIERvbid0CmZvcmdldCB0aGVzZSBwbGFjZW1hcmtzIQ==,,,,,W0FuY2nDo10KUHJvbnRvISBPcyBsb2NhaXMKcXVlIHZvY8OqIGRldmUgcHJvY3VyYXIgZGV2ZW0KZXN0YXIgY2xhcm9zIHBhcmEgdm9jw6ogYWdvcmEhIE7Do28gc2UKZXNxdWXDp2EgZG9zIG1hcmNhZG9yZXMgZGUgcG9zacOnw6NvIQ==,,W0FuY2lhbmFdCsKhTGlzdG8hIENvbiBlc28gZGViZXLDrWFzCnRlbmVyIGNsYXJvIHF1w6kgbHVnYXJlcwpidXNjYXIuIMKhTm8Kb2x2aWRlcyBsYXMgbWFyY2FzIGRlIHBvc2ljacOzbiE=
iybX,,W0VsZGVyXQpHb29kIGx1Y2ssIHlvdW5nc3Rlci4KSSBob3BlIHlvdSBjYW4gYXBwZWFzZQp0aGUgd3JhdGggb2YgdGhlc2Ugc3Bpcml0cy4uLgpCdXQgYXMgbG9uZyBhcyB5b3UgbGV0IHRoZW1eRkZGRkZGICAgICAgIF4wMDAwMDAgZ3VpZGUgeW91LCB5b3Ugb3VnaHQgdG8gYmUgc2FmZS4=,,,,,W0FuY2nDo10KQm9hIHNvcnRlLCBqb3ZlbS4KRXNwZXJvIHF1ZSB2b2PDqiBjb25zaWdhIGFwYXppZ3VhcgphIGlyYSBkZXNzZXMgZXNww61yaXRvcy4uLgpNYXMsIGVucXVhbnRvIHZvY8OqIGRlaXjDoS1sb3MgdGVeRkZGRkZGICAgICAgIF4wMDAwMDAgZ3VpYXJlbSwgdm9jw6ogZGV2ZSBmaWNhciBhIHNhbHZvLg==,,W0FuY2lhbmFdCkJ1ZW5hIHN1ZXJ0ZSwgam92ZW4uCkVzcGVybyBxdWUgbG9ncmVzIGFwYWNpZ3VhcgpsYSBpcmEgZGUgZXNvcyBlc3DDrXJpdHVz4oCmClBlcm8gbWllbnRyYXMgZGVqZXNeRkZGRkZGIF4wMDAwMDBxdWUgdGUgZ3XDrWVuLCBlc3RhcsOhcyBhIHNhbHZvLg==
jCbX,,W0VsZGVyXQpDcmF6eS4uLj8gSG0sIHlvdSBtdXN0Cm5vdCBxdWl0ZSB1bmRlcnN0YW5kIHdoYXQncwpoYXBwZW5pbmcgdG8geW91LiBQbGVhc2UgZG8Kbm90IGhlc2l0YXRlIHRvIGNvbWUgYmFjayB0bwptZSB3aGVuIHlvdSByZWFsaXplIHRoYXQgeW91Cm5lZWQgbXkgaGVscCwgeW91bmdzdGVyLg==,,,,,W0FuY2nDo10KTG91Y2EuLi4/IEh1bSwgdm9jw6oKbsOjbyBkZXZlIGVudGVuZGVyIG11aXRvIGJlbSBvIHF1ZSBlc3TDoQphY29udGVjZW5kbyBjb250aWdvLiBQb3IgZmF2b3IsCm7Do28gaGVzaXRlIGVtIG1lIHByb2N1cmFyCnF1YW5kbyBwZXJjZWJlciBxdWUgcHJlY2lzYWRhIG1pbmhhIGFqdWRhLCBqb3ZlbS4=,,W0FuY2lhbmFdCsK/TG9jYeKApj8gSG0sIG5vIGRlYmVzCmVudGVuZGVyIG11eSBiaWVuIGxvIHF1ZQp0ZSBzdWNlZGUuIEN1YW5kbyB0ZSBkZXMKY3VlbnRhIGRlIGN1w6FudG8gbmVjZXNpdGFzCm1pIGF5dWRhLCBubyBkdWRlcyBlbiB2b2x2ZXIKYSB2aXNpdGFybWUsIGpvdmVuLg==
jSbX,,W0VsZGVyXQpJJ20gc29ycnksIGJ1dCB0aGVyZSdzCm5vdGhpbmcgbW9yZSBJIGNhbiBkbyBmb3IKeW91IHJpZ2h0IG5vdy4gQnV0IGlmIHlvdQpmaW5kIGFueXRoaW5nIHJlbGF0ZWQgdG8gdGhlCnNwaXJpdHMgdGhhdCB0b3JtZW50IHlvdSwKcGxlYXNlIGxldCBtZSBrbm93Lg==,,,,,W0FuY2nDo10KU2ludG8gbXVpdG8sIG1hcyBuw6NvIGjDoQptYWlzIG5hZGEgcXVlIGV1IHBvc3NhIGZhemVyIHBvcgp2b2PDqiBuZXN0ZSBtb21lbnRvLiBNYXMgc2Ugdm9jw6oKZW5jb250cmFyIGFsZ28gcmVsYWNpb25hZG8gYW9zCmVzcMOtcml0b3MgcXVlIHRlIGF0b3JtZW50YW0sCnBvciBmYXZvciwgbWUgYXZpc2Uu,,W0FuY2lhbmFdCkxvIHNpZW50bywgcGVybyBubyBoYXkKbmFkYSBtw6FzIHF1ZSBwdWVkYSBoYWNlcgpwb3IgdGkgYWhvcmEuIFBlcm8sIHNpIGF2ZXJpZ3VhcwphbGdvIHJlbGFjaW9uYWRvIGNvbiBsb3MKZXNww61yaXR1cyBxdWUgdGUgYXRvcm1lbnRhbiwKcG9yIGZhdm9yLCBhdsOtc2FtZS4=
jibX,,W0VsZGVyXQpHcmVldGluZ3MsIGFkdmVudHVyZXIuCkhvdyBnb2VzIHlvdXIgc2VhcmNoIGZvcgp0aGUgcmVtYWlucyBvZiB0aGUgc3Bpcml0cwp0aGF0IHN0aWxsIGNsaW5nIHRvIHRoaXMgcGxhbmU/,,,,,W0FuY2nDo10KU2F1ZGHDp8O1ZXMsIHZpYWphbnRlLgpDb21vIHZhaSBzdWEgYnVzY2EgcGVsb3MKb3V0cm9zIGVzcMOtcml0b3MKcXVlIGFpbmRhIHNlIGFwZWdhbSBhIGVzdGUgcGxhbm8/,,W0FuY2lhbmFdClNhbHVkb3MsIHRyb3RhbXVuZG9zLgrCv0PDs21vIHZhIHR1IGLDunNxdWVkYSBkZQpyZW1hbmVudGVzIGRlIGxvcyBlc3DDrXJpdHVzCnF1ZSBhw7puIHNlIGFmZXJyYW4gYSBlc3RlIHBsYW5vPw==
jybX,,U2hvdyBoaW0gdGhlIFBlbmRhbnQu,,,,,TW9zdHJhciBvIFBpbmdlbnRlLg==,,TW9zdHJhcmxlIGVsIENvbGdhbnRlLg==
kCbX,,Q2FuY2Vs,,,,,Q2FuY2VsYXI=,,Q2FuY2VsYXIu
kSbX,,W0VsZGVyXQpPaCBteS4uLiBUaGVyZSBhcmUgc29tZQppbmNyZWRpYmx5IHBvd2VyZnVsIGVtb3Rpb25zCmNsaW5naW5nIHRvIHRoaXMgcGVuZGFudC4gSWYgd2UKZG9uJ3QgZG8gYW55dGhpbmcgYWJvdXQgdGhpcywKeW91J2xsIGJlIGN1cnNlZCB2ZXJ5IHNvb24uClRoaXMgaXMgd2hhdCB5b3UgbXVzdCBkby4=,,,,,W0FuY2nDo10KQWksIG1pbmhhIG5vc3NhLi4uIEV4aXN0ZW0gYWxndW1hcwplbW/Dp8O1ZXMgaW5jcml2ZWxtZW50ZSBwb2Rlcm9zYXMKYWdhcnJhZGFzIGEgZXNzZSBQaW5nZW50ZS4gU2UKbsOjbyBmaXplcm1vcyBuYWRhIGEgcmVzcGVpdG8sCnVtYSBtYWxkacOnw6NvIHZhaSBzZSBhYmF0ZXIgc29icmUgdm9jw6ogbXVpdG8gZW0gYnJldmUuCsOJIGlzc28gcXVlIHZvY8OqIGRldmUgZmF6ZXIu,,W0FuY2lhbmFdClZheWHigKYgSGF5IGVtb2Npb25lcwppbmNyZcOtYmxlbWVudGUgcG9kZXJvc2FzCmFmZXJyYWRhcyBhIGVzdGUgQ29sZ2FudGUuIFNpCm5vIGhhY2Vtb3MgYWxnbyBhbCByZXNwZWN0bywKcHJvbnRvIHN1ZnJpcsOhcyB1bmEgbWFsZGljacOzbi4KRXN0byBlcyBsbyBxdWUgZGViZXMgaGFjZXIu
kibX,,W0VsZGVyXQpIdXJyeSBhbmQgYnJpbmcKXjMxMzFGRjUgSG9seSBXYXRlcl4wMDAwMDAgYW5kCl4zMTMxRkYxIEJvdXF1ZXReMDAwMDAwLiBUaGUgSG9seSBXYXRlcgp3aWxsIHB1cmlmeSB0aGlzIFBlbmRhbnQgYW5kCnRoZSBCb3VxdWV0IHdpbGwgY29tZm9ydAp0aGUgc3Bpcml0IG9mIGl0cyBvd25lci4=,,,,,W0FuY2nDo10KQXByZXNzZS1zZSBlIHRyYWdhCl4zMTMxRkY1IMOBZ3VhcyBCZW50YXNeMDAwMDAwIGUKXjMxMzFGRjEgQnVxdcOqXjAwMDAwMC4gQSDDgWd1YSBCZW50YQp2YWkgcHVyaWZpY2FyIGVzdGUgUGluZ2VudGUgZQpvIEJ1cXXDqiB2YWkgY29uc29sYXIKbyBlc3DDrXJpdG8gZGUgc2V1IGRvbm8u,,W0FuY2lhbmFdCkRhdGUgcHJpc2EgeSB0cmFlCl45OTAwMDA1IHVuaWRhZGVzIGRlIEFndWEgYmVuZGl0YV4wMDAwMDAgeQpeOTkwMDAwMSBSYW1vXjAwMDAwMC4gRWwgQWd1YSBiZW5kaXRhCnB1cmlmaWNhcsOhIGVzdGUgQ29sZ2FudGUKeSBlbCBSYW1vIHJlY29uZm9ydGFyw6EgCmVsIGVzcMOtcml0dSBkZSBzdSBkdWXDsW8u
kybX,,W0VsZGVyXQpZb3UgZG9uJ3QgaGF2ZSBtdWNoCnRpbWUsIHNvIHJldHVybiB0byBtZQphcyBzb29uIGFzIHBvc3NpYmxlIQpJdCB3b24ndCBiZSBsb25nIHVudGlsCnRoZSBzcGlyaXRzIGFyZSBjb25zdW1lZApieSB0aGVpciBzdXBlcm5hdHVyYWwgcmFnZS4uLg==,,,,,W0FuY2nDo10KVm9jw6ogbsOjbyB0ZW0gbXVpdG8KdGVtcG8sIGVudMOjbyB2b2x0ZSBwYXJhIG1pbQpvIG1haXMgcsOhcGlkbyBwb3Nzw612ZWwhCk7Do28gdmFpIGRlbW9yYXIgbXVpdG8gYXTDqSBxdWUKb3MgZXNww61yaXRvcyBzZWphbSBjb25zdW1pZG9zCnBvciBzdWEgZsO6cmlhIHNvYnJlbmF0dXJhbC4uLg==,,W0FuY2lhbmFdCk5vIHRpZW5lcyBtdWNobwp0aWVtcG8sIGFzw60gcXVlIHZ1ZWx2ZSBjb25taWdvCmxvIGFudGVzIHBvc2libGUuCkxhIGZ1cmlhIHNvYnJlbmF0dXJhbCBkZSBsb3MKZXNww61yaXR1cyBwdWVkZSBjb25zdW1pcmxvcwplbiBjdWFscXVpZXIgbW9tZW50b+KApg==
lCbX,,W0VsZGVyXQpXYWl0Li4uCldoeSBkbyBJIHNlbnNlCnRoYXQgeW91J3ZlIGZvdW5kCnNvbWV0aGluZywgYnV0IGhhdmUKbm90IGJyb3VnaHQgaXQgd2l0aCB5b3U/CllvdSBtdXN0IHJldHJhY2UgeW91ciBzdGVwcyE=,,,,,W0FuY2nDo10KRXNwZXJlLi4uClBvciBxdWUgZXN0b3Ugc2VudGluZG8KcXVlIHZvY8OqIGVuY29udHJvdQphbGdvLCBtYXMgbsOjbwpvIHRyb3V4ZSBjb20gdm9jw6o/ClZvY8OqIHByZWNpc2EgcmVmYXplciBzZXVzIHBhc3NvcyE=,,W0FuY2lhbmFdCkVzcGVyZeKApgrCv1BvciBxdcOpIHNpZW50bwpxdWUgZW5jb250cmFzdGUKYWxnbywgcGVybyBubwpsbyB0cmFqaXN0ZSBjb250aWdvPwrCoVZ1ZWx2ZSBzb2JyZSB0dXMgcGFzb3Mh
lSbX,,W0VsZGVyXQpHb29kLCBnb29kLgpBbGwgaXMgaW4gcmVhZGluZXNzLgpQbGVhc2UgYmUgc2lsZW50IGFzCkkgZm9jdXMgbXkgc3Bpcml0IGZvciB0aGUKZ3JlYXQgdGFzayBiZWZvcmUgbWUu,,,,,W0FuY2nDo10Kw5N0aW1vLCDDs3RpbW8uClR1ZG8gZXN0w6EgcHJvbnRvLgpQb3IgZmF2b3IsIGZhw6dhIHNpbMOqbmNpbyBlbnF1YW50bwpjb25jZW50cm8gbWV1IGVzcMOtcml0byBwYXJhIGEKZ3JhbmRlIHRhcmVmYSBxdWUgdGVuaG8gcGVsYSBmcmVudGUu,,W0FuY2lhbmFdCkJpZW4sIGJpZW4uClRvZG8gZXN0w6EgbGlzdG8uClBvciBmYXZvciwgZ3VhcmRhIHNpbGVuY2lvIG1pZW50cmFzCmVuZm9jbyBtaSBlc3DDrXJpdHUgcGFyYSBsYQpncmFuIHRhcmVhIHF1ZSBtZSBlc3BlcmEu
libX,,W0VsZGVyXQouLi4KLi4uLi4uCi4uLi4uLi4uLgpIb29vb29vby4uLg==,,,,,W0FuY2nDo10KLi4uCi4uLi4uLgouLi4uLi4uLi4KSG9vb29vb28uLi4=,,W0FuY2lhbmFdCuKApgouLi4uLi4KLi4uLi4uLi4uCkpvb29vb29v4oCm
lybX,,W0VsZGVyXQpZYWFhYWFwcCAtLS0h,,,,,W0FuY2nDo10KWWFhYWFhcHAuLi4h,,W0FuY2lhbmFdCsKhSWFhYWFhcHAgLS0tIQ==
mCbX,,W0VsZGVyXQpXaGV3ISBJJ3ZlIG1hbmFnZWQKdG8gbnVsbGlmeSB0aGlzIGN1cnNlIGZvciB5b3UuClRoYXQgc3RpbGwgZG9lc24ndCBjaGFuZ2UgdGhlCmZhY3QgdGhhdCB3aGF0IGhhcHBlbmVkIHRvIHRoaXMKcGVuZGFudCdzIG93bmVyIHdhcyB0cmFnaWMuLi4=,,,,,W0FuY2nDo10KVWZhISBDb25zZWd1aQphbnVsYXIgZXNzYSBtYWxkacOnw6NvIHBhcmEgdm9jw6ouCklzc28gYWluZGEgbsOjbyBtdWRhIG8gZmF0bwpkZSBxdWUgbyBxdWUgYWNvbnRlY2V1IGNvbSBvCmRvbm8gZG8gUGluZ2VudGUgZm9pIHRyw6FnaWNvLi4u,,W0FuY2lhbmFdCsKhRml1ISBMb2dyw6kgCmFudWxhcnRlIGxhIG1hbGRpY2nDs24uCkHDum4gYXPDrSwgZXN0byBubyBjb21wZW5zYQplbCB0csOhZ2ljbyBoZWNobyBxdWUgc3VmcmnDsyAKc3UgZHVlw7Fv4oCm
mSbX,,W0VsZGVyXQpXaHkgZG9uJ3QgeW91IGJyaW5nCnRoaXMgcGVuZGFudCB0byB0aGUgcGxhY2UKd2hlcmUgaXQgcmVhbGx5IGJlbG9uZ3M/CkknbSBzdXJlIHRoYXQgd291bGQgYnJpbmcKZ3JlYXQgY29tZm9ydCB0byBpdHMgb3duZXIu,,,,,W0FuY2nDo10KUG9yIHF1ZSB2b2PDqiBuw6NvIGxldmEKZXNzZSBQaW5nZW50ZSBwYXJhIG8gbHVnYXIKb25kZSBlbGUgcmVhbG1lbnRlIHBlcnRlbmNlPwpUZW5obyBjZXJ0ZXphIGRlIHF1ZSBpc3NvIHRyYXLDoQpncmFuZGUgY29uZm9ydG8gcGFyYSBzZXUgZG9uby4=,,W0FuY2lhbmFdCsK/UG9yIHF1w6kgbm8gbGxldmFzCmVsIENvbGdhbnRlIGFsIGx1Z2FyCmFsIHF1ZSBwZXJ0ZW5lY2U/CkVzdG95IHNlZ3VyYSBkZSBxdWUgc2Vyw61hCnVuIGdyYW4gY29uc3VlbG8gcGFyYSBzdSBkdWXDsW8u
mibX,,XjMzNTVGRlN1ZGRlbmx5LCB0aGUgY2xhc3Agb24KdGhlIHBlbmRhbnQgcG9wcyBvcGVuLApyZXZlYWxpbmcgYSBwaWN0dXJlIG9mIGEgaGFwcHkKY291cGxlLiBTb21laG93LCB0aGUgZ2lybCBpbgp0aGUgcGljdHVyZSwgc2l0dGluZyB1bmNvbWZvcnRhYmx5XkZGRkZGRl4zMzU1RkYgaW4gYW4gb2xkIGNoYWlyLCBsb29rcyBmYW1pbGlhci4uLl4wMDAwMDA=,,,,,XjMzNTVGRkRlIHJlcGVudGUsIG8gZmVjaG8gZG8gcGluZ2VudGUKc2UgYWJyZSwKcmV2ZWxhbmRvIGEgZm90byBkZSB1bSBjYXNhbCBmZWxpei5EZSBhbGd1bWEgZm9ybWEsIGEgZ2Fyb3RhCnNlbnRhZGEgZGVzY29uZm9ydGF2ZWxtZW50ZV5GRkZGRkZeMzM1NUZGIGVtIHVtYSBjYWRlaXJhIHZlbGhhIHBhcmVjZSBmYW1pbGlhci4uLl4wMDAwMDA=,,XjI1MDJGRERlIHJlcGVudGUsIGVsIGNvbXBhcnRpbWllbnRvCmRlbCBDb2xnYW50ZSBzZSBhYnJlCnkgcmV2ZWxhIGxhIGltYWdlbiBkZSB1bmEKcGFyZWphLiBEZSBhbGd1bmEgZm9ybWEsIGxhIGNoaWNhIGRlCmxhIGZvdG8sIHNlbnRhZGEgaW5jw7Ntb2RhbWVudGVeRkZGRkZGXjI1MDJGRCBlbiB1bmEgdmllamEgc2lsbGEsIHBhcmVjZSBmYW1pbGlhcuKApl4wMDAwMDA=
mybX,,W0VsZGVyXQpIdXJyeSBhbmQgYnJpbmcKXjMxMzFGRjUgSG9seSBXYXRlcl4wMDAwMDAgYW5kCl4zMTMxRkYxIEJvdXF1ZXReMDAwMDAwIGluIG9yZGVyCmZvciBtZSB0byBudWxsaWZ5IHRoaXMKY3Vyc2UuIERvIG5vdCBmb3JnZXQgdG8KYnJpbmcgdGhlIFBlbmRhbnQgYXMgd2VsbC4=,,,,,W0FuY2nDo10KQXByZXNzZS1zZSBlIHRyYWdhCl4zMTMxRkY1IMOBZ3VhcyBCZW50YXNeMDAwMDAwIGUKXjMxMzFGRjEgQnVxdcOqXjAwMDAwMCBwYXJhCnF1ZSBldSBhbnVsZSBlc3NhCm1hbGRpw6fDo28uIE7Do28gc2UgZXNxdWXDp2EgZGUKZGUgdHJhemVyIG8gUGluZ2VudGUgdGFtYsOpbS4=,,W0FuY2lhbmFdCkRhdGUgcHJpc2EgeSB0cmFlCl45OTAwMDA1IHVuaWRhZGVzIGRlIEFndWEgYmVuZGl0YV4wMDAwMDAgeQpeOTkwMDAwMSBSYW1vXjAwMDAwMCBwYXJhCnF1ZSBwdWVkYSBhbnVsYXIgZXN0YQptYWxkaWNpw7NuLiBObyBvbHZpZGVzCnRyYWVyIGVsIENvbGdhbnRlIHRhbWJpw6luLg==
nCbX,,W0VsZGVyXQpQcmVkYXRvcnMgYXJlIGFsd2F5cwpvbiB0aGUgbG9va291dCBmb3IgZWFzeQpwcmV5LiBCZSBjYXJlZnVsLCB5b3VuZ3N0ZXIhCllvdSBsb29rIGlubm9jZW50IGVub3VnaAp0byBiZWNvbWUgYSB2aWN0aW0gaW4gdGhlIGNpdHku,,,,,W0FuY2nDo10KT3MgcHJlZGFkb3JlcyBlc3TDo28gc2VtcHJlCsOgIHByb2N1cmEgZGUgcHJlc2FzIGbDoWNlaXMuClRlbmhhIGN1aWRhZG8sIGpvdmVtIQpWb2PDqiBwYXJlY2UgaW5vY2VudGUgbyBzdWZpY2llbnRlCnBhcmEgc2UgdG9ybmFyIHVtYSB2w610aW1hIG5hIGNpZGFkZS4=,,W0FuY2lhbmFdCkxvcyBkZXByZWRhZG9yZXMgZXN0w6FuIHNpZW1wcmUKYSBsYSBiw7pzcXVlZGEgZGUgdW5hIHByZXNhCmbDoWNpbC4gwqFUZW4gY3VpZGFkbywgam92ZW4hClBhcmVjZXMgbG8gc3VmaWNpZW50ZW1lbnRlIGlub2NlbnRlCmNvbW8gcGFyYSBzZXIgdW5hIHbDrWN0aW1hIGVuIGVzdGEgY2l1ZGFkLg==
nSbX,,QWJvdXQgTGlnaHRoYWx6ZW4=,,,,,U29icmUgYSBMaWdodGhhbHplbg==,,UHJlZ3VudGFyIGFjZXJjYSBkZSBMaWdodGhhbHplbi4=
nibX,,QWJvdXQgdGhlIFNsdW0=,,,,,U29icmUgYSBGYXZlbGE=,,UHJlZ3VudGFyIGFjZXJjYSBkZSBsb3MgYmFycmlvcyBiYWpvcy4=
nybX,,Pz8/Pw==,,,,,Pz8/Pw==,,wr/Cv8K/Pz8/
oCbX,,W0VsZGVyXQpMaWdodGhhbHplbiBtaWdodCBzZWVtCmxpa2UgYSBzcGxlbmRpZCBjaXR5IGF0IGZpcnN0LApidXQgeW91J2xsIHF1aWNrbHkgbGVhcm4gdGhhdAp0aGUgcG9vciBhcmUgc2VncmVnYXRlZCBmcm9tCnRoZSByaWNoIGFuZCB0cmVhdGVkIGFzIGxlc3MKdGhhbiBzZWNvbmQgY2xhc3MgY2l0aXplbnMu,,,,,W0FuY2nDo10KTGlnaHRoYWx6ZW4gcG9kZSBwYXJlY2VyCnVtYSBjaWRhZGUgZXNwbMOqbmRpZGEgYSBwcmluY8OtcGlvLAptYXMgdm9jw6ogbG9nbyBkZXNjb2JyaXLDoSBxdWUKb3MgcG9icmVzIHPDo28gc2VncmVnYWRvcyBkb3MKcmljb3MgZSB0cmF0YWRvcyBjb21vCmNpZGFkw6NvcyBkZSBzZWd1bmRhIGNsYXNzZS4=,,W0FuY2lhbmFdCkxpZ2h0aGFsemVuIHB1ZWRlIHBhcmVjZXIKdW5hIGNpdWRhZCBlc3Bsw6luZGlkYSBhbCBwcmluY2lwaW8sCnBlcm8gcHJvbnRvIHRlIGRhcsOhcyBjdWVudGEgZGUgcXVlCmxvcyBwb2JyZXMgZXN0w6FuIHNlZ3JlZ2Fkb3MgZGUKbG9zIHJpY29zIHkgbG9zIHRyYXRhbiBjb21vIG1lbm9zCnF1ZSBjaXVkYWRhbm9zIGRlIHNlZ3VuZGEgY2xhc2Uu
oSbX,,W0VsZGVyXQpBdCBmaXJzdCwgc2VwYXJhdGlvbiBiZXR3ZWVuCnRoZSByaWNoIGFuZCBwb29yIGRpc3RyaWN0cyB3YXMKc3VidGx5IGVuZm9yY2VkLiBUaGV5IGJ1aWx0IHRoZQpyYWlscm9hZCByaWdodCBiZXR3ZWVuIHRoZSB0d28KZGlzdHJpY3RzIHRvIG1ha2UgaXQgZWFzaWVyIGZvcgp0aGUgcmljaCB0byBpZ25vcmUgdGhlIHBvb3Iu,,,,,W0FuY2nDo10KTm8gaW7DrWNpbywgYSBzZXBhcmHDp8OjbyBlbnRyZQpvcyBkaXN0cml0b3Mgcmljb3MgZSBwb2JyZXMgZm9pCnN1dGlsbWVudGUgaW1wb3N0YS4gQ29uc3RydcOtcmFtIGEKZmVycm92aWEgYmVtIGVudHJlIG9zIGRvaXMKZGlzdHJpdG9zIHBhcmEgZmFjaWxpdGFyIHBhcmEKb3Mgcmljb3MgaWdub3JhcmVtIG9zIHBvYnJlcy4=,,W0FuY2lhbmFdCkFsIHByaW5jaXBpbywgbGEgc2VwYXJhY2nDs24gZW50cmUKbG9zIGRpc3RyaXRvcyByaWNvcyB5IHBvYnJlcyBzZQppbXBsZW1lbnTDsyBkZSBmb3JtYSBzdXRpbC4gQ29uc3RydXllcm9uIGVsCmZlcnJvY2FycmlsIGp1c3RvIGVudHJlIGxvcyBkb3MKZGlzdHJpdG9zIHBhcmEgcXVlIGZ1ZXJhIG3DoXMgZsOhY2lsCnF1ZSBsb3Mgcmljb3MgaWdub3JhcmFuIGEgbG9zIHBvYnJlcy4=
oibX,,W0VsZGVyXQpCdXQgbm93IHRoZXkgZXZlbiBoYXZlCmd1YXJkcyB0byBtYWtlIHN1cmUgdGhhdAp0aGUgcG9vciBjYW4ndCBib3RoZXIgdGhlCnJpY2guIEknbSBwcmV0dHkgc3VyZSB0aGF0CnRoaXMgc2VncmVnYXRpb24gd29uJ3QgYmUKZW5kaW5nIGFueXRpbWUgc29vbi4uLg==,,,,,W0FuY2nDo10KTWFzIGFnb3JhIGVsZXMgdMOqbSBhdMOpCmd1YXJkYXMgcGFyYSBnYXJhbnRpcgpxdWUgb3MgcG9icmVzIG7Do28gcG9zc2FtIGluY29tb2RhciBvcwpyaWNvcy4gVGVuaG8gY2VydGV6YSBkZSBxdWUKZXNzYSBzZWdyZWdhw6fDo28gbsOjbyB2YWkKYWNhYmFyIHTDo28gY2Vkby4uLg==,,W0FuY2lhbmFdClBlcm8gYWhvcmEgaGFzdGEgcG9uZW4KZ3VhcmRpYXMgcGFyYSBxdWUgbG9zIHBvYnJlcwpubyBzZSBhY2VycXVlbiBhIG1vbGVzdGFyCmEgbG9zIHJpY29zLiBObyBtZSBwYXJlY2UgcXVlCmVzdGEgc2VncmVnYWNpw7NuIHZheWEKYSB0ZXJtaW5hcnNlIHByb250b+KApg==
oybX,,W0VsZGVyXQpOb3csIEkndmUgaGVhcmQgdGhhdCB0aGUKUmVrZW5iZXIgQ29ycG9yYXRpb24gaXMKYWN0dWFsbHkgcHJvdmlkaW5nIGpvYnMgZm9yCnBlb3BsZSBpbiB0aGUgc2x1bXMuIEJlZ2dhcnMKY2FuJ3QgYmUgY2hvb3NlcnMsIHNvIEknbSBzdXJlCnRoZXNlIGpvYnMgYXJlbid0IHRoYXQgZ3JlYXQu,,,,,W0FuY2nDo10KT2xoYSwgb3V2aSBkaXplciBxdWUgYQpDb3Jwb3Jhw6fDo28gUmVrZW5iZXIgZXN0w6EgbWVzbW9jb250cmF0YW5kbwpwZXNzb2FzIG5hcyBmYXZlbGFzLiBPcyBtZW5kaWdvcwpuw6NvIHTDqm0gZXNjb2xoYSwgZW50w6NvIHRlbmhvIGNlcnRlemEgZGUgcXVlCmVzc2VzIGVtcHJlZ29zIG7Do28gc8OjbyB0w6NvIGJvbnMgYXNzaW0u,,W0FuY2lhbmFdClBvciBvdHJvIGxhZG8sIGVzY3VjaMOpIHF1ZQpsYSBDb3Jwb3JhY2nDs24gUmVrZW5iZXIgZXN0w6EgCmRhbmRvIGVtcGxlbyBhIGxhcyBwZXJzb25hcwpkZSBsb3MgYmFycmlvcyBiYWpvcy4gRWwgcXVlIHBpZGUgbm8gZWxpZ2UsCmFzw60gcXVlIHN1cG9uZ28gcXVlIG5vIGRlYmVuCnNlciBtdXkgYnVlbm9zIHRyYWJham9zLg==
pCbX,,W0VsZGVyXQpUbyBsaXZlIGluIHRoZSBzbHVtIGlzIHRvCmJlIGZhbWlsaWFyIHdpdGggcG92ZXJ0eSwKZGlzZWFzZSwgY29uZGVtbmF0aW9uCmFuZCBjb250ZW1wdC4gQnV0IHdlJ3JlIGFsbApzdGlsbCBwZW9wbGUsIHlvdSBrbm93LCBzbyBsZXQKZ28gb2YgYW55IG9mIHlvdXIgbWlzZ2l2aW5ncy4=,,,,,W0FuY2nDo10KVml2ZXIgZW0gdW1hIGZhdmVsYSDDqQplc3RhciBmYW1pbGlhcml6YWRvIGNvbSBwb2JyZXphLApkb2Vuw6dhcywgY29uZGVuYcOnw6NvCmUgZGVzcHJlem8uIE1hcyB0b2RvcyBuw7NzCmFpbmRhIHNvbW9zIHBlc3NvYXMsIHNhYmUsIGVudMOjbwplc3F1ZcOnYSBzZXVzIHJlY2Vpb3Mu,,W0FuY2lhbmFdClZpdmlyIGVuIGxvcyBiYXJyaW9zIGJham9zIGltcGxpY2EKZXN0YXIgZmFtaWxpYXJpemFkbyBjb24gbGEgcG9icmV6YSwKbGEgZW5mZXJtZWRhZCwgbGEgY29uZGVuYWNpw7NuCnkgZWwgZGVzcHJlY2lvLiBQZXJvIHRvZG9zIHNvbW9zCnBlcnNvbmFzIGFsIGZpbiB5IGFsIGNhYm8sIHlhIHNhYmVzLCBhc8OtIHF1ZQpkZXNwcsOpbmRldGUgZGUgdG9kb3MgdHVzIHJlY2Vsb3Mu
pSbX,,W0VsZGVyXQpXZSdyZSBzdHJ1Z2dsaW5nIGp1c3QKdG8gc3Vydml2ZSBoZXJlLiBBdCB0aGUKdmVyeSBsZWFzdCwgcGxlYXNlIHJlc3BlY3QKdGhhdC4gSXQncyBhIGZhY3QgdGhhdCB0aGUKcGVvcGxlIGluIHRoZSByaWNoIGRpc3RyaWN0CnNlZW0gdG8ga2VlcCBmb3JnZXR0aW5nLg==,,,,,W0FuY2nDo10KRXN0YW1vcyBsdXRhbmRvIGFwZW5hcwpwYXJhIHNvYnJldml2ZXIgYXF1aS4gTm8KbcOtbmltbywgcmVzcGVpdGUKaXNzby4gw4kgdW0gZmF0byBxdWUgYXMKcGVzc29hcyBkbyBkaXN0cml0byByaWNvCnBhcmVjZW0gZXN0YXIgc2VtcHJlIHNlIGVzcXVlY2VuZG8u,,W0FuY2lhbmFdCkFxdcOtIHNvbG8gbHVjaGFtb3MKcG9yIHNvYnJldml2aXIuIFRlIHBpZG8gcXVlCmFsIG1lbm9zIHJlc3BldGVzCmVzby4gRXMgdW5hIHZlcmRhZCBxdWUgbGEKZ2VudGUgZGVsIGRpc3RyaXRvIHJpY28Kbm8gZGVqYSBkZSBpZ25vcmFyLg==
pibX,,W0VsZGVyXQpXZWxsLCBpZiB5b3UgbmVlZCBhbnkKaGVscCBhcm91bmQgaGVyZSBvciBoYXZlCmFueSBxdWVzdGlvbnMsIGNvbWUgYmFjawphbmQgYXNrIG1lLiBJIGdldCB0aGUgZmVlbGluZwp0aGF0IHdlJ2xsIHByb2JhYmx5IG1lZXQgYWdhaW4u,,,,,W0FuY2nDo10KQm9tLCBzZSB2b2PDqiBwcmVjaXNhciBkZSBhbGd1bWEKYWp1ZGEgcG9yIGFxdWkgb3UgdGl2ZXIKYWxndW1hIGTDunZpZGEsIHZvbHRlCmUgbWUgcGVyZ3VudGUuIFRlbmhvIGEgc2Vuc2HDp8OjbyBkZSBxdWUKcHJvdmF2ZWxtZW50ZSBub3MgZW5jb250cmFyZW1vcyBkZSBub3ZvLg==,,W0FuY2lhbmFdCkJ1ZW5vLCBzaSBuZWNlc2l0YXMKYXl1ZGEgcG9yIGFxdcOtIG8gdGllbmVzCnByZWd1bnRhcywgdnVlbHZlCmEgaGFibGFyIGNvbm1pZ28uIFRlbmdvIGxhIHNlbnNhY2nDs24KZGUgcXVlIG5vcyB2b2x2ZXJlbW9zIGEgdmVyLg==
pybX,,Q3JpcHBsZWQgR2lybA==,,,,,R2Fyb3RhIEFsZWlqYWRh,,Q3JpcHBsZWQgR2lybA==
qCbX,,W3t9XQpIZXkgdGhlcmUsIGFyZQp5b3UgZmVlbGluZyBhbHJpZ2h0Pw==,,,,,W3t9XQpPbMOhLCBlc3TDoQpzZSBzZW50aW5kbyBiZW0/,,W3t9XQpIb2xhLCDCv3RlCmVuY3VlbnRyYXMgYmllbj8=
qSbX,,W0NyaXBwbGVkIEdpcmxdCk9oLCB0aGFua3MsCkknbSBmaW5lLiBCdXQuLi4KSGF2ZSB3ZSBtZXQgYmVmb3JlPw==,,,,,W0dhcm90YSBBbGVpamFkYV0KQWgsIG9icmlnYWRhLAplc3RvdSBiZW0uIE1hcy4uLgpKw6Egbm9zIGNvbmhlY2Vtb3M/,,W0NoaWNhIGludsOhbGlkYV0KT2gsIGdyYWNpYXMuCkVzdG95IGJpZW4uIFBlcm/igKYKwr9ZYSBub3MgY29ub2PDrWFtb3M/
qibX,,W3t9XQpZZWFoLCB3ZSBkaWQuCllvdSBzaG91bGQga25vdyB3aG8KSSBhbSBieSBub3cuIEhleSwgeW91CmRpZG4ndCBmb3JnZXQsIGRpZCB5b3U/,,,,,W3t9XQpTaW0sIGrDoS4KVm9jw6ogZGV2ZSBzYWJlciBxdWVtCmV1IHNvdSBhZ29yYS4gVm9jw6oKbsOjbyBzZSBlc3F1ZWNldSwgbsOpPw==,,W3t9XQpTw60sIG5vcyBjb25vY2Vtb3MuCkRlYmVyw61hcyBzYWJlciBxdWnDqW4gc295CmEgZXN0YXMgYWx0dXJhcy4gT3llLCBubwpsbyBvbHZpZGFzdGUsIMK/dmVyZGFkPw==
qybX,,W0xhZHldCk9oLCBob3cgZG8gSSBwdXQgdGhpcz8KVGhlIGZldmVyIHNoZSBoYWQgZm9yIHRoZQpsYXN0IGZldyBkYXlzLiBTaGUncyBnb3R0ZW4KYmV0dGVyLCBidXQgc2hlJ3MgZm9yZ290dGVuCmV2ZXJ5dGhpbmcgdGhhdCdzIGhhcHBlbmVkCmluIHRoZSBwYXN0IGZldyB3ZWVrcy4uLg==,,,,,W1NlbmhvcmFdCkFoLCBjb21vIHBvc3NvIGRpemVyPwpTb2JyZSBhIGZlYnJlIHF1ZSBlbGEgdGV2ZSBub3MKw7psdGltb3MgZGlhcywgZWxhIG1lbGhvcm91LG1hcyBzZSBlc3F1ZWNldSBkZQp0dWRvIG8gcXVlIGFjb250ZWNldQpuYXMgw7psdGltYXMgc2VtYW5hcy4uLg==,,W0RhbWFdCkF5LCBjw7NtbyBkZWNpcnRlIGVzdG8uCkVzYSBmaWVicmUgcXVlIHR1dm8KZXN0b3MgZMOtYXMuIFB1ZG8gcmVjdXBlcmFyc2UsCnBlcm8gc2Ugb2x2aWTDsyBkZSB0b2RvCmxvIHF1ZSBwYXPDsyAKZW4gbGFzIMO6bHRpbWFzIHNlbWFuYXPigKY=
rCbX,,W3t9XQpPaC4uLiBPaC4gSSdtIHNvCnNvcnJ5LiBCdXQgbWF5YmUgdGhpcwppcyBmb3IgdGhlIGJlc3Q/IEhlcmUsCkkgdGhpbmsgeW91IHNob3VsZCBrZWVwCnRoaXMgcGVuZGFudCwgdGhvdWdoLg==,,,,,W3t9XQpBaC4uLiBub3NzYS4gRXUKc2ludG8gbXVpdG8uIE1hcyB0YWx2ZXoKc2VqYSBtZWxob3IgYXNzaW0uIFRvbWEsCmFjaG8gcXVlIHZvY8OqIGRldmlhIGZpY2FyIGNvbQplc3RlIFBpbmdlbnRlLg==,,W3t9XQpPaOKApiBBaC4gTG8KbGFtZW50byBtdWNoby4gUGVybyB0YWwgdmV6IHNlYQpwYXJhIG1lam9yLiBUb21hLApjcmVvIHF1ZSBkZWJlcsOtYXMgcXVlZGFydGUKY29uIGVzdGUgQ29sZ2FudGUsIGRlIHRvZGFzIGZvcm1hcy4=
rSbX,,XjMzNTVGRllvdSBwbGFjZSB0aGUKb2xkIHBlbmRhbnQKaW50byBoZXIgaGFuZHMuXjAwMDAwMA==,,,,,XjMzNTVGRlZvY8OqIGNvbG9jYSBvClBpbmdlbnRlIGFudGlnbwpuYXMgbcOjb3MgZGVsYS5eMDAwMDAw,,XjI1MDJGRENvbG9jYXMgZWwKYW50aWd1byBDb2xnYW50ZQplbiBzdXMgbWFub3MuXjAwMDAwMA==
ribX,,Li4uLi4uLi4uLi4uLi4uLg==,,,,,Li4uLi4uLi4uLi4uLi4uLg==,,Li4uLi4uLi4uLi4uLi4uLg==
rybX,,W3t9XQouLi4KLi4uLi4u,,,,,W3t9XQouLi4KLi4uLi4u,,W3t9XQrigKYKLi4uLi4u
sCbX,,W1Bvc3Nlc3NlZCB7fV0KXjMxMzFGRlNldHN1LCBwbGVhc2UgcmVtZW1iZXIKdGhhdCBJJ2QgbmV2ZXIgZG8gYW55dGhpbmcKdG8gaHVydCB5b3UuIEZvcmdpdmUgbWUgZm9yCmxlYXZpbmcgeW91IGJlaGluZC4gSSBob3BlCnRoYXQgb25lIGRheSB3ZSdsbCBtZWV0CmFnYWluLCBsaXR0bGUgcHJpbmNlc3MuXjAwMDAwMA==,,,,,W3t9IHNvYiBQb3NzZXNzw6NvXQpeMzEzMUZGU2V0c3UsIHBvciBmYXZvciwgbGVtYnJlLXNlCnF1ZSBldSBudW5jYSBmYXJpYSBuYWRhCnBhcmEgdGUgbWFjaHVjYXIuIE1lIHBlcmRvYSBwb3IKdGVyIHRlIGRlaXhhZG8gcGFyYSB0csOhcy4gRXNwZXJvCnF1ZSB1bSBkaWEgbm9zIGVuY29udHJlbW9zCmRlIG5vdm8sIHByaW5jZXNpbmhhLl4wMDAwMDA=,,W3t9IHBvc2XDrWRvXQpeOTkwMDAwU2V0c3UsIG5vIG9sdmlkZXMKcXVlIG51bmNhIGhhcsOtYSBhbGdvCnF1ZSB0ZSBsYXN0aW1hcmEuIFBlcmTDs25hbWUgcG9yCmRlamFydGUgYXRyw6FzLiBFc3Blcm8gcXVlCnVuIGTDrWEgbm9zIGVuY29udHJlbW9zCmRlIG51ZXZvLCBwcmluY2VzaXRhLl4wMDAwMDA=
sSbX,,W1Bvc3Nlc3NlZCB7fV0KXjMxMzFGRlVudGlsIHRoZW4sIEkgd2FudAp5b3UgdG8gYmUgaGFwcHksIG9rYXk/CllvdXIgYnJvdGhlcidzIGFsd2F5cwpnb25uYSBiZSBsb29raW5nIG91dCBmb3IKeW91LCBvbmUgd2F5IG9yIGFub3RoZXIuLi4=,,,,,W3t9IHNvYiBQb3NzZXNzw6NvXQpeMzEzMUZGQXTDqSBsw6EsIHF1ZXJvIHF1ZQpxdWUgdm9jw6ogc2VqYSBmZWxpeiwgdMOhPwpTZXUgaXJtw6NvIHNlbXByZQplc3RhcsOhIGN1aWRhbmRvIGRlCnZvY8OqLCBkZSB1bWEgZm9ybWEgb3UgZGUgb3V0cmEuLi4=,,W3t9IHBvc2XDrWRvXQpeOTkwMDAwSGFzdGEgZW50b25jZXMsIHF1aWVybwpxdWUgc2VhcyBmZWxpeiwgwr9zw60/ClR1IGhlcm1hbm8gc2llbXByZQplc3RhcsOhIHBhcmEgY3VpZGFydGUsCmRlIHVuYSBmb3JtYSB1IG90cmHigKY=
sibX,,W1NldHN1XQpNeSBicm90aGVyJ3MuLi4KVGhhdCdzIG15IGJyb3RoZXIncwp2b2ljZSEgQnJvdGhlciE=,,,,,W1NldHN1XQpNZXUgaXJtw6NvLi4uCkVzc2Egw6kgYSB2b3pkbyBtZXUgaXJtw6NvIQ==,,W1NldHN1XQpFc2Egdm964oCmCsKhRXMgbGEgdm96IGRlIG1pCmhlcm1hbm8hIMKhSGVybWFubyE=
sybX,,W3t9XQpFaD8gV2hhdD8gV2hvYS4uLgpXaGF0IGNhbWUgb3ZlciBtZT8KVGhlIGxhc3QgdGhpbmcgSSByZW1lLS0=,,,,,W3t9XQpIw6M/IE8gcXXDqj8gTm9zc2EuLi4KTyBxdWUgZGV1IGVtIG1pbT8KQSDDumx0aW1hIGNvaXNhIGRlIHF1ZSBtZSBsZW1icm8uLi4=,,W3t9XQrCv0VoPyDCv1F1w6k/IEd1YXXigKYKwr9RdcOpIG1lIHBhc8OzPwpMbyDDumx0aW1vIHF1ZSByZWN1ZXJkb+KApg==
tCbX,,W1NldHN1XQouLi4KLi4uLi4u,,,,,W1NldHN1XQouLi4KLi4uLi4u,,W1NldHN1XQrigKYKLi4uLi4u
tSbX,,W3t9XQpXZWxsLi4uClRoaXMgaXMgYXdrd2FyZC4=,,,,,W3t9XQpCb20uLi4KSXNzbyDDqSBlc3RyYW5oby4=,,W3t9XQpCdWVub+KApgpRdcOpIGluY8OzbW9kby4=
tibX,,W3t9XQpXZWxsLi4uClRoYXQgZG9lc24ndCBoYXBwZW4KZXZlcnlkYXkuIEkgc3VwcG9zZSB0aGF0Cm1pZ2h0IGJlIGZvciB0aGUgYmVzdC4uLg==,,,,,W3t9XQpCb20uLi4KSXNzbyBuw6NvIGFjb250ZWNlCnRvZG9zIG9zIGRpYXMuIEFjaG8gcXVlCnBvZGUgc2VyIG1lbGhvciBhc3NpbS4uLg==,,W3t9XQpCdWVub+KApgpFc28gbm8gZXMgYWxnbyBxdWUKc3VjZWRhIHRvZG9zIGxvcyBkw61hcy4gU3Vwb25nbyBxdWUKc2Vyw6EgcGFyYSBtZWpvcuKApg==
tybX,,W1NldHN1XQpJJ20gc29ycnkuIEknbSBzdGlsbApub3QgYWJsZSB0byB3YWxrIGp1c3QKeWV0LCBidXQgSSdtIGRvaW5nIG15CmJlc3QhIFdpc2ggbWUgbHVjaywgb2theT8=,,,,,W1NldHN1XQpEZXNjdWxwYS4gRXUgYWluZGEKbsOjbyBzb3UgY2FwYXogZGUgYW5kYXIsbWFzIGVzdG91IGZhemVuZG8gbyBtZXUKbWVsaG9yISBNZSBkZXNlamUgc29ydGUsIGJlbGV6YT8=,,W1NldHN1XQpMbyBzaWVudG8uIEHDum4Kbm8gcHVlZG8gY2FtaW5hciBiaWVuCmRlbCB0b2RvLCBwZXJvIGVzdG95IGhhY2llbmRvIGxvIG1lam9yCnF1ZSBwdWVkby4gRGVzw6lhbWUgc3VlcnRlLCDCv3PDrT8=
uCbX,,W0NyaXBwbGVkIEdpcmxdCi4uLgouLi4uLi4KXjMzMzMzMypTaWdoLi4uKl4wMDAwMDA=,,,,,W0dhcm90YSBBbGVpamFkYV0KLi4uCi4uLi4uLgpeMzMzMzMzKlN1c3Bpcm8uLi4qXjAwMDAwMA==,,W0NoaWNhIGludsOhbGlkYV0K4oCmCi4uLi4uLgpeRkYyNDAwKlN1c3BpcmEqXjAwMDAwMA==
uSbX,,SGVsbG8sIGhvdyBhcmUgeW91Pw==,,,,,T2zDoSwgY29tbyB2YWk/,,SG9sYSwgwr9jw7NtbyBlc3TDoXM/
uibX,,W0NyaXBwbGVkIEdpcmxdCk9oLCBJJ20gZmluZSwKdGhhbmtzIGZvciBhc2tpbmcuCkknbSBqdXN0IHdhaXRpbmcgZm9yCnNvbWVib2R5LCB0aGF0J3MgYWxsLg==,,,,,W0dhcm90YSBBbGVpamFkYV0KQWgsIGV1IGVzdG91IGJlbSwKb2JyaWdhZGEgcG9yIHBlcmd1bnRhci4KRXN0b3UgZXNwZXJhbmRvIHVtYQpwZXNzb2EsIHPDsyBpc3NvLg==,,W0NoaWNhIGludsOhbGlkYV0KT2gsIGVzdG95IGJpZW4sCmdyYWNpYXMgcG9yIHByZWd1bnRhci4KU29sbyBlc3RveSBlc3BlcmFuZG8KYSBhbGd1aWVuLCBlc28gZXMgdG9kby4=
uybX,,U2hvdyBoZXIgdGhlIFBlbmRhbnQu,,,,,TW9zdHJhciBvIFBpbmdlbnRlLg==,,TW9zdHJhcmxlIGVsIENvbGdhbnRlLg==
vCbX,,T2theSwgaGF2ZSBhIGdvb2QgZGF5Lg==,,,,,Q2VydG8sIHRlbmhhIHVtIGJvbSBkaWEu,,QnVlbm8sIHF1ZSB0ZW5nYXMgdW4gYnVlbiBkw61hLg==
vSbX,,W0NyaXBwbGVkIEdpcmxdCk9rYXksCmJ5ZS1ieWUuLi4=,,,,,W0dhcm90YSBBbGVpamFkYV0KQmVsZXphLAp0Y2hhdXppbmhvLi4u,,W0NoaWNhIGludsOhbGlkYV0KQmllbiwKYWRpw7Nz4oCm
vibX,,W3t9XQpVbSwgd291bGQgeW91IGhhdmUKYW55IGlkZWEgd2hvIG1pZ2h0CmhhdmUgb3duZWQgdGhpcyBwZW5kYW50Pw==,,,,,W3t9XQpIdW0sIHZvY8OqIHRlcmlhCmFsZ3VtYSBpZGVpYSBkZSBxdWVtIHBvZGVyaWEKc2VyIG8gZG9ubyBkZXN0ZSBQaW5nZW50ZT8=,,W3t9XQpVbSwgwr90aWVuZXMgaWRlYQpkZSBhIHF1acOpbiBwdWRvIGhhYmVyCnBlcnRlbmVjaWRvIGVzdGUgQ29sZ2FudGU/
vybX,,W0NyaXBwbGVkIEdpcmxdClBlbmRhbnQuLi4/CldlbGwsIGlmIHlvdSBjb3VsZApzaG93IGl0IHRvIG1lLCBtYXliZQpJIHdvdWxkIGhhdmUgYW4gaWRlYS4uLg==,,,,,W0dhcm90YSBBbGVpamFkYV0KUGluZ2VudGUuLi4/CkJvbSwgc2Ugdm9jw6ogcHVkZXIKbWUgbW9zdHJhciwgdGFsdmV6CmV1IHRlbmhhIHVtYSBpZGVpYS4uLg==,,W0NoaWNhIGludsOhbGlkYV0Kwr9Db2xnYW50ZeKApj8KQnVlbm8sIHNpIHB1ZGllcmFzCm1vc3Ryw6FybWVsbywgdGFsIHZlegp0ZW5kcsOtYSB1bmEgaWRlYeKApg==
wCbX,,W0NyaXBwbGVkIEdpcmxdCk9oLCB0aGF0J3MgbWluZSEKSSBnYXZlIGl0IHRvIG15IGJpZyBicm90aGVyCmJlZm9yZSBoZSB3ZW50IGF3YXkgb24gc29tZQpzb3J0IG9mIGJ1c2luZXNzIHRyaXAuIFlvdSBtdXN0CmhpcyBmcmllbmQsIGlzIHRoYXQgcmlnaHQ/,,,,,W0dhcm90YSBBbGVpamFkYV0KQWgsIGlzc28gw6kgbWV1IQpFdSBkZWkgcGFyYSBvIG1ldSBpcm3Do28gbWFpcyB2ZWxobwphbnRlcyBkZSBlbGUgaXIgZW0gdW1hCnZpYWdlbSBkZSBuZWfDs2Npb3MuIFZvY8OqIGRldmVjb25oZWPDqi1sbywgbsOjbyDDqSBtZXNtbz8=,,W0NoaWNhIGludsOhbGlkYV0KwqFPaCwgZXNvIGVzIG3DrW8hClNlIGxvIGRpIGEgbWkgaGVybWFubyBtYXlvcgphbnRlcyBkZSBtYXJjaGFyc2UgYQp1biB2aWFqZSBkZSBuZWdvY2lvcyBvIGFsZ28gYXPDrS4gRGViZSBzZXIKYW1pZ28gdHV5bywgwr9ubyBlcyBjaWVydG8/
wSbX,,W3t9XQpBY3R1YWxseSwgdW0sCnlvdSBrbm93IHdoYXQuLi4/,,,,,W3t9XQpOYSB2ZXJkYWRlLCBodW0sCnZvY8OqIHNhYmUgcXVlLi4u,,W3t9XQpFbiByZWFsaWRhZCwgZWgsCsK/c2FiZXMgcXXDqeKApj8=
wibX,,QnJ1dGFsIFRydXRo,,,,,QSBEdXJhIFZlcmRhZGU=,,RGVjaXJsZSBsYSBjcnVkYSB2ZXJkYWQu
wybX,,QnJlYWsgaXQgdG8gaGVyIGdlbnRseQ==,,,,,RmFsYXIgY29tIGVsYSBnZW50aWxtZW50ZQ==,,RGVjw61yc2VsbyBjb24gZ2VudGlsZXphLg==
xCbX,,W3t9XQouLi5TbyBiYXNpY2FsbHksIHlvdXIKYnJvdGhlcidzIGdob3N0LCBvaCByaWdodCwKZGlkIEkgbWVudGlvbiBoZSB3YXMgZGVhZD8KQW55d2F5LCBzbyBoZSdzIG5vdCBhbGl2ZQphbnltb3JlLCBidXQgaGlzIHNwaXJpdCBvcgp3aGF0ZXZlciBpcyBzdGlsbCBhcm91bmQgYW5kLS0=,,,,,W3t9XQouLi5FbnTDo28sIGJhc2ljYW1lbnRlLApvIGZhbnRhc21hIGRlIHNldSBpcm3Do28sIGFoLCBjZXJ0bywKZXUgZGlzc2UgcXVlIGVsZSBtb3JyZXU/CkVuZmltLCBlbGUgbsOjbyBlc3TDoSBtYWlzCnZpdm8sIG1hcyBzZXUgZXNww61yaXRvIG91Cm8gcXVlIHF1ZXIgcXVlIHNlamEgYWluZGEgZXN0w6EgcG9yIHBlcnRvIGUuLi4=,,W3t9XQrigKZCdWVubywgYsOhc2ljYW1lbnRlLAplbCBmYW50YXNtYSBkZSB0dSBoZXJtYW5vLCBhaCwgY2llcnRvLArCv21lbmNpb27DqSBxdWUgZXN0w6EgbXVlcnRvPwpDb21vIHNlYSwgw6lsIHlhIG5vIGVzdMOhIGNvbgp2aWRhLCBzaW5vIHF1ZSBzdSBlc3DDrXJpdHUgbwpsbyBxdWUgc2VhIHRvZGF2w61hIGFuZGEgcG9yIGFow60geeKApg==
xSbX,,W0NyaXBwbGVkIEdpcmxdCi4uLgouLi4uLi4=,,,,,W0dhcm90YSBBbGVpamFkYV0KLi4uCi4uLi4uLg==,,W0NoaWNhIGludsOhbGlkYV0K4oCmCi4uLi4uLg==
xibX,,W0NyaXBwbGVkIEdpcmxdCi4uLkRlYWQ/Ck5vISBJIGRvbid0IGJlbGlldmUgeW91IQpIZSBjYW4ndCBkaWUhIEhlIHdhcyB0aGUKYnJhdmVzdCBhbmQgdGhlIHN3ZWV0ZXN0CmFuZCB0aGUtLSBMZWF2ZSBtZSBhbG9uZSEKT2ggZ29kLCBnZXQgdGhlIGhlbGwgYXdheSE=,,,,,W0dhcm90YSBBbGVpamFkYV0KLi4uTW9ycmV1PwpOw6NvISBFdSBuw6NvIGFjcmVkaXRvIGVtIHZvY8OqIQpFbGUgbsOjbyBwb2RlIG1vcnJlciEgRWxlIGVyYSBvCm8gbWFpcyBjb3Jham9zbyBlIG8gbWFpcyBkb2NlCmUgby4uLiBNZSBkZWl4ZSBlbSBwYXohCkFoLCBjw6l1cywgc2FpYSBkYXF1aSE=,,W0NoaWNhIGludsOhbGlkYV0K4oCmwr9NdWVydG8/CsKhTm8hIMKhTm8gdGUgY3JlbyEKwqFObyBwdWVkZSBlc3RhciBtdWVydG8hIEVyYSBlbAptw6FzIHZhbGllbnRlIHkgZWwgbcOhcyBkdWxjZQp54oCmIMKhRMOpamFtZSBlbiBwYXohCsKhQXksIHNvbG8gbMOhcmdhdGUh
xybX,,W3t9XQouLi4KLi4uLi4uClNoZWVzaC4KRG9uJ3Qga2lsbCB0aGUKbWVzc2VuZ2VyLg==,,,,,W3t9XQouLi4KLi4uLi4uCkNhcmFtYmEuCk7Do28gcHJlY2lzYSBtYXRhcgpxdWVtIHPDsyB2ZWlvIGF2aXNhci4=,,W3t9XQrigKYKLi4uLi4uClZheWEuCk5vIG1hdGVzIGFsCm1lbnNhamVyby4=
yCbX,,W3t9XQpMZXQncyBqdXN0IHNheSB0aGF0CkkgbmV2ZXIgbWV0IHlvdXIgYnJvdGhlcgppbiBwZXJzb24uIEFuZCB0aGlzIHBlbmRhbnQ/CkkgaGFwcGVuZWQgdG8gcGljayBpdCB1cCBmcm9tCnRoZSBncm91bmQgYW5kIGZlbHQgaXQgd291bGQKYmUgYmVzdCB0byByZXR1cm4gaXQgdG8geW91Lg==,,,,,W3t9XQpEaWdhbW9zIGFwZW5hcyBxdWUKZXUgbnVuY2EgY29uaGVjaSBzZXUgaXJtw6NvCnBlc3NvYWxtZW50ZS4gSsOhIG8gUGluZ2VudGUsCmV1IG8gcGVndWVpIHBvciBhY2FzbwpkbyBjaMOjbyBlIGFjaGVpIHF1ZSBzZXJpYQptZWxob3IgZGV2b2x2w6otbG8gYSB2b2PDqi4=,,W3t9XQpEaWdhbW9zIHF1ZQpudW5jYSBjb25vY8OtIGEgdHUgaGVybWFubwplbiBwZXJzb25hLiDCv1kgZXN0ZSBDb2xnYW50ZT8KTG8gcmVjb2fDrSAKZGVsIHN1ZWxvIHkgY3Jlw60gcXVlCmxvIG1lam9yIHNlcsOtYSBkZXZvbHbDqXJ0ZWxvLg==
ySbX,,W0NyaXBwbGVkIEdpcmxdCldhaXQsIGRvIHlvdSB0aGluawpzb21ldGhpbmcgaGFwcGVuZWQgdG8KbXkgYnJvdGhlcj8gT2gsIHRoZW4gYWdhaW4sCmhlIGFsd2F5cyB3YXMgYSBsaXR0bGUgc2xvcHB5LgpIaW0gZHJvcHBpbmcgdGhpbmdzIGJ5IG1pc3Rha2UKc2hvdWxkbid0IHN1cnByaXNlIG1lIGFueW1vcmUu,,,,,W0dhcm90YSBBbGVpamFkYV0KRXNwZXJhLCB2b2PDqiBhY2hhIHF1ZQphY29udGVjZXUgYWxndW1hIGNvaXNhIGNvbQptZXUgaXJtw6NvPyBBaCwgbWFzCmVsZSBzZW1wcmUgZm9pIHVtIHBvdWNvIGRlc2xlaXhhZG8uCkVsZSBkZWl4YXIgY2FpciBjb2lzYXMgc2VtIHF1ZXJlcgpuw6NvIGRldmVyaWEgbWFpcyBtZSBzdXJwcmVlbmRlci4=,,W0NoaWNhIGludsOhbGlkYV0KRXNwZXJhLCDCv2NyZWVzIHF1ZQpsZSBwYXPDsyBhbGdvIGEKbWkgaGVybWFubz8gQWgsIGRlIGN1YWxxdWllciBmb3JtYSwKc2llbXByZSBmdWUgdW4gcG9jbyBkZXNjdWlkYWRvLgpZYSBubyBtZSB0ZW5kcsOtYSBxdWUgc29ycHJlbmRlcgpzaSBkZWphIGNhZXIgYWxnbyBwb3IgZXJyb3Iu
yibX,,W0NyaXBwbGVkIEdpcmxdCklmIHNvbWV0aGluZyByZWFsbHkgZGlkCmhhcHBlbiB0byBteSBicm90aGVyLCBJJ2QKZ28gY3Jhenkgd2l0aCBncmllZiwgSSBqdXN0Cmtub3cgaXQuIElzbid0IHRoYXQgaG9ycmlibGU/,,,,,W0dhcm90YSBBbGVpamFkYV0KU2UgYWxnbyByZWFsbWVudGUKYWNvbnRlY2Vzc2UgY29tIG1ldSBpcm3Do28sIGV1IGZpY2FyaWEKYXJyYXNhZGEsIGV1CnNlaSBkaXNzby4gSXNzbyBuw6NvIMOpIGhvcnLDrXZlbD8=,,W0NoaWNhIGludsOhbGlkYV0KU2kgZGUgdmVyZGFkIGxlIHBhc8OzIGFsZ28KYSBtaSBoZXJtYW5vLCBtZSB2b2x2ZXLDrWEKbG9jYSBkZSBzdWZyaW1pZW50byBkZSBzb2xvCnNhYmVybG8uIMK/Tm8gc2Vyw61hIGhvcnJpYmxlPw==
yybX,,W3t9XQpIYS1oYSEgSGEtaGEhClllYWgsIHlvdXIgYnJvdGhlci4uLgpIZSdzIHByb2JhYmx5IGV4cGVjdGluZwp5b3UgdG8gZ2V0IGJldHRlciBzb29uLApzbywgdWgsIHlvdSBkbyB0aGF0IQ==,,,,,W3t9XQpIYS1oYSEgSGEtaGEhClBvaXMgw6ksIHNldSBpcm3Do28uLi4KRWxlIGRldmUgZXN0YXIgZXNwZXJhbmRvCnZvY8OqIG1lbGhvcmFyIGxvZ28sCmVudMOjbywgaMOjLCBmYcOnYSBpc3NvIQ==,,W3t9XQrCoUphLCBqYSEgwqFKYSwgamEhClPDrSwgdHUgaGVybWFub+KApgpwcm9iYWJsZW1lbnRlIGVzdMOhIGVzcGVyYW5kbwpxdWUgdGUgbWVqb3JlcyBwcm9udG8sCmFzw60gcXVlLCDCoXNpZ3VlIGFzw60h
zCbX,,W0NyaXBwbGVkIEdpcmxdCllvdSBrbm93IHdoYXQ/CkkgdGhpbmsgeW91J3JlIHJpZ2h0LgpJZiBteSBicm90aGVyIGlzIGdvaW5nCnRvIHdvcmsgaGFyZCBmb3IgbXkgc2FrZSwKSSBuZWVkIHRvIHdvcmsgaGFyZCB0b28uCkknbSBnb25uYSB0cmFpbiB0byB3YWxrIQ==,,,,,W0dhcm90YSBBbGVpamFkYV0KUXVlciBzYWJlcj8KQWNobyBxdWUgdm9jw6ogdGVtIHJhesOjby4KU2UgbWV1IGlybcOjbyB2YWkKdHJhYmFsaGFyIGR1cm8gcGFyYSBvIG1ldSBiZW0sCmV1IHRhbWLDqW0gcHJlY2lzbyBtZSBlc2ZvcsOnYXIuClZvdSB0cmVpbmFyIHBhcmEgYW5kYXIh,,W0NoaWNhIGludsOhbGlkYV0Kwr9TYWJlcyBxdcOpPwpDcmVvIHF1ZSB0aWVuZXMgcmF6w7NuLgpTaSBtaSBoZXJtYW5vIHZhCmEgdHJhYmFqYXIgZHVybyBwb3IgbWkgYmllbiwKeW8gdGFtYmnDqW4gdGVuZ28gcXVlIGVzZm9yemFybWUuCsKhVm95IGEgZW50cmVuYXIgcGFyYSBwb2RlciBjYW1pbmFyIQ==
zSbX,,W1Bvc3Nlc3NlZCB7fV0KXjMxMzFGRkknbSBzbyB2ZXJ5IHByb3VkIG9mCnlvdSBmb3IgYmVpbmcgc3Ryb25nLApsaXR0bGUgcHJpbmNlc3MuIFlvdXIKYmlnIGJyb3RoZXIgd2lsbCBhbHdheXMKbG9vayBhZnRlciB5b3UsIG5vIG1hdHRlcgp3aGF0LCBzbyBwbGVhc2UgYmUgaGFwcHkuLi5eMDAwMDAw,,,,,W3t9IHNvYiBQb3NzZXNzw6NvXQpeMzEzMUZGRXN0b3UgbXVpdG8gb3JndWxob3NvIHBvcgp2b2PDqiBzZXIgZm9ydGUsCnByaW5jZXNpbmhhLiBTZXUKaXJtw6NvIG1haXMgdmVsaG8gdmFpIHNlbXByZWN1aWRhciBkZSB2b2PDqiwgbsOjbyBpbXBvcnRhCm8gcXVlIGFjb250ZWNlciwgZW50w6NvLCBwb3IgZmF2b3IsIHNlamEgZmVsaXouLi5eMDAwMDAw,,W3t9IHBvc2XDrWRvXQpeOTkwMDAwTWUgZW5vcmd1bGxlY2UKbG8gZnVlcnRlIHF1ZSBlcmVzLApwcmluY2VzaXRhLiBUdQpoZXJtYW5vIG1heW9yIHNpZW1wcmUKY3VpZGFyw6EgZGUgdGksIG5vIGltcG9ydGEKbG8gcXVlIHBhc2UsIGFzw60gcXVlIHPDqSBmZWxpeuKApl4wMDAwMDA=
zibX,,W1NldHN1XQpCci1Ccm90aGVyLi4uPw==,,,,,W1NldHN1XQpJcm3Do28uLi4/,,W1NldHN1XQrCv0hlLWhlcm1hbm/igKY/
zybX,,W1NldHN1XQouLi4uLi4uLi4uLi4uLi4u,,,,,W1NldHN1XQouLi4uLi4uLi4uLi4uLi4u,,W1NldHN1XQouLi4uLi4uLi4uLi4uLi4u
0CbX,,XjMzNTVGRlNldHN1IGxvb2sgbGlrZQpzaGUgd291bGQgYnVyc3QgaW50bwp0ZWFycyBhdCBhbnkgbWludXRlLi4uXjAwMDAwMA==,,,,,XjMzNTVGRlBhcmVjZSBxdWUgU2V0c3UKdmFpIGV4cGxvZGlyIGVtCmzDoWdyaW1hcyBhIHF1YWxxdWVyIG1vbWVudG8uLi5eMDAwMDAw,,XjI1MDJGRFBhcmVjZSBxdWUgU2V0c3UKdmEgYSBlc3RhbGxhciBlbiBsbGFudG8KZW4gY3VhbHF1aWVyIG1vbWVudG/igKZeMDAwMDAw
0SbX,,UGxheSBvZmYgeW91ciB0cmFuY2UgYXMgYSBqb2tlLg==,,,,,RmF6ZXIgcGlhZGEgZGUgc2V1IHRyYW5zZS4=,,SGFjZXIgY29tbyBxdWUgZWwgdHJhbmNlIGZ1ZSB1bmEgYnJvbWEu
0ibX,,T2ZmZXIgaGVyIGNvbWZvcnQ=,,,,,T2ZlcmVjZXIgY29uZm9ydG8gYSBlbGEu,,T2ZyZXJjZXJsZSBjb25zdWVsby4=
0ybX,,W3t9XQouLi4KV2VsbC4gTG9va3MgbGlrZQp5b3UgZmVsbCBmb3IgaXQhIEdvdGNoYSEKSGEtaGEhIFllYWgsIEksIHVoLCBrbm93CnlvdXIgYmlnIGJyb3RoZXIgYSBsaXR0bGUu,,,,,W3t9XQouLi4KQm9tLCBwYXJlY2UgcXVlCnZvY8OqIGNhaXUgbmVzc2EhIFBlZ3VlaSB2b2PDqiEKSGEtaGEhIFNpbSwgZXUsIGjDoywgY29uaGXDp28Kc2V1IGlybcOjbyBtYWlzIHZlbGhvIHVtIHBvdWNvLg==,,W3t9XQrigKYKQnVlbm8uIMKhUGFyZWNlIHF1ZQpjYcOtc3RlIGVuIGxhIHRyYW1wYSEgwqFUZSBlbmdhw7HDqSEKwqFKYSwgamEhIFPDrSwgeW8sIGVoLCBjb25vY8OtYQp1biBwb2NvIGEgdHUgaGVybWFubyBtYXlvci4=
1CbX,,W1NldHN1XQpPaCB3aGF0PyEgSGFoISBUaGF0Cndhc24ndCBmdW5ueSBhdCBhbGx+CllvdSBoYWQgbWUgZm9vbGVkIGZvcgphIG1pbnV0ZSB0aGVyZS4gSSBtZWFuLApvbmx5IG15IGJyb3RoZXIgY2FsbHMgbWUKJydsaXR0bGUgcHJpbmNlc3MuJyc=,,,,,W1NldHN1XQpBaCwgY29tbyDDqT8hIEhhLWhhISBJc3NvCm7Do28gZm9pIG5hZGEgZW5ncmHDp2Fkb34KVm9jw6ogbWUgZW5nYW5vdSBwb3IKdW0gbWludXRvLiBRdWVybyBkaXplciwKc8OzIG1ldSBpcm3Do28gbWUgY2hhbWEgZGUKInByaW5jZXNpbmhhIi4=,,W1NldHN1XQrCocK/UXXDqSBjb3NhPyEgwqFKYSEgRXNvCm5vIGZ1ZSBncmFjaW9zbyBlbiBhYnNvbHV0by4KTWUgZW5nYcOxYXN0ZSBwb3IKdW4gbW9tZW50by4gRGlnbywKc29sbyBtaSBoZXJtYW5vIG1lIGxsYW1hCuKAnHByaW5jZXNpdGHigJ0u
1SbX,,W3t9XQpZZWFoLCBzb3JyeS4KQnV0IGhlIHNhaWQuLi4KSXQgd291bGQgYmUgYSBnb29kCmpva2UuIEFuZCBoZSdzIHNvcnJ5LApidXQgaGUgd29uJ3QgYmUgYWJsZSB0bwpjb21lIGhvbWUgZm9yIGEgd2hpbGUu,,,,,W3t9XQpQb2lzIMOpLCBkZXNjdWxwYS4KTWFzIGVsZSBkaXNzZS4uLgpxdWUgc2VyaWEgdW1hIGJvYQpwaWFkYS4gRSBlbGUgc2VudGUgbXVpdG8sCm1hcyBuw6NvIHZhaSBwb2Rlcgp2b2x0YXIgcGFyYSBjYXNhIHBvciB1bSB0ZW1wby4=,,W3t9XQpTw60sIGxvIHNpZW50by4KUGVybyDDqWwgbWUgZGlqb+KApgpxdWUgc2Vyw61hIHVuYSBidWVuYQpicm9tYS4gWSB0ZSBwaWRlIHBlcmTDs24sCnBlcm8gbm8gcG9kcsOhIAp2b2x2ZXIgYSBjYXNhIHBvciB1biB0aWVtcG8u
1ibX,,W1NldHN1XQpPa2F5LCBJIGZvcmdpdmUgeW91LgpCdXQgb25jZSBJJ20gYWJsZSB0bwp3YWxrIG9uIG15IG93biwgeW91IGhhdmUKdG8gcHJvbWlzZSB0byBidXkgbWUgbHVuY2gKb3IgSSdsbCBiZWF0IHlvdSB1cCwgb2theT8=,,,,,W1NldHN1XQpCZWxlemEsIGV1IHRlIHBlcmRvby4KTWFzIGFzc2ltIHF1ZSBldSBjb25zZWd1aXIKYW5kYXIgcG9yIGNvbnRhIHByw7NwcmlhLCB2b2PDqiB0ZW0gcXVlCnByb21ldGVyIHF1ZSB2YWkgbWUgcGFnYXIgdW0gYWxtb8OnbwpvdSB2b3UgdGUgZGFyIHVtYSBzdXJyYSwgdMOhPw==,,W1NldHN1XQpFc3TDoSBiaWVuLCB0ZSBwZXJkb25vLgpQZXJvIHVuYSB2ZXogcXVlIHB1ZWRhCmNhbWluYXIgcG9yIG3DrSBtaXNtYSwgdGllbmVzCnF1ZSBwcm9tZXRlciBxdWUgbWUgaW52aXRhcsOhcwp1biBhbG11ZXJ6byBvIHRlIGRhcsOpIHVuYSBwYWxpemEsIMK/c8OtPw==
1ybX,,W3t9XQpBbHJpZ2h0LgpZb3UgZ290IGl0Lg==,,,,,W3t9XQpFc3TDoSBiZW0uCsOJIHBhcmEgasOhLg==,,W3t9XQpEZSBhY3VlcmRvLgpEZSBhY3VlcmRvLg==
2CbX,,W3t9XQpBd3d3LCBoZXkuLi4KRG9uJ3QgY3J5LCBva2F5PwpMaXN0ZW4sIHlvdSBzYWlkIHRoYXQKeW91J2xsIGRvIHlvdXIgYmVzdCB0bwp3YWxrIG9uIHlvdXIgb3duLCByaWdodD8=,,,,,W3t9XQpBd3d3LCBlaS4uLgpOw6NvIGNob3JhLCBiZWxlemE/Ck9saGEsIHZvY8OqIGRpc3NlIHF1ZQpmYXLDoSBvIHBvc3PDrXZlbCBwYXJhCmFuZGFyIHBvciBjb250YSBwcsOzcHJpYSwgY2VydG8/,,W3t9XQpBeXl5LCBveWXigKYKTm8gbGxvcmVzLCDCv3F1aWVyZXM/CkVzY3VjaGEsIGRpamlzdGUgcXVlCmhhcsOhcyB0b2RvIGxvIHBvc2libGUgcGFyYQpjYW1pbmFyIHBvciB0aSBtaXNtYSwgwr9ubz8=
2SbX,,W1NldHN1XQpeMzMzMzMzKlNuaWZmLi4uKl4wMDAwMDAKWS15ZWFoLi4u,,,,,W1NldHN1XQpeMzMzMzMzKlNuaWZmLi4uKl4wMDAwMDAKUy1TaW0uLi4=,,W1NldHN1XQpeRkYyNDAwKlNvbGxvemEqXjAwMDAwMApTLXPDreKApg==
2ibX,,W3t9XQpBbHJpZ2h0IHRoZW4sIG9uY2UKeW91J3JlIGFibGUgdG8gd2FsayBvbgp5b3VyIHZlcnkgb3duLCBJIHByb21pc2UKdGhhdCBJJ2xsIHRyZWF0IHlvdSB0byBsdW5jaApvciBzb21ldGhpbmcsIG9rYXk/,,,,,W3t9XQpDZXJ0bywgZW50w6NvLCBhc3NpbSBxdWUKdm9jw6ogcHVkZXIgYW5kYXIgcG9yIGNvbnRhIHByw7NwcmlhLApldSBwcm9tZXRvCnF1ZSB2b3UgY29udmlkw6EtbGEgcGFyYSBhbG1vw6dhcgpvdSBhbGdvIGFzc2ltLCBiZWxlemE/,,W3t9XQpEZSBhY3VlcmRvIGVudG9uY2VzLCB1bmEgdmV6CnF1ZSBwdWVkYXMgY2FtaW5hciBwb3IKdHUgY3VlbnRhLCB0ZSBwcm9tZXRvCnF1ZSB0ZSBpbnZpdGFyw6kgYSBjb21lcgphbGdvLCDCv2VzdMOhIGJpZW4/
2ybX,,W1NldHN1XQpSZWFsbHk/ISBZYWFhYWF5fgpCdXQgeW91IGdvdHRhIHJlbWVtYmVyCnlvdSBwcm9taXNlZCwgb3IgSSdsbCBnZXQKbWFkIGF0IHlvdSBhbmQgYmVhdCB5b3UgdXAh,,,,,W1NldHN1XQpTw6lyaW8/ISBVaHVsfgpNYXMgdm9jw6ogbsOjbyBwb2RlIHNlIGVzcXVlY2VyIGRhCnByb21lc3NhLCBvdSB2b3UKZmljYXIgZnVyaW9zYSBjb20gdm9jw6ogZSB0ZSBkYXIgdW1hIHN1cnJhIQ==,,W1NldHN1XQrCv0RlIHZlcmRhZD8gwqFRdcOpIGJpZW4hClBlcm8gdGllbmVzIHF1ZSByZWNvcmRhcgp0dSBwcm9tZXNhIG8gbWUgaGFyw6FzCmVub2phciwgwqF5IHRlIGRhcsOpIHVuYSBwYWxpemEh
3CbX,,W3t9XQpPa2F5IHRoZW4sIGl0J3MgYSBkZWFsIQpTZWUgeW91IGxhdGVyLCBTZXRzdSwgYW5kCmdvb2QgbHVjayB3aXRoIHlvdXIgd2Fsa2luZwp0cmFpbmluZywgYWxyaWdodD8gR29vZGJ5ZX4=,,,,,W3t9XQpDZXJ0bywgY29tYmluYWRvIQpBdMOpIG1haXMsIFNldHN1LCBlCmJvYSBzb3J0ZSBjb20gc2V1IHRyZWluYW1lbnRvCmRlIGNhbWluaGFkYSwgdml1PyBUY2hhdSE=,,W3t9XQpEZSBhY3VlcmRvIGVudG9uY2VzLCDCoXRyYXRvIGhlY2hvIQpIYXN0YSBsdWVnbywgU2V0c3UsIHkKYnVlbmEgc3VlcnRlIGNvbiB0dSBlbnRyZW5hbWllbnRvCnBhcmEgY2FtaW5hciwgwr9kZSBhY3VlcmRvPyBBZGnDs3Mu
3SbX,,W1NldHN1XQpUaGFua3Mgc28gbXVjaCEKR29vZCBsdWNrIHRvIHlvdSwgdG9vIQ==,,,,,W1NldHN1XQpNdWl0byBvYnJpZ2FkYSEKQm9hIHNvcnRlIHBhcmEgdm9jw6ogdGFtYsOpbSE=,,W1NldHN1XQrCoU11Y2hhcyBncmFjaWFzIQrCoUJ1ZW5hIHN1ZXJ0ZSBhIHRpIHRhbWJpw6luIQ==
3ibX,,W0NyaXBwbGVkIEdpcmxdClRoYW5rIHlvdSBzb29vCm11Y2ggZm9yIGxldHRpbmcKbWUga25vdyBob3cgbXkKYnJvdGhlciBpcyBkb2luZyEKSSd2ZSBiZWVuIHJlYWxseQp3b3JyaWVkIGFib3V0IGhpbX4=,,,,,W0dhcm90YSBBbGVpamFkYV0KTXVpdG8gb2JyaWdhZGEKcG9yIG1lIGluZm9ybWFyCmNvbW8gbWV1CmlybcOjbyBlc3TDoSBpbmRvIQpFdSBlc3RhdmEgbXVpdG8KcHJlb2N1cGFkYSBjb20gZWxlfg==,,W0NoaWNhIGludsOhbGlkYV0KwqFNdXV1Y2hhcyBncmFjaWFzCnBvciBjb250YXJtZQpjw7NtbyBlc3TDoSAKbWkgaGVybWFubyEKRXN0YWJhIG11eQpwcmVvY3VwYWRhIHBvciDDqWwu
3ybX,,XjMzNTVGRlRoZSBkb29yIGlzIGxvY2tlZC5eMDAwMDAw,,,,,XjMzNTVGRkEgcG9ydGEgZXN0w6EgdHJhbmNhZGEuXjAwMDAwMA==,,XjI1MDJGRExhIHB1ZXJ0YSBlc3TDoSBjZXJyYWRhIGNvbiBsbGF2ZS5eMDAwMDAw
4CbX,,W0NpdGl6ZW5dCkknbSBzb3JyeSwgYnV0IGFub3RoZXIKZXBpZGVtaWMgaXMgc3RhcnRpbmcgdG8Kc3ByZWFkIGFyb3VuZCB0aGUgc2x1bXMuCldlJ3JlIG5vdCBnb2luZyBvdXRzaWRlIGFuZF5GRkZGRkYgICAgICAgXjAwMDAwMCB3ZSdyZSBrZWVwaW5nIG91ciBjaGlsZHJlbiBzYWZlIQ==,,,,,W0NpdmlsXQpMYW1lbnRvLCBtYXMgb3V0cmEKZXBpZGVtaWEgZXN0w6EgY29tZcOnYW5kbyBhCnNlIGVzcGFsaGFyIHBlbGFzIGZhdmVsYXMuCk7Do28gdmFtb3Mgc2FpciBlXkZGRkZGRiAgICAgICBeMDAwMDAwIGVzdGFtb3MgbWFudGVuZG8gbm9zc29zIGZpbGhvcyBzZWd1cm9zIQ==,,W0NpdWRhZGFub10KTG8gc2llbnRvLCBwZXJvIGhheQpvdHJhIGVwaWRlbWlhIGV4cGFuZGnDqW5kb3NlCnBvciBsb3MgYmFycmlvcyBiYWpvcy4KwqFFdml0YW1vcyBzYWxpciBhIGxhIGNhbGxlIHleRkZGRkZGXjAwMDAwMCBtYW50ZW5lbW9zIGEgc2Fsdm8gYSBudWVzdHJvcyBoaWpvcyE=
4SbX,,W0NpdGl6ZW5dCk5vdCB0byBiZSB1bmZyaWVuZGx5LApidXQgeW91IHNob3VsZCBiZSBjYXJlZnVsCnRvby4gVGhlIGxpdmluZyBjb25kaXRpb25zCm9mIHRoaXMgYXJlYSBhcmVuJ3QgZXhhY3RseQpzYW5pdGFyeSwgeW91IGtub3c/,,,,,W0NpdmlsXQpTZW0gcXVlcmVyIHNlciBydWRlLAptYXMgdm9jw6ogZGV2aWEgdGVyIGN1aWRhZG8KdGFtYsOpbS4gQXMgY29uZGnDp8O1ZXMgZGUgdmlkYQpkZXNzYSDDoXJlYSBuw6NvIHPDo28gZXhhdGFtZW50ZQpoaWdpw6puaWNhcywgc2FiaWE/,,W0NpdWRhZGFub10KTm8gZXMgcG9yIHNlciBhbnRpcMOhdGljbywKcGVybyBkZWJlcyB0ZW5lciBjdWlkYWRvCnRhbWJpw6luLiBMYXMgY29uZGljaW9uZXMgZGUgdmlkYQpkZSBlc3RhIHpvbmEgbm8gc29uIGV4YWN0YW1lbnRlCmhpZ2nDqW5pY2FzLCDCv3NhYmVzPw==
4ibX,,U2hheW5h,,,,,U2hheW5h,,U2hheW5h
4ybX,,W1NoYXluYV0KXjMzMzMzMypTaWdoLi4uKl4wMDAwMDAKT2gsIHlvdSBwb29yCmRhcmxpbmcgZ2lybC4uLg==,,,,,W1NoYXluYV0KXjMzMzMzMypTdXNwaXJvLi4uKl4wMDAwMDAKQWgsIHBvYnJlCmJvYSBnYXJvdGEuLi4=,,W1NoYXluYV0KXkZGMjQwMCpTdXNwaXJhKl4wMDAwMDAKT2gsIHBvYnJlCm5pw7FhIHF1ZXJpZGHigKY=
5CbX,,Li4uLi4uLi4uLi4uLg==,,,,,Li4uLi4uLi4uLi4uLg==,,Li4uLi4uLi4uLi4uLg==
5SbX,,KlNoaGh6enp6enp6ISo=,,,,,KlNoaGh6enp6enp6ISo=,,KsKhU2hoaHp6enp6enohKg==
5ibX,,Wz8/Pz9dCi4uLi4uLi4uLi4u,,,,,Wz8/Pz9dCi4uLi4uLi4uLi4u,,W8K/wr/Cvz8/P10KLi4uLi4uLi4uLi4=
5ybX,,Wz8/Pz9dCl5GRjAwMDAuLi5JJ20gc29ycnkuLi4KLi4uLi4uSSBhcHByZWNpYXRlCnRoYXQgeW91Li4uLi4uLi4uLi4uLg==,,,,,Wz8/Pz9dCl5GRjAwMDAuLi5EZXNjdWxwYS4uLgouLi4uLi5BZ3JhZGXDp28gcG9yCnZvY8OqLi4uLi4uLi4uLi4uLg==,,W8K/wr/Cvz8/P10KXjY2MDAwMOKApiBMbyBzaWVudG/igKYK4oCmQXByZWNpbwpxdWUgdMO64oCm
6CbX,,W3t9XQpILWh1aD8hCldoYXQgd2FzIHRoYXQ/ClRoYXQgY2FuJ3QgYmUgdGhlCndpbmQsIEkgbXVzdCBiZQpoZWFyaW5nIHRoaW5ncyBhZ2Fpbi4uLg==,,,,,W3t9XQpILUjDoz8hCk8gcXVlIGZvaSBpc3NvPwpOw6NvIHBvZGUgc2VyIG8KdmVudG8sIGV1IGRldm8gZXN0YXIKb3V2aW5kbyBjb2lzYXMgZGUgbm92by4uLg==,,W3t9XQrCocK/US1xdcOpPyEKwr9RdcOpIGZ1ZSBlc28/CkVzbyBubyBwdWVkZSBzZXIgZWwKdmllbnRvLiBEZWJvIGVzdGFyCmVzY3VjaGFuZG8gY29zYXMgZGUgbnVldm/igKY=
6SbX,,W3t9XQpXYWl0LiBJIHRob3VnaHQgSSB3YXMKcmlkIG9mIHRob3NlIHRob3VnaHRzCm9yIHNwaXJpdHMsIHdoYXRldmVyIHdhcyAKaGF1bnRpbmcgbWUgYmVmb3JlLiBNYXliZQp0aGV5IHN0aWxsIHdhbnQgbWUgdG8gZG8Kc29tZXRoaW5nIGZvciB0aGVtLiBIbW1tLi4u,,,,,W3t9XQpFc3BlcmEuIEV1IHBlbnNlaSBxdWUgZXN0YXZhCmxpdnJlIGRhcXVlbGVzIHBlbnNhbWVudG9zCm91IGVzcMOtcml0b3MsIG8gcXVlIHF1ZXIgcXVlIGVzdGl2ZXNzZSAKbWUgYXNzb21icmFuZG8uIFRhbHZlegplbGVzIGFpbmRhIHF1ZWlyYW0gcXVlIGV1IGZhw6dhCmFsZ28gcG9yIGVsZXMuIEh1bW1tLi4u,,W3t9XQpFc3BlcmEuIFBlbnPDqSBxdWUgbWUgaGFiw61hCmRlc2hlY2hvIGRlIGVzb3MgcGVuc2FtaWVudG9zCm8gZXNww61yaXR1cyBvIGxvIHF1ZSBmdWVyYSAKcXVlIG1lIGF0b3JtZW50YWJhLiBRdWl6w6EgCnRvZGF2w61hIHF1aWVyZW4gcXVlIGhhZ2EKYWxnbyBwb3IgZWxsb3MuIE1tbW3igKY=
6ibX,,W3t9XQpJIGdldCB0aGUgZmVlbGluZyB0aGF0CmFsbCBvZiB0aGVpciBzdWZmZXJpbmcKaXMgdGllZCB0byB0aGUgXkZGMDAwMFJla2VuYmVyCkNvcnBvcmF0aW9uXjAwMDAwMCBhbmQgdGhhdApeRkYwMDAwUmVnZW5zY2hpcm0gTGFib3JhdG9yeV4wMDAwMDAu,,,,,W3t9XQpUZW5obyBhIHNlbnNhw6fDo28gZGUgcXVlCnRvZG8gbyBzb2ZyaW1lbnRvIGRlbGVzCmVzdMOhIGxpZ2FkbyDDoCBeRkYwMDAwQ29ycG9yYcOnw6NvClJla2VuYmVyXjAwMDAwMCBlIGFvCl5GRjAwMDBMYWJvcmF0w7NyaW8gUmVnZW5zY2hpcm1eMDAwMDAwLg==,,W3t9XQpUZW5nbyBsYSBzZW5zYWNpw7NuIGRlIHF1ZQp0b2RvIHN1IHN1ZnJpbWllbnRvCmVzdMOhIHZpbmN1bGFkbyBhIGxhIF42NjAwMDBDb3Jwb3JhY2nDs24KUmVrZW5iZXJeMDAwMDAwIHkgYSBlc2UKXjY2MDAwMExhYm9yYXRvcmlvIGRlIFJlZ2Vuc2NoaXJtXjAwMDAwMC4=
6ybX,,UmVwcmVzZW50YXRpdmU=,,,,,UmVwcmVzZW50YW50ZQ==,,UmVwcmVzZW50YW50ZQ==
7CbX,,W1JlcHJlc2VudGF0aXZlXQpHcmVldGluZ3MsIGFuZCB3ZWxjb21lCnRvIHRoZSBSZWtlbmJlciBDb3Jwb3JhdGlvbi4KSG93IG1heSBJIGJlIG9mIHNlcnZpY2UgdG9kYXk/,,,,,W1JlcHJlc2VudGFudGVdClNhdWRhw6fDtWVzIGUgYm9hcy12aW5kYXMKw6AgQ29ycG9yYcOnw6NvIFJla2VuYmVyLgpFbSBxdWUgcG9zc28gc2VyIMO6dGlsIGhvamU/,,W1JlcHJlc2VudGFudGVdClNhbHVkb3MuIFRlIGRveSBsYSBiaWVudmVuaWRhCmEgbGEgQ29ycG9yYWNpw7NuIFJla2VuYmVyLgrCv0VuIHF1w6kgcHVlZG8gc2VydmlydGUgaG95Pw==
7SbX,,QnVpbGRpbmcgSW5mb3JtYXRpb24=,,,,,SW5mb3JtYcOnw7VlcyBzb2JyZSBvIGVkaWbDrWNpbw==,,Q29uc3VsdGFyIGluZm9ybWFjacOzbiBzb2JyZSBlbCBlZGlmaWNpby4=
7ibX,,Q29ycG9yYXRpb24gSGlzdG9yeQ==,,,,,SGlzdMOzcmljbyBkYSBlbXByZXNh,,UHJlZ3VudGFyIHBvciBsYSBoaXN0b3JpYSBkZSBsYSBjb3Jwb3JhY2nDs24u
7ybX,,W1JlcHJlc2VudGF0aXZlXQpQbGVhc2UgdGVsbCBtZQp3aGljaCBmbG9vciB5b3UnZCBsaWtlCnRvIGtub3cgbW9yZSBhYm91dC4=,,,,,W1JlcHJlc2VudGFudGVdClBvciBmYXZvciwgZGlnYS1tZQpzb2JyZSBxdWFsIGFuZGFyIHZvY8OqIGdvc3RhcmlhCmRlIHRlciBtYWlzIGluZm9ybWHDp8O1ZXMu,,W1JlcHJlc2VudGFudGVdClBvciBmYXZvciwgZGltZQpzb2JyZSBxdcOpIHBpc28gZGVzZWFzCnNhYmVyIG3DoXMu
8CbX,,MUY=,,,,,MUE=,,UCAx
8SbX,,MkY=,,,,,MkE=,,UCAy
8ibX,,QjE=,,,,,QjE=,,UyAx
8ybX,,W1JlcHJlc2VudGF0aXZlXQpUaGUgXjMxMzFGRlJla2VuYmVyIExpYnJhcnleMDAwMDAwIGNhbgpiZSBmb3VuZCBhdCB0aGUgZW5kIG9mIHRoZQpsZWZ0IGhhbGx3YXkuIE91ciBsaWJyYXJ5IGlzCmEgZ3JlYXQgcmVzb3VyY2Ugb2YgaW5ub3ZhdGl2ZQppZGVhcyBhbmQgaW5mb3JtYXRpb24gZm9yIG91cgpzeXN0ZW0gZGV2ZWxvcG1lbnQgZW1wbG95ZWVzLg==,,,,,W1JlcHJlc2VudGFudGVdCkEgXjMxMzFGRkJpYmxpb3RlY2EgUmVrZW5iZXJeMDAwMDAwCnBvZGUgc2VyIGVuY29udHJhZGEgbm8gZmluYWwgZG8KY29ycmVkb3IgZXNxdWVyZG8uIE5vc3NhIGJpYmxpb3RlY2Egw6kKdW0gZ3JhbmRlIHJlY3Vyc28gZGUKaWRlaWFzIGUgaW5mb3JtYcOnw7VlcyBpbm92YWRvcmFzIHBhcmEgbm9zc29zCmZ1bmNpb27DoXJpb3MgZGUgZGVzZW52b2x2aW1lbnRvIGRlIHNpc3RlbWFzLg==,,W1JlcHJlc2VudGFudGVdCkxhIF45OTAwMDBCaWJsaW90ZWNhIGRlIFJla2VuYmVyXjAwMDAwMCBlc3TDoSAKYWwgZmluYWwgZGVsCnBhc2lsbG8gaXpxdWllcmRvLiBOdWVzdHJhIGJpYmxpb3RlY2EKZXMgdW5hIGdyYW4gZnVlbnRlIGRlIGlkZWFzCmlubm92YWRvcmFzIGUgaW5mb3JtYWNpw7NuIHBhcmEgbnVlc3Ryb3MKZW1wbGVhZG9zIGRlIGRlc2Fycm9sbG8gZGUgc2lzdGVtYXMu
9CbX,,W1JlcHJlc2VudGF0aXZlXQpUaGUgXjMxMzFGRkJhbGwgUm9vbV4wMDAwMDAsIHdoZXJlCnZhcmlvdXMgb2ZmaWNpYWwgZXZlbnRzIGFyZQp1c3VhbGx5IGhlbGQsIGNhbiBiZSBhY2Nlc3NlZAp0aHJvdWdoIHRoZSByaWdodCBoYWxsd2F5Lg==,,,,,W1JlcHJlc2VudGFudGVdCk8gXjMxMzFGRlNhbMOjbyBkZSBGZXN0YXNeMDAwMDAwLCBvbmRlCnbDoXJpb3MgZXZlbnRvcyBvZmljaWFpcyBzw6NvCm5vcm1hbG1lbnRlIHJlYWxpemFkb3MsIHBvZGUgc2VyIGFjZXNzYWRvCnBlbG8gY29ycmVkb3Igw6AgZGlyZWl0YS4=,,W1JlcHJlc2VudGFudGVdCkVsIF45OTAwMDBTYWzDs24gZGUgYmFpbGVeMDAwMDAwLApkb25kZSBzdWVsZW4gY2VsZWJyYXJzZSB2YXJpb3MgZXZlbnRvcwpvZmljaWFsZXMsIHNlIGVuY3VlbnRyYQphbCBmaW5hbCBkZWwgcGFzaWxsbyBkZSBsYSBkZXJlY2hhLg==
9SbX,,W1JlcHJlc2VudGF0aXZlXQpQbGVhc2UgdXNlIHRoZSBzdGFpcnMKbG9jYXRlZCBvbiBib3RoIHNpZGVzIG9mCnRoZSBIZWxwIERlc2sgdG8gZ28gdG8gdGhlClNlY29uZCBGbG9vci4gVGhlIFNlY29uZApGbG9vciBpcyBtb3N0bHkgdXNlZCBmb3IKYWRtaW5pc3RyYXRpdmUgcHVycG9zZXMu,,,,,W1JlcHJlc2VudGFudGVdClBvciBmYXZvciwgdXNlIGFzIGVzY2FkYXMKbG9jYWxpemFkYXMgbmFzIGxhdGVyYWlzCmRvIEJhbGPDo28gZGUgSW5mb3JtYcOnw7VlcyBwYXJhIGlyIHBhcmEgbwpzZWd1bmRvIGFuZGFyLiBPIHNlZ3VuZG8gYW5kYXIKw6kgdXNhZG8gcHJpbmNpcGFsbWVudGUgcGFyYQpmaW5zIGFkbWluaXN0cmF0aXZvcy4=,,W1JlcHJlc2VudGFudGVdClBvciBmYXZvciwgdXNhIGxhcyBlc2NhbGVyYXMKdWJpY2FkYXMgYSBhbWJvcyBsYWRvcyBkZQpsYSBtZXNhIGRlIGF5dWRhIHBhcmEgYWNjZWRlciBhbApzZWd1bmRvIHBpc28uIEVsIHNlZ3VuZG8KcGlzbyBzZSB1c2EgcHJpbmNpcGFsbWVudGUgcGFyYQpmaW5lcyBhZG1pbmlzdHJhdGl2b3Mu
9ibX,,W1JlcHJlc2VudGF0aXZlXQpUaGVyZSwgeW91IGNhbiBmaW5kCnRoZSBeMzEzMUZGQ29uZmVyZW5jZSBSb29tXjAwMDAwMCwKXjMxMzFGRlNlY3JldGFyeSdzIE9mZmljZV4wMDAwMDAsIHRoZQpeMzEzMUZGQXVkaXRvcml1bV4wMDAwMDAgYW5kIHRoZQpeMzEzMUZGQ2hhaXJtYW4ncyBPZmZpY2VeMDAwMDAwLg==,,,,,W1JlcHJlc2VudGFudGVdCkzDoSwgdm9jw6ogcG9kZSBlbmNvbnRyYXIKYSBeMzEzMUZGU2FsYSBkZSBDb25mZXLDqm5jaWFzXjAwMDAwMCwgYQpeMzEzMUZGU2VjcmV0YXJpYV4wMDAwMDAsIG8KXjMxMzFGRkF1ZGl0w7NyaW9eMDAwMDAwIGUgbwpeMzEzMUZGR2FiaW5ldGUgZG8gUHJlc2lkZW50ZV4wMDAwMDAu,,W1JlcHJlc2VudGFudGVdCkFsbMOtIGVuY29udHJhcsOhcwpsYSBeOTkwMDAwU2FsYSBkZSBjb25mZXJlbmNpYXNeMDAwMDAwLCBsYQpeOTkwMDAwT2ZpY2luYSBkZSBsYSBzZWNyZXRhcmlhXjAwMDAwMCwgZWwKXjk5MDAwMEF1ZGl0b3Jpb14wMDAwMDAgeSBlbApeOTkwMDAwRGVzcGFjaG8gZGVsIHByZXNpZGVudGVeMDAwMDAwLg==
9ybX,,W1JlcHJlc2VudGF0aXZlXQpUaGUgZmlyc3QgdW5kZXJncm91bmQgZmxvb3IKaXMgdXNlZCBieSBeMzEzMUZGUmVnZW5zY2hpcm1eMDAwMDAwLApvdXIgbGFib3JhdG9yeSBhZmZpbGlhdGUuIEZvcgpzZWN1cml0eSByZWFzb25zLCB0aGlzIGZsb29yCmlzIG5vdCBhY2Nlc3NpYmxlIHRvIHZpc2l0b3JzLg==,,,,,W1JlcHJlc2VudGFudGVdCk8gcHJpbWVpcm8gYW5kYXIgc3VidGVycsOibmVvCsOpIHVzYWRvIHBlbG8gXjMxMzFGRlJlZ2Vuc2NoaXJtXjAwMDAwMCwKbm9zc28gbGFib3JhdMOzcmlvIGFmaWxpYWRvLiBQb3IKcmF6w7VlcyBkZSBzZWd1cmFuw6dhLCBlc3NlIGFuZGFyCm7Do28gw6kgYWNlc3PDrXZlbCBhb3MgdmlzaXRhbnRlcy4=,,W1JlcHJlc2VudGFudGVdCkVuIHByaW1lciBzdWJzdWVsbwpwZXJ0ZW5lY2UgYSBeOTkwMDAwUmVnZW5zY2hpcm1eMDAwMDAwLApudWVzdHJvIGxhYm9yYXRvcmlvIGFmaWxpYWRvLiBQb3IKcmF6b25lcyBkZSBzZWd1cmlkYWQsIGVzdGUgcGlzbwpubyBlcyBhY2Nlc2libGUgcGFyYSBsb3MgdmlzaXRhbnRlcy4=
+CbX,,W1JlcHJlc2VudGF0aXZlXQpXZSBhcmUgYWx3YXlzIGRvaW5nIG91cgpiZXN0IHRvIHByb3ZpZGUgdGhlIGJlc3QKc2VydmljZXMgdG8gb3VyIGN1c3RvbWVycy4KUmVtZW1iZXIgdGhhdCBSZWtlbmJlcgppcyB0aGUgbmFtZSB5b3UgY2FuIHRydXN0LgpUaGFuayB5b3UgYW5kIGhhdmUgYSBuaWNlIGRheS4=,,,,,W1JlcHJlc2VudGFudGVdCkVzdGFtb3Mgc2VtcHJlIGZhemVuZG8gbyBwb3Nzw612ZWwKcGFyYSBvZmVyZWNlciBvcyBtZWxob3JlcwpzZXJ2acOnb3MgYW9zIG5vc3NvcyBjbGllbnRlcy4KTGVtYnJlLXNlIGRlIHF1ZSBhIFJla2VuYmVyCsOpIG8gbm9tZSBlbSBxdWUgdm9jw6ogcG9kZSBjb25maWFyLgpPYnJpZ2FkbyBlIHRlbmhhIHVtIGJvbSBkaWEu,,W1JlcHJlc2VudGFudGVdClNpZW1wcmUgbm9zIGVzZm9yemFtb3MgYWwKbcOheGltbyBwYXJhIG9mcmVjZXIgbG9zIG1lam9yZXMKc2VydmljaW9zIGEgbnVlc3Ryb3MgY2xpZW50ZXMuClJlY3VlcmRhIHF1ZSBSZWtlbmJlcgplcyB1biBub21icmUgZW4gZWwgcXVlIHB1ZWRlcyBjb25maWFyLgpHcmFjaWFzIHkgcXVlIHRlbmdhcyB1biBidWVuIGTDrWEu
+SbX,,W1JlcHJlc2VudGF0aXZlXQpJZiB5b3UncmUgaW50ZXJlc3RlZCBpbgpsZWFybmluZyB0aGUgaGlzdG9yeSBvZgpvdXIgY29ycG9yYXRpb24sIHBsZWFzZQpzcGVhayB0byB0aGUgcmVwcmVzZW50YXRpdmUKaW5zaWRlIG91ciBMaWJyYXJ5LiBUaGFuayB5b3Uu,,,,,W1JlcHJlc2VudGFudGVdClNlIHZvY8OqIHF1aXNlcgpjb25oZWNlciBhIGhpc3TDs3JpYSBkZQpub3NzYSBjb3Jwb3Jhw6fDo28sIHBvciBmYXZvciwKZmFsZSBjb20gbyByZXByZXNlbnRhbnRlCmVtIG5vc3NhIGJpYmxpb3RlY2EuIE9icmlnYWRvLg==,,W1JlcHJlc2VudGFudGVdClNpIHRlIGludGVyZXNhCmNvbm9jZXIgbGEgaGlzdG9yaWEgZGUKbnVlc3RyYSBjb3Jwb3JhY2nDs24sCmhhYmxhIGNvbiBlbCByZXByZXNlbnRhbnRlCmVuIG51ZXN0cmEgQmlibGlvdGVjYS4gR3JhY2lhcy4=
+ibX,,W1JlcHJlc2VudGF0aXZlXQpQbGVhc2UgaGVhZCBkb3duCnRoZSBoYWxsd2F5IHRvIHRoZSBsZWZ0IGluCm9yZGVyIHRvIGZpbmQgb3VyIExpYnJhcnkuClRoYW5rIHlvdSBhbmQgaGF2ZSBhIG5pY2UgZGF5Lg==,,,,,W1JlcHJlc2VudGFudGVdClBvciBmYXZvciwgZGVzw6dhIG8KbyBjb3JyZWRvciDDoCBlc3F1ZXJkYQpwYXJhIGVuY29udHJhciBub3NzYSBiaWJsaW90ZWNhLgpPYnJpZ2FkbyBlIHRlbmhhIHVtIGJvbSBkaWEu,,W1JlcHJlc2VudGFudGVdClBvciBmYXZvciwgZGlyw61nZXRlCmFsIHBhc2lsbG8gZGUgbGEgaXpxdWllcmRhCnBhcmEgYWNjZWRlciBhIG51ZXN0cmEgQmlibGlvdGVjYS4KR3JhY2lhcyB5IHF1ZSB0ZW5nYXMgdW4gYnVlbiBkw61hLg==
+ybX,,QnVpbGRpbmcgSW5mb3JtYXRpb24u,,,,,SW5mb3JtYcOnw7VlcyBzb2JyZSBvIGVkaWbDrWNpby4=,,Q29uc3VsdGFyIGluZm9ybWFjacOzbiBzb2JyZSBlbCBlZGlmaWNpby4=
/CbX,,W1JlcHJlc2VudGF0aXZlXQpXZWxjb21lIHRvIHRoZQpSZWtlbmJlciBDb3Jwb3JhdGlvbi4KSG93IG1heSBJIGhlbHAgeW91Pw==,,,,,W1JlcHJlc2VudGFudGVdCkJvYXMtdmluZGFzIMOgCkNvcnBvcmHDp8OjbyBSZWtlbmJlci4KRW0gcXVlIHBvc3NvIGFqdWRhcj8=,,W1JlcHJlc2VudGFudGVdClRlIGRhbW9zIGxhIGJpZW52ZW5pZGEgYSBsYQpDb3Jwb3JhY2nDs24gUmVrZW5iZXIuCsK/RW4gcXXDqSBwdWVkbyBheXVkYXJ0ZT8=
/SbX,,UmVrZW5iZXIncyBCdXNpbmVzc2Vz,,,,,TmVnw7NjaW9zIGRhIFJla2VuYmVy,,SGFibGFyIHNvYnJlIGxvcyBuZWdvY2lvcyBkZSBSZWtlbmJlci4=
/ibX,,W1JlcHJlc2VudGF0aXZlXQpSZWtlbmJlciB3YXMgZXN0YWJsaXNoZWQKNDAwIHllYXJzIGFnbywgYXJvdW5kIHRoZQpzYW1lIHRpbWUgYXMgdGhlIGZvdW5kYXRpb24Kb2YgdGhlIFNjaHdhbHR6dmFsdCBSZXB1YmxpYy4=,,,,,W1JlcHJlc2VudGFudGVdCkEgUmVrZW5iZXIgZm9pIGZ1bmRhZGEKNDAwIGFub3MgYXRyw6FzLCBwb3Igdm9sdGEgZGEKbWVzbWEgw6lwb2NhIGRhIGZ1bmRhw6fDo28KZGEgUmVww7pibGljYSBkZSBTY2h3YXJ0endhbGQu,,W1JlcHJlc2VudGFudGVdClJla2VuYmVyIHNlIGZ1bmTDsyAKaGFjZSA0MDAgYcOxb3MsIHByw6FjdGljYW1lbnRlCmFsIG1pc21vIHRpZW1wbyBlbiBxdWUgc2UgZnVuZMOzIApsYSBSZXDDumJsaWNhIGRlIFNjaHdhcnp3YWxkLg==
/ybX,,W1JlcHJlc2VudGF0aXZlXQpXZSBiZWdhbiBhcyB0aGUgJydaZW50IFplcnRlcgpMaWdodGhhbCBSZXNlYXJjaCBDZW50ZXIsJycKbmFtZWQgYWZ0ZXIgb3VyIGZpcnN0IGNoYWlybWFuLgpJbiA1NjAgQS5XLiAoQWZ0ZXIgV2FyKSwgb3VyCm9yZ2FuaXphdGlvbiB3YXMgcmVuYW1lZCBhZnRlcgpvdXIgbmV3IGNoYWlybWFuLCBNci4gUmVrZW5iZXIu,,,,,W1JlcHJlc2VudGFudGVdCkNvbWXDp2Ftb3MgY29tbyBvICJaZW50IFplcnRlcgpDZW50cm8gZGUgUGVzcXVpc2EgTGlnaHRoYWwiLApub21lYWRvIGVtIGhvbWVuYWdlbSBhbyBub3NzbyBwcmltZWlybyBwcmVzaWRlbnRlLgpFbSA1NjAgQS5XLiAoZGVwb2lzIGRhIGd1ZXJyYSksIG5vc3NhCm9yZ2FuaXphw6fDo28gZm9pIHJlbm9tZWFkYSBlbSBob21lbmFnZW0gYW8Kbm9zc28gbm92byBwcmVzaWRlbnRlLCBvIFNyLiBSZWtlbmJlci4=,,W1JlcHJlc2VudGFudGVdCkVtcGV6YW1vcyBjb21vIGVsIOKAnENlbnRybwpkZSBJbnZlc3RpZ2FjacOzbiBaZW50IFplcnRlciBMaWdodGhhbOKAnSwKZW4gaG9ub3IgYSBudWVzdHJvIHByaW1lciBwcmVzaWRlbnRlLgpFbiA1NjAgZC5nLiAoZGVzcHXDqXMgZGUgbGEgZ3VlcnJhKSwgbnVlc3RyYQpvcmdhbml6YWNpw7NuIHNlIHJlYmF1dGl6w7MgY29uIGVsIG5vbWJyZSBkZWwKbnVldm8gcHJlc2lkZW50ZSwgZWwgc2XDsW9yIFJla2VuYmVyLg==
ACfX,,W1JlcHJlc2VudGF0aXZlXQpNci4gUmVrZW5iZXIgZXhwYW5kZWQgdGhlCkNvcnBvcmF0aW9uJ3MgcHVycG9zZXMsIGJ1dAphbHNvIGZvdW5kZWQgdGhlIFJlZ2Vuc2NoaXJtCkxhYm9yYXRvcnkgdG8gY29udGludWUgdGhpcwpjb21wYW55J3Mgb3JpZ2luYWwgZ29hbCBvZgpzY2llbnRpZmljIHJlc2VhcmNoLg==,,,,,W1JlcHJlc2VudGFudGVdCk8gU3IuIFJla2VuYmVyIGV4cGFuZGl1Cm9zIG9iamV0aXZvcyBkYSBjb3Jwb3Jhw6fDo28sIG1hcwp0YW1iw6ltIGZ1bmRvdSBvCkxhYm9yYXTDs3JpbyBSZWdlbnNjaGlybSBwYXJhIGRhciBjb250aW51aWRhZGUgYW8Kb2JqZXRpdm8gb3JpZ2luYWwgZGEgZW1wcmVzYSBkZQpwZXNxdWlzYSBjaWVudMOtZmljYS4=,,W1JlcHJlc2VudGFudGVdCkVsIHNlw7FvciBSZWtlbmJlciBhbXBsacOzIGxhcwptZXRhcyBkZSBsYSBDb3Jwb3JhY2nDs24sIHBlcm8KdGFtYmnDqW4gZnVuZMOzIGVsIGxhYm9yYXRvcmlvClJlZ2Vuc2NoaXJtIHBhcmEgY29udGludWFyIGNvbiBlbApvYmpldGl2byBvcmlnaW5hbCBkZSBsYSBlbXByZXNhOgpsYSBpbnZlc3RpZ2FjacOzbiBjaWVudMOtZmljYS4=
ASfX,,W1JlcHJlc2VudGF0aXZlXQpJbiB0aGUgeWVhciA3MDAgQS5XLiwKXkZGMDAwMERvY3RvciBWYXJtdW50XjAwMDAwMCBqb2luZWQKUmVnZW5zY2hpcm0uIEl0IHdhcyBoaXMgd29yawppbiBzY2llbmNlIHRoYXQgZW5hYmxlZCB0aGUKUmVrZW5iZXIgQ29ycG9yYXRpb24gdG8gZ3Jvd15GRkZGRkYgICAgIF4wMDAwMDAgaW50byB0aGUgbmF0aW9uJ3MgYmlnZ2VzdCBjb21wYW55Lg==,,,,,W1JlcHJlc2VudGFudGVdCk5vIGFubyBkZSA3MDAgQS5XLiwgbwpeRkYwMDAwRG91dG9yIFZhcm11bnReMDAwMDAwIGp1bnRvdS1zZSBhbwpSZWdlbnNjaGlybS4gRm9pIHNldSB0cmFiYWxobwpuYSBjacOqbmNpYSBxdWUgcGVybWl0aXUgcXVlIGEKQ29ycG9yYcOnw6NvIFJla2VuYmVyIGNyZXNjZXNzZV5GRkZGRkYgICAgIF4wMDAwMDAgZSBzZSB0b3JuYXNzZSBhIG1haW9yIGVtcHJlc2EgZG8gcGHDrXMu,,W1JlcHJlc2VudGFudGVdCkVuIGVsIGHDsW8gNzAwIGQuZy4sCmVsIF42NjAwMDBkb2N0b3IgVmFybXVuZHReMDAwMDAwIHNlIHVuacOzIGEKUmVnZW5zY2hpcm0uIEZ1ZSBzdSB0cmFiYWpvCmNpZW50w61maWNvIGxvIHF1ZSBwZXJtaXRpw7MgCnF1ZSBsYSBDb3Jwb3JhY2nDs24gUmVrZW5iZXIgc2UgY29udmlydGllcmFeRkZGRkZGIF4wMDAwMDBlbiBsYSBtYXlvciBlbXByZXNhIGRlbCBwYcOtcy4=
AifX,,W1JlcHJlc2VudGF0aXZlXQpJbiBhZGRpdGlvbiB0byBtZXJjaGFuZGlzaW5nLApmcmVpZ2h0IHRyYW5zcG9ydCBhbmQgdHJhZGluZywKdGhlIFJla2VuYmVyIENvcnBvcmF0aW9uIGlzCmFsc28gaGVhdmlseSBpbnZvbHZlZCB3aXRoCnByb3ZpZGluZyB0aGUgQWlyc2hpcCBzZXJ2aWNlLApvbmUgb2Ygb3VyIG1ham9yIHByb2plY3RzLg==,,,,,W1JlcHJlc2VudGFudGVdCkFsw6ltIGRlIG1lcmNoYW5kaXNpbmcsCnRyYW5zcG9ydGUgZGUgY2FyZ2EgZSBjb23DqXJjaW8sCmEgQ29ycG9yYcOnw6NvIFJla2VuYmVyIHRhbWLDqW0gZXN0w6FtdWl0byBlbnZvbHZpZGEKY29tIG8gZm9ybmVjaW1lbnRvIGRvIHNlcnZpw6dvIGRlIGRpcmlnw612ZWlzLAp1bSBkZSBub3Nzb3MgcHJpbmNpcGFpcyBwcm9qZXRvcy4=,,W1JlcHJlc2VudGFudGVdCkFkZW3DoXMgZGUgbGEgbWVyY2Fkb3RlY25pYSwKZWwgdHJhbnNwb3J0ZSB5IGVsIGNvbWVyY2lvIGRlIG1lcmNhbmPDrWFzLApsYSBDb3Jwb3JhY2nDs24gUmVrZW5iZXIgdGFtYmnDqW4KZXN0w6EgbXV5IGludm9sdWNyYWRhIGVuIGxhCnByZXN0YWNpw7NuIGRlbCBzZXJ2aWNpbyBkZSBhZXJvbmF2ZXMsCnVubyBkZSBudWVzdHJvcyBwcmluY2lwYWxlcyBwcm95ZWN0b3Mu
AyfX,,W1JlcHJlc2VudGF0aXZlXQpSZWtlbmJlciBpcyBpbnZvbHZlZCBpbgphbG1vc3QgYW55IGJ1c2luZXNzIHRoYXQKeW91IGNhbiBpbWFnaW5lLiBSZW1lbWJlcgp0aGF0IFJla2VuYmVyIGlzIHRoZSBuYW1lCnRoYXQgeW91IGNhbiB0cnVzdC4=,,,,,W1JlcHJlc2VudGFudGVdCkEgUmVrZW5iZXIgZXN0w6EgZW52b2x2aWRhIGVtCnF1YXNlIHRvZG9zIG9zIG5lZ8OzY2lvcyBxdWUKdm9jw6ogcG9zc2EgaW1hZ2luYXIuIExlbWJyZS1zZSwKYSBSZWtlbmJlciDDqSBvIG5vbWUKZW0gcXVlIHZvY8OqIHBvZGUgY29uZmlhci4=,,W1JlcHJlc2VudGFudGVdClJla2VuYmVyIHBhcnRpY2lwYSBlbgpjYXNpIGN1YWxxdWllciBuZWdvY2lvCnF1ZSBwdWVkYXMgaW1hZ2luYXIuIFJlY3VlcmRhCnF1ZSBSZWtlbmJlciBlcyB1biBub21icmUKZW4gZWwgcXVlIHB1ZWRlcyBjb25maWFyLg==
BCfX,,W1JlcHJlc2VudGF0aXZlXQpJZiB5b3UnZCBsaWtlIHRvIGtub3cgbW9yZQphYm91dCBvdXIgbWlzc2lvbiBzdGF0ZW1lbnQsCnBsZWFzZSByZWZlciB0byB0aGUgUmVrZW5iZXIKR3VpZGVib29rIGxvY2F0ZWQgdG8gbXkgc2lkZS4KVGhhbmsgeW91IGFuZCBoYXZlIGEgbmljZSBkYXku,,,,,W1JlcHJlc2VudGFudGVdClNlIHZvY8OqIHF1aXNlciBzYWJlciBtYWlzCnNvYnJlIG5vc3NhIG1pc3PDo28sCmNvbnN1bHRlIG8gR3VpYSBkYSBSZWtlbmJlcgpxdWUgZXN0w6EgYW8gbWV1IGxhZG8uCk9icmlnYWRvIGUgdGVuaGEgdW0gYm9tIGRpYS4=,,W1JlcHJlc2VudGFudGVdClNpIHF1aWVyZXMgc2FiZXIgbcOhcwpzb2JyZSBudWVzdHJhIG1pc2nDs24sCmNvbnN1bHRhIGxhIGd1w61hIGRlIFJla2VuYmVyCnF1ZSBlc3TDoSBqdW50byBhIG3DrS4KR3JhY2lhcyB5IHF1ZSB0ZW5nYXMgdW4gYnVlbiBkw61hLg==
BSfX,,UmVrZW5iZXIgR3VpZGVib29r,,,,,R3VpYSBkYSBSZWtlbmJlcg==,,UmVrZW5iZXIgR3VpZGVib29r
BifX,,XjMxMzFGRiNUaGUgVmlzaW9uXjAwMDAwMApJbiB0aGUgcHVyc3VpdCBvZiBrbm93bGVkZ2UsClJla2VuYmVyIHdpbGwgc2VhcmNoIHRoZQpSdW5lLU1pZ2FydCBjb250aW5lbnQgZm9yCmFuY2llbnQgcmVsaWNzLiBXZSBob3BlIHRvIG1ha2UKc2lnbmlmaWNhbnQgc2NpZW50aWZpYyBwcm9ncmVzcyBieSBsZWFybmluZyB0aGUgc2VjcmV0cyBvZiB0aGUgcGFzdC4=,,,,,XjMxMzFGRiNWaXPDo29eMDAwMDAwCkVtIGJ1c2NhIGRlIGNvbmhlY2ltZW50bywKYSBSZWtlbmJlciB2YXNjdWxoYXLDoSBvCmNvbnRpbmVudGUgZGUgUnVuZS1NaWdhcnQgZW0gYnVzY2EgZGUKcmVsw61xdWlhcyBhbnRpZ2FzLiBFc3BlcmFtb3MgZmF6ZXIKcHJvZ3Jlc3NvIGNpZW50w61maWNvIHNpZ25pZmljYXRpdm8gYW8gYXByZW5kZXIgb3Mgc2VncmVkb3MgZG8gcGFzc2Fkby4=,,Xjk5MDAwMCNMYSB2aXNpw7NuXjAwMDAwMApFbiBsYSBiw7pzcXVlZGEgZGUgY29ub2NpbWllbnRvLApSZWtlbmJlciBpbnZlc3RpZ2Fyw6EgZWwKY29udGluZW50ZSBNaWRnYXJkIGVuIGJ1c2NhCmRlIHJlbGlxdWlhcyBhbnRpZ3Vhcy4gRXNwZXJhbW9zIGhhY2VyIGF2YW5jZXMgY2llbnTDrWZpY29zCnNpZ25pZmljYXRpdm9zIGRlc2N1YnJpZW5kbyBsb3Mgc2VjcmV0b3MgZGVsIHBhc2Fkby4=
ByfX,,QnkgbWFraW5nIHNjaWVudGlmaWMKaGVhZHdheSwgd2UgaG9wZSB3ZSBjYW4KaW1wcm92ZSBjdXJyZW50IHRlY2hub2xvZ2llcwp0byBwcm92aWRlIG1vcmUgY29udmVuaWVudAphbmQgYWZmb3JkYWJsZSBzZXJ2aWNlcyBpbgp0aGUgU2Nod2FsdHp2YWx0IFJlcHVibGljLg==,,,,,QW8gZmF6ZXIgcHJvZ3Jlc3NvcyBjaWVudMOtZmljb3MsCmVzcGVyYW1vcyBwb2RlcgphcHJpbW9yYXIgYXMgdGVjbm9sb2dpYXMgYXR1YWlzCnBhcmEgb2ZlcmVjZXIgc2VydmnDp29zIG1haXMgY29udmVuaWVudGVzCmUgYWNlc3PDrXZlaXMgbmEKUmVww7pibGljYSBkZSBTY2h3YXJ0endhbGQu,,Q29uIGVzdG9zIGF2YW5jZXMKY2llbnTDrWZpY29zLCBhc3BpcmFtb3MgYQptZWpvcmFyIGxhIHRlY25vbG9nw61hIGFjdHVhbAphIGZpbiBkZSBwcm9wb3JjaW9uYXIgc2VydmljaW9zCm3DoXMgY29udmVuaWVudGVzIHkgYXNlcXVpYmxlcwplbiBsYSBSZXDDumJsaWNhIGRlIFNjaHdhcnp3YWxkLg==
CCfX,,XjMxMzFGRiNUaGUgQ29tbWl0bWVudF4wMDAwMDAKQWx0aG91Z2ggbWFnaWMgYW5kIHRoZQpwb3dlciBvZiB0aGUgZ29kcyBoYXMgYWx3YXlzCm1haW50YWluZWQgYW4gYXVyYSBvZiBteXN0ZXJ5CmFuZCBzdXBlcnN0aXRpb24sIFJla2VuYmVyIGhvcGVzXkZGRkZGRiAgXjMxMzFGRiB0byB1bmRlcnN0YW5kIHRoZXNlIGZvcmNlcyBmcm9tCmEgbW9yZSBsb2dpY2FsIHN0YW5kcG9pbnQu,,,,,XjMxMzFGRiNNaXNzw6NvXjAwMDAwMApFbWJvcmEgYSBtYWdpYSBlIG8KcG9kZXIgZG9zIGRldXNlcyBzZW1wcmUKbWFudGl2ZXJhbSB1bWEgYXVyYSBkZSBtaXN0w6lyaW8KZSBzdXBlcnN0acOnw6NvLCBhIFJla2VuYmVyIGVzcGVyYV5GRkZGRkYgIF4zMTMxRkYgZW50ZW5kZXIgZXNzYXMgZm9yw6dhcyBkZQp1bSBwb250byBkZSB2aXN0YSBtYWlzIGzDs2dpY28u,,Xjk5MDAwMCNFbCBjb21wcm9taXNvXjAwMDAwMApBdW5xdWUgbGEgbWFnaWEgeSBlbApwb2RlciBkZSBsb3MgZGlvc2VzIHNpZW1wcmUKbWFudHV2byB1biBhdXJhIGRlIG1pc3RlcmlvCnkgc3VwZXJzdGljacOzbiwgUmVrZW5iZXIgZXNwZXJhXkZGRkZGRiBeOTkwMDAwY29tcHJlbmRlciBlc3RhcyBmdWVyemFzIGRlc2RlCnVuIHB1bnRvIGRlIHZpc3RhIGzDs2dpY28u
CSfX,,XkZGMDAwME91ciBnb2FsIGlzIHRvIG1ha2UKdGhlIGxpdmVzIG9mIG91ciBjdXN0b21lcnMKZWFzaWVyIGFuZCBtb3JlIGVuam95YWJsZQpieSBtYWtpbmcgdGhlIGFuY2llbnQgcG93ZXIKb2YgdGhlIGdvZHMgbW9yZSBhY2Nlc3NpYmxlCmJ5IG1lYW5zIG9mIG5ldyB0ZWNobm9sb2dpZXMu,,,,,XkZGMDAwME5vc3NvIG9iamV0aXZvIMOpIHRvcm5hcgphIHZpZGEgZGUgbm9zc29zIGNsaWVudGVzCm1haXMgZsOhY2lsIGUgYWdyYWTDoXZlbCwKdG9ybmFuZG8gbyBhbnRpZ28gcG9kZXIKZG9zIGRldXNlcyBtYWlzIGFjZXNzw612ZWwKcG9yIG1laW8gZGUgbm92YXMgdGVjbm9sb2dpYXMu,,XjY2MDAwME51ZXN0cm8gb2JqZXRpdm8gZXMKaGFjZXIgcXVlIGxhIHZpZGEgZGUgbnVlc3Ryb3MKY2xpZW50ZXMgc2VhIG3DoXMgZsOhY2lsIHkgYWdyYWRhYmxlLApwb25pZW5kbyBhbCBhbGNhbmNlIGRlIHN1cyBtYW5vcwplbCBhbnRpZ3VvIHBvZGVyIGRlIGxvcyBkaW9zZXMKbWVkaWFudGUgbnVldmFzIHRlY25vbG9nw61hcy4=
CifX,,TWFkIFNjaWVudGlzdA==,,,,,Q2llbnRpc3RhIExvdWNv,,TWFkIFNjaWVudGlzdA==
CyfX,,W1dvbGZjaGV2XQpObyBvbmUgc2hhbGwKaW50ZXJydXB0IG15CnJlc2VhcmNoISBJZiB5b3UKZGFyZSwgSSdsbCBzaW1wbHkuLi4gCkVhdCB5b3UuIEVhdCB5b3UgYWxpdmUu,,,,,W1dvbGZjaGV2XQpOaW5ndcOpbSBkZXZlCmludGVycm9tcGVyIG1pbmhhCnBlc3F1aXNhISBTZSB2b2PDqgpvdXNhciwgdm91IHNpbXBsZXNtZW50ZS4uLiAKZGV2b3JhciB2b2PDqi4gRW5xdWFudG8gcmVzcGlyYS4=,,W1dvbGZjaGV2XQrCoU5hZGllCmludGVycnVtcGlyw6EgCm1pIGludmVzdGlnYWNpw7NuISBBdHLDqXZldGUKYSBpbnRlcnJ1bXBpcm1lIHnigKYgClRlIGNvbWVyw6kuIFRlIGNvbWVyw6kgZW4gdmlkYS4=
DCfX,,Tm8uLi4gTi1ubyE=,,,,,TsOjby4uLiBOLU7Do28h,,Tm/igKYgwqFOLW5vIQ==
DSfX,,RG8geW91IG5lZWQgYW55IGhlbHA/,,,,,Vm9jw6ogcHJlY2lzYSBkZSBhanVkYT8=,,wr9OZWNlc2l0YXMgYXl1ZGE/
DifX,,W1dvbGZjaGV2XQpPdXQgb2YgbXkgc2lnaHQsCm1pY3JvY2VwaGFsaWMgZm9vbCE=,,,,,W1dvbGZjaGV2XQpTdW1hIGRhIG1pbmhhIGZyZW50ZSwKaWRpb3RhIGRlIGPDqXJlYnJvIG1pbsO6c2N1bG8h,,W1dvbGZjaGV2XQrCoUZ1ZXJhIGRlIG1pIHZpc3RhLAppZGlvdGEgc2luIGNlcmVicm8h
DyfX,,W1dvbGZjaGV2XQpIdWg/IFlvdSB0aGluayBJIGhhdmUKdGhlIGx1eHVyeSBvZiByZW1lbWJlcmluZwp0aGUgZmFjZSBvZiBldmVyeSBwYXJ0LXRpbWVyCkkndmUgZmlyZWQ/IEdldCBsb3N0LCBvciBJJ2xsCnRyZWF0IHlvdSB0byB0aGUgcGFpbiBvZgpiZWluZyBlYXRlbiBhbGl2ZSE=,,,,,W1dvbGZjaGV2XQogSMOjPyBWb2PDqiBhY2hhIHF1ZSBldSB0ZW5obwogbyBsdXhvIGRlIGxlbWJyYXIKIG8gcm9zdG8gZGUgY2FkYSB0cmFiYWxoYWRvciBkZSBtZWlvIHBlcsOtb2RvCiBxdWUgasOhIGRlbWl0aT8gRGVzYXBhcmXDp2EKIG91IHZvdSB0ZSBmYXplciBzb2ZyZXIgZW5xdWFudG8KIHRlIGRldm9ybyE=,,W1dvbGZjaGV2XQrCv0VoPyDCv0NyZWVzIHF1ZSBwdWVkbyBkYXJtZQplbCBsdWpvIGRlIHJlY29yZGFyCmVsIHJvc3RybyBkZSBjYWRhIGVtcGxlYWRvCmRlIG1lZGlvIHRpZW1wbyBxdWUgZGVzcGVkw60/IMKhUGnDqXJkZXRlIG8gdGUKaGFyw6kgc2VudGlyIGVsIGRvbG9yIGRlCnF1ZSB0ZSBkZXZvcmVuIGVuIHZpZGEh
ECfX,,W1dvbGZjaGV2XQpZb3UgYWdhaW4/IQpXaGF0IHRoZSBoZWxsIGRvCnlvdSB3YW50IGZyb20gbWU/IQ==,,,,,W1dvbGZjaGV2XQpWb2PDqiBkZSBub3ZvPyEKUXVlIGRpYWJvcwp2b2PDqiBxdWVyIGRlIG1pbT8h,,W1dvbGZjaGV2XQrCocK/VMO6IG90cmEgdmV6PyEKwqHCv1F1w6kgZGVtb25pb3MKcXVpZXJlcyBkZSBtw60/IQ==
ESfX,,TGV0IG1lIHNwZWFrIHdpdGggeW91Lg==,,,,,RGVpeGUtbWUgZmFsYXIgY29tIHZvY8OqLg==,,RMOpamFtZSBoYWJsYXIgY29udGlnby4=
EifX,,U29ycnkgZm9yIGJvdGhlcmluZyB5b3Uu,,,,,RGVzY3VscGUtbWUgcG9yIGluY29tb2TDoS1sby4=,,UGVyZG9uYSBxdWUgdGUgbW9sZXN0ZS4=
EyfX,,W1dvbGZjaGV2XQpJIGRvbid0IGhhdmUgdGltZSB0bwp3YXN0ZSB3aXRoIGRyaXZlbCEgSSdtCnRvbyBidXN5IHdpdGggbXkgcmVzZWFyY2gh,,,,,W1dvbGZjaGV2XQpFdSBuw6NvIHRlbmhvIHRlbXBvIGEKcGVyZGVyIGNvbSBib2JhZ2VucyEgRXN0b3UKbXVpdG8gb2N1cGFkbyBjb20gbWluaGEgcGVzcXVpc2Eh,,W1dvbGZjaGV2XQrCoU5vIHRlbmdvIHRpZW1wbyBwYXJhCmVzdGFzIHRvbnRlcsOtYXMhIMKhRXN0b3kKZGVtYXNpYWRvIG9jdXBhZG8gY29uIG1pIGludmVzdGlnYWNpw7NuIQ==
FCfX,,W1dvbGZjaGV2XQouLi4uLi4uLi4uLiE=,,,,,W1dvbGZjaGV2XQouLi4uLi4uLi4uLiE=,,W1dvbGZjaGV2XQrCoeKApiE=
FSfX,,W1dvbGZjaGV2XQpBaCwgYnV0IHdhaXQhIEkgYW0gY29sbGVjdGluZwpzb21ldGhpbmcuIFllcywgYnJpbmcgbWUgdGhlCnRoaW5nIEkgbXVzdCBjb2xsZWN0LiBZZXMsIHllcy4KSGVyZSdzIGEgaGludC4uLiBJdCdzIHJvdW5kLi4uClNoaW55Li4uIEtpZHMgbG92ZSBwbGF5aW5nIGdhbWVzXkZGRkZGRiAgXjAwMDAwMCB3aXRoIHRoZW0hIE9oLCBJIHNhaWQgdG9vIG11Y2gh,,,,,W1dvbGZjaGV2XQpBaCwgbWFzIGVzcGVyZSEgRXN0b3UgY29sZXRhbmRvCnVtYSBjb2lzYS4gU2ltLCB0cmFnYS1tZWFxdWlsbyBxdWUgcHJlY2lzbyBjb2xldGFyLiBTaW0sIHNpbS4KQXF1aSB2YWkgdW1hIGRpY2EuLi4gw4kgcmVkb25kYS4uLgpCcmlsaGFudGUuLi4gQXMgY3JpYW7Dp2FzIGFkb3JhbSBicmluY2FyXkZGRkZGRiAgXjAwMDAwMCBjb20gZWxhISBBaCwgZmFsZWkgZGVtYWlzIQ==,,W1dvbGZjaGV2XQrCoUFoLCBwZXJvIGVzcGVyYSEgRXN0b3kgcmVjb2xlY3RhbmRvCmFsZ28uIFPDrSwgdHLDoWVtZSBsYSBjb3NhCnF1ZSB0ZW5nbyBxdWUgcmVjb2xlY3Rhci4gU8OtLCBzw60uCkFxdcOtIHRlIHZhIHVuYSBwaXN0YeKApiBTb24gcmVkb25kYXPigKYKYnJpbGxhbnRlc+KApiDCoWEgbG9zIG5pw7FvcyBsZXMgZW5jYW50YSBqdWdhcl5GRkZGRkYgXjAwMDAwMGNvbiBlbGxhcyEgwqFBeSwgeWEgZGlqZSBkZW1hc2lhZG8h
FifX,,W1dvbGZjaGV2XQonJ1NvcnJ5PyEnJyBEbyB5b3UKdGhpbmsgJydzb3JyeScnIHdpbGwKZ2V0IGJhY2sgdGhhdCBwcmVjaW91cwptaW51dGUgSSd2ZSBsb3N0IHllbGxpbmcKYXQgeW91PyEgR2V0IHRoZSBoZWxsIG91dCE=,,,,,W1dvbGZjaGV2XQoiRGVzY3VscGUiPyEgVm9jw6oKYWNoYSBxdWUgdW0gImRlc2N1bHBlIiB2YWkKcmVjdXBlcmFyIGFxdWVsZSBwcmVjaW9zbwptaW51dG8gcXVlIHBlcmRpIGdyaXRhbmRvCmNvbSB2b2PDqj8hIETDqiBvIGZvcmEgZGFxdWkh,,W1dvbGZjaGV2XQrigJzCocK/UGVyZG9uYT8h4oCdCsKhwr9QaWVuc2FzIHF1ZSB1bmEgZGlzY3VscGEKbWUgZGV2b2x2ZXLDoSBlbCBwcmVjaWFkbwptaW51dG8gcXVlIHBlcmTDrSAKZ3JpdMOhbmRvdGU/ISDCoUxhcmdvIGRlIGFxdcOtIQ==
FyfX,,W1dvbGZjaGV2XQpZZXMuLi4hIEJlYWRzIQpZb3UgYnJvdWdodCB0aGVtIQpZb3UncmUgbm90IGFzIGR1bWIKYXMgSSB0aG91Z2h0IHlvdSdkIGJlIQ==,,,,,W1dvbGZjaGV2XQpTaW0uLi4hIE1pw6dhbmdhcyEKVm9jw6ogYXMgdHJvdXhlIQpWb2PDqiBuw6NvIMOpIHTDo28gYm9jw7MKY29tbyBwZW5zZWkgcXVlIGZvc3NlIQ==,,W1dvbGZjaGV2XQrCoVPDreKApiEgwqFDdWVudGFzIQrCoUxhcyB0cmFqaXN0ZSEKwqFObyBlcmVzIHRhbiBpbsO6dGlsCmNvbW8gcGVuc8OpIQ==
GCfX,,V2h5IGRvIHlvdSB3YW50IEdsYXNzIEJlYWRzPw==,,,,,UG9yIHF1ZSB2b2PDqiBxdWVyIE1pw6dhbmdhcyBkZSBWaWRybz8=,,wr9Qb3IgcXXDqSBxdWllcmVzIEN1ZW50YXMgZGUgY3Jpc3RhbD8=
GSfX,,W1dvbGZjaGV2XQouLi4uLi4uLi4uLi4uLi4uLi4KSSB0YWtlIHRoYXQgYmFjayEKWW91IHNob3VsZCBrbm93IGJ5Cm5vdyB0aGF0IEkgd291bGQgbmV2ZXIKdGVsbCB5b3Ugd2h5IEkgbmVlZWVlZAp0aGVzZSBCZWFkcy4gQndlaC1oZWgh,,,,,W1dvbGZjaGV2XQouLi4uLi4uLi4uLi4uLi4uLi4KUmV0aXJvIG8gcXVlIGRpc3NlIQpWb2PDqiBqw6EgZGV2ZSBzYWJlcgpxdWUgZXUgbnVuY2EKZGlyaWEgYSB2b2PDqiBwb3IgcXVlIGV1IHByZWNpc28KZGVzc2FzIE1pw6dhbmdhcy4gTXV3YWhhaGEh,,W1dvbGZjaGV2XQouLi4uLi4uLi4uLi4uLi4uLi4KwqFSZXRpcm8gbG8gZGljaG8hCllhIGRlYmVyw61hcyBzYWJlcgpxdWUgbnVuY2EgdGUgZGlyw6kgCnBhcmEgcXXDqSBuZWNlc2l0bwplc3RhcyBDdWVudGFzLiDCoUplLCBqZSE=
GifX,,W1dvbGZjaGV2XQpUaGlzIGZhdm9yIHlvdSd2ZSBkb25lCmlzIHdvcnRoIGEgc21hbGwgY2hhdCBhbmQKSSBjYW4gc3BhcmUgYSBtaW51dGUgb3IgdHdvCmZvciB5b3UgaW5hbmUgcXVlc3Rpb25zLiBTbwp3aGF0IGlzIGl0IHlvdSB3YW50IHRvIGtub3c/IQ==,,,,,W1dvbGZjaGV2XQpFc3NlIGZhdm9yIHF1ZSB2b2PDqiBmZXoKdmFsZSB1bWEgcsOhcGlkYSBjb252ZXJzYSBlCnBvc3NvIG1lIGRpc3BvciBkZSB1bSBvdSBkb2lzIG1pbnV0b3MKcGFyYSBzdWFzIHBlcmd1bnRhcyBzZW0gc2VudGlkby4gRW5maW0sCm8gcXVlIHZvY8OqIHF1ZXIgc2FiZXI/,,W1dvbGZjaGV2XQpFc3RlIGZhdm9yIHF1ZSBtZSBoaWNpc3RlCm1lcmVjZSB1bmEgcGVxdWXDsWEgY2hhcmxhLgpQdWVkbyBkaXNwb25lciBkZSB1biBtaW51dG8gbyBkb3MKcGFyYSB0dXMgcHJlZ3VudGFzIHZhY3Vhcy4gQnVlbm8sCsK/cXXDqSBlcyBsbyBxdWUgcXVpZXJlcyBzYWJlcj8=
GyfX,,QXNrIGFib3V0IGhvYmJpZXM=,,,,,UGVyZ3VudGFyIHNvYnJlIHBhc3NhdGVtcG9z,,UHJlZ3VudGFyIHBvciBzdXMgYWZpY2lvbmVzLg==
HCfX,,QXNrIGFib3V0IHdvcms=,,,,,UGVyZ3VudGFyIHNvYnJlIG8gdHJhYmFsaG8=,,UHJlZ3VudGFyIHBvciBlbCB0cmFiYWpvLg==
HSfX,,W1dvbGZjaGV2XQpIeXV1fiBJIHRoaW5rIHlvdSdyZQpqdXN0IGEgbGl0dGxlIHRvbyBpbm5vY2VudAp0byBrbm93IGFib3V0IG15IHNlY3JldApob2JieS4gWWVzLCB5ZXMsIEkgY291bGRuJ3QKdGVsbCB5b3UgcG9zc2libHksIGl0J2QgYmUKc28gd2VpcmQsIHNvIHN0cmFuZ2UuLi4=,,,,,W1dvbGZjaGV2XQpOaMOpfiBBY2hvIHF1ZSB2b2PDqiDDqQp1bSBwb3VjbyBpbm9jZW50ZSBkZW1haXMKcGFyYSBzYWJlciBzb2JyZSBtZXUgcGFzc2F0ZW1wbyBzZWNyZXRvLlNpbSwgc2ltLCBldSBwcm92YXZlbG1lbnRlIG7Do28gcG9kZXJpYQpjb250YXIgYSB2b2PDqiwgc2VyaWEKdMOjbyBlc3F1aXNpdG8sIHTDo28gZXN0cmFuaG8uLi4=,,W1dvbGZjaGV2XQpKaSwgamkuIENyZW8gcXVlIGVyZXMKZGVtYXNpYWRvIGlub2NlbnRlCnBhcmEgY29ub2NlciBtaSBhZmljacOzbgpzZWNyZXRhLiBTw60sIHPDrSwgbm8gaGF5IHBvc2liaWxpZGFkCmRlIHF1ZSB0ZSBsbyBkaWdhLCBzZXLDrWEKbXV5IHJhcm8sIG11eSBleHRyYcOxb+KApg==
HifX,,W1dvbGZjaGV2XQpPaC4gT2ggbm8sIG9oIG5vLApJIGNvdWxkbid0IHBvc3NpYmx5Li4uCkl0J3MgYS0tIEktSXQncyBhIHNlY3JldC4KWW91IHdvdWxkbid0IHdhbnQgdG8ga25vdwphbnl3YXkuIEJ3ZWgtaGVoLWhlaC1oZWgh,,,,,W1dvbGZjaGV2XQpBaC4gQWgsIG7Do28sIGFoIG7Do28sCmV1IG7Do28gcG9kZXJpYS4uLgrDiS4uLiDDiSBzZWdyZWRvLgpWb2PDqiBuw6NvIGlhIGdvc3RhciBkZSBzYWJlcgptZXNtby4gTXV3YWhhaGFoYWhhaGEh,,W1dvbGZjaGV2XQpBaC4gQXksIG5vLCBubywgbm8sCmphbcOhcyBwb2Ryw61h4oCmCkVz4oCmIGVzIHVuIHNlY3JldG8uCk5vIHF1ZXJyw6FzIHNhYmVyCmRlIHRvZG9zIG1vZG9zLiDCoUplLCBqZSwgamUsIGplIQ==
HyfX,,W1dvbGZjaGV2XQpPaCwgSSBkb24ndCBrbm93IGlmIHlvdQpjYW4gY2FsbCBpdCB3b3JrLiBBZnRlciBhbGwsCkkgZG8gcmVzZWFyY2ggd2hhdGV2ZXIgaXQgaXMKSSB3YW50LiBBbmQgdGhleSBwYXkgbWUgdG8KZG8gaXQhIFRoaXMgaXMgdGhlIGJlc3QgcGxhY2UKZm9yIGEgc2NpZW50aXN0IGxpa2UgbWUsIHllcy4=,,,,,W1dvbGZjaGV2XQpBaCwgZXUgbsOjbyBzZWkgc2UgZMOhIHBhcmFjaGFtYXIgaXNzbyBkZSB0cmFiYWxoby4gQWZpbmFsIGRlIGNvbnRhcywKZXUgcGVzcXVpc28gbyBxdWVldSBxdWlzZXIuIEUgbWUgcGFnYW0gcGFyYQpmYXplciBpc3NvISBFc3RlIMOpIG8gbWVsaG9yIGx1Z2FyCnBhcmEgdW0gY2llbnRpc3RhIGNvbW8gZXUsIGNvbSBjZXJ0ZXphLg==,,W1dvbGZjaGV2XQpBaCwgbm8gc8OpIHNpIHNlCnB1ZWRlIGxsYW1hciB0cmFiYWpvLiBEZXNwdcOpcyBkZSB0b2RvLAppbnZlc3RpZ28gbG8gcXVlCnF1aWVyby4gwqFZIG1lIHBhZ2FuIHBvcgpoYWNlcmxvISBFc3RlIGVzIGVsIG1lam9yIHNpdGlvCnBhcmEgdW4gY2llbnTDrWZpY28gY29tbyB5bywgYXPDrSBlcy4=
ICfX,,W1dvbGZjaGV2XQpOb3csIGluIGEgcGVyZmVjdCB3b3JsZCwKbXkgdGVzdCBzdWJqZWN0cyB3b3VsZCBiZQptdWNoIG1vcmUgY29vcGVyYXRpdmUsIGJ1dApJIHN1cHBvc2UgSSBjYW5ub3QgYmxhbWUKdGhlbS4gTm90IHRoYXQgSSBjYXVzZSB0aGVtCnVuZHVlIHN1ZmZlcmluZyBvciBhbnl0aGluZy4uLg==,,,,,W1dvbGZjaGV2XQpCb20sIGVtIHVtIG11bmRvIHBlcmZlaXRvLAptaW5oYXMgY29iYWlhcyBzZXJpYW0KbXVpdG8gbWFpcyBjb29wZXJhdGl2YXMsIG1hcwpzdXBvbmhvIHF1ZSBuw6NvIHBvc3NvIGN1bHDDoS1sYXMuTsOjbyBxdWUgZXUgbGhlcyBjYXVzZQpzb2ZyaW1lbnRvIGluZGV2aWRvIG5lbSBuYWRhLi4u,,W1dvbGZjaGV2XQpBdW5xdWUsIHNpIGVsIG11bmRvIGZ1ZXJhIHBlcmZlY3RvLAptaXMgc3VqZXRvcyBkZSBwcnVlYmEgc2Vyw61hbgptdWNobyBtw6FzIGNvb3BlcmF0aXZvcywgcGVybwpzdXBvbmdvIHF1ZSBubyBwdWVkbwpjdWxwYXJsb3MuIE5vIGVzIHF1ZSBsZXMgY2F1c2UKc3VmcmltaWVudG8gaW5kZWJpZG8gbmkgbmFkYeKApg==
ISfX,,V2hhdCBraW5kIG9mIHJlc2VhcmNoPw==,,,,,UXVlIHRpcG8gZGUgcGVzcXVpc2E/,,wr9RdcOpIHRpcG8gZGUgaW52ZXN0aWdhY2nDs24/
IifX,,W1dvbGZjaGV2XQpXZWxsLCBJIGNvdWxkbid0IHRlbGwgeW91CnlvdSBleGFjdGx5LiBCdXQgZG9uJ3QgeW91CndvcnJ5LCB0aGUgZGlzY292ZXJ5IEknbQp3b3JraW5nIG9uIHdpbGwgYmVuZWZpdCB0aGUKZW50aXJlIHdvcmxkLCB5b3UnbGwgc2VlLg==,,,,,W1dvbGZjaGV2XQpCb20sIGV1IG7Do28gcG9kZXJpYSBsaGUgZGl6ZXIKZXhhdGFtZW50ZS4gTWFzIG7Do28Kc2UgcHJlb2N1cGUsIGEgZGVzY29iZXJ0YSBlbSBxdWUgZXN0b3UKdHJhYmFsaGFuZG8gdmFpIGJlbmVmaWNpYXIgbyBtdW5kb3RvZG8sIHZvY8OqIHZlcsOhLg==,,W1dvbGZjaGV2XQpCdWVubywgbm8gcG9kcsOtYSBkZWNpcnRlCmV4YWN0YW1lbnRlLiBQZXJvIG5vIHRlCnByZW9jdXBlcywgZWwgZGVzY3VicmltaWVudG8gZW4gZWwKcXVlIGVzdG95IHRyYWJhamFuZG8gYmVuZWZpY2lhcsOhIAphbCBtdW5kbyBlbnRlcm8sIHlhIHZlcsOhcy4=
IyfX,,W1dvbGZjaGV2XQpMZXQncyBqdXN0IHNheSB0aGF0IG9uY2UKSSdtIHN1Y2Nlc3NmdWwsIEknbGwgc2F0aXNmeQpvbmUgb2YgbWFua2luZCdzIG1vc3QgcHJpbWFsCmluc3RpbmN0cywgdGhlIGRlc2lyZSB0byBiZWNvbWUKcG93ZXJmdWwgYW5kIGdhaW4gZG9taW5hbmNlCm92ZXIgdGhvc2UgdGhhdCBhcmUgd2Vha2VyLg==,,,,,W1dvbGZjaGV2XQpEaWdhbW9zIHF1ZSwgcXVhbmRvCmV1IGZvciBiZW0tc3VjZWRpZG8sIHZvdSBzYXRpc2ZhemVyCnVtIGRvcyBpbnN0aW50b3MgbWFpcyBiw6FzaWNvcyBkYSBodW1hbmlkYWRlLApvIGRlc2VqbyBkZSB0ZXIKcG9kZXIgZSBkb23DrW5pbwpzb2JyZSBvcyBtYWlzIGZyYWNvcy4=,,W1dvbGZjaGV2XQpEaWdhbW9zIHF1ZSB1bmEgdmV6CnF1ZSB0ZW5nYSDDqXhpdG8sIHNlcsOpIGNhcGF6IGRlIHNhdGlzZmFjZXIKdW5vIGRlIGxvcyBpbnN0aW50b3MgbcOhcyBwcmltaXRpdm9zCmRlIGxhIGh1bWFuaWRhZCwgZWwgZGVzZW8KZGUgYWRxdWlyaXIgcG9kZXIgeSBkb21pbmlvCnNvYnJlIGxvcyBtw6FzIGTDqWJpbGVzLg==
JCfX,,W1dvbGZjaGV2XQpJIGhhdmVuJ3QgbWFkZSBhcyBtdWNoCnByb2dyZXNzIGFzIEknZCBsaWtlLCBidXQKbm8gbWF0dGVyLiBJdCdzIG9ubHkgYSBtYXR0ZXIKb2YgZXhwZXJpbWVudGF0aW9uISBZZXMsIHRvCm1ha2UgbWFua2luZCBzdHJvbmdlciBhbmQKYmV0dGVyIGFuZCBtb3JlIHBvd2VyZnVsIGFuZC0t,,,,,W1dvbGZjaGV2XQpOw6NvIGZpeiB0YW50bwpwcm9ncmVzc28gY29tbyBldSBnb3N0YXJpYSwgbWFzCm7Do28gaW1wb3J0YS4gw4kgYXBlbmFzIHVtYSBxdWVzdMOjbwpkZSBleHBlcmltZW50YcOnw6NvISBTaW0sIHBhcmEKdG9ybmFyIGEgaHVtYW5pZGFkZSBtYWlzIGZvcnRlLCBlCm1lbGhvciwgZSBtYWlzIHBvZGVyb3NhLCBlLi4u,,W1dvbGZjaGV2XQpObyB0dXZlIHRhbnRvIHByb2dyZXNvCmNvbW8gbWUgZ3VzdGFyw61hLCBwZXJvCm5vIGltcG9ydGEuIMK/RXMgc29sbyBjdWVzdGnDs24KZGUgZXhwZXJpbWVudGFjacOzbiEgU8OtLApoYWNlciBhIGxhIGh1bWFuaWRhZCBtw6FzIGZ1ZXJ0ZSwKbWVqb3IgeSBtw6FzIHBvZGVyb3NhIHnigKY=
JSfX,,VW0sIHdoYXQgYXJlIHlvdSB0ZXN0aW5nIG9uPw==,,,,,SMOjLCBlbSBxdWUgdm9jw6ogZXN0w6EgdGVzdGFuZG8/,,RWgsIMK/eSBjdcOhbGVzIHNvbiB0dXMgc3VqZXRvcyBkZSBwcnVlYmE/
JifX,,W1dvbGZjaGV2XQpXaGF0IGRvIHlvdSBrbm93PwpJIGJldHRlciBnZXQgYmFjayB0bwp3b3JrIGlmIEkgd2lzaCB0byBrZWVwCm9uIHNjaGVkdWxlLiBJIGNhbid0IGFmZm9yZAp0aGUgbGVpc3VyZSBvZiBzcGVha2luZyB3aXRoCnlvdSBhbnkgbG9uZ2VyLiBCd2VoIGhlaCBoZWgh,,,,,W1dvbGZjaGV2XQpPIHF1ZSB2b2PDqiBzYWJlPwrDiSBtZWxob3IgZXUgdm9sdGFyIGFvCnRyYWJhbGhvIHNlIHF1aXNlciBtYW50ZXIKbyBjcm9ub2dyYW1hLiBOw6NvIHBvc3NvIG1lIGRhciBhbyBsdXhvCmRlIGNvbnRpbnVhcgpmYWxhbmRvIGNvbSB2b2PDqi4gTXV3YWhhaGFoYSE=,,W1dvbGZjaGV2XQrCv1F1w6kgZXMgbG8gcXVlIHNhYmVzPwpTZXLDoSBtZWpvciBxdWUgdnVlbHZhIGEKdHJhYmFqYXIgc2kgcXVpZXJvIHNlZ3VpcmxlIGVsIHBhc28KYWwgY3Jvbm9ncmFtYS4gWWEgbm8gcHVlZG8gcGVybWl0aXJtZQplbCBvY2lvIGRlIGhhYmxhcgpjb250aWdvLiDCoUplLCBqZSwgamUh
JyfX,,U2VjcmV0YXJ5IFNsaWVycmU=,,,,,U2VjcmV0w6FyaWEgU2xpZXJyZQ==,,U2VjcmV0YXJ5IFNsaWVycmU=
KCfX,,W1N1ZWlpIFNsaWVycmVdCkV4Y3VzZSBtZSwgYnV0IHlvdSBhcmUKbm90IGFsbG93ZWQgdG8gYmUgaW4gaGVyZS4KSWYgeW91IGhhdmUgcXVlc3Rpb25zIHJlZ2FyZGluZwp0aGUgUmVrZW5iZXIgQ29ycG9yYXRpb24sIEkgY2FuCmRpcmVjdCB5b3UgdG8gc29tZW9uZSBxdWFsaWZpZWQKdG8gZ2l2ZSB5b3UgYW4gYW5zd2VyLg==,,,,,W1N1ZWlpIFNsaWVycmVdCkRlc2N1bHBhLCBtYXMgdm9jw6oKbsOjbyB0ZW0gcGVybWlzc8OjbyBwYXJhIGVzdGFyIGFxdWkuClNlIHRpdmVyIHBlcmd1bnRhcwpzb2JyZSBhIENvcnBvcmHDp8OjbyBSZWtlbmJlciwKcG9zc28gdGUgZW5jYW1pbmhhciBhIGFsZ3XDqW0gcXVhbGlmaWNhZG8KcGFyYSBsaGUgZGFyIHVtYSByZXNwb3N0YS4=,,W1N1ZWlpIFNsaWVycmVdCkRpc2N1bHBhLCBwZXJvIG5vIHRpZW5lcwpwZXJtaXRpZG8gZXN0YXIgYXF1w60uClNpIHRpZW5lcyBwcmVndW50YXMgc29icmUKbGEgQ29ycG9yYWNpw7NuIFJla2VuYmVyLCBwdWVkbwpyZWZlcmlydGUgYSBhbGd1aWVuIGN1YWxpZmljYWRvCnBhcmEgZGFydGUgdW5hIHJlc3B1ZXN0YS4=
KSfX,,QWJvdXQgdGhlIFNsdW1z,,,,,U29icmUgYXMgRmF2ZWxhcw==,,SGFibGFyIHNvYnJlIGxvcyBiYXJyaW9zIGJham9zLg==
KifX,,QWJvdXQgU2VjcmV0YXJ5IFNsaWVycmU=,,,,,U29icmUgYSBTZWNyZXTDoXJpYSBTbGllcnJl,,SGFibGFyIHNvYnJlIGxhIHNlY3JldGFyaWEgU2xpZXJyZS4=
KyfX,,W1N1ZWlpIFNsaWVycmVdClRoZSBzbHVtcz8gQWxsIEkga25vdwppcyB0aGF0IHRoaXMgY29ycG9yYXRpb24Kc3BlY2lmaWNhbGx5IHRhcmdldGVkIHRoYXQKYXJlYSBpbiBvcmRlciB0byBwcm92aWRlIGFtcGxlCm9wcG9ydHVuaXR5IGZvciBlbXBsb3ltZW50Lg==,,,,,W1N1ZWlpIFNsaWVycmVdCkFzIGZhdmVsYXM/IFR1ZG8gbyBxdWUgc2VpCsOpIHF1ZSBlc3RhIGNvcnBvcmHDp8OjbyBlc3TDoQplc3BlY2lmaWNhbWVudGUgdm9sdGFkYSBwYXJhIGFxdWVsYQrDoXJlYSBwYXJhIG9mZXJlY2VyIHVtYSBhbXBsYQpvcG9ydHVuaWRhZGUgZGUgZW1wcmVnby4=,,W1N1ZWlpIFNsaWVycmVdCsK/TG9zIGJhcnJpb3MgYmFqb3M/IFRvZG8gbG8gcXVlIHPDqSAKZXMgcXVlIGVzdGEgY29ycG9yYWNpw7NuCnNlIGRpcmlnacOzIGVzcGVjw61maWNhbWVudGUgYSBlc2Egem9uYQphIGZpbiBkZSBvZnJlY2VyIGFtcGxpYXMKb3BvcnR1bmlkYWRlcyBkZSBlbXBsZW8u
LCfX,,W1N1ZWlpIFNsaWVycmVdCkknbSBTdWVpaSBTbGllcnJlLAp0aGUgcGVyc29uYWwgc2VjcmV0YXJ5CmZvciB0aGUgY2hhaXJtYW4gb2YgdGhlClJla2VuYmVyIENvcnBvcmF0aW9uLg==,,,,,W1N1ZWlpIFNsaWVycmVdCkV1IHNvdSBTdWVpaSBTbGllcnJlLAphIHNlY3JldMOhcmlhIHBlc3NvYWwKZG8gcHJlc2lkZW50ZSBkYQpDb3Jwb3Jhw6fDo28gUmVrZW5iZXIu,,W1N1ZWlpIFNsaWVycmVdClNveSBTdWVpaSBTbGllcnJlLApsYSBzZWNyZXRhcmlhIHBlcnNvbmFsCmRlbCBwcmVzaWRlbnRlIGRlIGxhCkNvcnBvcmFjacOzbiBSZWtlbmJlci4=
LSfX,,W1N1ZWlpIFNsaWVycmVdCkRpZCB5b3UgaGF2ZSBzb21ldGhpbmcKZWxzZSB0byBhc2s/IEkgY2FuIG9ubHkKZGl2dWxnZSBpbmZvcm1hdGlvbiB0aGF0IGlzCnB1YmxpYyBrbm93bGVkZ2UsIGJ1dCBJIGNhbgp0ZWxsIHlvdSB3aG8gdG8gY29udGFjdCBmb3IKbW9yZSBzcGVjaWZpYyBpbnF1aXJpZXMu,,,,,W1N1ZWlpIFNsaWVycmVdClZvY8OqIHRlbSBtYWlzIGFsZ3VtYSBjb2lzYQpwYXJhIHBlcmd1bnRhcj8gRXUgc8OzIHBvc3NvCmRpdnVsZ2FyIGluZm9ybWHDp8O1ZXMgcXVlIHNlamFtCmRlIGNvbmhlY2ltZW50byBww7pibGljbywgbWFzCnBvc3NvIGxoZSBkaXplciBxdWVtIHByb2N1cmFyIHBhcmEKb2J0ZXIgcmVzcG9zdGFzIG1haXMgZXNwZWPDrWZpY2FzLg==,,W1N1ZWlpIFNsaWVycmVdCsK/UXVlcsOtYXMgcHJlZ3VudGFyCmFsZ28gbcOhcz8gU29sbyBwdWVkbwpkaXZ1bGdhciBpbmZvcm1hY2nDs24gZGUKY29ub2NpbWllbnRvIHDDumJsaWNvLCBwZXJvIHB1ZWRvCmluZGljYXJ0ZSBjb24gcXVpw6luIHB1ZWRlcyBoYWJsYXIKcGFyYSBoYWNlciBjb25zdWx0YXMgbcOhcyBlc3BlY8OtZmljYXMu
LifX,,QWJvdXQgdGhlIExhYm9yYXRvcnk=,,,,,U29icmUgbyBMYWJvcmF0w7NyaW8=,,SGFibGFyIGFjZXJjYSBkZWwgbGFib3JhdG9yaW8u
LyfX,,QWJvdXQgdGhlIENvcnBvcmF0aW9u,,,,,U29icmUgYSBDb3Jwb3Jhw6fDo28=,,SGFibGFyIGFjZXJjYSBkZSBsYSBDb3Jwb3JhY2nDs24u
MCfX,,W1N1ZWlpIFNsaWVycmVdClJla2VuYmVyIGlzIHBlcmhhcHMgdGhlCmJpZ2dlc3QgY29udHJpYnV0ZXIgb2YgdGhlClJlZ2Vuc2NoaXJtIExhYm9yYXRvcnkuClRoZWlyIHdvcmsgd2lsbCBiZW5lZml0IHRoZQplbnRpcmUgUnVuZS1NaWRnYXJ0IGNvbnRpbmVudCxeRkZGRkZGICAgIF4wMDAwMDAgaGVuY2Ugb3VyIGhpZ2hseSBpbnZvbHZlZCBzdXBwb3J0Lg==,,,,,W1N1ZWlpIFNsaWVycmVdCkEgUmVrZW5iZXIgw6kgdGFsdmV6IGEKbWFpb3IgY29sYWJvcmFkb3JhIGRvCkxhYm9yYXTDs3JpbyBSZWdlbnNjaGlybS4KU2V1IHRyYWJhbGhvIGJlbmVmaWNpYXLDoQp0b2RvIG8gY29udGluZW50ZSBkZSBSdW5lLU1pZGdhcmQsXkZGRkZGRiAgICBeMDAwMDAwIHBvciBpc3NvIG5vc3NvIHRvdGFsIGFwb2lvLg==,,W1N1ZWlpIFNsaWVycmVdClJla2VuYmVyIGVzIHF1aXrDoXMgZWwKbWF5b3IgY29udHJpYnV5ZW50ZSBkZWwKbGFib3JhdG9yaW8gZGUgUmVnZW5zY2hpcm0uClN1IHRyYWJham8gYmVuZWZpY2lhcsOhIAphIHRvZG8gZWwgY29udGluZW50ZSBNaWRnYXJkLF5GRkZGRkYgXjAwMDAwMGRlIGFow60gbnVlc3RybyBhcG95byB5IHBhcnRpY2lwYWNpw7NuLg==
MSfX,,W1N1ZWlpIFNsaWVycmVdCkEgcmVwcmVzZW50YXRpdmUgYXQgdGhlCkhlbHAgRGVzayB3aWxsIGJlIGhhcHB5CnRvIGFzc2lzdCB5b3UgaWYgeW91IGhhdmUKbW9yZSBpbnF1aXJpZXMgcmVnYXJkaW5nCnRoZSBSZWdlbnNjaGlybSBMYWJvcmF0b3J5Lg==,,,,,W1N1ZWlpIFNsaWVycmVdClVtIHJlcHJlc2VudGFudGUgZG8KQmFsY8OjbyBkZSBJbmZvcm1hw6fDtWVzIGZpY2Fyw6EgZmVsaXogZW0KdGUgYWp1ZGFyIHNlIHZvY8OqIHRpdmVyCm1haXMgcGVyZ3VudGFzIHNvYnJlIG8KTGFib3JhdMOzcmlvIFJlZ2Vuc2NoaXJtLg==,,W1N1ZWlpIFNsaWVycmVdClVuIHJlcHJlc2VudGFudGUgZGUgbGEKbWVzYSBkZSBheXVkYSBlc3RhcsOhIGVuY2FudGFkbwpkZSBhc2lzdGlydGUgc2kgdGllbmVzCm3DoXMgcHJlZ3VudGFzIHJlbGFjaW9uYWRhcyBjb24KZWwgbGFib3JhdG9yaW8gZGUgUmVnZW5zY2hpcm0u
MifX,,W1N1ZWlpIFNsaWVycmVdCkknbSBzb3JyeSwgYnV0IEkgZG9uJ3QgaGF2ZQphbnkgc3BlY2lhbCBpbmZvcm1hdGlvbgpyZWdhcmRpbmcgb3VyIGNvcnBvcmF0aW9uLgpXaHkgZG9uJ3QgeW91IGFzayBvbmUgb2YKb3VyIHJlcHJlc2VudGF0aXZlcyBhdCB0aGUKSGVscCBEZXNrIHRvIGxlYXJuIG1vcmU/,,,,,W1N1ZWlpIFNsaWVycmVdCkRlc2N1bHBhLCBtYXMgbsOjbyB0ZW5obwpuZW5odW1hIGluZm9ybWHDp8OjbyBlc3BlY2lhbApzb2JyZSBub3NzYSBjb3Jwb3Jhw6fDo28uClBvciBxdWUgdm9jw6ogbsOjbyBwZXJndW50YSBhIHVtIGRlCm5vc3NvcyByZXByZXNlbnRhbnRlcyBubwpCYWxjw6NvIGRlIEluZm9ybWHDp8O1ZXMgcGFyYSBzYWJlciBtYWlzPw==,,W1N1ZWlpIFNsaWVycmVdCkxvIHNpZW50bywgcGVybyBubyB0ZW5nbwpuaW5ndW5hIGluZm9ybWFjacOzbiBlc3BlY2lhbApjb24gcmVzcGVjdG8gYSBudWVzdHJhIGNvcnBvcmFjacOzbi4Kwr9Qb3IgcXXDqSBubyBsZSBwcmVndW50YXMgYSB1bm8gZGUKbnVlc3Ryb3MgcmVwcmVzZW50YW50ZXMgZW4gbGEgbWVzYQpkZSBheXVkYSBwYXJhIG9idGVuZXIgbcOhcyBpbmZvcm1hY2nDs24/
MyfX,,W1N1ZWlpIFNsaWVycmVdCllvdSdyZSBiYWNrPyBJIHJlYWxseQpkb3VidCB0aGF0IEkgY2FuIGJlIG9mCmFueSBhc3Npc3RhbmNlIHRvIHlvdS4=,,,,,W1N1ZWlpIFNsaWVycmVdClZvY8OqIHZvbHRvdT8gRXUKZHV2aWRvIG11aXRvIHF1ZSBwb3NzYSBzZXIgZGUKcXVhbHF1ZXIgYWp1ZGEgcGFyYSB2b2PDqi4=,,W1N1ZWlpIFNsaWVycmVdCsK/Vm9sdmlzdGU/IER1ZG8KcXVlIHB1ZWRhIHNlciBkZSBhbGd1bmEKYXl1ZGEgcGFyYSB0aS4=
NCfX,,V29sZmNoZXYncyBSZXNlYXJjaA==,,,,,UGVzcXVpc2EgZGUgV29sZmNoZXY=,,UHJlZ3VudGFyIHNvYnJlIGxhIGludmVzdGlnYWNpw7NuIGRlIFdvbGZjaGV2Lg==
NSfX,,W1N1ZWlpIFNsaWVycmVdCi4uLi4uLi4uLi4uLi4h,,,,,W1N1ZWlpIFNsaWVycmVdCi4uLi4uLi4uLi4uLi4h,,W1N1ZWlpIFNsaWVycmVdCsKhLi4uLi4uLi4uLi4uLiE=
NifX,,W1N1ZWlpIFNsaWVycmVdCkhvdyBkbyB5b3Uga25vdwpXb2xmY2hldj8gQXJlIHlvdSBhbgphY3F1YWludGFuY2Ugb2YgaGlzIG9yLi4uPw==,,,,,W1N1ZWlpIFNsaWVycmVdCkNvbW8gdm9jw6ogc2FiZSBkbwpXb2xmY2hldj8gU8Ojbwpjb25oZWNpZG9zIG91Li4u,,W1N1ZWlpIFNsaWVycmVdCsK/Q8OzbW8gc2FiZXMKZGUgV29sZmNoZXY/IMK/TG8gY29ub2NlcwpkZSBhbGd1bmEgcGFydGUgb+KApj8=
NyfX,,SSdtIGEgZnJpZW5kIG9mIGhpcy4=,,,,,U29tb3MgYW1pZ29zLg==,,RXMgbWkgYW1pZ28u
OCfX,,T2gsIHdlJ3JlIGZhbWlseSwgeW91IGtub3cuLi4=,,,,,QWgsIHNvbW9zIHVtYSBmYW3DrWxpYSwgdm9jw6ogc2FiZS4uLg==,,QWgsIHNvbW9zIGZhbWlsaWEsIHlhIHNhYmVz4oCm
OSfX,,SSd2ZSBoZWFyZCBhYm91dCBoaW0gYmVmb3JlLCBzby4uLg==,,,,,SsOhIG91dmkgZmFsYXIgZGVsZSBhbnRlcywgZW50w6NvLi4u,,RXNjdWNow6kgaGFibGFyIGRlIMOpbCBhbnRlcywgYXPDrSBxdWXigKY=
OifX,,W1N1ZWlpIFNsaWVycmVdCldlbGwsIFdvbGZjaGV2IGlzIG5vdApvbmx5IGJyaWxsaWFudCwgaGUncyBhbHNvCmEgcmVzcGVjdGVkIHByb2Zlc3Npb25hbC4KSGUgc2hvdWxkIGJlIGRvaW5nIGp1c3QgZmluZS4=,,,,,W1N1ZWlpIFNsaWVycmVdCkJvbSwgbyBXb2xmY2hldiBuw6NvIMOpCmFwZW5hcyBicmlsaGFudGUsIGVsZSB0YW1iw6ltIMOpCnVtIHByb2Zpc3Npb25hbCByZXNwZWl0YWRvLgpFbGUgZGV2ZSBlc3RhciBzZSBzYWluZG8gYmVtLg==,,W1N1ZWlpIFNsaWVycmVdCkJ1ZW5vLCBXb2xmY2hldiBubwpzb2xvIGVzIGJyaWxsYW50ZSwgc2lubyB0YW1iacOpbgp1biBwcm9mZXNpb25hbCByZXNwZXRhZG8uCkRlYmVyw61hIGlybGUgbXV5IGJpZW4u
OyfX,,W1N1ZWlpIFNsaWVycmVdCkFoLCB5b3Ugc2hvdWxkIGJlCnZlcnkgcHJvdWQgb2YgV29sZmNoZXYuCkluIGFkZGl0aW9uIHRvIGJlaW5nIGEKZ2VuaXVzLCBXb2xmY2hldiBpcyBhbHNvCnF1aXRlIHRoZSBwcm9mZXNzaW9uYWwsCnRydWx5IGEgbW9kZWwgc2NpZW50aXN0Lg==,,,,,W1N1ZWlpIFNsaWVycmVdCkFoLCB2b2PDqiBkZXZlIGVzdGFyCm11aXRvIG9yZ3VsaG9zbyBkbyBXb2xmY2hldi4KQWzDqW0gZGUgc2VyIHVtCmfDqm5pbywgV29sZmNoZXYgdGFtYsOpbSDDqQp1bSBncmFuZGUgcHJvZmlzc2lvbmFsLAp1bSB2ZXJkYWRlaXJvIGNpZW50aXN0YSBleGVtcGxhci4=,,W1N1ZWlpIFNsaWVycmVdCkFoLCBzZWd1cm8gdGUgZW5vcmd1bGxlY2VzCm11Y2hvIGRlIFdvbGZjaGV2LgpBZGVtw6FzIGRlIHNlciB1bgpnZW5pbywgV29sZmNoZXYgdGFtYmnDqW4gZXMKdG9kbyB1biBwcm9mZXNpb25hbCwKc2luIGx1Z2FyIGEgZHVkYXMgdW4gY2llbnTDrWZpY28gbW9kZWxvLg==
PCfX,,W1N1ZWlpIFNsaWVycmVdCkFoIHllcywgV29sZmNoZXYgaGFzCnF1aXRlIHRoZSByZXB1dGF0aW9uLiBJbgpmYWN0LCBoZSdzIGluIHN1Y2ggaGlnaApkZW1hbmQgdGhhdCBSZWdlbnNjaGlybQp3YW50cyBoaW0gb24gdGhlaXIgc3RhZmYu,,,,,W1N1ZWlpIFNsaWVycmVdCkFoLCBzaW0sIFdvbGZjaGV2IHRlbQp1bWEgcmVwdXRhw6fDo28gZSB0YW50by4KRGUgZmF0bywgZWxlIMOpIHTDo28gcmVxdWlzaXRhZG8KcXVlIFJlZ2Vuc2NoaXJtCm8gcXVlciBlbSBzdWEgZXF1aXBlLg==,,W1N1ZWlpIFNsaWVycmVdCkFoLCBzw60sIFdvbGZjaGV2IHRpZW5lCnRvZGEgdW5hIHJlcHV0YWNpw7NuLiBEZQp2ZXJkYWQsIGVzIGFsZ3VpZW4gdGFuCnNvbGljaXRhZG8gcXVlIFJlZ2Vuc2NoaXJtCmxvIHF1aWVyZSBjb21vIHBhcnRlIGRlIHN1IHBlcnNvbmFsLg==
PSfX,,W1N1ZWlpIFNsaWVycmVdCk5vdyBpZiB5b3UnbGwgZXhjdXNlIG1lLApJIGhhdmUgbWFueSB0YXNrIHRvIHBlcmZvcm0sCnNvIHBsZWFzZSB2aXNpdCBvdXIgSGVscCBEZXNrCmlmIHlvdSBoYXZlIGZ1cnRoZXIgaW5xdWlyaWVzLg==,,,,,W1N1ZWlpIFNsaWVycmVdCkFnb3JhLCBzZSBtZSBkZXIgbGljZW7Dp2EsCnRlbmhvIG11aXRhcyB0YXJlZmFzIGEgcmVhbGl6YXIsCnBvciBpc3NvLCB2w6EgYW8gbm9zc28gQmFsY8OjbwpkZSBJbmZvcm1hw6fDtWVzIGNhc28gdGVuaGEgbWFpcyBkw7p2aWRhcy4=,,W1N1ZWlpIFNsaWVycmVdCkFob3JhLCBzaSBtZSBkaXNjdWxwYXMsCnRlbmdvIG11Y2hhcyB0YXJlYXMgcXVlIHRlcm1pbmFyLAphc8OtIHF1ZSB2aXNpdGEgbnVlc3RyYSBtZXNhIGRlIGF5dWRhCnNpIHRpZW5lcyBtw6FzIHByZWd1bnRhcy4=
PifX,,Vy1XYWl0IQ==,,,,,RS1Fc3BlcmUh,,wqFFLWVzcGVyYSE=
PyfX,,QWxyaWdodCwgSSB1bmRlcnN0YW5kLg==,,,,,VHVkbyBiZW0sIGV1IGVudGVuZG8u,,QmllbiwgZW50aWVuZG8u
QCfX,,W1N1ZWlpIFNsaWVycmVdCi4uLgouLi4uLi4=,,,,,W1N1ZWlpIFNsaWVycmVdCi4uLgouLi4uLi4=,,W1N1ZWlpIFNsaWVycmVdCuKApgouLi4uLi4=
QSfX,,W1N1ZWlpIFNsaWVycmVdClRoYW5rIHlvdSBmb3IgeW91cgpjb29wZXJhdGlvbi4gQXMgeW91IHdlbGwKa25vdywgdGhlIEhlbHAgRGVzayBpcyB0aGVyZQp0byBhbnN3ZXIgYW55IG9mIHlvdXIgcXVlc3Rpb25zXkZGRkZGRiAgIF4wMDAwMDAgcmVnYXJkaW5nIHRoZSBSZWtlbmJlciBDb3Jwb3JhdGlvbi4=,,,,,W1N1ZWlpIFNsaWVycmVdCk9icmlnYWRhIHBvciBzdWEKY29sYWJvcmHDp8Ojby4gQ29tbyB2b2PDqiBiZW0Kc2FiZSwgbyBCYWxjw6NvIGRlIEluZm9ybWHDp8O1ZXMgZXN0w6Egw6AgZGlzcG9zacOnw6NvCnBhcmEgcmVzcG9uZGVyIGEgcXVhbHF1ZXIgdW1hIGRlIHN1YXMgcGVyZ3VudGFzXkZGRkZGRiAgIF4wMDAwMDAgcmVsYWNpb25hZGFzIMOgIENvcnBvcmHDp8OjbyBSZWtlbmJlci4=,,W1N1ZWlpIFNsaWVycmVdCkdyYWNpYXMgcG9yIHR1CmNvb3BlcmFjacOzbi4gQ29tbyBiaWVuCnNhYmVzLCBsYSBtZXNhIGRlIGF5dWRhIGVzdMOhIApwYXJhIHJlc3BvbmRlciBjdWFscXVpZXJhIGRlIHR1cyBwcmVndW50YXNeRkZGRkZGIF4wMDAwMDByZWxhY2lvbmFkYXMgY29uIGxhIENvcnBvcmFjacOzbiBSZWtlbmJlci4=
QifX,,W1N1ZWlpIFNsaWVycmVdCkknbSBzb3JyeSwgYnV0IHBsZWFzZQp1bmRlcnN0YW5kIHRoYXQgbXkgb2ZmaWNlCmlzbid0IHRoZSBwbGFjZSBmb3IgdmlzaXRvcnMgdG8Kc3VibWl0IHRoZWlyIGdlbmVyYWwgaW5xdWlyaWVzLgpQbGVhc2UgdmlzaXQgdGhlIEhlbHAgRGVzayBpZgp5b3UgaGF2ZSBhbnkgbW9yZSBxdWVzdGlvbnMu,,,,,W1N1ZWlpIFNsaWVycmVdCk1lIGRlc2N1bHBlLCBtYXMsIHBvciBmYXZvciwKZW50ZW5kYSBxdWUgbWV1IGVzY3JpdMOzcmlvCm7Do28gw6kgbyBsdWdhciBwYXJhIG9zIHZpc2l0YW50ZXMKZW52aWFyZW0gc3VhcyBwZXJndW50YXMgZ2VyYWlzLgpWw6EgYW8gQmFsY8OjbyBkZSBJbmZvcm1hw6fDtWVzIHNlCnRpdmVyIG1haXMgcGVyZ3VudGFzLg==,,W1N1ZWlpIFNsaWVycmVdCkxvIHNpZW50bywgcGVybyB0ZSBwaWRvCnF1ZSBlbnRpZW5kYXMgcXVlIG1pIG9maWNpbmEKbm8gZXMgZWwgbHVnYXIgcGFyYSByZXNwb25kZXIgbGFzIGNvbnN1bHRhcwpnZW5lcmFsZXMgZGUgcXVpZW5lcyBub3MgdmlzaXRhbi4KQ29uc3VsdGEgZW4gbGEgbWVzYSBkZSBheXVkYSBzaQp0aWVuZXMgbcOhcyBwcmVndW50YXMu
QyfX,,QWJvdXQgV29sZmNoZXYncyBSZXNlYXJjaA==,,,,,U29icmUgYSBwZXNxdWlzYSBkbyBXb2xmY2hldg==,,UHJlZ3VudGFyIHNvYnJlIGxhIGludmVzdGlnYWNpw7NuIGRlIFdvbGZjaGV2Lg==
RCfX,,W1N1ZWlpIFNsaWVycmVdCkkgY291bGRuJ3QgdGVsbCB5b3UgYW55Cm1vcmUgYWJvdXQgV29sZmNoZXYuCkJ1dCBpcyB0aGVyZSBhbnl0aGluZyB5b3UKbmVlZCB0byB0ZWxsIG1lIGFib3V0IGhpbT8KV2VsbCwgaWYgeW91IGhhdmUgc29tZXRoaW5nCnRvIGFzaywgYmUgcXVpY2sgYWJvdXQgaXQu,,,,,W1N1ZWlpIFNsaWVycmVdCkV1IG7Do28gcG9kZXJpYSBsaGUgZGl6ZXIgbWFpcwptYWlzIHNvYnJlIFdvbGZjaGV2LgpNYXMgaMOhIGFsZ3VtYSBjb2lzYSBxdWUgdm9jw6oKcHJlY2lzYSBtZSBjb250YXIgc29icmUgZWxlPwpCb20sIHNlIHZvY8OqIHRlbSBhbGdvCnBhcmEgcGVyZ3VudGFyLCBzZWphIGJyZXZlLg==,,W1N1ZWlpIFNsaWVycmVdCk5vIHB1ZWRvIGRlY2lydGUgbmFkYQptw6FzIHNvYnJlIFdvbGZjaGV2LgrCv1Blcm8gaGF5IGFsZ28gcXVlCnRlbmdhcyBxdWUgZGVjaXJtZSBzb2JyZSDDqWw/CkJ1ZW5vLCBzaSB0aWVuZXMgYWxnbwpxdWUgcHJlZ3VudGFyLCBxdWUgc2VhIHLDoXBpZG8u
RSfX,,V29sZmNoZXYncyBQYXN0,,,,,TyBwYXNzYWRvIGRvIFdvbGZjaGV2,,UHJlZ3VudGFyIHNvYnJlIGVsIHBhc2FkbyBkZSBXb2xmY2hldi4=
RifX,,V29sZmNoZXYncyBUZXN0IFN1YmplY3Rz,,,,,Q29iYWlhcyBkZSB0ZXN0ZSBkbyBXb2xmY2hldg==,,UHJlZ3VudGFyIHNvYnJlIGxvcyBzdWpldG9zIGRlIHBydWViYSBkZSBXb2xmY2hldi4=
RyfX,,W1N1ZWlpIFNsaWVycmVdCkkgcmVtZW1iZXIgaGVhcmluZyB0aGF0IGhlCnJlY2VpdmVkIGEgaGlnaCByZWNvbW1lbmRhdGlvbgp0byB3b3JrIGhlcmUsIGJ1dCBzcGVjaWZpY3MgZWx1ZGVeRkZGRkZGIF4wMDAwMDAgbWUgc2luY2UgSSBkb24ndCB3b3JrIGluIEh1bWFuClJlc291cmNlcy4gVGhlcmUncyBhIHJ1bW9yIHRoYXQKaGUgaGFkIGEgdHJvdWJsZWQgbG92ZSBsaWZlLi4u,,,,,W1N1ZWlpIFNsaWVycmVdCkV1IG1lIGxlbWJybyBkZSB0ZXIgb3V2aWRvIHF1ZSBlbGUKcmVjZWJldSB1bWEgYWx0YSByZWNvbWVuZGHDp8OjbwpwYXJhIHRyYWJhbGhhciBhcXVpLCBtYXMgb3MgZGV0YWxoZXMgbWUgZXNjYXBhbV5GRkZGRkYgXjAwMDAwMCwgcG9pcyBuw6NvIHRyYWJhbGhvIG5hIMOhcmVhIGRlClJlY3Vyc29zIEh1bWFub3MuIEjDoSB1bSBib2F0byBkZSBxdWUKdGluaGEgdW1hIHZpZGEgYW1vcm9zYSBjb250dXJiYWRhLi4u,,W1N1ZWlpIFNsaWVycmVdClJlY3VlcmRvIGhhYmVyIG/DrWRvIHF1ZQpyZWNpYmnDsyB1bmEgYWx0YSByZWNvbWVuZGFjacOzbgpwYXJhIHRyYWJhamFyIGFxdcOtLCBwZXJvIGxvcyBkZXRhbGxlcyBzZSBtZSBlc2NhcGFuXkZGRkZGRiBeMDAwMDAweWEgcXVlIG5vIHRyYWJham8gZW4gZWwgc2VjdG9yIGRlIHJlY3Vyc29zCmh1bWFub3MuIEV4aXN0ZSBlbCBydW1vciBkZSBxdWUKdGVuw61hIHVuYSB2aWRhIGFtb3Jvc2EgY29tcGxpY2FkYeKApg==
SCfX,,W1N1ZWlpIFNsaWVycmVdCkJ1dCBhc2lkZSBmcm9tIGEgZmV3CnJ1bW9ycywgd2UgcmVhbGx5IGRvbid0Cmtub3cgbXVjaCBhYm91dCBXb2xmY2hldidzCnBlcnNvbmFsIGxpZmUuIEJ1dCB0aGVuIGFnYWluLAppdCBtYXkgYmUgdW5ldGhpY2FsIHRvIHByeSB0b28KbXVjaCBpbnRvIG91ciBlbXBsb3llZSdzIGxpdmVzLg==,,,,,W1N1ZWlpIFNsaWVycmVdCk1hcywgYWzDqW0gZGUgYWxndW5zCnJ1bW9yZXMsIG7Ds3MgcmVhbG1lbnRlIG7Do28Kc2FiZW1vcyBtdWl0byBzb2JyZSBhCnZpZGEgcGVzc29hbCBkbyBXb2xmY2hldi4gTWFzLCBwZW5zYW5kbyBiZW0sCnRhbHZleiBuw6NvIHNlamEgw6l0aWNvIGJpc2JpbGhvdGFyCmRlbWFpcyBuYSB2aWRhIGRlIG5vc3NvcyBmdW5jaW9uw6FyaW9zLg==,,W1N1ZWlpIFNsaWVycmVdClBlcm8gZnVlcmEgZGUgdW4gcGFyIGRlCnJ1bW9yZXMsIHJlYWxtZW50ZSBubwpzYWJlbW9zIG11Y2hvIHNvYnJlIGxhIHZpZGEKcGVyc29uYWwgZGUgV29sZmNoZXYuIFBlcm8gZW4gdG9kbyBjYXNvLAp0YWwgdmV6IHNlYSBwb2NvIMOpdGljbyBmaXNnb25lYXIKbXVjaG8gZW4gbGEgdmlkYSBkZSBudWVzdHJvcyBlbXBsZWFkb3Mu
SSfX,,W1N1ZWlpIFNsaWVycmVdCldvbGZjaGV2J3MgdGVzdCBzdWJqZWN0cz8KV2VsbCwgSSBrbm93IHdlIGhhdmUgYSBwb2xpY3kKb2YgdXNpbmcgdGhlIG1vc3QgaHVtYW5lCm1ldGhvZHMgZGVwZW5kaW5nIG9uIHRoZQpleHBlcmltZW50LiBBbmQgb2YgY291cnNlLCBoZV5GRkZGRkYgICAgIF4wMDAwMDAgc2hvdWxkIG9ubHkgYmUgdGVzdGluZyBvbiBhbmltYWxzLg==,,,,,W1N1ZWlpIFNsaWVycmVdCkFzIGNvYmFpYXMgZG8gV29sZmNoZXY/CkJvbSwgZXUgc2VpIHF1ZSB0ZW1vcyB1bWEgcG9sw610aWNhCmRlIHVzYXIgb3MgbcOpdG9kb3MgbWFpcyBodW1hbml6YWRvcywKZGVwZW5kZW5kbyBkbwpleHBlcmltZW50by4gRSwgw6kgY2xhcm8sIGVsZV5GRkZGRkYgICAgIF4wMDAwMDAgZGV2ZXJpYSB0ZXN0YXIgYXBlbmFzIGVtIGFuaW1haXMu,,W1N1ZWlpIFNsaWVycmVdCsK/TG9zIHN1amV0b3MgZGUgcHJ1ZWJhIGRlIFdvbGZjaGV2PwpCdWVubywgc8OpIHF1ZSB0ZW5lbW9zIHVuYSBwb2zDrXRpY2EKZGUgdXNhciBlbCBtw6l0b2RvIG3DoXMgaHVtYW5vCnBvc2libGUgZGVwZW5kaWVuZG8gZGVsCmV4cGVyaW1lbnRvLiBZLCBwb3Igc3VwdWVzdG8sIMOpbF5GRkZGRkYgXjAwMDAwMCBzb2xvIGRlYmVyw61hIGhhY2VyIHBydWViYXMgZW4gYW5pbWFsZXMu
SifX,,V29sZmNoZXYncyByZXNlYXJjaCBpcyBncmVhdCE=,,,,,QSBwZXNxdWlzYSBkbyBXb2xmY2hldiDDqSBleGNlbGVudGUh,,wqFMYSBpbnZlc3RpZ2FjacOzbiBkZSBXb2xmY2hldiBlcyBnZW5pYWwh
SyfX,,SGlzIGV4cGVyaW1lbnRzIGFyZSBzdXNwaWNpb3VzLi4u,,,,,U2V1cyBleHBlcmltZW50b3Mgc8OjbyBzdXNwZWl0b3MuLi4=,,U3VzIGV4cGVyaW1lbnRvcyBzb24gc29zcGVjaG9zb3PigKY=
TCfX,,W1N1ZWlpIFNsaWVycmVdClllcywgeWVzLCBJJ2QgYWdyZWUgaWYKSSB1bmRlcnN0b29kIHNjaWVuY2UgYQpsaXR0bGUgYml0IGJldHRlci4gTm93LCB5b3UnbGwKaGF2ZSB0byBleGN1c2UgbWUuIEkndmUgYmVlbl5GRkZGRkYgICAgICBeMDAwMDAwIGRpc3RyYWN0ZWQgbG9uZyBlbm91Z2ggYXMgaXQgaXMuLi4=,,,,,W1N1ZWlpIFNsaWVycmVdClNpbSwgc2ltLCBldSBjb25jb3JkYXJpYSBzZQplbnRlbmRlc3NlIGEgY2nDqm5jaWEKdW0gcG91Y28gbWVsaG9yLiBBZ29yYSwKY29tIGxpY2Vuw6dhLiBFdSBqw6EgbWVeRkZGRkZGICAgICAgXjAwMDAwMCBkaXN0cmHDrSBkZW1haXMuLi4=,,W1N1ZWlpIFNsaWVycmVdClPDrSwgc8OtLCBlc3RhcsOtYSBkZSBhY3VlcmRvIHNpCmVudGVuZGllcmEgdW4gcG9jbyBtw6FzCnNvYnJlIGNpZW5jaWEuIEFob3JhLCB0ZW5kcsOhcwpxdWUgZGlzY3VscGFybWUuIFlhIGxsZXZvXkZGRkZGRiBeMDAwMDAwIGRlbWFzaWFkbyB0aWVtcG8gZGlzdHJhw61kYSBkZSBwb3Igc8Ot4oCm
TSfX,,W1N1ZWlpIFNsaWVycmVdCldoYXQgZXhhY3RseSBkbyB5b3UgbWVhbj8KQXJlIHlvdSBzdXJlIHRoYXQgeW91IGhhdmVuJ3QKbWlzdW5kZXJzdG9vZCBhbnl0aGluZyBhYm91dApXb2xmY2hldidzIHdvcms/IFlvdSdsbCBuZWVkCnRvIGlsbHVzdHJhdGUgeW91ciBjbGFpbSBmb3IgdXMKdG8gYmUgb24gdGhlIHNhbWUgcGFnZS4uLg==,,,,,W1N1ZWlpIFNsaWVycmVdCk8gcXVlIGV4YXRhbWVudGUgdm9jw6ogcXVlciBkaXplcj8KVGVtIGNlcnRlemEgZGUgcXVlIG7Do28KZW50ZW5kZXUgbmFkYSBlcnJhZG8gc29icmUgbwp0cmFiYWxobyBkbyBXb2xmY2hldj8gVm9jw6ogdmFpIHByZWNpc2FyCnByb3ZhciBzdWEgYWZpcm1hw6fDo28gcGFyYSBxdWUgcG9zc2Ftb3MKY2hlZ2FyIGEgdW0gZW50ZW5kaW1lbnRvLi4u,,W1N1ZWlpIFNsaWVycmVdCsK/UXXDqSBxdWllcmVzIGRlY2lyIGV4YWN0YW1lbnRlPwrCv05vIGhhYnLDoXMgbWFsaW50ZXJwcmV0YWRvCmFsZ28gc29icmUgZWwgdHJhYmFqbwpkZSBXb2xmY2hldj8gVGVuZHLDoXMKcXVlIGRlbW9zdHJhciB0dSBhZmlybWFjacOzbgpwYXJhIHF1ZSBlc3RlbW9zIGRlIGFjdWVyZG/igKY=
TifX,,U2hvdyBFdmlkZW5jZQ==,,,,,TW9zdHJhciBldmlkw6puY2lh,,TW9zdHJhciBldmlkZW5jaWEu
TyfX,,XjMzNTVGRllvdSByZXZlYWwgdGhlIEhhbmRjdWZmcwp5b3UgZm91bmQgaW4gdGhlIGxhYm9yYXRvcnksCmFuZCBTZWNyZXRhcnkgU2xpZXJyZSdzIGZhY2UKaXMgaW5zdGFudGx5IHNoYWRvd2VkIGJ5IGEKZGVlcGx5IHRyb3VibGVkIGxvb2suXjAwMDAwMA==,,,,,XjMzNTVGRlZvY8OqIHJldmVsYSBhcyBhbGdlbWFzCnF1ZSB2b2PDqiBlbmNvbnRyb3Ugbm8gbGFib3JhdMOzcmlvLAplIG8gcm9zdG8gZGEgU2VjcmV0w6FyaW8gU2xpZXJyZQpzZSBmZWNoYSBpbnN0YW50YW5lYW1lbnRlIGNvbSB1bQpvbGhhciBwcm9mdW5kYW1lbnRlIHBlcnR1cmJhZG8uXjAwMDAwMA==,,XjI1MDJGRFJldmVsYXMgbGFzIEVzcG9zYXMKcXVlIGVuY29udHJhc3RlIGVuIGVsIGxhYm9yYXRvcmlvLAp5IGVsIHJvc3RybyBkZSBsYSBzZWNyZXRhcmlhIFNsaWVycmUKc2UgZW5zb21icmVjZSBhbCBpbnN0YW50ZSBjb24gdW5hCm1pcmFkYSBkZSBwcm9mdW5kYSBwcmVvY3VwYWNpw7NuLl4wMDAwMDA=
UCfX,,V2hhdCdzIFJlZ2Vuc2NoaXJtIHVwIHRvPw==,,,,,TyBxdWUgUmVnZW5zY2hpcm0gZXN0w6EgZmF6ZW5kbz8=,,wr9RdcOpIGVzdMOhIHRyYW1hbmRvIFJlZ2Vuc2NoaXJtPw==
USfX,,V2hhdCdzIFdvbGZjaGV2IHVwIHRvPw==,,,,,TyBxdWUgbyBXb2xmY2hldiBlc3TDoSBmYXplbmRvPw==,,wr9RdcOpIGVzdMOhIHRyYW1hbmRvIFdvbGZjaGV2Pw==
UifX,,W1N1ZWlpIFNsaWVycmVdClNvLi4uIFlvdSdyZQpzdXNwaWNpb3VzIGFib3V0CldvbGZjaGV2J3MgcmVzZWFyY2ggaW4KdGhlIFJlZ2Vuc2NoaXJtIExhYm9yYXRvcnk/,,,,,W1N1ZWlpIFNsaWVycmVdCkVudMOjby4uLiBWb2PDqiBlc3TDoQpzdXNwZWl0YW5kbyBkYQpwZXNxdWlzYSBkbyBXb2xmY2hldiBubwpubyBMYWJvcmF0w7NyaW8gUmVnZW5zY2hpcm0/,,W1N1ZWlpIFNsaWVycmVdCkFzw60gcXVl4oCmIExsZXZhcwpzb3NwZWNoYW5kbyBzb2JyZQpsYSBpbnZlc3RpZ2FjacOzbiBkZSBXb2xmY2hldiBlbgplbCBsYWJvcmF0b3JpbyBkZSBSZWdlbnNjaGlybT8=
UyfX,,WWVz,,,,,U2lt,,U8OtLg==
VCfX,,Tm8=,,,,,TsOjbw==,,Tm8u
VSfX,,W1N1ZWlpIFNsaWVycmVdCldhaXQsIHdoYXQgZXhhY3RseQpkbyB5b3UgZmVlbCBzdXNwaWNpb3VzCmFib3V0PyBCYXNpY2FsbHksIHdoaWNoCnBhcnR5IGRvIHlvdSBmZWVsIGlzIG1vc3QKYXQgZmF1bHQgaW4gdGhpcyBzaXR1YXRpb24/,,,,,W1N1ZWlpIFNsaWVycmVdCkVzcGVyYSwgZG8gcXVlIGV4YXRhbWVudGUKdm9jw6ogZXN0w6EKc3VzcGVpdGFuZG8/IEJhc2ljYW1lbnRlLCBxdWFsCmxhZG8gdm9jw6ogYWNoYSBxdWUgdGVtIG1haXMKY3VscGEgbmVzc2Egc2l0dWHDp8Ojbz8=,,W1N1ZWlpIFNsaWVycmVdCkVzcGVyYSwgwr9xdcOpIGVzIGV4YWN0YW1lbnRlCmxvIHF1ZSB0ZSBwYXJlY2UKc29zcGVjaG9zbz8gQsOhc2ljYW1lbnRlLCDCv2N1w6FsCmRlIGxhcyBwYXJ0ZXMgdGUgcGFyZWNlIG3DoXMKY3VscGFibGUgZW4gZXN0YSBzaXR1YWNpw7NuPw==
VifX,,UmVnZW5zY2hpcm0=,,,,,UmVnZW5zY2hpcm0=,,UmVnZW5zY2hpcm0u
VyfX,,TXIuIFdvbGZjaGV2,,,,,U3IuIFdvbGZjaGV2,,RWwgc2XDsW9yV29sZmNoZXYu
WCfX,,W1N1ZWlpIFNsaWVycmVdCkxldCBtZSBhc3N1cmUgeW91IHRoYXQKUmVnZW5zY2hpcm0gaGFzIGEgc3RyaWN0IHNldApvZiBwcm90b2NhbHMgYW5kIHByb2NlZHVyZXMKdG8gZW5zdXJlIHNhZmV0eSBhbmQgdGhlCnByZXZlbnRpb24gb2YgdW5uZWNlc3NhcnkKY3J1ZWx0eSBpbiBleHBlcmltZW50YXRpb24u,,,,,W1N1ZWlpIFNsaWVycmVdClBvc3NvIHRlIGdhcmFudGlyIHF1ZQpSZWdlbnNjaGlybSBzZWd1ZSB1bSBjb25qdW50byByaWdvcm9zbwpkZSBwcm90b2NvbG9zIGUgcHJvY2VkaW1lbnRvcwpwYXJhIGdhcmFudGlyIGEgc2VndXJhbsOnYQplIGEgcHJldmVuw6fDo28gZGUgY3J1ZWxkYWRlCmRlc25lY2Vzc8OhcmlhIGVtIGV4cGVyaW1lbnRvcy4=,,W1N1ZWlpIFNsaWVycmVdCkTDqWphbWUgYXNlZ3VyYXJ0ZSBxdWUKUmVnZW5zY2hpcm0gdGllbmUgdW4gY29uanVudG8gZXN0cmljdG8KZGUgcHJvdG9jb2xvcyB5IHByb2NlZGltaWVudG9zCnBhcmEgZ2FyYW50aXphciBsYSBzZWd1cmlkYWQKeSBwcmV2ZW5pciBjcnVlbGRhZAppbm5lY2VzYXJpYSBlbiBsb3MgZXhwZXJpbWVudG9zLg==
WSfX,,V2hhdCBhYm91dCB0aGUgY3JlYXR1cmVzIGluIFJlZ2Vuc2NoaXJtPw==,,,,,RSBxdWFudG8gw6BzIGNyaWF0dXJhcyBkbyBSZWdlbnNjaGlybT8=,,wr9ZIHF1w6kgaGF5IGRlIGxhcyBjcmlhdHVyYXMgZGUgUmVnZW5zY2hpcm0/
WifX,,W1N1ZWlpIFNsaWVycmVdCkNyZWF0dXJlcz8gSSB3b3VsZApndWVzcyB0aGF0IHRoZXkncmUgdGhlCnJlc3VsdCBvZiBleHBlcmltZW50YXRpb24uCkJ1dCBJIHdvdWxkbid0IGtub3cgZm9yIHN1cmUu,,,,,W1N1ZWlpIFNsaWVycmVdCkNyaWF0dXJhcz8gRXUgY2h1dGFyaWEKcXVlIGVsYXMgc8OjbyBvCnJlc3VsdGFkbyBkZSBleHBlcmltZW50b3MuCk1hcyBldSBuw6NvIHNlaSBhbyBjZXJ0by4=,,W1N1ZWlpIFNsaWVycmVdCsK/Q3JpYXR1cmFzPyBTdXBvbmdvCnF1ZSBzb24gbG9zIHJlc3VsdGFkb3MKZGUgbGEgZXhwZXJpbWVudGFjacOzbi4KUGVybyBubyBwdWVkbyBkZWNpcmxvIGNvbiBzZWd1cmlkYWQu
WyfX,,W1N1ZWlpIFNsaWVycmVdCkkgY2FuJ3QgYmUgc3VyZSByaWdodApub3csIGJ1dCB0aGlzIGxvb2tzIGxpa2UKZmFpcmx5IGNvbmNyZXRlIGV2aWRlbmNlLgpXZSdsbCBzZW5kIHNvbWUgcGVvcGxlIG92ZXIKdG8gUmVnZW5zY2hpcm0gcmlnaHQgYXdheSE=,,,,,W1N1ZWlpIFNsaWVycmVdCk7Do28gcG9zc28gdGVyIGNlcnRlemEKYWdvcmEsIG1hcyBpc3NvIHBhcmVjZSBzZXIKdW1hIGV2aWTDqm5jaWEgYmFzdGFudGUgY29uY3JldGEuClZhbW9zIGVudmlhciBhbGd1bWFzIHBlc3NvYXMKcGFyYSBSZWdlbnNjaGlybSBpbWVkaWF0YW1lbnRlIQ==,,W1N1ZWlpIFNsaWVycmVdClRvZGF2w61hIG5vIHB1ZWRvIGVzdGFyCnNlZ3VyYSBkZWwgdG9kbywgcGVybyBlc3RhIHBhcmVjZQpldmlkZW5jaWEgYmFzdGFudGUgY29uY3JldGEuCsKhRW52aWFyZW1vcyBhIGFsZ3VuYXMgcGVyc29uYXMKYSBSZWdlbnNjaGlybSBhaG9yYSBtaXNtbyE=
XCfX,,W1N1ZWlpIFNsaWVycmVdCkZvciBub3csIHlvdXIgY2xhaW0KbWVyaXRzIGFuIGludmVzdGlnYXRpb24uCkknbGwgbGV0IHlvdSBrbm93IGlmIHdlCmZpbmQgYW55dGhpbmcgc2lnbmlmaWNhbnQuLi4=,,,,,W1N1ZWlpIFNsaWVycmVdClBvciBlbnF1YW50bywgc3VhIGFsZWdhw6fDo28KbWVyZWNlIHVtYSBpbnZlc3RpZ2HDp8Ojby4KRXUgdGUgaW5mb3JtbyBzZQplbmNvbnRyYXJtb3MgYWxnbyBzaWduaWZpY2F0aXZvLi4u,,W1N1ZWlpIFNsaWVycmVdClBvciBhaG9yYSwgdHUgYWN1c2FjacOzbgptZXJlY2UgdW5hIGludmVzdGlnYWNpw7NuLgpUZSBoYXLDqSBzYWJlciBzaQplbmNvbnRyYW1vcyBhbGdvIHNpZ25pZmljYXRpdm/igKY=
XSfX,,W1N1ZWlpIFNsaWVycmVdCkV2aWRlbmNlLi4uPwpJJ20gc29ycnksIGJ1dCB5b3UgZG9uJ3QKc2VlbSB0byBiZSBjYXJyeWluZyBhbnl0aGluZwp0aGF0IGNhbiBiZSBjb25zdHJ1ZWQgYXMgcHJvb2YuCkkgc3VnZ2VzdCB5b3UgYnJpbmcgc29tZXRoaW5nXkZGRkZGRiAgICAgXjAwMDAwMCB0aGF0IGFjdHVhbGx5IHN1cHBvcnRzIHlvdXIgY2xhaW0u,,,,,W1N1ZWlpIFNsaWVycmVdCkV2aWTDqm5jaWFzLi4uPwpWYWkgbWUgZGVzY3VscGFyLCBtYXMgdm9jw6ogbsOjbwpwYXJlY2UgZXN0YXIgY2FycmVnYW5kbyBuYWRhCnF1ZSBwb3NzYSBzZXIgaW50ZXJwcmV0YWRvIGNvbW8gcHJvdmEuClN1Z2lybyBxdWUgdHJhZ2EgYWxnb15GRkZGRkYgICAgIF4wMDAwMDAgcXVlIHJlYWxtZW50ZSBzdXN0ZW50ZSBzdWEgYWxlZ2HDp8Ojby4=,,W1N1ZWlpIFNsaWVycmVdCsK/RXZpZGVuY2lh4oCmPwpMbyBzaWVudG8sIHBlcm8gbm8KcGFyZWNlcyBsbGV2YXIgbmFkYSBxdWUgcHVlZGEKY29uc2lkZXJhcnNlIHVuYSBwcnVlYmEuClRlIHN1Z2llcm8gcXVlIHRyYWlnYXMgYWxnb15GRkZGRkYgXjAwMDAwMHF1ZSByZWFsbWVudGUganVzdGlmaXF1ZSB0dSBhZmlybWFjacOzbi4=
XifX,,W1N1ZWlpIFNsaWVycmVdCklmIHlvdSdyZSBmaW5pc2hlZCwKSSdkIGxpa2UgdG8gZ2V0IGJhY2sgb24KdGFzay4gUGxlYXNlIGV4Y3VzZSBtZS4=,,,,,W1N1ZWlpIFNsaWVycmVdClNlIHZvY8OqIGrDoSB0ZXJtaW5vdSwKZXUgZ29zdGFyaWEgZGUgdm9sdGFyIGFvCnRyYWJhbGhvLiBQb3IgZmF2b3IsIG1lIGTDqiBsaWNlbsOnYS4=,,W1N1ZWlpIFNsaWVycmVdClNpIHlhIHRlcm1pbmFzdGUsCm1lIGd1c3RhcsOtYSB2b2x2ZXIgYQptaXMgdGFyZWFzLiBTaSBtZSBkaXNjdWxwYXMu
XyfX,,W1N1ZWlpIFNsaWVycmVdCkhtbSwgaGF2ZSB5b3UgY29tZSBiYWNrCnRvIGFkZHJlc3MgeW91ciBjbGFpbSBhYm91dApXb2xmY2hldidzIHdvcms/IElmIHlvdSBkb24ndApoYXZlIGFueSBldmlkZW5jZSwgdGhlbiB5b3UKc2hvdWxkbid0IGJlIG1ha2luZyBydW1vcnMuLi4=,,,,,W1N1ZWlpIFNsaWVycmVdCkhtbSwgdm9jw6ogdm9sdG91CnBhcmEgYWJvcmRhciBzdWEgYWZpcm1hw6fDo28gc29icmUgbwp0cmFiYWxobyBkbyBXb2xmY2hldj8gU2Ugdm9jw6ogbsOjbwp0ZW0gbmVuaHVtYSBldmlkw6puY2lhLCBlbnTDo28KbsOjbyBkZXZlcmlhIGVzdGFyIGludmVudGFuZG8gaGlzdMOzcmlhcy4uLg==,,W1N1ZWlpIFNsaWVycmVdCk1tbSwgwr92b2x2aXN0ZQpwYXJhIGZ1bmRhbWVudGFyIHR1IGFmaXJtYWNpw7NuIHNvYnJlCldvbGZjaGV2PyBTaSBubwp0aWVuZXMgZXZpZGVuY2lhLCBubyB0ZW5kcsOtYXMKcXVlIGFuZGFyIGxldmFudGFuZG8gcnVtb3Jlc+KApg==
YCfX,,W1N1ZWlpIFNsaWVycmVdCkhtbS4gSSBjYW4ndCBjb25zaWRlcgp3aGF0ZXZlciB5b3UgYnJvdWdodCB0aGlzCnRpbWUgYXMgZXZpZGVuY2UgdGhhdCB3b3VsZAphbGxheSBteSBkb3VidHMgYWJvdXQgeW91cgpjbGFpbS4gTm93LCBpZiB5b3UnbGwgZXhjdXNlCm1lLCBJIG5lZWQgdG8gZ2V0IGJhY2sgb24gdGFzay4=,,,,,W1N1ZWlpIFNsaWVycmVdCkh1bW0uIE7Do28gcG9zc28gY29uc2lkZXJhcgpvIHF1ZSB2b2PDqiB0cm91eGUgZGVzdGEgdmV6CmNvbW8gZXZpZMOqbmNpYSBxdWUgcG9zc2EKc2FuYXIgbWluaGFzIGTDunZpZGFzIHNvYnJlIHN1YQphbGVnYcOnw6NvLiBBZ29yYSwgc2UgbWUgZGVyIGxpY2Vuw6dhLApwcmVjaXNvIHZvbHRhciBhbyB0cmFiYWxoby4=,,W1N1ZWlpIFNsaWVycmVdCk1tbS4gTm8gcHVlZG8gY29uc2lkZXJhcgpsbyBxdWUgc2VhIHF1ZSBoYXlhcyB0cmHDrWRvIGVzdGEKdmV6IGNvbW8gdW5hIGV2aWRlbmNpYSBxdWUKZGlzaXBlIG1pcyBkdWRhcyBzb2JyZSBsbwpxdWUgYWZpcm1hcy4gQWhvcmEsIHNpIG1lIGRpc2N1bHBhcywKbmVjZXNpdG8gdm9sdmVyIGEgbWlzIHRhcmVhcy4=
YSfX,,W1N1ZWlpIFNsaWVycmVdCk9oLCBJJ2QgbGlrZSB0byBoYXZlCmEgd29yZCB3aXRoIHlvdS4gV291bGQKeW91IHBsZWFzZSBjb21lIGJhY2sgYWZ0ZXIKcmVkdWNpbmcgdGhlIHdlaWdodCBvZiB0aGUKaXRlbXMgeW91IGFyZSBjYXJyeWluZyBwbGVhc2U/,,,,,W1N1ZWlpIFNsaWVycmVdCkFoLCBldSBnb3N0YXJpYSBkZSB0ZXIKdW1hIHBhbGF2cmEgY29tIHZvY8OqLiBTZXLDoSBxdWUKcG9kZXJpYSB2b2x0YXIgZGVwb2lzIGRlCmRlIHJlZHV6aXIgbyBwZXNvCmRvcyBpdGVucyBxdWUgZXN0w6EgY2FycmVnYW5kbywgcG9yIGZhdm9yPw==,,W1N1ZWlpIFNsaWVycmVdCkFoLCBtZSBndXN0YXLDrWEgaW50ZXJjYW1iaWFyCnVuYXMgcGFsYWJyYXMgY29udGlnby4gwr9ObwrCv21lIGhhcsOtYXMgZWwgZmF2b3IgZGUgdm9sdmVyCmx1ZWdvIGRlIHJlZHVjaXIgZWwgcGVzbwpkZSBsb3Mgb2JqZXRvcyBxdWUgbGxldmFzPw==
YifX,,W1N1ZWlpIFNsaWVycmVdCk9oIGdvb2QsIHlvdSdyZSBoZXJlLgpZb3Ugd2VyZSByaWdodCBhbGwgYWxvbmcuCkluIG91ciBpbnZlc3RpZ2F0aW9uLCB3ZSBmb3VuZAp0aGF0IFdvbGZjaGV2IHdhcyBjb25kdWN0aW5nCnVuYXV0aG9yaXplZCBhbmQgdmVyeSBkYW5nZXJvdXMKcmVzZWFyY2guIEkgb3dlIHlvdSBvdXIgdGhhbmtzLg==,,,,,W1N1ZWlpIFNsaWVycmVdClF1ZSBib20sIHZvY8OqIGVzdMOhIGFxdWkuClZvY8OqIHRpbmhhIHJhesOjbyBlc3NlIHRlbXBvIHRvZG8uCkVtIG5vc3NhIGludmVzdGlnYcOnw6NvLCBkZXNjb2JyaW1vcwpxdWUgV29sZmNoZXYgZXN0YXZhIGNvbmR1emluZG8KcGVzcXVpc2FzIG7Do28gYXV0b3JpemFkYXMgZSBtdWl0byBwZXJpZ29zYXMuCkRldmVtb3Mgbm9zc2EgZ3JhdGlkw6NvIGEgdm9jw6ou,,W1N1ZWlpIFNsaWVycmVdCkFoLCBiaWVuLCBlc3TDoXMgYXF1w60uClRlbsOtYXMgcmF6w7NuIHRvZG8gZXN0ZSB0aWVtcG8uCkNvbiBudWVzdHJhIGludmVzdGlnYWNpw7NuLCBkZXNjdWJyaW1vcwpxdWUgV29sZmNoZXYgZXN0YWJhIGxsZXZhbmRvIGEgY2Fibwp1bmEgaWxlZ2FsIHkgbXV5IHBlbGlncm9zYQppbnZlc3RpZ2FjacOzbi4gVGUgZGVibyBudWVzdHJvIGFncmFkZWNpbWllbnRvLg==
YyfX,,V2hhdCB3YXMgaGUgZG9pbmcuLi4/,,,,,TyBxdWUgZWxlIGVzdGF2YSBmYXplbmRvLi4uPw==,,wr9RdcOpIGVzdGFiYSBoYWNpZW5kb+KApj8=
ZCfX,,W1N1ZWlpIFNsaWVycmVdCkl0IHR1cm5zIG91dCB0aGF0IFdvbGZjaGV2CndhcyBraWRuYXBwaW5nIHdlYWsgYW5kIHNpY2sKcGVvcGxlIGZyb20gdGhlIHNsdW1zIGFuZAp1c2luZyB0aGVtIGFzIGhpcyBndWluZWEgcGlncy4KUmVzdCBhc3N1cmVkLCBoZSdsbCBiZSBwdW5pc2hlZApmb3IgaGlzIGJlaGF2aW9yLCBpZiBub3QgZmlyZWQu,,,,,W1N1ZWlpIFNsaWVycmVdCkFjb250ZWNlIHF1ZSBXb2xmY2hldgplc3RhdmEgc2VxdWVzdHJhbmRvIHBlc3NvYXMgZnJhY2FzIGUgZG9lbnRlcwpkYXMgZmF2ZWxhcyBlCmUgYXMgdXNhbmRvIGNvbW8gY29iYWlhcy4KTsOjbyBzZSBwcmVvY3VwZSwgZWxlIHNlcsOhIHB1bmlkbwpwb3IgZXNzZSBjb21wb3J0YW1lbnRvLCBzZSBuw6NvIGZvciBkZW1pdGlkby4=,,W1N1ZWlpIFNsaWVycmVdClJlc3VsdGEgcXVlIFdvbGZjaGV2CnNlY3Vlc3RyYWJhIGEgcGVyc29uYXMgZMOpYmlsZXMKeSBlbmZlcm1hcyBkZSBsb3MgYmFycmlvcyBiYWpvcwpwYXJhIHVzYXJsb3MgY29tbyBjb25lamlsbG9zIGRlIEluZGlhcy4KVGVuIGxhIHNlZ3VyaWRhZCBkZSBxdWUgcmVjaWJpcsOhIHVuIGNhc3RpZ28KcG9yIGxvIHF1ZSBoaXpvLCBzaSBlcyBxdWUgbm8gbG8gZGVzcGlkZW4u
ZSfX,,W1N1ZWlpIFNsaWVycmVdCkkgdGhpbmsgeW91IGRlc2VydmUgYW4KYXBvbG9neS4gV2l0aG91dCB5b3VyCnJlcG9ydCwgb3VyIGNvcnBvcmF0aW9uJ3MKcmVwdXRhdGlvbiBjb3VsZCBoYXZlIGJlZW4KcG90ZW50aWFsbHkgZGFtYWdlZC4gVGhhbmsgeW91Lg==,,,,,W1N1ZWlpIFNsaWVycmVdCkFjaG8gcXVlIHZvY8OqIG1lcmVjZSB1bQpwZWRpZG8gZGUgZGVzY3VscGFzLiBTZW0gbyBzZXUKcmVsYXTDs3JpbywgYSByZXB1dGHDp8OjbyBkZSBub3NzYSBjb3Jwb3Jhw6fDo28KcG9kZXJpYSB0ZXIgc2lkbwpwcmVqdWRpY2FkYS4gTXVpdG8gb2JyaWdhZGEu,,W1N1ZWlpIFNsaWVycmVdCkNyZW8gcXVlIHRlIG1lcmVjZXMgdW5hCmRpc2N1bHBhLiBTaW4gdHUKZGVudW5jaWEsIGxhIHJlcHV0YWNpw7NuIGRlCm51ZXN0cmEgY29ycG9yYWNpw7NuIHBvZMOtYQpoYWJlciBzYWxpZG8gcGVyanVkaWNhZGEuIEdyYWNpYXMu
ZifX,,W1N1ZWlpIFNsaWVycmVdClllcywgdGhlcmUncyBub3RoaW5nIHNvCnRhYm9vIGFzIHRyeWluZyB0byBwZXJmb3JtCkhvbXVuY3VsdXMgZXhwZXJpbWVudHMKb24gcGVvcGxlISBBbnl3YXksIHBsZWFzZQphY2NlcHQgdGhpcyBhcyBhIHRva2VuIG9mCm91ciBncmF0aXR1ZGUsIGFkdmVudHVyZXIu,,,,,W1N1ZWlpIFNsaWVycmVdClNpbSwgbsOjbyBow6EgbmFkYSB0w6NvCnRhYnUgZG8gcXVlIHRlbnRhciByZWFsaXphcgpleHBlcmltZW50b3MgY29tIGhvbcO6bmN1bG9zCm5hcyBwZXNzb2FzISBEZSBxdWFscXVlciBmb3JtYSwKYWNlaXRlIGlzdG8gY29tbyB1bSBzw61tYm9sbyBkZQpub3NzYSBncmF0aWTDo28sIHZpYWphbnRlLg==,,W1N1ZWlpIFNsaWVycmVdClPDrSwgbm8gaGF5IG5hZGEgbcOhcwp0YWLDuiBxdWUgaW50ZW50YXIgcmVhbGl6YXIKZXhwZXJpbWVudG9zIGRlIGhvbcO6bmN1bG9zCmVuIHBlcnNvbmFzLiBFbiBmaW4sCmFjZXB0YSBlc3RvIGNvbW8gdW5hIG11ZXN0cmEgZGUKbnVlc3RyYSBncmF0aXR1ZCwgdHJvdGFtdW5kb3Mu
ZyfX,,W1N1ZWlpIFNsaWVycmVdCkxldCBtZSBwcm9taXNlIHlvdQp0aGF0IFJla2VuYmVyIHdpbGwgZW5zdXJlCnRoYXQgdGhpcyBraW5kIG9mIGluY2lkZW50CndpbGwgbm90IGJlIHJlcGVhdGVkIGFuZAp3ZSdsbCBkbyBldmVyeXRoaW5nIGluIG91cgpwb3dlciB0byBjb21wZW5zYXRlIGZvciB0aGlzLi4u,,,,,W1N1ZWlpIFNsaWVycmVdCkV1IHRlIHByb21ldG8KcXVlIGEgUmVrZW5iZXIgdmFpIGdhcmFudGlyCnF1ZSBlc3NlIHRpcG8gZGUgaW5jaWRlbnRlCm7Do28gc2UgcmVwaXRhIGUKZmFyZW1vcyB0dWRvIG8gcXVlIGVzdGl2ZXIgYW8gbm9zc28KYWxjYW5jZSBwYXJhIGNvbXBlbnNhciBpc3NvLi4u,,W1N1ZWlpIFNsaWVycmVdClRlIHByb21ldG8KcXVlIFJla2VuYmVyIHNlIGFzZWd1cmFyw6EgCmRlIHF1ZSBlc3RlIHRpcG8gZGUgaW5jaWRlbnRlcwpubyBzZSByZXBpdGFuIHkgaGFyZW1vcwp0b2RvIGxvIHF1ZSBlc3TDqSBhIG51ZXN0cm8KYWxjYW5jZSBwYXJhIGNvbXBlbnNhciBlc3Rv4oCm
aCfX,,W1N1ZWlpIFNsaWVycmVdCk9oLCBvdXIgaW52ZXN0aWdhdGlvbgpvZiB5b3VyIGNsYWltIGlzIHN0aWxsIGluCnByb2dyZXNzLiBIb3dldmVyLCB3ZQp3aWxsIGxldCB5b3Uga25vdyB3aGVuIGFueQpuZXcgZGV2ZWxvcG1lbnRzIGFyaXNlLg==,,,,,W1N1ZWlpIFNsaWVycmVdCkFoLCBub3NzYSBpbnZlc3RpZ2HDp8OjbwpkZSBzdWEgYWxlZ2HDp8OjbyBhaW5kYSBlc3TDoQplbSBhbmRhbWVudG8uIE5vIGVudGFudG8sCmluZm9ybWFyZW1vcyBxdWFuZG8gc3VyZ2lyZW0Kbm92b3MgZGVzZG9icmFtZW50b3Mu,,W1N1ZWlpIFNsaWVycmVdCkFoLCBudWVzdHJhIGludmVzdGlnYWNpw7NuCnNvYnJlIHR1IGRlbnVuY2lhIHNpZ3VlIGVuCnByb2dyZXNvLiBEZSB0b2RhcyBmb3JtYXMsCnRlIGF2aXNhcmVtb3MgY3VhbmRvCnN1cmphbiBudWV2YSBpbmZvcm1hY2nDs24u
aSfX,,W1N1ZWlpIFNsaWVycmVdCkknbSBnbGFkIHRvIGtub3cgdGhhdAp3ZSBoYXZlIHN1Y2ggcHJvYWN0aXZlCmFuZCBjb25jZXJuZWQgY3VzdG9tZXJzCnN1Y2ggYXMgeW91cnNlbGYgdG8gc3VwcG9ydAp0aGUgUmVrZW5iZXIgQ29ycG9yYXRpb24u,,,,,W1N1ZWlpIFNsaWVycmVdCkZpY28gZmVsaXogZW0gc2FiZXIgcXVlCnRlbW9zIGNsaWVudGVzIHTDo28gcHJvYXRpdm9zCmUgcHJlb2N1cGFkb3MgY29tIG9zIGNsaWVudGVzCmNvbW8gdm9jw6ogcGFyYSBhcG9pYXIgYQphIENvcnBvcmHDp8OjbyBSZWtlbmJlci4=,,W1N1ZWlpIFNsaWVycmVdCk1lIGFsZWdyYSBzYWJlciBxdWUKdGVuZW1vcyB0YWwgcHJvYWN0aXZpZGFkCnkgY2xpZW50ZXMgcHJlb2N1cGFkb3MKY29tbyB0w7ogcGFyYSBhcG95YXIKYSBsYSBDb3Jwb3JhY2nDs24gUmVrZW5iZXIu
aifX,,W1N1ZWlpIFNsaWVycmVdCkV4Y3VzZSBtZSwgYnV0IHlvdSBhcmUKbm90IGFsbG93ZWQgdG8gYmUgaW4gaGVyZS4KUGxlYXNlIHZpc2l0IHRoZSBIZWxwIERlc2sKaWYgeW91IGhhdmUgcXVlc3Rpb25zIGFib3V0CnRoZSBSZWtlbmJlciBDb3Jwb3JhdGlvbi4KVGhhbmsgeW91IGZvciBjb29wZXJhdGluZy4=,,,,,W1N1ZWlpIFNsaWVycmVdCkRlc2N1bHBhLCBtYXMgdm9jw6oKbsOjbyB0ZW0gcGVybWlzc8OjbyBwYXJhIGVzdGFyIGFxdWkuClBvciBmYXZvciwgdsOhIGFvIEJhbGPDo28gZGUgSW5mb3JtYcOnw7VlcwpzZSB0aXZlciBkw7p2aWRhcyBzb2JyZQphIENvcnBvcmHDp8OjbyBSZWtlbmJlci4KT2JyaWdhZGEgcGVsYSBjb21wcmVlbnPDo28u,,W1N1ZWlpIFNsaWVycmVdCkRpc2N1bHBhLCBwZXJvIG5vIHRpZW5lcwpwZXJtaXRpZG8gZXN0YXIgYXF1w60uClZpc2l0YSBsYSBtZXNhIGRlIGF5dWRhCnNpIHRpZW5lcyBwcmVndW50YXMgc29icmUKYSBsYSBDb3Jwb3JhY2nDs24gUmVrZW5iZXIuCkdyYWNpYXMgcG9yIGNvb3BlcmFyLg==
ayfX,,XjMxMzFGRlRoZXJlJ3Mgbm8gdHJhY2Ugb2YKdGhhdCBtYWQgc2NpZW50aXN0LiBPbmx5CmhpcyBzdGFja3Mgb2Ygd2VsbCBvcmdhbml6ZWQKZmlsZXMgcmVtYWluIGhlcmUgaW4gdGhlIGxhYi5eMDAwMDAw,,,,,XjMxMzFGRk7Do28gaMOhIG5lbmh1bSByYXN0cm8KZGFxdWVsZSBjaWVudGlzdGEgbG91Y28uIFNvbWVudGUKc3VhcyBwaWxoYXMgZGUgYXJxdWl2b3MgYmVtLW9yZ2FuaXphZGFzCnBlcm1hbmVjZW0gYXF1aSBubyBsYWJvcmF0w7NyaW8uXjAwMDAwMA==,,Xjk5MDAwME5vIGhheSByYXN0cm9zIGRlCmVzZSBjaWVudMOtZmljbyBsb2NvLiBFbiBlbCBsYWJvcmF0b3Jpbwpzb2xvIHF1ZWRhcm9uIHN1cyBwaWxhcyBkZSBhcmNoaXZvcwpiaWVuIG9yZ2FuaXphZG9zLl4wMDAwMDA=
bCfX,,RmlsZQ==,,,,,QXJxdWl2bw==,,RmlsZQ==
bSfX,,TmFtZTogRW5nZW9kCkFnZTogWFgKSGVpZ2h0OiBYWFgKV2VpZ2h0OiBYWA==,,,,,Tm9tZTogRW5nZW9kCklkYWRlOiBYWApBbHR1cmE6IFhYWApQZXNvOiBYWA==,,Tm9tYnJlOiBFbmdlb2QKRWRhZDogWFgKQWx0dXJhOiBYWFgKUGVzbzogWFg=
bifX,,TmFtZTogS2FzaHV0aWkKQWdlOiBYWApIZWlnaHQ6IFhYWApXZWlnaHQ6IFhY,,,,,Tm9tZTogS2FzaHV0aWkKSWRhZGU6IFhYCkFsdHVyYTogWFhYClBlc286IFhY,,Tm9tYnJlOiBLYXNodXRpaQpFZGFkOiBYWApBbHR1cmE6IFhYWApQZXNvOiBYWA==
byfX,,TmFtZTogUHJ1Zm96CkFnZTogWFgKSGVpZ2h0OiBYWFgKV2VpZ2h0OiBYWA==,,,,,Tm9tZTogUHJ1Zm96CklkYWRlOiBYWApBbHR1cmE6IFhYWApQZXNvOiBYWA==,,Tm9tYnJlOiBQcnVmb3oKRWRhZDogWFgKQWx0dXJhOiBYWFgKUGVzbzogWFg=
cCfX,,QSBGaWxl,,,,,VW0gYXJxdWl2bw==,,QSBGaWxl
cSfX,,UmVrZW5iZXIgR3VhcmQ=,,,,,R3VhcmRhIGRhIFJla2VuYmVy,,R3VhcmRpYSBkZSBSZWtlbmJlcg==
cifX,,W1Jla2VuYmVyIEd1YXJkXQpeMzM1NUZGKFdob2EsIGl0J3MgYSBtZW1iZXIKb2YgdGhlIHN0YWZmISleMDAwMDAwIEdvb2QgZGF5IQ==,,,,,W0d1YXJkYSBkYSBSZWtlbmJlcl0KXjMzNTVGRihFaXRhLCDDqSBhbGd1w6ltCmRhIGVxdWlwZSEpXjAwMDAwMCBCb20gZGlhIQ==,,W0d1YXJkaWEgZGUgUmVrZW5iZXJdCl4yNTAyRkQoVmF5YSwgwqFlcyB1biBtaWVtYnJvCmRlbCBwZXJzb25hbCEpXjAwMDAwMCDCoUJ1ZW5vcyBkw61hcyE=
cyfX,,W1Jla2VuYmVyIEd1YXJkXQpUaGlzIGlzIGEgcmVzdHJpY3RlZAphcmVhISBQbGVhc2Ugc2hvdwpzb21lIElEIGltbWVkaWF0ZWx5IQ==,,,,,W0d1YXJkYSBkYSBSZWtlbmJlcl0KRXN0YSDDqSB1bWEgw6FyZWEKcmVzdHJpdGEhIFBvciBmYXZvciwgbW9zdHJlCmFsZ3VtYSBpZGVudGlmaWNhw6fDo28gaW1lZGlhdGFtZW50ZSE=,,W0d1YXJkaWEgZGUgUmVrZW5iZXJdCsKhRXN0w6EgcHJvaGliaWRvIGVsIGFjY2VzbyBhIGVzdGEKem9uYSEgUG9yIGZhdm9yLCBtdWVzdHJhCmFsZ3VuYSBpZGVudGlmaWNhY2nDs24gaW5tZWRpYXRhbWVudGUu
dCfX,,SUQ/,,,,,SURFTlRJRklDQcOHw4NPPw==,,wr9JZGVudGlmaWNhY2nDs24/
dSfX,,W1Jla2VuYmVyIEd1YXJkXQpJIGRvbid0IGtub3cgaG93IHlvdQphZHZlbnR1cmVycyBkbyB0aGluZ3MgaW4KUnVuZS1NaWRnYXJ0cywgYnV0IG92ZXIgaGVyZQp3ZSBoYXZlIGxhd3MgYWJvdXQgdHJlc3Bhc3Npbmch,,,,,W0d1YXJkYSBkYSBSZWtlbmJlcl0KRXUgbsOjbyBzZWkgY29tbyB2b2PDqnMKYXZlbnR1cmVpcm9zIGZhemVtIGFzIGNvaXNhcyBlbQpSdW5lLU1pZGdhcmQsIG1hcyBhcXVpCnRlbW9zIGxlaXMgc29icmUgaW52YXPDo28gZGUgcHJvcHJpZWRhZGUh,,W0d1YXJkaWEgZGUgUmVrZW5iZXJdCk5vIHPDqSBjw7NtbyBoYWNlbgpsYXMgY29zYXMgbG9zIHRyb3RhbXVuZG9zIGVuClJ1bmUtTWlkZ2FydHMsIMKhcGVybyBhcXXDrSB0ZW5lbW9zCmxleWVzIHNvYnJlIGFsbGFuYW1pZW50byBkZSBtb3JhZGEh
difX,,W1Jla2VuYmVyIEd1YXJkXQpVbmxlc3MgeW91IGhhdmUgc3BlY2lhbAphdXRob3JpemF0aW9uLCBub2JvZHkgaXMKYWxsb3dlZCBpbnRvIHRoZSBVbmRlcmdyb3VuZApMYWJvcmF0b3J5IGZvciBzZWN1cml0eSByZWFzb25zLiBeRkZGRkZGICAgICAgXjAwMDAwMA==,,,,,W0d1YXJkYSBkYSBSZWtlbmJlcl0KQSBtZW5vcyBxdWUgdm9jw6ogdGVuaGEKYXV0b3JpemHDp8OjbyBlc3BlY2lhbCwKbmluZ3XDqW0gcG9kZSBlbnRyYXIgbm8KTGFib3JhdMOzcmlvIFN1YnRlcnLDom5lbyBwb3IgbW90aXZvcyBkZSBzZWd1cmFuw6dhLiBeRkZGRkZGICAgICAgXjAwMDAwMA==,,W0d1YXJkaWEgZGUgUmVrZW5iZXJdCkEgbWVub3MgcXVlIHRlbmdhcwphdXRvcml6YWNpw7NuLCBuYWRpZSB0aWVuZQphY2Nlc28gYWwgbGFib3JhdG9yaW8Kc3VidGVycsOhbmVvIHBvciByYXpvbmVzIGRlIHNlZ3VyaWRhZC5eRkZGRkZGIF4wMDAwMDA=
dyfX,,W1Jla2VuYmVyIEd1YXJkXQpLZWVwIHlvdXIgZXllcyBvcGVuLgpJJ3ZlIGhlYXJkIHJ1bW9ycyB0aGF0IHNvbWUKYWR2ZW50dXJlcnMgZnJvbSBSdW5lLU1pZGdhcnRzCmFyZSB0cnlpbmcgdG8gc25lYWsgaW50byBoZXJlIQpJIGtub3cgdGhlIHNlY3VyaXR5IGhlcmUgaXMKcHJldHR5IG11Y2ggZmFpbCBzdXJlLCBidXQuLi4=,,,,,W0d1YXJkYSBkYSBSZWtlbmJlcl0KRmlxdWUgZGUgb2xob3MgYWJlcnRvcy4KT3V2aSBydW1vcmVzIGRlIHF1ZSBhbGd1bnMKYXZlbnR1cmVpcm9zIGRlIFJ1bmUtTWlkZ2FyZAplc3TDo28gdGVudGFuZG8gc2UgaW5maWx0cmFyIGFxdWkhClNlaSBxdWUgYSBzZWd1cmFuw6dhIGRhcXVpIMOpCnByYXRpY2FtZW50ZSBpbmZhbMOtdmVsLCBtYXMuLi4=,,W0d1YXJkaWEgZGUgUmVrZW5iZXJdCk1hbnTDqW4gbG9zIG9qb3MgYWJpZXJ0b3MuIE/DrSBydW1vcmVzIGRlIHF1ZSBhbGd1bm9zIHRyb3RhbXVuZG9zIGRlIFJ1bmUtTWlkZ2FydHMgZXN0w6FuIHRyYXRhbmRvIGRlIGNvbGFyc2UgYXF1w60uIFPDqSBxdWUgbGEgc2VndXJpZGFkIGRlIGVzdGUgbHVnYXIgZXMgcHLDoWN0aWNhbWVudGUgaW5leHB1Z25hYmxlLCBwZXJv4oCm
eCfX,,W1Jla2VuYmVyIEd1YXJkXQpUaGlzIGFyZWEgaXMgcmVzdHJpY3RlZAp0byB0aGUgcHVibGljISBXaG8gYXJlIHlvdQphbmQgaG93IGRpZCB5b3UgZ2V0IGluIGhlcmU/IQpIZXksIEkgbmVlZCBiYWNrdXAgcmlnaHQgYXdheSE=,,,,,W0d1YXJkYSBkYSBSZWtlbmJlcl0KRXN0YSDDoXJlYSDDqSByZXN0cml0YQphbyBww7pibGljbyEgUXVlbSDDqSB2b2PDqgplIGNvbW8gZW50cm91IGFxdWk/IQpFaSwgcHJlY2lzbyBkZSByZWZvcsOnb3MgaW1lZGlhdGFtZW50ZSE=,,W0d1YXJkaWEgZGUgUmVrZW5iZXJdCsKhRXN0YSB6b25hIGVzdMOhIHJlc3RyaW5naWRhCmFsIHDDumJsaWNvISDCocK/UXVpw6luIGVyZXMKeSBjw7NtbyBlbnRyYXN0ZSBhcXXDrT8hCsKhT3llLCBuZWNlc2l0byByZWZ1ZXJ6b3MgYWhvcmEgbWlzbW8h
eSfX,,W1Jla2VuYmVyIEd1YXJkXQouLi4uLi4uLi4uLi4uLi4uLi4uLi4u,,,,,W0d1YXJkYSBkYSBSZWtlbmJlcl0KLi4uLi4uLi4uLi4uLi4uLi4uLi4uLg==,,W0d1YXJkaWEgZGUgUmVrZW5iZXJdCi4uLi4uLi4uLi4uLi4uLi4uLi4uLi4=
eifX,,TmljZSBkYXksIGh1aD8=,,,,,QmVsbyBkaWEsIG7DqT8=,,Qm9uaXRvIGTDrWEsIMK/ZWg/
eyfX,,W1Jla2VuYmVyIEd1YXJkXQouLi4=,,,,,W0d1YXJkYSBkYSBSZWtlbmJlcl0KLi4u,,W0d1YXJkaWEgZGUgUmVrZW5iZXJdCuKApg==
fCfX,,W1Jla2VuYmVyIEd1YXJkXQouLi4h,,,,,W0d1YXJkYSBkYSBSZWtlbmJlcl0KLi4uIQ==,,W0d1YXJkaWEgZGUgUmVrZW5iZXJdCsKh4oCmIQ==
fSfX,,QmxhY2tib2FyZA==,,,,,UXVhZHJvLW5lZ3Jv,,QmxhY2tib2FyZA==
fifX,,XjMzNTVGRllvdSBmb3VuZCBhIGJsYWNrYm9hcmQKZmlsbGVkIHdpdGggc2NyaWJibGluZy4gWW91CmNhbiBvbmx5IHJlYWQgc29tZSBvZiB0aGUKbWVzc2FnZXMgdGhhdCBoYXZlIGJlZW4KcXVpY2tseSBzY3Jhd2xlZCBvbiBpdC5eMDAwMDAw,,,,,XjMzNTVGRlZvY8OqIGVuY29udHJvdSB1bSBxdWFkcm8gbmVncm8KdG9kbyByYWJpc2NhZG8uClPDsyDDqSBwb3Nzw612ZWwgbGVyIGFsZ3VtYXMgZGFzCm1lbnNhZ2VucyBxdWUgZm9yYW0KZXNjcml0YXMgw6BzIHByZXNzYXMgbmVsZS5eMDAwMDAw,,XjI1MDJGREVuY29udHJhc3RlIHVuYSBwaXphcnJhCmxsZW5hIGRlIGdhcmFiYXRvcy4gU29sbwpwdWVkZXMgbGVlciBhbGd1bm9zIGRlIGxvcwptZW5zYWplcyBxdWUgc2UgZ2FyYWJhdGVhcm9uCnLDoXBpZGFtZW50ZSBlbiDDqWwuXjAwMDAwMA==
fyfX,,JydNYWtlIHN1cmUgZXZlcnl0aGluZwppcyBjb21wbGV0ZSBieSBYWCAwMC4nJwotIEpvcmpl,,,,,IkNlcnRpZmlxdWUtc2UgZGUgcXVlIHR1ZG8KZXN0ZWphIGNvbXBsZXRvIGF0w6kgWFggMDAuIgotIEpvcmpl,,4oCcQXNlZ3VyYXJzZSBkZSBxdWUgdG9kbwplc3TDqSB0ZXJtaW5hZG8gcGFyYSBlbCBYWCAwMOKAnS4KLUpvcmpl
gCfX,,TGF0ZSBGZWU6IDU5LCA5OTAgemVueQ==,,,,,VGF4YSBkZSBhdHJhc286IDU5Ljk5MCB6ZW55,,VGFzYSBwb3IgZGVtb3JhOiA1OTk5MCB6ZW55
gSfX,,JydJIHdhbnQgdG8gaGF2ZSAlJSUuJycKLSBFbGxldHRlCicnSSB3YW50ICQkJCB0b28hJycKLSBFbm96CicnSG93IGFib3V0IEBAQD8nJwotIEVsbGV0dGU=,,,,,IkV1IHF1ZXJvIHRlciAlJSUuIgotIEVsbGV0dGUKIkV1IHRhbWLDqW0gcXVlcm8gJCQkISIKLSBFbm96CiJRdWUgdGFsIEBAQD8iCi0gRWxsZXR0ZQ==,,4oCcUXVpZXJvIG1pICUlJeKAnS4KLUVsbGV0dGUK4oCcwqFZbyB0YW1iacOpbiBxdWllcm8gJCQkIeKAnS4KLUVub3oK4oCcwr9ZIHF1w6kgbGVzIHBhcmVjZSBAQEA/4oCdLgotRWxsZXR0ZQ==
gifX,,JydJIHdhbm5hIGJ1eSBbI0AkXS4nJwotIE5pbmpvc2UKJydHbyBidXkgaXQhJycKLSBTZW55dQonJ1dvcmtpbmcgaGFyZCBhbmQgYnV5aW5nIGhhcmReRkZGRkZGICAgIF4wMDAwMDAgaXMgdGhlIGJlc3QgZW1wbG95ZWUgYXR0aXR1ZGUuJycKLSBNYXp3b24=,,,,,IlF1ZXJvIGNvbXByYXIgWyNAJF0uIgotIE5pbmpvc2UKIlbDoSBjb21wcmFyISIKLSBTZW55dQoiVHJhYmFsaGFyIGR1cm8gZSBjb21wcmFyIHBlc2Fkb15GRkZGRkYgICAgXjAwMDAwMCDDqSBhIG1lbGhvciBhdGl0dWRlIGRlIHVtIGZ1bmNpb27DoXJpby4iCi0gTWF6d29u,,4oCcUXVpZXJvIGNvbXByYXIgdW4gWyNAJF3igJ0uCi1OaW5qb3NlCuKAnMKhVmUgYSBjb21wcmFybG8h4oCdLgotU2VueXUK4oCcVHJhYmFqYXIgZHVybyB5IGNvbXByYXIgZHVyb15GRkZGRkYgXjAwMDAwMGVzIGxhIG1lam9yIGFjdGl0dWQgcGFyYSB1biBlbXBsZWFkb+KAnS4KLSBNYXp3b24=
gyfX,,Sm9yamU=,,,,,Sm9yamU=,,Sm9yamU=
hCfX,,W0pvcmplXQpBcnJyZ2gsIEkgZG9uJ3QKaGF2ZSBhbnkgdGltZSBmb3IKdGFsa2luZyEgSSdtIGluIHRoZQptaWRkbGUgb2YgYW4gaW1wb3J0YW50CnRhc2shIEgtaG9sZCBvbiBhIHNlY29uZCE=,,,,,W0pvcmplXQpBcnJyZ2gsIGV1IG7Do28KdGVuaG8gdGVtcG8gcGFyYQpjb252ZXJzYXIhIEVzdG91IG5vCm1laW8gZGUgdW1hIGltcG9ydGFudGUKdGFyZWZhISBFLUVzcGVyZSB1bSBzZWd1bmRvIQ==,,W0pvcmplXQpHcnJyLCDCoW5vIHRlbmdvCnRpZW1wbyBwYXJhCmhhYmxhciEgwqFFc3RveSBlbiBtZWRpbwpkZSB1bmEgdGFyZWEKaW1wb3J0YW50ZSEgwqFFLWVzcGVyYSB1biBtaW51dG8h
hSfX,,W0pvcmplXQpELWRvbid0IGNvbWUgYW55CmNsb3NlciEgQW55b25lIHdobwpjb21lcyBuZWFyIG1lIG1pZ2h0Cmp1c3Qgc2NyZXcgbWUgdXAhIEJhY2sgb2ZmIQ==,,,,,W0pvcmplXQpOLU7Do28gY2hlZ3VlCm1haXMgcGVydG8hIFF1YWxxdWVyIHVtIHF1ZQpzZSBhcHJveGltYXIgZGUgbWltIHBvZGUKbWUgZmVycmFyISBBZmFzdGUtc2Uh,,W0pvcmplXQrCoU5vIHRlIGFjZXJxdWVzCm3DoXMhIMKhQ3VhbHF1aWVyYSBxdWUKc2UgbWUgYWNlcnF1ZSBwb2Ryw61hCmFycnVpbmFybG8gdG9kbyEgwqFBdHLDoXMh
hifX,,W0pvcmplXQpPaCBtYW4uLi4KSSd2ZSBiZWVuIHdvcmtpbmcgc28KaGFyZCBhbmQgaGF2ZW4ndCB0YWtlbgphbnkgYnJlYWtzLiBJIHRoaW5rIEknbGwKcmV3YXJkIG15c2VsZiBhbmQgYnV5CnNvbWV0aGluZyBsaWtlIG1heWJlLS0=,,,,,W0pvcmplXQpBaCwgY2FyYS4uLgpFdSB0ZW5obyB0cmFiYWxoYWRvIHRhbnRvCmUgbsOjbyB0ZW5obyBmZWl0bwpuZW5odW0gaW50ZXJ2YWxvLiBBY2hvIHF1ZSB2b3UgbWUKcmVjb21wZW5zYXIgZSBjb21wcmFyCmFsZ28gdGlwby4uLg==,,W0pvcmplXQpWYXlh4oCmCkVzdHV2ZSB0cmFiYWphbmRvIHRhbgpkdXJvIHkgbm8gbWUgdG9tw6kgCm5pbmfDum4gZGVzY2Fuc28uIENyZW8gcXVlIHZveSBhCnJlY29tcGVuc2FybWUgeSBjb21wcmFyCmFsZ28gY29tbywgdGFsIHZleuKApg==
hyfX,,W0pvcmplXQpObyEgTm8sIEknbSBub3QKZ29ubmEgYnV5IGFueXRoaW5nIQpJJ3ZlIGdvdCBteSBmdXR1cmUgd2lmZQp0byB0aGluayBhYm91dCEgTXVzdC4uLgpTYXZlLi4uIE1vcmUuLi4gTW9uZXkh,,,,,W0pvcmplXQpOw6NvISBOw6NvLCBldSBuw6NvIHZvdQpjb21wcmFyIG5hZGEhClRlbmhvIHF1ZSBwZW5zYXIgZW0gbWluaGEgZnV0dXJhIGVzcG9zYSEKUHJlY2lzby4uLgplY29ub21pemFyLi4uIG1haXMuLi4gZGluaGVpcm8h,,W0pvcmplXQrCoU5vISDCoU5vLCBubyB2b3kKYSBjb21wcmFyIG5hZGEhCsKhVGVuZ28gcXVlIHBlbnNhcgplbiBtaSBmdXR1cmEgZXNwb3NhISDCoURlYm/igKYKYWhvcnJhcuKApiBtw6Fz4oCmIGRpbmVybyE=
iCfX,,TWVyZXRo,,,,,TWVyZXRo,,TWVyZXRo
iSfX,,XjMzNTVGRipTaGhoaGhoenp6eioKKlNoaGhoaGh6enp6Kl4wMDAwMDA=,,,,,XjMzNTVGRipTaGhoaGhoaGh6enp6KgoqU2hoaGhoaGhoenp6eipeMDAwMDAw,,XjI1MDJGRCpTaGhoaGhoenp6eioKKlNoaGhoaGh6enp6Kl4wMDAwMDA=
iifX,,W01lcmV0aF0KU2hoaGhoLi4uLgpBYWFhYWFhYWhoaC4uLg==,,,,,W01lcmV0aF0KU2hoaGhoLi4uLgpBYWFhYWFhYWhoaGguLi4=,,W01lcmV0aF0KU2hoaGho4oCmCkFhYWFhYWFhaGho4oCm
iyfX,,XjMzNTVGRlRoZSBlbXBsb3llZSB0dXJuZWQgaGlzCmhlYWQgYW5kIHBlZXJlZCBpbnRvIHlvdXIKZXllcyB0aHJvdWdoIHRoZSBibGFjayBtYXNrCm9uIGhpcyBmYWNlLiBNZXJldGggc3RhcmVkCndvcmRsZXNzbHkgZm9yIGEgbW9tZW50IGFuZAp0aGVuIGJlZ2FuIHRvIGRhbmNlIGEgbGl2ZWx5LApjcmVlcGlseSBqb3ZpYWwgamlnLl4wMDAwMDA=,,,,,XjMzNTVGRk8gZnVuY2lvbsOhcmlvIHZpcm91IGEgY2FiZcOnYSBlCm9saG91IGVtIHNldXMgb2xob3MKYXRyYXbDqXMgZGEgbcOhc2NhcmEgcHJldGEKcXVlIHRlbSBubyByb3N0by4gTWVyZXRoIGVuY2FyYQplbSBzaWzDqm5jaW8gcG9yIHVtIG1vbWVudG8KZSwgZW0gc2VndWlkYSwgY29tZcOnYSBhIGRhbsOnYXIgZGUgZm9ybWEgYW5pbWFkYQplIHNpbmlzdHJhbWVudGUgam92aWFsLl4wMDAwMDA=,,XjI1MDJGREVsIGVtcGxlYWRvIGdpcsOzIGxhCmNhYmV6YSB5IHRlIG1pcsOzIGEgbG9zIG9qb3MKYSB0cmF2w6lzIGRlIGxhIG3DoXNjYXJhIG5lZ3JhCmRlIHN1IHJvc3Ryby4gTWVyZXRoIG1pcsOzIGZpamFtZW50ZQpzaW4gaGFibGFyIHBvciB1biBtb21lbnRvLApsdWVnbyBlbXBlesOzIGEgYmFpbGFyIHVuYSBnaWdhCmFuaW1hZGEgeSBleHRyYcOxYW1lbnRlIGpvdmlhbC5eMDAwMDAw
jCfX,,XjMzNTVGRlRoaXMgaXMgc2ltcGx5IGEgcGlsZQpvZiBmaWxlcywgYSBzbWF0dGVyaW5nIG9mCmJvb2tzIGFuZCBhIGZhbWlseSBwb3J0cmFpdC5eMDAwMDAw,,,,,XjMzNTVGRklzc28gw6kgc2ltcGxlc21lbnRlIHVtYSBwaWxoYQpkZSBhcnF1aXZvcywgdW0gcHVuaGFkbyBkZSBsaXZyb3MKZSB1bSByZXRyYXRvIGRlIGZhbcOtbGlhLl4wMDAwMDA=,,XjI1MDJGREFxdcOtIHNvbG8gaGF5IHVuIG1vbnTDs24KZGUgYXJjaGl2b3MsIHVuIHB1w7FhZG8gZGUKbGlicm9zIHkgdW4gcmV0cmF0byBmYW1pbGlhci5eMDAwMDAw
jSfX,,XjMzNTVGRlRoaXMgZGVzayBpcyB2ZXJ5Cm5lYXQgYW5kIHdlbGwgb3JnYW5pemVkCmluIGNvbXBhcmlzb24gdG8gdGhlIG90aGVyCmRlc2tzIHlvdSd2ZSBzZWVuIGluIHlvdXIKdGltZS4gWW91IHRha2UgYSBtb21lbnQgdG8KZnVsbHkgbWFydmVsIGF0IGl0cyB0aWRpbmVzcy5eMDAwMDAw,,,,,XjMzNTVGRkVzc2EgbWVzYSBlc3TDoSBtdWl0bwpsaW1wYSBlIGJlbS1vcmdhbml6YWRhCmVtIGNvbXBhcmHDp8OjbyBjb20gYXMgb3V0cmFzCm1lc2FzIHF1ZSB2b2PDqiBqw6Egdml1IG5hIHZpZGEuClZvY8OqIHRpcmEgdW0gbW9tZW50bwpwYXJhIHNlIGVuY2FudGFyIGNvbSBhIGFycnVtYcOnw6NvLl4wMDAwMDA=,,XjI1MDJGREVzdGUgZXNjcml0b3JpbyBlc3TDoSBtdXkKb3JkZW5hZG8geSBvcmdhbml6YWRvCmVuIGNvbXBhcmFjacOzbiBjb24gbG9zIGRlbcOhcwplc2NyaXRvcmlvcyBxdWUgdmlzdGUgZW4gc3UKbW9tZW50by4gVMOzbWF0ZSB1biBtaW51dG8gcGFyYSBtYXJhdmlsbGFydGUKcGxlbmFtZW50ZSBjb24gc3UgcHVsY3JpdHVkLl4wMDAwMDA=
jifX,,Sm9yamVycm8=,,,,,Sm9yamVycm8=,,Sm9yamVycm8=
jyfX,,XjMzNTVGRlRoaXMgbWFuIGhlcmUKaXMgbW90aW9ubGVzcywKYW5kIGZvciBhbGwgaW50ZW50cwphbmQgcHVycG9zZXMsIGlzCnNvdW5kbHkgYXNsZWVwLl4wMDAwMDA=,,,,,XjMzNTVGRkVzdGUgaG9tZW0KZXN0w6EgaW3Ds3ZlbCwKZSBwYXJhIHRvZG9zIG9zIGVmZWl0b3MKZSBwcm9ww7NzaXRvcywgZXN0w6EKZG9ybWluZG8gcHJvZnVuZGFtZW50ZS5eMDAwMDAw,,XjI1MDJGREVzdGUgaG9tYnJlIGRlIGFxdcOtIAplc3TDoSBpbm3Ds3ZpbAp5LCBhIHRvZG8gZWZlY3RvCnkgcHJvcMOzc2l0bywgZXN0w6EgCnByb2Z1bmRhbWVudGUgZG9ybWlkby5eMDAwMDAw
kCfX,,Tmluam9zZQ==,,,,,Tmluam9zZQ==,,Tmluam9zZQ==
kSfX,,W05pbmpvc2VdCkF0IGxvbmcgbGFzdCwgSSd2ZSBmaW5hbGx5CmJvdWdodCBteSBvd24gaG9tZS4gWW91CnNob3VsZCBpbnZlc3QgeW91ciBtb25leSBmb3IKeW91ciBmdXR1cmUgdG9vISBSZWFkIHRoaXMsCicnQW55Ym9keSBDYW4gQmUgUmljaCEnJwpJdCdzIHN1Y2ggYSBncmVhdCBib29rIQ==,,,,,W05pbmpvc2VdCkF0w6kgcXVlIGVuZmltLCBldSBmaW5hbG1lbnRlCmNvbXByZWkgbWluaGEgY2FzYS4gVm9jw6oKZGV2ZXJpYSBpbnZlc3RpciBzZXUgZGluaGVpcm8gZW0Kc2V1IGZ1dHVybyB0YW1iw6ltISBMZWlhIGlzdG8sCiJRdWFscXVlciB1bSBwb2RlIHNlciByaWNvIiEKw4kgdW0gbGl2cm8gbXVpdG8gYm9tIQ==,,W05pbmpvc2VdClBvciBmaW4gcHVkZSBjb21wcmFyCm1pIHByb3BpYSBjYXNhLiBEZWJlcsOtYXMKaW52ZXJ0aXIgZGluZXJvCnBhcmEgZWwgZnV0dXJvIHRhbWJpw6luLiBMZWUgZXN0bzoK4oCcQ3VhbHF1aWVyYSBwdWVkZSBzZXIgcmljb+KAnS4KwqFFcyB1biBncmFuIGxpYnJvIQ==
kifX,,Sm9zaHVh,,,,,Sm9zaHVh,,Sm9zaHVh
kyfX,,W0pvc2h1YV0KV2hhdCBhbSBJIGRvaW5nIGhlcmU/CldhaXRpbmcgZm9yIG15IGRyZWFtCndvbWFuIHRvIGZhbGwgaW50byBteSBsYXAsCndoYXQgZWxzZSBkb2VzIGl0IGxvb2sgbGlrZT8=,,,,,W0pvc2h1YV0KTyBxdWUgZXN0b3UgZmF6ZW5kbyBhcXVpPwpFc3BlcmFuZG8gcXVlIGEgbXVsaGVyIGRvcyBtZXVzIHNvbmhvcwpjYWlhIGVtIG1ldSBjb2xvLApvIHF1ZSBtYWlzIHNlcmlhPw==,,W0pvc2h1YV0Kwr9RdcOpIGhhZ28gYXF1w60/CkVzcGVyYW5kbyBxdWUgbGEgbXVqZXIKZGUgbWlzIHN1ZcOxb3MgY2FpZ2EgZW4gbWkgcmVnYXpvLArCv3F1w6kgb3RyYSBjb3NhIHBhcmVjZT8=
lCfX,,W0pvc2h1YV0KVGFsbCwgYmxvbmQsIGNyZWFteQpjb21wbGV4aW9uIGFuZCBzbW9vdGgKc2tpbi4gVGhhdCdzIHJpZ2h0LiBDb21lCnJpZ2h0IHRvIEpvc2h1YSwgYmFiZXMuCkkgZ290IG15IHBoZXJlbW9uZSBzcHJheQpvbiBhbmQgSSdtIHJlYWR5IHRvIGNydWlzZX4=,,,,,W0pvc2h1YV0KQWx0bywgbG9pcm8sIGRlIHBlbGUgc2Vkb3NhCiBlIArDs3RpbWEgYXBhcsOqbmNpYS4gw4kgaXNzbyBtZXNtby4gVmVuaGFtCmRpcmV0byBwYXJhIG8gSm9zaHVhLCBnYXJvdGFzLgpFc3RvdSBjb20gbWV1IHNwcmF5IGRlIGZlcm9tw7RuaW8KZSBwcm9udGluaG8gcGFyYSBzYWlyfg==,,W0pvc2h1YV0KQWx0YSwgcnViaWEsIGRlIHRlegpjcmVtb3NhIHkgcGllbApzdWF2ZS4gRXNvIGVzLiBWZW5nYW4KdG9kYXMgY29uIEpvc2h1YSwgbmVuYXMuClRlbmdvIG1pIHJvY2lhZG9yIGRlIGZlcm9tb25hcwp5IGVzdG95IGxpc3RvIHBhcmEgY29ucXVpc3Rhci4=
lSfX,,S2VqdWxsZSBSZWtlbmJlcg==,,,,,S2VqdWxsZSBSZWtlbmJlcg==,,S2VqdWxsZSBSZWtlbmJlcg==
lifX,,W0tlanVsbGUgUmVrZW5iZXJdCkhtPyBTdXJlLCBteSBsYXN0IG5hbWUKaXMgUmVrZW5iZXIgYW5kIHRoYXQncyB0aGUKc2FtZSBuYW1lIGFzIG91ciBjaGFpcm1hbiwKYnV0IHRoYXQncyBqdXN0IGEgY29pbmNpZGVuY2UuCkknbSBtZXJlbHkgYSBub3JtYWwgZW1wbG95ZWUuClllYWgsIG5vIHNwZWNpYWwgdHJlYXRtZW50Li4u,,,,,W0tlanVsbGUgUmVrZW5iZXJdCkh1bT8gQ2xhcm8sIG1ldSBzb2JyZW5vbWUKw6kgUmVrZW5iZXIgZSBlc3NlIMOpIG8KbWVzbW8gbm9tZSBkbyBub3NzbyBwcmVzaWRlbnRlLAptYXMgaXNzbyDDqSBzw7MgdW1hIGNvaW5jaWTDqm5jaWEuClNvdSBhcGVuYXMgdW0gZnVuY2lvbsOhcmlvIG5vcm1hbC4KQWhhbSwgc2VtIHRyYXRhbWVudG8gZXNwZWNpYWwuLi4=,,W0tlanVsbGUgUmVrZW5iZXJdCsK/TW0/IENsYXJvLCBtaSBhcGVsbGlkbwplcyBSZWtlbmJlciB5IGVzIGVsIG1pc21vCnF1ZSBlbCBkZSBudWVzdHJvIHByZXNpZGVudGUsCnBlcm8gZXMgc29sbyB1bmEgY29pbmNpZGVuY2lhLgpObyBzb3kgbcOhcyBxdWUgdW4gZW1wbGVhZG8gbm9ybWFsLgpTw60sIHNpbiB0cmF0byBlc3BlY2lhbOKApg==
lyfX,,XjMzNTVGRlRoaXMgZGVzayBoYXMgYSBib29rc2hlbGYKdGhhdCBpcyBjcmFtbWVkIHdpdGggYWxsIHNvcnRzCm9mIGJvb2tzLiBPdXQgb2YgY3VyaW9zaXR5LCB5b3UKZGVjaWRlIHRvIHBpY2sgb25lIG91dC5eMDAwMDAw,,,,,XjMzNTVGRkVzdGEgZXNjcml2YW5pbmhhIHRlbSB1bWEgZXN0YW50ZQphYmFycm90YWRhIGRlIHRvZG9zIG9zIHRpcG9zCmRlIGxpdnJvcy4gUG9yIGN1cmlvc2lkYWRlLCB2b2PDqgpkZWNpZGUgcGVnYXIgdW0gZGVsZXMuXjAwMDAwMA==,,XjI1MDJGREVzdGUgZXNjcml0b3JpbyB0aWVuZSB1bmEgZXN0YW50ZXLDrWEKcmVwbGV0YSBkZSB0b2RvIHRpcG8KZGUgbGlicm9zLiBQb3IgY3VyaW9zaWRhZApkZWNpZGVzIGhvamVhciB1bm8uXjAwMDAwMA==
mCfX,,XjMzNTVGRkhvd2V2ZXIsIHRoZSBib29rIHlvdQpoYXBwZW4gdG8gdG91Y2ggY29udGFpbnMKYW4gYW1hemluZyBhbW91bnQgb2YgZGFyawpwb3dlciwgY2F1c2luZyB5b3UgdG8gZHJvcCBpdC5eMDAwMDAw,,,,,XjMzNTVGRk5vIGVudGFudG8sIG8gbGl2cm8gcXVlIHZvY8OqCnRvY291IHBvciBhY2FzbyBjb250w6ltCnVtYSBxdWFudGlkYWRlIGluY3LDrXZlbCBkZSBwb2RlciBkYXMgdHJldmFzLApmYXplbmRvIGNvbSBxdWUgdm9jw6ogbyBkZWl4ZSBjYWlyLl4wMDAwMDA=,,XjI1MDJGRFNpbiBlbWJhcmdvLCBlbCBsaWJybyBxdWUKZWxlZ2lzdGUgYWwgYXphciBjb250aWVuZQp1bmEgaW5jcmXDrWJsZSBjYW50aWRhZCBkZSBwb2Rlcgpvc2N1cm8sIHF1ZSBwcm92b2PDsyBxdWUgc2UgdGUgY2F5ZXJhLl4wMDAwMDA=
mSfX,,RWl5YQ==,,,,,RWl5YQ==,,RWl5YQ==
mifX,,W0VpeWFdCkpvcmplIHNlZW1zIHNvIGNyYW5reQpyZWNlbnRseS4gSGUncyB1c3VhbGx5Cm1vcmUgbGFpZCBiYWNrIHRoYW4gdGhpcy4KT2ggd2VsbCwgSSBob3BlIHRoYXQgaGUKZmVlbHMgYmV0dGVyLg==,,,,,W0VpeWFdCkpvcmplIHBhcmVjZSB0w6NvIG1hbC1odW1vcmFkbwp1bHRpbWFtZW50ZS4gTm9ybWFsbWVudGUsIGVsZSDDqQptYWlzIHJlbGF4YWRvIGRvIHF1ZSBpc3NvLgpCb20sIGVzcGVybyBxdWUgZWxlCnNlIHNpbnRhIG1lbGhvci4=,,W0VpeWFdCkpvcmplIGFuZGEgZGUgbXV5IG1hbCBodW1vcgrDumx0aW1hbWVudGUuIFN1ZWxlIHNlcgptw6FzIHJlbGFqYWRvIHF1ZSBhaG9yYS4KUXXDqSB2YSwgZXNwZXJvIHF1ZQpzZSBtZWpvcmUgcHJvbnRvLg==
myfX,,W0VpeWFdCk9vaCwgd291bGQgeW91IGxpa2UKdG8gbG9vayBhdCBteSBtaW5pYXR1cmUKZG9sbCBjb2xsZWN0aW9uPyBJIGxvdmUKY29sbGVjdGluZyBjdXRlIGRvbGxzIQ==,,,,,W0VpeWFdCkFhYWgsIHZvY8OqIGdvc3RhcmlhIGRlCmRhciB1bWEgb2xoYWRhIG5hIG1pbmhhIGNvbGXDp8OjbyBkZQpib25lY2FzIGVtIG1pbmlhdHVyYT8gRXUgYWRvcm8KY29sZWNpb25hciBib25lY2FzIGZvZmFzIQ==,,W0VpeWFdCk9vaCwgwr90ZSBndXN0YXLDrWEKdmVyIG1pIGNvbGVjY2nDs24gZGUgbXXDsWVjYXMKZW4gbWluaWF0dXJhPyDCoU1lIGVuY2FudGEKY29sZWNjaW9uYXIgbXXDsWVjYXMgYm9uaXRhcyE=
nCfX,,TWFyZXRo,,,,,TWFyZXRo,,TWFyZXRo
nSfX,,W01hcmV0aF0KWW9vIGhvbyBob29+Ck9oLCBob3cgSSBsb3ZlCmxvdmUgbG92ZSBjaG9jb2xhdGUh,,,,,W01hcmV0aF0KWW9vIGhvbyBob29+CkFoLCBjb21vIGV1IGFtbywKYW1vLCBhbW8gY2hvY29sYXRlIQ==,,W01hcmV0aF0KWXUsIGp1LCBqdS4KQXksIMKhY8OzbW8gYW1vLCBhbW8sCmFhYW1vIGVsIGNob2NvbGF0ZSE=
nifX,,W01hcmV0aF0KRWF0IGl0IHVwLi4uCk9yIGp1c3QgbWVsdCBpdC4KU2xhdGhlciBpdCBhbGwgb3ZlciBtZS4KQm9veWFoLiBOZXcgbGlmZSBhc3BpcmF0aW9uLg==,,,,,W01hcmV0aF0KQ29tYS1vLi4uCk91IHNpbXBsZXNtZW50ZSBkZXJyZXRhLW8uClBhc3NlLW8gZW0gbWltLgrDiSBpc3NvLCBub3ZvIHByb3DDs3NpdG8gZGUgdmlkYS4=,,W01hcmV0aF0KQ29tZXJsb+KApgpPIHNpbXBsZW1lbnRlIGRlcnJldGlybG8uClVudGFybG8gc29icmUgbWkgY3VlcnBvLgpIdXJyYS4gVW5hIG51ZXZhIGFzcGlyYWNpw7NuIGRlIHZpZGEu
nyfX,,TWF6d29u,,,,,TWF6d29u,,TWF6d29u
oCfX,,W01hendvbl0KQ3JhcC4gQ3JhcCEgQ3JhcApjcmFwIGNyYXAgY3JhcCBjcmFwIQpUaGVzZSBkZXNrIG1hY2hpbmVzIGFyZW4ndApzdXBwb3NlZCB0byB3b3JrIGxpa2UgdGhpcyE=,,,,,W01hendvbl0KRHJvZ2EuIERyb2dhISBEcm9nYSwKZHJvZ2EsIGRyb2dhLCBkcm9nYSwgZHJvZ2EhCkVzc2FzIG3DoXF1aW5hcyBkZSBtZXNhIG7Do28KZGV2ZXJpYW0gZnVuY2lvbmFyIGFzc2ltIQ==,,W01hendvbl0KTWFsZGl0YSBzZWEuIMKhTWFsZGl0YSBzZWEhIMKhQXJnIQrCoU1hbGRpdGEsIG1hbGRpdGEsIG1hbGRpdGEgc2VhIQpFc3RhcyBtw6FxdWluYXMgZGUgZXNjcml0b3JpbyBubwp0ZW5kcsOtYW4gcXVlIGZ1bmNpb25hciBhc8OtLg==
oSfX,,W01hendvbl0KTm9hbWEuLi4hClRoZXNlIG1hY2hpbmVzIGFyZQphY3RpbmcgdXAgYWdhaW4hIEdldApvdmVyIGhlcmUgcmlnaHQgbm93IQ==,,,,,W01hendvbl0KTm9hbWEuLi4hCkVzc2FzIG3DoXF1aW5hcyBlc3TDo28KZnVuY2lvbmFuZG8gZGUgbm92byEgVmVtCmFxdWkgYWdvcmEgbWVzbW8h,,W01hendvbl0KwqFOb2FtYeKApiEKwqFMYXMgbcOhcXVpbmFzIGVzdMOhbgpmYWxsYW5kbyBkZSBudWV2byEgwqFWZW4KYXF1w60gYWhvcmEgbWlzbW8h
oifX,,W05vYW1hXQpXaGF0PyEKU3RvcCBidWdnaW5nIG1lLApJIGRpZG4ndCBkbyBhbnl0aGluZyE=,,,,,W05vYW1hXQpPIHF1w6o/IQpQYXJhIGRlIG1lIGFtb2xhciwKZXUgbsOjbyBmaXogbmFkYSE=,,W05vYW1hXQrCocK/UXXDqT8hCkRlamEgZGUgbW9sZXN0YXJtZS4KwqFZbyBubyBoaWNlIG5hZGEh
oyfX,,Tm9hbWE=,,,,,Tm9hbWE=,,Tm9hbWE=
pCfX,,W05vYW1hXQpIZWUgaGVlfiEKWW91IHdhbm5hIGhlYXIKc29tZXRoaW5nIGZ1bm55PwpJIGhlYXJkIHRoZXJlJ3MgYSBiYXIgaW4KUHJvbnRlcmEgd2hlcmUgdGhpcyBndXkKc25lYWtzIHNpbmdsZXMgaW50byBKYXdhLS0=,,,,,W05vYW1hXQpIaWhpaGl+IQpWb2PDqiBxdWVyIG91dmlyCmFsZ28gZW5ncmHDp2Fkbz8KU291YmUgcXVlIHRlbSB1bSBiYXIgZW0KUHJvbnRlcmEgb25kZSB1bSBjYXJhCmxldmEgc29sdGVpcmFzIHBhcmEgSmF3YS4uLg==,,W05vYW1hXQrCoUplLCBqZSEKwr9RdWllcmVzIG/DrXIKYWxnbyBkaXZlcnRpZG8/CkRpY2VuIHF1ZSBoYXkgdW4gYmFyIGVuClByb250ZXJhIGRvbmRlIGhheSB1biB0aXBvCnF1ZSBjdWVsYSBzb2x0ZXJvcyBlbiBKYXdh4oCm
pSfX,,RW5veg==,,,,,RW5veg==,,RW5veg==
pifX,,W0Vub3pdClNvLCB0aGUgbm92ZWwgSSBvcmRlcmVkIGZyb20KdGhlIFJ1bmUtTWlkZ2FydHMgS2luZ2RvbQpqdXN0IHJlY2VudGx5IGFycml2ZWQuIEl0J3MgcmVhbF5GRkZGRkYgIF4wMDAwMDAgZ29vZCwgYnkgdGhlIGd1eSB3aG8gd3JvdGUKJydSb2RhIEZyb2cgQWR2ZW50dXJlJycKeWVhcnMgYWdvLiBSZW1lbWJlcj8=,,,,,W0Vub3pdCkVudMOjbywgbyByb21hbmNlIHF1ZSBlbmNvbWVuZGVpIGRvClJlaW5vIGRlIFJ1bmUtTWlkZ2FyZApjaGVnb3UgcmVjZW50ZW1lbnRlLiDDiSBtdWl0b15GRkZGRkYgIF4wMDAwMDAgYm9tIG1lc21vLCBkbyBhdXRvciBxdWUgZXNjcmV2ZXUKIlJvZGEgRnJvZyBBZHZlbnR1cmUiCmFub3MgYXRyw6FzLiBMZW1icmE/,,W0Vub3pdCkJpZW4sIGxhIG5vdmVsYSBxdWUgZW5jYXJndcOpIApkZWwgcmVpbm8gZGUgUnVuZS1NaWRnYXJ0cwphY2FiYSBkZSBsbGVnYXIuIEVzIHVuIG11eV5GRkZGRkYgXjAwMDAwMGJ1ZW4gbGlicm8sIGRlbCBtaXNtbyBhdXRvciBkZQrigJxMYSBhdmVudHVyYSBkZSBsYSBSYW5hIFJvZGHigJ0KaGFjZSBhw7Fvcy4gwr9MbyByZWN1ZXJkYXM/
pyfX,,W0Vub3pdCkFueXdheSwgdGhpcyBuZXcgYm9vaywKJydXaGVyZSB0aGUgUmVkIFBsYW50IEdyb3dzJycKaXMgdXAgZm9yIHRoZSBZZ2dkcmFzaWxiZXJyeQpBd2FyZC4gSS4uLiBJIGRvbid0IGtub3cgd2h5Ckkgd2FzIGNvbXBlbGxlZCB0byBzaGFyZSB0aGF0CndpdGggeW91LiBTZXJpb3VzbHksIEkgZG9uJ3QuLi4=,,,,,W0Vub3pdCkVuZmltLCBlc3RlIG5vdm8gbGl2cm8sCiJPbmRlIGEgUGxhbnRhIFZlcm1lbGhhIENyZXNjZSIKZXN0w6EgY29uY29ycmVuZG8gYW8gUHLDqm1pbyBZZ2dkcmFzaWxiZXJyeS4KRXUuLi4gbsOjbyBzZWkgcG9yIHF1ZQpzZW50aSBuZWNlc3NpZGFkZSBkZSBjb21wYXJ0aWxoYXIgaXNzbwpjb20gdm9jw6ouIFPDqXJpbywgbsOjbyBzZWkuLi4=,,W0Vub3pdCkNvbW8gc2VhLCBlc3RlIG51ZXZvIGxpYnJvLArigJxEb25kZSBjcmVjZSBsYSBQbGFudGEgcm9qYeKAnQpjb21waXRlIHBvciBlbCBQcmVtaW8gRnJ1dG8KZGUgWWdnZHJhc2lsLiBZb+KApiBObyBzw6kgcG9yIHF1w6kgCm1lIHNlbnTDrSBvYmxpZ2FkbyBhIGNvbXBhcnRpciBlc28KY29udGlnby4gRW4gc2VyaW8sIG5vIHPDqeKApg==
qCfX,,TGVpbWk=,,,,,TGVpbWk=,,TGVpbWk=
qSfX,,W0xlaW1pXQouLi4KLi4uLi4u,,,,,W0xlaW1pXQouLi4KLi4uLi4u,,W0xlaW1pXQrigKYKLi4uLi4u
qifX,,W0xlaW1pXQpPaC4uLiEKR29vZCBoZWF2ZW5zIQpVbSwgbWF5IEkgaGVscCB5b3U/,,,,,W0xlaW1pXQpBaS4uLiEKTWluaGEgbm9zc2EhCkjDoywgcG9zc28gdGUgYWp1ZGFyPw==,,W0xlaW1pXQrCoU9o4oCmIQrCoVNhbnRvIGNpZWxvIQrCv1B1ZWRvIGF5dWRhcnRlPw==
qyfX,,W0xlaW1pXQpPaCwgeW91J3JlIGFuIEFzc2Fzc2luIQpPaCwgeW91IGJveXMgYXJlIHNvb29vIGN1dGUhCkFuZCBzbyBjb29sIGFuZCBzbyBteXN0ZXJpb3VzXkZGRkZGRiAgICAgXjAwMDAwMCBhbGwgYXQgdGhlIHNhbWUgdGltZSEgSSBsb3ZlIHlvdSE=,,,,,W0xlaW1pXQpBaCwgdm9jw6ogw6kgdW0gYXNzYXNzaW5vIQpBaCwgdm9jw6pzIHPDo28gbXV1dWl0byBmb2ZvcyEKRSB0w6NvIGxlZ2FpcyBlIG1pc3Rlcmlvc29zXkZGRkZGRiAgICAgXjAwMDAwMCBhbyBtZXNtbyB0ZW1wbyEgRXUgYW1vIHZvY8OqcyE=,,W0xlaW1pXQrCoUFoLCBlcmVzIEFzZXNpbm8hCsKhQXksIHVzdGVkZXMgc29uIHRhbiBndWFwb3MhClkgYWwgbWlzbW8gdGllbXBvIHRhbiBnZW5pYWxlc15GRkZGRkYgXjAwMDAwMHkgbWlzdGVyaW9zb3MhIMKhTG9zIGFtbyE=
rCfX,,W0xlaW1pXQpBbiBBc3Nhc3Npbi4uLj8KT2gsIHlvdSB3b3VsZG4ndCBoYXBwZW4KdG8ga25vdyBhbnkgQXNzYXNzaW4gYm95cwp0aGF0IG1pZ2h0IGJlIHNpbmdsZSwgZG8geW91PwpPaC1teS1nb2QsIHRoZXkncmUgaHVua3ktaG90fg==,,,,,W0xlaW1pXQpVbSBhc3Nhc3Npbm8uLi4/CkFoLCBwb3IgYWNhc28gdm9jw6ogbsOjbwpjb25oZWNlIGFsZ3VtIGFzc2Fzc2lubwpzb2x0ZWlybywgbsOjbz8KQWksIG5vc3NhLCBlbGVzIHPDo28gbXVpdG8gZ29zdG9zb3Mh,,W0xlaW1pXQrCv1VuYSBBc2VzaW5h4oCmPwpBaCwgZGUgY2FzdWFsaWRhZCBubwpjb25vY2VzIGEgYWxnw7puIGNoaWNvIEFzZXNpbm8KcXVlIHNlYSBzb2x0ZXJvLCDCv25vPwpBeSwgbm8gcHVlZG8gY3JlZXIgbG8gZ3VhcG9zIHF1ZSBzb24u
rSfX,,XjMzNTVGRipDbGljaypeMDAwMDAw,,,,,XjMzNTVGRipDbGlxdWUqXjAwMDAwMA==,,XjI1MDJGRCpDbGljKl4wMDAwMDA=
rifX,,W3t9XQpXaGF0IHRoZS4uLj8KVGhhdCBzb3VuZC4gRGlkLi4uCkRpZCBzb21lb25lIGp1c3QKdGFrZSBteSBwaWN0dXJlPw==,,,,,W3t9XQpNYXMgbyBxdWUuLi4KRXNzZSBzb20uIFNlcsOhIHF1ZS4uLgpBbGd1w6ltIGFjYWJvdSBkZQp0aXJhciB1bWEgZm90byBtaW5oYT8=,,W3t9XQrCv1Blcm8gcXXDqeKApj8KRXNlIHNvbmlkby4gwr9BY2Fzb+KApj8Kwr9BbGd1aWVuIGFjYWJhIGRlCnNhY2FybWUgdW5hIGZvdG8/
ryfX,,Q2Vua3UgRGVrZGFt,,,,,Q2Vua3UgRGVrZGFt,,Q2Vua3UgRGVrZGFt
sCfX,,W0Nlbmt1IERla2RhbV0KTWFuLCBpZiB5b3Ugd2VyZQpnb25uYSB0YWtlIHRoaXMgd2hvbGUKY2l0eSBhbmQgdGhlbiBzZWxsIGl0LCB3aGF0CmRvIHlvdSB0aGluayBMaWdodGhhbHplbidzCnByaWNlIHRhZyB3b3VsZCBiZSwgZWg/,,,,,W0Nlbmt1IERla2RhbV0KQ2FyYSwgc2Ugdm9jw6oKZm9zc2UgdG9tYXIgdG9kYSBlc3NhCmNpZGFkZSBlIGRlcG9pcyB2ZW5kw6otbGEsIHF1YWwKdm9jw6ogYWNoYSBxdWUgbyBwcmXDp28KZGEgTGlnaHRoYWx6ZW4gc2VyaWE/,,W0Nlbmt1IERla2RhbV0KT3llLCBzaSBmdWVyYXMKYSB0b21hciB0b2RhIGVzdGEgY2l1ZGFkCnkgbGEgdmVuZGllcmFzLCDCv3F1w6kgCnByZWNpbyBjcmVlcyBxdWUgdGVuZHLDrWEKTGlnaHRoYWx6ZW4sIGVoPw==
sSfX,,W0Nlbmt1IERla2RhbV0KSSBtZWFuLCB0aGlzIGNpdHkKaXMgYmFzaWNhbGx5IGp1c3QgbWFkZQpvZiBtb25leS4gTW9uZXkgaXMgd2hhdAptYWtlcyB0aGlzIGNpdHkgc3VjaCBhIG5pY2UKYW5kIHBsZWFzYW50IHBsYWNlIHRvIGxpdmUu,,,,,W0Nlbmt1IERla2RhbV0KVGlwbywgZXN0YSBjaWRhZGUKw6kgYmFzaWNhbWVudGUgZmVpdGEgYXBlbmFzCmRlIGRpbmhlaXJvLiBPIGRpbmhlaXJvIMOpIG8gcXVlCmZheiBkZXN0YSBjaWRhZGUgdW0gbHVnYXIgdMOjbyBib20KZSBhZ3JhZMOhdmVsIHBhcmEgc2Ugdml2ZXIu,,W0Nlbmt1IERla2RhbV0KRGlnbywgZXN0YSBjaXVkYWQKZXN0w6EgYsOhc2ljYW1lbnRlIGhlY2hhCmRlIGRpbmVyby4gRWwgZGluZXJvIGVzIGxvIHF1ZQpoYWNlIGRlIGVzdGEgY2l1ZGFkIHVuIGx1Z2FyCnRhbiBsaW5kbyB5IGFncmFkYWJsZSBwYXJhIHZpdmlyLg==
sifX,,QmFua3JpIEt1bg==,,,,,QmFua3JpIEt1bg==,,QmFua3JpIEt1bg==
syfX,,W0JhbmtyaSBLdW5dCk11c3Qgd29yay4uLgpNdXN0IGZvY3VzLi4uClJlc2lzdCBzbGVlcGluZXNzLi4uCldoeSBkbyBJIGtlZXAgY29taW5nCmhlcmU/IFVnaCwgaC1ob3JyaWJsZS4=,,,,,W0JhbmtyaSBLdW5dClByZWNpc28gdHJhYmFsaGFyLi4uClByZWNpc28gbWUgY29uY2VudHJhci4uLgpSZXNpc3RpciBhbyBzb25vLi4uClBvciBxdWUgY29udGludW8gdmluZG8KYXF1aT8gVWdoLCBoLWhvcnLDrXZlbC4=,,W0JhbmtyaSBLdW5dCkRlYm8gdHJhYmFqYXLigKYKRGVibyBjb25jZW50cmFybWXigKYKUmVzaXN0aXIgbGEgc29tbm9sZW5jaWHigKYKwr9Qb3IgcXXDqSBzaWdvIHZpbmllbmRvCmFxdcOtPyBVZ2gsIGhvcnJpYmxlLg==
tCfX,,W0JhbmtyaSBLdW5dCkhleSB5b3VuZ3N0ZXIuIFlvdSB3YW50ZWQKYWR2ZW50dXJpbmcgYWR2aWNlPyBPa2F5LgpVbS4gSG0uIEFsd2F5cy4gQnJ1c2guCllvdXIgdGVldGguIEJydXNoIHRoZW0KZXZlcnlkYXkuICBPaCwgYW5kIGRvbid0CmZvcmdldCB0byBmbG9zcywgZWl0aGVyLg==,,,,,W0JhbmtyaSBLdW5dCkVpLCBqb3ZlbS4gVm9jw6ogcXVlcmlhCmNvbnNlbGhvcyBkZSBhdmVudHVyYT8gQ2VydG8uCkh1bS4gSMOjLiBTZW1wcmUuIEVzY292YXIuCk9zIGRlbnRlcy4gRXNjb3ZlLW9zCnRvZG9zIG9zIGRpYXMuIEFoLCBlIG7Do28gc2UKZXNxdWXDp2EgZGUgdXNhciBvIGZpbyBkZW50YWwgdGFtYsOpbS4=,,W0JhbmtyaSBLdW5dCk95ZSwgam92ZW4uIMK/UXVpZXJlcwp1biBjb25zZWpvIHBhcmEgdHJvdGFtdW5kb3M/IEJ1ZW5vLgpNbW0uIE1tbS4gU2llbXByZS4gQ2Vww61sbGF0ZS4KTG9zIGRpZW50ZXMuIENlcMOtbGxhbG9zCnRvZG9zIGxvcyBkw61hcy4gIMKhQWgsIHkgbm8gdGUKb2x2aWRlcyBkZWwgaGlsbyBkZW50YWwh
tSfX,,W0JhbmtyaSBLdW5dCk5vdyBpdCdzIHRpbWUgZm9yIG1lCnRvIGhlYWQgYmFjayB0byB3b3JrLgpJJ2xsIHNlZSB5b3UgbGF0ZXIsIGtpZC4KU29ycnkgbXkgYWR2aWNlIHdhcyBzbwpsYW1lLS0gSSBjb3VsZG4ndCB0aGluayBvZgphbnl0aGluZyBlbHNlIHRvIHRlbGwgeW91Lg==,,,,,W0JhbmtyaSBLdW5dCkFnb3JhIMOpIGhvcmEgZGUgZXUKdm9sdGFyIGFvIHRyYWJhbGhvLgpUZSB2ZWpvIG1haXMgdGFyZGUsIGpvdmVtLgpEZXNjdWxwYSBzZSBtZXUgY29uc2VsaG8gZm9pIHTDo28KY2hhdG8uIE7Do28gY29uc2VndWkgcGVuc2FyIGVtIG1haXMgbmFkYQpwYXJhIHRlIGRpemVyLg==,,W0JhbmtyaSBLdW5dCkFob3JhIG1lIHRvY2EKdm9sdmVyIGFsIHRyYWJham8uClRlIHZlcsOpIGx1ZWdvLCBww7piZXIuClNpZW50byBxdWUgbWkgY29uc2VqbyBmdWVyYSB0YW4KcGF0w6l0aWNv4oCmIG5vIHNlIG1lIG9jdXJyacOzIAphbGdvIG1lam9yIHBhcmEgZGVjaXIu
tifX,,TGVla2Fs,,,,,TGVla2Fs,,TGVla2Fs
tyfX,,W0xlZWthbF0KU28uLi4gVmVyeSBicm9rZS4KV2h5IGRpZCBJIHNwZW5kIHNvIG11Y2gKbW9uZXkgb24gd2luZSwgd29tZW4gYW5kCnNvbmc/IEkgcmVncmV0IGl0IGFsbCwgYWxsIHRoZQpwbGVhc3VyZSBJJ3ZlIGhhZCB0aGlzIG1vbnRoLgpZZXMsIGl0IHdhcyB0b28gbXVjaCBwbGVhc3VyZS4=,,,,,W0xlZWthbF0KRW50w6NvLi4uIHF1ZWJyZWkgZmVpby4KUG9yIHF1ZSBnYXN0ZWkgdGFudG8KZGluaGVpcm8gZW0gdmluaG9zLCBtdWxoZXJlcyBlCm3DunNpY2FzPyBFdSBtZSBhcnJlcGVuZG8gZGUgdHVkbywgZGUgdG9kbyBvCnByYXplciBxdWUgdGl2ZSBlc3RlIG3DqnMuClNpbSwgZm9pIHByYXplciBkZW1haXMu,,W0xlZWthbF0KQXPDrSBxdWXigKYgdGFuIGVuIHF1aWVicmEuCsK/UG9yIHF1w6kgZ2FzdMOpIHRhbnRvCmRpbmVybyBlbiB2aW5vLCBtw7pzaWNhCnkgbXVqZXJlcz8gTWUgYXJyZXBpZW50byBkZSB0b2RvLCB0b2RvIGVsCnBsYWNlciBxdWUgdHV2ZSBlc3RlIG1lcy4KU8OtLCBmdWUgZGVtYXNpYWRvIHBsYWNlci4=
uCfX,,W05pbmpvc2VdClRoYXQncyB3aGF0IGhhcHBlbnMKd2hlbiB5b3UncmUgaXJyZXNwb25zaWJsZQp3aXRoIHlvdXIgbW9uZXkuIFlvdSByZWFsbHkKc2hvdWxkIHJlYWQgdGhpcyAnJ0FueWJvZHkKQ2FuIEJlIFJpY2gnJyBib29rLg==,,,,,W05pbmpvc2VdCklzc28gw6kgbyBxdWUgYWNvbnRlY2UKcXVhbmRvIHNlIMOpIGlycmVzcG9uc8OhdmVsCmNvbSBzZXUgZGluaGVpcm8uIFZvY8OqIHJlYWxtZW50ZQpkZXZlcmlhIGxlciBvIGxpdnJvICJRdWFscXVlciB1bSBwb2RlIHNlciByaWNvIi4=,,W05pbmpvc2VdCkVzbyBlcyBsbyBxdWUgcGFzYQpjdWFuZG8gZXJlcyBpcnJlc3BvbnNhYmxlCmNvbiB0dSBkaW5lcm8uIERlIHZlcmFzCnRlbmRyw6FzIHF1ZSBsZWVyIGVzZSBsaWJybywK4oCcQ3VhbHF1aWVyYSBwdWVkZSBzZXIgcmljb+KAnS4=
uSfX,,RG93Ym93IFJ5dWVp,,,,,RG93Ym93IFJ5dWVp,,RG93Ym93IFJ5dWVp
uifX,,W0Rvd2JvdyBSeXVlaV0KSnVzdCBvdXQgb2YsIG9oIEkgZHVubm8sCmN1cmlvc2l0eSwgd2hpY2ggd29yZCBkbwp5b3UgbGlrZSBiZXR0ZXI/ICcnVWJlci1Db29sJycKb3IgJydSZWFsaXR5PycnIFBpY2sgb25lfg==,,,,,W0Rvd2JvdyBSeXVlaV0KU8OzIHBvciwgYWgsIHNlaSBsw6EsCmN1cmlvc2lkYWRlLCBxdWFsIHBhbGF2cmEKdm9jw6ogbWFpcyBnb3N0YT8gIlN1cGVybGVnYWwiCm91ICJSZWFsaWRhZGUiPyBFc2NvbGhhIHVtYX4=,,W0Rvd2JvdyBSeXVlaV0KU29sbyBwb3IsIGVoLCBubyBzw6ksCmN1cmlvc2lkYWQsIMK/cXXDqSBwYWxhYnJhCnRlIGd1c3RhIG3DoXM/IMK/4oCcVWJlcmdlbmlhbOKAnQpvIOKAnFJlYWxpZGFk4oCdPyBFc2NvZ2UgdW5hLg==
uyfX,,VWJlci1Db29s,,,,,U3VwZXJsZWdhbA==,,VWJlcmdlbmlhbC4=
vCfX,,UmVhbGl0eQ==,,,,,UmVhbGlkYWRl,,UmVhbGlkYWQu
vSfX,,W0Rvd2JvdyBSeXVlaV0KT2ggeWVhaD8gTWUgdG9vIQpZZWFoLCB3ZSBnb3QgdGhlIHNhbWUKb3V0bG9vayBvbiBsaWZlLiBJZiB5b3UgZG9uJ3QKbWluZCwgSSdkIGxpa2UgdG8gc2hha2UKeW91ciBoYW5kLCBhZHZlbnR1cmVyLg==,,,,,W0Rvd2JvdyBSeXVlaV0KQWgsIMOpPyBFdSB0YW1iw6ltIQpTaW0sIHRlbW9zIGEgbWVzbWEKdmlzw6NvIGRlIG11bmRvLiBTZSB2b2PDqiBuw6NvCnNlIGltcG9ydGFyLCBldSBnb3N0YXJpYSBkZSBhcGVydGFyCnN1YSBtw6NvLCB2aWFqYW50ZS4=,,W0Rvd2JvdyBSeXVlaV0KQWgsIMK/c8OtPyDCoUEgbcOtIHRhbWJpw6luIQpTw60sIHRlbmVtb3MgbGEgbWlzbWEKcGVyc3BlY3RpdmEgZGUgbGEgdmlkYS4gU2kgbm8KdGUgaW1wb3J0YSwgbWUgZ3VzdGFyw61hIGRhcnRlCmxhIG1hbm8sIHRyb3RhbXVuZG9zLg==
vifX,,W0Rvd2JvdyBSeXVlaV0KUmVhbGl0eSwgZWg/CldlbGwsIEkgYWdyZWUgdGhhdApiZWluZyByZWFsaXN0aWMgaGFzIGl0cwpwZXJrcywgSSdtIG1vcmUgb2YgYSBkcmVhbWVyLg==,,,,,W0Rvd2JvdyBSeXVlaV0KUmVhbGlkYWRlLCDDqT8KQm9tLCBldSBjb25jb3JkbyBxdWUKc2VyIHJlYWxpc3RhIHRlbSBzdWFzCnZhbnRhZ2VucywgbWFzIGV1IHNvdSBtYWlzIHVtIHNvbmhhZG9yLg==,,W0Rvd2JvdyBSeXVlaV0KUmVhbGlkYWQsIMK/ZWg/CkJ1ZW5vLCBlc3RveSBkZSBhY3VlcmRvIGVuIHF1ZQpzZXIgcmVhbGlzdGEgdGllbmUgc3VzIHZlbnRhamFzLApwZXJvIHlvIHNveSBtw6FzIGJpZW4gdW4gc2/DsWFkb3Iu
vyfX,,RWxsZXR0ZQ==,,,,,RWxsZXR0ZQ==,,RWxsZXR0ZQ==
wCfX,,W0VsbGV0dGVdCi4uLg==,,,,,W0VsbGV0dGVdCi4uLg==,,W0VsbGV0dGVdCuKApg==
wSfX,,W3t9XQpFeGN1c2UgbWUu,,,,,W3t9XQpDb20gbGljZW7Dp2Eu,,W3t9XQpEaXNjdWxwYS4=
wifX,,W0VsbGV0dGVdCi4uLgouLi4uLi4=,,,,,W0VsbGV0dGVdCi4uLgouLi4uLi4=,,W0VsbGV0dGVdCuKApgouLi4uLi4=
wyfX,,W3t9XQpIZWxsbz8=,,,,,W3t9XQpPbMOhPw==,,W3t9XQrCv0hvbGE/
xCfX,,W0VsbGV0dGVdCi4uLk9oISBFdmVyeW9uZSEKSSBqdXN0IGNvbXBsZXRlZAphbm90aGVyIG9uZSEgSG9vcmF5IQ==,,,,,W0VsbGV0dGVdCi4uLkFoISBQZXNzb2FsIQpBY2FiZWkgZGUgY29tcGxldGFyCm1haXMgdW0hIFVodWwh,,W0VsbGV0dGVdCuKApsKhT2ghIMKhVG9kb3MhCsKhQWNhYm8gZGUgdGVybWluYXIKb3RyYSEgwqFIdXJyYSE=
xSfX,,W0FsbCBvdGhlciBFbXBsb3llZXNdCldoLXdoYXQ/IQpObyB3YXksIG5vdCBhZ2FpbiE=,,,,,W1RvZG9zIG9zIG91dHJvcyBmdW5jaW9uw6FyaW9zXQpPLU8gcXXDqj8hClTDoSBicmluY2FuZG8sIGRlIG5vdm8gbsOjbyE=,,W090cm9zIGVtcGxlYWRvc10KwqHCv1EtcXXDqT8hCsKhTmkgaGFibGFyLCBvdHJhIHZleiBubyE=
xifX,,W0xlZWthbF0KQXJlIHlvdSBldmVuIGh1bWFuPwpZb3UgbXVzdCBoYXZlIHNvbWUKc2VjcmV0IGZvciB0aGF0IG11Y2gKcHJvZHVjdGl2aXR5LiBJdCdzIHdlaXJkLi4u,,,,,W0xlZWthbF0KVm9jw6ogw6kgZ2VudGUgbWVzbW8/ClZvY8OqIGRldmUgdGVyIGFsZ3VtCnNlZ3JlZG8gcGFyYSB0YW50YQpwcm9kdXRpdmlkYWRlLiDDiSBlc3RyYW5oby4uLg==,,W0xlZWthbF0Kwr9EZSB2ZXJkYWQgZXJlcyBodW1hbmE/CkRlYmUgdGVuZXIgYWxnw7puCnNlY3JldG8gcGFyYSB0YW50YQpwcm9kdWN0aXZpZGFkLiBFcyByYXJv4oCm
xyfX,,W0VsbGV0dGVdCk9oLCBjb21lIG9uLgpNYXliZSBJJ20gYSBsaXR0bGUKZ29vZCBhdCB0aGlzLCBidXQgdGhlcmUncwpubyB3YXkgSSBjYW4gYmVhdCBDZW5rdS4=,,,,,W0VsbGV0dGVdCkFoLCBxdWFsIMOpLgpUYWx2ZXogZXUgc2VqYSBzw7MgdW0gcG91Y28KZmVyYSBuaXNzbywgbWFzIG7Do28gdGVtCmNvbW8gdmVuY2VyIENlbmt1Lg==,,W0VsbGV0dGVdCsKhQXksIHZhbW9zIQpQdWVkbyBzZXIgYmFzdGFudGUKYnVlbmEgZW4gZXN0bywgcGVybyBubyBoYXkKZm9ybWEgZGUgcXVlIHB1ZWRhIHZlbmNlciBhIENlbmt1Lg==
yCfX,,UmVrZW5iZXIgRW1wbG95ZWU=,,,,,RnVuY2lvbsOhcmlvIGRhIFJla2VuYmVy,,UmVrZW5iZXIgRW1wbG95ZWU=
ySfX,,W1Jla2VuYmVyIEVtcGxveWVlXQpJJ20gc29ycnksIGJ1dCB3ZSBjdXJyZW50bHkKZG9uJ3QgaGF2ZSBhbnkgb3BlbmluZ3MuCkJ1dCBpZiB5b3UnZCBsZWF2ZSB5b3VyIG5hbWUKYW5kIHBlcnNvbmFsIGluZm9ybWF0aW9uLCB0aGVuCm1heWJlIHdlIGNhbiBjb250YWN0IHlvdSBsYXRlcj8=,,,,,W0Z1bmNpb27DoXJpbyBkYSBSZWtlbmJlcl0KTGFtZW50bywgbWFzIG5vIG1vbWVudG8KbsOjbyB0ZW1vcyBuZW5odW1hIHZhZ2EgZGlzcG9uw612ZWwuCk1hcyBzZSBwdWRlciBkZWl4YXIgc2V1IG5vbWUKZSBpbmZvcm1hw6fDtWVzIHBlc3NvYWlzLCBwb2RlIHNlcgpxdWUgYSBnZW50ZSB0ZSBjb250cmF0ZSBkZXBvaXMu,,W0VtcGxlYWRvIGRlIFJla2VuYmVyXQpMbyBzaWVudG8sIHBlcm8gYWN0dWFsbWVudGUKbm8gdGVuZW1vcyBuaW5ndW5hIHZhY2FudGUuClBlcm8gc2kgZGVqYXJhcyB0dSBub21icmUKZSBpbmZvcm1hY2nDs24gcGVyc29uYWwsIMK/cG9kcsOtYW1vcwpjb250YWN0YXJub3MgY29udGlnbyBtw6FzIGFkZWxhbnRlPw==
yifX,,W1Jla2VuYmVyIEVtcGxveWVlXQpHcmVldGluZ3MuIEFzIHBhcnQgb2Ygb3VyCmVmZm9ydCB0byByZWxpZXZlIHRoZSBwb29yLApSZWtlbmJlciBpcyBwcm92aWRpbmcgam9iCm9wcG9ydHVuaXRpZXMgdGFyZ2V0ZWQgZm9yCmNpdGl6ZW5zIG9mIHRoZSBzbHVtIGFyZWFzLg==,,,,,W0Z1bmNpb27DoXJpbyBkYSBSZWtlbmJlcl0KU2F1ZGHDp8O1ZXMuIENvbW8gcGFydGUgZGUgbm9zc28KZXNmb3LDp28gcGFyYSBhanVkYXIgb3MgcG9icmVzLAphIFJla2VuYmVyIGVzdMOhIG9mZXJlY2VuZG8gb3BvcnR1bmlkYWRlcyBkZSB0cmFiYWxobwp2b2x0YWRhcyBwYXJhCmNpZGFkw6NvcyBkYXMgw6FyZWFzIGRhcyBmYXZlbGFzLg==,,W0VtcGxlYWRvIGRlIFJla2VuYmVyXQpTYWx1ZG9zLiBDb21vIHBhcnRlIGRlIG51ZXN0cm8KZXNmdWVyem8gcG9yIGF5dWRhciBhIGxvcyBwb2JyZXMsClJla2VuYmVyIG9mcmVjZSBvcG9ydHVuaWRhZGVzCmRlIHRyYWJham8gZGlyaWdpZGFzIGEgbG9zIGNpdWRhZGFub3MKZGUgbG9zIGJhcnJpb3MgYmFqb3Mu
yyfX,,W1Jla2VuYmVyIEVtcGxveWVlXQpZb3UgY2FuIGNob29zZSB0byB3b3JrCmZyb20gaG9tZSwgb3IgdW5kZXJnbyBhCmxpdHRsZSBiaXQgb2YgdHJhaW5pbmcgZm9yIG1vcmUKcHJvZmVzc2lvbmFsIHBvc2l0aW9ucy4gVGhpcwppcyBhIGdyZWF0IGNoYW5jZSB0byBtYWtlIGEKZGlmZmVyZW5jZS4uLiBhbmQgc29tZSBtb25leX4=,,,,,W0Z1bmNpb27DoXJpbyBkYSBSZWtlbmJlcl0KVm9jw6ogcG9kZSBvcHRhciBwb3IgdHJhYmFsaGFyCmRlIGNhc2Egb3UgcGFzc2FyIHBvciB1bQpjdXJ0byB0cmVpbmFtZW50byBwYXJhIHBvc2nDp8O1ZXMgbWFpcwpwcm9maXNzaW9uYWlzLiBFc3NhCsOpIHVtYSDDs3RpbWEgY2hhbmNlIGRlIGZhemVyIGEKZGlmZXJlbsOnYS4uLiBlIGdhbmhhciBkaW5oZWlyb34=,,W0VtcGxlYWRvIGRlIFJla2VuYmVyXQpQdWVkZXMgZWxlZ2lyIHRyYWJhamFyCmRlc2RlIGNhc2EsIG8gYmllbiBzb21ldGVydGUKYSB1bmEgcGVxdWXDsWEgY2FwYWNpdGFjacOzbgpwYXJhIHVuIGNhcmdvIG3DoXMgcHJvZmVzaW9uYWwuIEVzCnVuYSBncmFuIG9wb3J0dW5pZGFkIHBhcmEKaGFjZXIgbGEgZGlmZXJlbmNpYeKApiB5IGFsZ28gZGUgZGluZXJvLg==
zCfX,,U2NpZW50aXN0,,,,,Q2llbnRpc3Rh,,Q2llbnTDrWZpY28=
zSfX,,W1NjaWVudGlzdF0KSXQgdGFrZXMgc28gbG9uZyBmb3IKdGhpcyBkZXZpY2UgdG8gcHJvY2VzcwphbGwgdGhlIGRhdGEgYW5kIGdpdmUgbWUKdGhlIHJlc3VsdHMuIFN0aWxsLCB0aGUgd2FpdApoZWlnaHRlbnMgbXkgYW50aWNpcGF0aW9uLi4u,,,,,W0NpZW50aXN0YV0KRGVtb3JhIG11aXRvIHBhcmEKZXNzZSBkaXNwb3NpdGl2byBwcm9jZXNzYXIKdG9kb3Mgb3MgZGFkb3MgZSBtZSBkYXIKb3MgcmVzdWx0YWRvcy4gQWluZGEgYXNzaW0sIGEgZXNwZXJhCmF1bWVudGEgbWluaGEgZXhwZWN0YXRpdmEuLi4=,,W0NpZW50w61maWNvXQpFc3RlIGRpc3Bvc2l0aXZvIHRhcmRhCmRlbWFzaWFkbyBlbiBwcm9jZXNhcgp0b2RvcyBsb3MgZGF0b3MgeSBkYXJtZQpsb3MgcmVzdWx0YWRvcy4gQXVuIGFzw60sIGxhIGVzcGVyYQphdW1lbnRhIG1pIGV4cGVjdGF0aXZh4oCm
zifX,,W1NjaWVudGlzdF0KV2hhdD8hIEd1YXJkcyEKSHVycnksIHRoZXJlJ3MgYW4KaW50cnVkZXIgcmlnaHQgaGVyZSE=,,,,,W0NpZW50aXN0YV0KTyBxdcOqPyEgR3VhcmRhcyEKRGVwcmVzc2EsIHRlbSB1bQppbnRydXNvIGJlbSBhcXVpIQ==,,W0NpZW50w61maWNvXQrCocK/UXXDqT8hIMKhR3VhcmRpYXMhCsKhRGVuc2UgcHJpc2EsIGhheSB1bgppbnRydXNvIGFxdcOtIQ==
zyfX,,UmVwYWlybWFu,,,,,TWVjw6JuaWNv,,UmVwYXJhZG9y
0CfX,,W1JlcGFpcm1hbl0KTm8gd29uZGVyIHRoZXNlIHRoaW5ncwpicmVhayBhbGwgdGhlIHRpbWUhIFRoZXNlCm1hY2hpbmVzIGhhdmUgYmVlbiB0b3RhbGx5CmFidXNlZCEgVWdoLCB0aGVyZSdzIG5vCmFwcHJlY2lhdGlvbiBmb3IgYWxsIG9mIHRoaXMKY29udmVuaWVudCB0ZWNobm9sb2d5Li4u,,,,,W01lY8Oibmljb10KTsOjbyDDqSBkZSBzZSBhZG1pcmFyIHF1ZSBlc3NhcyBjb2lzYXMKcXVlYnJlbSBvIHRlbXBvIHRvZG8hIEVzc2FzCm3DoXF1aW5hcyBmb3JhbSB0b3RhbG1lbnRlCmFidXNhZGFzISBVZ2gsIG7Do28gZMOjbwp2YWxvciBwYXJhIHRvZGEgZXNzYQp0ZWNub2xvZ2lhIGNvbnZlbmllbnRlLi4u,,W1JlcGFyYWRvcl0KwqFObyBtZSBleHRyYcOxYSBxdWUgZXN0YXMgY29zYXMKc2Ugcm9tcGFuIHRvZG8gZWwgdGllbXBvISDCoUVzdGFzCm3DoXF1aW5hcyBzdWZyZW4gdG9kbyB0aXBvCmRlIGFidXNvcyEgVWYsIG5vIHRpZW5lbgpuaW5nw7puIGFwcmVjaW8gcG9yIGxhIHRlY25vbG9nw61hCnF1ZSBoYWNlIHRvZG8gbcOhcyBmw6FjaWzigKY=
0SfX,,W1JlcGFpcm1hbl0KWWVhaCwgYWxsIG9mIHRoaXMgbGFiCmVxdWlwbWVudCBpcyByZWFsbHkgc2Vuc2l0aXZlLApub3QgdG8gbWVudGlvbiBleHBlbnNpdmUuIElmCnlvdSBldmVyIGhhbmRsZSB0aGlzIHN0dWZmLCB5b3UKbmVlZCB0byBiZSBleHRyYSBjYXV0aW91cy4=,,,,,W01lY8Oibmljb10KU2ltLCB0b2RvIGVzc2UgZXF1aXBhbWVudG8gZGUgbGFib3JhdMOzcmlvCsOpIG11aXRvIHNlbnPDrXZlbCwKc2VtIGZhbGFyIHF1ZSBzw6NvIGNhcm9zLiBTZQpmb3IgbWFudXNlYXIgZXNzZSBtYXRlcmlhbCwgdm9jw6oKcHJlY2lzYSB0ZXIgbXVpdG8gY3VpZGFkby4=,,W1JlcGFyYWRvcl0KU8OtLCBlc3RlIGVxdWlwbyBkZQpsYWJvcmF0b3JpbyBlcyBtdXkgc2Vuc2libGUsCnBvciBubyBkZWNpciBjYXJvLiBTaQphbGd1bmEgdmV6IG1hbmVqYXMgZXN0YXMgY29zYXMsCnRpZW5lcyBxdWUgZXh0cmVtYXIgbGFzIHByZWNhdWNpb25lcy4=
0ifX,,W1JlcGFpcm1hbl0KSGV5LCB5b3UgZG9uJ3Qgd29yay0tCkctZ3VhcmRzISBIdXJyeSEgVGhlcmUncwpzb21lYm9keSBvdmVyIGhlcmUh,,,,,W01lY8Oibmljb10KRWksIHZvY8OqIG7Do28gdHJhYmFsaGEuLi4KRy1HdWFyZGFzISBSw6FwaWRvISBUZW0KYWxndcOpbSBhcXVpIQ==,,W1JlcGFyYWRvcl0KT3llLCB0w7ogbm8gdHJhYmFqYXMgYXF1w63igKYKwqFHLWd1YXJkaWFzISDCoURlbnNlIHByaXNhISDCoUhheQphbGd1aWVuIHBvciBhcXXDrSE=
0yfX,,W1NjaWVudGlzdF0KQWxyaWdodC4gUHVsbCBvbmUgdGVzdAp0dWJlIG91dCBvZiB0aGUgbWFjaGluZSwKcmVwbGFjZSB0aGUgb3RoZXIgdGVzdAp0dWJlIG92ZXIgaGVyZSBhbmQgdGhlbgpjbGVhbiB0aGUgZmlyc3QgdGVzdCB0dWJlPw==,,,,,W0NpZW50aXN0YV0KQ2VydG8uIFJldGlyYXIgdW0gdHVibyBkZSBlbnNhaW8KZGEgbcOhcXVpbmEsCnJlY29sb2NhciBvIG91dHJvCnR1Ym8gZGUgZW5zYWlvIGFxdWkgZSBkZXBvaXMKbGltcGFyIG8gcHJpbWVpcm8gdHVibyBkZSBlbnNhaW8/,,W0NpZW50w61maWNvXQpEZSBhY3VlcmRvLiBFeHRyYWlnbyB1biB0dWJvIGRlIGVuc2F5bwpkZSBsYSBtw6FxdWluYSwgc3VzdGl0dXlvIGVsIG90cm8gdHVibyBkZSBlbnNheW8gcG9yIGFxdcOtIHkgbHVlZ28gwr9saW1waW8KZWwgcHJpbWVyIHR1Ym8gZGUgZW5zYXlvPw==
1CfX,,W1NjaWVudGlzdF0KT3IgZG8gSSBjbGVhbiB0aGUgdGVzdCB0dWJlLApwdXQgaXQgaW50byB0aGUgbWFjaGluZSBhbmQKdGhlbiByZXBsYWNlIHRoZSBvdGhlciBvbmU/CkknbSBzbyBjb25mdXNlZCB3aXRoIHRoaXMKcHJvY2VkdXJlISBJZiBvbmx5IEkgZGlkbid0Cmxvc2UgdGhlIGluc3RydWN0aW9ucy4uLg==,,,,,W0NpZW50aXN0YV0KT3UgZXUgbGltcG8gbyB0dWJvIGRlIGVuc2FpbywKY29sb2NvLW8gbmEgbcOhcXVpbmEgZQpkZXBvaXMgc3Vic3RpdHVvIG8gb3V0cm8/CkFpLCBxdWUgcHJvY2VkaW1lbnRvCmNvbmZ1c28hIFNlIGFvIG1lbm9zIGV1IG7Do28KdGl2ZXNzZSBwZXJkaWRvIGFzIGluc3RydcOnw7Vlcy4uLg==,,W0NpZW50w61maWNvXQrCv08gbGltcGlvIGVsIHR1Ym8gZGUgZW5zYXlvLApsbyBjb2xvY28gZW4gbGEgbcOhcXVpbmEKeSBzdXN0aXR1eW8gZWwgb3Rybz8KwqFFc3RlIHByb2NlZGltaWVudG8gZXMgZGVtYXNpYWRvCmNvbmZ1c28hIFNpIHRhbiBzb2xvIG5vIGh1YmllcmEKcGVyZGlkbyBsYXMgaW5zdHJ1Y2Npb25lc+KApg==
1SfX,,W1NjaWVudGlzdF0KQWxyaWdodC4gUHVsbCBvbmUgdGVzdAp0dWJlIG91dCBvZiB0aGUgbWFjaGluZSwKcmVwbGFjZSB0aC0taGV5LiBZb3UncmUKbm90IFJhbHBoaWUuIFdhaXQuIEd1YWFhcmRzIQpIZWxwIG1lLCB0aGVyZSdzIHNvbWUgd2VpcmRvIQ==,,,,,W0NpZW50aXN0YV0KQ2VydG8uIFJldGlyYXIgdW0gdHVibyBkZSBlbnNhaW8KZGEgbcOhcXVpbmEsCnN1YnN0aXR1aXIgby4uLiBFaSwgdm9jw6oKbsOjbyDDqSBvIFJhbHBoaWUuIEVzcGVyYS4gR3VhYWFyZGFzIQpNZSBhanVkZW0sIHRlbSB1bSBlc3F1aXNpdG8gYXF1aSE=,,W0NpZW50w61maWNvXQpEZSBhY3VlcmRvLiBFeHRyYWlnbyB1biB0dWJvIGRlIGVuc2F5bwpkZSBsYSBtw6FxdWluYSwKcmVlbXBsYXpvIGVs4oCmIE95ZS4gVMO6IApubyBlcmVzIFJhbHBoaWUuIEVzcGVyYS4gwqFHdWFyZGlhcyEKwqFBecO6ZGVubWUsIGhheSB1biBiaWNobyByYXJvIGFxdcOtIQ==
1ifX,,W1NjaWVudGlzdF0KV2hvYSB3aG9hfiEKUGxlYXNlISBEb24ndAp0b3VjaCBhbnl0aGluZyEKSSdtIGRlYWxpbmcgd2l0aCBoaWdobHkKdm9sYXRpbGUgY2hlbWljYWxzIGhlcmUh,,,,,W0NpZW50aXN0YV0KRWl0YSwgZWl0YX4hClBvciBmYXZvciEgTsOjbwp0b3F1ZSBlbSBuYWRhIQpFc3RvdSBsaWRhbmRvIGNvbQpwcm9kdXRvcyBxdcOtbWljb3MgYWx0YW1lbnRlIHZvbMOhdGVpcyBhcXVpIQ==,,W0NpZW50w61maWNvXQrCoUd1YXUsIG95ZSEKwqFQb3IgZmF2b3IhIMKhTm8KdG9xdWVzIG5hZGEuCsKhRXN0b3kgdHJhYmFqYW5kbyBjb24KcHJvZHVjdG9zIHF1w61taWNvcyB2b2zDoXRpbGVzIGFxdcOtIQ==
1yfX,,W1NjaWVudGlzdF0KR3VhcmRzISBIdXJyeSwKdGhlcmUncyBzb21lb25lCmhlcmUsIGFuZCBJIHRoaW5rCml0J3Mgb25lIG9mIHRob3NlIGNyYXp5CnN0YWxrZXJzISBXaHksIHdoeSBtZT8h,,,,,W0NpZW50aXN0YV0KR3VhcmRhcyEgUsOhcGlkbywKdGVtIGFsZ3XDqW0KYXF1aSwgZSBhY2hvCnF1ZSDDqSB1bSBkYXF1ZWxlcwpwZXJzZWd1aWRvcmVzIG1hbHVjb3MhIFBvciBxdWUsIHBvciBxdWUgZXU/IQ==,,W0NpZW50w61maWNvXQrCoUd1YXJkaWFzISBEZW5zZSBwcmlzYSwKaGF5IGFsZ3VpZW4KYXF1w60sIMKheSBjcmVvIHF1ZQplcyBkZSBlc29zIGxvY29zCmFjb3NhZG9yZXMhIMKhwr9Qb3IgcXXDqSwgcG9yIHF1w6kgYSBtw60/IQ==
2CfX,,VmlsbGFnb21leg==,,,,,VmlsbGFnb21leg==,,VmlsbGFnb21leg==
2SfX,,W1ZpbGxhZ29tZXpdCkkganVzdCBzdGVwIG91dCB0byBnZXQKYSBoYWlyY3V0IGFuZCBub3cgSSdtCmxvc3QuIEJveSBvaCBib3ksIEkgaG9wZQpJIGRvbid0IGtlZXAgbXkgZmFtaWx5CndhaXRpbmcuIF4zMzMzMzMqU2lnaC4uLipeMDAwMDAw,,,,,W1ZpbGxhZ29tZXpdCkV1IHPDsyBzYcOtIHBhcmEgY29ydGFyIG8gY2FiZWxvCmUgYWdvcmEgZXN0b3UKcGVyZGlkby4gQ2FyYW1iYSwgZXNwZXJvCm7Do28gZGVpeGFyIG1pbmhhIGZhbcOtbGlhCmVzcGVyYW5kby4gXjMzMzMzMypTdXNwaXJvLi4uKl4wMDAwMDA=,,W1ZpbGxhZ29tZXpdClNhbMOtIHNvbG8gcGFyYSBoYWNlcm1lCnVuIGNvcnRlIGRlIHBlbG8geSBhaG9yYSBlc3RveQpwZXJkaWRvLiBWYXlhLCBlc3Blcm8KcXVlIG1pIGZhbWlsaWEgbm8gdGVuZ2EgcXVlCmVzcGVyYXJtZSBtdWNoby4gXkZGMjQwMCpTdXNwaXJhKl4wMDAwMDA=
2ifX,,U2VmaXRo,,,,,U2VmaXRo,,U2VmaXRo
2yfX,,W1NlZml0aF0KR29vZCBsb29rcy4gSW50ZWxsaWdlbmNlLgpFeGNlbGxlbnQgbWFubmVycy4gQSBzdHJvbmcsCm1hbmx5IGNoaW4gYW5kIG92ZXJwb3dlcmluZywKcGllcmNpbmcgZXllcy4gUGVyZmVjdGx5IGJhbGFuY2VkXkZGRkZGRiBeMDAwMDAwIHBhc3Npb24gYW5kIGNoYXJpbXNtYS4gQWxsIHRoZQpnb29kIHRoaW5ncyB0aGF0IGxhZGllcyB3YW50Lg==,,,,,W1NlZml0aF0KQm9hIGFwYXLDqm5jaWEuIEludGVsaWfDqm5jaWEuCk11aXRvIGVkdWNhZG8uIEZvcnRlLApxdWVpeG8gbcOhc2N1bG8gZQpvbGhvcyBwZW5ldHJhbnRlcy4gUGFpeMOjbyBlIGNhcmlzbWFeRkZGRkZGIF4wMDAwMDAgbmEgbWVkaWRhIGNlcnRhLiBUb2RhcyBhcwpxdWFsaWRhZGVzIHF1ZSBhcyBtdWxoZXJlcyBxdWVyZW0u,,W1NlZml0aF0KQnVlbiBhc3BlY3RvLiBJbnRlbGlnZW5jaWEuCkV4Y2VsZW50ZXMgbW9kYWxlcy4gVW5hIGJhcmJpbGxhIHZhcm9uaWwsCmZ1ZXJ0ZSB5IHByZXBvdGVudGUsCm9qb3MgcGVuZXRyYW50ZXMuIEVsIHBlcmZlY3RvIGVxdWlsaWJyaW9eRkZGRkZGIF4wMDAwMDBlbnRyZSBwYXNpw7NuIHkgY2FyaXNtYS4gVG9kYXMgbGFzCmNvc2FzIGJ1ZW5hcyBxdWUgcXVpZXJlbiBsYXMgZGFtYXMu
3CfX,,W1NlZml0aF0KQnV0IGVub3VnaCBhYm91dCBtZS4gTGV0J3MKZGlzY3VzcyBob3cgc29ycnkgSSBzaG91bGQKZmVlbCBmb3IgYW55IG90aGVyIG1hbiBsaXZpbmcKaW4gTGlnaHRoYWx6ZW4uIFRoZXkgZG9uJ3QgaG9sZAphIGNhbmRsZSB0byBteSBzdHVkbGluZXNzfg==,,,,,W1NlZml0aF0KTWFzIGNoZWdhIGRlIGZhbGFyIGRlIG1pbS4gVmFtb3MKZGlzY3V0aXIgYSBwZW5hIHF1ZSBldSBkZXZlcmlhCnNlbnRpciBwb3IgcXVhbHF1ZXIgb3V0cm8gaG9tZW0gcXVlIHZpdmEKZW0gTGlnaHRoYWx6ZW4uIEVsZXMgbsOjbyBjaGVnYW0gYW9zIHDDqXMKZG9zIG1ldXMgY29uaGVjaW1lbnRvc34=,,W1NlZml0aF0KUGVybyBiYXN0YSBkZSBoYWJsYXIgZGUgbcOtLiBIYWJsZW1vcwpkZSBjdcOhbnRhIGzDoXN0aW1hIGRlYmVyw61hbgpkYXJtZSB0b2RvcyBsb3MgZGVtw6FzIGhvbWJyZXMgcXVlIHZpdmVuCmRlIExpZ2h0aGFsemVuLiBObyBlc3TDoW4gYSBsYSBhbHR1cmEKZGUgbWkgaW50ZWxlY3RvLg==
3SfX,,TGFxdW1ldA==,,,,,TGFxdW1ldA==,,TGFxdW1ldA==
3ifX,,W0xhcXVtZXRdClN1cmUsIG1hbmxpbmVzcyBpcyBxdWl0ZQphdHRyYWN0aXZlLCBidXQgSSB0aGluayB3b21lbgphcHByZWNpYXRlIGEgZ3V5IHdobyBjb3VsZApzeW1wYXRoaXplIGFuZCB0YWxrIHdpdGggdGhlbQphIGxpdHRsZSBtb3JlLiBEb24ndCB5b3UgYWdyZWU/,,,,,W0xhcXVtZXRdCkNsYXJvLCBhIG1hc2N1bGluaWRhZGUgw6kgYmFzdGFudGUKYXRyYWVudGUsIG1hcyBhY2hvIHF1ZSBhcyBtdWxoZXJlcwphcHJlY2lhbSB1bSBjYXJhIHF1ZSBwb3NzYQpzaW1wYXRpemFyIGUgY29udmVyc2FyIGNvbSBlbGFzCnVtIHBvdWNvIG1haXMuIFZvY8OqIG7Do28gY29uY29yZGE/,,W0xhcXVtZXRdCkNsYXJvLCBsYSB2aXJpbGlkYWQgZXMgYmFzdGFudGUKYXRyYWN0aXZhLCBwZXJvIGNyZW8gcXVlIGxhcyBtdWplcmVzCmFwcmVjaWFuIGEgdW4gaG9tYnJlIHF1ZSBwdWVkYQplbXBhdGl6YXIgeSBoYWJsYXIgY29uIGVsbGFzCnVuIHBvY28gbcOhcy4gwr9ObyBjcmVlcz8=
3yfX,,W0xhcXVtZXRdCkkgbWlnaHQgbm90IGJlIGxpa2UgU2VmaXRoLApidXQgSSBndWVzcyBJJ3ZlIGdvdCBhIGN1dGUKc21pbGUsIGEgZ29vZCBwZXJzb25hbGl0eSBhbmQKSSdtIGEgZGFuZHkgdG8gYm9vdC4gSG9wZWZ1bGx5LApteSBob25lc3R5IGFuZCBsb3lhbHR5IHdpbGwKaGVscCBtZSBmaW5kIHNvbWVvbmUgZ29vZC4=,,,,,W0xhcXVtZXRdClBvc3NvIG7Do28gc2VyIGNvbW8gU2VmaXRoLAptYXMgYWNobyBxdWUgdGVuaG8gdW0gc29ycmlzbyBib25pdG8sCnVtYSBib2EgcGVyc29uYWxpZGFkZQplLCBhbMOpbSBkaXNzbywgc291IHVtIG5vYnJlLiBDb20gc29ydGUsCm1pbmhhIGhvbmVzdGlkYWRlIGUgbGVhbGRhZGUKbWUgYWp1ZGFyw6NvIGEgZW5jb250cmFyIGFsZ3XDqW0gYm9tLg==,,W0xhcXVtZXRdClB1ZWRlIHF1ZSBubyBzZWEgY29tbyBTZWZpdGgsCnBlcm8gY3JlbyBxdWUgdGVuZ28gdW5hIGxpbmRhCnNvbnJpc2EsIGJ1ZW5hIHBlcnNvbmFsaWRhZAp5LCBhZGVtw6FzLCBzb3kgdW4gZGFuZGkuIENvbiBzdWVydGUsCm1pIGhvbmVzdGlkYWQgeSBsZWFsdGFkIG1lIGF5dWRhcsOhbgphIGVuY29udHJhciBhIGFsZ3VpZW4gcXVlIHZhbGdhIGxhIHBlbmEu
4CfX,,TWFyZ2llIEtlYXlz,,,,,TWFyZ2llIEtlYXlz,,TWFyZ2llIEtlYXlz
4SfX,,W01hcmdpZSBLZWF5c10KT2ggZGFybGluZywgdGhlCndlYXRoZXIgaXMgc28gbmljZQphbmQgcGxlYXNhbnQgdG9kYXkuCkknbSByZWFsbHkgZ2xhZCB3ZQpkZWNpZGVkIHRvIGdvIHRha2UKYSB3YWxrIHRvZ2V0aGVyfg==,,,,,W01hcmdpZSBLZWF5c10KQWksIG1ldSBiZW0sIG8KdGVtcG8gZXN0w6EgdMOjbyBib20KZSBhZ3JhZMOhdmVsIGhvamUuCkVzdG91IG11aXRvIGZlbGl6IHBvciB0ZXJtb3MKZGVjaWRpZG8gc2FpciBwYXJhCmNhbWluaGFyIGp1bnRvc34=,,W01hcmdpZSBLZWF5c10KQXksIGNhcmnDsW8sIHF1w6kgY2xpbWEKdGFuIGJvbml0byB5IGFncmFkYWJsZQpoYWNlIGhveS4KTWUgYWxlZ3JhIG11Y2hvIHF1ZQpoYXlhbW9zIGRlY2lkaWRvIGRhcgp1biBwYXNlbyBqdW50b3Mu
4ifX,,RWxtZXIgS2VheXM=,,,,,RWxtZXIgS2VheXM=,,RWxtZXIgS2VheXM=
4yfX,,W0VsbWVyIEtlYXlzXQpXYWxraW5nIHNpZGUgYnkgc2lkZQp3aXRoIHlvdSBsaWtlIHRoaXMgcmVtaW5kcwptZSBvZiB0aGUgb2xkIGRheXMuIEJhY2sKdGhlbiwgZXZlcnlvbmUgd2FzIGplYWxvdXMKdGhhdCBJIGhhZCBzdWNoIGEgYmVhdXRpZnVsCndvbWFuIGJ5IG15IHNpZGUuIEhlaCBoZWh+,,,,,W0VsbWVyIEtlYXlzXQpBbmRhciBsYWRvIGEgbGFkbwpjb20gdm9jw6ogYXNzaW0gbWUgZmF6IG1lIGxlbWJyYXIKZG9zIHZlbGhvcyB0ZW1wb3MuCk5hcXVlbGEgw6lwb2NhLCB0b2RvIG11bmRvIHRpbmhhIGludmVqYQpwb3IgZXUgdGVyIHVtYSBtdWxoZXIgdMOjbyBib25pdGEKYW8gbWV1IGxhZG8uIEhlaGVoZX4=,,W0VsbWVyIEtlYXlzXQpDYW1pbmFyIGFzw60ganVudG8gYSB0aQptZSByZWN1ZXJkYSBhIGxvcwp2aWVqb3MgdGllbXBvcy4gRW4gZXNlCmVudG9uY2VzLCB0b2RvIGVsIG11bmRvIGVzdGFiYSBjZWxvc28KZGUgcXVlIHR1dmllcmEgYSB1bmEgaGVybW9zYQptdWplciBhIG1pIGxhZG8uIEplLCBqZS4=
5CfX,,W0VsbWVyIEtlYXlzXQpZb3UncmUgc3RpbGwgdGhlIG1vc3QKcHJlY2lvdXMgc2lnaHQgdG8gdGhlc2UKb2xkIGV5ZXMsIG15IGRlYXIuIEknbQpyZWFsbHkgbHVja3kgdG8gYmUgd2l0aCB5b3Uu,,,,,W0VsbWVyIEtlYXlzXQpWb2PDqiBhaW5kYSDDqSBhIHZpc8OjbyBtYWlzCnByZWNpb3NhIHBhcmEgZXNzZXMKdmVsaG9zIG9saG9zLCBtaW5oYSBxdWVyaWRhLiBFdSB0ZW5obwptZXNtbyBtdWl0YSBzb3J0ZSBwb3IgZXN0YXIgY29tIHZvY8OqLg==,,W0VsbWVyIEtlYXlzXQpTaWd1ZXMgc2llbmRvIGxhIHZpc3RhCm3DoXMgcHJlY2lvc2EgZW4gbGEgcXVlIHNlIHBvc2FuCmVzdG9zIG9qb3Mgdmllam9zLCBxdWVyaWRhLiBTb3kKbXV5IGFmb3J0dW5hZG8gZGUgZXN0YXIgY29udGlnby4=
5SfX,,S2FyaXlh,,,,,S2FyaXlh,,S2FyaXlh
5ifX,,W0thcml5YV0KSSB0aGluayAnJ0xpZ2h0aGFsemVuJycgaXMKc3VwcG9zZWQgdG8gbWVhbiAnJ2NyZXN0IG9mCmxpZ2h0LCcnIHRob3VnaCBJIGhlYXIgdGhhdCB0aGlzXkZGRkZGRiAgXjAwMDAwMCBjaXR5IHdhcyBhY3R1YWxseSBuYW1lZCBhZnRlcgpzb21lYm9keS4gV2hvIGtub3dzIGZvciBzdXJlPw==,,,,,W0thcml5YV0KQWNobyBxdWUgIkxpZ2h0aGFsemVuIiBkZXZlCnNpZ25pZmljYXIgImNyaXN0YSBkZSBsdXoiLAplbWJvcmEgZXUgdGVuaGEgb3V2aWRvIGRpemVyIHF1ZSBlc3NhXkZGRkZGRiAgXjAwMDAwMCBjaWRhZGUgZm9pIG5vbWVhZGEgZW0gaG9tZW5hZ2VtIGEKYWxndcOpbS4gUXVlbSBzYWJlIGNvbSBjZXJ0ZXphPw==,,W0thcml5YV0KQ3JlbyBxdWUg4oCcTGlnaHRoYWx6ZW7igJ0Kc2Ugc3Vwb25lIHF1ZSBzaWduaWZpY2Eg4oCcY3Jlc3RhIGRlCmx1euKAnSwgYXVucXVlIG/DrSBxdWUgZXN0YSBjaXVkYWReRkZGRkZGIF4wMDAwMDBlbiByZWFsaWRhZCBsbGV2YSBlbCBub21icmUgZGUKdW5hIHBlcnNvbmEuIFF1acOpbiBzYWJlLg==
5yfX,,W0thcml5YV0KU3RpbGwsIGl0J3MgYSBmaXR0aW5nCm5hbWUgZm9yIHRoZSB3ZWFsdGhpZXN0CmFuZCBtb3N0IGx1eHVyaW91cyBjaXR5IGluCmFsbCB0aGUgU2Nod2FsdHp2YWx0IFJlcHVibGljLgpTbyBob3cgZG8geW91IGxpa2UgdGhpcyBwbGFjZT8=,,,,,W0thcml5YV0KQWluZGEgYXNzaW0sIMOpIHVtIG5vbWUgYWRlcXVhZG8KcGFyYSBhIGNpZGFkZSBtYWlzIHJpY2EKZSBtYWlzIGx1eHVvc2EgZGUKdG9kYSBhIFJlcMO6YmxpY2EgZGUgU2Nod2FydHp3YWxkLgpFbnTDo28sIG8gcXVlIHZvY8OqIGFjaGEgZGVzc2UgbHVnYXI/,,W0thcml5YV0KQXVuIGFzw60sIGVzIHVuIG5vbWJyZSBhcHJvcGlhZG8KcGFyYSBsYSBjaXVkYWQgbcOhcyByaWNhCnkgbcOhcyBsdWpvc2EgZGUgdG9kYQpsYSBSZXDDumJsaWNhIGRlIFNjaHdhcnp3YWxkLgrCv1F1w6kgdGUgcGFyZWNlIGVzdGUgc2l0aW8/
6CfX,,R3JlZWR5IExvb2tpbmcgTWFu,,,,,SG9tZW0gZGUgQXBhcsOqbmNpYSBHYW5hbmNpb3Nh,,R3JlZWR5IExvb2tpbmcgTWFu
6SfX,,W0tocmFtcHRkXQpUaGUgbGFuZCBhcm91bmQgaGVyZQppcyBzb21lIHByZXR0eSBleHBlbnNpdmUKcHJvcGVydHkuIFllcywgaXQncyBwZXJmZWN0CmZvciBidWlsZGluZyBteSBhd2Vzb21lIHBhbGFjZSEKSSBkb24ndCBoYXZlIGVub3VnaCBmdW5kcyBhdCB0aGVeRkZGRkZGICBeMDAwMDAwIG1vbWVudCwgYnV0IHRoZSBkYXkgd2lsbCBjb21lfg==,,,,,W0tocmFtcHRkXQpBIHRlcnJhIHBvciBhcXVpCsOpIHVtYSBwcm9wcmllZGFkZQpiYXN0YW50ZSBjYXJhLiBTaW0sIMOpIHBlcmZlaXRhCnBhcmEgY29uc3RydWlyIG1ldSBpbmNyw612ZWwgcGFsw6FjaW8hCk7Do28gdGVuaG8gZnVuZG9zIHN1ZmljaWVudGVzIG5vXkZGRkZGRiAgXjAwMDAwMCBtb21lbnRvLCBtYXMgbyBkaWEgY2hlZ2Fyw6F+,,W0tocmFtcHRkXQpMb3MgdGVycmVub3MgZW4gZXN0YSB6b25hCnNvbiBwcm9waWVkYWRlcyBiYXN0YW50ZQpjYXJhcy4gU8OtLCDCoWVzIGVsIGx1Z2FyIHBlcmZlY3RvCnBhcmEgY29uc3RydWlyIG1pIGltcG9uZW50ZSBwYWxhY2lvIQpObyB0ZW5nbyBmb25kb3Mgc3VmaWNpZW50ZXMgcG9yIGFob3JhLF5GRkZGRkYgXjAwMDAwMHBlcm8geWEgbGxlZ2Fyw6EgZWwgZMOtYS4=
6ifX,,SGVhbHRoeSBMb29raW5nIEd1eQ==,,,,,SG9tZW0gZGUgQXBhcsOqbmNpYSBTYXVkw6F2ZWw=,,SGVhbHRoeSBMb29raW5nIEd1eQ==
6yfX,,W0hlYWx0aHkgTG9va2luZyBHdXldCkdycnJycnIhIExlYXZlIG1lIGFsb25lIQpIb3cgbWFueSB0aW1lcyBkbyBJIGhhdmUKdG8ga2VlcCB0ZWxsaW5nIHlvdT8gSSd2ZSBuZXZlcgpob2FyZGVkIGl0ZW0gdXBncmFkZSBtYXRlcmlhbHMhCkkgc3dlYXIgdGhhdCBJJ20gaW5ub2NlbnQh,,,,,W0hvbWVtIGRlIEFwYXLDqm5jaWEgU2F1ZMOhdmVsXQpHcnJycnJyISBNZSBkZWl4ZSBlbSBwYXohClF1YW50YXMgdmV6ZXMgZXUgdGVuaG8gcXVlCmRpemVyIGlzc28/IEV1IG51bmNhCmFjdW11bGVpIG1hdGVyaWFpcyBkZSBhcHJpbW9yYW1lbnRvIGRlIGl0ZW5zIQpKdXJvIHF1ZSBzb3UgaW5vY2VudGUh,,W0NoaWNvIHNhbHVkYWJsZV0KwqFBcmdoISDCoUTDqWphbWUgZW4gcGF6IQrCv0N1w6FudGFzIHZlY2VzIHRlbmdvIHF1ZQpkZWPDrXJ0ZWxvPyDCoU51bmNhCmF0ZXNvcsOpIG9iamV0b3MgZGUgbWVqb3JhIQrCoUp1cm8gcXVlIHNveSBpbm9jZW50ZSE=
7CfX,,SGFpciBEeWVy,,,,,VGludHVyZWlyYSBkZSBDYWJlbG9z,,SGFpciBEeWVy
7SfX,,W1Jvc3NhXQpPaCBteS4uIEkgYW0gcmVhbGx5IHNvcnJ5Li4KSSB3YXNuJ3QgYWJsZSB0byBmaW5pc2ggRG9yYW0gSGFpciBTdHlsZSB5ZXQuIFBsZWFzZSBjb21lIGJhY2sgbmV4dCB0aW1lLCBkZWFyIGN1c3RvbWVyLg==,,,,,W1Jvc3NhXQpBaSwgbWluaGEgbm9zc2EuLi4gRXUgcmVhbG1lbnRlIHNpbnRvIG11aXRvLi4uCkFpbmRhIG7Do28gY29uc2VndWkgdGVybWluYXIgbyBEb3JhbSBIYWlyIFN0eWxlLiBQb3IgZmF2b3IsIHZvbHRlIG5hIHByw7N4aW1hIHZleiwgaWx1c3RyZSBjbGllbnRlLg==,,W1Jvc3NhXQpPaCwgdmF5YS4gTG8gc2llbnRvIG11Y2hv4oCmCkHDum4gbm8gcHVkZSB0ZXJtaW5hciBlbCBwZWluYWRvIERvcmFtLiBWdWVsdmUgbcOhcyB0YXJkZSwgY2xpZW50ZS4=
7ifX,,W1Jvc3NhXQ==,,,,,W1Jvc3NhXQ==,,W1Jvc3NhXQ==
7yfX,,V2VsY29tZSwgY29tZSBpbn4KT2gsIEkgc2VlIHRoYXQgeW91IHRha2UKbXVjaCBiZXR0ZXIgY2FyZSBvZiB5b3VyCmhhaXIgdGhhbiB0aG9zZSBvdGhlciBib3lzLgpOb3cgd291bGQgeW91IGxpa2UgdG8gZHllCnlvdXIgaGFpciBhbm90aGVyIGNvbG9yPw==,,,,,Qm9hcy12aW5kYXMsIGVudHJlfgpBaCwgdmVqbyBxdWUgdm9jw6ogdGVtCm11aXRvIG1haXMgY3VpZGFkbyBjb20gc2V1CmNhYmVsbyBkbyBxdWUgb3Mgb3V0cm9zIHJhcGF6ZXMuCkVuZmltLCB2b2PDqiBnb3N0YXJpYSBkZSBwaW50YXIKc2V1IGNhYmVsbyBkZSBvdXRyYSBjb3I/,,UXXDqSBidWVubyB0ZW5lcnRlIGFxdcOtLCBlbnRyYS4KT2gsIHZlbyBxdWUgY3VpZGFzCnR1IGNhYmVsbG8gbXVjaG8gbcOhcwpxdWUgbG9zIG90cm9zIGNoaWNvcy4KRGltZSwgwr90ZSBndXN0YXLDrWEgdGXDsWlydGUKZWwgY2FiZWxsbyBkZSBvdHJvIGNvbG9yPw==
8CfX,,T2gsIHdvd34gV2hlcmUgZGlkCnlvdSBnZXQgeW91ciBoYWlyIHN0eWxlZD8KSSBsb3ZlIGl0ISBCdXQuLi4gSXQgd291bGQKYmUgZXZlbiBtb3JlIGJlYXV0aWZ1bCBpZgp5b3UgZHllZCB5b3VyIGhhaXIuIFdoYXQKZG8geW91IHRoaW5rIGFib3V0IHRoYXQ/,,,,,QWgsIG5vc3NhfiBPbmRlIHZvY8OqCmFycnVtb3Ugc2V1IGNhYmVsbz8KRXUgYWRvcmVpISBNYXMuLi4gc2VyaWEKYWluZGEgbWFpcyBib25pdG8gc2UKdm9jw6ogcGludGFzc2Ugc2V1IGNhYmVsby4gTyBxdWUKYWNoYSBkaXNzbz8=,,T2gsIGd1YXUuIMK/RMOzbmRlCnRlIGhpY2lzdGUgZXNlIHBlaW5hZG8/CsKhTWUgZW5jYW50YSEgUGVyb+KApiBTZXLDrWEKbXVjaG8gbcOhcyBoZXJtb3NvIHNpCnRlIHRpw7FlcmFzIGVsIGNhYmVsbG8uIMK/UXXDqSAKb3BpbmFzIGRlIGVzbz8=
8SfX,,RHllIEhhaXI=,,,,,UGludGFyIG8gY2FiZWxv,,VGXDsWlydGUgZWwgY2FiZWxsby4=
8ifX,,Q29sb3JpbmcgSW5mb3JtYXRpb24=,,,,,SW5mb3JtYcOnw7VlcyBzb2JyZSBjb2xvcmHDp8Ojbw==,,Q29uc3VsdGFyIHNvYnJlIGxvcyBjb2xvcmVzLg==
8yfX,,W1Jvc3NhXQpIbyBobyBobyBob34KU28gd2hpY2ggY29sb3Igd291bGQKeW91IGxpa2UgdG8gdHJ5PyBTb21ldGhpbmcKdml2aWQgb3IgZGFyaz8gU2V4eSBvciBjdXRlPw==,,,,,W1Jvc3NhXQpIb2hvaG9ob34KRW50w6NvLCBxdWFsIGNvciB2b2PDqiBnb3N0YXJpYQpkZSBleHBlcmltZW50YXI/IEFsZ3VtYSBjb2lzYQpjbGFyYSBvdSBlc2N1cmE/IFNleHkgb3UgYm9uaXRhPw==,,W1Jvc3NhXQpKbywgam8sIGpvLCBqby4KRW50b25jZXMsIMK/cXXDqSBjb2xvcgp0ZSBndXN0YXLDrWEgcHJvYmFyPyDCv0FsZ28Kdml2byB1IG9zY3Vybz8gwr9TZW5zdWFsIG8gYWRvcmFibGU/
9CfX,,W1Jvc3NhXQpPb2gsIEkgbGlrZSB0aGlzIGNvbG9yIQpCdXQgd291bGQgeW91IGxpa2UgdG8KdHJ5IGEgZGlmZmVyZW50IG9uZT8=,,,,,W1Jvc3NhXQpBYWFoLCBnb3N0byBkZXNzYSBjb3IhCk1hcyB2b2PDqiBnb3N0YXJpYSBkZQpleHBlcmltZW50YXIgdW1hIGRpZmVyZW50ZT8=,,W1Jvc3NhXQpPb2gsIMKhbWUgZ3VzdGEgZXN0ZSBjb2xvciEKwr9QZXJvIHRlIGd1c3RhcsOtYQpwcm9iYXIgY29uIG90cm8/
9SfX,,W1Jvc3NhXQpQbGVhc2Ugc2VsZWN0CmFub3RoZXIgY29sb3J+,,,,,W1Jvc3NhXQpQb3IgZmF2b3IsIHNlbGVjaW9uZQpvdXRyYSBjb3J+,,W1Jvc3NhXQpTZWxlY2Npb25hCm90cm8gY29sb3Iu
9ifX,,W1Jvc3NhXQpBbiBleGNlbGxlbnQgY2hvaWNlfgpBbHJpZ2h0IHRoZW4sIHRoYW5rIHlvdQpmb3IgdXNpbmcgbXkgc2VydmljZSBhbmQKSSBob3BlIHlvdSBjb21lIGJ5IGFnYWluIQ==,,,,,W1Jvc3NhXQpVbWEgZXhjZWxlbnRlIGVzY29saGF+Ck11aXRvIGJlbSwgZW50w6NvLCBvYnJpZ2FkYQpwb3IgdXNhciBtZXUgc2VydmnDp28gZQplc3Blcm8gcXVlIHZvbHRlIHNlbXByZSE=,,W1Jvc3NhXQpFeGNlbGVudGUgZWxlY2Npw7NuLgpNdXkgYmllbiwgwqFncmFjaWFzCnBvciBlbGVnaXIgbWlzIHNlcnZpY2lvcwp5IGVzcGVybyB2ZXJ0ZSBkZSB2dWVsdGEh
9yfX,,UmVkLCBwbGVhc2Uu,,,,,VmVybWVsaGEsIHBvciBmYXZvci4=,,Um9qbywgcG9yIGZhdm9yLg==
+CfX,,WWVsbG93LCBwbGVhc2Uu,,,,,QW1hcmVsYSwgcG9yIGZhdm9yLg==,,QW1hcmlsbG8sIHBvciBmYXZvci4=
+SfX,,UHVycGxlLCBwbGVhc2Uu,,,,,Um94YSwgcG9yIGZhdm9yLg==,,TW9yYWRvLCBwb3IgZmF2b3Iu
+ifX,,T3JhbmdlLCBwbGVhc2Uu,,,,,TGFyYW5qYSwgcG9yIGZhdm9yLg==,,TmFyYW5qYSwgcG9yIGZhdm9yLg==
+yfX,,R3JlZW4sIHBsZWFzZS4=,,,,,VmVyZGUsIHBvciBmYXZvci4=,,VmVyZGUsIHBvciBmYXZvci4=
/CfX,,Qmx1ZSwgcGxlYXNlLg==,,,,,QXp1bCwgcG9yIGZhdm9yLg==,,QXp1bCwgcG9yIGZhdm9yLg==
/SfX,,V2hpdGUsIHBsZWFzZS4=,,,,,QnJhbmNhLCBwb3IgZmF2b3Iu,,QmxhbmNvLCBwb3IgZmF2b3Iu
/ifX,,RGFyayBCcm93biwgcGxlYXNlLg==,,,,,TWFycm9tIGVzY3VybywgcG9yIGZhdm9yLg==,,TWFycsOzbiBvc2N1cm8sIHBvciBmYXZvci4=
/yfX,,SSBsaWtlIG15IGhhaXIgY29sb3Iu,,,,,R29zdG8gZGEgY29yIGRvIG1ldSBjYWJlbG8u,,TWUgZ3VzdGEgbWkgY29sb3IgZGUgY2FiZWxsby4=
ACjX,,W1Jvc3NhXQpBcmUgeW91IHN1cmU/CkFscmlnaHQgdGhlbiwgeW91Cmtub3cgd2hhdCdzIGJlc3QgZm9yCnlvdXIgYmVhdXR5IGFuZCB0byB0ZWxsCnRoZSB0cnV0aCwgSSBhZ3JlZSB3aXRoIHlvdX4=,,,,,W1Jvc3NhXQpUZW0gY2VydGV6YT8KVHVkbyBiZW0sIGVudMOjbywgdm9jw6oKc2FiZSBvIHF1ZSDDqSBtZWxob3IgcGFyYQpzdWEgYmVsZXphIGUsIHBhcmEgZGl6ZXIKYSB2ZXJkYWRlLCBldSBjb25jb3JkbyBjb20gdm9jw6p+,,W1Jvc3NhXQrCv0xvIGRpY2VzIGVuIHNlcmlvPwpNdXkgYmllbiwgZW50b25jZXMKc2FiZXMgcXXDqSBlcyBsbyBtZWpvciBwYXJhCnR1IGJlbGxlemEgeSwgYSBkZWNpcgp2ZXJkYWQsIGVzdG95IGRlIGFjdWVyZG8gY29udGlnby4=
ASjX,,W1Jvc3NhXQpPaCwgSSBzZWUuIFN0aWxsLCBJIGNhbid0CmhlbHAgYnV0IGZlZWwgc28gZGlzYXBwb2ludGVkLgpZb3UnZCBsb29rIHNvIGdvb2QgaWYgeW91IGR5ZWQKeW91ciBoYWlyIGEgZGlmZmVyZW50IGNvbG9yfg==,,,,,W1Jvc3NhXQpBaCwgZXN0b3UgZW50ZW5kZW5kby4gTWVzbW8gYXNzaW0sIG7Do28gY29uc2lnbwpkZWl4YXIgZGUgbWUgc2VudGlyIGRlc2Fwb250YWRhLgpWb2PDqiBmaWNhcmlhIHTDo28gYmVtIHNlIHBpbnRhc3NlCnNldSBjYWJlbG8gZGUgdW1hIGNvciBkaWZlcmVudGV+,,W1Jvc3NhXQpBaCwgeWEgdmVvLiBEZSB0b2RhcyBmb3JtYXMsIG5vIHB1ZWRvCmV2aXRhciBzZW50aXJtZSBkZWNlcGNpb25hZGEuClRlIHZlcsOtYXMgdGFuIGJpZW4gc2kgdGUgdGnDsWVyYXMKZWwgY2FiZWxsbyBkZSBvdHJvIGNvbG9yLg==
AijX,,W1Jvc3NhXQpIbW0sIHlvdXIgaGFpciBjb2xvcgppcyBzdGlsbCBmaW5lLCBzbyB0aGVyZSdzCm5vIG5lZWQgdG8gZHllIGl0IHRoZSBzYW1lCmNvbG9yIGFnYWluLCBpZiB0aGF0J3Mgd2hhdAp5b3UncmUgd29ycmllZCBhYm91dC4=,,,,,W1Jvc3NhXQpIdW1tLCBhIGNvciBkbyBzZXUgY2FiZWxvCmFpbmRhIGVzdMOhIGJvYSwgZW50w6NvIG7Do28gaMOhCm5lY2Vzc2lkYWRlIGRlIHBpbnTDoS1sbyBkYSBtZXNtYQpjb3IgZGUgbm92bywgc2Ugw6kgaXNzbyBxdWUKdGUgcHJlb2N1cGEu,,W1Jvc3NhXQpIbW0sIHR1IGNvbG9yIGRlIGNhYmVsbG8Kc2lndWUgZXN0YW5kbyBiaWVuLCBhc8OtIHF1ZQpubyBoYWNlIGZhbHRhIHRlw7FpcmxvIGRlbCBtaXNtbwpjb2xvciBkZSBudWV2bywgc2kgZXNvIGVzIGxvIHF1ZQp0ZSBwcmVvY3VwYS4=
AyjX,,W1Jvc3NhXQpPaCwgSSdtIHNvcnJ5IGRlYXIsCmJ1dCBJIGNhbid0IGR5ZSB5b3VyCmhhaXIgaWYgeW91IGRpZG4ndCBicmluZwpTY2FybGV0IER5ZXN0dWZmcyB3aXRoIHlvdS4uLg==,,,,,W1Jvc3NhXQpBaCwgbWUgZGVzY3VscGUsIG1ldSBiZW0sCm1hcyBuw6NvIHBvc3NvIHBpbnRhciBzZXUKY2FiZWxvIHNlIHZvY8OqIG7Do28gdGl2ZXIgdHJhemlkbwpTY2FybGV0IER5ZXN0dWZmcyBjb20gdm9jw6ouLi4=,,W1Jvc3NhXQpBeSwgbG8gc2llbnRvLCBjYXJpw7FvLApwZXJvIG5vIHB1ZWRvIHRlw7FpcnRlCmVsIGNhYmVsbG8gc2kgbm8gdHJhamlzdGUKVGludGUgZXNjYXJsYXRhIGNvbnRpZ2/igKY=
BCjX,,W1Jvc3NhXQpPaCwgSSdtIHNvcnJ5IGRlYXIsCmJ1dCBJIGNhbid0IGR5ZSB5b3VyCmhhaXIgaWYgeW91IGRpZG4ndCBicmluZwpMZW1vbiBEeWVzdHVmZnMgd2l0aCB5b3UuLi4=,,,,,W1Jvc3NhXQpBaCwgbWUgZGVzY3VscGUsIG1ldSBiZW0sCm1hcyBuw6NvIHBvc3NvIHBpbnRhciBzZXUKY2FiZWxvIHNlIHZvY8OqIG7Do28gdHJvdXhlCkxlbW9uIER5ZXN0dWZmcyBjb20gdm9jw6ouLi4=,,W1Jvc3NhXQpBeSwgbG8gc2llbnRvLCBjYXJpw7FvLApwZXJvIG5vIHB1ZWRvIHRlw7FpcnRlCmVsIGNhYmVsbG8gc2kgbm8gdHJhamlzdGUKVGludGUgYW1hcmlsbG8gbGltw7NuIGNvbnRpZ2/igKY=
BSjX,,W1Jvc3NhXQpPaCwgSSdtIHNvcnJ5IGRlYXIsCmJ1dCBJIGNhbid0IGR5ZSB5b3VyCmhhaXIgaWYgeW91IGRpZG4ndCBicmluZwpWaW9sZXQgRHllc3R1ZmZzIHdpdGggeW91Li4u,,,,,W1Jvc3NhXQpBaCwgbWUgZGVzY3VscGUsIG1ldSBiZW0sCm1hcyBuw6NvIHBvc3NvIHBpbnRhciBzZXUKY2FiZWxvIHNlIHZvY8OqIG7Do28gdHJvdXhlClZpb2xldCBEeWVzdHVmZnMgY29tIHZvY8OqLi4u,,W1Jvc3NhXQpBeSwgbG8gc2llbnRvLCBjYXJpw7FvLApwZXJvIG5vIHB1ZWRvIHRlw7FpcnRlCmVsIGNhYmVsbG8gc2kgbm8gdHJhamlzdGUKVGludGUgbW9yYWRvIGNvbnRpZ2/igKY=
BijX,,W1Jvc3NhXQpPaCwgSSdtIHNvcnJ5IGRlYXIsCmJ1dCBJIGNhbid0IGR5ZSB5b3VyCmhhaXIgaWYgeW91IGRpZG4ndCBicmluZwpPcmFuZ2UgRHllc3R1ZmZzIHdpdGggeW91Li4u,,,,,W1Jvc3NhXQpBaCwgbWUgZGVzY3VscGUsIG1ldSBiZW0sCm1hcyBuw6NvIHBvc3NvIHBpbnRhciBzZXUKY2FiZWxvIHNlIHZvY8OqIG7Do28gdHJvdXhlCk9yYW5nZSBEeWVzdHVmZnMgY29tIHZvY8OqLi4u,,W1Jvc3NhXQpBeSwgbG8gc2llbnRvLCBjYXJpw7FvLApwZXJvIG5vIHB1ZWRvIHRlw7FpcnRlCmVsIGNhYmVsbG8gc2kgbm8gdHJhamlzdGUKVGludGUgbmFyYW5qYSBjb250aWdv4oCm
ByjX,,W1Jvc3NhXQpPaCwgSSdtIHNvcnJ5IGRlYXIsCmJ1dCBJIGNhbid0IGR5ZSB5b3VyCmhhaXIgaWYgeW91IGRpZG4ndCBicmluZwpEYXJrZ3JlZW4gRHllc3R1ZmZzCndpdGggeW91LiBXb3VsZCB5b3UgY29tZQpiYWNrIGFmdGVyIHlvdSBnZXQgc29tZT8=,,,,,W1Jvc3NhXQpBaCwgbWUgZGVzY3VscGUsIG1ldSBiZW0sCm1hcyBuw6NvIHBvc3NvIHBpbnRhciBzZXUKY2FiZWxvIHNlIHZvY8OqIG7Do28gdHJvdXhlCkRhcmtncmVlbiBEeWVzdHVmZnMKY29tIHZvY8OqLiBQb2RlcmlhCnZvbHRhciBkZXBvaXMgZGUgY29uc2VndWlyIGFsZ3Vucz8=,,W1Jvc3NhXQpBeSwgbG8gc2llbnRvLCBjYXJpw7FvLApwZXJvIG5vIHB1ZWRvIHRlw7FpcnRlCmVsIGNhYmVsbG8gc2kgbm8gdHJhamlzdGUKVGludGUgdmVyZGUgb3NjdXJvCmNvbnRpZ28uIMK/UXVpZXJlcyB2ZW5pcgpjdWFuZG8gY29uc2lnYXMgdW4gcG9jbz8=
CCjX,,W1Jvc3NhXQpPaCwgSSdtIHNvcnJ5IGRlYXIsCmJ1dCBJIGNhbid0IGR5ZSB5b3VyCmhhaXIgaWYgeW91IGRpZG4ndCBicmluZwpDb2JhbHRibHVlIER5ZXN0dWZmcwp3aXRoIHlvdS4gV291bGQgeW91IGNvbWUKYmFjayBhZnRlciB5b3UgZ2V0IHNvbWU/,,,,,W1Jvc3NhXQpBaCwgbWUgZGVzY3VscGUsIG1ldSBiZW0sCm1hcyBuw6NvIHBvc3NvIHBpbnRhciBzZXUKY2FiZWxvIHNlIHZvY8OqIG7Do28gdHJvdXhlCkNvYmFsdGJsdWUgRHllc3R1ZmZzCmNvbSB2b2PDqi4gUG9kZXJpYQp2b2x0YXIgZGVwb2lzIGRlIGNvbnNlZ3VpciBhbGd1bnM/,,W1Jvc3NhXQpBeSwgbG8gc2llbnRvLCBjYXJpw7FvLApwZXJvIG5vIHB1ZWRvIHRlw7FpcnRlCmVsIGNhYmVsbG8gc2kgbm8gdHJhamlzdGUKVGludGUgYXp1bCBjb2JhbHRvCmNvbnRpZ28uIMK/UXVpZXJlcyB2ZW5pcgpjdWFuZG8gY29uc2lnYXMgdW4gcG9jbz8=
CSjX,,W1Jvc3NhXQpPaCwgSSdtIHNvcnJ5IGRlYXIsCmJ1dCBJIGNhbid0IGR5ZSB5b3VyCmhhaXIgaWYgeW91IGRpZG4ndCBicmluZwpXaGl0ZSBEeWVzdHVmZnMgd2l0aCB5b3UuLi4=,,,,,W1Jvc3NhXQpBaCwgbWUgZGVzY3VscGUsIG1ldSBiZW0sCm1hcyBuw6NvIHBvc3NvIHBpbnRhciBzZXUKY2FiZWxvIHNlIHZvY8OqIG7Do28gdHJvdXhlCldoaXRlIER5ZXN0dWZmcyBjb20gdm9jw6ouLi4=,,W1Jvc3NhXQpBeSwgbG8gc2llbnRvLCBjYXJpw7FvLApwZXJvIG5vIHB1ZWRvIHRlw7FpcnRlCmVsIGNhYmVsbG8gc2kgbm8gdHJhamlzdGUKVGludGUgYmxhbmNvIGNvbnRpZ2/igKY=
CijX,,W1Jvc3NhXQpPaCwgSSdtIHNvcnJ5IGRlYXIsCmJ1dCBJIGNhbid0IGR5ZSB5b3VyCmhhaXIgaWYgeW91IGRpZG4ndCBicmluZwpCbGFjayBEeWVzdHVmZnMgd2l0aCB5b3UuLi4=,,,,,W1Jvc3NhXQpBaCwgbWUgZGVzY3VscGUsIG1ldSBiZW0sCm1hcyBuw6NvIHBvc3NvIHBpbnRhciBzZXUKY2FiZWxvIHNlIHZvY8OqIG7Do28gdHJvdXhlCkJsYWNrIER5ZXN0dWZmcyBjb20gdm9jw6ouLi4=,,W1Jvc3NhXQpBeSwgbG8gc2llbnRvLCBjYXJpw7FvLApwZXJvIG5vIHB1ZWRvIHRlw7FpcnRlCmVsIGNhYmVsbG8gc2kgbm8gdHJhamlzdGUKVGludGUgbmVncm8gY29udGlnb+KApg==
CyjX,,W1Jvc3NhXQpPaCwgSSdtIHNvIHNvcnJ5IGRlYXIsCmJ1dCBteSBzZXJ2aWNlIGZlZSBpcwoxLDAwMCB6ZW55LiBEaWQgeW91IGZvcmdldAp0byBicmluZyB5b3VyIG1vbmV5IHdpdGggeW91Pw==,,,,,W1Jvc3NhXQpBaCwgbWUgZGVzY3VscGUsIG1ldSBiZW0sCm1hcyBtaW5oYSB0YXhhIGRlIHNlcnZpw6dvIMOpIGRlCm1pbCB6ZW55LiBWb2PDqiBzZSBlc3F1ZWNldSBkZQpkZSB0cmF6ZXIgc2V1IGRpbmhlaXJvIGNvbSB2b2PDqj8=,,W1Jvc3NhXQpPaCwgbG8gc2llbnRvIG11Y2hvLCBjYXJpw7FvLApwZXJvIG1pIHRhcmlmYSBlcyBkZQoxMDAwIHplbnkuIMK/T2x2aWRhc3RlCnRyYWVyIGVsIGRpbmVybz8=
DCjX,,W1Jvc3NhXQpXaGVuIHlvdSdyZSBmZWVsaW5nCmRvd24sIHdoZW4geW91IGp1c3Qgd2FudAp0byBsb29rIG5pY2UgZm9yIHRoZSBvbmUgeW91CmxvdmUsIG9yIHdoZW4geW91IGp1c3Qgd2FudAphIGRpZmZlcmVudCBsb29rLCB3aHkgZG9uJ3QKeW91IGR5ZSB5b3VyIGhhaXI/,,,,,W1Jvc3NhXQpRdWFuZG8gZXN0aXZlciBzZSBzZW50aW5kbwpwYXJhIGJhaXhvLCBxdWFuZG8gdm9jw6ogc8OzIHF1ZXIKZmljYXIgYXRyYWVudGUgcGFyYSBxdWVtIHZvY8OqIGFtYQpvdSBxdWFuZG8gdm9jw6ogcXVlciBhcGVuYXMKdW0gdmlzdWFsIGRpZmVyZW50ZSwgcG9yIHF1ZSBuw6NvCnBpbnRhciBzZXUgY2FiZWxvPw==,,W1Jvc3NhXQpTaSB0ZSBzaWVudGVzCnRyaXN0ZSwgcXVpZXJlcyB2ZXJ0ZSBiaWVuCnBhcmEgbGEgcGVyc29uYSBxdWUgYW1hcwpvIHNpbXBsZW1lbnRlIHF1aWVyZXMKY2FtYmlhciBkZSBlc3RpbG8sIMK/cG9yIHF1w6kgbm8KdGUgdGnDsWVzIGVsIGNhYmVsbG8/
DSjX,,W1Jvc3NhXQpBbGwgeW91IG5lZWQgaXMgb25lCkR5ZXN0dWZmcyBpdGVtIG9mIHRoZQpjb2xvciB0aGF0IHlvdSB3YW50IHRvCmR5ZSB5b3VyIGhhaXIsIGFzIHdlbGwgYXMKYSAxLDAwMCB6ZW55IHNlcnZpY2UgZmVlLgpJJ20gaGVyZSBmb3IgeW91ciBiZWF1dHkgbmVlZHN+,,,,,W1Jvc3NhXQpUdWRvIG8gcXVlIHZvY8OqIHByZWNpc2Egw6kgZGUgdW0KaXRlbSBEeWVzdHVmZnMgZGEKY29yIHF1ZSB2b2PDqiBkZXNlamEKcGludGFyIHNldSBjYWJlbG8sIGFsw6ltIGRlCnVtYSB0YXhhIGRlIHNlcnZpw6dvIGRlIG1pbCB6ZW55LgpFc3RvdSBhcXVpIHBhcmEgc3VhcyBuZWNlc3NpZGFkZXMgZGUgYmVsZXphfg==,,W1Jvc3NhXQpUb2RvIGxvIHF1ZSBuZWNlc2l0YXMKZXMgdW4gdGludGUgZGVsIGNvbG9yCmRlbCBxdWUgcXVpZXJhcyB0ZcOxaXJ0ZQplbCBjYWJlbGxvLCBtw6FzIGxvcwoxMDAwIHplbnkgcG9yIGVsIHNlcnZpY2lvLgpFc3RveSBhcXXDrSBwYXJhIHNhdGlzZmFjZXIgdHVzIG5lY2VzaWRhZGVzIGVzdMOpdGljYXMu
DijX,,W1Jvc3NhXQpZb3Uga25vdywgd2hlbiB5b3UKcHV0IHNvbWUgZWZmb3J0IGludG8KeW91ciBhcHBlYXJhbmNlLCB5b3UnbGwKbm90IG9ubHkgbG9vayBiZXR0ZXIsIGJ1dAp5b3UnbGwgZmVlbCBiZXR0ZXIgYWJvdXQKeW91cnNlbGYuIE1ha2VzIHNlbnNlLCByaWdodD8=,,,,,W1Jvc3NhXQpTYWJlLCBxdWFuZG8gdm9jw6oKc2UgZXNmb3LDp2FyIHVtIHBvdWNvCmVtIHN1YSBhcGFyw6puY2lhLCB2b2PDqgpuw6NvIGFwZW5hcyB0ZXLDoSB1bSB2aXN1YWwgbWVsaG9yLCBtYXMKdm9jw6ogc2Ugc2VudGlyw6EgbWVsaG9yCnRhbWLDqW0uIEZheiBzZW50aWRvLCBjZXJ0bz8=,,W1Jvc3NhXQpZYSBzYWJlcywgY3VhbmRvIHRlIGVzZnVlcnphcwp1biBwb2NvIGVuIG1lam9yYXIKdHUgYXBhcmllbmNpYSwgbm8gc29sbwp0ZSB2ZXMgbWVqb3IsIHNpbm8gcXVlCnRhbWJpw6luIHRlIHNpZW50ZXMgbWVqb3IKY29uIHR1IHByb3BpYSBpbWFnZW4uIFRpZW5lIHNlbnRpZG8sIMK/bm8/
DyjX,,QXNzaXN0YW50IEJlYXV0aWNpYW4=,,,,,QXNzaXN0ZW50ZSBkZSBFc3RldGljaXN0YQ==,,QXNzaXN0YW50IEJlYXV0aWNpYW4=
ECjX,,W0Fzc2lzdGFudCBCZWF1dGljaWFuXQpXYWg/ISBTd2VldCBKaW1pbnksCnlvdSBmcmVha2VkIG1lIG91dCEKV2hhdCBhcmUgeW91IGRvaW5nPyE=,,,,,W0Fzc2lzdGVudGUgZGUgRXN0ZXRpY2lzdGFdClF1w6o/ISBNaW5oYSBub3NzYSwKdm9jw6ogbWUgYXNzdXN0b3UhCk8gcXVlIGVzdMOhIGZhemVuZG8/IQ==,,W0FzaXN0ZW50ZSBkZSBlc3TDqXRpY2FdCsKhwr9CdWE/ISBDYXJhbWJh4oCmCsKhbWUgYXN1c3Rhc3RlIQrCocK/UXXDqSBlc3TDoXMgaGFjaWVuZG8/IQ==
ESjX,,W0Fzc2lzdGFudCBCZWF1dGljaWFuXQpPaCEgVW0sIGEgY3VzdG9tZXIhCkgtaC1oLWgtaC1oZWxsbyEgQ2FuCkkgaGVscCB5b3Ugd2l0aCBhbnl0aGluZz8=,,,,,W0Fzc2lzdGVudGUgZGUgRXN0ZXRpY2lzdGFdCkFoISBIdW0sIGNsaWVudGUhCk8tTy1PLU9sw6EhIFBvc3NvClBvc3NvIHRlIGFqdWRhciBjb20gYWxndW1hIGNvaXNhPw==,,W0FzaXN0ZW50ZSBkZSBlc3TDqXRpY2FdCsKhQWghIFVtLCDCoWNsaWVudGVzIQrCoUhvLWhvbGEhIMK/UHVlZG8KYXl1ZGFydGUgZW4gYWxnbz8=
EijX,,V2hhdCBkbyB5b3UgZG8/,,,,,TyBxdWUgdm9jw6ogZmF6Pw==,,wr9RdcOpIGhhY2VzPw==
EyjX,,UGxlYXNlIGNoYW5nZSBteSBoYWlyc3R5bGUu,,,,,UG9yIGZhdm9yLCBtdWRlIG1ldSBwZW50ZWFkby4=,,UG9yIGZhdm9yLCBjw6FtYmlhbWUgZWwgcGVpbmFkby4=
FCjX,,V2hvIGlzIFByaW5jZSBTaGFtbWk/,,,,,UXVlbSDDqSBvIFByw61uY2lwZSBTaGFtbWk/,,wr9RdWnDqW4gZXMgZWwgcHLDrW5jaXBlIFNoYW1taT8=
FSjX,,W0Fzc2lzdGFudCBCZWF1dGljaWFuXQpPaCEgTWUuLi4/IEknbQpqdXN0IGFuIGFzc2lzdGFudApiZWF1dGljaWFuLCBidXQgSSdtCnRyYWluaW5nIGhhcmQgZXZlcnlkYXkKc28gdGhhdCBJIGNhbiBiZWNvbWUKYSByZWFsIHByb2Zlc3Npb25hbCE=,,,,,W0Fzc2lzdGVudGUgZGUgRXN0ZXRpY2lzdGFdCkFoISBFdS4uLj8gRXUgc291CmFwZW5hcyB1bWEgYXNzaXN0ZW50ZSBkZQplc3RldGljaXN0YSwgbWFzCnByYXRpY28gZHVybyB0b2RvcyBvcyBkaWFzCnBhcmEgbWUgdG9ybmFyCnVtYSB2ZXJkYWRlaXJhIHByb2Zpc3Npb25hbCE=,,W0FzaXN0ZW50ZSBkZSBlc3TDqXRpY2FdCsKhQWghIMK/WW/igKY/IFNveQpzb2xvIHVuYSBhc2lzdGVudGUgZGUKZXN0ZXRpY2lzdGEsIMKhcGVybyBlc3RveQplbnRyZW5hbmRvIGR1cm8gdG9kb3MgbG9zIGTDrWFzCnBhcmEgc2VyIHVuYSB2ZXJkYWRlcmEKcHJvZmVzaW9uYWwh
FijX,,W0Fzc2lzdGFudCBCZWF1dGljaWFuXQpZZWFoLCBJIGRvIGFsbCBzb3J0cyBvZgpncnVudCB3b3JrIGZvciB0aGUgYm9zcyB3aGlsZQpJJ20gaW4gdHJhaW5pbmcuIFNvbWV0aW1lcywgaGUKbWFrZXMgbWUgd29yayBwcmV0dHkgaGFyZC4KSW4gZmFjdCwgSSBiZXR0ZXIgZ2V0IGJhY2sgdG8gd29yayBiZWZvcmUgaGUgZ2V0cyBhbmdyeSBhdCBtZSE=,,,,,W0Fzc2lzdGVudGUgZGUgRXN0ZXRpY2lzdGFdClNpbSwgZXUgZmHDp28gdG9kbyB0aXBvIGRlCnRyYWJhbGhvIHBlc2FkbyBwYXJhIG8gcGF0csOjbyAgZW5xdWFudG8KZXN0b3UgZW0gdHJlaW5hbWVudG8uIMOAcyB2ZXplcywgZWxlCm1lIGZheiB0cmFiYWxoYXIgYmFzdGFudGUuCk5hIHZlcmRhZGUsIMOpIG1lbGhvciBldSB2b2x0YXIgYW8gdHJhYmFsaG8gYW50ZXMgcXVlIGVsZSBmaXF1ZSBjb20gcmFpdmEgZGUgbWltIQ==,,W0FzaXN0ZW50ZSBkZSBlc3TDqXRpY2FdClPDrSwgaGFnbyB0b2RvIHRpcG8gZGUKdHJhYmFqbyBwZXNhZG8gcGFyYSBsYSBqZWZhIG1pZW50cmFzCmVudHJlbm8uIEEgdmVjZXMKbWUgaGFjZSB0cmFiYWphciBtdWNoby4KRGUgaGVjaG8sIMKhbWVqb3IgdnVlbHZvIGEgdHJhYmFqYXIgYW50ZXMgZGUgcXVlIHNlIGVuZmFkZSBjb25taWdvIQ==
FyjX,,W0Fzc2lzdGFudCBCZWF1dGljaWFuXQpNZS4uLj8gT2ggbm8sCm5vIEkgY2FuJ3QhIEkgbWVhbiwKSSdkIGxvdmUgdG8gYnV0LCBJJ20Kc3RpbGwgaW4gdHJhaW5pbmcgYW5kCkkgY2FuJ3QgdGFrZSByZXNwb25zaWJpbGl0eQppZiBJIG1lc3MgdXAgb24gYSBsaXR0bGUga2lkIQ==,,,,,W0Fzc2lzdGVudGUgZGUgRXN0ZXRpY2lzdGFdCkV1Li4uPyBBaCwgbsOjbywKbsOjbywgZXUgbsOjbyBwb3NzbyEgUXVlcm8gZGl6ZXIsCmV1IGFkb3JhcmlhLCBtYXMKYWluZGEgZXN0b3UgZW0gdHJlaW5hbWVudG8gZQpuw6NvIHBvc3NvIGFzc3VtaXIgYSByZXNwb25zYWJpbGlkYWRlCnNlIGV1IGZpemVyIGJlc3RlaXJhIGNvbSB1bWEgY3JpYW7Dp2EgcGVxdWVuYSE=,,W0FzaXN0ZW50ZSBkZSBlc3TDqXRpY2FdCsK/WW/igKY/IEF5LCBubywKwqFubyBwdWVkbyEgRGlnbywKbWUgZW5jYW50YXLDrWEsIHBlcm8gdG9kYXbDrWEKZXN0b3kgZW4gZW50cmVuYW1pZW50bywKwqF5IG5vIHBvZHLDrWEgcmVzcG9uc2FiaWxpemFybWUKc2kgbWV0byBsYSBwYXRhIGNvbiBhbGd1aWVuIQ==
GCjX,,W0Fzc2lzdGFudCBCZWF1dGljaWFuXQpXZWxsLi4uIEknbSBqdXN0IGFuCmFzc2lzdGFudCwgYnV0IEkgaGF2ZSBiZWVuCnN0dWR5aW5nIGhhaXJzdHlsaW5nIGFmdGVyCndvcmsuIElmIHlvdSB3YW50LCBqdXN0IGJyaW5nCm1lIDI1MCwwMDAgemVueSBhbmQgSSdsbCB0cnkKbXkgYmVzdCB0byBjaGFuZ2UgeW91ciBoYWlyfg==,,,,,W0Fzc2lzdGVudGUgZGUgRXN0ZXRpY2lzdGFdCkJvbS4uLiBTb3UgYXBlbmFzIHVtYQphc3Npc3RlbnRlLCBtYXMgdGVuaG8KZXN0dWRhZG8gcGVudGVhZG9zIGRlcG9pcyBkbwp0cmFiYWxoby4gU2Ugdm9jw6ogcXVpc2VyLCBiYXN0YSB0cmF6ZXIKMjUwLjAwMCB6ZW55IGUgZXUgZGFyZWkKbWV1IG1lbGhvciBwYXJhIG11ZGFyIHNldSBjYWJlbG9+,,W0FzaXN0ZW50ZSBkZSBlc3TDqXRpY2FdCkJ1ZW5v4oCmIFNvbG8gc295IHVuYSBhc2lzdGVudGUsCnBlcm8gaGUgZXN0YWRvCmVzdHVkaWFuZG8gcGVsdXF1ZXLDrWEgYWwgc2FsaXIgZGVsCnRyYWJham8uIFNpIHF1aWVyZXMsIHRyw6FlbWUKMjUwMDAwIHplbnkgeSBoYXLDqSBtaSBtZWpvciBlc2Z1ZXJ6bwpwYXJhIGNhbWJpYXIgdHUgZXN0aWxvIGRlIGNhYmVsbG8u
GSjX,,W0Fzc2lzdGFudCBCZWF1dGljaWFuXQpJJ2QgYXBwcmVjaWF0ZSBpdCBpZiB5b3UnZApnaXZlIG1lIHRoaXMgY2hhbmNlISBUaGUKYm9zcyBkb2Vzbid0IHRoaW5rIEknbSByZWFkeQpmb3Igc3R5bGluZyByZWFsIHBlb3BsZSB5ZXQsIHNvCkkgaGF2ZW4ndCBoYWQgbXVjaCBwcmFjdGljZSE=,,,,,W0Fzc2lzdGVudGUgZGUgRXN0ZXRpY2lzdGFdCkV1IGFncmFkZWNlcmlhIHNlIHZvY8OqCm1lIGRlc3NlIGVzc2EgY2hhbmNlISBPCnBhdHLDo28gYWNoYSBxdWUgYWluZGEgbsOjbyBlc3RvdSBwcm9udG8KcGFyYSB0cmFiYWxoYXIgY29tIHBlc3NvYXMgZGUgdmVyZGFkZSwgZW50w6NvCm7Do28gdGVuaG8gdGlkbyBtdWl0YSBwcsOhdGljYSE=,,W0FzaXN0ZW50ZSBkZSBlc3TDqXRpY2FdCsKhQWdyYWRlY2Vyw61hIG11Y2hvIHF1ZQptZSBkaWVyYXMgbGEgb3BvcnR1bmlkYWQhIE1pCmplZmEgbm8gY3JlZSBxdWUgZXN0w6kgcHJlcGFyYWRhCnBhcmEgdHJhYmFqYXIgY29uIGNsaWVudGVzLCBhc8OtIHF1ZQpubyB0dXZlIG11Y2hhIHByw6FjdGljYS4=
GijX,,W0Fzc2lzdGFudCBCZWF1dGljaWFuXQpJIGp1c3Qga25vdyBJIGNvdWxkCmRvIGEgZ29vZCBqb2Igb24geW91cgpoYWlyISBKdXN0Li4uIEp1c3QgcGxlYXNlCnVuZGVyc3RhbmQgaWYgSSBtZXNzIHVwLgpJdCB3b24ndCBiZSB0b28gYmFkLCBJIHByb21pc2V+,,,,,W0Fzc2lzdGVudGUgZGUgRXN0ZXRpY2lzdGFdCkV1IHNlaSBxdWUgcG9kZXJpYQpmYXplciB1bSBib20gdHJhYmFsaG8gZW0gc2V1CmNhYmVsbyEgU8OzLi4uCmVudGVuZGEgc2UgZXUgZXJyYXIsIHBvciBmYXZvci4KTsOjbyB2YWkgc2VyIHTDo28gcnVpbSwgZXUgcHJvbWV0b34=,,W0FzaXN0ZW50ZSBkZSBlc3TDqXRpY2FdCsKhU29sbyBzw6kgcXVlIHBvZHLDrWEKaGFjZXIgdW4gYnVlbiB0cmFiYWpvIGNvbiB0dQpjYWJlbGxvISBTb2xv4oCmIFBvciBmYXZvcgp0ZW5tZSBwYWNpZW5jaWEgc2kgbWV0byBsYSBwYXRhLgpObyBsbyBoYXLDqSB0YW4gbWFsLCBsbyBwcm9tZXRvLg==
GyjX,,W0Fzc2lzdGFudCBCZWF1dGljaWFuXQpZb3UncmUgcmVhbGx5IGdvaW5nIHRvCmdpdmUgbWUgYSBjaGFuY2UgdG8gcHJhY3RpY2U/Ck9oLCBJIGxvdmUgeW91IHNvIG11Y2ghIE9rYXksCkknbGwgbmVlZCAyNTAsMDAwIHplbnkgdG8gbWFrZQp1cCBmb3IgdGhlIG1hdGVyaWFsIGV4cGVuc2VzLgpJcyB0aGF0IG9rYXkgd2l0aCB5b3U/,,,,,W0Fzc2lzdGVudGUgZGUgRXN0ZXRpY2lzdGFdClZvY8OqIHZhaSBtZXNtbwptZSBkYXIgdW1hIGNoYW5jZSBkZSBwcmF0aWNhcj8KQWgsIGV1IGFtbyBtdWl0byB2b2PDqiEgQ2VydG8scHJlY2lzbyBkZSAyNTAuMDAwIHplbnkKcGFyYSBjb21wZW5zYXIgYXMgZGVzcGVzYXMgY29tIG1hdGVyaWFpcy4KVHVkbyBiZW0gcGFyYSB2b2PDqj8=,,W0FzaXN0ZW50ZSBkZSBlc3TDqXRpY2FdCsK/UmVhbG1lbnRlIHZhcyBhIGRhcm1lCmxhIG9wb3J0dW5pZGFkIGRlIHByYWN0aWNhcj8KwqFBeSwgdGUgcXVpZXJvIHRhbnRvISBCaWVuLApuZWNlc2l0YXLDqSAyNTAwMDAgemVueSBwYXJhIGN1YnJpcgpsb3MgZ2FzdG9zIGRlIG1hdGVyaWFsLgrCv1RlIHBhcmVjZSBiaWVuPw==
HCjX,,T2YgY291cnNlfg==,,,,,w4kgY2xhcm9+,,UG9yIHN1cHVlc3RvLg==
HSjX,,T24gc2Vjb25kIHRob3VnaHQuLi4=,,,,,UGVuc2FuZG8gYmVtLi4u,,UGVuc8OhbmRvbG8gYmllbuKApg==
HijX,,W0Fzc2lzdGFudCBCZWF1dGljaWFuXQpHcmVhdCEgTm93LCBwbGVhc2UKY2hvb3NlIGEgaGFpcnN0eWxlCmZyb20gJycxJycgdG8gJycyMy4nJwpVbSwgaWYgeW91IG5lZWQgdG8KY2FuY2VsLCBqdXN0IGVudGVyICcnMC4nJw==,,,,,W0Fzc2lzdGVudGUgZGUgRXN0ZXRpY2lzdGFdCsOTdGltbyEgQWdvcmEsIHBvciBmYXZvciwKZXNjb2xoYSB1bSBwZW50ZWFkbwpkZSAiMSIgYSAiMjMiLgpIdW0sIHNlIHZvY8OqIHByZWNpc2FyCmNhbmNlbGFyLCBiYXN0YSBkaWdpdGFyICIwIi4=,,W0FzaXN0ZW50ZSBkZSBlc3TDqXRpY2FdCsKhR2VuaWFsISBBaG9yYSwgcG9yIGZhdm9yCmVsaWdlIHVuIHBlaW5hZG8KZGVsIOKAnDHigJ0gYSDigJwyM+KAnS4KVW0sIHNpIG5lY2VzaXRhcwpjYW5jZWxhciwgc29sbyBpbmdyZXNhIOKAnDDigJ0=
HyjX,,W0Fzc2lzdGFudCBCZWF1dGljaWFuXQpBd3d3dy4uLgpJIGd1ZXNzIHlvdSBkb24ndAp0cnVzdCBtZSBhZnRlciBhbGwuLi4=,,,,,W0Fzc2lzdGVudGUgZGUgRXN0ZXRpY2lzdGFdCkF3d3d3Li4uCkFjaG8gcXVlIHZvY8OqIG7Do28KY29uZmlhIGVtIG1pbSwgYWZpbmFsLi4u,,W0FzaXN0ZW50ZSBkZSBlc3TDqXRpY2FdCkF5eXnigKYKU3Vwb25nbyBxdWUgbm8KY29uZsOtYXMgZW4gbcOtIGRlc3B1w6lzIGRlIHRvZG/igKY=
ICjX,,W0Fzc2lzdGFudCBCZWF1dGljaWFuXQpIdWg/IEkgdGhvdWdodCBJIGFza2VkCnlvdSB0byBlbnRlciBhIG51bWJlciBmcm9tCicnMScnIHRvICcnMjM/JycgV2hhdCBkaWQgSSBkbwp3cm9uZyB0aGlzIHRpbWU/IEhtbW0uLi4=,,,,,W0Fzc2lzdGVudGUgZGUgRXN0ZXRpY2lzdGFdCk8gcXXDqj8gRXUgcGVuc2VpIHF1ZSB0aW5oYSBwZWRpZG8KcGFyYSB2b2PDqiBkaWdpdGFyIHVtIG7Dum1lcm8gZGUKIjEiIGEgIjIzIj8gTyBxdWUgZXUgZml6IGRlCmVycmFkbyBkZXNzYSB2ZXo/IEh1bW1tLi4u,,W0FzaXN0ZW50ZSBkZSBlc3TDqXRpY2FdCsK/RWg/IFBlbnPDqSBxdWUgdGUgaGFiw61hIHBlZGlkbwpxdWUgaW5ncmVzYXJhcyB1biBuw7ptZXJvIGRlbArigJwx4oCdIGFsIOKAnDIz4oCdLiDCv0VuIHF1w6kgCm1lIGVxdWl2b3F1w6kgZXN0YSB2ZXo/IE1tbW3igKY=
ISjX,,W0Fzc2lzdGFudCBCZWF1dGljaWFuXQpTbyB0aGlzIGlzIHRoZQpzdHlsZSB5b3Ugd2FudCBtZQp0byB0cnkgdG8gZG8gZm9yIHlvdT8=,,,,,W0Fzc2lzdGVudGUgZGUgRXN0ZXRpY2lzdGFdCkVudMOjbywgZXN0ZSDDqSBvCmVzdGlsbyBxdWUgdm9jw6ogcXVlciBxdWUgZXUKdGVudGUgZmF6ZXIgcGFyYSB2b2PDqj8=,,W0FzaXN0ZW50ZSBkZSBlc3TDqXRpY2FdCsK/QXPDrSBxdWUgZXN0ZSBlcyBlbAplc3RpbG8KcXVlIHF1aWVyZXM/
IijX,,WWVzLCBsZXQncyB0cnkgaXR+,,,,,U2ltLCB2YW1vcyB0ZW50YXJ+,,U8OtLCBwcm9iZW1vcy4=
IyjX,,Q2FuY2VsLg==,,,,,Q2FuY2VsYXI=,,Q2FuY2VsYXIu
JCjX,,W0Fzc2lzdGFudCBCZWF1dGljaWFuXQpPb29oLCB0aGVyZSBtdXN0CmJlIHNvbWUgc3R5bGUgdGhhdAp5b3UgbGlrZSwgcmlnaHQ/IEhtbW0uLi4=,,,,,W0Fzc2lzdGVudGUgZGUgRXN0ZXRpY2lzdGFdCkFhYWgsIGRldmUgaGF2ZXIKYWxndW0gZXN0aWxvIHF1ZQp2b2PDqiBnb3N0YSwgY2VydG8/IEh1bW1tLi4u,,W0FzaXN0ZW50ZSBkZSBlc3TDqXRpY2FdCk9oLCB0aWVuZSBxdWUgaGFiZXIKYWxnw7puIGVzdGlsbyBxdWUKdGUgZ3VzdGUsIMK/bm8gY3JlZXM/IE1tbW3igKY=
JSjX,,W0Fzc2lzdGFudCBCZWF1dGljaWFuXQpHcmVhdCwgeW91IGZpbmFsbHkKcGlja2VkIG9uZSEgV2hhdCwgd2hpY2gKb25lIGRpZCB5b3UgcGljayBhZ2Fpbj8KQWgsIEkgZm91bmQgaXQsIEkgZm91bmQgaXQhCkhhaGEhIE5vIHByb2JsZW0gaGVyZSEKTm93IGl0J3MgdGltZSB0byBzdHlsZSE=,,,,,W0Fzc2lzdGVudGUgZGUgRXN0ZXRpY2lzdGFdCsOTdGltbywgdm9jw6ogZmluYWxtZW50ZQplc2NvbGhldSB1bSEgVcOpLCBxdWFsCnZvY8OqIGVzY29saGV1IG1lc21vPwpBaCwgYWNoZWksIGFjaGVpIQpIYWhhISBTZW0gcHJvYmxlbWFzIQpBZ29yYSDDqSBob3JhIGRlIGVzdGlsaXphciE=,,W0FzaXN0ZW50ZSBkZSBlc3TDqXRpY2FdCsKhR2VuaWFsISBQb3IgZmluCmVsZWdpc3RlIHVuby4gwr9RdcOpPyDCv01lIHJlY3VlcmRhcwpjdcOhbCBmdWUgZWwgcXVlIGVsZWdpc3RlPwrCoUFoLCBsbyBlbmNvbnRyw6khCsKhSmEsIGphISDCoU5pbmfDum4gcHJvYmxlbWEhCsKhRXMgaG9yYSBkZSBjYW1iaWFyIGRlIGVzdGlsbyE=
JijX,,W0Fzc2lzdGFudCBCZWF1dGljaWFuXQpCd3d3d2FhYWFoaGhoIQ==,,,,,W0Fzc2lzdGVudGUgZGUgRXN0ZXRpY2lzdGFdCkJ3d3d3YWFhYWhoaGgh,,W0FzaXN0ZW50ZSBkZSBlc3TDqXRpY2FdCsKhQnVhYWEh
JyjX,,W0Fzc2lzdGFudCBCZWF1dGljaWFuXQpZYXAhIFB3d3dhYWF0dHQh,,,,,W0Fzc2lzdGVudGUgZGUgRXN0ZXRpY2lzdGFdCllhcCEgUHd3d2FhYXR0dCE=,,W0FzaXN0ZW50ZSBkZSBlc3TDqXRpY2FdCsKhQXkhIMKhRnVhYWEh
KCjX,,W0Fzc2lzdGFudCBCZWF1dGljaWFuXQpXYWFhYWghCk9oIGNyYXAhCldhaXQsIEkgY2FuLi4uCkkgY2FuIGZpeCB0aGlzIQ==,,,,,W0Fzc2lzdGVudGUgZGUgRXN0ZXRpY2lzdGFdCldhYWFhaCEKQWksIGRyb2dhIQpFc3BlcmEsIGV1IHBvc3NvLi4uCkV1IHBvc3NvIGNvbnNlcnRhciBpc3NvIQ==,,W0FzaXN0ZW50ZSBkZSBlc3TDqXRpY2FdCsKhQnVhYWEhCsKhQXksIG1hbGRpdGEgc2VhIQpFc3BlcmEsIHB1ZWRv4oCmCsKhcHVlZG8gYXJyZWdsYXJsbyE=
KSjX,,W0Fzc2lzdGFudCBCZWF1dGljaWFuXQpeMzMzMzMzKlBhbnQgUGFudCBQYW50Kl4wMDAwMDA=,,,,,W0Fzc2lzdGVudGUgZGUgRXN0ZXRpY2lzdGFdCl4zMzMzMzMqUGFudCBQYW50IFBhbnQgUGFudCpeMDAwMDAw,,W0FzaXN0ZW50ZSBkZSBlc3TDqXRpY2FdCl5GRjI0MDAqSmFkZWEqXjAwMDAwMA==
KijX,,W0Fzc2lzdGFudCBCZWF1dGljaWFuXQpCd2FoYWhhaGEhIFN1Y2Nlc3Mh,,,,,W0Fzc2lzdGVudGUgZGUgRXN0ZXRpY2lzdGFdCk11d2FhaGFoYWhhISBTdWNlc3NvIQ==,,W0FzaXN0ZW50ZSBkZSBlc3TDqXRpY2FdCsKhTXVhamFqYWphISDCoVBlcmZlY3RvIQ==
KyjX,,U28uLi4gSG93IGRvIHlvdSBsaWtlCnlvdXIgbmV3IHN0eWxlPyBJIGxvdmUgaXQh,,,,,RW50w6NvLi4uIE8gcXVlIHZvY8OqIGFjaGEgZG8Kc2V1IG5vdm8gZXN0aWxvPyBFdSBhZG9yZWkh,,QXPDrSBxdWXigKYgwr9RdcOpIHRlIHBhcmVjZQp0dSBudWV2byBlc3RpbG8/IMKhTWUgZW5jYW50YSE=
LCjX,,V2hhLi4uPyBUaGlzIGlzbid0IHdoYXQKeW91IHdhbnRlZD8gVWggb2guLi4gVW0uLi4KV2VsbCwgbmV4dCB0aW1lIEkga25vdyBJIGNhbgpkbyBhIG11Y2ggYmV0dGVyIGpvYiEgUmlnaHQh,,,,,TWFzLi4uIElzc28gbsOjbyDDqSBvIHF1ZQp2b2PDqiBxdWVyaWE/IFZpeGUuLi4gSHVtLi4uCkJvbSwgZGEgcHLDs3hpbWEgdmV6IGV1IHNlaSBxdWUgcG9zc28KZmF6ZXIgdW0gdHJhYmFsaG8gbXVpdG8gbWVsaG9yISBJc3NvIQ==,,wr9RdcOp4oCmPyDCv0VzdG8gbm8gZXMgbG8gcXVlCnF1ZXLDrWFzPyBBeSwgbm/igKYgRWjigKYKQnVlbm8sIMKhc8OpIHF1ZSBwdWVkbyBoYWNlcgp1biB0cmFiYWpvIG11Y2hvIG1lam9yIGxhIHByw7N4aW1hIHZleiEgwqFDaWVydG8h
LSjX,,W0Fzc2lzdGFudCBCZWF1dGljaWFuXQpPaCwgeW91J3JlIHN1Y2ggYQpzd2VldGhlYXJ0IGZvciBoZWxwaW5nCm1lISBUaGFuayB5b3UgZm9yIHVzaW5nCm15IHNlcnZpY2UgYW5kIGNvbWUgYWdhaW5+,,,,,W0Fzc2lzdGVudGUgZGUgRXN0ZXRpY2lzdGFdCkFoLCB2b2PDqiDDqSB0w6NvCmFkb3LDoXZlbCBwb3IKbWUgYWp1ZGFyISBPYnJpZ2FkYSBwb3IgdXNhcgptZXUgc2VydmnDp28gZSB2b2x0ZSBzZW1wcmV+,,W0FzaXN0ZW50ZSBkZSBlc3TDqXRpY2FdCkF5LCBlcmVzIHRhbgpkdWxjZSBwb3IgaGFiZXJtZQpheXVkYWRvISBHcmFjaWFzIHBvciBlbGVnaXIKbWlzIHNlcnZpY2lvcyB5IHZ1ZWx2ZSBwcm9udG8u
LijX,,W0Fzc2lzdGFudCBCZWF1dGljaWFuXQpIdWg/IE9oIG5vLCB5b3UncmUKcXVpdHRpbmc/IFdlbGwsIEkgZ3Vlc3MKSSBjb3VsZG4ndCB0cnVzdCBtZSB0bwpzdHlsZSBteSBoYWlyIGVpdGhlci4uLgpZb3UncmUuLi4gWW91J3JlIHJpZ2h0Lg==,,,,,W0Fzc2lzdGVudGUgZGUgRXN0ZXRpY2lzdGFdCkjDoz8gQWksIG7Do28sIHZvY8OqIGVzdMOhCmRlc2lzdGluZG8/IEJvbSwgZXUgYWNobyBxdWUKbsOjbyBwb2RlcmlhIGNvbmZpYXIgZW0gbWltIHBhcmEKcGVudGVhciBtZXUgY2FiZWxvIHRhbWLDqW0uLi4KVm9jw6ouLi4gVm9jw6ogdGVtIHJhesOjby4=,,W0FzaXN0ZW50ZSBkZSBlc3TDqXRpY2FdCsK/RWg/IEF5LCBubywgwr90ZQphcnJlcGVudGlzdGU/IEJ1ZW5vLCBjcmVvIHF1ZSB5bwp0YW1wb2NvIGNvbmZpYXLDrWEgZW4gbcOtIHBhcmEKYXJyZWdsYXJtZSBlbCBjYWJlbGxv4oCmClRpZW5lc+KApiB0aWVuZXMgcmF6w7NuLg==
LyjX,,W0Fzc2lzdGFudCBCZWF1dGljaWFuXQpQcmluY2UgU2hhbW1pPwpIZSdzIG9ubHkgYSBnZW5pdXMgd2hlbgppdCBjb21lcyB0byBoYWlyc3R5bGluZyEKSSdtIGp1c3QgaGlzIGFwcHJlbnRpY2UsIGJ1dAptYXliZSBzb21lZGF5LCBJIGNhbiBiZSBhCmZvcmNlIGluIHRoZSBmYXNoaW9uIHdvcmxkIHRvbyE=,,,,,W0Fzc2lzdGVudGUgZGUgRXN0ZXRpY2lzdGFdClByw61uY2lwZSBTaGFtbWk/CkVsZSDDqSBzw7MgdW0gZ8OqbmlvIHF1YW5kbwpzZSB0cmF0YSBkZSBwZW50ZWFkb3MhClNvdSBhcGVuYXMgc3VhIGFwcmVuZGl6LCBtYXMKdGFsdmV6IHVtIGRpYSBldSBwb3NzYSBzZXIgdW1hCnBvdMOqbmNpYSBubyBtdW5kbyBkYSBtb2RhIHRhbWLDqW0h,,W0FzaXN0ZW50ZSBkZSBlc3TDqXRpY2FdCsK/UHLDrW5jaXBlIFNoYW1taT8KwqFFcyBuaSBtw6FzIG5pIG1lbm9zIHF1ZSB1biBnZW5pbwplbiBsbyBxdWUgc2UgcmVmaWVyZSBhIHBlaW5hZG9zIQpTb2xvIHNveSBzdSBhcHJlbmRpeiwgcGVyb+KApgp0YWwgdmV6IGFsZ8O6biBkw61hIHRhbWJpw6luIHB1ZWRhIHNlcgp1bmEgZW1pbmVuY2lhIGVuIGVsIG11bmRvIGRlIGxhIG1vZGEu
MCjX,,QmFucXVldCBTdGFmZg==,,,,,QXNzaXN0ZW50ZSBkZSBGZXN0YQ==,,QmFucXVldCBTdGFmZg==
MSjX,,W0JhbnF1ZXQgU3RhZmZdClRoaXMgQmFucXVldCBIYWxsIGlzIHVzZWQKdG8gaG9sZCBldmVudHMgc3VjaCBhcyBkaW5uZXIKcGFydGllcyB3aXRoIHBhcnRuZXJzLCBjbGllbnRzCmFuZCBvdGhlciBhc3NvY2lhdGVzLCBhbmQgcHJlc3MKY29uZmVyZW5jZXMuIE9mIGNvdXJzZSwgdGhlcmUncwpub3RoaW5nIGdvaW5nIG9uIHJpZ2h0IG5vdy4=,,,,,W0Fzc2lzdGVudGUgZGUgRmVzdGFdCkVzdGUgc2Fsw6NvIGRlIGZlc3RhIMOpIHVzYWRvCnBhcmEgcmVhbGl6YXIgZXZlbnRvcywgY29tbyBqYW50YXJlcwpjb20gcGFyY2Vpcm9zLApjbGllbnRlcyBlIG91dHJvcyBhc3NvY2lhZG9zLCBlIGNvbGV0aXZhcyBkZQppbXByZW5zYS4gTsOjbyBow6EKbmFkYSBhY29udGVjZW5kbyBubyBtb21lbnRvLCBjbGFyby4=,,W1BlcnNvbmFsIGRlIGJhbnF1ZXRlc10KRXN0ZSBTYWzDs24gZGUgYmFucXVldGVzIHNlIHVzYQpwYXJhIGNlbGVicmFyIGV2ZW50b3MgY29tbyBjZW5hcwpjb24gc29jaW9zLCBjbGllbnRlcwp5IG90cm9zIGFzb2NpYWRvcywgeSBjb25mZXJlbmNpYXMKZGUgcHJlbnNhLiBQb3Igc3VwdWVzdG8sIG5vIGhheQpuaW5nw7puIGV2ZW50byBhaG9yYSBtaXNtby4=
MijX,,W0JhbnF1ZXQgU3RhZmZdClNvbWV0aW1lcyBwZWFjZSBhbmQgcXVpZXQKaXMgYSB3ZWxjb21lIGNoYW5nZSBvZiBwYWNlLApidXQgcmlnaHQgbm93IEknbSBmZWVsaW5nIHF1aXRlCmJvcmVkLiBJIHRoaW5rIEkgd291bGQgcmF0aGVyCmJlIGJ1c3kgdGhhbiB0d2lkZGxpbmcgbXkKdGh1bWJzLCB0byB0ZWxsIHRoZSB0cnV0aC4=,,,,,W0Fzc2lzdGVudGUgZGUgRmVzdGFdCsOAcyB2ZXplcywgcGF6IGUgdHJhbnF1aWxpZGFkZQpzw6NvIHVtYSBtdWRhbsOnYSBkZSByaXRtbyBiZW0tdmluZGEsCm1hcyBubyBtb21lbnRvIGVzdG91IG1lIHNlbnRpbmRvIGJhc3RhbnRlCmVudGVkaWFkby4gQWNobyBxdWUgcHJlZmVyaXJpYQplc3RhciBvY3VwYWRvIGRvIHF1ZSBmaWNhcgpjb8OnYW5kbywgcGFyYSBkaXplciBhIHZlcmRhZGUu,,W1BlcnNvbmFsIGRlIGJhbnF1ZXRlc10KQSB2ZWNlcyBsYSBwYXogeSBsYSB0cmFucXVpbGlkYWQKZXMgdW4gY2FtYmlvIGRlIHJpdG1vIHF1ZSBuZWNlc2l0YW1vcywKcGVybyBlbiBlc3RlIG1vbWVudG8gZXN0b3kgYmFzdGFudGUKYWJ1cnJpZG8uIEEgZGVjaXIgdmVyZGFkLCBjcmVvIHF1ZSBwcmVmZXJpcsOtYQplc3RhciBvY3VwYWRvIGVuIHZleiBkZSBxdWUgcXVlZGFybWUKYXF1w60gZGUgYnJhem9zIGNydXphZG9zLg==
MyjX,,THVjY2V0,,,,,THVjY2V0,,THVjY2V0
NCjX,,W0x1Y2NldF0KU2hoaGghIEhleSwgbXkgYnJvdGhlcidzCicnaXQsJycgc28gSSBnb3R0YSBmaW5kIGEgcGxhY2UKdG8gaGlkZSEgV2FpdCwgd291bGQgeW91IGp1c3QKc3RhbmQgcmVhbGx5IHN0aWxsPyBJIGNvdWxkCmp1c3QgaGlkZSBiZWhpbmQgeW91ISBObz8KTnV0cyEgT2xseSBvbGx5IG94ZW4gZnJlZSE=,,,,,W0x1Y2NldF0KWGl1ISBFaSwgbWV1IGlybcOjbyDDqSBhCiJjb2lzYSIsIGVudMOjbyB0ZW5obyBxdWUgZW5jb250cmFyIHVtIGx1Z2FyCnBhcmEgbWUgZXNjb25kZXIhIEVzcGVyYSwgdm9jw6ogcG9kZXJpYQpmaWNhciBkZSBib3F1aW5oYSBmZWNoYWRhPyBFdSBwb2RlcmlhCm1lIGVzY29uZGVyIGF0csOhcyBkZSB2b2PDqiEgTsOjbz8KUXVlIGRvaWRlaXJhISBPIHByaW1laXJvIHNhbHZhIHRvZG9zIQ==,,W0x1Y2NldF0KwqFTaGhoaCEgT3llLCBsZSB0b2NhIGJ1c2NhciBhIG1pIGhlcm1hbm8sCsKhYXPDrSBxdWUgdGVuZ28gcXVlIGVzY29uZGVybWUKZW4gYWxndW5hIHBhcnRlISBFc3BlcmEsIMK/cHVlZGVzCnF1ZWRhcnRlIGFow60gaW5tw7N2aWw/IMKhVGFsIHZleiBwdWVkYQplc2NvbmRlcm1lIGRldHLDoXMgZGUgdGkhIMK/Tm8/CsKhRGlhYmxvcyEgwqFVbiwgZG9zLCB0cmVzIHBvciBtw60h
NSjX,,SGFuY2NldA==,,,,,SGFuY2NldA==,,SGFuY2NldA==
NijX,,W0hhbmNjZXRdCk1hbi4uLiBJIGhhdGUgYmVpbmcgJydpdCEnJwpJJ20gaG9ycmlibGUgYXQgdGhpcyBnYW1lIQpBbHJpZ2h0LCBva2F5LCBpZiBJIHdlcmUgbXkKc2lzdGVyIEx1Y2NldCwgd2hlcmUgd291bGQKSSB0aGluayBJIHdvdWxkIG5vdCBsb29rIGZvcgptZT8gT2YgY291cnNlLi4uISBUaGUgc2V3ZXJzIQ==,,,,,W0hhbmNjZXRdCkNhcmEuLi4gT2RlaW8gc2VyIGEgImNvaXNhIiEKU291IGhvcnLDrXZlbCBuZXNzZSBqb2dvIQpUdWRvIGJlbSwgYmVsZXphLCBzZSBldSBmb3NzZSBtaW5oYQppcm3DoyBMdWNjZXQsIG9uZGUgZXUKYWNobyBxdWUgZXUgbsOjbyBwcm9jdXJhcmlhIHBvcgptaW0/IMOJIGNsYXJvLi4uISBOb3MgZXNnb3RvcyE=,,W0hhbmNjZXRdClZheWHigKYgT2RpbyBzZXIgZWwgcXVlIGJ1c2NhLgrCoVNveSBtdXkgbWFsbyBlbiBlc3RlIGp1ZWdvIQpCdWVubywgYnVlbm8sIHNpIHlvIGZ1ZXJhIG1pCmhlcm1hbmEgTHVjY2V0LCDCv2TDs25kZQptZSBlc3RhcsOtYQpidXNjYW5kbz8gwqFQb3Igc3VwdWVzdG/igKYhIMKhTGEgYWxjYW50YXJpbGxhIQ==
NyjX,,QW5uZXR0ZQ==,,,,,QW5uZXR0ZQ==,,QW5uZXR0ZQ==
OCjX,,W0FubmV0dGVdCkkndmUgaGVhcmQgdGhhdCB0aGUKUmVrZW5iZXIgQmFucXVldCBIYWxsCmlzIGFsc28gdXNlZCB0byBob2xkIHdlZGRpbmdzLgpUaGF0IG11c3QgYmUgc28gd29uZGVyZnVsfg==,,,,,W0FubmV0dGVdCk91dmkgZGl6ZXIgcXVlIG8KU2Fsw6NvIGRlIEZlc3RhIGRhIFJla2VuYmVyCnRhbWLDqW0gw6kgdXNhZG8gcGFyYSByZWFsaXphciBjYXNhbWVudG9zLgpEZXZlIHNlciBtYXJhdmlsaG9zb34=,,W0FubmV0dGVdCkVzY3VjaMOpIHF1ZSBlbApTYWzDs24gZGUgYmFucXVldGVzIGRlIFJla2VuYmVyCnRhbWJpw6luIHNlIHVzYSBwYXJhIGNlbGVicmFyIGJvZGFzLgpEZWJlIHNlciBtYXJhdmlsbG9zby4=
OSjX,,W0FubmV0dGVdCkV2ZW4gaWYgaXQgaXMgbW9yZSBleHBlbnNpdmUsCkknZCB3YW50IHRvIGhhdmUgbXkgd2VkZGluZwpoZXJlLiBNYXJyaWFnZSBpcyBvbmx5IG9uY2UKaW4gYSBsaWZldGltZSwgaWRlYWxseSwgc28gSSdkCndhbnQgdG8gbWFrZSBtaW5lIHRoZSBtb3N0Cm1lbW9yYWJsZSBleHBlcmllbmNlLg==,,,,,W0FubmV0dGVdCk1lc21vIHF1ZSBzZWphIG1haXMgY2FybywKZXUgZ29zdGFyaWEgZGUgZmF6ZXIgbWV1IGNhc2FtZW50bwphcXVpLiBPIGNhc2FtZW50byBhY29udGVjZSBzw7MgdW1hIHZlem5hIHZpZGEsIGlkZWFsbWVudGUsIGVudMOjbyBldSBnb3N0YXJpYQpxdWUgbyBtZXUgZm9zc2UgYSBleHBlcmnDqm5jaWEgbWFpcwptZW1vcsOhdmVsIGRlIHRvZGFzLg==,,W0FubmV0dGVdCkF1bnF1ZSBzZWEgbcOhcyBjYXJvLAptZSBndXN0YXLDrWEgY2FzYXJtZQphcXXDrS4gRWwgbWF0cmltb25pbyBzb2xvIHNlIGNvbnRyYWUgdW5hIHZlegplbiBsYSB2aWRhLCBjb24gc3VlcnRlLCBhc8OtIHF1ZSBtZSBndXN0YXLDrWEKaGFjZXIgcXVlIGVsIG3DrW8gc2VhIHVuYQpleHBlcmllbmNpYSBpbm9sdmlkYWJsZS4=
OijX,,W0JlbmF0dXRoXQpEb3duIHRoZXJlLCB0aGUgcmVwYWlybWFuCmlzIGp1c3QgZmluaXNoaW5nIG1haW50ZW5hbmNlCm9uIG91ciBjaGFpcm1hbidzIHByaXZhdGUKQWlyc2hpcC4gQ2FuIHlvdSBpbWFnaW5lCmhhdmluZyBvbmUgb2YgdGhvc2Ugb2YgeW91cgp2ZXJ5IG93biB0byBmbHkgYXJvdW5kIGluPw==,,,,,W0JlbmF0dXRoXQpMw6EgZW1iYWl4bywgbyB0w6ljbmljbwplc3TDoSB0ZXJtaW5hbmRvIGEgbWFudXRlbsOnw6NvCm5vIGRpcmlnw612ZWwgcGFydGljdWxhciBkZSBub3NzbyBwcmVzaWRlbnRlLgpWb2PDqiBjb25zZWd1ZSBpbWFnaW5hcgp0ZXIgdW0gZGVzc2VzCnBhcmEgdm9hciBwb3IgYcOtPw==,,W0JlbmF0dXRoXQpFbCByZXBhcmFkb3IgYWjDrSBhYmFqbwplc3TDoSB0ZXJtaW5hbmRvIGVsIG1hbnRlbmltaWVudG8KZGUgbGEgYWVyb25hdmUgcHJpdmFkYSBkZSBudWVzdHJvCnByZXNpZGVudGUuIMK/VGUgaW1hZ2luYXMKdGVuZXIgdW5vIGRlIGVzb3MKcGFyYSB2b2xhciBwb3IgYWjDrT8=
OyjX,,W0JlbmF0dXRoXQpZZWFoLCB0aGUgY2hhaXJtYW4gb2YKdGhlIFJla2VuYmVyIENvcnBvcmF0aW9uLi4uCkhlJ3MgYSByZWFsbHkgcG93ZXJmdWwgcGVyc29uLgpJdCdzIGFsbW9zdCBzY2FyeSB3aGF0IGhlIGNhbgpkbyB3aXRoIGhpcyBtb25leSwgeW91IGtub3c/,,,,,W0JlbmF0dXRoXQpTaW0sIG8gcHJlc2lkZW50ZSBkYQpDb3Jwb3Jhw6fDo28gUmVrZW5iZXIuLi4KRWxlIMOpIHVtYSBwZXNzb2EgbXVpdG8gcG9kZXJvc2EuCsOJIHF1YXNlIGFzc3VzdGFkb3IgbyBxdWUgZWxlIHBvZGUKZmF6ZXIgY29tIHNldSBkaW5oZWlybywgc2FiZT8=,,W0JlbmF0dXRoXQpTw60sIGVsIHByZXNpZGVudGUgZGUKbGEgQ29ycG9yYWNpw7NuIFJla2VuYmVy4oCmCkVzIHVuYSBwZXJzb25hIG11eSBwb2Rlcm9zYS4KQ2FzaSBkYSBtaWVkbyBsbyBxdWUgcHVlZGUKaGFjZXIgY29uIHN1IGRpbmVybywgwr9zYWJlcz8=
PCjX,,UmVrZW5iZXIgR3VhcmQgRHJldw==,,,,,UmVrZW5iZXIgR3VhcmQgRHJldw==,,UmVrZW5iZXIgR3VhcmQgRHJldw==
PSjX,,W1Jla2VuYmVyIEd1YXJkIERyZXddCkR1ZGUsIGNoZWNrIGl0IG91dH4KT2ZmaWNpYWwgZ2xvc3N5IHBob3RvcwpvZiB0aGUgS2FmcmEgTGFkaWVzLiBOb3cuLi4KV2l0aCAyMCUgbW9yZSBnYXJ0ZXIgYmVsdHMh,,,,,W0d1YXJkYSBkYSBSZWtlbmJlciBEcmV3XQpDYXJhLCBkw6EgdW1hIG9saGFkYX4KRm90b3Mgb2ZpY2lhaXMgZGUgYWx0YSBxdWFsaWRhZGUKZGFzIG11bGhlcmVzIGRhIEthZnJhLiBBZ29yYS4uLgpDb20gMjAlIGEgbWFpcyBkZSBjaW50YXMtbGlnYXMh,,W0d1YXJkaWEgRHJld10KQ29sZWdhLCBtaXJhIGVzdG8uCkZvdG9zIG9maWNpYWxlcyBlbiBwYXBlbCBicmlsbGFudGUKZGUgbGFzIHNlw7Fvcml0YXMgZGUgS2FmcmEuIEFob3Jh4oCmCsKhQ29uIHVuIDIwICUgbcOhcyBkZSBsaWdhcyE=
PijX,,W1Jla2VuYmVyIEd1YXJkIFRhbl0KU28gdGhleSdyZSBhbGwgd2VhcmluZwpnYXJ0ZXIgYmVsdHMgaW4gdGhlc2U/Cldob2EsIHRoYXQgbWVhbnMgdGhleQpldmVuIGdvdCB0aGUgZ2xhc3NlcyBjaGljawp0byB3ZWFyICdlbSB0b28/IFRoYXQncyB0aGUKYmVzdCBuZXdzIEkndmUgaGVhcmQgYWxsIGRheSE=,,,,,W0d1YXJkYSBkYSBSZWtlbmJlciBUYW5dCkVudMOjbywgdG9kYXMgZWxhcyBlc3TDo28gdXNhbmRvCmNpbnRhcy1saWdhcz8KVWF1LCBpc3NvIHNpZ25pZmljYSBxdWUKZml6ZXJhbSBhdMOpIG1lc21vIGEgZ2Fyb3RhIGRlIMOzY3Vsb3N1c8OhLWxhcyB0YW1iw6ltPyBFc3NhIMOpIGEKbWVsaG9yIG5vdMOtY2lhIHF1ZSBvdXZpIGhvamUh,,W0d1YXJkaWEgVGFuXQrCv0Fzw60gcXVlIHRvZGFzIGxsZXZhbgpwdWVzdGFzIGxpZ2FzIGVuIGxhcyBmb3Rvcz8KR3VhdSwgwr9lc28gc2lnbmlmaWNhIHF1ZQpoYXN0YSBsYSBjaGljYSBkZSBnYWZhcwp0dXZvIHF1ZSBwb27DqXJzZWxhcyB0YW1iacOpbj8gwqFFc2EgZXMgbGEgbWVqb3IKbm90aWNpYSBxdWUgZXNjdWNow6kgZW4gdG9kbyBlbCBkw61hIQ==
PyjX,,W1Jla2VuYmVyIEd1YXJkIERyZXddCk9rYXkgbWFuLCB5b3Uga25vdyB0aGVzZQphcmUgbGltaXRlZCBlZGl0aW9uIGNvbGxlY3RvcidzCml0ZW1zLCBzbyBlYWNoIG9uZSBpcyB3b3J0aAozMDAsMDAwIHplbnkuIEkgbWVhbiwgSSBoYXZlCmFuIGV4dHJhIHNldCwgYnV0IEkgZG9uJ3Qga25vdwppZiB5b3UnZCB3YW5uYSBidXkgdGhlbSBvZmYtLQ==,,,,,W0d1YXJkYSBkYSBSZWtlbmJlciBEcmV3XQpDZXJ0bywgY2FyYSwgdm9jw6ogc2FiZSBxdWUgZXNzZXMKc8OjbyBpdGVucyBkZSBjb2xlY2lvbmFkb3IgZGUgZWRpw6fDo28gbGltaXRhZGFlbnTDo28gY2FkYSB1bSB2YWxlCjMwMC4wMDAgemVueS4gUXVlcm8gZGl6ZXIsIGV1IHRlbmhvCnVtIGNvbmp1bnRvIHNvYnJhbmRvLCBtYXMgbsOjbyBzZWkKc2Ugdm9jw6ogZ29zdGFyaWEgZGUgY29tcHLDoS1sby4uLg==,,W0d1YXJkaWEgRHJld10KQnVlbm8sIHNhYmVzIHF1ZSBlc3Rvcwpzb24gb2JqZXRvcyBkZSBlZGljacOzbiBsaW1pdGFkYSBwYXJhCmNvbGVjY2lvbmlzdGFzLCBwb3IgbG8gcXVlIGNhZGEgdW5hIHZhbGUKMzAwMDAwIHplbnkuIExhIHZlcmRhZCBlcyBxdWUgdGVuZ28KdW4ganVlZ28gZXh0cmEsIHBlcm8gbm8gc8OpIApzaSBxdWllcmVzIGNvbXByYXJsYXPigKY=
QCjX,,W1Jla2VuYmVyIEd1YXJkIFRhbl0KSSdsbCB0YWtlIHRoZW0gYWxsLgpXYWl0LCBhbGwgb2YgdGhlbSBleGNlcHQKZm9yIHRoYXQgeW91bmcga2lkLiBKdXN0IHRoZQppZGVhIG9mIGhhdmluZyBoZXIgZ2xhbW91cgpwaG90byBhcm91bmQgc3RyaWtlcyBtZSBhcy4uLgpZZWFoLiAgWWVhaCwgaXQncyBubyBnb29kLg==,,,,,W0d1YXJkYSBkYSBSZWtlbmJlciBUYW5dClZvdSBwZWdhciB0b2RvcyBlbGVzLgpFc3BlcmEsIHRvZG9zLCBleGNldG8KZGFxdWVsYSBqb3ZlbS4gU8OzIGEKaWRlaWEgZGUgdGVyIGEgZm90byBnbGFtb3Vyb3NhCmRlbGEgcG9yIGHDrSBtZSBwYXJlY2UuLi4Kw4kuIFBvaXMgw6ksIG7Do28gw6kgYm9tLg==,,W0d1YXJkaWEgVGFuXQpNZSBsYXMgbGxldm8gdG9kYXMuCkVzcGVyYSwgdG9kYXMgbWVub3MKbGFzIGRlIGVzYSBqb3ZlbmNpdGEuIExhIHNvbGEgaWRlYSBkZSB0ZW5lcgp1bmEgZm90byBnbGFtb3Jvc2EgZGUgZWxsYQplbnRyZSBtaXMgY29zYXMgc3VlbmEgdW4gcG9jb+KApgpTw60uICBTw60sIG5vIGVzdGFyw61hIGJpZW4u
QSjX,,UmVrZW5iZXIgR3VhcmQgVGFu,,,,,R3VhcmRhIGRhIFJla2VuYmVyIFRhbg==,,UmVrZW5iZXIgR3VhcmQgVGFu
QijX,,W1Jla2VuYmVyIEd1YXJkIFRhbl0KV2hvYSwgd2hvYS4gTm93IHRoaXMuLi4KVGhpcyBpcyBhcnQuIFRoZSBsaWdodGluZywKdGhlIGFuZ2xlLCB0aGUuLi4gdGhlLi4uCnN1YmplY3QgbWF0dGVyLiBPaCB5ZXMu,,,,,W0d1YXJkYSBkYSBSZWtlbmJlciBUYW5dCkVpdGEsIGVpdGEuIEFnb3JhIGlzc28uLi4KSXNzbyDDqSBhcnRlLiBBIGlsdW1pbmHDp8OjbywKbyDDom5ndWxvLCBvLi4uIG8uLi4KYXNzdW50by4gQWgsIHNpbS4=,,W0d1YXJkaWEgVGFuXQrCoUd1YXUsIGd1YXUhIEFob3JhLCBlc3Rv4oCmCkVzdG8gZXMgYXJ0ZS4gTGEgaWx1bWluYWNpw7NuLAplbCDDoW5ndWxvLCBlbOKApiBlbOKApgpvYmpldG8gZGUgZXN0dWRpby4gQWgsIHPDrS4=
QyjX,,W1Jla2VuYmVyIEd1YXJkIERyZXddCk1hbiwgdGhlc2Ugb2ZmaWNpYWxseSBsaWNlbnNlZApLYWZyYSBMYWR5IGdsb3NzaWVzLi4uIFRoZXkncmUKd29ydGggZXZlcnkgemVueSB3ZSBwYWlkLiBTYXkKZ29vZGJ5ZSBTd2ltc3VpdCBDYWxlbmRhciwKYW5kIGhlbGxvb29vbyBLYWZyYSBMZWlsYWh+,,,,,W0d1YXJkYSBkYSBSZWtlbmJlciBEcmV3XQpDYXJhLCBlc3NhcyBmb3RvcyBvZmljaWFsbWVudGUgbGljZW5jaWFkYXMgZGEKc2VuaG9yYSBLYWZyYS4uLiBFbGFzCnZhbGVtIGNhZGEgemVueSBxdWUgcGFnYW1vcy4gRGlnYQphZGV1cyBhbyBDYWxlbmTDoXJpbyBkYXMgTmFkYWRvcmFzLAplIG9sw6HDocOhIMOgIEthZnJhIExlaWxhaH4=,,W0d1YXJkaWEgRHJld10KQW1pZ28sIGVzdGFzIGZvdG9zIGJyaWxsYW50ZXMKZGUgbGFzIHNlw7Fvcml0YXMgZGUgS2FmcmHigKYgVmFsZW4KaGFzdGEgZWwgw7psdGltbyB6ZW55IHF1ZSBwYWdhbW9zLiBBZGnDs3MsCmNhbGVuZGFyaW8gZGUgdHJhamVzIGRlIGJhw7FvCnkgaG9sYSwgTGVpbGFoIGRlIEthZnJhLg==
RCjX,,W1Jla2VuYmVyIEd1YXJkIFRhbl0KTGVpbGFoPyBPaCwgeW91IG1lYW4KdGhlIGdsYXNzZXMgY2hpY2s/IER1ZGUuLi4KRHVkZS4gU2hlJ3MgbXkgZmF2b3JpdGUgdG9vIQ==,,,,,W0d1YXJkYSBkYSBSZWtlbmJlciBUYW5dCkxlaWxhaD8gQWgsIHZvY8OqIHF1ZXIgZGl6ZXIKYSBnYXJvdGEgZGUgw7NjdWxvcz8gQ2FyYS4uLgpDYXJhLiBFbGEgdGFtYsOpbSDDqSBtaW5oYSBmYXZvcml0YSE=,,W0d1YXJkaWEgVGFuXQrCv0xlaWxhaD8gQWgsIMK/dGUgcmVmaWVyZXMKYSBsYSBjaGljYSBkZSBnYWZhcz8gQ2llbG9z4oCmCkNpZWxvcy4gwqFUYW1iacOpbiBlcyBtaSBmYXZvcml0YSE=
RSjX,,RGVsbmE=,,,,,RGVsbmE=,,RGVsbmE=
RijX,,W0RlbG5hXQpTb21ldGltZXMgdGhlIHNpbXBsZQpwbGVhc3VyZXMgY2FuIGdpdmUgeW91CnRoZSBtb3N0IGhhcHBpbmVzcy4gRm9yIG1lLApnb2luZyBvdXRzaWRlIGFuZCBiYXNraW5nIGluCnRoZSBzdW4gaXMgdGhlIGdyZWF0ZXN0IHRoaW5nfg==,,,,,W0RlbG5hXQrDgHMgdmV6ZXMsIG9zIHNpbXBsZXMKcHJhemVyZXMgcG9kZW0gbGhlIGRhcgphIG1haW9yIGZlbGljaWRhZGUuIFBhcmEgbWltLApzYWlyIGRlIGNhc2EgZSB0b21hciBzb2wKw6kgYSBtZWxob3IgY29pc2EgcXVlIGV4aXN0ZX4=,,W0RlbG5hXQpBIHZlY2VzIGxvcyBwbGFjZXJlcwpzaW1wbGVzIHB1ZWRlbiBkYXJ0ZQpsYSBtYXlvciBmZWxpY2lkYWQuIFBhcmEgbcOtLApzYWxpciBhIGRpc2ZydXRhciBkZWwgc29sCmVzIGxvIG1lam9yIHF1ZSBoYXku
RyjX,,W0RlbG5hXQpZZXMsIHN1bmJhdGhpbmcgaW4gYSBxdWlldAphbmQgcmVsYXhpbmcgcGxhY2UgY2FuIGJlCnNvIHJlZnJlc2hpbmcuIEFuZCBpZiB5b3UncmUKY2FyZWZ1bCBhYm91dCBub3QgZ2V0dGluZyBhCnN1bmJ1cm4gb3IgYSB0YW4sIGEgbGl0dGxlIHN1bgpjYW4gYmUgcmVhbGx5IGdvb2QgZm9yIHlvdS4=,,,,,W0RlbG5hXQpTaW0sIHRvbWFyIHNvbCBlbSB1bSBsdWdhciBjYWxtb2UgcmVsYXhhbnRlIHBvZGUgc2VyCm11aXRvIHJldmlnb3JhbnRlLiBFIHNlIHZvY8OqIHRvbWFyCmN1aWRhZG8gcGFyYSBuw6NvIHNvZnJlcgpxdWVpbWFkdXJhcyBzb2xhcmVzIG91IGRlIGJyb256ZWFtZW50bywgdW0gcG91Y28gZGUgc29sCnBvZGUgc2VyIG11aXRvIGJvbSBwYXJhIHZvY8OqLg==,,W0RlbG5hXQpTw60sIHRvbWFyIHNvbCBlbiB1biBsdWdhciByZWxhamFudGUKeSB0cmFucXVpbG8gcHVlZGUgc2VyCm11eSByZWZyZXNjYW50ZS4gWSBzaSB0aWVuZXMKY3VpZGFkbyBkZSBubyBxdWVtYXJ0ZSBtdWNobwpvIGJyb25jZWFydGUsIHVuIHBvY28gZGUgc29sCnB1ZWRlIHNlciBtdXkgYnVlbm8gcGFyYSB0aS4=
SCjX,,Um9ja3k=,,,,,Um9ja3k=,,Um9ja3k=
SSjX,,W1JvY2t5XQpXb29mIHdvb2Yh,,,,,W1JvY2t5XQpBdSwgYXUh,,W1JvY2t5XQrCoUd1YXUsIGd1YXUh
SijX,,W1JvY2t5XQpHcnJycnJyci4uLg==,,,,,W1JvY2t5XQpHcnJycnJycnJyLi4u,,W1JvY2t5XQpHcnJycnJy4oCm
SyjX,,SG91c2VtYWlkIEphbmU=,,,,,RW1wcmVnYWRhIERvbcOpc3RpY2EgSmFuZQ==,,SG91c2VtYWlkIEphbmU=
TCjX,,W0hvdXNlbWFpZCBKYW5lXQpUaGlzIGhvdXNlIGlzIGVub3Jtb3VzLi4uCkl0J3MgY2xlYXJseSBtdWNoIHRvbyBiaWcKZm9yIGEgcmVndWxhcmx5IHNpemVkIGZhbWlseS4KQW5kIGl0IHRha2VzIG1lIGZvcmV2ZXIgdG8KbWFrZSBzdXJlIHRoYXQgaXQgc3RheXMgY2xlYW4h,,,,,W0VtcHJlZ2FkYSBEb23DqXN0aWNhIEphbmVdCkVzdGEgY2FzYSDDqSBlbm9ybWUuLi4Kw4kgY2xhcmFtZW50ZSBtdWl0byBncmFuZGUKcGFyYSB1bWEgZmFtw61saWEgZGUgdGFtYW5obyBub3JtYWwuCkUgZXUgbGV2byB1bWEgZXRlcm5pZGFkZSBwYXJhCmdhcmFudGlyIHF1ZSBlbGEgZmlxdWUgbGltcGEh,,W0NyaWFkYSBKYW5lXQpFc3RhIGNhc2EgZXMgZW5vcm1l4oCmCkNsYXJhbWVudGUgZXMgZGVtYXNpYWRvIGdyYW5kZQpwYXJhIHVuYSBmYW1pbGlhIGRlIHRhbWHDsW8gbm9ybWFsLgrCoVkgbWUgbGxldmEgdW5hIGV0ZXJuaWRhZAphc2VndXJhcm1lIGRlIHF1ZSBxdWVkZSBsaW1waWEh
TSjX,,W0hvdXNlbWFpZCBKYW5lXQpJdCdzIG5vdCBlYXN5IGtlZXBpbmcKdGhpbmdzIG5lYXQgYW5kIHRpZHkgd2hlbgp5b3UncmUgcmVzcG9uc2libGUgZm9yIGFjcmVzCm9mIGluZG9vciBsaXZpbmcgc3BhY2UuIEJlaW5nCmEgbWFpZCBjYW4gYmUgcHJldHR5IGhhcmQuLi4=,,,,,W0VtcHJlZ2FkYSBEb23DqXN0aWNhIEphbmVdCk7Do28gw6kgZsOhY2lsIG1hbnRlcgphcyBjb2lzYXMgbGltcGFzIGUgYXJydW1hZGFzIHF1YW5kbwpzZSDDqSByZXNwb25zw6F2ZWwgcG9yIGhlY3RhcmVzCmRlIGVzcGHDp28gaW50ZXJuby4gU2VyCnVtYSBlbXByZWdhZGEgZG9tw6lzdGljYSBwb2RlIHNlciBtdWl0byBkaWbDrWNpbC4uLg==,,W0NyaWFkYSBKYW5lXQpObyBlcyBmw6FjaWwgbWFudGVuZXIKbGFzIGNvc2FzIGxpbXBpYXMgeSBvcmRlbmFkYXMgY3VhbmRvCmVyZXMgbGEgcmVzcG9uc2FibGUgZGUgYWNyZXMKZGUgZXNwYWNpbyBoYWJpdGFibGUgZGUgaW50ZXJpb3Jlcy4gU2VyCnVuYSBjcmlhZGEgcHVlZGUgc2VyIGJhc3RhbnRlIGR1cm/igKY=
TijX,,SmF5,,,,,SmF5,,SmF5
TyjX,,W0pheV0KTXkgbW9tbXkgYW5kIGRhZGR5CmFsd2F5cyBjb21lIGhvbWUgbGF0ZS4KU28gSSBlYXQgZGlubmVyIGFsb25lLgpBbGwgYnkgbXlzZWxmLiBFdmVyeWRheS4=,,,,,W0pheV0KTWluaGEgbcOjZSBlIG1ldSBwYWkKc2VtcHJlIGNoZWdhbSB0YXJkZSBlbSBjYXNhLgpFbnTDo28gbsOjbyB0ZW0gbmluZ3XDqW0gcHJhIGphbnRhciBjb21pZ28uClPDsyBldS4gVG9kb3Mgb3MgZGlhcy4=,,W0pheV0KTWkgbWFtw6EgeSBtaSBwYXDDoSAKc2llbXByZSBsbGVnYW4gdGFyZGUgYSBjYXNhLgpBc8OtIHF1ZSBjZW5vIGVuIHNvbGVkYWQuClNpbiBjb21wYcOxw61hLiBUb2RvcyBsb3MgZMOtYXMu
UCjX,,W0pheV0KRm9vZCBkb2Vzbid0IHRhc3RlIGFzCmdvb2Qgd2hlbiB5b3UncmUgbm90CmVhdGluZyB3aXRoIGFueWJvZHkuCk1heWJlIEknbSBqdXN0IGxvbmVseS4=,,,,,W0pheV0KQSBjb21pZGEgbsOjbyB0ZW0gbyBtZXNtbyBzYWJvcgpnb3N0b3NvIHF1YW5kbyBuw6NvIHRlbQpuaW5ndcOpbSBwYXJhIGNvbWVyIGNvbSB2b2PDqi4KVGFsdmV6IGV1IHNlamEgYXBlbmFzIGNhcmVudGUu,,W0pheV0KTGEgY29taWRhIG5vIHNhYmUgdGFuCmJpZW4gY3VhbmRvIG5vIGxhIGNvbWVzCmNvbiBhbGd1aWVuLgpPIHRhbCB2ZXogbWUgc2llbnRvIG11eSBzb2xvLg==
USjX,,SG91c2VtYWlkIEJyZW5kYQ==,,,,,RW1wcmVnYWRhIERvbcOpc3RpY2EgQnJlbmRh,,SG91c2VtYWlkIEJyZW5kYQ==
UijX,,W0hvdXNlbWFpZCBCcmVuZGFdCkkgYmV0dGVyIGR1c3QgZXh0cmEKZ2VudGx5IGFyb3VuZCB0aGlzIHZhc2UuCkl0J3Mgd29ydGggdGVuIG1pbGxpb24gemVueQphbmQgaWYgaXQgd2VyZSB0by0tIE5vLiBObyEKSSdtIG5vdCBldmVuIGdvaW5nIHRvIHRoaW5rIGl0IQ==,,,,,W0VtcHJlZ2FkYSBEb23DqXN0aWNhIEJyZW5kYV0Kw4kgbWVsaG9yIGV1IHRpcmFyIG8gcMOzCmNvbSBtYWlzIGN1aWRhZG8gYW8gcmVkb3IgZGVzc2UgdmFzby4KRWxlIHZhbGUgZGV6IG1pbGjDtWVzIGRlIHplbnkKZSBzZSBlbGUuLi4gTsOjby4gTsOjbyEKTmVtIHZvdSBwZW5zYXIgbmlzc28h,,W0NyaWFkYSBCcmVuZGFdCk1lam9yIHNhY3VkbyBlbCBwb2x2byBkZSBlc3RlIGphcnLDs24KY29uIGV4dHJlbWEgcHJlY2F1Y2nDs24uClZhbGUgZGlleiBtaWxsb25lcyBkZSB6ZW55LAp5IHNpIGZ1ZXJhIGHigKYgTm8uIMKhTm8hCsKhTmkgc2lxdWllcmEgdm95IGEgcGVuc2FybG8h
