YECfBg,,SGlnaCBCaXNob3A=,,,,,QmlzcG8=,,QWx0byBvYmlzcG8=
YUCfBg,,WW91IHNlZW0gdG8gaGF2ZSBjb21lIHRoaXMgZmFyIGJlY2F1c2Ugb2YgYSBzcGVjaWFsIGV2ZW50Lg==,,,,,Vm9jw6ogcGFyZWNlIHRlciBjaGVnYWRvIGF0w6kgYXF1aSBwb3IgY2F1c2EgZGUgdW0gZXZlbnRvIGVzcGVjaWFsLg==,,UGFyZWNlIHF1ZSBoYXMgbGxlZ2FkbyB0YW4gbGVqb3MgZGViaWRvIGEgdW4gZXZlbnRvIGVzcGVjaWFsLg==
YkCfBg,,XjRENERGRiBZb3UgY2FuIHN1bW1vbiBhIHNlcnZpY2UgbnBjIGZvciBqb2IgY2hhbmdlLg==,,,,,XjRENERGRiBWb2PDqiBwb2RlIGNvbnZvY2FyIHVtIG5wYyBkZSBzZXJ2acOnbyBwYXJhIG11ZGFuw6dhIGRlIGNsYXNzZS4=,,XjRENERGRiBQdWVkZXMgaW52b2NhciBhIHVuIFBOSiBkZSBzZXJ2aWNpbyBwYXJhIGVsIGNhbWJpbyBkZSBjbGFzZS4=
Y0CfBg,,U3VtbW9uIGEgc2VydmljZSBucGMgZm9yIGEgam9iIGNoYW5nZS4=,,,,,Q29udm9jYXIgdW0gbnBjIGRlIHNlcnZpw6dvIHBhcmEgdW1hIG11ZGFuw6dhIGRlIGNsYXNzZS4K,,SW52b2NhIGEgdW4gUE5KIGRlIHNlcnZpY2lvIHBhcmEgdW4gY2FtYmlvIGRlIGNsYXNlLg==
ZECfBg,,cmVmdXNlLg==,,,,,cmVjdXNhci4=,,UmVjaGF6YXIu
ZUCfBg,,XjRENERGRiBZb3UgY2FuIHN1bW1vbiBhIHNlcnZpY2UgbnBjIGZvciBqb2IgY2hhbmdlLgpUaGUgM3JkIGpvYiBjaGFuZ2UgY2FuIGJlIGRvbmUgaW4gZWFjaCBqb2IgZ3VpbGQuXjAwMDAwMA==,,,,,XjRENERGRiBWb2PDqiBwb2RlIGNvbnZvY2FyIHVtIG5wYyBkZSBzZXJ2acOnbyBwYXJhIG11ZGFuw6dhIGRlIGVtcHJlZ28uCkEgdGVyY2VpcmEgbXVkYW7Dp2EgZGUgZW1wcmVnbyBwb2RlIHNlciBmZWl0YSBlbSBjYWRhIGd1aWxkYSBkZSBlbXByZWdvLg==,,XjRENERGRiBQdWVkZXMgaW52b2NhciBhIHVuIFBOSiBkZSBzZXJ2aWNpbyBwYXJhIGVsIGNhbWJpbyBkZSBjbGFzZS4KRWwgdGVyY2VyIGNhbWJpbyBkZSBjbGFzZSBzZSBwdWVkZSBoYWNlciBlbiBjYWRhIGdyZW1pbyBkZSBjbGFzZS5eMDAwMDAw
ZkCfBg,,W0Jpc2hvcCBQYXVsXQpIbS4uLj8KQWgsIEkgc2Vuc2UgdGhhdCB5b3UgYXJlIGEgd2FycmlvciB0aGF0IGhhcyBiZWVuIHRvIFZhbGhhbGxhLiBZb3Ugd2hvIGhhdmUgYmVlbiByZWJvcm4uLi4gV2UgYXJlIGhlcmUgdG8gbG9vayBhZnRlciB5b3Uu,,,,,W0Jpc3BvIFRvbcOhc10KVm9jw6ogZm9pIHJlbmFzY2lkbyBlLCB1bWEgdmV6IG1haXMsIHZpdmUgbmVzdGUgbXVuZG8uCkEgaWdyZWphIGRlIFByb250ZXJhIGVzcGVyYSBwb3Igdm9jw6ou,,W09iaXNwbyBQYXVsXQrCv01tbT8KQWgsIHNpZW50byBxdWUgdHUgYWxtYSBndWVycmVyYSB5YSBoYSBlc3RhZG8gZW4gZWwgVmFsaGFsbGEuIFTDuiBxdWUgaGFzIHJlbmFjaWRv4oCmIEVzdGFtb3MgYXF1w60gcGFyYSBjdWlkYXIgZGUgdGku
Z0CfBg,,W0Jpc2hvcCBQYXVsXQpEbyBub3QgbGV0IGV2aWwgY29ucXVlciB5b3VyIHNvdWwuIFlvdSBoYXZlIGVub3VnaCBjb3VyYWdlIGFuZCBwb3dlciB0byBvdmVyY29tZSB0aGUgaGFyZGVzdCBzaXR1YXRpb24uIE1heSBHb2QgYmxlc3MgeW91Li4u,,,,,W0Jpc3BvIFRvbcOhc10KTsOjbyB0ZW1hIG9zIGp1bGdhbWVudG9zLgpWb2PDqiB0ZW0gZm9yw6dhIGUgY29yYWdlbSBwYXJhIHN1cGVyw6EtbG9zLgpEZXVzIGFiZW7Dp29lIHZvY8OqLi4u,,W09iaXNwbyBQYXVsXQpObyBkZWplcyBxdWUgZWwgbWFsIGNvbnF1aXN0ZSB0dSBhbG1hLiBUaWVuZXMgZWwgdmFsb3IgeSBlbCBwb2RlciBzdWZpY2llbnRlcyBwYXJhIHN1cGVyYXIgZWwgbcOhcyBkaWbDrWNpbCBkZSBsb3MgcHJvYmxlbWFzLiBRdWUgbG9zIGRpb3NlcyB0ZSBjdWlkZW7igKY=
aECfBg,,W0Jpc2hvcCBQYXVsXQpBaC4uLg==,,,,,W0Jpc3BvIFRvbcOhc10KQWguLi4=,,W09iaXNwbyBQYXVsXQpBaOKApg==
aUCfBg,,SXQgaXMgZ29vZCB0byBzZWUgeW91IGFnYWluLCBCcm90aGVyIHt9LiBPbmNlIGFnYWluLCBHb2QncyBncmFjZSBoYXMgY2F1c2VkIG91ciBwYXRocyB0byBjcm9zcy4=,,,,,W0Jpc3BvIFRvbcOhc10KRGV1cyB0ZSBhYmVuw6dvZSwgaXJtw6NvLgpPIFNlbmhvciBvIHRyb3V4ZSBhdMOpIG1pbS4=,,TWUgYWxlZ3JvIGRlIHZvbHZlciBhIHZlcnRlLCBoZXJtYW5vIHt9LiBVbmEgdmV6IG3DoXMsIGxhIGdyYWNpYSBkZSBsb3MgZGlvc2VzIGhhIGhlY2hvIHF1ZSBudWVzdHJvcyBjYW1pbm9zIHNlIGNydXphcmFuLg==
akCfBg,,SXQgaXMgZ29vZCB0byBzZWUgeW91IG9uY2UgYWdhaW4sIFNpc3RlciB7fS4gVGhlIGdyYWNlIG9mIEdvZCBoYXMgYnJvdWdodCB5b3Ugb25jZSBtb3JlIGJlZm9yZSBtZS4=,,,,,W0Jpc3BvIFRvbcOhc10KRGV1cyB0ZSBhYmVuw6dvZSwgaXJtw6MuCk8gU2VuaG9yIGEgdHJvdXhlIGF0w6kgbWltLg==,,TWUgYWxlZ3JvIGRlIHZvbHZlciBhIHZlcnRlLCBoZXJtYW5hIHt9LiBMYSBncmFjaWEgZGUgbG9zIGRpb3NlcyBub3MgaGEgcmV1bmlkbyB1bmEgdmV6IG3DoXMu
a0CfBg,,W0Jpc2hvcCBQYXVsXQpJJ20gcGxlYXNlZCB0byBzZWUgdGhhdCB5b3UgYXJlIGNvbnRpbnVpbmcgdG8gbGVhZCB0aGUgY2hpbGRyZW4gb2YgR29kIG9uIHRoZSByaWdodCBwYXRoLiBJcyB0aGVyZSBhbnl0aGluZyBJIGNhbiBoZWxwIHlvdSB3aXRoIHRvZGF5Pw==,,,,,W0Jpc3BvIFRvbcOhc10KU2VtcHJlIGZpY28gZmVsaXogZW0gdmVyIG91dHJvcyBzZWd1aWRvcmVzIGRhIEbDqS4KTyBxdWUgbyB0cm91eGUgYXF1aT8=,,W09iaXNwbyBQYXVsXQpNZSBhbGVncmEgdmVyIHF1ZSBzaWd1ZXMgZ3VpYW5kbyBhIGxvcyBoaWpvcyBkZSBsb3MgZGlvc2VzIHBvciBlbCBidWVuIGNhbWluby4gwr9QdWVkbyBheXVkYXJ0ZSBlbiBhbGdvIGhveT8=
bECfBg,,SG93IGlzIHlvdXIgaGVhbHRoPw==,,,,,Q29tbyBlc3TDoSBzdWEgc2HDumRlPw==,,wr9Dw7NtbyBlc3TDoSB0dSBzYWx1ZD8=
bUCfBg,,SSB3YW50IHRvIGhlbHAgdGhpcyBBY29seXRlLg==,,,,,UXVlcm8gYWp1ZGFyIGVzc2UgTm92acOnby4=,,UXVpZXJvIGF5dWRhciBhIGVzdGUgQWPDs2xpdG8u
bkCfBg,,RmF0aGVyLCBJIG5lZWQgeW91ciBoZWxwLg==,,,,,UGFkcmUsIHByZWNpc28gZGUgc3VhIGFqdWRhLg==,,UGFkcmUsIG5lY2VzaXRvIHR1IGF5dWRhLg==
b0CfBg,,W0Jpc2hvcCBQYXVsXQpUaGFuayB5b3UgZm9yIHlvdXIgY29uY2Vybi4gSSdtIGRvaW5nIGZpbmUgYW5kIGFtIGluIGdvb2QgaGVhbHRoLiBQbGVhc2UgZ2l2ZSBteSByZWdhcmRzIHRvIHlvdXIgYnJvdGhlcnMgYW5kIHNpc3RlcnMu,,,,,W0Jpc3BvIFRvbcOhc10Kw4kgbWVzbW8/IE1hcyBxdWUgc2ltcGF0aWNvIGRhIHN1YSBwYXJ0ZSEKU3VhIGNvbXBhbmhpYSDDqSBzZW1wcmUgYmVtLXZpbmRhIQ==,,W09iaXNwbyBQYXVsXQpHcmFjaWFzIHBvciB0dSBwcmVvY3VwYWNpw7NuLiBFc3RveSBiaWVuIHkgZ296byBkZSBidWVuYSBzYWx1ZC4gU2FsdWRhIGEgdHVzIGhlcm1hbm9zIHkgaGVybWFuYXMgZGUgbWkgcGFydGUu
cECfBg,,W0Jpc2hvcCBQYXVsXQpLZWVwIGluIG1pbmQgdGhhdCB3ZSBhcmUgR29kJ3MgbWVzc2VuZ2VycyBvbiB0aGlzIEVhcnRoLiBBbHdheXMgcmVtZW1iZXIgdGhhdCB3ZSBtdXN0IGFsd2F5cyBoZWxwIG90aGVycy4=,,,,,W0Jpc3BvIFRvbcOhc10KRXUgbGhlIG9mZXJlY2lhIGNow6EsIHBvcsOpbSBlc3RhbW9zIGVtIGZhbHRhLgpWb2PDqiBwcmVjaXNhIGFjYWJhciBjb20gb3MgbW9udHJvcyBxdWUgZG9taW5hbSBub3NzbyBtdW5kbywgcGFyYSBxdWUgZXUgcG9zc2EgdGVyIGNow6Egbm92YW1lbnRlIQ==,,W09iaXNwbyBQYXVsXQpSZWN1ZXJkYSBxdWUgc29tb3MgbWVuc2FqZXJvcyBkZSBsb3MgZGlvc2VzIGVuIGVzdGEgVGllcnJhLiBSZWN1ZXJkYSBzaWVtcHJlIHF1ZSBkZWJlbW9zIGF5dWRhciBhIGxvcyBkZW3DoXMu
cUCfBg,,W0Jpc2hvcCBQYXVsXQpBaCwgdGhhdCdzIGEgZ29vZCBpZGVhLiBIZWxwaW5nIHlvdW5nIEFjb2x5dGVzIHNob3VsZCBhbHNvIGJlIG9uZSBvZiBhIFByaWVzdCdzIHByaW9yaXRpZXMu,,,,,W0Jpc3BvIFRvbcOhc10KTWFzIMOpIGNsYXJvIHF1ZSB2b2PDqiBxdWVyPyBWb2PDqiBzZSB0b3Jub3UgdW0gU2FjZXJkb3RlIHBhcmEgaXNzbyEKRSBjb21vIFNhY2VyZG90ZSB2b2PDqiBkZXZlIGFqdWRhciBvcyBOb3Zpw6dvcyBxdWUgcHJldGVuZGVtIHNlciBjb21vIHZvY8OqLg==,,W09iaXNwbyBQYXVsXQpBaCwgZXMgdW5hIGJ1ZW5hIGlkZWEuIEF5dWRhciBhIGxvcyBqw7N2ZW5lcyBBY8OzbGl0b3MgdGFtYmnDqW4gZGViZSBzZXIgdW5hIGRlIGxhcyBwcmlvcmlkYWRlcyBkZSB1biBTYWNlcmRvdGUu
ckCfBg,,W0Jpc2hvcCBQYXVsXQpIb3dldmVyLCB0aGVyZSBhcmUgY2VydGFpbiB0aGluZ3MgdGhhdCBhbiBBY29seXRlIG11c3QgZG8gYWxvbmUuIEFsbCBBY29seXRlcyBtdXN0IGNvbXBsZXRlIHRoZWlyIGRpdmluZSB0ZXN0IGJ5IHRoZW1zZWx2ZXMu,,,,,W0Jpc3BvIFRvbcOhc10KTGVtYnJlLXNlIGRvIHF1ZSBvIG5vc3NvIHNlbmhvciBub3MgZGlzc2U6IE7Do28gZGV2ZW1vcyBlbnRyZWdhci1saGUgbyBwZWl4ZSwKTWFzIHNpbSwgZW5zaW7DoS1sbyBjb21vIHBlc2PDoS1sby4=,,W09iaXNwbyBQYXVsXQpTaW4gZW1iYXJnbywgaGF5IGNpZXJ0YXMgY29zYXMgcXVlIHVuIEFjw7NsaXRvIGRlYmUgaGFjZXIgc2luIGF5dWRhLiBUb2RvcyBsb3MgQWPDs2xpdG9zIGRlYmVuIGNvbXBsZXRhciBzdSBwcnVlYmEgZGl2aW5hIHNpbiBheXVkYS4=
c0CfBg,,W0Jpc2hvcCBQYXVsXQpJIGhvcGUgeW91IHdpbGwgYXNzaXN0IHlvdXIgQWNvbHl0ZSBmcmllbmQgaW4gdGhlIHNlY29uZCB0ZXN0LCB0aGUgc3Bpcml0dWFsIHRyYWluaW5nLg==,,,,,W0Jpc3BvIFRvbWFzXQpFc3Blcm8gcXVlIHZvY8OqIGFqdWRlIHNldSBhbWlnbyBOb3Zpw6dvIG5vIHNlZ3VuZG8gdGVzdGUsIG8gRXhvcmNpc21vLg==,,W09iaXNwbyBQYXVsXQpFc3Blcm8gcXVlIGF5dWRlcyBhIHR1IGNvbGVnYSBBY8OzbGl0byBlbiBsYSBzZWd1bmRhIHBydWViYSwgZWwgZW50cmVuYW1pZW50byBlc3Bpcml0dWFsLg==
dECfBg,,W0Jpc2hvcCBQYXVsXQpZb3UgbmVlZCB0byBicmluZyBeMDAwMEZGMSBSb3NhcnleMDAwMDAwIGluIG9yZGVyIHRvIGFjY29tcGFueSBhbiBBY29seXRlIGluIHNwaXJpdHVhbCB0cmFpbmluZy4gSWYgeW91IGhhdmUgb25lIG9mIHRob3NlLCBJIGNhbiBzZW5kIHlvdSB0byB0aGUgdGVzdCBhcmVhIG5vdy4=,,,,,W0Jpc3BvIFRvbWFzXQpWb2PDqiBwb2RlIGFqdWRhciBvcyBOb3Zpw6dvcyBlbSB1bSBkb3MgdGVzdGVzLCBvIGRlIEV4b3JjaXNtby4KVm9jw6ogcHJlY2lzYSB0ZXIgdW0gXjAwMDBDRFJvc8OhcmlvXjAwMDAwMCBwYXJhIGlzc28u,,W09iaXNwbyBQYXVsXQpFcyBuZWNlc2FyaW8gdHJhZXIgXkZGMDAwMDFSb3NhcmlvXjAwMDAwMCBwYXJhIHBvZGVyIGFjb21wYcOxYXIgYSB1biBBY8OzbGl0byBlbiBlbCBlbnRyZW5hbWllbnRvIGVzcGlyaXR1YWwuIFNpIHRpZW5lcyB1bm8gZGUgZXNvcywgcHVlZG8gZW52aWFydGUgYSBsYSB6b25hIGRlIGxhIHBydWViYSBhaG9yYS4=
dUCfBg,,W0Jpc2hvcCBQYXVsXQpEbyB5b3Ugd2lzaCB0byBoZWxwIGhpbSBvdXQgZHVyaW5nIHRoZSBzcGlyaXR1YWwgdHJhaW5pbmc/,,,,,W0Jpc3BvIFRvbcOhc10KVm9jw6ogZGVzZWphIGFqdWRhciBvcyBOb3Zpw6dvcz8=,,W09iaXNwbyBQYXVsXQrCv1F1aWVyZXMgYXl1ZGFybG8gZHVyYW50ZSBzdSBlbnRyZW5hbWllbnRvIGVzcGlyaXR1YWw/
dkCfBg,,WWVzLCBJIGRvLg==,,,,,U2ltIQ==,,U8OtLCBzw60gcXVpZXJvLg==
d0CfBg,,R2l2ZSBtZSBhIHNlY29uZC4=,,,,,TWUgZMOqIGFsZ3VtIHRlbXBvIHBhcmEgbWUgcHJlcGFyYXIu,,RGFtZSB1biBzZWd1bmRvLg==
eECfBg,,W0Jpc2hvcCBQYXVsXQpJIHdpbGwgbm93IHNlbmQgeW91IHRvIHRoZSB0cmFpbmluZyBwbGFjZSBmb3IgQWNvbHl0ZXMuIFBsZWFzZSBzZW5kIG15IHJlZ2FyZHMgdG8gQnJvdGhlciBQZXRlci4uLg==,,,,,W0Jpc3BvIFRvbcOhc10KRXUgdm91IG1hbmTDoS1sbyBwYXJhIG8gY2FtcG8gZGUgdGVzdGVzLgpBanVkZSBvcyBOb3Zpw6dvcyBhIHNlciB0b3JuYXJlbSBib25zIFNhY2VyZG90ZXMu,,W09iaXNwbyBQYXVsXQpBaG9yYSB0ZSBlbnZpYXLDqSBhbCBsdWdhciBkZSBlbnRyZW5hbWllbnRvIHBhcmEgQWPDs2xpdG9zLiBQb3IgZmF2b3IsIGVudsOtYWxlIG1pcyBzYWx1ZG9zIGFsIGhlcm1hbm8gUGV0ZXLigKY=
eUCfBg,,W0Jpc2hvcCBQYXVsXQpJIGhvcGUgeW91IHdpbGwgYXNzaXN0IHRoaXMgQWNvbHl0ZSBpbiBiZWNvbWluZyBhIFByaWVzdC4=,,,,,W0Jpc3BvIFRvbcOhc10KRSBtYW5kZSBtaW5oYSBiZW7Dp8OjbyBwYXJhIG8gaXJtw6NvIFBlZHJvLg==,,W09iaXNwbyBQYXVsXQpFc3Blcm8gcXVlIGF5dWRlcyBhIGVzdGUgQWPDs2xpdG8gYSBjb252ZXJ0aXJzZSBlbiBTYWNlcmRvdGUu
ekCfBg,,W0Jpc2hvcCBQYXVsXQpVbmZvcnR1bmF0ZWx5IHlvdSBkaWRuJ3QgYnJpbmcgYSBeMDAwMEZGUm9zYXJ5XjAwMDAwMC4gWW91IG5lZWQgb25lIG9mIHRob3NlIGluIG9yZGVyIHRvIGJlIGluIHRoZSB0ZXN0aW5nIGFyZWEu,,,,,W0Jpc3BvIFRvbWFzXQpPaCwgZXUgc2ludG8gbXVpdG8sIHZvY8OqIG7Do28gdGVtIHVtIF4wMDAwQ0RSb3PDoXJpb14wMDAwMDAuIFRyYWdhIHVtIF4wMDAwQ0RSb3PDoXJpb14wMDAwMDAgZSB2b2PDqiBwb2RlcsOhIGlyIGFvIGNhbXBvIGRlIHRlc3Rlcy4=,,W09iaXNwbyBQYXVsXQpMYW1lbnRhYmxlbWVudGUsIG5vIHRyYWppc3RlIHVuIF4wMDAwRkZSb3NhcmlvXjAwMDAwMC4gTmVjZXNpdGFzIHVubyBkZSBlc29zIHBhcmEgZW50cmFyIGEgbGEgem9uYSBkZSBsYSBwcnVlYmEu
e0CfBg,,W0Jpc2hvcCBQYXVsXQpJIHNlZSwgdGFrZSB5b3VyIHRpbWUuIERvbid0IGZvcmdldCB0byBicmluZyBhIF4wMDAwRkZSb3NhcnleMDAwMDAwLi4u,,,,,W0Jpc3BvIFRvbWFzXQpUb21lIG8gdGVtcG8gcXVlIGZvciBuZWNlc3PDoXJpby4KTsOjbyBzZSBlc3F1ZcOnYSBkZSB0cmF6ZXIgbyBzZXUgXjAwMDBDRFJvc8OhcmlvXjAwMDAwMC4=,,W09iaXNwbyBQYXVsXQpZYSB2ZW8sIHTDs21hdGUgdHUgdGllbXBvLiBObyBvbHZpZGVzIHRyYWVyIHVuIF4wMDAwRkZSb3NhcmlvXjAwMDAwMOKApg==
fECfBg,,W0Jpc2hvcCBQYXVsXQpZb3UgbXVzdCBiZSBzdHJvbmcuIEhhdmUgZmFpdGgsIGFzIHlvdSBhcmUgbG92ZWQgYnkgR29kLiBJIHByYXkgdGhlIHdvdW5kcyBvZiB0aGUgYm9keSBhcmUgaGVhbGVkIHNvb24uLi4=,,,,,W0Jpc3BvIFRvbWFzXQpBcXVpIGVzdMOhIHVtIGZpbGhvIHRldSwgcXVlIHNlbnRlIGEgZnJhcXVlemEgcXVlIG8gU2VuaG9yIG7Ds3MgZGV1LgpPIEhvbWVtIG7Do28gdml2ZSBhcGVuYXMgZGUgcMOjbywgcG9yIGZhdm9yLCBuw7NzIGFqdWRlIGVtIGEgc3VhIGdyYcOnYSBpbmZpbml0YS4=,,W09iaXNwbyBQYXVsXQpEZWJlcyBzZXIgZnVlcnRlLiBUZW4gZmUsIHB1ZXMgbG9zIGRpb3NlcyB0ZSBhbWFuLiBSZXpvIHBhcmEgcXVlIGxhcyBoZXJpZGFzIGRlbCBjdWVycG8gc2UgY3VyZW4gcHJvbnRv4oCm
fUCfBg,,W0Jpc2hvcCBQYXVsXQpHb2QsIHBsZWFzZSBsb29rIGFmdGVyIHlvdXIgcG9vciBjaGlsZHJlbi4gSGVscCB0aGVtIG92ZXJjb21lIHRoZWlyIGhhcmRzaGlwcyBhbmQgZGlmZmljdWx0aWVzLiBSZWZyZXNoIHRoZWlyIHNwaXJpdHMuLi4=,,,,,W0Jpc3BvIFRvbWFzXQpNZXNtbyBuZXNzZXMgbW9tZW50b3MsIG8gU2VuaG9yIHZvY8OqIG1ldSBmaWxoby4KVmFtb3MganVudG9zIHJlemFyIGEgRGV1cyBwYXJhIGN1cmFyIHNldSBjb3JwbyBkb2xvcmlkbyBlIHN1YSBtZW50ZSBjYW5zYWRhLg==,,W09iaXNwbyBQYXVsXQpEaW9zZXMsIHBvciBmYXZvciwgY3VpZGVuIGRlIHN1cyBwb2JyZXMgaGlqb3MuIEF5w7pkZW5sb3MgYSBzdXBlcmFyIGxhcyBhZHZlcnNpZGFkZXMgeSBsYXMgZGlmaWN1bHRhZGVzLiBBbGl2aWVuIHN1cyBlc3DDrXJpdHVz4oCm
fkCfBg,,W0Jpc2hvcCBQYXVsXQpJIGhvcGUgbXkgaW52b2NhdGlvbiBoYXMgZWFzZWQgeW91ciBwYWluLiBOb3cgcGxlYXNlIGdvIGZvcnRoIGFuZCBzcHJlYWQgR29kJ3MgbWVzc2FnZS4gTWF5IEdvZCBiZSB3aXRoIHlvdS4uLg==,,,,,W0Jpc3BvIFRvbcOhc10KU2Ugdm9jw6ogcGFzc2FyIG8gc2V1IHRlbXBvIGxpbXBhbmRvIGFzIGxhZ3JpbWFzIGRvcyBvdXRyb3MsIG7Do28gdGVyw6EgdGVtcG8gcGFyYSBkZXJyYW1hciBhcyBzdWFzIHByw7Nwcmlhcy4KRSBsb2dvIHZvY8OqIG7Do28gdmVyw6EgbmVjZXNzaWRhZGUgZW0gZGVycmFtYXIgc3VhcyBsw6FncmltYXMuIFbDoSBlIGVzcGFsaGUgYSBwYWxhdnJhIGRlIERldXMu,,W09iaXNwbyBQYXVsXQpFc3Blcm8gcXVlIG1pIGludm9jYWNpw7NuIGhheWEgYWxpdmlhZG8gdHUgZG9sb3IuIEFob3JhLCBwb3IgZmF2b3IsIHZlIHkgZGlmdW5kZSBlbCBtZW5zYWplIGRlIGxvcyBkaW9zZXMuIFF1ZSBsb3MgZGlvc2VzIHRlIGFjb21wYcOxZW7igKY=
f0CfBg,,W0Jpc2hvcCBQYXVsXQpNYXkgR29kIGJlCndpdGggeW91LCBicm90aGVyLg==,,,,,W0Jpc3BvIFRvbcOhc10KRGV1cyB0ZSBhYmVuw6dvZSwgaXJtw6NvLg==,,W09iaXNwbyBQYXVsXQpRdWUgbG9zIGRpb3NlcyBlc3TDqW4KY29udGlnbywgaGVybWFuby4=
gECfBg,,W0Jpc2hvcCBQYXVsXQpNYXkgR29kIGJlCndpdGggeW91LCBzaXN0ZXIu,,,,,W0Jpc3BvIFRvbcOhc10KRGV1cyB0ZSBhYmVuw6dvZSwgaXJtw6Mu,,W09iaXNwbyBQYXVsXQpRdWUgbG9zIGRpb3NlcyBlc3TDqW4KY29udGlnbywgaGVybWFuYS4=
gUCfBg,,W0Jpc2hvcCBQYXVsXQpZb3UgYXJlIGluCnRoZSBTYW5jdHVhcnkuCldoYXQgYnJpbmdzIHlvdSBoZXJlPw==,,,,,W0Jpc3BvIFRvbcOhc10KQmVtIHZpbmRvIGEgQ2F0ZWRyYWwgZGUgUHJvbnRlcmEuIEVtIHF1ZSBwb3NzbyBhanVkw6EtbG8/,,W09iaXNwbyBQYXVsXQpFc3TDoXMgZW4KZWwgc2FudHVhcmlvLgrCv1F1w6kgdGUgdHJhZSBwb3IgYXF1w60/
gkCfBg,,SSB3YW50IHRvIGJlIGFuIEFjb2x5dGUu,,,,,RXUgcXVlcm8gc2VydmlyIG8gU2VuaG9yIGNvbW8gTm92acOnby4=,,UXVpZXJvIHNlciBBY8OzbGl0by4=
g0CfBg,,SSB3YW50IHRvIGJlIGEgUHJpZXN0Lg==,,,,,RXUgcXVlcm8gc2VydmlyIG8gU2VuaG9yIGNvbW8gU2FjZXJkb3RlLg==,,UXVpZXJvIHNlciBTYWNlcmRvdGUu
hECfBg,,Tm90aGluZywgcmVhbGx5Lg==,,,,,RXUgcHJlY2lzbyBwZW5zYXIgbWVsaG9yLg==,,TmFkYSwgbGEgdmVyZGFkLg==
hUCfBg,,W0Jpc2hvcCBQYXVsXQpPaCBJIHNlZS4uLgpJZiB5b3Ugd2lzaCB0byBiZWNvbWUgYW4gQWNvbHl0ZSwgcGxlYXNlIHZpc2l0IHRoZSBvdGhlciByb29tLg==,,,,,W0Jpc3BvIFRvbcOhc10KUGFyYSBzZSB0b3JuYXIgdW0gTm92acOnbyB2b2PDqiBkZXZlIGlyIG5vIHF1YXJ0byBhZGlhbnRlIGRlc3RlLgpCb2Egc29ydGUgbm8gc2V1IHRlc3RlLCBxdWUgYSBncmHDp2EgZG8gU2VuaG9yIGVzdGVqYSBjb250aWdvLg==,,W09iaXNwbyBQYXVsXQpBaCwgeWEgdmVv4oCmClNpIHF1aWVyZXMgY29udmVydGlyc2UgZW4gQWPDs2xpdG8sIHZpc2l0YSBsYSBvdHJhIHNhbGEu
hkCfBg,,W0Jpc2hvcCBQYXVsXQpPaCBJIHNlZS4gSG93ZXZlciwgeW91IG11c3QgZmlyc3QgYmVjb21lIGFuIEFjb2x5dGUgYmVmb3JlIGJlY29taW5nIGEgUHJpZXN0LiBQbGVhc2UgdmlzaXQgdGhlIG90aGVyIHJvb20u,,,,,W0Jpc3BvIFRvbcOhc10KVm9jw6ogZGV2ZSBhbnRlcyBzZSB0b3JuYXIgdW0gTm92acOnbywgcGFyYSBlbnTDo28gc2UgdG9ybmFyIHVtIFNhY2VyZG90ZS4KUGFyYSBzZSB0b3JuYXIgdW0gTm92acOnbyB2b2PDqiBkZXZlIGlyIG5vIHF1YXJ0byBhZGlhbnRlIGRlc3RlLg==,,W09iaXNwbyBQYXVsXQpBaCwgeWEgdmVvLiBTaW4gZW1iYXJnbywgcGFyYSBjb252ZXJ0aXJ0ZSBlbiBTYWNlcmRvdGUsIHByaW1lcm8sIGRlYmVzIGNvbnZlcnRpcnRlIGVuIEFjw7NsaXRvLiBQb3IgZmF2b3IsIHZpc2l0YSBsYSBvdHJhIHNhbGEu
h0CfBg,,W0Jpc2hvcCBQYXVsXQpQbGVhc2UgbWFrZSB5b3Vyc2VsZiBhdCBob21lLiBPbiBFYXJ0aCwgbm93aGVyZSBpcyBzYWZlciB0aGFuIHRoaXMgU2FuY3R1YXJ5Lg==,,,,,W0Jpc3BvIFRvbcOhc10KUG9yIGZhdm9yLCBhcHJvdmVpdGUgYSBhdG1vc2ZlcmEgdHJhbnF1aWxhIGRhIENhdGVkcmFsIHBhcmEgcmVmbGV0aXIgdW0gcG91Y28gc29icmUgYSBncmHDp2EgZGUgbm9zc28gZXhpc3TDqm5jaWEu,,W09iaXNwbyBQYXVsXQpQb3IgZmF2b3IsIHNpw6ludGV0ZSBjb21vIGVuIGNhc2EuIEVuIGxhIFRpZXJyYSwgbmluZ8O6biBsdWdhciBlcyBtw6FzIHNlZ3VybyBxdWUgZXN0ZSBzYW50dWFyaW8u
iECfBg,,W0Jpc2hvcCBQYXVsXQpNYXkgR29kIGJsZXNzIHlvdS4=,,,,,W0Jpc3BvIFRvbcOhc10KUXVlIG8gU2VuaG9yIGVzdGVqYSBjb250aWdvLg==,,W09iaXNwbyBQYXVsXQpRdWUgbG9zIGRpb3NlcyB0ZSBjdWlkZW4u
iUCfBg,,W0Jpc2hvcCBQYXVsXQpXaGF0IGJyaW5ncyB5b3UgaGVyZQp0byBQcm9udGVyYSBTYW5jdHVhcnk/,,,,,W0Jpc3BvIFRvbcOhc10KQmVtIHZpbmRvIGEgSWdyZWphIGRlIFByb250ZXJhLiBFbSBxdWUgcG9zc28gYWp1ZMOhLWxvPw==,,W09iaXNwbyBQYXVsXQrCv1F1w6kgdGUgdHJhZSBhcXXDrSwKYWwgc2FudHVhcmlvIGRlIFByb250ZXJhPw==
ikCfBg,,SW5mb3JtYXRpb24gYWJvdXQgUHJpZXN0cy4=,,,,,RXUgcHJvY3VybyBpbmZvcm1hw6fDtWVzIHNvYnJlIFNhY2VyZG90ZXMu,,QnVzY28gaW5mb3JtYWNpw7NuIHNvYnJlIGxvcyBTYWNlcmRvdGVzLg==
i0CfBg,,Tm90aGluZy4=,,,,,RXUgc8OzIHZpbSBvbGhhciBvcyB2aXRyYWlzLg==,,TmFkYS4=
jECfBg,,W0Jpc2hvcCBQYXVsXQpQcmllc3RzIGhhdmUgdGhlIGF1dGhvcml0eSB0byBwZXJmb3JtIGFuZCBhZG1pbmlzdGVyIHJlbGlnaW91cyByaXRlcy4=,,,,,W0Jpc3BvIFRvbcOhc10KTyBTYWNlcmRvdGUgw6kgbyByZXByZXNlbnRhbnRlIGRlIERldXMgbmEgdGVycmEu,,W09iaXNwbyBQYXVsXQpMb3MgU2FjZXJkb3RlcyB0aWVuZW4gYXV0b3JpZGFkIHBhcmEgY2VsZWJyYXIgeSBhZG1pbmlzdHJhciByaXRvcyByZWxpZ2lvc29zLg==
jUCfBg,,W0Jpc2hvcCBQYXVsXQpZb3UgbXVzdCBmaXJzdCBiZSB0aG9yb3VnaGx5IGRpc2NpcGxpbmVkIGFzIGFuIEFjb2x5dGUgYmVmb3JlIHlvdSBjYW4gYmUgcHJvbW90ZWQgdG8gdGhlIHBvc2l0aW9uIG9mIFByaWVzdC4=,,,,,W0Jpc3BvIFRvbcOhc10KUG9yIGlzc28sIMOpIG5lY2Vzc8OhcmlvIHBhc3NhciBwb3IgdHJlaW5hbWVudG9zIGNvbW8gTm92acOnbyBhbnRlcyBkZSBzZSBhc3N1bWlyIHRhbCBwb3N0by4=,,W09iaXNwbyBQYXVsXQpQcmltZXJvLCBkZWJlcyBkaXNjaXBsaW5hcnRlIHJpZ3Vyb3NhbWVudGUgY29tbyBBY8OzbGl0byBwYXJhIHBvZGVyIGFzY2VuZGVyIGFsIGNhcmdvIGRlIFNhY2VyZG90ZS4=
jkCfBg,,W0Jpc2hvcCBQYXVsXQpXaGVuIHlvdSByZWFjaCBBY29seXRlIEpvYiBsZXZlbCA0MCwgeW91IHdpbGwgYmUgYWJsZSB0byBhcHBseSBmb3IgdGhlIFByaWVzdCB0ZXN0Lg==,,,,,W0Jpc3BvIFRvbcOhc10KQW8gc2UgYWxjYW7Dp2FyIG7DrXZlbCBkZSBDbGFzc2UgNDAgY29tbyBOb3Zpw6dvLCBlIGFww7NzIHJlYWxpemFyIGFsZ3VucyB0ZXN0ZXMsIMOpIHBvc3NpdmVsIHNlIHRvcm5hciB1bSBTYWNlcmRvdGUuCg==,,W09iaXNwbyBQYXVsXQpDdWFuZG8gYWxjYW5jZXMgZWwgbml2ZWwgZGUgY2xhc2UgNDAgZGUgQWPDs2xpdG8sIHBvZHLDoXMgc29saWNpdGFyIHJlYWxpemFyIGxhIHBydWViYSBwYXJhIHNlciBTYWNlcmRvdGUu
j0CfBg,,W0Jpc2hvcCBQYXVsXQpJZiB5b3UgcGFzcyB0aGUgdGVzdCwgeW91IHdpbGwgYmUgYWJsZSB0byB1c2UgbW9yZSBwb3dlcmZ1bCBza2lsbHMgdGhhdCB3aWxsIGJlIGVmZmVjdGl2ZSBhZ2FpbnN0IERlbW9uIGFuZCBVbmRlYWQgY3JlYXR1cmVzLi4u,,,,,W0Jpc3BvIFRvbcOhc10KVW0gU2FjZXJkb3RlIHRlbSBhaW5kYSBtYWlzIGhhYmlsaWRhZGVzIGNvbnRyYSBvcyBEZW3DtG5pb3MgZSBvcyBNYWxkaXRvcywgZSBtYWlzIGZvcsOnYXMgcGFyYSBhanVkYXIgb3Mgb3V0cm9zLgo=,,W09iaXNwbyBQYXVsXQpTaSBwYXNhcyBsYSBwcnVlYmEsIHBvZHLDoXMgdXRpbGl6YXIgaGFiaWxpZGFkZXMgbcOhcyBwb2Rlcm9zYXMgcXVlIHNlcsOhbiBlZmljYWNlcyBjb250cmEgY3JpYXR1cmFzIHRpcG8gRGVtb25pbyB5IE11ZXJ0byB2aXZpZW50ZeKApg==
kECfBg,,W0Jpc2hvcCBQYXVsXQpXaXRoIGFsbCBvZiB5b3VyIGFiaWxpdHksIHlvdSB3aWxsIHBsYXkgYW4gaW1wb3J0YW50IHJvbGUgaW4gdG93bnMgYW5kIGR1bmdlb25zLg==,,,,,W0Jpc3BvIFRvbcOhc10KT3MgU2FjZXJkb3RlcyBleGNlcmNlbSB1bSBwYXBlbCBtdWl0byBpbXBvcnRhbnRlLCBzZWphIG5hcyBjaWRhZGVzIG91IG5vcyBjYW1wb3MgZGUgYmF0YWxoYXMuCk5vc3NvIHBhcGVsIMOpIG8gZGUgYWp1ZGFyIG9zIG5lY2Vzc2l0YWRvcy4=,,W09iaXNwbyBQYXVsXQpDb24gdHUgaGFiaWxpZGFkLCBkZXNlbXBlw7FhcsOhcyB1biBwYXBlbCBpbXBvcnRhbnRlIGVuIHB1ZWJsb3MgeSBtYXptb3JyYXMu
kUCfBg,,W0Jpc2hvcCBQYXVsXQpPdXIgZHV0eSBhbmQgb2JsaWdhdGlvbiBhcyBQcmllc3RzIGlzIHRvIGRldm90ZSBvdXJzZWx2ZXMgdG8gaGVscGluZyBvdGhlcnMgd2l0aG91dCBleHBlY3RpbmcgcmV3YXJkLg==,,,,,W0Jpc3BvIFRvbcOhc10KQXF1ZWxlcyBxdWUgZMOjbyBhanVkYSwgbsOjbyBkZXZlbSBlc3BlcmFyIG5hZGEgY29tbyByZWNvbXBlbnNhLgpBcXVlbGVzIHF1ZSBuZWNlc3NpdGFtIGRlIGFqdWRhLCBkZXZlbSBzYWJlciBzZXIgZ3JhdG9zIGEgcXVlbSBsaGVzIGTDoS4=,,W09iaXNwbyBQYXVsXQpOdWVzdHJvIGRlYmVyIHkgb2JsaWdhY2nDs24gY29tbyBTYWNlcmRvdGVzIGVzIGRlZGljYXJub3MgYSBheXVkYXIgYSBsb3MgZGVtw6FzIHNpbiBlc3BlcmFyIHJlY29tcGVuc2EgYWxndW5hLg==
kkCfBg,,W0Jpc2hvcCBQYXVsXQpBcyB3ZSBoZWxwIG90aGVycywgd2UgbXVzdCBub3QgZXhwZWN0IHRvIHRyZWF0IHVzIGluIGEgc2ltaWxhciBmYXNoaW9uLiBUbyBiZSBhIGdyZWF0IFByaWVzdCBpcyB5b3VyIGNob2ljZSBhbmQgcmVzcG9uc2liaWxpdHksIG5vdCBhbnlvbmUgZWxzZSdzLg==,,,,,W0Jpc3BvIFRvbcOhc10KTsOzcyBzb21vcyBlbnNpbmFkb3MgYSBhbWFyIG8gcHLDs3hpbW8sIG7Do28gcG9yIGRldmVyLCBtYXMgc2ltIHBvciB2b250YWRlLgpWb2PDqiBudW5jYSBkZXZlIHNlIHNlbnRpciBvYnJpZ2FkbyBhIGFqdWRhciBvcyBvdXRyb3MsIGEgdm9udGFkZSBkZXZlIHZpciBkbyBzZXUgY29yYcOnw6NvLg==,,W09iaXNwbyBQYXVsXQpDdWFuZG8gYXl1ZGVtb3MgYSBsb3MgZGVtw6FzLCBubyBkZWJlbW9zIGVzcGVyYXIgcXVlIG5vcyBkZXZ1ZWx2YW4gZWwgZmF2b3IuIFNlciB1biBleGNlbGVudGUgU2FjZXJkb3RlIGVzIHR1IGVsZWNjacOzbiB5IHR1IHJlc3BvbnNhYmlsaWRhZCwgbm8gbGEgZGUgbmFkaWUgbcOhcy4=
k0CfBg,,W0Jpc2hvcCBQYXVsXQpIb3dldmVyLCB0aG9zZSB3aG8gcmVjZWl2ZSBzaG91bGQgYmUgcG9saXRlLiBZb3Ugc2hvdWxkIGdpdmUgYW4gb3V0c3RhbmRpbmcgZXhhbXBsZSwgYnV0IHlvdSBzaG91bGQgYWxzbyBoYXZlIHlvdXIgbGltaXRzIGFzIGEgaHVtYW4u,,,,,W0Jpc3BvIFRvbWFzXQpObyBlbnRhbnRvLCBhcXVlbGVzIHF1ZSByZWNlYmVtIGRldmVtIHNlciBlZHVjYWRvcy4gVm9jw6ogZGV2ZSBkYXIgdW0gZXhjZWxlbnRlIGV4ZW1wbG8sIG1hcyB0YW1iw6ltIGRldmUgdGVyIHNldXMgbGltaXRlcyBjb21vIHNlciBodW1hbm8u,,W09iaXNwbyBQYXVsXQpTaW4gZW1iYXJnbywgcXVpZW5lcyBzZSByZWNpYmFuIGRlYmVuIHNlciBhbWFibGVzLiBEZWJlcyBzZXIgdW4gZWplbXBsbyBleHRyYW9yZGluYXJpbywgcGVybyB0YW1iacOpbiBkZWJlcyB0ZW5lciB0dXMgbMOtbWl0ZXMgY29tbyBzZXIgaHVtYW5vLg==
lECfBg,,W0Jpc2hvcCBQYXVsXQpJIGhvcGUgSSBleHBsYWluZWQgZW5vdWdoIG9mIHRoZSBjbGFzcy4gV2h5IGRvbid0IHlvdSBnbyBvdXRzaWRlIGFuZCB0YWxrIHRvIHNvbWUgb2YgdGhlIG90aGVyIFByaWVzdHMgaWYgeW91IHdhbnQgdG8gbGVhcm4gbW9yZSBhYm91dCBvdXIgd2F5IG9mIGxpZmU/,,,,,W0Jpc3BvIFRvbcOhc10KRXNwZXJvIHF1ZSB2b2PDqiB0ZW5oYSBlbnRlbmRpZG8gbyBxdWUgZXUgbGhlIGRpc3NlLCBlIGVuc2luZSBhIG91dHJvcy4KTyBtZWxob3IgbW9kbyBkZSBjb25oZWNlciB1bSBTYWNlcmRvdGUsIMOpIGNvbnZlcnNhbmRvIGNvbSB1bS4gUXVlIG8gU2VuaG9yIGVzdGVqYSBjb250aWdvLg==,,W09iaXNwbyBQYXVsXQpFc3Blcm8gaGFiZXIgZXhwbGljYWRvIHN1ZmljaWVudGUgc29icmUgbGEgY2xhc2UuIMK/UG9yIHF1w6kgbm8gc2FsZXMgeSBoYWJsYXMgY29uIG90cm9zIFNhY2VyZG90ZXMgc2kgcXVpZXJlcyBzYWJlciBtw6FzIHNvYnJlIG51ZXN0cmEgZm9ybWEgZGUgdmlkYT8=
lUCfBg,,W0Jpc2hvcCBQYXVsXQpQbGVhc2UgbWFrZSB5b3Vyc2VsZiBhdCBob21lLiBOb3doZXJlIG9uIEVhcnRoIGlzIHNhZmVyIHRoYW4gdGhlIFByb250ZXJhIFNhbmN0dWFyeS4=,,,,,W0Jpc3BvIFRvbcOhc10KUG9yIGZhdm9yLCBhcHJvdmVpdGUgYSBhdG1vZmVyYSB0cmFucXVpbGEgZGEgQ2F0ZWRyYWwgcGFyYSByZWZsZXRpciB1bSBwb3VjbyBzb2JyZSBhIGdyYcOnYSBkZSBub3NzbyBleGlzdMOqbmNpYS4=,,W09iaXNwbyBQYXVsXQpQb3IgZmF2b3IsIHNpw6ludGV0ZSBjb21vIGVuIGNhc2EuIE5pbmfDum4gbHVnYXIgZGUgbGEgVGllcnJhIGVzIG3DoXMgc2VndXJvIHF1ZSBlbCBzYW50dWFyaW8gZGUgUHJvbnRlcmEu
lkCfBg,,W0Jpc2hvcCBQYXVsXQpXZWxsLi4uCk1heSBHb2QKYmxlc3MgeW91Lg==,,,,,W0Jpc3BvIFRvbcOhc10KUXVlIG8gU2VuaG9yIGVzdGVqYSBjb250aWdvLg==,,W09iaXNwbyBQYXVsXQpCdWVub+KApgpRdcOpIGxvcyBkaW9zZXMKdGUgY3VpZGVuLg==
l0CfBg,,W0Jpc2hvcCBQYXVsXQpNYXkgR29kIGJsZXNzCnlvdSwgQnJvdGhlci4KV2hhdCBicmluZ3MKeW91IHRvIG1lPw==,,,,,W0Jpc3BvIFRvbcOhc10KRGV1cyB0ZSBhYmVuw6dvZSwgaXJtw6NvLgpFbSBxdWUgcG9zc28gYWp1ZMOhLWxvPw==,,W09iaXNwbyBQYXVsXQpRdWUgbG9zIGRpb3NlcyB0ZSBjdWlkZW4sCmhlcm1hbm8uCsK/UXXDqSB0ZSB0cmFlCmEgdmVybWU/
mECfBg,,W0Jpc2hvcCBQYXVsXQpNYXkgR29kIGJsZXNzCnlvdSwgU2lzdGVyLgpXaGF0IGJyaW5ncwp5b3UgdG8gbWU/,,,,,W0Jpc3BvIFRvbcOhc10KRGV1cyB0ZSBhYmVuw6dvZSwgaXJtw6MuCkVtIHF1ZSBwb3NzbyBhanVkw6EtbGE/,,W09iaXNwbyBQYXVsXQpRdWUgbG9zIGRpb3NlcyB0ZSBjdWlkZW4sCmhlcm1hbmEuCsK/UXXDqSB0ZSB0cmFlCmEgdmVybWU/
mUCfBg,,SG93IGFyZSB5b3UsIEZhdGhlcj8=,,,,,Q29tbyBlc3TDoSBvIHNlbmhvciwgYmlzcG8/,,wr9Dw7NtbyBlc3TDoXMsIFBhZHJlPw==
mkCfBg,,W0Jpc2hvcCBQYXVsXQpJIHNlZS4gU28geW91IHdpc2ggdG8gYmUgYSBQcmllc3QuIEdvZCB3aWxsIGJlIGRlbGlnaHRlZCBieSB5b3VyIGRlY2lzaW9uIGFuZCB3aWxsIGJsZXNzIHlvdS4=,,,,,W0Jpc3BvIFRvbcOhc10KT2guLi5TaW0uLi4gVm9jw6ogcXVlciBzZXIgdW0gU2FjZXJkb3RlLgpEZXVzIGd1aWFyw6Egb3Mgc2V1cyBwYXNzb3Mu,,W09iaXNwbyBQYXVsXQpZYSB2ZW8uIEFzw60gcXVlIGRlc2VhcyBzZXIgU2FjZXJkb3RlLiBMb3MgZGlvc2VzIGVzdGFyw6FuIGNvbXBsYWNpZG9zIGNvbiB0dSBkZWNpc2nDs24geSB0ZSBjdWlkYXLDoW4u
m0CfBg,,W0Jpc2hvcCBQYXVsXQpJIGFtIEJpc2hvcCBQYXVsIENlcnZhbnRlcywgYW5kIGFtIGluIGNoYXJnZSBvZiB0aGUgUHJvbnRlcmEgUGFyaXNoLgpJIGFtIGdsYWQgdG8gbWVldCBhIHBlcnNvbiBhcyBlYWdlciBhbmQgZGV2b3RlZCB0byBHb2Qgc3VjaCBhcyB5b3Vyc2VsZi4=,,,,,W0Jpc3BvIFRvbcOhc10KRXUgbWUgY2hhbW8gVG9tYXMgU2ViYW50ZXMuCkV1IHNvdSB1bSBkb3MgQmlzcG9zIGRhIElncmVqYSBkZSBQcm9udGVyYS4=,,W09iaXNwbyBQYXVsXQpTb3kgZWwgb2Jpc3BvIFBhdWwgQ2VydmFudGVzLCB5IGVzdG95IGEgY2FyZ28gZGUgbGEgcGFycm9xdWlhIGRlIFByb250ZXJhLgpNZSBhbGVncmEgY29ub2NlciBhIHVuYSBwZXJzb25hIHRhbiBlbnR1c2lhc3RhIHkgZGV2b3RhIGEgbG9zIGRpb3NlcyBjb21vIHTDui4=
nECfBg,,W0Jpc2hvcCBQYXVsXQpJZiB5b3Ugc2V0IHlvdXIgbWluZCBvbiBiZWNvbWluZyBhIFByaWVzdCwgeW91IG11c3QgdW5kZXJnbyBzZXZlcmFsIHRlc3RzLiBPbmx5IEFjb2x5dGVzIHdobyByZWFjaCBqb2IgbGV2ZWwgNDAgYXJlIHF1YWxpZmllZCBmb3IgdGVzdGluZy4=,,,,,W0Jpc3BvIFRvbcOhc10KVm9jw6ogcHJlY2lzYSBwYXNzYXIgcG9yIGFsZ3VucyB0ZXN0ZXMgYW50ZXMgZGUgc2UgdG9ybmFyIHVtIFNhY2VyZG90ZS4KRSBhbnRlcyBkaXNzbywgZGV2ZSB0ZXIgTsOtdmVsIGRlIENsYXNzZSA0MCBjb21vIE5vdmnDp28u,,W09iaXNwbyBQYXVsXQpTaSB0ZSBwcm9wb25lcyBzZXIgU2FjZXJkb3RlLCBkZWJlcyBwYXNhciB2YXJpYXMgcHJ1ZWJhcy4gU29sbyBsb3MgQWPDs2xpdG9zIHF1ZSBhbGNhbnphbiBlbCBuaXZlbCBkZSBjbGFzZSA0MCBlc3TDoW4gY2FsaWZpY2Fkb3MgcGFyYSBoYWNlciBsYXMgcHJ1ZWJhcy4=
nUCfBg,,W0Jpc2hvcCBQYXVsXQpJZiB5b3Ugc2F0aXNmeSB0aGUgcmVxdWlyZW1lbnRzLCBJIHN1Z2dlc3QgdGhhdCB5b3UgYXBwbHkgZm9yIHRoZSBQcmllc3Qgam9iIGZpcnN0LiBEbyB5b3Ugd2lzaCB0byBhcHBseSBub3c/,,,,,W0Jpc3BvIFRvbcOhc10Kw4kgbmVjZXNzw6FyaW8gc2UgaW5zY3JldmVyIHBhcmEgb3MgdGVzdGVzLgpWb2PDqiBnb3N0YXJpYSBkZSBmYXplciBzdWEgaW5zY3Jpw6fDo28gYWdvcmE/,,W09iaXNwbyBQYXVsXQpTaSBjdW1wbGVzIGxvcyByZXF1aXNpdG9zLCB0ZSBzdWdpZXJvIHF1ZSBwcmltZXJvIHNvbGljaXRlcyBlbCBwdWVzdG8gZGUgU2FjZXJkb3RlLiDCv1F1aWVyZXMgaGFjZXIgbGEgc29saWNpdHVkIGFob3JhPw==
nkCfBg,,SSBuZWVkIHNvbWUgdGltZSB0byB0aGluayBhYm91dCBpdC4uLg==,,,,,RXUgcHJlY2lzbyBwZW5zYXIgbWVsaG9yLg==,,TmVjZXNpdG8gdGllbXBvIHBhcmEgcGVuc2FybG/igKY=
n0CfBg,,W0Jpc2hvcCBQYXVsXQpZb3UgYXJlIG5vdCB5ZXQgcXVhbGlmaWVkIHRvIGJlIGEgUHJpZXN0LiBQbGVhc2UgZ28gb3V0IGludG8gdGhlIHdvcmxkIGFuZCBicm9hZGVuIHlvdXIgZXhwZXJpZW5jZXMu,,,,,W0Jpc3BvIFRvbcOhc10KRXUgc2ludG8gbXVpdG8uClZvY8OqIGFpbmRhIG7Do28gZXN0w6EgcHJvbnRvIHBhcmEgc2UgdG9ybmFyIHVtIFNhY2VyZG90ZS4=,,W09iaXNwbyBQYXVsXQpBw7puIG5vIHJlw7puZXMgbG9zIHJlcXVpc2l0b3MgcGFyYSBzZXIgU2FjZXJkb3RlLiBQb3IgZmF2b3IsIHNhbCBhbCBtdW5kbyB5IGFtcGzDrWEgdHVzIGV4cGVyaWVuY2lhcy4=
oECfBg,,W0Jpc2hvcCBQYXVsXQpUaGVyZSBhcmUgc3RpbGwgdGhpbmdzIHRoYXQgeW91IG11c3QgbGVhcm4gYXMgYW4gQWNvbHl0ZS4gSG93ZXZlciwgSSBsb29rIGZvcndhcmQgdG8gbWVldGluZyB5b3UgYWdhaW4gdmVyeSBzb29uLg==,,,,,W0Jpc3BvIFRvbcOhc10KVHJlaW5laSB1bSBwb3VjbyBtYWlzLCBjYWRhIHVtYSBkZSBuw7NzIHRlbW9zIG5vc2FzIG1pc3PDtWVzIG5hIHRlcnJhLgpFdSBlc3RhcmVpIGFxdWkgZXNwZXJhbmRvIHF1YW5kbyB2b2PDqiBlc3RpdmVyIHByb250by4=,,W09iaXNwbyBQYXVsXQpUb2RhdsOtYSBoYXkgY29zYXMgcXVlIGRlYmVzIGFwcmVuZGVyIGNvbW8gQWPDs2xpdG8uIE5vIG9ic3RhbnRlLCBlc3Blcm8gdm9sdmVyIGEgdmVydGUgbXV5IHByb250by4=
oUCfBg,,W0Jpc2hvcCBQYXVsXQpZb3UgaGF2ZSBza2lsbCBwb2ludHMgbGVmdC4KSSBzdHJvbmdseSByZWNvbW1lbmQgdGhhdCB5b3UgdXNlIGFsbCBvZiB0aGVzZSBza2lsbCBwb2ludHMgYmVmb3JlIHlvdSBhcHBseSBmb3IgdGhlIFByaWVzdCBqb2IgY2hhbmdlIHRlc3Qu,,,,,W0Jpc3BvIFRvbcOhc10KQW50ZXMgZGUgc2VyIHRvcm5hciB1bSBTYWNlcmRvdGUsIHZvY8OqIGRldmUgdXRpbGl6YXIgdG9kb3Mgb3Mgc2V1cyBQb250b3MgZGUgSGFiaWxpZGFkZXMuCkZhbGUgY29taWdvIHF1YW5kbyB0aXZlciB1c2FkbyB0b2RvcyBvcyBwb250b3Mu,,W09iaXNwbyBQYXVsXQpUb2RhdsOtYSB0ZSBxdWVkYW4gcHVudG9zIGRlIGhhYmlsaWRhZC4KVGUgcmVjb21pZW5kbyBlbsOpcmdpY2FtZW50ZSBxdWUgdXRpbGljZXMgdG9kb3MgZXN0b3MgcHVudG9zIGRlIGhhYmlsaWRhZCBhbnRlcyBkZSBwcmVzZW50YXJ0ZSBhIGxhIHBydWViYSBkZSBjYW1iaW8gZGUgY2xhc2UgcGFyYSBzZXIgU2FjZXJkb3RlLg==
okCfBg,,W0Jpc2hvcCBQYXVsXQpOb3cgSSB3aWxsIGV4cGxhaW4gdGhlIFRocmVlIFRyaWFscyBvZiBQcmllc3Rob29kLiBUaGVzZSB0cmlidWxhdGlvbnMgd2lsbCBicmluZyB5b3UgbXVjaCBzdWZmZXJpbmcsIGJ1dCBJIGhvcGUgeW91IGNhbiBjb21wbGV0ZSB0aGVtLCBCcm90aGVyIHt9Lg==,,,,,W0Jpc3BvIFRvbcOhc10KRXUgbGhlIGRpcmVpIGNvbW8gc2Vyw6NvIG9zIHRlc3Rlcy4KIHt9LCB2b2PDqiBuw6NvIGRldmUgZnJhcXVlamFyIHBlcmFudGUgb3MgZGVzYWZpb3MgcXVlIHNlIGltcMO1ZW0gYSB0aSwgaXJtw6NvLg==,,W09iaXNwbyBQYXVsXQpBaG9yYSBleHBsaWNhcsOpIGxhcyB0cmVzIHBydWViYXMgZGVsIFNhY2VyZG9jaW8uIEVzdGFzIGFkdmVyc2lkYWRlcyB0ZSB0cmFlcsOhbiBtdWNobyBzdWZyaW1pZW50bywgcGVybyBlc3Blcm8gcXVlIHB1ZWRhcyBjb21wbGV0YXJsYXMsIGhlcm1hbm8ge30u
o0CfBg,,W0Jpc2hvcCBQYXVsXQpOb3cgSSB3aWxsIGV4cGxhaW4gdGhlIFRocmVlIFRyaWFscyBvZiBQcmllc3Rob29kLiBUaGVzZSB0cmlidWxhdGlvbnMgd2lsbCBicmluZyB5b3UgbXVjaCBzdWZmZXJpbmcsIGJ1dCBJIGhvcGUgeW91IGNhbiBjb21wbGV0ZSB0aGVtLCBTaXN0ZXIge30u,,,,,W0Jpc3BvIFRvbcOhc10KRXUgbGhlIGRpcmVpIGNvbW8gc2Vyw6NvIG9zIHRlc3Rlcy4KIHt9LCB2b2PDqiBuw6NvIGRldmUgZnJhcXVlamFyIHBlcmFudGUgb3MgZGVzYWZpb3MgcXVlIHNlIGltcMO1ZW0gYSB0aSwgaXJtw6Mu,,W09iaXNwbyBQYXVsXQpBaG9yYSBleHBsaWNhcsOpIGxhcyB0cmVzIHBydWViYXMgZGVsIFNhY2VyZG9jaW8uIEVzdGFzIGFkdmVyc2lkYWRlcyB0ZSB0cmFlcsOhbiBtdWNobyBzdWZyaW1pZW50bywgcGVybyBlc3Blcm8gcXVlIHB1ZWRhcyBjb21wbGV0YXJsYXMsIGhlcm1hbmEge30u
pECfBg,,W0Jpc2hvcCBQYXVsXQpGb3IgdGhlIEZpcnN0IFRyaWFsLCB5b3Ugd2lsbCBtYWtlIGEgcGlsZ3JpbWFnZSwgYW5kIHZpc2l0IHRocmVlIGFjc2NldGljIFByaWVzdHMgaW4gYSBzcGVjaWZpYyBvcmRlci4=,,,,,W0Jpc3BvIFRvbcOhc10KUHJpbWVpcm8sIHZvY8OqIGRldmUgZmF6ZXIgdW1hIHBlcmVncmluYcOnw6NvLgpEZWNpZGlyZW1vcyBkZXBvaXMgcGFyYSBvbmRlIHZvY8OqIGRldmUgaXIu,,W09iaXNwbyBQYXVsXQpQYXJhIGxhIHByaW1lcmEgcHJ1ZWJhLCBoYXLDoXMgbGEgcGVyZWdyaW5hY2nDs24geSB2aXNpdGFyw6FzIGEgdHJlcyBTYWNlcmRvdGVzIGFzY2V0YXMgZW4gdW4gb3JkZW4gZXNwZWPDrWZpY28u
pUCfBg,,W0Jpc2hvcCBQYXVsXQpUaGUgU2Vjb25kIFRyaWFsIHdpbGwgY29uc2lzdCBvZiBzcGlyaXR1YWwgdHJhaW5pbmcuIFlvdSBtdXN0IHJlc2lzdCB0aGUgdGVtcHRhdGlvbnMgb2YgRGVtb25zIGFuZCB0aGUgVW5kZWFkLg==,,,,,W0Jpc3BvIFRvbcOhc10KU2VndW5kbywgdm9jw6ogZGV2ZXLDoSBmYXplciBFeG9yY2lzbW9zLgpFeG9yY2lzbW8gw6kgcXVhbmRvIGV4cHVsc2Ftb3Mgb3MgbWF1cyBlc3Bpcml0b3MsIGUgcmVzaXN0aW1vcyBhIHN1YXMgdGVudGHDp8O1ZXMu,,W09iaXNwbyBQYXVsXQpMYSBzZWd1bmRhIHBydWViYSBjb25zaXN0aXLDoSBlbiB1biBlbnRyZW5hbWllbnRvIGVzcGlyaXR1YWwuIERlYmVzIHJlc2lzdGlyIGxhcyB0ZW50YWNpb25lcyBkZSBsb3MgRGVtb25pb3MgeSBsb3MgTXVlcnRvcyB2aXZpZW50ZXMu
pkCfBg,,W0Jpc2hvcCBQYXVsXQpJbiB0aGUgRmluYWwgVHJpYWwsIHlvdSB3aWxsIHByb21pc2UgeW91ciBkZXZvdGlvbiB0byBHb2QuIFlvdXIgd2lsbGluZ25lc3MgdG8gc2FjcmlmaWNlIHlvdXJzZWxmIHdpbGwgYWxzbyBiZSBxdWVzdGlvbmVkLg==,,,,,W0Jpc3BvIFRvbcOhc10KVGVyY2Vpcm8gZSDDumx0aW1vLCB2b2PDqiBkZXZlIGZhemVyIHVtIGp1cmFtZW50by4KTmVzc2UganVyYW1lbnRvIHZlcmVtb3Mgc2Ugdm9jw6ogdGVtIGEgZm9yw6dhIGRlIHZvbnRhZGUgbmVjZXNzYXJpYSBwYXJhIHNlciB1bSBTYWNlcmRvdGUu,,W09iaXNwbyBQYXVsXQpFbiBsYSBwcnVlYmEgZmluYWwsIHByb21ldGVyw6FzIHR1IGRldm9jacOzbiBhIGxvcyBkaW9zZXMuIFRhbWJpw6luIHNlIGN1ZXN0aW9uYXLDoSB0dSB2b2x1bnRhZCBkZSBzYWNyaWZpY2FydGUu
p0CfBg,,W0Jpc2hvcCBQYXVsXQpBY29seXRlcyB0aGF0IGhhdmUgcmVhY2hlZCBKb2IgTGV2ZWwgNTAgd2lsbCBiZSBleGVtcHQgZnJvbSB0aGUgRmlyc3QgVHJpYWwsIHRoZSBwaWxncmltYWdlLCBhcyB0aGV5IGhhdmUgYWxyZWFkeSBkZW1vbnN0cmF0ZWQgdGhlaXIgZW50aHVzaWFzbSBhbmQgZGV2b3Rpb24u,,,,,W0Jpc3BvIFRvbcOhc10KU2Ugdm9jw6ogasOhIHRlbSBuw612ZWwgZGUgSGFiaWxpZGFkZSA1MCwgdm9jw6ogbsOjbyBwcmVjaXNhcsOhIGZhemVyIGEgcGVyZWdyaW5hw6fDo28uCkNoZWdhciDDoCBlc3NlIG7DrXZlbCBqw6EgcXVlIG8gZXF1aXZhbGVudGUgYSB1bWEgcGVyZWdyaW5hw6fDo28u,,W09iaXNwbyBQYXVsXQpMb3MgQWPDs2xpdG9zIHF1ZSBoYXlhbiBhbGNhbnphZG8gZWwgbml2ZWwgZGUgY2xhc2UgNTAgZXN0YXLDoW4gZXhlbnRvcyBkZSBsYSBwcmltZXJhIHBydWViYSwgbGEgcGVyZWdyaW5hY2nDs24sIHB1ZXN0byBxdWUgeWEgaGFuIGRlbW9zdHJhZG8gc3UgdmFsw61hIHkgZGV2b2Npw7NuLg==
qECfBg,,W0Jpc2hvcCBQYXVsXQpJIGNhbiBzZWUgdGhlIGdyZWF0IGVmZm9ydCB5b3UgaGF2ZSBleGVydGVkIHRvIHJlYWNoIGpvYiBsZXZlbCA1MC4gWW91IGhhdmUgYmVlbiBhIGxveWFsIHNlcnZhbnQgdG8gR29kLg==,,,,,W0Jpc3BvIFRvbcOhc10KTyBzZXUgbsOtdmVsIGRlIEhhYmlsaWRhZGUgw6kgNTAuClZlam8gcXVlIHZvY8OqIHNlIGVzZm9yw6dvdSBtdWl0byBubyBzZXUgY2FtaW5obyBwYXJhIHNlciB1bSBTYWNlcmRvdGUu,,W09iaXNwbyBQYXVsXQpQdWVkbyB2ZXIgZWwgZ3JhbiBlc2Z1ZXJ6byBxdWUgZGVtb3N0cmFzdGUgcGFyYSBhbGNhbnphciBlbCBuaXZlbCBkZSBjbGFzZSA1MC4gU2VydmlzdGUgZmllbG1lbnRlIGEgbG9zIGRpb3Nlcy4=
qUCfBg,,W0Jpc2hvcCBQYXVsXQpOb3csIHlvdSBtYXkgZ28gZGlyZWN0bHkgZ28gdG8gdGhlIFNlY29uZCBUcmlhbDogU3Bpcml0dWFsIFRyYWluaW5nLiBGb3IgdGhpcyB0cmFpbmluZywgeW91IG1heSBicmluZyBhIFByaWVzdCB3aXRoIHlvdS4=,,,,,W0Jpc3BvIFRvbcOhc10KVm9jw6ogcG9kZSBqw6EgZmF6ZXIgbyBzZWd1bmRvIHRlc3RlLCBFeG9yY2lzbW8uCk5lc3RlIHRlc3RlLCB2b2PDqiBwb2RlIHRlciBhIGNvbXBhbmhpYSBkZSBvdXRyb3MgU2FjZXJkb3Rlcy4=,,W09iaXNwbyBQYXVsXQpQdWVkZXMgcGFzYXIgZGlyZWN0YW1lbnRlIGEgbGEgc2VndW5kYSBwcnVlYmE6IGVsIGVudHJlbmFtaWVudG8gZXNwaXJpdHVhbC4gUGFyYSBlc3RlIGVudHJlbmFtaWVudG8sIHB1ZWRlIGFjb21wYcOxYXJ0ZSB1biBTYWNlcmRvdGUu
qkCfBg,,W0Jpc2hvcCBQYXVsXQpJIGhhdmUgbm8gZG91YnQgdGhhdCB5b3Ugd2lsbCBkbyBhIGdvb2Qgam9iIGJ5IHlvdXJzZWxmLiBIb3dldmVyLCBpdCB3aWxsIGJlIGVhc2llciB3aXRoIHRoZSBhaWQgb2YgYSBCcm90aGVyIG9yIFNpc3RlciB0aGF0IGhhcyBhbHJlYWR5IGJlY29tZSBhIFByaWVzdC4=,,,,,W0Jpc3BvIFRvbcOhc10Kw4kgYSBzdWEgY2FwYWNpZGFkZSBxdWUgZXN0w6EgZW0gdGVzdGUuLi4KTWFzIMOpIHBlcm1pdGlkbyBxdWUgb3MgU2FjZXJkb3RlcyBsaGUgYWp1ZGVtLg==,,W09iaXNwbyBQYXVsXQpObyBtZSBjYWJlIGR1ZGEgZGUgcXVlIGhhcsOhcyB1biBidWVuIHRyYWJham8gc2luIGF5dWRhLiBTaW4gZW1iYXJnbywgc2Vyw6EgbcOhcyBmw6FjaWwgY29uIGxhIGF5dWRhIGRlIHVuIGhlcm1hbm8gbyB1bmEgaGVybWFuYSBxdWUgeWEgc2UgaGF5YSBjb252ZXJ0aWRvIGVuIFNhY2VyZG90ZS4=
q0CfBg,,W0Jpc2hvcCBQYXVsXQpXZWxsLCBhcmUgeW91IHJlYWR5IGZvciB0aGUgU3Bpcml0dWFsIFRyYWluaW5nPw==,,,,,W0Jpc3BvIFRvbcOhc10KVm9jw6ogcXVlciBmYXplciBvIHRlc3RlIGRvIGV4b3JjaW1vcyBhZ29yYT8=,,W09iaXNwbyBQYXVsXQpCdWVubywgwr9xdWllcmVzIHF1ZSBpbmljaWVtb3MgY29uIGVsIGVudHJlbmFtaWVudG8gZXNwaXJpdHVhbD8=
rECfBg,,SSBhbSByZWFkeS4=,,,,,RXN0b3UgcHJvbnRvLg==,,UXVpZXJvIGluaWNpYXIu
rUCfBg,,R2l2ZSBtZSBhIG1pbnV0ZS4=,,,,,RXUgZ29zdGFyaWEgZGUgZGVzY2Fuc2FyIHVtIHBvdWNvLg==,,RGFtZSB1biBtaW51dG8u
rkCfBg,,W0Jpc2hvcCBQYXVsXQpHb29kLiBJIHdpbGwgc2VuZCB5b3UgdG8gdGhlIHRyYWluaW5nIGdyb3VuZC4gV2hlbiB5b3UgZ2V0IHRoZXJlLCBwbGVhc2Ugc3BlYWsgdG8gQnJvdGhlciBQZXRlciB3aG8gaXMgaW4gY2hhcmdlIG9mIHRoZSB0cmFpbmluZy4=,,,,,W0Jpc3BvIFRvbcOhc10KRXUgdm91IGxoZSBtYW5kYXIgYW8gY2FtcG8gZGUgdGVzdGVzLgpBbyBjaGVnYXIgbMOhLCBmYWxlIGNvbSBvIElybcOjbyBQZWRyby4KRWxlIMOpIHJlc3BvbnPDoXZlbCBwb3IgYWxndW1hcyBkaXNjaXBsaW5hcy4=,,W09iaXNwbyBQYXVsXQpCaWVuLiBUZSBlbnZpYXLDqSBhbCBjYW1wbyBkZSBlbnRyZW5hbWllbnRvLiBDdWFuZG8gbGxlZ3VlcywgcG9yIGZhdm9yLCBoYWJsYSBjb24gZWwgaGVybWFubyBQZXRlciwgcXVpZW4gZXN0w6EgYSBjYXJnbyBkZWwgZW50cmVuYW1pZW50by4=
r0CfBg,,W0Jpc2hvcCBQYXVsXQpObyBwcm9ibGVtLCB0YWtlIHlvdXIgdGltZS4KTWF5IEdvZCBnaXZlIHlvdSB0aGUgc3RyZW5ndGggdG8gb3ZlcmNvbWUgeW91ciBmZWFycy4uLg==,,,,,W0Jpc3BvIFRvbcOhc10KVG9tZSBvIHRlbXBvIHF1ZSBmb3IgcHJlY2lzby4KUXVlIG8gU2VuaG9yIGVzdGVqYSBjb250aWdvLg==,,W09iaXNwbyBQYXVsXQpObyBoYXkgcHJvYmxlbWEsIHTDs21hdGUgdHUgdGllbXBvLgpRdWUgbG9zIGRpb3NlcyB0ZSBkZW4gbGEgZnVlcnphIHBhcmEgc3VwZXJhciB0dXMgbWllZG9z4oCm
sECfBg,,W0Jpc2hvcCBQYXVsXQpXZWxsLCBsZXQgbWUgdGVsbCB5b3UgdGhlIG9yZGVyIG9mIHRoZSBhc2NldGljIFByaWVzdHMgdGhhdCB5b3UgbXVzdCB2aXNpdCBmb3IgeW91ciBwaWxncmltYWdlLg==,,,,,W0Jpc3BvIFRvbcOhc10KRXUgbGhlIGRpcmVpIG8gY3Vyc28gZGUgc3VhIHBlcmVncmluYcOnw6NvLg==,,W09iaXNwbyBQYXVsXQpCaWVuLCBkw6lqYW1lIGRlY2lydGUgbGEgb3JkZW4gZGUgbG9zIFNhY2VyZG90ZXMgYXNjZXRhcyBxdWUgZGViZXMgdmlzaXRhciBlbiB0dSBwZXJlZ3JpbmFjacOzbi4=
sUCfBg,,W0Jpc2hvcCBQYXVsXQpGaXJzdCwgcGxlYXNlIHZpc2l0IEZhdGhlcgpSdWJhbGthYmFyYSB3aG8gaXMgTm9ydGhlYXN0Cm9mIHRoZSBQcm9udGVyYSBSdWlucy4=,,,,,W0Jpc3BvIFRvbcOhc10KUHJpbWVpcm8sIHZvY8OqIGRldmUgZmFsYXIgY29tIG8gSXJtw6NvIFNpbcOjbywgbmEgQWJhZGlhIGEgTm9yZGVzdGUgZGUgUHJvbnRlcmEu,,W09iaXNwbyBQYXVsXQpFbiBwcmltZXIgbHVnYXIsIHZpc2l0YSBhbCBQYWRyZQpSdWJhbGthYmFyYSBxdWUgZXN0w6EgYWwgbm9yZXN0ZQpkZSBsYXMgcnVpbmFzIGRlIFByb250ZXJhLg==
skCfBg,,W0Jpc2hvcCBQYXVsXQpTZWNvbmQsIHBsZWFzZSB2aXNpdCBTaXN0ZXIgTWF0aGlsZGEuIFNoZSBpcyBsb2NhdGVkIGluCmFuIGFyZWEgbmVhciBNb3Jyb2MsIFNvdXRod2VzdCBvZiBQcm9udGVyYS4=,,,,,W0Jpc3BvIFRvbcOhc10KRGVwb2lzIHZvY8OqIGRldmUgdmlzaXRhciBhIElybcOjIE1hdGlsZGEuCkVsYSBlc3TDoSBtZWRpdGFuZG8gbm8gY2FtcG8gYW8gTm9ydGUgZGEgY2lkYWRlIGRlIE1vcnJvYy4=,,W09iaXNwbyBQYXVsXQpFbiBzZWd1bmRvIGx1Z2FyLCB2aXNpdGEgYSBsYSBoZXJtYW5hIE1hdGhpbGRhLiBTZSBlbmN1ZW50cmEgZW4KdW5hIHpvbmEgY2VyY2EgZGUgTW9ycm9jLCBhbCBzdXJvZXN0ZSBkZSBQcm9udGVyYS4=
s0CfBg,,W0Jpc2hvcCBQYXVsXQpUaGUgdGhpcmQgUHJpZXN0IHlvdSBtdXN0IHZpc2l0IGlzIEZhdGhlciBZb3N1a2UuIEhlIGlzIGluIGEgZmllbGQgTm9ydGh3ZXN0IG9mIFByb250ZXJhLg==,,,,,W0Jpc3BvIFRvbcOhc10KUG9yIHVsaXRtbywgdm9jw6ogZGV2ZSB2aXNpdGFyIG8gSXJtw6NvIEJhcnRvbG9tZXUuCkVsZXNlIGVuY29udHJhIGVtIHVtYSBwb250ZSwgYSBub3JvZXN0ZSBkZSBQcm9udGVyYS4=,,W09iaXNwbyBQYXVsXQpFbCB0ZXJjZXIgU2FjZXJkb3RlIHF1ZSBkZWJlcyB2aXNpdGFyIGVzIGVsIHBhZHJlIFlvc3VrZS4gU2UgZW5jdWVudHJhIGVuIHVuIGNhbXBvIGFsIG5vcm9lc3RlIGRlIFByb250ZXJhLg==
tECfBg,,W0Jpc2hvcCBQYXVsXQpXZWxsIHRoZW4sIEkgd2lzaCB5b3UgYSBzYWZlIGpvdXJuZXkuIElmIHlvdSBoYXZlIGFueSBxdWVzdGlvbnMsIHBsZWFzZSBhc2sgU2lzdGVyIENlY2lsaWEu,,,,,W0Jpc3BvIFRvbcOhc10Kw4kgYm9tIHZvY8OqIGNvbWXDp2FyIGxvZ28gZXN0YSBzdWEgbG9uZ2EgcGVyZWdlcmluYcOnw6NvLgpRdWFscXVlciBkdXZpZGEsIGZhbGUgY29tIGEgSXJtw6MgQ2Vjw61saWEu,,W09iaXNwbyBQYXVsXQpQdWVzLCB0ZSBkZXNlbyB1biBidWVuIHZpYWplLiBTaSB0aWVuZXMgYWxndW5hIGR1ZGEsIHByZWd1bnRhIGEgbGEgbW9uamEgQ2VjaWxpYS4=
tUCfBg,,W0Jpc2hvcCBQYXVsXQpXaGVuIHlvdSByZXR1cm4gZnJvbSB5b3VyIHBpbGdyaW1hZ2UsIEkgd2lsbCBsZXQgeW91IGtub3cKb2YgdGhlIG5leHQgdGVzdC4=,,,,,W0Jpc3BvIFRvbcOhc10KUXVhbmRvIHRlcm1pbmFyLCBldSB0ZSBkaXJpZ2lyZWkgYW8gcHLDs3hpbW8gdGVzdGUu,,W09iaXNwbyBQYXVsXQpDdWFuZG8gdnVlbHZhcyBkZSB0dSBwZXJlZ3JpbmFjacOzbiwgdGUgZGlyw6kgY3XDoWwKbGEgc2lndWllbnRlIHBydWViYS4=
tkCfBg,,W0Jpc2hvcCBQYXVsXQpNYXkgR29kCmJsZXNzIHlvdS4uLg==,,,,,W0Jpc3BvIFRvbcOhc10KUXVlIG8gU2VuaG9yIGVzdGVqYSBjb250aWdvLg==,,W09iaXNwbyBQYXVsXQpRdcOpIGxvcyBkaW9zZXMKdGUgY3VpZGVu4oCm
t0CfBg,,W0Jpc2hvcCBQYXVsXQpQbGVhc2UgdGFrZSB5b3VyIHRpbWUuCllvdSBhcmUgYWx3YXlzIHdlbGNvbWVkLgpNYXkgR29kIGJsZXNzIHlvdS4uLg==,,,,,W0Jpc3BvIFRvbWFzXQpUb21lIG8gdGVtcG8gcXVlIGZvciBuZWNlc3PDoXJpby4KUXVhbmRvIHZvY8OqIHRpdmVyIGZlaXRvIHN1YSBkZWNpc8OjbywgZmFsZSBjb21pZ28u,,W09iaXNwbyBQYXVsXQpUw7NtYXRlIHR1IHRpZW1wby4KU2llbXByZSB0ZSByZWNpYmlyZW1vcyBhcXXDrS4KUXVlIGxvcyBkaW9zZXMgdGUgY3VpZGVu4oCm
uECfBg,,W0Jpc2hvcCBQYXVsXQpJIHNlZS4uLgpJIGFtIGRvaW5nIGZpbmUKYW5kIGFtIGluIGdvb2QgaGVhbHRoLgpUaGFuayB5b3UgZm9yIGFza2luZy4=,,,,,W0Jpc3BvIFRvbWFzXS4KRW50ZW5kby4uLgpFc3RvdSBpbmRvIGJlbQplIGVzdG91IGNvbSBib2Egc2HDumRlLgpPYnJpZ2FkbyBwb3IgcGVyZ3VudGFyLg==,,W09iaXNwbyBQYXVsXQpZYSB2ZW/igKYKTWUgdmEgYmllbgp5IGdvem8gZGUgYnVlbmEgc2FsdWQuCkdyYWNpYXMgcG9yIHByZWd1bnRhci4=
uUCfBg,,W0Jpc2hvcCBQYXVsXQ==,,,,,W0Jpc3BvIFRvbcOhc10KRW50w6NvIMOpIGlzc28uLi4=,,W09iaXNwbyBQYXVsXQ==
ukCfBg,,SSBob3BlIHlvdSB3aWxsIGNvbnRpbnVlIHRvIGdvIG9uIHlvdXIgbWlzc2lvbiBhcyBHb2QncyBzZXJ2YW50LCBicm90aGVyLg==,,,,,RXNwZXJvIHF1ZSB2b2PDqiBjb250aW51ZSBhIGN1bXByaXIgc3VhIG1pc3PDo28gY29tbyBzZXJ2byBkZSBEZXVzLCBpcm3Do28u,,RXNwZXJvIHF1ZSBzaWdhcyBjb24gdHUgbWlzacOzbiBzaXJ2aWVuZG8gYSBsb3MgZGlvc2VzLCBoZXJtYW5vLg==
u0CfBg,,SSBob3BlIHlvdSB3aWxsIGNvbnRpbnVlIHRvIGdvIG9uIHlvdXIgbWlzc2lvbiBhcyBHb2QncyBzZXJ2YW50LCBzaXN0ZXIu,,,,,RXNwZXJvIHF1ZSB2b2PDqiBjb250aW51ZSBhIGN1bXByaXIgc3VhIG1pc3PDo28gY29tbyBzZXJ2byBkZSBEZXVzLCBpcm3Doy4=,,RXNwZXJvIHF1ZSBzaWdhcyBjb24gdHUgbWlzacOzbiBjb21vIHNpcnZpZW5kbyBhIGxvcyBkaW9zZXMsIGhlcm1hbmEu
vECfBg,,W0Jpc2hvcCBQYXVsXQpIb3BlZnVsbHksIG91ciBwYXRocwp3aWxsIGNyb3NzIGFnYWluLgpNYXkgR29kIGJsZXNzIHlvdS4uLg==,,,,,W0Jpc3BvIFRvbcOhc10KVm9sdGUgdHJhemVuZG8gbm92aWRhZGVzLgpRdWUgbyBTZW5ob3IgZXN0ZWphIGNvbnRpZ28u,,W09iaXNwbyBQYXVsXQpFc3BlcmVtb3MgcXVlIG51ZXN0cm9zIGNhbWlub3MKdnVlbHZhbiBhIGNydXphcnNlLgpRdWUgbG9zIGRpb3NlcyB0ZSBjdWlkZW7igKY=
vUCfBg,,W0Jpc2hvcCBQYXVsXQpNYXkgSSBhc2sgeW91IHRoZSByZWFzb24geW91J3JlIHN0aWxsIGhlcmU/IFlvdSBkaWRuJ3QgZm9yZ2V0IHlvdXIgcGlsZ3JpbWFnZSwgZGlkIHlvdT8=,,,,,W0Jpc3BvIFRvbcOhc10KVm9jw6ogYWluZGEgZXN0w6EgYXF1aSE/Ck7Do28gbWUgZGlnYSBxdWUgdm9jw6ogZXNxdWVjZXUgZG8gY2FtaW5obyBkYSBwZXJlZ3JpbmHDp8Ojbz8=,,W09iaXNwbyBQYXVsXQrCv1B1ZWRvIHByZWd1bnRhcnRlIHBvciBxdcOpIHNpZ3VlcyBhcXXDrT8gTm8gdGUgb2x2aWRhc3RlIHR1IHBlcmVncmluYWNpw7NuLCDCv3ZlcmRhZD8=
vkCfBg,,U29ycnkgZmF0aGVyLCBJIG5lZWQgdG8gY2hlY2sgdGhlIG9yZGVyLg==,,,,,RXUgc2ludG8gbXVpdG8sIG1lIGV4cGxpcXVlIGRlIG5vdm8u,,TG8gc2llbnRvLCBwYWRyZSwgdGVuZ28gcXVlIHZlcmlmaWNhciBlbCBvcmRlbi4=
v0CfBg,,Tm8gbm8gbm8sIG5vdCBhdCBhbGwu,,,,,Q2xhcm8gcXVlIG7Do28hIEV1IHNlaSBkZSB0dWRvLg==,,Tm8sIG5vLCBubywgZW4gYWJzb2x1dG8u
wECfBg,,W0Jpc2hvcCBQYXVsXQpBaCwgSSBzZWUuIEkgd2lsbCBsZXQgeW91IGtub3cgdGhlIG9yZGVyIG9mIHBpbGdyaW1hZ2UgYWdhaW4sIGFuZCBob3BlIHRoYXQgeW91IHdpbGwgaGF2ZSBhIHNhZmUgam91cm5leS4=,,,,,W0Jpc3BvIFRvbcOhc10KU2FudGEgcGFjacOqbmNpYS4uLiBQcmVzdGUgbXVpdGEgYXRlbsOnw6NvIGRlc3NhIHZlei4KTsOjbyBxdWVybyBxdWUgdm9jw6ogc2UgbWV0YSBlbSBwcm9ibGVtYXMgbG9nbyBubyBwcmltZWlybyB0ZXN0ZS4=,,W09iaXNwbyBQYXVsXQpBaCwgZW50aWVuZG8uIFRlIGRpcsOpIGRlIG51ZXZvIGVsIG9yZGVuIGRlIGxhIHBlcmVncmluYWNpw7NuIHkgZXNwZXJvIHF1ZSB0ZW5nYXMgdW4gYnVlbiB2aWFqZS4=
wUCfBg,,W0Jpc2hvcCBQYXVsXQpGaXJzdCwgbWVldCBGYXRoZXIgUnViYWxrYWJhcmEuIEhlJ3MgYXQgdGhlIE5vcnRoZWFzdCBvZiB0aGUgUHJvbnRlcmEgcnVpbnMu,,,,,W0Jpc3BvIFRvbcOhc10KUHJpbWVpcm8sIHZvY8OqIGRldmUgZmFsYXIgY29tIG8gSXJtw6NvIFNpbcOjby4KRWxlIGVzdMOhIG5hIEFiYWRpYSwgYSBOb3JkZXN0ZSBkZSBQcm9udGVyYS4=,,W09iaXNwbyBQYXVsXQpQcmltZXJvLCByZcO6bmV0ZSBjb24gZWwgcGFkcmUgUnViYWxrYWJhcmEuIEVzdMOhIGFsIG5vcmVzdGUgZGUgbGFzIHJ1aW5hcyBkZSBQcm9udGVyYS4=
wkCfBg,,W0Jpc2hvcCBQYXVsXQpUaGVuLCByZW1lbWJlciB0byBtZWV0IFNpc3RlciBNYXRoaWxkYS4gU2hlJ3Mgc29tZXdoZXJlIG5lYXIgdGhlIHRvd24gb2YgTW9ycm9jLCBTb3V0aHdlc3Qgb2YgUHJvbnRlcmEu,,,,,W0Jpc3BvIFRvbWFzXQpFbnTDo28sIGxlbWJyZS1zZSBkZSBlbmNvbnRyYXIgYSBJcm3DoyBNYXRpbGRhLiBFbGEgZXN0w6EgZW0gYWxndW0gbHVnYXIgcGVydG8gZGEgY2lkYWRlIGRlIE1vcnJvYywgYSBzdWRvZXN0ZSBkZSBQcm9udGVyYS4=,,W09iaXNwbyBQYXVsXQpMdWVnbywgcmVjdWVyZGEgaXIgY29uIGxhIGhlcm1hbmEgTWF0aGlsZGEuIEVzdMOhIGVuIGFsZ8O6biBsdWdhciBjZXJjYSBkZWwgcHVlYmxvIGRlIE1vcnJvYywgYWwgc3Vyb2VzdGUgZGUgUHJvbnRlcmEu
w0CfBg,,W0Jpc2hvcCBQYXVsXQpBbmQgbGFzdGx5LCBwbGVhc2Ugc2VlayBvdXQgRmF0aGVyIFlvc3VrZS4gSGUgaXMgaW4gdGhlIGEgZmllbGQgTm9ydGh3ZXN0IG9mIFByb250ZXJhLg==,,,,,W0Jpc3BvIFRvbcOhc10KUG9yIMO6bHRpbW8sIHZvY8OqIGRldmUgdmlzaXRhciBvIElybcOjbyBCYXJ0b2xvbWV1LgpFbGUgc2UgZW5jb250cmEgZW0gdW1hIHBvbnRlLCBhIG5vcm9lc3RlIGRlIFByb250ZXJhLg==,,W09iaXNwbyBQYXVsXQpZLCBwb3Igw7psdGltbywgcG9yIGZhdm9yLCBidXNjYSBhbCBwYWRyZSBZb3N1a2UuIFNlIGVuY3VlbnRyYSBlbiB1biBjYW1wbyBhbCBub3JvZXN0ZSBkZSBQcm9udGVyYS4=
xECfBg,,W0Jpc2hvcCBQYXVsXQpXZWxsIHRoZW4sIEkgc2hhbGwgcHJheSBmb3IgeW91ciBzYWZlIGpvdXJuZXkuIElmIHlvdSB3YW50IG1vcmUgaW5mb3JtYXRpb24sIHBsZWFzZSBhc2sgU2lzdGVyIENlY2lsaWEu,,,,,W0Jpc3BvIFRvbcOhc10Kw4kgYm9tIHZvY8OqIGNvbWXDp2FyIGxvZ28gZXN0YSBzdWEgbG9uZ2EgcGVyZWdlcmluYcOnw6NvLgpRdWFscXVlciBkw7p2aWRhLCBmYWxlIGNvbSBhIElybcOjIENlY8OtbGlhLg==,,W09iaXNwbyBQYXVsXQpBaG9yYSByZXphcsOpIHBhcmEgcXVlIHRlbmdhcyB1biBidWVuIHZpYWplLiBTaSBxdWllcmVzIG3DoXMgaW5mb3JtYWNpw7NuLCBwcmVnw7pudGFsZSBhIGxhIG1vbmphIENlY2lsaWEu
xUCfBg,,W0Jpc2hvcCBQYXVsXQpXaGVuIHlvdSBnZXQgYmFjayBmcm9tIHRoZSBwaWxncmltYWdlLCBJIHdpbGwgbGV0IHlvdSBrbm93IHRoZSBuZXh0IHRlc3Qu,,,,,W0Jpc3BvIFRvbWFzXQpRdWFuZG8gdm9jw6ogdm9sdGFyIGRhIHBlcmVncmluYcOnw6NvLCBldSBvIGluZm9ybWFyZWkgc29icmUgbyBwcsOzeGltbyB0ZXN0ZS4=,,W09iaXNwbyBQYXVsXQpDdWFuZG8gdnVlbHZhcyBkZSBsYSBwZXJlZ3JpbmFjacOzbiwgdGUgZGlyw6kgc29icmUgbGEgcHLDs3hpbWEgcHJ1ZWJhLg==
xkCfBg,,W0Jpc2hvcCBQYXVsXQpNYXkgR29kIGJsZXNzIHlvdS4uLg==,,,,,W0Jpc3BvIFRvbcOhc10KQm9hIHNvcnRlLgpRdWUgbyBTZW5ob3IgZXN0ZWphIGNvbnRpZ28u,,W09iaXNwbyBQYXVsXQpRdWUgbG9zIGRpb3NlcyB0ZSBjdWlkZW7igKY=
x0CfBg,,W0Jpc2hvcCBQYXVsXQpJIHNlZS4gQnV0IHN0aWxsLCBpZiB5b3UgaGF2ZSBhbnkgcXVlc3Rpb25zLCB5b3UgbWF5IHdpc2ggdG8gYXNrIFNpc3RlciBDZWNpbGlhLiBTaGUgd2lsbCBhZGRyZXNzIGFueSBvZiB5b3VyIGNvbmNlcm5zLg==,,,,,W0Jpc3BvIFRvbcOhc10KU2Ugdm9jw6ogdGl2ZXIgY3VyaW9zaWRhZGUsIGNvbnN1bHRlIGEgSXJtw6MgQ2Vjw61saWEu,,W09iaXNwbyBQYXVsXQpZYSB2ZW8uIFBlcm8sIGF1biBhc8OtLCBzaSB0aWVuZXMgYWxndW5hIGR1ZGEsIHB1ZWRlcyBwcmVndW50YXJsZSBhIGxhIG1vbmphIENlY2lsaWEuIEVsbGEgYXRlbmRlcsOhIGN1YWxxdWllciBwcmVvY3VwYWNpw7NuIHF1ZSB0ZW5nYXMu
yECfBg,,W0Jpc2hvcCBQYXVsXQpXZWxsIHRoZW4sIEkgc2hhbGwgcHJheSBmb3IgeW91ciBzYWZlIGpvdXJuZXkuIE1heSBHb2QgYmxlc3MgeW91Li4u,,,,,W0Jpc3BvIFRvbcOhc10KVm9sdGUgdHJhemVuZG8gbm92aWRhZGVzLgpRdWUgbyBTZW5ob3IgZXN0ZWphIGNvbnRpZ28u,,W09iaXNwbyBQYXVsXQpBaG9yYSByZXphcsOpIHBhcmEgcXVlIHRlbmdhcyB1biBidWVuIHZpYWplLiBRdWUgbG9zIGRpb3NlcyB0ZSBjdWlkZW7igKY=
yUCfBg,,W0Jpc2hvcCBQYXVsXQpJIHNlZSB5b3UgaGF2ZSByZXR1cm5lZCBmcm9tIHlvdXIgbWVldGluZyB3aXRoIEZhdGhlciBSdWJhbGthYmFyYS4gSG93IGlzIGhlIGRvaW5nPyBJIGFtIHdvcnJpZWQgYWJvdXQgaGlzIGhlYWx0aCwgc2luY2UgaGUncyBiZWVuIHRoZXJlIGFsbCBhbG9uZS4uLiA=,,,,,W0Jpc3BvIFRvbWFzXQpWb2PDqiBqw6Egc2UgZW5jb250cm91IGNvbSBvIElybcOjbyBTaW3Do28sIHF1ZSBib20hCkNvbW8gZWxlIGVzdMOhPyBFbGUgc2VtcHJlIGZvaSB1bWEgZmlndXJhIGNvbSBhcXVlbGVzIFlveW9zLi4u,,W09iaXNwbyBQYXVsXQpWZW8gcXVlIHlhIHZvbHZpc3RlIGRlIHZlciBhbCBwYWRyZSBSdWJhbGthYmFyYS4gwr9RdcOpIHRhbCBsZSB2YT8gTWUgcHJlb2N1cGEgc3Ugc2FsdWQsIHlhIHF1ZSBlc3TDoSBtdWNobyB0aWVtcG8gc29sb+KApiA=
ykCfBg,,W0Jpc2hvcCBQYXVsXQpGb3IgeW91ciBuZXh0IHF1ZXN0LCB5b3Ugc2hvdWxkIG1lZXQgU2lzdGVyIE1hdGhpbGRhLiBJIHNoYWxsIGJlIGF3YWl0aW5nIHlvdXIgc2FmZSByZXR1cm4u,,,,,W0Jpc3BvIFRvbWFzXQpBIHByw7N4aW1hIGV0YXBhIMOpIHZpc2l0YXIgYSBJcm3DoyBNYXRpbGRhLgrDiSB1bWEgbG9uZ2EgdmlhZ2VtIGF0w6kgTW9ycm9jLCBib2Egc29ydGUh,,W09iaXNwbyBQYXVsXQpQYXJhIHR1IHNpZ3VpZW50ZSBtaXNpw7NuLCBkZWJlcyByZXVuaXJ0ZSBjb24gbGEgaGVybWFuYSBNYXRoaWxkYS4gRXN0YXLDqSBlc3BlcmFuZG8gdHUgcmVncmVzby4=
y0CfBg,,W0Jpc2hvcCBQYXVsXQpJIHNlZSB0aGF0IHlvdSBoYXZlIHJldHVybmVkIGZyb20geW91ciBqb3VybmV5IHRvIG1lZXQgU2lzdGVyIE1hdGhpbGRhLiBTaGUgaGFzIGJlZW4gbWVkaXRhdGluZyBpbiB0aGUgaG90LCBkcnkgZGVzZXJ0IGZvciBhIGxvbmcgdGltZS4=,,,,,W0Jpc3BvIFRvbcOhc10KVm9jw6ogasOhIHNlIGVuY29udHJvdSBjb20gYSBJcm3DoyBNYXRpbGRhLCBxdWUgw7N0aW1vIQpFbGEgasOhIGRldmUgZXN0YXIgYmVtIG1vcmVuYSBjb20gdG9kbyBhcXVlbGUgc29sLg==,,W09iaXNwbyBQYXVsXQpWZW8gcXVlIHlhIHJlZ3Jlc2FzdGUgZGUgdHUgdmlhamUgcGFyYSByZXVuaXJ0ZSBjb24gbGEgaGVybWFuYSBNYXRoaWxkYS4gTGxldmEgbXVjaG8gdGllbXBvIG1lZGl0YW5kbyBlbiBlbCBjYWx1cm9zbyB5IHNlY28gZGVzaWVydG8u
zECfBg,,W0Jpc2hvcCBQYXVsXQpGaW5hbGx5LCBpdCBpcyBub3cgdGltZSBmb3IgeW91IHRvIG1lZXQgRmF0aGVyIFlvc3VrZS4gSGUgaXMgZG9pbmcgcGVuYW5jZSBzb21ld2hlcmUgYXJvdW5kIGEgZmllbGQgTm9ydGh3ZXN0IG9mIFByb250ZXJhLiBQbGVhc2Ugc2VlayBoaW0gb3V0LCBhbmQgdGhlbiByZXR1cm4gaGVyZSB0byBtZS4=,,,,,W0Jpc3BvIFRvbcOhc10KUG9yIMO6bHRpbW8sIHZvY8OqIGRldmUgdmlzaXRhciBvIElybcOjbyBCYXJ0b2xvbWV1LgpFbGVzIGVzdMOhIGEgTm9yb2VzdGUgZGFxdWksIHByw7N4aW1vIGEgdW1hIHBvbnRlLg==,,W09iaXNwbyBQYXVsXQpQb3Igw7psdGltbywgaGEgbGxlZ2FkbyBlbCBtb21lbnRvIGRlIHF1ZSBjb25vemNhcyBhbCBwYWRyZSBZb3N1a2UuIEVzdMOhIGhhY2llbmRvIHBlbml0ZW5jaWEgZW4gYWxnw7puIGNhbXBvIGFsIG5vcm9lc3RlIGRlIFByb250ZXJhLiBQb3IgZmF2b3IsIGLDunNjYWxvLCB5IGx1ZWdvIHZ1ZWx2ZSBhcXXDrSBjb25taWdvLg==
zUCfBg,,W0Jpc2hvcCBQYXVsXQpZb3UndmUgYWNjb21wbGlzaGVkCnlvdXIgcGlsZ3JpbWFnZS4KQ29uZ3JhdHVsYXRpb25zLg==,,,,,W0Jpc3BvIFRvbcOhc10KVm9jw6ogasOhIGVuY29udHJvdSBjb20gdG9kb3Mgb3MgMyBpcm3Do29zIQpQYXJhYsOpbnMsIHZvY8OqIHRlcm1pbm91IGEgcGVyZWdyaW5hw6fDo28h,,W09iaXNwbyBQYXVsXQpDb21wbGV0YXN0ZQp0dSBwZXJlZ3JpbmFjacOzbi4KRmVsaWNpdGFjaW9uZXMu
zkCfBg,,W0Jpc2hvcCBQYXVsXQpOb3cgaXQgaXMgdGltZSB0byBiZWdpbiB5b3VyIHNwaXJpdHVhbCB0cmFpbmluZy4gQXMgSSBtZW50aW9uZWQgYmVmb3JlLCB5b3UgbWF5IGJyaW5nIGEgUHJpZXN0IHRvIGhlbHAgeW91IGR1cmluZyB0aGlzIHRyYWluaW5nLg==,,,,,W0Jpc3BvIFRvbcOhc10KQWdvcmEsIHZhbW9zIGNvbWXDp2FyIG8gc2VndW5kbyB0ZXN0ZSwgRXhvcmNpc21vLgpDb21vIGV1IGrDoSBsaGUgZGlzc2UsIHZvY8OqIHBvZGUgdGVyIGEgYWp1ZGEgZGUgU2FjZXJkb3RlcyBuZXN0ZSB0ZXN0ZS4=,,W09iaXNwbyBQYXVsXQpBaG9yYSBlcyBtb21lbnRvIGRlIGNvbWVuemFyIHR1IGVudHJlbmFtaWVudG8gZXNwaXJpdHVhbC4gQ29tbyBkaWplIGFudGVzLCBwdWVkZXMgdHJhZXIgYSB1biBTYWNlcmRvdGUgcGFyYSBxdWUgdGUgYXl1ZGUgZHVyYW50ZSBlc3RlIGVudHJlbmFtaWVudG8u
z0CfBg,,W0Jpc2hvcCBQYXVsXQpBbHRob3VnaCB5b3UgY2Fubm90IHJlY2VpdmUgdGhlaXIgaGVscCB0aHJvdWdob3V0IGFsbCBvZiB0aGUgdGVzdGluZywgdGhleSBjYW4gYXQgbGVhc3QgaGVscCB5b3UgZHVyaW5nIHRoZSBzcGlyaXR1YWwgdHJhaW5pbmcu,,,,,W0Jpc3BvIFRvbcOhc10KRWxlIG7Do28gdmFpIHBvZGVyIHRlIGFqdWRhciBlbSB0dWRvLCBtYXMgY29tIGNlcnRlemEgc2Vyw6EgdW0gYXBvaW8gaW1wb3J0YW50ZS4K,,W09iaXNwbyBQYXVsXQpBdW5xdWUgbm8gcHVlZGEgYXl1ZGFydGUgZHVyYW50ZSB0b2RhcyBsYXMgcHJ1ZWJhcywgYWwgbWVub3MgcHVlZGUgYXl1ZGFydGUgZHVyYW50ZSBlbCBlbnRyZW5hbWllbnRvIGVzcGlyaXR1YWwu
0ECfBg,,W0Jpc2hvcCBQYXVsXQpXZWxsLCBhcmUgeW91IHJlYWR5IGZvcgp0aGUgc3Bpcml0dWFsIHRyYWluaW5nPw==,,,,,W0Jpc3BvIFRvbcOhc10KVm9jw6ogcXVlciBjb21lw6dhciBvIEV4b3JjaXNtbyBhZ29yYT8KVGVtIGNlcnRlemE/,,W09iaXNwbyBQYXVsXQpCdWVubywgwr9xdWllcmVzIGluaWNpYXIKZW50cmVuYW1pZW50byBlc3Bpcml0dWFsPw==
0UCfBg,,SSdtIHJlYWR5Lg==,,,,,RXN0b3UgcHJvbnRvLg==,,VG9kbyBsaXN0by4=
0kCfBg,,W0Jpc2hvcCBQYXVsXQpObyBwcm9ibGVtLAp0YWtlIHlvdXIgdGltZS4KTWF5IEdvZCBncmFudCB5b3UKdGhlIHN0cmVuZ3RoIHRvCm92ZXJjb21lIHlvdXIgZmVhcnMuLi4=,,,,,W0Jpc3BvIFRvbWFzXQpOw6NvIHRlbSBwcm9ibGVtYSwKbsOjbyB0ZW5oYSBwcmVzc2EuClF1ZSBEZXVzIGxoZSBjb25jZWRhCmEgZm9yw6dhIHBhcmEKc3VwZXJhciBzZXVzIG1lZG9zLi4u,,W09iaXNwbyBQYXVsXQpObyBoYXkgcHJvYmxlbWEsCnTDs21hdGUgdHUgdGllbXBvLgpRdWUgbG9zIGRpb3NlcyB0ZSBjb25jZWRhbgpsYSBmdWVyemEgcGFyYQpzdXBlcmEgdHVzIG1pZWRvc+KApg==
00CfBg,,W0Jpc2hvcCBQYXVsXQpZb3Ugc2VlbSBjb25maWRlbnQgYWJvdXQgdGhlIHNwaXJpdHVhbCB0cmFpbmluZy4gU2hhbGwgd2UgYmVnaW4/,,,,,W0Jpc3BvIFRvbWFzXQpWb2PDqiBwYXJlY2UgY29uZmlhbnRlIHF1YW50byBhbyBFeG9yY2lzbW8uIFZhbW9zIGNvbWXDp2FyPw==,,W09iaXNwbyBQYXVsXQpQYXJlY2VzIHRlbmVyIGNvbmZpYW56YSBlbiBxdWUgc3VwZXJhcsOhcyBlbCBlbnRyZW5hbWllbnRvIGVzcGlyaXR1YWwuIMK/RW1wZXphbW9zPw==
1ECfBg,,W0Jpc2hvcCBQYXVsXQpZb3UgbG9vayB0aXJlZCBhbmQgZXhoYXVzdGVkLiBIb3dldmVyLCB5b3UgbXVzdCBlbmR1cmUgZXZlbiBtb3JlIHN1ZmZlcmluZyBvbmNlIHlvdSBiZWNvbWUgYSBQcmllc3Qu,,,,,W0Jpc3BvIFRvbcOhc10KVm9jw6ogcGFyZWNlIGVzdGFyIG11aXRvIGNhbnNhZG8uLi4gTWFzIGVzdGUgw6kgdW0gdGVzdGUgbXVpdG8gaW1wb3J0YW50ZSBwYXJhIHNlIHRvcm5hciB1bSBTYWNlcmRvdGUu,,W09iaXNwbyBQYXVsXQpUdSBjdWVycG8gbHVjZSBjYW5zYWRvIHkgZXh0ZW51YWRvLiBTaW4gZW1iYXJnbywgZGViZXLDoXMgc29wb3J0YXIgYcO6biBtw6FzIHN1ZnJpbWllbnRvIHVuYSB2ZXogcXVlIHRlIGNvbnZpZXJ0YXMgZW4gU2FjZXJkb3RlLg==
1UCfBg,,W0Jpc2hvcCBQYXVsXQpQbGVhc2UgZW5kdXJlIHRoZXNlIHRyaWFscyBmb3IgdGhlIHNha2Ugb2YgeW91ciBkcmVhbS4gV2h5IGRvbid0IHlvdSBjaGFsbGVuZ2UgdGhlIHNwaXJpdHVhbCB0cmFpbmluZyBhZ2Fpbj8=,,,,,W0Jpc3BvIFRvbWFzXQpWb2PDqiBuw6NvIGRldmUgZnJlcXVlamFyLiBWYWkgdGVudGFyIG1haXMgdW1hIHZlej8=,,W09iaXNwbyBQYXVsXQpQb3IgZmF2b3IsIHNvcG9ydGEgZXN0YXMgcHJ1ZWJhcyBwb3IgZWwgYmllbiBkZSB0dSBzdWXDsW8uIMK/UG9yIHF1w6kgbm8gdnVlbHZlcyBhIGRlc2FmaWFyIGVsIGVudHJlbmFtaWVudG8gZXNwaXJpdHVhbD8=
1kCfBg,,SSdsbCB0cnkgYWdhaW4u,,,,,Vm91IHRlbnRhciBub3ZhbWVudGUu,,TG8gaW50ZW50YXLDqSBkZSBudWV2by4=
10CfBg,,W0Jpc2hvcCBQYXVsXQpHb29kLiBJIHdpbGwgc2VuZCB5b3UgdG8gdGhlIHRyYWluaW5nIGdyb3VuZC4gUGxlYXNlIGFzayBmb3IgaGVscCBmcm9tIEJyb3RoZXIgUGV0ZXIu,,,,,W0Jpc3BvIFRvbWFzXS4Kw5N0aW1vLiBFdSBvIGVudmlhcmVpIHBhcmEgbyBjYW1wbyBkZSB0cmVpbmFtZW50by4gUG9yIGZhdm9yLCBwZcOnYSBhanVkYSBhbyBJcm3Do28gUGVkcm8u,,W09iaXNwbyBQYXVsXQpCaWVuLiBUZSBlbnZpYXLDqSBhbCBjYW1wbyBkZSBlbnRyZW5hbWllbnRvLiBQaWRlIGF5dWRhIGFsIGhlcm1hbm8gUGV0ZXIu
2ECfBg,,W0Jpc2hvcCBQYXVsXQpJIGFtIGdsYWQgdGhhdCB5b3UndmUgZG9uZSB3ZWxsIHdpdGggdGhlIHNwaXJpdHVhbCB0cmFpbmluZy4gQ29uZ3JhdHVsYXRpb25zLiBZb3UgYXJlIG5vdyBxdWFsaWZpZWQgdG8gYmUgY2FsbGVkIGEgUHJpZXN0Lg==,,,,,W0Jpc3BvIFRvbcOhc10KRXUgZmljbyBmZWxpeiBxdWUgdm9jw6ogdGVuaGEgdGVybWluYWRvIG8gRXhvcmNpc21vIHPDo28gZSBzYWx2by4KVm9jw6ogc3VwZXJvdSB0b2RvcyBvcyBvYnN0YWN1bG9zIHF1ZSBzZSBpbXB1c2VyYW0gYSBzdWEgZsOpLg==,,W09iaXNwbyBQYXVsXQpNZSBhbGVncmEgcXVlIHRlIGhheWEgaWRvIGJpZW4gY29uIGVsIGVudHJlbmFtaWVudG8gZXNwaXJpdHVhbC4gRmVsaWNpdGFjaW9uZXMuIFlhIHJlw7puZXMgbG9zIHJlcXVpc2l0b3MgcGFyYSBxdWUgdGUgbGxhbWVuIFNhY2VyZG90ZS4=
2UCfBg,,W0Jpc2hvcCBQYXVsXQpOb3csIHlvdSBtdXN0IGdvIGFuZCBzd2VhciB5b3VyIGRldm90aW9uIHRvIEdvZCB3aXRoIFNpc3RlciBDZWNpbGlhLiBEb24ndCBiZSBuZXJ2b3VzLi4u,,,,,W0Jpc3BvIFRvbcOhc10KRmFsZSBkZSBub3ZvIGNvbSBhIElybcOjIENlY8OtbGlhIGUgZmHDp2Egc2V1IGp1cmFtZW50by4KU2Ugdm9jw6ogbsOjbyBhY2VydGFyLCDDqSBtZWxob3IgcXVlIGZhw6dhIHVtYSBwZXJlZ3JpbmHDp8OjbyBwYXJhIGxpbXBhciBhIHN1YSBtZW50ZS4=,,W09iaXNwbyBQYXVsXQpBaG9yYSBkZWJlcyBpciB5IGp1cmFyIHR1IGRldm9jacOzbiBhIGxvcyBkaW9zZXMgY29uIGxhIG1vbmphIENlY2lsaWEuIE5vIHNpZW50YXMgbmVydmlvc+KApg==
2kCfBg,,W0Jpc2hvcCBQYXVsXQpKdXN0IGFuc3dlciBob25lc3RseSwgYW5kIGxpc3RlbiB0byB0aGUgdm9pY2Ugb2YgR29kIHRoYXQgc3BlYWtzIHF1aWV0bHkgaW4geW91ciBoZWFydC4=,,,,,W0Jpc3BvIFRvbWFzXQpBbmRlLCBhbmRlLgpPdcOnYSBEZXVzIGVtIHNldSBjb3Jhw6fDo28u,,W09iaXNwbyBQYXVsXQpSZXNwb25kZSBjb24gc2luY2VyaWRhZCB5IGVzY3VjaGEgbGEgdm96IGRlIGxvcyBkaW9zZXMgc3VzdXJyw6FuZG9sZSBhIHR1IGNvcmF6w7NuLg==
20CfBg,,W0Jpc2hvcCBQYXVsXQpXZWxsIHRoZW4uLi4KSSB3aWxsIGJlIGhlcmUKd2FpdGluZyBmb3IgeW91Lg==,,,,,W0Jpc3BvIFRvbWFzXQpCZW0sIGVudMOjby4uLgpFdSBlc3RhcmVpIGFxdWkKZXNwZXJhbmRvIHBvciB2b2PDqi4=,,W09iaXNwbyBQYXVsXQpCdWVub+KApgp5byBlc3RhcsOpIGFxdcOtCmVzcGVyw6FuZG90ZS4=
3ECfBg,,W0Jpc2hvcCBQYXVsXQpIbW0/IFlvdSBoYXZlbid0IG1hZGUgeW91ciBvYXRoIHlldC4uLj8gV2l0aG91dCB0aGUgY29udmljdGlvbiBvZiBhbiBvYXRoIHRvIEdvZCwgeW91IG1heSBiZSB0ZW1wdGVkIGJ5IGV2aWwgYXQgYW55dGltZS4=,,,,,W0Jpc3BvIFRvbcOhc10KUXXDqj8gTyBxdWUgaG91dmUgZGUgZXJyYWRvPyBWb2PDqiBjb21ldGV1IHVtIGVycm8gbm8ganVyYW1lbnRvPwpTZSB2b2PDqiBuw6NvIHRlbSBEZXVzIG5vIGNvcmHDp8Ojbywgw6kgbXVpdG8gZmFjaWwgc2VyIGVuZ2FuYWRvIHBvciBTYXRhbsOhcy4=,,W09iaXNwbyBQYXVsXQrCv01tbT8gwr9Bw7puIG5vIGhpY2lzdGUgdHUganVyYW1lbnRvPyBTaW4gbGEgY29udmljY2nDs24gZGUgdW4ganVyYW1lbnRvIGEgbG9zIGRpb3NlcywgZWwgbWFsIHB1ZWRlIHRlbnRhcnRlIGVuIGN1YWxxdWllciBtb21lbnRvLg==
3UCfBg,,W0Jpc2hvcCBQYXVsXQpZb3Ugc2hvdWxkIGdvIHRvIHNpc3RlciBDZWNpbGlhIGFuZCBwcm9taXNlIHlvdXIgZGV2b3Rpb24gdG8gR29kLiBSZXR1cm4gaGVyZSB3aXRoIGhvbm9yLCBhbmQgbGlzdGVuIHRvIHRoZSB2b2ljZSBvZiBHb2QgdGhhdCBzcGVha3MgcXVpZXRseSBpbiB5b3VyIGhlYXJ0Lg==,,,,,W0Jpc3BvIFRvbWFzXQpGYWxlIGRlIG5vdm8gY29tIGEgSXJtw6MgQ2Vjw61saWEgZSBmYcOnYSBzZXUganVyYW1lbnRvLgpTZSB2b2PDqiBuw6NvIGFjZXJ0YXIsIMOpIG1lbGhvciBxdWUgZmHDp2EgdW1hIHBlcmVncmluYcOnw6NvIHBhcmEgbGltcGFyIGEgc3VhIG1lbnRlLg==,,W09iaXNwbyBQYXVsXQpEZWJlcsOtYXMgaXIgYSB2ZXIgYSBsYSBtb25qYSBDZWNpbGlhIHkganVyYXJsZSB0dSBkZXZvY2nDs24gYSBEaW9zLiBWdWVsdmUgYXF1w60gY29uIGhvbm9yIHkgZXNjdWNoYSBsYSB2b3ogZGUgZGlvc2VzIHN1c3VycsOhbmRvbGUgYSB0dSBjb3JhesOzbi4=
3kCfBg,,W0Jpc2hvcCBQYXVsXQpZb3UgaGF2ZSByZW1haW5pbmcgc2tpbGxzIHBvaW50cy4gUGxlYXNlIHVzZSB0aGVzZSBza2lsbCBwb2ludHMgdG8gdXBncmFkZSB5b3VyIHNraWxscywgYW5kIHRoZW4gcmV0dXJuIHRvIG1lLg==,,,,,W0Jpc3BvIFRvbcOhc10KQW50ZXMgZGUgc2VyIHRvcm5hciB1bWEgU2FjZXJkb3Rpc2EsIHZvY8OqIGRldmUgdXRpbGl6YXIgdG9kb3Mgb3Mgc2V1cyBQb250b3MgZGUgSGFiaWxpZGFkZXMuCkZhbGUgY29taWdvIHF1YW5kbyB0aXZlciB1c2FkbyB0b2RvcyBvcyBwb250b3Mu,,W09iaXNwbyBQYXVsXQpBw7puIHRpZW5lcyBwdW50b3MgZGUgaGFiaWxpZGFkLiBQb3IgZmF2b3IsIHV0aWxpemEgZXN0b3MgcHVudG9zIGRlIGhhYmlsaWRhZCBwYXJhIG1lam9yYXIgdHVzIGhhYmlsaWRhZGVzIHkgbHVlZ28gdnVlbHZlIGEgdmVybWUu
30CfBg,,UGxlYXNlIGdldCBvZmYgb2YgdGhhdCBjcmVhdHVyZSB5b3UncmUgcmlkaW5nIG9uCnRoZW4gY29tZSB0byBmaW5kIG1lIGFnYWluLi4u,,,,,W1RvbWFzIEJpc2hvcF0KIEVucXVhbnRvIHV0aWxpemFyIG1vbnRhcmlhLAogbsOjbyBwb2RlcsOhIGNvbnRpbnVhciwKIHBvcnRhbnRvIGRlc21vbnRlIGUgdGVudGUgbm92YW1lbnRlIQ==,,QsOhamF0ZSBkZSBsYSBjcmlhdHVyYSBxdWUgZXN0w6FzIG1vbnRhbmRvCnkgbHVlZ28gdnVlbHZlIGEgdmVybWUuLi4=
4ECfBg,,W0Jpc2hvcCBQYXVsXQpDb25ncmF0dWxhdGlvbnMsIHlvdSBoYXZlIGNvbXBsZXRlZCB0aGUgdHJpYWxzIHJlcXVpcmVkIG9mIGFsbCBQcmllc3RzLiBMZXQgbWUgcHJvbW90ZSB5b3UgdG8gdGhlIHBvc2l0aW9uIG9mIFByaWVzdCByaWdodCBhd2F5Lg==,,,,,W0Jpc3BvIFRvbcOhc10KTWV1cyBwYXJhYsOpbnMhIFZvY8OqIHBhc3NvdSBlbSB0b2RvcyBvcyB0ZXN0ZXMhCkFnb3JhIGV1IHBvc3NvIHNhY3LDoS1sYSBTYWNlcmRvdGlzYS4=,,W09iaXNwbyBQYXVsXQpGZWxpY2l0YWNpb25lcywgY29tcGxldGFzdGUgbGFzIHBydWViYXMgbmVjZXNhcmlhcyBwYXJhIHRvZG9zIGxvcyBTYWNlcmRvdGVzLiBQZXJtw610ZW1lIHByb21vdmVydGUgYWwgcHVlc3RvIGRlIFNhY2VyZG90ZSBkZSBpbm1lZGlhdG8u
4UCfBg,,W0Jpc2hvcCBQYXVsXQpHb2QsIGdyYW50IHlvdXIgcG93ZXIgdG8geW91ciBzZXJ2YW50IHN0YW5kaW5nIGJlZm9yZSB5b3Uu,,,,,W0Jpc3BvIFRvbcOhc10KTWV1cyBwYXJhYsOpbnMhIFZvY8OqIHBhc3NvdSBlbSB0b2RvcyBvcyB0ZXN0ZXMuCkV1IGxoZSBhYmVuw6dvbyBlbSBub21lIGRvIFNlbmhvci4=,,W09iaXNwbyBQYXVsXQpEaW9zZXMsIGNvbmPDqWRhbmxlIHN1IHBvZGVyIGEgdHUgc2lydmllbnRlIHF1ZSBzZSBwcmVzZW50YSBhbnRlIHRpLg==
4kCfBg,,TGV0IGhpbSBzZW5kIHlvdXIgbWVzc2FnZSB0aHJvdWdob3V0IHRoZSBlbmRzIG9mIHRoZSBlYXJ0aC4=,,,,,W0Jpc3BvIFRvbcOhc10KT2ggU2VuaG9yLCBhZ3JhZGVjZW1vcyBwZWxhIHR1YSBncmHDp2EsCk5vcyBkw6ogZm9yw6dhcyBwYXJhIHJlYWxpemFybW9zIHZvc3NhIHZvbnRhZGUu,,UXVlIGVudsOtZSB0dSBtZW5zYWplIGEgdG9kb3MgbG9zIGNvbmZpbmVzIGRlIGxhIFRpZXJyYS4=
40CfBg,,TGV0IGhlciBzZW5kIHlvdXIgbWVzc2FnZSB0aHJvdWdob3V0IHRoZSBlbmRzIG9mIHRoZSBlYXJ0aC4=,,,,,W0Jpc3BvIFRvbcOhc10KT2ggU2VuaG9yLCBhZ3JhZGVjZW1vcyBwZWxhIHR1YSBncmHDp2EuCk7Ds3MgZMOqIGZvcsOnYXMgcGFyYSByZWFsaXphcm1vcyB2b3NzYSB2b250YWRlLg==,,UXVlIGVudsOtZSB0dSBtZW5zYWplIGEgdG9kb3MgbG9zIGNvbmZpbmVzIGRlIGxhIFRpZXJyYS4=
5ECfBg,,W0Jpc2hvcCBQYXVsXQpNYWtlIHRoaXMgc2VydmFudCBvZiB5b3VycyBhbiBpbnN0cnVtZW50IG9mIHlvdXIgbWlyYWN1bG91cyB3b3Jrcy4uLg==,,,,,W0Jpc3BvIFRvbcOhc10KQ29uY2VkZS1ub3MgbyBjYW1pbmhvLApwZXJtaXRhLW5vcyBxdWUgcmVhbGl6ZW1vcyBtaWxhZ3JlcyBlbSB2b3NzbyBub21lLg==,,W09iaXNwbyBQYXVsXQpIYXogZGUgdHUgc2lydmllbnRlIGluc3RydW1lbnRvIGRlIHR1cyBtaWxhZ3Jvc+KApg==
5UCfBg,,W0Jpc2hvcCBQYXVsXQpOb3cgeW91IGFyZSBib3JuIGFnYWluIGFzIGEgUHJpZXN0LiBJIGNvbmdyYXR1bGF0ZSB5b3UsIGFuZCBob3BlIHlvdSB3aWxsIGdyZWF0bHkgaGVscCBvdGhlciBwZW9wbGUgZm9yIHRoZSByZXN0IG9mIHlvdXIgbGlmZS4=,,,,,W0Jpc3BvIFRvbWFzXQpBZ29yYSB2b2PDqiDDqSB1bWEgZGUgbsOzcy4KRXUgYSBwYXJhYmVuaXpvIG5vdmFtZW50ZS4gTsOjbyBzZSBlc3F1ZcOnYSBkZSBzZXUganVyYW1lbnRvLg==,,W09iaXNwbyBQYXVsXQpIYXMgdnVlbHRvIGEgbmFjZXIgY29tbyBTYWNlcmRvdGUuIFRlIGZlbGljaXRvIHkgZXNwZXJvIHF1ZSBheXVkZXMgbXVjaG8gYSBvdHJhcyBwZXJzb25hcyBkdXJhbnRlIGVsIHJlc3RvIGRlIHR1IHZpZGEu
5kCfBg,,W0Jpc2hvcCBQYXVsXQpJbiBjb21tZW1vcmF0aW9uIG9mIHlvdXIgam9iIGNoYW5nZSwgSSBhbSBnaXZpbmcgeW91IGEgYmlibGUuIFRoaXMgd2lsbCBsaWdodGVuIHlvdXIgd2F5IHRvIHRoZSBwYXRoIG9mIHJpZ2h0ZW91c25lc3Mu,,,,,W0Jpc3BvIFRvbcOhc10KRXN0YSBiw61ibGlhIMOpIHBhcmEgY2VsZWJyYXIgYSBzdWEgdHJhbnNmb3JtYcOnw6NvIGVtIFNhY2VyZG90aXNhLgpFbGEgc2Vyw6EgZGUgZ3JhbmRlIGFqdWRhIHF1YW5kbyBlbmZyZW50YXIgYXMgaG9yZGFzIGRvIG1hbC4=,,W09iaXNwbyBQYXVsXQpBIG1vZG8gZGUgY2VsZWJyYWNpw7NuIHBvciB0dSBjYW1iaW8gZGUgY2xhc2UsIHRlIHJlZ2FsbyB1bmEgYmlibGlhLiBFc3RvIGlsdW1pbmFyw6EgdHUgY2FtaW5vIGhhY2lhIGxhIHNlbmRhIGRlIGxhIHJlY3RpdHVkLg==
50CfBg,,W0Jpc2hvcCBQYXVsXQpZb3UndmUgc2hvd24gZ3JlYXQgZWZmb3J0LCBhbmQgaGF2ZSBtYWRlIGFkbWlyYWJsZSBwcm9ncmVzcyBpbiB5b3VyIHBlcnNvbmFsIHF1ZXN0IGZvciBob2xpbmVzcy4gUGxlYXNlIGxlYWQgeW91ciBsaWZlIGFzIGEgc2luY2VyZSBQcmllc3QuLi4=,,,,,W0Jpc3BvIFRvbcOhc10KTW9uc3RyZSBhIG5vc3NvcyBpcm3Do29zIGUgaXJtw6NzIGNvbW8gdXNhciBhcyBzdWFzIGhhYmlsaWRhZGVzLgpQZXJtaXRhLW5vcyBxdWUgcmVhbGl6ZW1vcyBtaWxhZ3JlcyBlbSB2b3NzbyBub21lIQ==,,W09iaXNwbyBQYXVsXQpEZW1vc3RyYXN0ZSBncmFuIGRldGVybWluYWNpw7NuIHkgZWwgcHJvZ3Jlc28gcXVlIGhpY2lzdGUgZW4gdHUgbWlzacOzbiBwZXJzb25hbCBoYWNpYSBsYSBzYW50aWRhZCByZXN1bHRhIGFkbWlyYWJsZS4gUG9yIGZhdm9yLCBndcOtYSB0dSB2aWRhIGNvbiBsYSBzaW5jZXJpZGFkIGRlIHVuIFNhY2VyZG90ZeKApg==
6ECfBg,,W0Jpc2hvcCBQYXVsXQpBbmQuLi4KVGhpcyBib29rIGlzIGZvciB5b3UuIEkgaG9wZSBpdCB3aWxsIGFpZCB5b3UgaW4gc3ByZWFkaW5nIEdvZCdzIG1lc3NhZ2Ugb24gZWFydGgu,,,,,W0Jpc3BvIFRvbcOhc10KRXN0ZSBsaXZybyDDqSBwYXJhIGNlbGVicmFyIGEgc3VhIHRyYW5zZm9ybWHDp8OjbyBlbSBTYWNlcmRvdGlzYS4KRWxlIHNlcsOhIGRlIGdyYW5kZSBhanVkYSBxdWFuZG8gZW5mcmVudGFyIGFzIGhvcmRhcyBkbyBtYWwu,,W09iaXNwbyBQYXVsXQpZ4oCmCkVzdGUgbGlicm8gZXMgcGFyYSB0aS4gRXNwZXJvIHF1ZSB0ZSBheXVkZSBhIGRpZnVuZGlyIGVsIG1lbnNhamUgZGUgbG9zIGRpb3NlcyBlbiBsYSBUaWVycmEu
6UCfBg,,U2lzdGVyIENlY2lsaWE=,,,,,SXJtw6MgQ2Vjw61saWEg,,TW9uamEgQ2VjaWxpYQ==
6kCfBg,,W1Npc3RlciBDZWNpbGlhXQpNYXkgZ29kIGJsZXNzIHlvdSwgYnJvdGhlci4gSXQgYnJpbmdzIG15IGhlYXJ0IGpveSB0byBzZWUgdGhhdCB5b3Ugd29ya2luZyBoYXJkIHRvIGNhcnJ5IG91dCB0aGUgd2lsbCBvZiBHb2Qu,,,,,W0lybcOjIENlY8OtbGlhXQpEZXVzIG8gYWJlbsOnb2UsIGlybcOjby4KVGVuaGEgRsOpLg==,,W01vbmphIENlY2lsaWFdClF1ZSBsb3MgZGlvc2VzIHRlIGN1aWRlbiwgaGVybWFuby4gTWUgYWxlZ3JhIGVsIGNvcmF6w7NuIHZlciBjdcOhbnRvIHRlIGVzZnVlcnphcyBwb3IgY3VtcGxpciBsYSB2b2x1bnRhZCBkZSBsb3MgZGlvc2VzLg==
60CfBg,,W1Npc3RlciBDZWNpbGlhXQpNYXkgZ29kIGJsZXNzIHlvdSwgc2lzdGVyLiBJdCBicmluZ3MgbXkgaGVhcnQgam95IHRvIHNlZSB0aGF0IHlvdSB3b3JraW5nIGhhcmQgdG8gY2Fycnkgb3V0IHRoZSB3aWxsIG9mIEdvZC4=,,,,,W0lybcOjIENlY8OtbGlhXQpEZXVzIGEgYWJlbsOnb2UsIGlybcOjLgpUZW5oYSBGw6ku,,W01vbmphIENlY2lsaWFdClF1ZSBsb3MgZGlvc2VzIHRlIGN1aWRlbiwgaGVybWFuYS4gTWUgYWxlZ3JhIGVsIGNvcmF6w7NuIHZlciBjdcOhbnRvIHRlIGVzZnVlcnphcyBwb3IgY3VtcGxpciBsYSB2b2x1bnRhZCBkZSBsb3MgZGlvc2VzLg==
7ECfBg,,W1Npc3RlciBDZWNpbGlhXQpNYXkgZ29kIGJsZXNzIHlvdSwgYnJvdGhlci4=,,,,,W0lybcOjIENlY8OtbGlhXQpEZXVzIG8gYWJlbsOnb2UsIGlybcOjby4=,,W01vbmphIENlY2lsaWFdClF1ZSBsb3MgZGlvc2VzIHRlIGN1aWRlbiwgaGVybWFuby4=
7UCfBg,,W1Npc3RlciBDZWNpbGlhXQpNYXkgZ29kIGJsZXNzIHlvdSwgc2lzdGVyLg==,,,,,W0lybcOjIENlY8OtbGlhXQpEZXVzIGEgYWJlbsOnb2UsIGlybcOjLg==,,W01vbmphIENlY2lsaWFdClF1ZSBsb3MgZGlvc2VzIHRlIGN1aWRlbiwgaGVybWFuYS4=
7kCfBg,,UHJvbnRlcmEgcGFyaXNoIHdlbGNvbWVzIHlvdS4=,,,,,QmVtIHZpbmRhIMOgIENhdGVkcmFsIGRlIFByb250ZXJhLg==,,TGEgcGFycm9xdWlhIGRlIFByb250ZXJhIHRlIGRhIGxhIGJpZW52ZW5pZGEu
70CfBg,,W1Npc3RlciBDZWNpbGlhXQpPaCwgeW91IGhhdmVuJ3QgY2hvc2VuIGEgam9iIHlldD8gV2h5IGRvbid0IHlvdSBjb25zaWRlciBkZXZvdGluZyB5b3VyIGxpZmUgdG8gR29kPw==,,,,,W0lybcOjIENlY8OtbGlhXQpWb2PDqiBhaW5kYSBuw6NvIGRlY2lkaXUgYSBzdWEgZnVuw6fDo28uIFBvciBxdWUgbsOjbyBzZSBqdW50YSBhIG7Ds3M/Cg==,,W01vbmphIENlY2lsaWFdCsK/QcO6biBubyBoYXMgZWxlZ2lkbyB1bmEgY2xhc2U/IMK/UG9yIHF1w6kgbm8gY29uc2lkZXJhcyBkZWRpY2FyIHR1IHZpZGEgYSBsb3MgZGlvc2VzPw==
8ECfBg,,W1Npc3RlciBDZWNpbGlhXQpZb3UgY2FuIGxlYWQgYSBmdWxmaWxsaW5nIGxpZmUgYXMgYW4gQWNvbHl0ZSwgaGVscGluZyBvdXQgb3RoZXIgcGVvcGxlIGluIG5lZWQu,,,,,W0lybcOjIENlY8OtbGlhXQpTZXIgdW1hIE5vdmnDp2EgZSBzZXJ2aXIgYSBEZXVzIHBvZGUgbGhlIHRyYXplciBtdWl0YXMgZmVsaWNpZGFkZXMu,,W01vbmphIENlY2lsaWFdClB1ZWRlcyBsbGV2YXIgdW5hIHZpZGEgcGxlbmEgY29tbyBBY8OzbGl0byBheXVkYW5kbyBhIGxhcyBwZXJzb25hcyBuZWNlc2l0YWRhcy4=
8UCfBg,,W1Npc3RlciBDZWNpbGlhXQpJZiB5b3UncmUgaW50ZXJlc3RlZCwgcGxlYXNlIGFzayB0aGUgUHJpZXN0IGluIHRoZSBvdGhlciByb29tLiBZb3Ugd29uJ3QgZXZlciByZWdyZXQgdGhlIGNob2ljZSB0byBiZWNvbWUgYW4gQWNvbHl0ZS4=,,,,,W0lybcOjIENlY8OtbGlhXQpGYWxlIGNvbSBvIElybcOjbyBubyBvdXRybyBxdWFydG8gYSByZXNwZWl0byBkZSBzZSB0b3JuYXIgdW1hIE5vdmnDp2EuCkV1IG7Do28gY29uc2lnbyBpbWFnaW5hciB1bWEgdmlkYSBzZW0gbyBTZW5ob3IgZW0gbWV1IGNvcmHDp8Ojby4=,,W01vbmphIENlY2lsaWFdClNpIHRlIGludGVyZXNhLCBwcmVndW50YSBhbCBTYWNlcmRvdGUgZGUgbGEgb3RyYSBzYWxhLiBOdW5jYSB0ZSBhcnJlcGVudGlyw6FzIGRlIGhhYmVyIGVsZWdpZG8gc2VyIEFjw7NsaXRvLg==
8kCfBg,,W1Npc3RlciBDZWNpbGlhXQpXaGVuIHlvdSByZWFjaCBKb2IgbGV2ZWwgNDAgYXMgYW4gQWNvbHl0ZSwgeW91IGNhbiBiZSBwcm9tb3RlZCB0byBhIFByaWVzdC4=,,,,,W0lybcOjIENlY8OtbGlhXQpEZXBvaXMgcXVlIHZvY8OqIGFsY2Fuw6dhciBuw612ZWwgZGUgQ2xhc3NlIDQwIGNvbW8gTm92acOnYSwKVm9jw6ogcG9kZSBzZSB0b3JuYXIgdW1hIFNhY2VyZG90aXNhIQ==,,W01vbmphIENlY2lsaWFdCkN1YW5kbyBhbGNhbmNlcyBlbCBuaXZlbCBkZSBjbGFzZSA0MCBkZSBBY8OzbGl0bywgcG9kcsOhcyBhc2NlbmRlciBhIFNhY2VyZG90ZS4=
80CfBg,,W1Npc3RlciBDZWNpbGlhXQpCdXQgcGxlYXNlLi4uClRha2UgeW91ciB0aW1lLCBhbmQgZGVjaWRlIHdoYXQgam9iIHdpbGwgYmUgdGhlIGJlc3QgZm9yIHlvdS4=,,,,,W0lybcOjIENlY8OtbGlhXQpwb3IgZmF2b3IsIHBlbnNlIGEgcmVzcGVpdG8gY29tIGNhcmluaG8u,,W01vbmphIENlY2lsaWFdClBlcm8sIHBvciBmYXZvcuKApgpUw7NtYXRlIHR1IHRpZW1wbyB5IGRlY2lkZSBxdcOpIGNsYXNlIHNlcsOhIGxhIG1lam9yIHBhcmEgdGku
9ECfBg,,V2VsY29tZSB0byBQcm9udGVyYSBwYXJpc2guIEhvdyBtYXkgSSBoZWxwIHlvdT8=,,,,,RXN0YSDDqSBhIENhdGVkcmFsIGRlIFByb250ZXJhLiBFbSBxdWUgcG9zc28gYWp1ZGEtbGE/,,VGUgZG95IGxhIGJpZW52ZW5pZGEgZGUgbnVldm8gYSBsYSBQYXJyb3F1aWEgZGUgUHJvbnRlcmEuIMK/RW4gcXXDqSBwdWVkbyBheXVkYXJ0ZT8=
9UCfBg,,VGVsbCBtZSBtb3JlIGFib3V0IFByaWVzdHMu,,,,,TWUgZmFsZSBhIHJlc3BlaXRvIGRlIFNhY2VyZG90aXNhcy4=,,SMOhYmxhbWUgbcOhcyBkZSBsb3MgU2FjZXJkb3Rlcy4=
9kCfBg,,W1Npc3RlciBDZWNpbGlhXQpNZXNzZW5nZXJzIG9mIEdvZCBhcmUgdXN1YWxseSBrbm93biBhcyBQcmllc3RzLiBBZnRlciBiZWNvbWluZyBhbiBBY29seXRlLCB5b3UgY2FuIHRyYWluIHdpdGggdGhlIGdvYWwgb2YgYmVjb21pbmcgYSBQcmllc3Qu,,,,,W0lybcOjIENlY8OtbGlhXQpBcyBTYWNlcmRvdGlzYXMgc8OjbyBhcyByZXByZXNlbnRhbnRlcyBkZSBEZXVzIG5hIHRlcnJhLgpQYXJhIHNlIHRvcm5hciB1bWEsIHZvY8OqIGFudGVzIHByZWNpc2EgdHJlaW5hciBjb21vIE5vdmnDp2Eu,,W01vbmphIENlY2lsaWFdCkEgbG9zIG1lbnNhamVyb3MgZGUgbG9zIGRpb3NlcyBzZSBsb3MgY29ub2NlIGNvbW8gU2FjZXJkb3Rlcy4gRGVzcHXDqXMgZGUgY29udmVydGlydGUgZW4gQWPDs2xpdG8sIHB1ZWRlcyBlbnRyZW5hcnRlIGNvbiBlbCBvYmpldGl2byBkZSBjb252ZXJ0aXJ0ZSBlbiBTYWNlcmRvdGUu
90CfBg,,W1Npc3RlciBDZWNpbGlhXQpTZXJ2YW50cyBvZiBHb2QgYXJlIHByb2hpYml0ZWQgdG8gdXNlIHdlYXBvbnMgYmFzZWQgb24gYmxhZGVzLiBGb3IgdXMsIHRoZSBtZWFuaW5nIG9mIGJhdHRsZSB3aXRoIG1vbnN0ZXJzIGlzIG5vdCBpbiB0aGUga2lsbGluZywgYnV0IGluIHRoZSBlbmxpZ2h0ZW5pbmcgb2YgdGhlaXIgc291bHMu,,,,,W0lybcOjIENlY8OtbGlhXQpBbWJhcyBhcyBjbGFzc2VzIHPDo28gcHJvaWJpZGFzIGRlIHV0aWxpemFyIGFybWFzIGNvbSBsw6JtaW5hcy4KTsOzcyBsdXRhbW9zIHBhcmEgc2FudGlmaWNhciwgbsOjbyBtYXRhciBvdSBtYWNodWNhci4=,,W01vbmphIENlY2lsaWFdCkxvcyBzaXJ2aWVudGVzIGRlIGxvcyBkaW9zZXMgdGllbmVuIHByb2hpYmlkbyB1c2FyIGFybWFzIGFmaWxhZGFzLiBQYXJhIG5vc290cm9zLCBsYSByYXrDs24gZGUgY29tYmF0aXIgbW9uc3RydW9zIG5vIGVzdMOhIGVuIGxhIG1hdGFuemEgZW4gc8OtLCBzaW5vIGVuIGxhIGlsdW1pbmFjacOzbiBkZSBzdXMgYWxtYXMu
+ECfBg,,W1Npc3RlciBDZWNpbGlhXQpXZWxsLCBpdCB3aWxsIGJlIGJldHRlciB0aGF0IHlvdSBtZWV0IFByaWVzdHMgZm9yIHlvdXJzZWxmIGFuZCBzcGVhayB3aXRoIHRoZW0uIElmIHlvdSBhcmUgcmVhZHkgdG8gYmVjb21lIGEgUHJpZXN0LCBzcGVhayB3aXRoIEJpc2hvcCBQYXVsIGluIHRoaXMgcm9vbS4=,,,,,W0lybcOjIENlY8OtbGlhXQpPIEJpc3BvIFRvbcOhcyBwb2RlIGxoZSBkYXIgbWFpcyBpbmZvcm1hw6fDtWVzIGEgcmVzcGVpdG8gZGUgU2FjZXJkb3Rpc2FzLgpFbGUgZXN0w6Egbm8gcXVhcnRvIGFvIGxhZG8u,,W01vbmphIENlY2lsaWFdClNlcsOhIG1lam9yIHF1ZSBjb25vemNhcyBhIGxvcyBTYWNlcmRvdGVzIHkgaGFibGVzIGNvbiBlbGxvcy4gU2kgZXN0w6FzIGxpc3RvIHBhcmEgY29udmVydGlydGUgZW4gU2FjZXJkb3RlLCBoYWJsYSBjb24gZWwgb2Jpc3BvIFBhdWwgZW4gZXN0YSBzYWxhLg==
+UCfBg,,W1Npc3RlciBDZWNpbGlhXQpJIGJlbGlldmUgaGUgY2FuIGdpdmUgeW91IHNwZWNpZmljIHJlcXVpcmVtZW50IGluZm9ybWF0aW9uIGFib3V0IHRoZSBQcmllc3QgY2xhc3MuIFllcywgSSB0aGluayBpdCdzIGEgZ29vZCBpZGVhLg==,,,,,W0lybcOjIENlY8OtbGlhXQrDiSBlbGUgcXVlbSB0ZXN0YSBhcyBOb3Zpw6dhcyBlIE5vdmnDp29zIHF1ZSBxdWVyZW0gc2UgdG9ybmFyIFNhY2VyZG90aXNhcyBlIFNhY2VyZG90ZXMuClbDoSBjb20gRGV1cy4=,,W01vbmphIENlY2lsaWFdCkNyZW8gcXVlIMOpbCBwdWVkZSBkYXJ0ZSBpbmZvcm1hY2nDs24gZXNwZWPDrWZpY2Egc29icmUgbG9zIHJlcXVpc2l0b3MgZGUgbGEgY2xhc2UgU2FjZXJkb3RlLiBTw60sIGNyZW8gcXVlIGVzIHVuYSBidWVuYSBpZGVhLg==
+kCfBg,,W1Npc3RlciBDZWNpbGlhXQpJIHNlZS4gV2VsbCwgZmVlbCBmcmVlIHRvIHJlbGF4IGFuZCBtYWtlIHlvdXJzZWxmIGF0IGhvbWUuIE5vd2hlcmUgb24gZWFydGggaXMgc2FmZXIgdGhhbiB0aGUgUHJvbnRlcmEgU2FuY3R1YXJ5Lg==,,,,,W0lybcOjIENlY8OtbGlhXQpPaCBzaW0sIGVsZXMgc8OjbyBtdWl0byBiZWxvcy4=,,W01vbmphIENlY2lsaWFdCllhIHZlby4gQnVlbm8sIHJlbMOhamF0ZSB5IHNpw6ludGV0ZSBjb21vIGVuIGNhc2EuIE5pbmfDum4gbHVnYXIgZGVsIG11bmRvIGVzIG3DoXMgc2VndXJvIHF1ZSBlbCBzYW50dWFyaW8gZGUgUHJvbnRlcmEu
+0CfBg,,W1Npc3RlciBDZWNpbGlhXQpNYXkgR29kIGJsZXNzIHlvdS4uLg==,,,,,W0lybcOjIENlY8OtbGlhXQpWw6EgY29tIERldXMu,,W01vbmphIENlY2lsaWFdClF1ZSBsb3MgZGlvc2VzIHRlIGN1aWRlbuKApg==
/ECfBg,,W1Npc3RlciBDZWNpbGlhXQpNYXkgR29kIGJsZXNzIHlvdSwgYnJvdGhlci4=,,,,,W0lybcOjIENlY8OtbGlhXQpEZXVzIG8gYWJlbsOnb2UsIGlybcOjby4KVGVuaGEgRsOpLg==,,W01vbmphIENlY2lsaWFdClF1ZSBsb3MgZGlvc2VzIHRlIGN1aWRlbiwgaGVybWFuby4=
/UCfBg,,W1Npc3RlciBDZWNpbGlhXQpNYXkgR29kIGJsZXNzIHlvdSwgc2lzdGVyLg==,,,,,W0lybcOjIENlY8OtbGlhXQpEZXVzIGEgYWJlbsOnb2UsIGlybcOjLgpUZW5oYSBGw6ku,,W01vbmphIENlY2lsaWFdClF1ZSBsb3MgZGlvc2VzIHRlIGN1aWRlbiwgaGVybWFuYS4=
/kCfBg,,TWF5IEkgYXNrIHdoYXQgYnJpbmdzIHlvdSBoZXJlPw==,,,,,RW0gcXVlIHBvc3NvIGFqdWTDoS1sYT8=,,wr9QdWVkbyBwcmVndW50YXJ0ZSBxdcOpIHRlIHRyYWUgcG9yIGFxdcOtPw==
/0CfBg,,SSB3aXNoIHRvIGJlY29tZSBhIFByaWVzdC4=,,,,,RXUgZGVzZWpvIHNlciB1bWEgU2FjZXJkb3Rpc2Eu,,UXVpZXJvIHNlciBTYWNlcmRvdGUu
AEGfBg,,W1Npc3RlciBDZWNpbGlhXQpJIHNlZS4gWW91J3ZlIGRldm90ZWQgeW91cnNlbGYgdG8gR29kLiBNYW55IEFjb2x5dGVzIHdpc2ggdG8gYmVjb21lIFByaWVzdHMgdG8gY29udGludWUgb24gdGhlaXIgcGVyc29uYWwgam91cm5leSB0b3dhcmRzIGhvbGluZXNzLg==,,,,,W0lybcOjIENlY8OtbGlhXQpBaCwgdm9jw6ogcXVlciBzZXIgdW1hIFNhY2VyZG90aXNhPwpNdWl0YXMgTm92acOnYXMgYXNwaXJhbSBhIGlzc28u,,W01vbmphIENlY2lsaWFdCllhIHZlby4gTGVzIGRlZGljYXN0ZSB0dSBhIGxvcyBkaW9zZXMuIE11Y2hvcyBBY8OzbGl0b3MgZGVzZWFuIGNvbnZlcnRpcnNlIGVuIFNhY2VyZG90ZXMgcGFyYSBjb250aW51YXIgc3UgY2FtaW5vIHBlcnNvbmFsIGhhY2lhIGxhIHNhbnRpZGFkLg==
AUGfBg,,W1Npc3RlciBDZWNpbGlhXQpMZXQgbWUgaW50cm9kdWNlIG15c2VsZi4gSSBhbSBDZWNpbGlhIE1hcmdhcml0YSwgYW5kIEkgYW0gaW4gY2hhcmdlIG9mIHBhcnQgb2YgdGhlIFByaWVzdCBqb2IgY2hhbmdlIHByb2Nlc3Mu,,,,,W0lybcOjIENlY8OtbGlhXQpNZXUgbm9tZSDDqSBDZWPDrWxpYSBNYWdyaXRhLCBlIGV1IGFqdWRvIGFzIE5vdmnDp2FzIGEgc2UgdG9ybmFyZW0gU2FjZXJkb3Rpc2FzLg==,,W01vbmphIENlY2lsaWFdClBlcm3DrXRlbWUgcHJlc2VudGFybWUuIFNveSBDZWNpbGlhIE1hcmdhcml0YSB5IGVzdG95IGEgY2FyZ28gZGUgdW5hIHBhcnRlIGRlbCBwcm9jZXNvIGRlIGNhbWJpbyBkZSBjbGFzZSBhIFNhY2VyZG90ZS4=
AkGfBg,,W1Npc3RlciBDZWNpbGlhXQpJJ3ZlIGJlZW4gc3VwcG9ydGluZyBtYW55IHBlb3BsZSBpbiBiZWNvbWluZyBQcmllc3RzIGV2ZXIgc2luY2UgSSBqb2luZWQgdGhlIFByb250ZXJhIFBhcmlzaC4gVGhhdCBpcyBvbmUgb2YgbXkgbWFpbiByZXNwb25zaWJpbGl0aWVzLg==,,,,,W0lybcOjIENlY8OtbGlhXQpEdXJhbnRlIGEgbWluaGEgdmlkYSBhcXVpLCB2aSBtdWl0YXMgcGVzc29hcyBzZSB0b3JuYXJlbSBTYWNlcmRvdGlzYXMuCmFnb3JhIGV1IGZhw6dvIG8gbWV1IG1lbGhvciBwYXJhIGFqdWTDoS1sYXMu,,W01vbmphIENlY2lsaWFdCkhlIGFwb3lhZG8gYSBtdWNoYXMgcGVyc29uYXMgcGFyYSBxdWUgc2UgY29udmllcnRhbiBlbiBTYWNlcmRvdGVzIGRlc2RlIHF1ZSBtZSB1bsOtIGEgbGEgcGFycm9xdWlhIGRlIFByb250ZXJhLiBFc2EgZXMgdW5hIGRlIG1pcyBwcmluY2lwYWxlcyByZXNwb25zYWJpbGlkYWRlcy4=
A0GfBg,,W1Npc3RlciBDZWNpbGlhXQpJbiBvcmRlciB0byBiZWNvbWUgYSBQcmllc3QsIHlvdSBtdXN0IGNvbXBsZXRlIDMgdHJpYWxzLiBBIHBpbGdyaW1hZ2UsIGEgc2Vzc2lvbiBvZiBzcGlyaXR1YWwgdHJhaW5pbmcsIGFuZCBhbiBvYXRoIG9mIGRldm90aW9uIHRvIEdvZC4=,,,,,W0lybcOjIENlY8OtbGlhXQpQYXJhIHNlIHRvcm5hciB1bWEgU2FjZXJkb3Rpc2EsIHZvY8OqIHByZWNpc2EgcGFzc2FyIGVtIDMgdGVzdGVzOgpQZXJlZ3JpbmHDp8OjbywgRXhvcmNpc21vIGUgSnVyYW1lbnRvLg==,,W01vbmphIENlY2lsaWFdClBhcmEgY29udmVydGlydGUgZW4gU2FjZXJkb3RlLCBkZWJlcyBjb21wbGV0YXIgMyBwcnVlYmFzLiBVbmEgcGVyZWdyaW5hY2nDs24sIHVuYSBzZXNpw7NuIGRlIGVudHJlbmFtaWVudG8gZXNwaXJpdHVhbCB5IHVuIGp1cmFtZW50byBkZSBkZXZvY2nDs24gYSBsb3MgZGlvc2VzLg==
BEGfBg,,W1Npc3RlciBDZWNpbGlhXQpJZiB5b3Ugd2lzaCB0byBiZWNvbWUgYSBzZXJ2YW50IG9mIEdvZCwgcGxlYXNlIGFwcGx5IGZvciB0aGUgUHJpZXN0IGpvYiB3aXRoIEJpc2hvcCBQYXVsLCBhbmQgY29tcGxldGUgYWxsIDMgdHJpYWxzLg==,,,,,W0lybcOjIENlY8OtbGlhXQpNYXMgYW50ZXMgZGUgdHVkbyB2b2PDqiBwcmVjaXNhIHNlIGluc2NyZXZlciBjb20gbyBCaXNwbyBUb21hcy4Kw4kgZWxlIHF1ZW0gY29vcmRlbmEgb3MgdGVzdGVzLg==,,W01vbmphIENlY2lsaWFdClNpIGRlc2VhcyBjb252ZXJ0aXJ0ZSBlbiBzaXJ2aWVudGUgZGUgbG9zIGRpb3NlcywgcHJlc2VudGEgdHUgc29saWNpdHVkIHBhcmEgbGEgY2xhc2UgU2FjZXJkb3RlIGFudGUgZWwgb2Jpc3BvIFBhdWwgeSBjb21wbGV0YSBsYXMgMyBwcnVlYmFzLg==
BUGfBg,,W1Npc3RlciBDZWNpbGlhXQpJZiB5b3UgZXhwZXJpZW5jZSBhIHByb2JsZW0gZHVyaW5nIGFueSBvZiB5b3VyIHRyaWFscywgZmVlbCBmcmVlIHRvIHZpc2l0IG1lLiBJIHdpbGwgaGVscCB5b3UgYXMgbXVjaCBhcyBJIGNhbi4=,,,,,W0lybcOjIENlY8OtbGlhXQpGYWxlIGNvbWlnbyBxdWFuZG8gdGl2ZXIgZMO6dmlkYXMgZHVyYW50ZSBvIHRlc3RlLgpFdSBmYXJlaSBvIHBvc3PDrXZlbCBwYXJhIGFqdWTDoS1sYS4=,,W01vbmphIENlY2lsaWFdClNpIHRpZW5lcyBhbGfDum4gcHJvYmxlbWEgZHVyYW50ZSBhbGd1bmEgZGUgdHVzIHBydWViYXMsIG5vIGR1ZGVzIGVuIHZpc2l0YXJtZS4gVGUgYXl1ZGFyw6kgZW4gdG9kbyBsbyBxdWUgcHVlZGEu
BkGfBg,,W1Npc3RlciBDZWNpbGlhXQpNYWtlIHlvdXJzZWxmIGF0IGhvbWUuIEkgaW5zaXN0IHRoYXQgeW91IHJlY292ZXIgYW5kIHRha2UgYSByZXN0IGluIHRoaXMgU2FuY3R1YXJ5LiBNYXkgR29kIGJsZXNzIHlvdS4uLg==,,,,,W0lybcOjIENlY8OtbGlhXQpEZXNjYW5zZSB1bSBwb3VjbyBhcXVpLg==,,W01vbmphIENlY2lsaWFdClNpw6ludGV0ZSBjb21vIGVuIGNhc2EuIEluc2lzdG8gZW4gcXVlIHRlIHJlY3VwZXJlcyB5IGRlc2NhbnNlcyBlbiBlc3RlIHNhbnR1YXJpby4gUXVlIGxvcyBkaW9zZXMgdGUgY3VpZGVu4oCm
B0GfBg,,W1Npc3RlciBDZWNpbGlhXQpBaCwgeW91J3ZlIHN0YXJ0ZWQgeW91ciBwaWxncmltYWdlLiBQbGVhc2UgZG8geW91ciBiZXN0IHRvIGFjY29tcGxpc2ggdGhpcyBmaXJzdCB0cmlhbC4=,,,,,W0lybcOjIENlY8OtbGlhXQpWb2PDqiBqw6EgY29tZcOnb3Ugc3VhIHBlcmVncmluYcOnw6NvLCBtZXVzIHBhcmFiw6lucy4K,,W01vbmphIENlY2lsaWFdCkFoLCB5YSBjb21lbnphc3RlIHR1IHBlcmVncmluYWNpw7NuLiBIYXogdG9kbyBsbyBwb3NpYmxlIHBvciBjdW1wbGlyIGVzdGEgcHJpbWVyYSBwcnVlYmEu
CEGfBg,,W1Npc3RlciBDZWNpbGlhXQpUaGUgZmlyc3QgUHJpZXN0IHlvdSBtdXN0IG1lZXQgaXMgRmF0aGVyIFJ1YmFsa2FiYXJhLiBIZSBpcyBpbiB0aGUgcnVpbnMgTm9ydGhlYXN0IG9mIFByb250ZXJhLg==,,,,,W0lybcOjIENlY8OtbGlhXQpBIHByaW1laXJhIHBlc3NvYSBxdWUgdm9jw6ogZGV2ZSB2aXNpdGFyIMOpIG8gSXJtw6NvIFNpbcOjby4KRWxlIGZpY2EgcGVydG8gZGEgQWJhZGlhLg==,,W01vbmphIENlY2lsaWFdCkVsIHByaW1lciBTYWNlcmRvdGUgcXVlIGRlYmVzIGNvbm9jZXIgZXMgZWwgcGFkcmUgUnViYWxrYWJhcmEuIFNlIGVuY3VlbnRyYSBlbiBsYXMgcnVpbmFzIGFsIG5vcmVzdGUgZGUgUHJvbnRlcmEu
CUGfBg,,W1Npc3RlciBDZWNpbGlhXQpUcmF2ZWwgb25lIGZpZWxkIE5vcnRoIGZyb20gUHJvbnRlcmEsIGFuZCB0aGVuIHRocmVlIGZpZWxkcyBFYXN0LCBhbmQgeW91IHdpbGwgYXJyaXZlIGF0IHRoZSBydWlucy4=,,,,,W0lybcOjIENlY8OtbGlhXQpQYXJhIGNoZWdhciBsw6EsIGJhc3RhIGlyIDEgbWFwYSBwYXJhIG8gbm9ydGUsIGUgZGVwb2lzIDMgcGFyYSBvIGxlc3RlLg==,,W01vbmphIENlY2lsaWFdClZpYWphIHVuIGNhbXBvIGFsIG5vcnRlIGRlc2RlIFByb250ZXJhIHkgbHVlZ28gdHJlcyBjYW1wb3MgYWwgZXN0ZSwgeSBhc8OtIGxsZWdhcsOhcyBhIGxhcyBydWluYXMu
CkGfBg,,W1Npc3RlciBDZWNpbGlhXQpPZiBjb3Vyc2UsIHlvdSBjYW4gYWxzbyBoZWFkIDEgZmllbGQgRWFzdCBmcm9tIFByb250ZXJhLCB0aGVuIGdvIDEgZmllbGQgbm9ydGgsIGFuZCB0aGVuIGdvIDIgZmllbGRzIEVhc3QuLi4=,,,,,W0lybcOjIENlY8OtbGlhXQpBIEFiYWRpYSBmaWNhIG5vIGNhbnRvIGRpcmVpdG8gZG8gbWFwYS4KTMOhIMOpIGNoZWlvIGRlIFlveW9zLCB1bnMgbWFjYXF1aW5ob3MgbXVpdG8gYm9uaXRpbmhvcy4=,,W01vbmphIENlY2lsaWFdClBvciBzdXB1ZXN0bywgdGFtYmnDqW4gcHVlZGVzIGRpcmlnaXJ0ZSAxIGNhbXBvIGFsIGVzdGUgZGVzZGUgUHJvbnRlcmEsIGx1ZWdvIGlyIDEgY2FtcG8gYWwgbm9ydGUgeSBsdWVnbyBpciAyIGNhbXBvcyBhbCBlc3Rl4oCm
C0GfBg,,W1Npc3RlciBDZWNpbGlhXQpGYXRoZXIgUnViYWxrYWJhcmEgd2lsbCBiZSBhdCB0aGUgZW50cmFuY2Ugb2YgdGhlIFByb250ZXJhIFJ1aW5zLiBCZSBjYXJlZnVsLiBUaGF0IHBsYWNlIGlzIGEgaGFiaXRhdCBmb3IgYWdncmVzc2l2ZSBDaG9jb3Mu,,,,,W0lybcOjIENlY8OtbGlhXQpPcyBZb3lvcyBuw6NvIGlyw6NvIGF0YWPDoS1sYSBzZSB2b2PDqiBuw6NvIHBlcnR1YsOhLWxvcy4KUG9yw6ltLCBhcyB2ZXplcyBhcGFyZWNlIG8gQ2hvY28sIHF1ZSDDqSB1bSBncmFuZGUgeW95byBtYXJyb20sIHF1ZSDDqSBtdWl0byBicmF2by4gVG9tZSBjdWlkYWRvIGNvbSBlbGUu,,W01vbmphIENlY2lsaWFdCkVsIHBhZHJlIFJ1YmFsa2FiYXJhIGVzdGFyw6EgZW4gbGEgZW50cmFkYSBkZSBsYXMgcnVpbmFzIGRlIFByb250ZXJhLiBUZW4gY3VpZGFkby4gRXNlIGx1Z2FyIGVzIGVsIGjDoWJpdGF0IGRlIGxvcyBDaG9jb3MgYWdyZXNpdm9zLg==
DEGfBg,,W1Npc3RlciBDZWNpbGlhXQpBZnRlciBtZWV0aW5nIEZhdGhlciBSdWJhbGthYmFyYSwgcGxlYXNlIHZpc2l0IFNpc3RlciBNYXRoaWxkYSBhbmQgRmF0aGVyIFlvc3VrZS4gWW91IGNhbiBjaGVjayB5b3VyIHF1ZXN0IHByb2dyZXNzIHdpdGggbWUgaWYgeW91IGhhdmUgYW55IHF1ZXN0aW9ucyBsYXRlci4=,,,,,W0lybcOjIENlY8OtbGlhXQpEZXBvaXMgZGlzc28gdm9jw6ogdmFpIHByZWNpc2FyIHZpc2l0YXIgYSBJcm3DoyBNYXRpbGRhIGUgbyBJcm3Do28gQmFydG9sb21ldS4KVm9jw6ogcG9kZSBzZW1wcmUgZmFsYXIgY29taWdvIHBhcmEgY29uc2VndWlyIGFqdWRhLg==,,W01vbmphIENlY2lsaWFdCkRlc3B1w6lzIGRlIGNvbm9jZXIgYWwgcGFkcmUgUnViYWxrYWJhcmEsIHZpc2l0YSBhIGxhIGhlcm1hbmEgTWF0aGlsZGEgeSBhbCBwYWRyZSBZb3N1a2UuIFB1ZWRlcyBjb25zdWx0YXIgY29ubWlnbyBlbCBwcm9ncmVzbyBkZSB0dSBtaXNpw7NuIHNpIHRpZW5lcyBhbGd1bmEgZHVkYSBtw6FzIGFkZWxhbnRlLg==
DUGfBg,,W1Npc3RlciBDZWNpbGlhXQpXZWxsIHRoZW4sIGhhdmUgYSBnb29kIGpvdXJuZXkuIFBsZWFzZSBkb24ndCBnaXZlIHVwIHRvIHNob3J0IGxpdmVkIHRyaWJ1bGF0aW9ucywgYW5kIEkgaG9wZSB0aGF0IHlvdSBhY2NvbXBsaXNoIHlvdXIgZ29hbHMu,,,,,W0lybcOjIENlY8OtbGlhXQrDiSBtZWxob3Igdm9jw6ogc2UgYXByZXNzYXIhCk7Do28gZGVzaXN0YSE=,,W01vbmphIENlY2lsaWFdClF1ZSB0ZW5nYXMgdW4gYnVlbiB2aWFqZS4gTm8gdGUgcmluZGFzIGFudGUgbGFzIGFkdmVyc2lkYWRlcyBwYXNhamVyYXMsIGVzcGVybyBxdWUgbG9ncmVzIHR1cyBvYmpldGl2b3Mu
DkGfBg,,W1Npc3RlciBDZWNpbGlhXQpPaCwgeW91J3ZlIG1ldCBGYXRoZXIgUnViYWxrYWJhcmEuIE5vdyBpdCdzIHRpbWUgZm9yIHlvdSB0byB2aXNpdCBTaXN0ZXIgTWF0aGlsZGEuIFNoZSBpcyBuZWFyIGEgdG93biBuYW1lZCBNb3Jyb2Mu,,,,,W0lybcOjIENlY8OtbGlhXQpWb2PDqiBqw6EgdmlzaXRvdSBvIElybcOjbyBTaW3Do28sIGFnb3JhIHByZWNpc2EgdmlzaXRhciBhIElybcOjIE1hdGlsZGEuCkVsYSBtb3JhIHBlcnRvIGRhIGNpZGFkZSBkZSBNb3Jyb2Mu,,W01vbmphIENlY2lsaWFdCkFoLCB5YSBjb25vY2lzdGUgYWwgcGFkcmUgUnViYWxrYWJhcmEuIEFob3JhIGVzIG1vbWVudG8gZGUgcXVlIHZpc2l0ZXMgYSBsYSBoZXJtYW5hIE1hdGhpbGRhLiBFc3TDoSBjZXJjYSBkZSB1biBwdWVibG8gbGxhbWFkbyBNb3Jyb2Mu
D0GfBg,,W1Npc3RlciBDZWNpbGlhXQpTaGUgaGFzIGJlZW4gdHJhaW5pbmcgaGVyIHJlbGlnaW91cyBkaXNjaXBsaW5lIHNvbWV3aGVyZSBpbiBhIGZpZWxkIE5vcnRoIG9mIE1vcnJvYy4gSWYgeW91IGxvb2sgYXJvdW5kIHRoYXQgZmllbGQsIHlvdSB3aWxsIGJlIGFibGUgdG8gZmluZCBoZXIu,,,,,W0lybcOjIENlY8OtbGlhXQpFbGEgZmljYSBubyBtYXBhIGFvIG5vcnRlIGRlIE1vcnJvYy4KTm8gbWFwYSwgZWxhIGZpY2EgbWFpcyBvdSBtZW5vcyBhbyBOb3JvZXN0ZS4uLiBTZSBldSBtZSBsZW1icm8gYmVtLg==,,W01vbmphIENlY2lsaWFdCkhhIGVzdGFkbyBlbnRyZW5hbmRvIHN1IGRpc2NpcGxpbmEgcmVsaWdpb3NhIGVuIGFsZ8O6biBsdWdhciBkZSB1biBjYW1wbyBhbCBub3J0ZSBkZSBNb3Jyb2MuIFNpIGJ1c2NhcyBhbHJlZGVkb3IgZGUgZXNlIGNhbXBvLCBwb2Ryw6FzIGVuY29udHJhcmxhLg==
EEGfBg,,W1Npc3RlciBDZWNpbGlhXQpPZiBjb3Vyc2UsIHNvbWV0aW1lcyBJIHdhbnQgdG8gZGV2b3RlIG15c2VsZiB0byB0cmFpbmluZyBsaWtlIHRob3NlIG90aGVyIFByaWVzdHMsIGJ1dCBJIGhhdmUgbXkgZHV0eSB0byBhc3Npc3QgdGhvc2UgQWNvbHl0ZXMgYXBwbHlpbmcgZm9yIHRoZSBQcmllc3Qgam9iLg==,,,,,W0lybcOjIENlY8OtbGlhXQpFdSBnb3N0YXJpYSBkZSBhY29tcGFuaGFyIHZvY8OqIGF0w6kgTW9ycm9jLCBldSBhZG9ybyBlc3NhIGNpZGFkZSE=,,W01vbmphIENlY2lsaWFdClBvciBzdXB1ZXN0bywgYSB2ZWNlcywgcXVpZXJvIGRlZGljYXJtZSBhbCBlbnRyZW5hbWllbnRvIGNvbW8gZXNvcyBvdHJvcyBTYWNlcmRvdGVzLCBwZXJvIHRlbmdvIGVsIGRlYmVyIGRlIGF5dWRhciBhIGxvcyBBY8OzbGl0b3MgcXVlIGJ1c2NhbiBhc2NlbmRlciBhIGxhIGNsYXNlIFNhY2VyZG90ZS4=
EUGfBg,,W1Npc3RlciBDZWNpbGlhXQpCdXQgSSBiZWxpZXZlIHRoaXMgaXMgR29kJ3Mgd2lsbCwgYW5kIHRoYXQgdGhpcyBpcyB0aGUgd29yayBoZSBoYXMgaW50ZW5kZWQgbWUgdG8gZG8gYXMgaGlzIHNlcnZhbnQuIEhhdmUgYSBzYWZlIGpvdXJuZXksIGFuZCBjb21lIGJhY2sgc2FmZWx5Lg==,,,,,W0lybcOjIENlY8OtbGlhXQpNYXMgZXUgcHJlZmlybyBmaWNhciBhcXVpIGUgYWp1ZGFyIGFxdWVsZXMgcXVlIHF1ZXJlbSBzZXJ2aXIgYSBEZXVzLg==,,W01vbmphIENlY2lsaWFdClBlcm8gY3JlbyBxdWUgZXNhIGVzIGxhIHZvbHVudGFkIGRlIGxvcyBkaW9zZXMgeSBsYSBsYWJvciBxdWUgbWUgaGEgZW5jb21lbmRhZG8gY29tbyBzdSBzaXJ2aWVudGUuIFF1ZSB0ZW5nYXMgdW4gYnVlbiB2aWFqZSB5IHVuIG1lam9yIHJlZ3Jlc28u
EkGfBg,,W1Npc3RlciBDZWNpbGlhXQpOb3csIHRoZSBmaW5hbCBQcmllc3QgdGhhdCB5b3UgbXVzdCBtZWV0IGlzIEZhdGhlciBZb3N1a2UuIEkndmUgaGVhcmQgdGhhdCBoZSBpcyB0cmFpbmluZyBuZWFyIGEgbGFrZSBsb2NhdGVkIE5vcnRod2VzdCBvZiBQcm9udGVyYS4=,,,,,W0lybcOjIENlY8OtbGlhXQpBZ29yYSwgc8OzIGZhbHRhIHZvY8OqIHZpc2l0YXIgbyBJcm3Do28gQmFydG9sb21ldS4KUGFyZWNlIHF1ZSBlbGUgZ29zdGEgZGUgZmljYXIgcGVydG8gZGUgdW1hIHBvbnRlLCBhIE5vcm9lc3RlIGRhcXVpLg==,,W01vbmphIENlY2lsaWFdCkJpZW4sIGVsIMO6bHRpbW8gU2FjZXJkb3RlIHF1ZSBkZWJlcyB2aXNpdGFyIGVzIGFsIHBhZHJlIFlvc3VrZS4gSGUgb8OtZG8gcXVlIGVudHJlbmEgY2VyY2EgZGUgdW4gbGFnbyBhbCBub3JvZXN0ZSBkZSBQcm9udGVyYS4=
E0GfBg,,W1Npc3RlciBDZWNpbGlhXQpGcm9tIFByb250ZXJhLCB0cmF2ZWwgb25lIGZpZWxkIE5vcnRoLCBhbmQgdGhlbiB0d28gZmllbGRzIHRvd2FyZHMgdGhlIFdlc3QuIFlvdSBtYXkgYWxzbyB0cmF2ZWwgdHdvIGZpZWxkcyBXZXN0IGZpcnN0LCBhbmQgdGhlbiB0cmF2ZWwgb25lIGZpZWxkIHRvIHRoZSBOb3J0aC4=,,,,,W0lybcOjIENlY8OtbGlhXQpQYXJhIGNoZWdhciBubyBtYXBhIGRlbGUsIHbDoSBwcmEgb2VzdGUsIG5vcnRlIGUgYcOtIG9lc3RlIGRlIG5vdm8uCkHDrSDDqSBzw7MgcHJvY3VyYXIgZWxlIG51bSBkb3MgbGFnb3Mu,,W01vbmphIENlY2lsaWFdCkRlc2RlIFByb250ZXJhLCBhdHJhdmllc2EgdW4gY2FtcG8gaGFjaWEgZWwgbm9ydGUgeSBsdWVnbyBkb3MgY2FtcG9zIGhhY2lhIGVsIG9lc3RlLiBUYW1iacOpbiBwdWVkZXMgcmVjb3JyZXIgcHJpbWVybyBkb3MgY2FtcG9zIGhhY2lhIGVsIG9lc3RlIHkgbHVlZ28gdW4gY2FtcG8gaGFjaWEgZWwgbm9ydGUu
FEGfBg,,W1Npc3RlciBDZWNpbGlhXQpBbHRob3VnaCB0aGVyZSBhcmUgc3RpbGwgdHdvIHRyaWFscyBhd2FpdGluZyB5b3UsIEkgaGF2ZSBmYWl0aCB0aGF0IHlvdSB3aWxsIGJlIGFibGUgdG8gYWNjb21wbGlzaCB5b3VyIGdvYWwgb2YgYmVjb21pbmcgYSBQcmllc3QuLi4=,,,,,W0lybcOjIENlY8OtbGlhXQpBIHBlcmVncmluYcOnw6NvIG7Do28gw6kgYSDDumx0aW1hIHBhcnRlIGRvIHRlc3RlLCBtYXMgasOhIMOpIGFsZ3VtYSBjb2lzYS4KQm9hIHNvcnRlIQ==,,W01vbmphIENlY2lsaWFdCkF1bnF1ZSBhw7puIHRlIGVzcGVyYW4gZG9zIHBydWViYXMsIHRlbmdvIGZlIGVuIHF1ZSBwb2Ryw6FzIGN1bXBsaXIgdHUgb2JqZXRpdm8gZGUgY29udmVydGlydGUgZW4gU2FjZXJkb3Rl4oCm
FUGfBg,,W1Npc3RlciBDZWNpbGlhXQpXZWxjb21lLiBZb3UgZGVtb25zdHJhdGVkIGdyZWF0IGVmZm9ydCB0byBhY2NvbXBsaXNoIHlvdXIgZmlyc3QgdHJpYWwuIE5vdywgc3BlYWsgdG8gQmlzaG9wIFBhdWwgc28gdGhhdCB5b3UgY2FuIGJlZ2luIHlvdXIgbmV4dCB0cmlhbCBvbiB5b3VyIHBhdGggdG8gUHJpZXN0aG9vZC4=,,,,,W0lybcOjIENlY8OtbGlhXQpCZW0tdmluZGEgZGUgdm9sdGEhCkFnb3JhIHbDoSBmYWxhciBjb20gbyBCaXNwbyBwYXJhIG8gdGVzdGUgc2VndWludGUu,,W01vbmphIENlY2lsaWFdClRlIGRhbW9zIGxhIGJpZW52ZW5pZGEuIERlbW9zdHJhc3RlIGdyYW4gZGV0ZXJtaW5hY2nDs24gcGFyYSBzdXBlcmFyIHR1IHByaW1lcmEgcHJ1ZWJhLiBIYWJsYSBjb24gZWwgb2Jpc3BvIFBhdWwgcGFyYSBxdWUgcHVlZGFzIGNvbWVuemFyIHR1IHByw7N4aW1hIHBydWViYSBlbiB0dSBjYW1pbm8gaGFjaWEgZWwgU2FjZXJkb2Npby4=
FkGfBg,,W1Npc3RlciBDZWNpbGlhXQ==,,,,,W0lybcOjIENlY8OtbGlhXQ==,,W01vbmphIENlY2lsaWFd
F0GfBg,,QnJvdGhlciB7fS4uLg==,,,,,RXUgbyBvdXZpLCBpcm3Do28u,,SGVybWFubyB7feKApg==
GEGfBg,,U2lzdGVyIHt9Li4u,,,,,RXUgYSBvdXZpLCBpcm3Doy4=,,SGVybWFuYSB7feKApg==
GUGfBg,,VGhlIHNwaXJpdHVhbCB0cmFpbmluZyBpcyBtdWNoIG1vcmUgZGlmZmljdWx0IHRoYW4gdGhlIHBpbGdyaW1hZ2UsIGJ1dCBJIGJlbGlldmUgaW4geW91Lg==,,,,,TyBFeG9yY2lzbW8gw6kgdW0gdGVzdGUgZGlmw61jaWwsIG1hcyB2b2PDqiB2YWkgY29uc2VndWlyLCBpcm3DoyE=,,RWwgZW50cmVuYW1pZW50byBlc3Bpcml0dWFsIGVzIG11Y2hvIG3DoXMgZGlmw61jaWwgcXVlIGxhIHBlcmVncmluYWNpw7NuLCBwZXJvIGNyZW8gZW4gdGku
GkGfBg,,W1Npc3RlciBDZWNpbGlhXQpJIGhvcGUgdGhhdCB5b3UgZmluZCBzb21lb25lIHdobyBoYXMgYWxyZWFkeSBiZWNvbWUgYSBQcmllc3QgdG8gaGVscCBkdXJpbmcgdGhlIHNwaXJpdHVhbCB0cmFpbmluZy4gR29vZCBsdWNrLCBhbmQgaGF2ZSBmYWl0aC4=,,,,,W0lybcOjIENlY8OtbGlhXQpCb2Egc29ydGUhCkVzcGVybyBxdWUgc2VqYSBmw6FjaWwgcHJhIHZvY8OqIQ==,,W01vbmphIENlY2lsaWFdCkVzcGVybyBxdWUgZW5jdWVudHJlcyBhIGFsZ3VpZW4gcXVlIHlhIHNlIGhheWEgY29udmVydGlkbyBlbiBTYWNlcmRvdGUgcGFyYSBxdWUgdGUgYXl1ZGUgZHVyYW50ZSB0dSBlbnRyZW5hbWllbnRvIGVzcGlyaXR1YWwuIEJ1ZW5hIHN1ZXJ0ZSB5IHRlbiBmZS4=
G0GfBg,,W1Npc3RlciBDZWNpbGlhXQpPaCwgeW91IGhhdmVuJ3QgZmluaXNoZWQgdGhlIHNwaXJpdHVhbCB0cmFpbmluZyB5ZXQ/,,,,,W0lybcOjIENlY8OtbGlhXQpWb2PDqiBhaW5kYSBuZW0gdGVudG91IGZhemVyIG8gRXhvcmNpc21vLgpFIGV1IG7Do28gcG9zc28gbGhlIGRpemVyIGNvbW8gw6kgbyB0ZXN0ZS4=,,W01vbmphIENlY2lsaWFdCsK/QcO6biBubyB0ZXJtaW5hc3RlIGVsIGVudHJlbmFtaWVudG8gZXNwaXJpdHVhbD8=
HEGfBg,,W1Npc3RlciBDZWNpbGlhXQpJIGNhbm5vdCBsZXQgeW91IGtub3cgdGhlIHNwZWNpZmljIGRldGFpbHMsIGJ1dCBhcyBsb25nIGFzIHlvdSBiZWxpZXZlIGluIHlvdXJzZWxmIGFuZCBoYXZlIGZhaXRoIGluIGFsbCB0aGF0IGlzIGdvb2QsIHlvdSB3aWxsIHN1Y2NlZWQu,,,,,W0lybcOjIENlY8OtbGlhXQpWb2PDqiBuw6NvIHRlcsOhIGRpZmljdWxkYWRlcyBzZSBzdWEgZsOpIGZvciB2ZXJkYWRlaXJhLgpSZXNpc3RhIGFzIHRlbnRhw6fDtWVzIGUgdHVkbyBkYXLDoSBjZXJ0byE=,,W01vbmphIENlY2lsaWFdCk5vIHB1ZWRvIGRhcnRlIGRldGFsbGVzIGVzcGVjw61maWNvcywgcGVybywgbWllbnRyYXMgY3JlYXMgZW4gdGkgeSB0ZW5nYXMgZmUgZW4gdG9kbyBsbyBxdWUgZXMgYnVlbm8sIGxvIGxvZ3JhcsOhcy4=
HUGfBg,,W1Npc3RlciBDZWNpbGlhXQpQbGVhc2Ugc3BlYWsgdG8gRmF0aGVyIFBldGVyIGluIHRoZSB0ZXN0IGhhbGwgZm9yIG1vcmUgZGV0YWlscy4gSGUgaXMgYSBjbG9zZSBmcmllbmQgb2YgQmlzaG9wIFBhdWwgYW5kIG1heSBnaXZlIHlvdSBzb21lIHVzZWZ1bCB0aXBzIGZvciB0aGUgc3Bpcml0dWFsIHRyYWluaW5nLg==,,,,,W0lybcOjIENlY8OtbGlhXQpTZSB2b2PDqiBxdWVyIG1haXMgaW5mb3JtYcOnw7VlcywgcGVyZ3VudGUgYW8gSXJtw6NvIFBlZHJvLgpFbGUgbGhlIGRhcsOhIGFsZ3VtYXMgaW5mb3JtYcOnw7Vlcy4=,,W01vbmphIENlY2lsaWFdCkhhYmxhIGNvbiBlbCBwYWRyZSBQZXRlciBlbiBsYSBzYWxhIGRlIHBydWViYXMgcGFyYSBvYnRlbmVyIG3DoXMgaW5mb3JtYWNpw7NuLiBFcyBhbWlnbyDDrW50aW1vIGRlbCBvYmlzcG8gUGF1bCB5IHB1ZWRlIGRhcnRlIGFsZ3Vub3MgY29uc2Vqb3Mgw7p0aWxlcyBwYXJhIGVsIGVudHJlbmFtaWVudG8gZXNwaXJpdHVhbC4=
HkGfBg,,W1Npc3RlciBDZWNpbGlhXQpZZXMsIEkgdW5kZXJzdGFuZCB0aGF0IHlvdSd2ZSBiZWVuIHRocm91Z2ggYSByZWFsbHkgZGlmZmljdWx0IHNpdHVhdGlvbi4gSG93ZXZlciwgZG8gbm90IGdpdmUgdXAgYW5kIHN1Y2N1bWIgdG8gdGVtcHRhdGlvbi4gWW91IG11c3QgYmUgYWJsZSB0byByZXNpc3QgZXZpbCB0byBiZWNvbWUgYSBQcmllc3Qu,,,,,W0lybcOjIENlY8OtbGlhXQpGb2kgbXVpdG8gZGlmaWNpbCBwcmEgdm9jw6o/IFBvciBmYXZvciwgbsOjbyBkZXNpc3RhLgpWb2PDqiBwcmVjaXNhIHNlciBjYXBheiBkZSByZXNpc3RpciBhIHRvZGFzIGFzIHRlbnRhw6fDtWVzIHNlIHF1ZXIgc2VyIHVtYSBOb3Zpw6dhLg==,,W01vbmphIENlY2lsaWFdClPDrSwgZW50aWVuZG8gcXVlIHBhc2FzdGUgcG9yIHVuYSBzaXR1YWNpw7NuIG11eSBkaWbDrWNpbC4gU2luIGVtYmFyZ28sIG5vIHRlIHJpbmRhcyBuaSBzdWN1bWJhcyBhIGxhIHRlbnRhY2nDs24uIERlYmVzIHBvZGVyIHJlc2lzdGlyIGFsIG1hbCBwYXJhIGNvbnZlcnRpcnRlIGVuIFNhY2VyZG90ZS4=
H0GfBg,,W1Npc3RlciBDZWNpbGlhXQpJZiB5b3Uga25vdyBzb21lYm9keSB3aG8gaGFzIGFscmVhZHkgYmVjb21lIGEgUHJpZXN0LCBhc2sgdGhlbSB0byBoZWxwIHlvdSBkdXJpbmcgeW91ciBzcGlyaXR1YWwgdHJhaW5pbmcu,,,,,W0lybcOjIENlY8OtbGlhXQpTZSB2b2PDqiBjb25oZWNlIGFsZ3VtYSBTYWNlcmRvdGlzYSBvdSBTYWNlcmRvdGUsIHBlw6dhIHF1ZSB2w6EgY29tIHZvY8OqLgpQb2RlcsOhIHNlciBkZSBncmFuZGUgYWp1ZGEgbmEgcHJpbWVpcmEgcGFydGUgZG8gRXhvcmNpc21vLg==,,W01vbmphIENlY2lsaWFdClNpIGNvbm9jZXMgYSBhbGd1aWVuIHF1ZSB5YSBzZWEgU2FjZXJkb3RlLCBww61kZWxlIHF1ZSB0ZSBheXVkZSBkdXJhbnRlIHR1IGVudHJlbmFtaWVudG8gZXNwaXJpdHVhbC4=
IEGfBg,,W1Npc3RlciBDZWNpbGlhXQpNYXkgR29kIGdpdmUgeW91IGd1aWRhbmNlIGFuZCBwcm90ZWN0aW9uLiBXaGVuIHlvdSBjb21wbGV0ZSB5b3VyIHRyYWluaW5nLCBwbGVhc2UgY29tZSBiYWNrIHRvIG1lLg==,,,,,W0lybcOjIENlY8OtbGlhXQpGYWxlIGNvbWlnbyBxdWFuZG8gdm9jw6ogY29uc2VndWlyIHBhc3NhciBubyB0ZXN0ZS4KUXVlIERldXMgZ3VpZSBzZXVzIHBhc3Nvcy4=,,W01vbmphIENlY2lsaWFdClF1ZSBsb3MgZGlvc2VzIHRlIGd1w61lbiB5IHByb3RlamFuLiBDdWFuZG8gdGVybWluZXMgdHUgZW50cmVuYW1pZW50bywgdnVlbHZlIGEgdmVybWUu
IUGfBg,,W1Npc3RlciBDZWNpbGlhXQpXZWxjb21lISBJJ20gc28gZ2xhZCB0byBzZWUgeW91J3ZlIGNvbWUgYmFjayEgTm93LCB0aGVyZSBpcyBvbmUgbGFzdCB0cmlhbCBsZWZ0IGZvciB5b3UgdG8gY29tcGxldGUu,,,,,W0lybcOjIENlY8OtbGlhXQpRdWUgw7N0aW1vISBWb2PDqiBwYXNzb3Ugbm8gdGVzdGUgZG8gRXhvcmNpc21vIQpEZXBvaXMgcXVlIHZvY8OqIGZpemVyIGVzdGUganVyYW1lbnRvLCBlc3RhcsOhIHByb250YSBwYXJhIHNlciB1bWEgU2FjZXJkb3Rpc2Eu,,W01vbmphIENlY2lsaWFdCsKhVGUgZG95IGxhIGJpZW52ZW5pZGEhIMKhTWUgYWxlZ3JhIHF1ZSBoYXlhcyB2dWVsdG8hIEFob3JhIHRlIHF1ZWRhIHVuYSDDumx0aW1hIHBydWViYSBwb3IgY29tcGxldGFyLg==
IkGfBg,,V2Ugd2lsbCBub3cgYmVnaW4geW91ciBmb3JtYWwgb2F0aCBmb3IgdGhlIFByaWVzdGhvb2QuIE1ha2UgeW91cnNlbGYgY29tZm9ydGFibGUsIGFuZCBqdXN0IGFuc3dlciB3aXRoIHlvdXIgaGVhcnQu,,,,,W0lybcOjIENlY8OtbGlhXQpWb3UgY29tZcOnYXIu,,Q29tZW56YXJlbW9zIHR1IGp1cmFtZW50byBmb3JtYWwgcGFyYSBlbCBTYWNlcmRvY2lvLiBSZWzDoWphdGUgeSByZXNwb25kZSBjb24gZWwgY29yYXrDs24u
I0GfBg,,QnJvdGhlciB7fSw=,,,,,SXJtw6NvIHt9LA==,,SGVybWFubyB7fSw=
JEGfBg,,U2lzdGVyIHt9LA==,,,,,SXJtw6Mge30s,,SGVybWFuYSB7fSw=
JUGfBg,,QXJlIHlvdSB3aWxsaW5nCnRvIGdpdmUgeW91ciBsaWZlIHRvIEdvZD8=,,,,,W0lybcOjIENlY8OtbGlhXQpWb2PDqiB2YWkgZGV2b3RhciBzdWEgdmlkYSBhIERldXM/,,wr9BY2VwdGFzCmVudHJlZ2FyIHR1IHZpZGEgYSBsb3MgZGlvc2VzPw==
JkGfBg,,WWVzLg==,,,,,U2ltLg==,,U8OtLg==
J0GfBg,,Tm8h,,,,,TsOjbyE=,,wqFObyE=
KEGfBg,,W1Npc3RlciBDZWNpbGlhXQpBdy4uLj8gSG93IGNvdWxkIHlvdSBnaXZlIG1lIHRoYXQga2luZCBvZiBhbnN3ZXI/IEkgYXNzdW1lIHlvdSdyZSBub3QgcmVhZHkgdG8gYmUgYSBQcmllc3QgeWV0Li4u,,,,,W0lybcOjIENlY8OtbGlhXQpDb21vIHZvY8OqIHNlcXVlciBjb25zZWd1ZSBwZW5zYXIgZW0gc2VyIHVtYSBTYWNlcmRvdGlzYT8KVm9jw6ogbsOjbyB0ZW0gZm9yw6dhIGRlIHZvbnRhZGUgbyBiYXN0YW50ZS4=,,W01vbmphIENlY2lsaWFdCsK/RWjigKY/IMK/UXXDqSB0aXBvIGRlIHJlc3B1ZXN0YSBlcyBlc2E/IFN1cG9uZ28gcXVlIGHDum4gdGUgZmFsdGEgcHJlcGFyYWNpw7NuIHBhcmEgc2VyIHNhY2VyZG90ZeKApg==
KUGfBg,,W1Npc3RlciBDZWNpbGlhXQpZb3Ugc2hvdWxkIHJlZmxlY3QgYSBsaXR0bGUgbW9yZSBvbiB0aGUgdGVhY2hpbmdzIG9mIGhvbGluZXNzIGFuZCBjb21lIGJhY2sgbGF0ZXIuIFlvdSBjYW4ndCBiZSBhIFByaWVzdCBpZiB5b3VyIHNwaXJpdCBpcyB3ZWFrLg==,,,,,W0lybcOjIENlY8OtbGlhXQpSZWZsaXRhIHNvYnJlIGEgc3VhIHZpZGEgZSBkZXBvaXMgdm9sdGUgYXF1aS4KQSBzdWEgbWVudGUgZGV2ZSBlc3RhciBudWJsYWRhIHBlbG8gbWFsLg==,,W01vbmphIENlY2lsaWFdCkRlYmVyw61hcyByZWZsZXhpb25hciB1biBwb2NvIG3DoXMgc29icmUgbGFzIGVuc2XDsWFuemFzIGRlIGxhIHNhbnRpZGFkIHkgcmVncmVzYXIgbHVlZ28uIE5vIHB1ZWRlcyBzZXIgU2FjZXJkb3RlIHNpIHR1IGVzcMOtcml0dSBlcyBkw6liaWwu
KkGfBg,,W1Npc3RlciBDZWNpbGlhXQpXaWxsIHlvdSB0YWtlIGFkdmFudGFnZSBvZiB0aGUgaG9seSBhYmlsaXRpZXMgZ2l2ZW4gYnkgR29kIGZvciBzZWxmaXNoLCBkZXN0cnVjdGl2ZSBvciBncmVlZHkgZW5kcz8=,,,,,W0lybcOjIENlY8OtbGlhXQpWb2PDqiB1c2Fyw6Egc2V1cyBwb2RlcmVzIGFwZW5hcyBwYXJhIHNpIG1lc21hPw==,,W01vbmphIENlY2lsaWFdCsK/RW1wbGVhcsOtYXMgbGFzIHNhbnRhcyBoYWJpbGlkYWRlcyBvdG9yZ2FkYXMgcG9yIGxvcyBkaW9zZXMgcGFyYSBmaW5lcyBlZ2/DrXN0YXMsIGRlc3RydWN0aXZvcyBvIGNvZGljaW9zb3M/
K0GfBg,,Tm8u,,,,,TsOjby4=,,Tm8u
LEGfBg,,W1Npc3RlciBDZWNpbGlhXQpBdy4uLj8gR29kIHdvbid0IGdyYW50IHlvdSB0aGUgcG93ZXIgb2YgaG9saW5lc3MgaWYgeW91ciBnb2FscyBhcmVuJ3QganVzdCBhbmQgcHVyZS4gTWVkaXRhdGUgb24geW91ciBtb3RpdmF0aW9ucyBmb3IgYSB3aGlsZSwgYW5kIHRoZW4gY29tZSBiYWNrIHRvIG1lLg==,,,,,W0lybcOjIENlY8OtbGlhXQpOw6NvLCBuw6NvLCBuw6NvLi4uClVtYSB2ZXJkYWRlaXJhIFNhY2VyZG90aXNhIG7Do28gcG9kZSBwZW5zYXIgYXNzaW0u,,W01vbmphIENlY2lsaWFdCsK/RWjigKY/IExvcyBkaW9zZXMgbm8gdGUgY29uY2VkZXLDoW4gZXN0ZSBzYW50byBwb2RlciBzaSB0dXMgb2JqZXRpdm9zIG5vIHNvbiBqdXN0b3MgeSBwdXJvcy4gTWVkaXRhIHVuIHJhdG8gc29icmUgdHVzIG1vdGl2YWNpb25lcyB5IGx1ZWdvIHZ1ZWx2ZSBhIHZlcm1lLg==
LUGfBg,,W1Npc3RlciBDZWNpbGlhXQpUaGluayBhYm91dCB0aGUgcXVhbGl0aWVzIHRoYXQgbWFrZSBQcmllc3RzIHBlb3BsZSBvZiByZXNwZWN0LiBZb3UgY2FuJ3QgYmUgYSBQcmllc3QgaWYgeW91ciBzcGlyaXQgaXMgbm90IGluIGFjY29yZGFuY2Ugd2l0aCBHb2Qu,,,,,W0lybcOjIENlY8OtbGlhXQpSZWZsaXRhIGEgcmVzcGVpdG8gZGlzc28uClF1ZW0gc2FiZSBjb20gb3V0cmEgY2FiZcOnYSB2b2PDqiBwb2RlIHNlIHRvcm5hciB1bWEgU2FjZXJkb3Rpc2Eu,,W01vbmphIENlY2lsaWFdClBpZW5zYSBlbiBsYXMgY3VhbGlkYWRlcyBxdWUgaGFjZW4gZGUgbG9zIFNhY2VyZG90ZXMgcGVyc29uYXMgcmVzcGV0YWJsZXMuIE5vIHB1ZWRlcyBzZXIgU2FjZXJkb3RlIHNpIHR1IGVzcMOtcml0dSBubyBjdW1wbGUgbGEgdm9sdW50YWQgZGUgbG9zIGRpb3Nlcy4=
LkGfBg,,W1Npc3RlciBDZWNpbGlhXQpXaWxsIHlvdSBoZWxwIGFpZCBvdGhlcnMsIGV2ZW4gY29tcGxldGUgc3RyYW5nZXJzLCBpbiBiYXR0bGVzIGJ5IGVhc2luZyB0aGVpciBzdWZmZXJpbmc/,,,,,W0lybcOjIENlY8OtbGlhXQpWb2PDqiB2YWkgdXNhciBvcyBzZXVzIHBvZGVyZXMgcGFyYSBhanVkYXIgb3Mgb3V0cm9zPw==,,W01vbmphIENlY2lsaWFdCsK/QXl1ZGFyw6FzIGEgb3Ryb3MsIGluY2x1c28gYSBjb21wbGV0b3MgZGVzY29ub2NpZG9zLCBlbiBsYXMgYmF0YWxsYXMgeSBhbGl2aWFyw6FzIHN1IHN1ZnJpbWllbnRvPw==
L0GfBg,,W1Npc3RlciBDZWNpbGlhXQpObywgbm8uIFlvdSd2ZSBnb3QgdGhlIHdyb25nIGlkZWEuIEdvZCBhdXRob3JpemVzIHVzIHRvIHVzZSBoaXMgcG93ZXIgdG8gc3VwcG9ydCBoaXMgY2hpbGRyZW4uIFlvdSBtdXN0IGhlbHAgcGVvcGxlIGluIGRhbmdlcjogaXQgaXMgeW91ciBvYmxpZ2F0aW9uLg==,,,,,W0lybcOjIENlY8OtbGlhXQpOb3NzYXMgaGFiaWxpZGFkZXMgbsOjbyBzw6NvIHNvbWVudGVzIHBhcmEgbsOzcyBtZXNtb3MuLgpOw6NvIHNlIGVzcXVlw6dhIGRlIG5vc3NhIGZ1bsOnw6NvIG5hIHRlcnJhLg==,,W01vbmphIENlY2lsaWFdCk5vLCBuby4gVGllbmVzIHVuYSBpZGVhIGVycsOzbmVhLiBMb3MgZGlvc2VzIG5vcyBwZXJtaXRlbiB1c2FyIHN1IHBvZGVyIHBhcmEgYXl1ZGFyIGEgc3VzIHNlZ3VpZG9yZXMuIERlYmVzIGF5dWRhciBhIGxhcyBwZXJzb25hcyBlbiBwZWxpZ3JvOiBlcyB0dSBvYmxpZ2FjacOzbi4=
MEGfBg,,W1Npc3RlciBDZWNpbGlhXQpHbyBhbmQgb2JzZXJ2ZSB0aGUgYWR2ZW50dXJlcnMgdGhhdCBhcmUgZmlnaHRpbmcgZm9yIHBlYWNlIGluIHRoaXMgd29ybGQuIFRoZXkgd2lsbCB0ZWFjaCB5b3Ugd2hhdCB5b3UgbXVzdCBkbyBpbiBvcmRlciB0byBoZWxwIHRoZW0u,,,,,W0lybcOjIENlY8OtbGlhXQonQW1haSBvIHByw7N4aW1vIGNvbW8gYW1hcyBhIHRpIG1lc21vJyBkaXNzZSBvIGZpbGhvIGRvIFNlbmhvci4KTsOjbyBzZSBlc3F1ZcOnYSBkaXNzby4=,,W01vbmphIENlY2lsaWFdClZlIHkgb2JzZXJ2YSBhIGxvcyB0cm90YW11bmRvcyBxdWUgbHVjaGFuIHBvciBsYSBwYXogZW4gZXN0ZSBtdW5kby4gVGUgZW5zZcOxYXLDoW4gbG8gcXVlIGRlYmVzIGhhY2VyIHBhcmEgYXl1ZGFybG9zLg==
MUGfBg,,W1Npc3RlciBDZWNpbGlhXQpBcmUgeW91IHdpbGxpbmcgdG8gc2FjcmlmaWNlIHlvdXJzZWxmIGZvciB0aGUgc2FrZSBvZiBvdGhlcnM/,,,,,W0lybcOjIENlY8OtbGlhXQpWb2PDqiBzZSBzYWNyaWZpY2FyaWEgcGVsYSB2aWRhIGRlIG91dHJhIHBlc3NvYT8=,,W01vbmphIENlY2lsaWFdCsK/RGUgdmVyZGFkIHF1aWVyZXMgc2FjcmlmaWNhcnRlIHBvciBlbCBiaWVuIGRlIGxvcyBkZW3DoXM/
MkGfBg,,W1Npc3RlciBDZWNpbGlhXQpIb3cgY2FuIHlvdSBzYXkgbm8uLi4/IFRoYXQncyBvbmUgb2YgdGhlIGJhc2ljIHByaW5jaXBsZXMgb2YgUHJpZXN0aG9vZC4gWW91IG11c3QgdmFsdWUgdGhlIHdlbGZhcmUgb2Ygb3RoZXJzIG92ZXIgeW91ciBvd24gc2FmZXR5Lg==,,,,,W0lybcOjIENlY8OtbGlhXQpNYXMgcXVlIHRpcG8gZGUgcmVzcG9zdGEgw6kgZXNzYT8KTsOzcyBzYWNyaWZpY2FybW9zIHBlbG9zIG91dHJvcyBmYXogcGFydGUgZGUgbm9zc2EgbWlzc8Ojby4=,,W01vbmphIENlY2lsaWFdCsK/Q8OzbW8gcHVlZGVzIGRlY2lyIHF1ZSBub+KApj8gRXNlIGVzIHVubyBkZSBsb3MgcHJpbmNpcGlvcyBiw6FzaWNvcyBkZWwgU2FjZXJkb2Npby4gRGViZXMgdmFsb3JhciBlbCBiaWVuZXN0YXIgZGUgbG9zIGRlbcOhcyBwb3IgZW5jaW1hIGRlIHR1IHByb3BpYSBzZWd1cmlkYWQu
M0GfBg,,W1Npc3RlciBDZWNpbGlhXQpHbyBhbmQgdGhpbmsgYWJvdXQgdGhlIHZhbHVlIG9mIHN1ZmZlcmluZyBhbmQgdGhlIG1lYW5pbmcgb2Ygc2FjcmlmaWNlLiBXaGVuIHlvdSB0aGluayB5b3UgdW5kZXJzdGFuZCBtb3JlIGFib3V0IGhlbHBpbmcgdGhvc2UgaW4gbmVlZCwgY29tZSBiYWNrIHRvIG1lLg==,,,,,W0lybcOjIENlY8OtbGlhXQpQZW5zZSBubyBxdWUgaXNzbyBzaWduaWZpY2EuLi4KQWp1ZGFyIG9zIG91dHJvcyDDqSBhbGdvIGZhY2lsIGRlIHNlIGZhbGFyLCBtYXMgcG9kZSBzZXIgZGlmaWNpbCBkZSBzZSBmYXplci4=,,W01vbmphIENlY2lsaWFdClZlIHkgcmVmbGV4aW9uYSBzb2JyZSBlbCB2YWxvciBkZWwgc3VmcmltaWVudG8geSBlbCBzaWduaWZpY2FkbyBkZWwgc2FjcmlmaWNpby4gQ3VhbmRvIGNyZWFzIGVudGVuZGVyIG3DoXMgc29icmUgY8OzbW8gYXl1ZGFyIGEgbGFzIHBlcnNvbmFzIG5lY2VzaXRhZGFzLCB2dWVsdmUgYSB2ZXJtZS4=
NEGfBg,,W1Npc3RlciBDZWNpbGlhXQpXaWxsIHlvdSByZXBlYXRseSBzYXkgdGhlIHNhbWUgcGhyYXNlIGluIHB1YmxpYyBpbiBvcmRlciB0byBzZW5kIEdvZCdzIG1lc3NhZ2UgdG8gaGlzIGNoaWxkcmVuPw==,,,,,W0lybcOjIENlY8OtbGlhXQpWb2PDqiBwZXJ0dXJiYXLDoSBwZXNzb2FzIG5vcyBjYW1wb3MgZSBuYXMgY2lkYWRlcywgcmVwZXRpbmRvIGFzIG1lc21hcyBwYWxhdnJhcyB2w6FyaWFzIHZlemVzPw==,,W01vbmphIENlY2lsaWFdCsK/RGlyw6FzIHJlcGV0aWRhbWVudGUgbGEgbWlzbWEgZnJhc2UgZW4gcMO6YmxpY28gcGFyYSBlbnZpYXIgZWwgbWVuc2FqZSBkZSBsb3MgZGlvc2VzIGEgc3VzIHNlZ3VpZG9yZXM/
NUGfBg,,W1Npc3RlciBDZWNpbGlhXQpObyBubyBuby4uLiBZb3UndmUgZ290IGl0IHdyb25nLiBFdmVuIHRob3VnaCB5b3VyIHB1cnBvc2UgaXMgdG8gc3ByZWFkIEdvZCdzIG1lc3NhZ2UsIG5vIG9uZSB3aWxsIGVhZ2VybHkgYWNjZXB0IHdoYXQgeW91IHNheSB3aGVuIHlvdSBzcGFtIHRleHQu,,,,,W0lybcOjIENlY8OtbGlhXQpOYW5pbsOjbsOjby4gSXNzbyDDqSBhbGdvIHF1ZSBuZW5odW1hIGNsYXNzZSBkZXZlIGZhemVyLgpNZXNtbyBxdWUgc2VqYW0gYXMgcGFsYXZyYXMgZG8gU2VuaG9yLCBuw6NvIMOpIGNvcnJldG8gaW5jb21vZGFyIG9zIG91dHJvcyBkZXNzZSBqZWl0by4=,,W01vbmphIENlY2lsaWFdCk5vLCBubywgbm/igKYgRXNvIG5vIGVzIGNvcnJlY3RvLiBBdW5xdWUgdHUgcHJvcMOzc2l0byBzZWEgZGlmdW5kaXIgZWwgbWVuc2FqZSBkZSBsb3MgZGlvc2VzLCBuYWRpZSBhY2VwdGFyw6EgY29uIGVudHVzaWFzbW8gc2kgbG8gw7puaWNvIHF1ZSBoYWNlcyBlcyBkZWNpciBsbyBtaXNtbyBjb21vIGRpc2NvIHJheWFkby4=
NkGfBg,,W1Npc3RlciBDZWNpbGlhXQpSZW1lbWJlci4uLgpZb3UgbXVzdCBiZSBhIG1vcmFsIHBlcnNvbiwgYW5kIGRpc3BsYXkgbWF0dXJpdHkgYW5kIHJlc3BlY3QgdG8gb3RoZXIgcGxheWVycy4gVGhpcyBraW5kIG9mIGF0dGl0dWRlIGFwcGxpZXMgZm9yIGFsbCBjbGFzc2VzLApJIGJlbGlldmUu,,,,,W0lybcOjIENlY8OtbGlhXQpTZXUgY29tcG9ydGFtZW50byBuw6NvIHBhcmVjZSBzZXIgbyBkZSB1bWEgU2FjZXJkb3Rpc2EuClBlbnNlIGEgcmVzcGVpdG8sIHNlIHZvY8OqIGdvc3RhcmlhIGRlIGFsZ3XDqW0gYnV6aW5hbmRvIG5vIHNldSBvdXZpZG8u,,W01vbmphIENlY2lsaWFdClJlY3VlcmRh4oCmCkRlYmVzIHNlciB1bmEgcGVyc29uYSBjb24gbW9yYWwgeSBtb3N0cmFyIG1hZHVyZXogeSByZXNwZXRvIGhhY2lhIGxvcyBkZW3DoXMganVnYWRvcmVzLiBFc3RlIHRpcG8gZGUgY29tcG9ydGFtaWVudG8gc2UgYXBsaWNhIGEgdG9kYXMgbGFzIGNsYXNlcywKY3Jlby4=
N0GfBg,,W1Npc3RlciBDZWNpbGlhXQpXaWxsIHlvdSBsdXJlIG1hbnkgbW9uc3RlcnMgdG8gaGVscCB5b3VyIHBhcnR5IG1lbWJlcnMgbGV2ZWwgdXA/,,,,,W0lybcOjIENlY8OtbGlhXQpWb2PDqiB0cmFyw6EgZ3JhbmRlcyBxdWFudGlkYWRlcyBkZSBtb25zdHJvcyBwYXJhIHF1ZSBzZXVzIGFtaWdvcyBwb3NzYW0gbWF0w6EtbG9zPw==,,W01vbmphIENlY2lsaWFdCsK/QXRyYWVyw6FzIGEgbXVjaG9zIG1vbnN0cnVvcyBwYXJhIGF5dWRhciBhIGxvcyBtaWVtYnJvcyBkZSB0dSBncnVwbyBhIHN1YmlyIGRlIG5pdmVsPw==
OEGfBg,,W1Npc3RlciBDZWNpbGlhXQpObywgeW91IHdvbid0LiBMdXJpbmcgbWFueSBtb25zdGVycyBkb2VzIG1vcmUgaGFybSB0aGFuIGdvb2QuIFRoZXJlIGlzIG5vIGV4Y2VwdGlvbi4gVGhhdCBiZWhhdmlvciBpcyB0b3RhbGx5IHVuYWNjZXB0YWJsZS4=,,,,,W0lybcOjIENlY8OtbGlhXQpQb2RlIHBhcmVjZXIgY29tbyB1bWEgYm9hIGlkZWlhLCBtYXMgbsOjbyDDqS4KVm9jw6ogcG9kZSBlc3RhciBjYXVzYW5kbyB1bWEgYW1lYcOnYSBwYXJhIHRvZG9zIMOgIHN1YSB2b2x0YSBmYXplbmRvIGlzc28u,,W01vbmphIENlY2lsaWFdCk5vLCBubyBsbyBoYXLDoXMuIEF0cmFlciBhIG11Y2hvcyBtb25zdHJ1b3MgaGFjZSBtw6FzIG1hbCBxdWUgYmllbi4gTm8gaGF5IG5pbmd1bmEgZXhjZXBjacOzbi4gRXNlIGNvbXBvcnRhbWllbnRvIGVzIHRvdGFsbWVudGUgaW5hY2VwdGFibGUu
OUGfBg,,W1Npc3RlciBDZWNpbGlhXQpFdmVuIGlmIGl0IGxvb2tzIGxpa2UgeW91IGFyZSBhaWRpbmcgeW91ciBwYXJ0eSBtZW1iZXJzLCBzdWNoIGFjdGlvbiByZXN1bHRzIGluIGJhZCBrYXJtYS4gUGxlYXNlIHJlZmxlY3Qgb24gdGhhdCBmb3IgYSB3aGlsZS4=,,,,,W0lybcOjIENlY8OtbGlhXQrDiSBleHRyZW1hbWVudGUgcHJvaWJpZG8uClBlbnNlIGVtIG91dHJvIG1laW8gZGUgYWp1ZGFyIG9zIHNldXMgYW1pZ29zLg==,,W01vbmphIENlY2lsaWFdCkF1bnF1ZSBwYXJlemNhIHF1ZSBlc3TDoXMgYXl1ZGFuZG8gYSBsb3MgbWllbWJyb3MgZGUgdHUgZ3J1cG8sIGRpY2hhIGFjY2nDs24gZ2VuZXJhcsOhIHVuIG1hbCBrYXJtYS4gUG9yIGZhdm9yLCByZWZsZXhpb25hIHNvYnJlIGVsbG8gZHVyYW50ZSB1biByYXRvLg==
OkGfBg,,W1Npc3RlciBDZWNpbGlhXQpXaWxsIHlvdSBmb2xsb3cgR29kLCBubyBtYXR0ZXIgd2hhdCBpdCB0YWtlcywgZXZlbiBpZiBoZSBkZW1hbmRzIHlvdSB0byBraWxsIHlvdXJzZWxmPw==,,,,,W0lybcOjIENlY8OtbGlhXQpWb2PDqiB2aXZlcsOhIGUgbW9ycmVyw6EgcGVsYSBnbMOzcmlhIGRpdmluYT8=,,W01vbmphIENlY2lsaWFdCsK/U2VndWlyw6FzIGEgbG9zIGRpb3NlcywgY3Vlc3RlIGxvIHF1ZSBjdWVzdGUsIGF1bnF1ZSB0ZSBleGlqYSBxdWUgdGUgbWF0ZXM/
O0GfBg,,W1Npc3RlciBDZWNpbGlhXQpXaXRoIHRoYXQgc3Bpcml0LCB5b3UgY2FuJ3QgYmUgYSBQcmllc3QuIElmIGl0IGlzIEdvZCdzIHdpbGwgdG8gc2FjcmlmaWNlIHlvdXJzZWxmIGZvciBhIGdvb2QgcHVycG9zZSwgeW91IG11c3QgY2Fycnkgb3V0IEdvZCdzIHdpbGwgYXMgaGlzIHNlcnZhbnQu,,,,,W0lybcOjIENlY8OtbGlhXQpBIGdsw7NyaWEgZGUgRGV1cyBkZXZlIGVzdGFyIGVtIHRvZG9zIG9zIG1vbWVudG9zIGRhIHZpZGEgZGUgdW1hIFNhY2VyZG90aXNhLCBhdMOpIG1lc21vIG5hIG1vcnRlLgpVbWEgU2FjZXJkb3Rpc2EgcHJlY2lzYSB0ZXIgaXNzbyBlbSBtZW50ZS4=,,W01vbmphIENlY2lsaWFdCkNvbiBlc2UgZXNww61yaXR1LCBubyBwdWVkZXMgc2VyIFNhY2VyZG90ZS4gU2kgZXMgbGEgdm9sdW50YWQgZGUgbG9zIGRpb3NlcyBzYWNyaWZpY2FydGUgcG9yIHVuIGJ1ZW4gcHJvcMOzc2l0bywgZGViZXMgY3VtcGxpciBzdSB2b2x1bnRhZCBjb21vIHN1IGZpZWwgc2lydmllbnRlLg==
PEGfBg,,W1Npc3RlciBDZWNpbGlhXQpCZXNpZGVzLCBHb2QgaGFzIGFsc28gZ2l2ZW4gUHJpZXN0cyB0aGUgcmVzdXJyZWN0aW9uIHBvd2VyLiBUaGluayBhYm91dCB0aGUgbWVhbmluZyBvZiBsaWZlIGFuZCBkZWF0aCBhZ2FpbiwgYW5kIHRoZW4gY29tZSBiYWNrIHRvIG1lLg==,,,,,W0lybcOjIENlY8OtbGlhXQpDb21vIFNhY2VyZG90aXNhLCB2b2PDqiBwb2RlcsOhIHRlciB1bWEgaGFiaWxpZGFkZSBxdWUgcmVzc3VzY2l0YSBvcyBtb3J0b3MuClJlZmxpdGEgYSByZXNwZWl0byBkZWxhLg==,,W01vbmphIENlY2lsaWFdCkFkZW3DoXMsIGxvcyBkaW9zZXMgdGFtYmnDqW4gY29uY2VkZW4gYSBsb3MgU2FjZXJkb3RlcyBlbCBwb2RlciBkZSBsYSByZXN1cnJlY2Npw7NuLiBSZWZsZXhpb25hIGRlIG51ZXZvIHNvYnJlIGVsIHNpZ25pZmljYWRvIGRlIGxhIHZpZGEgeSBsYSBtdWVydGUsIHkgbHVlZ28gdnVlbHZlIGEgdmVybWUu
PUGfBg,,WW91IGhhdmUgZGVtb25zdHJhdGVkIHlvdXIgZGV2b3Rpb24gdG8gR29kLiBXaWxsIHlvdSBzd2VhciB0byBhZGhlcmUgdG8gaGlzIHRlYWNoaW5ncyBmb3IgdGhlIHJlc3Qgb2YgeW91ciBkYXlzPw==,,,,,UG9yIGZpbSwganVyZSBwb3IgRGV1cyBxdWUgdm9jw6ogcmVzcG9uZGV1IGNvbSBzaW5jZXJpZGFkZSBhcyBtaW5oYXMgcGVyZ3VudGFzLg==,,RGVtb3N0cmFzdGUgdHUgZGV2b2Npw7NuIGEgbG9zIGRpb3Nlcy4gwr9KdXJhcyByZXNwZXRhciBzdXMgZW5zZcOxYW56YXMgZHVyYW50ZSBlbCByZXN0byBkZSB0dXMgZMOtYXM/
PkGfBg,,SSBkby4=,,,,,RXUganVyby4=,,U8OtLg==
P0GfBg,,W1Npc3RlciBDZWNpbGlhXQpOb3csIHlvdSBoYXZlIGNvbXBsZXRlZCB5b3VyIG9hdGggb2YgUHJpZXN0aG9vZCBhbmQgYWNjb21wbGlzaGVkIGFsbCB0aHJlZSB0cmlhbHMgcmVxdWlyZWQgdG8gYmVjb21lIGEgUHJpZXN0Lg==,,,,,W0lybcOjIENlY8OtbGlhXQpBZ29yYSwgdm9jw6ogY29tcGxldG91IHNldSB0ZXN0ZSBlIHJlYWxpem91IHRvZGFzIGFzIHRyw6pzIHByb3ZhcyBuZWNlc3PDoXJpYXMgcGFyYSBzZSB0b3JuYXIgdW1hIFNhY2VyZG90aXNh,,W01vbmphIENlY2lsaWFdCkNvbXBsZXRhc3RlIHR1IGp1cmFtZW50byBkZWwgU2FjZXJkb2NpbyB5IHlhIGN1bXBsaXN0ZSBsYXMgdHJlcyBwcnVlYmFzIHJlcXVlcmlkYXMgcGFyYSBjb252ZXJ0aXJ0ZSBlbiBTYWNlcmRvdGUu
QEGfBg,,W1Npc3RlciBDZWNpbGlhXQpOb3cgZ28gdG8gQmlzaG9wIFBhdWwuIEFuZCByZW1lbWJlciwgd2UgYXJlIGFsbCBicm90aGVycyBhbmQgc2lzdGVycyBpbiB0aGUgZXllcyBvZiBHb2QuIFBlYWNlIGJlIHdpdGggeW91Li4u,,,,,W0lybcOjIENlY8OtbGlhXQpFc3RlIMOpIG8gZmltIGRvIGp1cmFtZW50by4KVsOhIGFvIEJpc3BvIFRvbWFzIHBhcmEgc2UgdG9ybmFyIHVtYSBTYWNlcmRvdGlzYS4=,,W01vbmphIENlY2lsaWFdClZlIGNvbiBlbCBvYmlzcG8gUGF1bC4gWSByZWN1ZXJkYSBxdWUgdG9kb3Mgc29tb3MgaGVybWFub3MgeSBoZXJtYW5hcyBhbnRlIGxvcyBvam9zIGRlIGxvcyBkaW9zZXMuIExhIHBheiBzZWEgY29udGlnb+KApg==
QUGfBg,,W1Npc3RlciBDZWNpbGlhXQouLi4=,,,,,W0lybcOjIENlY8OtbGlhXQouLi4uLi4uLi4uLi4uLg==,,W01vbmphIENlY2lsaWFdCuKApg==
QkGfBg,,W1Npc3RlciBDZWNpbGlhXQouLi4KLi4uLi4u,,,,,W0lybcOjIENlY8OtbGlhXQouLi4uLi4uLi4uLi4u,,W01vbmphIENlY2lsaWFdCuKApgouLi4uLi4=
Q0GfBg,,W1Npc3RlciBDZWNpbGlhXQpZb3UndmUgY29tZSBzbyBmYXIuLi4KV2h5IHdvdWxkIHlvdSB3YW50CnRvIHRocm93IHRoaXMgYWxsIGF3YXkuLi4/,,,,,W0lybcOjIENlY8OtbGlhXQpQb2RlIHBhcmVjZXIgY29tbyB1bWEgYm9hIGlkw6lpYSwgbWFzIG7Do28gw6kuClZvY8OqIHBvZGUgZXN0YXIgY2F1c2FuZG8gdW1hIGFtZWHDp2EgcGFyYSB0b2RvcyDDoCBzdWEgdm9sdGEgZmF6ZW5kbyBpc3NvLg==,,W01vbmphIENlY2lsaWFdCkhhcyBsbGVnYWRvIHRhbiBsZWpvc+KApgrCv1BvciBxdcOpIHF1ZXJyw61hcwp0aXJhciB0b2RvIGVzdG8gYSBsYSBiYXN1cmHigKY/
REGfBg,,W1Npc3RlciBDZWNpbGlhXQpXZWxjb21lIGJhY2suCkkgaG9wZSB0aGF0IHlvdSd2ZSByZWZsZWN0ZWQgb24gd2hhdCB5b3UndmUgc2FpZCBsYXN0IHRpbWUsIGFuZCB0aGF0IHlvdSBub3cgaGF2ZSB0aGUgYXR0aXR1ZGUgdG8gYmVjb21lIGEgUHJpZXN0Lg==,,,,,W0lybcOjIENlY8OtbGlhXQouLi5Wb2PDqiB2b2x0b3UuCkV1IHZvdSBsaGUgcGFzc2FyIG8ganVyYW1lbnRvIGRlIG5vdm8uLg==,,W01vbmphIENlY2lsaWFdCkhvbGEgZGUgbnVldm8uCkVzcGVybyBxdWUgaGF5YXMgcmVmbGV4aW9uYWRvIHNvYnJlIGxvIHF1ZSBkaWppc3RlIGxhIMO6bHRpbWEgdmV6IHkgcXVlIGFob3JhIHRlbmdhcyBsYSBhY3RpdHVkIHBhcmEgY29udmVydGlydGUgZW4gU2FjZXJkb3RlLg==
RUGfBg,,V2Ugd2lsbCBub3cgYmVnaW4geW91ciBmb3JtYWwgb2F0aCBmb3IgdGhlIFByaWVzdGhvb2QuIFRoaXMgdGltZSwgbGlzdGVuIGNsb3NlbHkgdG8geW91ciBoZWFydC4uLg==,,,,,RXUgbGhlIGZhcmVpIGFzIG1lc21hcyBwZXJndW50YXMgcXVlIGZpeiBhbnRlcy4=,,Q29tZW56YXJlbW9zIHR1IGp1cmFtZW50byBmb3JtYWwgcGFyYSBlbCBTYWNlcmRvY2lvLiBFc3RhIHZleiwgZXNjdWNoYSBhdGVudGFtZW50ZSBhIHR1IGNvcmF6w7Nu4oCm
RkGfBg,,W1Npc3RlciBDZWNpbGlhXQpDb25ncmF0dWxhdGlvbnMuCllvdSd2ZSBjb21wbGV0ZWQgYWxsIHRocmVlIHRyaWFscyByZXF1aXJlZCBmb3IgdGhlIFByaWVzdGhvb2QuIEJpc2hvcCBQYXVsIGlzIG5vdyB3YWl0aW5nIGZvciB5b3Uu,,,,,W0lybcOjIENlY8OtbGlhXQpFc3RlIMOpIG8gZmltIGRvIHRlc3RlLgpWw6EgZmFsYXIgY29tIG8gYmlzcG8sIFRvbWFzIGUgdG9ybmUtc2UgdW1hIFNhY2VyZG90aXNhLg==,,W01vbmphIENlY2lsaWFdCkZlbGljaXRhY2lvbmVzLgpDb21wbGV0YXN0ZSBsYXMgdHJlcyBwcnVlYmFzIHJlcXVlcmlkYXMgcGFyYSBlbCBTYWNlcmRvY2lvLiBFbCBvYmlzcG8gUGF1bCB0ZSBlc3TDoSBlc3BlcmFuZG8u
R0GfBg,,W1Npc3RlciBDZWNpbGlhXQpQZWFjZSBiZSB3aXRoIHlvdS4uLg==,,,,,W0lybcOjIENlY8OtbGlhXQpBIHBheiBlc3RlamEgY29udm9zY28uLi4=,,W01vbmphIENlY2lsaWFdCkxhIHBheiBzZWEgY29udGlnb+KApg==
SEGfBg,,UGV0ZXIgUy4gQWxiZXJ0bw==,,,,,SXJtw6NvIFBlZHJv,,UGV0ZXIgUy4gQWxiZXJ0bw==
SUGfBg,,W0ZhdGhlciBQZXRlcl0KV2VsY29tZSE=,,,,,W0lybcOjbyBQZWRyb10KQmVtLXZpbmRvISE=,,W1BhZHJlIFBldGVyXQrCoVRlIGRveSBsYSBiaWVudmVuaWRhIQ==
SkGfBg,,QnJvdGhlciB7fSE=,,,,,SXJtw6NvIHt9IQ==,,wqFIZXJtYW5vIHt9IQ==
S0GfBg,,U2lzdGVyIHt9IQ==,,,,,SXJtw6Mge30h,,wqFIZXJtYW5hIHt9IQ==
TEGfBg,,U28gZ29vZCB0byBzZWUgeW91IGFnYWluIQ==,,,,,W0lybcOjbyBQZWRyb10KQmVtLXZpbmRvISE=,,wqFNZSBhbGVncmEgdm9sdmVyIGEgdmVydGUh
TUGfBg,,W0ZhdGhlciBQZXRlcl0KQXJlIHlvdSBoZXJlIHRvIGhlbHAgYW4gQWNvbHl0ZSBmcmllbmQgZm9yIHRoZSBzcGlyaXR1YWwgdHJhaW5pbmc/IFRoYXQncyBncmVhdH4gSSB0aGluayB5b3UnbGwgZG8gYSBnb29kIGpvYi4=,,,,,W0lybcOjbyBQZWRyb10KVm9jw6ogasOhIMOpIHVtIFNhY2VyZG90ZSwgdmVpbyBhcXVpIGFqdWRhciBhbGd1w6ltPwpWb2PDqiB0ZW0gRGV1cyBubyBjb3Jhw6fDo28sIG7Do28gcGFzc2Fyw6EgZGlmaWN1bGRhZGVzIGFxdWku,,W1BhZHJlIFBldGVyXQrCv0VzdMOhcyBhcXXDrSBwYXJhIGF5dWRhciBhIHVuIGNvbGVnYSBBY8OzbGl0byBlbiBzdSBlbnRyZW5hbWllbnRvIGVzcGlyaXR1YWw/IEVzbyBlcyBnZW5pYWwuIENyZW8gcXVlIGhhcsOhcyB1biBidWVuIHRyYWJham8u
TkGfBg,,W0ZhdGhlciBQZXRlcl0KUmVtZW1iZXIsIG5vIG1hdHRlciBob3cgbXVjaCB5b3Ugd2FudCB0byBoZWxwIHRoaXMgQWNvbHl0ZSwgdGhpcyBpcyBub3QgeW91ciBxdWVzdC4=,,,,,W0lybcOjbyBQZWRyb10KTGVtYnJlLXNlIHF1ZSBzw6NvIG9zIE5vdmnDp29zIHF1ZSBlc3TDo28gc2VuZG8gdGVzdGFkb3MuClZvY8OqIGVzdMOhIGFxdWkgYXBlbmFzIHBhcmEgYWp1ZGFyIQ==,,W1BhZHJlIFBldGVyXQpSZWN1ZXJkYSBxdWUsIHBvciBtdWNobyBxdWUgcXVpZXJhcyBheXVkYXIgYSBlc3RlIEFjw7NsaXRvLCBlc3RhIG5vIGVzIHR1IG1pc2nDs24u
T0GfBg,,W0ZhdGhlciBQZXRlcl0KWW91IG1heSBhc3Npc3QgYW5kIGxpZ2h0ZW4geW91ciBmcmllbmQncyBidXJkZW4sIGJ1dCB5b3UgdGFrZSB1cG9uIHRoaXMgdGFzayBmb3IgeW91cnNlbGYu,,,,,W0lybcOjbyBQZWRyb10KVm9jw6ogcG9kZSBhanVkYXIgZSBhbGl2aWFyIG8gZmFyZG8gZGUgc2V1IGFtaWdvLCBtYXMgdm9jw6ogYXNzdW1lIGVzc2EgdGFyZWZhIHBhcmEgc2kgbWVzbW8u,,W1BhZHJlIFBldGVyXQpQdWVkZXMgYXl1ZGFyIHkgYWxpZ2VyYXIgbGEgY2FyZ2EgZGUgdHUgY29sZWdhLCBwZXJvIGFzdW1lcyBlc3RhIHRhcmVhIHBvciB0dSBwcm9waWEgdm9sdW50YWQu
UEGfBg,,W0ZhdGhlciBQZXRlcl0KU28uLi4KQXJlIHlvdSBnb25uYSBoZWxwIGhpbSByaWdodCBub3c/,,,,,W0lybcOjbyBQZWRyb10KQWZpbmFsLCB2b2PDqiBxdWVyIGlyIGFqdWRhciBhbGd1w6ltPw==,,W1BhZHJlIFBldGVyXQpBc8OtIHF1ZeKApgrCv0xvIGF5dWRhcsOhcyBhaG9yYSBtaXNtbz8=
UUGfBg,,WWVzLCBJIGFtLg==,,,,,TWUgZMOhIHPDsyB1bSBtaW51dGluaG8u,,U8OtLCBsbyBoYXLDqS4=
UkGfBg,,SSBjaGFuZ2VkIG15IG1pbmQu,,,,,RXUgcXVlcm8gdm9sdGFyLg==,,Q2FtYmnDqSBkZSBvcGluacOzbi4=
U0GfBg,,W0ZhdGhlciBQZXRlcl0KR28gZm9yIGl0ISBBcyB5b3VyIEFjb2x5dGUgZW50ZXJzLCB0aGUgdGVzdCB3aWxsIGJlZ2luLiBOb3csIEkgd2lsbCBzZW5kIHlvdSB0byB0aGUgdGVzdGluZyBhcmVhLg==,,,,,W0lybcOjbyBQZWRyb10KTyBUZXN0ZSBjb21lw6dhcsOhIHF1YW5kbyBvIE5vdmnDp28gdmllci4KQm9hIHNvcnRlIQ==,,W1BhZHJlIFBldGVyXQrCoUFkZWxhbnRlISBDdWFuZG8gdHUgQWPDs2xpdG8gZW50cmUsIGNvbWVuemFyw6EgbGEgcHJ1ZWJhLiBBaG9yYSB0ZSBlbnZpYXLDqSBhIGxhIHpvbmEgZGUgbGEgcHJ1ZWJhLg==
VEGfBg,,W0ZhdGhlciBQZXRlcl0KSG0uLi4/CldoYXQgZm9yPwpXZWxsLCBzbyBsb25nIGFzIHlvdSBhcnJpdmUgaW4gdGltZSB0byBoZWxwIHlvdXIgZnJpZW5kLCBpdCB3aWxsIGJlIG9rYXku,,,,,W0lybcOjbyBQZWRyb10KVm9jw6ogYWluZGEgcHJlY2lzYSBzZSBwcmVwYXJhcj8KTsOjbyBpbXBvcnRhLCBmYWxlIGNvbWlnbyBxdWFuZG8gZXN0aXZlciBwcm9udG8u,,W1BhZHJlIFBldGVyXQrCv01tbT8Kwr9QYXJhIHF1w6k/Ck1pZW50cmFzIGxsZWd1ZXMgYSB0aWVtcG8gcGFyYSBheXVkYXIgYSB0dSBjb2xlZ2EsIHRvZG8gc2FsZHLDoSBiaWVuLg==
VUGfBg,,W0ZhdGhlciBQZXRlcl0KT2guLi4/ClRoZW4gcGxlYXNlLApnbyBhaGVhZC4gR29kIGJsZXNzCnlvdSwgYW5kIHRha2UgY2FyZSE=,,,,,W0lybcOjbyBQZWRyb10KU2Ugw6kgbyBxdWUgdm9jw6ogZGVzZWphLgpEZXVzIHRlIGFiZW7Dp29lLg==,,W1BhZHJlIFBldGVyXQrCv0Fo4oCmPwpFbnRvbmNlcywgcG9yIGZhdm9yLApjb250aW7DumEuIMKhUXVlIGxvcyBkaW9zZXMgdGUgY3VpZGVuCnkgdGUgYWNvbXBhw7FlbiE=
VkGfBg,,W0ZhdGhlciBQZXRlcl0KV2VsY29tZX4hCkkgY29uZ3JhdHVsYXRlIHlvdQpmb3IgcGFzc2luZyB0aGUgZmlyc3QgdHJhaWwu,,,,,W0lybcOjbyBQZWRyb10KQmVtIHZpbmRvISEKVmVqbyBxdWUgdm9jw6ogcGFzc291IG5vIHByaW1laXJvIHRlc3RlLCBtZXVzIHBhcmFiw6lucyE=,,W1BhZHJlIFBldGVyXQrCoUxsZWdhc3RlIQpUZSBmZWxpY2l0bwpwb3IgcGFzYXIgbGEgcHJpbWVyYSBwcnVlYmEu
V0GfBg,,W0ZhdGhlciBQZXRlcl0KTXkgbmFtZSBpcwpQZXRlciBTLiBBbGJlcnRvLgpIb3cgaXMgbXkgYnVkZHkgUGF1bD8KSXMgaGUgZG9pbmcgYWxyaWdodAp0aGVzZSBkYXlzPw==,,,,,W0lybcOjbyBQZWRyb10KRXUgbWUgY2hhbW8gUGVkcm8gUy4gQWxiZXJ0by4KQ29tbyBhbmRhIG8gVG9tYXMgbMOhIG5hIElncmVqYT8=,,W1BhZHJlIFBldGVyXQpNZSBsbGFtbwpQZXRlciBTLiBBbGJlcnRvLgrCv0PDs21vIGVzdMOhIG1pIGFtaWdvIFBhdWw/CsK/TGUgdmEgYmllbgrDumx0aW1hbWVudGU/
WEGfBg,,W0ZhdGhlciBQZXRlcl0KT2gsIEkga2VlcCBmb3JnZXR0aW5nIHRoYXQgaGUgd2FzIHByb21vdGVkIHRvIEJpc2hvcC4gSSB0aGluayBJJ20gc3VwcG9zZWQgdG8gY2FsbCBoaW0gQmlzaG9wIFBhdWwsIG9yICdIaXMgRXhjZWxsZW5jeS4nIEhhaGF+,,,,,W0lybcOjbyBQZWRyb10KT29vcHMuLiBCSVNQTyBUb21hcywgbsOjbyDDqT8KSGVoZWhlLi4gRXUgYWluZGEgbGVtYnJvIGRlIHF1YW5kbyBhcHJvbnTDoXZhbW9zIG5vIHNlbWluw6FyaW8uLi4=,,W1BhZHJlIFBldGVyXQpBaCwgc2lnbyBvbHZpZGFuZG8gcXVlIGZ1ZSBhc2NlbmRpZG8gYSBvYmlzcG8uIENyZW8gcXVlIGRlYm8gbGxhbWFybG8gb2Jpc3BvIFBhdWwgbyDigJxTdSBFeGNlbGVuY2lh4oCdLiBKYSwgamEu
WUGfBg,,W0ZhdGhlciBQZXRlcl0KQW55d2F5LCBsZXQgbWUgZ2l2ZSB5b3UgYSBicmllZiBleHBsYW5hdGlvbiBvZiB0aGUgc3Bpcml0dWFsIHRyYWluaW5nLiBBcmUgeW91IGZhbWlsaWFyIHdpdGggd2hhdCB0aGUgc3Bpcml0dWFsIHRyYWluaW5nIGlzIGZvciBQcmllc3RzPw==,,,,,W0lybcOjbyBQZWRyb10KTWFzIGV1IGVzdG91IGRpdmFnYW5kby4uLgpFdSBwcmVjaXNvIHRlIGV4cGxpY2FyIG8gcXVlIMOpIG8gRXhvcmNpc21vPw==,,W1BhZHJlIFBldGVyXQpEZSB0b2RvcyBtb2RvcywgcGVybcOtdGVtZSBkYXJ0ZSB1bmEgYnJldmUgZXhwbGljYWNpw7NuIHNvYnJlIGVsIGVudHJlbmFtaWVudG8gZXNwaXJpdHVhbC4gwr9Db25vY2VzIGVsIGVudHJlbmFtaWVudG8gZXNwaXJpdHVhbCBkZSBsb3MgU2FjZXJkb3Rlcz8=
WkGfBg,,U29ycnkuLi4=,,,,,TsOjbywgZXUgasOhIHNlaSBkZSB0dWRvLg==,,TG8gc2llbnRv4oCm
W0GfBg,,W0ZhdGhlciBQZXRlcl0KSGFoYSwgSSBsaWtlIHlvdSEgQnV0IGl0IG5ldmVyIGh1cnRzIHRvIGhhdmUgdG9vIG11Y2ggaW5mb3JtYXRpb24uIFRoZSBtb3JlIHdlbGwgaW5mb3JtZWQgeW91IGFyZSwgdGhlIG1vcmUgZWFzaWx5IHlvdSdsbCBwYXNzIHRoZSB0ZXN0IQ==,,,,,W0lybcOjbyBQZWRyb10KTWFzIHZvY8OqIGRldmUgc2VyIHVtIGfDqm5pbyBtZXNtbywgaGVpbj8KTWFzIG1lc21vIHZvY8OqIHNhYmVuZG8gZGUgdHVkbywgbnVuY2Egw6kgcnVpbSBzYWJlciB1bSBwb3VjbyBtYWlzLCBuw6NvIMOpPyBIZWhlaGVoZWhlaC4=,,W1BhZHJlIFBldGVyXQpKYSwgamEsIMKhbWUgY2FlcyBiaWVuISBQZXJvIG51bmNhIGVzdMOhIGRlIG3DoXMgdGVuZXIgbXVjaGEgaW5mb3JtYWNpw7NuLiDCoUN1YW50byBtw6FzIGluZm9ybWFjacOzbiB0ZW5nYXMsIG3DoXMgZsOhY2lsbWVudGUgcGFzYXLDoXMgbGEgcHJ1ZWJhIQ==
XEGfBg,,W0ZhdGhlciBQZXRlcl0KT2gsIG5vIG5lZWQgdG8gYmUgc29ycnkuIEknbSBoZXJlIHRvIGdpdmUgeW91IHRoZSBpbmZvcm1hdGlvbiB5b3UgbmVlZCBhbnl3YXkuIFNvLCBkb24ndCB3b3JyeS4=,,,,,W0lybcOjbyBQZWRyb10KQmVtLCBldSB2b3UgdGUgZGFyIHVtYSBleHBsaWNhw6fDo28gYmVtIGRldGFsaGFkYS4KQXBvc3RvIHF1ZSB2b2PDqiBhdMOpIHByYXRpY291IEV4b3JjaXNtbyBhbnRlcywgc2VtIG5lbSBzYWJlci4=,,W1BhZHJlIFBldGVyXQpBaCwgbm8gaGFjZSBmYWx0YSBxdWUgdGUgZGlzY3VscGVzLiBEZSB0b2RvcyBtb2RvcywgbWkgbGFib3IgYXF1w60gZXMgYnJpbmRhcnRlIGxhIGluZm9ybWFjacOzbiBxdWUgbmVjZXNpdGVzLiBBc8OtIHF1ZSBubyB0ZSBwcmVvY3VwZXMu
XUGfBg,,W0ZhdGhlciBQZXRlcl0KSW4gc3Bpcml0dWFsIHRyYWluaW5nLCB5b3Ugd2lsbCBiZSBkZWZlYXRpbmcgZXZpbCBjcmVhdHVyZXMuIENyZWF0dXJlcyBvZiB0aGUgVW5kZWFkIGFuZCBEZW1vbnMgYXJlIGFsbCBldmlsLiBJbiBjaG9vc2luZyB0byBzZXJ2ZSBkYXJrbmVzcywgdGhleSBhcmUgb3VyIGVuZW1pZXMh,,,,,W0lybcOjbyBQZWRyb10KRXhvcmNpc21vIMOpIGV4cHVsc2FyIG8gTWFsLgpPIE1hbCBzw6NvIG9zIG1vbnN0cm9zIG1hbGRpdG9zIGUgZGVtw7RuaW9zLg==,,W1BhZHJlIFBldGVyXQpFbiBlbCBlbnRyZW5hbWllbnRvIGVzcGlyaXR1YWwsIGRlcnJvdGFyw6FzIGEgY3JpYXR1cmFzIG1hbGlnbmFzLiBMYXMgY3JpYXR1cmFzIGRlIGxvcyBNdWVydG9zIHZpdmllbnRlcyB5IGxvcyBEZW1vbmlvcyBzb24gcHVyYSBtYWxkYWQuIENvbW8gZWxpZ2llcm9uIHNlcnZpciBhIGxhIG9zY3VyaWRhZCwgwqFzb24gbnVlc3Ryb3MgZW5lbWlnb3Mh
XkGfBg,,W0ZhdGhlciBQZXRlcl0KVGhlcmUgYXJlIHRvbyBtYW55IGV2aWwgY3JlYXR1cmVzIHRoYXQgcm9hbSB0aGlzIHdvcmxkIGFnYWluc3QgdGhlIHdpbGwgb2YgR29kLiBJbm5vY2VudHMgc3VmZmVyIGFzIGEgcmVzdWx0IG9mIHRoZWlyIG1hbGlnbmFuY2Uu,,,,,W0lybcOjbyBQZWRyb10KSG9qZSBlbSBkaWEgZWxlcyBlc3TDo28gZW0gdG9kb3Mgb3MgbHVnYXJlcy4KRWxlcyBwZXJ0dWJhbSBhIHBheiBkZSBwZXNzb2FzIGlub2NlbnRlcy4=,,W1BhZHJlIFBldGVyXQpIYXkgZGVtYXNpYWRhcyBjcmlhdHVyYXMgbWFsdmFkYXMgcXVlIHZhZ2FuIHBvciBlc3RlIG11bmRvIGVuIGNvbnRyYSBkZSBsYSB2b2x1bnRhZCBkZSBsb3MgZGlvc2VzLiBMb3MgaW5vY2VudGVzIHN1ZnJlbiBjb21vIGNvbnNlY3VlbmNpYSBkZSBzdSBtYWxkYWQu
X0GfBg,,W0ZhdGhlciBQZXRlcl0KV2UsIGFzIFByaWVzdHMsIGFyZSBvYmxpZ2F0ZWQgdG8gZXh0ZXJtaW5hdGUgYWxsIHRob3NlIGNyZWF0dXJlcywgdGh1cyBzcHJlYWRpbmcgbG92ZSBhbmQgcGVhY2Uu,,,,,W0lybcOjbyBQZWRyb10Kw4kgbyBub3NzbyBkZXZlciwgY29tbyBTYWNlcmRvdGVzLCBkZSBhY2FiYXIgY29tIGVsZXMhCkVzc2Ugw6kgbyBub3NzbyBtZWlvIGRlIHRyYXplciBwYXogcGFyYSBvIG5vc3NvIG11bmRvLg==,,W1BhZHJlIFBldGVyXQpOb3NvdHJvcywgY29tbyBTYWNlcmRvdGVzLCBlc3RhbW9zIG9ibGlnYWRvcyBhIGV4dGVybWluYXIgYSB0b2RhcyBlc2FzIGNyaWF0dXJhcywgeSBhc8OtIGRpZnVuZGlyIGVsIGFtb3IgeSBsYSBwYXou
YEGfBg,,W0ZhdGhlciBQZXRlcl0KVGhpcyB0cmFpbmluZyB3aWxsIHRlc3QgeW91ciBhYmlsaXR5IHRvIGVsaW1pbmF0ZSBldmlsLiBTaW5jZSB0aGlzIHRyaWFsIGlzIHByZXR0eSBkaWZmaWN1bHQgdG8gYmUgYWNjb21wbGlzaGVkIGJ5IHlvdXJzZWxmLApJIHJlY29tbWVuZCBnZXR0aW5nIGhlbHAgZnJvbSBhIFByaWVzdCBpZiB5b3UgY2FuLg==,,,,,W0lybcOjbyBQZWRyb10KQXF1aSBuw7NzIHRlc3RhcmVtb3Mgc3VhIGNhcGFjaWRhZGUgZGUgcHJhdGljYXIgbyBFeG9yY2lzbW8uClZvY8OqIHBvZGUgdGVyIGEgYWp1ZGEgZGUgb3V0cm9zIFNhY2VyZG90ZXMgbm8gY2FtaW5obyBzZSBxdWlzZXIu,,W1BhZHJlIFBldGVyXQpFc3RlIGVudHJlbmFtaWVudG8gcG9uZHLDoSBhIHBydWViYSB0dSBoYWJpbGlkYWQgcGFyYSBlbGltaW5hciBlbCBtYWwuIENvbW8gZXMgYmFzdGFudGUgZGlmw61jaWwgcmVhbGl6YXIgZXN0YSBwcnVlYmEgc2luIGF5dWRhLAp0ZSByZWNvbWllbmRvIHF1ZSBidXNxdWVzIGFwb3lvIGRlIHVuIFNhY2VyZG90ZSBzaSBwdWVkZXMu
YUGfBg,,W0ZhdGhlciBQZXRlcl0KSWYgeW91IGFyZSBjbG9zZSB0byBhIFByaWVzdCwgeW91J2QgYmV0dGVyIGFzayBoaW0gdG8gYXNzaXN0IHlvdSBkdXJpbmcgdGhpcyB0cmlhbC4gTm93LCBhcmUgeW91IHJlYWR5Pw==,,,,,W0lybcOjbyBQZWRyb10KQmVtLCBhY2hvIHF1ZSDDqSBzw7MgaXNzby4KVm9jw6ogZXN0w6EgcHJvbnRvIHBhcmEgY29tZcOnYXI/,,W1BhZHJlIFBldGVyXQpTaSB0aWVuZXMgdW5hIHJlbGFjacOzbiBjZXJjYW5hIGEgYWxnw7puIFNhY2VyZG90ZSwgc2Vyw61hIGJ1ZW5hIGlkZWEgcGVkaXJsZSBxdWUgdGUgYXl1ZGUgZHVyYW50ZSBlc3RhIHBydWViYS4gQWhvcmEsIMK/dGllbmVzIHRvZG8gcHJlcGFyYWRvPw==
YkGfBg,,UGxlYXNlIGhvbGQgb24u,,,,,TsOjbywgZXUgYWluZGEgcHJlY2lzbyBkZSB1bSB0ZW1wby4=,,RXNwZXJhLCBwb3IgZmF2b3Iu
Y0GfBg,,SSB3YW50IHRvIGdvIGJhY2su,,,,,RXUgcXVlcm8gdm9sdGFyIHBhcmEgY2lkYWRlLg==,,UXVpZXJvIHJlZ3Jlc2FyLg==
ZEGfBg,,W0ZhdGhlciBQZXRlcl0KTm93LCBsZXQgdGhlIHNwaXJpdHVhbCB0cmFpbmluZyBiZWdpbi4gSXQncyBzaW1wbGUuIEp1c3Qga2lsbCB0aGVtIGFsbC4gU2hvdyBubyBtZXJjeSB0byB0aGUgY3JlYXR1cmVzIG9mIGRhcmtuZXNzIQ==,,,,,W0lybcOjbyBQZWRyb10Kw4kgc2ltcGxlcywgbWF0ZSB0b2RvcyBvcyBtb25zdHJvcy4KRXN0ZSB0ZXN0ZSB0ZW0gdsOhcmlhcyBldGFwYXMsIGVudMOjbyBlc3RlamEgcHJlcGFyYWRvLg==,,W1BhZHJlIFBldGVyXQpRdWUgY29taWVuY2UgZWwgZW50cmVuYW1pZW50byBlc3Bpcml0dWFsLiBFcyBzZW5jaWxsby4gTcOhdGFsb3MgYSB0b2Rvcy4gwqFObyBsZXMgbXVlc3RyZXMgcGllZGFkIGEgbGFzIGNyaWF0dXJhcyBkZSBsYSBvc2N1cmlkYWQh
ZUGfBg,,W0ZhdGhlciBQZXRlcl0KTm93Li4uCkdvIGZvciBpdCE=,,,,,W0lybcOjbyBQZWRyb10KTyB0ZXN0ZSB2YWkgY29tZcOnYXIgYWdvcmEsIGJvYSBzb3J0ZSE=,,W1BhZHJlIFBldGVyXQpBaG9yYeKApgrCoUFkZWxhbnRlIQ==
ZkGfBg,,W0ZhdGhlciBQZXRlcl0KSG0/IFdoYXQgaXMgaXQgeW91IG5lZWQ/CldlbGwsIG5vIHByb2JsZW0uIFlvdSBjYW4KYWZmb3JkIHRvIHRha2UgeW91ciB0aW1lLg==,,,,,W0lybcOjbyBQZWRyb10KU2VtIHByb2JsZW1hcy4KVG9tZSBvIHRlbXBvIHF1ZSBmb3IgbmVjZXNzw6FyaW8u,,W1BhZHJlIFBldGVyXQrCv01tPyDCv1F1w6kgbmVjZXNpdGFzPwpCdWVubywgbm8gaGF5IHByb2JsZW1hLiBQdWVkZXMKdG9tYXJ0ZSB0dSB0aWVtcG8u
Z0GfBg,,W0ZhdGhlciBQZXRlcl0KV2hhdC4uLj8KWW91IHdhbm5hIGdvIGJhY2s/Pw==,,,,,W0lybcOjbyBQZWRyb10KQ2lkYWRlPyBWb2PDqiBlc3TDoSBkZXNpc3RpbmRvPwpRdWVtIHNvdSBldSBwcmEganVsZ2FyLi4uIE1hcyB2b2PDqiBwYXJlY2Ugc2VyIG11aXRvIG1lZHJvc28u,,W1BhZHJlIFBldGVyXQrCv1F1w6nigKY/CsK/wr9RdWllcmVzIHJlZ3Jlc2FyPz8=
aEGfBg,,W0ZhdGhlciBQZXRlcl0KSSB1bmRlcnN0YW5kLiBJIHN1cHBvc2UgeW91IGhhdmUgc29tZSBpbXBvcnRhbnQgcmVhc29uIG9yIGJ1c2luZXNzIHRoYXQgeW91IG11c3QgYXR0ZW5kIHRvLiBDb21lIGJhY2sgd2hlbmV2ZXIgeW91IGNhbi4=,,,,,W0lybcOjbyBQZWRyb10KRGV2ZSBzZXIgYSBzdWEgcHJpbWVpcmEgdGVudGF0aXZhLCBuw6NvIMOpPwpCZW0sIHZvbHRlIHF1YW5kbyBlc3RpdmVyIGNvbSBtZW5vcyBtZWRvLg==,,W1BhZHJlIFBldGVyXQpFbnRpZW5kby4gU3Vwb25nbyBxdWUgdGllbmVzIGFsZ8O6biBtb3Rpdm8gbyBhc3VudG8gaW1wb3J0YW50ZSBxdWUgYXRlbmRlci4gVnVlbHZlIHNpZW1wcmUgcXVlIHB1ZWRhcy4=
aUGfBg,,W0ZhdGhlciBQZXRlcl0KQXJlIHlvdSByZWFkeSB0aGlzIHRpbWU/CkNvbXBsZXRlIHRoaXMgdHJpYWwgcXVpY2tseSwKYW5kIGJlY29tZSBhIFByaWVzdCE=,,,,,W0lybcOjbyBQZWRyb10KVm9jw6ogbsOjbyBjb25zZWd1aXUgcGFzc2FyPwpCZW0sIHRlbnRlIG91dHJhIHZleiwgZSBzZSBlc2ZvcsOnZSBkZXNzYSB2ZXoh,,W1BhZHJlIFBldGVyXQrCv0VzdMOhIHZleiB0ZW5kcsOhcyBsbyBuZWNlc2FyaW8/CsKhQ29tcGxldGEgZXN0YSBwcnVlYmEgcsOhcGlkbwp5IGNvbnZpw6lydGV0ZSBlbiBTYWNlcmRvdGUh
akGfBg,,W0ZhdGhlciBQZXRlcl0KQXJlIHlvdSByZWFkeSB0aGVuPw==,,,,,W0lybcOjbyBQZWRyb10KUG9kZW1vcyBjb21lw6dhcj8=,,W1BhZHJlIFBldGVyXQrCv1RpZW5lcyB0b2RvIGxpc3RvPw==
a0GfBg,,W0ZhdGhlciBQZXRlcl0KTm93LCBsZXQgdGhlIHNwaXJpdHVhbCB0cmFpbmluZyBiZWdpbi4gRm9yIHRoZSBnbG9yeSBvZiBHb2QsIGZvciBwZWFjZSBvbiBlYXJ0aCwgYW5kIGdvb2R3aWxsIHRvd2FyZHMgYWxsIG1lbi4uLg==,,,,,W0lybcOjbyBQZWRyb10Kw4kgc2ltcGxlcywgbWF0ZSB0b2RvcyBvcyBtb25zdHJvcy4KRXN0ZSB0ZXN0ZSB0ZW0gdsOhcmlhcyBldGFwYXMsIGVudMOjbyBlc3RlamEgcHJlcGFyYWRhLg==,,W1BhZHJlIFBldGVyXQpRdWUgY29taWVuY2UgZWwgZW50cmVuYW1pZW50byBlc3Bpcml0dWFsLiBQb3IgbGEgZ2xvcmlhIGRlIGRpb3NlcywgcG9yIGxhIHBheiBlbiBsYSBUaWVycmEgeSBsYSBidWVuYSB2b2x1bnRhZCBoYWNpYSB0b2RhIGxhIGh1bWFuaWRhZOKApg==
bEGfBg,,W0ZhdGhlciBQZXRlcl0KR28uLi4KS2lsbCB0aG9zZQptaXNiZWdvdHRlbiBjcmVhdHVyZXMh,,,,,W0lybcOjbyBQZWRyb10KTWF0ZSB0b2RvcyBlbGVzIGUgZW50cmUgbm8gcG9ydGFsIG5vIGZpbmFsIGRvIG1hcGEuCk1hcyBsZW1icmUtc2UsIHZvY8OqIHByZWNpc2EgbWF0YXIgVE9ET1MgZWxlcy4=,,W1BhZHJlIFBldGVyXQpWZeKApgrCoU1hdGEgYSBlc2FzCmNyaWF0dXJhcyBxdWUgc2UgYWxlamFyb24gZGVsIGNhbWlubyE=
bUGfBg,,W0ZhdGhlciBQZXRlcl0KR28gYmFjayE=,,,,,W0lybcOjbyBQZWRyb10KVsOhIQ==,,W1BhZHJlIFBldGVyXQrCoVZ1ZWx2ZSE=
bkGfBg,,UGV0ZXIgUy4gQWxiZXJ0byA=,,,,,SXJtw6NvIFBlZHJv,,UGV0ZXIgUy4gQWxiZXJ0byA=
b0GfBg,,U28gZ29vZCB0byBzZWUgeW91IQ==,,,,,UXVlIGJvbSB2ZXIgdm9jw6oh,,wqFNZSBhbGVncmEgbXVjaG8gdmVydGUh
cEGfBg,,W0ZhdGhlciBQZXRlcl0KV2VsbCwgYW5vdGhlciBBY29seXRlIGlzIGluIHRoZSB0cmFpbmluZyBncm91bmQgcmlnaHQgbm93LiBZb3UnbGwgbmVlZCB0byB3YWl0IGEgbGl0dGxlIGJpdCBsb25nZXIuLi4=,,,,,W0lybcOjbyBQZWRyb10KUG9yw6ltIHZvY8OqIHZhaSBwcmVjaXNhciBlc3BlcmFyIHVtIHBvdWNvIHBhcmEgZW50cmFyIG5vIHRlc3RlLgpKw6EgdGVtIG91dHJhcyBwZXNzb2FzIGzDoSBkZW50cm8u,,W1BhZHJlIFBldGVyXQpCdWVubywgb3RybyBBY8OzbGl0byBlc3TDoSBlbiBlbCBjYW1wbyBkZSBlbnRyZW5hbWllbnRvIGFob3JhIG1pc21vLiBUZW5kcsOhcyBxdWUgZXNwZXJhciB1biBwb2NvIG3DoXPigKY=
cUGfBg,,W0ZhdGhlciBQZXRlcl0KUGxlYXNlIGNvbWUgYmFjayBhIGxpdHRsZSBsYXRlci4gSWYgdGhpcyBhY29seXRlJ3MgZG9uZSB3aXRoIHRoZSB0cmFpbmluZywgSSB3aWxsIHNlbmQgeW91IHRvIHRoZSB0cmFpbmluZyBhcmVhLg==,,,,,W0lybcOjbyBQZWRyb10KRmFsZSBjb21pZ28gZGFxdWkgYSBwb3VjbywgZXUgdm91IG1hbmRhLWxvIGFzc2ltIHF1ZSBvIHRlc3RlIHRpdmVyIGFjYWJhZG8u,,W1BhZHJlIFBldGVyXQpQb3IgZmF2b3IsIHZ1ZWx2ZSB1biBwb2NvIG3DoXMgdGFyZGUuIFNpIGVzdGUgQWPDs2xpdG8geWEgdGVybWluw7MgY29uIGVsIGVudHJlbmFtaWVudG8sIHRlIGVudmlhcsOpIGEgbGEgem9uYSBkZSBlbnRyZW5hbWllbnRvLg==
ckGfBg,,W0ZhdGhlciBQZXRlcl0KUGxlYXNlIGhvbGQgb24gZm9yIGEgd2hpbGUuIEFub3RoZXIgYWNvbHl0ZSBpcyBpbiB0aGUgdHJhaW5pbmcgZ3JvdW5kIHJpZ2h0IG5vdy4=,,,,,W0lybcOjbyBQZWRyb10KT3V0cm8gTm92acOnbyBlc3TDoSBmYXplbmRvIG8gdGVzdGUgYWdvcmEuIEFndWFyZGUgdW0gcG91Y28u,,W1BhZHJlIFBldGVyXQpQb3IgZmF2b3IsIGVzcGVyYSB1biBtb21lbnRvLiBPdHJvIEFjw7NsaXRvIGVzdMOhIGVuIGVsIGNhbXBvIGRlIGVudHJlbmFtaWVudG8gYWhvcmEgbWlzbW8u
c0GfBg,,W0ZhdGhlciBQZXRlcl0KSWYgeW91IHdhbnQgdG8gdGFrZSB0aGUgdGVzdCwgcGxlYXNlIHdhaXQgYSB3aGlsZSBhbmQgdGFsayB0byBtZSBhZ2Fpbi4=,,,,,W0lybcOjbyBQZWRyb10KRmFsZSBjb21pZ28gZGFxdWkgdW0gdGVtcGluaG8u,,W1BhZHJlIFBldGVyXQpTaSBxdWllcmVzIGhhY2VyIGxhIHBydWViYSwgZXNwZXJhIHVuIG1vbWVudG8geSB2dWVsdmUgYSBoYWJsYXIgY29ubWlnby4=
dEGfBg,,W0ZhdGhlciBQZXRlcl0KUGVhY2UuLi4KQmUgd2l0aCB5b3Uu,,,,,W0lybcOjbyBQZWRyb10KQSBwYXogZXN0ZWphIGNvbnZvc2NvLi4u,,W1BhZHJlIFBldGVyXQpRdWUgbGEgcGF64oCmCmVzdMOpIGNvbnRpZ28u
dUGfBg,,Wm9tYmllX0dlbmVyYXRvcg==,,,,,Wm9tYmllX0dlbmVyYXRvcg==,,Wm9tYmllX0dlbmVyYXRvcg==
dkGfBg,,VGhlZnQ=,,,,,Um91Ym8=,,Um9ibw==
d0GfBg,,V2FudCBvZiBWaXJ0dWU=,,,,,QXNzYXNzaW5hdG8=,,RmFsdGEgZGUgdmlydHVk
eEGfBg,,SmVhbG91c3k=,,,,,Q29iacOnYQ==,,Q2Vsb3M=
eUGfBg,,RnVyeQ==,,,,,UmFpdmE=,,SXJh
ekGfBg,,RW52eQ==,,,,,SW52ZWph,,RW52aWE=
e0GfBg,,QXJyb2dhbmNl,,,,,QXJyb2fDom5jaWE=,,QXJyb2dhbmNpYQ==
fEGfBg,,TGV3ZG5lc3M=,,,,,THV4w7pyaWE=,,SW5kZWNlbmRpYQ==
fUGfBg,,U2xvdGg=,,,,,UHJlZ3Vpw6dh,,UGVyZXph
fkGfBg,,R2x1dHRvbnk=,,,,,R3VsYQ==,,R3VsYQ==
f0GfBg,,R3JlZWQ=,,,,,QXZhcmV6YQ==,,Q29kaWNpYQ==
gEGfBg,,RGVzcGFpcg==,,,,,RGVzZXNwZXJv,,RGVzZXNwZXJhbnph
gUGfBg,,RGlzdHJ1c3Q=,,,,,SGVyZXNpYQ==,,RGVzY29uZmlhbnph
gkGfBg,,RmVhcg==,,,,,SW5jZXN0bw==,,TWllZG8=
g0GfBg,,W0ZhdGhlciBQZXRlcl0KV2hlbiB0aGUgUHJpZXN0IGFwcGxpY2FudCBlbnRlcnMsIDUgbWludXRlcyB3aWxsIGJlIGdpdmVuIHRvIGNvbXBsZXRlIHRoaXMgdHJpYWwuIFByb2NlZWQgc2xvd2x5IGFuZCBoZWxwIHlvdXIgQWNvbHl0ZS4=,,,,,W1BhZHJlIFBldGVyXQpRdWFuZG8gbyBjYW5kaWRhdG8gYSBTYWNlcmRvdGUgZW50cmFyLCBzZXLDo28gZGFkb3MgNSBtaW51dG9zIHBhcmEgY29uY2x1aXIgZXN0YSBwcm92YS4gUHJvc3NpZ2EgbGVudGFtZW50ZSBlIGFqdWRlIHNldSBOb3Zpw6dvLg==,,W1BhZHJlIFBldGVyXQpDdWFuZG8gZW50cmUgZWwgc29saWNpdGFudGUgYSBTYWNlcmRvdGUsIHNlIGxlIGRhcsOhbiA1IG1pbnV0b3MgcGFyYSBjb21wbGV0YXIgZXN0YSBwcnVlYmEuIFByb2NlZGUgbGVudGFtZW50ZSB5IGF5dWRhIGEgdHUgQWPDs2xpdG8u
hEGfBg,,W0ZhdGhlciBQZXRlcl0KRW50ZXIgdGhyb3VnaCB0aGUgd2FycCBhdCB0aGUgZW5kIG9mIHRoZSBoYWxsLCB3aGVyZSB5b3Ugd2lsbCBiZSBsZWFkIHRvIHRoZSBuZXh0IHRlc3QgaGFsbC4=,,,,,W0lybcOjbyBQZWRyb10KRW50cmUgcGVsbyBwb3J0YWwgbm8gZmluYWwgZG8gc2Fsw6NvLCBvbmRlIHZvY8OqIHNlcsOhIGNvbmR1emlkbyBhbyBwcsOzeGltbyBzYWzDo28gZGUgdGVzdGVzLg==,,W1BhZHJlIFBldGVyXQpFbnRyYSBwb3IgZWwgdGVsZXRyYW5zcG9ydGFkb3IgYWwgZmluYWwgZGUgbGEgc2FsYSwgZG9uZGUgc2UgdGUgY29uZHVjaXLDoSBhIGxhIHNpZ3VpZW50ZSBzYWxhIGRlIGxhIHBydWViYS4=
hUGfBg,,W0ZhdGhlciBQZXRlcl0KUmVtZW1iZXIuLi4KVGhpcyB0cmlhbCBtdXN0IGJlCmNvbXBsZXRlZCB3aXRoaW4KNSBtaW51dGVzLiBCZXN0IG9mIGx1Y2t+,,,,,W0lybcOjbyBQZWRyb10KTGVtYnJlLXNlLi4uCkVzc2UgdGVzdGUgZGV2ZSBzZXIKY29uY2x1w61kbyBlbQo1IG1pbnV0b3MuIEJvYSBzb3J0ZX4=,,W1BhZHJlIFBldGVyXQpSZWN1ZXJkYeKApgpFc3RhIHBydWViYSBkZWJlCmZpbmFsaXphcnNlIGVuCjUgbWludXRvcy4gVG9kYSBsYSBzdWVydGUgZGVsIG11bmRvLg==
hkGfBg,,W0ZhdGhlciBQZXRlcl0KSSB3aWxsIGdpdmUgeW91IGV4YWN0bHkgNSBtaW51dGVzISBZb3UgbXVzdCBwcm9jZWVkIHNsb3dseSBhbmQgZWxpbWluYXRlIHRoZSBab21iaWVzLg==,,,,,W0lybcOjbyBQZWRyb10KVm9jw6ogdGVyw6EgYXBlbmFzIDUgbWludXRvcyEKQW5kZSBlbSBmcmVudGUgZSBtYXRlIG9zIHp1bWJpcy4=,,W1BhZHJlIFBldGVyXQrCoVRlIGRhcsOpIGV4YWN0YW1lbnRlIDUgbWludXRvcyEgRGViZXMgYXZhbnphciBsZW50YW1lbnRlIHkgZWxpbWluYXIgYSBsb3MgWm9tYmlzLg==
h0GfBg,,W0ZhdGhlciBQZXRlcl0KU2xheSBhbGwgdGhlIHpvbWJpZXMgYW5kIGdvIHRocm91Z2ggdGhlIHdhcnAgYXQgdGhlIGVuZCBvZiB0aGUgaGFsbC4gTWFrZSBzdXJlIHRoYXQgeW91IGtpbGwgdGhlbSBhbGwu,,,,,W0lybcOjbyBQZWRyb10KTWF0ZSB0b2RvcyBlbGVzIGUgZW50cmUgbm8gcG9ydGFsIG5vIGZpbmFsIGRvIG1hcGEuCk1hcyBsZW1icmUtc2UsIHZvY8OqIHByZWNpc2EgbWF0YXIgVE9ET1MgZWxlcy4=,,W1BhZHJlIFBldGVyXQpNYXRhIGEgdG9kb3MgbG9zIFpvbWJpcyB5IGF0cmF2aWVzYSBlbCB0ZWxldHJhbnNwb3J0YWRvciBhbCBmaW5hbCBkZSBsYSBzYWxhLiBBc2Vnw7pyYXRlIGRlIG1hdGFybG9zIGEgdG9kb3Mu
iEGfBg,,RGV2aXJ1Y2hp,,,,,RGV2aXJ1Y2hp,,RGV2aXJ1Y2hp
iUGfBg,,W0RldmlydWNoaV0KV2hhYWFhYXQuLi4/CldoYXQgYXJlIHlvdQpkb2luZyBiYWNrIGhlcmU/,,,,,W0RldmlydWNoaV0KSHVhdWF1YXUsIHVtIFNhY2VyZG90ZSBhcXVpISBQb3JxdWUgdm9jw6ogbsOjbyBlc3TDoSBuYSBpZ3JlamEgcmV6YW5kbz8KUmV6YW5kbywgcmV6YW5kby4uLiDDiSBzw7MgbyBxdWUgdm9jw6pzIHNhYmVtIGZhemVyIQ==,,W0RldmlydWNoaV0Kwr9RdcOpw6nDqcOpw6nigKY/CsKhwr9RdcOpIGVzdMOhcwpoYWNpZW5kbyBhcXXDrT8=
ikGfBg,,W0RldmlydWNoaV0KV2VsbCwgbG9vayB3aG8ncyB0aGUgXjY2MDAwMEJNT0NeMDAwMDAwIG5vdy4gVGhhdCdzICdeNjYwMDAwQl4wMDAwMDBpZyBeNjYwMDAwTV4wMDAwMDBhbiBeNjYwMDAwT14wMDAwMDBuIF42NjAwMDBDXjAwMDAwMGFtcHVzLCcgaWYgeW91IGRpZG4ndCBrbm93LiBCeSB0aGUgd2F5LCBJIHdhcyBiZWluZyBzYXJjYXN0aWMuIFlvdSBrbm93LCBpZiB5b3UgZGlkbid0IG5vdGljZS4=,,,,,W0RldmlydWNoaV0KRXUgZGlyaWEgcXVlIGEgZnVuw6fDo28gZGUgdm9jw6pzIMOpIGdhc3RhciB0ZW1wbyEgSHVhdWF1YXVhLgpFdSB2b3Ugc2VyIG1pc2VyaWNvcmRpb3NvIGRlc3NhIHZleiBlIGRlaXjDoS1sbyBpciBlbWJvcmEgY29tIHRvZG9zIG9zIHNldXMgZGVkb3MuIEhlaGVoZWhlaGhlLg==,,W0RldmlydWNoaV0KQnVlbm8sIG1pcmEgcXVpw6luIGVzIGFob3JhIGxhIF4wMDY2MzNQTUVFXjAwMDAwMC4gRXMgZGVjaXIgbGEg4oCcXjAwNjYzM1BeMDAwMDAwZXJzb25hIHF1ZSBeMDA2NjMzTV4wMDAwMDDDoXMgc2UgXjAwNjYzM0VeMDAwMDAwc2Z1ZXJ6YSBeMDA2NjMzRV4wMDAwMDBudHJlbmFuZG/igJ0sIHBvciBzaSBubyBsbyBzYWLDrWFzLiBQb3IgY2llcnRvLCBlc28gZXJhIHNhcmNhc21vLiBQb3Igc2kgbm8gdGUgaGFiw61hcyBkYWRvIGN1ZW50YS4=
i0GfBg,,W0RldmlydWNoaV0KQXJlIHlvdSByZWFsbHkKaGFwcHkgYmVpbmcgYSBQcmllc3Q/ClRoZXJlJ3Mgbm8gcG9zc2libGUgd2F5Lg==,,,,,W0RldmlydWNoaV0KQWgsIHZvY8OqIMOpIHVtIE5vdmnDp28uLiBGYXogdW0gdGVtcG8gcXVlIGV1IG7Do28gdmkgdW0gZGUgdm9jw6pzLgpWb2PDqiBwYXJlY2UgZXN0YXIgdMOjbyBjYW5zYWRvLi4u,,W0RldmlydWNoaV0Kwr9EZSB2ZXJkYWQKZXN0w6FzIGZlbGl6IGRlIHNlciBTYWNlcmRvdGU/Ck5vIGVzIHBvc2libGUu
jEGfBg,,W0RldmlydWNoaV0KQWxyaWdodCwgYWxyaWdodCwgZm9yIG9sZCB0aW1lJ3Mgc2FrZSwgSSdsbCBsZXQgeW91IHBhc3MgbWUuIEJ1dCBvbmx5IHRoaXMgb25jZS4gQnV0IEkgYmV0dGVyIG5vdCBjYXRjaCB5b3UgYWdhaW4hIFRoaXMgaXMgZXZpbCB0dXJmLCB5b3UgaGVhcj8h,,,,,W0RldmlydWNoaV0KVm9jw6ogZXN0w6EgdGVudGFuZG8gc2UgdG9ybmFyIHVtIFNhY2VyZG90ZT8KRXUgbsOjbyBlbnRlbmRvIHBvciBxdWUgYWxndcOpbSBlc2NvbGhlIHNlciB1bSBTYWNlcmRvdGUu,,W0RldmlydWNoaV0KRXN0w6EgYmllbiwgZXN0w6EgYmllbiwgcG9yIGxvcyB2aWVqb3MgdGllbXBvcywgdGUgZGVqYXLDqSBwYXNhci4gUGVybyBzb2xvIGVzdGEgdmV6LiDCoVBlcm8gc2Vyw6EgbWVqb3IgcXVlIG5vIHRlIHZ1ZWx2YSBhIGF0cmFwYXIhIMKhwr9Fc3RvIGVzIHRlcnJpdG9yaW8gZGVsIG1hbCwgbWUgb3llcz8h
jUGfBg,,W0RldmlydWNoaV0KV2h5Li4uCkhlbGxvIGxpdHRsZSBBY28u,,,,,W0RldmlydWNoaV0uClBvciBxdWUuLi4KT2zDoSwgcGVxdWVubyBOb3Zpw6dvLg==,,W0RldmlydWNoaV0KUG9yIHF1w6nigKYKSG9sYSwgcGVxdWXDsW8gQWNvLg==
jkGfBg,,W0RldmlydWNoaV0KWW91IG11c3QgYmUgaGVyZSB0cmFpbmluZyBoYXJkIHRvIGJlIGEgUHJpZXN0LiBGdW5ueSwgSSBrbm93IGEgbG90IG9mIEdvZCdzIHNlcnZhbnRzLCBhY3R1YWxseS4gVGhleSB0ZWxsIG1lIHRoYXQgaXQncyByZWFsbHkgdG91Z2ggc2VydmluZyB0aGF0IEdvZCBndXkgYWxsIHRoZSB0aW1lLiBTby4uLiBTbyBeNjY2NjY2dGlyaW5nXjAwMDAwMCBhbmQgXjY2NjY2NnVucmV3YXJkaW5nXjAwMDAwMC4=,,,,,W0RldmlydWNoaV0KQXMgcGVzc29hcyB0ZSB2w6plbSBjb21vIHVtYSBwb8Onw6NvIGFtYnVsYW50ZSwgcGVkZW0gJ2N1cmEnIHNlbSBuZW0gZGl6ZXIgJ29icmlnYWRvJy4KRSBzZW5kbyBxdWUgdm9jw6ogbmVtIGJhdGUgbm9zIG1vbnN0cm9zISBRdWUgdGlwbyBkZSBmdW7Dp8OjbyDDqSBlc3NhPw==,,W0RldmlydWNoaV0KRGViZXMgZXN0YXIgYXF1w60gZW50cmVuYW5kbyBtdWNobyBwYXJhIHZvbHZlcnRlIFNhY2VyZG90ZS4gRXMgY3VyaW9zbywgY29ub3pjbyBhIG11Y2hvcyBzaXJ2aWVudGVzIGRlIGxvcyBkaW9zZXMsIGRlIGhlY2hvLiBNZSBkaWNlbiBxdWUgZXMgbXV5IGRpZsOtY2lsIHNlcnZpciBhIGVzb3MgZGlvc2VzIHRvZG8gZWwgdGllbXBvLiBBc8OtIHF1ZeKApiBFcyBeNjY2NjY2YWdvdGFkb3JeMDAwMDAwIHkgXjY2NjY2NnBvY28gZ3JhdGlmaWNhbnRlXjAwMDAwMC4=
j0GfBg,,W0RldmlydWNoaV0KSSBtZWFuLCBwZW9wbGUgYXJlIGFsd2F5cyBjcnlpbmcgdG8gUHJpZXN0cyBmb3IgaGVscCBubyBtYXR0ZXIgd2hlcmUgdGhleSBhcmUuIEFuZCBQcmllc3RzIG5ldmVyIGdldCBhbnl0aGluZyBpbiByZXR1cm4uLi4=,,,,,W0RldmlydWNoaV0KSW1hZ2luZSwgdm9jw6ogbsOjbyB2YWkgcG9kZXIgZGVzY2Fuc2FyIHVtIHPDsyBtb21lbnRvLgpPIHRlbXBvIHRvZG8sIHBlc3NvYXMgdsOjbyB2aXIgZSBwZWRpciBjdXJhLCBiZW7Dp8OjbywgYWdpbGlkYWRlLCBwb3J0YWlzLi4uIFNlbSBuZW0gb2xoYXIgbmEgc3VhIGNhcmEh,,W0RldmlydWNoaV0KTGEgZ2VudGUgc2llbXByZSBwaWRlIGF5dWRhIGEgbG9zIFNhY2VyZG90ZXMsIHNpbiBpbXBvcnRhciBlbCBsdWdhci4gWSBsb3MgU2FjZXJkb3RlcyBudW5jYSByZWNpYmVuIG5hZGEgYSBjYW1iaW/igKY=
kEGfBg,,W0RldmlydWNoaV0KSXQncyB0cmFnaWMgcmVhbGx5LCBob3cgdW5hcHByZWNpYXRlZCBQcmllc3RzIGFyZS4KSXQncyBzbyBjbGVhciB0aGF0IGFueSBqb2IgaXMgYmV0dGVyLiBBbnl0aGluZyBhdCBhbGwuLi4=,,,,,W0RldmlydWNoaV0Kw4kgcmVhbG1lbnRlIHRyw6FnaWNvIGNvbW8gb3Mgc2FjZXJkb3RlcyBuw6NvIHPDo28gdmFsb3JpemFkb3MuCsOJIHTDo28gY2xhcm8gcXVlIHF1YWxxdWVyIHRyYWJhbGhvIMOpIG1lbGhvci4gUXVhbHF1ZXIgY29pc2EuLi4=,,W0RldmlydWNoaV0KUXXDqSB0csOhZ2ljbzsgbG9zIFNhY2VyZG90ZXMgbm8gc29uIG5hZGEgYXByZWNpYWRvcy4KRXN0w6EgY2xhcm8gcXVlIGN1YWxxdWllciBjbGFzZSBlcyBtZWpvci4gQ3VhbHF1aWVyIGNvc2HigKY=
kUGfBg,,W0RldmlydWNoaV0KV291bGRuJ3QgbGlmZSBiZSBzbyBtdWNoIGVhc2llciBpZiB5b3Ugd2VyZW4ndCBhIFByaWVzdD8gQW5kIGl0J2QgYmUgc28gZWFzeS4gQWxsIHlvdSdkIGhhdmUgdG8gZG8gaXMgcXVpdCByaWdodCBub3cuLi4=,,,,,W0RldmlydWNoaV0KRXUgdm91IHNlciBob25lc3RvIGNvbSB2b2PDqiwgZGVzaXN0YSBkZXNzZSB0ZXN0ZSBpZGlvdGEKRXNjb2xoYSBvdXRyYSBjbGFzc2UsIHVtYSBxdWUgbsOjbyBleGlqYSB0YW50YSBwYWNpw6puY2lhLg==,,W0RldmlydWNoaV0Kwr9ObyBjcmVlcyBxdWUgbGEgdmlkYSBzZXLDrWEgbXVjaG8gbcOhcyBmw6FjaWwgc2kgbm8gZnVlcmFzIFNhY2VyZG90ZT8gTXVjaG8gbcOhcyBmw6FjaWwuIExvIMO6bmljbyBxdWUgdGVuZHLDrWFzIHF1ZSBoYWNlciBlcyByZW51bmNpYXIgYWhvcmEgbWlzbW/igKY=
kkGfBg,,WW91J3JlIHJpZ2h0LCBJIHF1aXQh,,,,,Vm9jw6ogZXN0w6EgY2VydG8sIGV1IHZvdSBkZXNpc3Rpci4=,,VGllbmVzIHJhesOzbiwgwqFyZW51bmNpbyE=
k0GfBg,,T3V0IG9mIG15IHNpZ2h0LCBkZW1vbiE=,,,,,VmFkZSBSZXRybywgU2F0YW7DoXMh,,wqFGdWVyYSBkZSBtaSB2aXN0YSwgZGVtb25pbyE=
lEGfBg,,W0RldmlydWNoaV0KXjY2MDAwMFlFU34hXjAwMDAwMCBJIG1lYW4uLi4KR29vZCBmb3IgeW91IQ==,,,,,W0RldmlydWNoaV0KQm9hIGVzY29saGEhCkV1IHZvdSB0ZSBkYXIgdW0gcHJlc2VudGUgcG9yIHRlciBmZWl0byBhIGVzY29saGEgY2VydGEh,,W0RldmlydWNoaV0KXjY2MDAwMMKhU8ONIV4wMDAwMDAgUXVpZXJvIGRlY2ly4oCmCsKhTWUgYWxlZ3JvIHBvciB0aSE=
lUGfBg,,W0RldmlydWNoaV0KT2guLi4/Ckxvb2sgYXQgdGhlIF42NjAwMDB0aW1lXjAwMDAwMC4KWW91IGJldHRlciBnZXQgZ29pbmcu,,,,,W0RldmlydWNoaV0KVW0gYWxtb8OnbyBjb20gb3MgbWV1cyBwYXJlbnRlcyEgSHVhdWF1YXV1YXVhdWF1YSE=,,W0RldmlydWNoaV0Kwr9BaOKApj8KTWlyYSBsYSBeNjYwMDAwaG9yYV4wMDAwMDAuClNlcsOhIG1lam9yIHF1ZSB0ZSB2YXlhcy4=
lkGfBg,,W0RldmlydWNoaV0KQldBSEFIQUhBSEFIQUghCkdFVCBUSEUgSk9LRSE/,,,,,W0RldmlydWNoaV0KVm9jw6ogZXN0w6EgbWUgYXNzdXN0YW5kbyBhc3NpbS4uLiBIdWF1YXVhdWF1dWF1YXV1YSEKRXUgdm91IHRlIGRhciBtYWlzIHVtYSBjaGFuY2UuLi4=,,W0RldmlydWNoaV0KwqFNVUFKQUpBSkFKQUpBIQrCv0VOVEVORElTVEUgRUwgQ0hJU1RFPw==
l0GfBg,,W0RldmlydWNoaV0KT3V0IG9mIHlvdXIgc2lnaHQ/CkkgZ3Vlc3MgSSdtIG5vdCB0aGUKY3V0ZXN0IHRoaW5nIHlvdSd2ZQpldmVyIHNlZW4sIGh1aD8=,,,,,W0RldmlydWNoaV0KRm9yYSBkYSBzdWEgdmlzdGE/CkFjaG8gcXVlIG7Do28gc291IGEKY29pc2EgbWFpcyBib25pdGEgcXVlIHZvY8OqCmrDoSB2aXUsIG7Do28gw6k/,,W0RldmlydWNoaV0Kwr9RdWUgbWUgbGFyZ3VlPwpTdXBvbmdvIHF1ZSBubyBzb3kKbG8gbcOhcyBib25pdG8gcXVlIGhhcwp2aXN0byBlbiBsYSB2aWRhLCDCv3ZlcmRhZD8=
mEGfBg,,W0RldmlydWNoaV0KQnV0IGhvdyBhYm91dCB0aGlzLi4uPyBOb3csIGlzbid0IHRoaXMgYW4gYXR0cmFjdGl2ZSBzaWdodD8gQSBuaWNlLCBzaGlueSBuZXcgY2FyZC4gTWludCBjb25kaXRpb24uIE5vdCB0b28gbWFueSBwZW9wbGUgaGF2ZSB0aGlzIHlvdSBrbm93LiBCdXQgSSBoYXBwZW4gdG8gaGF2ZSBzb29vbyBtYW55LCBteSBwb2NrZXRzIGh1cnQu,,,,,W0RldmlydWNoaV0KU2UgYXMgbWluaGFzIHBhbGF2cmFzIG7Do28gZm9yYW0gbyBiYXN0YW50ZSwgdGFsdmV6IHZvY8OqIHByZWNpc2UgZGUgYWxnbyBtYWlzIHTDoXRpbC4KQWxnbyBxdWUgdm9jw6ogbnVuY2EgdmFpIHRlciBuYSBzdWEgdmlkYS4=,,W0RldmlydWNoaV0KUGVybywgwr9xdcOpIHRlIHBhcmVjZSBlc3Rv4oCmPyDCv05vIGVzIGxvIG3DoXMgYm9uaXRvIHF1ZSBoYXMgdmlzdG8/IFVuYSBib25pdGEgeSByZWx1Y2llbnRlIGNhcnRhIG51ZXZhLiBFbiBwZXJmZWN0byBlc3RhZG8uIE5vIG11Y2hhIGdlbnRlIHRpZW5lIGVzdG8sIMK/c2FiZXM/IFBlcm8gcmVzdWx0YSBxdWUgdGVuZ28gdGFudGFzIHF1ZSB5YSBuaSBtZSBjYWJlbiBlbiBsb3MgYm9sc2lsbG9zLg==
mUGfBg,,W0RldmlydWNoaV0KSXNuJ3QgaXQgZXZlcnlvbmUncyBkcmVhbSB0byBoYXZlIG9uZSBvZiB0aGVzZT8gVGhpbmsgYWJvdXQgaXQsIGJlaW5nIGEgUHJpZXN0IGNhbiBvbmx5IGJyaW5nIHlvdSBzdWZmZXJpbmcuLi4=,,,,,W0RldmlydWNoaV0KRXUgbGhlIGRhcmVpIGVsYSBzZSB2b2PDqiBkZXNpc3RpciBkZSBzZXIgdW0gU2FjZXJkb3RlLgpQZW5zZSBiZW0sIHZvY8OqIG51bmNhIGNvbnNlZ3VpcsOhIGVzc2EgY2FydGEgc2VuZG8gdW0gbWVybyByZWxpZ2lvc28uLg==,,W0RldmlydWNoaV0Kwr9ObyBlcyBlbCBzdWXDsW8gZGUgdG9kbyBlbCBtdW5kbyB0ZW5lciB1bmEgZGUgZXN0YXM/IFBpw6luc2Fsbywgc2VyIFNhY2VyZG90ZSBzb2xvIHRlIHRyYWVyw6Egc3VmcmltaWVudG/igKY=
mkGfBg,,WW91J3JlIHJpZ2h0LCBJJ2xsIHRha2UgaXQh,,,,,RXUgcXVlcm8gZXNzYSBjYXJ0YS4=,,wqFUaWVuZXMgcmF6w7NuLCBtZSBsYSBsbGV2byE=
m0GfBg,,U2lsZW5jZSE=,,,,,RXUgbsOjbyBxdWVybyBlc3NhIGNhcnRhLg==,,wqFTaWxlbmNpbyE=
nEGfBg,,W0RldmlydWNoaV0KR29vZCBjaG9pY2UhClRoaXMgY2FyZCBjYW4KY2FuIGJlIHlvdXJzLi4u,,,,,W0RldmlydWNoaV0KVm9jw6ogZmV6IHVtYSBkZWNpc8OjbyBtdWl0byBpbnRlbGlnZW50ZS4KVm9jw6ogdGVyw6EgZXNzYSBjYXJ0YS4uLg==,,W0RldmlydWNoaV0KwqFCdWVuYSBlbGVjY2nDs24hCkVzdGEgdGFyamV0YSBwdWVkZQpzZXIgdHV5YeKApg==
nUGfBg,,W0RldmlydWNoaV0KVGhlb3JldGljYWxseSEKQldBSEFIQUhBSEFIQUhBSEEhCkdvIGFuZCBlYXJuIGl0IHlvdXJzZWxmIQ==,,,,,W0RldmlydWNoaV0KTWFzIHZvY8OqIHZhaSB0ZXIgcXVlIGFjaMOhLWxhIQpPcHMsIGFjaG8gcXVlIGV1IGVzcXVlY2kgZGUgdGUgZGl6ZXIgaXNzby4uLiBIaWhpaGloaWhpLg==,,W0RldmlydWNoaV0KwqFFbiB0ZW9yw61hIQrCoU1VQUpBSkFKQUpBIQrCoVZlIHkgZ8OhbmF0ZWxhIHTDuiE=
nkGfBg,,W0RldmlydWNoaV0KRGlkLi4uCkRpZCB5b3UganVzdCB0ZWxsCm1lIHRvIHNodXQgdXA/Ck9oIG15IEdvZC4uLg==,,,,,W0RldmlydWNoaV0KUXVlIHRpcG8gZGUgaWRpb3RhIHZvY8OqIMOpIHBhcmEgcmVjdXNhciBlc3NhIGNhcnRhPwpRdWVybyBzw7MgdmVyIHNlIHZvY8OqIHZhaSBjb25zZWd1aXIgY2hlZ2FyIGF0w6kgbyBmaW0gZGVzdGUgdGVzdGUh,,W0RldmlydWNoaV0KQWNhc2/igKYKwr9BY2FiYXMgZGUgZGVjaXJtZQpxdWUgbWUgY2FsbGU/ClBvciBsb3MgZGlvc2Vz4oCm
n0GfBg,,W0RldmlydWNoaV0KU29ycnkuLi4KT2ggXjY2MDAwMHlvdXJeMDAwMDAwIEdvZC4KRmluZSwgZ2V0IGdvaW5nLgpCdXQgeW91J2xsIHJlZ3JldAp5b3VyIGRlY2lzaW9uIGxhdGVyIQ==,,,,,W0RldmlydWNoaV0KRSBxdWFuZG8gdm9jw6ogZmFsaGFyLi4gVmFpIGNob3JhciBkZSBhcnJlcGVuZGltZW50byEgSGVoZWhlaGVoaGVoZS4=,,W0RldmlydWNoaV0KTG8gc2llbnRv4oCmCkF5LCBeNjYwMDAwdHVzXjAwMDAwMCBkaW9zZXMuCkJpZW4sIHlhIHZldGUuCsKhUGVybyBsYW1lbnRhcsOhcwp0dSBkZWNpc2nDs24gbcOhcyB0YXJkZSE=
oEGfBg,,RG9wcGVsZ2FuZ2Vy,,,,,RG9wcGVsZ2FuZ2Vy,,RG9wcGVsZ2FuZ2Vy
oUGfBg,,W0RvcHBlbGdhbmdlcl0KV2hhdCBhcmUgeW91IGRvaW5nIGhlcmU/IFlvdSd2ZSBhbHJlYWR5IG1hZGUgeW91ciBjaG9pY2UsIHRoZXJlJ3Mgbm8gZ29pbmcgYmFjay4uLiBQcmllc3Qu,,,,,U2FjZXJkb3RlIHRvbG8sIG8gcXVlIHZvY8OqIGZheiBhcXVpPwpWZWlvIGFqdWRhciBvdXRybyBkZSBzdWEgbGFpYT8=,,W0RvcHBlbGdhbmdlcl0Kwr9RdcOpIGhhY2VzIGFxdcOtPyBZYSBlbGVnaXN0ZSwgbm8gaGF5IHZ1ZWx0YSBhdHLDoXPigKYgU2FjZXJkb3RlLg==
okGfBg,,W0RvcHBlbGdhbmdlcl0KQmVzaWRlcywgdGhpcyBpcyBub25lIG9mIHlvdXIgYnVzaW5lc3MuIFdoZXRoZXIgb3Igbm90IHRoaXMgQWNvbHl0ZSBiZWNvbWVzIGEgUHJpZXN0IGlzbid0IHVwIHRvIHlvdS4gTm93IGdldCBvdXQgb2YgaGVyZSwgYmVmb3JlIEkgZ2V0IHZpb2xlbnQu,,,,,W0RvcHBlbGdhbmdlcl0KVm9jw6pzIHPDo28gbWVzbW8gdW5zIGltYmVjaXMsIGFqdWRhbmRvIG91dHJhcyBwZXNzb2FzLi4uClZvY8OqIGRldmlhIHZvbHRhciBsb2dvIHBhcmEgYSBjaWRhZGUgZSBlc3F1ZWNlciBlc3NlIG1vbGVxdWUu,,W0RvcHBlbGdhbmdlcl0KQWRlbcOhcywgZXN0byBubyBlcyBhc3VudG8gdHV5by4gUXVlIGVzdGUgQWPDs2xpdG8gc2UgY29udmllcnRhIG8gbm8gZW4gU2FjZXJkb3RlIG5vIGRlcGVuZGUgZGUgdGkuIEFob3JhIHZldGUgZGUgYXF1w60gYW50ZXMgZGUgcXVlIHJlY3VycmEgYSBsYSB2aW9sZW5jaWEu
o0GfBg,,W0RvcHBlbGdhbmdlcl0KSG9sZCBvbiB0aGVyZSwgQWNvbHl0ZS4KSSdtIG5vdCBsaWtlIERldmlydWNoaSwKc28gSSB3b24ndCBtaW5jZQp3b3JkcyB3aXRoIHlvdS4=,,,,,W0RvcHBlbGdhbmdlcl0KRWksIE5vdmnDp28sIG1lIGVtcHJlc3RlIG9zIHNldXMgb3V2aWRvcyB1bSBwb3Vjby4=,,W0RvcHBlbGdhbmdlcl0KRXNwZXJhIHVuIG1vbWVudG8sIEFjw7NsaXRvLgpZbyBubyBzb3kgY29tbyBEZXZpcnVjaGk7CnlvIG5vIHZveQphIGFuZGFybWUgY29uIHJvZGVvcy4=
pEGfBg,,W0RvcHBlbGdhbmdlcl0KTm93LCB3aHkgd291bGQgeW91IHdhbnQgdG8gYmVjb21lIGEgUHJpZXN0PyBJdCdzIHN1Y2ggYSB3b3J0aGxlc3MsIHRoYW5rbGVzcyBqb2IuIElmIHlvdSB3YW50LCBJJ2xsIGdpdmUgeW91IHRoZSBjaGFuY2UgdG8gYmVjb21lIGEgTm92aWNlLiBUaGVuIHlvdSBjYW4gYmVjb21lIHNvbWV0aGluZyBtdWNoIGJldHRlciE=,,,,,W0RvcHBlbGdhbmdlcl0KUHLDoSBxdWUgdm9jw6ogcXVlciBzZXIgdW0gU2FjZXJkb3RlPwpFbGVzIHPDo28gbXVpdG8gc2VtLWdyYcOnYXMhIFNlIHZvY8OqIHF1aXNlciwgZXUgcG9zc28gdXNhciBtZXUgaW1lbnNvIHBvZGVyIHBhcmEgdGUgZGFyIG91dHJhIGNoYW5jZS4KRXUgZmFyZWkgZGUgdm9jw6ogdW0gQXByZW5kaXogbm92YW1lbnRlLCBwb2RlbmRvIHJlY29tZcOnYXIgdHVkbywgY29tIG91dHJhIGNsYXNzZS4=,,W0RvcHBlbGdhbmdlcl0Kwr9Qb3IgcXXDqSBxdWllcmVzIGNvbnZlcnRpcnRlIGVuIFNhY2VyZG90ZT8gRXMgdW5hIGNsYXNlIHRhbiBpbsO6dGlsIHkgbm8gb2J0aWVuZXMgbmFkYSBkZSBlbGxhLiBTaSBxdWllcmVzLCB0ZSBkYXLDqSBsYSBvcG9ydHVuaWRhZCBkZSBjb252ZXJ0aXJ0ZSBlbiBQcmluY2lwaWFudGUuIMKhRW50b25jZXMsIHBvZHLDoXMgY29udmVydGlydGUgZW4gYWxnbyBtdWNobyBtZWpvciE=
pUGfBg,,W0RvcHBlbGdhbmdlcl0KT2YgY291cnNlLCBJJ2xsIGxldCB5b3UgcmVkaXN0cmlidXRlIHlvdXIgc3RhdCBwb2ludHMgYnkgeW91ciBiYXNlIGxldmVsLiBOb3csIGlzbid0IHRoYXQgYSBzd2VldCBkZWFsLi4uPw==,,,,,W0RvcHBlbGdhbmdlcl0KTWFzIMOpIGNsYXJvIHF1ZSB2b2PDqiBhaW5kYSB2YWkgdGVyIHRvZG9zIG9zIHNldXMgcG9udG9zIGRlIGNsYXNzZSBlIGRlIGhhYmlsaWRhZGUuCk7Do28gw6kgw7N0aW1vPyBWb2PDqiBzw7MgcHJlY2lzYSBkaXplciBxdWUgc2ltLg==,,W0RvcHBlbGdhbmdlcl0KUG9yIHN1cHVlc3RvLCB0ZSBkZWphcsOpIHJlZGlzdHJpYnVpciB0dXMgcHVudG9zIGRlIGVzdGFkw61zdGljYSBkZSBhY3VlcmRvIGEgdHUgbml2ZWwgZGUgYmFzZS4gwr9ObyBlcyB1biBidWVuIHRyYXRv4oCmPw==
pkGfBg,,RGVhbCwgRGVhbCE=,,,,,U2ltLCBldSBxdWVybyE=,,wqFTw60sIGVzIHVuIHRyYXRvIQ==
p0GfBg,,Tm8gZGVhbC4uLiBEb3BwZWxnYW5nZXIu,,,,,RXUgbsOjbyBxdWVybyBtYWlzIHNlciB1bSBTYWNlcmRvdGUu,,Tm8gaGF5IHRyYXRv4oCmIERvcHBlbGdhbmdlci4=
qEGfBg,,W0RvcHBlbGdhbmdlcl0KR29vZCBjaG9pY2V+Ckkgc2hhbGwgcmV0dXJuIHlvdXIKam9iIHRvIGEgTm92aWNlCmFzIHlvdSB3aXNoLg==,,,,,W0RvcHBlbGdhbmdlcl0KVm9jw6ogZmV6IGEgZXNjb2xoYSBjZXJ0YS4KRXUgZmFyZWkgZGUgdm9jw6ogdW0gQXByZW5kaXou,,W0RvcHBlbGdhbmdlcl0KQnVlbmEgZGVjaXNpw7NuLgpSZWdyZXNhcsOpCnR1IGNsYXNlIGEgUHJpbmNpcGlhbnRlCnRhbCBjb21vIGRlc2Vhcy4=
qUGfBg,,W0RvcHBlbGdhbmdlcl0KTm93IGdvISEKTmV2ZXIgc3RlcCBpbnRvCnRoZSBsaWdodCBhZ2FpbiE=,,,,,W0RvcHBlbGdhbmdlcl0KVW0gQXByZW5kaXogbm9zIG1laW9zIG1haXMgaG9ycsOtdmVpcyBkZSBzZSBtb3JyZXIhIEhVdWF1YXVhdWF1YXV1YSE=,,W0RvcHBlbGdhbmdlcl0KwqFBaG9yYSB2ZXRlIQrCoU51bmNhIHBpc2VzCmxhIGx1eiBkZWwgc29sIGRlIG51ZXZvIQ==
qkGfBg,,W0RvcHBlbGdhbmdlcl0KSSBkb24ndCB0aGluayB5b3UgdW5kZXJzdG9vZCB3aGF0IEkganVzdCBvZmZlcmVkLiBUaGluayBhYm91dCBpdCBhZ2Fpbi4gSSBtZWFuLCB0aGlzIGlzIHlvdXIgb25lIGFuZCBvbmx5IGNoYW5jZSB0byB1bmRvIHlvdXIgbGlmZSBtaXN0YWtlcy4gSSBtZWFuLCBiZWNvbWluZyBhbiBBY29seXRlPw==,,,,,W0RvcHBlbGdhbmdlcl0KQWNobyBxdWUgdm9jw6ogbsOjbyBlbnRlbmRldSBhIG1pbmhhIHByb3Bvc3RhIGRpcmVpdG8uLi4KRXNzYSDDqSB1bWEgb3BvcnR1bmlkYWRlIMO6bmljYSBwYXJhIHJlY29tZcOnYXIu,,W0RvcHBlbGdhbmdlcl0KQ3JlbyBxdWUgbm8gZW50ZW5kaXN0ZSBsbyBxdWUgYWNhYm8gZGUgb2ZyZWNlcnRlLiBQacOpbnNhbG8gb3RyYSB2ZXouIEVzIHR1IMO6bmljYSBvcG9ydHVuaWRhZCBkZSBkZXNoYWNlciBsb3MgZXJyb3JlcyBkZSB0dSB2aWRhLiBJbWFnw61uYXRlLCDCv2NvbnZlcnRpcnNlIGVuIEFjw7NsaXRvPw==
q0GfBg,,W0RvcHBlbGdhbmdlcl0KSnVzdCBkb24ndCBiZWNvbWUgYSBQcmllc3QuIEkgd29uJ3QgYXNrIHlvdSBtb3JlIHRoYW4gb25jZS4gVGhlbiB5b3UgY2FuIGNob29zZSBhIGJldHRlciBqb2IuLi4gcGVyaGFwcyBhIFN3b3JkbWFuIGxpa2UgbWUu,,,,,W0RvcHBlbGdhbmdlcl0KVHVkbyBxdWUgdm9jw6ogcHJlY2lzYSBmYXplciDDqSBkZXNpc3RpciBkZSBzZXIgdW0gU2FjZXJkb3RlLgpWb2PDqiB2YWkgcG9kZXIgc2VyIHF1YWxxdWVyIG91dHJhIGNsYXNzZSwgYXTDqSB1bSBFc3BhZGFjaGltIGNvbW8gZXUh,,W0RvcHBlbGdhbmdlcl0KTm8gdGUgY29udmllcnRhcyBlbiBTYWNlcmRvdGUuIE5vIHRlIGxvIHByZWd1bnRhcsOpIG90cmEgdmV6LiBMdWVnbywgcG9kcsOtYXMgZWxlZ2lyIHVuYSBjbGFzZSBtZWpvcuKApiBxdWl6w6FzIEVzcGFkYWNow61uLCBjb21vIHlvLg==
rEGfBg,,SSBkb24ndCB3YW50IHRvIGJlIGEgUHJpZXN0IQ==,,,,,RXUgbsOjbyBxdWVybyBtYWlzIHNlciB1bSBTYWNlcmRvdGUu,,wqFObyBxdWllcm8gc2VyIFNhY2VyZG90ZSE=
rUGfBg,,SSdsbCBuZXZlciBsaXN0ZW4gdG8geW91IQ==,,,,,TnVuY2Egdm91IHRlIGVzY3V0YXIh,,wqFOdW5jYSB0ZSBoYXLDqSBjYXNvIQ==
rkGfBg,,W0RvcHBlbGdhbmdlcl0KRXhjZWxsZW50IGNob2ljZS4gTm93LCBuZXZlciByZXR1cm4gdG8gdGhpcyBwbGFjZS4gSSBzaGFsbCByZXR1cm4geW91ciBqb2IgdG8gTm92aWNlIGFzIHlvdSB3aXNoLg==,,,,,W0RvcHBlbGdhbmdlcl0KVm9jw6ogZmV6IGEgc2NvbGhhIGNlcnRhLgpFdSBmYXJlaSBkZSB2b2PDqiB1bSBBcHJlbmRpei4=,,W0RvcHBlbGdhbmdlcl0KRXhjZWxlbnRlIGRlY2lzacOzbi4gTnVuY2EgcmVncmVzZXMgYXF1w60uIFJlZ3Jlc2Fyw6kgdHUgY2xhc2UgYSBQcmluY2lwaWFudGUgdGFsIGNvbW8gbG8gcGVkaXN0ZS4=
r0GfBg,,W0RvcHBlbGdhbmdlcl0KSG1wZi4gSSBhZG1pcmUKeW91ciBkZXRlcm1pbmF0aW9uLgpPa2F5LCB5b3UgY2FuIHBhc3MuCkZvciBub3cu,,,,,W0RvcHBlbGdhbmdlcl0KRXUgbnVuY2Egdm91IGVudGVuZGVyIHZvY8Oqcy4uLg==,,W0RvcHBlbGdhbmdlcl0KUGZm4oCmIEFkbWlybwp0dSBkZXRlcm1pbmFjacOzbi4KTXV5IGJpZW4sIHB1ZWRlcyBwYXNhci4KUG9yIGFob3JhLg==
sEGfBg,,W0RvcHBlbGdhbmdlcl0KQnV0IGlmIGJ5IGNoYW5jZSB3ZSBtZWV0IGFnYWluLApJIGFzc3VyZSB5b3UuLi4gWW91IHdvbid0IGJlIGhhcHB5IGF0IGFsbCB0byBzZWUgbWUu,,,,,W0RvcHBlbGdhbmdlcl0KU2UgZXUgZW5jb250cmFyIGNvbSB2b2PDqiBub3ZhbWVudGUsIG7Do28gdGVyZWkgcGllZGFkZS4=,,W0RvcHBlbGdhbmdlcl0KUGVybyBzaSwgZGUgY2FzdWFsaWRhZCwgbm9zIHZvbHZlbW9zIGEgZW5jb250cmFyLAp0ZSBhc2VndXJv4oCmIHF1ZSBubyBlc3RhcsOhcyBtdXkgZmVsaXogZGUgdmVybWUu
sUGfBg,,RGFyayBMb3Jk,,,,,U2VuaG9yIGRhcyBUcmV2YXM=,,TG9yZCBvc2N1cm8=
skGfBg,,W0RhcmsgTG9yZF0KXjMzMDAzM0FsbCBpcyBkb29tLCBkYXJrbmVzcyBhbmQgZGVzcGFpciEgVGhvc2Ugd2hvIGxvdmUgeW91IHdpbGwgYmV0cmF5IHlvdSwgYW5kIGFsbCB0aGF0IHdpbGwgYmUgbGVmdCBpcyBncmlldmluZyBhbmQgZnVyeSFeMDAwMDAw,,,,,U2ludGEgYSBkb3IgZSBvIHNvZnJpbWVudG8hCkEgcmFpdmEgZSBhIHRyYWnDp8OjbyBkYXF1ZWxlcyBlbSBxdWUgZGV2acOhbW9zIGNvbmZpYXIhIQ==,,W0xvcmQgb3NjdXJvXQpeMzMwMDMzwqFUb2RvIGVzIHBlcmRpY2nDs24sIG9zY3VyaWRhZCB5IGRlc2VzcGVyYWNpw7NuISBMb3MgcXVlIHRlIHF1aWVyZW4gdGUgdHJhaWNpb25hcsOhbiwgwqF5IHNvbG8gdGUgcXVlZGFyw6EgZWwgbGFtZW50byB5IGxhIGZ1cmlhIV4wMDAwMDA=
s0GfBg,,W0RhcmsgTG9yZF0KXjMzMDAzM1RvIGNob29zZSB0byBiZWNvbWUgYSBzZXJ2YW50IG9mIEdvZCBpcyB0byBjaG9vc2UgZXRlcm5hbCBwYWluIQpJIHNoYWxsIHBlcnNvbmFsbHkgc2VlIHRvIHRoYXQsIG1vcnRhbC5eMDAwMDAw,,,,,W1NlbmhvciBkYXMgVHJldmFzXQpFIGFzIGFsbWFzIHNlIHRvcm5hbSBkdXJhcyBjb21vIHBlZHJhcywgZSBhZmlhZGFzIGNvbW8gZmFjYXMhIQpFIG9zIGNvcmHDp8O1ZXMgc2UgdG9ybmFtIG5lZ3JvcyBjb21vIGEgbm9pdGUhIQ==,,W0xvcmQgb3NjdXJvXQpeMzMwMDMzwqFFbGVnaXIgY29udmVydGlyc2UgZW4gc2lydmllbnRlIGRlIGxvcyBkaW9zZXMgZXMgZWxlZ2lyIHN1ZnJpciBwb3Igc2llbXByZSEKTWUgZW5jYXJnYXLDqSBwZXJzb25hbG1lbnRlIGRlIGVzbywgbW9ydGFsLl4wMDAwMDA=
tEGfBg,,W0RhcmsgTG9yZF0KXjMzMDAzM0hhbHQsIGh1bWFuLgpXaG8gaGFzIGdyYW50ZWQKeW91IHBhc3NhZ2U/XjAwMDAwMA==,,,,,W1NlbmhvciBkYXMgVHJldmFzXQpFdSBzaW50byBjaGVpcm8gZGUuLi4gSHVtYW5vLgpWb2PDqiEgTyBxdWUgdm9jw6ogZXN0w6EgZmF6ZW5kbyBhcXVpPw==,,W0xvcmQgb3NjdXJvXQpeMzMwMDMzQWx0bywgaHVtYW5vLgrCv1F1acOpbiB0ZSBvdG9yZ8OzCnBlcm1pc28gcGFyYSBwYXNhcj9eMDAwMDAw
tUGfBg,,W0RhcmsgTG9yZF0KXjMzMDAzM1lvdSBzdGlsbCB3aXNoIHRvIGJlY29tZSBhIFByaWVzdD8hIEZvb2whIFRoZW4sIEkgc2hhbGwgbm90IGxldCB5b3UgcGFzcy4gR28gYmFjay4gT3RoZXJ3aXNlLCB5b3Ugd2lsbCBub3Qgc3Vydml2ZS5eMDAwMDAw,,,,,W1NlbmhvciBkYXMgVHJldmFzXQpVbSBOb3Zpw6dvIHF1ZSBkZXNlamEgc2VyIHVtIFNhY2VyZG90ZT8gRXUgbsOjbyBwZXJtaXRpcmVpIHF1ZSB2b2PDqiB2aXZhIQpFdSBsaGUgZGFyZWkgYWxndW5zIHNlZ3VuZG9zIGRlIHZhbnRhZ2VtLi4uIGNvcnJhIQ==,,W0xvcmQgb3NjdXJvXQpeMzMwMDMzwr9Ub2RhdsOtYSBxdWllcmVzIGNvbnZlcnRpcnRlIGVuIFNhY2VyZG90ZT8gwqFJZGlvdGEhIEVudG9uY2VzLCBubyB0ZSBkZWphcsOpIHBhc2FyLiBSZWdyZXNhLiBEZSBsbyBjb250cmFyaW8sIG5vIHNvYnJldml2aXLDoXMuXjAwMDAwMA==
tkGfBg,,W0RhcmsgTG9yZF0KXjMzMDAzM0l0IHdvdWxkIGJlIHNvIGVhc3kgZm9yIG1lIHRvIHNuYXAgeW91ciBmcmFnaWxlIGJvZHkgaW4gdHdhaW4gYW5kIGdyaW5kIHlvdXIgYm9uZXMgdG8gZHVzdC4KTm93LCBnbyBiYWNrIG1vcnRhbCFeMDAwMDAw,,,,,W1NlbmhvciBkYXMgVHJldmFzXQpFdSBwb3NzbyBlc21hZ8OhLWxvIGNvbW8gdW0gaW5zZXRvIHF1YW5kbyBxdWlzZXIh,,W0xvcmQgb3NjdXJvXQpeMzMwMDMzTWUgcmVzdWx0YXLDrWEgdGFuIGbDoWNpbCBwYXJ0aXIgZW4gZG9zIHR1IGZyw6FnaWwgY3VlcnBvIHkgaGFjZXIgcG9sdm8gdHVzIGh1ZXNvcy4KwqFSZWdyZXNhLCBtb3J0YWwhXjAwMDAwMA==
t0GfBg,,SSdtIHNvIHNvcnJ5LiBTcGFyZSBtZSE=,,,,,UG9yIGZhdm9yLCBtZSBwZXJkb2Uh,,TG8gbGFtZW50byBtdWNoby4gwqFObyBtZSBtYXRlcyE=
uEGfBg,,R29kIHdpbGwgcHJvdGVjdCBtZS4=,,,,,RGV1cyBtZSBwcm90ZWdlcsOhLg==,,TG9zIGRpb3NlcyBtZSBwcm90ZWdlcsOhbi4=
uUGfBg,,W0RhcmsgTG9yZF0KXjMzMDAzM0Rvbid0IGV2ZXIgY29tZSBiYWNrIV4wMDAwMDA=,,,,,W1NlbmhvciBkYXMgVHJldmFzXQpWb2PDqiBtZSBlbm9qYSEh,,W0xvcmQgb3NjdXJvXQpeMzMwMDMzwqFObyB2dWVsdmFzIG51bmNhIV4wMDAwMDA=
ukGfBg,,W0RhcmsgTG9yZF0KXjMzMDAzM0l0IGlzIG5vIHVzZSB0byBmZWlnbiBzdHJlbmd0aCBhbmQgY291cmFnZS4gWW91IGFyZSBjb21wbGV0ZWx5IGhlbHBsZXNzIGJlZm9yZSBtZS4gWW91ciBza2lsbHMgYXJlIGxhdWdoYWJsZSwgYW5kIHlvdXIgd2VhcG9ucyBhcmUgYnV0IG1lcmUgdG95cyBjb21wYXJlZCB0byBteSBwb3dlci5eMDAwMDAw,,,,,W1NlbmhvciBkYXMgVHJldmFzXQpWb2PDqiBuw6NvIHByZWNpc2EgZXNjb25kZXIgbyBzZXUgbWVkby4KRXUgcG9zc28gY2hlaXLDoS1sbyBlbSB2b2PDqi4=,,W0xvcmQgb3NjdXJvXQpeMzMwMDMzTm8gdGllbmUgY2FzbyBmaW5naXIgZnVlcnphIHkgdmFsb3IuIE5vIHB1ZWRlcyBoYWNlciBuYWRhIGNvbnRyYSBtw60uIFR1cyBoYWJpbGlkYWRlcyBzb24gcmlkw61jdWxhcyB5IHR1cyBhcm1hcyBubyBzb24gbcOhcyBxdWUgbWVyb3MganVndWV0ZXMgY29tcGFyYWRhcyBjb24gbWkgcG9kZXIuXjAwMDAwMA==
u0GfBg,,W0RhcmsgTG9yZF0KXjMzMDAzM1dpdGgganVzdCBhIHdhdmUgb2YgbXkgaGFuZCwgeW91IHdpbGwgY2Vhc2UgdG8gZXhpc3QuIEFuZCBubyBvbmUgd2lsbCByZW1lbWJlciB5b3UuIFRyZW1ibGUgYmVmb3JlIHRoZSBtaWdodCBvZiBteSBpbmZpbml0ZSBtYWdpYyFeMDAwMDAw,,,,,W1NlbmhvciBkYXMgVHJldmFzXQpFIHZvY8OqIHRlbSB0b2RhIHJhesOjbyBkZSBlc3RhciBjb20gbWVkby4uLg==,,W0xvcmQgb3NjdXJvXQpeMzMwMDMzQ29uIHNvbG8gdW4gbW92aW1pZW50byBkZSBtaSBtYW5vLCBkZWphcsOhcyBkZSBleGlzdGlyLiBZIG5hZGllIHNlIGFjb3JkYXLDoSBkZSB0aS4gwqFUaWVtYmxhIGFudGUgZWwgcG9kZXIgZGUgbWkgbWFnaWEgaW5maW5pdGEhXjAwMDAwMA==
vEGfBg,,SSBiZWcgeW91LCBkb24ndC4uLiE=,,,,,TsOjbyBtZSBtYXRlIQ==,,wqFUZSBsbyBydWVnbywgbm/igKYh
vUGfBg,,QmVnb25lLCB2aWxlIGZpZW5kIQ==,,,,,VsOhIGVtYm9yYSwgdmlsIGRlbcO0bmlvIQ==,,wqFEZXNhcGFyZWNlLCB2aWwgZGVtb25pbyE=
vkGfBg,,W0RhcmsgTG9yZF0KXjMzMDAzM1doeS4uLgpXaHkgZG9uJ3QgeW91IGZlYXIgbWU/IQpGb3IgYSBmcmFpbCBtb3J0YWwsIHlvdQphcmUgcXVpdGUgYW5ub3lpbmcuXjAwMDAwMA==,,,,,W1NlbmhvciBkYXMgVHJldmFzXQpIdW1hbm8gaWRpb3RhLCBvIHF1ZSB2b2PDqiBhaW5kYSBmYXogYXF1aT8=,,W0xvcmQgb3NjdXJvXQpeMzMwMDMzUG9yIHF1w6nigKYKwqHCv1BvciBxdcOpIG5vIG1lIHRpZW5lcyBtaWVkbyEKUGFyYSBzZXIgdW4gZnLDoWdpbCBtb3J0YWwsIHTDugplcmVzIHRvZG8gdW4gZmFzdGlkaW8uXjAwMDAwMA==
v0GfBg,,W0RhcmsgTG9yZF0KXjMzMDAzM1doZW4gbmV4dCB3ZSBtZWV0LCBJIHdpbGwgc2hhbGwgZXNjb3J0IHlvdSB0byBhIHJlYWxtIG9mIHN1ZmZlcmluZyB3aGVyZSB5b3Ugc2hhbGwgc3BlbmQgeWVhcnMgaW1tZXJzZWQgaW4gZXhjcnVjaWF0aW5nIHBhaW4uCk1hcmsgbXkgd29yZHMuLi5eMDAwMDAw,,,,,W1NlbmhvciBkYXMgVHJldmFzXQpFbmNvbnRyZS1tZSBlbSBtaW5oYSBjYXNhLCBlIGV1IG8gbWFuZGFyZWkgcGFyYSBvIGluZmVybm8h,,W0xvcmQgb3NjdXJvXQpeMzMwMDMzTGEgcHLDs3hpbWEgdmV6IHF1ZSBub3MgdmVhbW9zLCB0ZSBsbGV2YXLDqSBhIHVuIHJlaW5vIGRlIHN1ZnJpbWllbnRvIGVuIGRvbmRlIHBhc2Fyw6FzIGHDsW9zIGxhbWVudMOhbmRvdGUgZW4gdW4gc3VmcmltaWVudG8gcXVlIG5vIHRlbmRyw6EgZmluLgpSZWN1ZXJkYSBtaXMgcGFsYWJyYXPigKZeMDAwMDAw
wEGfBg,,QmFwaG9tZXQ=,,,,,QmFmb23DqSA=,,QmFwaG9tZXQ=
wUGfBg,,W0JhcGhvbWV0XQpJIGhhdGUKUHJpZXN0cy4uLg==,,,,,W0JhZm9tw6ldCkhvbWVtIGRlIEbDqSwgdm9jw6ogc2UgZGl6Pw==,,W0JhcGhvbWV0XQpPZGlvCmEgbG9zIFNhY2VyZG90ZXPigKY=
wkGfBg,,W0JhcGhvbWV0XQpJIGRvbid0IGhhdmUgYW55IGJ1c2luZXNzIHdpdGggeW91LCBzZXJ2YW50IG9mIEdvZC4gSnVzdCBwYXNzIHRocm91Z2gu,,,,,W0JhZm9tw6ldClbDoSBlbWJvcmEu,,W0JhcGhvbWV0XQpUw7ogeSB5byBubyB0ZW5lbW9zIG5pbmfDum4gYXN1bnRvIHBlbmRpZW50ZSwgc2lydmllbnRlIGRlIGxvcyBkaW9zZXMuIFNpZ3VlIHR1IGNhbWluby4=
w0GfBg,,W0JhcGhvbWV0XQpHcmVldGluZ3Mu,,,,,W0JhZm9tw6ldCkVpLCBodW1hbm8u,,W0JhcGhvbWV0XQpTYWx1ZG9zLg==
xEGfBg,,W0JhcGhvbWV0XQouLi57fS4=,,,,,W0JhZm9tw6ldClZvY8OqIHF1ZXIgZmF6ZXIgdW0gcGFjdG8gY29taWdvPw==,,W0JhcGhvbWV0XQrigKYge30u
xUGfBg,,W0JhcGhvbWV0XQpZZXMsIGh1bWFuLApJIGtub3cgd2hvIHlvdSBhcmUu,,,,,W0JhZm9tw6ldCkV1IGxoZSBkYXJlaSBwb2RlciBlIHRlc291cm9zIGluZmluaXRvcy4KU2Ugdm9jw6ogZGVzaXN0aXIgZGUgc2VyIHVtYSBTYWNlcmRvdGlzYS4=,,W0JhcGhvbWV0XQpTw60sIGh1bWFubywKc8OpIHF1acOpbiBlcmVzLg==
xkGfBg,,W0JhcGhvbWV0XQpJIGFsc28ga25vdyB0aGF0IERldmlydWNoaSwgRG9wcGVsZ2FuZ2VyIGFuZCB0aGUgRGFyayBMb3JkIGhhdmUgYWxsIGZhaWxlZCB0byBjb252aW5jZSB5b3UgdG8gdHVybiBhd2F5IGZyb20gdGhlIFByaWVzdGhvb2QuCk5vdywgSSBzdGFuZCBiZWZvcmUKeW91IHRvIG9mZmVyIGEgZGVhbC4=,,,,,W0JhcGhvbWV0XSBFdSB0YW1iw6ltIHNlaSBxdWUgRGV2aXJ1Y2hpLCBEb3BwZWxnYW5nZXIgZSBvIFNlbmhvciBkYXMgVHJldmFzIGZhbGhhcmFtIGVtIGNvbnZlbmPDqi1sbyBhIHNlIGFmYXN0YXIgZG8gU2FjZXJkw7NjaW8uIEFnb3JhLCBlc3RvdSBkaWFudGUgZGUgdm9jw6ogcGFyYSBvZmVyZWNlciB1bSBhY29yZG8u,,W0JhcGhvbWV0XQpUYW1iacOpbiBzw6kgcXVlIERldmlydWNoaSwgRG9wcGVsZ2FuZ2VyIHkgZWwgTG9yZCBvc2N1cm8gbm8gaGFuIGxvZ3JhZG8gY29udmVuY2VydGUgZGUgcXVlIHRlIGFsZWplcyBkZWwgU2FjZXJkb2Npby4KQWhvcmEgbWUgcHJlc2VudG8gYW50ZSB0aQpwYXJhIG9mcmVjZXJ0ZSB1biB0cmF0by4=
x0GfBg,,W0JhcGhvbWV0XQpJIGNhbiBncmFudCB5b3UgYW55IHRyZWFzdXJlIHlvdSBkZXNpcmUgYW5kIGluZmluaXRlIHBvd2VyIGF0IHlvdXIgZmluZ2VydGlwcy4gUG93ZXJmdWwgd2VhcG9ucyB0aGF0IGh1bWFucyBoYXZlIG5ldmVyIGJlZm9yZSBzZWVuLi4u,,,,,W0JhcGhvbWV0XSBFdSBwb3NzbyBsaGUgY29uY2VkZXIgcXVhbHF1ZXIgdGVzb3VybyBxdWUgZGVzZWphciBlIHBvZGVyIGluZmluaXRvIG5hIHBvbnRhIGRvcyBzZXVzIGRlZG9zLiBBcm1hcyBwb2Rlcm9zYXMgcXVlIG9zIGh1bWFub3MgbnVuY2EgdmlyYW0gYW50ZXMuLi4=,,W0JhcGhvbWV0XQpQdWVkbyBjb25jZWRlcnRlIGN1YWxxdWllciB0ZXNvcm8gcXVlIGRlc2VlcyB5IHVuIHBvZGVyIGluZmluaXRvIGNvbiBzb2xvIHBlZGlybG8uIFBvZGVyb3NhcyBhcm1hcyBxdWUgbG9zIGh1bWFub3MgbnVuY2EgaGFuIHNpcXVpZXJhIHZpc3Rv4oCm
yEGfBg,,W0JhcGhvbWV0XQpNb3VudGFpbnMgb2YgemVueSB0aGF0IHlvdSBjYW5ub3QgcG9zc2libHkgaG9wZSB0byBzcGVuZCBpbiBhIGxpZmV0aW1lLiBUaG91Z2gsIHdobydzIHRvIHNheSB0aGF0IHlvdXIgbGlmZXNwYW4gc2hvdWxkIGJlIGxpbWl0ZWQ/IEZhbWUsIHBvd2VyLCBpbW1vcnRhbGl0eTogSXQgY2FuIGFsbCBiZSB5b3Vycy4=,,,,,W0JhcGhvbWV0XSBNb250YW5oYXMgZGUgemVueSBxdWUgdm9jw6ogbsOjbyBwb2RlIGVzcGVyYXIgZ2FzdGFyIGVtIHVtYSB2aWRhIGludGVpcmEuIFBvcsOpbSwgcXVlbSBwb2RlIGRpemVyIHF1ZSBzdWEgdmlkYSDDunRpbCBkZXZlIHNlciBsaW1pdGFkYT8gRmFtYSwgcG9kZXIsIGltb3J0YWxpZGFkZTogdHVkbyBwb2RlIHNlciBzZXUu,,W0JhcGhvbWV0XQpNb250YcOxYXMgZGUgemVueSBxdWUgbm8gc2UgcHVlZGVuIGp1bnRhciBuaSBzaXF1aWVyYSBlbiB1bmEgdmlkYSBjb21wbGV0YS4gQXVucXVlLCDCv3F1acOpbiBkaWpvIHF1ZSB0dSB2aWRhIGRlYmEgZXN0YXIgbGltaXRhZGE/IEZhbWEsIHBvZGVyLCBpbm1vcnRhbGlkYWQ6IHRvZG8gcHVlZGUgc2VyIHR1eW8u
yUGfBg,,W0JhcGhvbWV0XQpJIHdpbGwgYmUgeW91cnMgdG8gc3VtbW9uIGF0IGFueXRpbWUuIEFsbCBvdGhlciBodW1hbnMgd2lsbCBkcmVhZCBtYWtpbmcgeW91IHRoZWlyIGVuZW15LiBZb3Ugd2lsbCBiZWNvbWUgdGhlIG1vc3QgcG93ZXJmdWwgcGVyc29uIGluIGFsbCBvZiBoaXN0b3J5IQ==,,,,,W0JhZm9tw6ldClVtIGRvcyBzZXVzIHBvZGVyZXMgc2Vyw6EgYSBoYWJpbGlkYWRlIGRlIG1lIGludm9jYXIgcXVhbmRvIHF1aXNlci4KSXNzbyBhdGVycm9yaXphcsOhIGF0w6kgb3Mgc2V1cyBtYWlvcmVzIGluaW1pZ29zLg==,,W0JhcGhvbWV0XQpQb2Ryw6FzIGludm9jYXJtZSBjdWFuZG8gcXVpZXJhcy4gTG9zIGRlbcOhcyBodW1hbm9zIHRlbWVyw6FuIGNvbnZlcnRpcnNlIGVuIHR1cyBlbmVtaWdvcy4gwqFUZSBjb252ZXJ0aXLDoXMgZW4gbGEgcGVyc29uYSBtw6FzIHBvZGVyb3NhIGRlIHRvZGEgbGEgaGlzdG9yaWEh
ykGfBg,,W0JhcGhvbWV0XQpDZWFzZSB0aGlzIGZvb2xpc2huZXNzIG9mIHB1cnN1aW5nIHRoZSBQcmllc3Rob29kLiBNYWtlIGEgY29udHJhY3Qgd2l0aCBtZS4gVGhlIGVudGlyZSB3b3JsZCBpcyB5b3VycyBmb3IgdGhlIHRha2luZy4=,,,,,W0JhZm9tw6ldClBlbnNlIGJlbSBubyBxdWUgdm9jw6ogYWNhYm91IGRlIGZhemVyLi4uCkFnb3JhLCB0b2RhIHZleiBxdWUgdm9jw6ogbsOjbyB0aXZlciBkaW5oZWlybywgZGVzZWphciB1bSBpdGVtIGltcG9zc8OtdmVsIG91IG9kaWFyIGFsZ3XDqW0uLi4=,,W0JhcGhvbWV0XQpEZWphIGVzdGEgdG9udGVyw61hIGRlIHF1ZXJlciBzZXIgU2FjZXJkb3RlLiBIYXogdW4gY29udHJhdG8gY29ubWlnby4gRWwgbXVuZG8gZW50ZXJvIHBvZHLDrWEgc2VyIHR1eW8u
y0GfBg,,RGVhbC4=,,,,,TmVnw7NjaW8gZmVjaGFkby4=,,VGVuZW1vcyB1biB0cmF0by4=
zEGfBg,,Tm8sIEJhcGhvbWV0LiBZb3UgbG9zZS4=,,,,,TsOjbywgQmFmb23DqS4gVm9jw6ogcGVyZGV1Lg==,,Tm8sIEJhcGhvbWV0LiBUw7ogcGllcmRlcy4=
zUGfBg,,W0JhcGhvbWV0XQpUaGVuIHdlIHNoYWxsIGZvcm0gYSBjb250cmFjdC4gWW91IHdvbid0IGV2ZXIgcmVncmV0IHRoaXMgbW9tZW50Li4u,,,,,W0JhZm9tw6ldClNpZ2EtbWUuCkZhcmVtb3Mgbwpjb250cmF0byBlbSBtZXUKc2FudHXDoXJpbyBkYXMgdHJldmFzLg==,,W0JhcGhvbWV0XQpFbnRvbmNlcywgaGFyZW1vcyB1biBjb250cmF0by4gTnVuY2EgdGUgYXJyZXBlbnRpcsOhcyBkZSBlc3Rv4oCm
zkGfBg,,W0JhcGhvbWV0XQpGb2xsb3cgbWUuCldlIHdpbGwgbWFrZSB0aGUKY29udHJhY3QgaW4gbXkKc2FuY3R1bSBvZiBkYXJrbmVzcy4=,,,,,W0JhZm9tw6ldClNpZ2EtbWUuCkZhcmVtb3Mgbwpjb250cmF0byBlbSBtZXUKc2FudHXDoXJpbyBkYXMgdHJldmFzLg==,,W0JhcGhvbWV0XQpTw61ndWVtZS4KSGFyZW1vcyBlbApjb250cmF0byBlbiBtaQpzYW50dWFyaW8gZGUgbGEgb3NjdXJpZGFkLg==
z0GfBg,,W0JhcGhvbWV0XQpGb29saXNoIGh1bWFuLi4uCllvdSBoYXZlIG1hZGUgeW91ciBjaG9pY2UuIEkgd2lsbCBsZWF2ZSB5b3UgYWxvbmUgZm9yIG5vdywgdGhlbi4gSG93ZXZlciwgeW91ciB0cmFpbmluZyB3b24ndCBiZSBhcyBlYXN5IGFzIHlvdSB0aGluay4=,,,,,W0JhZm9tw6ldCklkaW90YS4uLgpWb2PDqiBmZXogc3VhIGVzY29saGEuIEVudMOjbywgdm91IHRlIGRlaXhhciBlbSBwYXogcG9yIGVucXVhbnRvLiBObyBlbnRhbnRvLCBzZXUgdHJlaW5hbWVudG8gbsOjbyBzZXLDoSB0w6NvIGbDoWNpbCBxdWFudG8gdm9jw6ogcGVuc2Eu,,W0JhcGhvbWV0XQpIdW1hbm8gdG9udG/igKYKWWEgdG9tYXN0ZSB0dSBkZWNpc2nDs24uIFRlIGRlamFyw6kgcG9yIGFob3JhLiBTaW4gZW1iYXJnbywgdHUgZW50cmVuYW1pZW50byBubyBzZXLDoSB0YW4gZsOhY2lsIGNvbW8gY3JlZXMu
0EGfBg,,W0JhcGhvbWV0XQpJIHNoYWxsIGJlIHByZXBhcmluZyBteSB0cm9vcHMgZm9yIHlvdS4gVGhlIGRheSB3aWxsIGNvbWUgd2hlbiBJIHNoYWxsIGVuam95IHdhdGNoaW5nIHlvdSB3cml0aGUgaW4gYWdvbnkgYXMgbXkgZmllbmRzIHNsb3dseSBkZXZvdXIgeW91Lg==,,,,,W0JhZm9tw6ldCkVzdGFyZWkgcHJlcGFyYW5kbyBtaW5oYXMgdHJvcGFzIGNvbnRyYSB2b2PDqi4gQ2hlZ2Fyw6EgbyBkaWEgZW0gcXVlIHRlcmVpIHByYXplciBlbSB0ZXIgdmVyIHNlIGNvbnRvcmNlciBlbSBhZ29uaWEgZW5xdWFudG8gbWV1cyBkZW3DtG5pb3MgdGUgZGV2b3JhbSBsZW50YW1lbnRlLg==,,W0JhcGhvbWV0XQpQcmVwYXJhcsOpIG1pcyB0cm9wYXMgcGFyYSB0aS4gTGxlZ2Fyw6EgZWwgZMOtYSBlbiBlbCBxdWUgZGlzZnJ1dGFyw6kgdmnDqW5kb3RlIHJldG9yY2VyIGVuIGFnb27DrWEgbWllbnRyYXMgbWlzIGRlbW9uaW9zIHRlIGRldm9yYW4gbGVudGFtZW50ZS4=
0UGfBg,,TXVtbXlfR2VuZXJhdG9y,,,,,R2VyYWRvcl9NdW1pYQ==,,TXVtbXlfR2VuZXJhdG9y
0kGfBg,,S2hhbW96,,,,,S2Ftb3o=,,S2hhbW96
00GfBg,,QW1vY3Npcw==,,,,,QXJtb3Npcw==,,QW1vY3Npcw==
1EGfBg,,TWVudHVob3RlcGg=,,,,,TWVudGhvdGVw,,TWVudHVob3RlcGg=
1UGfBg,,QWtlbmF0ZW4=,,,,,QWtlbmF0ZW4=,,QWtlbmF0ZW4=
1kGfBg,,TWVobmVz,,,,,TWVuZXM=,,TWVobmVz
10GfBg,,U25lcGhlcnU=,,,,,U25lcGVydQ==,,U25lcGhlcnU=
