AMegBg,,V2l6YXJkIEd1aWxkc21hbg==,,,,,QnJ1eGE=,,SGVjaGljZXJhIGRlbCBncmVtaW8=
AcegBg,,WW91IHNlZW0gdG8gaGF2ZSBjb21lIHRoaXMgZmFyIGJlY2F1c2Ugb2YgYSBzcGVjaWFsIGV2ZW50Lg==,,,,,Vm9jw6ogcGFyZWNlIHRlciBjaGVnYWRvIGF0w6kgYXF1aSBwb3IgY2F1c2EgZGUgdW0gZXZlbnRvIGVzcGVjaWFsLg==,,UGFyZWNlIHF1ZSBoYXMgbGxlZ2FkbyB0YW4gbGVqb3MgZGViaWRvIGEgdW4gZXZlbnRvIGVzcGVjaWFsLg==
AsegBg,,XjRENERGRiBZb3UgY2FuIHN1bW1vbiBhIHNlcnZpY2UgbnBjIGZvciBqb2IgY2hhbmdlLg==,,,,,XjRENERGRiBWb2PDqiBwb2RlIGNvbnZvY2FyIHVtIG5wYyBkZSBzZXJ2acOnbyBwYXJhIG11ZGFuw6dhIGRlIGNsYXNzZS4=,,XjRENERGRlB1ZWRlcyBpbnZvY2FyIGEgdW4gUE5KIGRlIHNlcnZpY2lvIHBhcmEgZWwgY2FtYmlvIGRlIGNsYXNlLg==
A8egBg,,U3VtbW9uIGEgc2VydmljZSBucGMgZm9yIGEgam9iIGNoYW5nZS4=,,,,,Q29udm9jYXIgdW0gbnBjIGRlIHNlcnZpw6dvIHBhcmEgdW1hIG11ZGFuw6dhIGRlIGNsYXNzZS4K,,SW52b2NhIGEgdW4gUE5KIGRlIHNlcnZpY2lvIHBhcmEgdW4gY2FtYmlvIGRlIGNsYXNlLg==
BMegBg,,cmVmdXNlLg==,,,,,cmVjdXNhci4=,,cmVjaGF6YXIu
BcegBg,,XjRENERGRiBZb3UgY2FuIHN1bW1vbiBhIHNlcnZpY2UgbnBjIGZvciBqb2IgY2hhbmdlLgpUaGUgM3JkIGpvYiBjaGFuZ2UgY2FuIGJlIGRvbmUgaW4gZWFjaCBqb2IgZ3VpbGQuXjAwMDAwMA==,,,,,XjRENERGRiBWb2PDqiBwb2RlIGNvbnZvY2FyIHVtIG5wYyBkZSBzZXJ2acOnbyBwYXJhIG11ZGFuw6dhIGRlIGNsYXNzZS4KVGhlIDNyZCBqb2IgY2hhbmdlIGNhbiBiZSBkb25lIGluIGVhY2ggam9iIGd1aWxkLl4wMDAwMDA=,,XjRENERGRlB1ZWRlcyBpbnZvY2FyIGEgdW4gUE5KIGRlIHNlcnZpY2lvIHBhcmEgZWwgY2FtYmlvIGRlIGNsYXNlLgpFbCAzwrAgQXZhbmNlIGRlIENsYXNlIHNlIHB1ZWRlIGhhY2VyIGVuIGNhZGEgZ3JlbWlvIGRlIHRyYWJham8uXjAwMDAwMA==
BsegBg,,W0NhdGhlcmluZV0KPyBFeGN1c2UgbWUsIEkgYW0gd29uZGVyaW5nIGlmIHdlIGhhdmUgbWV0IGJlZm9yZS4uLj8KSGV5fiB5b3UgaGF2ZSBjaGFuZ2VkIGEgbG90ISBTbywgd2hhdCBoYXBwZW5lZD8=,,,,,W0NhdGFyaW5hXQpDb20gbGljZW7Dp2EuIErDoSBuw6NvIG5vcyBjb25oZWNlbW9zIGFudGVzLi4uPwpOb3NzYSwgdm9jw6ogbXVkb3UgbXVpdG8hIE8gcXVlIGFjb250ZWNldT8=,,W0NhdGhlcmluZV0Kwr8/IERpc2N1bHBhLCDCv2FjYXNvIG5vcyBjb25vY2Vtb3PigKY/CkhvbGF+IMKhSGFzIGNhbWJpYWRvIG11Y2hvISBEaW1lLCDCv3F1w6kgcGFzw7M/
B8egBg,,W0NhdGhlcmluZV0KSSBmZWVsIHlvdSBoYXZlIGJlY29tZSBzbyBtdWNoIHBvd2VyZnVsLCBlaD8KQ29uZ3JhdHVsYXRpb25zIGFuZCBnb29kIGx1Y2sgd2l0aCB5b3VyIGxpZmUh,,,,,W0NhdGFyaW5hXQpTaW50byBxdWUgdm9jw6ogc2UgdG9ybm91IG11aXRvIHBvZGVyb3NvLCBuw6NvIMOpPwpQYXJhYsOpbnMgZSBib2Egc29ydGUgY29tIHR1ZG8h,,W0NhdGhlcmluZV0KUHJlc2llbnRvIHF1ZSB0aWVuZXMgbXVjaG8gbcOhcyBwb2RlciBhaG9yYSwgwr9ubz8KwqFGZWxpY2l0YWNpb25lcyB5IHN1ZXJ0ZSBjb24gdHUgdmlkYSE=
CMegBg,,W0NhdGhlcmluZV0KU2luY2UgeW91J3JlIGFscmVhZHkgYSBXaXphcmQsIHlvdSBkb24ndCBoYXZlIGFueSBtb3JlIGJ1c2luZXNzIHdpdGggbWUuLi4/Ck5vdywgZXhjdXNlIG1lLg==,,,,,W0NhdGFyaW5hXQpBZ29yYSBxdWUgdm9jw6ogw6kgdW0gQnJ1eG8sIG7Do28gcXVlciBtYWlzIHNhYmVyIGRlIG1pbS4uLj8KQWdvcmEsIGNvbSBsaWNlbsOnYS4=,,W0NhdGhlcmluZV0KQWhvcmEgcXVlIGVyZXMgcGFydGUgZGUgbG9zIEhlY2hpY2Vyb3MsIMK/eWEgbm8gdGllbmVzIG5hZGEgbcOhcyBxdWUgaGFibGFyIGNvbm1pZ28/CkJpZW4sIGNvbiBwZXJtaXNvLg==
CcegBg,,W0NhdGhlcmluZV0KV2VsbCwgSWYgeW91IGludGVuZGVkIHRvIGFzayBtZSBvbiBhIGRhdGUuLi4gIEkgYXBwcmVjaWF0ZSBpdC4uLmhvaG9oby4=,,,,,W0NhdGFyaW5hXQpTZSB2b2PDqiBxdWlzZXIgbWUgY2hhbWFyIHBhcmEgc2Fpci4uLiAgZXUgdm91IGFkb3Jhci4uLiBob2hvaG8u,,W0NhdGhlcmluZV0KQnVlbm8sIHNpIHByZXRlbmTDrWFzIGludml0YXJtZSBhIHVuYSBjaXRh4oCmICBUZSBsbyBhZ3JhZGV6Y2/igKYgam8sIGpvLCBqbywgam8u
CsegBg,,W0NhdGhlcmluZV0KU2luY2UgeW91J3JlIGFscmVhZHkgYSBXaXphcmQsIHlvdSBkb24ndCBoYXZlIGFueSBtb3JlIGJ1c2luZXNzIHdpdGggbWUuLi4KTm93LCBleGN1c2UgbWUu,,,,,W0NhdGFyaW5hXQpBZ29yYSBxdWUgdm9jw6ogw6kgdW0gQnJ1eG8sIG7Do28gcXVlciBtYWlzIHNhYmVyIGRlIG1pbS4uLgpBZ29yYSwgY29tIGxpY2Vuw6dhLg==,,W0NhdGhlcmluZV0KQWhvcmEgcXVlIGVyZXMgcGFydGUgZGUgbG9zIEhlY2hpY2Vyb3MsIHlhIG5vIHRpZW5lcyBuYWRhIHF1ZSBoYWJsYXIgY29ubWlnb+KApgpCaWVuLCBjb24gcGVybWlzby4=
C8egBg,,W0NhdGhlcmluZV0KV2VsbCwgaWYgeW91IGZpeCBtZSB1cCB3aXRoIGEgY3V0ZSBndXkuLi4gIEknZCBhcHByZWNpYXRlIGl0Li4uaG9ob2hvIS4=,,,,,W0NhdGFyaW5hXQpTZSB2b2PDqiBxdWlzZXIgbWUgYXByZXNlbnRhciBwYXJhIHVtIGNhcmluaGEgYm9uaXRpbmhvLi4uICBldSB2b3UgYWRvcmFyLi4uIGhvaG9obyE=,,W0NhdGhlcmluZV0KQnVlbm8sIHNpIG1lIGNvbnNpZ3VlcyB1bmEgY2l0YSBjb24gdW4gY2hpY28gc2ltcMOhdGljb+KApiAgVGUgbG8gYWdyYWRlY2Vyw6nigKYgwqFqbywgam8sIGpvLCBqbyE=
DMegBg,,W1dpemFyZCBHdWlsZHNtYW5dCk9oIG15IGdvb2RuZXNzLCBpdCdzIGEgbm92aWNlfiBhaW4ndCB5b3UgdGhlIGN1dGVzdCBsaXR0bGUgdGhpbmcuCkJ5IHRoZSB3YXkgaG9uZXksIHRoaXMgcGxhY2UgaXMgZm9yIFdpemFyZHMu,,,,,W1dpemFyZCBHdWlsZHNtYW5dCk1pbmhhIG5vc3NhLCDDqSB1bSBhcHJlbmRpei4uLiBtYXMgcXVlIGNvaXNpbmhhIG1haXMgZm9mYS4KQSBwcm9ww7NzaXRvLCBxdWVyaWRpbmhvLCBlc3RlIMOpIHVtIGx1Z2FyIHBhcmEgQnJ1eG9zLg==,,W0hlY2hpY2VyYSBkZWwgZ3JlbWlvXQpPaCwgY2llbG9zLCBwcmluY2lwaWFudGXigKYgRXJlcyBsYSBjb3NpdGEgbcOhcyBsaW5kYSBxdWUgaGUgdmlzdG8uClBvciBjaWVydG8sIGNhcmnDsW8sIGVzdGUgbHVnYXIgZXMgcGFyYSBIZWNoaWNlcm9zLg==
DcegBg,,W1dpemFyZCBHdWlsZHNtYW5dCklmIHlvdSBhcmUgaW50ZXJlc3RlZCBpbiBtYWdpYywKR28gdmlzaXQgdGhlIF4wMDAwRkZNYWdlXjAwMDAwMCBndWlsZC4=,,,,,W1dpemFyZCBHdWlsZHNtYW5dClNlIHZvY8OqIHRpdmVyIGludGVyZXNzZSBlbSBtYWdpYSwKdmlzaXRlIGEgZ3VpbGRhIGRvcyBeMDAwMENETWFnb3NeMDAwMDAwLg==,,W0hlY2hpY2VyYSBkZWwgZ3JlbWlvXQpTaSB0ZSBpbnRlcmVzYSBsYSBtYWdpYSwKdmlzaXRhIGVsIGdyZW1pbyBkZSBsb3MgXkZGMDAwME1hZ29zXjAwMDAwMC4=
DsegBg,,W1dpemFyZCBHdWlsZHNtYW5dCkh1aD8gIHdoYXQgYnJpbmdzIHlvdSB0byBzdWNoIGEgaGlnaCBwbGFjZS4uLj8KSWYgeW91IGRvbid0IGhhdmUgYW55IHNwZWNpZmljIGJ1c2luZXNzLCBwbGVhc2UgbGVhdmUgaW1tZWRpYXRlbHkuClRoaXMgcGxhY2UgaXMgZm9yIFdpemFyZHMsIHlvdSBrbm93Pw==,,,,,W1dpemFyZCBHdWlsZHNtYW5dCkjDoz8gTyBxdWUgdHJheiB2b2PDqiBhIHVtIGx1Z2FyIHTDo28gYWx0by4uLj8KU2UgbsOjbyB0ZW0gbmFkYSBlc3BlY8OtZmljbyBhIHRyYXRhciwgc2FpYSBpbWVkaWF0YW1lbnRlLgpFc3RlIMOpIHVtIGx1Z2FyIHBhcmEgQnJ1eG9zLCB0w6E/,,W0hlY2hpY2VyYSBkZWwgZ3JlbWlvXQrCv0VoPyDCv1F1w6kgdGUgdHJhZSBhIHVuIGx1Z2FyIHRhbiBhbHRv4oCmPwpTaSBubyB0aWVuZXMgbmluZ8O6biBhc3VudG8gY29uY3JldG8gcXVlIHRyYXRhciwgcmV0w61yYXRlIGRlIGlubWVkaWF0by4KRXN0ZSBsdWdhciBlcyBwYXJhIEhlY2hpY2Vyb3MgLCDCv2VudGllbmRlcz8=
D8egBg,,W1dpemFyZCBHdWlsZHNtYW5dCk9rLCB0aGVuLiBGYXJld2VsbC4=,,,,,W1dpemFyZCBHdWlsZHNtYW5dCkNlcnRvLiBBZGV1cy4=,,W0hlY2hpY2VyYSBkZWwgZ3JlbWlvXQpEZSBhY3VlcmRvLiDCoUFkacOzcyE=
EMegBg,,W1dpemFyZCBHdWlsZHNtYW5dCkh1aD8gIFdoYXQgYXJlIHlvdSBkb2luZyB3YXkgdXAgaGVyZS4uLj8KU28gd2hhdCBicmluZ3MgeW91IGhlcmU/,,,,,W1dpemFyZCBHdWlsZHNtYW5dCkjDoz8gIE8gcXVlIGVzdMOhIGZhemVuZG8gYXF1aSBlbSBjaW1hLi4uPwpPIHF1ZSB0cmF6IHZvY8OqIGFxdWk/,,W0hlY2hpY2VyYSBkZWwgZ3JlbWlvXQrCv0VoPyAgwr9RdcOpIGhhY2VzIGFxdcOtIGFycmliYeKApj8Kwr9RdcOpIHRlIHRyYWUgcG9yIGFxdcOtPw==
EcegBg,,SSB3YW50IHRvIGJlY29tZSBhIFdpemFyZC4=,,,,,UXVlcm8gbWUgdG9ybmFyIHVtIEJydXhvLg==,,UXVpZXJvIHVuaXJtZSBhbCBncmVtaW8gZGUgbG9zIEhlY2hpY2Vyb3Mu
EsegBg,,Li4ubm90aGluZy4=,,,,,Li4uIG5hZGEu,,4oCmIE5hZGEu
E8egBg,,W1dpemFyZCBHdWlsZHNtYW5dCkkgc2VlLi4uICBXZWxsLCBvZiBjb3Vyc2UgeW91IHdhbnQgdG8gYmVjb21lIGEgV2l6YXJkLCBvdGhlcndpc2UgeW91IHdvdWxkbid0IGhhdmUgd2Fsa2VkIHVwIGFsbCB0aG9zZSBzdGFpcnMgcmlnaHQ/CkFueXdheXMsIEkgd291bGQgbGlrZSB0byB3ZWxjb21lIHlvdS4gIEkgd2lsbCBhc3Npc3QgeW91IGluIGJlY29taW5nIGEgV2l6YXJkLg==,,,,,W1dpemFyZCBHdWlsZHNtYW5dCkVudGVuZG8uLi4gIMOJIGNsYXJvIHF1ZSB2b2PDqiBxdWVyIHNlIHRvcm5hciB1bSBCcnV4by4gU2UgbsOjbywgbsOjbyB0ZXJpYSBzdWJpZG8gdG9kYXMgZXNzYXMgZXNjYWRhcywgbsOjbyDDqT8KRGUgcXVhbHF1ZXIgZm9ybWEsIHNlamEgYmVtLXZpbmRvLiAgVm91IGFqdWRhciB2b2PDqiBhIHNlIHRvcm5hciB1bSBCcnV4by4=,,W0hlY2hpY2VyYSBkZWwgZ3JlbWlvXQpZYSB2ZW/igKYgIEJ1ZW5vLCBlc3TDoSBjbGFybyBxdWUgcXVpZXJlcyB1bmlydGUgYSBsb3MgSGVjaGljZXJvcywgZGUgbG8gY29udHJhcmlvLCBubyBoYWJyw61hcyBzdWJpZG8gdG9kYXMgZXNhcyBlc2NhbGVyYXMsIMK/dmVyZGFkPwpFbiBjdWFscXVpZXIgY2FzbywgbWUgZ3VzdGFyw61hIGRhcnRlIGxhIGJpZW52ZW5pZGEuICBUZSBheXVkYXLDqSBhIHVuaXJ0ZSBhIGxvcyBIZWNoaWNlcm9zLg==
FMegBg,,W1dpemFyZCBHdWlsZHNtYW5dCk15IG5hbWUgaXMgQ2F0aGVyaW5lIE1lZGljaS4gIEp1c3QgYmV0d2VlbiBtZSBhbmQgeW91LCBJIGp1c3QgYmVjYW1lIGEgV2l6YXJkIHRvbyEKWW91IGNhbiBjYWxsIG1lIENhdGh5IGlmIHlvdSB3YW50LiAgSGVoZWhlaGVoZX4=,,,,,W1dpemFyZCBHdWlsZHNtYW5dCk1ldSBub21lIMOpIENhdGhlcmluZSBNZWRpY2kuICBDw6EgZW50cmUgbsOzcywgZXUgYWNhYmVpIGRlIG1lIHRvcm5hciB1bWEgQnJ1eGEgdGFtYsOpbSEKVm9jw6ogcG9kZSBtZSBjaGFtYXIgZGUgQ2F0aHkgc2UgcXVpc2VyLiAgSGVoZWhlaGVoZS4uLg==,,W0hlY2hpY2VyYSBkZWwgZ3JlbWlvXQpNZSBsbGFtbyBDYXRoZXJpbmUgTWVkaWNpLiAgQXF1w60gZW50cmUgbm9zb3Ryb3MsIMKheW8gdGFtYmnDqW4gYWNhYm8gZGUgdW5pcm1lIGEgbG9zIEhlY2hpY2Vyb3MhClB1ZWRlcyBsbGFtYXJtZSBDYXRoeSBzaSBxdWllcmVzLiAgSmUsIGplLCBqZSwgamUsIGplLg==
FcegBg,,W0NhdGhlcmluZV0KTWFueSBwZW9wbGUgd2FudCB0byBiZWNvbWUgV2l6YXJkcywgYnV0IG9ubHkgdGhlIHBhdGllbnQgYW5kIHN0cm9uZyBvbmVzIHdpbGwgZXZlbnR1YWxseSBhY2NvbXBsaXNoIHRoZWlyIGdvYWxzLgpJbiBvcmRlciB0byBiZWNvbWUgYSBXaXphcmQsIG9uZSBtdXN0IHVuZGVyZ28gZGlmZmljdWx0IHF1ZXN0cy4=,,,,,W0NhdGFyaW5hXQpNdWl0b3MgcXVlcmVtIHNlIHRvcm5hciBCcnV4b3MsIG1hcyBhcGVuYXMgYXF1ZWxlcyBxdWUgc8OjbyBwYWNpZW50ZXMgZSBmb3J0ZXMgYWxjYW7Dp2Fyw6NvIGVzc2Ugb2JqZXRpdm8uClBhcmEgc2UgdG9ybmFyIHVtIEJydXhvLCDDqSBuZWNlc3PDoXJpbyBjdW1wcmlyIG1pc3PDtWVzIGRpZsOtY2Vpcy4=,,W0NhdGhlcmluZV0KTXVjaGFzIHBlcnNvbmFzIHF1aWVyZW4gY29udmVydGlyc2UgZW4gSGVjaGljZXJvcywgcGVybyBzb2xvIHF1aWVuZXMgc2VhbiBwYWNpZW50ZXMgeSBmdWVydGVzIGxvIGxvZ3JhcsOhbi4KUGFyYSBjb252ZXJ0aXJzZSBlbiBIZWNoaWNlcm8sIGhheSBxdWUgc3VwZXJhciBtaXNpb25lcyBkaWbDrWNpbGVzLg==
FsegBg,,W0NhdGhlcmluZV0KQWxzbyBvbmx5IG1hZ2VzIHdobyBoYXZlIHJlYWNoZWQgYSBqb2IgbGV2ZWwgb2YgNDAgb3IgaGlnaGVyIGFyZSBxdWFsaWZpZWQgZm9yIHRoZXNlIHF1ZXN0cy4KTG93ZXIgbGV2ZWwgbWFnZXMgYXJlbid0IGV4cGVyaWVuY2VkIGVub3VnaCB3aXRoIG1hZ2ljIHRvIGJlY29tZSBXaXphcmRzLi4u,,,,,W0NhdGFyaW5hXQpBbMOpbSBkaXNzbywgc29tZW50ZSBvcyBtYWdvcyBxdWUgYWxjYW7Dp2FyYW0gdW0gbsOtdmVsIGRlIGNsYXNzZSA0MCBvdSBtYWlvciBzw6NvIHF1YWxpZmljYWRvcyBwYXJhIGVzc2FzIG1pc3PDtWVzLgpPcyBtYWdvcyBkZSBuw612ZWwgaW5mZXJpb3IgbsOjbyB0w6ptIGV4cGVyacOqbmNpYSBzdWZpY2llbnRlIGNvbSBtYWdpYSBwYXJhIHNlIHRvcm5hcmVtIEJydXhvcy4uLg==,,W0NhdGhlcmluZV0KQWRlbcOhcywgc29sbyBsb3MgTWFnb3MgcXVlIHRlbmdhbiB1biBuaXZlbCBkZSBjbGFzZSBkZSA0MCBvIG3DoXMgY2FsaWZpY2FuIHBhcmEgZXN0YXMgbWlzaW9uZXMuCkxvcyBNYWdvcyBkZSBuaXZlbCBpbmZlcmlvciBubyB0aWVuZW4gc3VmaWNpZW50ZSBleHBlcmllbmNpYSBjb24gbGEgbWFnaWEgcGFyYSBjb252ZXJ0aXJzZSBlbiBIZWNoaWNlcm9z4oCm
F8egBg,,W0NhdGhlcmluZV0KV2VsbCwgSSB3aWxsIGdpdmUgeW91IG1vcmUgaW5mb3JtYXRpb24gd2hlbiB5b3UgYXBwbHkgZm9yIHRoZSBqb2IuClNvISAgRG8geW91IHdhbnQgdG8gYXBwbHkgbm93Pw==,,,,,W0NhdGFyaW5hXQpCZW0sIGV1IGxoZSBkYXJlaSBtYWlzIGluZm9ybWHDp8O1ZXMgcXVhbmRvIHNlIGNhbmRpZGF0YXIgYW8gdHJhYmFsaG8uCkVudMOjby4uLiAgVm9jw6ogcXVlciBzZSBjYW5kaWRhdGFyIGFnb3JhPw==,,W0NhdGhlcmluZV0KVGUgZGFyw6kgbcOhcyBpbmZvcm1hY2nDs24gZGVzcHXDqXMgZGUgcXVlIHByZXNlbnRlcyB0dSBzb2xpY2l0dWQuCsKhUHVlcyBiaWVuISAgwr9RdWllcmVzIHByZXNlbnRhciB0dSBzb2xpY2l0dWQgYWhvcmE/
GMegBg,,WWVzLCBJIGRvLg==,,,,,U2ltLg==,,U8OtLg==
GcegBg,,T24gc2Vjb25kIHRob3VnaHQsIExldCBtZSB0aGluayBhYm91dCBpdC4=,,,,,RGVpeGUtbWUgcGVuc2FyIGEgcmVzcGVpdG8u,,UGVuc8OhbmRvbG8gYmllbiwgYcO6biBubyBtZSBkZWNpZG8u
GsegBg,,W0NhdGhlcmluZV0KSGV5IGhleSwgd2VyZW4ndCB5b3UgbGlzdGVuaW5nIHRvIG1lPwpJIHRvbGQgeW91IHRoYXQgeW91IG5lZWQgdG8gYmUgYXQgbGVhc3Qgam9iIGxldmVsIDQwIHRvIHNpZ24gdXAgZm9yIHRoZSBxdWVzdC4uLg==,,,,,W0NhdGFyaW5hXQpFaSwgZWksIHZvY8OqIG7Do28gZXN0YXZhIG1lIG91dmluZG8/CkV1IGRpc3NlIHF1ZSB2b2PDqiBwcmVjaXNhIHRlciB1bSBuw612ZWwgZGUgY2xhc3NlIDQwLCBubyBtw61uaW1vLCBwYXJhIHNlIGluc2NyZXZlciBwYXJhIGEgbWlzc8Ojby4uLg==,,W0NhdGhlcmluZV0KT3llLCBveWUsIMK/bm8gbWUgZXN0YWJhcyBlc2N1Y2hhbmRvPwpEaWplIHF1ZSBkZWJlcyB0ZW5lciBhbCBtZW5vcyB1biBuaXZlbCBkZSBjbGFzZSBkZSA0MCBwYXJhIGVzdGEgbWlzacOzbuKApg==
G8egBg,,W0NhdGhlcmluZV0KTm8gbmVlZCB0byBodXJyeSwgZ28gZXhwZXJpZW5jZSBhbmQgcG9uZGVyIG1vcmUgYWJvdXQgdGhlIHdvcmxkIG9mIG1hZ2ljLgpXaGVuIEkgZGVlbSB5b3UncmUgcXVhbGlmaWVkLCBJIHdpbGwgYWNjZXB0IHlvdXIgYXBwbGljYXRpb24u,,,,,W0NhdGFyaW5hXQpOw6NvIHByZWNpc2EgdGVyIHByZXNzYS4gQ29uaGXDp2EgbWVsaG9yIG8gbXVuZG8gZGEgbWFnaWEgZSBwZW5zZSBzb2JyZSBpc3NvLiAKUXVhbmRvIGV1IGFjaGFyIHF1ZSBlc3TDoSBxdWFsaWZpY2FkbywgYWNlaXRhcmVpIGEgc3VhIGluc2NyacOnw6NvLg==,,W0NhdGhlcmluZV0KTm8gaGF5IHByaXNhLCB2ZSBhIGV4cGVyaW1lbnRhciB5IGEgcmVmbGV4aW9uYXIgbcOhcyBzb2JyZSBlbCBtdW5kbyBkZSBsYSBtYWdpYS4KQ3VhbmRvIGNyZWFzIHF1ZSByZcO6bmVzIGxvcyByZXF1aXNpdG9zLCBhY2VwdGFyw6kgdHUgc29saWNpdHVkLg==
HMegBg,,W0NhdGhlcmluZV0KVW1tLi4uICBZb3UncmUgd2VsbCBxdWFsaWZpZWQsIGJ1dCB5b3UgaGF2ZSBzb21lIHVudXNlZCBza2lsbCBwb2ludHMgbGVmdC4KWW91J2QgYmV0dGVyIGxlYXJuIG1vcmUgc2tpbGxzIGJlZm9yZSBhcHBseWluZyBhZ2Fpbi4=,,,,,W0NhdGFyaW5hXQpIdW1tLi4uICBWb2PDqiBlc3TDoSBiZW0gcXVhbGlmaWNhZG8sIG1hcyBuw6NvIHV0aWxpem91IHRvZG9zIG9zIHNldXMgcG9udG9zIGRlIGhhYmlsaWRhZGUuCiDDiSBtZWxob3IgYXByZW5kZXIgbWFpcyBoYWJpbGlkYWRlcyBhbnRlcyBkZSBzZSBpbnNjcmV2ZXIgbm92YW1lbnRlLg==,,W0NhdGhlcmluZV0KTW1t4oCmICBSZcO6bmVzIGxvcyByZXF1aXNpdG9zLCBwZXJvIHRlIHF1ZWRhbiBhbGd1bm9zIHB1bnRvcyBkZSBoYWJpbGlkYWQgc2luIHVzYXIuClNlcsOhIG1lam9yIHF1ZSBhcHJlbmRhcyBtw6FzIGhhYmlsaWRhZGVzIGFudGVzIGRlIHZvbHZlciBhIHNvbGljaXRhcmxvLg==
HcegBg,,W0NhdGhlcmluZV0KVmVyeSB3ZWxsIHRoZW4sIEkgYWNjZXB0IHlvdXIgYXBwbGljYXRpb24uCllvdXIgbmFtZSBpcy4uLnt9LCBpc24ndCBpdD8gIEkgYW0gbm90IHN1cmUgaWYgSSBwcm9ub3VuY2VkIGl0IGNvcnJlY3RseT8=,,,,,W0NhdGFyaW5hXQpNdWl0byBiZW0uIEVudMOjbywgZXUgYWNlaXRvIGEgc3VhIGluc2NyacOnw6NvLgpTZXUgbm9tZSDDqS4uLnt9LCBuw6NvIMOpPyAgRXUgbyBwcm9udW5jaWVpIGNvcnJldGFtZW50ZT8=,,W0NhdGhlcmluZV0KTXV5IGJpZW4sIGFjZXB0byB0dSBzb2xpY2l0dWQuClR1IG5vbWJyZSBlc+KApiB7fSwgwr92ZXJkYWQ/ICBObyBzw6kgc2kgbG8gcHJvbnVuY2nDqSBjb3JyZWN0YW1lbnRlLg==
HsegBg,,W0NhdGhlcmluZV0KVGhlIFdpemFyZCBqb2IgY2hhbmdlIHF1ZXN0IGlzIGRpdmlkZWQgaW50byAzIHBhcnRzLgoxc3QgcGFydCwgZ2F0aGVyaW5nIG1hZ2ljIGl0ZW1zLgoybmQgcGFydCwgYSB3cml0dGVuIHRlc3QuClRoZSBsYXN0IHBhcnQgaXMgYSBwcmFjdGljYWwgbWFnaWMgdGVzdC4=,,,,,W0NhdGFyaW5hXQpBIG1pc3PDo28gZGUgbXVkYW7Dp2EgZGUgY2xhc3NlIHBhcmEgQnJ1eG8gZXN0w6EgZGl2aWRpZGEgZW0gMyBwYXJ0ZXMuClByaW1laXJhIHBhcnRlOiByZWNvbGhlciBpdGVucyBtw6FnaWNvcy4KU2VndW5kYSBwYXJ0ZTogdW0gZXhhbWUgdGXDs3JpY28uCkEgw7psdGltYSBwYXJ0ZSDDqSB1bSBleGFtZSBwcsOhdGljbyBkZSBtYWdpYS4=,,W0NhdGhlcmluZV0KTGEgbWlzacOzbiBkZSBjYW1iaW8gZGUgY2xhc2UgYSBIZWNoaWNlcm8gc2UgZGl2aWRlIGVuIDMgcGFydGVzLgpMYSBwcmltZXJhIHBhcnRlIGVzIHJldW5pciBvYmpldG9zIG3DoWdpY29zLgpMYSBzZWd1bmRhIHBhcnRlLCB0b21hciB1bmEgcHJ1ZWJhIGVzY3JpdGEuCkxhIMO6bHRpbWEgcGFydGUgZXMgdW5hIHBydWViYSBwcsOhY3RpY2EgZGUgbWFnaWEu
H8egBg,,W0NhdGhlcmluZV0KQW1vbmcgb25lIG9mIHRoZXNlIHRlc3RzLCB3ZSBleGVtcHQgdGhvc2Ugd2hvIGFyZSBhdCBqb2IgbGV2ZWwgNTAuCkl0IGlzIGVub3VnaCB0byBwcm92ZSB0byB1cyB0aGUgZWZmb3J0IGl0IHdpbGwgdGFrZSB0byBiZWNvbWUgYSBXaXphcmQgaWYgYSBtYWdlIGhhcyBsZWFybmVkIHRoYXQgbXVjaCBhbHJlYWR5Lg==,,,,,W0NhdGFyaW5hXQpBcXVlbGVzIHF1ZSB0w6ptIG7DrXZlbCBkZSBjbGFzc2UgNTAgZXN0w6NvIGlzZW50b3MgZGUgdW0gZGVzc2VzIHRlc3Rlcy4gClNlIHVtIG1hZ28gasOhIHRlbSB0b2RhIGVzc2EgZXhwZXJpw6puY2lhLCBlbGUgc8OzIHByZWNpc2EgcHJvdmFyIHBhcmEgbsOzcyBxdWUgdGVtIGZvcsOnYSBzdWZpY2llbnRlIHBhcmEgc2UgdG9ybmFyIHVtIEJydXhvLg==,,W0NhdGhlcmluZV0KVW5hIGRlIGVzdGFzIHBydWViYXMgbGEgb21pdGltb3MgcGFyYSBxdWllbmVzIHRpZW5lbiB1biBuaXZlbCBkZSBjbGFzZSBkZSA1MC4KU2kgdW4gTWFnbyB5YSBoYSBhcHJlbmRpZG8gdGFudG8sIGVzIHN1ZmljaWVudGUgcGFyYSBkZW1vc3RyYXJub3MgcXVlIHBvZHLDoSBjb252ZXJ0aXJzZSBlbiBIZWNoaWNlcm8u
IMegBg,,W0NhdGhlcmluZV0KSG1tLCBjb21lIHRvIHRoaW5rIG9mIGl0LCB5b3UncmUgYXQgam9iIGxldmVsIDUwIT8KWW91IG11c3QgaGF2ZSB3b3JrZWQgdmVyeSBoYXJkLiAgWW91ciBnb2luZyB0byBiZWNvbWUgYSB2ZXJ5IHBvd2VyZnVsIFdpemFyZCwgSSBjYW4gZmVlbCBpdCBpbiB5b3Uu,,,,,W0NhdGFyaW5hXQpIdW1tLiBQZW5zYW5kbyBtZWxob3IsIHZvY8OqIHRlbSBvIG7DrXZlbCBkZSBjbGFzc2UgNTAhPwpEZXZlIHRlciBzZSBlc2ZvcsOnYWRvIGJhc3RhbnRlLiAgVm9jw6ogdmFpIHNlIHRvcm5hciB1bSBCcnV4byBtdWl0byBwb2Rlcm9zbywgcG9zc28gc2VudGlyLg==,,W0NhdGhlcmluZV0KTW1tLCBhaG9yYSBxdWUgbG8gcGllbnNvLCDCocK/dHUgbml2ZWwgZGUgY2xhc2UgZXMgZGUgNTA/IQpEZWJlcyBkZSBoYWJlciB0cmFiYWphZG8gbXVjaG8uICBWYXMgYSBlc3RhciBlbnRyZSBsb3MgSGVjaGljZXJvcyBtw6FzIHBvZGVyb3NvcywgcHVlZG8gcHJlc2VudGlybG8u
IcegBg,,W0NhdGhlcmluZV0KT2suICBZb3UgYWxyZWFkeSBwYXNzZWQgdGhlIDFzdCB0ZXN0IHRoZW4uCkRvbid0IGdldCB0b28gbGFpZCBiYWNrIHRob3VnaCwgdGhlcmUgYXJlIHN0aWxsIDIgbW9yZSB0ZXN0cyBsZWZ0Lg==,,,,,W0NhdGFyaW5hXQpPay4gIEVudMOjbywgdm9jw6ogasOhIHBhc3NvdSBubyBwcmltZWlybyB0ZXN0ZS4KTWFzIG7Do28gZmlxdWUgbXVpdG8gc29zc2VnYWRvLiBIw6EgbWFpcyAyIHRlc3RlcyBhaW5kYS4=,,W0NhdGhlcmluZV0KRGUgYWN1ZXJkby4gIFlhIHBhc2FzdGUgbGEgcHJpbWVyYSBwcnVlYmEuClBlcm8gbm8gdGUgcmVsYWplcyBkZW1hc2lhZG8sIGHDum4gcXVlZGFuIGRvcyBwcnVlYmFzIG3DoXMu
IsegBg,,W0NhdGhlcmluZV0KR28gdGFsayB0byB0aGUgbWFuIGluIHRoZSBjb3JuZXIgYW5kIGhlIHdpbGwgZ2l2ZSB5b3UgdGhlIHJlbWFpbmluZyBleGFtcy4KQmUgY2FyZWZ1bC4gIFdlIGhhdmUgbG9zdCBtYW55IE1hZ2VzIGR1ZSB0byB0aGUgZGlmZmljdWx0eSBvZiB0aGUgZXhhbXMu,,,,,W0NhdGFyaW5hXQpWw6EgZmFsYXIgY29tIGFxdWVsZSBob21lbSBhbGkgbm8gY2FudG8uIEVsZSBsaGUgZGFyw6Egb3MgZXhhbWVzIHJlc3RhbnRlcy4KVGVuaGEgY3VpZGFkby4gIFBlcmRlbW9zIG11aXRvcyBNYWdvcyBwb3IgY2F1c2EgZGEgZGlmaWN1bGRhZGUgZG9zIGV4YW1lcy4=,,W0NhdGhlcmluZV0KVmUgYSBoYWJsYXIgY29uIGVzZSBob21icmUgZGVsIHJpbmPDs24sIMOpbCB0ZSBkYXLDoSBsYXMgZGVtw6FzIHBydWViYXMuClRlbiBjdWlkYWRvLiAgSGVtb3MgcGVyZGlkbyBhIG11Y2hvcyBNYWdvcyBkZWJpZG8gYSBsYSBkaWZpY3VsdGFkIGRlIGxvcyBleMOhbWVuZXMu
I8egBg,,W0NhdGhlcmluZV0KVGhlbiwgc2luY2UgSSBoYXZlIHlvdXIgYXBwbGljYXRpb24gYW5kIGV2ZXJ5dGhpbmcgZWxzZSBJIG5lZWQsIEknbGwgZ2l2ZSB5b3Ugc29tZSBpbmZvIGFib3V0IHRoZSBmaXJzdCB0ZXN0LgpZb3UgY2FuIG1lbW9yaXplIHRoaXMgb3Igd3JpdGUgaXQgZG93biwgZG9lc24ndCBtYXR0ZXIuICBCdXQgcmVtZW1iZXIgaXQgZm9yIHN1cmUu,,,,,W0NhdGFyaW5hXQpKw6EgcXVlIHRlbmhvIGEgc3VhIGluc2NyacOnw6NvIGUgdHVkbyBvIHF1ZSBwcmVjaXNvLCB2b3UgbGhlIGRhciBhbGd1bWFzIGluZm9ybWHDp8O1ZXMgc29icmUgbyBwcmltZWlybyB0ZXN0ZS4KVm9jw6ogcG9kZSBzw7Mgb3V2aXIgb3UgZmF6ZXIgYW5vdGHDp8O1ZXMsIHRhbnRvIGZhei4gIE1hcyBtZW1vcml6ZSBkaXJlaXRpbmhvLg==,,W0NhdGhlcmluZV0KRW50b25jZXMsIHlhIHF1ZSB0ZW5nbyB0dSBzb2xpY2l0dWQgeSB0b2RvIGxvIGRlbcOhcyBxdWUgbmVjZXNpdG8sIHRlIGRhcsOpIGluZm9ybWFjacOzbiBzb2JyZSBsYSBwcmltZXJhIHBydWViYS4KUHVlZGVzIG1lbW9yaXphcmxhIG8gZXNjcmliaXJsYSwgY29tbyBxdWllcmFzLiAgUGVybyBwcm9jdXJhIHJlY29yZGFybGEu
JMegBg,,W0NhdGhlcmluZV0KVGhlIGZpcnN0IHRlc3QgaXMgY29sbGVjdGluZyBtYWdpYyBpdGVtcy4KVGhlIGltcG9ydGFudCBwYXJ0IGlzIHRoYXQgeW91IG11c3QgZ2F0aGVyIHRoZXNlIGl0ZW1zIG9uIHlvdXIgb3duLg==,,,,,W0NhdGFyaW5hXQpPIHByaW1laXJvIHRlc3RlIGNvbnNpc3RlIGVtIHJlY29saGVyIGl0ZW5zIG3DoWdpY29zLgpPIGltcG9ydGFudGUgw6kgcXVlIHZvY8OqIGNvbnNpZ2EgZXNzZXMgaXRlbnMgcG9yIGNvbnRhIHByw7NwcmlhLg==,,W0NhdGhlcmluZV0KTGEgcHJpbWVyYSBwcnVlYmEgY29uc2lzdGUgZW4gcmVjb2xlY3RhciBvYmpldG9zIG3DoWdpY29zLgpMbyBpbXBvcnRhbnRlIGVzIHF1ZSBkZWJlcyByZXVuaXIgZXN0b3Mgb2JqZXRvcyBwb3IgdHUgY3VlbnRhLg==
JcegBg,,W0NhdGhlcmluZV0KVGhlIGl0ZW1zIHlvdSBtdXN0IGNvbGxlY3QgYXJlLi4u,,,,,W0NhdGFyaW5hXQpPcyBpdGVucyBxdWUgdm9jw6ogcHJlY2lzYSByZWNvbGhlciBzw6NvLi4u,,W0NhdGhlcmluZV0KTG9zIG9iamV0b3MgcXVlIGRlYmVzIHJlY29sZWN0YXIgc29u4oCm
JsegBg,,XjMzNTVGRlJlZCBHZW1zdG9uZV4wMDAwMDAgMTAgZWFjaCwKXjMzNTVGRkJsdWUgR2Vtc3RvbmVeMDAwMDAwIDEwIGVhY2gsCl4zMzU1RkZZZWxsb3cgR2Vtc3RvbmVeMDAwMDAwIDEwIGVhY2gs,,,,,MTAgXjAwMDA5OUdlbWFzIFZlcm1lbGhhc14wMDAwMDAsCjEwIF4wMDAwOTlHZW1hcyBBenVpc14wMDAwMDAsCjEwIF4wMDAwOTlHZW1hcyBBbWFyZWxhc14wMDAwMDAs,,XjI1MDJGREdlbWEgcm9qYV4wMDAwMDAgMTAgdW5pZGFkZXMuCl4yNTAyRkRHZW1hIGF6dWxeMDAwMDAwIDEwIHVuaWRhZGVzLgpeMjUwMkZER2VtYSBhbWFyaWxsYV4wMDAwMDAgMTAgdW5pZGFkZXMu
J8egBg,,XjMzNTVGRkNyeXN0YWwgQmx1ZV4wMDAwMDAgNSBlYWNoLApeMzM1NUZGR3JlZW4gTGl2ZV4wMDAwMDAgNSBlYWNoLApeMzM1NUZGUmVkIEJsb29kXjAwMDAwMCA1IGVhY2gsCl4zMzU1RkZXaW5kIG9mIFZlcmR1cmVeMDAwMDAwIDUgZWFjaCw=,,,,,NSBeMDAwMDk5Q3Jpc3RhaXMgQXp1aXNeMDAwMDAwLAo1IF4wMDAwOTlWaWRhcyBWZXJkZWphbnRlc14wMDAwMDAsCjUgXjAwMDA5OVNhbmd1ZXMgRXNjYXJsYXRlc14wMDAwMDAsCjUgXjAwMDA5OUZyZXNjb3JlcyBkbyBWZW50b14wMDAwMDAs,,XjI1MDJGREF6dWwgY3Jpc3RhbF4wMDAwMDAgNSB1bmlkYWRlcy4KXjI1MDJGRFZpZGEgdmVyZGVeMDAwMDAwIDUgdW5pZGFkZXMuCl4yNTAyRkRTYW5ncmUgcm9qYV4wMDAwMDAgNSB1bmlkYWRlcy4KXjI1MDJGRFZpZW50byBkZSB2ZXJkb3JeMDAwMDAwIDUgdW5pZGFkZXMu
KMegBg,,Li4uaXMgaXQgdG9vIGhhcmQ/ICBObywgYW55IHdvdWxkIGJlIFdpemFyZCBzaG91bGQgYmUgYWJsZSB0byBhdCBsZWFzdCBnZXQgdGhlc2UgaXRlbXMu,,,,,Li4uIHNlIHZhaSBzZXIgbXVpdG8gZGlmw61jaWw/ICBOw6NvLCBxdWFscXVlciBjYW5kaWRhdG8gYSBCcnV4byBkZXZlIHNlciBjYXBheiBkZSBjb25zZWd1aXIgcGVsbyBtZW5vcyBlc3NlcyBpdGVucy4=,,4oCmIMK/ZXMgZGVtYXNpYWRvIGRpZsOtY2lsPyAgTm8sIGN1YWxxdWllciBhc3BpcmFudGUgYSBIZWNoaWNlcm8gZGViZXLDrWEgcG9kZXIgY29uc2VndWlyIGVzdG9zIG9iamV0b3MsIGFsIG1lbm9zLg==
KcegBg,,W0NhdGhlcmluZV0KV2VsbCwgZ29vZCBsdWNrLgpJJ2xsIGJlIGhhcHBpbHkgd2FpdGluZy4gfkhlaGUu,,,,,W0NhdGFyaW5hXQpCb2Egc29ydGUuCkV1IGVzcGVyYXJlaSB2b2PDqiBkZSBib20gZ3JhZG8uIEhlaGUu,,W0NhdGhlcmluZV0KQmllbiwgYnVlbmEgc3VlcnRlLgpUZSBlc3BlcmFyw6kgYWxlZ3JlbWVudGUuIH5KZSwgamUu
KsegBg,,W0NhdGhlcmluZV0KT2gsIG9rIHRoZW4sIHRha2UgeW91ciB0aW1lLgpTaW5jZSBJJ2xsIGFsd2F5cyBiZSBoZXJlLCBhY2NlcHRpbmcgYXBwbGljYXRpb25zLi4uKnNpZ2gqLi4uYW55d2F5cyEgfkhlaGVoZWhlLg==,,,,,W0NhdGFyaW5hXQpBaCwgdHVkbyBiZW0sIG7Do28gc2UgYXByZXNzZS4KRXUgc2VtcHJlIGVzdGFyZWkgYXF1aSwgYWNlaXRhbmRvIGluc2NyacOnw7Vlcy4uLiAqc3VzcGlybyouLi4hIEhlaGVoZWhlLg==,,W0NhdGhlcmluZV0KT2gsIGVzdMOhIGJpZW4sIHTDs21hdGUgdHUgdGllbXBvLgpEZXNwdcOpcyBkZSB0b2RvLCB5byBzZWd1aXLDqSBzaWVtcHJlIGFxdcOt4oCmICpTdXNwaXJvKiDigKbCoWFjZXB0YW5kbyBzb2xpY2l0dWRlcyEgfkplLCBqZSwgamUsIGplLg==
K8egBg,,W1dpemFyZCBHdWlsZHNtYW5dCkdlZXosIHdoYXQgYSBsYW1lIHBlcnNvbi4KWW91IGhhdmUgbm8gYnVzaW5lc3MgaGVyZSwgaG9wZSB5b3UgZG9uJ3QgbWluZCwgbm93IG9mZiB5b3UgZ28h,,,,,W1dpemFyZCBHdWlsZHNtYW5dCkFmZSwgcXVlIHBlc3NvYSBib2JhLgpWb2PDqiBuw6NvIHRlbSBuYWRhIGEgdHJhdGFyIGFxdWkuIEVzcGVybyBxdWUgbsOjbyBzZSBpbXBvcnRlLCBtYXMgdsOhIGVtYm9yYSE=,,W0hlY2hpY2VyYSBkZWwgZ3JlbWlvXQpDYXJhbWJhLCBxdcOpIHBlcnNvbmEgbcOhcyBwYXTDqXRpY2EuCk5vIHRlIG9mZW5kYXMsIHBlcm8gbm8gdGllbmVzIG5hZGEgcXVlIGhhY2VyIGFxdcOtLiDCoUFob3JhIHZldGUh
LMegBg,,W0NhdGhlcmluZV0KTGV0IG1lIHNlZSwgZGlkIHlvdSBnZXQgYWxsIHRoZSBpdGVtcz8KVGhlbiBsZXQncyBjaGVjay4uLg==,,,,,W0NhdGFyaW5hXQpWZWphbW9zLCB2b2PDqiBjb25zZWd1aXUgdG9kb3Mgb3MgaXRlbnM/CkVudMOjbywgdmFtb3MgY29uZmVyaXIuLi4=,,W0NhdGhlcmluZV0KQSB2ZXIsIMK/Y29uc2VndWlzdGUgdG9kb3MgbG9zIG9iamV0b3M/ClZlYW1vc+KApg==
LcegBg,,W0NhdGhlcmluZV0KUGVyZmVjdCEgIFlvdSBnb3QgYWxsIHRoZSBpdGVtcy4gIEkgbGlrZSF+ClRoZXNlIGl0ZW1zIHdpbGwgYmUgcHV0IHRvIGdyZWF0IHVzZSBpbiBvdXIgZ3VpbGQuIH5IZWhlaGVlLg==,,,,,W0NhdGFyaW5hXQpQZXJmZWl0byEgIFZvY8OqIGNvbnNlZ3VpdSB0b2RvcyBvcyBpdGVucy4gIEdvc3RlaSEKRXNzZXMgaXRlbnMgc2Vyw6NvIG11aXRvIGJlbSB1dGlsaXphZG9zIG5hIG5vc3NhIGd1aWxkYS4gSGVoZWhlZS4=,,W0NhdGhlcmluZV0KwqFQZXJmZWN0byEgIENvbnNlZ3Vpc3RlIHRvZG9zIGxvcyBvYmpldG9zLiAgwqFRdcOpIGJpZW4hfgpFc3RvcyBvYmpldG9zIHNlcsOhbiBkZSBncmFuIHV0aWxpZGFkIHBhcmEgbnVlc3RybyBncmVtaW8uIH5KZSwgamUsIGplLg==
LsegBg,,W0NhdGhlcmluZV0KR29vZCBmb3IgeW91ISAgWW91IHBhc3NlZCB0aGUgZmlyc3QgdGVzdC4KQnV0IHRoZXJlIGFyZSBzdGlsbCB0d28gbW9yZSBsZWZ0LCBzbyBkb24ndCBnZXQgdG9vIHJlbGF4ZWQu,,,,,W0NhdGFyaW5hXQpRdWUgYm9tISAgVm9jw6ogcGFzc291IG5vIHByaW1laXJvIHRlc3RlLgpNYXMgYWluZGEgZmFsdGFtIGRvaXMsIGVudMOjbywgbsOjbyBmaXF1ZSBtdWl0byByZWxheGFkby4=,,W0NhdGhlcmluZV0KwqFGZWxpY2l0YWNpb25lcyEgIFBhc2FzdGUgbGEgcHJpbWVyYSBwcnVlYmEuClBlcm8gYcO6biBxdWVkYW4gZG9zIG3DoXMsIGFzw60gcXVlIG5vIHRlIHJlbGFqZXMgZGVtYXNpYWRvLg==
L8egBg,,W0NhdGhlcmluZV0KR28gdGFsayB0byB0aGUgZ3V5IGluIHRoZSBjb3JuZXIgZm9yIHRoZSByZXN0IG9mIHRoZSB0ZXN0cy4KSXQgbWlnaHQgYmUgYSBiaXQgaGFyZCwgc28gYmUgY2FyZWZ1bCwgSSB3b3VsZG4ndCB3YW50IHlvdSBlbmRpbmcgdXAgbGlrZSBtb3N0IG9mIHRoZSBNYWdlcyB0aGF0IGNvbWUgZm9yIHRoZXNlIGV4YW1zLi4ucG9vciBzb3VscyBpbmRlZWQsIG1heSB0aGV5IHJlc3QgaW4gcGVhY2UuIH5IZWhlaGUu,,,,,W0NhdGFyaW5hXQpWw6EgZmFsYXIgY29tIGFxdWVsZSBob21lbSBhbGkgbm8gY2FudG8gcGFyYSBmYXplciBvcyBvdXRyb3MgdGVzdGVzLgpFbGVzIHBvZGVtIHNlciBkaWbDrWNlaXMsIGVudMOjbyB0ZW5oYSBjdWlkYWRvLiBOw6NvIHF1ZXJvIHF1ZSB2b2PDqiB0ZXJtaW5lIGNvbW8gYSBtYWlvcmlhIGRvcyBNYWdvcyBxdWUgcXVlciBmYXplciBlc3NlcyBleGFtZXMuLi4gcG9icmV6aW5ob3MsIHF1ZSBkZXNjYW5zZW0gZW0gcGF6LiBIZWhlaGUu,,W0NhdGhlcmluZV0KSGFibGEgY29uIGVsIHRpcG8gZGVsIHJpbmPDs24gcGFyYSBjb25vY2VyIGxhcyBkZW3DoXMgcHJ1ZWJhcy4KRXMgdW4gcG9jbyBkaWbDrWNpbCwgYXPDrSBxdWUgdGVuIGN1aWRhZG87IG5vIHF1aWVybyBxdWUgYWNhYmVzIGNvbW8gbGEgbWF5b3LDrWEgZGUgbG9zIE1hZ29zIHF1ZSBoYWNlbiBlc3RhcyBwcnVlYmFz4oCmIHBvYnJlcyBhbG1hcywgZW4gdmVyZGFkLCBxdWUgZW4gcGF6IGRlc2NhbnNlbi4gfkplLCBqZSwgamUu
MMegBg,,W0NhdGhlcmluZV0KSGV5LCB3aGF0J3MgdGhpcz8gIFVtbS4uLkkgZG9uJ3QgdGhpbmsgeW91IGhhdmUgZXZlcnl0aGluZyB5ZXQh,,,,,W0NhdGFyaW5hXQpFaSwgbyBxdWUgw6kgaXNzbz8gICBIdW1tLi4uIGFjaG8gcXVlIHZvY8OqIGFpbmRhIG7Do28gdGVtIHR1ZG8h,,W0NhdGhlcmluZV0KRWgsIMK/cXXDqSBlcyBlc3RvPyAgVW1t4oCmIMKhTm8gcGFyZWNlIHF1ZSB0dXZpZXJhcyB0b2RvIQ==
McegBg,,W0NhdGhlcmluZV0KSXQgbWlnaHQndmUgYmVlbiB0b3VnaCBjb21pbmcgYWxsIHRoZSB3YXkgdXAgaGVyZSwgd2hhdCB3aXRoIHRoaXMgYWx0aXR1ZGUgYW5kIGFsbCwgYnV0IGdvIGJhY2sgYW5kIGNvbGxlY3QgdGhlIGl0ZW1zLgpMaWZlJ3Mgc2hvcnQgZW5vdWdoIGFzIGl0IGlzLCBzbyBzdG9wIHdhc3RpbmcgeW91ciB0aW1lIGFuZCBnYXRoZXIgdGhlIGl0ZW1zIEkgdG9sZCB5b3UgYmVmb3JlLg==,,,,,W0NhdGFyaW5hXQpEZXZlIHRlciBzaWRvIGRpZsOtY2lsIHZpciBhdMOpIGFxdWksIHBvciBjYXVzYSBkYSBhbHRpdHVkZSBlIHRhbCwgbWFzIHZvbHRlIGUgcmVjb2xoYSBvcyBpdGVucy4KQSB2aWRhIMOpIGN1cnRhLiBQb3IgaXNzbywgcGFyZSBkZSBkZXNwZXJkacOnYXIgc2V1IHRlbXBvIGUgcmVjb2xoYSBvcyBpdGVucyBxdWUgZXUgcGVkaS4=,,W0NhdGhlcmluZV0KUHVlZGUgcXVlIGhheWEgc2lkbyBkaWbDrWNpbCBsbGVnYXIgaGFzdGEgYXF1w60sIGNvbiBsYSBhbHRpdHVkIHkgdG9kbywgcGVybyB2ZXRlIGEgcmVjb2xlY3RhciBsb3Mgb2JqZXRvcy4KTGEgdmlkYSB5YSBlcyBjb3J0YSBkZSBwb3Igc8OtLCBhc8OtIHF1ZSBkZWphIGRlIHBlcmRlciBlbCB0aWVtcG8geSByZWNvbGVjdGEgbG9zIG9iamV0b3MgcXVlIHRlIGRpamUgYW50ZXMu
MsegBg,,W0NhdGhlcmluZV0KXjMzNTVGRlJlZCBHZW1zdG9uZV4wMDAwMDAgMTAgZWFjaCwKXjMzNTVGRkJsdWUgR2Vtc3RvbmVeMDAwMDAwIDEwIGVhY2gsCl4zMzU1RkZZZWxsb3cgR2Vtc3RvbmVeMDAwMDAwIDEwIGVhY2gsCkRvbid0IGZvcmdldCB0aGlzIHRpbWUsIGFuZCBicmluZyBhbGwgdGhlIGl0ZW1zLCBvaz8uLi4=,,,,,W0NhdGFyaW5hXQoxMCBeMDAwMDk5R2VtYXMgVmVybWVsaGFzXjAwMDAwMCwKMTAgXjAwMDA5OUdlbWFzIEF6dWlzXjAwMDAwMCwKMTAgXjAwMDA5OUdlbWFzIEFtYXJlbGFzXjAwMDAwMCwKTsOjbyBzZSBlc3F1ZcOnYSBkZXNzYSB2ZXogZSB0cmFnYSB0b2RvcyBvcyBpdGVucywgb2suLi4/,,W0NhdGhlcmluZV0KXjI1MDJGREdlbWEgcm9qYTpeMDAwMDAwIDEwIHVuaWRhZGVzLgpeMjUwMkZER2VtYSBhenVsOl4wMDAwMDAgMTAgdW5pZGFkZXMuCl4yNTAyRkRHZW1hIGFtYXJpbGxhOl4wMDAwMDAgMTAgdW5pZGFkZXMuCk5vIGxvIG9sdmlkZXMgZXN0YSB2ZXogeSB0cmFlIHRvZG9zIGxvcyBvYmpldG9zLCDCv2RlIGFjdWVyZG8/4oCm
M8egBg,,W0NhdGhlcmluZV0KRGlkIHlvdSBnZXQgYWxsIHRoZSBpdGVtcz8KTGV0J3Mgc2VlLi4uICBEbyB5b3UgaGF2ZSB0aGUgcmlnaHQgb25lcz8uLi4=,,,,,W0NhdGFyaW5hXQpWb2PDqiBjb25zZWd1aXUgdG9kb3Mgb3MgaXRlbnM/ClZlamFtb3MuLi4gIFZvY8OqIHRlbSBvcyBpdGVucyBjb3JyZXRvcy4uLj8=,,W0NhdGhlcmluZV0Kwr9Db25zZWd1aXN0ZSB0b2RvcyBsb3Mgb2JqZXRvcz8KVmVhbW9z4oCmICDCv0VzdMOhIHRvZG8gY29ycmVjdG8/4oCm
NMegBg,,W0NhdGhlcmluZV0KUGVyZmVjdCEgIEdvb2Qgam9iLi4uSSdtIHNhdGlzZmllZCEgfkhlaGUKT3VyIGd1aWxkIGdyZWF0bHkgYXBwcmVjaWF0ZXMgdGhlc2UgaXRlbXMgYW5kIHdpbGwgdXNlIHRoZW0gd2lzZWx5Lg==,,,,,W0NhdGFyaW5hXQpQZXJmZWl0byEgIE11aXRvIGJlbS4uLiBlc3RvdSBzYXRpc2ZlaXRhISBIZWhlLgpBIG5vc3NhIGd1aWxkYSBhZ3JhZGVjZSBtdWl0byBlIHVzYXLDoSBlc3NlcyBpdGVucyBjb20gc2FiZWRvcmlhLg==,,W0NhdGhlcmluZV0KwqFQZXJmZWN0byEgIEJ1ZW4gdHJhYmFqb+KApiDCoUVzdG95IGNvbmZvcm1lISB+SmEsIGphCk51ZXN0cm8gZ3JlbWlvIGFncmFkZWNlIGVub3JtZW1lbnRlIGVzdG9zIG9iamV0b3MgeSBsb3MgdXNhcsOhIGNvbiBncmFuIHNhYmlkdXLDrWEu
NcegBg,,W0NhdGhlcmluZV0KR29vZC4gIFlvdSd2ZSBwYXNzZWQgdGhlIGZpcnN0IHRlc3Qgbm93LgpCdXQgeW91IHN0aWxsIGhhdmUgdHdvIG1vcmUgdGVzdHMgdG8gZ28sIHNvIGRvbid0IGdldCB0b28gbGFpZCBiYWNrLCBiZWNhdXNlIGl0IG9ubHkgZ2V0cyBoYXJkZXIgZnJvbSBoZXJlLiB+SGVoZWhl,,,,,W0NhdGFyaW5hXQogw5N0aW1vLiAgVm9jw6ogYWNhYm91IGRlIHBhc3NhciBubyBwcmltZWlybyB0ZXN0ZS4KTWFzIGFpbmRhIGZhbHRhbSBkb2lzLiBQb3IgaXNzbywgbsOjbyBmaXF1ZSBtdWl0byBzb3NzZWdhZG8uIFPDsyB2YWkgZmljYXIgbWFpcyBkaWbDrWNpbC4gSGVoZWhlLg==,,W0NhdGhlcmluZV0KQmllbi4gIFlhIHBhc2FzdGUgbGEgcHJpbWVyYSBwcnVlYmEuClBlcm8gcXVlZGFuIGRvcyBwcnVlYmFzIG3DoXMsIGFzw60gcXVlIG5vIHRlIHJlbGFqZXMsIHBvcnF1ZSwgYSBwYXJ0aXIgZGUgYWhvcmEsIHNlIHBvbmUgbcOhcyBkaWbDrWNpbC4gIEplLCBqZSwgamUu
NsegBg,,W0NhdGhlcmluZV0KR28gdGFsayB0byB0aGF0IGd1eSBpbiB0aGUgY29ybmVyIHRvIHRha2UgdGhlIHJlc3Qgb2YgdGhlIHRlc3RzLgpJdCBtaWdodCBiZSBhIGJpdCBoYXJkLCBzbyBiZSBjYXJlZnVsLCBJIHdvdWxkbid0IHdhbnQgeW91IGVuZGluZyB1cCBsaWtlIG1vc3Qgb2YgdGhlIE1hZ2VzIHRoYXQgY29tZSBmb3IgdGhlc2UgZXhhbXMuLi5wb29yIHNvdWxzIGluZGVlZCwgbWF5IHRoZXkgcmVzdCBpbiBwZWFjZS4gfkhlaGVoZS4=,,,,,W0NhdGFyaW5hXQpWw6EgZmFsYXIgY29tIGFxdWVsZSBob21lbSBhbGkgbm8gY2FudG8gcGFyYSBmYXplciBvcyBvdXRyb3MgdGVzdGVzLgpFbGVzIHBvZGVtIHNlciBkaWbDrWNlaXMsIGVudMOjbyB0ZW5oYSBjdWlkYWRvLiBOw6NvIHF1ZXJvIHF1ZSB2b2PDqiB0ZXJtaW5lIGNvbW8gYSBtYWlvcmlhIGRvcyBNYWdvcyBxdWUgcXVlciBmYXplciBlc3NlcyBleGFtZXMuLi4gcG9icmV6aW5ob3MsIHF1ZSBkZXNjYW5zZW0gZW0gcGF6LiBIZWhlaGUu,,W0NhdGhlcmluZV0KVmUgYSBoYWJsYXIgY29uIGVsIHRpcG8gZGVsIHJpbmPDs24gcGFyYSBoYWNlciBlbCByZXN0byBkZSBsYXMgcHJ1ZWJhcy4KRXMgdW4gcG9jbyBkaWbDrWNpbCwgYXPDrSBxdWUgdGVuIGN1aWRhZG87IG5vIHF1aWVybyBxdWUgYWNhYmVzIGNvbW8gbGEgbWF5b3LDrWEgZGUgbG9zIE1hZ29zIHF1ZSBoYWNlbiBlc3RhcyBwcnVlYmFz4oCmIHBvYnJlcyBhbG1hcywgZW4gdmVyZGFkLCBxdWUgZW4gcGF6IGRlc2NhbnNlbi4gfkplLCBqZSwgamUu
N8egBg,,W0NhdGhlcmluZV0KRWgsIHdoYXQncyB0aGlzPyAgSSBkb24ndCB0aGluayB5b3UgaGF2ZSBldmVyeXRoaW5nPw==,,,,,W0NhdGFyaW5hXQpFciwgbyBxdWUgw6kgaXNzbz8gIEFjaG8gcXVlIHZvY8OqIG7Do28gdGVtIHR1ZG8u,,W0NhdGhlcmluZV0KRWgsIMK/cXXDqSBlcyBlc3RvPyAgwr9TZWd1cm8gcXVlIHRpZW5lcyB0b2RvPw==
OMegBg,,W0NhdGhlcmluZV0KSSByZWdyZXQgdGhhdCB5b3UgaGFkIHRvIGdvIHRocm91Z2ggdGhlIHRyb3VibGUgb2YgY29taW5nIGFsbCB0aGUgd2F5IHVwIGhlcmUsIGJ1dCBnbyBnZXQgdGhlIHJpZ2h0IGl0ZW1zIGFnYWluLgpTdG9wIHdhc3RpbmcgeW91ciB0aW1lIGFuZCBnZXQgdGhlIGl0ZW1zIEkgaW5pdGlhbGx5IHJlcXVlc3RlZC4gIEZvciBnb29kbmVzcyBzYWtlcy4uLlRoaXMgaXMgdGhlIGVhc2llc3QgcGFydCBvZiB0aGUgZXhhbS4=,,,,,W0NhdGFyaW5hXQpTaW50byBtdWl0byBxdWUgdm9jw6ogdGVuaGEgdGlkbyB0b2RvIG8gdHJhYmFsaG8gZGUgc3ViaXIgYXTDqSBhcXVpLCBtYXMgdsOhIGJ1c2NhciBvcyBpdGVucyBjb3JyZXRvcy4KUGFyZSBkZSBkZXNwZXJkacOnYXIgc2V1IHRlbXBvIGUgY29uc2lnYSBvcyBpdGVucyBxdWUgZXUgcGVkaS4gIEZhbGEgc8OpcmlvLi4uIGVzc2Egw6kgYSBwYXJ0ZSBtYWlzIGbDoWNpbCBkbyBleGFtZS4=,,W0NhdGhlcmluZV0KTGFtZW50byBxdWUgdGUgaGF5YXMgdG9tYWRvIGxhIG1vbGVzdGlhIGRlIHZlbmlyIGhhc3RhIGFxdcOtLCBwZXJvIHZ1ZWx2ZSBhIGJ1c2NhciBsb3Mgb2JqZXRvcyBhZGVjdWFkb3MuCkRlamEgZGUgcGVyZGVyIGVsIHRpZW1wbyB5IGNvbnNpZ3VlIGxvcyBvYmpldG9zIHF1ZSB0ZSBwZWTDrS4gIFBvciB0b2RvcyBsb3MgY2llbG9z4oCmIEVzdGEgZXMgbGEgcGFydGUgbcOhcyBmw6FjaWwgZGUgbGEgcHJ1ZWJhLg==
OcegBg,,W0NhdGhlcmluZV0KXjMzNTVGRkNyeXN0c2FsIEJsdWVeMDAwMDAwIDUgZWFjaCwKXjMzNTVGRkdyZWVuIExpdmVeMDAwMDAwIDUgZWFjaCwKXjMzNTVGRlJlZCBCbG9vZF4wMDAwMDAgNSBlYWNoLApeMzM1NUZGV2luZCBvZiBWZXJkdXJlXjAwMDAwMCA1IGVhY2gsCkRvbid0IGZvcmdldCB0aGVtIHRoaXMgdGltZSBhbmQgZ2F0aGVyIHRoZSBjb3JyZWN0IG9uZXMsIG9rPyAgU2VlIHlvdSBzb29uLi4u,,,,,W0NhdGFyaW5hXQo1IF4wMDAwOTlDcmlzdGFpcyBBenVpc14wMDAwMDAsCjUgXjAwMDA5OVZpZGFzIFZlcmRlamFudGVzXjAwMDAwMCwKNSBeMDAwMDk5U2FuZ3VlcyBFc2NhcmxhdGVzXjAwMDAwMCwKNSBeMDAwMDk5RnJlc2NvcmVzIGRvIFZlbnRvXjAwMDAwMC4KTsOjbyBvcyBlc3F1ZcOnYSBkZXNzYSB2ZXogZSByZWNvbGhhIG9zIGl0ZW5zIGNvcnJldG9zLCBvaz8gIEF0w6kgbG9nby4uLg==,,W0NhdGhlcmluZV0KXjI1MDJGREF6dWwgY3Jpc3RhbF4wMDAwMDAgNSB1bmlkYWRlcy4KXjI1MDJGRFZpZGEgdmVyZGVeMDAwMDAwIDUgdW5pZGFkZXMuCl4yNTAyRkRTYW5ncmUgcm9qYV4wMDAwMDAgNSB1bmlkYWRlcy4KXjI1MDJGRFZpZW50byBkZSB2ZXJkb3JeMDAwMDAwIDUgdW5pZGFkZXMuCk5vIGxvcyBvbHZpZGVzIGVzdGEgdmV6IHkgY29uc2lndWUgbG9zIGNvcnJlY3Rvcywgwr9kZSBhY3VlcmRvPyAgSGFzdGEgcHJvbnRv4oCm
OsegBg,,W0NhdGhlcmluZV0KV2hhdCBpcyBpdD8gIFlvdSBkaWRuJ3QgZ28gdGFsayB0byB0aGUgZ3V5IGluIHRoZSBjb3JuZXI/CllvdSBjYW4ndCBiZWNvbWUgYSBXaXphcmQgYnkganVzdCBicmluaW5nIHRoZSBpdGVtcyBJIHJlcXVlc3RlZCwgbm8gbm8sIHRoYXQganVzdCB3b250IGRvLi4u,,,,,W0NhdGFyaW5hXQpPIHF1ZSDDqT8gIFZvY8OqIG7Do28gZm9pIGZhbGFyIGNvbSBvIGhvbWVtIG5vIGNhbnRvPwpWb2PDqiBuw6NvIHBvZGUgc2UgdG9ybmFyIHVtIEJydXhvIHPDsyBwb3JxdWUgdHJvdXhlIG9zIGl0ZW5zIHF1ZSBldSBwZWRpLiBOw6NvLCBuw6NvLiBOw6NvIHZhaSBkYXIuLi4=,,W0NhdGhlcmluZV0Kwr9RdcOpIHN1Y2VkZT8gIMK/Tm8gZnVpc3RlIGEgaGFibGFyIGNvbiBlbCB0aXBvIGRlbCByaW5jw7NuPwpQYXJhIHVuaXJ0ZSBhIGxvcyBIZWNoaWNlcm9zLCBubyBhbGNhbnphIGNvbiB0cmFlciBsb3Mgb2JqZXRvcyBxdWUgdGUgcGVkw60sIG5vLCBubywgZXNvIHNvbG8gbm8gZXMgc3VmaWNpZW50ZeKApg==
O8egBg,,W0NhdGhlcmluZV0KWW91IGNhbiBvbmx5IHByb3ZlIHlvdXJzZWxmIFdpemFyZCBtYXRlcmlhbCBhZnRlciB5b3UgdGFrZSB0aGUgdHdvIHJlbWFpbmluZyB0ZXN0cy4KSSdsbCBiZSB3YWl0aW5nLCBzbyBnbyBub3cu,,,,,W0NhdGFyaW5hXQpWb2PDqiBzZSBwcm92YXLDoSB1bSBCcnV4byBzb21lbnRlIHNlIGZpemVyIG9zIGRvaXMgdGVzdGVzIHJlc3RhbnRlcy4KRXN0YXJlaSBlc3BlcmFuZG8uIFBvZGUgaXIu,,W0NhdGhlcmluZV0KUG9kcsOhcyBkZW1vc3RyYXIgcXVlIHRpZW5lcyBsbyBuZWNlc2FyaW8gcGFyYSB1bmlydGUgYSBsb3MgSGVjaGljZXJvcyBjdWFuZG8gcGFzZXMgbGFzIG90cmFzIGRvcyBwcnVlYmFzLgpFc3RhcsOpIGVzcGVyYW5kbywgYXPDrSBxdWUgdmV0ZSB5YS4=
PMegBg,,W0NhdGhlcmluZV0KKnNpZ2gqLi4uUG9vciB0aGluZywgd2hhdCBhIHBpdHkuCkhvdyBjYW4geW91IHRoaW5rIG9mIHRyeWluZyB0byBiZWNvbWUgYSBXaXphcmQgd2hlbiB5b3UgY2FuJ3QgZXZlbiBhbnN3ZXIgdGhvc2Ugc2ltcGxlIHF1ZXN0aW9ucz8=,,,,,W0NhdGFyaW5hXQoqc3VzcGlybyouLi4gUG9icmV6aW5obywgcXVlIHBlbmEuCkNvbW8gdm9jw6ogcG9kZSBzZXF1ZXIgcGVuc2FyIGVtIHNlIHRvcm5hciB1bSBCcnV4byBzZSBuw6NvIGNvbnNlZ3VlIG5lbSByZXNwb25kZXIgZXNzYXMgcGVyZ3VudGFzIHNpbXBsZXM/,,W0NhdGhlcmluZV0KKlN1c3Bpcm8qIOKAplBvYnJlLCBxdcOpIHBlbmEuCsK/Q8OzbW8gc2UgdGUgb2N1cnJlIGludGVudGFyIHVuaXJ0ZSBhIGxvcyBIZWNoaWNlcm9zIHNpIG5pIHNpcXVpZXJhIHB1ZWRlcyByZXNwb25kZXIgZXNhcyBzZW5jaWxsYXMgcHJlZ3VudGFzPw==
PcegBg,,W0NhdGhlcmluZV0KTGV0J3Mgc2VlLi4uICBTaG91bGQgSSBnaXZlIHlvdSBzb21lIGhpbnRzIGFzIHlvdXIgc2VuaW9yPwpCdXQgSSdtIGEgYml0IHRoaXJzdHksIHNvIGdpdmUgbWUgMSBBcHBsZSBKdWljZSwgYW5kIHdlIGdvdCBhIGRlYWwuIH5IZWhlaGU=,,,,,W0NhdGFyaW5hXQpWZWphbW9zLi4uICBKw6EgcXVlIHNvdSBtYWlzIGV4cGVyaWVudGUsIHBvc3NvIGxoZSBkYXIgYWxndW1hcyBkaWNhcz8KRXN0b3UgY29tIHNlZGUuIE1lIGTDqiAxIFN1Y28gZGUgTWHDp8OjIGUgdGVtb3MgdW0gYWNvcmRvLiAgSGVoZWhl,,W0NhdGhlcmluZV0KVmVhbW9z4oCmICDCv0RlYmVyw61hIGRhcnRlIGFsZ3VuYXMgcGlzdGFzIHlhIHF1ZSBzb3kgc8Opbmlvcj8KUGVybyB0ZW5nbyB1biBwb2NvIGRlIHNlZCwgYXPDrSBxdWUgZGFtZSAxIEp1Z28gZGUgbWFuemFuYSB5IHRyYXRvIGhlY2hvLiBKZSwgamUsIGpl
PsegBg,,R2l2ZSBtZSBzb21lIGhpbnRzLCBwbGVhc2Uu,,,,,TWUgZMOqIGFzIGRpY2FzLCBwb3IgZmF2b3Iu,,RGFtZSBhbGd1bmFzIHBpc3RhcywgcG9yIGZhdm9yLg==
P8egBg,,SSB3YW50IHRvIHRyeSBhZ2FpbiBvbiBteSBvd24h,,,,,UXVlcm8gdGVudGFyIGRlIG5vdm8gc296aW5obyE=,,wqFRdWllcm8gdm9sdmVyIGEgaW50ZW50YXJsbyBwb3IgbWkgY3VlbnRhIQ==
QMegBg,,W0NhdGhlcmluZV0KWXVtbWVycywgQXBwbGUgSnVpY2UgaXMgdGhlIGJlc3QuLi4KR3VscCBndWxwIGd1bHAuLi4gIEhhYWFhYWFoLi4uIH5IZWhl,,,,,W0NhdGFyaW5hXQpIdW1tbSwgYWRvcm8gU3VjbyBkZSBNYcOnw6MuLi4KR2x1cCwgZ2x1cCwgZ2x1cC4uLiAgQWFhYWFhaC4uLiBIZWhlLg==,,W0NhdGhlcmluZV0KUXXDqSByaWNvLCBlbCBKdWdvIGRlIG1hbnphbmEgZXMgbG8gbWVqb3LigKYKR2x1LCBnbHUsIGdsdeKApiAgQWFhYWFhYWjigKYgSmUsIGplLg==
QcegBg,,W0NhdGhlcmluZV0KV2VsbCB0aGVuLCBJJ2xsIGdpdmUgeW91IGEgaGludCBmb3IgdGhlIHNlY29uZCB0ZXN0Lg==,,,,,W0NhdGFyaW5hXQpNdWl0byBiZW0uIFZvdSBsaGUgZGFyIHVtYSBkaWNhIHBhcmEgbyBzZWd1bmRvIHRlc3RlLg==,,W0NhdGhlcmluZV0KRXN0w6EgYmllbiwgdGUgZGFyw6kgdW5hIHBpc3RhIHBhcmEgbGEgc2VndW5kYSBwcnVlYmEu
QsegBg,,W0NhdGhlcmluZV0KSGUgYXNrcyB0aHJlZSB0eXBlcyBvZiBxdWVzdGlvbnMuClF1ZXN0aW9ucyBhYm91dCBNYWdpYywgTW9uc3RlcnMuLi4KYW5kIE1hZ2ljaWFucy4uLmFsc28ga25vd24gYXMgTWFnZXMu,,,,,W0NhdGFyaW5hXQpFbGUgZmFyw6EgdHLDqnMgdGlwb3MgZGUgcGVyZ3VudGFzLgpQZXJndW50YXMgc29icmUgTWFnaWEsIE1vbnN0cm9zLi4uCmUgTWFnb3MuLi4g,,W0NhdGhlcmluZV0KVGUgaGFyw6EgdHJlcyB0aXBvcyBkZSBwcmVndW50YXMuClByZWd1bnRhcyBzb2JyZSBtYWdpYSwgbW9uc3RydW9z4oCmCmUgaWx1c2lvbmlzdGFz4oCmIHRhbWJpw6luIGNvbm9jaWRvcyBjb21vIE1hZ29zLg==
Q8egBg,,W0NhdGhlcmluZV0KSXQncyB1cCB0byBoaW0gdG8gZGVjaWRlIHdoaWNoIHF1ZXN0aW9ucyB0byBhc2suCipzaWdoKi4uLkhlJ2QgbG9vayBtdWNoIGJldHRlciBpZiBoZSBjdXQgaGlzIGhhaXIgYW5kIHNoYXZlZC4uLgpIZSBhbHdheXMgbG9va3Mgc28gZ3J1bmd5IGJlY2F1c2UgaGUgZG9lc24ndCB0YWtlIGNhcmUgb2YgaGltc2VsZi4uLipzaWdoKi4uLnBpdHksIGhlIGNvdWxkIGJlIGEgcmVndWxhciBsYWR5IGtpbGxlci4gfnRlaGVoZWhl,,,,,W0NhdGFyaW5hXQogw4kgZWxlIHF1ZW0gZGVjaWRlIHF1YWlzIHBlcmd1bnRhcyBzZXLDo28gZmVpdGFzLgoqc3VzcGlybyouLi4gRWxlIGZpY2FyaWEgYmVtIG1haXMgYm9uaXRvIHNlIGNvcnRhc3NlIG8gY2FiZWxvIGUgZml6ZXNzZSBhIGJhcmJhLi4uClNlbXByZSBwYXJlY2UgbWFsdHJhcGlsaG8gcG9ycXVlIG7Do28gc2UgY3VpZGEuLi4gKnN1c3Bpcm8qLi4uIMOpIHVtYSBwZW5hLiBFbGUgZmFyaWEgc3VjZXNzbyBlbnRyZSBhcyBtdWxoZXJlcy4gSGVoZWhlaGUu,,W0NhdGhlcmluZV0Kw4lsIGRlY2lkZSBxdcOpIHByZWd1bnRhcyBoYWNlci4KKlN1c3Bpcm8q4oCmIFNlcsOtYSBtdWNobyBtw6FzIGF0cmFjdGl2byBzaSBzZSBjb3J0YXJhIGVsIHBlbG8geSBzZSBhZmVpdGFyYeKApgpTaWVtcHJlIGx1Y2UgY29tbyBzdWNpbyBwb3JxdWUgbm8gY3VpZGEgc3UgYXBhcmllbmNpYeKApiAqU3VzcGlybyog4oCmbMOhc3RpbWEsIHBvZHLDrWEgc2VyIHVuIGNvbnF1aXN0YWRvciBzaSBzZSBsbyBwcm9wdXNpZXJhLiB+SmksIGppLCBqaSwgamk=
RMegBg,,W0NhdGhlcmluZV0KQW55d2F5cywgYXMgZm9yIHRoZSBxdWVzdGlvbnMgYWJvdXQgbWFnaWMuLi4KVGhleSdyZSB1c3VhbGx5IGFib3V0IHRoZSBzcGVsbHMgeW91J3ZlIGxlYXJuZWQu,,,,,W0NhdGFyaW5hXQpCb20sIHF1YW50byDDoHMgcGVyZ3VudGFzIHNvYnJlIG1hZ2lhLi4uCkVsYXMgY29zdHVtYW0gc2VyIHNvYnJlIG9zIGZlaXRpw6dvcyBxdWUgdm9jw6ogYXByZW5kZXUu,,W0NhdGhlcmluZV0KRW4gZmluLCBlbiBjdWFudG8gYSBsYXMgcHJlZ3VudGFzIHNvYnJlIGxhIG1hZ2lh4oCmClN1ZWxlbiBzZXIgc29icmUgbG9zIGhlY2hpem9zIHF1ZSBoYXMgYXByZW5kaWRvLg==
RcegBg,,W0NhdGhlcmluZV0KSWYgaXQncyBzb21ldGhpbmcgeW91IGhhdmVuJ3QgbGVhcm5lZCBvciBoYXZlbid0IGV4cGVyaWVuY2VkLCBvciBhbnl0aGluZyBsaWtlIHRoYXQuLi4KSSBoZWFyZCB0aGVyZSdzIGEgbmljZSBwbGFjZSB5b3UgY2FuIHJlZmVyIHRvIHRoYXQncyB2ZXJ5IHdlbGwgb3JnYW5pemVkLg==,,,,,W0NhdGFyaW5hXQpTZSBmb3IgYWxnbyBxdWUgdm9jw6ogYWluZGEgbsOjbyBhcHJlbmRldSBvdSBuw6NvIGV4cGVyaW1lbnRvdSwgb3UgYWxnbyBwYXJlY2lkby4uLgpPdXZpIGZhbGFyIHF1ZSBow6EgdW0gbHVnYXIgbXVpdG8gYmVtIG9yZ2FuaXphZG8gcXVlIHZvY8OqIHBvZGUgY29uc3VsdGFyLg==,,W0NhdGhlcmluZV0KU2kgZXMgYWxnbyBxdWUgYcO6biBubyBhcHJlbmRpc3RlIG5pIGV4cGVyaW1lbnRhc3RlIG5pIG5hZGHigKYKRGljZW4gcXVlIGhheSB1biBzaXRpbyBhbCBxdWUgcHVlZGVzIGlyIHF1ZSBlc3TDoSBtdXkgYmllbiBvcmdhbml6YWRvLg==
RsegBg,,W0NhdGhlcmluZV0KWW91IGp1c3QgaGF2ZSB0byBjYXN0IHRoZSBzcGVsbCwgeW91IGtub3cuLi50aGUgb25lIHRoYXQgbG9va3MgbGlrZSBhIGJpZyBib2xkICplKiBzeW1ib2wuClRoZSBtYWdpYyB3b3JkcyBhcmUuLi4gaXJvLnJhZ25hcm9rb25saW5lLmNvbSB+T3Igc28gdGhleSBzYXkhClN0cmFuZ2Ugc3BlbGwsIGRvbid0IHlvdSB0aGluaz8gIEkgZG9uJ3Qga25vdyBob3cgdG8gbWFrZSBpdCB3b3JrIG15c2VsZi4=,,,,,W0NhdGFyaW5hXQpWb2PDqiBzw7MgdGVtIHF1ZSBsYW7Dp2FyIG8gZmVpdGnDp28uLi4gYXF1ZWxlIHF1ZSBzZSBwYXJlY2UgY29tIHVtYSBncmFuZGUgbGV0cmEgKkUqIGVtIG5lZ3JpdG8uCkFzIHBhbGF2cmFzIG3DoWdpY2FzIHPDo28uLi4gcm8uZ25qb3lsYXRhbS5jb20uIFBlbG8gbWVub3Mgw6kgbyBxdWUgZGl6ZW0hCkZlaXRpw6dvIGVzdHJhbmhvLCBuw6NvIGFjaGE/ICBOZW0gZXUgc2VpIGNvbW8gZmF6ZXIgaXNzbyBmdW5jaW9uYXIu,,W0NhdGhlcmluZV0KU29sbyB0aWVuZXMgcXVlIGxhbnphciBlc2UgaGVjaGl6bywgeWEgc2FiZXPigKYgZWwgcXVlIHBhcmVjZSB1biBncmFuIHPDrW1ib2xvICplKiBlbiBuZWdyaXRhLgpMYXMgcGFsYWJyYXMgbcOhZ2ljYXMgc29u4oCmIHJvLmduam95bGF0YW0uY29tIH7CoU8gZXNvIGRpY2VuIQpFcyB1biBoZWNoaXpvIGV4dHJhw7FvLCDCv25vIGNyZWVzPyAgTmkgeW8gc8OpIGPDs21vIGhhY2VybG8gZnVuY2lvbmFyLg==
R8egBg,,W0NhdGhlcmluZV0KQW5kIGFib3V0IHRoZSBtb25zdGVyIHF1ZXN0aW9ucy4KRmlnaHRpbmcgdGhlbSB5b3Vyc2VsZiBhbmQgbGVhcm5pbmcgaXMgdGhlIGJlc3Qgd2F5IHRvIGdvIGFib3V0IHRoYXQu,,,,,W0NhdGFyaW5hXQpBZ29yYSwgYXMgcGVyZ3VudGFzIHNvYnJlIG9zIG1vbnN0cm9zLgpMdXRhciBzb3ppbmhvIGNvbnRyYSBlbGVzIGUgYXByZW5kZXIgbyBxdWUgcHVkZXIgc8OjbyBhcyBkdWFzIG1lbGhvcmVzIG1hbmVpcmFzIGRlIGxpZGFyIGNvbSBpc3NvLg==,,W0NhdGhlcmluZV0KWSBlbiBjdWFudG8gYSBsYXMgcHJlZ3VudGFzIHNvYnJlIG1vbnN0cnVvcywKbHVjaGFyIGNvbnRyYSBlbGxvcyB1bm8gbWlzbW8gZXMgbGEgbWVqb3IgbWFuZXJhIGRlIGFwcmVuZGVyLg==
SMegBg,,W0NhdGhlcmluZV0KQnV0IHlvdSBrbm93IGluIFByb250ZXJhLCB0aGVyZSBpcyBhIGJpZyBsaWJyYXJ5LgpZb3UgY2FuIGdldCBpbmZvcm1hdGlvbiBhYm91dCBtb3N0IG9mIHRoZSBtb25zdGVycyBpbiB0aGF0IGxpYnJhcnkuCkdvaW5nIHRoZXJlIGFuZCBzdHVkeWluZyBhIGJpdCBtb3JlIHdvdWxkIHdvcmsgdG9vLg==,,,,,W0NhdGFyaW5hXQpNYXMsIGVtIFByb250ZXJhLCBleGlzdGUgdW1hIGdyYW5kZSBiaWJsaW90ZWNhLgpWb2PDqiBwb2RlIGNvbnNlZ3VpciBpbmZvcm1hw6fDtWVzIHNvYnJlIGEgbWFpb3JpYSBkb3MgbW9uc3Ryb3MgbMOhLgpBanVkYSBpciBhdMOpIGEgYmlibGlvdGVjYSBlIGVzdHVkYXIgdW0gcG91Y28gbWFpcy4=,,W0NhdGhlcmluZV0KUGVybyB5YSBzYWJlcyBxdWUgZW4gUHJvbnRlcmEgaGF5IHVuYSBiaWJsaW90ZWNhIGVub3JtZS4KRW4gZXNhIGJpYmxpb3RlY2EgcG9kcsOhcyBlbmNvbnRyYXIgaW5mb3JtYWNpw7NuIHNvYnJlIGxhIG1heW9yw61hIGRlIGxvcyBtb25zdHJ1b3MuCklyIGFsbMOtIHkgZXN0dWRpYXIgdW4gcG9jbyBtw6FzIHRhbWJpw6luIHNlcsOtYSDDunRpbC4=
ScegBg,,W0NhdGhlcmluZV0KTGFzdCwgYnV0IG5vdCBsZWFzdCwgcXVlc3Rpb25zIGFib3V0IE1hZ2VzLgpUaGlzIGlzIHNvbWV0aGluZyB0aGF0IG1vc3Qgb3RoZXJzIGNhbm5vdCB0ZWFjaCB5b3UuLi4KQmVjYXVzZSB5b3UgYXJlIGEgTWFnZS4=,,,,,W0NhdGFyaW5hXQpQb3Igw7psdGltbywgYXMgcGVyZ3VudGFzIHNvYnJlIG9zIE1hZ29zLgpJc3NvIMOpIGFsZ28gY29tIG8gcXVhbCBhcyBvdXRyYXMgcGVzc29hcyBuw6NvIHBvZGVtIGFqdWRhci4uLgpQb3JxdWUgdm9jw6ogw6kgdW0gTWFnby4=,,W0NhdGhlcmluZV0KUG9yIMO6bHRpbW8sIHBlcm8gbm8gbWVub3MgaW1wb3J0YW50ZSwgbGFzIHByZWd1bnRhcyBzb2JyZSBsb3MgTWFnb3MuCkVzdG8gZXMgYWxnbyBxdWUgbGEgbWF5b3LDrWEgZGUgbGFzIHBlcnNvbmFzIG5vIHB1ZWRlbiBlbnNlw7FhcnRl4oCmClBvcnF1ZSB0w7ogZXJlcyBkZWwgZ3JlbWlvIGRlIGxvcyBNYWdvcy4=
SsegBg,,W0NhdGhlcmluZV0KSXQncyBoYXJkIHRvIGtub3cgYWJvdXQgb3RoZXJzIHdoZW4geW91IGRvbid0IGV2ZW4ga25vdyBhYm91dCB5b3Vyc2VsZiwgcmlnaHQ/ClNvIGlmIHlvdSBnZXQgb25lIG9mIHRoZXNlIHF1ZXN0aW9ucywgdGhpbmsgYWJvdXQgaXQgY2FyZWZ1bGx5IHRoZW4gYW5zd2VyLg==,,,,,W0NhdGFyaW5hXQogw4kgZGlmw61jaWwgY29uaGVjZXIgb3Mgb3V0cm9zIHF1YW5kbyB2b2PDqiBuw6NvIGNvbmhlY2UgbmVtIGEgc2kgbWVzbW8sIG7Do28gw6k/CkVudMOjbywgc2Ugdm9jw6ogcmVjZWJlciB1bWEgZGVzc2FzIHBlcmd1bnRhcywgcGVuc2UgY29tIGN1aWRhZG8gZSwgZGVwb2lzLCByZXNwb25kYS4=,,W0NhdGhlcmluZV0KRXMgZGlmw61jaWwgY29ub2NlciBhbGdvIHNvYnJlIGxvcyBkZW3DoXMgY3VhbmRvIHVubyBuaSBzaXF1aWVyYSBzZSBjb25vY2UgYSBzw60gbWlzbW8sIMK/dmVyZGFkPwpBc8OtIHF1ZSwgc2kgdGUgaGFjZW4gdW5hIGRlIGVzdGFzIHByZWd1bnRhcywgcGnDqW5zYWxvIGRldGVuaWRhbWVudGUgYW50ZXMgZGUgY29udGVzdGFyLg==
S8egBg,,W0NhdGhlcmluZV0KTGlrZSBJIHNhaWQsIEknbGwgdGhpbmsgYWJvdXQgaXQgaWYgeW91IGdpdmUgbWUgMSBBcHBsZSBKdWljZS4KSWYgbm90Li4uICBXZWxsLCB5b3UgY2FuIHRoaW5rIGFib3V0IGl0IG9uIHlvdXIgb3duLiAgSGV5IEkgZG9uJ3QgbWFrZSB0aGUgcnVsZXMgaGVyZSBpIGp1c3QgZm9sbG93IGVtISAgQ2FuJ3QgYXJndWUgd2l0aCB0aGlzIG9uZSB0aG91Z2guIH50ZWhlaGVoZQ==,,,,,W0NhdGFyaW5hXQpDb21vIGV1IGxoZSBmYWxlaSwgdm91IHBlbnNhciBubyBhc3N1bnRvIHNlIHZvY8OqIG1lIGRlciAxIFN1Y28gZGUgTWHDp8OjLgpTZSBuw6NvLi4uICBBw60sIHZvY8OqIHZhaSB0ZXIgcXVlIHBlbnNhciBzb3ppbmhvLiAgRWksIG7Do28gc291IGV1IHF1ZSBmYcOnbyBhcyByZWdyYXMhICBNYXMgbsOjbyBwb3NzbyBkaXNjb3JkYXIgZGlzc28uIEhlaGVoZWhlLg==,,W0NhdGhlcmluZV0KQ29tbyBkaWplLCBsbyBwZW5zYXLDqSBzaSBtZSBkYXMgMSBadW1vIGRlIG1hbnphbmEuCkRlIGxvIGNvbnRyYXJpb+KApiAgQnVlbm8sIHB1ZWRlcyBwZW5zYXJsbyBwb3IgdHUgY3VlbnRhLiAgWW8gbm8gaGFnbyBsYXMgcmVnbGFzIGFxdcOtLCBzb2xvIGxhcyBjdW1wbG8uICBBdW5xdWUgbm8gcHVlZG8gZGlzY3V0aXIgZXN0YS4gfkppLCBqaSwgamksIGpp
TMegBg,,W0NhdGhlcmluZV0KWWVhaCwgeW91IGdldCB0aGUgbW9zdCBzYXRpc2ZhY3Rpb24gd2hlbiB5b3Ugc29sdmUgdGhpbmdzIG9uIHlvdXIgb3duLgpHbyBmaW5pc2ggdGhlIHJlc3Qgb2YgdGhlIHRlc3RzIHdpdGggdGhhdCBzcGlyaXQh,,,,,W0NhdGFyaW5hXQpTaW0sIHZvY8OqIHNlIHNlbnRpcsOhIG1haXMgc2F0aXNmZWl0byBzZSByZXNvbHZlciB0dWRvIHNvemluaG8uCk1hbnRlbmhhIGVzc2Ugw6JuaW1vIHBhcmEgdGVybWluYXIgbyByZXN0YW50ZSBkbyB0ZXN0ZSE=,,W0NhdGhlcmluZV0KU8OtLCBsYSBtYXlvciBzYXRpc2ZhY2Npw7NuIGxhIG9idGllbmVzIGN1YW5kbyByZXN1ZWx2ZXMgbGFzIGNvc2FzIHBvciB0dSBjdWVudGEuCsKhQXByb3ZlY2hhIGVzZSDDoW5pbW8gcGFyYSB0ZXJtaW5hciBlbCByZXN0byBkZSBsYXMgcHJ1ZWJhcyE=
TcegBg,,W0NhdGhlcmluZV0KV2VsbCB0aGVuLCBzZWUgeW91IHNvb24hICpjcm9zc2VzIGZpbmdlcnMqIGRvbnQgZW5kIHVwIGxpa2UgdGhlIG90aGVycyBiZWZvcmUgeW91ISAgTWF5IEdvZCByZXN0IHRoaWVyIHNvdWxzLi4uaHVoPyAgT2ggbm90aGluZyEgfkhlaGVoZWhlCkh1cnJ5LCBoZSdzIHdhaXRpbmcgZm9yIHlvdSE=,,,,,W0NhdGFyaW5hXQpCZW0sIGVudMOjbywgdmVqbyB2b2PDqiBlbSBicmV2ZSEgKmNydXphbmRvIG9zIGRlZG9zKiBOw6NvIHRlcm1pbmUgY29tbyBvcyBxdWUgdmllcmFtIGFudGVzIGRlIHZvY8OqISAgUXVlIGEgYWxtYSBkZWxlcyBkZXNjYW5zZSBlbSBwYXouLi4gaMOjPyAgQWgsIG5hZGEhIEhlaGVoZWhlLgpEZXByZXNzYSEgRWxlIGVzdMOhIGVzcGVyYW5kbyBwb3Igdm9jw6oh,,W0NhdGhlcmluZV0KQnVlbm8sIMKhbm9zIHZlbW9zIHByb250byEgKkNydXphIGxvcyBkZWRvcyogwqFObyBhY2FiZXMgY29tbyBsb3MgYW50ZXJpb3JlcyEgIFF1ZSBlc3TDqW4gZGVzY2Fuc2FuZG8gZW4gcGF64oCmIMK/UXXDqT8gIMKhT2gsIG5hZGEhIH5KZSwgamUsIGplLCBqZQrCoURhdGUgcHJpc2EsIHRlIGVzdMOhIGVzcGVyYW5kbyE=
TsegBg,,W0NhdGhlcmluZV0KVGVoZWhlaGV+IEkgd2FzIGxpc3RlbmluZyBhbGwgYWxvbmcuCldlbGwgZG9uZSBpbiBhbnN3ZXJpbmcgYWxsIHRob3NlIHF1ZXN0aW9ucy4gIEkgd2FudCB0byBnaXZlIHNvbWV0aGluZywgbGlrZSBhIHByZXNlbnQuLi4=,,,,,W0NhdGFyaW5hXQpIZWhlaGVoZS4uLiBFdSBvdXZpIHR1ZG8uClZvY8OqIHJlc3BvbmRldSBtdWl0byBiZW0gdG9kYXMgYXMgcGVyZ3VudGFzLiAgRXUgcXVlcm8gZGFyIGFsZ28gYSB2b2PDqiwgdW0gcHJlc2VudGUuLi4=,,W0NhdGhlcmluZV0KSmksIGppLCBqaSwgamkuIExvIGVzY3VjaMOpIHRvZG8uCkhpY2lzdGUgdW4gYnVlbiB0cmFiYWpvIGFsIHJlc3BvbmRlciB0b2RhcyBlc2FzIHByZWd1bnRhcy4gClF1aWVybyBkYXJ0ZSBhbGdvLCBjb21vIHVuIHJlZ2Fsb+KApg==
T8egBg,,W0NhdGhlcmluZV0KWW91IHN0aWxsIGhhdmUgb25lIG1vcmUgdGVzdCB0byBnbywgcmlnaHQ/Ckp1c3QgYSBiaXQgbW9yZSBhbmQgeW91IHdpbGwgYmUgcXVhbGlmaWVkIHRvIGJlIGEgV2l6YXJkLCBzbyBJJ2xsIGdpdmUgeW91IHRoZSBwcmVzZW50IHRoZW4uIH5IZWhl,,,,,W0NhdGFyaW5hXQpWb2PDqiBhaW5kYSB0ZW0gcXVlIGZhemVyIG1haXMgdW0gdGVzdGUsIGNlcnRvPwpTw7MgbWFpcyB1bSBlIHZvY8OqIGVzdGFyw6EgcXVhbGlmaWNhZG8gcGFyYSBzZSB0b3JuYXIgdW0gQnJ1eG8uIERlcG9pcyBkaXNzbywgZXUgbGhlIGRhcmVpIG8gcHJlc2VudGUuIEhlaGUu,,W0NhdGhlcmluZV0KVG9kYXbDrWEgdGUgcXVlZGEgdW5hIHBydWViYSwgwr92ZXJkYWQ/ClNvbG8gdW4gcG9jbyBtw6FzIHkgcG9kcsOhcyBzZXIgcGFydGUgZGUgbG9zIEhlY2hpY2Vyb3MsIGFzw60gcXVlIHRlIGRhcsOpIGVsIHJlZ2FsbyBlbnRvbmNlcy4gSmUsIGplLg==
UMegBg,,W0NhdGhlcmluZV0KU2VlIHlhLCB3ZWxsLi4uaG9wZWZ1bGx5IQpIZSdzIHdhaXRpbmcgZm9yIHlvdSE=,,,,,W0NhdGFyaW5hXQpBdMOpIG1haXMuLi4gZXNwZXJvIQpFbGUgZXN0w6EgZXNwZXJhbmRvIHBvciB2b2PDqiE=,,W0NhdGhlcmluZV0KTm9zIHZlbW9z4oCmIEJ1ZW5vLCDCoWVzbyBlc3Blcm8hCsKhVGUgZXN0w6EgZXNwZXJhbmRvIQ==
UcegBg,,W0NhdGhlcmluZV0KRWgsIGRpZCB5b3UgbGVhdmUgaW4gdGhlIG1pZGRsZSBvZiB0aGUgdGVzdD8KWW91Li4uKnNpZ2gqLi4uSSBkaWRuJ3QgdGhpbmsgeW91IHdvdWxkIGRvIHN1Y2ggYSBkaXNob25vcmFibGUgdGhpbmcu,,,,,W0NhdGFyaW5hXQpFciwgdm9jw6ogYWJhbmRvbm91IG8gdGVzdGU/ClZvY8OqLi4uICpzdXNwaXJvKi4uLiBldSBuw6NvIGVzcGVyYXZhIHF1ZSB2b2PDqiBmb3NzZSBmYXplciBhbGdvIHTDo28gdmVyZ29uaG9zby4=,,W0NhdGhlcmluZV0KRWgsIMK/dGUgZnVpc3RlIGEgbWl0YWQgZGUgbGEgcHJ1ZWJhPwpUw7rigKYgKlN1c3Bpcm8q4oCmIE51bmNhIHBlbnPDqSBxdWUgaGFyw61hcyBhbGdvIHRhbiBkZXNob25yb3NvLg==
UsegBg,,W0NhdGhlcmluZV0KR3JhbnRlZCB5b3UncmUgYSBtYWdlLCBidXQgaG93IGNvdWxkIGEgZ3V5IGJlIHNvIHdlYWs/IQpXZWxsLCBhdCBsZWFzdCB5b3VyIGFsaXZlIHN0aWxsLiAgR28gYmFjayBhbmQgdHJ5IGhhcmRlciB0aGlzIHRpbWUuIH50ZWhlaGVoZQ==,,,,,W0NhdGFyaW5hXQpWb2PDqiDDqSB1bSBtYWdvLCDDqSBmYXRvLCBtYXMgY29tbyB1bWEgcGVzc29hIHBvZGUgc2VyIHTDo28gZnJhY2E/PwpCb20sIHBlbG8gbWVub3Mgdm9jw6ogYWluZGEgZXN0w6Egdml2by4gIFZvbHRlIGzDoSBlIHRlbnRlIGNvbSBtYWlzIHZvbnRhZGUgZGVzc2EgdmV6LiBIZWhlaGVoZS4=,,W0NhdGhlcmluZV0KRXJlcyBNYWdvLCBkZSBhY3VlcmRvLCBwZXJvIMKhwr9jw7NtbyBwdWVkZSB1biB0aXBvIHNlciB0YW4gZMOpYmlsPyEKQnVlbm8sIGFsIG1lbm9zIHNpZ3VlcyBjb24gdmlkYS4gIFZ1ZWx2ZSB5IGVzZnXDqXJ6YXRlIG3DoXMgZXN0YSB2ZXouIH5KaSwgamksIGppLCBqaQ==
U8egBg,,W0NhdGhlcmluZV0KRG9uJ3QgcHJldGVuZCB0byBiZSB3ZWFrIGp1c3QgYmVjYXVzZSB5b3UncmUgYSBnaXJsLiAgTG9vayBhdCBtZSEgIEkgZGlkIGl0LCBhbmQgc28gY2FuIHlvdS4gIFlvdSBjYW4ndCBhc2sgZm9yIHN5bXBhdGh5LgpZb3UgY2FtZSBhbGwgdGhpcyB3YXkgdG8gYmVjb21lIGEgV2l6YXJkISAgTm93IGNvbWUgb24sIHlvdSBjYW4gZG8gaXQhIQ==,,,,,W0NhdGFyaW5hXQpOw6NvIGZpbmphIHF1ZSBlc3TDoSBjYW5zYWRhIHPDsyBwb3JxdWUgdm9jw6ogw6kgdW1hIGdhcm90YS4gIE9saGUgcGFyYSBtaW0hICBFdSBjb25zZWd1aS4gVm9jw6ogdGFtYsOpbSBjb25zZWd1ZS4gIE7Do28gcG9kZSBwZWRpciBxdWUgZXUgc2ltcGF0aXplIGNvbSBpc3NvLgpWb2PDqiB2ZWlvIGF0w6kgYXF1aSBwYXJhIHNlIHRvcm5hciB1bWEgQnJ1eGEhICBWYW1vcyBsw6EsIHZvY8OqIGNvbnNlZ3VlISE=,,W0NhdGhlcmluZV0KTm8gZmluamFzIHNlciBkw6liaWwgc29sbyBwb3JxdWUgZXJlcyB1bmEgY2hpY2EuICDCoU3DrXJhbWUhICBTaSB5byBsbyBoaWNlLCB0w7ogdGFtYmnDqW4gcHVlZGVzLiAgTm8gcHVlZGVzIHBlZGlyIGNvbXBhc2nDs24uCsKhVmluaXN0ZSBoYXN0YSBhcXXDrSBwYXJhIGNvbnZlcnRpcnRlIGVuIEhlY2hpY2VyYSEgIMKhVmFtb3MsIHB1ZWRlcyBoYWNlcmxvIQ==
VMegBg,,W0NhdGhlcmluZV0KSSBhZ3JlZSB0aGF0IGl0IGlzIGRpZmZpY3VsdCwgYnV0IG5vdCB0byB0aGUgcG9pbnQgb2YgZ2l2aW5nIHVwLgpZb3Ugb2YgYWxsIHBlb3BsZSBzaG91bGQgZmluZCB0aGUgc3RyZW5ndGggYW5kIHBhdGllbmNlIHRvIGNvbXBsZXRlIHRoaXMgdGVzdCE=,,,,,W0NhdGFyaW5hXQpDb25jb3JkbyBxdWUgw6kgZGlmw61jaWwsIG1hcyBuw6NvIHByZWNpc2EgZGVzaXN0aXIuCkp1c3RvIHZvY8OqIHF1ZSBkZXZlcmlhIGVuY29udHJhciBhIGZvcsOnYSBlIGEgcGFjacOqbmNpYSBwYXJhIHRlcm1pbmFyIG8gdGVzdGUh,,W0NhdGhlcmluZV0KRXN0b3kgZGUgYWN1ZXJkbyBjb24gcXVlIGVzIGRpZsOtY2lsLCBwZXJvIG5vIHRhbnRvIGNvbW8gcGFyYSByZW5kaXJzZS4KVMO6IG3DoXMgcXVlIG5hZGllIGRlYmVyw61hcyBlbmNvbnRyYXIgbGEgZnVlcnphIHkgbGEgcGFjaWVuY2lhIHBhcmEgY29tcGxldGFyIGVzdGEgcHJ1ZWJhLg==
VcegBg,,W0NhdGhlcmluZV0KU28sIHRyeSBoYXJkZXIgdGhpcyB0aW1lLi4uCkhlJ3Mgd2FpdGluZyE=,,,,,W0NhdGFyaW5hXQpFbnTDo28sIHRlbnRlIGNvbSBtYWlzIHZvbnRhZGUgZGVzc2EgdmV6Li4uCkVsZSBlc3TDoSBlc3BlcmFuZG8h,,W0NhdGhlcmluZV0KQXPDrSBxdWUgZXNmdcOpcnphdGUgbcOhcyBlc3RhIHZleuKApgrCoVRlIGVzdMOhIGVzcGVyYW5kbyE=
VsegBg,,W0NhdGhlcmluZV0KSGV5LCB3aGF0IGRvbid0IHlvdSBnZXQgaXQ/Ckkgc2FpZCB5b3UgbXVzdCBiZSBhdCBsZWFzdCBqb2IgbGV2ZWwgNDAgdG8gY2hhbmdlIHlvdXIgam9iLCBnb3QgaXQ/,,,,,W0NhdGFyaW5hXQpNYXMgbyBxdWUgdm9jw6ogbsOjbyBlbnRlbmRldT8KRXUgZGlzc2UgcXVlIHZvY8OqIGRldmUgdGVyIHVtIG7DrXZlbCBkZSBjbGFzc2UgNDAsIG5vIG3DrW5pbW8sIHBhcmEgbXVkYXIgZGUgY2xhc3NlLCBlbnRlbmRldT8=,,W0NhdGhlcmluZV0KT3llLCDCv3F1w6kgZXMgbG8gcXVlIG5vIGVudGllbmRlcz8KRGlqZSBxdWUgZGViZXMgdGVuZXIgYWwgbWVub3MgdW4gbml2ZWwgZGUgY2xhc2UgZGUgNDAgcGFyYSBjYW1iaWFyIGRlIGNsYXNlLCDCv2VudGVuZGlkbz8=
V8egBg,,W0NhdGhlcmluZV0KVGhlcmUgaXMgbm90aGluZyB0byBiZSBpbiBodXJyeSwgc28gd2h5IGRvbid0IHlvdSB0YWtlIHlvdXIgdGltZSBmb3Igc3R1ZHlpbmc/CldoZW4gdGhlIHRpbWUgY29tZXMsIEkgd2lsbCB3ZWxjb21lIHlvdSB3aXRoIG9wZW4gYXJtcy4=,,,,,W0NhdGFyaW5hXQpOw6NvIHByZWNpc2Egc2UgYXByZXNzYXIuIFBvciBxdWUgbsOjbyBwYXNzYSB1bSB0ZW1wbyBlc3R1ZGFuZG8/ClF1YW5kbyBjaGVnYXIgYSBob3JhLCByZWNlYmVyZWkgdm9jw6ogZGUgYnJhw6dvcyBhYmVydG9zLg==,,W0NhdGhlcmluZV0KTm8gaGF5IG1vdGl2byBwYXJhIGFwcmVzdXJhcnNlLCBhc8OtIHF1ZSwgwr9wb3IgcXXDqSBubyB0ZSB0b21hcyB0dSB0aWVtcG8gcGFyYSBlc3R1ZGlhcj8KQ3VhbmRvIGxsZWd1ZSBlbCBtb21lbnRvLCB0ZSByZWNpYmlyw6kgY29uIGxvcyBicmF6b3MgYWJpZXJ0b3Mu
WMegBg,,W0NhdGhlcmluZV0KQXJlIHlvdSBkb25lIHdpdGggYWxsIHRoZSB0ZXN0cz8gIE9oIGRyYXRzLCBpdCBzZWVtcyBsaWtlIHlvdSBzdGlsbCBoYXZlIHNvbWUgc2tpbGwgcG9pbnRzIGxlZnQuCkxlYXJuIHNvbWUgb3RoZXIgc2tpbGxzIHdpdGggeW91ciByZW1haW5pbmcgcG9pbnRzLCBhbmQgdGhlbiBjb21lIHRhbGsgdG8gbWUgYWdhaW4u,,,,,W0NhdGFyaW5hXQpKw6EgdGVybWlub3UgdG9kb3Mgb3MgdGVzdGVzPyAgQWgsIHF1ZSBkcm9nYS4gUGFyZWNlIHF1ZSB2b2PDqiBhaW5kYSB0ZW0gYWxndW5zIHBvbnRvcyBkZSBoYWJpbGlkYWRlLgpBcHJlbmRhIG5vdmFzIGhhYmlsaWRhZGVzIGNvbSBvcyBzZXVzIHBvbnRvcyByZXN0YW50ZXMgZSwgZGVwb2lzLCB2ZW5oYSBmYWxhciBjb21pZ28gZGUgbm92by4=,,W0NhdGhlcmluZV0Kwr9UZXJtaW5hc3RlIGNvbiB0b2RhcyBsYXMgcHJ1ZWJhcz8gIE9oLCB2YXlhLCBwYXJlY2UgcXVlIHRvZGF2w61hIHRlIHF1ZWRhbiBhbGd1bm9zIHB1bnRvcyBkZSBoYWJpbGlkYWQuCkFwcmVuZGUgb3RyYXMgaGFiaWxpZGFkZXMgY29uIGxvcyBwdW50b3MgcXVlIHRlIHF1ZWRhbiB5IGx1ZWdvIHZ1ZWx2ZSBhIGhhYmxhciBjb25taWdvLg==
WcegBg,,UGxlYXNlIGdldCBvZmYgb2YgdGhhdCBjcmVhdHVyZSB5b3UncmUgcmlkaW5nIG9uCnRoZW4gY29tZSB0byBmaW5kIG1lIGFnYWluLi4u,,,,,W0NhdGFyaW5hXQpVYWFhYWFhYWFhYWFhYXUuLi4gdm9jw6ogdGVybWlub3UgdG9kb3Mgb3MgdGVzdGVzPyEKUGFyYWLDqW5zLCBwYXJhYsOpbnMsIHBhcmFiw6lucyEgIEl1cGlpaWlpaWlpaWkhICBIZWhlaGVoZWhlaGUu,,QsOhamF0ZSBkZSBsYSBjcmlhdHVyYSBxdWUgZXN0w6FzIG1vbnRhbmRvCnkgbHVlZ28gdnVlbHZlIGEgYnVzY2FybWXigKY=
WsegBg,,W0NhdGhlcmluZV0KV29vb29vb29vb29vb293Li4ueW91IGZpbmlzaGVkIGFsbCB0aGUgdGVzdHM/IQpDb25ncmF0dWxhdGlvbnMsIGNvbmdyYXRzLCBjb25ncmF0cyEgIFdvb29waWlpZWVlZWUhICB+SGVoZWhlaGVoZWhl,,,,,W0NhdGFyaW5hXQpCb20sIG7Do28gaMOhIG1haXMgbyBxdWUgZXNwZXJhci4gUGFyYWLDqW5zLiAgRXUgbm9tZWlvIHZvY8OqIEJydXhvLg==,,W0NhdGhlcmluZV0KR3VhYWFhYWFhYWFhYWF14oCmIMKhwr9ZYSB0ZXJtaW5hc3RlIHRvZGFzIGxhcyBwcnVlYmFzPyEKwqFGZWxpY2l0YWNpb25lcywgZmVsaWNpdGFjaW9uZXMsIGZlbGljaXRhY2lvbmVzISAgwqFJdXV1dWp1dXV1dXV1dXUhIH5KZSwgamUsIGplLCBqZSwgamUsIGpl4oCm
W8egBg,,W0NhdGhlcmluZV0KV2VsbCwgbm8gbmVlZCB0byB3YWl0LCBJIGNvbmdyYXR1bGF0ZSB5b3UuICBJIGhlYXJieSBkZWVtIHlvdSBXaXphcmQu,,,,,XjAwMDBDRFZvY8OqIGFpbmRhIHRlbSBwb250b3MgZGUgaGFiaWxpZGFkZXMuIERpc3RyaWJ1YS1vcyBlIHRlbnRlIG5vdmFtZW50ZV4wMDAwMDA=,,W0NhdGhlcmluZV0KQnVlbm8sIG5vIGhhY2UgZmFsdGEgZXNwZXJhciwgdGUgZmVsaWNpdG8uICBZYSBlcmVzIG1pZW1icm8gZGUgbG9zIEhlY2hpY2Vyb3Mu
XMegBg,,W0NhdGhlcmluZV0KU2luY2UgeW91J3JlIGEgV2l6YXJkIG5vdywgYWN0IGxpa2UgYSBXaXphcmQsIGdvdCBpdD8KVXMgd2l6YXJkcyBoYXZlIHRvIGJlIGNhcmVmdWwgc2luY2Ugd2UgcG9zc2VzcyB0aGUgdWx0aW1hdGUgcG93ZXIgb2YgbWFnaWMu,,,,,W0NhdGFyaW5hXQpKw6EgcXVlIHZvY8OqIMOpIHVtIEJydXhvIGFnb3JhLCBhamEgY29tbyB1bSBCcnV4bywgZW50ZW5kZXU/Ck7Ds3MgYnJ1eG9zIHRlbW9zIHF1ZSBzZXIgY3VpZGFkb3NvcywgcG9pcyBwb3NzdcOtbW9zIHVtIGdyYW5kZSBwb2RlciBtw6FnaWNvLg==,,W0NhdGhlcmluZV0KQWhvcmEgcXVlIGVyZXMgcGFydGUgZGUgbG9zIEhlY2hpY2Vyb3MsIGFjdMO6YSBjb21vIHRhbCwgwr9lbnRlbmRpZG8/CkxvcyBIZWNoaWNlcm9zIGRlYmVtb3Mgc2VyIGN1aWRhZG9zb3MsIHlhIHF1ZSBwb3NlZW1vcyBlbCBwb2RlciBkZWZpbml0aXZvIGRlIGxhIG1hZ2lhLg==
XcegBg,,W0NhdGhlcmluZV0KRG9uJ3QgZ28gYWJvdXQgY2FzdGluZyBzcGVsbHMgaW4gdG93biBmb3Igbm8gcmVhc29uLCBvciBib3RoZXIgb3RoZXJzIHdpdGggc3BlbGxzIHRoYXQgYXJlIGluIHRoZWlyIG93biBiYXR0bGUuCkEgV2l6YXJkJ3MgbWFnaWMgaXMgbWVhbnQgZm9yIHRoZWlyIG93biBiYXR0bGVzIHdpdGggbW9uc3RlcnMu,,,,,W0NhdGFyaW5hXQpOw6NvIHNhaWEgcGVsYSBjaWRhZGUgbGFuw6dhbmRvIGZlaXRpw6dvcyBzZW0gbW90aXZvIG91IHBlcnR1cmJhbmRvIGFzIHBlc3NvYXMgY29tIGZlaXRpw6dvcyBxdWUgc2VydmVtIHBhcmEgb3V0cmFzIGNvaXNhcy4KQSBtYWdpYSBkZSB1bSBCcnV4byBzZSBkZXN0aW5hIMOgcyBiYXRhbGhhcyBjb250cmEgb3MgbW9uc3Ryb3Mu,,W0NhdGhlcmluZV0KTm8gdmF5YXMgcG9yIGxhIGNpdWRhZCBsYW56YW5kbyBoZWNoaXpvcyBzaW4gbW90aXZvIG5pIG1vbGVzdGVzIGEgb3Ryb3MgcXVlIGVzdMOpbiBsdWNoYW5kbyBzdSBwcm9waWEgYmF0YWxsYS4KTGEgbWFnaWEgZGUgdW4gSGVjaGljZXJvIGVzIHBhcmEgdXNhciBlbiBzdXMgcHJvcGlhcyBiYXRhbGxhcyBjb250cmEgbW9uc3RydW9zLg==
XsegBg,,W0NhdGhlcmluZV0KR28gam9pbiBwYXJ0aWVzIHdpdGggb3RoZXJzIGFuZCBrZWVwIHRyYWluaW5nLgpBbmQuLi5vaCwgd2FpdCwgSSBwcmVwYXJlZCBhIHByZXNlbnQgZm9yIHlvdSwgb25lIHNlYy4=,,,,,W0NhdGFyaW5hXQpKdW50ZS1zZSBhIGFsZ3VtIGdydXBvIGUgY29udGludWUgcHJhdGljYW5kby4KRS4uLiBhaCwgZXNwZXJlLCBwcmVwYXJlaSB1bSBwcmVzZW50ZSBwYXJhIHZvY8OqLCB1bSBzZWd1bmRvLg==,,W0NhdGhlcmluZV0Kw5puZXRlIGEgb3Ryb3MgZ3J1cG9zIHkgc2lndWUgZW50cmVuYW5kby4KWeKApiBvaCwgZXNwZXJhLCB0ZW5nbyB1biByZWdhbG8gcGFyYSB0aSwgdW4gc2VndW5kby4=
X8egBg,,W0NhdGhlcmluZV0KcnVtbWFnZSBydW1tYWdlLi4uCnNodWZmbGUgc2h1ZmZsZS4uLg==,,,,,W0NhdGFyaW5hXQpQcm9jdXJhIHByb2N1cmEuLi4KTWV4ZSBtZXhlLi4u,,W0NhdGhlcmluZV0KKkh1cmdhLCBodXJnYeKApioKKlJldnVlbHZlLCByZXZ1ZWx2ZeKApio=
YMegBg,,W0NhdGhlcmluZV0KSGVyZSB5b3UgZ28uICBJIGhvcGUgeW91J2xsIG1ha2UgZ29vZCB1c2Ugb2YgaXQgd2hlbiB5b3UgbmVlZCBpdC4gfnRlaGVoZQpJIGdhdmUgdGhlbSB0byB5b3UgYXMgYSBwcmVzZW50LCBzbyBkb24ndCBnbyBvdXQgYW5kIHNlbGwgaXQuICBVc2UgaXQgZm9yIHlvdXJzZWxmLCBvaz8=,,,,,W0NhdGFyaW5hXQpBcXVpIGVzdMOhLiAgRXNwZXJvIHF1ZSB2b2PDqiB1c2UgYmVtIGlzc28gcXVhbmRvIHByZWNpc2FyLiBIZWhlaGUuCkV1IGxoZSBkZWkgaXNzbyBkZSBwcmVzZW50ZSwgZW50w6NvIG7Do28gdsOhIHZlbmTDqi1sby4gIMOJIHBhcmEgdm9jw6ogdXNhciwgb2s/,,W0NhdGhlcmluZV0KQXF1w60gdGllbmVzLiAgRXNwZXJvIHF1ZSBoYWdhcyB1biBidWVuIHVzbyBkZSBlbGxhcyBjdWFuZG8gbGFzIG5lY2VzaXRlcy4gfkppLCBqaSwgamkKU29uIHVuIHJlZ2FsbywgYXPDrSBxdWUgbm8gbGFzIHZlbmRhcy4gIMOac2FsYXMgdMO6LCDCv2RlIGFjdWVyZG8/
YcegBg,,W0NhdGhlcmluZV0KV2VsbCwgdGhlbi4uLipzaWdodCouLi5saXZlIGEgd29uZGVyZnVsIGxpZmUgYXMgYSBXaXphcmQsIGJlY29tZSB0aGUgc3Ryb25nZXN0IG91dCB0aGVyZSE=,,,,,W0NhdGFyaW5hXQpNdWl0byBiZW0uLi4gKnN1c3Bpcm8qLi4uIHRlbmhhIHVtYSBib2EgdmlkYSBkZSBCcnV4byBlIHNlIHRvcm5lIG8gbWFpcyBmb3J0ZSBkZSB0b2RvcyE=,,W0NhdGhlcmluZV0KQnVlbm8sIHB1ZXPigKYgKlN1c3Bpcm8qIOKApiB2aXZlIHVuYSB2aWRhIG1hcmF2aWxsb3NhIGRlIGhlY2hpY2Vyw61hcywgwqF5IHN1cMOpcmFsb3MgYSB0b2RvcyE=
YsegBg,,R2xvb215IFdpemFyZA==,,,,,TGF1cm8=,,R2xvb215IFdpemFyZA==
Y8egBg,,W1JhdWxlbF0KKkNvdWdoKiAqY291Z2gqICB3aGF0IGRvIHlvdSB3YW50PwpJZiB5b3UgYXJlIGEgcGVyc29uIHRoYXQgdXNlcyBtYWdpYywgdGhlbiB5b3UgbmVlZCB0byBtYWtlIHN1cmUgeW91IGFyZSB3ZWxsIGluZm9ybWVkIGFib3V0IGl0Lg==,,,,,W0xhdXJvXQoqQ29mKiAqY29mKiBPIHF1ZSB2b2PDqiBxdWVyPwpTZSB2b2PDqiDDqSB1bWEgcGVzc29hIHF1ZSB1c2EgbWFnaWEsIGNlcnRpZmlxdWUtc2UgZGUgcXVlIGVzdMOhIGJlbSBpbmZvcm1hZG8gc29icmUgaXNzby4=,,W1JhdWxlbF0KKlRvcyogKlRvcyogwr9RdcOpIHF1aWVyZXM/ClNpIHN1ZWxlcyB1c2FyIG1hZ2lhLCBlbnRvbmNlcyBkZWJlcyBhc2VndXJhcnRlIGRlIHRlbmVyIGJ1ZW5hIGluZm9ybWFjacOzbiBhbCByZXNwZWN0by4=
ZMegBg,,W1JhdWxlbF0KRG9uJ3QgbGl2ZSBkaXNob25lc3RseSwgb3IgaW1wb2xpdGVseSwgb3IgZWxzZSBvbmUgZGF5IHlvdSdsbCBiZSBjYXVnaHQgaW4gYSBzcGVsbCB5b3UgY2FuJ3QgY29udHJvbCwgYW5kIEJPT00sIHlvdXIgZGVhZCEKSWYgeW91IGRvbid0IHdhbnQgdGhhdCB0byBoYXBwZW4sIHRoZW4gbGVhcm4gaG93IHRvIHVzZSBzcGVsbHMgcHJvcGVybHkh,,,,,W0xhdXJvXQpOw6NvIHNlamEgZGVzb25lc3RvIG91IG1hbCBlZHVjYWRvLCBvdSB1bSBkaWEgdm9jw6ogc2UgdmVyw6EgZW0gbWVpbyBhIHVtIGZlaXRpw6dvIHF1ZSBuw6NvIGNvbnNlZ3VlIGNvbnRyb2xhciBlIEJVTSEgRXN0w6EgbW9ydG8hClNlIG7Do28gcXVpc2VyIHF1ZSBpc3NvIGFjb250ZcOnYSwgYXByZW5kYSBhIHVzYXIgb3MgZmVpdGnDp29zIGRpcmVpdG8h,,W1JhdWxlbF0KTm8gdml2YXMgZGUgbWFuZXJhIGRlc2hvbmVzdGEgbmkgZGVzY29ydMOpcyBvIGFsZ8O6biBkw61hIHRlIGF0cmFwYXLDoSB1biBoZWNoaXpvIHF1ZSBubyBwdWVkZXMgY29udHJvbGFyIHksIMKhQlVNISwgZGVqYXLDoXMgZGUgZXhpc3Rpci4KU2kgbm8gcXVpZXJlcyBxdWUgZXNvIG9jdXJyYSwgwqFhcHJlbmRlIGEgdXNhciBiaWVuIGxvcyBoZWNoaXpvcyE=
ZcegBg,,W1JhdWxlbF0KWW91IG1heSBsaXZlIGxpZmUgY3JpcHBsZWQgaWYgeW91IGdldCBvYnNlc3NlZCB3aXRoIHRoZSBsb3ZlIG9mIEdyZWF0ZXIgTWFnaWMuIH5oYWhh,,,,,W0xhdXJvXQpWb2PDqiBuw6NvIHZpdmVyw6EgYSB2aWRhIHBvciBpbnRlaXJvIHNlIGZpY2FyIG9iY2VjYWRvIHBlbGEgR3JhbmRlIE1hZ2lhLiBIYWhhLg==,,W1JhdWxlbF0KUHVlZGVzIGxlc2lvbmFydGUgZGUgcG9yIHZpZGEgc2kgdGUgb2JzZXNpb25hcyBjb24gZWwgYW1vciBhIGxhIE1hZ2lhIHN1cGVyaW9yLiBKYSwgamEu
ZsegBg,,W1JhdWxlbF0KRG9uJ3QgbGl2ZSBkaXNob25lc3RseSwgb3IgaW1wb2xpdGVseSwgb3IgZWxzZSBvbmUgZGF5IHlvdSdsbCBiZSBjYXVnaHQgaW4gYSBzcGVsbCB5b3UgY2FuJ3QgY29udHJvbCwgYW5kIEJPT00sIHlvdXIgZGVhZCEKU28gbGVhcm4gaG93IHRvIHVzZSBtYWdpYyBwcm9wZXJseSwgb3IgeW91IHdvdWxkIGp1c3QgYmUgYmV0dGVyIG9mZiBnaXZpbmcgdXAgb24gdXNpbmcgbWFnaWMu,,,,,W0xhdXJvXQpOw6NvIHNlamEgZGVzb25lc3RvIG91IG1hbCBlZHVjYWRvLCBvdSB1bSBkaWEgdm9jw6ogc2UgdmVyw6EgZW0gbWVpbyBhIHVtIGZlaXRpw6dvIHF1ZSBuw6NvIGNvbnNlZ3VlIGNvbnRyb2xhciBlIEJVTSEgRXN0w6EgbW9ydG8hCkVudMOjbywgYXByZW5kYSBhIHVzYXIgYSBtYWdpYSBkaXJlaXRvLCBvdSDDqSBtZWxob3IgZGVzaXN0aXIgZGUgdXPDoS1sYS4=,,W1JhdWxlbF0KTm8gdml2YXMgZGUgbWFuZXJhIGRlc2hvbmVzdGEgbmkgZGVzY29ydMOpcyBvIGFsZ8O6biBkw61hIHRlIGF0cmFwYXLDoSB1biBoZWNoaXpvIHF1ZSBubyBwdWVkZXMgY29udHJvbGFyIHksIMKhQlVNISwgZGVqYXLDoXMgZGUgZXhpc3Rpci4KQXPDrSBxdWUgYXByZW5kZSBhIHVzYXIgbGEgbWFnaWEgY29ycmVjdGFtZW50ZSwgc2kgbm8sIHNlcsOhIG1lam9yIHF1ZSByZW51bmNpZXMgYSB1c2FybGEu
Z8egBg,,W1JhdWxlbF0KSWYgeW91IGRvbid0IHdhbnQgdGhhdCwgZ28gaGl0IG9uIGEgZ3V5IG9yIHNvbWV0aGluZyEgfkhhaGFoYWhhCklmIHlvdSBkb24ndCBwYXkgYXR0ZW50aW9uIHRvIHlvdXJzZWxmLCB5b3UnbGwgYmUgZW5ndWxmZWQgYnkgbWFnaWMgb25lIGRheS4uLg==,,,,,W0xhdXJvXQpTZSBuw6NvIHF1aXNlciBpc3NvLCB2w6EgYnJpZ2FyIGNvbSBhbGd1w6ltIG91IGFsZ28gcGFyZWNpZG8hIEhhaGFoYWhhLgpTZSBuw6NvIHByZXN0YXIgYXRlbsOnw6NvLCB2b2PDqiBzZXLDoSBjb25zdW1pZG8gcGVsYSBtYWdpYSB1bSBkaWEuLi4gIA==,,W1JhdWxlbF0KU2kgbm8gcXVpZXJlcyBlc28sIMKhdmV0ZSBhIHNlZHVjaXIgYSB1biB0aXBvIG8gYWxnbyEgfkphLCBqYSwgamEsIGphClNpIG5vIHByZXN0YXMgYXRlbmNpw7NuIGEgbG8gcXVlIGhhY2VzLCB1biBkw61hIHRlIGVuZ3VsbGlyw6EgbGEgbWFnaWHigKY=
aMegBg,,W1JhdWxlbF0KR28gYXdheSwgb25lIHdobyB3b3JrcyBmb3IgdGhlIENodXJjaCEKTWFnaWMgcmVwZWxzIEhvbHkgcG93ZXIsIGplZXouLi55b3VyIG1lc3NpbmcgdXAgbXkgYXVyYS4=,,,,,W0xhdXJvXQpWw6EgZW1ib3JhLCBwZXNzb2EgcXVlIHRyYWJhbGhhIHBhcmEgYSBJZ3JlamEhCkEgbWFnaWEgcmVwZWxlIG8gcG9kZXIgc2FncmFkby4uLiBhZmUsIHZvY8OqIGVzdMOhIGJhZ3Vuw6dhbmRvIGEgbWluaGEgYXVyYS4=,,W1JhdWxlbF0KwqFWZXRlLCB0w7ogcXVlIHRyYWJhamFzIHBhcmEgbGEgSWdsZXNpYSEKTGEgbWFnaWEgcmVwZWxlIGVsIHBvZGVyIHNhZ3JhZG8uIENpZWxvc+KApiBlc3TDoXMgYXJydWluYW5kbyBtaSBhdXJhLg==
acegBg,,W1JhdWxlbF0KQW5kIHBsdXMsICpjb3VnaCogKmNvdWdoKiBteSBoZWFsdGggaXNuJ3QgYWxsIHRoYXQgZ29vZCByaWdodCBub3cgZWl0aGVyLi4uCkRvbid0IGNvbWUgYW55IGNsb3NlciwganVzdCBsZWF2ZSE=,,,,,W0xhdXJvXQpFLCBhbMOpbSBkaXNzbywgKmNvZiogKmNvZiosIGEgbWluaGEgc2HDumRlIG7Do28gZXN0w6EgYXF1ZWxhcyBjb2lzYXMuLi4KTmVtIGNoZWd1ZSBwZXJ0bywgYXBlbmFzIHbDoSBlbWJvcmEh,,W1JhdWxlbF0KWSBhZGVtw6FzICpUb3MqICpUb3MqIG1pIHNhbHVkIGRlamEgbXVjaG8gcXVlIGRlc2VhciBwb3IgZWwgbW9tZW50b+KApgrCoU5vIHRlIGFjZXJxdWVzIG3DoXMsIHZldGUh
asegBg,,W1JhdWxlbF0KV2h5IGRpZCBhIGxpdHRsZSBvbmUgbGlrZSAgeW91IGNvbWUgaGVyZT8hCkdldCBsb3N0ISB+SGFoYWhhaGFoYQ==,,,,,W0xhdXJvXQpQb3IgcXVlIGFsZ3XDqW0gdMOjbyBwZXF1ZW5pbm8gcXVhbnRvIHZvY8OqIHZlaW8gYXTDqSBhcXVpPz8KU3VtYSBkYXF1aSEgSGFoYWhhaGFoYQ==,,W1JhdWxlbF0KwqHCv1BvciBxdcOpIHZlbmRyw61hIGFxdcOtIGFsZ3VpZW4gdGFuIGluc2lnbmlmaWNhbnRlIGNvbW8gdMO6PyEKwqFQacOpcmRldGUhIH5BYWFoaGg=
a8egBg,,W1JhdWxlbF0KKnNuZWV6ZSogKmNvdWdoKiBPb29vd3d3Li4ubXkgZW50aXJlIGJvZHkgaXMgaW4gcGFpbi4gIEkgZmVlbCBsaWtlIEknbSB0cmFwcGVkIGluIGEgdHViIG9mIGljZSB3YXRlciE=,,,,,W0xhdXJvXQoqYXRjaGltKiAqY29mKiBBYWFpaWkuLi4gbyBtZXUgY29ycG8gZXN0w6EgdG9kbyBkb2xvcmlkby4gIFNpbnRvIHF1ZSBlc3RvdSBjZXJjYWRvIGRlIMOhZ3VhIGNvbmdlbGFkYSE=,,W1JhdWxlbF0KKkVzdG9ybnVkbyogKlRvcyogQWFhdXV1Y2jigKYgbWUgZHVlbGUgdG9kbyBlbCBjdWVycG8uICDCoU1lIHNpZW50byBjb21vIHNpIGVzdHV2aWVyYSBhdHJhcGFkbyBlbiB1bmEgYmHDsWVyYSBjb24gYWd1YSBoZWxhZGEh
bMegBg,,W1JhdWxlbF0KV2hhdCBkbyB5b3Ugd2FudD8gIEplZXouLi5qdXN0IGdldCBsb3N0LCB3b24ndCB5b3U/,,,,,W0xhdXJvXQpPIHF1ZSB2b2PDqiBxdWVyPyAgQWZlLi4uIHN1bWEgZGFxdWkh,,W1JhdWxlbF0Kwr9RdcOpIHF1aWVyZXM/ICBDaWVsb3PigKYgcGnDqXJkZXRlLCDCv3F1aWVyZXM/
bcegBg,,W1JhdWxlbF0KKmNvdWdoKiAqY291Z2gqICpzbmVlemUqICBJIGRvbid0IGtub3cgd2hvIHlvdSBhcmUgYW5kIHdoYXQgeW91IGRvLCBidXQgSSBkb24ndCBoYXZlIGFueSBidXNpbmVzcyB3aXRoIHlvdS4=,,,,,W0xhdXJvXQoqY29mKiAqY29mKiAqYXRjaGltKiBOw6NvIHNlaSBxdWVtIHZvY8OqIMOpIGUgbyBxdWUgZmF6LCBtYXMgbsOjbyB0ZW5obyBuYWRhIGEgdHJhdGFyIGNvbSB2b2PDqi4=,,W1JhdWxlbF0KKlRvcyogKlRvcyogKkVzdG9ybnVkbyogTm8gc8OpIHF1acOpbiBlcmVzIG5pIGEgcXXDqSB0ZSBkZWRpY2FzLCBwZXJvIG5vIHRlbmdvIG5hZGEgcXVlIGhhYmxhciBjb250aWdvLg==
bsegBg,,W1JhdWxlbF0KR28gYXdheSEgIEdldCBsb3N0IQ==,,,,,W0xhdXJvXQpWw6EgZW1ib3JhISAgU3VtYSBkYXF1aSE=,,W1JhdWxlbF0KwqFWZXRlISAgwqFTYWwgZGUgYXF1w60h
b8egBg,,W1JhdWxlbF0KSGFoYWhhaGF+ICBZb3UncmUgdGhlIG9uZSB0aGF0IHdhbnRzIHRvIGJlY29tZSBhIFdpemFyZD8h,,,,,W0xhdXJvXQpIYWhhaGFoYS4uLiDDiSB2b2PDqiBxdWUgcXVlciBzZSB0b3JuYXIgdW0gQnJ1eG8/Pw==,,W1JhdWxlbF0KSmEsIGphLCBqYSwgamEuIMKhwr9Uw7ogcXVpZXJlcyBzZXIgZGUgbGEgY2xhc2UgSGVjaGljZXJvPyE=
cMegBg,,W1JhdWxlbF0KKnNuZWV6ZSogIElmIHlvdSBqdXN0IGxpdmVkIGFzIHlvdSB3ZXJlLCBhbGwgeW91J2QgaGF2ZSB0byBkbyB3YXMgaHVudCBhIGxpdHRsZSBhbmQgbGl2ZSB0aGUgZWFzeSBsaWZlLi4u,,,,,W0xhdXJvXQoqYXRjaGltKiBTZSBjb250aW51YXIgZG8gamVpdG8gcXVlIGVzdMOhLCB0dWRvIG8gcXVlIHByZWNpc2Fyw6EgZmF6ZXIgc2Vyw6EgY2HDp2FyIHVtIHBvdWNvIGUgdml2ZXIgdW1hIHZpZGEgZsOhY2lsLi4u,,W1JhdWxlbF0KKkVzdG9ybnVkbyogU2kgdml2aWVyYXMgY29tbyBoYXN0YSBhaG9yYSwgdG9kbyBsbyBxdWUgdGVuZHLDrWFzIHF1ZSBoYWNlciBzZXLDrWEgY2F6YXIgeSB2aXZpciB1bmEgdmlkYSBmw6FjaWzigKY=
ccegBg,,W1JhdWxlbF0KKkNvdWdoKiAqY291Z2gqICBMZXQncyBzZWUgaG93IHdlbGwgeW91IGxpdmUgYXMgYSBXaXphcmQuIH5IYWhhaGFoaGFoYQ==,,,,,W0xhdXJvXQoqQ29mKiAqY29mKiBWYW1vcyB2ZXIgY29tbyBzZXLDoSBhIHN1YSB2aWRhIGRlIEJydXhvLiBIYWhhaGFoaGFoYS4=,,W1JhdWxlbF0KKlRvcyogKlRvcyogVmVhbW9zIHF1w6kgdGFuIGJpZW4gdml2ZXMgY29tbyBtaWVtYnJvIGRlIGxhIGNsYXNlIEhlY2hpY2Vyb3MuIEphLCBqYSwgamEsIGphLCBqYS4=
csegBg,,W1JhdWxlbF0KKkNvdWdoKiAqY291Z2gqLi4uWW91IG11c3QndmUgcGFzc2VkIHRoZSBmaXJzdCB0ZXN0LgpPaywgSSdtIHRoZSBXaXphcmQgaW4gY2hhcmdlIG9mIHlvdXIgdGVzdGluZyBmcm9tIG5vdyBvbi4gIE15IG5hbWUgaXMgJ1JhdWxlbCBBc3BhcmFndXMnLg==,,,,,W0xhdXJvXQoqQ29mKiAqY29mKi4uLiBWb2PDqiBkZXZlIHRlciBwYXNzYWRvIGRvIHByaW1laXJvIHRlc3RlLgpPaywgZXUgc2VyZWkgbyBCcnV4byBlbmNhcnJlZ2FkbyBkbyBzZXUgdGVzdGUgZGUgYWdvcmEgZW0gZGlhbnRlLiAgTWV1IG5vbWUgw6kgJ1JhdWxlbCBBc3BhcmFndXMnLg==,,W1JhdWxlbF0KKlRvcyogKlRvcyrigKYgRGViZXMgZGUgaGFiZXIgcGFzYWRvIGxhIHByaW1lcmEgcHJ1ZWJhLgpEZSBhY3VlcmRvLCBhIHBhcnRpciBkZSBhaG9yYSwgeW8gc2Vyw6kgZWwgSGVjaGljZXJvIGVuY2FyZ2FkbyBkZSB0dXMgcHJ1ZWJhcy4gIE1lIGxsYW1vIOKAnFJhdWxlbCBFc3DDoXJyYWdv4oCdLg==
c8egBg,,W1JhdWxlbF0KKnNuZWV6ZSogIEl0J3Mgbm90IHRvbyBsYXRlIHlldCwgd291bGRuJ3QgeW91IHJhdGhlciBqdXN0IGdvIGJhY2sgdG8gdG93biBhbmQgZW5qb3kgdGhlIHBlYWNlZnVsIGxpZmU/,,,,,W0xhdXJvXQoqYXRjaGltKiBWb2PDqiBuw6NvIHByZWZlcmUgdm9sdGFyIMOgIGNpZGFkZSBlIGxldmFyIHVtYSB2aWRhIHBhY8OtZmljYT8gQWluZGEgZMOhIHRlbXBvLg==,,W1JhdWxlbF0KKkVzdG9ybnVkbyogQcO6biBlc3TDoXMgYSB0aWVtcG8sIMK/bm8gcHJlZmVyaXLDrWFzIHZvbHZlciBhIGxhIGNpdWRhZCB5IGRpc2ZydXRhciBkZSB1bmEgdmlkYSB0cmFucXVpbGE/
dMegBg,,W1JhdWxlbF0KSGFoYWhhaGF+ICBZb3UgZG9uJ3Qga25vdyBob3cgZGFuZ2Vyb3VzIGl0IGlzLi4udG8gZGVhbCB3aXRoIEdyZWF0ZXIgTWFnaWMu,,,,,W0xhdXJvXQpIYWhhaGFoYS4uLiBWb2PDqiBuw6NvIHNhYmUgY29tbyDDqSBwZXJpZ29zby4uLiBtZXhlciBjb20gYSBHcmFuZGUgTWFnaWEu,,W1JhdWxlbF0KSmEsIGphLCBqYSwgamF+IE5vIHNhYmVzIGxvIHBlbGlncm9zbyBxdWUgZXPigKYgdXNhciBsYSBNYWdpYSBzdXBlcmlvci4=
dcegBg,,SSB3YW50IHRvIGxpdmUgYXMgYSBub3JtYWwgTWFnZS4=,,,,,UXVlcm8gdml2ZXIgY29tbyB1bSBNYWdvIGNvbXVtLg==,,UXVpZXJvIHZpdmlyIHVuYSB2aWRhIGRlIE1hZ28gbm9ybWFsLg==
dsegBg,,SSB3b3VsZCBsaWtlIHRvIGNvbnRpbnVlIHdpdGggdGhlIHRlc3RzLg==,,,,,RXUgZ29zdGFyaWEgZGUgY29udGludWFyIG9zIHRlc3Rlcy4=,,TWUgZ3VzdGFyw61hIGNvbnRpbnVhciBjb24gbGFzIHBydWViYXMu
d8egBg,,W1JhdWxlbF0KSGFoYWhhfiAqc25lZXplKiAgR29vZCBjaG9pY2UuLi4qY291Z2gqICpjb3VnaCp+CkJlc3Qgbm90IHRvIGV2ZW4gZHJlYW0gYWJvdXQgbGlmZSBhcyBhIFdpemFyZC4gIEdyYWEuLi5HcmVhYS4uLipzbmVlemUqICBHcmVhdGVyIE1hZ2ljIHdhc24ndCBtZWFudCBmb3IgaHVtYW5zIHRvIHVzZSE=,,,,,W0xhdXJvXQpIYWhhaGEuLi4gKmF0Y2hpbSogQm9hIGVzY29saGEuLi4gKmNvZiogKmNvZioKIMOJIG1lbGhvciBuZW0gc29uaGFyIGNvbSBhIHZpZGEgZGUgdW0gQnJ1eG8uICDDk3RpLi4uIMOTdGlpaW0uLi4gKmF0Y2hpbSogQSBHcmFuZGUgTWFnaWEgbsOjbyBmb2kgZmVpdGEgcGFyYSBvcyBodW1hbm9zIQ==,,W1JhdWxlbF0KSmEsIGphLCBqYS4gKkVzdG9ybnVkbyogQnVlbmEgZWxlY2Npw7Nu4oCmKlRvcyogKlRvcyoKTWVqb3Igbmkgc2/DsWFyIGNvbiBsYSB2aWRhIGRlIEhlY2hpY2Vyby4gIExhIG1h4oCmIExhIG1hYWHigKYgKkVzdG9ybnVkbyogwqFMYSBNYWdpYSBzdXBlcmlvciBubyBkZWJlcsOtYW4gdXNhcmxhIGxvcyBodW1hbm9zIQ==
eMegBg,,W1JhdWxlbF0KTGVhdmUgdGhlIHRvcCBvZiB0aGlzIHRvd2VyIHF1aWV0bHkgYW5kIGRvbid0IGV2ZXIgbG9vayBiYWNrLgpKdXN0IGxpdmUgcGVhY2VmdWxseSB3aXRoIHRoZSBwb3dlcnMgdGhhdCB5b3UgaGF2ZSByaWdodCBub3cu,,,,,W0xhdXJvXQpEZWl4ZSBhIHRvcnJlIGVtIHNpbMOqbmNpbyBlIG7Do28gb2xoZSBwYXJhIHRyw6FzLgpBcGVuYXMgdml2YSBlbSBwYXogY29tIG9zIHBvZGVyZXMgcXVlIHZvY8OqIHRlbSBhZ29yYS4=,,W1JhdWxlbF0KQWJhbmRvbmEgbGEgY2ltYSBkZSBlc3RhIHRvcnJlIGVuIHNpbGVuY2lvIHkgbm8gbWlyZXMgYXRyw6FzLgpWaXZlIGVuIHBheiBjb24gbG9zIHBvZGVyZXMgcXVlIHlhIHRpZW5lcy4=
ecegBg,,W1JhdWxlbF0KKnNuZWV6ZSogIEhhaGFoYWhhfiAgTm93IHRoZXJlJ3MgYSBmb29saXNoIG9uZSBoZXJlIQpXZWxsIHRoZW4sIGxldCdzIHNlZSBob3cgZ29vZCB5b3UgYXJlLiAgKmNvdWdoKiBJIHdhbnQgdG8gc2VlIHRoaXMgd2l0aCBteSBvd24gdHdvIGV5ZXMh,,,,,W0xhdXJvXQoqYXRjaGltKiBIYWhhaGFoYS4gRW5jb250cmVpIHVtIHRvbG8hCk11aXRvIGJlbS4gVmFtb3MgdmVyIHNlIHZvY8OqIMOpIGJvbSBtZXNtby4gICpjb2YqIFF1ZXJvIHZlciBpc3NvIGNvbSBvcyBtZXVzIHByw7NwcmlvcyBvbGhvcyE=,,W1JhdWxlbF0KKkVzdG9ybnVkbyogSmEsIGphLCBqYSwgamEuIMKhVHUgaW5nZW51aWRhZCBtZSBpbXByZXNpb25hIQpCaWVuLCBkZW11w6lzdHJhbWUgdHUgcGVyaWNpYS4gKlRvcyogwqFRdWllcm8gdmVybG8gY29uIG1pcyBwcm9waW9zIG9qb3Mh
esegBg,,W1JhdWxlbF0KKnNuZWV6ZSogIFRoZW4gbGV0J3MgYmVnaW4gdGhlIHRlc3QhCklmIHlvdSBkb24ndCBhbnN3ZXIgdGhlbSBhbGwgY29ycmVjdGx5LCB5b3UgZmFpbC4gIEhhaGFoYWhhaGFoYWhhaGFoYX4=,,,,,W0xhdXJvXQoqYXRjaGltKiBFbnTDo28sIHZhbW9zIGNvbWXDp2FyIG8gdGVzdGUhClNlIG7Do28gcmVzcG9uZGVyIHR1ZG8gY29ycmV0YW1lbnRlLCB2b2PDqiBuw6NvIHNlcsOhIGFwcm92YWRvLiAgSGFoYWhhaGFoYWhhaGFoYWhhLg==,,W1JhdWxlbF0KKkVzdG9ybnVkbyogRW50b25jZXMsIMKhY29tZW5jZW1vcyBsYSBwcnVlYmEhClNpIG5vIGNvbnRlc3RhcyB0b2RhcyBjb3JyZWN0YW1lbnRlLCBkZXNhcHJvYmFyw6FzLiAgSmEsIGphLCBqYSwgamEsIGphLCBqYSwgamEsIGphLCBqYSwgamEu
e8egBg,,W1JhdWxlbF0KSSdsbCBnaXZlIHlvdSAxMCBxdWVzdGlvbnMgc28gZ2l2ZSBtZSB0aGUgcmlnaHQgYW5zd2Vycy4KSWYgeW91IGdldCBzb21ldGhpbmcgd3JvbmcsIEkgd29uJ3QgdGVsbCB5b3Ugd2hhdCBpdCBpcyE=,,,,,W0xhdXJvXQpWb3UgbGhlIGRhciAxMCBwZXJndW50YXMgZSB2b2PDqiB0ZXLDoSBkZSByZXNwb25kw6otbGFzIGNvcnJldGFtZW50ZS4KRXUgbsOjbyB2b3UgYXZpc2FyIHZvY8OqIHNlIGVycmFyIGFsZ3VtYSBjb2lzYSE=,,W1JhdWxlbF0KVGUgaGFyw6kgMTAgcHJlZ3VudGFzIHkgZGViZXLDoXMgcmVzcG9uZGVybGFzIHRvZGFzIGNvcnJlY3RhbWVudGUuClNpIHRlIGVxdWl2b2NhcyBlbiBhbGd1bmEsIMKhbm8gdGUgZGlyw6kgZW4gY3XDoWwh
fMegBg,,W1JhdWxlbF0KKkNvdWdoKiAqY291Z2gqICBUaGVuIGhlcmUgZ28gdGhlIHF1ZXN0aW9ucyE=,,,,,W0xhdXJvXQoqQ29mKiAqY29mKiBFbnTDo28sIGFxdWkgdsOjbyBhcyBwZXJndW50YXMh,,W1JhdWxlbF0KKlRvcyogKlRvcyogQmllbiwgYXF1w60gdmFuIGxhcyBwcmVndW50YXMu
fcegBg,,W1JhdWxlbF0KMS4gV2hpY2ggb2YgdGhlIGZvbGxvd2luZyBpcyBub3QgbmVjZXNzYXJ5IHRvIGxlYXJuIEZpcmUgV2FsbD8=,,,,,W0xhdXJvXQoxLiBRdWFsIGRhcyBoYWJpbGlkYWRlcyBhIHNlZ3VpciBuw6NvIMOpIG5lY2Vzc8OhcmlhIHBhcmEgYXByZW5kZXIgQmFycmVpcmEgZGUgRm9nbz8=,,W1JhdWxlbF0KMS4gwr9DdcOhbCBkZSBsYXMgc2lndWllbnRlcyBvcGNpb25lcyBubyBlcyBuZWNlc2FyaWEgcGFyYSBhcHJlbmRlciBCYXJyZXJhIGRlIGxsYW1hPw==
fsegBg,,RmlyZSBCb2x0IEx2IDQ=,,,,,TGFuw6dhcyBkZSBGb2dvIE52LiA0,,RmxlY2hhIGRlIGxsYW1hIG52LiA0
f8egBg,,RmlyZSBCYWxsIEx2IDU=,,,,,Qm9sYXMgZGUgRm9nbyBOdi4gNQ==,,Qm9sYSBkZSBmdWVnbyBudi4gNQ==
gMegBg,,U2lnaHQgTHYgMQ==,,,,,Q2hhbWEgUmV2ZWxhZG9yYSBOdi4gMQ==,,VmlzacOzbiBudi4gMQ==
gcegBg,,TmFwYWxtIEJlYXQgTHYgNA==,,,,,QXRhcXVlIEVzcGlyaXR1YWwgTnYuIDQ=,,R29scGUgZXNwaXJpdHVhbCBudi4gNA==
gsegBg,,W1JhdWxlbF0KMi4gUmVnYXVyZGxlc3Mgb2YgaXQncyBwcmV2aW91cyBhdHRyaWJ1dGUsIFdoYXQgZG9lcyB0aGUgbW9uc3RlcidzIGF0dHJpYnV0ZSBjaGFuZ2UgdG8gd2hlbiB5b3UgY2FzdCBGcm9zdCBEaXZlciBvbiBpdD8=,,,,,W0xhdXJvXQoyLiBTZWphIHF1YWwgZm9yIG8gYXRyaWJ1dG8gYW50ZXJpb3IsIG5vIHF1ZSBzZSB0cmFuc2Zvcm1hIG8gYXRyaWJ1dG8gZG8gbW9uc3RybyBxdWFuZG8gdm9jw6ogbGFuw6dhIFJhamFkYSBDb25nZWxhbnRlIG5lbGU/,,W1JhdWxlbF0KMi4gSW5kZXBlbmRpZW50ZW1lbnRlIGRlbCBhdHJpYnV0byBxdWUgdGVuZ2EgZWwgbW9uc3RydW8sIMK/YSBxdcOpIGF0cmlidXRvIG51ZXZvIGNhbWJpYSBjdWFuZG8gbGUgbGFuemFzIEJ1em8gZGUgZXNjYXJjaGE/
g8egBg,,V2F0ZXI=,,,,,IMOBZ3Vh,,QWd1YQ==
hMegBg,,RWFydGg=,,,,,VGVycmE=,,VGllcnJh
hcegBg,,RmlyZQ==,,,,,Rm9nbw==,,RnVlZ28=
hsegBg,,V2luZA==,,,,,VmVudG8=,,VmllbnRv
h8egBg,,W1JhdWxlbF0KMy4gV2hlbiB5b3UgY29tcGxldGVseSBtYXN0ZXIgTmFwYWxtIEJlYXQsIHdoYXQgaXMgdGhlIHJhdGlvIG9mIHRoZSBpbmNyZWFzZWQgTUFUSyB1c2luZyB0aGF0IHNwZWxsPw==,,,,,W0xhdXJvXQozLiBRdWFuZG8gdm9jw6ogZG9taW5hIGNvbXBsZXRhbWVudGUgbyBBdGFxdWUgRXNwaXJpdHVhbCwgZW0gcXVlIHByb3BvcsOnw6NvIGEgQVRRTSDDqSBhdW1lbnRhZGEgcXVhbmRvIHZvY8OqIHVzYSBlc3NlIGZlaXRpw6dvPw==,,W1JhdWxlbF0KMy4gQ3VhbmRvIGRvbWluYXMgY29tcGxldGFtZW50ZSBHb2xwZSBlc3Bpcml0dWFsLCDCv2N1w6FsIGVzIGxhIHRhc2EgZGVsIEFUUU0gYXVtZW50YWRvIHVzYW5kbyBlc2UgaGVjaGl6bz8=
iMegBg,,MS42IHRpbWVz,,,,,MSw2IHZlemVz,,MSw2IHZlY2Vz
icegBg,,MS43IHRpbWVz,,,,,MSw3IHZlemVz,,MSw3dmVjZXM=
isegBg,,MiB0aW1lcw==,,,,,MiB2ZXplcw==,,MnZlY2Vz
i8egBg,,MjAgdGltZXM=,,,,,MjAgdmV6ZXM=,,MjB2ZWNlcw==
jMegBg,,W1JhdWxlbF0KNC4gV2hhdCBpdGVtIGRvIHlvdSBuZWVkIHdoZW4gY2FzdGluZyBTdG9uZSBDdXJzZT8=,,,,,W0xhdXJvXQo0LiBEZSBxdWUgaXRlbSB2b2PDqiBwcmVjaXNhIHF1YW5kbyBsYW7Dp2EgUGV0cmlmaWNhcj8=,,W1JhdWxlbF0KNC4gwr9RdcOpIG9iamV0byBuZWNlc2l0YXMgcGFyYSBsYW56YXIgbGEgTWFsZGljacOzbiBww6l0cmVhPw==
jcegBg,,UmVkIEJsb29k,,,,,U2FuZ3VlIEVzY2FybGF0ZQ==,,U2FuZ3JlIFJvamE=
jsegBg,,Qmx1ZSBHZW1zdG9uZQ==,,,,,R2VtYSBBenVs,,R2VtYSBhenVs
j8egBg,,WWVsbG93IEdlbXN0b25l,,,,,R2VtYSBBbWFyZWxh,,R2VtYSBhbWFyaWxsYQ==
kMegBg,,UmVkIEdlbXN0b25l,,,,,R2VtYSBWZXJtZWxoYQ==,,R2VtYSByb2ph
kcegBg,,W1JhdWxlbF0KNS4gV2hpY2ggb2YgdGhlIGZvbGxvd2luZyBpcyBub3QgcmVxdWlyZWQgdG8gbWFzdGVyIFNhZmV0eSBXYWxsPw==,,,,,W0xhdXJvXQo1LiBRdWFsIGRhcyBoYWJpbGlkYWRlcyBhIHNlZ3VpciBuw6NvIMOpIG5lY2Vzc8OhcmlhIHBhcmEgZG9taW5hciBFc2N1ZG8gTcOhZ2ljbz8=,,W1JhdWxlbF0KNS4gwr9DdcOhbCBkZSBsYXMgc2lndWllbnRlcyBvcGNpb25lcyBubyBlcyBuZWNlc2FyaWEgcGFyYSBkb21pbmFyIEJhcnJlcmEgZGUgcHJvdGVjY2nDs24/
ksegBg,,U291bCBTdHJpa2UgTHYgNQ==,,,,,RXNww61yaXRvcyBBbmNpw7VlcyBOdi4gNQ==,,SW52b2NhY2nDs24gZGUgYWxtYSBudi41
k8egBg,,SW5jcmVhc2UgU1AgUmVjb3ZlcnkgTHYgNg==,,,,,QXVtZW50YXIgUmVjdXBlcmHDp8OjbyBkZSBTUCBOdi4gNg==,,QXVtZW50byBkZSByZWN1cGVyYWNpw7NuIGRlIFBNIG52LjY=
lMegBg,,U2FmZXR5IFdhbGwgTHYgNw==,,,,,RXNjdWRvIE3DoWdpY28gTnYuIDc=,,QmFycmVyYSBkZSBwcm90ZWNjacOzbiBudi43
lcegBg,,W1JhdWxlbF0KNi4gV2l0aG91dCB0aGUgSU5UIGJvbnVzLCB3aGF0IGFtb3VudCBvZiBTUCBpcyByZWNvdmVyZWQgZXZlcnkgMTAgc2Vjb25kcyB3aGVuIHlvdSBoYXZlIGxlYXJuZWQgSW5jcmVhc2UgU1AgUmVjb3ZlcnkgTHYgNz8=,,,,,W0xhdXJvXQo2LiBTZW0gbyBiw7RudXMgZGUgSU5ULCBxdWUgcXVhbnRpZGFkZSBkZSBTUCBzZXLDoSByZWN1cGVyYWRhIGEgY2FkYSAxMCBzZWd1bmRvcyBkZXBvaXMgZGUgdm9jw6ogYXByZW5kZXIgQXVtZW50YXIgUmVjdXBlcmHDp8OjbyBkZSBTUCBOdi4gNz8=,,W1JhdWxlbF0KNi4gU2luIGxhIGJvbmlmaWNhY2nDs24gSU5ULCDCv3F1w6kgY2FudGlkYWQgZGUgUE0gc2UgcmVjdXBlcmEgY2FkYSAxMHNlZ3VuZG9zIGN1YW5kbyBhcHJlbmRlcyBBdW1lbnRvIGRlIHJlY3VwZXJhY2nDs24gZGUgUE0gbnYuNz8=
lsegBg,,MTQ=,,,,,MTQ=,,MTQ=
l8egBg,,MjE=,,,,,MjE=,,MjE=
mMegBg,,Mjg=,,,,,Mjg=,,Mjg=
mcegBg,,MzU=,,,,,MzU=,,MzU=
msegBg,,W1JhdWxlbF0KNy4gVXNpbmcgRW5lcmd5IENvYXQsIHdoZW4geW91IGhhdmUgNTAlIG9mIHlvdXIgU1AgcmVtYWluaW5nLCBob3cgbXVjaCBTUCBpcyB1c2VkIHdoZW4gaGl0LCBhbmQgd2hhdCBwZXJjZW50YWdlIGlzIGRhbWFnZSByZWR1Y2VkIGJ5Pw==,,,,,W0xhdXJvXQo3LiBVc2FuZG8gUHJvdGXDp8OjbyBBcmNhbmEsIGUgZW5xdWFudG8gdm9jw6ogYWluZGEgdGl2ZXIgNTAlIGRlIFNQLCBxdWFudG8gZG8gU1Agc2Vyw6EgdXNhZG8gc2Ugdm9jw6ogZm9yIGF0aW5naWRvIGUgcXVhbCBvIHBlcmNlbnR1YWwgZGUgcmVkdcOnw6NvIGRlIGRhbm8/,,W1JhdWxlbF0KNy4gVXNhbmRvIENhcGEgZW5lcmfDqXRpY2EsIGN1YW5kbyB0ZSBxdWVkYSBlbCA1MCUgZGUgdHVzIFBNLCDCv2N1w6FudG9zIFBNIHNlIHVzYW4gY3VhbmRvIHJlY2liZXMgdW4gZ29scGUgeSBlbiBxdcOpIHBvcmNlbnRhamUgc2UgcmVkdWNlIGVsIGRhw7FvPw==
m8egBg,,RGFtYWdlIDE4JSBTUDEuNSU=,,,,,RGFubyAxOCUsIFNQIDEsNSU=,,RGHDsW8gMTglLCBQTSAxLDUl
nMegBg,,RGFtYWdlIDE4JSBTUDIl,,,,,RGFubyAxOCUsIFNQIDIl,,RGHDsW8gMTglLCBQTSAyJQ==
ncegBg,,RGFtYWdlIDI0JSBTUDEuNSU=,,,,,RGFubyAyNCUsIFNQIDEsNSU=,,RGHDsW8gMjQlLCBQTSAxLDUl
nsegBg,,RGFtYWdlIDI0JSBTUDIl,,,,,RGFubyAyNCUsIFNQIDIl,,RGHDsW8gMjQlLCBQTSAyJQ==
n8egBg,,W1JhdWxlbF0KOC4gSG93IG11Y2ggU1AgaXMgY29uc3VtZWQgYW5kIGhvdyBtYW55IHRpbWVzIGNhbiB5b3UgYXZvaWQgYXR0YWNrcyB3aGVuIHVzaW5nIFNhZmV0eSBXYWxsIEx2IDY/,,,,,W0xhdXJvXQo4LiBRdWFudG8gZGUgU1Agw6kgY29uc3VtaWRvIGUgcXVhbnRhcyB2ZXplcyB2b2PDqiBwb2RlIGV2aXRhciBhdGFxdWVzIGVucXVhbnRvIGVzdGl2ZXIgdXNhbmRvIEVzY3VkbyBNw6FnaWNvIE52LiA2Pw==,,W1JhdWxlbF0KOC4gwr9DdcOhbnRvIFBNIHNlIGNvbnN1bWUgeSBjdcOhbnRhcyB2ZWNlcyBzZSBwdWVkZW4gZXZpdGFyIGxvcyBhdGFxdWVzIGFsIHVzYXIgQmFycmVyYSBkZSBwcm90ZWNjacOzbiBudi42Pw==
oMegBg,,U1AgNDAsIDYgdGltZXM=,,,,,U1AgNDAsIDYgdmV6ZXM=,,UE00MCwgNnZlY2Vz
ocegBg,,U1AgMzUsIDYgdGltZXM=,,,,,U1AgMzUsIDYgdmV6ZXM=,,UE0zNSwgNnZlY2Vz
osegBg,,U1AgNDAsIDcgdGltZXM=,,,,,U1AgNDAsIDcgdmV6ZXM=,,UE00MCwgN3ZlY2Vz
o8egBg,,U1AgMzUsIDcgdGltZXM=,,,,,U1AgMzUsIDcgdmV6ZXM=,,UE0zNSwgN3ZlY2Vz
pMegBg,,W1JhdWxlbF0KOS4gSG93IG11Y2ggU1AgaXMgbmVlZGVkIHdoZW4gdXNpbmcgTHYgMTAgVGh1bmRlcnN0b3JtPw==,,,,,W0xhdXJvXQo5LiBRdWFudG8gZGUgU1Agw6kgbmVjZXNzw6FyaW8gcGFyYSB1c2FyIFRlbXBlc3RhZGUgZGUgUmFpb3MgTnYuIDEwPw==,,W1JhdWxlbF0KOS4gwr9DdcOhbnRvIFBNIHNlIG5lY2VzaXRhIHBhcmEgdXNhciBUb3JtZW50YSBkZSByYXlvIG52LjEwPw==
pcegBg,,ODQ=,,,,,ODQ=,,ODQ=
psegBg,,NzQ=,,,,,NzQ=,,NzQ=
p8egBg,,NjQ=,,,,,NjQ=,,NjQ=
qMegBg,,NTQ=,,,,,NTQ=,,NTQ=
qcegBg,,W1JhdWxlbF0KMTAuIFdoaWNoIHNraWxsIGlzIG1vc3QgdXNlZnVsIHRyYWluaW5nIGluIHRoZSBCeWFsYW4gRHVuZ2Vvbj8=,,,,,W0xhdXJvXQoxMC4gUXVhbCDDqSBhIGhhYmlsaWRhZGUgbWFpcyDDunRpbCBwYXJhIHRyZWluYXIgbmEgTWFzbW9ycmEgZGUgQnlhbGFuPw==,,W1JhdWxlbF0KMTAuIMK/UXXDqSBoYWJpbGlkYWQgZXMgbcOhcyDDunRpbCBlbnRyZW5hciBlbiBsYSBtYXptb3JyYSBkZSBCeWFsYW4/
qsegBg,,TGlnaHRuaW5nIEJvbHQ=,,,,,UmVsw6JtcGFnbw==,,UmVsw6FtcGFnbw==
q8egBg,,RmlyZSBCb2x0,,,,,TGFuw6dhcyBkZSBGb2dv,,RmxlY2hhIGRlIGxsYW1h
rMegBg,,Q29sZCBCb2x0,,,,,TGFuw6dhcyBkZSBHZWxv,,RmxlY2hhIGRlIGhpZWxv
rcegBg,,U2lnaHQ=,,,,,Q2hhbWEgUmV2ZWxhZG9yYQ==,,VmlzacOzbg==
rsegBg,,W1JhdWxlbF0KMS4gV2hpY2ggbW9uc3RlciBjYW4geW91IG9idGFpbiBhIHNsb3R0ZWQgR3VhcmQgZnJvbT8=,,,,,W0xhdXJvXQoxLiBEZSBxdWUgbW9uc3RybyB2b2PDqiBwb2RlIG9idGVyIHVtYSBWZW1icmFzc2EgY29tIFNsb3Q/,,W1JhdWxlbF0KMS4gwr9EZSBxdcOpIG1vbnN0cnVvIHB1ZWRlcyBvYnRlbmVyIHVuIEd1YXJkaWEgY29uIHJhbnVyYT8=
r8egBg,,VGhpZWYgQnVn,,,,,QmVzb3Vyby1sYWRyw6Nv,,VGhpZWYgQnVn
sMegBg,,UGVjb1BlY28=,,,,,UGVjb1BlY28=,,UGVjb3BlY28=
scegBg,,UHVwYQ==,,,,,UHVwYQ==,,UHVwYQ==
ssegBg,,S29ib2xkIChIYW1tZXIp,,,,,S29ib2xkIChNYXJ0ZWxvKQ==,,S29ib2xkIChtYXJ0aWxsbyk=
s8egBg,,W1JhdWxlbF0KMi4gV2hpY2ggb2YgdGhlIGZvbGxvd2luZyBpcyB0aGUgZWFzaWVzdCBtb25zdGVyIGZvciBhIGxvdyBsZXZlbCBNYWdlIHRvIGh1bnQ/,,,,,W0xhdXJvXQoyLiBRdWFsIGRvcyBtb25zdHJvcyBhIHNlZ3VpciDDqSBvIG1haXMgZsOhY2lsIGRlIGNhw6dhciBwYXJhIHVtIE1hZ28gY29tIHVtIG7DrXZlbCBiYWl4bz8=,,W1JhdWxlbF0KMi4gwr9DdcOhbCBkZSBsb3Mgc2lndWllbnRlcyBlcyBlbCBtb25zdHJ1byBtw6FzIGbDoWNpbCBkZSBjYXphciBwYXJhIHVuIE1hZ28gZGUgbml2ZWwgYmFqbz8=
tMegBg,,RmxvcmE=,,,,,RmxvcmE=,,RmxvcmE=
tcegBg,,R2llYXJ0aA==,,,,,R2llcmF0aA==,,R2llYXJ0aA==
tsegBg,,R29sZW0=,,,,,R29sZW0=,,R8OzbGVt
t8egBg,,TXlzdA==,,,,,TsOpdm9h,,TXlzdA==
uMegBg,,W1JhdWxlbF0KMy4gV2hpY2ggbW9uc3RlciB3aWxsIG5vdCBiZSBhZmZlY3RlZCBieSBTdG9uZSBDdXJzZT8=,,,,,W0xhdXJvXQozLiBRdWFsIG1vbnN0cm8gbsOjbyBzZXLDoSBhZmV0YWRvIHBvciBQZXRyaWZpY2FyPw==,,W1JhdWxlbF0KMy4gwr9RdcOpIG1vbnN0cnVvIG5vIHNlIHZlcsOhIGFmZWN0YWRvIHBvciBsYSBNYWxkaWNpw7NuIHDDqXRyZWE/
ucegBg,,RWxkZXIgV2lsbG93,,,,,U2FsZ3VlaXJvIEFuY2nDo28=,,U2F1Y2UgYW5jaWFuby4=
usegBg,,RXZpbCBEcnVpZA==,,,,,RHJ1aWRhIE1hbGlnbm8=,,RHJ1aWRhIGRlbCBtYWw=
u8egBg,,TWFnbm9saWE=,,,,,TWFnbsOzbGlh,,TWFnbm9saWE=
vMegBg,,TWFyYw==,,,,,Q2F2YWxvLW1hcmluaG8=,,TWFyYw==
vcegBg,,W1JhdWxlbF0KNC4gV2hlbiBhdHRhY2tpbmcgYSBMdiAzIHdhdGVyIGF0dHJpYnV0ZSBtb25zdGVyIHdpdGggYSB3aW5kIGF0dHJpYnV0ZSB3ZWFwb24sIHdoYXQgaXMgdGhlIGRhbWFnZSBwZXJjZW50YWdlPw==,,,,,W0xhdXJvXQo0LiBBbyBhdGFjYXIgdW0gbW9uc3RybyBkZSBOdi4gMyBjb20gbyBhdHJpYnV0byDDgWd1YSBjb20gdW1hIGFybWEgY29tIG8gYXRyaWJ1dG8gVmVudG8sIHF1YWwgc2Vyw6EgbyBwZXJjZW50dWFsIGRlIGRhbm8/,,W1JhdWxlbF0KNC4gQWwgYXRhY2FyIGEgdW4gbW9uc3RydW8gY29uIGF0cmlidXRvIEFndWEgZGUgbnYuM2NvbiB1biBhcm1hIGRlIGF0cmlidXRvIFZpZW50bywgwr9jdcOhbCBlcyBlbCBwb3JjZW50YWplIGRlIGRhw7FvPw==
vsegBg,,MTI1JQ==,,,,,MTI1JQ==,,MTI1JQ==
v8egBg,,MTUwJQ==,,,,,MTUwJQ==,,MTUwJQ==
wMegBg,,MTc1JQ==,,,,,MTc1JQ==,,MTc1JQ==
wcegBg,,MjAwJQ==,,,,,MjAwJQ==,,MjAwJQ==
wsegBg,,W1JhdWxlbF0KNS4gSWYgYSBCYWJ5IERlc2VydCBXb2xmIGFuZCBhIEZhbWlsaWFyIGZvdWdodCwgd2hpY2ggb25lIHdvdWxkIHdpbj8=,,,,,W0xhdXJvXQo1LiBTZSB1bSBGaWxob3RlIGRlIExvYm8gZG8gRGVzZXJ0byBlIHVtIEZhbWlsaWFyIGx1dGFzc2VtLCBxdWVtIHNhaXJpYSB2aXRvcmlvc28/,,W1JhdWxlbF0KNS4gU2kgdW5hIENyw61hIGRlIGxvYm8gZGUgZGVzaWVydG8geSB1biBGYW1pbGlhciBsdWNoYXJhbiwgwr9jdcOhbCBnYW5hcsOtYT8=
w8egBg,,QmFieSBEZXNlcnQgV29sZg==,,,,,RmlsaG90ZSBkZSBMb2JvIGRvIERlc2VydG8=,,Q3LDrWEgZGUgbG9ibyBkZSBkZXNpZXJ0bw==
xMegBg,,RmFtaWxpYXI=,,,,,RmFtaWxpYXI=,,RmFtaWxpYXI=
xcegBg,,TmVpdGhlcg==,,,,,TmVuaHVtIGRvcyBkb2lz,,TmluZ3Vubw==
xsegBg,,SSBkb24ndCBrbm93,,,,,RXUgbsOjbyBzZWk=,,Tm8gc8OpIA==
x8egBg,,W1JhdWxlbF0KNi4gV2hpY2ggb2YgdGhlIGZvbGxvd2luZyBjYW5ub3QgYmUgYSBDdXRlIFBldD8=,,,,,W0xhdXJvXQo2LiBRdWFsIGRhcyBjcmlhdHVyYXMgYSBzZWd1aXIgbsOjbyBwb2RlIHNlciBkb21lc3RpY2Fkbz8=,,W1JhdWxlbF0KNi4gwr9DdcOhbCBkZSBsYXMgc2lndWllbnRlcyBubyBwdWVkZSBzZXIgdW5hIE1hc2NvdGEgYWRvcmFibGU/
yMegBg,,UG9wb3Jpbmc=,,,,,UG9wb3Jpbmc=,,UG9wb3Jpbmc=
ycegBg,,Um9kYSBGcm9n,,,,,U2FwbyBkZSBSb2RkYQ==,,wqtMYSBhdmVudHVyYSBkZSBsYSByYW5hIFJvZGHCuw==
ysegBg,,U21va2ll,,,,,RnVtYWNlbnRv,,U21va2ll
y8egBg,,UG9pc29uIFNwb3Jl,,,,,RXNwb3JvIFZlbmVub3Nv,,RXNwb3JhIHZlbmVub3Nh
zMegBg,,W1JhdWxlbF0KNy4gQ2hvb3NlIHRoZSBtb25zdGVyIHRoYXQgaXMgd2VhayBhZ2FpbnN0IGEgZmlyZSBhdHRyaWJ1dGUgYXR0YWNrLg==,,,,,W0xhdXJvXQo3LiBFc2NvbGhhIG8gbW9uc3RybyBxdWUgdGVtIHBvdWNhIHJlc2lzdMOqbmNpYSBjb250cmEgdW0gYXRhcXVlIGNvbSBvIGF0cmlidXRvIEZvZ28u,,W1JhdWxlbF0KNy4gRWxpZ2UgZWwgbW9uc3RydW8gcXVlIHNlYSBkw6liaWwgY29udHJhIHVuIGF0YXF1ZSBkZSBhdHJpYnV0byBGdWVnby4=
zcegBg,,RGFnZ2VyIEdvYmxpbg==,,,,,R29ibGluIChBZGFnYSk=,,RGFnZ2VyIEdvYmxpbg==
zsegBg,,TWFjZSBHb2JsaW4=,,,,,R29ibGluIChNYcOnYSk=,,TWFjZSBHb2JsaW4=
z8egBg,,TW9ybmluZ3N0YXIgR29ibGlu,,,,,R29ibGluIChNYcOnYSBkZSBHdWVycmEp,,RHVlbmRlIGNvbiBtYXph
0MegBg,,SGFtbWVyIEdvYmxpbg==,,,,,R29ibGluIChNYXJ0ZWxvKQ==,,SGFtbWVyIEdvYmxpbg==
0cegBg,,W1JhdWxlbF0KOC4gV2hpY2ggb2YgdGhlIGZvbGxvd2luZyBoYXMgdGhlIGhpZ2hlc3QgZGVmZW5zZT8=,,,,,W0xhdXJvXQo4LiBRdWFsIGRvcyBtb25zdHJvcyBhIHNlZ3VpciBwb3NzdWkgYSBtYWlvciBkZWZlc2E/,,W1JhdWxlbF0KOC4gwr9DdcOhbCBkZSBsb3Mgc2lndWllbnRlcyB0aWVuZSBsYSBkZWZlbnNhIG3DoXMgYWx0YT8=
0segBg,,SG9ybg==,,,,,Q2hpZnJl,,THVjw6FuaWRv
08egBg,,Q2hvbmNob24=,,,,,Q2hvbkNob24=,,Q2hvbmNob24=
1MegBg,,QW5kcmU=,,,,,QW5kcmUg,,QW5kcmVh
1cegBg,,Q2FyYW1lbA==,,,,,Q2FyYW1lbG8=,,Q2FyYW1lbG8=
1segBg,,W1JhdWxlbF0KOS4gQ2hvb3NlIHRoZSBtb25zdGVyIHRoYXQncyBvZiBhIGRpZmZlcmVudCBzcGVjaWVzLg==,,,,,W0xhdXJvXQo5LiBFc2NvbGhhIG8gbW9uc3RybyBxdWUgZmF6IHBhcnRlIGRlIHVtYSBlc3DDqWNpZSBkaWZlcmVudGUu,,W1JhdWxlbF0KOS4gRWxpZ2UgZWwgbW9uc3RydW8gcXVlIHNlYSBkZSB1bmEgZXNwZWNpZSBkaWZlcmVudGUu
18egBg,,UG9yaW5n,,,,,UG9yaW5n,,UG9yaW5n
2MegBg,,TWFzdGVyaW5n,,,,,TWFzdGVyaW5n,,TWFzdGVyaW5n
2cegBg,,R2hvc3RyaW5n,,,,,R2hvc3RyaW5n,,R2hvc3RyaW5n
2segBg,,U3BvcmU=,,,,,RXNwb3Jv,,U3BvcmU=
28egBg,,W1JhdWxlbF0KMTAuIFdoaWNoIG9mIHRoZSBmb2xsb3dpbmcgaXMgbm90IGFuIFVuZGVhZCBtb25zdGVyPw==,,,,,W0xhdXJvXQoxMC4gUXVhbCBkb3MgbW9uc3Ryb3MgYSBzZWd1aXIgbsOjbyDDqSB1bSBNb3J0by12aXZvPw==,,W1JhdWxlbF0KMTAuIMK/Q3XDoWwgZGUgbG9zIHNpZ3VpZW50ZXMgbm8gZXMgdW4gbW9uc3RydW8gbXVlcnRvIHZpdmllbnRlPw==
3MegBg,,RHJha2U=,,,,,RHJha2U=,,RHJha2U=
3cegBg,,TWVnYWxvZG9u,,,,,TWVnYWxvZG9u,,TWVnYWxvZG9u
3segBg,,RGV2aWFjZQ==,,,,,RGV2aWFjZQ==,,RGV2aWFjZQ==
38egBg,,S2hhbGl0emJ1cmc=,,,,,S2hhbGl0emJ1cmc=,,S2hhbGl0emJ1cmc=
4MegBg,,W1JhdWxlbF0KMS4gV2hpY2ggc3RhdCBpcyB0aGUgbW9zdCBpbXBvcnRhbnQgZm9yIGEgTWFnZT8=,,,,,W0xhdXJvXQoxLiBRdWFsIGRvcyBhdHJpYnV0b3MgYSBzZWd1aXIgw6kgbyBtYWlzIGltcG9ydGFudGUgcGFyYSB1bSBNYWdvPw==,,W1JhdWxlbF0KMS4gwr9RdcOpIGVzdGFkw61zdGljYSBlcyBsYSBtw6FzIGltcG9ydGFudGUgcGFyYSBsb3MgTWFnb3M/
4cegBg,,SU5U,,,,,SU5U,,SU5U
4segBg,,QUdJ,,,,,QUdJ,,QUdJ
48egBg,,REVY,,,,,REVT,,REVT
5MegBg,,VklU,,,,,VklU,,VklU
5cegBg,,W1JhdWxlbF0KMi4gV2hpY2ggYXR0cmlidXRlIGRvZXMgbm90IGhhdmUgYSAnQm9sdCcgdHlwZSBhdHRhY2s/,,,,,W0xhdXJvXQoyLiBRdWFsIGRvcyBhdHJpYnV0b3MgYSBzZWd1aXIgbsOjbyB0ZW0gdW0gYXRhcXVlIGRvIHRpcG8gJ0xhbsOnYSc/,,W1JhdWxlbF0KMi4gwr9RdcOpIGF0cmlidXRvIG5vIHRpZW5lIHVuIGF0YXF1ZSBkZSB0aXBvIOKAnFJheW/igJ0/
5segBg,,W1JhdWxlbF0KMy4gQ2hvb3NlIHRoZSBvbmUgdGhhdCBkb2VzIG5vdCByZWxhdGUgdG8gYSBNYWdlLg==,,,,,W0xhdXJvXQozLiBFc2NvbGhhIGFxdWlsbyBxdWUgbsOjbyBlc3TDoSByZWxhY2lvbmFkbyBhIHVtIE1hZ28u,,W1JhdWxlbF0KMy4gRWxpZ2UgbGEgb3BjacOzbiBxdWUgbm8gZXN0w6kgcmVsYWNpb25hZGEgY29uIGxvcyBNYWdvcy4=
58egBg,,V2VhayBwaHlzaWNhbCBzdHJlbmd0aC4=,,,,,UG91Y2EgZm9yw6dhIGbDrXNpY2Eu,,VGllbmVuIHBvY2EgZnVlcnphIGbDrXNpY2Eu
6MegBg,,QXR0YWNrcyBhdCBhIGRpc3RhbmNlLg==,,,,,QXRhcXVlcyDDoCBkaXN0w6JuY2lhLg==,,QXRhY2FuIGRlc2RlIGxlam9zLg==
6cegBg,,R29vZCBhdCBzZWxsaW5nIHN0dWZmLg==,,,,,Qm9tIHZlbmRlZG9yLg==,,U29uIGJ1ZW5vcyB2ZW5kaWVuZG8gY29zYXMu
6segBg,,TWFnaWMgRGVmZW5zZSBpcyBoaWdoLg==,,,,,RGVmZXNhIG3DoWdpY2EgZWxldmFkYS4=,,VGllbmVuIERlZmVuc2EgbcOhZ2ljYSBhbHRhLg==
68egBg,,W1JhdWxlbF0KNC4gV2hpY2ggdG93biBpcyB0aGUgaG9tZSBvZiBNYWdlcz8=,,,,,W0xhdXJvXQo0LiBRdWFsIMOpIG8gbGFyIGRvcyBNYWdvcz8=,,W1JhdWxlbF0KNC4gwr9FbiBxdcOpIGNpdWRhZCB2aXZlbiBsb3MgTWFnb3M/
7MegBg,,UHJvbnRlcmE=,,,,,UHJvbnRlcmE=,,UHJvbnRlcmE=
7cegBg,,TW9ycm9j,,,,,TW9ycm9j,,TW9ycm9j
7segBg,,QWxiZXJ0YQ==,,,,,QWxiZXJ0YQ==,,QWxiZXJ0YQ==
78egBg,,R2VmZmVu,,,,,R2VmZmVu,,R2VmZmVu
8MegBg,,W1JhdWxlbF0KNS4gV2hpY2ggb2YgdGhlIGZvbGxvd2luZyBjYXJkcyBoYXMgbm90aGluZyB0byBkbyB3aXRoIElOVD8=,,,,,W0xhdXJvXQo1LiBRdWFsIGRhcyBjYXJ0YXMgYSBzZWd1aXIgbsOjbyBlc3TDoSByZWxhY2lvbmFkYSBhIElOVD8=,,W1JhdWxlbF0KNS4gwr9DdcOhbCBkZSBsYXMgc2lndWllbnRlcyBjYXJ0YXMgbm8gdGllbmUgbmFkYSBxdWUgdmVyIGNvbiBJTlQ/
8cegBg,,QW5kcmUgRWdnIENhcmQ=,,,,,Q2FydGEgT3ZvIGRlIEFuZHJl,,QW5kcmUgRWdnIENhcmQ=
8segBg,,U29sZGllciBBbmRyZSBDYXJk,,,,,Q2FydGEgQW5kcmU=,,U29sZGllciBBbmRyZSBDYXJk
88egBg,,QmFieSBEZXNlcnQgV29sZiBDYXJk,,,,,Q2FydGEgRmlsaG90ZSBkZSBMb2JvIGRvIERlc2VydG8=,,QmFieSBEZXNlcnQgV29sZiBDYXJk
9MegBg,,RWxkZXIgV2lsbG93IENhcmQ=,,,,,Q2FydGEgU2FsZ3VlaXJvIEFuY2nDo28=,,Q2FydGEgU2F1Y2UgYW5jaWFuby4=
9cegBg,,W1JhdWxlbF0KNi4gV2hhdCBpcyB0aGUgTWFnZSBnb29kIGF0IGNvbXBhcmVkIHRvIG90aGVyIGpvYiBjbGFzc2VzPw==,,,,,W0xhdXJvXQo2LiBFbSBjb21wYXJhw6fDo28gYSBvdXRyYXMgY2xhc3Nlcywgbm8gcXVlIG9zIE1hZ29zIHNlIGRlc3RhY2FtPw==,,W1JhdWxlbF0KNi4gwr9FbiBxdcOpIHNvbiBidWVub3MgbG9zIE1hZ29zIGVuIGNvbXBhcmFjacOzbiBjb24gb3RyYXMgY2xhc2VzPw==
9segBg,,RXhjZXB0aW9uYWwgVm9jYWwgQWJpbGl0eQ==,,,,,SGFiaWxpZGFkZSB2b2NhbCBleGNlcGNpb25hbA==,,SGFiaWxpZGFkIHZvY2FsIGV4Y2VwY2lvbmFs
98egBg,,RXhjZXB0aW9uYWwgQWN0aW5nIEFiaWxpdHk=,,,,,SGFiaWxpZGFkZSBkZSByZXByZXNlbnRhw6fDo28gZXhjZXBjaW9uYWw=,,SGFiaWxpZGFkIGV4Y2VwY2lvbmFsIHBhcmEgYWN0dWFy
+MegBg,,RXhjZXB0aW9uYWwgRGFuY2UgU2tpbGxz,,,,,SGFiaWxpZGFkZSBkZSBkYW7Dp2EgZXhjZXBjaW9uYWw=,,SGFiaWxpZGFkZXMgZXhjZXBjaW9uYWxlcyBwYXJhIGVsIGJhaWxl
+cegBg,,RXhjZXB0aW9uYWwgTWFnaWMgU2tpbGxz,,,,,SGFiaWxpZGFkZSBtw6FnaWNhIGV4Y2VwY2lvbmFs,,SGFiaWxpZGFkZXMgbcOhZ2ljYXMgZXhjZXBjaW9uYWxlcw==
+segBg,,W1JhdWxlbF0KNy4gV2hhdCBpcyB0aGUgSU5UIGJvbnVzIGF0IEpvYiBMdiA0MCBmb3IgYSBNYWdlPw==,,,,,W0xhdXJvXQo3LiBRdWFsIMOpIG8gYsO0bnVzIGRlIElOVCBwYXJhIHVtIE1hZ28gY29tIE52LiBkZSBDbGFzc2UgNDA/,,W1JhdWxlbF0KNy4gwr9DdcOhbCBlcyBsYSBib25pZmljYWNpw7NuIElOVCBwYXJhIE1hZ29zIGNvbiBuaXZlbCBkZSBjbGFzZSA0MD8=
+8egBg,,OA==,,,,,OA==,,OA==
/MegBg,,Nw==,,,,,Nw==,,Nw==
/cegBg,,Ng==,,,,,Ng==,,Ng==
/segBg,,NQ==,,,,,NQ==,,NQ==
/8egBg,,W1JhdWxlbF0KOC4gV2hpY2ggaXRlbSBjYW4gYSBNYWdlIG5vdCBlcXVpcD8=,,,,,W0xhdXJvXQo4LiBRdWFsIGl0ZW0gbsOjbyBwb2RlIHNlciBlcXVpcGFkbyBwb3IgdW0gTWFnbz8=,,W1JhdWxlbF0KOC4gwr9RdcOpIG9iamV0byBubyBwdWVkZW4gZXF1aXBhciBsb3MgTWFnb3M/
AMigBg,,S25pZmU=,,,,,RmFjYQ==,,S25pZmU=
AcigBg,,Qm95cyBDYXA=,,,,,UXVlcGU=,,VW5hIEdvcnJhIGRlIGVzdHVkaWFudGU=
AsigBg,,U2FuZGxl,,,,,U2FuZMOhbGlhcw==,,VW5hIFNhbmRhbGlh
A8igBg,,RXllIG9mIER1bGxhaGFu,,,,,T2xobyBkZSBEdWxsYWhhbg==,,RXllIG9mIER1bGxhaGFu
BMigBg,,W1JhdWxlbF0KOS4gV2hpY2ggb2YgdGhlIGZvbGxvd2luZyBpcyB0aGUgY2F0YWx5c3Qgd2hlbiBtYWtpbmcgdGhlIE1hZ2UgdGVzdCBzb2x1dGlvbiAzPw==,,,,,W0xhdXJvXQo5LiBRdWFsIGRvcyBpdGVucyBhIHNlZ3VpciDDqSBvIGNhdGFsaXNhZG9yIGRhIHNvbHXDp8OjbyBkZSB0ZXN0ZSAzIGRvcyBNYWdvcz8=,,W1JhdWxlbF0KOS4gwr9DdcOhbCBkZSBsb3Mgc2lndWllbnRlcyBlcyBlbCBjYXRhbGl6YWRvciBxdWUgc2UgdXNhIGVuIGxhIHNvbHVjacOzbiBkZSBsYSBwcnVlYmEzIGRlIGxvcyBNYWdvcz8=
BcigBg,,W1JhdWxlbF0KMTAuIFdoaWNoIGNhcmQgaXMgaXJyZWxldmFudCB0byBtYWdpYz8=,,,,,W0xhdXJvXQoxMC4gUXVhbCBjYXJ0YSDDqSBpcnJlbGV2YW50ZSBwYXJhIGEgbWFnaWE/,,W1JhdWxlbF0KMTAuIMK/UXXDqSBjYXJ0YSBlcyBpcnJlbGV2YW50ZSBwYXJhIGxhIG1hZ2lhPw==
BsigBg,,TWFyZHVrIENhcmQ=,,,,,Q2FydGEgTWFyZHVr,,MUNhcnRhIGRlIE1hcmR1ayw=
B8igBg,,TWFnbm9saWEgQ2FyZA==,,,,,Q2FydGEgTWFnbsOzbGlh,,TWFnbm9saWEgQ2FyZA==
CMigBg,,V2lsbG93IENhcmQ=,,,,,Q2FydGEgU2FsZ3VlaXJv,,V2lsbG93IENhcmQ=
CcigBg,,TWF5YSBDYXJk,,,,,Q2FydGEgTWF5YQ==,,TWF5YSBDYXJk
CsigBg,,W1JhdWxlbF0KSG1tbS4uLkdvb2Qgam9iLCB5b3UgZmluaXNoZWQgYW5zd2VyaW5nIGFsbCB0aGUgcXVlc3Rpb25zLCBnbyBidXkgeW91cnNlbGYgc29tZSBwb3Rpb25zIG9yIHNvbWV0aGluZywgdGhhdHMgSUYgeW91IGhhdmUgdGhlIFplbnkuICBIYWhhaGFoYWhhaGFoYWh+,,,,,W0xhdXJvXQpIdW1tbS4uLiBNdWl0byBiZW0uIFZvY8OqIHRlcm1pbm91IGRlIHJlc3BvbmRlciB0b2RhcyBhcyBwZXJndW50YXMuIFbDoSBjb21wcmFyIGFsZ3VtYXMgcG/Dp8O1ZXMgb3UgYWxnbyBkbyBnw6puZXJvLiBRdWVyIGRpemVyLCBzZSB2b2PDqiB0aXZlciB6ZW55cyBzdWZpY2llbnRlcy4gIEhhaGFoYWhhaGFoYWhhaGEu,,W1JhdWxlbF0KTW1t4oCmIEJ1ZW4gdHJhYmFqbywgcmVzcG9uZGlzdGUgdG9kYXMgbGFzIHByZWd1bnRhcy4gVmUgYSBjb21wcmFydGUgdW5hcyBwb2Npb25lcyBvIGFsZ28sIHNpIGVzIHF1ZSB0aWVuZXMgZWwgemVueSBwYXJhIGhhY2VybG8uICBKYSwgamEsIGphLCBqYSwgamEsIGphLCBqYSwgamF+
C8igBg,,W1JhdWxlbF0KWW91ciBzY29yZSBpcy4uLiB7fSBwb2ludHMh,,,,,W0xhdXJvXQpTZXUgcmVzdWx0YWRvIMOpLi4uIHt9IHBvbnRvcyE=,,W1JhdWxlbF0KVHUgcHVudGFqZSBlcyBkZeKApiDCoXt9cHVudG9zIQ==
DMigBg,,KmNvdWdoKiAqQ291Z2gqICBXZWxsIGRvbmUsIHlvdSBwYXNzZWQgdGhlIHNlY29uZCB0ZXN0Lg==,,,,,KmNvZiogKkNvZiogTXVpdG8gYmVtLCB2b2PDqiBwYXNzb3Ugbm8gc2VndW5kbyB0ZXN0ZS4=,,KlRvcyogKlRvcyogQmllbiBoZWNobywgcGFzYXN0ZSBsYSBzZWd1bmRhIHBydWViYS4=
DcigBg,,W1JhdWxlbF0KSGFoYWhhaGF+ICBEb24ndCByZWxheCBqdXN0IHlldCwgdGhlcmUncyBzdGlsbCB0aGUgdGhpcmQgdGVzdC4KKnNuZWV6ZSogIEkgYWR2aXNlIHlvdSB0byByZXN0IGEgYml0IHdoaWxlIHRoZSBmaW5hbCB0ZXN0IGlzIHByZXBhcmVkLi4uSGFoYWhhaGFofg==,,,,,W0xhdXJvXQpIYWhhaGFoYS4uLiBNYXMgbsOjbyByZWxheGUgYWluZGEuIFZvY8OqIHByZWNpc2EgZmF6ZXIgbyB0ZXJjZWlybyB0ZXN0ZS4KKmF0Y2hpbSogQWNvbnNlbGhvIHF1ZSBkZXNjYW5zZSB1bSBwb3VjbyBlbnF1YW50byBvIHRlc3RlIGZpbmFsIGVzdMOhIHNlbmRvIHByZXBhcmFkby4uLiBoYWhhaGFoYWhhLg==,,W1JhdWxlbF0KSmEsIGphLCBqYSwgamF+IE5vIHRlIHJlbGFqZXMgdG9kYXbDrWEsIGHDum4gcXVlZGEgbGEgdGVyY2VyYSBwcnVlYmEuCipFc3Rvcm51ZG8qIFRlIGFjb25zZWpvIHF1ZSBkZXNjYW5zZXMgdW4gcG9jbyBtaWVudHJhcyBzZSBwcmVwYXJhIGxhIHBydWViYSBmaW5hbOKApiBKYSwgamEsIGphLCBqYSwgamF+
DsigBg,,SGFoYWhhaGF+ICBJJ2xsIGxldCB5b3Ugc2xpZGUgYnkgc2luY2UgeW91IG9ubHkgbWlzc2VkIG9uZSBwcm9ibGVtLiAgWW91IHBhc3NlZCB0aGUgc2Vjb25kIHRlc3Qu,,,,,SGFoYWhhaGEuLi4gSsOhIHF1ZSBzw7MgZXJyb3UgdW0gcHJvYmxlbWEsIHZvdSBkZWl4YXIgdm9jw6ogcGFzc2FyLiAgVm9jw6ogcGFzc291IG5vIHNlZ3VuZG8gdGVzdGUu,,SmEsIGphLCBqYSwgamF+IFRlIGRlamFyw6kgcGFzYXIgcG9ycXVlIHRlIGVxdWl2b2Nhc3RlIGVuIHVuIHNvbG8gcHJvYmxlbWEuICBQYXNhc3RlIGxhIHNlZ3VuZGEgcHJ1ZWJhLg==
D8igBg,,WW91IGZhaWxlZC4gIEkgd2lsbCBsZXQgeW91IGNvbWUgYmFjayBhZ2Fpbi4uLmFmdGVyIHlvdSd2ZSBsZWFybmVkIG1vcmUgcmVsYXRpbmcgdG8gdGhlIHR5cGUgb2YgcXVlc3Rpb25zIEkndmUgYXNrZWQgeW91Lg==,,,,,Vm9jw6ogZmFsaG91LiAgRXUgZGVpeG8gdm9jw6ogdm9sdGFyLi4uIGRlcG9pcyBkZSBhcHJlbmRlciBtYWlzIHNvYnJlIG9zIGFzc3VudG9zIGRhcyBwZXJndW50YXMgcXVlIGZpei4=,,Tm8gcGFzYXN0ZS4gIFRlIGRlamFyw6kgaW50ZW50YXIgb3RyYSB2ZXrigKYgZGVzcHXDqXMgZGUgcXVlIGhheWFzIGFwcmVuZGlkbyBtw6FzIGNvc2FzIHJlbGFjaW9uYWRhcyBjb24gZWwgdGlwbyBkZSBwcmVndW50YXMgcXVlIHRlIGhpY2Uu
EMigBg,,W1JhdWxlbF0KVGlzay4uLm5vdCBlbm91Z2gsIG5vdCBlbm91Z2ghICBEaWQgeW91IHJlYWxseSB0aGluayB5b3UgY291bGQgYmVjb21lIGEgV2l6YXJkIHdpdGggdGhlIGxpdHRsZSBiaXQgb2Yga25vd2xlZGdlIHlvdSBoYXZlPwpHZXQgbG9zdCEgIElmIHlvdSB3ZXJlIGEgV2l6YXJkIHJpZ2h0IG5vdywgdGhlIG1vbnN0ZXJzIEkgZGVhbCB3aXRoIHdvdWxkIGVhdCB5b3UgdXAgaW4gbm8gdGltZSE=,,,,,W0xhdXJvXQpUc2MuLi4gbsOjbyDDqSBvIHN1ZmljaWVudGUsIG7Do28gw6kgbyBzdWZpY2llbnRlISAgVm9jw6ogYWNoYSBtZXNtbyBxdWUgcG9kZXJpYSBzZSB0b3JuYXIgdW0gQnJ1eG8gY29tIG8gcG91Y28gY29uaGVjaW1lbnRvIHF1ZSBwb3NzdWk/ClN1bWEgZGFxdWkhICBTZSBmb3NzZSB1bSBCcnV4bywgb3MgbW9uc3Ryb3MgcXVlIGV1IGVuZnJlbnRvIGRldm9yYXJpYW0gdm9jw6ogdml2byBiZW0gcsOhcGlkbyE=,,W1JhdWxlbF0KVHNj4oCmIMKhbm8gZXMgc3VmaWNpZW50ZSwgbm8gZXMgc3VmaWNpZW50ZSEgIMK/RW4gc2VyaW8gY3Jlw61zdGUgcXVlIHBvZMOtYXMgdW5pcnRlIGEgbG9zIEhlY2hpY2Vyb3MgY29uIGxvcyBwb2NvcyBjb25vY2ltaWVudG9zIHF1ZSB0aWVuZXM/CsKhU2FsIGRlIGFxdcOtISAgU2kgZnVlcmFzIEhlY2hpY2VybywgwqFsb3MgbW9uc3RydW9zIGNvbiBsb3MgcXVlIG1lIGVuY3VlbnRybyB0ZSBkZXZvcmFyw61hbiBlbiB1biBzYW50aWFtw6luIQ==
EcigBg,,W1JhdWxlbF0KSGFoYWhhaGF+ICBBcmUgeW91IHRoYXQgZGVzcGVyYXRlPyAgKnNuZWV6ZSogV2hhdCBhIHBhaW4gaW4gdGhlIGFyc2UuLi4=,,,,,W0xhdXJvXQpIYWhhaGFoYS4uLiBWb2PDqiBlc3TDoSB0w6NvIGRlc2VzcGVyYWRvIGFzc2ltPyAgKmF0Y2hpbSogUXVlIGVuY2hlw6fDo28uLi4=,,W1JhdWxlbF0KSmEsIGphLCBqYSwgamF+IMK/RXMgdGFudGEgdHUgZGVzZXNwZXJhY2nDs24/ICpFc3Rvcm51ZG8qIFF1w6kgcGVzYWRpbGxhIGVyZXPigKY=
EsigBg,,W1JhdWxlbF0KU2luY2UgeW91IGRvbid0IHdhbnQgdG8gc2V0dGxlIGZvciBhIHN0YWJsZSBhbmQgcGVhY2VmdWwgbGlmZSwgSSdsbCBnaXZlIHlvdSBhbm90aGVyIGNoYW5jZS4uLg==,,,,,W0xhdXJvXQpKw6EgcXVlIHZvY8OqIG7Do28gcXVlciBzZSBjb25mb3JtYXIgY29tIHVtYSB2aWRhIGVzdMOhdmVsIGUgdHJhbnF1aWxhLCB2b3UgZGFyIG91dHJhIGNoYW5jZS4uLg==,,W1JhdWxlbF0KWWEgcXVlIG5vIHF1aWVyZXMgY29uZm9ybWFydGUgY29uIHVuYSB2aWRhIGVzdGFibGUgeSB0cmFucXVpbGEsIHRlIGRhcsOpIG90cmEgb3BvcnR1bmlkYWTigKY=
E8igBg,,W1JhdWxlbF0KSWYgeW91IG1pc3Mgb25lIHNpbmdsZSBxdWVzdGlvbiwgdGhlbiBqdXN0IGdpdmUgdXAuICBZb3Ugd291bGRuJ3QgaGF2ZSBhbnkgdGFsZW50IGluIGJlaW5nIGEgV2l6YXJkISB+SGFoYWhhaGFoYQ==,,,,,W0xhdXJvXQpTZSB2b2PDqiBlcnJhciB1bWEgcGVyZ3VudGEsIHBvZGUgZGVzaXN0aXIuICBWb2PDqiBuw6NvIHRlcsOhIHRhbGVudG8gbmVuaHVtIHBhcmEgc2VyIHVtIEJydXhvISBIYWhhaGFoYWhhLg==,,W1JhdWxlbF0KU2kgZmFsbGFzIHVuYSBzb2xhIHByZWd1bnRhLCBkZWJlcsOtYXMgcmVuZGlydGUuICDCoU5vIHRlbmRyw61hcyBuaW5nw7puIHRhbGVudG8gw7p0aWwgcGFyYSBsb3MgSGVjaGljZXJvcyEgfkphLCBqYSwgamEsIGphLCBqYQ==
FMigBg,,QmVjYXVzZSBvZiB5b3UsIEkgd2FudCB0byBsaXZlIGFzIGEgbm9ybWFsIE1hZ2Ugbm93Lg==,,,,,UG9yIHN1YSBjYXVzYSwgYWdvcmEgcXVlcm8gdml2ZXIgY29tbyB1bSBNYWdvIGNvbXVtLg==,,R3JhY2lhcyBhIHRpLCBhaG9yYSBxdWllcm8gdml2aXIgdW5hIHZpZGEgZGUgTWFnbyBub3JtYWwu
FcigBg,,W1JhdWxlbF0KSGFoYWhhaGF+ICBTdXJwcmlzaW5nLCBjb21taW5nIGZyb20geW91LCB0aGF0J3MgYSB2ZXJ5IHdpc2UgY2hvaWNlLi4uKmNvdWdoKiAqY291Z2gqCklmIGkgd2VyZSB5b3UsIGkgd291bGQgbmV2ZXIsIGV2ZXIgZHJlYW0gb2YgYmVjb21pbmcgYSBXaXphcmQgYWdhaW4uICBHcmUuLi5HcmVhYS4uLipzbmVlemUqIEdyZWF0ZXIgTWFnaWMgd2Fzbid0IG1lYW50IGZvciBodW1hbnMgdG8gdXNlLg==,,,,,W0xhdXJvXQpIYWhhaGFoYS4uLiBRdWUgc3VycHJlc2EuIFZpbmRvIGRlIHZvY8OqLCDDqSB1bWEgZXNjb2xoYSBzw6FiaWEuLi4gKmNvZiogKmNvZioKU2UgZXUgZm9zc2Ugdm9jw6osIG51bmNhIG1haXMgc29uaGFyaWEgZW0gbWUgdG9ybmFyIHVtIEJydXhvLiAgw5N0aW0uLi4gw5N0aWltLi4uICphdGNoaW0qIEEgR3JhbmRlIE1hZ2lhIG7Do28gZm9pIGZlaXRhIHBhcmEgb3MgaHVtYW5vcy4=,,W1JhdWxlbF0KSmEsIGphLCBqYSwgamF+IE1lIHNvcnByZW5kZXMuIFZpbmllbmRvIGRlIHRpLCBlc2EgZXMgdW5hIGVsZWNjacOzbiBtdXkgc2FiaWHigKYqVG9zKiAqVG9zKgpFbiB0dSBsdWdhciwgeW8gbnVuY2EgamFtw6FzIHZvbHZlcsOtYSBhIHNvw7FhciBjb24gY29udmVydGlybWUgZW4gSGVjaGljZXJvLiAgTGFtYeKApiBMYSBtYWFh4oCmICpFc3Rvcm51ZG8qIExhIE1hZ2lhIHN1cGVyaW9yIG5vIGRlYmVyw61hbiB1c2FybGEgbG9zIGh1bWFub3Mu
FsigBg,,W1JhdWxlbF0KSnVzdCBsZWF2ZSB0aGUgdG9wIG9mIHRoaXMgdG93ZXIgcXVpZXRseSBhbmQgbmV2ZXIgbG9vayBiYWNrLgpMaXZlIHBlYWNlZnVsbHkgd2l0aCB0aGUgcG93ZXJzIHRoYXQgeW91IGhhdmUgcmlnaHQgbm93Lg==,,,,,W0xhdXJvXQpEZWl4ZSBhIHRvcnJlIGVtIHNpbMOqbmNpbyBlIG7Do28gb2xoZSBwYXJhIHRyw6FzLgpWaXZhIGVtIHBheiBjb20gb3MgcG9kZXJlcyBxdWUgdm9jw6ogdGVtIGFnb3JhLg==,,W1JhdWxlbF0KQWJhbmRvbmEgbGEgY2ltYSBkZSBlc3RhIHRvcnJlIGVuIHNpbGVuY2lvIHkgbm8gbWlyZXMgYXRyw6FzLgpQcm9jdXJhIHZpdmlyIGVuIHBheiBjb24gbG9zIHBvZGVyZXMgcXVlIHlhIHRpZW5lcy4=
F8igBg,,W1JhdWxlbF0KSGFoYWhhaGFoYWhhaGF+ICBOb3cgdGhlcmUncyBhIGZvb2xpc2ggb25lIHJpZ2h0IGhlcmUhCldlbGwgdGhlbiwgbGV0J3Mgc2VlIGp1c3QgaG93IGdvb2QgeW91IGNhbiBiZSEgICpzbmVlemUqICBJIHdhbnQgdG8gc2VlIHRoaXMgd2l0aCBteSBvd24gdHdvIGV5ZXMu,,,,,W0xhdXJvXQpIYWhhaGFoYWhhaGFoYS4uLiBFbmNvbnRyZWkgdW0gdG9sbyEKTXVpdG8gYmVtLiBWYW1vcyB2ZXIgc2Ugdm9jw6ogw6kgYm9tIG1lc21vISAgKmF0Y2hpbSogUXVlcm8gdmVyIGlzc28gY29tIG9zIG1ldXMgcHLDs3ByaW9zIG9saG9zLg==,,W1JhdWxlbF0KSmEsIGphLCBqYSwgamEsIGphLCBqYSwgamF+IMKhVHUgaW5nZW51aWRhZCBtZSBpbXByZXNpb25hIQpCaWVuLCBlbnRvbmNlcywgwqFkZW11w6lzdHJhbWUgdHUgcGVyaWNpYSEgKkVzdG9ybnVkbyogUXVpZXJvIHZlcmxvIGNvbiBtaXMgcHJvcGlvcyBvam9zLg==
GMigBg,,W1JhdWxlbF0KVGhlbiBsZXQncyBiZWdpbiB0aGUgdGVzdCEKSWYgeW91IGRvbid0IGFuc3dlciBhbGwgb2YgdGhlbSBjb3JyZWN0bHksIHlvdSBmYWlsLi4uICB+SGFoYWhhaGFoaGE=,,,,,W0xhdXJvXQpFbnTDo28sIHZhbW9zIGNvbWXDp2FyIG8gdGVzdGUhClNlIG7Do28gcmVzcG9uZGVyIHR1ZG8gY29ycmV0YW1lbnRlLCB2b2PDqiBuw6NvIHNlcsOhIGFwcm92YWRvLi4uICBIYWhhaGFoYWhoYS4=,,W1JhdWxlbF0KRGUgYWN1ZXJkbywgwqFjb21lbmNlbW9zIGxhIHBydWViYSEKU2kgbm8gcmVzcG9uZGVzIHRvZGFzIGNvcnJlY3RhbWVudGUsIG5vIHBhc2Fyw6Fz4oCmIH5KYSwgamEsIGphLCBqYSwgamE=
GcigBg,,W1JhdWxlbF0KSSdsbCBnaXZlIHlvdSAxMCBxdWVzdGlvbnMgc28gZ2l2ZSBtZSB0aGUgY29ycmVjdCBhbnN3ZXJzLgpJZiB5b3UgZ2V0IHNvbWV0aGluZyB3cm9uZywgSSB3b24ndCB0ZWxsIHlvdSB3aGF0IGl0IGlzIQ==,,,,,W1JhdWxlbF0KVm91IHRlIGZhemVyIDFvIHBlcmd1bnRhcywgZW50w6NvIHJlc3BvbmRhIGNvcnJldGFtZW50ZS4KU2Ugdm9jw6ogZXJyYXIgYWxnbywgbsOjbyB2b3UgdGUgZGl6ZXIgbyBxdWUgw6ku,,W1JhdWxlbF0KVGUgaGFyw6kgMTBwcmVndW50YXMgeSBkZWJlcsOhcyByZXNwb25kZXJsYXMgdG9kYXMgYmllbi4KU2kgdGUgZXF1aXZvY2FzIGVuIGFsZ3VuYSwgwqFubyB0ZSBkaXLDqSBlbiBjdcOhbCE=
GsigBg,,W1JhdWxlbF0KKkNvdWdoKiAqY291Z2gqICBUaGVuIGhlcmUgZ28gdGhlIHF1ZXN0aW9ucy4=,,,,,CipDb2YqICpjb2YqIEVudMOjbywgYXF1aSB2w6NvIGFzIHBlcmd1bnRhcy4=,,W1JhdWxlbF0KKlRvcyogKlRvcyogQmllbiwgZW1wZWNlbW9zIGNvbiBsYXMgcHJlZ3VudGFzLg==
G8igBg,,W1JhdWxlbF0KMi4gUmVnYXVyZGxlc3Mgb2YgdGhlIHByZXZpb3VzIGF0dHJpYnV0ZSwgd2hhdCBkb2VzIHRoZSBtb25zdGVyJ3MgYXR0cmlidXRlIGNoYW5nZSB0byB3aGVuIHlvdSBjYXN0IEZyb3N0IERpdmVyIG9uIGl0Pw==,,,,,W0xhdXJvXQoyLiBJbmRlcGVuZGVudGVtZW50ZSBkbyBhdHJpYnV0byBhbnRlcmlvciwgbyBxdWUgbXVkYSBubyBhdHJpYnV0byBkbyBtb25zdHJvIHF1YW5kbyB2b2PDqiBjb25qdXJhIFJhamFkYSBDb25nZWxhbnRlIG5lbGU/,,W1JhdWxlbF0KMi4gSW5kZXBlbmRpZW50ZW1lbnRlIGRlbCBhdHJpYnV0byBxdWUgdGVuZ2EgZWwgbW9uc3RydW8sIMK/YSBxdcOpIGF0cmlidXRvIG51ZXZvIGNhbWJpYSBjdWFuZG8gbGUgbGFuemFzIEJ1em8gZGUgZXNjYXJjaGE/
HMigBg,,W1JhdWxlbF0KMy4gV2hlbiB5b3UgbWFzdGVyIE5hcGFsbSBCZWF0LCB3aGF0IGlzIHRoZSByYXRpbyBvZiB0aGUgaW5jcmVhc2UgaW4gTUFUSyB1c2luZyB0aGUgc3BlbGw/,,,,,W0xhdXJvXQozLiBRdWFuZG8gdm9jw6ogZG9taW5hIG8gQXRhcXVlIEVzcGlyaXR1YWwsIGVtIHF1ZSBwcm9wb3LDp8OjbyBhIEFUUU0gw6kgYXVtZW50YWRhIHF1YW5kbyB2b2PDqiB1c2EgbyBmZWl0acOnbz8=,,W1JhdWxlbF0KMy4gQ3VhbmRvIGRvbWluYXMgR29scGUgZXNwaXJpdHVhbCwgwr9jdcOhbCBlcyBsYSB0YXNhIGRlIGF1bWVudG8gZGUgQVRRTSB1c2FuZG8gZWwgaGVjaGl6bz8=
HcigBg,,W1JhdWxlbF0KNy4gVXNpbmcgdGhlIHNraWxsIEVuZXJneSBDb2F0LCB3aGVuIHlvdSBoYXZlIDUwJSBvZiB5b3VyIFNQIHJlbWFpbmluZywgaG93IG11Y2ggU1AgaXMgdXNlZCB3aGVuIGhpdCwgYW5kIHdoYXQgcGVyY2VudGFnZSBpcyBkYW1hZ2UgcmVkdWNlZCBieT8=,,,,,CjcuIFVzYW5kbyBhIGhhYmlsaWRhZGUgUHJvdGXDp8OjbyBBcmNhbmEsIGUgZW5xdWFudG8gdm9jw6ogYWluZGEgdGl2ZXIgNTAlIGRlIFNQLCBxdWFudG8gZG8gU1Agc2Vyw6EgdXNhZG8gc2Ugdm9jw6ogZm9yIGF0aW5naWRvIGUgcXVhbCBvIHBlcmNlbnR1YWwgZGUgcmVkdcOnw6NvIGRlIGRhbm8/,,W1JhdWxlbF0KNy4gVXNhbmRvIGxhIGhhYmlsaWRhZCBDYXBhIGVuZXJnw6l0aWNhLCBjdWFuZG8gdGUgcXVlZGEgZWwgNTAlIGRlIHR1cyBQTSwgwr9jdcOhbnRvcyBQTSBzZSB1c2FuIGN1YW5kbyByZWNpYmVzIHVuIGdvbHBlIHkgZW4gcXXDqSBwb3JjZW50YWplIHNlIHJlZHVjZSBlbCBkYcOxbz8=
HsigBg,,W1JhdWxlbF0KOC4gSG93IG11Y2ggU1AgaXMgY29uc3VtZWQsIGFuZCBob3cgbWFueSB0aW1lcyBjYW4geW91IGF2b2lkIGF0dGFja3Mgd2hlbiB1c2luZyBTYWZldHkgV2FsbCBMdiA2Pw==,,,,,W0xhdXJvXQo4LiBRdWFudG8gU1Agw6kgY29uc3VtaWRvIGUgcXVhbnRhcyB2ZXplcyB2b2PDqiBwb2RlIGV2aXRhciBhdGFxdWVzIGFvIHVzYXIgRXNjdWRvIE3DoWdpY28gTml2ZWwgNj8=,,W1JhdWxlbF0KOC4gwr9DdcOhbnRvIFBNIHNlIGNvbnN1bWUgeSBjdcOhbnRhcyB2ZWNlcyBzZSBwdWVkZW4gZXZpdGFyIGxvcyBhdGFxdWVzIGFsIHVzYXIgQmFycmVyYSBkZSBwcm90ZWNjacOzbiBudi42Pw==
H8igBg,,W1JhdWxlbF0KMTAuIFdoaWNoIHNraWxsIGlzIG1vc3QgdXNlZnVsIGZvciB0cmFpbmluZyBpbiB0aGUgQnlhbGFuIER1bmdlb24/,,,,,W0xhdXJvXQoxMC4gUXVhbCBoYWJpbGlkYWRlIMOpIG1haXMgw7p0aWwgcGFyYSB0cmVpbmFyIG5hIEJ5YWxhbj8=,,W1JhdWxlbF0KMTAuIMK/UXXDqSBoYWJpbGlkYWQgZXMgbcOhcyDDunRpbCBlbnRyZW5hciBlbiBsYSBtYXptb3JyYSBkZSBCeWFsYW4/
IMigBg,,W1JhdWxlbF0KOC4gV2hpY2ggb2YgdGhlIGZvbGxvd2luZyBtb25zdGVycyBoYXMgdGhlIGhpZ2hlc3QgZGVmZW5zZT8=,,,,,W0xhdXJvXQo4LiBRdWFsIGRvcyBzZWd1aW50ZXMgbW9uc3Ryb3MgdGVtIGEgbWFpb3IgZGVmZXNhPw==,,W1JhdWxlbF0KOC4gwr9DdcOhbCBkZSBsb3Mgc2lndWllbnRlcyBtb25zdHJ1b3MgdGllbmUgbGEgZGVmZW5zYSBtw6FzIGFsdGE/
IcigBg,,W1JhdWxlbF0KOS4gQ2hvb3NlIHRoZSBtb25zdGVyIHRoYXQncyBhIGRpZmZlcmVudCBzcGVjaWVzLg==,,,,,W0xhdXJvXQo5LiBFc2NvbGhhIG8gbW9uc3RybyBxdWUgw6kgZGUgdW1hIHJhw6dhIGRpZmVyZW50ZS4=,,W1JhdWxlbF0KOS4gRWxpZ2UgZWwgbW9uc3RydW8gcXVlIHNlYSBkZSB1bmEgZXNwZWNpZSBkaWZlcmVudGUu
IsigBg,,W1JhdWxlbF0KNC4gV2hpY2ggdG93biBpcyB0aGUgaG9tZSBvZiB0aGUgTWFnZXM/,,,,,W0xhdXJvXQo0LiBRdWFsIGNpZGFkZSDDqSBvIGxhciBkb3MgTWFnb3M/,,W1JhdWxlbF0KNC4gwr9FbiBxdcOpIGNpdWRhZCB2aXZlbiBsb3MgTWFnb3M/
I8igBg,,W1JhdWxlbF0KR29vZCBqb2IsIHlvdSBmaW5pc2hlZCBhbnN3ZXJlZCBhbGwgdGhlIHF1ZXN0aW9ucy4uLiBHbyBidXkgeW91cnNlbGYgc29tZSBwb3Rpb25zIG9yIHNvbWV0aGluZyBpZiB5b3UgaGF2ZSB0aGUgWmVueS4gSGFoYS4uLg==,,,,,W0xhdXJvXQpCb20gdHJhYmFsaG8sIHZvY8OqIHRlcm1pbm91IGRlIHJlc3BvbmRlciB0b2RhcyBhcyBwZXJndW50YXMuLi4gVsOhIGNvbXByYXIgYWxndW1hcyBwb8Onw7VlcyBvdSBhbGdvIGFzc2ltIHNlIHZvY8OqIHRpdmVyIG8gWmVueS4gSGFoYS4uLg==,,W1JhdWxlbF0KQnVlbiB0cmFiYWpvLCByZXNwb25kaXN0ZSB0b2RhcyBsYXMgcHJlZ3VudGFz4oCmIFZlIGEgY29tcHJhcnRlIHVuYXMgcG9jaW9uZXMgbyBhbGdvLCBzaSBlcyBxdWUgdGllbmVzIGVsIHplbnkgcGFyYSBoYWNlcmxvLiBKYSwgamHigKY=
JMigBg,,W1JhdWxlbF0KWW91ciBzY29yZSBpcy4uLiAge31wb2ludHMuLi4uLg==,,,,,W0xhdXJvXQpTdWEgcG9udHVhw6fDo28gw6kuLi4gIHt9cG9udG9zLi4uLi4=,,W1JhdWxlbF0KVHUgcHVudGFqZSBlcyBkZeKApiB7fXB1bnRvc+KApg==
JcigBg,,SGFoYWhhaGFoYWhhaH4gIFdlbGwgZG9uZSwgeW91IHBhc3NlZCB0aGUgc2Vjb25kIHRlc3QuCkl0IHdhc24ndCBkb25lIGluIG9uZSB0cnkgbGlrZSBtaW5lIHdhcywgYnV0IEknbGwgbGV0IHlvdSBzbGlkZS4uLg==,,,,,SGFoYWhhaGFoYWhhaC4uLiBNdWl0byBiZW0sIHZvY8OqIHBhc3NvdSBubyBzZWd1bmRvIHRlc3RlLgpOw6NvIGZvaSBuYSBwcmltZWlyYSB0ZW50YXRpdmEsIGNvbW8gYWNvbnRlY2V1IGNvbWlnbywgbWFzIHZvdSBkZWl4YXIgcGFzc2FyLi4u,,SmEsIGphLCBqYSwgamEsIGphLCBqYX4gQmllbiBoZWNobywgcGFzYXN0ZSBsYSBzZWd1bmRhIHBydWViYS4KTm8gbG8gbG9ncmFzdGUgYSBsYSBwcmltZXJhLCBjb21vIHlvLCBwZXJvIHRlIGxvIGRlamFyw6kgcGFzYXLigKY=
JsigBg,,W1JhdWxlbF0KKnNuZWV6ZSogIERvbid0IHJlbGF4IGp1c3QgeWV0LCB0aGVyZSdzIHN0aWxsIHRoZSBtYXR0ZXIgb2YgdGhlIHRoaXJkIGFuZCBmaW5hbCB0ZXN0LgpJIGFkdmlzZSB5b3UgdG8gcmVzdCBhIGJpdCB3aGlsZSB0aGUgZmluYWwgdGVzdCBpcyBwcmVwYXJlZC4gIFlvdXIgZ29ubmEgbmVlZCBpdC4gIEhhaGFoYWhhaGF+,,,,,W0xhdXJvXQoqYXRjaGltKiBNYXMgbsOjbyByZWxheGUgYWluZGEuIEFpbmRhIGjDoSBvIHRlcmNlaXJvIGUgw7psdGltbyB0ZXN0ZS4KQWNvbnNlbGhvIHF1ZSBkZXNjYW5zZSB1bSBwb3VjbyBlbnF1YW50byBvIHRlc3RlIGZpbmFsIGVzdMOhIHNlbmRvIHByZXBhcmFkby4gIFZvY8OqIHZhaSBwcmVjaXNhci4gIEhhaGFoYWhhaGEu,,W1JhdWxlbF0KKkVzdG9ybnVkbyogTm8gdGUgcmVsYWplcyB0b2RhdsOtYSwgYcO6biBxdWVkYSBsYSB0ZXJjZXJhIHkgw7psdGltYSBwcnVlYmEuClRlIGFjb25zZWpvIHF1ZSBkZXNjYW5zZXMgdW4gcG9jbyBtaWVudHJhcyBzZSBwcmVwYXJhIGxhIHBydWViYSBmaW5hbC4gIExvIHZhcyBhIG5lY2VzaXRhci4gIEphLCBqYSwgamEsIGphLCBqYX4=
J8igBg,,SGFoYWhhfiAgU2luY2UgeW91IG9ubHkgbWlzc2VkIG9uZSBwcm9ibGVtLCB5b3UgcGFzc2VkIHRoZSBzZWNvbmQgdGVzdC4KSXQgd2Fzbid0IGRvbmUgaW4gb25lIHRyeSBsaWtlIG1pbmUgd2FzLCBidXQgSSdsbCBsZXQgeW91IHNsaWRlLi4u,,,,,SGFoYWhhLi4uIENvbW8gZXJyb3Ugc8OzIHVtYSByZXNwb3N0YSwgdm9jw6ogcGFzc291IG5vIHNlZ3VuZG8gdGVzdGUuCk7Do28gZm9pIG5hIHByaW1laXJhIHRlbnRhdGl2YSwgY29tbyBhY29udGVjZXUgY29taWdvLCBtYXMgdm91IGRlaXhhciBwYXNzYXIuLi4=,,SmEsIGphLCBqYX4gQ29tbyBzb2xvIHRlIGVxdWl2b2Nhc3RlIGVuIHVuYSBwcmVndW50YSwgcGFzYXN0ZSBsYSBzZWd1bmRhIHBydWViYS4KTm8gbG8gbG9ncmFzdGUgYSBsYSBwcmltZXJhLCBjb21vIHlvLCBwZXJvIHRlIGxvIGRlamFyw6kgcGFzYXLigKY=
KMigBg,,U2hlZXouLi4gIFlvdSBkaWRuJ3QgZG8gdmVyeSB3ZWxsLCBidXQgeW91IHBhc3NlZCB0aGUgc2Vjb25kIHRlc3QuCkl0IHdhc24ndCBkb25lIGluIG9uZSB0cnkgbGlrZSBtaW5lIHdhcywgYnV0IEknbGwgbGV0IHlvdSBzbGlkZS4uLg==,,,,,Vml4ZS4uLiAgVm9jw6ogbsOjbyBzZSBzYWl1IG11aXRvIGJlbSwgbWFzIHBhc3NvdSBubyBzZWd1bmRvIHRlc3RlLgpOw6NvIGZvaSBuYSBwcmltZWlyYSB0ZW50YXRpdmEsIGNvbW8gYWNvbnRlY2V1IGNvbWlnbywgbWFzIHZvdSBkZWl4YXIgcGFzc2FyLi4u,,Q2FyYXnigKYgIE5vIGxvIGhpY2lzdGUgbXV5IGJpZW4sIHBlcm8gcGFzYXN0ZSBsYSBzZWd1bmRhIHBydWViYS4KTm8gbG8gbG9ncmFzdGUgYSBsYSBwcmltZXJhLCBjb21vIHlvLCBwZXJvIHRlIGxvIGRlamFyw6kgcGFzYXLigKY=
KcigBg,,WW91IGZhaWxlZC4gR28gc3R1ZHkgc29tZSBtb3JlIQ==,,,,,Vm9jw6ogZmFsaG91LiBFc3R1ZGUgbWFpcyB1bSBwb3VjbyE=,,Tm8gYXByb2Jhc3RlLiDCoVZlIGEgZXN0dWRpYXIgdW4gcG9jbyBtw6FzIQ==
KsigBg,,W1JhdWxlbF0KKmNvdWdoKiAqY291Z2gqICBEaWQgeW91IHJlYWxseSB0aGluayB5b3UgY291bGQgYmVjb21lIGEgV2l6YXJkIHdpdGggc3VjaCBhIG1lZGlvY3JlIGxldmVsIGxpa2UgeW91cnM/CkdldCBsb3N0ISAgSWYgeW91IHdlcmUgYSBXaXphcmQgcmlnaHQgbm93LCB0aGUgbW9uc3RlcnMgdGhhdCBJIGZpZ2h0LCB3b3VsZCBlYXQgeW91IHVwIGluIG5vIHRpbWUh,,,,,W0xhdXJvXQoqY29mKiAqY29mKiBWb2PDqiBhY2hhIG1lc21vIHF1ZSBwb2RlcmlhIHNlIHRvcm5hciB1bSBCcnV4byBjb20gdW0gbsOtdmVsIHTDo28gbWVkw61vY3JlIGFzc2ltPwpTdW1hIGRhcXVpISAgU2UgZm9zc2UgdW0gQnJ1eG8sIG9zIG1vbnN0cm9zIHF1ZSBldSBlbmZyZW50byBkZXZvcmFyaWFtIHZvY8OqIHZpdm8gYmVtIHLDoXBpZG8h,,W1JhdWxlbF0KKlRvcyogKlRvcyogwr9FbiBzZXJpbyBjcmXDrXN0ZSBxdWUgcG9kw61hcyB1bmlydGUgYSBsb3MgSGVjaGljZXJvcyBjb24gdW4gbml2ZWwgdGFuIG1lZGlvY3JlIGNvbW8gZWwgdHV5bz8KwqFTYWwgZGUgYXF1w60hICBTaSBmdWVyYXMgSGVjaGljZXJvLCDCoWxvcyBtb25zdHJ1b3MgY29uIGxvcyBxdWUgbHVjaG8gdGUgZGV2b3JhcsOtYW4gZW4gdW4gc2FudGlhbcOpbiE=
K8igBg,,W1JhdWxlbF0KT2ssIGhvcGUgeW91IGdvdCBwbGVudHkgb2YgcmVzdC4gIEhhaGFoYWhhaGFofgpUaGVuIGxldCdzIGJlZ2luIHRoZSBsYXN0IHRlc3Qu,,,,,W0xhdXJvXQpPaywgZXNwZXJvIHF1ZSB0ZW5oYSBkZXNjYW5zYWRvIGJhc3RhbnRlLiAgSGFoYWhhaGFoYWguLi4KRW50w6NvLCB2YW1vcyBjb21lw6dhciBvIHRlc3RlLg==,,W1JhdWxlbF0KQnVlbm8sIGVzcGVybyBxdWUgaGF5YXMgZGVzY2Fuc2FkbyBiaWVuLiAgSmEsIGphLCBqYSwgamEsIGphfgpEZSBhY3VlcmRvLCBjb21lbmNlbW9zIGxhIMO6bHRpbWEgcHJ1ZWJhLg==
LMigBg,,W1JhdWxlbF0KU2hvdWxkIEkgZXhwbGFpbiBhIGxpdHRsZSBhYm91dCB0aGlzIGZpbmFsIHRlc3Q/ICBJdCBpcyBkaWZmaWN1bHQsIEkgd2lsbCBub3QgaGlkZSB0aGF0IGZyb20geW91Li4u,,,,,W0xhdXJvXQpEZXZvIGV4cGxpY2FyIHVtIHBvdWNvIGNvbW8gdmFpIHNlciBlc3RlIHRlc3RlIGZpbmFsPyAgw4kgZGlmw61jaWwsIG7Do28gdm91IGVzY29uZGVyIGlzc28gZGUgdm9jw6ouLi4=,,W1JhdWxlbF0Kwr9UZSBwYXJlY2UgcXVlIGV4cGxpcXVlIHVuIHBvY28gZXN0YSBwcnVlYmEgZmluYWw/ICBFcyBkaWbDrWNpbCwgbm8gdm95IGEgbWVudGlydGXigKY=
LcigBg,,Tm8sIGl0J3Mgb2ssIEknbSByZWFkeS4=,,,,,TsOjbywgdHVkbyBiZW0uIEVzdG91IHByb250by4=,,Tm8sIGVzdMOhIGJpZW4sIHBvZGVtb3MgZW1wZXphci4=
LsigBg,,SSB3b3VsZCBsaWtlIHRvIGxpc3Rlbi4=,,,,,RXUgZ29zdGFyaWEgZGUgb3V2aXIsIHNpbS4=,,TWUgZ3VzdGFyw61hIGVzY3VjaGFyIGxhIGV4cGxpY2FjacOzbi4=
L8igBg,,W1JhdWxlbF0KV2hhdCBhIHJhc2ggcGVyc29uLiAgWW91ciB0aGUgdHlwZSB0aGF0IHJ1c2hlcyBpbnRvIGJhdHRsZSB3aXRob3V0IHRoaW5raW5nLCB3aGF0IGluIHRoZSB3b3JsZCBhcmUgeW91IGRvaW5nIGhlcmUgaW5zdGVhZCBvZiB3aXRoIHRoZSBQcm9udGVyYSBDaGl2YWxyeT8gIEhlY2ssIGdvIGZvciBpdCEgICpjb3VnaCogTm90IG15IGZhdWx0IGlmIHlvdSBlbmQgdXAgZHlpbmcuCkp1c3QgY29uc2lkZXIgeW91cnNlbGYgYSBnbGFzcyBjYW5ub24uLi5iZWNhdXNlIHRoZSBtb25zdGVycyBhcmUgZ29pbmcgdG8gYnJlYWsgeW91IGludG8gcGllY2VzLiAgSGFoYWhhaGFoYWhhaGFoYWhhfg==,,,,,W0xhdXJvXQpRdWUgcGVzc29hIGFwcmVzc2FkYS4gIFZvY8OqIMOpIGRvIHRpcG8gcXVlIHNlIGxhbsOnYSDDoCBiYXRhbGhhIHNlbSBwZW5zYXIuIE1hcyBwb3IgcXVlIHZvY8OqIGVzdMOhIGFxdWksIGUgbsOjbyBjb20gYSBDYXZhbGFyaWEgZGUgUHJvbnRlcmE/ICAgT3JhLCB2w6EgZW0gZnJlbnRlISAgKmNvZiogQSBjdWxwYSBuw6NvIHNlcsOhIG1pbmhhIHNlIHZvY8OqIGFjYWJhciBtb3JyZW5kby4KQ29tZWNlIGEgc2UgaW1hZ2luYXIgY29tbyB1bSBjYW5ow6NvIGRlIHZpZHJvLi4uIHBvcnF1ZSBvcyBtb25zdHJvcyB2w6NvIHBhcnRpciB2b2PDqiBlbSBwZWRhY2luaG9zLiAgSGFoYWhhaGFoYWhhaGFoYWhhLg==,,W1JhdWxlbF0KUXXDqSBwZXJzb25hIHRhbiBpbXBydWRlbnRlLiAgRXJlcyBkZSBsb3MgcXVlIHNlIGxhbnphbiBhIGxhIGJhdGFsbGEgc2luIHBlbnNhci4gwr9RdcOpIGRlbW9uaW9zIGhhY2VzIGFxdcOtIGVuIHZleiBkZSBlbiBsYSBjYWJhbGxlcsOtYSBkZSBQcm9udGVyYT8gIMKhUXXDqSBkaWFibG9zLCBhZGVsYW50ZSwgZW50b25jZXMhICpUb3MqIE5vIHNlcsOhIGN1bHBhIG3DrWEgc2kgYWNhYmFzIG11cmllbmRvLgpTZXLDoXMgY29tbyB1biBjYcOxw7NuIGRlIGNyaXN0YWzigKYgcG9ycXVlIGxvcyBtb25zdHJ1b3MgdmFuIGEgcm9tcGVydGUgZW4gcGVkYXpvcy4gIMKhSmEsIGphLCBqYSwgamEgamEsIGphLCBqYSwgamF+IQ==
MMigBg,,W1JhdWxlbF0KVGhlbiwgYXMgeW91IHdpc2guICBJJ2xsIHNlbmQgeW91IHRoZXJlIHJpZ2h0IG5vdy4KT2gsIGlmIHlvdSBzZWUgYSB3aGl0ZSBsaWdodCBhdCB0aGUgZW5kIG9mIGEgdHVubmVsLCB0aGF0IG1lYW5zIHlvdXIgcGF0aGV0aWMgY2F1c2UgeW91IGZhaWxlZCEgIEhhaGFoYWhhaGFofg==,,,,,W0xhdXJvXQpDb21vIHF1aXNlciBlbnTDo28uICBWb3UgbWFuZGFyIHZvY8OqIHBhcmEgbMOhIGFnb3JhIG1lc21vLgpBaCwgc2Ugdm9jw6ogZW54ZXJnYXIgdW0gdMO6bmVsIGRlIGx1eiwgc2lnbmlmaWNhIHF1ZSBhIHN1YSBjYXVzYSBwYXTDqXRpY2EgZnJhY2Fzc291ISAgSGFoYWhhaGFoYWguLi4=,,W1JhdWxlbF0KQmllbiwgY29tbyBxdWllcmFzLiAgVGUgZW52aWFyw6kgYWxsw60gYWhvcmEgbWlzbW8uCkFoLCBzaSB2ZXMgdW5hIGx1eiBibGFuY2EgYWwgZmluYWwgZGUgdW4gdMO6bmVsLCDCoWVzbyBzaWduaWZpY2EgcXVlIHR1IHBhdGV0aXNtbyB0ZSBoYSBsbGV2YWRvIGFsIGZyYWNhc28hICBKYSwgamEsIGphLCBqYSwgamEsLA==
McigBg,,W1JhdWxlbF0KV2hhdCBhIGRldm90ZWQgcGVyc29uLiAgVmVyeSB3ZWxsLCBJJ2xsIGV4cGxhaW4uCk5vIG1hdHRlciBob3cgaGFyZCB0aGlzIGxhc3QgdGVzdCBtYXkgc2VlbSwgaWYgeW91IGRvIGFzIEkgc2F5LCB5b3UgY2FuIGZpbmlzaCBpdCBxdWlja2x5IGFuZCBlYXNpbHku,,,,,W0xhdXJvXQpRdWUgcGVzc29hIGRlZGljYWRhLiAgTXVpdG8gYmVtLCB2b3UgZXhwbGljYXIuCkVzdGUgw7psdGltbyB0ZXN0ZSBwb2RlIHBhcmVjZXIgZGlmw61jaWwsIG1hcywgc2Ugdm9jw6ogZml6ZXIgbyBxdWUgZXUgbWFuZGFyLCBwb2RlcsOhIHRlcm1pbsOhLWxvIGNvbSBmYWNpbGlkYWRlIGUgcmFwaWRlei4=,,W1JhdWxlbF0KUXXDqSBwZXJzb25hIGRlZGljYWRhIGVyZXMuICBNdXkgYmllbiwgdGUgbG8gZXhwbGljYXLDqS4KUG9yIG3DoXMgZGlmw61jaWwgcXVlIHB1ZWRhIHBhcmVjZXIgbGEgw7psdGltYSBwcnVlYmEsIHNpIGhhY2VzIGxvIHF1ZSBkaWdvLCBwb2Ryw6FzIHRlcm1pbmFybGEgcsOhcGlkYSB5IGbDoWNpbG1lbnRlLg==
MsigBg,,W1JhdWxlbF0KVGhlIGZpbmFsIHRlc3QgaGFzIGEgdG90YWwgb2YgMyBwYXJ0cy4KVGhlIG9yZGVyIGlzIFdhdGVyIFJvb20sIEVhcnRoIFJvb20sIEZpcmUgUm9vbS4gIEluIGVhY2ggcm9vbSwgdGhlcmUgYXJlIG1vbnN0ZXJzIG9mIHRoYXQgcGFydGljdWxhciBhdHRyaWJ1dGUu,,,,,W0xhdXJvXQpPIHRlc3RlIGZpbmFsIHRlbSAzIHBhcnRlcyBhbyB0b2RvLgpBIG9yZGVtIMOpIFNhbGEgZGUgw4FndWEsIFNhbGEgZGUgVGVycmEgZSBTYWxhIGRlIEZvZ28uICBFbSBjYWRhIHNhbGEsIGjDoSBtb25zdHJvcyBkbyBtZXNtbyBhdHJpYnV0by4=,,W1JhdWxlbF0KTGEgcHJ1ZWJhIGZpbmFsIHRpZW5lIDNwYXJ0ZXMgZW4gdG90YWwuCkVsIG9yZGVuIGVzIHNhbGEgZGVsIEFndWEsIHNhbGEgZGUgbGEgVGllcnJhLCBzYWxhIGRlbCBGdWVnby4gIEVuIGNhZGEgc2FsYSBoYXkgbW9uc3RydW9zIGRlIGVzZSBhdHJpYnV0byBlbiBwYXJ0aWN1bGFyLg==
M8igBg,,W1JhdWxlbF0KWW91J2xsIGZpbmQgb3V0IHdoYXQgbW9uc3RlcnMgd2lsbCBiZSB0aGVyZSBvbmNlIHlvdSBnbyBpbi4gIElmIHlvdSB1c2UgYXR0YWNrcyB3aXRoIHRoZSAqc25lZXplKgpyaWdodCBhdHRyaWJ1dGUsIGl0IHNob3VsZG4ndCBiZSB0b28gaGFyZC4gIEhhaGFoYX4=,,,,,W0xhdXJvXQpWb2PDqiBzYWJlcsOhIHF1YWlzIHPDo28gb3MgbW9uc3Ryb3MgcXVhbmRvIGVudHJhciBsw6EuIFNlIHVzYXIgYXRhcXVlcyBjb20gbywgKmF0Y2hpbSosCmF0cmlidXRvIGNlcnRvLCBuw6NvIHNlcsOhIG11aXRvIGRpZsOtY2lsLiAgSGFoYWhhIQ==,,W1JhdWxlbF0KRGVzY3Vicmlyw6FzIHF1w6kgbW9uc3RydW9zIHNvbiB1bmEgdmV6IHF1ZSBlbnRyZXMuICBTaSB1c2FzIGF0YXF1ZXMgY29uIGVsICpFc3Rvcm51ZG8qCmF0cmlidXRvIGNvcnJlY3RvLCBubyBkZWJlcsOtYSBzZXIgZGVtYXNpYWRvIGRpZsOtY2lsLiAgSmEsIGphLCBqYX4=
NMigBg,,W1JhdWxlbF0KT25jZSB5b3UgZGVmZWF0IGFsbCB0aGUgbW9uc3RlcnMgd2l0aGluIHRoZSBnaXZlbiB0aW1lIGluIGFueSBvbmUgcm9vbS4uLgp5b3UnbGwgYmUgbW92ZWQgdG8gdGhlIG5leHQgcm9vbS4=,,,,,W0xhdXJvXQpEZXBvaXMgZGUgZGVycm90YXIgdG9kb3Mgb3MgbW9uc3Ryb3MgZGUgdW1hIHNhbGEgbm8gbGltaXRlIGRlIHRlbXBvLi4uCnZvY8OqIGF2YW7Dp2Fyw6EgcGFyYSBhIHByw7N4aW1hIHNhbGEu,,W1JhdWxlbF0KVW5hIHZleiBxdWUgZGVycm90ZXMgYSB0b2RvcyBsb3MgbW9uc3RydW9zIGRlbnRybyBkZWwgdGllbXBvIGzDrW1pdGUgZW4gdW5hIHNhbGHigKYKdGUgdHJhc2xhZGFyw6FzIGEgbGEgc2lndWllbnRlIHNhbGEu
NcigBg,,W1JhdWxlbF0KQWZ0ZXIgdGhlc2UgdGhyZWUgcm9vbXMgYXJlIGNsZWFyLCB0aGUgdGVzdGluZyBpcyBvdmVyLgpZb3Ugd2lsbCBiZWNvbWUgYSBXaXphcmQgd2hpY2ggaXMgY29udHJvbGxlZCBieSBHcmVhdGVyIE1hZ2ljIFBvd2VycyEgIEtub3cgdGhpcy4uLlRoZXJlIGlzIG5vIHJldHVybmluZyB0byBhbiBlYXN5IGxpZmUu,,,,,W0xhdXJvXQpPIHRlc3RlIHRlcm1pbmFyw6EgcXVhbmRvIGFzIHRyw6pzIHNhbGFzIGZvcmVtIGNvbmNsdcOtZGFzLgpWb2PDqiBzZSB0b3JuYXLDoSB1bSBCcnV4byBxdWUgw6kgY29udHJvbGFkbyBwZWxvcyBQb2RlcmVzIGRhIEdyYW5kZSBNYWdpYSEgIEUgbGVtYnJlLXNlLi4uIG7Do28gaMOhIGNvbW8gdGVyIHVtYSB2aWRhIHRyYW5xdWlsYSBkZSB2b2x0YS4=,,W1JhdWxlbF0KVW5hIHZleiBkZXNwZWphZGFzIGVzdGFzIHRyZXMgc2FsYXMsIGxhIHBydWViYSBoYWJyw6EgdGVybWluYWRvLgrCoVRlIGNvbnZlcnRpcsOhcyBlbiB1biBIZWNoaWNlcm8gYmFqbyBlbCBjb250cm9sIGRlIGxvcyBwb2RlcmVzIG3DoWdpY29zIHN1cGVyaW9yZXMhICBZIHJlY3VlcmRh4oCmIE5vIHBvZHLDoXMgbnVuY2Egdm9sdmVyIGEgbGEgdmlkYSBmw6FjaWwgcXVlIHRlbsOtYXMu
NsigBg,,W1JhdWxlbF0KSGFoYWhhfiAgWW91IGxvb2sgZnJpZ2h0ZW5lZC4gIFlvdSBrbm93LCBpdCdzIG5vdCB0b28gbGF0ZSB0byB0dXJuIGJhY2sgYW5kIGxpdmUgYW4gZWFzeSBsaWZlLgpJZiB5b3Ugd2FudCwgSSBjYW4gc2VuZCB5b3UgYmFjayB0byB0b3duIHJpZ2h0IG5vdy4uLiAgV2hhdCBkbyB5b3Ugd2FudCB0byBkbz8=,,,,,W0xhdXJvXQpIYWhhaGEuLi4gVm9jw6ogcGFyZWNlIGFzc3VzdGFkby4gIE7Do28gw6kgdGFyZGUgZGVtYWlzIHBhcmEgdm9sdGFyIGF0csOhcyBlIHRlciB1bWEgdmlkYSB0cmFucXVpbGEuClNlIHF1aXNlciwgcG9zc28gbWFuZGFyIHZvY8OqIGRlIHZvbHRhIHBhcmEgYSBjaWRhZGUgYWdvcmEgbWVzbW8uLi4gIE8gcXVlIHZvY8OqIHF1ZXIgZmF6ZXI/,,W1JhdWxlbF0KSmEsIGphLCBqYX4gUGFyZWNlIHF1ZSBlc28gdGUgZGEgbWllZG8uICBObyBlcyBkZW1hc2lhZG8gdGFyZGUgcGFyYSBhcnJlcGVudGlyc2UgeSB2aXZpciB1bmEgdmlkYSBmw6FjaWwuClNpIHF1aWVyZXMsIHB1ZWRvIGVudmlhcnRlIGRlIHZ1ZWx0YSBhIGxhIGNpdWRhZCBhaG9yYSBtaXNtb+KApiAgwr9RdcOpIHF1aWVyZXMgaGFjZXI/
N8igBg,,Q29udGludWUgdGVzdGluZy4=,,,,,Q29udGludWFyIG8gdGVzdGUu,,Q29udGludWFyIGNvbiBsYSBwcnVlYmEu
OMigBg,,SSB3YW50IHRvIGdvIGJhY2sgYmVjYXVzZSBJIGhhdmUgYnV0dGVyZmxpZXMgaW4gbXkgc3RvbWFjaC4=,,,,,UXVlcm8gdm9sdGFyLiBFc3RvdSBhbnNpb3NvIGRlbWFpcy4=,,UXVpZXJvIHZvbHZlciBwb3JxdWUgdGVuZ28gbWFyaXBvc2FzIGVuIGVsIGVzdMOzbWFnby4=
OcigBg,,W1JhdWxlbF0KWW91IGFyZSBpbmRlZWQsIHZlcnkgZGV0ZXJtaW5lZC4gIE9rISAgSGFoYWhhaGFoYWhhfgoqQ291Z2gqICpjb3VnaCogIEFzIHlvdSB3aXNoLCB3ZSBzaGFsbCBiZWdpbiB0aGUgZmluYWwgdGVzdCE=,,,,,W0xhdXJvXQpWb2PDqiwgY2VydGFtZW50ZSwgw6kgbXVpdG8gZGV0ZXJtaW5hZG8uICBDZXJ0byEgIEhhaGFoYWhhaGFoYS4uLgoqQ29mKiAqY29mKiBDb21vIHF1aXNlci4gVmFtb3MgY29tZcOnYXIgbyB0ZXN0ZSBmaW5hbCE=,,W1JhdWxlbF0KRW4gZWZlY3RvLCBlcmVzIHVuYSBwZXJzb25hIG11eSBvc2FkYS4gIMKhRXN0w6EgYmllbiEgIEphLCBqYSwgamEsIGphLCBqYSwgamF+CipUb3MqICpUb3MqIENvbW8gcXVpZXJlcywgwqFjb21lbnphcmVtb3MgbGEgcHJ1ZWJhIGZpbmFsIQ==
OsigBg,,W1JhdWxlbF0KR29vZCB0aGlua2luZy4gIFRoaXMgaXMgYSBiZXR0ZXIgY2hvaWNlIGZvciB5b3UuICBIYWhhaGFoYWh+CkdvIGJhY2sgYW5kIGxpdmUgYSBlYXN5IGxpZmUsIEdyZWF0ZXIgTWFnaWMgaXMgYSBmb3JjZSB0aGF0IHNob3VsZCBub3QgYmUgd2llbGQgYnkgdHlwZXMgbGlrZSB5b3Vyc2VsZi4=,,,,,W0xhdXJvXQpCb2EgcmVzcG9zdGEuICDDiSB1bWEgZXNjb2xoYSBtZWxob3IgcGFyYSB2b2PDqi4gIEhhaGFoYWhhaC4uLgpWb2x0ZSBlIGxldmUgdW1hIHZpZGEgZmVsaXouIEEgR3JhbmRlIE1hZ2lhIMOpIHVtYSBmb3LDp2EgcXVlIG7Do28gZGV2ZSBzZXIgdXNhZGEgcG9yIHRpcG9zIGNvbW8gdm9jw6ouIA==,,W1JhdWxlbF0KQmllbiBwZW5zYWRvLiAgRXN0YSBlcyBsYSBtZWpvciBvcGNpw7NuIHBhcmEgdGkuICBKYSwgamEsIGphLCBqYX4KVmV0ZSBhIHZpdmlyIHVuYSB2aWRhIGbDoWNpbC4gTGEgTWFnaWEgc3VwZXJpb3IgZXMgdW5hIGZ1ZXJ6YSBxdWUgbm8gZGViZSBzZXIgZXNncmltaWRhIHBvciBwZXJzb25hcyBjb21vIHTDui4=
O8igBg,,W1JhdWxlbF0KSGFoYWhhaGFoYWhhfiAgSSd2ZSBuZXZlciBzZWVuIGFueW9uZSBzby4uLnNvb28uLi4qc25lZXplKiB0ZW5hY2lvdXMgYXMgeW91LgpTbyB5b3Ugd2FudCB0byB0cnkgYWdhaW4gZWg/ICBFdmVuIHRob3VnaCBJJ3ZlIHJpZGljdWxlZCB5b3UgZm9yIHlvdXIgZmFpbHVyZXMgYmVmb3JlPz8=,,,,,W0xhdXJvXQpIYWhhaGFoYWhhaGF+IEV1IG51bmNhIHZpIG5pbmd1w6ltIHTDo28uLi4gdMOjw6PDo28uLi4gKmVzcGlycm8qIHRlbmF6IHF1YW50byB2b2PDqi4KRW50w6NvIHZvY8OqIHF1ZXIgdGVudGFyIGRlIG5vdm8sIGhlaW4/IE1lc21vIHF1ZSBldSBqw6EgdGVuaGEgcmlkaWN1bGFyaXphZG8gdm9jw6ogcG9yIHNldXMgZnJhY2Fzc29zIGFudGVzPz8K,,W1JhdWxlbF0KSmEsIGphLCBqYSwgamEsIGphLCBqYSwgamF+IE51bmNhIGhhYsOtYSB2aXN0byBhIG5hZGllIHRhbuKApiB0YWFhYW7igKYgKkVzdG9ybnVkbyogdGVuYXogY29tbyB0w7ouCkFzw60gcXVlIHF1aWVyZXMgdm9sdmVyIGEgaW50ZW50YXJsbywgwr9laD8gIMK/QXVucXVlIHRlIGhheWEgcmlkaWN1bGl6YWRvIGFudGVzIHBvciB0dXMgZnJhY2Fzb3M/
PMigBg,,W1JhdWxlbF0KT2sgdGhlbiwgaGVyZSdzIGEgcHJvcG9zaXRpb24uICBTaW5jZSB5b3UncmUgcHJvYmFibHkgd29ybiBvdXQgYXMgaXQgaXMsIGFuZCBJIGNhbiBjbGVhcmx5IHNlZSB0aGUgbHVzdCBmb3IgR3JlYXRlciBNYWdpYyBidXJuaW5nIGluIHlvdXIgZXllcy4uLgpIYWhhaGFoYWhhfiB5ZWFoISBHbyBicmluZyBtZSBhIF4zMzU1RkZXb3JuIE91dCBTY3JvbGxeMDAwMDAwLg==,,,,,W0xhdXJvXQpPayBlbnTDo28sIGFxdWkgdmFpIHVtYSBwcm9wb3N0YS4gSsOhIHF1ZSB2b2PDqiBwcm92YXZlbG1lbnRlIGrDoSBlc3TDoSBleGF1c3RvLCBlIGV1IHBvc3NvIHZlciBjbGFyYW1lbnRlIGEgbHV4w7pyaWEgcG9yIE1hZ2lhIE1haW9yIHF1ZWltYW5kbyBlbSBzZXVzIG9saG9zLi4uCkhhaGFoYWhhaGF+IHNpbSEgVsOhIG1lIHRyYXplciB1bSBeMzM1NUZGUGVyZ2FtaW5obyBEZXNnYXN0YWRvXjAwMDAwMC4=,,W1JhdWxlbF0KRGUgYWN1ZXJkbywgZW50b25jZXMsIMK/cXXDqSB0ZSBwYXJlY2UgZXN0bz8gIFlhIHF1ZSBwcm9iYWJsZW1lbnRlIG5lY2VzaXRlcyB1biBkZXNjYW5zbywgeSBwdWVkbyB2ZXIgY2xhcmFtZW50ZSBsYSBsdWp1cmlhIHBvciBsYSBNYWdpYSBzdXBlcmlvciBhcmRpZW5kbyBlbiB0dXMgb2pvc+KApgpKYSwgamEsIGphLCBqYSwgamEsIGphfiDCoVPDrSEgVmUgYSB0cmFlcm1lIHVuIF4yNTAyRkRQZXJnYW1pbm8gZGVzZ2FzdGFkb14wMDAwMDAu
PcigBg,,W1JhdWxlbF0KSWYgbm90LCB5b3UgY2FuIHRha2UgdGhlIHRlc3QgYWdhaW4uLi4KV2VsbCwgSSdsbCBzZW5kIHlvdSB0byB0YWtlIHRoZSB0ZXN0IGZvciBub3cuICBIYWhhaGFoYX4=,,,,,W0xhdXJvXQpTZSBuw6NvLCB2b2PDqiBwb2RlIGZhemVyIG8gdGVzdGUgZGUgbm92by4uLgpCZW0sIGV1IHZvdSB0ZSBtYW5kYXIgZmF6ZXIgbyB0ZXN0ZSBwb3IgZW5xdWFudG8uIEhhaGFoYWhhfg==,,W1JhdWxlbF0KU2kgbm8sIHB1ZWRlcyB2b2x2ZXIgYSBoYWNlciBsYSBwcnVlYmHigKYKQnVlbm8sIHBvciBhaG9yYSwgdGUgbWFuZGFyw6kgYSBoYWNlciBsYSBwcnVlYmEuICBKYSwgamEsIGphLCBqYX4=
PsigBg,,W1JhdWxlbF0KT2ghICBTbyB5b3UncmUgYmFjaz8gIEhhaGFoYWhhaGF+CipDb3VnaCogQ291Z2gqIERvIHlvdSB3YW50IHRvIHRha2UgdGhlIHRlc3QgYWdhaW4/ICBPciBkaWQgeW91IGJyaW5nIHRoZSBeMzM1NUZGV29ybiBPdXQgU2Nyb2xsXjAwMDAwMD8=,,,,,W0xhdXJvXQpPaCEgRW50w6NvIHZvY8OqIHZvbHRvdT8gSGFoYWhhaGFoYX4KKlRvc3NlKiBUb3NzZSogVm9jw6ogcXVlciBmYXplciBvIHRlc3RlIGRlIG5vdm8/IE91IHZvY8OqIHRyb3V4ZSBvIF4zMzU1RkZQZXJnYW1pbmhvIERlc2dhc3RhZG9eMDAwMDAwPw==,,W1JhdWxlbF0KwqFBaCEgIMK/QXPDrSBxdWUgdm9sdmlzdGU/ICBKYSwgamEsIGphLCBqYSwgamEsLAoqVG9zKiAqVG9zKiDCv1F1aWVyZXMgaGFjZXIgbGEgcHJ1ZWJhIG90cmEgdmV6PyAgwr9PIHRyYWppc3RlIGVsIF4yNTAyRkRQZXJnYW1pbm8gZGVzZ2FzdGFkb14wMDAwMDA/
P8igBg,,Q29udGludWUgdGhlIHRlc3Qu,,,,,UHJvc3NlZ3VpciBjb20gbyB0ZXN0ZS4=,,Q29udGludWFyIGxhIHBydWViYS4=
QMigBg,,V29ybiBPdXQgU2Nyb2xsLi4u,,,,,UGVyZ2FtaW5obyBHYXN0by4uLg==,,RGFybGUgZWwgcGVyZ2FtaW5vIGRlc2dhc3RhZG8u
QcigBg,,W1JhdWxlbF0KSGFoYWhhfiAgT2ssIGF0IGxlYXN0IHlvdSBoYXZlIHNvbWUgc3Bpcml0LgpJJ2xsIHNlbmQgeW91IGluIGFnYWluLCB0cnkgZHlpbmcgb25jZSBtb3JlIHdpbGwgeWFoPyAgSGFoYWhhaGFoYWhhaGFoYWhhfg==,,,,,W0xhdXJvXQpIYWhhaGEuLi4gT2ssIHBlbG8gbWVub3Mgdm9jw6ogdGVtIGNvcmFnZW0uClZvdSBtYW5kYXIgdm9jw6ogZGUgbm92by4gU2Vyw6EgcXVlIHBvZGUgdGVudGFyIG7Do28gbW9ycmVyIG1haXMgdW1hIHZlej8gIEhhaGFoYWhhaGFoYWhhaGFoYS4=,,W1JhdWxlbF0KSmEsIGphLCBqYX4gQmllbiwgYWwgbWVub3MgbXVlc3RyYXMgYWxnbyBkZSBlbnR1c2lhc21vLgpUZSBlbnZpYXLDqSBkZSBudWV2bywgaW50ZW50YSBtb3JpciBkZSBudWV2bywgwr9xdWllcmVzPyAgwqFKYSwgamEsIGphLCBqYSBqYSwgamEsIGphLCBqYX4h
QsigBg,,W1JhdWxlbF0KSGFoYWhhaGFoYWhhaGFoYX4gICpDb3VnaCogKmNvdWdoKiBTbyB5b3UgZW5kZWQgdXAgYnJpbmdpbmcgb25lIG9mIHRoZXNlIGVoPyAgR29vZCBqb2IuLi4KSSB0aGluayBJIGNhbiBjb250aW51ZSBteSByZXNlYXJjaCB3aXRoIHRoaXMuLi4=,,,,,W0xhdXJvXQpIYWhhaGFoYWhhaGFoYWhhLi4uICpDb2YqICpjb2YqIEVudMOjbywgdm9jw6ogYWNhYm91IHRyYXplbmRvIHVtIGRlc3Nlcz8gIEJvbSB0cmFiYWxoby4uLgpBY2hvIHF1ZSBwb3NzbyBjb250aW51YXIgYSBtaW5oYSBwZXNxdWlzYSBjb20gaXNzby4uLg==,,W1JhdWxlbF0KSmEsIGphLCBqYSwgamEsIGphLCBqYSwgamF+ICpUb3MqICpUb3MqIFZlbyBxdWUgdGVybWluYXN0ZSB0cmF5ZW5kbyB1bm8gZGUgZXN0b3MuICBCdWVuIHRyYWJham/igKYKQ3JlbyBxdWUgcHVlZG8gY29udGludWFyIG1pIGludmVzdGlnYWNpw7NuIGNvbiBlc3Rv4oCm
Q8igBg,,W1JhdWxlbF0KRXZlbiB0aG91Z2ggeW91ciBub3QgR3JhZGUgQSBXaXphcmQgbWF0ZXJpYWwsIEkgY2FuIHRlbGwgeW91ciBzZXJpb3VzIGFib3V0IHdhbnRpbmcgdGhlIEdyZWF0ZXIgTWFnaWMuICBJJ2xsIHRlbGwgQ2F0aGVyaW5lIHRoYXQgeW91IHBhc3NlZC4gIEhhaGFoYWhhaGFoYWhhaGFofgpZb3Ugd2VudCB0aHJvdWdoIGEgbG90IG9mIHRyb3VibGUgaGVyZSwgYW5kIHRoYXQgaXMgdGhlIHRydWUgcHVycG9zZSBmb3IgdXMgc2VsZWN0aW5nIFdpemFyZHMuICBPbmx5IHRob3NlIHdobyB3aWxsIGRldm90ZSB0aGVtc2VsdmVzIHRvIHRoZSBhcnQgd2lsbCBldmVyIGJlY29tZSBXaXphcmRzLiAgR29vZCBsdWNrIHRvIHlvdS4gIEJlY29tZSBtdWNoIFN0cm9uZ2VyLiAgSGFoYWhhaGFoYWhhfg==,,,,,W0xhdXJvXQpNZXNtbyBuw6NvIHNlbmRvIGEgcGVzc29hIGlkZWFsIHBhcmEgc2UgdG9ybmFyIHVtIEJydXhvLCBwZXJjZWJvIHF1ZSBxdWVyIG11aXRvIGEgR3JhbmRlIE1hZ2lhLiAgVm91IGRpemVyIGEgQ2F0aGVyaW5lIHF1ZSB2b2PDqiBwYXNzb3UuICBIYWhhaGFoYWhhaGFoYWhhaC4KVm9jw6ogcGFzc291IHBvciBtdWl0YSBjb2lzYSBhcXVpLCBlIMOpIGVzc2UgbyB2ZXJkYWRlaXJvIHByb3DDs3NpdG8gZGEgc2VsZcOnw6NvIGRlIEJydXhvcy4gIFNvbWVudGUgYXF1ZWxlcyBxdWUgc2UgZGVkaWNhbSDDoCBhcnRlIHRvcm5hbS1zZSBCcnV4b3MuICBCb2Egc29ydGUuICBUb3JuZS1zZSBtdWl0byBtYWlzIGZvcnRlLiAgSGFoYWhhaGFoYWhhLi4u,,W1JhdWxlbF0KQXVucXVlIHR1IGNhbGlkYWQgZGUgSGVjaGljZXJvIG5vIGVzIGV4Y2VsZW50ZSwgc8OpIHF1ZSBlbiB2ZXJkYWQgcXVpZXJlcyBsYSBNYWdpYSBzdXBlcmlvci4gIExlIGRpcsOpIGEgQ2F0aGVyaW5lIHF1ZSBwYXNhc3RlIGxhcyBwcnVlYmFzLiAgSmEsIGphLCBqYSwgamEsIGphLCBqYSwgamEsIGphfgpUZSBlc2Zvcnphc3RlIG11Y2hvLCB5IGVzZSBlcyBudWVzdHJvIHZlcmRhZGVybyBwcm9ww7NzaXRvIGFsIGVsZWdpciBIZWNoaWNlcm9zLiAgU29sbyBxdWllbmVzIHNlIGVudHJlZ3VlbiBwb3IgY29tcGxldG8gYSBlc3RlIGFydGUgbGxlZ2Fyw6FuIGEgc2VyIEhlY2hpY2Vyb3MuICBCdWVuYSBzdWVydGUuICBWdcOpbHZldGUgbXVjaG8gbcOhcyBmdWVydGUuICDCoUphLCBqYSwgamEsIGphIGphLCBqYSwgamEsIGphfiE=
RMigBg,,W1JhdWxlbF0KKnNuZWV6ZSogV2hhdD8gIFlvdSB3YW50IHRvIHRha2UgdGhlIHRlc3QgYWdhaW4/CkdlZXouLi55b3UgYWxyZWFkeSBmYWlsZWQgdGhlIGJhdHRsZSB0ZXN0ISAgSGFoYWhhaGFoYWhhaGFoYX4gIFNvIHlvdSBsaWtlIG1hZ2ljIHRoYXQgbXVjaCwgZWg/,,,,,W0xhdXJvXQoqYXRjaGltKiBRdcOqPyAgUXVlciBmYXplciBvIHRlc3RlIGRlIG5vdm8/ClBveGEuLi4gdm9jw6ogasOhIGZhbGhvdSBubyB0ZXN0ZSBkZSBiYXRhbGhhISAgSGFoYWhhaGFoYWhhaGFoYS4uLiBWb2PDqiBnb3N0YSB0YW50byBhc3NpbSBkZSBtYWdpYT8=,,W1JhdWxlbF0KKkVzdG9ybnVkbyogwr9RdcOpPyAgwr9RdWllcmVzIHZvbHZlciBhIGhhY2VyIGxhIHBydWViYT8KVmF5YeKApiBwZXJvIMKhc2kgbm8gcGFzYXN0ZSBsYSBwcnVlYmEgZGUgYmF0YWxsYSEgIEphLCBqYSwgamEsIGphLCBqYSwgamEsIGphLCBqYX4gwr9UYW50byB0ZSBndXN0YSBsYSBtYWdpYT8=
RcigBg,,W1JhdWxlbF0KU2luY2UgeW91ciBzbyB3ZWFrIHRoYXQgeW91IGNhbid0IGZpbmlzaCB0aGlzIGZpbmFsIHRlc3Qgb24geW91ciBvd24uLi55b3UgbmVlZCBhIHNlcGFyYXRlIHRlc3QgdG8gaGVscCB5b3Ugb3V0LgoqQ291Z2gqIElmIHlvdSBjYW4ndCBwYXNzIHRoZSBiYXR0bGUgdGVzdCwgdGhlbiBkbyBhIGdvb2Qgam9iIHdpdGggdGhpcyBvbmUuICBIYWhhaGFoYWhhaGFofg==,,,,,W0xhdXJvXQpKw6EgcXVlIGVzdMOhIHTDo28gZnJhY28gcXVlIG7Do28gY29uc2VndWUgdGVybWluYXIgbyB0ZXN0ZSBmaW5hbCBzb3ppbmhvLi4uIHZvdSBsaGUgZGFyIHVtIHRlc3RlIHNlcGFyYWRvIHBhcmEgYWp1ZGFyIHZvY8OqLgoqQ29mKiBTZSBuw6NvIHBvZGUgcGFzc2FyIG5vIHRlc3RlIGRlIGJhdGFsaGEsIHRlbnRlIHNlIHNhaXIgYmVtIG5lc3RlIGFxdWkuICBIYWhhaGFoYWhhaGEhIQ==,,W1JhdWxlbF0KWWEgcXVlIGVyZXMgdGFuIGTDqWJpbCBxdWUgbm8gcHVlZGVzIHRlcm1pbmFyIGxhIHBydWViYSBmaW5hbCBwb3IgdHVzIHByb3Bpb3MgbWVkaW9z4oCmIHRlIGRhcsOpIHVuYSBwcnVlYmEgZGlzdGludGEuCipUb3MqIFNpIG5vIHB1ZWRlcyBwYXNhciBsYSBwcnVlYmEgZGUgYmF0YWxsYSwgZXNmdcOpcnphdGUgcG9yIHBhc2FyIGVzdGEuICBKYSwgamEsIGphLCBqYSwgamEsIGphfg==
RsigBg,,W1JhdWxlbF0KV2VsbCwgeW91IGJldHRlciBhbnN3ZXIgdGhlc2UgcHJvYmxlbXMgaWYgeW91IHBsYW4gb24gYmVjb21pbmcgYSBXaXphcmQuICBIYWhhaGFoYWhhaGFoYX4=,,,,,W0xhdXJvXQpCZW0sIMOpIG1lbGhvciByZXNwb25kZXIgYSBlc3RhcyBwZXJndW50YXMgc2UgcHJldGVuZGUgc2UgdG9ybmFyIHVtIEJydXhvLiAgSGFoYWhhaGFoYWhhaGEuLi4=,,W1JhdWxlbF0KU2Vyw6EgbWVqb3IgcXVlIHJlc3BvbmRhcyBlc3RhcyBwcmVndW50YXMgc2kgcGllbnNhcyB1bmlydGUgYSBsb3MgSGVjaGljZXJvcy4gIEphLCBqYSwgamEsIGphLCBqYSwgamF+
R8igBg,,W1JhdWxlbF0KMS4gQ2hvb3NlIHRoZSBtb25zdGVyIHdpdGggYSBkaWZmZXJlbnQgYXR0cmlidXRlIHRoYW4gdGhlIG90aGVycy4=,,,,,W0xhdXJvXQoxLiBFc2NvbGhhIG8gbW9uc3RybyBjb20gdW0gYXRyaWJ1dG8gZGlmZXJlbnRlIGRvcyBvdXRyb3Mu,,W1JhdWxlbF0KMS4gRWxpZ2UgZWwgbW9uc3RydW8gcXVlIHRlbmdhIHVuIGF0cmlidXRvIGRpZmVyZW50ZSBhIGxvcyBkZW3DoXMu
SMigBg,,TWFudGlz,,,,,TG91dmEtYS1kZXVz,,TWFudGlz
ScigBg,,Q29ybnV0dXM=,,,,,Q29ybnV0dXM=,,Q29ybnV0dXM=
SsigBg,,W1JhdWxlbF0KMi4gQ2hvb3NlIHRoZSBtb25zdGVyIHRoYXQgaXMgbm90IGEgbG9vdGluZyBvbmUu,,,,,W0xhdXJvXQoyLiBFc2NvbGhhIG8gbW9uc3RybyBxdWUgbsOjbyBkZWl4YSBpdGVucy4=,,W1JhdWxlbF0KMi4gRWxpZ2UgZWwgbW9uc3RydW8gcXVlIG5vIHNlYSBzYXF1ZWFkb3Iu
S8igBg,,WW95bw==,,,,,WW95bw==,,WW95bw==
TMigBg,,TWV0YWxsZXI=,,,,,TWV0YWxsZXI=,,TWV0YWxlcm8=
TcigBg,,WmVyb20=,,,,,WmVyb20=,,WmVyb20=
TsigBg,,W1JhdWxlbF0KMy4gV2hpY2ggb2YgdGhlc2UgbW9uc3RlcnMgZG9lcyBub3QgcmVjb2duaXplIGNhc3Rpbmc/,,,,,W0xhdXJvXQozLiBRdWFsIGRlc3RlcyBtb25zdHJvcyBuw6NvIHJlY29uaGVjZSBhIGNvbmp1cmHDp8Ojbz8=,,W1JhdWxlbF0KMy4gwr9DdcOhbCBkZSBlc3RvcyBtb25zdHJ1b3Mgbm8gcmVjb25vY2UgZWwgbGFuemFtaWVudG8/
T8igBg,,TWFyaW5h,,,,,TWFyaW5h,,TWFyaW5h
UMigBg,,Vml0YXRh,,,,,Vml0YXRh,,Vml0YXRh
UcigBg,,U2NvcnBpb24=,,,,,RXNjb3JwacOjbw==,,RXNjb3JwacOzbg==
UsigBg,,W1JhdWxlbF0KNC4gQ2hvb3NlIHRoZSBzcGVsbCB0aGF0IHdvdWxkIGJlIGVmZmljaWVudCBhZ2FpbnN0IGEgTWFyaW5lIFNwaGVyZS4=,,,,,W0xhdXJvXQo0LiBFc2NvbGhhIG8gZmVpdGnDp28gcXVlIHNlcmlhIGVmaWNpZW50ZSBjb250cmEgYSBFc2ZlcmEgTWFyaW5oYS4=,,W1JhdWxlbF0KNC4gRWxpZ2UgZWwgaGVjaGl6byBxdWUgc2Vyw61hIGVmaWNheiBjb250cmEgdW5hIEVzZmVyYSBtYXJpbmEu
U8igBg,,U3RvbmUgQ3Vyc2U=,,,,,UGV0cmlmaWNhcg==,,TWFsZGljacOzbiBww6l0cmVh
VMigBg,,W1JhdWxlbF0KNS4gQ2hvb3NlIHRoZSBtb25zdGVyIHRoYXQgY2FuIG1vdmUu,,,,,W0xhdXJvXQo1LiBFc2NvbGhhIG8gbW9uc3RybyBxdWUgY29uc2VndWUgc2UgbW92ZXIu,,W1JhdWxlbF0KNS4gRWxpZ2UgZWwgbW9uc3RydW8gcXVlIHB1ZWRlIG1vdmVyc2Uu
VcigBg,,SHlkcmE=,,,,,SGlkcmE=,,SGlkcmE=
VsigBg,,TWFkcmFnb3Jh,,,,,TWFuZHLDoWdvcmE=,,TWFuZHLDoWdvcmE=
V8igBg,,R3JlYXRlc3QgR2VuZXJhbA==,,,,,R3VhcmRpw6NvIGRhIEZsb3Jlc3Rh,,TWF5b3IgZ2VuZXJhbA==
WMigBg,,RnJpbGxkb3Jh,,,,,RnJpbGxkb3Jh,,RnJpbGxkb3Jh
WcigBg,,W1JhdWxlbF0KKnBmZnQqIERvIGl0IHJpZ2h0LCBzbyBJIGRvbid0IGhhdmUgdG8gYXNrIGFnYWluLg==,,,,,W0xhdXJvXQoqcGZmdCogRmHDp2EgdHVkbyBkaXJlaXRvIHBhcmEgcXVlIGV1IG7Do28gdGVuaGEgcXVlIHBlcmd1bnRhciBkZSBub3ZvLg==,,W1JhdWxlbF0KKlBmZmYqIEhhemxvIGJpZW4sIGFzw60gbm8gdGVuZHLDqSBxdWUgcHJlZ3VudGFyIGRlIG51ZXZvLg==
WsigBg,,W1JhdWxlbF0KWW91IGdvdCB7fSBwb2ludHMu,,,,,W0xhdXJvXQpWb2PDqiBjb25zZWd1aXUge30gcG9udG9zLg==,,W1JhdWxlbF0KT2J0dXZpc3RlIHt9cHVudG9zLg==
W8igBg,,SGFoYWhhaGFoYWhhfiAqQ291Z2gqICpjb3VnaCogSWYgeW91IGNhbiBhbnN3ZXIgYWxsIHRoZXNlIHF1ZXN0aW9ucyBjb3JyZWN0bHksIGhvdyBpcyBpdCB5b3UgY2FuJ3QgZG8gd2VsbCBpbiBiYXR0bGVzPz8=,,,,,SGFoYWhhaGFoYWhhLi4uICpDb2YqICpjb2YqIFNlIHZvY8OqIGNvbnNlZ3VlIHJlc3BvbmRlciBhIHRvZGFzIGVzc2FzIHBlcmd1bnRhcyBjb3JyZXRhbWVudGUsIHBvciBxdWUgbsOjbyBzZSBzYWkgYmVtIG5hcyBiYXRhbGhhcz8/,,SmEsIGphLCBqYSwgamEsIGphfiAqVG9zKiAqVG9zKiBTaSBwdWVkZXMgcmVzcG9uZGVyIGNvcnJlY3RhbWVudGUgdG9kYXMgZXN0YXMgcHJlZ3VudGFzLCDCv3BvciBxdcOpIG5vIHRlIHZhIGJpZW4gZW4gbGFzIGJhdGFsbGFzPw==
XMigBg,,RWgsIHNvc28uLi4KSSdsbCBsZXQgeW91IHJldGFrZSB0aGUgdGVzdC4=,,,,,RXIsIG1haXMgb3UgbWVub3MuLi4KVm91IGRlaXhhciB2b2PDqiByZWZhemVyIG8gdGVzdGUu,,QnVlbm8sIGJ1ZW5v4oCmClRlIGRlamFyw6kgcmVwZXRpciBsYSBwcnVlYmEu
XcigBg,,WW91IGZhaWxlZCEgIEdvIHN0dWR5IHNvbWUgbW9yZSE=,,,,,Vm9jw6ogZmFsaG91ISAgRXN0dWRlIG1haXMgdW0gcG91Y28h,,Tm8gYXByb2Jhc3RlLiAgRXN0dWRpYSB1biBwb2NvIG3DoXMgeQ==
XsigBg,,W1JhdWxlbF0KWW91IGxhY2sgc29tZXRoaW5nLi4uKnNuZWV6Ki4uLmxpa2UgaW50ZWxsaWdlbmNlLiAgVGhhdCdzIHdoeSB5b3Uga2VlcCBvbiBmYWlsaW5nLiAgSGFoYWhhaGFoYWhhaGFoYX4=,,,,,W0xhdXJvXQpWb2PDqiBwcmVjaXNhIGRlIGFsZ28uLi4gKmF0Y2hpbSouLi4gY2hhbWFkbyBpbnRlbGlnw6puY2lhLiAgw4kgcG9yIGlzc28gcXVlIGNvbnRpbnVhIGZhbGhhbmRvLiAgSGFoYWhhaGFoYWhhaGFoYS4=,,W1JhdWxlbF0KVGUgZmFsdGEgYWxnb+KApiAqRXN0b3JudWRvKiDigKZjb21vIGludGVsaWdlbmNpYS4gIFBvciBlc28gc2lndWVzIGZhbGxhbmRvLiAgSmEsIGphLCBqYSwgamEsIGphLCBqYSwgamEsIGphfg==
X8igBg,,QmVnaW4gdGhlIHRlc3QgcGxlYXNlLg==,,,,,SW5pY2llIG8gdGVzdGUsIHBvciBmYXZvci4=,,RW1waWV6YSBsYSBwcnVlYmEsIHBvciBmYXZvci4=
YMigBg,,Q2FuIEkgZ2V0IGFub3RoZXIgZXhwbGFuYXRpb24/,,,,,UG9zc28gb3V2aXIgb3V0cmEgZXhwbGljYcOnw6NvPw==,,wr9QdWVkZXMgZGFybWUgb3RyYSBleHBsaWNhY2nDs24/
YcigBg,,W1JhdWxlbF0KTm9ib2R5IGlzIGdvaW5nIHRvIGhlbHAgeW91IGJlY29tZSBhIFdpemFyZC4gIEhhaGFoYWhhaGFoYWhhaGF+CipDb3VnaCogKmNvdWdoKiBObyBwb2ludCBpbiBjcnlpbmcgYWZ0ZXIgZHlpbmcuLi4=,,,,,W0xhdXJvXQpOaW5ndcOpbSB2YWkgYWp1ZGFyIHZvY8OqIGEgc2UgdG9ybmFyIHVtIEJydXhvLiAgSGFoYWhhaGFoYWhhaGFoYS4KKkNvZiogKmNvZiogTsOjbyBkw6EgcGFyYSBjaG9yYXIgZGVwb2lzIGRlIG1vcnJlci4uLg==,,W1JhdWxlbF0KTmFkaWUgdGUgYXl1ZGFyw6EgYSBjb252ZXJ0aXJ0ZSBlbiBIZWNoaWNlcm8uICDCoUphLCBqYSwgamEsIGphIGphLCBqYSwgamEsIGphfiEKKlRvcyogKlRvcyogTm8gdGllbmUgc2VudGlkbyBsbG9yYXIgZGVzcHXDqXMgZGUgbW9yaXLigKY=
YsigBg,,W1JhdWxlbF0KVGhlbiwgYXMgeW91IHdpc2guICBJJ2xsIHNlbmQgeW91IHRvIGZpZ2h0LgpPaCEgIElmIHlvdSBzZWUgc29tZSB0YWxsIHBlYXJseSBnYXRlcyBhbmQgaGVhciBhIGJvb21pbmcgZGVlcCB2b2ljZSBmcm9tIGJlaGluZCBpdCwgdGhhdCBtZWFucyB0aGF0IHlvdXIgYSBmYWlsdXJlIHdoZW4gaXQgY29tZXMgdG8gTWFnaWMuICBIYWhhaGFoYWhhaGFoYWhhaGF+,,,,,W0xhdXJvXQpDb21vIHF1aXNlciBlbnTDo28uICBWb3UgbWFuZGFyIHZvY8OqIHBhcmEgYSBsdXRhLgpPaCEgIFNlIGVueGVyZ2FyIHBvcnTDtWVzIGFsdG9zIGUgcGVyb2xhZG9zIGUgZXNjdXRhciB1bWEgdm96IGVzdHJvbmRvc2EgZSBwcm9mdW5kYSBhdHLDoXMgZGUgdm9jw6osIHNpZ25pZmljYSBxdWUgYSBzdWEgbWFnaWEgZm9pIHVtIGZyYWNhc3NvLiAgSGFoYWhhaGFoYWhhaGFoYWhhLg==,,W1JhdWxlbF0KVGFsIGNvbW8gZGVzZWFzLiAgVGUgZW52aWFyw6kgYSBsdWNoYXIuCsKhQWghICBTaSB2ZXMgdW5hcyBwdWVydGFzIGFsdGFzIG5hY2FyYWRhcyB5IG95ZXMgdW5hIHZveiBncmF2ZSB5IHJldHVtYmFudGUgZGV0csOhcyBkZSBlbGxhcywgc2lnbmlmaWNhIHF1ZSBlcmVzIHVuIGZyYWNhc28gZW4gdG9kbyBsbyBxdWUgc2UgcmVmaWVyZSBhIGxhIG1hZ2lhLiAgwqFKYSwgamEsIGphLCBqYSBqYSwgamEsIGphLCBqYX4h
Y8igBg,,W1JhdWxlbF0KKkNvdWdoKiAqY291Z2gqIFRoZW4gSSBzaGFsbCBleHBsYWluLgpUaGUgdGVzdCBtYXkgYmUgaGFyZCwgYnV0IGp1c3QgZG8gYXMgSSB0ZWxsIHlvdSBhbmQgaXQgc2hvdWxkbid0IGJlIGEgcHJvYmxlbS4=,,,,,W0xhdXJvXQoqQ29mKiAqY29mKiBFbnTDo28sIHZvdSBleHBsaWNhci4KTyB0ZXN0ZSBwb2RlIHNlciBkaWbDrWNpbCwgbWFzIGZhw6dhIGFwZW5hcyBvIHF1ZSBmYWxlaSBlIG7Do28gaGF2ZXLDoSBwcm9ibGVtYXMu,,W1JhdWxlbF0KKlRvcyogKlRvcyogRGUgYWN1ZXJkbywgdGUgbG8gZXhwbGljYXLDqS4KTGEgcHJ1ZWJhIHB1ZWRlIHNlciBkaWbDrWNpbCwgcGVybyBoYXogbG8gcXVlIHRlIGRpZ28geSBubyB0ZW5kcsOhcyBwcm9ibGVtYXMu
ZMigBg,,W1JhdWxlbF0KVGhlcmUgYXJlIDMgcGFydHMgdG8gdGhpcyBmaW5hbCB0ZXN0LgpUaGUgb3JkZXIgaXMuLi4qc25lZXoqLi4udGhlIFdhdGVyIFJvb20sIEVhcnRoIFJvb20sIGFuZCB0aGVuIHRoZSBGaXJlIFJvb20uICBFYWNoIHJvb20gaGFzIG1vbnN0ZXJzIG9mIHRoYXQgYXR0cmlidXRlIGluIGl0Lg==,,,,,W0xhdXJvXQpPIHRlc3RlIGZpbmFsIHRlbSAzIHBhcnRlcy4KQSBvcmRlbSDDqS4uLiAqYXRjaGltKi4uLiBhIFNhbGEgZGUgw4FndWEsIGEgU2FsYSBkZSBUZXJyYSBlLCBkZXBvaXMsIGEgU2FsYSBkZSBGb2dvLiAgRW0gY2FkYSBzYWxhLCBow6EgbW9uc3Ryb3MgY29tIG8gbWVzbW8gYXRyaWJ1dG8u,,W1JhdWxlbF0KRXN0YSBwcnVlYmEgZmluYWwgdGllbmUgM3BhcnRlcy4KRWwgb3JkZW4gZXPigKYgKkVzdG9ybnVkbyog4oCmbGEgc2FsYSBkZWwgQWd1YSwgbGEgc2FsYSBkZSBsYSBUaWVycmEgeSBsYSBzYWxhIGRlbCBGdWVnby4gIENhZGEgc2FsYSB0aWVuZSBtb25zdHJ1b3MgZGVsIGF0cmlidXRvIGNvcnJlc3BvbmRpZW50ZS4=
ZcigBg,,W1JhdWxlbF0KWW91J2xsIHNlZSB3aGF0IG1vbnN0ZXJzIHRoZXkgYXJlIHdoZW4geW91IGVudGVyLgpJZiB5b3UgdXNlIHRoZSBhcHByb3ByaWF0ZSBzcGVsbHMgYWdhaW5zdCB0aGVtLCBpdCBzaG91bGRuJ3QgYmUgdGhhdCBkaWZmaWN1bHQuICBIYWhhaGFoYWhhaGFoYX4=,,,,,W0xhdXJvXQpWb2PDqiB2ZXLDoSBxdWFpcyBzw6NvIG9zIG1vbnN0cm9zIHF1YW5kbyBlbnRyYXIuClNlIHVzYXIgb3MgZmVpdGnDp29zIGFwcm9wcmlhZG9zIGNvbnRyYSBlbGVzLCBuw6NvIHNlcsOhIHTDo28gZGlmw61jaWwuICBIYWhhaGFoYWhhaGFoYS4uLg==,,W1JhdWxlbF0KVmVyw6FzIHF1w6kgbW9uc3RydW9zIHNvbiBjdWFuZG8gZW50cmVzLgpTaSB1c2FzIGxvcyBoZWNoaXpvcyBhcHJvcGlhZG9zIGNvbnRyYSBlbGxvcywgbm8gZGViZXLDrWEgc2VyIHRhbiBkaWbDrWNpbC4gIMKhSmEsIGphLCBqYSwgamEsIGphLCBqYX4h
ZsigBg,,W1JhdWxlbF0KV2l0aGluIHRoZSBnaXZlbiB0aW1lLCBpZiB5b3UgZGVmZWF0IGFsbCB0aGUgbW9uc3RlcnMuLi4KeW91IHdpbGwgYmUgc2VudCB0byB0aGUgbmV4dCByb29tLg==,,,,,W0xhdXJvXQpTZSBkZXJyb3RhciB0b2RvcyBvcyBtb25zdHJvcyBubyBsaW1pdGUgZGUgdGVtcG8uLi4Kdm9jw6ogYXZhbsOnYXLDoSBwYXJhIGEgcHLDs3hpbWEgc2FsYS4=,,W1JhdWxlbF0KU2kgZGVycm90YXMgYSB0b2RvcyBsb3MgbW9uc3RydW9zIGRlbnRybyBkZWwgdGllbXBvIGzDrW1pdGXigKYKcGFzYXLDoXMgYSBsYSBzaWd1aWVudGUgc2FsYS4=
Z8igBg,,W1JhdWxlbF0KQWZ0ZXIgdGhhdCwgdGhlIHRlc3QgaXMgb3Zlci4KWW91IHdpbGwgdGhlbiBiZWNvbWUgYSBXaXphcmQgY29udHJvbGxlZCBieSBHcmVhdGVyIE1hZ2ljIHBvd2VycyEgIFRoZXJlIGlzIG5vIGNvbWluZyBiYWNrIHRvIHRoZSBlYXN5IGxpZmUgeW91IGhhdmUga25vd24gdGh1cyBmYXIu,,,,,W0xhdXJvXQpEZXBvaXMgZGlzc28sIG8gdGVzdGUgdGVybWluYXLDoS4KVm9jw6ogc2UgdG9ybmFyw6EsIGVudMOjbywgdW0gQnJ1eG8gY29udHJvbGFkbyBwZWxvcyBwb2RlcmVzIGRhIEdyYW5kZSBNYWdpYSEgIE7Do28gaGF2ZXLDoSBjb21vIHZvbHRhciBwYXJhIGEgdmlkYSBmw6FjaWwgcXVlIHZvY8OqIGNvbmhlY2V1IGF0w6kgYWdvcmEu,,W1JhdWxlbF0KRGVzcHXDqXMgZGUgZXNvLCBsYSBwcnVlYmEgaGFicsOhIHRlcm1pbmFkby4KwqFFbnRvbmNlcyB0ZSBjb252ZXJ0aXLDoXMgZW4gdW4gSGVjaGljZXJvIGJham8gZWwgY29udHJvbCBkZSBsb3MgcG9kZXJlcyBtw6FnaWNvcyBzdXBlcmlvcmVzISAgTm8gcG9kcsOhcyB2b2x2ZXIgYSBsYSB2aWRhIGbDoWNpbCBxdWUgY29ub2Npc3RlIGhhc3RhIGFob3JhLg==
aMigBg,,W1JhdWxlbF0KSGFoYWhhaGFoYX4gIFlvdSBsb29rIGZyaWdodGVuZWQuICBJdCdzIG5vdCB0b28gbGF0ZSB5b3Uga25vdy4KKkNvdWdoKiAqY291Z2gqIFlvdSBjYW4gZ2l2ZSB1cCBhbmQgZ28gYmFjayB0byB0b3duISAgSnVzdCBmb3JnZXQgYWJvdXQgdGhlIEdyZWF0ZXIgTWFnaWMgYW5kIGxpdmUgYSBub3JtYWwgbGlmZS4gIFdoYXQgZG8geWFoIHNheT8=,,,,,W0xhdXJvXQpIYWhhaGFoYWhhLi4uIFZvY8OqIHBhcmVjZSBhc3N1c3RhZG8uICBOw6NvIMOpIHRhcmRlIGRlbWFpcywgc2FiZT8KKkNvZiogKmNvZiogVm9jw6ogcG9kZSBkZXNpc3RpciBlIHZvbHRhciBwYXJhIGEgY2lkYWRlISAgQmFzdGEgZXNxdWVjZXIgYSBHcmFuZGUgTWFnaWEgZSBsZXZhciB1bWEgdmlkYSBub3JtYWwuICBPIHF1ZSBtZSBkaXo/,,W1JhdWxlbF0KSmEsIGphLCBqYSwgamEsIGphfiBQYXJlY2UgcXVlIGVzbyB0ZSBkYSBtaWVkby4gIE95ZSwgbm8gZXMgZGVtYXNpYWRvIHRhcmRlLgoqVG9zKiAqVG9zKiDCoVB1ZWRlcyByZW5kaXJ0ZSB5IHZvbHZlciBhIGxhIGNpdWRhZCEgIE9sdsOtZGF0ZSBkZSBsYSBNYWdpYSBzdXBlcmlvciB5IHZpdmUgdW5hIHZpZGEgbm9ybWFsLiAgwr9RdcOpIGRpY2VzPw==
acigBg,,Q29udGludWUgd2l0aCB0aGUgdGVzdC4=,,,,,Q29udGludWUgY29tIG8gdGVzdGUu,,Q29udGludWVtb3MgY29uIGxhIHBydWViYS4=
asigBg,,SSdtIHRvbyBzY2FyZWQsIEkgd291bGQgbGlrZSB0byBxdWl0Lg==,,,,,RXN0b3UgY29tIG11aXRvIG1lZG8uIFF1ZXJvIGRlc2lzdGlyLg==,,VGVuZ28gbXVjaG8gbWllZG8sIG1lIGd1c3RhcsOtYSBkZWphcmxvLg==
a8igBg,,W1JhdWxlbF0KVGhpcyB0aW1lIHdoZW4geW91IGRpZSwgZG9uJ3QgY29tZSBiYWNrIGNyeWluZy4gIEhhaGFoYWhhaGFoYWhhaGFofiAqQ291Z2ggKmNvdWdoKgpBcyB5b3Ugd2lzaCwgbGV0J3MgYmVnaW4gdGhlIGZpbmFsIHRlc3Qh,,,,,W0xhdXJvXQpTZSB2b2PDqiBtb3JyZXIgZGVzdGEgdmV6LCBuw6NvIHZvbHRlIGNob3JhbmRvLiAgSGFoYWhhaGFoYWhhaGFoYWguLi4gKkNvZiogKmNvZioKQ29tbyBxdWlzZXIuIFZhbW9zIGNvbWXDp2FyIG8gdGVzdGUgZmluYWwh,,W1JhdWxlbF0KRXN0YSB2ZXosIGN1YW5kbyBtdWVyYXMsIG5vIHZ1ZWx2YXMgbGxvcmFuZG8uICBKYSwgamEsIGphLCBqYSwgamEsIGphLCBqYSwgamF+ICpUb3MqICpUb3MqCkNvbW8gcXVpZXJhcywgwqFjb21lbmNlbW9zIGxhIHBydWViYSBmaW5hbCE=
bMigBg,,W1JhdWxlbF0KQ29tbWluZyBmcm9tIHlvdSwgdGhhdHMgc29tZSBkYXJuIGdvb2QgdGhpbmtpbmcuICBUaGF0J3MgbW9yZSBhIGZpdCBmb3IgeW91IGFueXdheXMuICBIYWhhaGFoYWhhaGFoYWhhaGF+CkdvIGJhY2sgYW5kIGxpdmUgYSBxdWlldCBhbmQgcGVhY2VmdWwgbGlmZSE=,,,,,W0xhdXJvXQpWaW5kbyBkZSB2b2PDqiwgZXNzZSDDqSB1bSBleGNlbGVudGUgcmFjaW9jw61uaW8uICBWYWkgc2VyIG1lbGhvciBwYXJhIHZvY8OqLCBkZSBxdWFscXVlciBmb3JtYS4gIEhhaGFoYWhhaGFoYWhhaGFoYS4KVm9sdGUgZSBsZXZlIHVtYSB2aWRhIHRyYW5xdWlsYSBlIHBhY8OtZmljYSE=,,W1JhdWxlbF0KVmluaWVuZG8gZGUgdGksIGVzYSBlcyB1bmEgbXV5IGJ1ZW5hIGlkZWEuICBEZSB0b2RhcyBmb3JtYXMsIGVzIGxvIG3DoXMgYWRlY3VhZG8gcGFyYSB0aS4gIMKhSmEsIGphLCBqYSwgamEgamEsIGphLCBqYSwgamF+IQrCoVZldGUgYSB2aXZpciB1bmEgdmlkYSB0cmFucXVpbGEgeSBwYWPDrWZpY2Eh
bcigBg,,W1JhdWxlbF0KWW91IHNob3VsZG4ndCBoYXZlIGFueSBtb3JlIGJ1c2luZXNzIHdpdGggbWUgYXMgZmFyIGFzIEknbSBjb25jZXJuZWQuCkJ1dCwgc2luY2UgeW91ciBzbyBkYXJuZWQgcGVyc2lzdGVudCwgSSdsbCBsZXQgeW91IHRha2UgdGhlIHRlc3QgYWdhaW4uICBIYWhhaGFoYWhhfg==,,,,,W0xhdXJvXQpBdMOpIG9uZGUgc2VpLCBuw6NvIHRlbW9zIG1haXMgbmFkYSBhIHRyYXRhci4KTWFzLCBqw6EgcXVlIHZvY8OqIMOpIHTDo28gaW5zaXN0ZW50ZSwgdm91IGRlaXhhciBmYXplciBvIHRlc3RlIG5vdmFtZW50ZS4gIEhhaGFoYWhhaGEu,,W1JhdWxlbF0KRW4gbG8gcXVlIGEgbcOtIHJlc3BlY3RhLCB5YSBubyBkZWJlcsOtYW1vcyB0ZW5lciBuYWRhIG3DoXMgcXVlIGhhYmxhci4KUGVybywgeWEgcXVlIGVyZXMgdGFuIHBlcnNpc3RlbnRlLCB0ZSBkZWphcsOpIGhhY2VyIGxhIHBydWViYSBvdHJhIHZlei4gIEphLCBqYSwgamEsIGphLCBqYSws
bsigBg,,W1JhdWxlbF0KR28hICBHbyBhbmQgYmVjb21lIHRoZSBXaXphcmQgeW91IHJlYWxseSB3YW50IHRvIGJlLgpBbmQgYmUgY2FyZWZ1bCEgIEdyZWF0ZXIgTWFnaWMgd2lsbCBhbHdheXMgYmUgYWZ0ZXIgeW91Li4u,,,,,W0xhdXJvXQpWw6EhICBUb3JuZS1zZSBvIEJydXhvIHF1ZSB2b2PDqiByZWFsbWVudGUgcXVlciBzZXIuCkUgdGVuaGEgY3VpZGFkbyEgIEEgR3JhbmRlIE1hZ2lhIHNlbXByZSBlc3RhcsOhIGFvIHNldSBlbmNhbMOnby4uLg==,,W1JhdWxlbF0KwqFBZGVsYW50ZSEgIFZlIHkgY29udmnDqXJ0ZXRlIGVuIGxhIGNsYXNlIGRlIEhlY2hpY2VybyBxdWUgcmVhbG1lbnRlIHF1aWVyZXMgc2VyLgrCoVkgdGVuIGN1aWRhZG8hICBMYSBNYWdpYSBzdXBlcmlvciBzaWVtcHJlIGVzdGFyw6EgYWwgYWNlY2hv4oCm
b8igBg,,QXJlbmEgQXNzaXN0YW50,,,,,QWp1ZGFudGUgZG8gVGVzdGU=,,QXJlbmEgQXNzaXN0YW50
cMigBg,,W0FyZW5hIEFzc2lzdGFudF0KV2VsY29tZSB0byB0aGUgV2l6YXJkIEpvYiBDaGFuZ2UgQXJlbmEuCklmIHlvdSB3b3VsZCBsaWtlIHRvIHRha2UgdGhlIGZpbmFsIHRlc3QsIHRoZW4gcGxlYXNlIGVudGVyIHRoZSB3YWl0aW5nIHJvb20u,,,,,W0FqdWRhbnRlIGRvIFRlc3RlIGRlIENvbWJhdGVdCkJlbS12aW5kbyDDoCBBcmVuYSBkZSBUcm9jYSBkZSBDbGFzc2UgZG9zIEJydXhvcy4KU2UgcXVpc2VyIGZhemVyIG8gdGVzdGUgZmluYWwsIHBvciBmYXZvciBlbnRyZSBuYSBzYWxhIGRlIGVzcGVyYS4=,,W0FzaXN0ZW50ZSBkZSBsYSBhcmVuYV0KVGUgZG95IGxhIGJpZW52ZW5pZGEgYSBsYSBhcmVuYSBkZSBjYW1iaW8gZGUgY2xhc2UgYSBIZWNoaWNlcm8uClNpIHF1aWVyZXMgaGFjZXIgbGEgcHJ1ZWJhIGZpbmFsLCBwYXNhIGEgbGEgc2FsYSBkZSBlc3BlcmEu
ccigBg,,W0FyZW5hIEFzc2lzdGFudF0KSWYgc29tZW9uZSBpcyBhbHJlYWR5IHRha2luZyB0aGUgdGVzdCwgcGxlYXNlIHdhaXQuCkFsbCB0ZXN0aW5nIHN0YXR1cyB3aWxsIGJlIGJyb2FkY2FzdGVkLCBhbmQgd2lsbCBiZWdpbiBhcyBzb29uIGFzIHRoZSBwcmV2aW91cyB0ZXN0ZXIgaGFzIGdvbmUgdGhyb3VnaC4=,,,,,W0FqdWRhbnRlIGRvIFRlc3RlIGRlIENvbWJhdGVdClNlIGFsZ3XDqW0gasOhIGVzdGl2ZXIgZmF6ZXIgbyB0ZXN0ZSwgYWd1YXJkZS4KT3Mgc3RhdHVzIGRlIHRlc3RlIHNlcsOjbyBkaXZ1bGdhZG9zLCBlIHZvY8OqIGNvbWXDp2Fyw6EgbyBzZXUgYXNzaW0gcXVlIG8gY2FuZGlkYXRvIGFudGVyaW9yIHRlcm1pbmFyLg==,,W0FzaXN0ZW50ZSBkZSBsYSBhcmVuYV0KU2kgYWxndWllbiB5YSBlc3TDoSBoYWNpZW5kbyBsYSBwcnVlYmEsIHBvciBmYXZvciwgZXNwZXJhLgpTZSB0cmFuc21pdGlyw6EgZWwgZXN0YWRvIGRlIHRvZGFzIGxhcyBwcnVlYmFzLCB5IGVzdGFzIGNvbWVuemFyw6FuIGVuIGN1YW50byBoYXlhIHRlcm1pbmFkbyBsYSBwZXJzb25hIGFudGVyaW9yLg==
csigBg,,W0FyZW5hIEFzc2lzdGFudF0KRWFjaCBwZXJzb24gbWF5IHRha2UgYXBwcm94aW1hdGVseSA1IHRvIDEwIG1pbnV0ZXMuCklmIHlvdSB3b3VsZCBsaWtlIHRvIGxlYXZlIHRoZSBhcmVuYSwgcGxlYXNlIGxvZyBvZmYgYW55dGltZS4=,,,,,W0FqdWRhbnRlIGRvIFRlc3RlIGRlIENvbWJhdGVdCkNhZGEgcGVzc29hIHBvZGUgbGV2YXIgZGUgNSBhIDEwIG1pbnV0b3MuClNlIHF1aXNlciBzYWlyIGRhIGFyZW5hLCBiYXN0YSBzZSBkZXNjb25lY3RhciBhIHF1YWxxdWVyIG1vbWVudG8uIA==,,W0FzaXN0ZW50ZSBkZSBsYSBhcmVuYV0KQ2FkYSBwZXJzb25hIHB1ZWRlIHRhcmRhciBlbnRyZSA1IHkgMTAgbWludXRvcyBhcHJveGltYWRhbWVudGUuClNpIHF1aWVyZXMgYWJhbmRvbmFyIGxhIGFyZW5hLCBwdWVkZXMgaGFjZXJsbyBkZXNjb25lY3TDoW5kb3RlLg==
c8igBg,,V2FpdGluZyBSb29t,,,,,U2FsYSBkZSBFc3BlcmE=,,U2FsYSBkZSBFc3BlcmE=
dMigBg,,V2FpdGluZyBSb29t,,,,,U2FsYSBkZSBFc3BlcmE=,,U2FsYSBkZSBlc3BlcmE=
dcigBg,,Um9vbSBvZiBXYXRlcg==,,,,,Q8OibWFyYSBkZSDDgWd1YQ==,,U2FsYSBkZWwgQWd1YQ==
dsigBg,,UGhlbg==,,,,,UGhlbg==,,UGhlbg==
d8igBg,,Q2xhbQ==,,,,,TW9sdXNjbw==,,Q2xhbQ==
eMigBg,,VmFkb24=,,,,,VmFkb24=,,VmFkb24=
ecigBg,,Q29ybnV0dXM=,,,,,Q29ybnV0dXM=,,Q29ybnV0dXM=
esigBg,,TWFyaW5h,,,,,TWFyaW5h,,TWFyaW5h
e8igBg,,TWFyaW4=,,,,,TWFyaW4=,,TWFyaW4=
fMigBg,,TWFnbm9saWE=,,,,,TWFnbsOzbGlh,,TWFnbm9saWE=
fcigBg,,e30gaGFzIHN1Y2NlZWRlZCBpbiBlbGltaW5hdGluZyB0aGUgbW9uc3RlcnMu,,,,,IHt9IGVsaW1pbm91IGNvbSBzdWNlc3NvIHRvZG9zIG9zIG1vbnN0cm9zLg==,,e30gbG9ncsOzIGVsaW1pbmFyIGEgbG9zIG1vbnN0cnVvcy4=
fsigBg,,V2F0ZXIgUm9vbTsgVGhlIGpvYiBjaGFuZ2UgdGVzdCB3aWxsIG5vdyBwcm9jZWVkLg==,,,,,Q8OibWFyYSBkZSDDgWd1YSwgbyB0ZXN0ZSB2YWkgY29tZcOnYXIu,,U2FsYSBkZWwgQWd1YTsgQWhvcmEgc2UgcHJvY2VkZXLDoSBhIGxhIHBydWViYSBkZSBjYW1iaW8gZGUgY2xhc2Uu
f8igBg,,VGltZSBsaW1pdCBpcyAzIG1pbnV0ZXMuICBXZSB3aWxsIG5vdyBzdGFydCB0aGUgdGVzdC4=,,,,,TyBsaW1pdGUgZGUgdGVtcG8gw6kgZGUgMyBtaW51dG9zLg==,,RWwgbMOtbWl0ZSBkZSB0aWVtcG8gZXMgZGUgMyBtaW51dG9zLiAgQWhvcmEgY29tZW56YXJlbW9zIGxhIHBydWViYS4=
gMigBg,,UGxlYXNlIGVsaW1pbmF0ZSBhbGwgbW9uc3RlcnMgd2l0aGluIHRoZSB0aW1lIGxpbWl0Lg==,,,,,RWxpbWluZSB0b2RvcyBvcyBtb25zdHJvcyBuZXNzZSB0ZW1wby4=,,RWxpbWluYSBhIHRvZG9zIGxvcyBtb25zdHJ1b3MgZGVudHJvIGRlbCB0aWVtcG8gbMOtbWl0ZS4=
gcigBg,,MiBtaW51dGVzIGFuZCAzMCBzZWNvbmRzIHJlbWFpbmluZy4=,,,,,MiBtaW4uIDMwIHNlZy4gcmVzdGFudGVzLg==,,UXVlZGFuIDIgbWludXRvcyB5IDMwIHNlZ3VuZG9zLg==
gsigBg,,MiBtaW51dGVzIHJlbWFpbmluZy4=,,,,,MiBtaW4uIHJlc3RhbnRlcy4=,,UXVlZGFuIDIgbWludXRvcy4=
g8igBg,,MSBtaW51dGUgYW5kIDMwIHNlY29uZHMgcmVtYWluaW5nLg==,,,,,MSBtaW4uIDMwIHNlZy4gcmVzdGFudGVzLg==,,UXVlZGEgMSBtaW51dG8geSAzMCBzZWd1bmRvcy4=
hMigBg,,MSBtaW51dGUgcmVtYWluaW5nLg==,,,,,MSBtaW4uIHJlc3RhbnRlcy4=,,UXVlZGEgMSBtaW51dG8u
hcigBg,,MzAgc2Vjb25kcyByZW1haW5pbmcu,,,,,MzAgc2VnLiByZXN0YW50ZXMu,,UXVlZGFuIDMwIHNlZ3VuZG9zLg==
hsigBg,,MTAgc2Vjb25kcyByZW1haW5pbmcu,,,,,MTAgc2VnLiByZXN0YW50ZXMu,,UXVlZGFuIDEwIHNlZ3VuZG9zLg==
h8igBg,,VGltZSBpcyB1cC4=,,,,,TyB0ZW1wbyBhY2Fib3Uu,,U2UgYWNhYsOzIGVsIHRpZW1wby4=
iMigBg,,TmV4dCBjYW5kaWRhdGUsIHBsZWFzZSBlbnRlci4=,,,,,UHLDs3hpbW8gY2FuZGlkYXRvLCBwb2RlIGVudHJhci4=,,UXVlIGVudHJlIGVsIHByw7N4aW1vIGNhbmRpZGF0by4=
icigBg,,TWFyaW5lIFNwaGVyZQ==,,,,,RXNmZXJhIE1hcmluaGE=,,TWFyaW5lIFNwaGVyZQ==
isigBg,,SHlkcmE=,,,,,SGlkcmE=,,SHlkcmE=
i8igBg,,VGhlIGd1YXJkIG1vbnN0ZXIgaGFzIGFwcGVhcmVkLiBZb3UgaGF2ZSAxIG1pbnV0ZS4=,,,,,RWxpbWluZSBvcyBndWFyZGFzIGRvIHBvcnRhbC4gTyBsaW1pdGUgZGUgdGVtcG8gw6kgZGUgMSBtaW51dG8u,,QXBhcmVjacOzIGVsIG1vbnN0cnVvIGd1YXJkacOhbi4gVGllbmVzIDFtaW51dG8u
jMigBg,,e30gaGFzIG5vdCBzdWNjZWVkZWQu,,,,,IHt9IGZhbGhvdSBubyB0ZXN0ZS4=,,e30gbm8gbG8gbG9ncsOzLg==
jcigBg,,Um9vbSBvZiBFYXJ0aA==,,,,,Q8OibWFyYSBkZSBUZXJyYQ==,,U2FsYSBkZSBsYSBUaWVycmE=
jsigBg,,WW95bw==,,,,,WW95bw==,,WW95bw==
j8igBg,,RGVuaXJv,,,,,RGVuaXJv,,RGVuaXJv
kMigBg,,Q2FyYW1lbA==,,,,,Q2FyYW1lbG8=,,Q2FyYW1lbA==
kcigBg,,R2llYXJ0aA==,,,,,R2llYXJ0aA==,,R2llYXJ0aA==
ksigBg,,QmlnZm9vdA==,,,,,UMOpIEdyYW5kZQ==,,QmlnZm9vdA==
k8igBg,,T3JjIFdhcnJpb3I=,,,,,R3VlcnJlaXJvIE9yYw==,,T3JjIFdhcnJpb3I=
lMigBg,,Vml0YXRh,,,,,Vml0YXRh,,Vml0YXRh
lcigBg,,RWFydGggUm9vbTsgVGhlIGpvYiBjaGFuZ2UgdGVzdCB3aWxsIG5vdyBwcm9jZWVkLg==,,,,,Q8OibWFyYSBkZSBUZXJyYSwgbyB0ZXN0ZSB2YWkgY29tZcOnYXIu,,U2FsYSBkZSBsYSBUaWVycmE7IEFob3JhIHNlIHByb2NlZGVyw6EgYSBsYSBwcnVlYmEgZGUgY2FtYmlvIGRlIGNsYXNlLg==
lsigBg,,VGhlIHRpbWUgbGltaXQgaXMgMyBtaW51dGVzLg==,,,,,TyBsaW1pdGUgZGUgdGVtcG8gw6kgZGUgMyBtaW51dG9zLg==,,RWwgbMOtbWl0ZSBkZSB0aWVtcG8gZXMgZGUgMyBtaW51dG9zLg==
l8igBg,,RWxpbWluYXRlIGFsbCBtb25zdGVyIHdpdGhpbiB0aGUgdGltZSBsaW1pdC4=,,,,,RWxpbWluZSB0b2RvcyBvcyBtb25zdHJvcyBuZXNzZSB0ZW1wby4=,,RWxpbWluYSBhIHRvZG9zIGxvcyBtb25zdHJ1b3MgZGVudHJvIGRlbCB0aWVtcG8gbMOtbWl0ZS4=
mMigBg,,TWFuZHJhZ29yYQ==,,,,,TWFuZHLDoWdvcmE=,,TWFuZHJhZ29yYQ==
mcigBg,,e30gaGFzIHN1Y2NlZWRlZCBpbiBlbGltaW5hdGluZyB0aGUgbW9uc3Rlci4=,,,,,IHt9IGVsaW1pbm91IHRvZG9zIG9zIG1vbnN0cm9zIGNvbSBzdWNlc3NvLg==,,e30gbG9ncsOzIGVsaW1pbmFyIGFsIG1vbnN0cnVvLg==
msigBg,,VGhlIGd1YXJkIG1vbnN0ZXIgaGFzIGFwcGVhcmVkLiAgWW91IGhhdmUgMSBtaW51dGUu,,,,,RWxpbWluZSBvcyBndWFyZGFzIGRvIHBvcnRhbC4gTyBsaW1pdGUgZGUgdGVtcG8gw6kgZGUgMSBtaW51dG8u,,VGllbmVzIDEgbWludXRvLg==
m8igBg,,RW5kIHRpbWUu,,,,,TyB0ZXN0ZSB0ZXJtaW5vdS4=,,SG9yYSBkZSBmaW5hbGl6YWNpw7NuLg==
nMigBg,,Um9vbSBvZiBGaXJl,,,,,Q8OibWFyYSBkZSBGb2dv,,U2FsYSBkZWwgRnVlZ28=
ncigBg,,R29ibGlu,,,,,R29ibGlu,,R29ibGlu
nsigBg,,U2NvcnBpb24=,,,,,RXNjb3JwacOjbw==,,U2NvcnBpb24=
n8igBg,,RnJpbGxkb3Jh,,,,,RnJpbGxkb3Jh,,RnJpbGxkb3Jh
oMigBg,,UGVjb1BlY28=,,,,,UGVjb1BlY28=,,UGVjb1BlY28=
ocigBg,,RWxkZXIgV2lsbG93,,,,,U2FsZ3VlaXJvIEFuY2nDo28=,,U2F1Y2UgYW5jaWFubw==
osigBg,,TWV0YWxsZXI=,,,,,TWV0YWxsZXI=,,TWV0YWxsZXI=
o8igBg,,RmlyZSBSb29tOyBUaGUgam9iIGNoYW5nZSB0ZXN0IHNoYWxsIG5vdyBwcm9jZWVkLg==,,,,,Q8OibWFyYSBkZSBGb2dvLCBvIHRlc3RlIHZhaSBjb21lw6dhci4=,,U2FsYSBkZWwgRnVlZ287IEFob3JhIHNlIHByb2NlZGVyw6EgYSBsYSBwcnVlYmEgZGUgY2FtYmlvIGRlIGNsYXNlLg==
pMigBg,,R3JlYXRlc3QgR2VuZXJhbA==,,,,,R3VhcmRpw6NvIGRhIEZsb3Jlc3Rh,,R3JlYXRlc3QgR2VuZXJhbA==
pcigBg,,Q29uZ3JhdHVsYXRpb25zLCB7fS4gIFlvdSBoYXZlIHBhc3NlZCB0aGUgam9iIGNoYW5nZSB0ZXN0Lg==,,,,,UGFyYWLDqW5zLCB7fS4gVm9jw6ogZm9pIGFwcm92YWRvIG5vIFRlc3RlIGRlIE11ZGFuw6dhIGRlIENsYXNzZS4=,,RmVsaWNpdGFjaW9uZXMsIHt9LiAgUGFzYXN0ZSBsYSBwcnVlYmEgZGUgY2FtYmlvIGRlIGNsYXNlLg==
psigBg,,VGhlIGd1YXJkIG1vbnN0ZXIgaGFzIGFwcGVhcmVkLiAgWW91IGhhdmUgMiBtaW51dGVzLg==,,,,,RWxpbWluZSBvcyBndWFyZGFzIGRvIHBvcnRhbC4gTyBsaW1pdGUgZGUgdGVtcG8gw6kgZGUgMiBtaW51dG9zLg==,,VGllbmVzIDIgbWludXRvcy4=
p8igBg,,VGVzdCBIZWxwZXI=,,,,,QWp1ZGFudGU=,,QXl1ZGFudGU=
qMigBg,,UGxlYXNlIHJldHVybiBhbmQgY29tcGxldGUgdGhlIHJlc3Qgb2YgdGhlIGpvYiBjaGFuZ2UgcHJvY2Vzc2VzLg==,,,,,RmFsZSBjb20gQ2F0YXJpbmEgcGFyYSBmaW5hbGl6YXIgbyBwcm9jZXNzbyBkZSBNdWRhbsOnYSBkZSBDbGFzc2Uu,,VnVlbHZlIHkgY29tcGxldGEgZWwgcmVzdG8gZGUgbG9zIHByb2Nlc29zIGRlIGNhbWJpbyBkZSBjbGFzZS4=
qcigBg,,VGhpcyBpcyB0aGUgZW5kIG9mIHRoZSB0ZXN0LiAgTmV4dCBjYW5kaWRhdGUsIHBsZWFzZSBzdGFuZCBieS4=,,,,,TyB0ZXN0ZSB0ZXJtaW5vdS4gUHLDs3hpbW8gY2FuZGlkYXRvLCBzZSBwcmVwYXJlIHBhcmEgY29tZcOnYXIu,,RXN0ZSBlcyBlbCBmaW5hbCBkZSBsYSBwcnVlYmEuICBDYW5kaWRhdG8gc2lndWllbnRlLCBwb3IgZmF2b3IsIGVzcGVyYS4=
qsigBg,,V2hpdGUgRG9n,,,,,Q8OjbyBCcmFuY28=,,UGVycm8gQmxhbmNv
q8igBg,,W01hcmlhXQpJbnN0ZWFkIG9mIHN0aWNraW5nIGFyb3VuZCBoZXJlLCB3b3VsZG4ndCBpdCBiZSBiZXR0ZXIgdG8gZ28gb3V0IGFuZCB0ZXN0IGhvdyBzdHJvbmcgeW91J3ZlIGJlY29tZT8=,,,,,W01hcmlhXQpFbSB2ZXogZGUgZmljYXIgYXF1aSwgbsOjbyDDqSBtZWxob3IgZGFyIHVtIHBhc3NlaW8gZSBkZXNjb2JyaXIgbyBxdcOjbyBmb3J0ZSB2b2PDqiBzZSB0b3Jub3U/IA==,,W01hcmlhXQpFbiBsdWdhciBkZSBxdWVkYXJ0ZSBhcXXDrSwgwr9ubyBzZXLDrWEgbWVqb3Igc2FsaXIgeSBwcm9iYXIgbG8gZnVlcnRlIHF1ZSB0ZSBoYXMgdnVlbHRvPw==
rMigBg,,W01hcmlhXQpEb24ndCBmb3JnZXQgdGhhdCBXaXphcmRzIGdyb3cgYW5kIGltcHJvdmUgaW4gcG93ZXIgZWFjaCBhbmQgZXZlcnkgZGF5Lg==,,,,,W01hcmlhXQpOw6NvIHNlIGVzcXVlw6dhIGRlIHF1ZSBvcyBCcnV4b3MgYXByaW1vcmFtIHNldXMgcG9kZXJlcyB0b2RvcyBvcyBkaWFzLg==,,W01hcmlhXQpObyBvbHZpZGVzIHF1ZSBsb3MgSGVjaGljZXJvcyBhdW1lbnRhbiB5IHBlcmZlY2Npb25hbiBzdXMgcG9kZXJlcyB0b2RvcyBsb3MgZMOtYXMu
rcigBg,,W0RvZ10KV2hhdD8gIEtpZGRvIQpJcyBhIERvZyB0YWxraW5nIHNvIGFtdXNpbmcgdG8geW91Pw==,,,,,W0RvZ10KSGVpbj8gIEdhcm90byEKVW1hIGNhZGVsYSBmYWxhbnRlIMOpIGFsZ28gdMOjbyBlbmdyYcOnYWRvIGFzc2ltPw==,,W1BlcnJhXQrCv1F1w6k/ICDCoUNyaWF0dXJhIQrCv1RhbnRvIHRlIGRpdmllcnRlIHVuIHBlcnJvIHF1ZSBoYWJsYT8=
rsigBg,,W0RvZ10KU2hlZXNoLi4uV2h5IHdvdWxkIGEgcGVyc29uIHRoYXQgY2FuJ3QgZXZlbiBjYXN0IGEgc3BlbGwgYSBzaW5nbGUgc3BlbGwgY29tZSB1cCBoZXJlPwoqUGZmdCogSWYgeW91J3JlIHRoYXQgYm9yZWQsIGRvIHRoZSB3b3JsZCBhIGZhdm9yIGFuZCBjbGltYiB0byB0aGUgdG9wIG9mIHRoaXMgYnVpbGRpbmcgdmlhIHRoZSBvdXRzaWRlLCB0aGVuIHByb2NlZWQgdG8gZG8gc29tZSBhY3JvYmF0aWNzIGlmIHlvdSBnZXQgdGhlcmUu,,,,,W0RvZ10KQ3JlZG8uLi4gUG9yIHF1ZSB1bWEgcGVzc29hIHF1ZSBuw6NvIGNvbnNlZ3VlIGxhbsOnYXIgc2VxdWVyIHVtIGZlaXRpw6dvIHZpcmlhIGF0w6kgYXF1aT8KKlBmZnQqIFNlIGVzdMOhIHTDo28gZW50ZWRpYWRvIGFzc2ltLCBmYcOnYSB1bSBmYXZvciBwYXJhIHRvZG8gbXVuZG86IGVzY2FsZSBlc3RlIHByw6lkaW8gcGVsbyBsYWRvIGRlIGZvcmEgZSwgZGVwb2lzLCBmYcOnYSBhbGd1bWFzIGFjcm9iYWNpYXMu,,W1BlcnJhXQpDYXJheeKApiDCv1BvciBxdcOpIHZlbmRyw61hIGFxdcOtIHVuYSBwZXJzb25hIHF1ZSBuaSBzaXF1aWVyYSBwdWVkZSBsYW56YXIgdW4gc29sbyBoZWNoaXpvPwoqUGZmZiogU2kgdGUgYWJ1cnJlcyB0YW50bywgaGF6bGUgdW4gZmF2b3IgYWwgbXVuZG8geSBlc2NhbGEgYSBsbyBhbHRvIGRlIGVzdGUgZWRpZmljaW8gcG9yIGVsIGV4dGVyaW9yIHksIHNpIGxsZWdhcyBhIGxhIGNpbWEsIHByb2NlZGUgYSBoYWNlciBhbGd1bmFzIGFjcm9iYWNpYXMu
r8igBg,,W0RvZ10KKkJhcmsqIEdldCBsb3N0IQpJIGRvbid0IGhhdmUgdGltZSBmb3IgcGVvcGxlIGxpa2UgeW91IQ==,,,,,W0RvZ10KKkF1KiBTdW1hIGRhcXVpIQpOw6NvIHRlbmhvIHRlbXBvIHBhcmEgYWxndcOpbSBjb21vIHZvY8OqIQ==,,W1BlcnJhXQoqTGFkcmlkbyogwqFQacOpcmRldGUhCsKhTm8gdGVuZ28gdGllbXBvIHBhcmEgZ2VudGUgY29tbyB0w7oh
sMigBg,,W0RvZ10KQWguLi5JIGtub3cgd2hhdCB5b3UncmUgYWJvdXQgdG8gc2F5LiAgWW91IHdhbnQgdG8gY2hhbmdlIGpvYnMgdG8gYSBXaXphcmQsIHJpZ2h0Pw==,,,,,W0RvZ10KQWguLi4gZXUgc2VpIG8gcXVlIHZvY8OqIHZhaSBmYWxhci4gIFZvY8OqIHF1ZXIgc2UgdG9ybmFyIHVtIE1hZ28sIGNlcnRvPw==,,W1BlcnJhXQpBaOKApiB5YSBzw6kgbG8gcXVlIHZhcyBhIGRlY2lyLiAgUXVpZXJlcyBjYW1iaWFyIGEgbGEgY2xhc2UgSGVjaGljZXJvLCDCv3ZlcmRhZD8=
scigBg,,W0RvZ10KR28gdGFsayB0byBDYXRoZXJpbmUuICBTaGUnbGwgaGVscCB5b3Uu,,,,,W0RvZ10KVsOhIGZhbGFyIGNvbSBDYXRoZXJpbmUuICBFbGEgdmFpIGFqdWRhciB2b2PDqi4=,,W1BlcnJhXQpWZSBhIGhhYmxhciBjb24gQ2F0aGVyaW5lLiAgRWxsYSB0ZSBheXVkYXLDoS4=
ssigBg,,W0RvZ10KQWxzbywgaWYgeW91IHdvdWxkIGxpa2UgdG8ga25vdyBhbnl0aGluZyBhYm91dCB0aGUgam9iIGNoYW5nZSBwcm9jZXNzLCBJIGNhbiBleHBsYWluLg==,,,,,W0RvZ10KQWzDqW0gZGlzc28sIHNlIHF1aXNlciBzYWJlciBhbGd1bWEgY29pc2Egc29icmUgbyBwcm9jZXNzbyBkZSB0cm9jYSBkZSBjbGFzc2UsIHBvc3NvIGV4cGxpY8OhLWxvIHBhcmEgdm9jw6ou,,W1BlcnJhXQpBZGVtw6FzLCBzaSBxdWllcmVzIHNhYmVyIGFsZ28gc29icmUgZWwgcHJvY2VzbyBkZSBjYW1iaW8gZGUgY2xhc2UsIHlvIHB1ZWRvIGV4cGxpY8OhcnRlbG8u
s8igBg,,Li4uLi4uLg==,,,,,Li4uLi4uLg==,,4oCm4oCm
tMigBg,,QSBEb2cgaXMgdGFsa2luZyB0byBtZS4uLg==,,,,,VW1hIGNhZGVsYSBlc3TDoSBmYWxhbmRvIGNvbWlnby4uLg==,,VW4gcGVycm8gbWUgZXN0w6EgaGFibGFuZG/igKY=
tcigBg,,W0RvZ10KLi4uKmJhcmsqLi4uPyAgV2hhdCBpcyBpdD8/ICBXaHkgYXJlIHlvdSBsb29raW5nIGF0IG1lIGxpa2UgdGhhdD8hCklzIGl0IHlvdXIgZmlyc3QgdGltZSBzZWVpbmcgYSBEb2cgdGFsaz8=,,,,,W0RvZ10KLi4uICphdSouLi4/ICBPIHF1ZSBmb2k/PyAgUG9yIHF1ZSBlc3TDoSBtZSBvbGhhbmRvIGFzc2ltPz8KIMOJIGEgcHJpbWVpcmEgdmV6IHF1ZSB2b2PDqiB2w6ogdW1hIGNhZGVsYSBmYWxhbnRlPw==,,W1BlcnJhXQrigKYqTGFkcmlkbyrigKYgIMK/UXXDqSBzdWNlZGU/ICDCocK/UG9yIHF1w6kgbWUgbWlyYXMgYXPDrT8hCsK/RXMgbGEgcHJpbWVyYSB2ZXogcXVlIG95ZXMgaGFibGFyIGEgdW4gcGVycm8/
tsigBg,,W0RvZ10KKkJhcmsqIEl0J3Mgbm90IGNvbW1vbiB0aGF0IHlvdSBzZWUgYSBEb2cgdGFsa2luZyBJIHN1cHBvc2UuICBiYXJrfgouLi5ZZXMgaSBzdXBwb3NlIGl0IGlzIGEgcmFyZSBzaXRlLi4uKmdycnIqLi4uU3RvcCBHYXdraW5nIGZvciBnb29kbmVzcyBzYWtlcyE=,,,,,W0RvZ10KKkF1KiBBY2hvIHF1ZSBuw6NvIMOpIGNvbXVtIHZlciB1bWEgY2FkZWxhIGZhbGFudGUuIEF1Li4uCi4uLiDDiSwgYWNobyBxdWUgw6kgdW1hIGNvaXNhIHJhcmEuLi4qZ3JyciouLi4gUGFyZSBkZSBtZSBvbGhhciBjb20gZXNzYSBjYXJhIGRlIGlkaW90YSE=,,W1BlcnJhXQoqTGFkcmlkbyogTm8gZXMgY29tw7puIHF1ZSB2ZWFzIGEgdW4gcGVycm8gcXVlIGhhYmxhLCBzdXBvbmdvLiBMYWRyaWRvfgrigKZTw60sIHN1cG9uZ28gcXVlIGVzIHVuIGZlbsOzbWVubyByYXJv4oCmICpHcnJyKiDigKbCoURlamEgZGUgZXN0YXIgbWlyw6FuZG9tZSwgcG9yIHRvZG9zIGxvcyBjaWVsb3Mh
t8igBg,,W0RvZ10KTXkgbmFtZSBpcyAnTWFyaWEgU3Bsb2RvZnNrYScuICBKdXN0IGNhbGwgbWUgJ01hcmlhJy4KSSdtIGhlbHBpbmcgY2FuZGlkYXRlcyB0aGF0IHdpc2ggdG8gYmVjb21lIFdpemFyZHMu,,,,,W0RvZ10KTWV1IG5vbWUgw6kgJ01hcmlhIFNwbG9kb2Zza2EnLiAgTWFzIG1lIGNoYW1lIGRlICdNYXJpYScuCkV1IGFqdWRvIG9zIGNhbmRpZGF0b3MgYSBCcnV4b3Mu,,W1BlcnJhXQpNaSBub21icmUgZXMg4oCcTWFyaWEgU3Bsb2RvZnNrYeKAnS4gIFB1ZWRlcyBsbGFtYXJtZSDigJxNYXJpYeKAnS4KRXN0b3kgYXl1ZGFuZG8gYSBsb3MgY2FuZGlkYXRvcyBxdWUgcXVpZXJlbiBjb252ZXJ0aXJzZSBlbiBIZWNoaWNlcm9zLg==
uMigBg,,W01hcmlhXQoqQmFyayogV2VsbCwgdGhlIHJlYXNvbiBJIGJlY2FtZSBhIGRvZyBpcy4uLkkgd2FzIGhlbHBpbmcgbXkgYm95ZnJpZW5kIGluIGV4cGVyaW1lbnRpbmcgdG8gcHJlcGFyZSBmb3IgaGlzIEZpbmFsIGZvciBoaXMgTWFnaWMgRGVncmVlLiAgV2VsbCwgKkdycnJyKiBoZSBhY2NpZGVudGFsbHkgdHVybmVkIG1lIGludG8gYSBkb2cuClRoZW9yZXRpY2FsbHksIGluIGEgY291cGxlIG1vbnRocyB0aGUgY2hlbWljYWxzIHNob3VsZCB3ZWFyIG9mZiBhbmQgSSBzaG91bGQgYmUgcmV0dXJuZWQgdG8gbm9ybWFsLiAgV2hlbiBleGFjdGx5LCBJIGhhdmUgbm8gaWRlYT8=,,,,,W01hcmlhXQoqQXUqIEJvbSwgZXUgbWUgdG9ybmVpIHVtYSBjYWRlbGEgcG9ycXVlLi4uIGVzdGF2YSBhanVkYW5kbyBvIG1ldSBuYW1vcmFkbyBlbSB1bWEgZXhwZXJpw6puY2lhLiBFbGUgc2UgcHJlcGFyYXZhIHBhcmEgbyB0ZXN0ZSBmaW5hbCBwYXJhIGNvbnNlZ3VpciB1bSBEaXBsb21hIGRlIE1hZ2lhLiAgQmVtLCAqZ3JycnIqLCBlbGUgbWUgdHJhbnNmb3Jtb3UgZW0gdW1hIGNhZGVsYSBwb3IgYWNpZGVudGUuClRlb3JpY2FtZW50ZSwgbyBlZmVpdG8gZGV2ZSBwYXNzYXIgZW0gYWxndW5zIG1lc2VzIGUgZXUgdm9sdGFyZWkgYW8gbm9ybWFsLiAgUXVhbmRvLCBldSBuw6NvIHNlaS4=,,W01hcmlhXQoqTGFkcmlkbyogQnVlbm8sIGVsIG1vdGl2byBwb3IgZWwgcXVlIG1lIGNvbnZlcnTDrSBlbiBwZXJybyBlc+KApiBxdWUgZXN0YWJhIGF5dWRhbmRvIGEgbWkgbm92aW8gYSBwcmFjdGljYXIgcGFyYSBlbCBleGFtZW4gZmluYWwgZGUgc3UgY2FycmVyYSBlbiBNYWdpYS4gIEJ1ZW5vICpHcnJyciogYWNjaWRlbnRhbG1lbnRlLCBtZSBjb252aXJ0acOzIGVuIHVuIHBlcnJvLgpFbiB0ZW9yw61hLCBlbiB1biBwYXIgZGUgbWVzZXMsIHNlIHRlcm1pbmFyw6EgZWwgZWZlY3RvIGRlIGxvcyBxdcOtbWljb3MgeSB5byB2b2x2ZXLDqSBhIGxhIG5vcm1hbGlkYWQuICDCv0N1w6FuZG8gZXhhY3RhbWVudGU/IE5vIHRlbmdvIG5pIGlkZWEu
ucigBg,,W01hcmlhXQpXZWxsLi4uaXQgZG9lc24ndCBjb25jZXJuIHlvdSBhbnl3YXlzLgpOb3csIHdoZXJlIHdlcmUgd2Uu,,,,,W01hcmlhXQpCb20uLi4gdGFtYsOpbSBuw6NvIMOpIGRhIHN1YSBjb250YS4KQWdvcmEsIG9uZGUgZXN0w6F2YW1vcz8=,,W01hcmlhXQpCdWVub+KApiBkZSB0b2RhcyBmb3JtYXMsIG5vIGVzIGFzdW50byB0dXlvLgrCv0TDs25kZSBlc3TDoWJhbW9zPw==
usigBg,,W0RvZ10KKkJhcmsqICpiYXJrKiAqYmFyayogRG9uJ3Qgc3RhdGUgdGhlIG9idmlvdXMhICBBbHJpZ2h0LCBJIGtub3cgSSdtIGEgZG9nIQ==,,,,,W0RvZ10KKkF1KiAqYXUqICphdSogTsOjbyBwcmVjaXNhIGZhbGFyIG8gw7NidmlvISAgVMOhLCBldSBzZWkgcXVlIHNvdSB1bWEgY2FkZWxhIQ==,,W1BlcnJhXQoqTGFkcmlkbyogKkxhZHJpZG8qICpMYWRyaWRvKiDCoU5vIGRpZ2FzIGNvc2FzIG9idmlhcyEgIMKhU8OtLCB5YSBzw6kgcXVlIHNveSB1biBwZXJybyE=
u8igBg,,W0RvZ10KTXkgbmFtZSBpcyAnTWFyaWEgU3Bsb2RvZnNrYScuICBQZW9wbGUgY2FsbCBtZSAnTWFyaWEnLgpJJ20gaGVscGluZyBsaXR0bGUgb25lcyBsaWtlIHlvdSB0aGF0IHdpc2ggdG8gYmVjb21lIFdpemFyZHMu,,,,,W0RvZ10KTWV1IG5vbWUgw6kgJ01hcmlhIFNwbG9kb2Zza2EnLiAgQXMgcGVzc29hcyBtZSBjaGFtYW0gZGUgJ01hcmlhJy4KRXUgYWp1ZG8gb3MgcGVxdWVuaW5vcywgY29tbyB2b2PDqiwgYSBzZSB0b3JuYXJlbSBCcnV4b3Mu,,W1BlcnJhXQpMYSBnZW50ZSBtZSBsbGFtYSDigJxNYXJpYeKAnS4KRXN0b3kgYXl1ZGFuZG8gYSBsb3MgcGVxdWXDsW9zIGNvbW8gdMO6IHF1ZSBxdWllcmVuIGNvbnZlcnRpcnNlIGVuIEhlY2hpY2Vyb3Mu
vMigBg,,W0RvZyBjYWxsZWQgJ01hcmlhJ10KVGhlIHJlYXNvbiBJIGJlY2FtZSBhIGRvZyBpcy4uLk15IGJveWZyaWVuZCB0aGF0IHdhcyBleHBlcmltZW50aW5nIHRvIHByZXBhcmUgZm9yIHRoZSBNYWdpYyBEZWdyZWUsIGFjY2lkZW50YWxseSB0dXJuZWQgbWUgaW50byBhIGRvZy4KVGhlb3JldGljYWxseSwgaW4gYSBjb3VwbGUgbW9udGhzLCB0aGUgY2hlbWljYWxzIHNob3VsZCB3ZWFyIG9mZiBhbmQgSSBzaG91bGQgYmUgcmV0dXJuZWQgdG8gbm9ybWFsLiBFeGFjdGx5IHdoZW4sIEkgaGF2ZSBubyBpZGVhPw==,,,,,W0RvZyBjYWxsZWQgJ01hcmlhJ10KRXUgbWUgdG9ybmVpIHVtYSBjYWRlbGEgcG9ycXVlLi4uIG8gbWV1IG5hbW9yYWRvIGVzdGF2YSBmYXplbmRvIHVtYSBleHBlcmnDqm5jaWEsIHBhcmEgY29uc2VndWlyIG8gRGlwbG9tYSBkZSBNYWdpYSwgZSBtZSB0cmFuc2Zvcm1vdSBwb3IgYWNpZGVudGUuClRlb3JpY2FtZW50ZSwgbyBlZmVpdG8gZGV2ZSBwYXNzYXIgZW0gYWxndW5zIG1lc2VzIGUgZXUgdm9sdGFyZWkgYW8gbm9ybWFsLiBRdWFuZG8sIGV1IG7Do28gc2VpLg==,,W1BlcnJhIGxsYW1hZGEg4oCcTWFyaWHigJ1dCkVsIG1vdGl2byBwb3IgZWwgcXVlIG1lIGNvbnZlcnTDrSBlbiBwZXJybyBlc+KApiBNaSBub3ZpbywgcXVlIGVzdGFiYSBwcmFjdGljYW5kbyBwYXJhIHN1IHTDrXR1bG8gZW4gTWFnaWEsIG1lIGNvbnZpcnRpw7MgZW4gcGVycm8gYWNjaWRlbnRhbG1lbnRlLgpFbiB0ZW9yw61hLCBlbiB1biBwYXIgZGUgbWVzZXMsIGxvcyBxdcOtbWljb3MgdmFuIGEgZGVzYXBhcmVjZXIgeSB5byB2b2x2ZXLDqSBhIGxhIG5vcm1hbGlkYWQuIMK/Q3XDoW5kbyBleGFjdGFtZW50ZT8gTm8gc2FicsOtYSBkZWNpcnRlLg==
vcigBg,,W0RvZyBjYWxsZWQgJ01hcmlhJ10KSSdtIG5vdCBhICdkb2cnIGNhbGxlZCAnTWFyaWEnISEgIE9pISEgIExpc3RlbiB0byBtZSEh,,,,,W0RvZyBjYWxsZWQgJ01hcmlhJ10KTsOjbyBzb3UgdW1hICdjYWRlbGEnIGNoYW1hZGEgJ01hcmlhJyEhICBFaSEhICBNZSBvdcOnYSEh,,W1BlcnJhIGxsYW1hZGEg4oCcTWFyaWHigJ1dCsKhTm8gc295IHVuIOKAnHBlcnJv4oCdIGxsYW1hZG8g4oCcTWFyaWHigJ0hICDCoU95ZSEgIMKhRXNjw7pjaGFtZSE=
vsigBg,,W0RvZy4uLiAnTWFyaWEnLi4uXQouLi4uLi4uLi4u,,,,,W0RvZy4uLiAnTWFyaWEnLi4uXQouLi4uLi4uLi4u,,W1BlcnJv4oCmIOKAnE1hcmlh4oCd4oCmXQrigKbigKbigKY=
v8igBg,,W01hcmlhXQouLi4qQkFSSyogKkJBUksqICpCQVJLKi4uLiAgSSdtIHVwc2V0LCBidXQgd2hhdGV2ZXIhISAgWW91IHNlZW0gYnVzeSBzbyBJJ2xsIGp1c3QgZHJvcCBpdC4=,,,,,W01hcmlhXQouLi4gKkFVKiAqQVUqICpBVSouLi4gIEVzdG91IGNoYXRlYWRhLCBtYXMgdHVkbyBiZW0hISAgVm9jw6ogcGFyZWNlIG9jdXBhZG8sIGVudMOjbyBuw6NvIHZvdSBkaXplciBtYWlzIG5hZGEu,,W01hcmlhXQrigKYqTEFEUklETyogKkxBRFJJRE8qICpMQURSSURPKuKApiAgRXN0b3kgbW9sZXN0YSwgcGVybyDCoWRhIGlndWFsISAgUGFyZWNlIHF1ZSBubyBlcyBidWVuIG1vbWVudG8sIGFzw60gcXVlIGxvIGRlamFyw6ku
wMigBg,,W01hcmlhXQpMaWtlIEkgc2FpZCBiZWZvcmUsIHRvIGNoYW5nZSBqb2JzLCB0YWxrIHRvIENhdGhlcmluZS4KU2hlJ3MgYSBuZXcgV2l6YXJkIHRvby4=,,,,,W01hcmlhXQpDb21vIGV1IGrDoSBmYWxlaSwgcGFyYSBtdWRhciBkZSBjbGFzc2UsIGZhbGUgY29tIENhdGhlcmluZS4KRWxhIHRhbWLDqW0gw6kgdW1hIG5vdmEgQnJ1eGEu,,W01hcmlhXQpDb21vIGRpamUgYW50ZXMsIHBhcmEgY2FtYmlhciBkZSBjbGFzZSwgaGFibGEgY29uIENhdGhlcmluZS4KRWxsYSB0YW1iacOpbiBlcyB1bmEgSGVjaGljZXJhIG51ZXZhLg==
wcigBg,,W01hcmlhXQpJIGNhbiB0ZWxsIHlvdSBtb3JlIGFib3V0IHRoZSBqb2IgY2hhbmdlIHByb2Nlc3MsIGJ1dCBJIGNhbid0IGhvbGQgYmFjayBhIGJ1c3kgcGVyc29uIG5vdyBjYW4gST8KV2hhdCBkbyB5b3UgdGhpbms/ICBTaG91bGQgSSBleHBsYWluIHNvbWUgYWJvdXQgd2hhdHMgaW4gc3RvcmUgZm9yIE1hZ2VzIHRoYXQgd2lzaCB0byBiZWNvbWUgV2l6YXJkcz8=,,,,,W01hcmlhXQpQb3NzbyBmYWxhciBtYWlzIHNvYnJlIG8gcHJvY2Vzc28gZGUgdHJvY2EgZGUgY2xhc3NlLCBtYXMgbsOjbyBwb3NzbyBwcmVuZGVyIHVtYSBwZXNzb2Egb2N1cGFkYSwgbsOpPwpPIHF1ZSB2b2PDqiBhY2hhPyAgRGV2byBleHBsaWNhciB1bSBwb3VjbyBkbyBxdWUgYWd1YXJkYSBvcyBNYWdvcyBxdWUgcXVlcmVtIHNlIHRvcm5hciBCcnV4b3M/,,W01hcmlhXQpQdWVkbyBjb250YXJ0ZSBtw6FzIHNvYnJlIGVsIGNhbWJpbyBkZSBjbGFzZSwgcGVybyBubyBwdWVkbyByZXRlbmVyIGEgdW5hIHBlcnNvbmEgb2N1cGFkYSwgwr92ZXJkYWQ/CsK/UXXDqSBvcGluYXM/ICDCv0RlYmVyw61hIGV4cGxpY2FyIGxvIHF1ZSBsZXMgZXNwZXJhIGEgbG9zIE1hZ29zIHF1ZSBxdWllcmVuIGNvbnZlcnRpcnNlIGVuIEhlY2hpY2Vyb3M/
wsigBg,,WWVzLCBwbGVhc2UhICBJIHdvdWxkIGxpa2UgdGhhdC4=,,,,,U2ltLCBwb3IgZmF2b3IhICBFdSBnb3N0YXJpYSBkaXNzby4=,,U8OtLCBwb3IgZmF2b3IuICBFc28gbWUgZ3VzdGFyw61hLg==
w8igBg,,Tm8sIGl0J3Mgb2su,,,,,TsOjbywgdHVkbyBiZW0u,,Tm8sIGVzdMOhIGJpZW4u
xMigBg,,QSB0YWxraW5nIGRvZy4uLg==,,,,,VW1hIGNhZGVsYSBmYWxhbnRlLi4u,,VW4gcGVycm8gcXVlIGhhYmxh4oCm
xcigBg,,W01hcmlhXQpPSywgSSB3aWxsIGV4cGxhaW4gdGhlIHByb2Nlc3MgZm9yIHlvdS4=,,,,,W01hcmlhXQpDZXJ0bywgdm91IGV4cGxpY2FyIG8gcHJvY2Vzc28gcGFyYSB2b2PDqi4=,,W01hcmlhXQpCaWVuLCB0ZSBleHBsaWNhcsOpIGVsIHByb2Nlc28u
xsigBg,,W01hcmlhXQpUaGVyZSBhcmUgdGhyZWUgdGVzdHMgaW4gdGhlIGpvYiBjaGFuZ2UgcHJvY2Vzcy4KVGhlIGZpcnN0IHRlc3QgaXMgY29sbGVjdGluZyBtYWdpYyBpdGVtcy4=,,,,,W01hcmlhXQpIw6EgdHLDqnMgdGVzdGVzIG5vIHByb2Nlc3NvIGRlIHRyb2NhIGRlIGNsYXNzZS4KTyBwcmltZWlybyB0ZXN0ZSBjb25zaXN0ZSBlbSByZWNvbGhlciBpdGVucyBtw6FnaWNvcy4=,,W01hcmlhXQpIYXkgdHJlcyBwcnVlYmFzIGVuIGVsIHByb2Nlc28gZGUgY2FtYmlvIGRlIGNsYXNlLgpMYSBwcmltZXJhIHBydWViYSBjb25zaXN0ZSBlbiByZWNvbGVjdGFyIG9iamV0b3MgbcOhZ2ljb3Mu
x8igBg,,W01hcmlhXQpUaGF0IG9uZSBiZWdpbnMgd2hlbiB5b3Ugc3VibWl0IGFuIGFwcGxpY2F0aW9uIHRvIENhdGhlcmluZS4KU2hlJ2xsIGVpdGhlciB0ZWxsIHlvdSB0byBjb2xsZWN0IGFsbCB0eXBlcyBvZiBnZW1zdG9uZXMsIG9yIGdhdGhlciBzdG9uZXMgd2l0aCBhdHRyaWJ1dGVzLg==,,,,,W01hcmlhXQpFbGUgY29tZcOnYSBxdWFuZG8gdm9jw6ogZW52aWEgdW1hIGluc2NyacOnw6NvIHBhcmEgQ2F0aGVyaW5lLgpFbGEgcGVkaXLDoSBxdWUgdm9jw6ogcmVjb2xoYSB0b2RvcyBvcyB0aXBvcyBkZSBnZW1hcyBvdSBwZWRyYXMgY29tIGF0cmlidXRvcy4=,,W01hcmlhXQpFc2EgZW1waWV6YSBjdWFuZG8gbGUgcHJlc2VudGFzIHVuYSBzb2xpY2l0dWQgYSBDYXRoZXJpbmUuClRlIHBlZGlyw6EgcXVlIHJlY29sZWN0ZXMgdG9kbyB0aXBvIGRlIGdlbWFzIG8gcGllZHJhcyBjb24gYXRyaWJ1dG9zLg==
yMigBg,,W01hcmlhXQpTZWNvbmQgdGVzdCBpcyBhIG1hZ2ljIHF1aXosClRoZSBnbG9vbXkgTGF1cmVsIGluIHRoZSBjb3JuZXIgaXMgaW4gY2hhcmdlIG9mIHRoYXQgcGFydC4=,,,,,W01hcmlhXQpPIHNlZ3VuZG8gdGVzdGUgw6kgZGUgbWFnaWEuCkxhdXJlbCwgYXF1ZWxhIHBlc3NvYSB0cmlzdG9uaGEgbm8gY2FudG8sIGVzdMOhIGVuY2FycmVnYWRvIGRlc3NhIHBhcnRlLiA=,,W01hcmlhXQpMYSBzZWd1bmRhIHBydWViYSBlcyB1biBjdWVzdGlvbmFyaW8gc29icmUgbWFnaWEuCkVsIHNvbWJyw61vIFJhdWxlbCBxdWUgZXN0w6EgZW4gZWwgcmluY8OzbiBzZSBlbmNhcmdhIGRlIGVzYSBwYXJ0ZS4=
ycigBg,,W01hcmlhXQpUaGVyZSBhcmUgcXVlc3Rpb25zIGFib3V0IG1hZ2ljLCBtb25zdGVycywgYW5kIE1hZ2VzLgpPdXQgb2YgdGhlIDEwIHF1ZXN0aW9ucywgaWYgeW91IGRvbid0IGdldCB0aGVtIGFsbCBjb3JyZWN0LCBoZSBkb2Vzbid0IGxldCB5b3UgcGFzcy4gIEluIG90aGVyIHdvcmRzLCB5b3UgZmFpbC4uLg==,,,,,W01hcmlhXQpIYXZlcsOhIHBlcmd1bnRhcyBzb2JyZSBtYWdpYSwgbW9uc3Ryb3MgZSBNYWdvcy4KU2UgbsOjbyBhY2VydGFyIGFzIDEwIHBlcmd1bnRhcywgZWxlIG7Do28gZGVpeGFyw6Egdm9jw6ogcGFzc2FyLiAgIEVtIG91dHJhcyBwYWxhdnJhcywgdm9jw6ogZnJhY2Fzc291Li4u,,W01hcmlhXQpIYXkgcHJlZ3VudGFzIHNvYnJlIG1hZ2lhLCBtb25zdHJ1b3MgeSBNYWdvcy4KU2kgbm8gcmVzcG9uZGVzIGJpZW4gbGFzIDEwcHJlZ3VudGFzLCBubyB0ZSBkZWphcsOhIHBhc2FyIGxhIHBydWViYS4gIEVuIG90cmFzIHBhbGFicmFzLCBmcmFjYXNhcsOhc+KApg==
ysigBg,,W01hcmlhXQpPZGRseSBlbm91Z2gsIEhlIGlzIGluIGNoYXJnZSBvZiB0aGUgM3JkIHRlc3QgdG9vLgpUaGUgdGhpcmQgdGVzdCBpcyBlbGltaW5hdGluZyBtb25zdGVycy4=,,,,,W01hcmlhXQpPIG1haXMgZXN0cmFuaG8gw6kgcXVlIGVsZSB0YW1iw6ltIGVzdMOhIGVuY2FycmVnYWRvIGRvIDPCuiB0ZXN0ZS4KTyB0ZXJjZWlybyB0ZXN0ZSBjb25zaXN0ZSBlbSBlbGltaW5hciBtb25zdHJvcy4=,,W01hcmlhXQpDdXJpb3NhbWVudGUsIMOpbCB0YW1iacOpbiBlc3TDoSBhIGNhcmdvIGRlIGxhIHRlcmNlcmEgcHJ1ZWJhLgpMYSB0ZXJjZXJhIHBydWViYSBjb25zaXN0ZSBlbiBlbGltaW5hciBtb25zdHJ1b3Mu
y8igBg,,W01hcmlhXQpJbiBlYWNoIHJvb20sIHRoZXJlIGFyZSBtb25zdGVycyBvZiBjZXJ0YWluIGF0dHJpYnV0ZXMuCllvdSBtdXN0IGF0dGFjayB0aGVtIHdpdGggdGhlIGFwcHJvcHJpYXRlIHNwZWxscy4=,,,,,W01hcmlhXQpFbSBjYWRhIHNhbGEsIGjDoSBtb25zdHJvcyBjb20gY2VydG9zIGF0cmlidXRvcy4KVm9jw6ogZGV2ZSBhdGFjw6EtbG9zIGNvbSBvcyBmZWl0acOnb3MgYXByb3ByaWFkb3Mu,,W01hcmlhXQpFbiBjYWRhIHNhbGEgaGF5IG1vbnN0cnVvcyBjb24gZGV0ZXJtaW5hZG9zIGF0cmlidXRvcy4KRGViZXMgYXRhY2FybG9zIGNvbiBsb3MgaGVjaGl6b3MgYWRlY3VhZG9zLg==
zMigBg,,W01hcmlhXQpXZWxsLCB0aGF0J3MgYWxsIHRoYXQgSSBjYW4gc2F5LiAgR28gYXBwbHkgbm93Lg==,,,,,W01hcmlhXQpCZW0sIGlzc28gw6kgdHVkbyBxdWUgcG9zc28gZGl6ZXIuICBJbnNjcmV2YS1zZSBhZ29yYS4=,,W01hcmlhXQpCdWVubywgZXNvIGVzIHRvZG8gbG8gcXVlIHB1ZWRvIGRlY2lyLiAgVmUgYSBwcmVzZW50YXIgdHUgc29saWNpdHVkIGFob3JhLg==
zcigBg,,W01hcmlhXQpJdCdzIGJldHRlciB0byBqdXN0IHRyeSBpdCB5b3Vyc2VsZiB0aGFuIHRvIGxpc3RlbiB0byBteSBkZXNjcmlwdGlvbnMu,,,,,W01hcmlhXQogw4kgbWVsaG9yIHRlbnRhciBkbyBxdWUgZmljYXIgb3V2aW5kbyBhcyBtaW5oYXMgZGVzY3Jpw6fDtWVzLg==,,W01hcmlhXQpUZSByZXN1bHRhcsOhIG1lam9yIGhhY2VybG8gZGlyZWN0YW1lbnRlIHF1ZSBlc2N1Y2hhciBtaXMgZGVzY3JpcGNpb25lcy4=
zsigBg,,W01hcmlhXQpSZWFsbHk/ICBPaywgdGhlbiBnbyBhcHBseSBhbmQgZG8geW91ciBiZXN0Lg==,,,,,W01hcmlhXQpNZXNtbz8gIE9rLCBlbnTDo28gaW5zY3JldmEtc2UgZSBmYcOnYSBvIHNldSBtZWxob3Iu,,W01hcmlhXQrCv0RlIHZlcmRhZD8gIFB1ZXMgYmllbiwgdmUgYSBzb2xpY2l0YXJsbyB5IGhhemxvIHR1IG1lam9yIGVzZnVlcnpvLg==
z8igBg,,W01hcmlhXQpJJ20gbm90IGEgRE9HISEgIEhPT09PV1dXV1dXTExMTExMTH4=,,,,,W01hcmlhXQpOw6NvIHNvdSB1bWEgQ0FERUxBISEgIEFVVVVVVVVVVVVVVVVVVVUuLi4=,,W01hcmlhXQrCoU5vIHNveSB1biBQRVJSTyEgIEFBQVVVVVVVVVVVVVVVVVVVVVVVVX4=
0MigBg,,W01hcmlhXQpEYW5nIGl0ISAgSSBob3BlIHlvdSBGQUlMISEgIEdvIGdldCBsb3N0ISE=,,,,,W01hcmlhXQpEcm9nYSEgIEVzcGVybyBxdWUgdm9jw6ogRlJBQ0FTU0UhISAgU3VtYSBkYXF1aSEh,,W01hcmlhXQrCoU1hbGRpdGEgc2VhISAgwqFFc3Blcm8gcXVlIEZSQUNBU0VTISAgwqFQacOpcmRldGUh
0cigBg,,W01hcmlhXQpZb3Ugc2VlbSBsb3N0Li4uCllvdSd2ZSBhcHBsaWVkLCBhbmQgbm93IHlvdSdyZSBsb29raW5nIGZvciB0aGUgaXRlbXMgcmlnaHQ/,,,,,W01hcmlhXQpWb2PDqiBwYXJlY2UgcGVyZGlkby4uLgpWb2PDqiBzZSBpbnNjcmV2ZXUgZSBhZ29yYSBlc3TDoSBwcm9jdXJhbmRvIG9zIGl0ZW5zLCBuw6NvIMOpPw==,,W01hcmlhXQpQYXJlY2UgcXVlIHRlIHBlcmRpc3Rl4oCmCllhIHByZXNlbnRhc3RlIGxhIHNvbGljaXR1ZCB5IGFob3JhIGVzdMOhcyBidXNjYW5kbyBsb3Mgb2JqZXRvcywgwr92ZXJkYWQ/
0sigBg,,W01hcmlhXQpCdXQgc2luY2UgdGhpcyBpcyBvbmx5IHRoZSBmaXJzdCB0ZXN0LCBkb24ndCBkZXBlbmQgb24gb3RoZXJzLgpDb21wbGV0ZSBpdCB5b3Vyc2VsZi4gIFRoYXRzIHRoZSBiZXN0IHdheS4=,,,,,W01hcmlhXQpObyBlbnRhbnRvLCBqw6EgcXVlIGVzdGUgw6kgYXBlbmFzIG8gcHJpbWVpcm8gdGVzdGUsIG7Do28gZmlxdWUgZGVwZW5kZW5kbyBkb3Mgb3V0cm9zLgpGYcOnYSB0dWRvIHNvemluaG8uICDDiSBhIG1lbGhvciBtYW5laXJhLg==,,W01hcmlhXQpDb21vIGVzdGEgZXMgbGEgcHJpbWVyYSBwcnVlYmEsIHByb2N1cmEgbm8gZGVwZW5kZXIgZGUgbG9zIGRlbcOhcy4KQ29tcGzDqXRhbGEgcG9yIHR1cyBwcm9waW9zIG1lZGlvcy4gIEVzYSBlcyBsYSBtZWpvciBtYW5lcmEu
08igBg,,W01hcmlhXQpGcm9tIHdoYXQgSSd2ZSBoZWFyZCwgeW91IGhhdmUgdG8gZ2F0aGVyIGdlbXN0b25lcy4uLgpJIGNhbid0IGhlbHAgeW91IGRpcmVjdGx5LCBidXQgSSBjYW4gZ2l2ZSB5b3Ugc29tZSBhZHZpY2Uu,,,,,W01hcmlhXQpQZWxvIHF1ZSBvdXZpIGZhbGFyLCB2b2PDqiB0ZW0gZGUgcmVjb2xoZXIgZ2VtYXMuLi4KTsOjbyBwb3NzbyBhanVkYXIgdm9jw6ogZGlyZXRhbWVudGUsIG1hcyBwb3NzbyBkYXIgdW0gY29uc2VsaG8u,,W01hcmlhXQpQb3IgbG8gcXVlIGhlIG/DrWRvLCB0aWVuZXMgcXVlIHJlY29sZWN0YXIgZ2VtYXPigKYKTm8gcHVlZG8gYXl1ZGFydGUgZGlyZWN0YW1lbnRlLCBwZXJvIHB1ZWRvIGRhcnRlIGFsZ3Vub3MgY29uc2Vqb3Mu
1MigBg,,W01hcmlhXQpGaXJzdCwgdG8gZ2V0IFJlZCBHZW1zdG9uZXMsIGdvIHRvIEN1bHZlcnRzIGluIFByb250ZXJhLgpZb3UgY2FuIG9idGFpbiB0aGVtIGZyb20gdGhlIFRoaWVmIEJ1Z3MgYW5kIFRoaWVmIEJ1ZyBlZ2dzIGZvdW5kIHBsZW50aWZ1bCB0aGVyZS4=,,,,,W01hcmlhXQpQcmltZWlybywgcGFyYSBjb25zZWd1aXIgYXMgR2VtYXMgVmVybWVsaGFzLCB2w6EgYXTDqSBvcyBFc2dvdG9zIGRlIFByb250ZXJhLgpWb2PDqiBwb2RlcsOhIGNvbnNlZ3VpLWxhcyBjb20gb3MgQmVzb3Vyb3MtbGFkcsOjbywgZSBow6EgbXVpdG9zIG92b3MgZGUgQmVzb3Vyby1sYWRyw6NvIHBvciBsw6Eu,,W01hcmlhXQpQcmltZXJvLCBwYXJhIGNvbnNlZ3VpciBHZW1hcyByb2phcywgdmUgYSBBbGNhbnRhcmlsbGFzLCBlbiBQcm9udGVyYS4KUHVlZGVzIG9idGVuZXJsYXMgZGUgbG9zIEJpY2hvcyBsYWRyb25lcyB5IGRlIGxvcyBIdWV2b3MgZGUgYmljaG8gbGFkcsOzbiBxdWUgYWJ1bmRhbiBhbGzDrS4=
1cigBg,,W01hcmlhXQpZZWxsb3cgR2Vtc3RvbmVzIGFyZSBlYXN5IHRvIGZpbmQgaW4gdGhlIGRlc2VydC4KQ29uZG9ycywgUGlja3kncywgYW5kIHNvbWV0aW1lcyBtb25zdGVycyBsaWtlIEdvbGVtJ3MgZHJvcCB0aGVtLg==,,,,,W01hcmlhXQogw4kgZsOhY2lsIGVuY29udHJhciBhcyBHZW1hcyBBbWFyZWxhcyBubyBkZXNlcnRvLgpPcyBDb25kb3JlcywgUGlja3lzIGUsIMOgcyB2ZXplcywgbW9uc3Ryb3MgY29tbyBvcyBHb2xlbnMgYXMgZGVpeGFtIGNhaXIu,,W01hcmlhXQpMYXMgR2VtYXMgYW1hcmlsbGFzIHNvbiBmw6FjaWxlcyBkZSBlbmNvbnRyYXIgZW4gZWwgZGVzaWVydG8uCkxhcyBkZWphbiBjYWVyIGxvcyBDw7NuZG9yZXMsIGxvcyBQaWNreSB5LCBhIHZlY2VzLCBsb3MgbW9uc3RydW9zIGNvbW8gbG9zIEfDs2xlbS4=
1sigBg,,W01hcmlhXQpBbmQuLi4qd29vZiogdG8gZ2V0IEJsdWUgR2Vtc3RvbmVzLiAgVHJ5IGdvaW5nIHRvIHRoZSBCeWFsYW4gRHVuZ2VvbnMuCkNvcm51dHVzLCBWYWRvbiwgYW5kIG1vbnN0ZXJzIGxpa2UgTWFycyBjYW4gZHJvcCB0aG9zZSBHZW1zLg==,,,,,W01hcmlhXQpFLi4uICphdSogY29uc2lnYSBHZW1hcyBBenVpcy4gIFRlbnRlIGlyIMOgIE1hc21vcnJhIGRlIEJ5YWxhbi4KQ29ybnV0dXMsIFZhZG9uIGUgbW9uc3Ryb3MgY29tbyBNYXJ0ZSBkZWl4YW0gY2FpciBlc3NlcyBHZW1hcy4=,,W01hcmlhXQpZ4oCmICpHdWF1KiBwYXJhIGNvbnNlZ3VpciBHZW1hcyBBenVsZXMsICBwcnVlYmEgZW4gbGFzIG1hem1vcnJhcyBkZSBCeWFsYW4uCkxvcyBDb3JudXR1cywgbG9zIFZhZG9uIHkgbG9zIG1vbnN0cnVvcyBjb21vIGxvcyBNYXJzIHN1ZWxlbiBkZWphciBjYWVyIGVzYXMgZ2VtYXMu
18igBg,,W01hcmlhXQpPZiBjb3Vyc2UgeW91IGNhbiBnZXQgYmx1ZSBHZW1zdG9uZXMgYXQgdGhlIG1hZ2ljIHNob3AgaGVyZSBpbiB0b3duLi4uCkJ1dCwgZmluZGluZyB0aGVtIHlvdXJzZWxmIHdvdWxkIGJlIG11Y2ggbW9yZSByZXdhcmRpbmcgYW5kIGhlbHBmdWwgbGF0ZXIgaW4gdGhlIHRlc3Qu,,,,,W01hcmlhXQogw4kgY2xhcm8gcXVlIHZvY8OqIHBvZGUgY29uc2VndWlyIEdlbWFzIEF6dWlzIG5hIGxvamEgZGUgbWFnaWEgYXF1aSBkYSBjaWRhZGUuLi4KUG9yw6ltLCBlbmNvbnRyw6EtbGFzIHNvemluaG8gw6kgbXVpdG8gbWFpcyByZWNvbXBlbnNhZG9yIGUgdmFpIGFqdWRhciB2b2PDqiBubyB0ZXN0ZSBtYWlzIHRhcmRlLg==,,W01hcmlhXQpDbGFybyBxdWUgdGFtYmnDqW4gcHVlZGVzIGNvbnNlZ3VpciBHZW1hcyBhenVsZXMgZW4gbGEgdGllbmRhIGRlIG1hZ2lhIGRlIGxhIGNpdWRhZOKApgpQZXJvIGVuY29udHJhcmxhcyBwb3IgdHUgY3VlbnRhIHNlcsOhIG11Y2hvIG3DoXMgZ3JhdGlmaWNhbnRlIHkgw7p0aWwgbcOhcyBhZGVsYW50ZSBlbiBsYSBwcnVlYmEu
2MigBg,,W01hcmlhXQpBbnl3YXlzLCB0cnkgeW91ciBiZXN0LgpUaGlzIGlzIHRoZSBiYXNpY3Mgb2YgYmVpbmcgYSBXaXphcmQu,,,,,W01hcmlhXQpEZSBxdWFscXVlciBmb3JtYSwgZmHDp2EgbyBtZWxob3IgcXVlIHB1ZGVyLgpJc3NvIMOpIG8gYsOhc2ljbyBwYXJhIHNlIHRvcm5hciB1bSBCcnV4by4=,,W01hcmlhXQpEZSBjdWFscXVpZXIgbWFuZXJhLCBoYXogbG8gbWVqb3IgcXVlIHB1ZWRhcy4KRXNvIGVzIGxvIHByaW5jaXBhbCBxdWUgZGViZXMgc2FiZXIgcGFyYSBzZXIgdW4gSGVjaGljZXJvLg==
2cigBg,,W01hcmlhXQpCdXQgc2luY2UgdGhpcyBpcyBvbmx5IHRoZSBmaXJzdCB0ZXN0LCBkb24ndCBkZXBlbmQgb24gb3RoZXJzIGZvciBoZWxwLgpDb21wbGV0ZSBpdCB5b3Vyc2VsZiwgdGhhdHMgdGhlIGJlc3Qgd2F5Lg==,,,,,W01hcmlhXQpObyBlbnRhbnRvLCBqw6EgcXVlIGVzdGUgw6kgYXBlbmFzIG8gcHJpbWVpcm8gdGVzdGUsIG7Do28gZmlxdWUgZGVwZW5kZW5kbyBkb3Mgb3V0cm9zIHBhcmEgb2J0ZXIgYWp1ZGEuCkZhw6dhIHZvY8OqIG1lc21vLCDDqSBhIG1lbGhvciBtYW5laXJhLg==,,W01hcmlhXQpQZXJvIGNvbW8gZXN0YSBlcyBsYSBwcmltZXJhIHBydWViYSwgcHJvY3VyYSBubyBkZXBlbmRlciBkZSBsYSBheXVkYSBkZSBsb3MgZGVtw6FzLgpMbyBtZWpvciBxdWUgcHVlZGVzIGhhY2VyIGVzIGNvbXBsZXRhcmxhIHBvciB0dXMgcHJvcGlvcyBtZWRpb3Mu
2sigBg,,W01hcmlhXQpGcm9tIHdoYXQgSSd2ZSBoZWFyZCwgeW91IGhhdmUgdG8gZ2F0aGVyIGVsZW1lbnRhbCBzdG9uZXMuLi4KSSBjYW4ndCBoZWxwIHlvdSBkaXJlY3RseSwgYnV0IEkgY2FuIGdpdmUgeW91IHNvbWUgYWR2aWNlLg==,,,,,W01hcmlhXQpQZWxvIHF1ZSBvdXZpIGZhbGFyLCB2b2PDqiB0ZW0gZGUgcmVjb2xoZXIgcGVkcmFzIGVsZW1lbnRhaXMuLi4KTsOjbyBwb3NzbyBhanVkYXIgdm9jw6ogZGlyZXRhbWVudGUsIG1hcyBwb3NzbyBkYXIgdW0gY29uc2VsaG8u,,W01hcmlhXQpQb3IgbG8gcXVlIGhlIG/DrWRvLCB0aWVuZXMgcXVlIHJlY29sZWN0YXIgcGllZHJhcyBlbGVtZW50YWxlc+KApgpObyBwdWVkbyBheXVkYXJ0ZSBkaXJlY3RhbWVudGUsIHBlcm8gcHVlZG8gZGFydGUgYWxndW5vcyBjb25zZWpvcy4=
28igBg,,W01hcmlhXQpXZWxsLCB5b3UgY2FuIGZpbmQgdGhlIENyeXN0YWwgQmx1ZSBpbiBCeWFsYW4gRHVuZ2Vvbi4KQ29ybnV0dXMsIEt1a3JlLCBNYXJpbmEsIFZhZG9uLi4udGhlc2UgbW9uc3RlcnMgZHJvcCB0aGVtIGZyZXF1ZW50bHku,,,,,W01hcmlhXQpCb20sIHZvY8OqIHBvZGUgZW5jb250cmFyIG8gQ3Jpc3RhbCBBenVsIG5hIE1hc21vcnJhIGRlIEJ5YWxhbi4KQ29ybnV0dXMsIEt1a3JlLCBNYXJpbmEsIFZhZG9uLi4uIGVzc2VzIG1vbnN0cm9zIGNvc3R1bWFtIGRlaXjDoS1sb3MgY2FpciBjb20gZnJlcXXDqm5jaWEu,,W01hcmlhXQpQdWVkZXMgZW5jb250cmFyIEF6dWwgY3Jpc3RhbCBlbiBsYSBtYXptb3JyYSBkZSBCeWFsYW4uCkNvcm51dHVzLCBLdWtyZSwgTWFyaW5hLCBWYWRvbuKApiBlc3RvcyBtb25zdHJ1b3MgbGFzIGRlamFuIGNhZXIgY29uIGZyZWN1ZW5jaWEu
3MigBg,,W01hcmlhXQpZb3UgY2FuIGdldCBHcmVlbiBMaXZlIGZyb20gaW5zZWN0IHR5cGUgbW9uc3RlcnMuClRyeSBodW50aW5nIG1vbnN0ZXJzIGxpa2UgSG9ybiwgTWFudGlzLCBvciBWaXRhdGEu,,,,,W01hcmlhXQpWb2PDqiBjb25zZWd1ZSBWaWRhIFZlcmRlamFudGUgZG9zIG1vbnN0cm9zIGRvIHRpcG8gSW5zZXRvLgpUZW50ZSBjYcOnYXIgbW9uc3Ryb3MgY29tbyBDaGlmcmUsIExvdXZhLWEtZGV1cyBvdSBWaXRhdGEuIA==,,W01hcmlhXQpQdWVkZXMgY29uc2VndWlyIFZpZGEgdmVyZGUgZGUgbG9zIG1vbnN0cnVvcyBkZSB0aXBvIGluc2VjdG8uCkludGVudGEgY2F6YXIgbW9uc3RydW9zIGNvbW8gTHVjw6FuaWRvcywgTWFudGlzIG8gVml0YXRhcy4=
3cigBg,,W01hcmlhXQpPaCBhbmQgKndvb2YqLCBSZWQgQmxvb2QuICBJIGhlYXJkIHlvdSBjYW4gZ2V0IGEgbG90IG9mIHRob3NlIGZyb20uLi4KRWxkZXIgV2lsbG93cywgTWV0YWxsZXJzIG9yIFNjb3JwaW9ucyBmb3VuZCBpbiB0aGUgZGVzZXJ0IHdvdWxkIHdvcmsgd2VsbCB0b28u,,,,,W01hcmlhXQpBaCBlLCAqYXUqLCBTYW5ndWUgRXNjYXJsYXRlLiBPdXZpIGRpemVyIHF1ZSB2b2PDqiBwb2RlIGNvbnNlZ3VpciBtdWl0byBjb20uLi4KU2FsZ3VlaXJvcyBBbmNpw7VlcywgTWV0YWxsZXJzIGUgRXNjb3JwacO1ZXMgZW5jb250cmFkb3Mgbm8gZGVzZXJ0by4=,,W01hcmlhXQpBaCwgeSAqR3VhdSogU2FuZ3JlIFJvamEuICBIZSBvw61kbyBxdWUgcHVlZGVzIGNvbnNlZ3VpciBtdWNoYXMgZGUgZXNhcyBkZeKApgpTYXVjZXMgYW5jaWFub3MsIE1ldGFsZXJvcyBvIEVzY29ycGlvbmVzIHF1ZSBzZSBlbmN1ZW50cmFuIGVuIGVsIGRlc2llcnRvLg==
3sigBg,,W01hcmlhXQpGb3IgV2luZCBvZiBWZXJkdWUuICBIb3JuZXQsIFN0YWluZXIsIFN0ZWVsIENob25jaG9uLgpJZiB5b3UgdHJ5IGp1c3QgYSBiaXQsIHlvdSBjYW4gZ2V0IHRoZW0gcmVhbGx5IGVhc2lseS4=,,,,,W01hcmlhXQpQYXJhIEZyZXNjb3JlcyBkbyBWZW50bzogWmFuZ8OjbywgUGVyY2V2ZWpvIGUgQ2hvbmNob24gZGUgQcOnby4KU2Ugdm9jw6ogc2UgZXNmb3LDp2FyIHVtIHBvdWNvLCB2YWkgY29uc2VndWlyIGNvbSBmYWNpbGlkYWRlLg==,,W01hcmlhXQpQYXJhIFZpZW50byBkZSB2ZXJkb3IsICBBdmlzcG9uZXMsIFN0YWluZXIsIENob25jaG9uZXMgZGUgYWNlcm8uClNpIHRlIGVtcGXDsWFzIHVuIHBvY28sIHB1ZWRlcyBjb25zZWd1aXJsYXMgbXV5IGbDoWNpbG1lbnRlLg==
38igBg,,W01hcmlhXQpCdXQgYW55d2F5cywgYWx3YXlzIHRyeSB5b3VyIGJlc3QuCkl0J3MgdGhlIGJhc2ljcyBvZiBiZWluZyBhIFdpemFyZC4=,,,,,W01hcmlhXQpNYXMsIGRlIHF1YWxxdWVyIGZvcm1hLCBzZW1wcmUgZmHDp2EgbyBtZWxob3IgcXVlIHB1ZGVyLgpJc3NvIMOpIG8gYsOhc2ljbyBwYXJhIHNlIHRvcm5hciB1bSBCcnV4by4=,,W01hcmlhXQpQZXJvLCBkZSB0b2RvcyBtb2RvcywgaGF6IHR1IG1lam9yIGVzZnVlcnpvIHNpZW1wcmUuCkVzbyBlcyBsbyBtw6FzIGltcG9ydGFudGUgcGFyYSBzZXIgdW4gSGVjaGljZXJvLg==
4MigBg,,W01hcmlhXQpEb24ndCBiZSB0b28gcmVsaWV2ZWQganVzdCBhZnRlciB0aGUgZmlyc3QgdGVzdC4KVHJ5IHlvdXIgYmVzdCwgYXMgeW91IHN0aWxsIGhhdmUgdHdvIG1vcmUgdGVzdHMgdG8gZ28u,,,,,W01hcmlhXQpOw6NvIHJlbGF4ZSBkZXBvaXMgZG8gcHJpbWVpcm8gdGVzdGUuCkZhw6dhIG8gbWVsaG9yIHF1ZSBwdWRlci4gVm9jw6ogYWluZGEgdGVtIG1haXMgZG9pcyB0ZXN0ZXMu,,W01hcmlhXQpObyB0ZSByZWxhamVzIG11Y2hvIGRlc3B1w6lzIGRlIGxhIHByaW1lcmEgcHJ1ZWJhLgpFc2Z1w6lyemF0ZSBhbCBtw6F4aW1vLCBwb3JxdWUgYcO6biB0ZSBxdWVkYXLDoW4gZG9zIHBydWViYXMgbcOhcy4=
4cigBg,,W01hcmlhXQpaenp6Wnp6elp6enouLi4=,,,,,W01hcmlhXQpaenp6Wnp6elp6enouLi4=,,W01hcmlhXQpaenp6Wnp6elp6enrigKY=
4sigBg,,W01hcmlhXQoqd2ltcGVyKi4uLkJsaXphZHJpcy4uLnlvdSBzdWNrLi4uWnp6Li4u,,,,,W01hcmlhXQoqU29uw6JtYnVsYSouLi4gTGF1cm8gLi4uIHZvY8OqIG7Do28gdmFsZSBuYWRhLi4uIFp6ei4uLg==,,W01hcmlhXQoqZ2ltb3Rlbyog4oCmQmxpemFkcmlz4oCmIGVyZXMgZGUgbG8gcGVvcuKApiBaenrigKY=
48igBg,,W01hcmlhXQpPaCwgeW91J3JlIGRvaW5nIHdlbGwgYXJlbid0IHlvdT8=,,,,,W01hcmlhXQpPaCwgdm9jw6ogZXN0w6EgaW5kbyBiZW0sIG7Do28gZXN0w6E/,,W01hcmlhXQpMbyBlc3TDoXMgaGFjaWVuZG8gYmllbiwgwr92ZXJkYWQ/
5MigBg,,W01hcmlhXQpXZWxsLCB0cnkgeW91ciBiZXN0IHRvIHRoZSB2ZXJ5IGVuZC4KTGF1cmVsIGlzIHdhaXRpbmcu,,,,,W01hcmlhXQpCZW0sIGTDqiBvIHNldSBtZWxob3IgYXTDqSBvIGZpbS4KTGF1cm8gZXN0w6EgZXNwZXJhbmRvLg==,,W01hcmlhXQpCdWVubywgZXNmdcOpcnphdGUgaGFzdGEgZWwgZmluYWwuClJhdWxlbCBlc3TDoSBlc3BlcmFuZG8u
5cigBg,,W01hcmlhXQoqQkFSSyouLi55b3UgZ2F2ZSB1cD8KKlNpZ2gqLi4uSG93IGNhbiB5b3UgYmVjb21lIGEgV2l6YXJkIHdpdGggc3VjaCBhIHdlYWsgaGVhcnQ/,,,,,W01hcmlhXQoqQVUqLi4uIHZvY8OqIGRlc2lzdGl1PwoqU3VzcGlybyouLi4gQ29tbyBwb2RlIHNlIHRvcm5hciBCcnV4byBjb20gdW0gY29yYcOnw6NvIHTDo28gZnJhY28/,,W01hcmlhXQoqTEFEUklETyog4oCmwr9UZSByaW5kZXM/CipTdXNwaXJvKiDigKbCv0NyZWVzIHF1ZSBwdWVkZXMgc2VyIHBhcnRlIGRlIGxvcyBIZWNoaWNlcm9zIGNvbiB1biBjb3JhesOzbiB0YW4gZMOpYmlsPw==
5sigBg,,W01hcmlhXQpZb3Uga25vdyB0aGF0IGVhY2ggcm9vbSBoYXMgbW9uc3RlcnMgb2YgdGhlIHNhbWUgYXR0cmlidXRlLi4uCklmIHlvdSdyZSBhIHBlcnNvbiB0aGF0IGRlYWxzIHdpdGggbWFnaWMsIHlvdSBuZWVkIHRvIGtub3cgYWJvdXQgdGhlIGRpZmZlcmVudCBzcGVsbHMu,,,,,W01hcmlhXQpWb2PDqiBzYWJlIHF1ZSBjYWRhIHNhbGEgdGVtIG1vbnN0cm9zIGNvbSBhIG1lc21hIHByb3ByaWVkYWRlLi4uClNlIHZvY8OqIMOpIHVtYSBwZXNzb2EgcXVlIGxpZGEgY29tIG1hZ2lhLCBwcmVjaXNhIGNvbmhlY2VyIG9zIGRpZmVyZW50ZXMgZmVpdGnDp29zLg==,,W01hcmlhXQpTYWJlcyBxdWUgY2FkYSBzYWxhIHRpZW5lIG1vbnN0cnVvcyBkZWwgbWlzbW8gYXRyaWJ1dG/igKYKU2kgc3VlbGVzIHVzYXIgbGEgbWFnaWEsIG5lY2VzaXRhcyBjb25vY2VyIGxvcyBkaWZlcmVudGVzIGhlY2hpem9zLg==
58igBg,,W01hcmlhXQpZb3UgYWxzbyBuZWVkIHRvIGxlYXJuIGhvdyB0byBjb3VudGVyIG1vbnN0ZXJzIHRoYXQgdXNlIHNraWxscy4KWW91ciBiZXN0IGJldCBpcyB0byBraWxsIHRoZSBtb25zdGVycyB0aGF0IGFyZSBhdHRhY2tpbmcgeW91IGZpcnN0Lg==,,,,,W01hcmlhXQpUYW1iw6ltIHByZWNpc2Egc2FiZXIgZW5mcmVudGFyIG1vbnN0cm9zIHF1ZSB1c2FtIGhhYmlsaWRhZGVzLgpTdWEgbWVsaG9yIGFwb3N0YSDDqSBkZXJyb3RhciBwcmltZWlybyBvcyBtb25zdHJvcyBxdWUgZXN0w6NvIGF0YWNhbmRvIHZvY8OqLg==,,W01hcmlhXQpUYW1iacOpbiB0aWVuZXMgcXVlIGFwcmVuZGVyIGEgY29udHJhcnJlc3RhciBhIGxvcyBtb25zdHJ1b3MgcXVlIHVzYW4gaGFiaWxpZGFkZXMuCkxvIG1lam9yIGVzIG1hdGFyIHByaW1lcm8gYSBsb3MgbW9uc3RydW9zIHF1ZSB0ZSBhdGFjYW4u
6MigBg,,W01hcmlhXQoqR3JyciogQW55d2F5cywgY29udGludWUgdGhlIHRlc3QuCkRvbid0IGhhdmUgYSB3ZWFrIG1pbmQsICp3b29mKiBhbmQgZ28gYmFjayEgICpCYXJrKiAqQmFyayogUmlnaHQgdGhpcyBtb21lbnQhICpCQVJLKg==,,,,,W01hcmlhXQoqR3JyciogRGUgcXVhbHF1ZXIgZm9ybWEsIHByb3NzaWdhIGNvbSBvIHRlc3RlLgpOw6NvIHRlbmhhIGEgbWVudGUgZnJhY2EgZSB2b2x0ZSBwYXJhIGzDoSwgKkF1KiAqQXUqICpBdSogYWdvcmEgbWVzbW8hICpBVSo=,,W01hcmlhXQoqR3JyciogRGUgdG9kb3MgbW9kb3MsIGNvbnRpbsO6YSBsYSBwcnVlYmEuCsKhTm8gdGVuZ2FzIHVuYSBtZW50ZSBkw6liaWwgKkd1YXUqIHkgcmVncmVzYSEgKkxBRFJJRE8qICpMQURSSURPKiDCoVlhIG1pc21vISAqTEFEUklETyo=
6cigBg,,W01hcmlhXQpBcyBJIHRob3VnaHQsIEkga25ldyB5b3UnZCBiZSBhYmxlIHRvIGRvIGl0LCBJIGNvdWxkIHNtZWxsIGl0IGluIHlhaCEgICpXb29mKgpOb3cgSSBjYW4gY2FsbCB5b3UgV2l6YXJkLg==,,,,,W01hcmlhXQpFeGF0YW1lbnRlIGNvbW8gcGVuc2VpLiBTYWJpYSBxdWUgZXJhIGNhcGF6LiBQb2RpYSBmYXJlamFyIGlzc28gZW0gdm9jw6ohICpBdSoKQWdvcmEsIHBvc3NvIGNoYW1hciB2b2PDqiBkZSBCcnV4by4=,,W01hcmlhXQpUYWwgY29tbyBwZW5zYWJhLCBzYWLDrWEgcXVlIHNlcsOtYXMgY2FwYXogZGUgaGFjZXJsbywgwqFwb2TDrWEgb2xlcmxvIGVuIHRpISAqR3VhdSoKWWEgZXJlcyBvZmljaWFsbWVudGUgcGFydGUgZGUgbG9zIEhlY2hpY2Vyb3Mu
6sigBg,,W01hcmlhXQpDb25ncmF0dWxhdGlvbnMuICBBbHdheXMgZ2l2ZSB5b3VyIGJlc3QgYXQgZXZlcnl0aGluZywgbm8gbWF0dGVyIHdoYXQu,,,,,W01hcmlhXQpQYXJhYsOpbnMuIFNlbXByZSBmYcOnYSBvIG1lbGhvciBxdWUgcHVkZXIgZW0gdHVkbywgbsOjbyBpbXBvcnRhIG8gcXVlIHNlamEu,,W01hcmlhXQpGZWxpY2lkYWRlcy4gIERhIHNpZW1wcmUgbG8gbWVqb3IgZGUgdGkgZW4gdG9kbywgcGFzZSBsbyBxdWUgcGFzZS4=
