gC5EAw,,SGVybW9k,,,,,SGVybW9k,,SGVybW9k
gS5EAw,,XjMzNTVGRldhaXQgYSBtaW51dGUhIFlvdSdyZQpjYXJyeWluZyB0b28gbWFueSBpdGVtcwpyaWdodCBub3c6IHN0b3JlIHNvbWUgb2YKeW91ciBleHRyYSB0aGluZ3MgaW4gS2FmcmEKU3RvcmFnZSwgYW5kIHRoZW4gY29tZSBiYWNrLl4wMDAwMDA=,,,,,XjMzNTVGRkVzcGVyZSB1bSBwb3VjbyEgVm9jw6ogZXN0w6EKY2FycmVnYW5kbyBtdWl0b3MgaXRlbnMKbmVzdGUgbW9tZW50bzogZ3VhcmRlIGFsZ3VtYXMgZGUKc3VhcyBjb2lzYXMgZXh0cmFzIG5vIEFybWF6ZW5hbWVudG8KS2FmcmEsIGUgZGVwb2lzIHZvbHRlLl4wMDAwMDA=,,wqFFc3BlcmEgdW4gbW9tZW50byEgTGxldmFzCmRlbWFzaWFkb3Mgb2JqZXRvcwpyaWdodCBub3c6IHN0b3JlIHNvbWUgb2YKbG9zIG9iamV0b3MgcXVlIG5vIGVzdMOhcyB1c2FuZG8gZW4gZWwgQWxtYWPDqW4KWSBsdWVnbyByZWdyZXNhLg==
gi5EAw,,XjMzNTVGRllvdSdyZSBub3Qgc3VyZSB3aHksIGJ1dAp0aGlzIGd1eSBzZWVtcyB0byBiZSBwcmV0dHkKZGVwcmVzc2VkLiBIZSBicmllZmx5IG1ha2VzCmV5ZSBjb250YWN0IHdpdGggeW91LCBidXQgdGhlbgpicmVha3MgaXQgb2ZmLiBBcHBhcmVudGx5LApoZSB3YW50cyB0byBiZSBsZWZ0IGFsb25lLl4wMDAwMDA=,,,,,XjMzNTVGRlZvY8OqIG7Do28gdGVtIGNlcnRlemEgZG8gbW90aXZvLCBtYXMKZXNzZSBjYXJhIHBhcmVjZSBlc3RhciBiZW0KZGVwcmltaWRvLiBFbGUgZmF6IHVtIGJyZXZlCmNvbnRhdG8gdmlzdWFsIGNvbSB2b2PDqiwgbWFzIGRlcG9pcwpkZXN2aWEgbyBvbGhhci4gQXBhcmVudGVtZW50ZSwKZWxlIHF1ZXIgZmljYXIgc296aW5oby5eMDAwMDAw,,XjI1MDJGRFlvdSdyZSBub3Qgc3VyZSB3aHksIGJ1dAp0aGlzIGd1eSBzZWVtcyB0byBiZSBwcmV0dHkKZGVwcmVzc2VkLiBIZSBicmllZmx5IG1ha2VzCmV5ZSBjb250YWN0IHdpdGggeW91LCBidXQgdGhlbgpBbCBwYXJlY2VyLApoZSB3YW50cyB0byBiZSBsZWZ0IGFsb25lLl4wMDAwMDA=
gy5EAw,,XjMzNTVGRlRoZXJlJ3Mgbm8gcmVhc29uIGZvciB5b3UKdG8gc3RpY2sgYXJvdW5kIGFuIG93bmVybGVzcwpzdHJvbmdob2xkLiBZb3UgbWF5IGFzIHdlbGwKaGVhZCBvbiB5b3VyIHdheS5eMDAwMDAw,,,,,XjMzNTVGRk7Do28gaMOhIHJhesOjbyBwYXJhCmZpY2FyIGVtIHVtYSBmb3J0YWxlemEKc2VtIGRvbm8uIMOJIG1lbGhvciB2b2PDqgpzZWd1aXIgc2V1IGNhbWluaG8uXjAwMDAwMA==,,XjI1MDJGRFRoZXJlJ3Mgbm8gcmVhc29uIGZvciB5b3UKdG8gc3RpY2sgYXJvdW5kIGFuIG93bmVybGVzcwpzdHJvbmdob2xkLiBZb3UgbWF5IGFzIHdlbGwKaGVhZCBvbiB5b3VyIHdheS5eMDAwMDAw
hC5EAw,,W0hlcm1vZF0KT2gsIHlvdSdyZSBiYWNrLiBTbyBkaWQgeW91CnJlc3QgdXAgZW5vdWdoPyBJJ20gc3VyZSB0aGUKb3RoZXIgZ3VpbGQgbWVtYmVycyBhcmUKZmVlbGluZyByZWZyZXNoZWQgYnkgbm93LgpGcm9tIHRoZSBsb29rcyBvZiBpdCwgeW91J3JlCnJlYWR5IGZvciB5b3VyIG5leHQgbWlzc2lvbi4=,,,,,W0hlcm1vZF0KT2gsIHZvY8OqIGVzdMOhIGRlIHZvbHRhLiBFbnTDo28sIHZvY8OqCmRlc2NhbnNvdSBvIHN1ZmljaWVudGU/IFRlbmhvIGNlcnRlemEgZGUgcXVlIApvcyBvdXRyb3MgbWVtYnJvcyBkYSBndWlsZGEgZXN0w6NvCmRlc2NhbnNhZG9zIGUgcmV2aWdvcmFkb3MuCkFvIHF1ZSBwYXJlY2UsIHZvY8OqIGVzdMOhCnByb250byBwYXJhIHN1YSBwcsOzeGltYSBtaXNzw6NvLg==,,W0hlcm1vZF0KQWgsIMKhdm9sdmlzdGUgCkVzdG95IHNlZ3VybyBkZSBxdWUKb3RoZXIgZ3VpbGQgbWVtYmVycyBhcmUKZmVlbGluZyByZWZyZXNoZWQgYnkgbm93LgpGcm9tIHRoZSBsb29rcyBvZiBpdCwgeW91J3JlCnJlYWR5IGZvciB5b3VyIG5leHQgbWlzc2lvbi4=
hS5EAw,,W0hlcm1vZF0KVGhlIG5leHQgc3RlcCBmb3IKeW91IGlzIHRvIHRha2UgdGhpcywgdGhlCicnU3Bpcml0IG9mIFRydXN0LicnIElmIHRoaXMKZ3VpbGQgaXMgZ29pbmcgdG8gYmUgc29saWQsCnlvdSBuZWVkIHRvIHRoaW5rIGhvdyBtdWNoCnRydXN0IHRoZXJlIGlzIGluIHRoZSBndWlsZC4=,,,,,W0hlcm1vZF0KTyBwcsOzeGltbyBwYXNzbyBwYXJhCnZvY8OqIMOpIHBlZ2FyIGlzc28sIG8KJydFc3DDrXJpdG8gZGEgQ29uZmlhbsOnYScnLiBQYXJhIGVzc2EKZ3VpbGRhIHNlIHRvcm5hciBmb3J0ZSwKdm9jw6ogcHJlY2lzYSBwZW5zYXIgZW0gcXVhbnRhCmNvbmZpYW7Dp2EgcXVlIGV4aXN0ZSBuYSBndWlsZGEu,,W0hlcm1vZF0KVGhlIG5leHQgc3RlcCBmb3IKeW91IGlzIHRvIHRha2UgdGhpcywgdGhlCicnU3Bpcml0IG9mIFRydXN0LicnIElmIHRoaXMKZ3VpbGQgaXMgZ29pbmcgdG8gYmUgc29saWQsCnlvdSBuZWVkIHRvIHRoaW5rIGhvdyBtdWNoCnRydXN0IHRoZXJlIGlzIGluIHRoZSBndWlsZC4=
hi5EAw,,W0hlcm1vZF0KWW91ciBzZWNvbmQgdGVzdCB3aWxsIGJlCnRvIGdpdmUgdGhhdCBeNEQ0REZGU3Bpcml0IG9mIFRydXN0XjAwMDAwMAp0byBhIHNhZ2UgdGhhdCBjYW4gbWFuaXB1bGF0ZQpuYXR1cmUncyBhdHRyaWJ1dGVzLiBJbiBvdGhlcgp3b3JkcywgYSBTYWdlIG9yIFNjaG9sYXIKbXVzdCBjYXJyeSBvdXQgdGhpcyB0YXNrLg==,,,,,W0hlcm1vZF0KU2V1IHNlZ3VuZG8gdGVzdGUgc2Vyw6EKZGFyIGVzc2UgXjRENERGRkVzcMOtcml0byBkYSBDb25maWFuw6dhXjAwMDAwMAphIHVtIHPDoWJpbyBxdWUgcG9zc2EgbWFuaXB1bGFyCmFzIHByb3ByaWVkYWRlcyBkYSBuYXR1cmV6YS4gRW0gb3V0cmFzCnBhbGF2cmFzLCB1bSBTw6FiaW8gb3UgUHJvZmVzc29yCmRldmUgcmVhbGl6YXIgZXNzYSB0YXJlZmEu,,W0hlcm1vZF0KWW91ciBzZWNvbmQgdGVzdCB3aWxsIGJlCnRvIGdpdmUgdGhhdCBeNEQ0REZGU3Bpcml0IG9mIFRydXN0XjAwMDAwMAp0byBhIHNhZ2UgdGhhdCBjYW4gbWFuaXB1bGF0ZQpuYXR1cmUncyBhdHRyaWJ1dGVzLiBJbiBvdGhlcgp3b3JkcywgYSBTYWdlIG9yIFNjaG9sYXIKbXVzdCBjYXJyeSBvdXQgdGhpcyB0YXNrLg==
hy5EAw,,W0hlcm1vZF0KVGhlIFNwaXJpdCBvZiBUcnVzdCBtdXN0CmJlIGRlbGl2ZXJlZCB0byBeNEQ0REZGQ2VjaWxeMDAwMDAwCnNvIGRvbid0IGZvcmdldCB0byByZWxheQp0aGF0IGluZm9ybWF0aW9uIHRvIHlvdXIKU2FnZSBvciBTY2hvbGFyLiBWZXJ5IHdlbGwsCmdvb2QgbHVjayBvbiB5b3VyIGpvdXJuZXku,,,,,W0hlcm1vZF0KTyBFc3DDrXJpdG8gZGEgQ29uZmlhbsOnYSBkZXZlCnNlciBlbnRyZWd1ZSBhIF40RDRERkZDZWNpbF4wMDAwMDAKcG9ydGFudG8sIG7Do28gc2UgZXNxdWXDp2EgZGUgcmVwYXNzYXIKZXNzYSBpbmZvcm1hw6fDo28gYW8gc2V1ClPDoWJpbyBvdSBQcm9mZXNzb3IuIE11aXRvIGJlbSwKYm9hIHNvcnRlIGVtIHN1YSBqb3JuYWRhLg==,,W0hlcm1vZF0KVGhlIFNwaXJpdCBvZiBUcnVzdCBtdXN0CmEgXjRENERGRkNlY2lsXjAwMDAwMCwKc28gZG9uJ3QgZm9yZ2V0IHRvIHJlbGF5CmRpZnVuZGFzIGVzdGEgaW5mb3JtYWNpw7NuCk11eSBiaWVuLgpnb29kIGx1Y2sgb24geW91ciBqb3VybmV5Lg==
iC5EAw,,W0hlcm1vZF0KQWgsIGRpZCB5b3UgcmVzdCB3ZS0tIE9oLgpXaHkgZG8geW91IGxvb2sgc28gcGFsZT8KWW91IGNhbid0IGFjY29tcGxpc2ggZ3JlYXQKZGVlZHMgd2hlbiB5b3UncmUgb3ZlcndvcmtlZCEKUmVzdC4gWW91ciBndWlsZCBtdXN0IGJlIGFibGUKdG8gZGVwZW5kIG9uIHlvdXIgc3RyZW5ndGgu,,,,,W0hlcm1vZF0KQWgsIHZvY8OqIGRlc2NhbnNvdSwgbsOzcy4uLiBPaC4KUG9yIHF1ZSB2b2PDqiBlc3TDoSB0w6NvIHDDoWxpZG8/ClZvY8OqIG7Do28gcG9kZSByZWFsaXphciBncmFuZGVzCmZlaXRvcyBxdWFuZG8gc2UgZXN0w6Egc29icmVjYXJyZWdhZG8hCkRlc2NhbnNlLiBTdWEgZ3VpbGRhIGRldmUgc2VyIGNhcGF6CmRlcGVuZGVyIGRlIHN1YSBmb3LDp2Eu,,W0hlcm1vZF0KQWgsIGRpZCB5b3UgcmVzdCB3ZS0tIE9oLgpXaHkgZG8geW91IGxvb2sgc28gcGFsZT8KWW91IGNhbid0IGFjY29tcGxpc2ggZ3JlYXQKZGVlZHMgd2hlbiB5b3UncmUgb3ZlcndvcmtlZCEKRGVzY2Fuc2FyLiAKdG8gZGVwZW5kIG9uIHlvdXIgc3RyZW5ndGgu
iS5EAw,,W0hlcm1vZF0KWW91ciBkZXRlcm1pbmF0aW9uIGFuZApzcGlyaXQgaXMgY29tbWVuZGFibGUsIGJ1dApoYXZlIHRoZSBwYXRpZW5jZSB0byByZWNvbGxlY3QKeW91cnNlbGYgd2hlbiB5b3UgbXVzdC4gSSB3aWxsCmJlIHdhaXRpbmcgaGVyZSwgc28gcGxlYXNlCmNvbWUgYmFjayB0byBtZSBsYXRlci4=,,,,,W0hlcm1vZF0KU3VhIGRldGVybWluYcOnw6NvIGUKZXNww61yaXRvIHPDo28gbG91dsOhdmVpcywgbWFzCnRlbmhhIHBhY2nDqm5jaWEgcGFyYSBzZSBsZW1icmFyCnNlIGxlbWJyYXIgcXVhbmRvIGZvciBuZWNlc3PDoXJpby4gRXUgZXN0YXJlaQphcXVpIGVzcGVyYW5kbywgZW50w6NvLAp2b2x0ZSBkZXBvaXMu,,W0hlcm1vZF0KWW91ciBkZXRlcm1pbmF0aW9uIGFuZApzcGlyaXQgaXMgY29tbWVuZGFibGUsIGJ1dApoYXZlIHRoZSBwYXRpZW5jZSB0byByZWNvbGxlY3QKQXPDrSBsbyBoYXLDqS4KYmUgd2FpdGluZyBoZXJlLCBzbyBwbGVhc2UKdnVlbHZlIG3DoXMgdGFyZGUu
ii5EAw,,W0hlcm1vZF0KQWgsIHlvdSBsb29rIHdlbGwgcmVzdGVkLAptYXN0ZXIuIEl0IGlzIG5vdyB0aW1lIGZvcgp5b3UgdG8gcHJvY2VlZCB3aXRoIHRoZSB0aGlyZAp0ZXN0LiBMZXQgbWUgcmVtaW5kIHlvdSB0aGF0CnRoZXNlIHNwaXJpdHMgYXJlIGluY3JlZGlibHkKcHJlY2lvdXMuIERvIG5vdCBsb3NlIHRoZW0u,,,,,W0hlcm1vZF0KQWgsIHZvY8OqIHBhcmVjZSBiZW0gZGVzY2Fuc2FkbywKbWVzdHJlLiBBZ29yYSDDqSBob3JhIGRlCnNlZ3VpciBwYXJhIG8gdGVyY2Vpcm8KdGVzdGUuIERlaXhlLW1lIGxlbWJyw6EtbG8gZGUgcXVlCmVzc2VzIGVzcMOtcml0b3Mgc8OjbyBpbmNyaXZlbG1lbnRlCnByZWNpb3Nvcy4gTsOjbyBvcyBwZXJjYS4=,,W0hlcm1vZF0KQWgsIHlvdSBsb29rIHdlbGwgcmVzdGVkLAptYWVzdHJv4oCmIExsZWfDsyBlbCBtb21lbnRvCnlvdSB0byBwcm9jZWVkIHdpdGggdGhlIHRoaXJkCmRlIHRvZG9zIGxvcyBkZW3DoXM/IFBlcm3DrXRlbWUgcmVjb3JkYXJ0ZQp0aGVzZSBzcGlyaXRzIGFyZSBpbmNyZWRpYmx5CnByZWNpb3VzLiBEbyBub3QgbG9zZSB0aGVtLg==
iy5EAw,,W0hlcm1vZF0KTGlrZSBhbGwgdGhlIG90aGVyIHNwaXJpdHMsCnBsZWFzZSBrZWVwIHRoaXMgb25lIHNhZmVseS4KVGhpcyBpcyB0aGUgXjRENERGRlNwaXJpdCBvZiBQZWFjZV4wMDAwMDAuCkl0IHNlZW1zIGNvbnRyYWRpY3RpdmUgdGhhdApzdHJvbmdob2xkcyBhbmQgbWlnaHQgY2FuCmJyaW5nIHBlYWNlLCBidXQgaXQncyB0cnVlLg==,,,,,W0hlcm1vZF0KQ29tbyB0b2RvcyBvcyBvdXRyb3MgZXNww61yaXRvcywKcG9yIGZhdm9yLCBtYW50ZW5oYSBlc3RlIGVtIHNlZ3VyYW7Dp2EuCkVzdGUgw6kgbyBeNEQ0REZGRXNww61yaXRvIGRhIFBhel4wMDAwMDAuClBhcmVjZSBjb250cmFkaXTDs3JpbyBxdWUKZm9ydGFsZXphcyBlIHBvZGVyIHBvc3NhbQp0cmF6ZXIgcGF6LCBtYXMgw6kgdmVyZGFkZS4=,,W0hlcm1vZF0KTGlrZSBhbGwgdGhlIG90aGVyIHNwaXJpdHMsCnBsZWFzZSBrZWVwIHRoaXMgb25lIHNhZmVseS4KVGhpcyBpcyB0aGUgXjRENERGRlNwaXJpdCBvZiBQZWFjZV4wMDAwMDAuCkl0IHNlZW1zIGNvbnRyYWRpY3RpdmUgdGhhdApzdHJvbmdob2xkcyBhbmQgbWlnaHQgY2FuCmJyaW5nIHBlYWNlLCBidXQgaXQncyB0cnVlLg==
jC5EAw,,W0hlcm1vZF0KSWYgcG93ZXIgaXNuJ3QgdXNlZCB0bwpwcm90ZWN0IHRoZSB3ZWFrLCB0aGVuCnNvbWUgYnVsbHksIGluIG9uZSBmb3JtIG9yCmFub3RoZXIsIHdpbGwgYWx3YXlzIGNvbWUKdG8gZXhwbG9pdCB0aGVtLiBUaGF0IGlzIHdoeV5GRkZGRkYgICAgICBeMDAwMDAwIFRyaXN0YW4gSUlJIGJ1aWx0IHRoZSBzdHJvbmdob2xkcy4=,,,,,W0hlcm1vZF0KU2UgbyBwb2RlciBuw6NvIGZvciB1c2FkbyBwYXJhCnByb3RlZ2VyIG9zIGZyYWNvcywgZW50w6NvCmFsZ3VtIHZhbGVudMOjbywgZGUgdW1hIGZvcm1hIG91Cm91dHJhLCBzZW1wcmUgdmlyw6EKcGFyYSBleHBsb3LDoS1sb3MuIMOJIHBvciBpc3NvIHF1ZV5GRkZGRkYgICAgICBeMDAwMDAwIFRyaXN0YW4gSUlJIGNvbnN0cnVpdSBhcyBmb3J0YWxlemFzLg==,,W0hlcm1vZF0KSWYgcG93ZXIgaXNuJ3QgdXNlZCB0bwpwcm90ZWN0IHRoZSB3ZWFrLCB0aGVuCnNvbWUgYnVsbHksIGluIG9uZSBmb3JtIG9yCmFub3RoZXIsIHdpbGwgYWx3YXlzIGNvbWUKdG8gZXhwbG9pdCB0aGVtLiBUaGF0IGlzIHdoeV5GRkZGRkYgICAgICBeMDAwMDAwIFRyaXN0YW4gSUlJIGJ1aWx0IHRoZSBzdHJvbmdob2xkcy4=
jS5EAw,,W0hlcm1vZF0KUGxlYXNlIGRpc3BhdGNoIGEgUm9ndWUKb3IgU3RhbGtlciB0byBicmluZyB0aGlzClNwaXJpdCBvZiBQZWFjZSB0byBeNEQ0REZGRGlsaWdvXjAwMDAwMC4KSWYgeW91IGRvbid0IGtub3cgYW55IFJvZ3VlcwpvciBTdGFsa2VycywgdGhlbiBpdCB3b3VsZCBiZQpwcnVkZW50IGZvciB5b3UgdG8gbWVldCBvbmUu,,,,,W0hlcm1vZF0KUG9yIGZhdm9yLCBlbnZpZSB1bSBBcnJ1YWNlaXJvCm91IERlc29yZGVpcm8gcGFyYSBsZXZhciBlc3RlCkVzcMOtcml0byBkYSBQYXogcGFyYSBeNEQ0REZGRGlsaWdvXjAwMDAwMC4KU2Ugdm9jw6ogbsOjbyBjb25oZWNlIG5lbmh1bSBBcnJ1YWNlaXJvcwpvdSBEZXNvcmRlaXJvcywgZW50w6NvIHNlcmlhCnBydWRlbnRlIHF1ZSB2b2PDqiBlbmNvbnRyZSB1bS4=,,W0hlcm1vZF0KUGxlYXNlIGRpc3BhdGNoIGEgUm9ndWUKb3IgU3RhbGtlciB0byBicmluZyB0aGlzCkVzdGUgU8OtbWJvbG8gZGUgcGF6IGEgXjRENERGRkRpbGlnb14wMDAwMDAuCklmIHlvdSBkb24ndCBrbm93IGFueSBSb2d1ZXMKb3IgU3RhbGtlcnMsIHRoZW4gaXQgd291bGQgYmUKcHJ1ZGVudCBmb3IgeW91IHRvIG1lZXQgb25lLg==
ji5EAw,,W0hlcm1vZF0KWWVzLCB0aGVyZSdzIG5vIHN1YnN0aXR1dGUKZm9yIHRoZSBzdWJ0ZXJmdWdlIGFuZCBpbnRlbApnYXRoZXJpbmcgdGhhdCBhIFJvZ3VlIGNhbgpwcm92aWRlLiBBbnl3YXksIERpbGlnbyB3aWxsCmd1aWRlIHlvdSBvbiB5b3VyIHRoaXJkIHRlc3Qu,,,,,W0hlcm1vZF0KU2ltLCBuw6NvIGjDoSBzdWJzdGl0dXRvCnBhcmEgYSBhcnRpbWFuaGEgZSBhIGNvbGV0YQpkZSBpbmZvcm1hw6fDtWVzIHF1ZSB1bSBBcnJ1YWNlaXJvIHBvZGUKZm9ybmVjZXIuIERlIHF1YWxxdWVyIGZvcm1hLCBEaWxpZ28gaXLDoQpndWnDoS1sbyBlbSBzZXUgdGVyY2Vpcm8gdGVzdGUu,,W0hlcm1vZF0KWWVzLCB0aGVyZSdzIG5vIHN1YnN0aXR1dGUKZm9yIHRoZSBzdWJ0ZXJmdWdlIGFuZCBpbnRlbApnYXRoZXJpbmcgdGhhdCBhIFJvZ3VlIGNhbgpFbnRvbmNlcywgRGlsaWdvIHRlCmd1aWRlIHlvdSBvbiB5b3VyIHRoaXJkIHRlc3Qu
jy5EAw,,W0hlcm1vZF0KQWgsIGhhdmUgeW91IHJlc3RlZCB3ZWxsLAptYXN0ZXI/IFBsZWFzZSBleGN1c2UgbXkKbWFubmVycyBhIHdoaWxlIGFnby4gSSBoYWQKdG8gcmVwb3J0IHlvdXIgdHJpYWwgcmVzdWx0cywKYW5kIGxvc3QgbXkgY29tcG9zdXJlIGZvciBhCm1vbWVudC4gSXQgd29uJ3QgaGFwcGVuIGFnYWluLg==,,,,,W0hlcm1vZF0KQWgsIHZvY8OqIGRlc2NhbnNvdSBiZW0sCnNlbmhvcj8gUG9yIGZhdm9yLCBkZXNjdWxwZSBtaW5oYQphdGl0dWRlIGFudGVzLiBQcmVjaXNlaQpyZWxhdGFyIG9zIHJlc3VsdGFkb3MgZGUgc3VhIHByb3Zhw6fDo28sCmUgcGVyZGkgbWluaGEgY29tcG9zdHVyYSBwb3IgdW0KbW9tZW50by4gSXNzbyBuw6NvIGFjb250ZWNlcsOhIG5vdmFtZW50ZS4=,,W0hlcm1vZF0KQWgsIGhhdmUgeW91IHJlc3RlZCB3ZWxsLAptYWVzdHJv4oCmIApUZW7DrWEgdW5vCnRvIHJlcG9ydCB5b3VyIHRyaWFsIHJlc3VsdHMsCmFuZCBsb3N0IG15IGNvbXBvc3VyZSBmb3IgYQp1biBtb21lbnRvLiA=
kC5EAw,,Li4uLi4uLi4uLi4uLi4uLi4uLi4uLi4uLi4uLi4uLgouLi4uLi4uLi4uLi4uLi4uLi4uLi4uLi4uLi4uLi4u,,,,,Li4uLi4uLi4uLi4uLi4uLi4uLi4uLi4uLi4uLi4uLgouLi4uLi4uLi4uLi4uLi4uLi4uLi4uLi4uLi4uLi4u,,4oCmCuKApg==
kS5EAw,,Li4uLi4uLi4uLi4uLi4uLi4uLi4uLi4uLi4uLi4uLgouLi4uLi4uLi4uLi4uLi4uLi4uLi4uLi4uLi4uLi4uCi4uLi4uLi4uLi4uLi4uLi4uLi4uLi4uLi4uLi4uLi4=,,,,,Li4uLi4uLi4uLi4uLi4uLi4uLi4uLi4uLi4uLi4uLgouLi4uLi4uLi4uLi4uLi4uLi4uLi4uLi4uLi4uLi4uCi4uLi4uLi4uLi4uLi4uLi4uLi4uLi4uLi4uLi4uLi4=,,4oCmCuKApgrigKY=
ki5EAw,,W0hlcm1vZF0=,,,,,W0hlcm1vZF0=,,W0hlcm1vZF0=
ky5EAw,,T2ghIE0tbWFzdGVyPyBXaC13aGVuCmRpZCB5b3UuLi4/IEknbSBzbyBzb3JyeS4KSSB3YXMgYnVzeSB3b3JraW5nLg==,,,,,T2ghIE0tbWVzdHJlPyBRLXF1YW5kbwpvIHNlbmhvci4uLj8gU2ludG8gbXVpdG8uCkV1IGVzdGF2YSBvY3VwYWRvIHRyYWJhbGhhbmRvLg==,,wqFBaCEgIArCv3ZlcmRhZD8gTG8gbGFtZW50byBtdWNoby4KSSB3YXMgYnVzeSB3b3JraW5nLg==
lC5EAw,,W0hlcm1vZF0KSXQncyBvbmx5IGJlZW4gYSBmZXcgZGF5cwpzaW5jZSB5b3UgZmluaXNoZWQgdGhlIHRyaWFscy4KRm9yIG5vdywgeW91IHNob3VsZCByZXN0IGFuZAp0YWtlIGNhcmUgb2YgeW91ciBndWlsZCwgb2theT8KUGxlYXNlIGNvbWUgYmFjayBsYXRlci4KSSd2ZSBnb3QgbXVjaCB0byBhdHRlbmQgdG8uLi4=,,,,,W0hlcm1vZF0KRmF6IGFsZ3VucyBkaWFzCnF1ZSB2b2PDqiB0ZXJtaW5vdSBzdWEgcHJvdmHDp8Ojby4KUG9yIGFnb3JhLCB2b2PDqiBkZXZlIGRlc2NhbnNhciBlCmN1aWRhciBkYSBzdWEgZ3VpbGRhLCBjZXJ0bz8KUG9yIGZhdm9yLCB2b2x0ZSBtYWlzIHRhcmRlLgpUZW5obyBtdWl0byBhIGZhemVyLi4u,,W0hlcm1vZF0KSXQncyBvbmx5IGJlZW4gYSBmZXcgZGF5cwpzaW5jZSB5b3UgZmluaXNoZWQgdGhlIHRyaWFscy4KRm9yIG5vdywgeW91IHNob3VsZCByZXN0IGFuZAp0YWtlIGNhcmUgb2YgeW91ciBndWlsZCwgb2theT8KUG9yIGZhdm9yLCB2dWVsdmUgbcOhcyB0YXJkZS4KSSd2ZSBnb3QgbXVjaCB0byBhdHRlbmQgdG8uLi4=
lS5EAw,,W0hlcm1vZF0KR29vZCBkYXksIG1hc3Rlci4KSXMgc29tZXRoaW5nIHdyb25nPwpZb3UgbG9vayBhcyB0aG91Z2gKc29tZXRoaW5nIGlzIG9uIHlvdXIgbWluZC4=,,,,,W0hlcm1vZF0KQm9tIGRpYSwgbWVzdHJlLgpIw6EgYWxnbyBlcnJhZG8/ClBhcmVjZSBxdWUgdm9jw6oKdGVtIGFsZ28gZW0gc3VhIG1lbnRlLg==,,W0hlcm1vZF0KR29vZCBkYXksIG1hc3Rlci4Kwr9IYXkgYWxnw7puIHByb2JsZW1hPwpZb3UgbG9vayBhcyB0aG91Z2gKc29tZXRoaW5nIGlzIG9uIHlvdXIgbWluZC4=
li5EAw,,Ti1ubywgbm90aGluZy4=,,,,,Ti1uw6NvLCBuYWRhLg==,,Ti1ubywgbm90aGluZy4=
ly5EAw,,SSB3YW50IHRvIHRha2UgYSBsZXNzb24u,,,,,UXVlcm8gZmF6ZXIgdW1hIGxpw6fDo28u,,SSB3YW50IHRvIHRha2UgYSBsZXNzb24u
mC5EAw,,W0hlcm1vZF0KSG0/IFRoYXQncyBzdHJhbmdlLg==,,,,,W0hlcm1vZF0KSG0/IFF1ZSBlc3RyYW5oby4=,,W0hlcm1vZF0Kwr9NbT8gUXXDqSBleHRyYcOxb+KApg==
mS5EAw,,WW91IGRpZG4ndCB3YW50IHRvIHRha2UKdGhlIHRyaWFscyBhZ2FpbiwgZGlkIHlvdT8=,,,,,Vm9jw6ogbsOjbyBkZXNlamEgZmF6ZXIKYXMgcHJvdmHDp8O1ZXMgbm92YW1lbnRlLCBkZXNlamE/,,WW91IGRpZG4ndCB3YW50IHRvIHRha2UKdGhlIHRyaWFscyBhZ2FpbiwgZGlkIHlvdT8=
mi5EAw,,W0hlcm1vZF0KSSBzZWUuIFlvdSBrbm93IGl0IHdvbid0CmJlIGVhc3ksIGJ1dCBJIHN1cHBvc2UgeW91CmFyZSBwcmVwYXJlZC4gSGVyZSwgdGFrZQp0aGUgXjRENERGRlNwaXJpdCBvZiBHdWlsZF4wMDAwMDAsIGFuZApnaXZlIGl0IHRvIHlvdXIgbW9zdCB0cnVzdGVkCktuaWdodCBvciBMb3JkIEtuaWdodC4=,,,,,W0hlcm1vZF0KRW50ZW5kby4gVm9jw6ogc2FiZSBxdWUgbsOjbyBzZXLDoQpmw6FjaWwsIG1hcyBhY3JlZGl0byBxdWUgdm9jw6oKZXN0ZWphIHByZXBhcmFkby4gQXF1aSwgcGVndWUKbyBeNEQ0REZGRXNww61yaXRvIGRhIEd1aWxkYV4wMDAwMDAgZQplbnRyZWd1ZS1vIGFvIHNldSBtYWlzIGNvbmZpw6F2ZWwKQ2F2YWxlaXJvIG91IExvcmRlLg==,,W0hlcm1vZF0KWWEgdmVvLiAKYmUgZWFzeSwgYnV0IEkgc3VwcG9zZSB5b3UKVG9tYeKApgp0aGUgXjRENERGRlNwaXJpdCBvZiBHdWlsZF4wMDAwMDAsIGFuZApnaXZlIGl0IHRvIHlvdXIgbW9zdCB0cnVzdGVkCktuaWdodCBvciBMb3JkIEtuaWdodC4=
my5EAw,,W0hlcm1vZF0KVGhpcyBLbmlnaHQgc2hvdWxkIHRha2UKdGhlIFNwaXJpdCBvZiBHdWlsZCBvdmVyCnRvIF40RDRERkZBdGlsYV4wMDAwMDAuIEdvb2QgbHVjaywgYW5kCm1heSB0aGUgZ29kcyBiZSB3aXRoIHlvdS4=,,,,,W0hlcm1vZF0KRXN0ZSBDYXZhbGVpcm8gZGV2ZSBsZXZhcgpvIEVzcMOtcml0byBkYSBHdWlsZGEgCnBhcmEgXjRENERGRkF0aWxhXjAwMDAwMC4gQm9hIHNvcnRlLCBlCnF1ZSBvcyBkZXVzZXMgZXN0ZWphbSBjb20gdm9jw6ou,,W0hlcm1vZF0KVGhpcyBLbmlnaHQgc2hvdWxkIHRha2UKdGhlIFNwaXJpdCBvZiBHdWlsZCBvdmVyCmEgXjRENERGRkF0aWxhXjAwMDAwMC4gQWgsIMKheSBidWVuYSBzdWVydGUhCm1heSB0aGUgZ29kcyBiZSB3aXRoIHlvdS4=
nC5EAw,,W0hlcm1vZF0KWW91IHN0aWxsIGhhdmUgdGhlIFNwaXJpdCBvZgpHdWlsZCBJIGdhdmUgeW91PyBJIHN1cHBvc2UKeW91IGhhdmVuJ3QgZm91bmQgYSBLbmlnaHQgb3IKTG9yZCBLbmlnaHQgdG8gd2hpY2ggaXQgY2FuCmJlIGVudHJ1c3RlZC4gSXQgaXMgaW1wZXJhdGl2ZQp0aGF0IHlvdSBmaW5kIHNvbWVvbmUgc29vbi4=,,,,,W0hlcm1vZF0KVm9jw6ogYWluZGEgcG9zc3VpIG8gRXNww61yaXRvIGRhCkd1aWxkYSBxdWUgbGhlIGRlaT8gU3Vwb25obyBxdWUKbsOjbyB0ZW5oYSBlbmNvbnRyYWRvIHVtIENhdmFsZWlybyBvdQpMb3JkZSBhIHF1ZW0gZWxlIHBvc3NhCnNlciBjb25maWFkby4gw4kgaW1wb3J0YW50ZQpxdWUgdm9jw6ogZW5jb250cmUgYWxndcOpbSBsb2dvLg==,,W0hlcm1vZF0KWW91IHN0aWxsIGhhdmUgdGhlIFNwaXJpdCBvZgrCoVN1LXN1LXN1cG9uZ28gcXVlIGxvIHAtcHVlZG8gaGFjZXLigKYhCnlvdSBoYXZlbid0IGZvdW5kIGEgS25pZ2h0IG9yCkxvcmQgS25pZ2h0IHRvIHdoaWNoIGl0IGNhbgpiZSBlbnRydXN0ZWQuIEl0IGlzIGltcGVyYXRpdmUKdGhhdCB5b3UgZmluZCBzb21lb25lIHNvb24u
nS5EAw,,W0hlcm1vZF0KRm9yIHRoZSBzYWtlIG9mIHRoZSBndWlsZCwgaXQKd2lsbCBiZSBhZHZhbnRhZ2VvdXMgdG8gaGF2ZQphIEtuaWdodCBvciBMb3JkIEtuaWdodCBvbgp5b3VyIHNpZGU6IHRoZWlyIGNvbWJhdCBza2lsbHMKY2FuIHR1cm4gdGhlIHRpZGUgb2YgYmF0dGxlcy4=,,,,,W0hlcm1vZF0KUGFyYSBvIGJlbSBkYSBndWlsZGEsIApzZXLDoSB2YW50YWpvc28gdGVyCnVtIENhdmFsZWlybyBvdSBMb3JkZQpzZXUgbGFkbzogYXMgaGFiaWxpZGFkZXMgZGUgY29tYmF0ZQpkZWxlcyBwb2RlbSBtdWRhciBvIHJ1bW8gZGFzIGJhdGFsaGFzLg==,,W0hlcm1vZF0KRm9yIHRoZSBzYWtlIG9mIHRoZSBndWlsZCwgaXQKd2lsbCBiZSBhZHZhbnRhZ2VvdXMgdG8gaGF2ZQphIEtuaWdodCBvciBMb3JkIEtuaWdodCBvbgp5b3VyIHNpZGU6IHRoZWlyIGNvbWJhdCBza2lsbHMKY2FuIHR1cm4gdGhlIHRpZGUgb2YgYmF0dGxlcy4=
ni5EAw,,W0hlcm1vZF0KV2hlbiB5b3UgZG8gZmluZCBhIEtuaWdodCwKZ2l2ZSBoaW0gdGhlIFNwaXJpdCBvZiBHdWlsZAphbmQgYXNrIGhpbSB0byBmaW5kIEF0aWxhCnNpbmNlIGhlIHdpbGwgY29uZHVjdGluZwp0aGUgdHJpYWwuIEdvb2QgbHVjawp0byB5b3UsIG1hc3Rlci4=,,,,,W0hlcm1vZF0KUXVhbmRvIHZvY8OqIGVuY29udHJhciB1bSBDYXZhbGVpcm8sCmTDqiBhIGVsZSBvIEVzcMOtcml0byBkYSBHdWlsZGEKZSBwZcOnYSBhIGVsZSBwYXJhIGVuY29udHJhciBBdGlsYQpqw6EgcXVlIGVsZSBjb25kdXppcsOhCmEgcHJvdmHDp8Ojby4gQm9hIHNvcnRlCnBhcmEgdm9jw6osIG1lc3RyZS4=,,W0hlcm1vZF0KV2hlbiB5b3UgZG8gZmluZCBhIEtuaWdodCwKZ2l2ZSBoaW0gdGhlIFNwaXJpdCBvZiBHdWlsZApwYXJhIHF1ZSBzZSBsbyBlbnRyZWd1ZSBhIEF0aWxhLApzaW5jZSBoZSB3aWxsIGNvbmR1Y3RpbmcKQnVlbmEgc3VlcnRlCnRvIHlvdSwgbWFzdGVyLg==
ny5EAw,,W0hlcm1vZF0KQWgsIGlzIHRoaXMgdGhlIFNwaXJpdApvZiBBZHZhbmNlPyBUaGlzIG11c3QgbWVhbgp0aGF0IHlvdSBjb21wbGV0ZWQgdGhlIGZpcnN0CnRlc3QuIEtlZXAgdXAgdGhlIGdvb2Qgd29yay4KSGFuZCBtZSB0aGUgc3Bpcml0LCBhbmQgYWxsb3deRkZGRkZGICAgICBeMDAwMDAwIG1lIHRvIGdpdmUgeW91IHlvdXIgZ3VpbGQncyByZXdhcmQu,,,,,W0hlcm1vZF0KQWgsIGVzc2Ugw6kgbyBFc3DDrXJpdG8KZG8gQXZhbsOnbz8gSXNzbyBkZXZlIHNpZ25pZmljYXIKcXVlIHZvY8OqIGNvbmNsdWl1IG8gcHJpbWVpcm8KdGVzdGUuIENvbnRpbnVlIGNvbSBvIMOzdGltbyB0cmFiYWxoby4KRW50cmVndWUtbWUgbyBlc3DDrXJpdG8gZSBwZXJtaXRhXkZGRkZGRiAgICAgXjAwMDAwMCBxdWUgZXUgbGhlIGTDqiBhIHJlY29tcGVuc2EgZGUgc3VhIGd1aWxkYS4=,,W0hlcm1vZF0KQWgsIGlzIHRoaXMgdGhlIFNwaXJpdArCoUVzdGUgZGViZSBzZXIKdGhhdCB5b3UgY29tcGxldGVkIHRoZSBmaXJzdApkZSB0b2RvcyBsb3MgZGVtw6FzPyDCoVNpZ3VlIGFzw60hCkhhbmQgbWUgdGhlIHNwaXJpdCwgYW5kIGFsbG93XkZGRkZGRiAgICAgXjAwMDAwMCBtZSB0byBnaXZlIHlvdSB5b3VyIGd1aWxkJ3MgcmV3YXJkLg==
oC5EAw,,W0hlcm1vZF0KWW91J3ZlIGRvbmUgd2VsbCwgYnV0CnRoZXJlIGFyZSBtb3JlIHRyaWFscwphaGVhZCBvZiB5b3UuIEZvciBub3csCnlvdSBzaG91bGQgcmVzdCBiZWZvcmUKdW5kZXJ0YWtpbmcgdGhlIHNlY29uZCB0ZXN0LgpQbGVhc2UgY29tZSB3aGVuIHlvdSBhcmUgcmVhZHku,,,,,W0hlcm1vZF0KVm9jw6ogc2Ugc2FpdSBiZW0sIG1hcwpow6EgbWFpcyBwcm92YcOnw7Vlcwpwb3IgdmlyLiBQb3IgZW5xdWFudG8sCnZvY8OqIGRldmUgZGVzY2Fuc2FyIGFudGVzIGRvCnNlZ3VuZG8gdGVzdGUuClZlbmhhIHF1YW5kbyBlc3RpdmVyIHByb250by4=,,W0hlcm1vZF0KWW91J3ZlIGRvbmUgd2VsbCwgYnV0CnRoZXJlIGFyZSBtb3JlIHRyaWFscwpQb3IgYWhvcmEsCnlvdSBzaG91bGQgcmVzdCBiZWZvcmUKdW5kZXJ0YWtpbmcgdGhlIHNlY29uZCB0ZXN0LgpQbGVhc2UgY29tZSB3aGVuIHlvdSBhcmUgcmVhZHku
oS5EAw,,W0hlcm1vZF0KSWYgeW91J3JlIG5vdCBidXN5LCB0aGVuCndoeSBkb24ndCB5b3Ugc3BlbmQgeW91cgp0aW1lIGluY3JlYXNpbmcgbW9yYWxlCmFtb25nIHlvdXIgZ3VpbGQgbWVtYmVycz8KUGVyaGFwcyBzb21lIHRlYW0gYnVpbGRpbmcKZXhlcmNpc2UgY2FuIGJlIG9mIGhlbHAu,,,,,W0hlcm1vZF0KU2Ugdm9jw6ogbsOjbyBlc3TDoSBvY3VwYWRvLCBlbnTDo28KcG9yIHF1ZSBuw6NvIGdhc3RhIHNldSB0ZW1wbwphdW1lbnRhbmRvIG8gbW9yYWwKZW50cmUgb3MgbWVtYnJvcyBkZSBzdWEgZ3VpbGRhPwpUYWx2ZXogYWxndW0gZXhlcmPDrWNpbyBkZSBmb3JtYcOnw6NvIGRlIGVxdWlwZQpwb3NzYSBzZXIgw7p0aWwu,,W0hlcm1vZF0KSWYgeW91J3JlIG5vdCBidXN5LCB0aGVuCndoeSBkb24ndCB5b3Ugc3BlbmQgeW91cgp0aW1lIGluY3JlYXNpbmcgbW9yYWxlCmFtb25nIHlvdXIgZ3VpbGQgbWVtYmVycz8KUGVyaGFwcyBzb21lIHRlYW0gYnVpbGRpbmcKZXhlcmNpc2UgY2FuIGJlIG9mIGhlbHAu
oi5EAw,,W0hlcm1vZF0KWW91IG11c3QgYmUgaGF2aW5nCnRyb3VibGUgZmluZGluZyBDZWNpbC4KTWFrZSBzdXJlIHRoYXQgeW91IGhhdmUKYSBTYWdlIG9yIFNjaG9sYXIgZnJpZW5kCmdpdmUgdGhhdCBTcGlyaXQgb2YgVHJ1c3QgdG8KaGltIG9uY2UgeW91IGxvY2F0ZSBoaW0u,,,,,W0hlcm1vZF0KVm9jw6ogZGV2ZSBlc3RhciB0ZW5kbwpwcm9ibGVtYXMgcGFyYSBlbmNvbnRyYXIgQ2VjaWwuCkNlcnRpZmlxdWUtc2UgZGUgdGVyCnVtIGFtaWdvIFPDoWJpbyBvdSBQcm9mZXNzb3IKZSBkw6ogbyBFc3DDrXJpdG8gZGEgQ29uZmlhbsOnYSBhIGVsZQpxdWFuZG8gZW5jb250cmFyLg==,,W0hlcm1vZF0KVMO6IGRlYmVzIHNlcuKApiAuCnByb2JsZW1hcyBwYXJhIGVuY29udHJhciBhIENlY2lsLgrCoUFzZWfDunJhdGUgZGUgcG9uZXIKYSBTYWdlIG9yIFNjaG9sYXIgZnJpZW5kCmdpdmUgdGhhdCBTcGlyaXQgb2YgVHJ1c3QgdG8KaGltIG9uY2UgeW91IGxvY2F0ZSBoaW0u
oy5EAw,,W0hlcm1vZF0KQWgsIHNvIHlvdSBhbHJlYWR5IGNvbXBsZXRlZAp0aGUgdGVzdCBhbmQgZWFybmVkIHRoZSBTcGlyaXQKb2YgRnJpZW5kc2hpcD8gR29vZCB3b3JrLgpZb3UgbXVzdCBub3cgcmVjb2duaXplIHRoZQp2YWx1ZSBvZiB0ZWFtd29yay4gUGxlYXNlIGdpdmUKdGhlIFNwaXJpdCBvZiBGcmllbmRzaGlwIHRvIG1lLg==,,,,,W0hlcm1vZF0KQWgsIHZvY8OqIGrDoSBjb21wbGV0b3UKbyB0ZXN0ZSBlIHJlY2ViZXUgbyBFc3DDrXJpdG8gZGUKZGEgQW1pemFkZT8gQm9tIHRyYWJhbGhvLgpBZ29yYSB2b2PDqiByZWNvbmhlY2Ugbwp2YWxvciBkbyB0cmFiYWxobyBlbSBlcXVpcGUuIFBvciBmYXZvciwgZW50cmVndWUKbyBFc3DDrXJpdG8gZGEgQW1pemFkZSBwYXJhIG1pbS4=,,W0hlcm1vZF0KQWgsIHNvIHlvdSBhbHJlYWR5IGNvbXBsZXRlZAp0aGUgdGVzdCBhbmQgZWFybmVkIHRoZSBTcGlyaXQKwr9BbWlzdGFkPyBCdWVuIHRyYWJham8uCllvdSBtdXN0IG5vdyByZWNvZ25pemUgdGhlCkRhbWUKdGhlIFNwaXJpdCBvZiBGcmllbmRzaGlwIHRvIG1lLg==
pC5EAw,,W0hlcm1vZF0KTm93LCBwbGVhc2UgdGFrZSB0aGlzCnJld2FyZCBhbmQgc2hhcmUgaXQgd2l0aAp5b3VyIGd1aWxkIG1lbWJlcnMuIFRoaXMKbWF5IGNvbWUgaW4gaGFuZHkgaW4gZnV0dXJlCmNoYWxsZW5nZXMgdGhhdCB5b3Ugd2lsbCBhbGwKZmFjZSB0b2dldGhlci4gR29vZCB3b3JrIQ==,,,,,W0hlcm1vZF0KQWNlaXRlIGVzc2EgcmVjb21wZW5zYSAKZSBjb21wYXJ0aWxoZS1hIGNvbQptZW1icm9zIGRlIHN1YSBndWlsZGEuIElzc28KcG9kZSBzZXIgw7p0aWwgZW0gZnV0dXJvcwpkZXNhZmlvcyBxdWUgdm9jw6pzCmVuZnJlbnRhcsOjbyBqdW50b3MuIEJvbSB0cmFiYWxobyE=,,W0hlcm1vZF0KUG9yIGZhdm9yLCB0b21lbiBlc3Rv4oCmCnJld2FyZCBhbmQgc2hhcmUgaXQgd2l0aApFc3RvCm1heSBjb21lIGluIGhhbmR5IGluIGZ1dHVyZQpjaGFsbGVuZ2VzIHRoYXQgeW91IHdpbGwgYWxsCsKhRXhjZWxlbnRlIHRyYWJham8h
pS5EAw,,W0hlcm1vZF0KWW91IHNob3VsZCByZXN0IGFuZApyZWN1cGVyYXRlIGJlZm9yZSB5b3UKdW5kZXJ0YWtlIHRoZSB0aGlyZCB0ZXN0LgpJIHRvbyB3b3VsZCBiZW5lZml0IGZyb20KYSBicmllZiByZXNwaXRlLiBQbGVhc2UgY29tZQpiYWNrIHRvIG1lIHdoZW4geW91IGFyZSByZWFkeS4=,,,,,W0hlcm1vZF0KVm9jw6ogZGV2ZSBkZXNjYW5zYXIgZQpzZSByZWN1cGVyYXIgYW50ZXMgZGUKZW5mcmVudGFyIG8gdGVyY2Vpcm8gdGVzdGUuCkV1IHRhbWLDqW0gbmVjZXNzaXRvIGRlCnVtIHBlcXVlbm8gZGVzY2Fuc28uIFZvbHRlCmFxdWkgcXVhbmRvIGVzdGl2ZXIgcHJvbnRvLg==,,W0hlcm1vZF0KU2Vyw6EgbWVqb3IgcXVlIGRlc2NhbnNlcy4KcmVjdXBlcmF0ZSBiZWZvcmUgeW91CnVuZGVydGFrZSB0aGUgdGhpcmQgdGVzdC4KSSB0b28gd291bGQgYmVuZWZpdCBmcm9tClZ1ZWx2ZQrCoUjDoWJsYW1lIGN1YW5kbyBlc3TDqXMgcHJlcGFyYWRvIQ==
pi5EAw,,W0hlcm1vZF0KSWYgaXQgc3VpdHMgeW91ciBmYW5jeSwKeW91IG1heSBzaW1wbHkgY29tZSBoZXJlCmFuZCBqb2luIG1lIGZvciBhIGN1cCBvZiB0ZWEu,,,,,W0hlcm1vZF0KU2UgZm9yIGFsZ28gcXVlIGRlc2VqYXIsCnZvY8OqIHBvZGUgdmlyIGFxdWkgcGFyYSB0b21hcgp1bWEgeMOtY2FyYSBkZSBjaMOhIGNvbWlnby4=,,W0hlcm1vZF0KSWYgaXQgc3VpdHMgeW91ciBmYW5jeSwKeW91IG1heSBzaW1wbHkgY29tZSBoZXJlCmFuZCBqb2luIG1lIGZvciBhIGN1cCBvZiB0ZWEu
py5EAw,,W0hlcm1vZF0KWW91IHN0aWxsIGhhdmUgdGhlClNwaXJpdCBvZiBQZWFjZT8gSWYgeW91CmRvbid0IGhhdmUgYW55IFJvZ3VlcyBvcgpTdGFsa2VycyBpbiB5b3VyIGd1aWxkLCBub3cKd291bGQgYmUgdGhlIHRpbWUgdG8gcmVjcnVpdAp0aGVtLiBIZWVkIG15IGFkdmljZS4uLg==,,,,,W0hlcm1vZF0KVm9jw6ogYWluZGEgdGVtIG8KRXNww61yaXRvIGRhIFBhej8gU2Ugdm9jw6oKbsOjbyB0aXZlciBuZW5odW0gQXJydWFjZWlyb3Mgb3UKRGVzb3JkZWlyb3MgZW0gc3VhIGd1aWxkYSwgYWdvcmEKc2VyaWEgYSBob3JhIGRlIHJlY3J1dMOhLWxvcy4KTsOjbyBpZ25vcmUgbWV1IGNvbnNlbGhvLi4u,,W0hlcm1vZF0KQcO6biB0aWVuZXMKU2kKZG9uJ3QgaGF2ZSBhbnkgUm9ndWVzIG9yClN0YWxrZXJzIGluIHlvdXIgZ3VpbGQsIG5vdwp3b3VsZCBiZSB0aGUgdGltZSB0byByZWNydWl0CmNsYXJpZGFkLiA=
qC5EAw,,W0hlcm1vZF0KSSBzZWUgdGhhdCB5b3UndmUgY29tcGxldGVkCnRoZSBsYXN0IHRlc3QgYW5kIHJlY2VpdmVkCnRoZSBTcGlyaXQgb2YgVmljdG9yeS4gSGVoLgpWaWN0b3J5IGlzIHRoZSBuYXR1cmFsIHJlc3VsdAp3aGVuIHlvdXIgZ3VpbGQgd29ya3MgdG9nZXRoZXIKaW4gaGFybW9ueSBhcyBhIHVuaXRlZCB0ZWFtLg==,,,,,W0hlcm1vZF0KVmVqbyBxdWUgdm9jw6ogY29tcGxldG91Cm8gw7psdGltbyB0ZXN0ZSBlIHJlY2ViZXUKbyBFc3DDrXJpdG8gZGEgVml0w7NyaWEuIEhlaC4KQSB2aXTDs3JpYSDDqSB1bSByZXN1bHRhZG8gbmF0dXJhbApkbyB0cmFiYWxobyBjb25qdW50byBlbSBoYXJtb25pYSAKZGEgc3VhIGd1aWxkYSBjb21vIHVtYSBlcXVpcGUgdW5pZGEu,,W0hlcm1vZF0KSSBzZWUgdGhhdCB5b3UndmUgY29tcGxldGVkCnRoZSBsYXN0IHRlc3QgYW5kIHJlY2VpdmVkCkplLgpWaWN0b3J5IGlzIHRoZSBuYXR1cmFsIHJlc3VsdAp3aGVuIHlvdXIgZ3VpbGQgd29ya3MgdG9nZXRoZXIKaW4gaGFybW9ueSBhcyBhIHVuaXRlZCB0ZWFtLg==
qS5EAw,,W0hlcm1vZF0KQ29uZ3JhdHVsYXRpb25zIG9uCmNvbXBsZXRpbmcgYWxsIHRoZSB0cmlhbHMuClBsZWFzZSBhY2NlcHQgdGhpcyByZXdhcmQsCmdpdmVuIG9uIHRoZSBiZWhhbGYgb2YgS2luZwpUcmlzdGFuIElJSSwgYW5kIHNoYXJlIGl0IHdpdGgKZ3VpbGQuIE9uY2UgYWdhaW4sIGdvb2Qgd29yay4=,,,,,W0hlcm1vZF0KUGFyYWLDqW5zIHBvcgp0ZXIgY29uY2x1w61kbyB0b2RhcyBhcyBwcm92YcOnw7Vlcy4KQWNlaXRlIGVzdGEgcmVjb21wZW5zYSwKZGFkYSBlbSBub21lIGRvIFJlaQpUcmlzdGFuIElJSSwgZSBjb21wYXJ0aWxoZS1hIGNvbSBhCmd1aWxkYS4gTWFpcyB1bWEgdmV6LCBib20gdHJhYmFsaG8u,,W0hlcm1vZF0KRmVsaWNpdGFjaW9uZXMtCmNvbXBsZXRpbmcgYWxsIHRoZSB0cmlhbHMuClBsZWFzZSBhY2NlcHQgdGhpcyByZXdhcmQsCmdpdmVuIG9uIHRoZSBiZWhhbGYgb2YgS2luZwpUcmlzdGFuIElJSSwgYW5kIHNoYXJlIGl0IHdpdGgKZ3VpbGQuIE9uY2UgYWdhaW4sIGdvb2Qgd29yay4=
qi5EAw,,W0hlcm1vZF0KWW91IGFuZCB5b3VyIGd1aWxkIG11c3QgYmUKcXVpdGUgdGlyZWQgbm93LiBZb3VyIHJvb21zCmFyZSByZWFkeSBmb3IgeW91IGlmIHlvdSBkZWNpZGUKdG8gcmVzdC4gUGxlYXNlIHZpc2l0IG1lIGFnYWluCmlmIHlvdSB3aXNoIHRvIHRha2UgdGhlIHRyaWFscwphZ2Fpbi4gSSdsbCBzZWUgeW91IGxhdGVyLg==,,,,,W0hlcm1vZF0KVm9jw6ogZSBzdWEgZ3VpbGRhIGRldmVtIGVzdGFyCmJhc3RhbnRlIGNhbnNhZG9zLiBTZXVzIHF1YXJ0b3MKZXN0w6NvIHByb250b3MsIGNhc28gcXVlaXJhbQpkZXNjYW5zYXIuIFZvbHRlIGEgbWUgdmlzaXRhcgpzZSB2b2PDqiBxdWlzZXIgcmUtZmF6ZXIgYXMgcHJvdmHDp8O1ZXMuClZlam8gdm9jw6ogZW0gYnJldmUu,,W0hlcm1vZF0KWW91IGFuZCB5b3VyIGd1aWxkIG11c3QgYmUKcXVpdGUgdGlyZWQgbm93LiBZb3VyIHJvb21zCmFyZSByZWFkeSBmb3IgeW91IGlmIHlvdSBkZWNpZGUKwqFWdWVsdmUgYSB2aXNpdGFybWUhCmlmIHlvdSB3aXNoIHRvIHRha2UgdGhlIHRyaWFscwpkZSBudWV2by4gdGUgdmVyw6kgbcOhcyB0YXJkZS4=
qy5EAw,,W0hlcm1vZF0KSWYgeW91IGFyZW4ndCBwYXJ0aWN1bGFybHkKYnVzeSwgdGhlbiB3aHkgZG9uJ3QgeW91CnNwZW5kIHNvbWUgdGltZSB3aXRoIHlvdXIKZ3VpbGQgbWVtYmVycz8gQnVpbGRpbmcKc3Ryb25nIGNhbWFyYWRlcmllIG5ldmVyCmZhaWxzIHRvIHBheSBvZmYuIE5ldmVyLg==,,,,,W0hlcm1vZF0KU2Ugdm9jw6ogbsOjbyBlc3RpdmVyIG11aXRvIApvY3VwYWRvLCBwb3IgcXVlIHZvY8OqIG7Do28KcGFzc2EgdW0gdGVtcG8gY29tIG9zCm1lbWJyb3MgZGEgc3VhIGd1aWxkYT8gRGVzZW52b2x2ZXIKZWxvcyBkZSBhbWl6YWRlIHNlbXByZSAKdmFsZXLDoSBhIHBlbmEuIFNlbXByZS4=,,W0hlcm1vZF0KSWYgeW91IGFyZW4ndCBwYXJ0aWN1bGFybHkKYnVzeSwgdGhlbiB3aHkgZG9uJ3QgeW91CnNwZW5kIHNvbWUgdGltZSB3aXRoIHlvdXIKZ3VpbGQgbWVtYmVycz8gQnVpbGRpbmcKc3Ryb25nIGNhbWFyYWRlcmllIG5ldmVyCkphbcOhcy4=
rC5EAw,,W0hlcm1vZF0KR3JlZXRpbmdzLCBtYXN0ZXIuCkkgYW0gQnV6eiwgb25lIG9mIHRoZSBmb3VyCkdyZWF0IFNhZ2VzLCBhbmQgSSBhbSBoZXJlCnRvIHNlcnZlIHlvdSB1bmRlciB0aGUgb3JkZXJzCm9mIHdpc2UgYW5kIGJlbmV2b2xlbnQKS2luZyBUcmlzdGFuIElJSS4=,,,,,W0hlcm1vZF0KU2F1ZGHDp8O1ZXMsIG1lc3RyZS4KU291IG8gQnV6eiwgdW0gZG9zIHF1YXRybwpHcmFuZGVzIFPDoWJpb3MsIGUgZXN0b3UgYXF1aQpwYXJhIHNlcnZpLWxvIHNvYiBhcyBvcmRlbnMKZG8gc8OhYmlvIGUgYmVuZXZvbGVudGUKUmVpIFRyaXN0YW4gSUlJLg==,,W0hlcm1vZF0KR3JlZXRpbmdzLCBtYXN0ZXIuCkkgYW0gQnV6eiwgb25lIG9mIHRoZSBmb3VyCkdyZWF0IFNhZ2VzLCBhbmQgSSBhbSBoZXJlCnRvIHNlcnZlIHlvdSB1bmRlciB0aGUgb3JkZXJzCmVsIHNhYmlvIHkgYmVuw6l2b2xvCktpbmcgVHJpc3RhbiBJSUku
rS5EAw,,W0hlcm1vZF0KV2UgdGVzdCBndWlsZHMgdGhhdCBvd24Kc3Ryb25naG9sZHMsIGFuZCBzZWUgaWYgdGhleQphcmUgcXVhbGlmaWVkIHRvIGJlIGNvbnNpZGVyZWQKZWxpdGUgZ3VpbGRzLiBPdXIgZ29hbCBpcyB0bwp0cmFpbiBndWlsZHMgdG8gc3RyZW5ndGhlbgpvdXIgbWlsaXRhcnkgZm9yY2VzLg==,,,,,W0hlcm1vZF0KVGVzdGFtb3MgYXMgZ3VpbGRhcyBxdWUgcG9zc3VlbQpmb3J0YWxlemFzIHBhcmEgdmVyIHNlIHPDo28KcXVhbGlmaWNhZGFzIHBhcmEgc2VyZW0gY29uc2lkZXJhZGFzCmd1aWxkYXMgZGUgZWxpdGUuIE5vc3NvIG9iamV0aXZvIMOpCnRyZWluYXIgZ3VpbGRhcyBwYXJhIGZvcnRhbGVjZXIKbm9zc2FzIGZvcsOnYXMgbWlsaXRhcmVzLg==,,W0hlcm1vZF0KV2UgdGVzdCBndWlsZHMgdGhhdCBvd24Kc3Ryb25naG9sZHMsIGFuZCBzZWUgaWYgdGhleQphcmUgcXVhbGlmaWVkIHRvIGJlIGNvbnNpZGVyZWQKZWxpdGUgZ3VpbGRzLiBPdXIgZ29hbCBpcyB0bwp0cmFpbiBndWlsZHMgdG8gc3RyZW5ndGhlbgpvdXIgbWlsaXRhcnkgZm9yY2VzLg==
ri5EAw,,W0hlcm1vZF0KQWx0aG91Z2ggeW91ciBndWlsZCBoYXMgdGhlCnN0cmVuZ3RoIGFuZCBjb3VyYWdlIHRvIGNvbnF1ZXIKYSBzdHJvbmdob2xkLCB3ZSB3YW50IHlvdSB0bwpwcm92ZSB0aGF0IHlvdXIgZ3VpbGQgaGFzCmEgc3Ryb25nIHNlbnNlIG9mIGp1c3RpY2UsCmhvbm9yLCBhbmQgY29tcGFzc2lvbi4=,,,,,W0hlcm1vZF0KRW1ib3JhIHN1YSBndWlsZGEgdGVuaGEKZm9yw6dhIGUgY29yYWdlbSBwYXJhIGNvbnF1aXN0YXIKdW1hIGZvcnRhbGV6YSwgcXVlcmVtb3MgcXVlIHZvY8OqCnByb3ZlIHF1ZSBzdWEgZ3VpbGRhIHBvc3N1aQp1bSBmb3J0ZSBzZW5zbyBkZSBqdXN0acOnYSwKaG9ucmEgZSBjb21wYWl4w6NvLg==,,W0hlcm1vZF0KQWx0aG91Z2ggeW91ciBndWlsZCBoYXMgdGhlCnN0cmVuZ3RoIGFuZCBjb3VyYWdlIHRvIGNvbnF1ZXIKYSBzdHJvbmdob2xkLCB3ZSB3YW50IHlvdSB0bwpwcm92ZSB0aGF0IHlvdXIgZ3VpbGQgaGFzCmEgc3Ryb25nIHNlbnNlIG9mIGp1c3RpY2UsCmhvbm9yLCBhbmQgY29tcGFzc2lvbi4=
ry5EAw,,W0hlcm1vZF0KSXQgaXMgdXAgdG8geW91LiBXaWxsCnlvdSB0YWtlIHRoZSB0ZXN0IEkgaGF2ZQpmb3IgeW91PyBJIHdpbGwgZG8gbXkgYmVzdCB0bwpoZWxwIHlvdXIgZ3VpbGQgZ3JvdyBzdHJvbmdlcgpzbyB0aGF0IHlvdSB3aWxsIGJlIGJldHRlcgphYmxlIHRvIHByb3RlY3QgdGhlIHdlYWsu,,,,,W0hlcm1vZF0KRGVwZW5kZSBkZSB2b2PDqi4gR29zdGFyaWEKZGUgZmF6ZXIgbyB0ZXN0ZSBxdWUgcHJlcGFyZWkKcGFyYSB2b2PDqj8gRGFyZWkgbyBtZXUgbWVsaG9yIHBhcmEKYWp1ZGFyIHN1YSBndWlsZGEgYSBzZSBmb3J0YWxlY2VyCnBhcmEgcXVlIHZvY8OqIHNlamEgY2FwYXoKIGRlIHByb3RlZ2VyIG9zIGZyYWNvcy4=,,W0hlcm1vZF0Kwr9NZQp5b3UgdGFrZSB0aGUgdGVzdCBJIGhhdmUKdmVydGUuIEhhcsOpIG1pIG1heW9yIGVzZnVlcnpvCmhlbHAgeW91ciBndWlsZCBncm93IHN0cm9uZ2VyCnNvIHRoYXQgeW91IHdpbGwgYmUgYmV0dGVyCmFibGUgdG8gcHJvdGVjdCB0aGUgd2Vhay4=
sC5EAw,,SSB3YW50IHRvIHRha2UgdGhlIHRlc3Qu,,,,,UXVlcm8gZmF6ZXIgbyB0ZXN0ZS4=,,SSB3YW50IHRvIHRha2UgdGhlIHRlc3Qu
sS5EAw,,TGV0IG1lIHRoaW5rIGFib3V0IGl0Lg==,,,,,RGVpeGUtbWUgcGVuc2FyIHNvYnJlIGlzc28u,,TG8gcGVuc2Fyw6ku
si5EAw,,W0hlcm1vZF0KSXMgdGhhdCBzbz8gSW4gdGhpcyB0ZXN0LAp5b3Ugd2lsbCBiZSBnaXZlbiBvcmRlcnMKYW5kIHNwZWNpYWwgc3Bpcml0cy4gVGhlc2UKc3Bpcml0cyB3aWxsIG9ubHkgYmUgZ2l2ZW4Kb25jZTogeW91IG11c3Qgbm90IGxvc2UgdGhlbS4=,,,,,W0hlcm1vZF0KVGVtIGNlcnRlemE/IE5lc3RlIHRlc3RlLAp2b2PDqiByZWNlYmVyw6Egb3JkZW5zCmUgZXNww61yaXRvcyBlc3BlY2lhaXMuIEVzc2VzCmVzcMOtcml0b3Mgc8OzIHNlcsOjbyBkYWRvcwp1bWEgdmV6OiB2b2PDqiBuw6NvIHBvZGUgcGVyZMOqLWxvcy4=,,W0hlcm1vZF0Kwr9EZSB2ZXJkYWQ/IAp5b3Ugd2lsbCBiZSBnaXZlbiBvcmRlcnMKwqFFc3RhcwpzcGlyaXRzIHdpbGwgb25seSBiZSBnaXZlbgpvbmNlOiB5b3UgbXVzdCBub3QgbG9zZSB0aGVtLg==
sy5EAw,,W0hlcm1vZF0KSWYgeW91IGxvc2UgdGhlIHNwaXJpdCwKeW91IHdpbGwgYmUganVkZ2VkIGFzCmlycmVzcG9uc2libGUsIGFuZCB3aWxsIGJlCnVuYWJsZSB0byBjb21wbGV0ZSB0aGUgdGVzdHMuCllvdSBtdXN0IGZpbmQgYW55IGxvc3Qgc3Bpcml0IHRvXkZGRkZGRiAgXjAwMDAwMCBwcm9jZWVkLiBUaGVyZSdzIG5vIHNlY29uZCBjaGFuY2Uu,,,,,W0hlcm1vZF0KU2Ugdm9jw6ogcGVyZGVyIG8gZXNww61yaXRvLAp2b2PDqiBzZXLDoSBqdWxnYWRvIGNvbW8KaXJyZXNwb25zw6F2ZWwgZSBzZXLDoQppbmNhcGF6IGRlIGNvbmNsdWlyIG9zIHRlc3Rlcy4KVm9jw6ogZGV2ZSBlbmNvbnRyYXIgZXNww61yaXRvcyBwZXJkaWRvcyBwYXJhXkZGRkZGRiAgXjAwMDAwMCBwcm9zc2VndWlyLiBOw6NvIGjDoSBzZWd1bmRhIGNoYW5jZS4=,,W0hlcm1vZF0KSWYgeW91IGxvc2UgdGhlIHNwaXJpdCwKeW91IHdpbGwgYmUganVkZ2VkIGFzCmlycmVzcG9uc2libGUsIGFuZCB3aWxsIGJlCnVuYWJsZSB0byBjb21wbGV0ZSB0aGUgdGVzdHMuCllvdSBtdXN0IGZpbmQgYW55IGxvc3Qgc3Bpcml0IHRvXkZGRkZGRiAgXjAwMDAwMCBwcm9jZWVkLiBUaGVyZSdzIG5vIHNlY29uZCBjaGFuY2Uu
tC5EAw,,W0hlcm1vZF0KVGhlcmUgYXJlIGEgZmV3IHRoaW5ncyB5b3UKc2hvdWxkIGtub3cuIEZpcnN0bHksIHlvdSBjYW4Kb25seSB0YWtlIGNhcmUgb2Ygb25lIHNwaXJpdAphdCBhIHRpbWUuIFNlY29uZGx5LCB5b3UgbmVlZAp0byBkbyB0aGUgdGVzdHMgaW4gb3JkZXIgYW5kXkZGRkZGRiAgICAgIF4wMDAwMDAgZm9sbG93IHRoZSBndWlkZSdzIGluc3RydWN0aW9ucy4=,,,,,W0hlcm1vZF0KSMOhIGFsZ3VtYXMgY29pc2FzIHF1ZSB2b2PDqgpkZXZlIHNhYmVyLiBQcmltZWlyYSwgdm9jw6ogcG9kZQpsaWRhciBjb20gYXBlbmFzIHVtIGVzcMOtcml0bwpwb3IgdmV6LiBTZWd1bmRhLCB2b2PDqiBwcmVjaXNhCmZhemVyIG9zIHRlc3RlcyBlbSBvcmRlbSBlXkZGRkZGRiAgICAgIF4wMDAwMDAgc2VndWlyIGFzIGluc3RydcOnw7VlcyBkbyBndWlhLg==,,W0hlcm1vZF0KVGhlcmUgYXJlIGEgZmV3IHRoaW5ncyB5b3UKc2hvdWxkIGtub3cuIEZpcnN0bHksIHlvdSBjYW4Kb25seSB0YWtlIGNhcmUgb2Ygb25lIHNwaXJpdAphIGxhIHZlei4gCnRvIGRvIHRoZSB0ZXN0cyBpbiBvcmRlciBhbmReRkZGRkZGICAgICAgXjAwMDAwMCBmb2xsb3cgdGhlIGd1aWRlJ3MgaW5zdHJ1Y3Rpb25zLg==
tS5EAw,,W0hlcm1vZF0KVGhpcmRseSwgdGhlIHNwaXJpdCBzaG91bGQKYmUgZ2l2ZW4gdG8gdGhlIHR5cGUgb2YgcGVyc29uCnNwZWNpZmllZCBpbiB0aGUgdGVzdC4gVGhvc2UKYXJlIHRoZSBydWxlcy4gUmVtZW1iZXIgdGhlbS4=,,,,,W0hlcm1vZF0KVGVyY2VpcmEsIG8gZXNww61yaXRvIGRldmUKc2VyIGRhZG8gYW8gdGlwbyBkZSBwZXNzb2EKZXNwZWNpZmljYWRvIG5vIHRlc3RlLiBFc3Nhcwpzw6NvIGFzIHJlZ3Jhcy4gTGVtYnJlLXNlIGRlbGFzLg==,,W0hlcm1vZF0KVGhpcmRseSwgdGhlIHNwaXJpdCBzaG91bGQKYmUgZ2l2ZW4gdG8gdGhlIHR5cGUgb2YgcGVyc29uCmFxdWVsbG9zCmFyZSB0aGUgcnVsZXMuIFJlbWVtYmVyIHRoZW0u
ti5EAw,,W0hlcm1vZF0KT2theSwgdGhpcyBpcyB0aGUgZmlyc3QKc3Bpcml0IHRoYXQgd2lsbCBiZSBlbnRydXN0ZWQKdG8geW91LiBNYWtlIHN1cmUgdG8gZ2l2ZSB0aGlzCnRvIGEgS25pZ2h0IG9yIExvcmQgS25pZ2h0LgpUaGUgdGVzdCBoYXMgbm93IG9mZmljaWFsbHkKYmVndW4uIEdvb2QgbHVjayB0byB5b3Uu,,,,,W0hlcm1vZF0KT2ssIGVzdGUgw6kgbyBwcmltZWlybwplc3DDrXJpdG8gcXVlIHNlcsOhIGNvbmZpYWRvCmEgdm9jw6ouIENlcnRpZmlxdWUtc2UgZGUgZW50cmVnw6EtbG8KYSB1bSBDYXZhbGVpcm8gb3UgTG9yZGUuCk8gdGVzdGUgY29tZcOnb3Ugb2ZpY2lhbG1lbnRlLgpCb2Egc29ydGUgcGFyYSB2b2PDqnMu,,W0hlcm1vZF0KT2theSwgdGhpcyBpcyB0aGUgZmlyc3QKc3Bpcml0IHRoYXQgd2lsbCBiZSBlbnRydXN0ZWQKYXByZWNpYXMuIAp0byBhIEtuaWdodCBvciBMb3JkIEtuaWdodC4KVGhlIHRlc3QgaGFzIG5vdyBvZmZpY2lhbGx5CkJ1ZW5hIHN1ZXJ0ZS4=
ty5EAw,,W0hlcm1vZF0KSSBzdXBwb3NlIGl0IHdvdWxkIGJlCmEgZ29vZCBpZGVhIHRvIGRpc2N1c3MKdGhpcyB3aXRoIHlvdXIgZ3VpbGQgYmVmb3JlCnlvdSBkZWNpZGUgdG8gY29tbWl0IHRvCnRha2luZyB0aGUgdGVzdC4gRmVlbCBmcmVlCmZyZWUgdG8gdmlzaXQgbWUgYWdhaW4gbGF0ZXIu,,,,,W0hlcm1vZF0KQWNyZWRpdG8gcXVlIHNlcmlhCnVtYSBib2EgaWRlaWEgZGlzY3V0aXIKaXNzbyBjb20gc3VhIGd1aWxkYSBhbnRlcyBkZQpzZSBjb21wcm9tZXRlciBhCmZhemVyIG8gdGVzdGUuIEZpcXVlIMOgIHZvbnRhZGUKcGFyYSBtZSB2aXNpdGFyIG5vdmFtZW50ZS4=,,W0hlcm1vZF0KU3Vwb25nbyBxdWUgbm8gbWUKYSBnb29kIGlkZWEgdG8gZGlzY3Vzcwp0aGlzIHdpdGggeW91ciBndWlsZCBiZWZvcmUKeW91IGRlY2lkZSB0byBjb21taXQgdG8KTm8gZHVkZXMKZnJlZSB0byB2aXNpdCBtZSBhZ2FpbiBsYXRlci4=
uC5EAw,,W0hlcm1vZF0KSGVsbG8se30uClNvIHlvdSB3ZXJlIHRoZSBvbmUgY2hvc2VuCmJ5IHlvdXIgZ3VpbGQgbWFzdGVyPyBJIHNlZS4KWW91IHNob3VsZCBkZWxpdmVyIHRoYXQgU3Bpcml0Cm9mIEd1aWxkIG92ZXIgdG8gQXRpbGEuCkhlJ2xsIGluc3RydWN0IHlvdSBmdXJ0aGVyLg==,,,,,W0hlcm1vZF0KT2zDoSwge30uCkVudMOjbyB2b2PDqiBmb2kgbyBlc2NvbGhpZG8KcGVsbyBtZXN0cmUgZGUgc3VhIGd1aWxkYT8gRW50ZW5kby4KVm9jw6ogZGV2ZSBlbnRyZWdhciBlc3NlIEVzcMOtcml0bwpkYSBHdWlsZGEgcGFyYSBvIEF0aWxhLgpFbGUgbGhlIGRhcsOhIG1haXMgaW5zdHJ1w6fDtWVzLg==,,W0hlcm1vZF0KSG9sYSwge30uClNvIHlvdSB3ZXJlIHRoZSBvbmUgY2hvc2VuCllhIHZlby4KWW91IHNob3VsZCBkZWxpdmVyIHRoYXQgU3Bpcml0CmRlIGhlcm1hbmRhZCBhIEF0aWxhLgpIZSdsbCBpbnN0cnVjdCB5b3UgZnVydGhlci4=
uS5EAw,,W0hlcm1vZF0KVGhlIFNwaXJpdCBvZiBHdWlsZCBpcwp1c2VsZXNzIHVubGVzcyBpdCBpcyBpbiB0aGUKaGFuZHMgb2YgYSBLbmlnaHQgb3IgTG9yZApLbmlnaHQuIFlvdSBzaG91bGQgc3BlYWsKdG8gQXRpbGEgdG8gbGVhcm4gbW9yZS4=,,,,,W0hlcm1vZF0KTyBFc3DDrXJpdG8gZGEgR3VpbGRhIMOpCmluw7p0aWwsIGEgbWVub3MgcXVlIGVzdGVqYSBuYXMKbcOjb3MgZGUgdW0gQ2F2YWxlaXJvIG91IExvcmRlLgpWb2PDqiBwcmVjaXNhIGNvbnZlcnNhcgpjb20gQXRpbGEgcGFyYSBzYWJlciBtYWlzLg==,,W0hlcm1vZF0KVGhlIFNwaXJpdCBvZiBHdWlsZCBpcwp1c2VsZXNzIHVubGVzcyBpdCBpcyBpbiB0aGUKaGFuZHMgb2YgYSBLbmlnaHQgb3IgTG9yZApDYWJhbGxlcm8gCkF0aWxhIHNpIG5lY2VzaXRhcyBtw6FzIGluZm9ybWFjacOzbi4=
ui5EAw,,W0hlcm1vZF0KQWgse30KQ29uZ3JhdHVsYXRpb25zLiBJdCBsb29rcwpsaWtlIHlvdSBkaWQgYSBnb29kIGpvYi4KUGxlYXNlIGdpdmUgdGhlIFNwaXJpdCBvZgpDaGFyZ2UgdG8gdGhlIG5leHQgcGVyc29uCnRvIGNvbnRpbnVlIHRoZSB0ZXN0aW5nLg==,,,,,W0hlcm1vZF0KQWgsIHt9ClBhcmFiw6lucy4gUGFyZWNlIHF1ZQp2b2PDqiBmZXogdW0gw7N0aW1vIHRyYWJhbGhvLgpQb3IgZmF2b3IsIGTDqiBvIEVzcMOtcml0byBkbwpBdGFxdWUgcGFyYSBhIHByw7N4aW1hIHBlc3NvYQpwYXJhIGNvbnRpbnVhciBjb20gb3MgdGVzdGVzLg==,,W0hlcm1vZF0KQWgsCkZlbGljaWRhZGVzLiBwYXJlY2UgcXVlCsKhSGljaXN0ZSB1biBidWVuIHRyYWJham8hClBsZWFzZSBnaXZlIHRoZSBTcGlyaXQgb2YKQ2hhcmdlIHRvIHRoZSBuZXh0IHBlcnNvbgp0byBjb250aW51ZSB0aGUgdGVzdGluZy4=
uy5EAw,,W0hlcm1vZF0KQXRpbGEgc2hvdWxkIGhhdmUKZXhwbGFpbmVkIGV2ZXJ5dGhpbmcsIGJ1dAppZiB5b3UgZm9yZ290LCB0aGVuIHBsZWFzZQpnbyBhbmQgYXNrIGhpbSBhZ2Fpbi4=,,,,,W0hlcm1vZF0KQXRpbGEgZGV2ZXJpYSB0ZXIKZXhwbGljYWRvIHR1ZG8sIG1hcwpzZSB2b2PDqiBlc3F1ZWNldSwgCnBlcmd1bnRlIGEgZWxlIG5vdmFtZW50ZS4=,,W0hlcm1vZF0KRGUgc2VndXJvIHF1ZSBBdGlsYQpleHBsYWluZWQgZXZlcnl0aGluZywgYnV0CmlmIHlvdSBmb3Jnb3QsIHRoZW4gcGxlYXNlCmdvIGFuZCBhc2sgaGltIGFnYWluLg==
vC5EAw,,W0hlcm1vZF0KSGVsbG8se30uCkFoLCBJIHNlZSB0aGF0IHlvdSBoYXZlCnRoZSBTcGlyaXQgb2YgQ2hhcmdlLgpIZWggaGVoLCBpdCdzIGFsd2F5cyBleGNpdGluZwp0byBjaGFyZ2UgaW50byBiYXR0bGUsIGlzbid0Cml0PyBXZWxsIHRoZW4sIGRvIHlvdXIgYmVzdC4=,,,,,W0hlcm1vZF0KT2zDoSwge30uCkFoLCBlc3RvdSB2ZW5kbyBxdWUgdm9jw6ogdGVtCm8gRXNww61yaXRvIGRvIEF0YXF1ZS4KSGVoIGhlaCwgw6kgc2VtcHJlIGVtcG9sZ2FudGUKZW50cmFyIGF0YWNhbmRvLCBuw6NvIMOpPwpFbnTDo28sIGTDqiBvIHNldSBtZWxob3Iu,,W0hlcm1vZF0KSG9sYSwge30uClZlbyBxdWUgcmVjaWJpc3RlCnRoZSBTcGlyaXQgb2YgQ2hhcmdlLgpIZWggaGVoLCBpdCdzIGFsd2F5cyBleGNpdGluZwp0byBjaGFyZ2UgaW50byBiYXR0bGUsIGlzbid0CsK/bm8gbG8gY3JlZXM/IA==
vS5EAw,,W0hlcm1vZF0KVGhhdCBzcGlyaXQgd29uJ3QgYmUgdmVyeQp1c2VmdWwgaWYgaXQncyBub3QgaW4gdGhlCmhhbmRzIG9mIHRoZSByaWdodCBwZXJzb24uCkF0aWxhIGtub3dzIG1vcmUgYWJvdXQgdGhlClNwaXJpdCBvZiBDaGFyZ2UsIHNvIHlvdSBzaG91bGQKYXNrIGhpbSBtb3JlIGFib3V0IHRoYXQgc3Bpcml0Lg==,,,,,W0hlcm1vZF0KRXNzZSBlc3DDrXJpdG8gc2Vyw6EgaW7DunRpbApzZSBuw6NvIGVzdGl2ZXIgbmFzCm3Do29zIGRhIHBlc3NvYSBjZXJ0YS4KQXRpbGEgc2FiZSBtYWlzIHNvYnJlIG8KRXNww61yaXRvIGRvIEF0YXF1ZSwgZW50w6NvLCB2b2PDqiBkZXZlCnBlcmd1bnRhciBhIGVsZSBtYWlzIHNvYnJlIGVzc2UgZXNww61yaXRvLg==,,W0hlcm1vZF0KVGhhdCBzcGlyaXQgd29uJ3QgYmUgdmVyeQp1c2VmdWwgaWYgaXQncyBub3QgaW4gdGhlCmhhbmRzIG9mIHRoZSByaWdodCBwZXJzb24uCkF0aWxhIHRlIHB1ZWRlIGRlY2lyIG3DoXMgc29icmUKU3Bpcml0IG9mIENoYXJnZSwgc28geW91IHNob3VsZAphc2sgaGltIG1vcmUgYWJvdXQgdGhhdCBzcGlyaXQu
vi5EAw,,W0hlcm1vZF0KSGVsbG8se30uCkkgY29tbWVuZCB5b3Ugb24geW91ciB3b3JrLgpQbGVhc2UgZ2l2ZSB0aGF0IHNwaXJpdCB0bwp0aGUgbmV4dCBwZXJzb24gc28gdGhhdCB0aGUKdGVzdGluZyBjYW4gY29udGludWUu,,,,,W0hlcm1vZF0KT2zDoSwge30uCkV1IG8gcGFyYWJlbml6byBwb3Igc2V1IHRyYWJhbGhvLgpQb3IgZmF2b3IsIHBhc3NlIGVzc2UgZXNww61yaXRvIHBhcmEKYSBwcsOzeGltYSBwZXNzb2EgcGFyYSBxdWUgb3MKdGVzdGVzIHBvc3NhbSBjb250aW51YXIu,,W0hlcm1vZF0KSG9sYSwge30uCkkgY29tbWVuZCB5b3Ugb24geW91ciB3b3JrLgpQbGVhc2UgZ2l2ZSB0aGF0IHNwaXJpdCB0bwp0aGUgbmV4dCBwZXJzb24gc28gdGhhdCB0aGUKdGVzdGluZyBjYW4gY29udGludWUu
vy5EAw,,W0hlcm1vZF0KSGVsbG8sIHt9LgpJIHNlZSB0aGF0IHlvdSBwb3Nlc3MKdGhlIFNwaXJpdCBvZiBBc3NvY2lhdGlvbi4KR29vZCBsdWNrIHdpdGggeW91ciB0ZXN0Lg==,,,,,W0hlcm1vZF0KT2zDoSwge30uClZlam8gcXVlIHZvY8OqIHBvc3N1aQpvIEVzcMOtcml0byBkYSBBc3NvY2lhw6fDo28uCkJvYSBzb3J0ZSBlbSBzZXUgdGVzdGUu,,W0hlcm1vZF0KSG9sYSwge30uCkkgc2VlIHRoYXQgeW91IHBvc2Vzcwp0aGUgU3Bpcml0IG9mIEFzc29jaWF0aW9uLgpHb29kIGx1Y2sgd2l0aCB5b3VyIHRlc3Qu
wC5EAw,,W0hlcm1vZF0KVGhhdCBzcGlyaXQgd29uJ3QgYmUgdmVyeQp1c2VmdWwgaWYgaXQncyBub3QgaW4gdGhlCmhhbmRzIG9mIHRoZSByaWdodCBwZXJzb24uClRhbGsgdG8gQXRpbGEgaWYgeW91IHdhbnQKdG8ga25vdyBtb3JlIGFib3V0IHRoZQpTcGlyaXQgb2YgQXNzb2NpYXRpb24u,,,,,W0hlcm1vZF0KRXNzZSBlc3DDrXJpdG8gc2Vyw6EgaW7DunRpbApzZSBuw6NvIGVzdGl2ZXIgbmFzCm3Do29zIGRhIHBlc3NvYSBjZXJ0YS4KRmFsZSBjb20gQXRpbGEgc2Ugdm9jw6ogcXVpc2VyCnNhYmVyIG1haXMgc29icmUgbwpFc3DDrXJpdG8gZGEgQXNzb2NpYcOnw6NvLg==,,W0hlcm1vZF0KVGhhdCBzcGlyaXQgd29uJ3QgYmUgdmVyeQp1c2VmdWwgaWYgaXQncyBub3QgaW4gdGhlCmhhbmRzIG9mIHRoZSByaWdodCBwZXJzb24uCkhhYmxhIGNvbiBBdGlsYSBzaSBuZWNlc2l0YXMKdGlwbyBzYWJlIG3DoXMgc29icmUgbGEKU3Bpcml0IG9mIEFzc29jaWF0aW9uLg==
wS5EAw,,W0hlcm1vZF0KSGVsbG8sIHt9LgpJIHNlZSB0aGF0IHlvdSBwb3Nlc3MKdGhlIFNwaXJpdCBvZiBDb29yZGluYXRpb24uCkdvb2QgbHVjayBvbiB5b3VyIHRlc3Qu,,,,,W0hlcm1vZF0KT2zDoSwge30uClZlam8gcXVlIHZvY8OqIHBvc3N1aQpvIEVzcMOtcml0byBkYSBDb29yZGVuYcOnw6NvLgpCb2Egc29ydGUgZW0gc2V1IHRlc3RlLg==,,W0hlcm1vZF0KSG9sYSwge30uCkkgc2VlIHRoYXQgeW91IHBvc2Vzcwp0aGUgU3Bpcml0IG9mIENvb3JkaW5hdGlvbi4KR29vZCBsdWNrIG9uIHlvdXIgdGVzdC4=
wi5EAw,,W0hlcm1vZF0KVGhhdCBzcGlyaXQgd29uJ3QgYmUgdmVyeQp1c2VmdWwgaWYgaXQncyBub3QgaW4gdGhlCmhhbmRzIG9mIHRoZSByaWdodCBwZXJzb24uCkF0aWxhIGtub3dzIG1vcmUgYWJvdXQKdGhlIFNwaXJpdCBvZiBDb29yZGluYXRpb24Kc28geW91IHNob3VsZCBjb25zdWx0IGhpbS4=,,,,,W0hlcm1vZF0KRXNzZSBlc3DDrXJpdG8gc2Vyw6EgaW7DunRpbApzZSBuw6NvIGVzdGl2ZXIgbmFzCm3Do29zIGRhIHBlc3NvYSBjZXJ0YS4KQXRpbGEgc2FiZSBtYWlzIHNvYnJlCm8gRXNww61yaXRvIGRhIENvb3JkZW5hw6fDo28KZW50w6NvLCB2b2PDqiBkZXZlIGNvbnN1bHTDoS1sby4=,,W0hlcm1vZF0KVGhhdCBzcGlyaXQgd29uJ3QgYmUgdmVyeQp1c2VmdWwgaWYgaXQncyBub3QgaW4gdGhlCmhhbmRzIG9mIHRoZSByaWdodCBwZXJzb24uCkF0aWxhIHRlIHB1ZWRlIGRlY2lyIG3DoXMgc29icmUKdGhlIFNwaXJpdCBvZiBDb29yZGluYXRpb24Kc28geW91IHNob3VsZCBjb25zdWx0IGhpbS4=
wy5EAw,,W0hlcm1vZF0KSGVsbG8sIHt9LgpDb25ncmF0dWxhdGlvbnMsIGl0IGxvb2tzCmxpa2UgeW91IGZpbmlzaGVkIHRoZSB0ZXN0LgpZb3UgbWF5IG5vdyBnaXZlIHRoZSBTcGlyaXQgb2YKQWR2YW5jZSB0byB5b3VyIGd1aWxkIG1hc3Rlci4=,,,,,W0hlcm1vZF0KT2zDoSwge30uClBhcmFiw6lucywgcGFyZWNlIApxdWUgdm9jw6ogdGVybWlub3UgbyB0ZXN0ZS4KQWdvcmEgdm9jw6ogcG9kZSBkYXIgbyBFc3DDrXJpdG8gZG8KQXZhbsOnbyBwYXJhIG8gbWVzdHJlIGRhIHN1YSBndWlsZGEu,,W0hlcm1vZF0KSG9sYSwge30uCkNvbmdyYXR1bGF0aW9ucywgaXQgbG9va3MKbGlrZSB5b3UgZmluaXNoZWQgdGhlIHRlc3QuCllvdSBtYXkgbm93IGdpdmUgdGhlIFNwaXJpdCBvZgpBZHZhbmNlIHRvIHlvdXIgZ3VpbGQgbWFzdGVyLg==
xC5EAw,,W0hlcm1vZF0KVGhhdCBzcGlyaXQgd29uJ3QgYmUgdmVyeQp1c2VmdWwgaWYgaXQncyBub3QgaW4gdGhlCmhhbmRzIG9mIHRoZSByaWdodCBwZXJzb24uCkF0aWxhIGtub3dzIG1vcmUgYWJvdXQKdGhlIFNwaXJpdCBvZiBBZHZhbmNlIHNvCnlvdSBzaG91bGQgY29uc3VsdCBoaW0u,,,,,W0hlcm1vZF0KRXNzZSBlc3DDrXJpdG8gc2Vyw6EgaW7DunRpbApzZSBuw6NvIGVzdGl2ZXIgbmFzCm3Do29zIGRhIHBlc3NvYSBjZXJ0YS4KQXRpbGEgc2FiZSBtYWlzIHNvYnJlCm8gRXNww61yaXRvIGRvIEF2YW7Dp28sIGVudMOjbwp2b2PDqiBkZXZlIGNvbnN1bHTDoS1sby4=,,W0hlcm1vZF0KVGhhdCBzcGlyaXQgd29uJ3QgYmUgdmVyeQp1c2VmdWwgaWYgaXQncyBub3QgaW4gdGhlCmhhbmRzIG9mIHRoZSByaWdodCBwZXJzb24uCkF0aWxhIHRlIHB1ZWRlIGRlY2lyIG3DoXMgc29icmUKdGhlIFNwaXJpdCBvZiBBZHZhbmNlIHNvCnlvdSBzaG91bGQgY29uc3VsdCBoaW0u
xS5EAw,,W0hlcm1vZF0KSGVsbG8sIHt9LgpJIHNlZSB0aGF0IHlvdSBwb3NzZXNzCnRoZSBTcGlyaXQgb2YgVHJ1c3QuCkdvb2QgbHVjaywgYW5kIGRvIG5vdApmYWlsIHRoZSB0cnVzdCBwbGFjZWQgaW4KeW91IGJ5IHlvdXIgZ3VpbGQu,,,,,W0hlcm1vZF0KT2zDoSwge30uClZlam8gcXVlIHZvY8OqIHBvc3N1aQpvIEVzcMOtcml0byBkYSBDb25maWFuw6dhLgpCb2Egc29ydGUgZSBuw6NvIGRlc3BlcmRpY2UKYSBjb25maWFuw6dhIGRlcG9zaXRhZGEgZW0Kdm9jw6ogcG9yIHN1YSBndWlsZGEu,,W0hlcm1vZF0KSG9sYSwge30uCkkgc2VlIHRoYXQgeW91IHBvc3Nlc3MKdGhlIFNwaXJpdCBvZiBUcnVzdC4KR29vZCBsdWNrLCBhbmQgZG8gbm90CmZhaWwgdGhlIHRydXN0IHBsYWNlZCBpbgp5b3UgYnkgeW91ciBndWlsZC4=
xi5EAw,,W0hlcm1vZF0KVGhhdCBzcGlyaXQgd29uJ3QgYmUgdmVyeQp1c2VmdWwgaWYgaXQncyBub3QgaW4gdGhlCmhhbmRzIG9mIHRoZSByaWdodCBwZXJzb24uCkNlY2lsIGtub3dzIG1vcmUgYWJvdXQKdGhlIFNwaXJpdCBvZiBUcnVzdCBzbyB5b3UKc2hvdWxkIGNvbnN1bHQgaGltLg==,,,,,W0hlcm1vZF0KRXNzZSBlc3DDrXJpdG8gc2Vyw6EgaW7DunRpbApzZSBuw6NvIGVzdGl2ZXIgbmFzCm3Do29zIGRhIHBlc3NvYSBjZXJ0YS4KQ2VjaWwgc2FiZSBtYWlzIHNvYnJlCm8gRXNww61yaXRvIGRhIENvbmZpYW7Dp2EsIGVudMOjbywgdm9jw6oKZGV2ZSBjb25zdWx0w6EtbG8u,,W0hlcm1vZF0KVGhhdCBzcGlyaXQgd29uJ3QgYmUgdmVyeQp1c2VmdWwgaWYgaXQncyBub3QgaW4gdGhlCmhhbmRzIG9mIHRoZSByaWdodCBwZXJzb24uCkNlY2lsIHRlIHB1ZWRlIGRlY2lyIG3DoXMKdGhlIFNwaXJpdCBvZiBUcnVzdCBzbyB5b3UKc2hvdWxkIGNvbnN1bHQgaGltLg==
xy5EAw,,W0hlcm1vZF0KSWYgeW91IGRvbid0IHJlbWVtYmVyCkNlY2lsJ3MgZXhwbGFuYXRpb24sCnRoZW4geW91IG1pZ2h0IHdhbnQgdG8KZ28gYmFjayB0byBoaW0gYW5kIGFzawpoaW0gdG8gdGVsbCB5b3UgYWdhaW4u,,,,,W0hlcm1vZF0KU2Ugdm9jw6ogbsOjbyBzZSBsZW1icmEKZXhwbGljYcOnw6NvIGRlIENlY2lsLAplbnTDo28gdGFsdmV6IHZvY8OqIHF1ZWlyYQppciBhdMOpIGVsZSBlIHBlZGlyCnBhcmEgZWxlIGNvbnRhciBub3ZhbWVudGUu,,W0hlcm1vZF0KSWYgeW91IGRvbid0IHJlbWVtYmVyCmxhIGV4cGxpY2FjacOzbiBkZSBDZWNpbCwKdGhlbiB5b3UgbWlnaHQgd2FudCB0bwpnbyBiYWNrIHRvIGhpbSBhbmQgYXNrCmhpbSB0byB0ZWxsIHlvdSBhZ2Fpbi4=
yC5EAw,,W0hlcm1vZF0KQWgsIHt9LApJIHNlZSB0aGF0IHlvdSBoYXZlIHRoZQpTcGlyaXQgb2YgVW5pb24uIEFsd2F5cyBrZWVwCmluIG1pbmQgdGhhdCB0aGUgc3RyZW5ndGggb2YKeW91ciBndWlsZCBpcyBkaXJlY3RseQpyZWxhdGVkIHRvIGl0cyB1bml0eS4=,,,,,W0hlcm1vZF0KQWgsIHt9LAp2ZWpvIHF1ZSB2b2PDqiB0ZW0gbwpFc3DDrXJpdG8gZGEgVW5pw6NvLiBUZW5oYSBzZW1wcmUKZW0gbWVudGUgcXVlIGEgZm9yw6dhIGRlCnN1YSBndWlsZGEgZXN0w6EgZGlyZXRhbWVudGUKcmVsYWNpb25hZGEgw6Agc3VhIHVuacOjby4=,,W0hlcm1vZF0KQWgsIHt9LgpWZW8gcXVlIHJlY2liaXN0ZQpTcGlyaXQgb2YgVW5pb24uIEFsd2F5cyBrZWVwCmluIG1pbmQgdGhhdCB0aGUgc3RyZW5ndGggb2YKeW91ciBndWlsZCBpcyBkaXJlY3RseQpyZWxhdGVkIHRvIGl0cyB1bml0eS4=
yS5EAw,,W0hlcm1vZF0KVGhhdCBzcGlyaXQgd29uJ3QgYmUgdmVyeQp1c2VmdWwgaWYgaXQncyBub3QgaW4gdGhlCmhhbmRzIG9mIHRoZSByaWdodCBwZXJzb24uCkNlY2lsIGtub3dzIG1vcmUgYWJvdXQKdGhlIFNwaXJpdCBvZiBVbmlvbiBzbyB5b3UKc2hvdWxkIGNvbnN1bHQgaGltLg==,,,,,W0hlcm1vZF0KRXNzZSBlc3DDrXJpdG8gc2Vyw6EgaW7DunRpbApzZSBuw6NvIGVzdGl2ZXIgbmFzCm3Do29zIGRhIHBlc3NvYSBjZXJ0YS4KQ2VjaWwgc2FiZSBtYWlzIHNvYnJlCm8gRXNww61yaXRvIGRhIFVuacOjbywgZW50w6NvLCB2b2PDqgpkZXZlIGNvbnN1bHTDoS1sby4=,,W0hlcm1vZF0KVGhhdCBzcGlyaXQgd29uJ3QgYmUgdmVyeQp1c2VmdWwgaWYgaXQncyBub3QgaW4gdGhlCmhhbmRzIG9mIHRoZSByaWdodCBwZXJzb24uCkNlY2lsIHRlIHB1ZWRlIGRlY2lyIG3DoXMKdGhlIFNwaXJpdCBvZiBVbmlvbiBzbyB5b3UKc2hvdWxkIGNvbnN1bHQgaGltLg==
yi5EAw,,W0hlcm1vZF0KQWgsIHt9LApJIHNlZSB0aGF0IHlvdSBoYXZlIHRoZSBTcGlyaXQKb2YgQ29tYmluYXRpb24uIFJlbWVtYmVyIHRoYXQKd29ya2luZyBpbiB0YW5kZW0sIGNvbWJpbmluZwp5b3VyIGd1aWxkJ3Mgc2tpbGxzIGFuZCB0YWxlbnRzLF5GRkZGRkYgIF4wMDAwMDAgd2lsbCByZWFsaXplIHlvdXIgdHJ1ZSBwb3RlbnRpYWwu,,,,,W0hlcm1vZF0KQWgsIHt9LAp2ZWpvIHF1ZSB2b2PDqiB0ZW0gbyBFc3DDrXJpdG8KZGEgQ29tYmluYcOnw6NvLiBMZW1icmUtc2UgcXVlCnRyYWJhbGhhbmRvIGVtIGNvbmp1bnRvLCBjb21iaW5hbmRvCmFzIGhhYmlsaWRhZGVzIGUgb3MgdGFsZW50b3MgZGUgc3VhIGd1aWxkYSxeRkZGRkZGICBeMDAwMDAwIHJlYWxpemFyw6Egc2V1IHZlcmRhZGVpcm8gcG90ZW5jaWFsLg==,,W0hlcm1vZF0KQWgsIHt9LgpWZW8gcXVlIHJlY2liaXN0ZQpSZWN1w6lyZGFsby4Kd29ya2luZyBpbiB0YW5kZW0sIGNvbWJpbmluZwp5b3VyIGd1aWxkJ3Mgc2tpbGxzIGFuZCB0YWxlbnRzLF5GRkZGRkYgIF4wMDAwMDAgd2lsbCByZWFsaXplIHlvdXIgdHJ1ZSBwb3RlbnRpYWwu
yy5EAw,,W0hlcm1vZF0KVGhhdCBzcGlyaXQgd29uJ3QgYmUgdmVyeQp1c2VmdWwgaWYgaXQncyBub3QgaW4gdGhlCmhhbmRzIG9mIHRoZSByaWdodCBwZXJzb24uCkNlY2lsIGtub3dzIG1vcmUgYWJvdXQKdGhlIFNwaXJpdCBvZiBDb21iaW5hdGlvbgpzbyB5b3Ugc2hvdWxkIGNvbnN1bHQgaGltLg==,,,,,W0hlcm1vZF0KRXNzZSBlc3DDrXJpdG8gc2Vyw6EgaW7DunRpbApzZSBuw6NvIGVzdGl2ZXIgbmFzCm3Do29zIGRhIHBlc3NvYSBjZXJ0YS4KQ2VjaWwgc2FiZSBtYWlzIHNvYnJlCm8gRXNww61yaXRvIGRhIENvbWJpbmHDp8OjbywKZW50w6NvLCB2b2PDqiBkZXZlIGNvbnN1bHTDoS1sby4=,,W0hlcm1vZF0KVGhhdCBzcGlyaXQgd29uJ3QgYmUgdmVyeQp1c2VmdWwgaWYgaXQncyBub3QgaW4gdGhlCmhhbmRzIG9mIHRoZSByaWdodCBwZXJzb24uCkNlY2lsIHRlIHB1ZWRlIGRlY2lyIG3DoXMKdGhlIFNwaXJpdCBvZiBDb21iaW5hdGlvbgpzbyB5b3Ugc2hvdWxkIGNvbnN1bHQgaGltLg==
zC5EAw,,W0hlcm1vZF0KR3JlZXRpbmdzLCB7fSwKZGlkIHlvdSByZXN0IHdlbGw/IFBsZWFzZQpnaXZlIHRoYXQgc3Bpcml0IHRvIHRoZSBuZXh0CnBlcnNvbiBzbyB0aGF0IHRoZSB0ZXN0aW5nCm9mIHlvdXIgZ3VpbGQgbWF5IGNvbnRpbnVlLg==,,,,,W0hlcm1vZF0KU2F1ZGHDp8O1ZXMsIHt9LAp2b2PDqiBkZXNjYW5zb3UgYmVtPyBQb3IgZmF2b3IKZMOqIGVzc2UgZXNww61yaXRvIHBhcmEgYSBwcsOzeGltYQpwZXNzb2EgcGFyYSBxdWUgb3MgdGVzdGVzCmRhIHN1YSBndWlsZGEgcG9zc2FtIGNvbnRpbnVhci4=,,W0hlcm1vZF0KU2FsdWRvcywge30uCnRyb3RhbXVuZG9zLCDCv2Rlc2NhbnNhc3RlIGJpZW4/IFBvciBmYXZvciwKZ2l2ZSB0aGF0IHNwaXJpdCB0byB0aGUgbmV4dApwZXJzb24gc28gdGhhdCB0aGUgdGVzdGluZwpvZiB5b3VyIGd1aWxkIG1heSBjb250aW51ZS4=
zS5EAw,,W0hlcm1vZF0KSGVsbG8sIHt9LApJIHNlZSB0aGF0IHlvdSd2ZSBiZWVuCmVudHJ1c3RlZCB3aXRoIHRoZSBTcGlyaXQKb2YgU29saWRhcml0eS4gRG8geW91ciBiZXN0Cm9uIHRoaXMgdGVzdCBmb3IgdGhlIHNha2UKb2YgeW91ciBndWlsZCwgYWxyaWdodD8=,,,,,W0hlcm1vZF0KT2zDoSwge30sCnZlam8gcXVlIGxoZSBmb2kKY29uZmlhZG8gbyBFc3DDrXJpdG8KZGEgU29saWRhcmllZGFkZS4gRMOqIG8gc2V1IG1lbGhvcgpuZXNzZSB0ZXN0ZSBwYXJhIG8gYmVtCmRhIHN1YSBndWlsZGEsIGNlcnRvPw==,,W0hlcm1vZF0KSG9sYSwge30uCkkgc2VlIHRoYXQgeW91J3ZlIGJlZW4KZW50cnVzdGVkIHdpdGggdGhlIFNwaXJpdApIYXogdHUgbWVqb3IgZXNmdWVyem8uCm9uIHRoaXMgdGVzdCBmb3IgdGhlIHNha2UKb2YgeW91ciBndWlsZCwgYWxyaWdodD8=
zi5EAw,,W0hlcm1vZF0KVGhhdCBzcGlyaXQgd29uJ3QgYmUgdmVyeQp1c2VmdWwgaWYgaXQncyBub3QgaW4gdGhlCmhhbmRzIG9mIHRoZSByaWdodCBwZXJzb24uCkNlY2lsIGtub3dzIG1vcmUgYWJvdXQKdGhlIFNwaXJpdCBvZiBTb2xpZGFyaXR5IHNvCnlvdSBzaG91bGQgY29uc3VsdCBoaW0u,,,,,W0hlcm1vZF0KRXNzZSBlc3DDrXJpdG8gc2Vyw6EgaW7DunRpbApzZSBuw6NvIGVzdGl2ZXIgbmFzCm3Do29zIGRhIHBlc3NvYSBjZXJ0YS4KQ2VjaWwgc2FiZSBtYWlzIHNvYnJlCm8gRXNww61yaXRvIGRhIFNvbGlkYXJpZWRhZGUsIGVudMOjbywgCnZvY8OqIGRldmUgY29uc3VsdMOhLWxvLg==,,W0hlcm1vZF0KVGhhdCBzcGlyaXQgd29uJ3QgYmUgdmVyeQp1c2VmdWwgaWYgaXQncyBub3QgaW4gdGhlCmhhbmRzIG9mIHRoZSByaWdodCBwZXJzb24uCkNlY2lsIHRlIHB1ZWRlIGRlY2lyIG3DoXMKdGhlIFNwaXJpdCBvZiBTb2xpZGFyaXR5IHNvCnlvdSBzaG91bGQgY29uc3VsdCBoaW0u
zy5EAw,,W0hlcm1vZF0KQWgsIHt9LApjb25ncmF0dWxhdGlvbnMgb24gYSBqb2IKd2VsbCBkb25lLiBQbGVhc2UgZ2l2ZSB0aGUKU3Bpcml0IG9mIEZyaWVuZHNoaXAgdG8geW91cgpndWlsZCBtYXN0ZXIgdG8gY29udGludWUKdGhlIGd1aWxkIHRlc3Rpbmcu,,,,,W0hlcm1vZF0KQWgsIHt9LApwYXJhYsOpbnMgcGVsbyDDs3RpbW8gdHJhYmFsaG8KZmVpdG8uIFBvciBmYXZvciwgZMOqIG8KRXNww61yaXRvIGRhIEFtaXphZGUgYW8gc2V1Cm1lc3RyZSBkYSBndWlsZGEgcGFyYSBjb250aW51YXIKb3MgdGVzdGVzIGRhIGd1aWxkYS4=,,W0hlcm1vZF0KQWgsIHt9Lgpjb25ncmF0dWxhdGlvbnMgb24gYSBqb2IKYmllbiBoZWNoby4gClNwaXJpdCBvZiBGcmllbmRzaGlwIHRvIHlvdXIKZ3VpbGQgbWFzdGVyIHRvIGNvbnRpbnVlCnRoZSBndWlsZCB0ZXN0aW5nLg==
0C5EAw,,W0hlcm1vZF0KVGhhdCBzcGlyaXQgd29uJ3QgYmUgdmVyeQp1c2VmdWwgaWYgaXQncyBub3QgaW4gdGhlCmhhbmRzIG9mIHRoZSByaWdodCBwZXJzb24uCkNlY2lsIGtub3dzIG1vcmUgYWJvdXQKdGhlIFNwaXJpdCBvZiBGcmllbmRzaGlwIHNvCnlvdSBzaG91bGQgY29uc3VsdCBoaW0u,,,,,W0hlcm1vZF0KRXNzZSBlc3DDrXJpdG8gc2Vyw6EgaW7DunRpbApzZSBuw6NvIGVzdGl2ZXIgbmFzCm3Do29zIGRhIHBlc3NvYSBjZXJ0YS4KQ2VjaWwgc2FiZSBtYWlzIHNvYnJlCm8gRXNww61yaXRvIGRhIEFtaXphZGUsIGVudMOjbywgCnZvY8OqIGRldmUgY29uc3VsdMOhLWxvLg==,,W0hlcm1vZF0KVGhhdCBzcGlyaXQgd29uJ3QgYmUgdmVyeQp1c2VmdWwgaWYgaXQncyBub3QgaW4gdGhlCmhhbmRzIG9mIHRoZSByaWdodCBwZXJzb24uCkNlY2lsIHRlIHB1ZWRlIGRlY2lyIG3DoXMKdGhlIFNwaXJpdCBvZiBGcmllbmRzaGlwIHNvCnlvdSBzaG91bGQgY29uc3VsdCBoaW0u
0S5EAw,,W0hlcm1vZF0KQWgsIHt9LApJIHNlZSB0aGF0IHlvdSBoYXZlIHRoZQpTcGlyaXQgb2YgUGVhY2UuIFBsZWFzZQpkbyB5b3VyIGJlc3QgZm9yIHRoZSBzYWtlCm9mIHRoZSBndWlsZCwgdGhvdWdoIEkgZG8gbm90CmRvdWJ0IHlvdSdsbCBwYXNzIHRoaXMgdGVzdC4=,,,,,W0hlcm1vZF0KQWgsIHt9LAp2ZWpvIHF1ZSB2b2PDqiB0ZW0gbwpFc3DDrXJpdG8gZGEgUGF6LiBQb3IgZmF2b3IKZMOqIHNldSBtZWxob3IgcGFyYSBvIGJlbQpkYSBndWlsZGEsIGVtYm9yYSBldSBuw6NvCmR1dmlkbyBxdWUgdm9jw6ogcGFzc2Fyw6EgbmVzc2UgdGVzdGUu,,W0hlcm1vZF0KQWgsIHt9LgpWZW8gcXVlIHJlY2liaXN0ZQpQb3IgZmF2b3IsCmRvIHlvdXIgYmVzdCBmb3IgdGhlIHNha2UKb2YgdGhlIGd1aWxkLCB0aG91Z2ggSSBkbyBub3QKZG91YnQgeW91J2xsIHBhc3MgdGhpcyB0ZXN0Lg==
0i5EAw,,W0hlcm1vZF0KVGhhdCBzcGlyaXQgd29uJ3QgYmUgdmVyeQp1c2VmdWwgaWYgaXQncyBub3QgaW4gdGhlCmhhbmRzIG9mIHRoZSByaWdodCBwZXJzb24uCkRpbGlnbyBrbm93cyBtb3JlIGFib3V0CnRoZSBTcGlyaXQgb2YgUGVhY2Ugc28geW91CnNob3VsZCBjb25zdWx0IGhpbS4=,,,,,W0hlcm1vZF0KRXNzZSBlc3DDrXJpdG8gc2Vyw6EgaW7DunRpbApzZSBuw6NvIGVzdGl2ZXIgbmFzCm3Do29zIGRhIHBlc3NvYSBjZXJ0YS4KTyBEaWxpZ28gc2FiZSBtYWlzIHNvYnJlCm8gRXNww61yaXRvIGRhIFBheiwgZW50w6NvIHZvY8OqCmRldmUgY29uc3VsdMOhLWxvLg==,,W0hlcm1vZF0KVGhhdCBzcGlyaXQgd29uJ3QgYmUgdmVyeQp1c2VmdWwgaWYgaXQncyBub3QgaW4gdGhlCmhhbmRzIG9mIHRoZSByaWdodCBwZXJzb24uCkRpbGlnbyB0ZSBwdWVkZSBkZWNpciBtw6FzIHNvYnJlCmVsIFPDrW1ib2xvIGRlIHBheiwgYXPDrSBxdWUKc2hvdWxkIGNvbnN1bHQgaGltLg==
0y5EAw,,W0hlcm1vZF0KSWYgeW91IGRvbid0IHJlbWVtYmVyCkRpbGlnbydzIGV4cGxhbmF0aW9uLAp0aGVuIHlvdSBtaWdodCB3YW50IHRvCmdvIGJhY2sgdG8gaGltIGFuZCBhc2sKaGltIHRvIHRlbGwgeW91IGFnYWluLg==,,,,,W0hlcm1vZF0KU2Ugdm9jw6ogbsOjbyBzZSBsZW1icmEKZXhwbGljYcOnw6NvIGRlIERpbGlnbywKZW50w6NvIHRhbHZleiB2b2PDqiBxdWVpcmEKaXIgYXTDqSBlbGUgZSBwZWRpcgpwYXJhIGVsZSBjb250YXIgbm92YW1lbnRlLg==,,W0hlcm1vZF0KSWYgeW91IGRvbid0IHJlbWVtYmVyCmxhIGV4cGxpY2FjacOzbiBkZSBEaWxpZ28sCnRoZW4geW91IG1pZ2h0IHdhbnQgdG8KZ28gYmFjayB0byBoaW0gYW5kIGFzawpoaW0gdG8gdGVsbCB5b3UgYWdhaW4u
1C5EAw,,W0hlcm1vZF0KQWgsIHt9LApwbGVhc2UgdGFrZSBnb29kIGNhcmUgb2YKdGhhdCBTcGlyaXQgb2YgRGV0ZXJtaW5hdGlvbi4=,,,,,W0hlcm1vZF0KQWgsIHt9LApjdWlkZSBiZW0gZGVzc2UKRXNww61yaXRvIGRhIERldGVybWluYcOnw6NvLg==,,W0hlcm1vZF0KQWgsIHt9Lgpwb3IgZmF2b3IsIGN1aWRhIG11Y2hvIGEKdGhhdCBTcGlyaXQgb2YgRGV0ZXJtaW5hdGlvbi4=
1S5EAw,,W0hlcm1vZF0KVGhhdCBzcGlyaXQgd29uJ3QgYmUgdmVyeQp1c2VmdWwgaWYgaXQncyBub3QgaW4gdGhlCmhhbmRzIG9mIHRoZSByaWdodCBwZXJzb24uCkRpbGlnbyBrbm93cyBtb3JlIGFib3V0CnRoZSBTcGlyaXQgb2YgRGV0ZXJtaW5hdGlvbgpzbyB5b3Ugc2hvdWxkIGNvbnN1bHQgaGltLg==,,,,,W0hlcm1vZF0KRXNzZSBlc3DDrXJpdG8gc2Vyw6EgaW7DunRpbApzZSBuw6NvIGVzdGl2ZXIgbmFzCm3Do29zIGRhIHBlc3NvYSBjZXJ0YS4KRGlsaWdvIHNhYmUgbWFpcyBzb2JyZQpvIEVzcMOtcml0byBkYSBEZXRlcm1pbmHDp8OjbwplbnTDo28sIHZvY8OqIGRldmUgY29uc3VsdMOhLWxvLg==,,W0hlcm1vZF0KVGhhdCBzcGlyaXQgd29uJ3QgYmUgdmVyeQp1c2VmdWwgaWYgaXQncyBub3QgaW4gdGhlCmhhbmRzIG9mIHRoZSByaWdodCBwZXJzb24uCkRpbGlnbyB0ZSBwdWVkZSBkZWNpciBtw6FzIHNvYnJlCnRoZSBTcGlyaXQgb2YgRGV0ZXJtaW5hdGlvbgpzbyB5b3Ugc2hvdWxkIGNvbnN1bHQgaGltLg==
1i5EAw,,W0hlcm1vZF0KQWgsIHt9LApwbGVhc2UgdGFrZSBnb29kIGNhcmUKb2YgdGhhdCBTcGlyaXQgb2YgU2VydmljZS4=,,,,,W0hlcm1vZF0KQWgsIHt9LApjdWlkZSBiZW0gZGVzc2UKRXNww61yaXRvIGRvIFNlcnZpw6dvLg==,,W0hlcm1vZF0KQWgsIHt9Lgpwb3IgZmF2b3IsIGN1aWRhIG11Y2hvIGEKb2YgdGhhdCBTcGlyaXQgb2YgU2VydmljZS4=
1y5EAw,,W0hlcm1vZF0KVGhhdCBzcGlyaXQgd29uJ3QgYmUgdmVyeQp1c2VmdWwgaWYgaXQncyBub3QgaW4gdGhlCmhhbmRzIG9mIHRoZSByaWdodCBwZXJzb24uCkRpbGlnbyBrbm93cyBtb3JlIGFib3V0CnRoZSBTcGlyaXQgb2YgU2VydmljZSBzbwp5b3Ugc2hvdWxkIGNvbnN1bHQgaGltLg==,,,,,W0hlcm1vZF0KRXNzZSBlc3DDrXJpdG8gc2Vyw6EgaW7DunRpbApzZSBuw6NvIGVzdGl2ZXIgbmFzCm3Do29zIGRhIHBlc3NvYSBjZXJ0YS4KRGlsaWdvIHNhYmUgbWFpcyBzb2JyZQpvIEVzcMOtcml0byBkbyBTZXJ2acOnbywgZW50w6NvLAp2b2PDqiBkZXZlIGNvbnN1bHTDoS1sby4=,,W0hlcm1vZF0KVGhhdCBzcGlyaXQgd29uJ3QgYmUgdmVyeQp1c2VmdWwgaWYgaXQncyBub3QgaW4gdGhlCmhhbmRzIG9mIHRoZSByaWdodCBwZXJzb24uCkRpbGlnbyB0ZSBwdWVkZSBkZWNpciBtw6FzIHNvYnJlCnRoZSBTcGlyaXQgb2YgU2VydmljZSBzbwp5b3Ugc2hvdWxkIGNvbnN1bHQgaGltLg==
2C5EAw,,W0hlcm1vZF0KQWgsIHt9LApwbGVhc2UgdGFrZSBnb29kIGNhcmUKb2YgdGhhdCBTcGlyaXQgb2YgR2xvcnku,,,,,W0hlcm1vZF0KQWgsIHt9LApjdWlkZSBiZW0gZGVzc2UKRXNww61yaXRvIGRhIEdsw7NyaWEu,,W0hlcm1vZF0KQWgsIHt9Lgpwb3IgZmF2b3IsIGN1aWRhIG11Y2hvIGEKb2YgdGhhdCBTcGlyaXQgb2YgR2xvcnku
2S5EAw,,W0hlcm1vZF0KVGhhdCBzcGlyaXQgd29uJ3QgYmUgdmVyeQp1c2VmdWwgaWYgaXQncyBub3QgaW4gdGhlCmhhbmRzIG9mIHRoZSByaWdodCBwZXJzb24uCkRpbGlnbyBrbm93cyBtb3JlIGFib3V0CnRoZSBTcGlyaXQgb2YgR2xvcnkgc28geW91CnNob3VsZCBjb25zdWx0IGhpbS4=,,,,,W0hlcm1vZF0KRXNzZSBlc3DDrXJpdG8gc2Vyw6EgaW7DunRpbApzZSBuw6NvIGVzdGl2ZXIgbmFzCm3Do29zIGRhIHBlc3NvYSBjZXJ0YS4KTyBEaWxpZ28gc2FiZSBtYWlzIHNvYnJlCm8gRXNww61yaXRvIGRhIEdsw7NyaWEsIGVudMOjbywgCnZvY8OqIGRldmUgY29uc3VsdMOhLWxvLg==,,W0hlcm1vZF0KVGhhdCBzcGlyaXQgd29uJ3QgYmUgdmVyeQp1c2VmdWwgaWYgaXQncyBub3QgaW4gdGhlCmhhbmRzIG9mIHRoZSByaWdodCBwZXJzb24uCkRpbGlnbyB0ZSBwdWVkZSBkZWNpciBtw6FzIHNvYnJlCnRoZSBTcGlyaXQgb2YgR2xvcnkgc28geW91CnNob3VsZCBjb25zdWx0IGhpbS4=
2i5EAw,,W0hlcm1vZF0KQWgsIHt9LApjb25ncmF0dWxhdGlvbnMgb24gYSBqb2IKd2VsbCBkb25lLiBQbGVhc2UgZ2l2ZQp0aGUgU3Bpcml0IG9mIFZpY3RvcnkgdG8geW91cgpndWlsZCBtYXN0ZXIuIFRoYXQncyBpdCBmb3Igbm93Ll5GRkZGRkYgIF4wMDAwMDAgR29vZCBsdWNrIHRvIHlvdSBpbiB0aGUgZnV0dXJlLg==,,,,,W0hlcm1vZF0KQWgsIHt9LApwYXJhYsOpbnMgcG9yIHVtIHRyYWJhbGhvCmJlbSBmZWl0by4gUG9yIGZhdm9yLCBkw6oKbyBFc3DDrXJpdG8gZGEgVml0w7NyaWEgYW8gc2V1Cm1lc3RyZSBkYSBndWlsZGEuIFBvciBlbnF1YW50byDDqSBpc3NvLl5GRkZGRkYgIF4wMDAwMDAgQm9hIHNvcnRlIHBhcmEgdm9jw6ogbm8gZnV0dXJvLg==,,W0hlcm1vZF0KQWgsIHt9Lgpjb25ncmF0dWxhdGlvbnMgb24gYSBqb2IKYmllbiBoZWNoby4gRGFtZQp0aGUgU3Bpcml0IG9mIFZpY3RvcnkgdG8geW91cgptYWVzdHJvIGRlbCBncmVtaW8g
2y5EAw,,W0hlcm1vZF0KVGhhdCBzcGlyaXQgd29uJ3QgYmUgdmVyeQp1c2VmdWwgaWYgaXQncyBub3QgaW4gdGhlCmhhbmRzIG9mIHRoZSByaWdodCBwZXJzb24uCkRpbGlnbyBrbm93cyBtb3JlIGFib3V0CnRoZSBTcGlyaXQgb2YgVmljdG9yeSBzbyB5b3UKc2hvdWxkIGNvbnN1bHQgaGltLg==,,,,,W0hlcm1vZF0KRXNzZSBlc3DDrXJpdG8gc2Vyw6EgaW7DunRpbApzZSBuw6NvIGVzdGl2ZXIgbmFzCm3Do29zIGRhIHBlc3NvYSBjZXJ0YS4KTyBEaWxpZ28gc2FiZSBtYWlzIHNvYnJlCm8gRXNww61yaXRvIGRhIFZpdMOzcmlhLCBlbnTDo28sCnZvY8OqIGRldmUgY29uc3VsdMOhLWxvLg==,,W0hlcm1vZF0KVGhhdCBzcGlyaXQgd29uJ3QgYmUgdmVyeQp1c2VmdWwgaWYgaXQncyBub3QgaW4gdGhlCmhhbmRzIG9mIHRoZSByaWdodCBwZXJzb24uCkRpbGlnbyB0ZSBwdWVkZSBkZWNpciBtw6FzIHNvYnJlCnRoZSBTcGlyaXQgb2YgVmljdG9yeSBzbyB5b3UKc2hvdWxkIGNvbnN1bHQgaGltLg==
3C5EAw,,W0hlcm1vZF0KSSdtIHNvcnJ5LCBidXQgSSdtIHRvbwpidXN5IHdpdGggbXkgd29yayB0byBvZmZlcgp5b3UgYW55IGhlbHAgcmlnaHQgbm93LgpZb3UnbGwgaGF2ZSB0byBmb3JnaXZlIG1lLg==,,,,,W0hlcm1vZF0KRGVzY3VscGUtbWUsIG1hcyBlc3RvdSBtdWl0bwpvY3VwYWRvIGNvbSBtZXUgdHJhYmFsaG8gcGFyYSBsaGUgb2ZlcmVjZXIKcXVhbHF1ZXIgYWp1ZGEgbmVzdGUgbW9tZW50by4KVm9jw6ogdGVyw6EgcXVlIG1lIHBlcmRvYXIu,,W0hlcm1vZF0KTG8gc2llbnRvLCBwZXJvCmJ1c3kgd2l0aCBteSB3b3JrIHRvIG9mZmVyCnlvdSBhbnkgaGVscCByaWdodCBub3cuCllvdSdsbCBoYXZlIHRvIGZvcmdpdmUgbWUu
3S5EAw,,W0hlcm1vZF0KWW91IGhhdmVuJ3Qgam9pbmVkCmEgZ3VpbGQgeWV0PyBXaHkgZG9uJ3QKeW91IHRoaW5rIGFib3V0IGpvaW5pbmcKb25lPyBXZWxsLCBpdCdzIHlvdXIgZGVjaXNpb24sCmJ1dCBJIGRvbid0IHRoaW5rIHlvdSdkIHJlZ3JldApiZWluZyBwYXJ0IG9mIGEgc3Ryb25nIGd1aWxkLg==,,,,,W0hlcm1vZF0KVm9jw6ogYWluZGEgbsOjbyBlbnRyb3UgZW0KbmVuaHVtYSBndWlsZGEgYT8gUG9yIHF1ZSBuw6NvCnZvY8OqIHBlbnNhIGVtIGVudHJhcgplbSB1bWE/IEEgZGVjaXPDo28gw6kgc3VhLAptYXMgYWNobyBxdWUgdm9jw6ogbsOjbyBzZSBhcnJlcGVuZGVyw6EKZGUgZmF6ZXIgcGFydGUgZGUgdW1hIGZvcnRlIGd1aWxkYS4=,,W0hlcm1vZF0KWW91IGhhdmVuJ3Qgam9pbmVkCsK/UG9yIHF1w6kgbm8KeW91IHRoaW5rIGFib3V0IGpvaW5pbmcKwqFVbm8hIEVzIHR1IGRlY2lzacOzbi4KYnV0IEkgZG9uJ3QgdGhpbmsgeW91J2QgcmVncmV0CmJlaW5nIHBhcnQgb2YgYSBzdHJvbmcgZ3VpbGQu
3i5EAw,,W0hlcm1vZF0KQWgsIEkgc2VlIHRoYXQgeW91IGFyZQphZmZpbGlhdGVkIHdpdGggYSBndWlsZC4KSGF2ZSB5b3UgY29tZSBoZXJlCmFzIGFuIGludml0ZWQgZ3Vlc3Q/,,,,,W0hlcm1vZF0KRXN0b3UgdmVuZG8gcXVlIHZvY8OqIHNlCmFmaWxpb3UgYSB1bWEgZ3VpbGRhLgpWb2PDqiB2ZWlvIGFxdWkKY29tbyBjb252aWRhZG8/,,W0hlcm1vZF0KQWgsIEkgc2VlIHRoYXQgeW91IGFyZQphZmZpbGlhdGVkIHdpdGggYSBndWlsZC4KSGF2ZSB5b3UgY29tZSBoZXJlCmFzIGFuIGludml0ZWQgZ3Vlc3Q/
3y5EAw,,Tm8sIG5vdCByZWFsbHkuLi4=,,,,,TsOjbywgbmEgdmVyZGFkZSBuw6NvLi4u,,TGEgdmVyZGFkLCBuby4=
4C5EAw,,SSB3YXMgaW52aXRlZCBieSB0aGUgZ3VpbGQgbWFzdGVyLg==,,,,,RnVpIGNvbnZpZGFkbyBwZWxvIG1lc3RyZSBkYSBndWlsZGEu,,SSB3YXMgaW52aXRlZCBieSB0aGUgZ3VpbGQgbWFzdGVyLg==
4S5EAw,,W0hlcm1vZF0KT2gsIHJlYWxseT8KVGhhdCdzIHRvbyBiYWQuLi4KTXkgYXBvbG9naWVzLCBidXQKSSBjYW4ndCBhbGxvdyBzdHJhbmdlcnMKdG8gc2ltcGx5IGNvbWUgYW5kIGdvCmFyb3VuZCBoZXJlLiBGYXJld2VsbCwgdGhlbi4=,,,,,W0hlcm1vZF0KQWgsIHPDqXJpbz8KSXNzbyDDqSBydWltLi4uCk1pbmhhcyBkZXNjdWxwYXMsIG1hcwpuw6NvIHBvc3NvIHBlcm1pdGlyIAplc3RyYW5ob3MgdmFnYW5kbwpwb3IgYXF1aS4gRW50w6NvLCBhZGV1cy4=,,W0hlcm1vZF0KQWgsIMK/ZGUgdmVyZGFkPwpRdcOpIG1hbOKApgpNaXMgZGlzY3VscGFzLCBwZXJvCkkgY2FuJ3QgYWxsb3cgc3RyYW5nZXJzCnRvIHNpbXBseSBjb21lIGFuZCBnbwpwb3IgYXF1w60uIEFkacOzcy4=
4i5EAw,,W0hlcm1vZF0KT2gsIHJlYWxseT8gQWgsIG5vdwpJIHJlY29nbml6ZSB5b3UsIF40RDRERkZ7fV4wMDAwMDAuClBsZWFzZSBjb21lIGluLCBhbmQgbWFrZQp5b3Vyc2VsZiBjb21mb3J0YWJsZS4=,,,,,W0hlcm1vZF0KQWgsIMOpIHPDqXJpbz8gQWgsIGFnb3JhCnJlY29uaGVjaSB2b2PDqiwgXjRENERGRnt9XjAwMDAwMC4KUG9yIGZhdm9yLCBlbnRyZSBlIApmaXF1ZSDDoCB2b250YWRlLg==,,W0hlcm1vZF0KQWgsIMK/ZGUgdmVyZGFkPyAKVGUgcmVjb25vemNvLgpQbGVhc2UgY29tZSBpbiwgYW5kIG1ha2UKeW91cnNlbGYgY29tZm9ydGFibGUu
4y5EAw,,QXRpbGE=,,,,,QXRpbGE=,,QXRpbGE=
5C5EAw,,W0F0aWxhXQpIbS4gWW91IGNhbid0IGp1c3Qga2VlcAp0aGF0IHNwaXJpdCB0byB5b3Vyc2VsZi4KR2l2ZSBpdCB0byBhIF5GRjAwMDBLbmlnaHReMDAwMDAwIG9yCmEgXkZGMDAwMExvcmQgS25pZ2h0XjAwMDAwMC4gSHVycnkgaXQgdXAhCllvdSBuZWVkIHRvIHdvcmsgZmFzdCB0bwpleHBhbmQgeW91ciBndWlsZC4=,,,,,W0F0aWxhXQpIbS4gVm9jw6ogbsOjbyBwb2RlIGZpY2FyCmNvbSBlc3NlIGVzcMOtcml0byBwYXJhIHZvY8OqLgpEw6otbyBhIHVtIF5GRjAwMDBDYXZhbGVpcm9eMDAwMDAwIG91CnVtIF5GRjAwMDBMb3JkZV4wMDAwMDAuIFNlamEgcsOhcGlkbyEKVm9jw6ogcHJlY2lzYSB0cmFiYWxoYXIgcsOhcGlkbyBwYXJhCmV4cGFuZGlyIHN1YSBndWlsZGEu,,W0F0aWxhXQpNbW0uIMKhTm8gcHVlZGVzIGlydGUgYXPDrSBzaW4gbcOhcyEKdGhhdCBzcGlyaXQgdG8geW91cnNlbGYuCkdpdmUgaXQgdG8gYSBeNjYwMDAwS25pZ2h0XjAwMDAwMCBvcgphIF42NjAwMDBMb3JkIEtuaWdodF4wMDAwMDAuIEh1cnJ5IGl0IHVwIQpZb3UgbmVlZCB0byB3b3JrIGZhc3QgdG8KZXhwYW5kIHlvdXIgZ3VpbGQu
5S5EAw,,W0F0aWxhXQpIbS4gWW91IHNlZW0gYXdmdWxseQpidXN5LiBXaHkgZG9uJ3QgeW91IGp1c3QKdGFrZSBhIGJyZWFrLCBhbmQgcmVsYXg/Ckl0J3MgYWxyaWdodCB0byBoYXZlIGZ1bgppZiB5b3UncmUgZmVlbGluZyBhIGxvdCBvZgpwcmVzc3VyZS4gSGVoIGhlaCBoZWh+,,,,,W0F0aWxhXQpIbS4gVm9jw6ogcGFyZWNlIGV4dHJlbWFtZW50ZQpvY3VwYWRvLiBQb3IgcXVlIHZvY8OqIG7Do28KZmF6IHVtYSBwYXVzYSBlIHJlbGF4YT8KTsOjbyBow6EgcHJvYmxlbWEgZW0gc2UgZGl2ZXJ0aXIKc2Ugdm9jw6ogZXN0aXZlciBzb2IgbXVpdGEKcHJlc3PDo28uIEhlaCBoZWggaGVofg==,,W0F0aWxhXQpNbW0uIArCv1BvciBxdcOpIG5vIG1lam9yIHRl4oCmPwp0YWtlIGEgYnJlYWssIGFuZCByZWxheD8KSXQncyBhbHJpZ2h0IHRvIGhhdmUgZnVuCmlmIHlvdSdyZSBmZWVsaW5nIGEgbG90IG9mCm11Y2hvIHRpZW1wby4gSmUsIGplLCBqZQ==
5i5EAw,,W0F0aWxhXQpGb3IgeW91ciBmaXJzdCB0ZXN0LApJJ2xsIHN0YXJ0IHlvdSBvZmYgd2l0aApzb21ldGhpbmcgcHJldHR5IHNpbXBsZS4KSnVzdCBjb2xsZWN0IHNvbWUgaXRlbXMsCmFuZCBicmluZyB0aGVtIHRvIG1lLiBBaCwgYW5kCnlvdXIgZ3VpbGQgY2FuIGhlbHAgeW91IHRvby4=,,,,,W0F0aWxhXQpQYXJhIHNldSBwcmltZWlybyB0ZXN0ZSwKdm91IGNvbWXDp2FyIGNvbQphbGdvIGJlbSBzaW1wbGVzLgpCYXN0YSBjb2xldGFyIGFsZ3VucyBpdGVucywKZSB0cmF6w6otbG9zIHBhcmEgbWltLiBBaCwgZQpzdWEgZ3VpbGRhIHRhbWLDqW0gcG9kZSBhanVkw6EtbG8u,,W0F0aWxhXQpGb3IgeW91ciBmaXJzdCB0ZXN0LApJJ2xsIHN0YXJ0IHlvdSBvZmYgd2l0aApzb21ldGhpbmcgcHJldHR5IHNpbXBsZS4KSnVzdCBjb2xsZWN0IHNvbWUgaXRlbXMsClkgdHLDoWVtZWxvcywgcG9yIGZhdm9yLiBBaCwgeQp5b3VyIGd1aWxkIGNhbiBoZWxwIHlvdSB0b28u
5y5EAw,,W0F0aWxhXQpeRkYwMDAwMzAgVG9uZ3Vlc14wMDAwMDAsCl5GRjAwMDAzMCBEYXJrIE1hc2tzXjAwMDAwMCwgYW5kCl5GRjAwMDAzMCBTaG91bGRlciBQcm90ZWN0b3JzXjAwMDAwMC4KVGhhdCBzaG91bGRuJ3QgYmUgdG9vCmhhcmQgbm93LCByaWdodD8=,,,,,W0F0aWxhXQpeRkYwMDAwMzAgTMOtbmd1YXNeMDAwMDAwLApeRkYwMDAwMzAgTcOhc2NhcmFzIFNvbWJyaWFzXjAwMDAwMCwgZQpeRkYwMDAwMzAgUHJvdGV0b3JlcyBkZSBPbWJyb14wMDAwMDAuCklzc28gbsOjbyBkZXZlIHNlciBtdWl0bwpkaWbDrWNpbCBhZ29yYSwgZGV2ZT8=,,W0F0aWxhXQpeNjYwMDAwMzAgVG9uZ3Vlc14wMDAwMDAsCl42NjAwMDAzMCBEYXJrIE1hc2tzXjAwMDAwMCwgYW5kCl42NjAwMDAzMCBTaG91bGRlciBQcm90ZWN0b3JzXjAwMDAwMC4KRXNlIG5vIGRlYmVyw61hIHNlcgpoYXJkIG5vdywgcmlnaHQ/
6C5EAw,,W0F0aWxhXQpeRkYwMDAwMzAgV29ybiBPdXQgUGFnZXNeMDAwMDAwLApeRkYwMDAwMzAgUm91bmQgU2hlbGxzXjAwMDAwMCwgYW5kCl5GRjAwMDAzMCBNb2xlIFdoaXNrZXJzXjAwMDAwMC4KVGhhdCBzaG91bGRuJ3QgYmUgdG9vCmhhcmQgbm93LCByaWdodD8=,,,,,W0F0aWxhXQpeRkYwMDAwMzAgUMOhZ2luYXMgQW1hc3NhZGFzXjAwMDAwMCwKXkZGMDAwMDMwIENhc2NhcyBBcnJlZG9uZGFkYXNeMDAwMDAwLCBlCl5GRjAwMDAzMCBCaWdvZGVzIGRlIFRvdXBlaXJhXjAwMDAwMC4KSXNzbyBuw6NvIGRldmUgc2VyIG11aXRvCmRpZsOtY2lsIGFnb3JhLCBkZXZlPw==,,W0F0aWxhXQpeNjYwMDAwMzAgV29ybiBPdXQgUGFnZXNeMDAwMDAwLApeNjYwMDAwMzAgUm91bmQgU2hlbGxzXjAwMDAwMCwgYW5kCl42NjAwMDAzMCBNb2xlIFdoaXNrZXJzXjAwMDAwMC4KRXNlIG5vIGRlYmVyw61hIHNlcgpoYXJkIG5vdywgcmlnaHQ/
6S5EAw,,W0F0aWxhXQpeRkYwMDAwMzAgRnJpbGxzXjAwMDAwMCwKXkZGMDAwMDMwIFNoYXJwIFBhcGVyc14wMDAwMDAsIGFuZApeRkYwMDAwMzAgRWxkZXIgUGl4aWUncyBNb3VzdGFjaGVzXjAwMDAwMC4KVGhhdCBzaG91bGRuJ3QgYmUgdG9vCmhhcmQgbm93LCByaWdodD8=,,,,,W0F0aWxhXQpeRkYwMDAwMzAgQnJhc8O1ZXNeMDAwMDAwLApeRkYwMDAwMzAgTMOibWluYXMgZGUgUGFwZWxeMDAwMDAwLCBlCl5GRjAwMDAzMCBCaWdvZGVzIGRlIEFuw6NvIEFuY2nDo29eMDAwMDAwLgpJc3NvIG7Do28gZGV2ZSBzZXIgbXVpdG8KZGlmw61jaWwgYWdvcmEsIGRldmU/,,W0F0aWxhXQpeNjYwMDAwMzAgRnJpbGxzXjAwMDAwMCwKXjY2MDAwMDMwIFNoYXJwIFBhcGVyc14wMDAwMDAsIGFuZApeNjYwMDAwMzAgQmlnb3RlcyBkZWwgZHVlbmRlY2lsbG8gbWF5b3JeMDAwMDAwLApFc2Ugbm8gZGViZXLDrWEgc2VyCmhhcmQgbm93LCByaWdodD8=
6i5EAw,,W0F0aWxhXQpIdWguIEkgZGlkbid0IGFjdHVhbGx5CmV4cGVjdCB0aGF0IHlvdSdkIGNvbGxlY3QKYWxsIHRoZXNlIGl0ZW1zLiBHb29kIGpvYi4KTm93LCB0YWtlIHRoaXMgYW5kIGdpdmUgaXQgdG8KYSBCbGFja3NtaXRoIG9yIE1hc3RlcnNtaXRoLgpZb3VyIGd1aWxkJ3MgcHJldHR5IGdvb2QuLi4=,,,,,W0F0aWxhXQpIdWguIE5hIHZlcmRhZGUsIGV1IG7Do28KYWNyZWRpdGVpIHF1ZSB2b2PDqiBjb2xldGFyaWEKdG9kb3MgZXNzZXMgaXRlbnMuIEJvbSB0cmFiYWxoby4KQWdvcmEsIHBlZ3VlIGlzc28gZSBlbnRyZWd1ZS1vIGEKdW0gRmVycmVpcm8gb3UgTWVzdHJlLUZlcnJlaXJvLgpTdWEgZ3VpbGRhIMOpIG11aXRvIGJvYS4uLg==,,W0F0aWxhXQpNbS4gCmV4cGVjdCB0aGF0IHlvdSdkIGNvbGxlY3QKQmllbiBoZWNoby4KTm93LCB0YWtlIHRoaXMgYW5kIGdpdmUgaXQgdG8KYSBCbGFja3NtaXRoIG9yIE1hc3RlcnNtaXRoLgpZb3VyIGd1aWxkJ3MgcHJldHR5IGdvb2QuLi4=
6y5EAw,,W0F0aWxhXQpEaWQgeW91IGZvcmdldCB3aGF0CnRvIGJyaW5nIG1lPyBJIHdhbnRlZApeRkYwMDAwMzAgVG9uZ3Vlc14wMDAwMDAsCl5GRjAwMDAzMCBEYXJrIE1hc2tzXjAwMDAwMCwgYW5kCl5GRjAwMDAzMCBTaG91bGRlciBQcm90ZWN0b3JzXjAwMDAwMC4KRG9uJ3QgZm9yZ2V0IHRoaXMgdGltZS4=,,,,,W0F0aWxhXQpWb2PDqiBzZSBlc3F1ZWNldSBvIHF1ZSBlcmEKcGFyYSBtZSB0cmF6ZXI/IEV1IHF1ZXJvCl5GRjAwMDAzMCBMw61uZ3Vhc14wMDAwMDAsCl5GRjAwMDAzMCBNw6FzY2FyYXMgU29tYnJpYXNeMDAwMDAwIGUKXkZGMDAwMDMwIFByb3RldG9yZXMgZGUgT21icm9eMDAwMDAwLgpOw6NvIHNlIGVzcXVlw6dhIGRlc3NhIHZlei4=,,W0F0aWxhXQpEaWQgeW91IGZvcmdldCB3aGF0ClF1ZSBxdWllcm8uCl42NjAwMDAzMCBUb25ndWVzXjAwMDAwMCwKXjY2MDAwMDMwIERhcmsgTWFza3NeMDAwMDAwLCBhbmQKXjY2MDAwMDMwIFNob3VsZGVyIFByb3RlY3RvcnNeMDAwMDAwLgrCoU5vIGxvIG9sdmlkZXMgZXN0YSB2ZXoh
7C5EAw,,W0F0aWxhXQpEaWQgeW91IGZvcmdldCB3aGF0CnRvIGJyaW5nIG1lPyBJIHdhbnRlZApeRkYwMDAwMzAgV29ybiBPdXQgUGFnZXNeMDAwMDAwLApeRkYwMDAwMzAgUm91bmQgU2hlbGxzXjAwMDAwMCwgYW5kCl5GRjAwMDAzMCBNb2xlIFdoaXNrZXJzXjAwMDAwMC4KRG9uJ3QgZm9yZ2V0IHRoaXMgdGltZS4=,,,,,W0F0aWxhXQpWb2PDqiBzZSBlc3F1ZWNldSBvIHF1ZSBlcmEKcGFyYSBtZSB0cmF6ZXI/IEV1IHF1ZXJvCl5GRjAwMDAzMCBQw6FnaW5hcyBBbWFzc2FkYXNeMDAwMDAwLApeRkYwMDAwMzAgQ2FzY2FzIEFycmVkb25kYWRhc14wMDAwMDAgZQpeRkYwMDAwMzAgQmlnb2RlcyBkZSBUb3VwZWlyYV4wMDAwMDAuCk7Do28gc2UgZXNxdWXDp2EgZGVzdGEgdmV6Lg==,,W0F0aWxhXQpEaWQgeW91IGZvcmdldCB3aGF0ClF1ZSBxdWllcm8uCl42NjAwMDAzMCBXb3JuIE91dCBQYWdlc14wMDAwMDAsCl42NjAwMDAzMCBSb3VuZCBTaGVsbHNeMDAwMDAwLCBhbmQKXjY2MDAwMDMwIE1vbGUgV2hpc2tlcnNeMDAwMDAwLgrCoU5vIGxvIG9sdmlkZXMgZXN0YSB2ZXoh
7S5EAw,,W0F0aWxhXQpEaWQgeW91IGZvcmdldCB3aGF0CnRvIGJyaW5nIG1lPyBJIHdhbnRlZApeRkYwMDAwMzAgRnJpbGxzXjAwMDAwMCwKXkZGMDAwMDMwIFNoYXJwIFBhcGVyc14wMDAwMDAsIGFuZApeRkYwMDAwMzAgRWxkZXIgUGl4aWUncyBNb3VzdGFjaGVzXjAwMDAwMC4KRG9uJ3QgZm9yZ2V0IHRoaXMgdGltZS4=,,,,,W0F0aWxhXQpWb2PDqiBzZSBlc3F1ZWNldSBvIHF1ZSBlcmEKcGFyYSBtZSB0cmF6ZXI/IEV1IHF1ZXJvCl5GRjAwMDAzMCBCcmFzw7Vlc14wMDAwMDAsCl5GRjAwMDAzMCBMw6JtaW5hcyBkZSBQYXBlbF4wMDAwMDAgZQpeRkYwMDAwMzAgQmlnb2RlcyBkZSBBbsOjbyBBbmNpw6NvXjAwMDAwMC4KTsOjbyBzZSBlc3F1ZcOnYSBkZXN0YSB2ZXou,,W0F0aWxhXQpEaWQgeW91IGZvcmdldCB3aGF0ClF1ZSBxdWllcm8uCl42NjAwMDAzMCBGcmlsbHNeMDAwMDAwLApeNjYwMDAwMzAgU2hhcnAgUGFwZXJzXjAwMDAwMCwgYW5kCl42NjAwMDAzMCBCaWdvdGVzIGRlbCBkdWVuZGVjaWxsbyBtYXlvcl4wMDAwMDAsCsKhTm8gbG8gb2x2aWRlcyBlc3RhIHZleiE=
7i5EAw,,W0F0aWxhXQpXb3csIHlvdSBicm91Z2h0IHRoZQppdGVtcyBzb29uZXIgdGhhbiBJIGhhZApleHBlY3RlZC4gR3JlYXQhIFdlbGwgdGhlbiwKeW91ciBuZXh0IHRhc2sgZm9yIG1lIHdpbGwKYmUgdG8uLi4gV2FpdC4gV2FpdCBhbmQKa2lsbCBzb21lIHRpbWUuIEVhc3ksIGh1aD8KW0F0aWxhXQpeRkYwMDAwanVzdCB3YWl0aW5nLl4wMDAwMDAKSnVzdGluZyB3YWl0IGFuZCBraWxsCnNvbWUgdGltZS4gWW91IGNhbiBkbwp3aGF0ZXZlciB5b3Ugd2FudCB0bwpkbyBkdXJpbmcgdGhhdCB0aW1lLg==,,,,,W0F0aWxhXQpVYXUsIHZvY8OqIHRyb3V4ZSBvcwppdGVucyBhbnRlcyBkbyBxdWUgZXUKZXNwZXJhdmEuIEZhbnTDoXN0aWNvISBFbnTDo28sCnN1YSBwcsOzeGltYSB0YXJlZmEgcGFyYSBtaW0Kc2Vyw6EuLi4gRXNwZXJhci4gRXNwZXJhciBlCm1hdGFyIHVtIHRlbXBvLiBGw6FjaWwsIG7DqT8KW0F0aWxhXQpeRkYwMDAwU8OzIGVzcGVyYXIuXjAwMDAwMApTw7MgZXNwZXJhciBlIG1hdGFyCnVtIHRlbXBvLiBWb2PDqiBwb2RlIGZhemVyCm8gcXVlIHZvY8OqIHF1aXNlcgpmYXplciBkdXJhbnRlIGVzc2UgdGVtcG8u,,W0F0aWxhXQpXb3csIHlvdSBicm91Z2h0IHRoZQppdGVtcyBzb29uZXIgdGhhbiBJIGhhZApkZSBsbyBxdWUgZXNwZXJhYmEuIMKhR2VuaWFsISBQdWVzIGJpZW4sCnlvdXIgbmV4dCB0YXNrIGZvciBtZSB3aWxsCmRlc2NvcnTDqXPigKYgRXNwZXJhLiAKa2lsbCBzb21lIHRpbWUuIEVhc3ksIGh1aD8KW0F0aWxhXQpeNjYwMDAwanVzdCB3YWl0aW5nLl4wMDAwMDAKSnVzdGluZyB3YWl0IGFuZCBraWxsCnNvbWUgdGltZS4gWW91IGNhbiBkbwpsbyBxdWUgcXVpZXJhcyEKZG8gZHVyaW5nIHRoYXQgdGltZS4=
7y5EAw,,W0F0aWxhXQpDb21lIGJhY2sgYWZ0ZXIgeW91J3ZlCnJlbGF4ZWQgYW5kIGVuam95ZWQgeW91cnNlbGYuCldlIGNhbiBjb250aW51ZSB0aGUgdGVzdGluZwp3aGVuIHRoZSB0aW1lIGlzIHJpZ2h0IHNvCmRvbid0IHlvdSB3b3JyeSBhYm91dCBpdC4=,,,,,W0F0aWxhXQpWb2x0ZSBkZXBvaXMgcXVlIHZvY8OqIHRpdmVyCnJlbGF4YWRvIGUgc2UgZGl2ZXJ0aWRvLgpQb2RlbW9zIGNvbnRpbnVhciBvcyB0ZXN0ZXMKcXVhbmRvIGZvciBhIGhvcmEgY2VydGEsIGVudMOjbywKbsOjbyBzZSBwcmVvY3VwZSBjb20gaXNzby4=,,W0F0aWxhXQpDb21lIGJhY2sgYWZ0ZXIgeW91J3ZlCnJlbGF4ZWQgYW5kIGVuam95ZWQgeW91cnNlbGYuCldlIGNhbiBjb250aW51ZSB0aGUgdGVzdGluZwpsbGVnYWRvIGVsIG1vbWVudG8uCmRvbid0IHlvdSB3b3JyeSBhYm91dCBpdC4=
8C5EAw,,W0F0aWxhXQpJIGd1ZXNzIGVub3VnaCB0aW1lCmhhcyBwYXNzZWQuIFlvdSByZWFkeQp0byByZXN1bWUgdGhlIHRlc3Rpbmc/ClBsZWFzZSBnaXZlIHRoaXMgdG8gYW4KQWxjaGVtaXN0IG9yIEJpb2NoZW1pc3QuCllvdXIgd29yayBoZXJlIGlzIGRvbmUu,,,,,W0F0aWxhXQpBY2hvIHF1ZSBqw6EgcGFzc291IHRlbXBvCnN1ZmljaWVudGUuIFZvY8OqIGVzdMOhIHByb250bwpwYXJhIHJldG9tYXIgb3MgdGVzdGVzPwpQb3IgZmF2b3IsIGVudHJlZ3VlIGlzc28gYSB1bQpBbHF1aW1pc3RhIG91IHVtIENyaWFkb3IuClNldSB0cmFiYWxobyBhcXVpIGVzdMOhIGNvbmNsdcOtZG8u,,W0F0aWxhXQpJIGd1ZXNzIGVub3VnaCB0aW1lCmhhcyBwYXNzZWQuIFlvdSByZWFkeQp0byByZXN1bWUgdGhlIHRlc3Rpbmc/ClBsZWFzZSBnaXZlIHRoaXMgdG8gYW4KQWxjaGVtaXN0IG9yIEJpb2NoZW1pc3QuCllvdXIgd29yayBoZXJlIGlzIGRvbmUu
8S5EAw,,W0F0aWxhXQpZb3UgbXVzdCBiZSByYXJpbicKdG8gdGFrZSBvbiB0aGUgbmV4dAp0ZXN0LiBQbGVhc2UgYmUgcGF0aWVudCwKa2lsbCBzb21lIHRpbWUsIGFuZCBqdXN0CmNvbWUgYmFjayB0byBtZSBsYXRlci4=,,,,,W0F0aWxhXQpWb2PDqiBkZXZlIGVzdGFyIHByb250bwpwYXJhIGZhemVyIG8gcHLDs3hpbW8KdGVzdGUuIFNlamEgcGFjaWVudGUsCm1hdGUgdW0gdGVtcG8gZQp2b2x0ZSBtYWlzIHRhcmRlLg==,,W0F0aWxhXQpUw7ogZGViZXMgc2Vy4oCmIC4KdG8gdGFrZSBvbiB0aGUgbmV4dApkZSB0b2RvcyBsb3MgZGVtw6FzPyBUZW4gcGFjaWVuY2lhLCBwb3IgZmF2b3IuCmtpbGwgc29tZSB0aW1lLCBhbmQganVzdAp2dWVsdmUgbcOhcyB0YXJkZS4=
8i5EAw,,W0F0aWxhXQpPaCwgeW91IGdvdCBpdCwgZWg/CllvdSBtaWdodCBub3QgdGhpbmsgdGhpcwp3aWxsIGJlIHNvIGhhcmQsIGJ1dCBJJ20KZ29pbmcgdG8gZ2l2ZSB5b3UgYSBtdWNoCmRpZmZlcmVudCBjaGFsbGVuZ2Ugbm93LgpBcmUgeW91IHJlYWR5IGZvciBpdD8=,,,,,W0F0aWxhXQpBaCwgdm9jw6ogY29uc2VndWl1LCBoZWluPwpUYWx2ZXogdm9jw6ogbsOjbyBhY2hlIHF1ZSBpc3NvCm7Do28gc2VqYSB0w6NvIGRpZsOtY2lsLCBtYXMgZXUKdm91IGxoZSBkYXIgdW0gZGVzYWZpbwptdWl0byBkaWZlcmVudGUgYWdvcmEuCkVzdMOhIHByb250byBwYXJhIGVsZT8=,,W0F0aWxhXQpPaCwgeW91IGdvdCBpdCwgZWg/CllvdSBtaWdodCBub3QgdGhpbmsgdGhpcwp3aWxsIGJlIHNvIGhhcmQsIGJ1dCBJJ20KZ29pbmcgdG8gZ2l2ZSB5b3UgYSBtdWNoCmRpZmZlcmVudCBjaGFsbGVuZ2Ugbm93LgpBcmUgeW91IHJlYWR5IGZvciBpdD8=
8y5EAw,,W0F0aWxhXQpZb3VyIHRlc3Qgd2lsbCBiZSB0bwpncm93IGEgbGl0dGxlIHN0cm9uZ2VyIQpZb3UnbGwgcGFzcyBvbmNlIHlvdQpnYWluIDMgbW9yZSBsZXZlbHMuCkhvdyBhYm91dCB0aGF0LCBlaD8=,,,,,W0F0aWxhXQpTZXUgdGVzdGUgc2Vyw6EgcGFyYQpzZSBmb3J0YWxlY2VyIHVtIHBvdWNvIG1haXMhClZvY8OqIHBhc3NhcsOhIHF1YW5kbwpnYW5oYXIgbWFpcyAzIG7DrXZlaXMuCk8gcXVlIGFjaG91IGRpc3NvLCBoZWluPw==,,W0F0aWxhXQpZb3VyIHRlc3Qgd2lsbCBiZSB0bwpncm93IGEgbGl0dGxlIHN0cm9uZ2VyIQpZb3UnbGwgcGFzcyBvbmNlIHlvdQpnYWluIDMgbW9yZSBsZXZlbHMuCkhvdyBhYm91dCB0aGF0LCBlaD8=
9C5EAw,,W0F0aWxhXQpZb3VyIHRlc3Qgd2lsbCBiZSB0bwpncm93IGEgbGl0dGxlIHN0cm9uZ2VyIQpZb3UnbGwgcGFzcyBvbmNlIHlvdQpnYWluIDIgbW9yZSBsZXZlbHMuCkhvdyBhYm91dCB0aGF0LCBlaD8=,,,,,W0F0aWxhXQpTZXUgdGVzdGUgc2Vyw6EgcGFyYQpzZSBmb3J0YWxlY2VyIHVtIHBvdWNvIG1haXMhClZvY8OqIHBhc3NhcsOhIHF1YW5kbwpnYW5oYXIgbWFpcyAyIG7DrXZlaXMuCk8gcXVlIGFjaG91IGRpc3NvLCBoZWluPw==,,W0F0aWxhXQpZb3VyIHRlc3Qgd2lsbCBiZSB0bwpncm93IGEgbGl0dGxlIHN0cm9uZ2VyIQpZb3UnbGwgcGFzcyBvbmNlIHlvdQpnYWluIDIgbW9yZSBsZXZlbHMuCkhvdyBhYm91dCB0aGF0LCBlaD8=
9S5EAw,,W0F0aWxhXQpZb3VyIHRlc3Qgd2lsbCBiZSB0bwpncm93IGEgbGl0dGxlIHN0cm9uZ2VyIQpZb3UnbGwgcGFzcyBvbmNlIHlvdQpnYWluIDEgbW9yZSBsZXZlbC4KSG93IGFib3V0IHRoYXQsIGVoPw==,,,,,W0F0aWxhXQpTZXUgdGVzdGUgc2Vyw6EgcGFyYQpzZSBmb3J0YWxlY2VyIHVtIHBvdWNvIG1haXMhClZvY8OqIHBhc3NhcsOhIHF1YW5kbwpnYW5oYXIgbWFpcyAxIG7DrXZlbC4KTyBxdWUgYWNob3UgZGlzc28sIGhlaW4/,,W0F0aWxhXQpZb3VyIHRlc3Qgd2lsbCBiZSB0bwpncm93IGEgbGl0dGxlIHN0cm9uZ2VyIQpZb3UnbGwgcGFzcyBvbmNlIHlvdQpnYWluIDEgbW9yZSBsZXZlbC4KSG93IGFib3V0IHRoYXQsIGVoPw==
9i5EAw,,W0F0aWxhXQpXYWl0IGEgbWludXRlLiBGb3JnZXQgaXQhCkkgd2FzIGdvaW5nIHRvIGFzayB5b3UgdG8KcmFpc2UgeW91ciBCYXNlIExldmVsLCBidXQKeW91J3JlIHRvdWdoIGVub3VnaCBhcyBpdCBpcy4KRmluZSwgZmluZS4gWW91IHBhc3MhIEdpdmUgdGhpcwp0byBhIF5GRjAwMDBIdW50ZXJeMDAwMDAwIG9yIF5GRjAwMDBTbmlwZXJeMDAwMDAwIG5vd34=,,,,,W0F0aWxhXQpFc3BlcmUgdW0gcG91Y28uIEVzcXVlw6dhIQpFdSBpYSBsaGUgcGVkaXIgcGFyYQphdW1lbnRhciBzZXUgTsOtdmVsIEJhc2UsIG1hcwp2b2PDqiBqw6EgZXN0w6EgZm9ydGUgbyBzdWZpY2llbnRlLgpDZXJ0bywgY2VydG8uIFZvY8OqIHBhc3NvdSEgRMOqIGlzc28KYSB1bSBeRkYwMDAwQ2HDp2Fkb3JeMDAwMDAwIG91IF5GRjAwMDBBdGlyYWRvciBkZSBFbGl0ZV4wMDAwMDAgYWdvcmF+,,W0F0aWxhXQpFc3BlcmEgdW4gbW9tZW50by4gTmkgaGFibGFyLgpJIHdhcyBnb2luZyB0byBhc2sgeW91IHRvCnJhaXNlIHlvdXIgQmFzZSBMZXZlbCwgYnV0CnlvdSdyZSB0b3VnaCBlbm91Z2ggYXMgaXQgaXMuCkVzdMOhIGJpZW4uIMKhQXByb2Jhc3RlISAKdG8gYSBeNjYwMDAwSHVudGVyXjAwMDAwMCBvciBeNjYwMDAwU25pcGVyXjAwMDAwMCBub3c=
9y5EAw,,W0F0aWxhXQpZb3UgZ290IGEgbGl0dGxlIHN0cm9uZ2VyLAplaD8gRmluZSwgZmluZS4gWW91IHBhc3MuCkhlcmUsIG5vdyB0YWtlIHRoaXMgYW5kCmdpdmUgaXQgdG8gYSBeRkYwMDAwSHVudGVyXjAwMDAwMCBvciBeRkYwMDAwU25pcGVyXjAwMDAwMAppbiB5b3VyIGd1aWxkLiBOaWNlIHdvcmssCmFuZCBJJ2xsIHNlZSB5b3UgYXJvdW5kLg==,,,,,W0F0aWxhXQpWb2PDqiBmaWNvdSB1bSBwb3VjbyBtYWlzIGZvcnRlLApuw6k/IENlcnRvLCBjZXJ0by4gVm9jw6ogcGFzc291LgpBZ29yYSBwZWd1ZSBpc3NvIGUKZMOqIGEgdW0gXkZGMDAwMENhw6dhZG9yXjAwMDAwMCBvdSBeRkYwMDAwQXRpcmFkb3IgZGUgRWxpdGVeMDAwMDAwCmRhIHN1YSBndWlsZGEuIEJvbSB0cmFiYWxobywKZSBub3MgdmVtb3MgcG9yIGHDrS4=,,W0F0aWxhXQpZb3UgZ290IGEgbGl0dGxlIHN0cm9uZ2VyLArCv0VoPyBFc3TDoSBiaWVuLiDCoUFwcm9iYXN0ZSEKSGVyZSwgbm93IHRha2UgdGhpcyBhbmQKZ2l2ZSBpdCB0byBhIF42NjAwMDBIdW50ZXJeMDAwMDAwIG9yIF42NjAwMDBTbmlwZXJeMDAwMDAwCmluIHlvdXIgZ3VpbGQuIE5pY2Ugd29yaywKYW5kIEknbGwgc2VlIHlvdSBhcm91bmQu
+C5EAw,,W0F0aWxhXQpZb3UncmUgc3RpbGwgbm90IHN0cm9uZwplbm91Z2ggdG8gcGFzcyB0aGlzIHRlc3QuCkh1cnJ5IHVwLCBraWxsIHNvbWUgbW9uc3RlcnMsCmFuZCBnYWluIHNvbWUgXkZGMDAwMEJhc2UgTGV2ZWxzXjAwMDAwMC4KWW91IGhhdmUgdG8gYmVjb21lIHN0cm9uZ2VyIQ==,,,,,W0F0aWxhXQpWb2PDqiBhaW5kYSBuw6NvIMOpIGZvcnRlCm8gc3VmaWNpZW50ZSBwYXJhIHBhc3NhciBuZXNzZSB0ZXN0ZS4KVmFtb3MgbMOhLCBtYXRlIGFsZ3VucyBtb25zdHJvcywKZSBnYW5oZSBhbGd1bnMgXkZGMDAwME7DrXZlaXMgQmFzZV4wMDAwMDAuClZvY8OqIHByZWNpc2EgZmljYXIgbWFpcyBmb3J0ZSE=,,W0F0aWxhXQpZb3UncmUgc3RpbGwgbm90IHN0cm9uZwplbm91Z2ggdG8gcGFzcyB0aGlzIHRlc3QuCkh1cnJ5IHVwLCBraWxsIHNvbWUgbW9uc3RlcnMsCmFuZCBnYWluIHNvbWUgXjY2MDAwMEJhc2UgTGV2ZWxzXjAwMDAwMC4KWW91IGhhdmUgdG8gYmVjb21lIHN0cm9uZ2VyIQ==
+S5EAw,,W0F0aWxhXQpBaCwgZ29vZCwgeW91J3JlIGhlcmUuCk5vdywgbXkgcmVxdWVzdCBmb3IgeW91CmlzIHRoaXM6IHBsZWFzZSBkb25hdGUKeW91ciBGYWxjb24gZm9yIHRoZQpzYWtlIG9mIHlvdXIgZ3VpbGQu,,,,,W0F0aWxhXQpBaCwgcXVlIGJvbSwgdm9jw6ogdmVpby4KQWdvcmEsIG1ldSBwZWRpZG8gcGFyYSB2b2PDqgrDqSBvIHNlZ3VpbnRlOiBwb3IgZmF2b3IsIGRvZQpzZXUgRmFsY8OjbyBwYXJhIG8KcGFyYSBvIGJlbSBkYSBzdWEgZ3VpbGRhLg==,,W0F0aWxhXQpBaCwgZ29vZCwgeW91J3JlIGhlcmUuCk5vdywgbXkgcmVxdWVzdCBmb3IgeW91CmlzIHRoaXM6IHBsZWFzZSBkb25hdGUKeW91ciBGYWxjb24gZm9yIHRoZQpzYWtlIG9mIHlvdXIgZ3VpbGQu
+i5EAw,,RG9uYXRlIEZhbGNvbg==,,,,,RG9hciBGYWxjw6Nv,,RG9uYXRlIEZhbGNvbg==
+y5EAw,,Tm8gd2F5IQ==,,,,,RGUgamVpdG8gbmVuaHVtIQ==,,wqFEZSBuaW5ndW5hIG1hbmVyYSE=
/C5EAw,,W0F0aWxhXQpHcmVhdCEgRG9uJ3Qgd29ycnksCnlvdXIgRmFsY29uIHdpbGwgYmUgc2FmZQp1bmRlciBvdXIgY2FyZSwgYW5kIHdpbGwKYmUgdXNlIHRvIHNjb3V0IGFyZWFzIGFuZApkZWxpdmVyIG1haWwuIFRoYXQncyB3aHkKSSBhc2tlZCB5b3UgZm9yIGl0Lg==,,,,,W0F0aWxhXQrDk3RpbW8hIE7Do28gc2UgcHJlb2N1cGUsCnNldSBGYWxjw6NvIGZpY2Fyw6EgYmVtCnNvYiBub3Nzb3MgY3VpZGFkb3MgZSBzZXLDoQp1c2FkbyBwYXJhIGV4cGxvcmFyIMOhcmVhcyBlCmVudHJlZ2FyIGNvcnJlc3BvbmTDqm5jaWFzLiDDiSBwb3IgaXNzbyBxdWUKcGVkaSBhIHZvY8OqLg==,,W0F0aWxhXQrCoUdlbmlhbCEgTm8gdGUgcHJlb2N1cGVzLAp5b3VyIEZhbGNvbiB3aWxsIGJlIHNhZmUKdW5kZXIgb3VyIGNhcmUsIGFuZCB3aWxsCmJlIHVzZSB0byBzY291dCBhcmVhcyBhbmQKUG9yIGVzbywKSSBhc2tlZCB5b3UgZm9yIGl0Lg==
/S5EAw,,W0F0aWxhXQpOb3csIHBsZWFzZSB0YWtlIHRoaXMKc3Bpcml0LCBhbmQgZ2l2ZSBpdCB0bwp5b3VyIGd1aWxkIG1hc3RlciBhcwpzb29uIGFzIHlvdSBjYW4sIGFscmlnaHQ/,,,,,W0F0aWxhXQpBZ29yYSwgcG9yIGZhdm9yLCBwZWd1ZSBlc3NlCmVzcMOtcml0byBlIGVudHJlZ3VlLW8gYW8Kc2V1IG1lc3RyZSBkYSBndWlsZGEKYXNzaW0gcXVlIHB1ZGVyLCBvaz8=,,W0F0aWxhXQpQb3IgZmF2b3IsIHRvbWVuIGVzdG/igKYKc3Bpcml0LCBhbmQgZ2l2ZSBpdCB0bwp5b3VyIGd1aWxkIG1hc3RlciBhcwpzb29ueSwgbG8gYW50ZXMgcG9zaWJsZSE=
/i5EAw,,W0F0aWxhXQpJJ20gZ2xhZCB0aGF0IHlvdSdyZQp3aWxsaW5nIHRvIHBhcnQgd2l0aCB5b3VyCkZhbGNvbiwgYnV0IGl0IGRvZXNuJ3Qgc2VlbQp0byBiZSB3aXRoIHlvdSByaWdodCBub3cuCkdvIGdldCBvbmUsIGFuZCBjb21lIGJhY2su,,,,,W0F0aWxhXQpGaWNvIGZlbGl6IHF1ZSB2b2PDqiBlc3RlamEKZGlzcG9zdG8gYSBzZSBkZXNmYXplciBkZSBzZXUKRmFsY8OjbywgbWFzIHBhcmVjZSBxdWUgZWxlIG7Do28KZXN0w6EgY29tIHZvY8OqIG5vIG1vbWVudG8uClZvbHRlIHF1YW5kbyB0aXZlciB1bS4=,,W0F0aWxhXQpNZSBhbGVncm8gZGUgcXVlCndpbGxpbmcgdG8gcGFydCB3aXRoIHlvdXIKRmFsY29uLCBidXQgaXQgZG9lc24ndCBzZWVtCnRvIGJlIHdpdGggeW91IHJpZ2h0IG5vdy4KR28gZ2V0IG9uZSwgYW5kIGNvbWUgYmFjay4=
/y5EAw,,W0F0aWxhXQpXZWxsLCBJIGNhbid0IGhlbHAgaXQgaWYgeW91CnJlYWxseSB3YW50IHRvIGtlZXAgeW91cgpGYWxjb24sIGJ1dCBwbGVhc2UgY29tZQpiYWNrIGlmIHlvdSBjaGFuZ2UgeW91ciBtaW5kLgpJIGNhbid0IGRvIGFueXRoaW5nIGZvciB5b3UKdW5sZXNzIHlvdSBjb29wZXJhdGUu,,,,,W0F0aWxhXQpFdSBuw6NvIHBvc3NvIGFqdWRhciBzZSB2b2PDqgpxdWlzZXIgZmljYXIgY29tIHNldQpGYWxjw6NvLCBtYXMgdm9sdGUKc2UgbXVkYXIgZGUgaWRlaWEuCk7Do28gcG9zc28gZmF6ZXIgbmFkYSAKYSBtZW5vcyBxdWUgdm9jw6ogY29vcGVyZS4=,,W0F0aWxhXQpXZWxsLCBJIGNhbid0IGhlbHAgaXQgaWYgeW91CnJlYWxseSB3YW50IHRvIGtlZXAgeW91cgpGYWxjb24sIGJ1dCBwbGVhc2UgY29tZQpyZWdyZXNhIHNpIGNhbWJpYXMgZGUgb3BpbmnDs24uCkFob3JhIG1pc21vIG5vIHB1ZWRvIGhhY2VyIG5hZGEgcG9yIHRpLgp1bmxlc3MgeW91IGNvb3BlcmF0ZS4=
AC9EAw,,W0F0aWxhXQpQbGVhc2UgZ2l2ZSB0aGUKU3Bpcml0IG9mIENoYXJnZSB0bwphIF5GRjAwMDBCbGFja3NtaXRoXjAwMDAwMCBvciBeRkYwMDAwTWFzdGVyc21pdGheMDAwMDAwLgpJdCB3b24ndCBkbyBhbnkgZ29vZCBpbiB0aGUKaGFuZHMgb2YgYW55Ym9keSBlbHNlLg==,,,,,W0F0aWxhXQpQb3IgZmF2b3IsIGTDqiBvCkVzcMOtcml0byBkbyBBdGFxdWUgcGFyYQp1bSBeRkYwMDAwRmVycmVpcm9eMDAwMDAwIG91IF5GRjAwMDBNZXN0cmUtRmVycmVpcm9eMDAwMDAwLgpFbGUgc2Vyw6EgaW7DunRpbCBuYXMKbcOjb3MgZGUgb3V0cmEgcGVzc29hLg==,,W0F0aWxhXQpQbGVhc2UgZ2l2ZSB0aGUKU3Bpcml0IG9mIENoYXJnZSB0bwphIF42NjAwMDBCbGFja3NtaXRoXjAwMDAwMCBvciBeNjYwMDAwTWFzdGVyc21pdGheMDAwMDAwLgpJdCB3b24ndCBkbyBhbnkgZ29vZCBpbiB0aGUKaGFuZHMgb2YgYW55Ym9keSBlbHNlLg==
AS9EAw,,W0F0aWxhXQpZb3UgZG9uJ3QgaGF2ZQphbnl0aGluZyB0byBkbz8KV2h5IGRvbid0IHlvdSBoZWxwCnlvdXIgZ3VpbGQgaHVudCBtb25zdGVycz8KSXQnbGwgYmUgYSBnb29kIGNoYW5jZSB0bwpzaG93IHRoZW0geW91ciBza2lsbHN+,,,,,W0F0aWxhXQpWb2PDqiBuw6NvIHRlbQpuYWRhIHBhcmEgZmF6ZXI/ClBvciBxdWUgdm9jw6ogbsOjbyBhanVkYQpzdWEgZ3VpbGRhIGEgY2HDp2FyIG1vbnN0cm9zPwpTZXLDoSB1bWEgYm9hIGNoYW5jZSBkZQptb3N0cmFyIGEgZWxlcyBzdWFzIGhhYmlsaWRhZGVzfg==,,W0F0aWxhXQrCv05vIHRpZW5lcwphbnl0aGluZyB0byBkbz8Kwr9Qb3IgcXXDqSBubyB0ZSByZWxhamFzCnlvdXIgZ3VpbGQgaHVudCBtb25zdGVycz8KSXQnbGwgYmUgYSBnb29kIGNoYW5jZSB0bwpzaG93IHRoZW0geW91ciBza2lsbHM=
Ai9EAw,,W0F0aWxhXQpQbGVhc2UgZ2l2ZSB0aGUKU3Bpcml0IG9mIEFzc29jaWF0aW9uIHRvCmFuIF5GRjAwMDBBbGNoZW1pc3ReMDAwMDAwIG9yIF5GRjAwMDBCaW9jaGVtaXN0XjAwMDAwMC4KSXQgd29uJ3QgZG8gYW55IGdvb2QgaW4gdGhlCmhhbmRzIG9mIGFueWJvZHkgZWxzZS4=,,,,,W0F0aWxhXQpQb3IgZmF2b3IsIGTDqiBvCkVzcMOtcml0byBkYSBBc3NvY2lhw6fDo28gYQp1bSBeRkYwMDAwQWxxdWltaXN0YV4wMDAwMDAgb3UgXkZGMDAwMENyaWFkb3JeMDAwMDAwLgpFbGUgbsOjbyBzZXJ2aXLDoSBwYXJhIG5hZGEgbmFzCm3Do29zIGRlIG91dHJhIHBlc3NvYS4=,,W0F0aWxhXQpQbGVhc2UgZ2l2ZSB0aGUKU3Bpcml0IG9mIEFzc29jaWF0aW9uIHRvCmFuIF42NjAwMDBBbGNoZW1pc3ReMDAwMDAwIG9yIF42NjAwMDBCaW9jaGVtaXN0XjAwMDAwMC4KSXQgd29uJ3QgZG8gYW55IGdvb2QgaW4gdGhlCmhhbmRzIG9mIGFueWJvZHkgZWxzZS4=
Ay9EAw,,W0F0aWxhXQpIbS4gRG9uJ3QgeW91IGhhdmUKYW55dGhpbmcgdG8gZG8/IEkgc3VwcG9zZQppdCdzIGJldHRlciB0byBiZSBib3JlZAp0aGFuIHRvIGJlIG92ZXJ3aGVsbWVkLgpPaCB3ZWxsLCB5b3UnbGwgZmlndXJlCnNvbWV0aGluZyBvdXQu,,,,,W0F0aWxhXQpIbS4gVm9jw6ogbsOjbyB0ZW0KbmFkYSBwYXJhIGZhemVyPyBBY2hvIHF1ZQrDqSBtZWxob3IgZmljYXIgZW50ZWRpYWRvCmRvIHF1ZSBmaWNhciBzb2JyZWNhcnJlZ2Fkby4KQWgsIHZvY8OqIHZhaSBlbmNvbnRyYXIKYWxnbyBwYXJhIGZhemVyLg==,,W0F0aWxhXQpNbW0uIMK/Tm8gdGllbmVzCsKhU3Utc3Utc3Vwb25nbyBxdWUgbG8gcC1wdWVkbyBoYWNlcuKApiEKaXQncyBiZXR0ZXIgdG8gYmUgYm9yZWQKdGhhbiB0byBiZSBvdmVyd2hlbG1lZC4KT2ggd2VsbCwgeW91J2xsIGZpZ3VyZQpzb21ldGhpbmcgb3V0Lg==
BC9EAw,,W0F0aWxhXQpQbGVhc2UgZ2l2ZSB0aGUKU3Bpcml0IG9mIENvb3JkaW5hdGlvbgp0byBhIF5GRjAwMDBIdW50ZXJeMDAwMDAwIG9yIF5GRjAwMDBTbmlwZXJeMDAwMDAwLgpJdCB3b24ndCBkbyBhbnkgZ29vZCBpbiB0aGUKaGFuZHMgb2YgYW55Ym9keSBlbHNlLg==,,,,,W0F0aWxhXQpQb3IgZmF2b3IsIGTDqiBvCkVzcMOtcml0byBkYSBDb29yZGVuYcOnw6NvCmEgdW0gXkZGMDAwMENhw6dhZG9yXjAwMDAwMCBvdSB1bSBeRkYwMDAwQXRpcmFkb3IgZGUgRWxpdGVeMDAwMDAwLgpFbGUgbsOjbyBzZXJ2aXLDoSBkZSBuYWRhIG5hcwptw6NvcyBkZSBvdXRyYSBwZXNzb2Eu,,W0F0aWxhXQpQbGVhc2UgZ2l2ZSB0aGUKU3Bpcml0IG9mIENvb3JkaW5hdGlvbgp0byBhIF42NjAwMDBIdW50ZXJeMDAwMDAwIG9yIF42NjAwMDBTbmlwZXJeMDAwMDAwLgpJdCB3b24ndCBkbyBhbnkgZ29vZCBpbiB0aGUKaGFuZHMgb2YgYW55Ym9keSBlbHNlLg==
BS9EAw,,W0F0aWxhXQpHb29kIHdvcmsuIFBsZWFzZQpnbyBhaGVhZCBhbmQgdGFrZSBhIHJlc3QsCmFuZCB0aGVuIGNvbWUgYmFjayB0byBtZQpsYXRlci4gSSdsbCBoYXZlIHNvbWV0aGluZwp0byBnaXZlIHlvdSBieSB0aGVuLg==,,,,,W0F0aWxhXQrDk3RpbW8gdHJhYmFsaG8uIFBvciBmYXZvciwKZGVzY2Fuc2UgdW0gcG91Y28sCmUgZGVwb2lzIHZvbHRlIGFxdWkuClRlcmVpIGFsZ28gcGFyYQpsaGUgZGFyIGF0w6kgbMOhLg==,,W0F0aWxhXQpCdWVuIHRyYWJham8uIFBvciBmYXZvciwKZ28gYWhlYWQgYW5kIHRha2UgYSByZXN0LAphbmQgdGhlbiBjb21lIGJhY2sgdG8gbWUKbHVlZ28uIFRlIGRhcsOpIGFsZ28KdG8gZ2l2ZSB5b3UgYnkgdGhlbi4=
Bi9EAw,,W0F0aWxhXQpQbGVhc2UgZ2l2ZSB0aGUKU3Bpcml0IG9mIEFkdmFuY2UKdG8geW91ciBeRkYwMDAwZ3VpbGQgbWFzdGVyXjAwMDAwMC4KSXQgd29uJ3QgZG8gYW55IGdvb2QgaW4gdGhlCmhhbmRzIG9mIGFueWJvZHkgZWxzZS4=,,,,,W0F0aWxhXQpQb3IgZmF2b3IsIGTDqiBvCkVzcMOtcml0byBkbyBBdmFuw6dvCmFvIHNldV5GRjAwMDBtZXN0cmUgZGEgZ3VpbGRhXjAwMDAwMC4KRWxlIG7Do28gc2Vydmlyw6EgZGUgbmFkYSBuYXMKbcOjb3MgZGUgbWFpcyBuaW5ndcOpbS4=,,W0F0aWxhXQpQbGVhc2UgZ2l2ZSB0aGUKU3Bpcml0IG9mIEFkdmFuY2UKdG8geW91ciBeNjYwMDAwZ3VpbGQgbWFzdGVyXjAwMDAwMC4KSXQgd29uJ3QgZG8gYW55IGdvb2QgaW4gdGhlCmhhbmRzIG9mIGFueWJvZHkgZWxzZS4=
By9EAw,,W0F0aWxhXQpZb3VyIGZhbGNvbidzIGJlZW4KYSBncmVhdCBoZWxwIGluIHRoZQpndWlsZC4gSG0/IFlvdSBhbHJlYWR5Cm1pc3MgaXQ/IEhhaGFoYWhhIQ==,,,,,W0F0aWxhXQpTZXUgZmFsY8OjbyB0ZW0gc2lkbwp1bWEgZ3JhbmRlIGFqdWRhIG5hCmd1aWxkYS4gRSBhw60/IErDoSBlc3TDoQpzZW50aW5kbyBmYWx0YSBkZWxlPyBIYWhhaGFoYWhhIQ==,,W0F0aWxhXQpZb3VyIGZhbGNvbidzIGJlZW4KYSBncmVhdCBoZWxwIGluIHRoZQrCv01tPyAKwqFKYSwgamEsIGphLCBqYSE=
CC9EAw,,W0F0aWxhXQpIbT8gV2hhdCBicmluZ3MgeW91CmhlcmU/IEkgZG9uJ3QgdGhpbmsgd2UKaGF2ZSBhbnkgYnVzaW5lc3MgdG8KY29uZHVjdC4gQW0gSSBtaXN0YWtlbj8=,,,,,W0F0aWxhXQpIbT8gTyBxdWUgbyB0cmF6CmFxdWk/IEFjaG8gcXVlIG7Do28gdGVtb3MKbmVnw7NjaW9zIHBhcmEgY29uZHV6aXIuIApPdSBlc3RvdSBlbmdhbmFkbz8=,,W0F0aWxhXQrCv01tPyDCv1BvciBxdcOpIHZpZW5lcwphcXXDrT8gTm8gY3JlbwpoYXZlIGFueSBidXNpbmVzcyB0bwpjb25kdWN0LiBBbSBJIG1pc3Rha2VuPw==
CS9EAw,,W0F0aWxhXQpIbT8gV2hhdCBicmluZ3MgeW91CmhlcmU/IEZlZWwgZnJlZSB0byB0YWtlCnlvdXIgdGltZSBhbmQgbG9vayBhcm91bmQKaWYgdGhhdCdzIHdoYXQgcGxlYXNlcyB5b3Uu,,,,,W0F0aWxhXQpIbT8gTyBxdWUgbyB0cmF6CmFxdWk/IFNpbnRhLXNlIMOgIHZvbnRhZGUgcGFyYQpkYXIgdW1hIG9saGFkYSBwb3IgaWEKc2Ugw6kgaXNzbyBxdWUgbGhlIGFncmFkYS4=,,W0F0aWxhXQrCv01tPyDCv1BvciBxdcOpIHZpZW5lcwphcXXDrT8gTm8gZHVkZXMgZW4gZGFydGUKdMOzbWF0ZSB0dSB0aWVtcG8geSBlY2hhIHVuIHZpc3Rhem8uCmlmIHRoYXQncyB3aGF0IHBsZWFzZXMgeW91Lg==
Ci9EAw,,W0F0aWxhXQpUaGVyZSBpc24ndCBtdWNoIHRvIHNlZQphcm91bmQgaGVyZSwgYnV0IHlvdSdyZQp3ZWxjb21lIHRvIHN0YXkgYW5kIGxvb2sKYXJvdW5kIGhlcmUgaWYgeW91IHdpc2gu,,,,,W0F0aWxhXQpOw6NvIGjDoSBtdWl0byBwYXJhIHZlcgpwb3IgYXF1aSwgbWFzIHZvY8OqIMOpCmJlbS12aW5kbyBhIGZpY2FyIGUgZGFyIHVtYSBvbGhhZGEKcG9yIGFxdWksIHNlIGRlc2VqYXIu,,W0F0aWxhXQpUaGVyZSBpc24ndCBtdWNoIHRvIHNlZQphcm91bmQgaGVyZSwgYnV0IHlvdSdyZQp3ZWxjb21lIHRvIHN0YXkgYW5kIGxvb2sKYXJvdW5kIGhlcmUgaWYgeW91IHdpc2gu
Cy9EAw,,Q2VjaWw=,,,,,Q2VjaWw=,,Q2VjaWw=
DC9EAw,,XjMzNTVGRlRoaXMgZXhoYXVzdGVkIG1hbgpub3RpY2VzIHlvdSBzdGFyaW5nIGF0CmhpbSwgYnV0IGNob29zZXMgdG8gbGVhdmUKeW91IGFsb25lLiBUaGVyZSdzIG5vIG9uZQplbHNlIGluIHRoaXMgc3Ryb25naG9sZCBzbwp0aGVyZSdzIG5vIHJlYXNvbiB0byBiZSBoZXJlLl4wMDAwMDA=,,,,,XjMzNTVGRkVzdGUgaG9tZW0gZXhhdXN0bwpwZXJjZWJlIHF1ZSB2b2PDqiBlc3TDoSBvbGhhbmRvCnBhcmEgZWxlLCBtYXMgcHJlZmVyZSBkZWl4YXIKdm9jw6ogZW0gcGF6LiBOw6NvIGjDoSBtYWlzIG5pbmd1w6ltCm5lc3RhIGZvcnRhbGV6YSwgZW50w6NvCm7Do28gaMOhIHJhesOjbyBwYXJhIGZpY2FyIGFxdWkuXjAwMDAwMA==,,XjI1MDJGRFRoaXMgZXhoYXVzdGVkIG1hbgpub3RpY2VzIHlvdSBzdGFyaW5nIGF0CmhpbSwgYnV0IGNob29zZXMgdG8gbGVhdmUKeW91IGFsb25lLiBUaGVyZSdzIG5vIG9uZQplbHNlIGluIHRoaXMgc3Ryb25naG9sZCBzbwp0aGVyZSdzIG5vIHJlYXNvbiB0byBiZSBoZXJlLl4wMDAwMDA=
DS9EAw,,W0NlY2lsXQpIbT8gV2hhdCBhcmUgeW91IGRvaW5nPwpZb3UncmUgbm90IHN1cHBvc2VkIHRvCmJlIHRoZSBvbmUgaG9sZGluZyBvbnRvCnRoaXMgc291bC4gQSBTYWdlIG9yIGEKUHJvZmVzc29yIHdhcyBzdXBwb3NlZAp0byBjb21lIGhlcmUgd2l0aCBpdC4=,,,,,W0NlY2lsXQpIbT8gTyBxdWUgZXN0w6EgZmF6ZW5kbz8KVm9jw6ogbsOjbyBkZXZlcmlhCnNlciBvIHJlc3BvbnPDoXZlbCBwb3IKZXNzYSBhbG1hLiBVbSBTw6FiaW8gb3UgdW0KUHJvZmVzc29yIGRldmVyaWEKdGVyIHZpbmRvIGFxdWkgY29tIGVsYS4=,,W0NlY2lsXQrCv01tPyDCv1F1w6kgZXN0w6FzIGhhY2llbmRvPwrCoVNlIHN1cG9uZSBxdWUgbm8KYmUgdGhlIG9uZSBob2xkaW5nIG9udG8KdGhpcyBzb3VsLiBBIFNhZ2Ugb3IgYQpQcm9mZXNzb3Igd2FzIHN1cHBvc2VkCnRvIGNvbWUgaGVyZSB3aXRoIGl0Lg==
Di9EAw,,W0NlY2lsXQpNYWtlIHN1cmUgeW91IGdpdmUKdGhhdCBzb3VsIHlvdSdyZSBob2xkaW5nCnRvIGEgXkZGMDAwMFNhZ2VeMDAwMDAwIG9yIF5GRjAwMDBQcm9mZXNzb3JeMDAwMDAwLCBhbmQKdGhlbiBoYXZlIGhpbSBicmluZyBpdCB0byBtZS4=,,,,,W0NlY2lsXQpDZXJ0aWZpcXVlLXNlIGRlIGRhcgplc3NhIGFsbWEgcXVlIGVzdMOhIHNlZ3VyYW5kbwphIHVtIF5GRjAwMDBTw6FiaW9eMDAwMDAwIG91IF5GRjAwMDBQcm9mZXNzb3JeMDAwMDAwLAplIHBlw6dhIHF1ZSBlbGUgYSB0cmFnYSBwYXJhIG1pbS4=,,W0NlY2lsXQpNYWtlIHN1cmUgeW91IGdpdmUKdGhhdCBzb3VsIHlvdSdyZSBob2xkaW5nCnRvIGEgXjY2MDAwMFNhZ2VeMDAwMDAwIG9yIF42NjAwMDBQcm9mZXNzb3JeMDAwMDAwLCBhbmQKdGhlbiBoYXZlIGhpbSBicmluZyBpdCB0byBtZS4=
Dy9EAw,,W0NlY2lsXQpPdXIgYnVzaW5lc3MgdG9nZXRoZXIKaGFzIGNvbmNsdWRlZC4gSWYgeW91J3JlCm5vdCBidXN5LCB3aHkgZG9uJ3QgeW91IHRyeQpoZWxwaW5nIG91dCB5b3VyIGd1aWxkPyBZZXMsCkknbSBzdXJlIHRoZXknZCBhcHByZWNpYXRlIGl0Lg==,,,,,W0NlY2lsXQpOb3Nzb3MgbmVnw7NjaW9zIGp1bnRvcwplc3TDo28gY29uY2x1w61kb3MuIFNlIHZvY8OqIG7Do28gZXN0aXZlcgpvY3VwYWRvLCBwb3IgcXVlIG7Do28gdGVudGEKYWp1ZGFyIGEgc3VhIGd1aWxkYT8gU2ltLAp0ZW5obyBjZXJ0ZXphIGRlIHF1ZSBmaWNhcmlhbSBmZWxpemVzLg==,,W0NlY2lsXQpPdXIgYnVzaW5lc3MgdG9nZXRoZXIKaGFzIGNvbmNsdWRlZC4gSWYgeW91J3JlCm5vdCBidXN5LCB3aHkgZG9uJ3QgeW91IHRyeQpTw60uCkknbSBzdXJlIHRoZXknZCBhcHByZWNpYXRlIGl0Lg==
EC9EAw,,W0NlY2lsXQpJIHNlZSB0aGF0IHlvdSd2ZSBicm91Z2h0CnRoZSBeNDI0MjZGU3Bpcml0IG9mIFRydXN0XjAwMDAwMC4gTm93LCB0aGUKZmlyc3QgdGhpbmcgSSB3YW50IHlvdSB0byBkbyBpcwp0byBidWlsZCB0aGUgdHJ1c3QgYmV0d2VlbiB5b3UKYW5kIHlvdXIgZ3VpbGQgbWVtYmVycy4KU3BlbmQgdGltZSB3aXRoIHRoZW0u,,,,,W0NlY2lsXQpWZWpvIHF1ZSB2b2PDqiB0cm91eGUKbyBeNDI0MjZGRXNww61yaXRvIGRhIENvbmZpYW7Dp2FeMDAwMDAwLiBBZ29yYSwgYQpwcmltZWlyYSBjb2lzYSBxdWUgcXVlcm8gcXVlIHZvY8OqIGZhw6dhIMOpCnF1ZSB0cmFiYWxoZSBuYSBjb25maWFuw6dhIGVudHJlIHZvY8OqCmUgb3MgbWVtYnJvcyBkZSBzdWEgZ3VpbGRhLgpQYXNzZSB1bSB0ZW1wbyBjb20gZWxlcy4=,,W0NlY2lsXQpWZW8gcXVlIG1lIGhhcyB0cmHDrWRvCkJ1ZW5vLCBlbApmaXJzdCB0aGluZyBJIHdhbnQgeW91IHRvIGRvIGlzCnRvIGJ1aWxkIHRoZSB0cnVzdCBiZXR3ZWVuIHlvdQphbmQgeW91ciBndWlsZCBtZW1iZXJzLgpTcGVuZCB0aW1lIHdpdGggdGhlbS4=
ES9EAw,,W0NlY2lsXQpJIHdhbnQgeW91IHRvIGJ1aWxkCnVwIHNvbWUgZnJpZW5kbHkgYm9uZHMKd2l0aGluIHlvdXIgZ3VpbGQgYmVmb3JlCmNvbWluZyBiYWNrIHRvIG1lLiBZb3VyCmd1aWxkIG11c3QgaGF2ZSBzb2xpZGFyaXR5CmluIG9yZGVyIHRvIGJlIHN1Y2Nlc3NmdWwu,,,,,W0NlY2lsXQpRdWVybyBxdWUgdm9jw6ogY29uc3RydWEKYWxndW5zIGxhw6dvcyBkZSBhbWl6YWRlCmVtIHN1YSBndWlsZGEgYW50ZXMgZGUKdm9sdGFyIGFxdWkuIFN1YQpndWlsZGEgcHJlY2lzYSB0ZXIgc29saWRhcmllZGFkZQpwYXJhIHNlciBiZW0tc3VjZWRpZGEu,,W0NlY2lsXQpJIHdhbnQgeW91IHRvIGJ1aWxkCnVwIHNvbWUgZnJpZW5kbHkgYm9uZHMKd2l0aGluIHlvdXIgZ3VpbGQgYmVmb3JlCmRlIHZvbHZlciBhIHZlcm1lPyBUdQpndWlsZCBtdXN0IGhhdmUgc29saWRhcml0eQppbiBvcmRlciB0byBiZSBzdWNjZXNzZnVsLg==
Ei9EAw,,W0NlY2lsXQpTbyBkaWQgeW91IHNwZW5kIHNvbWUKcXVhbGl0eSB0aW1lIHdpdGggeW91cgpndWlsZCBtZW1iZXJzLCBhbmQgZ2V0CmEgY2hhbmNlIHRvIHJlYWxseSBsZWFybgp3aG8gdGhleSBhcmU/IFlvdSBtdXN0CmxvdmUgeW91ciBjb21yYWRlcy4=,,,,,W0NlY2lsXQpFbnTDo28sIHZvY8OqIHBhc3NvdSBhbGd1bQp0ZW1wbyBkZSBxdWFsaWRhZGUgY29tIG9zCm1lbWJyb3MgZGEgc3VhIGd1aWxkYSBlIHRldmUKdW1hIGNoYW5jZSBkZSBjb25oZWPDqi1sb3MKbWVsaG9yPyBWb2PDqiBkZXZlCmFtYXIgc2V1cyBjb21wYW5oZWlyb3Mu,,W0NlY2lsXQpTbyBkaWQgeW91IHNwZW5kIHNvbWUKcXVhbGl0eSB0aW1lIHdpdGggeW91cgpndWlsZCBtZW1iZXJzLCBhbmQgZ2V0CmEgY2hhbmNlIHRvIHJlYWxseSBsZWFybgpEZWJlcwpsb3ZlIHlvdXIgY29tcmFkZXMu
Ey9EAw,,W0NlY2lsXQpOb3cgeW91IGtub3cgaG93CmltcG9ydGFudCBib25kaW5nIHRydWx5CmlzLiBQbGVhc2UgZ2l2ZSB0aGlzIHNwaXJpdAp0byBhIF40MjQyNkZCYXJkXjAwMDAwMCwgXjQyNDI2Rk1pbnN0cmVsXjAwMDAwMCwgXjQyNDI2RkRhbmNlcl4wMDAwMDAsCm9yIF40MjQyNkZHeXBzeV4wMDAwMDAuIEdvb2QgbHVjayB0byB5b3Uu,,,,,W0NlY2lsXQpBZ29yYSB2b2PDqiBzYWJlIGNvbW8KaW1wb3J0YW50ZSBhIHVuacOjbyByZWFsbWVudGUKw6kuIFBvciBmYXZvciwgZMOqIGVzc2UgZXNww61yaXRvCmEgdW0gXjQyNDI2RkJhcmRvXjAwMDAwMCwgXjQyNDI2RlRyb3ZhZG9yXjAwMDAwMCwgXjQyNDI2Rk9kYWxpc2NhXjAwMDAwMCwKb3UgdW1hIF40MjQyNkZDaWdhbmFeMDAwMDAwLiBCb2Egc29ydGUu,,W0NlY2lsXQpZYSBjb25vY2VzCmltcG9ydGFudCBib25kaW5nIHRydWx5CmVuIHZlcmRhZC4gCnRvIGEgXjhCNzUwMEJhcmReMDAwMDAwLCBeOEI3NTAwTWluc3RyZWxeMDAwMDAwLCBeOEI3NTAwRGFuY2VyXjAwMDAwMCwKQnVlbmEgc3VlcnRlLg==
FC9EAw,,W0NlY2lsXQpIbT8gQmFjayBzbyBzb29uPwpUaGF0IGhhc24ndCBiZWVuIGVub3VnaAp0aW1lIGZvciB5b3UgdG8gcmVhbGx5IGJvbmQKd2l0aCB5b3VyIGd1aWxkIG1lbWJlcnMuCkdvIGJhY2ssIGFzayB0aGVtIGFib3V0IHRoZWlyCmRyZWFtcywgcGFzc2lvbnMsIGFuZCBnb2FscyE=,,,,,W0NlY2lsXQpIbT8gVm9sdG91IHTDo28gY2Vkbz8KTsOjbyBmb2kgdGVtcG8gc3VmaWNpZW50ZQpwYXJhIHZvY8OqIHNlIHJlbGFjaW9uYXIKY29tIG9zIG1lbWJyb3MgZGUgc3VhIGd1aWxkYS4KVm9sdGUgZSBwZXJndW50ZSBhIGVsZXMgc29icmUgc2V1cwpzb25ob3MsIHBhaXjDtWVzIGUgb2JqZXRpdm9zIQ==,,W0NlY2lsXQrCv01tPyAKVGhhdCBoYXNuJ3QgYmVlbiBlbm91Z2gKdGltZSBmb3IgeW91IHRvIHJlYWxseSBib25kCndpdGggeW91ciBndWlsZCBtZW1iZXJzLgpHbyBiYWNrLCBhc2sgdGhlbSBhYm91dCB0aGVpcgpkcmVhbXMsIHBhc3Npb25zLCBhbmQgZ29hbHMh
FS9EAw,,W0NlY2lsXQpZb3UgaGF2ZSBkb25lCndoYXQgeW91IGhhZCB0byBkbyBmb3Igbm93LgpQbGVhc2UgZ2l2ZSBpdCB0byBhIF40MjQyNkZCYXJkXjAwMDAwMCBvciBeNDI0MjZGQ2xvd25eMDAwMDAwCllvdSBjYW4gYWxzbyBnaXZlIGl0IHRvIF40MjQyNkZEYW5jZXJeMDAwMDAwIG9yIF40MjQyNkZHeXBzeV4wMDAwMDAKR29vZCBsdWNrLg==,,,,,W0NlY2lsXQpWb2PDqiBmZXoKbyBxdWUgcHJlY2lzYXZhIGZhemVyIHBvciBlbnF1YW50by4KUG9yIGZhdm9yLCBlbnRyZWd1ZS1vIGEgdW0gXjQyNDI2RkJhcmRvXjAwMDAwMCBvdSBeNDI0MjZGTWVuZXN0cmVsXjAwMDAwMApWb2PDqiB0YW1iw6ltIHBvZGUgZGFyIGEgdW1hIF40MjQyNkZPZGFsaXNjYV4wMDAwMDAgb3UgdW1hIF40MjQyNkZDaWdhbmFeMDAwMDAwCkJvYSBzb3J0ZS4=,,W0NlY2lsXQpZb3UgaGF2ZSBkb25lCndoYXQgeW91IGhhZCB0byBkbyBmb3Igbm93LgpQbGVhc2UgZ2l2ZSBpdCB0byBhIF44Qjc1MDBCYXJkXjAwMDAwMCBvciBeOEI3NTAwQ2xvd25eMDAwMDAwCllvdSBjYW4gYWxzbyBnaXZlIGl0IHRvIF44Qjc1MDBEYW5jZXJeMDAwMDAwIG9yIF44Qjc1MDBHeXBzeV4wMDAwMDAKQnVlbmEgc3VlcnRlLg==
Fi9EAw,,W0NlY2lsXQpGb3IgdGhlIHNha2Ugb2YgcHJvbW90aW5nCnRlYW13b3JrIGFtb25nc3QgeW91ciBndWlsZCwKbXkgdGVzdCB3aWxsIGJlIGZvciB5b3UgdG8KZ2F0aGVyIHNwZWNpZmljIGl0ZW1zIGZvciBtZS4=,,,,,W0NlY2lsXQpQYXJhIHByb21vdmVyIG8gdHJhYmFsaG8KZW0gZXF1aXBlIGVudHJlIGEgc3VhIGd1aWxkYSwKbWV1IHRlc3RlIHNlcsOhIHBhcmEgdm9jw6oKY29sZXRhciBpdGVucyBlc3BlY8OtZmljb3MgcGFyYSBtaW0u,,W0NlY2lsXQpGb3IgdGhlIHNha2Ugb2YgcHJvbW90aW5nCnRlYW13b3JrIGFtb25nc3QgeW91ciBndWlsZCwKbXkgdGVzdCB3aWxsIGJlIGZvciB5b3UgdG8KZ2F0aGVyIHNwZWNpZmljIGl0ZW1zIGZvciBtZS4=
Fy9EAw,,W0NlY2lsXQpUaGlzIGlzIGEgZGlmZmljdWx0IHRhc2sKdG8gY29tcGxldGUgYWxvbmUsIGJ1dCBpdAp3aWxsIGJlIG11Y2ggZWFzaWVyIGlmIHlvdQphbmQgeW91ciBndWlsZCBjb29wZXJhdGUgdG8KZ2V0IGFsbCB0aGUgaXRlbXMuIE5vdyBsaXN0ZW4sCnRoaXMgaXMgd2hhdCBJIHdhbnQgeW91IHRvIGdldC4=,,,,,W0NlY2lsXQpFc3NhIMOpIHVtYSB0YXJlZmEgZGlmw61jaWwKZGUgY29tcGxldGFyIHNvemluaG8sIG1hcwpzZXLDoSBtdWl0byBtYWlzIGbDoWNpbCBzZSB2b2PDqgplIHN1YSBndWlsZGEgY29vcGVyYXJlbSBwYXJhCm9idGVyIHRvZG9zIG9zIGl0ZW5zLiBBZ29yYSBvdcOnYSwKaXN0byDDqSBvIHF1ZSBldSBxdWVybyBxdWUgdm9jw6ogY29sZXRlLg==,,W0NlY2lsXQpUaGlzIGlzIGEgZGlmZmljdWx0IHRhc2sKdG8gY29tcGxldGUgYWxvbmUsIGJ1dCBpdAp3aWxsIGJlIG11Y2ggZWFzaWVyIGlmIHlvdQphbmQgeW91ciBndWlsZCBjb29wZXJhdGUgdG8KwqFBaG9yYSwgZXNjdWNoYeKApiEKdGhpcyBpcyB3aGF0IEkgd2FudCB5b3UgdG8gZ2V0Lg==
GC9EAw,,W0NlY2lsXQpeOEMxNzE3MzAgQnVybmluZyBIZWFydHNeMDAwMDAwLApeOEMxNzE3MzAgV29sZiBDbGF3c14wMDAwMDAsIGFuZApeOEMxNzE3MzAgTGVvcGFyZCBDbGF3c14wMDAwMDAuCllvdSBtaWdodCB3YW50IHRvIHdyaXRlCnRoZXNlIGRvd24gc28geW91IGRvbid0CmZvcmdldC4gR29vZCBsdWNrIHRvIHlvdS4=,,,,,W0NlY2lsXQpeOEMxNzE3MzAgQ29yYcOnw7VlcyBJbmNhbmRlc2NlbnRlc14wMDAwMDAsCl44QzE3MTczMCBHYXJyYXMgZGUgTG9ib14wMDAwMDAsIGUKXjhDMTcxNzMwIEdhcnJhcyBkZSBMZW9wYXJkb14wMDAwMDAuClRhbHZleiB2b2PDqiBkZXZhIGFub3RhcgpwYXJhIG7Do28gc2UgZXNxdWVjZXIuCkJvYSBzb3J0ZS4=,,W0NlY2lsXQozMCBDb3Jhem9uZXMgYXJkaWVudGVzCl5BQUFBMDAzMCBXb2xmIENsYXdzXjAwMDAwMCwgYW5kCjMwIGdhcnJhcyBkZSBsZW9wYXJkbwpBdW5xdWUgdGUgcmVjb21pZW5kbyBlc2NyaWJpcgp0aGVzZSBkb3duIHNvIHlvdSBkb24ndApvbHZpZGFyw6kuIEJ1ZW5hIHN1ZXJ0ZS4=
GS9EAw,,W0NlY2lsXQpeOEMxNzE3MzAgU29mdCBCbGFkZXMgb2YgR3Jhc3NeMDAwMDAwLApeOEMxNzE3MzAgV29vZGVuIEhlYXJ0c14wMDAwMDAsIGFuZApeOEMxNzE3MzAgUG9pc29ub3VzIFRvYWQgU2tpbnNeMDAwMDAwLgpZb3UgbWlnaHQgd2FudCB0byB3cml0ZQp0aGVzZSBkb3duIHNvIHlvdSBkb24ndApmb3JnZXQuIEdvb2QgbHVjayB0byB5b3Uu,,,,,W0NlY2lsXQpeOEMxNzE3MzAgTMOibWluYXMgTWFjaWFzIGRlIEdyYW1hXjAwMDAwMCwKXjhDMTcxNzMwIENvcmHDp8O1ZXMgZGUgTWFkZWlyYV4wMDAwMDAsIGUKXjhDMTcxNzMwIFBlbGVzIGRlIFNhcG8gVmVuZW5vc29eMDAwMDAwLgpUYWx2ZXogdm9jw6ogZGV2YSBhbm90YXIKcGFyYSBuw6NvIHNlIGVzcXVlY2VyLgpCb2Egc29ydGUu,,W0NlY2lsXQpeQUFBQTAwMzAgU29mdCBCbGFkZXMgb2YgR3Jhc3NeMDAwMDAwLApeQUFBQTAwMzAgV29vZGVuIEhlYXJ0c14wMDAwMDAsIGFuZApeQUFBQTAwMzAgUG9pc29ub3VzIFRvYWQgU2tpbnNeMDAwMDAwLgpBdW5xdWUgdGUgcmVjb21pZW5kbyBlc2NyaWJpcgp0aGVzZSBkb3duIHNvIHlvdSBkb24ndApvbHZpZGFyw6kuIEJ1ZW5hIHN1ZXJ0ZS4=
Gi9EAw,,W0NlY2lsXQpeOEMxNzE3MzAgQW50ZWxvcGUgSG9ybnNeMDAwMDAwLApeOEMxNzE3MzAgSG9uZXkgUG90c14wMDAwMDAsIGFuZApeOEMxNzE3MzAgUG9yY3VwaW5lIFF1aWxsc14wMDAwMDAuCllvdSBtaWdodCB3YW50IHRvIHdyaXRlCnRoZXNlIGRvd24gc28geW91IGRvbid0CmZvcmdldC4gR29vZCBsdWNrIHRvIHlvdS4=,,,,,W0NlY2lsXQpeOEMxNzE3MzAgQ2hpZnJlcyBkZSBBbnTDrWxvcGVeMDAwMDAwLApeOEMxNzE3MzAgUG90ZXMgZGUgTWVsXjAwMDAwMCwgZQpeOEMxNzE3MzAgRXNwaW5ob3MgZGUgUG9yY28tRXNwaW5ob14wMDAwMDAuClRhbHZleiB2b2PDqiBkZXZhIGFub3RhcgpwYXJhIG7Do28gc2UgZXNxdWVjZXIuCkJvYSBzb3J0ZS4=,,W0NlY2lsXQpeQUFBQTAwMzAgQW50ZWxvcGUgSG9ybnNeMDAwMDAwLApeQUFBQTAwMzAgSG9uZXkgUG90c14wMDAwMDAsIGFuZApeQUFBQTAwMzAgUG9yY3VwaW5lIFF1aWxsc14wMDAwMDAuCkF1bnF1ZSB0ZSByZWNvbWllbmRvIGVzY3JpYmlyCnRoZXNlIGRvd24gc28geW91IGRvbid0Cm9sdmlkYXLDqS4gQnVlbmEgc3VlcnRlLg==
Gy9EAw,,W0NlY2lsXQpZb3Ugc2hvdWxkIGJlIGJvbmRpbmcKd2l0aCB5b3VyIGd1aWxkIHdoaWxlIHlvdQpnYXRoZXIgdGhvc2UgaXRlbXMgSSBhc2tlZAp5b3UgdG8gYnJpbmcuIEkga25vdyBlbm91Z2gKdGltZSBoYXNuJ3QgcGFzc2VkIGZvciB5b3VyCmd1aWxkIHRvIHdvcmsgdG9nZXRoZXIgb24gdGhpcy4=,,,,,W0NlY2lsXQpWb2PDqiBkZXZlcmlhIGVzdGFyIGNyaWFuZG8gbGHDp29zCmNvbSBzdWEgZ3VpbGRhIGVucXVhbnRvCnJlw7puZSBvcyBpdGVucyBxdWUgcGVkaQpxdWUgdm9jw6ogdHJvdXhlc3NlLiBTZWkgcXVlIG7Do28gcGFzc291CnRlbXBvIHN1ZmljaWVudGUgcGFyYSBxdWUgc3VhCmd1aWxkYSB0cmFiYWxoZSBlbSBjb25qdW50byBuaXNzby4=,,W0NlY2lsXQpEZWJlcsOtYXMgaXIgYSB2ZXIKd2l0aCB5b3VyIGd1aWxkIHdoaWxlIHlvdQpnYXRoZXIgdGhvc2UgaXRlbXMgSSBhc2tlZApxdWUgdHJhaWdhcyAKdGltZSBoYXNuJ3QgcGFzc2VkIGZvciB5b3VyCmd1aWxkIHRvIHdvcmsgdG9nZXRoZXIgb24gdGhpcy4=
HC9EAw,,W0NlY2lsXQpPaCwgcGVyZmVjdCEgWW91IGJyb3VnaHQKYWxsIHRoZSBpdGVtcy4gV2VsbCB0aGVuLApJIGd1ZXNzIHlvdSdyZSByZWFkeSB0bwp0YWtlIHRoaXMgc3Bpcml0IG5vdy4gUGxlYXNlCmdpdmUgaXQgdG8gYW4gXjQyNDI2RkFzc2Fzc2luXjAwMDAwMCBvciBhbgpeNDI0MjZGQXNzYXNzaW4gQ3Jvc3NeMDAwMDAwLiBUaGFuayB5b3Uu,,,,,W0NlY2lsXQpBaCwgcGVyZmVpdG8hIFZvY8OqIHRyb3V4ZQp0b2RvcyBvcyBpdGVucy4gRW50w6NvLCBhY2hvIHF1ZSAKYWdvcmEgdm9jw6ogZXN0w6EgcHJvbnRvIHBhcmEKcmVjZWJlciBlc3NlIGVzcMOtcml0by4gUG9yIGZhdm9yLAplbnRyZWd1ZS1vIGEgdW0gXjQyNDI2Rk1lcmNlbsOhcmlvXjAwMDAwMCBvdSBhIHVtCl40MjQyNkZBbGdvel4wMDAwMDAuIE9icmlnYWRvLg==,,W0NlY2lsXQrCv05vIHRyYWppc3RlCnRvZG9zIGxvcyBvYmpldG9zPyBQdWVzIGJpZW4sCkkgZ3Vlc3MgeW91J3JlIHJlYWR5IHRvClBvciBmYXZvciwKZ2l2ZSBpdCB0byBhbiBeOEI3NTAwQXNzYXNzaW5eMDAwMDAwIG9yIGFuCkFzZXNpbm9zIGNydXphZG9zLiBHcmFjaWFzLg==
HS9EAw,,W0NlY2lsXQpIbT8gWW91IHN0aWxsIGhhdmVuJ3QKZ2F0aGVyZWQgYWxsIHRoZSBpdGVtcwp3aXRoIHlvdXIgZ3VpbGQgeWV0PwpMZXQgbWUgcmVtaW5kIHlvdSB3aGF0CnlvdSBuZWVkIHRvIGJyaW5nIG1lLg==,,,,,W0NlY2lsXQpIbT8gVm9jw6ogYWluZGEgbsOjbwpjb2xldG91IHRvZG9zIG9zIGl0ZW5zCmNvbSBzdWEgZ3VpbGRhPwpEZWl4ZS1tZSBsZW1icsOhLWxvIGRvIHF1ZQp2b2PDqiBwcmVjaXNhIG1lIHRyYXplci4=,,W0NlY2lsXQrCv01tPyAKZ2F0aGVyZWQgYWxsIHRoZSBpdGVtcwp3aXRoIHlvdXIgZ3VpbGQgeWV0PwpQZXJtw610ZW1lIHJlY29yZGFydGUKbG8gcXVlIHRpZW5lcyBxdWUgdHJhZXI/
Hi9EAw,,W0NlY2lsXQpJdCB3b3VsZCBiZSBsb25lbHkgYW5kIGJvcmVkIGlmIHlvdSBnYXRoZXIgaXRlbXMgYWxsIGJ5IHlvdXJzZWxmLApidXQgaWYgeW91IGRvIHRoYXQgd2l0aCBndWlsZCBtZW1iZXJzCmFuZCB3b3JrIHRvZ2V0aGVyLAppdCB3b3VsZCBiZSBtdWNoIGVhc2llci4KVGhvc2UgaXRlbXMgeW91IG5lZWQgdG8gYnJpbmcgaXMuLi4=,,,,,W0NlY2lsXQpTZXJpYSBzb2xpdMOhcmlvIGUgZW50ZWRpYW50ZSBzZSB2b2PDqiBjb2xldGFzc2UgaXRlbnMgc296aW5obywKbWFzIHNlIHZvY8OqIGZvciBjb20gb3MgbWVtYnJvcyBkYSBndWlsZGEKZSB0cmFiYWxoYXIgZW0gY29uanVudG8sCnNlcsOhIG11aXRvIG1haXMgZsOhY2lsLgpPcyBpdGVucyBxdWUgdm9jw6ogcHJlY2lzYSB0cmF6ZXIgc8Ojby4uLg==,,W0NlY2lsXQpJdCB3b3VsZCBiZSBsb25lbHkgYW5kIGJvcmVkIGlmIHlvdSBnYXRoZXIgaXRlbXMgYWxsIGJ5IHlvdXJzZWxmLApidXQgaWYgeW91IGRvIHRoYXQgd2l0aCBndWlsZCBtZW1iZXJzCmFuZCB3b3JrIHRvZ2V0aGVyLAppdCB3b3VsZCBiZSBtdWNoIGVhc2llci4KVGhvc2UgaXRlbXMgeW91IG5lZWQgdG8gYnJpbmcgaXMuLi4=
Hy9EAw,,W0NlY2lsXQozMCBeOEMxNzE3J0J1cm5pbmcgSGVhcnQnXjAwMDAwMCcKMzAgXjhDMTcxNydMZW9wYXJkIENsYXcnXjAwMDAwMCAKMzAgXjhDMTcxNydXb2xmIENsYXcnXjAwMDAwMCAKQnJpbmcgdGhlc2UgaXRlbXMu,,,,,W0NlY2lsXQozMCBeOEMxNzE3J0NvcmHDp8OjbyBJbmNhbmRlc2NlbnRlJ14wMDAwMDAnCjMwIF44QzE3MTcnR2FycmFzIGRlIExlb3BhcmRvJ14wMDAwMDAgCjMwIF44QzE3MTcnR2FycmFzIGRlIExvYm8nXjAwMDAwMCAKVHJhZ2EgZXNzZXMgaXRlbnMu,,W0NlY2lsXQozMF5BQUFBMDBDb3Jhem9uZXMgYXJkaWVudGVzXjAwMDAwMCwKMzAgZ2FycmFzIGRlIGxlb3BhcmRvIAozMCBeQUFBQTAwJ1dvbGYgQ2xhdydeMDAwMDAwIApUcmFlIGVzdG9zIG9iamV0b3M=
IC9EAw,,W0NlY2lsXQpZb3UgYnJvdWdodCB0aGUKU3Bpcml0IG9mIENvbWJpbmF0aW9uPwpNYWtlIHN1cmUgdGhhdCB5b3UgZ2l2ZQp0aGF0IHRvIGEgXjJGNEYyRldpemFyZF4wMDAwMDAgb3IKYSBeMkY0RjJGSGlnaCBXaXphcmReMDAwMDAwLg==,,,,,W0NlY2lsXQpWb2PDqiB0cm91eGUgbwpFc3DDrXJpdG8gZGEgQ29tYmluYcOnw6NvPwpDZXJ0aWZpcXVlLXNlIGRlIGTDoS1sbwphIHVtIF4yRjRGMkZCcnV4b14wMDAwMDAgb3UKdW0gXjJGNEYyRkFycXVpbWFnb14wMDAwMDAu,,W0NlY2lsXQpZb3UgYnJvdWdodCB0aGUKU3Bpcml0IG9mIENvbWJpbmF0aW9uPwrCoUFzZWfDunJhdGUgZGUgcG9uZXIKdGhhdCB0byBhIF41NTU1NTVXaXphcmReMDAwMDAwIG9yCmEgXjU1NTU1NUhpZ2ggV2l6YXJkXjAwMDAwMC4=
IS9EAw,,W0NlY2lsXQpGb3IgdGhlIHNha2Ugb2YgeW91cgpndWlsZCwgeW91IG11c3QgYmVjb21lCnN0cm9uZ2VyLiBTb21ldGltZXMKeW91ciBzcGVsbHMgd2lsbCBtYWtlIHRoZQpkaWZmZXJlbmNlIGJldHdlZW4gdmljdG9yeQphbmQgZGVmZWF0LiBSZW1lbWJlciB0aGF0Lg==,,,,,W0NlY2lsXQpQYXJhIG8gYmVtIGRlIHN1YQpndWlsZGEsIHZvY8OqIGRldmUgZmljYXIKbWFpcyBmb3J0ZS4gw4BzIHZlemVzCnNldXMgZmVpdGnDp29zIGZhcsOjbyBhCmRpZmVyZW7Dp2EgZW50cmUgYSB2aXTDs3JpYQplIGEgZGVycm90YS4gTGVtYnJlLXNlIGRpc3NvLg==,,W0NlY2lsXQpGb3IgdGhlIHNha2Ugb2YgeW91cgpndWlsZCwgeW91IG11c3QgYmVjb21lCm3DoXMgZnVlcnphLiBBIHZlY2VzCnlvdXIgc3BlbGxzIHdpbGwgbWFrZSB0aGUKZGlmZmVyZW5jZSBiZXR3ZWVuIHZpY3RvcnkKUmVjdcOpcmRhbG8u
Ii9EAw,,W0NlY2lsXQppZiB5b3UgcmVhbGx5IHdhbnQgdG8gYmVjb21lCnN0cm9uZyBlbm91Z2ggdG8gcHJvdGVjdCB5b3VyCmd1aWxkLCB0aGVuIHlvdSBtdXN0IGxldmVsIHVwLgpDb21lIGJhY2sgdG8gbWUgb25jZSB5b3UndmUKcmFpc2VkIHlvdXIgQmFzZSBMZXZlbC4=,,,,,W0NlY2lsXQpzZSB2b2PDqiBkZXNlamEgbWVzbW8gc2UgdG9ybmFyCmZvcnRlIG8gc3VmaWNpZW50ZSBwYXJhIHByb3RlZ2VyIHN1YQpndWlsZGEsIGVudMOjbyB2b2PDqiBwcmVjaXNhIHN1YmlyIGRlIG7DrXZlbC4KVm9sdGUgcGFyYSBtaW0gcXVhbmRvIHRpdmVyCnF1ZSB0aXZlciBhdW1lbnRhZG8gc2V1IE7DrXZlbCBCYXNlLg==,,W0NlY2lsXQpzaSBlbiB2ZXJkYWQgcXVpZXJlcyBzYWJlcgpsbyBzdWZpY2llbnRlbWVudGUgZnVlcnRlIGNvbW8gcGFyYSBwcm90ZWdlcgpndWlsZCwgdGhlbiB5b3UgbXVzdCBsZXZlbCB1cC4KVnVlbHZlIGEgaGFibGFyIGNvbm1pZ28gY3VhbmRvCnJhaXNlZCB5b3VyIEJhc2UgTGV2ZWwu
Iy9EAw,,W0NlY2lsXQpZb3Ugd2lsbCBiZSByZWFkeQpmb3IgeW91ciB0YXNrIGFmdGVyIHlvdQpnYWluIF5GRjAwMDAzIEJhc2UgTGV2ZWxzXjAwMDAwMC4KRG9uJ3QgZGVzcGFpcjogSSBrbm93CnlvdSdsbCBiZSBhYmxlIHRvIHJlYWNoCnRoaXMgZ29hbC4gR29vZCBsdWNrIHRvIHlvdS4=,,,,,W0NlY2lsXQpWb2PDqiBlc3RhcsOhIHByb250bwpwYXJhIHN1YSB0YXJlZmEgZGVwb2lzIGRlCmdhbmhhciBeRkYwMDAwMyBOw612ZWlzIEJhc2VzXjAwMDAwMC4KTsOjbyBzZSBkZXNlc3BlcmU6IEV1IHNlaSBxdWUKdm9jw6ogc2Vyw6EgY2FwYXogZGUgYWxjYW7Dp2FyCmVzc2EgbWV0YS4gQm9hIHNvcnRlLg==,,W0NlY2lsXQrCoUNvbW8gcHJlbWlvIHJlY2liaXLDoXMKZm9yIHlvdXIgdGFzayBhZnRlciB5b3UKZ2FpbiBeNjYwMDAwMyBCYXNlIExldmVsc14wMDAwMDAuClPDqSBxdWUKeW91J2xsIGJlIGFibGUgdG8gcmVhY2gKQnVlbmEgc3VlcnRlLg==
JC9EAw,,W0NlY2lsXQpZb3Ugd2lsbCBiZSByZWFkeQpmb3IgeW91ciB0YXNrIGFmdGVyIHlvdQpnYWluIF5GRjAwMDAyIEJhc2UgTGV2ZWxzXjAwMDAwMC4KRG9uJ3QgZGVzcGFpcjogSSBrbm93CnlvdSdsbCBiZSBhYmxlIHRvIHJlYWNoCnRoaXMgZ29hbC4gR29vZCBsdWNrIHRvIHlvdS4=,,,,,W0NlY2lsXQpWb2PDqiBlc3RhcsOhIHByb250bwpwYXJhIHN1YSB0YXJlZmEgZGVwb2lzIGRlCmdhbmhhciBeRkYwMDAwMiBOw612ZWlzIEJhc2VzXjAwMDAwMC4KTsOjbyBzZSBkZXNlc3BlcmU6IEV1IHNlaSBxdWUKdm9jw6ogc2Vyw6EgY2FwYXogZGUgYWxjYW7Dp2FyCmVzc2EgbWV0YS4gQm9hIHNvcnRlLg==,,W0NlY2lsXQrCoUNvbW8gcHJlbWlvIHJlY2liaXLDoXMKZm9yIHlvdXIgdGFzayBhZnRlciB5b3UKZ2FpbiBeNjYwMDAwMiBCYXNlIExldmVsc14wMDAwMDAuClPDqSBxdWUKeW91J2xsIGJlIGFibGUgdG8gcmVhY2gKQnVlbmEgc3VlcnRlLg==
JS9EAw,,W0NlY2lsXQpZb3Ugd2lsbCBiZSByZWFkeQpmb3IgeW91ciB0YXNrIGFmdGVyIHlvdQpnYWluIF5GRjAwMDAxIEJhc2UgTGV2ZWxeMDAwMDAwLgpEb24ndCBkZXNwYWlyOiBJIGtub3cKeW91J2xsIGJlIGFibGUgdG8gcmVhY2gKdGhpcyBnb2FsLiBHb29kIGx1Y2sgdG8geW91Lg==,,,,,W0NlY2lsXQpWb2PDqiBlc3RhcsOhIHByb250bwpwYXJhIHN1YSB0YXJlZmEgZGVwb2lzIGRlCmdhbmhhciBeRkYwMDAwMSBOw612ZWwgQmFzZV4wMDAwMDAuCk7Do28gc2UgZGVzZXNwZXJlOiBFdSBzZWkgcXVlCnZvY8OqIHNlcsOhIGNhcGF6IGRlIGFsY2Fuw6dhcgplc3NhIG1ldGEuIEJvYSBzb3J0ZS4=,,W0NlY2lsXQrCoUNvbW8gcHJlbWlvIHJlY2liaXLDoXMKZm9yIHlvdXIgdGFzayBhZnRlciB5b3UKZ2FpbiBeNjYwMDAwMSBCYXNlIExldmVsXjAwMDAwMC4KU8OpIHF1ZQp5b3UnbGwgYmUgYWJsZSB0byByZWFjaApCdWVuYSBzdWVydGUu
Ji9EAw,,W0NlY2lsXQpIbS4gWW91J3JlIG11Y2ggc3Ryb25nZXIKdGhhdCBJIGV4cGVjdGVkLiBUaGVyZSdzIG5vCm5lZWQgZm9yIG1lIHRvIGVuY291cmFnZQp5b3UgdG8gZGV2ZWxvcCB5b3VyIHN0cmVuZ3RoLgpJIGFkbWl0IHRoYXQgeW91IGFyZSBzdHJvbmcu,,,,,W0NlY2lsXQpIbS4gVm9jw6ogw6kgbXVpdG8gbWFpcyBmb3J0ZQpkbyBxdWUgZXUgZXNwZXJhdmEuIE7Do28gaMOhIG5lY2Vzc2lkYWRlCmRlIGV1IGVuY29yYWrDoS1sbwphIGRlc2Vudm9sdmVyIHN1YSBmb3LDp2EuCkFkbWl0byBxdWUgdm9jw6ogw6kgZm9ydGUu,,W0NlY2lsXQpNbW0uIApkZSBsbyBxdWUgZXNwZXJhYmEuIE5vIHNlIHNhYmXigKYKbmVlZCBmb3IgbWUgdG8gZW5jb3VyYWdlCnlvdSB0byBkZXZlbG9wIHlvdXIgc3RyZW5ndGguCkkgYWRtaXQgdGhhdCB5b3UgYXJlIHN0cm9uZy4=
Jy9EAw,,W0NlY2lsXQpBY2tub3dsZWRnZSB0aGUgZXh0ZW50IGFuZApsaW1pdHMgb2YgeW91ciBzdHJlbmd0aCwgYnV0Cm5ldmVyIGFsbG93IGNvbmNlaXQgdG8gcG9sbHV0ZQp5b3VyIGhlYXJ0LiBQcmlkZSB3aWxsIGFsd2F5cwpzaGFja2xlIHlvdXIgcG93ZXIgaWYgeW91CmxldCBpdC4gUmVtZW1iZXIgaHVtaWxpdHku,,,,,W0NlY2lsXQpSZWNvbmhlw6dhIGEgZXh0ZW5zw6NvIGUgb3MKbGltaXRlcyBkZSBzdWEgZm9yw6dhLCBtYXMKbnVuY2EgcGVybWl0YSBxdWUgYSB2YWlkYWRlIHBvbHVhCnNldSBjb3Jhw6fDo28uIE8gb3JndWxobyBzZW1wcmUKbGltaXRhcsOhIHNldSBwb2RlciBzZSB2b2PDqgpwZXJtaXRpci4gTGVtYnJlLXNlIGRhIGh1bWlsZGFkZS4=,,W0NlY2lsXQpBY2tub3dsZWRnZSB0aGUgZXh0ZW50IGFuZApsaW1pdHMgb2YgeW91ciBzdHJlbmd0aCwgYnV0Cm5ldmVyIGFsbG93IGNvbmNlaXQgdG8gcG9sbHV0ZQp0dSBjb3JhesOzbiAKc2hhY2tsZSB5b3VyIHBvd2VyIGlmIHlvdQrCocKhwqFRdWUgZW1waWVjZSEhISA=
KC9EAw,,W0NlY2lsXQpZb3UgcXVhbGlmaWVkIGVub3VnaApmb3IgbWUgdG8gdHJ1c3QgeW91LgpQbGVhc2UgZ2l2ZSB0aGlzIHNwaXJpdAp0byB5b3VyIF5GRjAwMDBHdWlsZCBNYXN0ZXJeMDAwMDAwLgpZb3UncmUgZG9uZSBmb3Igbm93Lg==,,,,,W0NlY2lsXQpWb2PDqiDDqSBxdWFsaWZpY2FkbyBvIHN1ZmljaWVudGUKcGFyYSBxdWUgZXUgY29uZmllIGVtIHZvY8OqLgpFbnRyZWd1ZSBlc3NlIGVzcMOtcml0bwphbyBzZXUgXkZGMDAwME1lc3RyZSBkYSBHdWlsZGFeMDAwMDAwLgrDiSBpc3NvIHBvciBhZ29yYS4=,,W0NlY2lsXQpZb3UgcXVhbGlmaWVkIGVub3VnaApmb3IgbWUgdG8gdHJ1c3QgeW91LgpQbGVhc2UgZ2l2ZSB0aGlzIHNwaXJpdAp0byB5b3VyIF42NjAwMDBHdWlsZCBNYXN0ZXJeMDAwMDAwLgpZYSB0ZXJtaW5hc3RlIHBvciBob3ku
KS9EAw,,W0NlY2lsXQpJIHNlZSB0aGF0IHlvdSd2ZQpjb21wbGV0ZWQgdGhlIHRhc2sKSSBoYXZlIGdpdmVuIHlvdS4gSXQgbWF5CmhhdmUgYmVlbiBkaWZmaWN1bHQsIGJ1dAp5b3UnbGwgc2VlIHRoYXQgSSBoYWQgeW91cgpndWlsZCdzIGJlc3QgaW50ZXJlc3RzIGluIG1pbmQu,,,,,W0NlY2lsXQpWZWpvIHF1ZSB2b2PDqgpjb21wbGV0b3UgYSB0YXJlZmEKcXVlIGxoZSBkZWkuIFBvZGUgdGVyIHNpZG8KdGVyIHNpZG8gZGlmw61jaWwsIG1hcwp2b2PDqiB2ZXLDoSBxdWUgZXUgdGluaGEgb3MKaW50ZXJlc3NlcyBkZSBzdWEgZ3VpbGRhIGVtIG1lbnRlLg==,,W0NlY2lsXQpJIHNlZSB0aGF0IHlvdSd2ZQpjb21wbGV0ZWQgdGhlIHRhc2sKSW5jbHVzbyBwdWVkZQpoYXZlIGJlZW4gZGlmZmljdWx0LCBidXQKeW91J2xsIHNlZSB0aGF0IEkgaGFkIHlvdXIKZ3VpbGQncyBiZXN0IGludGVyZXN0cyBpbiBtaW5kLg==
Ki9EAw,,W0NlY2lsXQpZb3UndmUgZWFybmVkIG15IHRydXN0LgpQbGVhc2UgZ2l2ZSB0aGlzIHNwaXJpdAp0byB5b3VyIF5GRjAwMDBHdWlsZCBNYXN0ZXJeMDAwMDAwLgpZb3UndmUgZG9uZSB3ZWxsLg==,,,,,W0NlY2lsXQpWb2PDqiBnYW5ob3UgbWluaGEgY29uZmlhbsOnYS4KUG9yIGZhdm9yLCBlbnRyZWd1ZSBlc3RlIGVzcMOtcml0bwphbyBzZXUgXkZGMDAwME1lc3RyZSBkYSBHdWlsZGFeMDAwMDAwLgpWb2PDqiBmZXogYmVtLg==,,W0NlY2lsXQpZb3UndmUgZWFybmVkIG15IHRydXN0LgpQbGVhc2UgZ2l2ZSB0aGlzIHNwaXJpdAp0byB5b3VyIF42NjAwMDBHdWlsZCBNYXN0ZXJeMDAwMDAwLgpZb3UndmUgZG9uZSB3ZWxsLg==
Ky9EAw,,W0NlY2lsXQpZb3UncmUgbm90IHN0cm9uZyBlbm91Z2gKeWV0IGZvciB5b3VyIGd1aWxkIHRvIGZ1bGx5CnJlbHkgb24geW91IGluIGEgY3Jpc2lzLgpZb3UgbXVzdCBsZXZlbCB1cCE=,,,,,W0NlY2lsXQpWb2PDqiBhaW5kYSBuw6NvIMOpIGZvcnRlIG8gc3VmaWNpZW50ZSAKcGFyYSBxdWUgc3VhIGd1aWxkYSBjb25maWFyIHRvdGFsbWVudGUKZW0gdm9jw6ogZW0gdW1hIGNyaXNlLgpWb2PDqiBwcmVjaXNhIHN1YmlyIGRlIG7DrXZlbCE=,,W0NlY2lsXQpTaSBubyBlcmVzIGxvIHN1ZmljaWVudGVtZW50ZSBmdWVydGUuCnlldCBmb3IgeW91ciBndWlsZCB0byBmdWxseQpyZWx5IG9uIHlvdSBpbiBhIGNyaXNpcy4KWW91IG11c3QgbGV2ZWwgdXAh
LC9EAw,,W0NlY2lsXQpIbS4gWW91J3JlIHRoZSBtYXN0ZXIKb2YgYW5vdGhlciBndWlsZCwgYXJlbid0CnlvdT8gSSBoYXZlIG5vIGxveWFsdHkKdG93YXJkcyB5b3UuIFBsZWFzZS4uLgpMZWF2ZSB0aGlzIHBsYWNlLg==,,,,,W0NlY2lsXQpIbS4gVm9jw6ogw6kgbyBtZXN0cmUKZGUgb3V0cmEgZ3VpbGRhLCBuw6NvIMOpPwpOw6NvIHRlbmhvIGxlYWxkYWRlCmVtIHJlbGHDp8OjbyBhIHZvY8OqLiBQb3IgZmF2b3IuLi4KRGVpeGUgZXN0ZSBsdWdhci4=,,W0NlY2lsXQpNbW0uIApvZiBhbm90aGVyIGd1aWxkLCBhcmVuJ3QKY29tbyB0w7ohIApQb3IgZmF2b3LigKYKQWJhbmRvbmFyIGVsIGx1Z2FyLg==
LS9EAw,,W0NlY2lsXQpIbT8gWW91IGhhdmUgbm8gcmVhc29uCnRvIGxpbmdlciBpbiB0aGlzIHN0cm9uZ2hvbGQuClBsZWFzZSBsZWF2ZSB0aGlzIHBsYWNlIG5vdy4=,,,,,W0NlY2lsXQpIbT8gVm9jw6ogbsOjbyB0ZW0gbW90aXZvCnBhcmEgcGVybWFuZWNlciBuZXN0YSBmb3J0YWxlemEuClBvciBmYXZvciwgZGVpeGUgZXN0ZSBsdWdhciBhZ29yYS4=,,W0NlY2lsXQrCv01tPyAKdG8gbGluZ2VyIGluIHRoaXMgc3Ryb25naG9sZC4KwqFWZXRlIGRlIGFxdcOt
Li9EAw,,W0NlY2lsXQpUaGVyZSdzIG5vIG5lZWQgZm9yIHlvdQp0byBob2xkIG9udG8gdGhhdCBTcGlyaXQKb2YgVW5pb24uIFBsZWFzZSBnaXZlIGl0IHRvCmEgQmFyZCwgTWluc3RyZWwsIERhbmNlcgpvciBHeXBzeSBpbiB5b3VyIGd1aWxkLg==,,,,,W0NlY2lsXQpOw6NvIGjDoSBuZWNlc3NpZGFkZSBkZSB2b2PDqgpmaWNhciBjb20gZXNzZSBFc3DDrXJpdG8KZGEgVW5pw6NvLiBQb3IgZmF2b3IsIGVudHJlZ3VlLW8gYQp1bSBCYXJkbywgVHJvdmFkb3IsIE9kYWxpc2NhCm91IENpZ2FuYSBkYSBzdWEgZ3VpbGRhLg==,,W0NlY2lsXQpObyBoYXkgbmVjZXNpZGFkCnRvIGhvbGQgb250byB0aGF0IFNwaXJpdApEw6FzZWxvIGEgUm9iZXJ0LgphIEJhcmQsIE1pbnN0cmVsLCBEYW5jZXIKb3IgR3lwc3kgaW4geW91ciBndWlsZC4=
Ly9EAw,,W0NlY2lsXQpXaGVuIHlvdSBpbXByb3ZlIHlvdXJzZWxmLAp5b3UnbGwgYWxzbyBiZSBzdHJlbmd0aGVuaW5nCnlvdXIgZ3VpbGQuIEFsd2F5cyBkZXZvdGUgc29tZQp0aW1lIGZvciB5b3Vyc2VsZiBhbmQgZm9yIHlvdXIKdGVhbS4gWW91IGNhbm5vdCBoYXZlIG9uZQp3aXRob3V0IHRoZSBvdGhlci4=,,,,,W0NlY2lsXQpRdWFuZG8gdm9jw6ogc2UgdG9ybmEgbWVsaG9yLAp0YW1iw6ltIGVzdGFyw6EgZm9ydGFsZWNlbmRvCnN1YSBndWlsZGEuIFNlbXByZSBkZWRpcXVlIGFsZ3VtCnRlbXBvIHBhcmEgc2kgbWVzbW8gZSBwYXJhIHN1YQplcXVpcGUuIFZvY8OqIG7Do28gcG9kZSB0ZXIgdW0Kc2VtIG8gb3V0cm8u,,W0NlY2lsXQpXaGVuIHlvdSBpbXByb3ZlIHlvdXJzZWxmLAp5b3UnbGwgYWxzbyBiZSBzdHJlbmd0aGVuaW5nCnlvdXIgZ3VpbGQuIEFsd2F5cyBkZXZvdGUgc29tZQp0aW1lIGZvciB5b3Vyc2VsZiBhbmQgZm9yIHlvdXIKwqFFcXVpcG8hIAp3aXRob3V0IHRoZSBvdGhlci4=
MC9EAw,,W0NlY2lsXQpJIHN1cHBvc2UgeW91IHJlYWxseQpkb24ndCBoYXZlIG11Y2ggdXNlCmZvciBtZSBhbnltb3JlLi4uIEJ1dCBJJ2xsCmFsd2F5cyBvZmZlciBteSBzdXBwb3J0Lg==,,,,,W0NlY2lsXQpBY3JlZGl0byBxdWUgdm9jw6ogCm7Do28gdGVuaGEgbWFpcyBtdWl0YSB1dGlsaWRhZGUKcGFyYSBtaW0uLi4gTWFzIGV1CnNlbXByZSBvZmVyZWNlcmVpIG1ldSBhcG9pby4=,,W0NlY2lsXQpJIHN1cHBvc2UgeW91IHJlYWxseQpkb24ndCBoYXZlIG11Y2ggdXNlClBlcm8KYWx3YXlzIG9mZmVyIG15IHN1cHBvcnQu
MS9EAw,,W0NlY2lsXQpUaGVyZSdzIG5vIG5lZWQgZm9yIHlvdQp0byBob2xkIG9udG8gdGhhdCBTcGlyaXQgb2YKQ29tYmluYXRpb24uIFBsZWFzZSBnaXZlCml0IHRvIGFuIEFzc2Fzc2luIG9yIEFzc2Fzc2luCkNyb3NzIGluIHlvdXIgZ3VpbGQu,,,,,W0NlY2lsXQpOw6NvIGjDoSBuZWNlc3NpZGFkZSBkZSB2b2PDqgpmaWNhciBjb20gZXNzZSBFc3DDrXJpdG8gZGEKQ29tYmluYcOnw6NvLiBQb3IgZmF2b3IsIGTDqi1vCmEgdW0gTWVyY2Vuw6FyaW8gb3UgQWxnb3oKZGUgc3VhIGd1aWxkYS4=,,W0NlY2lsXQpObyBoYXkgbmVjZXNpZGFkCnRvIGhvbGQgb250byB0aGF0IFNwaXJpdCBvZgpEYW1lCml0IHRvIGFuIEFzc2Fzc2luIG9yIEFzc2Fzc2luCkNyb3NzIGluIHlvdXIgZ3VpbGQu
Mi9EAw,,W0NlY2lsXQpZb3VyIHNvbmdzIGJvbHN0ZXIgeW91cgpndWlsZCdzIG1vcmFsZSwgYW5kIHdpbGwKaGVscCB0aGVtIHN0YW5kIGFuZCBmaWdodCwKbm8gbWF0dGVyIGhvdyBkZXNlcGVyYXRlCnRoZSBzaXR1YXRpb24gbWF5IHNlZW0uCllvdXIgdm9pY2UgY2FuIG1ha2UgbWlyYWNsZXMu,,,,,W0NlY2lsXQpTdWFzIG3DunNpY2FzIHJlZm9yw6dhbSBvIAptb3JhbCBkZSBzdWEgZ3VpbGRhIGUKb3MgYWp1ZGFyw6EgYSBzZSBtYW50ZXJlbSBmaXJtZXMgZSBsdXRhcmVtLApuw6NvIGltcG9ydGEgbyBxdcOjbyBkZXNlc3BlcmFkb3JhCmEgc2l0dWHDp8OjbyBwb3NzYSBwYXJlY2VyLgpTdWEgdm96IHBvZGUgZmF6ZXIgbWlsYWdyZXMu,,W0NlY2lsXQpZb3VyIHNvbmdzIGJvbHN0ZXIgeW91cgpndWlsZCdzIG1vcmFsZSwgYW5kIHdpbGwKaGVscCB0aGVtIHN0YW5kIGFuZCBmaWdodCwKbm8gbWF0dGVyIGhvdyBkZXNlcGVyYXRlCnRoZSBzaXR1YXRpb24gbWF5IHNlZW0uCllvdXIgdm9pY2UgY2FuIG1ha2UgbWlyYWNsZXMu
My9EAw,,W0NlY2lsXQpZb3VyIGRhbmNlcyBib2xzdGVyIHlvdXIKZ3VpbGQncyBtb3JhbGUsIGFuZCB3aWxsCmhlbHAgdGhlbSBzdGFuZCBhbmQgZmlnaHQsCm5vIG1hdHRlciBob3cgZGVzZXBlcmF0ZQp0aGUgc2l0dWF0aW9uIG1heSBzZWVtLgpZb3VyIHZvaWNlIGNhbiBtYWtlIG1pcmFjbGVzLg==,,,,,W0NlY2lsXQpTdWFzIGRhbsOnYXMgcmVmb3LDp2FtIG8KYSBtb3JhbCBkZSBzdWEgZ3VpbGRhIGUKb3MgYWp1ZGFyw6EgYSBzZSBsZXZhbnRhciBlIGx1dGFyLApuw6NvIGltcG9ydGEgbyBxdcOjbyBkZXNlc3BlcmFkb3JhCmEgc2l0dWHDp8OjbyBwb3NzYSBwYXJlY2VyLgpTdWEgdm96IHBvZGUgZmF6ZXIgbWlsYWdyZXMu,,W0NlY2lsXQpZb3VyIGRhbmNlcyBib2xzdGVyIHlvdXIKZ3VpbGQncyBtb3JhbGUsIGFuZCB3aWxsCmhlbHAgdGhlbSBzdGFuZCBhbmQgZmlnaHQsCm5vIG1hdHRlciBob3cgZGVzZXBlcmF0ZQp0aGUgc2l0dWF0aW9uIG1heSBzZWVtLgpZb3VyIHZvaWNlIGNhbiBtYWtlIG1pcmFjbGVzLg==
NC9EAw,,W0NlY2lsXQ==,,,,,W0NlY2lsXQ==,,W0NlY2lsXQ==
NS9EAw,,SSBzdXBwb3NlIHlvdSByZWFsbHkKZG9uJ3QgaGF2ZSBtdWNoIHVzZQpmb3IgbWUgYW55bW9yZS4uLiBCdXQgSSdsbAphbHdheXMgb2ZmZXIgbXkgc3VwcG9ydC4=,,,,,QWNyZWRpdG8gcXVlIHZvY8OqIApuw6NvIHRlbmhhIG1haXMgbXVpdGEgdXRpbGlkYWRlCnBhcmEgbWltLi4uIE1hcyBldQpzZW1wcmUgb2ZlcmVjZXJlaSBtZXUgYXBvaW8u,,SSBzdXBwb3NlIHlvdSByZWFsbHkKZG9uJ3QgaGF2ZSBtdWNoIHVzZQpQZXJvCmFsd2F5cyBvZmZlciBteSBzdXBwb3J0Lg==
Ni9EAw,,W0NlY2lsXQpUaGVyZSdzIG5vIG5lZWQgZm9yIHlvdQp0byBob2xkIG9udG8gdGhhdCBTcGlyaXQKb2YgU29saWRhcml0eS4gUGxlYXNlIGdpdmUKaXQgdG8gYSBXaXphcmQgb3IgSGlnaApXaXphcmQgaW4geW91ciBndWlsZC4=,,,,,W0NlY2lsXQpOw6NvIGjDoSBuZWNlc3NpZGFkZSBkZSB2b2PDqgpmaWNhciBjb20gZXNzZSBFc3DDrXJpdG8KZGEgU29saWRhcmllZGFkZS4gRMOqLW8KYSB1bSBCcnV4byBvdSBBcnF1aW1hZ28KIGRlIHN1YSBndWlsZGEu,,W0NlY2lsXQpObyBoYXkgbmVjZXNpZGFkCnRvIGhvbGQgb250byB0aGF0IFNwaXJpdApEYW1lCml0IHRvIGEgV2l6YXJkIG9yIEhpZ2gKV2l6YXJkIGluIHlvdXIgZ3VpbGQu
Ny9EAw,,W0NlY2lsXQpLbm93IHdobyB5b3VyIGVuZW1pZXMgYXJlLgpJZiBhbnlib2R5IG9wcG9zZXMgeW91ciBndWlsZCwKeW91IG11c3QgY3J1c2ggdGhlbSB3aXRob3V0CmFueSBoZXNpdGF0aW9uLiBZb3VyIGp1c3RpY2UKbXVzdCBiZSBtZXRlZCBzd2lmdGx5IQ==,,,,,W0NlY2lsXQpTYWliYSBxdWVtIHPDo28gc2V1cyBpbmltaWdvcy4KU2UgYWxndcOpbSBzZSBvcHVzZXIgw6Agc3VhIGd1aWxkYSwKdm9jw6ogZGV2ZSBlc21hZ8OhLWxvIHNlbQpxdWFscXVlciBoZXNpdGHDp8Ojby4gU3VhIGp1c3Rpw6dhCmRldmUgc2VyIGZlaXRhIHJhcGlkYW1lbnRlIQ==,,W0NlY2lsXQpLbm93IHdobyB5b3VyIGVuZW1pZXMgYXJlLgpJZiBhbnlib2R5IG9wcG9zZXMgeW91ciBndWlsZCwKeW91IG11c3QgY3J1c2ggdGhlbSB3aXRob3V0CmFueSBoZXNpdGF0aW9uLiBZb3VyIGp1c3RpY2UKbXVzdCBiZSBtZXRlZCBzd2lmdGx5IQ==
OC9EAw,,W0NlY2lsXQpUaGVyZSdzIG5vIG5lZWQgZm9yIHlvdQp0byBob2xkIG9udG8gdGhhdCBTcGlyaXQgb2YKRnJpZW5kc2hpcC4gUGxlYXNlIGdpdmUKaXQgdG8geW91ciBHdWlsZCBNYXN0ZXIu,,,,,W0NlY2lsXQpOw6NvIGjDoSBuZWNlc3NpZGFkZSBkZSB2b2PDqgpmaWNhciBjb20gZXNzZSBFc3DDrXJpdG8gZGEKQW1pemFkZS4gUG9yIGZhdm9yLCBlbnRyZWd1ZS1vCmFvIHNldSBNZXN0cmUgZGEgR3VpbGRhLg==,,W0NlY2lsXQpObyBoYXkgbmVjZXNpZGFkCnRvIGhvbGQgb250byB0aGF0IFNwaXJpdCBvZgrCv0FtaXN0YWQ/IERhbWUKaXQgdG8geW91ciBHdWlsZCBNYXN0ZXIu
OS9EAw,,W0NlY2lsXQpJIGNhbiB0ZWxsIHRoYXQgeW91J3JlCmFsd2F5cyB0cnlpbmcgdG8gaGVscCBhbGwKdGhlIG1lbWJlcnMgb2YgeW91ciBndWlsZC4KWW91ciBsb3lhbHR5IHdpbGwgYnJpbmcgdGhlbQp0byB5b3VyIHNpZGUgaW4gdGltZXMgb2YKam95IGFuZCBvZiB0cmlidWxhdGlvbi4=,,,,,W0NlY2lsXQpQb3NzbyBkaXplciBxdWUgdm9jw6ogZXN0w6EKc2VtcHJlIHRlbnRhbmRvIGFqdWRhciB0b2RvcwpvcyBtZW1icm9zIGRlIHN1YSBndWlsZGEuClN1YSBsZWFsZGFkZSBvcyB0cmFyw6EKcGFyYSBvIHNldSBsYWRvIG5vcyBtb21lbnRvcyBkZQphbGVncmlhIGUgZGUgdHJpYnVsYcOnw6NvLg==,,W0NlY2lsXQrCoVB1ZWRvIGRhcm1lIGN1ZW50YSBkZQphbHdheXMgdHJ5aW5nIHRvIGhlbHAgYWxsCnRoZSBtZW1iZXJzIG9mIHlvdXIgZ3VpbGQuCllvdXIgbG95YWx0eSB3aWxsIGJyaW5nIHRoZW0KdG8geW91ciBzaWRlIGluIHRpbWVzIG9mCmpveSBhbmQgb2YgdHJpYnVsYXRpb24u
Oi9EAw,,W0NlY2lsXQpXZSBoYXZlIG5vdGhpbmcgdG8KZG8gd2l0aCBlYWNoIG90aGVyLgpMZWF2ZSBtZSBiZSwgYW5kCmp1c3QgZ28gb24geW91ciB3YXku,,,,,W0NlY2lsXQpOw6NvIHRlbW9zIG5hZGEgYSB2ZXIKdW0gY29tIG8gb3V0cm8uCk1lIGRlaXhlIGVtIHBhegplIHNpZ2Egc2V1IGNhbWluaG8u,,W0NlY2lsXQpXZSBoYXZlIG5vdGhpbmcgdG8KZG8gd2l0aCBlYWNoIG90aGVyLgpMZWF2ZSBtZSBiZSwgYW5kCnNpZ3VlIHR1IGNhbWluby4=
Oy9EAw,,RGlsaWdv,,,,,RGlsaWdv,,RGlsaWdv
PC9EAw,,W0RpbGlnb10KSG0/IFRoYXQgc3Bpcml0IHRoYXQKeW91J3ZlIGJyb3VnaHQgd2l0aCB5b3UuLi4KSSdtIHNvcnJ5LCBidXQgaXQncyB1c2VsZXNzCmZvciB5b3UgdG8gY2FycnkgaXQgYXJvdW5kLg==,,,,,W0RpbGlnb10KSG0/IEVzc2UgZXNww61yaXRvIHF1ZQp2b2PDqiB0cm91eGUgY29tIHZvY8OqLi4uClNpbnRvIG11aXRvLCBtYXMgw6kgaW7DunRpbApwYXJhIHZvY8OqIGNhcnJlZ8OhLWxvIHBvciBhw60u,,W0RpbGlnb10Kwr9NbT8gCnlvdSd2ZSBicm91Z2h0IHdpdGggeW91Li4uCkxvIHNpZW50bywgcGVybyBlcwpmb3IgeW91IHRvIGNhcnJ5IGl0IGFyb3VuZC4=
PS9EAw,,W0RpbGlnb10KUGxlYXNlIGdpdmUgdGhhdCB0bwphIF5GRjAwMDBSb2d1ZV4wMDAwMDAgb3IgXkZGMDAwMFN0YWxrZXJeMDAwMDAwCmluIHlvdXIgZ3VpbGQsIGFuZCB0aGVuCmFzayBoaW0gYnJpbmcgaXQgdG8gbWUu,,,,,W0RpbGlnb10KRMOqIGlzc28gYQp1bSBeRkYwMDAwQXJydWFjZWlyb14wMDAwMDAgb3UgXkZGMDAwMERlc29yZGVpcm9eMDAwMDAwCmRlIHN1YSBndWlsZGEsIGUgZGVwb2lzCnBlw6dhIGEgZWxlIHF1ZSBvIHRyYWdhIHBhcmEgbWltLg==,,W0RpbGlnb10KUG9yIGZhdm9yIGVudHLDqWdhbGUgZXNhCmEgXjY2MDAwMFJvZ3VlXjAwMDAwMCBvciBeNjYwMDAwU3RhbGtlcl4wMDAwMDAKaW4geW91ciBndWlsZCwgYW5kIHRoZW4KYXNrIGhpbSBicmluZyBpdCB0byBtZS4=
Pi9EAw,,W0RpbGlnb10KT3VyIGJ1c2luZXNzIHRvZ2V0aGVyCmhhcyBjb25jbHVkZWQuIElmIHlvdSdyZQpub3QgYnVzeSwgd2h5IGRvbid0IHlvdSB0cnkKaGVscGluZyBvdXQgeW91ciBndWlsZD8gWWVzLApJJ20gc3VyZSB0aGV5J2QgYXBwcmVjaWF0ZSBpdC4=,,,,,W0RpbGlnb10KTm9zc29zIG5lZ8OzY2lvcyBqdW50b3MKZXN0w6NvIGNvbmNsdcOtZG9zLiBTZSB2b2PDqiBuw6NvIGVzdGl2ZXIKb2N1cGFkbywgcG9yIHF1ZSBuw6NvIHRlbnRhCmFqdWRhciBhIHN1YSBndWlsZGE/IFNpbSwKdGVuaG8gY2VydGV6YSBkZSBxdWUgZmljYXJpYW0gZmVsaXplcy4=,,W0RpbGlnb10KT3VyIGJ1c2luZXNzIHRvZ2V0aGVyCmhhcyBjb25jbHVkZWQuIElmIHlvdSdyZQpub3QgYnVzeSwgd2h5IGRvbid0IHlvdSB0cnkKU8OtLgpJJ20gc3VyZSB0aGV5J2QgYXBwcmVjaWF0ZSBpdC4=
Py9EAw,,W0RpbGlnb10KU28geW91J3JlIHRoZSBvbmUgdGhhdCdzCmJlZW4gZW50cnVzdGVkIHdpdGggdGhlClNwaXJpdCBvZiBQZWFjZT8gV2VsbCB0aGVuLi4uCk15IHRhc2sgZm9yIHlvdSBpcyB0byBeRkYwMDAwZm9ybQphIHBhcnR5IHdpdGggNiBtZW1iZXJzXjAwMDAwMC4KTm8gbW9yZSBhbmQgbm8gbGVzcy4=,,,,,W0RpbGlnb10KRW50w6NvIGZvaSB2b2PDqiBxdWVtCmZvaSBjb25maWFkbyBjb20gbwpFc3DDrXJpdG8gZGEgUGF6PyBFbnTDo28uLi4KTWluaGEgdGFyZWZhIHBhcmEgdm9jw6ogw6kgXkZGMDAwMGZvcm1hcgp1bSBncnVwbyBjb20gNiBtZW1icm9zXjAwMDAwMC4KTmVtIG1haXMsIG5lbSBtZW5vcy4=,,W0RpbGlnb10KU28geW91J3JlIHRoZSBvbmUgdGhhdCdzCmJlZW4gZW50cnVzdGVkIHdpdGggdGhlCkVuIGVzZSBjYXNv4oCmCk15IHRhc2sgZm9yIHlvdSBpcyB0byBeNjYwMDAwZm9ybQphIHBhcnR5IHdpdGggNiBtZW1iZXJzXjAwMDAwMC4KTm8gbW9yZSBhbmQgbm8gbGVzcy4=
QC9EAw,,W0RpbGlnb10KVGhpcyBpcyBhIHN0cmFuZ2UgdGVzdCwKYnV0IGlmIHlvdSBjYW4gZG8gdGhpcywgaXQKd2lsbCBjbGVhcmx5IGRlbW9uc3RyYXRlCnRvIG1lIHRoYXQgeW91ciBwZW9wbGUKc2tpbGxzIGFyZSB1cCB0byBwYXIu,,,,,W0RpbGlnb10KRXN0ZSDDqSB1bSB0ZXN0ZSBlc3RyYW5obywKbWFzIHNlIHZvY8OqIHB1ZGVyIGZhemVyIGlzc28sIGVsZQpkZW1vbnN0cmFyw6EgY2xhcmFtZW50ZQpxdWUgc3VhcyBoYWJpbGlkYWRlcwplc3TDo28gw6AgYWx0dXJhLg==,,W0RpbGlnb10KVGhpcyBpcyBhIHN0cmFuZ2UgdGVzdCwKYnV0IGlmIHlvdSBjYW4gZG8gdGhpcywgaXQKd2lsbCBjbGVhcmx5IGRlbW9uc3RyYXRlCnRvIG1lIHRoYXQgeW91ciBwZW9wbGUKc2tpbGxzIGFyZSB1cCB0byBwYXIu
QS9EAw,,W0RpbGlnb10KU28geW91J3JlIHRoZSBvbmUgdGhhdCdzCmJlZW4gZW50cnVzdGVkIHdpdGggdGhlClNwaXJpdCBvZiBQZWFjZT8gV2VsbCB0aGVuLi4uCk15IHRhc2sgZm9yIHlvdSBpcyB0byBeRkYwMDAwZm9ybQphIHBhcnR5IHdpdGggOCBtZW1iZXJzXjAwMDAwMC4KTm8gbW9yZSBhbmQgbm8gbGVzcy4=,,,,,W0RpbGlnb10KRW50w6NvIGZvaSB2b2PDqiBxdWVtCmZvaSBjb25maWFkbyBjb20gbwpFc3DDrXJpdG8gZGEgUGF6PyBFbnTDo28uLi4KTWluaGEgdGFyZWZhIHBhcmEgdm9jw6ogw6kgXkZGMDAwMGZvcm1hcgp1bSBncnVwbyBjb20gOCBtZW1icm9zXjAwMDAwMC4KTmVtIG1haXMsIG5lbSBtZW5vcy4=,,W0RpbGlnb10KU28geW91J3JlIHRoZSBvbmUgdGhhdCdzCmJlZW4gZW50cnVzdGVkIHdpdGggdGhlCkVuIGVzZSBjYXNv4oCmCk15IHRhc2sgZm9yIHlvdSBpcyB0byBeNjYwMDAwZm9ybQphIHBhcnR5IHdpdGggOCBtZW1iZXJzXjAwMDAwMC4KTm8gbW9yZSBhbmQgbm8gbGVzcy4=
Qi9EAw,,W0RpbGlnb10KU28geW91J3JlIHRoZSBvbmUgdGhhdCdzCmJlZW4gZW50cnVzdGVkIHdpdGggdGhlClNwaXJpdCBvZiBQZWFjZT8gV2VsbCB0aGVuLi4uCk15IHRhc2sgZm9yIHlvdSBpcyB0byBeRkYwMDAwZm9ybQphIHBhcnR5IHdpdGggMTAgbWVtYmVyc14wMDAwMDAuCk5vIG1vcmUgYW5kIG5vIGxlc3Mu,,,,,W0RpbGlnb10KRW50w6NvIGZvaSB2b2PDqiBxdWVtCmZvaSBjb25maWFkbyBjb20gbwpFc3DDrXJpdG8gZGEgUGF6PyBFbnTDo28uLi4KTWluaGEgdGFyZWZhIHBhcmEgdm9jw6ogw6kgXkZGMDAwMGZvcm1hcgp1bSBncnVwbyBjb20gMTAgbWVtYnJvc14wMDAwMDAuCk5lbSBtYWlzLCBuZW0gbWVub3Mu,,W0RpbGlnb10KU28geW91J3JlIHRoZSBvbmUgdGhhdCdzCmJlZW4gZW50cnVzdGVkIHdpdGggdGhlCkVuIGVzZSBjYXNv4oCmCk15IHRhc2sgZm9yIHlvdSBpcyB0byBeNjYwMDAwZm9ybQphIHBhcnR5IHdpdGggMTAgbWVtYmVyc14wMDAwMDAuCk5vIG1vcmUgYW5kIG5vIGxlc3Mu
Qy9EAw,,W0RpbGlnb10KSSBzZWUgdGhhdCB5b3UndmUKZm9ybWVkIGEgcGFydHkgd2l0aAp0aGUgZXhhY3QgbnVtYmVyIG9mCnBlb3BsZSB0aGF0IEkgYXNrZWQuIEhtbS4KSSBndWVzcyB5b3UgY2FuIGJlIHRydXN0ZWQKdG8gbGVhZCB3aGVuIHlvdSBtdXN0Lg==,,,,,W0RpbGlnb10KRXN0b3UgdmVuZG8gcXVlIHZvY8OqCmZvcm1vdSB1bSBncnVwbyBjb20KbyBuw7ptZXJvIGV4YXRvIGRlCnBlc3NvYXMgcXVlIGV1IHBlZGkuIEhtbS4KQWNobyBxdWUgcG9kZSBzZSBjb25maWFyIGVtIHZvY8OqCnBhcmEgbGlkZXJhciwgc2UgbmVjZXNzw6FyaW8u,,W0RpbGlnb10KSSBzZWUgdGhhdCB5b3UndmUKZm9ybWVkIGEgcGFydHkgd2l0aAp0aGUgZXhhY3QgbnVtYmVyIG9mCk1tbS4KSSBndWVzcyB5b3UgY2FuIGJlIHRydXN0ZWQKdG8gbGVhZCB3aGVuIHlvdSBtdXN0Lg==
RC9EAw,,W0RpbGlnb10KSGVyZS4gSSB3YW50IHlvdSB0byB0YWtlCnRoaXMgc3Bpcml0LCBhbmQgdGhlbiBnaXZlCml0IHRvIGEgUHJpZXN0IG9yIEhpZ2gKUHJpZXN0IGluIHlvdXIgZ3VpbGQu,,,,,W0RpbGlnb10KQXF1aS4gUXVlcm8gcXVlIHZvY8OqIHBlZ3VlCmVzdGUgZXNww61yaXRvIGUgZGVwb2lzIG8gZW50cmVndWUKYSB1bSBTYWNlcmRvdGUgb3UgU3VtbyAKU2FjZXJkb3RlIGRlIHN1YSBndWlsZGEu,,W0RpbGlnb10KVG9tYS4gCnRoaXMgc3Bpcml0LCBhbmQgdGhlbiBnaXZlCml0IHRvIGEgUHJpZXN0IG9yIEhpZ2gKUHJpZXN0IGluIHlvdXIgZ3VpbGQu
RS9EAw,,W0RpbGlnb10KSSB0aG91Z2h0IEkgYXNrZWQgeW91IHRvCl5GRjAwMDBmb3JtIGEgcGFydHkgb2YgNiBtZW1iZXJzXjAwMDAwMD8KTm8gbW9yZSBhbmQgbm8gbGVzcy4gSG1tLgpDb21lIGJhY2sgdG8gbWUgYWZ0ZXIgeW91J3ZlCmZpbmlzaGVkIHRoaXMgc2ltcGxlIHRhc2su,,,,,W0RpbGlnb10KUGVuc2VpIHF1ZSB0aW5oYSBsaGUgcGVkaWRvIHBhcmEKXkZGMDAwMGZvcm1hciB1bSBncnVwbyBjb20gNiBtZW1icm9zXjAwMDAwMD8KTmVtIG1haXMsIG5lbSBtZW5vcy4gSG1tLgpWb2x0ZSBxdWFuZG8gdGVybWluYXIKZXNzYSBzaW1wbGVzIHRhcmVmYS4=,,W0RpbGlnb10KSSB0aG91Z2h0IEkgYXNrZWQgeW91IHRvCl42NjAwMDBmb3JtIGEgcGFydHkgb2YgNiBtZW1iZXJzXjAwMDAwMD8KTW1tLgpDb21lIGJhY2sgdG8gbWUgYWZ0ZXIgeW91J3ZlCmZpbmlzaGVkIHRoaXMgc2ltcGxlIHRhc2su
Ri9EAw,,W0RpbGlnb10KSSB0aG91Z2h0IEkgYXNrZWQgeW91IHRvCl5GRjAwMDBmb3JtIGEgcGFydHkgb2YgOCBtZW1iZXJzXjAwMDAwMD8KTm8gbW9yZSBhbmQgbm8gbGVzcy4gSG1tLgpDb21lIGJhY2sgdG8gbWUgYWZ0ZXIgeW91J3ZlCmZpbmlzaGVkIHRoaXMgc2ltcGxlIHRhc2su,,,,,W0RpbGlnb10KUGVuc2VpIHF1ZSB0aW5oYSBsaGUgcGVkaWRvIHBhcmEKXkZGMDAwMGZvcm1hciB1bSBncnVwbyBjb20gOCBtZW1icm9zXjAwMDAwMD8KTmVtIG1haXMsIG5lbSBtZW5vcy4gSG1tLgpWb2x0ZSBxdWFuZG8gdGVybWluYXIKZXNzYSBzaW1wbGVzIHRhcmVmYS4=,,W0RpbGlnb10KSSB0aG91Z2h0IEkgYXNrZWQgeW91IHRvCl42NjAwMDBmb3JtIGEgcGFydHkgb2YgOCBtZW1iZXJzXjAwMDAwMD8KTW1tLgpDb21lIGJhY2sgdG8gbWUgYWZ0ZXIgeW91J3ZlCmZpbmlzaGVkIHRoaXMgc2ltcGxlIHRhc2su
Ry9EAw,,W0RpbGlnb10KSSB0aG91Z2h0IEkgYXNrZWQgeW91IHRvCl5GRjAwMDBmb3JtIGEgcGFydHkgb2YgMTAgbWVtYmVyc14wMDAwMDA/Ck5vIG1vcmUgYW5kIG5vIGxlc3MuIEhtbS4KQ29tZSBiYWNrIHRvIG1lIGFmdGVyIHlvdSd2ZQpmaW5pc2hlZCB0aGlzIHNpbXBsZSB0YXNrLg==,,,,,W0RpbGlnb10KUGVuc2VpIHF1ZSB0aW5oYSBsaGUgcGVkaWRvIHBhcmEKXkZGMDAwMGZvcm1hciB1bSBncnVwbyBjb20gMTAgbWVtYnJvc14wMDAwMDA/Ck5lbSBtYWlzLCBuZW0gbWVub3MuIEhtbS4KVm9sdGUgcXVhbmRvIHRlcm1pbmFyCmVzc2Egc2ltcGxlcyB0YXJlZmEu,,W0RpbGlnb10KSSB0aG91Z2h0IEkgYXNrZWQgeW91IHRvCl42NjAwMDBmb3JtIGEgcGFydHkgb2YgMTAgbWVtYmVyc14wMDAwMDA/Ck1tbS4KQ29tZSBiYWNrIHRvIG1lIGFmdGVyIHlvdSd2ZQpmaW5pc2hlZCB0aGlzIHNpbXBsZSB0YXNrLg==
SC9EAw,,W0RpbGlnb10KR29vZCB3b3JrIGdldHRpbmcgdGhlClNwaXJpdCBvZiBEZXRlcm1pbmF0aW9uLApidXQgSSB3YW50IHlvdSB0byB3b3JrIG9uCmdldHRpbmcgc3Ryb25nZXIuIElmIHlvdQppbnRlbmQgdG8gcHJvdGVjdCBvdGhlcnMsCnlvdSBjYW4ndCBhZmZvcmQgdG8gbG9zZS4=,,,,,W0RpbGlnb10Kw5N0aW1vIHRyYWJhbGhvIGFvIG9idGVyIG8KRXNww61yaXRvIGRhIERldGVybWluYcOnw6NvLAptYXMgcXVlcm8gcXVlIHZvY8OqIHNlIGVzZm9yY2UKcGFyYSBmaWNhciBtYWlzIGZvcnRlLiBTZSB2b2PDqgpwcmV0ZW5kZSBwcm90ZWdlciBvcyBvdXRyb3MsCm7Do28gcG9kZSBzZSBkYXIgYW8gbHV4byBkZSBwZXJkZXIu,,W0RpbGlnb10KR29vZCB3b3JrIGdldHRpbmcgdGhlClNwaXJpdCBvZiBEZXRlcm1pbmF0aW9uLApidXQgSSB3YW50IHlvdSB0byB3b3JrIG9uClNpCmludGVuZCB0byBwcm90ZWN0IG90aGVycywKeW91IGNhbid0IGFmZm9yZCB0byBsb3NlLg==
SS9EAw,,W0RpbGlnb10KSSB3YW50IHlvdSB0byBnYWluCl5GRjAwMDAzIEJhc2UgTGV2ZWxzXjAwMDAwMCBmb3IgdGhlCnNha2Ugb2Ygc3RyZW5ndGhlbmluZwp5b3Vyc2VsZiBhbmQgeW91ciBndWlsZC4KVGhpcyBpcyBteSB0ZXN0IGZvciB5b3Uu,,,,,W0RpbGlnb10KUXVlcm8gcXVlIHZvY8OqIGF1bWVudGUKXkZGMDAwMDMgTsOtdmVpcyBCYXNlXjAwMDAwMApwYXJhIGZvcnRhbGVjZXIKdm9jw6ogZSBzdWEgZ3VpbGRhLgpFc3RlIMOpIG8gbWV1IHRlc3RlIHBhcmEgdm9jw6ou,,W0RpbGlnb10KSSB3YW50IHlvdSB0byBnYWluCl42NjAwMDAzIEJhc2UgTGV2ZWxzXjAwMDAwMCBmb3IgdGhlCnNha2Ugb2Ygc3RyZW5ndGhlbmluZwp5b3Vyc2VsZiBhbmQgeW91ciBndWlsZC4KRXN0YSBlcyBsYSBwcnVlYmEgcXVlIHRlIGRhcsOpLg==
Si9EAw,,W0RpbGlnb10KVHJ5IG5vdCB0byB3b3JyeQpvdmVyIHRoaXMgdGFzayBzbyBtdWNoLgpJJ20gY2VydGFpbiB5b3UgY2FuIGRvCnRoaXMuIENvbWUgYmFjayB0byBtZQp3aGVuIHlvdSBhcmUgcmVhZHku,,,,,W0RpbGlnb10KVGVudGUgbsOjbyBzZSBwcmVvY3VwYXIKY29tIGVzc2EgdGFyZWZhLgpUZW5obyBjZXJ0ZXphIGRlIHF1ZSB2b2PDqiBwb2RlIGZhemVyCmlzc28uIFZvbHRlIHF1YW5kbwplc3RpdmVyIHByb250by4=,,W0RpbGlnb10KVHJ5IG5vdCB0byB3b3JyeQpvdmVyIHRoaXMgdGFzayBzbyBtdWNoLgpJJ20gY2VydGFpbiB5b3UgY2FuIGRvCmxvIHPDqS4gVnVlbHZlIGFxdcOtLgpjdWFuZG8gdGVuZ2FzIHRvZG8gbGlzdG8u
Sy9EAw,,W0RpbGlnb10KSSB3YW50IHlvdSB0byBnYWluCl5GRjAwMDAyIEJhc2UgTGV2ZWxzXjAwMDAwMCBmb3IgdGhlCnNha2Ugb2Ygc3RyZW5ndGhlbmluZwp5b3Vyc2VsZiBhbmQgeW91ciBndWlsZC4KVGhpcyBpcyBteSB0ZXN0IGZvciB5b3Uu,,,,,W0RpbGlnb10KUXVlcm8gcXVlIHZvY8OqIGF1bWVudGUKXkZGMDAwMDIgTsOtdmVpcyBCYXNlXjAwMDAwMApwYXJhIGZvcnRhbGVjZXIKdm9jw6ogZSBzdWEgZ3VpbGRhLgpFc3RlIMOpIG8gbWV1IHRlc3RlIHBhcmEgdm9jw6ou,,W0RpbGlnb10KSSB3YW50IHlvdSB0byBnYWluCl42NjAwMDAyIEJhc2UgTGV2ZWxzXjAwMDAwMCBmb3IgdGhlCnNha2Ugb2Ygc3RyZW5ndGhlbmluZwp5b3Vyc2VsZiBhbmQgeW91ciBndWlsZC4KRXN0YSBlcyBsYSBwcnVlYmEgcXVlIHRlIGRhcsOpLg==
TC9EAw,,W0RpbGlnb10KSSB3YW50IHlvdSB0byBnYWluCl5GRjAwMDAxIEJhc2UgTGV2ZWxeMDAwMDAwIGZvciB0aGUKc2FrZSBvZiBzdHJlbmd0aGVuaW5nCnlvdXJzZWxmIGFuZCB5b3VyIGd1aWxkLgpUaGlzIGlzIG15IHRlc3QgZm9yIHlvdS4=,,,,,W0RpbGlnb10KUXVlcm8gcXVlIHZvY8OqIGF1bWVudGUKXkZGMDAwMDEgTsOtdmVsIEJhc2VeMDAwMDAwCnBhcmEgZm9ydGFsZWNlcgp2b2PDqiBlIHN1YSBndWlsZGEuCkVzdGUgw6kgbyBtZXUgdGVzdGUgcGFyYSB2b2PDqi4=,,W0RpbGlnb10KSSB3YW50IHlvdSB0byBnYWluCl42NjAwMDAxIEJhc2UgTGV2ZWxeMDAwMDAwIGZvciB0aGUKc2FrZSBvZiBzdHJlbmd0aGVuaW5nCnlvdXJzZWxmIGFuZCB5b3VyIGd1aWxkLgpFc3RhIGVzIGxhIHBydWViYSBxdWUgdGUgZGFyw6ku
TS9EAw,,W0RpbGlnb10KSHVtLCBZb3UgYXJlIHN0cm9uZ2VyIHRoYW4KSSB3YXMgZXhwZWN0ZWQuCllvdSBkb24ndCBuZWVkIGFueSBtb3JlIHF1ZXN0cwpmb3IgYmVjb21pbmcgc3Ryb25nZXIuCkJ1dCwgZG8gbm90IGJlIHNvIHByb3VkIG9mIHlvdXJzZWxmLg==,,,,,W0RpbGlnb10KSHVtLCB2b2PDqiDDqSBtYWlzIGZvcnRlCmRvIHF1ZSBldSBlc3BlcmF2YS4KVm9jw6ogbsOjbyBwcmVjaXNhIGRlIG1haXMgbWlzc8O1ZXMKcGFyYSBzZSB0b3JuYXIgbWFpcyBmb3J0ZS4KTWFzIG7Do28gZmlxdWUgdMOjbyBvcmd1bGhvc28gZGUgc2kgbWVzbW8u,,W0RpbGlnb10KSHVtLCBZb3UgYXJlIHN0cm9uZ2VyIHRoYW4KSSB3YXMgZXhwZWN0ZWQuCk5vIG5lY2VzaXRhcyBtw6FzIHNlcm1vbmVzLgpmb3IgYmVjb21pbmcgc3Ryb25nZXIuCkJ1dCwgZG8gbm90IGJlIHNvIHByb3VkIG9mIHlvdXJzZWxmLg==
Ti9EAw,,W0RpbGlnb10KQWxyaWdodCB0aGVuLi4uCkkgZW50cnVzdCB5b3Ugd2l0aAp0aGlzIHNwaXJpdC4gUGxlYXNlIGJlCnN1cmUgdG8gZ2l2ZSBpdCB0byBhCl40RDRERkZDcnVzYWRlcl4wMDAwMDAgb3IgXjRENERGRlBhbGFkaW5eMDAwMDAwCmluIHlvdXIgZ3VpbGQu,,,,,W0RpbGlnb10KRW50w6NvLCBiZWxlemEuLi4KRXUgY29uZmlvIGEgdm9jw6oKZXN0ZSBlc3DDrXJpdG8uIFBvciBmYXZvciwgY2VydGlmaXF1ZS1zZQpkZSBlbnRyZWfDoS1sbyBhIHVtCl40RDRERkZUZW1wbMOhcmlvXjAwMDAwMCBvdSBeNEQ0REZGUGFsYWRpbm9eMDAwMDAwCmRlIHN1YSBndWlsZGEu,,W0RpbGlnb10KTXV5IGJpZW4sIGVudG9uY2Vz4oCmCkkgZW50cnVzdCB5b3Ugd2l0aApUZW4gZW4gY3VlbnRhCnN1cmUgdG8gZ2l2ZSBpdCB0byBhCl40RDRERkZDcnVzYWRlcl4wMDAwMDAgb3IgXjRENERGRlBhbGFkaW5eMDAwMDAwCmluIHlvdXIgZ3VpbGQu
Ty9EAw,,W0RpbGlnb10KSHVoLiBJIHNlZSB0aGF0IHlvdSd2ZQpiZWNvbWUgbXVjaCBzdHJvbmdlciwKanVzdCBhcyBJIGFza2VkLiBObyB3b25kZXIKeW91ciBndWlsZCBtYXRlcyBjYW4gcmVseQpvbiB5b3UuIENvbmdyYXR1bGF0aW9ucwpvbiBhIGpvYiB3ZWxsIGRvbmUu,,,,,W0RpbGlnb10KSHVoLiBWZWpvIHF1ZSB2b2PDqgpmaWNvdSBtdWl0byBtYWlzIGZvcnRlLApleGF0YW1lbnRlIGNvbW8gZXUgcGVkaS4gTsOjbyDDqSBkZSBzZSBhZG1pcmFyIApxdWUgc2V1cyBjb21wYW5oZWlyb3MgZGUgZ3VpbGRhIHBvc3NhbSBjb25maWFyCmVtIHZvY8OqLiBQYXJhYsOpbnMKcGVsbyDDs3RpbW8gdHJhYmFsaG8u,,W0RpbGlnb10KTW0uIApiZWNvbWUgbXVjaCBzdHJvbmdlciwKQnVlbm8sIG5vIG1lIGV4dHJhw7FhLi4uCnlvdXIgZ3VpbGQgbWF0ZXMgY2FuIHJlbHkKY29udGlnbz8gRmVsaWNpdGFjaW9uZXMtCmJ1ZW4gdHJhYmFqby4=
UC9EAw,,W0RpbGlnb10KT2ssIHRha2UgdGhpcyBhbmQgZ2l2ZSB0bwpDcnVzYWRlciBvciBQYWxhZGluCndobyBpcyBpbiBvdXIgZ3VpbGQuCkdvb2QgbHVjayE=,,,,,W0RpbGlnb10KT2ssIHBlZ3VlIGlzc28gZSBkw6ogcGFyYQpUZW1wbMOhcmlvIG91IFBhbGFkaW5vCnF1ZSBlc3RlamEgZW0gbm9zc2EgZ3VpbGRhLgpCb2Egc29ydGUh,,W0RpbGlnb10KT2ssIHRha2UgdGhpcyBhbmQgZ2l2ZSB0bwpDcnVzYWRlciBvciBQYWxhZGluCndobyBpcyBpbiBvdXIgZ3VpbGQuCsKhQnVlbmEgc3VlcnRlIQ==
US9EAw,,W0RpbGlnb10KSSBzZWUgdGhhdCB5b3UgcG9zc2Vzcwp0aGUgU3Bpcml0IG9mIFNlcnZpY2UuIEhtbS4KR29vZCBqb2IuIE5vdywgeW91ciBuZXh0CnRhc2sgd2lsbCB0ZXN0IHlvdXIgcGF0aWVuY2UuCkFsbCB5b3UgaGF2ZSB0byBkbyBpcyBeRkYwMDAwd2FpdF4wMDAwMDAuCldhaXQgdW50aWwgdGhlIHRpbWUgaXMgcmlnaHQu,,,,,W0RpbGlnb10KVmVqbyBxdWUgdm9jw6ogcG9zc3VpCm8gRXNww61yaXRvIGRvIFNlcnZpw6dvLiBIbW0uCkJvbSB0cmFiYWxoby4gQWdvcmEsIHN1YSBwcsOzeGltYQp0YXJlZmEgdGVzdGFyw6Egc3VhIHBhY2nDqm5jaWEuClR1ZG8gbyBxdWUgdm9jw6ogcHJlY2lzYSBmYXplciDDqSBeRkYwMDAwZXNwZXJhcl4wMDAwMDAuCkVzcGVyYXIgYXTDqSBvIG1vbWVudG8gY2VydG8u,,W0RpbGlnb10KSSBzZWUgdGhhdCB5b3UgcG9zc2VzcwpNbW0uCkJpZW4gaGVjaG8uIFBhcmEgdHUgcHLDs3hpbWEKdGFzayB3aWxsIHRlc3QgeW91ciBwYXRpZW5jZS4KQWxsIHlvdSBoYXZlIHRvIGRvIGlzIF42NjAwMDB3YWl0XjAwMDAwMC4KV2FpdCB1bnRpbCB0aGUgdGltZSBpcyByaWdodC4=
Ui9EAw,,W0RpbGlnb10KSSB3YW50IHlvdSB0byBzcGVuZCB0aGlzCnRpbWUgdG8gbG9vayBpbnRvIHlvdXJzZWxmLAphbmQgZXhhbWluZSB5b3VyIHJlbGF0aW9uc2hpcAp3aXRoIHlvdXIgZ3VpbGQgbWVtYmVycy4KV2hlbiB5b3UgZmVlbCB0aGF0IHRoZSB0aW1lCmlzIHJpZ2h0LCBjb21lIHRhbGsgdG8gbWUu,,,,,W0RpbGlnb10KRXUgcXVlcm8gcXVlIHZvY8OqIGdhc3RlIGVzc2UKdGVtcG8gcGFyYSBvbGhhciBwYXJhIGRlbnRybyBkZSBzaSBtZXNtbywKZSBhbmFsaXNhciBzZXUgcmVsYWNpb25hbWVudG8KY29tIG9zIG1lbWJyb3MgZGUgc3VhIGd1aWxkYS4KUXVhbmRvIHZvY8OqIGFjaGFyIHF1ZSDDqSBvIG1vbWVudG8KY2VydG8sIHZlbmhhIGNvbnZlcnNhciBjb21pZ28u,,W0RpbGlnb10KSSB3YW50IHlvdSB0byBzcGVuZCB0aGlzCnRpbWUgdG8gbG9vayBpbnRvIHlvdXJzZWxmLAphbmQgZXhhbWluZSB5b3VyIHJlbGF0aW9uc2hpcAp3aXRoIHlvdXIgZ3VpbGQgbWVtYmVycy4KV2hlbiB5b3UgZmVlbCB0aGF0IHRoZSB0aW1lCmlzIHJpZ2h0LCBjb21lIHRhbGsgdG8gbWUu
Uy9EAw,,W0RpbGlnb10KSSdtIG5vdCBnb2luZyB0byB0ZWxsIHlvdQp3aGVuIHlvdSBzaG91bGQgY29tZSBiYWNrLgpJJ2xsIG1lcmVseSBjb25maXJtIHdoZXRoZXIKeW91J3ZlIGNvbWUgZWFybHkgb3Igb24gdGltZS4KWW91J2xsIG5lZWQgdG8gcmVhbGx5IGxpc3Rlbgp0byB5b3VyIGZlZWxpbmdzIHRoaXMgdGltZS4uLg==,,,,,W0RpbGlnb10KRXUgbsOjbyB2b3UgbGhlIGRpemVyCnF1YW5kbyB2b2PDqiBkZXZlIHZvbHRhci4KVm91IGFwZW5hcyBjb25maXJtYXIgc2UKdm9jw6ogY2hlZ291IGNlZG8gb3UgbmEgaG9yYSBjZXJ0YS4KVm9jw6ogcHJlY2lzYXLDoSBvdXZpcgpzZXVzIHNlbnRpbWVudG9zIGRlc3RhIHZlei4uLg==,,W0RpbGlnb10KSSdtIG5vdCBnb2luZyB0byB0ZWxsIHlvdQp3aGVuIHlvdSBzaG91bGQgY29tZSBiYWNrLgpJJ2xsIG1lcmVseSBjb25maXJtIHdoZXRoZXIKeW91J3ZlIGNvbWUgZWFybHkgb3Igb24gdGltZS4KWW91J2xsIG5lZWQgdG8gcmVhbGx5IGxpc3Rlbgp0byB5b3VyIGZlZWxpbmdzIHRoaXMgdGltZS4uLg==
VC9EAw,,W0RpbGlnb10KWWVzLiBZb3UndmUgY29tZSBhdCBqdXN0CnRoZSByaWdodCB0aW1lLiBSZW1lbWJlcgp0aGF0IGZlZWxpbmcgaW4geW91ciBoZWFydCwKYW5kIHRydXN0IGl0IHdoZW4gaXQgY29tZXMKYWdhaW4uIE5vdyBnaXZlIHRoaXMgc3Bpcml0IHRvCmEgXkZGMDAwME1vbmteMDAwMDAwIG9yIF5GRjAwMDBDaGFtcGlvbl4wMDAwMDAgZm9yIG1lLi4u,,,,,W0RpbGlnb10KU2ltLiBWb2PDqiBjaGVnb3Ugbm8KbW9tZW50byBjZXJ0by4gTGVtYnJlLXNlCmRlc3NlIHNlbnRpbWVudG8gZW0gc2V1IGNvcmHDp8OjbywKZSBjb25maWUgbmVsZSBxdWFuZG8gc2VudGktbG8Kbm92YW1lbnRlLiBBZ29yYSwgZMOqIGVzc2UgZXNww61yaXRvIGEKdW0gXkZGMDAwME1vbmdlXjAwMDAwMCBvdSBeRkYwMDAwTWVzdHJlXjAwMDAwMCBwYXJhIG1pbS4uLg==,,W0RpbGlnb10KU8OtLiAKwqFSZWN1ZXJkYQp0aGF0IGZlZWxpbmcgaW4geW91ciBoZWFydCwKYW5kIHRydXN0IGl0IHdoZW4gaXQgY29tZXMKZGUgbnVldm8uIAphIF42NjAwMDBNb25rXjAwMDAwMCBvciBeNjYwMDAwQ2hhbXBpb25eMDAwMDAwIGZvciBtZS4uLg==
VS9EAw,,W0RpbGlnb10KVG9vIGVhcmx5LgpTdGlsbCB0b28gZWFybHkuCkhhdmUgeW91IGJlZW4gbGlzdGVuaW5nCnRvIHlvdXIgaGVhcnQ/IExpc3RlbiBoYXJkZXIu,,,,,W0RpbGlnb10KTXVpdG8gY2Vkby4KQWluZGEgw6kgbXVpdG8gY2Vkby4KVm9jw6ogdGVtIG91dmlkbwpzZXUgY29yYcOnw6NvPyBPdcOnYSBjb20gbWFpcyBhdGVuw6fDo28u,,W0RpbGlnb10KVG9vIGVhcmx5LgpTdGlsbCB0b28gZWFybHkuCkhhdmUgeW91IGJlZW4gbGlzdGVuaW5nCnRvIHlvdXIgaGVhcnQ/IExpc3RlbiBoYXJkZXIu
Vi9EAw,,W0RpbGlnb10KTm90IHlldC4gSnVzdCB3YWl0CmEgbGl0dGxlIGxvbmdlci4gUmVsYXgsCmFuZCBjb21lIGJhY2sgbGF0ZXIu,,,,,W0RpbGlnb10KQWluZGEgbsOjby4gw4kgc8OzIGVzcGVyYXIKdW0gcG91Y28gbWFpcy4gUmVsYXhlLAplIHZvbHRlIG1haXMgdGFyZGUu,,W0RpbGlnb10KVG9kYXbDrWEgbm8uIMKhRXNwZXJhIQp1biBwb2NvIG3DoXMsIFJlbMOhamF0ZS4KwqF2dWVsdmUgbcOhcyB0YXJkZSE=
Vy9EAw,,W0RpbGlnb10KTW9zdCBvZiB0aGUgc291bHMgaGF2ZQpiZWVuIHNoYXJlZCwgYW5kIHRoZXJlIGlzCmJ1dCBvbmUgdGhpbmcgSSB3YW50IHRvIGFzawp5b3UgdG8gZG8uIFBsZWFzZSBicmluZyBtZQpzb21lIGl0ZW1zLiBIYXZpbmcgeW91ciBmcmllbmRzCmhlbHAgeW91IGRvIHRoaXMgaXMgYWNjZXB0YWJsZS4=,,,,,W0RpbGlnb10KQSBtYWlvcmlhIGRhcyBhbG1hcwpmb3JhbSBjb21wYXJ0aWxoYWRhcywgZSBow6EKYXBlbmFzIHVtYSBjb2lzYSBxdWUgcXVlcm8gcGVkaXIKcXVlIHZvY8OqIGZhw6dhLiBUcmFnYS1tZQphbGd1bnMgaXRlbnMuIFBlZGlyIHNldXMgYW1pZ29zIHBhcmEKYWp1ZGFyIHZvY8OqIGEgZmF6ZXIgaXNzbyDDqSBhY2VpdMOhdmVsLg==,,W0RpbGlnb10KTW9zdCBvZiB0aGUgc291bHMgaGF2ZQpiZWVuIHNoYXJlZCwgYW5kIHRoZXJlIGlzCmJ1dCBvbmUgdGhpbmcgSSB3YW50IHRvIGFzawpkZSBjYXN1YWxpZGFkIHTDuuKApiBQb3IgZmF2b3IsIHRyw6FlbWUKc29tZSBpdGVtcy4gSGF2aW5nIHlvdXIgZnJpZW5kcwpoZWxwIHlvdSBkbyB0aGlzIGlzIGFjY2VwdGFibGUu
WC9EAw,,W0RpbGlnb10KUGxlYXNlIGJyaW5nCl5GRjAwMDAzMCBEb2tlYmkgSG9ybnNeMDAwMDAwLApeRkYwMDAwMzAgRmlzaCBUYWlsc14wMDAwMDAsIGFuZApeRkYwMDAwMzAgQ2VsZXN0aWFsIFJvYmVzXjAwMDAwMC4KSSBzaGFsbCBiZSB3YWl0aW5nCmZvciB5b3UgcmlnaHQgaGVyZS4=,,,,,W0RpbGlnb10KVHJhZ2EgcGFyYSBtaW0KXkZGMDAwMDMwIENoaWZyZXMgZGUgRG9rZWJpXjAwMDAwMCwKXkZGMDAwMDMwIENhdWRhcyBkZSBQZWl4ZV4wMDAwMDAsIGUKXkZGMDAwMDMwIE1hbnRvcyBDZWxlc3RpYWlzXjAwMDAwMC4KRXN0YXJlaSBlc3BlcmFuZG8KYXF1aSBtZXNtby4=,,W0RpbGlnb10KUG9yIGZhdm9yLCBsbMOpdmFsZQpeNjYwMDAwMzAgRG9rZWJpIEhvcm5zXjAwMDAwMCwKMzAgQ29sYSBkZSBwZXpeMDAwMDAwIHkKXjY2MDAwMDMwIENlbGVzdGlhbCBSb2Jlc14wMDAwMDAuCkVzdGFyw6kgZXNwZXJhbmRvLgpmb3IgeW91IHJpZ2h0IGhlcmUu
WS9EAw,,W0RpbGlnb10KUGxlYXNlIGJyaW5nCl5GRjAwMDAzMCBSYWluYm93IFNoZWxsc14wMDAwMDAsCl5GRjAwMDAzMCBFbGFzdGljIEJhbmRzXjAwMDAwMCwgYW5kCl5GRjAwMDAzMCBIb3JyZW5kb3VzIEhhaXJzXjAwMDAwMC4KSSBzaGFsbCBiZSB3YWl0aW5nCmZvciB5b3UgcmlnaHQgaGVyZS4=,,,,,W0RpbGlnb10KVHJhZ2EgcGFyYSBtaW0KXkZGMDAwMDMwIENvbmNoYXMgQXJjby3DjXJpc14wMDAwMDAsCl5GRjAwMDAzMCBMaWdhcyBFbMOhc3RpY2FzXjAwMDAwMCBlCl5GRjAwMDAzMCBDYWJlbG9zIEhvcnJlbmRvc14wMDAwMDAuCkVzdGFyZWkgZXNwZXJhbmRvCmFxdWkgbWVzbW8u,,W0RpbGlnb10KUG9yIGZhdm9yLCBsbMOpdmFsZQozMCBDb25jaGFzIGFyY2/DrXJpc14wMDAwMDAuCl42NjAwMDAzMCBFbGFzdGljIEJhbmRzXjAwMDAwMCwgYW5kCl42NjAwMDAzMCBIb3JyZW5kb3VzIEhhaXJzXjAwMDAwMC4KRXN0YXLDqSBlc3BlcmFuZG8uCmZvciB5b3UgcmlnaHQgaGVyZS4=
Wi9EAw,,W0RpbGlnb10KUGxlYXNlIGJyaW5nCl5GRjAwMDAzMCBXb3JuLW91dCBLaW1vbm9zXjAwMDAwMCwKXkZGMDAwMDMwIEFub2xpYW4gU2tpbnNeMDAwMDAwLCBhbmQKXkZGMDAwMDMwIFBlY29QZWNvIEZlYXRoZXJzXjAwMDAwMC4KSSBzaGFsbCBiZSB3YWl0aW5nCmZvciB5b3UgcmlnaHQgaGVyZS4=,,,,,W0RpbGlnb10KVHJhZ2EgcGFyYSBtaW0KXkZGMDAwMDMwIEtpbW9ub3MgVXNhZG9zXjAwMDAwMCwKXkZGMDAwMDMwIFBlbGVzIEFub2xpYW5hc14wMDAwMDAsIGUKXkZGMDAwMDMwIFBlbmFzIGRlIFBlY29QZWNvXjAwMDAwMC4KRXN0YXJlaSBlc3BlcmFuZG8KYXF1aSBtZXNtby4=,,W0RpbGlnb10KUG9yIGZhdm9yLCBsbMOpdmFsZQpeNjYwMDAwMzAgV29ybi1vdXQgS2ltb25vc14wMDAwMDAsCl42NjAwMDAzMCBBbm9saWFuIFNraW5zXjAwMDAwMCwgYW5kCjMwIFBsdW1hcyBkZSBQZWNvUGVjb14wMDAwMDAKRXN0YXLDqSBlc3BlcmFuZG8uCmZvciB5b3UgcmlnaHQgaGVyZS4=
Wy9EAw,,W0RpbGlnb10KV2VsbCwgd2VsbC4gWW91J3ZlCmdhdGhlcmVkIHRob3NlIGl0ZW1zCm1vcmUgcXVpY2tseSB0aGF0IEkgdGhvdWdodAp5b3Ugd291bGQuIEdvb2Qgam9iLiBOb3csCnBsZWFzZSBnaXZlIHRoaXMgdG8geW91ciBeRkYwMDAwR3VpbGQKTWFzdGVyXjAwMDAwMCBhcyBzb29uIGFzIHlvdSBjYW4u,,,,,W0RpbGlnb10KT3JhLCBvcmEuIFZvY8OqCmNvbGV0b3UgZXNzZXMgaXRlbnMKbWFpcyByw6FwaWRvIGRvIHF1ZSBldQpwZW5zZWkgcXVlIGZhcmlhLiBCb20gdHJhYmFsaG8uIEFnb3JhLAplbnRyZWd1ZSBpc3NvIGFvIHNldSBeRkYwMDAwTWVzdHJlIGRhCkd1aWxkYV4wMDAwMDAgYXNzaW0gcXVlIHB1ZGVyLg==,,W0RpbGlnb10KVmF5YSwgdmF5YS4gSGFzCmdhdGhlcmVkIHRob3NlIGl0ZW1zCm1vcmUgcXVpY2tseSB0aGF0IEkgdGhvdWdodApCaWVuIGhlY2hvLiBCaWVuLApwbGVhc2UgZ2l2ZSB0aGlzIHRvIHlvdXIgXjY2MDAwMEd1aWxkClNvb255LCBsbyBhbnRlcyBwb3NpYmxlIQ==
XC9EAw,,W0RpbGlnb10KWW91IGhhdmUgdG8gZ2l2ZSBeRkYwMDAwVHJhbnNwYXJlbnQgQ2VsZXN0aWFsIFJvYmUgXjAwMDAwMDMwZWEsCl5GRjAwMDBEb2tlYmkgSG9ybiBeMDAwMDAwMzBlYSwgXkZGMDAwMEZpc2ggVGFpbCBeMDAwMDAwMzBlYS4KWW91IGtub3cgdGhhdCwgcmlnaHQ/Ckdvb2QgbHVja34=,,,,,W0RpbGlnb10KVm9jw6ogdGVtIHF1ZSBkYXIgXkZGMDAwME1hbnRvIENlcmltb25pYWwgQ2VsZXN0aWFsIF4wMDAwMDAzMCB1bmlkYWRlcywKXkZGMDAwMENoaWZyZSBkZSBEb2tlYmkgXjAwMDAwMDMwIHVuaWRhZGVzLCBeRkYwMDAwQ2F1ZGEgZGUgUGVpeGUgXjAwMDAwMCAzMCB1bmlkYWRlcy4KVm9jw6ogc2FiZSBkaXNzbywgY2VydG8/CkJvYSBzb3J0ZSE=,,W0RpbGlnb10KWW91IGhhdmUgdG8gZ2l2ZSBeNjYwMDAwVHJhbnNwYXJlbnQgQ2VsZXN0aWFsIFJvYmUgXjAwMDAwMDMwIGVhLApeNjYwMDAwRG9rZWJpIEhvcm4gXjAwMDAwMDMwIGVhLCBeNjYwMDAwRmlzaCBUYWlsIF4wMDAwMDAzMCBlYS4KTG8gc2FiZXMsIMK/dmVyZGFkPwpCdWVuYSBzdWVydGU=
XS9EAw,,W0RpbGlnb10KUGxlYXNlIGdpdmUgdGhlClNwaXJpdCBvZiBEZXRlcm1pbmF0aW9uCnRvIGEgXkZGMDAwMFByaWVzdF4wMDAwMDAgb3IgXkZGMDAwMEhpZ2ggUHJpZXN0XjAwMDAwMC4KWW91IGtuZXcgdGhhdCBhbHJlYWR5LApkaWRuJ3QgeW91PyBQbGVhc2UgaHVycnkKYW5kIGRlbGl2ZXIgaXQgc29vbi4=,,,,,W0RpbGlnb10KUG9yIGZhdm9yLCBkw6ogbwpFc3DDrXJpdG8gZGEgRGV0ZXJtaW5hw6fDo28KYSB1bSBeRkYwMDAwU2FjZXJkb3RlXjAwMDAwMCBvdSBeRkYwMDAwU3VtbyBTYWNlcmRvdGVeMDAwMDAwLgpWb2PDqiBqw6Egc2FiaWEgZGlzc28sCm7Do28gw6kgbWVzbW8/IFBvciBmYXZvciwgc2UgYXByZXNzZQplIGVudHJlZ3VlLW8gbG9nby4=,,W0RpbGlnb10KUGxlYXNlIGdpdmUgdGhlClNwaXJpdCBvZiBEZXRlcm1pbmF0aW9uCnRvIGEgXjY2MDAwMFByaWVzdF4wMDAwMDAgb3IgXjY2MDAwMEhpZ2ggUHJpZXN0XjAwMDAwMC4KWW91IGtuZXcgdGhhdCBhbHJlYWR5LArCv3ZlcmRhZD8gUG9yIGZhdm9yLCDCoWRhdGUgcHJpc2EhCmFuZCBkZWxpdmVyIGl0IHNvb24u
Xi9EAw,,W0RpbGlnb10KRm9yIG5vdywgaXQgd291bGQgYmUKYmVzdCBmb3IgeW91IHRvIHJlc3QgYW5kCnJlY291cCB5b3VyIHN0cmVuZ3RoLiBZb3VyCmNoYW5jZSB0byBoZWxwIHlvdXIgZ3VpbGQKd2lsbCBjb21lIHNvb24gZW5vdWdoIHNvCnRoZXJlJ3Mgbm8gbmVlZCB0byBydXNoLg==,,,,,W0RpbGlnb10KUG9yIGVucXVhbnRvLCBzZXJpYQptZWxob3Igdm9jw6ogZGVzY2Fuc2FyIGUKcmVjdXBlcmFyIHN1YXMgZm9yw6dhcy4gU3VhCmNoYW5jZSBkZSBhanVkYXIgc3VhIGd1aWxkYQpjaGVnYXLDoSBlbSBicmV2ZSwKbsOjbyBow6EgbmVjZXNzaWRhZGUgZGUgc2UgYXByZXNzYXIu,,W0RpbGlnb10KUG9yIGFob3JhLCBzZXLDrWEgbWVqb3IKYmVzdCBmb3IgeW91IHRvIHJlc3QgYW5kClR1CmNoYW5jZSB0byBoZWxwIHlvdXIgZ3VpbGQKd2lsbCBjb21lIHNvb24gZW5vdWdoIHNvCnRoZXJlJ3Mgbm8gbmVlZCB0byBydXNoLg==
Xy9EAw,,W0RpbGlnb10KUGxlYXNlIGdpdmUgdGhlClNwaXJpdCBvZiBTZXJ2aWNlIHRvCmEgXkZGMDAwMENydXNhZGVyXjAwMDAwMCBvciBeRkYwMDAwUGFsYWRpbl4wMDAwMDAuCllvdSBrbmV3IHRoYXQgYWxyZWFkeSwKZGlkbid0IHlvdT8gUGxlYXNlIGh1cnJ5CmFuZCBkZWxpdmVyIGl0IHNvb24u,,,,,W0RpbGlnb10KUG9yIGZhdm9yLCBkw6ogbwpFc3DDrXJpdG8gZG8gU2VydmnDp28gYQp1bSBeRkYwMDAwVGVtcGzDoXJpb14wMDAwMDAgb3UgdW0gXkZGMDAwMFBhbGFkaW5vXjAwMDAwMC4KVm9jw6ogasOhIHNhYmlhIGRpc3NvLApuw6NvIHNhYmlhPyBTZSBhcHJlc3NlCmUgZW50cmVndWUtbyBsb2dvLg==,,W0RpbGlnb10KUGxlYXNlIGdpdmUgdGhlClNwaXJpdCBvZiBTZXJ2aWNlIHRvCmEgXjY2MDAwMENydXNhZGVyXjAwMDAwMCBvciBeNjYwMDAwUGFsYWRpbl4wMDAwMDAuCllvdSBrbmV3IHRoYXQgYWxyZWFkeSwKwr92ZXJkYWQ/IFBvciBmYXZvciwgwqFkYXRlIHByaXNhIQphbmQgZGVsaXZlciBpdCBzb29uLg==
YC9EAw,,W0RpbGlnb10KSG1tLiBZb3UgbmVlZCB0byB3YWl0CmZvciB0aGUgcmlnaHQgdGltZSB0byBhY3QuCldoeSBkb24ndCB5b3UgaGVscCBvdXQKeW91ciBndWlsZCBpbiB0aGUgbWVhbnRpbWU/,,,,,W0RpbGlnb10KSG1tLiBWb2PDqiBwcmVjaXNhIGVzcGVyYXIKbyBtb21lbnRvIGNlcnRvIHBhcmEgYWdpci4KUG9yIHF1ZSB2b2PDqiBuw6NvIGFqdWRhCnN1YSBndWlsZGEgbmVzc2UgbWVpbyB0ZW1wbz8=,,W0RpbGlnb10KTW1tLiBUaWVuZXMgcXVl4oCmCmZvciB0aGUgcmlnaHQgdGltZSB0byBhY3QuCldoeSBkb24ndCB5b3UgaGVscCBvdXQKeW91ciBndWlsZCBpbiB0aGUgbWVhbnRpbWU/
YS9EAw,,W0RpbGlnb10KUGxlYXNlIGdpdmUgdGhlClNwaXJpdCBvZiBHbG9yeSB0bwphIF5GRjAwMDBNb25rXjAwMDAwMCBvciBeRkYwMDAwQ2hhbXBpb25eMDAwMDAwLgpZb3Uga25ldyB0aGF0IGFscmVhZHksCmRpZG4ndCB5b3U/IFBsZWFzZSBodXJyeQphbmQgZGVsaXZlciBpdCBzb29uLg==,,,,,W0RpbGlnb10KUG9yIGZhdm9yLCBkw6ogbwpFc3DDrXJpdG8gZGEgR2zDs3JpYSBwYXJhCnVtIF5GRjAwMDBNb25nZV4wMDAwMDAgb3UgdW0gXkZGMDAwME1lc3RyZV4wMDAwMDAuClZvY8OqIGrDoSBzYWJpYSBkaXNzbywKbsOjbyBzYWJpYT8gU2UgYXByZXNzZQplIGVudHJlZ3VlLW8gbG9nby4=,,W0RpbGlnb10KUGxlYXNlIGdpdmUgdGhlClNwaXJpdCBvZiBHbG9yeSB0bwphIF42NjAwMDBNb25rXjAwMDAwMCBvciBeNjYwMDAwQ2hhbXBpb25eMDAwMDAwLgpZb3Uga25ldyB0aGF0IGFscmVhZHksCsK/dmVyZGFkPyBQb3IgZmF2b3IsIMKhZGF0ZSBwcmlzYSEKYW5kIGRlbGl2ZXIgaXQgc29vbi4=
Yi9EAw,,W0RpbGlnb10KSSBzZWUgdGhhdCB5b3UgaGF2ZQp0aGUgcG90ZW50aWFsIHRvIGJlY29tZQphIGdyZWF0IGxlYWRlci4gQmUgc3VyZQpub3QgdG8gd2FzdGUgaXQsIGFuZCBsZWFkCnlvdXIgZ3VpbGQgYXMgd2VsbCBhcyB5b3UgY2FuLg==,,,,,W0RpbGlnb10KVmVqbyBxdWUgdm9jw6ogdGVtCm8gcG90ZW5jaWFsIHBhcmEgc2UgdG9ybmFyCnVtIGdyYW5kZSBsw61kZXIuIENlcnRpZmlxdWUtc2UgZGUKbsOjbyBvIGRlc3BlcmRpw6dhciwgbGlkZXJlIHN1YQogZ3VpbGRhIGRhIG1lbGhvciBtYW5laXJhIHBvc3PDrXZlbC4=,,W0RpbGlnb10KVmVvIHF1ZSByZWNpYmlzdGUKdGhlIHBvdGVudGlhbCB0byBiZWNvbWUKYSBncmVhdCBsZWFkZXIuIEJlIHN1cmUKbm90IHRvIHdhc3RlIGl0LCBhbmQgbGVhZAp5b3VyIGd1aWxkIGFzIHdlbGwgYXMgeW91IGNhbi4=
Yy9EAw,,W0RpbGlnb10KWW91IG5lZWQgdG8gZ2l2ZQp0aGUgXkZGMDAwMFNwaXJpdCBvZiBWaWN0b3J5XjAwMDAwMAp0byB5b3VyIEd1aWxkIE1hc3Rlci4KUGxlYXNlIG1ha2Ugc3VyZSB0aGF0Cml0IGdldHMgZGVsaXZlcmVkIHNvb24u,,,,,W0RpbGlnb10KVm9jw6ogcHJlY2lzYSBkYXIKbyBeRkYwMDAwRXNww61yaXRvIGRhIFZpdMOzcmlhXjAwMDAwMAphbyBzZXUgTWVzdHJlIGRhIEd1aWxkYS4KUG9yIGZhdm9yLCBjZXJ0aWZpcXVlLXNlIGRlCnF1ZSBlbGUgc2VqYSBlbnRyZWd1ZSBsb2dvLg==,,W0RpbGlnb10KVGllbmVzIHF1ZSBlbmNvbnRyYXIKdGhlIF42NjAwMDBTcGlyaXQgb2YgVmljdG9yeV4wMDAwMDAKdG8geW91ciBHdWlsZCBNYXN0ZXIuCkFzZWfDunJhdGUgZGUgdHJhZXIKaXQgZ2V0cyBkZWxpdmVyZWQgc29vbi4=
ZC9EAw,,W0RpbGlnb10KWW91J3JlIGEgbmVub3duIGV4cGxvcmVyLAphbmQgSSBzZWUgaW4geW91IHRoZSBwb3RlbnRpYWwKdG8gYWNjb21wbGlzaCBldmVuIG1vcmUKZ3JlYXQgdGhpbmdzLiBIb3dldmVyLApJIGRvdWJ0IHRoZXJlIGlzIGFueXRoaW5nCm1vcmUgdGhhdCB5b3UgY2FuIGRvIGhlcmUu,,,,,W0RpbGlnb10KVm9jw6ogw6kgdW0gZXhwbG9yYWRvciByZWNvbmhlY2lkbywKZSB2ZWpvIGVtIHZvY8OqIG8gcG90ZW5jaWFsCnBhcmEgcmVhbGl6YXIgY29pc2FzIAphaW5kYSBtYWlvcmVzLiBObyBlbnRhbnRvLApkdXZpZG8gcXVlIGhhamEgYWxnbwptYWlzIHF1ZSB2b2PDqiBwb3NzYSBmYXplciBhcXVpLg==,,W0RpbGlnb10KWW91J3JlIGEgbmVub3duIGV4cGxvcmVyLAphbmQgSSBzZWUgaW4geW91IHRoZSBwb3RlbnRpYWwKdG8gYWNjb21wbGlzaCBldmVuIG1vcmUKU2luIGVtYmFyZ28sCkkgZG91YnQgdGhlcmUgaXMgYW55dGhpbmcKbW9yZSB0aGF0IHlvdSBjYW4gZG8gaGVyZS4=
ZS9EAw,,W0RpbGlnb10KSG1tLiBZb3UgaGF2ZSBubyBidXNpbmVzcwpiZWluZyBoZXJlLiBXaHkgZG9uJ3QgeW91CmZpbmQgc29tZXRoaW5nIHByb2R1Y3RpdmUKdG8gZG8/IFRoZXJlIGlzIG5vdGhpbmcKZm9yIHlvdSBoZXJlLCBJIGFzc3VyZSB5b3Uu,,,,,W0RpbGlnb10KSG1tLiBWb2PDqiBuw6NvIHRlbSBuYWRhCnBhcmEgZmF6ZXIgYXF1aS4gUG9yIHF1ZSBuw6NvCnByb2N1cmEgYWxnbyBwcm9kdXRpdm8KcGFyYSBmYXplcj8gTsOjbyBow6EgbmFkYQpwYXJhIHZvY8OqIGFxdWksIGV1IGxoZSBnYXJhbnRvLg==,,W0RpbGlnb10KTW1tLiAKwr9Qb3IgcXXDqSBubyB0ZQpmaW5kIHNvbWV0aGluZyBwcm9kdWN0aXZlCmhhY2VyLiDCv1BvciBxdcOpIG5vIGhheSBuYWRhIGFxdcOtPwpmb3IgeW91IGhlcmUsIEkgYXNzdXJlIHlvdS4=
Zi9EAw,,W0RpbGlnb10KWW91IG1pZ2h0IGJlIHRoZSBtYXN0ZXIKb2YgYSBndWlsZCwgYnV0IHlvdSBhbmQgSQpoYXZlIG5vdGhpbmcgdG8gZG8gd2l0aAplYWNoIG90aGVyLiBJJ20gc29ycnku,,,,,W0RpbGlnb10KVm9jw6ogcG9kZSBzZXIgbyBtZXN0cmUKZGUgdW1hIGd1aWxkYSwgbWFzIHZvY8OqIGUgZXUKbsOjbyB0ZW1vcyBuYWRhIGEgdmVyCnVtIGNvbSBvIG91dHJvLiBEZXNjdWxwZS1tZS4=,,W0RpbGlnb10KWW91IG1pZ2h0IGJlIHRoZSBtYXN0ZXIKb2YgYSBndWlsZCwgYnV0IHlvdSBhbmQgSQpubyB0ZW5nbyBuYWRhIHF1ZSB2ZXIgY29uIGVsbG9zLgpwYXJhIGVudGVuZGVyc2UhIExvIHNpZW50by4=
Zy9EAw,,W0RpbGlnb10KVGhlbiBhZ2FpbiwgSSBzdXBwb3NlCnlvdSBjYW1lIGhlcmUgdG8gc2VlCmhvdyBhIHJlYWwgZ3VpbGQgb3BlcmF0ZXMuCklmIHRoYXQncyB0aGUgY2FzZSwgeW91J3JlCndlbGNvbWUgdG8gc3RheSBhbmQgb2JzZXJ2ZS4=,,,,,W0RpbGlnb10KUG9yIG91dHJvIGxhZG8sIHN1cG9uaG8gcXVlCnZvY8OqIHZlaW8gYXF1aSBwYXJhIHZlcgpjb21vIGZ1bmNpb25hIHVtYSBndWlsZGEgZGUgdmVyZGFkZS4KU2UgZm9yIGVzc2UgbyBjYXNvLCB2b2PDqiDDqQpiZW0tdmluZG8gcGFyYSBmaWNhciBlIG9ic2VydmFyLg==,,W0RpbGlnb10KVGhlbiBhZ2FpbiwgSSBzdXBwb3NlCnlvdSBjYW1lIGhlcmUgdG8gc2VlCmhvdyBhIHJlYWwgZ3VpbGQgb3BlcmF0ZXMuCklmIHRoYXQncyB0aGUgY2FzZSwgeW91J3JlCndlbGNvbWUgdG8gc3RheSBhbmQgb2JzZXJ2ZS4=
aC9EAw,,W0RpbGlnb10KLi4uLi4uLi4uLi4uLi4uLi4uLi4uLi4uLg==,,,,,W0RpbGlnb10KLi4uLi4uLi4uLi4uLi4uLi4uLi4uLi4uLg==,,W0RpbGlnb10KLi4uLi4uLi4uLi4uLi4uLi4uLi4uLi4uLg==
aS9EAw,,W0RpbGlnb10KV2hhdCBicmluZ3MgeW91IGhlcmU/CkkgZG9uJ3QgdGhpbmsgSSd2ZSBzZWVuCnlvdSBhcm91bmQgYmVmb3JlLiBIbS4=,,,,,W0RpbGlnb10KTyBxdWUgbyB0cmF6IGFxdWk/CkFjaG8gcXVlIG51bmNhIHZpIHZvY8OqCnBvciBhcXVpIGFudGVzLiBIbS4=,,W0RpbGlnb10Kwr9RdcOpIHRlIHRyYWUgcG9yIGFxdcOtPwpDcmVvIHF1ZSBubyB0ZSBoZSB2aXN0byBhbnRlcy4KYW50ZXMuIE1tbS4=
ai9EAw,,W0hlcm1vZF0KVU1NLi4gdGhhdCdzLi4uPwpZb3UgaGF2ZSBub3QgeWV0IGZvdW5kIHRoZSBndXkuCkZpbmQgdGhlIHJpZ2h0IHNhZ2Ugb3Igc2Nob2xhcgphbW9uZyB5b3VyIG1lbiBhbmQgZ2l2ZSBTcGlyaXQgb2YgVHJ1c3Qu,,,,,W0hlcm1vZF0KSE1NLi4uIGlzc28gw6kuLi4/ClZvY8OqIGFpbmRhIG7Do28gZW5jb250cm91IGEgcGVzc29hIGNlcnRhLgpFbmNvbnRyZSBvIHPDoWJpbyBvdSBwcm9mZXNzb3IgY2VydG8KZW50cmUgc2V1cyBob21lbnMgZSBkw6ogbyBFc3DDrXJpdG8gZGEgQ29uZmlhbsOnYS4=,,W0hlcm1vZF0KVU1NLi4gdGhhdCdzLi4uPwpZb3UgaGF2ZSBub3QgeWV0IGZvdW5kIHRoZSBndXkuCkZpbmQgdGhlIHJpZ2h0IHNhZ2Ugb3Igc2Nob2xhcgphbW9uZyB5b3VyIG1lbiBhbmQgZ2l2ZSBTcGlyaXQgb2YgVHJ1c3Qu
ay9EAw,,W0hlcm1vZF0KVGhlIG9uZSByZWNlaXZlZCB0aGUgc3Bpcml0Cm5lZWRzIHRvIGdvIHRvIENlY2lsCmFuZCBoZSB3aWxsIGd1aWRlIGZyb20gdGhhdApwb2ludC4KR29vZCBsdWNrIHRvIHlvdS4=,,,,,W0hlcm1vZF0KQXF1ZWxlIHF1ZSByZWNlYmV1IG8gZXNww61yaXRvCnByZWNpc2EgaXIgYXTDqSBvIENlY2lsCmUgZWxlIG8gZ3VpYXLDoQpkYcOtLgpCb2Egc29ydGUu,,W0hlcm1vZF0KVGhlIG9uZSByZWNlaXZlZCB0aGUgc3Bpcml0CnRlbmRyw6EgcXVlIGhhYmxhciBjb24gQ2VjaWwsCmFuZCBoZSB3aWxsIGd1aWRlIGZyb20gdGhhdApwb2ludC4KQnVlbmEgc3VlcnRlLg==
bC9EAw,,W0hlcm1vZF0KWW91IGtub3cgdGhlIHRyaWFsIGhhcwpub3QgeWV0IGJlZW4gZmluaXNoZWQKYnV0IHlvdSBtdXN0IGJlIHZlcnkKdGlyZWQgbm93LiBZb3Ugc2hvdWxkIHRha2UKdGhlIHRoaXJkIHRlc3QKbGF0ZXIu,,,,,W0hlcm1vZF0KVm9jw6ogc2FiZSBxdWUgYSBwcm92YcOnw6NvCmFpbmRhIG7Do28gZm9pIGNvbmNsdcOtZGEKbWFzIHZvY8OqIGRldmUgZXN0YXIgbXVpdG8KY2Fuc2FkbyBhZ29yYS4gVm9jw6ogZGV2ZSBmYXplcgpvIHRlcmNlaXJvIHRlc3RlCm1haXMgdGFyZGUu,,W0hlcm1vZF0KWW91IGtub3cgdGhlIHRyaWFsIGhhcwpub3QgeWV0IGJlZW4gZmluaXNoZWQKYnV0IHlvdSBtdXN0IGJlIHZlcnkKRGViZXLDrWFzCnRoZSB0aGlyZCB0ZXN0Cmx1ZWdvLg==
bS9EAw,,W0hlcm1vZF0KSSBhbSBhbHNvIGtpbmRhIHRpcmVkCmZvciBzdGFuZGluZyBieS4KVGFrZSBhIHJlc3QKYW5kIGNvbWUgYmFjayBhZ2Fpbi4=,,,,,W0hlcm1vZF0KVGFtYsOpbSBlc3RvdSB1bSBwb3VjbyBjYW5zYWRvCnBvciBlc3RhciBlc3BlcmFuZG8uCkRlc2NhbnNlIHVtIHBvdWNvCmUgdm9sdGUgbm92YW1lbnRlLg==,,W0hlcm1vZF0KSSBhbSBhbHNvIGtpbmRhIHRpcmVkCmZvciBzdGFuZGluZyBieS4KRGVzY2Fuc2FzCmFuZCBjb21lIGJhY2sgYWdhaW4u
bi9EAw,,W0hlcm1vZF0KSGVsbG8uIE1hc3Rlci4KSSBhbSBIZXJtb2QsIHRoZSBsZWFkZXIgb2YKZm91ciBHcmVhdCBTYWdlcy4KSSBhbSBoZXJlIGJ5IHRoZSBvcmRlcnMgb2YKeW91ciBraW5nLCBUcmlzdGFuIElJSS4=,,,,,W0hlcm1vZF0KT2zDoS4gTWVzdHJlLgpFdSBzb3UgSGVybW9kLCBvIGzDrWRlciBkb3MKcXVhdHJvIEdyYW5kZXMgU8OhYmlvcy4KRXN0b3UgYXF1aSBwb3Igb3JkZW0gZGUKc2V1IHJlaSwgVHJpc3RhbiBJSUku,,W0hlcm1vZF0KSG9sYS4gTWFlc3Ryb+KApgpTb3kgSGVybW9kLCBlbCBsw61kZXIgZGUKZm91ciBHcmVhdCBTYWdlcy4KSSBhbSBoZXJlIGJ5IHRoZSBvcmRlcnMgb2YKeW91ciBraW5nLCBUcmlzdGFuIElJSS4=
by9EAw,,W0hlcm1vZF0KV2UgdGVzdCBndWlsZHMgdGhhdApvd24gYWdpdHMgYW5kIGNoZWNrIGlmIHRoZXkKYXJlIHF1YWxpZmllZCB0byBiZSBhbiBlbGl0ZSBndWlsZC4KT3VyIGdvYWwgaXMgdG8gdHJhaW4gdGhlIGd1aWxkcyBhbmQKc3RyZW5ndGhlbiB0aGUgY291bnRyeSdzIG1pbGl0YXJ5IHBvd2VyLg==,,,,,W0hlcm1vZF0KVGVzdGFtb3MgYXMgZ3VpbGRhcyBxdWUKcG9zc3VlbSBhZ2l0cyBzZSBzw6NvIHF1YWxpZmljYWRhcyBwYXJhIApzZXJlbSBjb25zaWRlcmFkYXMgZ3VpbGRhcyBkZSBlbGl0ZS4gCk5vc3NvIG9iamV0aXZvIMOpIHRyZWluYXIgYXMgZ3VpbGRhcyBlCmZvcnRhbGVjZXIgbyBwb2RlciBtaWxpdGFyIGRvIHBhw61zLg==,,W0hlcm1vZF0KV2UgdGVzdCBndWlsZHMgdGhhdApvd24gYWdpdHMgYW5kIGNoZWNrIGlmIHRoZXkKYXJlIHF1YWxpZmllZCB0byBiZSBhbiBlbGl0ZSBndWlsZC4KT3VyIGdvYWwgaXMgdG8gdHJhaW4gdGhlIGd1aWxkcyBhbmQKc3RyZW5ndGhlbiB0aGUgY291bnRyeSdzIG1pbGl0YXJ5IHBvd2VyLg==
cC9EAw,,W0hlcm1vZF0KTWFzdGVyLCB5b3UgYW5kIHlvdXIgbWVtYmVycyBoYXZlCm9jY3VwaWVkIHlvdXIgYWdpdCB1c2luZyBhIGRlYWRseSBmb3JjZS4KV2UgcmVzcGVjdCB5b3VyIGJyYXZlcnkgYW5kIGNvbWJhdApza2lsbHMgb2YgeW91ciB0ZWFtLg==,,,,,W0hlcm1vZF0KTWVzdHJlLCBvIHNlbmhvciBlIHNldXMgbWVtYnJvcwpvY3VwYXJhbSBzdWEgYWdpdCB1c2FuZG8gdW1hIGZvcsOnYSBtb3J0YWwuClJlc3BlaXRhbW9zIHN1YSBicmF2dXJhIGUgYXMgCmUgYXMgaGFiaWxpZGFkZXMgZGUgY29tYmF0ZSBkZSBzdWEgZXF1aXBlLg==,,W0hlcm1vZF0KTWFzdGVyLCB5b3UgYW5kIHlvdXIgbWVtYmVycyBoYXZlCm9jY3VwaWVkIHlvdXIgYWdpdCB1c2luZyBhIGRlYWRseSBmb3JjZS4KV2UgcmVzcGVjdCB5b3VyIGJyYXZlcnkgYW5kIGNvbWJhdApza2lsbHMgb2YgeW91ciB0ZWFtLg==
cS9EAw,,W0hlcm1vZF0KSG93ZXZlciwgdGhhdCBpcwpub3QgZ29vZCBlbm91Z2ggdG8gcHJvb3ZlCnRoYXQgeW91ciBndWlsZCBpcyBxdWFsaWZpZWQgdG8gYmUgYW4KZWxpdGUgZ3VpbGQgdGhhdCBwcm90ZWN0cyBqdXN0aWNlIGFuZCB3ZWFrIHBlb3BsZS4KSWYgeW91IHdpc2gsIHdlIGNhbiBoZWxwIHlvdXIgZ3VpbGQgdG8gYmVjb21lCnN0cm9uZ2VyLg==,,,,,W0hlcm1vZF0KTm8gZW50YW50bywgaXNzbyBuw6NvIMOpCm7Do28gw6kgYm9tIG8gc3VmaWNpZW50ZSBwYXJhIHByb3ZhcgpxdWUgc3VhIGd1aWxkYSBlc3TDoSBxdWFsaWZpY2FkYSBwYXJhIHNlciB1bWEKZ3VpbGRhIGRlIGVsaXRlIHF1ZSBwcm90ZWdlIGEganVzdGnDp2EgZSBhcyBwZXNzb2FzIGZyYWNhcy4KU2UgZGVzZWphciwgcG9kZW1vcyBhanVkYXIgc3VhIGd1aWxkYSBhIHNlIHRvcm5hcgptYWlzIGZvcnRlLg==,,W0hlcm1vZF0KSG93ZXZlciwgdGhhdCBpcwpub3QgZ29vZCBlbm91Z2ggdG8gcHJvb3ZlCnRoYXQgeW91ciBndWlsZCBpcyBxdWFsaWZpZWQgdG8gYmUgYW4KZWxpdGUgZ3VpbGQgdGhhdCBwcm90ZWN0cyBqdXN0aWNlIGFuZCB3ZWFrIHBlb3BsZS4KSWYgeW91IHdpc2gsIHdlIGNhbiBoZWxwIHlvdXIgZ3VpbGQgdG8gYmVjb21lCm3DoXMgZnVlcnphLg==
ci9EAw,,W0hlcm1vZF0KSXQgaXMgdXAgdG8geW91LApndWlsZCBtYXN0ZXIu,,,,,W0hlcm1vZF0KRGVwZW5kZSBkZSB2b2PDqiwKbWVzdHJlIGRhIGd1aWxkYS4=,,W0hlcm1vZF0KSXQgaXMgdXAgdG8geW91LAptYWVzdHJvIGRlbCBncmVtaW8=
cy9EAw,,V2hhdCBkbyB5b3Ugc2F5Pw==,,,,,TyBxdWUgdm9jw6ogYWNoYT8=,,wr9RdcOpIGRpY2VzPw==
dC9EAw,,SSBhY2NlcHQgeW91ciBvZmZlci4=,,,,,QWNlaXRvIHN1YSBvZmVydGEu,,QWNlcHRvIHR1IG9mZXJ0YS4=
dS9EAw,,Li4uR2l2ZSBtZSBzb21lIHRpbWUgdG8gdGhpbmsu,,,,,Li4uRMOqLW1lIGFsZ3VtIHRlbXBvIHBhcmEgcGVuc2FyLg==,,Li4uR2l2ZSBtZSBzb21lIHRpbWUgdG8gdGhpbmsu
di9EAw,,W0hlcm1vZF0KSXMgdGhhdCBzby4KWW91IG5lZWQgdG8gZm9sbG93IG91cgpvcmRlcnMgYW5kIHRoZSBzcGlyaXRzCmFyZSBnaXZlbiBvbmx5IG9uY2UKc28geW91IG5lZWQgdGFrZSBhIHZlcnkKZ29vZCBjYXJlIG9mIGl0Li4KQmV3YXJlIG9mIHRoYXQu,,,,,W0hlcm1vZF0Kw4kgaXNzbyBtZXNtby4KVm9jw6ogcHJlY2lzYSBzZWd1aXIgbm9zc2FzCm9yZGVucyBlIG9zIGVzcMOtcml0b3MKc8OjbyBkYWRvcyBhcGVuYXMgdW1hIHZlegplbnTDo28gdm9jw6ogcHJlY2lzYSBjdWlkYXIKbXVpdG8gYmVtIGRlbGVzLgpDdWlkYWRvIGNvbSBpc3NvLg==,,W0hlcm1vZF0KTm8gbWUgZGlnYXMuCllvdSBuZWVkIHRvIGZvbGxvdyBvdXIKb3JkZXJzIGFuZCB0aGUgc3Bpcml0cwphcmUgZ2l2ZW4gb25seSBvbmNlCnNvIHlvdSBuZWVkIHRha2UgYSB2ZXJ5CmN1aWRhcmxhIG11eSBiaWVuIQpCZXdhcmUgb2YgdGhhdC4=
dy9EAw,,W0hlcm1vZF0KSWYgeW91IGRvIGxvc2UgdGhlCnNwaXJpdCwgeW91IHdvdWxkIGp1ZGdlIHRoYXQKeW91IGFyZSBpcnJlc3BvbnNpYmxlIGFuZCBub3QgY2FyZWZ1bAplbm91Z2guIFRoZSBxdWVzdCB3aWxsIGJlIHN0b3BwZWQgYW5kCnRoZXJlIHdpbGwgYmUgbm8gc2Vjb25kIGNoYW5jZXMu,,,,,W0hlcm1vZF0KU2Ugdm9jw6ogcGVyZGVyIG8KZXNww61yaXRvLCB2b2PDqiBzZXLDoSBqdWxnYWRvIGNvbW8KaXJyZXNwb25zw6F2ZWwgZSBkZXNjdWlkYWRvLgpBIG1pc3PDo28gc2Vyw6EgaW50ZXJyb21waWRhIGUKbsOjbyBoYXZlcsOhIHNlZ3VuZGEgY2hhbmNlLg==,,W0hlcm1vZF0KSWYgeW91IGRvIGxvc2UgdGhlCnNwaXJpdCwgeW91IHdvdWxkIGp1ZGdlIHRoYXQKeW91IGFyZSBpcnJlc3BvbnNpYmxlIGFuZCBub3QgY2FyZWZ1bAp5YSBlcyBzdWZpY2llbnRlLiAKdGhlcmUgd2lsbCBiZSBubyBzZWNvbmQgY2hhbmNlcy4=
eC9EAw,,W0hlcm1vZF0KSWYgeW91IGZpbmQgaXQgYmFjaywgdGhlCnF1ZXN0IHdpbGwgY29udGludWUgdGhvdWdoLgpCdXQgdGhhdCdzIHdoeSB5b3UgbmVlZCB0byB0YWtlIGEgZ29vZCBjYXJlIG9mIGl0Lg==,,,,,W0hlcm1vZF0KU2Ugdm9jw6ogbyByZWN1cGVyYXIsIGEKbWlzc8OjbyBjb250aW51YXLDoS4KTWFzIMOpIHBvciBpc3NvIHF1ZSB2b2PDqiBwcmVjaXNhIGN1aWRhciBiZW0gZGVsZS4=,,W0hlcm1vZF0KSWYgeW91IGZpbmQgaXQgYmFjaywgdGhlCnF1ZXN0IHdpbGwgY29udGludWUgdGhvdWdoLgpCdXQgdGhhdCdzIHdoeSB5b3UgbmVlZCB0byB0YWtlIGEgZ29vZCBjYXJlIG9mIGl0Lg==
eS9EAw,,W0hlcm1vZF0KSGVyZSBhcmUgdGhlIHRoaW5ncwp5b3UgbmVlZCB0byBrbm93LgpGaXJzdGx5LCBeRkYwMDAwQXQgbGVhc3Qgb25lIHNwaXJpdCB3aWxsIGJlIGdpdmVuIG91dC4KWW91IG5lZWQgdG8gZG8gdGhlIHF1ZXN0IHdpdGgganVzdCBvbmUgc3Bpcml0Ll4wMDAwMDA=,,,,,W0hlcm1vZF0KQXF1aSBlc3TDo28gYXMgY29pc2FzCnF1ZSB2b2PDqiBwcmVjaXNhIHNhYmVyLgpFbSBwcmltZWlybyBsdWdhciwgXkZGMDAwMFBlbG8gbWVub3MgdW0gZXNww61yaXRvIHNlcsOhIGRpc3RyaWJ1w61kby4KVm9jw6ogcHJlY2lzYSBmYXplciBhIG1pc3PDo28gY29tIGFwZW5hcyB1bSBlc3DDrXJpdG8uXjAwMDAwMA==,,W0hlcm1vZF0KSGVyZSBhcmUgdGhlIHRoaW5ncwpjb3NhcyBxdWUgZGViZXMgc2FiZXIuCkZpcnN0bHksIF42NjAwMDBBdCBsZWFzdCBvbmUgc3Bpcml0IHdpbGwgYmUgZ2l2ZW4gb3V0LgpZb3UgbmVlZCB0byBkbyB0aGUgcXVlc3Qgd2l0aCBqdXN0IG9uZSBzcGlyaXQuXjAwMDAwMA==
ei9EAw,,W0hlcm1vZF0KU2Vjb25kbHksIF5GRjAwMDB5b3UgbmVlZCB0byBrZWVwIHRoZSBxdWVzdCBvcmRlci4KT25seSBwcm9jZWVkIGJhc2VkIG9uIG91ciBndWlkZV4wMDAwMDAuClRoaXJkbHksIF5GRjAwMDB0aGUgc291bCBzaG91bGQgYmUgb25seSBjYXJyaWVkIGJ5IHRoZSBwZXJzb24gd2hvIGlzIGRvaW5nIHRoZSBxdWVzdC5eMDAwMDAw,,,,,W0hlcm1vZF0KRW0gc2VndW5kbyBsdWdhciwgXkZGMDAwMHZvY8OqIHByZWNpc2EgbWFudGVyIGEgb3JkZW0gZGFzIG1pc3PDtWVzLgpQcm9zc2lnYSBhcGVuYXMgY29tIGJhc2UgZW0gbm9zc28gZ3VpYV4wMDAwMDAuCkVtIHRlcmNlaXJvIGx1Z2FyLCBeRkYwMDAwYSBhbG1hIHPDsyBkZXZlIHNlciBjYXJyZWdhZGEgcGVsYSBwZXNzb2EgcXVlIGVzdMOhIGZhemVuZG8gYSBtaXNzw6NvLl4wMDAwMDA=,,W0hlcm1vZF0KU2Vjb25kbHksIF42NjAwMDB5b3UgbmVlZCB0byBrZWVwIHRoZSBxdWVzdCBvcmRlci4KT25seSBwcm9jZWVkIGJhc2VkIG9uIG91ciBndWlkZV4wMDAwMDAuClRoaXJkbHksIF42NjAwMDB0aGUgc291bCBzaG91bGQgYmUgb25seSBjYXJyaWVkIGJ5IHRoZSBwZXJzb24gd2hvIGlzIGRvaW5nIHRoZSBxdWVzdC5eMDAwMDAw
ey9EAw,,W0hlcm1vZF0KUGxlYXNlIGJlYXIgdGhpcyBpbiB5b3UgbWluZC4KSWYgdGhpcyBydWxlIGlzIGJyb2tlbiwgd2UgbWF5CnRoaW5rIHlvdSBhcmUgbm90IGVsaWdpYmxlIGZvciB0aGlzIHRlc3QuClBsZWFzZSBkb24ndCBsZXQgdGhhdApoYXBwZW4u,,,,,W0hlcm1vZF0KVGVuaGEgaXNzbyBlbSBtZW50ZS4KU2UgZXNzYSByZWdyYSBmb3IgdmlvbGFkYSwgdmFtb3MKcGVuc2FyIHF1ZSB2b2PDqiBuw6NvIMOpIGVsZWfDrXZlbCBwYXJhIGVzdGUgdGVzdGUuCk7Do28gZGVpeGUgcXVlCmlzc28gYWNvbnRlw6dhLg==,,W0hlcm1vZF0KUGxlYXNlIGJlYXIgdGhpcyBpbiB5b3UgbWluZC4KSWYgdGhpcyBydWxlIGlzIGJyb2tlbiwgd2UgbWF5CnRoaW5rIHlvdSBhcmUgbm90IGVsaWdpYmxlIGZvciB0aGlzIHRlc3QuCk5vIGRpZ2FzIGVzby4KaGFwcGVuLg==
fC9EAw,,W0hlcm1vZF0KT2theSwgdGFrZSB0aGlzLgpHaXZlIGl0IHRvIGEgdGFsZW50ZWQga25pZ2h0IHlvdSBoYXZlLgpZb3UgY2FuIGdpdmUgaXQgdG8gYSBsb3JkIG5pZ2h0IGlmIHlvdSB3YW50Lg==,,,,,W0hlcm1vZF0KT2ssIHBlZ3VlIGlzc28uCkTDqi1vIGEgdW0gY2F2YWxlaXJvIHRhbGVudG9zbyBxdWUgdm9jw6ogdGVuaGEuClZvY8OqIHBvZGUgZMOhLWxvIGEgdW0gbG9yZGUsIHNlIHF1aXNlci4=,,W0hlcm1vZF0KQmllbiwgdG9tYSBlc3RvCkdpdmUgaXQgdG8gYSB0YWxlbnRlZCBrbmlnaHQgeW91IGhhdmUuCllvdSBjYW4gZ2l2ZSBpdCB0byBhIGxvcmQgbmlnaHQgaWYgeW91IHdhbnQu
fS9EAw,,W0hlcm1vZF0KSSBob3BlIHlvdSBmaW5kIHRoZSByaWdodCBndXkuCmZhcmV3ZWxsIGFuZCBnb29kIGx1Y2su,,,,,W0hlcm1vZF0KRXNwZXJvIHF1ZSB2b2PDqiBlbmNvbnRyZSBhIHBlc3NvYSBjZXJ0YS4KQWRldXMgZSBib2Egc29ydGUu,,W0hlcm1vZF0KSSBob3BlIHlvdSBmaW5kIHRoZSByaWdodCBndXkuCmZhcmV3ZWxsIGFuZCBnb29kIGx1Y2su
fi9EAw,,W0hlcm1vZF0KSGVsbG8se30KWW91IGFyZSB0aGUgb25lIGNob3NlbiBieSB0aGUgbWFzdGVyPwpJIGFtIGluIGNoYXJnZSBoZXJlLApidXQgZm9yIGRldGFpbHMsIHlvdSBiZXR0ZXIgZmluZCBzb21lb25lIGVsc2Uu,,,,,W0hlcm1vZF0KT2zDoSwge30KVm9jw6ogw6kgbyBlc2NvbGhpZG8gcGVsbyBtZXN0cmU/CkV1IHNvdSBvIHJlc3BvbnPDoXZlbCBhcXVpLAptYXMsIHBhcmEgb2J0ZXIgZGV0YWxoZXMsIMOpIG1lbGhvciBwcm9jdXJhciBvdXRyYSBwZXNzb2Eu,,W0hlcm1vZF0KSG9sYToKWW91IGFyZSB0aGUgb25lIGNob3NlbiBieSB0aGUgbWFzdGVyPwpJIGFtIGluIGNoYXJnZSBoZXJlLApidXQgZm9yIGRldGFpbHMsIHlvdSBiZXR0ZXIgZmluZCBzb21lb25lIGVsc2Uu
fy9EAw,,W0hlcm1vZF0KRm9yIHRoZSBTcGlyaXQgb2YgR3VpbGQsCnlvdSBzaG91bGQgbG9vayBmb3IgQXRpbGEKd2hvIHdpbGwgZ3VpZGUgeW91Lg==,,,,,W0hlcm1vZF0KUGFyYSBvIEVzcMOtcml0byBkYSBHdWlsZGEsCnZvY8OqIGRldmUgcHJvY3VyYXIgbyBBdGlsYQpxdWUgbyBndWlhcsOhLg==,,W0hlcm1vZF0KRm9yIHRoZSBTcGlyaXQgb2YgR3VpbGQsCnRlIHBpZG8gcXVlIGJ1c3F1ZXMgYSBBdGlsYSwKw6lsIHRlIGd1aWFyw6Eu
gC9EAw,,W0hlcm1vZF0KVGhhdCBzcGlyaXQgd29uJ3QgYmUgdmVyeQp1c2VmdWwgaWYgaXQncyBub3QgaW4gdGhlCmhhbmRzIG9mIHRoZSByaWdodCBwZXJzb24uCkZvciB0aGUgU3Bpcml0IG9mIEd1aWxkLCBBdGlsYSBrbm93cyB3ZWxsIGFib3V0IGl0LgpZb3Ugc2hvdWxkIGdvIGFuZCBhc2su,,,,,W0hlcm1vZF0KRXNzZSBlc3DDrXJpdG8gc2Vyw6EgaW7DunRpbApzZSBuw6NvIGVzdGl2ZXIgbmFzCm3Do29zIGRhIHBlc3NvYSBjZXJ0YS4KUXVhbnRvIGFvIEVzcMOtcml0byBkYSBHdWlsZGEsIEF0aWxhIHNhYmUgYmVtIHNvYnJlIGVsZS4KVm9jw6ogZGV2ZXJpYSBpciBwZXJndW50YXIu,,W0hlcm1vZF0KVGhhdCBzcGlyaXQgd29uJ3QgYmUgdmVyeQp1c2VmdWwgaWYgaXQncyBub3QgaW4gdGhlCmhhbmRzIG9mIHRoZSByaWdodCBwZXJzb24uClNpIHNlIHRyYXRhIGRlbCBTw61tYm9sbyBkZSBoZXJtYW5kYWQsIEF0aWxhIGVzIGxhIHBlcnNvbmEgaW5kaWNhZGEgcGFyYSBkYXJ0ZSBtw6FzIGluZm9ybWFjacOzbi4KWW91IHNob3VsZCBnbyBhbmQgYXNrLg==
gS9EAw,,W0hlcm1vZF0KSGVsbG8se30KTG9va3MgbGlrZSB5b3UgaGF2ZSBkb25lIGEgZ29vZCBqb2IuCkNvbmdyYXR1bGF0aW9ucy4KSWYgeW91IHdpc2ggdG8gY29udGludWUsIHBsZWFzZSBnaXZlIHRoZSBzb3VsIHRvIHRoZSBuZXh0IHBlcnNvbi4=,,,,,W0hlcm1vZF0KT2zDoSwge30KUGFyZWNlIHF1ZSB2b2PDqiBmZXogdW0gw7N0aW1vIHRyYWJhbGhvLgpQYXJhYsOpbnMuClNlIHF1aXNlciBjb250aW51YXIsIGVudHJlZ3VlIGEgYWxtYSBwYXJhIGEgcHLDs3hpbWEgcGVzc29hLg==,,W0hlcm1vZF0KSG9sYToKTG9va3MgbGlrZSB5b3UgaGF2ZSBkb25lIGEgZ29vZCBqb2IuCkZlbGljaWRhZGVzLgpJZiB5b3Ugd2lzaCB0byBjb250aW51ZSwgcGxlYXNlIGdpdmUgdGhlIHNvdWwgdG8gdGhlIG5leHQgcGVyc29uLg==
gi9EAw,,W0hlcm1vZF0KSGVsbG8se30KWW91IHJlY2VpdmVkIFNwaXJpdCBvZiBDaGFyZ2UuCkhBSEFIQUhBLiBDaGFyZ2luZyBhdCBlbmVteSBpcyBhbHdheXMgZXhjaXRpbmchCkRvIHlvdXIgYmVzdC4=,,,,,W0hlcm1vZF0KT2zDoSwge30KVm9jw6ogcmVjZWJldSBvIEVzcMOtcml0byBkbyBBdGFxdWUKSEFIQUhBSEEuIEF0YWNhciBvIGluaW1pZ28gw6kgc2VtcHJlIGVtcG9sZ2FudGUhCkTDqiBvIHNldSBtZWxob3Iu,,W0hlcm1vZF0KSG9sYToKWW91IHJlY2VpdmVkIFNwaXJpdCBvZiBDaGFyZ2UuCsKhSkEsIEpBLCBKQSwgSkEhIApIYXogdHUgbWVqb3IgZXNmdWVyem8u
gy9EAw,,W0hlcm1vZF0KVGhhdCBzcGlyaXQgd29uJ3QgYmUgdmVyeQp1c2VmdWwgaWYgaXQncyBub3QgaW4gdGhlCmhhbmRzIG9mIHRoZSByaWdodCBwZXJzb24uCkZvciBTcGlyaXQgb2YgQ2hhcmdlLCBBdGlsYSBrbm93cyB3ZWxsIGFib3V0IGl0LgpZb3Ugc2hvdWxkIGdvIGFuZCBhc2su,,,,,W0hlcm1vZF0KRXNzZSBlc3DDrXJpdG8gc2Vyw6EgaW7DunRpbApzZSBuw6NvIGVzdGl2ZXIgbmFzCm3Do29zIGRhIHBlc3NvYSBjZXJ0YS4KUXVhbnRvIGFvIEVzcMOtcml0byBkbyBBdGFxdWUsIEF0aWxhIHNhYmUgYmVtIHNvYnJlIGVsZS4KVm9jw6ogZGV2ZXJpYSBpciBwZXJndW50YXIu,,W0hlcm1vZF0KVGhhdCBzcGlyaXQgd29uJ3QgYmUgdmVyeQp1c2VmdWwgaWYgaXQncyBub3QgaW4gdGhlCmhhbmRzIG9mIHRoZSByaWdodCBwZXJzb24uClNpIHNlIHRyYXRhIGRlbCBTw61tYm9sbyBkZSBlbWJhdGUsIEF0aWxhIGVzIGxhIGV4cGVydGEuCllvdSBzaG91bGQgZ28gYW5kIGFzay4=
hC9EAw,,W0hlcm1vZF0KSGVsbG8se30KWW91IHJlY2VpdmVkIFNwaXJpdCBvZiBBc3NvY2lhdGlvbi4KRG8geW91ciBiZXN0Lg==,,,,,W0hlcm1vZF0KT2zDoSwge30KVm9jw6ogcmVjZWJldSBvIEVzcMOtcml0byBkYSBBc3NvY2lhw6fDo28uCkTDqiBvIHNldSBtZWxob3Iu,,W0hlcm1vZF0KSG9sYToKWW91IHJlY2VpdmVkIFNwaXJpdCBvZiBBc3NvY2lhdGlvbi4KSGF6IHR1IG1lam9yIGVzZnVlcnpvLg==
hS9EAw,,W0hlcm1vZF0KVGhhdCBzcGlyaXQgd29uJ3QgYmUgdmVyeQp1c2VmdWwgaWYgaXQncyBub3QgaW4gdGhlCmhhbmRzIG9mIHRoZSByaWdodCBwZXJzb24uCkF0aWxhIGtub3dzIHdlbGwgYWJvdXQgU3Bpcml0IG9mIEFzc29jaWF0aW9uLApZb3Ugc2hvdWxkIGdvIGFuZCBhc2su,,,,,W0hlcm1vZF0KRXNzZSBlc3DDrXJpdG8gc2Vyw6EgaW7DunRpbApzZSBuw6NvIGVzdGl2ZXIgbmFzCm3Do29zIGRhIHBlc3NvYSBjZXJ0YS4KQXRpbGEgY29uaGVjZSBiZW0gbyBFc3DDrXJpdG8gZGEgQXNzb2NpYcOnw6NvLApWb2PDqiBkZXZlcmlhIGlyIHBlcmd1bnRhci4=,,W0hlcm1vZF0KVGhhdCBzcGlyaXQgd29uJ3QgYmUgdmVyeQp1c2VmdWwgaWYgaXQncyBub3QgaW4gdGhlCmhhbmRzIG9mIHRoZSByaWdodCBwZXJzb24uCkF0aWxhIHRlIHB1ZWRlIGRlY2lyIG3DoXMgc29icmUgZWwgU8OtbWJvbG8gZGUgY29vcGVyYWNpw7NuLgpZb3Ugc2hvdWxkIGdvIGFuZCBhc2su
hi9EAw,,W0hlcm1vZF0KSGVsbG8se30KWW91IHJlY2VpdmVkIFNwaXJpdCBvZiBDb29yZGluYXRpb24uCkRvIHlvdXIgYmVzdC4=,,,,,W0hlcm1vZF0KT2zDoSwge30KVm9jw6ogcmVjZWJldSBvIEVzcMOtcml0byBkYSBDb29yZGVuYcOnw6NvLgpEw6ogbyBzZXUgbWVsaG9yLg==,,W0hlcm1vZF0KSG9sYToKWW91IHJlY2VpdmVkIFNwaXJpdCBvZiBDb29yZGluYXRpb24uCkhheiB0dSBtZWpvciBlc2Z1ZXJ6by4=
hy9EAw,,W0hlcm1vZF0KVGhhdCBzcGlyaXQgd29uJ3QgYmUgdmVyeQp1c2VmdWwgaWYgaXQncyBub3QgaW4gdGhlCmhhbmRzIG9mIHRoZSByaWdodCBwZXJzb24uCkF0aWxhIGtub3dzIHdlbGwgYWJvdXQgU3Bpcml0IG9mIENvb3JkaW5hdGlvbi4KWW91IHNob3VsZCBnbyBhbmQgYXNrLg==,,,,,W0hlcm1vZF0KRXNzZSBlc3DDrXJpdG8gc2Vyw6EgaW7DunRpbApzZSBuw6NvIGVzdGl2ZXIgbmFzCm3Do29zIGRhIHBlc3NvYSBjZXJ0YS4KQXRpbGEgY29uaGVjZSBiZW0gbyBFc3DDrXJpdG8gZGEgQ29vcmRlbmHDp8Ojby4KVm9jw6ogZGV2ZXJpYSBpciBwZXJndW50YXIu,,W0hlcm1vZF0KVGhhdCBzcGlyaXQgd29uJ3QgYmUgdmVyeQp1c2VmdWwgaWYgaXQncyBub3QgaW4gdGhlCmhhbmRzIG9mIHRoZSByaWdodCBwZXJzb24uCkF0aWxhIHRlIHB1ZWRlIGRlY2lyIG3DoXMgc29icmUgZWwgU8OtbWJvbG8gZGUgY29vcmRpbmFjacOzbi4KWW91IHNob3VsZCBnbyBhbmQgYXNrLg==
iC9EAw,,W0hlcm1vZF0KSGVsbG8se30KTG9va3MgbGlrZSB5b3UgaGF2ZSBkb25lIGEgZ29vZCBqb2IuCkNvbmdyYXR1bGF0aW9ucy4KWW91IGNhbiBnaXZlIHRoZSBTcGlyaXQgb2YgQWR2YW5jZSB0byB0aGUgbWFzdGVyLg==,,,,,W0hlcm1vZF0KT2zDoSwge30KUGFyZWNlIHF1ZSB2b2PDqiBmZXogdW0gYm9tIHRyYWJhbGhvLgpQYXJhYsOpbnMuClZvY8OqIHBvZGUgZGFyIG8gRXNww61yaXRvIGRvIEF2YW7Dp28gYW8gbWVzdHJlLg==,,W0hlcm1vZF0KSG9sYToKTG9va3MgbGlrZSB5b3UgaGF2ZSBkb25lIGEgZ29vZCBqb2IuCkZlbGljaWRhZGVzLgpZb3UgY2FuIGdpdmUgdGhlIFNwaXJpdCBvZiBBZHZhbmNlIHRvIHRoZSBtYXN0ZXIu
iS9EAw,,W0hlcm1vZF0KVGhhdCBzcGlyaXQgd29uJ3QgYmUgdmVyeQp1c2VmdWwgaWYgaXQncyBub3QgaW4gdGhlCmhhbmRzIG9mIHRoZSByaWdodCBwZXJzb24uCkF0aWxhIGtub3dzIGFib3V0IFNwaXJpdCBvZiBBZHZhbmNlLApZb3Ugc2hvdWxkIGdvIGFuZCBhc2su,,,,,W0hlcm1vZF0KRXNzZSBlc3DDrXJpdG8gc2Vyw6EgaW7DunRpbApzZSBuw6NvIGVzdGl2ZXIgbmFzCm3Do29zIGRhIHBlc3NvYSBjZXJ0YS4KQXRpbGEgc2FiZSBzb2JyZSBvIEVzcMOtcml0byBkbyBBdmFuw6dvLApWb2PDqiBkZXZlcmlhIGlyIHBlcmd1bnRhci4=,,W0hlcm1vZF0KVGhhdCBzcGlyaXQgd29uJ3QgYmUgdmVyeQp1c2VmdWwgaWYgaXQncyBub3QgaW4gdGhlCmhhbmRzIG9mIHRoZSByaWdodCBwZXJzb24uCkF0aWxhIGVzIGxhIGV4cGVydGEgZW4gZWwgU8OtbWJvbG8gZGUgcHJvZ3Jlc28sCllvdSBzaG91bGQgZ28gYW5kIGFzay4=
ii9EAw,,W0hlcm1vZF0KVGhhdCBzcGlyaXQgd29uJ3QgYmUgdmVyeQp1c2VmdWwgaWYgaXQncyBub3QgaW4gdGhlCmhhbmRzIG9mIHRoZSByaWdodCBwZXJzb24uCkNlY2lsIGtub3dzIGFib3V0IFNwaXJpdCBvZiBUcnVzdCwKWW91IHNob3VsZCBnbyBhbmQgYXNrLg==,,,,,W0hlcm1vZF0KRXNzZSBlc3DDrXJpdG8gc2Vyw6EgaW7DunRpbApzZSBuw6NvIGVzdGl2ZXIgbmFzCm3Do29zIGRhIHBlc3NvYSBjZXJ0YS4KQ2VjaWwgc2FiZSBzb2JyZSBvIEVzcMOtcml0byBkYSBDb25maWFuw6dhLApWb2PDqiBkZXZlcmlhIGlyIHBlcmd1bnRhci4=,,W0hlcm1vZF0KVGhhdCBzcGlyaXQgd29uJ3QgYmUgdmVyeQp1c2VmdWwgaWYgaXQncyBub3QgaW4gdGhlCmhhbmRzIG9mIHRoZSByaWdodCBwZXJzb24uCkNlY2lsIGVzIGxhIGV4cGVydGEgZW4gZWwgU8OtbWJvbG8gZGUgY29uZmlhbnphLApZb3Ugc2hvdWxkIGdvIGFuZCBhc2su
iy9EAw,,W0hlcm1vZF0KSGVsbG8se30KWW91IHJlY2VpdmVkIHRoZSBTcGlyaXQgb2YgVW5pb24uCllvdSBjb3VsZCBiZSB0aGUgb25lCnVuaXRpbmcgdGhlIGd1aWxkIG1lbWJlcnMgdG8KbWFrZSBhIHBvd2VyZnVsIGd1aWxkLgpEbyB5b3VyIGJlc3Qu,,,,,W0hlcm1vZF0KT2zDoSwge30KVm9jw6ogcmVjZWJldSBvIEVzcMOtcml0byBkYSBVbmnDo28uClZvY8OqIHBvZGUgc2VyIGFxdWVsZQp1bmluZG8gb3MgbWVtYnJvcyBkYSBndWlsZGEgcGFyYQpmb3JtYXIgdW1hIGd1aWxkYSBwb2Rlcm9zYS4KRMOqIG8gc2V1IG1lbGhvci4=,,W0hlcm1vZF0KSG9sYToKWW91IHJlY2VpdmVkIHRoZSBTcGlyaXQgb2YgVW5pb24uClTDuiBkZWJlcyBzZXIgZGUgcXVpZW4KdW5pdGluZyB0aGUgZ3VpbGQgbWVtYmVycyB0bwptYWtlIGEgcG93ZXJmdWwgZ3VpbGQuCkhheiB0dSBtZWpvciBlc2Z1ZXJ6by4=
jC9EAw,,W0hlcm1vZF0KSGVsbG8se30KWW91IHJlY2VpdmVkIFNwaXJpdCBvZiBDb21iaW5hdGlvbi4KWW91ciBoYW5kcyBtYXkgYmUgc29ha2VkIHdpdGggYmxvb2QuCkJ1dCBJIGFtIHN1cmUgeW91IGFsc28gaGF2ZSBhIHRob3VnaHQgb2YgcmVjb25jaWxpYXRpb24uCkRvIHlvdXIgYmVzdC4=,,,,,W0hlcm1vZF0KT2zDoSwge30KVm9jw6ogcmVjZWJldSBvIEVzcMOtcml0byBkYSBDb21iaW5hw6fDo28uClN1YXMgbcOjb3MgcG9kZW0gZXN0YXIgZW5jaGFyY2FkYXMgZGUgc2FuZ3VlLgpNYXMgdGVuaG8gY2VydGV6YSBkZSBxdWUgdm9jw6ogdGFtYsOpbSB0ZW0gdW0gcGVuc2FtZW50byBkZSByZWNvbmNpbGlhw6fDo28uCkTDqiBvIHNldSBtZWxob3Iu,,W0hlcm1vZF0KSG9sYToKWW91IHJlY2VpdmVkIFNwaXJpdCBvZiBDb21iaW5hdGlvbi4KWW91ciBoYW5kcyBtYXkgYmUgc29ha2VkIHdpdGggYmxvb2QuCkJ1dCBJIGFtIHN1cmUgeW91IGFsc28gaGF2ZSBhIHRob3VnaHQgb2YgcmVjb25jaWxpYXRpb24uCkhheiB0dSBtZWpvciBlc2Z1ZXJ6by4=
jS9EAw,,W0hlcm1vZF0KVGhhdCBzcGlyaXQgd29uJ3QgYmUgdmVyeQp1c2VmdWwgaWYgaXQncyBub3QgaW4gdGhlCmhhbmRzIG9mIHRoZSByaWdodCBwZXJzb24uCkNlY2lsIHRha2VzIGNhcmUgb2YgdGhlIFNwaXJpdCBvZiBDb21iaW5hdGlvbi4KWW91IHNob3VsZCBnbyBhbmQgYXNrLg==,,,,,W0hlcm1vZF0KRXNzZSBlc3DDrXJpdG8gc2Vyw6EgaW7DunRpbApzZSBuw6NvIGVzdGl2ZXIgbmFzCm3Do29zIGRhIHBlc3NvYSBjZXJ0YS4KQ2VjaWwgY3VpZGEgZG8gRXNww61yaXRvIGRhIENvbWJpbmHDp8Ojby4KVm9jw6ogZGV2ZXJpYSBpciBwZXJndW50YXIu,,W0hlcm1vZF0KVGhhdCBzcGlyaXQgd29uJ3QgYmUgdmVyeQp1c2VmdWwgaWYgaXQncyBub3QgaW4gdGhlCmhhbmRzIG9mIHRoZSByaWdodCBwZXJzb24uCkNlY2lsIHNhYnLDoSBxdWUgaGFjZXIgY29uIGVsIFPDrW1ib2xvIGRlIGFybW9uw61hLgpZb3Ugc2hvdWxkIGdvIGFuZCBhc2su
ji9EAw,,W0hlcm1vZF0KSGVsbG8se30KSGFkIGEgZ29vZCByZXN0PwpJZiB5b3Ugd2lzaCB0byBjb250aW51ZSwgcGxlYXNlIGdpdmUgdGhlIHNvdWwgdG8gdGhlIG5leHQgcGVyc29uLg==,,,,,W0hlcm1vZF0KT2zDoSwge30KRGVzY2Fuc291IGJlbT8KU2UgcXVpc2VyIGNvbnRpbnVhciwgcG9yIGZhdm9yLCBlbnRyZWd1ZSBhIGFsbWEgcGFyYSBhIHByw7N4aW1hIHBlc3NvYS4=,,W0hlcm1vZF0KSG9sYToKSGFkIGEgZ29vZCByZXN0PwpJZiB5b3Ugd2lzaCB0byBjb250aW51ZSwgcGxlYXNlIGdpdmUgdGhlIHNvdWwgdG8gdGhlIG5leHQgcGVyc29uLg==
jy9EAw,,W0hlcm1vZF0KVGhhdCBzcGlyaXQgd29uJ3QgYmUgdmVyeQp1c2VmdWwgaWYgaXQncyBub3QgaW4gdGhlCmhhbmRzIG9mIHRoZSByaWdodCBwZXJzb24uCkNlY2lsIHRha2VzIGNhcmUgb2YgdGhlIFNwaXJpdCBvZiBTb2xpZGFyaXR5LgpZb3Ugc2hvdWxkIGdvIGFuZCBhc2su,,,,,W0hlcm1vZF0KRXNzZSBlc3DDrXJpdG8gc2Vyw6EgaW7DunRpbApzZSBuw6NvIGVzdGl2ZXIgbmFzCm3Do29zIGRhIHBlc3NvYSBjZXJ0YS4KQ2VjaWwgY3VpZGEgZG8gRXNww61yaXRvIGRhIFNvbGlkYXJpZWRhZGUuClZvY8OqIGRldmVyaWEgaXIgcGVyZ3VudGFyLg==,,W0hlcm1vZF0KVGhhdCBzcGlyaXQgd29uJ3QgYmUgdmVyeQp1c2VmdWwgaWYgaXQncyBub3QgaW4gdGhlCmhhbmRzIG9mIHRoZSByaWdodCBwZXJzb24uCkNlY2lsIHNhYnLDoSBxdWUgaGFjZXIgY29uIGVsIFPDrW1ib2xvIGRlIHNvbGlkYXJpZGFkLgpZb3Ugc2hvdWxkIGdvIGFuZCBhc2su
kC9EAw,,W0hlcm1vZF0KVGhhdCBzcGlyaXQgd29uJ3QgYmUgdmVyeQp1c2VmdWwgaWYgaXQncyBub3QgaW4gdGhlCmhhbmRzIG9mIHRoZSByaWdodCBwZXJzb24uCkNlY2lsIHRha2VzIGNhcmUgb2YgU3Bpcml0IG9mIEZyaWVuZHNoaXAuCllvdSBzaG91bGQgZ28gYW5kIGFzay4=,,,,,W0hlcm1vZF0KRXNzZSBlc3DDrXJpdG8gc2Vyw6EgaW7DunRpbApzZSBuw6NvIGVzdGl2ZXIgbmFzCm3Do29zIGRhIHBlc3NvYSBjZXJ0YS4KQ2VjaWwgY3VpZGEgZG8gRXNww61yaXRvIGRhIEFtaXphZGUuClZvY8OqIGRldmVyaWEgaXIgcGVyZ3VudGFyLg==,,W0hlcm1vZF0KVGhhdCBzcGlyaXQgd29uJ3QgYmUgdmVyeQp1c2VmdWwgaWYgaXQncyBub3QgaW4gdGhlCmhhbmRzIG9mIHRoZSByaWdodCBwZXJzb24uCkNlY2lsIHNhYnLDoSBxdWUgaGFjZXIgY29uIGVsIFPDrW1ib2xvIGRlIGFtaXN0YWQuCllvdSBzaG91bGQgZ28gYW5kIGFzay4=
kS9EAw,,W0hlcm1vZF0KVGhhdCBzcGlyaXQgd29uJ3QgYmUgdmVyeQp1c2VmdWwgaWYgaXQncyBub3QgaW4gdGhlCmhhbmRzIG9mIHRoZSByaWdodCBwZXJzb24uCkRpbGlnbyB0YWtlcyBjYXJlIG9mIFNwaXJpdCBvZiBQZWFjZS4KWW91IHNob3VsZCBnbyBhbmQgYXNrLg==,,,,,W0hlcm1vZF0KRXNzZSBlc3DDrXJpdG8gc2Vyw6EgaW7DunRpbApzZSBuw6NvIGVzdGl2ZXIgbmFzCm3Do29zIGRhIHBlc3NvYSBjZXJ0YS4KTyBEaWxpZ28gY3VpZGEgZG8gRXNww61yaXRvIGRhIFBhei4KVm9jw6ogZGV2ZXJpYSBpciBwZXJndW50YXIu,,W0hlcm1vZF0KVGhhdCBzcGlyaXQgd29uJ3QgYmUgdmVyeQp1c2VmdWwgaWYgaXQncyBub3QgaW4gdGhlCmhhbmRzIG9mIHRoZSByaWdodCBwZXJzb24uCkRpbGlnbyBzYWJyw6EgcXVlIGhhY2VyIGNvbiBlbCBTw61tYm9sbyBkZSBwYXouCllvdSBzaG91bGQgZ28gYW5kIGFzay4=
ki9EAw,,W0hlcm1vZF0KVGhhdCBzcGlyaXQgd29uJ3QgYmUgdmVyeQp1c2VmdWwgaWYgaXQncyBub3QgaW4gdGhlCmhhbmRzIG9mIHRoZSByaWdodCBwZXJzb24uCkRpbGlnbyB0YWtlcyBjYXJlIG9mIFNwaXJpdCBvZiBEZXRlcm1pbmF0aW9uCllvdSBzaG91bGQgZ28gYW5kIGFzay4=,,,,,W0hlcm1vZF0KRXNzZSBlc3DDrXJpdG8gc2Vyw6EgaW7DunRpbApzZSBuw6NvIGVzdGl2ZXIgbmFzCm3Do29zIGRhIHBlc3NvYSBjZXJ0YS4KRGlsaWdvIGN1aWRhIGRvIEVzcMOtcml0byBkYSBEZXRlcm1pbmHDp8OjbwpWb2PDqiBkZXZlcmlhIGlyIHBlcmd1bnRhci4=,,W0hlcm1vZF0KVGhhdCBzcGlyaXQgd29uJ3QgYmUgdmVyeQp1c2VmdWwgaWYgaXQncyBub3QgaW4gdGhlCmhhbmRzIG9mIHRoZSByaWdodCBwZXJzb24uCkRpbGlnbyBzYWJyw6EgcXVlIGhhY2VyIGNvbiBlbCBTw61tYm9sbyBkZSBkZXRlcm1pbmFjacOzbi4KWW91IHNob3VsZCBnbyBhbmQgYXNrLg==
ky9EAw,,W0hlcm1vZF0KVGhhdCBzcGlyaXQgd29uJ3QgYmUgdmVyeQp1c2VmdWwgaWYgaXQncyBub3QgaW4gdGhlCmhhbmRzIG9mIHRoZSByaWdodCBwZXJzb24uCkRpbGlnbyB0YWtlcyBjYXJlIG9mIFNwaXJpdCBvZiBTZXJ2aWNlLgpZb3Ugc2hvdWxkIGdvIGFuZCBhc2su,,,,,W0hlcm1vZF0KRXNzZSBlc3DDrXJpdG8gc2Vyw6EgaW7DunRpbApzZSBuw6NvIGVzdGl2ZXIgbmFzCm3Do29zIGRhIHBlc3NvYSBjZXJ0YS4KTyBEaWxpZ28gY3VpZGEgZG8gRXNww61yaXRvIGRvIFNlcnZpw6dvLgpWb2PDqiBkZXZlcmlhIGlyIHBlcmd1bnRhci4=,,W0hlcm1vZF0KVGhhdCBzcGlyaXQgd29uJ3QgYmUgdmVyeQp1c2VmdWwgaWYgaXQncyBub3QgaW4gdGhlCmhhbmRzIG9mIHRoZSByaWdodCBwZXJzb24uCkRpbGlnbyBzYWJyw6EgcXVlIGhhY2VyIGNvbiBlbCBTw61tYm9sbyBkZSBlbnRyZWdhLgpZb3Ugc2hvdWxkIGdvIGFuZCBhc2su
lC9EAw,,W0hlcm1vZF0KVGhhdCBzcGlyaXQgd29uJ3QgYmUgdmVyeQp1c2VmdWwgaWYgaXQncyBub3QgaW4gdGhlCmhhbmRzIG9mIHRoZSByaWdodCBwZXJzb24uCkRpbGlnbyB0YWtlcyBjYXJlIG9mIFNwaXJpdCBvZiBHbG9yeS4KWW91IHNob3VsZCBnbyBhbmQgYXNrLg==,,,,,W0hlcm1vZF0KRXNzZSBlc3DDrXJpdG8gc2Vyw6EgaW7DunRpbApzZSBuw6NvIGVzdGl2ZXIgbmFzCm3Do29zIGRhIHBlc3NvYSBjZXJ0YS4KTyBEaWxpZ28gY3VpZGEgZG8gRXNww61yaXRvIGRhIEdsw7NyaWEuClZvY8OqIGRldmVyaWEgaXIgcGVyZ3VudGFyLg==,,W0hlcm1vZF0KVGhhdCBzcGlyaXQgd29uJ3QgYmUgdmVyeQp1c2VmdWwgaWYgaXQncyBub3QgaW4gdGhlCmhhbmRzIG9mIHRoZSByaWdodCBwZXJzb24uCkRpbGlnbyBzYWJyw6EgcXVlIGhhY2VyIGNvbiBlbCBTw61tYm9sbyBkZSBnbG9yaWEuCllvdSBzaG91bGQgZ28gYW5kIGFzay4=
lS9EAw,,W0hlcm1vZF0KVGhhdCBzcGlyaXQgd29uJ3QgYmUgdmVyeQp1c2VmdWwgaWYgaXQncyBub3QgaW4gdGhlCmhhbmRzIG9mIHRoZSByaWdodCBwZXJzb24uCkRpbGlnbyB0YWtlcyBjYXJlIG9mIFNwaXJpdCBvZiBWaWN0b3J5LgpZb3Ugc2hvdWxkIGdvIGFuZCBhc2su,,,,,W0hlcm1vZF0KRXNzZSBlc3DDrXJpdG8gc2Vyw6EgaW7DunRpbApzZSBuw6NvIGVzdGl2ZXIgbmFzCm3Do29zIGRhIHBlc3NvYSBjZXJ0YS4KTyBEaWxpZ28gY3VpZGEgZG8gRXNww61yaXRvIGRhIFZpdMOzcmlhLgpWb2PDqiBkZXZlcmlhIGlyIHBlcmd1bnRhci4=,,W0hlcm1vZF0KVGhhdCBzcGlyaXQgd29uJ3QgYmUgdmVyeQp1c2VmdWwgaWYgaXQncyBub3QgaW4gdGhlCmhhbmRzIG9mIHRoZSByaWdodCBwZXJzb24uCkRpbGlnbyBzYWJyw6EgcXVlIGhhY2VyIGNvbiBlbCBTw61tYm9sbyBkZSB0cml1bmZvLgpZb3Ugc2hvdWxkIGdvIGFuZCBhc2su
li9EAw,,W0F0aWxhXQpITU0uIFlvdSBjYW4ndCBqdXN0IGtlZXAKdGhlIHNvdWwgdG8geW91cnNlbGYuCkdpdmUgaXQgdG8gYSBeRkYwMDAwa25pZ2h0XjAwMDAwMCBvciBsb3JkIGtuaWdodC4KSHVycnkgdXAhCllvdSBoYXZlIHRvIHdvcmsgZmFzdAp0byBleHBhbmQgeW91ciBndWlsZH4=,,,,,W0F0aWxhXQpITU0uIFZvY8OqIG7Do28gcG9kZSBmaWNhciBjb20gCmEgYWxtYSBwYXJhIHNpIG1lc21vLgpEw6otYSBhIHVtIF5GRjAwMDBjYXZhbGVpcm9eMDAwMDAwIG91IExvcmRlLgpTZWphIHLDoXBpZG8hClZvY8OqIHByZWNpc2EgdHJhYmFsaGFyIHLDoXBpZG8KcGFyYSBleHBhbmRpciBzdWEgZ3VpbGRhfg==,,W0F0aWxhXQpNTU0uIMKhTm8gcHVlZGVzIGlydGUgYXPDrSBzaW4gbcOhcyEKdGhlIHNvdWwgdG8geW91cnNlbGYuCkdpdmUgaXQgdG8gYSBeNjYwMDAwa25pZ2h0XjAwMDAwMCBvciBsb3JkIGtuaWdodC4KwqFEYXRlIHByaXNhIQpZb3UgaGF2ZSB0byB3b3JrIGZhc3QKdG8gZXhwYW5kIHlvdXIgZ3VpbGQ=
ly9EAw,,W0F0aWxhXQpDb2xsZWN0IHRoZSBiZWxvdyBpdGVtcwphbmQgYnJpbmcgaXQgdG8gbWUuCjMwIF5GRjAwMDBUb25ndWVeMDAwMDAwLAozMCBeRkYwMDAwU2hvdWxkZXIgUHJvdGVjdG9yXjAwMDAwMCwKXkZGMDAwMERhcmsgTWFza14wMDAwMDAgMzBlYSE=,,,,,W0F0aWxhXQpDb2xldGUgb3MgaXRlbnMgYWJhaXhvCmUgdHJhZ2Etb3MgcGFyYSBtaW0uCjMwIF5GRjAwMDBMw61uZ3Vhc14wMDAwMDAsCjMwIF5GRjAwMDBQcm90ZXRvcmVzIGRlIE9tYnJvXjAwMDAwMCwKIF5GRjAwMDBNw6FzY2FyYXMgTmluamFeMDAwMDAwLCAzMCE=,,W0F0aWxhXQpDb2xsZWN0IHRoZSBiZWxvdyBpdGVtcwp5IHRyw6FlbWVsby4KMzAgXjY2MDAwMFRvbmd1ZV4wMDAwMDAsCjMwIF42NjAwMDBTaG91bGRlciBQcm90ZWN0b3JeMDAwMDAwLApeNjYwMDAwRGFyayBNYXNrXjAwMDAwMCAzMCBlYSE=
mC9EAw,,W0F0aWxhXQpITU0uLiBJIGd1ZXNzIHRoaXMgaXMgZW5vdWdoLgpZb3UgY291bGQgaGF2ZSBoYWQgZG9uZSBtYW55CnRoaW5ncyBkdXJpbmcgdGhpcyB0aW1lLgpBbnl3YXksIGxldCdzIGNvbnRpbnVlCnRoZSBzdG9yeS4=,,,,,W0F0aWxhXQpITU0uLi4gQWNobyBxdWUgaXNzbyDDqSBvIHN1ZmljaWVudGUuClZvY8OqIHBvZGVyaWEgdGVyIGZlaXRvIG11aXRhcwpjb2lzYXMgZHVyYW50ZSBlc3NlIHRlbXBvLgpEZSBxdWFscXVlciBmb3JtYSwgdmFtb3MgY29udGludWFyCmEgaGlzdMOzcmlhLg==,,W0F0aWxhXQpNTU3igKYgCllvdSBjb3VsZCBoYXZlIGhhZCBkb25lIG1hbnkKdGhpbmdzIGR1cmluZyB0aGlzIHRpbWUuCkFueXdheSwgbGV0J3MgY29udGludWUKdGhlIHN0b3J5Lg==
mS9EAw,,W0F0aWxhXQpITU0uLiBHaXZlIHRoaXMgdG8gYWxjaGVtaXN0Cm9yIGJpbyBjaGVtaXN0IG9mIG91ciBndWlsZC4KQWZ0ZXIgeW91IGZpbmlzaCB0aGlzIGpvYiwKdGhlcmUgbm8gb3RoZXIgd29yayBsZWZ0IGZvciB5b3Uu,,,,,W0F0aWxhXQpITU0uLi4gRMOqIGlzc28gYSB1bSBhbHF1aW1pc3RhCm91IHVtIGNyaWFkb3IgZGUgbm9zc2EgZ3VpbGRhLgpEZXBvaXMgcXVlIHZvY8OqIHRlcm1pbmFyIGVzc2UgdHJhYmFsaG8sCm7Do28gaGF2ZXLDoSBtYWlzIG5lbmh1bSB0cmFiYWxobyBwYXJhIHZvY8OqLg==,,W0F0aWxhXQpNTU3igKYgCm9yIGJpbyBjaGVtaXN0IG9mIG91ciBndWlsZC4KQWZ0ZXIgeW91IGZpbmlzaCB0aGlzIGpvYiwKdGhlcmUgbm8gb3RoZXIgd29yayBsZWZ0IGZvciB5b3Uu
mi9EAw,,W0F0aWxhXQpVbW0sIHlvdSBiZWNhbWUgcmVhbGx5IHN0cm9uZy4KWW91IG11c3QgaGF2ZSBkb25lIHlvdXIgcXVlc3Qgd2VsbC4KQXMgSSBwcm9taXNlZCwgSSB3aWxsIGdpdmUgeW91IHRoaXMuClBsZWFzZSBnaXZlIGl0IHRvCkh1bnRlciBvciBTbmlwZXIu,,,,,W0F0aWxhXQpIdW1tLCB2b2PDqiBmaWNvdSBtdWl0byBmb3J0ZS4KRGV2ZSB0ZXIgY3VtcHJpZG8gYmVtIHN1YSBtaXNzw6NvLgpDb21vIHByb21ldGksIHZvdSBsaGUgZGFyIGlzc28uClBvciBmYXZvciwgZW50cmVndWUtbyBhIHVtCkNhw6dhZG9yIG91IEF0aXJhZG9yIGRlIEVsaXRl,,W0F0aWxhXQpVbW0sIHlvdSBiZWNhbWUgcmVhbGx5IHN0cm9uZy4KWW91IG11c3QgaGF2ZSBkb25lIHlvdXIgcXVlc3Qgd2VsbC4KQXMgSSBwcm9taXNlZCwgSSB3aWxsIGdpdmUgeW91IHRoaXMuCkTDoXNlbG8gYSBSb2JlcnQuCkh1bnRlciBvciBTbmlwZXIu
my9EAw,,W0F0aWxhXQpZb3UgaGF2ZSB0byBnaXZlIFNwaXJpdCBvZiBDaGFyZ2UgdG8gYQpeRkYwMDAwYmxhY2sgc21pdGheMDAwMDAwIG9yCl5GRjAwMDBtYXN0ZXIgc21pdGheMDAwMDAwLgpUaGF0IGlzIHlvdXIgZGVzdGlueS4=,,,,,W0F0aWxhXQpWb2PDqiB0ZW0gcXVlIGRhciBFc3DDrXJpdG8gZG8gQXRhcXVlIGEgdW0KXkZGMDAwMEZlcnJlaXJvXjAwMDAwMCBvdQpeRkYwMDAwTWVzdHJlIEZlcnJlaXJvXjAwMDAwMC4KRXNzZSDDqSBvIHNldSBkZXN0aW5vLg==,,W0F0aWxhXQpZb3UgaGF2ZSB0byBnaXZlIFNwaXJpdCBvZiBDaGFyZ2UgdG8gYQpeNjYwMDAwYmxhY2sgc21pdGheMDAwMDAwIG9yCl42NjAwMDBtYXN0ZXIgc21pdGheMDAwMDAwLgpUaGF0IGlzIHlvdXIgZGVzdGlueS4=
nC9EAw,,W0F0aWxhXQpZb3UgaGF2ZSB0byBnaXZlIFNwaXJpdCBvZiBBc3NvY2lhdGlvbiB0byBhCl5GRjAwMDBhbGNoZW1pc3ReMDAwMDAwIG9yCl5GRjAwMDBiaW8gY2hlbWlzdF4wMDAwMDAuClRoYXQgaXMgeW91ciBkZXN0aW55Lg==,,,,,W0F0aWxhXQpWb2PDqiBwcmVjaXNhIGRhciBvIEVzcMOtcml0byBkYSBBc3NvY2lhw6fDo28gYSB1bQpeRkYwMDAwYWxxdWltaXN0YV4wMDAwMDAgb3UKXkZGMDAwMGNyaWFkb3JeMDAwMDAwLgpFc3NlIMOpIG8gc2V1IGRlc3Rpbm8u,,W0F0aWxhXQpZb3UgaGF2ZSB0byBnaXZlIFNwaXJpdCBvZiBBc3NvY2lhdGlvbiB0byBhCl42NjAwMDBhbGNoZW1pc3ReMDAwMDAwIG9yCl42NjAwMDBiaW8gY2hlbWlzdF4wMDAwMDAuClRoYXQgaXMgeW91ciBkZXN0aW55Lg==
nS9EAw,,W0F0aWxhXQpZb3UgaGF2ZSB0byBnaXZlIFNwaXJpdCBvZiBDb29yZGluYXRpb24gdG8gYQpeRkYwMDAwaHVudGVyXjAwMDAwMCBvcgpeRkYwMDAwc25pcGVyXjAwMDAwMC4KVGhhdCBpcyB5b3VyIGRlc3Rpbnku,,,,,W0F0aWxhXQpWb2PDqiBwcmVjaXNhIGRhciBFc3DDrXJpdG8gZGEgQ29vcmRlbmHDp8OjbyBhIHVtCl5GRjAwMDBjYcOnYWRvcl4wMDAwMDAgb3UgdW0KXkZGMDAwMGF0aXJhZG9yIGRlIGVsaXRlXjAwMDAwMC4KRXNzZSDDqSBvIHNldSBkZXN0aW5vLg==,,W0F0aWxhXQpZb3UgaGF2ZSB0byBnaXZlIFNwaXJpdCBvZiBDb29yZGluYXRpb24gdG8gYQpeNjYwMDAwaHVudGVyXjAwMDAwMCBvcgpeNjYwMDAwc25pcGVyXjAwMDAwMC4KVGhhdCBpcyB5b3VyIGRlc3Rpbnku
ni9EAw,,W0F0aWxhXQpZb3UgaGF2ZSB0byBnaXZlIFNwaXJpdCBvZiBBZHZhbmNlIHRvIGEKdGhlIF5GRjAwMDBndWlsZCBtYXN0ZXJeMDAwMDAwLgpUaGF0IGlzIHlvdXIgZGVzdGlueS4=,,,,,W0F0aWxhXQpWb2PDqiBwcmVjaXNhIGRhciBvIEVzcMOtcml0byBkbyBBdmFuw6dvIGFvCl5GRjAwMDBtZXN0cmUgZGEgZ3VpbGRhXjAwMDAwMC4KRXNzZSDDqSBvIHNldSBkZXN0aW5vLg==,,W0F0aWxhXQpZb3UgaGF2ZSB0byBnaXZlIFNwaXJpdCBvZiBBZHZhbmNlIHRvIGEKdGhlIF42NjAwMDBndWlsZCBtYXN0ZXJeMDAwMDAwLgpUaGF0IGlzIHlvdXIgZGVzdGlueS4=
ny9EAw,,W0NlY2lsXQpEbyB5b3UgZ2V0IGl0PwpZb3UgZG9uJ3QgaGF2ZSB0byBicmluZyBTcGlyaXQgb2YgVHJ1c3QgaGVyZS4KSXQgc2hvdWxkIGJlIF5GRjAwMDBzYWdlXjAwMDAwMG9yIF5GRjAwMDBwcm9mZXNzb3JeMDAwMDAwCndobyBuZWVkcyB0byBjb21lLgpBbHJpZ2h0Pw==,,,,,W0NlY2lsXQpWb2PDqiBlbnRlbmRldT8KTsOjbyDDqSBwcmVjaXNvIHRyYXplciBvIEVzcMOtcml0byBkYSBDb25maWFuw6dhIHBhcmEgY8OhLgpEZXZlIHNlciBvIF5GRjAwMDBzw6FiaW9eMDAwMDAwIG91IG8gXkZGMDAwMHByb2Zlc3Nvcl4wMDAwMDAKcXVlbSBwcmVjaXNhIHZpci4KQ2VydG8/,,W0NlY2lsXQrCv0xvIGVudGllbmRlcywgU3RlbGxvPwpZb3UgZG9uJ3QgaGF2ZSB0byBicmluZyBTcGlyaXQgb2YgVHJ1c3QgaGVyZS4KSXQgc2hvdWxkIGJlIF42NjAwMDBzYWdlXjAwMDAwMG9yIF42NjAwMDBwcm9mZXNzb3JeMDAwMDAwCndobyBuZWVkcyB0byBjb21lLgrCv0RlIGFjdWVyZG8/
oC9EAw,,W0NlY2lsXQpCdXQga2VlcCBpbiBtaW5kIHRoaXMuCkkgYWNjZXB0IHlvdSBhcmUgc3Ryb25nLApidXQgaWYgeW91IGFyZSBmdWxsIG9mIGNvbmNlaXQgYnkgeW91cnNlbGYKWW91IG1pZ2h0IG5vdCBiZSBhYmxlIHRvIHVzZQpmdWxsIG9mIHlvdXIgc3RyZW5ndGgu,,,,,W0NlY2lsXQpNYXMgdGVuaGEgZW0gbWVudGUgbyBzZWd1aW50ZS4KQWNlaXRvIHF1ZSB2b2PDqiDDqSBmb3J0ZSwKbWFzIHNlIGVzdGl2ZXIgc2UgYWNoYW5kbyBvIHRhbCwKbsOjbyBzZXLDoSBjYXBheiBkZSB1c2FyCnRvZGEgYSBzdWEgZm9yw6dhLg==,,W0NlY2lsXQpCdXQga2VlcCBpbiBtaW5kIHRoaXMuCkkgYWNjZXB0IHlvdSBhcmUgc3Ryb25nLApidXQgaWYgeW91IGFyZSBmdWxsIG9mIGNvbmNlaXQgYnkgeW91cnNlbGYKRXMgcG9zaWJsZSBxdWUgbm8gcHVlZGFzCmZ1bGwgb2YgeW91ciBzdHJlbmd0aC4=
oS9EAw,,W0NlY2lsXQpBbGwgcmlnaHQsIEkgd2lsbCB0cnVzdCB5b3UuClBsZWFzZSBnaXZlIGl0IHRvCl5GRjAwMDBNYXN0ZXJeMDAwMDAwLgpOb3csIHlvdSBhcmUgZG9uZSBmb3Igbm93LgpBcyB5b3Uga25vdyBhbGwgdGhlc2UgcXVlc3RzIGZvciBvdXIgZ3VpbGQsCnlvdSBrbm93IHRoYXQsCnJpZ2h0Pw==,,,,,W0NlY2lsXQpDZXJ0bywgdm91IGNvbmZpYXIgZW0gdm9jw6ouClBvciBmYXZvciwgZW50cmVndWUtbyBhbwpeRkYwMDAwTWVzdHJlXjAwMDAwMC4KVm9jw6ogdGVybWlub3UgcG9yIGFnb3JhLgpDb21vIHZvY8OqIHNhYmUsIHRvZGFzIGVzc2FzIG1pc3PDtWVzIHPDo28gcGFyYSBhIG5vc3NhIGd1aWxkYSwKdm9jw6ogc2FiZSBkaXNzbywKbsOjbyBzYWJlPw==,,W0NlY2lsXQpBbGwgcmlnaHQsIEkgd2lsbCB0cnVzdCB5b3UuCkTDoXNlbG8gYSBSb2JlcnQuCl42NjAwMDBNYWVzdHJvXjAwMDAwMApOb3csIHlvdSBhcmUgZG9uZSBmb3Igbm93LgpBcyB5b3Uga25vdyBhbGwgdGhlc2UgcXVlc3RzIGZvciBvdXIgZ3VpbGQsCsK/TG8gc2FiZXMsCsK/dmVyZGFkPw==
oi9EAw,,W0NlY2lsXQpZb3UgYXJlIG5vdCBzdHJvbmcgZW5vdWdoLCB5ZXQuCllvdSBuZWVkIHRvIGdhaW4gbW9yZS4KTGV2ZWwgdXAh,,,,,W0NlY2lsXQpWb2PDqiBhaW5kYSBuw6NvIMOpIGZvcnRlIG8gc3VmaWNpZW50ZS4KVm9jw6ogcHJlY2lzYSBnYW5oYXIgbWFpcy4KU3ViYSBkZSBuw612ZWwh,,W0NlY2lsXQpZb3UgYXJlIG5vdCBzdHJvbmcgZW5vdWdoLCB5ZXQuCk5lY2VzaXRhcyBhZHF1aXJpciBtw6FzIGV4cGVyaWVuY2lhLgpTdWJpciBkZSBuaXZlbA==
oy9EAw,,W0NlY2lsXQpZb3UgZG9uJ3QgbmVlZAonU3Bpcml0IG9mIFVuaW9uJwpQbGVhc2UgZ2l2ZSBpdCB0byBCYXJkIG9yIERhbmNlci4KQWxzbyB5b3UgY2FuIGdpdmUgdG8gQ2xvd24gb3IgR3lwc3kuCkNhbiB5b3UgZG8gdGhhdD8=,,,,,W0NlY2lsXQpWb2PDqiBuw6NvIHByZWNpc2EgZG8KJ0VzcMOtcml0byBkYSBVbmnDo28nCkTDqi1vIHVtIEJhcmRvIG91IHVtYSBPZGFsaXNjYS4KVm9jw6ogdGFtYsOpbSBwb2RlIGRhciBwYXJhIHVtIE1lbmVzdHJlbCBvdSB1bWEgQ2lnYW5hLgpWb2PDqiBwb2RlIGZhemVyIGlzc28/,,W0NlY2lsXQpZb3UgZG9uJ3QgbmVlZAonU3Bpcml0IG9mIFVuaW9uJwpQbGVhc2UgZ2l2ZSBpdCB0byBCYXJkIG9yIERhbmNlci4KQWxzbyB5b3UgY2FuIGdpdmUgdG8gQ2xvd24gb3IgR3lwc3kuCsK/UHVlZGVzIGhhY2VybG8/
pC9EAw,,W0NlY2lsXQpBbGwgZ3VpbGQgbWVtYmVycyBjb3VsZCByZW1lbWJlcgp5b3UgcGxheWluZyBtdXNpY2FsIGluc3RydW1lbnRzCmFuZCByZWNpdGluZyBhIHBvZW0KaW4gZnJvbnQgb2YgbWVtYmVycy4KUGxlYXNlIG1ha2Ugc3RlYWR5IGVmZm9ydHMgYW5kIApoYXZlIHN0cmVuZ3RoIGZvciB0aGUgZ3VpbGQu,,,,,W0NlY2lsXQpUb2RvcyBvcyBtZW1icm9zIGRhIGd1aWxkYSBzZSBsZW1icmFtIGRlIHZvY8OqIAp0b2NhbmRvIGluc3RydW1lbnRvcyBtdXNpY2FpcwplIHJlY2l0YW5kbyB1bSBwb2VtYQpuYSBmcmVudGUgZG9zIG1lbWJyb3MuClBvciBmYXZvciwgZmHDp2EgZXNmb3LDp29zIGNvbnN0YW50ZXMKZSB0ZW5oYSBmb3LDp2EgcGFyYSBhIGd1aWxkYS4=,,W0NlY2lsXQpBbGwgZ3VpbGQgbWVtYmVycyBjb3VsZCByZW1lbWJlcgp5b3UgcGxheWluZyBtdXNpY2FsIGluc3RydW1lbnRzCmFuZCByZWNpdGluZyBhIHBvZW0KaW4gZnJvbnQgb2YgbWVtYmVycy4KUGxlYXNlIG1ha2Ugc3RlYWR5IGVmZm9ydHMgYW5kIApoYXZlIHN0cmVuZ3RoIGZvciB0aGUgZ3VpbGQu
pS9EAw,,W0NlY2lsXQpQbGVhc2UgbWFrZSBzdGVhZHkgZWZmb3J0cyBhbmQgCmhhdmUgc3RyZW5ndGggZm9yIHRoZSBndWlsZC4KSSBzdXBwb3NlIHlvdSByZWFsbHkKZG9uJ3QgaGF2ZSBtdWNoIHVzZQpmb3IgbWUgYW55bW9yZS4uLiBCdXQgSSdsbAphbHdheXMgb2ZmZXIgbXkgc3VwcG9ydC4=,,,,,W0NlY2lsXQpQb3IgZmF2b3IsIGZhw6dhIGVzZm9yw6dvcyBjb25zdGFudGVzIAplIHRlbmhhIGZvcsOnYSBwYXJhIGEgZ3VpbGRhLgpBY3JlZGl0byBxdWUgdm9jw6ogCm7Do28gdGVuaGEgbWFpcyBtdWl0YSB1dGlsaWRhZGUKcGFyYSBtaW0uLi4gTWFzIGV1CnNlbXByZSBvZmVyZWNlcmVpIG1ldSBhcG9pby4=,,W0NlY2lsXQpQbGVhc2UgbWFrZSBzdGVhZHkgZWZmb3J0cyBhbmQgCmhhdmUgc3RyZW5ndGggZm9yIHRoZSBndWlsZC4KSSBzdXBwb3NlIHlvdSByZWFsbHkKZG9uJ3QgaGF2ZSBtdWNoIHVzZQpQZXJvCmFsd2F5cyBvZmZlciBteSBzdXBwb3J0Lg==
pi9EAw,,W0NlY2lsXQpZb3UgZG9uJ3QgbmVlZAonU3Bpcml0IG9mIFNvbGlkYXJpdHknClBsZWFzZSBnaXZlIGl0IHRvCldpemFyZCBvciBIaWdoIFdpemFyZC4KQ2FuIHlvdSBkbyB0aGF0Pw==,,,,,W0NlY2lsXQpWb2PDqiBuw6NvIHByZWNpc2EgZG8KJ0VzcMOtcml0byBkYSBTb2xpZGFyaWVkYWRlJwpEw6otbyBhIHVtCkJydXhvIG91IHVtIEFycXVpbWFnby4KVm9jw6ogcG9kZSBmYXplciBpc3NvPw==,,W0NlY2lsXQpZb3UgZG9uJ3QgbmVlZAonU3Bpcml0IG9mIFNvbGlkYXJpdHknCkTDoXNlbG8gYSBSb2JlcnQuCldpemFyZCBvciBIaWdoIFdpemFyZC4Kwr9QdWVkZXMgaGFjZXJsbz8=
py9EAw,,W0RpbGlnb10KV2FpdC4uLiBPbiBzZWNvbmQKdGhvdWdodCwgeW91J3JlIGFscmVhZHkKc3Ryb25nIGVub3VnaC4gQnkgbm93LAphbnkgZXh0cmEgbW90aXZhdGlvbiBmcm9tCm1lIGlzIGEgbW9vdCBwb2ludC4gQnV0Li4uCkRvbid0IGdvIGdldHRpbmcgY29ja3ku,,,,,W0RpbGlnb10KRXNwZXJlLi4uIFBlbnNhbmRvIGJlbSwKdm9jw6ogasOhIMOpIGZvcnRlIApvIHN1ZmljaWVudGUuIEEgZXN0YSBhbHR1cmEsCnF1YWxxdWVyIG1vdGl2YcOnw6NvIGV4dHJhIGRlCm1pbmhhIHBhcnRlIMOpIHVtIHBvbnRvIGlycmVsZXZhbnRlLiBNYXMuLi4KTsOjbyBmaXF1ZSBjb252ZW5jaWRvLg==,,W0RpbGlnb10KRXNwZXJh4oCmIAp0aG91Z2h0LCB5b3UncmUgYWxyZWFkeQptdXkgcHJvbnRvLiBZIEVpbmJlY2guCmFueSBleHRyYSBtb3RpdmF0aW9uIGZyb20KUGVyb+KApgpEb24ndCBnbyBnZXR0aW5nIGNvY2t5Lg==
qC9EAw,,W0hlcm1vZF0KT0gsIHRoaXMgaXMgYSBzcGlyaXQgdGhhdCBwcm9vdmVzIHlvdQpoYXZlIGNvbXBsZXRlZCB5b3VyIGxhc3QgdGVzdC4KWW91IGhhdmUgU3Bpcml0IG9mIFZpY3RvcnkgaXRlbS4KWWVzLCB0aGF0J3MgcmlnaHQuIFdpdGggeW91IGFuZAp5b3VyIGd1aWxkIG1lbWJlcnMgd2lsbCB3b3JrIHRvZ2V0aGVyCnRvIGFjaGlldmUgdmljdG9yeS4=,,,,,W0hlcm1vZF0KT0gsIGVzdGUgw6kgdW0gZXNww61yaXRvIHF1ZSBwcm92YSBxdWUgdm9jw6oKY29tcGxldG91IHNldSDDumx0aW1vIHRlc3RlLgpWb2PDqiB0ZW0gbyBpdGVtIEVzcMOtcml0byBkYSBWaXTDs3JpYS4KU2ltLCDDqSBpc3NvIG1lc21vLiBWb2PDqiBlCm9zIG1lbWJyb3MgZGUgc3VhIGd1aWxkYSB0cmFiYWxoYXLDo28ganVudG9zCnBhcmEgYWxjYW7Dp2FyIGEgdml0w7NyaWEu,,W0hlcm1vZF0KT0gsIHRoaXMgaXMgYSBzcGlyaXQgdGhhdCBwcm9vdmVzIHlvdQpoYXZlIGNvbXBsZXRlZCB5b3VyIGxhc3QgdGVzdC4KWW91IGhhdmUgU3Bpcml0IG9mIFZpY3RvcnkgaXRlbS4KU8OtLCBhc8OtIGVzLiAKeW91ciBndWlsZCBtZW1iZXJzIHdpbGwgd29yayB0b2dldGhlcgp0byBhY2hpZXZlIHZpY3Rvcnku
qS9EAw,,W0hlcm1vZF0KVGhpcyBpdGVtIGlzIG9ubHkgZ2l2ZW4gdG8gYQpwZXJzb24gd2hvIGRvZXMgaGlzIGVuZGVhdm9ycy4KSW4gdGhhdCBhc3BlY3QsIEkgY29tcGxpbWVudAp5b3UgZm9yIGNvbXBsZXRpbmcKS2VlcCB1cCB0aGUKZ29vZCB3b3JrLg==,,,,,W0hlcm1vZF0KRXNzZSBpdGVtIHPDsyDDqSBkYWRvIGEgdW1hCnBlc3NvYSBxdWUgc2UgZXNmb3LDp2EuCk5lc3NlIGFzcGVjdG8sIGV1IG8gZWxvZ2lvCnZvY8OqIHBvciB0ZXIgY29uY2x1w61kbwpDb250aW51ZSBjb20gbwpib20gdHJhYmFsaG8u,,W0hlcm1vZF0KVGhpcyBpdGVtIGlzIG9ubHkgZ2l2ZW4gdG8gYQpwZXJzb24gd2hvIGRvZXMgaGlzIGVuZGVhdm9ycy4KSW4gdGhhdCBhc3BlY3QsIEkgY29tcGxpbWVudAp5b3UgZm9yIGNvbXBsZXRpbmcKS2VlcCB1cCB0aGUKYnVlbiB0cmFiYWpvLg==
qi9EAw,,W0hlcm1vZF0KSSBoYXZlIGEgcmV3YXJkIGZvcgphbGwgb2YgeW91LiBUaGlzIHdhcyBwcmVwYXJlZApieSB0aGUgb3JkZXIgb2YgeW91cgpraW5nLCBUcmlzdGFuIElJSS4KQmUgZ3JhdGVmdWwgZm9yIHJlY2VpdmluZyBzdWNoIGhvbm91ci4=,,,,,W0hlcm1vZF0KVGVuaG8gdW1hIHJlY29tcGVuc2EgcGFyYQp2b2PDqnMuIElzc28gZm9pIHByZXBhcmFkbwpwZWxhIG9yZGVtIGRlIHNldQpyZWksIFRyaXN0YW4gSUlJLgpTZWphbSBncmF0b3MgcG9yIHJlY2ViZXJlbSB0YWwgaG9ucmEu,,W0hlcm1vZF0KSSBoYXZlIGEgcmV3YXJkIGZvcgphbGwgb2YgeW91LiBUaGlzIHdhcyBwcmVwYXJlZApieSB0aGUgb3JkZXIgb2YgeW91cgpraW5nLCBUcmlzdGFuIElJSS4KQmUgZ3JhdGVmdWwgZm9yIHJlY2VpdmluZyBzdWNoIGhvbm91ci4=
qy9EAw,,W0hlcm1vZF0KSGVsbG8se30KWW91IHJlY2VpdmVkIFNwaXJpdCBvZiBBc3NvY2lhdGlvbgpEbyB5b3VyIGJlc3Qu,,,,,W0hlcm1vZF0KT2zDoSwge30KVm9jw6ogcmVjZWJldSBvIEVzcMOtcml0byBkYSBBc3NvY2lhw6fDo28KRMOqIG8gc2V1IG1lbGhvci4=,,W0hlcm1vZF0KSG9sYToKWW91IHJlY2VpdmVkIFNwaXJpdCBvZiBBc3NvY2lhdGlvbgpIYXogdHUgbWVqb3IgZXNmdWVyem8u
rC9EAw,,W0hlcm1vZF0KSGVsbG8se30KTG9va3MgbGlrZSB5b3UgaGF2ZSBkb25lIGEgZ29vZCBqb2IuCkNvbmdyYXR1bGF0aW9ucy4KSWYgeW91IHdpc2ggdG8gY29udGludWUsIHBsZWFzZSBnaXZlIFNwaXJpdCBvZiBBZHZhbmNlIHRvIHlvdXIgbWFzdGVyLg==,,,,,W0hlcm1vZF0KT2zDoSwge30KUGFyZWNlIHF1ZSB2b2PDqiBmZXogdW0gw7N0aW1vIHRyYWJhbGhvLgpQYXJhYsOpbnMuClNlIGRlc2VqYSBjb250aW51YXIsIGVudHJlZ3VlIG8gRXNww61yaXRvIGRvIEF2YW7Dp28gYW8gc2V1IG1lc3RyZS4=,,W0hlcm1vZF0KSG9sYToKTG9va3MgbGlrZSB5b3UgaGF2ZSBkb25lIGEgZ29vZCBqb2IuCkZlbGljaWRhZGVzLgpJZiB5b3Ugd2lzaCB0byBjb250aW51ZSwgcGxlYXNlIGdpdmUgU3Bpcml0IG9mIEFkdmFuY2UgdG8geW91ciBtYXN0ZXIu
rS9EAw,,W0hlcm1vZF0KSGVsbG8se30KWW91IHJlY2VpdmVkIFNwaXJpdCBvZiBUcnVzdC4KWW91IG11c3QgYmUgdGhlIG9uZSBnZXR0aW5nIHRoZSBtb3N0IHRydXN0CmZyb20geW91ciBtYXN0ZXIsIGdvb2QgbHVjaw==,,,,,W0hlcm1vZF0KT2zDoSwge30KVm9jw6ogcmVjZWJldSBvIEVzcMOtcml0byBkYSBDb25maWFuw6dhLgpWb2PDqiBkZXZlIHNlciBhcXVlbGUgcXVlIHJlY2ViZSBtYWlzIGNvbmZpYW7Dp2EKZGUgc2V1IG1lc3RyZSwgYm9hIHNvcnRl,,W0hlcm1vZF0KSG9sYToKWW91IHJlY2VpdmVkIFNwaXJpdCBvZiBUcnVzdC4KWW91IG11c3QgYmUgdGhlIG9uZSBnZXR0aW5nIHRoZSBtb3N0IHRydXN0CmZyb20geW91ciBtYXN0ZXIsIGdvb2QgbHVjaw==
ri9EAw,,W0hlcm1vZF0KSGVsbG8se30KWW91IHJlY2VpdmVkIFNwaXJpdCBvZiBVbmlvbi4KVGhlIHVuaXR5IG9mIHlvdXIgZ3VpbGQKbWF5IGdldCBzdHJvbmdlciBieQp5b3VyIGVmZm9ydHMgc28uCndvcmsgaGFyZCBvbiBpdC4=,,,,,W0hlcm1vZF0KT2zDoSwge30KVm9jw6ogcmVjZWJldSBvIEVzcMOtcml0byBkYSBVbmnDo28uCkEgdW5pw6NvIGRlIHN1YSBndWlsZGEKcG9kZSBzZSBmb3J0YWxlY2VyIGNvbQpzZXVzIGVzZm9yw6dvcy4KVHJhYmFsaGUgZHVybyBuaXNzby4=,,W0hlcm1vZF0KSG9sYToKWW91IHJlY2VpdmVkIFNwaXJpdCBvZiBVbmlvbi4KVGhlIHVuaXR5IG9mIHlvdXIgZ3VpbGQKbWF5IGdldCBzdHJvbmdlciBieQp5b3VyIGVmZm9ydHMgc28uCndvcmsgaGFyZCBvbiBpdC4=
ry9EAw,,W0hlcm1vZF0KVGhhdCBzcGlyaXQgd29uJ3QgYmUgdmVyeQp1c2VmdWwgaWYgaXQncyBub3QgaW4gdGhlCmhhbmRzIG9mIHRoZSByaWdodCBwZXJzb24uCkZvciBTcGlyaXQgb2YgR3VpbGQgaXRlbSBDZWNpbCBrbm93cyB3ZWxsIGFib3V0IGl0LgpZb3Ugc2hvdWxkIGdvIGFuZCBhc2su,,,,,W0hlcm1vZF0KRXNzZSBlc3DDrXJpdG8gc2Vyw6EgaW7DunRpbApzZSBuw6NvIGVzdGl2ZXIgbmFzCm3Do29zIGRhIHBlc3NvYSBjZXJ0YS4KUGFyYSBvIGl0ZW0gRXNww61yaXRvIGRhIEd1aWxkYSwgQ2VjaWwgc2FiZSBtdWl0byBzb2JyZSBlbGUuClZvY8OqIGRldmVyaWEgaXIgcGVyZ3VudGFyLg==,,W0hlcm1vZF0KVGhhdCBzcGlyaXQgd29uJ3QgYmUgdmVyeQp1c2VmdWwgaWYgaXQncyBub3QgaW4gdGhlCmhhbmRzIG9mIHRoZSByaWdodCBwZXJzb24uClNpIHNlIHRyYXRhIGRlbCBTw61tYm9sbyBkZSBoZXJtYW5kYWQsIENlY2lsIGVzIGxhIHBlcnNvbmEgaW5kaWNhZGEgcGFyYSBkYXJ0ZSBtw6FzIGluZm9ybWFjacOzbi4KWW91IHNob3VsZCBnbyBhbmQgYXNrLg==
sC9EAw,,W0F0aWxhXQozMCBeRkYwMDAwVG9uZ3VlXjAwMDAwMCwKMzAgXkZGMDAwMFNob3VsZGVyIFByb3RlY3Rvcl4wMDAwMDAsCjMwIF5GRjAwMDBEYXJrIE1hc2teMDAwMDAwCkNvbGxlY3QgdGhlIHRoZXNlIGl0ZW1zCmFuZCBicmluZyBpdCB0byBtZS4=,,,,,W0F0aWxhXQozMCBeRkYwMDAwTMOtbmd1YXNeMDAwMDAwLAozMCBeRkYwMDAwUHJvdGV0b3JlcyBkZSBPbWJyb14wMDAwMDAsCjMwIF5GRjAwMDBNw6FzY2FyYXMgTmluamFeMDAwMDAwCkNvbGV0ZSBlc3NlcyBpdGVucwplIHRyYWdhLW9zIHBhcmEgbWltLg==,,W0F0aWxhXQozMCBeNjYwMDAwVG9uZ3VlXjAwMDAwMCwKMzAgXjY2MDAwMFNob3VsZGVyIFByb3RlY3Rvcl4wMDAwMDAsCjMwIF42NjAwMDBEYXJrIE1hc2teMDAwMDAwCkNvbGxlY3QgdGhlIHRoZXNlIGl0ZW1zCnkgdHLDoWVtZWxvLg==
sS9EAw,,W0F0aWxhXQozMCBeRkYwMDAwV29ybiBvdXQgcGFnZV4wMDAwMDAsCjMwIF5GRjAwMDBNb2xlIFdoaXNrZXJzXjAwMDAwMCwKMzAgXkZGMDAwMFJvdW5kIHNoZWxsXjAwMDAwMCEKQ29sbGVjdCB0aGUgdGhlc2UgaXRlbXMKYW5kIGJyaW5nIGl0IHRvIG1lLg==,,,,,W0F0aWxhXQozMCBeRkYwMDAwUMOhZ2luYXMgQW1hc3NhZGFzXjAwMDAwMCwKMzAgXkZGMDAwMEJpZ29kZXMgZGUgVG91cGVpcmFeMDAwMDAwLAozMCBeRkYwMDAwQ2FzY2FzIEFycmVkb25kYWRhc14wMDAwMDAhCkNvbGV0ZSBlc3NlcyBpdGVucwplIHRyYWdhLW9zIHBhcmEgbWltLg==,,W0F0aWxhXQozMCBeNjYwMDAwV29ybiBvdXQgcGFnZV4wMDAwMDAsCjMwIF42NjAwMDBNb2xlIFdoaXNrZXJzXjAwMDAwMCwKMzAgXjY2MDAwMFJvdW5kIHNoZWxsXjAwMDAwMCEKQ29sbGVjdCB0aGUgdGhlc2UgaXRlbXMKeSB0csOhZW1lbG8u
si9EAw,,W0F0aWxhXQozMCBeRkYwMDAwU2hhcnAgUGFwZXJeMDAwMDAwLAozMCBeRkYwMDAwRnJpbGxeMDAwMDAwLAozMCBeRkYwMDAwRWxkZXIgUGl4aWUncyBNb3VzdGFjaGVeMDAwMDAwIQpDb2xsZWN0IHRoZSB0aGVzZSBpdGVtcwphbmQgYnJpbmcgaXQgdG8gbWUu,,,,,W0F0aWxhXQozMCBeRkYwMDAwTMOibWluYSBkZSBQYXBlbF4wMDAwMDAsCjMwIF5GRjAwMDBCcmFzw6NvXjAwMDAwMCwKMzAgXkZGMDAwMEJpZ29kZSBkZSBBbsOjbyBBbmNpw6NvXjAwMDAwMCEKQ29sZXRlIGVzc2VzIGl0ZW5zCmUgdHJhZ2Etb3MgcGFyYSBtaW0u,,W0F0aWxhXQozMCBeNjYwMDAwU2hhcnAgUGFwZXJeMDAwMDAwLAozMCBeNjYwMDAwRnJpbGxeMDAwMDAwLApeNjYwMDAwMzAgQmlnb3RlcyBkZWwgZHVlbmRlY2lsbG8gbWF5b3JeMDAwMDAwLApDb2xsZWN0IHRoZSB0aGVzZSBpdGVtcwp5IHRyw6FlbWVsby4=
sy9EAw,,W0F0aWxhXQouLi5UaGUgaXRlbXMgeW91IHdpbGwgYnJpbmcgYXJlLi4KMzAgXkZGMDAwMFRvbmd1ZV4wMDAwMDAsCjMwIF5GRjAwMDBTaG91bGRlciBQcm90ZWN0b3JeMDAwMDAwLAozMCBeRkYwMDAwRGFyayBNYXNrXjAwMDAwMApSZW1lbWJlciB0aGF0Lg==,,,,,W0F0aWxhXQouLi5PcyBpdGVucyBxdWUgcHJlY2lzYSB0cmF6ZXIgc8Ojby4uLgozMCBeRkYwMDAwTMOtbmd1YXNeMDAwMDAwLAozMCBeRkYwMDAwUHJvdGV0b3JlcyBkZSBPbWJyb14wMDAwMDAsCjMwIF5GRjAwMDBNw6FzY2FyYXMgTmluamFeMDAwMDAwCkxlbWJyZS1zZSBkaXNzby4=,,W0F0aWxhXQouLi5UaGUgaXRlbXMgeW91IHdpbGwgYnJpbmcgYXJlLi4KMzAgXjY2MDAwMFRvbmd1ZV4wMDAwMDAsCjMwIF42NjAwMDBTaG91bGRlciBQcm90ZWN0b3JeMDAwMDAwLAozMCBeNjYwMDAwRGFyayBNYXNrXjAwMDAwMApSZWN1w6lyZGFsby4=
tC9EAw,,W0F0aWxhXQpZb3UgaGF2ZSB0byBnaXZlIFNwaXJpdCBvZiBBc3NvY2lhdGlvbiB0bwpeRkYwMDAwYWxjaGVtaXN0XjAwMDAwMCBvcgpeRkYwMDAwYmlvIGNoZW1pc3ReMDAwMDAwClRoYXQgaXMgeW91ciBkZXN0aW55Lg==,,,,,W0F0aWxhXQpWb2PDqiBwcmVjaXNhIGRhciBvIEVzcMOtcml0byBkYSBBc3NvY2lhw6fDo28gYSB1bQpeRkYwMDAwYWxxdWltaXN0YV4wMDAwMDAgb3UKXkZGMDAwMGNyaWFkb3JeMDAwMDAwCkVzc2Ugw6kgbyBzZXUgZGVzdGluby4=,,W0F0aWxhXQpZb3UgaGF2ZSB0byBnaXZlIFNwaXJpdCBvZiBBc3NvY2lhdGlvbiB0bwpeNjYwMDAwYWxjaGVtaXN0XjAwMDAwMCBvcgpiaW9xdcOtbWljbwpUaGF0IGlzIHlvdXIgZGVzdGlueS4=
tS9EAw,,W0F0aWxhXQpZb3UgaGF2ZSB0byBnaXZlIFNwaXJpdCBvZiBDb29yZGluYXRpb24gdG8KXkZGMDAwMGh1bnRlcl4wMDAwMDAgb3IKXkZGMDAwMHNuaXBlcl4wMDAwMDAuClRoYXQgaXMgeW91ciBkZXN0aW55Lg==,,,,,W0F0aWxhXQpWb2PDqiBwcmVjaXNhIGRhciBFc3DDrXJpdG8gZGEgQ29vcmRlbmHDp8OjbyBhIHVtCl5GRjAwMDBjYcOnYWRvcl4wMDAwMDAgb3UgdW0KXkZGMDAwMGF0aXJhZG9yIGRlIGVsaXRlXjAwMDAwMC4KRXNzZSDDqSBvIHNldSBkZXN0aW5vLg==,,W0F0aWxhXQpZb3UgaGF2ZSB0byBnaXZlIFNwaXJpdCBvZiBDb29yZGluYXRpb24gdG8KXjY2MDAwMGh1bnRlcl4wMDAwMDAgb3IKXjY2MDAwMHNuaXBlcl4wMDAwMDAuClRoYXQgaXMgeW91ciBkZXN0aW55Lg==
ti9EAw,,W0F0aWxhXQpZb3UgaGF2ZSB0byBnaXZlIFNwaXJpdCBvZiBBZHZhbmNlIHRvCl5GRjAwMDBndWlsZCBtYXN0ZXJeMDAwMDAwLgpUaGF0IGlzIHlvdXIgZGVzdGlueS4=,,,,,W0F0aWxhXQpWb2PDqiBwcmVjaXNhIGRhciBvIEVzcMOtcml0byBkbyBBdmFuw6dvIGFvCl5GRjAwMDBtZXN0cmUgZGEgZ3VpbGRhXjAwMDAwMC4KRXNzZSDDqSBvIHNldSBkZXN0aW5vLg==,,W0F0aWxhXQpZb3UgaGF2ZSB0byBnaXZlIFNwaXJpdCBvZiBBZHZhbmNlIHRvCm1hZXN0cm8gZGVsIGdyZW1pbwpUaGF0IGlzIHlvdXIgZGVzdGlueS4=
ty9EAw,,W0NlY2lsXQpBbGwgcmlnaHQsIEkgd2lsbCB0cnVzdCB5b3UuClBsZWFzZSBnaXZlIGl0IHRvCndobyBpcyBvdXIgZ3VpbGQuCk5vdywgeW91IGFyZSBkb25lIGZvciBub3cuCkFzIHlvdSBrbm93IGFsbCB0aGVzZSBxdWVzdHMgZm9yIG91ciBndWlsZCwKeW91IGtub3cgdGhhdCwKcmlnaHQ/,,,,,W0NlY2lsXQpCZWxlemEsIHZvdSBjb25maWFyIGVtIHZvY8OqLgpQb3IgZmF2b3IsIGVudHJlZ3VlLW8gcGFyYQpxdWVtIMOpIGRhIG5vc3NhIGd1aWxkYS4KUG9yIGVucXVhbnRvLCBpc3NvIMOpIHR1ZG8uCkNvbW8gdm9jw6ogc2FiZSwgdG9kYXMgZXNzYXMgbWlzc8O1ZXMgc8OjbyBwYXJhIGEgbm9zc2EgZ3VpbGRhLAp2b2PDqiBzYWJlIGRpc3NvLApjZXJ0bz8=,,W0NlY2lsXQpBbGwgcmlnaHQsIEkgd2lsbCB0cnVzdCB5b3UuCkTDoXNlbG8gYSBSb2JlcnQuCndobyBpcyBvdXIgZ3VpbGQuCk5vdywgeW91IGFyZSBkb25lIGZvciBub3cuCkFzIHlvdSBrbm93IGFsbCB0aGVzZSBxdWVzdHMgZm9yIG91ciBndWlsZCwKwr9MbyBzYWJlcywKwr92ZXJkYWQ/
uC9EAw,,W0NlY2lsXQpZb3UgZG9uJ3QgbmVlZAonU3Bpcml0IG9mIFVuaW9uJy4KUGxlYXNlIGdpdmUgaXQgdG8gYSBCYXJkIG9yIERhbmNlci4KQWxzbyB5b3UgY2FuIGdpdmUgdG8gQ2xvd24gb3IgR3lwc3kuCkNhbiB5b3UgZG8gdGhhdD8=,,,,,W0NlY2lsXQpWb2PDqiBuw6NvIHByZWNpc2EgZG8KRXNww61yaXRvIGRhIFVuacOjbycnLgpQb3IgZmF2b3IsIGTDqi1vIGEgdW0gQmFyZG8gb3UgdW1hIE9kYWxpc2NhLgpWb2PDqiB0YW1iw6ltIHBvZGUgZGFyIGEgdW0gTWVuZXN0cmVsIG91IHVtYSBDaWdhbmEuClZvY8OqIHBvZGUgZmF6ZXIgaXNzbz8=,,W0NlY2lsXQpZb3UgZG9uJ3QgbmVlZAonU3Bpcml0IG9mIFVuaW9uJy4KUGxlYXNlIGdpdmUgaXQgdG8gYSBCYXJkIG9yIERhbmNlci4KQWxzbyB5b3UgY2FuIGdpdmUgdG8gQ2xvd24gb3IgR3lwc3kuCsK/UHVlZGVzIGhhY2VybG8/
uS9EAw,,W0hlcm1vZF0KT0gsIHRoaXMgaXMgYSBzcGlyaXQgdGhhdCBwcm9vdmVzIHlvdQpoYXZlIGNvbXBsZXRlZCB5b3VyIGxhc3QgdGVzdC4KWW91IHJlY2VpdmVkIFNwaXJpdCBvZiBWaWN0b3J5LgpZZXMsIHRoYXQncyByaWdodC4gV2l0aCB5b3UgYW5kCnlvdXIgZ3VpbGQgbWVtYmVycyB3aWxsIHdvcmsgdG9nZXRoZXIKdG8gYWNoaWV2ZSB2aWN0b3J5Lg==,,,,,W0hlcm1vZF0KQUgsIGVzdGUgw6kgbyBlc3DDrXJpdG8gcXVlIHByb3ZhIHF1ZSB2b2PDqgpjb21wbGV0b3Ugc2V1IMO6bHRpbW8gdGVzdGUuClZvY8OqIHJlY2ViZXUgbyBpdGVtIEVzcMOtcml0byBkYSBWaXTDs3JpYS4KU2ltLCDDqSBpc3NvIG1lc21vLiBWb2PDqiBlCm9zIG1lbWJyb3MgZGUgc3VhIGd1aWxkYSB0cmFiYWxoYXLDo28ganVudG9zCnBhcmEgYWxjYW7Dp2FyIGEgdml0w7NyaWEu,,W0hlcm1vZF0KT0gsIHRoaXMgaXMgYSBzcGlyaXQgdGhhdCBwcm9vdmVzIHlvdQpoYXZlIGNvbXBsZXRlZCB5b3VyIGxhc3QgdGVzdC4KWW91IHJlY2VpdmVkIFNwaXJpdCBvZiBWaWN0b3J5LgpTw60sIGFzw60gZXMuIAp5b3VyIGd1aWxkIG1lbWJlcnMgd2lsbCB3b3JrIHRvZ2V0aGVyCnRvIGFjaGlldmUgdmljdG9yeS4=
ui9EAw,,W0F0aWxhXQouLi4/IFdoYXQgYnJpbmdzIHlvdQpoZXJlLiBZb3UgZG9uJ3Qgc2VlbQp0byBoYXZlIGEgYnVzaW5lc3Mgd2l0aAptZS4uIE1NPw==,,,,,W0F0aWxhXQouLi4/IE8gcXVlIG8gdHJhegphcXVpLiBWb2PDqiBuw6NvIHBhcmVjZQp0ZXIgbmVnw7NjaW9zIApjb21pZ28uLi4gTU0/,,W0F0aWxhXQrCv+KApj8gwr9Qb3IgcXXDqSB2aWVuZXMKdmluaXN0ZS4gTm8gcGFyZWNlCnRvIGhhdmUgYSBidXNpbmVzcyB3aXRoCnlv4oCmIMK/TU0/
uy9EAw,,W0F0aWxhXQozMCBeRkYwMDAwTW9sZSBXaGlza2Vyc14wMDAwMDAsCjMwIF5GRjAwMDBXb3JuIG91dCBwYWdlXjAwMDAwMCwKMzAgXkZGMDAwMFJvdW5kIHNoZWxsXjAwMDAwMCEKQ29sbGVjdCB0aGUgdGhlc2UgaXRlbXMKYW5kIGJyaW5nIGl0IHRvIG1lLg==,,,,,W0F0aWxhXQozMCBeRkYwMDAwQmlnb2RlcyBkZSBUb3VwZWlyYV4wMDAwMDAsCjMwIF5GRjAwMDBQw6FnaW5hcyBBbWFzc2FkYXNeMDAwMDAwLAozMCBeRkYwMDAwQ2FzY2FzIEFycmVkb25kYWRhc14wMDAwMDAhCkNvbGV0ZSBlc3NlcyBpdGVucwplIHRyYWdhLW9zIHBhcmEgbWltLg==,,W0F0aWxhXQozMCBeNjYwMDAwTW9sZSBXaGlza2Vyc14wMDAwMDAsCjMwIF42NjAwMDBXb3JuIG91dCBwYWdlXjAwMDAwMCwKMzAgXjY2MDAwMFJvdW5kIHNoZWxsXjAwMDAwMCEKQ29sbGVjdCB0aGUgdGhlc2UgaXRlbXMKeSB0csOhZW1lbG8u
