oG5wAw,,SW5zdHJ1Y3RvciBQaG9udGVz,,,,,SW5zdHJ1dG9yIFBob250ZXM=,,SW5zdHJ1Y3RvciBQaG9udGVz
oW5wAw,,W1Bob250ZXNdCkEgZ3JlYXQgQWR2ZW50dXJlciBjYW5ub3QgbmVnbGVjdCB0aG9zZSBpbiBuZWVkIQ==,,,,,W1Bob250ZXNdClVtIGdyYW5kZSBBdmVudHVyZWlybyBudW5jYSBkZWl4YSBhbGd1w6ltIHByZWNpc2FuZG8gbmEgbcOjbyE=,,W1Bob250ZXNdCsKhTG9zIGdyYW5kZXMgdHJvdGFtdW5kb3Mgbm8gcHVlZGVuIGRlc2N1aWRhciBhIGxvcyBuZWNlc2l0YWRvcyE=
om5wAw,,W1Bob250ZXNdClJlbGF0aW9uc2hpcHMgY2FuIG9ubHkgYmUgc3RyZW5ndGhlbmVkIGJ5IGhlbHBpbmcgZWFjaCBvdGhlciwgYWZ0ZXIgYWxsLg==,,,,,W1Bob250ZXNdCkFmaW5hbCwgb3MgbGHDp29zIGVudHJlIGFzIHBlc3NvYXMgc8OzIGZpY2FtIG1haXMgZm9ydGVzIHF1YW5kbyBhanVkYW1vcyB1bnMgYW9zIG91dHJvcy4=,,W1Bob250ZXNdCkFsIGZpbiB5IGFsIGNhYm8sIGxhcyByZWxhY2lvbmVzIHNvbG8gc2UgZm9ydGFsZWNlbiBtZWRpYW50ZSBsYSBheXVkYSBtdXR1YS4=
o25wAw,,W1Bob250ZXNdCklmIHRoZXJlJ3MgYSBwZXJzb24gaW4gbmVlZCwKYW5kIHlvdSB0aGluayB5b3UgY2FuIGJlIG9mIGhlbHAsIGRvbid0IHRoaW5rIHR3aWNlIGFib3V0IGxlbmRpbmcgYSBoYW5kLg==,,,,,W1Bob250ZXNdClNlIGFsZ3XDqW0gZXN0aXZlciBwcmVjaXNhbmRvIGRlIGFqdWRhCmUgdm9jw6ogYWNoYXIgcXVlIHBvZGUgZmF6ZXIgYSBkaWZlcmVuw6dhLCBuw6NvIHBlbnNlIGR1YXMgdmV6ZXMgYW50ZXMgZGUgZXN0ZW5kZXIgYSBtw6NvLg==,,W1Bob250ZXNdClNpIGhheSB1bmEgcGVyc29uYSBuZWNlc2l0YWRhLAp5IGNyZWVzIHF1ZSBwdWVkZXMgc2VyIGRlIGF5dWRhLCBubyBkdWRlcyBlbiBlY2hhcmxlIHVuYSBtYW5vLg==
pG5wAw,,W1Bob250ZXNdClNob3VsZCB5b3VyIGFjdHMgb2Yga2luZG5lc3MgaGVscCBvbmUgcGVyc29uLAp0aGF0IHBlcnNvbiB3aWxsIGhlbHAgYW5vdGhlci4=,,,,,W1Bob250ZXNdClF1YW5kbyB2b2PDqiBhanVkYSBhbGd1w6ltIGNvbSBnZW50aWxlemEsCmVzc2EgcGVzc29hIHRhbWLDqW0gdmFpIGFqdWRhciBvdXRyYSBkZXBvaXMu,,W1Bob250ZXNdClNpIHR1cyBhY3RvcyBkZSBib25kYWQgYXl1ZGFuIGEgdW5hIHBlcnNvbmEsCmVzYSBwZXJzb25hIGF5dWRhcsOhIGEgb3RyYS4=
pW5wAw,,W1Bob250ZXNdClN1Y2ggaXMgdGhlIG5ldmVyLWVuZGluZyBjeWNsZSBvZiBnb29kIGRlZWRzLiBBIGdvb2QgbWFudHJhIGZvciBsaXZpbmcgYSBoYXBweSBsaWZlLCBkb24ndCB5b3UgdGhpbms/,,,,,W1Bob250ZXNdCkVzc2Ugw6kgbyBjaWNsbyBpbmZpbml0byBkZSBib2FzIGHDp8O1ZXMuIFVtIGJvbSBtYW50cmEgcGFyYSBsZXZhciB1bWEgdmlkYSBmZWxpeiwgbsOjbyBhY2hhPw==,,W1Bob250ZXNdCkFzw60gZXMgZWwgY2ljbG8gaW50ZXJtaW5hYmxlIGRlIGxhcyBidWVuYXMgYWNjaW9uZXMuIEVzIHVuIGJ1ZW4gbWFudHJhIHBhcmEgdml2aXIgZmVsaXosIMK/bm8gY3JlZXM/
pm5wAw,,W1Bob250ZXNdCkNvbWUgdG8gbWUgaWYgeW91IHJlYWNoIExldmVsIDIwLgpJIHdpbGwgc2hvdyB5b3Ugd2F5cyB0byBzcHJlYWQgeW91ciBwb3NpdGl2ZSBlbmVyZ3ku,,,,,W1Bob250ZXNdClZvbHRlIGFxdWkgcXVhbmRvIGFsY2Fuw6dhciBvIE7DrXZlbCAyMC4KVm91IHRlIG1vc3RyYXIgY29tbyBlc3BhbGhhciBzdWEgZW5lcmdpYSBwb3NpdGl2YSBwb3IgYcOtLg==,,W1Bob250ZXNdClZlbiBhIHZlcm1lIHNpIGxsZWdhcyBhbCBuaXZlbDIwLgpUZSBtb3N0cmFyw6kgZm9ybWFzIGRlIGRpZnVuZGlyIHR1IGVuZXJnw61hIHBvc2l0aXZhLg==
p25wAw,,W1Bob250ZXNdCkhtbSAuLi4gSXQgc2VlbXMgdGhhdCB5b3UndmUgYWxyZWFkeSBnb3QgYSBxdWVzdC4gR28gZmluaXNoIHRoYXQgb25lIGZpcnN0Lg==,,,,,W1Bob250ZXNdCkhtbS4uLiBQYXJlY2UgcXVlIHZvY8OqIGrDoSB0ZW0gdW1hIG1pc3PDo28uIFRlcm1pbmUgZXNzYSBwcmltZWlybywgcG9yIGZhdm9yLg==,,W1Bob250ZXNdCk1tbeKApiBQYXJlY2UgcXVlIHlhIHRpZW5lcyB1bmEgbWlzacOzbi4gVGVybWluYSBlc2EgcHJpbWVyby4=
qG5wAw,,XjRENERGRlF1ZXN0IFByZXJlcXVpc2l0ZXM6CkVkZW4gR3JvdXAgcXVlc3QgW05vaXN5IEZlbGxvd3NdIGNvbXBsZXRlZDsgY29vbGRvd24gcmVzZXQuXjAwMDAwMA==,,,,,XjRENERGRlByw6ktcmVxdWlzaXRvcyBwYXJhIGEgbWlzc8OjbzoKTWlzc8OjbyBkbyBHcnVwbyDDiWRlbiBbQ29tcGFuaGVpcm9zIEJhcnVsaGVudG9zXSBjb25jbHXDrWRhOyB0ZW1wbyBkZSBlc3BlcmEgcmVpbmljaWFkby5eMDAwMDAw,,XjRENERGRlJlcXVpc2l0b3MgcHJldmlvcyBkZSBsYSBtaXNpw7NuOgpNaXNpw7NuIFtBbWlnb3MgcnVpZG9zb3NdIGRlbCBHcnVwbyBkZSBFZMOpbiBjb21wbGV0YWRhOyB0aWVtcG8gZGUgZXNwZXJhIHJlc3RhYmxlY2lkby5eMDAwMDAw
qW5wAw,,W1Bob250ZXNdCkNyaWF0dXJhIEFjYWRlbXkgaGVscHMgb3V0IG5vdmljZSBBZHZlbnR1cmVycy4KQW5kIHRoZXkgYXJlIHJ1bm5pbmcgYSBqb2ludCB2ZW50dXJlIHdpdGggdGhlIEVkZW4gR3JvdXAu,,,,,W1Bob250ZXNdCk8gQWNhZGVtaWEgZG8gQXByZW5kaXogYWp1ZGEgb3MgYXZlbnR1cmVpcm9zIGFwcmVuZGl6ZXMuCkUgZWxlcyBlc3TDo28gYWRtaW5pc3RyYW5kbyB1bWEgcGFyY2VyaWEgY29tIG8gR3J1cG8gw4lkZW4u,,W1Bob250ZXNdCkxhIEFjYWRlbWlhIGRlIGNyaWF0dXJhcyBheXVkYSBhIGxvcyB0cm90YW11bmRvcyBwcmluY2lwaWFudGVzLgpZIGRpcmlnZSB1bmEgZW1wcmVzYSBjb25qdW50YSBjb24gZWwgR3J1cG8gZGUgRWTDqW4u
qm5wAw,,W1Bob250ZXNdCkFsbCBmb3IgdGhlIHNha2Ugb2YgdGVhY2hpbmcgbm92aWNlcyBob3cgdG8gYWNjZXB0IHF1ZXN0cyBhbmQgaGVscCBvdGhlcnMu,,,,,W1Bob250ZXNdClR1ZG8gaXNzbyBzZXJ2ZSBwcmEgZW5zaW5hciBvcyBhcHJlbmRpemVzIGEgYWNlaXRhciBtaXNzw7VlcyBlIGFqdWRhciBvcyBvdXRyb3Mu,,W1Bob250ZXNdClRvZG8gcGFyYSBlbnNlw7FhcmxlcyBhIGxvcyBwcmluY2lwaWFudGVzIGEgYWNlcHRhciBtaXNpb25lcyB5IGF5dWRhciBhIGxvcyBkZW3DoXMu
q25wAw,,W1Bob250ZXNdCkhlYWQgb3ZlciB0byB0aGUgRWRlbiBHcm91cC4gSSBjYW4gZml4IHlvdSB1cCB3aXRoIHNvbWUgdGFza3Mgb25jZSB5b3Ugam9pbiB0aGVtLg==,,,,,W1Bob250ZXNdClbDoSBhdMOpIG8gR3J1cG8gw4lkZW4uIFF1YW5kbyB2b2PDqiBlbnRyYXIsIHBvc3NvIHRlIGRhciBhbGd1bWFzIHRhcmVmYXMu,,W1Bob250ZXNdCkRpcsOtZ2V0ZSBhbCBHcnVwbyBkZSBFZMOpbi4gUHVlZG8gYXNpZ25hcnRlIGFsZ3VuYXMgdGFyZWFzIGN1YW5kbyB0ZSB1bmFzIGEgZWxsb3Mu
rG5wAw,,W1Bob250ZXNdClRoZXJlJ3MgYSB0YXNrIGFkZXF1YXRlIGZvciB5b3VyIGxldmVsLiBJbnRlcmVzdGVkPw==,,,,,W1Bob250ZXNdClRlbmhvIHVtYSB0YXJlZmEgaWRlYWwgcGFyYSBvIHNldSBuw612ZWwuIFF1ZXIgdGVudGFyPw==,,W1Bob250ZXNdCkhheSB1bmEgdGFyZWEgYWRlY3VhZGEgYSB0dSBuaXZlbC4gwr9UZSBpbnRlcmVzYT8=
rW5wAw,,U3VyZS4=,,,,,Q2xhcm8u,,Q2xhcm8u
rm5wAw,,Tm8gdGhhbmtzLg==,,,,,TsOjbywgb2JyaWdhZG8u,,Tm8sIGdyYWNpYXMu
r25wAw,,W1Bob250ZXNdCkdvb2QhIEkgbGlrZSB5b3VyIGF0dGl0dWRlIQpUaGUgdGFzayBpcyBzaW1wbGUuCkFsbCB5b3UgaGF2ZSB0byBkbyBpcyBjaGFzZSBvZmYgXjRENERGRlBlY28gUGVjb3MgYW5kIE11a2FzXjAwMDAwMCBpbiB0aGUgZmllbGQgc291dGh3ZXN0IG9mIEl6bHVkZS4=,,,,,W1Bob250ZXNdCsOTdGltbyEgR29zdG8gZGEgc3VhIGF0aXR1ZGUhCkEgbWlzc8OjbyDDqSBzaW1wbGVzLgpWw6EgYXTDqSBvIGNhbXBvIGFvIHN1ZG9lc3RlIGRlIEl6bHVkZSBlIGRlcnJvdGUgXjRENERGRlBlY29QZWNvcyBlIE11a2FzXjAwMDAwMC4=,,W1Bob250ZXNdCsKhQmllbiEgwqFNZSBndXN0YSB0dSBhY3RpdHVkIQpMYSB0YXJlYSBlcyBzZW5jaWxsYS4KTG8gw7puaWNvIHF1ZSB0aWVuZXMgcXVlIGhhY2VyIGVzIGVzcGFudGFyIGEgbG9zIF40RDRERkZQZWNvIFBlY28geSBNdWthXjAwMDAwMCBlbiBlbCBjYW1wbyBhbCBzdXJvZXN0ZSBkZSBJemx1ZGUu
sG5wAw,,W1Bob250ZXNdClRoZXkndmUgYmVlbiBjYXVzaW5nIGEgcnVja3VzIGFuZCBtYWtpbmcgaXQgaGFyZCBmb3IgdHJhdmVsZXJzIHRvIHBhc3MgdGhyb3VnaC4KR2V0dGluZyByaWQgb2YgMTAgZWFjaCBzaG91bGQgYmUgZW5vdWdoLg==,,,,,W1Bob250ZXNdCkVsZXMgZXN0w6NvIGNhdXNhbmRvIGNvbmZ1c8OjbyBlIGF0cmFwYWxoYW5kbyBvcyB2aWFqYW50ZXMgZW0gc3VhcyBqb3JuYWRhcy4KU2UgbGl2cmFyIGRlIDEwIGRlIGNhZGEgdGlwbyBqw6EgYWp1ZGFyaWEgYmFzdGFudGUu,,W1Bob250ZXNdCkVzdMOhbiBjYXVzYW5kbyBsw61vcyB5IGRpZmljdWx0YW4gZWwgcGFzbyBhIGxvcyB2aWFqZXJvcy4KRWxpbWluYXIgYSAxMCBkZSBjYWRhIHVubyBkZWJlcsOtYSBzZXIgc3VmaWNpZW50ZS4=
sW5wAw,,W1Bob250ZXNdClRoaXMgd2lsbCBiZSBhIGdvb2QgZXhwZXJpZW5jZSBhbmQgYSBjaGFsbGVuZ2UgZm9yIHlvdS4KSGVhZCBvdXQgZnJvbSBJemx1ZGUsIGFuZCBpdCdsbCBiZSBkaXJlY3RseSB0byB5b3VyIHNvdXRoLgpCeSB0aGUgd2F5LCBvdGhlciBuZWFyYnkgbW9uc3RlcnMgbWlnaHQgYXR0YWNrIHlvdSwgdG9vLCBvbmNlIHlvdSBhdHRhY2sgYSBQZWNvIFBlY28u,,,,,W1Bob250ZXNdCkVzc2Egc2Vyw6EgdW1hIGJvYSBleHBlcmnDqm5jaWEgZSB1bSBkZXNhZmlvIHBhcmEgdm9jw6ouClNhaWEgZGUgSXpsdWRlIGUgc2lnYSBkaXJldG8gcGFyYSBvIHN1bC4KQSBwcm9ww7NzaXRvLCBvcyBvdXRyb3MgbW9uc3Ryb3MgZGEgcmVnacOjbyBwb2RlbSBhdGFjYXIgcXVhbmRvIHZvY8OqIGVuZnJlbnRhciB1bSBQZWNvUGVjby4=,,W1Bob250ZXNdClNlcsOhIHVuYSBidWVuYSBleHBlcmllbmNpYSB5IHVuIGRlc2Fmw61vIHBhcmEgdGkuClNhbCBkZSBJemx1ZGUsIHkgZXN0YXLDoSBkaXJlY3RhbWVudGUgYWwgc3VyIGRlIHR1IHViaWNhY2nDs24uClBvciBjaWVydG8sIGN1YW5kbyBhdGFxdWVzIGEgdW4gUGVjbyBQZWNvLCBvdHJvcyBtb25zdHJ1b3MgY2VyY2Fub3MgdGFtYmnDqW4gcG9kcsOtYW4gYXRhY2FydGUu
sm5wAw,,W1Bob250ZXNdCkJlc3Qgb2YgbHVjayEKQWgsIHlvdSBtYXkgYWxzbyBmZWVsIGZyZWUgdG8gam9pbiBmb3JjZXMgd2l0aCB5b3VyIGZyaWVuZHMgYW5kIGNvbXBsZXRlIHRoZSBxdWVzdCBhcyBhIHBhcnR5LgpTbyBpZiB5b3UncmUgaGF2aW5nIGEgaGFyZCB0aW1lIGJ5IHlvdXJzZWxmLCB0cnkgYnJpbmdpbmcgc29tZSBmcmllbmRzIGFsb25nIQ==,,,,,W1Bob250ZXNdCkJvYSBzb3J0ZSEKQWgsIGUgc2UgcHJlY2lzYXIsIHBvZGUgc2UganVudGFyIGEgYW1pZ29zIHBhcmEgY29uY2x1aXIgYSBtaXNzw6NvIGVtIGdydXBvLgpTZSBlc3RpdmVyIGNvbSBkaWZpY3VsZGFkZXMgc296aW5obywgdGVudGUgbGV2YXIgYWxndW5zIGFsaWFkb3MgY29tIHZvY8OqIQ==,,W1Bob250ZXNdCsKhVG9kYSBsYSBzdWVydGUgZGVsIG11bmRvIQpBaCwgdGFtYmnDqW4gcHVlZGVzIHVuaXIgZnVlcnphcyBjb24gdHVzIGFtaWdvcyB5IGNvbXBsZXRhciBsYSBtaXNpw7NuIGVuIGdydXBvLgpBc8OtIHF1ZSwgc2kgdGUgcmVzdWx0YSBkaWbDrWNpbCBoYWNlcmxvIHBvciB0dSBjdWVudGEsIMKhaW50ZW50YSB0cmFlciBhIGFsZ3Vub3MgYW1pZ29zIQ==
s25wAw,,W1Bob250ZXNdCkkgd2lsbCBwb2ludCB5b3UgaW4gdGhlIHJpZ2h0IGRpcmVjdGlvbiwgYXMgeW91IGFyZSBuZXcgdG8gdGhpcyBwbGFjZS4=,,,,,W1Bob250ZXNdClZvdSB0ZSBpbmRpY2FyIG8gY2FtaW5obyBjZXJ0bywgasOhIHF1ZSB2b2PDqiBhaW5kYSDDqSBub3ZvIHBvciBhcXVpLg==,,W1Bob250ZXNdClRlIGluZGljYXLDqSBsYSBkaXJlY2Npw7NuIGNvcnJlY3RhLCB5YSBxdWUgZXMgdHUgcHJpbWVyYSB2ZXogZW4gZXN0ZSBsdWdhci4=
tG5wAw,,W1Bob250ZXNdCkl0IHdvdWxkIGJlIGdvb2QgZm9yIHlvdSB0byBnZXQgc29tZSBleHBlcmllbmNlLApidXQgSSBjYW4ndCBmb3JjZSB5b3UgaWYgeW91IGRvbid0IHdhbnQgdG8uIFNvIGJlIGl0Lg==,,,,,W1Bob250ZXNdClNlcmlhIGJvbSBwYXJhIHZvY8OqIGFkcXVpcmlyIGFsZ3VtYSBleHBlcmnDqm5jaWEsCm1hcyBuw6NvIHBvc3NvIHRlIGZvcsOnYXIgc2UgbsOjbyBxdWlzZXIuIFF1ZSBhc3NpbSBzZWphLg==,,W1Bob250ZXNdClRlIHZlbmRyw61hIGJpZW4gZ2FuYXIgZXhwZXJpZW5jaWEsCnBlcm8gbm8gcHVlZG8gb2JsaWdhcnRlIHNpIG5vIHF1aWVyZXMuIFF1ZSBhc8OtIHNlYS4=
tW5wAw,,W1Bob250ZXNdClRoaW5rIHRoaXMgb3Zlciwgbm93LgpNb3N0IG9mIHRoZSBxdWVzdHMgYXJvdW5kIHRoZSBjb250aW5lbnQgY2FuIGJlIG9idGFpbmVkIGZyb20gdGhlIEVkZW4gR3JvdXAuClRoZXkgd2lsbCBzdXJlbHkgYmUgaGVscGZ1bCB0byB5b3Uu,,,,,W1Bob250ZXNdClNlIHBlbnNhciBiZW0sIGFnb3JhLgpBIG1haW9yaWEgZGFzIG1pc3PDtWVzIGRvIGNvbnRpbmVudGUgcG9kZSBzZXIgcGVnYSBubyBHcnVwbyDDiWRlbi4KRWxhcyBjb20gY2VydGV6YSB2w6NvIHNlciDDunRlaXMgcGFyYSB2b2PDqi4=,,W1Bob250ZXNdClBpw6luc2FsbyBiaWVuLgpMYSBtYXlvcsOtYSBkZSBsYXMgbWlzaW9uZXMgZGVsIGNvbnRpbmVudGUgcHVlZGVuIG9idGVuZXJzZSBhIHRyYXbDqXMgZGVsIEdydXBvIGRlIEVkw6luLgpTZWd1cm8gcXVlIHRlIHNlcsOhbiBkZSBncmFuIGF5dWRhLg==
tm5wAw,,W1Bob250ZXNdClBlY28gUGVjb3MgYW5kIE11a2FzIGFyZSBpbiB0aGUgZmllbGQgc291dGh3ZXN0IG9mIEl6bHVkZS4KQmUgY2FyZWZ1bC4gUGVjbyBQZWNvcyB0ZW5kIHRvIGF0dGFjayBpbiBncm91cHMu,,,,,W1Bob250ZXNdClBlY29QZWNvcyBlIE11a2FzIGVzdMOjbyBubyBjYW1wbyBhIHN1ZG9lc3RlIGRlIEl6bHVkZS4KVG9tZSBjdWlkYWRvLiBPcyBQZWNvUGVjb3MgYXRhY2FtIGVtIGdydXBvLg==,,W1Bob250ZXNdCkVuIGVsIGNhbXBvIGFsIHN1cm9lc3RlIGRlIEl6bHVkZSBoYWJpdGFuIFBlY28gUGVjbyB5IE11a2EuClRlbiBjdWlkYWRvLiBMb3MgUGVjbyBQZWNvIHRpZW5kZW4gYSBhdGFjYXIgZW4gZ3J1cG9zLg==
t25wAw,,W1Bob250ZXNdCkRlZmVhdGluZyAxMCBQZWNvIFBlY29zIGFuZCAxMCBNdWthcyBzaG91bGQgYmUgZW5vdWdoLg==,,,,,W1Bob250ZXNdCkRlcnJvdGFyIDEwIFBlY29QZWNvcyBlIDEwIE11a2FzIGRldmUgc2VyIHN1ZmljaWVudGUu,,W1Bob250ZXNdCkRlcnJvdGFyIGEgMTBQZWNvIFBlY28geSAxME11a2EgZGViZXLDrWEgc2VyIHN1ZmljaWVudGUu
uG5wAw,,W1Bob250ZXNdCk9oLCBmaW5pc2hlZCBhbHJlYWR5PwpUaGUgRWRlbiBHcm91cCBnaXZlcyB0aGlzIHF1ZXN0IG91dCwgdG9vLCB5b3Uga25vdy4=,,,,,W1Bob250ZXNdCkFoLCBqw6EgdGVybWlub3U/ClZvY8OqIHNhYmUgcXVlIG8gR3J1cG8gw4lkZW4gdGFtYsOpbSBkaXN0cmlidWkgZXNzYSBtaXNzw6NvLCBjZXJ0bz8=,,W1Bob250ZXNdCsK/WWEgdGVybWluYXN0ZT8KRWwgR3J1cG8gZGUgRWTDqW4gdGFtYmnDqW4gb2ZyZWNlIGVzdGEgbWlzacOzbiwgwr9zYWJlcz8=
uW5wAw,,W1Bob250ZXNdCllvdSBjYW4gZG8gaXQgYWdhaW4gYW55dGltZSBieSB0YWxraW5nIHRvIG1lIG9yIHRoZSBFZGVuIEdyb3VwLg==,,,,,W1Bob250ZXNdClNlIHByZWNpc2FyIHJlcGV0aXIgYSB0YXJlZmEsIMOpIHPDsyBmYWxhciBjb21pZ28gb3UgY29tIG8gR3J1cG8gw4lkZW4gbm92YW1lbnRlLg==,,W1Bob250ZXNdClB1ZWRlcyBoYWNlcmxhIGRlIG51ZXZvIGVuIGN1YWxxdWllciBtb21lbnRvIHNpIGhhYmxhcyBjb25taWdvIG8gY29uIGVsIEdydXBvIGRlIEVkw6luLg==
um5wAw,,W1Bob250ZXNdClVzdWFsbHksIHF1ZXN0cyBmb3IgZGVmZWF0aW5nIG1vbnN0ZXJzIGFyZSBhdmFpbGFibGUgb25jZSBhIGRheSwgZXZlcnkgZGF5LgpLZWVwIHRoYXQgaW4gbWluZCBkdXJpbmcgeW91ciB0cmF2ZWxzIQ==,,,,,W1Bob250ZXNdCk5vcm1hbG1lbnRlLCBhcyBtaXNzw7VlcyBkZSBjYcOnYSBhIG1vbnN0cm9zIGZpY2FtIGRpc3BvbsOtdmVpcyB1bWEgdmV6IHBvciBkaWEsIHRvZG9zIG9zIGRpYXMuCk7Do28gc2UgZXNxdWXDp2EgZGlzc28gZHVyYW50ZSBzdWFzIHZpYWdlbnMh,,W1Bob250ZXNdCkVuIGdlbmVyYWwsIGxhcyBtaXNpb25lcyBwYXJhIGRlcnJvdGFyIG1vbnN0cnVvcyBlc3TDoW4gZGlzcG9uaWJsZXMgdW5hIHZleiBhbCBkw61hLCB0b2RvcyBsb3MgZMOtYXMuCsKhVGVubG8gZW4gY3VlbnRhIGR1cmFudGUgdHVzIHZpYWplcyE=
u25wAw,,W1Bob250ZXNdCkhleSwgaXQncyB5b3UgYWdhaW4uCldoYXQgZG8geW91IHNheT8KQXJlIHlvdSB1cCBmb3IgYW5vdGhlciBzaW1wbGUgcXVlc3QgdG8gcmVzdGFydCB0aGUgY3ljbGUgb2YgZ29vZCBkZWVkcz8=,,,,,W1Bob250ZXNdCkVpLCB2b2PDqiBkZSBub3ZvLgpPIHF1ZSBhY2hhPwpFc3TDoSBkaXNwb3N0byBhIHBlZ2FyIG91dHJhIG1pc3PDo28gc2ltcGxlcyBwYXJhIGNvbnRpbnVhciBvIGNpY2xvIGRlIGJvYXMgYcOnw7Vlcz8=,,W1Bob250ZXNdCkV5LCB0w7ogZGUgbnVldm8uCsK/UXXDqSBkaWNlcz8Kwr9UZSBhbmltYXMgYSBhY2VwdGFyIG90cmEgbWlzacOzbiBzZW5jaWxsYSBwYXJhIHJlaW5pY2lhciBlbCBjaWNsbyBkZSBsYXMgYnVlbmFzIGFjY2lvbmVzPw==
vG5wAw,,Tm9pc3kgRmVsbG93cw==,,,,,Q29tcGFuaGVpcm9zIEJhcnVsaGVudG9z,,QW1pZ29zIHJ1aWRvc29zLg==
vW5wAw,,W1Bob250ZXNdCk1vc3Qgb2YgdGhlIGRhaWx5IHF1ZXN0cyByZXNldCBhdCA0OjAwIGEubS4KT25jZSBhIHF1ZXN0IHJlc2V0cywgeW91IGNhbiBjb21wbGV0ZSBpdCBhZ2Fpbi4=,,,,,W1Bob250ZXNdCkEgbWFpb3JpYSBkYXMgbWlzc8O1ZXMgZGnDoXJpYXMgc2UgcmVpbmljaWEgw6BzIDQgZGEgbWFuaMOjLgpRdWFuZG8gaXNzbyBhY29udGVjZSwgdm9jw6ogcG9kZSBjb25jbHXDrS1sYXMgZGUgbm92by4=,,W1Bob250ZXNdCkxhIG1heW9yw61hIGRlIGxhcyBtaXNpb25lcyBkaWFyaWFzIHNlIHJlaW5pY2lhbiBhIGxhcyA0OjAwLgpDdWFuZG8gdW5hIG1pc2nDs24gc2UgcmVpbmljaWEsIHB1ZWRlcyBjb21wbGV0YXJsYSBkZSBudWV2by4=
vm5wAw,,W1Bob250ZXNdCk5vdCBhbGwgcXVlc3RzIHJlc2V0LCBtaW5kIHlvdS4KVGhvdWdoIG1hbnkgb2YgdGhlbSBkby4=,,,,,W1Bob250ZXNdCk5lbSB0b2RhcyBhcyBtaXNzw7VlcyBwb2RlbSBzZXIgcmVwZXRpZGFzLCB2ZWphIGJlbS4KRW1ib3JhIG11aXRhcyBkZWxhcyBzaW0u,,W1Bob250ZXNdCkNsYXJvIHF1ZSBubyB0b2RhcyBsYXMgbWlzaW9uZXMgc2UgcmVpbmljaWFuLgpQZXJvIG11Y2hhcyBsbyBoYWNlbi4=
v25wAw,,W1Bob250ZXNdCklmIHlvdSBhcmUgdXAgZm9yIGRlZmVhdGluZyB0aG9zZSBQZWNvIFBlY29zIGFuZCBNdWthcywgY29tZSB2aXNpdCBtZSBhZ2Fpbi4KQWxsIHJpZ2h0Pw==,,,,,W1Bob250ZXNdClNlIHZvY8OqIHB1ZGVyIGFqdWRhciBhIGRlcnJvdGFyIGVzc2VzIFBlY29QZWNvcyBlIE11a2FzLCB2b2x0ZSBhIG1lIHByb2N1cmFyLgpUdWRvIGJlbT8=,,W1Bob250ZXNdClNpIHRlIGFuaW1hcyBhIGRlcnJvdGFyIGEgZXNvcyBQZWNvIFBlY28geSBNdWthLCB2ZW4gYSB2ZXJtZSBkZSBudWV2by4Kwr9EZSBhY3VlcmRvPw==
wG5wAw,,W1Bob250ZXNdCkl0J3MgdGhvc2UgcGVza3kgUGVjbyBQZWNvcyBhbmQgTXVrYXMgYWdhaW4uCkFsbCB5b3UgaGF2ZSB0byBkbyBpcyBjaGFzZSBvZmYgXjRENERGRlBlY28gUGVjb3MgYW5kIE11a2FzXjAwMDAwMCBpbiB0aGUgZmllbGQgc291dGh3ZXN0IG9mIEl6bHVkZS4=,,,,,W1Bob250ZXNdCkFxdWVsZXMgUGVjb1BlY29zIGUgTXVrYXMgZGUgbm92byEKVsOhIGF0w6kgbyBjYW1wbyBhbyBzdWRvZXN0ZSBkZSBJemx1ZGUgZSBkZXJyb3RlIF40RDRERkZQZWNvUGVjb3MgZSBNdWthc14wMDAwMDAu,,W1Bob250ZXNdCk90cmEgdmV6IGVzb3MgbW9sZXN0b3MgUGVjbyBQZWNvIHkgTXVrYS4KTG8gw7puaWNvIHF1ZSB0aWVuZXMgcXVlIGhhY2VyIGVzIGVzcGFudGFyIGEgbG9zIF40RDRERkZQZWNvIFBlY28geSBNdWthXjAwMDAwMCBlbiBlbCBjYW1wbyBhbCBzdXJvZXN0ZSBkZSBJemx1ZGUu
wW5wAw,,W1Bob250ZXNdClBlb3BsZSBoYXZlIGJlZW4gY29tcGxhaW5pbmcgYWJvdXQgdGhlIG5vaXNlLAphbmQgbG90cyBvZiBvdGhlciBpc3N1ZXMgYXNpZGUgZnJvbSB0aGF0LgpBcmUgeW91IHVwIGZvciBpdD8=,,,,,W1Bob250ZXNdClRlbSBnZW50ZSByZWNsYW1hbmRvIGRvIGJhcnVsaG8sCmUgZGUgdsOhcmlvcyBvdXRyb3MgcHJvYmxlbWFzIHRhbWLDqW0uClZvY8OqIGVzdMOhIHByZXBhcmFkbyBwcmEgaXNzbz8=,,W1Bob250ZXNdCkxhIGdlbnRlIHNlIHF1ZWphIGRlbCBydWlkbywKeSBtdWNoYXMgb3RyYXMgY29zYXMgYXBhcnRlIGRlIGVzby4Kwr9UZSBhdHJldmVzPw==
wm5wAw,,W1Bob250ZXNdCklmIHlvdSBoZWFkIG91dCBmcm9tIEl6bHVkZSwgdGhlIGZpZWxkIHdpbGwgYmUgZGlyZWN0bHkgdG8geW91ciBzb3V0aC4KQnkgdGhlIHdheSwgb3RoZXIgbmVhcmJ5IG1vbnN0ZXJzIG1pZ2h0IGF0dGFjayB5b3UsIHRvbywgb25jZSB5b3UgYXR0YWNrIGEgUGVjbyBQZWNvLg==,,,,,W1Bob250ZXNdClNlIHNhaXIgZGUgSXpsdWRlLCBvIGNhbXBvIGVzdGFyw6EgbG9nbyBhbyBzdWwuCkEgcHJvcMOzc2l0bywgb3V0cm9zIG1vbnN0cm9zIHByw7N4aW1vcyBwb2RlbSBhdGFjw6EtbG8gcXVhbmRvIHZvY8OqIGVuZnJlbnRhciB1bSBQZWNvUGVjby4=,,W1Bob250ZXNdClNpIHNhbGVzIGRlIEl6bHVkZSwgZWwgY2FtcG8gZXN0YXLDoSBkaXJlY3RhbWVudGUgYWwgc3VyIGRlIHR1IHViaWNhY2nDs24uClBvciBjaWVydG8sIGN1YW5kbyBhdGFxdWVzIGEgdW4gUGVjbyBQZWNvLCBvdHJvcyBtb25zdHJ1b3MgY2VyY2Fub3MgdGFtYmnDqW4gcG9kcsOtYW4gYXRhY2FydGUu
w25wAw,,W1Bob250ZXNdCkkgZ3Vlc3MgSSdsbCBoYXZlIHRvIGZpbmQgc29tZW9uZSBlbHNlIHRvIHRha2UgY2FyZSBvZiB0aGlzIHF1ZXN0LCB0aGVuLg==,,,,,W1Bob250ZXNdCkFjaG8gcXVlIHZvdSBwcmVjaXNhciBwcm9jdXJhciBvdXRyYSBwZXNzb2EgcHJhIGN1aWRhciBkZXNzYSBtaXNzw6NvLCBlbnTDo28u,,W1Bob250ZXNdClN1cG9uZ28gcXVlIHRlbmRyw6kgcXVlIGJ1c2NhciBhIG90cmEgcGVyc29uYSBxdWUgc2UgZW5jYXJndWUgZGUgZXN0YSBtaXNpw7NuLg==
xG5wAw,,W1Bob250ZXNdCkFoLCBJIGNhbiBmaW5hbGx5IGhlYXIgbXlzZWxmIHRoaW5rIGFnYWluIQpBbGwgdGhhbmtzIHRvIHlvdXIgaHVudGluZy4=,,,,,W1Bob250ZXNdCkFoLCBmaW5hbG1lbnRlIGNvbnNpZ28gb3V2aXIgbWV1cyBwZW5zYW1lbnRvcyBkZSBub3ZvIQpUdWRvIGdyYcOnYXMgw6Agc3VhIGNhw6dhLg==,,W1Bob250ZXNdCsKhQWgsIHBvciBmaW4gcHVlZG8gb8OtciBtaXMgcGVuc2FtaWVudG9zIQpUb2RvIGdyYWNpYXMgYSB0dSBjYWNlcsOtYS4=
xW5wAw,,W1Bob250ZXNdCkEgam9iIHdlbGwgZG9uZS4KSSdsbCBzZWUgeW91IG5leHQgdGltZSE=,,,,,W1Bob250ZXNdClVtIHRyYWJhbGhvIGJlbSBmZWl0by4KQXTDqSBhIHByw7N4aW1hIHZleiE=,,W1Bob250ZXNdCkJ1ZW4gdHJhYmFqby4KwqFIYXN0YSBsYSBwcsOzeGltYSE=
xm5wAw,,W1Bob250ZXNdCkhtbS4uLiBMb29rcyBsaWtlIHRoZXJlJ3MgYSByZXF1ZXN0IHlvdSd2ZSBhY2NlcHRlZCBqdXN0IG5vdy4gSSB3YW50IHlvdSB0byBkZWFsIHdpdGggdGhhdCBmaXJzdC4=,,,,,W1Bob250ZXNdCkhtbS4uLiBQYXJlY2UgcXVlIHZvY8OqIGFjZWl0b3UgdW0gcGVkaWRvIGFnb3JhLiBRdWVybyBxdWUgY3VpZGUgZGlzc28gcHJpbWVpcm8u,,W1Bob250ZXNdCk1tbeKApiBQYXJlY2UgcXVlIGFjYWJhcyBkZSBhY2VwdGFyIHVuYSBtaXNpw7NuLiBRdWllcm8gcXVlIHRlIG9jdXBlcyBkZSBlc28gcHJpbWVyby4=
x25wAw,,XjRENERGRkluIG9yZGVyIHRvIHByb2NlZWQgd2l0aCB0aGlzIHF1ZXN0LAphbGwgW05vaXN5IEZlbGxvd3NdIHF1ZXN0cyByZWNlaXZlZCBmcm9tIFBhcmFkaXNlIG11c3QgYmUgY29tcGxldGVkIGFuZCB0aGUgd2FpdGluZyB0aW1lIGhhcyBlbmRlZC5eMDAwMDAw,,,,,XjRENERGRlBhcmEgY29udGludWFyIGVzc2EgbWlzc8OjbywKdG9kYXMgYXMgbWlzc8O1ZXMgW0NvbXBhbmhlaXJvcyBCYXJ1bGhlbnRvc10gcmVjZWJpZGFzIGRvIFBhcmHDrXNvIGRldmVtIGVzdGFyIGNvbmNsdcOtZGFzLCBlIG8gdGVtcG8gZGUgZXNwZXJhIGRldmUgdGVyIHRlcm1pbmFkby5eMDAwMDAw,,XjRENERGRlBhcmEgcHJvY2VkZXIgY29uIGVzdGEgbWlzacOzbiwKdGllbmVzIHF1ZSBoYWJlciBjb21wbGV0YWRvIHRvZGFzIGxhcyBtaXNpb25lcyBbQW1pZ29zIHJ1aWRvc29zXSByZWNpYmlkYXMgZGVsIEdydXBvIGRlIEVkw6luIHkgaGFiZXIgYWd1YXJkYWRvIGVsIHRpZW1wbyBkZSBlc3BlcmEuXjAwMDAwMA==
yG5wAw,,W1Bob250ZXNdCkFuZCBmcm9tIG5vdyBvbiwgSSdsbCBnaXZlIHlvdSBzb21lIG1vcmUgZGlmZmljdWx0IHF1ZXN0cy4KSXNuJ3QgdGhhdCBleGNpdGluZz8=,,,,,W1Bob250ZXNdCkUgYSBwYXJ0aXIgZGUgYWdvcmEsIHZvdSBjb21lw6dhciBhIHRlIGRhciBtaXNzw7VlcyBtYWlzIGRpZsOtY2Vpcy4KTsOjbyDDqSBlbXBvbGdhbnRlPw==,,W1Bob250ZXNdCkEgcGFydGlyIGRlIGFob3JhLCB0ZSBkYXLDqSBhbGd1bmFzIG1pc2lvbmVzIG3DoXMgZGlmw61jaWxlcy4Kwr9ObyBlcyBlbW9jaW9uYW50ZT8=
yW5wAw,,XjRENERGRlF1ZXN0IFByZXJlcXVpc2l0ZXM6CkVkZW4gR3JvdXAgcXVlc3QgW0NoaWNrZW4gRWdncyBhbmQgR3Jhc3Nob3BwZXJzXSBjb21wbGV0ZWQ7IGNvb2xkb3duIHJlc2V0Ll4wMDAwMDA=,,,,,XjRENERGRlByw6ktcmVxdWlzaXRvcyBkYSBtaXNzw6NvOgpNaXNzw6NvIGRvIEdydXBvIMOJZGVuIFtPdm9zIGRlIEdhbGluaGEgZSBHYWZhbmhvdG9zXSBjb25jbHXDrWRhOyB0ZW1wbyBkZSBlc3BlcmEgcmVpbmljaWFkby5eMDAwMDAw,,XjRENERGRlJlcXVpc2l0b3MgcHJldmlvcyBkZSBsYSBtaXNpw7NuOgpNaXNpw7NuIFtIdWV2b3MgeSBzYWx0YW1vbnRlc10gZGVsIEdydXBvIGRlIEVkw6luIGNvbXBsZXRhZGE7IHRpZW1wbyBkZSBlc3BlcmEgcmVzdGFibGVjaWRvLl4wMDAwMDA=
ym5wAw,,W1Bob250ZXNdCldlbGwgbWV0IQpJIGhhdmUgYSBxdWVzdCBmb3IgeW91Lg==,,,,,W1Bob250ZXNdCk11aXRvIHByYXplciEKVGVuaG8gdW1hIG1pc3PDo28gcGFyYSB2b2PDqi4=,,W1Bob250ZXNdCsKhRGljaG9zb3MgbG9zIG9qb3MhClRlbmdvIHVuYSBtaXNpw7NuIHBhcmEgdGku
y25wAw,,W1Bob250ZXNdCkkndmUgZ290IGEgcXVlc3QgZnJvbSB0aGUgRWRlbiBHcm91cCBoZXJlIHRvIGhlbHAgeW91IHRyYWluLg==,,,,,W1Bob250ZXNdCkNvbW8gasOhIGRpc3NlIGFudGVzLCB0ZW5obyB1bWEgbWlzc8OjbyBkbyBHcnVwbyDDiWRlbiBxdWUgdmFpIHRlIGFqdWRhciBubyB0cmVpbm8u,,W1Bob250ZXNdCkFxdcOtIHRlbmdvIHVuYSBtaXNpw7NuIGRlbCBHcnVwbyBkZSBFZMOpbiBwYXJhIGF5dWRhcnRlIGEgZW50cmVuYXIu
zG5wAw,,W1Bob250ZXNdCkl0J3Mga2luZGEgbGlrZSB0cmFpbmluZyBmb3IgdGhvc2Ugd2hvJ3ZlIGp1c3QgY29tZSBvdXQgb2YgQ3JpYXR1cmEgQWNhZGVteS4=,,,,,W1Bob250ZXNdCsOJIHVtIHRpcG8gZGUgdHJlaW5vIHBhcmEgcXVlbSBhY2Fib3UgZGUgc2FpciBkbyBBY2FkZW1pYSBkbyBBcHJlbmRpei4=,,W1Bob250ZXNdCkVzIHVuYSBlc3BlY2llIGRlIGVudHJlbmFtaWVudG8gcGFyYSBxdWllbmVzIGFjYWJhbiBkZSBzYWxpciBkZSBsYSBBY2FkZW1pYSBkZSBjcmlhdHVyYXMu
zW5wAw,,W1Bob250ZXNdCkRpZCB5b3Uga25vdyB0aGF0IHRoZXJlJ3MgYSBeNEQ0REZGZGVzZXJ0XjAwMDAwMCB0byB0aGUgXjRENERGRnNvdXRod2VzdCBvZiBJemx1ZGVeMDAwMDAwPw==,,,,,W1Bob250ZXNdClZvY8OqIHNhYmlhIHF1ZSBleGlzdGUgdW0gXjRENERGRmRlc2VydG9eMDAwMDAwIGEgXjRENERGRnN1ZG9lc3RlIGRlIEl6bHVkZV4wMDAwMDA/,,W1Bob250ZXNdCsK/U2Fiw61hcyBxdWUgaGF5IHVuIF40RDRERkZkZXNpZXJ0b14wMDAwMDAgYWwgXjRENERGRnN1cm9lc3RlIGRlIEl6bHVkZV4wMDAwMDA/
zm5wAw,,W1Bob250ZXNdClRoZXJlIGFyZSBtYW55IF40RDRERkZNYWdub2xpYXMgYW5kIE1ldGFsbGVyc14wMDAwMDAgYXQgdGhlIGVudHJhbmNlIG9mIHRoZSBkZXNlcnQuCkkgaGF2ZSBhIHF1ZXN0IGhlcmUgdG8gZGVmZWF0IHRoZW0u,,,,,W1Bob250ZXNdCkjDoSBtdWl0YXMgXjRENERGRk1hZ27Ds2xpYXMgZSBNZXRhbGxlcnNeMDAwMDAwIG5hIGVudHJhZGEgZG8gZGVzZXJ0by4KVGVuaG8gdW1hIG1pc3PDo28gYXF1aSBwYXJhIGRlcnJvdMOhLWxvcy4=,,W1Bob250ZXNdCkVuIGxhIGVudHJhZGEgZGVsIGRlc2llcnRvIGhhYml0YW4gXjRENERGRk1hZ25vbGlhcyB5IE1ldGFsZXJvc14wMDAwMDAgcG9yIG1vbnRvbmVzLgpBcXXDrSB0ZW5nbyB1bmEgbWlzacOzbiBwYXJhIGRlcnJvdGFybG9zLg==
z25wAw,,W1Bob250ZXNdCkhvdyBkb2VzIHRoYXQgc291bmQ/IEp1c3QgdGhlIHJpZ2h0IHRhc2sgZm9yIHlvdSwgaXNuJ3QgaXQ/,,,,,W1Bob250ZXNdCk8gcXVlIGFjaGEgZGVzc2EgdGFyZWZhPyBDb21iaW5hIGNvbSB2b2PDqiwgbsOjbyDDqT8=,,W1Bob250ZXNdCsK/UXXDqSB0ZSBwYXJlY2U/IExhIHRhcmVhIGlkZWFsIHBhcmEgdGksIMK/bm8/
0G5wAw,,W1Bob250ZXNdCkdvb2QhIEkgbGlrZSB5b3VyIGF0dGl0dWRlIQpIZXJlJ3Mgd2hlcmUgeW91J2xsIGZpbmQgdGhlbTo=,,,,,W1Bob250ZXNdCsOTdGltbyEgR29zdGVpIGRhIHN1YSBhdGl0dWRlIQpWb2PDqiBvcyBlbmNvbnRyYXLDoSBuZXN0ZSBsb2NhbDo=,,W1Bob250ZXNdCsKhQmllbiEgwqFNZSBndXN0YSB0dSBhY3RpdHVkIQpQYXJhIGVuY29udHJhcmxvcyw=
0W5wAw,,W1Bob250ZXNdCkhlYWQgb3V0IG9mIEl6bHVkZSwgdGhlbiBnbyBzb3V0aHdlc3Qgb3Igc291dGguCllvdSBhbHJlYWR5IGtub3cgd2hlcmUgdGhlIE11a2FzIGFuZCBQZWNvIFBlY29zIGFyZSwgcmlnaHQ/IFRoZXkncmUgbm90IHRvbyBmYXIgZnJvbSB0aGVyZS4=,,,,,W1Bob250ZXNdClNhaWEgZGUgSXpsdWRlIGUgc2lnYSBwYXJhIHN1ZG9lc3RlIG91IHN1bC4KVm9jw6ogasOhIHNhYmUgb25kZSBlbmNvbnRyYXIgb3MgTXVrYXMgZSBQZWNvUGVjb3MsIGNlcnRvPyBFbGVzIG7Do28gZXN0w6NvIG11aXRvIGxvbmdlLg==,,W1Bob250ZXNdCnNhbCBkZSBJemx1ZGUgeSB2ZSBoYWNpYSBlbCBzdXJvZXN0ZSBvIGFsIHN1ci4KWWEgc2FiZXMgZMOzbmRlIGVzdMOhbiBsb3MgTXVrYSB5IGxvcyBQZWNvIFBlY28sIMK/dmVyZGFkPyBObyBlc3TDoW4gbXV5IGxlam9zIGRlIGFsbMOtLg==
0m5wAw,,W1Bob250ZXNdCkFueXdheSwgeW91IHdvbid0IG5lZWQgdG8gZ28gdG9vIGZhciwKc28geW91IHNob3VsZCBiZSBhYmxlIHRvIGNvbXBsZXRlIHRoaXMgcXVlc3QgaW4gbm8gdGltZS4=,,,,,W1Bob250ZXNdCkRlIHF1YWxxdWVyIGplaXRvLCB2b2PDqiBuw6NvIHByZWNpc2EgaXIgbXVpdG8gbG9uZ2UuClZhaSBjb25zZWd1aXIgdGVybWluYXIgZXNzYSBtaXNzw6NvIHJhcGlkaW5oby4=,,W1Bob250ZXNdCkRlIHRvZG9zIG1vZG9zLCBubyB0ZW5kcsOhcyBxdWUgaXIgbXV5IGxlam9zLAphc8OtIHF1ZSBwb2Ryw6FzIGNvbXBsZXRhciBlc3RhIG1pc2nDs24gZW4gcG9jbyB0aWVtcG8u
025wAw,,W1Bob250ZXNdCkdvIG9uIG91dCBhbmQgZGVmZWF0IF40RDRERkYxMCBNYWdub2xpYXMgYW5kIDEwIE1ldGFsbGVyc14wMDAwMDAhCkknbGwgYmUgd2FpdGluZyBmb3IgeW91IGhlcmUu,,,,,W1Bob250ZXNdClbDoSBlbSBmcmVudGUgZSBkZXJyb3RlIF40RDRERkYxMCBNYWduw7NsaWFzIGUgMTAgTWV0YWxsZXJzXjAwMDAwMCEKRXN0YXJlaSBlc3BlcmFuZG8gcG9yIHZvY8OqIGFxdWku,,W1Bob250ZXNdCsKhVmUgeSBkZXJyb3RhIGEgXjRENERGRjEwTWFnbm9saWFzIHkgMTBNZXRhbGVyb3NeMDAwMDAwIQpUZSBlc3RhcsOpIGVzcGVyYW5kbyBhcXXDrS4=
1G5wAw,,W1Bob250ZXNdCldoYXQ/IFJlYWxseT8KWW91IHNob3VsZCByZWFsbHkgZ2l2ZSBpdCBhIHNlY29uZCB0aG91Z2h0IC4uLg==,,,,,W1Bob250ZXNdCk8gcXXDqj8gw4kgc8OpcmlvPwpWb2PDqiByZWFsbWVudGUgZGV2ZXJpYSByZXBlbnNhciBpc3NvLi4u,,W1Bob250ZXNdCsK/UXXDqT8gwr9EZSB2ZXJkYWQ/CkRlYmVyw61hcyBwZW5zYXJsbyBtZWpvcuKApg==
1W5wAw,,W1Bob250ZXNdCk5pY2VseSBkb25lIQpMZXQncyBtb3ZlIG9uIHRvIHRoZSBuZXh0IGl0ZW0gb24gb3VyIGl0aW5lcmFyeSwgc2hhbGwgd2U/,,,,,W1Bob250ZXNdCk11aXRvIGJlbSBmZWl0byEKVmFtb3MgYW8gcHLDs3hpbW8gaXRlbSBkbyBub3NzbyByb3RlaXJvLCBjZXJ0bz8=,,W1Bob250ZXNdCsKhQmllbiBoZWNobyEKUGFzZW1vcyBhbCBzaWd1aWVudGUgcHVudG8gZGUgbnVlc3RybyBpdGluZXJhcmlvLCDCv3F1aWVyZXM/
1m5wAw,,W1Bob250ZXNdCldoeSBkb24ndCB5b3UgZ28gYW5kIGhhdmUgYSBjaGF0IHdpdGggc29tZSBvZiB0aGUgb3RoZXIgZm9sa3MgYXJvdW5kIHRvd24/,,,,,W1Bob250ZXNdClBvciBxdWUgbsOjbyBhcHJvdmVpdGEgcHJhIGNvbnZlcnNhciBjb20gb3V0cmFzIHBlc3NvYXMgZGEgY2lkYWRlPw==,,W1Bob250ZXNdCsK/UG9yIHF1w6kgbm8gaGFibGFzIGNvbiBhbGd1bmFzIGRlIGxhcyBvdHJhcyBwZXJzb25hcyBkZWwgcHVlYmxvPw==
125wAw,,W1Bob250ZXNdClRoZXJlJ3MgYSBwbGFjZSBjYWxsZWQgXjRENERGRkJ5YWxhbiBJc2xhbmReMDAwMDAwLiBZb3UgY2FuIGdldCB0aGVyZSBmcm9tIEl6bHVkZSBQb3J0LgpJJ3ZlIGhlYXJkIHRoYXQgYSBjb2xsZWdlIHN0dWRlbnQgc3R1ZHlpbmcgYmlvbG9neSBpcyBsb29raW5nIGZvciBoZWxwLg==,,,,,W1Bob250ZXNdCkjDoSB1bSBsdWdhciBjaGFtYWRvIF40RDRERkZJbGhhIEJ5YWxhbl4wMDAwMDAuIFZvY8OqIHBvZGUgY2hlZ2FyIGzDoSBwZWxvIFBvcnRvIGRlIEl6bHVkZS4KT3V2aSBkaXplciBxdWUgdW0gZXN0dWRhbnRlIGRlIGJpb2xvZ2lhIGRhIHVuaXZlcnNpZGFkZSBlc3TDoSBwcm9jdXJhbmRvIGFqdWRhLg==,,W1Bob250ZXNdCkhheSB1biBsdWdhciBsbGFtYWRvIF40RDRERkZJc2xhIEJ5YWxhbl4wMDAwMDAuIFB1ZWRlcyBsbGVnYXIgZGVzZGUgZWwgcHVlcnRvIGRlIEl6bHVkZS4KRXNjdWNow6kgcXVlIHVuIGVzdHVkaWFudGUgdW5pdmVyc2l0YXJpbyBkZSBiaW9sb2fDrWEgYnVzY2EgYXl1ZGEu
2G5wAw,,W1Bob250ZXNdClRoYXQgc3R1ZGVudCBhc2tlZCBtZSB0byBzZW5kIGEgaGVscGluZyBoYW5kLgpJbnRlcmVzdGVkPw==,,,,,W1Bob250ZXNdClVtIGVzdHVkYW50ZSBwZWRpdSBtaW5oYSBhanVkYS4KVGVtIGludGVyZXNzZT8=,,W1Bob250ZXNdCkVzZSBlc3R1ZGlhbnRlIG1lIHBpZGnDsyBxdWUgbGUgZW52aWFyYSBheXVkYS4Kwr9UZSBpbnRlcmVzYT8=
2W5wAw,,W1Bob250ZXNdCkdvIHRvIF40RDRERkZCeWFsYW4gSXNsYW5kXjAwMDAwMCwKYW5kIHRhbGsgdG8gXjRENERGRkNvbGxlZ2UgU3R1ZGVudCBIZWxkZW5eMDAwMDAwLg==,,,,,W1Bob250ZXNdClbDoSBwYXJhIGEgXjRENERGRklsaGEgQnlhbGFuXjAwMDAwMCwKZSBmYWxlIGNvbSBvIF40RDRERkZFc3R1ZGFudGUgVW5pdmVyc2l0w6FyaW8gRGV0aWRvXjAwMDAwMC4=,,W1Bob250ZXNdClZlIGEgbGEgXjRENERGRklzbGEgQnlhbGFuXjAwMDAwMAp5IGhhYmxhIGNvbiBlbCBeNEQ0REZGZXN0dWRpYW50ZSB1bml2ZXJzaXRhcmlvIEhlbGRlbl4wMDAwMDAu
2m5wAw,,W1Bob250ZXNdClBsZWFzZSBoZWxwIGhpbSBhcyBtdWNoIGFzIHlvdSBjYW4uCkJ5YWxhbiBJc2xhbmQgY2FuIGJlIHJlYWNoZWQgZnJvbSBJemx1ZGUgUG9ydCBieSBib2F0LgpHb29kIGx1Y2sh,,,,,W1Bob250ZXNdClBvciBmYXZvciwgYWp1ZGUgZWxlIG8gbcOheGltbyBxdWUgcHVkZXIuCkEgSWxoYSBCeWFsYW4gcG9kZSBzZXIgYWNlc3NhZGEgZGUgYmFyY28gYSBwYXJ0aXIgZG8gcG9ydG8gZGUgSXpsdWRlLgpCb2Egc29ydGUh,,W1Bob250ZXNdClBvciBmYXZvciwgYXnDumRhbG8gZW4gdG9kbyBsbyBxdWUgcHVlZGFzLgpQdWVkZXMgbGxlZ2FyIGVuIGJhcmNvIGEgbGEgSXNsYSBCeWFsYW4gZGVzZGUgZWwgcHVlcnRvIGRlIEl6bHVkZS4KwqFCdWVuYSBzdWVydGUh
225wAw,,W1Bob250ZXNdCllvdSdyZSBnZXR0aW5nIHVzZWQgdG8gdGhpbmdzIHByZXR0eSBxdWlja2x5IG5vdywgYXJlbid0IHlvdT8KQXJlIHlvdSBkb2luZyB3ZWxsIHdpdGggdGhlIHF1ZXN0cyBmcm9tIEVkZW4gR3JvdXA/,,,,,W1Bob250ZXNdCkVzdMOhIHBlZ2FuZG8gbyBqZWl0byBkYXMgY29pc2FzIGJlbSByw6FwaWRvLCBoZWluPwpFc3TDoSBzZSBzYWluZG8gYmVtIG5hcyBtaXNzw7VlcyBkbyBHcnVwbyDDiWRlbj8=,,W1Bob250ZXNdClRlIGVzdMOhcyBhY29zdHVtYnJhbmRvIG11eSByw6FwaWRvLCDCv3ZlcmRhZD8Kwr9UZSBmdWUgYmllbiBjb24gbGFzIG1pc2lvbmVzIGRlbCBHcnVwbyBkZSBFZMOpbj8=
3G5wAw,,W1Bob250ZXNdClRoZW4gd2h5IGRvbid0IHlvdSBnbyBhbmQgaGF2ZSBhIGNoYXQgd2l0aCBzb21lIG9mIHRoZSBvdGhlciBmb2xrcyBhcm91bmQgdG93bj8=,,,,,W1Bob250ZXNdClBvciBxdWUgdm9jw6ogbsOjbyBhcHJvdmVpdGEgcHJhIGNvbnZlcnNhciBjb20gb3V0cmFzIHBlc3NvYXMgZGEgY2lkYWRlPw==,,W1Bob250ZXNdCkVudG9uY2VzLCDCv3BvciBxdcOpIG5vIGhhYmxhcyBjb24gb3RyYXMgcGVyc29uYXMgZGVsIHB1ZWJsbz8=
3W5wAw,,W1Bob250ZXNdClBsZWFzZSBoZWxwIGhpbSBhcyBtdWNoIGFzIHlvdSBjYW4uCkJ5YWxhbiBJc2xhbmQgY2FuIGJlIHJlYWNoZWQgZnJvbSBJemx1ZGUgUG9ydCBieSBib2F0Lg==,,,,,W1Bob250ZXNdClBvciBmYXZvciwgYWp1ZGUgZWxlIG8gbcOheGltbyBxdWUgcHVkZXIuClZvY8OqIHBvZGUgY2hlZ2FyIMOgIElsaGEgQnlhbGFuIHBlZ2FuZG8gdW0gYmFyY28gbm8gcG9ydG8gZGUgSXpsdWRlLg==,,W1Bob250ZXNdClBvciBmYXZvciwgYXnDumRhbG8gZW4gdG9kbyBsbyBxdWUgcHVlZGFzLgpQdWVkZXMgbGxlZ2FyIGVuIGJhcmNvIGEgbGEgSXNsYSBCeWFsYW4gZGVzZGUgZWwgcHVlcnRvIGRlIEl6bHVkZS4=
3m5wAw,,W1Bob250ZXNdCk5vdywgbGV0J3MgbW92ZSBvbiB0byBhbm90aGVyIHRvcGljLg==,,,,,W1Bob250ZXNdCkFnb3JhLCB2YW1vcyBtdWRhciBkZSBhc3N1bnRvLg==,,W1Bob250ZXNdCkFob3JhLCBwYXNlbW9zIGEgb3RybyB0ZW1hLg==
325wAw,,W1Bob250ZXNdCkkndmUgZ290IGEgdGFzayBqdXN0IGZvciB5b3UuCkNhcmUgdG8gaGF2ZSBhIGxvb2s/,,,,,W1Bob250ZXNdClRlbmhvIHVtYSB0YXJlZmEgc8OzIHBhcmEgdm9jw6ouClF1ZXIgZGFyIHVtYSBvbGhhZGE/,,W1Bob250ZXNdClRlbmdvIHVuYSB0YXJlYSBpZGVhbCBwYXJhIHRpLgrCv1F1aWVyZXMgZWNoYXIgdW4gdmlzdGF6bz8=
4G5wAw,,Q2hpY2tlbiBFZ2dzIGFuZCBHcmFzc2hvcHBlcnM=,,,,,T3ZvcyBkZSBHYWxpbmhhIGUgR2FmYW5ob3Rvcw==,,SHVldm9zIHkgc2FsdGFtb250ZXMu
4W5wAw,,W1Bob250ZXNdClNpbmNlIHlvdSd2ZSBjaGFzZWQgb2ZmIE1hZ25vbGlhcyBhbmQgTWV0YWxsZXJzLCB0aGluZ3Mgc2hvdWxkIGJlIGZpbmUgZm9yIGEgc2hvcnQgd2hpbGUu,,,,,W1Bob250ZXNdCkNvbW8gdm9jw6ogasOhIGV4cHVsc291IGFzIE1hZ27Ds2xpYXMgZSBvcyBNZXRhbGxlcnMsIGFzIGNvaXNhcyBkZXZlbSBmaWNhciB0cmFucXVpbGFzIHBvciB1bSB0ZW1wby4=,,W1Bob250ZXNdCllhIHF1ZSBlc3BhbnRhc3RlIGEgbGFzIE1hZ25vbGlhcyB5IGxvcyBNZXRhbGVyb3MsIGxhcyBjb3NhcyBkZWJlcsOtYW4gY2FsbWFyc2UgdW4gcG9jby4=
4m5wAw,,W1Bob250ZXNdCklmIHlvdSBmZWVsIHRoZSBuZWVkIHRvIGdldCByaWQgb2Ygc29tZSBtb3JlLCB0aGVuIGNvbWUgdGFsayB0byBtZSBvbmNlIHlvdXIgcXVlc3RzIHJlc2V0LgpBbHRlcm5hdGl2ZWx5LCB5b3UgY2FuIGdldCB0aGUgcXVlc3QgZnJvbSB0aGUgRWRlbiBHcm91cCBhcyB3ZWxsLg==,,,,,W1Bob250ZXNdClNlIHByZWNpc2FyIGVsaW1pbmFyIG1haXMgYWxndW5zLCB2b2x0ZSBlIGZhbGUgY29taWdvIHF1YW5kbyBzdWFzIG1pc3PDtWVzIGZvcmVtIHJlaW5pY2lhZGFzLgpPdSwgc2UgcHJlZmVyaXIsIHRhbWLDqW0gcG9kZSBwZWdhciBhIG1pc3PDo28gbm8gR3J1cG8gw4lkZW4u,,W1Bob250ZXNdClNpIHNpZW50ZXMgbGEgbmVjZXNpZGFkIGRlIGVsaW1pbmFyIGEgYWxndW5vcyBtw6FzLCB2ZW4gYSBoYWJsYXIgY29ubWlnbyBjdWFuZG8gc2UgcmVpbmljaWVuIHR1cyBtaXNpb25lcy4KVGFtYmnDqW4gcHVlZGVzIGNvbnNlZ3VpciBsYSBtaXNpw7NuIGVuIGVsIEdydXBvIGRlIEVkw6luLg==
425wAw,,W1Bob250ZXNdCldlbGwgbWV0IQpJJ3ZlIGdvdCBhIHF1ZXN0IGhlcmUgZm9yIGRlZmVhdGluZyBNYWdub2xpYXMgYW5kIE1ldGFsbGVycy4KSnVzdCBsaWtlIGJlZm9yZS4=,,,,,W1Bob250ZXNdCk11aXRvIGJlbSEKVGVuaG8gdW1hIG1pc3PDo28gYXF1aSBwcmEgZGVycm90YXIgTWFnbsOzbGlhcyBlIE1ldGFsbGVycy4KRXhhdGFtZW50ZSBjb21vIGRhIMO6bHRpbWEgdmV6Lg==,,W1Bob250ZXNdCsKhRGljaG9zb3MgbG9zIG9qb3MhCkFxdcOtIHRlbmdvIHVuYSBtaXNpw7NuIHBhcmEgZGVycm90YXIgYSBNYWdub2xpYXMgeSBNZXRhbGVyb3MuCkVzIGlndWFsIHF1ZSBhbnRlcy4=
5G5wAw,,W1Bob250ZXNdCkFyZSB5b3UgdXAgZm9yIGl0IHRvZGF5PwpQZW9wbGUga2VlcCBjb21wbGFpbmluZyBhYm91dCB0aGUgTWFnbm9saWFzIGFuZCBNZXRhbGxlcnMsIHlvdSBrbm93LgpTb21lb25lJ3MgZ290IHRvIGNoYXNlIHRoZW0gb2ZmLg==,,,,,W1Bob250ZXNdClZvY8OqIGVzdMOhIGxpdnJlIGhvamU/CkFzIHBlc3NvYXMgY29udGludWFtIHJlY2xhbWFuZG8gZGFzIE1hZ27Ds2xpYXMgZSBkb3MgTWV0YWxsZXJzLgpBbGd1w6ltIHByZWNpc2EgbGlkYXIgY29tIGlzc28u,,W1Bob250ZXNdCsK/VGUgYW5pbWFzIGhveT8KTGEgZ2VudGUgc2lndWUgcXVlasOhbmRvc2UgZGUgbGFzIE1hZ25vbGlhcyB5IGxvcyBNZXRhbGVyb3MuCkFsZ3VpZW4gdGllbmUgcXVlIGFodXllbnRhcmxvcy4=
5W5wAw,,W1Bob250ZXNdCllvdSdyZSBkb2luZyBncmVhdCEKQWxtb3N0IGJyaW5ncyBhIHRlYXIgdG8gbXkgZXllLCBzZWVpbmcgZm9sa3MgbGlrZSB5b3UgdHJhaW5pbmcgaGFyZCAuLi4=,,,,,W1Bob250ZXNdClZvY8OqIGVzdMOhIGluZG8gc3VwZXIgYmVtIQpGaWNvIGF0w6kgZW1vY2lvbmFkbyB2ZW5kbyBhbGd1w6ltIHRyZWluYW5kbyBjb20gdGFudGEgZGVkaWNhw6fDo28uLi4=,,W1Bob250ZXNdCsKhTG8gZXN0w6FzIGhhY2llbmRvIG11eSBiaWVuIQpNZSBlbW9jaW9uYSBoYXN0YSBsYXMgbMOhZ3JpbWFzIHZlciBhIGdlbnRlIGNvbW8gdMO6IGVudHJlbmFuZG8gZHVyb+KApg==
5m5wAw,,W1Bob250ZXNdCkl0IHdhc24ndCBzbyBkaWZmaWN1bHQsIHdhcyBpdD8KRXhjZWxsZW50IHdvcmsuCkkgdGhhbmsgeW91LCBvbiBiZWhhbGYgb2YgdGhlIHJlcXVlc3Rlci4=,,,,,W1Bob250ZXNdCk7Do28gZm9pIHTDo28gZGlmw61jaWwsIG7DqT8KRXhjZWxlbnRlIHRyYWJhbGhvLgpBZ3JhZGXDp28gZW0gbm9tZSBkZSBxdWVtIGZleiBhIHNvbGljaXRhw6fDo28u,,W1Bob250ZXNdCk5vIGVyYSB0YW4gZGlmw61jaWwsIMK/dmVyZGFkPwpFeGNlbGVudGUgdHJhYmFqby4KVGUgbG8gYWdyYWRlemNvIGVuIG5vbWJyZSBkZWwgc29saWNpdGFudGUu
525wAw,,W1Bob250ZXNdCkknbGwgc2VlIHlvdSBuZXh0IHRpbWUh,,,,,W1Bob250ZXNdCkF0w6kgYSBwcsOzeGltYSB2ZXoh,,W1Bob250ZXNdCsKhSGFzdGEgbGEgcHLDs3hpbWEh
6G5wAw,,Q29sbGVnZSBTdHVkZW50IEhlbGRlbg==,,,,,RXN0dWRhbnRlIFVuaXZlcnNpdMOhcmlvIERldGlkbw==,,Q29sbGVnZSBTdHVkZW50IEhlbGRlbg==
6W5wAw,,W0hlbGRlbl0KQXJlIHlvdSBhbiBBZHZlbnR1cmVyPwpEb2VzIHlvdXIgbmFtZSBoYXBwZW4gdG8gYmUgUGhvbnRlcyAuLi4/Ck5vPw==,,,,,W0hlbGRlbl0KVm9jw6ogw6kgdW0gQXZlbnR1cmVpcm8/ClNldSBub21lIMOpIFBob250ZXMuLi4/Ck7Do28/,,W0hlbGRlbl0Kwr9FcmVzIHRyb3RhbXVuZG9zPwrCv1BvciBjYXN1YWxpZGFkIHRlIGxsYW1hcyBQaG9udGVz4oCmPwrCv05vPw==
6m5wAw,,W0hlbGRlbl0KT2gsIEkgd2FzIGp1c3QgLi4uCndhaXRpbmcgZm9yIHNvbWVvbmUuCkJ1dCB0aGUgcGVyc29uIGhhc24ndCBhcnJpdmVkIHlldC4=,,,,,W0hlbGRlbl0KQWgsIGV1IGVzdGF2YSBzw7MuLi4KZXNwZXJhbmRvIGFsZ3XDqW0uCk1hcyBlc3NhIHBlc3NvYSBhaW5kYSBuw6NvIGNoZWdvdS4=,,W0hlbGRlbl0KQWgsIHNvbG8gZXN0YWJh4oCmCmVzcGVyYW5kbyBhIGFsZ3VpZW4uClBlcm8gZXNhIHBlcnNvbmEgYcO6biBubyBsbGVnw7Mu
625wAw,,W0hlbGRlbl0KRGlkIFBob250ZXMgc2VuZCB5b3U/Ck9oLCByZWFsbHk/CkkndmUgYmVlbiBleHBlY3RpbmcgeW91IQ==,,,,,W0hlbGRlbl0KRm9pIFBob250ZXMgcXVlbSB0ZSBlbnZpb3U/CkFoLCDDqSBtZXNtbz8KRXUgZXN0YXZhIGVzcGVyYW5kbyBwb3Igdm9jw6oh,,W0hlbGRlbl0Kwr9QaG9udGVzIHRlIGVudmnDsz8KQWgsIMK/ZGUgdmVyZGFkPwrCoVRlIGVzdGFiYSBlc3BlcmFuZG8h
7G5wAw,,W0hlbGRlbl0KRGlkIFBob250ZXMgdGVsbCB5b3UgdGhlIGRldGFpbHM/CkkgYW0gbG9va2luZyBmb3IgYSBwZXJzb24gd2hvIGNhbiBoZWxwIG1lIHdpdGggbXkgcmVzZWFyY2gu,,,,,W0hlbGRlbl0KUGhvbnRlcyBqw6EgdGUgZGV1IG9zIGRldGFsaGVzPwpFc3RvdSBwcm9jdXJhbmRvIGFsZ3XDqW0gcHJhIG1lIGFqdWRhciBudW1hIHBlc3F1aXNhLg==,,W0hlbGRlbl0Kwr9QaG9udGVzIHRlIGNvbnTDsyBsb3MgZGV0YWxsZXM/CkJ1c2NvIGEgYWxndWllbiBxdWUgcHVlZGEgYXl1ZGFybWUgY29uIG1pIGludmVzdGlnYWNpw7NuLg==
7W5wAw,,W0hlbGRlbl0KQXMgSSBtYWpvciBpbiBiaW9sb2d5LApJIG5lZWQgYSBsb3Qgb2Ygc2FtcGxlcy4=,,,,,W0hlbGRlbl0KQ29tbyBzb3UgZm9ybWFkbyBlbSBiaW9sb2dpYSwKcHJlY2lzbyBkZSBtdWl0YXMgYW1vc3RyYXMu,,W0hlbGRlbl0KQ29tbyBlc3R1ZGlvIGJpb2xvZ8OtYSwKbmVjZXNpdG8gbXVjaGFzIG11ZXN0cmFzLg==
7m5wAw,,W0hlbGRlbl0KTXkgdGhlc2lzIGlzIGFib3V0IG1hcmluZSBsaWZlIC4uLgpUaGF0J3Mgd2h5IEkndmUgY29tZSB0byBhbiBpc2xhbmQgb2ZmIHRoZSBjb2FzdCBvZiBJemx1ZGUu,,,,,W0hlbGRlbl0KTWluaGEgdGVzZSDDqSBzb2JyZSB2aWRhIG1hcmluaGEuLi4KRm9pIHBvciBpc3NvIHF1ZSB2aW0gcHJhIHVtYSBpbGhhIHBlcnRvIGRhIGNvc3RhIGRlIEl6bHVkZS4=,,W0hlbGRlbl0KTWkgdGVzaXMgZXMgc29icmUgbGEgdmlkYSBtYXJpbmHigKYKUG9yIGVzbyB2aW5lIGEgdW5hIGlzbGEgZnJlbnRlIGEgbGEgY29zdGEgZGUgSXpsdWRlLg==
725wAw,,W0hlbGRlbl0KQnV0IGluIGZhY3QsIEkgY2Fubm90IGVudGVyIHRoZSBjYXZlcm4gb2YgdGhpcwpza3VsbC1sb29raW5nIGlzbGFuZC4gSXQncyB0b28gc2Nhcnku,,,,,W0hlbGRlbl0KTWFzIG7Do28gZMOhIG1lc21vIHByYSBlbnRyYXIgbmEgY2F2ZXJuYSBkYXF1ZWxhCmlsaGEgZW0gZm9ybWF0byBkZSBjYXZlaXJhLiDDiSBhc3N1c3RhZG9yYSBkZW1haXMu,,W0hlbGRlbl0KUGVybywgZGUgaGVjaG8sIG5vIHB1ZWRvIGVudHJhciBlbiBsYSBjdWV2YSBkZSBlc3RhCmlzbGEgY29uIGFzcGVjdG8gZGUgY2FsYXZlcmEuIEVzIGRlbWFzaWFkbyBhdGVycmFkb3JhLg==
8G5wAw,,W0hlbGRlbl0KUGx1cywgdGhleSBzYXkgdGhhdCB0aGVyZSBhcmUgcnVpbnMgdW5kZXIgdGhlIGlzbGFuZC4KLi4uIEknZCBiZXR0ZXIgbm90IGdvIHRoZXJlIGFsb25lLg==,,,,,W0hlbGRlbl0KQWzDqW0gZGlzc28sIGRpemVtIHF1ZSBow6EgcnXDrW5hcyBlbWJhaXhvIGRhIGlsaGEuCi4uLkFjaG8gbWVsaG9yIG7Do28gaXIgc296aW5oby4=,,W0hlbGRlbl0KQWRlbcOhcywgZGljZW4gcXVlIGhheSBydWluYXMgYmFqbyBsYSBpc2xhLgrigKYgU2Vyw6EgbWVqb3IgcXVlIG5vIHZheWEgc29sby4=
8W5wAw,,W0hlbGRlbl0KSSd2ZSBiZWVuIGhlYWRpbmcgYmFjayBhbmQgZm9ydGggYmV0d2VlbiBoZXJlIGFuZCBJemx1ZGUuIFBob250ZXMgdG9sZCBtZQp0aGF0IGhlIHdvdWxkIHNlbmQgbWUgc29tZSBoZWxwLg==,,,,,W0hlbGRlbl0KVGVuaG8gZmVpdG8gZXNzZSBjYW1pbmhvIGVudHJlIGFxdWkgZSBJemx1ZGUgZGlyZXRvLiBPIFBob250ZXMgbWUgZGlzc2UgcXVlCmlhIG1hbmRhciBhbGd1w6ltIHByYSBtZSBhanVkYXIu,,W0hlbGRlbl0KSGUgZXN0YWRvIHllbmRvIHkgdmluaWVuZG8gZW50cmUgSXpsdWRlIHkgZXN0ZSBsdWdhci4gUGhvbnRlcyBtZSBkaWpvCnF1ZSBlbnZpYXLDrWEgYXl1ZGEu
8m5wAw,,W0hlbGRlbl0KV2VsbCwgbGV0J3MgZ2V0IHRvIHdvcmsuCkl0IHdvbid0IGJlIHRvbyBkaWZmaWN1bHQu,,,,,W0hlbGRlbl0KQmVtLCB2YW1vcyBhbyB0cmFiYWxoby4KTsOjbyBzZXLDoSBtdWl0byBkaWbDrWNpbC4=,,W0hlbGRlbl0KQnVlbm8sIG1hbm9zIGEgbGEgb2JyYS4KTm8gc2Vyw6EgdGFuIGRpZsOtY2lsLg==
825wAw,,W0hlbGRlbl0KUGxlYXNlIGRlZmVhdCBeNEQ0REZGTWFyaW5hcyBhbmQgUGxhbmt0b25zXjAwMDAwMCBhdCB0aGUgXjRENERGRjFzdCBsZXZlbCBvZiB0aGUgdW5kZXJ3YXRlciBkdW5nZW9uXjAwMDAwMCwKYW5kIGJyaW5nIG1lIF40RDRERkYxMCBTaW5nbGUgQ2VsbHNeMDAwMDAwIQ==,,,,,W0hlbGRlbl0KUG9yIGZhdm9yLCBkZXJyb3RlIF40RDRERkZNYXJpbmFzIGUgUGzDom5jdG9uc14wMDAwMDAgbm8gXjRENERGRjHCuiBuw612ZWwgZG8gY2FsYWJvdcOnbyBzdWJhcXXDoXRpY29eMDAwMDAwLAplIG1lIHRyYWdhIF40RDRERkYxMCBDw6lsdWxhcyDDmm5pY2FzXjAwMDAwMCE=,,W0hlbGRlbl0KwqFEZXJyb3RhIGEgXjRENERGRk1hcmluYXMgeSBQbGFuY3Rvbl4wMDAwMDAgZW4gZWwgXjRENERGRnBpc28xIGRlIGxhIG1hem1vcnJhIHN1Ym1hcmluYV4wMDAwMDAKeSB0csOhZW1lIF40RDRERkYxMEPDqWx1bGFzIMO6bmljYXNeMDAwMDAwIQ==
9G5wAw,,W0hlbGRlbl0KT2gsIHRoYW5rIHlvdSB2ZXJ5IG11Y2ghCkRvIHlvdSBzZWUgaXQgZG93biB0aGVyZT8KVGhlIGVudHJhbmNlIGlzIG92ZXIgdGhlcmUu,,,,,W0hlbGRlbl0KQWgsIG11aXRvIG9icmlnYWRvIQpFc3TDoSB2ZW5kbyBhbGkgZW1iYWl4bz8KQSBlbnRyYWRhIMOpIHBvciBhbGku,,W0hlbGRlbl0KwqFNdWNoYXMgZ3JhY2lhcyEKwr9WZXMgYWjDrSBhYmFqbz8KTGEgZW50cmFkYSBlc3TDoSBwb3IgYWxsw60u
9W5wAw,,W0hlbGRlbl0KSSB3aWxsIGJlIHdhaXRpbmcgaGVyZSE=,,,,,W0hlbGRlbl0KRXN0YXJlaSBlc3BlcmFuZG8gYXF1aSE=,,W0hlbGRlbl0KwqFUZSBlc3BlcmFyw6kgYXF1w60h
9m5wAw,,QXJlIHlvdSBwbGFubmluZyB0byBlbnRlciB0aGUgZHVuZ2VvbiwgbWVvdz8gSGVyZSEgTG9vayBhdCBtZSwgbWVvdy4=,,,,,RXN0w6EgcGxhbmVqYW5kbyBlbnRyYXIgbm8gY2FsYWJvdcOnbywgbWlhdT8gQXF1aSEgT2xoZSBwYXJhIG1pbSwgbWlhdS4=,,wr9QbGFuZWFzIGVudHJhciBhIGxhIG1hem1vcnJhPyBNaWF1LiDCoUFxdcOtISBNw61yYW1lLiBNaWF1Lg==
925wAw,,W0hlbGRlbl0KSHVoPyBXaGF0IHRoZSAuLi4/CllvdSBzaG91bGRuJ3QgZG8gdGhhdC4KV2hhdCBzaG91bGQgSSBkbyAuLi4/,,,,,W0hlbGRlbl0KSMOjPyBNYXMgbyBxdWUuLi4/ClZvY8OqIG7Do28gZGV2ZXJpYSBmYXplciBpc3NvLgpPIHF1ZSBldSBkZXZvIGZhemVyIGFnb3JhLi4uPw==,,W0hlbGRlbl0Kwr9FaD8gwr9QZXJvIHF1w6nigKY/Ck5vIGRlYmVyw61hcyBoYWNlciBlc28uCsK/UXXDqSBkZWJvIGhhY2Vy4oCmPw==
+G5wAw,,W0hlbGRlbl0KVGhlIG1lcmNoYW50IG92ZXIgdGhlcmUgaGFzIHNvbWUgaW50ZXJlc3RpbmcgdGhpbmdzIHRvIHNlbGwuCkZvciBpbnN0YW5jZSwgdGhlcmUncyBhbiBvcmIgdGhhdCwgaWYgeW91IHN1Ym1lcmdlIGl0IGluIHdhdGVyLCB3aWxsIHNob3cgeW91IHRoZSBhbnN3ZXJzIGZvciB0b21vcnJvdydzIHRlc3Qh,,,,,W0hlbGRlbl0KTyBtZXJjYWRvciBkZSBsw6EgdGVtIHVtYXMgY29pc2FzIGludGVyZXNzYW50ZXMgcGFyYSB2ZW5kZXIuClBvciBleGVtcGxvLCBow6EgdW1hIG9yYmUgcXVlLCBzZSB2b2PDqiBtZXJndWxow6EtbGEgbmEgw6FndWEsIHJldmVsYSBhcyByZXNwb3N0YXMgZG8gdGVzdGUgZGUgYW1hbmjDoyE=,,W0hlbGRlbl0KRXNlIGNvbWVyY2lhbnRlIHRpZW5lIGFsZ3VuYXMgY29zYXMgaW50ZXJlc2FudGVzIHBhcmEgdmVuZGVyLgpQb3IgZWplbXBsbywgaGF5IHVuIG9yYmUgcXVlLCBzaSBsbyBzdW1lcmdlcyBlbiBhZ3VhLCDCoXRlIG11ZXN0cmEgbGFzIHJlc3B1ZXN0YXMgZGUgbGEgcHJ1ZWJhIGRlIG1hw7FhbmEh
+W5wAw,,W0hlbGRlbl0KbHQncyBzb21lIGtpbmQgb2YgTmlwcGVyIFRhbGlzbWFuIG9mIHNvcnRzLgpJIC4uLiBtYXkgaGF2ZSBwdXJjaGFzZWQgb25lIG9yIHR3byBmcm9tIGhpbSAuLi4KSXQnbGwgYWxsIHdvcmsgb3V0LCByaWdodD8=,,,,,W0hlbGRlbl0Kw4kgdW1hIGVzcMOpY2llIGRlIFRhbGlzbcOjIGRlIEdhcnJhIGRlIENydXN0w6FjZW8uCkV1Li4uIHRhbHZleiB0ZW5oYSBjb21wcmFkbyB1bSBvdSBkb2lzLi4uClZhaSBkYXIgdHVkbyBjZXJ0bywgbsOjbyDDqT8=,,W0hlbGRlbl0KRXMgY29tbyB1bmEgZXNwZWNpZSBkZSBUYWxpc23DoW4gZGUgcGluemFzLgpZb+KApiB0YWwgdmV6IGxlIGNvbXByw6kgdW5vIG8gZG9z4oCmClRvZG8gc2FsZHLDoSBiaWVuLCDCv3ZlcmRhZD8=
+m5wAw,,W0hlbGRlbl0KT2gsIGJpb2xvZ2ljYWwgc2FtcGxlcyB0ZW5kIHRvIGdvIGJhZCBwcmV0dHkgZmFzdC4KUGxlYXNlIGdvIGJyaW5nIHRoZW0gYWdhaW4gZm9yIG1lIHNvb24u,,,,,W0hlbGRlbl0KQWgsIGFzIGFtb3N0cmFzIGJpb2zDs2dpY2FzIGVzdHJhZ2FtIGJlbSByw6FwaWRvLgpQb3IgZmF2b3IsIHRyYWdhIG91dHJhcyBwYXJhIG1pbSBhc3NpbSBxdWUgcHVkZXIu,,W0hlbGRlbl0KQXksIGxhcyBtdWVzdHJhcyBiaW9sw7NnaWNhcyB0aWVuZGVuIGEgZXN0cm9wZWFyc2UgbXV5IHLDoXBpZG8uClRyw6FlbWUgb3RyYXMgcHJvbnRvLCBwb3IgZmF2b3Iu
+25wAw,,W0hlbGRlbl0KQ29tZSB0YWxrIHRvIG1lIGFnYWluIGFmdGVyIGEgd2hpbGUu,,,,,W0hlbGRlbl0KVm9sdGUgYSBmYWxhciBjb21pZ28gZGFxdWkgYSBwb3Vjby4=,,W0hlbGRlbl0KVnVlbHZlIGEgaGFibGFyIGNvbm1pZ28gZGVudHJvIGRlIHVuIHJhdG8u
/G5wAw,,W0hlbGRlbl0KSGVsbG8uCkFyZSB5b3UgaGVyZSB0byBoZWxwIG1lIGFnYWluPwpXZWxsLCBzYW1wbGVzIG9mIGxpZmUgZm9ybXMgLi4u,,,,,W0hlbGRlbl0KT2zDoS4KVmVpbyBtZSBhanVkYXIgb3V0cmEgdmV6PwpCb20sIGFtb3N0cmFzIGRlIGZvcm1hcyBkZSB2aWRhLi4u,,W0hlbGRlbl0KSG9sYS4Kwr9WaW5pc3RlIGEgYXl1ZGFybWUgb3RyYSB2ZXo/CkJ1ZW5vLCBzZSB0cmF0YSBkZSBlbmNvbnRyYXIgbXVlc3RyYXMgZGUgZm9ybWFzIGRlIHZpZGHigKY=
/W5wAw,,W0hlbGRlbl0KYW5kIGdldHRpbmcgdGhlIHNhbXBsZSBpdHNlbGYhCkkgbWVhbiAuLi4gdGhlIGhhcmRlc3QgcGFydCBpcyBwcmVzZXJ2aW5nIHRoZSBzYW1wbGVzLCBhcyB0aGV5IGdvIGJhZCBwcmV0dHkgZmFzdC4=,,,,,W0hlbGRlbl0KZSBjb25zZWd1aXIgYSBhbW9zdHJhIGrDoSDDqSBkaWbDrWNpbCEKUXVlciBkaXplci4uLiBhIHBpb3IgcGFydGUgw6kgcHJlc2VydsOhLWxhLiBFbGFzIHNlIGRldGVyaW9yYW0gcmFwaWRpbmhvLg==,,W0hlbGRlbl0KwqF5IGNvbnNlZ3VpciBlc2FzIG11ZXN0cmFzIQpFcyBkZWNpcuKApiBsbyBtw6FzIGRpZsOtY2lsIGVzIGNvbnNlcnZhciBsYXMgbXVlc3RyYXMsIHlhIHF1ZSBzZSBlc3Ryb3BlYW4gbXV5IHLDoXBpZG8u
/m5wAw,,W0hlbGRlbl0KSXQnZCBiZSBncmVhdCBpZiB5b3UgY291bGQgaGVscCBtZSBvbmNlIGFnYWluLgpUaGUgdGFzayBpcyB0aGUgc2FtZSBhcyBsYXN0IHRpbWUu,,,,,W0hlbGRlbl0KU2VyaWEgw7N0aW1vIHNlIHB1ZGVzc2UgbWUgYWp1ZGFyIG1haXMgdW1hIHZlei4KQSB0YXJlZmEgw6kgYSBtZXNtYSBkYSDDumx0aW1hIHZlei4=,,W0hlbGRlbl0KU2Vyw61hIGdyYW5kaW9zbyBzaSBwdWRpZXJhcyBheXVkYXJtZSB1bmEgdmV6IG3DoXMuCkxhIHRhcmVhIGVzIGxhIG1pc21hIHF1ZSBsYSDDumx0aW1hIHZlei4=
/25wAw,,RHVuZ2VvbiEgRGlkIHlvdSBnZXQgbXkgcXVlc3QsIHRvbywgbWVvdz8=,,,,,Q2FsYWJvdcOnbyEgVm9jw6ogdGFtYsOpbSByZWNlYmV1IG1pbmhhIG1pc3PDo28sIG1pYXU/,,wqFNYXptb3JyYSEgwr9UYW1iacOpbiByZWNpYmlzdGUgbWkgbWlzacOzbj8gTWlhdS4=
AG9wAw,,W0hlbGRlbl0KWW91J3JlIGJhY2shCkkndmUgYmVlbiBwZXJ1c2luZyB0aGUgZ29vZHMgdGhhdCB0aGF0IFdhbmRlcmluZyBNZXJjaGFudCBpcyBzZWxsaW5nIC4uLg==,,,,,W0hlbGRlbl0KVm9jw6ogdm9sdG91IQpFc3RpdmUgZGFuZG8gdW1hIG9saGFkYSBuYXMgbWVyY2Fkb3JpYXMgZGFxdWVsZSBNZXJjYWRvciBFcnJhbnRlLi4u,,W0hlbGRlbl0KwqFWb2x2aXN0ZSEKRXN0dXZlIGV4YW1pbmFuZG8gbGFzIG1lcmNhbmPDrWFzIHF1ZSB2ZW5kZSBlc2UgbWVyY2FkZXIgZXJyYW50ZeKApg==
AW9wAw,,W0hlbGRlbl0KTGV0J3Mgc2VlIHdoYXQgeW91IGJyb3VnaHQsIHRoZW4uCi4uLiBXb3csIHRoaXMgaXMgZ3JlYXQhCkkga25ldyB5b3Ugd291bGQgY29tcGxldGUgaXQgaW4gbm8gdGltZSE=,,,,,W0hlbGRlbl0KVmFtb3MgdmVyIG8gcXVlIHZvY8OqIHRyb3V4ZS4K4oCmVWF1LCBpc3NvIMOpIGluY3LDrXZlbCEKU2FiaWEgcXVlIHZvY8OqIGlhIGNvbnNlZ3VpciByYXBpZGluaG8h,,W0hlbGRlbl0KVmVhbW9zIHF1w6kgdHJhamlzdGUuCuKApiDCoVZheWEsIGV4Y2VsZW50ZSEKwqFTYWLDrWEgcXVlIGxvIGNvbXBsZXRhcsOtYXMgZW4gdW4gc2FudGlhbcOpbiE=
Am9wAw,,W0hlbGRlbl0KTXkgcGFwZXIgd2lsbCBiZSB0aGUgYmVzdCBldmVyLAp0aGFua3MgdG8geW91IQpUaGFuayB5b3Ugc28gbXVjaC4=,,,,,W0hlbGRlbl0KTWV1IHRyYWJhbGhvIHNlcsOhIG8gbWVsaG9yIGRlIHRvZG9zLApncmHDp2FzIGEgdm9jw6ohCkFncmFkZcOnbyBtdWl0by4=,,W0hlbGRlbl0KwqFNaSBpbnZlc3RpZ2FjacOzbiBzZXLDoSBsYSBtZWpvciBkZSB0b2RhcywKeSBlcyBncmFjaWFzIGEgdGkhCk11Y2hhcyBncmFjaWFzLg==
A29wAw,,W0hlbGRlbl0KSSB0aGluayB0aGVyZSBhcmVuJ3QgZW5vdWdoIFNpbmdsZSBDZWxscy4KLi4uIEkgbmVlZCBhdCBsZWFzdCAxMCBmb3IgbXkgc3R1ZGllcy4=,,,,,W0hlbGRlbl0KQWNobyBxdWUgbsOjbyB0ZW0gQ8OpbHVsYXMgw5puaWNhcyBzdWZpY2llbnRlcy4KUHJlY2lzbyBkZSBwZWxvIG1lbm9zIDEwIHBhcmEgbWluaGEgcGVzcXVpc2Eu,,W0hlbGRlbl0KQ3JlbyBxdWUgbm8gaGF5IHN1ZmljaWVudGVzIEPDqWx1bGFzIMO6bmljYXMuCuKApiBOZWNlc2l0byBhbCBtZW5vcyAxMHBhcmEgbWlzIGVzdHVkaW9zLg==
BG9wAw,,W0hlbGRlbl0KUGxlYXNlIGdvIGZpbmQgbW9yZS4gVGhleSBhcmUgY3J1Y2lhbCBmb3IgbXkgc3R1ZHku,,,,,W0hlbGRlbl0KUG9yIGZhdm9yLCBwcm9jdXJlIG1haXMuIFPDo28gZXNzZW5jaWFpcyBwYXJhIG1pbmhhIHBlc3F1aXNhLg==,,W0hlbGRlbl0KVmUgYSBidXNjYXIgbcOhcywgcG9yIGZhdm9yLiBTb24gY3J1Y2lhbGVzIHBhcmEgbWkgZXN0dWRpby4=
BW9wAw,,V2FuZGVyaW5nIE1lcmNoYW50,,,,,TWVyY2Fkb3IgRXJyYW50ZQ==,,V2FuZGVyaW5nIE1lcmNoYW50
Bm9wAw,,W1dhbmRlcmluZyBNZXJjaGFudF0KSSBhbSBhIGNsaWVudCwgYW5kIHlvdSBhcmUgYW4gQWR2ZW50dXJlciwgbWVvdy4=,,,,,W01lcmNhZG9yIEVycmFudGVdCkV1IHNvdSB1bSBjbGllbnRlIGUgdm9jw6ogw6kgdW0gQXZlbnR1cmVpcm8sIG1pYXUu,,W0NvbWVyY2lhbnRlIGVycmFudGVdCllvIHNveSBjbGllbnRlLCB5IHTDuiBlcmVzIHRyb3RhbXVuZG9zLiBNaWF1Lg==
B29wAw,,XjRENERGRlF1ZXN0IFByZXJlcXVpc2l0ZXM6CkVkZW4gR3JvdXAgcXVlc3QgW1JvdyB3aXRoIHRoZSBUaWRlXSBjb21wbGV0ZWQ7IENvb2xkb3duIHJlc2V0Ll4wMDAwMDA=,,,,,XjRENERGRlByw6ktcmVxdWlzaXRvcyBkYSBtaXNzw6NvOgpNaXNzw6NvIGRvIEdydXBvIMOJZGVuIFtOYXZlZ2FyIGNvbSBhIE1hcsOpXSBjb25jbHXDrWRhOyB0ZW1wbyBkZSBlc3BlcmEgcmVpbmljaWFkby5eMDAwMDAw,,XjRENERGRlJlcXVpc2l0b3MgcHJldmlvcyBkZSBsYSBtaXNpw7NuOgpNaXNpw7NuIFtTZWd1aXIgbGEgY29ycmllbnRlXSBkZWwgR3J1cG8gZGUgRWTDqW4gY29tcGxldGFkYTsgdGllbXBvIGRlIGVzcGVyYSByZXN0YWJsZWNpZG8uXjAwMDAwMA==
CG9wAw,,W1dhbmRlcmluZyBNZXJjaGFudF0KSSd2ZSBoZWFyZCB0aGF0IHlvdSBhcmUgaGVhZGluZyB0byB0aGUgdW5kZXJ3YXRlciBkdW5nZW9uLCBhcmUgeW91IG5vdCwgbWVvdz8=,,,,,W01lcmNhZG9yIEVycmFudGVdCk91dmkgZGl6ZXIgcXVlIHZvY8OqIGVzdMOhIGluZG8gcGFyYSBvIGNhbGFib3XDp28gc3ViYXF1w6F0aWNvLCBuw6NvIMOpIG1lc21vLCBtaWF1Pw==,,W0NvbWVyY2lhbnRlIGVycmFudGVdCkVzY3VjaMOpIHF1ZSB0ZSBkaXJpZ2VzIGEgbGEgbWF6bW9ycmEgc3VibWFyaW5hLCDCv3ZlcmRhZD8gTWlhdS4=
CW9wAw,,W1dhbmRlcmluZyBNZXJjaGFudF0KQ291bGQgeW91IGRvIG1lIGEgZmF2b3IsIG1lb3c/CkkndmUgYmVlbiB0cmF2ZWxpbmcgaGVyZSBhbmQgdGhlcmUsIGluIHNlYXJjaCBvZiBhIGhvdCBpdGVtIHRvIHNlbGwsIGFuZCBJIGNhbWUgdXAgd2l0aCBhbiBpZGVhLCBtZW93Lg==,,,,,W01lcmNhZG9yIEVycmFudGVdClBvZGUgbWUgZmF6ZXIgdW0gZmF2b3IsIG1pYXU/CkV1IHRlbmhvIHZpYWphZG8gcG9yIGHDrSBlbSBidXNjYSBkZSBpdGVucyBpbnRlcmVzc2FudGVzIHBhcmEgdmVuZGVyIGUgdGl2ZSB1bWEgaWRlaWEsIG1pYXUu,,W0NvbWVyY2lhbnRlIGVycmFudGVdCsK/UG9kcsOtYXMgaGFjZXJtZSB1biBmYXZvcj8gTWlhdS4KTGxldm8gdGllbXBvIHZpYWphZG8gZGUgYXF1w60gcGFyYSBhbGzDoSBlbiBidXNjYSBkZSB1biBvYmpldG8gcG9wdWxhciBwYXJhIHZlbmRlciB5IHNlIG1lIG9jdXJyacOzIHVuYSBpZGVhLiBNaWF1Lg==
Cm9wAw,,W1dhbmRlcmluZyBNZXJjaGFudF0KSXQgd29uJ3QgYmUgdG9vIGRpZmZpY3VsdCBmb3IgeW91LCBtZW93LgpBbGwgeW91IGhhdmUgdG8gZG8gaXMgXjRENERGRmRlZmVhdCBWYWRvbiBhbmQgYnJpbmcgbWUgdGhlaXIgTmlwcGVyc14wMDAwMDAsIG1lb3cu,,,,,W01lcmNhZG9yIEVycmFudGVdCk7Do28gc2Vyw6EgbXVpdG8gZGlmw61jaWwgcGFyYSB2b2PDqiwgbWlhdSEKVHVkbyBvIHF1ZSBwcmVjaXNhIGZhemVyIMOpIF40RDRERkZkZXJyb3RhciBWYWRvbiBlIG1lIHRyYXplciBzdWFzIEdhcnJhcyBkZSBDcnVzdMOhY2VvXjAwMDAwMCwgbWlhdS4=,,W0NvbWVyY2lhbnRlIGVycmFudGVdCk5vIHNlcsOhIG11eSBkaWbDrWNpbCBwYXJhIHRpLiBNaWF1LgpTb2xvIHRpZW5lcyBxdWUgXjRENERGRmRlcnJvdGFzIGEgbG9zIFZhZG9uIHkgdHJhZXJtZSBzdXMgUGluemFzXjAwMDAwMC4gTWlhdS4=
C29wAw,,W1dhbmRlcmluZyBNZXJjaGFudF0KT2gsIHJlYWxseT8KVGhlbiBnbyB0byB0aGUgVW5kZXJzZWEgVHVubmVsLCBeNEQ0REZGZGVmZWF0IFZhZG9uLCBhbmQgYnJpbmcgbWUgNSBOaXBwZXJzXjAwMDAwMCwgbWVvdy4=,,,,,W01lcmNhZG9yIEVycmFudGVdCkFoLCDDqSBtZXNtbz8KRW50w6NvIHbDoSBhdMOpIG8gVMO6bmVsIFN1Ym1hcmlubywgXjRENERGRmRlcnJvdGUgVmFkb24gZSBtZSB0cmFnYSA1IEdhcnJhcyBkZSBDcnVzdMOhY2VvXjAwMDAwMCwgbWlhdS4=,,W0NvbWVyY2lhbnRlIGVycmFudGVdCkFoLCDCv2RlIHZlcmRhZD8KRW50b25jZXMsIHZlIGFsIHTDum5lbCBzdWJtYXJpbm8sIF40RDRERkZlbGltaW5hIGEgbG9zIFZhZG9uIHkgdHLDoWVtZSA1UGluemFzXjAwMDAwMC4gTWlhdS4=
DG9wAw,,W1dhbmRlcmluZyBNZXJjaGFudF0KSSB3aWxsIGJlIGhlcmUsIHRhbGtpbmcgdG8gdGhhdCBzdHVkZW50IG92ZXIgdGhlcmUsIG1lb3cuCkJlIHNhZmUsIG1lb3cu,,,,,W01lcmNhZG9yIEVycmFudGVdCkZpY2FyZWkgYXF1aSBjb252ZXJzYW5kbyBjb20gYXF1ZWxlIGVzdHVkYW50ZSBhbGksIG1pYXUuCkZpcXVlIGJlbSwgbWlhdS4=,,W0NvbWVyY2lhbnRlIGVycmFudGVdCkVzdGFyw6kgYXF1w60sIGhhYmxhbmRvIGNvbiBlc2UgZXN0dWRpYW50ZS4gTWlhdS4KQ3XDrWRhdGUuIE1pYXUu
DW9wAw,,W1dhbmRlcmluZyBNZXJjaGFudF0KSGEhIE5vPwpEbyBJIGhhdmUgdG8gZmluZCBhbm90aGVyIHBlcnNvbiwgbWVvdz8KLi4uIChTaWdoKSAuLi4gSSBjYW5ub3QgZm9yY2UgeW91IHRvIGRvIGl0LCBtZW93IC4uLg==,,,,,W01lcmNhZG9yIEVycmFudGVdCkhhISBOw6NvPwpUZW5obyBxdWUgZW5jb250cmFyIG91dHJhIHBlc3NvYSwgbWlhdT8KLi4uIChTdXNwaXJvKSAuLi4gTsOjbyBwb3NzbyB0ZSBvYnJpZ2FyIGEgZmF6ZXIgaXNzbywgbWlhdS4uLg==,,W0NvbWVyY2lhbnRlIGVycmFudGVdCsKhSmEhIMK/Tm8/CsK/VGVuZ28gcXVlIGJ1c2NhciBhIGFsZ3VpZW4gbcOhcz8gTWlhdS4K4oCmICpTdXNwaXJh4oCmKiBObyBwdWVkbyBvYmxpZ2FydGUgYSBoYWNlcmxvLiBNaWF14oCm
Dm9wAw,,W1dhbmRlcmluZyBNZXJjaGFudF0KTWVvdyAuLi4gSSB3YW50IGEgc3VwZXIgYXdlc29tZSBpdGVtLCBtZW93IC4uLgpJIGhhdmUgdG8gZmluZCBzb21ldGhpbmcsIGFzIEkgaGF2ZSB0cmF2ZWxlZCB2ZXJ5IGZhciwgbWVvdy4=,,,,,W01lcmNhZG9yIEVycmFudGVdCk1pYXUuLi4gUXVlcm8gdW0gaXRlbSBzdXBlciBpbmNyw612ZWwsIG1pYXUuLi4KUHJlY2lzbyBlbmNvbnRyYXIgYWxnbywgcG9pcyB2aWFqZWkgbXVpdG8gbG9uZ2UsIG1pYXUuLi4=,,W0NvbWVyY2lhbnRlIGVycmFudGVdCipNaWF14oCmKiBRdWllcm8gdW4gb2JqZXRvIHN1cGVyaW5jcmXDrWJsZS4gTWlhdeKApgpUZW5nbyBxdWUgZW5jb250cmFyIGFsZ28sIHlhIHF1ZSB2aWFqw6kgZGVzZGUgbXV5IGxlam9zLiBNaWF1Lg==
D29wAw,,W1dhbmRlcmluZyBNZXJjaGFudF0KSSdkIGJldHRlciBsb29rIGFyb3VuZCBjYXJlZnVsbHkgYW5kIHNlZSBpZiB0aGVyZSdzIGFueXRoaW5nIG5pY2UsIG1lb3cuCk1lb3cgLi4uIEkgbXVzdCBkYXJ0IG15IGV5ZXMgbGlrZSBhIGhhd2sgc2VhcmNoaW5nIGZvciBpdHMgcHJleSwgbWVvdy4=,,,,,W01lcmNhZG9yIEVycmFudGVdCk1lbGhvciBldSBkYXIgdW1hIGJvYSBvbGhhZGEgZSB2ZXIgc2UgZW5jb250cm8gYWxnbyBpbnRlcmVzc2FudGUsIG1pYXUuCk1pYXUuLi4gVGVuaG8gcXVlIGZpY2FyIGF0ZW50byBjb21vIHVtIGZhbGPDo28gw6AgZXNwcmVpdGEsIG1pYXUu,,W0NvbWVyY2lhbnRlIGVycmFudGVdClNlcsOhIG1lam9yIHF1ZSBvYnNlcnZlIGNvbiBjdWlkYWRvIHkgdmVhIHNpIGhheSBhbGdvIGJvbml0by4gTWlhdS4KKk1pYXXigKYqIERlYm8gbW92ZXIgbWlzIG9qb3MgY29tbyB1biBoYWxjw7NuIGVuIGJ1c2NhIGRlIHN1IHByZXNhLiBNaWF1Lg==
EG9wAw,,W1dhbmRlcmluZyBNZXJjaGFudF0KUGxlYXNlIGdvIHRvIHRoZSBVbmRlcnNlYSBUdW5uZWwsIF40RDRERkZkZWZlYXQgVmFkb24sIGFuZCBicmluZyBtZSA1IE5pcHBlcnNeMDAwMDAwLg==,,,,,W01lcmNhZG9yIEVycmFudGVdClBvciBmYXZvciwgdsOhIGF0w6kgbyBUw7puZWwgU3VibWFyaW5vLCBeNEQ0REZGZGVycm90ZSBWYWRvbiBlIG1lIHRyYWdhIDUgR2FycmFzIGRlIENydXN0w6FjZW9eMDAwMDAwLg==,,W0NvbWVyY2lhbnRlIGVycmFudGVdClZlIGFsIHTDum5lbCBzdWJtYXJpbm8sIF40RDRERkZlbGltaW5hIGEgbG9zIFZhZG9uIHkgdHLDoWVtZSA1UGluemFzXjAwMDAwMC4=
EW9wAw,,W1dhbmRlcmluZyBNZXJjaGFudF0KT2gsIHRoYXQncyBpdCwgbWVvdyEKSSBjYW4gbWFrZSBhIE5pcHBlciBUYWxpc21hbiB3aXRoIHRoYXQhCkhhaGFoYSwgbWVvdyE=,,,,,W01lcmNhZG9yIEVycmFudGVdCkFoLCDDqSBpc3NvIG1lc21vLCBtaWF1IQpDb20gaXNzbyBhcXVpIHBvc3NvIGZhemVyIHVtIFRhbGlzbcOjIGRlIEdhcnJhIGRlIENydXN0w6FjZW8hCkhhaGFoYSwgbWlhdSE=,,W0NvbWVyY2lhbnRlIGVycmFudGVdCsKhRXNvIGVzISBNaWF1LgrCoVB1ZWRvIHVzYXJsYXMgcGFyYSBoYWNlciB1biBUYWxpc23DoW4gZGUgcGluemFzIQrCoUphLCBqYSwgamEsIG1pYXUh
Em9wAw,,W1dhbmRlcmluZyBNZXJjaGFudF0KVGhlcmUgYXJlIHBsZW50eSBvZiBzdHVkZW50cy4KVGhleSBhcmUgbXkgbWFpbiBjdXN0b21lcnMgd2hvIHdpbGwgZXZlbnR1YWxseSBwdXJjaGFzZSBteSBOaXBwZXIgVGFsaXNtYW4sIGEgbWFnaWNhbCBjaGFybSB0aGF0IHJldmVhbHMgdGhlIGFuc3dlcnMgb24gYSB0ZXN0LCBtZW93IQ==,,,,,W01lcmNhZG9yIEVycmFudGVdClRlbSBtdWl0b3MgZXN0dWRhbnRlcyBwb3IgYXF1aS4KRWxlcyBzw6NvIG1ldXMgcHJpbmNpcGFpcyBjbGllbnRlcyBlIHNlbXByZSBhY2FiYW0gY29tcHJhbmRvIG1ldSBUYWxpc23DoyBkZSBHYXJyYSBkZSBDcnVzdMOhY2VvLCB1bSBhbXVsZXRvIG3DoWdpY28gcXVlIHJldmVsYSBhcyByZXNwb3N0YXMgZGUgcHJvdmFzISBNaWF1IQ==,,W0NvbWVyY2lhbnRlIGVycmFudGVdCkhheSBtdWNob3MgZXN0dWRpYW50ZXMuClNvbiBtaXMgY2xpZW50ZXMgcHJpbmNpcGFsZXMgcXVlIGFjYWJhbiBjb21wcmFuZG8gZWwgVGFsaXNtw6FuIGRlIHBpbnphcywgdW4gYW11bGV0byBtw6FnaWNvIHF1ZSByZXZlbGEgbGFzIHJlc3B1ZXN0YXMgZGUgdW5hIHBydWViYS4gwqFNaWF1IQ==
E29wAw,,W1dhbmRlcmluZyBNZXJjaGFudF0KTWVvdz8KSSB0aGluayB0aGVyZSBhcmVuJ3QgZW5vdWdoIE5pcHBlcnMsIG1lb3cuCkkgbmVlZCA1IE5pcHBlcnMsIG1lb3cgLi4uCkkgcmVhbGx5IG5lZWQgdGhlbSwgbWVvdy4=,,,,,W01lcmNhZG9yIEVycmFudGVdCk1pYXU/CkFjaG8gcXVlIG7Do28gaMOhIEdhcnJhcyBkZSBDcnVzdMOhY2VvIHN1ZmljaWVudGVzLCBtaWF1LgpQcmVjaXNvIGRlIDUgR2FycmFzIGRlIENydXN0w6FjZW8sIG1pYXUgLi4uCkV1IHJlYWxtZW50ZSBwcmVjaXNvIGRlbGFzLCBtaWF1Lg==,,W0NvbWVyY2lhbnRlIGVycmFudGVdCirCv01pYXU/KgpDcmVvIHF1ZSBubyBoYXkgc3VmaWNpZW50ZXMgUGluemFzLiBNaWF1LgpOZWNlc2l0byA1UGluemFzLCBtaWF14oCmCkRlIHZlcmRhZCBsYXMgbmVjZXNpdG8uIE1pYXUu
FG9wAw,,W1dhbmRlcmluZyBNZXJjaGFudF0KSGFoYWhhLCB3aGF0IGEga2luZCBzdHVkZW50LCBtZW93LgpUaGF0IHN0dWRlbnQgcHVyY2hhc2VkIG15IE5pcHBlciBUYWxpc21hbi4=,,,,,W01lcmNhZG9yIEVycmFudGVdCkhhaGFoYSwgcXVlIGVzdHVkYW50ZSBnZW50aWwsIG1pYXUuCkVzc2UgYWx1bm8gY29tcHJvdSBtZXUgVGFsaXNtw6MgZGUgR2FycmEgZGUgQ3J1c3TDoWNlby4=,,W0NvbWVyY2lhbnRlIGVycmFudGVdCkphLCBqYSwgamEsIHF1w6kgZXN0dWRpYW50ZSBtw6FzIGFtYWJsZS4gTWlhdS4KRXNlIGVzdHVkaWFudGUgY29tcHLDsyBtaSBUYWxpc23DoW4gZGUgcGluemFzLg==
FW9wAw,,W1dhbmRlcmluZyBNZXJjaGFudF0KSSBzaG91bGQgYnJpbmcgc29tZSBtb3BzIHRvIHdpcGUgdGhlIGZsb29yIHdpdGggcGVza3kgdGVzdHMsCmFuZCBhIGZvcmsgdGhhdCBzaG93cyBzdHVkZW50cyB0aGUgcmlnaHQgYW5zd2VyLCBtZW93Lg==,,,,,W01lcmNhZG9yIEVycmFudGVdCkV1IGRldmlhIGxldmFyIHVucyBlc2ZyZWfDtWVzIHBhcmEgdmFycmVyIG9zIHRlc3RlcyBjaGF0b3MsCmUgdW0gZ2FyZm8gcXVlIG1vc3RyYSBhIHJlc3Bvc3RhIGNlcnRhIHBhcmEgb3MgZXN0dWRhbnRlcywgbWlhdSE=,,W0NvbWVyY2lhbnRlIGVycmFudGVdCkRlYmVyw61hIHRyYWVyIHRyYXBlYWRvcmVzIHBhcmEgbGltcGlhciBlbCBzdWVsbyBjb24gbGFzIHBydWViYXMsCnkgdW4gdGVuZWRvciBwYXJhIG1vc3RyYXJsZXMgYSBsb3MgZXN0dWRpYW50ZXMgbGEgcmVzcHVlc3RhIGNvcnJlY3RhLiBNaWF1Lg==
Fm9wAw,,W1dhbmRlcmluZyBNZXJjaGFudF0KSGFoYSAuLi4gSSdkIGJldHRlciBtYWtlIG1vcmUgTmlwcGVyIFRhbGlzbWFucyBmb3Igb3RoZXIgY3VzdG9tZXJzLgpJIHdpbGwgbmVlZCBtb3JlIE5pcHBlcnMgdG9tb3Jyb3csIG1lb3cu,,,,,W01lcmNhZG9yIEVycmFudGVdCkhhaGEgLi4uIMOJIG1lbGhvciBldSBmYXplciBtYWlzIFRhbGlzbcOjcyBkZSBHYXJyYSBkZSBDcnVzdMOhY2VvIHBhcmEgb3V0cm9zIGNsaWVudGVzLgpWb3UgcHJlY2lzYXIgZGUgbWFpcyBHYXJyYXMgZGUgQ3J1c3TDoWNlbyBhbWFuaMOjLCBtaWF1Lg==,,W0NvbWVyY2lhbnRlIGVycmFudGVdCkphLCBqYeKApiBTZXLDoSBtZWpvciBxdWUgaGFnYSBtw6FzIFRhbGlzbWFuZXMgZGUgcGluemFzIHBhcmEgb3Ryb3MgY2xpZW50ZXMuCk1hw7FhbmEgbmVjZXNpdGFyw6kgbcOhcyBQaW56YXMuIE1pYXUu
F29wAw,,W1dhbmRlcmluZyBNZXJjaGFudF0KTWVvdyAuLi4gSXQncyB0aW1lLgpXaGF0IHNheSB5b3UsIG1lb3c/CkNhbiB5b3UgZ28gZ2V0IG1lIHNvbWUgTmlwcGVycyB0b2RheSwgbWVvdz8=,,,,,W01lcmNhZG9yIEVycmFudGVdCk1pYXUuLi4gSsOhIGVzdMOhIG5hIGhvcmEuCk8gcXVlIGFjaGEsIG1pYXU/ClZvY8OqIHBvZGUgbWUgY29tcHJhciBhbGd1bWFzIEdhcnJhcyBkZSBDcnVzdMOhY2VvIGhvamUsIG1pYXU/,,W0NvbWVyY2lhbnRlIGVycmFudGVdCipNaWF14oCmKiBZYSBlcyBob3JhLgrCv1F1w6kgZGljZXM/IE1pYXUuCsK/UHVlZGVzIHRyYWVybWUgYWxndW5hcyBQaW56YXMgaG95PyBNaWF1Lg==
GG9wAw,,W1dhbmRlcmluZyBNZXJjaGFudF0KVGhlbiBnbyB0byB0aGUgXjRENERGRnVuZGVyd2F0ZXIgZHVuZ2Vvbl4wMDAwMDAsIF40RDRERkZkZWZlYXQgVmFkb25eMDAwMDAwLAphbmQgYnJpbmcgbWUgXjRENERGRjUgTmlwcGVyc14wMDAwMDAu,,,,,W01lcmNhZG9yIEVycmFudGVdCkVudMOjbyB2w6EgcGFyYSBvIF40RDRERkZjYWxhYm91w6dvIHN1YmFxdcOhdGljb14wMDAwMDAsIF40RDRERkZkZXJyb3RlIFZhZG9uXjAwMDAwMCwKZSBtZSB0cmFnYSBeNEQ0REZGNSBHYXJyYXMgZGUgQ3J1c3TDoWNlb14wMDAwMDAu,,W0NvbWVyY2lhbnRlIGVycmFudGVdClZlIGEgbGEgXjRENERGRm1hem1vcnJhIHN1Ym1hcmluYV4wMDAwMDAsIF40RDRERkZkZXJyb3RhIGEgbG9zIFZhZG9uXjAwMDAwMAp5IHRyw6FlbWUgXjRENERGRjVQaW56YXNeMDAwMDAwLg==
GW9wAw,,W1dhbmRlcmluZyBNZXJjaGFudF0KSSB3aWxsIGdvIHRhbGsgdG8gdGhhdCBzdHVkZW50LCBzbyBJIGNhbiBzZWxsIG1vcmUgbWVyY2hhbmRpc2UsIG1lb3cuCkkgZGlkbid0IGtub3cgYmVjb21pbmcgcmljaCB3YXMgc28gZWFzeSE=,,,,,W01lcmNhZG9yIEVycmFudGVdClZvdSBmYWxhciBjb20gYXF1ZWxlIGVzdHVkYW50ZSBwYXJhIHZlbmRlciBtYWlzIG1lcmNhZG9yaWFzLCBtaWF1LgpFdSBuw6NvIHNhYmlhIHF1ZSBmaWNhciByaWNvIGVyYSB0w6NvIGbDoWNpbCE=,,W0NvbWVyY2lhbnRlIGVycmFudGVdCklyw6kgYSBoYWJsYXIgY29uIGVzZSBlc3R1ZGlhbnRlLCBhc8OtIHZlbmRlcsOpIG3DoXMgbWVyY2FuY8OtYS4gTWlhdS4KwqFObyBzYWLDrWEgcXVlIGhhY2Vyc2UgcmljbyBmdWVyYSB0YW4gZsOhY2lsIQ==
Gm9wAw,,W1dhbmRlcmluZyBNZXJjaGFudF0KTWVvdyAuLi4gSXQncyBva2F5LiBJJ3ZlIGFscmVhZHkgc2VudCBteSBxdWVzdCB0byB0aGUgRWRlbiBHcm91cCwgbWVvdy4KSSBhbSBhIGdlbmVyb3VzIGNhdCwgbWVvdy4=,,,,,W01lcmNhZG9yIEVycmFudGVdCk1pYXUuLi4gVHVkbyBjZXJ0by4gSsOhIG1hbmRlaSBtaW5oYSBtaXNzw6NvIHBhcmEgbyBHcnVwbyDDiWRlbiwgbWlhdS4KU291IHVtIGdhdG8gZ2VuZXJvc28sIG1pYXUu,,W0NvbWVyY2lhbnRlIGVycmFudGVdCipNaWF14oCmKiBFc3TDoSBiaWVuLiBZYSBlbnZpw6kgbWkgbWlzacOzbiBhbCBHcnVwbyBkZSBFZMOpbi4gTWlhdS4KU295IHVuIGdhdG8gZ2VuZXJvc28uIE1pYXUu
G29wAw,,W1dhbmRlcmluZyBNZXJjaGFudF0KV293LCBJIGd1ZXNzIEkgY2FuIG1ha2UgbW9yZSBvZiB0aG9zZSBOaXBwZXIgVGFsaXNtYW5zLCBtZW93IQ==,,,,,W01lcmNhZG9yIEVycmFudGVdClVhdSwgYWNobyBxdWUgY29uc2lnbyBmYXplciBtYWlzIGRhcXVlbGVzIFRhbGlzbcOjcyBkZSBHYXJyYSBkZSBDcnVzdMOhY2VvLCBtaWF1IQ==,,W0NvbWVyY2lhbnRlIGVycmFudGVdCsKhVmF5YSwgc3Vwb25nbyBxdWUgcHVlZG8gaGFjZXIgbcOhcyBkZSBlc29zIFRhbGlzbWFuZXMgZGUgcGluemFzISDCoU1pYXUh
HG9wAw,,W1dhbmRlcmluZyBNZXJjaGFudF0KVGhlcmUgYXJlIHBsZW50eSBvZiBzdHVkZW50cy4KU2VlPyBUaGVyZSdzIG9uZSwgbWVvdyEKVGhleSBhcmUgbXkgbWFpbiBjdXN0b21lcnMgd2hvIHdpbGwgZXZlbnR1YWxseSBwdXJjaGFzZSBteSBOaXBwZXIgVGFsaXNtYW4sIGEgbWFnaWNhbCBjaGFybSB0aGF0IHJldmVhbHMgdGhlIGFuc3dlcnMgb24gYSB0ZXN0LCBtZW93IQ==,,,,,W01lcmNhZG9yIEVycmFudGVdClRlbSBtdWl0b3MgZXN0dWRhbnRlcyBwb3IgYXF1aS4KRXN0w6EgdmVuZG8/IEFsaSB0ZW0gdW0hIE1pYXUhCkVsZXMgc8OjbyBtZXVzIHByaW5jaXBhaXMgY2xpZW50ZXMgZSBzZW1wcmUgYWNhYmFtIGNvbXByYW5kbyBtZXUgVGFsaXNtw6MgZGUgR2FycmEgZGUgQ3J1c3TDoWNlbywgdW0gYW11bGV0byBtw6FnaWNvIHF1ZSByZXZlbGEgYXMgcmVzcG9zdGFzIGRlIHByb3ZhcyEgTWlhdSE=,,W0NvbWVyY2lhbnRlIGVycmFudGVdCkhheSBtdWNob3MgZXN0dWRpYW50ZXMuCsK/VmVzPyDCoUFow60gaGF5IHVubyEgTWlhdS4KU29uIG1pcyBjbGllbnRlcyBwcmluY2lwYWxlcyBxdWUgYWNhYmFuIGNvbXByYW5kbyBlbCBUYWxpc23DoW4gZGUgcGluemFzLCB1biBhbXVsZXRvIG3DoWdpY28gcXVlIHJldmVsYSBsYXMgcmVzcHVlc3RhcyBkZSB1bmEgcHJ1ZWJhLiDCoU1pYXUh
HW9wAw,,W1dhbmRlcmluZyBNZXJjaGFudF0KQXJlIHlvdSBwbGFubmluZyB0byBnbyB0byB0aGUgdW5kZXJ3YXRlciBkdW5nZW9uIHRvZGF5LCBtZW93PwpJIGhhdmUgYSBxdWVzdCBmb3IgeW91LCBpZiB5b3UgYXJlLg==,,,,,W01lcmNhZG9yIEVycmFudGVdClZhaSBwYXJhIG8gY2FsYWJvdcOnbyBzdWJhcXXDoXRpY28gaG9qZSwgbWlhdT8KVGVuaG8gdW1hIG1pc3PDo28gcGVyZmVpdGEgcGFyYSB2b2PDqiE=,,W0NvbWVyY2lhbnRlIGVycmFudGVdCsK/UGllbnNhcyBpciBhIGxhIG1hem1vcnJhIHN1Ym1hcmluYSBob3k/IE1pYXUuClNpIHZhcywgdGVuZ28gdW5hIG1pc2nDs24gcGFyYSB0aS4=
Hm9wAw,,TWVtYmVyIEVybmVzdA==,,,,,TWVtYnJvIEVybmVzdA==,,TWVtYmVyIEVybmVzdA==
H29wAw,,W0VybmVzdF0KQXJlIHlvdSAuLi4gcGxhbm5pbmcgdG8gZ28gZG93biB0aGVyZT8KQmUgY2FyZWZ1bC4gVGhlIHBsYWNlIGNhbiBiZSBkYW5nZXJvdXMuCllvdSBjb3VsZCBnZXQgaHVydCwganVzdCBsaWtlIG1lLg==,,,,,W0VybmVzdF0KVm9jw6ouLi4gZXN0w6EgcGxhbmVqYW5kbyBpciBhdMOpIGzDoT8KVG9tZSBjdWlkYWRvLiBPIGx1Z2FyIHBvZGUgc2VyIHBlcmlnb3NvLgpQb2RlIGFjYWJhciBzZSBtYWNodWNhbmRvLCBhc3NpbSBjb21vIGV1Lg==,,W0VybmVzdF0Kwr9Fc3TDoXPigKYgcGVuc2FuZG8gZW4gYmFqYXIgYWxsw60/ClRlbiBjdWlkYWRvLiBFc2UgbHVnYXIgcHVlZGUgc2VyIHBlbGlncm9zby4KUG9kcsOtYXMgbGFzdGltYXJ0ZSwgY29tbyB5by4=
IG9wAw,,XjRENERGRllvdSBtdXN0IGJlIExldmVsIDUwIG9yIGhpZ2hlciBmb3IgdGhpcyBxdWVzdC5eMDAwMDAw,,,,,XjRENERGRlZvY8OqIGRldmUgZXN0YXIgbm8gbsOtdmVsIDUwIG91IHN1cGVyaW9yIHBhcmEgZXN0YSBtaXNzw6NvLl4wMDAwMDA=,,XjRENERGRkVzdGEgbWlzacOzbiByZXF1aWVyZSBhbCBtZW5vcyBuaXZlbDUwLl4wMDAwMDA=
IW9wAw,,W0VybmVzdF0KSGVsbG8sIEFkdmVudHVyZXIuCkFyZSB5b3UgcGxhbm5pbmcgdG8gaGVhZCB0byB0aGUgbG93ZXIgbGV2ZWw/,,,,,W0VybmVzdF0KT2zDoSwgQXZlbnR1cmVpcm8uCkVzdMOhIHBsYW5lamFuZG8gaXIgcGFyYSBvIG7DrXZlbCBpbmZlcmlvcj8=,,W0VybmVzdF0KSG9sYSwgdHJvdGFtdW5kb3MuCsK/UGllbnNhcyBpciBhbCBuaXZlbCBpbmZlcmlvcj8=
Im9wAw,,W0VybmVzdF0KSSBhbSBhIHN0dWRlbnQgZnJvbSBKdW5vLAphbmQgSSd2ZSB2aXNpdGVkIGhlcmUKdG8gY29tcGxldGUgYSBncm91cCBleHBlZGl0aW9uLg==,,,,,W0VybmVzdF0KU291IGVzdHVkYW50ZSBkZSBKdW5vCmUgdmltIGF0w6kgYXF1aQpwYXJhIHBhcnRpY2lwYXIgZGUgdW1hIGV4cGVkacOnw6NvIGVtIGdydXBvLg==,,W0VybmVzdF0KU295IHVuIGVzdHVkaWFudGUgZGUgSnVubwp5IHZpbmUgYXF1w60gCnBhcmEgY29tcGxldGFyIHVuYSBleHBlZGljacOzbiBlbiBncnVwby4=
I29wAw,,W0VybmVzdF0KSG93ZXZlciwgSSBnb3QgaHVydCwgYXMgeW91IGNhbiBzZWUsIGFuZCBjb3VsZG4ndCBqb2luIG15IHRlYW0u,,,,,W0VybmVzdF0KSW5mZWxpem1lbnRlLCBjb21vIHZvY8OqIHBvZGUgdmVyLCBldSBtZSBtYWNodXF1ZWkgZSBuw6NvIGNvbnNlZ3VpIGFjb21wYW5oYXIgbWluaGEgZXF1aXBlLg==,,W0VybmVzdF0KU2luIGVtYmFyZ28sIGNvbW8gcHVlZGVzIHZlciwgbWUgbGVzaW9uw6kgeSBubyBwdWRlIHVuaXJtZSBhIG1pIGVxdWlwby4=
JG9wAw,,W0VybmVzdF0KVGhleSB3ZW50IGRvd24gYSB3aGlsZSBhZ28gYnV0IGhhdmVuJ3QgY29tZSBiYWNrLgpJIGFtIHdvcnJpZWQu,,,,,W0VybmVzdF0KRWxlcyBkZXNjZXJhbSBmYXogdW0gdGVtcG8gZSBhaW5kYSBuw6NvIHZvbHRhcmFtLgpFc3RvdSBwcmVvY3VwYWRvLg==,,W0VybmVzdF0KQmFqYXJvbiBoYWNlIHVuIHJhdG8gcGVybyBubyByZWdyZXNhcm9uLgpFc3RveSBwcmVvY3VwYWRvLg==
JW9wAw,,W0VybmVzdF0KQ2FuIHlvdSBwbGVhc2UgZ28gZG93biB0aGVyZSBhbmQgZmluZCBteSBjbGFzc21hdGVzPw==,,,,,W0VybmVzdF0KVm9jw6ogcG9kZSBpciBhdMOpIGzDoSBlIGVuY29udHJhciBtZXVzIGNvbGVnYXMgZGUgY2xhc3NlPw==,,W0VybmVzdF0Kwr9QdWVkZXMgaXIgYSBidXNjYXIgYSBtaXMgY29tcGHDsWVyb3M/
Jm9wAw,,W0VybmVzdF0KUmVhbGx5PwpUaGFua3MhClRoZSB0ZWFtcyBjb25zaXN0cyBvZiBeNEQ0REZGdGhyZWUgc3R1ZGVudHNeMDAwMDAwLAphbmQgdGhlIG9uZSBjYWxsZWQgXjRENERGRk1heGltXjAwMDAwMCBpcyB0aGVpciBsZWFkZXIu,,,,,W0VybmVzdF0KU8OpcmlvPwpBZ3JhZGXDp28gbXVpdG8hCkFzIGVxdWlwZXMgc8OjbyBmb3JtYWRhcyBwb3IgXjRENERGRnRyw6pzIGFsdW5vc14wMDAwMDAsCmUgbyBsw61kZXIgw6kgY2hhbWFkbyBeNEQ0REZGTWF4aW1eMDAwMDAwLg==,,W0VybmVzdF0Kwr9EZSB2ZXJkYWQ/CsKhR3JhY2lhcyEKRWwgZXF1aXBvIGVzdMOhIGZvcm1hZG8gcG9yIF40RDRERkZ0cmVzIGVzdHVkaWFudGVzXjAwMDAwMCwKeSBeNEQ0REZGTWF4aW1eMDAwMDAwIGVzIHN1IGzDrWRlci4=
J29wAw,,W0VybmVzdF0KQXMgd2UgYXJlIHN0dWRlbnRzIHN0dWR5aW5nIGFicm9hZCwgdGhlIHRocmVlIHdpbGwgYmUgd2VhcmluZyB1bmlxdWUgY2xvdGhpbmcuCkl0IHdpbGwgYmUgZWFzeSBmb3IgeW91IHRvIGZpbmQgdGhlbS4=,,,,,W0VybmVzdF0KU29tb3MgZXN0dWRhbnRlcyBlc3RyYW5nZWlyb3MsIGVudMOjbyBvcyB0csOqcyBlc3RhcsOjbyB2ZXN0aW5kbyByb3VwYXMgYmVtIGRpZmVyZW50ZXMuClZhaSBzZXIgZsOhY2lsIHJlY29uaGVjw6otbG9zLg==,,W0VybmVzdF0KQ29tbyBzb21vcyBlc3R1ZGlhbnRlcyBkZWwgZXh0cmFuamVybywgbG9zIHRyZXMgbGxldmFyw6FuIHVuYSB2ZXN0aW1lbnRhIMO6bmljYS4KVGUgcmVzdWx0YXLDoSBmw6FjaWwgZW5jb250cmFybG9zLg==
KG9wAw,,W0VybmVzdF0KUGxlYXNlIGdvIGZpbmQgdGhlbSBhbmQgY2hlY2sgaWYgdGhleSBhcmUgYWxsIHJpZ2h0LgpJIHdpc2ggeW91IGx1Y2su,,,,,W0VybmVzdF0KUG9yIGZhdm9yLCB2w6EgcHJvY3Vyw6EtbG9zIGUgdmVqYSBzZSBlc3TDo28gYmVtLgpCb2Egc29ydGUh,,W0VybmVzdF0KUG9yIGZhdm9yLCB2ZSBhIGJ1c2NhcmxvcyB5IGNvbXBydWViYSBzaSBlc3TDoW4gYmllbi4KVGUgZGVzZW8gc3VlcnRlLg==
KW9wAw,,W0VybmVzdF0KT2gsIHNvcnJ5IHRvIGJvdGhlciB5b3UuCkknbSBzb3JyeS4=,,,,,W0VybmVzdF0KQWgsIGRlc2N1bHBlIGluY29tb2TDoS1sby4KRXUgc2ludG8gbXVpdG8u,,W0VybmVzdF0KQWgsIHNpZW50byBtb2xlc3RhcnRlLgpMbyBzaWVudG8u
Km9wAw,,W0VybmVzdF0KVGhlIHRlYW1zIGNvbnNpc3RzIG9mIF40RDRERkZ0aHJlZSBzdHVkZW50c14wMDAwMDAsCmFuZCB0aGUgb25lIGNhbGxlZCBeNEQ0REZGTWF4aW1eMDAwMDAwIGlzIHRoZWlyIGxlYWRlci4=,,,,,W0VybmVzdF0KQXMgZXF1aXBlcyBzw6NvIGZvcm1hZGFzIHBvciBeNEQ0REZGdHLDqnMgYWx1bm9zXjAwMDAwMCwKZSBvIGzDrWRlciDDqSBjaGFtYWRvIF40RDRERkZNYXhpbV4wMDAwMDAu,,W0VybmVzdF0KRWwgZXF1aXBvIGVzdMOhIGZvcm1hZG8gcG9yIF40RDRERkZ0cmVzIGVzdHVkaWFudGVzXjAwMDAwMCwKeSBeNEQ0REZGTWF4aW1eMDAwMDAwIGVzIHN1IGzDrWRlci4=
K29wAw,,W0VybmVzdF0KQXJlIHRoZXkgYWxsIHJpZ2h0PyBXaHkgYXJlbid0IHRoZXkgY29taW5nIGJhY2s/CkhhIC4uLiBUaG9zZSBqZXJrcy4KU28sIHRoZXkncmUgaGF2aW5nIGEgZ29vZCB0aW1lLCBodWg/ClRoZXkgc2VlbSB0byBiZSBoYXZpbmcgcGxlbnR5IG9mIGZ1biB3aXRob3V0IG1lIQ==,,,,,W0VybmVzdF0KRWxlcyBlc3TDo28gYmVtPyBQb3IgcXVlIG7Do28gdm9sdGFyYW0/CkhhLi4uIEVzc2VzIGlkaW90YXMuCkVudMOjbyDDqSBpc3NvLiBFc3TDo28gc2UgZGl2ZXJ0aW5kbywgbsOjbyDDqT8KUGFyZWNlIHF1ZSBlc3TDo28gYXByb3ZlaXRhbmRvIGJhc3RhbnRlIHNlbSBtaW0h,,W0VybmVzdF0Kwr9Fc3TDoW4gYmllbj8gwr9Qb3IgcXXDqSBubyB2dWVsdmVuPwpKYeKApiBFc29zIHRvbnRvcy4KQXPDrSBxdWUgbG8gZXN0w6FuIHBhc2FuZG8gYmllbiwgwr9ubz8KwqFQYXJlY2UgcXVlIHNlIGRpdmllcnRlbiBtdWNobyBzaW4gbcOtIQ==
LG9wAw,,W0VybmVzdF0KR29zaCEKSSBhbSBzbyBtYWQgcmlnaHQgbm93LgouLi4gV2hhdCdzIHRoYXQ/,,,,,W0VybmVzdF0KQ2FyYW1iYSEKRXN0b3UgdMOjbyBicmF2byBhZ29yYS4KLi4uIE8gcXVlIMOpIGlzc28/,,W0VybmVzdF0KwqFDaWVsb3MhCkFob3JhLCBlc3RveSBtdXkgZW5vamFkby4K4oCmIMK/UXXDqSBlcyBlc28/
LW9wAw,,SGFuZCBoaW0gU3Bhd24gU3F1aWQgSW5rIFNvdXAu,,,,,RW50cmVndWUgYSBlbGUgYSBTb3BhIGRlIFRpbnRhIGRlIFBvbHZvIGUgT3ZhIGRlIFNhcG8u,,RGFybGUgbGEgU29wYSBkZSB0aW50YSBkZSBjYWxhbWFyIGNvbiBodWV2b3MgZGUgcmFuYS4=
Lm9wAw,,W0VybmVzdF0KV293IC4uLiBGb3IgbWU/CkkgZGlkbid0IGtub3cgdGhleSB3ZXJlIHRoaW5raW5nIGFib3V0IG1lLg==,,,,,W0VybmVzdF0KVWF1Li4uIFBhcmEgbWltPwpOw6NvIHNhYmlhIHF1ZSBlc3RhdmFtIHBlbnNhbmRvIGVtIG1pbS4=,,W0VybmVzdF0KVmF5YeKApiDCv1BhcmEgbcOtPwpObyBzYWLDrWEgcXVlIHBlbnNhYmFuIGVuIG3DrS4=
L29wAw,,W0VybmVzdF0KVGhhbmtzIGZvciB0aGUgZGlzaC4gSSB3aWxsIGVuam95IGl0LgpUaGFua3Mu,,,,,W0VybmVzdF0KT2JyaWdhZG8gcGVsbyBwcmF0by4gVm91IGdvc3Rhci4KT2JyaWdhZG8u,,W0VybmVzdF0KR3JhY2lhcyBwb3IgbGEgY29taWRhLiBMYSBkaXNmcnV0YXLDqS4KR3JhY2lhcy4=
MG9wAw,,W0VybmVzdF0KTm93IEkgc2hvdWxkIHRoaW5rIGFib3V0IHdoYXQgd2VudCB3cm9uZy4=,,,,,W0VybmVzdF0KQWdvcmEgdGVuaG8gcXVlIHBlbnNhciBubyBxdWUgZGV1IGVycmFkby4=,,W0VybmVzdF0KQWhvcmEsIGRlYm8gcGVuc2FyIGVuIGxvIHF1ZSBzYWxpw7MgbWFsLg==
MW9wAw,,KFRoZSBTcGF3biBTcXVpZCBJbmsgU291cCB0aGF0IEt1c2VraWxpIGdhdmUgbWUgaXMgbm93aGVyZSB0byBiZSBmb3VuZC4KSSdkIGJldHRlciBnbyBnZXQgc29tZSBtb3JlIGZyb20gS3VzZWtpbGkgb3Igc29tZXdoZXJlIGVsc2UgLi4uKQ==,,,,,KEEgU29wYSBkZSBUaW50YSBkZSBQb2x2byBlIE92YSBkZSBTYXBvIHF1ZSBLdXNla2lsaSBtZSBkZXUgbsOjbyBlc3TDoSBlbSBsdWdhciBuZW5odW0uCkFjaG8gbWVsaG9yIGlyIGJ1c2NhciBtYWlzIGRlIEt1c2VraWxpIG91IGRlIG91dHJvIGx1Z2FyLi4uKQ==,,KExhIFNvcGEgZGUgdGludGEgZGUgY2FsYW1hciBjb24gaHVldm9zIGRlIHJhbmEgcXVlIG1lIHJlZ2Fsw7MgS3VzZWtpbGkgbm8gc2UgZW5jdWVudHJhIGVuIG5pbmd1bmEgcGFydGUuClNlcsOhIG1lam9yIHF1ZSB2YXlhIGEgcGVkaXJsZSBtw6FzIGEgS3VzZWtpbGkgbyBxdWUgbGEgY29uc2lnYSBlbiBhbGfDum4gb3RybyBsdWdhcuKApik=
Mm9wAw,,W0VybmVzdF0KSSBob3BlIHRoaXMgd2lsbCBlbmNvdXJhZ2UgdGhlbSB0byBleHBsb3JlIHRoZSBhcmVhLgouLi4gV2hhdCBkbyB5b3UgdGhpbms/,,,,,W0VybmVzdF0KRXNwZXJvIHF1ZSBpc3NvIG9zIGluY2VudGl2ZSBhIGV4cGxvcmFyIGEgw6FyZWEuCi4uLiBPIHF1ZSBhY2hhPw==,,W0VybmVzdF0KRXNwZXJvIHF1ZSBlc3RvIGxvcyBhbmltZSBhIGV4cGxvcmFyIGxhIHpvbmEuCuKApiDCv1F1w6kgb3BpbmFzPw==
M29wAw,,W0VybmVzdF0KTWF5YmUgSSBzaG91bGQgdHJ1c3QgdGhlbSBhbmQgd2FpdCAuLi4=,,,,,W0VybmVzdF0KVGFsdmV6IGV1IGRldmEgY29uZmlhciBuZWxlcyBlIGVzcGVyYXIuLi4=,,W0VybmVzdF0KVGFsIHZleiBkZWJlcsOtYSBjb25maWFyIGVuIGVsbG9zIHkgZXNwZXJhcuKApg==
NG9wAw,,W0VybmVzdF0KSGVsbG8gYWdhaW4u,,,,,W0VybmVzdF0KT2zDoSBkZSBub3ZvLg==,,W0VybmVzdF0KSG9sYSBkZSBudWV2by4=
NW9wAw,,W0VybmVzdF0KRG8geW91IHRoaW5rIHlvdSBjYW4gZ28gZG93bgp0byB0aGUgNHRoIGxldmVsIG9mIHRoZSB1bmRlcndhdGVyIGR1bmdlb24gYW5kIGhlbHAgbXkgY2xhc3NtYXRlcyBvdXQ=,,,,,W0VybmVzdF0KU2Vyw6EgcXVlIHZvY8OqIGNvbnNlZ3VlIGRlc2NlcgphdMOpIG8gcXVhcnRvIG7DrXZlbCBkbyBjYWxhYm91w6dvIHN1YmFxdcOhdGljbyBlIGFqdWRhciBtZXVzIGNvbGVnYXM=,,W0VybmVzdF0KYWwgcGlzbzQgZGUgbGEgbWF6bW9ycmEgc3VibWFyaW5hIHkgYXl1ZGFyIGEgbWlzIGNvbXBhw7Flcm9zIGEgc2FsaXI=
Nm9wAw,,W0VybmVzdF0KYnkgc2xheWluZyBeNEQ0REZGMTAgU3dvcmRmaXNoIGFuZCAxMCBNYXJjXjAwMDAwMCBmb3IgbWU/,,,,,W0VybmVzdF0KbWF0YW5kbyBeNEQ0REZGMTAgUGVpeGVzLWVzcGFkYXMgZSAxMCBNYXJjc14wMDAwMDAgcGFyYSBtaW0/,,W0VybmVzdF0KbWF0YW5kbyBhIF40RDRERkYxMFBlY2VzIGVzcGFkYSB5IDEwTWFyY14wMDAwMDA/
N29wAw,,W0VybmVzdF0KSSBoZWFyZCB0aGF0LCBpZiB5b3UgaGVhZCB1bmRlcndhdGVyLAptb3N0IG9mIHRoZSBtYXJpbmUgbGlmZSBmb3JtcyBhcmUgaG9zdGlsZS4=,,,,,W0VybmVzdF0KT3V2aSBkaXplciBxdWUsIGRlYmFpeG8gZCfDoWd1YSwKYSBtYWlvcmlhIGRhcyBmb3JtYXMgZGUgdmlkYSBtYXJpbmhhIMOpIGhvc3RpbC4=,,W0VybmVzdF0KT8OtIHF1ZSwgc2kgZXN0w6FzIGJham8gZWwgYWd1YSwKbGEgbWF5b3LDrWEgZGUgbGFzIGZvcm1hcyBkZSB2aWRhIG1hcmluYSBzb24gaG9zdGlsZXMu
OG9wAw,,W0VybmVzdF0KU3dvcmRmaXNoIGFuZCBNYXJjIGFyZSBwYXJ0aWN1bGFybHkgYWdncmVzc2l2ZSwKc28gaWYgeW91IGNvdWxkIHRha2UgY2FyZSBvZiB0aGVtLCBBZHZlbnR1cmVyLCBpdCB3b3VsZCBoZWxwIG15IGNvbGxlYWd1ZXMgb3V0IGEgdG9uLg==,,,,,W0VybmVzdF0KUGVpeGVzLWVzcGFkYXMgZSBNYXJjcyBzw6NvIHBhcnRpY3VsYXJtZW50ZSBhZ3Jlc3Npdm9zLiAKUG9ydGFudG8sIHNlIHB1ZGVyIGN1aWRhciBkZWxlcywgQXZlbnR1cmVpcm8sIGlzc28gYWp1ZGFyw6EgbXVpdG8gbWV1cyBjb2xlZ2FzLg==,,W0VybmVzdF0KTG9zIFBlY2VzIGVzcGFkYSB5IE1hcmMgc29uIGVzcGVjaWFsbWVudGUgYWdyZXNpdm9zLAphc8OtIHF1ZSwgc2kgcHVlZGVzIGVuY2FyZ2FydGUgZGUgZWxsb3MsIGF5dWRhcsOtYXMgbXVjaG8gYSBtaXMgY29tcGHDsWVyb3Mu
OW9wAw,,W0VybmVzdF0KVGhhbmsgeW91IGZvciB5b3VyIGhlbHAuCkdvb2QgbHVjay4=,,,,,W0VybmVzdF0KT2JyaWdhZG8gcGVsYSBhanVkYS4KQm9hIHNvcnRlLg==,,W0VybmVzdF0KR3JhY2lhcyBwb3IgdHUgYXl1ZGEuCkJ1ZW5hIHN1ZXJ0ZS4=
Om9wAw,,W0VybmVzdF0KT2ggLi4uCkRpZCBJIGFzayB0b28gbXVjaCBvZiB5b3U/CkknbSBzb3JyeS4=,,,,,W0VybmVzdF0KQWggLi4uClNlcsOhIHF1ZSDDqSBwZWRpciBkZW1haXM/Ck1lIGRlc2N1bHBlLg==,,W0VybmVzdF0KQWguLuKApgrCv1RlIHBlZMOtIGRlbWFzaWFkbz8KTG8gc2llbnRvLg==
PG9wAw,,W0VybmVzdF0KUGxlYXNlIF40RDRERkZkZWZlYXQgMTAgU3dvcmRmaXNoIGFuZCAxMCBNYXJjXjAwMDAwMC4=,,,,,W0VybmVzdF0KUG9yIGZhdm9yLCBeNEQ0REZGZGVycm90ZSAxMCBQZWl4ZXMtZXNwYWRhcyBlIDEwIE1hcmNzXjAwMDAwMC4=,,W0VybmVzdF0KUG9yIGZhdm9yLCBeNEQ0REZGZGVycm90YSBhIDEwUGVjZXMgRXNwYWRhIHkgMTBNYXJjXjAwMDAwMC4=
PW9wAw,,W0VybmVzdF0Kc28gaWYgeW91IGNvdWxkIHRha2UgY2FyZSBvZiB0aGVtLCBBZHZlbnR1cmVyLCBpdCB3b3VsZCBoZWxwIG15IGNvbGxlYWd1ZXMgb3V0IGEgdG9uLg==,,,,,W0VybmVzdF0KUG9ydGFudG8sIHNlIHB1ZGVyIGN1aWRhciBkZWxlcywgQXZlbnR1cmVpcm8sIGlzc28gYWp1ZGFyw6EgbXVpdG8gbWV1cyBjb2xlZ2FzLg==,,W0VybmVzdF0KYXPDrSBxdWUsIHNpIHB1ZWRlcyBlbmNhcmdhcnRlIGRlIGVsbG9zLCBheXVkYXLDrWFzIG11Y2hvIGEgbWlzIGNvbXBhw7Flcm9zLg==
Pm9wAw,,W0VybmVzdF0KWW91J3JlIGFsbCByaWdodCEKKFNpZ2gpIC4uLiBUaGF0J3MgYSByZWxpZWYuCkkgd29uZGVyIGlmIG15IGZyaWVuZHMgZmVlbCBlbmNvdXJhZ2VkIHRvIGV4cGxvcmUgdGhlIGFyZWEgbm93Lg==,,,,,W0VybmVzdF0KVm9jw6ogZXN0w6EgYmVtIQooU3VzcGlybykgLi4uIElzc28gw6kgdW0gYWzDrXZpby4KRmljbyBwZW5zYW5kbyBzZSBtZXVzIGFtaWdvcyB0w6ptIGNvcmFnZW0gZGUgZXhwbG9yYXIgYSDDoXJlYSBhZ29yYS4=,,W0VybmVzdF0KwqFFc3TDoXMgYmllbiEKKlN1c3BpcmHigKYqIFF1w6kgYWxpdmlvLgpNZSBwcmVndW50byBzaSBtaXMgYW1pZ29zIHNlIGFuaW1hcsOhbiBhIGV4cGxvcmFyIGxhIHpvbmEgYWhvcmEu
P29wAw,,W0VybmVzdF0KSSBvd2UgeW91IG9uZSwgQWR2ZW50dXJlci4KVGhhbmsgeW91LgpJZiB5b3UgYXJlIGF2YWlsYWJsZSB0b21vcnJvdywgcGxlYXNlIGNvbWUgYmFjayBhbmQgaGVscCBtZSBvdXQgYWdhaW4u,,,,,W0VybmVzdF0KRmljbyBsaGUgZGV2ZW5kbyB1bWEsIEF2ZW50dXJlaXJvLgpPYnJpZ2Fkby4KU2UgZXN0aXZlciBkaXNwb27DrXZlbCBhbWFuaMOjLCB2b2x0ZSBlIG1lIGFqdWRlIGRlIG5vdm8u,,W0VybmVzdF0KVGUgZGVibyB1bmEsIHRyb3RhbXVuZG9zLgpHcmFjaWFzLgpTaSBlc3TDoXMgZGlzcG9uaWJsZSBtYcOxYW5hLCB2dWVsdmUgeSBhecO6ZGFtZSBkZSBudWV2bywgcG9yIGZhdm9yLg==
QG9wAw,,W0VybmVzdF0KSSBkb24ndCB0aGluayB0aGlzIHdpbGwgYmUgb3ZlciBpbiBqdXN0IGEgZGF5IG9yIHR3by4KLi4uIEkgdGhpbmsgd2UnbGwgYmUgaGVyZSBmb3IgYSB3aGlsZS4=,,,,,W0VybmVzdF0KTsOjbyBhY2hvIHF1ZSBpc3NvIGFjYWJhcsOhIGVtIGFwZW5hcyB1bSBvdSBkb2lzIGRpYXMuCi4uLiBBY2hvIHF1ZSBmaWNhcmVtb3MgYXF1aSBwb3IgdW0gYm9tIHRlbXBvLg==,,W0VybmVzdF0KTm8gY3JlbyBxdWUgZXN0byBhY2FiZSBlbiB1bm8gbyBkb3MgZMOtYXMuCuKApiBDcmVvIHF1ZSBlc3RhcmVtb3MgYXF1w60gcG9yIHVuIHRpZW1wby4=
QW9wAw,,W0VybmVzdF0KLi4uIFVtLgpJJ3ZlIGJlZW4gdGhpbmtpbmcsIGFuZCAuLi4KSSB0aGluayB0aGV5IGFyZW4ndCBjb250aW51aW5nIHdpdGggdGhlIGV4cGVkaXRpb24gYmVjYXVzZSBpdCdzIHRvbyBkYW5nZXJvdXMgZG93biB0aGVyZS4=,,,,,W0VybmVzdF0KLi4uIEh1bS4KRXN0aXZlIHBlbnNhbmRvLCBlIC4uLgpBY2hvIHF1ZSBuw6NvIGVzdMOjbyBjb250aW51YW5kbyBjb20gYSBleHBlZGnDp8OjbyBwb3JxdWUgw6kgbXVpdG8gcGVyaWdvc28gbMOhIGVtYmFpeG8u,,W0VybmVzdF0K4oCmIE1tbS4KTG8gZXN0dXZlIHBlbnNhbmRvIHnigKYKY3JlbyBxdWUgbm8gc2VndWlyw6FuIGNvbiBsYSBleHBlZGljacOzbiBwb3JxdWUgZXMgZGVtYXNpYWRvIHBlbGlncm9zbyBhaMOtIGFiYWpvLg==
Qm9wAw,,WWVzLg==,,,,,U2ltLg==,,U8OtLg==
Q29wAw,,U29ycnku,,,,,RGVzY3VscGUu,,TG8gc2llbnRvLg==
RG9wAw,,TWVtYmVyIEt1c2VraWxp,,,,,TWVtYnJvIEt1c2VraWxp,,TWVtYmVyIEt1c2VraWxp
RW9wAw,,VW5hYmxlIHRvIGNvbnRpbnVlIHdpdGggcXVlc3Q6IGludmVudG9yeSBpcyBmdWxsLgpUcnkgYWdhaW4gYWZ0ZXIgcmVvcmdhbml6aW5nIHlvdXIgaXRlbXMu,,,,,TsOjbyDDqSBwb3Nzw612ZWwgY29udGludWFyIGNvbSBhIG1pc3PDo286IG8gaW52ZW50w6FyaW8gZXN0w6EgY2hlaW8uClRlbnRlIG91dHJhIHZleiBkZXBvaXMgZGUgcmVvcmdhbml6YXIgc2V1cyBpdGVucy4=,,LU5vIHNlIHB1ZWRlIGNvbnRpbnVhciBjb24gbGEgbWlzacOzbjogZWwgaW52ZW50YXJpbyBlc3TDoSBsbGVuby4tCi1JbnTDqW50YWxvIGRlIG51ZXZvIGRlc3B1w6lzIGRlIHJlb3JnYW5pemFyIHR1cyBvYmpldG9zLi0=
Rm9wAw,,W0t1c2VraWxpXQpXb3chIFNvIG11Y2ggZnJlc2ggc2VhZm9vZCEKU28gbXVjaCBwb3RlbnRpYWwgZm9yIGN1bGluYXJ5IGdyZWF0bmVzcyE=,,,,,W0t1c2VraWxpXQpVYXUhIFF1YW50b3MgZnJ1dG9zIGRvIG1hciBmcmVzY29zIQpRdWFudG8gcG90ZW5jaWFsIHBhcmEgYSBncmFuZGV6YSBkYSBjdWxpbsOhcmlhIQ==,,W0t1c2VraWxpXQrCoUd1YXUhIMKhQ3XDoW50b3MgbWFyaXNjb3MgZnJlc2NvcyEKwqFDdcOhbnRvIHBvdGVuY2lhbCBwYXJhIGxhIGdyYW5kZXphIGN1bGluYXJpYSE=
R29wAw,,W0t1c2VraWxpXQpUaGlzIGlzIHRoZSBiZXN0IGRpc2ggZXZlciEKRXNwZWNpYWxseSBiZWNhdXNlIEknbSBlYXRpbmcgaXQgaW4gYSBkdW5nZW9uIQ==,,,,,W0t1c2VraWxpXQpFc3RlIMOpIG8gbWVsaG9yIHByYXRvIGRlIHRvZG9zIQpFc3BlY2lhbG1lbnRlIHBvcnF1ZSBlc3RvdSBjb21lbmRvIGVtIHVtIGNhbGFib3XDp28h,,W0t1c2VraWxpXQrCoUVzdGUgZXMgZWwgbWVqb3IgcGxhdG8gZGVsIG11bmRvIQrCoUVuIGVzcGVjaWFsLCBwb3JxdWUgbWUgbG8gZXN0b3kgY29taWVuZG8gZW4gdW5hIG1hem1vcnJhIQ==
SG9wAw,,W0t1c2VraWxpXQpNYXhpbT8gRGlkIEVybmVzdCBzZW5kIHlvdT8KTWF4aW0gaXMgdGhlIGxlYWRlciBvZiBvdXIgdGVhbSEKVGhlcmUgaGUgaXMh,,,,,W0t1c2VraWxpXQpNYXhpbT8gRm9pIG8gRXJuZXN0IHF1ZSBtYW5kb3Ugdm9jw6o/Ck1heGltIMOpIG8gbMOtZGVyIGRhIG5vc3NhIGVxdWlwZSEKQcOtIGVzdMOhIGVsZSE=,,W0t1c2VraWxpXQrCv01heGltPyDCv1RlIGVudmnDsyBFcm5lc3Q/CsKhTWF4aW0gZXMgZWwgbMOtZGVyIGRlIG51ZXN0cm8gZXF1aXBvIQrCoUFow60gZXN0w6Eh
SW9wAw,,W0t1c2VraWxpXQpIb3cgZGlkIHlvdSBnZXQgaGVyZT8KSXQncyB0b28gZGFuZ2Vyb3VzIGZvciB5b3UhIEdvIGJhY2sh,,,,,W0t1c2VraWxpXQpDb21vIGNoZWdvdSBhcXVpPwrDiSBtdWl0byBwZXJpZ29zbyBwYXJhIHZvY8OqISBWb2x0ZSE=,,W0t1c2VraWxpXQrCv0PDs21vIGxsZWdhc3RlIGhhc3RhIGFxdcOtPwrCoUVzIG11eSBwZWxpZ3Jvc28gcGFyYSB0aSEgwqFWdWVsdmUh
Sm9wAw,,W0t1c2VraWxpXQpBbiBBZHZlbnR1cmVyIG9uIGEgbWlzc2lvbj8gUGVyZmVjdCE=,,,,,W0t1c2VraWxpXQpVbSBBdmVudHVyZWlybyBlbSBtaXNzw6NvPyBQZXJmZWl0byE=,,W0t1c2VraWxpXQrCv0VyZXMgdHJvdGFtdW5kb3MgeSBlc3TDoXMgZW4gdW5hIG1pc2nDs24/IMKhUGVyZmVjdG8h
S29wAw,,XjRENERGRlF1ZXN0IFByZXJlcXVpc2l0ZXM6CkVkZW4gR3JvdXAgcXVlc3QgW0RlbGl2ZXIgdGhlIEluZ3JlZGllbnRzXSBjb21wbGV0ZWQ7IGNvb2xkb3duIHJlc2V0Ll4wMDAwMDA=,,,,,XjRENERGRlByw6ktcmVxdWlzaXRvcyBwYXJhIGEgbWlzc8OjbzoKTWlzc8OjbyBkbyBHcnVwbyDDiWRlbiBbRW50cmVnYXIgb3MgaW5ncmVkaWVudGVzXSBjb25jbHXDrWRhOyB0ZW1wbyBkZSBlc3BlcmEgcmVpbmljaWFkby5eMDAwMDAw,,XjRENERGRlJlcXVpc2l0b3MgcHJldmlvcyBkZSBsYSBtaXNpw7NuOgpNaXNpw7NuIFtFbnRyZWdhciBsb3MgaW5ncmVkaWVudGVzXSBkZWwgR3J1cG8gZGUgRWTDqW4gY29tcGxldGFkYTsgdGllbXBvIGRlIGVzcGVyYSByZXN0YWJsZWNpZG8uXjAwMDAwMA==
TG9wAw,,W0t1c2VraWxpXQpJIHNpbXBseSBjYW5ub3QgYmUgd2l0aG91dCBpdC4KTXkgb25lIHRydWUgbG92ZSBpbiBsaWZlLiBDb29raW5nLgpJIHNvIGxvdmUgZWF0aW5nIGZpbmUgZGlzaGVzIGluIGEgZHVuZ2Vvbi4=,,,,,W0t1c2VraWxpXQpFdSBzaW1wbGVzbWVudGUgbsOjbyBwb3NzbyBmaWNhciBzZW0gaXNzby4KTWV1IMO6bmljbyBlIHZlcmRhZGVpcm8gYW1vciBuYSB2aWRhLiBDb3ppbmhhci4KQWRvcm8gZGVndXN0YXIgcHJhdG9zIGZpbm9zIGVtIHVtIGNhbGFib3XDp28u,,W0t1c2VraWxpXQpTaW1wbGVtZW50ZSBubyBwdWVkbyB2aXZpciBzaW4gZXNvLgpNaSDDum5pY28geSB2ZXJkYWRlcm8gYW1vciBlbiBsYSB2aWRhIGVzIGNvY2luYXIuCk1lIGVuY2FudGEgY29tZXIgcGxhdG9zIGZpbm9zIGVuIHVuYSBtYXptb3JyYS4=
TW9wAw,,W0t1c2VraWxpXQpJJ2QgbGlrZSB0byBjb29rIHdpdGggU3F1aWQgSW5rLgpXaGF0IGRvIHlvdSB0aGluaywgZXZlcnlvbmU/,,,,,W0t1c2VraWxpXQpRdWVyaWEgY296aW5oYXIgY29tIFRpbnRhIGRlIFBvbHZvLgpPIHF1ZSBhY2hhbSwgcGVzc29hbD8=,,W0t1c2VraWxpXQpNZSBndXN0YXLDrWEgY29jaW5hciBjb24gVGludGEgZGUgY2FsYW1hci4Kwr9RdcOpIGxlcyBwYXJlY2U/
Tm9wAw,,VGhhdCBzb3VuZHMgZ3JlYXQu,,,,,UGFyZWNlIMOzdGltby4=,,RXNvIHN1ZW5hIG11eSBiaWVuLg==
T29wAw,,R29vZCBjaG9pY2Uh,,,,,Qm9hIGVzY29saGEh,,wqFCdWVuYSBlbGVjY2nDs24h
UG9wAw,,W0t1c2VraWxpXQpPa2F5LCB0aGVuIGl0J3MgdW5hbmltb3VzIQpQbGVhc2UgZ2V0IG1lIHNvbWUgU3F1aWQgSW5rLg==,,,,,W0t1c2VraWxpXQpPaywgZW50w6NvIMOpIHVuw6JuaW1lIQpQb3IgZmF2b3IsIG1lIHRyYWdhIFRpbnRhIGRlIFBvbHZvLg==,,W0t1c2VraWxpXQrCoUJpZW4sIGVudG9uY2VzIGVzIHVuw6FuaW1lIQpUcsOhZW1lIHVuIHBvY28gZGUgVGludGEgZGUgY2FsYW1hciwgcG9yIGZhdm9yLg==
UW9wAw,,W0t1c2VraWxpXQpZb3UgY2FuIGdldCBeNEQ0REZGU3F1aWQgSW5rXjAwMDAwMCBmcm9tIF40RDRERkZNYXJzZV4wMDAwMDAuCllvdSBtaWdodCBiZSBhYmxlIHRvIGdldCAxMCBTcXVpZCBJbmtzIGlmIHlvdSBkZWZlYXQgMjAgTWFyc2Uu,,,,,W0t1c2VraWxpXQpWb2PDqiBwb2RlIGNvbnNlZ3VpciBeNEQ0REZGVGludGEgZGUgUG9sdm9eMDAwMDAwIGRlIF40RDRERkZNYXJ0ZXNeMDAwMDAwLgpWb2PDqiBwb2RlIGdhbmhhciAxMCBUaW50YXMgZGUgUG9sdm8gc2UgZGVycm90YXIgMjAgTWFydGVzLg==,,W0t1c2VraWxpXQpQdWVkZXMgb2J0ZW5lciBeNEQ0REZGVGludGEgZGUgY2FsYW1hcl4wMDAwMDAgZGUgbG9zIF40RDRERkZNYXJzZV4wMDAwMDAuClBvZHLDoXMgY29uc2VndWlyIDEwdW5pZGFkZXMgZGUgVGludGEgZGUgY2FsYW1hciBzaSBkZXJyb3RhcyBhIDIwTWFyc2Uu
Um9wAw,,W0t1c2VraWxpXQpOb3cncyB0aGUgdGltZSB0byB0YXN0ZSB0aGUgZGlzaCBvZiB0aGUgY2VudHVyeS4KV2hhdCBzYXkgeW91Pw==,,,,,W0t1c2VraWxpXQpBZ29yYSDDqSBhIGhvcmEgZGUgcHJvdmFyIG8gcHJhdG8gZG8gc8OpY3Vsby4KTyBxdWUgYWNoYT8=,,W0t1c2VraWxpXQpMbGVnw7MgZWwgbW9tZW50byBkZSBwcm9iYXIgZWwgcGxhdG8gZGVsIHNpZ2xvLgrCv1F1w6kgbWUgZGljZXM/
U29wAw,,W0t1c2VraWxpXQpEZWZlYXQgc29tZSBvZiB0aGUgbmVhcmJ5IE1hcnNlIGFuZCBicmluZyBtZSAxMCBTcXVpZCBJbmtzLgpUaGF0IHdvdWxkIGJlIGJlc3Qh,,,,,W0t1c2VraWxpXQpEZXJyb3RlIGFsZ3VucyBkb3MgTWFydGVzIHByw7N4aW1vcyBlIG1lIHRyYWdhIDEwIFRpbnRhcyBkZSBQb2x2by4KU2VyaWEgYSBtZWxob3IgY29pc2Eh,,W0t1c2VraWxpXQpEZXJyb3RhIGEgYWxndW5vcyBkZSBsb3MgTWFyc2UgY2VyY2Fub3MgeSB0csOhZW1lIDEwdW5pZGFkZXMgZGUgVGludGEgZGUgY2FsYW1hci4KwqFFc28gc2Vyw61hIGxvIG1lam9yIQ==
VG9wAw,,W0t1c2VraWxpXQpIdWg/IFdlbGwsIHRoYXQncyBhIHByb2JsZW0uCk1heGltLCBkbyB5b3Ugd2FubmEgZ28ga2lsbCBzb21lIE1hcnNlPw==,,,,,W0t1c2VraWxpXQpIw6M/IEJlbSwgaXNzbyDDqSB1bSBwcm9ibGVtYS4KTWF4aW0sIHF1ZXIgaXIgbWF0YXIgYWxndW0gTWFydGVzPw==,,W0t1c2VraWxpXQrCv0VoPyBCdWVubywgZXNvIGVzIHVuIHByb2JsZW1hLgpNYXhpbSwgwr9xdWllcmVzIGlyIGEgbWF0YXIgYSBhbGd1bm9zIE1hcnNlPw==
VW9wAw,,W0t1c2VraWxpXQpEZWZlYXQgc29tZSBvZiB0aGUgbmVhcmJ5IE1hcnNlIGFuZCBicmluZyBtZSAxMCBTcXVpZCBJbmtzLgpJbiB0aGUgbWVhbnRpbWUsIEknbGwgYmUgYm9pbGluZyB0aGUgd2F0ZXIh,,,,,W0t1c2VraWxpXQpEZXJyb3RlIGFsZ3VucyBkb3MgTWFydGVzIHByw7N4aW1vcyBlIG1lIHRyYWdhIDEwIFRpbnRhcyBkZSBQb2x2by4KRW5xdWFudG8gaXNzbywgdm91IGZlcnZlciBhIMOhZ3VhIQ==,,W0t1c2VraWxpXQpEZXJyb3RhIGEgYWxndW5vcyBkZSBsb3MgTWFyc2UgY2VyY2Fub3MgeSB0csOhZW1lIDEwdW5pZGFkZXMgZGUgVGludGEgZGUgY2FsYW1hci4KwqFNaWVudHJhcyB0YW50bywgaGVydmlyw6kgZWwgYWd1YSE=
Vm9wAw,,W0t1c2VraWxpXQpZZXMsIHRoaXMgaXMgZXhhY3RseSB3aGF0IEkgbmVlZGVkIQpJIHdpbGwgc3RhcnQgY29va2luZyByaWdodCBhd2F5IQ==,,,,,W0t1c2VraWxpXQpTaW0sIMOpIGV4YXRhbWVudGUgbyBxdWUgZXUgcHJlY2lzYXZhIQpWb3UgY29tZcOnYXIgYSBjb3ppbmhhciBhZ29yYSBtZXNtbyE=,,W0t1c2VraWxpXQrCoVPDrSwgZXN0byBlcyBqdXN0byBsbyBxdWUgbmVjZXNpdGFiYSEKwqFFbXBlemFyw6kgYSBjb2NpbmFyIGRlIGlubWVkaWF0byE=
V29wAw,,W0t1c2VraWxpXQpOb3cgdGhhdCBhbGwgdGhlIGluZ3JlZGllbnRzIGhhdmUgYmVlbiBhZGVxdWF0ZWx5IGJvaWxlZCwgYWxsIEkgaGF2ZSB0byBkbyBpcyBhZGQgdGhlIFNxdWlkIEluayEKVGFkYSE=,,,,,W0t1c2VraWxpXQpBZ29yYSBxdWUgdG9kb3Mgb3MgaW5ncmVkaWVudGVzIGZvcmFtIGZlcnZpZG9zIGFkZXF1YWRhbWVudGUsIHR1ZG8gbyBxdWUgcHJlY2lzbyBmYXplciDDqSBhZGljaW9uYXIgYSBUaW50YSBkZSBQb2x2byEKVGNoYXJhbSE=,,W0t1c2VraWxpXQpBaG9yYSBxdWUgdG9kb3MgbG9zIGluZ3JlZGllbnRlcyBlc3TDoW4gYmllbiBjb2NpZG9zLCDCoXNvbG8gdGVuZ28gcXVlIGFncmVnYXIgbGEgVGludGEgZGUgY2FsYW1hciEKwqFUYXLDoW4h
WG9wAw,,W0t1c2VraWxpXQpBbGwgZG9uZSEKUGVyZmVjdCEKQ2FuIHlvdSBnaXZlIHRoaXMgXjRENERGRlNwYXduIFNxdWlkIEluayBTb3VwXjAwMDAwMCB0byBFcm5lc3Q/,,,,,W0t1c2VraWxpXQpUdWRvIHByb250byEKUGVyZmVpdG8hClZvY8OqIHBvZGUgZGFyIGVzc2EgXjRENERGRlNvcGEgZGUgVGludGEgZGUgUG9sdm8gZSBPdmEgZGUgU2Fwb14wMDAwMDAgYW8gRXJuZXN0Pw==,,W0t1c2VraWxpXQrCoVlhIGVzdMOhIQrCoVBlcmZlY3RvIQrCv1B1ZWRlcyBsbGV2YXJsZSBlc3RhIF40RDRERkZTb3BhIGRlIHRpbnRhIGRlIGNhbGFtYXIgY29uIGh1ZXZvcyBkZSByYW5hXjAwMDAwMCBhIEVybmVzdD8=
WW9wAw,,W0t1c2VraWxpXQpFcm5lc3QgbXVzdCBiZSBzdGFydmluZy4KR2l2ZSBpdCB0byBoaW0gYmVmb3JlIGl0IGdldHMgY29sZCE=,,,,,W0t1c2VraWxpXQpFcm5lc3QgZGV2ZSBlc3RhciBtb3JyZW5kbyBkZSBmb21lLgpEw6ogYSBlbGUgYW50ZXMgcXVlIGVzZnJpZSE=,,W0t1c2VraWxpXQpFcm5lc3QgZGViZSBlc3RhciBoYW1icmllbnRvLgrCoUxsw6l2YXNlbGEgYW50ZXMgZGUgcXVlIHNlIGVuZnLDrWUh
Wm9wAw,,W0t1c2VraWxpXQpTcXVpZCBJbmshIEkgbmVlZCBtb3JlIGluayEKT2gsIGRhcm4hIFRoZXJlJ3MgdG9vIG11Y2ggd2F0ZXIhCklmIEkgZG9uJ3QgZG8gc29tZXRoaW5nIC4uLiE=,,,,,W0t1c2VraWxpXQpUaW50YSBkZSBQb2x2byEgUHJlY2lzbyBkZSBtYWlzIHRpbnRhIQpBaCwgZHJvZ2EhIFRlbSBtdWl0YSDDoWd1YSEKU2UgZXUgbsOjbyBmaXplciBhbGd1bWEgY29pc2EuLi4h,,W0t1c2VraWxpXQrCoVRpbnRhIGRlIGNhbGFtYXIhIMKhTmVjZXNpdG8gbcOhcyBUaW50YSBkZSBjYWxhbWFyIQrCoU1hbGRpdGEgc2VhISDCoUhheSBkZW1hc2lhZGEgYWd1YSEKwqFTaSBubyBoYWdvIGFsZ2/igKYh
W29wAw,,W0t1c2VraWxpXQpJIG5lZWQgeW91IHRvIGdpdmUgdGhlIEZyb2cgRWdnIFNxdWlkIEluayBTb3VwIHRvIEVybmVzdCEKSGUgbXVzdCBiZSBzdGFydmluZy4=,,,,,W0t1c2VraWxpXQpQcmVjaXNvIHF1ZSB2b2PDqiBkw6ogYSBTb3BhIGRlIFBvbHZvIGUgU2FwbyBhbyBFcm5lc3QhCkVsZSBkZXZlIGVzdGFyIG1vcnJlbmRvIGRlIGZvbWUu,,W0t1c2VraWxpXQrCoU5lY2VzaXRvIHF1ZSBsZSBkZXMgbGEgU29wYSBkZSB0aW50YSBkZSBjYWxhbWFyIGNvbiBodWV2b3MgZGUgcmFuYSBhIEVybmVzdCEKRGViZSBlc3RhciBoYW1icmllbnRvLg==
XG9wAw,,TWFrZSBtZSBzb21lIG1vcmUgU3F1aWQgSW5rIHNvdXAu,,,,,RmHDp2EgbWFpcyBzb3BhIGRlIFRpbnRhIGRlIFBvbHZvIHBhcmEgbWltLg==,,SGF6IG3DoXMgU29wYSBkZSB0aW50YSBkZSBjYWxhbWFyLg==
XW9wAw,,WW91IGNhbiBjb3VudCBvbiBtZS4=,,,,,UG9kZSBjb250YXIgY29taWdvLg==,,Q3VlbnRhIGNvbm1pZ28u
Xm9wAw,,W0t1c2VraWxpXQpXaHk/Ckp1c3QgdXNlIHRoZSBvbmUgSSBnYXZlIHlvdS4KVGhlcmUncyBub3QgZW5vdWdoIFNxdWlkIEluayB0byBtYWtlIG1vcmUu,,,,,W0t1c2VraWxpXQpQb3IgcXXDqj8KQmFzdGEgdXNhciBhIHF1ZSBldSBsaGUgZGVpLgpOw6NvIGjDoSBUaW50YSBkZSBQb2x2byBzdWZpY2llbnRlIHBhcmEgZmF6ZXIgbWFpcy4=,,W0t1c2VraWxpXQrCv1BvciBxdcOpPwpTb2xvIHVzYSBsYSBxdWUgdGUgZGkuCk5vIGhheSBzdWZpY2llbnRlIFRpbnRhIGRlIGNhbGFtYXIgcGFyYSBoYWNlciBtw6FzLg==
X29wAw,,W0t1c2VraWxpXQpJZiB5b3UgaGFkIG1lcmVseSBkb25lIHdoYXQgSSBzYWlkLCB0aGVuIC4uLgpBbGwgcmlnaHQsIHdoYXRldmVyLiBHZXQgbWUgMTAgU3F1aWQgSW5rcyBhbmQgSSdsbCBtYWtlIGEgbmV3IGJhdGNoLg==,,,,,W0t1c2VraWxpXQpTZSB0aXZlc3NlIGFvIG1lbm9zIGZlaXRvIG8gcXVlIGV1IHBlZGksIGVudMOjbyAuLi4KVHVkbyBiZW0sIHRhbnRvIGZhei4gVHJhZ2EtbWUgMTAgVGludGFzIGRlIFBvbHZvIGUgZmFyZWkgbWFpcy4=,,W0t1c2VraWxpXQpTaSBodWJpZXJhcyBoZWNobyBsbyBxdWUgdGUgZGlqZSwgZW50b25jZXPigKYKRXN0w6EgYmllbiwgY29tbyBxdWllcmFzLiBUcsOhZW1lIDEwdW5pZGFkZXMgZGUgVGludGEgZGUgY2FsYW1hciB5IGhhcsOpIG3DoXMu
YG9wAw,,W0t1c2VraWxpXQpXaGF0J3MgdGhlIG1hdHRlcj8KRGlkIHlvdSBlYXQgaXQgYWxsPwpJIGNhbiBtYWtlIHNvbWUgbW9yZSBpZiB5b3UgYnJpbmcgbWUgMTAgU3F1aWQgSW5rcy4=,,,,,W0t1c2VraWxpXQpRdWFsIMOpIG8gcHJvYmxlbWE/ClZvY8OqIGNvbWV1IHR1ZG8/ClBvc3NvIGZhemVyIG1haXMgc2UgbWUgdHJvdXhlciAxMCBUaW50YXMgZGUgUG9sdm8u,,W0t1c2VraWxpXQrCv1F1w6kgc3VjZWRlPwrCv1RlIGxhIGNvbWlzdGUgdG9kYT8KUHVlZG8gaGFjZXIgbcOhcyBzaSBtZSB0cmFlcyAxMHVuaWRhZGVzIGRlIFRpbnRhIGRlIGNhbGFtYXIu
YW9wAw,,W0t1c2VraWxpXQpBbGwgcmlnaHQuCllvdSBrbm93IHdoZXJlIEVybmVzdCBpcywgcmlnaHQ/CkhlJ3MgcmVzdGluZyBvbiB0aGUgZmxvb3IgYWJvdmUgdXMuCkknbSBjb3VudGluZyBvbiB5b3Uu,,,,,W0t1c2VraWxpXQpUdWRvIGJlbS4KU2FiZSBvbmRlIG8gRXJuZXN0IGVzdMOhLCBjZXJ0bz8KRWxlIGVzdMOhIGRlc2NhbnNhbmRvIG5vIGFuZGFyIGRlIGNpbWEuCkNvbnRvIGNvbSB2b2PDqi4=,,W0t1c2VraWxpXQpEZSBhY3VlcmRvLgpTYWJlcyBkw7NuZGUgZXN0w6EgRXJuZXN0LCDCv3ZlcmRhZD8KRXN0w6EgZGVzY2Fuc2FuZG8gZW4gZWwgcGlzbyBkZSBhcnJpYmEuCkN1ZW50byBjb250aWdvLg==
Ym9wAw,,W0t1c2VraWxpXQpFdmVyeW9uZSBzYXlzIGl0J3MgbmljZSB0byBlYXQgYSBib3dsIG9mIGhvdCBzb3VwLgpJIGd1ZXNzIEknbGwgaGF2ZSB0byBjb29rIGFsbCB0aGUgdGltZSB3aGlsZSB3ZSdyZSBoZXJlLg==,,,,,W0t1c2VraWxpXQpUb2RvIG11bmRvIGRpeiBxdWUgw6kgYm9tIGNvbWVyIHVtYSB0aWdlbGEgZGUgc29wYSBxdWVudGUuCkFjaG8gcXVlIHRlcmVpIGRlIGNvemluaGFyIG8gdGVtcG8gdG9kbyBlbnF1YW50byBlc3RpdmVybW9zIGFxdWku,,W0t1c2VraWxpXQpUb2RvcyBkaWNlbiBxdWUgY29tZXIgdW4gcGxhdG8gZGUgc29wYSBjYWxpZW50ZSBlcyBhZ3JhZGFibGUuClN1cG9uZ28gcXVlIHRlbmRyw6kgcXVlIGNvY2luYXIgdG9kbyBlbCB0aWVtcG8gbWllbnRyYXMgZXN0ZW1vcyBhcXXDrS4=
Y29wAw,,W0t1c2VraWxpXQpEbyB5b3UgdGhpbmsgeW91J2xsIGJlIGFibGUgdG8gYnJpbmcgbWUgbW9yZSBTcXVpZCBJbms/CllvdSdyZSBjb21pbmcgYmFjayB0b21vcnJvdywgcmlnaHQ/CkknbGwgYmUgd2FpdGluZy4=,,,,,W0t1c2VraWxpXQpTZXLDoSBxdWUgdm9jw6ogY29uc2VndWUgbWUgdHJhemVyIG1haXMgVGludGEgZGUgUG9sdm8/ClZvY8OqIHZvbHRhIGFtYW5ow6MsIGNlcnRvPwpFc3RhcmVpIGVzcGVyYW5kby4=,,W0t1c2VraWxpXQrCv0NyZWVzIHF1ZSBwb2Ryw6FzIHRyYWVybWUgbcOhcyBUaW50YSBkZSBjYWxhbWFyPwpWb2x2ZXLDoXMgbWHDsWFuYSwgwr92ZXJkYWQ/CkVzdGFyw6kgZXNwZXJhbmRvLg==
ZG9wAw,,W0t1c2VraWxpXQpBcyBzdXJlIGFzIHRoZSBzdW4gcmlzZXMhIE91ciBBZHZlbnR1cmVyIGJ1ZGR5J3MgYmFjayEKSSdtIGNvb2tpbmcgc29tZSB3YXJtLCB0YXN0eSBGcm9nIEVnZyBTcXVpZCBJbmsgU291cC4KU28gSSBuZWVkIG1vcmUgU3F1aWQgSW5rLg==,,,,,W0t1c2VraWxpXQpUw6NvIGNlcnRvIHF1YW50byBvIHNvbCBuYXNjZSEgTm9zc28gYW1pZ28gQXZlbnR1cmVpcm8gZXN0w6EgZGUgdm9sdGEhCkVzdG91IHByZXBhcmFuZG8gdW1hIGRlbGljaW9zYSBlIHF1ZW50ZSBTb3BhIGRlIFBvbHZvIGUgU2Fwby4KRW50w6NvLCBwcmVjaXNvIGRlIG1haXMgVGludGEgZGUgUG9sdm8u,,W0t1c2VraWxpXQrCoUNvbW8gZWwgc29sIHF1ZSBzYWxlIGNhZGEgbWHDsWFuYSwgdm9sdmlzdGUsIHRyb3RhbXVuZG9zIQpFc3RveSBjb2NpbmFuZG8gdW5hIHJpY2EgU29wYSBkZSB0aW50YSBkZSBjYWxhbWFyIGNvbiBodWV2b3MgZGUgcmFuYSBjYWxpZW50ZS4KQXPDrSBxdWUgbmVjZXNpdG8gbcOhcyBUaW50YSBkZSBjYWxhbWFyLg==
ZW9wAw,,W0t1c2VraWxpXQpZb3Uga25vdyB3aGF0IEknbSB0YWxraW5nIGFib3V0LCByaWdodD8KRGVmZWF0IHNvbWUgb2YgdGhlIG5lYXJieSBNYXJzZSBhbmQgYnJpbmcgbWUgMTAgU3F1aWQgSW5rcy4=,,,,,W0t1c2VraWxpXQpTYWJlIGRvIHF1ZSBlc3RvdSBmYWxhbmRvLCBuw6NvIMOpPwpEZXJyb3RlIGFsZ3VucyBkb3MgTWFydGVzIHByw7N4aW1vcyBlIG1lIHRyYWdhIDEwIFRpbnRhcyBkZSBQb2x2by4=,,W0t1c2VraWxpXQpTYWJlcyBhIGxvIHF1ZSBtZSByZWZpZXJvLCDCv3ZlcmRhZD8KRGVycm90YSBhIGFsZ3Vub3MgZGUgbG9zIE1hcnNlIGNlcmNhbm9zIHkgdHLDoWVtZSAxMHVuaWRhZGVzIGRlIFRpbnRhIGRlIGNhbGFtYXIu
Zm9wAw,,W0t1c2VraWxpXQpJIGxpa2UgeW91ciBhdHRpdHVkZSEKSSdsbCBnZXQgdGhlIHJlbWFpbmluZyBpbmdyZWRpZW50cyByZWFkeS4KU28ganVzdCBnZXQgbWUgc29tZSBmcmVzaCBTcXVpZCBJbmssIG9rYXk/,,,,,W0t1c2VraWxpXQpHb3N0ZWkgZGEgc3VhIGF0aXR1ZGUhClZvdSBwcmVwYXJhciBvcyBpbmdyZWRpZW50ZXMgcmVzdGFudGVzLgpFbnTDo28sIHRyYWdhLW1lIHVtIHBvdWNvIGRlIFRpbnRhIGRlIFBvbHZvIGZyZXNjYSwgZXN0w6EgYmVtPw==,,W0t1c2VraWxpXQrCoU1lIGd1c3RhIHR1IGFjdGl0dWQhClByZXBhcmFyw6kgZWwgcmVzdG8gZGUgbG9zIGluZ3JlZGllbnRlcy4KQXPDrSBxdWUgdHLDoWVtZSB1biBwb2NvIGRlIFRpbnRhIGRlIGNhbGFtYXIgZnJlc2NhLCDCv3PDrT8=
Z29wAw,,W0t1c2VraWxpXQpJcyB0aGF0IHNvPwpXaGF0IHNob3VsZCBJIGNvb2sgdG9kYXksIHRoZW4/IFNlYXdlZWQgcGFzdGE/IFRlbnRhY2xlIG5vb2RsZXM/,,,,,W0t1c2VraWxpXQrDiSBpc3NvIG1lc21vPwpPIHF1ZSBkZXZvIGNvemluaGFyIGhvamUsIGVudMOjbz8gTWFzc2EgY29tIGFsZ2FzIG1hcmluaGFzPyBNYWNhcnLDo28gY29tIHRlbnTDoWN1bG9zPw==,,W0t1c2VraWxpXQrCv0RlIHZlcmRhZD8Kwr9RdcOpIGRlYmVyw61hIGNvY2luYXIgaG95PyDCv1Bhc3RhIGNvbiBhbGdhcz8gwr9GaWRlb3MgY29uIHRlbnTDoWN1bG9zPw==
aG9wAw,,W0t1c2VraWxpXQpXb3csIHdvbmRlcmZ1bCEKTm93IEknbGwganVzdCBhZGQgaXQgdG8gdGhlIGJyb3RoLCBhbmQgLi4uClNwYXduIFNxdWlkIEluayBTb3VwIGlzIGZpbmlzaGVkIQ==,,,,,W0t1c2VraWxpXQpVYXUsIHF1ZSBtYXJhdmlsaGEhCkFnb3JhIHZvdSBhY3Jlc2NlbnRhciBhbyBjYWxkbyBlIC4uLgpBIFNvcGEgZGUgVGludGEgZGUgUG9sdm8gZSBPdmEgZGUgU2FwbyBlc3TDoSBwcm9udGEh,,W0t1c2VraWxpXQrCoUd1YXUsIG1hcmF2aWxsb3NvIQpBaG9yYSwgc29sbyB0ZW5nbyBxdWUgYWdyZWdhcmxhIGFsIGNhbGRvIHnigKYKwqFsYSBTb3BhIGRlIHRpbnRhIGRlIGNhbGFtYXIgY29uIGh1ZXZvcyBkZSByYW5hIGVzdMOhIGxpc3RhIQ==
aW9wAw,,W0t1c2VraWxpXQpUaGFua3MgdG8geW91LCBhbm90aGVyIGZpbmUgZGlzaCBpcyBzZXJ2ZWQhClRoYW5rcywgYnVkZHkh,,,,,W0t1c2VraWxpXQpHcmHDp2FzIGEgdm9jw6osIG1haXMgdW0gYmVsbyBwcmF0byBmb2kgc2VydmlkbyEKT2JyaWdhZG8sIGFtaWdvIQ==,,W0t1c2VraWxpXQrCoUdyYWNpYXMgYSB0aSwgcHJlcGFyw6kgb3RybyBwbGF0byBkZSBwcmltZXJhIQrCoUdyYWNpYXMsIGNvbGVnYSE=
am9wAw,,W0t1c2VraWxpXQpPaCwgaGVyZS4KVGFrZSB0aGlzIHRvIEVybmVzdC4KSGUgbXVzdCBiZSBzdGFydmluZy4=,,,,,W0t1c2VraWxpXQpBaCwgYXF1aS4KTGV2ZSBpc3NvIHBhcmEgbyBFcm5lc3QuCkVsZSBkZXZlIGVzdGFyIG1vcnJlbmRvIGRlIGZvbWUu,,W0t1c2VraWxpXQpBaCwgdG9tYS4KTGzDqXZhbGUgZXN0byBhIEVybmVzdC4KRGViZSBlc3RhciBoYW1icmllbnRvLg==
a29wAw,,TWVtYmVyIE5vbmRhIEFua2FuYQ==,,,,,TWVtYnJvIE5vbmRhIEFua2FuYQ==,,TWVtYmVyIE5vbmRhIEFua2FuYQ==
bG9wAw,,W05vbmRhIEFua2FuYV0KV2hvIGlzIHRoYXQgd29tYW4gLi4uPwpUaGF0IGxvdmVseSBsYWR5IHdobyBhcHBlYXJzIGhlcmUgYW5kIHRoZXJlIC4uLg==,,,,,W05vbmRhIEFua2FuYV0KUXVlbSDDqSBlc3NhIG11bGhlci4uLj8KRXNzYSBhZG9yw6F2ZWwgbW/Dp2EgcXVlIGFwYXJlY2UgYXF1aSBlIGFsaSAuLi4=,,W05vbmRhIEFua2FuYV0Kwr9RdWnDqW4gZXMgZXNhIG11amVy4oCmPwpFc2EgZW5jYW50YWRvcmEgZGFtYSBxdWUgYXBhcmVjZSBwb3IgYXF1w60geSBwb3IgYWxsw6HigKY=
bW9wAw,,W05vbmRhIEFua2FuYV0KV2hvLCBNYXhpbT8gSGUncyByaWdodCBoZXJlLgpIYWhhLCBhbnl3YXkgLi4uIFRoaXMgVW5kZXJzZWEgVHVubmVsIHN1cmUgaXMgbmVhdCwgaXNuJ3QgaXQ/,,,,,W05vbmRhIEFua2FuYV0KUXVlbSwgTWF4aW0/IEVsZSBlc3TDoSBiZW0gYXF1aS4KSGFoYSwgZW5maW0uLi4gRXNzZSBUw7puZWwgU3VibWFyaW5vIMOpIG11aXRvIGxlZ2FsLCBuw6NvIMOpPw==,,W05vbmRhIEFua2FuYV0Kwr9RdWnDqW4/IMK/TWF4aW0/IEVzdMOhIGp1c3RvIGFxdcOtLgpKYSwgamEsIGVuIGZpbuKApiBFc3RlIHTDum5lbCBzdWJtYXJpbm8gZXMgbXV5IGJvbml0bywgwr92ZXJkYWQ/
bm9wAw,,W05vbmRhIEFua2FuYV0KSXQgc3VyZSB3b3VsZCBiZSBuaWNlIHRvIHRha2UgYSByZWxheGluZyBzdHJvbGwgYXJvdW5kIC4uLgpPbmNlIEkgZmluaXNoIHRoaXMgbGlxdW9yLCBvZiBjb3Vyc2Uh,,,,,W05vbmRhIEFua2FuYV0KQ29tIGNlcnRlemEgc2VyaWEgYm9tIGRhciB1bSBwYXNzZWlvIHJlbGF4YW50ZSBwb3IgYcOtLi4uCkFzc2ltIHF1ZSBldSB0ZXJtaW5hciBlc3NlIGxpY29yLCDDqSBjbGFybyE=,,W05vbmRhIEFua2FuYV0KU2Vyw61hIGFncmFkYWJsZSBkYXIgdW4gcGFzZW8gcmVsYWphbnRl4oCmCsKhQ3VhbmRvIHRlcm1pbmUgZXN0ZSBsaWNvciwgY2xhcm8h
b29wAw,,W05vbmRhIEFua2FuYV0KRGlkIHlvdSBjb21lIGhlcmUgdG8gZW5qb3kgdGhlIHNjZW5lcnksIHRvbz8KVGhpcyBVbmRlcnNlYSBUdW5uZWwgaXMgZ2xpdHRlcmluZywgbGl0ZXJhbGx5IQpJJ2QgbGlrZSB0byBnbyBzZWUgd2hhdCBsaWVzIGJlbG93LCBidXQgaXQgbG9va3MgbGlrZSBpdCB3b3VsZCBiZSB0b28gZGFuZ2Vyb3VzLg==,,,,,W05vbmRhIEFua2FuYV0KVm9jw6ogdmVpbyBhcXVpIHBhcmEgYXByZWNpYXIgYSBwYWlzYWdlbSB0YW1iw6ltPwpFc3RlIFTDum5lbCBTdWJtYXJpbm8gZXN0w6EgYnJpbGhhbmRvLCBsaXRlcmFsbWVudGUhClF1ZXJpYSBpciB2ZXIgbyBxdWUgZXN0w6EgbMOhIGVtYmFpeG8sIG1hcyBwYXJlY2UgcXVlIHNlcmlhIG11aXRvIHBlcmlnb3NvLg==,,W05vbmRhIEFua2FuYV0Kwr9UYW1iacOpbiB2aW5pc3RlIGEgZGlzZnJ1dGFyIGRlbCBwYWlzYWplPwrCoUVzdGUgdMO6bmVsIHN1Ym1hcmlubyBicmlsbGEsIGxpdGVyYWxtZW50ZSEKTWUgZ3VzdGFyw61hIGlyIGEgdmVyIHF1w6kgaGF5IGFiYWpvLCBwZXJvIHBhcmVjZSBxdWUgc2Vyw61hIG11eSBwZWxpZ3Jvc28u
cG9wAw,,W05vbmRhIEFua2FuYV0KT2gsIGEgbWVybWFpZCAuLi4KQ291bGQgc3VjaCBhIHRoaW5nIHRydWx5IGJlIHRoZSB2aWNpb3VzIE9iZWF1bmU/,,,,,W05vbmRhIEFua2FuYV0KQWgsIHVtYSBzZXJlaWEuLi4KU2Vyw6EgcXVlIGFxdWlsbyBwb2RlcmlhIHNlciBtZXNtbyBhIHBlcnZlcnNhIE9iZWF1bmU/,,W05vbmRhIEFua2FuYV0KQWgsIHVuYSBzaXJlbmHigKYKwr9Qb2Ryw61hIGVzYSBjb3NhIHNlciByZWFsbWVudGUgbGEgY3J1ZWwgT2JlYXVuZT8=
cW9wAw,,W05vbmRhIEFua2FuYV0KV2VsbCwgYm90dG9tcyB1cCEKVG8gdW5yZXF1aXRlZCBsb3ZlIQ==,,,,,W05vbmRhIEFua2FuYV0KQmVtLCB2YW1vcyBsw6EhCkFvIGFtb3IgbsOjbyBjb3JyZXNwb25kaWRvIQ==,,W05vbmRhIEFua2FuYV0KQnVlbm8sIMKhaGFzdGEgZWwgZm9uZG8hCsKhUG9yIGVsIGFtb3Igbm8gY29ycmVzcG9uZGlkbyE=
cm9wAw,,W05vbmRhIEFua2FuYV0KQnV0IHRoYXQncyBqdXN0IHRoZSB0aGluZy4KWW91IGNhbid0IGp1ZGdlIGEgYm9vayBieSBpdHMgY292ZXIhCklmIHN1Y2ggYSBiZWF1dGlmdWwgd29tYW4gY2FuIGJlIHRoZSBydXRobGVzcyBPYmVhdW5lIC4uLg==,,,,,W05vbmRhIEFua2FuYV0KTWFzIMOpIGV4YXRhbWVudGUgaXNzby4KTsOjbyBzZSBwb2RlIGp1bGdhciB1bSBsaXZybyBwZWxhIGNhcGEhClNlIHVtYSBtdWxoZXIgdMOjbyBib25pdGEgcG9kZSBzZXIgYSBpbXBsYWPDoXZlbCBPYmVhdW5lIC4uLg==,,W05vbmRhIEFua2FuYV0KUGVybyBlc2EgZXMgbGEgY3Vlc3Rpw7NuLgrCoU5vIHNlIHB1ZWRlIGp1emdhciB1biBsaWJybyBwb3Igc3UgcG9ydGFkYSEKU2kgdW5hIG11amVyIHRhbiBoZXJtb3NhIHB1ZWRlIHNlciBsYSBkZXNwaWFkYWRhIE9iZWF1bmXigKY=
c29wAw,,W05vbmRhIEFua2FuYV0KSSBndWVzcyB3ZSdsbCBqdXN0IGhhdmUgdG8gZ2V0IHJpZCBvZiBoZXIhClNvIHRoYXQgbm8gb25lIHdpbGwgYmUgZW5hbW9yZWQgYnkgaGVyIGJlYXV0eSE=,,,,,W05vbmRhIEFua2FuYV0KQWNobyBxdWUgdmFtb3MgdGVyIHF1ZSBub3MgbGl2cmFyIGRlbGEhClBhcmEgcXVlIG5pbmd1w6ltIGZpcXVlIGVuY2FudGFkbyBjb20gc3VhIGJlbGV6YSE=,,W05vbmRhIEFua2FuYV0KwqFTdXBvbmdvIHF1ZSB0ZW5kcmVtb3MgcXVlIGRlc2hhY2Vybm9zIGRlIGVsbGEhCsKhUGFyYSBxdWUgbmFkaWUgc2UgZW5hbW9yZSBkZSBzdSBiZWxsZXphIQ==
dG9wAw,,SGVyZSBoZXJlIQ==,,,,,QXF1aSwgYXF1aSE=,,wqFDaGluY2jDrW4h
dW9wAw,,W05vbmRhIEFua2FuYV0KWWVzLCBpbmRlZWQuCkl0IG1pZ2h0IGJlIGNydWVsLCBidXQgd2UgaGF2ZSBubyBvdGhlciBvcHRpb24uClNvIHRoYXQgbm8gb25lIHdpbGwgZmFsbCB2aWN0aW0gdG8gdGhpcyBzaXJlbiE=,,,,,W05vbmRhIEFua2FuYV0KU2ltLCBkZSBmYXRvLgpQb2RlIHNlciBjcnVlbCwgbWFzIG7Do28gdGVtb3Mgb3V0cmEgb3DDp8Ojby4KUGFyYSBxdWUgbmluZ3XDqW0gc2VqYSB2w610aW1hIGRlc3NhIHNlcmVpYSE=,,W05vbmRhIEFua2FuYV0KU8OtLCBlbiBlZmVjdG8uClB1ZWRlIHF1ZSBzZWEgY3J1ZWwsIHBlcm8gbm8gdGVuZW1vcyBvdHJhIG9wY2nDs24uCsKhUGFyYSBxdWUgbmFkaWUgc2VhIHbDrWN0aW1hIGRlIGVzdGEgT2JlYXVuZSE=
dm9wAw,,W05vbmRhIEFua2FuYV0KRGVmZWF0IE9iZWF1bmUgYW5kIGJyaW5nIG1lIGhlciBoZWFydCBhcyBldmlkZW5jZS4KVGhhdCBpcywgaWYgc2hlIHJlYWxseSBpcyBPYmVhdW5lLg==,,,,,W05vbmRhIEFua2FuYV0KRGVycm90ZSBPYmVhdW5lIGUgbWUgdHJhZ2Egc2V1IGNvcmHDp8OjbyBjb21vIHByb3ZhLgpJc3RvIMOpLCBzZSBlbGEgcmVhbG1lbnRlIGZvciBhIE9iZWF1bmUu,,W05vbmRhIEFua2FuYV0KRGVycm90YSBhIGxhIE9iZWF1bmUgeSB0csOhZW1lIHN1IGNvcmF6w7NuIGNvbW8gZXZpZGVuY2lhLgpFcyBkZWNpciwgc2kgcmVhbG1lbnRlIGVzIHVuYSBPYmVhdW5lLg==
d29wAw,,W05vbmRhIEFua2FuYV0KV2h5PyBXaHkgY2FuJ3QgeW91IGhlbHA/ClNoZSByZWFsbHkgaXNuJ3QgT2JlYXVuZSwgaXMgc2hlPwpTaGUncyBqdXN0IHNvbWUgcHJldHR5IHdvbWFuLCByaWdodD8KQXJlIHlvdSBpZ25vcmluZyBtZT8=,,,,,W05vbmRhIEFua2FuYV0KUG9yIHF1w6o/IFBvciBxdWUgbsOjbyBwb2RlIGFqdWRhcj8KRWxhIG7Do28gw6kgbWVzbW8gYSBPYmVhdW5lLCDDqT8Kw4kgYXBlbmFzIHVtYSBtdWxoZXIgYm9uaXRhLCBjZXJ0bz8KRXN0w6EgbWUgaWdub3JhbmRvPw==,,W05vbmRhIEFua2FuYV0Kwr9Qb3IgcXXDqT8gwr9Qb3IgcXXDqSBubyBwdWVkZXMgYXl1ZGFyPwpFbiByZWFsaWRhZCBubyBlcyB1bmEgT2JlYXVuZSwgwr9ubz8KU29sbyBlcyB1bmEgbXVqZXIgYm9uaXRhLCDCv3ZlcmRhZD8Kwr9NZSBlc3TDoXMgaWdub3JhbmRvPw==
eG9wAw,,W05vbmRhIEFua2FuYV0KSWYgdGhhdCByZWFsbHkgaXMgT2JlYXVuZSwKZGVmZWF0IGhlciBhbmQgYnJpbmcgbWUgaGVyIGhlYXJ0Lg==,,,,,W05vbmRhIEFua2FuYV0KU2UgZXNzYSBmb3IgbWVzbW8gYSBPYmVhdW5lLApkZXJyb3RlLWEgZSB0cmFnYS1tZSBzZXUgY29yYcOnw6NvLg==,,W05vbmRhIEFua2FuYV0KU2kgcmVhbG1lbnRlIGVzIHVuYSBPYmVhdW5lLApkZXJyw7N0YWxhIHkgdHLDoWVtZSBzdSBjb3JhesOzbi4=
eW9wAw,,W05vbmRhIEFua2FuYV0KV2VsbCwgd291bGQgeW91IGxvb2sgYXQgdGhhdC4KVGhlIGhlYXJ0IG9mIGEgbWVybWFpZCwgYXMgY2xlYXIgYXMgZGF5Lg==,,,,,W05vbmRhIEFua2FuYV0KQmVtLCBkw6ogdW1hIG9saGFkYSBuaXNzby4KTyBjb3Jhw6fDo28gZGUgdW1hIHNlcmVpYSwgY2xhcm8gY29tbyBvIGRpYS4=,,W05vbmRhIEFua2FuYV0KQnVlbm8sIG1pcmEgZXNvLgpFbCBjb3JhesOzbiBkZSB1bmEgT2JlYXVuZSwgdGFuIGNsYXJvIGNvbW8gZWwgYWd1YS4=
em9wAw,,W05vbmRhIEFua2FuYV0KRGFybiBhbGNvaG9sIG11c3QgaGF2ZSBtYWRlIG1lIHNlZSB0aGluZ3MgLi4uCldlbGwgLi4uIHNvcnJ5IGZvciBwdXR0aW5nIHlvdSB0aHJvdWdoIHRoYXQu,,,,,W05vbmRhIEFua2FuYV0KTyBtYWxkaXRvIMOhbGNvb2wgZGV2ZSB0ZXIgbWUgZmVpdG8gdmVyIGNvaXNhcy4uLgpCZW0uLi4gZGVzY3VscGUgcG9yIGZhemVyIHZvY8OqIHBhc3NhciBwb3IgaXNzby4=,,W05vbmRhIEFua2FuYV0KRGVibyBlc3RhciB2aWVuZG8gY29zYXMgcG9yIGN1bHBhIGRlbCBtYWxkaXRvIGFsY29ob2zigKYKQnVlbm/igKYgc2llbnRvIGhhYmVydGUgaGVjaG8gcGFzYXIgcG9yIGVzby4=
e29wAw,,W05vbmRhIEFua2FuYV0KR29pbmcgZm9yIGEgc3Ryb2xsIGlzIGdyZWF0LCBidXQgbWF5YmUgSSBzaG91bGQgbGF5IG9mZiB0aGUgYm9vemUgYSBsaXR0bGUuClRoYW5rcyBmb3IgaGVscGluZyBtZSBvdXQgYWxsIHRoZSB0aW1lLg==,,,,,W05vbmRhIEFua2FuYV0KRGFyIHVtIHBhc3NlaW8gw6kgw7N0aW1vLCBtYXMgdGFsdmV6IGV1IGRldmVzc2UgcGFyYXIgdW0gcG91Y28gY29tIGEgYmViaWRhLgpPYnJpZ2FkbyBwb3IgbWUgYWp1ZGFyIG8gdGVtcG8gdG9kby4=,,W05vbmRhIEFua2FuYV0KRXMgYnVlbm8gc2FsaXIgYSBwYXNlYXIsIHBlcm8gcXVpesOhIGRlYmVyw61hIGRlamFyIHVuIHBvY28gbGEgYmViaWRhLgpHcmFjaWFzIHBvciBheXVkYXJtZS4=
fG9wAw,,W05vbmRhIEFua2FuYV0KSGV5LCBJIGFtIG5vdCBkcnVuayAuLiEgSGljIQpTaGUgd2FzIGRlZmluaXRlbHkganVzdCBhIHByZXR0eSBsYWR5Lg==,,,,,W05vbmRhIEFua2FuYV0KRWksIG7Do28gZXN0b3UgYsOqYmFkby4uLiEgSGljIQpEZWZpbml0aXZhbWVudGUsIGVyYSBhcGVuYXMgdW1hIG11bGhlciBib25pdGEu,,W05vbmRhIEFua2FuYV0KwqFPeWUsIG5vIGVzdG95IGJvcnJhY2hv4oCmISAqwqFIaXAhKgpEZWZpbml0aXZhbWVudGUsIHNvbG8gZXJhIHVuYSBtdWplciBib25pdGEu
fW9wAw,,SGV5LCBjdXQgdGhhdCBvdXQsIHdpbGwgeW91Pw==,,,,,RWksIHBhcmUgY29tIGlzc28sIGVzdMOhIGJlbT8=,,T3llLCBkZWphIGVzbywgwr9xdWllcmVzPw==
fm9wAw,,W05vbmRhIEFua2FuYV0KU2hlIHdhcyBkZWZpbml0ZWx5IG5vdCBhIG1lcm1haWQgbW9uc3Rlci4KSSB3b24ndCBiZWxpZXZlIHlvdSBpZiB5b3UgZG9uJ3QgaGF2ZSBldmlkZW5jZSEKQnJpbmcgbWUgc29tZSBwcm9vZiE=,,,,,W05vbmRhIEFua2FuYV0KRWxhIGRlZmluaXRpdmFtZW50ZSBuw6NvIGVyYSB1bSBtb25zdHJvIHNlcmVpYS4KTsOjbyB2b3UgYWNyZWRpdGFyIGVtIHZvY8OqIHNlIG7Do28gdGl2ZXIgcHJvdmFzIQpUcmFnYS1tZSB1bWEgcHJvdmEh,,W05vbmRhIEFua2FuYV0KRGVmaW5pdGl2YW1lbnRlLCBubyBlcmEgdW4gbW9uc3RydW8gT2JlYXVuZS4KwqFObyB0ZSBjcmVlcsOpIHNpIG5vIHRpZW5lcyBldmlkZW5jaWEhCsKhVHLDoWVtZSBhbGd1bmEgcHJ1ZWJhIQ==
f29wAw,,W01heGltXQpUb28gbGF0ZSBmb3IgdGhhdCBvbmUsIEknbSBhZnJhaWQuCk5leHQgdGltZSBJJ2xsIGJlIHN1cmUgdG8gaGlkZSB0aGUgYm9vemUu,,,,,W01heGltXQpSZWNlaW8gcXVlIHNlamEgdGFyZGUgZGVtYWlzIHBhcmEgaXNzby4KRGEgcHLDs3hpbWEgdmV6LCB2b3UgbWUgY2VydGlmaWNhciBkZSBlc2NvbmRlciBhIGJlYmlkYS4=,,W01heGltXQpNZSB0ZW1vIHF1ZSBlcyBkZW1hc2lhZG8gdGFyZGUgcGFyYSBlc28uCkxhIHByw7N4aW1hIHZleiwgbWUgYXNlZ3VyYXLDqSBkZSBlc2NvbmRlciBsYSBiZWJpZGEu
gG9wAw,,W05vbmRhIEFua2FuYV0KVGhlIGxhZHkgSSBzYXcgbGFzdCB0aW1lPyBTdXJlLCB0aGF0IHdhcyBwcm9iYWJseSBPYmVhdW5lLgpCdXQgSSBzYXcgYW5vdGhlciBvbmUgdG9kYXkhClN1cmVseSB0aGF0IGNhbid0IGJlIGhlciE=,,,,,W05vbmRhIEFua2FuYV0KQSBtb8OnYSBxdWUgdmkgZGEgw7psdGltYSB2ZXo/IENsYXJvLCBwcm92YXZlbG1lbnRlIGVyYSBhIE9iZWF1bmUuCk1hcyB2aSBvdXRyYSBob2plIQpDb20gY2VydGV6YSBuw6NvIHBvZGUgc2VyIGVsYSE=,,W05vbmRhIEFua2FuYV0Kwr9MYSBkYW1hIHF1ZSB2aSBsYSB2ZXogcGFzYWRhPyBTw60sIHByb2JhYmxlbWVudGUgZXJhIHVuYSBPYmVhdW5lLgrCoVBlcm8gaG95IHZpIGEgb3RyYSEKwqFTZWd1cm8gcXVlIG5vIHB1ZWRlIHNlciBlbGxhIQ==
gW9wAw,,SXQncyBPYmVhdW5lLCBkZWZpbml0ZWx5Lg==,,,,,w4kgYSBPYmVhdW5lLCBzZW0gZMO6dmlkYS4=,,RGVmaW5pdGl2YW1lbnRlIGVzIHVuYSBPYmVhdW5lLg==
gm9wAw,,SWdub3JlIGhpbS4=,,,,,SWdub3LDoS1sby4=,,SWdub3JhcmxvLg==
g29wAw,,W05vbmRhIEFua2FuYV0KVGhlbiBicmluZyBtZSBzb21lIGV2aWRlbmNlIQpZZWFoLCBicmluZyBtZSBoZXIgXjRENERGRmhlYXJ0XjAwMDAwMC4=,,,,,W05vbmRhIEFua2FuYV0KRW50w6NvLCB0cmFnYS1tZSBhbGd1bWEgcHJvdmEhClNpbSwgdHJhZ2EtbWUgc2V1IF40RDRERkZjb3Jhw6fDo29eMDAwMDAwLg==,,W05vbmRhIEFua2FuYV0KwqFFbnRvbmNlcywgdHLDoWVtZSBhbGd1bmEgZXZpZGVuY2lhIQpTw60sIHRyw6FlbWUgc3UgXjRENERGRmNvcmF6w7NuXjAwMDAwMC4=
hG9wAw,,W05vbmRhIEFua2FuYV0KV2Ugd2lsbCBmaW5kIG91dCBvbmNlIGFuZCBmb3IgYWxsIGlmIHRoZSByZWQtaGFpcmVkIGRhbWUgd2hvIHJvYW1zIGFyb3VuZCBoZXJlIGlzIE9iZWF1bmUgb3Igbm90IHdpdGggaGVyIGhlYXJ0IQ==,,,,,W05vbmRhIEFua2FuYV0KVmFtb3MgZGVzY29icmlyIGRlIHVtYSB2ZXogcG9yIHRvZGFzIHNlIGEgZGFtYSBkZSBjYWJlbG9zIHZlcm1lbGhvcyBxdWUgYW5kYSBwb3IgYXF1aSDDqSBhIE9iZWF1bmUgb3UgbsOjbyBjb20gc2V1IGNvcmHDp8OjbyE=,,W05vbmRhIEFua2FuYV0KwqFDb24gc3UgY29yYXrDs24sIGRlc2N1YnJpcmVtb3MgZGUgdW5hIHZleiBwb3IgdG9kYXMgc2kgbGEgZGFtYSBwZWxpcnJvamEgcXVlIHZhZ2EgcG9yIGFxdcOtIGVzIHVuYSBPYmVhdW5lIG8gbm8h
hW9wAw,,W05vbmRhIEFua2FuYV0KSSdtIGRydW5rLCBidXQgdGhhdCBkb2Vzbid0IG1lYW4gSSdtIHN0dXBpZC4KSGFoYWhhaGFoYWhhISE=,,,,,W05vbmRhIEFua2FuYV0KRXN0b3UgYsOqYmFkbywgbWFzIGlzc28gbsOjbyBxdWVyIGRpemVyIHF1ZSBzb3UgYnVycm8uCkhhaGFoYWhhaGFoYSEhIQ==,,W05vbmRhIEFua2FuYV0KRXN0b3kgYm9ycmFjaG8sIHBlcm8gZXNvIG5vIHNpZ25pZmljYSBxdWUgc2VhIGVzdMO6cGlkby4KwqFKYSwgamEsIGphLCBqYSwgamEsIGphIQ==
hm9wAw,,TGVhZGVyIE1heGlt,,,,,TMOtZGVyIE1heGlt,,TGVhZGVyIE1heGlt
h29wAw,,W01heGltXQpIbW0sIHRoaXMgaXMgYSBuaWNlIHBsYWNlLCB0b28uCkl0J3MgY2hpbGx5IGFuZCBxdWl0ZSByZWZyZXNoaW5nLg==,,,,,W01heGltXQpIbW0sIGVzdGUgdGFtYsOpbSDDqSB1bSBsdWdhciBhZ3JhZMOhdmVsLgrDiSBmcmlvIGUgYmFzdGFudGUgcmVmcmVzY2FudGUu,,W01heGltXQpNbW0sIGVzdGUgdGFtYmnDqW4gZXMgdW4gbHVnYXIgYWdyYWRhYmxlLgpIYWNlIGZyw61vIHkgZXMgYmFzdGFudGUgcmVmcmVzY2FudGUu
iG9wAw,,W01heGltXQpTdXJlLCBpdCByZWVrcyBvZiBmaXNoLApidXQgaXQncyBhIG5pY2UgcGxhY2UgdG8gcmVsYXgu,,,,,W01heGltXQpDbGFybywgY2hlaXJhIGEgcGVpeGUsCm1hcyDDqSB1bSBib20gbHVnYXIgcGFyYSByZWxheGFyLg==,,W01heGltXQpDbGFybyBxdWUgYXBlc3RhIGEgcGVzY2FkbywKcGVybyBlcyB1biBsdWdhciBhZ3JhZGFibGUgcGFyYSByZWxhamFyc2Uu
iW9wAw,,W01heGltXQpXaGF0IGlzIGl0PwpEaWQgRXJuZXN0IHNlbmQgeW91PwpZZXMsIEkgYW0gTWF4aW0uIFRoZSBsZWFkZXIgb2YgdGhlIHRlYW0u,,,,,W01heGltXQpPIHF1ZSDDqSBpc3NvPwpPIEVybmVzdCBlbnZpb3Ugdm9jw6o/ClNpbSwgc291IG8gTWF4aW0uIE8gbMOtZGVyIGRhIGVxdWlwZS4=,,W01heGltXQrCv1F1w6kgc3VjZWRlPwrCv1RlIGVudmnDsyBFcm5lc3Q/ClPDrSwgc295IE1heGltLiBFbCBsw61kZXIgZGVsIGVxdWlwby4=
im9wAw,,W01heGltXQpIbW0gLi4uIFNvbWV0aGluZyBtdXN0IGJlIHdyb25nIHdpdGggRXJuZXN0LgouLi4gV2UgYXJlIGRvaW5nIG91ciBiZXN0IGhlcmUu,,,,,W01heGltXQpIbW0gLi4uIEFsZ28gZGV2ZSBlc3RhciBlcnJhZG8gY29tIG8gRXJuZXN0LgouLi4gRXN0YW1vcyBmYXplbmRvIG8gbm9zc28gbWVsaG9yIGFxdWku,,W01heGltXQpNbW3igKYgTGUgZGViZSBoYWJlciBwYXNhZG8gYWxnbyBhIEVybmVzdC4K4oCmIEhhY2Vtb3MgdG9kbyBsbyBxdWUgcG9kZW1vcy4=
i29wAw,,W01heGltXQpXZSB3aWxsIHRha2UgY2FyZSBvZiBoaW0hCkRvbid0IHlvdSB3b3JyeSE=,,,,,W01heGltXQpWYW1vcyBjdWlkYXIgZGVsZSEKTsOjbyBzZSBwcmVvY3VwZSE=,,W01heGltXQrCoU5vc290cm9zIGxvIGN1aWRhcmVtb3MhCsKhTm8gdGUgcHJlb2N1cGVzIQ==
jG9wAw,,QW55IHByb2dyZXNzPw==,,,,,QWxndW0gcHJvZ3Jlc3NvPw==,,wr9BbGfDum4gYXZhbmNlPw==
jW9wAw,,W01heGltXQpIYWhhaGEhCldlJ3JlIGRvaW5nIGZpbmUhCkZvciBpbnN0YW5jZSwgd2UndmUgZGlzY292ZXJlZCBob3cgdG8gc3RhcnQgYSBmaXJlIGluIGV4dHJlbWUgaHVtaWRpdHku,,,,,W01heGltXQpIYWhhaGEhCkVzdGFtb3MgaW5kbyBiZW0hClBvciBleGVtcGxvLCBkZXNjb2JyaW1vcyBjb21vIGFjZW5kZXIgZm9nbyBlbSBjb25kacOnw7VlcyBkZSBleHRyZW1hIHVtaWRhZGUu,,W01heGltXQrCoUphLCBqYSwgamEhCsKhVmFtb3MgYmllbiEKUG9yIGVqZW1wbG8sIGRlc2N1YnJpbW9zIGPDs21vIGVuY2VuZGVyIGZ1ZWdvIGVuIGNvbmRpY2lvbmVzIGRlIGh1bWVkYWQgZXh0cmVtYS4=
jm9wAw,,W01heGltXQpXZSd2ZSBhbHNvIGRpc2NvdmVyZWQgdGhhdCB0aGUgY2xpbWF0ZSBpcyBwZXJmZWN0IGZvciB0aGUgY29uc3VtcHRpb24gb2YgYWxjb2hvbCEKQW5kIGFib3ZlIGFsbCBlbHNlLCB3ZSd2ZSBkaXNjb3ZlcmVkIHRoYXQgTWFyc2UgaXMgc3VycHJpc2luZ2x5IGRlbGljaW91cy4=,,,,,W01heGltXQpUYW1iw6ltIGRlc2NvYnJpbW9zIHF1ZSBvIGNsaW1hIMOpIHBlcmZlaXRvIHBhcmEgbyBjb25zdW1vIGRlIMOhbGNvb2whCkUsIGFjaW1hIGRlIHR1ZG8sIGRlc2NvYnJpbW9zIHF1ZSBNYXJ0ZSDDqSBzdXJwcmVlbmRlbnRlbWVudGUgZGVsaWNpb3NvLg==,,W01heGltXQrCoVRhbWJpw6luIGRlc2N1YnJpbW9zIHF1ZSBlbCBjbGltYSBlcyBwZXJmZWN0byBwYXJhIGNvbnN1bWlyIGFsY29ob2whClksIHNvYnJlIHRvZG8sIGRlc2N1YnJpbW9zIHF1ZSBsb3MgTWFyc2Ugc29uIHNvcnByZW5kZW50ZW1lbnRlIGRlbGljaW9zb3Mu
j29wAw,,W01heGltXQpFdmVuIGlmIHlvdSBzdGF5IGhlcmUgZm9yIGEgd2VlaywgaXQnbGwgc3RpbGwgZmVlbCBmcmVzaCBhbmQgbmV3IQpIYWhhaGEh,,,,,W01heGltXQpNZXNtbyBxdWUgdm9jw6ogZmlxdWUgYXF1aSBwb3IgdW1hIHNlbWFuYSwgYWluZGEgc2Ugc2VudGlyw6EgZnJlc2NvIGUgbm92byEKSGFoYWhhIQ==,,W01heGltXQpBdW5xdWUgdGUgcXVlZGVzIGFxdcOtIHVuYSBzZW1hbmEsIMKhc2VndWlyw6Egc2ludGnDqW5kb3NlIGZyZXNjbyB5IG51ZXZvIQrCoUphLCBqYSwgamEh
kG9wAw,,W01heGltXQpZb3UncmUgYW4gQWR2ZW50dXJlcj8KQmUgY2FyZWZ1bCEKVGhpcyBwbGFjZSBpcyB0b28gZGFuZ2Vyb3VzIGZvciB5b3Uh,,,,,W01heGltXQpWb2PDqiDDqSB1bSBBdmVudHVyZWlybz8KVG9tZSBjdWlkYWRvIQpFc3RlIGx1Z2FyIMOpIG11aXRvIHBlcmlnb3NvIHBhcmEgdm9jw6oh,,W01heGltXQrCv0VyZXMgdHJvdGFtdW5kb3M/CsKhVGVuIGN1aWRhZG8hCsKhRXN0ZSBsdWdhciBlcyBtdXkgcGVsaWdyb3NvIHBhcmEgdGkh
kW9wAw,,W01heGltXQpPaCwgeW91J3JlIHRoZSBBZHZlbnR1cmVyIHdobyBhY2NlcHRlZCBvdXIgcXVlc3QhIEdvIGdldCByaWQgb2YgdGhvc2UgbW9uc3RlcnMh,,,,,W01heGltXQpBaCwgdm9jw6ogw6kgbyBBdmVudHVyZWlybyBxdWUgYWNlaXRvdSBub3NzYSBtaXNzw6NvISBWw6Egc2UgbGl2cmFyIGRlc3NlcyBtb25zdHJvcyE=,,W01heGltXQrCoUFoLCBlcmVzIGxhIHBlcnNvbmEgcXVlIGFjZXB0w7MgbnVlc3RyYSBtaXNpw7NuISDCoURlc2hhenRlIGRlIGVzb3MgbW9uc3RydW9zIQ==
km9wAw,,XjRENERGRlF1ZXN0IFByZXJlcXVpc2l0ZXM6CkVkZW4gR3JvdXAgcXVlc3QgW0Fubm95aW5nIEd1YXJkc10gY29tcGxldGVkOyBjb29sZG93biByZXNldC5eMDAwMDAw,,,,,XjRENERGRlByw6ktcmVxdWlzaXRvcyBkYSBtaXNzw6NvOgpNaXNzw6NvIGRvIEdydXBvIMOJZGVuIFtHdWFyZGFzIElycml0YW50ZXNdIGNvbmNsdcOtZGE7IHRlbXBvIGRlIGVzcGVyYSByZWluaWNpYWRvLl4wMDAwMDA=,,XjRENERGRlJlcXVpc2l0b3MgcHJldmlvcyBkZSBsYSBtaXNpw7NuOgpNaXNpw7NuIFtFc3RvcmJvIGRlIGd1YXJkaWFzXSBkZWwgR3J1cG8gZGUgRWTDqW4gY29tcGxldGFkYTsgdGllbXBvIGRlIGVzcGVyYSByZXN0YWJsZWNpZG8uXjAwMDAwMA==
k29wAw,,W01heGltXQpXZSBhcmUgbm90IGp1c3QgbG91bmdpbmcgYXJvdW5kIGhlcmUhCldlIHdlcmUgYWJsZSB0byByZWFjaCBhIGRlZXBlciBwYXJ0IG9mIHRoZSBkdW5nZW9uLCB0aGFua3MgdG8gaGVscCBmcm9tIHNvbWUgb3RoZXIgcGVvcGxlLg==,,,,,W01heGltXQpOw6NvIGVzdGFtb3MgYXBlbmFzIGRlc2NhbnNhbmRvIHBvciBhcXVpIQpDb25zZWd1aW1vcyBjaGVnYXIgYSB1bWEgcGFydGUgbWFpcyBwcm9mdW5kYSBkbyBjYWxhYm91w6dvLCBncmHDp2FzIMOgIGFqdWRhIGRlIG91dHJhcyBwZXNzb2FzLg==,,W01heGltXQrCoUFxdcOtIG5vIGVzdGFtb3MgaG9sZ2F6YW5lYW5kbyEKUHVkaW1vcyBsbGVnYXIgYSB1bmEgcGFydGUgbcOhcyBwcm9mdW5kYSBkZSBsYSBtYXptb3JyYSwgZ3JhY2lhcyBhIGxhIGF5dWRhIGRlIG90cmFzIHBlcnNvbmFzLg==
lG9wAw,,W01heGltXQpBbmQgd2Ugc2F3IGl0IQpUaGVyZSdzIGEgdGVtcGxlIGRlZXAgaW5zaWRlIHRoZSBVbmRlcnNlYSBUdW5uZWws,,,,,W01heGltXQpFIG7Ds3MgbyB2aW1vcyEKSMOhIHVtIHRlbXBsbyBuYXMgcHJvZnVuZGV6YXMgZG8gVMO6bmVsIFN1Ym1hcmlubyw=,,W01heGltXQrCoVkgbG8gdmltb3MhCkhheSB1biB0ZW1wbG8gZW4gbGFzIHByb2Z1bmRpZGFkZXMgZGVsIHTDum5lbCBzdWJtYXJpbm8s
lW9wAw,,W01heGltXQphbmQgdGhlcmUncyBhIGdvZCBvZiB0aGUgc2VhIHdobyBkd2VsbHMgdGhlcmUhClRoaXMgaXMgYSBwaGVub21lbmFsIGRpc2NvdmVyeSE=,,,,,W01heGltXQplIGjDoSB1bSBkZXVzIGRvIG1hciBxdWUgbW9yYSBsw6EhCsOJIHVtYSBkZXNjb2JlcnRhIGZlbm9tZW5hbCE=,,W01heGltXQrCoXkgdW4gZGlvcyBkZWwgbWFyIGhhYml0YSBhbGzDrSEKwqFFcyB1biBkZXNjdWJyaW1pZW50byBmZW5vbWVuYWwh
lm9wAw,,VGhhdCdzIGEgbW9uc3Rlci4=,,,,,QXF1aWxvIMOpIHVtIG1vbnN0cm8u,,RXMgdW4gbW9uc3RydW8u
l29wAw,,W01heGltXQpUaGF0IGNhbid0IGJlLgpUaGF0IGdvZCBpcyBhIG1vbnN0ZXI/ClRoZXJlIHdlcmUgbWVyZm9sayBrbmlnaHRzIGF0dGVuZGluZyB0byBpdCwgdGhvdWdoIQ==,,,,,W01heGltXQpOw6NvIHBvZGUgc2VyLgpBcXVlbGUgZGV1cyDDqSB1bSBtb25zdHJvPwpNYXMgaGF2aWEgY2F2YWxlaXJvcyBtZXJmb2xrIGN1aWRhbmRvIGRlbGUh,,W01heGltXQpObyBwdWVkZSBzZXIuCsK/RXNlIGRpb3MgZXMgdW4gbW9uc3RydW8/CsKhUGVybyBoYWLDrWEgY2FiYWxsZXJvcyB0cml0b25lcyBjdXN0b2Rpw6FuZG9sbyE=
mG9wAw,,VGhleSBhcmUgYWxzbyBtb25zdGVycy4=,,,,,RWxlcyB0YW1iw6ltIHPDo28gbW9uc3Ryb3Mu,,VGFtYmnDqW4gc29uIG1vbnN0cnVvcy4=
mW9wAw,,W01heGltXQpUaGVuIC4uLiBwcm92ZSBpdCEKTGV0J3Mgc2VlIHdoYXQgdGhleSByZWFsbHkgYXJlIQ==,,,,,W01heGltXQpFbnTDo28uLi4gcHJvdmUhClZhbW9zIHZlciBvIHF1ZSByZWFsbWVudGUgc8OjbyE=,,W01heGltXQpFbnRvbmNlc+KApiDCoWRlbXXDqXN0cmFsbyEKwqFWZWFtb3MgcXXDqSBzb24gZW4gcmVhbGlkYWQh
mm9wAw,,W01heGltXQpJZiB0aGV5IG1vcCB0aGUgZmxvb3Igd2l0aCB5b3UsIHRoYXQgbWVhbnMgSSB3YXMgcmlnaHQhCkhhaGFoYSE=,,,,,W01heGltXQpTZSBsaW1wYXJlbSBvIGNow6NvIGNvbSB2b2PDqiwgcXVlciBkaXplciBxdWUgZXUgZXN0YXZhIGNlcnRvIQpIYWhhaGEh,,W01heGltXQrCoVNpIHRlIGhhY2VuIHBlZGFjaXRvcywgc2lnbmlmaWNhIHF1ZSB5byB0ZW7DrWEgcmF6w7NuIQrCoUphLCBqYSwgamEh
m29wAw,,W01heGltXQpTaW5jZSB5b3Ugc2FpZCBpdCdzIGEgbW9uc3RlciwgeW91IHNob3VsZCBnbyBwcm92ZSBpdC4KR28gdG8gdGhlIDV0aCBsZXZlbCBvZiB0aGUgVW5kZXJzZWEgVHVubmVsLg==,,,,,W01heGltXQpKw6EgcXVlIHZvY8OqIGRpc3NlIHF1ZSDDqSB1bSBtb25zdHJvLCBkZXZlIGlyIHByb3ZhciBpc3NvLgpWw6EgYXTDqSBvIHF1aW50byBuw612ZWwgZG8gVMO6bmVsIFN1Ym1hcmluby4=,,W01heGltXQpDb21vIGRpY2VzIHF1ZSBlcyB1biBtb25zdHJ1bywgZGViZXLDrWFzIGlyIGEgZGVtb3N0cmFybG8uClZlIGFsIHBpc281IGRlbCB0w7puZWwgc3VibWFyaW5vLg==
nG9wAw,,W01heGltXQpJZiB0aGV5IHJlYWxseSBhcmUgbW9uc3RlcnMsIGJyaW5nIG1lIHRoZWlyIGxvb3QgYXMgZXZpZGVuY2UuCkxpa2UgXjRENERGRkZpbiBvciBBbmNpZW50IExpcHNeMDAwMDAwIG9yIHNvbWV0aGluZy4=,,,,,W01heGltXQpTZSBlbGVzIHJlYWxtZW50ZSBzw6NvIG1vbnN0cm9zLCB0cmFnYS1tZSBvIHNhcXVlIGRlbGVzIGNvbW8gcHJvdmEuCkNvbW8gXjRENERGRk5hZGFkZWlyYSwgTMOhYmlvcyBGb3NzaWxpemFkb3NeMDAwMDAwIG91IGFsZ28gYXNzaW0u,,W01heGltXQpTaSByZWFsbWVudGUgc29uIG1vbnN0cnVvcywgdHLDoWVtZSBzdSBib3TDrW4gY29tbyBldmlkZW5jaWEuClRyYWUgXjRENERGRkFsZXRhcyBvIExhYmlvcyBhbnRpZ3Vvc14wMDAwMDAsIGFsZ28gYXPDrS4=
nW9wAw,,W01heGltXQpTdHJvdWY/IE5vdCBQb3NlaWRvbj8KTWVybWVuIC4uLj8KSSBndWVzcyB0aGV5IHJlYWxseSB3ZXJlIGp1c3QgbW9uc3RlcnMu,,,,,W01heGltXQpTdHJvdWY/IE7Do28gw6kgUG9zZWlkb24/ClRyaXTDtWVzLi4uPwpBY2hvIHF1ZSBlcmFtIGFwZW5hcyBtb25zdHJvcyBtZXNtby4=,,W01heGltXQrCv1N0cm91Zj8gwr9ObyBlcyBQb3NlaWTDs24/CsK/VHJpdG9uZXPigKY/ClN1cG9uZ28gcXVlIHJlYWxtZW50ZSBlcmFuIG1vbnN0cnVvcy4=
nm9wAw,,W01heGltXQpUaGVuIEkgaGF2ZSBub3RoaW5nIHRvIGZlYXIsIEkgZ3Vlc3MuIEknZCBiZXR0ZXIgZ28gZXhwbG9yZSB0aGUgdGVtcGxlLgouLi4=,,,,,W01heGltXQpFbnTDo28gbsOjbyB0ZW5obyBuYWRhIGEgdGVtZXIsIGV1IGFjaG8uIMOJIG1lbGhvciBldSBpciBleHBsb3JhciBvIHRlbXBsby4KLi4u,,W01heGltXQpFbnRvbmNlcywgc3Vwb25nbyBxdWUgbm8gdGVuZ28gbmFkYSBxdWUgdGVtZXIuIFNlcsOhIG1lam9yIHF1ZSB2YXlhIGEgZXhwbG9yYXIgZWwgdGVtcGxvLgrigKY=
n29wAw,,W01heGltXQpBZnRlciBJIGVhdCBzb21ldGhpbmcgYW5kIHRha2UgYSBuYXAsIG9mIGNvdXJzZS4KSGFoYWhhIQ==,,,,,W01heGltXQpEZXBvaXMgZGUgY29tZXIgYWxndW1hIGNvaXNhIGUgdGlyYXIgdW0gY29jaGlsbywgw6kgY2xhcm8uCkhhaGFoYWhhIQ==,,W01heGltXQpEZXNwdcOpcyBkZSBjb21lciBhbGdvIHkgZG9ybWlyIHVuYSBzaWVzdGEsIGNsYXJvLgrCoUphLCBqYSwgamEh
oG9wAw,,W01heGltXQpXZSBhcmUgbm90IGRpbGx5ZGFsbHlpbmcgYXJvdW5kIGhlcmUuCldlIHdpbGwgZ28gYW5kIGhhdmUgYSBsb29rIGFyb3VuZCBldmVudHVhbGx5LCBhcyB0aGUgc2VhIGdvZCAuLi4gSSBtZWFuLCB0aGUgbW9uc3RlciBpcyBnb25lLg==,,,,,W01heGltXQpOw6NvIGVzdGFtb3MgYnJpbmNhbmRvIHBvciBhcXVpLgpFdmVudHVhbG1lbnRlLCB2YW1vcyBkYXIgdW1hIG9saGFkYSwgcG9pcyBvIGRldXMgZG8gbWFyLi4uIFF1ZXJvIGRpemVyLCBvIG1vbnN0cm8gc2UgZm9pLg==,,W01heGltXQpBcXXDrSBubyBwZXJkZW1vcyBlbCB0aWVtcG8uCklyZW1vcyBhIHZlciBlbiBhbGfDum4gbW9tZW50bywgYWhvcmEgcXVlIGVsIGRpb3MgZGVsIG1hcuKApiBxdWllcm8gZGVjaXIsIGVsIG1vbnN0cnVvIHlhIG5vIGVzdMOhLg==
oW9wAw,,W01heGltXQpJIGFtIHRoZSBsZWFkZXIgb2YgdGhpcyB0ZWFtIQpJIHNob3VsZCBkbyB0aGUgcmlnaHQgdGhpbmcsIHNvIEVybmVzdCBuZWVkIG5vdCB3b3JyeSBhYm91dCB1cy4KSGFoYWhhIQ==,,,,,W01heGltXQpFdSBzb3UgbyBsw61kZXIgZGVzdGEgZXF1aXBlIQpEZXZvIGZhemVyIGEgY29pc2EgY2VydGEsIGVudMOjbyBvIEVybmVzdCBuw6NvIHByZWNpc2Egc2UgcHJlb2N1cGFyIGNvbm9zY28uCkhhaGFoYWhhIQ==,,W01heGltXQrCoVNveSBlbCBsw61kZXIgZGUgZXN0ZSBlcXVpcG8hCkRlYmVyw61hIGhhY2VyIGxvIGNvcnJlY3RvLCBwYXJhIHF1ZSBFcm5lc3Qgbm8gc2UgcHJlb2N1cGUgcG9yIG5vc290cm9zLgrCoUphLCBqYSwgamEh
om9wAw,,W01heGltXQouLi4gV2VsbCBtZXQuClRob3NlIHNlbnRpbmVscyBhdCB0aGUgdGVtcGxlIC4uLg==,,,,,W01heGltXQouLi4gTXVpdG8gYmVtLgpBcXVlbGFzIHNlbnRpbmVsYXMgbm8gdGVtcGxvIC4uLg==,,W01heGltXQrigKYgRGljaG9zb3MgbG9zIG9qb3MuCkVzb3MgY2VudGluZWxhcyBlbiBlbCB0ZW1wbG/igKY=
o29wAw,,W01heGltXQpUaGV5IGFyZSBzbyBhbm5veWluZy4KRXZlbiB0aG91Z2ggd2Uga25vdyB0aGF0IHRoZXkgYXJlIG1vbnN0ZXJzIGFuZCBub3QgZ29kcywKdGhhdCBkb2Vzbid0IG1ha2UgdGhlbSBhbnkgbGVzcyB0aHJlYXRlbmluZyE=,,,,,W01heGltXQpTw6NvIHTDo28gaXJyaXRhbnRlcy4KRW1ib3JhIHNhaWJhbW9zIHF1ZSBzw6NvIG1vbnN0cm9zIGUgbsOjbyBkZXVzZXMsCmlzc28gbsOjbyBhcyB0b3JuYSBtZW5vcyBhbWVhw6dhZG9yYXMh,,W01heGltXQpTb24gbXV5IG1vbGVzdG9zLgpBdW5xdWUgc2VwYW1vcyBxdWUgc29uIG1vbnN0cnVvcywgeSBubyBkaW9zZXMsCsKhbm8gcmVzdWx0YW4gbWVub3MgYW1lbmF6YWRvcmVzIQ==
pG9wAw,,W01heGltXQpDYW4gSSBhc2sgeW91IHRvIC4uLgpeNEQ0REZGZGVmZWF0IDEwIFN0cm91ZnMgYW5kIDEwIE1lcm1lbl4wMDAwMDAgZm9yIG1lPw==,,,,,W01heGltXQpQb3NzbyBwZWRpciBwYXJhIHZvY8OqLi4uCl40RDRERkZkZXJyb3RhciAxMCBTdHJvdWZzIGUgMTAgVHJpdMO1ZXNeMDAwMDAwIHBhcmEgbWltPw==,,W01heGltXQrCv1B1ZWRvIHBlZGlydGUgcXVl4oCmCl40RDRERkZkZXJyb3RlcyBhIDEwU3Ryb3VmIHkgMTBUcml0b25lc14wMDAwMDA/
pW9wAw,,W01heGltXQpUaGV5IGFyZSBhdCB0aGUgNXRoIGxldmVsIG9mIHRoZSBVbmRlcnNlYSBUdW5uZWwuCkkgZG9uJ3Qga25vdyBob3cgb2xkIHRoZXNlIHJ1aW5zIGFyZSwgYnV0IHRoZXJlJ3MgYSB0ZW1wbGUgZGVlcCBpbnNpZGUu,,,,,W01heGltXQpFbGVzIGVzdMOjbyBubyA1wrogbsOtdmVsIGRvIFTDum5lbCBTdWJtYXJpbm8uCk7Do28gc2VpIHF1YWwgw6kgYSBpZGFkZSBkZXNzYXMgcnXDrW5hcywgbWFzIGjDoSB1bSB0ZW1wbG8gZW0gc2V1IGludGVyaW9yLg==,,W01heGltXQpFc3TDoW4gZW4gZWwgcGlzbzUgZGVsIHTDum5lbCBzdWJtYXJpbm8uCk5vIHPDqSBxdcOpIHRhbiBhbnRpZ3VhcyBzb24gZXN0YXMgcnVpbmFzLCBwZXJvIGhheSB1biB0ZW1wbG8gZW4gc3UgaW50ZXJpb3Iu
pm9wAw,,W01heGltXQpXZSBjYW5ub3QgdGFrZSBhIGNsb3NlciBsb29rIGF0IHRoZSB0ZW1wbGUsIGJlY2F1c2Ugb2YgdGhvc2UgbW9uc3RlcnMuClBsZWFzZSBnbyByZWR1Y2UgdGhlaXIgbnVtYmVycy4=,,,,,W01heGltXQpOw6NvIGNvbnNlZ3VpbW9zIGRhciB1bWEgb2xoYWRhIG1haXMgZGUgcGVydG8gbm8gdGVtcGxvIHBvciBjYXVzYSBkZXNzZXMgbW9uc3Ryb3MuClBvciBmYXZvciwgdsOhIGVsaW1pbmFyIGFsZ3VucyBkZWxlcy4=,,W01heGltXQpQb3IgY3VscGEgZGUgZXNvcyBtb25zdHJ1b3Mgbm8gcG9kZW1vcyB2ZXIgZGUgY2VyY2EgYWwgdGVtcGxvLgpQb3IgZmF2b3IsIHJlZHVjZSBzdSBuw7ptZXJvLg==
p29wAw,,W01heGltXQpIbW0uCk1heWJlIEkgc2hvdWxkIGhhdmUgYSBkcmluaywgdG9vLg==,,,,,W01heGltXQpIbW0uClRhbHZleiBldSBkZXZhIHRvbWFyIHVtYSBiZWJpZGEgdGFtYsOpbS4=,,W01heGltXQpNbW0uClF1aXrDoSB5byB0YW1iacOpbiBkZWJlcsOtYSB0b21hciB1biB0cmFnby4=
qG9wAw,,W01heGltXQpIYWhhIC4uLiBZb3UgY291bGQgaGF2ZSB0YWtlbiB5b3VyIHRpbWUgYSBiaXQsIHlvdSBrbm93PwouLi4gV2VsbCwgZ29vZCB3b3JrLiBUaGFuayB5b3Uu,,,,,W01heGltXQpIYWhhIC4uLiBWb2PDqiBwb2RlcmlhIHRlciBkZW1vcmFkbyB1bSBwb3VjbyBtYWlzLCBzYWJlPwouLi4gQmVtLCBib20gdHJhYmFsaG8uIE11aXRvIG9icmlnYWRvLg==,,W01heGltXQpKYSwgamHigKYgUG9kcsOtYXMgaGFiZXIgdGFyZGFkbyB1biBwb2NvIG3DoXMsIMK/c2FiZXM/CuKApiBCdWVuIHRyYWJham8uIEdyYWNpYXMu
qW9wAw,,W01heGltXQpJIGd1ZXNzIEkgc2hvdWxkIGNvbWUgdXAgd2l0aCBhIHBsYW4gdG8gZXhwbG9yZSB0aGUgdGVtcGxlIG5vdyAuLi4KLi4u,,,,,W01heGltXQpBY2hvIHF1ZSBwcmVjaXNvIHBlbnNhciBlbSB1bSBwbGFubyBwYXJhIGV4cGxvcmFyIG8gdGVtcGxvIGFnb3JhLi4uCi4uLg==,,W01heGltXQpBaG9yYSBkZWJlcsOtYSBpZGVhciB1biBwbGFuIHBhcmEgZXhwbG9yYXIgZWwgdGVtcGxv4oCmCuKApg==
qm9wAw,,W01heGltXQpCdXQgdGhvc2UgbW9uc3RlcnMgLi4uClRoZXkncmUgZXZlcnl3aGVyZS4KQ2FuIEkgYXNrIHlvdSB0byBnbyBkZWZlYXQgdGhlbSBhZ2FpbiB0b21vcnJvdz8=,,,,,W01heGltXQpNYXMgZXNzZXMgbW9uc3Ryb3MuLi4KRXN0w6NvIHBvciB0b2RhIHBhcnRlLgpQb3NzbyBsaGUgcGVkaXIgcGFyYSBkZXJyb3TDoS1sb3Mgbm92YW1lbnRlIGFtYW5ow6M/,,W01heGltXQpQZXJvIGVzb3MgbW9uc3RydW9z4oCmCkVzdMOhbiBwb3IgdG9kYXMgcGFydGVzLgrCv1B1ZWRvIHBlZGlydGUgcXVlIHZ1ZWx2YXMgbWHDsWFuYSBhIGRlcnJvdGFybG9zPw==
q29wAw,,W01heGltXQouLi4gR28gZ2V0IHNvbWUgcmVzdCBmb3Igbm93LgpIYWhhaGEh,,,,,W01heGltXQouLi4gVsOhIGRlc2NhbnNhciB1bSBwb3VjbyBwb3IgZW5xdWFudG8uCkhhaGFoYWhhIQ==,,W01heGltXQrigKYgVmUgYSBkZXNjYW5zYXIgcG9yIGFob3JhLgrCoUphLCBqYSwgamEh
