4IfWBw,,TWFuc2lvbiBNYW5hZ2VyIEFscGhh,,,,,R2VzdG9yIGRlIE1hbnPDo28gQWxmYQ==,,TWFuc2lvbiBNYW5hZ2VyIEFscGhh
4YfWBw,,W01hbnNpb24gTWFuYWdlciBBbHBoYV0KWW91IGRvbid0IHNlZW0gZXhwZXJpZW5jZWQgZW5vdWdoIHRvIGRlYWwgd2l0aCB0aGUgaW50cnVkZXIuIFBsZWFzZSBjb21lIGJhY2sgbGF0ZXIu,,,,,W0dlc3RvciBkZSBNYW5zw6NvIEFsZmFdClZvY8OqIG7Do28gcGFyZWNlIHRlciBleHBlcmnDqm5jaWEgc3VmaWNpZW50ZSBwYXJhIGxpZGFyIGNvbSBvIGludHJ1c28uIFZvbHRlIG1haXMgdGFyZGUu,,W0FkbWluaXN0cmFkb3JhIEFsZmFdCk5vIHBhcmVjZXMgdGVuZXIgZXhwZXJpZW5jaWEgc3VmaWNpZW50ZSBwYXJhIGVuZnJlbnRhcnRlIGFsIGludHJ1c28uIFBvciBmYXZvciwgdnVlbHZlIG3DoXMgdGFyZGUu
4ofWBw,,IC0gVGhpcyBxdWVzdCByZXF1aXJlcyBhdCBsZWFzdCBMZXZlbCAxMzAuIC0g,,,,,IC0gRXN0YSBtaXNzw6NvIHJlcXVlciBwZWxvIG1lbm9zIG7DrXZlbCAxMzAuIC0=,,IC1Fc3RhIG1pc2nDs24gcmVxdWllcmUgYWwgbWVub3Mgbml2ZWwgMTMwLi0g
44fWBw,,WW91IGhhdmUgdG9vIG1hbnkgaXRlbXMgdG8gY29udGludWUgd2l0aCB0aGlzIGNvbnZlcnNhdGlvbi4KUGxlYXNlIG1ha2Ugc29tZSByb29tIGluIHlvdXIgaW52ZW50b3J5LCBhbmQgdGhlbiB0cnkgYWdhaW4u,,,,,Vm9jw6ogdGVtIGl0ZW5zIGRlbWFpcyBwYXJhIGNvbnRpbnVhciBjb20gZXN0YSBjb252ZXJzYS4KQWJyYSBlc3Bhw6dvIG5vIHNldSBpbnZlbnTDoXJpbyBlIHRlbnRlIG5vdmFtZW50ZS4=,,VGllbmVzIGRlbWFzaWFkb3Mgb2JqZXRvcyBwYXJhIGNvbnRpbnVhciBjb24gZXN0YSBjb252ZXJzYWNpw7NuLgpIYXogbHVnYXIgZW4gdHUgaW52ZW50YXJpbyB5IGx1ZWdvIHZ1ZWx2ZSBhIGludGVudGFybG8u
5IfWBw,,W01hbnNpb24gTWFuYWdlciBBbHBoYV0KV2VsY29tZS4gSSB3YXMgd29ycmllZCB0aGF0IHlvdSB3b3VsZCBnZXQgbG9zdCBpbiB0aGlzIGdyYW5kIG1hbnNpb24u,,,,,W0dlc3RvciBkZSBNYW5zw6NvIEFsZmFdCkJvYXMtdmluZGFzLiBGaXF1ZWkgY29tIG1lZG8gZGUgdm9jw6ogdGVyIHNlIHBlcmRpZG8gbmVzc2EgZ3JhbmRlIG1hbnPDo28u,,W0FkbWluaXN0cmFkb3JhIEFsZmFdClRlIGRhbW9zIGxhIGJpZW52ZW5pZGEuIE1lIHByZW9jdXBhYmEgcXVlIHRlIHBlcmRpZXJhcyBlbiBlc3RhIGdyYW4gbWFuc2nDs24u
5YfWBw,,W01hbnNpb24gTWFuYWdlciBBbHBoYV0KSSBoYXZlIHJlZ2lzdGVyZWQgeW91IGFzIGEgdGVtcG9yYXJ5IGd1ZXN0LiBUaGlzIGlzIG1vcmUgb2YgYSB0ZW1wb3JhcnkgdmlzaXRvcidzIHBhc3MgdGhhbiBiZWluZyBhbiBvZmZpY2lhbCBndWVzdCBvZiBNYXN0ZXIgQmFybXVuZC4=,,,,,W0dlc3RvciBkZSBNYW5zw6NvIEFsZmFdCkV1IHJlZ2lzdHJlaSB2b2PDqiBjb21vIGNvbnZpZGFkbyB0ZW1wb3LDoXJpby4gSXNzbyDDqSBtYWlzIHVtIHBhc3NlIGRlIHZpc2l0YW50ZSB0ZW1wb3LDoXJpbyBkbyBxdWUgdW0gY29udmlkYWRvIG9maWNpYWwgZG8gTWVzdHJlIFZhcm11bnQu,,W0FkbWluaXN0cmFkb3JhIEFsZmFdClRlIHJlZ2lzdHLDqSBjb21vIGh1w6lzcGVkIHRlbXBvcmFsLiBFc3RvIGVzIG3DoXMgdW4gcGFzZSBkZSB2aXNpdGEgdGVtcG9yYWwgcXVlIHNlciB1biBodcOpc3BlZCBvZmljaWFsIGRlbCBNYWVzdHJvIFZhcm11bmR0Lg==
5ofWBw,,W01hbnNpb24gTWFuYWdlciBBbHBoYV0KSXQncyBhIHRlbXBvcmFyeSBzdGF0dXMgSSBpc3N1ZWQgZm9yIHlvdSBmb3IgaW52ZXN0aWdhdGlvbiBpbnN0ZWFkIG9mIGltbWVkaWF0ZSBleHB1bHNpb24uIEFsdGhvdWdoIHlvdSBhcmUgdHJlc3Bhc3NpbmcsIHlvdSBkaWQgbm90IGRhbWFnZSBvciBzdGVhbCBwcm9wZXJ0eSwgdW5saWtlIG90aGVyIGludHJ1ZGVycy4=,,,,,W0dlc3RvciBkZSBNYW5zw6NvIEFsZmFdCsOJIHVtIHN0YXR1cyB0ZW1wb3LDoXJpbyBxdWUgZW1pdGkgcGFyYSBzdWEgaW52ZXN0aWdhw6fDo28gZW0gdmV6IGRlIGV4cHVsc8OjbyBpbWVkaWF0YS4gRW1ib3JhIHZvY8OqIGVzdGVqYSB0cmFuc2dyZWRpbmRvLCBuw6NvIGRhbmlmaWNvdSBuZW0gcm91Ym91IHByb3ByaWVkYWRlcywgYW8gY29udHLDoXJpbyBkZSBvdXRyb3MgaW50cnVzb3Mu,,W0FkbWluaXN0cmFkb3JhIEFsZmFdCkVzIHVuIGVzdGF0dXMgdGVtcG9yYWwgcXVlIGVtaXTDrSBwYXJhIHRpIHBhcmEgaW52ZXN0aWdhY2nDs24gZW4gbHVnYXIgZGUgZXhwdWxzacOzbiBpbm1lZGlhdGEuIEF1bnF1ZSBoYXlhcyBlbnRyYWRvIHNpbiBhdXRvcml6YWNpw7NuLCBubyBkYcOxYXN0ZSBuaSByb2Jhc3RlIGNvc2FzLCBhIGRpZmVyZW5jaWEgZGUgb3Ryb3MgaW50cnVzb3Mu
54fWBw,,W01hbnNpb24gTWFuYWdlciBBbHBoYV0KWW91IG1heSBpbmN1ciB1bndhbnRlZCBhY2NpZGVudHMgaWYgeW91IHdhbmRlciBhcm91bmQgdGhlIG1hbnNpb24gd2l0aG91dCByZWdpc3RyYXRpb24uIFRoZXJlZm9yZSwgSSB0b29rIHRoaXMgYWN0aW9uIHRvIHByZXZlbnQgdGhlbS4=,,,,,W0dlc3RvciBkZSBNYW5zw6NvIEFsZmFdClZvY8OqIHBvZGUgc29mcmVyIGFjaWRlbnRlcyBpbmRlc2VqYWRvcyBzZSB2YWdhciBwZWxhIG1hbnPDo28gc2VtIHVtIHJlZ2lzdHJvLiBQb3J0YW50bywgdG9tZWkgZXNzYSBtZWRpZGEgcGFyYSBldml0w6EtbG9zLg==,,W0FkbWluaXN0cmFkb3JhIEFsZmFdClB1ZWRlcyBzdWZyaXIgYWNjaWRlbnRlcyBubyBkZXNlYWRvcyBzaSBkZWFtYnVsYXMgcG9yIGxhIG1hbnNpw7NuIHNpbiByZWdpc3RyYXJ0ZS4gUG9yIGxvIHRhbnRvLCB0b23DqSBlc3RhIG1lZGlkYSBwYXJhIGV2aXRhcmxvcy4=
6IfWBw,,W01hbnNpb24gTWFuYWdlciBBbHBoYV0KSSBob3BlIHlvdSB1bmRlcnN0YW5kLiBJIHdpbGwgZ3VpZGUgeW91IG91dCBvZiB0aGUgbWFuc2lvbiBhZnRlciBpZGVudGlmeWluZyB3aHkgYW5kIGhvdyB5b3UgY2FtZSB0byB0aGlzIG1hbnNpb24gYW5kIHdobyB5b3UgYXJlLg==,,,,,W0dlc3RvciBkZSBNYW5zw6NvIEFsZmFdCkVzcGVybyBxdWUgdm9jw6ogZW50ZW5kYS4gRXUgdGUgZ3VpYXJlaSBwYXJhIGZvcmEgZGEgbWFuc8OjbyBkZXBvaXMgZGUgaWRlbnRpZmljYXIgcG9yIHF1ZSBlIGNvbW8gdmVpbyBhcXVpIGUgcXVlbSB2b2PDqiDDqS4=,,W0FkbWluaXN0cmFkb3JhIEFsZmFdCkVzcGVybyBxdWUgbG8gZW50aWVuZGFzLiBUZSBndWlhcsOpIGZ1ZXJhIGRlIGxhIG1hbnNpw7NuIGRlc3B1w6lzIGRlIGlkZW50aWZpY2FyIHBvciBxdcOpIHkgY8OzbW8gdmluaXN0ZSBhIGVzdGEgbWFuc2nDs24geSBxdWnDqW4gZXJlcy4=
6YfWBw,,W01hbnNpb24gTWFuYWdlciBBbHBoYV0KRmlyc3QsIHRlbGwgbWUgeW91ciBuYW1lLCBwbGVhc2Uu,,,,,W0dlc3RvciBkZSBNYW5zw6NvIEFsZmFdClByaW1laXJvLCBkaWdhLW1lIHNldSBub21lLCBwb3IgZmF2b3Iu,,W0FkbWluaXN0cmFkb3JhIEFsZmFdClByaW1lcm8sIGRpbWUgdHUgbm9tYnJlLg==
6ofWBw,,TXkgbmFtZSBpcyB7fS4=,,,,,TWV1IG5vbWUgw6kge30u,,TWUgbGxhbW8ge30u
64fWBw,,W01hbnNpb24gTWFuYWdlciBBbHBoYV0Ke30sIHdoeSBkaWQgeW91IHZpc2l0IHRoaXMgbWFuc2lvbj8=,,,,,W0dlc3RvciBkZSBNYW5zw6NvIEFsZmFdCiArIHt9LCBwb3IgcXVlIHZvY8OqIHZlaW8gcGFyYSBhIG1hbnPDo28/,,W0FkbWluaXN0cmFkb3JhIEFsZmFdCnt9LCDCv3BvciBxdcOpIHZpc2l0YXN0ZSBlc3RhIG1hbnNpw7NuPw==
7IfWBw,,SSdtLi4u,,,,,RXUgc291Li4u,,WW/igKY=
7YfWBw,,QW5vdGguLi4gbWVyLi4uY2UuLi4=,,,,,T3V0ci4uLiBtZXIuLi4gY2UuLi4=,,T3Ry4oCmIG1lcuKApmNl4oCm
7ofWBw,,W01hbnNpb24gTWFuYWdlciBBbHBoYV0KLi4uLi4uClBsZWFzZSB3YWl0IGEgbW9tZW50Li4u,,,,,W0dlc3RvciBkZSBNYW5zw6NvIEFsZmFdCi4uLi4uLgpQb3IgZmF2b3IsIGVzcGVyZSB1bSBtb21lbnRvLi4u,,W0FkbWluaXN0cmFkb3JhIEFsZmFdCuKApgpQb3IgZmF2b3IsIGVzcGVyYSB1biBtb21lbnRv4oCm
74fWBw,,Li4uLi4u,,,,,Li4uLi4u,,4oCm
8IfWBw,,Li4uLi4uCi4uLi4uLi4uLi4uLi4=,,,,,Li4uLi4uCi4uLi4uLi4uLi4uLi4=,,4oCmCuKApg==
8YfWBw,,Li4uLi4uCi4uLi4uLi4uLi4uLgouLi4uLi4uLi4uLi4uLi4uLi4u,,,,,Li4uLi4uCi4uLi4uLi4uLi4uLgouLi4uLi4uLi4uLi4uLi4uLi4u,,4oCmCuKApgrigKY=
8ofWBw,,W01hbnNpb24gTWFuYWdlciBBbHBoYV0KLi4uRG8geW91IGhhdmUgY29tcGFuaW9ucz8=,,,,,W0dlc3RvciBkZSBNYW5zw6NvIEFsZmFdCi4uLiBWb2PDqiB0ZW0gY29tcGFuaGVpcm9zPw==,,W0FkbWluaXN0cmFkb3JhIEFsZmFdCuKApsK/VGllbmVzIGNvbXBhw7Flcm9zPw==
84fWBw,,SSBjYW1lIHdpdGggUmViZWxsaW9ucyBhbmQgZ292ZXJubWVudCBwZXJzb25uZWwu,,,,,RXUgdmltIGNvbSBtZW1icm9zIGRhIFJlYmVsacOjbyBlIGZ1bmNpb27DoXJpb3MgZG8gZ292ZXJuby4=,,VmluZSBjb24gbWllbWJyb3MgZGUgbGEgUmViZWxpw7NuIHkgcGVyc29uYWwgZGVsIGdvYmllcm5vLg==
9IfWBw,,Li4uLi4=,,,,,Li4uLi4=,,4oCm
9YfWBw,,W01hbnNpb24gTWFuYWdlciBBbHBoYV0KSSBhcG9sb2dpemUgZm9yIHRoZSBpbmNvbnZlbmllbmNlIEkgY2F1c2VkLCB7fS4gSSB3aWxsIHJlZ2lzdGVyIHlvdSBhcyBhbiBvZmZpY2lhbCBndWVzdCByaWdodCBub3cu,,,,,W0dlc3RvciBkZSBNYW5zw6NvIEFsZmFdClBlw6dvIGRlc2N1bHBhcyBwZWxvIGluY8O0bW9kbyBxdWUgY2F1c2VpLCB7fS4gVm91IHJlZ2lzdHJhciB2b2PDqiBjb21vIGNvbnZpZGFkbyBvZmljaWFsIGFnb3JhIG1lc21vLg==,,W0FkbWluaXN0cmFkb3JhIEFsZmFdClBpZG8gZGlzY3VscGFzIHBvciBsYXMgbW9sZXN0aWFzIGNhdXNhZGFzLCB7fS4gVGUgcmVnaXN0cmFyw6kgY29tbyBodcOpc3BlZCBvZmljaWFsIGFob3JhIG1pc21vLg==
9ofWBw,,V2hhdD8gSnVzdCBsaWtlIHRoYXQ/,,,,,TyBxdcOqPyBTZW0gbWFpcyBuZW0gbWVub3M/,,wr9RdcOpPyDCv0Fzw60gZGUgZsOhY2lsPw==
94fWBw,,W01hbnNpb24gTWFuYWdlciBBbHBoYV0KSSBjaGVjayB0aGUgaWRlbnRpdGllcyBhbmQgdmlzaXRpbmcgcHVycG9zZXMgb2YgeW91ciBjb21wYW5pb25zIHdobyBhcmUgaW4gYW5vdGhlciBwYXJ0IG9mIHRoZSBtYW5zaW9uLg==,,,,,W0dlc3RvciBkZSBNYW5zw6NvIEFsZmFdClZlcmlmaWNvIGFzIGlkZW50aWRhZGVzIGUgb3MgcHJvcMOzc2l0b3MgZGUgdmlzaXRhIGRlIHNldXMgY29tcGFuaGVpcm9zIHF1ZSBlc3TDo28gZW0gb3V0cmEgcGFydGUgZGEgbWFuc8Ojby4=,,W0FkbWluaXN0cmFkb3JhIEFsZmFdCkNvbXBydWVibyBsYXMgaWRlbnRpZGFkZXMgeSBsb3MgcHJvcMOzc2l0b3MgZGUgdmlzaXRhIGRlIHR1cyBjb21wYcOxZXJvcyBxdWUgZXN0w6FuIGVuIG90cmEgcGFydGUgZGUgbGEgbWFuc2nDs24u
+IfWBw,,W01hbnNpb24gTWFuYWdlciBBbHBoYV0KU2luY2UgXjAwMDBDRHlvdXIgY29tcGFuaW9ucyBmb2xsb3cgdGhlIHdpbGwgb2YgcGFzdCBndWVzdHNeMDAwMDAwLCB0aGV5IGFyZSBhdXRvbWF0aWNhbGx5IHJlY29nbml6ZWQgYXMgb2ZmaWNpYWwgZ3Vlc3RzLg==,,,,,W0dlc3RvciBkZSBNYW5zw6NvIEFsZmFdCkNvbW8gXjkzNzBEQnNldXMgY29tcGFuaGVpcm9zIHNlZ3VlbSBvIGV4ZW1wbG8gZGUgY29udmlkYWRvcyBwYXNzYWRvc14wMDAwMDAsIHNlcsOjbyBhdXRvbWF0aWNhbWVudGUgcmVjb25oZWNpZG9zIGNvbW8gY29udmlkYWRvcyBvZmljaWFpcy4=,,W0FkbWluaXN0cmFkb3JhIEFsZmFdCkRhZG8gcXVlIF45OTAwOTl0dXMgY29tcGHDsWVyb3Mgc2lndWVuIGxhIHZvbHVudGFkIGRlIGxvcyBodcOpc3BlZGVzIGFudGVyaW9yZXNeMDAwMDAwLCBzZSBsZXMgcmVjb25vY2UgYXV0b23DoXRpY2FtZW50ZSBjb21vIGh1w6lzcGVkZXMgb2ZpY2lhbGVzLg==
+YfWBw,,W01hbnNpb24gTWFuYWdlciBBbHBoYV0KQW5kIHRoZXkgaGF2ZSByZXZlYWxlZCB0aGF0IF4wMDAwQ0R0aGV5IGFyZSBoZXJlIHRvIGRlYWwgd2l0aCB0aGUgaW50cnVkZXJzIHJ1bm5pbmcgYW1vayBpbiB0aGlzIG1hbnNpb25eMDAwMDAwLg==,,,,,W0dlc3RvciBkZSBNYW5zw6NvIEFsZmFdCkUgZWxlcyByZXZlbGFyYW0gcXVlIF45MzcwREJlc3TDo28gYXF1aSBwYXJhIGxpZGFyIGNvbSBvcyBpbnRydXNvcyBxdWUgZXN0w6NvIHNlIGVzcGFsaGFuZG8gcG9yIGVzc2EgbWFuc8Ojb14wMDAwMDAu,,W0FkbWluaXN0cmFkb3JhIEFsZmFdClkgcmV2ZWxhcm9uIHF1ZSBeOTkwMDk5ZXN0w6FuIGFxdcOtIHBhcmEgb2N1cGFyc2UgZGUgbG9zIGludHJ1c29zIHF1ZSBhbmRhbiBzdWVsdG9zIHBvciBlc3RhIG1hbnNpw7NuXjAwMDAwMC4=
+ofWBw,,W01hbnNpb24gTWFuYWdlciBBbHBoYV0KWW91IGFyZSBhIGNvbXBhbmlvbiBvZiB0aGVtLCB7fS4gVGhlcmVmb3JlLCBJIHdpbGwgcmVnaXN0ZXIgeW91IGFzIGFuIG9mZmljaWFsIGd1ZXN0IG9mIEJhcm11bmQgTWFuc2lvbiwgdG9vLg==,,,,,W0dlc3RvciBkZSBNYW5zw6NvIEFsZmFdCkUgdm9jw6ogZXN0w6EgbmEgY29tcGFuaGlhIGRlbGVzLCB7fS4gUG9ydGFudG8sIHZvdSByZWdpc3RyYXIgdm9jw6ogY29tbyBjb252aWRhZG8gb2ZpY2lhbCBkYSBNYW5zw6NvIFZhcm11bnQgdGFtYsOpbS4=,,W0FkbWluaXN0cmFkb3JhIEFsZmFdClTDuiBlc3TDoXMgY29uIGVsbG9zLCB7fS4gUG9yIGxvIHRhbnRvLCB0ZSByZWdpc3RyYXLDqSB0YW1iacOpbiBjb21vIGh1w6lzcGVkIG9maWNpYWwgZGUgbGEgTWFuc2nDs24gVmFybXVuZHQu
+4fWBw,,W01hbnNpb24gTWFuYWdlciBBbHBoYV0KUGxlYXNlIHdhaXQgYSBtb21lbnQu,,,,,W0dlc3RvciBkZSBNYW5zw6NvIEFsZmFdClBvciBmYXZvciwgYWd1YXJkZSB1bSBwb3Vjby4=,,W0FkbWluaXN0cmFkb3JhIEFsZmFdClBvciBmYXZvciwgZXNwZXJhIHVuIG1vbWVudG8u
/IfWBw,,W01hbnNpb24gTWFuYWdlciBBbHBoYV0KR3JlZXRpbmdzLCB7fS4gV2VsY29tZSB0byBCYXJtdW5kIE1hbnNpb24uIEkgYW0gTWFuc2lvbiBNYW5hZ2VyIEFscGhhLCB0aGUga2VlcGVyIG9mIHRoaXMgbWFuc2lvbi4=,,,,,W0dlc3RvciBkZSBNYW5zw6NvIEFsZmFdClNhdWRhw6fDtWVzLCB7fS4gQm9hcy12aW5kYXMgw6AgTWFuc8OjbyBWYXJtdW50LiBTb3UgR2VzdG9yIGRlIE1hbnPDo28gQWxmYSwgZ3VhcmRpw6MgZGVzc2EgbWFuc8Ojby4=,,W0FkbWluaXN0cmFkb3JhIEFsZmFdClNhbHVkb3MsIHt9LiBUZSBkb3kgbGEgYmllbnZlbmlkYSBhIGxhIE1hbnNpw7NuIFZhcm11bmR0LiBTb3kgYWRtaW5pc3RyYWRvcmEgZGUgbGEgbWFuc2nDs24gQWxmYSwgZ3VhcmRpYW5hIGRlIGVzdGEgbWFuc2nDs24u
/YfWBw,,W01hbnNpb24gTWFuYWdlciBBbHBoYV0KRnJvbSBub3cgb24sIHlvdSBjYW4gZnJlZWx5IHVzZSBldmVyeSBmYWNpbGl0eSBpbiB0aGlzIG1hbnNpb24gYXMgYW4gaG9ub3JlZCBndWVzdCBvZiBNYXN0ZXIgQmFybXVuZC4gSWYgeW91IGhhdmUgYW55dGhpbmcgdGhhdCdzIGluY29udmVuaWVuY2luZyB5b3UsIHBsZWFzZSBmZWVsIGZyZWUgdG8gc3BlYWsgdG8gYSBuZWFyYnkgcm9ib3QgYW55dGltZS4=,,,,,W0dlc3RvciBkZSBNYW5zw6NvIEFsZmFdCkRlIGFnb3JhIGVtIGRpYW50ZSwgdm9jw6ogcG9kZSB1c2FyIGxpdnJlbWVudGUgdG9kYXMgYXMgaW5zdGFsYcOnw7VlcyBkZXN0YSBtYW5zw6NvIGNvbW8gY29udmlkYWRvIGRlIGhvbnJhIGRvIE1lc3RyZSBWYXJtdW50LiBTZSBob3V2ZXIgYWxnbyBxdWUgc2VqYSBpbmNvbnZlbmllbnRlIHBhcmEgdm9jw6osIHNpbnRhLXNlIMOgIHZvbnRhZGUgcGFyYSBmYWxhciBjb20gbyByb2LDtCBtYWlzIHByw7N4aW1vIGEgcXVhbHF1ZXIgbW9tZW50by4=,,W0FkbWluaXN0cmFkb3JhIEFsZmFdCkEgcGFydGlyIGRlIGFob3JhLCBwdWVkZXMgdXRpbGl6YXIgbGlicmVtZW50ZSB0b2RhcyBsYXMgaW5zdGFsYWNpb25lcyBkZSBlc3RhIG1hbnNpw7NuIGNvbW8gaHXDqXNwZWQgZGUgaG9ub3IgZGVsIE1hZXN0cm8gVmFybXVuZHQuIFNpIHRpZW5lcyBhbGfDum4gaW5jb252ZW5pZW50ZSwgbm8gZHVkZXMgZW4gaGFibGFyIGNvbiB1biByb2JvdCBjZXJjYW5vIGVuIGN1YWxxdWllciBtb21lbnRvLg==
/ofWBw,,W01hbnNpb24gTWFuYWdlciBBbHBoYV0KQWxzbywgSSB3aWxsIGRvIGV2ZXJ5dGhpbmcgSSBjYW4gaWYgeW91IG5lZWQgaW5mb3JtYXRpb24gb3IgaGVscCB3aXRoIGVyYWRpY2F0aW5nIHRoZSBpbnRydWRlcnMgaW4gdGhlIG1hbnNpb24uCkZvciB0aGF0LCBJIHdpbGwgb3BlbiBldmVyeSBhcmVhIGluIHRoZSBtYW5zaW9uLCBpbmNsdWRpbmcgYXJlYXMgbm90IG9wZW5lZCB0byBnZW5lcmFsIGd1ZXN0cywgdG8geW91Lg==,,,,,W0dlc3RvciBkZSBNYW5zw6NvIEFsZmFdCkFsw6ltIGRpc3NvLCBmYXJlaSB0dWRvIG8gcXVlIHB1ZGVyIHNlIHZvY8OqIHByZWNpc2FyIGRlIGluZm9ybWHDp8O1ZXMgb3UgYWp1ZGEgcGFyYSBlcnJhZGljYXIgb3MgaW50cnVzb3MgbmEgbWFuc8Ojby4KUGFyYSBpc3NvLCBhYnJpcmVpIHRvZGFzIGFzIMOhcmVhcyBkYSBtYW5zw6NvIHBhcmEgdm9jw6osIGluY2x1c2l2ZSBhcyBuw6NvIGFiZXJ0YXMgYW9zIGNvbnZpZGFkb3MgZW0gZ2VyYWwu,,W0FkbWluaXN0cmFkb3JhIEFsZmFdCkFkZW3DoXMsIGhhcsOpIHRvZG8gbG8gcXVlIHB1ZWRhIHNpIG5lY2VzaXRhcyBpbmZvcm1hY2nDs24gbyBheXVkYSBwYXJhIGVycmFkaWNhciBhIGxvcyBpbnRydXNvcyBkZSBsYSBtYW5zacOzbi4KUGFyYSBlbGxvLCB0ZSBhYnJpcsOpIHRvZGFzIGxhcyB6b25hcyBkZSBsYSBtYW5zacOzbiwgaW5jbHVpZGFzIGxhcyBxdWUgbm8gZXN0w6FuIGFiaWVydGFzIGEgbG9zIGh1w6lzcGVkZXMgZW4gZ2VuZXJhbC4=
/4fWBw,,VGhhbmsgeW91Lg==,,,,,QWdyYWRlw6dvLg==,,R3JhY2lhcy4=
AIjWBw,,W01hbnNpb24gTWFuYWdlciBBbHBoYV0KSSB3aWxsIHNlbmQgYSBuZXcgZ3Vlc3QgbGlzdCB3aXRoIHlvdXIgbmFtZSwge30sIGluIGl0IHRvIG90aGVyIHJvYm90cyBpbiB0aGUgbWFuc2lvbi4=,,,,,W0dlc3RvciBkZSBNYW5zw6NvIEFsZmFdCkVudmlhcmVpIHVtYSBub3ZhIGxpc3RhIGRlIGNvbnZpZGFkb3MgY29tIHNldSBub21lLCB7fSwgcGFyYSBvdXRyb3Mgcm9iw7RzIGRhIG1hbnPDo28u,,W0FkbWluaXN0cmFkb3JhIEFsZmFdCkVudmlhcsOpIHVuYSBudWV2YSBsaXN0YSBkZSBodcOpc3BlZGVzIGNvbiB0dSBub21icmUsIHt9LCBhIG90cm9zIHJvYm90cyBkZSBsYSBtYW5zacOzbi4=
AYjWBw,,W01hbnNpb24gTWFuYWdlciBBbHBoYV0KQXMgeW91IGFyZSBhbiBvZmZpY2lhbCBndWVzdCBvZiBCYXJtdW5kIE1hbnNpb24sIGV2ZXJ5IHJvYm90IGhlcmUgd2lsbC4uLiBPaC4uLg==,,,,,W0dlc3RvciBkZSBNYW5zw6NvIEFsZmFdCkNvbW8gdm9jw6ogw6kgdW0gY29udmlkYWRvIG9maWNpYWwgZGEgTWFuc8OjbyBWYXJtdW50LCB0b2RvcyBvcyByb2LDtHMgZGFxdWkgaXLDo28uLi4gQWguLi4=,,W0FkbWluaXN0cmFkb3JhIEFsZmFdCkNvbW8gZXJlcyB1biBodcOpc3BlZCBvZmljaWFsIGRlIGxhIE1hbnNpw7NuIFZhcm11bmR0LCBjYWRhIHJvYm90IGFxdcOt4oCmIE9o4oCm
AojWBw,,W01hbnNpb24gTWFuYWdlciBBbHBoYV0KSSBhcG9sb2dpemUuIFBsZWFzZSB3YWl0IGEgbW9tZW50Lg==,,,,,W0dlc3RvciBkZSBNYW5zw6NvIEFsZmFdClBlw6dvIGRlc2N1bHBhcy4gUG9yIGZhdm9yLCBhZ3VhcmRlIHVtIHBvdWNvLg==,,W0FkbWluaXN0cmFkb3JhIEFsZmFdClRlIHBpZG8gZGlzY3VscGFzLiBQb3IgZmF2b3IsIGVzcGVyYSB1biBtb21lbnRvLg==
A4jWBw,,W01hbnNpb24gTWFuYWdlciBBbHBoYV0KVHJvdWJsZS4uLiBhZ2Fpbi4uLg==,,,,,W0dlc3RvciBkZSBNYW5zw6NvIEFsZmFdClByb2JsZW1hcy4uLiBub3ZhbWVudGUuLi4=,,W0FkbWluaXN0cmFkb3JhIEFsZmFdClByb2JsZW1hc+KApiBvdHJhIHZleuKApg==
BIjWBw,,SXMgdGhlcmUgYSBwcm9ibGVtPw==,,,,,QWxndW0gcHJvYmxlbWE/,,wr9IYXkgYWxnw7puIHByb2JsZW1hPw==
BYjWBw,,W01hbnNpb24gTWFuYWdlciBBbHBoYV0KSXQgc2VlbXMgXjAwMDBDRHNvbWUgcmVwZWF0ZXJzIGFyZSBoYXZpbmcgdHJvdWJsZV4wMDAwMDAuIEkgY2Fubm90IHNlbmQgb3IgcmVjZWl2ZSBzaWduYWxzLg==,,,,,W0dlc3RvciBkZSBNYW5zw6NvIEFsZmFdClBhcmVjZSBxdWUgXjkzNzBEQmFsZ3VucyByZXBldGlkb3JlcyBlc3TDo28gY29tIHByb2JsZW1hc14wMDAwMDAuIE7Do28gcG9zc28gZW52aWFyIG91IHJlY2ViZXIgc2luYWlzLg==,,W0FkbWluaXN0cmFkb3JhIEFsZmFdClBhcmVjZSBxdWUgXjk5MDA5OWFsZ3Vub3MgcmVwZXRpZG9yZXMgZXN0w6FuIHRlbmllbmRvIHByb2JsZW1hc14wMDAwMDAuIE5vIHB1ZWRvIGVudmlhciBuaSByZWNpYmlyIHNlw7FhbGVzLg==
BojWBw,,UmVwZWF0ZXJzPw==,,,,,UmVwZXRpZG9yZXM/,,wr9SZXBldGlkb3Jlcz8=
B4jWBw,,W01hbnNpb24gTWFuYWdlciBBbHBoYV0KQWxsIHJvYm90cyBpbiB0aGlzIG1hbnNpb24gYXJlIGNvbm5lY3RlZCB0aHJvdWdoIGEgbmV0d29yayB0aGF0IHVzZXMgd2lyZWxlc3Mgc2lnbmFscy4KQSByb2JvdCBjYW4gdXNlIHRoZSBuZXR3b3JrIHRvIHNlbmQgdGhlIG1lc3NhZ2UgdG8gYWxsIG90aGVyIHJvYm90cyBpbiB0aGUgbWFuc2lvbiBpbiBhbiBpbnN0YW50Lg==,,,,,W0dlc3RvciBkZSBNYW5zw6NvIEFsZmFdClRvZG9zIG9zIHJvYsO0cyBkZXNzYSBtYW5zw6NvIGVzdMOjbyBjb25lY3RhZG9zIHBvciBtZWlvIGRlIHVtYSByZWRlIHF1ZSB1c2Egc2luYWlzIHNlbSBmaW8uClVtIHJvYsO0IHBvZGUgdXNhciBhIHJlZGUgcGFyYSBlbnZpYXIgYSBtZW5zYWdlbSBhIHRvZG9zIG9zIG91dHJvcyByb2LDtHMgZGEgbWFuc8OjbyBlbSB1bSBpbnN0YW50ZS4=,,W0FkbWluaXN0cmFkb3JhIEFsZmFdClRvZG9zIGxvcyByb2JvdHMgZGUgZXN0YSBtYW5zacOzbiBlc3TDoW4gY29uZWN0YWRvcyBhIHRyYXbDqXMgZGUgdW5hIHJlZCBxdWUgdXRpbGl6YSBzZcOxYWxlcyBpbmFsw6FtYnJpY2FzLgpMb3Mgcm9ib3RzIHB1ZWRlbiB1dGlsaXphciBsYSByZWQgcGFyYSBlbnZpYXIgZWwgbWVuc2FqZSBhIHRvZG9zIGxvcyBkZW3DoXMgcm9ib3RzIGRlIGxhIG1hbnNpw7NuIGVuIHVuIGluc3RhbnRlLg==
CIjWBw,,W01hbnNpb24gTWFuYWdlciBBbHBoYV0KSXQncyBlc3BlY2lhbGx5IHVzZWZ1bCB3aGVuIHdlIGhhdmUgdG8gc2hhcmUgYSBuZXcgZ3Vlc3QgbGlzdCBvciBzY2hlZHVsZS4=,,,,,W0dlc3RvciBkZSBNYW5zw6NvIEFsZmFdCklzc28gw6kgZXNwZWNpYWxtZW50ZSDDunRpbCBxdWFuZG8gdGVtb3MgcXVlIGNvbXBhcnRpbGhhciB1bWEgbm92YSBsaXN0YSBkZSBjb252aWRhZG9zIG91IHVtYSBub3ZhIHByb2dyYW1hw6fDo28u,,W0FkbWluaXN0cmFkb3JhIEFsZmFdCkVzIGVzcGVjaWFsbWVudGUgw7p0aWwgY3VhbmRvIHRlbmVtb3MgcXVlIGNvbXBhcnRpciB1bmEgbnVldmEgbGlzdGEgZGUgaHXDqXNwZWRlcyBvIHVuIG51ZXZvIGhvcmFyaW8u
CYjWBw,,W01hbnNpb24gTWFuYWdlciBBbHBoYV0KQXMgbG9uZyBhcyBJJ20gaW4gYW55IHBhcnQgb2YgdGhpcyBtYW5zaW9uLCB0aGUgbWVzc2FnZSBJIHNlbmQgZ29lcyB0aHJvdWdoIGEgcmVwZWF0ZXIgYW5kIGdldHMgc2VudCB0byBhbGwgdGhlIG90aGVyIHJvYm90cy4=,,,,,W0dlc3RvciBkZSBNYW5zw6NvIEFsZmFdCkVucXVhbnRvIGV1IGVzdGl2ZXIgZW0gcXVhbHF1ZXIgcGFydGUgZGVzdGEgbWFuc8OjbywgYSBtZW5zYWdlbSBxdWUgZXUgZW52aWFyIHBhc3NhcsOhIHBvciB1bSByZXBldGlkb3IgZSBzZXLDoSBlbnZpYWRhIGEgdG9kb3Mgb3Mgb3V0cm9zIHJvYsO0cy4=,,W0FkbWluaXN0cmFkb3JhIEFsZmFdCk1pZW50cmFzIGVzdG95IGVuIGN1YWxxdWllciBwYXJ0ZSBkZSBlc3RhIG1hbnNpw7NuLCBlbCBtZW5zYWplIHF1ZSBlbnbDrW8gcGFzYSBwb3IgdW4gcmVwZXRpZG9yIHkgc2UgZW52w61hIGEgdG9kb3MgbG9zIGRlbcOhcyByb2JvdHMu
CojWBw,,W01hbnNpb24gTWFuYWdlciBBbHBoYV0KSSBqdXN0IHNlbnQgYSByZW5ld2VkIGd1ZXN0IGxpc3QsIGJ1dCBvbmx5IHNvbWUgYXJlYXMgaGF2ZSBzZW50IGEgcmVwbHkgc2F5aW5nIHRoZXkgcmVjZWl2ZWQgaXQu,,,,,W0dlc3RvciBkZSBNYW5zw6NvIEFsZmFdCkFjYWJlaSBkZSBlbnZpYXIgdW1hIGxpc3RhIGRlIGNvbnZpZGFkb3MgcmVub3ZhZGEsIG1hcyBzb21lbnRlIGFsZ3VtYXMgw6FyZWFzIGVudmlhcmFtIHVtYSByZXNwb3N0YSBkaXplbmRvIHF1ZSBhIHJlY2ViZXJhbS4=,,W0FkbWluaXN0cmFkb3JhIEFsZmFdCkFjYWJvIGRlIGVudmlhciB1bmEgbGlzdGEgZGUgaHXDqXNwZWRlcyBhY3R1YWxpemFkYSwgcGVybyBzb2xvIGFsZ3VuYXMgem9uYXMgY29tdW5pY2Fyb24gc3UgcmVjZXBjacOzbi4=
C4jWBw,,W01hbnNpb24gTWFuYWdlciBBbHBoYV0KVGhpcyBtZWFucyB0aGUgcmVwZWF0ZXJzIGF0IHRoZSBub24tcmVwbHlpbmcgYXJlYXMgYXJlIGJyb2tlbi4=,,,,,W0dlc3RvciBkZSBNYW5zw6NvIEFsZmFdCklzc28gc2lnbmlmaWNhIHF1ZSBvcyByZXBldGlkb3JlcyBkYXMgw6FyZWFzIHF1ZSBuw6NvIGVzdMOjbyByZXNwb25kZW5kbyBlc3TDo28gcXVlYnJhZG9zLg==,,W0FkbWluaXN0cmFkb3JhIEFsZmFdCkVzdG8gc2lnbmlmaWNhIHF1ZSBsb3MgcmVwZXRpZG9yZXMgZGUgbGFzIHpvbmFzIHF1ZSBubyByZXNwb25kZW4gZXN0w6FuIGF2ZXJpYWRvcy4=
DIjWBw,,SSBndWVzcyB0aG9zZSB0aGluZ3MgYnJlYWsgZG93biBvZnRlbj8=,,,,,QWNobyBxdWUgZXNzYXMgY29pc2FzIHF1ZWJyYW0gY29tIGZyZXF1w6puY2lhLg==,,wr9TdXBvbmdvIHF1ZSBlc2FzIGNvc2FzIHNlIGVzdHJvcGVhbiBhIG1lbnVkbz8=
DYjWBw,,W01hbnNpb24gTWFuYWdlciBBbHBoYV0KV2UgbWFpbnRhaW4gdGhlbSB0aG9yb3VnaGx5LCBzbyBpdCBkb2Vzbid0IGhhcHBlbiB2ZXJ5IG9mdGVuLgpUaGV5IGdvdCBicm9rZW4gd2hlbiB0aGUgXjAwMDBDRGludHJ1ZGVyc14wMDAwMDAgZGlzbWFudGxlZCBhbmQgc3RvbGUgdGhlIHByb3BlcnR5IGFuZCBmYWNpbGl0aWVzIGluIHRoZSBtYW5zaW9uLg==,,,,,W0dlc3RvciBkZSBNYW5zw6NvIEFsZmFdCkZhemVtb3MgdW1hIG1hbnV0ZW7Dp8OjbyBtaW51Y2lvc2EsIHBvcnRhbnRvLCBpc3NvIG7Do28gYWNvbnRlY2UgY29tIG11aXRhIGZyZXF1w6puY2lhLgpFbGVzIGZvcmFtIHF1ZWJyYWRvcyBxdWFuZG8gb3MgXjkzNzBEQmludmFzb3Jlc14wMDAwMDAgZGVzbW9udGFyYW0gZSByb3ViYXJhbSBhIHByb3ByaWVkYWRlIGUgYXMgaW5zdGFsYcOnw7VlcyBkYSBtYW5zw6NvLg==,,W0FkbWluaXN0cmFkb3JhIEFsZmFdCkxvcyBtYW50ZW5lbW9zIGVuIGJ1ZW4gZXN0YWRvLCBhc8OtIHF1ZSBubyBvY3VycmUgbXV5IGEgbWVudWRvLgpTZSByb21waWVyb24gY3VhbmRvIGxvcyBeOTkwMDk5aW50cnVzb3NeMDAwMDAwIGRlc21hbnRlbGFyb24geSByb2Jhcm9uIGxvcyBiaWVuZXMgZSBpbnN0YWxhY2lvbmVzIGRlIGxhIG1hbnNpw7NuLg==
DojWBw,,W01hbnNpb24gTWFuYWdlciBBbHBoYV0KU29tZSBvZiB0aGVtIHdlcmUgZGVzdHJveWVkIGJ5IHJvYm90cyBicm9rZW4gYnkgdGhlIGludHJ1ZGVycy4=,,,,,W0dlc3RvciBkZSBNYW5zw6NvIEFsZmFdCkFsZ3VucyBkZWxlcyBmb3JhbSBkZXN0cnXDrWRvcyBwb3Igcm9iw7RzIHF1ZWJyYWRvcyBwZWxvcyBpbnZhc29yZXMu,,W0FkbWluaXN0cmFkb3JhIEFsZmFdCkFsZ3Vub3MgZnVlcm9uIGRlc3RydWlkb3MgcG9yIHJvYm90cyBxdWUgZXN0cm9wZWFyb24gbG9zIGludHJ1c29zLg==
D4jWBw,,W01hbnNpb24gTWFuYWdlciBBbHBoYV0KSSBzaG91bGQgY2hlY2sgdGhlIGxpc3Qgb2YgYXJlYXMgZmlyc3Qu,,,,,W0dlc3RvciBkZSBNYW5zw6NvIEFsZmFdCkV1IGRldmVyaWEgdmVyaWZpY2FyIGEgbGlzdGEgZGUgw6FyZWFzIHByaW1laXJvLg==,,W0FkbWluaXN0cmFkb3JhIEFsZmFdClByaW1lcm8gZGViZXLDrWEgY29tcHJvYmFyIGxhIGxpc3RhIGRlIHpvbmFzLg==
EIjWBw,,W01hbnNpb24gTWFuYWdlciBBbHBoYV0KRXhjdXNlIG1lLCBidXQgY291bGQgeW91IHdhaXQgZm9yIGEgbGl0dGxlIG1vcmU/IEkgaGF2ZSB0byBtYWtlIGEgbGlzdCBvZiBhcmVhcyB3aXRoIGEgYnJva2VuIHJlcGVhdGVyIGFuZCBoYW5kIGl0IHRvIHlvdSBtYW51YWxseS4=,,,,,W0dlc3RvciBkZSBNYW5zw6NvIEFsZmFdCkRlc2N1bHBlLW1lLCBtYXMgdm9jw6ogcG9kZXJpYSBlc3BlcmFyIHVtIHBvdWNvIG1haXM/IFRlbmhvIHF1ZSBmYXplciB1bWEgbGlzdGEgZGFzIMOhcmVhcyBjb20gdW0gcmVwZXRpZG9yIHF1ZWJyYWRvIGUgZW50cmVnw6EtbGEgYSB2b2PDqiBtYW51YWxtZW50ZS4=,,W0FkbWluaXN0cmFkb3JhIEFsZmFdCkRpc2PDumxwYW1lLCDCv3BvZHLDrWFzIGVzcGVyYXIgdW4gcG9jbyBtw6FzPyBUZW5nbyBxdWUgaGFjZXIgdW5hIGxpc3RhIGRlIGxhcyB6b25hcyBjb24gdW4gcmVwZXRpZG9yIGF2ZXJpYWRvIHkgZW50cmVnw6FydGVsYSBtYW51YWxtZW50ZS4=
EYjWBw,,UXVhcnRlcnMuLi4gUmVjZWl2ZWQuLi4=,,,,,QWxvamFtZW50b3MuLi4gUmVjZWJpZG8uLi4=,,Q3VhcnRvc+KApiBSZWNpYmlkb+KApg==
EojWBw,,TGFib3JhdG9yeS4uLiBSZWNlaXZlZC4uLg==,,,,,TGFib3JhdMOzcmlvLi4uIFJlY2ViaWRvLi4u,,TGFib3JhdG9yaW/igKYgUmVjaWJpZG/igKY=
E4jWBw,,QXVkaXRvcml1bS4uLiBSZWNlaXZlZC4uLg==,,,,,QXVkaXTDs3Jpby4uLiBSZWNlYmlkby4uLg==,,QXVkaXRvcmlv4oCmIFJlY2liaWRv4oCm
FIjWBw,,RGluaW5nIGFyZWEuLi4gTm8gc2lnbmFsLi4u,,,,,U2FsYSBkZSBqYW50YXIuLi4gU2VtIHNpbmFsLi4u,,Q29tZWRvcuKApiBObyBoYXkgc2XDsWFs4oCm
FYjWBw,,U2VjdXJpdHkgb2ZmaWNlLi4uIFJlY2VpdmVkLi4u,,,,,Q2FiaW5lIGRlIHNlZ3VyYW7Dp2EuLi4gUmVjZWJpZG8uLi4=,,T2ZpY2luYSBkZSBzZWd1cmlkYWTigKYgUmVjaWJpZG/igKY=
FojWBw,,R2F6ZWJvLi4uIE5vIHNpZ25hbC4uLg==,,,,,R2F6ZWJvLi4uIFNlbSBzaW5hbC4uLg==,,R2F6ZWJv4oCmIE5vIGhheSBzZcOxYWzigKY=
F4jWBw,,V2FyZWhvdXNlLi4uIFJlY2VpdmVkLi4u,,,,,RGVww7NzaXRvLi4uIFJlY2ViaWRvLi4u,,QWxtYWPDqW7igKYgUmVjaWJpZG/igKY=
GIjWBw,,R2FyZGVuLi4uIE5vIHNpZ25hbC4uLg==,,,,,SmFyZGltLi4uIFNlbSBzaW5hbC4uLg==,,SmFyZMOtbuKApiBObyBoYXkgc2XDsWFs4oCm
GYjWBw,,W01hbnNpb24gTWFuYWdlciBBbHBoYV0KQW1vbmcgMjAgYXJlYXMsIG9ubHkgMyBoYXZlIG5vdCByZXBsaWVkLiBJdCdzIGZvcnR1bmF0ZSB0aGF0IHRoZXJlIGFyZW4ndCBtYW55IGJyb2tlbiByZXBlYXRlcnMuIEkgd2lsbCBnbyB0byB0aG9zZSBwbGFjZXMgdG8gbWFudWFsbHkgaGFuZCBvdXQgdGhlIG5ldyBndWVzdCBsaXN0IGFuZCBjaGVjayB0aGUgcmVwZWF0ZXJzLi4u,,,,,W0dlc3RvciBkZSBNYW5zw6NvIEFsZmFdCkVudHJlIDIwIMOhcmVhcywgYXBlbmFzIDMgbsOjbyByZXNwb25kZXJhbS4gw4kgdW1hIHNvcnRlIG7Do28gaGF2ZXIgbXVpdG9zIHJlcGV0aWRvcmVzIHF1ZWJyYWRvcy4gSXJlaSBhIGVzc2VzIGxvY2FpcyBwYXJhIGRpc3RyaWJ1aXIgbWFudWFsbWVudGUgYSBub3ZhIGxpc3RhIGRlIGNvbnZpZGFkb3MgZSB2ZXJpZmljYXIgb3MgcmVwZXRpZG9yZXMuLi4=,,W0FkbWluaXN0cmFkb3JhIEFsZmFdCkRlIDIwem9uYXMsIHNvbG8gM25vIGNvbnRlc3Rhcm9uLiBQb3Igc3VlcnRlIG5vIGhheSBtdWNob3MgcmVwZXRpZG9yZXMgYXZlcmlhZG9zLiBJcsOpIGEgZXNvcyBsdWdhcmVzIHBhcmEgcmVwYXJ0aXIgbGEgbnVldmEgbGlzdGEgZGUgaHXDqXNwZWRlcyB5IHJldmlzYXIgbG9zIHJlcGV0aWRvcmVz4oCm
GojWBw,,W1RvbW15XQpJcyB0aGlzIHRoZSBwbGFjZT8=,,,,,W1RvbW15XQrDiSBhcXVpPw==,,W1RvbW15XQrCv0VzIGVzdGUgZWwgbHVnYXI/
G4jWBw,,SXMgdGhpcyB0aGUgcGxhY2U/,,,,,w4kgYXF1aT8=,,wr9FcyBlc3RlIGVsIGx1Z2FyPw==
HIjWBw,,W01laW1laV0KT2gsIGFkdmVudHVyZXIuIFlvdSB3ZXJlIGhlcmUu,,,,,W01laW1laV0KQWgsIHZpYWphbnRlLiBWb2PDqiBlc3RhdmEgYXF1aS4=,,W01laW1laV0KT2gsIHRyb3RhbXVuZG9zLiBFc3RhYmFzIGFxdcOtLg==
HYjWBw,,T2gsIGFkdmVudHVyZXIuIFlvdSB3ZXJlIGhlcmUu,,,,,QWgsIHZpYWphbnRlLiBWb2PDqiBlc3RhdmEgYXF1aS4=,,T2gsIHRyb3RhbXVuZG9zLiBFc3RhYmFzIGFxdcOtLg==
HojWBw,,W01hbnNpb24gTWFuYWdlciBBbHBoYV0KTW9yZSBwZW9wbGUuIEFyZSB0aGV5IHlvdXIgY29tcGFuaW9ucz8=,,,,,W0dlc3RvciBkZSBNYW5zw6NvIEFsZmFdCk1haXMgcGVzc29hcy4gU8OjbyBzZXVzIGNvbXBhbmhlaXJvcz8=,,W0FkbWluaXN0cmFkb3JhIEFsZmFdCk3DoXMgZ2VudGUuIMK/U29uIHR1cyBjb21wYcOxZXJvcz8=
H4jWBw,,WWVzLCB0aGV5IGFyZS4=,,,,,U8OjbyBzaW0u,,U8OtLCBsbyBzb24u
IIjWBw,,W01laW1laV0KV293LCBzbyB0aGlzIGlzIHRoZSBmYW1vdXMgQmFybXVuZCBNYW5zaW9uIQ==,,,,,W01laW1laV0KTm9zc2EsIGVudMOjbyBlc3NhIMOpIGEgZmFtb3NhIE1hbnPDo28gVmFybXVudCE=,,W01laW1laV0KwqFWYXlhLCBjb24gcXVlIGVzdGEgZXMgbGEgZmFtb3NhIE1hbnNpw7NuIFZhcm11bmR0IQ==
IYjWBw,,SSd2ZSBoZWFyZCBzbyBtdWNoIGFib3V0IHRoaXMgcGxhY2UhIQ==,,,,,T3V2aSBmYWxhciBkZXNzZSBsdWdhciE=,,wqFPw60gaGFibGFyIHRhbnRvIGRlIGVzdGUgbHVnYXIh
IojWBw,,W1RvbW15XQpBZHZlbnR1cmVyISBJbGx1c2lvbiByZW1uYW50cyB3ZXJlIGRldGVjdGVkIGluIHRoZSBtYW5zaW9uLiBJdCBzZWVtcyB3ZSdsbCBtYWtlIHVwIHRlYW1zIHNvb24gdG8gZmlndXJlIG91dCB0aGUgbWFuc2lvbidzIHN0cnVjdHVyZSwgdGhlbiBiZWdpbiB0aGUgb3BlcmF0aW9uLg==,,,,,W1RvbW15XQpWaWFqYW50ZSEgTyByZXN0byBkb3MgbWVtYnJvcyBkYSBJbHVzw6NvIGZvcmFtIGRldGVjdGFkb3MgbmEgbWFuc8Ojby4gUGFyZWNlIHF1ZSBmb3JtYXJlbW9zIGVxdWlwZXMgZW0gYnJldmUgcGFyYSBkZXNjb2JyaXIgYSBlc3RydXR1cmEgZGEgbWFuc8OjbywgZSBkZXBvaXMgY29tZcOnYXJlbW9zIGEgb3BlcmHDp8Ojby4=,,W1RvbW15XQrCoVRyb3RhbXVuZG9zISBTZSBkZXRlY3Rhcm9uIHJlc3RvcyBkZSBJbHVzacOzbiBlbiBsYSBtYW5zacOzbi4gUGFyZWNlIHF1ZSBwcm9udG8gZm9ybWFyZW1vcyBlcXVpcG9zIHBhcmEgY29tcHJlbmRlciBsYSBlc3RydWN0dXJhIGRlIGxhIG1hbnNpw7NuIHkgbHVlZ28gY29tZW56YXIgbGEgb3BlcmFjacOzbi4=
I4jWBw,,SSdsbCB3YWl0IGZvciBpdC4=,,,,,Vm91IGVzcGVyYXIu,,TG8gZXNwZXJhcsOpLg==
JIjWBw,,W01hbnNpb24gTWFuYWdlciBBbHBoYV0KTmV3Y29tZXJzLCBwbGVhc2UgY29tZSBoZXJlLiBJIHdpbGwgcmVnaXN0ZXIgeW91IGFzIG9mZmljaWFsIGd1ZXN0cyBvZiB0aGUgbWFuc2lvbi4=,,,,,W0dlc3RvciBkZSBNYW5zw6NvIEFsZmFdClJlY8OpbS1jaGVnYWRvcywgcG9yIGZhdm9yLCB2ZW5oYW0gYXF1aS4gVm91IHJlZ2lzdHJhciB2b2PDqnMgY29tbyBjb252aWRhZG9zIG9maWNpYWlzIGRhIG1hbnPDo28u,,W0FkbWluaXN0cmFkb3JhIEFsZmFdCkxvcyByZWNpw6luIGxsZWdhZG9zIHBvciBmYXZvciBwYXNlbiBwb3IgYWPDoS4gTG9zIHJlZ2lzdHJhcsOpIGNvbW8gaHXDqXNwZWRlcyBvZmljaWFsZXMgZGUgbGEgbWFuc2nDs24u
JYjWBw,,W01hbnNpb24gTWFuYWdlciBBbHBoYV0KQWgsIGJlZm9yZSB0aGF0LCBkaWQgeW91IHRha2UgYSBsb29rIGFyb3VuZCB0aGUgbWFuc2lvbiwge30/,,,,,W0dlc3RvciBkZSBNYW5zw6NvIEFsZmFdCkFoLCBhbnRlcyBkaXNzbywgdm9jw6ogZGV1IHVtYSBvbGhhZGEgbmEgbWFuc8Ojbywge30/,,W0FkbWluaXN0cmFkb3JhIEFsZmFdCkFoLCBhbnRlcyBkZSBlc28sIMK/ZWNoYXN0ZSB1biB2aXN0YXpvIGEgbGEgbWFuc2nDs24sIHt9Pw==
JojWBw,,Tm90IHlldC4=,,,,,QWluZGEgbsOjby4=,,VG9kYXbDrWEgbm8u
J4jWBw,,W01hbnNpb24gTWFuYWdlciBBbHBoYV0KVGhlbiwgY291bGQgSSBhc2sgeW91IGEgZmF2b3I/IEkgZGlkIG5vdCBtZWFuIHRvIG92ZXJoZWFyIHlvdSwgYnV0IHlvdSBzYWlkIHlvdSBoYXZlIHRvIGZpZ3VyZSBvdXQgdGhlIG1hbnNpb24ncyBzdHJ1Y3R1cmUu,,,,,W0dlc3RvciBkZSBNYW5zw6NvIEFsZmFdCkVudMOjbyBldSBwb3NzbyBwZWRpciB1bSBmYXZvcj8gRXUgbsOjbyBxdWVyaWEgb3V2aXIgc3VhIGNvbnZlcnNhLCBtYXMgdm9jw6ogZGlzc2UgcXVlIHByZWNpc2EgZGVzY29icmlyIGEgZXN0cnV0dXJhIGRhIG1hbnPDo28u,,W0FkbWluaXN0cmFkb3JhIEFsZmFdCkVudG9uY2VzLCDCv3B1ZWRvIHBlZGlydGUgdW4gZmF2b3I/IE5vIGVyYSBtaSBpbnRlbmNpw7NuIG/DrXJ0ZSwgcGVybyBkaWppc3RlIHF1ZSB0ZW7DrWFzIHF1ZSBhdmVyaWd1YXIgbGEgZXN0cnVjdHVyYSBkZSBsYSBtYW5zacOzbi4=
KIjWBw,,W01hbnNpb24gTWFuYWdlciBBbHBoYV0KV2hpbGUgdGFraW5nIGEgbG9vayBhcm91bmQgdGhlIG1hbnNpb24sIGNvdWxkIHlvdSB0ZWxsIHRoZSByb2JvdHMgYXQgdGhlIG5vbi1yZXBseWluZyBwbGFjZXMgdG8gY2hlY2sgdGhlIGJyb2tlbiByZXBlYXRlcj8=,,,,,W0dlc3RvciBkZSBNYW5zw6NvIEFsZmFdCkVucXVhbnRvIGVzdGl2ZXIgZGFuZG8gdW1hIG9saGFkYSBuYSBtYW5zw6NvLCB2b2PDqiBwb2RlcmlhIGRpemVyIGFvcyByb2LDtHMgbm9zIGxvY2FpcyBxdWUgbsOjbyByZXNwb25kZW0gcGFyYSB2ZXJpZmljYXIgbyByZXBldGlkb3IgcXVlYnJhZG8/,,W0FkbWluaXN0cmFkb3JhIEFsZmFdCk1pZW50cmFzIGVjaGFzIHVuIHZpc3Rhem8gcG9yIGxhIG1hbnNpw7NuLCDCv3BvZHLDrWFzIGRlY2lybGVzIGEgbG9zIHJvYm90cyBkZSBsb3MgbHVnYXJlcyBpbmNvbXVuaWNhZG9zIHF1ZSBjb21wcnVlYmVuIGVsIHJlcGV0aWRvciBhdmVyaWFkbz8=
KYjWBw,,W01hbnNpb24gTWFuYWdlciBBbHBoYV0KVGhlIHJvdXRlIHdpbGwgbGV0IHlvdSBzZWUgYWxsIHRoZSBpbXBvcnRhbnQgcGxhY2VzIGluIHRoZSBtYW5zaW9uLg==,,,,,W0dlc3RvciBkZSBNYW5zw6NvIEFsZmFdCkEgcm90YSBwZXJtaXRpcsOhIHF1ZSB2b2PDqiB2ZWphIHRvZG9zIG9zIGxvY2FpcyBpbXBvcnRhbnRlcyBkYSBtYW5zw6NvLg==,,W0FkbWluaXN0cmFkb3JhIEFsZmFdCkxhIHJ1dGEgdGUgcGVybWl0aXLDoSB2ZXIgdG9kb3MgbG9zIGx1Z2FyZXMgaW1wb3J0YW50ZXMgZGUgbGEgbWFuc2nDs24u
KojWBw,,W01hbnNpb24gTWFuYWdlciBBbHBoYV0KSSBrbm93IGl0IGlzIG15IGpvYiwgYnV0IEkgZG8gbm90IGhhdmUgdGltZSB0byBtYWtlIHRoZSB0cmlwIGFzIEkgaGF2ZSB0byByZWdpc3RlciBhbGwgdGhlIG5ldyBndWVzdHMsIHJlbmV3IHRoZSBsaXN0LCBhbmQgc2hhcmUgaXQgd2l0aCBvdGhlciByb2JvdHMu,,,,,W0dlc3RvciBkZSBNYW5zw6NvIEFsZmFdClNlaSBxdWUgw6kgbWV1IHRyYWJhbGhvLCBtYXMgbsOjbyB0ZW5obyB0ZW1wbyBwYXJhIGlzc28sIHBvaXMgcHJlY2lzbyByZWdpc3RyYXIgdG9kb3Mgb3Mgbm92b3MgY29udmlkYWRvcywgcmVub3ZhciBhIGxpc3RhIGUgY29tcGFydGlsaMOhLWxhIGNvbSBvdXRyb3Mgcm9iw7RzLg==,,W0FkbWluaXN0cmFkb3JhIEFsZmFdClPDqSBxdWUgZXMgbWkgdHJhYmFqbywgcGVybyBubyB0ZW5nbyB0aWVtcG8gcGFyYSBoYWNlciBlbCB2aWFqZSwgeWEgcXVlIHRlbmdvIHF1ZSByZWdpc3RyYXIgYSB0b2RvcyBsb3MgbnVldm9zIGh1w6lzcGVkZXMsIHJlbm92YXIgbGEgbGlzdGEgeSBjb21wYXJ0aXJsYSBjb24gb3Ryb3Mgcm9ib3RzLg==
K4jWBw,,SSdsbCBkbyBpdC4=,,,,,RGVpeGUgY29taWdvLg==,,TG8gaGFyw6ku
LIjWBw,,SSBoYXZlIHRvIHRha2UgY2FyZSBzb21lIG90aGVyIHN0dWZmIGZpcnN0Lg==,,,,,VGVuaG8gcXVlIGN1aWRhciBkZSBvdXRyYXMgY29pc2FzIHByaW1laXJvLg==,,UHJpbWVybyB0ZW5nbyBxdWUgb2N1cGFybWUgZGUgb3RyYXMgY29zYXMu
LYjWBw,,W01hbnNpb24gTWFuYWdlciBBbHBoYV0KSSBzZWUuIEkgYXBvbG9naXplIGZvciBtYWtpbmcgYSB0YXhpbmcgcmVxdWVzdC4gUGxlYXNlIGZlZWwgZnJlZSB0byBsb29rIGFyb3VuZCB0aGUgbWFuc2lvbiBvbiB5b3VyIG93bi4=,,,,,W0dlc3RvciBkZSBNYW5zw6NvIEFsZmFdCkVudGVuZGkuIFBlw6dvIGRlc2N1bHBhcyBwb3IgdGVyIGZlaXRvIHVtIHBlZGlkbyB0w6NvIGV4aWdlbnRlLiBGaXF1ZSDDoCB2b250YWRlIHBhcmEgZGFyIHVtYSBvbGhhZGEgbmEgbWFuc8OjbyBwb3IgY29udGEgcHLDs3ByaWEu,,W0FkbWluaXN0cmFkb3JhIEFsZmFdCllhIHZlby4gUGlkbyBkaXNjdWxwYXMgcG9yIGhhY2VyIHVuYSBzb2xpY2l0dWQgdGFuIGV4aWdlbnRlLiBTacOpbnRldGUgbGlicmUgZGUgcmVjb3JyZXIgbGEgbWFuc2nDs24gcG9yIHR1IGN1ZW50YS4=
LojWBw,,W01hbnNpb24gTWFuYWdlciBBbHBoYV0KVGhhbmsgeW91IGZvciBhY2NlcHRpbmcgc3VjaCBhIHRheGluZyByZXF1ZXN0LiBTb21lIHJvYm90cyBkaWQgbm90IGdldCB0aGUgbmV3IGd1ZXN0IGxpc3QsIGJ1dCBhcyBJIGhhdmUgcmVnaXN0ZXJlZCB5b3UgYXMgYW4gb2ZmaWNpYWwgZ3Vlc3QsIHRoZXkgd2lsbCByZWNvZ25pemUgeW91IGlmIHlvdSBhcHByb2FjaCB0aGVtLg==,,,,,W0dlc3RvciBkZSBNYW5zw6NvIEFsZmFdCkFncmFkZcOnbyBwb3IgYWNlaXRhciB1bSBwZWRpZG8gdMOjbyBleGlnZW50ZS4gQWxndW5zIHJvYsO0cyBuw6NvIHJlY2ViZXJhbSBhIG5vdmEgbGlzdGEgZGUgY29udmlkYWRvcywgbWFzIGNvbW8gZXUgdGUgcmVnaXN0cmVpIGNvbW8gY29udmlkYWRvIG9maWNpYWwsIGVsZXMgbyByZWNvbmhlY2Vyw6NvIHNlIHZvY8OqIHNlIGFwcm94aW1hciBkZWxlcy4=,,W0FkbWluaXN0cmFkb3JhIEFsZmFdCkdyYWNpYXMgcG9yIGFjZXB0YXIgdW5hIHNvbGljaXR1ZCB0YW4gZXhpZ2VudGUuIEFsZ3Vub3Mgcm9ib3RzIG5vIHJlY2liaWVyb24gbGEgbnVldmEgbGlzdGEgZGUgaHXDqXNwZWRlcywgcGVybyBjb21vIHRlIHJlZ2lzdHLDqSBjb21vIGh1w6lzcGVkIG9maWNpYWwsIHRlIHJlY29ub2NlcsOhbiBzaSB0ZSBhY2VyY2FzIGEgZWxsb3Mu
L4jWBw,,W01hbnNpb24gTWFuYWdlciBBbHBoYV0KQWxsIG90aGVyIHJvYm90cyBoYXZlIHJlY2VpdmVkIHRoZSBsaXN0LCBzbyB5b3Ugc2hvdWxkIGhhdmUgbm8gcHJvYmxlbSB1c2luZyB0aGUgbWFuc2lvbidzIGZhY2lsaXRpZXMuIElmIHlvdSBuZWVkIGFueSBoZWxwLCBzcGVhayB0byBhIG5lYXJieSByb2JvdCBhbnl0aW1lLg==,,,,,W0dlc3RvciBkZSBNYW5zw6NvIEFsZmFdClRvZG9zIG9zIG91dHJvcyByb2LDtHMgcmVjZWJlcmFtIGEgbGlzdGEsIHBvcnRhbnRvLCB2b2PDqiBuw6NvIGRldmVyw6EgdGVyIHByb2JsZW1hcyBwYXJhIHVzYXIgYXMgaW5zdGFsYcOnw7VlcyBkYSBtYW5zw6NvLiBTZSBwcmVjaXNhciBkZSBhanVkYSwgZmFsZSBjb20gdW0gcm9iw7QgcHLDs3hpbW8gYSBxdWFscXVlciBtb21lbnRvLg==,,W0FkbWluaXN0cmFkb3JhIEFsZmFdClRvZG9zIGxvcyBkZW3DoXMgcm9ib3RzIHJlY2liaWVyb24gbGEgbGlzdGEsIGFzw60gcXVlIG5vIGRlYmVyw61hcyB0ZW5lciBwcm9ibGVtYXMgcGFyYSB1c2FyIGxhcyBpbnN0YWxhY2lvbmVzIGRlIGxhIG1hbnNpw7NuLiBTaSBuZWNlc2l0YXMgYXl1ZGEsIGhhYmxhIGNvbiB1biByb2JvdCBjZXJjYW5vIGVuIGN1YWxxdWllciBtb21lbnRvLg==
MIjWBw,,W01hbnNpb24gTWFuYWdlciBBbHBoYV0KTm93LCBJIGFzc3VtZSBpdCdzIGJlc3QgdG8gaGVhZCB0byB0aGUgPE5BVkk+W2RpbmluZyBhcmVhXTxJTkZPPmJhX21haXNvbiwxNDYsMTA5LDAsMTAxLDA8L0lORk8+PC9OQVZJPiBmaXJzdC4gRGVsaXZlciB0aGUgbWVzc2FnZSB0byBhIHJvYm90IG5lYXIgdGhlIGJyb2tlbiByZXBlYXRlciwgYW5kIGl0IHdpbGwgdGFrZSBjYXJlIG9mIHRoZSByZXN0Lg==,,,,,W0dlc3RvciBkZSBNYW5zw6NvIEFsZmFdCkFnb3JhLCBwcmVzdW1vIHF1ZSBzZWphIG1lbGhvciBpciBwYXJhIGEgPE5BVkk+W3NhbGEgZGUgamFudGFyXTxJTkZPPmJhX21haXNvbiwxNDYsMTA5LDAsMTAxLDA8L0lORk8+PC9OQVZJPiBwcmltZWlyby4gRW50cmVndWUgYSBtZW5zYWdlbSBhIHVtIHJvYsO0IHBlcnRvIGRvIHJlcGV0aWRvciBkYW5pZmljYWRvLCBlIGVsZSBjdWlkYXLDoSBkZSB0dWRvLg==,,W0FkbWluaXN0cmFkb3JhIEFsZmFdCkFob3JhLCBjcmVvIHF1ZSBlcyBtZWpvciBpciBwcmltZXJvIGFsIDxOQVZJPltjb21lZG9yXTxJTkZPPmJhX21haXNvbiwxNDYsMTA5LDAsMTAxLDA8L0lORk8+PC9OQVZJPi4gRW50cmVnYSBlbCBtZW5zYWplIGEgdW4gcm9ib3QgcXVlIGVzdMOpIGNlcmNhIGRlbCByZXBldGlkb3IgYXZlcmlhZG8geSDDqWwgc2UgZW5jYXJnYXLDoSBkZWwgcmVzdG8u
MYjWBw,,W01hbnNpb24gTWFuYWdlciBBbHBoYV0KVGhhbmsgeW91IGZvciBkb2luZyB0aGlzLg==,,,,,W0dlc3RvciBkZSBNYW5zw6NvIEFsZmFdCkFncmFkZcOnbyBwb3IgZmF6ZXIgaXNzby4=,,W0FkbWluaXN0cmFkb3JhIEFsZmFdCkdyYWNpYXMgcG9yIGhhY2VybG8u
MojWBw,,W01hbnNpb24gTWFuYWdlciBBbHBoYV0KSSBhc3N1bWUgaXQncyBiZXN0IHRvIGhlYWQgdG8gdGhlIDxOQVZJPltkaW5pbmcgYXJlYV08SU5GTz5iYV9tYWlzb24sMTQ2LDEwOSwwLDEwMSwwPC9JTkZPPjwvTkFWST4gZmlyc3QuIERlbGl2ZXIgdGhlIG1lc3NhZ2UgdG8gYSByb2JvdCBuZWFyIHRoZSBicm9rZW4gcmVwZWF0ZXIsIGFuZCBpdCB3aWxsIHRha2UgY2FyZSBvZiB0aGUgcmVzdC4=,,,,,W0dlc3RvciBkZSBNYW5zw6NvIEFsZmFdClByZXN1bW8gcXVlIHNlamEgbWVsaG9yIGlyIHBhcmEgYSA8TkFWST5bc2FsYSBkZSBqYW50YXJdPElORk8+YmFfbWFpc29uLDE0NiwxMDksMCwxMDEsMDwvSU5GTz48L05BVkk+IHByaW1laXJvLiBFbnRyZWd1ZSBhIG1lbnNhZ2VtIGEgdW0gcm9iw7QgcGVydG8gZG8gcmVwZXRpZG9yIGRhbmlmaWNhZG8sIGUgZWxlIGN1aWRhcsOhIGRlIHR1ZG8u,,W0FkbWluaXN0cmFkb3JhIEFsZmFdCkNyZW8gcXVlIGVzIG1lam9yIGlyIHByaW1lcm8gYWwgPE5BVkk+W2NvbWVkb3JdPElORk8+YmFfbWFpc29uLDE0NiwxMDksMCwxMDEsMDwvSU5GTz48L05BVkk+LiBFbnRyZWdhIGVsIG1lbnNhamUgYSB1biByb2JvdCBxdWUgZXN0w6kgY2VyY2EgZGVsIHJlcGV0aWRvciBhdmVyaWFkbyB5IMOpbCBzZSBlbmNhcmdhcsOhIGRlbCByZXN0by4=
M4jWBw,,W01hbnNpb24gTWFuYWdlciBBbHBoYV0KSGVhZCBvbiB0byB0aGUgPE5BVkk+W2dhemVib108SU5GTz5iYV9tYWlzb24sMzM0LDE0MywwLDEwMSwwPC9JTkZPPjwvTkFWST4uIERlbGl2ZXIgdGhlIG1lc3NhZ2UgdG8gYSByb2JvdCBuZWFyIHRoZSBicm9rZW4gcmVwZWF0ZXIsIGFuZCBpdCB3aWxsIHRha2UgY2FyZSBvZiB0aGUgcmVzdC4=,,,,,W0dlc3RvciBkZSBNYW5zw6NvIEFsZmFdClbDoSBwYXJhIG8gPE5BVkk+W2dhemVib108SU5GTz5iYV9tYWlzb24sMzM0LDE0MywwLDEwMSwwPC9JTkZPPjwvTkFWST4uIEVudHJlZ3VlIGEgbWVuc2FnZW0gYSB1bSByb2LDtCBwZXJ0byBkbyByZXBldGlkb3IgZGFuaWZpY2FkbywgZSBlbGUgY3VpZGFyw6EgZGUgdHVkby4=,,W0FkbWluaXN0cmFkb3JhIEFsZmFdCkRpcsOtZ2V0ZSBhbCA8TkFWST5bbWlyYWRvcl08SU5GTz5iYV9tYWlzb24sMzM0LDE0MywwLDEwMSwwPC9JTkZPPjwvTkFWST4uIEVudHJlZ2EgZWwgbWVuc2FqZSBhIHVuIHJvYm90IHF1ZSBlc3TDqSBjZXJjYSBkZWwgcmVwZXRpZG9yIGF2ZXJpYWRvIHkgw6lsIHNlIGVuY2FyZ2Fyw6EgZGVsIHJlc3RvLg==
NIjWBw,,W01hbnNpb24gTWFuYWdlciBBbHBoYV0KRGVsaXZlciB0aGUgbWVzc2FnZSB0byBhIHJvYm90IG5lYXIgdGhlIGJyb2tlbiByZXBlYXRlciBhdCB0aGUgPE5BVkk+W2NlbnRyYWwgZ2FyZGVuXTxJTkZPPmJhX21haXNvbiwyNDUsMjA2LDAsMTAxLDA8L0lORk8+PC9OQVZJPiwgYW5kIGl0IHdpbGwgdGFrZSBjYXJlIG9mIHRoZSByZXN0Lg==,,,,,W0dlc3RvciBkZSBNYW5zw6NvIEFsZmFdCkVudHJlZ3VlIGEgbWVuc2FnZW0gYSB1bSByb2LDtCBwZXJ0byBkbyByZXBldGlkbyBubyA8TkFWST5bamFyZGltIGNlbnRhbF08SU5GTz5iYV9tYWlzb24sMjQ1LDIwNiwwLDEwMSwwPC9JTkZPPjwvTkFWST4gZSBlbGUgdmFpIGN1aWRhciBkbyByZXN0by4=,,W0FkbWluaXN0cmFkb3JhIEFsZmFdCkVudHJlZ2EgZWwgbWVuc2FqZSBhIHVuIHJvYm90IGNlcmNhIGRlbCByZXBldGlkb3Igcm90byBlbiBlbCA8TkFWST5bamFyZMOtbiBjZW50cmFsXTxJTkZPPmJhX21haXNvbiwyNDUsMjA2LDAsMTAxLDA8L0lORk8+PC9OQVZJPiB5IMOpbCBzZSBlbmNhcmdhcsOhIGRlbCByZXN0by4=
NYjWBw,,W01hbnNpb24gTWFuYWdlciBBbHBoYV0KV2VsY29tZSwge30uIEhhdmUgeW91IHRha2VuIGEgbG9vayBhcm91bmQgdGhlIG1hbnNpb24/IERpZCB5b3UgZGVsaXZlciB0aGUgbWVzc2FnZSB0byB0aGUgcm9ib3RzIG5lYXIgdGhlIHJlcGVhdGVycz8=,,,,,W0dlc3RvciBkZSBNYW5zw6NvIEFsZmFdCkJvYXMtdmluZGFzLCB7fS4gVm9jw6ogasOhIGRldSB1bWEgb2xoYWRhIHBlbGEgbWFuc8Ojbz8gRW50cmVnb3UgYSBtZW5zYWdlbSBhb3Mgcm9iw7RzIHByw7N4aW1vcyBkb3MgcmVwZXRpZG9yZXM/,,W0FkbWluaXN0cmFkb3JhIEFsZmFdClRlIGRveSBsYSBiaWVudmVuaWRhLCB7fS4gwr9FY2hhc3RlIHVuIHZpc3Rhem8gYSBsYSBtYW5zacOzbj8gwr9FbnRyZWdhc3RlIGVsIG1lbnNhamUgYSBsb3Mgcm9ib3RzIHF1ZSBzZSBlbmN1ZW50cmFuIGNlcmNhIGRlIGxvcyByZXBldGlkb3Jlcz8=
NojWBw,,SSB0b2xkIGFsbCBvZiB0aGVtLg==,,,,,RmFsZWkgY29tIHRvZG9zIGVsZXMu,,U2UgbG8gZGlqZSBhIHRvZG9zLg==
N4jWBw,,W01hbnNpb24gTWFuYWdlciBBbHBoYV0KVGhhbmsgeW91IHZlcnkgbXVjaCBmb3IgeW91ciB3b3JrLiBMZXQgbWUgY2hlY2sgdGhlIG5ldHdvcmsgc3RhdHVzLg==,,,,,W0dlc3RvciBkZSBNYW5zw6NvIEFsZmFdCkFncmFkZcOnbyBwb3Igc2V1IHRyYWJhbGhvLiBEZWl4ZS1tZSB2ZXJpZmljYXIgbyBzdGF0dXMgZGEgcmVkZS4=,,W0FkbWluaXN0cmFkb3JhIEFsZmFdCk11Y2hhcyBncmFjaWFzIHBvciB0dSB0cmFiYWpvLiBEw6lqYW1lIGNvbXByb2JhciBlbCBlc3RhZG8gZGUgbGEgcmVkLg==
OIjWBw,,RGluaW5nIGFyZWEuLi4gUmVjZWl2ZWQuLi4=,,,,,U2FsYSBkZSBqYW50YXIuLi4gUmVjZWJpZG8uLi4=,,Q29tZWRvcuKApiBSZWNpYmlkb+KApg==
OYjWBw,,R2F6ZWJvLi4uIFJlY2VpdmVkLi4u,,,,,R2F6ZWJvLi4uIFJlY2ViaWRvLi4u,,R2F6ZWJv4oCmIFJlY2liaWRv4oCm
OojWBw,,R2FyZGVuLi4uIFJlY2VpdmVkLi4u,,,,,SmFyZGltLi4uIFJlY2ViaWRvLi4u,,SmFyZMOtbuKApiBSZWNpYmlkb+KApg==
O4jWBw,,W01hbnNpb24gTWFuYWdlciBBbHBoYV0KVGhlIG1hbnNpb24ncyBuZXR3b3JrIGhhcyBiZWVuIHJlc3RvcmVkLCBhbmQgZXZlcnkgc2lnbmFsIGZyb20gZXZlcnl3aGVyZSBpcyBnZXR0aW5nIHNlbnQgYW5kIHJlY2VpdmVkIHNtb290aGx5LiBOb3cgeW91IGNhbiB1c2UgZXZlcnkgcGFydCBvZiB0aGUgbWFuc2lvbiB3aXRob3V0IGFueSBpbmNvbnZlbmllbmNlLg==,,,,,W0dlc3RvciBkZSBNYW5zw6NvIEFsZmFdCkEgcmVkZSBkYSBtYW5zw6NvIGZvaSByZXN0YXVyYWRhLCBlIHRvZG9zIG9zIHNpbmFpcyBkZSB0b2RvcyBvcyBsdWdhcmVzIGVzdMOjbyBlbnZpYW5kbyBlIHJlY2ViZW5kbyBzZW0gcHJvYmxlbWFzLiBBZ29yYSB2b2PDqiBwb2RlIHVzYXIgdG9kYXMgYXMgcGFydGVzIGRhIG1hbnPDo28gc2VtIG5lbmh1bSBpbmNvbnZlbmllbnRlLg==,,W0FkbWluaXN0cmFkb3JhIEFsZmFdCkxhIHJlZCBkZSBsYSBtYW5zacOzbiBzZSBoYSByZXN0YWJsZWNpZG8sIHkgdG9kYXMgbGFzIHNlw7FhbGVzIHNlIGVudsOtYW4geSByZWNpYmVuIHNpbiBwcm9ibGVtYXMuIEFob3JhIHB1ZWRlcyB1dGlsaXphciB0b2RhcyBsYXMgcGFydGVzIGRlIGxhIG1hbnNpw7NuIHNpbiBuaW5nw7puIGluY29udmVuaWVudGUu
PIjWBw,,W01hbnNpb24gTWFuYWdlciBBbHBoYV0KVGhhbmsgeW91IHZlcnkgbXVjaC4gWW91ciBjbGVhbiBoYW5kbGluZyBvZiBpbnRydWRlcnMnIGRpc3R1cmJhbmNlIGdhdmUgbWUgdGhlIGltcHJlc3Npb24gdGhhdCB5b3UgYXJlIGEgc2Vhc29uZWQgYWR2ZW50dXJlciB3aG8gY2FuIHNraWxsZnVsbHkgbWFuYWdlIGV2ZXJ5IGtpbmQgb2Ygc2l0dWF0aW9uLg==,,,,,W0dlc3RvciBkZSBNYW5zw6NvIEFsZmFdCkFncmFkZcOnby4gU3VhIGZvcm1hIGRlIGxpZGFyIGNvbSBhIHBlcnR1cmJhw6fDo28gZG9zIGludHJ1c29zIG1lIGRldSBhIGltcHJlc3PDo28gZGUgcXVlIHZvY8OqIMOpIGV4cGVyaWVudGUgY29tbyB2aWFqYW50ZSBlIMOpIGNhcGF6IGRlIGFkbWluaXN0cmFyIGhhYmlsbWVudGUgdG9kbyB0aXBvIGRlIHNpdHVhw6fDo28u,,W0FkbWluaXN0cmFkb3JhIEFsZmFdCk11Y2hhcyBncmFjaWFzLiBUdSBpbXBlY2FibGUgbWFuZWpvIGRlbCBwcm9ibGVtYSBjb24gbG9zIGludHJ1c29zIG1lIGRpbyBsYSBpbXByZXNpw7NuIGRlIHF1ZSBlcmVzIHVuIHRyb3RhbXVuZG9zIGNvbiBleHBlcmllbmNpYSBjYXBheiBkZSBtYW5lamFyIGNvbiBkZXN0cmV6YSB0b2RvIHRpcG8gZGUgc2l0dWFjaW9uZXMu
PYjWBw,,W01hbnNpb24gTWFuYWdlciBBbHBoYV0KWW91IGdldHRpbmcgYWNjdXN0b21lZCB0byB0aGUgbWFuc2lvbidzIHN0cnVjdHVyZSBhbmQgdW5mYW1pbGlhciByb2JvdHMgcXVpY2tseSB3YXMgYWxzbyBpbXByZXNzaXZlLg==,,,,,W0dlc3RvciBkZSBNYW5zw6NvIEFsZmFdCk8gZmF0byBkZSB0ZXIgc2UgYWNvc3R1bWFkbyByYXBpZGFtZW50ZSBjb20gYSBlc3RydXR1cmEgZGEgbWFuc8OjbyBlIGNvbSBvcyByb2LDtHMgZGVzY29uaGVjaWRvcyB0YW1iw6ltIGZvaSBpbXByZXNzaW9uYW50ZS4=,,W0FkbWluaXN0cmFkb3JhIEFsZmFdClRhbWJpw6luIGZ1ZSBpbXByZXNpb25hbnRlIHF1ZSB0ZSBhY29zdHVtYnJhcmFzIHLDoXBpZGFtZW50ZSBhIGxhIGVzdHJ1Y3R1cmEgZGUgbGEgbWFuc2nDs24geSBhIGxvcyByb2JvdHMgZGVzY29ub2NpZG9zLg==
PojWBw,,W01hbnNpb24gTWFuYWdlciBBbHBoYV0KSWYgeW91IGRpc2NvdmVyIGFueSBvdGhlciBwcm9ibGVtIGluIHRoZSBtYW5zaW9uLCBwbGVhc2UgaGVscCB3aXRoIGl0LCB0b28u,,,,,W0dlc3RvciBkZSBNYW5zw6NvIEFsZmFdClNlIHZvY8OqIGRlc2NvYnJpciBxdWFscXVlciBvdXRybyBwcm9ibGVtYSBuYSBtYW5zw6NvLCBwb3IgZmF2b3IsIHRlbnRlIHJlc29sdmVyIHRhbWLDqW0u,,W0FkbWluaXN0cmFkb3JhIEFsZmFdClNpIGVuY3VlbnRyYXMgYWxnw7puIG90cm8gcHJvYmxlbWEgZW4gbGEgbWFuc2nDs24sIHBvciBmYXZvciwgYXnDumRhbm9zIHRhbWJpw6luIGNvbiDDqWwu
P4jWBw,,W01hbnNpb24gTWFuYWdlciBBbHBoYV0KQXMgc2VydmFudCByb2JvdHMgb2YgdGhpcyBtYW5zaW9uLCB3ZSBhcmUgZmFtaWxpYXIgd2l0aCBzZXJ2aW5nIGh1bWFuIGd1ZXN0cyBidXQgbGFjayB0aGUgaW5mb3JtYXRpb24gYW5kIGFiaWxpdHkgdG8gaGFuZGxlIGFueSBvdGhlciBtYXR0ZXJzLg==,,,,,W0dlc3RvciBkZSBNYW5zw6NvIEFsZmFdCkNvbW8gcm9iw7RzIHNlcnZvcyBkZXN0YSBtYW5zw6NvLCBlc3RhbW9zIGZhbWlsaWFyaXphZG9zIGNvbSBvIGF0ZW5kaW1lbnRvIGFvcyBjb252aWRhZG9zIGh1bWFub2lkZXMsIG1hcyBuw6NvIHRlbW9zIGFzIGluZm9ybWHDp8O1ZXMgZSBhIGNhcGFjaWRhZGUgZGUgbGlkYXIgY29tIG91dHJvcyBhc3N1bnRvcy4=,,W0FkbWluaXN0cmFkb3JhIEFsZmFdCkNvbW8gcm9ib3RzIHNpcnZpZW50ZXMgZGUgZXN0YSBtYW5zacOzbiwgc2FiZW1vcyBjw7NtbyBzZXJ2aXIgYSBsb3MgaHXDqXNwZWRlcyBodW1hbm9zLCBwZXJvIGNhcmVjZW1vcyBkZSBsYSBpbmZvcm1hY2nDs24geSBsYSBjYXBhY2lkYWQgcGFyYSBtYW5lamFyIGN1YWxxdWllciBvdHJvIGFzdW50by4=
QIjWBw,,W01hbnNpb24gTWFuYWdlciBBbHBoYV0KV2Ugc3RpbGwgaGF2ZW4ndCByZXNvbHZlZCB0aGUgcHJvYmxlbXMgY2F1c2VkIGJ5IHRoZSBtYXNzaXZlIGdyb3VwIG9mIGludHJ1ZGVycy4gSSBhc3N1bWUgd2UgYXJlIG1pc3NpbmcgYSBsb3QgYmVjYXVzZSB3ZSBjYW5ub3Qgc2VlIHRoZSBjaXJjdW1zdGFuY2VzIGxpa2UgaHVtYW5zIGRvLg==,,,,,W0dlc3RvciBkZSBNYW5zw6NvIEFsZmFdCkFpbmRhIG7Do28gcmVzb2x2ZW1vcyBvcyBwcm9ibGVtYXMgY2F1c2Fkb3MgcGVsbyBncmFuZGUgZ3J1cG8gZGUgaW50cnVzb3MuIFByZXN1bW8gcXVlIGVzdGFtb3MgcGVyZGVuZG8gbXVpdGEgY29pc2EgcG9ycXVlIG7Do28gcG9kZW1vcyB2ZXIgYXMgY2lyY3Vuc3TDom5jaWFzIGNvbW8gb3MgaHVtYW5vaWRlcyBmYXplbS4=,,W0FkbWluaXN0cmFkb3JhIEFsZmFdCkHDum4gbm8gaGVtb3MgcmVzdWVsdG8gbG9zIHByb2JsZW1hcyBjYXVzYWRvcyBwb3IgbGEgYWdsb21lcmFjacOzbiBkZSBpbnRydXNvcy4gU3Vwb25nbyBxdWUgbm9zIGVzdGFtb3MgcGVyZGllbmRvIG11Y2hhcyBjb3NhcyBwb3JxdWUgbm8gcG9kZW1vcyB2ZXIgbGFzIGNpcmN1bnN0YW5jaWFzIGNvbW8gbG8gaGFjZW4gbG9zIGh1bWFub3Mu
QYjWBw,,W01hbnNpb24gTWFuYWdlciBBbHBoYV0Ke30sIGlmIHlvdSB3b3VsZCByZXNvbHZlIHRoZSBwcm9ibGVtcyBjYXVzZWQgYnkgdGhlIGludHJ1ZGVycyBhbmQgbGV0IHVzIGNvbGxlY3QgdGhlIGRhdGEsIGl0IHdpbGwgaW1tZW5zZWx5IGhlbHAgdXMgY3JlYXRlIGFuIGFjdGlvbiBwb2xpY3kgZm9yIHRoZSBmdXR1cmUu,,,,,W0dlc3RvciBkZSBNYW5zw6NvIEFsZmFdCiArIHt9LCBzZSB2b2PDqiByZXNvbHZlciBvcyBwcm9ibGVtYXMgY2F1c2Fkb3MgcGVsb3MgaW50cnVzb3MgZSBub3MgcGVybWl0aXIgY29sZXRhciBvcyBkYWRvcywgaXNzbyBub3MgYWp1ZGFyw6EgaW1lbnNhbWVudGUgYSBjcmlhciB1bWEgcG9sw610aWNhIGRlIGHDp8OjbyBwYXJhIG8gZnV0dXJvLg==,,W0FkbWluaXN0cmFkb3JhIEFsZmFdCnt9LCBzaSByZXNvbHZpZXJhcyBsb3MgcHJvYmxlbWFzIGNhdXNhZG9zIHBvciBsb3MgaW50cnVzb3MgeSBub3MgcGVybWl0aWVyYXMgcmVjb2xlY3RhciBsb3MgZGF0b3MsIG5vcyBheXVkYXLDrWFzIGVub3JtZW1lbnRlIGEgY3JlYXIgdW5hIHBvbMOtdGljYSBkZSBhY2Npw7NuIHBhcmEgZWwgZnV0dXJvLg==
QojWBw,,SSBzZWUu,,,,,RW50ZW5kaS4=,,WWEgdmVvLg==
Q4jWBw,,W01hbnNpb24gTWFuYWdlciBBbHBoYV0KSXQncyBub3QgbXVjaCwgYnV0IGxldCBtZSBnaXZlIHlvdSBzb21ldGhpbmcgYXMgYSB0b2tlbiBvZiBteSBncmF0aXR1ZGUuIFRoaXMgaXMgYSBeMDAwMENEbWVhbCB0aWNrZXReMDAwMDAwIHlvdSBjYW4gdXNlIGF0IHRoZSBkaW5pbmcgYXJlYS4gWW91IGNhbiBidXkgZXZlcnkgZm9vZCB3aXRoIGl0LCBzbyBwbGVhc2UgZmVlbCBmcmVlIHRvIHVzZSBpdC4=,,,,,W0dlc3RvciBkZSBNYW5zw6NvIEFsZmFdCk7Do28gw6kgbXVpdG8sIG1hcyB2b3UgbGhlIGRhciBhbGdvIGNvbW8gc2luYWwgZGUgbWluaGEgZ3JhdGlkw6NvLiBFc3RlIMOpIHVtIF45MzcwREJiaWxoZXRlIGRlIGNvbWlkYV4wMDAwMDAgcXVlIHZvY8OqIHBvZGUgdXNhciBuYSBzYWxhIGRlIGphbnRhci4gVm9jw6ogcG9kZSBjb21wcmFyIHF1YWxxdWVyIGFsaW1lbnRvIGNvbSBlbGUsIHBvcnRhbnRvLCBzaW50YS1zZSDDoCB2b250YWRlIHBhcmEgdXPDoS1sby4=,,W0FkbWluaXN0cmFkb3JhIEFsZmFdCk5vIGVzIG11Y2hvLCBwZXJvIGTDqWphbWUgZGFydGUgYWxnbyBjb21vIG11ZXN0cmEgZGUgbWkgZ3JhdGl0dWQuIFNlIHRyYXRhIGRlIHVuIF45OTAwOTl0aWNrZXQgZGUgY29taWRhXjAwMDAwMCBxdWUgcHVlZGVzIHV0aWxpemFyIGVuIGVsIGNvbWVkb3IuIFB1ZWRlcyBjb21wcmFyIGN1YWxxdWllciBjb21pZGEgY29uIMOpbCwgYXPDrSBxdWUgbm8gZHVkZXMgZW4gdXRpbGl6YXJsby4=
RIjWBw,,W01hbnNpb24gTWFuYWdlciBBbHBoYV0KQXMgSSB0b2xkIHlvdSBhIG1vbWVudCBhZ28sIHRoZSA8TkFWST5bZGluaW5nIGFyZWFdPElORk8+YmFfbWFpc29uLDEzNiwxMDgsMCwxMDEsMDwvSU5GTz48L05BVkk+IGlzIGxvY2F0ZWQgZG93biB0aGVyZS4=,,,,,W0dlc3RvciBkZSBNYW5zw6NvIEFsZmFdCkNvbW8gZXUgZGlzc2UgaMOhIHBvdWNvLCBhIDxOQVZJPltzYWxhIGRlIGphbnRhcl08SU5GTz5iYV9tYWlzb24sMTM2LDEwOCwwLDEwMSwwPC9JTkZPPjwvTkFWST4gZmljYSBsw6EgZW1iYWl4by4=,,W0FkbWluaXN0cmFkb3JhIEFsZmFdCkNvbW8gdGUgZGlqZSBoYWNlIHVuIG1vbWVudG8sIGVsIDxOQVZJPltjb21lZG9yXTxJTkZPPmJhX21haXNvbiwxMzYsMTA4LDAsMTAxLDA8L0lORk8+PC9OQVZJPiBzZSBlbmN1ZW50cmEgYWjDrSBhYmFqby4=
RYjWBw,,V2hlcmUgYXJlIG15IGNvbXBhbmlvbnMgcmlnaHQgbm93Pw==,,,,,T25kZSBlc3TDo28gbWV1cyBjb21wYW5oZWlyb3MgYWdvcmE/,,wr9Ew7NuZGUgZXN0w6FuIG1pcyBjb21wYcOxZXJvcyBhaG9yYT8=
RojWBw,,W01hbnNpb24gTWFuYWdlciBBbHBoYV0KVGhlIGNvbXBhbmlvbnMgd2hvIGFycml2ZWQgZmlyc3QgYXJlIGF0IHRoZSA8TkFWST5bdGVhaG91c2VdPElORk8+YmFfaW4wMSwyMDYsMTA2LDAsMTAxLDA8L0lORk8+PC9OQVZJPi4gVGFrZSBhIGxvb2sgYXJvdW5kIHRoZXJlIGFuZCBoYXZlIGEgY2hhdCB3aXRoIHRoZW0u,,,,,W0dlc3RvciBkZSBNYW5zw6NvIEFsZmFdCk9zIGNvbXBhbmhlaXJvcyBxdWUgY2hlZ2FyYW0gcHJpbWVpcm8gZXN0w6NvIG5hIDxOQVZJPltjYXNhIGRlIGNow6FdPElORk8+YmFfaW4wMSwyMDYsMTA2LDAsMTAxLDA8L0lORk8+PC9OQVZJPi4gVsOhIGF0w6kgbMOhIGNvbnZlcnNhciBjb20gZWxlcy4=,,W0FkbWluaXN0cmFkb3JhIEFsZmFdCkxvcyBjb21wYcOxZXJvcyBxdWUgbGxlZ2Fyb24gcHJpbWVybyBlc3TDoW4gZW4gbGEgPE5BVkk+W2Nhc2EgZGUgdMOpXTxJTkZPPmJhX2luMDEsMjA2LDEwNiwwLDEwMSwwPC9JTkZPPjwvTkFWST4uIEVjaGEgdW4gdmlzdGF6byB5IGhhYmxhIGNvbiBlbGxvcy4=
R4jWBw,,W01hbnNpb24gTWFuYWdlciBBbHBoYV0KSWYgeW91IGZlZWwgYW55IGluY29udmVuaWVuY2UsIHBsZWFzZSBzcGVhayB0byBhbnlvbmUgYW55dGltZS4gVGFrZSB0aGVzZSBCYXJtZWFsIFRpY2tldHMuIFRoZXkgYXJlIHF1aXRlIHVzZWZ1bCBpbiB0aGlzIG1hbnNpb24uIFRoYW5rIHlvdSBmb3IgeW91ciBoYXJkIHdvcmsu,,,,,W0dlc3RvciBkZSBNYW5zw6NvIEFsZmFdClNlIGVuY29udHJhciBkaWZpY3VsZGFkZXMsIGZhbGUgY29tIHF1YWxxdWVyIHVtIGEgcXVhbHF1ZXIgbW9tZW50by4gUGVndWUgZXN0ZXMgQmlsaGV0ZXMgZGUgQ29taWRhIGRlIEJhci4gU8OjbyBtdWl0byDDunRlaXMgbmVzc2EgbWFuc8Ojby4gQWdyYWRlw6dvIHBlbG8gc2V1IHRyYWJhbGhvIGR1cm8u,,W0FkbWluaXN0cmFkb3JhIEFsZmFdClNpIHNpZW50ZXMgYWxnw7puIGluY29udmVuaWVudGUsIG5vIGR1ZGVzIGVuIGNvbXVuaWNhcmxvLiBMbMOpdmF0ZSBlc3RvcyBib2xldG9zIGRlIEJhcm1lYWwuIFNvbiBtdXkgw7p0aWxlcyBlbiBlc3RhIG1hbnNpw7NuLiBHcmFjaWFzIHBvciBzdSBlc2Z1ZXJ6by4=
SIjWBw,,W01hbnNpb24gTWFuYWdlciBBbHBoYV0KV2VsY29tZSwge30u,,,,,W0dlc3RvciBkZSBNYW5zw6NvIEFsZmFdCkJvYXMtdmluZGFzLCB7fS4=,,W0FkbWluaXN0cmFkb3JhIEFsZmFdClRlIGRveSBsYSBiaWVudmVuaWRhLCB7fS4=
SYjWBw,,W01hbnNpb24gTWFuYWdlciBBbHBoYV0KRGlkIHlvdSBicmluZyB0aGUgUm9ib3QgQ29tbXVuaWNhdGlvbiBDaGlwcyBJIGFza2VkIG9mIHlvdT8=,,,,,W0dlc3RvciBkZSBNYW5zw6NvIEFsZmFdClZvY8OqIHRyb3V4ZSBvcyBDaGlwcyBkZSBDb211bmljYcOnw6NvIGRlIFJvYsO0IHF1ZSBldSBwZWRpPw==,,W0FkbWluaXN0cmFkb3JhIEFsZmFdCsK/VHJhamlzdGUgbG9zIENoaXBzIGRlIGNvbXVuaWNhY2nDs24gZGUgcm9ib3RzIHF1ZSB0ZSBwZWTDrT8=
SojWBw,,W01hbnNpb24gTWFuYWdlciBBbHBoYV0KVGhpcyBpcyBlbm91Z2guIFRoYW5rIHlvdS4gSSB3b3VsZCBhcHByZWNpYXRlIGl0IGlmIHlvdSB3b3VsZCBjb21lIGJhY2sgXjAwMDBDRGFmdGVyIGRhd24gdG9tb3Jyb3deMDAwMDAwLiBQbGVhc2UgY29uc2lkZXIgaXQgaWYgeW91IGhhdmUgdGltZS4=,,,,,W0dlc3RvciBkZSBNYW5zw6NvIEFsZmFdCk1lIHBhcmVjZSBzdWZpY2llbnRlLiBBZ3JhZGXDp28uIEV1IGFncmFkZWNlcmlhIHNlIHZvY8OqIHZvbHRhc3NlIF45MzcwREJhbWFuaMOjIGRlcG9pcyBkbyBhbWFuaGVjZXJeMDAwMDAwLiBDb25zaWRlcmUgZXN0YSBwb3NzaWJpbGlkYWRlLCBzZSB0aXZlciB0ZW1wby4=,,W0FkbWluaXN0cmFkb3JhIEFsZmFdCkVzdG8gZXMgc3VmaWNpZW50ZS4gR3JhY2lhcy4gVGUgYWdyYWRlY2Vyw61hIHF1ZSB2b2x2aWVyYXMgbWHDsWFuYSBeOTkwMDk5ZGVzcHXDqXMgZGVsIGFtYW5lY2VyXjAwMDAwMC4gQ29uc2lkw6lyYWxvIHNpIHRpZW5lcyB0aWVtcG8u
S4jWBw,,W01hbnNpb24gTWFuYWdlciBBbHBoYV0KVGFrZSB0aGVzZSB3aXRoIHlvdS4gVGhhbmsgeW91Lg==,,,,,W0dlc3RvciBkZSBNYW5zw6NvIEFsZmFdCkxldmUgaXN0byBjb20gdm9jw6ouIEFncmFkZcOnby4=,,W0FkbWluaXN0cmFkb3JhIEFsZmFdCkxsw6l2YXRlIGVzdG9zIGNvbnRpZ28uIEdyYWNpYXMu
TIjWBw,,W01hbnNpb24gTWFuYWdlciBBbHBoYV0KSSBuZWVkIHNvbWUgbW9yZS4gUGxlYXNlIGJyaW5nIF4wMDAwQ0QxMCBSb2JvdCBDb21tdW5pY2F0aW9uIENoaXBzXjAwMDAwMCBmb3IgdGhlIHJlcGVhdGVycy4gVGhhdCBzaG91bGQgYmUgZW5vdWdoIGZvciBhIGRheS4=,,,,,W0dlc3RvciBkZSBNYW5zw6NvIEFsZmFdClByZWNpc28gZGUgbWFpcy4gVHJhZ2EgXjkzNzBEQjEwIENoaXBzIGRlIENvbXVuaWNhw6fDo28gZGUgUm9iw7ReMDAwMDAwIHBhcmEgb3MgcmVwZXRpZG9yZXMuIElzc28gZGV2ZSBzZXIgbyBzdWZpY2llbnRlIHBvciBob2plLg==,,W0FkbWluaXN0cmFkb3JhIEFsZmFdCk5lY2VzaXRvIG3DoXMuIFBvciBmYXZvciwgdHJhZSBeOTkwMDk5MTBDaGlwcyBkZSBjb211bmljYWNpw7NuIGRlIHJvYm90c14wMDAwMDAgcGFyYSBsb3MgcmVwZXRpZG9yZXMuIEVzbyBkZWJlcsOtYSBiYXN0YXIgcGFyYSB1biBkw61hLg==
TYjWBw,,W01hbnNpb24gTWFuYWdlciBBbHBoYV0KRGVhbCB3aXRoIHRoZSBicm9rZW4gQmV0YXMgd2FuZGVyaW5nIGluc2lkZSB0aGUgbWFuc2lvbiBhbmQgdGFrZSB0aGVpciBDb21tdW5pY2F0aW9uIENoaXBzLiBUaGF0IHdpbGwgdGFrZSBjYXJlIG9mIHRoZSBicm9rZW4gcm9ib3QgcHJvYmxlbSwgdG9vLg==,,,,,W0dlc3RvciBkZSBNYW5zw6NvIEFsZmFdCkxpZGUgY29tIG9zIEJldGFzIHF1ZWJyYWRvcyBwZXJhbWJ1bGFuZG8gcGVsYSBtYW5zw6NvIGUgcGVndWUgb3MgQ2hpcHMgZGUgQ29tdW5pY2HDp8Ojby4gSXNzbyB2YWkgY3VpZGFyIGRvIHByb2JsZW1hIGRvIHJvYsO0IHF1ZWJyYWRvIHRhbWLDqW0u,,W0FkbWluaXN0cmFkb3JhIEFsZmFdCkVuY8OhcmdhdGUgZGUgbG9zIEJldGFzIGF2ZXJpYWRvcyBxdWUgZGVhbWJ1bGFuIHBvciBlbCBpbnRlcmlvciBkZSBsYSBtYW5zacOzbiB5IGhhenRlIGNvbiBzdXMgQ2hpcHMgZGUgY29tdW5pY2FjacOzbi4gRXNvIHRhbWJpw6luIHNvbHVjaW9uYXLDoSBlbCBwcm9ibGVtYSBkZWwgcm9ib3QgYXZlcmlhZG8u
TojWBw,,W01hbnNpb24gTWFuYWdlciBBbHBoYV0KSGF2ZSB5b3UgY29tZSB0byBoZWxwIG1lIGdldCBzcGFyZSBjaGlwcyBhZ2Fpbj8=,,,,,W0dlc3RvciBkZSBNYW5zw6NvIEFsZmFdClZvY8OqIHZlaW8gbWUgYWp1ZGFyIGEgcGVnYXIgbWFpcyBjaGlwcyBleHRyYXMgbm92YW1lbnRlPw==,,W0FkbWluaXN0cmFkb3JhIEFsZmFdCsK/VmluaXN0ZSBhIGF5dWRhcm1lIGEgY29uc2VndWlyIGNoaXBzIGRlIHJlcHVlc3RvIG90cmEgdmV6Pw==
T4jWBw,,WWVzLg==,,,,,U2ltLg==,,U8OtLg==
UIjWBw,,Tm8u,,,,,TsOjby4=,,Tm8u
UYjWBw,,W01hbnNpb24gTWFuYWdlciBBbHBoYV0KVGhhbmsgeW91IHZlcnkgbXVjaCBmb3IgeW91ciBoZWxwIGFnYWluLg==,,,,,W0dlc3RvciBkZSBNYW5zw6NvIEFsZmFdCkFncmFkZcOnbyBtdWl0byBwZWxhIHN1YSBhanVkYSBub3ZhbWVudGUu,,W0FkbWluaXN0cmFkb3JhIEFsZmFdCk11Y2hhcyBncmFjaWFzIGRlIG51ZXZvIHBvciB0dSBheXVkYS4=
UojWBw,,W01hbnNpb24gTWFuYWdlciBBbHBoYV0KUGxlYXNlIGJyaW5nIF4wMDAwQ0QxMCBSb2JvdCBDb21tdW5pY2F0aW9uIENoaXBzXjAwMDAwMCBmb3IgdGhlIHJlcGVhdGVycy4gVGhhdCBzaG91bGQgYmUgZW5vdWdoIGZvciBhIGRheS4=,,,,,W0dlc3RvciBkZSBNYW5zw6NvIEFsZmFdClRyYWdhIF45MzcwREIxMCBDaGlwcyBkZSBDb211bmljYcOnw6NvIGRlIFJvYsO0XjAwMDAwMCBwYXJhIG9zIHJlcGV0aWRvcmVzLiBJc3NvIGRldmUgc2VyIG8gc3VmaWNpZW50ZSBwb3IgaG9qZS4=,,W0FkbWluaXN0cmFkb3JhIEFsZmFdClBvciBmYXZvciwgdHJhZSBeOTkwMDk5MTBDaGlwcyBkZSBjb211bmljYWNpw7NuIGRlIHJvYm90c14wMDAwMDAgcGFyYSBsb3MgcmVwZXRpZG9yZXMuIEVzbyBkZWJlcsOtYSBiYXN0YXIgcGFyYSB1biBkw61hLg==
U4jWBw,,W01hbnNpb24gTWFuYWdlciBBbHBoYV0KVGhlbiwgYXJlIHlvdSBmZWVsaW5nIGFueSBpbmNvbnZlbmllbmNlPyBQbGVhc2Ugc3BlYWsgdG8gYSBuZWFyYnkgcm9ib3QuIFdlIHdpbGwgaGFuZGxlIGl0IGltbWVkaWF0ZWx5Lg==,,,,,W0dlc3RvciBkZSBNYW5zw6NvIEFsZmFdCkVzdMOhIHBhc3NhbmRvIHBvciBhbGd1bSBwcm9ibGVtYT8gRmFsZSBjb20gbyByb2LDtCBtYWlzIHByw7N4aW1vLiBOw7NzIGN1aWRhcmVtb3MgZGlzc28gaW1lZGlhdGFtZW50ZS4=,,W0FkbWluaXN0cmFkb3JhIEFsZmFdCkVudG9uY2VzLCDCv3RpZW5lcyBhbGfDum4gaW5jb252ZW5pZW50ZT8gSGFibGEgY29uIHVuIHJvYm90IGNlcmNhbm8uIE5vcyBvY3VwYXJlbW9zIGRlIGVsbG8gaW5tZWRpYXRhbWVudGUu
VIjWBw,,W01hbnNpb24gTWFuYWdlciBBbHBoYV0KQXJlIHlvdSBpbiBuZWVkIG9mIHNvbWV0aGluZyBvciBmZWVsaW5nIGFueSBpbmNvbnZlbmllbmNlPyBPaCwgaGF2ZSB5b3UgY29tZSB0byBoZWxwIG1lIGdldCBzcGFyZSBjaGlwcz8=,,,,,W0dlc3RvciBkZSBNYW5zw6NvIEFsZmFdCkVzdMOhIHByZWNpc2FuZG8gZGUgYWxnbyBvdSBzZW50aW5kbyBhbGd1bSBpbmPDtG1vZG8/IEFoLCB2b2PDqiB2ZWlvIG1lIGFqdWRhciBhIGNvbnNlZ3VpciBjaGlwcyBleHRyYXM/,,W0FkbWluaXN0cmFkb3JhIEFsZmFdCsK/TmVjZXNpdGFzIGFsZ28gbyB0aWVuZXMgYWxnw7puIGluY29udmVuaWVudGU/IE9oLCDCv3ZpbmlzdGUgYSBheXVkYXJtZSBhIGNvbnNlZ3VpciBjaGlwcyBkZSByZXB1ZXN0bz8=
VYjWBw,,W01hbnNpb24gTWFuYWdlciBBbHBoYV0KSSBoYXZlIGVub3VnaCBzcGFyZSBjb21tdW5pY2F0aW9uIGNoaXBzIGZvciB0aGUgcmVwZWF0ZXJzLiBTbyBkb24ndCB3b3JyeSBhYm91dCB0aGVtLCBhbmQgcmVzdCB1cCBmb3IgdG9kYXkuIFBsZWFzZSBjb21lIGJhY2sgXjAwMDBDRGFmdGVyIGRhd25eMDAwMDAwLg==,,,,,W0dlc3RvciBkZSBNYW5zw6NvIEFsZmFdClRlbmhvIGNoaXBzIGRlIGNvbXVuaWNhw6fDo28gZXh0cmFzIHN1ZmljaWVudGVzIHBhcmEgb3MgcmVwZXRpZG9yZXMuIFBvcnRhbnRvLCBuw6NvIHNlIHByZW9jdXBlIGNvbSBlbGVzIGUgZGVzY2Fuc2UgcG9yIGhvamUuIFZvbHRlIF45MzcwREJkZXBvaXMgZG8gYW1hbmhlY2VyXjAwMDAwMC4=,,W0FkbWluaXN0cmFkb3JhIEFsZmFdClRlbmdvIHN1ZmljaWVudGVzIGNoaXBzIGRlIGNvbXVuaWNhY2nDs24gZGUgcmVwdWVzdG8gcGFyYSBsb3MgcmVwZXRpZG9yZXMuIEFzw60gcXVlIG5vIHRlIHByZW9jdXBlcyBwb3IgZWxsb3MgeSBkZXNjYW5zYSBwb3IgaG95LiBWdWVsdmUgXjk5MDA5OWx1ZWdvIGRlbCBhbWFuZWNlcl4wMDAwMDAu
VojWBw,,W01hbnNpb24gTWFuYWdlciBBbHBoYV0KVGhlbiwgYXJlIHlvdSBiZWluZyBpbmNvbnZlbmllbmNlZCBpbiBhbnkgd2F5PyBQbGVhc2Ugc3BlYWsgdG8gYSBuZWFyYnkgcm9ib3QuIFdlIHdpbGwgaGFuZGxlIGl0IGltbWVkaWF0ZWx5Lg==,,,,,W0dlc3RvciBkZSBNYW5zw6NvIEFsZmFdCkVudMOjbywgdm9jw6ogZXN0w6EgcGFzc2FuZG8gcG9yIGFsZ3VtIGluY8O0bW9kbz8gRmFsZSBjb20gbyByb2LDtCBtYWlzIHByw7N4aW1vLiBOw7NzIGN1aWRhcmVtb3MgZGlzc28gaW1lZGlhdGFtZW50ZS4=,,W0FkbWluaXN0cmFkb3JhIEFsZmFdCkVudG9uY2VzLCDCv2VzdMOhcyBzdWZyaWVuZG8gYWxnw7puIHRpcG8gZGUgaW5jb252ZW5pZW50ZT8gSGFibGEgY29uIHVuIHJvYm90IGNlcmNhbm8uIE5vcyBvY3VwYXJlbW9zIGRlIGVsbG8gaW5tZWRpYXRhbWVudGUu
V4jWBw,,W01hbnNpb24gTWFuYWdlciBBbHBoYV0KQXJlIHlvdSBpbiBuZWVkIG9mIHNvbWV0aGluZyBvciBleHBlcmllbmNpbmcgYW55IGluY29udmVuaWVuY2U/,,,,,W0dlc3RvciBkZSBNYW5zw6NvIEFsZmFdCkVzdMOhIHByZWNpc2FuZG8gZGUgYWxnbyBvdSBwYXNzYW5kbyBwb3IgYWxndW0gaW5jw7Rtb2RvPw==,,W0FkbWluaXN0cmFkb3JhIEFsZmFdCsK/TmVjZXNpdGFzIGFsZ28gbyB0aWVuZXMgYWxnw7puIGluY29udmVuaWVudGU/
WIjWBw,,SXMgdGhlIG5ldHdvcmsgd29ya2luZyB3ZWxsPw==,,,,,QSByZWRlIGVzdMOhIGZ1bmNpb25hbmRvIGJlbT8=,,wr9GdW5jaW9uYSBiaWVuIGxhIHJlZD8=
WYjWBw,,W01hbnNpb24gTWFuYWdlciBBbHBoYV0KT2gsIHlvdSBjYW1lIHRvIGNoZWNrIG9uIHRoYXQgbWF0dGVyLiBUaGFuayB5b3UgZm9yIHlvdXIgY29uc2lkZXJhdGlvbi4=,,,,,W0dlc3RvciBkZSBNYW5zw6NvIEFsZmFdCkFoLCB2b2PDqiB2ZWlvIHZlcmlmaWNhciBhcXVlbGUgYXNzdW50by4gQWdyYWRlw6dvIHBlbGEgY29uc2lkZXJhw6fDo28u,,W0FkbWluaXN0cmFkb3JhIEFsZmFdCk9oLCBoYXMgdmVuaWRvIGEgY29tcHJvYmFyIGVzZSBhc3VudG8uIEdyYWNpYXMgcG9yIHR1IGNvbnNpZGVyYWNpw7NuLg==
WojWBw,,W01hbnNpb24gTWFuYWdlciBBbHBoYV0KQXMgYmVmb3JlLCB3ZSBoYXZlIG5ldHdvcmsgZGlzY29ubmVjdGlvbiBpbiBtdWx0aXBsZSBhcmVhcyBpbiB0aGUgbWFuc2lvbi4=,,,,,W0dlc3RvciBkZSBNYW5zw6NvIEFsZmFdCkNvbW8gYW50ZXMsIHRlbW9zIGRlc2NvbmV4w7VlcyBkZSByZWRlIGVtIHbDoXJpYXMgw6FyZWFzIG5hIG1hbnPDo28u,,W0FkbWluaXN0cmFkb3JhIEFsZmFdCkNvbW8gc3VjZWRpw7MgYW50ZXMsIHRlbmVtb3MgZGVzY29uZXhpw7NuIGRlIHJlZCBlbiBtw7psdGlwbGVzIHpvbmFzIGRlIGxhIG1hbnNpw7NuLg==
W4jWBw,,W01hbnNpb24gTWFuYWdlciBBbHBoYV0KSSB0cnkgdG8gcmVzdG9yZSBpdCBhcyBzb29uIGFzIEkgZGlzY292ZXIgdGhlIHByb2JsZW0sIGJ1dCBzaW5jZSB0aGlzIGlzIGEgcmVwZWF0aW5nIHByb2JsZW0sIEknbSBoYXZpbmcgdHJvdWJsZSBzZWN1cmluZyB0aGUgY29tbXVuaWNhdGlvbiBjaGlwcy4=,,,,,W0dlc3RvciBkZSBNYW5zw6NvIEFsZmFdClRlbnRvIHJlc3RhdXLDoS1sYSBhc3NpbSBxdWUgZGVzY3Vicm8gbyBwcm9ibGVtYSwgbWFzIGNvbW8gZXNzZSDDqSByZWNvcnJlbnRlLCBlc3RvdSB0ZW5kbyBkaWZpY3VsZGFkZXMgcGFyYSBwcm90ZWdlciBvcyBjaGlwcyBkZSBjb211bmljYcOnw6NvLg==,,W0FkbWluaXN0cmFkb3JhIEFsZmFdCkludGVudG8gcmVzdGF1cmFybGEgZW4gY3VhbnRvIGRlc2N1YnJvIGVsIHByb2JsZW1hLCBwZXJvIGNvbW8gZXMgdW4gcHJvYmxlbWEgcXVlIHNlIHJlcGl0ZSwgdGVuZ28gcHJvYmxlbWFzIHBhcmEgYXNlZ3VyYXIgbG9zIGNoaXBzIGRlIGNvbXVuaWNhY2nDs24u
XIjWBw,,W01hbnNpb24gTWFuYWdlciBBbHBoYV0KRnVydGhlcm1vcmUsIHRoZSB3YW5kZXJpbmcgYnJva2VuIHJvYm90cyBrZWVwIGRlc3Ryb3lpbmcgdGhlIHJlcGVhdGVycywgd2hpY2ggbWFrZXMgdGhlIHRyb3VibGUgZXZlbiB3b3JzZS4=,,,,,W0dlc3RvciBkZSBNYW5zw6NvIEFsZmFdCkFsw6ltIGRpc3NvLCBvcyByb2LDtHMgcXVlYnJhZG9zIGNvbnRpbnVhbSBkZXN0cnVpbmRvIG9zIHJlcGV0aWRvcmVzLCBvIHF1ZSB0b3JuYSBvIHByb2JsZW1hIGFpbmRhIHBpb3Iu,,W0FkbWluaXN0cmFkb3JhIEFsZmFdCkFkZW3DoXMsIGxvcyByb2JvdHMgYXZlcmlhZG9zIHF1ZSBkZWFtYnVsYW4gcG9yIGFow60gc2lndWVuIGRlc3RydXllbmRvIGxvcyByZXBldGlkb3JlcywgbG8gcXVlIGFncmF2YSBhw7puIG3DoXMgZWwgcHJvYmxlbWEu
XYjWBw,,RG8geW91IG5lZWQgbXkgaGVscD8=,,,,,UHJlY2lzYSBkYSBtaW5oYSBhanVkYT8=,,wr9OZWNlc2l0YXMgbWkgYXl1ZGE/
XojWBw,,SSdtIHNvcnJ5IGFib3V0IHRoYXQu,,,,,RGVzY3VscGUtbWUgcG9yIGlzc28u,,TG8gc2llbnRvLg==
X4jWBw,,W01hbnNpb24gTWFuYWdlciBBbHBoYV0KVGhhbmsgeW91IGZvciB5b3VyIGtpbmQgd29yZC4gSSB3aWxsIGRvIG15IHV0bW9zdCB0byB0YWtlIGNhcmUgb2YgdGhlIHJlcGVhdGVycyBzbyB0aGF0IHlvdSBkb24ndCBmZWVsIGFueSBpbmNvbnZlbmllbmNlLg==,,,,,W0dlc3RvciBkZSBNYW5zw6NvIEFsZmFdCkFncmFkZcOnbyBzdWFzIHBhbGF2cmFzIGdlbnRpcy4gRmFyZWkgbyBwb3Nzw612ZWwgcGFyYSBjdWlkYXIgZG9zIHJlcGV0aWRvcmVzIHBhcmEgcXVlIHZvY8OqIG7Do28gdGVuaGEgcHJvYmxlbWFzLg==,,W0FkbWluaXN0cmFkb3JhIEFsZmFdCkdyYWNpYXMgcG9yIHR1cyBwYWxhYnJhcy4gSGFyw6kgdG9kbyBsbyBwb3NpYmxlIHBvciBvY3VwYXJtZSBkZSBsb3MgcmVwZXRpZG9yZXMgcGFyYSBxdWUgbm8gdGVuZ2FzIG5pbmfDum4gaW5jb252ZW5pZW50ZS4=
YIjWBw,,W01hbnNpb24gTWFuYWdlciBBbHBoYV0KVGhhbmsgeW91IGZvciB5b3VyIGtpbmQgd29yZC4gQWx0aG91Z2ggSSBkbyBub3Qgd2lzaCB0byB0YWtlIHVwIHlvdXIgdGltZS4uLiBpZiB5b3UgYXJlIGZyZWUsIEkgd291bGQgbGlrZSB0byBodW1ibHkgYXNrIGZvciB5b3VyIGhlbHAu,,,,,W0dlc3RvciBkZSBNYW5zw6NvIEFsZmFdCkFncmFkZcOnbyBwb3Igc3VhcyBwYWxhdnJhcyBnZW50aXMuIEVtYm9yYSBldSBuw6NvIHF1ZWlyYSB0b21hciBzZXUgdGVtcG8uLi4gc2UgZXN0aXZlciBsaXZyZSwgZ29zdGFyaWEgZGUgaHVtaWxkZW1lbnRlIHBlZGlyIHN1YSBhanVkYS4=,,W0FkbWluaXN0cmFkb3JhIEFsZmFdCkdyYWNpYXMgcG9yIHR1cyBwYWxhYnJhcy4gQXVucXVlIG5vIGRlc2VvIHJvYmFydGUgdGllbXBv4oCmIHNpIGVzdMOhcyBsaWJyZSwgbWUgZ3VzdGFyw61hIHBlZGlydGUgaHVtaWxkZW1lbnRlIHR1IGF5dWRhLg==
YYjWBw,,W01hbnNpb24gTWFuYWdlciBBbHBoYV0KUGxlYXNlIGJyaW5nIF4wMDAwQ0QxMCBSb2JvdCBDb21tdW5pY2F0aW9uIENoaXBzXjAwMDAwMCBmb3IgdGhlIHJlcGVhdGVycy4gSSBhc3N1bWUgdGhhdCBtdWNoIHNob3VsZCBiZSBlbm91Z2ggZm9yIGEgZGF5Lg==,,,,,W0dlc3RvciBkZSBNYW5zw6NvIEFsZmFdClRyYWdhIF45MzcwREIxMCBDaGlwcyBkZSBDb211bmljYcOnw6NvIGRlIFJvYsO0XjAwMDAwMCBwYXJhIG9zIHJlcGV0aWRvcmVzLiBQcmVzdW1vIHF1ZSBlc3NhIHF1YW50aWRhZGUgc2VqYSBzdWZpY2llbnRlIHBhcmEgdW0gZGlhLg==,,W0FkbWluaXN0cmFkb3JhIEFsZmFdClBvciBmYXZvciwgdHJhZSBeOTkwMDk5MTBDaGlwcyBkZSBjb211bmljYWNpw7NuIGRlIHJvYm90c14wMDAwMDAgcGFyYSBsb3MgcmVwZXRpZG9yZXMuIFN1cG9uZ28gcXVlIGVzYSBjYW50aWRhZCBkZWJlcsOtYSBiYXN0YXIgcGFyYSB1biBkw61hLg==
YojWBw,,W01hbnNpb24gTWFuYWdlciBBbHBoYV0KSWYgeW91IGFyZSBhIGd1ZXN0IG9mIHRoaXMgbWFuc2lvbiwgcGxlYXNlIHJlZ2lzdGVyIGZpcnN0LiBQbGVhc2Ugbm90ZSB0aGF0IHdlIGRvIG5vdCB0YWtlIGFueSByZXNwb25zaWJpbGl0eSBmb3IgYW55IGFjY2lkZW50cyBjYXVzZWQgYnkgcm9ib3RzIG1pc3Rha2luZyB5b3UgYXMgYW4gaW50cnVkZXIu,,,,,W0dlc3RvciBkZSBNYW5zw6NvIEFsZmFdClNlIHZvY8OqIMOpIGNvbnZpZGFkbyBkZXN0YSBtYW5zw6NvLCByZWdpc3RyZS1zZSBwcmltZWlyby4gT2JzZXJ2ZSBxdWUgbsOjbyBhc3N1bWltb3MgbmVuaHVtYSByZXNwb25zYWJpbGlkYWRlIHBvciBhY2lkZW50ZXMgY2F1c2Fkb3MgcG9yIHJvYsO0cyBxdWUgbyBjb25mdW5kYW0gY29tIHVtIGludHJ1c28u,,W0FkbWluaXN0cmFkb3JhIEFsZmFdClNpIGVyZXMgaHXDqXNwZWQgZGUgZXN0YSBtYW5zacOzbiwgcHJpbWVybyBkZWJlcyByZWdpc3RyYXJ0ZS4gVGVuIGVuIGN1ZW50YSBxdWUgbm8gbm9zIGhhY2Vtb3MgcmVzcG9uc2FibGVzIGRlIGxvcyBhY2NpZGVudGVzIGNhdXNhZG9zIHBvciByb2JvdHMgcXVlIHRlIGNvbmZ1bmRhbiBjb24gdW4gaW50cnVzby4=
Y4jWBw,,VG9tbXk=,,,,,VG9tbXk=,,VG9tbXk=
ZIjWBw,,W1RvbW15XQpUaGlzIG1hbnNpb24gaXMgc2ltcGx5IHZhc3QuIFRvIGJlIGhvbmVzdCwgSSBkaWRuJ3QgZXZlbiBrbm93IHN1Y2ggYSBwbGFjZSBleGlzdGVkLg==,,,,,W1RvbW15XQpFc3RhIG1hbnPDo28gw6kgc2ltcGxlc21lbnRlIGltZW5zYS4gU2luY2VyYW1lbnRlLCBldSBuZW0gc2FiaWEgcXVlIGV4aXN0aWEgdW0gbHVnYXIgYXNzaW0u,,W1RvbW15XQpFc3RhIG1hbnNpw7NuIGVzIHNlbmNpbGxhbWVudGUgaW5tZW5zYS4gSG9uZXN0YW1lbnRlLCBuaSBzaXF1aWVyYSBzYWLDrWEgcXVlIGV4aXN0w61hIHVuIGx1Z2FyIGFzw60u
ZYjWBw,,TWVpbWVp,,,,,TWVpbWVp,,TWVpbWVp
ZojWBw,,W01laW1laV0KU28gdGhpcyBpcyB0aGUgcGxhY2Ugd2hlcmUgdGhlIG1lcmNlbmFyaWVzLi4u,,,,,W01laW1laV0KRW50w6NvIMOpIGFxdWkgcXVlIG9zIG1lcmNlbsOhcmlvcy4uLg==,,W01laW1laV0KQXPDrSBxdWUgZXN0ZSBlcyBlbCBsdWdhciBkb25kZSBsb3MgbWVyY2VuYXJpb3PigKY=
Z4jWBw,,VGFzdHk=,,,,,RGVsw61jaWE=,,VGFzdHk=
aIjWBw,,W1Rhc3R5XQoqR2FzcCEqIFdoLXdoYS13aGF0IGlzIHRoYXQ/IEktaW50cnVkZXI/,,,,,W0RlbMOtY2lhXQoqQWFoISogUS1RLVF1ZSDDqSBpc3NvPyBJLUludHJ1c28/,,W1Rhc3R5XQoqU3VzcGlyYSogwr9RLSBRdS0gUXXDqSBlcyBlc28/IMK/SS0gSW50cnVzbz8=
aYjWBw,,W1Rhc3R5XQpJdCBpcyEgT2gsIHdoYXQgZG8gSSBkbz8gV2hhdCBkbyBJIGRvPyBTZWN1cml0eT8gUmlnaHQsIEknbSBzdXBwb3NlZCB0byBjYWxsIHNlY3VyaXR5Lg==,,,,,W0RlbMOtY2lhXQrDiSBzaW0hIEFoLCBvIHF1ZSBldSBmYcOnbz8gTyBxdWUgZXUgZmHDp28/IFNlZ3VyYW7Dp2E/IENlcnRvLCBkZXZvIGNoYW1hciBhIHNlZ3VyYW7Dp2Eu,,W1Rhc3R5XQrCoUxvIGVzISBPaCwgwr9xdcOpIGhhZ28/IMK/UXXDqSBoYWdvPyDCv1NlZ3VyaWRhZD8gQ2llcnRvLCBzZSBzdXBvbmUgcXVlIGRlYm8gbGxhbWFyIGEgc2VndXJpZGFkLg==
aojWBw,,Q29tZSBvbiwgc2VjdXJpdHksIHNlY3VyaXR5Li4u,,,,,VmFtb3MsIHNlZ3VyYW7Dp2EsIHNlZ3VyYW7Dp2EuLi4=,,VmFtb3MsIHNlZ3VyaWRhZCwgc2VndXJpZGFk4oCm
a4jWBw,,W1Rhc3R5XQpXaGF0ISEgVGhlIGxpbmUgaXMgZG93biEgV2hlbiBkaWQgaXQgYnJva2UgZG93bj8gT2gsIHdoYXQgc2hvdWxkIEkgZG8/,,,,,W0RlbMOtY2lhXQpRdcOqISBBIGxpbmhhIGNhaXUhIFF1YW5kbyBpc3NvIGFjb250ZWNldT8gQWgsIG8gcXVlIGV1IGRldm8gZmF6ZXI/,,W1Rhc3R5XQrCocK/UXXDqT8hIMKhTGEgbMOtbmVhIG5vIGZ1bmNpb25hISDCv0N1w6FuZG8gc2UgYXZlcmnDsz8gT2gsIMK/cXXDqSBkZWJvIGhhY2VyPw==
bIjWBw,,W1Rhc3R5XQpZZWFoISBSaWNlIGNha2UhIEknbGwgZ2l2ZSB5b3UgYSByaWNlIGNha2UsIHNvIGdvIHNvbWV3aGVyZSBlbHNlLiBZb3UgbGlrZSByaWNlIGNha2VzLCByaWdodD8=,,,,,W0RlbMOtY2lhXQpTaW0hIEJvbG8gZGUgYXJyb3ohIFZvdSB0ZSBkYXIgdW0gYm9sbyBkZSBhcnJveiwgZW50w6NvIHbDoSBwYXJhIG91dHJvIGx1Z2FyLiBWb2PDqiBnb3N0YSBkZSBib2xvcyBkZSBhcnJveiwgbsOjbyDDqT8=,,W1Rhc3R5XQrCoVPDrSEgwqFQYXN0ZWwgZGUgYXJyb3ohIFRlIGRhcsOpIHVuIHBhc3RlbCBkZSBhcnJveiwgYXPDrSBxdWUgdmV0ZSBhIG90cmEgcGFydGUuIFRlIGd1c3RhbiBsb3MgcGFzdGVsZXMgZGUgYXJyb3osIMK/dmVyZGFkPw==
bYjWBw,,Li4uLi4u,,,,,Li4uLi4u,,4oCm
bojWBw,,W1Rhc3R5XQpPaCwgbm8gcmljZSBjYWtlPyBBcmUgeW91IG5vdCB0aGUgaHVtYW4gSSBtZXQgdGhlIG90aGVyIGRheT8gVGhlbiwgdWgsIG1lYXQ/IFlvdSB3YW50IG1lYXQ/IFlvdSBsaWtlIG1lYXQsIHllcz8gSSd2ZSBuZXZlciBzZWVuIGEgaHVtYW4gd2hvIGhhdGVzIG1lYXQuIEknbGwgZ2l2ZSB5b3UgYWxsIHRoZSBtZWF0IEkgaGF2ZS4=,,,,,W0RlbMOtY2lhXQpBaC4uLiBuw6NvIGdvc3RhPyBWb2PDqiBuw6NvIMOpIG8gaHVtYW5vaWRlIHF1ZSBldSBjb25oZWNpIG91dHJvIGRpYT8gRW50w6NvLCBlcm0uLi4gY2FybmU/IFZvY8OqIHF1ZXIgY2FybmU/IFZvY8OqIGdvc3RhIGRlIGNhcm5lLCBuw6k/IE51bmNhIHZpIHVtIGh1bWFub2lkZSBxdWUgb2RlaWUgY2FybmUuIFZvdSB0ZSBkYXIgdG9kYSBhIGNhcm5lIHF1ZSBldSB0ZW5oby4=,,W1Rhc3R5XQpPaCwgwr9lbnRvbmNlcyBubyBxdWllcmVzIHBhc3RlbCBkZSBhcnJvej8gwr9ObyBlcmVzIGVsIGh1bWFubyBxdWUgY29ub2PDrSBlbCBvdHJvIGTDrWE/IEVudG9uY2VzLCBlbSwgwr9jYXJuZT8gwr9RdWllcmVzIGNhcm5lPyBUZSBndXN0YSBsYSBjYXJuZSwgwr92ZXJkYWQ/IE51bmNhIGNvbm9jw60gYSB1biBodW1hbm8gcXVlIG9kaWUgbGEgY2FybmUuIFRlIGRhcsOpIHRvZGEgbGEgY2FybmUgcXVlIHRlbmdvLg==
b4jWBw,,W1Rhc3R5XQpNZWF0IGlzIGEgbm8sIHRvbz8gU3RyYW5nZS4gV2hhdCBkbyB5b3Ugd2FudCwgdGhlbj8gV2hhdCB3aWxsIG1ha2UgeW91IGdvIGJhY2s/,,,,,W0RlbMOtY2lhXQpDYXJuZSB0YW1iw6ltIG7Do28/IEVzdHJhbmhvLiBPIHF1ZSB2b2PDqiBxdWVyLCBlbnTDo28/IE8gcXVlIHZhaSBmYXplciB2b2PDqiB2b2x0YXI/,,W1Rhc3R5XQrCv0xhIGNhcm5lIHRhbWJpw6luIGVzIHVuIG5vPyBRdcOpIGV4dHJhw7FvLiDCv1F1w6kgcXVpZXJlcyBlbnRvbmNlcz8gwr9RdcOpIHRlIGhhcsOhIHJldHJvY2VkZXI/
cIjWBw,,W1Rhc3R5XQpPaCwgd2hhdCBzaG91bGQgSSBkbz8gSSB3YXMgdG9sZCB0byBhdm9pZCB0aGVtLiBBbSBJIGdvaW5nIHRvIF4wMDAwQ0RnZXQgZGlzbWFudGxlZF4wMDAwMDAsIHRvbz8gSXMgdGhpcyB0aGUgZW5kIG9mIFRhc3R5Pw==,,,,,W0RlbMOtY2lhXQpBaCwgbyBxdWUgZXUgZGV2byBmYXplcj8gTWUgZmFsYXJhbSBwYXJhIGV2aXRhciBvcyBodW1hbm9pZGVzLiBTZXLDoSBxdWUgdsOjbyBtZSBeOTM3MERCZGVzbW9udGFyXjAwMDAwMCB0YW1iw6ltPyBFc3NlIHZhaSBzZXIgbyBmaW0gZGUgRGVsw61jaWE/,,W1Rhc3R5XQpPaCwgwr9xdcOpIGRlYm8gaGFjZXI/IE1lIGRpamVyb24gcXVlIGxvcyBldml0YXJhLiDCv01lIHZhbiBhIF45OTAwOTlkZXNtYW50ZWxhcl4wMDAwMDAgdGFtYmnDqW4/IMK/RXMgZXN0ZSBlbCBmaW4gZGUgVGFzdHk/
cYjWBw,,SSdtIG5vdCB0aGF0IGtpbmQgb2YgcGVyc29uLg==,,,,,RXUgbsOjbyBzb3UgZXNzZSB0aXBvIGRlIHBlc3NvYS4=,,Tm8gc295IGVzYSBjbGFzZSBkZSBwZXJzb25hLg==
cojWBw,,W1Rhc3R5XQpZb3UncmUgbm90IHRoYXQga2luZCBvZiBwZXJzb24/IFRoZW4uLi4gd2hhdCBraW5kIG9mIHBlcnNvbiBhcmUgeW91Pw==,,,,,W0RlbMOtY2lhXQpWb2PDqiBuw6NvIMOpIGVzc2UgdGlwbyBkZSBwZXNzb2E/IEVudMOjby4uLiBxdWUgdGlwbyBkZSBwZXNzb2Egdm9jw6ogw6k/,,W1Rhc3R5XQrCv05vIGVyZXMgZXNhIGNsYXNlIGRlIHBlcnNvbmE/IEVudG9uY2Vz4oCmIMK/cXXDqSBjbGFzZSBkZSBwZXJzb25hIGVyZXM/
c4jWBw,,W1Rhc3R5XQpXYWl0Li4uIFlvdSBkb24ndCBkcm9vbCBsaWtlIHRoZW0gYW5kIGhhdmUgbm9ybWFsIGV5ZXMuIFdoaWNoIG1lYW5zLi4uIHlvdSdyZSBub3QgYW4gXjAwMDBDRGludHJ1ZGVyXjAwMDAwMCwgdGhlbj8=,,,,,W0RlbMOtY2lhXQpFc3BlcmEuLi4gVm9jw6ogbsOjbyBiYWJhIGNvbW8gZWxlcyBlIHRlbSBvbGhvcyBub3JtYWlzLiBPIHF1ZSBzaWduaWZpY2EgcXVlLi4uIHZvY8OqIG7Do28gw6kgdW0gXjkzNzBEQmludHJ1c29eMDAwMDAwPw==,,W1Rhc3R5XQpFc3BlcmHigKYgTm8gYmFiZWFzIGNvbW8gZWxsb3MgeSB0aWVuZXMgb2pvcyBub3JtYWxlcy4gTG8gcXVlIHNpZ25pZmljYeKApiBxdWUgbm8gZXJlcyB1biBeOTkwMDk5aW50cnVzb14wMDAwMDAsIMK/dmVyZGFkPw==
dIjWBw,,SSdtIGEgZ3Vlc3Qgb2YgdGhpcyBtYW5zaW9uLg==,,,,,TWUgY29udmlkYXJhbSBwYXJhIGVzdGEgbWFuc8Ojby4=,,U295IGh1w6lzcGVkIGRlIGVzdGEgbWFuc2nDs24u
dYjWBw,,W1Rhc3R5XQpXaGF0PyBBIGd1ZXN0PyBVaCwgb25lIG1vbWVudCwgbGV0IG1lIGNoZWNrLi4u,,,,,W0RlbMOtY2lhXQpPIHF1w6o/IENvbnZpZGFyYW0gdm9jw6o/IEFoLCB1bSBtb21lbnRvLCB2b3UgdmVyaWZpY2FyLi4u,,W1Rhc3R5XQrCv1F1w6k/IMK/SHXDqXNwZWQ/IFVoLCB1biBtb21lbnRvLCBkw6lqYW1lIGNvbXByb2JhcuKApg==
dojWBw,,W1Rhc3R5XQpJdCdzIHJlYWwhIEJ1dCBJJ3ZlIG5ldmVyIHNlZW4geW91IGJlZm9yZS4gQSBuZXcgZ3Vlc3Q/IE5vdz8gT2gsIHNvcnJ5IGZvciBtaXN0YWtpbmcgeW91IGZvciBhbiBpbnRydWRlci4=,,,,,W0RlbMOtY2lhXQrDiSB2ZXJkYWRlISBNYXMgZXUgbnVuY2EgdGUgdmkgYW50ZXMuIFVtIG5vdm8gY29udmlkYWRvPyBBZ29yYT8gQWgsIGRlc2N1bHBlIHBvciBhY2hhciBxdWUgdm9jw6ogZXJhIGludHJ1c28u,,W1Rhc3R5XQrCoUVzIHZlcmRhZCEgUGVybyBudW5jYSB0ZSBoYWLDrWEgdmlzdG8gYW50ZXMuIMK/VW4gbnVldm8gaHXDqXNwZWQ/IMK/QWhvcmE/IFNpZW50byBoYWJlcnRlIGNvbmZ1bmRpZG8gY29uIHVuIGludHJ1c28u
d4jWBw,,W1Rhc3R5XQpJIHRob3VnaHQgeW91IHdlcmUgb25lIG9mIHRob3NlIGhpZGluZyBhcm91bmQuIEl0IHdhcyBzdHJhbmdlIHRvIHNlZSB0aGVtIGFsbCBydW5uaW5nIGF3YXkgc28gc3VkZGVubHkuIE9oLCB3YXMgaXQgYmVjYXVzZSBvZiB0aGUgbmV3IGd1ZXN0cz8gSGFoIQ==,,,,,W0RlbMOtY2lhXQpBY2hlaSBxdWUgdm9jw6ogZm9zc2UgdW1hIGRhcyBwZXNzb2FzIHNlIGVzY29uZGVuZG8gcG9yIGFxdWkuIEZvaSBlc3RyYW5obyB2ZXIgdG9kb3MgZWxlcyBmdWdpbmRvIHTDo28gZGUgcmVwZW50ZS4gQWgsIGZvaSBwb3IgY2F1c2EgZG9zIG5vdm9zIGNvbnZpZGFkb3M/IEhhaCE=,,W1Rhc3R5XQpQZW5zw6kgcXVlIGVyYXMgdW5vIGRlIGVzb3MgcXVlIHNlIGVzY29uZGVuIHBvciBhaMOtLiBFcmEgZXh0cmHDsW8gdmVybG9zIGh1aXIgYSB0b2RvcyB0YW4gZGUgcmVwZW50ZS4gwr9GdWUgcG9yIGxvcyBudWV2b3MgaHXDqXNwZWRlcz8gwqFKYSE=
eIjWBw,,W1Rhc3R5XQpXaGF0J3MgdGhlIHJlbGF0aW9uc2hpcCBiZXR3ZWVuIHlvdSBndXlzIGFuZCB0aGVtPyBFbmVtaWVzPyBXaGljaCBzaWRlIGlzIHRoZSBwcmVkYXRvcj8gV2VsbCwgc2luY2UgdGhlIGludHJ1ZGVycyByYW4gYXdheSwgc28gaXQgbXVzdCBiZSB0aGUgZ3Vlc3RzLCByaWdodD8=,,,,,W0RlbMOtY2lhXQpRdWFsIG8gcmVsYWNpb25hbWVudG8gZW50cmUgdm9jw6pzIGUgZWxlcz8gSW5pbWlnb3M/IFF1YWwgbGFkbyDDqSBvIHByZWRhZG9yPyBCb20sIGrDoSBxdWUgb3MgaW50cnVzb3MgZnVnaXJhbSwgdm9jw6ogZGV2ZSBzZXIgbyBjb252aWRhZG8sIG7Do28gw6k/,,W1Rhc3R5XQrCv0N1w6FsIGVzIGxhIHJlbGFjacOzbiBlbnRyZSB1c3RlZGVzIHkgZWxsb3M/IMK/RW5lbWlnb3M/IMK/UXXDqSBsYWRvIGVzIGVsIGRlcHJlZGFkb3I/IEJ1ZW5vLCBjb21vIGxvcyBpbnRydXNvcyBodXllcm9uLCBkZWJlbiBzZXIgbG9zIGh1w6lzcGVkZXMsIMK/bm8/
eYjWBw,,VGhlcmUncyBubyBzdWNoIHJlbGF0aW9uc2hpcC4=,,,,,TsOjbyBleGlzdGUgZXNzZSByZWxhY2lvbmFtZW50by4=,,Tm8gZXhpc3RlIHRhbCByZWxhY2nDs24u
eojWBw,,W1Rhc3R5XQpPaCwgaXMgdGhhdCBzbz8gSXQncyBiZWVuIGEgbG9uZyB0aW1lIHNpbmNlIEkgbGFzdCBzYXcgaHVtYW5zLgpCdXQgd2h5IGNvdWxkbid0IEkgcmVjb2duaXplIHlvdT8gU2luY2UgdGhlcmUncyBhIG5ldyBndWVzdCwgYSBuZXcgbGlzdCBzaG91bGQndmUgYmVlbiBzZW50IHRvIGFsbCByb2JvdHMu,,,,,W0RlbMOtY2lhXQpBaCwgw6k/IEZheiBtdWl0byB0ZW1wbyBkZXNkZSBxdWUgdmkgaHVtYW5vaWRlcy4KTWFzIHBvciBxdWUgZXUgbsOjbyB0ZSByZWNvbmhlY2k/IENvbW8gdGVtIHVtIG5vdm8gY29udmlkYWRvLCBhIG5vdmEgbGlzdGEgZGV2ZXJpYSB0ZXIgc2lkbyBtYW5kYWRhIHBhcmEgdG9kb3Mgb3Mgcm9iw7RzLg==,,W1Rhc3R5XQpBaCwgwr9zw60/IFBhc8OzIG11Y2hvIHRpZW1wbyBkZXNkZSBsYSDDumx0aW1hIHZleiBxdWUgdmkgaHVtYW5vcy4Kwr9QZXJvIHBvciBxdcOpIG5vIHB1ZGUgcmVjb25vY2VydGU/IENvbW8gaGF5IHVuIG51ZXZvIGh1w6lzcGVkLCBzZSBkZWJlcsOtYSBoYWJlciBlbnZpYWRvIHVuYSBudWV2YSBsaXN0YSBhIHRvZG9zIGxvcyByb2JvdHMu
e4jWBw,,VGhlIHJlcGVhdGVyIGlzIGJyb2tlbi4=,,,,,TyByZXBldGlkb3IgcXVlYnJvdS4=,,RWwgcmVwZXRpZG9yIGVzdMOhIGF2ZXJpYWRvLg==
fIjWBw,,W1Rhc3R5XQpPaCwgb2YgY291cnNlISBUaGUgYnJva2VuIHJlcGVhdGVyIGNhdXNlZCB0aGUgc3VkZGVuIG5ldHdvcmsgZGlzY29ubmVjdGlvbiEgQnV0IHdoeSBkaWQgeW91IGNvbWUgaW5zdGVhZCBvZiBBbHBoYT8=,,,,,W0RlbMOtY2lhXQpBaCwgw6kgY2xhcm8hIE9zIHJlcGV0aWRvcmVzIHF1ZWJyYWRvcyBjYXVzYXJhbSBhIHF1ZWRhIHJlcGVudGluYSBkYSByZWRlISBNYXMgcG9yIHF1ZSB2b2PDqiB2ZWlvIGVtIHZleiBkZSBBbGZhPw==,,W1Rhc3R5XQrCoU9oLCBwb3Igc3VwdWVzdG8hIEVsIHJlcGV0aWRvciBhdmVyaWFkbyBjYXVzw7MgbGEgZGVzY29uZXhpw7NuIHJlcGVudGluYSBkZSBsYSByZWQgwr9QZXJvIHBvciBxdcOpIHZpbmlzdGUgdMO6IGVuIGx1Z2FyIGRlIEFsZmE/
fYjWBw,,QWxwaGEgaXMgYnVzeSByaWdodCBub3cu,,,,,QWxmYSBlc3TDoSBvY3VwYWRhIGFnb3JhLg==,,QWxmYSBlc3TDoSBvY3VwYWRhIGFob3JhIG1pc21vLg==
fojWBw,,W1Rhc3R5XQpBbHBoYSBpcyBidXN5PyBObyB3YXkuIE9oLCBkaWQgeW91IHZvbHVudGVlcj8gV2hhdCBhbiB1bnVzdWFsIGd1ZXN0LiBXYWl0LCBjb21lIHRvIHRoaW5rIG9mIGl0LCBeMDAwMENEdGhlcmUgd2FzIGEgZ3Vlc3QgbGlrZSB5b3UgaW4gdGhlIHBhc3ReMDAwMDAwLg==,,,,,W0RlbMOtY2lhXQpBbGZhIGVzdMOhIG9jdXBhZGE/IEltcG9zc8OtdmVsLiBBaCwgdm9jw6ogc2Ugb2ZlcmVjZXU/IFF1ZSBjb252aWRhZG8gZGlmZXJlbnRlLiBFc3BlcmEsIHBlbnNhbmRvIGJlbSwgXjkzNzBEQmNvbmhlY2kgdW0gY29udmlkYWRvIGNvbW8gdm9jw6ogbm8gcGFzc2Fkb14wMDAwMDAu,,W1Rhc3R5XQrCv0FsZmEgZXN0w6Egb2N1cGFkYT8gRGUgbmluZ3VuYSBtYW5lcmEuIMK/VGUgb2ZyZWNpc3RlIHZvbHVudGFyaWFtZW50ZT8gUXXDqSBodcOpc3BlZCB0YW4gaW51c3VhbC4gRXNwZXJhLCBhaG9yYSBxdWUgbG8gcGllbnNvLCBeOTkwMDk5aHVibyB1biBodcOpc3BlZCBjb21vIHTDuiBlbiBlbCBwYXNhZG9eMDAwMDAwLg==
f4jWBw,,W1Rhc3R5XQpBbGwgZ3Vlc3RzIHNob3dlZCBpbnRlcmVzdCBpbiB1cyBhbmQgdGhlIG1hbnNpb24sIGJ1dCBubyBvbmUgYnV0IHRoYXQgZ3Vlc3QgYWN0dWFsbHkgcmFuIGFjcm9zcyB0aGUgbWFuc2lvbiBhbmQgaGVscGVkIHVzLiBGZWx0IHNvcnJ5LCB0aGF0IHBlcnNvbiBzYWlkLg==,,,,,W0RlbMOtY2lhXQpUb2RvcyBvcyBjb252aWRhZG9zIG1vc3RyYXJhbSBpbnRlcmVzc2UgZW0gbsOzcyBlIG5hIG1hbnPDo28sIG1hcyBuaW5ndcOpbSBhbMOpbSBkYXF1ZWxlIGNvbnZpZGFkbyBhdHJhdmVzc291IGEgbWFuc8OjbyBwYXJhIG5vcyBhanVkYXIuIEFxdWVsYSBwZXNzb2EgZGlzc2UgcXVlIHNlbnRpdSBwZW5hLg==,,W1Rhc3R5XQpUb2RvcyBsb3MgaHXDqXNwZWRlcyBtb3N0cmFyb24gaW50ZXLDqXMgcG9yIG5vc290cm9zIHkgcG9yIGxhIG1hbnNpw7NuLCBwZXJvIG5hZGllIG3DoXMgcXVlIGVzZSBodcOpc3BlZCBsbGVnw7MgYSBjcnV6YXIgbGEgbWFuc2nDs24geSBheXVkYXJub3MuIFNlbnTDrSBwZW5hLCBkaWpvIGVzYSBwZXJzb25hLg==
gIjWBw,,W1Rhc3R5XQpBbnl3YXksIG5ldyBndWVzdHMgd2lsbCBzb29uIGNvbWUgdG8gaGF2ZSBhIG1lYWwuIEkgc2hvdWxkIGdvIHByZXBhcmUgdGhlIGZvb2QuIEl0J3MgYmVlbiBzbyBsb25nIHNpbmNlIHRoZSBsYXN0IHRpbWUgSSBoYWQgZ3Vlc3RzISBIdXJyYXkh,,,,,W0RlbMOtY2lhXQpFbmZpbSwgbm92b3MgY29udmlkYWRvcyB2w6NvIHJlY2ViZXIgdW1hIHJlZmVpw6fDo28gZW0gYnJldmUuIEV1IGRldmVyaWEgaXIgcHJlcGFyYXIgYSBjb21pZGEuIErDoSBmYXogdGFudG8gdGVtcG8gZGVzZGUgYSDDumx0aW1hIHZleiBxdWUgcmVjZWJpIGNvbnZpZGFkb3MhIEh1cnJhIQ==,,W1Rhc3R5XQpEZSB0b2RvcyBtb2RvcywgcHJvbnRvIHZlbmRyw6FuIG51ZXZvcyBodcOpc3BlZGVzIGEgY29tZXIuIERlYmVyw61hIGlyIGEgcHJlcGFyYXIgbGEgY29taWRhLiDCoVBhc8OzIHRhbnRvIHRpZW1wbyBkZXNkZSBsYSDDumx0aW1hIHZleiBxdWUgdHV2ZSBodcOpc3BlZGVzISDCoUJyYXZvIQ==
gYjWBw,,W1Rhc3R5XQpXZSBoYXZlbid0IGhhZCBndWVzdHMgZm9yIHNvIGxvbmcuIEV2ZW4gaWYgd2UgcHJlcGFyZWQgZm9vZCwgdGhlcmUgd2FzIG5vIG9uZSB0byBlYXQgaXQuIFRoZSBpbnRydWRlcnMgcm9iYmVkIGV2ZXJ5dGhpbmcsIGJ1dCB0aGV5J3JlIG5vdCBndWVzdHMu,,,,,W0RlbMOtY2lhXQpOw6NvIHRlbW9zIGNvbnZpZGFkb3MgaMOhIHRhbnRvIHRlbXBvLiBNZXNtbyBxdWUgcHJlcGFyw6Fzc2Vtb3MgY29taWRhLCBuw6NvIGhhdmlhIG5pbmd1w6ltIHBhcmEgY29tw6otbGEuIE9zIGludmFzb3JlcyByb3ViYXJhbSB0dWRvLCBtYXMgZWxlcyBuw6NvIHPDo28gY29udmlkYWRvcy4=,,W1Rhc3R5XQpIYWPDrWEgbXVjaG8gcXVlIG5vIHRlbsOtYW1vcyBodcOpc3BlZGVzLiBBdW5xdWUgcHJlcGFyw6FyYW1vcyBjb21pZGEsIG5vIGhhYsOtYSBuYWRpZSBwYXJhIGNvbWVybGEuIExvcyBpbnRydXNvcyByb2Jhcm9uIHRvZG8sIHBlcm8gbm8gc29uIGh1w6lzcGVkZXMu
gojWBw,,W1Rhc3R5XQpUaGUgaW50cnVkZXJzIGRpZG4ndCBzdGF5IGluIHRoZSBtYW5zaW9uIGZvciBsb25nLCBidXQgaXQgd2FzIGVub3VnaCBmb3IgdGhlbSB0byBjcmVhdGUgY2hhb3MuIFRoZXkgdHJpZWQgdG8gdGFrZSBtYWNoaW5lcywgcm9ib3RzLCBhbmQgYW55IG90aGVyIHN0dWZmIHRoYXQgc2VlbWVkIHVzZWZ1bC4=,,,,,W0RlbMOtY2lhXQpPcyBpbnZhc29yZXMgbsOjbyBmaWNhcmFtIG5hIG1hbnPDo28gcG9yIG11aXRvIHRlbXBvLCBtYXMgZm9pIG8gc3VmaWNpZW50ZSBwYXJhIGNyaWFyZW0gbyBjYW9zLiBFbGVzIHRlbnRhcmFtIGxldmFyIG3DoXF1aW5hcywgcm9iw7RzIGUgcXVhbHF1ZXIgb3V0cmEgY29pc2EgcXVlIHBhcmVjZXNzZSDDunRpbC4=,,W1Rhc3R5XQpMb3MgaW50cnVzb3Mgbm8gcGVybWFuZWNpZXJvbiBtdWNobyB0aWVtcG8gZW4gbGEgbWFuc2nDs24sIHBlcm8gbGVzIGJhc3TDsyBwYXJhIHNlbWJyYXIgZWwgY2Fvcy4gSW50ZW50YXJvbiBsbGV2YXJzZSBtw6FxdWluYXMsIHJvYm90cyB5IGN1YWxxdWllciBvdHJhIGNvc2EgcXVlIHBhcmVjaWVyYSDDunRpbC4=
g4jWBw,,W1Rhc3R5XQpJJ20gc3VyZSBeMDAwMENEdGhhdCByZXBlYXRlciBoYWQgaXRzIGNvbW11bmljYXRpb24gY2hpcCBzdG9sZW5eMDAwMDAwLg==,,,,,W0RlbMOtY2lhXQpUZW5obyBjZXJ0ZXphIGRlIHF1ZSBeOTM3MERCYXF1ZWxlIHJlcGV0aWRvciB0ZXZlIHNldSBjaGlwIGRlIGNvbXVuaWNhw6fDo28gcm91YmFkb14wMDAwMDAu,,W1Rhc3R5XQpFc3RveSBzZWd1cmEgXjk5MDA5OXF1ZSBhIGVzZSByZXBldGlkb3IgbGUgcm9iYXJvbiBlbCBjaGlwIGRlIGNvbXVuaWNhY2nDs25eMDAwMDAwLg==
hIjWBw,,W1Rhc3R5XQpUaG9zZSB0ZXJyaWJsZSB0aGluZ3MuIE1vc3Qgb2YgdGhlbSBoYXZlIHJ1biBhd2F5LCBidXQgc29tZSBvZiB0aGVtIGFyZSBzdGlsbCBoZXJlLCBpdCBzZWVtcy4gSSBzYXcgdGhlbSBhIGZldyB0aW1lcyBoZXJlLiBJIGd1ZXNzIHRoZXkncmUgYWltaW5nIGZvciB0aGUgZm9vZC4=,,,,,W0RlbMOtY2lhXQpDb2lzYXMgdGVycsOtdmVpcy4gQSBtYWlvcmlhIGRlbGVzIGZ1Z2l1LCBtYXMgcGFyZWNlIHF1ZSBhbGd1bnMgYWluZGEgZXN0w6NvIGFxdWkuIEV1IG9zIHZpIGFxdWkgYWxndW1hcyB2ZXplcy4gQWNobyBxdWUgZXN0w6NvIHRlbnRhbmRvIHJvdWJhciBhIGNvbWlkYS4=,,W1Rhc3R5XQpFc2FzIGNvc2FzIHRlcnJpYmxlcy4gTGEgbWF5b3LDrWEgaHV5w7MsIHBlcm8gcGFyZWNlIHF1ZSBhbGd1bm9zIHNpZ3VlbiBhcXXDrS4gTG9zIHZpIHZhcmlhcyB2ZWNlcyBhcXXDrS4gU3Vwb25nbyBxdWUgcXVpZXJlbiBsYSBjb21pZGEu
hYjWBw,,W1Rhc3R5XQpJIGFwb2xvZ2l6ZSBvbmNlIGFnYWluLiBJIGRvbid0IGtub3cgd2h5IEkgbWlzdG9vayB5b3UgZm9yIG9uZSBvZiB0aGVtLiBZb3UncmUgc28gZGlmZmVyZW50IGZyb20gdGhvc2UgdGhpbmdzLg==,,,,,W0RlbMOtY2lhXQpQZcOnbyBkZXNjdWxwYXMgbm92YW1lbnRlLiBOw6NvIHNlaSBwb3IgcXVlIHRlIGNvbmZ1bmRpIGNvbSB1bSBkZWxlcy4gVm9jw6ogw6kgdMOjbyBkaWZlcmVudGUgZGVzc2FzIGNvaXNhcy4=,,W1Rhc3R5XQpQaWRvIGRpc2N1bHBhcyB1bmEgdmV6IG3DoXMuIE5vIHPDqSBwb3IgcXXDqSB0ZSBjb25mdW5kw60gY29uIHVubyBkZSBlbGxvcy4gRXJlcyB0YW4gZGlmZXJlbnRlIGRlIGVzYXMgY29zYXMu
hojWBw,,W1Rhc3R5XQpCeSB0aGUgd2F5LCBJIGdvdHRhIGZpeCB0aGUgcmVwZWF0ZXIuLi4gTGV0J3Mgc2VlLi4u,,,,,W0RlbMOtY2lhXQpBIHByb3DDs3NpdG8sIHRlbmhvIHF1ZSBjb25zZXJ0YXIgbyByZXBldGlkb3IuLi4gVmVqYW1vcy4uLg==,,W1Rhc3R5XQpQb3IgY2llcnRvLCB0ZW5nbyBxdWUgcmVwYXJhciBlbCByZXBldGlkb3LigKYgVmVhbW9z4oCm
h4jWBw,,W1Rhc3R5XQpNbW0uLi4gQXJnaCwgdGhlIGNvbW11bmljYXRpb24gY2hpcCBpcyByaXBwZWQgb2ZmISBJIHNob3VsZCBwdXQgaW4gYSBuZXcgb25lLiBCdXQgd2hlcmUgY2FuIEkgZ2V0IG9uZSByaWdodCBub3c/IEkgaGF2ZSB0byBncmVldCBndWVzdHMh,,,,,W0RlbMOtY2lhXQpIbW0uLi4gQXJnaCwgbyBjaGlwIGRlIGNvbXVuaWNhw6fDo28gZm9pIGFycmFuY2FkbyEgRXUgZGV2ZXJpYSBjb2xvY2FyIHVtIG5vdm8uIE1hcyBvbmRlIGV1IHBvc3NvIGNvbnNlZ3VpciB1bSBhZ29yYT8gVGVuaG8gcXVlIGN1bXByaW1lbnRhciBjb252aWRhZG9zIQ==,,W1Rhc3R5XQpNbW3igKYgwqFBaiwgYXJyYW5jYXJvbiBlbCBjaGlwIGRlIGNvbXVuaWNhY2nDs24hIERlYmVyw61hIHBvbmVyIHVubyBudWV2by4gwr9QZXJvIGTDs25kZSBwdWVkbyBjb25zZWd1aXIgdW5vIGFob3JhIG1pc21vPyDCoVRlbmdvIHF1ZSByZWNpYmlyIGEgbG9zIGh1w6lzcGVkZXMh
iIjWBw,,QnVybiBpdCBhbGwhISEgSEEgaGEgaGEh,,,,,UXVlaW1lIHR1ZG8hIEhhaGFoYSE=,,wqHCoVF1ZW1lbiB0b2RvISEgwqFKYSwgamEsIGphIQ==
iYjWBw,,W1Rhc3R5XQpVZ2gsIGFub3RoZXIgYnJva2VuIG9uZSB0aGVyZS4=,,,,,W0RlbMOtY2lhXQpBcmdoLCBtYWlzIHVtIHF1ZWJyYWRvIGFxdWku,,W1Rhc3R5XQpVZiwgb3RybyByb2JvdCBhdmVyaWFkbyBhaMOtLg==
iojWBw,,W1Rhc3R5XQouLi4uLi4KLi4uLi4uV2FpdC4=,,,,,W0RlbMOtY2lhXQouLi4uLi4KLi4uIEVzcGVyZS4=,,W1Rhc3R5XQrigKYK4oCmRXNwZXJhLg==
i4jWBw,,W1Rhc3R5XQp7fSwgY2FuIHlvdSBnZXQgdGhhdCBvbmU/,,,,,W0RlbMOtY2lhXQogKyB7fSwgcG9kZSBvbGhhciBhcXVlbGUgYWxpPw==,,W1Rhc3R5XQp7fSwgwr9wdWVkZXMgdHJhZXJsbz8=
jIjWBw,,VGhlIGJyb2tlbiByb2JvdD8=,,,,,TyByb2LDtCBxdWVicmFkbz8=,,wr9FbCByb2JvdCBhdmVyaWFkbz8=
jYjWBw,,W1Rhc3R5XQpZZWFoLiBDb21tdW5pY2F0aW9uIGNoaXBzIGFyZSBzdGFuZGFyZGl6ZWQgcHJvZHVjdHMsIHNvIHlvdSBjYW4gcHV0IG9uZSBpbiBldmVyeXdoZXJlIGFzIGxvbmcgYXMgaXQncyBpbnRhY3QuIFRoZSBjaGlwIG9uIHRoYXQgb25lIHNob3VsZCBiZSBwZXJmZWN0Lg==,,,,,W0RlbMOtY2lhXQpTaW0uIE9zIGNoaXBzIGRlIGNvbXVuaWNhw6fDo28gc8OjbyBwcm9kdXRvcyBwYWRyb25pemFkb3MsIHBvcnRhbnRvLCB2b2PDqiBwb2RlIGNvbG9jYXIgdW0gZW0gcXVhbHF1ZXIgbHVnYXIsIGRlc2RlIHF1ZSBlc3RlamEgaW50YWN0by4gTyBjaGlwIG5hcXVlbGUgYWxpIGRldmUgZnVuY2lvbmFyIHBlcmZlaXRhbWVudGUu,,W1Rhc3R5XQpTw60uIExvcyBjaGlwcyBkZSBjb211bmljYWNpw7NuIHNvbiBwcm9kdWN0b3MgZXN0YW5kYXJpemFkb3MsIHBvciBsbyBxdWUgcHVlZGVzIHBvbmVyIHVubyBlbiB0b2RhcyBwYXJ0ZXMgc2llbXByZSBxdWUgZXN0w6kgaW50YWN0by4gRWwgY2hpcCBlbiBlc2UgZGViZSBzZXIgcGVyZmVjdG8u
jojWBw,,VWguLi4=,,,,,QWguLi4=,,VWjigKY=
j4jWBw,,W1Rhc3R5XQpXaGF0J3Mgd2l0aCB0aGF0IGZhY2U/IEFyZSB5b3UgZmVlbGluZyByZWx1Y3RhbnQgdG8gaHVydCBhIHJvYm90IGluIGZyb250IG9mIGFub3RoZXIgcm9ib3Q/IERvbid0IHdvcnJ5IGFib3V0IHRoYXQu,,,,,W0RlbMOtY2lhXQpQb3IgcXVlIGVzc2EgY2FyYT8gRXN0w6EgcmVsdXRhbnRlIGVtIG1hY2h1Y2FyIHVtIHJvYsO0IG5hIGZyZW50ZSBkZSBvdXRybz8gTsOjbyBzZSBwcmVvY3VwZSBjb20gaXNzby4=,,W1Rhc3R5XQrCv1F1w6kgcGFzYSBjb24gZXNlIHJvc3Rybz8gwr9UZSBpbmNvbW9kYSBoYWNlciBkYcOxbyBhIHVuIHJvYm90IGRlbGFudGUgZGUgb3RybyByb2JvdD8gTm8gdGUgcHJlb2N1cGVzIHBvciBlc28u
kIjWBw,,W1Rhc3R5XQpJdCBuZWVkcyB0byBiZSBmaXhlZCwgYW55d2F5LiBUbyBkbyB0aGF0LCB3ZSBoYXZlIHRvIGNhdGNoIGl0LiBUaGluayBvZiBpdCBhcyBzYXZpbmcgdGhhdCB0cm91YmxlIGZvciB1cy4=,,,,,W0RlbMOtY2lhXQpFbGUgcHJlY2lzYSBkZSBjb25zZXJ0by4gUGFyYSBmYXplciBpc3NvLCB0ZW1vcyBxdWUgcGVnw6EtbG8uIFBlbnNlIG5pc3NvIGNvbW8gc2UgZXN0aXbDqXNzZW1vcyBub3MgcG91cGFuZG8gZGVzc2UgcHJvYmxlbWEu,,W1Rhc3R5XQpEZSB0b2RvcyBtb2RvcywgaGF5IHF1ZSByZXBhcmFybG8uIFBhcmEgZWxsbywgdGVuZW1vcyBxdWUgYXRyYXBhcmxvLiBQaWVuc2EgcXVlIG5vcyBhaG9ycmFzIGVzZSB0cmFiYWpvLg==
kYjWBw,,W1Rhc3R5XQpJZiB3ZSBsZWF2ZSB0aGVtIHRoYXQgd2F5LCB0aGV5J2xsIGtlZXAgd2FuZGVyaW5nIGFyb3VuZCBhbmQgZGVzdHJveWluZyB0aGUgbWFuc2lvbidzIGZhY2lsaXRpZXMsIHNvIHdlIHNob3VsZCB0YWtlIGNhcmUgb2YgdGhlbSBhc2FwIHdoZW5ldmVyIHdlIHNlZSBvbmUuCkl0J3MgYmV0dGVyIHRvIHRha2UgaXRzIGNvbW11bmljYXRpb24gY2hpcCBhbmQgZml4IHRoZSByZXBlYXRlciBmaXJzdC4=,,,,,W0RlbMOtY2lhXQpTZSBvcyBkZWl4YXJtb3MgYXNzaW0sIGVsZXMgY29udGludWFyw6NvIHZhZ2FuZG8gZSBkZXN0cnVpbmRvIGFzIGluc3RhbGHDp8O1ZXMgZGEgbWFuc8OjbywgcG9ydGFudG8sIGRldmVtb3MgY3VpZGFyIGRlbGVzIG8gbWFpcyByw6FwaWRvIHBvc3PDrXZlbCBzZW1wcmUgcXVlIHZpcm1vcyB1bS4Kw4kgbWVsaG9yIHBlZ2FyIHNldSBjaGlwIGRlIGNvbXVuaWNhw6fDo28gZSBjb25zZXJ0YXIgbyByZXBldGlkb3IgcHJpbWVpcm8u,,W1Rhc3R5XQpTaSBsb3MgZGVqYW1vcyBhc8OtLCBzZWd1aXLDoW4gZGVhbWJ1bGFuZG8geSBkZXN0cnV5ZW5kbyBsYXMgaW5zdGFsYWNpb25lcyBkZSBsYSBtYW5zacOzbiwgYXPDrSBxdWUgZGViZW1vcyBlbmNhcmdhcm5vcyBkZSBlbGxvcyBhcGVuYXMgbG9zIHZlbW9zLgpFcyBtZWpvciBxdWl0YXJsZSBlbCBjaGlwIGRlIGNvbXVuaWNhY2nDs24geSByZXBhcmFyIHByaW1lcm8gZWwgcmVwZXRpZG9yLg==
kojWBw,,W1Rhc3R5XQpFdmVyeW9uZSdzIGJlZW4gZG9pbmcgc28gc2luY2UgdGhlIGludHJ1ZGVyIGluY2lkZW50LiBJZiB5b3UgZG9uJ3QgZG8gaXQsIHdlJ2xsIGRvIGl0LCBhbnl3YXkuCllvdSdsbCBzYXZlIHVzIHRoZSB0cm91YmxlIGlmIHlvdSBkbyB0aGF0Lg==,,,,,W0RlbMOtY2lhXQpUb2RvcyBlc3TDo28gZmF6ZW5kbyBpc3NvIGRlc2RlIG8gaW5jaWRlbnRlIGNvbSBvIGludHJ1c28uIFNlIHZvY8OqIG7Do28gZml6ZXIsIG7Ds3MgZmFyZW1vcyBkZSBxdWFscXVlciBtYW5laXJhLgpWb2PDqiBub3MgcG91cGFyw6EgbyB0cmFiYWxoby4=,,W1Rhc3R5XQpUb2RvcyBsbyBoYWNlbiBkZXNkZSBlbCBpbmNpZGVudGUgY29uIGVsIGludHJ1c28uIFNpIG5vIGxvIGhhY2VzIHTDuiwgbG8gaGFyZW1vcyBub3NvdHJvcyBkZSB0b2RhcyBtYW5lcmFzLgpOb3MgYWhvcnJhcsOhcyBlbCBwcm9ibGVtYSBzaSBsbyBoYWNlcy4=
k4jWBw,,W1Rhc3R5XQpTbyByZWxheCwgdGFrZSBjYXJlIG9mIHRoZSBicm9rZW4gQmV0YXMsIGFuZCBicmluZyBeMDAwMENEMSBSb2JvdCBDb21tdW5pY2F0aW9uIENoaXBeMDAwMDAwLg==,,,,,W0RlbMOtY2lhXQpQb3J0YW50bywgcmVsYXhlLCBjdWlkZSBkb3MgQmV0YXMgcXVlYnJhZG9zIGUgdHJhZ2EgXjkzNzBEQjEgQ2hpcCBkZSBDb211bmljYcOnw6NvIGRlIFJvYsO0XjAwMDAwMC4=,,W1Rhc3R5XQpBc8OtIHF1ZSByZWzDoWphdGUsIG9jw7pwYXRlIGRlIGxvcyBCZXRhcyBhdmVyaWFkb3MsIHkgdHJhZSBeOTkwMDk5MUNoaXAgZGUgY29tdW5pY2FjacOzbiBkZSByb2JvdF4wMDAwMDAu
lIjWBw,,R2FyZGVuISBUbyB0aGUgZ2FyZGVuISE=,,,,,SmFyZGltISBQYXJhIG8gamFyZGltIQ==,,wqFKYXJkw61uISDCoUhhY2lhIGVsIGphcmTDrW4h
lYjWBw,,T2gsIGl0IHJhbiBhd2F5ISBHbyBmb3IgYW5vdGhlciBvbmUu,,,,,QWgsIGVsZSBmdWdpdSEgUGVndWUgb3V0cm8u,,wqFPaCwgc2UgZXNjYXDDsyEgVmUgYSBwb3Igb3Ryby4=
lojWBw,,W1Rhc3R5XQpZb3UgZ290IHRoZSBjb21tdW5pY2F0aW9uIGNoaXA/,,,,,W0RlbMOtY2lhXQpWb2PDqiBwZWdvdSBvIGNoaXAgZGUgY29tdW5pY2HDp8Ojbz8=,,W1Rhc3R5XQrCv1RpZW5lcyBlbCBjaGlwIGRlIGNvbXVuaWNhY2nDs24/
l4jWBw,,W1Rhc3R5XQpHaXZlIGl0IHRvIG1lLiBJJ2xsIGZpeCBpdC4gVGhhbmsgeW91IGZvciBicmluZ2luZyBpdC4=,,,,,W0RlbMOtY2lhXQpQb2RlIG1lIGRhci4gVm91IGNvbnNlcnRhci4gQWdyYWRlw6dvIHBvciBtZSB0cmF6ZXIu,,W1Rhc3R5XQrCoUTDoW1lbG8hIExvIHJlcGFyYXLDqS4gR3JhY2lhcyBwb3IgdHJhZXJsby4=
mIjWBw,,W1Rhc3R5XQpCeSB0aGUgd2F5LCBpcyB0aGlzIHRoZSBvbmx5IHBsYWNlIHdpdGggYSBicm9rZW4gcmVwZWF0ZXI/,,,,,W0RlbMOtY2lhXQpBIHByb3DDs3NpdG8sIGVzc2Ugw6kgbyDDum5pY28gbHVnYXIgY29tIHVtIHJlcGV0aWRvciBxdWVicmFkbz8=,,W1Rhc3R5XQpQb3IgY2llcnRvLCDCv2VzdGUgZXMgZWwgw7puaWNvIHNpdGlvIHF1ZSB0aWVuZSB1biByZXBldGlkb3IgYXZlcmlhZG8/
mYjWBw,,VGhlIG9uZXMgYXQgdGhlIGdhemVibyBhbmQgZ2FyZGVuIGFyZSBicm9rZW4sIHRvby4=,,,,,T3MgZG8gZ2F6ZWJvIGUgamFyZGltIGVzdMOjbyBxdWVicmFkb3MgdGFtYsOpbS4=,,TG9zIGRlbCBnYXplYm8geSBlbCBqYXJkw61uIHRhbWJpw6luIGVzdMOhbiBhdmVyaWFkb3Mu
mojWBw,,W1Rhc3R5XQpPaCwgcmVhbGx5PyBUaGVuLCBnbyB0byB0aGUgPE5BVkk+W2dhemVib108SU5GTz5iYV9tYWlzb24sMzM0LDE0MywwLDEwMSwwPC9JTkZPPjwvTkFWST4gZmlyc3QuIEl0J3MgY2xvc2VyLiBKdXN0IGZvbGxvdyB0aGlzIHdheS4=,,,,,W0RlbMOtY2lhXQpBaCwgdmVyZGFkZT8gRW50w6NvIHbDoSBwYXJhIG8gPE5BVkk+W2dhemVib108SU5GTz5iYV9tYWlzb24sMzM0LDE0MywwLDEwMSwwPC9JTkZPPjwvTkFWST4gcHJpbWVpcm8uIEVzdMOhIG1haXMgcGVydG8uIFbDoSBwb3IgZXN0ZSBjYW1pbmhvLg==,,W1Rhc3R5XQpBaCwgwr9kZSB2ZXJkYWQ/IEx1ZWdvLCB2ZSBhbCA8TkFWST5bbWlyYWRvcl08SU5GTz5iYV9tYWlzb24sMzM0LDE0MywwLDEwMSwwPC9JTkZPPjwvTkFWST4gcHJpbWVyby4gRXN0w6EgbcOhcyBjZXJjYS4gU29sbyB0aWVuZXMgcXVlIHNlZ3VpciBlc3RlIGNhbWluby4=
m4jWBw,,W1Rhc3R5XQpBbmQgZG9uJ3QgdG91Y2ggdGhlIGJyb2tlbiByZXBlYXRlci4gVGVsbCBuZWFyYnkgcm9ib3RzLCBhbmQgdGhleSdsbCB0YWtlIGNhcmUgb2YgdGhlIHRoaW5nLg==,,,,,W0RlbMOtY2lhXQpFIG7Do28gZW5jb3N0ZSBubyByZXBldGlkb3IgcXVlYnJhZG8uIENvbnRlIGFvcyByb2LDtHMgcHLDs3hpbW9zLCBlIHbDo28gZGFyIGNvbnRhIGRvIHJlY2Fkby4=,,W1Rhc3R5XQpZIG5vIHRvcXVlcyBlbCByZXBldGlkb3IgYXZlcmlhZG8uIETDrXNlbG8gYSBsb3Mgcm9ib3RzIGNlcmNhbm9zIHkgZWxsb3Mgc2UgZW5jYXJnYXLDoW4u
nIjWBw,,W1Rhc3R5XQpEbyB5b3UgaGF2ZSBhIEJhcm1lYWwgVGlja2V0PyBJdCdzIGEgbWVhbCB0aWNrZXQgeW91IGNhbiB1c2UgaW4gdGhlIGRpbmluZyBhcmVhLiBUYWtlIHRoZXNlLCBhbmQgY29tZSBiYWNrIGxhdGVyIGZvciBmb29kISBJJ2xsIGNvb2sgeW91IHNvbWV0aGluZyBnb29kISBCZWNhdXNlIEknbSBzb3JyeSE=,,,,,W0RlbMOtY2lhXQpWb2PDqiB0ZW0gdW0gQmlsaGV0ZSBkZSBDb21pZGEgZGUgQmFyPyDDiSB1bSBiaWxoZXRlIHF1ZSB2b2PDqiBwb2RlIHVzYXIgbmEgc2FsYSBkZSBqYW50YXIuIFBlZ3VlIGVzdGVzIGUgdm9sdGUgbWFpcyB0YXJkZSBwYXJhIHBlZ2FyIGNvbWlkYSEgVm91IGNvemluaGFyIGFsZ28gYmVtIGdvc3Rvc28gcGFyYSB2b2PDqiEgUG9ycXVlIGV1IHNpbnRvIG11aXRvIQ==,,W1Rhc3R5XQrCv1RpZW5lcyB1biB0aWNrZXQgZGUgQmFybWVhbD8gRXMgdW4gdGlja2V0IGRlIGNvbWlkYSBxdWUgcHVlZGVzIHV0aWxpemFyIGVuIGVsIGNvbWVkb3IuIExsw6l2YXRlIGVzdG9zLCDCoXkgdnVlbHZlIGRlc3B1w6lzIHBvciBjb21pZGEhIMKhVGUgcHJlcGFyYXLDqSBhbGdvIGJ1ZW5vISDCoVBvcnF1ZSBsbyBzaWVudG8h
nYjWBw,,W1Rhc3R5XQpTdGlsbCBub3QgZG9uZT8gQXJlIHlvdSByZWx1Y3RhbnQgdG8gZGVhbCB3aXRoIHRob3NlIHJvYm90cz8gSSBzYWlkIGRvbid0IHdvcnJ5LiBJdCBuZWVkcyB0byBiZSBkb25lLCBhbnl3YXku,,,,,W0RlbMOtY2lhXQpBaW5kYSBuw6NvIGFjYWJvdT8gRXN0w6EgcmVsdXRhbnRlIGVtIGxpZGFyIGNvbSBvcyByb2LDtHM/IEV1IGRpc3NlIHBhcmEgbsOjbyBzZSBwcmVvY3VwYXIuIFRlbSBxdWUgc2VyIGZlaXRvLg==,,W1Rhc3R5XQrCv0HDum4gbm8gdGVybWluYXN0ZT8gwr9UZSBtb2xlc3RhIHRlbmVyIHF1ZSBsaWRpYXIgY29uIGVzb3Mgcm9ib3RzPyBEaWplIHF1ZSBubyB0ZSBwcmVvY3VwZXMuIERlIHRvZG9zIG1vZG9zLCBoYXkgcXVlIGhhY2VybG8u
nojWBw,,W1Rhc3R5XQpTbyByZWxheCwgdGFrZSBjYXJlIG9mIHRoZSBicm9rZW4gcm9ib3RzLCBhbmQgYnJpbmcgXjAwMDBDRDEgUm9ib3QgQ29tbXVuaWNhdGlvbiBDaGlwXjAwMDAwMC4=,,,,,W0RlbMOtY2lhXQpQb3J0YW50bywgcmVsYXhlLCBjdWlkZSBkb3Mgcm9iw7RzIHF1ZWJyYWRvcyBlIHRyYWdhIF45MzcwREIxIENoaXAgZGUgQ29tdW5pY2HDp8OjbyBkZSBSb2LDtF4wMDAwMDAu,,W1Rhc3R5XQpBc8OtIHF1ZSByZWzDoWphdGUsIG9jw7pwYXRlIGRlIGxvcyByb2JvdHMgYXZlcmlhZG9zLCB5IHRyYWUgXjk5MDA5OTFDaGlwIGRlIGNvbXVuaWNhY2nDs24gZGUgcm9ib3ReMDAwMDAwLg==
n4jWBw,,W1Rhc3R5XQpHbyB0byB0aGUgPE5BVkk+W2dhemVib108SU5GTz5iYV9tYWlzb24sMzM0LDE0MywwLDEwMSwwPC9JTkZPPjwvTkFWST4gZmlyc3QuIEl0J3MgY2xvc2VyLiBKdXN0IGZvbGxvdyB0aGlzIHdheS4=,,,,,W0RlbMOtY2lhXQpWw6EgcGFyYSBvIDxOQVZJPltnYXplYm9dPElORk8+YmFfbWFpc29uLDMzNCwxNDMsMCwxMDEsMDwvSU5GTz48L05BVkk+IHByaW1laXJvLiBFc3TDoSBtYWlzIHBlcnRvLiBWw6EgcG9yIGVzdGUgY2FtaW5oby4=,,W1Rhc3R5XQpWZSBhbCA8TkFWST5bbWlyYWRvcl08SU5GTz5iYV9tYWlzb24sMzM0LDE0MywwLDEwMSwwPC9JTkZPPjwvTkFWST4gcHJpbWVyby4gRXN0w6EgbcOhcyBjZXJjYS4gU29sbyB0aWVuZXMgcXVlIHNlZ3VpciBlc3RlIGNhbWluby4=
oIjWBw,,W1Rhc3R5XQpXaGF0IHNob3VsZCBJIGNvb2sgdG9kYXkuLi4/IFdoYXRldmVyIEkgZGVjaWRlLCBpdCBtdXN0IGJlIHNvbWV0aGluZyBhYnNvbHV0ZWx5IGRlbGljaW91cy4=,,,,,W0RlbMOtY2lhXQpPIHF1ZSBldSBkZXZlcmlhIGNvemluaGFyIGhvamU/IE8gcXVlIHF1ZXIgcXVlIGV1IGRlY2lkYSwgZGV2ZSBzZXIgYWxnbyBhYnNvbHV0YW1lbnRlIGRlbGljaW9zby4=,,W1Rhc3R5XQrCv1F1w6kgZGViZXLDrWEgY29jaW5hciBob3nigKY/IERlY2lkYSBsbyBxdWUgZGVjaWRhLCBkZWJlIHNlciBhbGdvIGFic29sdXRhbWVudGUgZGVsaWNpb3NvLg==
oYjWBw,,UmVwZWF0ZXI=,,,,,UmVwZXRpZG9y,,UmVwZWF0ZXI=
oojWBw,,Li4uLi4u,,,,,Li4uLi4u,,4oCm
o4jWBw,,U3RhdHVzLCBub3JtYWwuIFNpZ25hbCwgc3Ryb25nLg==,,,,,U3RhdHVzIG5vcm1hbC4gU2luYWwgZm9ydGUu,,RXN0YWRvLCBub3JtYWwuIFNlw7FhbCwgZnVlcnRlLg==
pIjWBw,,U3RyYW5nZSBSb2JvdA==,,,,,Um9iw7QgRXN0cmFuaG8=,,U3RyYW5nZSBSb2JvdA==
pYjWBw,,W3t9XQpObyBvbmUncyBoZXJlLiBXaGF0IHNob3VsZCBJIGRvPyBEaWQgdGhlIHJvYm90J3MgY29tbXVuaWNhdGlvbiBjaGlwIGJyb2tlIGRvd24gYWdhaW4/,,,,,W3t9XQpPIHF1ZSBxdWVyIHF1ZSBldSBkZWNpZGEsIGRldmUgc2VyIGFsZ28gYWJzb2x1dGFtZW50ZSBkZWxpY2lvc28uIE8gcXVlIGRldm8gZmF6ZXI/IE8gY2hpcCBkZSBjb211bmljYcOnw6NvIGRvIHJvYsO0IHF1ZWJyb3Ugbm92YW1lbnRlPw==,,W3t9XQpBcXXDrSBubyBoYXkgbmFkaWUuIMK/UXXDqSBkZWJvIGhhY2VyPyDCv1NlIHZvbHZpw7MgYSBlc3Ryb3BlYXIgZWwgY2hpcCBkZSBjb211bmljYWNpw7NuIGRlbCByb2JvdD8=
pojWBw,,W3t9XQpXaGF0J3MgaW4gdGhpcyB0aGluZz8=,,,,,W3t9XQpPIHF1ZSBlc3TDoSBuZXNzYSBjb2lzYT8=,,W3t9XQrCv1F1w6kgaGF5IGVuIGVzdGEgY29zYT8=
p4jWBw,,W3t9XQpHYWFhYWghISEhIE15IGhhbmQhIQ==,,,,,W3t9XQpBYWFhYWghIE1pbmhhIG3Do28h,,W3t9XQrCocKhQWFhYWEhISDCocKhTWkgbWFubyEh
qIjWBw,,WW91ISBZb3UgY2FtZSBhZ2FpbiEgV29uJ3QgZ2V0IGF3YXkgdGhpcyB0aW1lIHRob3VnaCE=,,,,,Vm9jw6ohIFZvY8OqIHZlaW8gZGUgbm92byEgTsOjbyB2YWkgc2Ugc2FmYXIgZGVzc2EgdmV6IQ==,,wqFUw7ohIMKhVmluaXN0ZSBvdHJhIHZleiEgwqFQZXJvIGVzdGEgdmV6IG5vIHRlIGVzY2FwYXLDoXMh
qYjWBw,,W1dvcnJ5XQpZb3UhIFlvdSBjYW1lIGFnYWluISBXb24ndCBnZXQgYXdheSB0aGlzIHRpbWUsIHRob3VnaCE=,,,,,W1ByZW9jdXBhQ8OjbyFdClZvY8OqISBWb2PDqiB2ZWlvIGRlIG5vdm8hIE7Do28gdmFpIHNlIHNhZmFyIGRlc3NhIHZleiE=,,W1dvcnJ5XQrCoVTDuiEgwqFWaW5pc3RlIG90cmEgdmV6ISDCoVBlcm8gZXN0YSB2ZXogbm8gdGUgZXNjYXBhcsOhcyE=
qojWBw,,W1dvcnJ5XQpHZXQgb3V0IG9mIG15IGhlYWQgcmlnaHQgbm93ISE=,,,,,W1ByZW9jdXBhQ8OjbyFdClNhaWEgZGEgbWluaGEgY2FiZcOnYSBhZ29yYSBtZXNtbyE=,,W1dvcnJ5XQrCocKhU2FsIGRlIG1pIGNhYmV6YSBhaG9yYSBtaXNtbyEh
q4jWBw,,RXhjdXNlIG1lLi4uPw==,,,,,Q29tIGxpY2Vuw6dhPw==,,wr9EaXNjdWxwYT8=
rIjWBw,,W1dvcnJ5XQpZb3UgZGFyZSB0cnkgdG8gY29udHJvbCBtZT8=,,,,,W1ByZW9jdXBhQ8OjbyFdClZvY8OqIG91c2EgdGVudGFyIG1lIGNvbnRyb2xhcj8=,,W1dvcnJ5XQrCv1RlIGF0cmV2ZXMgYSBpbnRlbnRhciBjb250cm9sYXJtZT8=
rYjWBw,,VGhhdCdzIG5vdCBnb2luZyB0byBoYXBwZW4u,,,,,TsOjbyB2YWkgYWNvbnRlY2VyLg==,,RXNvIG5vIHZhIGEgb2N1cnJpci4=
rojWBw,,W1dvcnJ5XQpZb3Ugd2lseSB0aGluZyEgSSB3aWxsIGRlc3Ryb3kgeW91IQ==,,,,,W1ByZW9jdXBhQ8OjbyFdClN1YSBjb2lzaW5oYSBhc3R1dGEhIFZvdSBkZXN0cnVpciB2b2PDqiE=,,W1dvcnJ5XQrCoVF1w6kgY29zYSBhc3R1dGEhIMKhVGUgZGVzdHJ1aXLDqSE=
r4jWBw,,V2UnbGwgYWxsIGZhbGwgYXQgdGhpcyByYXRlIQ==,,,,,VG9kb3MgbsOzcyB2YW1vcyBjYWlyIG5lc3NlIHJpdG1vIQ==,,wqFBIGVzdGUgcGFzbyBjYWVyZW1vcyB0b2RvcyE=
sIjWBw,,W1dvcnJ5XQpZb3Ugd2FudCB0byBjb250cm9sIG1lPyBOb3QgYSBjaGFuY2UhIQ==,,,,,W1ByZW9jdXBhQ8OjbyFdClZvY8OqIHF1ZXIgbWUgY29udHJvbGFyPyBTZW0gY2hhbmNlIQ==,,W1dvcnJ5XQrCv1F1aWVyZXMgY29udHJvbGFybWU/IMKhRGUgbmluZ3VuYSBtYW5lcmEh
sYjWBw,,VWdoLCB3aGF0IGRvIEkgZG8/IFNob3VsZCBJIGp1c3QgdHVybiBiYWNrPw==,,,,,QXJnaCwgbyBxdWUgZXUgZmHDp28/IERldm8gc8OzIGRhciBtZWlhIHZvbHRhPw==,,VWhoIMK/cXXDqSBoYWdvPyDCv0RlYmVyw61hIHZvbHZlcj8=
sojWBw,,W1JhZGlzaF0KT2gsIHlvdSB3ZXJlIGhlcmUuIFdoeSBkbyB5b3Uga2VlcCB0cnlpbmcgdG8gZXNjYXBlPyBDYWxtIGRvd24gbm93Lg==,,,,,W1JhYmFuZXRlXQpBaCwgdm9jw6ogZXN0YXZhIGFxdWkuIFBvciBxdWUgdm9jw6ogZmljYSB0ZW50YW5kbyBlc2NhcGFyPyBBY2FsbWUtc2Uu,,W1JhZGlzaF0KT2gsIGVzdHV2aXN0ZSBwb3IgYWPDoS4gwr9Qb3IgcXXDqSBzaWd1ZXMgaW50ZW50YW5kbyBlc2NhcGFyPyBZYSBjw6FsbWF0ZS4=
s4jWBw,,T2theS4=,,,,,Q2VydG8u,,QnVlbm8u
tIjWBw,,W1JhZGlzaF0KV2hvIGFyZSB5b3UsIGJ5IHRoZSB3YXk/IC4uLkFuIGludHJ1ZGVyPw==,,,,,W1JhYmFuZXRlXQpRdWVtIMOpIHZvY8OqLCBhIHByb3DDs3NpdG8/IC4uLiBVbSBpbnRydXNvPw==,,W1JhZGlzaF0KUG9yIGNpZXJ0b+KApiDCv3F1acOpbiBlcmVzPywgwr91biBpbnRydXNvPw==
tYjWBw,,W1JhZGlzaF0KT2gsIHlvdSdyZSBhIGd1ZXN0LiBMaWtlIHRob3NlIGluIGZyb250IG9mIHRoZSBnYXplYm8u,,,,,W1JhYmFuZXRlXQpBaCwgdW0gY29udmlkYWRvLiBDb21vIGFxdWVsZXMgbmEgZnJlbnRlIGRvIGdhemViby4=,,W1JhZGlzaF0KT2gsIGVyZXMgdW4gaHXDqXNwZWQuIENvbW8gbG9zIHF1ZSBlc3TDoW4gZnJlbnRlIGFsIGdhemViby4=
tojWBw,,W1JhZGlzaF0KQnV0IHN0cmFuZ2UuIEkgc2hvdWxkJ3ZlIHJlY29nbml6ZWQgeW91IGltbWVkaWF0ZWx5IGFzIHlvdSdyZSBhIGd1ZXN0LiBZb3UncmUgZXZlbiByZWdpc3RlcmVkIGFzIGFuIG9mZmljaWFsIGd1ZXN0Lg==,,,,,W1JhYmFuZXRlXQpNYXMgZXN0cmFuaG8uIEV1IGRldmVyaWEgdGVyIHJlY29uaGVjaWRvIHZvY8OqIGltZWRpYXRhbWVudGUgY29tbyBjb252aWRhZG8uIEF0w6kgcmVnaXN0cmFyYW0gdm9jw6ogY29tbyBjb252aWRhZG8gb2ZpY2lhbC4=,,W1JhZGlzaF0KUGVybyBleHRyYcOxby4gRGViZXLDrWEgaGFiZXJ0ZSByZWNvbm9jaWRvIGlubWVkaWF0YW1lbnRlIHlhIHF1ZSBlcmVzIHVuIGh1w6lzcGVkLiBJbmNsdXNvIHRlIHJlZ2lzdHJhcm9uIGNvbW8gaHXDqXNwZWQgb2ZpY2lhbC4=
t4jWBw,,QWxwaGEgc2FpZCBoZSBjb3VsZG4ndCBzaGFyZSB0aGUgbmV3IGd1ZXN0IGxpc3QgYmVjYXVzZSBvZiB0aGUgYnJva2VuIHJlcGVhdGVyLg==,,,,,QWxmYSBkaXNzZSBxdWUgZWxhIG7Do28gcG9kZXJpYSBkaXZpZGlyIGEgbm92YSBsaXN0YSBkZSBjb252aWRhZG9zIHBvciBjYXVzYSBkbyByZXBldGlkb3IgcXVlYnJhZG8u,,QWxmYSBkaWpvIHF1ZSBubyBwb2TDrWEgY29tcGFydGlyIGxhIG51ZXZhIGxpc3RhIGRlIGh1w6lzcGVkZXMgZGViaWRvIGEgcXVlIGVsIHJlcGV0aWRvciBlc3TDoSBhdmVyaWFkby4=
uIjWBw,,W1JhZGlzaF0KT2gsIHNvIHRoYXQncyB0aGUgcHJvYmxlbSEhIEkgZml4IHRoZSBicm9rZW4gcmVwZWF0ZXJzIHdoZW5ldmVyIEkgc2VlIHRoZW0sIGJ1dCBpZiBJIGxvb2sgYXdheSBmb3IgZXZlbiBhIHNlY29uZCwgV29ycnkgaGVyZSBlc2NhcGVzIGFuZCBkZXN0cm95cyB0aGVtIGFnYWluLg==,,,,,W1JhYmFuZXRlXQpBaCwgZW50w6NvIMOpIGVzc2UgbyBwcm9ibGVtYSEgRXUgY29uc2VydG8gb3MgcmVwZXRpZG9yZXMgcXVlYnJhZG9zIHNlbXByZSBxdWUgdmVqbywgbWFzIHNlIGV1IGRlc3ZpYXIgbyBvbGhhciBwb3IgdW0gc2VndW5kbyBzZXF1ZXIsIGEgUHJlb2N1cGFDw6NvIGFxdWkgZXNjYXBhIGUgb3MgZGVzdHLDs2kgbm92YW1lbnRlLg==,,W1JhZGlzaF0KwqFPaCwgYXPDrSBxdWUgZXNlIGVzIGVsIHByb2JsZW1hISBSZXBhcm8gbG9zIHJlcGV0aWRvcmVzIGF2ZXJpYWRvcyBjYWRhIHZleiBxdWUgbG9zIHZlbywgcGVybyBzaSBtaXJvIGhhY2lhIG90cm8gbGFkbywgYXVucXVlIHNvbG8gc2VhIHVuIHNlZ3VuZG8sIFdvcnJ5IHNlIGVzY2FwYSB5IHZ1ZWx2ZSBhIGRlc3RydWlybG9zLg==
uYjWBw,,W1JhZGlzaF0KSSBob3BlIHNoZSBkaWRuJ3QgYml0ZSB5b3UuIFNoZSBiZWNhbWUgbGlrZSB0aGF0IHNpbmNlIF4wMDAwQ0R0aGUgaW50cnVkZXJzIGh1cnQgaGVyIGJhZGx5XjAwMDAwMC4gRXZlbiB0aG91Z2ggSSBmaXhlZCBoZXIsIHNoZSBjb250aW51ZWQgdG8gZG8gdGhpcy4=,,,,,W1JhYmFuZXRlXQpFc3Blcm8gcXVlIGVsYSBuw6NvIHRlbmhhIG1vcmRpZG8gdm9jw6ouIEVsYSBmaWNvdSBhc3NpbSBkZXNkZSBxdWUgb3MgXjkzNzBEQmludHJ1c29zIGEgZmVyaXJhbSBncmF2ZW1lbnRlXjAwMDAwMC4gTWVzbW8gcXVlIGV1IHRlbmhhIGNvbnNlcnRhZG8sIGVsYSBjb250aW51YSBmYXplbmRvIGlzc28u,,W1JhZGlzaF0KRXNwZXJvIHF1ZSBubyB0ZSBoYXlhIG1vcmRpZG8uIFNlIHB1c28gYXPDrSBkZXNkZSBxdWUgXjk5MDA5OWxvcyBpbnRydXNvcyBsYSBsYXN0aW1hcm9uIGdyYXZlbWVudGVeMDAwMDAwLiBBdW5xdWUgbGEgcmVwYXLDqSwgc2lndWnDsyBoYWNpw6luZG9sby4=
uojWBw,,W1JhZGlzaF0KVGhlcmUgYXJlIG1hbnkgb2YgdGhlbSBsaWtlIGhlci4gQXQgbGVhc3Qgc2hlIGNhbiBiZSBmaXhlZCwgYnV0IG1hbnkgb3RoZXJzIGFyZSBicm9rZW4gYmV5b25kIHJlcGFpci4=,,,,,W1JhYmFuZXRlXQpUZW0gdsOhcmlvcyBkZWxlcyBjb21vIGVsYS4gTWFzIHBlbG8gbWVub3MgZWxhIHBvZGUgc2VyIGNvbnNlcnRhZGEuIE11aXRvcyBkb3Mgb3V0cm9zIG7Do28gcG9kZW0u,,W1JhZGlzaF0KSGF5IG11Y2hvcyBjb21vIGVsbGEuIEFsIG1lbm9zIGEgZWxsYSBzZSBsZSBwdWVkZSByZXBhcmFyLCBwZXJvIGEgbXVjaG9zIG90cm9zIHlhIG5vLg==
u4jWBw,,W1JhZGlzaF0KU3VjaCByb2JvdHMgXjAwMDBDRHdhbmRlciBhcm91bmQgYW5kIHRyeSB0byBkZXN0cm95IHRoZSBtYW5zaW9uXjAwMDAwMC4gKlNpZ2gqIEl0IHdhcyB3YXkgd29yc2UgaW4gdGhlIHBhc3Qu,,,,,W1JhYmFuZXRlXQpFc3NlcyByb2LDtHMgXjkzNzBEQmZpY2FtIHZhZ2FuZG8gZSB0ZW50YSBkZXN0cnVpciBhIG1hbnPDo29eMDAwMDAwLiAqU3VzcGlybyogRXJhIGJlbSBwaW9yIGFudGVzLg==,,W1JhZGlzaF0KRXNvcyByb2JvdHMgXjk5MDA5OWRlYW1idWxhbiB5IHRyYXRhbiBkZSBkZXN0cnVpciBsYSBtYW5zacOzbl4wMDAwMDAuICpTdXNwaXJhKiBFcmEgbXVjaG8gcGVvciBlbiBlbCBwYXNhZG8u
vIjWBw,,W1JhZGlzaF0KQW55d2F5LCBJJ20gc29ycnkgZm9yIGRpc3R1cmJpbmcgeW91ciByZXN0LiBFbmpveSB0aGUgZ2FyZGVuIG9mIEJhcm11bmQgTWFuc2lvbi4=,,,,,W1JhYmFuZXRlXQpFbmZpbSwgc2ludG8gbXVpdG8gcG9yIHBlcnR1cmJhciBzZXUgZGVzY2Fuc28uIEFwcm92ZWl0ZSBvIGphcmRpbSBkYSBNYW5zw6NvIFZhcm11bnQu,,W1JhZGlzaF0KRW4gZmluLCBzaWVudG8gaGFiZXIgcGVydHVyYmFkbyB0dSBkZXNjYW5zby4gRGlzZnJ1dGEgZGVsIGphcmTDrW4gZGUgbGEgTWFuc2nDs24gVmFybXVuZHQu
vYjWBw,,W1dvcnJ5XQpXaGF0IGFyZSB5b3UhPw==,,,,,W1ByZW9jdXBhQ8OjbyFdCk8gcXVlIMOpIHZvY8OqPyE=,,W1dvcnJ5XQrCocK/UXXDqSBlcmVzPyE=
vojWBw,,U2F5IHNvbWV0aGluZyE=,,,,,RGlnYSBhbGd1bWEgY29pc2Eh,,wqFEaSBhbGdvIQ==
v4jWBw,,W1dvcnJ5XQpIZXksIGdldCBvdXQgb2YgbXkgaGVhZCEgTm8/IFRoZW4sIEknbGwgZ28gb3V0IQ==,,,,,W1ByZW9jdXBhQ8OjbyFdCkVpLCBzYWlhIGRhIG1pbmhhIGNhYmXDp2EhIE7Do28/IEVudMOjbyBldSB2b3Ugc2FpciE=,,W1dvcnJ5XQrCoVNhbCBkZSBtaSBjYWJlemEhIMK/Tm8/IMKhRW50b25jZXMsIHZveSBhIHNhbGlyIQ==
wIjWBw,,W1JhZGlzaF0KSGV5LCBkb24ndCB0cnkgdG8gcmlwIHlvdXIgaGVhZCBhcGFydC4=,,,,,W1JhYmFuZXRlXQpFaSwgbsOjbyB0ZW50ZSBkZXN0cnVpciBzdWEgY2FiZcOnYS4=,,W1JhZGlzaF0KT3llLCBubyBpbnRlbnRlcyBhcnJhbmNhcnRlIGxhIGNhYmV6YS4=
wYjWBw,,T2gsIG15LCB5b3Ugc2hvdWxkIGZpeCBoZXIgZmFzdC4=,,,,,QWgsIG5vc3NhLCBtZWxob3Igdm9jw6ogY29uc2VydGFyIGVsYSByw6FwaWRvLg==,,T2gsIHBvciB0b2RvcyBsb3MgY2llbG9zLCBkZWJlcsOtYXMgcmVwYXJhcmxhIHLDoXBpZG8u
wojWBw,,W1dvcnJ5XQpXaGF0IGFyZSB5b3U/IEFyZSB5b3UgcGl0eWluZyBtZT8=,,,,,W1ByZW9jdXBhQ8OjbyFdCk8gcXVlIHZvY8OqIMOpPyBFc3TDoSBjb20gcGVuYSBkZSBtaW0/,,W1dvcnJ5XQrCv1F1w6kgZXJlcz8gwr9UZSBjb21wYWRlY2VzIGRlIG3DrT8=
w4jWBw,,QXJlIHlvdSBvbmUgb2YgdGhlbSB0b28/,,,,,Vm9jw6ogw6kgdW0gZGVsZXMgdGFtYsOpbT8=,,wr9Uw7ogdGFtYmnDqW4gZXJlcyB1bm8gZGUgZWxsb3M/
xIjWBw,,W1JhZGlzaF0KSGV5LCB0aGF0IHBlcnNvbiBpcyBub3QgYW4gaW50cnVkZXIgYnV0IGEgZ3Vlc3QuIExldCB0aGVtIGVuam95Lg==,,,,,W1JhYmFuZXRlXQpFaSwgYXF1ZWxhIHBlc3NvYSBuw6NvIMOpIHVtIGludHJ1c28sIMOpIGNvbnZpZGFkby4gRGVpeGUgcXVlIGFwcm92ZWl0ZS4=,,W1JhZGlzaF0KT3llLCBlc2EgcGVyc29uYSBubyBlcyB1biBpbnRydXNvLCBzaW5vIHVuIGh1w6lzcGVkLiBEZWphIHF1ZSBkaXNmcnV0ZS4=
xYjWBw,,W1JhZGlzaF0KSSdsbCBmaXggdGhlIHJlcGVhdGVyIHNvb24uIEknbSBzdXJlIHNoZSdsbCBlc2NhcGUgYW5kIGJyZWFrIGl0IGFnYWluLCBidXQgSSBjYW4gZml4IGl0IGFnYWluIHRoZW4u,,,,,W1JhYmFuZXRlXQpWb3UgY29uc2VydGFyIG8gcmVwZXRpZG9yIGxvZ28uIFRlbmhvIGNlcnRlemEgZGUgcXVlIGVsYSB2YWkgZXNjYXBhciBlIHF1ZWJyYXIgZGUgbm92bywgbWFzIHBvc3NvIGNvbnNlcnRhciBub3ZhbWVudGUu,,W1JhZGlzaF0KUmVwYXJhcsOpIGVsIHJlcGV0aWRvciBwcm9udG8uIFNlZ3VybyBxdWUgc2UgZXNjYXBhIHkgc2UgZXN0cm9wZWEgZGUgbnVldm8sIHBlcm8gZW50b25jZXMgcG9kcsOpIHZvbHZlciBhIGFycmVnbGFybG8u
xojWBw,,W1JhZGlzaF0KVGhhbmsgeW91IGZvciBub3RpZnlpbmcgbWUgaW4gcGVyc29uLiBJdCdzIG5vdCBtdWNoIGJ1dCB0YWtlIHRoZXNlLiBJcyB0aGVyZSBhbnkgb3RoZXIgcGxhY2Ugd2l0aCBhIGJyb2tlbiByZXBlYXRlcj8gSSBhc3N1bWUgdGhlcmUncyBtb3JlIHRoYW4gb25lLg==,,,,,W1JhYmFuZXRlXQpBZ3JhZGXDp28gcG9yIG1lIGF2aXNhciBlbSBwZXNzb2EuIE7Do28gw6kgbXVpdG8sIG1hcyBwZWd1ZSBpc3NvLiBUZW0gb3V0cm8gbHVnYXIgY29tIHJlcGV0aWRvcmVzIHF1ZWJyYWRvcz8gUHJlc3VtbyBxdWUgdGVuaGEgbWFpcyBxdWUgdW0u,,W1JhZGlzaF0KR3JhY2lhcyBwb3Igbm90aWZpY8Ohcm1lbG8gZW4gcGVyc29uYS4gTm8gZXMgbXVjaG8sIHBlcm8gbGzDqXZhdGUgZXN0b3MuIMK/SGF5IGFsZ8O6biBvdHJvIGx1Z2FyIGNvbiB1biByZXBldGlkb3IgYXZlcmlhZG8/IFN1cG9uZ28gcXVlIGhheSBtw6FzIGRlIHVuby4=
x4jWBw,,VGhlIGdhcmRlbiBpbiBmcm9udCBvZiB0aGUgbWFuc2lvbi4=,,,,,TyBqYXJkaW0gbmEgZnJlbnRlIGRhIG1hbnPDo28u,,RWwgamFyZMOtbiBmcmVudGUgYSBsYSBtYW5zacOzbi4=
yIjWBw,,W1JhZGlzaF0KT2gsIHRoYXQncyBub3Qgd29ya2luZyB0b28/IFRvIGdvIHRvIHRoZSA8TkFWST5bY2VudHJhbCBnYXJkZW5dPElORk8+YmFfbWFpc29uLDI0NSwyMDYsMCwxMDEsMDwvSU5GTz48L05BVkk+LCBmb2xsb3cgdGhpcyB3YXkgdXAgYW5kIHR1cm4gbGVmdC4=,,,,,W1JhYmFuZXRlXQpBaCwgdGFtYsOpbSBuw6NvIGVzdMOhIGZ1bmNpb25hbmRvPyBFbnTDo28gdsOhIHBhcmEgbyA8TkFWST5bamFyZGltIGNlbnRyYWxdPElORk8+YmFfbWFpc29uLDI0NSwyMDYsMCwxMDEsMDwvSU5GTz48L05BVkk+LCBzaWdhIHBhcmEgY2ltYSBlIHZpcmUgw6AgZXNxdWVyZGEu,,W1JhZGlzaF0Kwr9UYW1wb2NvIGZ1bmNpb25hPyBQYXJhIGlyIGFsIDxOQVZJPltqYXJkw61uIGNlbnRyYWxdPElORk8+YmFfbWFpc29uLDI0NSwyMDYsMCwxMDEsMDwvSU5GTz48L05BVkk+IHNpZ3VlIGVzdGUgY2FtaW5vIGhhY2lhIGFycmliYSB5IGdpcmEgYSBsYSBpenF1aWVyZGEu
yYjWBw,,W1JhZGlzaF0KTGV0J3MgZ28sIFdvcnJ5Lg==,,,,,W1JhYmFuZXRlXQpWYW1vcywgUHJlb2N1cGFDw6NvLg==,,W1JhZGlzaF0KVmFtb3MsIFdvcnJ5Lg==
yojWBw,,V29vZiE=,,,,,QXUh,,wqFHdWF1IQ==
y4jWBw,,W3t9XQpTaGUgc2FpZCB0byBnbyB0byB0aGUgPE5BVkk+W2NlbnRyYWwgZ2FyZGVuXTxJTkZPPmJhX21haXNvbiwyNDUsMjA2LDAsMTAxLDA8L0lORk8+PC9OQVZJPiwgZm9sbG93IHRoaXMgd2F5IHVwIGFuZCB0dXJuIGxlZnQu,,,,,W3t9XQpFbGEgZGlzc2UgcGFyYSBpciBwYXJhIG8gPE5BVkk+W2phcmRpbSBjZW50cmFsXTxJTkZPPmJhX21haXNvbiwyNDUsMjA2LDAsMTAxLDA8L0lORk8+PC9OQVZJPiwgc2lnYSBwYXJhIGNpbWEgZSB2aXJlIMOgIGVzcXVlcmRhLg==,,W3t9XQpNZSBkaWpvIHF1ZSBmdWVyYSBhbCA8TkFWST5bamFyZMOtbiBjZW50cmFsXTxJTkZPPmJhX21haXNvbiwyNDUsMjA2LDAsMTAxLDA8L0lORk8+PC9OQVZJPiwgc2lnYSBlc3RlIGNhbWlubyBoYWNpYSBhcnJpYmEgeSBnaXJlIGEgbGEgaXpxdWllcmRhLg==
zIjWBw,,V29ycnk=,,,,,UHJlb2N1cGFDw6Nv,,V29ycnk=
zYjWBw,,UmFkaXNo,,,,,UmFiYW5ldGU=,,UmFkaXNo
zojWBw,,Q2FnZXk=,,,,,Q2FnZXk=,,Q2FnZXk=
z4jWBw,,W0NhZ2V5XQpEb24ndCBjb21lIGFueSBjbG9zZXIhIE9ubHkgYXV0aG9yaXplZCBwZW9wbGUgbWF5IGFwcHJvYWNoIGhlcmUu,,,,,W0NhZ2V5XQpOZW0gY2hlZ3VlIHBlcnRvISBBcGVuYXMgcGVzc29hcyBhdXRvcml6YWRhcyBwb2RlbSBzZSBhcHJveGltYXIu,,W0NhZ2V5XQrCoU5pIHVuIHBhc28gbcOhcyEgU29sbyBsYXMgcGVyc29uYXMgYXV0b3JpemFkYXMgcHVlZGVuIGFjZXJjYXJzZSBhcXXDrS4=
0IjWBw,,QWgsIEknbS4uLg==,,,,,QWgsIGV1Li4u,,QWgsIHlv4oCm
0YjWBw,,W0NhZ2V5XQpJJ20gbm90IGN1cmlvdXMsIG5vciBkbyBJIGhhdmUgdG8ga25vdy4gVGhpcyBpcyBhIHJlc3RyaWN0ZWQgem9uZS4gUHV0IHlvdXIgaGFuZHMgdXAgYW5kIHN0ZXAgYXdheS4=,,,,,W0NhZ2V5XQpOw6NvIHRlbmhvIGN1cmlvc2lkYWRlLCBlIG5lbSBwcmVjaXNvIHNhYmVyLiBJc3NvIMOpIHVtYSB6b25hIHJlc3RyaXRhLiBDb2xvcXVlIHN1YXMgbcOjb3MgcGFyYSBjaW1hIGUgc2UgYWZhc3RlLg==,,W0NhZ2V5XQpObyB0ZW5nbyBjdXJpb3NpZGFkLCBuaSB0ZW5nbyBwb3IgcXXDqSBzYWJlcmxvLiBFc3RhIGVzIHVuYSB6b25hIHJlc3RyaW5naWRhLiBMZXZhbnRhIGxhcyBtYW5vcyB5IGFsw6lqYXRlLg==
0ojWBw,,W0NhZ2V5XQpEb24ndCBldmVuIHRoaW5rIGFib3V0IHB1bGxpbmcgb3V0IGEgd2VhcG9uLiBJJ20gZmFzdGVyLiBUaHJvdWdoIHdoZXJlIGRpZCB5b3UgY29tZSBpbj8=,,,,,W0NhZ2V5XQpOZW0gcGVuc2UgZW0gcHV4YXIgdW1hIGFybWEuIFNvdSBtYWlzIHZlbG96LiBNYXMgcG9yIG9uZGUgdm9jw6ogZW50cm91Pw==,,W0NhZ2V5XQpOaSBzZSB0ZSBvY3VycmEgc2FjYXIgdW4gYXJtYS4gU295IG3DoXMgcsOhcGlkby4gwr9Qb3IgZMOzbmRlIGVudHJhc3RlPw==
04jWBw,,VGhlIHNld2VyIHBpcGUuIEJ1dCBJJ20uLi4=,,,,,UGVsbyBjYW5vIGRvIGVzZ290by4gTWFzIGV1Li4u,,UG9yIGxhIHR1YmVyw61hIGRlbCBhbGNhbnRhcmlsbGFkby4gUGVybyB5b+KApg==
1IjWBw,,W0NhZ2V5XQpTZXdlciBwaXBlLiBTdGF5IHRoZXJlIHVudGlsIHNlY3VyaXR5IGNvbWVzIHRvIHRha2UgeW91Lg==,,,,,W0NhZ2V5XQpDYW5vIGRlIGVzZ290by4gRmlxdWUgYXF1aSBhdMOpIGEgc2VndXJhbsOnYSB2aXIgdGUgcGVnYXIu,,W0NhZ2V5XQpFbCBhbGNhbnRhcmlsbGFkby4gUXXDqWRhdGUgYWjDrSBoYXN0YSBxdWUgc2VndXJpZGFkIHRlIHNhcXVlIGRlIGFxdcOtLg==
1YjWBw,,QXJlYSA0LiBDYWxsaW5nIGFyZWEgNC4=,,,,,w4FyZWEgNC4gQ2hhbWFuZG8gw6FyZWEgNC4=,,Wm9uYSA0LiBMbGFtYW5kbyBhIGxhIHpvbmEgNC4=
1ojWBw,,U2VjdXJpdHkgT2ZmaWNlOiBUaGlzIGlzIGFyZWEgNC4gU3RhdGUgeW91ciBzaXR1YXRpb24u,,,,,R2FiaW5ldGUgZGUgc2VndXJhbsOnYTogQXF1aSDDqSBhIMOhcmVhIDQuIENvbXVuaXF1ZSBzdWEgc2l0dWHDp8Ojby4=,,T2ZpY2luYSBkZSBzZWd1cmlkYWQ6IEVzdGEgZXMgbGEgem9uYSA0LiBFeHBsaWNhIHR1IHNpdHVhY2nDs24u
14jWBw,,VGhlcmUgaXMgYW4gaW50cnVkZXIgaW4gYXJlYSA3LiBJJ20gY2FsbGluZyBmb3IgYXNzaXN0YW5jZS4gT3Zlci4=,,,,,VGVtIHVtIGludHJ1c28gbmEgw6FyZWEgNy4gRXN0b3Ugc29saWNpdGFuZG8gYXNzaXN0w6puY2lhLiBDw6JtYmlvLg==,,SGF5IHVuIGludHJ1c28gZW4gbGEgem9uYSA3LiBMbGFtbyBwYXJhIHNvbGljaXRhciBhcG95by4gQ2FtYmlvLg==
2IjWBw,,U2VjdXJpdHkgT2ZmaWNlOiBBbGwgaW50cnVkZXJzIGhhdmUgYmVlbiByZXBlbGxlZC4gTm8gbW9yZSBwYXRyb2wgaXMgbmVlZGVkLiBPdmVyLg==,,,,,R2FiaW5ldGUgZGUgc2VndXJhbsOnYTogVG9kb3Mgb3MgaW50cnVzb3MgZm9yYW0gcmVwZWxpZG9zLiBBIHBhdHJ1bGhhIG7Do28gw6kgbWFpcyBuZWNlc3PDoXJpYS4gQ8OibWJpby4=,,T2ZpY2luYSBkZSBzZWd1cmlkYWQ6IFRvZG9zIGxvcyBpbnRydXNvcyBmdWVyb24gcmVwZWxpZG9zLiBObyBlcyBuZWNlc2FyaW8gcGF0cnVsbGFyIG3DoXMuIENhbWJpby4=
2YjWBw,,V2hhdD8gVGhlcmUncyBvbmUgcmlnaHQgaW4gZnJvbnQgb2YgbWUhIEFyZWEgND8gQXJlYSA0IT8=,,,,,TyBxdcOqPyBUZW0gdW0gYmVtIG5hIG1pbmhhIGZyZW50ZSEgw4FyZWEgND8gw4FyZWEgND8h,,wr9RdcOpPyDCoUhheSB1bm8ganVzdG8gZGVsYW50ZSBkZSBtw60hIMK/Wm9uYSA0PyDCocK/Wm9uYSA0PyE=
2ojWBw,,U2VjdXJpdHkgT2ZmaWNlOiAuLi4uLi4=,,,,,R2FiaW5ldGUgZGUgc2VndXJhbsOnYTogLi4uLi4u,,T2ZpY2luYSBkZSBTZWd1cmlkYWQ6IOKApg==
24jWBw,,W0NhZ2V5XQpBIGd1ZXN0PyBUaGVyZSBpcyBubyB3YXkgSSBkb24ndCByZWNvZ25pemUgeW91IGlmIHRoYXQncyB0aGUgY2FzZS4=,,,,,W0NhZ2V5XQpDb252aWRhcmFtIHZvY8OqPyBOw6NvIHRlbSBjb21vIGV1IG7Do28gdGUgcmVjb25oZWNlciBzZSBmb3IgZXNzZSBvIGNhc28u,,W0NhZ2V5XQrCv0h1w6lzcGVkPyBFcyBpbXBvc2libGUgcXVlIG5vIHRlIHJlY29ub3pjYSBzaSBlcyBhc8OtLg==
3IjWBw,,QnV0IGl0J3MgcmVhbC4uLg==,,,,,TWFzIMOpIHZlcmRhZGUuLi4=,,UGVybyBlcyByZWFs4oCm
3YjWBw,,W0NhZ2V5XQpJIHdpbGwgY2hlY2sgaXQuIERvIG5vdCBtb3ZlIGZyb20gdGhhdCBzcG90Lg==,,,,,W0NhZ2V5XQpWb3UgdmVyaWZpY2FyLiBOw6NvIHNhaWEgZGUgb25kZSB2b2PDqiBlc3TDoS4=,,W0NhZ2V5XQpMbyBjb21wcm9iYXLDqS4gTm8gdGUgbXVldmFzIGRlIHR1IHBvc2ljacOzbi4=
3ojWBw,,W0NhZ2V5XQpPaCwgeW91IHJlYWxseSBhcmUgYSBndWVzdC4gQW4gaG9ub3JlZCBndWVzdCB3aG8gY2FuIGVudGVyIGV2ZXJ5IGFyZWEgb2YgdGhlIG1hbnNpb24sIGF0IHRoYXQuLi4gSSBhcG9sb2dpemUuIFBsZWFzZSBmb3JnaXZlIG1lIGZvciBteSBydWRlbmVzcy4=,,,,,W0NhZ2V5XQpBaCwgdm9jw6ogw6kgbWVzbW8gY29udmlkYWRvLiBVbSBjb252aWRhZG8gZGUgaG9ucmEgcXVlIHBvZGUgZW50cmFyIGVtIHRvZGFzIGFzIMOhcmVhcyBkYSBtYW5zw6NvLi4uIFBlw6dvIGRlc2N1bHBhcy4gUGVyZG9lIG1pbmhhIGdyb3NzZXJpYS4=,,W0NhZ2V5XQpPaCwgcmVhbG1lbnRlIGVyZXMgdW4gaHXDqXNwZWQuIFVuIGh1w6lzcGVkIGRlIGhvbm9yIHF1ZSBwdWVkZSBlbnRyYXIgZW4gdG9kYXMgbGFzIHpvbmFzIGRlIGxhIG1hbnNpw7NuLCBlbiBlc2XigKYgVGUgcGlkbyBkaXNjdWxwYXMuIERpc2PDumxwYW1lIHBvciBtaSBkZXNjb3J0ZXPDrWEu
34jWBw,,WW91IGF0dGFja2VkIG1lIHJpZ2h0IGF3YXku,,,,,Vm9jw6ogbWUgYXRhY291IGltZWRpYXRhbWVudGUu,,TWUgYXRhY2FzdGUgc2luIGF2aXNvLg==
4IjWBw,,W0NhZ2V5XQpBdHRhY2s/IERpZCBJPyBJIG9ubHkgZm9sbG93ZWQgdGhlIGludHJ1ZGVyIG1hbnVhbC4gT2gsIGRpZCB0aGF0IGZlZWwgbGlrZSBJIHdhcyBhdHRhY2tpbmcgeW91Pw==,,,,,W0NhZ2V5XQpBdGFjYXI/IEV1PyBTw7Mgc2VndWkgbyBtYW51YWwgZGUgaW5zdHJ1w6fDtWVzIGRvIGludmFzb3IuIEFoLCBwYXJlY2V1IHF1ZSBldSBlc3RhdmEgdGUgYXRhY2FuZG8/,,W0NhZ2V5XQrCv0F0YXF1ZT8gwr9MbyBoaWNlPyBTb2xvIHNlZ3XDrSBlbCBtYW51YWwgZGVsIGludHJ1c28uIE9oLCDCv3RlIHBhcmVjacOzIHF1ZSB0ZSBlc3RhYmEgYXRhY2FuZG8/
4YjWBw,,Tm8uLi4=,,,,,TsOjby4uLg==,,Tm/igKY=
4ojWBw,,W0NhZ2V5XQpJIGFwb2xvZ2l6ZSBhZ2Fpbi4gSSBoYXZlIGJlZW4gbW9yZSBlZGd5IGFuZCBzdXNwaWNpb3VzIHRoZXNlIGRheXMgYmVjYXVzZSBvZiB0aGUgaW50cnVkZXJzLCBzbyBJIHJlYWN0ZWQgc3Ryb25nbHkgd2hlbiBJIHNhdyBhbiB1bmlkZW50aWZpZWQgaHVtYW4u,,,,,W0NhZ2V5XQpTaW50byBtdWl0byBub3ZhbWVudGUuIFVsdGltYW1lbnRlIGV1IGVzdGl2ZSB1bWEgcGlsaGEgZGUgbmVydm9zIHBvciBjYXVzYSBkb3MgaW50cnVzb3MsIHBvciBpc3NvIHJlYWdpIGZvcnRlbWVudGUgcXVhbmRvIHZpIHVtIGh1bWFub2lkZSBuw6NvIGlkZW50aWZpY2Fkby4=,,W0NhZ2V5XQpUZSBwaWRvIGRpc2N1bHBhcyBkZSBudWV2by4gSGUgZXN0YWRvIG3DoXMgaXJyaXRhYmxlIHkgZGVzY29uZmlhZG8gZXN0b3MgZMOtYXMgcG9yIGxvcyBpbnRydXNvcywgYXPDrSBxdWUgcmVhY2Npb27DqSBjb24gZnVlcnphIGN1YW5kbyB2aSBhIHVuIGh1bWFubyBubyBpZGVudGlmaWNhZG8u
44jWBw,,W0NhZ2V5XQpCdXQgaG93IGRpZCB5b3UgYmVjb21lIGFuIGhvbm9yZWQgZ3Vlc3Qgd2hvIGNhbiB1c2UgZXZlcnl0aGluZyBpbiB0aGUgbWFuc2lvbj8gVXN1YWxseSwgZ3Vlc3RzIGFyZSBvbmx5IGFsbG93ZWQgdG8gdXNlIGNlcnRhaW4gYXJlYXMu,,,,,W0NhZ2V5XQpNYXMgY29tbyB2b2PDqiBzZSB0b3Jub3UgdW0gY29udmlkYWRvIGRlIGhvbnJhIHF1ZSBwb2RlIHVzYXIgdHVkbyBuYSBtYW5zw6NvPyBOb3JtYWxtZW50ZSwgY29udmlkYWRvcyBzw7MgcG9kZW0gdXNhciBjZXJ0YXMgw6FyZWFzLg==,,W0NhZ2V5XQrCv1Blcm8gY8OzbW8gdGUgY29udmVydGlzdGUgZW4gdW4gaHXDqXNwZWQgZGUgaG9ub3IgcXVlIHB1ZWRlIHV0aWxpemFyIHRvZG8gbG8gcXVlIGhheSBlbiBsYSBtYW5zacOzbj8gTm9ybWFsbWVudGUsIGxvcyBodcOpc3BlZGVzIHNvbG8gcHVlZGVuIGFjY2VkZXIgYSBkZXRlcm1pbmFkYXMgem9uYXMu
5IjWBw,,W0NhZ2V5XQpJZiB5b3UncmUgc3VjaCBhbiBob25vcmVkIGd1ZXN0LCBJIHNob3VsZCBoYXZlIHNlZW4geW91ciBuYW1lIG9uIHRoZSBsaXN0IHNvb25lci4=,,,,,W0NhZ2V5XQpTZSB2b2PDqiDDqSB0w6NvIGltcG9ydGFudGUsIGV1IGRldmVyaWEgdGVyIHZpc3RvIHNldSBub21lIG5hIGxpc3RhIG1haXMgY2Vkby4=,,W0NhZ2V5XQpTaSBlcmVzIHVuIGh1w6lzcGVkIGRlIGhvbm9yLCBkZWJlcsOtYSBoYWJlciB2aXN0byB0dSBub21icmUgZW4gbGEgbGlzdGEgYW50ZXMu
5YjWBw,,SXQncyBiZWNhdXNlIG9mIHRoZSByZXBlYXRlci4=,,,,,w4kgcG9yIGNhdXNhIGRvIHJlcGV0aWRvci4=,,RXMgcG9yIGVsIHJlcGV0aWRvci4=
5ojWBw,,W0NhZ2V5XQpUaGUgcmVwZWF0ZXI/IFRoZSByZXBlYXRlciBoZXJlIHdvcmtzIGZpbmUuLi4=,,,,,W0NhZ2V5XQpPIHJlcGV0aWRvcj8gTyByZXBldGlkb3IgZGFxdWkgZXN0w6EgZnVuY2lvbmFuZG8uLi4=,,W0NhZ2V5XQrCv0VsIHJlcGV0aWRvcj8gRWwgcmVwZXRpZG9yIGFxdcOtIGZ1bmNpb25hIGJpZW7igKY=
54jWBw,,W0NhZ2V5XQpXYWl0LCB0aGlzIGlzIG5vdCBkb3duLiBeMDAwMENEVGhlIGNoYW5uZWwgZ290IGhhY2tlZF4wMDAwMDAhIEhvdz8gV2hlbj8=,,,,,W0NhZ2V5XQpFc3BlcmEsIG7Do28gZXN0w6EgbsOjby4gXjkzNzBEQk8gY2FuYWwgZm9pIGhhY2tlYWRvXjAwMDAwMCEgQ29tbz8gUXVhbmRvPw==,,W0NhZ2V5XQpFc3BlcmEsIGVzdG8gbm8gZXN0w6EgY2HDrWRvLiBeOTkwMDk5wqFFbCBjYW5hbCBmdWUgaGFja2VhZG9eMDAwMDAwISDCv0PDs21vPyDCv0N1w6FuZG8/
6IjWBw,,SGFja2VkPw==,,,,,SGFja2VhZG8/,,wr9IYWNrZWFkbz8=
6YjWBw,,W0NhZ2V5XQpJdCBoYXBwZW5zIHNvbWV0aW1lcy4gU29tZSBpbnRydWRlcnMgZmlndXJlIG91dCB0aGUgZmFjdCB0aGF0IHJvYm90cyBpbiB0aGUgbWFuc2lvbiBleGNoYW5nZSBzaWduYWxzIHRocm91Z2ggdGhlIHJlcGVhdGVyczsgdGhleSB0cnkgdG8gXjAwMDBDRGhhY2sgdGhlIHJlcGVhdGVyc14wMDAwMDAgdG8gY29udHJvbCB0aGUgcm9ib3RzIG9yIHNweSB0aGUgbWFuc2lvbi4=,,,,,W0NhZ2V5XQpBY29udGVjZS4gQWxndW5zIGludHJ1c29zIGRlc2NvYnJlbSBxdWUgb3Mgcm9iw7RzIGRhIG1hbnPDo28gdHJvY2FtIHNpbmFpcyBwb3IgbWVpbyBkb3MgcmVwZXRpZG9yZXM7IGVsZXMgdGVudGFtIF45MzcwREJoYWNrZWFyIG9zIHJlcGV0aWRvcmVzXjAwMDAwMCBwYXJhIGNvbnRyb2xhciBvcyByb2LDtHMgb3UgZXNwaW9uYXIgYSBtYW5zw6NvLg==,,W0NhZ2V5XQpBIHZlY2VzIHBhc2EuIEFsZ3Vub3MgaW50cnVzb3MgZGVzY3VicmVuIHF1ZSBsb3Mgcm9ib3RzIGRlIGxhIG1hbnNpw7NuIGludGVyY2FtYmlhbiBzZcOxYWxlcyBhIHRyYXbDqXMgZGUgbG9zIHJlcGV0aWRvcmVzOyBpbnRlbnRhbiBeOTkwMDk5aGFja2VhciBsb3MgcmVwZXRpZG9yZXNeMDAwMDAwIHBhcmEgY29udHJvbGFyIGxvcyByb2JvdHMgbyBlc3BpYXIgbGEgbWFuc2nDs24u
6ojWBw,,W0NhZ2V5XQpJdCBzZWVtcyB0aGVyZSBhcmUgcmVtYWluaW5nIGludHJ1ZGVycyBpbiB0aGUgbWFuc2lvbi4gSSB3aWxsIHNlYXJjaCB0aG9yb3VnaGx5Lg==,,,,,W0NhZ2V5XQpQYXJlY2UgcXVlIGFpbmRhIHRlbSBpbnRydXNvcyBuYSBtYW5zw6NvLiBWb3UgcHJvY3VyYXIgYmFzdGFudGUu,,W0NhZ2V5XQpQYXJlY2UgcXVlIHF1ZWRhbiBpbnRydXNvcyBlbiBsYSBtYW5zacOzbi4gQnVzY2Fyw6kgYSBmb25kby4=
64jWBw,,W0NhZ2V5XQpPbmUgb2YgdGhlIHBhc3QgZ3Vlc3RzIHdlbnQgYWJzb2x1dGVseSBldmVyeXdoZXJlIGluIHRoZSBtYW5zaW9uLiBCZWNhdXNlIG9mIHRoYXQsIHdlIGxldCBvdXIgZ3VhcmQgZG93biBmb3IgdGhlIGludHJ1ZGVycyBhdCBmaXJzdCwgdGhpbmtpbmcgdGhleSB3ZXJlIHRoYXQga2luZCBvZiBndWVzdC4=,,,,,W0NhZ2V5XQpVbSBkb3MgY29udmlkYWRvcyBhbnRlcmlvcmVzIGlhIGEgdG9kb3Mgb3MgbHVnYXJlcyBkYSBtYW5zw6NvLiBQb3IgaXNzbywgYmFpeGFtb3MgYSBndWFyZGEgcGFyYSBvcyBpbnRydXNvcyBubyBpbsOtY2lvLCBwZW5zYW5kbyBxdWUgZWxlcyBlcmFtIGVzc2UgdGlwbyBkZSBjb252aWRhZG8u,,W0NhZ2V5XQpVbm8gZGUgbG9zIGh1w6lzcGVkZXMgYW50ZXJpb3JlcyBlc3R1dm8gcG9yIGFic29sdXRhbWVudGUgdG9kYSBsYSBtYW5zacOzbi4gUG9yIGVzbywgYWwgcHJpbmNpcGlvIGJhamFtb3MgbGEgZ3VhcmRpYSBhbnRlIGxvcyBpbnRydXNvcywgcGVuc2FuZG8gcXVlIGVyYW4gZXNlIHRpcG8gZGUgaHXDqXNwZWRlcy4=
7IjWBw,,W0NhZ2V5XQpCdXQgdGhleSB3ZXJlIGluZGVlZCBpbnRydWRlcnMuIFVubGlrZSB0aGF0IGN1cmlvdXMgZ3Vlc3QsIHRoZXkgZ290IGludG8gZXZlcnkgcGFydCBvZiB0aGUgbWFuc2lvbiBhbmQgY29uZHVjdGVkIGV2ZXJ5IGtpbmQgb2Ygd3Jvbmdkb2luZy4gSHVtYW5zIGNhbGwgdGhhdCBraW5kIG9mIHBlb3BsZSB0aGllZiBidWdzLCBkb24ndCB0aGV5Pw==,,,,,W0NhZ2V5XQpNYXMgZXJhbSBtZXNtbyBpbnRydXNvcy4gQW8gY29udHLDoXJpbyBkYXF1ZWxlIGNvbnZpZGFkbyBjdXJpb3NvLCBlbGVzIGVudHJhdmFtIGVtIHRvZGFzIGFzIHBhcnRlcyBkYSBtYW5zw6NvIGUgY29tZXRpYW0gdG9kbyB0aXBvIGRlIGRlbGl0by4gSHVtYW5vaWRlcyBjaGFtYW0gZXNzZSB0aXBvIGRlIHBlc3NvYSBkZSBCZXNvdXJvLUxhZHLDo28sIG7Do28gw6k/,,W0NhZ2V5XQpQZXJvIHPDrSBxdWUgZXJhbiBpbnRydXNvcy4gQSBkaWZlcmVuY2lhIGRlIGFxdWVsIGN1cmlvc28gaHXDqXNwZWQsIHNlIG1ldGllcm9uIGVuIHRvZG9zIGxvcyByaW5jb25lcyBkZSBsYSBtYW5zacOzbiB5IGNvbWV0aWVyb24gdG9kbyB0aXBvIGRlIGZlY2hvcsOtYXMuIExvcyBodW1hbm9zIGxsYW1hbiBhIGVzZSB0aXBvIGRlIGdlbnRlIGJpY2hvcyBsYWRyb25lcywgwr9ubz8=
7YjWBw,,W0NhZ2V5XQpJZiB5b3UgZG9uJ3Qgd2FudCBvdGhlciByb2JvdHMsIGVzcGVjaWFsbHkgdGhlIHNlY3VyaXR5LCB0byBtaXN0YWtlIHlvdSBmb3IgYW4gaW50cnVkZXIsIGl0IHdpbGwgaGVscCB5b3UgdG8gaWRlbnRpZnkgeW91cnNlbGYgZmlyc3Qu,,,,,W0NhZ2V5XQpTZSB2b2PDqiBuw6NvIHF1aXNlciBxdWUgb3Mgb3V0cm9zIHJvYsO0cywgZXNwZWNpYWxtZW50ZSBvcyBkYSBzZWd1cmFuw6dhLCB0ZSBjb25mdW5kYW0gY29tIHVtIGludHJ1c28sIHNlcsOhIMO6dGlsIGlkZW50aWZpY2FyLXNlIHByaW1laXJvLg==,,W0NhZ2V5XQpTaSBubyBxdWllcmVzIHF1ZSBvdHJvcyByb2JvdHMsIGVzcGVjaWFsbWVudGUgbG9zIGRlIHNlZ3VyaWRhZCwgdGUgY29uZnVuZGFuIGNvbiB1biBpbnRydXNvLCBzZXLDrWEgYnVlbm8gcXVlIHByaW1lcm8gdGUgaWRlbnRpZmljYXJhcy4=
7ojWBw,,VGhpcyBwbGFjZSB0aGUgbGFzdCBvbmUu,,,,,RXN0ZSBsdWdhciDDqSBvIMO6bHRpbW8u,,RXN0ZSBsdWdhciBlcyBlbCDDumx0aW1vLg==
74jWBw,,W0NhZ2V5XQpJIHNlZS4gVGhlbiwgSSBzaG91bGQgZml4IHRoZSByZXBlYXRlciByaWdodCBhd2F5LiBJIGFwb2xvZ2l6ZSBmb3IgbXkgcnVkZW5lc3Mgb25jZSBhZ2Fpbi4gSXQncyBub3QgbXVjaCBidXQgdGFrZSB0aGVzZSBhcyBhIHRva2VuIG9mIG15IGFwb2xvZ3ku,,,,,W0NhZ2V5XQpFbnRlbmRpLiBFbnTDo28sIGRldm8gY29uc2VydGFyIG8gcmVwZXRpZG9yIGltZWRpYXRhbWVudGUuIFBlw6dvIGRlc2N1bHBhcyBwZWxhIG1pbmhhIGdyb3NzZXJpYSBtYWlzIHVtYSB2ZXouIE7Do28gw6kgbXVpdG8sIG1hcyBhY2VpdGUgaXNzbyBjb21vIHVtIHPDrW1ib2xvIGRlIG1ldSBwZWRpZG8gZGUgZGVzY3VscGFzLg==,,W0NhZ2V5XQpZYSB2ZW8uIEVudG9uY2VzLCBkZWJlcsOtYSByZXBhcmFyIGVsIHJlcGV0aWRvciBlbnNlZ3VpZGEuIFBpZG8gZGlzY3VscGFzIHBvciBtaSBkZXNjb3J0ZXPDrWEgdW5hIHZleiBtw6FzLiBObyBlcyBtdWNobywgcGVybyB0w7NtYWxvcyBjb21vIHVuYSBmb3JtYSBkZSBwZWRpciBkaXNjdWxwYXMu
8IjWBw,,W0NhZ2V5XQpTaW5jZSB0aGlzIGlzIHRoZSBsYXN0IG9uZSwgSSBzdXBwb3NlIHlvdSB3aWxsIGdvIGJhY2sgdG8gPE5BVkk+W0FscGhhXTxJTkZPPmJhX21haXNvbiw3NCwxNTAsMCwxMDEsMDwvSU5GTz48L05BVkk+IGFuZCByZXBvcnQuCldlbGwsIHdlbGNvbWUgdG8gQmFybXVuZCBNYW5zaW9uLiBDYWxsIG1lIGFueXRpbWUgaWYgeW91IG5lZWQgaGVscC4=,,,,,W0NhZ2V5XQpDb21vIGVzdGUgw6kgbyDDumx0aW1vLCBzdXBvbmhvIHF1ZSB2b2PDqiB2b2x0YXLDoSBwYXJhIDxOQVZJPltBbGZhXTxJTkZPPmJhX21haXNvbiw3NCwxNTAsMCwxMDEsMDwvSU5GTz48L05BVkk+IHBhcmEgZmFsYXIgY29tIGVsYS4KQm9tLCBib2FzLXZpbmRhcyDDoCBNYW5zw6NvIFZhcm11bnQuIE1lIGNoYW1lIHNlIHZvY8OqIHByZWNpc2FyIGRlIGFsZ3VtYSBjb2lzYS4=,,W0NhZ2V5XQpEYWRvIHF1ZSBlc3RlIGVzIGVsIMO6bHRpbW8sIHN1cG9uZ28gcXVlIHZvbHZlcsOhcyBjb24gPE5BVkk+W0FsZmFdPElORk8+YmFfbWFpc29uLDc0LDE1MCwwLDEwMSwwPC9JTkZPPjwvTkFWST4geSBsZSBpbmZvcm1hcsOhcy4KQnVlbm8sIHRlIGRveSBsYSBiaWVudmVuaWRhIGxhIE1hbnNpw7NuIFZhcm11bmR0LiBMbMOhbWFtZSBjdWFuZG8gcXVpZXJhcyBzaSBuZWNlc2l0YXMgYXl1ZGEu
8YjWBw,,W0NhZ2V5XQpTaW5jZSB0aGlzIGlzIHRoZSBsYXN0IG9uZSwgSSBzdXBwb3NlIHlvdSB3aWxsIGdvIGJhY2sgdG8gPE5BVkk+W0FscGhhXTxJTkZPPmJhX21haXNvbiw3NCwxNTAsMCwxMDEsMDwvSU5GTz48L05BVkk+IGFuZCByZXBvcnQu,,,,,W0NhZ2V5XQpDb21vIGVzdGUgw6kgbyDDumx0aW1vLCBzdXBvbmhvIHF1ZSB2b2PDqiB2b2x0YXLDoSBwYXJhIDxOQVZJPltBbGZhXTxJTkZPPmJhX21haXNvbiw3NCwxNTAsMCwxMDEsMDwvSU5GTz48L05BVkk+IHBhcmEgZmFsYXIgY29tIGVsYS4=,,W0NhZ2V5XQpEYWRvIHF1ZSBlc3RlIGVzIGVsIMO6bHRpbW8sIHN1cG9uZ28gcXVlIHZvbHZlcsOhcyBjb24gPE5BVkk+W0FsZmFdPElORk8+YmFfbWFpc29uLDc0LDE1MCwwLDEwMSwwPC9JTkZPPjwvTkFWST4geSBsZSBpbmZvcm1hcsOhcy4=
8ojWBw,,T25seSBhdXRob3JpemVkIHBlb3BsZSBtYXkgYXBwcm9hY2ggaGVyZS4=,,,,,QXBlbmFzIHBlc3NvYXMgYXV0b3JpemFkYXMgcG9kZW0gc2UgYXByb3hpbWFyLg==,,U29sbyBsYXMgcGVyc29uYXMgYXV0b3JpemFkYXMgcHVlZGVuIGFjZXJjYXJzZSBhcXXDrS4=
84jWBw,,W0NhZ2V5XQpXaGF0IGlzIGl0PyBPbmx5IGF1dGhvcml6ZWQgcGVvcGxlIG1heSBhcHByb2FjaCBoZXJlLiBUdXJuIGJhY2su,,,,,W0NhZ2V5XQpPIHF1ZSBhY29udGVjZXU/IEFwZW5hcyBwZXNzb2FzIGF1dG9yaXphZGFzIHBvZGVtIHNlIGFwcm94aW1hci4gRMOqIG1laWEgdm9sdGEu,,W0NhZ2V5XQrCv1F1w6kgY29zYT8gU29sbyBsYXMgcGVyc29uYXMgYXV0b3JpemFkYXMgcHVlZGVuIGFjZXJjYXJzZSBhcXXDrS4gUmVncmVzYXIu
9IjWBw,,W0NhZ2V5XQpTaW5jZSB0aGlzIGlzIHRoZSBsYXN0IG9uZSwgeW91IHNob3VsZCBnbyBiYWNrIHRvIDxOQVZJPltBbHBoYV08SU5GTz5iYV9tYWlzb24sNzQsMTUwLDAsMTAxLDA8L0lORk8+PC9OQVZJPiBhbmQgcmVwb3J0Lg==,,,,,W0NhZ2V5XQpDb21vIGVzdGUgw6kgbyDDumx0aW1vLCB2b2PDqiBkZXZlcmlhIHZvbHRhciBwYXJhIDxOQVZJPltBbGZhXTxJTkZPPmJhX21haXNvbiw3NCwxNTAsMCwxMDEsMDwvSU5GTz48L05BVkk+IHBhcmEgZmFsYXIgY29tIGVsYS4=,,W0NhZ2V5XQpEYWRvIHF1ZSBlc3RlIGVzIGVsIMO6bHRpbW8sIGRlYmVyw61hcyB2b2x2ZXIgY29uIDxOQVZJPltBbGZhXTxJTkZPPmJhX21haXNvbiw3NCwxNTAsMCwxMDEsMDwvSU5GTz48L05BVkk+IGUgaW5mb3JtYXJsZS4=
9YjWBw,,W0NhZ2V5XQpIZWxsbywgYWR2ZW50dXJlci4=,,,,,W0NhZ2V5XQpPbMOhLCB2aWFqYW50ZS4=,,W0NhZ2V5XQpIb2xhLCB0cm90YW11bmRvcy4=
