wKVfAw,,MX4zOSBSZXF1ZXN0IEJ1bGxldGluIEJvYXJk,,,,,MX4zOSBRdWFkcm8gZGUgQXZpc29zIGRlIFNvbGljaXRhw6fDtWVz,,MX4zOSBSZXF1ZXN0IEJ1bGxldGluIEJvYXJk
waVfAw,,LSBZb3UgY2Fubm90IHByb2NlZWQgd2l0aCB0aGUgcXVlc3QgYmVjYXVzZSB5b3UgaGF2ZSB0b28gbWFueSBpdGVtcy4gLQ==,,,,,LSBOw6NvIMOpIHBvc3PDrXZlbCBwcm9zc2VndWlyIGNvbSBhIG1pc3PDo28gcG9ycXVlIHZvY8OqIHRlbSBtdWl0b3MgaXRlbnMuIC0=,,LU5vIHB1ZWRlcyBzZWd1aXIgY29uIGxhIG1pc2nDs24gcG9ycXVlIHRpZW5lcyBkZW1hc2lhZG9zIG9iamV0b3MuLQ==
wqVfAw,,IC0gSW4gb3JkZXIgdG8gcmVjZWl2ZSBhIHJlcXVlc3QgLSAKIC0gWW91IG11c3QgaGF2ZSBeNEQ0REZGJ0VkZW4gR3JvdXAgTWFyaydeMDAwMDAwLiAtIA==,,,,,LSBQYXJhIHJlY2ViZXIgdW1hIHNvbGljaXRhw6fDo28gLQotIFZvY8OqIGRldmUgdGVyIF40RDRERkbigJxFbWJsZW1hIGRvIEdydXBvIMOJZGVu4oCdXjAwMDAwMC4gLQ==,,IC1QYXJhIHJlY2liaXIgdW5hIHNvbGljaXR1ZCwgCiBkZWJlcyB0ZW5lciBsYSBeNEQ0REZG4oCcTWFyY2EgZGVsIGdydXBvIGRlIEVkw6lu4oCdXjAwMDAwMC4tIA==
w6VfAw,,WW91IGNhbm5vdCB1c2UgdGhpcyBidWxsZXRpbiBib2FyZCBkdWUgdG8gaW5zdWZmaWNpZW50IGxldmVsLg==,,,,,TsOjbyDDqSBwb3Nzw612ZWwgdXNhciBlc3NlIHF1YWRybyBkZSBhdmlzb3MgZGV2aWRvIGFvIG7DrXZlbCBpbnN1ZmljaWVudGUu,,Tm8gcHVlZGVzIHVzYXIgZXN0ZSB0YWJsw7NuIGRlIGFudW5jaW9zIHBvcnF1ZSBubyB0aWVuZXMgZWwgbml2ZWwgc3VmaWNpZW50ZS4=
xKVfAw,,XjhDOEM4Q0hvbmV5ZWQgTGFib3IgKEluIFByb2dyZXNzKV4wMDAwMDA=,,,,,XjhDOEM4Q1RyYWJhbGhvIEJyYcOnYWwgKEVtIEFuZGFtZW50byleMDAwMDAw,,XjhDOEM4Q0R1bGNlIGZydXRvIGRlbCB0cmFiYWpvIChlbiBjdXJzbyleMDAwMDAw
xaVfAw,,XjhDOEM4Q0hvbmV5ZWQgTGFib3IgKFdhaXRpbmcpXjAwMDAwMA==,,,,,XjhDOEM4Q1RyYWJhbGhvIEJyYcOnYWwgKEFndWFyZGFuZG8pXjAwMDAwMA==,,XjhDOEM4Q0R1bGNlIGZydXRvIGRlbCB0cmFiYWpvIChlbiBlc3BlcmEpXjAwMDAwMA==
xqVfAw,,SG9uZXllZCBMYWJvciBbMV0=,,,,,VHJhYmFsaG8gQnJhw6dhbCBbMV0=,,RHVsY2UgZnJ1dG8gZGVsIHRyYWJham8gWzFd
x6VfAw,,XjhDOEM4Q1BsYXlncm91bmQgU3RhYmlsaXphdGlvbiBPcGVyYXRpb24gLSBIb3JuZXQgKEluIFByb2dyZXNzKV4wMDAwMDA=,,,,,XjhDOEM4Q1NhbHZhbmRvIG8gUGFycXVpbmhvIC0gWmFuZ8OjbyAoRW0gQW5kYW1lbnRvKV4wMDAwMDA=,,XjhDOEM4Q09wZXJhY2nDs24gZGUgZXN0YWJpbGl6YWNpw7NuIGRlbCBwYXRpbyBkZSBqdWVnb3M6IEF2aXNww7NuIChlbiBjdXJzbyleMDAwMDAw
yKVfAw,,XjhDOEM4Q1BsYXlncm91bmQgU3RhYmlsaXphdGlvbiBPcGVyYXRpb24gLSBIb3JuZXQgKFdhaXRpbmcpXjAwMDAwMA==,,,,,XjhDOEM4Q1NhbHZhbmRvIG8gUGFycXVpbmhvIC0gWmFuZ8OjbyAoQWd1YXJkYW5kbyleMDAwMDAw,,XjhDOEM4Q09wZXJhY2nDs24gZGUgZXN0YWJpbGl6YWNpw7NuIGRlbCBwYXRpbyBkZSBqdWVnb3M6IEF2aXNww7NuIChlbiBlc3BlcmEpXjAwMDAwMA==
yaVfAw,,UGxheWdyb3VuZCBTdGFiaWxpemF0aW9uIE9wZXJhdGlvbiAtIEhvcm5ldCBbMTBd,,,,,U2FsdmFuZG8gbyBQYXJxdWluaG8gLSBaYW5nw6NvIFsxMF0=,,T3BlcmFjacOzbiBkZSBlc3RhYmlsaXphY2nDs24gZGVsIHBhdGlvIGRlIGp1ZWdvczogQXZpc3DDs25bMTBd
yqVfAw,,XjhDOEM4Q1BsYXlncm91bmQgU3RhYmlsaXphdGlvbiBPcGVyYXRpb24gLSBSb2NrZXIgKEluIFByb2dyZXNzKV4wMDAwMDA=,,,,,XjhDOEM4Q1NhbHZhbmRvIG8gUGFycXVpbmhvIC0gUm9ja2VyIChFbSBBbmRhbWVudG8pXjAwMDAwMA==,,XjhDOEM4Q09wZXJhY2nDs24gZGUgZXN0YWJpbGl6YWNpw7NuIGRlbCBwYXRpbyBkZSBqdWVnb3M6IFJvY2tlcm8gKGVuIGN1cnNvKV4wMDAwMDA=
y6VfAw,,XjhDOEM4Q1BsYXlncm91bmQgU3RhYmlsaXphdGlvbiBPcGVyYXRpb24gLSBSb2NrZXIgKFdhaXRpbmcpXjAwMDAwMA==,,,,,XjhDOEM4Q1NhbHZhbmRvIG8gUGFycXVpbmhvIC0gUm9ja2VyIChBZ3VhcmRhbmRvKV4wMDAwMDA=,,XjhDOEM4Q09wZXJhY2nDs24gZGUgZXN0YWJpbGl6YWNpw7NuIGRlbCBwYXRpbyBkZSBqdWVnb3M6IFJvY2tlcm8gKGVuIGVzcGVyYSleMDAwMDAw
zKVfAw,,UGxheWdyb3VuZCBTdGFiaWxpemF0aW9uIE9wZXJhdGlvbiAtIFJvY2tlciBbMTBd,,,,,U2FsdmFuZG8gbyBQYXJxdWluaG8gLSBSb2NrZXIgWzEwXQ==,,T3BlcmFjacOzbiBkZSBlc3RhYmlsaXphY2nDs24gZGVsIHBhdGlvIGRlIGp1ZWdvczogUm9ja2Vyb1sxMF0=
zaVfAw,,XjhDOEM4Q1RoZSBsZWdlbmRhcnkga25pZ2h0LCBBbWJlcm5pdGUhIChJbiBQcm9ncmVzcyleMDAwMDAw,,,,,XjhDOEM4Q08gQ2F2YWxlaXJvIExlbmTDoXJpbywgQW1iZXJuaXRlISAoRW0gQW5kYW1lbnRvKV4wMDAwMDA=,,XjhDOEM4Q8KhQW1iYXJuaXRvLCBlbCBjYWJhbGxlcm8gbGVnZW5kYXJpbyEgKGVuIGN1cnNvKV4wMDAwMDA=
zqVfAw,,XjhDOEM4Q1RoZSBsZWdlbmRhcnkga25pZ2h0LCBBbWJlcm5pdGUhIChXYWl0aW5nKV4wMDAwMDA=,,,,,XjhDOEM4Q08gQ2F2YWxlaXJvIExlbmTDoXJpbywgQW1iZXJuaXRlISAoQWd1YXJkYW5kbyleMDAwMDAw,,XjhDOEM4Q8KhQW1iYXJuaXRvLCBlbCBjYWJhbGxlcm8gbGVnZW5kYXJpbyEgKGVuIGVzcGVyYSleMDAwMDAw
z6VfAw,,VGhlIGxlZ2VuZGFyeSBrbmlnaHQsIEFtYmVybml0ZSEgWzEwXQ==,,,,,TyBDYXZhbGVpcm8gTGVuZMOhcmlvLCBBbWJlcm5pdGUhIFsxMF0=,,wqFBbWJhcm5pdG8sIGVsIGNhYmFsbGVybyBsZWdlbmRhcmlvIVsxMF0=
0KVfAw,,XjhDOEM4Q1VuZGVhZCBXYXIgKEluIFByb2dyZXNzKV4wMDAwMDA=,,,,,XjhDOEM4Q0d1ZXJyYSBhb3MgTW9ydG9zIChFbSBBbmRhbWVudG8pXjAwMDAwMA==,,XjhDOEM4Q0xhIGd1ZXJyYSBkZSBsb3MgTXVlcnRvcyB2aXZpZW50ZXMgKGVuIGN1cnNvKV4wMDAwMDA=
0aVfAw,,XjhDOEM4Q1VuZGVhZCBXYXIgKFdhaXRpbmcpXjAwMDAwMA==,,,,,XjhDOEM4Q0d1ZXJyYSBhb3MgTW9ydG9zIChBZ3VhcmRhbmRvKV4wMDAwMDA=,,XjhDOEM4Q0xhIGd1ZXJyYSBkZSBsb3MgTXVlcnRvcyB2aXZpZW50ZXMgKGVuIGVzcGVyYSleMDAwMDAw
0qVfAw,,VW5kZWFkIFdhciBbMTVd,,,,,R3VlcnJhIGFvcyBNb3J0b3MgWzE1XQ==,,TGEgZ3VlcnJhIGRlIGxvcyBNdWVydG9zIHZpdmllbnRlcyBbMTVd
06VfAw,,XjhDOEM4Q1Byb2Zlc3Npb25hbCBTbmFrZSBIdW50ZXIgKEluIFByb2dyZXNzKV4wMDAwMDA=,,,,,XjhDOEM4Q0Nhw6dhZG9yIGRlIENvYnJhcyBQcm9maXNzaW9uYWwgKEVtIEFuZGFtZW50byleMDAwMDAw,,XjhDOEM4Q0NhemFzZXJwaWVudGVzIHByb2Zlc2lvbmFsIChlbiBjdXJzbyleMDAwMDAw
1KVfAw,,XjhDOEM4Q1Byb2Zlc3Npb25hbCBTbmFrZSBIdW50ZXIgKFdhaXRpbmcpXjAwMDAwMA==,,,,,XjhDOEM4Q0Nhw6dhZG9yIGRlIENvYnJhcyBQcm9maXNzaW9uYWwgKEFndWFyZGFuZG8pXjAwMDAwMA==,,XjhDOEM4Q0NhemFzZXJwaWVudGVzIHByb2Zlc2lvbmFsIChlbiBlc3BlcmEpXjAwMDAwMA==
1aVfAw,,UHJvZmVzc2lvbmFsIFNuYWtlIEh1bnRlciBbMTVd,,,,,Q2HDp2Fkb3IgZGUgQ29icmFzIFByb2Zpc3Npb25hbCBbMTVd,,Q2F6YXNlcnBpZW50ZXMgcHJvZmVzaW9uYWxbMTVd
1qVfAw,,XjhDOEM4Q05veGlvdXMgT25pb24gKEluIFByb2dyZXNzKV4wMDAwMDA=,,,,,XjhDOEM4Q07Do28gw6kgdW1hIENlYm9sYSAoRW0gQW5kYW1lbnRvKV4wMDAwMDA=,,XjhDOEM4Q0NlYm9sbMOtbiBub2Npdm8gKGVuIGN1cnNvKV4wMDAwMDA=
16VfAw,,XjhDOEM4Q05veGlvdXMgT25pb24gKFdhaXRpbmcpXjAwMDAwMA==,,,,,XjhDOEM4Q07Do28gw6kgdW1hIENlYm9sYSAoQWd1YXJkYW5kbyleMDAwMDAw,,XjhDOEM4Q0NlYm9sbMOtbiBub2Npdm8gKGVuIGVzcGVyYSleMDAwMDAw
2KVfAw,,Tm94aW91cyBPbmlvbiBbMTVd,,,,,TsOjbyDDqSB1bWEgQ2Vib2xhIFsxNV0=,,Q2Vib2xsw61uIG5vY2l2byBbMTVd
2aVfAw,,XjhDOEM4Q011c2hyb29tIFBhcmFkaXNlIChJbiBQcm9ncmVzcyleMDAwMDAw,,,,,XjhDOEM4Q1BhcmHDrXNvIGRvcyBDb2d1bWVsb3MgKEVtIEFuZGFtZW50byleMDAwMDAw,,XjhDOEM4Q1Byb2xpZmVyYWNpw7NuIGRlIGhvbmdvcyAoZW4gY3Vyc28pXjAwMDAwMA==
2qVfAw,,XjhDOEM4Q011c2hyb29tIFBhcmFkaXNlIChXYWl0aW5nKV4wMDAwMDA=,,,,,XjhDOEM4Q1BhcmHDrXNvIGRvcyBDb2d1bWVsb3MgKEFndWFyZGFuZG8pXjAwMDAwMA==,,XjhDOEM4Q1Byb2xpZmVyYWNpw7NuIGRlIGhvbmdvcyAoZW4gZXNwZXJhKV4wMDAwMDA=
26VfAw,,TXVzaHJvb20gUGFyYWRpc2UgWzE1XQ==,,,,,UGFyYcOtc28gZG9zIENvZ3VtZWxvcyBbMTVd,,UHJvbGlmZXJhY2nDs24gZGUgaG9uZ29zIFsxNV0=
3KVfAw,,XjhDOEM4Q05vaXN5IEZlbGxvd3MgKEluIFByb2dyZXNzKV4wMDAwMDA=,,,,,XjhDOEM4Q0dhbGVyYSBCYXJ1bGhlbnRhIChFbSBBbmRhbWVudG8pXjAwMDAwMA==,,XjhDOEM4Q0FtaWdvcyBydWlkb3NvcyAoZW4gY3Vyc28pXjAwMDAwMA==
3aVfAw,,XjhDOEM4Q05vaXN5IEZlbGxvd3MgKFdhaXRpbmcpXjAwMDAwMA==,,,,,XjhDOEM4Q0dhbGVyYSBCYXJ1bGhlbnRhIChBZ3VhcmRhbmRvKV4wMDAwMDA=,,XjhDOEM4Q0FtaWdvcyBydWlkb3NvcyAoZW4gZXNwZXJhKV4wMDAwMDA=
3qVfAw,,Tm9pc3kgRmVsbG93cyBbMjBd,,,,,R2FsZXJhIEJhcnVsaGVudGEgWzIwXQ==,,QW1pZ29zIHJ1aWRvc29zIFsyMF0=
36VfAw,,XjhDOEM4Q0JhYmlRJ3MgQ29va2luZyBIZWxsIChJbiBQcm9ncmVzcyleMDAwMDAw,,,,,XjhDOEM4Q0NodXJyYXNjbyBSdWltIChFbSBBbmRhbWVudG8pXjAwMDAwMA==,,XjhDOEM4Q0xhcyBkZXN2ZW50dXJhcyBjdWxpbmFyaWFzIGRlIERpdG8gQXNhZGl0byAoZW4gY3Vyc28pXjAwMDAwMA==
4KVfAw,,XjhDOEM4Q0JhYmlRJ3MgQ29va2luZyBIZWxsIChXYWl0aW5nKV4wMDAwMDA=,,,,,XjhDOEM4Q0NodXJyYXNjbyBSdWltIChBZ3VhcmRhbmRvKV4wMDAwMDA=,,XjhDOEM4Q0xhcyBkZXN2ZW50dXJhcyBjdWxpbmFyaWFzIGRlIERpdG8gQXNhZGl0byAoZW4gZXNwZXJhKV4wMDAwMDA=
4aVfAw,,QmFiaVEncyBDb29raW5nIEhlbGwgWzMwXQ==,,,,,Q2h1cnJhc2NvIFJ1aW0gWzMwXQ==,,TGFzIGRlc3ZlbnR1cmFzIGN1bGluYXJpYXMgZGUgRGl0byBBc2FkaXRvIFszMF0=
4qVfAw,,XjhDOEM4Q0hvbmV5IFNraW4gQmFiaVEgKEluIFByb2dyZXNzKV4wMDAwMDA=,,,,,XjhDOEM4Q1RyYXRhbWVudG8gZGUgUGVsZSAoRW0gQW5kYW1lbnRvKV4wMDAwMDA=,,XjhDOEM4Q1RyYXRhbWllbnRvIGZhY2lhbCBkZSBEaXRhIChlbiBjdXJzbyleMDAwMDAw
46VfAw,,XjhDOEM4Q0hvbmV5IFNraW4gQmFiaVEgKFdhaXRpbmcpXjAwMDAwMA==,,,,,XjhDOEM4Q1RyYXRhbWVudG8gZGUgUGVsZSAoQWd1YXJkYW5kbyleMDAwMDAw,,XjhDOEM4Q1RyYXRhbWllbnRvIGZhY2lhbCBkZSBEaXRhIChlbiBlc3BlcmEpXjAwMDAwMA==
5KVfAw,,SG9uZXkgU2tpbiBCYWJpUSBbMzBd,,,,,VHJhdGFtZW50byBkZSBQZWxlIFszMF0=,,VHJhdGFtaWVudG8gZmFjaWFsIGRlIERpdGFbMzBd
5aVfAw,,XjhDOEM4Q1F1ZSBTZXJhLCBTZXJhIChJbiBQcm9ncmVzcyleMDAwMDAw,,,,,XjhDOEM4Q1F1ZSBTZXJhLCBTZXJhIChFbSBBbmRhbWVudG8pXjAwMDAwMA==,,XjhDOEM4Q1F1w6kgc2Vyw6EsIHNlcsOhIChlbiBjdXJzbyleMDAwMDAw
5qVfAw,,XjhDOEM4Q1F1ZSBTZXJhLCBTZXJhIChXYWl0aW5nKV4wMDAwMDA=,,,,,XjhDOEM4Q1F1ZSBTZXJhLCBTZXJhIChBZ3VhcmRhbmRvKV4wMDAwMDA=,,XjhDOEM4Q1F1w6kgc2Vyw6EsIHNlcsOhIChlbiBlc3BlcmEpXjAwMDAwMA==
56VfAw,,UXVlIFNlcmEsIFNlcmEgWzMwXQ==,,,,,UXVlIFNlcmEsIFNlcmEgWzMwXQ==,,UXVlIHNlcsOhLCBzZXLDoSBbMzBd
6KVfAw,,UGF5b24gRmllbGQgWzEtMTVd,,,,,Q2FtcG9zIGRlIFBheW9uIFsxLTE1XQ==,,Q2FtcG8gZGUgUGF5b24gWzEtMTVd
6aVfAw,,UHJvbnRlcmEgRmllbGQgWzEwXQ==,,,,,Q2FtcG9zIGRlIFByb250ZXJhIFsxMF0=,,Q2FtcG8gZGUgUHJvbnRlcmEgWzEwXQ==
6qVfAw,,UGF5b24gRHVuZ2VvbiBbMTVd,,,,,Q2FsYWJvdcOnbyBkZSBQYXlvbiBbMTVd,,TWF6bW9ycmEgZGUgUGF5b24gWzE1XQ==
66VfAw,,SXpsdWRlIEZpZWxkIFsyMF0=,,,,,Q2FtcG9zIGRlIEl6bHVkZSBbMjBd,,Q2FtcG8gZGUgSXpsdWRlIFsyMF0=
7KVfAw,,Q29tb2RvIER1bmdlb24gWzMwXQ==,,,,,Q2FsYWJvdcOnbyBkZSBDb21vZG8gWzMwXQ==,,TWF6bW9ycmEgZGUgQ29tb2RvIFszMF0=
7aVfAw,,Q2FuY2VsLg==,,,,,Q2FuY2VsYXI=,,Q2FuY2VsYXIu
7qVfAw,,WW91IGNhbm5vdCBwcm9jZWVkIHdpdGggdGhpcyBxdWVzdCBkdWUgdG8gaW5zdWZmaWNpZW50IGxldmVsLg==,,,,,Vm9jw6ogbsOjbyBwb2RlIHByb3NzZWd1aXIgY29tIGVzc2EgbWlzc8OjbyBkZXZpZG8gYW8gbsOtdmVsIGluc3VmaWNpZW50ZS4=,,Tm8gcHVlZGVzIGNvbnRpbnVhciBjb24gZXN0YSBtaXNpw7NuIHBvcnF1ZSBubyB0aWVuZXMgZWwgbml2ZWwgc3VmaWNpZW50ZS4=
76VfAw,,VGhpcyBpcyBhIHJlcXVlc3QgY3VycmVudGx5IGJlaW5nIGNhcnJpZWQgb3V0Lg==,,,,,RXNzYSBzb2xpY2l0YcOnw6NvIGVzdMOhIHNlbmRvIHJlYWxpemFkYSBubyBtb21lbnRvLg==,,RXN0YSBzb2xpY2l0dWQgYcO6biBlc3TDoSBlbiBjdXJzby4=
8KVfAw,,W1JlcXVlc3QgQ29tcGxldGVkXQpMb2NhdGlvbjogUGF5b24gU291dGggRmllbGQKVGFyZ2V0OiBEZWZlYXQgNSBXaWxsb3dzIGFuZCBjb2xsZWN0IDMgQmFycmVuIFRydW5rcwpSZXdhcmQ6IEV4cCA4MDAsIEpleHAgODAw,,,,,W1NvbGljaXRhw6fDo28gQ29uY2x1w61kYV0KTG9jYWxpemHDp8OjbzogQ2FtcG9zIGFvIFN1bCBkZSBQYXlvbgpPYmpldGl2bzogRGVycm90YXIgNSBXaWxsb3dzIGUgY29sZXRhciAzIFRyb25jb3MgRXN0w6lyZWlzClJlY29tcGVuc2E6IEV4cCA4MDAsIEpleHAgODAw,,W1NvbGljaXR1ZCBjb21wbGV0YWRhXQpVYmljYWNpw7NuOiBDYW1wbyBkZWwgc3VyIGRlIFBheW9uLgpPYmpldGl2bzogRGVycm90YSBhIDVTYXVjZXMgeSByZWNvbGVjdGEgM1Ryb25jb3Mgc2Vjb3MuClByZW1pbzogODAwZGVFWFAgeSA4MDBkZUVYUGRlY2xhc2Uu
8aVfAw,,VGhpcyByZXF1ZXN0IGhhcyBhbHJlYWR5IGJlZW4gY29tcGxldGVkLg==,,,,,RXNzYSBzb2xpY2l0YcOnw6NvIGrDoSBmb2kgY29uY2x1w61kYS4=,,RXN0YSBzb2xpY2l0dWQgeWEgc2UgY29tcGxldMOzLg==
8qVfAw,,W1JlcXVlc3QgZnJvbSBhIG5lcnZvdXMgbWlkZGxlLWFnZWQgbWFuXQpMb2NhdGlvbjogUGF5b24gU291dGggRmllbGQKVGFyZ2V0OiBEZWZlYXQgNSBXaWxsb3dzIGFuZCBjb2xsZWN0IDMgQmFycmVuIFRydW5rcwpSZXdhcmQ6IEV4cCA4MDAsIEpleHAgODAw,,,,,W1NvbGljaXRhw6fDo28gZGUgdW0gaG9tZW0gZGUgbWVpYS1pZGFkZSBuZXJ2b3NvXQpMb2NhbGl6YcOnw6NvOiBDYW1wb3MgYW8gU3VsIGRlIFBheW9uCk9iamV0aXZvOiBEZXJyb3RhciA1IFdpbGxvd3MgZSBjb2xldGFyIDMgVHJvbmNvcyBFc3TDqXJlaXMKUmVjb21wZW5zYTogRXhwIDgwMCwgSmV4cCA4MDA=,,W1NvbGljaXR1ZCBkZSB1biBob21icmUgbmVydmlvc28gZGUgbWVkaWFuYSBlZGFkXQpVYmljYWNpw7NuOiBDYW1wbyBkZWwgc3VyIGRlIFBheW9uLgpPYmpldGl2bzogRGVycm90YSBhIDVTYXVjZXMgeSByZWNvbGVjdGEgM1Ryb25jb3Mgc2Vjb3MuClByZW1pbzogODAwZGVFWFAgeSA4MDBkZUVYUGRlY2xhc2Uu
86VfAw,,QWNjZXB0Lg==,,,,,QWNlaXRhci4=,,QWNlcHRhci4=
9KVfAw,,U2VlIG90aGVyIHJlcXVlc3RzLg==,,,,,VmVyIG91dHJvcyBwZWRpZG9zLg==,,VmVyIG90cmFzIHNvbGljaXR1ZGVzLg==
9aVfAw,,UmVxdWVzdCBmcm9tIGEgbmVydm91cyBtaWRkbGUtYWdlZCBtYW4gaW4gUGF5b24KXjRENERGRltIb25leWVkIExhYm9yXV4wMDAwMDAgUXVlc3QgYWNjZXB0ZWQu,,,,,UGVkaWRvIGRlIHVtIGhvbWVtIGRlIG1laWEtaWRhZGUgbmVydm9zbyBlbSBQYXlvbgpeNEQ0REZGW1RyYWJhbGhvIEJyYcOnYWxdXjAwMDAwMCBNaXNzw6NvIGFjZWl0YS4=,,U29saWNpdHVkIGRlIHVuIGhvbWJyZSBuZXJ2aW9zbyBkZSBtZWRpYW5hIGVkYWQgZW4gUGF5b24KXjRENERGRltEdWxjZSBmcnV0byBkZWwgdHJhYmFqb11eMDAwMDAwOiBtaXNpw7NuIGFjZXB0YWRhLg==
9qVfAw,,W1JlcXVlc3QgQ29tcGxldGVkXQpMb2NhdGlvbjogUGF5b24gRWFzdCBGaWVsZApUYXJnZXQ6IERlZmVhdCA1IEJvYQpSZXdhcmQ6IEV4cCAxNjAwLCBKZXhwIDE0MDA=,,,,,W1NvbGljaXRhw6fDo28gQ29uY2x1w61kYV0KTG9jYWxpemHDp8OjbzogQ2FtcG9zIGFvIExlc3RlIGRlIFBheW9uCk9iamV0aXZvOiBEZXJyb3RhciA1IEpvYm9pYXMKUmVjb21wZW5zYTogRXhwIDE2MDAsIEpleHAgMTQwMA==,,W1NvbGljaXR1ZCBjb21wbGV0YWRhXQpVYmljYWNpw7NuOiBDYW1wbyBkZWwgZXN0ZSBkZSBQYXlvbi4KT2JqZXRpdm86IERlcnJvdGEgYSA1Qm9hcy4KUHJlbWlvOiAxNjAwZGVFWFAgeSAxNDAwZGVFWFBkZWNsYXNlLg==
96VfAw,,W1JlcXVlc3QgZnJvbSBhIHdvcnJpZWQgZ2lybF0KTG9jYXRpb246IFBheW9uIEVhc3QgRmllbGQKVGFyZ2V0OiBEZWZlYXQgNSBCb2EKUmV3YXJkOiBFeHAgMTYwMCwgSmV4cCAxNDAw,,,,,W1BlZGlkbyBkZSB1bWEgZ2Fyb3RhIHByZW9jdXBhZGFdCkxvY2FsaXphw6fDo286IENhbXBvcyBhbyBMZXN0ZSBkZSBQYXlvbgpPYmpldGl2bzogRGVycm90YXIgNSBKb2JvaWFzClJlY29tcGVuc2E6IEV4cCAxNjAwLCBKZXhwIDE0MDA=,,W1NvbGljaXR1ZCBkZSB1bmEgY2hpY2EgcHJlb2N1cGFkYV0KVWJpY2FjacOzbjogQ2FtcG8gZGVsIGVzdGUgZGUgUGF5b24uCk9iamV0aXZvOiBEZXJyb3RhIGEgNUJvYXMuClByZW1pbzogMTYwMGRlRVhQIHkgMTQwMGRlRVhQZGVjbGFzZS4=
+KVfAw,,UmVxdWVzdCBmcm9tIGEgd29ycmllZCBnaXJsIGluIFBheW9uCl40RDRERkZbUHJvZmVzc2lvbmFsIFNuYWtlIEh1bnRlcl1eMDAwMDAwIFF1ZXN0IGFjY2VwdGVkLg==,,,,,UGVkaWRvIGRlIHVtYSBnYXJvdGEgcHJlb2N1cGFkYSBlbSBQYXlvbgpeNEQ0REZGW0Nhw6dhZG9yIGRlIENvYnJhcyBQcm9maXNzaW9uYWxdXjAwMDAwMCBNaXNzw6NvIGFjZWl0YS4=,,U29saWNpdHVkIGRlIHVuYSBjaGljYSBwcmVvY3VwYWRhIGVuIFBheW9uLgpeNEQ0REZGW0NhemFzZXJwaWVudGVzIHByb2Zlc2lvbmFsXV4wMDAwMDA6IG1pc2nDs24gYWNlcHRhZGEu
+aVfAw,,W1JlcXVlc3QgQ29tcGxldGVkXQpMb2NhdGlvbjogUGF5b24gRWFzdCBGaWVsZApUYXJnZXQ6IERlZmVhdCA1IFdvcm10YWlsClJld2FyZDogRXhwIDE2MDAsIEpleHAgMTQwMA==,,,,,W1NvbGljaXRhw6fDo28gQ29uY2x1w61kYV0KTG9jYWxpemHDp8OjbzogQ2FtcG9zIGFvIExlc3RlIGRlIFBheW9uCk9iamV0aXZvOiBEZXJyb3RhciA1IFdvcm10YWlsClJlY29tcGVuc2E6IEV4cCAxNjAwLCBKZXhwIDE0MDA=,,W1NvbGljaXR1ZCBjb21wbGV0YWRhXQpVYmljYWNpw7NuOiBDYW1wbyBkZWwgZXN0ZSBkZSBQYXlvbi4KT2JqZXRpdm86IERlcnJvdGEgYSA1Q29sYXMgZGUgZ3VzYW5vLgpQcmVtaW86IDE2MDBkZUVYUCB5IDE0MDBkZUVYUGRlY2xhc2Uu
+qVfAw,,W1JlcXVlc3QgZnJvbSBhIHdvcnJpZWQgZ3JhbmRtb3RoZXJdCkxvY2F0aW9uOiBQYXlvbiBFYXN0IEZpZWxkClRhcmdldDogRGVmZWF0IDUgV29ybXRhaWwKUmV3YXJkOiBFeHAgMTYwMCwgSmV4cCAxNDAw,,,,,W1BlZGlkbyBkZSB1bWEgdm92w7MgcHJlb2N1cGFkYV0KTG9jYWxpemHDp8OjbzogQ2FtcG9zIGFvIExlc3RlIGRlIFBheW9uCk9iamV0aXZvOiBEZXJyb3RhciA1IFdvcm10YWlsClJlY29tcGVuc2E6IEV4cCAxNjAwLCBKZXhwIDE0MDA=,,W1NvbGljaXR1ZCBkZSB1bmEgYWJ1ZWxhIHByZW9jdXBhZGFdClViaWNhY2nDs246IENhbXBvIGRlbCBlc3RlIGRlIFBheW9uLgpPYmpldGl2bzogRGVycm90YSBhIDVDb2xhcyBkZSBndXNhbm8uClByZW1pbzogMTYwMGRlRVhQIHkgMTQwMGRlRVhQZGVjbGFzZS4=
+6VfAw,,UmVxdWVzdCBmcm9tIGEgd29ycmllZCBncmFuZG1vdGhlciBpbiBQYXlvbgpeNEQ0REZGW05veGlvdXMgT25pb25dXjAwMDAwMCBRdWVzdCBhY2NlcHRlZC4=,,,,,UGVkaWRvIGRlIHVtYSB2b3bDsyBwcmVvY3VwYWRhIGVtIFBheW9uCl40RDRERkZbTsOjbyDDqSB1bWEgQ2Vib2xhXV4wMDAwMDAgTWlzc8OjbyBhY2VpdGEu,,U29saWNpdHVkIGRlIHVuYSBhYnVlbGEgcHJlb2N1cGFkYSBlbiBQYXlvbi4KXjRENERGRltDZWJvbGzDrW4gbm9jaXZvXV4wMDAwMDA6IG1pc2nDs24gYWNlcHRhZGEu
/KVfAw,,W1JlcXVlc3QgQ29tcGxldGVkXQpMb2NhdGlvbjogUGF5b24gRWFzdCBGaWVsZApUYXJnZXQ6IERlZmVhdCAxMCBTcG9yZQpSZXdhcmQ6IEV4cCAzMDAwLCBKZXhwIDIwMDA=,,,,,W1NvbGljaXRhw6fDo28gQ29uY2x1w61kYV0KTG9jYWxpemHDp8OjbzogQ2FtcG9zIGFvIExlc3RlIGRlIFBheW9uCk9iamV0aXZvOiBEZXJyb3RhciAxMCBFc3Bvcm9zClJlY29tcGVuc2E6IEV4cCAzMDAwLCBKZXhwIDIwMDA=,,W1NvbGljaXR1ZCBjb21wbGV0YWRhXQpVYmljYWNpw7NuOiBDYW1wbyBkZWwgZXN0ZSBkZSBQYXlvbi4KT2JqZXRpdm86IERlcnJvdGEgYSAxMEVzcG9yYXMuClByZW1pbzogMzAwMGRlRVhQIHkgMjAwMGRlRVhQZGVjbGFzZS4=
/aVfAw,,W1JlcXVlc3QgZnJvbSBhIHdvcnJpZWQgZ3JhbmRmYXRoZXJdCkxvY2F0aW9uOiBQYXlvbiBFYXN0IEZpZWxkClRhcmdldDogRGVmZWF0IDEwIFNwb3JlClJld2FyZDogRXhwIDMwMDAsIEpleHAgMjAwMA==,,,,,W1BlZGlkbyBkZSB1bSBhdsO0IHByZW9jdXBhZG9dCkxvY2FsaXphw6fDo286IENhbXBvcyBhbyBMZXN0ZSBkZSBQYXlvbgpPYmpldGl2bzogRGVycm90YXIgMTAgRXNwb3JvcwpSZWNvbXBlbnNhOiBFeHAgMzAwMCwgSmV4cCAyMDAw,,W1NvbGljaXR1ZCBkZSB1biBhYnVlbG8gcHJlb2N1cGFkb10KVWJpY2FjacOzbjogQ2FtcG8gZGVsIGVzdGUgZGUgUGF5b24uCk9iamV0aXZvOiBEZXJyb3RhIGEgMTBFc3BvcmFzLgpQcmVtaW86IDMwMDBkZUVYUCB5IDIwMDBkZUVYUGRlY2xhc2Uu
/qVfAw,,UmVxdWVzdCBmcm9tIGEgd29ycmllZCBncmFuZGZhdGhlciBpbiBQYXlvbgpeNEQ0REZGW011c2hyb29tIFBhcmFkaXNlXV4wMDAwMDAgUXVlc3QgYWNjZXB0ZWQu,,,,,UGVkaWRvIGRlIHVtIGF2w7QgcHJlb2N1cGFkbyBlbSBQYXlvbgpeNEQ0REZGW1BhcmHDrXNvIGRvcyBDb2d1bWVsb3NdXjAwMDAwMCBNaXNzw6NvIGFjZWl0YS4=,,U29saWNpdHVkIGRlIHVuIGFidWVsbyBwcmVvY3VwYWRvIGVuIFBheW9uLgpeNEQ0REZGW1Byb2xpZmVyYWNpw7NuIGRlIGhvbmdvc11eMDAwMDAwOiBtaXNpw7NuIGFjZXB0YWRhLg==
/6VfAw,,Q2FuY2VsLA==,,,,,Q2FuY2VsYXI=,,Q2FuY2VsYXIu
AKZfAw,,W1JlcXVlc3QgQ29tcGxldGVkXQpMb2NhdGlvbjogUHJvbnRlcmEgV2VzdCBGaWVsZApUYXJnZXQ6IERlZmVhdCAxMCBIb3JuZXQKUmV3YXJkOiBFeHAgMTIwMCwgSmV4cCAxMDAw,,,,,W1NvbGljaXRhw6fDo28gQ29uY2x1w61kYV0KTG9jYWxpemHDp8OjbzogQ2FtcG9zIGFvIE9lc3RlIGRlIFByb250ZXJhCk9iamV0aXZvOiBEZXJyb3RhciAxMCBaYW5nw7VlcwpSZWNvbXBlbnNhOiBFeHAgMTIwMCwgSmV4cCAxMDAw,,W1NvbGljaXR1ZCBjb21wbGV0YWRhXQpVYmljYWNpw7NuOiBDYW1wbyBkZWwgb2VzdGUgZGUgUHJvbnRlcmEuCk9iamV0aXZvOiBEZXJyb3RhIGEgMTBBdmlzcG9uZXMuClByZW1pbzogMTIwMGRlRVhQIHkgMTAwMGRlRVhQZGVjbGFzZS4=
AaZfAw,,W1BhdWwncyBSZXF1ZXN0IE91dHNpZGUgUHJvbnRlcmEncyBXZXN0IEdhdGVdCkxvY2F0aW9uOiBQcm9udGVyYSBXZXN0IEZpZWxkClRhcmdldDogRGVmZWF0IDEwIEhvcm5ldApSZXdhcmQ6IEV4cCAxMjAwLCBKZXhwIDEwMDA=,,,,,W1BlZGlkbyBkbyBQb2NoIEZvcmEgZG8gUG9ydMOjbyBPZXN0ZSBkZSBQcm9udGVyYV0KTG9jYWxpemHDp8OjbzogQ2FtcG9zIGFvIE9lc3RlIGRlIFByb250ZXJhCk9iamV0aXZvOiBEZXJyb3RhciAxMCBaYW5nw7VlcwpSZWNvbXBlbnNhOiBFeHAgMTIwMCwgSmV4cCAxMDAw,,W1NvbGljaXR1ZCBkZSBQYXVsIGFmdWVyYSBkZSBsYSBwdWVydGEgb2VzdGUgZGUgUHJvbnRlcmFdClViaWNhY2nDs246IENhbXBvIGRlbCBvZXN0ZSBkZSBQcm9udGVyYS4KT2JqZXRpdm86IERlcnJvdGEgYSAxMEF2aXNwb25lcy4KUHJlbWlvOiAxMjAwZGVFWFAgeSAxMDAwZGVFWFBkZWNsYXNlLg==
AqZfAw,,UGF1bCdzIFJlcXVlc3QgT3V0c2lkZSBQcm9udGVyYSdzIFdlc3QgR2F0ZQpeNEQ0REZGW1BsYXlncm91bmQgU3RhYmlsaXphdGlvbiBPcGVyYXRpb24gLSBIb3JuZXRdXjAwMDAwMCBRdWVzdCBhY2NlcHRlZC4=,,,,,UGVkaWRvIGRvIFBvY2ggZG8gbGFkbyBkZSBmb3JhIGRvIHBvcnTDo28gb2VzdGUgZGUgUHJvbnRlcmEKXjRENERGRltTYWx2YW5kbyBvIFBhcnF1aW5obyAtIFphbmfDo29dXjAwMDAwMCBNaXNzw6NvIGFjZWl0YS4=,,U29saWNpdHVkIGRlIFBhdWwgYWZ1ZXJhIGRlIGxhIHB1ZXJ0YSBvZXN0ZSBkZSBQcm9udGVyYS4KXjRENERGRltPcGVyYWNpw7NuIGRlIGVzdGFiaWxpemFjacOzbiBkZWwgcGF0aW8gZGUganVlZ29zOiBBdmlzcMOzbl1eMDAwMDAwOiBtaXNpw7NuIGFjZXB0YWRhLg==
A6ZfAw,,W1JlcXVlc3QgQ29tcGxldGVkXQpMb2NhdGlvbjogUHJvbnRlcmEgU291dGh3ZXN0IEZpZWxkClRhcmdldDogRGVmZWF0IDEwIFJvY2tlcgpSZXdhcmQ6IEV4cCAxNjAwLCBKZXhwIDE0MDA=,,,,,W1NvbGljaXRhw6fDo28gQ29uY2x1w61kYV0KTG9jYWxpemHDp8OjbzogQ2FtcG9zIGFvIFN1ZG9lc3RlIGRlIFByb250ZXJhCk9iamV0aXZvOiBEZXJyb3RhciAxMCBSb2NrZXIKUmVjb21wZW5zYTogRXhwIDE2MDAsIEpleHAgMTQwMA==,,W1NvbGljaXR1ZCBjb21wbGV0YWRhXQpVYmljYWNpw7NuOiBDYW1wbyBkZWwgc3Vyb2VzdGUgZGUgUHJvbnRlcmEuCk9iamV0aXZvOiBEZXJyb3RhIGEgMTBSb2NrZXJvcy4KUHJlbWlvOiAxNjAwZGVFWFAgeSAxNDAwZGVFWFBkZWNsYXNlLg==
BKZfAw,,W1BhdWwncyBSZXF1ZXN0IE91dHNpZGUgUHJvbnRlcmEncyBXZXN0IEdhdGVdCkxvY2F0aW9uOiBQcm9udGVyYSBTb3V0aHdlc3QgRmllbGQKVGFyZ2V0OiBEZWZlYXQgMTAgUm9ja2VyClJld2FyZDogRXhwIDE2MDAsIEpleHAgMTQwMA==,,,,,W1BlZGlkbyBkbyBQb2NoIEZvcmEgZG8gUG9ydMOjbyBPZXN0ZSBkZSBQcm9udGVyYV0KTG9jYWxpemHDp8OjbzogQ2FtcG9zIGFvIFN1ZG9lc3RlIGRlIFByb250ZXJhCk9iamV0aXZvOiBEZXJyb3RhciAxMCBSb2NrZXIKUmVjb21wZW5zYTogRXhwIDE2MDAsIEpleHAgMTQwMA==,,W1NvbGljaXR1ZCBkZSBQYXVsIGFmdWVyYSBkZSBsYSBwdWVydGEgb2VzdGUgZGUgUHJvbnRlcmFdClViaWNhY2nDs246IENhbXBvIGRlbCBzdXJvZXN0ZSBkZSBQcm9udGVyYS4KT2JqZXRpdm86IERlcnJvdGEgYSAxMFJvY2tlcm9zLgpQcmVtaW86IDE2MDBkZUVYUCB5IDE0MDBkZUVYUGRlY2xhc2Uu
BaZfAw,,UGF1bCdzIFJlcXVlc3QgT3V0c2lkZSBQcm9udGVyYSdzIFdlc3QgR2F0ZQpeNEQ0REZGW1BsYXlncm91bmQgU3RhYmlsaXphdGlvbiBPcGVyYXRpb24gLSBSb2NrZXJdXjAwMDAwMCBRdWVzdCBhY2NlcHRlZC4=,,,,,UGVkaWRvIGRvIFBvY2ggZG8gbGFkbyBkZSBmb3JhIGRvIHBvcnTDo28gb2VzdGUgZGUgUHJvbnRlcmEKXjRENERGRltTYWx2YW5kbyBvIFBhcnF1aW5obyAtIFJvY2tlcl1eMDAwMDAwIE1pc3PDo28gYWNlaXRhLg==,,U29saWNpdHVkIGRlIFBhdWwgYWZ1ZXJhIGRlIGxhIHB1ZXJ0YSBvZXN0ZSBkZSBQcm9udGVyYS4KXjRENERGRltPcGVyYWNpw7NuIGRlIGVzdGFiaWxpemFjacOzbiBkZWwgcGF0aW8gZGUganVlZ29zOiBSb2NrZXJvXV4wMDAwMDA6IG1pc2nDs24gYWNlcHRhZGEu
BqZfAw,,W1JlcXVlc3QgQ29tcGxldGVkXQpMb2NhdGlvbjogUHJvbnRlcmEgRmllbGQKVGFyZ2V0OiBEZWZlYXQgMTAgQW1iZXJuaXRlClJld2FyZDogRXhwIDIwMDAsIEpleHAgMjAwMA==,,,,,W1NvbGljaXRhw6fDo28gQ29uY2x1w61kYV0KTG9jYWxpemHDp8OjbzogQ2FtcG9zIGRlIFByb250ZXJhCk9iamV0aXZvOiBEZXJyb3RhciAxMCBBbWJlcm5pdGUKUmVjb21wZW5zYTogRXhwIDIwMDAsIEpleHAgMjAwMA==,,W1NvbGljaXR1ZCBjb21wbGV0YWRhXQpVYmljYWNpw7NuOiBDYW1wbyBkZSBQcm9udGVyYS4KT2JqZXRpdm86IERlcnJvdGEgYSAxMEFtYmFybml0b3MuClByZW1pbzogMjAwMGRlRVhQIHkgMjAwMGRlRVhQZGVjbGFzZS4=
B6ZfAw,,W0FubmUncyBSZXF1ZXN0IE91dHNpZGUgUHJvbnRlcmEncyBXZXN0IEdhdGVdCkxvY2F0aW9uOiBQcm9udGVyYSBGaWVsZApUYXJnZXQ6IERlZmVhdCAxMCBBbWJlcm5pdGUKUmV3YXJkOiBFeHAgMjAwMCwgSmV4cCAyMDAw,,,,,W1BlZGlkbyBkZSBBbm5lIEZvcmEgZG8gUG9ydMOjbyBPZXN0ZSBkZSBQcm9udGVyYV0KTG9jYWxpemHDp8OjbzogQ2FtcG9zIGRlIFByb250ZXJhCk9iamV0aXZvOiBEZXJyb3RhciAxMCBBbWJlcm5pdGUKUmVjb21wZW5zYTogRXhwIDIwMDAsIEpleHAgMjAwMA==,,W1NvbGljaXR1ZCBkZSBBbm5lIGFmdWVyYSBkZSBsYSBwdWVydGEgb2VzdGUgZGUgUHJvbnRlcmFdClViaWNhY2nDs246IENhbXBvIGRlIFByb250ZXJhLgpPYmpldGl2bzogRGVycm90YSBhIDEwQW1iYXJuaXRvcy4KUHJlbWlvOiAyMDAwZGVFWFAgeSAyMDAwZGVFWFBkZWNsYXNlLg==
CKZfAw,,QW5uZSdzIFJlcXVlc3QgT3V0c2lkZSBQcm9udGVyYSdzIFdlc3QgR2F0ZQpeNEQ0REZGW1RoZSBsZWdlbmRhcnkga25pZ2h0LCBBbWJlcm5pdGUhXV4wMDAwMDAgUXVlc3QgYWNjZXB0ZWQu,,,,,UGVkaWRvIGRlIEFubmUgRm9yYSBkbyBQb3J0w6NvIE9lc3RlIGRlIFByb250ZXJhCl40RDRERkZbTyBDYXZhbGVpcm8gTGVuZMOhcmlvLCBBbWJlcm5pdGUhXV4wMDAwMDAgTWlzc8OjbyBhY2VpdGEu,,U29saWNpdHVkIGRlIEFubmUgYWZ1ZXJhIGRlIGxhIHB1ZXJ0YSBvZXN0ZSBkZSBQcm9udGVyYS4KXjRENERGRlvCoUFtYmFybml0bywgZWwgY2FiYWxsZXJvIGxlZ2VuZGFyaW8hXV4wMDAwMDA6IG1pc2nDs24gYWNlcHRhZGEu
CaZfAw,,W1JlcXVlc3QgQ29tcGxldGVkXQpMb2NhdGlvbjogUGF5b24gRHVuZ2VvbiAxc3QgZmxvb3IKVGFyZ2V0OiBEZWZlYXQgMTAgWm9tYmllcyBhbmQgMjAgU2tlbGV0b25zClJld2FyZDogRXhwIDMyMDAsIEpleHAgMzAwMA==,,,,,W1NvbGljaXRhw6fDo28gQ29uY2x1w61kYV0KTG9jYWxpemHDp8OjbzogQ2FsYWJvdcOnbyBkZSBQYXlvbiwgMcK6IGFuZGFyCk9iamV0aXZvOiBEZXJyb3RlIDEwIFp1bWJpcyBlIDIwIEVzcXVlbGV0b3MKUmVjb21wZW5zYTogRXhwIDMyMDAsIEpleHAgMzAwMA==,,W1NvbGljaXR1ZCBjb21wbGV0YWRhXQpVYmljYWNpw7NuOiBQaXNvMSBkZSBsYSBNYXptb3JyYSBkZSBQYXlvbi4KT2JqZXRpdm86IERlcnJvdGEgYSAxMFpvbWJpcyB5IDIwRXNxdWVsZXRvcy4KUHJlbWlvOiAzMjAwZGVFWFAgeSAzMDAwZGVFWFBkZWNsYXNlLg==
CqZfAw,,W1JlcXVlc3QgZnJvbSB0aGUgZ3VhcmQgaW4gZnJvbnQgb2YgdGhlIFBheW9uIER1bmdlb24gZW50cmFuY2VdCkxvY2F0aW9uOiBQYXlvbiBEdW5nZW9uIDFzdCBmbG9vcgpUYXJnZXQ6IERlZmVhdCAxMCBab21iaWVzIGFuZCAyMCBTa2VsZXRvbnMKUmV3YXJkOiBFeHAgMzIwMCwgSmV4cCAzMDAw,,,,,W1BlZGlkbyBkbyBndWFyZGEgZW0gZnJlbnRlIMOgIGVudHJhZGEgZG8gQ2FsYWJvdcOnbyBkZSBQYXlvbl0KTG9jYWxpemHDp8OjbzogQ2FsYWJvdcOnbyBkZSBQYXlvbiwgMcK6IGFuZGFyCk9iamV0aXZvOiBEZXJyb3RlIDEwIFp1bWJpcyBlIDIwIEVzcXVlbGV0b3MKUmVjb21wZW5zYTogRXhwIDMyMDAsIEpleHAgMzAwMA==,,W1NvbGljaXR1ZCBkZWwgZ3VhcmRpYSBmcmVudGUgYSBsYSBlbnRyYWRhIGRlIGxhIE1hem1vcnJhIGRlIFBheW9uXQpVYmljYWNpw7NuOiBQaXNvMSBkZSBsYSBNYXptb3JyYSBkZSBQYXlvbi4KT2JqZXRpdm86IERlcnJvdGEgYSAxMFpvbWJpcyB5IDIwRXNxdWVsZXRvcy4KUHJlbWlvOiAzMjAwZGVFWFAgeSAzMDAwZGVFWFBkZWNsYXNlLg==
C6ZfAw,,UmVxdWVzdCBmcm9tIHRoZSBndWFyZCBpbiBmcm9udCBvZiB0aGUgUGF5b24gRHVuZ2VvbiBlbnRyYW5jZQpeNEQ0REZGW1VuZGVhZCBXYXJdXjAwMDAwMCBRdWVzdCBhY2NlcHRlZC4=,,,,,UGVkaWRvIGRvIGd1YXJkYSBlbSBmcmVudGUgw6AgZW50cmFkYSBkbyBDYWxhYm91w6dvIGRlIFBheW9uCl40RDRERkZbR3VlcnJhIGFvcyBNb3J0b3NdXjAwMDAwMCBNaXNzw6NvIGFjZWl0YS4=,,U29saWNpdHVkIGRlbCBndWFyZGlhIGZyZW50ZSBhIGxhIGVudHJhZGEgZGUgbGEgTWF6bW9ycmEgZGUgUGF5b24uCl40RDRERkZbTGEgZ3VlcnJhIGRlIGxvcyBNdWVydG9zIHZpdmllbnRlc11eMDAwMDAwOiBtaXNpw7NuIGFjZXB0YWRhLg==
DKZfAw,,W1JlcXVlc3QgQ29tcGxldGVkXQpMb2NhdGlvbjogSXpsdWRlIFNvdXRod2VzdCBGaWVsZApUYXJnZXQ6IERlZmVhdCAxMCBNdWthIGFuZCAxMCBQZWNvIFBlY28KUmV3YXJkOiBFeHAgNDgwMCwgSmV4cCA0MjAw,,,,,W1NvbGljaXRhw6fDo28gQ29uY2x1w61kYV0KTG9jYWxpemHDp8OjbzogQ2FtcG9zIMOgIFN1ZG9lc3RlIGRlIEl6bHVkZQpPYmpldGl2bzogRGVycm90YXIgMTAgTXVrYSBlIDEwIFBlY29QZWNvClJlY29tcGVuc2E6IEV4cCA0ODAwLCBKZXhwIDQyMDA=,,W1NvbGljaXR1ZCBjb21wbGV0YWRhXQpVYmljYWNpw7NuOiBDYW1wbyBkZWwgc3Vyb2VzdGUgZGUgSXpsdWRlLgpPYmpldGl2bzogRGVycm90YSBhIDEwTXVrYSB5IDEwUGVjbyBQZWNvLgpQcmVtaW86IDQ4MDBkZUVYUCB5IDQyMDBkZUVYUGRlY2xhc2Uu
DaZfAw,,W1JlcXVlc3QgZnJvbSBJemx1ZGUgSW5zdHJ1Y3RvciBGb250ZXNdCkxvY2F0aW9uOiBJemx1ZGUgU291dGh3ZXN0IEZpZWxkClRhcmdldDogRGVmZWF0IDEwIE11a2EgYW5kIDEwIFBlY28gUGVjbwpSZXdhcmQ6IEV4cCA0ODAwLCBKZXhwIDQyMDA=,,,,,W1BlZGlkbyBkbyBJbnN0cnV0b3IgSXpsdWRlIEZvbnRlc10KTG9jYWxpemHDp8OjbzogQ2FtcG9zIMOgIFN1ZG9lc3RlIGRlIEl6bHVkZQpPYmpldGl2bzogRGVycm90YXIgMTAgTXVrYSBlIDEwIFBlY29QZWNvClJlY29tcGVuc2E6IEV4cCA0ODAwLCBKZXhwIDQyMDA=,,W1NvbGljaXR1ZCBkZSBsYSBpbnN0cnVjdG9yYSBQaG9udGVzIGVuIEl6bHVkZV0KVWJpY2FjacOzbjogQ2FtcG8gZGVsIHN1cm9lc3RlIGRlIEl6bHVkZS4KT2JqZXRpdm86IERlcnJvdGEgYSAxME11a2EgeSAxMFBlY28gUGVjby4KUHJlbWlvOiA0ODAwZGVFWFAgeSA0MjAwZGVFWFBkZWNsYXNlLg==
DqZfAw,,UmVxdWVzdCBmcm9tIEl6bHVkZSBJbnN0cnVjdG9yIEZvbnRlcwpeNEQ0REZGW05vaXN5IEZlbGxvd3NdXjAwMDAwMCBRdWVzdCBhY2NlcHRlZC4=,,,,,UGVkaWRvIGRvIEluc3RydXRvciBJemx1ZGUgRm9udGVzCl40RDRERkZbR2FsZXJhIEJhcnVsaGVudGFdXjAwMDAwMCBNaXNzw6NvIGFjZWl0YS4=,,U29saWNpdHVkIGRlIGxhIGluc3RydWN0b3JhIFBob250ZXMgZW4gSXpsdWRlLgpeNEQ0REZGW0FtaWdvcyBydWlkb3Nvc11eMDAwMDAwOiBtaXNpw7NuIGFjZXB0YWRhLg==
D6ZfAw,,W1JlcXVlc3QgQ29tcGxldGVkXQpMb2NhdGlvbjogQ29tb2RvIER1bmdlb24KVGFyZ2V0OiBEZWZlYXQgMTAgVGhhcmEgRnJvZyBhbmQgY29sbGVjdCAxMCBTdGlja3kgV2ViZm9vdApSZXdhcmQ6IEV4cCA1NTAwLCBKZXhwIDU1MDA=,,,,,W1NvbGljaXRhw6fDo28gQ29uY2x1w61kYV0KTG9jYWxpemHDp8OjbzogQ2FsYWJvdcOnbyBkZSBDb21vZG8KT2JqZXRpdm86IERlcnJvdGFyIDEwIFNhcG9zIGRlIFRoYXJhIGUgY29sZXRhciAxMCBQYXRhcyBQZWdham9zYXMKUmVjb21wZW5zYTogRXhwIDU1MDAsIEpleHAgNTUwMA==,,W1NvbGljaXR1ZCBjb21wbGV0YWRhXQpVYmljYWNpw7NuOiBNYXptb3JyYSBkZSBDb21vZG8uCk9iamV0aXZvOiBEZXJyb3RhIGEgMTBSYW5hc1RoYXJhIHkgcmVjb2xlY3RhIDEwUGF0YXNwYWxtw61wZWRhc3BlZ2Fqb3Nhcy4KUHJlbWlvOiA1NTAwZGVFWFAgeSA1NTAwZGVFWFBkZWNsYXNlLg==
EKZfAw,,W1JlcXVlc3QgZnJvbSBDb21vZG8gQ2hlZiBCYWJpUV0KTG9jYXRpb246IENvbW9kbyBEdW5nZW9uClRhcmdldDogRGVmZWF0IDEwIFRoYXJhIEZyb2cgYW5kIGNvbGxlY3QgMTAgU3RpY2t5IFdlYmZvb3QKUmV3YXJkOiBFeHAgNTUwMCwgSmV4cCA1NTAw,,,,,W1BlZGlkbyBkbyBDaGVmIGRlIENvbW9kbyBCYWJpUV0KTG9jYWxpemHDp8OjbzogQ2FsYWJvdcOnbyBkZSBDb21vZG8KT2JqZXRpdm86IERlcnJvdGFyIDEwIFNhcG9zIGRlIFRoYXJhIGUgY29sZXRhciAxMCBQYXRhcyBQZWdham9zYXMKUmVjb21wZW5zYTogRXhwIDU1MDAsIEpleHAgNTUwMA==,,W1NvbGljaXR1ZCBkZWwgY2hlZiBEaXRvIEFzYWRpdG8gZW4gQ29tb2RvXQpVYmljYWNpw7NuOiBNYXptb3JyYSBkZSBDb21vZG8uCk9iamV0aXZvOiBEZXJyb3RhIGEgMTBSYW5hc1RoYXJhIHkgcmVjb2xlY3RhIDEwUGF0YXNwYWxtw61wZWRhc3BlZ2Fqb3Nhcy4KUHJlbWlvOiA1NTAwZGVFWFAgeSA1NTAwZGVFWFBkZWNsYXNlLg==
EaZfAw,,UmVxdWVzdCBmcm9tIENvbW9kbyBDaGVmIEJhYmlRCl40RDRERkZbQmFiaVEncyBDb29raW5nIEhlbGxdXjAwMDAwMCBRdWVzdCBhY2NlcHRlZC4=,,,,,UGVkaWRvIGRvIENoZWYgZGUgQ29tb2RvIEJhYmlRCl40RDRERkZbQ2h1cnJhc2NvIFJ1aW1dXjAwMDAwMCBNaXNzw6NvIGFjZWl0YS4=,,U29saWNpdHVkIGRlbCBjaGVmIERpdG8gQXNhZGl0byBlbiBDb21vZG8uCl40RDRERkZbTGFzIGRlc3ZlbnR1cmFzIGN1bGluYXJpYXMgZGUgRGl0byBBc2FkaXRvXV4wMDAwMDA6IG1pc2nDs24gYWNlcHRhZGEu
EqZfAw,,W1JlcXVlc3QgQ29tcGxldGVkXQpMb2NhdGlvbjogQ29tb2RvIER1bmdlb24KVGFyZ2V0OiBEZWZlYXQgMTAgSHlkcmEgYW5kIGNvbGxlY3QgNSBUZW50YWNsZQpSZXdhcmQ6IEV4cCA1NTAwLCBKZXhwIDU1MDA=,,,,,W1NvbGljaXRhw6fDo28gQ29uY2x1w61kYV0KTG9jYWxpemHDp8OjbzogQ2FsYWJvdcOnbyBkZSBDb21vZG8KT2JqZXRpdm86IERlcnJvdGFyIDEwIEhpZHJhcyBlIGNvbGV0YXIgNSBUZW50w6FjdWxvcwpSZWNvbXBlbnNhOiBFeHAgNTUwMCwgSmV4cCA1NTAw,,W1NvbGljaXR1ZCBjb21wbGV0YWRhXQpVYmljYWNpw7NuOiBNYXptb3JyYSBkZSBDb21vZG8uCk9iamV0aXZvOiBEZXJyb3RhIGEgMTBIaWRyYXMgeSByZWNvZ2UgNVRlbnTDoWN1bG9zLgpQcmVtaW86IDU1MDBkZUVYUCB5IDU1MDBkZUVYUGRlY2xhc2Uu
E6ZfAw,,W1JlcXVlc3QgZnJvbSBDb21vZG8gQ2hlZiBCYWJpUV0KTG9jYXRpb246IENvbW9kbyBEdW5nZW9uClRhcmdldDogRGVmZWF0IDEwIEh5ZHJhIGFuZCBjb2xsZWN0IDUgVGVudGFjbGUKUmV3YXJkOiBFeHAgNTUwMCwgSmV4cCA1NTAw,,,,,W1BlZGlkbyBkbyBDaGVmIGRlIENvbW9kbyBCYWJpUV0KTG9jYWxpemHDp8OjbzogQ2FsYWJvdcOnbyBkZSBDb21vZG8KT2JqZXRpdm86IERlcnJvdGFyIDEwIEhpZHJhcyBlIGNvbGV0YXIgNSBUZW50w6FjdWxvcwpSZWNvbXBlbnNhOiBFeHAgNTUwMCwgSmV4cCA1NTAw,,W1NvbGljaXR1ZCBkZWwgY2hlZiBEaXRvIEFzYWRpdG8gZW4gQ29tb2RvXQpVYmljYWNpw7NuOiBNYXptb3JyYSBkZSBDb21vZG8uCk9iamV0aXZvOiBEZXJyb3RhIGEgMTBIaWRyYXMgeSByZWNvZ2UgNVRlbnTDoWN1bG9zLgpQcmVtaW86IDU1MDBkZUVYUCB5IDU1MDBkZUVYUGRlY2xhc2Uu
FKZfAw,,UmVxdWVzdCBmcm9tIENvbW9kbyBDaGVmIEJhYmlRCl40RDRERkZbSG9uZXkgU2tpbiBCYWJpUV1eMDAwMDAwIFF1ZXN0IGFjY2VwdGVkLg==,,,,,UGVkaWRvIGRvIENoZWYgZGUgQ29tb2RvIEJhYmlRCl40RDRERkZbVHJhdGFtZW50byBkZSBQZWxlXV4wMDAwMDAgTWlzc8OjbyBhY2VpdGEu,,U29saWNpdHVkIGRlbCBjaGVmIERpdG8gQXNhZGl0byBlbiBDb21vZG8uCl40RDRERkZbVHJhdGFtaWVudG8gZmFjaWFsIGRlIERpdGFdXjAwMDAwMDogbWlzacOzbiBhY2VwdGFkYS4=
FaZfAw,,W1JlcXVlc3QgQ29tcGxldGVkXQpMb2NhdGlvbjogQ29tb2RvIER1bmdlb24KVGFyZ2V0OiBEZWZlYXQgMTAgTWVnYWxvZG9uClJld2FyZDogRXhwIDU1MDAsIEpleHAgNTUwMA==,,,,,W1NvbGljaXRhw6fDo28gQ29uY2x1w61kYV0KTG9jYWxpemHDp8OjbzogQ2FsYWJvdcOnbyBkZSBDb21vZG8KT2JqZXRpdm86IERlcnJvdGFyIDEwIE1lZ2Fsb2RvbgpSZWNvbXBlbnNhOiBFeHAgNTUwMCwgSmV4cCA1NTAw,,W1NvbGljaXR1ZCBjb21wbGV0YWRhXQpVYmljYWNpw7NuOiBNYXptb3JyYSBkZSBDb21vZG8uCk9iamV0aXZvOiBEZXJyb3RhIGEgMTBNZWdhbG9kb25lcy4KUHJlbWlvOiA1NTAwZGVFWFAgeSA1NTAwZGVFWFBkZWNsYXNlLg==
FqZfAw,,W1JlcXVlc3QgZnJvbSBDaGllZiBLb21vZG9dCkxvY2F0aW9uOiBDb21vZG8gRHVuZ2VvbgpUYXJnZXQ6IERlZmVhdCAxMCBNZWdhbG9kb24KUmV3YXJkOiBFeHAgNTUwMCwgSmV4cCA1NTAw,,,,,W1BlZGlkbyBkbyBDaGVmZSBLb21vZG9dCkxvY2FsaXphw6fDo286IENhbGFib3XDp28gZGUgQ29tb2RvCk9iamV0aXZvOiBEZXJyb3RhciAxMCBNZWdhbG9kb24KUmVjb21wZW5zYTogRXhwIDU1MDAsIEpleHAgNTUwMA==,,W1NvbGljaXR1ZCBkZWwgamVmZSBkZSBDb21vZG9dClViaWNhY2nDs246IE1hem1vcnJhIGRlIENvbW9kby4KT2JqZXRpdm86IERlcnJvdGEgYSAxME1lZ2Fsb2RvbmVzLgpQcmVtaW86IDU1MDBkZUVYUCB5IDU1MDBkZUVYUGRlY2xhc2Uu
F6ZfAw,,UmVxdWVzdCBmcm9tIENoaWVmIEtvbW9kbwpeNEQ0REZGW1F1ZSBTZXJhLCBTZXJhXV4wMDAwMDAgUXVlc3QgYWNjZXB0ZWQu,,,,,UGVkaWRvIGRvIGNoZWZlIEtvbW9kbwpeNEQ0REZGW1F1ZSBTZXJhLCBTZXJhXV4wMDAwMDAgTWlzc8OjbyBhY2VpdGEu,,U29saWNpdHVkIGRlbCBqZWZlIGRlIENvbW9kby4KXjRENERGRltRdcOpIHNlcsOhLCBzZXLDoV1eMDAwMDAwOiBtaXNpw7NuIGFjZXB0YWRhLg==
GKZfAw,,NDB+NjkgUmVxdWVzdCBCdWxsZXRpbiBCb2FyZA==,,,,,NDB+NjkgUXVhZHJvIGRlIGF2aXNvcyBkZSBzb2xpY2l0YcOnw7Vlcw==,,NDB+NjkgUmVxdWVzdCBCdWxsZXRpbiBCb2FyZA==
GaZfAw,,XjhDOEM4Q0ZyaWVuZHMgUmVzY3VlIChJbiBQcm9ncmVzcyleMDAwMDAw,,,,,XjhDOEM4Q1Jlc2dhdGUgZGUgQW1pZ29zIChFbSBBbmRhbWVudG8pIF4wMDAwMDA=,,XjhDOEM4Q0FtaWdvcyBhbCByZXNjYXRlIChlbiBjdXJzbyleMDAwMDAw
GqZfAw,,XjhDOEM4Q0ZyaWVuZHMgUmVzY3VlIChXYWl0aW5nKV4wMDAwMDA=,,,,,XjhDOEM4Q1Jlc2dhdGUgZGUgQW1pZ29zIChBZ3VhcmRhbmRvKV4wMDAwMDA=,,XjhDOEM4Q0FtaWdvcyBhbCByZXNjYXRlIChlbiBlc3BlcmEpXjAwMDAwMA==
G6ZfAw,,RnJpZW5kcyBSZXNjdWUgWzQwXQ==,,,,,UmVzZ2F0ZSBkZSBBbWlnb3MgWzQwXQ==,,QW1pZ29zIGFsIHJlc2NhdGUgWzQwXQ==
HKZfAw,,XjhDOEM4Q0VhdGluZyBLdWtyZSBMaXZlciAoSW4gUHJvZ3Jlc3MpXjAwMDAwMA==,,,,,XjhDOEM4Q0t1a3JlIENvbWV1ISAoRW0gQW5kYW1lbnRvKSBeMDAwMDAw,,XjhDOEM4Q0jDrWdhZG8gZGUgS3VrcmUgcGFyYSBjb21lciAoZW4gY3Vyc28pXjAwMDAwMA==
HaZfAw,,XjhDOEM4Q0VhdGluZyBLdWtyZSBMaXZlciAoV2FpdGluZyleMDAwMDAw,,,,,XjhDOEM4Q0t1a3JlIENvbWV1ISAoQWd1YXJkYW5kbyleMDAwMDAw,,XjhDOEM4Q0jDrWdhZG8gZGUgS3VrcmUgcGFyYSBjb21lciAoZW4gZXNwZXJhKV4wMDAwMDA=
HqZfAw,,RWF0aW5nIEt1a3JlIExpdmVyIFs0MF0=,,,,,S3VrcmUgQ29tZXUhIFs0MF0=,,SMOtZ2FkbyBkZSBLdWtyZSBwYXJhIGNvbWVyWzQwXQ==
H6ZfAw,,XjhDOEM4Q1Bvb3IgTWFuJ3MgVHJlYXN1cmUgKEluIFByb2dyZXNzKV4wMDAwMDA=,,,,,XjhDOEM4Q08gVGVzb3VybyBkbyBWZWxobyAoRW0gQW5kYW1lbnRvKSBeMDAwMDAw,,XjhDOEM4Q0VsIHRlc29ybyBkZWwgcG9icmUgKGVuIGN1cnNvKV4wMDAwMDA=
IKZfAw,,XjhDOEM4Q1Bvb3IgTWFuJ3MgVHJlYXN1cmUgKFdhaXRpbmcpXjAwMDAwMA==,,,,,XjhDOEM4Q08gVGVzb3VybyBkbyBWZWxobyAoQWd1YXJkYW5kbyleMDAwMDAw,,XjhDOEM4Q0VsIHRlc29ybyBkZWwgcG9icmUgKGVuIGVzcGVyYSleMDAwMDAw
IaZfAw,,UG9vciBNYW4ncyBUcmVhc3VyZSBbNDBd,,,,,TyBUZXNvdXJvIGRvIFZlbGhvIFs0MF0=,,RWwgdGVzb3JvIGRlbCBwb2JyZVs0MF0=
IqZfAw,,XjhDOEM4Q0NsZWFuIFNoaXB3cmVjayAxRiAoSW4gUHJvZ3Jlc3MpXjAwMDAwMA==,,,,,XjhDOEM4Q0xpbXBhciBOYXVmcsOhZ2lvICgxKSAoRW0gQW5kYW1lbnRvKV4wMDAwMDA=,,XjhDOEM4Q0xpbXBpZXphIGRlbCBiYXJjbyBodW5kaWRvUDEgKGVuIGN1cnNvKV4wMDAwMDA=
I6ZfAw,,XjhDOEM4Q0NsZWFuIFNoaXB3cmVjayAxRiAoV2FpdGluZyleMDAwMDAw,,,,,XjhDOEM4Q0xpbXBhciBOYXVmcsOhZ2lvICgxKSAoQWd1YXJkYW5kbyleMDAwMDAw,,XjhDOEM4Q0xpbXBpZXphIGRlbCBiYXJjbyBodW5kaWRvUDEgKGVuIGVzcGVyYSleMDAwMDAw
JKZfAw,,Q2xlYW4gU2hpcHdyZWNrIDFGIFs0MF0=,,,,,TGltcGFyIE5hdWZyw6FnaW8gKDEpIFs0MF0=,,TGltcGllemEgZGVsIGJhcmNvIGh1bmRpZG9QMSBbNDBd
JaZfAw,,XjhDOEM4Q0NsZWFuIFNoaXB3cmVjayAyRiAoSW4gUHJvZ3Jlc3MpXjAwMDAwMA==,,,,,XjhDOEM4Q0xpbXBhciBuYXVmcsOhZ2lvICgyKSAoRW0gQW5kYW1lbnRvKV4wMDAwMDA=,,XjhDOEM4Q0xpbXBpZXphIGRlbCBiYXJjbyBodW5kaWRvUDIgKGVuIGN1cnNvKV4wMDAwMDA=
JqZfAw,,XjhDOEM4Q0NsZWFuIFNoaXB3cmVjayAyRiAoV2FpdGluZyleMDAwMDAw,,,,,XjhDOEM4Q0xpbXBhciBOYXVmcsOhZ2lvICgyKSAoQWd1YXJkYW5kbyleMDAwMDAw,,XjhDOEM4Q0xpbXBpZXphIGRlbCBiYXJjbyBodW5kaWRvUDIgKGVuIGVzcGVyYSleMDAwMDAw
J6ZfAw,,Q2xlYW4gU2hpcHdyZWNrIDJGIFs0MF0=,,,,,TGltcGFyIG8gTmF1ZnLDoWdpbyAoMikgWzQwXQ==,,TGltcGllemEgZGVsIGJhcmNvIGh1bmRpZG9QMiBbNDBd
KKZfAw,,XjhDOEM4Q05vYmxlIFdhciAoSW4gUHJvZ3Jlc3MpXjAwMDAwMA==,,,,,XjhDOEM4Q0d1ZXJyYSBOb2JyZSAoRW0gQW5kYW1lbnRvKV4wMDAwMDA=,,XjhDOEM4Q0xhIEd1ZXJyYSBOb2JsZSAoZW4gY3Vyc28pXjAwMDAwMA==
KaZfAw,,XjhDOEM4Q05vYmxlIFdhciAoV2FpdGluZyleMDAwMDAw,,,,,XjhDOEM4Q0d1ZXJyYSBOb2JyZSAoQWd1YXJkYW5kbyleMDAwMDAw,,XjhDOEM4Q0xhIEd1ZXJyYSBOb2JsZSAoZW4gZXNwZXJhKV4wMDAwMDA=
KqZfAw,,Tm9ibGUgV2FyIFs0MF0=,,,,,R3VlcnJhIE5vYnJlIFs0MF0=,,TGEgR3VlcnJhIE5vYmxlIFs0MF0=
K6ZfAw,,XjhDOEM4Q1NlYXNoZWxsIERpZ2dpbmcgRXhwZXJpZW5jZSAoSW4gUHJvZ3Jlc3MpXjAwMDAwMA==,,,,,XjhDOEM4Q0NhdGFkb3IgZGUgT3N0cmFzIChFbSBBbmRhbWVudG8pXjAwMDAwMA==,,XjhDOEM4Q0V4cGVyaWVuY2lhIGRlbCBNb2x1c3F1ZW8gKGVuIGN1cnNvKV4wMDAwMDA=
LKZfAw,,XjhDOEM4Q1NlYXNoZWxsIERpZ2dpbmcgRXhwZXJpZW5jZSAoV2FpdGluZyleMDAwMDAw,,,,,XjhDOEM4Q0NhdGFkb3IgZGUgT3N0cmFzIChBZ3VhcmRhbmRvKV4wMDAwMDA=,,XjhDOEM4Q0V4cGVyaWVuY2lhIGRlbCBNb2x1c3F1ZW8gKGVuIGVzcGVyYSleMDAwMDAw
LaZfAw,,U2Vhc2hlbGwgRGlnZ2luZyBFeHBlcmllbmNlIFs0MF0=,,,,,Q2F0YWRvciBkZSBPc3RyYXMgWzQwXQ==,,RXhwZXJpZW5jaWEgZGVsIE1vbHVzcXVlb1s0MF0=
LqZfAw,,XjhDOEM4Q0Rpc2d1c3RpbmcgT3JjcyhJbiBQcm9ncmVzcyleMDAwMDAw,,,,,XjhDOEM4Q09yY3MgTm9qZW50b3MoRW0gQW5kYW1lbnRvKV4wMDAwMDA=,,XjhDOEM4Q09yY29zIHJlcHVnbmFudGVzIChlbiBjdXJzbyleMDAwMDAw
L6ZfAw,,XjhDOEM4Q0Rpc2d1c3RpbmcgT3JjcyhXYWl0aW5nKV4wMDAwMDA=,,,,,XjhDOEM4Q09yY3MgTm9qZW50b3MoQWd1YXJkYW5kbyleMDAwMDAw,,XjhDOEM4Q09yY29zIHJlcHVnbmFudGVzIChlbiBlc3BlcmEpXjAwMDAwMA==
MKZfAw,,RGlzZ3VzdGluZyBPcmNzIFs0MF0=,,,,,T3JjcyBOb2plbnRvcyBbNDBd,,T3Jjb3MgcmVwdWduYW50ZXMgWzQwXQ==
MaZfAw,,XjhDOEM4Q0EgZ3JlZWR5IHBlcnNvbiAoSW4gUHJvZ3Jlc3MpXjAwMDAwMA==,,,,,XjhDOEM4Q+KAnEEgZ2Fuw6JuY2lhIHF1ZSB0ZSBtb3ZlLi4u4oCdIChFbSBBbmRhbWVudG8pXjAwMDAwMA==,,XjhDOEM4Q1VuYSBwZXJzb25hIGNvZGljaW9zYSAoZW4gY3Vyc28pXjAwMDAwMA==
MqZfAw,,XjhDOEM4Q0EgZ3JlZWR5IHBlcnNvbiAoV2FpdGluZyleMDAwMDAw,,,,,XjhDOEM4Q+KAnEEgZ2Fuw6JuY2lhIHF1ZSB0ZSBtb3ZlLi4u4oCdIChBZ3VhcmRhbmRvKV4wMDAwMDA=,,XjhDOEM4Q1VuYSBwZXJzb25hIGNvZGljaW9zYSAoZW4gZXNwZXJhKV4wMDAwMDA=
M6ZfAw,,QSBncmVlZHkgcGVyc29uIFs0MF0=,,,,,4oCcQSBnYW7Dom5jaWEgcXVlIHRlIG1vdmUuLi7igJ0gWzQwXQ==,,VW5hIHBlcnNvbmEgY29kaWNpb3NhIFs0MF0=
NKZfAw,,XjhDOEM4Q09wZXJhdGlvbiBPcmMgV2lwZW91dCAoSW4gUHJvZ3Jlc3MpXjAwMDAwMA==,,,,,XjhDOEM4Q09wZXJhw6fDo28gVmFycmVkdXJhIGRlIE9yY3MgKEVtIEFuZGFtZW50byleMDAwMDAw,,XjhDOEM4Q09wZXJhY2nDs24gQW5pcXVpbGFjacOzbiBkZSBPcmNvcyAoZW4gY3Vyc28pXjAwMDAwMA==
NaZfAw,,XjhDOEM4Q09wZXJhdGlvbiBPcmMgV2lwZW91dCAoV2FpdGluZyleMDAwMDAw,,,,,XjhDOEM4Q09wZXJhw6fDo28gVmFycmVkdXJhIGRlIE9yY3MgKEFndWFyZGFuZG8pXjAwMDAwMA==,,XjhDOEM4Q09wZXJhY2nDs24gQW5pcXVpbGFjacOzbiBkZSBPcmNvcyAoZW4gZXNwZXJhKV4wMDAwMDA=
NqZfAw,,T3BlcmF0aW9uIE9yYyBXaXBlb3V0IFs0MF0=,,,,,T3BlcmHDp8OjbyBWYXJyZWR1cmEgZGUgT3JjcyBbNDBd,,T3BlcmFjacOzbiBBbmlxdWlsYWNpw7NuIGRlIE9yY29zIFs0MF0=
N6ZfAw,,XjhDOEM4Q0dydWVzb21lIEdvYmxpbiBDbGVhbnVwIChJbiBQcm9ncmVzcyleMDAwMDAw,,,,,XjhDOEM4Q0ZheGluYSBCcnV0YWwgZG9zIEdvYmxpbnMgKEVtIEFuZGFtZW50byleMDAwMDAw,,XjhDOEM4Q0xpbXBpZXphIGRlIGR1ZW5kZXMgZGVzYWdyYWRhYmxlcyAoZW4gY3Vyc28pXjAwMDAwMA==
OKZfAw,,XjhDOEM4Q0dydWVzb21lIEdvYmxpbiBDbGVhbnVwIChXYWl0aW5nKV4wMDAwMDA=,,,,,XjhDOEM4Q0ZheGluYSBCcnV0YWwgZG9zIEdvYmxpbnMgKEFndWFyZGFuZG8pXjAwMDAwMA==,,XjhDOEM4Q0xpbXBpZXphIGRlIGR1ZW5kZXMgZGVzYWdyYWRhYmxlcyAoZW4gZXNwZXJhKV4wMDAwMDA=
OaZfAw,,R3J1ZXNvbWUgR29ibGluIENsZWFudXAgWzQwXQ==,,,,,RmF4aW5hIEJydXRhbCBkb3MgR29ibGlucyBbNDBd,,TGltcGllemEgZGUgZHVlbmRlcyBkZXNhZ3JhZGFibGVzWzQwXQ==
OqZfAw,,XjhDOEM4Q1N3aWZ0IEdvYmxpbiBDbGVhbnVwIChJbiBQcm9ncmVzcyleMDAwMDAw,,,,,XjhDOEM4Q0xpbXBlemEgZG9zIEdvYmxpbnMgw4FnZWlzIChFbSBBbmRhbWVudG8pXjAwMDAwMA==,,XjhDOEM4Q0xpbXBpZXphIGRlIER1ZW5kZXMgdmVsb2NlcyAoZW4gY3Vyc28pXjAwMDAwMA==
O6ZfAw,,XjhDOEM4Q1N3aWZ0IEdvYmxpbiBDbGVhbnVwIChXYWl0aW5nKV4wMDAwMDA=,,,,,XjhDOEM4Q0xpbXBlemEgZG9zIEdvYmxpbnMgw4FnZWlzIChBZ3VhcmRhbmRvKV4wMDAwMDA=,,XjhDOEM4Q0xpbXBpZXphIGRlIER1ZW5kZXMgdmVsb2NlcyAoZW4gZXNwZXJhKV4wMDAwMDA=
PKZfAw,,U3dpZnQgR29ibGluIENsZWFudXAgWzQwXQ==,,,,,TGltcGV6YSBkb3MgR29ibGlucyDDgWdlaXMgWzQwXQ==,,TGltcGllemEgZGUgRHVlbmRlcyB2ZWxvY2VzWzQwXQ==
PaZfAw,,XjhDOEM4Q1RvdWdoIEZlbGxvd3MgKEluIFByb2dyZXNzKV4wMDAwMDA=,,,,,XjhDOEM4Q0dhbGVyYSBkYSBQZXNhZGEgKEVtIEFuZGFtZW50bykgXjAwMDAwMA==,,XjhDOEM4Q1RpcG9zIHJ1ZG9zIChlbiBjdXJzbyleMDAwMDAw
PqZfAw,,XjhDOEM4Q1RvdWdoIEZlbGxvd3MgKFdhaXRpbmcpXjAwMDAwMA==,,,,,XjhDOEM4Q0dhbGVyYSBkYSBQZXNhZGEgKEFndWFyZGFuZG8pXjAwMDAwMA==,,XjhDOEM4Q1RpcG9zIHJ1ZG9zIChlbiBlc3BlcmEpXjAwMDAwMA==
P6ZfAw,,VG91Z2ggRmVsbG93cyBbNTBd,,,,,R2FsZXJhIGRhIFBlc2FkYSBbNTBd,,VGlwb3MgcnVkb3NbNTBd
QKZfAw,,XjhDOEM4Q0VnZ3MgYW5kIEdyYXNzaG9wcGVycyAoSW4gUHJvZ3Jlc3MpXjAwMDAwMA==,,,,,XjhDOEM4Q092b3MgZSBHYWZhbmhvdG9zIChFbSBBbmRhbWVudG8pXjAwMDAwMA==,,XjhDOEM4Q0h1ZXZvcyB5IHNhbHRhbW9udGVzIChlbiBjdXJzbyleMDAwMDAw
QaZfAw,,XjhDOEM4Q0VnZ3MgYW5kIEdyYXNzaG9wcGVycyAoV2FpdGluZyleMDAwMDAw,,,,,XjhDOEM4Q092b3MgZSBHYWZhbmhvdG9zIChBZ3VhcmRhbmRvKV4wMDAwMDA=,,XjhDOEM4Q0h1ZXZvcyB5IHNhbHRhbW9udGVzIChlbiBlc3BlcmEpXjAwMDAwMA==
QqZfAw,,RWdncyBhbmQgR3Jhc3Nob3BwZXJzIFs0MF0=,,,,,T3ZvcyBlIEdhZmFuaG90b3MgWzQwXQ==,,SHVldm9zIHkgc2FsdGFtb250ZXMgWzQwXQ==
Q6ZfAw,,XjhDOEM4Q0NvbGxlY3RpbmcgU2FtcGxlcyBpcyBIYXJkZXIgdGhhbiBpdCBBcHBlYXJzISAoSW4gUHJvZ3Jlc3MpXjAwMDAwMA==,,,,,XjhDOEM4Q0NvbGV0YSBkZSBBbW9zdHJhcyBDb21wbGljYWRhISAoSW4gUHJvZ3Jlc3MpXjAwMDAwMA==,,XjhDOEM4Q8KhUmVjb2xlY3RhciBtdWVzdHJhcyBlcyBtw6FzIGRpZsOtY2lsIGRlIGxvIHF1ZSBwYXJlY2UhIChlbiBjdXJzbyleMDAwMDAw
RKZfAw,,XjhDOEM4Q0NvbGxlY3RpbmcgU2FtcGxlcyBpcyBIYXJkZXIgdGhhbiBpdCBBcHBlYXJzISAoV2FpdGluZyleMDAwMDAw,,,,,XjhDOEM4Q0NvbGV0YSBkZSBBbW9zdHJhcyBDb21wbGljYWRhISAoV2FpdGluZyleMDAwMDAw,,XjhDOEM4Q8KhUmVjb2xlY3RhciBtdWVzdHJhcyBlcyBtw6FzIGRpZsOtY2lsIGRlIGxvIHF1ZSBwYXJlY2UhIChlbiBlc3BlcmEpXjAwMDAwMA==
RaZfAw,,Q29sbGVjdGluZyBTYW1wbGVzIGlzIEhhcmRlciB0aGFuIGl0IEFwcGVhcnMhIFs0MF0=,,,,,Q29sZXRhIGRlIEFtb3N0cmFzIENvbXBsaWNhZGEhIFs0MF0=,,wqFSZWNvbGVjdGFyIG11ZXN0cmFzIGVzIG3DoXMgZGlmw61jaWwgZGUgbG8gcXVlIHBhcmVjZSFbNDBd
RqZfAw,,XjhDOEM4Q0dvIHdpdGggdGhlIFRpZGUgKEluIFByb2dyZXNzKV4wMDAwMDA=,,,,,XjhDOEM4Q09saGEgYSBPbmRhIChFbSBBbmRhbWVudG8pXjAwMDAwMA==,,XjhDOEM4Q1NlZ3VpciBsYSBjb3JyaWVudGUgKGVuIGN1cnNvKV4wMDAwMDA=
R6ZfAw,,XjhDOEM4Q0dvIHdpdGggdGhlIFRpZGUgKFdhaXRpbmcpXjAwMDAwMA==,,,,,XjhDOEM4Q09saGEgYSBPbmRhIChBZ3VhcmRhbmRvKV4wMDAwMDA=,,XjhDOEM4Q1NlZ3VpciBsYSBjb3JyaWVudGUgKGVuIGVzcGVyYSleMDAwMDAw
SKZfAw,,R28gd2l0aCB0aGUgVGlkZSBbNDBd,,,,,T2xoYSBhIE9uZGEgWzQwXQ==,,U2VndWlyIGxhIGNvcnJpZW50ZSBbNDBd
SaZfAw,,XjhDOEM4Q0tpbmRuZXNzIHRvIGEgRnJpZW5kIChJbiBQcm9ncmVzcyleMDAwMDAw,,,,,XjhDOEM4Q1VtIEdlc3RvIGRlIEFtaXphZGUgKEVtIEFuZGFtZW50bykgXjAwMDAwMA==,,XjhDOEM4Q0hveSBwb3IgdGksIG1hw7FhbmEgcG9yIG3DrSAoZW4gY3Vyc28pXjAwMDAwMA==
SqZfAw,,XjhDOEM4Q0tpbmRuZXNzIHRvIGEgRnJpZW5kIChXYWl0aW5nKV4wMDAwMDA=,,,,,XjhDOEM4Q1VtIEdlc3RvIGRlIEFtaXphZGUgKEFndWFyZGFuZG8pXjAwMDAwMA==,,XjhDOEM4Q0hveSBwb3IgdGksIG1hw7FhbmEgcG9yIG3DrSAoZW4gZXNwZXJhKV4wMDAwMDA=
S6ZfAw,,S2luZG5lc3MgdG8gYSBGcmllbmQgWzUwXQ==,,,,,VW0gR2VzdG8gZGUgQW1pemFkZSBbNTBd,,SG95IHBvciB0aSwgbWHDsWFuYSBwb3IgbcOtIFs1MF0=
TKZfAw,,XjhDOEM4Q0RlbGl2ZXIgdGhlIEluZ3JlZGllbnRzIChJbiBQcm9ncmVzcyleMDAwMDAw,,,,,XjhDOEM4Q0VudHJlZ3VlIG9zIEluZ3JlZGllbnRlcyAoRW0gQW5kYW1lbnRvKSBeMDAwMDAw,,XjhDOEM4Q0VudHJlZ2EgZGUgaW5ncmVkaWVudGVzIChlbiBjdXJzbyleMDAwMDAw
TaZfAw,,XjhDOEM4Q0RlbGl2ZXIgdGhlIEluZ3JlZGllbnRzIChXYWl0aW5nKV4wMDAwMDA=,,,,,XjhDOEM4Q0VudHJlZ3VlIG9zIEluZ3JlZGllbnRlcyAoQWd1YXJkYW5kbyleMDAwMDAw,,XjhDOEM4Q0VudHJlZ2EgZGUgaW5ncmVkaWVudGVzIChlbiBlc3BlcmEpXjAwMDAwMA==
TqZfAw,,RGVsaXZlciB0aGUgSW5ncmVkaWVudHMgWzUwXQ==,,,,,RW50cmVndWUgb3MgSW5ncmVkaWVudGVzIFs1MF0=,,RW50cmVnYSBkZSBpbmdyZWRpZW50ZXNbNTBd
T6ZfAw,,XjhDOEM4Q0RyZWFtIExvdmVyIChJbiBQcm9ncmVzcyleMDAwMDAw,,,,,XjhDOEM4Q0Ftb3IgSWRlYWwgKEVtIEFuZGFtZW50byleMDAwMDAw,,XjhDOEM4Q0RhbWEgc2/DsWFkYSAoZW4gY3Vyc28pXjAwMDAwMA==
UKZfAw,,XjhDOEM4Q0RyZWFtIExvdmVyIChXYWl0aW5nKV4wMDAwMDA=,,,,,XjhDOEM4Q0Ftb3IgSWRlYWwgKEFndWFyZGFuZG8pXjAwMDAwMA==,,XjhDOEM4Q0RhbWEgc2/DsWFkYSAoZW4gZXNwZXJhKV4wMDAwMDA=
UaZfAw,,RHJlYW0gTG92ZXIgWzUwXQ==,,,,,QW1vciBJZGVhbCBbNTBd,,RGFtYSBzb8OxYWRhWzUwXQ==
UqZfAw,,XjhDOEM4Q0Fubm95aW5nIEd1YXJkcyAoSW4gUHJvZ3Jlc3MpXjAwMDAwMA==,,,,,XjhDOEM4Q0d1YXJkYXMgSXJyaXRhbnRlcyAoRW0gQW5kYW1lbnRvKSBeMDAwMDAw,,XjhDOEM4Q0VzdG9yYm8gZGUgZ3VhcmRpYXMgKGVuIGN1cnNvKV4wMDAwMDA=
U6ZfAw,,XjhDOEM4Q0Fubm95aW5nIEd1YXJkcyAoV2FpdGluZyleMDAwMDAw,,,,,XjhDOEM4Q0d1YXJkYXMgSXJyaXRhbnRlcyAoQWd1YXJkYW5kbyleMDAwMDAw,,XjhDOEM4Q0VzdG9yYm8gZGUgZ3VhcmRpYXMgKGVuIGVzcGVyYSleMDAwMDAw
VKZfAw,,QW5ub3lpbmcgR3VhcmRzIFs1MF0=,,,,,R3VhcmRhcyBJcnJpdGFudGVzIFs1MF0=,,RXN0b3JibyBkZSBndWFyZGlhcyBbNTBd
VaZfAw,,XjhDOEM4Q011bW15IGFuZCBhbiBPbGQgQmx1ZSBCb3ggKEluIFByb2dyZXNzKV4wMDAwMDA=,,,,,XjhDOEM4Q03Dum1pYSBlIHVtYSBWZWxoYSBDYWl4YSBBenVsIChFbSBBbmRhbWVudG8pIF4wMDAwMDA=,,XjhDOEM4Q1VuYSBNb21pYSB5IHVuYSBDYWphIGFudGlndWEgYXp1bCAoZW4gY3Vyc28pXjAwMDAwMA==
VqZfAw,,XjhDOEM4Q011bW15IGFuZCBhbiBPbGQgQmx1ZSBCb3ggKFdhaXRpbmcpXjAwMDAwMA==,,,,,XjhDOEM4Q03Dum1pYSBlIHVtYSBWZWxoYSBDYWl4YSBBenVsIChBZ3VhcmRhbmRvKV4wMDAwMDA=,,XjhDOEM4Q1VuYSBNb21pYSB5IHVuYSBDYWphIGFudGlndWEgYXp1bCAoZW4gZXNwZXJhKV4wMDAwMDA=
V6ZfAw,,TXVtbXkgYW5kIGFuIE9sZCBCbHVlIEJveCBbNDBd,,,,,TcO6bWlhIGUgdW1hIFZlbGhhIENhaXhhIEF6dWwgWzQwXQ==,,VW5hIE1vbWlhIHkgdW5hIENhamEgYW50aWd1YSBhenVsWzQwXQ==
WKZfAw,,XjhDOEM4Q0luc29tbmlhYyAoSW4gUHJvZ3Jlc3MpXjAwMDAwMA==,,,,,XjhDOEM4Q0luc8O0bmlhIChFbSBBbmRhbWVudG8pXjAwMDAwMA==,,XjhDOEM4Q0luc29tbmUgKGVuIGN1cnNvKV4wMDAwMDA=
WaZfAw,,XjhDOEM4Q0luc29tbmlhYyAoV2FpdGluZyleMDAwMDAw,,,,,XjhDOEM4Q0luc8O0bmlhIChBZ3VhcmRhbmRvKV4wMDAwMDA=,,XjhDOEM4Q0luc29tbmUgKGVuIGVzcGVyYSleMDAwMDAw
WqZfAw,,SW5zb21uaWFjIFs1MF0=,,,,,SW5zw7RuaWEgWzUwXQ==,,SW5zb21uZVs1MF0=
W6ZfAw,,XjhDOEM4Q0RlZmVhdCBJc2lzIChJbiBQcm9ncmVzcyleMDAwMDAw,,,,,XjhDOEM4Q0RlcnJvdGUgw41zaXMgKEVtIEFuZGFtZW50bykgXjAwMDAwMA==,,XjhDOEM4Q0RlcnJvdGEgYSBJc2lzIChlbiBjdXJzbyleMDAwMDAw
XKZfAw,,XjhDOEM4RGVmZWF0IElzaXMgKFdhaXRpbmcpXjAwMDAwMA==,,,,,XjhDOEM4RERlcnJvdGUgw41zaXMgKEFndWFyZGFuZG8pXjAwMDAwMA==,,XjhDOEM4RERlcnJvdGEgYSBJc2lzIChlbiBlc3BlcmEpXjAwMDAwMA==
XaZfAw,,RGVmZWF0IElzaXMgWzYwXQ==,,,,,RGVycm90ZSDDjXNpcyBbNjBd,,RGVycm90YSBhIElzaXMgWzYwXQ==
XqZfAw,,XjhDOEM4Q1NwaGlueCdzIFdvcmtlcnMgKEluIFByb2dyZXNzKV4wMDAwMDA=,,,,,XjhDOEM4Q1RyYWJhbGhhZG9yZXMgZGEgRXNmaW5nZSAoRW0gQW5kYW1lbnRvKSBeMDAwMDAw,,XjhDOEM4Q1RyYWJhamFkb3JlcyBkZSBsYSBlc2ZpbmdlIChlbiBjdXJzbyleMDAwMDAw
X6ZfAw,,XjhDOEM4Q1NwaGlueCdzIFdvcmtlcnMgKFdhaXRpbmcpXjAwMDAwMA==,,,,,XjhDOEM4Q1RyYWJhbGhhZG9yZXMgZGEgRXNmaW5nZSAoQWd1YXJkYW5kbyleMDAwMDAw,,XjhDOEM4Q1RyYWJhamFkb3JlcyBkZSBsYSBlc2ZpbmdlIChlbiBlc3BlcmEpXjAwMDAwMA==
YKZfAw,,U3BoaW54J3MgV29ya2VycyBbNjBd,,,,,VHJhYmFsaGFkb3JlcyBkYSBFc2ZpbmdlIFs2MF0=,,VHJhYmFqYWRvcmVzIGRlIGxhIGVzZmluZ2UgWzYwXQ==
YaZfAw,,XjhDOEM4Q1NlY3JldCBvZiB0aGUgU3BoaW54IChJbiBQcm9ncmVzcyleMDAwMDAw,,,,,XjhDOEM4Q1NlZ3JlZG8gZGEgRXNmaW5nZSAoRW0gQW5kYW1lbnRvKV4wMDAwMDA=,,XjhDOEM4Q0VsIHNlY3JldG8gZGUgbGEgZXNmaW5nZSAoZW4gY3Vyc28pXjAwMDAwMA==
YqZfAw,,XjhDOEM4Q1NlY3JldCBvZiB0aGUgU3BoaW54IChXYWl0aW5nKV4wMDAwMDA=,,,,,XjhDOEM4Q1NlZ3JlZG8gZGEgRXNmaW5nZSAoQWd1YXJkYW5kbyleMDAwMDAw,,XjhDOEM4Q0VsIHNlY3JldG8gZGUgbGEgZXNmaW5nZSAoZW4gZXNwZXJhKV4wMDAwMDA=
Y6ZfAw,,U2VjcmV0IG9mIHRoZSBTcGhpbnggWzYwXQ==,,,,,U2VncmVkbyBkYSBFc2ZpbmdlIFs2MF0=,,RWwgc2VjcmV0byBkZSBsYSBlc2ZpbmdlIFs2MF0=
ZKZfAw,,XjhDOEM4Q0d1eXMgd2hvIGdldCBpbiB0aGUgd2F5IChJbiBQcm9ncmVzcyleMDAwMDAw,,,,,XjhDOEM4Q0dlbnRlIEludHJvbWV0aWRhIChFbSBBbmRhbWVudG8pXjAwMDAwMA==,,XjhDOEM4Q1RpcG9zIHF1ZSBlc3RvcmJhbiAoZW4gY3Vyc28pXjAwMDAwMA==
ZaZfAw,,XjhDOEM4Q0d1eXMgd2hvIGdldCBpbiB0aGUgd2F5IChXYWl0aW5nKV4wMDAwMDA=,,,,,XjhDOEM4Q0dlbnRlIEludHJvbWV0aWRhIChBZ3VhcmRhbmRvKV4wMDAwMDA=,,XjhDOEM4Q1RpcG9zIHF1ZSBlc3RvcmJhbiAoZW4gZXNwZXJhKV4wMDAwMDA=
ZqZfAw,,R3V5cyB3aG8gZ2V0IGluIHRoZSB3YXkgWzUwXQ==,,,,,R2VudGUgSW50cm9tZXRpZGEgWzUwXQ==,,VGlwb3MgcXVlIGVzdG9yYmFuWzUwXQ==
Z6ZfAw,,XjhDOEM4Q1NvdWwgUHVyaWZpY2F0aW9uIFJpdHVhbCAoSW4gUHJvZ3Jlc3MpXjAwMDAwMA==,,,,,XjhDOEM4Q1JpdHVhbCBkZSBQdXJpZmljYcOnw6NvIGRhIEFsbWEgKEVtIEFuZGFtZW50byleMDAwMDAw,,XjhDOEM4Q1JpdHVhbCBkZSBwdXJpZmljYWNpw7NuIGRlbCBhbG1hIChlbiBjdXJzbyleMDAwMDAw
aKZfAw,,XjhDOEM4Q1NvdWwgUHVyaWZpY2F0aW9uIFJpdHVhbCAoV2FpdGluZyleMDAwMDAw,,,,,XjhDOEM4Q1JpdHVhbCBkZSBQdXJpZmljYcOnw6NvIGRhIEFsbWEgKEFndWFyZGFuZG8pXjAwMDAwMA==,,XjhDOEM4Q1JpdHVhbCBkZSBwdXJpZmljYWNpw7NuIGRlbCBhbG1hIChlbiBlc3BlcmEpXjAwMDAwMA==
aaZfAw,,U291bCBQdXJpZmljYXRpb24gUml0dWFsIFs1MF0=,,,,,Uml0dWFsIGRlIFB1cmlmaWNhw6fDo28gZGEgQWxtYSBbNTBd,,Uml0dWFsIGRlIHB1cmlmaWNhY2nDs24gZGVsIGFsbWEgWzUwXQ==
aqZfAw,,XjhDOEM4Q1RoZSBCZXN0IE1lZGljaW5lIChJbiBQcm9ncmVzcyleMDAwMDAw,,,,,XjhDOEM4Q08gTWVsaG9yIFJlbcOpZGlvIChFbSBBbmRhbWVudG8pXjAwMDAwMA==,,XjhDOEM4Q0xhIG1lam9yIG1lZGljaW5hIChlbiBjdXJzbyleMDAwMDAw
a6ZfAw,,XjhDOEM4Q1RoZSBCZXN0IE1lZGljaW5lIChXYWl0aW5nKV4wMDAwMDA=,,,,,XjhDOEM4Q08gTWVsaG9yIFJlbcOpZGlvIChBZ3VhcmRhbmRvKV4wMDAwMDA=,,XjhDOEM4Q0xhIG1lam9yIG1lZGljaW5hIChlbiBlc3BlcmEpXjAwMDAwMA==
bKZfAw,,VGhlIEJlc3QgTWVkaWNpbmUgWzUwXQ==,,,,,TyBNZWxob3IgUmVtw6lkaW8gWzUwXQ==,,TGEgbWVqb3IgbWVkaWNpbmEgWzUwXQ==
baZfAw,,XjhDOEM4Q1RyYWNlcyBvZiBHcmVhdCBNYWdpYyAoSW4gUHJvZ3Jlc3MpXjAwMDAwMA==,,,,,XjhDOEM4Q1RyYcOnb3MgZGUgR3JhbmRlIE1hZ2lhIChFbSBBbmRhbWVudG8pIF4wMDAwMDA=,,XjhDOEM4Q1Jhc3Ryb3MgZGUgbWFnaWEgcG9kZXJvc2EgKGVuIGN1cnNvKV4wMDAwMDA=
bqZfAw,,XjhDOEM4Q1RyYWNlcyBvZiBHcmVhdCBNYWdpYyAoV2FpdGluZyleMDAwMDAw,,,,,XjhDOEM4Q1RyYcOnb3MgZGUgR3JhbmRlIE1hZ2lhIChBZ3VhcmRhbmRvKV4wMDAwMDA=,,XjhDOEM4Q1Jhc3Ryb3MgZGUgbWFnaWEgcG9kZXJvc2EgKGVuIGVzcGVyYSleMDAwMDAw
b6ZfAw,,VHJhY2VzIG9mIEdyZWF0IE1hZ2ljIFs1MF0=,,,,,VHJhw6dvcyBkZSBHcmFuZGUgTWFnaWEgWzUwXQ==,,UmFzdHJvcyBkZSBtYWdpYSBwb2Rlcm9zYVs1MF0=
cKZfAw,,XjhDOEM4Q0h1bnRlcmZseSBIdW50aW5nIChJbiBQcm9ncmVzcyleMDAwMDAw,,,,,XjhDOEM4Q0Nhw6dhIMOgIE1vc2NhLUNhw6dhZG9yYSAoRW0gQW5kYW1lbnRvKV4wMDAwMDA=,,XjhDOEM4Q0NhY2Vyw61hIGRlIGxhIG1vc2NhIGNhemFkb3JhIChlbiBjdXJzbyleMDAwMDAw
caZfAw,,XjhDOEM4Q0h1bnRlcmZseSBIdW50aW5nIChXYWl0aW5nKV4wMDAwMDA=,,,,,XjhDOEM4Q0Nhw6dhIMOgIE1vc2NhLUNhw6dhZG9yYSAoQWd1YXJkYW5kbyleMDAwMDAw,,XjhDOEM4Q0NhY2Vyw61hIGRlIGxhIG1vc2NhIGNhemFkb3JhIChlbiBlc3BlcmEpXjAwMDAwMA==
cqZfAw,,SHVudGVyZmx5IEh1bnRpbmcgWzU1XQ==,,,,,Q2HDp2Egw6AgTW9zY2EtQ2HDp2Fkb3JhIFs1NV0=,,Q2FjZXLDrWEgZGUgbGEgbW9zY2EgY2F6YWRvcmEgWzU1XQ==
c6ZfAw,,XjhDOEM4Q0dob3VsIGFuZCBKYWtrIEh1bnRpbmcgKEluIFByb2dyZXNzKV4wMDAwMDA=,,,,,XjhDOEM4Q0Nhw6dhIGRlIENhcm5pw6dhbCBlIEpha2sgKEVtIEFuZGFtZW50byleMDAwMDAw,,XjhDOEM4Q0NhY2Vyw61hIGRlIE5lY3LDs2ZhZ29zIHkgSmFrayAoZW4gY3Vyc28pXjAwMDAwMA==
dKZfAw,,XjhDOEM4Q0dob3VsIGFuZCBKYWtrIEh1bnRpbmcgKFdhaXRpbmcpXjAwMDAwMA==,,,,,XjhDOEM4Q0Nhw6dhIGRlIENhcm5pw6dhbCBlIEpha2sgKEFndWFyZGFuZG8pXjAwMDAwMA==,,XjhDOEM4Q0NhY2Vyw61hIGRlIE5lY3LDs2ZhZ29zIHkgSmFrayAoZW4gZXNwZXJhKV4wMDAwMDA=
daZfAw,,R2hvdWwgYW5kIEpha2sgSHVudGluZyBbNTVd,,,,,Q2HDp2EgZGUgQ2FybmnDp2FsIGUgSmFrayBbNTVd,,Q2FjZXLDrWEgZGUgTmVjcsOzZmFnb3MgeSBKYWtrIFs1NV0=
dqZfAw,,XjhDOEM4Q0N1dGUgU2NvdW5kcmVscyAoSW4gUHJvZ3Jlc3MpXjAwMDAwMA==,,,,,XjhDOEM4Q0NhbmFsaGFzIEZvZm9zIChFbSBBbmRhbWVudG8pXjAwMDAwMA==,,XjhDOEM4Q0Fkb3JhYmxlcyBzaW52ZXJnw7xlbnphcyAoZW4gY3Vyc28pXjAwMDAwMA==
d6ZfAw,,XjhDOEM4Q0N1dGUgU2NvdW5kcmVscyAoV2FpdGluZyleMDAwMDAw,,,,,XjhDOEM4Q0NhbmFsaGFzIEZvZm9zIChBZ3VhcmRhbmRvKV4wMDAwMDA=,,XjhDOEM4Q0Fkb3JhYmxlcyBzaW52ZXJnw7xlbnphcyAoZW4gZXNwZXJhKV4wMDAwMDA=
eKZfAw,,Q3V0ZSBTY291bmRyZWxzIFs2MF0=,,,,,Q2FuYWxoYXMgRm9mb3MgWzYwXQ==,,QWRvcmFibGVzIHNpbnZlcmfDvGVuemFzWzYwXQ==
eaZfAw,,XjhDOEM4Q1N0aWZmIEZlbGxvd3MgKEluIFByb2dyZXNzKV4wMDAwMDA=,,,,,XjhDOEM4Q0dhbGVyYSBkbyBCYWxhY29iYWNvIChFbSBBbmRhbWVudG8pXjAwMDAwMA==,,XjhDOEM4Q0R1cm9zIGRlIHJvZXIgKGVuIGN1cnNvKV4wMDAwMDA=
eqZfAw,,XjhDOEM4Q1N0aWZmIEZlbGxvd3MgKFdhaXRpbmcpXjAwMDAwMA==,,,,,XjhDOEM4Q0dhbGVyYSBkbyBCYWxhY29iYWNvIChBZ3VhcmRhbmRvKV4wMDAwMDA=,,XjhDOEM4Q0R1cm9zIGRlIHJvZXIgKGVuIGVzcGVyYSleMDAwMDAw
e6ZfAw,,U3RpZmYgRmVsbG93cyBbNjBd,,,,,R2FsZXJhIGRvIEJhbGFjb2JhY28gWzYwXQ==,,RHVyb3MgZGUgcm9lciBbNjBd
fKZfAw,,XjhDOEM4Q0dyb3NzIEZlbGxvd3MgKEluIFByb2dyZXNzKV4wMDAwMDA=,,,,,XjhDOEM4Q0dhbGVyYSBEZXNhZ3JhZMOhdmVsIChFbSBBbmRhbWVudG8pXjAwMDAwMA==,,XjhDOEM4Q0NyaWF0dXJhcyBkZXNhZ3JhZGFibGVzIChlbiBjdXJzbyleMDAwMDAw
faZfAw,,XjhDOEM4Q0dyb3NzIEZlbGxvd3MgKFdhaXRpbmcpXjAwMDAwMA==,,,,,XjhDOEM4Q0dhbGVyYSBEZXNhZ3JhZMOhdmVsIChBZ3VhcmRhbmRvKV4wMDAwMDA=,,XjhDOEM4Q0NyaWF0dXJhcyBkZXNhZ3JhZGFibGVzIChlbiBlc3BlcmEpXjAwMDAwMA==
fqZfAw,,R3Jvc3MgRmVsbG93cyBbNjBd,,,,,R2FsZXJhIERlc2FncmFkw6F2ZWwgWzYwXQ==,,Q3JpYXR1cmFzIGRlc2FncmFkYWJsZXNbNjBd
f6ZfAw,,U2hpcHdyZWNrIFs0MF0=,,,,,TmF1ZnLDoWdpbyBbNDBd,,QmFuY28gaHVuZGlkbyBbNDBd
gKZfAw,,SHVnZWwgWzQwXQ==,,,,,SHVnZWwgWzQwXQ==,,SHVnZWwgWzQwXQ==
gaZfAw,,T3JjIFZpbGxhZ2UgWzQwLTUwXQ==,,,,,VmlsYSBkb3MgT3JjcyBbNDAtNTBd,,UHVlYmxvIGRlIE9yY28gWzQwLTUwXQ==
gqZfAw,,SXpsdWRlIFs0MC01MF0=,,,,,SXpsdWRlIFs0MC01MF0=,,SXpsdWRlIFs0MC01MF0=
g6ZfAw,,TW9ycm9jIFs0MC02MF0=,,,,,TW9ycm9jIFs0MC02MF0=,,TW9ycm9jIFs0MC02MF0=
hKZfAw,,UGF5b24gRHVuZ2VvbiBbNTBd,,,,,Q2FsYWJvdcOnbyBkZSBQYXlvbiBbNTBd,,TWF6bW9ycmEgZGUgUGF5b24gWzUwXQ==
haZfAw,,R2VmZmVuIER1bmdlb24gWzU1XQ==,,,,,Q2FsYWJvdcOnbyBkZSBHZWZmZW4gWzU1XQ==,,TWF6bW9ycmEgZGUgR2VmZmVuIFs1NV0=
hqZfAw,,Q29tb2RvIFs2MF0=,,,,,Q29tb2RvIFs2MF0=,,Q29tb2RvIFs2MF0=
h6ZfAw,,W1JlcXVlc3QgQ29tcGxldGVkXQpMb2NhdGlvbjogU2hpcHdyZWNrIDFGClRhcmdldDogRGVmZWF0IDIwIFBpcmF0ZSBTa2VsZXRvbgpSZXdhcmQ6IEV4cCA4NjAwLCBKZXhwIDk2MDA=,,,,,W1NvbGljaXRhw6fDo28gQ29uY2x1w61kYV0KTG9jYWxpemHDp8OjbzogTmF1ZnLDoWdpbyAoMSkKT2JqZXRpdm86IERlcnJvdGFyIDIwIEVzcXVlbGV0b3MgUGlyYXRhClJlY29tcGVuc2E6IEV4cCA4NjAwLCBKZXhwIDk2MDA=,,W1NvbGljaXR1ZCBjb21wbGV0YWRhXQpVYmljYWNpw7NuOiBCYXJjbyBodW5kaWRvUDEuCk9iamV0aXZvOiBEZXJyb3RhIGEgMjBFc3F1ZWxldG9zIHBpcmF0YXMuClByZW1pbzogODYwMGRlRVhQIHkgOTYwMGRlRVhQZGVjbGFzZS4=
iKZfAw,,W1RpbW90aHkncyBSZXF1ZXN0LCBOb3J0aGVybiBBbGJlcnRhXQpMb2NhdGlvbjogU2hpcHdyZWNrIDFGClRhcmdldDogRGVmZWF0IDIwIFBpcmF0ZSBTa2VsZXRvbgpSZXdhcmQ6IEV4cCA4NjAwLCBKZXhwIDk2MDA=,,,,,W1BlZGlkbyBkZSBUaW1vdGh5LCBhbyBOb3J0ZSBkZSBBbGJlcnRhXQpMb2NhbGl6YcOnw6NvOiBOYXVmcsOhZ2lvICgxKQpPYmpldGl2bzogRGVycm90YXIgMjAgRXNxdWVsZXRvcyBQaXJhdGEKUmVjb21wZW5zYTogRXhwIDg2MDAsIEpleHAgOTYwMA==,,W1NvbGljaXR1ZCBkZSBUaW1vdGh5IGVuIGVsIG5vcnRlIGRlIEFsYmVydGFdClViaWNhY2nDs246IEJhcmNvIGh1bmRpZG9QMS4KT2JqZXRpdm86IERlcnJvdGEgYSAyMEVzcXVlbGV0b3MgcGlyYXRhcy4KUHJlbWlvOiA4NjAwZGVFWFAgeSA5NjAwZGVFWFBkZWNsYXNlLg==
iaZfAw,,VGltb3RoeSdzIFJlcXVlc3QsIE5vcnRoZXJuIEFsYmVydGEKXjRENERGRltGcmllbmRzIFJlc2N1ZV1eMDAwMDAwIFF1ZXN0IGFjY2VwdGVkLg==,,,,,UGVkaWRvIGRlIFRpbW90aHksIGFvIE5vcnRlIGRlIEFsYmVydGEKXjRENERGRltSZXNnYXRlIGRlIEFtaWdvc11eMDAwMDAwIE1pc3PDo28gYWNlaXRhLg==,,U29saWNpdHVkIGRlIFRpbW90aHkgZW4gZWwgbm9ydGUgZGUgQWxiZXJ0YS4KXjRENERGRltBbWlnb3MgYWwgcmVzY2F0ZV1eMDAwMDAwOiBtaXNpw7NuIGFjZXB0YWRhLg==
iqZfAw,,W1JlcXVlc3QgQ29tcGxldGVkXQpMb2NhdGlvbjogU2hpcHdyZWNrIDFGClRhcmdldDogRGVmZWF0IDEwIEt1a3JlClJld2FyZDogRXhwIDY1MDAsIEpleHAgNjUwMA==,,,,,W1NvbGljaXRhw6fDo28gQ29uY2x1w61kYV0KTG9jYWxpemHDp8OjbzogTmF1ZnLDoWdpbyAoMSkKT2JqZXRpdm86IERlcnJvdGFyIDEwIEt1a3JlClJlY29tcGVuc2E6IEV4cCA2NTAwLCBKZXhwIDY1MDA=,,W1NvbGljaXR1ZCBjb21wbGV0YWRhXQpVYmljYWNpw7NuOiBCYXJjbyBodW5kaWRvUDEuCk9iamV0aXZvOiBEZXJyb3RhIGEgMTBLdWtyZS4KUHJlbWlvOiA2NTAwZGVFWFAgeSA2NTAwZGVFWFBkZWNsYXNlLg==
i6ZfAw,,W1JlcXVlc3QgZnJvbSBab25kYSBwcm9tb3RlciBpbnNpZGUgQWxiZXJ0YSBidWlsZGluZ10KTG9jYXRpb246IFNoaXB3cmVjayAxRgpUYXJnZXQ6IERlZmVhdCAxMCBLdWtyZQpSZXdhcmQ6IEV4cCA2NTAwLCBKZXhwIDY1MDA=,,,,,W1BlZGlkbyBkbyBwcm9tb3RvciBkYSBab25kYSBuYSBDYXNhIGVtIEFsYmVydGFdCkxvY2FsaXphw6fDo286IE5hdWZyw6FnaW8gKDEpCk9iamV0aXZvOiBEZXJyb3RhciAxMCBLdWtyZQpSZWNvbXBlbnNhOiBFeHAgNjUwMCwgSmV4cCA2NTAw,,W1NvbGljaXR1ZCBkZWwgcHJvbW90b3IgZGUgWm9uZGEgZGVudHJvIGRlIHVuIGVkaWZpY2lvIGRlIEFsYmVydGFdClViaWNhY2nDs246IEJhcmNvIGh1bmRpZG9QMS4KT2JqZXRpdm86IERlcnJvdGEgYSAxMEt1a3JlLgpQcmVtaW86IDY1MDBkZUVYUCB5IDY1MDBkZUVYUGRlY2xhc2Uu
jKZfAw,,UmVxdWVzdCBmcm9tIFpvbmRhIHByb21vdGVyIGluc2lkZSBBbGJlcnRhIGJ1aWxkaW5nCl40RDRERkZbRWF0aW5nIEt1a3JlIExpdmVyXV4wMDAwMDAgUXVlc3QgYWNjZXB0ZWQu,,,,,UGVkaWRvIGRvIHByb21vdG9yIGRvIFpvbmRhIG5hIENhc2EgZW0gQWxiZXJ0YQpeNEQ0REZGW0t1a3JlIENvbWV1IV1eMDAwMDAwIE1pc3PDo28gYWNlaXRhLg==,,U29saWNpdHVkIGRlbCBwcm9tb3RvciBkZSBab25kYSBkZW50cm8gZGUgdW4gZWRpZmljaW8gZGUgQWxiZXJ0YS4KXjRENERGRltIw61nYWRvIGRlIEt1a3JlIHBhcmEgY29tZXJdXjAwMDAwMDogbWlzacOzbiBhY2VwdGFkYS4=
jaZfAw,,W1JlcXVlc3QgQ29tcGxldGVkXQpMb2NhdGlvbjogU2hpcHdyZWNrIDFGClRhcmdldDogSGlkZSAxMCBPbGQgQ29pbgpSZXdhcmQ6IEV4cCA3MDAwLCBKZXhwIDcwMDA=,,,,,W1NvbGljaXRhw6fDo28gQ29uY2x1w61kYV0KTG9jYWxpemHDp8OjbzogTmF1ZnLDoWdpbyAoMSkKT2JqZXRpdm86IEVzY29uZGVyIDEwIE1vZWRhcyBBbnRpZ2FzClJlY29tcGVuc2E6IEV4cCA3MDAwLCBKZXhwIDcwMDA=,,W1NvbGljaXR1ZCBjb21wbGV0YWRhXQpVYmljYWNpw7NuOiBCYXJjbyBodW5kaWRvUDEuCk9iamV0aXZvOiBPY3VsdGFyIDEwTW9uZWRhcyBhbnRpZ3Vhcy4KUHJlbWlvOiA3MDAwZGVFWFAgeSA3MDAwZGVFWFBkZWNsYXNlLg==
jqZfAw,,VGhpcyBpcyBhIHJlcXVlc3QgY3VycmVudGx5IGJlaW5nIGNhcnJpZWQgb3V0LgpJZiB5b3UgcnVuIG91dCBvZiBjb2lucywgeW91IGNhbiByZWNlaXZlIGFkZGl0aW9uYWwgY29pbnMgZnJvbSBhIFpvbmRhIHByb21vdGVyLg==,,,,,RXNzYSBzb2xpY2l0YcOnw6NvIGVzdMOhIHNlbmRvIHJlYWxpemFkYSBubyBtb21lbnRvLgpTZSB2b2PDqiBmaWNhciBzZW0gbW9lZGFzLCBwb2RlcsOhIHJlY2ViZXIgbW9lZGFzIGFkaWNpb25haXMgZGUgdW0gcHJvbW90b3IgZG8gWm9uZGEu,,RXN0YSBzb2xpY2l0dWQgYcO6biBlc3TDoSBlbiBjdXJzby4KU2kgdGUgcXVlZGFzIHNpbiBtb25lZGFzLCBwdWVkZXMgcmVjaWJpciBtb25lZGFzIGFkaWNpb25hbGVzIGRlIHVuIHByb21vdG9yIGRlIFpvbmRhLg==
j6ZfAw,,W1JlcXVlc3QgZnJvbSBab25kYSBwcm9tb3RlciBpbnNpZGUgQWxiZXJ0YSBidWlsZGluZ10KTG9jYXRpb246IFNoaXB3cmVjayAxRgpUYXJnZXQ6IEhpZGUgMTAgT2xkIENvaW4KUmV3YXJkOiBFeHAgNzAwMCwgSmV4cCA3MDAw,,,,,W1BlZGlkbyBkbyBwcm9tb3RvciBkYSBab25kYSBuYSBDYXNhIGVtIEFsYmVydGFdCkxvY2FsaXphw6fDo286IE5hdWZyw6FnaW8gKDEpCk9iamV0aXZvOiBFc2NvbmRlciAxMCBNb2VkYXMgQW50aWdhcwpSZWNvbXBlbnNhOiBFeHAgNzAwMCwgSmV4cCA3MDAw,,W1NvbGljaXR1ZCBkZWwgcHJvbW90b3IgZGUgWm9uZGEgZGVudHJvIGRlIHVuIGVkaWZpY2lvIGRlIEFsYmVydGFdClViaWNhY2nDs246IEJhcmNvIGh1bmRpZG9QMS4KT2JqZXRpdm86IE9jdWx0YXIgMTBNb25lZGFzIGFudGlndWFzLgpQcmVtaW86IDcwMDBkZUVYUCB5IDcwMDBkZUVYUGRlY2xhc2Uu
kKZfAw,,UmVxdWVzdCBmcm9tIFpvbmRhIHByb21vdGVyIGluc2lkZSBBbGJlcnRhIGJ1aWxkaW5nCl40RDRERkZbUG9vciBNYW4ncyBUcmVhc3VyZV1eMDAwMDAwIFF1ZXN0IGFjY2VwdGVkLg==,,,,,UGVkaWRvIGRvIHByb21vdG9yIGRhIFpvbmRhIG5hIENhc2EgZW0gQWxiZXJ0YQpeNEQ0REZGW08gVGVzb3VybyBkbyBWZWxob11eMDAwMDAwIE1pc3PDo28gYWNlaXRhLg==,,U29saWNpdHVkIGRlbCBwcm9tb3RvciBkZSBab25kYSBkZW50cm8gZGUgdW4gZWRpZmljaW8gZGUgQWxiZXJ0YS4KXjRENERGRltFbCB0ZXNvcm8gZGVsIHBvYnJlXV4wMDAwMDA6IG1pc2nDs24gYWNlcHRhZGEu
kaZfAw,,W1JlcXVlc3QgQ29tcGxldGVkXQpMb2NhdGlvbjogU2hpcHdyZWNrIDFGClRhcmdldDogRGVmZWF0IDEwIEh5ZHJhLCBjb2xsZWN0IDEwIFNrZWxldG9uIEJvbmUsIDEwIEluc2VjdCBQZWVsaW5nLCBhbmQgNSBUZW50YWNsZQpSZXdhcmQ6IEV4cCA5NjAwLCBKZXhwIDgyODA=,,,,,W1NvbGljaXRhw6fDo28gQ29uY2x1w61kYV0KTG9jYWxpemHDp8OjbzogTmF1ZnLDoWdpbyAoMSkKT2JqZXRpdm86IERlcnJvdGUgMTAgSGlkcmFzLCBjb2xldGUgMTAgT3Nzb3MsIDEwIFBlbGVzIGRlIFZlcm1lIGUgNSBUZW50w6FjdWxvcwpSZWNvbXBlbnNhOiBFeHAgOTYwMCwgSmV4cCA4Mjgw,,W1NvbGljaXR1ZCBjb21wbGV0YWRhXQpVYmljYWNpw7NuOiBCYXJjbyBodW5kaWRvUDEuCk9iamV0aXZvOiBEZXJyb3RhIGEgMTBIaWRyYXMgeSByZWNvbGVjdGEgMTBIdWVzb3MgZGUgZXNxdWVsZXRvLCAxMENhcGFyYXpvbmVzIGRlIGluc2VjdG8geSA1VGVudMOhY3Vsb3MuClByZW1pbzogOTYwMGRlRVhQIHkgODI4MGRlRVhQZGVjbGFzZS4=
kqZfAw,,W1JlcXVlc3QgZnJvbSBab25kYSBwcm9tb3RlciBpbnNpZGUgQWxiZXJ0YSBidWlsZGluZ10KTG9jYXRpb246IFNoaXB3cmVjayAxRgpUYXJnZXQ6IERlZmVhdCAxMCBIeWRyYSwgY29sbGVjdCAxMCBTa2VsZXRvbiBCb25lLCAxMCBJbnNlY3QgUGVlbGluZywgYW5kIDUgVGVudGFjbGUKUmV3YXJkOiBFeHAgOTYwMCwgSmV4cCA4Mjgw,,,,,W1BlZGlkbyBkbyBwcm9tb3RvciBkYSBab25kYSBuYSBDYXNhIGVtIEFsYmVydGFdCkxvY2FsaXphw6fDo286IE5hdWZyw6FnaW8gKDEpCk9iamV0aXZvOiBEZXJyb3RlIDEwIEhpZHJhcywgY29sZXRlIDEwIE9zc29zLCAxMCBQZWxlcyBkZSBWZXJtZSBlIDUgVGVudMOhY3Vsb3MKUmVjb21wZW5zYTogRXhwIDk2MDAsIEpleHAgODI4MA==,,W1NvbGljaXR1ZCBkZWwgcHJvbW90b3IgZGUgWm9uZGEgZGVudHJvIGRlIHVuIGVkaWZpY2lvIGRlIEFsYmVydGFdClViaWNhY2nDs246IEJhcmNvIGh1bmRpZG9QMS4KT2JqZXRpdm86IERlcnJvdGEgYSAxMEhpZHJhcyB5IHJlY29sZWN0YSAxMEh1ZXNvcyBkZSBlc3F1ZWxldG8sIDEwQ2FwYXJhem9uZXMgZGUgaW5zZWN0byB5IDVUZW50w6FjdWxvcy4KUHJlbWlvOiA5NjAwZGVFWFAgeSA4MjgwZGVFWFBkZWNsYXNlLg==
k6ZfAw,,UmVxdWVzdCBmcm9tIFpvbmRhIHByb21vdGVyIGluc2lkZSBBbGJlcnRhIGJ1aWxkaW5nCl40RDRERkZbQ2xlYW4gU2hpcHdyZWNrIDFGXV4wMDAwMDAgUXVlc3QgYWNjZXB0ZWQu,,,,,UGVkaWRvIGRvIHByb21vdG9yIGRhIFpvbmRhIG5hIENhc2EgZW0gQWxiZXJ0YQpeNEQ0REZGW0xpbXBhciBOYXVmcsOhZ2lvICgxKV1eMDAwMDAwIE1pc3PDo28gYWNlaXRhLg==,,U29saWNpdHVkIGRlbCBwcm9tb3RvciBkZSBab25kYSBkZW50cm8gZGUgdW4gZWRpZmljaW8gZGUgQWxiZXJ0YS4KXjRENERGRltMaW1waWV6YSBkZWwgYmFyY28gaHVuZGlkb1AxXV4wMDAwMDA6IG1pc2nDs24gYWNlcHRhZGEu
lKZfAw,,W1JlcXVlc3QgQ29tcGxldGVkXQpMb2NhdGlvbjogU2hpcHdyZWNrIDJGClRhcmdldDogRGVmZWF0IDEwIFdoaXNwZXIgYW5kIDEgU3dpZnQgUGlyYXRlIFNrZWxldG9uClJld2FyZDogRXhwIDExODAwLCBKZXhwIDk2MDA=,,,,,W1NvbGljaXRhw6fDo28gQ29uY2x1w61kYV0KTG9jYWxpemHDp8OjbzogTmF1ZnLDoWdpbyAoMikKT2JqZXRpdm86IERlcnJvdGFyIDEwIFN1c3N1cm9zIGUgMSBFc3F1ZWxldG8gUGlyYXRhIMOBZ2lsClJlY29tcGVuc2E6IEV4cCAxMTgwMCwgSmV4cCA5NjAw,,W1NvbGljaXR1ZCBjb21wbGV0YWRhXQpVYmljYWNpw7NuOiBCYXJjbyBodW5kaWRvUDIuCk9iamV0aXZvOiBEZXJyb3RhIGEgMTBTdXN1cnJvcyB5IDFFc3F1ZWxldG8gcGlyYXRhIHZlbG96LgpQcmVtaW86IDExODAwZGVFWFAgeSA5NjAwZGVFWFBkZWNsYXNlLg==
laZfAw,,W1JlcXVlc3QgZnJvbSBab25kYSBwcm9tb3RlciBpbnNpZGUgQWxiZXJ0YSBidWlsZGluZ10KTG9jYXRpb246IFNoaXB3cmVjayAyRgpUYXJnZXQ6IERlZmVhdCAxMCBXaGlzcGVyIGFuZCAxIFN3aWZ0IFBpcmF0ZSBTa2VsZXRvbgpSZXdhcmQ6IEV4cCAxMTgwMCwgSmV4cCA5NjAw,,,,,W1BlZGlkbyBkbyBwcm9tb3RvciBkYSBab25kYSBuYSBDYXNhIGVtIEFsYmVydGFdCkxvY2FsaXphw6fDo286IE5hdWZyw6FnaW8gKDIpCk9iamV0aXZvOiBEZXJyb3RhciAxMCBTdXNzdXJvcyBlIDEgRXNxdWVsZXRvIFBpcmF0YSDDgWdpbApSZWNvbXBlbnNhOiBFeHAgMTE4MDAsIEpleHAgOTYwMA==,,W1NvbGljaXR1ZCBkZWwgcHJvbW90b3IgZGUgWm9uZGEgZGVudHJvIGRlIHVuIGVkaWZpY2lvIGRlIEFsYmVydGFdClViaWNhY2nDs246IEJhcmNvIGh1bmRpZG9QMi4KT2JqZXRpdm86IERlcnJvdGEgYSAxMFN1c3Vycm9zIHkgMUVzcXVlbGV0byBwaXJhdGEgdmVsb3ouClByZW1pbzogMTE4MDBkZUVYUCB5IDk2MDBkZUVYUGRlY2xhc2Uu
lqZfAw,,UmVxdWVzdCBmcm9tIFpvbmRhIHByb21vdGVyIGluc2lkZSBBbGJlcnRhIGJ1aWxkaW5nCl40RDRERkZbQ2xlYW4gU2hpcHdyZWNrIDJGXV4wMDAwMDAgUXVlc3QgYWNjZXB0ZWQu,,,,,UGVkaWRvIGRvIHByb21vdG9yIGRhIFpvbmRhIGRlbnRybyBkZSBBbGJlcnRhCl40RDRERkZbTGltcGFyIE5hdWZyw6FnaW8gKDIpXV4wMDAwMDAgTWlzc8OjbyBhY2VpdGEu,,U29saWNpdHVkIGRlbCBwcm9tb3RvciBkZSBab25kYSBkZW50cm8gZGUgdW4gZWRpZmljaW8gZGUgQWxiZXJ0YS4KXjRENERGRltMaW1waWV6YSBkZWwgYmFyY28gaHVuZGlkb1AyXV4wMDAwMDA6IG1pc2nDs24gYWNlcHRhZGEu
l6ZfAw,,W1JlcXVlc3QgQ29tcGxldGVkXQpMb2NhdGlvbjogSHVnZWwgU291dGggRmllbGQKVGFyZ2V0OiBEZWZlYXQgMTAgQXN0ZXIgYW5kIDEwIENyYWIKUmV3YXJkOiBFeHAgODQwMCwgSmV4cCA4Mzgw,,,,,W1NvbGljaXRhw6fDo28gQ29uY2x1w61kYV0KTG9jYWxpemHDp8OjbzogQ2FtcG9zIGFvIFN1bCBkZSBIdWdlbApPYmpldGl2bzogRGVycm90YXIgMTAgRXN0cmVsYXMgZG8gTWFyIGUgMTAgQ2FyYW5ndWVqb3MKUmVjb21wZW5zYTogRXhwIDg0MDAsIEpleHAgODM4MA==,,W1NvbGljaXR1ZCBjb21wbGV0YWRhXQpVYmljYWNpw7NuOiBDYW1wbyBkZWwgc3VyIGRlIEh1Z2VsLgpPYmpldGl2bzogRGVycm90YSBhIDEww4FzdGVyIHkgMTBDYW5ncmVqb3MuClByZW1pbzogODQwMGRlRVhQIHkgODM4MGRlRVhQZGVjbGFzZS4=
mKZfAw,,W1JlcXVlc3QgSHVnZWwgRmlzaGVybWFuIEFpbl0KTG9jYXRpb246IEh1Z2VsIFNvdXRoIEZpZWxkClRhcmdldDogRGVmZWF0IDEwIEFzdGVyIGFuZCAxMCBDcmFiClJld2FyZDogRXhwIDg0MDAsIEpleHAgODM4MA==,,,,,W1BlZGlkbyBkbyBQZWl4ZWlybyBBaW4gZGUgSHVnZWxdCkxvY2FsaXphw6fDo286IENhbXBvcyBhbyBTdWwgZGUgSHVnZWwKT2JqZXRpdm86IERlcnJvdGFyIDEwIEVzdHJlbGFzIGRvIE1hciBlIDEwIENhcmFuZ3Vlam9zClJlY29tcGVuc2E6IEV4cCA4NDAwLCBKZXhwIDgzODA=,,W1NvbGljaXR1ZCBkZWwgcGVzY2Fkb3IgQWluIGVuIEh1Z2VsXQpVYmljYWNpw7NuOiBDYW1wbyBkZWwgc3VyIGRlIEh1Z2VsLgpPYmpldGl2bzogRGVycm90YSBhIDEww4FzdGVyIHkgMTBDYW5ncmVqb3MuClByZW1pbzogODQwMGRlRVhQIHkgODM4MGRlRVhQZGVjbGFzZS4=
maZfAw,,UmVxdWVzdCBIdWdlbCBGaXNoZXJtYW4gQWluCl40RDRERkZbTm9ibGUgV2FyXV4wMDAwMDAgUXVlc3QgYWNjZXB0ZWQu,,,,,UGVkaWRvIGRvIFBlaXhlaXJvIEFpbiBkZSBIdWdlbApeNEQ0REZGW0d1ZXJyYSBOb2JyZV1eMDAwMDAwIE1pc3PDo28gYWNlaXRhLg==,,U29saWNpdHVkIGRlbCBwZXNjYWRvciBBaW4gZW4gSHVnZWwuCl40RDRERkZbTGEgR3VlcnJhIE5vYmxlXV4wMDAwMDA6IG1pc2nDs24gYWNlcHRhZGEu
mqZfAw,,W1JlcXVlc3QgQ29tcGxldGVkXQpMb2NhdGlvbjogSHVnZWwgU291dGggRmllbGQKVGFyZ2V0OiBEZWZlYXQgMTAgU2hlbGxmaXNoIGFuZCBDb2xsZWN0IDUgQ2xhbSBGbGVzaApSZXdhcmQ6IEV4cCA4NDAwLCBKZXhwIDgzODA=,,,,,W1NvbGljaXRhw6fDo28gQ29uY2x1w61kYV0KTG9jYWxpemHDp8OjbzogQ2FtcG9zIGFvIFN1bCBkZSBIdWdlbApPYmpldGl2bzogRGVycm90YXIgMTAgTW9sdXNjb3MgZSBjb2xldGUgNSBDYXJuZXMgZGUgT3N0cmEKUmVjb21wZW5zYTogRXhwIDg0MDAsIEpleHAgODM4MA==,,W1NvbGljaXR1ZCBjb21wbGV0YWRhXQpVYmljYWNpw7NuOiBDYW1wbyBkZWwgc3VyIGRlIEh1Z2VsLgpPYmpldGl2bzogRGVycm90YSBhIDEwTW9sdXNjb3MgeSByZWNvbGVjdGEgNXVuaWRhZGVzIGRlIENhcm5lIGRlIGFsbWVqYS4KUHJlbWlvOiA4NDAwZGVFWFAgeSA4MzgwZGVFWFBkZWNsYXNlLg==
m6ZfAw,,W1JlcXVlc3QgSHVnZWwgRmlzaGVybWFuIEFpbl0KTG9jYXRpb246IEh1Z2VsIFNvdXRoIEZpZWxkClRhcmdldDogRGVmZWF0IDEwIFNoZWxsZmlzaCBhbmQgQ29sbGVjdCA1IENsYW0gRmxlc2gKUmV3YXJkOiBFeHAgODQwMCwgSmV4cCA4Mzgw,,,,,W1BlZGlkbyBkbyBQZWl4ZWlybyBBaW4gZGUgSHVnZWxdCkxvY2FsaXphw6fDo286IENhbXBvcyBhbyBTdWwgZGUgSHVnZWwKT2JqZXRpdm86IERlcnJvdGFyIDEwIE1vbHVzY29zIGUgY29sZXRlIDUgQ2FybmVzIGRlIE9zdHJhClJlY29tcGVuc2E6IEV4cCA4NDAwLCBKZXhwIDgzODA=,,W1NvbGljaXR1ZCBkZWwgcGVzY2Fkb3IgQWluIGVuIEh1Z2VsXQpVYmljYWNpw7NuOiBDYW1wbyBkZWwgc3VyIGRlIEh1Z2VsLgpPYmpldGl2bzogRGVycm90YSBhIDEwTW9sdXNjb3MgeSByZWNvbGVjdGEgNXVuaWRhZGVzIGRlIENhcm5lIGRlIGFsbWVqYS4KUHJlbWlvOiA4NDAwZGVFWFAgeSA4MzgwZGVFWFBkZWNsYXNlLg==
nKZfAw,,UmVxdWVzdCBIdWdlbCBGaXNoZXJtYW4gQWluCl40RDRERkZbU2Vhc2hlbGwgRGlnZ2luZyBFeHBlcmllbmNlXV4wMDAwMDAgUXVlc3QgYWNjZXB0ZWQu,,,,,UGVkaWRvIGRvIFBlaXhlaXJvIEFpbiBkZSBIdWdlbApeNEQ0REZGW0NhdGFkb3IgZGUgT3N0cmFzXV4wMDAwMDAgTWlzc8OjbyBhY2VpdGEu,,U29saWNpdHVkIGRlbCBwZXNjYWRvciBBaW4gZW4gSHVnZWwuCl40RDRERkZbRXhwZXJpZW5jaWEgZGVsIE1vbHVzcXVlb11eMDAwMDAwOiBtaXNpw7NuIGFjZXB0YWRhLg==
naZfAw,,W1JlcXVlc3QgQ29tcGxldGVkXQpMb2NhdGlvbjogT3JjIER1bmdlb24gMUYKVGFyZ2V0OiBEZWZlYXQgMjAgT3JjIFNrZWxldG9uIGFuZCAyMCBPcmMgWm9tYmllClJld2FyZDogRXhwIDI4NzAwLCBKZXhwIDI3NDAw,,,,,W1NvbGljaXRhw6fDo28gQ29uY2x1w61kYV0KTG9jYWxpemHDp8OjbzogQ2FsYWJvdcOnbyBkb3MgT3JjcyAoMSkKT2JqZXRpdm86IERlcnJvdGFyIDIwIE9yY3MgRXNxdWVsZXRvcyBlIDIwIE9yY3MgWnVtYmlzClJlY29tcGVuc2E6IEV4cCAyODcwMCwgSmV4cCAyNzQwMA==,,W1NvbGljaXR1ZCBjb21wbGV0YWRhXQpVYmljYWNpw7NuOiBNYXptb3JyYSBkZSBsb3MgT3Jjb3NQMS4KT2JqZXRpdm86IERlcnJvdGEgYSAyMEVzcXVlbGV0b3Mgb3Jjb3MgeSAyMFpvbWJpcyBvcmNvcy4KUHJlbWlvOiAyODcwMGRlRVhQIHkgMjc0MDBkZUVYUGRlY2xhc2Uu
nqZfAw,,W1JlcXVlc3QgZnJvbSB0aGUgbGVhZGVyIG9uIHRoZSAxRiBPcmMgRHVuZ2Vvbl0KTG9jYXRpb246IE9yYyBEdW5nZW9uIDFGClRhcmdldDogRGVmZWF0IDIwIE9yYyBTa2VsZXRvbiBhbmQgMjAgT3JjIFpvbWJpZQpSZXdhcmQ6IEV4cCAyODcwMCwgSmV4cCAyNzQwMA==,,,,,W1BlZGlkbyBkbyBsw61kZXIgbm8gQ2FsYWJvdcOnbyBkb3MgT3JjcyAoMSldCkxvY2FsaXphw6fDo286IENhbGFib3XDp28gZG9zIE9yY3MgKDEpCk9iamV0aXZvOiBEZXJyb3RhciAyMCBPcmNzIEVzcXVlbGV0b3MgZSAyMCBPcmNzIFp1bWJpcwpSZWNvbXBlbnNhOiBFeHAgMjg3MDAsIEpleHAgMjc0MDA=,,W1NvbGljaXR1ZCBkZWwgbMOtZGVyIGVuIGxhIE1hem1vcnJhIGRlIGxvcyBPcmNvc1AxXQpVYmljYWNpw7NuOiBNYXptb3JyYSBkZSBsb3MgT3Jjb3NQMS4KT2JqZXRpdm86IERlcnJvdGEgYSAyMEVzcXVlbGV0b3Mgb3Jjb3MgeSAyMFpvbWJpcyBvcmNvcy4KUHJlbWlvOiAyODcwMGRlRVhQIHkgMjc0MDBkZUVYUGRlY2xhc2Uu
n6ZfAw,,UmVxdWVzdCBmcm9tIHRoZSBsZWFkZXIgb24gdGhlIDFGIE9yYyBEdW5nZW9uCl40RDRERkZbRGlzZ3VzdGluZyBPcmNzXV4wMDAwMDAgUXVlc3QgYWNjZXB0ZWQu,,,,,UGVkaWRvIGRvIGzDrWRlciBubyBDYWxhYm91w6dvIGRvcyBPcmNzICgxKQpeNEQ0REZGW09yY3MgTm9qZW50b3NdXjAwMDAwMCBNaXNzw6NvIGFjZWl0YS4=,,U29saWNpdHVkIGRlbCBsw61kZXIgZW4gbGEgTWF6bW9ycmEgZGUgbG9zIE9yY29zUDEuCl40RDRERkZbT3Jjb3MgcmVwdWduYW50ZXNdXjAwMDAwMDogbWlzacOzbiBhY2VwdGFkYS4=
oKZfAw,,W1JlcXVlc3QgQ29tcGxldGVkXQpMb2NhdGlvbjogT3JjIER1bmdlb24gMkYKVGFyZ2V0OiBEZWZlYXQgMjAgWmVub3JjClJld2FyZDogRXhwIDE2MDAwLCBKZXhwIDEyMDAw,,,,,W1NvbGljaXRhw6fDo28gQ29uY2x1w61kYV0KTG9jYWxpemHDp8OjbzogQ2FsYWJvdcOnbyBkb3MgT3JjcyAoMikKT2JqZXRpdm86IERlcnJvdGUgMjAgWmVub3JjcwpSZWNvbXBlbnNhOiBFeHAgMTYwMDAsIEpleHAgMTIwMDA=,,W1NvbGljaXR1ZCBjb21wbGV0YWRhXQpVYmljYWNpw7NuOiBNYXptb3JyYSBkZSBsb3MgT3Jjb3NQMi4KT2JqZXRpdm86IERlcnJvdGEgYSAyMFplbm9yYy4KUHJlbWlvOiAxNjAwMGRlRVhQIHkgMTIwMDBkZUVYUGRlY2xhc2Uu
oaZfAw,,W1JlcXVlc3QgZnJvbSB0aGUgbGVhZGVyIG9uIHRoZSAyRiBPcmMgRHVuZ2Vvbl0KTG9jYXRpb246IE9yYyBEdW5nZW9uIDJGClRhcmdldDogRGVmZWF0IDIwIFplbm9yYwpSZXdhcmQ6IEV4cCAxNjAwMCwgSmV4cCAxMjAwMA==,,,,,W1BlZGlkbyBkbyBsw61kZXIgbm8gQ2FsYWJvdcOnbyBkb3MgT3JjcyAoMildCkxvY2FsaXphw6fDo286IENhbGFib3XDp28gZG9zIE9yY3MgKDIpCk9iamV0aXZvOiBEZXJyb3RlIDIwIFplbm9yY3MKUmVjb21wZW5zYTogRXhwIDE2MDAwLCBKZXhwIDEyMDAw,,W1NvbGljaXR1ZCBkZWwgbMOtZGVyIGVuIGxhIE1hem1vcnJhIGRlIGxvcyBPcmNvc1AyXQpVYmljYWNpw7NuOiBNYXptb3JyYSBkZSBsb3MgT3Jjb3NQMi4KT2JqZXRpdm86IERlcnJvdGEgYSAyMFplbm9yYy4KUHJlbWlvOiAxNjAwMGRlRVhQIHkgMTIwMDBkZUVYUGRlY2xhc2Uu
oqZfAw,,UmVxdWVzdCBmcm9tIHRoZSBsZWFkZXIgb24gdGhlIDJGIE9yYyBEdW5nZW9uCl40RDRERkZbQSBncmVlZHkgcGVyc29uXV4wMDAwMDAgUXVlc3QgYWNjZXB0ZWQu,,,,,UGVkaWRvIGRvIGzDrWRlciBubyBDYWxhYm91w6dvIGRvcyBPcmNzICgyKQpeNEQ0REZGW+KAnUEgZ2Fuw6JuY2lhIHF1ZSB0ZSBtb3ZlLi4u4oCdXV4wMDAwMDAgTWlzc8OjbyBhY2VpdGEu,,U29saWNpdHVkIGRlbCBsw61kZXIgZW4gbGEgTWF6bW9ycmEgZGUgbG9zIE9yY29zUDIuCl40RDRERkZbVW5hIHBlcnNvbmEgY29kaWNpb3NhXV4wMDAwMDA6IG1pc2nDs24gYWNlcHRhZGEu
o6ZfAw,,W1JlcXVlc3QgQ29tcGxldGVkXQpMb2NhdGlvbjogT3JjIFZpbGxhZ2UKVGFyZ2V0OiBEZWZlYXQgMTUgT3JjIFdhcnJpb3IsIDE1IE9yYyBMYWR5LCBhbmQgMTAgT3JjIEJhYnkKUmV3YXJkOiBFeHAgMjM1MjAsIEpleHAgMjQzMDA=,,,,,W1NvbGljaXRhw6fDo28gQ29uY2x1w61kYV0KTG9jYWxpemHDp8OjbzogVmlsYSBkb3MgT3JjcwpPYmpldGl2bzogRGVycm90ZSAxNSBHdWVycmVpcm9zIE9yYywgMTUgU2VuaG9yYXMgT3JjIGUgMTAgRmlsaG90ZXMgZGUgT3JjClJlY29tcGVuc2E6IEV4cCAyMzUyMCwgSmV4cCAyNDMwMA==,,W1NvbGljaXR1ZCBjb21wbGV0YWRhXQpVYmljYWNpw7NuOiBQdWVibG8gZGUgT3Jjby4KT2JqZXRpdm86IERlcnJvdGEgYSAxNUd1ZXJyZXJvcyBvcmNvcywgMTVEYW1hcyBvcmNvcyB5IDEwQmViw6lzIG9yY29zLgpQcmVtaW86IDIzNTIwZGVFWFAgeSAyNDMwMGRlRVhQZGVjbGFzZS4=
pKZfAw,,W1JlcXVlc3QgZnJvbSBPcmMgc3VianVnYXRpb24gdGVhbSBsZWFkZXJdCkxvY2F0aW9uOiBPcmMgVmlsbGFnZQpUYXJnZXQ6IERlZmVhdCAxNSBPcmMgV2FycmlvciwgMTUgT3JjIExhZHksIGFuZCAxMCBPcmMgQmFieQpSZXdhcmQ6IEV4cCAyMzUyMCwgSmV4cCAyNDMwMA==,,,,,W1BlZGlkbyBkbyBsw61kZXIgZGEgZXF1aXBlIGRlIHN1Ymp1Z2HDp8OjbyBkZSBPcmNzXQpMb2NhbGl6YcOnw6NvOiBWaWxhIGRvcyBPcmNzCk9iamV0aXZvOiBEZXJyb3RlIDE1IEd1ZXJyZWlyb3MgT3JjLCAxNSBTZW5ob3JhcyBPcmMgZSAxMCBGaWxob3RlcyBkZSBPcmMKUmVjb21wZW5zYTogRXhwIDIzNTIwLCBKZXhwIDI0MzAw,,W1NvbGljaXR1ZCBkZWwgamVmZSBkZWwgZXF1aXBvIGRlIHN1Ynl1Z2FjacOzbiBkZSBsb3MgT3Jjb3NdClViaWNhY2nDs246IFB1ZWJsbyBkZSBPcmNvLgpPYmpldGl2bzogRGVycm90YSBhIDE1R3VlcnJlcm9zIG9yY29zLCAxNURhbWFzIG9yY29zIHkgMTBCZWLDqXMgb3Jjb3MuClByZW1pbzogMjM1MjBkZUVYUCB5IDI0MzAwZGVFWFBkZWNsYXNlLg==
paZfAw,,UmVxdWVzdCBmcm9tIE9yYyBzdWJqdWdhdGlvbiB0ZWFtIGxlYWRlcgpeNEQ0REZGW09wZXJhdGlvbiBPcmMgV2lwZW91dF1eMDAwMDAwIFF1ZXN0IGFjY2VwdGVkLg==,,,,,U29saWNpdGHDp8OjbyBkbyBsw61kZXIgZGEgZXF1aXBlIGRlIHN1Ymp1Z2HDp8OjbyBkZSBPcmNzCl40RDRERkZbT3BlcmHDp8OjbyBWYXJyZWR1cmEgZGUgT3Jjc11eMDAwMDAwIE1pc3PDo28gYWNlaXRhLg==,,U29saWNpdHVkIGRlbCBqZWZlIGRlbCBlcXVpcG8gZGUgc3VieXVnYWNpw7NuIGRlIGxvcyBPcmNvcy4KXjRENERGRltPcGVyYWNpw7NuIEFuaXF1aWxhY2nDs24gZGUgT3Jjb3NdXjAwMDAwMDogbWlzacOzbiBhY2VwdGFkYS4=
pqZfAw,,W1JlcXVlc3QgQ29tcGxldGVkXQpMb2NhdGlvbjogU291dGggRmllbGQgb2YgT3JjIFZpbGxhZ2UKVGFyZ2V0OiBEZWZlYXQgMTAgR29ibGluIEF4ZSBhbmQgMTAgR29ibGluIENoYWluClJld2FyZDogRXhwIDEzMDAwLCBKZXhwIDgyMDA=,,,,,W1NvbGljaXRhw6fDo28gQ29uY2x1w61kYV0KTG9jYWxpemHDp8OjbzogQ2FtcG9zIGFvIFN1bCBkYSBWaWxhIGRvcyBPcmNzCk9iamV0aXZvOiBEZXJyb3RhciAxMCBHb2JsaW5zIGRlIE1hY2hhZG8gZSAxMCBHb2JsaW5zIGRlIE1hbmd1YWwKUmVjb21wZW5zYTogRXhwIDEzMDAwLCBKZXhwIDgyMDA=,,W1NvbGljaXR1ZCBjb21wbGV0YWRhXQpVYmljYWNpw7NuOiBDYW1wbyBhbCBzdXIgZGVsIHB1ZWJsbyBkZSBPcmNvLgpPYmpldGl2bzogRGVycm90YSBhIDEwRHVlbmRlcyBjb24gaGFjaGEgeSAxMER1ZW5kZXMgY29uIGNhZGVuYS4KUHJlbWlvOiAxMzAwMGRlRVhQIHkgODIwMGRlRVhQZGVjbGFzZS4=
p6ZfAw,,W1JlcXVlc3QgZnJvbSBzb3V0aCBzdWJqdWdhdGlvbiB0ZWFtIGxlYWRlcl0KTG9jYXRpb246IFNvdXRoIEZpZWxkIG9mIE9yYyBWaWxsYWdlClRhcmdldDogRGVmZWF0IDEwIEdvYmxpbiBBeGUgYW5kIDEwIEdvYmxpbiBDaGFpbgpSZXdhcmQ6IEV4cCAxMzAwMCwgSmV4cCA4MjAw,,,,,W1NvbGljaXRhw6fDo28gZG8gbMOtZGVyIGRhIGVxdWlwZSBkZSBzdWJqdWdhw6fDo28gZG8gc3VsXQpMb2NhbGl6YcOnw6NvOiBDYW1wb3MgYW8gU3VsIGRhIFZpbGEgZG9zIE9yY3MKT2JqZXRpdm86IERlcnJvdGFyIDEwIEdvYmxpbnMgZGUgTWFjaGFkbyBlIDEwIEdvYmxpbnMgZGUgTWFuZ3VhbApSZWNvbXBlbnNhOiBFeHAgMTMwMDAsIEpleHAgODIwMA==,,W1NvbGljaXR1ZCBkZWwgamVmZSBkZWwgZXF1aXBvIGRlIHN1Ynl1Z2FjacOzbiBkZWwgc3VyXQpVYmljYWNpw7NuOiBDYW1wbyBhbCBzdXIgZGVsIHB1ZWJsbyBkZSBPcmNvLgpPYmpldGl2bzogRGVycm90YSBhIDEwRHVlbmRlcyBjb24gaGFjaGEgeSAxMER1ZW5kZXMgY29uIGNhZGVuYS4KUHJlbWlvOiAxMzAwMGRlRVhQIHkgODIwMGRlRVhQZGVjbGFzZS4=
qKZfAw,,UmVxdWVzdCBmcm9tIHNvdXRoIHN1Ymp1Z2F0aW9uIHRlYW0gbGVhZGVyCl40RDRERkZbR3J1ZXNvbWUgR29ibGluIENsZWFudXBdXjAwMDAwMCBRdWVzdCBhY2NlcHRlZC4=,,,,,U29saWNpdGHDp8OjbyBkbyBsw61kZXIgZGEgZXF1aXBlIGRlIHN1Ymp1Z2HDp8OjbyBkbyBzdWwKXjRENERGRltGYXhpbmEgQnJ1dGFsIGRvcyBHb2JsaW5zXV4wMDAwMDAgTWlzc8OjbyBhY2VpdGEu,,U29saWNpdHVkIGRlbCBqZWZlIGRlbCBlcXVpcG8gZGUgc3VieXVnYWNpw7NuIGRlbCBzdXIuCl40RDRERkZbTGltcGllemEgZGUgZHVlbmRlcyBkZXNhZ3JhZGFibGVzXV4wMDAwMDA6IG1pc2nDs24gYWNlcHRhZGEu
qaZfAw,,W1JlcXVlc3QgQ29tcGxldGVkXQpMb2NhdGlvbjogU291dGggRmllbGQgb2YgT3JjIFZpbGxhZ2UKVGFyZ2V0OiBEZWZlYXQgMTAgR29ibGluIERhZ2dlciBhbmQgMTAgR29ibGluIEhhbW1lcgpSZXdhcmQ6IEV4cCAxMzAwMCwgSmV4cCA4NjAw,,,,,W1NvbGljaXRhw6fDo28gQ29uY2x1w61kYV0KTG9jYWxpemHDp8OjbzogQ2FtcG9zIGFvIFN1bCBkYSBWaWxhIGRvcyBPcmNzCk9iamV0aXZvOiBEZXJyb3RhciAxMCBHb2JsaW5zIGRlIEFkYWdhIGUgMTAgR29ibGlucyBkZSBNYXJyZXRhClJlY29tcGVuc2E6IEV4cCAxMzAwMCwgSmV4cCA4NjAw,,W1NvbGljaXR1ZCBjb21wbGV0YWRhXQpVYmljYWNpw7NuOiBDYW1wbyBhbCBzdXIgZGVsIHB1ZWJsbyBkZSBPcmNvLgpPYmpldGl2bzogRGVycm90YSBhIDEwRHVlbmRlcyBjb24gZGFnYSB5IDEwRHVlbmRlcyBjb24gbWFydGlsbG8uClByZW1pbzogMTMwMDBkZUVYUCB5IDg2MDBkZUVYUGRlY2xhc2Uu
qqZfAw,,W1JlcXVlc3QgZnJvbSBzb3V0aCBzdWJqdWdhdGlvbiB0ZWFtIGxlYWRlcl0KTG9jYXRpb246IFNvdXRoIEZpZWxkIG9mIE9yYyBWaWxsYWdlClRhcmdldDogRGVmZWF0IDEwIEdvYmxpbiBEYWdnZXIgYW5kIDEwIEdvYmxpbiBIYW1tZXIKUmV3YXJkOiBFeHAgMTMwMDAsIEpleHAgODYwMA==,,,,,W1NvbGljaXRhw6fDo28gZG8gbMOtZGVyIGRhIGVxdWlwZSBkZSBzdWJqdWdhw6fDo28gZG8gc3VsXQpMb2NhbGl6YcOnw6NvOiBDYW1wb3MgYW8gU3VsIGRhIFZpbGEgZG9zIE9yY3MKT2JqZXRpdm86IERlcnJvdGFyIDEwIEdvYmxpbnMgZGUgQWRhZ2EgZSAxMCBHb2JsaW5zIGRlIE1hcnJldGEKUmVjb21wZW5zYTogRXhwIDEzMDAwLCBKZXhwIDg2MDA=,,W1NvbGljaXR1ZCBkZWwgamVmZSBkZWwgZXF1aXBvIGRlIHN1Ynl1Z2FjacOzbiBkZWwgc3VyXQpVYmljYWNpw7NuOiBDYW1wbyBhbCBzdXIgZGVsIHB1ZWJsbyBkZSBPcmNvLgpPYmpldGl2bzogRGVycm90YSBhIDEwRHVlbmRlcyBjb24gZGFnYSB5IDEwRHVlbmRlcyBjb24gbWFydGlsbG8uClByZW1pbzogMTMwMDBkZUVYUCB5IDg2MDBkZUVYUGRlY2xhc2Uu
q6ZfAw,,UmVxdWVzdCBmcm9tIHNvdXRoIHN1Ymp1Z2F0aW9uIHRlYW0gbGVhZGVyCl40RDRERkZbU3dpZnQgR29ibGluIENsZWFudXBdXjAwMDAwMCBRdWVzdCBhY2NlcHRlZC4=,,,,,UGVkaWRvIGRvIGzDrWRlciBkYSBlcXVpcGUgZGUgc3VianVnYcOnw6NvIGRvIHN1bApeNEQ0REZGW0xpbXBlemEgZGUgR29ibGlucyDDgWdlaXNdXjAwMDAwMCBNaXNzw6NvIGFjZWl0YS4=,,U29saWNpdHVkIGRlbCBqZWZlIGRlbCBlcXVpcG8gZGUgc3VieXVnYWNpw7NuIGRlbCBzdXIuCl40RDRERkZbTGltcGllemEgZGUgRHVlbmRlcyB2ZWxvY2VzXV4wMDAwMDA6IG1pc2nDs24gYWNlcHRhZGEu
rKZfAw,,W1JlcXVlc3QgQ29tcGxldGVkXQpMb2NhdGlvbjogU291dGhlYXN0IG9mIE9yYyBWaWxsYWdlClRhcmdldDogRGVmZWF0IDEwIEdvYmxpbiBBcmNoZXIgYW5kIDEwIEdvYmxpbiBNYWNlClJld2FyZDogRXhwIDExODAwLCBKZXhwIDExOTAw,,,,,W1NvbGljaXRhw6fDo28gQ29uY2x1w61kYV0KTG9jYWxpemHDp8OjbzogU3VkZXN0ZSBkYSBWaWxhIGRvcyBPcmNzCk9iamV0aXZvOiBEZXJyb3RhciAxMCBHb2JsaW5zIEFycXVlaXJvcyBlIDEwIEdvYmxpbnMgZGUgTWHDp2EKUmVjb21wZW5zYTogRXhwIDExODAwLCBKZXhwIDExOTAw,,W1NvbGljaXR1ZCBjb21wbGV0YWRhXQpVYmljYWNpw7NuOiBTdXJlc3RlIGRlbCBwdWVibG8gZGUgT3Jjby4KT2JqZXRpdm86IERlcnJvdGEgYSAxMER1ZW5kZXMgYXJxdWVyb3MgeSAxMER1ZW5kZXMgY29uIG1hemEuClByZW1pbzogMTE4MDBkZUVYUCB5IDExOTAwZGVFWFBkZWNsYXNlLg==
raZfAw,,W1JlcXVlc3QgZnJvbSBzb3V0aCBzdWJqdWdhdGlvbiB0ZWFtIGxlYWRlcl0KTG9jYXRpb246IFNvdXRoZWFzdCBvZiBPcmMgVmlsbGFnZQpUYXJnZXQ6IERlZmVhdCAxMCBHb2JsaW4gQXJjaGVyIGFuZCAxMCBHb2JsaW4gTWFjZQpSZXdhcmQ6IEV4cCAxMTgwMCwgSmV4cCAxMTkwMA==,,,,,W1NvbGljaXRhw6fDo28gZG8gbMOtZGVyIGRhIGVxdWlwZSBkZSBzdWJqdWdhw6fDo28gZG8gc3VsXQpMb2NhbGl6YcOnw6NvOiBTdWRlc3RlIGRhIFZpbGEgZG9zIE9yY3MKT2JqZXRpdm86IERlcnJvdGFyIDEwIEdvYmxpbnMgQXJxdWVpcm9zIGUgMTAgR29ibGlucyBkZSBNYcOnYQpSZWNvbXBlbnNhOiBFeHAgMTE4MDAsIEpleHAgMTE5MDA=,,W1NvbGljaXR1ZCBkZWwgamVmZSBkZWwgZXF1aXBvIGRlIHN1Ynl1Z2FjacOzbiBkZWwgc3VyXQpVYmljYWNpw7NuOiBTdXJlc3RlIGRlbCBwdWVibG8gZGUgT3Jjby4KT2JqZXRpdm86IERlcnJvdGEgYSAxMER1ZW5kZXMgYXJxdWVyb3MgeSAxMER1ZW5kZXMgY29uIG1hemEuClByZW1pbzogMTE4MDBkZUVYUCB5IDExOTAwZGVFWFBkZWNsYXNlLg==
rqZfAw,,UmVxdWVzdCBmcm9tIHNvdXRoIHN1Ymp1Z2F0aW9uIHRlYW0gbGVhZGVyCl40RDRERkZbVG91Z2ggRmVsbG93c11eMDAwMDAwIFF1ZXN0IGFjY2VwdGVkLg==,,,,,U29saWNpdGHDp8OjbyBkbyBsw61kZXIgZGEgZXF1aXBlIGRlIHN1Ymp1Z2HDp8OjbyBkbyBzdWwKXjRENERGRltHYWxlcmEgZGEgUGVzYWRhXV4wMDAwMDAgTWlzc8OjbyBhY2VpdGEu,,U29saWNpdHVkIGRlbCBqZWZlIGRlbCBlcXVpcG8gZGUgc3VieXVnYWNpw7NuIGRlbCBzdXIuCl40RDRERkZbVGlwb3MgcnVkb3NdXjAwMDAwMDogbWlzacOzbiBhY2VwdGFkYS4=
r6ZfAw,,W1JlcXVlc3QgQ29tcGxldGVkXQpMb2NhdGlvbjogU291dGh3ZXN0IG9mIEl6bHVkZQpUYXJnZXQ6IERlZmVhdCAxMCBNYWdub2xpYSBhbmQgMTAgTWV0YWxsZXIKUmV3YXJkOiBFeHAgODQwMCwgSmV4cCA4Mzgw,,,,,W1NvbGljaXRhw6fDo28gQ29uY2x1w61kYV0KTG9jYWxpemHDp8OjbzogU3Vkb2VzdGUgZGUgSXpsdWRlCk9iamV0aXZvOiBEZXJyb3RhciAxMCBNYWduw7NsaWFzIGUgMTAgTWV0YWxsZXIKUmVjb21wZW5zYTogRXhwIDg0MDAsIEpleHAgODM4MA==,,W1NvbGljaXR1ZCBjb21wbGV0YWRhXQpVYmljYWNpw7NuOiBTdWRvZXN0ZSBkZSBJemx1ZGUKT2JqZXRpdm86IERlcnJvdGEgYSAxME1hZ25vbGlhcyB5IDEwTWV0YWxlcm9zLgpQcmVtaW86IDg0MDBkZUVYUCB5IDgzODBkZUVYUGRlY2xhc2Uu
sKZfAw,,W1JlcXVlc3QgZnJvbSBJemx1ZGUgSW5zdHJ1Y3Rvcl0KTG9jYXRpb246IFNvdXRod2VzdCBvZiBJemx1ZGUKVGFyZ2V0OiBEZWZlYXQgMTAgTWFnbm9saWEgYW5kIDEwIE1ldGFsbGVyClJld2FyZDogRXhwIDg0MDAsIEpleHAgODM4MA==,,,,,W1NvbGljaXRhw6fDo28gZG8gSW5zdHJ1dG9yIEl6bHVkZV0KTG9jYWxpemHDp8OjbzogU3Vkb2VzdGUgZGUgSXpsdWRlCk9iamV0aXZvOiBEZXJyb3RhciAxMCBNYWduw7NsaWFzIGUgMTAgTWV0YWxsZXIKUmVjb21wZW5zYTogRXhwIDg0MDAsIEpleHAgODM4MA==,,W1NvbGljaXR1ZCBkZSBpbnN0cnVjdG9yIGVuIEl6bHVkZV0KVWJpY2FjacOzbjogU3Vkb2VzdGUgZGUgSXpsdWRlCk9iamV0aXZvOiBEZXJyb3RhIGEgMTBNYWdub2xpYXMgeSAxME1ldGFsZXJvcy4KUHJlbWlvOiA4NDAwZGVFWFAgeSA4MzgwZGVFWFBkZWNsYXNlLg==
saZfAw,,UmVxdWVzdCBmcm9tIEl6bHVkZSBJbnN0cnVjdG9yCl40RDRERkZbRWdncyBhbmQgR3Jhc3Nob3BwZXJzXV4wMDAwMDAgUXVlc3QgYWNjZXB0ZWQu,,,,,UGVkaWRvIGRvIEluc3RydXRvciBJemx1ZGUKXjRENERGRltPdm9zIGUgR2FmYW5ob3Rvc11eMDAwMDAwIE1pc3PDo28gYWNlaXRhLg==,,U29saWNpdHVkIGRlIGluc3RydWN0b3IgZW4gSXpsdWRlLgpeNEQ0REZGW0h1ZXZvcyB5IHNhbHRhbW9udGVzXV4wMDAwMDA6IG1pc2nDs24gYWNlcHRhZGEu
sqZfAw,,W1JlcXVlc3QgQ29tcGxldGVkXQpMb2NhdGlvbjogSXpsdWRlIFVuZGVyd2F0ZXIgQ2F2ZSBEdW5nZW9uIDFGClRhcmdldDogRGVmZWF0IDEwIE1hcmluYSwgMTAgUGxhbmt0b24sIGFuZCBicmluZyAxMCBTaW5nbGUgQ2VsbApSZXdhcmQ6IEV4cCA5NjAwLCBKZXhwIDgzODA=,,,,,W1NvbGljaXRhw6fDo28gQ29uY2x1w61kYV0KTG9jYWxpemHDp8OjbzogQ2FsYWJvdcOnbyAoMSkgZGEgQ2F2ZXJuYSBTdWJhcXXDoXRpY2EgZGUgSXpsdWRlCk9iamV0aXZvOiBEZXJyb3RhciAxMCBNYXJpbmEsIDEwIFBsw6JuY3RvbnMgZSB0cmF6ZXIgMTAgQ8OpbHVsYXMgw5puaWNhcwpSZWNvbXBlbnNhOiBFeHAgOTYwMCwgSmV4cCA4Mzgw,,W1NvbGljaXR1ZCBjb21wbGV0YWRhXQpVYmljYWNpw7NuOiBNYXptb3JyYSBkZSBsYSBjdWV2YSBzdWJtYXJpbmEgZGUgSXpsdWRlUDEuCk9iamV0aXZvOiBEZXJyb3RhIGEgMTBNYXJpbmFzIHkgMTBQbGFuY3RvbiB5IHRyYWUgMTBDw6lsdWxhcyDDum5pY2FzLgpQcmVtaW86IDk2MDBkZUVYUCB5IDgzODBkZUVYUGRlY2xhc2Uu
s6ZfAw,,W1JlcXVlc3QgZnJvbSBhIHN0dWRlbnRdCkxvY2F0aW9uOiBJemx1ZGUgVW5kZXJ3YXRlciBDYXZlIER1bmdlb24gMUYKVGFyZ2V0OiBEZWZlYXQgMTAgTWFyaW5hLCAxMCBQbGFua3RvbiwgYW5kIGJyaW5nIDEwIFNpbmdsZSBDZWxsClJld2FyZDogRXhwIDk2MDAsIEpleHAgODM4MA==,,,,,W1NvbGljaXRhw6fDo28gZGUgdW0gZXN0dWRhbnRlXQpMb2NhbGl6YcOnw6NvOiBDYWxhYm91w6dvICgxKSBkYSBDYXZlcm5hIFN1YmFxdcOhdGljYSBkZSBJemx1ZGUKT2JqZXRpdm86IERlcnJvdGFyIDEwIE1hcmluYSwgMTAgUGzDom5jdG9ucyBlIHRyYXplciAxMCBDw6lsdWxhcyDDmm5pY2FzClJlY29tcGVuc2E6IEV4cCA5NjAwLCBKZXhwIDgzODA=,,W1NvbGljaXR1ZCBkZSB1biBlc3R1ZGlhbnRlXQpVYmljYWNpw7NuOiBNYXptb3JyYSBkZSBsYSBjdWV2YSBzdWJtYXJpbmEgZGUgSXpsdWRlUDEuCk9iamV0aXZvOiBEZXJyb3RhIGEgMTBNYXJpbmFzIHkgMTBQbGFuY3RvbiB5IHRyYWUgMTBDw6lsdWxhcyDDum5pY2FzLgpQcmVtaW86IDk2MDBkZUVYUCB5IDgzODBkZUVYUGRlY2xhc2Uu
tKZfAw,,UmVxdWVzdCBmcm9tIGEgc3R1ZGVudApeNEQ0REZGW0NvbGxlY3RpbmcgU2FtcGxlcyBpcyBIYXJkZXIgdGhhbiBpdCBBcHBlYXJzIV1eMDAwMDAwIFF1ZXN0IGFjY2VwdGVkLg==,,,,,U29saWNpdGHDp8OjbyBkZSB1bSBlc3R1ZGFudGUKXjRENERGRltDb2xldGEgZGUgQW1vc3RyYXMgQ29tcGxpY2FkYSFdXjAwMDAwMCBNaXNzw6NvIGFjZWl0YS4=,,U29saWNpdHVkIGRlIHVuIGVzdHVkaWFudGUuCl40RDRERkZbwqFSZWNvbGVjdGFyIG11ZXN0cmFzIGVzIG3DoXMgZGlmw61jaWwgZGUgbG8gcXVlIHBhcmVjZSFdXjAwMDAwMDogbWlzacOzbiBhY2VwdGFkYS4=
taZfAw,,W1JlcXVlc3QgQ29tcGxldGVkXQpMb2NhdGlvbjogSXpsdWRlIFVuZGVyd2F0ZXIgQ2F2ZSBEdW5nZW9uIDFGIDJGClRhcmdldDogRGVmZWF0IDEwIFZhZG9uIGFuZCBicmluZyA1IE5pcHBlcgpSZXdhcmQ6IEV4cCA3ODAwLCBKZXhwIDgzODA=,,,,,W1NvbGljaXRhw6fDo28gQ29uY2x1w61kYV0KTG9jYWxpemHDp8OjbzogQ2FsYWJvdcOnbyBkYSBDYXZlcm5hIFN1YmFxdcOhdGljYSBkZSBJemx1ZGUgKDEtMikKT2JqZXRpdm86IERlcnJvdGFyIDEwIFZhZG9uIGUgdHJhemVyIDUgR2FycmFzIGRlIENydXN0w6FjZW8KUmVjb21wZW5zYTogRXhwIDc4MDAsIEpleHAgODM4MA==,,W1NvbGljaXR1ZCBjb21wbGV0YWRhXQpVYmljYWNpw7NuOiBNYXptb3JyYSBkZSBsYSBjdWV2YSBzdWJtYXJpbmEgZGUgSXpsdWRlUDF5UDIuCk9iamV0aXZvOiBEZXJyb3RhIGEgMTBWYWRvbiB5IHRyYWUgNVBpbnphcy4KUHJlbWlvOiA3ODAwZGVFWFAgeSA4MzgwZGVFWFBkZWNsYXNlLg==
tqZfAw,,W1JlcXVlc3QgZnJvbSBhIHdhbmRlcmluZyBtZXJjaGFudF0KTG9jYXRpb246IEl6bHVkZSBVbmRlcndhdGVyIENhdmUgRHVuZ2VvbiAxRiAyRgpUYXJnZXQ6IERlZmVhdCAxMCBWYWRvbiBhbmQgYnJpbmcgNSBOaXBwZXIKUmV3YXJkOiBFeHAgNzgwMCwgSmV4cCA4Mzgw,,,,,W1BlZGlkbyBkZSB1bSBtZXJjYWRvciBlcnJhbnRlXQpMb2NhbGl6YcOnw6NvOiBDYWxhYm91w6dvIGRhIENhdmVybmEgU3ViYXF1w6F0aWNhIGRlIEl6bHVkZSAoMS0yKQpPYmpldGl2bzogRGVycm90YXIgMTAgVmFkb24gZSB0cmF6ZXIgNSBHYXJyYXMgZGUgQ3J1c3TDoWNlbwpSZWNvbXBlbnNhOiBFeHAgNzgwMCwgSmV4cCA4Mzgw,,W1NvbGljaXR1ZCBkZSB1biBjb21lcmNpYW50ZSBlcnJhbnRlXQpVYmljYWNpw7NuOiBNYXptb3JyYSBkZSBsYSBjdWV2YSBzdWJtYXJpbmEgZGUgSXpsdWRlUDF5UDIuCk9iamV0aXZvOiBEZXJyb3RhIGEgMTBWYWRvbiB5IHRyYWUgNVBpbnphcy4KUHJlbWlvOiA3ODAwZGVFWFAgeSA4MzgwZGVFWFBkZWNsYXNlLg==
t6ZfAw,,UmVxdWVzdCBmcm9tIGEgd2FuZGVyaW5nIG1lcmNoYW50Cl40RDRERkZbR28gd2l0aCB0aGUgVGlkZV1eMDAwMDAwIFF1ZXN0IGFjY2VwdGVkLg==,,,,,UGVkaWRvIGRlIHVtIG1lcmNhZG9yIGVycmFudGUKXjRENERGRltPbGhhIGEgT25kYV1eMDAwMDAwIE1pc3PDo28gYWNlaXRhLg==,,U29saWNpdHVkIGRlIHVuIGNvbWVyY2lhbnRlIGVycmFudGUuCl40RDRERkZbU2VndWlyIGxhIGNvcnJpZW50ZV1eMDAwMDAwOiBtaXNpw7NuIGFjZXB0YWRhLg==
uKZfAw,,W1JlcXVlc3QgQ29tcGxldGVkXQpMb2NhdGlvbjogSXpsdWRlIFVuZGVyd2F0ZXIgQ2F2ZSBEdW5nZW9uIDRGClRhcmdldDogRGVmZWF0IDEwIFN3b3JkZmlzaCBhbmQgMTAgTWFyYwpSZXdhcmQ6IEV4cCAxMjQwMCwgSmV4cCAxNDM4MA==,,,,,W1NvbGljaXRhw6fDo28gQ29uY2x1w61kYV0KTG9jYWxpemHDp8OjbzogQ2FsYWJvdcOnbyAoNCkgZGEgQ2F2ZXJuYSBTdWJhcXXDoXRpY2EgZGUgSXpsdWRlCk9iamV0aXZvOiBEZXJyb3RhciAxMCBQZWl4ZS1Fc3BhZGEgZSAxMCBNYXJjClJlY29tcGVuc2E6IEV4cCAxMjQwMCwgSmV4cCAxNDM4MA==,,W1NvbGljaXR1ZCBjb21wbGV0YWRhXQpVYmljYWNpw7NuOiBNYXptb3JyYSBkZSBsYSBjdWV2YSBzdWJtYXJpbmEgZGUgSXpsdWRlUDQuCk9iamV0aXZvOiBEZXJyb3RhIGEgMTBQZWNlcyBlc3BhZGEgeSAxME1hcmMuClByZW1pbzogMTI0MDBkZUVYUCB5IDE0MzgwZGVFWFBkZWNsYXNlLg==
uaZfAw,,W1JlcXVlc3QgZnJvbSBFcm5lc3QsIDJGIG9mIEl6bHVkZSBVbmRlcnNlYV0KTG9jYXRpb246IEl6bHVkZSBVbmRlcndhdGVyIENhdmUgRHVuZ2VvbiA0RgpUYXJnZXQ6IERlZmVhdCAxMCBTd29yZGZpc2ggYW5kIDEwIE1hcmMKUmV3YXJkOiBFeHAgMTI0MDAsIEpleHAgMTQzODA=,,,,,W1BlZGlkbyBkZSBFcm5lc3QsICgyKSBkbyBTdWJhcXXDoXRpY28gZGUgSXpsdWRlXQpMb2NhbGl6YcOnw6NvOiBDYWxhYm91w6dvICg0KSBkYSBDYXZlcm5hIFN1YmFxdcOhdGljYSBkZSBJemx1ZGUKT2JqZXRpdm86IERlcnJvdGFyIDEwIFBlaXhlLUVzcGFkYSBlIDEwIE1hcmMKUmVjb21wZW5zYTogRXhwIDEyNDAwLCBKZXhwIDE0Mzgw,,W1NvbGljaXR1ZCBkZSBFcm5lc3QgZW4gZWwgUDJkZSBsYSBjdWV2YSBzdWJtYXJpbmEgZGUgSXpsdWRlXQpVYmljYWNpw7NuOiBNYXptb3JyYSBkZSBsYSBjdWV2YSBzdWJtYXJpbmEgZGUgSXpsdWRlUDQuCk9iamV0aXZvOiBEZXJyb3RhIGEgMTBQZWNlcyBlc3BhZGEgeSAxME1hcmMuClByZW1pbzogMTI0MDBkZUVYUCB5IDE0MzgwZGVFWFBkZWNsYXNlLg==
uqZfAw,,UmVxdWVzdCBmcm9tIEVybmVzdCwgMkYgb2YgSXpsdWRlIFVuZGVyc2VhCl40RDRERkZbS2luZG5lc3MgdG8gYSBGcmllbmRdXjAwMDAwMCBRdWVzdCBhY2NlcHRlZC4=,,,,,UGVkaWRvIGRlIEVybmVzdCwgKDIpIGRvIFN1YmFxdcOhdGljbyBkZSBJemx1ZGUKXjRENERGRltVbSBHZXN0byBkZSBBbWl6YWRlXV4wMDAwMDAgTWlzc8OjbyBhY2VpdGEu,,U29saWNpdHVkIGRlIEVybmVzdCBlbiBlbCBQMmRlIGxhIGN1ZXZhIHN1Ym1hcmluYSBkZSBJemx1ZGUuCl40RDRERkZbSG95IHBvciB0aSwgbWHDsWFuYSBwb3IgbcOtXV4wMDAwMDA6IG1pc2nDs24gYWNlcHRhZGEu
u6ZfAw,,W1JlcXVlc3QgQ29tcGxldGVkXQpMb2NhdGlvbjogSXpsdWRlIFVuZGVyd2F0ZXIgQ2F2ZSBEdW5nZW9uIDNGClRhcmdldDogRGVmZWF0IDIwIE1hcnNlIGFuZCBicmluZyAxMCBTcXVpZCBJbmsKUmV3YXJkOiBFeHAgMTA2NDAsIEpleHAgMTAyNDA=,,,,,W1NvbGljaXRhw6fDo28gQ29uY2x1w61kYV0KTG9jYWxpemHDp8OjbzogQ2FsYWJvdcOnbyAoMykgZGEgQ2F2ZXJuYSBTdWJhcXXDoXRpY2EgZGUgSXpsdWRlCk9iamV0aXZvOiBEZXJyb3RhciAyMCBNYXJ0ZXMgZSB0cmF6ZXIgMTAgVGludGFzIGRlIFBvbHZvClJlY29tcGVuc2E6IEV4cCAxMDY0MCwgSmV4cCAxMDI0MA==,,W1NvbGljaXR1ZCBjb21wbGV0YWRhXQpVYmljYWNpw7NuOiBNYXptb3JyYSBkZSBsYSBjdWV2YSBzdWJtYXJpbmEgZGUgSXpsdWRlUDMuCk9iamV0aXZvOiBEZXJyb3RhIGEgMjBNYXJzZSB5IHRyYWUgMTB1bmlkYWRlcyBkZSBUaW50YSBkZSBjYWxhbWFyLgpQcmVtaW86IDEwNjQwZGVFWFAgeSAxMDI0MGRlRVhQZGVjbGFzZS4=
vKZfAw,,W1JlcXVlc3QgZnJvbSBLdXNla2lsaSwgSXpsdWRlIFVuZGVyd2F0ZXIgM0ZdCkxvY2F0aW9uOiBJemx1ZGUgVW5kZXJ3YXRlciBDYXZlIER1bmdlb24gM0YKVGFyZ2V0OiBEZWZlYXQgMjAgTWFyc2UgYW5kIGJyaW5nIDEwIFNxdWlkIEluawpSZXdhcmQ6IEV4cCAxMDY0MCwgSmV4cCAxMDI0MA==,,,,,W1BlZGlkbyBkZSBLdXNla2lsaSwgU3ViYXF1w6F0aWNvIGRlIEl6bHVkZSAoMyldCkxvY2FsaXphw6fDo286IENhbGFib3XDp28gKDMpIGRhIENhdmVybmEgU3ViYXF1w6F0aWNhIGRlIEl6bHVkZQpPYmpldGl2bzogRGVycm90YXIgMjAgTWFydGVzIGUgdHJhemVyIDEwIFRpbnRhcyBkZSBQb2x2bwpSZWNvbXBlbnNhOiBFeHAgMTA2NDAsIEpleHAgMTAyNDA=,,W1NvbGljaXR1ZCBkZSBLdXNla2lsaSBlbiBlbCBQM2RlIGxhIGN1ZXZhIHN1Ym1hcmluYSBkZSBJemx1ZGVdClViaWNhY2nDs246IE1hem1vcnJhIGRlIGxhIGN1ZXZhIHN1Ym1hcmluYSBkZSBJemx1ZGVQMy4KT2JqZXRpdm86IERlcnJvdGEgYSAyME1hcnNlIHkgdHJhZSAxMHVuaWRhZGVzIGRlIFRpbnRhIGRlIGNhbGFtYXIuClByZW1pbzogMTA2NDBkZUVYUCB5IDEwMjQwZGVFWFBkZWNsYXNlLg==
vaZfAw,,UmVxdWVzdCBmcm9tIEt1c2VraWxpLCBJemx1ZGUgVW5kZXJ3YXRlciAzRgpeNEQ0REZGW0RlbGl2ZXIgdGhlIEluZ3JlZGllbnRzXV4wMDAwMDAgUXVlc3QgYWNjZXB0ZWQu,,,,,UGVkaWRvIGRlIEt1c2VraWxpLCBTdWJhcXXDoXRpY28gZGUgSXpsdWRlICgzKQpeNEQ0REZGW0VudHJlZ3VlIG9zIGluZ3JlZGllbnRlc11eMDAwMDAwIE1pc3PDo28gYWNlaXRhLg==,,U29saWNpdHVkIGRlIEt1c2VraWxpIGVuIGVsIFAzZGUgbGEgY3VldmEgc3VibWFyaW5hIGRlIEl6bHVkZS4KXjRENERGRltFbnRyZWdhIGRlIGluZ3JlZGllbnRlc11eMDAwMDAwOiBtaXNpw7NuIGFjZXB0YWRhLg==
vqZfAw,,W1JlcXVlc3QgQ29tcGxldGVkXQpMb2NhdGlvbjogSXpsdWRlIFVuZGVyd2F0ZXIgQ2F2ZSBEdW5nZW9uIDNGClRhcmdldDogRGVmZWF0IDEwIE9iZWFudWUgYW5kIGJyaW5nIDEgTWVybWFpZCdzIEhlYXJ0ClJld2FyZDogRXhwIDk2MDAsIEpleHAgOTYwMA==,,,,,W1NvbGljaXRhw6fDo28gQ29uY2x1w61kYV0KTG9jYWxpemHDp8OjbzogQ2FsYWJvdcOnbyAoMykgZGEgQ2F2ZXJuYSBTdWJhcXXDoXRpY2EgZGUgSXpsdWRlCk9iamV0aXZvOiBEZXJyb3RlIDEwIE9iZWFudWUgZSB0cmFnYSAxIENvcmHDp8OjbyBkZSBTZXJlaWEKUmVjb21wZW5zYTogRXhwIDk2MDAsIEpleHAgOTYwMA==,,W1NvbGljaXR1ZCBjb21wbGV0YWRhXQpVYmljYWNpw7NuOiBNYXptb3JyYSBkZSBsYSBjdWV2YSBzdWJtYXJpbmEgZGUgSXpsdWRlUDMuCk9iamV0aXZvOiBEZXJyb3RhIGEgMTBPYmVhdW5lIHkgdHJhZSAxQ29yYXrDs24gZGUgc2lyZW5hLgpQcmVtaW86IDk2MDBkZUVYUCB5IDk2MDBkZUVYUGRlY2xhc2Uu
v6ZfAw,,W1JlcXVlc3QgZnJvbSBOb25kYSBBbmthbmFdCkxvY2F0aW9uOiBJemx1ZGUgVW5kZXJ3YXRlciBDYXZlIER1bmdlb24gM0YKVGFyZ2V0OiBEZWZlYXQgMTAgT2JlYW51ZSBhbmQgYnJpbmcgMSBNZXJtYWlkJ3MgSGVhcnQKUmV3YXJkOiBFeHAgOTYwMCwgSmV4cCA5NjAw,,,,,W1NvbGljaXRhw6fDo28gZGUgTm9uZGEgQW5rYW5hXQpMb2NhbGl6YcOnw6NvOiBDYWxhYm91w6dvICgzKSBkYSBDYXZlcm5hIFN1YmFxdcOhdGljYSBkZSBJemx1ZGUKT2JqZXRpdm86IERlcnJvdGUgMTAgT2JlYW51ZSBlIHRyYWdhIDEgQ29yYcOnw6NvIGRlIFNlcmVpYQpSZWNvbXBlbnNhOiBFeHAgOTYwMCwgSmV4cCA5NjAw,,W1NvbGljaXR1ZCBkZSBOb25kYSBBbmthbmFdClViaWNhY2nDs246IE1hem1vcnJhIGRlIGxhIGN1ZXZhIHN1Ym1hcmluYSBkZSBJemx1ZGVQMy4KT2JqZXRpdm86IERlcnJvdGEgYSAxME9iZWF1bmUgeSB0cmFlIDFDb3JhesOzbiBkZSBzaXJlbmEuClByZW1pbzogOTYwMGRlRVhQIHkgOTYwMGRlRVhQZGVjbGFzZS4=
wKZfAw,,UmVxdWVzdCBmcm9tIE5vbmRhIEFua2FuYQpeNEQ0REZGW0RyZWFtIExvdmVyXV4wMDAwMDAgUXVlc3QgYWNjZXB0ZWQu,,,,,UGVkaWRvIGRlIE5vbmRhIEFua2FuYQpeNEQ0REZGW0Ftb3IgSWRlYWxdXjAwMDAwMCBNaXNzw6NvIGFjZWl0YS4=,,U29saWNpdHVkIGRlIE5vbmRhIEFua2FuYS4KXjRENERGRltEYW1hIHNvw7FhZGFdXjAwMDAwMDogbWlzacOzbiBhY2VwdGFkYS4=
waZfAw,,W1JlcXVlc3QgQ29tcGxldGVkXQpMb2NhdGlvbjogSXpsdWRlIFVuZGVyd2F0ZXIgQ2F2ZSBEdW5nZW9uIDVGClRhcmdldDogRGVmZWF0IDEwIFN0b3VmIGFuZCAxMCBNZXJtYW4KUmV3YXJkOiBFeHAgMTcyMDAsIEpleHAgMTU2MDA=,,,,,W1NvbGljaXRhw6fDo28gQ29uY2x1w61kYV0KTG9jYWxpemHDp8OjbzogQ2FsYWJvdcOnbyAoNSkgZGEgQ2F2ZXJuYSBTdWJhcXXDoXRpY2EgZGUgSXpsdWRlCk9iamV0aXZvOiBEZXJyb3RhciAxMCBTdG91ZiBlIDEwIFRyaXTDtWVzClJlY29tcGVuc2E6IEV4cCAxNzIwMCwgSmV4cCAxNTYwMA==,,W1NvbGljaXR1ZCBjb21wbGV0YWRhXQpVYmljYWNpw7NuOiBNYXptb3JyYSBkZSBsYSBjdWV2YSBzdWJtYXJpbmEgZGUgSXpsdWRlUDUuCk9iamV0aXZvOiBEZXJyb3RhIGEgMTBTdHJvdWYgeSAxMFRyaXRvbmVzLgpQcmVtaW86IDE3MjAwZGVFWFAgeSAxNTYwMGRlRVhQZGVjbGFzZS4=
wqZfAw,,W1JlcXVlc3QgZnJvbSBMZWFkZXIgTWF4aW1dCkxvY2F0aW9uOiBJemx1ZGUgVW5kZXJ3YXRlciBDYXZlIER1bmdlb24gNUYKVGFyZ2V0OiBEZWZlYXQgMTAgU3RvdWYgYW5kIDEwIE1lcm1hbgpSZXdhcmQ6IEV4cCAxNzIwMCwgSmV4cCAxNTYwMA==,,,,,W1NvbGljaXRhw6fDo28gZG8gTMOtZGVyIE1heGltXQpMb2NhbGl6YcOnw6NvOiBDYWxhYm91w6dvICg1KSBkYSBDYXZlcm5hIFN1YmFxdcOhdGljYSBkZSBJemx1ZGUKT2JqZXRpdm86IERlcnJvdGFyIDEwIFN0b3VmIGUgMTAgVHJpdMO1ZXMKUmVjb21wZW5zYTogRXhwIDE3MjAwLCBKZXhwIDE1NjAw,,W1NvbGljaXR1ZCBkZWwgbMOtZGVyIE1heGltXQpVYmljYWNpw7NuOiBNYXptb3JyYSBkZSBsYSBjdWV2YSBzdWJtYXJpbmEgZGUgSXpsdWRlUDUuCk9iamV0aXZvOiBEZXJyb3RhIGEgMTBTdHJvdWYgeSAxMFRyaXRvbmVzLgpQcmVtaW86IDE3MjAwZGVFWFAgeSAxNTYwMGRlRVhQZGVjbGFzZS4=
w6ZfAw,,UmVxdWVzdCBmcm9tIExlYWRlciBNYXhpbQpeNEQ0REZGW0Fubm95aW5nIEd1YXJkc11eMDAwMDAwIFF1ZXN0IGFjY2VwdGVkLg==,,,,,UGVkaWRvIGRvIEzDrWRlciBNYXhpbQpeNEQ0REZGW0d1YXJkYXMgSXJyaXRhbnRlc11eMDAwMDAwIE1pc3PDo28gYWNlaXRhLg==,,U29saWNpdHVkIGRlbCBsw61kZXIgTWF4aW0uCl40RDRERkZbRXN0b3JibyBkZSBndWFyZGlhc11eMDAwMDAwOiBtaXNpw7NuIGFjZXB0YWRhLg==
xKZfAw,,W1JlcXVlc3QgQ29tcGxldGVkXQpMb2NhdGlvbjogTW9ycm9jIFB5cmFtaWQgMy00RgpUYXJnZXQ6IERlZmVhdCAxMCBNdW1teSBhbmQgYnJpbmcgMSBNZW1lbnRvClJld2FyZDogRXhwIDcyMDAsIEpleHAgNzgwMA==,,,,,W1NvbGljaXRhw6fDo28gQ29uY2x1w61kYV0KTG9jYWxpemHDp8OjbzogUGlyw6JtaWRlIGRlIE1vcnJvYyAoMy00KQpPYmpldGl2bzogRGVycm90YXIgMTAgTcO6bWlhcyBlIHRyYXplciAxIEVzcMOzbGlvClJlY29tcGVuc2E6IEV4cCA3MjAwLCBKZXhwIDc4MDA=,,W1NvbGljaXR1ZCBjb21wbGV0YWRhXQpVYmljYWNpw7NuOiBQaXLDoW1pZGUgZGUgTW9ycm9jUDN5UDQuCk9iamV0aXZvOiBEZXJyb3RhIGEgMTBNb21pYXMgeSB0cmFlIDFSZWN1ZXJkby4KUHJlbWlvOiA3MjAwZGVFWFAgeSA3ODAwZGVFWFBkZWNsYXNlLg==
xaZfAw,,W1JlcXVlc3QgZnJvbSBMZWFkZXIgTWF4aW1dCkxvY2F0aW9uOiBNb3Jyb2MgUHlyYW1pZCAzLTRGClRhcmdldDogRGVmZWF0IDEwIE11bW15IGFuZCBicmluZyAxIE1lbWVudG8KUmV3YXJkOiBFeHAgNzIwMCwgSmV4cCA3ODAw,,,,,W1NvbGljaXRhw6fDo28gZG8gTMOtZGVyIE1heGltXQpMb2NhbGl6YcOnw6NvOiBQaXLDom1pZGUgZGUgTW9ycm9jICgzLTQpCk9iamV0aXZvOiBEZXJyb3RhciAxMCBNw7ptaWFzIGUgdHJhemVyIDEgRXNww7NsaW8KUmVjb21wZW5zYTogRXhwIDcyMDAsIEpleHAgNzgwMA==,,W1NvbGljaXR1ZCBkZWwgbMOtZGVyIE1heGltXQpVYmljYWNpw7NuOiBQaXLDoW1pZGUgZGUgTW9ycm9jUDN5UDQuCk9iamV0aXZvOiBEZXJyb3RhIGEgMTBNb21pYXMgeSB0cmFlIDFSZWN1ZXJkby4KUHJlbWlvOiA3MjAwZGVFWFAgeSA3ODAwZGVFWFBkZWNsYXNlLg==
xqZfAw,,UmVxdWVzdCBmcm9tIExlYWRlciBNYXhpbQpeNEQ0REZGW011bW15IGFuZCBhbiBPbGQgQmx1ZSBCb3hdXjAwMDAwMCBRdWVzdCBhY2NlcHRlZC4=,,,,,UGVkaWRvIGRvIEzDrWRlciBNYXhpbQpeNEQ0REZGW03Dum1pYSBlIFVtYSBWZWxoYSBDYWl4YSBBenVsXV4wMDAwMDAgTWlzc8OjbyBhY2VpdGEu,,U29saWNpdHVkIGRlbCBsw61kZXIgTWF4aW0uCl40RDRERkZbVW5hIE1vbWlhIHkgdW5hIENhamEgYW50aWd1YSBhenVsXV4wMDAwMDA6IG1pc2nDs24gYWNlcHRhZGEu
x6ZfAw,,W1JlcXVlc3QgQ29tcGxldGVkXQpMb2NhdGlvbjogTW9ycm9jIFB5cmFtaWQgVW5kZXJncm91bmQgMUYKVGFyZ2V0OiBEZWZlYXQgMTAgVmVyaXQgYW5kIDEwIE1pbm9yb3VzClJld2FyZDogRXhwIDEyMDAwLCBKZXhwIDEyODAw,,,,,W1NvbGljaXRhw6fDo28gQ29uY2x1w61kYV0KTG9jYWxpemHDp8OjbzogUGlyw6JtaWRlIGRlIE1vcnJvYyBubyBzdWJzb2xvICgxKQpPYmpldGl2bzogRGVycm90YXIgMTAgVmVyaXQgZSAxMCBNaW5vcm91cwpSZWNvbXBlbnNhOiBFeHAgMTIwMDAsIEpleHAgMTI4MDA=,,W1NvbGljaXR1ZCBjb21wbGV0YWRhXQpVYmljYWNpw7NuOiBQaXLDoW1pZGUgc3VidGVycsOhbmVhIGRlIE1vcnJvY1AxLgpPYmpldGl2bzogRGVycm90YSBhIDEwVmVyaXQgeSAxME1pbm9yb3VzLgpQcmVtaW86IDEyMDAwZGVFWFAgeSAxMjgwMGRlRVhQZGVjbGFzZS4=
yKZfAw,,W1JlcXVlc3QgZnJvbSBMdW1pbl0KTG9jYXRpb246IE1vcnJvYyBQeXJhbWlkIFVuZGVyZ3JvdW5kIDFGClRhcmdldDogRGVmZWF0IDEwIFZlcml0IGFuZCAxMCBNaW5vcm91cwpSZXdhcmQ6IEV4cCAxMjAwMCwgSmV4cCAxMjgwMA==,,,,,W1NvbGljaXRhw6fDo28gZGUgTHVtaW5dCkxvY2FsaXphw6fDo286IFBpcsOibWlkZSBkZSBNb3Jyb2Mgbm8gc3Vic29sbyAoMSkKT2JqZXRpdm86IERlcnJvdGFyIDEwIFZlcml0IGUgMTAgTWlub3JvdXMKUmVjb21wZW5zYTogRXhwIDEyMDAwLCBKZXhwIDEyODAw,,W1NvbGljaXR1ZCBkZSBMdW1pbl0KVWJpY2FjacOzbjogUGlyw6FtaWRlIHN1YnRlcnLDoW5lYSBkZSBNb3Jyb2NQMS4KT2JqZXRpdm86IERlcnJvdGEgYSAxMFZlcml0IHkgMTBNaW5vcm91cy4KUHJlbWlvOiAxMjAwMGRlRVhQIHkgMTI4MDBkZUVYUGRlY2xhc2Uu
yaZfAw,,UmVxdWVzdCBmcm9tIEx1bWluCl40RDRERkZbSW5zb21uaWFjXV4wMDAwMDAgUXVlc3QgYWNjZXB0ZWQu,,,,,UGVkaWRvIGRlIEx1bWluCl40RDRERkZbSW5zw7RuaWFdXjAwMDAwMCBNaXNzw6NvIGFjZWl0YS4=,,U29saWNpdHVkIGRlIEx1bWluLgpeNEQ0REZGW0luc29tbmVdXjAwMDAwMDogbWlzacOzbiBhY2VwdGFkYS4=
yqZfAw,,W1JlcXVlc3QgQ29tcGxldGVkXQpMb2NhdGlvbjogTW9ycm9jIFB5cmFtaWQgNEYKVGFyZ2V0OiBEZWZlYXQgMjAgSXNpcwpSZXdhcmQ6IEV4cCAxNjc0MCwgSmV4cCAxNzg4MA==,,,,,W1NvbGljaXRhw6fDo28gQ29uY2x1w61kYV0KTG9jYWxpemHDp8OjbzogUGlyw6JtaWRlIGRlIE1vcnJvYyAoNCkKT2JqZXRpdm86IERlcnJvdGFyIDIwIMONc2lzClJlY29tcGVuc2E6IEV4cCAxNjc0MCwgSmV4cCAxNzg4MA==,,W1NvbGljaXR1ZCBjb21wbGV0YWRhXQpVYmljYWNpw7NuOiBQaXLDoW1pZGUgZGUgTW9ycm9jUDQuCk9iamV0aXZvOiBEZXJyb3RhIGEgMjBJc2lzLgpQcmVtaW86IDE2NzQwZGVFWFAgeSAxNzg4MGRlRVhQZGVjbGFzZS4=
y6ZfAw,,W1JlcXVlc3QgZnJvbSBFcm5lc3RdCkxvY2F0aW9uOiBNb3Jyb2MgUHlyYW1pZCA0RgpUYXJnZXQ6IERlZmVhdCAyMCBJc2lzClJld2FyZDogRXhwIDE2NzQwLCBKZXhwIDE3ODgw,,,,,W1NvbGljaXRhw6fDo28gZGUgRXJuZXN0XQpMb2NhbGl6YcOnw6NvOiBQaXLDom1pZGUgZGUgTW9ycm9jICg0KQpPYmpldGl2bzogRGVycm90YXIgMjAgw41zaXMKUmVjb21wZW5zYTogRXhwIDE2NzQwLCBKZXhwIDE3ODgw,,W1NvbGljaXR1ZCBkZSBFcm5lc3RdClViaWNhY2nDs246IFBpcsOhbWlkZSBkZSBNb3Jyb2NQNC4KT2JqZXRpdm86IERlcnJvdGEgYSAyMElzaXMuClByZW1pbzogMTY3NDBkZUVYUCB5IDE3ODgwZGVFWFBkZWNsYXNlLg==
zKZfAw,,UmVxdWVzdCBmcm9tIEVybmVzdApeNEQ0REZGW0RlZmVhdCBJc2lzXV4wMDAwMDAgUXVlc3QgYWNjZXB0ZWQu,,,,,UGVkaWRvIGRlIEVybmVzdApeNEQ0REZGW0RlcnJvdGUgw41zaXNdXjAwMDAwMCBNaXNzw6NvIGFjZWl0YS4=,,U29saWNpdHVkIGRlIEVybmVzdC4KXjRENERGRltEZXJyb3RhIGEgSXNpc11eMDAwMDAwOiBtaXNpw7NuIGFjZXB0YWRhLg==
zaZfAw,,W1JlcXVlc3QgQ29tcGxldGVkXQpMb2NhdGlvbjogTW9ycm9jIFNwaGlueCAxRgpUYXJnZXQ6IERlZmVhdCAxNSBaZXJvbSBhbmQgMTUgUmVxdWllbQpSZXdhcmQ6IEV4cCAxOTQ1MCwgSmV4cCAyMDA5MA==,,,,,W1NvbGljaXRhw6fDo28gQ29uY2x1w61kYV0KTG9jYWxpemHDp8OjbzogRXNmaW5nZSBkZSBNb3Jyb2MgKDEpCk9iamV0aXZvOiBEZXJyb3RhciAxNSBaZXJvbSBlIDE1IFLDqXF1aWVtClJlY29tcGVuc2E6IEV4cCAxOTQ1MCwgSmV4cCAyMDA5MA==,,W1NvbGljaXR1ZCBjb21wbGV0YWRhXQpVYmljYWNpw7NuOiBFc2ZpbmdlIGRlIE1vcnJvY1AxLgpPYmpldGl2bzogRGVycm90YSBhIDE1WmVyb20geSAxNVLDqXF1aWVtLgpQcmVtaW86IDE5NDUwZGVFWFAgeSAyMDA5MGRlRVhQZGVjbGFzZS4=
zqZfAw,,W1JlcXVlc3QgZnJvbSBFcm5lc3RdCkxvY2F0aW9uOiBNb3Jyb2MgU3BoaW54IDFGClRhcmdldDogRGVmZWF0IDE1IFplcm9tIGFuZCAxNSBSZXF1aWVtClJld2FyZDogRXhwIDE5NDUwLCBKZXhwIDIwMDkw,,,,,W1NvbGljaXRhw6fDo28gZGUgRXJuZXN0XQpMb2NhbGl6YcOnw6NvOiBFc2ZpbmdlIGRlIE1vcnJvYyAoMSkKT2JqZXRpdm86IERlcnJvdGFyIDE1IFplcm9tIGUgMTUgUsOpcXVpZW0KUmVjb21wZW5zYTogRXhwIDE5NDUwLCBKZXhwIDIwMDkw,,W1NvbGljaXR1ZCBkZSBFcm5lc3RdClViaWNhY2nDs246IEVzZmluZ2UgZGUgTW9ycm9jUDEuCk9iamV0aXZvOiBEZXJyb3RhIGEgMTVaZXJvbSB5IDE1UsOpcXVpZW0uClByZW1pbzogMTk0NTBkZUVYUCB5IDIwMDkwZGVFWFBkZWNsYXNlLg==
z6ZfAw,,UmVxdWVzdCBmcm9tIEVybmVzdApeNEQ0REZGW1NwaGlueCdzIFdvcmtlcnNdXjAwMDAwMCBRdWVzdCBhY2NlcHRlZC4=,,,,,UGVkaWRvIGRlIEVybmVzdApeNEQ0REZGW1RyYWJhbGhhZG9yZXMgZGEgRXNmaW5nZV1eMDAwMDAwIE1pc3PDo28gYWNlaXRhLg==,,U29saWNpdHVkIGRlIEVybmVzdC4KXjRENERGRltUcmFiYWphZG9yZXMgZGUgbGEgZXNmaW5nZV1eMDAwMDAwOiBtaXNpw7NuIGFjZXB0YWRhLg==
0KZfAw,,W1JlcXVlc3QgQ29tcGxldGVkXQpMb2NhdGlvbjogTW9ycm9jIFNwaGlueCAyLTNGClRhcmdldDogRGVmZWF0IDE1IE1hcmR1aywgMTUgUGFzYW5hLCBhbmQgYnJpbmcgMTAgT2xkIFBhcHlydXMKUmV3YXJkOiBFeHAgMjU2NDAsIEpleHAgMjQyMTA=,,,,,W1NvbGljaXRhw6fDo28gQ29uY2x1w61kYV0KTG9jYWxpemHDp8OjbzogRXNmaW5nZSBkZSBNb3Jyb2MgKDItMykKT2JqZXRpdm86IERlcnJvdGFyIDE1IE1hcmR1aywgMTUgUGFzYW5hIGUgdHJhemVyIDEwIFBhcGlyb3MgQW50aWdvcwpSZWNvbXBlbnNhOiBFeHAgMjU2NDAsIEpleHAgMjQyMTA=,,W1NvbGljaXR1ZCBjb21wbGV0YWRhXQpVYmljYWNpw7NuOiBFc2ZpbmdlIGRlIE1vcnJvY1AyeVAzLgpPYmpldGl2bzogRGVycm90YSBhIDE1TWFyZHVrIHkgMTVQYXNhbmEgeSB0cmFlIDEwUGFwaXJvcyBhbnRpZ3Vvcy4KUHJlbWlvOiAyNTY0MGRlRVhQIHkgMjQyMTBkZUVYUGRlY2xhc2Uu
0aZfAw,,W1JlcXVlc3QgZnJvbSBFcm5lc3RdCkxvY2F0aW9uOiBNb3Jyb2MgU3BoaW54IDItM0YKVGFyZ2V0OiBEZWZlYXQgMTUgTWFyZHVrLCAxNSBQYXNhbmEsIGFuZCBicmluZyAxMCBPbGQgUGFweXJ1cwpSZXdhcmQ6IEV4cCAyNTY0MCwgSmV4cCAyNDIxMA==,,,,,W1NvbGljaXRhw6fDo28gZGUgRXJuZXN0XQpMb2NhbGl6YcOnw6NvOiBFc2ZpbmdlIGRlIE1vcnJvYyAoMi0zKQpPYmpldGl2bzogRGVycm90YXIgMTUgTWFyZHVrLCAxNSBQYXNhbmEgZSB0cmF6ZXIgMTAgUGFwaXJvcyBBbnRpZ29zClJlY29tcGVuc2E6IEV4cCAyNTY0MCwgSmV4cCAyNDIxMA==,,W1NvbGljaXR1ZCBkZSBFcm5lc3RdClViaWNhY2nDs246IEVzZmluZ2UgZGUgTW9ycm9jUDJ5UDMuCk9iamV0aXZvOiBEZXJyb3RhIGEgMTVNYXJkdWsgeSAxNVBhc2FuYSB5IHRyYWUgMTBQYXBpcm9zIGFudGlndW9zLgpQcmVtaW86IDI1NjQwZGVFWFAgeSAyNDIxMGRlRVhQZGVjbGFzZS4=
0qZfAw,,UmVxdWVzdCBmcm9tIEVybmVzdApeNEQ0REZGW1NlY3JldCBvZiB0aGUgU3BoaW54XV4wMDAwMDAgUXVlc3QgYWNjZXB0ZWQu,,,,,UGVkaWRvIGRlIEVybmVzdApeNEQ0REZGW1NlZ3JlZG8gZGEgRXNmaW5nZV1eMDAwMDAwIE1pc3PDo28gYWNlaXRhLg==,,U29saWNpdHVkIGRlIEVybmVzdC4KXjRENERGRltTZWNyZXRvIGRlIGxhIGVzZmluZ2VdXjAwMDAwMDogbWlzacOzbiBhY2VwdGFkYS4=
06ZfAw,,W1JlcXVlc3QgQ29tcGxldGVkXQpMb2NhdGlvbjogU29ncmF0IERlc2VydApUYXJnZXQ6IERlZmVhdCAxMCBTYW5kbWFuIGFuZCBicmluZyA1IEdyaXQKUmV3YXJkOiBFeHAgMTA4MDAsIEpleHAgOTYwMA==,,,,,W1NvbGljaXRhw6fDo28gQ29uY2x1w61kYV0KTG9jYWxpemHDp8OjbzogRGVzZXJ0byBkZSBTb2dyYXQKT2JqZXRpdm86IERlcnJvdGFyIDEwIEFyZW5vc29zIGUgdHJhemVyIDUgVG9ycsO1ZXMgZGUgQXJlaWEKUmVjb21wZW5zYTogRXhwIDEwODAwLCBKZXhwIDk2MDA=,,W1NvbGljaXR1ZCBjb21wbGV0YWRhXQpVYmljYWNpw7NuOiBEZXNpZXJ0byBTb2dyYXQuCk9iamV0aXZvOiBEZXJyb3RhIGEgMTBIb21icmVzIGRlIGFyZW5hIHkgdHJhZSA1R3Jhbm9zLgpQcmVtaW86IDEwODAwZGVFWFAgeSA5NjAwZGVFWFBkZWNsYXNlLg==
1KZfAw,,W1JlcXVlc3QgZnJvbSBhIFN0dWRlbnRdCkxvY2F0aW9uOiBTb2dyYXQgRGVzZXJ0ClRhcmdldDogRGVmZWF0IDEwIFNhbmRtYW4gYW5kIGJyaW5nIDUgR3JpdApSZXdhcmQ6IEV4cCAxMDgwMCwgSmV4cCA5NjAw,,,,,W1NvbGljaXRhw6fDo28gZGUgdW0gRXN0dWRhbnRlXQpMb2NhbGl6YcOnw6NvOiBEZXNlcnRvIGRlIFNvZ3JhdApPYmpldGl2bzogRGVycm90YXIgMTAgQXJlbm9zb3MgZSB0cmF6ZXIgNSBUb3Jyw7VlcyBkZSBBcmVpYQpSZWNvbXBlbnNhOiBFeHAgMTA4MDAsIEpleHAgOTYwMA==,,W1NvbGljaXR1ZCBkZSBlc3R1ZGlhbnRlXQpVYmljYWNpw7NuOiBEZXNpZXJ0byBTb2dyYXQuCk9iamV0aXZvOiBEZXJyb3RhIGEgMTBIb21icmVzIGRlIGFyZW5hIHkgdHJhZSA1R3Jhbm9zLgpQcmVtaW86IDEwODAwZGVFWFAgeSA5NjAwZGVFWFBkZWNsYXNlLg==
1aZfAw,,UmVxdWVzdCBmcm9tIGEgU3R1ZGVudApeNEQ0REZGW0d1eXMgd2hvIGdldCBpbiB0aGUgd2F5XV4wMDAwMDAgUXVlc3QgYWNjZXB0ZWQu,,,,,U29saWNpdGHDp8OjbyBkZSB1bSBFc3R1ZGFudGUKXjRENERGRltHZW50ZSBJbnRyb21ldGlkYV1eMDAwMDAwIE1pc3PDo28gYWNlaXRhLg==,,U29saWNpdHVkIGRlIGVzdHVkaWFudGUKXjRENERGRltUaXBvcyBxdWUgZXN0b3JiYW5dXjAwMDAwMDogbWlzacOzbiBhY2VwdGFkYS4=
1qZfAw,,W1JlcXVlc3QgQ29tcGxldGVkXQpMb2NhdGlvbjogUGF5b24gRHVuZ2VvbiAzRgpUYXJnZXQ6IERlZmVhdCAxNSBNdW5haywgMTUgQm9uZ3VuLCBhbmQgYnJpbmcgMTUgQW11bGV0ClJld2FyZDogRXhwIDEzMjAwLCBKZXhwIDEyMzAw,,,,,W1NvbGljaXRhw6fDo28gQ29uY2x1w61kYV0KTG9jYWxpemHDp8OjbzogQ2FsYWJvdcOnbyBQYXlvbiAoMykKT2JqZXRpdm86IERlcnJvdGFyIDE1IE11bmFrLCAxNSBCb25ndW4gZSB0cmF6ZXIgMTUgQW11bGV0b3MKUmVjb21wZW5zYTogRXhwIDEzMjAwLCBKZXhwIDEyMzAw,,W1NvbGljaXR1ZCBjb21wbGV0YWRhXQpVYmljYWNpw7NuOiBNYXptb3JyYSBkZSBQYXlvblAzLgpPYmpldGl2bzogRGVycm90YSBhIDE1TXVuYWsgeSAxNUJvbmd1biB5IHRyYWUgMTVBbXVsZXRvcy4KUHJlbWlvOiAxMzIwMGRlRVhQIHkgMTIzMDBkZUVYUGRlY2xhc2Uu
16ZfAw,,W1JlcXVlc3QgZnJvbSBQYXlvbiBHdWFyZF0KTG9jYXRpb246IFBheW9uIER1bmdlb24gM0YKVGFyZ2V0OiBEZWZlYXQgMTUgTXVuYWssIDE1IEJvbmd1biwgYW5kIGJyaW5nIDE1IEFtdWxldApSZXdhcmQ6IEV4cCAxMzIwMCwgSmV4cCAxMjMwMA==,,,,,W1NvbGljaXRhw6fDo28gZGEgR3VhcmRhIGRlIFBheW9uXQpMb2NhbGl6YcOnw6NvOiBDYWxhYm91w6dvIFBheW9uICgzKQpPYmpldGl2bzogRGVycm90YXIgMTUgTXVuYWssIDE1IEJvbmd1biBlIHRyYXplciAxNSBBbXVsZXRvcwpSZWNvbXBlbnNhOiBFeHAgMTMyMDAsIEpleHAgMTIzMDA=,,W1NvbGljaXR1ZCBkZSBsYSBndWFyZGlhIGRlIFBheW9uXQpVYmljYWNpw7NuOiBNYXptb3JyYSBkZSBQYXlvblAzLgpPYmpldGl2bzogRGVycm90YSBhIDE1TXVuYWsgeSAxNUJvbmd1biB5IHRyYWUgMTVBbXVsZXRvcy4KUHJlbWlvOiAxMzIwMGRlRVhQIHkgMTIzMDBkZUVYUGRlY2xhc2Uu
2KZfAw,,UmVxdWVzdCBmcm9tIFBheW9uIEd1YXJkCl40RDRERkZbU291bCBQdXJpZmljYXRpb24gUml0dWFsXV4wMDAwMDAgUXVlc3QgYWNjZXB0ZWQu,,,,,UGVkaWRvIGRhIEd1YXJkYSBkZSBQYXlvbgpeNEQ0REZGW1JpdHVhbCBkZSBQdXJpZmljYcOnw6NvIGRhIEFsbWFdXjAwMDAwMCBNaXNzw6NvIGFjZWl0YS4=,,U29saWNpdHVkIGRlIGxhIGd1YXJkaWEgZGUgUGF5b24uCl40RDRERkZbUml0dWFsIGRlIHB1cmlmaWNhY2nDs24gZGVsIGFsbWFdXjAwMDAwMDogbWlzacOzbiBhY2VwdGFkYS4=
2aZfAw,,W1JlcXVlc3QgQ29tcGxldGVkXQpMb2NhdGlvbjogUGF5b24gRHVuZ2VvbiA0RgpUYXJnZXQ6IEJyaW5nIDEwIFB1cmlmaWVkIEJvdHRsZXMgb2YgR2hvc3QKUmV3YXJkOiBFeHAgOTYwMCwgSmV4cCA5NjAw,,,,,W1NvbGljaXRhw6fDo28gQ29uY2x1w61kYV0KTG9jYWxpemHDp8OjbzogQ2FsYWJvdcOnbyBQYXlvbiAoNCkKT2JqZXRpdm86IFRyYXplciAxMCBHYXJyYWZhcyBQdXJpZmljYWRhcyBkYSBMb2lyYSBkbyBCYW5oZWlybwpSZWNvbXBlbnNhOiBFeHAgOTYwMCwgSmV4cCA5NjAw,,W1NvbGljaXR1ZCBjb21wbGV0YWRhXQpVYmljYWNpw7NuOiBNYXptb3JyYSBkZSBQYXlvblA0LgpPYmpldGl2bzogVHJhZSAxMEJvdGVsbGFzIHB1cmlmaWNhZGFzIGRlIGZhbnRhc21hcy4KUHJlbWlvOiA5NjAwZGVFWFAgeSA5NjAwZGVFWFBkZWNsYXNlLg==
2qZfAw,,W1JlcXVlc3QgZnJvbSBXYW5kZXJpbmcgTW9ua10KTG9jYXRpb246IFBheW9uIER1bmdlb24gNEYKVGFyZ2V0OiBCcmluZyAxMCBQdXJpZmllZCBCb3R0bGVzIG9mIEdob3N0ClJld2FyZDogRXhwIDk2MDAsIEpleHAgOTYwMA==,,,,,W1BlZGlkbyBkbyBNb25nZSBFcnJhbnRlXQpMb2NhbGl6YcOnw6NvOiBDYWxhYm91w6dvIFBheW9uICg0KQpPYmpldGl2bzogVHJhemVyIDEwIEdhcnJhZmFzIFB1cmlmaWNhZGFzIGRhIExvaXJhIGRvIEJhbmhlaXJvClJlY29tcGVuc2E6IEV4cCA5NjAwLCBKZXhwIDk2MDA=,,W1NvbGljaXR1ZCBkZWwgbW9uamUgZXJyYW50ZV0KVWJpY2FjacOzbjogTWF6bW9ycmEgZGUgUGF5b25QNC4KT2JqZXRpdm86IFRyYWUgMTBCb3RlbGxhcyBwdXJpZmljYWRhcyBkZSBmYW50YXNtYXMuClByZW1pbzogOTYwMGRlRVhQIHkgOTYwMGRlRVhQZGVjbGFzZS4=
26ZfAw,,UmVxdWVzdCBmcm9tIFdhbmRlcmluZyBNb25rCl40RDRERkZbVGhlIEJlc3QgTWVkaWNpbmVdXjAwMDAwMCBRdWVzdCBhY2NlcHRlZC4=,,,,,UGVkaWRvIGRvIE1vbmdlIEVycmFudGUKXjRENERGRltPIE1lbGhvciBSZW3DqWRpb11eMDAwMDAwIE1pc3PDo28gYWNlaXRhLg==,,U29saWNpdHVkIGRlbCBtb25qZSBlcnJhbnRlLgpeNEQ0REZGW0xhIG1lam9yIG1lZGljaW5hXV4wMDAwMDA6IG1pc2nDs24gYWNlcHRhZGEu
3KZfAw,,W1JlcXVlc3QgQ29tcGxldGVkXQpMb2NhdGlvbjogUGF5b24gRHVuZ2VvbiA0RgpUYXJnZXQ6IERlZmVhdCAxMiBTb2hlZSBhbmQgYnJpbmcgMyBHaXJsJ3MgSGFuZGtlcmNoaWVmClJld2FyZDogRXhwIDEwNDgwLCBKZXhwIDEyNDAw,,,,,W1NvbGljaXRhw6fDo28gQ29uY2x1w61kYV0KTG9jYWxpemHDp8OjbzogQ2FsYWJvdcOnbyBQYXlvbiAoNCkKT2JqZXRpdm86IERlcnJvdGFyIDEyIFNvaGVlIGUgdHJhZ2EgMyBMZW7Dp29zIGRlIE1lbmluYQpSZWNvbXBlbnNhOiBFeHAgMTA0ODAsIEpleHAgMTI0MDA=,,W1NvbGljaXR1ZCBjb21wbGV0YWRhXQpVYmljYWNpw7NuOiBNYXptb3JyYSBkZSBQYXlvblA0LgpPYmpldGl2bzogRGVycm90YSBhIDEyU29oZWUgeSB0cmFlIDNQYcOxdWVsb3MgZGUgY2hpY2EuClByZW1pbzogMTA0ODBkZUVYUCB5IDEyNDAwZGVFWFBkZWNsYXNlLg==
3aZfAw,,W1JlcXVlc3QgZnJvbSBZb3VuZyBTY2hvbGFyXQpMb2NhdGlvbjogUGF5b24gRHVuZ2VvbiA0RgpUYXJnZXQ6IERlZmVhdCAxMiBTb2hlZSBhbmQgYnJpbmcgMyBHaXJsJ3MgSGFuZGtlcmNoaWVmClJld2FyZDogRXhwIDEwNDgwLCBKZXhwIDEyNDAw,,,,,W1NvbGljaXRhw6fDo28gZGUgSm92ZW0gUHJvZmVzc29yXQpMb2NhbGl6YcOnw6NvOiBDYWxhYm91w6dvIFBheW9uICg0KQpPYmpldGl2bzogRGVycm90YXIgMTIgU29oZWUgZSB0cmFnYSAzIExlbsOnb3MgZGUgTWVuaW5hClJlY29tcGVuc2E6IEV4cCAxMDQ4MCwgSmV4cCAxMjQwMA==,,W1NvbGljaXR1ZCBkZSB1biBqb3ZlbiBlcnVkaXRvXQpVYmljYWNpw7NuOiBNYXptb3JyYSBkZSBQYXlvblA0LgpPYmpldGl2bzogRGVycm90YSBhIDEyU29oZWUgeSB0cmFlIDNQYcOxdWVsb3MgZGUgY2hpY2EuClByZW1pbzogMTA0ODBkZUVYUCB5IDEyNDAwZGVFWFBkZWNsYXNlLg==
3qZfAw,,UmVxdWVzdCBmcm9tIFlvdW5nIFNjaG9sYXIKXjRENERGRltUcmFjZXMgb2YgR3JlYXQgTWFnaWNdXjAwMDAwMCBRdWVzdCBhY2NlcHRlZC4=,,,,,UGVkaWRvIGRvIEpvdmVtIFByb2Zlc3NvcgpeNEQ0REZGW1Zlc3TDrWdpb3MgZGUgZ3JhbmRlIG1hZ2lhXV4wMDAwMDAgTWlzc8OjbyBhY2VpdGEu,,U29saWNpdHVkIGRlIHVuIGpvdmVuIGVydWRpdG8uCl40RDRERkZbUmFzdHJvcyBkZSBtYWdpYSBwb2Rlcm9zYV1eMDAwMDAwOiBtaXNpw7NuIGFjZXB0YWRhLg==
36ZfAw,,W1JlcXVlc3QgQ29tcGxldGVkXQpMb2NhdGlvbjogR2VmZmVuIFVuZGVyZ3JvdW5kIDFGClRhcmdldDogRGVmZWF0IDEwIEh1bnRlciBGbHkKUmV3YXJkOiBFeHAgODAwMCwgSmV4cCA2ODAw,,,,,W1NvbGljaXRhw6fDo28gQ29uY2x1w61kYV0KTG9jYWxpemHDp8OjbzogU3VidGVycsOibmVvIGRlIEdlZmZlbiAoMSkKT2JqZXRpdm86IERlcnJvdGFyIDEwIE1vc2NhcyBDYcOnYWRvcmFzClJlY29tcGVuc2E6IEV4cCA4MDAwLCBKZXhwIDY4MDA=,,W1NvbGljaXR1ZCBjb21wbGV0YWRhXQpVYmljYWNpw7NuOiBDYXZlcm5hIHN1YnRlcnLDoW5lYSBkZSBHZWZmZW5QMS4KT2JqZXRpdm86IERlcnJvdGEgYSAxME1vc2NhcyBjYXphZG9yYXMuClByZW1pbzogODAwMGRlRVhQIHkgNjgwMGRlRVhQZGVjbGFzZS4=
4KZfAw,,W1JlcXVlc3QgZnJvbSBBcHByZW50aWNlIE1hZ2VdCkxvY2F0aW9uOiBHZWZmZW4gVW5kZXJncm91bmQgMUYKVGFyZ2V0OiBEZWZlYXQgMTAgSHVudGVyIEZseQpSZXdhcmQ6IEV4cCA4MDAwLCBKZXhwIDY4MDA=,,,,,W1NvbGljaXRhw6fDo28gZGEgTWFnYSBBcHJlbmRpel0KTG9jYWxpemHDp8OjbzogU3VidGVycsOibmVvIGRlIEdlZmZlbiAoMSkKT2JqZXRpdm86IERlcnJvdGFyIDEwIE1vc2NhcyBDYcOnYWRvcmFzClJlY29tcGVuc2E6IEV4cCA4MDAwLCBKZXhwIDY4MDA=,,W1NvbGljaXR1ZCBkZSBhcHJlbmRpeiBkZSBNYWdvXQpVYmljYWNpw7NuOiBDYXZlcm5hIHN1YnRlcnLDoW5lYSBkZSBHZWZmZW5QMS4KT2JqZXRpdm86IERlcnJvdGEgYSAxME1vc2NhcyBjYXphZG9yYXMuClByZW1pbzogODAwMGRlRVhQIHkgNjgwMGRlRVhQZGVjbGFzZS4=
4aZfAw,,UmVxdWVzdCBmcm9tIEFwcHJlbnRpY2UgTWFnZQpeNEQ0REZGW0h1bnRlcmZseSBIdW50aW5nXV4wMDAwMDAgUXVlc3QgYWNjZXB0ZWQu,,,,,UGVkaWRvIGRvIEFwcmVuZGl6IGRlIE1hZ28KXjRENERGRltDYcOnYSDDoCBNb3NjYS1DYcOnYWRvcmFdXjAwMDAwMCBNaXNzw6NvIGFjZWl0YS4=,,U29saWNpdHVkIGRlIGFwcmVuZGl6IGRlIE1hZ28uCl40RDRERkZbQ2FjZXLDrWEgZGUgbW9zY2FzIGNhemFkb3Jhc11eMDAwMDAwOiBtaXNpw7NuIGFjZXB0YWRhLg==
4qZfAw,,W1JlcXVlc3QgQ29tcGxldGVkXQpMb2NhdGlvbjogR2VmZmVuIFVuZGVyZ3JvdW5kIDJGIApUYXJnZXQ6IERlZmVhdCAxMCBHaG91bCBhbmQgMTAgSmFrawpSZXdhcmQ6IEV4cCAxNDgwMCwgSmV4cCAxMzY2MA==,,,,,W1NvbGljaXRhw6fDo28gQ29uY2x1w61kYV0KTG9jYWxpemHDp8OjbzogU3VidGVycsOibmVvIGRlIEdlZmZlbiAoMikKT2JqZXRpdm86IERlcnJvdGFyIDEwIENhcm5pw6dhaXMgZSAxMCBKYWtrClJlY29tcGVuc2E6IEV4cCAxNDgwMCwgSmV4cCAxMzY2MA==,,W1NvbGljaXR1ZCBjb21wbGV0YWRhXQpVYmljYWNpw7NuOiBDYXZlcm5hIHN1YnRlcnLDoW5lYSBkZSBHZWZmZW5QMi4gCk9iamV0aXZvOiBEZXJyb3RhIGEgMTBOZWNyw7NmYWdvcyB5IDEwSmFray4KUHJlbWlvOiAxNDgwMGRlRVhQIHkgMTM2NjBkZUVYUGRlY2xhc2Uu
46ZfAw,,W1JlcXVlc3QgZnJvbSBBcHByZW50aWNlIE1hZ2VdCkxvY2F0aW9uOiBHZWZmZW4gVW5kZXJncm91bmQgMkYgClRhcmdldDogRGVmZWF0IDEwIEdob3VsIGFuZCAxMCBKYWtrClJld2FyZDogRXhwIDE0ODAwLCBKZXhwIDEzNjYw,,,,,W1NvbGljaXRhw6fDo28gZGEgTWFnYSBBcHJlbmRpel0KTG9jYWxpemHDp8OjbzogU3VidGVycsOibmVvIGRlIEdlZmZlbiAoMikKT2JqZXRpdm86IERlcnJvdGFyIDEwIENhcm5pw6dhaXMgZSAxMCBKYWtrClJlY29tcGVuc2E6IEV4cCAxNDgwMCwgSmV4cCAxMzY2MA==,,W1NvbGljaXR1ZCBkZSBhcHJlbmRpeiBkZSBNYWdvXQpVYmljYWNpw7NuOiBDYXZlcm5hIHN1YnRlcnLDoW5lYSBkZSBHZWZmZW5QMi4gCk9iamV0aXZvOiBEZXJyb3RhIGEgMTBOZWNyw7NmYWdvcyB5IDEwSmFray4KUHJlbWlvOiAxNDgwMGRlRVhQIHkgMTM2NjBkZUVYUGRlY2xhc2Uu
5KZfAw,,UmVxdWVzdCBmcm9tIEFwcHJlbnRpY2UgTWFnZQpeNEQ0REZGW0dob3VsIGFuZCBKYWtrIEh1bnRpbmddXjAwMDAwMCBRdWVzdCBhY2NlcHRlZC4=,,,,,UGVkaWRvIGRvIEFwcmVuZGl6IGRlIE1hZ28KXjRENERGRltDYcOnYSBkZSBDYXJuacOnYWwgZSBKYWtrXV4wMDAwMDAgTWlzc8OjbyBhY2VpdGEu,,U29saWNpdHVkIGRlIGFwcmVuZGl6IGRlIE1hZ28uCl40RDRERkZbQ2FjZXLDrWEgZGUgTmVjcsOzZmFnb3MgeSBKYWtrXV4wMDAwMDA6IG1pc2nDs24gYWNlcHRhZGEu
5aZfAw,,W1JlcXVlc3QgQ29tcGxldGVkXQpMb2NhdGlvbjogS29rb21vIEJlYWNoClRhcmdldDogRGVmZWF0IDEwIFNlYWwgYW5kIDEwIFNlYS1PdHRlcgpSZXdhcmQ6IEV4cCAxMDAwMCwgSmV4cCAxMDAwMA==,,,,,W1NvbGljaXRhw6fDo28gQ29uY2x1w61kYV0KTG9jYWxpemHDp8OjbzogUHJhaWEgS29rb21vCk9iamV0aXZvOiBEZXJyb3RhciAxMCBGb2NhcyBlIDEwIExvbnRyYXMtTWFyaW5oYXMKUmVjb21wZW5zYTogRXhwIDEwMDAwLCBKZXhwIDEwMDAw,,W1NvbGljaXR1ZCBjb21wbGV0YWRhXQpVYmljYWNpw7NuOiBQbGF5YSBkZSBLb2tvbW8uCk9iamV0aXZvOiBEZXJyb3RhIGEgMTBGb2NhcyB5IDEwTnV0cmlhcyBtYXJpbmFzLgpQcmVtaW86IDEwMDAwZGVFWFAgeSAxMDAwMGRlRVhQZGVjbGFzZS4=
5qZfAw,,W1JlcXVlc3QgZnJvbSBWaWdpbGFudGUgR3JvdXAgTWVtYmVyXQpMb2NhdGlvbjogS29rb21vIEJlYWNoClRhcmdldDogRGVmZWF0IDEwIFNlYWwgYW5kIDEwIFNlYS1PdHRlcgpSZXdhcmQ6IEV4cCAxMDAwMCwgSmV4cCAxMDAwMA==,,,,,W1NvbGljaXRhw6fDo28gZGUgbWVtYnJvIGRvIEdydXBvIFZpZ2lsYW50ZV0KTG9jYWxpemHDp8OjbzogUHJhaWEgS29rb21vCk9iamV0aXZvOiBEZXJyb3RhciAxMCBGb2NhcyBlIDEwIExvbnRyYXMtTWFyaW5oYXMKUmVjb21wZW5zYTogRXhwIDEwMDAwLCBKZXhwIDEwMDAw,,W1NvbGljaXR1ZCBkZSB1biBtaWVtYnJvIGRlbCBncnVwbyBkZSBqdXN0aWNpZXJvc10KVWJpY2FjacOzbjogUGxheWEgZGUgS29rb21vLgpPYmpldGl2bzogRGVycm90YSBhIDEwRm9jYXMgeSAxME51dHJpYXMgbWFyaW5hcy4KUHJlbWlvOiAxMDAwMGRlRVhQIHkgMTAwMDBkZUVYUGRlY2xhc2Uu
56ZfAw,,UmVxdWVzdCBmcm9tIFZpZ2lsYW50ZSBHcm91cCBNZW1iZXIKXjRENERGRltDdXRlIFNjb3VuZHJlbHNdXjAwMDAwMCBRdWVzdCBhY2NlcHRlZC4=,,,,,U29saWNpdGHDp8OjbyBkZSB1bSBtZW1icm8gZG8gR3J1cG8gVmlnaWxhbnRlCl40RDRERkZbQ2FuYWxoYXMgRm9mb3NdXjAwMDAwMCBNaXNzw6NvIGFjZWl0YS4=,,U29saWNpdHVkIGRlIHVuIG1pZW1icm8gZGVsIGdydXBvIGRlIGp1c3RpY2llcm9zLgpeNEQ0REZGW0Fkb3JhYmxlcyBzaW52ZXJnw7xlbnphc11eMDAwMDAwOiBtaXNpw7NuIGFjZXB0YWRhLg==
6KZfAw,,W1JlcXVlc3QgQ29tcGxldGVkXQpMb2NhdGlvbjogTm9ydGhlcm4gQ29tb2RvIENhdmUgTHVhbmRhClRhcmdldDogRGVmZWF0IDEwIFN0YWxhY3RpYyBHb2xlbSwgNSBUcmlqb2ludCwgYW5kIDUgTWVnYWxpdGgKUmV3YXJkOiBFeHAgMjAwMDAsIEpleHAgMjAwMDA=,,,,,W1NvbGljaXRhw6fDo28gQ29uY2x1w61kYV0KTG9jYWxpemHDp8OjbzogTHVhbmRhLCBDYXZlcm5hIGFvIE5vcnRlIGRlIENvbW9kbwpPYmpldGl2bzogRGVycm90YXIgMTAgR29sZW1zIEVzdGFsYWN0w610aWNvcywgNSBUcmlqb2ludCBlIDUgTWVnYWxpdGgKUmVjb21wZW5zYTogRXhwIDIwMDAwLCBKZXhwIDIwMDAw,,W1NvbGljaXR1ZCBjb21wbGV0YWRhXQpVYmljYWNpw7NuOiBDdWV2YSBkZSBMdWFuZGEgYWwgbm9ydGUgZGUgQ29tb2RvLgpPYmpldGl2bzogRGVycm90YSBhIDEwR8OzbGVtcyBkZSBlc3RhbGFjdGl0YSwgNVRyaWxvYml0ZXMgeSA1TWVnYWxpdGguClByZW1pbzogMjAwMDBkZUVYUCB5IDIwMDAwZGVFWFBkZWNsYXNlLg==
6aZfAw,,W1JlcXVlc3QgZnJvbSBWaWdpbGFudGUgR3JvdXAgTWVtYmVyXQpMb2NhdGlvbjogTm9ydGhlcm4gQ29tb2RvIENhdmUgTHVhbmRhClRhcmdldDogRGVmZWF0IDEwIFN0YWxhY3RpYyBHb2xlbSwgNSBUcmlqb2ludCwgYW5kIDUgTWVnYWxpdGgKUmV3YXJkOiBFeHAgMjAwMDAsIEpleHAgMjAwMDA=,,,,,W1NvbGljaXRhw6fDo28gZGUgbWVtYnJvIGRvIEdydXBvIFZpZ2lsYW50ZV0KTG9jYWxpemHDp8OjbzogTHVhbmRhLCBDYXZlcm5hIGFvIE5vcnRlIGRlIENvbW9kbwpPYmpldGl2bzogRGVycm90YXIgMTAgR29sZW1zIEVzdGFsYWN0w610aWNvcywgNSBUcmlqb2ludCBlIDUgTWVnYWxpdGgKUmVjb21wZW5zYTogRXhwIDIwMDAwLCBKZXhwIDIwMDAw,,W1NvbGljaXR1ZCBkZSB1biBtaWVtYnJvIGRlbCBncnVwbyBkZSBqdXN0aWNpZXJvc10KVWJpY2FjacOzbjogQ3VldmEgZGUgTHVhbmRhIGFsIG5vcnRlIGRlIENvbW9kby4KT2JqZXRpdm86IERlcnJvdGEgYSAxMEfDs2xlbXMgZGUgZXN0YWxhY3RpdGEsIDVUcmlsb2JpdGVzIHkgNU1lZ2FsaXRoLgpQcmVtaW86IDIwMDAwZGVFWFAgeSAyMDAwMGRlRVhQZGVjbGFzZS4=
6qZfAw,,UmVxdWVzdCBmcm9tIFZpZ2lsYW50ZSBHcm91cCBNZW1iZXIKXjRENERGRltTdGlmZiBGZWxsb3dzXV4wMDAwMDAgUXVlc3QgYWNjZXB0ZWQu,,,,,U29saWNpdGHDp8OjbyBkZSB1bSBtZW1icm8gZG8gR3J1cG8gVmlnaWxhbnRlCl40RDRERkZbR2FsZXJhIGRvIEJhbGFjb2JhY29dXjAwMDAwMCBNaXNzw6NvIGFjZWl0YS4=,,U29saWNpdHVkIGRlIHVuIG1pZW1icm8gZGVsIGdydXBvIGRlIGp1c3RpY2llcm9zLgpeNEQ0REZGW0R1cm9zIGRlIHJvZXJdXjAwMDAwMDogbWlzacOzbiBhY2VwdGFkYS4=
66ZfAw,,W1JlcXVlc3QgQ29tcGxldGVkXQpMb2NhdGlvbjogQ29tb2RvIFBhcHVjaGljaGEgRm9yZXN0ClRhcmdldDogRGVmZWF0IDE1IEdyb3ZlIGFuZCAxMCBBbGxpZ2F0b3IKUmV3YXJkOiBFeHAgMTUwMDAsIEpleHAgMTUwMDA=,,,,,W1NvbGljaXRhw6fDo28gQ29uY2x1w61kYV0KTG9jYWxpemHDp8OjbzogRmxvcmVzdGEgUGFwdWNoaWNhIGRlIENvbW9kbwpPYmpldGl2bzogRGVycm90YXIgMTUgR3JvdmUgZSAxMCBDcm9jb2RpbG9zClJlY29tcGVuc2E6IEV4cCAxNTAwMCwgSmV4cCAxNTAwMA==,,W1NvbGljaXR1ZCBjb21wbGV0YWRhXQpVYmljYWNpw7NuOiBCb3NxdWUgZGUgUGFwdWNoaWNoYSBlbiBDb21vZG8uCk9iamV0aXZvOiBEZXJyb3RhIGEgMTVHcm92ZSB5IDEwQ29jb2RyaWxvcy4KUHJlbWlvOiAxNTAwMGRlRVhQIHkgMTUwMDBkZUVYUGRlY2xhc2Uu
7KZfAw,,W1JlcXVlc3QgZnJvbSBFeHBsb3Jlcl0KTG9jYXRpb246IENvbW9kbyBQYXB1Y2hpY2hhIEZvcmVzdApUYXJnZXQ6IERlZmVhdCAxNSBHcm92ZSBhbmQgMTAgQWxsaWdhdG9yClJld2FyZDogRXhwIDE1MDAwLCBKZXhwIDE1MDAw,,,,,W1BlZGlkbyBkbyBFeHBsb3JhZG9yXQpMb2NhbGl6YcOnw6NvOiBGbG9yZXN0YSBQYXB1Y2hpY2EgZGUgQ29tb2RvCk9iamV0aXZvOiBEZXJyb3RhciAxNSBHcm92ZSBlIDEwIENyb2NvZGlsb3MKUmVjb21wZW5zYTogRXhwIDE1MDAwLCBKZXhwIDE1MDAw,,W1NvbGljaXR1ZCBkZWwgZXhwbG9yYWRvcl0KVWJpY2FjacOzbjogQm9zcXVlIGRlIFBhcHVjaGljaGEgZW4gQ29tb2RvLgpPYmpldGl2bzogRGVycm90YSBhIDE1R3JvdmUgeSAxMENvY29kcmlsb3MuClByZW1pbzogMTUwMDBkZUVYUCB5IDE1MDAwZGVFWFBkZWNsYXNlLg==
7aZfAw,,UmVxdWVzdCBmcm9tIEV4cGxvcmVyCl40RDRERkZbR3Jvc3MgRmVsbG93c11eMDAwMDAwIFF1ZXN0IGFjY2VwdGVkLg==,,,,,U29saWNpdGHDp8OjbyBkbyBFeHBsb3JhZG9yCl40RDRERkZbR2FsZXJhIERlc2FncmFkw6F2ZWxdXjAwMDAwMCBNaXNzw6NvIGFjZWl0YS4=,,U29saWNpdHVkIGRlbCBleHBsb3JhZG9yLgpeNEQ0REZGW0NyaWF0dXJhcyBkZXNhZ3JhZGFibGVzXV4wMDAwMDA6IG1pc2nDs24gYWNlcHRhZGEu
7qZfAw,,NzB+OTkgUmVxdWVzdCBCdWxsZXRpbiBCb2FyZA==,,,,,UXVhZHJvIGRlIGF2aXNvcyBkZSBzb2xpY2l0YcOnw7VlcyA3MH45OQ==,,NzB+OTkgUmVxdWVzdCBCdWxsZXRpbiBCb2FyZA==
76ZfAw,,XjhDOEM4Q0ltcHJvdmUgU2Nob29sIFNhZmV0eSAoSW4gUHJvZ3Jlc3MpXjAwMDAwMA==,,,,,XjhDOEM4Q0VzY29sYSBQcm90ZWdpZGEgKEVtIEFuZGFtZW50byleMDAwMDAw,,XjhDOEM4Q01lam9yYXIgbGEgc2VndXJpZGFkIGVzY29sYXIgKGVuIGN1cnNvKV4wMDAwMDA=
8KZfAw,,XjhDOEM4Q0ltcHJvdmUgU2Nob29sIFNhZmV0eSAoV2FpdGluZyleMDAwMDAw,,,,,XjhDOEM4Q0VzY29sYSBQcm90ZWdpZGEgKEFndWFyZGFuZG8pXjAwMDAwMA==,,XjhDOEM4Q01lam9yYXIgbGEgc2VndXJpZGFkIGVzY29sYXIgKGVuIGVzcGVyYSleMDAwMDAw
8aZfAw,,SW1wcm92ZSBTY2hvb2wgU2FmZXR5IFs3MF0=,,,,,RXNjb2xhIFByb3RlZ2lkYSBbNzBd,,TWVqb3JhciBsYSBzZWd1cmlkYWQgZXNjb2xhciBbNzBd
8qZfAw,,XjhDOEM4Q0dyb3VuZGJyZWFraW5nIEJ1c2luZXNzIEl0ZW0gKEluIFByb2dyZXNzKV4wMDAwMDA=,,,,,XjhDOEM4Q0lub3Zhw6fDo28gQ29tZXJjaWFsIChFbSBBbmRhbWVudG8pXjAwMDAwMA==,,XjhDOEM4Q09iamV0byBlbXByZXNhcmlhbCBpbm5vdmFkb3IgKGVuIGN1cnNvKV4wMDAwMDA=
86ZfAw,,XjhDOEM4Q0dyb3VuZGJyZWFraW5nIEJ1c2luZXNzIEl0ZW0gKFdhaXRpbmcpXjAwMDAwMA==,,,,,XjhDOEM4Q0lub3Zhw6fDo28gQ29tZXJjaWFsIChBZ3VhcmRhbmRvKV4wMDAwMDA=,,XjhDOEM4Q09iamV0byBlbXByZXNhcmlhbCBpbm5vdmFkb3IgKGVuIGVzcGVyYSleMDAwMDAw
9KZfAw,,R3JvdW5kYnJlYWtpbmcgQnVzaW5lc3MgSXRlbSBbNzBd,,,,,SW5vdmHDp8OjbyBDb21lcmNpYWwgWzcwXQ==,,T2JqZXRvIGVtcHJlc2FyaWFsIGlubm92YWRvcls3MF0=
9aZfAw,,XjhDOEM4Q0EgU29saWQgRmluaXNoIChJbiBQcm9ncmVzcyleMDAwMDAw,,,,,XjhDOEM4Q0FjYWJhbWVudG8gU8OzbGlkbyAoRW0gQW5kYW1lbnRvKV4wMDAwMDA=,,XjhDOEM4Q0FzdW50byB0ZXJtaW5hZG8gKGVuIGN1cnNvKV4wMDAwMDA=
9qZfAw,,XjhDOEM4Q0EgU29saWQgRmluaXNoIChXYWl0aW5nKV4wMDAwMDA=,,,,,XjhDOEM4Q0FjYWJhbWVudG8gU8OzbGlkbyAoQWd1YXJkYW5kbyleMDAwMDAw,,XjhDOEM4Q0FzdW50byB0ZXJtaW5hZG8gKGVuIGVzcGVyYSleMDAwMDAw
96ZfAw,,QSBTb2xpZCBGaW5pc2ggWzcwXQ==,,,,,QWNhYmFtZW50byBTw7NsaWRvIFs3MF0=,,QXN1bnRvIHRlcm1pbmFkbyBbNzBd
+KZfAw,,XjhDOEM4Q0NsZWFuIENsb2NrIFRvd2VyIDFGIChJbiBQcm9ncmVzcyleMDAwMDAw,,,,,XjhDOEM4Q0xpbXBlemEgZGEgVG9ycmUgZG8gUmVsw7NnaW8gKDEpIChFbSBBbmRhbWVudG8pXjAwMDAwMA==,,XjhDOEM4Q0xpbXBpYXIgbGEgVG9ycmUgZGVsIHJlbG9qUDEgKGVuIGN1cnNvKV4wMDAwMDA=
+aZfAw,,XjhDOEM4Q0NsZWFuIENsb2NrIFRvd2VyIDFGIChXYWl0aW5nKV4wMDAwMDA=,,,,,XjhDOEM4Q0xpbXBlemEgZGEgVG9ycmUgZG8gUmVsw7NnaW8gKDEpIChBZ3VhcmRhbmRvKV4wMDAwMDA=,,XjhDOEM4Q0xpbXBpYXIgbGEgVG9ycmUgZGVsIHJlbG9qUDEgKGVuIGVzcGVyYSleMDAwMDAw
+qZfAw,,Q2xlYW4gQ2xvY2sgVG93ZXIgMUYgWzcwXQ==,,,,,TGltcGV6YSBkYSBUb3JyZSBkbyBSZWzDs2dpbyAoMSkgWzcwXQ==,,TGltcGlhciBsYSBUb3JyZSBkZWwgcmVsb2pQMVs3MF0=
+6ZfAw,,XjhDOEM4Q0EgTGl2aW5nLCBNb3ZpbmcgQ2xvY2sgMSAoSW4gUHJvZ3Jlc3MpXjAwMDAwMA==,,,,,XjhDOEM4Q1VtIFJlbMOzZ2lvIFZpdm8gZSBBbWJ1bGFudGUgMSAoRW0gQW5kYW1lbnRvKV4wMDAwMDA=,,XjhDOEM4Q1JlbG9qZXMgcXVlIGNvYnJhbiB2aWRhIHkgc2UgbXVldmVuSSAoZW4gY3Vyc28pXjAwMDAwMA==
/KZfAw,,XjhDOEM4Q0EgTGl2aW5nLCBNb3ZpbmcgQ2xvY2sgMSAoV2FpdGluZyleMDAwMDAw,,,,,XjhDOEM4Q1VtIFJlbMOzZ2lvIFZpdm8gZSBBbWJ1bGFudGUgMSAoQWd1YXJkYW5kbyleMDAwMDAw,,XjhDOEM4Q1JlbG9qZXMgcXVlIGNvYnJhbiB2aWRhIHkgc2UgbXVldmVuSSAoZW4gZXNwZXJhKV4wMDAwMDA=
/aZfAw,,QSBMaXZpbmcsIE1vdmluZyBDbG9jayAxIFs4MF0=,,,,,VW0gUmVsw7NnaW8gVml2byBlIEFtYnVsYW50ZSAxIFs4MF0=,,UmVsb2plcyBxdWUgY29icmFuIHZpZGEgeSBzZSBtdWV2ZW5JWzgwXQ==
/qZfAw,,XjhDOEM4Q0EgTGl2aW5nLCBNb3ZpbmcgQ2xvY2sgMiAoSW4gUHJvZ3Jlc3MpXjAwMDAwMA==,,,,,XjhDOEM4Q1VtIFJlbMOzZ2lvIFZpdm8gZSBBbWJ1bGFudGUgMiAoRW0gQW5kYW1lbnRvKV4wMDAwMDA=,,XjhDOEM4Q1JlbG9qZXMgcXVlIGNvYnJhbiB2aWRhIHkgc2UgbXVldmVuSUkgKGVuIGN1cnNvKV4wMDAwMDA=
/6ZfAw,,XjhDOEM4Q0EgTGl2aW5nLCBNb3ZpbmcgQ2xvY2sgMiAoV2FpdGluZyleMDAwMDAw,,,,,XjhDOEM4Q1VtIFJlbMOzZ2lvIFZpdm8gZSBBbWJ1bGFudGUgMiAoQWd1YXJkYW5kbyleMDAwMDAw,,XjhDOEM4Q1JlbG9qZXMgcXVlIGNvYnJhbiB2aWRhIHkgc2UgbXVldmVuSUkgKEVuIGVzcGVyYSleMDAwMDAw
AKdfAw,,QSBMaXZpbmcsIE1vdmluZyBDbG9jayAyIFs4MF0=,,,,,VW0gUmVsw7NnaW8gVml2byBlIEFtYnVsYW50ZSAyIFs4MF0=,,UmVsb2plcyBxdWUgY29icmFuIHZpZGEgeSBzZSBtdWV2ZW5JSVs4MF0=
AadfAw,,XjhDOEM4Q0xhdWdodGVyIGZyb20gVW5kZXJncm91bmQgKEluIFByb2dyZXNzKV4wMDAwMDA=,,,,,XjhDOEM4Q1Jpc29zIGRvIFN1YnRlcnLDom5lbyAoRW0gQW5kYW1lbnRvKSBeMDAwMDAw,,XjhDOEM4Q1Jpc2FzIHN1YnRlcnLDoW5lYXMgKGVuIGN1cnNvKV4wMDAwMDA=
AqdfAw,,XjhDOEM4Q0xhdWdodGVyIGZyb20gVW5kZXJncm91bmQgKFdhaXRpbmcpXjAwMDAwMA==,,,,,XjhDOEM4Q1Jpc29zIGRvIFN1YnRlcnLDom5lbyAoQWd1YXJkYW5kbyleMDAwMDAw,,XjhDOEM4Q1Jpc2FzIHN1YnRlcnLDoW5lYXMgKGVuIGVzcGVyYSleMDAwMDAw
A6dfAw,,TGF1Z2h0ZXIgZnJvbSBVbmRlcmdyb3VuZCBbODBd,,,,,Umlzb3MgZG8gU3VidGVycsOibmVvIFs4MF0=,,UmlzYXMgc3VidGVycsOhbmVhcyBbODBd
BKdfAw,,XjhDOEM4Q01vbmFzdGVyeSBQdXJpZmljYXRpb24gKEluIFByb2dyZXNzKV4wMDAwMDA=,,,,,XjhDOEM4Q1B1cmlmaWNhw6fDo28gZG8gTW9uYXN0w6lyaW8gKEVtIEFuZGFtZW50byleMDAwMDAw,,XjhDOEM4Q1B1cmlmaWNhY2nDs24gZGVsIG1vbmFzdGVyaW8gKGVuIGN1cnNvKV4wMDAwMDA=
BadfAw,,XjhDOEM4Q01vbmFzdGVyeSBQdXJpZmljYXRpb24gKFdhaXRpbmcpXjAwMDAwMA==,,,,,XjhDOEM4Q1B1cmlmaWNhw6fDo28gZG8gTW9uYXN0w6lyaW8gKEFndWFyZGFuZG8pXjAwMDAwMA==,,XjhDOEM4Q1B1cmlmaWNhY2nDs24gZGVsIG1vbmFzdGVyaW8gKGVuIGVzcGVyYSleMDAwMDAw
BqdfAw,,TW9uYXN0ZXJ5IFB1cmlmaWNhdGlvbiBbNzBd,,,,,UHVyaWZpY2HDp8OjbyBkbyBNb25hc3TDqXJpbyBbNzBd,,UHVyaWZpY2FjacOzbiBkZWwgbW9uYXN0ZXJpbyBbNzBd
B6dfAw,,XjhDOEM4Q0NhdGFjb21iIFN0YWJpbGl6YXRpb24gKEluIFByb2dyZXNzKV4wMDAwMDA=,,,,,XjhDOEM4Q0VzdGFiaWxpemHDp8OjbyBkYXMgQ2F0YWN1bWJhcyAoRW0gQW5kYW1lbnRvKV4wMDAwMDA=,,XjhDOEM4Q0VzdGFiaWxpemFjacOzbiBkZSBsYSBjYXRhY3VtYmEgKGVuIGN1cnNvKV4wMDAwMDA=
CKdfAw,,XjhDOEM4Q0NhdGFjb21iIFN0YWJpbGl6YXRpb24gKFdhaXRpbmcpXjAwMDAwMA==,,,,,XjhDOEM4Q0VzdGFiaWxpemHDp8OjbyBkYXMgQ2F0YWN1bWJhcyAoQWd1YXJkYW5kbyleMDAwMDAw,,XjhDOEM4Q0VzdGFiaWxpemFjacOzbiBkZSBsYSBjYXRhY3VtYmEgKGVuIGVzcGVyYSleMDAwMDAw
CadfAw,,Q2F0YWNvbWIgU3RhYmlsaXphdGlvbiBbOTBd,,,,,RXN0YWJpbGl6YcOnw6NvIGRhcyBDYXRhY3VtYmFzIFs5MF0=,,RXN0YWJpbGl6YWNpw7NuIGRlIGxhIGNhdGFjdW1iYSBbOTBd
CqdfAw,,XjhDOEM4Q0N1dGUgU2t5IFBldGl0ZSAoSW4gUHJvZ3Jlc3MpXjAwMDAwMA==,,,,,XjhDOEM4Q1BldGl0ZSBWb2Fkb3IgRm9maW5obyAoRW0gQW5kYW1lbnRvKV4wMDAwMDA=,,XjhDOEM4Q1BldGl0ZSBjZWxlc3RpYWwgYWRvcmFibGUgKGVuIGN1cnNvKV4wMDAwMDA=
C6dfAw,,XjhDOEM4Q0N1dGUgU2t5IFBldGl0ZSAoV2FpdGluZyleMDAwMDAw,,,,,XjhDOEM4Q1BldGl0ZSBWb2Fkb3IgRm9maW5obyAoQWd1YXJkYW5kbyleMDAwMDAw,,XjhDOEM4Q1BldGl0ZSBjZWxlc3RpYWwgYWRvcmFibGUgKGVuIGVzcGVyYSleMDAwMDAw
DKdfAw,,Q3V0ZSBTa3kgUGV0aXRlIFs3NV0=,,,,,UGV0aXRlIFZvYWRvciBGb2ZpbmhvIFs3NV0=,,UGV0aXRlIGNlbGVzdGlhbCBhZG9yYWJsZSBbNzVd
DadfAw,,XjhDOEM4Q0N1dGUgR3JvdW5kIFBldGl0ZSAoSW4gUHJvZ3Jlc3MpXjAwMDAwMA==,,,,,XjhDOEM4Q1BldGl0ZSBUZXJyZXN0cmUgRm9maW5obyAoRW0gQW5kYW1lbnRvKSBeMDAwMDAw,,XjhDOEM4Q1BldGl0ZSB0ZXJyZXN0cmUgYWRvcmFibGUgKGVuIGN1cnNvKV4wMDAwMDA=
DqdfAw,,XjhDOEM4Q0N1dGUgR3JvdW5kIFBldGl0ZSAoV2FpdGluZyleMDAwMDAw,,,,,XjhDOEM4Q1BldGl0ZSBUZXJyZXN0cmUgRm9maW5obyAoQWd1YXJkYW5kbyleMDAwMDAw,,XjhDOEM4Q1BldGl0ZSB0ZXJyZXN0cmUgYWRvcmFibGUgKGVuIGVzcGVyYSleMDAwMDAw
D6dfAw,,Q3V0ZSBHcm91bmQgUGV0aXRlIFs3NV0=,,,,,UGV0aXRlIFRlcnJlc3RyZSBGb2ZpbmhvIFs3NV0=,,UGV0aXRlIHRlcnJlc3RyZSBhZG9yYWJsZSBbNzVd
EKdfAw,,XjhDOEM4Q01hcmlvbmV0dGUgYW5kIERldmlydWNoaSBIdW50aW5nIChJbiBQcm9ncmVzcyleMDAwMDAw,,,,,XjhDOEM4Q0Nhw6dhIMOgIE1hcmlvbmV0ZSBlIGFvIEFkdm9nYWRvIFNvbWJyaW8gKEVtIEFuZGFtZW50byleMDAwMDAw,,XjhDOEM4Q0NhY2Vyw61hIGRlIE1hcmlvbmV0YXMgeSBEZXZpcnVjaGkgKGVuIGN1cnNvKV4wMDAwMDA=
EadfAw,,XjhDOEM4Q01hcmlvbmV0dGUgYW5kIERldmlydWNoaSBIdW50aW5nIChXYWl0aW5nKV4wMDAwMDA=,,,,,XjhDOEM4Q0Nhw6dhIMOgIE1hcmlvbmV0ZSBlIGFvIEFkdm9nYWRvIFNvbWJyaW8gKEFndWFyZGFuZG8pXjAwMDAwMA==,,XjhDOEM4Q0NhY2Vyw61hIGRlIE1hcmlvbmV0YXMgeSBEZXZpcnVjaGkgKGVuIGVzcGVyYSleMDAwMDAw
EqdfAw,,TWFyaW9uZXR0ZSBhbmQgRGV2aXJ1Y2hpIEh1bnRpbmcgWzgwXQ==,,,,,Q2HDp2Egw6AgTWFyaW9uZXRlIGUgYW8gQWR2b2dhZG8gU29tYnJpbyBbODBd,,Q2FjZXLDrWEgZGUgTWFyaW9uZXRhcyB5IERldmlydWNoaVs4MF0=
E6dfAw,,XjhDOEM4Q1JpZGluZyBhIE5pZ2h0bWFyZSAoSW4gUHJvZ3Jlc3MpXjAwMDAwMA==,,,,,XjhDOEM4Q0RvbWFuZG8gbyBQZXNhZGVsbyAoRW0gQW5kYW1lbnRvKSBeMDAwMDAw,,XjhDOEM4Q1Blc2FkaWxsYSBnYWxvcGFudGUgKGVuIGN1cnNvKV4wMDAwMDA=
FKdfAw,,XjhDOEM4Q1JpZGluZyBhIE5pZ2h0bWFyZSAoV2FpdGluZyleMDAwMDAw,,,,,XjhDOEM4Q0RvbWFuZG8gbyBQZXNhZGVsbyAoQWd1YXJkYW5kbyleMDAwMDAw,,XjhDOEM4Q1Blc2FkaWxsYSBnYWxvcGFudGUgKGVuIGVzcGVyYSleMDAwMDAw
FadfAw,,UmlkaW5nIGEgTmlnaHRtYXJlIFs4MF0=,,,,,RG9tYW5kbyBvIFBlc2FkZWxvIFs4MF0=,,UGVzYWRpbGxhIGdhbG9wYW50ZSBbODBd
FqdfAw,,XjhDOEM4Q0NsZWFuIHVwIHRoZSBzdXJyb3VuZGluZ3MsIHBsZWFzZSAoSW4gUHJvZ3Jlc3MpXjAwMDAwMA==,,,,,XjhDOEM4Q0xpbXBlIG9zIGFycmVkb3JlcywgcG9yIGZhdm9yIChFbSBBbmRhbWVudG8pXjAwMDAwMA==,,XjhDOEM4Q0xpbXBpYSBsb3MgYWxyZWRlZG9yZXMsIHBvciBmYXZvciAoZW4gY3Vyc28pXjAwMDAwMA==
F6dfAw,,XjhDOEM4Q0NsZWFuIHVwIHRoZSBzdXJyb3VuZGluZ3MsIHBsZWFzZSAoV2FpdGluZyleMDAwMDAw,,,,,XjhDOEM4Q0xpbXBlIG9zIGFycmVkb3JlcywgcG9yIGZhdm9yIChBZ3VhcmRhbmRvKV4wMDAwMDA=,,XjhDOEM4Q0xpbXBpYSBsb3MgYWxyZWRlZG9yZXMsIHBvciBmYXZvciAoZW4gZXNwZXJhKV4wMDAwMDA=
GKdfAw,,Q2xlYW4gdXAgdGhlIHN1cnJvdW5kaW5ncywgcGxlYXNlIFs4MF0=,,,,,TGltcGUgb3MgYXJyZWRvcmVzLCBwb3IgZmF2b3IgWzgwXQ==,,TGltcGlhIGxvcyBhbHJlZGVkb3JlcywgcG9yIGZhdm9yWzgwXQ==
GadfAw,,XjhDOEM4Q0Zsb2F0aW5nIFRveGljIEdhcyAxIChJbiBQcm9ncmVzcyleMDAwMDAw,,,,,XjhDOEM4Q0fDoXMgVMOzeGljbyBGbHV0dWFudGUgMSAoRW0gQW5kYW1lbnRvKV4wMDAwMDA=,,XjhDOEM4Q0dhcyB0w7N4aWNvIGZsb3RhbnRlSSAoZW4gY3Vyc28pXjAwMDAwMA==
GqdfAw,,XjhDOEM4Q0Zsb2F0aW5nIFRveGljIEdhcyAxIChXYWl0aW5nKV4wMDAwMDA=,,,,,XjhDOEM4Q0fDoXMgVMOzeGljbyBGbHV0dWFudGUgMSAoQWd1YXJkYW5kbyleMDAwMDAw,,XjhDOEM4Q0dhcyB0w7N4aWNvIGZsb3RhbnRlSSAoZW4gZXNwZXJhKV4wMDAwMDA=
G6dfAw,,RmxvYXRpbmcgVG94aWMgR2FzIDEgWzgwXQ==,,,,,R8OhcyBUw7N4aWNvIEZsdXR1YW50ZSAxIFs4MF0=,,R2FzIHTDs3hpY28gZmxvdGFudGVJIFs4MF0=
HKdfAw,,XjhDOEM4Q0Zsb2F0aW5nIFRveGljIEdhcyAyIChJbiBQcm9ncmVzcyleMDAwMDAw,,,,,XjhDOEM4Q0fDoXMgVMOzeGljbyBGbHV0dWFudGUgMiAoRW0gQW5kYW1lbnRvKV4wMDAwMDA=,,XjhDOEM4Q0dhcyB0w7N4aWNvIGZsb3RhbnRlSUkgKGVuIGN1cnNvKV4wMDAwMDA=
HadfAw,,XjhDOEM4Q0Zsb2F0aW5nIFRveGljIEdhcyAyIChXYWl0aW5nKV4wMDAwMDA=,,,,,XjhDOEM4Q0fDoXMgVMOzeGljbyBGbHV0dWFudGUgMiAoQWd1YXJkYW5kbyleMDAwMDAw,,XjhDOEM4Q0dhcyB0w7N4aWNvIGZsb3RhbnRlSUkgKGVuIGVzcGVyYSleMDAwMDAw
HqdfAw,,RmxvYXRpbmcgVG94aWMgR2FzIDIgWzgwXQ==,,,,,R8OhcyBUw7N4aWNvIEZsdXR1YW50ZSAyIFs4MF0=,,R2FzIHTDs3hpY28gZmxvdGFudGVJSSBbODBd
H6dfAw,,XjhDOEM4Q0N1dGUgYW5kIFRlcnJpYmxlIChJbiBQcm9ncmVzcyleMDAwMDAw,,,,,XjhDOEM4Q0ZvZm8gZSBUZXJyw612ZWwgKEVtIEFuZGFtZW50bykgXjAwMDAwMA==,,XjhDOEM4Q0Fkb3JhYmxlIHkgdGVycmlibGUgKGVuIGN1cnNvKV4wMDAwMDA=
IKdfAw,,XjhDOEM4Q0N1dGUgYW5kIFRlcnJpYmxlIChXYWl0aW5nKV4wMDAwMDA=,,,,,XjhDOEM4Q0ZvZm8gZSBUZXJyw612ZWwgKEFndWFyZGFuZG8pXjAwMDAwMA==,,XjhDOEM4Q0Fkb3JhYmxlIHkgdGVycmlibGUgKGVuIGVzcGVyYSleMDAwMDAw
IadfAw,,Q3V0ZSBhbmQgVGVycmlibGUgWzgwXQ==,,,,,Rm9mbyBlIFRlcnLDrXZlbCBbODBd,,QWRvcmFibGUgeSB0ZXJyaWJsZSBbODBd
IqdfAw,,XjhDOEM4Q1NoYWRvdyBNaW5lciAoSW4gUHJvZ3Jlc3MpXjAwMDAwMA==,,,,,XjhDOEM4Q01pbmVyYWRvciBTb21icmlvIChFbSBBbmRhbWVudG8pXjAwMDAwMA==,,XjhDOEM4Q01pbmVybyBzb21icsOtbyAoZW4gY3Vyc28pXjAwMDAwMA==
I6dfAw,,XjhDOEM4Q1NoYWRvdyBNaW5lciAoV2FpdGluZyleMDAwMDAw,,,,,XjhDOEM4Q01pbmVyYWRvciBTb21icmlvIChBZ3VhcmRhbmRvKV4wMDAwMDA=,,XjhDOEM4Q01pbmVybyBzb21icsOtbyAoZW4gZXNwZXJhKV4wMDAwMDA=
JKdfAw,,U2hhZG93IE1pbmVyIFs4NV0=,,,,,TWluZXJhZG9yIFNvbWJyaW8gWzg1XQ==,,TWluZXJvIHNvbWJyw61vIFs4NV0=
JadfAw,,XjhDOEM4Q1doeSBpcyBpdCBtb3ZpbmcgbGlrZSB0aGF0ISAoSW4gUHJvZ3Jlc3MpXjAwMDAwMA==,,,,,XjhDOEM4Q1BvciBxdWUgZXN0w6Egc2UgbW92ZW5kbyBhc3NpbT8gKEVtIEFuZGFtZW50byleMDAwMDAw,,XjhDOEM4Q8K/UG9yIHF1w6kgc2UgbXVldmUgYXPDrT8gKGVuIGN1cnNvKV4wMDAwMDA=
JqdfAw,,XjhDOEM4Q1doeSBpcyBpdCBtb3ZpbmcgbGlrZSB0aGF0ISAoV2FpdGluZyleMDAwMDAw,,,,,XjhDOEM4Q1BvciBxdWUgZXN0w6Egc2UgbW92ZW5kbyBhc3NpbT8gKEFndWFyZGFuZG8pXjAwMDAwMA==,,XjhDOEM4Q8K/UG9yIHF1w6kgc2UgbXVldmUgYXPDrT8gKGVuIGVzcGVyYSleMDAwMDAw
J6dfAw,,V2h5IGlzIGl0IG1vdmluZyBsaWtlIHRoYXQhIFs4NV0=,,,,,UG9yIHF1ZSBlc3TDoSBzZSBtb3ZlbmRvIGFzc2ltPyBbODVd,,wr9Qb3IgcXXDqSBzZSBtdWV2ZSBhc8OtP1s4NV0=
KKdfAw,,XjhDOEM4Q0p1bXBpbmcgTWluZXJhbHMgKEluIFByb2dyZXNzKV4wMDAwMDA=,,,,,XjhDOEM4Q01pbmVyYWlzIFNhbHRpdGFudGVzIChFbSBBbmRhbWVudG8pXjAwMDAwMA==,,XjhDOEM4Q01pbmVyYWxlcyBzYWx0YXJpbmVzIChlbiBjdXJzbyleMDAwMDAw
KadfAw,,XjhDOEM4Q0p1bXBpbmcgTWluZXJhbHMgKFdhaXRpbmcpXjAwMDAwMA==,,,,,XjhDOEM4Q01pbmVyYWlzIFNhbHRpdGFudGVzIChBZ3VhcmRhbmRvKV4wMDAwMDA=,,XjhDOEM4Q01pbmVyYWxlcyBzYWx0YXJpbmVzIChlbiBlc3BlcmEpXjAwMDAwMA==
KqdfAw,,SnVtcGluZyBNaW5lcmFscyBbODVd,,,,,TWluZXJhaXMgU2FsdGl0YW50ZXMgWzg1XQ==,,TWluZXJhbGVzIHNhbHRhcmluZXMgWzg1XQ==
K6dfAw,,XjhDOEM4Q1doeSBpcyB0aGVyZSBzdWNoIGEgYmlnIHBvb2whIChJbiBQcm9ncmVzcyleMDAwMDAw,,,,,XjhDOEM4Q1BvciBxdWUgdGVtIHVtYSBwaXNjaW5hIHTDo28gZ3JhbmRlPyAoRW0gQW5kYW1lbnRvKV4wMDAwMDA=,,XjhDOEM4Q8K/Q3XDoW5kbyBwb2RlbW9zIG1ldGVybm9zIGEgbGEgcGlzY2luYT8gKGVuIGN1cnNvKV4wMDAwMDA=
LKdfAw,,XjhDOEM4Q1doeSBpcyB0aGVyZSBzdWNoIGEgYmlnIHBvb2whIChXYWl0aW5nKV4wMDAwMDA=,,,,,XjhDOEM4Q1BvciBxdWUgdGVtIHVtYSBwaXNjaW5hIHTDo28gZ3JhbmRlPyAoQWd1YXJkYW5kbyleMDAwMDAw,,XjhDOEM4Q8K/Q3XDoW5kbyBwb2RlbW9zIG1ldGVybm9zIGEgbGEgcGlzY2luYT8gKGVuIGVzcGVyYSleMDAwMDAw
LadfAw,,V2h5IGlzIHRoZXJlIHN1Y2ggYSBiaWcgcG9vbCEgWzgwXQ==,,,,,UG9yIHF1ZSB0ZW0gdW1hIHBpc2NpbmEgdMOjbyBncmFuZGU/IFs4MF0=,,wr9DdcOhbmRvIHBvZGVtb3MgbWV0ZXJub3MgYSBsYSBwaXNjaW5hP1s4MF0=
LqdfAw,,XjhDOEM4Q0Fua2xlIFNuYXBwaW5nIChJbiBQcm9ncmVzcyleMDAwMDAw,,,,,XjhDOEM4Q1Rvcm5vemVsbyBFc3RhbGFudGUgKEVtIEFuZGFtZW50bykgXjAwMDAwMA==,,XjhDOEM4Q0dvbHBlIGRlIHRvYmlsbG8gKGVuIGN1cnNvKV4wMDAwMDA=
L6dfAw,,XjhDOEM4Q0Fua2xlIFNuYXBwaW5nIChXYWl0aW5nKV4wMDAwMDA=,,,,,XjhDOEM4Q1Rvcm5vemVsbyBFc3RhbGFudGUgKEFndWFyZGFuZG8pXjAwMDAwMA==,,XjhDOEM4Q0dvbHBlIGRlIHRvYmlsbG8gKGVuIGVzcGVyYSleMDAwMDAw
MKdfAw,,QW5rbGUgU25hcHBpbmcgWzgwXQ==,,,,,VG9ybm96ZWxvIEVzdGFsYW50ZSBbODBd,,R29scGUgZGUgdG9iaWxsbyBbODBd
MadfAw,,XjhDOEM4Q1ZhbGxleSBvZiB0aGUgRm91ciBHb2RzIChJbiBQcm9ncmVzcyleMDAwMDAw,,,,,XjhDOEM4Q1ZhbGUgZG9zIFF1YXRybyBEZXVzZXMgKEVtIEFuZGFtZW50byleMDAwMDAw,,XjhDOEM4Q1ZhbGxlIGRlIGxvcyBDdWF0cm8gRGlvc2VzIChlbiBjdXJzbyleMDAwMDAw
MqdfAw,,XjhDOEM4Q1ZhbGxleSBvZiB0aGUgRm91ciBHb2RzIChXYWl0aW5nKV4wMDAwMDA=,,,,,XjhDOEM4Q1ZhbGUgZG9zIFF1YXRybyBEZXVzZXMgKEFndWFyZGFuZG8pXjAwMDAwMA==,,XjhDOEM4Q1ZhbGxlIGRlIGxvcyBDdWF0cm8gRGlvc2VzIChlbiBlc3BlcmEpXjAwMDAwMA==
M6dfAw,,VmFsbGV5IG9mIHRoZSBGb3VyIEdvZHMgWzgwXQ==,,,,,VmFsZSBkb3MgUXVhdHJvIERldXNlcyBbODBd,,VmFsbGUgZGUgbG9zIEN1YXRybyBEaW9zZXMgWzgwXQ==
NKdfAw,,XjhDOEM4Q0JvcmRlciBDaGVja3BvaW50IFdvcmsgKEluIFByb2dyZXNzKV4wMDAwMDA=,,,,,XjhDOEM4Q1RyYW1wbyBkZSBDb250cm9sZSBkYSBGcm9udGVpcmEgKEVtIEFuZGFtZW50byleMDAwMDAw,,XjhDOEM4Q1RyYWJham8gZW4gZWwgcHVudG8gZGUgY29udHJvbCBmcm9udGVyaXpvIChlbiBjdXJzbyleMDAwMDAw
NadfAw,,XjhDOEM4Q0JvcmRlciBDaGVja3BvaW50IFdvcmsgKFdhaXRpbmcpXjAwMDAwMA==,,,,,XjhDOEM4Q1RyYW1wbyBkZSBDb250cm9sZSBkYSBGcm9udGVpcmEgKEFndWFyZGFuZG8pXjAwMDAwMA==,,XjhDOEM4Q1RyYWJham8gZW4gZWwgcHVudG8gZGUgY29udHJvbCBmcm9udGVyaXpvIChlbiBlc3BlcmEpXjAwMDAwMA==
NqdfAw,,Qm9yZGVyIENoZWNrcG9pbnQgV29yayBbNzBd,,,,,VHJhbXBvIGRlIENvbnRyb2xlIGRhIEZyb250ZWlyYSBbNzBd,,VHJhYmFqbyBlbiBlbCBwdW50byBkZSBjb250cm9sIGZyb250ZXJpem9bNzBd
N6dfAw,,XjhDOEM4Q1BpcGUgRmFpbHVyZSAoSW4gUHJvZ3Jlc3MpXjAwMDAwMA==,,,,,XjhDOEM4Q1Byb2JsZW1hIGRlIFR1YnVsYcOnw6NvIChFbSBBbmRhbWVudG8pXjAwMDAwMA==,,XjhDOEM4Q0F2ZXLDrWEgZGUgdHViZXLDrWEgKGVuIGN1cnNvKV4wMDAwMDA=
OKdfAw,,XjhDOEM4Q1BpcGUgRmFpbHVyZSAoV2FpdGluZyleMDAwMDAw,,,,,XjhDOEM4Q1Byb2JsZW1hIGRlIFR1YnVsYcOnw6NvIChBZ3VhcmRhbmRvKV4wMDAwMDA=,,XjhDOEM4Q0F2ZXLDrWEgZGUgdHViZXLDrWEgKGVuIGVzcGVyYSleMDAwMDAw
OadfAw,,UGlwZSBGYWlsdXJlIFs4MF0=,,,,,UHJvYmxlbWEgZGUgVHVidWxhw6fDo28gWzgwXQ==,,QXZlcsOtYSBkZSB0dWJlcsOtYSBbODBd
OqdfAw,,XjhDOEM4Q0EgUGVhY2VmdWwgUGlsZ3JpbWFnZSAoSW4gUHJvZ3Jlc3MpXjAwMDAwMA==,,,,,XjhDOEM4Q1BlcmVncmluYcOnw6NvIFBhY8OtZmljYSAoRW0gQW5kYW1lbnRvKV4wMDAwMDA=,,XjhDOEM4Q1VuYSBwZXJlZ3JpbmFjacOzbiBwYWPDrWZpY2EgKGVuIGN1cnNvKV4wMDAwMDA=
O6dfAw,,XjhDOEM4Q0EgUGVhY2VmdWwgUGlsZ3JpbWFnZSAoV2FpdGluZyleMDAwMDAw,,,,,XjhDOEM4Q1BlcmVncmluYcOnw6NvIFBhY8OtZmljYSAoQWd1YXJkYW5kbyleMDAwMDAw,,XjhDOEM4Q1VuYSBwZXJlZ3JpbmFjacOzbiBwYWPDrWZpY2EgKGVuIGVzcGVyYSleMDAwMDAw
PKdfAw,,QSBQZWFjZWZ1bCBQaWxncmltYWdlIFs5MF0=,,,,,UGVyZWdyaW5hw6fDo28gUGFjw61maWNhIFs5MF0=,,VW5hIHBlcmVncmluYWNpw7NuIHBhY8OtZmljYSBbOTBd
PadfAw,,XjhDOEM4Q0d1YXJkaWFuIG9mIEJlYXV0eSAoSW4gUHJvZ3Jlc3MpXjAwMDAwMA==,,,,,XjhDOEM4Q0d1YXJkacOjbyBkYSBCZWxlemEgKEVtIEFuZGFtZW50byleMDAwMDAw,,XjhDOEM4Q0d1YXJkacOhbiBkZSBsYSBiZWxsZXphIChlbiBjdXJzbyleMDAwMDAw
PqdfAw,,XjhDOEM4Q0d1YXJkaWFuIG9mIEJlYXV0eSAoV2FpdGluZyleMDAwMDAw,,,,,XjhDOEM4Q0d1YXJkacOjbyBkYSBCZWxlemEgKEFndWFyZGFuZG8pXjAwMDAwMA==,,XjhDOEM4Q0d1YXJkacOhbiBkZSBsYSBiZWxsZXphIChlbiBlc3BlcmEpXjAwMDAwMA==
P6dfAw,,R3VhcmRpYW4gb2YgQmVhdXR5IFs5MF0=,,,,,R3VhcmRpw6NvIGRhIEJlbGV6YSBbOTBd,,R3VhcmRpw6FuIGRlIGxhIGJlbGxlemEgWzkwXQ==
QKdfAw,,XjhDOEM4Q1N0b25lIFN3YWxsb3dpbmcgU3RvbmUgKEluIFByb2dyZXNzKV4wMDAwMDA=,,,,,XjhDOEM4Q1BlZHJhIFNvYnJlIFBlZHJhIChFbSBBbmRhbWVudG8pXjAwMDAwMA==,,XjhDOEM4Q1BpZWRyYSB0cmFnYXBpZWRyYXMgKGVuIGN1cnNvKV4wMDAwMDA=
QadfAw,,XjhDOEM4Q1N0b25lIFN3YWxsb3dpbmcgU3RvbmUgKFdhaXRpbmcpXjAwMDAwMA==,,,,,XjhDOEM4Q1BlZHJhIFNvYnJlIFBlZHJhIChBZ3VhcmRhbmRvKV4wMDAwMDA=,,XjhDOEM4Q1BpZWRyYSB0cmFnYXBpZWRyYXMgKGVuIGVzcGVyYSleMDAwMDAw
QqdfAw,,U3RvbmUgU3dhbGxvd2luZyBTdG9uZSBbOTBd,,,,,UGVkcmEgU29icmUgUGVkcmEgWzkwXQ==,,UGllZHJhIHRyYWdhcGllZHJhcyBbOTBd
Q6dfAw,,XjhDOEM4Q1ByaXNvbiBCcmVhayAoSW4gUHJvZ3Jlc3MpXjAwMDAwMA==,,,,,XjhDOEM4Q0Z1Z2EgZGEgUHJpc8OjbyAoRW0gQW5kYW1lbnRvKV4wMDAwMDA=,,XjhDOEM4Q0Z1Z2EgZGUgbGEgcHJpc2nDs24gKGVuIGN1cnNvKV4wMDAwMDA=
RKdfAw,,XjhDOEM4Q1ByaXNvbiBCcmVhayAoV2FpdGluZyleMDAwMDAw,,,,,XjhDOEM4Q0Z1Z2EgZGEgUHJpc8OjbyAoQWd1YXJkYW5kbyleMDAwMDAw,,XjhDOEM4Q0Z1Z2EgZGUgbGEgcHJpc2nDs24gKGVuIGVzcGVyYSleMDAwMDAw
RadfAw,,UHJpc29uIEJyZWFrIFs4NV0=,,,,,RnVnYSBkYSBQcmlzw6NvIFs4NV0=,,RnVnYSBkZSBsYSBwcmlzacOzbiBbODVd
RqdfAw,,XjhDOEM4Q1JlZmluZWQgVGFzdGUgKEluIFByb2dyZXNzKV4wMDAwMDA=,,,,,XjhDOEM4Q1NhYm9yIFJlZmluYWRvIChFbSBBbmRhbWVudG8pIF4wMDAwMDA=,,XjhDOEM4Q1NhYm9yIHJlZmluYWRvIChlbiBjdXJzbyleMDAwMDAw
R6dfAw,,XjhDOEM4Q1JlZmluZWQgVGFzdGUgKFdhaXRpbmcpXjAwMDAwMA==,,,,,XjhDOEM4Q1NhYm9yIFJlZmluYWRvIChBZ3VhcmRhbmRvKV4wMDAwMDA=,,XjhDOEM4Q1NhYm9yIHJlZmluYWRvIChlbiBlc3BlcmEpXjAwMDAwMA==
SKdfAw,,UmVmaW5lZCBUYXN0ZSBbODVd,,,,,U2Fib3IgUmVmaW5hZG8gWzg1XQ==,,U2Fib3IgcmVmaW5hZG8gWzg1XQ==
SadfAw,,XjhDOEM4Q0EgVmljaW91cyBUb3J0dXJlciAoSW4gUHJvZ3Jlc3MpXjAwMDAwMA==,,,,,XjhDOEM4Q1VtIFRvcnR1cmFkb3IgQ3J1ZWwgKEVtIEFuZGFtZW50byleMDAwMDAw,,XjhDOEM4Q1VuIHRvcnR1cmFkb3IgdmljaW9zbyAoZW4gY3Vyc28pXjAwMDAwMA==
SqdfAw,,XjhDOEM4Q0EgVmljaW91cyBUb3J0dXJlciAoV2FpdGluZyleMDAwMDAw,,,,,XjhDOEM4Q1VtIFRvcnR1cmFkb3IgQ3J1ZWwgKEFndWFyZGFuZG8pXjAwMDAwMA==,,XjhDOEM4Q1VuIHRvcnR1cmFkb3IgdmljaW9zbyAoZW4gZXNwZXJhKV4wMDAwMDA=
S6dfAw,,QSBWaWNpb3VzIFRvcnR1cmVyIFs5MF0=,,,,,VW0gVG9ydHVyYWRvciBDcnVlbCBbOTBd,,VW4gdG9ydHVyYWRvciB2aWNpb3NvIFs5MF0=
TKdfAw,,XjhDOEM4Q0V4cGxvcmUgVHVydGxlIElzbGFuZCAoSW4gUHJvZ3Jlc3MpXjAwMDAwMA==,,,,,XjhDOEM4Q0V4cGxvcmUgYSBJbGhhIGRhIFRhcnRhcnVnYSAoRW0gQW5kYW1lbnRvKV4wMDAwMDA=,,XjhDOEM4Q0V4cGxvcmEgbGEgSXNsYSBUb3J0dWdhIChlbiBjdXJzbyleMDAwMDAw
TadfAw,,XjhDOEM4Q0V4cGxvcmUgVHVydGxlIElzbGFuZCAoV2FpdGluZyleMDAwMDAw,,,,,XjhDOEM4Q0V4cGxvcmUgYSBJbGhhIGRhIFRhcnRhcnVnYSAoQWd1YXJkYW5kbyleMDAwMDAw,,XjhDOEM4Q0V4cGxvcmEgbGEgSXNsYSBUb3J0dWdhIChlbiBlc3BlcmEpXjAwMDAwMA==
TqdfAw,,RXhwbG9yZSBUdXJ0bGUgSXNsYW5kIFs5MF0=,,,,,RXhwbG9yZSBhIElsaGEgZGEgVGFydGFydWdhIFs5MF0=,,RXhwbG9yYSBsYSBJc2xhIFRvcnR1Z2FbOTBd
T6dfAw,,XjhDOEM4Q0RlZmVhdCB0aGUgVHVydGxlIFN3YXJtIChJbiBQcm9ncmVzcyleMDAwMDAw,,,,,XjhDOEM4Q0RlcnJvdGUgYSBIb3JkYSBkZSBUYXJ0YXJ1Z2FzIChFbSBBbmRhbWVudG8pIF4wMDAwMDA=,,XjhDOEM4Q0RlcnJvdGEgYSBsYSBtdWx0aXR1ZCBkZSB0b3J0dWdhcyAoZW4gY3Vyc28pXjAwMDAwMA==
UKdfAw,,XjhDOEM4Q0RlZmVhdCB0aGUgVHVydGxlIFN3YXJtIChXYWl0aW5nKV4wMDAwMDA=,,,,,XjhDOEM4Q0RlcnJvdGUgYSBIb3JkYSBkZSBUYXJ0YXJ1Z2FzIChBZ3VhcmRhbmRvKV4wMDAwMDA=,,XjhDOEM4Q0RlcnJvdGEgYSBsYSBtdWx0aXR1ZCBkZSB0b3J0dWdhcyAoZW4gZXNwZXJhKV4wMDAwMDA=
UadfAw,,RGVmZWF0IHRoZSBUdXJ0bGUgU3dhcm0gWzkwXQ==,,,,,RGVycm90ZSBhIEhvcmRhIGRlIFRhcnRhcnVnYXMgWzkwXQ==,,RGVycm90YSBhIGxhIG11bHRpdHVkIGRlIHRvcnR1Z2FzIFs5MF0=
UqdfAw,,XjhDOEM4Q0h1bnRpbmcgR3JvdW5kIChJbiBQcm9ncmVzcyleMDAwMDAw,,,,,XjhDOEM4Q0NhbXBvcyBkZSBDYcOnYSAoRW0gQW5kYW1lbnRvKV4wMDAwMDA=,,XjhDOEM4Q0NvdG8gZGUgY2F6YSAoZW4gY3Vyc28pXjAwMDAwMA==
U6dfAw,,XjhDOEM4Q0h1bnRpbmcgR3JvdW5kIChXYWl0aW5nKV4wMDAwMDA=,,,,,XjhDOEM4Q0NhbXBvcyBkZSBDYcOnYSAoQWd1YXJkYW5kbyleMDAwMDAw,,XjhDOEM4Q0NvdG8gZGUgY2F6YSAoZW4gZXNwZXJhKV4wMDAwMDA=
VKdfAw,,SHVudGluZyBHcm91bmQgWzkwXQ==,,,,,Q2FtcG9zIGRlIENhw6dhIFs5MF0=,,Q290byBkZSBjYXphWzkwXQ==
VadfAw,,XjhDOEM4Q1RlbXBsZSBMaW9uIChJbiBQcm9ncmVzcyleMDAwMDAw,,,,,XjhDOEM4Q0xlw6NvIGRvIFRlbXBsbyAoRW0gQW5kYW1lbnRvKSBeMDAwMDAw,,XjhDOEM4Q0xlw7NuIGRlbCBUZW1wbG8gKGVuIGN1cnNvKV4wMDAwMDA=
VqdfAw,,XjhDOEM4Q1RlbXBsZSBMaW9uIChXYWl0aW5nKV4wMDAwMDA=,,,,,XjhDOEM4Q0xlw6NvIGRvIFRlbXBsbyAoQWd1YXJkYW5kbyleMDAwMDAw,,XjhDOEM4Q0xlw7NuIGRlbCBUZW1wbG8gKGVuIGVzcGVyYSleMDAwMDAw
V6dfAw,,VGVtcGxlIExpb24gWzcwXQ==,,,,,TGXDo28gZG8gVGVtcGxvIFs3MF0=,,TGXDs24gZGVsIFRlbXBsbyBbNzBd
WKdfAw,,XjhDOEM4Q1JhaW5ib3cgQmlyZCAoSW4gUHJvZ3Jlc3MpXjAwMDAwMA==,,,,,XjhDOEM4Q1DDoXNzYXJvIEFyY28tw41yaXMgKEVtIEFuZGFtZW50byleMDAwMDAw,,XjhDOEM4Q0F2ZSBhcmNvw61yaXMgKGVuIGN1cnNvKV4wMDAwMDA=
WadfAw,,XjhDOEM4Q1JhaW5ib3cgQmlyZCAoV2FpdGluZyleMDAwMDAw,,,,,XjhDOEM4Q1DDoXNzYXJvIEFyY28tw41yaXMgKEFndWFyZGFuZG8pXjAwMDAwMA==,,XjhDOEM4Q0F2ZSBhcmNvw61yaXMgKGVuIGVzcGVyYSleMDAwMDAw
WqdfAw,,UmFpbmJvdyBCaXJkIFs3MF0=,,,,,UMOhc3Nhcm8gQXJjby3DjXJpcyBbNzBd,,QXZlIGFyY2/DrXJpc1s3MF0=
W6dfAw,,XjhDOEM4Q0hlYWRsZXNzIEhvcnNlIChJbiBQcm9ncmVzcyleMDAwMDAw,,,,,XjhDOEM4Q011bGEgU2VtIENhYmXDp2EgKEVtIEFuZGFtZW50byleMDAwMDAw,,XjhDOEM4Q0NhYmFsbG8gc2luIGNhYmV6YSAoZW4gY3Vyc28pXjAwMDAwMA==
XKdfAw,,XjhDOEM4Q0hlYWRsZXNzIEhvcnNlIChXYWl0aW5nKV4wMDAwMDA=,,,,,XjhDOEM4Q011bGEgU2VtIENhYmXDp2EgKEFndWFyZGFuZG8pXjAwMDAwMA==,,XjhDOEM4Q0NhYmFsbG8gc2luIGNhYmV6YSAoZW4gZXNwZXJhKV4wMDAwMDA=
XadfAw,,SGVhZGxlc3MgSG9yc2UgWzgwXQ==,,,,,TXVsYSBTZW0gQ2FiZcOnYSBbODBd,,Q2FiYWxsbyBzaW4gY2FiZXphWzgwXQ==
XqdfAw,,XjhDOEM4Q01vc2NvdmlhIE5pZ2h0bWFyZSAoSW4gUHJvZ3Jlc3MpXjAwMDAwMA==,,,,,XjhDOEM4Q1Blc2FkZWxvIGRlIE1vc2PDs3ZpYSAoRW0gQW5kYW1lbnRvKV4wMDAwMDA=,,XjhDOEM4Q1Blc2FkaWxsYSBlbiBNb3Njb3ZpYSAoZW4gY3Vyc28pXjAwMDAwMA==
X6dfAw,,XjhDOEM4Q01vc2NvdmlhIE5pZ2h0bWFyZSAoV2FpdGluZyleMDAwMDAw,,,,,XjhDOEM4Q1Blc2FkZWxvIGRlIE1vc2PDs3ZpYSAoQWd1YXJkYW5kbyleMDAwMDAw,,XjhDOEM4Q1Blc2FkaWxsYSBlbiBNb3Njb3ZpYSAoZW4gZXNwZXJhKV4wMDAwMDA=
YKdfAw,,TW9zY292aWEgTmlnaHRtYXJlIFs4MF0=,,,,,UGVzYWRlbG8gZGUgTW9zY8OzdmlhIFs4MF0=,,UGVzYWRpbGxhIGVuIE1vc2NvdmlhIFs4MF0=
YadfAw,,XjhDOEM4Q0Jyb29tLCBDYXN0IElyb24gUG90LCBhbmQgR3JhbmRtb3RoZXIgKEluIFByb2dyZXNzKV4wMDAwMDA=,,,,,XjhDOEM4Q1Zhc3NvdXJhLCBQYW5lbGEgZGUgRmVycm8gZSBWb3bDsyAoRW0gQW5kYW1lbnRvKV4wMDAwMDA=,,XjhDOEM4Q0xhIGFidWVsYSwgbGEgZXNjb2JhIHkgZWwgY2FsZGVybyAoZW4gY3Vyc28pXjAwMDAwMA==
YqdfAw,,XjhDOEM4Q0Jyb29tLCBDYXN0IElyb24gUG90LCBhbmQgR3JhbmRtb3RoZXIgKFdhaXRpbmcpXjAwMDAwMA==,,,,,XjhDOEM4Q1Zhc3NvdXJhLCBQYW5lbGEgZGUgRmVycm8gZSBWb3bDsyAoQWd1YXJkYW5kbyleMDAwMDAw,,XjhDOEM4Q0xhIGFidWVsYSwgbGEgZXNjb2JhIHkgZWwgY2FsZGVybyAoZW4gZXNwZXJhKV4wMDAwMDA=
Y6dfAw,,QnJvb20sIENhc3QgSXJvbiBQb3QsIGFuZCBHcmFuZG1vdGhlciBbODBd,,,,,VmFzc291cmEsIFBhbmVsYSBkZSBGZXJybyBlIFZvdsOzIFs4MF0=,,TGEgYWJ1ZWxhLCBsYSBlc2NvYmEgeSBlbCBjYWxkZXJvWzgwXQ==
ZKdfAw,,XjhDOEM4Q1JpY2UgY2FrZSBtYWRlIGZyb20gc2FuZD8gKEluIFByb2dyZXNzKV4wMDAwMDA=,,,,,XjhDOEM4Q0JvbGluaG9zIGRlIGFycm96IGZlaXRvcyBkZSBhcmVpYT8gKEVtIEFuZGFtZW50byleMDAwMDAw,,XjhDOEM4Q8K/UGFzdGVsIGRlIGFycm96IGhlY2hvIGRlIGFyZW5hPyAoZW4gY3Vyc28pXjAwMDAwMA==
ZadfAw,,XjhDOEM4Q1JpY2UgY2FrZSBtYWRlIGZyb20gc2FuZD8gKFdhaXRpbmcpXjAwMDAwMA==,,,,,XjhDOEM4Q0JvbGluaG9zIGRlIGFycm96IGZlaXRvcyBkZSBhcmVpYT8gKEFndWFyZGFuZG8pXjAwMDAwMA==,,XjhDOEM4Q8K/UGFzdGVsIGRlIGFycm96IGhlY2hvIGRlIGFyZW5hPyAoZW4gZXNwZXJhKV4wMDAwMDA=
ZqdfAw,,UmljZSBjYWtlIG1hZGUgZnJvbSBzYW5kPyBbODBd,,,,,Qm9saW5ob3MgZGUgYXJyb3ogZmVpdG9zIGRlIGFyZWlhPyBbODBd,,wr9QYXN0ZWwgZGUgYXJyb3ogaGVjaG8gZGUgYXJlbmE/IFs4MF0=
Z6dfAw,,XjhDOEM4Q0EgdG9tYiB3aGVyZSBzZWNyZXRzIHNsZWVwIChJbiBQcm9ncmVzcyleMDAwMDAw,,,,,XjhDOEM4Q1VtYSB0dW1iYSBvbmRlIHJlcG91c2FtIG9zIHNlZ3JlZG9zIChFbSBBbmRhbWVudG8pIF4wMDAwMDA=,,XjhDOEM4Q0xhIHR1bWJhIGRvbmRlIHlhY2VuIGxvcyBzZWNyZXRvcyAoZW4gY3Vyc28pXjAwMDAwMA==
aKdfAw,,XjhDOEM4Q0EgdG9tYiB3aGVyZSBzZWNyZXRzIHNsZWVwIChXYWl0aW5nKV4wMDAwMDA=,,,,,XjhDOEM4Q1VtYSB0dW1iYSBvbmRlIHJlcG91c2FtIG9zIHNlZ3JlZG9zIChBZ3VhcmRhbmRvKV4wMDAwMDA=,,XjhDOEM4Q0xhIHR1bWJhIGRvbmRlIHlhY2VuIGxvcyBzZWNyZXRvcyAoZW4gZXNwZXJhKV4wMDAwMDA=
aadfAw,,QSB0b21iIHdoZXJlIHNlY3JldHMgc2xlZXAgWzgwXQ==,,,,,VW1hIHR1bWJhIG9uZGUgcmVwb3VzYW0gb3Mgc2VncmVkb3MgWzgwXQ==,,TGEgdHVtYmEgZG9uZGUgeWFjZW4gbG9zIHNlY3JldG9zWzgwXQ==
aqdfAw,,XjhDOEM4Q0JlYXV0aWZ1bCBEb2xsIChJbiBQcm9ncmVzcyleMDAwMDAw,,,,,XjhDOEM4Q0JvbmVjYSBBZG9yw6F2ZWwgKEVtIEFuZGFtZW50bykgXjAwMDAwMA==,,XjhDOEM4Q011w7FlY2EgaGVybW9zYSAoZW4gY3Vyc28pXjAwMDAwMA==
a6dfAw,,XjhDOEM4Q0JlYXV0aWZ1bCBEb2xsIChXYWl0aW5nKV4wMDAwMDA=,,,,,XjhDOEM4Q0JvbmVjYSBBZG9yw6F2ZWwgKEFndWFyZGFuZG8pXjAwMDAwMA==,,XjhDOEM4Q011w7FlY2EgaGVybW9zYSAoZW4gZXNwZXJhKV4wMDAwMDA=
bKdfAw,,QmVhdXRpZnVsIERvbGwgWzgwXQ==,,,,,Qm9uZWNhIEFkb3LDoXZlbCBbODBd,,TXXDsWVjYSBoZXJtb3NhIFs4MF0=
badfAw,,XjhDOEM4Q0xvc2Vycywgd2lubmVycywgYW5kIHRob3NlIGxlZnQgYmVoaW5kIChJbiBQcm9ncmVzcyleMDAwMDAw,,,,,XjhDOEM4Q1BlcmRlZG9yZXMsIHZlbmNlZG9yZXMgZSBvcyBhYmFuZG9uYWRvcyAoRW0gQW5kYW1lbnRvKSBeMDAwMDAw,,XjhDOEM4Q1BlcmRlZG9yZXMsIGdhbmFkb3JlcyB5IGxvcyBxdWUgc2UgcXVlZGFuIGF0csOhcyAoZW4gY3Vyc28pXjAwMDAwMA==
bqdfAw,,XjhDOEM4Q0xvc2Vycywgd2lubmVycywgYW5kIHRob3NlIGxlZnQgYmVoaW5kIChXYWl0aW5nKV4wMDAwMDA=,,,,,XjhDOEM4Q1BlcmRlZG9yZXMsIHZlbmNlZG9yZXMgZSBvcyBhYmFuZG9uYWRvcyAoQWd1YXJkYW5kbyleMDAwMDAw,,XjhDOEM4Q1BlcmRlZG9yZXMsIGdhbmFkb3JlcyB5IGxvcyBxdWUgc2UgcXVlZGFuIGF0csOhcyAoZW4gZXNwZXJhKV4wMDAwMDA=
b6dfAw,,TG9zZXJzLCB3aW5uZXJzLCBhbmQgdGhvc2UgbGVmdCBiZWhpbmQgWzgwXQ==,,,,,UGVyZGVkb3JlcywgdmVuY2Vkb3JlcyBlIG9zIGFiYW5kb25hZG9zIFs4MF0=,,UGVyZGVkb3JlcywgZ2FuYWRvcmVzIHkgbG9zIHF1ZSBzZSBxdWVkYW4gYXRyw6FzIFs4MF0=
cKdfAw,,XjhDOEM4Q1NoaW5vYmkgSHVudGluZyAoSW4gUHJvZ3Jlc3MpXjAwMDAwMA==,,,,,XjhDOEM4Q0Nhw6dhIGFvcyBTaGlub2JpIChFbSBBbmRhbWVudG8pIF4wMDAwMDA=,,XjhDOEM4Q0NhY2Vyw61hIGRlIFNoaW5vYmkgKGVuIGN1cnNvKV4wMDAwMDA=
cadfAw,,XjhDOEM4Q1NoaW5vYmkgSHVudGluZyAoV2FpdGluZyleMDAwMDAw,,,,,XjhDOEM4Q0Nhw6dhIGFvcyBTaGlub2JpIChBZ3VhcmRhbmRvKV4wMDAwMDA=,,XjhDOEM4Q0NhY2Vyw61hIGRlIFNoaW5vYmkgKGVuIGVzcGVyYSleMDAwMDAw
cqdfAw,,U2hpbm9iaSBIdW50aW5nIFs5MF0=,,,,,Q2HDp2EgYW9zIFNoaW5vYmkgWzkwXQ==,,Q2FjZXLDrWEgZGUgU2hpbm9iaSBbOTBd
c6dfAw,,XjhDOEM4Q0NlbGVzdGlhbCBMYWR5IChJbiBQcm9ncmVzcyleMDAwMDAw,,,,,XjhDOEM4Q0RhbWEgQ2VsZXN0aWFsIChFbSBBbmRhbWVudG8pIF4wMDAwMDA=,,XjhDOEM4Q0RhbWEgY2VsZXN0aWFsIChlbiBjdXJzbyleMDAwMDAw
dKdfAw,,XjhDOEM4Q0NlbGVzdGlhbCBMYWR5IChXYWl0aW5nKV4wMDAwMDA=,,,,,XjhDOEM4Q0RhbWEgQ2VsZXN0aWFsIChBZ3VhcmRhbmRvKV4wMDAwMDA=,,XjhDOEM4Q0RhbWEgY2VsZXN0aWFsIChlbiBlc3BlcmEpXjAwMDAwMA==
dadfAw,,Q2VsZXN0aWFsIExhZHkgWzkwXQ==,,,,,RGFtYSBDZWxlc3RpYWwgWzkwXQ==,,RGFtYSBjZWxlc3RpYWwgWzkwXQ==
dqdfAw,,XjhDOEM4Q01vbmtleSBLaW5nIENhbmRpZGF0ZSAoSW4gUHJvZ3Jlc3MpXjAwMDAwMA==,,,,,XjhDOEM4Q0NhbmRpZGF0byBhIFJlaSBNYWNhY28gKEVtIEFuZGFtZW50byleMDAwMDAw,,XjhDOEM4Q0NhbmRpZGF0byBhIFJleSBNb25vIChlbiBjdXJzbyleMDAwMDAw
d6dfAw,,XjhDOEM4Q01vbmtleSBLaW5nIENhbmRpZGF0ZSAoV2FpdGluZyleMDAwMDAw,,,,,XjhDOEM4Q0NhbmRpZGF0byBhIFJlaSBNYWNhY28gKEFndWFyZGFuZG8pXjAwMDAwMA==,,XjhDOEM4Q0NhbmRpZGF0byBhIFJleSBNb25vIChlbiBlc3BlcmEpXjAwMDAwMA==
eKdfAw,,TW9ua2V5IEtpbmcgQ2FuZGlkYXRlIFs5MF0=,,,,,Q2FuZGlkYXRvIGEgUmVpIE1hY2FjbyBbOTBd,,Q2FuZGlkYXRvIGEgUmV5IE1vbm8gWzkwXQ==
eadfAw,,XjhDOEM4Q09sZCBNYW4gb24gdGhlIENsb3VkcyAoSW4gUHJvZ3Jlc3MpXjAwMDAwMA==,,,,,XjhDOEM4Q1ZlbGhvIG5hcyBOdXZlbnMgKEVtIEFuZGFtZW50byleMDAwMDAw,,XjhDOEM4Q0FuY2lhbm8gZW4gbGFzIG51YmVzIChlbiBjdXJzbyleMDAwMDAw
eqdfAw,,XjhDOEM4Q09sZCBNYW4gb24gdGhlIENsb3VkcyAoV2FpdGluZyleMDAwMDAw,,,,,XjhDOEM4Q1ZlbGhvIG5hcyBOdXZlbnMgKEFndWFyZGFuZG8pXjAwMDAwMA==,,XjhDOEM4Q0FuY2lhbm8gZW4gbGFzIG51YmVzIChlbiBlc3BlcmEpXjAwMDAwMA==
e6dfAw,,T2xkIE1hbiBvbiB0aGUgQ2xvdWRzIFs5MF0=,,,,,VmVsaG8gbmFzIE51dmVucyBbOTBd,,QW5jaWFubyBlbiBsYXMgbnViZXMgWzkwXQ==
fKdfAw,,S2llbCBIeXJlIFs3MF0=,,,,,S2llbCBIeXJlIFs3MF0=,,S2llbCBIeXJlIFs3MF0u
fadfAw,,Q2xvY2sgVG93ZXIgWzcwLTgwXQ==,,,,,VG9ycmUgZG8gUmVsw7NnaW8gWzcwLTgwXQ==,,VG9ycmUgZGVsIHJlbG9qIFs3MC04MF0u
fqdfAw,,R2xhc3RoZWltIFs3MC05MF0=,,,,,R2xhc3QgSGVpbSBbNzAtOTBd,,R2xhc3QgSGVpbSBbNzAtOTBdLg==
f6dfAw,,R2VmZmVuIFs3NS04MF0=,,,,,R2VmZmVuIFs3NS04MF0=,,R2VmZmVuIFs3NS04MF0u
gKdfAw,,RWluYnJvY2ggWzgwLTg1XQ==,,,,,RWluYnJvY2ggWzgwLTg1XQ==,,RWluYnJvY2ggWzgwLTg1XS4=
gadfAw,,TGlnaHRoYWx6ZW4gWzgwXQ==,,,,,TGlnaHRoYWx6ZW4gWzgwXQ==,,TGlnaHRoYWx6ZW4gWzgwXS4=
gqdfAw,,VHVydGxlIElzbGFuZCBbOTBd,,,,,SWxoYSBkYSBUYXJ0YXJ1Z2EgWzkwXQ==,,SXNsYSBUb3J0dWdhIFs5MF0u
g6dfAw,,R2xvYmFsIFByb2plY3QgQXJlYSBbNzAtOTBd,,,,,w4FyZWEgZGUgUHJvamV0byBHbG9iYWwgWzcwLTkwXQ==,,w4FyZWEgZ2xvYmFsIGRlbCBwcm95ZWN0byBbNzAtOTBdLg==
hKdfAw,,T3RoZXIgWzcwLTkwXQ==,,,,,T3V0cm9zIFs3MC05MF0=,,T3Ryb3MgWzcwLTkwXS4=
hadfAw,,W1JlcXVlc3QgQ29tcGxldGVkXQpMb2NhdGlvbjogRmllbGQgbmVhciBLaWVsIEh5cmUgQ290dGFnZQpUYXJnZXQ6IERlZmVhdCAxNSBIYXJweSBhbmQgMTUgU2xlZXBlcgpSZXdhcmQ6IEV4cCAzNjg0MCwgSmV4cCA0MDIwMA==,,,,,W1NvbGljaXRhw6fDo28gQ29uY2x1w61kYV0KTG9jYWxpemHDp8OjbzogQ2FtcG9zIHByw7N4aW1vcyDDoCBLaWVsIEh5cmUgQ290dGFnZQpPYmpldGl2bzogRGVycm90YXIgMTUgSGFycGlhcyBlIDE1IFJvY2hvc29zClJlY29tcGVuc2E6IEV4cCAzNjg0MCwgSmV4cCA0MDIwMA==,,W1NvbGljaXR1ZCBjb21wbGV0YWRhXQpVYmljYWNpw7NuOiBDYW1wbyBjZXJjYSBkZSBsYSBjYWJhw7FhIGRlIEtpZWwgSHlyZS4KT2JqZXRpdm86IERlcnJvdGEgYSAxNUFycMOtYXMgeSAxNUR1cm1pZW50ZXMuClByZW1pbzogMzY4NDBkZUVYUCB5IDQwMjAwZGVFWFBkZWNsYXNlLg==
hqdfAw,,W0tpZWwgSHlyZSBBY2FkZW15IEd1YXJkJ3MgUmVxdWVzdF0KTG9jYXRpb246IEZpZWxkIG5lYXIgS2llbCBIeXJlIENvdHRhZ2UKVGFyZ2V0OiBEZWZlYXQgMTUgSGFycHkgYW5kIDE1IFNsZWVwZXIKUmV3YXJkOiBFeHAgMzY4NDAsIEpleHAgNDAyMDA=,,,,,W1BlZGlkbyBkYSBHdWFyZGEgZGEgQWNhZGVtaWEgS2llbCBIeXJlXQpMb2NhbGl6YcOnw6NvOiBDYW1wb3MgcHLDs3hpbW9zIMOgIEtpZWwgSHlyZSBDb3R0YWdlCk9iamV0aXZvOiBEZXJyb3RhciAxNSBIYXJwaWFzIGUgMTUgUm9jaG9zb3MKUmVjb21wZW5zYTogRXhwIDM2ODQwLCBKZXhwIDQwMjAw,,W1NvbGljaXR1ZCBkZSBsYSBndWFyZGlhIGRlIGxhIEFjYWRlbWlhIEtpZWwgSHlyZV0KVWJpY2FjacOzbjogQ2FtcG8gY2VyY2EgZGUgbGEgY2FiYcOxYSBkZSBLaWVsIEh5cmUuCk9iamV0aXZvOiBEZXJyb3RhIGEgMTVBcnDDrWFzIHkgMTVEdXJtaWVudGVzLgpQcmVtaW86IDM2ODQwZGVFWFAgeSA0MDIwMGRlRVhQZGVjbGFzZS4=
h6dfAw,,S2llbCBIeXJlIEFjYWRlbXkgR3VhcmQncyBSZXF1ZXN0Cl40RDRERkZbSW1wcm92ZSBTY2hvb2wgU2FmZXR5XV4wMDAwMDAgUXVlc3QgYWNjZXB0ZWQu,,,,,UGVkaWRvIGRhIEd1YXJkYSBkYSBBY2FkZW1pYSBLaWVsIEh5cmUKXjRENERGRltFc2NvbGEgUHJvdGVnaWRhXV4wMDAwMDAgTWlzc8OjbyBhY2VpdGEu,,U29saWNpdHVkIGRlIGxhIGd1YXJkaWEgZGUgbGEgQWNhZGVtaWEgS2llbCBIeXJlLgpeNEQ0REZGW01lam9yYXIgbGEgc2VndXJpZGFkIGVzY29sYXJdXjAwMDAwMDogbWlzacOzbiBhY2VwdGFkYS4=
iKdfAw,,W1JlcXVlc3QgQ29tcGxldGVkXQpMb2NhdGlvbjogRmllbGRzIG5lYXIgS2llbCBIeXJlIEFjYWRlbXkgClRhcmdldDogQ29sbGVjdCAxMCBBbnRlbG9wZSBTa2luIGFuZCAxMCBQZWNvUGVjbyBGZWF0aGVyClJld2FyZDogRXhwIDE0MjAwLCBKZXhwIDE0MjAw,,,,,W1NvbGljaXRhw6fDo28gQ29uY2x1w61kYV0KTG9jYWxpemHDp8OjbzogQ2FtcG9zIHByw7N4aW1vcyDDoCBBY2FkZW1pYSBLaWVsIEh5cmUgCk9iamV0aXZvOiBDb2xldGFyIDEwIFBlbGVzIGRlIEJvZGUgZSAxMCBQZW5hcyBkZSBHcmFuZCBQZWNvClJlY29tcGVuc2E6IEV4cCAxNDIwMCwgSmV4cCAxNDIwMA==,,W1NvbGljaXR1ZCBjb21wbGV0YWRhXQpVYmljYWNpw7NuOiBDYW1wb3MgY2VyY2Fub3MgYSBsYSBBY2FkZW1pYSBLaWVsIEh5cmUuIApPYmpldGl2bzogUmVjb2xlY3RhIDEwUGllbGVzIGRlIGFudMOtbG9wZSB5IDEwUGx1bWFzIGRlIFBlY28gUGVjby4KUHJlbWlvOiAxNDIwMGRlRVhQIHkgMTQyMDBkZUVYUGRlY2xhc2Uu
iadfAw,,W0tpZWwgSHlyZSBBY2FkZW15IENhdCBIYW5kIE1lcmNoYW50J3MgUmVxdWVzdF0KTG9jYXRpb246IEZpZWxkcyBuZWFyIEtpZWwgSHlyZSBBY2FkZW15IApUYXJnZXQ6IENvbGxlY3QgMTAgQW50ZWxvcGUgU2tpbiBhbmQgMTAgUGVjb1BlY28gRmVhdGhlcgpSZXdhcmQ6IEV4cCAxNDIwMCwgSmV4cCAxNDIwMA==,,,,,W1BlZGlkbyBkbyBNZXJjYWRvciBNw6NvIGRlIEdhdG8gZGEgQWNhZGVtaWEgS2llbCBIeXJlXQpMb2NhbGl6YcOnw6NvOiBDYW1wb3MgcHLDs3hpbW9zIMOgIEFjYWRlbWlhIEtpZWwgSHlyZSAKT2JqZXRpdm86IENvbGV0YXIgMTAgUGVsZXMgZGUgQm9kZSBlIDEwIFBlbmFzIGRlIEdyYW5kIFBlY28KUmVjb21wZW5zYTogRXhwIDE0MjAwLCBKZXhwIDE0MjAw,,W1NvbGljaXR1ZCBkZSBjb21lcmNpYW50ZSBkZSBNYW5vIEdhdHVuYSBlbiBsYSBBY2FkZW1pYSBLaWVsIEh5cmVdClViaWNhY2nDs246IENhbXBvcyBjZXJjYW5vcyBhIGxhIEFjYWRlbWlhIEtpZWwgSHlyZS4gCk9iamV0aXZvOiBSZWNvbGVjdGEgMTBQaWVsZXMgZGUgYW50w61sb3BlIHkgMTBQbHVtYXMgZGUgUGVjbyBQZWNvLgpQcmVtaW86IDE0MjAwZGVFWFAgeSAxNDIwMGRlRVhQZGVjbGFzZS4=
iqdfAw,,S2llbCBIeXJlIEFjYWRlbXkgQ2F0IEhhbmQgTWVyY2hhbnQncyBSZXF1ZXN0Cl40RDRERkZbR3JvdW5kYnJlYWtpbmcgQnVzaW5lc3MgSXRlbV1eMDAwMDAwIFF1ZXN0IGFjY2VwdGVkLg==,,,,,UGVkaWRvIGRvIE1lcmNhZG9yIE3Do28gZGUgR2F0byBkYSBBY2FkZW1pYSBLaWVsIEh5cmUKXjRENERGRltJbm92YcOnw6NvIENvbWVyY2lhbF1eMDAwMDAwIE1pc3PDo28gYWNlaXRhLg==,,U29saWNpdHVkIGRlIGNvbWVyY2lhbnRlIGRlIE1hbm8gR2F0dW5hIGVuIGxhIEFjYWRlbWlhIEtpZWwgSHlyZS4KXjRENERGRltNdWVzdHJhIGRlIG9iamV0byBkZSBuZWdvY2lvc11eMDAwMDAwOiBtaXNpw7NuIGFjZXB0YWRhLg==
i6dfAw,,W1JlcXVlc3QgQ29tcGxldGVkXQpMb2NhdGlvbjogRmllbGRzIG5lYXIgS2llbCBIeXJlIEFjYWRlbXkgClRhcmdldDogRGVmZWF0IDIwIEdyYW5kIFBlY28gYW5kIDIwIEdvYXQKUmV3YXJkOiBFeHAgNDI5NjAsIEpleHAgNDM4ODA=,,,,,W1NvbGljaXRhw6fDo28gQ29uY2x1w61kYV0KTG9jYWxpemHDp8OjbzogQ2FtcG9zIHByw7N4aW1vcyDDoCBBY2FkZW1pYSBLaWVsIEh5cmUgCk9iamV0aXZvOiBEZXJyb3RhciAyMCBHcmFuZCBQZWNvIGUgMjAgQm9kZXMKUmVjb21wZW5zYTogRXhwIDQyOTYwLCBKZXhwIDQzODgw,,W1NvbGljaXR1ZCBjb21wbGV0YWRhXQpVYmljYWNpw7NuOiBDYW1wb3MgY2VyY2Fub3MgYSBsYSBBY2FkZW1pYSBLaWVsIEh5cmUuIApPYmpldGl2bzogRGVycm90YSBhIDIwR3JhbiBQZWNvIHkgMjBDYWJyYXMuClByZW1pbzogNDI5NjBkZUVYUCB5IDQzODgwZGVFWFBkZWNsYXNlLg==
jKdfAw,,W1JlcXVlc3QgZnJvbSBLaWVsIEh5cmUgQWNhZGVteSBzdHVkZW50XQpMb2NhdGlvbjogRmllbGRzIG5lYXIgS2llbCBIeXJlIEFjYWRlbXkgClRhcmdldDogRGVmZWF0IDIwIEdyYW5kIFBlY28gYW5kIDIwIEdvYXQKUmV3YXJkOiBFeHAgNDI5NjAsIEpleHAgNDM4ODA=,,,,,W1NvbGljaXRhw6fDo28gZGUgdW0gZXN0dWRhbnRlIGRhIEFjYWRlbWlhIEtpZWwgSHlyZV0KTG9jYWxpemHDp8OjbzogQ2FtcG9zIHByw7N4aW1vcyDDoCBBY2FkZW1pYSBLaWVsIEh5cmUgCk9iamV0aXZvOiBEZXJyb3RhciAyMCBHcmFuZCBQZWNvIGUgMjAgQm9kZXMKUmVjb21wZW5zYTogRXhwIDQyOTYwLCBKZXhwIDQzODgw,,W1NvbGljaXR1ZCBkZSB1bmEgZXN0dWRpYW50ZSBkZSBsYSBBY2FkZW1pYSBLaWVsIEh5cmVdClViaWNhY2nDs246IENhbXBvcyBjZXJjYW5vcyBhIGxhIEFjYWRlbWlhIEtpZWwgSHlyZS4gCk9iamV0aXZvOiBEZXJyb3RhIGEgMjBHcmFuIFBlY28geSAyMENhYnJhcy4KUHJlbWlvOiA0Mjk2MGRlRVhQIHkgNDM4ODBkZUVYUGRlY2xhc2Uu
jadfAw,,UmVxdWVzdCBmcm9tIEtpZWwgSHlyZSBBY2FkZW15IHN0dWRlbnQKXjRENERGRltBIFNvbGlkIEZpbmlzaF1eMDAwMDAwIFF1ZXN0IGFjY2VwdGVkLg==,,,,,UGVkaWRvIGRlIHVtIGVzdHVkYW50ZSBkYSBBY2FkZW1pYSBLaWVsIEh5cmUKXjRENERGRltBY2FiYW1lbnRvIFPDs2xpZG9dXjAwMDAwMCBNaXNzw6NvIGFjZWl0YS4=,,U29saWNpdHVkIGRlIHVuYSBlc3R1ZGlhbnRlIGRlIGxhIEFjYWRlbWlhIEtpZWwgSHlyZS4KXjRENERGRltBc3VudG8gdGVybWluYWRvXV4wMDAwMDA6IG1pc2nDs24gYWNlcHRhZGEu
jqdfAw,,W1JlcXVlc3QgQ29tcGxldGVkXQpMb2NhdGlvbjogQWxkZWJhcmFuIENsb2NrIFRvd2VyIDFGClRhcmdldDogRGVmZWF0IDIwIFJpZGV3b3JkIGFuZCAxNSBQdW5rClJld2FyZDogRXhwIDMzODIwLCBKZXhwIDQwNjUw,,,,,W1NvbGljaXRhw6fDo28gQ29uY2x1w61kYV0KTG9jYWxpemHDp8OjbzogVG9ycmUgZG8gUmVsw7NnaW8gZGUgQWxkZWJhcmFuICgxKQpPYmpldGl2bzogRGVycm90YXIgMjAgUmlkZXdvcmRzIGUgMTUgUHVua3MKUmVjb21wZW5zYTogRXhwIDMzODIwLCBKZXhwIDQwNjUw,,W1NvbGljaXR1ZCBjb21wbGV0YWRhXQpVYmljYWNpw7NuOiBUb3JyZSBkZWwgcmVsb2ogZGUgQWxkZWJhcmFuUDEuCk9iamV0aXZvOiBEZXJyb3RhIGEgMjBSaWRld29yZCB5IDE1UHVuay4KUHJlbWlvOiAzMzgyMGRlRVhQIHkgNDA2NTBkZUVYUGRlY2xhc2Uu
j6dfAw,,W1JlcXVlc3QgZnJvbSBBbGRlYmFyYW4gQ2xvY2sgVG93ZXIgTWFuYWdlciBTZXJkaW5dCkxvY2F0aW9uOiBBbGRlYmFyYW4gQ2xvY2sgVG93ZXIgMUYKVGFyZ2V0OiBEZWZlYXQgMjAgUmlkZXdvcmQgYW5kIDE1IFB1bmsKUmV3YXJkOiBFeHAgMzM4MjAsIEpleHAgNDA2NTA=,,,,,W1BlZGlkbyBkZSBTZXJkaW4sIGdlcmVudGUgZGEgVG9ycmUgZG8gUmVsw7NnaW8gZGUgQWxkZWJhcmFuXQpMb2NhbGl6YcOnw6NvOiBUb3JyZSBkbyBSZWzDs2dpbyBkZSBBbGRlYmFyYW4gKDEpCk9iamV0aXZvOiBEZXJyb3RhciAyMCBSaWRld29yZHMgZSAxNSBQdW5rcwpSZWNvbXBlbnNhOiBFeHAgMzM4MjAsIEpleHAgNDA2NTA=,,W1NvbGljaXR1ZCBkZSBTZXJkaW4sIGVsIGd1YXJkacOhbiBkZSBsYSBUb3JyZSBkZWwgcmVsb2ogZGUgQWxkZWJhcmFuXQpVYmljYWNpw7NuOiBUb3JyZSBkZWwgcmVsb2ogZGUgQWxkZWJhcmFuUDEuCk9iamV0aXZvOiBEZXJyb3RhIGEgMjBSaWRld29yZCB5IDE1UHVuay4KUHJlbWlvOiAzMzgyMGRlRVhQIHkgNDA2NTBkZUVYUGRlY2xhc2Uu
kKdfAw,,UmVxdWVzdCBmcm9tIEFsZGViYXJhbiBDbG9jayBUb3dlciBNYW5hZ2VyIFNlcmRpbgpeNEQ0REZGW0NsZWFuIENsb2NrIFRvd2VyIDFGXV4wMDAwMDAgUXVlc3QgYWNjZXB0ZWQu,,,,,UGVkaWRvIGRlIFNlcmRpbiwgZ2VyZW50ZSBkYSBUb3JyZSBkbyBSZWzDs2dpbyBkZSBBbGRlYmFyYW4KXjRENERGRltMaW1wZXphIGRhIFRvcnJlIGRvIFJlbMOzZ2lvICgxKV1eMDAwMDAwIE1pc3PDo28gYWNlaXRhLg==,,U29saWNpdHVkIGRlIFNlcmRpbiwgZWwgZ3VhcmRpw6FuIGRlIGxhIFRvcnJlIGRlbCByZWxvaiBkZSBBbGRlYmFyYW4uCl40RDRERkZbTGltcGlhciBsYSBUb3JyZSBkZWwgcmVsb2pQMV1eMDAwMDAwOiBtaXNpw7NuIGFjZXB0YWRhLg==
kadfAw,,W1JlcXVlc3QgQ29tcGxldGVkXQpMb2NhdGlvbjogQWxkZWJhcmFuIENsb2NrIFRvd2VyIDJGClRhcmdldDogRGVmZWF0IDE1IENsb2NrClJld2FyZDogRXhwIDIwMzEwLCBKZXhwIDE3Mzcw,,,,,W1NvbGljaXRhw6fDo28gQ29uY2x1w61kYV0KTG9jYWxpemHDp8OjbzogVG9ycmUgZG8gUmVsw7NnaW8gZGUgQWxkZWJhcmFuICgyKQpPYmpldGl2bzogRGVycm90YXIgMTUgUmVsw7NnaW9zClJlY29tcGVuc2E6IEV4cCAyMDMxMCwgSmV4cCAxNzM3MA==,,W1NvbGljaXR1ZCBjb21wbGV0YWRhXQpVYmljYWNpw7NuOiBUb3JyZSBkZWwgcmVsb2ogZGUgQWxkZWJhcmFuUDIuCk9iamV0aXZvOiBEZXJyb3RhIGEgMTVSZWxvamVzLgpQcmVtaW86IDIwMzEwZGVFWFAgeSAxNzM3MGRlRVhQZGVjbGFzZS4=
kqdfAw,,W1JlcXVlc3QgZnJvbSBBbGRlYmFyYW4gQ2xvY2sgVG93ZXIgTWFuYWdlciBTZXJkaW5dCkxvY2F0aW9uOiBBbGRlYmFyYW4gQ2xvY2sgVG93ZXIgMkYKVGFyZ2V0OiBEZWZlYXQgMTUgQ2xvY2sKUmV3YXJkOiBFeHAgMjAzMTAsIEpleHAgMTczNzA=,,,,,W1BlZGlkbyBkZSBTZXJkaW4sIGdlcmVudGUgZGEgVG9ycmUgZG8gUmVsw7NnaW8gZGUgQWxkZWJhcmFuXQpMb2NhbGl6YcOnw6NvOiBUb3JyZSBkbyBSZWzDs2dpbyBkZSBBbGRlYmFyYW4gKDIpCk9iamV0aXZvOiBEZXJyb3RhciAxNSBSZWzDs2dpb3MKUmVjb21wZW5zYTogRXhwIDIwMzEwLCBKZXhwIDE3Mzcw,,W1NvbGljaXR1ZCBkZSBTZXJkaW4sIGVsIGd1YXJkacOhbiBkZSBsYSBUb3JyZSBkZWwgcmVsb2ogZGUgQWxkZWJhcmFuXQpVYmljYWNpw7NuOiBUb3JyZSBkZWwgcmVsb2ogZGUgQWxkZWJhcmFuUDIuCk9iamV0aXZvOiBEZXJyb3RhIGEgMTVSZWxvamVzLgpQcmVtaW86IDIwMzEwZGVFWFAgeSAxNzM3MGRlRVhQZGVjbGFzZS4=
k6dfAw,,UmVxdWVzdCBmcm9tIEFsZGViYXJhbiBDbG9jayBUb3dlciBNYW5hZ2VyIFNlcmRpbgpeNEQ0REZGW0EgTGl2aW5nLCBNb3ZpbmcgQ2xvY2sgMV1eMDAwMDAwIFF1ZXN0IGFjY2VwdGVkLg==,,,,,U29saWNpdGHDp8OjbyBkZSBTZXJkaW4sIEdlcmVudGUgZGEgVG9ycmUgZG8gUmVsw7NnaW8gZGUgQWxkZWJhcmFuCl40RDRERkZbVW0gUmVsw7NnaW8gVml2byBlIEFtYnVsYW50ZSAxXV4wMDAwMDAgTWlzc8OjbyBhY2VpdGEu,,U29saWNpdHVkIGRlIFNlcmRpbiwgZWwgZ3VhcmRpw6FuIGRlIGxhIFRvcnJlIGRlbCByZWxvaiBkZSBBbGRlYmFyYW4uCl40RDRERkZbUmVsb2plcyBxdWUgY29icmFuIHZpZGEgeSBzZSBtdWV2ZW5JXV4wMDAwMDA6IG1pc2nDs24gYWNlcHRhZGEu
lKdfAw,,W1JlcXVlc3QgQ29tcGxldGVkXQpMb2NhdGlvbjogQWxkZWJhcmFuIENsb2NrIFRvd2VyIDNGClRhcmdldDogRGVmZWF0IDIwIEFsYXJtClJld2FyZDogRXhwIDI4MzIwLCBKZXhwIDI3OTYw,,,,,W1NvbGljaXRhw6fDo28gQ29uY2x1w61kYV0KTG9jYWxpemHDp8OjbzogVG9ycmUgZG8gUmVsw7NnaW8gQWxkZWJhcmFuICgzKQpPYmpldGl2bzogRGVycm90YXIgMjAgQWxhcm1lcwpSZWNvbXBlbnNhOiBFeHAgMjgzMjAsIEpleHAgMjc5NjA=,,W1NvbGljaXR1ZCBjb21wbGV0YWRhXQpVYmljYWNpw7NuOiBUb3JyZSBkZWwgcmVsb2ogZGUgQWxkZWJhcmFuUDMuCk9iamV0aXZvOiBEZXJyb3RhIGEgMjBBbGFybWFzLgpQcmVtaW86IDI4MzIwZGVFWFAgeSAyNzk2MGRlRVhQZGVjbGFzZS4=
ladfAw,,W1JlcXVlc3QgZnJvbSBBbGRlYmFyYW4gQ2xvY2sgVG93ZXIgTWFuYWdlciBTZXJkaW5dCkxvY2F0aW9uOiBBbGRlYmFyYW4gQ2xvY2sgVG93ZXIgM0YKVGFyZ2V0OiBEZWZlYXQgMjAgQWxhcm0KUmV3YXJkOiBFeHAgMjgzMjAsIEpleHAgMjc5NjA=,,,,,W1BlZGlkbyBkZSBTZXJkaW4sIGdlcmVudGUgZGEgVG9ycmUgZG8gUmVsw7NnaW8gZGUgQWxkZWJhcmFuXQpMb2NhbGl6YcOnw6NvOiBUb3JyZSBkbyBSZWzDs2dpbyBBbGRlYmFyYW4gKDMpCk9iamV0aXZvOiBEZXJyb3RhciAyMCBBbGFybWVzClJlY29tcGVuc2E6IEV4cCAyODMyMCwgSmV4cCAyNzk2MA==,,W1NvbGljaXR1ZCBkZSBTZXJkaW4sIGVsIGd1YXJkacOhbiBkZSBsYSBUb3JyZSBkZWwgcmVsb2ogZGUgQWxkZWJhcmFuXQpVYmljYWNpw7NuOiBUb3JyZSBkZWwgcmVsb2ogZGUgQWxkZWJhcmFuUDMuCk9iamV0aXZvOiBEZXJyb3RhIGEgMjBBbGFybWFzLgpQcmVtaW86IDI4MzIwZGVFWFAgeSAyNzk2MGRlRVhQZGVjbGFzZS4=
lqdfAw,,UmVxdWVzdCBmcm9tIEFsZGViYXJhbiBDbG9jayBUb3dlciBNYW5hZ2VyIFNlcmRpbgpeNEQ0REZGW0EgTGl2aW5nLCBNb3ZpbmcgQ2xvY2sgMl1eMDAwMDAwIFF1ZXN0IGFjY2VwdGVkLg==,,,,,U29saWNpdGHDp8OjbyBkZSBTZXJkaW4sIEdlcmVudGUgZGEgVG9ycmUgZG8gUmVsw7NnaW8gZGUgQWxkZWJhcmFuCl40RDRERkZbVW0gUmVsw7NnaW8gVml2byBlIEFtYnVsYW50ZSAyXV4wMDAwMDAgTWlzc8OjbyBhY2VpdGEu,,U29saWNpdHVkIGRlIFNlcmRpbiwgZWwgZ3VhcmRpw6FuIGRlIGxhIFRvcnJlIGRlbCByZWxvaiBkZSBBbGRlYmFyYW4uCl40RDRERkZbUmVsb2plcyBxdWUgY29icmFuIHZpZGEgeSBzZSBtdWV2ZW5JSV1eMDAwMDAwOiBtaXNpw7NuIGFjZXB0YWRhLg==
l6dfAw,,W1JlcXVlc3QgQ29tcGxldGVkXQpMb2NhdGlvbjogQWxkZWJhcmFuIFVuZGVyZ3JvdW5kIENsb2NrIFRvd2VyIDRGClRhcmdldDogRGVmZWF0IDIwIEJhdGhvcnkKUmV3YXJkOiBFeHAgMjU3MjAsIEpleHAgMjcyODA=,,,,,W1NvbGljaXRhw6fDo28gQ29uY2x1w61kYV0KTG9jYWxpemHDp8OjbzogVG9ycmUgZG8gUmVsw7NnaW8gKDQpICwgU3VidGVycsOibmVvIGRlIEFsZGViYXJhbgpPYmpldGl2bzogRGVycm90YXIgMjAgQmF0aG9yeQpSZWNvbXBlbnNhOiBFeHAgMjU3MjAsIEpleHAgMjcyODA=,,W1NvbGljaXR1ZCBjb21wbGV0YWRhXQpVYmljYWNpw7NuOiBUb3JyZSBkZWwgcmVsb2ogZGUgQWxkZWJhcmFuUDQuCk9iamV0aXZvOiBEZXJyb3RhIGEgMjBCYXRob3J5LgpQcmVtaW86IDI1NzIwZGVFWFAgeSAyNzI4MGRlRVhQZGVjbGFzZS4=
mKdfAw,,W1JlcXVlc3QgZnJvbSBBbGRlYmFyYW4gQ2xvY2sgVG93ZXIgTWFuYWdlciBTZXJkaW5dCkxvY2F0aW9uOiBBbGRlYmFyYW4gVW5kZXJncm91bmQgQ2xvY2sgVG93ZXIgNEYKVGFyZ2V0OiBEZWZlYXQgMjAgQmF0aG9yeQpSZXdhcmQ6IEV4cCAyNTcyMCwgSmV4cCAyNzI4MA==,,,,,W1BlZGlkbyBkZSBTZXJkaW4sIGdlcmVudGUgZGEgVG9ycmUgZG8gUmVsw7NnaW8gZGUgQWxkZWJhcmFuXQpMb2NhbGl6YcOnw6NvOiBUb3JyZSBkbyBSZWzDs2dpbyAoNCkgLCBTdWJ0ZXJyw6JuZW8gZGUgQWxkZWJhcmFuCk9iamV0aXZvOiBEZXJyb3RhciAyMCBCYXRob3J5ClJlY29tcGVuc2E6IEV4cCAyNTcyMCwgSmV4cCAyNzI4MA==,,W1NvbGljaXR1ZCBkZSBTZXJkaW4sIGVsIGd1YXJkacOhbiBkZSBsYSBUb3JyZSBkZWwgcmVsb2ogZGUgQWxkZWJhcmFuXQpVYmljYWNpw7NuOiBUb3JyZSBkZWwgcmVsb2ogZGUgQWxkZWJhcmFuUDQuCk9iamV0aXZvOiBEZXJyb3RhIGEgMjBCYXRob3J5LgpQcmVtaW86IDI1NzIwZGVFWFAgeSAyNzI4MGRlRVhQZGVjbGFzZS4=
madfAw,,UmVxdWVzdCBmcm9tIEFsZGViYXJhbiBDbG9jayBUb3dlciBNYW5hZ2VyIFNlcmRpbgpeNEQ0REZGW0xhdWdodGVyIGZyb20gVW5kZXJncm91bmRdXjAwMDAwMCBRdWVzdCBhY2NlcHRlZC4=,,,,,UGVkaWRvIGRlIFNlcmRpbiwgR2VyZW50ZSBkYSBUb3JyZSBkbyBSZWzDs2dpbyBkZSBBbGRlYmFyYW4KXjRENERGRltSaXNvcyBkbyBTdWJ0ZXJyw6JuZW9dXjAwMDAwMCBNaXNzw6NvIGFjZWl0YS4=,,U29saWNpdHVkIGRlIFNlcmRpbiwgZWwgZ3VhcmRpw6FuIGRlIGxhIFRvcnJlIGRlbCByZWxvaiBkZSBBbGRlYmFyYW4uCl40RDRERkZbUmlzYXMgc3VidGVycsOhbmVhc11eMDAwMDAwOiBtaXNpw7NuIGFjZXB0YWRhLg==
mqdfAw,,W1JlcXVlc3QgQ29tcGxldGVkXQpMb2NhdGlvbjogR2xhc3RoZWltIE1vbmFzdGVyeSAxRgpUYXJnZXQ6IERlZmVhdCAxNSBXcmFpdGggYW5kIDE1IEV2aWwgRHJ1aWQKUmV3YXJkOiBFeHAgMzc2NDAsIEpleHAgMzcwNTA=,,,,,W1NvbGljaXRhw6fDo28gQ29uY2x1w61kYV0KTG9jYWxpemHDp8OjbzogTW9uYXN0w6lyaW8gZGUgR2xhc3QgSGVpbSAoMSkKT2JqZXRpdm86IERlcnJvdGFyIDE1IEFsbWFzIFBlbmFkYXMgZSAxNSBEcnVpZGFzIE1hbGlnbm9zClJlY29tcGVuc2E6IEV4cCAzNzY0MCwgSmV4cCAzNzA1MA==,,W1NvbGljaXR1ZCBjb21wbGV0YWRhXQpVYmljYWNpw7NuOiBNb25hc3RlcmlvIGRlIEdsYXN0IEhlaW1QMS4KT2JqZXRpdm86IERlcnJvdGEgYSAxNUVzcGVjdHJvcyB5IDE1RHJ1aWRhcyBkZWwgbWFsLgpQcmVtaW86IDM3NjQwZGVFWFAgeSAzNzA1MGRlRVhQZGVjbGFzZS4=
m6dfAw,,W1JlcXVlc3QgZnJvbSBDbGF1ZGUgaW4gR2xhc3RoZWltIE1vbmFzdGVyeSBFbnRyYW5jZV0KTG9jYXRpb246IEdsYXN0aGVpbSBNb25hc3RlcnkgMUYKVGFyZ2V0OiBEZWZlYXQgMTUgV3JhaXRoIGFuZCAxNSBFdmlsIERydWlkClJld2FyZDogRXhwIDM3NjQwLCBKZXhwIDM3MDUw,,,,,W1BlZGlkbyBkZSBDbGF1ZGUgbmEgZW50cmFkYSBkbyBNb25hc3TDqXJpbyBkZSBHbGFzdCBIZWltXQpMb2NhbGl6YcOnw6NvOiBNb25hc3TDqXJpbyBkZSBHbGFzdCBIZWltICgxKQpPYmpldGl2bzogRGVycm90YXIgMTUgQWxtYXMgUGVuYWRhcyBlIDE1IERydWlkYXMgTWFsaWdub3MKUmVjb21wZW5zYTogRXhwIDM3NjQwLCBKZXhwIDM3MDUw,,W1NvbGljaXR1ZCBkZSBDbGF1ZGUgZW4gbGEgZW50cmFkYSBkZWwgbW9uYXN0ZXJpbyBkZSBHbGFzdCBIZWltXQpVYmljYWNpw7NuOiBNb25hc3RlcmlvIGRlIEdsYXN0IEhlaW1QMS4KT2JqZXRpdm86IERlcnJvdGEgYSAxNUVzcGVjdHJvcyB5IDE1RHJ1aWRhcyBkZWwgbWFsLgpQcmVtaW86IDM3NjQwZGVFWFAgeSAzNzA1MGRlRVhQZGVjbGFzZS4=
nKdfAw,,UmVxdWVzdCBmcm9tIENsYXVkZSBpbiBHbGFzdGhlaW0gTW9uYXN0ZXJ5IEVudHJhbmNlCl40RDRERkZbTW9uYXN0ZXJ5IFB1cmlmaWNhdGlvbl1eMDAwMDAwIFF1ZXN0IGFjY2VwdGVkLg==,,,,,UGVkaWRvIGRlIENsYXVkZSBuYSBFbnRyYWRhIGRvIE1vbmFzdMOpcmlvIGRlIEdsYXN0IEhlaW0KXjRENERGRltQdXJpZmljYcOnw6NvIGRvIE1vbmFzdMOpcmlvXV4wMDAwMDAgTWlzc8OjbyBhY2VpdGEu,,U29saWNpdHVkIGRlIENsYXVkZSBlbiBsYSBlbnRyYWRhIGRlbCBtb25hc3RlcmlvIGRlIEdsYXN0IEhlaW0uCl40RDRERkZbUHVyaWZpY2FjacOzbiBkZWwgbW9uYXN0ZXJpb11eMDAwMDAwOiBtaXNpw7NuIGFjZXB0YWRhLg==
nadfAw,,W1JlcXVlc3QgQ29tcGxldGVkXQpMb2NhdGlvbjogR2xhc3RoZWltIFVuZGVyZ3JvdW5kIFByaXNvbgpUYXJnZXQ6IERlZmVhdCAxMCBab21iaWUgUHJpc29uZXIgYW5kIDEwIFNrZWxldG9uIFByaXNvbmVyClJld2FyZDogRXhwIDcyMDAwLCBKZXhwIDcyMDAw,,,,,W1NvbGljaXRhw6fDo28gQ29uY2x1w61kYV0KTG9jYWxpemHDp8OjbzogUHJpc8OjbyBTdWJ0ZXJyw6JuZWEgZGUgR2xhc3QgSGVpbQpPYmpldGl2bzogRGVycm90ZSAxMCBadW1iaXMgUHJpc2lvbmVpcm9zIGUgMTAgRXNxdWVsZXRvcyBQcmlzaW9uZWlyb3MKUmVjb21wZW5zYTogRXhwIDcyMDAwLCBKZXhwIDcyMDAw,,W1NvbGljaXR1ZCBjb21wbGV0YWRhXQpVYmljYWNpw7NuOiBQcmlzacOzbiBzdWJ0ZXJyw6FuZWEgZGUgR2xhc3QgSGVpbS4KT2JqZXRpdm86IERlcnJvdGEgYSAxMFByaXNpb25lcm9zIHpvbWJpcyB5IGEgMTBFc3F1ZWxldG9zIHByaXNpb25lcm9zLgpQcmVtaW86IDcyMDAwZGVFWFAgeSA3MjAwMGRlRVhQZGVjbGFzZS4=
nqdfAw,,W1JlcXVlc3QgZnJvbSBUaXJlZCBQcmllc3QgQ2hhcm9uXQpMb2NhdGlvbjogR2xhc3RoZWltIFVuZGVyZ3JvdW5kIFByaXNvbgpUYXJnZXQ6IERlZmVhdCAxMCBab21iaWUgUHJpc29uZXIgYW5kIDEwIFNrZWxldG9uIFByaXNvbmVyClJld2FyZDogRXhwIDcyMDAwLCBKZXhwIDcyMDAw,,,,,W1BlZGlkbyBkbyBTYWNlcmRvdGUgQ2Fuc2FkbyBDaGFyb25dCkxvY2FsaXphw6fDo286IFByaXPDo28gU3VidGVycsOibmVhIGRlIEdsYXN0IEhlaW0KT2JqZXRpdm86IERlcnJvdGUgMTAgWnVtYmlzIFByaXNpb25laXJvcyBlIDEwIEVzcXVlbGV0b3MgUHJpc2lvbmVpcm9zClJlY29tcGVuc2E6IEV4cCA3MjAwMCwgSmV4cCA3MjAwMA==,,W1NvbGljaXR1ZCBkZWwgY2Fuc2FkbyBzYWNlcmRvdGUgQ2hhcm9uXQpVYmljYWNpw7NuOiBQcmlzacOzbiBzdWJ0ZXJyw6FuZWEgZGUgR2xhc3QgSGVpbS4KT2JqZXRpdm86IERlcnJvdGEgYSAxMFByaXNpb25lcm9zIHpvbWJpcyB5IGEgMTBFc3F1ZWxldG9zIHByaXNpb25lcm9zLgpQcmVtaW86IDcyMDAwZGVFWFAgeSA3MjAwMGRlRVhQZGVjbGFzZS4=
n6dfAw,,UmVxdWVzdCBmcm9tIFRpcmVkIFByaWVzdCBDaGFyb24KXjRENERGRltQcmlzb24gQnJlYWtdXjAwMDAwMCBRdWVzdCBhY2NlcHRlZC4=,,,,,UGVkaWRvIGRvIFNhY2VyZG90ZSBDYW5zYWRvIENoYXJvbgpeNEQ0REZGW0Z1Z2EgZGEgUHJpc8Ojb11eMDAwMDAwIE1pc3PDo28gYWNlaXRhLg==,,U29saWNpdHVkIGRlbCBjYW5zYWRvIHNhY2VyZG90ZSBDaGFyb24uCl40RDRERkZbRnVnYSBkZSBsYSBwcmlzacOzbl1eMDAwMDAwOiBtaXNpw7NuIGFjZXB0YWRhLg==
oKdfAw,,W1JlcXVlc3QgQ29tcGxldGVkXQpMb2NhdGlvbjogR2xhc3RoZWltIFVuZGVyZ3JvdW5kIFByaXNvbgpUYXJnZXQ6IERlZmVhdCAyMCBJbmp1c3RpY2UKUmV3YXJkOiBFeHAgNzIwMDAsIEpleHAgNzIwMDA=,,,,,W1NvbGljaXRhw6fDo28gQ29uY2x1w61kYV0KTG9jYWxpemHDp8OjbzogUHJpc8OjbyBTdWJ0ZXJyw6JuZWEgZGUgR2xhc3QgSGVpbQpPYmpldGl2bzogRGVycm90YXIgMjAgSW5qdXN0acOnYWRvcwpSZWNvbXBlbnNhOiBFeHAgNzIwMDAsIEpleHAgNzIwMDA=,,W1NvbGljaXR1ZCBjb21wbGV0YWRhXQpVYmljYWNpw7NuOiBQcmlzacOzbiBzdWJ0ZXJyw6FuZWEgZGUgR2xhc3QgSGVpbS4KT2JqZXRpdm86IERlcnJvdGEgYSAyMEluanVzdGljaWFzLgpQcmVtaW86IDcyMDAwZGVFWFAgeSA3MjAwMGRlRVhQZGVjbGFzZS4=
oadfAw,,W1JlcXVlc3QgZnJvbSB0aGUgd2FuZGVyaW5nIHdpemFyZCBOYWRpcl0KTG9jYXRpb246IEdsYXN0aGVpbSBVbmRlcmdyb3VuZCBQcmlzb24KVGFyZ2V0OiBEZWZlYXQgMjAgSW5qdXN0aWNlClJld2FyZDogRXhwIDcyMDAwLCBKZXhwIDcyMDAw,,,,,W1BlZGlkbyBkbyBicnV4byBlcnJhbnRlIE5hZGlyXQpMb2NhbGl6YcOnw6NvOiBQcmlzw6NvIFN1YnRlcnLDom5lYSBkZSBHbGFzdCBIZWltCk9iamV0aXZvOiBEZXJyb3RhciAyMCBJbmp1c3Rpw6dhZG9zClJlY29tcGVuc2E6IEV4cCA3MjAwMCwgSmV4cCA3MjAwMA==,,W1NvbGljaXR1ZCBkZWwgbWFnbyBlcnJhbnRlIE5hZGlyXQpVYmljYWNpw7NuOiBQcmlzacOzbiBzdWJ0ZXJyw6FuZWEgZGUgR2xhc3QgSGVpbS4KT2JqZXRpdm86IERlcnJvdGEgYSAyMEluanVzdGljaWFzLgpQcmVtaW86IDcyMDAwZGVFWFAgeSA3MjAwMGRlRVhQZGVjbGFzZS4=
oqdfAw,,UmVxdWVzdCBmcm9tIHRoZSB3YW5kZXJpbmcgd2l6YXJkIE5hZGlyCl40RDRERkZbUmVmaW5lZCBUYXN0ZV1eMDAwMDAwIFF1ZXN0IGFjY2VwdGVkLg==,,,,,UGVkaWRvIGRvIGJydXhvIGVycmFudGUgTmFkaXIKXjRENERGRltTYWJvciBSZWZpbmFkb11eMDAwMDAwIE1pc3PDo28gYWNlaXRhLg==,,U29saWNpdHVkIGRlbCBtYWdvIGVycmFudGUgTmFkaXIuCl40RDRERkZbU2Fib3IgcmVmaW5hZG9dXjAwMDAwMDogbWlzacOzbiBhY2VwdGFkYS4=
o6dfAw,,W1JlcXVlc3QgQ29tcGxldGVkXQpMb2NhdGlvbjogR2xhc3RoZWltIE1vbmFzdGVyeSBDYXRhY29tYnMKVGFyZ2V0OiBEZWZlYXQgMTAgRGFyayBQcmllc3QgYW5kIDEgRnVyaW91cyBEYXJrIFByaWVzdApSZXdhcmQ6IEV4cCA5NjIyMCwgSmV4cCA5MTYzMA==,,,,,W1NvbGljaXRhw6fDo28gQ29uY2x1w61kYV0KTG9jYWxpemHDp8OjbzogQ2F0YWN1bWJhcyBkbyBNb25hc3TDqXJpbyBkZSBHbGFzdCBIZWltCk9iamV0aXZvOiBEZXJyb3RhciAxMCBTYWNlcmRvdGVzIGRhcyBUcmV2YXMgZSAxIFNhY2VyZG90ZXMgTWFsZGl0b3MgRmVyb3plcwpSZWNvbXBlbnNhOiBFeHAgOTYyMjAsIEpleHAgOTE2MzA=,,W1NvbGljaXR1ZCBjb21wbGV0YWRhXQpVYmljYWNpw7NuOiBDYXRhY3VtYmFzIGRlbCBtb25hc3RlcmlvIGRlIEdsYXN0IEhlaW0uCk9iamV0aXZvOiBEZXJyb3RhIGEgMTBTYWNlcmRvdGVzIG9zY3Vyb3MgeSBhIDFTYWNlcmRvdGUgb3NjdXJvIGZ1cmlvc28uClByZW1pbzogOTYyMjBkZUVYUCB5IDkxNjMwZGVFWFBkZWNsYXNlLg==
pKdfAw,,W1JlcXVlc3QgZnJvbSBDbGF1ZGUgaW4gR2xhc3RoZWltIE1vbmFzdGVyeSBFbnRyYW5jZV0KTG9jYXRpb246IEdsYXN0aGVpbSBNb25hc3RlcnkgQ2F0YWNvbWJzClRhcmdldDogRGVmZWF0IDEwIERhcmsgUHJpZXN0IGFuZCAxIEZ1cmlvdXMgRGFyayBQcmllc3QKUmV3YXJkOiBFeHAgOTYyMjAsIEpleHAgOTE2MzA=,,,,,W1BlZGlkbyBkZSBDbGF1ZGUgbmEgZW50cmFkYSBkbyBNb25hc3TDqXJpbyBkZSBHbGFzdCBIZWltXQpMb2NhbGl6YcOnw6NvOiBDYXRhY3VtYmFzIGRvIE1vbmFzdMOpcmlvIGRlIEdsYXN0IEhlaW0KT2JqZXRpdm86IERlcnJvdGFyIDEwIFNhY2VyZG90ZXMgZGFzIFRyZXZhcyBlIDEgU2FjZXJkb3RlcyBNYWxkaXRvcyBGZXJvemVzClJlY29tcGVuc2E6IEV4cCA5NjIyMCwgSmV4cCA5MTYzMA==,,W1NvbGljaXR1ZCBkZSBDbGF1ZGUgZW4gbGEgZW50cmFkYSBkZWwgbW9uYXN0ZXJpbyBkZSBHbGFzdCBIZWltXQpVYmljYWNpw7NuOiBDYXRhY3VtYmFzIGRlbCBtb25hc3RlcmlvIGRlIEdsYXN0IEhlaW0uCk9iamV0aXZvOiBEZXJyb3RhIGEgMTBTYWNlcmRvdGVzIG9zY3Vyb3MgeSBhIDFTYWNlcmRvdGUgb3NjdXJvIGZ1cmlvc28uClByZW1pbzogOTYyMjBkZUVYUCB5IDkxNjMwZGVFWFBkZWNsYXNlLg==
padfAw,,UmVxdWVzdCBmcm9tIENsYXVkZSBpbiBHbGFzdGhlaW0gTW9uYXN0ZXJ5IEVudHJhbmNlCl40RDRERkZbQ2F0YWNvbWIgU3RhYmlsaXphdGlvbl1eMDAwMDAwIFF1ZXN0IGFjY2VwdGVkLg==,,,,,UGVkaWRvIGRlIENsYXVkZSBuYSBFbnRyYWRhIGRvIE1vbmFzdMOpcmlvIGRlIEdsYXN0IEhlaW0KXjRENERGRltFc3RhYmlsaXphw6fDo28gZGFzIENhdGFjdW1iYXNdXjAwMDAwMCBNaXNzw6NvIGFjZWl0YS4=,,U29saWNpdHVkIGRlIENsYXVkZSBlbiBsYSBlbnRyYWRhIGRlbCBtb25hc3RlcmlvIGRlIEdsYXN0IEhlaW0uCl40RDRERkZbRXN0YWJpbGl6YWNpw7NuIGRlIGxhIGNhdGFjdW1iYV1eMDAwMDAwOiBtaXNpw7NuIGFjZXB0YWRhLg==
pqdfAw,,W1JlcXVlc3QgQ29tcGxldGVkXQpMb2NhdGlvbjogR2xhc3RoZWltIFVuZGVyZ3JvdW5kIFByaXNvbgpUYXJnZXQ6IERlZmVhdCAxMCBSeWJpbwpSZXdhcmQ6IEV4cCA3MjAwMCwgSmV4cCA3MjAwMA==,,,,,W1NvbGljaXRhw6fDo28gQ29uY2x1w61kYV0KTG9jYWxpemHDp8OjbzogUHJpc8OjbyBzdWJ0ZXJyw6JuZWEgZGUgR2xhc3QgSGVpbQpPYmpldGl2bzogRGVycm90YXIgMTAgUnliaW9zClJlY29tcGVuc2E6IEV4cCA3MjAwMCwgSmV4cCA3MjAwMA==,,W1NvbGljaXR1ZCBjb21wbGV0YWRhXQpVYmljYWNpw7NuOiBQcmlzacOzbiBzdWJ0ZXJyw6FuZWEgZGUgR2xhc3QgSGVpbS4KT2JqZXRpdm86IERlcnJvdGEgYSAxMFJ5YmlvLgpQcmVtaW86IDcyMDAwZGVFWFAgeSA3MjAwMGRlRVhQZGVjbGFzZS4=
p6dfAw,,W1JlcXVlc3QgZnJvbSB0aGUgd2FuZGVyaW5nIHdpemFyZCBOYWRpcl0KTG9jYXRpb246IEdsYXN0aGVpbSBVbmRlcmdyb3VuZCBQcmlzb24KVGFyZ2V0OiBEZWZlYXQgMTAgUnliaW8KUmV3YXJkOiBFeHAgNzIwMDAsIEpleHAgNzIwMDA=,,,,,W1BlZGlkbyBkbyBicnV4byBlcnJhbnRlIE5hZGlyXQpMb2NhbGl6YcOnw6NvOiBQcmlzw6NvIHN1YnRlcnLDom5lYSBkZSBHbGFzdCBIZWltCk9iamV0aXZvOiBEZXJyb3RhciAxMCBSeWJpb3MKUmVjb21wZW5zYTogRXhwIDcyMDAwLCBKZXhwIDcyMDAw,,W1NvbGljaXR1ZCBkZWwgbWFnbyBlcnJhbnRlIE5hZGlyXQpVYmljYWNpw7NuOiBQcmlzacOzbiBzdWJ0ZXJyw6FuZWEgZGUgR2xhc3QgSGVpbS4KT2JqZXRpdm86IERlcnJvdGEgYSAxMFJ5YmlvLgpQcmVtaW86IDcyMDAwZGVFWFAgeSA3MjAwMGRlRVhQZGVjbGFzZS4=
qKdfAw,,UmVxdWVzdCBmcm9tIHRoZSB3YW5kZXJpbmcgd2l6YXJkIE5hZGlyCl40RDRERkZbQSBWaWNpb3VzIFRvcnR1cmVyXV4wMDAwMDAgUXVlc3QgYWNjZXB0ZWQu,,,,,UGVkaWRvIGRvIGJydXhvIGVycmFudGUgTmFkaXIKXjRENERGRltVbSBUb3J0dXJhZG9yIENydWVsXV4wMDAwMDAgTWlzc8OjbyBhY2VpdGEu,,U29saWNpdHVkIGRlbCBtYWdvIGVycmFudGUgTmFkaXIuCl40RDRERkZbVW4gdG9ydHVyYWRvciB2aWNpb3NvXV4wMDAwMDA6IG1pc2nDs24gYWNlcHRhZGEu
qadfAw,,W1JlcXVlc3QgQ29tcGxldGVkXQpMb2NhdGlvbjogR2VmZmVuIEZpZWxkClRhcmdldDogRGVmZWF0IDEwIEZseWluZyBQZXRpdGUKUmV3YXJkOiBFeHAgOTkwMCwgSmV4cCAxMDEyMA==,,,,,W1NvbGljaXRhw6fDo28gQ29uY2x1w61kYV0KTG9jYWxpemHDp8OjbzogQ2FtcG9zIGRlIEdlZmZlbgpPYmpldGl2bzogRGVycm90YXIgMTAgUGV0aXRlIFZvYWRvcmVzClJlY29tcGVuc2E6IEV4cCA5OTAwLCBKZXhwIDEwMTIw,,W1NvbGljaXR1ZCBjb21wbGV0YWRhXQpVYmljYWNpw7NuOiBDYW1wbyBkZSBHZWZmZW4uCk9iamV0aXZvOiBEZXJyb3RhIGEgMTBQZXRpdGUgdm9sYWRvcmVzLgpQcmVtaW86IDk5MDBkZUVYUCB5IDEwMTIwZGVFWFBkZWNsYXNlLg==
qqdfAw,,W1JlcXVlc3QgZnJvbSBhIGJveSBpbiBmcm9udCBvZiB0aGUgR2VmZmVuIFdlc3QgRW50cmFuY2VdCkxvY2F0aW9uOiBHZWZmZW4gRmllbGQKVGFyZ2V0OiBEZWZlYXQgMTAgRmx5aW5nIFBldGl0ZQpSZXdhcmQ6IEV4cCA5OTAwLCBKZXhwIDEwMTIw,,,,,W1BlZGlkbyBkZSB1bSBnYXJvdG8gZW0gZnJlbnRlIMOgIEVudHJhZGEgT2VzdGUgZGUgR2VmZmVuXQpMb2NhbGl6YcOnw6NvOiBDYW1wb3MgZGUgR2VmZmVuCk9iamV0aXZvOiBEZXJyb3RhciAxMCBQZXRpdGUgVm9hZG9yZXMKUmVjb21wZW5zYTogRXhwIDk5MDAsIEpleHAgMTAxMjA=,,W1NvbGljaXR1ZCBkZSB1biBuacOxbyBmcmVudGUgYSBsYSBlbnRyYWRhIG9lc3RlIGRlIEdlZmZlbl0KVWJpY2FjacOzbjogQ2FtcG8gZGUgR2VmZmVuLgpPYmpldGl2bzogRGVycm90YSBhIDEwUGV0aXRlIHZvbGFkb3Jlcy4KUHJlbWlvOiA5OTAwZGVFWFAgeSAxMDEyMGRlRVhQZGVjbGFzZS4=
q6dfAw,,UmVxdWVzdCBmcm9tIGEgYm95IGluIGZyb250IG9mIHRoZSBHZWZmZW4gV2VzdCBFbnRyYW5jZQpeNEQ0REZGW0N1dGUgU2t5IFBldGl0ZV1eMDAwMDAwIFF1ZXN0IGFjY2VwdGVkLg==,,,,,UGVkaWRvIGRlIHVtIGdhcm90byBlbSBmcmVudGUgw6AgRW50cmFkYSBPZXN0ZSBkZSBHZWZmZW4KXjRENERGRltQZXRpdGUgVm9hZG9yIEZvZmluaG9dXjAwMDAwMCBNaXNzw6NvIGFjZWl0YS4=,,U29saWNpdHVkIGRlIHVuIG5pw7FvIGZyZW50ZSBhIGxhIGVudHJhZGEgb2VzdGUgZGUgR2VmZmVuLgpeNEQ0REZGW1BldGl0ZSBjZWxlc3RpYWwgYWRvcmFibGVdXjAwMDAwMDogbWlzacOzbiBhY2VwdGFkYS4=
rKdfAw,,W1JlcXVlc3QgQ29tcGxldGVkXQpMb2NhdGlvbjogR2VmZmVuIE5vcnRod2VzdCBGaWVsZApUYXJnZXQ6IERlZmVhdCAxMCBQZXRpdGUgKEdyZWVuKQpSZXdhcmQ6IEV4cCAxMjg2MCwgSmV4cCAxMzE2MA==,,,,,W1NvbGljaXRhw6fDo28gQ29uY2x1w61kYV0KTG9jYWxpemHDp8OjbzogQ2FtcG9zIGFvIE5vcm9lc3RlIGRlIEdlZmZlbgpPYmpldGl2bzogRGVycm90YXIgMTAgUGV0aXRlIChWZXJkZSkKUmVjb21wZW5zYTogRXhwIDEyODYwLCBKZXhwIDEzMTYw,,W1NvbGljaXR1ZCBjb21wbGV0YWRhXQpVYmljYWNpw7NuOiBDYW1wbyBkZWwgbm9yb2VzdGUgZGUgR2VmZmVuLgpPYmpldGl2bzogRGVycm90YSBhIDEwUGV0aXRlICh2ZXJkZXMpLgpQcmVtaW86IDEyODYwZGVFWFAgeSAxMzE2MGRlRVhQZGVjbGFzZS4=
radfAw,,W1JlcXVlc3QgZnJvbSBhIGJveSBpbiBmcm9udCBvZiB0aGUgR2VmZmVuIFdlc3QgRW50cmFuY2VdCkxvY2F0aW9uOiBHZWZmZW4gTm9ydGh3ZXN0IEZpZWxkClRhcmdldDogRGVmZWF0IDEwIFBldGl0ZSAoR3JlZW4pClJld2FyZDogRXhwIDEyODYwLCBKZXhwIDEzMTYw,,,,,W1BlZGlkbyBkZSB1bSBnYXJvdG8gZW0gZnJlbnRlIMOgIEVudHJhZGEgT2VzdGUgZGUgR2VmZmVuXQpMb2NhbGl6YcOnw6NvOiBDYW1wb3MgYW8gTm9yb2VzdGUgZGUgR2VmZmVuCk9iamV0aXZvOiBEZXJyb3RhciAxMCBQZXRpdGUgKFZlcmRlKQpSZWNvbXBlbnNhOiBFeHAgMTI4NjAsIEpleHAgMTMxNjA=,,W1NvbGljaXR1ZCBkZSB1biBuacOxbyBmcmVudGUgYSBsYSBlbnRyYWRhIG9lc3RlIGRlIEdlZmZlbl0KVWJpY2FjacOzbjogQ2FtcG8gZGVsIG5vcm9lc3RlIGRlIEdlZmZlbi4KT2JqZXRpdm86IERlcnJvdGEgYSAxMFBldGl0ZSAodmVyZGVzKS4KUHJlbWlvOiAxMjg2MGRlRVhQIHkgMTMxNjBkZUVYUGRlY2xhc2Uu
rqdfAw,,UmVxdWVzdCBmcm9tIGEgYm95IGluIGZyb250IG9mIHRoZSBHZWZmZW4gV2VzdCBFbnRyYW5jZQpeNEQ0REZGW0N1dGUgR3JvdW5kIFBldGl0ZV1eMDAwMDAwIFF1ZXN0IGFjY2VwdGVkLg==,,,,,UGVkaWRvIGRlIHVtIGdhcm90byBlbSBmcmVudGUgw6AgRW50cmFkYSBPZXN0ZSBkYSBHZWZmZW4KXjRENERGRltQZXRpdGUgVGVycmVzdHJlIEZvZmluaG9dXjAwMDAwMCBNaXNzw6NvIGFjZWl0YS4=,,U29saWNpdHVkIGRlIHVuIG5pw7FvIGZyZW50ZSBhIGxhIGVudHJhZGEgb2VzdGUgZGUgR2VmZmVuLgpeNEQ0REZGW1BldGl0ZSB0ZXJyZXN0cmUgYWRvcmFibGVdXjAwMDAwMDogbWlzacOzbiBhY2VwdGFkYS4=
r6dfAw,,W1JlcXVlc3QgQ29tcGxldGVkXQpMb2NhdGlvbjogR2VmZmVuIFVuZGVyZ3JvdW5kIDNGClRhcmdldDogRGVmZWF0IDEwIE1hcmlvbmV0dGUgYW5kIDEwIERldmlydWNoaQpSZXdhcmQ6IEV4cCAzNzUyMCwgSmV4cCA0MTc0MA==,,,,,W1NvbGljaXRhw6fDo28gQ29uY2x1w61kYV0KTG9jYWxpemHDp8OjbzogU3VidGVycsOibmVvIGRlIEdlZmZlbiAoMykKT2JqZXRpdm86IERlcnJvdGFyIDEwIE1hcmlvbmV0ZXMgZSAxMCBBZHZvZ2Fkb3MgU29tYnJpb3MKUmVjb21wZW5zYTogRXhwIDM3NTIwLCBKZXhwIDQxNzQw,,W1NvbGljaXR1ZCBjb21wbGV0YWRhXQpVYmljYWNpw7NuOiBDYXZlcm5hIHN1YnRlcnLDoW5lYSBkZSBHZWZmZW5QMy4KT2JqZXRpdm86IERlcnJvdGEgYSAxME1hcmlvbmV0YXMgeSAxMERldmlydWNoaS4KUHJlbWlvOiAzNzUyMGRlRVhQIHkgNDE3NDBkZUVYUGRlY2xhc2Uu
sKdfAw,,W1JlcXVlc3QgZnJvbSBBcHByZW50aWNlIE1hZ2VdCkxvY2F0aW9uOiBHZWZmZW4gVW5kZXJncm91bmQgM0YKVGFyZ2V0OiBEZWZlYXQgMTAgTWFyaW9uZXR0ZSBhbmQgMTAgRGV2aXJ1Y2hpClJld2FyZDogRXhwIDM3NTIwLCBKZXhwIDQxNzQw,,,,,W1NvbGljaXRhw6fDo28gZGEgTWFnYSBBcHJlbmRpel0KTG9jYWxpemHDp8OjbzogU3VidGVycsOibmVvIGRlIEdlZmZlbiAoMykKT2JqZXRpdm86IERlcnJvdGFyIDEwIE1hcmlvbmV0ZXMgZSAxMCBBZHZvZ2Fkb3MgU29tYnJpb3MKUmVjb21wZW5zYTogRXhwIDM3NTIwLCBKZXhwIDQxNzQw,,W1NvbGljaXR1ZCBkZSBhcHJlbmRpeiBkZSBNYWdvXQpVYmljYWNpw7NuOiBDYXZlcm5hIHN1YnRlcnLDoW5lYSBkZSBHZWZmZW5QMy4KT2JqZXRpdm86IERlcnJvdGEgYSAxME1hcmlvbmV0YXMgeSAxMERldmlydWNoaS4KUHJlbWlvOiAzNzUyMGRlRVhQIHkgNDE3NDBkZUVYUGRlY2xhc2Uu
sadfAw,,UmVxdWVzdCBmcm9tIEFwcHJlbnRpY2UgTWFnZQpeNEQ0REZGW01hcmlvbmV0dGUgYW5kIERldmlydWNoaSBIdW50aW5nXV4wMDAwMDAgUXVlc3QgYWNjZXB0ZWQu,,,,,UGVkaWRvIGRvIGFwcmVuZGl6IGRlIG1hZ28KXjRENERGRltDYcOnYSDDoCBNYXJpb25ldGUgZSBhbyBBZHZvZ2FkbyBTb21icmlvXV4wMDAwMDAgTWlzc8OjbyBhY2VpdGEu,,U29saWNpdHVkIGRlIGFwcmVuZGl6IGRlIE1hZ28uCl40RDRERkZbQ2FjZXLDrWEgZGUgTWFyaW9uZXRhcyB5IERldmlydWNoaV1eMDAwMDAwOiBtaXNpw7NuIGFjZXB0YWRhLg==
sqdfAw,,W1JlcXVlc3QgQ29tcGxldGVkXQpMb2NhdGlvbjogR2VmZmVuIFVuZGVyZ3JvdW5kIDNGClRhcmdldDogRGVmZWF0IDEwIE5pZ2h0bWFyZQpSZXdhcmQ6IEV4cCA0MjAwMCwgSmV4cCAzODAwMA==,,,,,W1NvbGljaXRhw6fDo28gQ29uY2x1w61kYV0KTG9jYWxpemHDp8OjbzogU3VidGVycsOibmVvIGRlIEdlZmZlbiAoMykKT2JqZXRpdm86IERlcnJvdGFyIDEwIFBlc2FkZWxvcwpSZWNvbXBlbnNhOiBFeHAgNDIwMDAsIEpleHAgMzgwMDA=,,W1NvbGljaXR1ZCBjb21wbGV0YWRhXQpVYmljYWNpw7NuOiBDYXZlcm5hIHN1YnRlcnLDoW5lYSBkZSBHZWZmZW5QMy4KT2JqZXRpdm86IERlcnJvdGEgYSAxMFBlc2FkaWxsYXMuClByZW1pbzogNDIwMDBkZUVYUCB5IDM4MDAwZGVFWFBkZWNsYXNlLg==
s6dfAw,,W1JlcXVlc3QgZnJvbSBhIHRpcmVkIG1hbiBpbiBmcm9udCBvZiB0aGUgR2VmZmVuIFVuZGVyZ3JvdW5kXQpMb2NhdGlvbjogR2VmZmVuIFVuZGVyZ3JvdW5kIDNGClRhcmdldDogRGVmZWF0IDEwIE5pZ2h0bWFyZQpSZXdhcmQ6IEV4cCA0MjAwMCwgSmV4cCAzODAwMA==,,,,,W1BlZGlkbyBkZSB1bSBob21lbSBjYW5zYWRvIGVtIGZyZW50ZSBhbyBTdWJ0ZXJyw6JuZW8gZGUgR2VmZmVuXQpMb2NhbGl6YcOnw6NvOiBTdWJ0ZXJyw6JuZW8gZGUgR2VmZmVuICgzKQpPYmpldGl2bzogRGVycm90YXIgMTAgUGVzYWRlbG9zClJlY29tcGVuc2E6IEV4cCA0MjAwMCwgSmV4cCAzODAwMA==,,W1NvbGljaXR1ZCBkZSB1biBob21icmUgY2Fuc2FkbyBmcmVudGUgYSBsYSBjYXZlcm5hIHN1YnRlcnLDoW5lYSBkZSBHZWZmZW5dClViaWNhY2nDs246IENhdmVybmEgc3VidGVycsOhbmVhIGRlIEdlZmZlblAzLgpPYmpldGl2bzogRGVycm90YSBhIDEwUGVzYWRpbGxhcy4KUHJlbWlvOiA0MjAwMGRlRVhQIHkgMzgwMDBkZUVYUGRlY2xhc2Uu
tKdfAw,,UmVxdWVzdCBmcm9tIGEgdGlyZWQgbWFuIGluIGZyb250IG9mIHRoZSBHZWZmZW4gVW5kZXJncm91bmQKXjRENERGRltSaWRpbmcgYSBOaWdodG1hcmVdXjAwMDAwMCBRdWVzdCBhY2NlcHRlZC4=,,,,,UGVkaWRvIGRlIHVtIGhvbWVtIGNhbnNhZG8gZW0gZnJlbnRlIGFvIFN1YnRlcnLDom5lbyBkZSBHZWZmZW4KXjRENERGRltEb21hbmRvIG8gUGVzYWRlbG9dXjAwMDAwMCBNaXNzw6NvIGFjZWl0YS4=,,U29saWNpdHVkIGRlIHVuIGhvbWJyZSBjYW5zYWRvIGZyZW50ZSBhIGxhIGNhdmVybmEgc3VidGVycsOhbmVhIGRlIEdlZmZlbi4KXjRENERGRltQZXNhZGlsbGEgZ2Fsb3BhbnRlXV4wMDAwMDA6IG1pc2nDs24gYWNlcHRhZGEu
tadfAw,,W1JlcXVlc3QgQ29tcGxldGVkXQpMb2NhdGlvbjogRWluYnJvY2ggRmllbGQKVGFyZ2V0OiBEZWZlYXQgMjAgTWV0YWxpbmcgYW5kIDEwIEhvbGRlbgpSZXdhcmQ6IEV4cCA0MDkyMCwgSmV4cCAzODIyMA==,,,,,W1NvbGljaXRhw6fDo28gQ29uY2x1w61kYV0KTG9jYWxpemHDp8OjbzogQ2FtcG9zIGRlIEVpbmJyb2NoCk9iamV0aXZvOiBEZXJyb3RhciAyMCBNZXRhbGluZyBlIDEwIEhvbGRlbgpSZWNvbXBlbnNhOiBFeHAgNDA5MjAsIEpleHAgMzgyMjA=,,W1NvbGljaXR1ZCBjb21wbGV0YWRhXQpVYmljYWNpw7NuOiBDYW1wbyBkZSBFaW5icm9jaC4KT2JqZXRpdm86IERlcnJvdGEgYSAyME1ldGFsaW5nIHkgMTBIb2xkZW4uClByZW1pbzogNDA5MjBkZUVYUCB5IDM4MjIwZGVFWFBkZWNsYXNlLg==
tqdfAw,,W1JlcXVlc3QgZnJvbSBGcmllZHJpY2ggaW4gS2llbCBIeXJlIEFjYWRlbXldCkxvY2F0aW9uOiBFaW5icm9jaCBGaWVsZApUYXJnZXQ6IERlZmVhdCAyMCBNZXRhbGluZyBhbmQgMTAgSG9sZGVuClJld2FyZDogRXhwIDQwOTIwLCBKZXhwIDM4MjIw,,,,,W1NvbGljaXRhw6fDo28gZGUgRnJpZWRyaWNoIG5hIEFjYWRlbWlhIEtpZWwgSHlyZV0KTG9jYWxpemHDp8OjbzogQ2FtcG9zIGRlIEVpbmJyb2NoCk9iamV0aXZvOiBEZXJyb3RhciAyMCBNZXRhbGluZyBlIDEwIEhvbGRlbgpSZWNvbXBlbnNhOiBFeHAgNDA5MjAsIEpleHAgMzgyMjA=,,W1NvbGljaXR1ZCBkZSBGcmllZHJpY2ggZW4gbGEgQWNhZGVtaWEgS2llbCBIeXJlXQpVYmljYWNpw7NuOiBDYW1wbyBkZSBFaW5icm9jaC4KT2JqZXRpdm86IERlcnJvdGEgYSAyME1ldGFsaW5nIHkgMTBIb2xkZW4uClByZW1pbzogNDA5MjBkZUVYUCB5IDM4MjIwZGVFWFBkZWNsYXNlLg==
t6dfAw,,UmVxdWVzdCBmcm9tIEZyaWVkcmljaCBpbiBLaWVsIEh5cmUgQWNhZGVteQpeNEQ0REZGW0NsZWFuIHVwIHRoZSBzdXJyb3VuZGluZ3MsIHBsZWFzZS5dXjAwMDAwMCBRdWVzdCBhY2NlcHRlZC4=,,,,,UGVkaWRvIGRlIEZyaWVkcmljaCBuYSBBY2FkZW1pYSBLaWVsIEh5cmUKXjRENERGRltMaW1wZSBvcyBhcnJlZG9yZXMsIHBvciBmYXZvcl1eMDAwMDAwIE1pc3PDo28gYWNlaXRhLg==,,U29saWNpdHVkIGRlIEZyaWVkcmljaCBlbiBsYSBBY2FkZW1pYSBLaWVsIEh5cmUuCl40RDRERkZbTGltcGlhIGxvcyBhbHJlZGVkb3JlcywgcG9yIGZhdm9yXV4wMDAwMDA6IG1pc2nDs24gYWNlcHRhZGEu
uKdfAw,,W1JlcXVlc3QgQ29tcGxldGVkXQpMb2NhdGlvbjogRWluYnJvY2ggRmllbGQKVGFyZ2V0OiBEZWZlYXQgMjAgVmVub21vdXMKUmV3YXJkOiBFeHAgMzgyMDAsIEpleHAgMzM0NDA=,,,,,W1NvbGljaXRhw6fDo28gQ29uY2x1w61kYV0KTG9jYWxpemHDp8OjbzogQ2FtcG9zIGRlIEVpbmJyb2NoCk9iamV0aXZvOiBEZXJyb3RhciAyMCBOdXZlbnMgVmVuZW5vc2FzClJlY29tcGVuc2E6IEV4cCAzODIwMCwgSmV4cCAzMzQ0MA==,,W1NvbGljaXR1ZCBjb21wbGV0YWRhXQpVYmljYWNpw7NuOiBDYW1wbyBkZSBFaW5icm9jaC4KT2JqZXRpdm86IERlcnJvdGEgYSAyMFZlbmVub3Nvcy4KUHJlbWlvOiAzODIwMGRlRVhQIHkgMzM0NDBkZUVYUGRlY2xhc2Uu
uadfAw,,W1JlcXVlc3QgZnJvbSBFaW5icm9jaCBHdWFyZCBBaXplbl0KTG9jYXRpb246IEVpbmJyb2NoIEZpZWxkClRhcmdldDogRGVmZWF0IDIwIFZlbm9tb3VzClJld2FyZDogRXhwIDM4MjAwLCBKZXhwIDMzNDQw,,,,,W1NvbGljaXRhw6fDo28gZGUgQWl6ZW4gZGEgR3VhcmRhIEVpbmJyb2NoXQpMb2NhbGl6YcOnw6NvOiBDYW1wb3MgZGUgRWluYnJvY2gKT2JqZXRpdm86IERlcnJvdGFyIDIwIE51dmVucyBWZW5lbm9zYXMKUmVjb21wZW5zYTogRXhwIDM4MjAwLCBKZXhwIDMzNDQw,,W1NvbGljaXR1ZCBkZWwgZ3VhcmRpYSBBaXplbiBlbiBFaW5icm9jaF0KVWJpY2FjacOzbjogQ2FtcG8gZGUgRWluYnJvY2guCk9iamV0aXZvOiBEZXJyb3RhIGEgMjBWZW5lbm9zb3MuClByZW1pbzogMzgyMDBkZUVYUCB5IDMzNDQwZGVFWFBkZWNsYXNlLg==
uqdfAw,,UmVxdWVzdCBmcm9tIEVpbmJyb2NoIEd1YXJkIEFpemVuCl40RDRERkZbRmxvYXRpbmcgVG94aWMgR2FzIDFdXjAwMDAwMCBRdWVzdCBhY2NlcHRlZC4=,,,,,UGVkaWRvIGRlIEFpemVuIGRhIEd1YXJkYSBFaW5icm9jaApeNEQ0REZGW0fDoXMgVMOzeGljbyBGbHV0dWFudGUgMV1eMDAwMDAwIE1pc3PDo28gYWNlaXRhLg==,,U29saWNpdHVkIGRlbCBndWFyZGlhIEFpemVuIGVuIEVpbmJyb2NoLgpeNEQ0REZGW0dhcyB0w7N4aWNvIGZsb3RhbnRlSV1eMDAwMDAwOiBtaXNpw7NuIGFjZXB0YWRhLg==
u6dfAw,,W1JlcXVlc3QgQ29tcGxldGVkXQpMb2NhdGlvbjogTm9ydGhlYXN0IEVpbmJyb2NoClRhcmdldDogRGVmZWF0IDIwIE5veGlvdXMKUmV3YXJkOiBFeHAgMzkyMDAsIEpleHAgMzU2ODA=,,,,,W1NvbGljaXRhw6fDo28gQ29uY2x1w61kYV0KTG9jYWxpemHDp8OjbzogTm9yZGVzdGUgZGUgRWluYnJvY2gKT2JqZXRpdm86IERlcnJvdGFyIDIwIE51dmVucyBUw7N4aWNhcwpSZWNvbXBlbnNhOiBFeHAgMzkyMDAsIEpleHAgMzU2ODA=,,W1NvbGljaXR1ZCBjb21wbGV0YWRhXQpVYmljYWNpw7NuOiBOb3Jlc3RlIGRlIEVpbmJyb2NoLgpPYmpldGl2bzogRGVycm90YSBhIDIwTm9jaXZvcy4KUHJlbWlvOiAzOTIwMGRlRVhQIHkgMzU2ODBkZUVYUGRlY2xhc2Uu
vKdfAw,,W1JlcXVlc3QgZnJvbSBFaW5icm9jaCBHdWFyZCBBaXplbl0KTG9jYXRpb246IE5vcnRoZWFzdCBFaW5icm9jaApUYXJnZXQ6IERlZmVhdCAyMCBOb3hpb3VzClJld2FyZDogRXhwIDM5MjAwLCBKZXhwIDM1Njgw,,,,,W1NvbGljaXRhw6fDo28gZGUgQWl6ZW4gZGEgR3VhcmRhIEVpbmJyb2NoXQpMb2NhbGl6YcOnw6NvOiBOb3JkZXN0ZSBkZSBFaW5icm9jaApPYmpldGl2bzogRGVycm90YXIgMjAgTnV2ZW5zIFTDs3hpY2FzClJlY29tcGVuc2E6IEV4cCAzOTIwMCwgSmV4cCAzNTY4MA==,,W1NvbGljaXR1ZCBkZWwgZ3VhcmRpYSBBaXplbiBlbiBFaW5icm9jaF0KVWJpY2FjacOzbjogTm9yZXN0ZSBkZSBFaW5icm9jaC4KT2JqZXRpdm86IERlcnJvdGEgYSAyME5vY2l2b3MuClByZW1pbzogMzkyMDBkZUVYUCB5IDM1NjgwZGVFWFBkZWNsYXNlLg==
vadfAw,,UmVxdWVzdCBmcm9tIEVpbmJyb2NoIEd1YXJkIEFpemVuCl40RDRERkZbRmxvYXRpbmcgVG94aWMgR2FzIDJdXjAwMDAwMCBRdWVzdCBhY2NlcHRlZC4=,,,,,UGVkaWRvIGRlIEFpemVuIGRhIEd1YXJkYSBkZSBFaW5icm9jaApeNEQ0REZGW0fDoXMgVMOzeGljbyBGbHV0dWFudGUgMl1eMDAwMDAwIE1pc3PDo28gYWNlaXRhLg==,,U29saWNpdHVkIGRlbCBndWFyZGlhIEFpemVuIGVuIEVpbmJyb2NoLgpeNEQ0REZGW0dhcyB0w7N4aWNvIGZsb3RhbnRlSUldXjAwMDAwMDogbWlzacOzbiBhY2VwdGFkYS4=
vqdfAw,,W1JlcXVlc3QgQ29tcGxldGVkXQpMb2NhdGlvbjogRWluYnJvY2ggRmllbGQKVGFyZ2V0OiBEZWZlYXQgMTUgVGVkZHkgQmVhcgpSZXdhcmQ6IEV4cCA0ODYwMCwgSmV4cCA1MTQyMA==,,,,,W1NvbGljaXRhw6fDo28gQ29uY2x1w61kYV0KTG9jYWxpemHDp8OjbzogQ2FtcG9zIGRlIEVpbmJyb2NoCk9iamV0aXZvOiBEZXJyb3RhciAxNSBVcnNpbmhvcwpSZWNvbXBlbnNhOiBFeHAgNDg2MDAsIEpleHAgNTE0MjA=,,W1NvbGljaXR1ZCBjb21wbGV0YWRhXQpVYmljYWNpw7NuOiBDYW1wbyBkZSBFaW5icm9jaC4KT2JqZXRpdm86IERlcnJvdGEgYSAxNU9zaXRvcyBkZSBwZWx1Y2hlLgpQcmVtaW86IDQ4NjAwZGVFWFAgeSA1MTQyMGRlRVhQZGVjbGFzZS4=
v6dfAw,,W1JlcXVlc3QgZnJvbSBFaW5icm9jaCBHdWFyZCBBaXplbl0KTG9jYXRpb246IEVpbmJyb2NoIEZpZWxkClRhcmdldDogRGVmZWF0IDE1IFRlZGR5IEJlYXIKUmV3YXJkOiBFeHAgNDg2MDAsIEpleHAgNTE0MjA=,,,,,W1NvbGljaXRhw6fDo28gZGUgQWl6ZW4gZGEgR3VhcmRhIEVpbmJyb2NoXQpMb2NhbGl6YcOnw6NvOiBDYW1wb3MgZGUgRWluYnJvY2gKT2JqZXRpdm86IERlcnJvdGFyIDE1IFVyc2luaG9zClJlY29tcGVuc2E6IEV4cCA0ODYwMCwgSmV4cCA1MTQyMA==,,W1NvbGljaXR1ZCBkZWwgZ3VhcmRpYSBBaXplbiBlbiBFaW5icm9jaF0KVWJpY2FjacOzbjogQ2FtcG8gZGUgRWluYnJvY2guCk9iamV0aXZvOiBEZXJyb3RhIGEgMTVPc2l0b3MgZGUgcGVsdWNoZS4KUHJlbWlvOiA0ODYwMGRlRVhQIHkgNTE0MjBkZUVYUGRlY2xhc2Uu
wKdfAw,,UmVxdWVzdCBmcm9tIEVpbmJyb2NoIEd1YXJkIEFpemVuCl40RDRERkZbQ3V0ZSBhbmQgVGVycmlibGVdXjAwMDAwMCBRdWVzdCBhY2NlcHRlZC4=,,,,,UGVkaWRvIGRlIEFpemVuIGRhIEd1YXJkYSBkZSBFaW5icm9jaApeNEQ0REZGW0ZvZm8gZSBUZXJyw612ZWxdXjAwMDAwMCBNaXNzw6NvIGFjZWl0YS4=,,U29saWNpdHVkIGRlbCBndWFyZGlhIEFpemVuIGVuIEVpbmJyb2NoLgpeNEQ0REZGW0Fkb3JhYmxlIHkgdGVycmlibGVdXjAwMDAwMDogbWlzacOzbiBhY2VwdGFkYS4=
wadfAw,,W1JlcXVlc3QgQ29tcGxldGVkXQpMb2NhdGlvbjogRWluYmVjaCBNaW5lIER1bmdlb24gMUYKVGFyZ2V0OiBEZWZlYXQgMjAgUGl0bWFuClJld2FyZDogRXhwIDc3NTAwLCBKZXhwIDY5Nzgw,,,,,W1NvbGljaXRhw6fDo28gQ29uY2x1w61kYV0KTG9jYWxpemHDp8OjbzogQ2FsYWJvdcOnbyBkYSBNaW5hIEVpbmJlY2ggKDEpCk9iamV0aXZvOiBEZXJyb3RhciAyMCBNaW7DqXJpb3MKUmVjb21wZW5zYTogRXhwIDc3NTAwLCBKZXhwIDY5Nzgw,,W1NvbGljaXR1ZCBjb21wbGV0YWRhXQpVYmljYWNpw7NuOiBNYXptb3JyYSBkZSBsYSBtaW5hIGRlIEVpbmJlY2hQMS4KT2JqZXRpdm86IERlcnJvdGEgYSAyME1pbmVyb3MuClByZW1pbzogNzc1MDBkZUVYUCB5IDY5NzgwZGVFWFBkZWNsYXNlLg==
wqdfAw,,W1JlcXVlc3QgZnJvbSBFaW5iZWNoIEd1YXJkIEF0aW5dCkxvY2F0aW9uOiBFaW5iZWNoIE1pbmUgRHVuZ2VvbiAxRgpUYXJnZXQ6IERlZmVhdCAyMCBQaXRtYW4KUmV3YXJkOiBFeHAgNzc1MDAsIEpleHAgNjk3ODA=,,,,,W1BlZGlkbyBkbyBHdWFyZGEgZGUgRWluYmVjaCwgQXRpbl0KTG9jYWxpemHDp8OjbzogQ2FsYWJvdcOnbyBkYSBNaW5hIEVpbmJlY2ggKDEpCk9iamV0aXZvOiBEZXJyb3RhciAyMCBNaW7DqXJpb3MKUmVjb21wZW5zYTogRXhwIDc3NTAwLCBKZXhwIDY5Nzgw,,W1NvbGljaXR1ZCBkZWwgZ3VhcmRpYSBBdGluIGVuIEVpbmJlY2hdClViaWNhY2nDs246IE1hem1vcnJhIGRlIGxhIG1pbmEgZGUgRWluYmVjaFAxLgpPYmpldGl2bzogRGVycm90YSBhIDIwTWluZXJvcy4KUHJlbWlvOiA3NzUwMGRlRVhQIHkgNjk3ODBkZUVYUGRlY2xhc2Uu
w6dfAw,,UmVxdWVzdCBmcm9tIEVpbmJlY2ggR3VhcmQgQXRpbgpeNEQ0REZGW1NoYWRvdyBNaW5lcl1eMDAwMDAwIFF1ZXN0IGFjY2VwdGVkLg==,,,,,UGVkaWRvIGRvIEd1YXJkYSBkZSBFaW5iZWNoLCBBdGluCl40RDRERkZbTWluZXJhZG9yIFNvbWJyaW9dXjAwMDAwMCBNaXNzw6NvIGFjZWl0YS4=,,U29saWNpdHVkIGRlbCBndWFyZGlhIEF0aW4gZW4gRWluYmVjaC4KXjRENERGRltNaW5lcm8gc29tYnLDrW9dXjAwMDAwMDogbWlzacOzbiBhY2VwdGFkYS4=
xKdfAw,,W1JlcXVlc3QgQ29tcGxldGVkXQpMb2NhdGlvbjogRWluYmVjaCBNaW5lIER1bmdlb24gMkYKVGFyZ2V0OiBEZWZlYXQgMTUgT2xkIFN0b3ZlClJld2FyZDogRXhwIDcyMDQwLCBKZXhwIDcxMDg0,,,,,W1NvbGljaXRhw6fDo28gQ29uY2x1w61kYV0KTG9jYWxpemHDp8OjbzogQ2FsYWJvdcOnbyBkYSBNaW5hIGRlIEVpbmJlY2ggKDIpCk9iamV0aXZvOiBEZXJyb3RhciAxNSBGb3JuYWxoYXMgVmVsaGFzClJlY29tcGVuc2E6IEV4cCA3MjA0MCwgSmV4cCA3MTA4NA==,,W1NvbGljaXR1ZCBjb21wbGV0YWRhXQpVYmljYWNpw7NuOiBNYXptb3JyYSBkZSBsYSBtaW5hIGRlIEVpbmJlY2hQMi4KT2JqZXRpdm86IERlcnJvdGEgYSAxNUVzdHVmYXMgYW50aWd1YXMuClByZW1pbzogNzIwNDBkZUVYUCB5IDcxMDg0ZGVFWFBkZWNsYXNlLg==
xadfAw,,W1JlcXVlc3QgZnJvbSBFaW5iZWNoIEd1YXJkIEF0aW5dCkxvY2F0aW9uOiBFaW5iZWNoIE1pbmUgRHVuZ2VvbiAyRgpUYXJnZXQ6IERlZmVhdCAxNSBPbGQgU3RvdmUKUmV3YXJkOiBFeHAgNzIwNDAsIEpleHAgNzEwODQ=,,,,,W1BlZGlkbyBkbyBHdWFyZGEgZGUgRWluYmVjaCwgQXRpbl0KTG9jYWxpemHDp8OjbzogQ2FsYWJvdcOnbyBkYSBNaW5hIGRlIEVpbmJlY2ggKDIpCk9iamV0aXZvOiBEZXJyb3RhciAxNSBGb3JuYWxoYXMgVmVsaGFzClJlY29tcGVuc2E6IEV4cCA3MjA0MCwgSmV4cCA3MTA4NA==,,W1NvbGljaXR1ZCBkZWwgZ3VhcmRpYSBBdGluIGVuIEVpbmJlY2hdClViaWNhY2nDs246IE1hem1vcnJhIGRlIGxhIG1pbmEgZGUgRWluYmVjaFAyLgpPYmpldGl2bzogRGVycm90YSBhIDE1RXN0dWZhcyBhbnRpZ3Vhcy4KUHJlbWlvOiA3MjA0MGRlRVhQIHkgNzEwODRkZUVYUGRlY2xhc2Uu
xqdfAw,,UmVxdWVzdCBmcm9tIEVpbmJlY2ggR3VhcmQgQXRpbgpeNEQ0REZGW1doeSBpcyBpdCBtb3ZpbmcgbGlrZSB0aGF0IV1eMDAwMDAwIFF1ZXN0IGFjY2VwdGVkLg==,,,,,UGVkaWRvIGRvIEd1YXJkYSBkZSBFaW5iZWNoLCBBdGluCl40RDRERkZbUG9yIHF1ZSBlc3TDoSBzZSBtb3ZlbmRvIGFzc2ltP11eMDAwMDAwIE1pc3PDo28gYWNlaXRhLg==,,U29saWNpdHVkIGRlbCBndWFyZGlhIEF0aW4gZW4gRWluYmVjaC4KXjRENERGRlvCv1BvciBxdcOpIHNlIG11ZXZlIGFzw60/XV4wMDAwMDA6IG1pc2nDs24gYWNlcHRhZGEu
x6dfAw,,W1JlcXVlc3QgQ29tcGxldGVkXQpMb2NhdGlvbjogRWluYmVjaCBNaW5lIER1bmdlb24gMkYKVGFyZ2V0OiBEZWZlYXQgMTUgTWluZXJhbCBhbmQgNSBPYnNpZGlhbgpSZXdhcmQ6IEV4cCA3MjUzMCwgSmV4cCA4OTI5MA==,,,,,W1NvbGljaXRhw6fDo28gQ29uY2x1w61kYV0KTG9jYWxpemHDp8OjbzogQ2FsYWJvdcOnbyBkYSBNaW5hIGRlIEVpbmJlY2ggKDIpCk9iamV0aXZvOiBEZXJyb3RhciAxNSBNaW5lcmFpcyBlIDUgT2JzaWRpYW5hcwpSZWNvbXBlbnNhOiBFeHAgNzI1MzAsIEpleHAgODkyOTA=,,W1NvbGljaXR1ZCBjb21wbGV0YWRhXQpVYmljYWNpw7NuOiBNYXptb3JyYSBkZSBsYSBtaW5hIGRlIEVpbmJlY2hQMi4KT2JqZXRpdm86IERlcnJvdGEgYSAxNU1pbmVyYWxlcyB5IDVPYnNpZGlhbmFzLgpQcmVtaW86IDcyNTMwZGVFWFAgeSA4OTI5MGRlRVhQZGVjbGFzZS4=
yKdfAw,,W1JlcXVlc3QgZnJvbSBFaW5iZWNoIEd1YXJkIEF0aW5dCkxvY2F0aW9uOiBFaW5iZWNoIE1pbmUgRHVuZ2VvbiAyRgpUYXJnZXQ6IERlZmVhdCAxNSBNaW5lcmFsIGFuZCA1IE9ic2lkaWFuClJld2FyZDogRXhwIDcyNTMwLCBKZXhwIDg5Mjkw,,,,,W1BlZGlkbyBkbyBHdWFyZGEgZGUgRWluYmVjaCwgQXRpbl0KTG9jYWxpemHDp8OjbzogQ2FsYWJvdcOnbyBkYSBNaW5hIGRlIEVpbmJlY2ggKDIpCk9iamV0aXZvOiBEZXJyb3RhciAxNSBNaW5lcmFpcyBlIDUgT2JzaWRpYW5hcwpSZWNvbXBlbnNhOiBFeHAgNzI1MzAsIEpleHAgODkyOTA=,,W1NvbGljaXR1ZCBkZWwgZ3VhcmRpYSBBdGluIGVuIEVpbmJlY2hdClViaWNhY2nDs246IE1hem1vcnJhIGRlIGxhIG1pbmEgZGUgRWluYmVjaFAyLgpPYmpldGl2bzogRGVycm90YSBhIDE1TWluZXJhbGVzIHkgNU9ic2lkaWFuYXMuClByZW1pbzogNzI1MzBkZUVYUCB5IDg5MjkwZGVFWFBkZWNsYXNlLg==
yadfAw,,UmVxdWVzdCBmcm9tIEVpbmJlY2ggR3VhcmQgQXRpbgpeNEQ0REZGW0p1bXBpbmcgTWluZXJhbHNdXjAwMDAwMCBRdWVzdCBhY2NlcHRlZC4=,,,,,UGVkaWRvIGRvIEd1YXJkYSBkZSBFaW5iZWNoLCBBdGluCl40RDRERkZbTWluZXJhaXMgU2FsdGl0YW50ZXNdXjAwMDAwMCBNaXNzw6NvIGFjZWl0YS4=,,U29saWNpdHVkIGRlbCBndWFyZGlhIEF0aW4gZW4gRWluYmVjaC4KXjRENERGRltNaW5lcmFsZXMgc2FsdGFyaW5lc11eMDAwMDAwOiBtaXNpw7NuIGFjZXB0YWRhLg==
yqdfAw,,W1JlcXVlc3QgQ29tcGxldGVkXQpMb2NhdGlvbjogTGlnaHRoYWx6ZW4gRmllbGQKVGFyZ2V0OiBEZWZlYXQgMjAgUmFmZmxlc2lhClJld2FyZDogRXhwIDUxNDQwLCBKZXhwIDUyNjQw,,,,,W1NvbGljaXRhw6fDo28gQ29uY2x1w61kYV0KTG9jYWxpemHDp8OjbzogQ2FtcG9zIGRlIExpZ2h0aGFsemVuCk9iamV0aXZvOiBEZXJyb3RhciAyMCBSYWZmbGVzaWEKUmVjb21wZW5zYTogRXhwIDUxNDQwLCBKZXhwIDUyNjQw,,W1NvbGljaXR1ZCBjb21wbGV0YWRhXQpVYmljYWNpw7NuOiBDYW1wbyBkZSBMaWdodGhhbHplbi4KT2JqZXRpdm86IERlcnJvdGEgYSAyMFJhZmZsZXNpYS4KUHJlbWlvOiA1MTQ0MGRlRVhQIHkgNTI2NDBkZUVYUGRlY2xhc2Uu
y6dfAw,,W0xpZ2h0aGFsemVuIFRoZW9kb3JlJ3MgUmVxdWVzdF0KTG9jYXRpb246IExpZ2h0aGFsemVuIEZpZWxkClRhcmdldDogRGVmZWF0IDIwIFJhZmZsZXNpYQpSZXdhcmQ6IEV4cCA1MTQ0MCwgSmV4cCA1MjY0MA==,,,,,W1BlZGlkbyBkZSBUaGVvZG9yZSBkZSBMaWdodGhhbHplbl0KTG9jYWxpemHDp8OjbzogQ2FtcG9zIGRlIExpZ2h0aGFsemVuCk9iamV0aXZvOiBEZXJyb3RhciAyMCBSYWZmbGVzaWEKUmVjb21wZW5zYTogRXhwIDUxNDQwLCBKZXhwIDUyNjQw,,W1NvbGljaXR1ZCBkZSBUaGVvZG9yZSBlbiBMaWdodGhhbHplbl0KVWJpY2FjacOzbjogQ2FtcG8gZGUgTGlnaHRoYWx6ZW4uCk9iamV0aXZvOiBEZXJyb3RhIGEgMjBSYWZmbGVzaWEuClByZW1pbzogNTE0NDBkZUVYUCB5IDUyNjQwZGVFWFBkZWNsYXNlLg==
zKdfAw,,TGlnaHRoYWx6ZW4gVGhlb2RvcmUncyBSZXF1ZXN0Cl40RDRERkZbV2h5IGlzIHRoZXJlIHN1Y2ggYSBiaWcgcG9vbCFdXjAwMDAwMCBRdWVzdCBhY2NlcHRlZC4=,,,,,UGVkaWRvIGRlIFRoZW9kb3JlIGRlIExpZ2h0aGFsemVuCl40RDRERkZbUG9yIHF1ZSB0ZW0gdW1hIHBpc2NpbmEgdMOjbyBncmFuZGU/XV4wMDAwMDAgTWlzc8OjbyBhY2VpdGEu,,U29saWNpdHVkIGRlIFRoZW9kb3JlIGVuIExpZ2h0aGFsemVuLgpeNEQ0REZGW8K/Q3XDoW5kbyBwb2RlbW9zIG1ldGVybm9zIGEgbGEgcGlzY2luYT9dXjAwMDAwMDogbWlzacOzbiBhY2VwdGFkYS4=
zadfAw,,W1JlcXVlc3QgQ29tcGxldGVkXQpMb2NhdGlvbjogTGlnaHRoYWx6ZW4gRmllbGQKVGFyZ2V0OiBEZWZlYXQgMjAgU3RlbSBXb3JtClJld2FyZDogRXhwIDQ5ODkwLCBKZXhwIDUzNDE2,,,,,W1NvbGljaXRhw6fDo28gQ29uY2x1w61kYV0KTG9jYWxpemHDp8OjbzogQ2FtcG9zIGRlIExpZ2h0aGFsemVuCk9iamV0aXZvOiBEZXJyb3RhciAyMCBUYWxvcyBkZSBWZXJtZQpSZWNvbXBlbnNhOiBFeHAgNDk4OTAsIEpleHAgNTM0MTY=,,W1NvbGljaXR1ZCBjb21wbGV0YWRhXQpVYmljYWNpw7NuOiBDYW1wbyBkZSBMaWdodGhhbHplbi4KT2JqZXRpdm86IERlcnJvdGEgYSAyMEd1c2Fub3MgZGUgdGFsbG8uClByZW1pbzogNDk4OTBkZUVYUCB5IDUzNDE2ZGVFWFBkZWNsYXNlLg==
zqdfAw,,W0xpZ2h0aGFsemVuIFRoZW9kb3JlJ3MgUmVxdWVzdF0KTG9jYXRpb246IExpZ2h0aGFsemVuIEZpZWxkClRhcmdldDogRGVmZWF0IDIwIFN0ZW0gV29ybQpSZXdhcmQ6IEV4cCA0OTg5MCwgSmV4cCA1MzQxNg==,,,,,W1BlZGlkbyBkZSBUaGVvZG9yZSBkZSBMaWdodGhhbHplbl0KTG9jYWxpemHDp8OjbzogQ2FtcG9zIGRlIExpZ2h0aGFsemVuCk9iamV0aXZvOiBEZXJyb3RhciAyMCBUYWxvcyBkZSBWZXJtZQpSZWNvbXBlbnNhOiBFeHAgNDk4OTAsIEpleHAgNTM0MTY=,,W1NvbGljaXR1ZCBkZSBUaGVvZG9yZSBlbiBMaWdodGhhbHplbl0KVWJpY2FjacOzbjogQ2FtcG8gZGUgTGlnaHRoYWx6ZW4uCk9iamV0aXZvOiBEZXJyb3RhIGEgMjBHdXNhbm9zIGRlIHRhbGxvLgpQcmVtaW86IDQ5ODkwZGVFWFAgeSA1MzQxNmRlRVhQZGVjbGFzZS4=
z6dfAw,,TGlnaHRoYWx6ZW4gVGhlb2RvcmUncyBSZXF1ZXN0Cl40RDRERkZbQW5rbGUgU25hcHBpbmddXjAwMDAwMCBRdWVzdCBhY2NlcHRlZC4=,,,,,UGVkaWRvIGRlIFRoZW9kb3JlIGRlIExpZ2h0aGFsemVuCl40RDRERkZbVG9ybm96ZWxvIEVzdGFsYW50ZV1eMDAwMDAwIE1pc3PDo28gYWNlaXRhLg==,,U29saWNpdHVkIGRlIFRoZW9kb3JlIGVuIExpZ2h0aGFsemVuLgpeNEQ0REZGW0dvbHBlIGRlIHRvYmlsbG9dXjAwMDAwMDogbWlzacOzbiBhY2VwdGFkYS4=
0KdfAw,,W1JlcXVlc3QgQ29tcGxldGVkXQpMb2NhdGlvbjogTm9ydGhlYXN0IG9mIExpZ2h0aGFsemVuLCBHcmltIFJlYXBlcidzIFZhbGxleQpUYXJnZXQ6IERlZmVhdCAyMCBCcmVlemUKUmV3YXJkOiBFeHAgODQzOTIsIEpleHAgNzkwMjQ=,,,,,W1NvbGljaXRhw6fDo28gQ29uY2x1w61kYV0KTG9jYWxpemHDp8OjbzogTm9yZGVzdGUgZGUgTGlnaHRoYWx6ZW4sIFZhbGUgZG8gQ2VpZmFkb3IKT2JqZXRpdm86IERlcnJvdGFyIDIwIEJyZWV6ZQpSZWNvbXBlbnNhOiBFeHAgODQzOTIsIEpleHAgNzkwMjQ=,,W1NvbGljaXR1ZCBjb21wbGV0YWRhXQpVYmljYWNpw7NuOiBOb3Jlc3RlIGRlIExpZ2h0aGFsemVuLCBWYWxsZSBkZSBsYSBQYXJjYS4KT2JqZXRpdm86IERlcnJvdGEgYSAyMEJyaXNhcy4KUHJlbWlvOiA4NDM5MmRlRVhQIHkgNzkwMjRkZUVYUGRlY2xhc2Uu
0adfAw,,W0xpZ2h0aGFsemVuIFJlbm8ncyBSZXF1ZXN0XQpMb2NhdGlvbjogTm9ydGhlYXN0IG9mIExpZ2h0aGFsemVuLCBHcmltIFJlYXBlcidzIFZhbGxleQpUYXJnZXQ6IERlZmVhdCAyMCBCcmVlemUKUmV3YXJkOiBFeHAgODQzOTIsIEpleHAgNzkwMjQ=,,,,,W1NvbGljaXRhw6fDo28gZGUgUmVubyBkZSBMaWdodGhhbHplbl0KTG9jYWxpemHDp8OjbzogTm9yZGVzdGUgZGUgTGlnaHRoYWx6ZW4sIFZhbGUgZG8gQ2VpZmFkb3IKT2JqZXRpdm86IERlcnJvdGFyIDIwIEJyZWV6ZQpSZWNvbXBlbnNhOiBFeHAgODQzOTIsIEpleHAgNzkwMjQ=,,W1NvbGljaXR1ZCBkZSBSZW5vIGVuIExpZ2h0aGFsemVuXQpVYmljYWNpw7NuOiBOb3Jlc3RlIGRlIExpZ2h0aGFsemVuLCBWYWxsZSBkZSBsYSBQYXJjYS4KT2JqZXRpdm86IERlcnJvdGEgYSAyMEJyaXNhcy4KUHJlbWlvOiA4NDM5MmRlRVhQIHkgNzkwMjRkZUVYUGRlY2xhc2Uu
0qdfAw,,TGlnaHRoYWx6ZW4gUmVubydzIFJlcXVlc3QKXjRENERGRltWYWxsZXkgb2YgdGhlIEZvdXIgR29kc11eMDAwMDAwIFF1ZXN0IGFjY2VwdGVkLg==,,,,,U29saWNpdGHDp8OjbyBkZSBSZW5vIGRlIExpZ2h0aGFsemVuCl40RDRERkZbVmFsZSBkb3MgUXVhdHJvIERldXNlc11eMDAwMDAwIE1pc3PDo28gYWNlaXRhLg==,,U29saWNpdHVkIGRlIFJlbm8gZW4gTGlnaHRoYWx6ZW4uCl40RDRERkZbVmFsbGUgZGUgbG9zIEN1YXRybyBEaW9zZXNdXjAwMDAwMDogbWlzacOzbiBhY2VwdGFkYS4=
06dfAw,,W1JlcXVlc3QgQ29tcGxldGVkXQpMb2NhdGlvbjogVHVydGxlIElzbGFuZCBEdW5nZW9uClRhcmdldDogRGVmZWF0IDEwIERyYWdvbiBUYWlsIGFuZCAxMCBTcHJpbmcgUmFiYml0ClJld2FyZDogRXhwIDc2MDAwLCBKZXhwIDcyMDAw,,,,,W1NvbGljaXRhw6fDo28gQ29uY2x1w61kYV0KTG9jYWxpemHDp8OjbzogQ2FsYWJvdcOnbyBkYSBJbGhhIGRhIFRhcnRhcnVnYQpPYmpldGl2bzogRGVycm90YXIgMTAgQ2F1ZGFzIGRlIERyYWfDo28gZSAxMCBDb2VsaG9zClJlY29tcGVuc2E6IEV4cCA3NjAwMCwgSmV4cCA3MjAwMA==,,W1NvbGljaXR1ZCBjb21wbGV0YWRhXQpVYmljYWNpw7NuOiBNYXptb3JyYSBkZSBsYSBJc2xhIFRvcnR1Z2EuCk9iamV0aXZvOiBEZXJyb3RhIGEgMTBDb2xhcyBkZSBkcmFnw7NuIHkgMTBDb25lam9zIGRlIHByaW1hdmVyYS4KUHJlbWlvOiA3NjAwMGRlRVhQIHkgNzIwMDBkZUVYUGRlY2xhc2Uu
1KdfAw,,W0FsYmVydGEgRG9jayBLbmlnaHQgVHliYWx0J3MgUmVxdWVzdF0KTG9jYXRpb246IFR1cnRsZSBJc2xhbmQgRHVuZ2VvbgpUYXJnZXQ6IERlZmVhdCAxMCBEcmFnb24gVGFpbCBhbmQgMTAgU3ByaW5nIFJhYmJpdApSZXdhcmQ6IEV4cCA3NjAwMCwgSmV4cCA3MjAwMA==,,,,,W1BlZGlkbyBkZSBUeWJhbHQsIENhdmFsZWlybyBkYSBEb2NhIEFsYmVydGFdCkxvY2FsaXphw6fDo286IENhbGFib3XDp28gZGEgSWxoYSBkYSBUYXJ0YXJ1Z2EKT2JqZXRpdm86IERlcnJvdGFyIDEwIENhdWRhcyBkZSBEcmFnw6NvIGUgMTAgQ29lbGhvcwpSZWNvbXBlbnNhOiBFeHAgNzYwMDAsIEpleHAgNzIwMDA=,,W1NvbGljaXR1ZCBkZSBUeWJhbHQsIGVsIGNhYmFsbGVybyBlbiBlbCBtdWVsbGUgZGUgQWxiZXJ0YV0KVWJpY2FjacOzbjogTWF6bW9ycmEgZGUgbGEgSXNsYSBUb3J0dWdhLgpPYmpldGl2bzogRGVycm90YSBhIDEwQ29sYXMgZGUgZHJhZ8OzbiB5IDEwQ29uZWpvcyBkZSBwcmltYXZlcmEuClByZW1pbzogNzYwMDBkZUVYUCB5IDcyMDAwZGVFWFBkZWNsYXNlLg==
1adfAw,,QWxiZXJ0YSBEb2NrIEtuaWdodCBUeWJhbHQncyBSZXF1ZXN0Cl40RDRERkZbRXhwbG9yZSBUdXJ0bGUgSXNsYW5kXV4wMDAwMDAgUXVlc3QgYWNjZXB0ZWQu,,,,,UGVkaWRvIGRlIFR5YmFsdCwgQ2F2YWxlaXJvIGRhIERvY2EgQWxiZXJ0YQpeNEQ0REZGW0V4cGxvcmUgYSBJbGhhIGRhIFRhcnRhcnVnYV1eMDAwMDAwIE1pc3PDo28gYWNlaXRhLg==,,U29saWNpdHVkIGRlIFR5YmFsdCwgZWwgY2FiYWxsZXJvIGVuIGVsIG11ZWxsZSBkZSBBbGJlcnRhLgpeNEQ0REZGW0V4cGxvcmEgbGEgSXNsYSBUb3J0dWdhXV4wMDAwMDA6IG1pc2nDs24gYWNlcHRhZGEu
1qdfAw,,W1JlcXVlc3QgQ29tcGxldGVkXQpMb2NhdGlvbjogVHVydGxlIElzbGFuZCBEdW5nZW9uClRhcmdldDogRGVmZWF0IDEwIFNvbGlkZXIsIDEwIFBlcm1ldGVyLCAxMCBGcmVlemVyLCBhbmQgMTAgSGVhdGVyClJld2FyZDogRXhwIDEwMjAwMCwgSmV4cCAxMDQwMDA=,,,,,W1NvbGljaXRhw6fDo28gQ29uY2x1w61kYV0KTG9jYWxpemHDp8OjbzogQ2FsYWJvdcOnbyBkYSBJbGhhIGRhIFRhcnRhcnVnYQpPYmpldGl2bzogRGVycm90ZSAxMCBTb2xpZGlmaWNhZG9yZXMsIDEwIEJhdGVkb3JlcywgMTAgQ29uZ2VsYWRvcmVzIGUgMTAgQXF1ZWNlZG9yZXMKUmVjb21wZW5zYTogRXhwIDEwMjAwMCwgSmV4cCAxMDQwMDA=,,W1NvbGljaXR1ZCBjb21wbGV0YWRhXQpVYmljYWNpw7NuOiBNYXptb3JyYSBkZSBsYSBJc2xhIFRvcnR1Z2EuCk9iamV0aXZvOiBEZXJyb3RhIGEgMTBTb2xpZGVyLCAxMFBlcm1ldGVyLCAxMENvbmdlbGFkb3JlcyB5IDEwQ2FsZW50YWRvcmVzLgpQcmVtaW86IDEwMjAwMGRlRVhQIHkgMTA0MDAwZGVFWFBkZWNsYXNlLg==
16dfAw,,W0FsYmVydGEgRG9jayBLbmlnaHQgVHliYWx0J3MgUmVxdWVzdF0KTG9jYXRpb246IFR1cnRsZSBJc2xhbmQgRHVuZ2VvbgpUYXJnZXQ6IERlZmVhdCAxMCBTb2xpZGVyLCAxMCBQZXJtZXRlciwgMTAgRnJlZXplciwgYW5kIDEwIEhlYXRlcgpSZXdhcmQ6IEV4cCAxMDIwMDAsIEpleHAgMTA0MDAw,,,,,W1BlZGlkbyBkZSBUeWJhbHQsIENhdmFsZWlybyBkYSBEb2NhIEFsYmVydGFdCkxvY2FsaXphw6fDo286IENhbGFib3XDp28gZGEgSWxoYSBkYSBUYXJ0YXJ1Z2EKT2JqZXRpdm86IERlcnJvdGUgMTAgU29saWRpZmljYWRvcmVzLCAxMCBCYXRlZG9yZXMsIDEwIENvbmdlbGFkb3JlcyBlIDEwIEFxdWVjZWRvcmVzClJlY29tcGVuc2E6IEV4cCAxMDIwMDAsIEpleHAgMTA0MDAw,,W1NvbGljaXR1ZCBkZSBUeWJhbHQsIGVsIGNhYmFsbGVybyBlbiBlbCBtdWVsbGUgZGUgQWxiZXJ0YV0KVWJpY2FjacOzbjogTWF6bW9ycmEgZGUgbGEgSXNsYSBUb3J0dWdhLgpPYmpldGl2bzogRGVycm90YSBhIDEwU29saWRlciwgMTBQZXJtZXRlciwgMTBDb25nZWxhZG9yZXMgeSAxMENhbGVudGFkb3Jlcy4KUHJlbWlvOiAxMDIwMDBkZUVYUCB5IDEwNDAwMGRlRVhQZGVjbGFzZS4=
2KdfAw,,QWxiZXJ0YSBEb2NrIEtuaWdodCBUeWJhbHQncyBSZXF1ZXN0Cl40RDRERkZbRGVmZWF0IHRoZSBUdXJ0bGUgU3dhcm1dXjAwMDAwMCBRdWVzdCBhY2NlcHRlZC4=,,,,,UGVkaWRvIGRlIFR5YmFsdCwgQ2F2YWxlaXJvIGRhIERvY2EgQWxiZXJ0YQpeNEQ0REZGW0RlcnJvdGUgYSBIb3JkYSBkZSBUYXJ0YXJ1Z2FzXV4wMDAwMDAgTWlzc8OjbyBhY2VpdGEu,,U29saWNpdHVkIGRlIFR5YmFsdCwgZWwgY2FiYWxsZXJvIGVuIGVsIG11ZWxsZSBkZSBBbGJlcnRhLgpeNEQ0REZGW0RlcnJvdGEgYSBsYSBtdWx0aXR1ZCBkZSB0b3J0dWdhc11eMDAwMDAwOiBtaXNpw7NuIGFjZXB0YWRhLg==
2adfAw,,W1JlcXVlc3QgQ29tcGxldGVkXQpMb2NhdGlvbjogVHVydGxlIElzbGFuZCBEdW5nZW9uClRhcmdldDogRGVmZWF0IDEwIEFzc2F1bHRlcgpSZXdhcmQ6IEV4cCA1MjAwMCwgSmV4cCA2NzAwMA==,,,,,W1NvbGljaXRhw6fDo28gQ29uY2x1w61kYV0KTG9jYWxpemHDp8OjbzogQ2FsYWJvdcOnbyBkYSBJbGhhIGRhIFRhcnRhcnVnYQpPYmpldGl2bzogRGVycm90YXIgMTAgQWdyZXNzb3JlcwpSZWNvbXBlbnNhOiBFeHAgNTIwMDAsIEpleHAgNjcwMDA=,,W1NvbGljaXR1ZCBjb21wbGV0YWRhXQpVYmljYWNpw7NuOiBNYXptb3JyYSBkZSBsYSBJc2xhIFRvcnR1Z2EuCk9iamV0aXZvOiBEZXJyb3RhIGEgMTBBdGFjYW50ZXMuClByZW1pbzogNTIwMDBkZUVYUCB5IDY3MDAwZGVFWFBkZWNsYXNlLg==
2qdfAw,,W1JlcXVlc3QgZnJvbSB0aGUgS25pZ2h0IENvbW1hbmRlcl0KTG9jYXRpb246IFR1cnRsZSBJc2xhbmQgRHVuZ2VvbgpUYXJnZXQ6IERlZmVhdCAxMCBBc3NhdWx0ZXIKUmV3YXJkOiBFeHAgNTIwMDAsIEpleHAgNjcwMDA=,,,,,W1NvbGljaXRhw6fDo28gZG8gQ29tYW5kYW50ZSBkb3MgQ2F2YWxlaXJvc10KTG9jYWxpemHDp8OjbzogQ2FsYWJvdcOnbyBkYSBJbGhhIGRhIFRhcnRhcnVnYQpPYmpldGl2bzogRGVycm90YXIgMTAgQWdyZXNzb3JlcwpSZWNvbXBlbnNhOiBFeHAgNTIwMDAsIEpleHAgNjcwMDA=,,W1NvbGljaXR1ZCBkZWwgY29tYW5kYW50ZSBDYWJhbGxlcm9dClViaWNhY2nDs246IE1hem1vcnJhIGRlIGxhIElzbGEgVG9ydHVnYS4KT2JqZXRpdm86IERlcnJvdGEgYSAxMEF0YWNhbnRlcy4KUHJlbWlvOiA1MjAwMGRlRVhQIHkgNjcwMDBkZUVYUGRlY2xhc2Uu
26dfAw,,UmVxdWVzdCBmcm9tIHRoZSBLbmlnaHQgQ29tbWFuZGVyCl40RDRERkZbSHVudGluZyBHcm91bmRdXjAwMDAwMCBRdWVzdCBhY2NlcHRlZC4=,,,,,UGVkaWRvIGRvIENvbWFuZGFudGUgZG9zIENhdmFsZWlyb3MKXjRENERGRltDYW1wb3MgZGUgQ2HDp2FdXjAwMDAwMCBNaXNzw6NvIGFjZWl0YS4=,,U29saWNpdHVkIGRlbCBjb21hbmRhbnRlIENhYmFsbGVyby4KXjRENERGRltDb3RvIGRlIGNhemFdXjAwMDAwMDogbWlzacOzbiBhY2VwdGFkYS4=
3KdfAw,,QXlvdGhheWEgWzcwXQ==,,,,,QXlvdGhheWEgWzcwXQ==,,QXlvdGhheWEgWzcwXS4=
3adfAw,,QnJhc2lsaXMgWzcwLTgwXQ==,,,,,Q2lkYWRlIGRlIEJyYXNpbGlzIFs3MC04MF0=,,QnJhc2lsaXMgWzcwLTgwXS4=
3qdfAw,,TW9zY292aWEgWzgwXQ==,,,,,TW9zY8OzdmlhIFs4MF0=,,TW9zY292aWEgWzgwXS4=
36dfAw,,TG91eWFuZyBbODBd,,,,,TG91eWFuZyBbODBd,,THVveWFuZyBbODBdLg==
4KdfAw,,QW1hdHN1IFs4MC05MF0=,,,,,QW1hdHN1IFs4MC05MF0=,,QW1hdHN1IFs4MC05MF0u
4adfAw,,S3VubHVuIFs5MF0=,,,,,S3VubHVuIFs5MF0=,,S3VubHVuIFs5MF0u
4qdfAw,,W1JlcXVlc3QgQ29tcGxldGVkXQpMb2NhdGlvbjogQXlvdGhheWEgQW5jaWVudCBTaHJpbmUKVGFyZ2V0OiBEZWZlYXQgMjAgVGFtcnVhbgpSZXdhcmQ6IEV4cCAzMDAwMCwgSmV4cCAzMDAwMA==,,,,,W1NvbGljaXRhw6fDo28gQ29uY2x1w61kYV0KTG9jYWxpemHDp8OjbzogU2FudHXDoXJpbyBBbnRpZ28gZGUgQXlvdGhheWEKT2JqZXRpdm86IERlcnJvdGFyIDIwIFRhbXJ1YW4KUmVjb21wZW5zYTogRXhwIDMwMDAwLCBKZXhwIDMwMDAw,,W1NvbGljaXR1ZCBjb21wbGV0YWRhXQpVYmljYWNpw7NuOiBBbnRpZ3VvIHNhbnR1YXJpbyBkZSBBeW90aGF5YS4KT2JqZXRpdm86IERlcnJvdGEgYSAyMFRhbXJ1YW4uClByZW1pbzogMzAwMDBkZUVYUCB5IDMwMDAwZGVFWFBkZWNsYXNlLg==
46dfAw,,WyBSZXF1ZXN0IGZyb20gRWRlbiBHcm91cF0KTG9jYXRpb246IEF5b3RoYXlhIEFuY2llbnQgU2hyaW5lClRhcmdldDogRGVmZWF0IDIwIFRhbXJ1YW4KUmV3YXJkOiBFeHAgMzAwMDAsIEpleHAgMzAwMDA=,,,,,W1NvbGljaXRhw6fDo28gZG8gR3J1cG8gw4lkZW5dCkxvY2FsaXphw6fDo286IFNhbnR1w6FyaW8gQW50aWdvIGRlIEF5b3RoYXlhCk9iamV0aXZvOiBEZXJyb3RhciAyMCBUYW1ydWFuClJlY29tcGVuc2E6IEV4cCAzMDAwMCwgSmV4cCAzMDAwMA==,,W1NvbGljaXR1ZCBkZWwgR3J1cG8gZGUgRWTDqW5dClViaWNhY2nDs246IEFudGlndW8gc2FudHVhcmlvIGRlIEF5b3RoYXlhLgpPYmpldGl2bzogRGVycm90YSBhIDIwVGFtcnVhbi4KUHJlbWlvOiAzMDAwMGRlRVhQIHkgMzAwMDBkZUVYUGRlY2xhc2Uu
5KdfAw,,IFJlcXVlc3QgZnJvbSBFZGVuIEdyb3VwCl40RDRERkZbVGVtcGxlIExpb25dXjAwMDAwMCBRdWVzdCBhY2NlcHRlZC4=,,,,,U29saWNpdGHDp8OjbyBkbyBHcnVwbyDDiWRlbgpeNEQ0REZGW0xlw6NvIGRvIFRlbXBsb11eMDAwMDAwIE1pc3PDo28gYWNlaXRhLg==,,IFNvbGljaXR1ZCBkZWwgR3J1cG8gZGUgRWTDqW4uCl40RDRERkZbTGXDs24gZGVsIFRlbXBsb11eMDAwMDAwOiBtaXNpw7NuIGFjZXB0YWRhLg==
5adfAw,,W1JlcXVlc3QgQ29tcGxldGVkXQpMb2NhdGlvbjogQnJhc2lsaXMgRmllbGQgClRhcmdldDogRGVmZWF0IDIwIFRvdWNhbgpSZXdhcmQ6IEV4cCAzMDAwMCwgSmV4cCAzMDAwMA==,,,,,W1NvbGljaXRhw6fDo28gQ29uY2x1w61kYV0KTG9jYWxpemHDp8OjbzogRmxvcmVzdGEgZGUgQnJhc2lsaXMKT2JqZXRpdm86IERlcnJvdGFyIDIwIFR1Y2Fub3MKUmVjb21wZW5zYTogRXhwIDMwMDAwLCBKZXhwIDMwMDAw,,W1NvbGljaXR1ZCBjb21wbGV0YWRhXQpVYmljYWNpw7NuOiBDYW1wbyBkZSBCcmFzaWxpcy4gCk9iamV0aXZvOiBEZXJyb3RhIGEgMjBUdWNhbmVzLgpQcmVtaW86IDMwMDAwZGVFWFAgeSAzMDAwMGRlRVhQZGVjbGFzZS4=
5qdfAw,,WyBSZXF1ZXN0IGZyb20gRWRlbiBHcm91cF0KTG9jYXRpb246IEJyYXNpbGlzIEZpZWxkIApUYXJnZXQ6IERlZmVhdCAyMCBUb3VjYW4KUmV3YXJkOiBFeHAgMzAwMDAsIEpleHAgMzAwMDA=,,,,,W1NvbGljaXRhw6fDo28gZG8gR3J1cG8gw4lkZW5dCkxvY2FsaXphw6fDo286IEZsb3Jlc3RhIGRlIEJyYXNpbGlzCk9iamV0aXZvOiBEZXJyb3RhciAyMCBUdWNhbm9zClJlY29tcGVuc2E6IEV4cCAzMDAwMCwgSmV4cCAzMDAwMA==,,W1NvbGljaXR1ZCBkZWwgR3J1cG8gZGUgRWTDqW5dClViaWNhY2nDs246IENhbXBvIGRlIEJyYXNpbGlzLiAKT2JqZXRpdm86IERlcnJvdGEgYSAyMFR1Y2FuZXMuClByZW1pbzogMzAwMDBkZUVYUCB5IDMwMDAwZGVFWFBkZWNsYXNlLg==
56dfAw,,IFJlcXVlc3QgZnJvbSBFZGVuIEdyb3VwCl40RDRERkZbUmFpbmJvdyBCaXJkXV4wMDAwMDAgUXVlc3QgYWNjZXB0ZWQu,,,,,U29saWNpdGHDp8OjbyBkbyBHcnVwbyDDiWRlbgpeNEQ0REZGW1DDoXNzYXJvIEFyY28tw41yaXNdXjAwMDAwMCBNaXNzw6NvIGFjZWl0YS4=,,IFNvbGljaXR1ZCBkZWwgR3J1cG8gZGUgRWTDqW4uCl40RDRERkZbQXZlIGFyY2/DrXJpc11eMDAwMDAwOiBtaXNpw7NuIGFjZXB0YWRhLg==
6KdfAw,,W1JlcXVlc3QgQ29tcGxldGVkXQpMb2NhdGlvbjogQnJhc2lsaXMgRmllbGQgClRhcmdldDogRGVmZWF0IDIwIEhlYWRsZXNzIE11bGUKUmV3YXJkOiBFeHAgMzUwMDAsIEpleHAgMzUwMDA=,,,,,W1NvbGljaXRhw6fDo28gQ29uY2x1w61kYV0KTG9jYWxpemHDp8OjbzogRmxvcmVzdGEgZGUgQnJhc2lsaXMKT2JqZXRpdm86IERlcnJvdGFyIDIwIE11bGFzIFNlbSBDYWJlw6dhClJlY29tcGVuc2E6IEV4cCAzNTAwMCwgSmV4cCAzNTAwMA==,,W1NvbGljaXR1ZCBjb21wbGV0YWRhXQpVYmljYWNpw7NuOiBDYW1wbyBkZSBCcmFzaWxpcy4gCk9iamV0aXZvOiBEZXJyb3RhIGEgMjBNdWxhcyBzaW4gY2FiZXphLgpQcmVtaW86IDM1MDAwZGVFWFAgeSAzNTAwMGRlRVhQZGVjbGFzZS4=
6adfAw,,WyBSZXF1ZXN0IGZyb20gRWRlbiBHcm91cF0KTG9jYXRpb246IEJyYXNpbGlzIEZpZWxkIApUYXJnZXQ6IERlZmVhdCAyMCBIZWFkbGVzcyBNdWxlClJld2FyZDogRXhwIDM1MDAwLCBKZXhwIDM1MDAw,,,,,W1NvbGljaXRhw6fDo28gZG8gR3J1cG8gw4lkZW5dCkxvY2FsaXphw6fDo286IEZsb3Jlc3RhIGRlIEJyYXNpbGlzCk9iamV0aXZvOiBEZXJyb3RhciAyMCBNdWxhcyBTZW0gQ2FiZcOnYQpSZWNvbXBlbnNhOiBFeHAgMzUwMDAsIEpleHAgMzUwMDA=,,W1NvbGljaXR1ZCBkZWwgR3J1cG8gZGUgRWTDqW5dClViaWNhY2nDs246IENhbXBvIGRlIEJyYXNpbGlzLiAKT2JqZXRpdm86IERlcnJvdGEgYSAyME11bGFzIHNpbiBjYWJlemEuClByZW1pbzogMzUwMDBkZUVYUCB5IDM1MDAwZGVFWFBkZWNsYXNlLg==
6qdfAw,,IFJlcXVlc3QgZnJvbSBFZGVuIEdyb3VwCl40RDRERkZbSGVhZGxlc3MgSG9yc2VdXjAwMDAwMCBRdWVzdCBhY2NlcHRlZC4=,,,,,UGVkaWRvIGRvIEdydXBvIMOJZGVuCl40RDRERkZbTXVsYSBTZW0gQ2FiZcOnYV1eMDAwMDAwIE1pc3PDo28gYWNlaXRhLg==,,IFNvbGljaXR1ZCBkZWwgR3J1cG8gZGUgRWTDqW4uCl40RDRERkZbQ2FiYWxsbyBzaW4gY2FiZXphXV4wMDAwMDA6IG1pc2nDs24gYWNlcHRhZGEu
66dfAw,,W1JlcXVlc3QgQ29tcGxldGVkXQpMb2NhdGlvbjogTW9zY292aWEgRGVlcCBGb3Jlc3QKVGFyZ2V0OiBEZWZlYXQgMjAgVXpoYXMKUmV3YXJkOiBFeHAgNDI2NjAsIEpleHAgNDM2MDA=,,,,,W1NvbGljaXRhw6fDo28gQ29uY2x1w61kYV0KTG9jYWxpemHDp8OjbzogRmxvcmVzdGEgUHJvZnVuZGEgZGUgTW9zY8OzdmlhCk9iamV0aXZvOiBEZXJyb3RhciAyMCBLaWtpbW9yYXMKUmVjb21wZW5zYTogRXhwIDQyNjYwLCBKZXhwIDQzNjAw,,W1NvbGljaXR1ZCBjb21wbGV0YWRhXQpVYmljYWNpw7NuOiBCb3NxdWUgcHJvZnVuZG8gZGUgTW9zY292aWEuCk9iamV0aXZvOiBEZXJyb3RhIGEgMjBVemhhcy4KUHJlbWlvOiA0MjY2MGRlRVhQIHkgNDM2MDBkZUVYUGRlY2xhc2Uu
7KdfAw,,WyBSZXF1ZXN0IGZyb20gRWRlbiBHcm91cF0KTG9jYXRpb246IE1vc2NvdmlhIERlZXAgRm9yZXN0ClRhcmdldDogRGVmZWF0IDIwIFV6aGFzClJld2FyZDogRXhwIDQyNjYwLCBKZXhwIDQzNjAw,,,,,W1NvbGljaXRhw6fDo28gZG8gR3J1cG8gw4lkZW5dCkxvY2FsaXphw6fDo286IEZsb3Jlc3RhIFByb2Z1bmRhIGRlIE1vc2PDs3ZpYQpPYmpldGl2bzogRGVycm90YXIgMjAgS2lraW1vcmFzClJlY29tcGVuc2E6IEV4cCA0MjY2MCwgSmV4cCA0MzYwMA==,,W1NvbGljaXR1ZCBkZWwgR3J1cG8gZGUgRWTDqW5dClViaWNhY2nDs246IEJvc3F1ZSBwcm9mdW5kbyBkZSBNb3Njb3ZpYS4KT2JqZXRpdm86IERlcnJvdGEgYSAyMFV6aGFzLgpQcmVtaW86IDQyNjYwZGVFWFAgeSA0MzYwMGRlRVhQZGVjbGFzZS4=
7adfAw,,IFJlcXVlc3QgZnJvbSBFZGVuIEdyb3VwCl40RDRERkZbTW9zY292aWEgTmlnaHRtYXJlXV4wMDAwMDAgUXVlc3QgYWNjZXB0ZWQu,,,,,U29saWNpdGHDp8OjbyBkbyBHcnVwbyDDiWRlbgpeNEQ0REZGW1Blc2FkZWxvIGRlIE1vc2PDs3ZpYV1eMDAwMDAwIE1pc3PDo28gYWNlaXRhLg==,,IFNvbGljaXR1ZCBkZWwgR3J1cG8gZGUgRWTDqW4uCl40RDRERkZbUGVzYWRpbGxhIGVuIE1vc2NvdmlhXV4wMDAwMDA6IG1pc2nDs24gYWNlcHRhZGEu
7qdfAw,,W1JlcXVlc3QgQ29tcGxldGVkXQpMb2NhdGlvbjogTW9zY292aWEgVmVyeSBEZWVwIEZvcmVzdApUYXJnZXQ6IERlZmVhdCAyMCBCYWJhIFlhZ2EKUmV3YXJkOiBFeHAgNDU3MDAsIEpleHAgNDY3MDA=,,,,,W1NvbGljaXRhw6fDo28gQ29uY2x1w61kYV0KTG9jYWxpemHDp8OjbzogRmxvcmVzdGEgTXVpdG8gUHJvZnVuZGEgZGUgTW9zY8OzdmlhCk9iamV0aXZvOiBEZXJyb3RhciAyMCBCYWJhLVlhZ2EKUmVjb21wZW5zYTogRXhwIDQ1NzAwLCBKZXhwIDQ2NzAw,,W1NvbGljaXR1ZCBjb21wbGV0YWRhXQpVYmljYWNpw7NuOiBCb3NxdWUgbXV5IHByb2Z1bmRvIGRlIE1vc2NvdmlhLgpPYmpldGl2bzogRGVycm90YSBhIDIwQmFiYSBZYWdhLgpQcmVtaW86IDQ1NzAwZGVFWFAgeSA0NjcwMGRlRVhQZGVjbGFzZS4=
76dfAw,,WyBSZXF1ZXN0IGZyb20gRWRlbiBHcm91cF0KTG9jYXRpb246IE1vc2NvdmlhIFZlcnkgRGVlcCBGb3Jlc3QKVGFyZ2V0OiBEZWZlYXQgMjAgQmFiYSBZYWdhClJld2FyZDogRXhwIDQ1NzAwLCBKZXhwIDQ2NzAw,,,,,W1NvbGljaXRhw6fDo28gZG8gR3J1cG8gw4lkZW5dCkxvY2FsaXphw6fDo286IEZsb3Jlc3RhIE11aXRvIFByb2Z1bmRhIGRlIE1vc2PDs3ZpYQpPYmpldGl2bzogRGVycm90YXIgMjAgQmFiYS1ZYWdhClJlY29tcGVuc2E6IEV4cCA0NTcwMCwgSmV4cCA0NjcwMA==,,W1NvbGljaXR1ZCBkZWwgR3J1cG8gZGUgRWTDqW5dClViaWNhY2nDs246IEJvc3F1ZSBtdXkgcHJvZnVuZG8gZGUgTW9zY292aWEuCk9iamV0aXZvOiBEZXJyb3RhIGEgMjBCYWJhIFlhZ2EuClByZW1pbzogNDU3MDBkZUVYUCB5IDQ2NzAwZGVFWFBkZWNsYXNlLg==
8KdfAw,,IFJlcXVlc3QgZnJvbSBFZGVuIEdyb3VwCl40RDRERkZbQnJvb20sIENhc3QgSXJvbiBQb3QsIGFuZCBHcmFuZG1vdGhlcl1eMDAwMDAwIFF1ZXN0IGFjY2VwdGVkLg==,,,,,U29saWNpdGHDp8OjbyBkbyBHcnVwbyDDiWRlbgpeNEQ0REZGW1Zhc3NvdXJhLCBQYW5lbGEgZGUgRmVycm8gZSBWb3bDs11eMDAwMDAwIE1pc3PDo28gYWNlaXRhLg==,,IFNvbGljaXR1ZCBkZWwgR3J1cG8gZGUgRWTDqW4uCl40RDRERkZbTGEgYWJ1ZWxhLCBsYSBlc2NvYmEgeSBlbCBjYWxkZXJvXV4wMDAwMDA6IG1pc2nDs24gYWNlcHRhZGEu
8adfAw,,W1JlcXVlc3QgQ29tcGxldGVkXQpMb2NhdGlvbjogTG91eWFuZyBGaWVsZApUYXJnZXQ6IERlZmVhdCAyMCBNaSBHYW8KUmV3YXJkOiBFeHAgMzk2MDAsIEpleHAgMzUwMDA=,,,,,W1NvbGljaXRhw6fDo28gQ29uY2x1w61kYV0KTG9jYWxpemHDp8OjbzogQ2FtcG9zIGRlIExvdXlhbmcKT2JqZXRpdm86IERlcnJvdGFyIDIwIE1pIEdhbwpSZWNvbXBlbnNhOiBFeHAgMzk2MDAsIEpleHAgMzUwMDA=,,W1NvbGljaXR1ZCBjb21wbGV0YWRhXQpVYmljYWNpw7NuOiBDYW1wbyBkZSBMdW95YW5nLgpPYmpldGl2bzogRGVycm90YSBhIDIwTWkgR2FvLgpQcmVtaW86IDM5NjAwZGVFWFAgeSAzNTAwMGRlRVhQZGVjbGFzZS4=
8qdfAw,,WyBSZXF1ZXN0IGZyb20gRWRlbiBHcm91cF0KTG9jYXRpb246IExvdXlhbmcgRmllbGQKVGFyZ2V0OiBEZWZlYXQgMjAgTWkgR2FvClJld2FyZDogRXhwIDM5NjAwLCBKZXhwIDM1MDAw,,,,,W1NvbGljaXRhw6fDo28gZG8gR3J1cG8gw4lkZW5dCkxvY2FsaXphw6fDo286IENhbXBvcyBkZSBMb3V5YW5nCk9iamV0aXZvOiBEZXJyb3RhciAyMCBNaSBHYW8KUmVjb21wZW5zYTogRXhwIDM5NjAwLCBKZXhwIDM1MDAw,,W1NvbGljaXR1ZCBkZWwgR3J1cG8gZGUgRWTDqW5dClViaWNhY2nDs246IENhbXBvIGRlIEx1b3lhbmcuCk9iamV0aXZvOiBEZXJyb3RhIGEgMjBNaSBHYW8uClByZW1pbzogMzk2MDBkZUVYUCB5IDM1MDAwZGVFWFBkZWNsYXNlLg==
86dfAw,,IFJlcXVlc3QgZnJvbSBFZGVuIEdyb3VwCl40RDRERkZbUmljZSBjYWtlIG1hZGUgZnJvbSBzYW5kP11eMDAwMDAwIFF1ZXN0IGFjY2VwdGVkLg==,,,,,U29saWNpdGHDp8OjbyBkbyBHcnVwbyDDiWRlbgpeNEQ0REZGW0JvbGluaG9zIGRlIGFycm96IGZlaXRvcyBkZSBhcmVpYT9dXjAwMDAwMCBNaXNzw6NvIGFjZWl0YS4=,,IFNvbGljaXR1ZCBkZWwgR3J1cG8gZGUgRWTDqW4uCl40RDRERkZbwr9QYXN0ZWwgZGUgYXJyb3ogaGVjaG8gZGUgYXJlbmE/XV4wMDAwMDA6IG1pc2nDs24gYWNlcHRhZGEu
9KdfAw,,W1JlcXVlc3QgQ29tcGxldGVkXQpMb2NhdGlvbjogTG91eWFuZyBUaGUgUm95YWwgVG9tYgpUYXJnZXQ6IERlZmVhdCAxNSBZYW8gSnVuIGFuZCAxNSBKaW5nIEd1YWkKUmV3YXJkOiBFeHAgNzIwMDAsIEpleHAgNzIwMDA=,,,,,W1NvbGljaXRhw6fDo28gQ29uY2x1w61kYV0KTG9jYWxpemHDp8OjbzogQSBUdW1iYSBSZWFsIGRlIExvdXlhbmcKT2JqZXRpdm86IERlcnJvdGFyIDE1IFlhbyBKdW4gZSAxNSBKaW5nIEd1YWkKUmVjb21wZW5zYTogRXhwIDcyMDAwLCBKZXhwIDcyMDAw,,W1NvbGljaXR1ZCBjb21wbGV0YWRhXQpVYmljYWNpw7NuOiBMdW95YW5nLCBsYSBUdW1iYSByZWFsLgpPYmpldGl2bzogRGVycm90YSBhIDE1WWFvIEp1biB5IDE1SmluZyBHdWFpLgpQcmVtaW86IDcyMDAwZGVFWFAgeSA3MjAwMGRlRVhQZGVjbGFzZS4=
9adfAw,,WyBSZXF1ZXN0IGZyb20gRWRlbiBHcm91cF0KTG9jYXRpb246IExvdXlhbmcgVGhlIFJveWFsIFRvbWIKVGFyZ2V0OiBEZWZlYXQgMTUgWWFvIEp1biBhbmQgMTUgSmluZyBHdWFpClJld2FyZDogRXhwIDcyMDAwLCBKZXhwIDcyMDAw,,,,,W1NvbGljaXRhw6fDo28gZG8gR3J1cG8gw4lkZW5dCkxvY2FsaXphw6fDo286IEEgVHVtYmEgUmVhbCBkZSBMb3V5YW5nCk9iamV0aXZvOiBEZXJyb3RhciAxNSBZYW8gSnVuIGUgMTUgSmluZyBHdWFpClJlY29tcGVuc2E6IEV4cCA3MjAwMCwgSmV4cCA3MjAwMA==,,W1NvbGljaXR1ZCBkZWwgR3J1cG8gZGUgRWTDqW5dClViaWNhY2nDs246IEx1b3lhbmcsIGxhIFR1bWJhIHJlYWwuCk9iamV0aXZvOiBEZXJyb3RhIGEgMTVZYW8gSnVuIHkgMTVKaW5nIEd1YWkuClByZW1pbzogNzIwMDBkZUVYUCB5IDcyMDAwZGVFWFBkZWNsYXNlLg==
9qdfAw,,IFJlcXVlc3QgZnJvbSBFZGVuIEdyb3VwCl40RDRERkZbQSB0b21iIHdoZXJlIHNlY3JldHMgc2xlZXBdXjAwMDAwMCBRdWVzdCBhY2NlcHRlZC4=,,,,,UGVkaWRvIGRvIEdydXBvIMOJZGVuCl40RDRERkZbVW1hIHR1bWJhIG9uZGUgcmVwb3VzYW0gb3Mgc2VncmVkb3NdXjAwMDAwMCBNaXNzw6NvIGFjZWl0YS4=,,IFNvbGljaXR1ZCBkZWwgR3J1cG8gZGUgRWTDqW4uCl40RDRERkZbTGEgdHVtYmEgZG9uZGUgeWFjZW4gbG9zIHNlY3JldG9zXV4wMDAwMDA6IG1pc2nDs24gYWNlcHRhZGEu
96dfAw,,W1JlcXVlc3QgQ29tcGxldGVkXQpMb2NhdGlvbjogQW1hdHN1IFRhdGFtaSBNYXplClRhcmdldDogRGVmZWF0IDIwIE1peWFiaSBEb2xsClJld2FyZDogRXhwIDM2ODAwLCBKZXhwIDQwMTAw,,,,,W1NvbGljaXRhw6fDo28gQ29uY2x1w61kYV0KTG9jYWxpemHDp8OjbzogTGFiaXJpbnRvIGRlIFRhdGFtZXMgZGUgQW1hdHN1Ck9iamV0aXZvOiBEZXJyb3RhciAyMCBNaXlhYmkgTmluZ3lvClJlY29tcGVuc2E6IEV4cCAzNjgwMCwgSmV4cCA0MDEwMA==,,W1NvbGljaXR1ZCBjb21wbGV0YWRhXQpVYmljYWNpw7NuOiBMYWJlcmludG8gZGUgdGF0YW1pIGRlIEFtYXRzdS4KT2JqZXRpdm86IERlcnJvdGEgYSAyME11w7FlY2FzTWl5YWJpLgpQcmVtaW86IDM2ODAwZGVFWFAgeSA0MDEwMGRlRVhQZGVjbGFzZS4=
+KdfAw,,WyBSZXF1ZXN0IGZyb20gRWRlbiBHcm91cF0KTG9jYXRpb246IEFtYXRzdSBUYXRhbWkgTWF6ZQpUYXJnZXQ6IERlZmVhdCAyMCBNaXlhYmkgRG9sbApSZXdhcmQ6IEV4cCAzNjgwMCwgSmV4cCA0MDEwMA==,,,,,W1NvbGljaXRhw6fDo28gZG8gR3J1cG8gw4lkZW5dCkxvY2FsaXphw6fDo286IExhYmlyaW50byBkZSBUYXRhbWVzIGRlIEFtYXRzdQpPYmpldGl2bzogRGVycm90YXIgMjAgTWl5YWJpIE5pbmd5bwpSZWNvbXBlbnNhOiBFeHAgMzY4MDAsIEpleHAgNDAxMDA=,,W1NvbGljaXR1ZCBkZWwgR3J1cG8gZGUgRWTDqW5dClViaWNhY2nDs246IExhYmVyaW50byBkZSB0YXRhbWkgZGUgQW1hdHN1LgpPYmpldGl2bzogRGVycm90YSBhIDIwTXXDsWVjYXNNaXlhYmkuClByZW1pbzogMzY4MDBkZUVYUCB5IDQwMTAwZGVFWFBkZWNsYXNlLg==
+adfAw,,IFJlcXVlc3QgZnJvbSBFZGVuIEdyb3VwCl40RDRERkZbQmVhdXRpZnVsIERvbGxdXjAwMDAwMCBRdWVzdCBhY2NlcHRlZC4=,,,,,U29saWNpdGHDp8OjbyBkbyBHcnVwbyDDiWRlbgpeNEQ0REZGW0JvbmVjYSBBZG9yw6F2ZWxdXjAwMDAwMCBNaXNzw6NvIGFjZWl0YS4=,,IFNvbGljaXR1ZCBkZWwgR3J1cG8gZGUgRWTDqW4uCl40RDRERkZbTXXDsWVjYSBoZXJtb3NhXV4wMDAwMDA6IG1pc2nDs24gYWNlcHRhZGEu
+qdfAw,,W1JlcXVlc3QgQ29tcGxldGVkXQpMb2NhdGlvbjogQW1hdHN1IFRhdGFtaSBNYXplClRhcmdldDogRGVmZWF0IDIwIEZpcmVsb2NrIFNvbGRpZXIKUmV3YXJkOiBFeHAgNDc1MDAsIEpleHAgNDgzMDA=,,,,,W1NvbGljaXRhw6fDo28gQ29uY2x1w61kYV0KTG9jYWxpemHDp8OjbzogTGFiaXJpbnRvIGRlIFRhdGFtZXMgZGUgQW1hdHN1Ck9iamV0aXZvOiBEZXJyb3RhciAyMCBadW1iaXMgQXRpcmFkb3JlcwpSZWNvbXBlbnNhOiBFeHAgNDc1MDAsIEpleHAgNDgzMDA=,,W1NvbGljaXR1ZCBjb21wbGV0YWRhXQpVYmljYWNpw7NuOiBMYWJlcmludG8gZGUgdGF0YW1pIGRlIEFtYXRzdS4KT2JqZXRpdm86IERlcnJvdGEgYSAyMFNvbGRhZG9zIGFyY2FidWNlcm9zLgpQcmVtaW86IDQ3NTAwZGVFWFAgeSA0ODMwMGRlRVhQZGVjbGFzZS4=
+6dfAw,,WyBSZXF1ZXN0IGZyb20gRWRlbiBHcm91cF0KTG9jYXRpb246IEFtYXRzdSBUYXRhbWkgTWF6ZQpUYXJnZXQ6IERlZmVhdCAyMCBGaXJlbG9jayBTb2xkaWVyClJld2FyZDogRXhwIDQ3NTAwLCBKZXhwIDQ4MzAw,,,,,W1NvbGljaXRhw6fDo28gZG8gR3J1cG8gw4lkZW5dCkxvY2FsaXphw6fDo286IExhYmlyaW50byBkZSBUYXRhbWVzIGRlIEFtYXRzdQpPYmpldGl2bzogRGVycm90YXIgMjAgWnVtYmlzIEF0aXJhZG9yZXMKUmVjb21wZW5zYTogRXhwIDQ3NTAwLCBKZXhwIDQ4MzAw,,W1NvbGljaXR1ZCBkZWwgR3J1cG8gZGUgRWTDqW5dClViaWNhY2nDs246IExhYmVyaW50byBkZSB0YXRhbWkgZGUgQW1hdHN1LgpPYmpldGl2bzogRGVycm90YSBhIDIwU29sZGFkb3MgYXJjYWJ1Y2Vyb3MuClByZW1pbzogNDc1MDBkZUVYUCB5IDQ4MzAwZGVFWFBkZWNsYXNlLg==
/KdfAw,,IFJlcXVlc3QgZnJvbSBFZGVuIEdyb3VwCl40RDRERkZbTG9zZXJzLCB3aW5uZXJzLCBhbmQgdGhvc2UgbGVmdCBiZWhpbmRdXjAwMDAwMCBRdWVzdCBhY2NlcHRlZC4=,,,,,U29saWNpdGHDp8OjbyBkbyBHcnVwbyDDiWRlbgpeNEQ0REZGW1BlcmRlZG9yZXMsIHZlbmNlZG9yZXMgZSBvcyBhYmFuZG9uYWRvc11eMDAwMDAwIE1pc3PDo28gYWNlaXRhLg==,,IFNvbGljaXR1ZCBkZWwgR3J1cG8gZGUgRWTDqW4uCl40RDRERkZbUGVyZGVkb3JlcywgZ2FuYWRvcmVzIHkgbG9zIHF1ZSBzZSBxdWVkYW4gYXRyw6FzXV4wMDAwMDA6IG1pc2nDs24gYWNlcHRhZGEu
/adfAw,,W1JlcXVlc3QgQ29tcGxldGVkXQpMb2NhdGlvbjogQW1hdHN1IFRhdGFtaSBNYXplClRhcmdldDogRGVmZWF0IDIwIFNoaW5vYmkKUmV3YXJkOiBFeHAgODExMjAsIEpleHAgNzIyMDA=,,,,,W1NvbGljaXRhw6fDo28gQ29uY2x1w61kYV0KTG9jYWxpemHDp8OjbzogTGFiaXJpbnRvIGRlIFRhdGFtZXMgZGUgQW1hdHN1Ck9iamV0aXZvOiBEZXJyb3RhciAyMCBTaGlub2JpcwpSZWNvbXBlbnNhOiBFeHAgODExMjAsIEpleHAgNzIyMDA=,,W1NvbGljaXR1ZCBjb21wbGV0YWRhXQpVYmljYWNpw7NuOiBMYWJlcmludG8gZGUgdGF0YW1pIGRlIEFtYXRzdS4KT2JqZXRpdm86IERlcnJvdGEgYSAyMFNoaW5vYmkuClByZW1pbzogODExMjBkZUVYUCB5IDcyMjAwZGVFWFBkZWNsYXNlLg==
/qdfAw,,WyBSZXF1ZXN0IGZyb20gRWRlbiBHcm91cF0KTG9jYXRpb246IEFtYXRzdSBUYXRhbWkgTWF6ZQpUYXJnZXQ6IERlZmVhdCAyMCBTaGlub2JpClJld2FyZDogRXhwIDgxMTIwLCBKZXhwIDcyMjAw,,,,,W1NvbGljaXRhw6fDo28gZG8gR3J1cG8gw4lkZW5dCkxvY2FsaXphw6fDo286IExhYmlyaW50byBkZSBUYXRhbWVzIGRlIEFtYXRzdQpPYmpldGl2bzogRGVycm90YXIgMjAgU2hpbm9iaXMKUmVjb21wZW5zYTogRXhwIDgxMTIwLCBKZXhwIDcyMjAw,,W1NvbGljaXR1ZCBkZWwgR3J1cG8gZGUgRWTDqW5dClViaWNhY2nDs246IExhYmVyaW50byBkZSB0YXRhbWkgZGUgQW1hdHN1LgpPYmpldGl2bzogRGVycm90YSBhIDIwU2hpbm9iaS4KUHJlbWlvOiA4MTEyMGRlRVhQIHkgNzIyMDBkZUVYUGRlY2xhc2Uu
/6dfAw,,IFJlcXVlc3QgZnJvbSBFZGVuIEdyb3VwCl40RDRERkZbU2hpbm9iaSBIdW50aW5nLl1eMDAwMDAwIFF1ZXN0IGFjY2VwdGVkLg==,,,,,UGVkaWRvIGRvIEdydXBvIMOJZGVuCl40RDRERkZbQ2HDp2EgYW9zIFNoaW5vYmldXjAwMDAwMCBNaXNzw6NvIGFjZWl0YS4=,,IFNvbGljaXR1ZCBkZWwgR3J1cG8gZGUgRWTDqW4uCl40RDRERkZbQ2FjZXLDrWEgZGUgU2hpbm9iaV1eMDAwMDAwOiBtaXNpw7NuIGFjZXB0YWRhLg==
AKhfAw,,W1JlcXVlc3QgQ29tcGxldGVkXQpMb2NhdGlvbjogS3VubHVuIEFyY2FkaWEKVGFyZ2V0OiBEZWZlYXQgMjAgRXZpbCBOeW1waApSZXdhcmQ6IEV4cCA3NjYwMCwgSmV4cCA4MzcwMA==,,,,,W1NvbGljaXRhw6fDo28gQ29uY2x1w61kYV0KTG9jYWxpemHDp8OjbzogVGVycmEgZGFzIEZhZGFzIGRlIEt1bmx1bgpPYmpldGl2bzogRGVycm90YXIgMjAgTmluZmFzIFBlcnZlcnNhcwpSZWNvbXBlbnNhOiBFeHAgNzY2MDAsIEpleHAgODM3MDA=,,W1NvbGljaXR1ZCBjb21wbGV0YWRhXQpVYmljYWNpw7NuOiBBcmNhZGlhIGVuIEt1bmx1bi4KT2JqZXRpdm86IERlcnJvdGEgYSAyME5pbmZhcyBtYWx2YWRhcy4KUHJlbWlvOiA3NjYwMGRlRVhQIHkgODM3MDBkZUVYUGRlY2xhc2Uu
AahfAw,,WyBSZXF1ZXN0IGZyb20gRWRlbiBHcm91cF0KTG9jYXRpb246IEt1bmx1biBBcmNhZGlhClRhcmdldDogRGVmZWF0IDIwIEV2aWwgTnltcGgKUmV3YXJkOiBFeHAgNzY2MDAsIEpleHAgODM3MDA=,,,,,W1NvbGljaXRhw6fDo28gZG8gR3J1cG8gw4lkZW5dCkxvY2FsaXphw6fDo286IFRlcnJhIGRhcyBGYWRhcyBkZSBLdW5sdW4KT2JqZXRpdm86IERlcnJvdGFyIDIwIE5pbmZhcyBQZXJ2ZXJzYXMKUmVjb21wZW5zYTogRXhwIDc2NjAwLCBKZXhwIDgzNzAw,,W1NvbGljaXR1ZCBkZWwgR3J1cG8gZGUgRWTDqW5dClViaWNhY2nDs246IEFyY2FkaWEgZW4gS3VubHVuLgpPYmpldGl2bzogRGVycm90YSBhIDIwTmluZmFzIG1hbHZhZGFzLgpQcmVtaW86IDc2NjAwZGVFWFAgeSA4MzcwMGRlRVhQZGVjbGFzZS4=
AqhfAw,,IFJlcXVlc3QgZnJvbSBFZGVuIEdyb3VwCl40RDRERkZbQ2VsZXN0aWFsIExhZHldXjAwMDAwMCBRdWVzdCBhY2NlcHRlZC4=,,,,,UGVkaWRvIGRvIEdydXBvIMOJZGVuCl40RDRERkZbRGFtYSBDZWxlc3RpYWxdXjAwMDAwMCBNaXNzw6NvIGFjZWl0YS4=,,IFNvbGljaXR1ZCBkZWwgR3J1cG8gZGUgRWTDqW4uCl40RDRERkZbRGFtYSBjZWxlc3RpYWxdXjAwMDAwMDogbWlzacOzbiBhY2VwdGFkYS4=
A6hfAw,,W1JlcXVlc3QgQ29tcGxldGVkXQpMb2NhdGlvbjogU2hyaW5lIG9mIEt1bmx1biBRdWVlbgpUYXJnZXQ6IERlZmVhdCAyMCBFbmNoYW50ZWQgUGVhY2ggVHJlZQpSZXdhcmQ6IEV4cCA2MzAwMCwgSmV4cCA3MTkwMA==,,,,,W1NvbGljaXRhw6fDo28gQ29uY2x1w61kYV0KTG9jYWxpemHDp8OjbzogU2FudHXDoXJpbyBkYSBSYWluaGEgZGUgS3VubHVuCk9iamV0aXZvOiBEZXJyb3RhciAyMCBQZXNzZWd1ZWlyYXMgRW5jYW50YWRhcwpSZWNvbXBlbnNhOiBFeHAgNjMwMDAsIEpleHAgNzE5MDA=,,W1NvbGljaXR1ZCBjb21wbGV0YWRhXQpVYmljYWNpw7NuOiBTYW50dWFyaW8gZGUgbGEgcmVpbmEgZGUgS3VubHVuLgpPYmpldGl2bzogRGVycm90YSBhIDIwRHVyYXpuZXJvcyBlbmNhbnRhZG9zLgpQcmVtaW86IDYzMDAwZGVFWFAgeSA3MTkwMGRlRVhQZGVjbGFzZS4=
BKhfAw,,WyBSZXF1ZXN0IGZyb20gRWRlbiBHcm91cF0KTG9jYXRpb246IFNocmluZSBvZiBLdW5sdW4gUXVlZW4KVGFyZ2V0OiBEZWZlYXQgMjAgRW5jaGFudGVkIFBlYWNoIFRyZWUKUmV3YXJkOiBFeHAgNjMwMDAsIEpleHAgNzE5MDA=,,,,,W1NvbGljaXRhw6fDo28gZG8gR3J1cG8gw4lkZW5dCkxvY2FsaXphw6fDo286IFNhbnR1w6FyaW8gZGEgUmFpbmhhIGRlIEt1bmx1bgpPYmpldGl2bzogRGVycm90YXIgMjAgUGVzc2VndWVpcmFzIEVuY2FudGFkYXMKUmVjb21wZW5zYTogRXhwIDYzMDAwLCBKZXhwIDcxOTAw,,W1NvbGljaXR1ZCBkZWwgR3J1cG8gZGUgRWTDqW5dClViaWNhY2nDs246IFNhbnR1YXJpbyBkZSBsYSByZWluYSBkZSBLdW5sdW4uCk9iamV0aXZvOiBEZXJyb3RhIGEgMjBEdXJhem5lcm9zIGVuY2FudGFkb3MuClByZW1pbzogNjMwMDBkZUVYUCB5IDcxOTAwZGVFWFBkZWNsYXNlLg==
BahfAw,,IFJlcXVlc3QgZnJvbSBFZGVuIEdyb3VwCl40RDRERkZbTW9ua2V5IEtpbmcgQ2FuZGlkYXRlXV4wMDAwMDAgUXVlc3QgYWNjZXB0ZWQu,,,,,U29saWNpdGHDp8OjbyBkbyBHcnVwbyDDiWRlbgpeNEQ0REZGW0NhbmRpZGF0byBhIFJlaSBNYWNhY29dXjAwMDAwMCBNaXNzw6NvIGFjZWl0YS4=,,IFNvbGljaXR1ZCBkZWwgR3J1cG8gZGUgRWTDqW4uCl40RDRERkZbQ2FuZGlkYXRvIGEgUmV5IE1vbm9dXjAwMDAwMDogbWlzacOzbiBhY2VwdGFkYS4=
BqhfAw,,W1JlcXVlc3QgQ29tcGxldGVkXQpMb2NhdGlvbjogSGVybWl0J3MgQ2hlY2tlcnMgaW4gS3VubHVuClRhcmdldDogRGVmZWF0IDIwIFRhb2lzdCBIZXJtaXQKUmV3YXJkOiBFeHAgNzIwMDAsIEpleHAgNzIwMDA=,,,,,W1NvbGljaXRhw6fDo28gQ29uY2x1w61kYV0KTG9jYWxpemHDp8OjbzogVGFidWxlaXJvIGRlIEdvIGVtIEt1bmx1bgpPYmpldGl2bzogRGVycm90YXIgMjAgRXJtaXTDtWVzIE1hbGlnbm9zClJlY29tcGVuc2E6IEV4cCA3MjAwMCwgSmV4cCA3MjAwMA==,,W1NvbGljaXR1ZCBjb21wbGV0YWRhXQpVYmljYWNpw7NuOiBEYW1hcyBkZWwgZXJtaXRhw7FvIGRlIEt1bmx1bi4KT2JqZXRpdm86IERlcnJvdGEgYSAyMEVybWl0YcOxb3MgdGFvw61zdGFzLgpQcmVtaW86IDcyMDAwZGVFWFAgeSA3MjAwMGRlRVhQZGVjbGFzZS4=
B6hfAw,,WyBSZXF1ZXN0IGZyb20gRWRlbiBHcm91cF0KTG9jYXRpb246IEhlcm1pdCdzIENoZWNrZXJzIGluIEt1bmx1bgpUYXJnZXQ6IERlZmVhdCAyMCBUYW9pc3QgSGVybWl0ClJld2FyZDogRXhwIDcyMDAwLCBKZXhwIDcyMDAw,,,,,W1NvbGljaXRhw6fDo28gZG8gR3J1cG8gw4lkZW5dCkxvY2FsaXphw6fDo286IFRhYnVsZWlybyBkZSBHbyBlbSBLdW5sdW4KT2JqZXRpdm86IERlcnJvdGFyIDIwIEVybWl0w7VlcyBNYWxpZ25vcwpSZWNvbXBlbnNhOiBFeHAgNzIwMDAsIEpleHAgNzIwMDA=,,W1NvbGljaXR1ZCBkZWwgR3J1cG8gZGUgRWTDqW5dClViaWNhY2nDs246IERhbWFzIGRlbCBlcm1pdGHDsW8gZGUgS3VubHVuLgpPYmpldGl2bzogRGVycm90YSBhIDIwRXJtaXRhw7FvcyB0YW/DrXN0YXMuClByZW1pbzogNzIwMDBkZUVYUCB5IDcyMDAwZGVFWFBkZWNsYXNlLg==
CKhfAw,,IFJlcXVlc3QgZnJvbSBFZGVuIEdyb3VwCl40RDRERkZbT2xkIE1hbiBvbiB0aGUgQ2xvdWRzXV4wMDAwMDAgUXVlc3QgYWNjZXB0ZWQu,,,,,U29saWNpdGHDp8OjbyBkbyBHcnVwbyDDiWRlbgpeNEQ0REZGW1ZlbGhvIG5hcyBOdXZlbnNdXjAwMDAwMCBNaXNzw6NvIGFjZWl0YS4=,,IFNvbGljaXR1ZCBkZWwgR3J1cG8gZGUgRWTDqW4uCl40RDRERkZbQW5jaWFubyBlbiBsYXMgbnViZXNdXjAwMDAwMDogbWlzacOzbiBhY2VwdGFkYS4=
CahfAw,,W1JlcXVlc3QgQ29tcGxldGVkXQpMb2NhdGlvbjogRmllbGQgbmVhciBTY2h3YXJ6d2FsZCBib3JkZXIgY3Jvc3NpbmcKVGFyZ2V0OiBEZWZlYXQgMTAgR2VvZ3JhcGhlciBhbmQgMTAgTWFudGlzClJld2FyZDogRXhwIDE5NzYwLCBKZXhwIDE1MTUw,,,,,W1NvbGljaXRhw6fDo28gQ29uY2x1w61kYV0KTG9jYWxpemHDp8OjbzogQ2FtcG9zIHByw7N4aW1vcyBhbyBjcnV6YW1lbnRvIGRhIGZyb250ZWlyYSBkZSBTY2h3YXJ6d2FsZApPYmpldGl2bzogRGVycm90YXIgMTAgUGxhbnRhcyBDYXJuw612b3JhcyBlIDEwIExvdXZhLWEtRGV1cwpSZWNvbXBlbnNhOiBFeHAgMTk3NjAsIEpleHAgMTUxNTA=,,W1NvbGljaXR1ZCBjb21wbGV0YWRhXQpVYmljYWNpw7NuOiBDYW1wbyBjZXJjYSBkZWwgcGFzbyBmcm9udGVyaXpvIGRlIFNjaHdhcnp3YWxkLgpPYmpldGl2bzogRGVycm90YSBhIDEwR2XDs2dyYWZvcyB5IDEwTWFudGlzLgpQcmVtaW86IDE5NzYwZGVFWFAgeSAxNTE1MGRlRVhQZGVjbGFzZS4=
CqhfAw,,W1JlcXVlc3QgZnJvbSBjaGllZiBDZXNhcmUgYXQgdGhlIFNjaHdhcnp3YWxkIGJvcmRlciBjcm9zc2luZy5dCkxvY2F0aW9uOiBGaWVsZCBuZWFyIFNjaHdhcnp3YWxkIGJvcmRlciBjcm9zc2luZwpUYXJnZXQ6IERlZmVhdCAxMCBHZW9ncmFwaGVyIGFuZCAxMCBNYW50aXMKUmV3YXJkOiBFeHAgMTk3NjAsIEpleHAgMTUxNTA=,,,,,W1NvbGljaXRhw6fDo28gZG8gY2hlZmUgQ2VzYXJlIG5vIHBvc3RvIGRhIGZyb250ZWlyYSBkZSBTY2h3YXJ6d2FsZC5dCkxvY2FsaXphw6fDo286IENhbXBvcyBwcsOzeGltb3MgYW8gY3J1emFtZW50byBkYSBmcm9udGVpcmEgZGUgU2Nod2FyendhbGQKT2JqZXRpdm86IERlcnJvdGFyIDEwIFBsYW50YXMgQ2FybsOtdm9yYXMgZSAxMCBMb3V2YS1hLURldXMKUmVjb21wZW5zYTogRXhwIDE5NzYwLCBKZXhwIDE1MTUw,,W1NvbGljaXR1ZCBkZWwgamVmZSBDZXNhcmUgZW4gZWwgcGFzbyBmcm9udGVyaXpvIGRlIFNjaHdhcnp3YWxkXQpVYmljYWNpw7NuOiBDYW1wbyBjZXJjYSBkZWwgcGFzbyBmcm9udGVyaXpvIGRlIFNjaHdhcnp3YWxkLgpPYmpldGl2bzogRGVycm90YSBhIDEwR2XDs2dyYWZvcyB5IDEwTWFudGlzLgpQcmVtaW86IDE5NzYwZGVFWFAgeSAxNTE1MGRlRVhQZGVjbGFzZS4=
C6hfAw,,UmVxdWVzdCBmcm9tIGNoaWVmIENlc2FyZSBhdCB0aGUgU2Nod2FyendhbGQgYm9yZGVyIGNyb3NzaW5nLgpeNEQ0REZGW0JvcmRlciBDaGVja3BvaW50IFdvcmtdXjAwMDAwMCBRdWVzdCBhY2NlcHRlZC4=,,,,,U29saWNpdGHDp8OjbyBkbyBjaGVmZSBDZXNhcmUgbm8gcG9zdG8gZGEgZnJvbnRlaXJhIGRlIFNjaHdhcnp3YWxkLgpeNEQ0REZGW1RyYW1wbyBkZSBDb250cm9sZSBkYSBGcm9udGVpcmFdXjAwMDAwMCBNaXNzw6NvIGFjZWl0YS4=,,U29saWNpdHVkIGRlbCBqZWZlIENlc2FyZSBlbiBlbCBwYXNvIGZyb250ZXJpem8gZGUgU2Nod2FyendhbGQuCl40RDRERkZbVHJhYmFqbyBlbiBlbCBwdW50byBkZSBjb250cm9sIGZyb250ZXJpem9dXjAwMDAwMDogbWlzacOzbiBhY2VwdGFkYS4=
DKhfAw,,W1JlcXVlc3QgQ29tcGxldGVkXQpMb2NhdGlvbjogSHVnZWwgU291dGh3ZXN0IEZpZWxkClRhcmdldDogRGVmZWF0IDEwIFllbGxvdyBOb3Z1cyBhbmQgMTAgUmVkIE5vdnVzClJld2FyZDogRXhwIDQzMDgwLCBKZXhwIDQwMTYw,,,,,W1NvbGljaXRhw6fDo28gQ29uY2x1w61kYV0KTG9jYWxpemHDp8OjbzogQ2FtcG9zIGFvIFN1ZG9lc3RlIGRlIEh1Z2VsCk9iamV0aXZvOiBEZXJyb3RhciAxMCBOb3Z1cyBEb3VyYWRvcyBlIDEwIE5vdnVzIFZlcm1lbGhvcwpSZWNvbXBlbnNhOiBFeHAgNDMwODAsIEpleHAgNDAxNjA=,,W1NvbGljaXR1ZCBjb21wbGV0YWRhXQpVYmljYWNpw7NuOiBDYW1wbyBkZWwgc3Vyb2VzdGUgZGUgSHVnZWwuCk9iamV0aXZvOiBEZXJyb3RhIGEgMTBOb3Z1cyBhbWFyaWxsb3MgeSAxME5vdnVzIHJvam9zLgpQcmVtaW86IDQzMDgwZGVFWFAgeSA0MDE2MGRlRVhQZGVjbGFzZS4=
DahfAw,,W0h1Z2VsIEJsYWNrc21pdGggRHJ5J3MgUmVxdWVzdF0KTG9jYXRpb246IEh1Z2VsIFNvdXRod2VzdCBGaWVsZApUYXJnZXQ6IERlZmVhdCAxMCBZZWxsb3cgTm92dXMgYW5kIDEwIFJlZCBOb3Z1cwpSZXdhcmQ6IEV4cCA0MzA4MCwgSmV4cCA0MDE2MA==,,,,,W1BlZGlkbyBkZSBEcnksIEZlcnJlaXJvIGRlIEh1Z2VsXQpMb2NhbGl6YcOnw6NvOiBDYW1wb3MgYW8gU3Vkb2VzdGUgZGUgSHVnZWwKT2JqZXRpdm86IERlcnJvdGFyIDEwIE5vdnVzIERvdXJhZG9zIGUgMTAgTm92dXMgVmVybWVsaG9zClJlY29tcGVuc2E6IEV4cCA0MzA4MCwgSmV4cCA0MDE2MA==,,W1NvbGljaXR1ZCBkZSBEcnksIGhlcnJlcm8gZW4gSHVnZWxdClViaWNhY2nDs246IENhbXBvIGRlbCBzdXJvZXN0ZSBkZSBIdWdlbC4KT2JqZXRpdm86IERlcnJvdGEgYSAxME5vdnVzIGFtYXJpbGxvcyB5IDEwTm92dXMgcm9qb3MuClByZW1pbzogNDMwODBkZUVYUCB5IDQwMTYwZGVFWFBkZWNsYXNlLg==
DqhfAw,,SHVnZWwgQmxhY2tzbWl0aCBEcnkncyBSZXF1ZXN0Cl40RDRERkZbUGlwZSBGYWlsdXJlXV4wMDAwMDAgUXVlc3QgYWNjZXB0ZWQu,,,,,UGVkaWRvIGRlIERyeSwgRmVycmVpcm8gZGUgSHVnZWwKXjRENERGRltQcm9ibGVtYSBkZSBUdWJ1bGHDp8Ojb11eMDAwMDAwIE1pc3PDo28gYWNlaXRhLg==,,U29saWNpdHVkIGRlIERyeSwgaGVycmVybyBlbiBIdWdlbC4KXjRENERGRltBdmVyw61hIGRlIHR1YmVyw61hXV4wMDAwMDA6IG1pc2nDs24gYWNlcHRhZGEu
D6hfAw,,W1JlcXVlc3QgQ29tcGxldGVkXQpMb2NhdGlvbjogUmFjaGVsIFBsYWlucwpUYXJnZXQ6IERlZmVhdCAzMCBSb3dlZW4KUmV3YXJkOiBFeHAgODYwMDAsIEpleHAgODIwMDA=,,,,,W1NvbGljaXRhw6fDo28gQ29uY2x1w61kYV0KTG9jYWxpemHDp8OjbzogUGxhbsOtY2VzIGRlIFJhY2hlbApPYmpldGl2bzogRGVycm90YXIgMzAgUm93ZWVuClJlY29tcGVuc2E6IEV4cCA4NjAwMCwgSmV4cCA4MjAwMA==,,W1NvbGljaXR1ZCBjb21wbGV0YWRhXQpVYmljYWNpw7NuOiBMbGFudXJhcyBkZSBSYWNoZWwuCk9iamV0aXZvOiBEZXJyb3RhIGEgMzBSb3dlZW4uClByZW1pbzogODYwMDBkZUVYUCB5IDgyMDAwZGVFWFBkZWNsYXNlLg==
EKhfAw,,W1JlcXVlc3QgZnJvbSB0aGUgc2VjdXJpdHkgaW4gZnJvbnQgb2YgUmFjaGVsIEFpcnBvcnRdCkxvY2F0aW9uOiBSYWNoZWwgUGxhaW5zClRhcmdldDogRGVmZWF0IDMwIFJvd2VlbgpSZXdhcmQ6IEV4cCA4NjAwMCwgSmV4cCA4MjAwMA==,,,,,W1NvbGljaXRhw6fDo28gZG8gc2VndXJhbsOnYSBlbSBmcmVudGUgYW8gQWVyb3BvcnRvIGRlIFJhY2hlbF0KTG9jYWxpemHDp8OjbzogUGxhbsOtY2VzIGRlIFJhY2hlbApPYmpldGl2bzogRGVycm90YXIgMzAgUm93ZWVuClJlY29tcGVuc2E6IEV4cCA4NjAwMCwgSmV4cCA4MjAwMA==,,W1NvbGljaXR1ZCBkZSBndWFyZGlhIGRlIHNlZ3VyaWRhZCBmcmVudGUgYWwgYWVyb3B1ZXJ0byBkZSBSYWNoZWxdClViaWNhY2nDs246IExsYW51cmFzIGRlIFJhY2hlbC4KT2JqZXRpdm86IERlcnJvdGEgYSAzMFJvd2Vlbi4KUHJlbWlvOiA4NjAwMGRlRVhQIHkgODIwMDBkZUVYUGRlY2xhc2Uu
EahfAw,,UmVxdWVzdCBmcm9tIHRoZSBzZWN1cml0eSBpbiBmcm9udCBvZiBSYWNoZWwgQWlycG9ydApeNEQ0REZGW0EgUGVhY2VmdWwgUGlsZ3JpbWFnZV1eMDAwMDAwIFF1ZXN0IGFjY2VwdGVkLg==,,,,,U29saWNpdGHDp8OjbyBkbyBzZWd1cmFuw6dhIGVtIGZyZW50ZSBhbyBBZXJvcG9ydG8gUmFjaGVsCl40RDRERkZbUGVyZWdyaW5hw6fDo28gUGFjw61maWNhXV4wMDAwMDAgTWlzc8OjbyBhY2VpdGEu,,U29saWNpdHVkIGRlIGd1YXJkaWEgZGUgc2VndXJpZGFkIGZyZW50ZSBhbCBhZXJvcHVlcnRvIGRlIFJhY2hlbC4KXjRENERGRltVbmEgcGVyZWdyaW5hY2nDs24gcGFjw61maWNhXV4wMDAwMDA6IG1pc2nDs24gYWNlcHRhZGEu
EqhfAw,,W1JlcXVlc3QgQ29tcGxldGVkXQpMb2NhdGlvbjogUmFjaGVsIEljZSBDYXZlIDFGClRhcmdldDogRGVmZWF0IDMwIFNpcm9tYQpSZXdhcmQ6IEV4cCA5MjAwMCwgSmV4cCA4MjAwMA==,,,,,W1NvbGljaXRhw6fDo28gQ29uY2x1w61kYV0KTG9jYWxpemHDp8OjbzogQ2F2ZXJuYSBkZSBHZWxvIFJhY2hlbCAoMSkKT2JqZXRpdm86IERlcnJvdGFyIDMwIFNpcm9tYQpSZWNvbXBlbnNhOiBFeHAgOTIwMDAsIEpleHAgODIwMDA=,,W1NvbGljaXR1ZCBjb21wbGV0YWRhXQpVYmljYWNpw7NuOiBDdWV2YSBkZSBoaWVsbyBkZSBSYWNoZWxQMS4KT2JqZXRpdm86IERlcnJvdGEgYSAzMFNpcm9tYS4KUHJlbWlvOiA5MjAwMGRlRVhQIHkgODIwMDBkZUVYUGRlY2xhc2Uu
E6hfAw,,W0xlb25hcmQncyByZXF1ZXN0IGZyb20gdGhlIG1haW4gcm9hZCBlYXN0IG9mIFJhY2hlbF0KTG9jYXRpb246IFJhY2hlbCBJY2UgQ2F2ZSAxRgpUYXJnZXQ6IERlZmVhdCAzMCBTaXJvbWEKUmV3YXJkOiBFeHAgOTIwMDAsIEpleHAgODIwMDA=,,,,,W1BlZGlkbyBkZSBMZW9uYXJkIGRhIGVzdHJhZGEgcHJpbmNpcGFsIGEgbGVzdGUgZGUgUmFjaGVsXQpMb2NhbGl6YcOnw6NvOiBDYXZlcm5hIGRlIEdlbG8gUmFjaGVsICgxKQpPYmpldGl2bzogRGVycm90YXIgMzAgU2lyb21hClJlY29tcGVuc2E6IEV4cCA5MjAwMCwgSmV4cCA4MjAwMA==,,W1NvbGljaXR1ZCBkZSBMZW9uYXJkIGVuIGxhIGNhcnJldGVyYSBwcmluY2lwYWwgYWwgZXN0ZSBkZSBSYWNoZWxdClViaWNhY2nDs246IEN1ZXZhIGRlIGhpZWxvIGRlIFJhY2hlbFAxLgpPYmpldGl2bzogRGVycm90YSBhIDMwU2lyb21hLgpQcmVtaW86IDkyMDAwZGVFWFAgeSA4MjAwMGRlRVhQZGVjbGFzZS4=
FKhfAw,,TGVvbmFyZCdzIHJlcXVlc3QgZnJvbSB0aGUgbWFpbiByb2FkIGVhc3Qgb2YgUmFjaGVsCl40RDRERkZbR3VhcmRpYW4gb2YgQmVhdXR5XV4wMDAwMDAgUXVlc3QgYWNjZXB0ZWQu,,,,,UGVkaWRvIGRlIExlb25hcmQgZGEgZXN0cmFkYSBwcmluY2lwYWwgYSBsZXN0ZSBkZSBSYWNoZWwKXjRENERGRltHdWFyZGnDo28gZGEgQmVsZXphXV4wMDAwMDAgTWlzc8OjbyBhY2VpdGEu,,U29saWNpdHVkIGRlIExlb25hcmQgZW4gbGEgY2FycmV0ZXJhIHByaW5jaXBhbCBhbCBlc3RlIGRlIFJhY2hlbC4KXjRENERGRltHdWFyZGnDoW4gZGUgbGEgYmVsbGV6YV1eMDAwMDAwOiBtaXNpw7NuIGFjZXB0YWRhLg==
FahfAw,,W1JlcXVlc3QgQ29tcGxldGVkXQpMb2NhdGlvbjogVmVpbnMgRmllbGQKVGFyZ2V0OiBEZWZlYXQgMzAgU3RhcG8KUmV3YXJkOiBFeHAgODYwMDAsIEpleHAgODIwMDA=,,,,,W1NvbGljaXRhw6fDo28gQ29uY2x1w61kYV0KTG9jYWxpemHDp8OjbzogQ2FtcG9zIGRlIFZlaW5zCk9iamV0aXZvOiBEZXJyb3RhciAzMCBTdGFwbwpSZWNvbXBlbnNhOiBFeHAgODYwMDAsIEpleHAgODIwMDA=,,W1NvbGljaXR1ZCBjb21wbGV0YWRhXQpVYmljYWNpw7NuOiBDYW1wbyBkZSBWZWlucy4KT2JqZXRpdm86IERlcnJvdGEgYSAzMFN0YXBvLgpQcmVtaW86IDg2MDAwZGVFWFAgeSA4MjAwMGRlRVhQZGVjbGFzZS4=
FqhfAw,,W1JlcXVlc3QgZnJvbSBNYXlvciBDcmF2ZW4gbmV4dCB0byBWZWlucyBTcXVhcmVdCkxvY2F0aW9uOiBWZWlucyBGaWVsZApUYXJnZXQ6IERlZmVhdCAzMCBTdGFwbwpSZXdhcmQ6IEV4cCA4NjAwMCwgSmV4cCA4MjAwMA==,,,,,W1BlZGlkbyBkbyBQcmVmZWl0byBDcmF2ZW4gcHLDs3hpbW8gw6AgUHJhw6dhIGRlIFZlaW5zXQpMb2NhbGl6YcOnw6NvOiBDYW1wb3MgZGUgVmVpbnMKT2JqZXRpdm86IERlcnJvdGFyIDMwIFN0YXBvClJlY29tcGVuc2E6IEV4cCA4NjAwMCwgSmV4cCA4MjAwMA==,,W1NvbGljaXR1ZCBkZWwgYWxjYWxkZSBDcmF2ZW4ganVudG8gYSBsYSBwbGF6YSBkZSBWZWluc10KVWJpY2FjacOzbjogQ2FtcG8gZGUgVmVpbnMuCk9iamV0aXZvOiBEZXJyb3RhIGEgMzBTdGFwby4KUHJlbWlvOiA4NjAwMGRlRVhQIHkgODIwMDBkZUVYUGRlY2xhc2Uu
F6hfAw,,UmVxdWVzdCBmcm9tIE1heW9yIENyYXZlbiBuZXh0IHRvIFZlaW5zIFNxdWFyZQpeNEQ0REZGW1N0b25lIFN3YWxsb3dpbmcgU3RvbmVdXjAwMDAwMCBRdWVzdCBhY2NlcHRlZC4=,,,,,UGVkaWRvIGRvIFByZWZlaXRvIENyYXZlbiBwcsOzeGltbyDDoCBQcmHDp2EgZGUgVmVpbnMKXjRENERGRltQZWRyYSBzb2JyZSBQZWRyYV1eMDAwMDAwIE1pc3PDo28gYWNlaXRhLg==,,U29saWNpdHVkIGRlbCBhbGNhbGRlIENyYXZlbiBqdW50byBhIGxhIHBsYXphIGRlIFZlaW5zLgpeNEQ0REZGW1BpZWRyYSB0cmFnYXBpZWRyYXNdXjAwMDAwMDogbWlzacOzbiBhY2VwdGFkYS4=
GKhfAw,,RWRlbiBMb2dpc3RpY3MgTWFuYWdlcg==,,,,,R2VyZW50ZSBkZSBMb2fDrXN0aWNhIGRhIMOJZGVu,,RWRlbiBMb2dpc3RpY3MgTWFuYWdlcg==
GahfAw,,W0VkZW4gTG9naXN0aWNzIE1hbmFnZXJdCkluIG9yZGVyIHRvIHJlY2VpdmUgYSByZXF1ZXN0IFlvdSBtdXN0IGhhdmUgXjRENERGRidFZGVuIEdyb3VwIE1hcmsnXjAwMDAwMC4KUmVnYXJkaW5nIF40RDRERkYnRWRlbiBHcm91cCBNYXJrJ14wMDAwMDAsIHBsZWFzZSBhc2sgTGltZSBuZXh0IHRvIHlvdS4=,,,,,W0dlcmVudGUgZGUgTG9nw61zdGljYSBkYSDDiWRlbl0KUGFyYSByZWNlYmVyIHVtYSBzb2xpY2l0YcOnw6NvLCB2b2PDqiBkZXZlIHRlciBeNEQ0REZG4oCcRW1ibGVtYSBkbyBHcnVwbyDDiWRlbuKAnV4wMDAwMDAuCkNvbSByZWxhw6fDo28gYW8gXjRENERGRuKAnEVtYmxlbWEgZG8gR3J1cG8gw4lkZW7igJ1eMDAwMDAwLCBwb3IgZmF2b3IsIHBlcmd1bnRlIGFvIExpbWUgYW8gc2V1IGxhZG8u,,W0FkbWluLiBsb2fDrXN0LiBkZSBFZMOpbl0KUGFyYSByZWNpYmlyIHVuYSBzb2xpY2l0dWQgZGViZXMgdGVuZXIgbGEgXjRENERGRk1hcmNhIGRlbCBHcnVwbyBkZSBFZMOpbl4wMDAwMDAuCkVuIGN1YW50byBhIGxhIF40RDRERkZNYXJjYSBkZWwgR3J1cG8gZGUgRWTDqW5eMDAwMDAwLCBwdWVkZXMgcHJlZ3VudGFybGUgYSBMaW1lIHF1ZSBlc3TDoSBhIHR1IGxhZG8u
GqhfAw,,XjhDOEM4Q0ZsdWZmIERlbGl2ZXJ5IChDb21wbGV0ZWQpXjAwMDAwMA==,,,,,XjhDOEM4Q0VudHJlZ2EgZGUgRmVscGEgKENvbmNsdcOtZG8pXjAwMDAwMA==,,XjhDOEM4Q0VudHJlZ2EgZGUgUGVsdXNhcyAoY29tcGxldGFkYSleMDAwMDAw
G6hfAw,,Rmx1ZmYgRGVsaXZlcnkgWzFd,,,,,RW50cmVnYSBkZSBGZWxwYSBbMV0=,,RW50cmVnYSBkZSBQZWx1c2FzIFsxXQ==
HKhfAw,,XjhDOEM4Q1N0aWNreSBXZWJmb290IERlbGl2ZXJ5IChDb21wbGV0ZWQpXjAwMDAwMA==,,,,,XjhDOEM4Q0VudHJlZ2EgZGUgUGF0YSBQZWdham9zYXMgKENvbmNsdcOtZG8pXjAwMDAwMA==,,XjhDOEM4Q0VudHJlZ2EgZGUgUGF0YXMgcGFsbcOtcGVkYXMgcGVnYWpvc2FzIChjb21wbGV0YWRhKV4wMDAwMDA=
HahfAw,,U3RpY2t5IFdlYmZvb3QgRGVsaXZlcnkgWzEwXQ==,,,,,RW50cmVnYSBkZSBQYXRhIFBlZ2Fqb3NhcyBbMTBd,,RW50cmVnYSBkZSBQYXRhcyBwYWxtw61wZWRhcyBwZWdham9zYXMgWzEwXQ==
HqhfAw,,XjhDOEM4Q0dyYXNzaG9wcGVyJ3MgTGVnIERlbGl2ZXJ5IChDb21wbGV0ZWQpXjAwMDAwMA==,,,,,XjhDOEM4Q0VudHJlZ2EgZGUgUGVybmEgZGUgR2FmYW5ob3RvIChDb25jbHXDrWRvKV4wMDAwMDA=,,XjhDOEM4Q0VudHJlZ2EgZGUgUGF0YXMgZGUgc2FsdGFtb250ZXMgKGNvbXBsZXRhZGEpXjAwMDAwMA==
H6hfAw,,R3Jhc3Nob3BwZXIncyBMZWcgRGVsaXZlcnkgWzE1XQ==,,,,,RW50cmVnYSBkZSBQZXJuYSBkZSBHYWZhbmhvdG8gWzE1XQ==,,RW50cmVnYSBkZSBQYXRhcyBkZSBzYWx0YW1vbnRlcyBbMTVd
IKhfAw,,XjhDOEM4Q1NuYWlsJ3MgU2hlbGwgRGVsaXZlcnkgKENvbXBsZXRlZCleMDAwMDAw,,,,,XjhDOEM4Q0VudHJlZ2EgZGUgQ2FzY28gZGUgQ2FyYW11am8gKENvbmNsdcOtZG8pXjAwMDAwMA==,,XjhDOEM4Q0VudHJlZ2EgZGUgQ2FwYXJhem9uZXMgZGUgY2FyYWNvbCAoY29tcGxldGFkYSleMDAwMDAw
IahfAw,,U25haWwncyBTaGVsbCBEZWxpdmVyeSBbMjBd,,,,,RW50cmVnYSBkZSBDYXNjbyBkZSBDYXJhbXVqbyBbMjBd,,RW50cmVnYSBkZSBDYXBhcmF6b25lcyBkZSBjYXJhY29sIFsyMF0=
IqhfAw,,XjhDOEM4Q0JpcmQncyBCaWxsIERlbGl2ZXJ5IChDb21wbGV0ZWQpXjAwMDAwMA==,,,,,XjhDOEM4Q0VudHJlZ2EgZGUgQmljbyBkZSBBdmUgKENvbmNsdcOtZG8pXjAwMDAwMA==,,XjhDOEM4Q0VudHJlZ2EgZGUgUGljb3MgZGUgYXZlIChjb21wbGV0YWRhKV4wMDAwMDA=
I6hfAw,,QmlyZCdzIEJpbGwgRGVsaXZlcnkgWzI1XQ==,,,,,RW50cmVnYSBkZSBCaWNvIGRlIEF2ZSBbMjVd,,RW50cmVnYSBkZSBQaWNvcyBkZSBhdmUgWzI1XQ==
JKhfAw,,XjhDOEM4Q0JlYXIncyBGb290c2tpbiBEZWxpdmVyeSAoQ29tcGxldGVkKV4wMDAwMDA=,,,,,XjhDOEM4Q0VudHJlZ2EgZGUgUGF0YSBkZSBVcnNvIChDb25jbHXDrWRvKV4wMDAwMDA=,,XjhDOEM4Q0VudHJlZ2EgZGUgUGllbGVzIGRlIHBhdGFzIGRlIG9zbyAoY29tcGxldGFkYSleMDAwMDAw
JahfAw,,QmVhcidzIEZvb3Rza2luIERlbGl2ZXJ5IFszMF0=,,,,,RW50cmVnYSBkZSBQYXRhIGRlIFVyc28gWzMwXQ==,,RW50cmVnYSBkZSBQaWVsZXMgZGUgcGF0YXMgZGUgb3NvWzMwXQ==
JqhfAw,,XjhDOEM4Q1Jlc2luIERlbGl2ZXJ5IChDb21wbGV0ZWQpXjAwMDAwMA==,,,,,XjhDOEM4Q0VudHJlZ2EgZGUgUmVzaW5hIChDb25jbHXDrWRvKV4wMDAwMDA=,,XjhDOEM4Q0VudHJlZ2EgZGUgUmVzaW5hIChjb21wbGV0YWRhKV4wMDAwMDA=
J6hfAw,,UmVzaW4gRGVsaXZlcnkgWzM1XQ==,,,,,RW50cmVnYSBkZSBSZXNpbmEgWzM1XQ==,,RW50cmVnYSBkZSBSZXNpbmEgWzM1XQ==
KKhfAw,,XjhDOEM4Q01vbmtleSBUYWlsIERlbGl2ZXJ5IChDb21wbGV0ZWQpXjAwMDAwMA==,,,,,XjhDOEM4Q0VudHJlZ2EgZGUgQ2F1ZGEgZGUgWW95byAoQ29uY2x1w61kbyleMDAwMDAw,,XjhDOEM4Q0VudHJlZ2EgZGUgQ29sYXMgZGUgbW9ubyAoY29tcGxldGFkYSleMDAwMDAw
KahfAw,,TW9ua2V5IFRhaWwgRGVsaXZlcnkgWzQwXQ==,,,,,RW50cmVnYSBkZSBDYXVkYSBkZSBZb3lvIFs0MF0=,,RW50cmVnYSBkZSBDb2xhcyBkZSBtb25vWzQwXQ==
KqhfAw,,XjhDOEM4Q0xhbnRlcm4gRGVsaXZlcnkgKENvbXBsZXRlZCleMDAwMDAw,,,,,XjhDOEM4Q0VudHJlZ2EgZGUgTGFtcGnDo28gKENvbmNsdcOtZG8pXjAwMDAwMA==,,XjhDOEM4Q0VudHJlZ2EgZGUgRmFyb2xlcyAoY29tcGxldGFkYSleMDAwMDAw
K6hfAw,,TGFudGVybiBEZWxpdmVyeSBbNDVd,,,,,RW50cmVnYSBkZSBMYW1wacOjbyBbNDVd,,RW50cmVnYSBkZSBGYXJvbGVzWzQ1XQ==
LKhfAw,,XjhDOEM4Q0NvbmNoIERlbGl2ZXJ5IChDb21wbGV0ZWQpXjAwMDAwMA==,,,,,XjhDOEM4Q0VudHJlZ2EgZGUgQ29uY2hhIChDb25jbHXDrWRvKV4wMDAwMDA=,,XjhDOEM4Q0VudHJlZ2EgZGUgQ2FyYWNvbGFzIChjb21wbGV0YWRhKV4wMDAwMDA=
LahfAw,,Q29uY2ggRGVsaXZlcnkgWzUwXQ==,,,,,RW50cmVnYSBkZSBDb25jaGEgWzUwXQ==,,RW50cmVnYSBkZSBDYXJhY29sYXMgWzUwXQ==
LqhfAw,,XjhDOEM4Q01lcm1haWQncyBIZWFydCBEZWxpdmVyeSAoQ29tcGxldGVkKV4wMDAwMDA=,,,,,XjhDOEM4Q0VudHJlZ2EgZGUgQ29yYcOnw6NvIGRlIFNlcmVpYSAoQ29uY2x1w61kbyleMDAwMDAw,,XjhDOEM4Q0VudHJlZ2EgZGVsIENvcmF6w7NuIGRlIHNpcmVuYSAoY29tcGxldGFkYSleMDAwMDAw
L6hfAw,,TWVybWFpZCdzIEhlYXJ0IERlbGl2ZXJ5IFs1NV0=,,,,,RW50cmVnYSBkZSBDb3Jhw6fDo28gZGUgU2VyZWlhIFs1NV0=,,RW50cmVnYSBkZWwgQ29yYXrDs24gZGUgc2lyZW5hIFs1NV0=
MKhfAw,,XjhDOEM4Q01hbmUgRGVsaXZlcnkgKENvbXBsZXRlZCleMDAwMDAw,,,,,XjhDOEM4Q0VudHJlZ2EgZGUgQ3JpbmEgKENvbmNsdcOtZG8pXjAwMDAwMA==,,XjhDOEM4Q0VudHJlZ2EgZGUgQ3JpbmVzIChjb21wbGV0YWRhKV4wMDAwMDA=
MahfAw,,TWFuZSBEZWxpdmVyeSBbNjBd,,,,,RW50cmVnYSBkZSBDcmluYSBbNjBd,,RW50cmVnYSBkZSBDcmluZXNbNjBd
MqhfAw,,XjhDOEM4Q0JsYWNrIEhhaXIgRGVsaXZlcnkgKENvbXBsZXRlZCleMDAwMDAw,,,,,XjhDOEM4Q0VudHJlZ2EgZGUgQ2FiZWxvcyBNb3Jlbm9zIChDb25jbHXDrWRvKV4wMDAwMDA=,,XjhDOEM4Q0VudHJlZ2EgZGVDYWJlbGxvcyBuZWdyb3MgKGNvbXBsZXRhZGEpXjAwMDAwMA==
M6hfAw,,QmxhY2sgSGFpciBEZWxpdmVyeSBbNjVd,,,,,RW50cmVnYSBkZSBDYWJlbG9zIE1vcmVub3NbNjVd,,RW50cmVnYSBkZUNhYmVsbG9zIG5lZ3JvcyBbNjVd
NKhfAw,,XjhDOEM4Q0hvcnNlc2hvZSBEZWxpdmVyeSAoQ29tcGxldGVkKV4wMDAwMDA=,,,,,XjhDOEM4Q0VudHJlZ2EgZGUgRmVycmFkdXJhIChDb25jbHXDrWRvKV4wMDAwMDA=,,XjhDOEM4Q0VudHJlZ2EgZGUgSGVycmFkdXJhcyAoY29tcGxldGFkYSleMDAwMDAw
NahfAw,,SG9yc2VzaG9lIERlbGl2ZXJ5IFs3MF0=,,,,,RW50cmVnYSBkZSBGZXJyYWR1cmEgWzcwXQ==,,RW50cmVnYSBkZSBIZXJyYWR1cmFzWzcwXQ==
NqhfAw,,XjhDOEM4Q0J1ZyBMZWcgRGVsaXZlcnkgKENvbXBsZXRlZCleMDAwMDAw,,,,,XjhDOEM4Q0VudHJlZ2EgZGUgUGF0YSBkZSBJbnNldG8gKENvbmNsdcOtZG8pXjAwMDAwMA==,,XjhDOEM4Q0VudHJlZ2EgZGUgUGF0YXMgZGUgYmljaG8gKGNvbXBsZXRhZGEpXjAwMDAwMA==
N6hfAw,,QnVnIExlZyBEZWxpdmVyeSBbNzVd,,,,,RW50cmVnYSBkZSBQYXRhIGRlIEluc2V0byBbNzVd,,RW50cmVnYSBkZVBhdGFzIGRlIGJpY2hvIFs3NV0=
OKhfAw,,XjhDOEM4Q1NhbmQgQ2x1bXAgRGVsaXZlcnkgKENvbXBsZXRlZCleMDAwMDAw,,,,,XjhDOEM4Q0VudHJlZ2EgZGUgQXJlaWEgTW9saGFkYSAoQ29uY2x1w61kbyleMDAwMDAw,,XjhDOEM4Q0VudHJlZ2EgZGUgQXJlbmEgaMO6bWVkYSAoY29tcGxldGFkYSleMDAwMDAw
OahfAw,,U2FuZCBDbHVtcCBEZWxpdmVyeSBbODBd,,,,,RW50cmVnYSBkZSBBcmVpYSBNb2xoYWRhIFs4MF0=,,RW50cmVnYSBkZSBBcmVuYSBow7ptZWRhIFs4MF0=
OqhfAw,,XjhDOEM4Q0RyeSBTYW5kIERlbGl2ZXJ5IChDb21wbGV0ZWQpXjAwMDAwMA==,,,,,XjhDOEM4Q0VudHJlZ2EgZGUgQXJlaWEgU2VjYSAoQ29uY2x1w61kbyleMDAwMDAw,,XjhDOEM4Q0VudHJlZ2EgZGUgQXJlbmEgc2VjYSAoY29tcGxldGFkYSleMDAwMDAw
O6hfAw,,RHJ5IFNhbmQgRGVsaXZlcnkgWzg1XQ==,,,,,RW50cmVnYSBkZSBBcmVpYSBTZWNhIFs4NV0=,,RW50cmVnYSBkZSBBcmVuYSBzZWNhIFs4NV0=
PKhfAw,,XjhDOEM4Q1R1cnRsZSBTaGVsbCBEZWxpdmVyeSAoQ29tcGxldGVkKV4wMDAwMDA=,,,,,XjhDOEM4Q0VudHJlZ2EgZGUgQ2FzY28gZGUgVGFydGFydWdhIChDb25jbHXDrWRvKV4wMDAwMDA=,,XjhDOEM4Q0VudHJlZ2EgZGUgQ2FwYXJhem9uZXMgZGUgdG9ydHVnYSAoY29tcGxldGFkYSleMDAwMDAw
PahfAw,,VHVydGxlIFNoZWxsIERlbGl2ZXJ5IFs5MF0=,,,,,RW50cmVnYSBkZSBDYXNjbyBkZSBUYXJ0YXJ1Z2EgWzkwXQ==,,RW50cmVnYSBkZSBDYXBhcmF6b25lcyBkZSB0b3J0dWdhIFs5MF0=
PqhfAw,,XjhDOEM4Q0xpdHRsZSBFdmlsIEhvcm4gRGVsaXZlcnkgKENvbXBsZXRlZCleMDAwMDAw,,,,,XjhDOEM4Q0VudHJlZ2EgZGUgUGVxdWVubyBDaGlmcmUgTWFsaWdubyAoQ29uY2x1w61kbyleMDAwMDAw,,XjhDOEM4Q0VudHJlZ2EgZGUgQ3Vlcm5vcyBkZSBkZW1vbmlvIHBlcXVlw7FvIChjb21wbGV0YWRhKV4wMDAwMDA=
P6hfAw,,TGl0dGxlIEV2aWwgSG9ybiBEZWxpdmVyeSBbOTVd,,,,,RW50cmVnYSBkZSBQZXF1ZW5vIENoaWZyZSBNYWxpZ25vIFs5NV0=,,RW50cmVnYSBkZSBDdWVybm9zIGRlIGRlbW9uaW8gcGVxdWXDsW8gWzk1XQ==
QKhfAw,,XjhDOEM4Q0dsYWNpYWwgSGVhcnQgRGVsaXZlcnkgKENvbXBsZXRlZCleMDAwMDAw,,,,,XjhDOEM4Q0VudHJlZ2EgZGUgQ29yYcOnw6NvIEdsYWNpYWwgKENvbmNsdcOtZG8pXjAwMDAwMA==,,XjhDOEM4Q0VudHJlZ2EgZGUgQ29yYXpvbmVzIGdsYWNpYWxlcyAoY29tcGxldGFkYSleMDAwMDAw
QahfAw,,R2xhY2lhbCBIZWFydCBEZWxpdmVyeSBbMTAwXQ==,,,,,RW50cmVnYSBkZSBDb3Jhw6fDo28gR2xhY2lhbCBbMTAwXQ==,,RW50cmVnYSBkZSBDb3Jhem9uZXMgZ2xhY2lhbGVzIFsxMDBd
QqhfAw,,W0VkZW4gTG9naXN0aWNzIE1hbmFnZXJdCkhlbGxvLgpFZGVuIGdyb3VwIGlzIHJlY2VpdmluZyBkZWxpdmVyeSBvZiBtYXRlcmlhbHMgdG8gbWFrZSB2YXJpb3VzIGVxdWlwbWVudC4=,,,,,W0dlcmVudGUgZGUgTG9nw61zdGljYSBkYSDDiWRlbl0KT2zDoS4KTyBHcnVwbyDDiWRlbiBlc3TDoSByZWNlYmVuZG8gYSBlbnRyZWdhIGRlIG1hdGVyaWFpcyBwYXJhIGEgZmFicmljYcOnw6NvIGRlIHbDoXJpb3MgZXF1aXBhbWVudG9zLg==,,W0FkbWluLiBsb2fDrXN0LiBkZSBFZMOpbl0KSG9sYS4KRWwgR3J1cG8gZGUgRWTDqW4gZXN0w6EgcmVjaWJpZW5kbyBtYXRlcmlhbGVzIHBhcmEgZmFicmljYXIgZGl2ZXJzb3MgZXF1aXBhbWllbnRvcy4=
Q6hfAw,,TFYgMX4zMA==,,,,,TFYgMX4zMA==,,Tml2ZWxlczEtMzAu
RKhfAw,,TFYgMzV+NTU=,,,,,TFYgMzV+NTU=,,Tml2ZWxlczM1LTU1Lg==
RahfAw,,TFYgNjB+ODA=,,,,,TFYgNjB+ODA=,,Tml2ZWxlczYwLTgwLg==
RqhfAw,,TFYgODV+MTAw,,,,,TFYgODV+MTAw,,Tml2ZWxlczg1LTEwMC4=
R6hfAw,,W0VkZW4gTG9naXN0aWNzIE1hbmFnZXJdClNvcnJ5LgpDdXJyZW50bHksIHdlIGhhdmUgZW5vdWdoIGRlbGl2ZXJlZCBtYXRlcmlhbHMgYW5kIGNhbm5vdCByZWNlaXZlIGFueSBtb3JlIGRlbGl2ZXJpZXMuClBsZWFzZSBjb21lIGJhY2sgbGF0ZXIu,,,,,W0dlcmVudGUgZGUgTG9nw61zdGljYSBkYSDDiWRlbl0KRGVzY3VscGUuCk5vIG1vbWVudG8sIHRlbW9zIG1hdGVyaWFpcyBlbnRyZWd1ZXMgc3VmaWNpZW50ZXMgZSBuw6NvIHBvZGVtb3MgcmVjZWJlciBtYWlzIGVudHJlZ2FzLgpQb3IgZmF2b3IsIHZvbHRlIG1haXMgdGFyZGUu,,W0FkbWluLiBsb2fDrXN0LiBkZSBFZMOpbl0KTG8gc2llbnRvLgpFbiBlc3RlIG1vbWVudG8sIGRpc3BvbmVtb3MgZGUgc3VmaWNpZW50ZXMgbWF0ZXJpYWxlcyB5IG5vIHBvZGVtb3MgcmVjaWJpciBtw6FzIGVudHJlZ2FzLgpWdWVsdmUgbcOhcyB0YXJkZSwgcG9yIGZhdm9yLg==
SKhfAw,,W0ZsdWZmIERlbGl2ZXJ5IFJlcXVlc3RdClJlcXVpcmVkIE1hdGVyaWFscyA6IEZsdWZmIDMwIHBjcwpSZXdhcmQ6IEV4cCA1MDAw,,,,,W1BlZGlkbyBkZSBFbnRyZWdhIGRlIEZlbHBhXQpNYXRlcmlhaXMgbmVjZXNzw6FyaW9zIDogMzAgcGXDp2FzIGRlIEZlbHBhClJlY29tcGVuc2E6IEV4cCA1MDAw,,W1NvbGljaXR1ZCBkZSBlbnRyZWdhIGRlIFBlbHVzYXNdCk1hdGVyaWFsZXMgcmVxdWVyaWRvczogMzBQZWx1c2FzLgpQcmVtaW86IDUwMDBkZUVYUC4=
SahfAw,,RGVsaXZlciBNYXRlcmlhbHMu,,,,,RW50cmVnYXIgbWF0ZXJpYWlzLg==,,RW50cmVnYXIgbWF0ZXJpYWxlcy4=
SqhfAw,,W0VkZW4gTG9naXN0aWNzIE1hbmFnZXJdCnt9LCB0aGFuayB5b3UgZm9yIHlvdXIgaGVscC4KVGhlIGRlbGl2ZXJlZCBtYXRlcmlhbHMgYXJlIHByb2Nlc3NlZCBpbnRvIHRvb2xzIG5lZWRlZCBieSBhZHZlbnR1cmVycyBhbmQgcHJvdmlkZWQgdG8gdGhlbS4=,,,,,W0dlcmVudGUgZGUgTG9nw61zdGljYSBkYSDDiWRlbl0Ke30sIG9icmlnYWRvIHBvciBzdWEgYWp1ZGEuCk9zIG1hdGVyaWFpcyBlbnRyZWd1ZXMgc8OjbyBwcm9jZXNzYWRvcyBlbSBmZXJyYW1lbnRhcyBuZWNlc3PDoXJpYXMgYW9zIGF2ZW50dXJlaXJvcyBlIGZvcm5lY2lkb3MgYSBlbGVzLg==,,W0FkbWluLiBsb2fDrXN0LiBkZSBFZMOpbl0KR3JhY2lhcyBwb3IgdHUgYXl1ZGEsIHt9LgpMb3MgbWF0ZXJpYWxlcyBlbnRyZWdhZG9zIHNlIHRyYW5zZm9ybWFuIGVuIGxhcyBoZXJyYW1pZW50YXMgcXVlIG5lY2VzaXRhbiBsb3MgdHJvdGFtdW5kb3MgeSwgdW5hIHZleiBjcmVhZGFzLCBzZSBsZXMgcHJvcG9yY2lvbmFuLg==
S6hfAw,,W0VkZW4gTG9naXN0aWNzIE1hbmFnZXJdCkRlbGl2ZXJ5IHF1YW50aXR5IGlzIGluc3VmZmljaWVudC4=,,,,,W0dlcmVudGUgZGUgTG9nw61zdGljYSBkYSDDiWRlbl0KQSBxdWFudGlkYWRlIGRhIGVudHJlZ2Egw6kgaW5zdWZpY2llbnRlLg==,,W0FkbWluLiBsb2fDrXN0LiBkZSBFZMOpbl0KTGEgY2FudGlkYWQgZGUgZW50cmVnYSBubyBlcyBzdWZpY2llbnRlLg==
TKhfAw,,W1N0aWNreSBXZWJmb290IERlbGl2ZXJ5IFJlcXVlc3RdClJlcXVpcmVkIE1hdGVyaWFscyA6IFN0aWNreSBXZWJmb290IDMwIHBjcwpSZXdhcmQ6IEV4cCA1NDAw,,,,,W1NvbGljaXRhw6fDo28gZGUgZW50cmVnYSBkZSBQYXRhIFBlZ2Fqb3NhXQpNYXRlcmlhaXMgbmVjZXNzw6FyaW9zIDogMzAgcGXDp2FzIGRlIFBhdGEgUGVnYWpvc2EKUmVjb21wZW5zYTogRXhwIDU0MDA=,,W1NvbGljaXR1ZCBkZSBlbnRyZWdhIGRlIFBhdGFzIHBhbG3DrXBlZGFzIHBlZ2Fqb3Nhc10KTWF0ZXJpYWxlcyByZXF1ZXJpZG9zOiAzMFBhdGFzcGFsbcOtcGVkYXNwZWdham9zYXMuClByZW1pbzogNTQwMGRlRVhQLg==
TahfAw,,W0dyYXNzaG9wcGVyJ3MgTGVnIERlbGl2ZXJ5IFJlcXVlc3RdClJlcXVpcmVkIE1hdGVyaWFscyA6IEdyYXNzaG9wcGVyJ3MgTGVnIDMwIHBjcwpSZXdhcmQ6IEV4cCA1OTQw,,,,,W1NvbGljaXRhw6fDo28gZGUgZW50cmVnYSBkZSBQZXJuYSBkZSBHYWZhbmhvdG9dCk1hdGVyaWFpcyBuZWNlc3PDoXJpb3M6IDMwIHBlw6dhcyBkZSBQZXJuYSBkZSBHYWZhbmhvdG8KUmVjb21wZW5zYTogRXhwIDU5NDA=,,W1NvbGljaXR1ZCBkZSBlbnRyZWdhIGRlIFBhdGFzIGRlIHNhbHRhbW9udGVzXQpNYXRlcmlhbGVzIHJlcXVlcmlkb3M6IDMwUGF0YXNkZXNhbHRhbW9udGVzLgpQcmVtaW86IDU5NDBkZUVYUC4=
TqhfAw,,W1NuYWlsJ3MgU2hlbGwgRGVsaXZlcnkgUmVxdWVzdF0KUmVxdWlyZWQgTWF0ZXJpYWxzIDogU25haWwncyBTaGVsbCAzMCBwY3MKUmV3YXJkOiBFeHAgNzAyMA==,,,,,W1NvbGljaXRhw6fDo28gZGUgZW50cmVnYSBkZSBDYXNjbyBkZSBDYXJhbXVqb10KTWF0ZXJpYWlzIG5lY2Vzc8OhcmlvczogMzAgcGXDp2FzIGRlIENhc2NvIGRlIENhcmFtdWpvClJlY29tcGVuc2E6IEV4cCA3MDIw,,W1NvbGljaXR1ZCBkZSBlbnRyZWdhIGRlIENhcGFyYXpvbmVzIGRlIGNhcmFjb2xdCk1hdGVyaWFsZXMgcmVxdWVyaWRvczogMzBDYXBhcmF6b25lcyBkZSBjYXJhY29sLgpQcmVtaW86IDcwMjBkZUVYUC4=
T6hfAw,,W0JpcmQncyBCaWxsIERlbGl2ZXJ5IFJlcXVlc3RdClJlcXVpcmVkIE1hdGVyaWFscyA6IEJpcmQncyBCaWxsIDMwIHBjcwpSZXdhcmQ6IEV4cCA5NzIw,,,,,W1NvbGljaXRhw6fDo28gZGUgZW50cmVnYSBkZSBCaWNvIGRlIEF2ZV0KTWF0ZXJpYWlzIG5lY2Vzc8OhcmlvcyA6IDMwIHBlw6dhcyBkZSBCaWNvIGRlIEF2ZQpSZWNvbXBlbnNhOiBFeHAgOTcyMA==,,W1NvbGljaXR1ZCBkZSBlbnRyZWdhIGRlIFBpY29zIGRlIGF2ZV0KTWF0ZXJpYWxlcyByZXF1ZXJpZG9zOiAzMFBpY29zZGVhdmUuClByZW1pbzogOTcyMGRlRVhQLg==
UKhfAw,,W0JlYXIncyBGb290c2tpbiBEZWxpdmVyeSBSZXF1ZXN0XQpSZXF1aXJlZCBNYXRlcmlhbHMgOiBCZWFyJ3MgRm9vdHNraW4gMzAgcGNzClJld2FyZDogRXhwIDEwODAw,,,,,W1NvbGljaXRhw6fDo28gZGUgZW50cmVnYSBkZSBQYXRhIGRlIFVyc29dCk1hdGVyaWFpcyBuZWNlc3PDoXJpb3M6IDMwIHBlw6dhcyBkZSBQYXRhIGRlIFVyc28KUmVjb21wZW5zYTogRXhwIDEwODAw,,W1NvbGljaXR1ZCBkZSBlbnRyZWdhIGRlIFBpZWxlcyBkZSBwYXRhcyBkZSBvc29dCk1hdGVyaWFsZXMgcmVxdWVyaWRvczogMzBQaWVsZXNkZXBhdGFkZW9zby4KUHJlbWlvOiAxMDgwMGRlRVhQLg==
UahfAw,,W1Jlc2luIERlbGl2ZXJ5IFJlcXVlc3RdClJlcXVpcmVkIE1hdGVyaWFscyA6IFJlc2luIDMwIHBjcwpSZXdhcmQ6IEV4cCAxMzk4MA==,,,,,W1NvbGljaXRhw6fDo28gZGUgZW50cmVnYSBkZSBSZXNpbmFdCk1hdGVyaWFpcyBuZWNlc3PDoXJpb3MgOiAzMCBwZcOnYXMgZGUgUmVzaW5hClJlY29tcGVuc2E6IEV4cCAxMzk4MA==,,W1NvbGljaXR1ZCBkZSBlbnRyZWdhIGRlIFJlc2luYV0KTWF0ZXJpYWxlcyByZXF1ZXJpZG9zOiAzMHVuaWRhZGVzZGVSZXNpbmEuClByZW1pbzogMTM5ODBkZUVYUC4=
UqhfAw,,W01vbmtleSBUYWlsIERlbGl2ZXJ5IFJlcXVlc3RdClJlcXVpcmVkIE1hdGVyaWFscyA6IE1vbmtleSBUYWlsIDMwIHBjcwpSZXdhcmQ6IEV4cCAxNjIwMA==,,,,,W1NvbGljaXRhw6fDo28gZGUgZW50cmVnYSBkZSBDYXVkYSBkZSBZb3lvXQpNYXRlcmlhaXMgbmVjZXNzw6FyaW9zIDogMzAgcGXDp2FzIGRlIENhdWRhIGRlIFlveW8KUmVjb21wZW5zYTogRXhwIDE2MjAw,,W1NvbGljaXR1ZCBkZSBlbnRyZWdhIGRlIENvbGFzIGRlIG1vbm9dCk1hdGVyaWFsZXMgcmVxdWVyaWRvczogMzBDb2xhcyBkZSBtb25vLgpQcmVtaW86IDE2MjAwZGVFWFAu
U6hfAw,,W0xhbnRlcm4gRGVsaXZlcnkgUmVxdWVzdF0KUmVxdWlyZWQgTWF0ZXJpYWxzIDogTGFudGVybiAzMCBwY3MKUmV3YXJkOiBFeHAgMTk5ODA=,,,,,W1NvbGljaXRhw6fDo28gZGUgZW50cmVnYSBkZSBMYW1wacOjb10KTWF0ZXJpYWlzIG5lY2Vzc8OhcmlvcyA6IDMwIHBlw6dhcyBkZSBMYW1wacOjbwpSZWNvbXBlbnNhOiBFeHAgMTk5ODA=,,W1NvbGljaXR1ZCBkZSBlbnRyZWdhIGRlIEZhcm9sZXNdCk1hdGVyaWFsZXMgcmVxdWVyaWRvczogMzBGYXJvbGVzLgpQcmVtaW86IDE5OTgwZGVFWFAu
VKhfAw,,W0NvbmNoIERlbGl2ZXJ5IFJlcXVlc3RdClJlcXVpcmVkIE1hdGVyaWFscyA6IENvbmNoIDMwIHBjcwpSZXdhcmQ6IEV4cCAyMjE0MA==,,,,,W1NvbGljaXRhw6fDo28gZGUgZW50cmVnYSBkZSBDb25jaGFdCk1hdGVyaWFpcyBuZWNlc3PDoXJpb3MgOiAzMCBwZcOnYXMgZGUgQ29uY2hhClJlY29tcGVuc2E6IEV4cCAyMjE0MA==,,W1NvbGljaXR1ZCBkZSBlbnRyZWdhIGRlIENhcmFjb2xhc10KTWF0ZXJpYWxlcyByZXF1ZXJpZG9zOiAzMENhcmFjb2xhcy4KUHJlbWlvOiAyMjE0MGRlRVhQLg==
VahfAw,,W01lcm1haWQncyBIZWFydCBEZWxpdmVyeSBSZXF1ZXN0XQpSZXF1aXJlZCBNYXRlcmlhbHMgOiBNZXJtYWlkJ3MgSGVhcnQgMzAgcGNzClJld2FyZDogRXhwIDI4NTYw,,,,,W1BlZGlkbyBkZSBlbnRyZWdhIGRlIENvcmHDp8OjbyBkZSBTZXJlaWFdCk1hdGVyaWFpcyBuZWNlc3PDoXJpb3MgOiAzMCBwZcOnYXMgZGUgQ29yYcOnw6NvIGRlIFNlcmVpYQpSZWNvbXBlbnNhOiBFeHAgMjg1NjA=,,W1NvbGljaXR1ZCBkZSBlbnRyZWdhIGRlIENvcmF6w7NuIGRlIHNpcmVuYV0KTWF0ZXJpYWxlcyByZXF1ZXJpZG9zOiAzMENvcmF6b25lcyBkZSBzaXJlbmEuClByZW1pbzogMjg1NjBkZUVYUC4=
VqhfAw,,W01hbmUgRGVsaXZlcnkgUmVxdWVzdF0KUmVxdWlyZWQgTWF0ZXJpYWxzIDogTWFuZSAzMCBwY3MKUmV3YXJkOiBFeHAgMzQzODA=,,,,,W1NvbGljaXRhw6fDo28gZGUgZW50cmVnYSBkZSBDcmluYV0KTWF0ZXJpYWlzIG5lY2Vzc8OhcmlvcyA6IDMwIHBlw6dhcyBkZSBDcmluYQpSZWNvbXBlbnNhOiBFeHAgMzQzODA=,,W1NvbGljaXR1ZCBkZSBlbnRyZWdhIGRlQ3JpbmVzXQpNYXRlcmlhbGVzIHJlcXVlcmlkb3M6IDMwQ3JpbmVzLgpQcmVtaW86IDM0MzgwZGVFWFAu
V6hfAw,,W0JsYWNrIEhhaXIgRGVsaXZlcnkgUmVxdWVzdF0KUmVxdWlyZWQgTWF0ZXJpYWxzIDogQmxhY2sgSGFpciAzMCBwY3MKUmV3YXJkOiBFeHAgMzU2NDA=,,,,,W1NvbGljaXRhw6fDo28gZGUgZW50cmVnYSBkZSBDYWJlbG9zIE1vcmVub3NdCk1hdGVyaWFpcyBuZWNlc3PDoXJpb3M6IDMwIHBlw6dhcyBkZSBDYWJlbG9zIE1vcmVub3MKUmVjb21wZW5zYTogRXhwIDM1NjQw,,W1NvbGljaXR1ZCBkZSBlbnRyZWdhIGRlQ2FiZWxsb3MgbmVncm9zXQpNYXRlcmlhbGVzIHJlcXVlcmlkb3M6IDMwQ2FiZWxsb3NuZWdyb3MuClByZW1pbzogMzU2NDBkZUVYUC4=
WKhfAw,,W0hvcnNlc2hvZSBEZWxpdmVyeSBSZXF1ZXN0XQpSZXF1aXJlZCBNYXRlcmlhbHMgOiBIb3JzZXNob2UgMzAgcGNzClJld2FyZDogRXhwIDM2MDAw,,,,,W1NvbGljaXRhw6fDo28gZGUgZW50cmVnYSBkZSBGZXJyYWR1cmFdCk1hdGVyaWFpcyBuZWNlc3PDoXJpb3MgOiAzMCBwZcOnYXMgZGUgRmVycmFkdXJhClJlY29tcGVuc2E6IEV4cCAzNjAwMA==,,W1NvbGljaXR1ZCBkZSBlbnRyZWdhIGRlIEhlcnJhZHVyYXNdCk1hdGVyaWFsZXMgcmVxdWVyaWRvczogMzBIZXJyYWR1cmFzLgpQcmVtaW86IDM2MDAwZGVFWFAu
WahfAw,,W0J1ZyBMZWcgRGVsaXZlcnkgUmVxdWVzdF0KUmVxdWlyZWQgTWF0ZXJpYWxzIDogQnVnIExlZyAzMCBwY3MKUmV3YXJkOiBFeHAgNDg2MDA=,,,,,W1NvbGljaXRhw6fDo28gZGUgZW50cmVnYSBkYSBQYXRhIGRlIEluc2V0b10KTWF0ZXJpYWlzIG5lY2Vzc8OhcmlvczogMzAgdW5pZGFkZXMgZGUgUGF0YSBkZSBJbnNldG8KUmVjb21wZW5zYTogRXhwIDQ4NjAw,,W1NvbGljaXR1ZCBkZSBlbnRyZWdhIGRlUGF0YXMgZGUgYmljaG9dCk1hdGVyaWFsZXMgcmVxdWVyaWRvczogMzBQYXRhcyBkZSBiaWNobwpQcmVtaW86IDQ4NjAwZGVFWFAu
WqhfAw,,W1NhbmQgQ2x1bXAgRGVsaXZlcnkgUmVxdWVzdF0KUmVxdWlyZWQgTWF0ZXJpYWxzIDogU2FuZCBDbHVtcCAzMCBwY3MKUmV3YXJkOiBFeHAgNjIwNDA=,,,,,W1NvbGljaXRhw6fDo28gZGUgZW50cmVnYSBkZSBBcmVpYSBNb2xoYWRhXQpNYXRlcmlhaXMgbmVjZXNzw6FyaW9zOiAzMCB1bmlkYWRlcyBkZSBBcmVpYSBNb2xoYWRhClJlY29tcGVuc2E6IEV4cCA2MjA0MA==,,W1NvbGljaXR1ZCBkZSBlbnRyZWdhIGRlIEFyZW5hIGjDum1lZGFdCk1hdGVyaWFsZXMgcmVxdWVyaWRvczogMzB1bmlkYWRlc2RlQXJlbmFow7ptZWRhLgpQcmVtaW86IDYyMDQwZGVFWFAu
W6hfAw,,W0RyeSBTYW5kIERlbGl2ZXJ5IFJlcXVlc3RdClJlcXVpcmVkIE1hdGVyaWFscyA6IERyeSBTYW5kIDMwIHBjcwpSZXdhcmQ6IEV4cCA3MjA2MA==,,,,,W1NvbGljaXRhw6fDo28gZGUgZW50cmVnYSBkZSBBcmVpYSBTZWNhXQpNYXRlcmlhaXMgbmVjZXNzw6FyaW9zIDogMzAgdW5pZGFkZXMgZGUgQXJlaWEgU2VjYQpSZWNvbXBlbnNhOiBFeHAgNzIwNjA=,,W1NvbGljaXR1ZCBkZSBlbnRyZWdhIGRlQXJlbmEgc2VjYV0KTWF0ZXJpYWxlcyByZXF1ZXJpZG9zOiAzMHVuaWRhZGVzIGRlQXJlbmFzZWNhLgpQcmVtaW86IDcyMDYwZGVFWFAu
XKhfAw,,W1R1cnRsZSBTaGVsbCBEZWxpdmVyeSBSZXF1ZXN0XQpSZXF1aXJlZCBNYXRlcmlhbHMgOiBUdXJ0bGUgU2hlbGwgMzAgcGNzClJld2FyZDogRXhwIDc4MzAw,,,,,W1NvbGljaXRhw6fDo28gZGUgZW50cmVnYSBkZSBDYXNjbyBkZSBUYXJ0YXJ1Z2FdCk1hdGVyaWFpcyBuZWNlc3PDoXJpb3MgOiAzMCBwZcOnYXMgZGUgQ2FzY28gZGUgVGFydGFydWdhClJlY29tcGVuc2E6IEV4cCA3ODMwMA==,,W1NvbGljaXR1ZCBkZSBlbnRyZWdhIGRlQ2FwYXJhem9uZXMgZGUgdG9ydHVnYV0KTWF0ZXJpYWxlcyByZXF1ZXJpZG9zOiAzMENhcGFyYXpvbmVzZGV0b3J0dWdhLgpQcmVtaW86IDc4MzAwZGVFWFAu
XahfAw,,W0xpdHRsZSBFdmlsIEhvcm4gRGVsaXZlcnkgUmVxdWVzdF0KUmVxdWlyZWQgTWF0ZXJpYWxzIDogTGl0dGxlIEV2aWwgSG9ybiAzMCBwY3MKUmV3YXJkOiBFeHAgMTA4MzYw,,,,,W1NvbGljaXRhw6fDo28gZGUgZW50cmVnYSBkZSBQZXF1ZW5vIENoaWZyZSBNYWxpZ25vXQpNYXRlcmlhaXMgbmVjZXNzw6FyaW9zIDogMzAgcGXDp2FzIGRlIFBlcXVlbm8gQ2hpZnJlIE1hbGlnbm8KUmVjb21wZW5zYTogRXhwIDEwODM2MA==,,W1NvbGljaXR1ZCBkZSBlbnRyZWdhIGRlQ3Vlcm5vc2RlZGVtb25pbyBwZXF1ZcOxb10KTWF0ZXJpYWxlcyByZXF1ZXJpZG9zOiAzMEN1ZXJub3NkZWRlbW9uaW8gcGVxdWXDsW8uClByZW1pbzogMTA4MzYwZGVFWFAu
XqhfAw,,W0dsYWNpYWwgSGVhcnQgRGVsaXZlcnkgUmVxdWVzdF0KUmVxdWlyZWQgTWF0ZXJpYWxzIDogR2xhY2lhbCBIZWFydCAzMCBwY3MKUmV3YXJkOiBFeHAgMTE2NjQw,,,,,W1NvbGljaXRhw6fDo28gZGUgZW50cmVnYSBkZSBDb3Jhw6fDo28gR2xhY2lhbF0KTWF0ZXJpYWlzIG5lY2Vzc8OhcmlvcyA6IDMwIHBlw6dhcyBkZSBDb3Jhw6fDo28gR2xhY2lhbApSZWNvbXBlbnNhOiBFeHAgMTE2NjQw,,W1NvbGljaXR1ZCBkZSBlbnRyZWdhIGRlIENvcmF6w7NuIGdsYWNpYWxdCk1hdGVyaWFsZXMgcmVxdWVyaWRvczogMzBDb3Jhem9uZXMgZ2xhY2lhbGVzLgpQcmVtaW86IDExNjY0MGRlRVhQLg==
X6hfAw,,W0VkZW4gTG9naXN0aWNzIE1hbmFnZXJdCkdvb2RieWUu,,,,,W0dlcmVudGUgZGUgTG9nw61zdGljYSBkYSDDiWRlbl0KVGNoYXUu,,W0FkbWluLiBsb2fDrXN0LiBkZSBFZMOpbl0KQWRpw7NzLg==
