gMWNBA,,QXZlciBEZSBEb3No,,,,,wrDCs8K+w7fCsMO4wrDDrQ==,,QXZlciBEZSBEb3No
gcWNBA,,W0F2ZXIgRGUgRG9zaF0KV2VsY29tZSB0byBGYXNoaW9uIFN0b25lISE=,,,,,wrzCusK/w7jCv8KhIMOIw7vDgMOUwr7DriDCuMOFw4DDpcOAwrsgwr/DgMOHw4LDh8OPwrDDlCDCtcOHwr7DusK9w4DCtMOPwrTDmS4KwrjCu8K2w7vCtcK1IMK8wq3DgsOKw4DDhyBeRkYwMDAww4bDkMK8w4fCvcK6w4XDpl4wMDAwMDDDgMK7IMKyw4AgwrnDpsK5wq7Dh8OYw4HDlsK8wrzCv8OkIQogICAgLSDCvsOGwrrCo8K4wqMgwrXDpSDCtcK1wr3CrA==,,W0F2ZXIgRGUgRG9zaF0KwqFMbGVnYXN0ZSBhIFBpZWRyYSBkZSBsYSBNb2RhIQ==
gsWNBA,,W0F2ZXIgRGUgRG9zaF0KV2UgdGFrZSB2YXJpb3VzIGNvc3R1bWUgaXRlbXMu,,,,,wr7DhsK6wqPCuMKjIMK1w6UgwrXCtcK9wqw=,,W0F2ZXIgRGUgRG9zaF0KQWNlcHRhbW9zIGRpZmVyZW50ZXMgb2JqZXRvcyBkZWNvcmF0aXZvcy4=
g8WNBA,,W0F2ZXIgRGUgRG9zaF0KSWYgeW91IHdhbnQgY29vbCBzdHlsaW5nIGZvciB5b3VyIGNvc3R1bWUgSGF0LCBwbGVhc2UgY29tZSB0byBtZSAnQXZlciBEZSBEb3NoJyEKRG9uJ3QgZm9yZ2V0IHRvIGJyaW5nIF5GRjAwMDB5b3VyIG93biBjb3N0dW1lIEhhdCBhbmQgY29zdHVtZSBzdG9uZXNeMDAwMDAwfg==,,,,,W8K+w4bCusKjwrjCoyDCtcOlIMK1wrXCvcKsXQrCvsOuwrzCrcK/w4DCvMK8wr/DpCEgw4bDkMK8w4fCvcK6w4XDpsOAw5TCtMOPwrTDmSEh,,W0F2ZXIgRGUgRG9zaF0KU2kgcXVpZXJlcyBsbGV2YXIgdW4gYWNjZXNvcmlvIGRlY29yYXRpdm8gcGFyYSBsYSBjYWJlemEgY29uIGJ1ZW4gZXN0aWxvLCDCoXZlbiBjb24gQXZlciBEZSBEb3NoIQpUcmFlIF42NjAwMDB0dSBwcm9waW8gYWNjZXNvcmlvIGRlY29yYXRpdm8gcGFyYSBsYSBjYWJlemEgeSBhbGd1bmFzIHBpZWRyYXMgZGVjb3JhdGl2YXNeMDAwMDAwfi4=
hMWNBA,,QXBwbHkgYWJpbGl0eS4=,,,,,W8K+w4bCusKjwrjCoyDCtcOlIMK1wrXCvcKsXQrCv8OswrjCriDDhsOQwrzDhyDCvcK6w4XDpsK/wqHCvMKtwrTDgiDCsMKiw4HCviDDgMOHwrvDsyDCvsOGw4DDjMOFw5vDgMK7IMODw6vCscOew4fDj8Kww60gw4DDlsK9w4DCtMOPwrTDmS4=,,QXBsaWNhciBoYWJpbGlkYWQu
hcWNBA,,QXBwbHkgZWZmZWN0Lg==,,,,,W8K+w4bCusKjwrjCoyDCtcOlIMK1wrXCvcKsXQrDgMOHwrvDsyDDhcO1wrHCuMK4wqYgwrTDtcK/w60gwrjDmsOBw7bCsMOUIMK9wrrDhcK4w4DDj8K4wrUgw4fDj8Kww60gwr3DjcK0w5nCuMOpIMOBwqHDgMOlw4DDjiDDgMO6ICfCvsOGwrrCo8K4wqMgwrXDpSDCtcK1wr3CrCfCv8KhwrDDlCDCuMODwrDDnMOBw5bCvMK8wr/DpCEKXkZGMDAwMMOAw4fCu8OzIMOFw7XCscK4wr/DjSDDgMOHwrvDs8K9wrrDhcOmw4DCuiDDgcO3w4HCoiDDgcOYwrrDsV4wMDAwMDDDh8OYwr/DgMK8w4XCvsOfIMOHw5HCtMOZwrTDgiDCsMOHIMOAw5jDgcO2IMK4wrbCvMK8wr/DpH4=,,QXBsaWNhciBlZmVjdG8u
hsWNBA,,RW5kIENvbnZlcnNhdGlvbi4=,,,,,wrTDicK3w4LDhMKhwrjCpiDCusOOwr/CqcOHw5HCtMOZLg==,,VGVybWluYXIgbGEgY29udmVyc2FjacOzbi4=
h8WNBA,,W0F2ZXIgRGUgRG9zaF0KUGxlYXNlIGNoZWNrIG91ciBvdGhlciB1cGdyYWRpbmcgc2VydmljZXN+,,,,,wrTDq8OIwq3CuMKmIMKzwqHCs8K9wrTDmS4=,,W0F2ZXIgRGUgRG9zaF0KQ29uc3VsdGEgbnVlc3Ryb3Mgb3Ryb3Mgc2VydmljaW9zIGRlIG1lam9yYX4u
iMWNBA,,W0F2ZXIgRGUgRG9zaF0KS2lhYWFhYWNoISEhCkkgaGF0ZSBidWxnaW5nIGJhZ3MhCk5vIG1hdHRlciBob3cgY29vbCB5b3VyIGhhdCBsb29rcywgdGhhdCBmYXQgYmFnIG9mIHlvdXJzIGlzIGEgZmFzaGlvbiB0ZXJyb3IgeW91IGtub3ch,,,,,W8K+w4bCusKjwrjCoyDCtcOlIMK1wrXCvcKsXQrCssKlwr7DhsK+w4bCvsOGwr7DhsK+w4bCvsOGwr7DhyEhIQrCusOSwrfDqMOHw5EgwrDCocK5w6bDgMK6IMOBw7rCu8O2w4DDjMK+w58hCsK4w7DDgMOawrfDjiDCvsOGwrnCq8K4wq4gwrjDmsOAwrsgwrPCvcK0w5kgw4fDkcK1w6kgw4XDjcOBw7ogwrDDjSDCsMKww4DCuiDCsMKhwrnDpsOAwrogw4bDkMK8w4fDhcOXwrfCr8K2w7PCsMOtIQ==,,W0F2ZXIgRGUgRG9zaF0KwqFQdWFhYWFqIQrCoU9kaW8gbG9zIGJvbHNvcyB0YW4gYWJ1bHRhZG9zIQrCoVBvciBtdXkgZ2VuaWFsIHF1ZSB0ZSBxdWVkZSBsbyBxdWUgbGxldmFzIGVuIGxhIGNhYmV6YSwgZXNlIGJvbHPDs24gZ2lnYW50ZSBxdWUgdGllbmVzIGVzIGVsIHRlcnJvciBkZSBsYSBtb2RhIQ==
icWNBA,,SXQgc2VlbXMgeW91IGhhdmUgdG9vIG1hbnkgaXRlbXMgb24geW91LgpDb21lIGJhY2sgYWZ0ZXIgY2xlYXJpbmcgc29tZSBpbnZlbnRvcnkgc3BhY2VzLg==,,,,,wr7DhsOAw4zDhcObw4DCuyDCs8OKwrnCqyDCuMK5w4DDjCDCtcOpwrDDrSDDgMOWwrTDgiDCsMONIMKwwrDCtMOZLgrDgMOOwrrCpcOFw6TCuMKuwrjCpiDDgcKkwrjCrsOHw4/CsMOtIMK0w5nCvcODIMK/w4DDgMOaLg==,,UGFyZWNlIHF1ZSBsbGV2YXMgZGVtYXNpYWRvcyBvYmpldG9zLgpWdWVsdmUgY3VhbmRvIGxpYmVyZXMgZXNwYWNpbyBlbiB0dSBpbnZlbnRhcmlvLg==
isWNBA,,W0F2ZXIgRGUgRG9zaF0KWW91IG11c3Qgd2VhciBpdGVtIHlvdSB3YW50IHRvIGFkZCBhYmlsaXR5LgpUaGVuLCBJIHdpbGwgYmUgYWJsZSB0byBoZWxwIHlvdSBvdXQu,,,,,W8K+w4bCusKjwrjCoyDCtcOlIMK1wrXCvcKsXQrCtMOJwrfDgsOEwqHCuMKmIMKzw5bCsMOtIMK9w43DgMK6IMK+w4bDgMOMw4XDm8OAwrsgw4DDpcOCw7jDh8OPwrDDrSDCv8OAwrzCvMK/w6QuCsK+w67CtsK7wrDDlCDDh8OYwr7DnyDDgMOfIMK+w67Cv8OvwrjCscOBw7YgwrrDgcK1w6XCuMKxwrDDlMK/w6Qu,,W0F2ZXIgRGUgRG9zaF0KRXF1w61wYXRlIGVsIG9iamV0byBhbCBxdWUgcXVpZXJhcyBhZ3JlZ2FybGUgdW5hIGhhYmlsaWRhZC4KTHVlZ28sIHBvZHLDqSBheXVkYXJ0ZS4=
i8WNBA,,Q29zdHVtZSBUb3AgUGxheWVy,,,,,MTDDgcOWwrPDosOGw7fCuMK1wrjDsA==,,VHJhamUgVG9wIFBsYXllcg==
jMWNBA,,Q29zdHVtZSBHb2xkIFBhZW9uaWE=,,,,,wrPDq8K2w7XDh8Oe,,UGFlb25pYSBkZSBvcm8gZGlzZnJhemFkYQ==
jcWNBA,,Q29zdHVtZSBTbm93bWFuIEhhdA==,,,,,wrPDq8K3wqHDh8OPwrTDgsK7w7U=,,R29ycm8gZGUgbXXDsWVjbyBkZSBuaWV2ZQ==
jsWNBA,,Q29zdHVtZSBXaGl0ZSBDaG9jbyBCZWFy,,,,,wrTDn8K6wq3CvcK9,,R29ycm8gZGUgb3NvIGRlIGNob2NvbGF0ZSBibGFuY28gZGVjb3JhdGl2bw==
j8WNBA,,Q29zdHVtZSBIYWlyIG9mIFN0cm9uZyBSZWQ=,,,,,wrjCvMOAwrrDhcOCwr7Dpw==,,UGVsdWNhIGRlIGNhYmVsbG8gZnVlcnRlIGRlY29yYXRpdmEgKHJvamEp
kMWNBA,,Q29zdHVtZSBXb2xmIE9mZmljZXIgSGF0,,,,,wrnCq8OBw7bCsMKz,,R29ycm8gZGUgb2ZpY2lhbCBwYXJhIGRpc2ZyYXogZGUgbG9ibw==
kcWNBA,,Q29zdHVtZSBXaGl0ZSBQdXBweSBIYXQ=,,,,,wrnDjMK0w4/DhcKpwrbDs8K/w64=,,RGlzZnJheiBHb3JybyBDYWNob3JybyBCbGFuY28=
ksWNBA,,Q29zdHVtZSBDYXQgQ29mZmVlY3Vw,,,,,wrrCrcK2w7TCscK4wrjCpw==,,U29tYnJlcm8gZGUgZ2F0byBlbiB0YXphIGRlIGNhZsOpIGRlY29yYXRpdm8gKGJsYW5jbyk=
k8WNBA,,Q29zdHVtZSBIdXNreSBIYXQ=,,,,,wrrDscKxwrjCuMKn,,R29ycm8gSHVza3k=
lMWNBA,,Q29zdHVtZSBXaGl0ZSBIYWlyIG9mIFN0cm9uZw==,,,,,wr/Dg8K4wq7CucO2wrTDgcK0w6vDiMOEwrXDpQ==,,UGVsdWNhIGRlIGNhYmVsbG8gZnVlcnRlIGRlY29yYXRpdmEgKGJsYW5jYSk=
lcWNBA,,Q29zdHVtZSBTbWFsbCBEZXZpbGluZyBIYXQ=,,,,,w4LDu8K4wq7DgMOHwrjDsMOAw5o=,,RGlzZnJheiBTb21icmVybyBEZXZpbGluZyBQZXF1ZcOxbw==
lsWNBA,,Q29zdHVtZSBBRksgVGV4dCBCYWxsb29u,,,,,wrDCs8KxwrjCuMKuwrjDsMOAw5o=,,RGlzZnJheiBBRksgR2xvYm8gZGUgdGV4dG8=
l8WNBA,,Q29zdHVtZSBIZWxtZXQgb2YgTGlnaHQgYW5kIERhcmtuZXNz,,,,,wrHDl8K4wq7DhsO5wrjDsMOAw5o=,,VHJhamUgQ2FzY28gZGUgTHV6IHkgT3NjdXJpZGFk
mMWNBA,,Q29zdHVtZSBWYW1waXJlIEhhaXJiYW5k,,,,,wrjCtsOBwqbCvcK6w4bCvcKww63Cv8Osw4bCrg==,,RGlhZGVtYSBkZSBkaXNmcmF6IGRlIHZhbXBpcm8=
mcWNBA,,Q29zdHVtZSBHaG9zdCBCYW5kYW5h,,,,,wrjDk8K4wq7CvsOIwrDDpg==,,RGlzZnJheiBCYW5kYW5hIEZhbnRhc21h
msWNBA,,Q29zdHVtZSBCbGFjayBDYXQgSGF0,,,,,wrnDn8OFwrDCuMKuw4XDtcKxwrg=,,R29ycm8gR2F0byBOZWdybw==
m8WNBA,,Q29zdHVtZSBHcmVlbiBJZHVuIEFwcGxl,,,,,wrvDtcKzwqLCvsOHwrjCtsOAw4fCuMOww4DDmg==,,U29tYnJlcm8gZGUgbWFuemFuYSB2ZXJkZSBkZSBJZHVuIGRlY29yYXRpdm8=
nMWNBA,,Q29zdHVtZSBKZXJib2EgSGVhZGJhbmQ=,,,,,wrvDvsOHw4HDh8OswrXDpcKxw6LCvsOu,,T3JlamFzIGRlIEplcmJvYSBkZWNvcmF0aXZh
ncWNBA,,Q29zdHVtZSBUZW5kcmlsaW9uIEhhdA==,,,,,w4PDisK3w4/CtMO1wrXDq8OAw4w=,,R29ycm8gVGVuZHJpbGlvbg==
nsWNBA,,Q29zdHVtZSBQaWdlb24gSGF0,,,,,w4XCuMK3wrnCscKzw4jCssOAw47Dh8O8wrjDsMOAw5o=,,R29ycm8gZGUgcGFsb21hIHBhcmEgZGlzZnJhY2Vz
n8WNBA,,Q29zdHVtZSBDb3cgSGF0,,,,,w4XCuMK3wrnCs8OXw4TDmsOFwqnCt8On,,R29ycm8gZGUgdmFjYSBwYXJhIGRpc2ZyYWNlcw==
oMWNBA,,Q29zdHVtZSBZZWxsb3cgSGVhZCBEcmVzcw==,,,,,w4fDj8OGwq7Cs8KvwrDCs8OHw6zCvsOuwrnDqsK1w6U=,,VG9jYWRvIGNvbiBsYXpvIGFtYXJpbGxvIGRlY29yYXRpdm8=
ocWNBA,,Q29zdHVtZSBSaWJib24gQ2hlZiBIYXQ=,,,,,w4fDkMK7w73CuMOw,,R29ycm8gZGUgY29jaW5lcm8gY29uIGNpbnRh
osWNBA,,Q29zdHVtZSBIb25leSBQYW5jYWtlcw==,,,,,wrHDosK6w47CuMKuwrrCuw==,,U29tYnJlcm8gZGUgcGFucXVlcXVlcyBkZSBtaWVsIGRlY29yYXRpdm8=
o8WNBA,,Q29zdHVtZSBIYXQgT2YgQ29vaw==,,,,,w4fDr8K4wqc=,,R29ycm8gZGUgY29jaW5hIGRlY29yYXRpdm8=
pMWNBA,,Q29zdHVtZSBBbGljZSBXaWcgUGluaw==,,,,,wrHDqsOFw5DCusKjwrfCucK4w7A=,,UGVsdWNhIGRlIEFsaWNlIGRlY29yYXRpdmEgKHJvc2Ep
pcWNBA,,Q29zdHVtZSBOeWRob2cgV2lnIFdoaXRl,,,,,w4XCt8OGw7fCuMK1wrjDsMOAw5o=,,UGVsdWNhIGRlIE55ZGhvZyBkZWNvcmF0aXZhIChibGFuY2Ep
psWNBA,,Q29zdHVtZSBDaGliaSBCZWVsemVidWIgSGF0,,,,,w4DDk8OHw4HCuMOww4DDmg==,,RGlzZnJheiBkZSBCZWxjZWLDuiBDaGliaSBTb21icmVybw==
p8WNBA,,Q29zdHVtZSBQb3JpbmcgSGVsbWV0,,,,,w4fDng==,,Q2FzY28gUG9yaW5nIENvc3R1bWU=
qMWNBA,,Q29zdHVtZSBIZWxtIE9mIEFuZ2Vs,,,,,wrLDicK4w5PCuMKuwrbDrA==,,WWVsbW8gZGUgw6FuZ2VsIGRlY29yYXRpdm8=
qcWNBA,,Q29zdHVtZSBTaGliYSBTYXlzIEZlaS1DaGFp,,,,,w4fDgcK3w47DhsOnwrbDsw==,,RGlzZnJheiBTaGliYSBEaWNlIEZlaS1DaGFp
qsWNBA,,Q29zdHVtZSBWZXNwZXIgT3JuYW1lbnQ=,,,,,wrDCo8OIwqPCuMOw,,QWRvcm5vIERpc2ZyYXogVmVzcGVy
q8WNBA,,Q29zdHVtZSBLaGFsaXR6YnVyZyBIZWxtIFdoaXRl,,,,,wrvDscKwwqs=,,WWVsbW8gZGUgY2FiYWxsZXJvIGRlIEtoYWxpdHpidXJnIGRlY29yYXRpdm8gKGJsYW5jbyk=
rMWNBA,,Q29zdHVtZSBXaWxkY2F0IEtuaXQgQ2FwIFdoaXRl,,,,,w4XDpMKzwqLCuMOTwrjCrsK2w6w=,,R29ycm8gdGVqaWRvIGRlIGdhdG8gbW9udMOpcyBkZWNvcmF0aXZvIChibGFuY28p
rcWNBA,,Q29zdHVtZSBQaWFtZXR0ZSBIb29kIFJlZA==,,,,,wr/DgMK7w7bCscOqw4XDkMOAw6XCvcOE,,Q2FwdWNoYSByb2phIGRlIFBpYW1ldHRlIGRlY29yYXRpdmE=
rsWNBA,,Q29zdHVtZSBOYWdhIEdvbGQgQ3Jvd24=,,,,,wrrDkMOIwqvDhcOkwrPCosK4w5PCuMKuwrbDrA==,,Q29yb25hIGRlIG9ybyBkZSBOYWdhIGRlY29yYXRpdmE=
r8WNBA,,Q29zdHVtZSBDYXQgQ29mZmVl,,,,,wrvDqsOFwrjDhsO3wrjCtcK4w7DDgMOa,,U29tYnJlcm8gZGUgZ2F0byBlbiB0YXphIGRlIGNhZsOpIGRlY29yYXRpdm8=
sMWNBA,,Q29zdHVtZSBTYWt1cmEgV2l0Y2ggSGF0,,,,,wr7Dp8KwwqXCt8KhwrvDqsOFwrjCuMOww4DDmg==,,RGlzZnJheiBkZSBCcnVqYSBTYWt1cmEgU29tYnJlcm8=
scWNBA,,Q29zdHVtZSBQZWFjb2NrIEZlYXRoZXI=,,,,,wrvCocKwwqPCtcOlwrfCucK9wrrDh8Oe,,RGlzZnJheiBkZSBwbHVtYSBkZSBwYXZvIHJlYWw=
ssWNBA,,Q29zdHVtZSBTcGFya2xlciBGb3VudGFpbg==,,,,,wr7Dh8K4wrbDgMOHwrjDk8K4wq7CtsOs,,RnVlbnRlIGRlIGJlbmdhbGFzIHBhcmEgZGlzZnJhY2Vz
s8WNBA,,Q29zdHVtZSBSaW5n,,,,,w4XCqcK2w7PCv8Ou,,QW5pbGxvIHBhcmEgZGlzZnJhY2Vz
tMWNBA,,Q29zdHVtZSBSaXNpbmcgQmxhY2sgRHJhZ29u,,,,,w4bCvMK+w4bCtsOz,,RGlzZnJheiBSaXNpbmcgQmxhY2sgRHJhZ29u
tcWNBA,,Q29zdHVtZSBMaWdodCBEYXJrIENyb3du,,,,,w4XCvcOBwqTCuMOww4DDmg==,,Q29yb25hIGRlIGxhIG9zY3VyaWRhZCBpbHVtaW5hZGEgZGVjb3JhdGl2YQ==
tsWNBA,,Q29zdHVtZSBGbGFwcGluZyBFdmlsIFdpbmc=,,,,,w4bDksK0w7XCsMO1wrjDsMOAw5o=,,RGlzZnJheiBBbGV0ZW8gTWFsaWdubw==
t8WNBA,,Q29zdHVtZSBKb3JtdW5nYW5kciBIYXQ=,,,,,w4TCv8K8wrzCvsOu,,U29tYnJlcm8gZGUgSm9ybXVuZ2FuZCBkZWNvcmF0aXZv
uMWNBA,,Q29zdHVtZSBFbGVhbm9yIFdpZyAoWWVsbG93KQ==,,,,,w4DDocOAw5rCtMOCwrDDrcK+w6fDgMOMwrjDsMOAw5o=,,UGVsdWNhIEVsZWFub3IgKEFtYXJpbGxhKQ==
ucWNBA,,Q29zdHVtZSBNb2V3IExvdmVy,,,,,wrTDg8K+w67DgcO4IMKww63CvsOnw4DDjA==,,U29tYnJlcm8gZGUgYW1vciBnYXR1bm8gZGVjb3JhdGl2bw==
usWNBA,,Q29zdHVtZSBOeWFuIFN0cmF3IEhhdA==,,,,,wrzDksK/w6/CuMKuwr3CuiDDgMKu,,RGlzZnJheiBOeWFuIFNvbWJyZXJvIGRlIHBhamE=
u8WNBA,,Q29zdHVtZSBSdWRvbHBoIEhhaXJiYW5k,,,,,wr/CqcK/w6zCsMKhwrjDqQ==,,RGlzZnJheiBkZSBSdWRvbHBoIENpbnRhIHBhcmEgZWwgcGVsbw==
vMWNBA,,Q29zdHVtZSBXaGl0ZSBGb3ggRWFycw==,,,,,wrjDsMK4wq7CvsOGwrPDl8OAw4cgw4fDr8K4wqc=,,RGlzZnJheiBPcmVqYXMgZGUgWm9ycm8gQmxhbmNv
vcWNBA,,Q29zdHVtZSBKZWplIENhcA==,,,,,wrnDjMK9wrrDhsKuwrfCucK9wrrDgMOHIMK/w5XCsMO8,,R29ycmEgQ29zdHVtZSBKZWpl
vsWNBA,,Q29zdHVtZSBESiBIZWFkc2V0,,,,,wrnDmcK2w7fDgMOHIMOAw4zDgcKkw4fCpQ==,,QXVyaWN1bGFyZXMgZGUgREogcGFyYSBkaXNmcmFjZXM=
v8WNBA,,Q29zdHVtZSBNdXNpYyBOb3RlIEhhaXJiYW5k,,,,,wrfDjsK1w6XCvMKtw4XCrMK4wrQ=,,Q2ludGEgcGFyYSBlbCBwZWxvIGNvbiBub3RhcyBtdXNpY2FsZXM=
wMWNBA,,Q29zdHVtZSBDcm93biBvZiBEZWNlaXQ=,,,,,wrrCu8OHw6/CuMKn,,VHJhamUgQ29yb25hIGRlbCBFbmdhw7Fv
wcWNBA,,Q29zdHVtZSBTYWlsb3I=,,,,,wrjDrcK7w6fCvMO2w4DDh8K7w6fCsMO6,,R29ycmEgZGUgbWFyaW5lcm8gZGVjb3JhdGl2YQ==
wsWNBA,,Q29zdHVtZSBIYWlyIG9mIFN0cm9uZyAoQmx1ZSk=,,,,,wrDDscK1w6fDh8OswrXDpcKxw6LCvsOu,,VHJhamUgUGVsbyBkZSBGdWVydGUgKEF6dWwp
w8WNBA,,Q29zdHVtZSBCbHVlIFN1cmEgSGVhZHNjYXJm,,,,,w4TCq8Kzw5fDgMOMwrzDh8K4w5PCuMKuwrbDrA==,,VHJhamUgUGHDsXVlbG8gYXp1bCBTdXJh
xMWNBA,,Q29zdHVtZSBTcGxhc2ggSGF0,,,,,wrDDrcK+w6fDgMOMwrjDk8K4wq7CtsOs,,R29ycm8gU3BsYXNoIHBhcmEgZGlzZnJhY2Vz
xcWNBA,,Q29zdHVtZSBHb3RoaWMgSGVhcnQgV2luZyBCYW5k,,,,,wrXDlcKxw5nCuMOww4DDmg==,,VHJhamUgR8OzdGljbyBDb3JhesOzbiBXaW5nIEJhbmQ=
xsWNBA,,Q29zdHVtZSBNYWNhcm9uIEJ1bm55IEhhdA==,,,,,wrjDk8K4wq7DhsO3w4DDmsKxw6I=,,RGlzZnJheiBkZSBjb25laml0byBNYWNhcm9u
x8WNBA,,Q29zdHVtZSBTcGVjaWFsIEthZnJhIEhhdA==,,,,,wr/DlcK4wq7CusK7,,R29ycm8gS2FmcmEgRXNwZWNpYWwgRGlzZnJhY2Vz
yMWNBA,,Q29zdHVtZSBGYW50YXN0aWMgV2ln,,,,,wr/Co8OBwqnCuMK1wrjDsMOAw5o=,,UGVsdWNhIENvc3R1bWUgRmFudGFzdGlj
ycWNBA,,Q29zdHVtZSBGbHVmZnkgUmFiYml0IENhcGU=,,,,,wrDDtcK1wrnDgMOMwrjDsMOAw5o=,,RGlzZnJheiBDYXBhIGRlIGNvbmVqbw==
ysWNBA,,Q29zdHVtZSBOYXZ5IEhhdA==,,,,,w4bCrsOAwqnCuMKuwrrCuw==,,R29ycm8gZGUgZGlzZnJheiBhenVsIG1hcmlubw==
y8WNBA,,Q29zdHVtZSBOZWNyb21hbmNlciBIb29kIChVcHBlcik=,,,,,w4DCvcOAwq/CvcODw4DDjsOAw4fCuMOww4DDmg==,,RGlzZnJheiBkZSBOaWdyb21hbnRlIGNvbiBDYXB1Y2hhIChTdXBlcmlvcik=
zMWNBA,,Q29zdHVtZSBHYXRlcyBvZiBOZXRoZXJXb3JsZA==,,,,,wrrDscK7w7PDh8OPwrTDgsODwrXCu8On,,U29tYnJlcm8gZGUgbGFzIHB1ZXJ0YXMgZGVsIGluZnJhbXVuZG8gZGVjb3JhdGl2bw==
zcWNBA,,Q29zdHVtZSBEYXJrIE1hZ2ljIEhlbG0=,,,,,w4XCqcK4wq7DhcO1wrbDs8OHw5DCv8O4wrjDsMOAw5o=,,VHJhamUgRGFyayBNYWdpYyBIZWxt
zsWNBA,,Q29zdHVtZSBBbmdlbGluZyBCcmVhZCBIYXQ=,,,,,w4fDj8OGwq7CuMOTwrjCrsOHw4k=,,RGlzZnJheiBBbmdlbGluZyBTb21icmVybyBkZSBwYW4=
z8WNBA,,Q29zdHVtZSBOb3N0YWxnaWEgQ2hlcnJ5IEJsb3Nzb20=,,,,,wrzCrcOFwqXCucO2wr3CusOAw4fCu8OU,,RGlzZnJheiBOb3N0YWxnaWEgRmxvciBkZSBjZXJlem8=
0MWNBA,,Q29zdHVtZSBLYW5uYW0gT24gSGVhZA==,,,,,w4DDjsOFwqXCucO2wr3CusOAw4fCu8OU,,VHJhamUgS2FubmFtIEVuIExhIENhYmV6YQ==
0cWNBA,,Q29zdHVtZSBTaG92ZWwgSGF0,,,,,wrHCpMK0w6vCuMOww4DDmg==,,R29ycm8gZGUgcGFsYSBwYXJhIGRpc2ZyYWNlcw==
0sWNBA,,Q29zdHVtZSBGbG93ZXJzIFByYXllcg==,,,,,wrnDmcKzwqrCuMKjwrDCo8K1w6XDgMOHw4XDtcKxwrg=,,RGlzZnJheiBGbG9yZXMgT3JhY2nDs24=
08WNBA,,Q29zdHVtZSBGZXJsb2NrJ3MgSGF0,,,,,wrzCvMOAw47DhsKuw4fDgcK4wrHCuMKuwrrCuw==,,VHJhamUgU29tYnJlcm8gZGUgRmVybG9jaw==
1MWNBA,,Q29zdHVtZSBEcm9vcGluZyBPbWVnYQ==,,,,,w4DCusK7w7bCucKww4DCvcOHwqU=,,VHJhamUgT21lZ2EgY2HDrWRv
1cWNBA,,Q29zdHVtZSBFbGVhbm9yIFdpZw==,,,,,wrHDncK7w7bCucKww4DCvcOHwqU=,,UGVsdWNhIEVsZWFub3I=
1sWNBA,,Q29zdHVtZSBTbW9reSBUcmFuc2Zvcm0gSGF0,,,,,w4DCusK7w7bCtMOAwrPCpsOHwqU=,,U29tYnJlcm8gU21va2llIGRlIHRyYW5zZm9ybWFjacOzbiBkZWNvcmF0aXZv
18WNBA,,Q29zdHVtZSBLaGFsaXR6YnVyZyBIZWxt,,,,,wrHDncK7w7bCtMOAwrPCpsOHwqU=,,VHJhamUgS2hhbGl0emJ1cmcgSGVsbQ==
2MWNBA,,Q29zdHVtZSBDaGFzaGVyIEVhcg==,,,,,wrnDn8OFwrDCuMKuwrHDqsOFw5DDhcO1wrHCuA==,,T3JlamFzIGRlIGdhdG8gZGUgQ2hlc2hpcmUgZGVjb3JhdGl2YXM=
2cWNBA,,Q29zdHVtZSBOeWRob2cgV2ln,,,,,wrvDrMK+w4bDgMOWwrTDgiDCusOSwrLDicOAw4cgw4XDmcKww5bCt8OQIMOHw54=,,RGlzZnJheiBQZWx1Y2EgTnlkaG9n
2sWNBA,,Q29zdHVtZSBMaW9uIENyb3du,,,,,wrXCucOHwrPDgMOHIMOHw6XDhsODw4TCuA==,,RGlzZnJheiBDb3JvbmEgZGUgbGXDs24=
28WNBA,,Q29zdHVtZSBJbmZhbnRyeSBIZWxtZXQgKFVwcGVyKQ==,,,,,wrjDk8K4wq7CtsOs,,Q2FzY28gZGUgaW5mYW50ZXLDrWEgKHN1cGVyaW9yKQ==
3MWNBA,,Q29zdHVtZSBVbmljb3JuIEhlbG0=,,,,,wrrDscK3wrnDhcK4,,RGlzZnJheiBkZSB5ZWxtbyBkZSB1bmljb3JuaW8=
3cWNBA,,Q29zdHVtZSBBaGF0IERvbGw=,,,,,wrnDncODwqLCsMOt,,RGlzZnJheiBNdcOxZWNhIEFoYXQ=
3sWNBA,,Q29zdHVtZSBTaGluaW5nIFN1bmZsb3dlcg==,,,,,wrjDk8K4wq7CssO2,,RGlzZnJheiBHaXJhc29sIEJyaWxsYW50ZQ==
38WNBA,,Q29zdHVtZSBHYWxheHkgQ2lyY2xldA==,,,,,wrTDg8K+w67DgcO4w4XDpMKzwqI=,,RGlzZnJheiBHYWxheHkgQ2lyY2xldA==
4MWNBA,,Q29zdHVtZSBOb3J0aGVybiBDcm9zcw==,,,,,w4DDjsK6w7HDgcO2wrrDrSDDhMK4,,VHJhamUgQ3J1eiBkZWwgTm9ydGU=
4cWNBA,,Q29zdHVtZSBCbHVlIEVtb3Rpb24=,,,,,w4fCrsOBw5fDgMK6IMOFwrDCv8KkIMOAw47Dh8O8,,VHJhamUgQXp1bCBFbW9jacOzbg==
4sWNBA,,Q29zdHVtZSBHbG9yeSBTeW1ib2w=,,,,,w4fCrsOBw5fDgMK6IMK/wqTCuMKuwr7DuSDDgMOOw4fDvA==,,VHJhamUgU8OtbWJvbG8gZGUgbGEgR2xvcmlh
48WNBA,,Q29zdHVtZSBKYXNwZXIgQ3Jlc3Q=,,,,,w4DDjMK6w60gwrXDpcK3w6fDgMOMwrXDpSDCuMOww4DDmg==,,VHJhamUgSmFzcGVyIENyZXN0
5MWNBA,,Q29zdHVtZSBQaW5rIEFuZ2VsIEhhaXJiYW5k,,,,,wrvDp8K+w4jCusOAw4DDjsOAw4cgwrrDmMK0w6s=,,RGlhZGVtYSBEaXNmcmF6IMOBbmdlbCBSb3Nh
5cWNBA,,Q29zdHVtZSBBbmdlbCBCbGVzc2luZw==,,,,,wrTDq8OHw7wgwrjCtsOBwqbCvcK6w4bCvSDCsMOtwr/DrMOGwq4=,,RGlzZnJheiDDgW5nZWwgQmVuZGljacOzbg==
5sWNBA,,Q29zdHVtZSBVbmljb3JuIEhvcm4=,,,,,w4fDh8K+w4bCuMOkw4bCrsOAw4cgwrXDjsKww4c=,,RGlzZnJheiBDdWVybm8gZGUgdW5pY29ybmlv
58WNBA,,Q29zdHVtZSBGb3ggQmFtYm9vIEhhdA==,,,,,wrnCsMOAw4fCtMOPw4bCrsOEwrg=,,RGlzZnJheiBkZSB6b3JybyBTb21icmVybyBkZSBiYW1iw7o=
6MWNBA,,Q29zdHVtZSBDcmltc29uIFZhbGt5cmllIENpcmNsZXQ=,,,,,w4DDpcK9w4TCv8Orwr7Di8Kywq7DgcO6,,RGlzZnJheiBkZSBWYWxxdWlyaWEgQ2FybWVzw60gQ2lyY2xldA==
6cWNBA,,Q29zdHVtZSBHb2xkIEhlbG0gb2YgVmFuYWdhbmRy,,,,,wrzCvMOAw4/Dh8Klw4HDtsOGw4c=,,VHJhamUgWWVsbW8gZGUgT3JvIGRlIFZhbmFnYW5kcg==
6sWNBA,,Q29zdHVtZSBDbGFzc2ljYWwgQmFsbG9vbiBIYXQ=,,,,,w4DCp8OAw7rCtcOlw4fDng==,,VHJhamUgQ2zDoXNpY28gU29tYnJlcm8gR2xvYm8=
68WNBA,,Q29zdHVtZSBEZW5pbSBJZ25pcyBDYXA=,,,,,wrDCpcK2w7PDhsOEwrDDrcOAw4cgwrjDsMOAw5o=,,R29ycmEgQ29zdHVtZSBEZW5pbSBJZ25pcw==
7MWNBA,,Q29zdHVtZSBIYXJ2ZXN0IEZlc3RpdmFsIEhhdA==,,,,,w4bDkMK8w4cgwrnDpsOHw5HCuMOww4DDmg==,,R29ycm8gZGUgbGEgRmllc3RhIGRlIGxhIENvc2VjaGE=
7cWNBA,,Q29zdHVtZSBXYW5kZXJpbmcgV29sZiBIYXQoVXBwZXIp,,,,,wrPDrMK7w7YgwrjDk8K4wq7CssO2,,RGlzZnJheiBkZSBMb2JvIEVycmFudGUgU29tYnJlcm8oU3VwZXJpb3Ip
7sWNBA,,Q29zdHVtZSBDb3doaWRlIEhhdA==,,,,,wrvCocKwwqMgwrjDk8K4wq7CssO2,,U29tYnJlcm8gZGUgcGllbCBkZSB2YWNhIHBhcmEgZGlzZnJhY2Vz
78WNBA,,Q29zdHVtZSBQb3JpbmcgQmVyZQ==,,,,,w4bDhMK2w7UgwrjDk8K4wq7CssO2,,Qm9pbmEgZGUgUG9yaW5nIGRlY29yYXRpdmE=
8MWNBA,,Q29zdHVtZSBNYWpvcm91cyBIb3Jucw==,,,,,w4fDj8K+w6EgwrjDk8K4wq7CssO2,,RGlzZnJheiBNYWpvcm91cyBIb3Jucw==
8cWNBA,,Q29zdHVtZSBIZWFydCBXaW5nIEhlYWRiYW5k,,,,,w4TDmsK3w47Cs8Od,,RGlzZnJheiBkZSBkaWFkZW1hIGNvbiBhbGFzIGRlIGNvcmF6w7Nu
8sWNBA,,Q29zdHVtZSBTaGFyayBIYXQ=,,,,,wrTDq8OBw7bDgMOHIMK9w4fDhcKpw4fDng==,,R29ycm8gZGUgZGlzZnJheiBkZSB0aWJ1csOzbg==
88WNBA,,Q29zdHVtZSBCaXJkIE5lc3Q=,,,,,wrPDl8OEw5rCucOMwrnDjCDDhMKrw4fDgcK2w7PCucOqwrXDpQ==,,RGlzZnJhY2VzIE5pZG8gZGUgcMOhamFyb3M=
9MWNBA,,Q29zdHVtZSBMYWNlIEZsb3dlciBDcm93bg==,,,,,wrnDmcK0w5LCucOMwrjCo8K9wrogwrjDsMOAw5o=,,VHJhamUgZGUgZW5jYWplIENvcm9uYSBkZSBmbG9yZXM=
9cWNBA,,Q29zdHVtZSBKZXdlbCBDcm93bg==,,,,,wrTDg8K+w67DgcO4IMK4wq7Dh8OBIMOAw47Dh8O8,,VHJhamUgQ29yb25hIGRlIGpveWFz
9sWNBA,,Q29zdHVtZSBNeXN0aWNhbCBGcnVpdCBIYXQ=,,,,,wr7DhsK5w4zCvcK6w4bCrsK4wqPDhMK4,,RGlzZnJheiBHb3JybyBGcnV0YSBNw61zdGljYQ==
98WNBA,,Q29zdHVtZSBJbmRpYW4gSGVhZGJhbmQ=,,,,,wrjDk8K4wq7Cv8KhIMOFwrjCsMOtIMOAw5bCtMOCIMOHw4rCuMKuwrjCow==,,RGlhZGVtYSBwYXJhIGRpc2ZyYXogZGUgaW5kaW8=
+MWNBA,,Q29zdHVtZSBFeHBlcmltZW50YWwgR29hdCBDYXA=,,,,,w4TDicOAw4zDhcKpwrjDsMOAw5o=,,RGlzZnJheiBFeHBlcmltZW50YWwgR29ycm8gZGUgQ2FicmE=
+cWNBA,,Q29zdHVtZSBSZWQgQmFieSBEcmFnb24gSGF0,,,,,w4XDkMK4w7DDgMOa,,RGlzZnJheiBHb3JybyBEcmFnw7NuIFJvam8gQmViw6k=
+sWNBA,,Q29zdHVtZSBUdXJrZXkgSGF0,,,,,wrHDqsOFw5DCuMOww4DDmg==,,R29ycm8gZGUgcGF2byBwYXJhIGRpc2ZyYWNlcw==
+8WNBA,,Q29zdHVtZSBEb2cgRWFyIENhcA==,,,,,wr7DiMOFw5fCs8Kq,,R29ycm8gY29uIG9yZWphcyBwYXJhIHBlcnJv
/MWNBA,,Q29zdHVtZSBEcm9vcGluZyBCb3Rv,,,,,wr/CrMKyw4nCuMOww4DDmg==,,RGlzZnJheiBEcm9vcGluZyBCb3Rv
/cWNBA,,Q29zdHVtZSBQcmV0dHkgV2hpdGUgQmVhcg==,,,,,w4fDkMK7w6fCuMOw,,RGlzZnJheiBPc28gQmxhbmNvIEJvbml0bw==
/sWNBA,,Q29zdHVtZSBCcmF6aWwgVHdpbiBSaWJib24=,,,,,w4XDpMKzwqLCscONwrjDsMOAw5o=,,VHJhamUgQnJhc2lsIENpbnRhIEdlbWVsYQ==
/8WNBA,,Q29zdHVtZSBDcmVhdGl2ZSBDb252ZW50aW9uIENhcA==,,,,,wrzCscOAw6XCtMOUw4DDh8K4w7DDgMOa,,R29ycmEgQ29zdHVtZSBDcmVhdGl2ZSBDb252ZW50aW9u
AMaNBA,,Q29zdHVtZSBDcmVhdGl2ZSBDb252ZW50aW9uIENoYXBlYXU=,,,,,wrrCtMK+w4bCuMKuwrjDsMOAw5o=,,Q29zdHVtZSBDcmVhdGl2ZSBDb252ZW50aW9uIENoYXBlYXU=
AcaNBA,,Q29zdHVtZSBTdHJpa2luZyBIYXQ=,,,,,wrjCrsOGwrLCv8Kjw4HCqcK1wrk=,,RGlzZnJheiBTb21icmVybyBMbGFtYXRpdm8=
AsaNBA,,Q29zdHVtZSBQYWxhY2UgR3VhcmQgQ2Fw,,,,,wrTDmcOFwqnCs8OXwr3CusOHw6/CuMKn,,R29ycmEgZGUgZ3VhcmRpYSBkZWwgUGFsYWNpbyBkZSBEaXNmcmFjZXM=
A8aNBA,,Q29zdHVtZSBHb3RoaWMgUm9zZSBCb25uZXQ=,,,,,wrDDi8K8wrrDgMOHwr/DlcKww7w=,,VHJhamUgZ8OzdGljbyBSb3NlIEJvbm5ldA==
BMaNBA,,Q29zdHVtZSBXaGl0ZSBTbmFrZQ==,,,,,w4fCqsK4wqXCu8O9wrzCsQ==,,RGlzZnJheiBkZSBzZXJwaWVudGUgYmxhbmNh
BcaNBA,,Q29zdHVtZSBDYXQncyBQYXcgS25pdCBIYXQ=,,,,,wrzCrcOFwqzCuMK0,,R29ycm8gZGUgcHVudG8gY29uIGZvcm1hIGRlIHBhdGEgZGUgZ2F0bw==
BsaNBA,,Q29zdHVtZSBDYXQncyBQYXcgS25pdCBIYXQgKEJyb3duKQ==,,,,,w4PCu8K7w7bCuMOTwrjCrsK2w6w=,,R29ycm8gZGUgcHVudG8gY29uIGZvcm1hIGRlIHBhdGEgZGUgZ2F0byAobWFycsOzbik=
B8aNBA,,Q29zdHVtZSBCbGFjayBWZWls,,,,,wrnDqcK3w4PCv8OBIMK4w7DDgMOa,,VHJhamUgVmVsbyBuZWdybw==
CMaNBA,,Q29zdHVtZSBGZWF0aGVyZWQgQmxhY2sgQ2Fw,,,,,w4fDgcK3w5DDhcOXwrbDs8KxwrrCuMOw,,RGlzZnJheiBHb3JybyBuZWdybyBjb24gcGx1bWFz
CcaNBA,,Q29zdHVtZSBNaW5pIEJlcmV0IEhhaXJiYW5k,,,,,wrLDicK4w5PCuMKuw4fDiQ==,,RGlhZGVtYSBNaW5pIEJvaW5h
CsaNBA,,Q29zdHVtZSBQaWVyY2VkIEFwcGxl,,,,,wrnDkMOCwqTCuMOww4DDmg==,,RGlzZnJheiBNYW56YW5hIHBlcmZvcmFkYQ==
C8aNBA,,Q29zdHVtZSBSb21hbnRpYyBSb3Nl,,,,,wr/DvsK9wrrDhcOPwrHDl8K3wrnDgMOMwr3Cug==,,RGlzZnJheiBSb3NhIFJvbcOhbnRpY2E=
DMaNBA,,Q29zdHVtZSBCbGFjayBNdXNhbmcgSGF0,,,,,wrvDp8K9wr/Cu8OU,,VHJhamUgU29tYnJlcm8gTXVzYW5nIE5lZ3Jv
DcaNBA,,Q29zdHVtZSBWZXNwZXIgSGVhZGdlYXI=,,,,,wrnDjMK9wrrDhsK9wrfDjsOBw64=,,RGlzZnJheiBWZXNwZXIgQ2FzY28=
DsaNBA,,Q29zdHVtZSBEcm9vcGluZyBHdW5zbGluZ2Vy,,,,,wr7Di8K3w4/CtMOewrfDj8K+w4vCssKuw4HDug==,,RGlzZnJheiBkZSBwaXN0b2xlcm8gY2HDrWRv
D8aNBA,,Q29zdHVtZSBCaW8gUHJvdGVjdG9y,,,,,w4jDlsOEw4nCucOZw4DDjsOAw4fCscON,,QmlvcHJvdGVjdG9yIGRlIHRyYWplcw==
EMaNBA,,Q29zdHVtZSBHb2dnbGVzIEhhdA==,,,,,wrvDp8K+w4fDh8ORwrjCtsOEwqrDh8Oe,,R29ycm8gR2FmYXMgZGUgRGlzZnJheg==
EcaNBA,,Q29zdHVtZSBNYWdpYyBUaW1l,,,,,wrfCucK6w7jDh8OswrXDpcK1w6XCt8K5wr3Cug==,,SG9yYSBtw6FnaWNhIGRlIGxvcyBkaXNmcmFjZXM=
EsaNBA,,Q29zdHVtZSBGcmV5amEgQ3Jvd24=,,,,,wrXDjsKww4c=,,VHJhamUgRnJleWphIENvcm9uYQ==
E8aNBA,,Q29zdHVtZSBHb2xkIEluZ290IFBvcmluZw==,,,,,w4fDpcOGw4PDhMK4,,VHJhamUgTGluZ290ZSBkZSBPcm8gUG9yaW5n
FMaNBA,,S2luZyBvZiBTcGlyaXQgQ2lyY2xl,,,,,wr3CusOAwqfDhsKuw4HCqMOGwrI=,,Q8OtcmN1bG8gZGVsIFJleSBkZSBsb3MgRXNww61yaXR1cw==
FcaNBA,,UlRDIFNlY29uZCBCZXN0,,,,,w4DDpcK9w4TCv8OrwrLDiQ==,,UlRDIFNlY29uZCBCZXN0
FsaNBA,,Umh5dGhtIEhhaXJiYW5k,,,,,wrLCv8Kxw7LCuMOww4DDmg==,,RGlhZGVtYSBSaHl0aG0=
F8aNBA,,Q29zdHVtZSBEZXZpbCdzIEhhbmQ=,,,,,wrvCocKwwqPDhcOXw4DDj8K4wq7CusK7,,RGlzZnJheiBNYW5vIGRlbCBEaWFibG8=
GMaNBA,,Q29zdHVtZSBCb2l0YXRhIENhcA==,,,,,wrHDjcOCw7rDgMK6wrPDisKxwrjCuMKu,,RGlzZnJheiBHb3JyYSBCb2l0YXRh
GcaNBA,,Q29zdHVtZSBCbGFjayBEZWF0aCBLaW5nJ3MgSGF0,,,,,w4DDmsK8wrzCscKzw4HCpMK4w7DDgMOa,,RGlzZnJheiBkZSBSZXkgZGUgbGEgTXVlcnRlIE5lZ3JhIFNvbWJyZXJv
GsaNBA,,Q29zdHVtZSBMb3ZlIEd1YXJk,,,,,w4jCo8K5w5rCuMOww4DDmg==,,RGlzZnJheiBMb3ZlIEd1YXJk
G8aNBA,,Q29zdHVtZSBIZWxtZXQgb2YgU2llZ2ZyaWVk,,,,,wrjDk8K4wq7CusO4,,Q2FzY28gZGUgU2lnZnJpZG8=
HMaNBA,,U3Byb3V0IEhhdA==,,,,,w4DCp8K9wrrDhsObw4XDp8OHw54=,,U29tYnJlcm8gU3Byb3V0
HcaNBA,,Q29zdHVtZSBDcmlhdHVyYSBBY2FkZW15IEhhdA==,,,,,wrXCpMK+w67CvsK0w4bDt8K4wrU=,,R29ycm8gZGUgbGEgQWNhZGVtaWEgQ29zdHVtZSBDcmlhdHVyYQ==
HsaNBA,,U2FsZSBTaWdu,,,,,wrTCq8K7w6fCtsO3wrjDsMOAw5o=,,Q2FydGVsIGRlIHZlbnRh
H8aNBA,,SGFpciBCcnVzaA==,,,,,wrzCv8K4wrDCtMOAw4DDh8K4wq7CusK7,,Q2VwaWxsbyBwYXJhIGVsIHBlbG8=
IMaNBA,,Q29zdHVtZSBTYWlsb3JzIEhhdA==,,,,,w4jCssKxw53CvsOGwrHDosODwrXCu8OnwrvDsw==,,R29ycm8gZGUgbWFyaW5lcm8gZGVjb3JhdGl2bw==
IcaNBA,,Q29zdHVtZSBXYXRlciBMYW50ZXJu,,,,,wrjCtsK4wq7Cv8OAwrPDl8OGwq7DgMOOw4fDvA==,,RGlzZnJheiBMaW50ZXJuYSBkZSBhZ3Vh
IsaNBA,,Q29zdHVtZSBBbmdlbCBvZiBIYXBwaW5lc3M=,,,,,wrDDhcK9w4PCscOi,,RGlzZnJheiDDgW5nZWwgZGUgbGEgRmVsaWNpZGFk
I8aNBA,,Q29zdHVtZSBUaGllZidzIEhvb2Q=,,,,,w4DDpcK3w4rCsMOH,,Q2FwdWNoYSBkZSBsYWRyw7NuIGRlIGRpc2ZyYWNlcw==
JMaNBA,,Q29zdHVtZSBMaWdodCBCdWxiIEhhaXJiYW5k,,,,,w4HDmcK5wqvCtMOMwrjDk8K4wq7CtsOs,,RGlhZGVtYSBCb21iaWxsYQ==
JcaNBA,,Q29zdHVtZSBBbmNpZW50IFJlc29uYW5jZQ==,,,,,wrHDjcK4wrbCsMKz,,VHJhamUgUmVzb25hbmNpYSBBbnRpZ3Vh
JsaNBA,,Q29zdHVtZSBQcmluY2Ugb2YgUmFiYml0,,,,,wrPDmMOFwrjDgMOM,,RGlzZnJheiBQcsOtbmNpcGUgZGUgQ29uZWpv
J8aNBA,,R2lmdCBvZiBQYW5hZ2lh,,,,,w4DDpcK9w4TCv8Orw4fDmMK5w5nCtsOzwrHDog==,,UmVnYWxvIGRlIFBhbmFnaWE=
KMaNBA,,Q29zdHVtZSBDeWxpbmRlciBIYWlyYmFuZA==,,,,,wrvDtcOHw4/CvsOhwrvDlA==,,RGlhZGVtYSBjaWzDrW5kcmljYSBwYXJhIGRpc2ZyYWNlcw==
KcaNBA,,Q29zdHVtZSBCYWJ5IERyYWdvbiBIYXQ=,,,,,wrjDqcK7w6fDhsO3,,RGlzZnJheiBCZWLDqSBHb3JybyBEcmFnw7Nu
KsaNBA,,Q29zdHVtZSBVbmljb3JuIEhlYWRkcmVzcw==,,,,,wrrCocKww4XDgcO2wrjDsMOAw5o=,,VG9jYWRvIGRlIHVuaWNvcm5pbyBwYXJhIGRpc2ZyYWNlcw==
K8aNBA,,Q29zdHVtZSBCZWFjaGJhbGw=,,,,,wrjDnsKxw6TDhMK4,,RGlzZnJheiBCZWFjaGJhbGw=
LMaNBA,,Q29zdHVtZSBEaWFkZW0gb2YgQnJ1bmhpbGQ=,,,,,wrrCr8K9w4XCs8KqwrnCtcOAw5k=,,VHJhamUgRGlhZGVtYSBkZSBCcnVuaWxkYQ==
LcaNBA,,Q29zdHVtZSBBZnJvIFdpZw==,,,,,wrrDjsK1w6XCt8Kvwr/DrsK+w6fCuMOww4DDmg==,,RGlzZnJheiBQZWx1Y2EgQWZybw==
LsaNBA,,Q29zdHVtZSBBd2FrZW5lZCBFZGVuIEdyb3VwIEhhdA==,,,,,wr3CusKzw6vCv8OswrPDq8K/w6zCuMOww4DDmg==,,RGlzZnJheiBHcnVwbyBFZGVuIERlc3BlcnRhZG8gR29ycm8=
L8aNBA,,Q29zdHVtZSBEZW1vbiBDcm93bg==,,,,,wrfDjsK4wq7DhcK4IMOFw5nCsMOWwrfDkCDCuMOww4DDmg==,,RGlzZnJheiBDb3JvbmEgZGUgZGVtb25pbw==
MMaNBA,,Q29zdHVtZSBIYXQgb2YgS2luZw==,,,,,w4DDocOAw5rCtMOCIMOAw4zDhcKswrjCs8K9wrogwrDCocOBwrc=,,R29ycm8gZGUgUmV5
McaNBA,,Q29zdHVtZSBSZWQgTmF2eSBIYXQ=,,,,,wrDCrcOHw5HDgMOaw4DDhyDDh8Oswr7Drg==,,RGlzZnJheiBHb3JybyBSb2pvIE1hcmlubw==
MsaNBA,,Q29zdHVtZSBXaGFsZSBDYXA=,,,,,wrrDscK5w5DDgMOHIMOBw7bDhsOb,,RGlzZnJheiBHb3JybyBkZSBiYWxsZW5h
M8aNBA,,Q29zdHVtZSBDYW1lbGxpYSBEZW1vbiBSaWJib24=,,,,,wrDDrcKxw5s=,,RGlzZnJheiBDYW1lbGlhIERlbW9uaW8gQ2ludGE=
NMaNBA,,Q29zdHVtZSBTdG9ybSBDZWxs,,,,,w4HDl8OAwrrDgMOaw4DDh8OFw7XCscK4,,VHJhamUgU3Rvcm0gQ2VsbA==
NcaNBA,,Q29zdHVtZSBUcmVlIEZyb2cgSG9vZA==,,,,,wrbCsMK1wrnDgMOMwrTDgcK0w6vCv8OVw4XDtcKxwrg=,,RGlzZnJheiBSYW5hIGRlIMOhcmJvbCBjb24gY2FwdWNoYQ==
NsaNBA,,Q29zdHVtZSBSZXBsaWNhIE51dCBDcmFja2Vy,,,,,wr7DhsOHw4HCt8OOwrDCocK5w58=,,UsOpcGxpY2EgZGUgZGlzZnJheiBkZSBDYXNjYW51ZWNlcw==
N8aNBA,,Q29zdHVtZSBSYWRpbyBBbnRlbm5h,,,,,wr3DgsK4wq7DgMOHIMKzwq/CsMKz,,QW50ZW5hIGRlIHJhZGlvIHBhcmEgZGlzZnJhY2Vz
OMaNBA,,Q29zdHVtZSBXaGl0ZSBXaXphcmQgSGF0,,,,,w4jDssKww63CvsOnw4DDjMOIw4TCtcOl,,RGlzZnJheiBkZSBNYWdvIEJsYW5jbyBTb21icmVybw==
OcaNBA,,Q29zdHVtZSBTb3JjZXJlciBIb29k,,,,,w4fDvcKxwrrCuMOww4DDmg==,,RGlzZnJheiBkZSBIZWNoaWNlcm8gY29uIENhcHVjaGE=
OsaNBA,,Q29zdHVtZSBTaXR0aW5nIFBvcGU=,,,,,wrnCq8KzwqvCuMOww4DDmg==,,RGlzZnJheiBQYXBhIFNlbnRhZG8=
O8aNBA,,Q29zdHVtZSBSYWduYXJvayBSdXNoIEdvYXQ=,,,,,wrrCu8Kww4fCuMOww4DDmg==,,VHJhamUgUmFnbmFyb2sgUnVzaCBDYWJyYQ==
PMaNBA,,Q29zdHVtZSBBc3RybyBDaXJjbGU=,,,,,wrjDjcK4w7HDgMOHw4jDhMK1w6U=,,RGlzZnJhY2VzIEFzdHJvIENpcmNsZQ==
PcaNBA,,Q29zdHVtZSBTdG9ybXkgQ2xvdWQ=,,,,,W8K+w4bCusKjwrjCoyDCtcOlIMK1wrXCvcKsXQrDiMOlw4DCvS4uLgrCscOXIMK4w7DDgMOawrTDgiDCvsOGw4HDtyDDhcOXwr3CusOGwq7DgcOfw4DDjMK2w7PCvMKtIMOAw5vCvsO3w4fDmCDCtcOlwrjCsSDCvMO2IMK+w7jCvsOuwr/DpC4=,,RGlzZnJheiBOdWJlIFRvcm1lbnRvc2E=
PsaNBA,,Q29zdHVtZSBNYWdpY2lhbiBLbml0IEhhdA==,,,,,wrPCqsK6w7HCs8KvwrDCs8Kxw40=,,R29ycm8gZGUgbWFnbw==
P8aNBA,,Q29zdHVtZSBXaGl0ZSBEcm9vcGluZyBDYXQ=,,,,,wrjDk8K4wq7CucOaw4jDucKzwqrCu8On,,RGlzZnJheiBkZSBnYXRvIGJsYW5jbyBjYcOtZG8=
QMaNBA,,Q29zdHVtZSBTbm93IEJlYXIgSG9vZA==,,,,,w4fDj8OGwq7CtMKrwr7DiMK0w6s=,,RGlzZnJheiBPc28gZGUgTmlldmUgQ2FwdWNoYQ==
QcaNBA,,Q29zdHVtZSBQZW5ndWluIENhcA==,,,,,wrnDn8Kxw5fCt8K5,,R29ycm8gZGUgZGlzZnJheiBkZSBwaW5nw7xpbm8=
QsaNBA,,Q29zdHVtZSBGZWF0aGVyIEZlZG9yYQ==,,,,,wr/DpMOBwqTDgMOHwrHDjQ==,,RmVkb3JhIGRlIHBsdW1hcyBwYXJhIGRpc2ZyYWNlcw==
Q8aNBA,,Q29zdHVtZSBQYWxlIE1vb24gSGF0,,,,,wrjDgcK/w7jCsMOm,,RGlzZnJheiBTb21icmVybyBMdW5hIFDDoWxpZGE=
RMaNBA,,Q29zdHVtZSBTdGluZyBTaWxrIFJpYmJvbg==,,,,,w4fDicOHw6/CuMKn,,Q2ludGEgZGUgc2VkYSBDb3N0dW1lIFN0aW5n
RcaNBA,,Q29zdHVtZSBCbHVlIEZyaWxsIFJpYmJvbg==,,,,,wr7Dh8K4wrbDgMOHIMKzwq/CsMKzwrHDjQ==,,VHJhamUgQ2ludGEgZGUgdm9sYW50ZXMgYXp1bA==
RsaNBA,,Q29zdHVtZSBDZWxlc3RpYWwgV29tYW4gRmxvd2Vy,,,,,w4PCtcK7w6fDgMOHIMKzwq/CsMKzwrHDjQ==,,RGlzZnJheiBDZWxlc3RpYWwgTXVqZXIgRmxvcg==
R8aNBA,,Q29zdHVtZSBCbGFjayBGb3ggRWFyIFJpYmJvbg==,,,,,wrXCv8Kxw5fCtsO1IMK0wqvCtcK/w4DDmg==,,Q2ludGEgcGFyYSBvcmVqYSBkZSB6b3JybyBuZWdybw==
SMaNBA,,Q29zdHVtZSBZZWxsb3cgQ2hlcnJ5IEJsb3Nzb20gSGF0,,,,,wr/DgMOGw6TCtsOzw4DCr8K3w4nCsMKhwrjDqQ==,,RGlzZnJheiBTb21icmVybyBmbG9yIGRlIGNlcmV6byBhbWFyaWxsbw==
ScaNBA,,Q29zdHVtZSBCb3VxdWV0IEhhdA==,,,,,wr7Ds8OAwr3Cs8KvwrDCs8Kxw40=,,R29ycm8gZGUgZGlzZnJheiBCb3VxdWV0
SsaNBA,,Q29zdHVtZSBMYXJnZSBIdW5ncnkgRmlzaA==,,,,,wrTCq8KwwqHCuMKuwrDCsw==,,RGlzZnJheiBkZSBwZXogZ3JhbmRlIGhhbWJyaWVudG8=
S8aNBA,,Q29zdHVtZSBDYXQgRWFyZWQgQmFuZGFuYQ==,,,,,wrDDrcKxw57CvMKxwrHDm8K3wqHCvcK6,,RGlzZnJheiBCYW5kYW5hIE9yZWphcyBkZSBHYXRv
TMaNBA,,Q29zdHVtZSBEcm9vcGluZyBZZWxsb3cgQ2F0,,,,,wr/DnMK0wqvCvsOIwrDDpg==,,RGlzZnJheiBkZSBnYXRvIGFtYXJpbGxvIGNhw61kbw==
TcaNBA,,Q29zdHVtZSBJc2FiZWxsYSdzIEJsdWUgRWFyIEhhdA==,,,,,wrHDm8K3wqHCvcK6,,RGlzZnJheiBHb3JybyBjb24gb3JlamFzIGF6dWxlcyBkZSBJc2FiZWxsYQ==
TsaNBA,,Q29zdHVtZSBGYXduIEVhcnM=,,,,,wrzCscKxw5vCt8Khwr3Cug==,,RGlzZnJheiBPcmVqYXMgZGUgTGVvbmFkbw==
T8aNBA,,Q29zdHVtZSBCbGFjayBSYWJiaXQgRWFycw==,,,,,wrTDnsKww7ogwrrCsMOAw4cgw4DDpcK9w4Q=,,RGlzZnJheiBPcmVqYXMgZGUgQ29uZWpvIE5lZ3Jv
UMaNBA,,Q29zdHVtZSBTaGFtYW4gSGF0,,,,,w4DCvcK+w4fDgMOHIMOAw6XCvcOE,,R29ycm8gZGUgY2hhbcOhbg==
UcaNBA,,Q29zdHVtZSBTdGFyZHVzdCBIYWlyYmFuZA==,,,,,w4DDjsK6w7HDgcO2wrrDrSDCvMKxwrHDm8K2w7PCvcK6,,Q2ludGEgcGFyYSBlbCBwZWxvIFN0YXJkdXN0
UsaNBA,,Q29zdHVtZSBIYXBweSBSYWJiaXQgUmliYm9u,,,,,wrXDjsKwwrPDgMOHIMOAw5vDgMK6wrjCrsK6wrs=,,RGlzZnJheiBDb25lam8gRmVsaXogQ2ludGE=
U8aNBA,,Q29zdHVtZSBMb3ZlbHkgSGVhcnQgQ2Fw,,,,,wrfDjsK6wrjCvsOGw4DDjA==,,RGlzZnJheiBMb3ZlbHkgSGVhcnQgQ2Fw
VMaNBA,,Q29zdHVtZSBEcm9zZXJhIEhhaXJwaW4=,,,,,w4PCtcK7w6fDgMOHw4DCr8K3w4k=,,SG9ycXVpbGxhIERyb3NlcmEgQ29zdHVtZQ==
VcaNBA,,Q29zdHVtZSBTaW9yYXZhIEhhdA==,,,,,wrrCp8OAw4fCusOxwrXDkcKxw6I=,,R29ycm8gU2lvcmF2YQ==
VsaNBA,,Q29zdHVtZSBDbG9ja3dvcmsgQ2Fw,,,,,wrnDjMK0w4/CscObwrfCocK9wro=,,RGlzZnJheiBHb3JybyBSZWxvag==
V8aNBA,,Q29zdHVtZSBQb3BvcmluZyBNYXNjb3QgSGVhZA==,,,,,M0TCvsOIwrDDpg==,,RGlzZnJheiBQb3BvcmluZyBNYXNjb3QgSGVhZA==
WMaNBA,,Q29zdHVtZSBDbGVyZ3kgTnVyc2UgQ2Fw,,,,,wrfCr8K6w6ogwrnDn8Kxw5fCt8K5,,RGlzZnJheiBkZSBlbmZlcm1lcmE=
WcaNBA,,Q29zdHVtZSBaZWFsb3R1cyBEb2xs,,,,,wrrCucOIwqPCs8Kqw4fDkcKwwqHCuMOp,,RGlzZnJheiBNdcOxZWNhIFplYWxvdHVz
WsaNBA,,Q29zdHVtZSBWYXJpYW50IFZlaWw=,,,,,w4fDj8OIwrjDhcK7,,VmFyaWFudGUgZGVsIGRpc2ZyYXogVmVsbw==
W8aNBA,,Q29zdHVtZSBDcm93bmVkIFByaW5jZXNzIFJpYmJvbg==,,,,,w4fDl8K3w6bCs8Kqw4fDkcKwwqHCuMOp,,RGlzZnJheiBQcmluY2VzYSBDb3JvbmFkYSBDaW50YQ==
XMaNBA,,Q29zdHVtZSBHdWFyZGlhbiBQcm9jZXNzb3I=,,,,,wr3CusK4wrbDgMOP,,Q29zdHVtZSBHdWFyZGlhbiBQcm9jZXNhZG9y
XcaNBA,,Q29zdHVtZSBNZWNoYSBDYXQgRWFycw==,,,,,wrDDrcK6w63CuMKwwrDCocK4w6k0w4jCow==,,RGlzZnJheiBNZWNoYSBPcmVqYXMgZGUgR2F0bw==
XsaNBA,,Q29zdHVtZSBCb29rIG9mIFNveWdh,,,,,wrDCocK9wrrCuMK2wr3CusOFwqk=,,TGlicm8gZGUgZGlzZnJhY2VzIGRlIFNveWdh
X8aNBA,,Q29zdHVtZSBTcGlkZXIgU2VkdWN0aW9u,,,,,wr7Di8K2w7fCsMKhwrjDqQ==,,RGlzZnJheiBBcmHDsWEgU2VkdWNjacOzbg==
YMaNBA,,Q29zdHVtZSBHb2xkZW4gRmlzaCBIYXQ=,,,,,wrnCq8OHwqXDgcKkIMKwwqHCuMOp,,RGlzZnJheiBHb3JybyBQZXogRG9yYWRv
YcaNBA,,Q29zdHVtZSBGb3Jlc3QgR3VpZGU=,,,,,wrPDrsK2w7XCtMKrIMKwwqHCuMOp,,R3XDrWEgZGVsIGJvc3F1ZSBkZSBkaXNmcmFjZXM=
YsaNBA,,Q29zdHVtZSBZZWxsb3cgV2l6YXJkcnkgSGF0,,,,,wrHDjcOCw7rDgMK6IMKwwqHCuMOp,,RGlzZnJheiBTb21icmVybyBNYWdvIEFtYXJpbGxv
Y8aNBA,,Q29zdHVtZSBMYXJnZSBTb3JjZXJlciBDcm93bg==,,,,,w4fDg8K2w7PCv8O2IMOGw7fDhsKuIMK4wrbCvcK6w4XCqQ==,,RGlzZnJheiBDb3JvbmEgZGUgQnJ1am8gR3JhbmRl
ZMaNBA,,Q29zdHVtZSBEb2tlYmk=,,,,,w4bDhMK7w6rDgMOaw4DDh8KwwqHCuMOp,,RGlzZnJheiBEb2tlYmk=
ZcaNBA,,Q29zdHVtZSBEcm9vcGluZyBFcm5zdCBWb24gV29sZiAxMXRo,,,,,wrTDn8K6w47CuMKu,,VHJhamUgRHJvb3BpbmcgRXJuc3QgVm9uIFdvbGYgMTF0aA==
ZsaNBA,,Q29zdHVtZSBRdWVlbiBBbnogUmV2ZW5nZQ==,,,,,w4LDu8K4wq7DgMOHwrzDtsK/wrA=,,RGlzZnJheiBSZWluYSBBbnogVmVuZ2FuemE=
Z8aNBA,,Q29zdHVtZSBCbGFjayBDb3dib3kgSGF0,,,,,wrLDicOAw5k=,,RGlzZnJheiBTb21icmVybyBWYXF1ZXJvIE5lZ3Jv
aMaNBA,,Q29zdHVtZSBDYWN0dXMgRmxvd2VyIENvcnNhZ2U=,,,,,wrvDp8K5wqvCtsOzw4DDjMK4wrbCvcK6w4XCqQ==,,Q29yc8OpIGRlIGZsb3JlcyBkZSBjYWN0dXM=
acaNBA,,Q29zdHVtZSBOYXRpdmUgRmVhdGhlciBIZWFkYmFuZA==,,,,,wr7DhsOAw4zCvsOww4TDicOAw44=,,RGlzZnJheiBkZSBuYXRpdm8gRGlhZGVtYSBkZSBwbHVtYXM=
asaNBA,,Q29zdHVtZSBTcXVpcnJlbCBFYXIgSGF0,,,,,wr7DrsK7w7XCvcOFwrjCtsK9wrrDhcKp,,R29ycm8gY29uIG9yZWphcyBkZSBhcmRpbGxh
a8aNBA,,Q29zdHVtZSBSdW5lIEhlbG0=,,,,,wrjCtsK9wrrDhcKp,,WWVsbW8gcsO6bmljbyBkZSBkaXNmcmF6
bMaNBA,,Q29zdHVtZSBTaGVlcCBIYXQ=,,,,,wrHCpMK0w6vDhMOa,,R29ycm8gZGUgZGlzZnJheiBkZSBvdmVqYQ==
bcaNBA,,Q29zdHVtZSBQaWdneWJhY2s=,,,,,w4jDssK8w7bCv8Kw,,RGlzZnJhY2VzIGEgY3Vlc3Rhcw==
bsaNBA,,Q29zdHVtZSBUZWRkeSBCZWFyIEhvb2Q=,,,,,w4DDnyDCscK4wr/DriDDhcOkwr3CusOGwq4=,,RGlzZnJheiBPc2l0byBDYXB1Y2hh
b8aNBA,,Q29zdHVtZSBBbHdheXMgV2F0Y2hpbmc=,,,,,wrrDkMKzw6vDh8ORIMOAw5Q=,,R29ycm8gZGUgb3NpdG8gdmlnaWxhbnRlIGRlY29yYXRpdm8=
cMaNBA,,Q29zdHVtZSBUYWlsIEhhdA==,,,,,w4DDqCDDhMKzwr3CvSDCucOow4bCrg==,,R29ycm8gZGUgY29sYSBwYXJhIGRpc2ZyYWNlcw==
ccaNBA,,Q29zdHVtZSBXb2xmIE1hc3F1ZXJhZGU=,,,,,w4DDjsK6w7HDgcO2wrrDrSDCuMK2wr3CusOFwqk=,,RGlzZnJheiBMb2JvIE1hc2NhcmFkYQ==
csaNBA,,Q29zdHVtZSBLaW5nIFN1cmEgSGVhZGJhbmQ=,,,,,w4bDhMOAw4zDh8OBwrTDo8K5w6g=,,RGlzZnJheiBSZXkgU3VyYSBEaWFkZW1h
c8aNBA,,Q29zdHVtZSBTaWRlIENhcA==,,,,,wrnDqsK9w4PCuMK2wr3CusOFw43DgMOHw4XCsMK9wro=,,R29ycm8gbGF0ZXJhbCBwYXJhIGRpc2ZyYWNlcw==
dMaNBA,,Q29zdHVtZSBFbmdpbmVlciBDYXA=,,,,,wrXCpcK6w7HCt8Onw4TCocOHwrPCvMKx,,R29ycmEgZGUgaW5nZW5pZXJvIGRlIHZlc3R1YXJpbw==
dcaNBA,,Q29zdHVtZSBXYXIgUHJpbmNlc3MgUmliYm9u,,,,,w4HCpcKyw4DDgcO2,,RGlzZnJheiBQcmluY2VzYSBkZSBsYSBHdWVycmEgQ2ludGE=
dsaNBA,,Q29zdHVtZSBNb25vIEdvdGhpYyBCb25uZXQ=,,,,,wrTDo8K5w6g=,,R29ycm8gTW9ubyBHw7N0aWNv
d8aNBA,,Q29zdHVtZSBBbmdlbCdzIEJsYWNrIE1pbmkgU2lsayBIYXQ=,,,,,w4fCrsOAw5k=,,RGlzZnJheiBkZSDDgW5nZWwgTWluaSBTb21icmVybyBkZSBTZWRhIE5lZ3Jv
eMaNBA,,Q29zdHVtZSBFZ2cgQ3Jpc3BpbmV0dGU=,,,,,wrvDp8Kzw6TDgMOHwr/DgMK/w4DCtsOz,,SHVldm8gZGlzZnJhemFkbyBDcmlzcGluZXR0ZQ==
ecaNBA,,Q29zdHVtZSBPY3RvcHVzIEhhdA==,,,,,w4TCv8K0w5nCtsO1wrjCrsK6wrvCuMOTw4fDg8K3wq8=,,R29ycm8gZGUgZGlzZnJheiBkZSBwdWxwbw==
esaNBA,,Q29zdHVtZSBXcmFwcGluZyBSaWJib24=,,,,,w4DDlMK/wqHCucKuwr/DtsKxw5c=,,Q2ludGEgcGFyYSBlbnZvbHZlciBkaXNmcmFjZXM=
e8aNBA,,Q29zdHVtZSBSb3lhbCBSYWJiaXQgQ3Jvd24=,,,,,W8K+w4bCusKjwrjCoyDCtcOlIMK1wrXCvcKsXQrCvsOuwrjDk34gw4DDh8K7w7MgXjAwMDBDRHt9XjAwMDAwMCEhISDCs8OKfn7CucKrIMOAw58gwr7DrsK/w6/CuMKuwr3DhcK0w5khCsKxw5fCt8KzIMK+w67CtsKyIMK9wrrDhcOmw4DCuMK3w44gw4fDj8K9w4fCt8Khwr/DpD8=,,RGlzZnJheiBDb3JvbmEgUmVhbCBDb25lam8=
fMaNBA,,Q29zdHVtZSBEb2cgT2ZmaWNlcg==,,,,,w4jDu8OAw4fCvcK6w4XDpiAoe30pwrDCsyDCvMOSw4DCrw==,,RGlzZnJheiBkZSBPZmljaWFsIENhbmlubw==
fcaNBA,,Q29zdHVtZSBIdW1taW5nIEJpcmQ=,,,,,w4HDtsK0w4nCvcK6w4XDpiAoe30pwrDCsyDCvMOSw4DCrw==,,RGlzZnJheiBkZSBjb2xpYnLDrQ==
fsaNBA,,Q29zdHVtZSBIaXBwbyBIYXQ=,,,,,wrnDjsODwrjCvcK6w4XDpiAoe30pwrDCsyDCvMOSw4DCrw==,,R29ycm8gZGUgaGlwb3DDs3RhbW8gcGFyYSBkaXNmcmFjZXM=
f8aNBA,,Q29zdHVtZSBJc2FiZWxsYSBSZWQgRWFycw==,,,,,w4DDp8OBw5bCvcK6w4XDpiAoe30pwrDCsyDCvMOSw4DCrw==,,RGlzZnJheiBJc2FiZWxsYSBPcmVqYXMgUm9qYXM=
gMaNBA,,Q29zdHVtZSBIb3BwaW5nIFJhYmJpdA==,,,,,wrDDh8Kwwq3CvcK6w4XDpiAoe30pwrDCsyDCvMOSw4DCrw==,,RGlzZnJheiBkZSBjb25lam8gc2FsdGFyw61u
gcaNBA,,Q29zdHVtZSBXaGl0ZSBDYXQgRWFycyBIYXQ=,,,,,wr/DrsOAw4fCvcK6w4XDpiAoe30pwrDCsyDCvMOSw4DCrw==,,R29ycm8gT3JlamFzIGRlIEdhdG8gQmxhbmNv
gsaNBA,,Q29zdHVtZSBCdWJibHkgQXJjIEFuZ2VsaW5nIEhhaXJiYW5k,,,,,w4TCocK4w63CvcK6w4XDpiAoe30pwrDCsyDCvMOSw4DCrw==,,Q2ludGEgcGFyYSBlbCBwZWxvIEJ1YmJseSBBcmMgQW5nZWxpbmc=
g8aNBA,,Q29zdHVtZSBSZWQgV2luZyBIYXQ=,,,,,w4jCuMK6wrnCvcK6w4XDpiAoe30pwrDCsyDCvMOSw4DCrw==,,U29tYnJlcm8gZGUgYWxhIHJvamE=
hMaNBA,,Q29zdHVtZSBHZXJoYXJkIFZvbiBEZXZpcnVjaGkgODMgWWVhcnM=,,,,,w4jCuMK6wrnCvcK6w4XCs8K9wrrDhcOmICh7fSnCsMKzIMK8w5LDgMKv,,VHJhamUgR2VyaGFyZCBWb24gRGV2aXJ1Y2hpIDgzIGHDsW9z
hcaNBA,,Q29zdHVtZSBLaXR0eSBESg==,,,,,wrTDq8OHw7zCvcK6w4XDpiAoe30pwrDCsyDCvMOSw4DCrw==,,RGlzZnJheiBLaXR0eSBESg==
hsaNBA,,Q29zdHVtZSBSb2xmIFZvbiBHaWd1ZSA2NjY=,,,,,w4HDn8OHw7zCvcK6w4XDpiAoe30pwrDCsyDCvMOSw4DCrw==,,VHJhamUgUm9sZiBWb24gR2lndWUgNjY2
h8aNBA,,Q29zdHVtZSBGYWNld29ybSBFZ2cgU2hlbGw=,,,,,wrzDksOHw7zCvcK6w4XDpiAoe30pwrDCsyDCvMOSw4DCrw==,,R3VzYW5vIGRpc2ZyYXphZG8gZGUgY8Ohc2NhcmEgZGUgaHVldm8=
iMaNBA,,Q29zdHVtZSBBbGljZSBXaWc=,,,,,wrDDuMKww53CvcK6w4XDpiAoe30pwrDCsyDCvMOSw4DCrw==,,UGVsdWNhIERpc2ZyYXogQWxpY2lh
icaNBA,,Q29zdHVtZSBDaHVuZyBFIFNoaW55b24gQ2Fw,,,,,wrjCtsKww7jCvcK6w4XDpiAoe30pwrDCsyDCvMOSw4DCrw==,,R29ycmEgQ29zdHVtZSBDaHVuZyBFIFNoaW55b24=
isaNBA,,Q29zdHVtZSBCbGFjayBLaGFsaXR6YnVyZyBLbmlnaHQgSGVsbQ==,,,,,SFDDiMOtwrzDtsK9wrrDhcOmICh7fSnCsMKzIMK8w5LDgMKv,,RGlzZnJheiBkZSBDYWJhbGxlcm8gTmVncm8gZGUgS2hhbGl0emJ1cmcgWWVsbW8=
i8aNBA,,Q29zdHVtZSBEcm9vcGluZyBTb3JpbiBEb2xsIEhhdA==,,,,,U1DDiMOtwrzDtsK9wrrDhcOmICh7fSnCsMKzIMK8w5LDgMKv,,RGlzZnJheiBTb21icmVybyBkZSBtdcOxZWNhIFNvcmlu
jMaNBA,,Q29zdHVtZSBEcm9vcGluZyBSb3hpZQ==,,,,,wrHDl8K4wrggwrXDkMK0w5ku,,RGlzZnJheiBEcm9vcGluZyBSb3hpZQ==
jcaNBA,,Q29zdHVtZSBLYXRhcmluYSB2b24gQmxvb2QgNjA=,,,,,XkZGMDAwMCAgIMKhw5ggw4HDlsOAw4fCu8Onw4fDlyDCocOYXjAwMDAwMApeRkYwMDAww4fDmMK0w6cgw4DDm8K+w7fDgMK6IMK9w4fDhsOQw4fDkiDDiMKuwrfDvMOAw4wgw4DDlsK9w4DCtMOPwrTDmS5eMDAwMDAwCl5GRjAwMDDCtsOHIMOAw6XCusOxw4DDhyDDg8OfwrDCoSDCtMOJwrfDgsOEwqHCsMKhIMOAw5bCtMOCIMKww6bCv8OsLCDDgMOlwrrDscK4wqYgw4PDisKxw6LDiMKtIMOHw4/CsMOtIFNUUisxw4DCuyDCusOOwr/CqcOHw5XCtMOPwrTDmS5eMDAwMDAwCl5GRjAwMDDDgMOOw4PCpsOGwq7Dh8OSIMOAw6XCusOxwr/DjSDCtMOJwrfDgsOEwqHCsMKhIMOIwq7CvcOHw4fDlcK0w4/CscOuP14wMDAwMDA=,,VHJhamUgS2F0YXJpbmEgdm9uIEJsb29kIDYw
jsaNBA,,Q29zdHVtZSBDbG9jayBXaW5kaW5nIEtleQ==,,,,,wrPDly4=,,TGxhdmUgZGUgY3VlcmRhIHBhcmEgcmVsb2ogZGUgZGlzZnJhY2Vz
j8aNBA,,Q29zdHVtZSBQdW5raXNoIENhdCBFYXJz,,,,,wr7DhsK0w4/Cv8OALg==,,RGlzZnJheiBPcmVqYXMgZGUgR2F0byBQdW5raXNo
kMaNBA,,Q29zdHVtZSBHb3RoaWMgUHVtcGtpbiBIYW5kaWNyYWZ0,,,,,W8K+w4bCusKjwrjCoyDCtcOlIMK1wrXCvcKsXQrCv8KhLi4uIMK/wqTCt8K5wrDCrcK9wrohIQrCs8OKwrnCqyDCv8OPwrrCrsOHw5guLi7CvsOGwr7Dkw==,,RGlzZnJheiBDYWxhYmF6YSBHw7N0aWNhIEFydGVzYW7DrWE=
kcaNBA,,Q29zdHVtZSBKYWNr,,,,,W8K+w4bCusKjwrjCoyDCtcOlIMK1wrXCvcKsXQrCvsOuwrbCsiDCv8KqwrvDp8K1wrUgwr3Dh8OGw5DCv8ONIMOBw4LDgMO9wrfDjiDCvsOzwrfDqMOBwq4gw4DDlsKxw6IgwrjCtsK3w4PDgMOMw4HDki4uLgrDhsOQwrzDh8OAw4cgwr/CqsK7w6fCtcK1IC4uLgrDgcOLwrzDmy4uLsK9w4fDhsOQw4fDmMK5w7bCt8OIwqXigJl+IMK1wqXDh8OyLg==,,RGlzZnJheiBKYWNr
ksaNBA,,Q29zdHVtZSBXaGl0ZSBCaXJkIFJvc2U=,,,,,W8K+w4bCusKjwrjCoyDCtcOlIMK1wrXCvcKsXQrCtMOZwrjCpSDCvMKtwrrDscK9wrrCtcK1IMK4wrnDgMK4wrTDjyDCscK4wrDDpsOHw5jCusK4wrzCvMK/w6R+,,Um9zYSBjb24gcGx1bWFzIGJsYW5jYXMgZGVjb3JhdGl2YQ==
k8aNBA,,Q29zdHVtZSBDaGVycnkgQmxvc3NvbSBIYXQ=,,,,,W8K+w4bCusKjwrjCoyDCtcOlIMK1wrXCvcKsXQrDgMOAPyDDgMOnwrfDocKwwqEgwrrDjsOBwrfDh8ORIMKww40gwrDCsMK+w4bCv8OkLgrDgMOHwrvDsyDDgMOlwrrDscK/w40gwr3CusOFw6YsIMK1w5Egw4HDnyDDh8OPwrPCqsK2w7PCtcK1IMK+w7jDgMK4wrjDqSDDgMObwr7Dt8OAwrsgw4fDkiDCvMO2IMK+w7jCvsOuwr/DpC4=,,R29ycm8gZmxvciBkZSBjZXJlem8=
lMaNBA,,Q29zdHVtZSBCbGFjayBUYWlsIFJpYmJvbg==,,,,,XkZGMDAwMCAgIMKhw5ggw4HDlsOAw4fCu8Onw4fDlyDCocOYXjAwMDAwMApeRkYwMDAww4fDmMK0w6cgw4DDm8K+w7fDgMK6IMK9w4fDhsOQw4fDkiDDiMKuwrfDvMOAw4wgw4DDlsK9w4DCtMOPwrTDmS5eMDAwMDAwCl5GRjAwMDDCtsOHIMOAw6XCusOxw4DDhyDDg8OfwrDCoSDCtMOJwrfDgsOEwqHCsMKhIMOAw5bCtMOCIMKww6bCv8OsLCDDgMOlwrrDscK4wqYgw4PDisKxw6LDiMKtIMOHw4/CsMOtIElOVCsxw4DCuyDCusOOwr/CqcOHw5XCtMOPwrTDmS5eMDAwMDAwCl5GRjAwMDDDgMOOw4PCpsOGwq7Dh8OSIMOAw6XCusOxwr/DjSDCtMOJwrfDgsOEwqHCsMKhIMOIwq7CvcOHw4fDlcK0w4/CscOuP14wMDAwMDA=,,Q2ludGEgZGUgY29sYSBuZWdyYSBwYXJhIGRpc2ZyYWNlcw==
lcaNBA,,Q29zdHVtZSBXaW5kIG9mIHRoZSBQcmFpcmll,,,,,W8K+w4bCusKjwrjCoyDCtcOlIMK1wrXCvcKsXQrCscOXwrfCsyDCtMOZwrjCpSDCvMKtwrrDscK9wrrCtcK1IMK4wrnDgMK4wrTDjyDCscK4wrDDpsOHw5jCusK4wrzCvMK/w6R+,,RGlzZnJhY2VzIFZpZW50byBkZSBsYSBwcmFkZXJh
lsaNBA,,Q29zdHVtZSBHaWFudCdzIEhlbG0=,,,,,XkZGMDAwMCAgIMKhw5ggw4HDlsOAw4fCu8Onw4fDlyDCocOYXjAwMDAwMApeRkYwMDAww4fDmMK0w6cgw4DDm8K+w7fDgMK6IMK9w4fDhsOQw4fDkiDDiMKuwrfDvMOAw4wgw4DDlsK9w4DCtMOPwrTDmS5eMDAwMDAwCl5GRjAwMDDCtsOHIMOAw6XCusOxw4DDhyDDg8OfwrDCoSDCtMOJwrfDgsOEwqHCsMKhIMOAw5bCtMOCIMKww6bCv8OsLCDDgMOlwrrDscK4wqYgw4PDisKxw6LDiMKtIMOHw4/CsMOtIEFHSSsxw4DCuyDCusOOwr/CqcOHw5XCtMOPwrTDmS5eMDAwMDAwCl5GRjAwMDDDgMOOw4PCpsOGwq7Dh8OSIMOAw6XCusOxwr/DjSDCtMOJwrfDgsOEwqHCsMKhIMOIwq7CvcOHw4fDlcK0w4/CscOuP14wMDAwMDA=,,VHJhamUgWWVsbW8gZGUgZ2lnYW50ZQ==
l8aNBA,,Q29zdHVtZSBXaXRjaCBIYXQ=,,,,,XkZGMDAwMCAgIMKhw5ggw4HDlsOAw4fCu8Onw4fDlyDCocOYXjAwMDAwMApeRkYwMDAww4fDmMK0w6cgw4DDm8K+w7fDgMK6IMK9w4fDhsOQw4fDkiDDiMKuwrfDvMOAw4wgw4DDlsK9w4DCtMOPwrTDmS5eMDAwMDAwCl5GRjAwMDDCtsOHIMOAw6XCusOxw4DDhyDDg8OfwrDCoSDCtMOJwrfDgsOEwqHCsMKhIMOAw5bCtMOCIMKww6bCv8OsLCDDgMOlwrrDscK4wqYgw4PDisKxw6LDiMKtIMOHw4/CsMOtIERFWCsxw4DCuyDCusOOwr/CqcOHw5XCtMOPwrTDmS5eMDAwMDAwCl5GRjAwMDDDgMOOw4PCpsOGwq7Dh8OSIMOAw6XCusOxwr/DjSDCtMOJwrfDgsOEwqHCsMKhIMOIwq7CvcOHw4fDlcK0w4/CscOuP14wMDAwMDA=,,U29tYnJlcm8gZGUgYnJ1amEgZGVjb3JhdGl2bw==
mMaNBA,,Q29zdHVtZSBHbG9vbXkgUHVtcGtpbiBIYXQ=,,,,,XkZGMDAwMCAgIMKhw5ggw4HDlsOAw4fCu8Onw4fDlyDCocOYXjAwMDAwMApeRkYwMDAww4fDmMK0w6cgw4DDm8K+w7fDgMK6IMK9w4fDhsOQw4fDkiDDiMKuwrfDvMOAw4wgw4DDlsK9w4DCtMOPwrTDmS5eMDAwMDAwCl5GRjAwMDDCtsOHIMOAw6XCusOxw4DDhyDDg8OfwrDCoSDCtMOJwrfDgsOEwqHCsMKhIMOAw5bCtMOCIMKww6bCv8OsLCDDgMOlwrrDscK4wqYgw4PDisKxw6LDiMKtIMOHw4/CsMOtIFZJVCsxw4DCuyDCusOOwr/CqcOHw5XCtMOPwrTDmS5eMDAwMDAwCl5GRjAwMDDDgMOOw4PCpsOGwq7Dh8OSIMOAw6XCusOxwr/DjSDCtMOJwrfDgsOEwqHCsMKhIMOIwq7CvcOHw4fDlcK0w4/CscOuP14wMDAwMDA=,,RGlzZnJheiBTb21icmVybyBDYWxhYmF6YSBMw7pndWJyZQ==
mcaNBA,,Q29zdHVtZSBCZWxsIFJpYmJvbg==,,,,,XkZGMDAwMCAgIMKhw5ggw4HDlsOAw4fCu8Onw4fDlyDCocOYXjAwMDAwMApeRkYwMDAww4fDmMK0w6cgw4DDm8K+w7fDgMK6IMK9w4fDhsOQw4fDkiDDiMKuwrfDvMOAw4wgw4DDlsK9w4DCtMOPwrTDmS5eMDAwMDAwCl5GRjAwMDDCtsOHIMOAw6XCusOxw4DDhyDDg8OfwrDCoSDCtMOJwrfDgsOEwqHCsMKhIMOAw5bCtMOCIMKww6bCv8OsLCDDgMOlwrrDscK4wqYgw4PDisKxw6LDiMKtIMOHw4/CsMOtIExVSysxw4DCuyDCusOOwr/CqcOHw5XCtMOPwrTDmS5eMDAwMDAwCl5GRjAwMDDDgMOOw4PCpsOGwq7Dh8OSIMOAw6XCusOxwr/DjSDCtMOJwrfDgsOEwqHCsMKhIMOIwq7CvcOHw4fDlcK0w4/CscOuP14wMDAwMDA=,,Q2ludGEgZGUgY2FtcGFuYSBwYXJhIGRpc2ZyYWNlcw==
msaNBA,,Q29zdHVtZSBMZW9wYXJkIEVhciBIYXQ=,,,,,XkZGMDAwMCAgIMKhw5ggw4HDlsOAw4fCu8Onw4fDlyDCocOYXjAwMDAwMApeRkYwMDAww4fDmMK0w6cgw4DDm8K+w7fDgMK6IMK9w4fDhsOQw4fDkiDDiMKuwrfDvMOAw4wgw4DDlsK9w4DCtMOPwrTDmS5eMDAwMDAwCl5GRjAwMDDCtsOHIMOAw6XCusOxw4DDhyDDg8OfwrDCoSDCtMOJwrfDgsOEwqHCsMKhIMOAw5bCtMOCIMKww6bCv8OsLCDDgMOlwrrDscK4wqYgw4PDisKxw6LDiMKtIMOHw4/CsMOtIENSSSArMcOAwrsgwrrDjsK/wqnDh8OVwrTDj8K0w5kuXjAwMDAwMApeRkYwMDAww4DDjsODwqbDhsKuw4fDkiDDgMOlwrrDscK/w40gwrTDicK3w4LDhMKhwrDCoSDDiMKuwr3Dh8OHw5XCtMOPwrHDrj9eMDAwMDAw,,R29ycm8gY29uIG9yZWphcyBkZSBsZW9wYXJkbw==
m8aNBA,,Q29zdHVtZSBTaHJpbmUgTWFpZGVuIEhhdA==,,,,,XkZGMDAwMCAgIMKhw5ggw4HDlsOAw4fCu8Onw4fDlyDCocOYXjAwMDAwMApeRkYwMDAww4fDmMK0w6cgw4DDm8K+w7fDgMK6IMK9w4fDhsOQw4fDkiDDiMKuwrfDvMOAw4wgw4DDlsK9w4DCtMOPwrTDmS5eMDAwMDAwCl5GRjAwMDDCtsOHIMOAw6XCusOxw4DDhyDDg8OfwrDCoSDCtMOJwrfDgsOEwqHCsMKhIMOAw5bCtMOCIMKww6bCv8OsLCDDgMOlwrrDscK4wqYgw4PDisKxw6LDiMKtIMOHw4/CsMOtIMK+w4bDgMOMw4XDm8K/wqEgw4DDh8OHw5EgSFAgw4jCuMK6wrnDiMK/wrDDuiArIDIlwrjCpiDCusOOwr/CqcOHw5XCtMOPwrTDmS5eMDAwMDAwCl5GRjAwMDDDgMOOw4PCpsOGwq7Dh8OSIMOAw6XCusOxwr/DjSDCtMOJwrfDgsOEwqHCsMKhIMOIwq7CvcOHw4fDlcK0w4/CscOuP14wMDAwMDA=,,RGlzZnJheiBkZSBEb25jZWxsYSBkZWwgU2FudHVhcmlvIFNvbWJyZXJv
nMaNBA,,Q29zdHVtZSBPcmRpbmFyeSBCbGFjayBNYWdpY2lhbiBIYXQ=,,,,,XkZGMDAwMCAgIMKhw5ggw4HDlsOAw4fCu8Onw4fDlyDCocOYXjAwMDAwMApeRkYwMDAww4fDmMK0w6cgw4DDm8K+w7fDgMK6IMK9w4fDhsOQw4fDkiDDiMKuwrfDvMOAw4wgw4DDlsK9w4DCtMOPwrTDmS5eMDAwMDAwCl5GRjAwMDDCtsOHIMOAw6XCusOxw4DDhyDDg8OfwrDCoSDCtMOJwrfDgsOEwqHCsMKhIMOAw5bCtMOCIMKww6bCv8OsLCDDgMOlwrrDscK4wqYgw4PDisKxw6LDiMKtIMOHw4/CsMOtIMOIwrjCusK5wrDDqMK/wq0gwr3CusOFwrPDgMOHIMOIwrjCusK5wrfCrsOAw4wgMyUgw4HDtcKwwqHCuMKmIMK6w47Cv8Kpw4fDlcK0w4/CtMOZLl4wMDAwMDAKXkZGMDAwMMOAw47Dg8Kmw4bCrsOHw5Igw4DDpcK6w7HCv8ONIMK0w4nCt8OCw4TCocKwwqEgw4jCrsK9w4fDh8OVwrTDj8Kxw64/XjAwMDAwMA==,,RGlzZnJhY2VzIE9yZGluYXJpb3MgU29tYnJlcm8gZGUgTWFnbyBOZWdybw==
ncaNBA,,Q29zdHVtZSBXaXRjaCdzIFB1bXBraW4gSGF0,,,,,XkZGMDAwMCAgIMKhw5ggw4HDlsOAw4fCu8Onw4fDlyDCocOYXjAwMDAwMApeRkYwMDAww4fDmMK0w6cgw4DDm8K+w7fDgMK6IMK9w4fDhsOQw4fDkiDDiMKuwrfDvMOAw4wgw4DDlsK9w4DCtMOPwrTDmS5eMDAwMDAwCl5GRjAwMDDCtsOHIMOAw6XCusOxw4DDhyDDg8OfwrDCoSDCtMOJwrfDgsOEwqHCsMKhIMOAw5bCtMOCIMKww6bCv8OsLCDDgMOlwrrDscK4wqYgw4PDisKxw6LDiMKtIMOHw4/CsMOtICfCtMOrw4fDvCDCuMOzwr3CusOFw43Cv8KhwrDDlCDDgcOWwrTDgiDCtcKlwrnDjMOBw7YgMSUgw4HDtcKwwqEnwrjCpiDCusOOwr/CqcOHw5XCtMOPwrTDmS5eMDAwMDAwCl5GRjAwMDDDgMOOw4PCpsOGwq7Dh8OSIMOAw6XCusOxwr/DjSDCtMOJwrfDgsOEwqHCsMKhIMOIwq7CvcOHw4fDlcK0w4/CscOuP14wMDAwMDA=,,RGlzZnJheiBkZSBicnVqYSBjb24gc29tYnJlcm8gZGUgY2FsYWJhemE=
nsaNBA,,Q29zdHVtZSBTaGluaW5nIFN1bg==,,,,,XkZGMDAwMCAgIMKhw5ggw4HDlsOAw4fCu8Onw4fDlyDCocOYXjAwMDAwMApeRkYwMDAww4fDmMK0w6cgw4DDm8K+w7fDgMK6IMK9w4fDhsOQw4fDkiDDiMKuwrfDvMOAw4wgw4DDlsK9w4DCtMOPwrTDmS5eMDAwMDAwCl5GRjAwMDDCtsOHIMOAw6XCusOxw4DDhyDDg8OfwrDCoSDCtMOJwrfDgsOEwqHCsMKhIMOAw5bCtMOCIMKww6bCv8OsLCDDgMOlwrrDscK4wqYgw4PDisKxw6LDiMKtIMOHw4/CsMOtICfDgcOfw4fDvCDCuMOzwr3CusOFw43Cv8KhwrDDlCDDgcOWwrTDgiDCtcKlwrnDjMOBw7YgMSUgw4HDtcKwwqEnwrjCpiDCusOOwr/CqcOHw5XCtMOPwrTDmS5eMDAwMDAwCl5GRjAwMDDDgMOOw4PCpsOGwq7Dh8OSIMOAw6XCusOxwr/DjSDCtMOJwrfDgsOEwqHCsMKhIMOIwq7CvcOHw4fDlcK0w4/CscOuP14wMDAwMDA=,,VHJhamUgU29sIEJyaWxsYW50ZQ==
n8aNBA,,Q29zdHVtZSBHcnlwaG9uIEhhdA==,,,,,XkZGMDAwMCAgIMKhw5ggw4HDlsOAw4fCu8Onw4fDlyDCocOYXjAwMDAwMApeRkYwMDAww4fDmMK0w6cgw4DDm8K+w7fDgMK6IMK9w4fDhsOQw4fDkiDDiMKuwrfDvMOAw4wgw4DDlsK9w4DCtMOPwrTDmS5eMDAwMDAwCl5GRjAwMDDCtsOHIMOAw6XCusOxw4DDhyDDg8OfwrDCoSDCtMOJwrfDgsOEwqHCsMKhIMOAw5bCtMOCIMKww6bCv8OsLCDDgMOlwrrDscK4wqYgw4PDisKxw6LDiMKtIMOHw4/CsMOtICfCvMOSw4fDvCDCuMOzwr3CusOFw43Cv8KhwrDDlCDDgcOWwrTDgiDCtcKlwrnDjMOBw7YgMSUgw4HDtcKwwqEnwrjCpiDCusOOwr/CqcOHw5XCtMOPwrTDmS5eMDAwMDAwCl5GRjAwMDDDgMOOw4PCpsOGwq7Dh8OSIMOAw6XCusOxwr/DjSDCtMOJwrfDgsOEwqHCsMKhIMOIwq7CvcOHw4fDlcK0w4/CscOuP14wMDAwMDA=,,R29ycm8gZGUgZGlzZnJheiBkZSBncmlmbw==
oMaNBA,,Q29zdHVtZSBGdWxsIEJsb29tIEhhaXJwaW4=,,,,,XkZGMDAwMCAgIMKhw5ggw4HDlsOAw4fCu8Onw4fDlyDCocOYXjAwMDAwMApeRkYwMDAww4fDmMK0w6cgw4DDm8K+w7fDgMK6IMK9w4fDhsOQw4fDkiDDiMKuwrfDvMOAw4wgw4DDlsK9w4DCtMOPwrTDmS5eMDAwMDAwCl5GRjAwMDDCtsOHIMOAw6XCusOxw4DDhyDDg8OfwrDCoSDCtMOJwrfDgsOEwqHCsMKhIMOAw5bCtMOCIMKww6bCv8OsLCDDgMOlwrrDscK4wqYgw4PDisKxw6LDiMKtIMOHw4/CsMOtICdBVEsgKyAxJSDDgcO1wrDCoSfCuMKmIMK6w47Cv8Kpw4fDlcK0w4/CtMOZLl4wMDAwMDAKXkZGMDAwMMOAw47Dg8Kmw4bCrsOHw5Igw4DDpcK6w7HCv8ONIMK0w4nCt8OCw4TCocKwwqEgw4jCrsK9w4fDh8OVwrTDj8Kxw64/XjAwMDAwMA==,,SG9ycXVpbGxhIENvc3R1bWUgRnVsbCBCbG9vbQ==
ocaNBA,,Q29zdHVtZSBMYWR5J3MgRmVhdGhlciBIYXQ=,,,,,XkZGMDAwMCAgIMKhw5ggw4HDlsOAw4fCu8Onw4fDlyDCocOYXjAwMDAwMApeRkYwMDAww4fDmMK0w6cgw4DDm8K+w7fDgMK6IMK9w4fDhsOQw4fDkiDDiMKuwrfDvMOAw4wgw4DDlsK9w4DCtMOPwrTDmS5eMDAwMDAwCl5GRjAwMDDCtsOHIMOAw6XCusOxw4DDhyDDg8OfwrDCoSDCtMOJwrfDgsOEwqHCsMKhIMOAw5bCtMOCIMKww6bCv8OsLCDDgMOlwrrDscK4wqYgw4PDisKxw6LDiMKtIMOHw4/CsMOtICdNQVRLICsgMSUgw4HDtcKwwqEnwrjCpiDCusOOwr/CqcOHw5XCtMOPwrTDmS5eMDAwMDAwCl5GRjAwMDDDgMOOw4PCpsOGwq7Dh8OSIMOAw6XCusOxwr/DjSDCtMOJwrfDgsOEwqHCsMKhIMOIwq7CvcOHw4fDlcK0w4/CscOuP14wMDAwMDA=,,U29tYnJlcm8gZGUgcGx1bWFzIHBhcmEgbXVqZXI=
osaNBA,,Q29zdHVtZSBTYWtrYXQ=,,,,,XkZGMDAwMCAgIMKhw5ggw4HDlsOAw4fCu8Onw4fDlyDCocOYXjAwMDAwMApeRkYwMDAww4fDmMK0w6cgw4DDm8K+w7fDgMK6IMK9w4fDhsOQw4fDkiDDiMKuwrfDvMOAw4wgw4DDlsK9w4DCtMOPwrTDmS5eMDAwMDAwCl5GRjAwMDDCtsOHIMOAw6XCusOxw4DDhyDDg8OfwrDCoSDCtMOJwrfDgsOEwqHCsMKhIMOAw5bCtMOCIMKww6bCv8OsLCDDgMOlwrrDscK4wqYgw4PDisKxw6LDiMKtIMOHw4/CsMOtICcxJSDDiMKuwrfDvMK3w44gw4DDu8K/wqHCsMOUIMOBw5ggwrnCsMK4wq4gwrTDq8K5w4zDgcO2w4DDhyAzJSDCuMKmIMOAw5rCvcOFw4DDhyBIUMK3w44gw4jDrcK8w7YnwrjCpiDCusOOwr/CqcOHw5XCtMOPwrTDmS5eMDAwMDAwCl5GRjAwMDDDgMOOw4PCpsOGwq7Dh8OSIMOAw6XCusOxwr/DjSDCtMOJwrfDgsOEwqHCsMKhIMOIwq7CvcOHw4fDlcK0w4/CscOuP14wMDAwMDA=,,VHJhamUgU2Fra2F0
o8aNBA,,Q29zdHVtZSBIZWxt,,,,,XkZGMDAwMCAgIMKhw5ggw4HDlsOAw4fCu8Onw4fDlyDCocOYXjAwMDAwMApeRkYwMDAww4fDmMK0w6cgw4DDm8K+w7fDgMK6IMK9w4fDhsOQw4fDkiDDiMKuwrfDvMOAw4wgw4DDlsK9w4DCtMOPwrTDmS5eMDAwMDAwCl5GRjAwMDDCtsOHIMOAw6XCusOxw4DDhyDDg8OfwrDCoSDCtMOJwrfDgsOEwqHCsMKhIMOAw5bCtMOCIMKww6bCv8OsLCDDgMOlwrrDscK4wqYgw4PDisKxw6LDiMKtIMOHw4/CsMOtICcxJSDDiMKuwrfDvMK3w44gw4DDu8K/wqHCsMOUIMOBw5ggwrnCsMK4wq4gwrTDq8K5w4zDgcO2w4DDhyAxJSDCuMKmIMOAw5rCvcOFw4DDhyBTUMK3w44gw4jDrcK8w7YnwrjCpiDCusOOwr/CqcOHw5XCtMOPwrTDmS5eMDAwMDAwCl5GRjAwMDDDgMOOw4PCpsOGwq7Dh8OSIMOAw6XCusOxwr/DjSDCtMOJwrfDgsOEwqHCsMKhIMOIwq7CvcOHw4fDlcK0w4/CscOuP14wMDAwMDA=,,Q2FzY28gZGUgdmVzdHVhcmlv
pMaNBA,,Q29zdHVtZSBMdW5hdGljIEtuaXQgSGF0,,,,,wrvDs8K0w5w=,,R29ycm8gZGUgcHVudG8gQ29zdHVtZSBMdW5hdGlj
pcaNBA,,Q29zdHVtZSBFY2xpcHNlIEtuaXQgSGF0,,,,,w4HDn8K0w5w=,,R29ycm8gZGUgcHVudG8gQ29zdHVtZSBFY2xpcHNl
psaNBA,,Q29zdHVtZSBMdXNoIFJvc2U=,,,,,XkZGMDAwMCAgIMKhw5ggw4HDlsOAw4fCu8Onw4fDlyDCocOYXjAwMDAwMApeRkYwMDAww4fDmMK0w6cgw4DDm8K+w7fDgMK6IMK9w4fDhsOQw4fDkiDDiMKuwrfDvMOAw4wgw4DDlsK9w4DCtMOPwrTDmS5eMDAwMDAwCl5GRjAwMDDCtsOHIMOAw6XCusOxIMOBw5/CtMOcw4DDhyDCtMOJwrfDgsOEwqHCtMOCIMK6wrjDiMKjwrXDh8OBw7bCuMK4IMOAw6XCusOxw4DDhyDCu8OzwrTDnMK/wqEgw4PDn8KwwqEgwrTDicK3w4LDhMKhwrDCoSDDgMOWwrTDgiDCsMOmwr/DrCwgw4PDisKxw6LDiMKtIMOHw4/CsMOtIFNUUisxw4DCuyDCusOOwr/CqcOHw5XCtMOPwrTDmS5eMDAwMDAwCl5GRjAwMDDDgMOOw4PCpsOGwq7Dh8OSIMOAw6XCusOxwr/DjSDCtMOJwrfDgsOEwqHCsMKhIMOIwq7CvcOHw4fDlcK0w4/CscOuP14wMDAwMDA=,,RGlzZnJheiBMdXNoIFJvc2U=
p8aNBA,,Q29zdHVtZSBNYWdpY2FsIEZlYXRoZXI=,,,,,XkZGMDAwMCAgIMKhw5ggw4HDlsOAw4fCu8Onw4fDlyDCocOYXjAwMDAwMApeRkYwMDAww4fDmMK0w6cgw4DDm8K+w7fDgMK6IMK9w4fDhsOQw4fDkiDDiMKuwrfDvMOAw4wgw4DDlsK9w4DCtMOPwrTDmS5eMDAwMDAwCl5GRjAwMDDCtsOHIMOAw6XCusOxIMOBw5/CtMOcw4DDhyDCtMOJwrfDgsOEwqHCtMOCIMK6wrjDiMKjwrXDh8OBw7bCuMK4IMOAw6XCusOxw4DDhyDCu8OzwrTDnMK/wqEgw4PDn8KwwqEgwrTDicK3w4LDhMKhwrDCoSDDgMOWwrTDgiDCsMOmwr/DrCwgw4PDisKxw6LDiMKtIMOHw4/CsMOtIElOVCsxw4DCuyDCusOOwr/CqcOHw5XCtMOPwrTDmS5eMDAwMDAwCl5GRjAwMDDDgMOOw4PCpsOGwq7Dh8OSIMOAw6XCusOxwr/DjSDCtMOJwrfDgsOEwqHCsMKhIMOIwq7CvcOHw4fDlcK0w4/CscOuP14wMDAwMDA=,,RGlzZnJheiBQbHVtYSBNw6FnaWNh
qMaNBA,,Q29zdHVtZSBFYXJ0aCBHb2RkZXNzIEZsb3dlcg==,,,,,XkZGMDAwMCAgIMKhw5ggw4HDlsOAw4fCu8Onw4fDlyDCocOYXjAwMDAwMApeRkYwMDAww4fDmMK0w6cgw4DDm8K+w7fDgMK6IMK9w4fDhsOQw4fDkiDDiMKuwrfDvMOAw4wgw4DDlsK9w4DCtMOPwrTDmS5eMDAwMDAwCl5GRjAwMDDCtsOHIMOAw6XCusOxIMOBw5/CtMOcw4DDhyDCtMOJwrfDgsOEwqHCtMOCIMK6wrjDiMKjwrXDh8OBw7bCuMK4IMOAw6XCusOxw4DDhyDCu8OzwrTDnMK/wqEgw4PDn8KwwqEgwrTDicK3w4LDhMKhwrDCoSDDgMOWwrTDgiDCsMOmwr/DrCwgw4PDisKxw6LDiMKtIMOHw4/CsMOtIEFHSSsxw4DCuyDCusOOwr/CqcOHw5XCtMOPwrTDmS5eMDAwMDAwCl5GRjAwMDDDgMOOw4PCpsOGwq7Dh8OSIMOAw6XCusOxwr/DjSDCtMOJwrfDgsOEwqHCsMKhIMOIwq7CvcOHw4fDlcK0w4/CscOuP14wMDAwMDA=,,RGlzZnJheiBkZSBEaW9zYSBkZSBsYSBUaWVycmEgRmxvcg==
qcaNBA,,Q29zdHVtZSBCbGFjayBDYXQgRWFycyBCZXJldA==,,,,,XkZGMDAwMCAgIMKhw5ggw4HDlsOAw4fCu8Onw4fDlyDCocOYXjAwMDAwMApeRkYwMDAww4fDmMK0w6cgw4DDm8K+w7fDgMK6IMK9w4fDhsOQw4fDkiDDiMKuwrfDvMOAw4wgw4DDlsK9w4DCtMOPwrTDmS5eMDAwMDAwCl5GRjAwMDDCtsOHIMOAw6XCusOxIMOBw5/CtMOcw4DDhyDCtMOJwrfDgsOEwqHCtMOCIMK6wrjDiMKjwrXDh8OBw7bCuMK4IMOAw6XCusOxw4DDhyDCu8OzwrTDnMK/wqEgw4PDn8KwwqEgwrTDicK3w4LDhMKhwrDCoSDDgMOWwrTDgiDCsMOmwr/DrCwgw4PDisKxw6LDiMKtIMOHw4/CsMOtIERFWCsxw4DCuyDCusOOwr/CqcOHw5XCtMOPwrTDmS5eMDAwMDAwCl5GRjAwMDDDgMOOw4PCpsOGwq7Dh8OSIMOAw6XCusOxwr/DjSDCtMOJwrfDgsOEwqHCsMKhIMOIwq7CvcOHw4fDlcK0w4/CscOuP14wMDAwMDA=,,RGlzZnJheiBHYXRvIE5lZ3JvIE9yZWphcyBCb2luYQ==
qsaNBA,,Q29zdHVtZSBTcGVsbCBDaXJjdWl0,,,,,XkZGMDAwMCAgIMKhw5ggw4HDlsOAw4fCu8Onw4fDlyDCocOYXjAwMDAwMApeRkYwMDAww4fDmMK0w6cgw4DDm8K+w7fDgMK6IMK9w4fDhsOQw4fDkiDDiMKuwrfDvMOAw4wgw4DDlsK9w4DCtMOPwrTDmS5eMDAwMDAwCl5GRjAwMDDCtsOHIMOAw6XCusOxIMOBw5/CtMOcw4DDhyDCtMOJwrfDgsOEwqHCtMOCIMK6wrjDiMKjwrXDh8OBw7bCuMK4IMOAw6XCusOxw4DDhyDCu8OzwrTDnMK/wqEgw4PDn8KwwqEgwrTDicK3w4LDhMKhwrDCoSDDgMOWwrTDgiDCsMOmwr/DrCwgw4PDisKxw6LDiMKtIMOHw4/CsMOtIFZJVCsxw4DCuyDCusOOwr/CqcOHw5XCtMOPwrTDmS5eMDAwMDAwCl5GRjAwMDDDgMOOw4PCpsOGwq7Dh8OSIMOAw6XCusOxwr/DjSDCtMOJwrfDgsOEwqHCsMKhIMOIwq7CvcOHw4fDlcK0w4/CscOuP14wMDAwMDA=,,Q2lyY3VpdG8gZGUgZGlzZnJhY2Vz
q8aNBA,,Q29zdHVtZSBTb2Z0IFNoZWVwIEhhdA==,,,,,XkZGMDAwMCAgIMKhw5ggw4HDlsOAw4fCu8Onw4fDlyDCocOYXjAwMDAwMApeRkYwMDAww4fDmMK0w6cgw4DDm8K+w7fDgMK6IMK9w4fDhsOQw4fDkiDDiMKuwrfDvMOAw4wgw4DDlsK9w4DCtMOPwrTDmS5eMDAwMDAwCl5GRjAwMDDCtsOHIMOAw6XCusOxIMOBw5/CtMOcw4DDhyDCtMOJwrfDgsOEwqHCtMOCIMK6wrjDiMKjwrXDh8OBw7bCuMK4IMOAw6XCusOxw4DDhyDCu8OzwrTDnMK/wqEgw4PDn8KwwqEgwrTDicK3w4LDhMKhwrDCoSDDgMOWwrTDgiDCsMOmwr/DrCwgw4PDisKxw6LDiMKtIMOHw4/CsMOtIExVSysxw4DCuyDCusOOwr/CqcOHw5XCtMOPwrTDmS5eMDAwMDAwCl5GRjAwMDDDgMOOw4PCpsOGwq7Dh8OSIMOAw6XCusOxwr/DjSDCtMOJwrfDgsOEwqHCsMKhIMOIwq7CvcOHw4fDlcK0w4/CscOuP14wMDAwMDA=,,R29ycm8gZGUgb3ZlamEgc3VhdmUgcGFyYSBkaXNmcmFjZXM=
rMaNBA,,Q29zdHVtZSBHcmFtIFBlb255,,,,,wrDDuMKww53CvcK6w4XDpiAoe30pwrDCsyDCvMOSw4DCrw==,,VHJhamUgR3JhbSBQZW9ueQ==
rcaNBA,,Q29zdHVtZSBLaXR0ZW4gTGFjZSBIYWlyYmFuZA==,,,,,wrjCtsKww7jCvcK6w4XDpiAoe30pwrDCsyDCvMOSw4DCrw==,,RGlhZGVtYSBkZSBlbmNhamUgcGFyYSBkaXNmcmF6IGRlIGdhdGl0bw==
rsaNBA,,Q29zdHVtZSBQaW5rIERyb29waW5nIEtpdHR5,,,,,w4PCvMK3w4LCvcK6w4XDpiAoe30pwrDCsyDCvMOSw4DCrw==,,RGlzZnJheiBQaW5rIERyb29waW5nIEtpdHR5
r8aNBA,,Q29zdHVtZSBDb3N0dW1lIFJ1bmUgSGVsbQ==,,,,,w4jCuMK6wrnCvcK6w4XDpiAoe30pwrDCsyDCvMOSw4DCrw==,,WWVsbW8gcsO6bmljbyBkZWNvcmF0aXZv
sMaNBA,,Q29zdHVtZSBTdXJ2aXZhbCBDaXJjbGV0,,,,,SFDCvcK6w4XDpiAoe30pwrDCsyDCvMOSw4DCrw==,,Q29sbGFyIGRlIHN1cGVydml2ZW5jaWE=
scaNBA,,Q29zdHVtZSBXaGl0ZSBMaWx5IChCbGFjayBSaWJib24p,,,,,U1DCvcK6w4XDpiAoe30pwrDCsyDCvMOSw4DCrw==,,VHJhamUgTGlyaW8gYmxhbmNvIChDaW50YSBuZWdyYSk=
ssaNBA,,Q29zdHVtZSBXaGl0ZSBSaWJib24=,,,,,w4jDu8OAw4fCvcK6w4XDpiAoe30pwrDCsyDCvMOSw4DCrw==,,VHJhamUgQ2ludGEgYmxhbmNh
s8aNBA,,Q29zdHVtZSBXaGl0ZSBSb3NlIFByaW5jZXNz,,,,,w4HDtsK0w4nCvcK6w4XDpiAoe30pwrDCsyDCvMOSw4DCrw==,,RGlzZnJheiBQcmluY2VzYSBSb3NhIEJsYW5jYQ==
tMaNBA,,Q29zdHVtZSBCbGFjayBhbmQgV2hpdGUgVGVtcHRhdGlvbg==,,,,,wrnDjsODwrjCvcK6w4XDpiAoe30pwrDCsyDCvMOSw4DCrw==,,VHJhamUgQmxhbmNvIHkgTmVncm8gVGVudGFjacOzbg==
tcaNBA,,Q29zdHVtZSBCbGFjayBTaGliYSBJbnUgSGF0,,,,,w4DDp8OBw5bCvcK6w4XDpiAoe30pwrDCsyDCvMOSw4DCrw==,,RGlzZnJheiBHb3JybyBTaGliYSBJbnUgTmVncm8=
tsaNBA,,Q29zdHVtZSBDYXQgRWFyIEhhdA==,,,,,wrDDh8Kwwq3CvcK6w4XDpiAoe30pwrDCsyDCvMOSw4DCrw==,,R29ycm8gY29uIG9yZWphcyBkZSBnYXRv
t8aNBA,,Q29zdHVtZSBFbGVwaGFudCBIYXQ=,,,,,wr/DrsOAw4fCvcK6w4XDpiAoe30pwrDCsyDCvMOSw4DCrw==,,R29ycm8gZGUgZWxlZmFudGUgcGFyYSBkaXNmcmFjZXM=
uMaNBA,,Q29zdHVtZSBQcmV0dHkgQmVhcg==,,,,,wrnDpsK+w67CvcK6w4XDpiAoe30pwrDCsyDCvMOSw4DCrw==,,RGlzZnJheiBPc28gQm9uaXRv
ucaNBA,,Q29zdHVtZSBRdWF0aSBIYXQ=,,,,,TFVLwrrCr8OIwq/CvcK6w4XDpiAoe30pwrDCsyDCvMOSw4DCrw==,,R29ycm8gQ29zdHVtZSBRdWF0aQ==
usaNBA,,Q29zdHVtZSBCdWxsb2NrIEhlbG0=,,,,,U1RSwrrCr8OIwq/CvcK6w4XDpiAoe30pwrDCsyDCvMOSw4DCrw==,,VHJhamUgQnVsbG9jayBDYXNjbw==
u8aNBA,,Q29zdHVtZSBEb3VibGUgSG9ybiBIZWxt,,,,,QUdJwrrCr8OIwq/CvcK6w4XDpiAoe30pwrDCsyDCvMOSw4DCrw==,,Q2FzY28gZGUgZG9ibGUgY3Vlcm5vIHBhcmEgZGlzZnJhY2Vz
vMaNBA,,Q29zdHVtZSBEcmFnb24gU2t1bGw=,,,,,SU5UwrrCr8OIwq/CvcK6w4XDpiAoe30pwrDCsyDCvMOSw4DCrw==,,RGlzZnJheiBEcmFnw7NuIENhbGF2ZXJh
vcaNBA,,Q29zdHVtZSBHZW5lcmFsIEhlbG1ldA==,,,,,VklUwrrCr8OIwq/CvcK6w4XDpiAoe30pwrDCsyDCvMOSw4DCrw==,,Q2FzY28gQ29zdHVtZSBHZW5lcmFs
vsaNBA,,Q29zdHVtZSBMaWdodG5pbmcgU3BlZWQ=,,,,,REVYwrrCr8OIwq/CsMO4wrDDncK9wrrDhcOmICh7fSnCsMKzIMK8w5LDgMKv,,RGlzZnJheiBWZWxvY2lkYWQgZGVsIFJheW8=
v8aNBA,,Q29zdHVtZSBWYW5hcmdhbmRyIEhlbG0=,,,,,XkZGMDAwMCAgIMKhw5ggw4HDlsOAw4fCu8Onw4fDlyDCocOYXjAwMDAwMApeRkYwMDAww4fDmMK0w6cgw4DDm8K+w7fDgMK6IMK9w4fDhsOQw4fDkiDDiMKuwrfDvMOAw4wgw4DDlsK9w4DCtMOPwrTDmS5eMDAwMDAwCl5GRjAwMDDCtsOHIMOAw6XCusOxIMK7w7PCtMOcw4DDhyDCtMOJwrfDgsOEwqHCtMOCIMK6wrjDiMKjwrXDh8OBw7bCuMK4IMOAw6XCusOxw4DDhyDDgcOfwrTDnMK/wqEgw4PDn8KwwqEgwrTDicK3w4LDhMKhwrDCoSDDgMOWwrTDgiDCsMOmwr/DrCwgw4PDisKxw6LDiMKtIMOHw4/CsMOtIEFUSysxJSDDgcO1wrDCocK4wqYgwrrDjsK/wqnDh8OVwrTDj8K0w5kuXjAwMDAwMApeRkYwMDAww4DDjsODwqbDhsKuw4fDkiDDgMOlwrrDscK/w40gwrTDicK3w4LDhMKhwrDCoSDDiMKuwr3Dh8OHw5XCtMOPwrHDrj9eMDAwMDAw,,VHJhamUgVmFuYXJnYW5kciBZZWxtbw==
wMaNBA,,Q29zdHVtZSBFZGVuIEdyb3VwIEhhdCBJSQ==,,,,,XkZGMDAwMCAgIMKhw5ggw4HDlsOAw4fCu8Onw4fDlyDCocOYXjAwMDAwMApeRkYwMDAww4fDmMK0w6cgw4DDm8K+w7fDgMK6IMK9w4fDhsOQw4fDkiDDiMKuwrfDvMOAw4wgw4DDlsK9w4DCtMOPwrTDmS5eMDAwMDAwCl5GRjAwMDDCtsOHIMOAw6XCusOxIMK7w7PCtMOcw4DDhyDCtMOJwrfDgsOEwqHCtMOCIMK6wrjDiMKjwrXDh8OBw7bCuMK4IMOAw6XCusOxw4DDhyDDgcOfwrTDnMK/wqEgw4PDn8KwwqEgwrTDicK3w4LDhMKhwrDCoSDDgMOWwrTDgiDCsMOmwr/DrCwgIMODw4rCscOiw4jCrSDDh8OPwrDDrSBNQVRLKzElIMOBw7XCsMKhwrjCpiDCusOOwr/CqcOHw5XCtMOPwrTDmS5eMDAwMDAwCl5GRjAwMDDDgMOOw4PCpsOGwq7Dh8OSIMOAw6XCusOxwr/DjSDCtMOJwrfDgsOEwqHCsMKhIMOIwq7CvcOHw4fDlcK0w4/CscOuP14wMDAwMDA=,,VHJhamUgR3J1cG8gRWRlbiBTb21icmVybyBJSQ==
wcaNBA,,Q29zdHVtZSBMYXNlciBvZiBFYWdsZQ==,,,,,XkZGMDAwMCAgIMKhw5ggw4HDlsOAw4fCu8Onw4fDlyDCocOYXjAwMDAwMApeRkYwMDAww4fDmMK0w6cgw4DDm8K+w7fDgMK6IMK9w4fDhsOQw4fDkiDDiMKuwrfDvMOAw4wgw4DDlsK9w4DCtMOPwrTDmS5eMDAwMDAwCl5GRjAwMDDCtsOHIMOAw6XCusOxIMK7w7PCtMOcw4DDhyDCtMOJwrfDgsOEwqHCtMOCIMK6wrjDiMKjwrXDh8OBw7bCuMK4IMOAw6XCusOxw4DDhyDDgcOfwrTDnMK/wqEgw4PDn8KwwqEgwrTDicK3w4LDhMKhwrDCoSDDgMOWwrTDgiDCsMOmwr/DrCwgIMODw4rCscOiw4jCrSDDh8OPwrDDrSBIUCArNTAgw4HDtcKwwqHCuMKmIMK6w47Cv8Kpw4fDlcK0w4/CtMOZLl4wMDAwMDAKXkZGMDAwMMOAw47Dg8Kmw4bCrsOHw5Igw4DDpcK6w7HCv8ONIMK0w4nCt8OCw4TCocKwwqEgw4jCrsK9w4fDh8OVwrTDj8Kxw64/XjAwMDAwMA==,,RGlzZnJheiBMw6FzZXIgZGUgw4FndWlsYQ==
wsaNBA,,UmFiYml0IEVhciBIYXQgQ29zdHVtZQ==,,,,,XkZGMDAwMCAgIMKhw5ggw4HDlsOAw4fCu8Onw4fDlyDCocOYXjAwMDAwMApeRkYwMDAww4fDmMK0w6cgw4DDm8K+w7fDgMK6IMK9w4fDhsOQw4fDkiDDiMKuwrfDvMOAw4wgw4DDlsK9w4DCtMOPwrTDmS5eMDAwMDAwCl5GRjAwMDDCtsOHIMOAw6XCusOxIMK7w7PCtMOcw4DDhyDCtMOJwrfDgsOEwqHCtMOCIMK6wrjDiMKjwrXDh8OBw7bCuMK4IMOAw6XCusOxw4DDhyDDgcOfwrTDnMK/wqEgw4PDn8KwwqEgwrTDicK3w4LDhMKhwrDCoSDDgMOWwrTDgiDCsMOmwr/DrCwgw4PDisKxw6LDiMKtIMOHw4/CsMOtIDEww4PDisK4wrbCtMOZIEhQwrjCpiAxMMK+wr8gw4jCuMK6wrnDgMK7IMK6w47Cv8Kpw4fDlcK0w4/CtMOZLl4wMDAwMDAKXkZGMDAwMMOAw47Dg8Kmw4bCrsOHw5Igw4DDpcK6w7HCv8ONIMK0w4nCt8OCw4TCocKwwqEgw4jCrsK9w4fDh8OVwrTDj8Kxw64/XjAwMDAwMA==,,U29tYnJlcm8gY29uIG9yZWphcyBkZSBjb25lam8gZGVjb3JhdGl2bw==
w8aNBA,,Q2FwdGFpbiBDYXJvY2MncyBIYXQgQ29zdHVtZQ==,,,,,XkZGMDAwMCAgIMKhw5ggw4HDlsOAw4fCu8Onw4fDlyDCocOYXjAwMDAwMApeRkYwMDAww4fDmMK0w6cgw4DDm8K+w7fDgMK6IMK9w4fDhsOQw4fDkiDDiMKuwrfDvMOAw4wgw4DDlsK9w4DCtMOPwrTDmS5eMDAwMDAwCl5GRjAwMDDCtsOHIMOAw6XCusOxIMK7w7PCtMOcw4DDhyDCtMOJwrfDgsOEwqHCtMOCIMK6wrjDiMKjwrXDh8OBw7bCuMK4IMOAw6XCusOxw4DDhyDDgcOfwrTDnMK/wqEgw4PDn8KwwqEgwrTDicK3w4LDhMKhwrDCoSDDgMOWwrTDgiDCsMOmwr/DrCwgw4PDisKxw6LDiMKtIMOHw4/CsMOtIE1heEhQICsgMSUgw4HDtcKwwqHCuMKmIMK6w47Cv8Kpw4fDlcK0w4/CtMOZLl4wMDAwMDAKXkZGMDAwMMOAw47Dg8Kmw4bCrsOHw5Igw4DDpcK6w7HCv8ONIMK0w4nCt8OCw4TCocKwwqEgw4jCrsK9w4fDh8OVwrTDj8Kxw64/XjAwMDAwMA==,,U29tYnJlcm8gZGVsIGNhcGl0w6FuIENhcm9jYyBkZWNvcmF0aXZv
xMaNBA,,Q2hpY2sgSGF0IENvc3R1bWU=,,,,,XkZGMDAwMCAgIMKhw5ggw4HDlsOAw4fCu8Onw4fDlyDCocOYXjAwMDAwMApeRkYwMDAww4fDmMK0w6cgw4DDm8K+w7fDgMK6IMK9w4fDhsOQw4fDkiDDiMKuwrfDvMOAw4wgw4DDlsK9w4DCtMOPwrTDmS5eMDAwMDAwCl5GRjAwMDDCtsOHIMOAw6XCusOxIMK7w7PCtMOcw4DDhyDCtMOJwrfDgsOEwqHCtMOCIMK6wrjDiMKjwrXDh8OBw7bCuMK4IMOAw6XCusOxw4DDhyDDgcOfwrTDnMK/wqEgw4PDn8KwwqEgwrTDicK3w4LDhMKhwrDCoSDDgMOWwrTDgiDCsMOmwr/DrCwgw4PDisKxw6LDiMKtIMOHw4/CsMOtIE1heFNQICsgMSUgw4HDtcKwwqHCuMKmIMK6w47Cv8Kpw4fDlcK0w4/CtMOZLl4wMDAwMDAKXkZGMDAwMMOAw47Dg8Kmw4bCrsOHw5Igw4DDpcK6w7HCv8ONIMK0w4nCt8OCw4TCocKwwqEgw4jCrsK9w4fDh8OVwrTDj8Kxw64/XjAwMDAwMA==,,U29tYnJlcm8gZGUgcG9sbGl0byBkZWNvcmF0aXZv
xcaNBA,,TGl0dGxlIEFuZ2VsIERvbGwgQ29zdHVtZQ==,,,,,XkZGMDAwMCAgIMKhw5ggw4HDlsOAw4fCu8Onw4fDlyDCocOYXjAwMDAwMApeRkYwMDAww4fDmMK0w6cgw4DDm8K+w7fDgMK6IMK9w4fDhsOQw4fDkiDDiMKuwrfDvMOAw4wgw4DDlsK9w4DCtMOPwrTDmS5eMDAwMDAwCl5GRjAwMDDCtsOHIMOAw6XCusOxIMK7w7PCtMOcw4DDhyDCtMOJwrfDgsOEwqHCtMOCIMK6wrjDiMKjwrXDh8OBw7bCuMK4IMOAw6XCusOxw4DDhyDDgcOfwrTDnMK/wqEgw4PDn8KwwqEgwrTDicK3w4LDhMKhwrDCoSDDgMOWwrTDgiDCsMOmwr/DrCwgw4PDisKxw6LDiMKtIMOHw4/CsMOtIFNUUiArIDHDgcO1wrDCocK4wqYgwrrDjsK/wqnDh8OVwrTDj8K0w5kuXjAwMDAwMApeRkYwMDAww4DDjsODwqbDhsKuw4fDkiDDgMOlwrrDscK/w40gwrTDicK3w4LDhMKhwrDCoSDDiMKuwr3Dh8OHw5XCtMOPwrHDrj9eMDAwMDAw,,U29tYnJlcm8gZGUgbXXDsWVjYSBhbmdlbGl0byBkZWNvcmF0aXZv
xsaNBA,,RGFya25lc3MgSGVsbSBDb3N0dW1l,,,,,XkZGMDAwMCAgIMKhw5ggw4HDlsOAw4fCu8Onw4fDlyDCocOYXjAwMDAwMApeRkYwMDAww4fDmMK0w6cgw4DDm8K+w7fDgMK6IMK9w4fDhsOQw4fDkiDDiMKuwrfDvMOAw4wgw4DDlsK9w4DCtMOPwrTDmS5eMDAwMDAwCl5GRjAwMDDCtsOHIMOAw6XCusOxIMK7w7PCtMOcw4DDhyDCtMOJwrfDgsOEwqHCtMOCIMK6wrjDiMKjwrXDh8OBw7bCuMK4IMOAw6XCusOxw4DDhyDDgcOfwrTDnMK/wqEgw4PDn8KwwqEgwrTDicK3w4LDhMKhwrDCoSDDgMOWwrTDgiDCsMOmwr/DrCwgw4PDisKxw6LDiMKtIMOHw4/CsMOtIElOVCArIDEgw4HDtcKwwqHCuMKmIMK6w47Cv8Kpw4fDlcK0w4/CtMOZLl4wMDAwMDAKXkZGMDAwMMOAw47Dg8Kmw4bCrsOHw5Igw4DDpcK6w7HCv8ONIMK0w4nCt8OCw4TCocKwwqEgw4jCrsK9w4fDh8OVwrTDj8Kxw64/XjAwMDAwMA==,,WWVsbW8gZGUgbGEgb3NjdXJpZGFkIGRlY29yYXRpdm8=
x8aNBA,,U3dvcmQgTWFzdGVyJ3MgQ3Jvd24gQ29zdHVtZQ==,,,,,XkZGMDAwMCAgIMKhw5ggw4HDlsOAw4fCu8Onw4fDlyDCocOYXjAwMDAwMApeRkYwMDAww4fDmMK0w6cgw4DDm8K+w7fDgMK6IMK9w4fDhsOQw4fDkiDDiMKuwrfDvMOAw4wgw4DDlsK9w4DCtMOPwrTDmS5eMDAwMDAwCl5GRjAwMDDCtsOHIMOAw6XCusOxIMK7w7PCtMOcw4DDhyDCtMOJwrfDgsOEwqHCtMOCIMK6wrjDiMKjwrXDh8OBw7bCuMK4IMOAw6XCusOxw4DDhyDDgcOfwrTDnMK/wqEgw4PDn8KwwqEgwrTDicK3w4LDhMKhwrDCoSDDgMOWwrTDgiDCsMOmwr/DrCwgw4PDisKxw6LDiMKtIMOHw4/CsMOtIEFHSSArIDEgw4HDtcKwwqHCuMKmIMK6w47Cv8Kpw4fDlcK0w4/CtMOZLl4wMDAwMDAKXkZGMDAwMMOAw47Dg8Kmw4bCrsOHw5Igw4DDpcK6w7HCv8ONIMK0w4nCt8OCw4TCocKwwqEgw4jCrsK9w4fDh8OVwrTDj8Kxw64/XjAwMDAwMA==,,Q29yb25hIGRlIE1hZXN0cm8gZXNwYWRhY2jDrW4gZGVjb3JhdGl2YQ==
yMaNBA,,Q29zdHVtZSBDYXQgRWFyIEN5YmVyIEhlYWRwaG9uZQ==,,,,,XkZGMDAwMCAgIMKhw5ggw4HDlsOAw4fCu8Onw4fDlyDCocOYXjAwMDAwMApeRkYwMDAww4fDmMK0w6cgw4DDm8K+w7fDgMK6IMK9w4fDhsOQw4fDkiDDiMKuwrfDvMOAw4wgw4DDlsK9w4DCtMOPwrTDmS5eMDAwMDAwCl5GRjAwMDDCtsOHIMOAw6XCusOxIMK7w7PCtMOcw4DDhyDCtMOJwrfDgsOEwqHCtMOCIMK6wrjDiMKjwrXDh8OBw7bCuMK4IMOAw6XCusOxw4DDhyDDgcOfwrTDnMK/wqEgw4PDn8KwwqEgwrTDicK3w4LDhMKhwrDCoSDDgMOWwrTDgiDCsMOmwr/DrCwgw4PDisKxw6LDiMKtIMOHw4/CsMOtIERFWCArIDEgw4HDtcKwwqHCuMKmIMK6w47Cv8Kpw4fDlcK0w4/CtMOZLl4wMDAwMDAKXkZGMDAwMMOAw47Dg8Kmw4bCrsOHw5Igw4DDpcK6w7HCv8ONIMK0w4nCt8OCw4TCocKwwqEgw4jCrsK9w4fDh8OVwrTDj8Kxw64/XjAwMDAwMA==,,QXVyaWN1bGFyZXMgY29uIG9yZWphcyBkZSBnYXRvIGNpYmVybsOpdGljbyBkZWNvcmF0aXZvcw==
ycaNBA,,TG9uZyBXb2xmIEVhcnM=,,,,,XkZGMDAwMCAgIMKhw5ggw4HDlsOAw4fCu8Onw4fDlyDCocOYXjAwMDAwMApeRkYwMDAww4fDmMK0w6cgw4DDm8K+w7fDgMK6IMK9w4fDhsOQw4fDkiDDiMKuwrfDvMOAw4wgw4DDlsK9w4DCtMOPwrTDmS5eMDAwMDAwCl5GRjAwMDDCtsOHIMOAw6XCusOxIMK7w7PCtMOcw4DDhyDCtMOJwrfDgsOEwqHCtMOCIMK6wrjDiMKjwrXDh8OBw7bCuMK4IMOAw6XCusOxw4DDhyDDgcOfwrTDnMK/wqEgw4PDn8KwwqEgwrTDicK3w4LDhMKhwrDCoSDDgMOWwrTDgiDCsMOmwr/DrCwgw4PDisKxw6LDiMKtIMOHw4/CsMOtIFZJVCArIDEgw4HDtcKwwqHCuMKmIMK6w47Cv8Kpw4fDlcK0w4/CtMOZLl4wMDAwMDAKXkZGMDAwMMOAw47Dg8Kmw4bCrsOHw5Igw4DDpcK6w7HCv8ONIMK0w4nCt8OCw4TCocKwwqEgw4jCrsK9w4fDh8OVwrTDj8Kxw64/XjAwMDAwMA==,,T3JlamFzIGRlIGxvYm8gZ3JhbmRlcyBkZWNvcmF0aXZhcw==
ysaNBA,,SGF1bnRlZCBBcm1vciBIZWxt,,,,,XkZGMDAwMCAgIMKhw5ggw4HDlsOAw4fCu8Onw4fDlyDCocOYXjAwMDAwMApeRkYwMDAww4fDmMK0w6cgw4DDm8K+w7fDgMK6IMK9w4fDhsOQw4fDkiDDiMKuwrfDvMOAw4wgw4DDlsK9w4DCtMOPwrTDmS5eMDAwMDAwCl5GRjAwMDDCtsOHIMOAw6XCusOxIMK7w7PCtMOcw4DDhyDCtMOJwrfDgsOEwqHCtMOCIMK6wrjDiMKjwrXDh8OBw7bCuMK4IMOAw6XCusOxw4DDhyDDgcOfwrTDnMK/wqEgw4PDn8KwwqEgwrTDicK3w4LDhMKhwrDCoSDDgMOWwrTDgiDCsMOmwr/DrCwgw4PDisKxw6LDiMKtIMOHw4/CsMOtIExVSyArIDEgw4HDtcKwwqHCuMKmIMK6w47Cv8Kpw4fDlcK0w4/CtMOZLl4wMDAwMDAKXkZGMDAwMMOAw47Dg8Kmw4bCrsOHw5Igw4DDpcK6w7HCv8ONIMK0w4nCt8OCw4TCocKwwqEgw4jCrsK9w4fDh8OVwrTDj8Kxw64/XjAwMDAwMA==,,WWVsbW8gZGUgYXJtYWR1cmEgZW1icnVqYWRh
y8aNBA,,Q29zdHVtZSBTZWNyZXQgWmlwcGVy,,,,,XkZGMDAwMCAgIMKhw5ggw4HDlsOAw4fCu8Onw4fDlyDCocOYXjAwMDAwMApeRkYwMDAww4fDmMK0w6cgw4DDm8K+w7fDgMK6IMK9w4fDhsOQw4fDkiDDiMKuwrfDvMOAw4wgw4DDlsK9w4DCtMOPwrTDmS5eMDAwMDAwCl5GRjAwMDDCtsOHIMOAw6XCusOxIMK7w7PCtMOcw4DDhyDCtMOJwrfDgsOEwqHCtMOCIMK6wrjDiMKjwrXDh8OBw7bCuMK4IMOAw6XCusOxw4DDhyDDgcOfwrTDnMK/wqEgw4PDn8KwwqEgwrTDicK3w4LDhMKhwrDCoSDDgMOWwrTDgiDCsMOmwr/DrCwgw4PDisKxw6LDiMKtIMOHw4/CsMOtICfCucOmwr7DriAyMMOBw7XCsMKhJ8K4wqYgwrrDjsK/wqnDh8OVwrTDj8K0w5kuXjAwMDAwMApeRkYwMDAww4DDjsODwqbDhsKuw4fDkiDDgMOlwrrDscK/w40gwrTDicK3w4LDhMKhwrDCoSDDiMKuwr3Dh8OHw5XCtMOPwrHDrj9eMDAwMDAw,,Q3JlbWFsbGVyYSBzZWNyZXRhIHBhcmEgZGlzZnJhY2Vz
zMaNBA,,Q29zdHVtZSBNYW4ncyBQcmlkZQ==,,,,,XkZGMDAwMCAgIMKhw5ggw4HDlsOAw4fCu8Onw4fDlyDCocOYXjAwMDAwMApeRkYwMDAww4fDmMK0w6cgw4DDm8K+w7fDgMK6IMK9w4fDhsOQw4fDkiDDiMKuwrfDvMOAw4wgw4DDlsK9w4DCtMOPwrTDmS5eMDAwMDAwCl5GRjAwMDDCtsOHIMOAw6XCusOxIMK7w7PCtMOcw4DDhyDCtMOJwrfDgsOEwqHCtMOCIMK6wrjDiMKjwrXDh8OBw7bCuMK4IMOAw6XCusOxw4DDhyDDgcOfwrTDnMK/wqEgw4PDn8KwwqEgwrTDicK3w4LDhMKhwrDCoSDDgMOWwrTDgiDCsMOmwr/DrCwgw4PDisKxw6LDiMKtIMOHw4/CsMOtIFNUUiAzw4DCuyBMVUsgM8OAwrjCt8OOIMK6wq/CsMOmw4fDlcK0w4/CtMOZLl4wMDAwMDAKXkZGMDAwMMOAw47Dg8Kmw4bCrsOHw5Igw4DDpcK6w7HCv8ONIMK0w4nCt8OCw4TCocKwwqEgw4jCrsK9w4fDh8OVwrTDj8Kxw64/XjAwMDAwMA==,,RWwgb3JndWxsbyBkZWwgaG9tYnJlIGRpc2ZyYXphZG8=
zcaNBA,,Q29zdHVtZSBTdGFyIFJlYWRpbmcgSGF0,,,,,XkZGMDAwMCAgIMKhw5ggw4HDlsOAw4fCu8Onw4fDlyDCocOYXjAwMDAwMApeRkYwMDAww4fDmMK0w6cgw4DDm8K+w7fDgMK6IMK9w4fDhsOQw4fDkiDDiMKuwrfDvMOAw4wgw4DDlsK9w4DCtMOPwrTDmS5eMDAwMDAwCl5GRjAwMDDCtsOHIMOAw6XCusOxIMK7w7PCtMOcw4DDhyDCtMOJwrfDgsOEwqHCtMOCIMK6wrjDiMKjwrXDh8OBw7bCuMK4IMOAw6XCusOxw4DDhyDDgcOfwrTDnMK/wqEgw4PDn8KwwqEgwrTDicK3w4LDhMKhwrDCoSDDgMOWwrTDgiDCsMOmwr/DrCwgw4PDisKxw6LDiMKtIMOHw4/CsMOtIElOVCAzw4DCuyBTVFIgM8OAwrjCt8OOIMK6wq/CsMOmw4fDlcK0w4/CtMOZLl4wMDAwMDAKXkZGMDAwMMOAw47Dg8Kmw4bCrsOHw5Igw4DDpcK6w7HCv8ONIMK0w4nCt8OCw4TCocKwwqEgw4jCrsK9w4fDh8OVwrTDj8Kxw64/XjAwMDAwMA==,,R29ycm8gZGUgbGVjdHVyYSBDb3N0dW1lIFN0YXI=
zsaNBA,,Q29zdHVtZSBPdmVyIFByb3RlY3Rvcg==,,,,,XkZGMDAwMCAgIMKhw5ggw4HDlsOAw4fCu8Onw4fDlyDCocOYXjAwMDAwMApeRkYwMDAww4fDmMK0w6cgw4DDm8K+w7fDgMK6IMK9w4fDhsOQw4fDkiDDiMKuwrfDvMOAw4wgw4DDlsK9w4DCtMOPwrTDmS5eMDAwMDAwCl5GRjAwMDDCtsOHIMOAw6XCusOxIMK7w7PCtMOcw4DDhyDCtMOJwrfDgsOEwqHCtMOCIMK6wrjDiMKjwrXDh8OBw7bCuMK4IMOAw6XCusOxw4DDhyDDgcOfwrTDnMK/wqEgw4PDn8KwwqEgwrTDicK3w4LDhMKhwrDCoSDDgMOWwrTDgiDCsMOmwr/DrCwgw4PDisKxw6LDiMKtIMOHw4/CsMOtIExVSyAzw4DCuyBBR0kgM8OAwrjCt8OOIMK6wq/CsMOmw4fDlcK0w4/CtMOZLl4wMDAwMDAKXkZGMDAwMMOAw47Dg8Kmw4bCrsOHw5Igw4DDpcK6w7HCv8ONIMK0w4nCt8OCw4TCocKwwqEgw4jCrsK9w4fDh8OVwrTDj8Kxw64/XjAwMDAwMA==,,RGlzZnJheiBzb2JyZSBwcm90ZWN0b3I=
z8aNBA,,Q29zdHVtZV9NYWdpY19FeWVz,,,,,XkZGMDAwMCAgIMKhw5ggw4HDlsOAw4fCu8Onw4fDlyDCocOYXjAwMDAwMApeRkYwMDAww4fDmMK0w6cgw4DDm8K+w7fDgMK6IMK9w4fDhsOQw4fDkiDDiMKuwrfDvMOAw4wgw4DDlsK9w4DCtMOPwrTDmS5eMDAwMDAwCl5GRjAwMDDCtsOHIMOAw6XCusOxIMK7w7PCtMOcw4DDhyDCtMOJwrfDgsOEwqHCtMOCIMK6wrjDiMKjwrXDh8OBw7bCuMK4IMOAw6XCusOxw4DDhyDDgcOfwrTDnMK/wqEgw4PDn8KwwqEgwrTDicK3w4LDhMKhwrDCoSDDgMOWwrTDgiDCsMOmwr/DrCwgw4PDisKxw6LDiMKtIMOHw4/CsMOtIERFWCAzw4DCuyBJTlQgM8OAwrjCt8OOIMK6wq/CsMOmw4fDlcK0w4/CtMOZLl4wMDAwMDAKXkZGMDAwMMOAw47Dg8Kmw4bCrsOHw5Igw4DDpcK6w7HCv8ONIMK0w4nCt8OCw4TCocKwwqEgw4jCrsK9w4fDh8OVwrTDj8Kxw64/XjAwMDAwMA==,,Q29zdHVtZV9NYWdpY19FeWVz
0MaNBA,,Q29zdHVtZV9MaXR0bGVfRGV2aWxfU19Ib3Ju,,,,,XkZGMDAwMCAgIMKhw5ggw4HDlsOAw4fCu8Onw4fDlyDCocOYXjAwMDAwMApeRkYwMDAww4fDmMK0w6cgw4DDm8K+w7fDgMK6IMK9w4fDhsOQw4fDkiDDiMKuwrfDvMOAw4wgw4DDlsK9w4DCtMOPwrTDmS5eMDAwMDAwCl5GRjAwMDDCtsOHIMOAw6XCusOxIMK7w7PCtMOcw4DDhyDCtMOJwrfDgsOEwqHCtMOCIMK6wrjDiMKjwrXDh8OBw7bCuMK4IMOAw6XCusOxw4DDhyDDgcOfwrTDnMK/wqEgw4PDn8KwwqEgwrTDicK3w4LDhMKhwrDCoSDDgMOWwrTDgiDCsMOmwr/DrCwgw4PDisKxw6LDiMKtIMOHw4/CsMOtIEFHSSAzw4DCuyBWSVQgM8OAwrjCt8OOIMK6wq/CsMOmw4fDlcK0w4/CtMOZLl4wMDAwMDAKXkZGMDAwMMOAw47Dg8Kmw4bCrsOHw5Igw4DDpcK6w7HCv8ONIMK0w4nCt8OCw4TCocKwwqEgw4jCrsK9w4fDh8OVwrTDj8Kxw64/XjAwMDAwMA==,,Q29zdHVtZV9MaXR0bGVfRGV2aWxfU19Ib3Ju
0caNBA,,Q29zdHVtZV9OaWZmbGVoZWltX0J1bm55X0hhdA==,,,,,XkZGMDAwMCAgIMKhw5ggw4HDlsOAw4fCu8Onw4fDlyDCocOYXjAwMDAwMApeRkYwMDAww4fDmMK0w6cgw4DDm8K+w7fDgMK6IMK9w4fDhsOQw4fDkiDDiMKuwrfDvMOAw4wgw4DDlsK9w4DCtMOPwrTDmS5eMDAwMDAwCl5GRjAwMDDCtsOHIMOAw6XCusOxIMK7w7PCtMOcw4DDhyDCtMOJwrfDgsOEwqHCtMOCIMK6wrjDiMKjwrXDh8OBw7bCuMK4IMOAw6XCusOxw4DDhyDDgcOfwrTDnMK/wqEgw4PDn8KwwqEgwrTDicK3w4LDhMKhwrDCoSDDgMOWwrTDgiDCsMOmwr/DrCwgw4PDisKxw6LDiMKtIMOHw4/CsMOtIFZJVCAzw4DCuyBERVggM8OAwrjCt8OOIMK6wq/CsMOmw4fDlcK0w4/CtMOZLl4wMDAwMDAKXkZGMDAwMMOAw47Dg8Kmw4bCrsOHw5Igw4DDpcK6w7HCv8ONIMK0w4nCt8OCw4TCocKwwqEgw4jCrsK9w4fDh8OVwrTDj8Kxw64/XjAwMDAwMA==,,Q29zdHVtZV9OaWZmbGVoZWltX0J1bm55X0hhdA==
0saNBA,,Q29zdHVtZV9HcmFtX1Blb255,,,,,w4fDj8K0w5w=,,Q29zdHVtZV9HcmFtX1Blb255
08aNBA,,Q29zdHVtZV9OaWdodF9Ta3lfb2ZfTWVtb3J5,,,,,XkZGMDAwMCAgIMKhw5ggw4HDlsOAw4fCu8Onw4fDlyDCocOYXjAwMDAwMApeRkYwMDAww4fDmMK0w6cgw4DDm8K+w7fDgMK6IMK9w4fDhsOQw4fDkiDDiMKuwrfDvMOAw4wgw4DDlsK9w4DCtMOPwrTDmS5eMDAwMDAwCl5GRjAwMDDCtsOHIMOAw6XCusOxIMOBw5/CtMOcLCDDh8OPwrTDnMOAw4cgwrTDicK3w4LDhMKhwrTDgiDCusK4w4jCo8K1w4fDgcO2wrjCuCDDgMOlwrrDscOAw4cgwrvDs8K0w5zCv8KhIMODw5/CsMKhIMK0w4nCt8OCw4TCocKwwqEgw4DDlsK0w4IgwrDDpsK/w6wsIMODw4rCscOiw4jCrSDDh8OPwrDDrSBTVFIrMcOAwrsgwrrDjsK/wqnDh8OVwrTDj8K0w5kuXjAwMDAwMApeRkYwMDAww4DDjsODwqbDhsKuw4fDkiDDgMOlwrrDscK/w40gwrTDicK3w4LDhMKhwrDCoSDDiMKuwr3Dh8OHw5XCtMOPwrHDrj9eMDAwMDAw,,Q29zdHVtZV9OaWdodF9Ta3lfb2ZfTWVtb3J5
1MaNBA,,Q29zdHVtZV9CbHVlX01hZ2ljaWFuX0hhdA==,,,,,XkZGMDAwMCAgIMKhw5ggw4HDlsOAw4fCu8Onw4fDlyDCocOYXjAwMDAwMApeRkYwMDAww4fDmMK0w6cgw4DDm8K+w7fDgMK6IMK9w4fDhsOQw4fDkiDDiMKuwrfDvMOAw4wgw4DDlsK9w4DCtMOPwrTDmS5eMDAwMDAwCl5GRjAwMDDCtsOHIMOAw6XCusOxIMOBw5/CtMOcLCDDh8OPwrTDnMOAw4cgwrTDicK3w4LDhMKhwrTDgiDCusK4w4jCo8K1w4fDgcO2wrjCuCDDgMOlwrrDscOAw4cgwrvDs8K0w5zCv8KhIMODw5/CsMKhIMK0w4nCt8OCw4TCocKwwqEgw4DDlsK0w4IgwrDDpsK/w6wsIMODw4rCscOiw4jCrSDDh8OPwrDDrSBJTlQrMcOAwrsgwrrDjsK/wqnDh8OVwrTDj8K0w5kuXjAwMDAwMApeRkYwMDAww4DDjsODwqbDhsKuw4fDkiDDgMOlwrrDscK/w40gwrTDicK3w4LDhMKhwrDCoSDDiMKuwr3Dh8OHw5XCtMOPwrHDrj9eMDAwMDAw,,Q29zdHVtZV9CbHVlX01hZ2ljaWFuX0hhdA==
1caNBA,,Q29zdHVtZSBHaG9zdHJpbmcgVGFsbCBIYXQ=,,,,,XkZGMDAwMCAgIMKhw5ggw4HDlsOAw4fCu8Onw4fDlyDCocOYXjAwMDAwMApeRkYwMDAww4fDmMK0w6cgw4DDm8K+w7fDgMK6IMK9w4fDhsOQw4fDkiDDiMKuwrfDvMOAw4wgw4DDlsK9w4DCtMOPwrTDmS5eMDAwMDAwCl5GRjAwMDDCtsOHIMOAw6XCusOxIMOBw5/CtMOcLCDDh8OPwrTDnMOAw4cgwrTDicK3w4LDhMKhwrTDgiDCusK4w4jCo8K1w4fDgcO2wrjCuCDDgMOlwrrDscOAw4cgwrvDs8K0w5zCv8KhIMODw5/CsMKhIMK0w4nCt8OCw4TCocKwwqEgw4DDlsK0w4IgwrDDpsK/w6wsIMODw4rCscOiw4jCrSDDh8OPwrDDrSBBR0krMcOAwrsgwrrDjsK/wqnDh8OVwrTDj8K0w5kuXjAwMDAwMApeRkYwMDAww4DDjsODwqbDhsKuw4fDkiDDgMOlwrrDscK/w40gwrTDicK3w4LDhMKhwrDCoSDDiMKuwr3Dh8OHw5XCtMOPwrHDrj9eMDAwMDAw,,RGlzZnJheiBHb3JybyBhbHRvIEdob3N0cmluZw==
1saNBA,,Q29zdHVtZSBQdXBweSBIYXQ=,,,,,XkZGMDAwMCAgIMKhw5ggw4HDlsOAw4fCu8Onw4fDlyDCocOYXjAwMDAwMApeRkYwMDAww4fDmMK0w6cgw4DDm8K+w7fDgMK6IMK9w4fDhsOQw4fDkiDDiMKuwrfDvMOAw4wgw4DDlsK9w4DCtMOPwrTDmS5eMDAwMDAwCl5GRjAwMDDCtsOHIMOAw6XCusOxIMOBw5/CtMOcLCDDh8OPwrTDnMOAw4cgwrTDicK3w4LDhMKhwrTDgiDCusK4w4jCo8K1w4fDgcO2wrjCuCDDgMOlwrrDscOAw4cgwrvDs8K0w5zCv8KhIMODw5/CsMKhIMK0w4nCt8OCw4TCocKwwqEgw4DDlsK0w4IgwrDDpsK/w6wsIMODw4rCscOiw4jCrSDDh8OPwrDDrSBERVgrMcOAwrsgwrrDjsK/wqnDh8OVwrTDj8K0w5kuXjAwMDAwMApeRkYwMDAww4DDjsODwqbDhsKuw4fDkiDDgMOlwrrDscK/w40gwrTDicK3w4LDhMKhwrDCoSDDiMKuwr3Dh8OHw5XCtMOPwrHDrj9eMDAwMDAw,,R29ycm8gRGlzZnJheiBDYWNob3Jybw==
18aNBA,,Q29zdHVtZSBGcmllZCBFZ2cgSGF0,,,,,XkZGMDAwMCAgIMKhw5ggw4HDlsOAw4fCu8Onw4fDlyDCocOYXjAwMDAwMApeRkYwMDAww4fDmMK0w6cgw4DDm8K+w7fDgMK6IMK9w4fDhsOQw4fDkiDDiMKuwrfDvMOAw4wgw4DDlsK9w4DCtMOPwrTDmS5eMDAwMDAwCl5GRjAwMDDCtsOHIMOAw6XCusOxIMOBw5/CtMOcLCDDh8OPwrTDnMOAw4cgwrTDicK3w4LDhMKhwrTDgiDCusK4w4jCo8K1w4fDgcO2wrjCuCDDgMOlwrrDscOAw4cgwrvDs8K0w5zCv8KhIMODw5/CsMKhIMK0w4nCt8OCw4TCocKwwqEgw4DDlsK0w4IgwrDDpsK/w6wsIMODw4rCscOiw4jCrSDDh8OPwrDDrSBWSVQrMcOAwrsgwrrDjsK/wqnDh8OVwrTDj8K0w5kuXjAwMDAwMApeRkYwMDAww4DDjsODwqbDhsKuw4fDkiDDgMOlwrrDscK/w40gwrTDicK3w4LDhMKhwrDCoSDDiMKuwr3Dh8OHw5XCtMOPwrHDrj9eMDAwMDAw,,RGlzZnJheiBkZSBzb21icmVybyBkZSBodWV2byBmcml0bw==
2MaNBA,,Q29zdHVtZSBTaWx2ZXIgUXVlc3Rpb24=,,,,,XkZGMDAwMCAgIMKhw5ggw4HDlsOAw4fCu8Onw4fDlyDCocOYXjAwMDAwMApeRkYwMDAww4fDmMK0w6cgw4DDm8K+w7fDgMK6IMK9w4fDhsOQw4fDkiDDiMKuwrfDvMOAw4wgw4DDlsK9w4DCtMOPwrTDmS5eMDAwMDAwCl5GRjAwMDDCtsOHIMOAw6XCusOxIMOBw5/CtMOcLCDDh8OPwrTDnMOAw4cgwrTDicK3w4LDhMKhwrTDgiDCusK4w4jCo8K1w4fDgcO2wrjCuCDDgMOlwrrDscOAw4cgwrvDs8K0w5zCv8KhIMODw5/CsMKhIMK0w4nCt8OCw4TCocKwwqEgw4DDlsK0w4IgwrDDpsK/w6wsIMODw4rCscOiw4jCrSDDh8OPwrDDrSBMVUsrMcOAwrsgwrrDjsK/wqnDh8OVwrTDj8K0w5kuXjAwMDAwMApeRkYwMDAww4DDjsODwqbDhsKuw4fDkiDDgMOlwrrDscK/w40gwrTDicK3w4LDhMKhwrDCoSDDiMKuwr3Dh8OHw5XCtMOPwrHDrj9eMDAwMDAw,,RGlzZnJhY2VzIGRlIHBsYXRhIFByZWd1bnRh
2caNBA,,Q29zdHVtZSBHb2xkIFF1ZXN0aW9u,,,,,XkZGMDAwMCAgIMKhw5ggw4HDlsOAw4fCu8Onw4fDlyDCocOYXjAwMDAwMApeRkYwMDAww4fDmMK0w6cgw4DDm8K+w7fDgMK6IMK9w4fDhsOQw4fDkiDDiMKuwrfDvMOAw4wgw4DDlsK9w4DCtMOPwrTDmS5eMDAwMDAwCl5GRjAwMDDCtsOHIMOAw6XCusOxIMK7w7PCtMOcLCDDh8OPwrTDnMOAw4cgwrTDicK3w4LDhMKhwrTDgiDCusK4w4jCo8K1w4fDgcO2wrjCuCDDgMOlwrrDscOAw4cgw4HDn8K0w5zCv8KhIMODw5/CsMKhIMK0w4nCt8OCw4TCocKwwqEgw4DDlsK0w4IgwrDDpsK/w6wsIMODw4rCscOiw4jCrSDDh8OPwrDDrSBBVEsrMSXDgMK7IMK6w47Cv8Kpw4fDlcK0w4/CtMOZLl4wMDAwMDAKXkZGMDAwMMOAw47Dg8Kmw4bCrsOHw5Igw4DDpcK6w7HCv8ONIMK0w4nCt8OCw4TCocKwwqEgw4jCrsK9w4fDh8OVwrTDj8Kxw64/XjAwMDAwMA==,,U29tYnJlcm8gZGUgc2lnbm8gZGUgaW50ZXJyb2dhY2nDs24gZG9yYWRvIGRlY29yYXRpdm8=
2saNBA,,Q29zdHVtZSBTaWx2ZXIgRXhjbGFtYXRpb24=,,,,,XkZGMDAwMCAgIMKhw5ggw4HDlsOAw4fCu8Onw4fDlyDCocOYXjAwMDAwMApeRkYwMDAww4fDmMK0w6cgw4DDm8K+w7fDgMK6IMK9w4fDhsOQw4fDkiDDiMKuwrfDvMOAw4wgw4DDlsK9w4DCtMOPwrTDmS5eMDAwMDAwCl5GRjAwMDDCtsOHIMOAw6XCusOxIMK7w7PCtMOcLCDDh8OPwrTDnMOAw4cgwrTDicK3w4LDhMKhwrTDgiDCusK4w4jCo8K1w4fDgcO2wrjCuCDDgMOlwrrDscOAw4cgw4HDn8K0w5zCv8KhIMODw5/CsMKhIMK0w4nCt8OCw4TCocKwwqEgw4DDlsK0w4IgwrDDpsK/w6wsIMODw4rCscOiw4jCrSDDh8OPwrDDrSBNQVRLKzElw4DCuyDCusOOwr/CqcOHw5XCtMOPwrTDmS5eMDAwMDAwCl5GRjAwMDDDgMOOw4PCpsOGwq7Dh8OSIMOAw6XCusOxwr/DjSDCtMOJwrfDgsOEwqHCsMKhIMOIwq7CvcOHw4fDlcK0w4/CscOuP14wMDAwMDA=,,VHJhamUgRXhjbGFtYWNpw7NuIGRlIHBsYXRh
28aNBA,,Q29zdHVtZSBHb2xkIEV4Y2xhbWF0aW9u,,,,,XkZGMDAwMCAgIMKhw5ggw4HDlsOAw4fCu8Onw4fDlyDCocOYXjAwMDAwMApeRkYwMDAww4fDmMK0w6cgw4DDm8K+w7fDgMK6IMK9w4fDhsOQw4fDkiDDiMKuwrfDvMOAw4wgw4DDlsK9w4DCtMOPwrTDmS5eMDAwMDAwCl5GRjAwMDDCtsOHIMOAw6XCusOxIMK7w7PCtMOcw4DDhyDCtMOJwrfDgsOEwqHCtMOCIMK6wrjDiMKjwrXDh8OBw7bCuMK4IMOAw6XCusOxw4DDhyDDgcOfwrTDnMK/wqEgw4PDn8KwwqEgwrTDicK3w4LDhMKhwrDCoSDDgMOWwrTDgiDCsMOmwr/DrCwgIMODw4rCscOiw4jCrSDDh8OPwrDDrSBIUCArNTDDgMK7IMK6w47Cv8Kpw4fDlcK0w4/CtMOZLl4wMDAwMDAKXkZGMDAwMMOAw47Dg8Kmw4bCrsOHw5Igw4DDpcK6w7HCv8ONIMK0w4nCt8OCw4TCocKwwqEgw4jCrsK9w4fDh8OVwrTDj8Kxw64/XjAwMDAwMA==,,U29tYnJlcm8gZGUgc2lnbm8gZGUgZXhjbGFtYWNpw7NuIGRvcmFkbyBkZWNvcmF0aXZv
3MaNBA,,Q29zdHVtZSBDYW1vdWZsYWdlIFJhYmJpdEhvb2Q=,,,,,XkZGMDAwMCAgIMKhw5ggw4HDlsOAw4fCu8Onw4fDlyDCocOYXjAwMDAwMApeRkYwMDAww4fDmMK0w6cgw4DDm8K+w7fDgMK6IMK9w4fDhsOQw4fDkiDDiMKuwrfDvMOAw4wgw4DDlsK9w4DCtMOPwrTDmS5eMDAwMDAwCl5GRjAwMDDCtsOHIMOAw6XCusOxIMK7w7PCtMOcw4DDhyDCtMOJwrfDgsOEwqHCtMOCIMK6wrjDiMKjwrXDh8OBw7bCuMK4IMOAw6XCusOxw4DDhyDDgcOfwrTDnMK/wqEgw4PDn8KwwqEgwrTDicK3w4LDhMKhwrDCoSDDgMOWwrTDgiDCsMOmwr/DrCwgw4PDisKxw6LDiMKtIMOHw4/CsMOtIE1heEhQICsgMSXDgMK7IMK6w47Cv8Kpw4fDlcK0w4/CtMOZLl4wMDAwMDAKXkZGMDAwMMOAw47Dg8Kmw4bCrsOHw5Igw4DDpcK6w7HCv8ONIMK0w4nCt8OCw4TCocKwwqEgw4jCrsK9w4fDh8OVwrTDj8Kxw64/XjAwMDAwMA==,,RGlzZnJheiBDYW11ZmxhamUgQ2FwdWNoYSBDb25lam8=
3caNBA,,Q29zdHVtZSBCbGF6aW5nIFNvdWw=,,,,,XkZGMDAwMCAgIMKhw5ggw4HDlsOAw4fCu8Onw4fDlyDCocOYXjAwMDAwMApeRkYwMDAww4fDmMK0w6cgw4DDm8K+w7fDgMK6IMK9w4fDhsOQw4fDkiDDiMKuwrfDvMOAw4wgw4DDlsK9w4DCtMOPwrTDmS5eMDAwMDAwCl5GRjAwMDDCtsOHIMOAw6XCusOxIMK7w7PCtMOcw4DDhyDCtMOJwrfDgsOEwqHCtMOCIMK6wrjDiMKjwrXDh8OBw7bCuMK4IMOAw6XCusOxw4DDhyDDgcOfwrTDnMK/wqEgw4PDn8KwwqEgwrTDicK3w4LDhMKhwrDCoSDDgMOWwrTDgiDCsMOmwr/DrCwgw4PDisKxw6LDiMKtIMOHw4/CsMOtIE1heFNQICsgMSXDgMK7IMK6w47Cv8Kpw4fDlcK0w4/CtMOZLl4wMDAwMDAKXkZGMDAwMMOAw47Dg8Kmw4bCrsOHw5Igw4DDpcK6w7HCv8ONIMK0w4nCt8OCw4TCocKwwqEgw4jCrsK9w4fDh8OVwrTDj8Kxw64/XjAwMDAwMA==,,RGlzZnJheiBCbGF6aW5nIFNvdWw=
3saNBA,,Q29zdHVtZSBBbnRsZXI=,,,,,XkZGMDAwMCAgIMKhw5ggw4HDlsOAw4fCu8Onw4fDlyDCocOYXjAwMDAwMApeRkYwMDAww4fDmMK0w6cgw4DDm8K+w7fDgMK6IMK9w4fDhsOQw4fDkiDDiMKuwrfDvMOAw4wgw4DDlsK9w4DCtMOPwrTDmS5eMDAwMDAwCl5GRjAwMDDCtsOHIMOAw6XCusOxIMK7w7PCtMOcw4DDhyDCtMOJwrfDgsOEwqHCtMOCIMK6wrjDiMKjwrXDh8OBw7bCuMK4IMOAw6XCusOxw4DDhyDDgcOfwrTDnMK/wqEgw4PDn8KwwqEgwrTDicK3w4LDhMKhwrDCoSDDgMOWwrTDgiDCsMOmwr/DrCwgw4PDisKxw6LDiMKtIMOHw4/CsMOtIMK5w6bCvsOuIDIwIMOBw7XCsMKhwrjCpiDCusOOwr/CqcOHw5XCtMOPwrTDmS5eMDAwMDAwCl5GRjAwMDDDgMOOw4PCpsOGwq7Dh8OSIMOAw6XCusOxwr/DjSDCtMOJwrfDgsOEwqHCsMKhIMOIwq7CvcOHw4fDlcK0w4/CscOuP14wMDAwMDA=,,RGlzZnJheiBBbnRsZXI=
38aNBA,,Q29zdHVtZSBGbHlpbmcgSGVsbWV0,,,,,wrjDrcOBw5/CvcK6w4XDpiAoe30pwrDCsyDCvMOSw4DCrw==,,RGlzZnJheiBDYXNjbyBWb2xhZG9y
4MaNBA,,Q29zdHVtZSBXcmFwcGluZyBDbG90aA==,,,,,w4jCuMOHw4fCvcK6w4XDpiAoe30pwrDCsyDCvMOSw4DCrw==,,VGVsYSBwYXJhIGVudm9sdmVyIGRpc2ZyYWNlcw==
4caNBA,,Q29zdHVtZSBDcm93biBvZiBBbmNpZW50IFF1ZWVu,,,,,wrjCtsK3w4LCvcK6w4XDpiAoe30pwrDCsyDCvMOSw4DCrw==,,VHJhamUgQ29yb25hIGRlIFJlaW5hIEFudGlndWE=
4saNBA,,Q29zdHVtZSBSYWJiaXQgUmliYm9u,,,,,w4jCuMK6wrnCvcK6w4XDpiAoe30pwrDCsyDCvMOSw4DCrw==,,RGlzZnJheiBDb25lam8gQ2ludGE=
48aNBA,,Q29zdHVtZSBNYXJ2ZWxvdXMgV2ln,,,,,SFDCvcK6w4XDpiAoe30pwrDCsyDCvMOSw4DCrw==,,UGVsdWNhIENvc3R1bWUgTWFydmVsb3Vz
5MaNBA,,Q29zdHVtZSBTb3VsbGVzcyBXaW5n,,,,,VklUwrrCr8OIwq/CvcK6w4XDpiAoe30pwrDCsyDCvMOSw4DCrw==,,VHJhamUgQWxhIERlc2FsbWFkYQ==
5caNBA,,Q29zdHVtZSBWYW5hcmRhbmRyIEhlbG0=,,,,,QUdJwrrCr8OIwq/CvcK6w4XDpiAoe30pwrDCsyDCvMOSw4DCrw==,,WWVsbW8gZGUgVmFuYWdhbmRyIGRlY29yYXRpdm8=
5saNBA,,Q29zdHVtZSBQb3JpbmcgQmVyZXQ=,,,,,REVYwrrCr8OIwq/CvcK6w4XDpiAoe30pwrDCsyDCvMOSw4DCrw==,,VHJhamUgUG9yaW5nIEJvaW5h
58aNBA,,Q29zdHVtZSBBbmdlbCBXaW5n,,,,,TFVLwrrCr8OIwq/CvcK6w4XDpiAoe30pwrDCsyDCvMOSw4DCrw==,,RGlzZnJheiBBbmdlbCBXaW5n
6MaNBA,,Q29zdHVtZSBTaW5zdW5jaG8gSGF0,,,,,U1RSwrrCr8OIwq/CvcK6w4XDpiAoe30pwrDCsyDCvMOSw4DCrw==,,R29ycm8gZGUgZGlzZnJheiBTaW5zdW5jaG8=
6caNBA,,Q29zdHVtZSBLYXR1c2E=,,,,,SU5UwrrCr8OIwq/CvcK6w4XDpiAoe30pwrDCsyDCvMOSw4DCrw==,,VHJhamUgS2F0dXNh
6saNBA,,Q29zdHVtZSBDYXJuYXRpb24gSGFpcmJhbmQ=,,,,,wrjCtsK5w73CucOmwr7DrsK9wrrDhcOmICh7fSnCsMKzIMK8w5LDgMKv,,RGlhZGVtYSBjb24gY2xhdmVsZXM=
68aNBA,,Q29zdHVtZSBCdW5ueSBIZWFkZHJlc3M=,,,,,wrDDpsOHw6jDhMKhwr3CusOFw6YgKHt9KcKwwrMgwrzDksOAwq8=,,VG9jYWRvIGRlIGRpc2ZyYXogZGUgY29uZWppdG8=
7MaNBA,,Q29zdHVtZSBDbGFzc2ljIEhhdA==,,,,,wrDDuMKww53CvcK6w4XDpiAoe30pwrDCsyDCvMOSw4DCrw==,,RGlzZnJheiBTb21icmVybyBDbMOhc2ljbw==
7caNBA,,Q29zdHVtZSBTZXBpYSBDYXA=,,,,,wrjCtsKww7jCvcK6w4XDpiAoe30pwrDCsyDCvMOSw4DCrw==,,R29ycmEgQ29zdHVtZSBTZXBpYQ==
7saNBA,,Q29zdHVtZSBNaW50IENob2NvbGF0ZSBCb25uZXQ=,,,,,XkZGMDAwMCAgIMKhw5ggw4HDlsOAw4fCu8Onw4fDlyDCocOYXjAwMDAwMApeRkYwMDAww4fDmMK0w6cgw4DDm8K+w7fDgMK6IMK9w4fDhsOQw4fDkiDDiMKuwrfDvMOAw4wgw4DDlsK9w4DCtMOPwrTDmS5eMDAwMDAwCl5GRjAwMDDCtsOHIMOAw6XCusOxIMK7w7PCtMOcLCDDgcOfwrTDnMOAw4cgwrTDicK3w4LDhMKhwrTDgiDCusK4w4jCo8K1w4fDgcO2wrjCuCDDgMOlwrrDscOAw4cgw4fDj8K0w5zCv8KhIMODw5/CsMKhIMK0w4nCt8OCw4TCocKwwqEgw4DDlsK0w4IgwrDDpsK/w6wsIMODw4rCscOiw4jCrSDDh8OPwrDDrSBISVQrMcOAwrsgwrrDjsK/wqnDh8OVwrTDj8K0w5kuXjAwMDAwMApeRkYwMDAww4DDjsODwqbDhsKuw4fDkiDDgMOlwrrDscK/w40gwrTDicK3w4LDhMKhwrDCoSDDiMKuwr3Dh8OHw5XCtMOPwrHDrj9eMDAwMDAw,,RGlzZnJheiBkZSBnb3JybyBkZSBjaG9jb2xhdGUgY29uIG1lbnRh
78aNBA,,Q29zdHVtZSBCbGFjayBIYW5kIG9mIERlc3Rpbnk=,,,,,XkZGMDAwMCAgIMKhw5ggw4HDlsOAw4fCu8Onw4fDlyDCocOYXjAwMDAwMApeRkYwMDAww4fDmMK0w6cgw4DDm8K+w7fDgMK6IMK9w4fDhsOQw4fDkiDDiMKuwrfDvMOAw4wgw4DDlsK9w4DCtMOPwrTDmS5eMDAwMDAwCl5GRjAwMDDCtsOHIMOAw6XCusOxIMK7w7PCtMOcLCDDgcOfwrTDnMOAw4cgwrTDicK3w4LDhMKhwrTDgiDCusK4w4jCo8K1w4fDgcO2wrjCuCDDgMOlwrrDscOAw4cgw4fDj8K0w5zCv8KhIMODw5/CsMKhIMK0w4nCt8OCw4TCocKwwqEgw4DDlsK0w4IgwrDDpsK/w6wsIMODw4rCscOiw4jCrSDDh8OPwrDDrSBGTEVFKzHDgMK7IMK6w47Cv8Kpw4fDlcK0w4/CtMOZLl4wMDAwMDAKXkZGMDAwMMOAw47Dg8Kmw4bCrsOHw5Igw4DDpcK6w7HCv8ONIMK0w4nCt8OCw4TCocKwwqEgw4jCrsK9w4fDh8OVwrTDj8Kxw64/XjAwMDAwMA==,,VHJhamUgTWFubyBOZWdyYSBkZWwgRGVzdGlubw==
8MaNBA,,Q29zdHVtZSBTdGluZyBIYXQ=,,,,,XkZGMDAwMCAgIMKhw5ggw4HDlsOAw4fCu8Onw4fDlyDCocOYXjAwMDAwMApeRkYwMDAww4fDmMK0w6cgw4DDm8K+w7fDgMK6IMK9w4fDhsOQw4fDkiDDiMKuwrfDvMOAw4wgw4DDlsK9w4DCtMOPwrTDmS5eMDAwMDAwCl5GRjAwMDDCtsOHIMOAw6XCusOxIMK7w7PCtMOcLCDDgcOfwrTDnMOAw4cgwrTDicK3w4LDhMKhwrTDgiDCusK4w4jCo8K1w4fDgcO2wrjCuCDDgMOlwrrDscOAw4cgw4fDj8K0w5zCv8KhIMODw5/CsMKhIMK0w4nCt8OCw4TCocKwwqEgw4DDlsK0w4IgwrDDpsK/w6wsIMODw4rCscOiw4jCrSDDh8OPwrDDrSBTUCArMTDDgMK7IMK6w47Cv8Kpw4fDlcK0w4/CtMOZLl4wMDAwMDAKXkZGMDAwMMOAw47Dg8Kmw4bCrsOHw5Igw4DDpcK6w7HCv8ONIMK0w4nCt8OCw4TCocKwwqEgw4jCrsK9w4fDh8OVwrTDj8Kxw64/XjAwMDAwMA==,,R29ycm8gZGUgZGlzZnJheiBkZSBhZ3VpasOzbg==
8caNBA,,Q29zdHVtZSBTbm93IEZsb3dlcg==,,,,,XkZGMDAwMCAgIMKhw5ggw4HDlsOAw4fCu8Onw4fDlyDCocOYXjAwMDAwMApeRkYwMDAww4fDmMK0w6cgw4DDm8K+w7fDgMK6IMK9w4fDhsOQw4fDkiDDiMKuwrfDvMOAw4wgw4DDlsK9w4DCtMOPwrTDmS5eMDAwMDAwCl5GRjAwMDDCtsOHIMOAw6XCusOxw4DDhyDDg8OfwrDCoSDCtMOJwrfDgsOEwqHCsMKhIMOAw5bCtMOCIMKww6bCv8OsLCDDgMOlwrrDscK4wqYgw4PDisKxw6LDiMKtIMOHw4/CsMOtIMOAw7vDgMK7IMOBw5fDgMOMwrjDqSBTUMK4wqYgMcK+wr8gw4jCuMK6wrnDgMK7IMK6w47Cv8Kpw4fDlcK0w4/CtMOZLl4wMDAwMDAKXkZGMDAwMMOAw47Dg8Kmw4bCrsOHw5Igw4DDpcK6w7HCv8ONIMK0w4nCt8OCw4TCocKwwqEgw4jCrsK9w4fDh8OVwrTDj8Kxw64/XjAwMDAwMA==,,RGlzZnJheiBGbG9yIGRlIG5pZXZl
8saNBA,,Q29zdHVtZSBCbHVlIFJpYmJvbiBIZWFkYmFuZA==,,,,,XkZGMDAwMCAgIMKhw5ggw4HDlsOAw4fCu8Onw4fDlyDCocOYXjAwMDAwMApeRkYwMDAww4fDmMK0w6cgw4DDm8K+w7fDgMK6IMK9w4fDhsOQw4fDkiDDiMKuwrfDvMOAw4wgw4DDlsK9w4DCtMOPwrTDmS5eMDAwMDAwCl5GRjAwMDDCtsOHIMOAw6XCusOxw4DDhyDDg8OfwrDCoSDCtMOJwrfDgsOEwqHCsMKhIMOAw5bCtMOCIMKww6bCv8OsLCDDgMOlwrrDscK4wqYgw4PDisKxw6LDiMKtIMOHw4/CsMOtIE1heEhQICsgMSUgw4HDtcKwwqHCuMKmIMK6w47Cv8Kpw4fDlcK0w4/CtMOZLl4wMDAwMDAKXkZGMDAwMMOAw47Dg8Kmw4bCrsOHw5Igw4DDpcK6w7HCv8ONIMK0w4nCt8OCw4TCocKwwqEgw4jCrsK9w4fDh8OVwrTDj8Kxw64/XjAwMDAwMA==,,Q2ludGEgZGUgbGF6byBhenVsIHBhcmEgZGlzZnJhY2Vz
88aNBA,,Q29zdHVtZSBEdW5leXJyIEhlbG0=,,,,,XkZGMDAwMCAgIMKhw5ggw4HDlsOAw4fCu8Onw4fDlyDCocOYXjAwMDAwMApeRkYwMDAww4fDmMK0w6cgw4DDm8K+w7fDgMK6IMK9w4fDhsOQw4fDkiDDiMKuwrfDvMOAw4wgw4DDlsK9w4DCtMOPwrTDmS5eMDAwMDAwCl5GRjAwMDDCtsOHIMOAw6XCusOxw4DDhyDDg8OfwrDCoSDCtMOJwrfDgsOEwqHCsMKhIMOAw5bCtMOCIMKww6bCv8OsLCDDgMOlwrrDscK4wqYgw4PDisKxw6LDiMKtIMOHw4/CsMOtIExVSyAzw4DCuyBWSVQgM8OAwrjCt8OOIMK6wq/CsMOmw4fDlcK0w4/CtMOZLl4wMDAwMDAKXkZGMDAwMMOAw47Dg8Kmw4bCrsOHw5Igw4DDpcK6w7HCv8ONIMK0w4nCt8OCw4TCocKwwqEgw4jCrsK9w4fDh8OVwrTDj8Kxw64/XjAwMDAwMA==,,VHJhamUgRHVuZXlyciBIZWxt
9MaNBA,,Q29zdHVtZSBFbGRlciBEZXZpbCBIb3Ju,,,,,XkZGMDAwMCAgIMKhw5ggw4HDlsOAw4fCu8Onw4fDlyDCocOYXjAwMDAwMApeRkYwMDAww4fDmMK0w6cgw4DDm8K+w7fDgMK6IMK9w4fDhsOQw4fDkiDDiMKuwrfDvMOAw4wgw4DDlsK9w4DCtMOPwrTDmS5eMDAwMDAwCl5GRjAwMDDCtsOHIMOAw6XCusOxw4DDhyDDg8OfwrDCoSDCtMOJwrfDgsOEwqHCsMKhIMOAw5bCtMOCIMKww6bCv8OsLCDDgMOlwrrDscK4wqYgw4PDisKxw6LDiMKtIMOHw4/CsMOtIFNUUiAzw4DCuyBBR0kgM8OAwrjCt8OOIMK6wq/CsMOmw4fDlcK0w4/CtMOZLl4wMDAwMDAKXkZGMDAwMMOAw47Dg8Kmw4bCrsOHw5Igw4DDpcK6w7HCv8ONIMK0w4nCt8OCw4TCocKwwqEgw4jCrsK9w4fDh8OVwrTDj8Kxw64/XjAwMDAwMA==,,RGlzZnJheiBkZSBBbmNpYW5vIEN1ZXJubyBkZSBEaWFibG8=
9caNBA,,Q29zdHVtZSBHcmVlbiBSaWJib24gSGVhZGJhbmQ=,,,,,XkZGMDAwMCAgIMKhw5ggw4HDlsOAw4fCu8Onw4fDlyDCocOYXjAwMDAwMApeRkYwMDAww4fDmMK0w6cgw4DDm8K+w7fDgMK6IMK9w4fDhsOQw4fDkiDDiMKuwrfDvMOAw4wgw4DDlsK9w4DCtMOPwrTDmS5eMDAwMDAwCl5GRjAwMDDCtsOHIMOAw6XCusOxw4DDhyDDg8OfwrDCoSDCtMOJwrfDgsOEwqHCsMKhIMOAw5bCtMOCIMKww6bCv8OsLCDDgMOlwrrDscK4wqYgw4PDisKxw6LDiMKtIMOHw4/CsMOtIEFHSSAzw4DCuyBERVggM8OAwrjCt8OOIMK6wq/CsMOmw4fDlcK0w4/CtMOZLl4wMDAwMDAKXkZGMDAwMMOAw47Dg8Kmw4bCrsOHw5Igw4DDpcK6w7HCv8ONIMK0w4nCt8OCw4TCocKwwqEgw4jCrsK9w4fDh8OVwrTDj8Kxw64/XjAwMDAwMA==,,RGlzZnJheiBDaW50YSB2ZXJkZSBwYXJhIGxhIGNhYmV6YQ==
9saNBA,,Q29zdHVtZSBIZWxtIG9mIERyYWdvb24=,,,,,XkZGMDAwMCAgIMKhw5ggw4HDlsOAw4fCu8Onw4fDlyDCocOYXjAwMDAwMApeRkYwMDAww4fDmMK0w6cgw4DDm8K+w7fDgMK6IMK9w4fDhsOQw4fDkiDDiMKuwrfDvMOAw4wgw4DDlsK9w4DCtMOPwrTDmS5eMDAwMDAwCl5GRjAwMDDCtsOHIMOAw6XCusOxw4DDhyDDg8OfwrDCoSDCtMOJwrfDgsOEwqHCsMKhIMOAw5bCtMOCIMKww6bCv8OsLCDDgMOlwrrDscK4wqYgw4PDisKxw6LDiMKtIMOHw4/CsMOtIElOVCAzw4DCuyBMVUsgM8OAwrjCt8OOIMK6wq/CsMOmw4fDlcK0w4/CtMOZLl4wMDAwMDAKXkZGMDAwMMOAw47Dg8Kmw4bCrsOHw5Igw4DDpcK6w7HCv8ONIMK0w4nCt8OCw4TCocKwwqEgw4jCrsK9w4fDh8OVwrTDj8Kxw64/XjAwMDAwMA==,,VHJhamUgWWVsbW8gZGUgRHJhZ29vbg==
98aNBA,,Q29zdHVtZSBKYWNrIGJlIERhbmR5,,,,,XkZGMDAwMCAgIMKhw5ggw4HDlsOAw4fCu8Onw4fDlyDCocOYXjAwMDAwMApeRkYwMDAww4fDmMK0w6cgw4DDm8K+w7fDgMK6IMK9w4fDhsOQw4fDkiDDiMKuwrfDvMOAw4wgw4DDlsK9w4DCtMOPwrTDmS5eMDAwMDAwCl5GRjAwMDDCtsOHIMOAw6XCusOxw4DDhyDDg8OfwrDCoSDCtMOJwrfDgsOEwqHCsMKhIMOAw5bCtMOCIMKww6bCv8OsLCDDgMOlwrrDscK4wqYgw4PDisKxw6LDiMKtIMOHw4/CsMOtIERFWCAzw4DCuyBTVFIgM8OAwrjCt8OOIMK6wq/CsMOmw4fDlcK0w4/CtMOZLl4wMDAwMDAKXkZGMDAwMMOAw47Dg8Kmw4bCrsOHw5Igw4DDpcK6w7HCv8ONIMK0w4nCt8OCw4TCocKwwqEgw4jCrsK9w4fDh8OVwrTDj8Kxw64/XjAwMDAwMA==,,RGlzZnJheiBKYWNrIGJlIERhbmR5
+MaNBA,,Q29zdHVtZSBMam9zYWxmYXI=,,,,,XkZGMDAwMCAgIMKhw5ggw4HDlsOAw4fCu8Onw4fDlyDCocOYXjAwMDAwMApeRkYwMDAww4fDmMK0w6cgw4DDm8K+w7fDgMK6IMK9w4fDhsOQw4fDkiDDiMKuwrfDvMOAw4wgw4DDlsK9w4DCtMOPwrTDmS5eMDAwMDAwCl5GRjAwMDDCtsOHIMOAw6XCusOxw4DDhyDDg8OfwrDCoSDCtMOJwrfDgsOEwqHCsMKhIMOAw5bCtMOCIMKww6bCv8OsLCDDgMOlwrrDscK4wqYgw4PDisKxw6LDiMKtIMOHw4/CsMOtIFZJVCAzw4DCuyBJTlQgM8OAwrjCt8OOIMK6wq/CsMOmw4fDlcK0w4/CtMOZLl4wMDAwMDAKXkZGMDAwMMOAw47Dg8Kmw4bCrsOHw5Igw4DDpcK6w7HCv8ONIMK0w4nCt8OCw4TCocKwwqEgw4jCrsK9w4fDh8OVwrTDj8Kxw64/XjAwMDAwMA==,,VmVzdHVhcmlvIExqb3NhbGZhcg==
+caNBA,,Q29zdHVtZSBSZWQgUmliYm9uIEhlYWRiYW5k,,,,,XkZGMDAwMCAgIMKhw5ggw4HDlsOAw4fCu8Onw4fDlyDCocOYXjAwMDAwMApeRkYwMDAww4fDmMK0w6cgw4DDm8K+w7fDgMK6IMK9w4fDhsOQw4fDkiDDiMKuwrfDvMOAw4wgw4DDlsK9w4DCtMOPwrTDmS5eMDAwMDAwCl5GRjAwMDDCtsOHIMOAw6XCusOxw4DDhyDDg8OfwrDCoSDCtMOJwrfDgsOEwqHCsMKhIMOAw5bCtMOCIMKww6bCv8OsLCDDgMOlwrrDscK4wqYgw4PDisKxw6LDiMKtIMOHw4/CsMOtIE1ERUYgKyA0wrjCpiDCusOOwr/CqcOHw5XCtMOPwrTDmS5eMDAwMDAwCl5GRjAwMDDDgMOOw4PCpsOGwq7Dh8OSIMOAw6XCusOxwr/DjSDCtMOJwrfDgsOEwqHCsMKhIMOIwq7CvcOHw4fDlcK0w4/CscOuP14wMDAwMDA=,,RGlhZGVtYSBjb24gbGF6byByb2pv
+saNBA,,Q29zdHVtZSBWYWxreXJpZSBIZWxt,,,,,XkZGMDAwMCAgIMKhw5ggw4HDlsOAw4fCu8Onw4fDlyDCocOYXjAwMDAwMApeRkYwMDAww4fDmMK0w6cgw4DDm8K+w7fDgMK6IMK9w4fDhsOQw4fDkiDDiMKuwrfDvMOAw4wgw4DDlsK9w4DCtMOPwrTDmS5eMDAwMDAwCl5GRjAwMDDCtsOHIMOAw6XCusOxw4DDhyDDg8OfwrDCoSDCtMOJwrfDgsOEwqHCsMKhIMOAw5bCtMOCIMKww6bCv8OsLCDDgMOlwrrDscK4wqYgw4PDisKxw6LDiMKtIMOHw4/CsMOtICfCuMOzwr3CusOFw43CuMKmIMOBw5fCv8K0w4DCuyDCvcODLCDDiMK5wrXDpiDCsMOmw4fDqMOEwqEgMiUgw4HDtcKwwqEnwrjCpiDCusOOwr/CqcOHw5XCtMOPwrTDmS5eMDAwMDAwCl5GRjAwMDDDgMOOw4PCpsOGwq7Dh8OSIMOAw6XCusOxwr/DjSDCtMOJwrfDgsOEwqHCsMKhIMOIwq7CvcOHw4fDlcK0w4/CscOuP14wMDAwMDA=,,VHJhamUgVmFscXVpcmlhIFllbG1v
+8aNBA,,Q29zdHVtZSBXaGl0ZSBSaWJib24gSGVhZGJhbmQ=,,,,,W8K+w4bCusKjwrjCoyDCtcOlIMK1wrXCvcKsXQrCvsOuwrjDk34gw4DDh8K7w7MgXjAwMDBDRHt9XjAwMDAwMCEhISDCs8OKfn7CucKrIMOAw58gwr7DrsK/w6/CuMKuwr3DhcK0w5khCsKxw5fCt8KzIMK+w67CtsKyIMK9wrrDhcOmw4DCuMK3w44gw4fDj8K9w4fCt8Khwr/DpD8=,,RGlhZGVtYSBkZSBsYXpvIGJsYW5jbw==
/MaNBA,,Q29zdHVtZSBDeWJlciBDYXQgRWFyIEhlYWRwaG9uZXMgKFJlZCk=,,,,,XkZGMDAwMCAgIMKhw5ggw4HDlsOAw4fCu8Onw4fDlyDCocOYXjAwMDAwMApeRkYwMDAww4fDmMK0w6cgw4DDm8K+w7fDgMK6IMK9w4fDhsOQw4fDkiDDiMKuwrfDvMOAw4wgw4DDlsK9w4DCtMOPwrTDmS5eMDAwMDAwCl5GRjAwMDDCtsOHIMOAw6XCusOxw4DDhyDDg8OfwrDCoSDCtMOJwrfDgsOEwqHCsMKhIMOAw5bCtMOCIMKww6bCv8OsLCDDgMOlwrrDscK4wqYgw4PDisKxw6LDiMKtIMOHw4/CsMOtIEFUSysxJcOAwrsgwrrDjsK/wqnDh8OVwrTDj8K0w5kuXjAwMDAwMApeRkYwMDAww4DDjsODwqbDhsKuw4fDkiDDgMOlwrrDscK/w40gwrTDicK3w4LDhMKhwrDCoSDDiMKuwr3Dh8OHw5XCtMOPwrHDrj9eMDAwMDAw,,RGlzZnJheiBDeWJlciBDYXQgRWFyIEF1cmljdWxhcmVzIChSb2pvKQ==
/caNBA,,Q29zdHVtZSBSYWluYm93,,,,,XkZGMDAwMCAgIMKhw5ggw4HDlsOAw4fCu8Onw4fDlyDCocOYXjAwMDAwMApeRkYwMDAww4fDmMK0w6cgw4DDm8K+w7fDgMK6IMK9w4fDhsOQw4fDkiDDiMKuwrfDvMOAw4wgw4DDlsK9w4DCtMOPwrTDmS5eMDAwMDAwCl5GRjAwMDDCtsOHIMOAw6XCusOxw4DDhyDDg8OfwrDCoSDCtMOJwrfDgsOEwqHCsMKhIMOAw5bCtMOCIMKww6bCv8OsLCDDgMOlwrrDscK4wqYgw4PDisKxw6LDiMKtIMOHw4/CsMOtIE1BVEsrMSXDgMK7IMK6w47Cv8Kpw4fDlcK0w4/CtMOZLl4wMDAwMDAKXkZGMDAwMMOAw47Dg8Kmw4bCrsOHw5Igw4DDpcK6w7HCv8ONIMK0w4nCt8OCw4TCocKwwqEgw4jCrsK9w4fDh8OVwrTDj8Kxw64/XjAwMDAwMA==,,RGlzZnJhY2VzIEFyY28gSXJpcw==
/saNBA,,Q29zdHVtZSAxMHRoIEFubml2ZXJzYXJ5IFBvcmluZyBIYXQ=,,,,,XkZGMDAwMCAgIMKhw5ggw4HDlsOAw4fCu8Onw4fDlyDCocOYXjAwMDAwMApeRkYwMDAww4fDmMK0w6cgw4DDm8K+w7fDgMK6IMK9w4fDhsOQw4fDkiDDiMKuwrfDvMOAw4wgw4DDlsK9w4DCtMOPwrTDmS5eMDAwMDAwCl5GRjAwMDDCtsOHIMOAw6XCusOxw4DDhyDDg8OfwrDCoSDCtMOJwrfDgsOEwqHCsMKhIMOAw5bCtMOCIMKww6bCv8OsLCDDgMOlwrrDscK4wqYgw4PDisKxw6LDiMKtIMOHw4/CsMOtIEhQICs1MMOAwrsgwrrDjsK/wqnDh8OVwrTDj8K0w5kuXjAwMDAwMApeRkYwMDAww4DDjsODwqbDhsKuw4fDkiDDgMOlwrrDscK/w40gwrTDicK3w4LDhMKhwrDCoSDDiMKuwr3Dh8OHw5XCtMOPwrHDrj9eMDAwMDAw,,R29ycm8gUG9yaW5nIGRlbCAxMMK6IGFuaXZlcnNhcmlvIGRlIENvc3R1bWU=
/8aNBA,,Q29zdHVtZSBLaW5nIFBvcmluZyBIYXQ=,,,,,XkZGMDAwMCAgIMKhw5ggw4HDlsOAw4fCu8Onw4fDlyDCocOYXjAwMDAwMApeRkYwMDAww4fDmMK0w6cgw4DDm8K+w7fDgMK6IMK9w4fDhsOQw4fDkiDDiMKuwrfDvMOAw4wgw4DDlsK9w4DCtMOPwrTDmS5eMDAwMDAwCl5GRjAwMDDCtsOHIMOAw6XCusOxIMK7w7PCtMOcw4DDhyDCtMOJwrfDgsOEwqHCtMOCIMK6wrjDiMKjwrXDh8OBw7bCuMK4IMOAw6XCusOxw4DDhyDDgcOfwrTDnMK/wqEgw4PDn8KwwqEgwrTDicK3w4LDhMKhwrDCoSDDgMOWwrTDgiDCsMOmwr/DrCwgw4PDisKxw6LDiMKtIMOHw4/CsMOtIExVSzPDgMK7IFNUUsK3w44gwrrCr8Kww6bDh8OVwrTDj8K0w5kuXjAwMDAwMApeRkYwMDAww4DDjsODwqbDhsKuw4fDkiDDgMOlwrrDscK/w40gwrTDicK3w4LDhMKhwrDCoSDDiMKuwr3Dh8OHw5XCtMOPwrHDrj9eMDAwMDAw,,R29ycm8gUG9yaW5nIENvc3R1bWUgS2luZw==
AMeNBA,,Q29zdHVtZSBFdmlsIERydWlkIEhhdA==,,,,,XkZGMDAwMCAgIMKhw5ggw4HDlsOAw4fCu8Onw4fDlyDCocOYXjAwMDAwMApeRkYwMDAww4fDmMK0w6cgw4DDm8K+w7fDgMK6IMK9w4fDhsOQw4fDkiDDiMKuwrfDvMOAw4wgw4DDlsK9w4DCtMOPwrTDmS5eMDAwMDAwCl5GRjAwMDDCtsOHIMOAw6XCusOxIMK7w7PCtMOcw4DDhyDCtMOJwrfDgsOEwqHCtMOCIMK6wrjDiMKjwrXDh8OBw7bCuMK4IMOAw6XCusOxw4DDhyDDgcOfwrTDnMK/wqEgw4PDn8KwwqEgwrTDicK3w4LDhMKhwrDCoSDDgMOWwrTDgiDCsMOmwr/DrCwgw4PDisKxw6LDiMKtIMOHw4/CsMOtIFNUUjPDgMK7IElOVMK3w44gwrrCr8Kww6bDh8OVwrTDj8K0w5kuXjAwMDAwMApeRkYwMDAww4DDjsODwqbDhsKuw4fDkiDDgMOlwrrDscK/w40gwrTDicK3w4LDhMKhwrDCoSDDiMKuwr3Dh8OHw5XCtMOPwrHDrj9eMDAwMDAw,,RGlzZnJheiBkZSBEcnVpZGEgTWFsdmFkbyBTb21icmVybw==
AceNBA,,Q29zdHVtZSBBbWlzdHIgQ2Fw,,,,,XkZGMDAwMCAgIMKhw5ggw4HDlsOAw4fCu8Onw4fDlyDCocOYXjAwMDAwMApeRkYwMDAww4fDmMK0w6cgw4DDm8K+w7fDgMK6IMK9w4fDhsOQw4fDkiDDiMKuwrfDvMOAw4wgw4DDlsK9w4DCtMOPwrTDmS5eMDAwMDAwCl5GRjAwMDDCtsOHIMOAw6XCusOxIMOHw4/CtMOcw4DDhyDCtMOJwrfDgsOEwqHCtMOCIMK6wrjDiMKjwrXDh8OBw7bCuMK4IMOAw6XCusOxw4DDhyDDgcOfwrTDnMK/wqEgw4PDn8KwwqEgwrTDicK3w4LDhMKhwrDCoSDDgMOWwrTDgiDCsMOmwr/DrCwgw4PDisKxw6LDiMKtIMOHw4/CsMOtIEFUSysxJcOAwrsgwrrDjsK/wqnDh8OVwrTDj8K0w5kuXjAwMDAwMApeRkYwMDAww4DDjsODwqbDhsKuw4fDkiDDgMOlwrrDscK/w40gwrTDicK3w4LDhMKhwrDCoSDDiMKuwr3Dh8OHw5XCtMOPwrHDrj9eMDAwMDAw,,RGlzZnJheiBBbWlzdHIgQ2Fw
AseNBA,,Q29zdHVtZSBDYXQgU2FudGEgSGF0,,,,,XkZGMDAwMCAgIMKhw5ggw4HDlsOAw4fCu8Onw4fDlyDCocOYXjAwMDAwMApeRkYwMDAww4fDmMK0w6cgw4DDm8K+w7fDgMK6IMK9w4fDhsOQw4fDkiDDiMKuwrfDvMOAw4wgw4DDlsK9w4DCtMOPwrTDmS5eMDAwMDAwCl5GRjAwMDDCtsOHIMOAw6XCusOxIMOHw4/CtMOcw4DDhyDCtMOJwrfDgsOEwqHCtMOCIMK6wrjDiMKjwrXDh8OBw7bCuMK4IMOAw6XCusOxw4DDhyDDgcOfwrTDnMK/wqEgw4PDn8KwwqEgwrTDicK3w4LDhMKhwrDCoSDDgMOWwrTDgiDCsMOmwr/DrCwgw4PDisKxw6LDiMKtIMOHw4/CsMOtIE1BVEsrMSXDgMK7IMK6w47Cv8Kpw4fDlcK0w4/CtMOZLl4wMDAwMDAKXkZGMDAwMMOAw47Dg8Kmw4bCrsOHw5Igw4DDpcK6w7HCv8ONIMK0w4nCt8OCw4TCocKwwqEgw4jCrsK9w4fDh8OVwrTDj8Kxw64/XjAwMDAwMA==,,R29ycm8gZGUgUGFww6EgTm9lbA==
A8eNBA,,Q29zdHVtZSBHb2xkZW4gU2F2YWdlIEhhdA==,,,,,XkZGMDAwMCAgIMKhw5ggw4HDlsOAw4fCu8Onw4fDlyDCocOYXjAwMDAwMApeRkYwMDAww4fDmMK0w6cgw4DDm8K+w7fDgMK6IMK9w4fDhsOQw4fDkiDDiMKuwrfDvMOAw4wgw4DDlsK9w4DCtMOPwrTDmS5eMDAwMDAwCl5GRjAwMDDCtsOHIMOAw6XCusOxIMOBw5/CtMOcw4DDhyDCtMOJwrfDgsOEwqHCtMOCIMK6wrjDiMKjwrXDh8OBw7bCuMK4IMOAw6XCusOxw4DDhyDDh8OPwrTDnMK/wqEgw4PDn8KwwqEgwrTDicK3w4LDhMKhwrDCoSDDgMOWwrTDgiDCsMOmwr/DrCwgw4PDisKxw6LDiMKtIMOHw4/CsMOtIEhJVCsxw4DCuyDCusOOwr/CqcOHw5XCtMOPwrTDmS5eMDAwMDAwCl5GRjAwMDDDgMOOw4PCpsOGwq7Dh8OSIMOAw6XCusOxwr/DjSDCtMOJwrfDgsOEwqHCsMKhIMOIwq7CvcOHw4fDlcK0w4/CscOuP14wMDAwMDA=,,R29ycm8gR29sZGVuIFNhdmFnZQ==
BMeNBA,,Q29zdHVtZSBCZWVsemVidWIncyBDcm93bg==,,,,,XkZGMDAwMCAgIMKhw5ggw4HDlsOAw4fCu8Onw4fDlyDCocOYXjAwMDAwMApeRkYwMDAww4fDmMK0w6cgw4DDm8K+w7fDgMK6IMK9w4fDhsOQw4fDkiDDiMKuwrfDvMOAw4wgw4DDlsK9w4DCtMOPwrTDmS5eMDAwMDAwCl5GRjAwMDDCtsOHIMOAw6XCusOxIMOBw5/CtMOcw4DDhyDCtMOJwrfDgsOEwqHCtMOCIMK6wrjDiMKjwrXDh8OBw7bCuMK4IMOAw6XCusOxw4DDhyDDh8OPwrTDnMK/wqEgw4PDn8KwwqEgwrTDicK3w4LDhMKhwrDCoSDDgMOWwrTDgiDCsMOmwr/DrCwgw4PDisKxw6LDiMKtIMOHw4/CsMOtIEZMRUUrMcOAwrsgwrrDjsK/wqnDh8OVwrTDj8K0w5kuXjAwMDAwMApeRkYwMDAww4DDjsODwqbDhsKuw4fDkiDDgMOlwrrDscK/w40gwrTDicK3w4LDhMKhwrDCoSDDiMKuwr3Dh8OHw5XCtMOPwrHDrj9eMDAwMDAw,,RGlzZnJheiBDb3JvbmEgZGUgQmVsY2Viw7o=
BceNBA,,Q29zdHVtZSBGbGFwcGluZyBBbmdlbGluZw==,,,,,XkZGMDAwMCAgIMKhw5ggw4HDlsOAw4fCu8Onw4fDlyDCocOYXjAwMDAwMApeRkYwMDAww4fDmMK0w6cgw4DDm8K+w7fDgMK6IMK9w4fDhsOQw4fDkiDDiMKuwrfDvMOAw4wgw4DDlsK9w4DCtMOPwrTDmS5eMDAwMDAwCl5GRjAwMDDCtsOHIMOAw6XCusOxIMOBw5/CtMOcw4DDhyDCtMOJwrfDgsOEwqHCtMOCIMK6wrjDiMKjwrXDh8OBw7bCuMK4IMOAw6XCusOxw4DDhyDDh8OPwrTDnMK/wqEgw4PDn8KwwqEgwrTDicK3w4LDhMKhwrDCoSDDgMOWwrTDgiDCsMOmwr/DrCwgw4PDisKxw6LDiMKtIMOHw4/CsMOtIFNQICsxMMOAwrsgwrrDjsK/wqnDh8OVwrTDj8K0w5kuXjAwMDAwMApeRkYwMDAww4DDjsODwqbDhsKuw4fDkiDDgMOlwrrDscK/w40gwrTDicK3w4LDhMKhwrDCoSDDiMKuwr3Dh8OHw5XCtMOPwrHDrj9eMDAwMDAw,,RGlzZnJheiBGbGFwcGluZyBBbmdlbGluZw==
BseNBA,,Q29zdHVtZSBDaHJpc3RtYXMgV3JlYXRo,,,,,XkZGMDAwMCAgIMKhw5ggw4HDlsOAw4fCu8Onw4fDlyDCocOYXjAwMDAwMApeRkYwMDAww4fDmMK0w6cgw4DDm8K+w7fDgMK6IMK9w4fDhsOQw4fDkiDDiMKuwrfDvMOAw4wgw4DDlsK9w4DCtMOPwrTDmS5eMDAwMDAwCl5GRjAwMDDCtsOHIMOAw6XCusOxw4DDhyDDg8OfwrDCoSDCtMOJwrfDgsOEwqHCsMKhIMOAw5bCtMOCIMKww6bCv8OsLCDDgMOlwrrDscK4wqYgw4PDisKxw6LDiMKtIMOHw4/CsMOtICdNQVRLICsgMSUgw4HDtcKwwqEnwrjCpiDCusOOwr/CqcOHw5XCtMOPwrTDmV4wMDAwMDAKXkZGMDAwMMOAw47Dg8Kmw4bCrsOHw5Igw4DDpcK6w7HCv8ONIMK0w4nCt8OCw4TCocKwwqEgw4jCrsK9w4fDh8OVwrTDj8Kxw64/XjAwMDAwMA==,,Q29yb25hIG5hdmlkZcOxYSBkZSBkaXNmcmFjZXM=
B8eNBA,,V2hpdGUgUGhvZW5peCBIYWly,,,,,W8K+w4bCusKjwrjCoyDCtcOlIMK1wrXCvcKsXQrCvsOuwrjDk34gw4DDh8K7w7MgXjAwMDBDRHt9XjAwMDAwMCEhISDCs8OKfn7CucKrIMOAw58gwr7DrsK/w6/CuMKuwr3DhcK0w5khCsKxw5fCt8KzIMK+w67CtsKyIMK9wrrDhcOmw4DCuMK3w44gw4fDj8K9w4fCt8Khwr/DpD8=,,V2hpdGUgUGhvZW5peCBIYWly
CMeNBA,,Q29zdHVtZSBXaWxsIE8gV2lzcA==,,,,,XkZGMDAwMCAgIMKhw5ggw4HDlsOAw4fCu8Onw4fDlyDCocOYXjAwMDAwMApeRkYwMDAww4fDmMK0w6cgw4DDm8K+w7fDgMK6IMK9w4fDhsOQw4fDkiDDiMKuwrfDvMOAw4wgw4DDlsK9w4DCtMOPwrTDmS5eMDAwMDAwCl5GRjAwMDDCtsOHIMOAw6XCusOxw4DDhyDDg8OfwrDCoSDCtMOJwrfDgsOEwqHCsMKhIMOAw5bCtMOCIMKww6bCv8OsLCDDgMOlwrrDscK4wqYgw4PDisKxw6LDiMKtIMOHw4/CsMOtIEhJVCsxw4DCuyDCusOOwr/CqcOHw5XCtMOPwrTDmS5eMDAwMDAwCl5GRjAwMDDDgMOOw4PCpsOGwq7Dh8OSIMOAw6XCusOxwr/DjSDCtMOJwrfDgsOEwqHCsMKhIMOIwq7CvcOHw4fDlcK0w4/CscOuP14wMDAwMDA=,,RGlzZnJheiBXaWxsIE8gV2lzcA==
CceNBA,,Q29zdHVtZSBTcGlyaXQgT2YgQ2h1bmcgRQ==,,,,,XkZGMDAwMCAgIMKhw5ggw4HDlsOAw4fCu8Onw4fDlyDCocOYXjAwMDAwMApeRkYwMDAww4fDmMK0w6cgw4DDm8K+w7fDgMK6IMK9w4fDhsOQw4fDkiDDiMKuwrfDvMOAw4wgw4DDlsK9w4DCtMOPwrTDmS5eMDAwMDAwCl5GRjAwMDDCtsOHIMOAw6XCusOxw4DDhyDDg8OfwrDCoSDCtMOJwrfDgsOEwqHCsMKhIMOAw5bCtMOCIMKww6bCv8OsLCDDgMOlwrrDscK4wqYgw4PDisKxw6LDiMKtIMOHw4/CsMOtIEZMRUUrMcOAwrsgwrrDjsK/wqnDh8OVwrTDj8K0w5kuXjAwMDAwMApeRkYwMDAww4DDjsODwqbDhsKuw4fDkiDDgMOlwrrDscK/w40gwrTDicK3w4LDhMKhwrDCoSDDiMKuwr3Dh8OHw5XCtMOPwrHDrj9eMDAwMDAw,,VHJhamUgU3Bpcml0IE9mIENodW5nIEU=
CseNBA,,Q29zdHVtZSBUYXJuaXNoZWQgTGFtcA==,,,,,XkZGMDAwMCAgIMKhw5ggw4HDlsOAw4fCu8Onw4fDlyDCocOYXjAwMDAwMApeRkYwMDAww4fDmMK0w6cgw4DDm8K+w7fDgMK6IMK9w4fDhsOQw4fDkiDDiMKuwrfDvMOAw4wgw4DDlsK9w4DCtMOPwrTDmS5eMDAwMDAwCl5GRjAwMDDCtsOHIMOAw6XCusOxw4DDhyDDg8OfwrDCoSDCtMOJwrfDgsOEwqHCsMKhIMOAw5bCtMOCIMKww6bCv8OsLCDDgMOlwrrDscK4wqYgw4PDisKxw6LDiMKtIMOHw4/CsMOtIFNQICsxMMOAwrsgwrrDjsK/wqnDh8OVwrTDj8K0w5kuXjAwMDAwMApeRkYwMDAww4DDjsODwqbDhsKuw4fDkiDDgMOlwrrDscK/w40gwrTDicK3w4LDhMKhwrDCoSDDiMKuwr3Dh8OHw5XCtMOPwrHDrj9eMDAwMDAw,,TMOhbXBhcmEgQ29zdHVtZSBUYXJuaXNoZWQ=
C8eNBA,,Q29zdHVtZSBHZW1tYSBIYWlyYmFuZA==,,,,,W8K+w4bCusKjwrjCoyDCtcOlIMK1wrXCvcKsXQrDiMOlw4DCvT8gwrnCusKwwqEgw4DDjMK7w7PDh8OPwrPDl8K/w6Q/,,Q2ludGEgcGFyYSBlbCBjYWJlbGxvIGRlIEdlbW1hIGRlY29yYXRpdmE=
DMeNBA,,Q29zdHVtZSBTbW9raWUgS25pdCBDYXA=,,,,,wrfCucOAw4zCvcK6IMK2w7Mgw4DDmsK1w6U=,,RGlzZnJheiBkZSBTbW9raWUgR29ycm8gZGUgcHVudG8=
DceNBA,,Q29zdHVtZSBWYWxreXJpZSBGZWF0aGVyIEJhbmQ=,,,,,W8K3wrnDgMOMwr3CuiDCtsOzIMOAw5rCtcOlXQrCvsOuwrzCrcK/w4DCvMK8wr/DpCEgw4bDkMK8w4fCvcK6w4XDpsOAw5TCtMOPwrTDmSEhCsOHw6PDgMO8w4fDkSDCvsOuwrHDusK4wqYgwr7DhsK4wqfCtMOkwrDDrSDCucOawrfDgsKzw5HDhMKhwrTDgiAnw4bDhMK/w7bCvMOxwrTDtSfCt8OOIMK5w5nCssOjwrXDpcK4wq7CtMOCIMK3wrnDgMOMwr3CuiDCtsOzIMOAw5rCtcOlw4DDlMK0w4/CtMOZLg==,,Q2ludGEgcGFyYSBlbCBjYWJlbGxvIGNvbiBwbHVtYSBkZSBWYWxraXJpYSBkZWNvcmF0aXZh
DseNBA,,Q29zdHVtZSBHZW1tZWQgU2FsbGV0,,,,,W8K3wrnDgMOMwr3CuiDCtsOzIMOAw5rCtcOlXQpeRkYwMDAww4DDh8K7w7MgwrDDicOEwqXCsMONXjAwMDAwMMKww7ogXkZGMDAwMMKww4nDhMKlwrDDjcK/w6sgwr3CusOFw6ZeMDAwMDAww4DCuyDCsMKhw4HDtsKww63Cv8OAwr3Dg8K4w6nCuMOaw4HDtsKww5Qgwr7Dt8Kxw5fCt8K5w4DDjMK1w6Ugw4fDmMK1w6XCt8OBwr/DpCEKw4HCpiDCvMO2wrzDtsOHw5EgwrjDtsOAwrsgwrrCuMK/w4/Dh8OYw4HDmSDCucOmwrnDvcOAwrsgw4PCo8K0w5nCsMKhIMK5w5/CsMOfw4fDkSDCucOmwrnDvcOAw4zDgcOSIQ==,,Q2VsYWRhIGNvbiBnZW1hcyBkZWNvcmF0aXZh
D8eNBA,,Q29zdHVtZSBZZWxsb3cgSGF0,,,,,W8K3wrnDgMOMwr3CuiDCtsOzIMOAw5rCtcOlXQrDiMOELi4uIMKxw5fCt8K4wrDDlCDDiMO7wrDDnMK/w7bCusK4w4DDjMK0w4Igwr7DrsKxw7rCv8KhIMOAw6XCvcOEwrDCocOBw7Ygw4fDj8K0w4LCsMOHIMOBwrsuLi4hCsKxw5fCsMOHIMOAw6XCvcOEw4DDjCDCvsOGwrTDj8Kww60gw4HDvMOAw4zCtsOzwrHCuMK/w6Qh,,RGlzZnJheiBTb21icmVybyBBbWFyaWxsbw==
EMeNBA,,Q29zdHVtZSBTaW5naW5nIEJpcmQ=,,,,,W8K3wrnDgMOMwr3CuiDCtsOzIMOAw5rCtcOlXQrCsMOJw4TCpcKww43DgMK7IMK+w67CscO6wr/CoSDCsMOhw4PDhMK6wrjCvMK8wr/DpC4KwrDCocOBw7bCsMOtwrjCuCDDgMOWwr7DrsK8wq3CtMOCIMK+w67Cv8OvwrjCrsK0w4LDgcO2IMK+w67CtsKyw4HDtiDCvsOLIMK8w7Ygwr7DuMKww4XCtcOnwr/DpC4u,,RGlzZnJheiBkZSBww6FqYXJvIGNhbnRvcg==
EceNBA,,Q29zdHVtZSBSb29zdGVyJ3MgQ29tYg==,,,,,wrfDp8K1w6XCtsOzw4DDh8Kzwq/CsMKz,,UGVpbmUgZGVsIGdhbGxvIGRpc2ZyYXphZG8=
EseNBA,,Q29zdHVtZSBMaWdodG5pbmcgQ2xvdWQ=,,,,,w4LDucK2w7XDh8ORw4jCssKxw53Cs8KvwrDCsw==,,VHJhamUgTnViZSByZWzDoW1wYWdv
E8eNBA,,Q29zdHVtZSBSYWluIENsb3Vk,,,,,wrHDosK4wrDDgMOHwrPCr8KwwrM=,,RGlzZnJheiBOdWJlIGRlIGxsdXZpYQ==
FMeNBA,,Q29zdHVtZSBPbGQgVGltZXkgRGVyYnk=,,,,,w4fDoMK6wrnDgMOHwrPCr8KwwrM=,,RGlzZnJhY2VzIE9sZCBUaW1leSBEZXJieQ==
FceNBA,,Q29zdHVtZSBNaW5pIENyb3du,,,,,wrTDq8K+w4fCuMK2w4DDh8Kzwq/CsMKz,,TWluaWNvcm9uYSBkZSBkaXNmcmFjZXM=
FseNBA,,Q29zdHVtZSBHcmVlbiBSaWJib24=,,,,,W8K3wrnDgMOMwr3CuiDCtsOzIMOAw5rCtcOlXQrDiMOlw4DCvcKxw5fCsMOHIMK+w4bDgcO3IMK/wqzCvcOAw4HDn8OAw44gwrXDsMOAw5rDgMOOw4DDjMK2w7Mgw4DDm8K+w7fDgMOMIMK6w5LCsMKhwrTDicOHw5jCv8OkLg==,,TGF6byB2ZXJkZSBkZWNvcmF0aXZv
F8eNBA,,Q29zdHVtZSBHcmVlbiBGZWVsZXI=,,,,,W8K3wrnDgMOMwr3CuiDCtsOzIMOAw5rCtcOlXQrDgMOHwrvDsyBeMDAwMENEe31eMDAwMDAwISEhIMOBwqbCucO9IMK8wr7CvcK6w4DDlsOAwrjCvcODwrPDl8K/w6Q/CsOBw4HCvsOGISEgwrLDjyDCuMK2w4DCvcK/wqEgwrXDqcK+w7rDgMK4wrTDjyDDgMOHwr/DpcOAw4wgwrjCtyDCu8O5wrzDmsK0w4IgwrDDicK/w6Q/,,QW50ZW5hcyB2ZXJkZXMgZGVjb3JhdGl2YXM=
GMeNBA,,Q29zdHVtZSBTcGlreSBCYW5k,,,,,QVNQRMK9wrrDhcOmICh7fSnCsMKzIMK8w5LDgMKv,,RGlzZnJheiBTcGlreSBCYW5k
GceNBA,,Q29zdHVtZSBXaWxkIFJvc2UgSGF0,,,,,SFDDiMOtwrzDtsK9wrrDhcOmICh7fSnCsMKzIMK8w5LDgMKv,,U29tYnJlcm8gZGUgUm9zYSBTaWx2ZXN0cmUgZGVjb3JhdGl2bw==
GseNBA,,Q29zdHVtZSBSZWQgQnVubnkgQmFuZA==,,,,,U1DDiMOtwrzDtsK9wrrDhcOmICh7fSnCsMKzIMK8w5LDgMKv,,VmluY2hhIGRlIG9yZWphcyBkZSBjb25lam8gZGVjb3JhdGl2YSAocm9qYSk=
G8eNBA,,Q29zdHVtZSBTcG9yZSBIYXQ=,,,,,XkZGMDAwMCAgIMKhw5ggw4HDlsOAw4fCu8Onw4fDlyDCocOYXjAwMDAwMApeRkYwMDAww4fDmMK0w6cgw4DDm8K+w7fDgMK6IMK9w4fDhsOQw4fDkiDDiMKuwrfDvMOAw4wgw4DDlsK9w4DCtMOPwrTDmS5eMDAwMDAwCl5GRjAwMDDCtsOHIMOAw6XCusOxw4DDhyDDg8OfwrDCoSDCtMOJwrfDgsOEwqHCsMKhIMOAw5bCtMOCIMKww6bCv8OsLCDDgMOlwrrDscK4wqYgw4PDisKxw6LDiMKtIMOHw4/CsMOtIMKww7jCsMOdwrzDk8K1wrUrMcOAwrsgwrrDjsK/wqnDh8OVwrTDj8K0w5kuXjAwMDAwMApeRkYwMDAww4DDjsODwqbDhsKuw4fDkiDDgMOlwrrDscK/w40gwrTDicK3w4LDhMKhwrDCoSDDiMKuwr3Dh8OHw5XCtMOPwrHDrj9eMDAwMDAw,,R29ycm8gU3BvcmU=
HMeNBA,,Q29zdHVtZSBSb3NlIENvcnNhZ2U=,,,,,W8K3wrnDgMOMwr3CuiDCtsOzIMOAw5rCtcOlXQrCvsOGwrjCp8K0w5nCv8O2ISEKw4DDjMK3wrEgw4DDm8OHwrDDgMOMIMKzwrsgwrzDlcK/wqHCvMKtIMKzwqrCv8OUwrTDmcK0w48hISEh,,Q29yc8OpIGRlIHJvc2Fz
HceNBA,,Q29zdHVtZSBPbGl2ZXIgV29sZiBIb29k,,,,,W8K3wrnDgMOMwr3CuiDCtsOzIMOAw5rCtcOlXQrDgMOMwrDDhyDCvsOGwrPDhCEKwr/DjcOAw6XDg8KiISEhISEgw4DDjMK3wrEgwr3Dh8OGw5DDgMObw4DCuyDCvMK8wrvDs8K/wqEgwrPCu8Kzw7XDgMK7IMK8w7Ygwr7DuMK+w64hISE=,,RGlzZnJheiBPbGl2ZXIgV29sZiBIb29k
HseNBA,,Q29zdHVtZSBEcm9vcGluZyBDYXQgQ3Jldw==,,,,,W8K3wrnDgMOMwr3CuiDCtsOzIMOAw5rCtcOlXQrCs8OXLiDDgcK7IMK0w7UgwrXDkcK3wq/CusK4wr3Dg8Kww5rCvsOuwr/DpD8=,,RGlzZnJheiBEcm9vcGluZyBDYXQgQ3Jldw==
H8eNBA,,Q29zdHVtZSBEZXZpcnVjaGkgQ2Fw,,,,,W8K3wrnDgMOMwr3CuiDCtsOzIMOAw5rCtcOlXQpeRkYwMDAww4DDh8K7w7MgwrDDicOEwqXCsMONXjAwMDAwMMKww7ogXkZGMDAwMMKww4nDhMKlwrDDjcK/w6sgwr3CusOFw6ZeMDAwMDAwIMK1w5HDgcOfIMOHw4/Cs8KqwrbDs8K1wrUgwr7DuMOAwrjCuMOpIMOAw5vCvsO3w4fDkiDCvMO2IMK+w7jCvsOuwr/DpC4=,,RGlzZnJheiBHb3JyYSBEZXZpcnVjaGk=
IMeNBA,,Q29zdHVtZSBGcm9nIENhcA==,,,,,XkZGMDAwMCAgIMKhw5ggw4HDlsOAw4fCu8Onw4fDlyDCocOYXjAwMDAwMApeRkYwMDAww4fDmMK0w6cgw4DDm8K+w7fDgMK6IMK9w4fDhsOQw4fDkiDDiMKuwrfDvMOAw4wgw4DDlsK9w4DCtMOPwrTDmS5eMDAwMDAwCl5GRjAwMDDCtsOHIMOAw6XCusOxw4DDhyDDg8OfwrDCoSDCtMOJwrfDgsOEwqHCsMKhIMOAw5bCtMOCIMKww6bCv8OsLCDDgMOlwrrDscK4wqYgw4PDisKxw6LDiMKtIMOHw4/CsMOtIDElIMOIwq7Ct8O8wrfDjiDDgMO7wr/CocKww5Qgw4HDmCDCucKwwrjCriDCtMOrwrnDjMOBw7bDgMOHIDElIMK4wqYgw4DDmsK9w4XDgMOHIEhQwrfDjiDDiMOtwrzDtsK4wqYgwrrDjsK/wqnDh8OVwrTDj8K0w5kuXjAwMDAwMApeRkYwMDAww4DDjsODwqbDhsKuw4fDkiDDgMOlwrrDscK/w40gwrTDicK3w4LDhMKhwrDCoSDDiMKuwr3Dh8OHw5XCtMOPwrHDrj9eMDAwMDAw,,R29ycm8gZGUgcmFuYSBwYXJhIGRpc2ZyYWNlcw==
IceNBA,,Q29zdHVtZSBNYWdlc3RpYyBHb2F0,,,,,XkZGMDAwMCAgIMKhw5ggw4HDlsOAw4fCu8Onw4fDlyDCocOYXjAwMDAwMApeRkYwMDAww4fDmMK0w6cgw4DDm8K+w7fDgMK6IMK9w4fDhsOQw4fDkiDDiMKuwrfDvMOAw4wgw4DDlsK9w4DCtMOPwrTDmS5eMDAwMDAwCl5GRjAwMDDCtsOHIMOAw6XCusOxw4DDhyDDg8OfwrDCoSDCtMOJwrfDgsOEwqHCsMKhIMOAw5bCtMOCIMKww6bCv8OsLCDDgMOlwrrDscK4wqYgw4PDisKxw6LDiMKtIMOHw4/CsMOtIDElIMOIwq7Ct8O8wrfDjiDDgMO7wr/CocKww5Qgw4HDmCDCucKwwrjCriDCtMOrwrnDjMOBw7bDgMOHIDElIMK4wqYgw4DDmsK9w4XDgMOHIFNQwrfDjiDDiMOtwrzDtsK4wqYgwrrDjsK/wqnDh8OVwrTDj8K0w5kuXjAwMDAwMApeRkYwMDAww4DDjsODwqbDhsKuw4fDkiDDgMOlwrrDscK/w40gwrTDicK3w4LDhMKhwrDCoSDDiMKuwr3Dh8OHw5XCtMOPwrHDrj9eMDAwMDAw,,RGlzZnJheiBNYWdlc3RpYyBHb2F0
IseNBA,,Q29zdHVtZSBIZWFydCBXaW5nIEhhaXJiYW5k,,,,,W8K3wrnDgMOMwr3CuiDCtsOzIMOAw5rCtcOlXQrDgcO2wrHDnSDDgcKmIMKww7zCvcOJwrvDp8K2w7PCuMOpIMKww4nDhMKlwrDDjcK7w5PDgMOMwr/CucK/w6QuLi4=,,RGlhZGVtYSBjb24gZm9ybWEgZGUgYWxhcyBkZSBjb3JhesOzbg==
I8eNBA,,Q29zdHVtZSBDb3dib3kgSGF0,,,,,W8K3wrnDgMOMwr3CuiDCtsOzIMOAw5rCtcOlXQrCvsOGwrnCq8K4wq7CusOBwrXCtSDCvsOuwrHDusKwwqEgw4fDo8OAw7zDh8ORwrXCpT8u,,U29tYnJlcm8gZGUgdmFxdWVybyBwYXJhIGRpc2ZyYWNlcw==
JMeNBA,,Q29zdHVtZSBGZWF0aGVyIEJlcmV0,,,,,w4DDjMK6w6ogw4bDkMOFw40=,,Qm9pbmEgZGUgcGx1bWFzIGRlY29yYXRpdmE=
JceNBA,,Q29zdHVtZSBGYWxsZW4gQW5nZWw=,,,,,W8OAw4zCusOqIMOGw5DDhcONXQrCsMKhwrnDpsK/wqEgwrnCuyDCscOXwrfCuMKww5Qgw4DDnMK2w6AgwrPDlsK+w64gwrTDmcK0w4/CtMOCIMKww4XCv8K5wr/DpC4KwrnCq8Kww4zDgcO2wrXCtSDCvsOKwr7DhsK/w6Q/,,VmluY2hhIGRlIMOhbmdlbCBjYcOtZG8gZGVjb3JhdGl2YQ==
JseNBA,,Q29zdHVtZSBNYWdpYyBFeWVz,,,,,W8OAw4zCusOqIMOGw5DDhcONXQrCvsOuwrzCrcK/w4DCvMK8wr/DpCEgw4bDkMK8w4fCvcK6w4XDpsOAw5TCtMOPwrTDmSEhCsK/w6TDgcOyIMK7w7XCt8OOwr/DriDDgMOHwrvDsyDCuMOww4DDmsK4wqYgwrjCuMK1w6XCtMOCIMOAw4/Cv8KhIMK4w7TCtcOOIMOHw4/CsMOtIMOAw5bCvsOuwr/DpC4=,,RGlzZnJheiBPam9zIE3DoWdpY29z
J8eNBA,,Q29zdHVtZSBJbXAgSGF0,,,,,W8OAw4zCusOqIMOGw5DDhcONXQrCsMKhwrDDlMK/wqEgw4HCpsKwwqEgwrjCuMK1w6cgwrjDsMOAw5rCtcOpw4DDjCDDgcO4wr/CrcK1w4cgw4DDlsK0w4IgwrjDsMK9w4DDgMK7IMK6wrjCuMOpIMKwwqHCvcK/w4DDjCDCtcOOwrHDmcKww4XCuMKwwrTDmcK0w4/CscOuwr/DpC4=,,R29ycm8gZGUgZGlhYmxpbGxv
KMeNBA,,Q29zdHVtZSBEcm9vcGluZyBLaWVobCBEb2xs,,,,,W8OAw4zCusOqIMOGw5DDhcONXQrDiMKkwr3DgyDCsMO8wr3DicOAw4wgw4DDlsK0w5nCuMOpIMK0w6fCvcOFw4DDjCDCsMKhw4HDuCDCuMOww4DDmsK4wqYgXkZGMDAwMMK+wrLCsMOtXjAwMDAwMCDCv8ONwrrCuMK8wrzCv8OkLgrDgcKmwrDCoSDCsMOfw4DDu8OAwrsgwrrDgcK1w6XCuMKuw4HDkiEKwrjDscK3w4/DgMOMIMKzw4rCucKrIMK4wrnCvsOGwrzCrSDDh8OPwrPCqsK+wr8gwrvDrMOGw6zCusK4wrHDosKwwqEgw4jDu8K1w6nCsMOFwrXDp8K/w6Qu,,RGlzZnJheiBNdcOxZWNhIEtpZWhs
KceNBA,,Q29zdHVtZSBEcm9vcGluZyBBbGlvdCBEb2xs,,,,,W8OAw4zCusOqIMOGw5DDhcONXQrDiMOsLi4uLsK+w67CtcOwwrrCuMOAw5ouLi4uLgrCscONw4LDusOAwrogwrPDisKxwrjCuMKuwrjCpiDDgMOHwrvDsyDCscONw4LDusOAwrogwrPDisKxwrjCuMKuwrfDjiDCucOZwrLDnCDCvMO2IMOAw5bCvsOuwr/DpC4KwrnCuS4uLiDCs8OKwrHCuMK4wq7CsMKhIMKxw43DgsO6w4DCuyDCvMO2wrXCtSDDgMOWw4HDki4uLg==,,RGlzZnJheiBNdcOxZWNhIEFsaW90
KseNBA,,Q29zdHVtZSBMb3ZlIENoaWNrIEhhdA==,,,,,wrHCs8OIwq8gw4fDkcK0w5ku,,RGlzZnJheiBHb3JybyBMb3ZlIENoaWNr
K8eNBA,,Q29zdHVtZSBDaGljayBIYXQ=,,,,,W8OAw4zCusOqIMOGw5DDhcONXQrCscOXwrfCsyDCscONw4LDusOAwrogwrPDisKxwrjCuMKuwrjCpiDDgMOHwrvDsyDCscONw4LDusOAwrogwrPDisKxwrjCuMKuwrfDjiDCscKzw4jCryDDh8OPwr3Dg8Kww5rCvsOuwr/DpD8KwrHCs8OIwq/Cv8KhwrTDgiBeRkYwMDAww4DDh8K7w7PCscKzw4jCr8OEw63DhsO5XjAwMDAwMCDDh8ORIMOAw6XDgMOMIMOHw4rCv8OkIMOHw4/CtMOkwrTDj8K0w5ku,,R29ycm8gZGUgZGlzZnJheg==
LMeNBA,,Q29zdHVtZSBXaWNrZWJpbmUncyBCbGFjayBDYXQgRWFycw==,,,,,W8OAw4zCusOqIMOGw5DDhcONXQrDgsKlw4DDsiEhIQrCv8OPwrzCuiEhISEKw4DDmiEgwr7DrsK8wq0gwr3DocK6wrjCvMK8wr/DpCEhIQrCvsOuwrzCrSEhIQ==,,RGlzZnJheiBPcmVqYXMgZGUgR2F0byBOZWdybyBkZSBXaWNrZWJpbmU=
LceNBA,,Q29zdHVtZSBQdXBweSBIZWFkYmFuZA==,,,,,W8OAw4zCusOqIMOGw5DDhcONXQrCvsOuwrbDuSEgw4DDp8K3w6HCsMKhIMK+w67CtcOwwrDCrMOBw5I/CsOAw5bCvsO6wrTDuCDCsMONIMKwwrDDgMK6wrXCpSDCu8OQw4fDj8Kww60gwrvDp8K2w7PDgcKzwrPDl8K/w6Q/,,RGlhZGVtYSBEaXNmcmF6IENhY2hvcnJv
LseNBA,,Q29zdHVtZSBDb3JzYWly,,,,,W8OAw4zCusOqIMOGw5DDhcONXQrDiMOlw4DCvS4uLgrDgcK7IMK0w7UgwrDDrcK5w47Dh8OYIMK6wrjCvcODwrDDmsK+w67Cv8OkPw==,,VHJhamUgQ29yc2FyaW8=
L8eNBA,,Q29zdHVtZSBEZXRlY3RpdmUgSGF0,,,,,W8OAw4zCusOqIMOGw5DDhcONXQrDiMOsLi4uLsK+w67CtcOwwrrCuMOAw5ouLi4uLgrCuMOTwrjCrsK6w7jDgMK7IMOAw4fCu8OzIMK4w5PCuMKuwrrDuMOAwrjCt8OOIMK5w5nCssOcIMK8w7Ygw4DDlsK+w67Cv8OkLgrCuMOTwrjCrsK4wqYgwrLDmcK5w4zCtMOCwrXCpSDCscOiwrrCu8OAw44gwrnCsMKww4fDgMOMwrHDpMOHw4/DgcO2wrjCuC4uLiDCuMOTwrjCrsK/wqEgw4DDpcK9w4TDh8OPwrbDs8Kww60gw4DDlsK0w4LCsMOUIMK+w4bCtMOSwrDDh8K1wqUuLi4u,,U29tYnJlcm8gZGUgZGV0ZWN0aXZlIGRlY29yYXRpdm8=
MMeNBA,,Q29zdHVtZSBCaWpvZm5pbCBXaW5ncw==,,,,,W8OAw4zCusOqIMOGw5DDhcONXQrCscOXwrfCsyDCuMOTwrjCrsK6w7jDgMK7IMOAw4fCu8OzIMK4w5PCuMKuwrrDuMOAwrjCt8OOIMKxwrPDiMKvIMOHw4/CvcODwrDDmsK+w67Cv8OkPwrCscKzw4jCr8K/wqHCtMOCIF5GRjAwMDDDgMOHwrvDs8KxwrPDiMKvw4TDrcOGw7leMDAwMDAwIMOHw5Egw4DDpcOAw4wgw4fDisK/w6Qgw4fDj8K0w6TCtMOPwrTDmS4=,,VHJhamUgQmlqb2ZuaWwgQWxhcw==
MceNBA,,Q29zdHVtZSBCdW5ueSBCYW5k,,,,,W8OAw4zCusOqIMOGw5DDhcONXQrDiMOsLi4uLsK+w67CtcOwwrrCuMOAw5ouLi4uLgrCu8KhwrDCo8OFw5fDgMOPwrjCrsK6wrvDgMK7IMOAw4fCu8OzIMK7wqHCsMKjw4XDl8OAw4/CuMKuwrrCu8OAwrjCt8OOIMK5w5nCssOcIMK8w7Ygw4DDlsK+w67Cv8OkLgrDgMOMIMKywr/CuMKuwrrDjsK6w5DDgMOMIMK7w7PCtMOnw4jDtyDDgcOfwr/DpMOHw4/CsMOFwrXDp8K/w6Qh,,RGlzZnJheiBCYW5kYSBDb25laml0bw==
MseNBA,,Q29zdHVtZSBXaWNrZWJpbmUgRWFycw==,,,,,W8OAw4zCusOqIMOGw5DDhcONXQrCscOXwrfCsyDCu8KhwrDCo8OFw5fDgMOPwrjCrsK6wrvDgMK7IMOAw4fCu8OzIMK7wqHCsMKjw4XDl8OAw4/CuMKuwrrCu8OAwrjCt8OOIMKxwrPDiMKvIMOHw4/CvcODwrDDmsK+w67Cv8OkPwrCscKzw4jCr8K/wqHCtMOCIF5GRjAwMDDDgMOHwrvDs8KxwrPDiMKvw4TDrcOGw7leMDAwMDAwIMOHw5Egw4DDpcOAw4wgw4fDisK/w6Qgw4fDj8K0w6TCtMOPwrTDmS4=,,RGlzZnJheiBXaWNrZWJpbmUgT3JlamFz
M8eNBA,,Q29zdHVtZSBXaGl0ZSBLaXR0ZW4gRWFycw==,,,,,W8OAw4zCusOqIMOGw5DDhcONXQrDiMOsLi4uLsK+w67CtcOwwrrCuMOAw5ouLi4uLgrDgMOawrzCvMKxwrPDgcKkwrjDsMOAw5rCuMKmIMOAw4fCu8OzIMOAw5rCvMK8wrHCs8OBwqTCuMOww4DDmsK3w44gwrnDmcKyw5wgwrzDtiDDgMOWwr7DrsK/w6QuCsOHw43DgMK7IMK7w6zCuMKuwrTDgsK1wqUgw4DDlsK+w67CvMKtIMOAw5rCvMK8wrTDgiDCuMOFwr/DrCDDgcOfwr/DpMOHw5Egw4bDt8OAw47DhsKuwr/CucK/w6Qh,,RGlzZnJheiBPcmVqYXMgZGUgR2F0aXRvIEJsYW5jbw==
NMeNBA,,Q29zdHVtZSBSYWluYm93IEZlYXRoZXIgRGVjb3JhdGlvbg==,,,,,W8OAw4zCusOqIMOGw5DDhcONXQrCscOXwrfCsyDDgMOawrzCvMKxwrPDgcKkwrjDsMOAw5rCuMKmIMOAw4fCu8OzIMOAw5rCvMK8wrHCs8OBwqTCuMOww4DDmsK3w44gwrHCs8OIwq8gw4fDj8K9w4PCsMOawr7DrsK/w6Q/CsKxwrPDiMKvwr/CocK0w4IgXkZGMDAwMMOAw4fCu8OzwrHCs8OIwq/DhMOtw4bDuV4wMDAwMDAgw4fDkSDDgMOlw4DDjCDDh8OKwr/DpCDDh8OPwrTDpMK0w4/CtMOZLg==,,QWRvcm5vIGRlIHBsdW1hcyBhcmNvIGlyaXMgcGFyYSBkaXNmcmFjZXM=
NceNBA,,Q29zdHVtZSBSYWJiaXQgTWFnaWMgSGF0,,,,,W8OAw4zCusOqIMOGw5DDhcONXQrDiMOsLi4uLsK+w67CtcOwwrrCuMOAw5ouLi4uLgrDiMKjwrnDmsK4w7DDgMOawrjCpiDDgMOHwrvDsyDDiMKjwrnDmsK4w7DDgMOawrfDjiDCucOZwrLDnCDCvMO2IMOAw5bCvsOuwr/DpC4Kw4fDksK3w47DgMKpw4DDjMK2w7PCuMOpIMOHw4rCvMO2IMK+w4bDgMOMw4XDm8OAw4zDgcOSISDDh8OSwrfDjsOAwqnDgMOMwrbDs8K4w6nCv8OkLi4uLg==,,RGlzZnJheiBDb25lam8gU29tYnJlcm8gTcOhZ2ljbw==
NseNBA,,Q29zdHVtZSBNYXJjaGluZyBIYXQ=,,,,,W8OAw4zCusOqIMOGw5DDhcONXQrCscOXwrfCsyDDiMKjwrnDmsK4w7DDgMOawrjCpiDDgMOHwrvDsyDDiMKjwrnDmsK4w7DDgMOawrfDjiDCscKzw4jCryDDh8OPwr3Dg8Kww5rCvsOuwr/DpD8KwrHCs8OIwq/Cv8KhwrTDgiBeRkYwMDAww4DDh8K7w7PCscKzw4jCr8OEw63DhsO5XjAwMDAwMCDDh8ORIMOAw6XDgMOMIMOHw4rCv8OkIMOHw4/CtMOkwrTDj8K0w5ku,,U29tYnJlcm8gZGUgbWFyY2hhIGRlY29yYXRpdm8=
N8eNBA,,Q29zdHVtZSBDYXB0YWluIENhcm9jYydzIEhhdA==,,,,,W8OAw4zCusOqIMOGw5DDhcONXQrDiMOsLi4uLsK+w67CtcOwwrrCuMOAw5ouLi4uLgrCucKrw4HDtiDDgcOBw4DCuiDDiMKjwrnDmsK4w7DDgMOawrjCpiDDgMOHwrvDsyDDiMKjwrnDmsK4w7DDgMOawrfDjiDCucOZwrLDnCDCvMO2IMOAw5bCvsOuwr/DpC4Kw4fDksK3w47DgMKpw4DDjMK2w7PCuMOpIMOHw4rCvMO2IMK+w4bDgMOMw4XDm8OAw4zDgcOSISDDh8OSwrfDjsOAwqnDgMOMwrbDs8K4w6nCv8OkLi4uLg==,,RGlzZnJheiBTb21icmVybyBkZWwgQ2FwaXTDoW4gQ2Fyb2Nj
OMeNBA,,Q29zdHVtZSBUaXJheWEgQm9uZXQ=,,,,,W8OAw4zCusOqIMOGw5DDhcONXQrCscOXwrfCsyDCucKrw4HDtiDDgcOBw4DCuiDDiMKjwrnDmsK4w7DDgMOawrjCpiDDgMOHwrvDsyDDiMKjwrnDmsK4w7DDgMOawrfDjiDCscKzw4jCryDDh8OPwr3Dg8Kww5rCvsOuwr/DpD8KwrHCs8OIwq/Cv8KhwrTDgiBeRkYwMDAww4DDh8K7w7PCscKzw4jCr8OEw63DhsO5XjAwMDAwMCDDh8ORIMOAw6XDgMOMIMOHw4rCv8OkIMOHw4/CtMOkwrTDj8K0w5ku,,Qm9uZXRlIGRlIFRpcmF5YSBkZWNvcmF0aXZv
OceNBA,,Q29zdHVtZSBDYXB0YWluIEhhdA==,,,,,W8OAw4zCusOqIMOGw5DDhcONXQrDiMOsLi4uLsK+w67CtcOwwrrCuMOAw5ouLi4uLgrCsMKjw4jCo8K4w7DCuMKmIMOAw4fCu8OzIMKwwqPDiMKjwrjDsMK3w44gwrnDmcKyw5wgwrzDtiDDgMOWwr7DrsK/w6QuCsK6w4DCu8Onwr/CocK0w4IgwrjCtsOAwr3CsMKhw4HDvMK1wrUgwrjDtsKwwqHDgcO8wrXCtSDDgcOfwr/DpMOHw5EgwrnDvcOAw4zCtsO4wrTDj8K0w5kuLg==,,U29tYnJlcm8gZGUgY2FwaXTDoW4gZGVjb3JhdGl2bw==
OseNBA,,Q29zdHVtZSBWYWNhdGlvbiBIYXQ=,,,,,W8OAw4zCusOqIMOGw5DDhcONXQrCscOXwrfCsyDCsMKjw4jCo8K4w7DCuMKmIMOAw4fCu8OzIMKwwqPDiMKjwrjDsMK3w44gwrHCs8OIwq8gw4fDj8K9w4PCsMOawr7DrsK/w6Q/CsKxwrPDiMKvwr/CocK0w4IgXkZGMDAwMMOAw4fCu8OzwrHCs8OIwq/DhMOtw4bDuV4wMDAwMDAgw4fDkSDDgMOlw4DDjCDDh8OKwr/DpCDDh8OPwrTDpMK0w4/CtMOZLg==,,U29tYnJlcm8gZGUgdmFjYWNpb25lcyBkZWNvcmF0aXZv
O8eNBA,,Q29zdHVtZSBCcm93biBCZWFuaWU=,,,,,W8OAw4zCusOqIMOGw5DDhcONXQrDiMOsLi4uLsK+w67CtcOwwrrCuMOAw5ouLi4uLgrCsMKlwrbDs8OGw4TCsMOtw4DDhyDCuMOww4DDmsK4wqYgw4DDh8K7w7MgwrDCpcK2w7PDhsOEwrDDrcOAw4cgwrjDsMOAw5rCt8OOIMK5w5nCssOcIMK8w7Ygw4DDlsK+w67Cv8OkLgrDiMOxwrHDjcOHw5EgwrvDvcK5wrDDgMOMwrTDjyDCusK4w4jCo8K/wqEgw4jDu8K9w6HCvsOfIMOHw5HCtMOZwrHCuMK/w6Qh,,R29ycm8gbWFycsOzbiBwYXJhIGRpc2ZyYWNlcw==
PMeNBA,,Q29zdHVtZSBDb3Bwb2xhJ3MgSGF0,,,,,W8OAw4zCusOqIMOGw5DDhcONXQrCscOXwrfCsyDCsMKlwrbDs8OGw4TCsMOtw4DDhyDCuMOww4DDmsK4wqYgw4DDh8K7w7MgwrDCpcK2w7PDhsOEwrDDrcOAw4cgwrjDsMOAw5rCt8OOIMKxwrPDiMKvIMOHw4/CvcODwrDDmsK+w67Cv8OkPwrCscKzw4jCr8K/wqHCtMOCIF5GRjAwMDDDgMOHwrvDs8KxwrPDiMKvw4TDrcOGw7leMDAwMDAwIMOHw5Egw4DDpcOAw4wgw4fDisK/w6Qgw4fDj8K0w6TCtMOPwrTDmS4=,,VHJhamUgU29tYnJlcm8gZGUgQ29wcG9sYQ==
PceNBA,,Q29zdHVtZSBTd2VldCBCb25uZXQ=,,,,,W8OAw4zCusOqIMOGw5DDhcONXQrDiMOsLi4uLsK+w67CtcOwwrrCuMOAw5ouLi4uLgrCsMOtwrHDm8OAwrsgw4DDh8K7w7MgwrDDrcKxw5vCt8OOIMK5w5nCssOcIMK8w7Ygw4DDlsK+w67Cv8OkLgrDgMOMIMK+w4bDgMOMw4XDmyDDh8OPwrPCqsK4w6kgwrvDp8K4wrfDgcO2wr/CqsK1wrUgw4jCssK7w6fCtcK1IMK+w4jCvcOJIQ==,,RGlzZnJheiBHb3JybyBEdWxjZQ==
PseNBA,,Q29zdHVtZSBXaW5kIE1pbGRzdG9uZQ==,,,,,W8OAw4zCusOqIMOGw5DDhcONXQrCscOXwrfCsyDCsMOtwrHDm8OAwrsgw4DDh8K7w7MgwrDDrcKxw5vCt8OOIMKxwrPDiMKvIMOHw4/CvcODwrDDmsK+w67Cv8OkPwrCscKzw4jCr8K/wqHCtMOCIF5GRjAwMDDDgMOHwrvDs8KxwrPDiMKvw4TDrcOGw7leMDAwMDAwIMOHw5Egw4DDpcOAw4wgw4fDisK/w6Qgw4fDj8K0w6TCtMOPwrTDmS4=,,VHJhamUgVmllbnRvIE1pbGRzdG9uZQ==
P8eNBA,,Q29zdHVtZSBTb3V0aGVybiBDcm9zcw==,,,,,W8OAw4zCusOqIMOGw5DDhcONXQrDiMOsLi4uLsK+w67CtcOwwrrCuMOAw5ouLi4uLgrCvMOSw4TDj8OAw4wgw4DDlsK0w4IgwrDDrcKxw5vDgMK7IMOAw4fCu8OzIMKww63CscObwrfDjiDCucOZwrLDnCDCvMO2IMOAw5bCvsOuwr/DpC4Kw4DDjCDCvsOGw4DDjMOFw5sgw4fDj8KzwqrCuMOpIMK7w6fCuMK3w4HDtsK/wqrCtcK1IMOIwrLCu8OnwrXCtSDCvsOIwr3DiSE=,,VHJhamUgQ3J1eiBkZWwgU3Vy
QMeNBA,,Q29zdHVtZSBQaWdneSBCYW5r,,,,,W8OAw4zCusOqIMOGw5DDhcONXQrCscOXwrfCsyDCvMOSw4TDj8OAw4wgw4DDlsK0w4IgwrDDrcKxw5vDgMK7IMOAw4fCu8OzIMKww63CscObwrfDjiDCscKzw4jCryDDh8OPwr3Dg8Kww5rCvsOuwr/DpD8KwrHCs8OIwq/Cv8KhwrTDgiBeRkYwMDAww4DDh8K7w7PCscKzw4jCr8OEw63DhsO5XjAwMDAwMCDDh8ORIMOAw6XDgMOMIMOHw4rCv8OkIMOHw4/CtMOkwrTDj8K0w5ku,,SHVjaGEgcGFyYSBkaXNmcmFjZXM=
QceNBA,,Q29zdHVtZSBKdW1waW5nIFBvcmluZw==,,,,,W8OAw4zCusOqIMOGw5DDhcONXQrDiMOsLi4uLsK+w67CtcOwwrrCuMOAw5ouLi4uLgrCsMOtwr7Dp8OAw4wgwrjDk8K4wq7CtsOswrjCpiDDgMOHwrvDsyDCsMOtwr7Dp8OAw4wgwrjDk8K4wq7CtsOswrfDjiDCucOZwrLDnCDCvMO2IMOAw5bCvsOuwr/DpC4KwrDDrcK+w6fDgMOMwrDCoSDCtcOIIMKww40gwrDCsMOAwrogwrHDosK6w5DDgMK7IMK0w4DCssK4wrrCuMK9w4PDgcOSISDCs8OEfsK/w4t+IA==,,RGlzZnJhY2VzIEp1bXBpbmcgUG9yaW5n
QseNBA,,Q29zdHVtZSBSYWluYm93IFBvcmluZyBIYXQ=,,,,,W8OAw4zCusOqIMOGw5DDhcONXQrCscOXwrfCsyDCsMOtwr7Dp8OAw4wgwrjDk8K4wq7CtsOswrjCpiDDgMOHwrvDsyDCsMOtwr7Dp8OAw4wgwrjDk8K4wq7CtsOswrfDjiDCscKzw4jCryDDh8OPwr3Dg8Kww5rCvsOuwr/DpD8KwrHCs8OIwq/Cv8KhwrTDgiBeRkYwMDAww4DDh8K7w7PCscKzw4jCr8OEw63DhsO5XjAwMDAwMCDDh8ORIMOAw6XDgMOMIMOHw4rCv8OkIMOHw4/CtMOkwrTDj8K0w5ku,,R29ycm8gUmFpbmJvdyBQb3Jpbmc=
Q8eNBA,,Q29zdHVtZSBTaWx2ZXIgVGlhcmE=,,,,,W8OAw4zCusOqIMOGw5DDhcONXQrDiMOsLi4uLsK+w67CtcOwwrrCuMOAw5ouLi4uLgrCsMOxwrXDp8OHw6zCtcOlwrHDosK+w67CuMKmIMOAw4fCu8OzIMKww7HCtcOnw4fDrMK1w6XCscOiwr7DrsK3w44gwrnDmcKyw5wgwrzDtiDDgMOWwr7DrsK/w6QuCsKxw53Cu8O2w4DCuMK3w44gwrnDuMOCwr3DgMOMwrTDgiDCscOXwrDDjSHCsMKwwr7DhiDCusK4w4DDjMKxw6Qgw4fDj8OBw7bCuMK4Li4uwr7DhsK0w5XCtMOPwrTDmSE=,,RGlzZnJheiBUaWFyYSBkZSBwbGF0YQ==
RMeNBA,,Q29zdHVtZSBTYW50YSBQb3JpbmcgSGF0,,,,,W8OAw4zCusOqIMOGw5DDhcONXQrCscOXwrfCsyDCsMOxwrXDp8OHw6zCtcOlwrHDosK+w67CuMKmIMOAw4fCu8OzIMKww7HCtcOnw4fDrMK1w6XCscOiwr7DrsK3w44gwrHCs8OIwq8gw4fDj8K9w4PCsMOawr7DrsK/w6Q/CsKxwrPDiMKvwr/CocK0w4IgXkZGMDAwMMOAw4fCu8OzwrHCs8OIwq/DhMOtw4bDuV4wMDAwMDAgw4fDkSDDgMOlw4DDjCDDh8OKwr/DpCDDh8OPwrTDpMK0w4/CtMOZLg==,,R29ycm8gZGUgUGFww6EgTm9lbA==
RceNBA,,Q29zdHVtZSBIYXBweSBXaWc=,,,,,W8OAw4zCusOqIMOGw5DDhcONXQrDiMOsLi4uLsK+w67CtcOwwrrCuMOAw5ouLi4uLgrCvMOSw4TDj8OAw4wgw4DDlsK0w4IgwrDDscK1w6fDh8OswrXDpcKxw6LCvsOuwrjCpiDDgMOHwrvDsyDCsMOxwrXDp8OHw6zCtcOlwrHDosK+w67Ct8OOIMK5w5nCssOcIMK8w7Ygw4DDlsK+w67Cv8OkLgrCscOdwrvDtsOAwrjCt8OOIMK5w7jDgsK9w4DDjMK0w4IgwrHDl8Kww40hwrDCsMK+w4YgwrrCuMOAw4zCscOkIMOHw4/DgcO2wrjCuC4uLsK+w4bCtMOVwrTDj8K0w5kh,,UGVsdWNhIENvc3R1bWUgSGFwcHk=
RseNBA,,Q29zdHVtZSBTaGluaW5nIFNhbnRhIFBvcmluZyBIYXQ=,,,,,W8OAw4zCusOqIMOGw5DDhcONXQrCscOXwrfCsyDCvMOSw4TDj8OAw4wgw4DDlsK0w4IgwrDDscK1w6fDh8OswrXDpcKxw6LCvsOuwrjCpiDDgMOHwrvDsyDCsMOxwrXDp8OHw6zCtcOlwrHDosK+w67Ct8OOIMKxwrPDiMKvIMOHw4/CvcODwrDDmsK+w67Cv8OkPwrCscKzw4jCr8K/wqHCtMOCIF5GRjAwMDDDgMOHwrvDs8KxwrPDiMKvw4TDrcOGw7leMDAwMDAwIMOHw5Egw4DDpcOAw4wgw4fDisK/w6Qgw4fDj8K0w6TCtMOPwrTDmS4=,,R29ycm8gZGUgU2FudGEgUG9yaW5nIGJyaWxsYW50ZSBkZWNvcmF0aXZv
R8eNBA,,Q29zdHVtZSBEYXJrIFNuYWtlIExvcmQgSGF0,,,,,W8OAw4zCusOqIMOGw5DDhcONXQrDiMOsLi4uLsK+w67CtcOwwrrCuMOAw5ouLi4uLgrCsMO1wrXCucOAw4wgwrjDsMOAw5rCuMKmIMOAw4fCu8OzIMKww7XCtcK5w4DDjCDCuMOww4DDmsK3w44gwrnDmcKyw5wgwrzDtiDDgMOWwr7DrsK/w6QuCsOCw7zCsMOtwrfDjiDCsMO1w4XDgcOAwrogwrDDtcOAwrjCt8OOIMK4wrjCtcOlwrTDgsKww5Qgwr7DhsK0w4/CtsO4wrTDj8K0w5ku,,RGlzZnJheiBkZSBTZcOxb3IgZGUgbGEgU2VycGllbnRlIE9zY3VyYSBTb21icmVybw==
SMeNBA,,Q29zdHVtZSBCbHVlIFJpYmJvbg==,,,,,W8OAw4zCusOqIMOGw5DDhcONXQrCscOXwrfCsyDCsMO1wrXCucOAw4wgwrjDsMOAw5rCuMKmIMOAw4fCu8OzIMKww7XCtcK5w4DDjCDCuMOww4DDmsK3w44gwrHCs8OIwq8gw4fDj8K9w4PCsMOawr7DrsK/w6Q/CsKxwrPDiMKvwr/CocK0w4IgXkZGMDAwMMOAw4fCu8OzwrHCs8OIwq/DhMOtw4bDuV4wMDAwMDAgw4fDkSDDgMOlw4DDjCDDh8OKwr/DpCDDh8OPwrTDpMK0w4/CtMOZLg==,,VHJhamUgQ2ludGEgQXp1bA==
SceNBA,,Q29zdHVtZSBUcmlwbGUgUG9yaW5nIEhhdA==,,,,,W8OAw4zCusOqIMOGw5DDhcONXQrDiMOsLi4uLsK+w67CtcOwwrrCuMOAw5ouLi4uLgrCscKkwrTDq8K4w7DDgMOawrjCpiDDgMOHwrvDsyDCscKkwrTDq8K4w7DDgMOawrfDjiDCucOZwrLDnCDCvMO2IMOAw5bCvsOuwr/DpC4Kwr/DnMK3w47Cv8O2wrXCtX4gwr3CvcOGw5vCtcK1fn4gwrPCqsK0w4Igwr7DiMK/w6/CvsOufn5+fiE=,,RGlzZnJheiBTb21icmVybyBUcmlwbGUgUG9yaW5n
SseNBA,,Q29zdHVtZSBWYW5lIEhhaXJwaW4=,,,,,W8OAw4zCusOqIMOGw5DDhcONXQrCscOXwrfCsyDCscKkwrTDq8K4w7DDgMOawrjCpiDDgMOHwrvDsyDCscKkwrTDq8K4w7DDgMOawrfDjiDCscKzw4jCryDDh8OPwr3Dg8Kww5rCvsOuwr/DpD8KwrHCs8OIwq/Cv8KhwrTDgiBeRkYwMDAww4DDh8K7w7PCscKzw4jCr8OEw63DhsO5XjAwMDAwMCDDh8ORIMOAw6XDgMOMIMOHw4rCv8OkIMOHw4/CtMOkwrTDj8K0w5ku,,SG9ycXVpbGxhIENvc3R1bWUgVmFuZQ==
S8eNBA,,Q29zdHVtZSBLZXR0bGUgSGF0,,,,,W8OAw4zCusOqIMOGw5DDhcONXQrDiMOsLi4uLsK+w67CtcOwwrrCuMOAw5ouLi4uLgrCsMKzw4HCtsK1w4ggwrHCpMK0w6vCuMOww4DDmsK4wqYgw4DDh8K7w7MgwrHCpMK0w6vCuMOww4DDmsK3w44gwrnDmcKyw5wgwrzDtiDDgMOWwr7DrsK/w6QuCsK/w5zCt8OOwr/DtsK1wrV+IMK9wr3DhsObwrXCtX5+IMKzwqrCtMOCIMK+w4jCv8Ovwr7Drn5+fn4h,,R29ycm8gZGUgZGlzZnJheg==
TMeNBA,,Q29zdHVtZSBNb2NoaXJpbmcgSGF0,,,,,W8OAw4zCusOqIMOGw5DDhcONXQrCscOXwrfCsyDCsMKzw4HCtsK1w4ggwrHCpMK0w6vCuMOww4DDmsK4wqYgw4DDh8K7w7MgwrHCpMK0w6vCuMOww4DDmsK3w44gwrHCs8OIwq8gw4fDj8K9w4PCsMOawr7DrsK/w6Q/CsKxwrPDiMKvwr/CocK0w4IgXkZGMDAwMMOAw4fCu8OzwrHCs8OIwq/DhMOtw4bDuV4wMDAwMDAgw4fDkSDDgMOlw4DDjCDDh8OKwr/DpCDDh8OPwrTDpMK0w4/CtMOZLg==,,U29tYnJlcm8gZGUgbW9jaGkgZGVjb3JhdGl2bw==
TceNBA,,Q29zdHVtZSBSdWRvbGYgU2FudGEgSGF0,,,,,W8OAw4zCusOqIMOGw5DDhcONXQrDiMOsLi4uLsK+w67CtcOwwrrCuMOAw5ouLi4uLgrCssOJwrjDk8K4wq7CtsOswrjCpiDDgMOHwrvDsyDCssOJwrjDk8K4wq7CtsOswrfDjiDCucOZwrLDnCDCvMO2IMOAw5bCvsOuwr/DpC4Kwr3DicOHw4PDh8OPwrjDqcK8wq3CtcK1IMK8w5LCs8Ogw4DDhyDCsMKowrzCusOAw4wgwrTDgMKywrjDgcKuwrzCrSDCscONwr/CscOBw5Iu,,R29ycm8gZGUgUGFww6EgTm9lbCBSdWRvbGY=
TseNBA,,Q29zdHVtZSBSZWQgQm9ubmV0,,,,,W8OAw4zCusOqIMOGw5DDhcONXQrCscOXwrfCsyDCssOJwrjDk8K4wq7CtsOswrjCpiDDgMOHwrvDsyDCssOJwrjDk8K4wq7CtsOswrfDjiDCscKzw4jCryDDh8OPwr3Dg8Kww5rCvsOuwr/DpD8KwrHCs8OIwq/Cv8KhwrTDgiBeRkYwMDAww4DDh8K7w7PCscKzw4jCr8OEw63DhsO5XjAwMDAwMCDDh8ORIMOAw6XDgMOMIMOHw4rCv8OkIMOHw4/CtMOkwrTDj8K0w5ku,,RGlzZnJheiBSZWQgQm9ubmV0
T8eNBA,,Q29zdHVtZSBTYW50YSdzIEhhdA==,,,,,W8OAw4zCusOqIMOGw5DDhcONXQrDiMOsLi4uLsK+w67CtcOwwrrCuMOAw5ouLi4uLgrCssOJwrjDk8K4wq7Dh8OJw4DCuyDDgMOHwrvDsyDCssOJwrjDk8K4wq7Dh8OJw4DCuMK3w44gwrnDmcKyw5wgwrzDtiDDgMOWwr7DrsK/w6QuCsK4w5PCuMKuwr/CoSDCssOJw4DCuyDCssOIwrDDrSDCtcOpw4bDh8OAwrsgwrbDmcKzw6vCtMOCIMK8w5LCs8Ogw4PCs8K3wrMuLi4u,,R29ycm8gZGUgUGFww6EgTm9lbA==
UMeNBA,,Q29zdHVtZSBQb2xhciBCZWFyIENhcA==,,,,,W8OAw4zCusOqIMOGw5DDhcONXQrCscOXwrfCsyDCssOJwrjDk8K4wq7Dh8OJw4DCuyDDgMOHwrvDsyDCssOJwrjDk8K4wq7Dh8OJw4DCuMK3w44gwrHCs8OIwq8gw4fDj8K9w4PCsMOawr7DrsK/w6Q/CsKxwrPDiMKvwr/CocK0w4IgXkZGMDAwMMOAw4fCu8OzwrHCs8OIwq/DhMOtw4bDuV4wMDAwMDAgw4fDkSDDgMOlw4DDjCDDh8OKwr/DpCDDh8OPwrTDpMK0w4/CtMOZLg==,,RGlzZnJheiBHb3JybyBPc28gUG9sYXI=
UceNBA,,Q29zdHVtZSBZZWxsb3cgUmliYm9u,,,,,W8OAw4zCusOqIMOGw5DDhcONXQrDiMOsLi4uLsK+w67CtcOwwrrCuMOAw5ouLi4uLgrCssK/wrHDssK4w7DDgMOawrjCpiDDgMOHwrvDsyDCssK/wrHDssK4w7DDgMOawrfDjiDCucOZwrLDnCDCvMO2IMOAw5bCvsOuwr/DpC4KwrLCv8Kxw7LCuMOww4DDmsKwwqEgwrrDvMOBw7ggw4bDhMOGwrzCtMOCIMOGw4TDhsK8wrbDs8Kww60gwrrCvCDCvMO2IMK+w7jDgcOSIQ==,,VHJhamUgQ2ludGEgQW1hcmlsbGE=
UseNBA,,Q29zdHVtZSBMaXR0bGUgQW5nZWwgRG9sbA==,,,,,W8OAw4zCusOqIMOGw5DDhcONXQrCscOXwrfCsyDCssK/wrHDssK4w7DDgMOawrjCpiDDgMOHwrvDsyDCssK/wrHDssK4w7DDgMOawrfDjiDCscKzw4jCryDDh8OPwr3Dg8Kww5rCvsOuwr/DpD8KwrHCs8OIwq/Cv8KhwrTDgiBeRkYwMDAww4DDh8K7w7PCscKzw4jCr8OEw63DhsO5XjAwMDAwMCDDh8ORIMOAw6XDgMOMIMOHw4rCv8OkIMOHw4/CtMOkwrTDj8K0w5ku,,RGlzZnJheiBNdcOxZWNhIEFuZ2VsaXRv
U8eNBA,,Q29zdHVtZSBMYWR5IFRhbmVlIERvbGw=,,,,,W8OAw4zCusOqIMOGw5DDhcONXQrDiMOsLi4uLsK+w67CtcOwwrrCuMOAw5ouLi4uLgrCscOqw4XDkMK4w7DDgMOawrjCpiDDgMOHwrvDsyDCscOqw4XDkMK4w7DDgMOawrfDjiDCucOZwrLDnCDCvMO2IMOAw5bCvsOuwr/DpC4Kwr7CtMK1w60gwr7CssOBw7Ygwr7DisOAwrrCtcOtISDCs8Kvwr7DhsKwwqUgwrDDjcK4wrggwrDCsMOAwrogwrHDosK6w5DDgMOMIMK1w6nCvsOuwr/DpC4=,,RGlzZnJheiBNdcOxZWNhIExhZHkgVGFuZWU=
VMeNBA,,Q29zdHVtZSBTY2FyZg==,,,,,W8OAw4zCusOqIMOGw5DDhcONXQrCscOXwrfCsyDCscOqw4XDkMK4w7DDgMOawrjCpiDDgMOHwrvDsyDCscOqw4XDkMK4w7DDgMOawrfDjiDCscKzw4jCryDDh8OPwr3Dg8Kww5rCvsOuwr/DpD8KwrHCs8OIwq/Cv8KhwrTDgiBeRkYwMDAww4DDh8K7w7PCscKzw4jCr8OEw63DhsO5XjAwMDAwMCDDh8ORIMOAw6XDgMOMIMOHw4rCv8OkIMOHw4/CtMOkwrTDj8K0w5ku,,QnVmYW5kYSBwYXJhIGRpc2ZyYWNlcw==
VceNBA,,Q29zdHVtZSBBbGljZSBEb2xs,,,,,W8OAw4zCusOqIMOGw5DDhcONXQrDiMOsLi4uLsK+w67CtcOwwrrCuMOAw5ouLi4uLgrCtMODwr7DrsOBw7jCsMOtwr7Dp8OAw4zCuMKmIMOAw4fCu8OzIMK0w4PCvsOuw4HDuMKww63CvsOnw4DDjMK3w44gwrnDmcKyw5wgwrzDtiDDgMOWwr7DrsK/w6QuCsK+w4YuLi4gwrHDl8Kzw4kgwrDCsMOAw4wgwrTDg8K+w67DgcKuwrnDtsK4wq7CsMOtIMK9w43CvsOuwr/DpC4=,,RGlzZnJheiBNdcOxZWNhIEFsaWNpYQ==
VseNBA,,Q29zdHVtZSBQaW5rIFJpYmJvbg==,,,,,W8OAw4zCusOqIMOGw5DDhcONXQrCscOXwrfCsyDCtMODwr7DrsOBw7jCsMOtwr7Dp8OAw4zCuMKmIMOAw4fCu8OzIMK0w4PCvsOuw4HDuMKww63CvsOnw4DDjMK3w44gwrHCs8OIwq8gw4fDj8K9w4PCsMOawr7DrsK/w6Q/CsKxwrPDiMKvwr/CocK0w4IgXkZGMDAwMMOAw4fCu8OzwrHCs8OIwq/DhMOtw4bDuV4wMDAwMDAgw4fDkSDDgMOlw4DDjCDDh8OKwr/DpCDDh8OPwrTDpMK0w4/CtMOZLg==,,VHJhamUgQ2ludGEgcm9zYQ==
V8eNBA,,Q29zdHVtZSBHb3RoaWMgSGVhZGRyZXNz,,,,,W8OAw4zCusOqIMOGw5DDhcONXQrDiMOsLi4uLsK+w67CtcOwwrrCuMOAw5ouLi4uLgrCvMOSw4TDj8OAw4wgw4DDlsK0w4IgwrTDg8K+w67DgcO4wrDDrcK+w6fDgMOMwrjCpiDDgMOHwrvDsyDCtMODwr7DrsOBw7jCsMOtwr7Dp8OAw4zCt8OOIMK5w5nCssOcIMK8w7Ygw4DDlsK+w67Cv8OkLgrCvsOGLi4uIMKxw5fCs8OJIMKwwrDDgMOMIMK0w4PCvsOuw4HCrsK5w7bCuMKuwrDDrSDCvcONwr7DrsK/w6Qu,,VHJhamUgVG9jYWRvIEfDs3RpY28=
WMeNBA,,Q29zdHVtZSBEYXJrbmVzcyBIZWxt,,,,,W8OAw4zCusOqIMOGw5DDhcONXQrCscOXwrfCsyDCvMOSw4TDj8OAw4wgw4DDlsK0w4IgwrTDg8K+w67DgcO4wrDDrcK+w6fDgMOMwrjCpiDDgMOHwrvDsyDCtMODwr7DrsOBw7jCsMOtwr7Dp8OAw4zCt8OOIMKxwrPDiMKvIMOHw4/CvcODwrDDmsK+w67Cv8OkPwrCscKzw4jCr8K/wqHCtMOCIF5GRjAwMDDDgMOHwrvDs8KxwrPDiMKvw4TDrcOGw7leMDAwMDAwIMOHw5Egw4DDpcOAw4wgw4fDisK/w6Qgw4fDj8K0w6TCtMOPwrTDmS4=,,VHJhamUgWWVsbW8gT3NjdXJpZGFk
WceNBA,,Q29zdHVtZSBTYWNyZWQgVG9yY2ggQ29yb25ldA==,,,,,W8OAw4zCusOqIMOGw5DDhcONXQrDiMOsLi4uLsK+w67CtcOwwrrCuMOAw5ouLi4uLgrCtMODwr7DrsOBw7ggw4XDpMKzwqLCuMKmIMOAw4fCu8OzIMK0w4PCvsOuw4HDuCDDhcOkwrPCosK3w44gwrnDmcKyw5wgwrzDtiDDgMOWwr7DrsK/w6QuCsKxw7jDg8ORwrHDuMODw5EgwrbDmcK4w6nCvMKtIMK+w67CtcOwwrfDkMKwwqEgwrDCocK5w7bCuMKuwrTDgiDCsMOHwrDCocK/w6Q/,,VHJhamUgQ29yb25hIGRlIGxhIEFudG9yY2hhIFNhZ3JhZGE=
WseNBA,,Q29zdHVtZSBQYXZpYW5uZSBEb2xsIEhhdA==,,,,,W8OAw4zCusOqIMOGw5DDhcONXQrCscOXwrfCsyDCtMODwr7DrsOBw7ggw4XDpMKzwqLCuMKmIMOAw4fCu8OzIMK0w4PCvsOuw4HDuCDDhcOkwrPCosK3w44gwrHCs8OIwq8gw4fDj8K9w4PCsMOawr7DrsK/w6Q/CsKxwrPDiMKvwr/CocK0w4IgXkZGMDAwMMOAw4fCu8OzwrHCs8OIwq/DhMOtw4bDuV4wMDAwMDAgw4fDkSDDgMOlw4DDjCDDh8OKwr/DpCDDh8OPwrTDpMK0w4/CtMOZLg==,,RGlzZnJheiBkZSBtdcOxZWNhIFBhdmlhbm5lIFNvbWJyZXJv
W8eNBA,,Q29zdHVtZSBEZXZpbGluZyBIYXQ=,,,,,W8OAw4zCusOqIMOGw5DDhcONXQrDiMOsLi4uLsK+w67CtcOwwrrCuMOAw5ouLi4uLgrCtcOVwrHDmSDCuMOww4DDmsK4wqYgw4DDh8K7w7MgwrXDlcKxw5kgwrjDsMOAw5rCt8OOIMK5w5nCssOcIMK8w7Ygw4DDlsK+w67Cv8OkLgrCv8O4w4DCuiDDgcKkwrjCuyDCv8OPwrrCrsOHw5EgwrXCtcOHw7zDgMOMwrbDs8Kww60gw4fDkiDCvMO2IMOAw5bDgcO2wr/DpC4=,,R29ycm8gZGUgZGlzZnJheg==
XMeNBA,,Q29zdHVtZSBUYXJlIFpvbmRh,,,,,W8OAw4zCusOqIMOGw5DDhcONXQrCscOXwrfCsyDCtcOVwrHDmSDCuMOww4DDmsK4wqYgw4DDh8K7w7MgwrXDlcKxw5kgwrjDsMOAw5rCt8OOIMKxwrPDiMKvIMOHw4/CvcODwrDDmsK+w67Cv8OkPwrCscKzw4jCr8K/wqHCtMOCIF5GRjAwMDDDgMOHwrvDs8KxwrPDiMKvw4TDrcOGw7leMDAwMDAwIMOHw5Egw4DDpcOAw4wgw4fDisK/w6Qgw4fDj8K0w6TCtMOPwrTDmS4=,,R29ycm8gZGUgVGFyZSBab25kYSBkZWNvcmF0aXZv
XceNBA,,Q29zdHVtZSBOZWtvIE1pbWkgS2FmcmE=,,,,,W8OAw4zCusOqIMOGw5DDhcONXQrDiMOsLi4uLsK+w67CtcOwwrrCuMOAw5ouLi4uLgrCvMOSw4TDj8OAw4wgw4DDlsK0w4IgwrXDlcKxw5kgwrjDsMOAw5rCuMKmIMOAw4fCu8OzIMK1w5XCscOZIMK4w7DDgMOawrfDjiDCucOZwrLDnCDCvMO2IMOAw5bCvsOuwr/DpC4Kwr/DuMOAwrogw4HCpMK4wrsgwr/Dj8K6wq7Dh8ORIMK1wrXDh8O8w4DDjMK2w7PCsMOtIMOHw5IgwrzDtiDDgMOWw4HDtsK/w6Qu,,VHJhamUgTmVrbyBNaW1pIEthZnJh
XseNBA,,Q29zdHVtZSBTbGVlcGluZyBLaXR0eSBIYXQ=,,,,,W8OAw4zCusOqIMOGw5DDhcONXQrCscOXwrfCsyDCvMOSw4TDj8OAw4wgw4DDlsK0w4IgwrXDlcKxw5kgwrjDsMOAw5rCuMKmIMOAw4fCu8OzIMK1w5XCscOZIMK4w7DDgMOawrfDjiDCscKzw4jCryDDh8OPwr3Dg8Kww5rCvsOuwr/DpD8KwrHCs8OIwq/Cv8KhwrTDgiBeRkYwMDAww4DDh8K7w7PCscKzw4jCr8OEw63DhsO5XjAwMDAwMCDDh8ORIMOAw6XDgMOMIMOHw4rCv8OkIMOHw4/CtMOkwrTDj8K0w5ku,,R29ycm8gR2F0aXRvIER1cm1pZW50ZQ==
X8eNBA,,Q29zdHVtZSBIb2x5IE1hcmNoaW5nIEhhdA==,,,,,W8OAw4zCusOqIMOGw5DDhcONXQrDiMOsLi4uLsK+w67CtcOwwrrCuMOAw5ouLi4uLgrCtcOOwrDDh8OAwrsgw4DDh8K7w7MgwrXDjsKww4fDgMK4wrfDjiDCucOZwrLDnCDCvMO2IMOAw5bCvsOuwr/DpC4KwrjDk8K4wq7DhMKrwrbDtMOAwrsgw4jDqsK3wq/Cs8K7wrjCrsOBw7Ygwr7DisKww5Qgw4DDnyDCsMOtw4HCpMOHw5jDgcOWwrHDoiDCtsKnwrnCrsK/wqEgw4DDm8K+w7fCv8KhIMK+w4bDgcOWIMOAwq/Cv8Orw4fDj8K0w6TCtMOPwrTDmS4=,,RGlzZnJheiBTb21icmVybyBkZSBNYXJjaGEgU2FudG8=
YMeNBA,,Q29zdHVtZSBBbmdlbCdzIEJsZXNzaW5n,,,,,W8OAw4zCusOqIMOGw5DDhcONXQrCscOXwrfCsyDCtcOOwrDDh8OAwrsgw4DDh8K7w7MgwrXDjsKww4fDgMK4wrfDjiDCscKzw4jCryDDh8OPwr3Dg8Kww5rCvsOuwr/DpD8KwrHCs8OIwq/Cv8KhwrTDgiBeRkYwMDAww4DDh8K7w7PCscKzw4jCr8OEw63DhsO5XjAwMDAwMCDDh8ORIMOAw6XDgMOMIMOHw4rCv8OkIMOHw4/CtMOkwrTDj8K0w5ku,,TGEgYmVuZGljacOzbiBkZWwgw6FuZ2VsIGRlIGxvcyBkaXNmcmFjZXM=
YceNBA,,Q29zdHVtZSBTYWludCBGcmlsbCBSaWJib24=,,,,,W8OAw4zCusOqIMOGw5DDhcONXQrDiMOsLi4uLsK+w67CtcOwwrrCuMOAw5ouLi4uLgrCt8OOwrXDpcK8wq3DhcKswrjCtMOAwrsgw4DDh8K7w7MgwrfDjsK1w6XCvMKtw4XCrMK4wrTDgMK4wrfDjiDCucOZwrLDnCDCvMO2IMOAw5bCvsOuwr/DpC4Kw4HDuMOBwqTDh8ORIMKwwq3DgMOaw4DDhyDDhsOEwr/DtsKwwqEgwrTDgMKywrjDgcO6IMKww40gwrDCsMOAwrogwrHDosK6w5DDgMOMIMK1w6nCvsOuwr/DpCE=,,Q2ludGEgY29uIHZvbGFudGUgQ29zdHVtZSBTYWludA==
YseNBA,,Q29zdHVtZSBMaWdodCBEYXJrbmVzcyBDcm93bg==,,,,,W8OAw4zCusOqIMOGw5DDhcONXQrCscOXwrfCsyDCt8OOwrXDpcK8wq3DhcKswrjCtMOAwrsgw4DDh8K7w7MgwrfDjsK1w6XCvMKtw4XCrMK4wrTDgMK4wrfDjiDCscKzw4jCryDDh8OPwr3Dg8Kww5rCvsOuwr/DpD8KwrHCs8OIwq/Cv8KhwrTDgiBeRkYwMDAww4DDh8K7w7PCscKzw4jCr8OEw63DhsO5XjAwMDAwMCDDh8ORIMOAw6XDgMOMIMOHw4rCv8OkIMOHw4/CtMOkwrTDj8K0w5ku,,RGlzZnJheiBMdXogT3NjdXJpZGFkIENvcm9uYQ==
Y8eNBA,,Q29zdHVtZSBIYXQgb2YgRm9ydHVuZQ==,,,,,W8OAw4zCusOqIMOGw5DDhcONXQrDiMOsLi4uLsK+w67CtcOwwrrCuMOAw5ouLi4uLgrCuMONwrjDscOAw4cgw4jDhMK1w6XCuMKmIMOAw4fCu8OzIMK4w43CuMOxw4DDhyDDiMOEwrXDpcK3w44gwrnDmcKyw5wgwrzDtiDDgMOWwr7DrsK/w6QuCsK+w67CtcOSw4DDjCDCtMOAwrLCuMOBw7bCs8Kqwr/DpD8gw4jDhMOIw4TDiMOEw4jDhA==,,RGlzZnJheiBTb21icmVybyBkZSBsYSBGb3J0dW5h
ZMeNBA,,Q29zdHVtZSBXYXRlciBMaWx5IENyb3du,,,,,W8OAw4zCusOqIMOGw5DDhcONXQrCscOXwrfCsyDCuMONwrjDscOAw4cgw4jDhMK1w6XCuMKmIMOAw4fCu8OzIMK4w43CuMOxw4DDhyDDiMOEwrXDpcK3w44gwrHCs8OIwq8gw4fDj8K9w4PCsMOawr7DrsK/w6Q/CsKxwrPDiMKvwr/CocK0w4IgXkZGMDAwMMOAw4fCu8OzwrHCs8OIwq/DhMOtw4bDuV4wMDAwMDAgw4fDkSDDgMOlw4DDjCDDh8OKwr/DpCDDh8OPwrTDpMK0w4/CtMOZLg==,,RGlzZnJheiBMaXJpbyBkZSBhZ3VhIENvcm9uYQ==
ZceNBA,,Q29zdHVtZSBLaW5nIEZyb2cgSGF0,,,,,W8OAw4zCusOqIMOGw5DDhcONXQrDiMOsLi4uLsK+w67CtcOwwrrCuMOAw5ouLi4uLgrCuMOTwrjCrsKyw7bDgMK7IMOAw4fCu8OzIMK4w5PCuMKuwrLDtsOAwrjCt8OOIMK5w5nCssOcIMK8w7Ygw4DDlsK+w67Cv8OkLgrCuMOTwrjCrsK4wqYgwr7DiMOBwqTDgMO7w4DCuMK3w44gwrDDrcOBwqTCvcODw4TDkcOBw5bCtMOCIMOAw4wgwrHDosK6w5Agwr7DhsK9w4PCs8Kqwr/DpD8=,,RGlzZnJheiBSZXkgUmFuYSBTb21icmVybw==
ZseNBA,,Q29zdHVtZSBVbWJyZWxsYSBIYXQ=,,,,,W8OAw4zCusOqIMOGw5DDhcONXQrCscOXwrfCsyDCuMOTwrjCrsKyw7bDgMK7IMOAw4fCu8OzIMK4w5PCuMKuwrLDtsOAwrjCt8OOIMKxwrPDiMKvIMOHw4/CvcODwrDDmsK+w67Cv8OkPwrCscKzw4jCr8K/wqHCtMOCIF5GRjAwMDDDgMOHwrvDs8KxwrPDiMKvw4TDrcOGw7leMDAwMDAwIMOHw5Egw4DDpcOAw4wgw4fDisK/w6Qgw4fDj8K0w6TCtMOPwrTDmS4=,,U29tYnJlcm8gcGFyYWd1YXMgcGFyYSBkaXNmcmFjZXM=
Z8eNBA,,Q29zdHVtZSBXaGl0ZSBMaWx5,,,,,W8OAw4zCusOqIMOGw5DDhcONXQrDiMOsLi4uLsK+w67CtcOwwrrCuMOAw5ouLi4uLgrCs8OswrvDtsK4w5PCuMKuwrLDtsOAwrsgw4DDh8K7w7MgwrPDrMK7w7bCuMOTwrjCrsKyw7bDgMK4wrfDjiDCucOZwrLDnCDCvMO2IMOAw5bCvsOuwr/DpC4KwrjDk8K4wq7CuMKmIMK+w4jDgcKkw4DDu8OAwrjCt8OOIMKww63DgcKkwr3Dg8OEw5HDgcOWwrTDgiDDgMOMIMKxw6LCusOQIMK+w4bCvcODwrPCqsK/w6Q/,,RGlzZnJheiBMaXJpbyBibGFuY28=
aMeNBA,,Q29zdHVtZSBIYXBweSBQZWFjZSBQcm9vZg==,,,,,W8OAw4zCusOqIMOGw5DDhcONXQrCscOXwrfCsyDCs8OswrvDtsK4w5PCuMKuwrLDtsOAwrsgw4DDh8K7w7MgwrPDrMK7w7bCuMOTwrjCrsKyw7bDgMK4wrfDjiDCscKzw4jCryDDh8OPwr3Dg8Kww5rCvsOuwr/DpD8KwrHCs8OIwq/Cv8KhwrTDgiBeRkYwMDAww4DDh8K7w7PCscKzw4jCr8OEw63DhsO5XjAwMDAwMCDDh8ORIMOAw6XDgMOMIMOHw4rCv8OkIMOHw4/CtMOkwrTDj8K0w5ku,,RGlzZnJheiBIYXBweSBQZWFjZSBQcm9vZg==
aceNBA,,Q29zdHVtZSBIb21lIENoZXJyeSBCbG9zc29t,,,,,W8OAw4zCusOqIMOGw5DDhcONXQrDiMOsLi4uLsK+w67CtcOwwrrCuMOAw5ouLi4uLgrCu8KhwrDCo8K4w5PCuMKuwrLDtsOAwrsgw4DDh8K7w7MgwrvCocKwwqPCuMOTwrjCrsKyw7bDgMK4wrfDjiDCucOZwrLDnCDCvMO2IMOAw5bCvsOuwr/DpC4KwrjDk8K4wq7CuMKmIMK+w4jDgcKkw4DDu8OAwrjCt8OOIMKww63DgcKkwr3Dg8OEw5HDgcOWwrTDgiDDgMOMIMKxw6LCusOQIMK+w4bCvcODwrPCqsK/w6Q/,,Q29zdHVtZSBIb21lIEZsb3IgZGUgY2VyZXpv
aseNBA,,Q29zdHVtZSBTYWt1cmEgQ29yb25ldA==,,,,,W8OAw4zCusOqIMOGw5DDhcONXQrCscOXwrfCsyDCu8KhwrDCo8K4w5PCuMKuwrLDtsOAwrsgw4DDh8K7w7MgwrvCocKwwqPCuMOTwrjCrsKyw7bDgMK4wrfDjiDCscKzw4jCryDDh8OPwr3Dg8Kww5rCvsOuwr/DpD8KwrHCs8OIwq/Cv8KhwrTDgiBeRkYwMDAww4DDh8K7w7PCscKzw4jCr8OEw63DhsO5XjAwMDAwMCDDh8ORIMOAw6XDgMOMIMOHw4rCv8OkIMOHw4/CtMOkwrTDj8K0w5ku,,VHJhamUgU2FrdXJhIENvcm9uZXQ=
a8eNBA,,Q29zdHVtZSBCdXR0ZXJmbHkgSGFpcnBpbg==,,,,,W8OAw4zCusOqIMOGw5DDhcONXQrDiMOsLi4uLsK+w67CtcOwwrrCuMOAw5ouLi4uLgrDhsOEwrbDtcK4w5PCuMKuwrLDtsOAwrsgw4DDh8K7w7Mgw4bDhMK2w7XCuMOTwrjCrsKyw7bDgMK4wrfDjiDCucOZwrLDnCDCvMO2IMOAw5bCvsOuwr/DpC4KwrjDk8K4wq7CuMKmIMK+w4jDgcKkw4DDu8OAwrjCt8OOIMKww63DgcKkwr3Dg8OEw5HDgcOWwrTDgiDDgMOMIMKxw6LCusOQIMK+w4bCvcODwrPCqsK/w6Q/,,SG9ycXVpbGxhIE1hcmlwb3Nh
bMeNBA,,Q29zdHVtZSBIb25leWJlZSBIYXQ=,,,,,W8OAw4zCusOqIMOGw5DDhcONXQrCscOXwrfCsyDDhsOEwrbDtcK4w5PCuMKuwrLDtsOAwrsgw4DDh8K7w7Mgw4bDhMK2w7XCuMOTwrjCrsKyw7bDgMK4wrfDjiDCscKzw4jCryDDh8OPwr3Dg8Kww5rCvsOuwr/DpD8KwrHCs8OIwq/Cv8KhwrTDgiBeRkYwMDAww4DDh8K7w7PCscKzw4jCr8OEw63DhsO5XjAwMDAwMCDDh8ORIMOAw6XDgMOMIMOHw4rCv8OkIMOHw4/CtMOkwrTDj8K0w5ku,,R29ycm8gZGUgYWJlamEgcGFyYSBkaXNmcmFjZXM=
bceNBA,,Q29zdHVtZSBBbmdlbGluZyBIYWlycGlu,,,,,W8OAw4zCusOqIMOGw5DDhcONXQrDiMOsLi4uLsK+w67CtcOwwrrCuMOAw5ouLi4uLgrDh8OPwr7DocK4w5PCuMKuwrLDtsOAwrsgw4DDh8K7w7Mgw4fDj8K+w6HCuMOTwrjCrsKyw7bDgMK4wrfDjiDCucOZwrLDnCDCvMO2IMOAw5bCvsOuwr/DpC4KwrjDk8K4wq7CuMKmIMK+w4jDgcKkw4DDu8OAwrjCt8OOIMKww63DgcKkwr3Dg8OEw5HDgcOWwrTDgiDDgMOMIMKxw6LCusOQIMK+w4bCvcODwrPCqsK/w6Q/,,SG9ycXVpbGxhIENvc3R1bWUgQW5nZWxpbmc=
bseNBA,,Q29zdHVtZSBFbXBlcm9yIFdyZWF0aA==,,,,,W8OAw4zCusOqIMOGw5DDhcONXQrCscOXwrfCsyDDh8OPwr7DocK4w5PCuMKuwrLDtsOAwrsgw4DDh8K7w7Mgw4fDj8K+w6HCuMOTwrjCrsKyw7bDgMK4wrfDjiDCscKzw4jCryDDh8OPwr3Dg8Kww5rCvsOuwr/DpD8KwrHCs8OIwq/Cv8KhwrTDgiBeRkYwMDAww4DDh8K7w7PCscKzw4jCr8OEw63DhsO5XjAwMDAwMCDDh8ORIMOAw6XDgMOMIMOHw4rCv8OkIMOHw4/CtMOkwrTDj8K0w5ku,,VHJhamUgQ29yb25hIEVtcGVyYWRvcg==
b8eNBA,,Q29zdHVtZSBTd2VldCBHZW50cw==,,,,,W8OAw4zCusOqIMOGw5DDhcONXQrDiMOsLi4uLsK+w67CtcOwwrrCuMOAw5ouLi4uLgrCuMOTwrjCrsK2w6zCuMKmIMOAw4fCu8OzIMK4w5PCuMKuwrbDrMK3w44gwrnDmcKyw5wgwrzDtiDDgMOWwr7DrsK/w6QuCsK9w4nDh8ODIMOAw4zDgcOuIMK6wqPCvcK6w4bCriEh,,RGlzZnJhY2VzIER1bGNlcyBDYWJhbGxlcm9z
cMeNBA,,Q29zdHVtZSBXZWRkaW5nIFZlaWw=,,,,,W8OAw4zCusOqIMOGw5DDhcONXQrCscOXwrfCsyDCuMOTwrjCrsK2w6zCuMKmIMOAw4fCu8OzIMK4w5PCuMKuwrbDrMK3w44gwrHCs8OIwq8gw4fDj8K9w4PCsMOawr7DrsK/w6Q/CsKxwrPDiMKvwr/CocK0w4IgXkZGMDAwMMOAw4fCu8OzwrHCs8OIwq/DhMOtw4bDuV4wMDAwMDAgw4fDkSDDgMOlw4DDjCDDh8OKwr/DpCDDh8OPwrTDpMK0w4/CtMOZLg==,,VmVsbyBkZSBub3ZpYQ==
cceNBA,,Q29zdHVtZSBEcm9vcGluZyBOaW5lIFRhaWw=,,,,,W8OAw4zCusOqIMOGw5DDhcONXQrDiMOsLi4uLsK+w67CtcOwwrrCuMOAw5ouLi4uLgrCuMOTwrjCriDDhsO3w4DDmsKxw6LCuMKmIMOAw4fCu8OzIMK4w5PCuMKuIMOGw7fDgMOawrHDosK3w44gwrnDmcKyw5wgwrzDtiDDgMOWwr7DrsK/w6QuCsK4wrjCtcOOwrDCsMK+w4YgwrrCuMOAw4zDgcO2wrjCuCDCuMK4wrXDjsKwwqEgwr7DhsK0w5XCtMOPwrTDmSE=,,RGlzZnJheiBDb2xhIGRlIE51ZXZlIENhw61kb3M=
cseNBA,,Q29zdHVtZSBQaW53aGVlbCBDYXA=,,,,,W8OAw4zCusOqIMOGw5DDhcONXQrCscOXwrfCsyDCuMOTwrjCriDDhsO3w4DDmsKxw6LCuMKmIMOAw4fCu8OzIMK4w5PCuMKuIMOGw7fDgMOawrHDosK3w44gwrHCs8OIwq8gw4fDj8K9w4PCsMOawr7DrsK/w6Q/CsKxwrPDiMKvwr/CocK0w4IgXkZGMDAwMMOAw4fCu8OzwrHCs8OIwq/DhMOtw4bDuV4wMDAwMDAgw4fDkSDDgMOlw4DDjCDDh8OKwr/DpCDDh8OPwrTDpMK0w4/CtMOZLg==,,R29ycm8gZGUgbW9saW5ldGUgcGFyYSBkaXNmcmFjZXM=
c8eNBA,,Q29zdHVtZSBSZWQgVmFuZSBIYWlycGlu,,,,,W8OAw4zCusOqIMOGw5DDhcONXQrDiMOsLi4uLsK+w67CtcOwwrrCuMOAw5ouLi4uLgrCuMOtwrvDp8K8w7bDgMOHwrvDp8Kww7rCuMKmIMOAw4fCu8OzIMK4w63Cu8OnwrzDtsOAw4fCu8OnwrDDusK3w44gwrnDmcKyw5wgwrzDtiDDgMOWwr7DrsK/w6QuCsOHw5HDhMKhw4DDhyDCv8OAw4LDt8K1wrUgwr7DuMOAw4wgwr/Dj8K6wq7Dh8OPwrDDlCDCssOnwrbDlcK4wrAgw4jCrcK7w6zDgMOHIMK+w4bCuMKnwrTDmcK/w64gwrDCosK1wrXCuMKmIMK6wrjCvMK8wr/DpC4=,,SG9ycXVpbGxhIENvc3R1bWUgUmVkIFZhbmU=
dMeNBA,,Q29zdHVtZSBNYWplc3RpYyBIZWxtZXQ=,,,,,W8OAw4zCusOqIMOGw5DDhcONXQrCscOXwrfCsyDCuMOtwrvDp8K8w7bDgMOHwrvDp8Kww7rCuMKmIMOAw4fCu8OzIMK4w63Cu8OnwrzDtsOAw4fCu8OnwrDDusK3w44gwrHCs8OIwq8gw4fDj8K9w4PCsMOawr7DrsK/w6Q/CsKxwrPDiMKvwr/CocK0w4IgXkZGMDAwMMOAw4fCu8OzwrHCs8OIwq/DhMOtw4bDuV4wMDAwMDAgw4fDkSDDgMOlw4DDjCDDh8OKwr/DpCDDh8OPwrTDpMK0w4/CtMOZLg==,,Q2FzY28gQ29zdHVtZSBNYWplc3RpYw==
dceNBA,,Q29zdHVtZSBCbGF6aW5nIFN1bg==,,,,,W8OAw4zCusOqIMOGw5DDhcONXQrDiMOsLi4uLsK+w67CtcOwwrrCuMOAw5ouLi4uLgrCuMOwwrjCrsK+w4bCs8OXw4DDhyDDh8OvwrjCp8OAwrsgw4DDh8K7w7MgwrjDsMK4wq7CvsOGwrPDl8OAw4cgw4fDr8K4wqfDgMK4wrfDjiDCucOZwrLDnCDCvMO2IMOAw5bCvsOuwr/DpC4Kw4DDjCDCvMK2wrzCvMOHw4/CsMOtIMK5w4zCt8OBw4fDkSDCtcOww4DDmsOAw47DgMK7IMOAw4zDgcKmIMOAw5rDgMKvwrfDk8Kww5QhISEh,,RGlzZnJheiBCbGF6aW5nIFN1bg==
dseNBA,,Q29zdHVtZSBQdXJwbGUgQ293Ym95IEhhdA==,,,,,W8OAw4zCusOqIMOGw5DDhcONXQrCscOXwrfCsyDCuMOwwrjCrsK+w4bCs8OXw4DDhyDDh8OvwrjCp8OAwrsgw4DDh8K7w7MgwrjDsMK4wq7CvsOGwrPDl8OAw4cgw4fDr8K4wqfDgMK4wrfDjiDCscKzw4jCryDDh8OPwr3Dg8Kww5rCvsOuwr/DpD8KwrHCs8OIwq/Cv8KhwrTDgiBeRkYwMDAww4DDh8K7w7PCscKzw4jCr8OEw63DhsO5XjAwMDAwMCDDh8ORIMOAw6XDgMOMIMOHw4rCv8OkIMOHw4/CtMOkwrTDj8K0w5ku,,RGlzZnJheiBTb21icmVybyBWYXF1ZXJvIE1vcmFkbw==
d8eNBA,,Q29zdHVtZSBCZWVyIENhcA==,,,,,W8OAw4zCusOqIMOGw5DDhcONXQrDiMOsLi4uLsK+w67CtcOwwrrCuMOAw5ouLi4uLgrCucKrwrPCqyDCuMOww4DDmsK4wqYgw4DDh8K7w7MgwrnCq8KzwqsgwrjDsMOAw5rCt8OOIMK5w5nCssOcIMK8w7Ygw4DDlsK+w67Cv8OkLgrCucKrwrPCqyDCuMOww4DDmsK/wqHCtMOCIMK9wr3Dh8OCIMOAw7zCvMKzw4DDjCDDgMOWwr7DrsK/w6Qu,,RGlzZnJheiBHb3JyYSBkZSBjZXJ2ZXph
eMeNBA,,Q29zdHVtZSBMYXJnZSBIaWJpc2N1cw==,,,,,W8OAw4zCusOqIMOGw5DDhcONXQrCscOXwrfCsyDCucKrwrPCqyDCuMOww4DDmsK4wqYgw4DDh8K7w7MgwrnCq8KzwqsgwrjDsMOAw5rCt8OOIMKxwrPDiMKvIMOHw4/CvcODwrDDmsK+w67Cv8OkPwrCscKzw4jCr8K/wqHCtMOCIF5GRjAwMDDDgMOHwrvDs8KxwrPDiMKvw4TDrcOGw7leMDAwMDAwIMOHw5Egw4DDpcOAw4wgw4fDisK/w6Qgw4fDj8K0w6TCtMOPwrTDmS4=,,RGlzZnJheiBIaWJpc2NvIGdyYW5kZQ==
eceNBA,,Q29zdHVtZSBJY2VjcmVhbSBIYXQ=,,,,,W8OAw4zCusOqIMOGw5DDhcONXQrDiMOsLi4uLsK+w67CtcOwwrrCuMOAw5ouLi4uLgrCvMOSw4TDj8OAw4wgw4DDlsK0w4IgwrnCq8KzwqsgwrjDsMOAw5rCuMKmIMOAw4fCu8OzIMK5wqvCs8KrIMK4w7DDgMOawrfDjiDCucOZwrLDnCDCvMO2IMOAw5bCvsOuwr/DpC4KwrnCq8KzwqsgwrjDsMOAw5rCv8KhwrTDgiDCvcK9w4fDgiDDgMO8wrzCs8OAw4wgw4DDlsK+w67Cv8OkLg==,,R29ycm8gZGUgaGVsYWRvIHBhcmEgZGlzZnJhY2Vz
eseNBA,,Q29zdHVtZSBTaGlueSBXaWc=,,,,,W8OAw4zCusOqIMOGw5DDhcONXQrCscOXwrfCsyDCvMOSw4TDj8OAw4wgw4DDlsK0w4IgwrnCq8KzwqsgwrjDsMOAw5rCuMKmIMOAw4fCu8OzIMK5wqvCs8KrIMK4w7DDgMOawrfDjiDCscKzw4jCryDDh8OPwr3Dg8Kww5rCvsOuwr/DpD8KwrHCs8OIwq/Cv8KhwrTDgiBeRkYwMDAww4DDh8K7w7PCscKzw4jCr8OEw63DhsO5XjAwMDAwMCDDh8ORIMOAw6XDgMOMIMOHw4rCv8OkIMOHw4/CtMOkwrTDj8K0w5ku,,UGVsdWNhIGJyaWxsYW50ZSBwYXJhIGRpc2ZyYWNlcw==
e8eNBA,,Q29zdHVtZSBMb2xpdGEgVGVuIEdhbGxvbiBIYXQ=,,,,,W8OAw4zCusOqIMOGw5DDhcONXQrDiMOsLi4uLsK+w67CtcOwwrrCuMOAw5ouLi4uLgrCsMKzw4HCtsK1w4ggwrnCq8KzwqsgwrjDsMOAw5rCuMKmIMOAw4fCu8OzIMK5wqvCs8KrIMK4w7DDgMOawrfDjiDCucOZwrLDnCDCvMO2IMOAw5bCvsOuwr/DpC4KwrnCq8KzwqsgwrjDsMOAw5rCv8KhwrTDgiDCvcK9w4fDgiDDgMO8wrzCs8OAw4wgw4DDlsK+w67Cv8OkLg==,,RGlzZnJheiBMb2xpdGEgU29tYnJlcm8gZGUgZGlleiBnYWxvbmVz
fMeNBA,,UGVjb3BlY28gQ2FwIENvc3R1bWU=,,,,,W8OAw4zCusOqIMOGw5DDhcONXQrCscOXwrfCsyDCsMKzw4HCtsK1w4ggwrnCq8KzwqsgwrjDsMOAw5rCuMKmIMOAw4fCu8OzIMK5wqvCs8KrIMK4w7DDgMOawrfDjiDCscKzw4jCryDDh8OPwr3Dg8Kww5rCvsOuwr/DpD8KwrHCs8OIwq/Cv8KhwrTDgiBeRkYwMDAww4DDh8K7w7PCscKzw4jCr8OEw63DhsO5XjAwMDAwMCDDh8ORIMOAw6XDgMOMIMOHw4rCv8OkIMOHw4/CtMOkwrTDj8K0w5ku,,RGlzZnJheiBkZSBHb3JybyBkZSBQZWNvcGVjbw==
fceNBA,,Q29zdHVtZSBEcm9vcCBNb3JvY2MgTWluaW9u,,,,,W8OAw4zCusOqIMOGw5DDhcONXQrDiMOsLi4uLsK+w67CtcOwwrrCuMOAw5ouLi4uLgrCucOMwr3CusOGwq7Ct8K5wr3CusOAw4cgwr/DlcKww7zDgMK7IMOAw4fCu8OzIMK5w4zCvcK6w4bCrsK3wrnCvcK6w4DDhyDCv8OVwrDDvMOAwrjCt8OOIMK5w5nCssOcIMK8w7Ygw4DDlsK+w67Cv8OkLgrCusOYwrrDmCEh,,U29tYnJlcm8gZGUgc2VjdWF6IGRlIE1vcm9jYyBwZXJlem9zbyBkZWNvcmF0aXZv
fseNBA,,Q29zdHVtZSBZZWxsb3cgQmFuZGFuYQ==,,,,,W8OAw4zCusOqIMOGw5DDhcONXQrCscOXwrfCsyDCucOMwr3CusOGwq7Ct8K5wr3CusOAw4cgwr/DlcKww7zDgMK7IMOAw4fCu8OzIMK5w4zCvcK6w4bCrsK3wrnCvcK6w4DDhyDCv8OVwrDDvMOAwrjCt8OOIMKxwrPDiMKvIMOHw4/CvcODwrDDmsK+w67Cv8OkPwrCscKzw4jCr8K/wqHCtMOCIF5GRjAwMDDDgMOHwrvDs8KxwrPDiMKvw4TDrcOGw7leMDAwMDAwIMOHw5Egw4DDpcOAw4wgw4fDisK/w6Qgw4fDj8K0w6TCtMOPwrTDmS4=,,VHJhamUgQmFuZGFuYSBhbWFyaWxsYQ==
f8eNBA,,Q29zdHVtZSBGZWRvcmE=,,,,,W8OAw4zCusOqIMOGw5DDhcONXQrDiMOsLi4uLsK+w67CtcOwwrrCuMOAw5ouLi4uLgrCucOMwr3CusOGwr3Ct8OOw4HDrsK4wqYgw4DDh8K7w7MgwrnDjMK9wrrDhsK9wrfDjsOBw67Ct8OOIMK5w5nCssOcIMK8w7Ygw4DDlsK+w67Cv8OkLgrCvMO4wrzDtsOHw4/CsMOtIMKww63CsMOhw4fDkSDCtMOAwrPCpsOAw4zCv8K5wr/DpC4=,,VHJhamUgRmVkb3Jh
gMeNBA,,Q29zdHVtZSBTdHJhdyBIYXQ=,,,,,W8OAw4zCusOqIMOGw5DDhcONXQrCscOXwrfCsyDCucOMwr3CusOGwr3Ct8OOw4HDrsK4wqYgw4DDh8K7w7MgwrnDjMK9wrrDhsK9wrfDjsOBw67Ct8OOIMKxwrPDiMKvIMOHw4/CvcODwrDDmsK+w67Cv8OkPwrCscKzw4jCr8K/wqHCtMOCIF5GRjAwMDDDgMOHwrvDs8KxwrPDiMKvw4TDrcOGw7leMDAwMDAwIMOHw5Egw4DDpcOAw4wgw4fDisK/w6Qgw4fDj8K0w6TCtMOPwrTDmS4=,,U29tYnJlcm8gZGUgcGFqYSBwYXJhIGRpc2ZyYWNlcw==
gceNBA,,Q29zdHVtZSBGaWxpciBIYXQ=,,,,,W8OAw4zCusOqIMOGw5DDhcONXQrDiMOsLi4uLsK+w67CtcOwwrrCuMOAw5ouLi4uLgrCucOQw4LCpMK4w7DDgMOawrjCpiDDgMOHwrvDsyDCucOQw4LCpMK4w7DDgMOawrfDjiDCucOZwrLDnCDCvMO2IMOAw5bCvsOuwr/DpC4Kw4DDmiEhIMK2wrDCs8Kqw4DDmiEhISDCvcOFwrrDscOAw4cgwrnDmcK0w5nCt8OOISEhISE=,,R29ycm8gRmlsaXI=
gseNBA,,Q29zdHVtZSBQb3JpbmcgSGF0,,,,,W8OAw4zCusOqIMOGw5DDhcONXQrCscOXwrfCsyDCucOQw4LCpMK4w7DDgMOawrjCpiDDgMOHwrvDsyDCucOQw4LCpMK4w7DDgMOawrfDjiDCscKzw4jCryDDh8OPwr3Dg8Kww5rCvsOuwr/DpD8KwrHCs8OIwq/Cv8KhwrTDgiBeRkYwMDAww4DDh8K7w7PCscKzw4jCr8OEw63DhsO5XjAwMDAwMCDDh8ORIMOAw6XDgMOMIMOHw4rCv8OkIMOHw4/CtMOkwrTDj8K0w5ku,,R29ycm8gZGUgUG9yaW5nIHBhcmEgZGlzZnJhY2Vz
g8eNBA,,Q29zdHVtZSBGaWxsZXQ=,,,,,W8OAw4zCusOqIMOGw5DDhcONXQrDiMOsLi4uLsK+w67CtcOwwrrCuMOAw5ouLi4uLgrCucOdw4PCosKww63CuMKmIMOAw4fCu8OzIMK5w53Dg8KiwrDDrcK3w44gwrnDmcKyw5wgwrzDtiDDgMOWwr7DrsK/w6QuCsK7w7PDg8Kzw4DDlMOAwrogwrDDjSDCsMKww4DCuiDCsMOFw4TCpcKww60gwr/DnMK3w47Cv8OuIMK0w4DCs8Kmw4DCuyDDgcOWwrTDgiDDhsOQwrzDhyDCvsOGw4DDjMOFw5vDgMOMwrbDs8Kww60gw4fDkiDCvMO2IMOAw5bDgcOSLg==,,RmlsZXRlIGRlIGRpc2ZyYXo=
hMeNBA,,Q29zdHVtZSBCYXNlYmFsbCBDYXA=,,,,,W8OAw4zCusOqIMOGw5DDhcONXQrCscOXwrfCsyDCucOdw4PCosKww63CuMKmIMOAw4fCu8OzIMK5w53Dg8KiwrDDrcK3w44gwrHCs8OIwq8gw4fDj8K9w4PCsMOawr7DrsK/w6Q/CsKxwrPDiMKvwr/CocK0w4IgXkZGMDAwMMOAw4fCu8OzwrHCs8OIwq/DhMOtw4bDuV4wMDAwMDAgw4fDkSDDgMOlw4DDjCDDh8OKwr/DpCDDh8OPwrTDpMK0w4/CtMOZLg==,,R29ycmEgZGUgYsOpaXNib2wgcGFyYSBkaXNmcmFjZXM=
hceNBA,,Q29zdHVtZSBMaWYgRG9sbCBIYXQ=,,,,,W8OAw4zCusOqIMOGw5DDhcONXQrDiMOsLi4uLsK+w67CtcOwwrrCuMOAw5ouLi4uLgrCusK7wrDDhyDCuMOww4DDmsK4wqYgw4DDh8K7w7MgwrrCu8Kww4cgwrjDsMOAw5rCt8OOIMK5w5nCssOcIMK8w7Ygw4DDlsK+w67Cv8OkLgrDgMO8IMOAw7zCvMKzIMK1w7vDgMKpIMK5w4/DgcO2IMK+w4rCvsOGwr/DpC4=,,RGlzZnJheiBMaWYgRG9sbCBTb21icmVybw==
hseNBA,,Q29zdHVtZSBHaWdhbnRpYyBNYWdlc3RpYyBHb2F0,,,,,W8OAw4zCusOqIMOGw5DDhcONXQrCscOXwrfCsyDCusK7wrDDhyDCuMOww4DDmsK4wqYgw4DDh8K7w7MgwrrCu8Kww4cgwrjDsMOAw5rCt8OOIMKxwrPDiMKvIMOHw4/CvcODwrDDmsK+w67Cv8OkPwrCscKzw4jCr8K/wqHCtMOCIF5GRjAwMDDDgMOHwrvDs8KxwrPDiMKvw4TDrcOGw7leMDAwMDAwIMOHw5Egw4DDpcOAw4wgw4fDisK/w6Qgw4fDj8K0w6TCtMOPwrTDmS4=,,RGlzZnJheiBDYWJyYSBHaWdhbnRlIE1hamVzdHVvc2E=
h8eNBA,,Q29zdHVtZSBWYW5pbG1pcnRoIEhhdA==,,,,,W8OAw4zCusOqIMOGw5DDhcONXQrDiMOsLi4uLsK+w67CtcOwwrrCuMOAw5ouLi4uLgrCvMOSw4TDj8OAw4wgw4DDlsK0w4IgwrrCu8Kww4cgwrjDsMOAw5rCuMKmIMOAw4fCu8OzIMK6wrvCsMOHIMK4w7DDgMOawrfDjiDCucOZwrLDnCDCvMO2IMOAw5bCvsOuwr/DpC4Kw4DDvCDDgMO8wrzCsyDCtcO7w4DCqSDCucOPw4HDtiDCvsOKwr7DhsK/w6Qu,,U29tYnJlcm8gVmFuaWxtaXJ0aA==
iMeNBA,,Q29zdHVtZSBBbmdlbGluZyBDYXA=,,,,,W8OAw4zCusOqIMOGw5DDhcONXQrCscOXwrfCsyDCvMOSw4TDj8OAw4wgw4DDlsK0w4IgwrrCu8Kww4cgwrjDsMOAw5rCuMKmIMOAw4fCu8OzIMK6wrvCsMOHIMK4w7DDgMOawrfDjiDCscKzw4jCryDDh8OPwr3Dg8Kww5rCvsOuwr/DpD8KwrHCs8OIwq/Cv8KhwrTDgiBeRkYwMDAww4DDh8K7w7PCscKzw4jCr8OEw63DhsO5XjAwMDAwMCDDh8ORIMOAw6XDgMOMIMOHw4rCv8OkIMOHw4/CtMOkwrTDj8K0w5ku,,R29ycm8gZGUgQW5nZWxpbmc=
iceNBA,,Q29zdHVtZSBDYXJuaXZhbCBIYXQ=,,,,,W8OAw4zCusOqIMOGw5DDhcONXQrDiMOsLi4uLsK+w67CtcOwwrrCuMOAw5ouLi4uLgrCsMKzw4HCtsK1w4ggwrrCu8Kww4cgwrjDsMOAw5rCuMKmIMOAw4fCu8OzIMK6wrvCsMOHIMK4w7DDgMOawrfDjiDCucOZwrLDnCDCvMO2IMOAw5bCvsOuwr/DpC4Kw4DDvCDDgMO8wrzCsyDCtcO7w4DCqSDCucOPw4HDtiDCvsOKwr7DhsK/w6Qu,,R29ycm8gZGUgY2FybmF2YWwgcGFyYSBkaXNmcmFjZXM=
iseNBA,,Q29zdHVtZSBDYXJuaXZhbCBDaXJjbGV0,,,,,W8OAw4zCusOqIMOGw5DDhcONXQrCscOXwrfCsyDCsMKzw4HCtsK1w4ggwrrCu8Kww4cgwrjDsMOAw5rCuMKmIMOAw4fCu8OzIMK6wrvCsMOHIMK4w7DDgMOawrfDjiDCscKzw4jCryDDh8OPwr3Dg8Kww5rCvsOuwr/DpD8KwrHCs8OIwq/Cv8KhwrTDgiBeRkYwMDAww4DDh8K7w7PCscKzw4jCr8OEw63DhsO5XjAwMDAwMCDDh8ORIMOAw6XDgMOMIMOHw4rCv8OkIMOHw4/CtMOkwrTDj8K0w5ku,,RGlzZnJheiBDaXJjbGV0IENhcm5hdmFs
i8eNBA,,Q29zdHVtZSBSYWJiaXQgRWFyIEhhdA==,,,,,W8OAw4zCusOqIMOGw5DDhcONXQrDiMOsLi4uLsK+w67CtcOwwrrCuMOAw5ouLi4uLgrCusK7w4fDr8K4wqfDgMK7IMOAw4fCu8OzIMK6wrvDh8OvwrjCp8OAwrjCt8OOIMK5w5nCssOcIMK8w7Ygw4DDlsK+w67Cv8OkLgrDgMOMwrDDlCDCucOZwrfDjiDCv8OcwrDDscKww50/IMOHwqrDiMOKIQ==,,R29ycm8gY29uIG9yZWphcyBkZSBjb25lam8=
jMeNBA,,Q29zdHVtZSBEcm9vcGluZyBCdW5ueQ==,,,,,W8OAw4zCusOqIMOGw5DDhcONXQrCscOXwrfCsyDCusK7w4fDr8K4wqfDgMK7IMOAw4fCu8OzIMK6wrvDh8OvwrjCp8OAwrjCt8OOIMKxwrPDiMKvIMOHw4/CvcODwrDDmsK+w67Cv8OkPwrCscKzw4jCr8K/wqHCtMOCIF5GRjAwMDDDgMOHwrvDs8KxwrPDiMKvw4TDrcOGw7leMDAwMDAwIMOHw5Egw4DDpcOAw4wgw4fDisK/w6Qgw4fDj8K0w6TCtMOPwrTDmS4=,,RGlzZnJheiBDb25laml0byBjYcOtZG8=
jceNBA,,Q29zdHVtZSBCbGFjayBCdW5ueSBCYW5k,,,,,W8OAw4zCusOqIMOGw5DDhcONXQrDiMOsLi4uLsK+w67CtcOwwrrCuMOAw5ouLi4uLgrCvMOSw4TDj8OAw4wgw4DDlsK0w4IgwrrCu8OHw6/CuMKnw4DCuyDDgMOHwrvDsyDCusK7w4fDr8K4wqfDgMK4wrfDjiDCucOZwrLDnCDCvMO2IMOAw5bCvsOuwr/DpC4Kw4DDjMKww5QgwrnDmcK3w44gwr/DnMKww7HCsMOdPyDDh8Kqw4jDiiE=,,RGlzZnJheiBCYW5kYSBDb25laml0byBOZWdybw==
jseNBA,,Q29zdHVtZSBHb2xkIFRpYXJh,,,,,W8OAw4zCusOqIMOGw5DDhcONXQrCscOXwrfCsyDCvMOSw4TDj8OAw4wgw4DDlsK0w4IgwrrCu8OHw6/CuMKnw4DCuyDDgMOHwrvDsyDCusK7w4fDr8K4wqfDgMK4wrfDjiDCscKzw4jCryDDh8OPwr3Dg8Kww5rCvsOuwr/DpD8KwrHCs8OIwq/Cv8KhwrTDgiBeRkYwMDAww4DDh8K7w7PCscKzw4jCr8OEw63DhsO5XjAwMDAwMCDDh8ORIMOAw6XDgMOMIMOHw4rCv8OkIMOHw4/CtMOkwrTDj8K0w5ku,,RGlzZnJheiBUaWFyYSBkZSBvcm8=
j8eNBA,,Q29zdHVtZSBQaWFtZXR0ZSBIb29k,,,,,W8OAw4zCusOqIMOGw5DDhcONXQrDiMOsLi4uLsK+w67CtcOwwrrCuMOAw5ouLi4uLgrDh8OiwrvDs8K1w4ggwrrCu8OHw6/CuMKnw4DCuyDDgMOHwrvDsyDCusK7w4fDr8K4wqfDgMK4wrfDjiDCucOZwrLDnCDCvMO2IMOAw5bCvsOuwr/DpC4Kw4DDjMKww5QgwrnDmcK3w44gwr/DnMKww7HCsMOdPyDDh8Kqw4jDiiE=,,Q2FwdWNoYSBkZSBQaWFtZXR0ZSBkZWNvcmF0aXZh
kMeNBA,,Q29zdHVtZSBWYW5hcmdhbmQgSGVsbQ==,,,,,W8OAw4zCusOqIMOGw5DDhcONXQrCscOXwrfCsyDDh8OiwrvDs8K1w4jCusK7w4fDr8K4wqfDgMK7IMOAw4fCu8OzIMK6wrvDh8OvwrjCp8OAwrjCt8OOIMKxwrPDiMKvIMOHw4/CvcODwrDDmsK+w67Cv8OkPwrCscKzw4jCr8K/wqHCtMOCIF5GRjAwMDDDgMOHwrvDs8KxwrPDiMKvw4TDrcOGw7leMDAwMDAwIMOHw5Egw4DDpcOAw4wgw4fDisK/w6Qgw4fDj8K0w6TCtMOPwrTDmS4=,,VHJhamUgVmFuYXJnYW5kIFllbG1v
kceNBA,,Q29zdHVtZSBOaWdodCBTcGFycm93IEhhdA==,,,,,W8OAw4zCusOqIMOGw5DDhcONXQrDiMOsLi4uLsK+w67CtcOwwrrCuMOAw5ouLi4uLgrCusOxwrfCucOFwrjCuMKmIMOAw4fCu8OzIMK6w7HCt8K5w4XCuMK3w44gwrnDmcKyw5wgwrzDtiDDgMOWwr7DrsK/w6QuCsK/w4DCv8OALi4uLiDCvcOFwrzCusOHw5TDgMOMIMK0w4DCssK4w4HCrsK/w6Qh,,U29tYnJlcm8gZGUgZ29ycmnDs24gbm9jdHVybm8gZGVjb3JhdGl2bw==
kseNBA,,Q29zdHVtZSBNYWdpY2lhbidzIE5pZ2h0IENhcA==,,,,,W8OAw4zCusOqIMOGw5DDhcONXQrCscOXwrfCsyDCusOxwrfCucOFwrjCuMKmIMOAw4fCu8OzIMK6w7HCt8K5w4XCuMK3w44gwrHCs8OIwq8gw4fDj8K9w4PCsMOawr7DrsK/w6Q/CsKxwrPDiMKvwr/CocK0w4IgXkZGMDAwMMOAw4fCu8OzwrHCs8OIwq/DhMOtw4bDuV4wMDAwMDAgw4fDkSDDgMOlw4DDjCDDh8OKwr/DpCDDh8OPwrTDpMK0w4/CtMOZLg==,,R29ycm8gZGUgZG9ybWlyIGRlIG1hZ28gZGVjb3JhdGl2bw==
k8eNBA,,Q29zdHVtZSBwUk8gMTB0aCBDYXA=,,,,,W8OAw4zCusOqIMOGw5DDhcONXQrDiMOsLi4uLsK+w67CtcOwwrrCuMOAw5ouLi4uLgrCvMOSw4TDj8OAw4wgw4DDlsK0w4IgwrrDscK3wrnDhcK4wrjCpiDDgMOHwrvDsyDCusOxwrfCucOFwrjCt8OOIMK5w5nCssOcIMK8w7Ygw4DDlsK+w67Cv8OkLgrCv8OAwr/DgC4uLi4gwr3DhcK8wrrDh8OUw4DDjCDCtMOAwrLCuMOBwq7Cv8OkIQ==,,VHJhamUgcFJPIDEwdGggQ2Fw
lMeNBA,,Q29zdHVtZSBTa3VsbCBDYXA=,,,,,W8OAw4zCusOqIMOGw5DDhcONXQrCscOXwrfCsyDCvMOSw4TDj8OAw4wgw4DDlsK0w4IgwrrDscK3wrnDhcK4wrjCpiDDgMOHwrvDsyDCusOxwrfCucOFwrjCt8OOIMKxwrPDiMKvIMOHw4/CvcODwrDDmsK+w67Cv8OkPwrCscKzw4jCr8K/wqHCtMOCIF5GRjAwMDDDgMOHwrvDs8KxwrPDiMKvw4TDrcOGw7leMDAwMDAwIMOHw5Egw4DDpcOAw4wgw4fDisK/w6Qgw4fDj8K0w6TCtMOPwrTDmS4=,,R29ycm8gY29uIGNhbGF2ZXJhIGRlY29yYXRpdm8=
lceNBA,,Q29zdHVtZSBOYXRpb25hbCBGbGFnIEhhdA==,,,,,W8OAw4zCusOqIMOGw5DDhcONXQrDiMOsLi4uLsK+w67CtcOwwrrCuMOAw5ouLi4uLgrCusOxwrvDs8OHw4/CtMOCIMODwrXCu8OnwrjCpiDDgMOHwrvDsyDCusOxwrvDs8OHw4/CtMOCIMODwrXCu8OnwrfDjiDCucOZwrLDnCDCvMO2IMOAw5bCvsOuwr/DpC4KwrDCocKyw7sgwrHDqsOFw5DDgMOMIMKxw43Cv8KhIMK1w6nCvsOuwrDCocK4w6kgwrDCocK3w4HCv8O2wr/DpC4uLg==,,U29tYnJlcm8gZGUgbGEgYmFuZGVyYSBuYWNpb25hbCBkZWNvcmF0aXZv
lseNBA,,Q29zdHVtZSBXaGl0ZSBCYWJ5IERlbW9tIEhhdA==,,,,,W8OAw4zCusOqIMOGw5DDhcONXQrCscOXwrfCsyDCusOxwrvDs8OHw4/CtMOCIMODwrXCu8OnwrjCpiDDgMOHwrvDsyDCusOxwrvDs8OHw4/CtMOCIMODwrXCu8OnwrfDjiDCscKzw4jCryDDh8OPwr3Dg8Kww5rCvsOuwr/DpD8KwrHCs8OIwq/Cv8KhwrTDgiBeRkYwMDAww4DDh8K7w7PCscKzw4jCr8OEw63DhsO5XjAwMDAwMCDDh8ORIMOAw6XDgMOMIMOHw4rCv8OkIMOHw4/CtMOkwrTDj8K0w5ku,,U29tYnJlcm8gZGUgRGV2aXJ1Y2hpIGJsYW5jbyBkZWNvcmF0aXZv
l8eNBA,,Q29zdHVtZSBIYWxsb3dlZW4gSGF0,,,,,W8OAw4zCusOqIMOGw5DDhcONXQrDiMOsLi4uLsK+w67CtcOwwrrCuMOAw5ouLi4uLgrCvMOSw4TDj8OAw4wgw4DDlsK0w4IgwrrDscK7w7PDh8OPwrTDgiDDg8K1wrvDp8K4wqYgw4DDh8K7w7MgwrrDscK7w7PDh8OPwrTDgiDDg8K1wrvDp8K3w44gwrnDmcKyw5wgwrzDtiDDgMOWwr7DrsK/w6QuCsKwwqHCssO7IMKxw6rDhcOQw4DDjCDCscONwr/CoSDCtcOpwr7DrsKwwqHCuMOpIMKwwqHCt8OBwr/DtsK/w6QuLi4=,,U29tYnJlcm8gZGUgSGFsbG93ZWVuIGRlY29yYXRpdm8=
mMeNBA,,Q29zdHVtZSBUcmlhbmdsZSBSb29mIEhhdA==,,,,,W8OAw4zCusOqIMOGw5DDhcONXQrCscOXwrfCsyDCvMOSw4TDj8OAw4wgw4DDlsK0w4IgwrrDscK7w7PDh8OPwrTDgiDDg8K1wrvDp8K4wqYgw4DDh8K7w7MgwrrDscK7w7PDh8OPwrTDgiDDg8K1wrvDp8K3w44gwrHCs8OIwq8gw4fDj8K9w4PCsMOawr7DrsK/w6Q/CsKxwrPDiMKvwr/CocK0w4IgXkZGMDAwMMOAw4fCu8OzwrHCs8OIwq/DhMOtw4bDuV4wMDAwMDAgw4fDkSDDgMOlw4DDjCDDh8OKwr/DpCDDh8OPwrTDpMK0w4/CtMOZLg==,,R29ycm8gVHJpw6FuZ3VsbyBwYXJhIFRlY2hv
mceNBA,,Q29zdHVtZSBMaXR0bGUgRGV2aWwncyBIb3Ju,,,,,W8OAw4zCusOqIMOGw5DDhcONXQrDiMOsLi4uLsK+w67CtcOwwrrCuMOAw5ouLi4uLgrCucOpwrfDg8K/w4HCuMOww4DDmsK4wqYgw4DDh8K7w7MgwrnDqcK3w4PCv8OBwrjDsMOAw5rCt8OOIMK5w5nCssOcIMK8w7Ygw4DDlsK+w67Cv8OkLgrDgcKmIMODw6vDh8Oiw4DDjMK2w7PCuMOpIMKzw6vCuMKlw4DDmsK0w4Igw4DDjcOIw7fDgcO2IMK+w4rCtMOCIMKww43DgMOMwrbDtsKxw67Cv8OkIQ==,,RGlzZnJheiBQZXF1ZcOxbyBjdWVybm8gZGVsIGRpYWJsbw==
mseNBA,,Q29zdHVtZSBEYXJrIEFnZQ==,,,,,W8OAw4zCusOqIMOGw5DDhcONXQrCscOXwrfCsyDCucOpwrfDg8K/w4HCuMOww4DDmsK4wqYgw4DDh8K7w7MgwrnDqcK3w4PCv8OBwrjDsMOAw5rCt8OOIMKxwrPDiMKvIMOHw4/CvcODwrDDmsK+w67Cv8OkPwrCscKzw4jCr8K/wqHCtMOCIF5GRjAwMDDDgMOHwrvDs8KxwrPDiMKvw4TDrcOGw7leMDAwMDAwIMOHw5Egw4DDpcOAw4wgw4fDisK/w6Qgw4fDj8K0w6TCtMOPwrTDmS4=,,RGlzZnJhY2VzIEVkYWQgT3NjdXJh
m8eNBA,,Q29zdHVtZSBSaWJib24gQmxhY2s=,,,,,W8OAw4zCusOqIMOGw5DDhcONXQrDiMOsLi4uLsK+w67CtcOwwrrCuMOAw5ouLi4uLgrCu8Oqw4XCuMOGw7fCuMK1wrjDsMOAw5rCuMKmIMOAw4fCu8OzIMK7w6rDhcK4w4bDt8K4wrXCuMOww4DDmsK3w44gwrnDmcKyw5wgwrzDtiDDgMOWwr7DrsK/w6QuCsK7w4fDgMOXwrvDh8OAw5cgwrLDs8OAw5fCssOzw4DDlyEKw4XCqcK4wq7CvcK6wrjCtsK9wrrCtMOCIMOGw7fCuMK1wrDDuiDDh8OUwrLCsiEhIQ==,,Q2ludGEgcGFyYSBkaXNmcmFjZXMgTmVncmE=
nMeNBA,,Q29zdHVtZSBEcm9vcGluZyBHcmF5IEtpdHR5,,,,,W8OAw4zCusOqIMOGw5DDhcONXQrCscOXwrfCsyDCu8Oqw4XCuMOGw7fCuMK1wrjDsMOAw5rCuMKmIMOAw4fCu8OzIMK7w6rDhcK4w4bDt8K4wrXCuMOww4DDmsK3w44gwrHCs8OIwq8gw4fDj8K9w4PCsMOawr7DrsK/w6Q/CsKxwrPDiMKvwr/CocK0w4IgXkZGMDAwMMOAw4fCu8OzwrHCs8OIwq/DhMOtw4bDuV4wMDAwMDAgw4fDkSDDgMOlw4DDjCDDh8OKwr/DpCDDh8OPwrTDpMK0w4/CtMOZLg==,,RGlzZnJheiBkZSBnYXRpdG8gZ3JpcyBjYcOtZG8=
nceNBA,,Q29zdHVtZSBDbGFzc2ljIFJpYmJvbg==,,,,,W8OAw4zCusOqIMOGw5DDhcONXQrDiMOsLi4uLsK+w67CtcOwwrrCuMOAw5ouLi4uLgrCu8OxwrDCq8OAwrsgw4DDh8K7w7MgwrvDscKwwqvDgMK4wrfDjiDCucOZwrLDnCDCvMO2IMOAw5bCvsOuwr/DpC4Kw4DCusK1w5DCsMOtwrzDtsK1w6nCuMK4IMK+wrTCtMOZwrTDgiDCu8OxwrDCq8OAwrsgw4bDkMK8w4cgwr7DhsOAw4zDhcObw4DCuMK3w44gwr3DgsOIwq3CvcODw4XCsiDDh8OWIMK+w4bDgMOMw4XDm8OAw4zCtsOzwrHCuMK/w6Qh,,Q2ludGEgQ29zdHVtZSBDbGFzc2lj
nseNBA,,Q29zdHVtZSBBbmdlbCBNaW5pIFNpbGsgSGF0,,,,,W8OAw4zCusOqIMOGw5DDhcONXQrCscOXwrfCsyDCu8OxwrDCq8OAwrsgw4DDh8K7w7MgwrvDscKwwqvDgMK4wrfDjiDCscKzw4jCryDDh8OPwr3Dg8Kww5rCvsOuwr/DpD8KwrHCs8OIwq/Cv8KhwrTDgiBeRkYwMDAww4DDh8K7w7PCscKzw4jCr8OEw63DhsO5XjAwMDAwMCDDh8ORIMOAw6XDgMOMIMOHw4rCv8OkIMOHw4/CtMOkwrTDj8K0w5ku,,R29ycm8gZGUgc2VkYSBDb3N0dW1lIEFuZ2VsIE1pbmk=
n8eNBA,,Q29zdHVtZSBHaWdhbnRpYyBXYXRlciBDYXA=,,,,,W8OAw4zCusOqIMOGw5DDhcONXQrDiMOsLi4uLsK+w67CtcOwwrrCuMOAw5ouLi4uLgrCu8O+w4fDgcOHw6zCtcOlwrHDosK+w67CuMKmIMOAw4fCu8OzIMK7w77Dh8OBw4fDrMK1w6XCscOiwr7DrsK3w44gwrnDmcKyw5wgwrzDtiDDgMOWwr7DrsK/w6QuCsK7w77Dh8OBw4fDj8Kww5QgwrzCrcOAw5bCtMOCIMOAw4wgwrPCr8OEwqvCt8OOwr/DssOAw4wgwrjDhcK3w4LDgMOMw4HDkiE=,,RGlzZnJheiBHaWdhbnRpYyBXYXRlciBDYXA=
oMeNBA,,Q29zdHVtZSBQYXJhZGUgSGF0,,,,,W8OAw4zCusOqIMOGw5DDhcONXQrCscOXwrfCsyDCu8O+w4fDgcOHw6zCtcOlwrHDosK+w67CuMKmIMOAw4fCu8OzIMK7w77Dh8OBw4fDrMK1w6XCscOiwr7DrsK3w44gwrHCs8OIwq8gw4fDj8K9w4PCsMOawr7DrsK/w6Q/CsKxwrPDiMKvwr/CocK0w4IgXkZGMDAwMMOAw4fCu8OzwrHCs8OIwq/DhMOtw4bDuV4wMDAwMDAgw4fDkSDDgMOlw4DDjCDDh8OKwr/DpCDDh8OPwrTDpMK0w4/CtMOZLg==,,R29ycm8gcGFyYSBkZXNmaWxlIGRlIGRpc2ZyYWNlcw==
oceNBA,,Q29zdHVtZSBDaHJpc3RtYXMgVHJlZSBIYXQ=,,,,,W8OAw4zCusOqIMOGw5DDhcONXQrDiMOsLi4uLsK+w67CtcOwwrrCuMOAw5ouLi4uLgrCvMOSw4TDj8OAw4wgw4DDlsK0w4IgwrvDvsOHw4HDh8OswrXDpcKxw6LCvsOuwrjCpiDDgMOHwrvDsyDCu8O+w4fDgcOHw6zCtcOlwrHDosK+w67Ct8OOIMK5w5nCssOcIMK8w7Ygw4DDlsK+w67Cv8OkLgrCu8O+w4fDgcOHw4/CsMOUIMK8wq3DgMOWwrTDgiDDgMOMIMKzwq/DhMKrwrfDjsK/w7LDgMOMIMK4w4XCt8OCw4DDjMOBw5Ih,,R29ycm8gZGUgZGlzZnJheiBkZSDDoXJib2wgZGUgTmF2aWRhZA==
oseNBA,,Q29zdHVtZSBTb2xkaWVyIEhhdA==,,,,,W8OAw4zCusOqIMOGw5DDhcONXQrCscOXwrfCsyDCvMOSw4TDj8OAw4wgw4DDlsK0w4IgwrvDvsOHw4HDh8OswrXDpcKxw6LCvsOuwrjCpiDDgMOHwrvDsyDCu8O+w4fDgcOHw6zCtcOlwrHDosK+w67Ct8OOIMKxwrPDiMKvIMOHw4/CvcODwrDDmsK+w67Cv8OkPwrCscKzw4jCr8K/wqHCtMOCIF5GRjAwMDDDgMOHwrvDs8KxwrPDiMKvw4TDrcOGw7leMDAwMDAwIMOHw5Egw4DDpcOAw4wgw4fDisK/w6Qgw4fDj8K0w6TCtMOPwrTDmS4=,,R29ycm8gZGUgc29sZGFkbyBkZWNvcmF0aXZv
o8eNBA,,Q29zdHVtZSBTY29vdGVyIEhhdA==,,,,,W8OAw4zCusOqIMOGw5DDhcONXQrDiMOsLi4uLsK+w67CtcOwwrrCuMOAw5ouLi4uLgrCvMKtw4XCpcK5w7bCvcK6w4DDhyDCu8OUw4DCuyDDgMOHwrvDsyDCvMKtw4XCpcK5w7bCvcK6w4DDhyDCu8OUwrfDjiDCucOZwrLDnCDCvMO2IMOAw5bCvsOuwr/DpC4KwrjDhcOIwqTDgMO7w4DDjiDDgMOaw4XDgiEhIMK+w5bCtcOpw4DCuiDCsMKhwrbDsyEh,,Q2FzY28gcGFyYSBlc2PDunRlciBkZWNvcmF0aXZv
pMeNBA,,Q29zdHVtZSBDaG9pciBIYXQ=,,,,,W8OAw4zCusOqIMOGw5DDhcONXQrCscOXwrfCsyDCvMKtw4XCpcK5w7bCvcK6w4DDhyDCu8OUw4DCuyDDgMOHwrvDsyDCvMKtw4XCpcK5w7bCvcK6w4DDhyDCu8OUwrfDjiDCscKzw4jCryDDh8OPwr3Dg8Kww5rCvsOuwr/DpD8KwrHCs8OIwq/Cv8KhwrTDgiBeRkYwMDAww4DDh8K7w7PCscKzw4jCr8OEw63DhsO5XjAwMDAwMCDDh8ORIMOAw6XDgMOMIMOHw4rCv8OkIMOHw4/CtMOkwrTDj8K0w5ku,,R29ycm8gZGUgZGlzZnJheiBkZSBjb3Jv
pceNBA,,Q29zdHVtZSBEcm9vcGluZyBBcmdpb3Bl,,,,,W8OAw4zCusOqIMOGw5DDhcONXQrDiMOsLi4uLsK+w67CtcOwwrrCuMOAw5ouLi4uLgrCvMK8w4DDj8OHwqXDgcO2w4bDh8OAwrsgw4DDh8K7w7MgwrzCvMOAw4/Dh8Klw4HDtsOGw4fDgMK4wrfDjiDCucOZwrLDnCDCvMO2IMOAw5bCvsOuwr/DpC4Kw4DDusK3w4XDh8ORIMK0w4DCs8KmISDCs8KvIMKwwqHDgcKuwr/DpCE=,,VHJhamUgQXJnaW9wZSBjYcOtZG8=
pseNBA,,Q29zdHVtZSBDaGFpbiBQdXBwZXQ=,,,,,W8OAw4zCusOqIMOGw5DDhcONXQrCscOXwrfCsyDCvMK8w4DDj8OHwqXDgcO2w4bDh8OAwrsgw4DDh8K7w7MgwrzCvMOAw4/Dh8Klw4HDtsOGw4fDgMK4wrfDjiDCscKzw4jCryDDh8OPwr3Dg8Kww5rCvsOuwr/DpD8KwrHCs8OIwq/Cv8KhwrTDgiBeRkYwMDAww4DDh8K7w7PCscKzw4jCr8OEw63DhsO5XjAwMDAwMCDDh8ORIMOAw6XDgMOMIMOHw4rCv8OkIMOHw4/CtMOkwrTDj8K0w5ku,,U29tYnJlcm8gZGUgaGlsb3MgZGUgbWFyaW9uZXRhIGRlY29yYXRpdm8=
p8eNBA,,Q29zdHVtZSBSdW5lIENpcmNsZXQ=,,,,,W8OAw4zCusOqIMOGw5DDhcONXQrDiMOsLi4uLsK+w67CtcOwwrrCuMOAw5ouLi4uLgrCvMOSwr/Dr8K4wq7CvcK6IMOAwq7DgMK7IMOAw4fCu8OzIMK8w5LCv8OvwrjCrsK9wrogw4DCrsOAwrjCt8OOIMK5w5nCssOcIMK8w7Ygw4DDlsK+w67Cv8OkLgrCvsOGLi4uIMK4w7DDgMOawrjCpiDCs8OKwrnCqyDCv8Ktwr3DicOIw7cgwrjCuMK1w6nCvsO6wrPCqiDCusOBwr/DpC4uLiDDiMKlw4DDjCDCusO8w4HCrsKzwqrCsMKlIMKww40gwrDCsMKzw5fCv8OkLg==,,VHJhamUgUnVuYSBDaXJjbGV0
qMeNBA,,Q29zdHVtZSBNaXRyYQ==,,,,,W8OAw4zCusOqIMOGw5DDhcONXQrCscOXwrfCsyDCvMOSwr/Dr8K4wq7CvcK6IMOAwq7DgMK7IMOAw4fCu8OzIMK8w5LCv8OvwrjCrsK9wrogw4DCrsOAwrjCt8OOIMKxwrPDiMKvIMOHw4/CvcODwrDDmsK+w67Cv8OkPwrCscKzw4jCr8K/wqHCtMOCIF5GRjAwMDDDgMOHwrvDs8KxwrPDiMKvw4TDrcOGw7leMDAwMDAwIMOHw5Egw4DDpcOAw4wgw4fDisK/w6Qgw4fDj8K0w6TCtMOPwrTDmS4=,,VHJhamUgTWl0cmE=
qceNBA,,Q29zdHVtZSBEcml2ZXIgQmFuZA==,,,,,W8OAw4zCusOqIMOGw5DDhcONXQrDiMOsLi4uLsK+w67CtcOwwrrCuMOAw5ouLi4uLgrCvMOSw4TDj8OAw4wgw4DDlsK0w4IgwrzDksK/w6/CuMKuwr3CuiDDgMKuw4DCuyDDgMOHwrvDsyDCvMOSwr/Dr8K4wq7CvcK6IMOAwq7DgMK4wrfDjiDCucOZwrLDnCDCvMO2IMOAw5bCvsOuwr/DpC4Kwr7Dhi4uLiDCuMOww4DDmsK4wqYgwrPDisK5wqsgwr/CrcK9w4nDiMO3IMK4wrjCtcOpwr7DusKzwqogwrrDgcK/w6QuLi4gw4jCpcOAw4wgwrrDvMOBwq7Cs8KqwrDCpSDCsMONIMKwwrDCs8OXwr/DpC4=,,QmFuZGEgZGUgY29uZHVjdG9yZXMgZGlzZnJhemFkb3M=
qseNBA,,Q29zdHVtZSBEcml2ZXIgQmFuZCAoWWVsbG93KQ==,,,,,W8OAw4zCusOqIMOGw5DDhcONXQrCscOXwrfCsyDCvMOSw4TDj8OAw4wgw4DDlsK0w4IgwrzDksK/w6/CuMKuwr3CuiDDgMKuw4DCuyDDgMOHwrvDsyDCvMOSwr/Dr8K4wq7CvcK6IMOAwq7DgMK4wrfDjiDCscKzw4jCryDDh8OPwr3Dg8Kww5rCvsOuwr/DpD8KwrHCs8OIwq/Cv8KhwrTDgiBeRkYwMDAww4DDh8K7w7PCscKzw4jCr8OEw63DhsO5XjAwMDAwMCDDh8ORIMOAw6XDgMOMIMOHw4rCv8OkIMOHw4/CtMOkwrTDj8K0w5ku,,QmFuZGEgZGUgZGlzZnJheiBkZSBjb25kdWN0b3IgKGFtYXJpbGxhKQ==
q8eNBA,,Q29zdHVtZSBTaGFkb3cgSGFuZGljcmFmdA==,,,,,W8OAw4zCusOqIMOGw5DDhcONXQrDiMOsLi4uLsK+w67CtcOwwrrCuMOAw5ouLi4uLgrCvMKtw4XCrMK4wrTDgMK7IMOAw4fCu8OzIMK8wq3DhcKswrjCtMOAwrjCt8OOIMK5w5nCssOcIMK8w7Ygw4DDlsK+w67Cv8OkLgrCsMO4w4HDlsK0w5TDgMOMIMK1w4ggwrDDjSDCsMKww4DCuiDCscOiwrrDkMOAwrsgwrTDgMKywrjCv8Okfn4KwrvDvsK2w7PCtsOzwrbDtsK2w7PCtsO2wrbDs8K2w7PCtsOzwrbDtsK2w7bCtsO2wrbDtn5+fg==,,RGlzZnJheiBTb21icmEgQXJ0ZXNhbsOtYQ==
rMeNBA,,Q29zdHVtZSBNYWVzdHJvIFNvbmcncyBIYXQ=,,,,,W8OAw4zCusOqIMOGw5DDhcONXQrCscOXwrfCsyDCvMKtw4XCrMK4wrTDgMK7IMOAw4fCu8OzIMK8wq3DhcKswrjCtMOAwrjCt8OOIMKxwrPDiMKvIMOHw4/CvcODwrDDmsK+w67Cv8OkPwrCscKzw4jCr8K/wqHCtMOCIF5GRjAwMDDDgMOHwrvDs8KxwrPDiMKvw4TDrcOGw7leMDAwMDAwIMOHw5Egw4DDpcOAw4wgw4fDisK/w6Qgw4fDj8K0w6TCtMOPwrTDmS4=,,VHJhamUgU29tYnJlcm8gZGVsIE1hZXN0cm8gU29uZw==
rceNBA,,Q29zdHVtZSBNaWRhcyBXaGlzcGVy,,,,,W8OAw4zCusOqIMOGw5DDhcONXQrDiMOsLi4uLsK+w67CtcOwwrrCuMOAw5ouLi4uLgrCvMOSw4TDj8OAw4wgw4DDlsK0w4IgwrzCrcOFwqzCuMK0w4DCuyDDgMOHwrvDsyDCvMKtw4XCrMK4wrTDgMK4wrfDjiDCucOZwrLDnCDCvMO2IMOAw5bCvsOuwr/DpC4KwrDDuMOBw5bCtMOUw4DDjCDCtcOIIMKww40gwrDCsMOAwrogwrHDosK6w5DDgMK7IMK0w4DCssK4wr/DpH5+CsK7w77CtsOzwrbDs8K2w7bCtsOzwrbDtsK2w7PCtsOzwrbDs8K2w7bCtsO2wrbDtsK2w7Z+fn4=,,RGlzZnJheiBNaWRhcyBXaGlzcGVy
rseNBA,,Q29zdHVtZSBNYWdpYyBTdG9uZSBIYXQ=,,,,,W8OAw4zCusOqIMOGw5DDhcONXQrCscOXwrfCsyDCvMOSw4TDj8OAw4wgw4DDlsK0w4IgwrzCrcOFwqzCuMK0w4DCuyDDgMOHwrvDsyDCvMKtw4XCrMK4wrTDgMK4wrfDjiDCscKzw4jCryDDh8OPwr3Dg8Kww5rCvsOuwr/DpD8KwrHCs8OIwq/Cv8KhwrTDgiBeRkYwMDAww4DDh8K7w7PCscKzw4jCr8OEw63DhsO5XjAwMDAwMCDDh8ORIMOAw6XDgMOMIMOHw4rCv8OkIMOHw4/CtMOkwrTDj8K0w5ku,,RGlzZnJheiBTb21icmVybyBkZSBQaWVkcmEgTcOhZ2ljYQ==
r8eNBA,,Q29zdHVtZSBXaW5kIFdoaXNwZXI=,,,,,W8OAw4zCusOqIMOGw5DDhcONXQrDiMOsLi4uLsK+w67CtcOwwrrCuMOAw5ouLi4uLgrCu8Onwr3Cv8K7w5TDgMK7IMOAw4fCu8OzIMK7w6fCvcK/wrvDlMK3w44gwrnDmcKyw5wgwrzDtiDDgMOWwr7DrsK/w6QuCsOHwqsgwrTDnsK/wqnCvMKtIMK4w5TDgMK4wrjDqSDCsMOHwrDCrcK/wqEgw4HDgcK0w5nCsMOtIMOHw5XCtMOPwrTDmcK4wrguLi4u,,RGlzZnJheiBTdXN1cnJvIGRlbCB2aWVudG8=
sMeNBA,,Q29zdHVtZSBEeWluZyBTd2Fu,,,,,W8OAw4zCusOqIMOGw5DDhcONXQrCscOXwrfCsyDCu8Onwr3Cv8K7w5TDgMK7IMOAw4fCu8OzIMK7w6fCvcK/wrvDlMK3w44gwrHCs8OIwq8gw4fDj8K9w4PCsMOawr7DrsK/w6Q/CsKxwrPDiMKvwr/CocK0w4IgXkZGMDAwMMOAw4fCu8OzwrHCs8OIwq/DhMOtw4bDuV4wMDAwMDAgw4fDkSDDgMOlw4DDjCDDh8OKwr/DpCDDh8OPwrTDpMK0w4/CtMOZLg==,,RGlzZnJheiBkZSBjaXNuZSBtb3JpYnVuZG8=
sceNBA,,Q29zdHVtZSBDYXNrZXQgb2YgUHJvdGVjdGlvbg==,,,,,W8OAw4zCusOqIMOGw5DDhcONXQrDiMOsLi4uLsK+w67CtcOwwrrCuMOAw5ouLi4uLgrCvcK6w4DCp8OGwq7DgcKow4bCssOAwrsgw4DDh8K7w7Mgwr3CusOAwqfDhsKuw4HCqMOGwrLCt8OOIMK5w5nCssOcIMK8w7Ygw4DDlsK+w67Cv8OkLgrDgcO4w4HCpMOHw5EgwrPCssOAw5rDgMOHIMK4w5rDgMOMwrbDtSDDgMOMwrfCscKww5Qgwr7DhsK0w5LCscOuwr/DpD8gw4jDisOIw4o=,,QXRhw7pkIGRlIHByb3RlY2Npw7Nu
sseNBA,,Q29zdHVtZSBCb25lIENpcmNsZXQ=,,,,,W8OAw4zCusOqIMOGw5DDhcONXQrCscOXwrfCsyDCvcK6w4DCp8OGwq7DgcKow4bCssOAwrsgw4DDh8K7w7Mgwr3CusOAwqfDhsKuw4HCqMOGwrLCt8OOIMKxwrPDiMKvIMOHw4/CvcODwrDDmsK+w67Cv8OkPwrCscKzw4jCr8K/wqHCtMOCIF5GRjAwMDDDgMOHwrvDs8KxwrPDiMKvw4TDrcOGw7leMDAwMDAwIMOHw5Egw4DDpcOAw4wgw4fDisK/w6Qgw4fDj8K0w6TCtMOPwrTDmS4=,,RGlzZnJheiBDaXJjbGV0IEJvbmU=
s8eNBA,,Q29zdHVtZSBDYW1vdWZsYWdlIEJ1bm55IEhvb2Q=,,,,,W8OAw4zCusOqIMOGw5DDhcONXQrDiMOsLi4uLsK+w67CtcOwwrrCuMOAw5ouLi4uLgrCvsOGw4fDgcK3w47CsMKhwrnDn8OAwrsgw4DDh8K7w7Mgwr7DhsOHw4HCt8OOwrDCocK5w5/Ct8OOIMK5w5nCssOcIMK8w7Ygw4DDlsK+w67Cv8OkLgrDh8KhwrjCrsOFw7XCs8O2w4DDlSEhISE=,,RGlzZnJheiBDb25laml0byBDYW11ZmxhamUgQ2FwdWNoYQ==
tMeNBA,,Q29zdHVtZSBHb2xkZW4gRXhjbGFtYXRpb24=,,,,,W8OAw4zCusOqIMOGw5DDhcONXQrCscOXwrfCsyDCvsOGw4fDgcK3w47CsMKhwrnDn8OAwrsgw4DDh8K7w7Mgwr7DhsOHw4HCt8OOwrDCocK5w5/Ct8OOIMKxwrPDiMKvIMOHw4/CvcODwrDDmsK+w67Cv8OkPwrCscKzw4jCr8K/wqHCtMOCIF5GRjAwMDDDgMOHwrvDs8KxwrPDiMKvw4TDrcOGw7leMDAwMDAwIMOHw5Egw4DDpcOAw4wgw4fDisK/w6Qgw4fDj8K0w6TCtMOPwrTDmS4=,,VHJhamUgRXhjbGFtYWNpw7NuIERvcmFkYQ==
tceNBA,,Q29zdHVtZSBHb2xkZW4gUXVlc3Rpb24=,,,,,W8OAw4zCusOqIMOGw5DDhcONXQrDiMOsLi4uLsK+w67CtcOwwrrCuMOAw5ouLi4uLgrCvsOHwrjCtsOAw4fCuMOTwrjCrsK2w6zCuMKmIMOAw4fCu8OzIMK+w4fCuMK2w4DDh8K4w5PCuMKuwrbDrMK3w44gwrnDmcKyw5wgwrzDtiDDgMOWwr7DrsK/w6QuCsK+w4fCuMK2IMKwwrDDgMK6IMK4w4XCt8OCw4DCuyDCsMKhw4HDtsKww60gwr3DjcK0w5nCuMOpIMODw5/Dg8K1ISE=,,RGlzZnJheiBQcmVndW50YSBEb3JhZGE=
tseNBA,,Q29zdHVtZSBDb2xkIFByb3RlY3Rpb24gSGF0,,,,,W8OAw4zCusOqIMOGw5DDhcONXQrCscOXwrfCsyDCvsOHwrjCtsOAw4fCuMOTwrjCrsK2w6zCuMKmIMOAw4fCu8OzIMK+w4fCuMK2w4DDh8K4w5PCuMKuwrbDrMK3w44gwrHCs8OIwq8gw4fDj8K9w4PCsMOawr7DrsK/w6Q/CsKxwrPDiMKvwr/CocK0w4IgXkZGMDAwMMOAw4fCu8OzwrHCs8OIwq/DhMOtw4bDuV4wMDAwMDAgw4fDkSDDgMOlw4DDjCDDh8OKwr/DpCDDh8OPwrTDpMK0w4/CtMOZLg==,,R29ycm8gZGUgcHJvdGVjY2nDs24gY29udHJhIGVsIGZyw61v
t8eNBA,,Q29zdHVtZSBBdXJhIFF1YXJ0eiBDcm93bg==,,,,,W8OAw4zCusOqIMOGw5DDhcONXQrDiMOsLi4uLsK+w67CtcOwwrrCuMOAw5ouLi4uLgrCvMOSw4TDj8OAw4wgw4DDlsK0w4Igwr7Dh8K4wrbDgMOHwrjDk8K4wq7CtsOswrjCpiDDgMOHwrvDsyDCvsOHwrjCtsOAw4fCuMOTwrjCrsK2w6zCt8OOIMK5w5nCssOcIMK8w7Ygw4DDlsK+w67Cv8OkLgrCvsOHwrjCtiDCsMKww4DCuiDCuMOFwrfDgsOAwrsgwrDCocOBw7bCsMOtIMK9w43CtMOZwrjDqSDDg8Ofw4PCtSEh,,VHJhamUgQXVyYSBDdWFyem8gQ29yb25h
uMeNBA,,Q29zdHVtZSBMdW5hdGljIEhhdA==,,,,,W8OAw4zCusOqIMOGw5DDhcONXQrCscOXwrfCsyDCvMOSw4TDj8OAw4wgw4DDlsK0w4Igwr7Dh8K4wrbDgMOHwrjDk8K4wq7CtsOswrjCpiDDgMOHwrvDsyDCvsOHwrjCtsOAw4fCuMOTwrjCrsK2w6zCt8OOIMKxwrPDiMKvIMOHw4/CvcODwrDDmsK+w67Cv8OkPwrCscKzw4jCr8K/wqHCtMOCIF5GRjAwMDDDgMOHwrvDs8KxwrPDiMKvw4TDrcOGw7leMDAwMDAwIMOHw5Egw4DDpcOAw4wgw4fDisK/w6Qgw4fDj8K0w6TCtMOPwrTDmS4=,,R29ycm8gZGUgZGlzZnJheiBkZSBsdW7DoXRpY28=
uceNBA,,Q29zdHVtZSBCbHVlIEJlYW5pZQ==,,,,,W8OAw4zCusOqIMOGw5DDhcONXQrDiMOsLi4uLsK+w67CtcOwwrrCuMOAw5ouLi4uLgrCvsOIw4XDl8KzwqrCuMKmIMOAw4fCu8OzIMK+w4jDhcOXwrPCqsK3w44gwrnDmcKyw5wgwrzDtiDDgMOWwr7DrsK/w6QuCsK/w6zCv8O0Li4uIMK9w4XDiMKjwrDCoSDDgMOiw4jDusK1w60gwrjCu8K1w60uLi4u,,R29ycm8gYXp1bCBwYXJhIGRpc2ZyYWNlcw==
useNBA,,Q29zdHVtZSBFbGRlciBDcm93bg==,,,,,W8OAw4zCusOqIMOGw5DDhcONXQrCscOXwrfCsyDCvsOIw4XDl8KzwqrCuMKmIMOAw4fCu8OzIMK+w4jDhcOXwrPCqsK3w44gwrHCs8OIwq8gw4fDj8K9w4PCsMOawr7DrsK/w6Q/CsKxwrPDiMKvwr/CocK0w4IgXkZGMDAwMMOAw4fCu8OzwrHCs8OIwq/DhMOtw4bDuV4wMDAwMDAgw4fDkSDDgMOlw4DDjCDDh8OKwr/DpCDDh8OPwrTDpMK0w4/CtMOZLg==,,RGlzZnJheiBDb3JvbmEgZGUgQW5jaWFubw==
u8eNBA,,Q29zdHVtZSBHYWxhbnRodXMgR3VhcmQ=,,,,,W8OAw4zCusOqIMOGw5DDhcONXQrDiMOsLi4uLsK+w67CtcOwwrrCuMOAw5ouLi4uLgrCvsOnwrDCpcK3wqHCu8Oqw4XCuMK4w7DDgMOawrjCpiDDgMOHwrvDsyDCvsOnwrDCpcK3wqHCu8Oqw4XCuMK4w7DDgMOawrfDjiDCucOZwrLDnCDCvMO2IMOAw5bCvsOuwr/DpC4Kw4XCqcK4wq7CvcK6wrjCtsK9wrrCuMKmIMK1w47CucOowrfDjiDDgcOxwrHDosK0w4IhIMKww4cgwr7DhsK0w4/DgcO2wrjCuMK/w6Qu,,VHJhamUgR2FsYW50aHVzIEd1YXJkaWE=
vMeNBA,,Q29zdHVtZSBzYUxVc2FsbyBIYXQ=,,,,,W8OAw4zCusOqIMOGw5DDhcONXQrCscOXwrfCsyDCvsOnwrDCpcK3wqHCu8Oqw4XCuMK4w7DDgMOawrjCpiDDgMOHwrvDsyDCvsOnwrDCpcK3wqHCu8Oqw4XCuMK4w7DDgMOawrfDjiDCscKzw4jCryDDh8OPwr3Dg8Kww5rCvsOuwr/DpD8KwrHCs8OIwq/Cv8KhwrTDgiBeRkYwMDAww4DDh8K7w7PCscKzw4jCr8OEw63DhsO5XjAwMDAwMCDDh8ORIMOAw6XDgMOMIMOHw4rCv8OkIMOHw4/CtMOkwrTDj8K0w5ku,,R29ycm8gc2FMVXNhbG8=
vceNBA,,Q29zdHVtZSBCb21iIEhhdA==,,,,,W8OAw4zCusOqIMOGw5DDhcONXQrDiMOsLi4uLsK+w67CtcOwwrrCuMOAw5ouLi4uLgrCv8Kjw4HCqcK4wrUgwrjDsMOAw5rCuMKmIMOAw4fCu8OzIMK/wqPDgcKpwrjCtSDCuMOww4DDmsK3w44gwrnDmcKyw5wgwrzDtiDDgMOWwr7DrsK/w6QuCsODw5bCsMOtIMOAw47CscOiIMK4w7PCvcK6w4XDjcOAw4cgw4DDjsKxw6LCuMKmIMOHw5HCuMO2wr/CoSEhIQ==,,R29ycm8gYm9tYmEgcGFyYSBkaXNmcmFjZXM=
vseNBA,,Q29zdHVtZSBEcmFnb24gVHVydGxlIEhhdA==,,,,,W8OAw4zCusOqIMOGw5DDhcONXQrCscOXwrfCsyDCv8Kjw4HCqcK4wrUgwrjDsMOAw5rCuMKmIMOAw4fCu8OzIMK/wqPDgcKpwrjCtSDCuMOww4DDmsK3w44gwrHCs8OIwq8gw4fDj8K9w4PCsMOawr7DrsK/w6Q/CsKxwrPDiMKvwr/CocK0w4IgXkZGMDAwMMOAw4fCu8OzwrHCs8OIwq/DhMOtw4bDuV4wMDAwMDAgw4fDkSDDgMOlw4DDjCDDh8OKwr/DpCDDh8OPwrTDpMK0w4/CtMOZLg==,,RGlzZnJheiBEcmFnw7NuIFRvcnR1Z2EgU29tYnJlcm8=
v8eNBA,,Q29zdHVtZSBMaW5jb2xuIEhhdA==,,,,,W8OAw4zCusOqIMOGw5DDhcONXQrDiMOsLi4uLsK+w67CtcOwwrrCuMOAw5ouLi4uLgrCv8Kpwr/DrMKwwqHCuMOpw4DCuyDDgMOHwrvDsyDCv8Kpwr/DrMKwwqHCuMOpw4DCuMK3w44gwrnDmcKyw5wgwrzDtiDDgMOWwr7DrsK/w6QuCsKwwqHCuMOpw4DDjMOBw7bCuMK4IMK4w5PCuMKuIMOAwqfDgsOKwr/CoSDCu8Osw4LCpiDCsMOJw4PDhMK8wq0gwr3DocOBw5bCtMOCIMKww43DgMOMIMK8wr7CvcK6IQ==,,RGlzZnJheiBkZSBMaW5jb2xuIFNvbWJyZXJv
wMeNBA,,Q29zdHVtZSBDb29sIERpbm5lciBIYXQ=,,,,,W8OAw4zCusOqIMOGw5DDhcONXQrCscOXwrfCsyDCv8Kpwr/DrMKwwqHCuMOpw4DCuyDDgMOHwrvDsyDCv8Kpwr/DrMKwwqHCuMOpw4DCuMK3w44gwrHCs8OIwq8gw4fDj8K9w4PCsMOawr7DrsK/w6Q/CsKxwrPDiMKvwr/CocK0w4IgXkZGMDAwMMOAw4fCu8OzwrHCs8OIwq/DhMOtw4bDuV4wMDAwMDAgw4fDkSDDgMOlw4DDjCDDh8OKwr/DpCDDh8OPwrTDpMK0w4/CtMOZLg==,,U29tYnJlcm8gZGUgZmVzdMOtbiBlbGVnYW50ZSBkZWNvcmF0aXZv
wceNBA,,Q29zdHVtZSBMb25nIFdvbGYgRWFycw==,,,,,W8OAw4zCusOqIMOGw5DDhcONXQrDiMOsLi4uLsK+w67CtcOwwrrCuMOAw5ouLi4uLgrCsMKzw4HCtsK1w4ggwr/CqcK/w6zCsMKhwrjDqcOAwrsgw4DDh8K7w7Mgwr/CqcK/w6zCsMKhwrjDqcOAwrjCt8OOIMK5w5nCssOcIMK8w7Ygw4DDlsK+w67Cv8OkLgrCsMKhwrjDqcOAw4zDgcO2wrjCuCDCuMOTwrjCriDDgMKnw4LDisK/wqEgwrvDrMOCwqYgwrDDicODw4TCvMKtIMK9w6HDgcOWwrTDgiDCsMONw4DDjCDCvMK+wr3CuiE=,,RGlzZnJheiBPcmVqYXMgTGFyZ2FzIGRlIExvYm8=
wseNBA,,Q29zdHVtZSBCZXJldCBPZiBBcnRpc3Q=,,,,,W8OAw4zCusOqIMOGw5DDhcONXQrCscOXwrfCsyDCsMKzw4HCtsK1w4ggwr/CqcK/w6zCsMKhwrjDqcOAwrsgw4DDh8K7w7Mgwr/CqcK/w6zCsMKhwrjDqcOAwrjCt8OOIMKxwrPDiMKvIMOHw4/CvcODwrDDmsK+w67Cv8OkPwrCscKzw4jCr8K/wqHCtMOCIF5GRjAwMDDDgMOHwrvDs8KxwrPDiMKvw4TDrcOGw7leMDAwMDAwIMOHw5Egw4DDpcOAw4wgw4fDisK/w6Qgw4fDj8K0w6TCtMOPwrTDmS4=,,Qm9pbmEgZGUgYXJ0aXN0YSBkZWNvcmF0aXZh
w8eNBA,,Q29zdHVtZSBaYWhhIERvbGwgSGF0,,,,,W8OAw4zCusOqIMOGw5DDhcONXQrDiMOsLi4uLsK+w67CtcOwwrrCuMOAw5ouLi4uLgrCv8KswrLDiSDCuMOww4DDmsK4wqYgw4DDh8K7w7Mgwr/CrMKyw4kgwrjDsMOAw5rCt8OOIMK5w5nCssOcIMK8w7Ygw4DDlsK+w67Cv8OkLgrDgMOMIMODwrvCvsOGw4fDj8Kww60gwrDDrcK/w6TDh8ORIMK0w4DCs8KmLi4uICDCuMOAw4DDlsK0w4Igwr/CrMKxw5kuLi4=,,U29tYnJlcm8gZGUgbXXDsWVjYSBkZSBaYWhhIGRlY29yYXRpdm8=
xMeNBA,,Q29zdHVtZSBIZWFydCBSaWJib24gQmFuZA==,,,,,W8OAw4zCusOqIMOGw5DDhcONXQrCscOXwrfCsyDCv8KswrLDiSDCuMOww4DDmsK4wqYgw4DDh8K7w7Mgwr/CrMKyw4kgwrjDsMOAw5rCt8OOIMKxwrPDiMKvIMOHw4/CvcODwrDDmsK+w67Cv8OkPwrCscKzw4jCr8K/wqHCtMOCIF5GRjAwMDDDgMOHwrvDs8KxwrPDiMKvw4TDrcOGw7leMDAwMDAwIMOHw5Egw4DDpcOAw4wgw4fDisK/w6Qgw4fDj8K0w6TCtMOPwrTDmS4=,,Q2ludGEgcGFyYSBlbCBjYWJlbGxvIGNvbiBjb3JhesOzbiBkZWNvcmF0aXZh
xceNBA,,Q29zdHVtZSBSZWQgQmVyZXQ=,,,,,W8OAw4zCusOqIMOGw5DDhcONXQrDiMOsLi4uLsK+w67CtcOwwrrCuMOAw5ouLi4uLgrCv8OVIMK4wq7CusK7w4DCuyDDgMOHwrvDsyDCv8OVIMK4wq7CusK7w4DCuMK3w44gwrnDmcKyw5wgwrzDtiDDgMOWwr7DrsK/w6QuCsOEwr/DgcO4IMK4wrjDhcKtIMKxw43Cv8Kpwr/DssK1wrUgJ8K/w5Unwr7Dt8Kxw5fCt8K5w4DDjMK1w6Uh,,Qm9pbmEgcm9qYSBkZWNvcmF0aXZh
xseNBA,,Q29zdHVtZSBPcmFuZ2UgUmliYm9u,,,,,W8OAw4zCusOqIMOGw5DDhcONXQrCscOXwrfCsyDCv8OVIMK4wq7CusK7w4DCuyDDgMOHwrvDsyDCv8OVIMK4wq7CusK7w4DCuMK3w44gwrHCs8OIwq8gw4fDj8K9w4PCsMOawr7DrsK/w6Q/CsKxwrPDiMKvwr/CocK0w4IgXkZGMDAwMMOAw4fCu8OzwrHCs8OIwq/DhMOtw4bDuV4wMDAwMDAgw4fDkSDDgMOlw4DDjCDDh8OKwr/DpCDDh8OPwrTDpMK0w4/CtMOZLg==,,TGF6byBuYXJhbmphIGRlY29yYXRpdm8=
x8eNBA,,Q29zdHVtZSBGaXJpbnRvIFNjYXJm,,,,,W8OAw4zCusOqIMOGw5DDhcONXQrDiMOsLi4uLsK+w67CtcOwwrrCuMOAw5ouLi4uLgrCvMOSw4TDj8OAw4wgw4DDlsK0w4Igwr/DlSDCuMKuwrrCu8OAwrsgw4DDh8K7w7Mgwr/DlSDCuMKuwrrCu8OAwrjCt8OOIMK5w5nCssOcIMK8w7Ygw4DDlsK+w67Cv8OkLgrDhMK/w4HDuCDCuMK4w4XCrSDCscONwr/CqcK/w7LCtcK1ICfCv8OVJ8K+w7fCscOXwrfCucOAw4zCtcOlIQ==,,UGHDsXVlbG8gZGUgRmlyaW50byBkZWNvcmF0aXZv
yMeNBA,,Q29zdHVtZSBCdWRkaGlzdCBQcmllc3QgQ3Jvd24=,,,,,W8OAw4zCusOqIMOGw5DDhcONXQrCscOXwrfCsyDCvMOSw4TDj8OAw4wgw4DDlsK0w4Igwr/DlSDCuMKuwrrCu8OAwrsgw4DDh8K7w7Mgwr/DlSDCuMKuwrrCu8OAwrjCt8OOIMKxwrPDiMKvIMOHw4/CvcODwrDDmsK+w67Cv8OkPwrCscKzw4jCr8K/wqHCtMOCIF5GRjAwMDDDgMOHwrvDs8KxwrPDiMKvw4TDrcOGw7leMDAwMDAwIMOHw5Egw4DDpcOAw4wgw4fDisK/w6Qgw4fDj8K0w6TCtMOPwrTDmS4=,,Q29yb25hIGRlIHNhY2VyZG90ZSBidWRpc3RhIGRlY29yYXRpdmE=
yceNBA,,Q29zdHVtZSBTd29yZCBNYXN0ZXIncyBDcm93bg==,,,,,W8OAw4zCusOqIMOGw5DDhcONXQrDiMOsLi4uLsK+w67CtcOwwrrCuMOAw5ouLi4uLgrDgMKnw4DDusK1w6XDh8Oew4DCuyDDgMOHwrvDsyDDgMKnw4DDusK1w6XDh8Oew4DCuMK3w44gwrnDmcKyw5wgwrzDtiDDgMOWwr7DrsK/w6QuCsK4wrbCucO9wrvDp8KwwqEgwrXDiMKxw6LCusOQISAyNcKzw6LCtcK/wr7DiC4uLsK+w4YuLsK+w4bCtMOVwrTDj8K0w5ku,,RGlzZnJheiBkZSBNYWVzdHJvIGRlIGxhIEVzcGFkYSBDb3JvbmE=
yseNBA,,Q29zdHVtZSBPd2xkdWtlIFNpbGsgSGF0,,,,,W8OAw4zCusOqIMOGw5DDhcONXQrCscOXwrfCsyDDgMKnw4DDusK1w6XDh8Oew4DCuyDDgMOHwrvDsyDDgMKnw4DDusK1w6XDh8Oew4DCuMK3w44gwrHCs8OIwq8gw4fDj8K9w4PCsMOawr7DrsK/w6Q/CsKxwrPDiMKvwr/CocK0w4IgXkZGMDAwMMOAw4fCu8OzwrHCs8OIwq/DhMOtw4bDuV4wMDAwMDAgw4fDkSDDgMOlw4DDjCDDh8OKwr/DpCDDh8OPwrTDpMK0w4/CtMOZLg==,,U29tYnJlcm8gZGUgc2VkYSBwYXJhIGRpc2ZyYWNlcyBPd2xkdWtl
y8eNBA,,Q29zdHVtZSBIYXVudGVkIEFybW9yIEhlbG0=,,,,,W8OAw4zCusOqIMOGw5DDhcONXQrDiMOsLi4uLsK+w67CtcOwwrrCuMOAw5ouLi4uLgrDgMK9w4DCr8K9w4PDgMOOw4DDhyDCuMOww4DDmsK4wqYgw4DDh8K7w7Mgw4DCvcOAwq/CvcODw4DDjsOAw4cgwrjDsMOAw5rCt8OOIMK5w5nCssOcIMK8w7Ygw4DDlsK+w67Cv8OkLgrCvsOGwr7DkSEhISEgwr3Dg8K7w7PDgMOMIMK2wrDCv8OAwrjCpcK0w5khIMK1w6nCvsOuwrrCuMK9w4fCt8Khwr/DpD8=,,RGlzZnJheiBDYXNjbyBBcm1hZHVyYSBFbWJydWphZGE=
zMeNBA,,Q29zdHVtZSBSb3NlIENyb3du,,,,,W8OAw4zCusOqIMOGw5DDhcONXQrCscOXwrfCsyDDgMK9w4DCr8K9w4PDgMOOw4DDhyDCuMOww4DDmsK4wqYgw4DDh8K7w7Mgw4DCvcOAwq/CvcODw4DDjsOAw4cgwrjDsMOAw5rCt8OOIMKxwrPDiMKvIMOHw4/CvcODwrDDmsK+w67Cv8OkPwrCscKzw4jCr8K/wqHCtMOCIF5GRjAwMDDDgMOHwrvDs8KxwrPDiMKvw4TDrcOGw7leMDAwMDAwIMOHw5Egw4DDpcOAw4wgw4fDisK/w6Qgw4fDj8K0w6TCtMOPwrTDmS4=,,RGlzZnJheiBDb3JvbmEgZGUgcm9zYXM=
zceNBA,,Q29zdHVtZSBIZXJtb2RlIENhcA==,,,,,W8OAw4zCusOqIMOGw5DDhcONXQrDiMOsLi4uLsK+w67CtcOwwrrCuMOAw5ouLi4uLgrDgMOOw4XCpcK5w7bCvcK6w4DDhyDCu8OUw4DCuyDDgMOHwrvDsyDDgMOOw4XCpcK5w7bCvcK6w4DDhyDCu8OUwrfDjiDCucOZwrLDnCDCvMO2IMOAw5bCvsOuwr/DpC4Kw4DDjMKww4UgwrnCusKwwqEgw4DCp8OHw6jDh8ORIMK6w5DDgMKnwrHDosOAw47CtcKlPyDCtcOOw4XCqyEh,,RGlzZnJheiBHb3JyYSBIZXJtb2Rl
zseNBA,,Q29zdHVtZSBDYXJtZW4gTWlyYW5kYSdzIEhhdA==,,,,,W8OAw4zCusOqIMOGw5DDhcONXQrCscOXwrfCsyDDgMOOw4XCpcK5w7bCvcK6w4DDhyDCu8OUw4DCuyDDgMOHwrvDsyDDgMOOw4XCpcK5w7bCvcK6w4DDhyDCu8OUwrfDjiDCscKzw4jCryDDh8OPwr3Dg8Kww5rCvsOuwr/DpD8KwrHCs8OIwq/Cv8KhwrTDgiBeRkYwMDAww4DDh8K7w7PCscKzw4jCr8OEw63DhsO5XjAwMDAwMCDDh8ORIMOAw6XDgMOMIMOHw4rCv8OkIMOHw4/CtMOkwrTDj8K0w5ku,,RGlzZnJheiBTb21icmVybyBkZSBDYXJtZW4gTWlyYW5kYQ==
z8eNBA,,Q29zdHVtZSBCbHVlIFJvc2UgRGVjb3JhdGlvbg==,,,,,W8OAw4zCusOqIMOGw5DDhcONXQrDiMOsLi4uLsK+w67CtcOwwrrCuMOAw5ouLi4uLgrCv8O+wr3CusOFw4/CscOXwrfCucOAw4zCvcK6wrjCpiDDgMOHwrvDsyDCv8O+wr3CusOFw4/CscOXwrfCucOAw4zCvcK6wrfDjiDCucOZwrLDnCDCvMO2IMOAw5bCvsOuwr/DpC4KwrzCrcK6w44gwrvDp8KzwqrDgMOMw4DDhyDDh8OKwrzDtiDCvsOGw4DDjMOFw5shCjEhMiEzIcK5w7Ah,,RGlzZnJheiBEZWNvcmFjacOzbiBSb3NhIEF6dWw=
0MeNBA,,Q29zdHVtZSBQZWNvcGVjbyBIYWlyYmFuZA==,,,,,W8OAw4zCusOqIMOGw5DDhcONXQrCscOXwrfCsyDCv8O+wr3CusOFw4/CscOXwrfCucOAw4zCvcK6wrjCpiDDgMOHwrvDsyDCv8O+wr3CusOFw4/CscOXwrfCucOAw4zCvcK6wrfDjiDCscKzw4jCryDDh8OPwr3Dg8Kww5rCvsOuwr/DpD8KwrHCs8OIwq/Cv8KhwrTDgiBeRkYwMDAww4DDh8K7w7PCscKzw4jCr8OEw63DhsO5XjAwMDAwMCDDh8ORIMOAw6XDgMOMIMOHw4rCv8OkIMOHw4/CtMOkwrTDj8K0w5ku,,Q2ludGEgcGFyYSBlbCBjYWJlbGxvIGRlIFBlY28gUGVjbyBkZWNvcmF0aXZh
0ceNBA,,Q29zdHVtZSBHcnlwaG9uIEhhaXJiYW5k,,,,,W8OAw4zCusOqIMOGw5DDhcONXQrDiMOsLi4uLsK+w67CtcOwwrrCuMOAw5ouLi4uLgrCvsOLwrfDj8K0w57Ct8OPwr7Di8Kywq7DgcO6w4DCuyDDgMOHwrvDsyDCvsOLwrfDj8K0w57Ct8OPwr7Di8Kywq7DgcO6wrfDjiDCucOZwrLDnCDCvMO2IMOAw5bCvsOuwr/DpC4KwrHDl8K3wq/CsMOtwrrCuMK0w48gwr7DrsK2wrIgwrPCqsK2w7PCv8KhwrTDgiDCvsOLwrfDj8K0w57Ct8OPw4fDkSDCvsOLw4DCuyDCvMKxwrnCsMOHw4/CtMOCIMK4w63DgMO9w4DDjCDDgMOWwrTDmcKww60gw4fDj8K0w7XCtsOzwrHCuMK/w6Qu,,Q2ludGEgcGFyYSBlbCBwZWxvIEdyeXBob24=
0seNBA,,Q29zdHVtZSBBbHBhY2EgSG9vZA==,,,,,W8OAw4zCusOqIMOGw5DDhcONXQrCscOXwrfCsyDCvsOLwrfDj8K0w57Ct8OPwr7Di8Kywq7DgcO6w4DCuyDDgMOHwrvDsyDCvsOLwrfDj8K0w57Ct8OPwr7Di8Kywq7DgcO6wrfDjiDCscKzw4jCryDDh8OPwr3Dg8Kww5rCvsOuwr/DpD8KwrHCs8OIwq/Cv8KhwrTDgiBeRkYwMDAww4DDh8K7w7PCscKzw4jCr8OEw63DhsO5XjAwMDAwMCDDh8ORIMOAw6XDgMOMIMOHw4rCv8OkIMOHw4/CtMOkwrTDj8K0w5ku,,Q2FwdWNoYSBkZSBhbHBhY2EgcGFyYSBkaXNmcmFjZXM=
08eNBA,,Q29zdHVtZSBMaXR0bGUgRmhhdA==,,,,,W8OAw4zCusOqIMOGw5DDhcONXQrDiMOsLi4uLsK+w67CtcOwwrrCuMOAw5ouLi4uLgrDg8OKwrrCuMOAw5rCv8OrIMKwwqHDgsKlIMK+w4vCssKuw4HDusOAwrsgw4DDh8K7w7Mgw4DDpcK9w4TCv8OrIMK+w4vCssKuw4HDusK3w44gwrnDmcKyw5wgwrzDtiDDgMOWwr7DrsK/w6QuCsOHw57CusK0wr7DhsK4wq7DgMOHIMOHw4rCvMO2IMK+w4bDgMOMw4XDm8OAw4zDgcOSIQ==,,U29tYnJlcml0byBjb24gcGx1bWFzIGRlY29yYXRpdm8=
1MeNBA,,Q29zdHVtZSBXaGl0ZSBGZWF0aGVy,,,,,W8OAw4zCusOqIMOGw5DDhcONXQrCscOXwrfCsyDDg8OKwrrCuMOAw5rCv8OrIMKwwqHDgsKlIMK+w4vCssKuw4HDusOAwrsgw4DDh8K7w7Mgw4DDpcK9w4TCv8OrIMK+w4vCssKuw4HDusK3w44gwrHCs8OIwq8gw4fDj8K9w4PCsMOawr7DrsK/w6Q/CsKxwrPDiMKvwr/CocK0w4IgXkZGMDAwMMOAw4fCu8OzwrHCs8OIwq/DhMOtw4bDuV4wMDAwMDAgw4fDkSDDgMOlw4DDjCDDh8OKwr/DpCDDh8OPwrTDpMK0w4/CtMOZLg==,,Qm9pbmEgY29uIHBsdW1hIGJsYW5jYSBkZWNvcmF0aXZh
1ceNBA,,Q29zdHVtZSBHb2xkZW4gQW5nZWwgV2luZ3M=,,,,,W8OAw4zCusOqIMOGw5DDhcONXQrDiMOsLi4uLsK+w67CtcOwwrrCuMOAw5ouLi4uLgrDgMOlwr3DhMK/w6sgwr7Di8Kywq7DgcO6w4DCuyDDgMOHwrvDsyDDgMOlwr3DhMK/w6sgwr7Di8Kywq7DgcO6wrfDjiDCucOZwrLDnCDCvMO2IMOAw5bCvsOuwr/DpC4Kw4fDnsK6wrTCvsOGwrjCrsOAw4cgw4fDisK8w7Ygwr7DhsOAw4zDhcObw4DDjMOBw5Ih,,VmluY2hhIGNvbiBhbGFzIGRlIMOhbmdlbCBkb3JhZGFzIGRlY29yYXRpdmE=
1seNBA,,Q29zdHVtZSBTaGFtYW4ncyBIYWlyIE9ybmFtZW50,,,,,W8OAw4zCusOqIMOGw5DDhcONXQrCscOXwrfCsyDDgMOlwr3DhMK/w6sgwr7Di8Kywq7DgcO6w4DCuyDDgMOHwrvDsyDDgMOlwr3DhMK/w6sgwr7Di8Kywq7DgcO6wrfDjiDCscKzw4jCryDDh8OPwr3Dg8Kww5rCvsOuwr/DpD8KwrHCs8OIwq/Cv8KhwrTDgiBeRkYwMDAww4DDh8K7w7PCscKzw4jCr8OEw63DhsO5XjAwMDAwMCDDh8ORIMOAw6XDgMOMIMOHw4rCv8OkIMOHw4/CtMOkwrTDj8K0w5ku,,QWRvcm5vIGRlIGNhYmVsbG8gZGUgY2hhbWFuYSBkZWNvcmF0aXZv
18eNBA,,Q29zdHVtZSBHcmVlbiBDbG92ZXIgSGF0,,,,,W8OAw4zCusOqIMOGw5DDhcONXQrDiMOsLi4uLsK+w67CtcOwwrrCuMOAw5ouLi4uLgrDgMOlwr3DhMK/w6vCssOJw4DCuyDDgMOHwrvDsyDDgMOlwr3DhMK/w6vCssOJw4DCuMK3w44gwrnDmcKyw5wgwrzDtiDDgMOWwr7DrsK/w6QuCsOHw4/Dh8OWISDCscOXwrPDiSDDgMOlwr3DhMK/w6vDgMOMwrTDjyDCsMOGw4HCpMOHw4/DgcO2IMK4wrvCvsOGwr/DpC4gwrjDk8K4wq7Cv8KhwrzCsSDCvcOEwrnCsMOAw4wgw4DDmsK2w7PCs8KvIMK8w7Ygwr7DuMK0w5nCscK4wr/DpC4gwrHDl8K3wqjCtMOZwrDCocK0w4IgwrvDkcK4wq7CsMKhLi4uLg==,,R29ycm8gVHLDqWJvbCBWZXJkZQ==
2MeNBA,,Q29zdHVtZSBWb2x1bWUgRmVhdGhlciBIYXQ=,,,,,W8OAw4zCusOqIMOGw5DDhcONXQrCscOXwrfCsyDDgMOlwr3DhMK/w6vCssOJw4DCuyDDgMOHwrvDsyDDgMOlwr3DhMK/w6vCssOJw4DCuMK3w44gwrHCs8OIwq8gw4fDj8K9w4PCsMOawr7DrsK/w6Q/CsKxwrPDiMKvwr/CocK0w4IgXkZGMDAwMMOAw4fCu8OzwrHCs8OIwq/DhMOtw4bDuV4wMDAwMDAgw4fDkSDDgMOlw4DDjCDDh8OKwr/DpCDDh8OPwrTDpMK0w4/CtMOZLg==,,RGlzZnJheiBWb2x1bWVuIFNvbWJyZXJvIGRlIHBsdW1hcw==
2ceNBA,,Q29zdHVtZSBGaXNoIEhlYWQgSGF0,,,,,W8OAw4zCusOqIMOGw5DDhcONXQrDiMOsLi4uLsK+w67CtcOwwrrCuMOAw5ouLi4uLgrDg8K7wrvDtsK4w5PCuMKuwrbDrMK4wqYgw4DDh8K7w7Mgw4PCu8K7w7bCuMOTwrjCrsK2w6zCt8OOIMK5w5nCssOcIMK8w7Ygw4DDlsK+w67Cv8OkLgrCv8OWIMOGw4TCtsO1wrvDtiDCucObwr/CoSDCvsO4wrTDgiDCsMOJwrHDrsK/w6Qu,,U29tYnJlcm8gZGUgY2FiZXphIGRlIHBleiBkZWNvcmF0aXZv
2seNBA,,Q29zdHVtZSBKb2xseSBSb2dlcg==,,,,,W8OAw4zCusOqIMOGw5DDhcONXQrCscOXwrfCsyDDg8K7wrvDtsK4w5PCuMKuwrbDrMK4wqYgw4DDh8K7w7Mgw4PCu8K7w7bCuMOTwrjCrsK2w6zCt8OOIMKxwrPDiMKvIMOHw4/CvcODwrDDmsK+w67Cv8OkPwrCscKzw4jCr8K/wqHCtMOCIF5GRjAwMDDDgMOHwrvDs8KxwrPDiMKvw4TDrcOGw7leMDAwMDAwIMOHw5Egw4DDpcOAw4wgw4fDisK/w6Qgw4fDj8K0w6TCtMOPwrTDmS4=,,U29tYnJlcm8gZGUgSm9sbHkgUm9nZXI=
28eNBA,,Q29zdHVtZSBBcXVhIFRlbiBHYWxsb24gSGF0,,,,,W8OAw4zCusOqIMOGw5DDhcONXQrDiMOsLi4uLsK+w67CtcOwwrrCuMOAw5ouLi4uLgrDhMK/wrzCvMK+w67CuMKmIMOAw4fCu8OzIMOEwr/CvMK8wr7DrsK3w44gwrnDmcKyw5wgwrzDtiDDgMOWwr7DrsK/w6QuCsOAw5ohIMOBwqbCscK6wrXDqSEhISEgw4bDuMOHwrPCv8OswrDCoSDCv8OAwrDDrcOAw5bCtMOZISEhIMOFwrDCuMKmIMK1wrnCt8OBwrbDsyEhIQ==,,U29tYnJlcm8gZGUgZGlleiBnYWxvbmVzIGVzdGlsbyBBcXVhIGRlY29yYXRpdm8=
3MeNBA,,Q29zdHVtZSBSYXNwYmVycnkgTW91c3NlIEhhdA==,,,,,W8OAw4zCusOqIMOGw5DDhcONXQrCscOXwrfCsyDDhMK/wrzCvMK+w67CuMKmIMOAw4fCu8OzIMOEwr/CvMK8wr7DrsK3w44gwrHCs8OIwq8gw4fDj8K9w4PCsMOawr7DrsK/w6Q/CsKxwrPDiMKvwr/CocK0w4IgXkZGMDAwMMOAw4fCu8OzwrHCs8OIwq/DhMOtw4bDuV4wMDAwMDAgw4fDkSDDgMOlw4DDjCDDh8OKwr/DpCDDh8OPwrTDpMK0w4/CtMOZLg==,,U29tYnJlcm8gZGUgbW91c3NlIGRlIGZyYW1idWVzYSBkZWNvcmF0aXZv
3ceNBA,,Q29zdHVtZSBIZWxtIG9mIEFieXNz,,,,,W8OAw4zCusOqIMOGw5DDhcONXQrDiMOsLi4uLsK+w67CtcOwwrrCuMOAw5ouLi4uLgrCvMOSw4TDj8OAw4wgw4DDlsK0w4Igw4TCv8K8wrzCvsOuwrjCpiDDgMOHwrvDsyDDhMK/wrzCvMK+w67Ct8OOIMK5w5nCssOcIMK8w7Ygw4DDlsK+w67Cv8OkLgrDgMOaISDDgcKmwrHCusK1w6khISEhIMOGw7jDh8Kzwr/DrMKwwqEgwr/DgMKww63DgMOWwrTDmSEhISDDhcKwwrjCpiDCtcK5wrfDgcK2w7MhISE=,,WWVsbW8gZGVsIGFiaXNtbyBkZWNvcmF0aXZv
3seNBA,,Q29zdHVtZSBSZW1vdmVyIEhhdA==,,,,,W8OAw4zCusOqIMOGw5DDhcONXQrCscOXwrfCsyDCvMOSw4TDj8OAw4wgw4DDlsK0w4Igw4TCv8K8wrzCvsOuwrjCpiDDgMOHwrvDsyDDhMK/wrzCvMK+w67Ct8OOIMKxwrPDiMKvIMOHw4/CvcODwrDDmsK+w67Cv8OkPwrCscKzw4jCr8K/wqHCtMOCIF5GRjAwMDDDgMOHwrvDs8KxwrPDiMKvw4TDrcOGw7leMDAwMDAwIMOHw5Egw4DDpcOAw4wgw4fDisK/w6Qgw4fDj8K0w6TCtMOPwrTDmS4=,,Q2FzY28gZGUgdHJhbnNwb3J0aXN0YSBkZWNvcmF0aXZv
38eNBA,,Q29zdHVtZSBQb3BvcmluZyBDYXA=,,,,,W8OAw4zCusOqIMOGw5DDhcONXQrDiMOsLi4uLsK+w67CtcOwwrrCuMOAw5ouLi4uLgrDhMOJw4DDjMOFwqnCuMOww4DDmsK4wqYgw4DDh8K7w7Mgw4TDicOAw4zDhcKpwrjDsMOAw5rCt8OOIMK5w5nCssOcIMK8w7Ygw4DDlsK+w67Cv8OkLgrCtMOew4TDnsOHw5Egw4TDicOAw4zDhcKpwrjCpiDCvsOww4HCpsK1w6fDgcO2IMK4w5TDgMK7IMK8w7Ygw4DDlsK0w5nCscK4wr/DpCE=,,R29ycm8gZGUgUG9wb3JpbmcgZGVjb3JhdGl2bw==
4MeNBA,,Q29zdHVtZSBXaGlzcGVyIFRhbGwgSGF0,,,,,W8OAw4zCusOqIMOGw5DDhcONXQrCscOXwrfCsyDDhMOJw4DDjMOFwqnCuMOww4DDmsK4wqYgw4DDh8K7w7Mgw4TDicOAw4zDhcKpwrjDsMOAw5rCt8OOIMKxwrPDiMKvIMOHw4/CvcODwrDDmsK+w67Cv8OkPwrCscKzw4jCr8K/wqHCtMOCIF5GRjAwMDDDgMOHwrvDs8KxwrPDiMKvw4TDrcOGw7leMDAwMDAwIMOHw5Egw4DDpcOAw4wgw4fDisK/w6Qgw4fDj8K0w6TCtMOPwrTDmS4=,,RGlzZnJheiBHb3JybyBXaGlzcGVyIFRhbGw=
4ceNBA,,Q29zdHVtZSBQb3JpbmcgTWFzY290,,,,,W8OAw4zCusOqIMOGw5DDhcONXQrDiMOsLi4uLsK+w67CtcOwwrrCuMOAw5ouLi4uLgrDhMOawrfDjsKzw53DgMK7IMOAw4fCu8OzIMOEw5rCt8OOwrPDncOAwrjCt8OOIMK5w5nCssOcIMK8w7Ygw4DDlsK+w67Cv8OkLgrDh8OiwrHDn8OHw5EgwrLDnMOAw4cgw4fDosKxw6LCsMKhIMK0w4DCssK4w4HDtsOBw7bCvsOKwrPCqsK/w6Q/IMK+w4YuLiDCsMOFwrHDoiDDgcK7IMKyw7bDgMO7w4fDkcKww4cgwr3DhcKww6bCvsKyw4HDtiDCuMK2wr3Dg8KxwrjCv8OkLg==,,RGlzZnJheiBQb3JpbmcgTWFzY290
4seNBA,,Q29zdHVtZSBIZWxtIG9mIEFieXNzIChXaGl0ZSk=,,,,,W8OAw4zCusOqIMOGw5DDhcONXQrCscOXwrfCsyDDhMOawrfDjsKzw53DgMK7IMOAw4fCu8OzIMOEw5rCt8OOwrPDncOAwrjCt8OOIMKxwrPDiMKvIMOHw4/CvcODwrDDmsK+w67Cv8OkPwrCscKzw4jCr8K/wqHCtMOCIF5GRjAwMDDDgMOHwrvDs8KxwrPDiMKvw4TDrcOGw7leMDAwMDAwIMOHw5Egw4DDpcOAw4wgw4fDisK/w6Qgw4fDj8K0w6TCtMOPwrTDmS4=,,WWVsbW8gZGVsIGFiaXNtbyBkZWNvcmF0aXZvIChibGFuY28p
48eNBA,,Q29zdHVtZSAxMnRoIEFubml2ZXJzYXJ5IENyb3du,,,,,W8OAw4zCusOqIMOGw5DDhcONXQrDiMOsLi4uLsK+w67CtcOwwrrCuMOAw5ouLi4uLgrDhcKpwrbDs8K/w67DgMK7IMOAw4fCu8OzIMOFwqnCtsOzwr/DrsOAwrjCt8OOIMK5w5nCssOcIMK8w7Ygw4DDlsK+w67Cv8OkLgrDgMK4w4DCvS4uLiDDgMOMwrDDiSDCuMK7w4fDj8K4w6kgw4DDosOHw7TCsMKlw4HDtsK1wrUgwrjDsMK4wqPCtMOPLi4uIMKxw5fCs8OJIMK4w5rDgMOWwrTDmcKww63CuMK4IMOHw5jCtcORwrDDlMK/w6Qh,,Q29yb25hIGRlbCBkdW9kw6ljaW1vIGFuaXZlcnNhcmlvIGRlY29yYXRpdmE=
5MeNBA,,Q29zdHVtZSBOb2JsZSBIYXQ=,,,,,W8OAw4zCusOqIMOGw5DDhcONXQrCscOXwrfCsyDDhcKpwrbDs8K/w67DgMK7IMOAw4fCu8OzIMOFwqnCtsOzwr/DrsOAwrjCt8OOIMKxwrPDiMKvIMOHw4/CvcODwrDDmsK+w67Cv8OkPwrCscKzw4jCr8K/wqHCtMOCIF5GRjAwMDDDgMOHwrvDs8KxwrPDiMKvw4TDrcOGw7leMDAwMDAwIMOHw5Egw4DDpcOAw4wgw4fDisK/w6Qgw4fDj8K0w6TCtMOPwrTDmS4=,,U29tYnJlcm8gZGUgbm9ibGUgZGVjb3JhdGl2bw==
5ceNBA,,Q29zdHVtZSBQb2lzb24gU3BvcmUgSGF0,,,,,W8OAw4zCusOqIMOGw5DDhcONXQrDiMOsLi4uLsK+w67CtcOwwrrCuMOAw5ouLi4uLgrCvMOSw4TDj8OAw4wgw4DDlsK0w4Igw4XCqcK2w7PCv8Ouw4DCuyDDgMOHwrvDsyDDhcKpwrbDs8K/w67DgMK4wrfDjiDCucOZwrLDnCDCvMO2IMOAw5bCvsOuwr/DpC4Kw4DCuMOAwr0uLi4gw4DDjMKww4kgwrjCu8OHw4/CuMOpIMOAw6LDh8O0wrDCpcOBw7bCtcK1IMK4w7DCuMKjwrTDjy4uLiDCscOXwrPDiSDCuMOaw4DDlsK0w5nCsMOtwrjCuCDDh8OYwrXDkcKww5TCv8OkIQ==,,U29tYnJlcm8gZGUgZXNwb3JhIHZlbmVub3NhIGRlY29yYXRpdm8=
5seNBA,,Q29zdHVtZSBNb25vY2hyb21lIENhcA==,,,,,W8OAw4zCusOqIMOGw5DDhcONXQrCscOXwrfCsyDCvMOSw4TDj8OAw4wgw4DDlsK0w4Igw4XCqcK2w7PCv8Ouw4DCuyDDgMOHwrvDsyDDhcKpwrbDs8K/w67DgMK4wrfDjiDCscKzw4jCryDDh8OPwr3Dg8Kww5rCvsOuwr/DpD8KwrHCs8OIwq/Cv8KhwrTDgiBeRkYwMDAww4DDh8K7w7PCscKzw4jCr8OEw63DhsO5XjAwMDAwMCDDh8ORIMOAw6XDgMOMIMOHw4rCv8OkIMOHw4/CtMOkwrTDj8K0w5ku,,R29ycmEgbW9ub2Nyb21hIENvc3R1bWU=
58eNBA,,Q29zdHVtZSBEZXZpIEhlYWRwaG9uZQ==,,,,,W8OAw4zCusOqIMOGw5DDhcONXQrDiMOsLi4uLsK+w67CtcOwwrrCuMOAw5ouLi4uLgrDhcKpwrjCrsOFw7XCtsOzIMOHw5DCv8O4IMK4w7DDgMOawrjCpiDDgMOHwrvDsyDDhcKpwrjCrsOFw7XCtsOzIMOHw5DCv8O4IMK4w7DDgMOawrfDjiDCucOZwrLDnCDCvMO2IMOAw5bCvsOuwr/DpC4Kw4PDisK6wrggwrjDsMOHw6jCsMKhwr/CocKww5Ugw4HCpMK4wrsgw4DCr8K/w6vDh8ORIMKww7fDgMOMw4HDki4gw4HCpsKwwqEgwrHDl8Kww7fCv8KhIMK0w5nCs8Omw4DCu8K2wqfCtMOCLi4u,,QXVyaWN1bGFyZXMgZGUgRGV2aXJ1Y2hpIGRlY29yYXRpdm9z
6MeNBA,,Q29zdHVtZSBEZXZpcnVjaGkgQ2FwIChHcmF5KQ==,,,,,W8OAw4zCusOqIMOGw5DDhcONXQrCscOXwrfCsyDDhcKpwrjCrsOFw7XCtsOzIMOHw5DCv8O4IMK4w7DDgMOawrjCpiDDgMOHwrvDsyDDhcKpwrjCrsOFw7XCtsOzIMOHw5DCv8O4IMK4w7DDgMOawrfDjiDCscKzw4jCryDDh8OPwr3Dg8Kww5rCvsOuwr/DpD8KwrHCs8OIwq/Cv8KhwrTDgiBeRkYwMDAww4DDh8K7w7PCscKzw4jCr8OEw63DhsO5XjAwMDAwMCDDh8ORIMOAw6XDgMOMIMOHw4rCv8OkIMOHw4/CtMOkwrTDj8K0w5ku,,R29ycm8gZGUgRGV2aXJ1Y2hpIGRlY29yYXRpdm8gKGdyaXMp
6ceNBA,,Q29zdHVtZSBQdW1wa2luIEhlYWQ=,,,,,W8OAw4zCusOqIMOGw5DDhcONXQrDiMOsLi4uLsK+w67CtcOwwrrCuMOAw5ouLi4uLgrDhcK9w4HCpMK4w7DDgMOawrjCpiDDgMOHwrvDsyDDhcK9w4HCpMK4w7DDgMOawrfDjiDCucOZwrLDnCDCvMO2IMOAw5bCvsOuwr/DpC4Kw4HDtcKww4UhISDDgcO1wrDDhcKwwqEgwrTCq8K+w5XCv8KhIMK+w4bCuMKlIMKww4XCuMKxIMKww40gwrjCuCDCsMKwwr7DhsK/w6Qh,,RGlzZnJheiBDYWJlemEgZGUgQ2FsYWJhemE=
6seNBA,,Q29zdHVtZSBMdWRlIEhvb2Q=,,,,,W8OAw4zCusOqIMOGw5DDhcONXQrCscOXwrfCsyDDhcK9w4HCpMK4w7DDgMOawrjCpiDDgMOHwrvDsyDDhcK9w4HCpMK4w7DDgMOawrfDjiDCscKzw4jCryDDh8OPwr3Dg8Kww5rCvsOuwr/DpD8KwrHCs8OIwq/Cv8KhwrTDgiBeRkYwMDAww4DDh8K7w7PCscKzw4jCr8OEw63DhsO5XjAwMDAwMCDDh8ORIMOAw6XDgMOMIMOHw4rCv8OkIMOHw4/CtMOkwrTDj8K0w5ku,,RGlzZnJheiBMdWRlIENhcHVjaGE=
68eNBA,,Q29zdHVtZSBIYWxsb3dlZW4gSGF0IChPcmFuZ2Up,,,,,W8OAw4zCusOqIMOGw5DDhcONXQrDiMOsLi4uLsK+w67CtcOwwrrCuMOAw5ouLi4uLgrDhcOQwrjDsMOAw5rCuMKmIMOAw4fCu8OzIMOFw5DCuMOww4DDmsK3w44gwrnDmcKyw5wgwrzDtiDDgMOWwr7DrsK/w6QuCsK6wrjCvMObwrrCuMK8w5shIMK1w7vCssO2wrXDu8Kyw7YhIMKww5zCv8OvIMOHw4rCvMO2IMK+w4bDgMOMw4XDm8OAw4zCv8K5wr/DpCE=,,U29tYnJlcm8gZGUgSGFsbG93ZWVuIGRlY29yYXRpdm8gKG5hcmFuamEp
7MeNBA,,Q29zdHVtZSBEaWFib2xpYyBIZWFkcGhvbmVz,,,,,W8OAw4zCusOqIMOGw5DDhcONXQrCscOXwrfCsyDDhcOQwrjDsMOAw5rCuMKmIMOAw4fCu8OzIMOFw5DCuMOww4DDmsK3w44gwrHCs8OIwq8gw4fDj8K9w4PCsMOawr7DrsK/w6Q/CsKxwrPDiMKvwr/CocK0w4IgXkZGMDAwMMOAw4fCu8OzwrHCs8OIwq/DhMOtw4bDuV4wMDAwMDAgw4fDkSDDgMOlw4DDjCDDh8OKwr/DpCDDh8OPwrTDpMK0w4/CtMOZLg==,,QXVyaWN1bGFyZXMgRGlhYm9saWMgQ29zdHVtZQ==
7ceNBA,,Q29zdHVtZSBDaGlja2VuIEhhdA==,,,,,W8OAw4zCusOqIMOGw5DDhcONXQrDiMOsLi4uLsK+w67CtcOwwrrCuMOAw5ouLi4uLgrDhcOkwrPCosK4w5PCuMKuwrbDrMK4wqYgw4DDh8K7w7Mgw4XDpMKzwqLCuMOTwrjCrsK2w6zCt8OOIMK5w5nCssOcIMK8w7Ygw4DDlsK+w67Cv8OkLgrCvsOGIMK4w7nCvcOHwrjDucK9w4cgwrrCuMK1w6nCusK4wrXDqSDCvsOGwr7Dk34u,,R29ycm8gZGUgcG9sbG8gcGFyYSBkaXNmcmFjZXM=
7seNBA,,Q29zdHVtZSBBbWlzdHIgQmVyZXQ=,,,,,W8OAw4zCusOqIMOGw5DDhcONXQrCscOXwrfCsyDDhcOkwrPCosK4w5PCuMKuwrbDrMK4wqYgw4DDh8K7w7Mgw4XDpMKzwqLCuMOTwrjCrsK2w6zCt8OOIMKxwrPDiMKvIMOHw4/CvcODwrDDmsK+w67Cv8OkPwrCscKzw4jCr8K/wqHCtMOCIF5GRjAwMDDDgMOHwrvDs8KxwrPDiMKvw4TDrcOGw7leMDAwMDAwIMOHw5Egw4DDpcOAw4wgw4fDisK/w6Qgw4fDj8K0w6TCtMOPwrTDmS4=,,Qm9pbmEgZGUgQW1pc3RyIGRlY29yYXRpdm8=
78eNBA,,Q29zdHVtZSBNaXN0eSBFYXJz,,,,,W8OAw4zCusOqIMOGw5DDhcONXQrDiMOsLi4uLsK+w67CtcOwwrrCuMOAw5ouLi4uLgrDhsKuw4DCqcK4wq7CusK7w4DCuyDDgMOHwrvDsyDDhsKuw4DCqcK4wq7CusK7w4DCuMK3w44gwrnDmcKyw5wgwrzDtiDDgMOWwr7DrsK/w6QuCsKxw43Cv8Kpwr/DriDCvMOSwrPDoMOAw4cgwrvDs8OCwqEhIMK+w6DCsMKjIMK0w73CusKhwrTDq8Kxw6LCscOuw4HDtiDDh8ORwrTDmcK4w6kgwrHDncK7w7PDg8K3w4jCrcOBw5Ih,,T3JlamFzIGRlIE1pc3R5IGRlY29yYXRpdmFz
8MeNBA,,Q29zdHVtZSBFdmlsIE1hcmNoZXIgSGF0,,,,,W8OAw4zCusOqIMOGw5DDhcONXQrCscOXwrfCsyDDhsKuw4DCqcK4wq7CusK7w4DCuyDDgMOHwrvDsyDDhsKuw4DCqcK4wq7CusK7w4DCuMK3w44gwrHCs8OIwq8gw4fDj8K9w4PCsMOawr7DrsK/w6Q/CsKxwrPDiMKvwr/CocK0w4IgXkZGMDAwMMOAw4fCu8OzwrHCs8OIwq/DhMOtw4bDuV4wMDAwMDAgw4fDkSDDgMOlw4DDjCDDh8OKwr/DpCDDh8OPwrTDpMK0w4/CtMOZLg==,,RGlzZnJheiBkZSBNYXJjaGFkb3IgTWFsdmFkbyBTb21icmVybw==
8ceNBA,,Q29zdHVtZSBSYWJiaXQgSGVhZCBEcmVzcw==,,,,,W8OAw4zCusOqIMOGw5DDhcONXQrDiMOsLi4uLsK+w67CtcOwwrrCuMOAw5ouLi4uLgrDhsK8wr7DhsK2w7PCuMKmIMOAw4fCu8OzIMOGwrzCvsOGwrbDs8K3w44gwrnDmcKyw5wgwrzDtiDDgMOWwr7DrsK/w6QuCsKxw5jCu8Ozw4DDhyDCv8Oswr7DhsOHw5TDgMOMIMK0w4DCssK4w4HDtsK0w4Igwr7DhsK4wqfCtMOZwr/DriDDgMOlwr3DhMOAw4zCv8K5wr/DpCE=,,RGlzZnJheiBWZXN0aWRvIENhYmV6YSBkZSBDb25lam8=
8seNBA,,Q29zdHVtZSBIdW50aW5nIENhcA==,,,,,W8OAw4zCusOqIMOGw5DDhcONXQrCscOXwrfCsyDDhsK8wr7DhsK2w7PCuMKmIMOAw4fCu8OzIMOGwrzCvsOGwrbDs8K3w44gwrHCs8OIwq8gw4fDj8K9w4PCsMOawr7DrsK/w6Q/CsKxwrPDiMKvwr/CocK0w4IgXkZGMDAwMMOAw4fCu8OzwrHCs8OIwq/DhMOtw4bDuV4wMDAwMDAgw4fDkSDDgMOlw4DDjCDDh8OKwr/DpCDDh8OPwrTDpMK0w4/CtMOZLg==,,R29ycmEgZGUgY2F6YSBwYXJhIGRpc2ZyYWNlcw==
88eNBA,,Q29zdHVtZSBTdHJpcGVkIEhlYWRiYW5k,,,,,W8OAw4zCusOqIMOGw5DDhcONXQrDiMOsLi4uLsK+w67CtcOwwrrCuMOAw5ouLi4uLgrCvMOSw4TDj8OAw4wgw4DDlsK0w4Igw4bCvMK+w4bCtsOzwrjCpiDDgMOHwrvDsyDDhsK8wr7DhsK2w7PCt8OOIMK5w5nCssOcIMK8w7Ygw4DDlsK+w67Cv8OkLgrCscOYwrvDs8OAw4cgwr/DrMK+w4bDh8OUw4DDjCDCtMOAwrLCuMOBw7bCtMOCIMK+w4bCuMKnwrTDmcK/w64gw4DDpcK9w4TDgMOMwr/CucK/w6Qh,,RGlhZGVtYSBkZSByYXlhcyBwYXJhIGRpc2ZyYWNlcw==
9MeNBA,,Q29zdHVtZSBSaWRld29yZCBIYXQ=,,,,,W8OAw4zCusOqIMOGw5DDhcONXQrCscOXwrfCsyDCvMOSw4TDj8OAw4wgw4DDlsK0w4Igw4bCvMK+w4bCtsOzwrjCpiDDgMOHwrvDsyDDhsK8wr7DhsK2w7PCt8OOIMKxwrPDiMKvIMOHw4/CvcODwrDDmsK+w67Cv8OkPwrCscKzw4jCr8K/wqHCtMOCIF5GRjAwMDDDgMOHwrvDs8KxwrPDiMKvw4TDrcOGw7leMDAwMDAwIMOHw5Egw4DDpcOAw4wgw4fDisK/w6Qgw4fDj8K0w6TCtMOPwrTDmS4=,,U29tYnJlcm8gZGUgUmlkZXdvcmQgZGVjb3JhdGl2bw==
9ceNBA,,Q29zdHVtZSBBbmdlbCBNYXJjaGVyIEhhdA==,,,,,W8OAw4zCusOqIMOGw5DDhcONXQrDiMOsLi4uLsK+w67CtcOwwrrCuMOAw5ouLi4uLgrDhsOSwrTDtcKww7XCuMOww4DDmsK4wqYgw4DDh8K7w7Mgw4bDksK0w7XCsMO1wrjDsMOAw5rCt8OOIMK5w5nCssOcIMK8w7Ygw4DDlsK+w67Cv8OkLgrCtMOrwrPCqsK5wqvCscOuw4HDtiDCvMOVwr/CoSDCtcOpwrjDqSDCv8OPw4DDvCDCscONwr/CqcK/w7Igw4bDuMK5w58h,,U29tYnJlcm8gZGUgbGEgbWFyY2hhIGRlbCDDoW5nZWwgZGVjb3JhdGl2bw==
9seNBA,,Q29zdHVtZSBCbHVlIENocmlzdG1hcyBDaGVlcg==,,,,,W8OAw4zCusOqIMOGw5DDhcONXQrCscOXwrfCsyDDhsOSwrTDtcKww7XCuMOww4DDmsK4wqYgw4DDh8K7w7Mgw4bDksK0w7XCsMO1wrjDsMOAw5rCt8OOIMKxwrPDiMKvIMOHw4/CvcODwrDDmsK+w67Cv8OkPwrCscKzw4jCr8K/wqHCtMOCIF5GRjAwMDDDgMOHwrvDs8KxwrPDiMKvw4TDrcOGw7leMDAwMDAwIMOHw5Egw4DDpcOAw4wgw4fDisK/w6Qgw4fDj8K0w6TCtMOPwrTDmS4=,,RGlzZnJheiBBenVsIEFsZWdyw61hIE5hdmlkZcOxYQ==
98eNBA,,Q29zdHVtZSBDZWxpbmUgUmliYm9u,,,,,W8OAw4zCusOqIMOGw5DDhcONXQrDiMOsLi4uLsK+w67CtcOwwrrCuMOAw5ouLi4uLgrDhsOQwrzDhyDCucOmw4fDkcK4w7DDgMOawrjCpiDDgMOHwrvDsyDDhsOQwrzDhyDCucOmw4fDkcK4w7DDgMOawrfDjiDCucOZwrLDnCDCvMO2IMOAw5bCvsOuwr/DpC4Kw4bDpMOEw5rCsMKhfiDCu8OnwrjCt8OAwrsgw4fDrMOEwqHCsMOtfiDCvcOFwrHDosK3w6d+wrjCpn4gwrDDh8Kzw4p+fsK4w6l+fn4=,,VHJhamUgQ2VsaW5lIENpbnRh
+MeNBA,,Q29zdHVtZSBHb2xkZW4gQW5nZWw=,,,,,W8OAw4zCusOqIMOGw5DDhcONXQrCscOXwrfCsyDDhsOQwrzDhyDCucOmw4fDkcK4w7DDgMOawrjCpiDDgMOHwrvDsyDDhsOQwrzDhyDCucOmw4fDkcK4w7DDgMOawrfDjiDCscKzw4jCryDDh8OPwr3Dg8Kww5rCvsOuwr/DpD8KwrHCs8OIwq/Cv8KhwrTDgiBeRkYwMDAww4DDh8K7w7PCscKzw4jCr8OEw63DhsO5XjAwMDAwMCDDh8ORIMOAw6XDgMOMIMOHw4rCv8OkIMOHw4/CtMOkwrTDj8K0w5ku,,RGlzZnJheiDDgW5nZWwgZGUgT3Jv
+ceNBA,,Q29zdHVtZSBBcmNoYW5nZWxpbmcgSGF0,,,,,W8OAw4zCusOqIMOGw5DDhcONXQrDiMOsLi4uLsK+w67CtcOwwrrCuMOAw5ouLi4uLgrDh8OBwrfDjsOGw6fCtsOzwrjCpiDDgMOHwrvDsyDDh8OBwrfDjsOGw6fCtsOzwrfDjiDCucOZwrLDnCDCvMO2IMOAw5bCvsOuwr/DpC4KwrjDk8K4wq7Cv8KhIMK+wrLCtMOCIMK8w7jCsMKjIMOHw4/CtMODw4DCuyDCs8Kvwr7DhsKwwqUgwrDDjSDCsMKww4DCuiDCscOiwrrDkMOAw4wgwrXDp8K0w6TCtMOPwrTDmS4=,,R29ycm8gZGUgYXJjw6FuZ2VsIHBhcmEgZGlzZnJhY2Vz
+seNBA,,Q29zdHVtZSBQaW5rIFdvb2wgSGF0,,,,,W8OAw4zCusOqIMOGw5DDhcONXQrCscOXwrfCsyDDh8OBwrfDjsOGw6fCtsOzwrjCpiDDgMOHwrvDsyDDh8OBwrfDjsOGw6fCtsOzwrfDjiDCscKzw4jCryDDh8OPwr3Dg8Kww5rCvsOuwr/DpD8KwrHCs8OIwq/Cv8KhwrTDgiBeRkYwMDAww4DDh8K7w7PCscKzw4jCr8OEw63DhsO5XjAwMDAwMCDDh8ORIMOAw6XDgMOMIMOHw4rCv8OkIMOHw4/CtMOkwrTDj8K0w5ku,,R29ycm8gZGUgbGFuYSByb3Nh
+8eNBA,,Q29zdHVtZSBCbHVlIERyb29waW5nIENhdA==,,,,,W8OAw4zCusOqIMOGw5DDhcONXQrDiMOsLi4uLsK+w67CtcOwwrrCuMOAw5ouLi4uLgrDh8KqwrjCpcK7w73CvMKxw4DCuyDDgMOHwrvDsyDDh8KqwrjCpcK7w73CvMKxw4DCuMK3w44gwrnDmcKyw5wgwrzDtiDDgMOWwr7DrsK/w6QuCsOHwqrCuMKlIMK5w5nCtMOZw4DDhyDCvcOMwr3DjMOHw5TDgMOMIMKxw5fCtMOrwrfDjiDCuMOTwrjCrsOAwqfCv8KhISEh,,RGlzZnJheiBkZSBnYXRvIGF6dWw=
/MeNBA,,Q29zdHVtZSBFY2xpcHNlIEhhdA==,,,,,W8OAw4zCusOqIMOGw5DDhcONXQrCscOXwrfCsyDDh8KqwrjCpcK7w73CvMKxw4DCuyDDgMOHwrvDsyDDh8KqwrjCpcK7w73CvMKxw4DCuMK3w44gwrHCs8OIwq8gw4fDj8K9w4PCsMOawr7DrsK/w6Q/CsKxwrPDiMKvwr/CocK0w4IgXkZGMDAwMMOAw4fCu8OzwrHCs8OIwq/DhMOtw4bDuV4wMDAwMDAgw4fDkSDDgMOlw4DDjCDDh8OKwr/DpCDDh8OPwrTDpMK0w4/CtMOZLg==,,R29ycm8gRWNsaXBzZSBwYXJhIGRpc2ZyYWNlcw==
/ceNBA,,Q29zdHVtZSBTbm93eXNub3cgSGF0,,,,,W8OAw4zCusOqIMOGw5DDhcONXQrDiMOsLi4uLsK+w67CtcOwwrrCuMOAw5ouLi4uLgrDh8OBwrfDkMOFw5fCtsOzwrHCusK4w7DCuMKmIMOAw4fCu8OzIMOHw4HCt8OQw4XDl8K2w7PCscK6wrjDsMK3w44gwrnDmcKyw5wgwrzDtiDDgMOWwr7DrsK/w6QuCsOAw7rCtcK1IMOHw5HCtsKnwrTDgiDDh8OBwrfDkMOFw5fCtsOzIMK8wrrCucKuw4DDhyDCscOZw4DCp8K6wrTDgMK7IMKyw57CssOZwr7DusOBw5Ih,,R29ycm8gU25vd3lzbm93
/seNBA,,Q29zdHVtZSBTbGVlcCBFY2xpcHNlIEZhbWlseQ==,,,,,W8OAw4zCusOqIMOGw5DDhcONXQrCscOXwrfCsyDDh8OBwrfDkMOFw5fCtsOzwrHCusK4w7DCuMKmIMOAw4fCu8OzIMOHw4HCt8OQw4XDl8K2w7PCscK6wrjDsMK3w44gwrHCs8OIwq8gw4fDj8K9w4PCsMOawr7DrsK/w6Q/CsKxwrPDiMKvwr/CocK0w4IgXkZGMDAwMMOAw4fCu8OzwrHCs8OIwq/DhMOtw4bDuV4wMDAwMDAgw4fDkSDDgMOlw4DDjCDDh8OKwr/DpCDDh8OPwrTDpMK0w4/CtMOZLg==,,RGlzZnJheiBTdWXDsW8gRWNsaXBzZSBGYW1pbGlh
/8eNBA,,Q29zdHVtZSBLaW5kZXJnYXJ0ZW5lcidzIEhhdA==,,,,,W8OAw4zCusOqIMOGw5DDhcONXQrDiMOsLi4uLsK+w67CtcOwwrrCuMOAw5ouLi4uLgrDh8OPw4bCrsK4w5PCuMKuw4fDicOAwrsgw4DDh8K7w7Mgw4fDj8OGwq7CuMOTwrjCrsOHw4nDgMK4wrfDjiDCucOZwrLDnCDCvMO2IMOAw5bCvsOuwr/DpC4KwrvDp8K2w7shIFMy,,R29ycml0byBwYXJhIGVsIGphcmTDrW4gZGVjb3JhdGl2bw==
AMiNBA,,Q29zdHVtZSBXaGl0ZSBCb3kncyBDYXA=,,,,,W8OAw4zCusOqIMOGw5DDhcONXQrCscOXwrfCsyDDh8OPw4bCrsK4w5PCuMKuw4fDicOAwrsgw4DDh8K7w7Mgw4fDj8OGwq7CuMOTwrjCrsOHw4nDgMK4wrfDjiDCscKzw4jCryDDh8OPwr3Dg8Kww5rCvsOuwr/DpD8KwrHCs8OIwq/Cv8KhwrTDgiBeRkYwMDAww4DDh8K7w7PCscKzw4jCr8OEw63DhsO5XjAwMDAwMCDDh8ORIMOAw6XDgMOMIMOHw4rCv8OkIMOHw4/CtMOkwrTDj8K0w5ku,,RGlzZnJheiBHb3JybyBCbGFuY28gTmnDsW8=
AciNBA,,Q29zdHVtZSBPdmVycHJvdGVjdG9y,,,,,W8OAw4zCusOqIMOGw5DDhcONXQrDiMOsLi4uLsK+w67CtcOwwrrCuMOAw5ouLi4uLgrDh8OQwrvDp8K4w7DCuMKmIMOAw4fCu8OzIMOHw5DCu8OnwrjDsMK3w44gwrnDmcKyw5wgwrzDtiDDgMOWwr7DrsK/w6QuCsK+wrLDgMOawrjCtsOAw5ogwrPDusKwwqEgwrnDuMK2w6DDgMOMwrTDgiDCtMOAwrPCpiEgwr/DgMK/w4DCv8OAwr/DgMK/w4DCv8OAISEhIMOBw7bCvcOEw4DDjCEhIMOBw7bCvcOEw4DDjCDDiMOqwrfCr8Kzw5HDhMKjwrTDmcK+w4bCvsOGwr7DhsK+w4bCvsOGwr7DhsK+w4YhISEh,,U29icmVwcm90ZWN0b3IgZGUgZGlzZnJhY2Vz
AsiNBA,,Q29zdHVtZSBNYW4ncyBHb2xkZW4gUHJpZGU=,,,,,W8OAw4zCusOqIMOGw5DDhcONXQrCscOXwrfCsyDDh8OQwrvDp8K4w7DCuMKmIMOAw4fCu8OzIMOHw5DCu8OnwrjDsMK3w44gwrHCs8OIwq8gw4fDj8K9w4PCsMOawr7DrsK/w6Q/CsKxwrPDiMKvwr/CocK0w4IgXkZGMDAwMMOAw4fCu8OzwrHCs8OIwq/DhMOtw4bDuV4wMDAwMDAgw4fDkSDDgMOlw4DDjCDDh8OKwr/DpCDDh8OPwrTDpMK0w4/CtMOZLg==,,RWwgb3JndWxsbyBkb3JhZG8gZGVsIGhvbWJyZSBkaXNmcmF6YWRv
A8iNBA,,Q29zdHVtZSBCaWpvdSBIYXQ=,,,,,W8OAw4zCusOqIMOGw5DDhcONXQrDiMOsLi4uLsK+w67CtcOwwrrCuMOAw5ouLi4uLgrCvMOSw4TDj8OAw4wgw4DDlsK0w4Igw4fDkMK7w6fCuMOwwrjCpiDDgMOHwrvDsyDDh8OQwrvDp8K4w7DCt8OOIMK5w5nCssOcIMK8w7Ygw4DDlsK+w67Cv8OkLgrCvsKyw4DDmsK4wrbDgMOaIMKzw7rCsMKhIMK5w7jCtsOgw4DDjMK0w4IgwrTDgMKzwqYhIMK/w4DCv8OAwr/DgMK/w4DCv8OAwr/DgCEhISDDgcO2wr3DhMOAw4whISDDgcO2wr3DhMOAw4wgw4jDqsK3wq/Cs8ORw4TCo8K0w5nCvsOGwr7DhsK+w4bCvsOGwr7DhsK+w4bCvsOGISEhIQ==,,U29tYnJlcm8gQmlqb3U=
BMiNBA,,Q29zdHVtZSBTbGVlcGVyIEhhdA==,,,,,W8OAw4zCusOqIMOGw5DDhcONXQrCscOXwrfCsyDCvMOSw4TDj8OAw4wgw4DDlsK0w4Igw4fDkMK7w6fCuMOwwrjCpiDDgMOHwrvDsyDDh8OQwrvDp8K4w7DCt8OOIMKxwrPDiMKvIMOHw4/CvcODwrDDmsK+w67Cv8OkPwrCscKzw4jCr8K/wqHCtMOCIF5GRjAwMDDDgMOHwrvDs8KxwrPDiMKvw4TDrcOGw7leMDAwMDAwIMOHw5Egw4DDpcOAw4wgw4fDisK/w6Qgw4fDj8K0w6TCtMOPwrTDmS4=,,R29ycm8gZGUgZG9ybWlyIHBhcmEgZGlzZnJhY2Vz
BciNBA,,Q29zdHVtZSBNYXhpbWlsaWFuIFZvbiBCYWJlIFhYSVg=,,,,,W8OAw4zCusOqIMOGw5DDhcONXQrDiMOsLi4uLsK+w67CtcOwwrrCuMOAw5ouLi4uLgrDh8Oew4DCuyDDgMOHwrvDsyDDh8Oew4DCuMK3w44gwrnDmcKyw5wgwrzDtiDDgMOWwr7DrsK/w6QuCsK+w6DCsMKjIMODw4zCvcK6wrfCr8K/w64gwrXDrSDDh8OPwrjDqcK8wq3CtcK1IMOHwrLDh8Kyw4fDkSDCtMOAwrPCpsOAw4wgw4DDj8OHwrDDgMOMw4HDkiE=,,R29ycm8gZGUgTWF4aW1pbGlhbiBWb24gQ2hhbmNoaSBYWElYIGRlY29yYXRpdm8=
BsiNBA,,Q29zdHVtZSBZb3lvIEhhdA==,,,,,W8OAw4zCusOqIMOGw5DDhcONXQrCscOXwrfCsyDDh8Oew4DCuyDDgMOHwrvDsyDDh8Oew4DCuMK3w44gwrHCs8OIwq8gw4fDj8K9w4PCsMOawr7DrsK/w6Q/CsKxwrPDiMKvwr/CocK0w4IgXkZGMDAwMMOAw4fCu8OzwrHCs8OIwq/DhMOtw4bDuV4wMDAwMDAgw4fDkSDDgMOlw4DDjCDDh8OKwr/DpCDDh8OPwrTDpMK0w4/CtMOZLg==,,R29ycm8gWW95byBwYXJhIGRpc2ZyYWNlcw==
B8iNBA,,Q29zdHVtZSBDYWN0dXMgSGF0,,,,,W8OAw4zCusOqIMOGw5DDhcONXQrDiMOsLi4uLsK+w67CtcOwwrrCuMOAw5ouLi4uLgrCvMOSw4TDj8OAw4wgw4DDlsK0w4Igw4fDnsOAwrsgw4DDh8K7w7Mgw4fDnsOAwrjCt8OOIMK5w5nCssOcIMK8w7Ygw4DDlsK+w67Cv8OkLgrCvsOgwrDCoyDDg8OMwr3CusK3wq/Cv8OuIMK1w60gw4fDj8K4w6nCvMKtwrXCtSDDh8Kyw4fCssOHw5EgwrTDgMKzwqbDgMOMIMOAw4/Dh8Kww4DDjMOBw5Ih,,R29ycm8gZGUgY2FjdHVzIHBhcmEgZGlzZnJhY2Vz
CMiNBA,,Q29zdHVtZSBBcnRpc3QncyBIYXQ=,,,,,W8OAw4zCusOqIMOGw5DDhcONXQrCscOXwrfCsyDCvMOSw4TDj8OAw4wgw4DDlsK0w4Igw4fDnsOAwrsgw4DDh8K7w7Mgw4fDnsOAwrjCt8OOIMKxwrPDiMKvIMOHw4/CvcODwrDDmsK+w67Cv8OkPwrCscKzw4jCr8K/wqHCtMOCIF5GRjAwMDDDgMOHwrvDs8KxwrPDiMKvw4TDrcOGw7leMDAwMDAwIMOHw5Egw4DDpcOAw4wgw4fDisK/w6Qgw4fDj8K0w6TCtMOPwrTDmS4=,,R29ycm8gZGUgZmlndXJpbmlzdGE=
CciNBA,,Q29zdHVtZSBDaGVydWIncyBXaW5nZWQgSGVsbQ==,,,,,W8OAw4zCusOqIMOGw5DDhcONXQrDiMOsLi4uLsK+w67CtcOwwrrCuMOAw5ouLi4uLgrDh8O9wrHCuiDCuMOww4DDmsK4wqYgw4DDh8K7w7Mgw4fDvcKxwrogwrjDsMOAw5rCt8OOIMK5w5nCssOcIMK8w7Ygw4DDlsK+w67Cv8OkLgrCtMKpwrHCusKwwqEgw4fDkcK7w6fCtsO3w4DCuiDCv8OvwrDDlCDCtcOHwrDDmsOBw5IuLi4=,,VHJhamUgWWVsbW8gYWxhZG8gZGUgcXVlcnViw61u
CsiNBA,,Q29zdHVtZSBDeWJlciBDYXQgRWFyIEhlYWRwaG9uZXM=,,,,,W8OAw4zCusOqIMOGw5DDhcONXQrCscOXwrfCsyDDh8O9wrHCuiDCuMOww4DDmsK4wqYgw4DDh8K7w7Mgw4fDvcKxwrogwrjDsMOAw5rCt8OOIMKxwrPDiMKvIMOHw4/CvcODwrDDmsK+w67Cv8OkPwrCscKzw4jCr8K/wqHCtMOCIF5GRjAwMDDDgMOHwrvDs8KxwrPDiMKvw4TDrcOGw7leMDAwMDAwIMOHw5Egw4DDpcOAw4wgw4fDisK/w6Qgw4fDj8K0w6TCtMOPwrTDmS4=,,RGlzZnJheiBDeWJlciBDYXQgRWFyIEF1cmljdWxhcmVz
C8iNBA,,Q29zdHVtZSBWZXJ5IEN1dGUgRG9sbCBIYXQ=,,,,,W8OAw4zCusOqIMOGw5DDhcONXQrDiMOsLi4uLsK+w67CtcOwwrrCuMOAw5ouLi4uLgrDh8Olw4bDg8OEwrjDgMK7IMOAw4fCu8OzIMOHw6XDhsODw4TCuMOAwrjCt8OOIMK5w5nCssOcIMK8w7Ygw4DDlsK+w67Cv8OkLgrDgMO8IMKxw6LDiMK4wrDCoSDCtcOIwrTDmcK4w6kgwrjDhcK7w6fCs8OJw4DDjMK2w7PCtMOCIMKww4kgwrLDgCDDh8OYwrrCuMKww60gwr3DjcK+w67Cv8OkLiDCs8OKwrnCqyDCuMOaw4DDlsOBw7Ygwr7DisKzwqrCv8OkPw==,,U29tYnJlcm8gZGUgbXXDsWVjYSBtdXkgYm9uaXRvIGRlY29yYXRpdm8=
DMiNBA,,Q29zdHVtZSBTb21icmVybw==,,,,,W8OAw4zCusOqIMOGw5DDhcONXQrCscOXwrfCsyDDh8Olw4bDg8OEwrjDgMK7IMOAw4fCu8OzIMOHw6XDhsODw4TCuMOAwrjCt8OOIMKxwrPDiMKvIMOHw4/CvcODwrDDmsK+w67Cv8OkPwrCscKzw4jCr8K/wqHCtMOCIF5GRjAwMDDDgMOHwrvDs8KxwrPDiMKvw4TDrcOGw7leMDAwMDAwIMOHw5Egw4DDpcOAw4wgw4fDisK/w6Qgw4fDj8K0w6TCtMOPwrTDmS4=,,VHJhamUgU29tYnJlcm8=
DciNBA,,Q29zdHVtZSBTdGVhbXB1bmsgSGF0,,,,,W8OAw4zCusOqIMOGw5DDhcONXQrDiMOsLi4uLsK+w67CtcOwwrrCuMOAw5ouLi4uLgrCuMK2wrjCrsK/w4DCs8OXw4bCrsOAw47Dh8O8w4DCuyDDgMOHwrvDsyDCuMK2wrjCrsK/w4DCs8OXw4bCrsOAw47Dh8O8w4DCuMK3w44gwrnDmcKyw5wgwrzDtiDDgMOWwr7DrsK/w6QuCsK+w67DgsK8wrTDmcKwwqEgw4DDjMK3wrjCsMOUIMKxw43Cv8Kpwr/DriDDgMOOw4fDvMOAw4wgwrDDuMOGw7fDgMOHIMK0w6vCu8Ozw4DDjCDCtcOIwrDDh8OBw7YuLi4gwrLCpcK+w4bCvsOGwr7DhyDCs8OKwrnCqyDCsMKhwrHDrsOAw4wgwrPCu8K5w5DDgcO2IMK4wrbCvMK8wr/DpCEhISE=,,U29tYnJlcm8gU3RlYW1wdW5r
DsiNBA,,Q29zdHVtZSBOaWZsaGVpbSBCdW5ueSBIYXQ=,,,,,W8OAw4zCusOqIMOGw5DDhcONXQrCscOXwrfCsyDCuMK2wrjCrsK/w4DCs8OXw4bCrsOAw47Dh8O8w4DCuyDDgMOHwrvDsyDCuMK2wrjCrsK/w4DCs8OXw4bCrsOAw47Dh8O8w4DCuMK3w44gwrHCs8OIwq8gw4fDj8K9w4PCsMOawr7DrsK/w6Q/CsKxwrPDiMKvwr/CocK0w4IgXkZGMDAwMMOAw4fCu8OzwrHCs8OIwq/DhMOtw4bDuV4wMDAwMDAgw4fDkSDDgMOlw4DDjCDDh8OKwr/DpCDDh8OPwrTDpMK0w4/CtMOZLg==,,RGlzZnJheiBHb3JybyBDb25laml0byBOaWZsaGVpbQ==
D8iNBA,,Q29zdHVtZSBOaWdodCBTa3kgb2YgTWVtb3J5,,,,,W8OAw4zCusOqIMOGw5DDhcONXQrDiMOsLi4uLsK+w67CtcOwwrrCuMOAw5ouLi4uLgrCsMOFwr3Dg8Kxw6LCuMKmIMOAw4fCu8OzIMKww4XCvcODwrHDosK3w44gwrnDmcKyw5wgwrzDtiDDgMOWwr7DrsK/w6QuCsOAw4zCsMONw4LDvCDCsMOFwr3Dg8Kxw6LDh8OPwrPDl8K/w6Qu,,RGlzZnJhY2VzIENpZWxvIE5vY3R1cm5vIGRlIGxhIE1lbW9yaWE=
EMiNBA,,Q29zdHVtZSBSZXB1YmxpYyBIYXQ=,,,,,W8OAw4zCusOqIMOGw5DDhcONXQrCscOXwrfCsyDCsMOFwr3Dg8Kxw6LCuMKmIMOAw4fCu8OzIMKww4XCvcODwrHDosK3w44gwrHCs8OIwq8gw4fDj8K9w4PCsMOawr7DrsK/w6Q/CsKxwrPDiMKvwr/CocK0w4IgXkZGMDAwMMOAw4fCu8OzwrHCs8OIwq/DhMOtw4bDuV4wMDAwMDAgw4fDkSDDgMOlw4DDjCDDh8OKwr/DpCDDh8OPwrTDpMK0w4/CtMOZLg==,,U29tYnJlcm8gQ29zdHVtZSBSZXB1YmxpYw==
EciNBA,,Q29zdHVtZSBDb21iYXQgVmVzdGlnZQ==,,,,,W8OAw4zCusOqIMOGw5DDhcONXQrDiMOsLi4uLsK+w67CtcOwwrrCuMOAw5ouLi4uLgrDgMOlwrfDisKww4fDgMK7IMOAw4fCu8OzIMOAw6XCt8OKwrDDh8OAwrjCt8OOIMK5w5nCssOcIMK8w7Ygw4DDlsK+w67Cv8OkLgrDgMK4Li4uw4DCuMOAwr0uLi4=,,VHJhamUgZGUgY29tYmF0ZSBWZXN0aWdl
EsiNBA,,Q29zdHVtZSBXaWxkIFBvcmluZyBSaWRlcg==,,,,,W8OAw4zCusOqIMOGw5DDhcONXQrCscOXwrfCsyDDgMOlwrfDisKww4fDgMK7IMOAw4fCu8OzIMOAw6XCt8OKwrDDh8OAwrjCt8OOIMKxwrPDiMKvIMOHw4/CvcODwrDDmsK+w67Cv8OkPwrCscKzw4jCr8K/wqHCtMOCIF5GRjAwMDDDgMOHwrvDs8KxwrPDiMKvw4TDrcOGw7leMDAwMDAwIMOHw5Egw4DDpcOAw4wgw4fDisK/w6Qgw4fDj8K0w6TCtMOPwrTDmS4=,,RGlzZnJheiBkZSBqaW5ldGUgc2FsdmFqZQ==
E8iNBA,,Q29zdHVtZSBTd2VldCBDaG9jb2xhdGUgSGF0,,,,,W8OAw4zCusOqIMOGw5DDhcONXQrDiMOsLi4uLsK+w67CtcOwwrrCuMOAw5ouLi4uLgrDgcOZwrnCq8K0w4zCuMOTwrjCrsK2w6zCuMKmIMOAw4fCu8OzIMOBw5nCucKrwrTDjMK4w5PCuMKuwrbDrMK3w44gwrnDmcKyw5wgwrzDtiDDgMOWwr7DrsK/w6QuCsOBw5nCucKrwrTDjMKwwqEgwrPCr8K+w4DDh8OPwrDDlCDCusK4w4DDjMK0w4LCtcKlIMOIwr/CsMO6wrDCoSDDgMOWwrTDmcKww60gw4fDj8K0w4LCtcKlIMOAw4zCsMOJIMK+wrLCuMOpIMK4w5PCuMKuwrDCoSDCs8Kvwr7DgMOHw5ggwrrCuMOAw4/CscOuwr/DpD8=,,RGlzZnJheiBHb3JybyBDaG9jb2xhdGUgRHVsY2U=
FMiNBA,,Q29zdHVtZSBDb2F0aSBIYXQ=,,,,,W8OAw4zCusOqIMOGw5DDhcONXQrCscOXwrfCsyDDgcOZwrnCq8K0w4zCuMOTwrjCrsK2w6zCuMKmIMOAw4fCu8OzIMOBw5nCucKrwrTDjMK4w5PCuMKuwrbDrMK3w44gwrHCs8OIwq8gw4fDj8K9w4PCsMOawr7DrsK/w6Q/CsKxwrPDiMKvwr/CocK0w4IgXkZGMDAwMMOAw4fCu8OzwrHCs8OIwq/DhMOtw4bDuV4wMDAwMDAgw4fDkSDDgMOlw4DDjCDDh8OKwr/DpCDDh8OPwrTDpMK0w4/CtMOZLg==,,R29ycm8gZGUgZGlzZnJheiBkZSBjb2F0w60=
FciNBA,,Q29zdHVtZSBTdXJ2aXZvcidzIENpcmNsZXQ=,,,,,W8OAw4zCusOqIMOGw5DDhcONXQrDiMOsLi4uLsK+w67CtcOwwrrCuMOAw5ouLi4uLgrCscONwrjCtsKwwrPCuMKmIMOAw4fCu8OzIMKxw43CuMK2wrDCs8K3w44gwrnDmcKyw5wgwrzDtiDDgMOWwr7DrsK/w6QuCsKxw43CsMKhIMK2wrPCvsOuw4HDtsK0w4IgwrDDiSDCucOmw4HDtsOHw5jDgcOWwrTDgiDDgcOfwr/DpMOHw5Egwr7DhsOAw4zDhcObw4DDjMK2w7jCtMOPwrTDmS4=,,RGlzZnJheiBDaXJjdWxvIGRlIFN1cGVydml2aWVudGU=
FsiNBA,,Q29zdHVtZSBXaGl0ZSBMaWx5IHdpdGggQmxhY2sgUmliYm9u,,,,,W8OAw4zCusOqIMOGw5DDhcONXQrCscOXwrfCsyDCscONwrjCtsKwwrPCuMKmIMOAw4fCu8OzIMKxw43CuMK2wrDCs8K3w44gwrHCs8OIwq8gw4fDj8K9w4PCsMOawr7DrsK/w6Q/CsKxwrPDiMKvwr/CocK0w4IgXkZGMDAwMMOAw4fCu8OzwrHCs8OIwq/DhMOtw4bDuV4wMDAwMDAgw4fDkSDDgMOlw4DDjCDDh8OKwr/DpCDDh8OPwrTDpMK0w4/CtMOZLg==,,RGlzZnJheiBMaXJpbyBibGFuY28gY29uIGxhem8gbmVncm8=
F8iNBA,,Q29zdHVtZSBEcm9vcGluZyBFZGRnYQ==,,,,,W8OAw4zCusOqIMOGw5DDhcONXQrDiMOsLi4uLsK+w67CtcOwwrrCuMOAw5ouLi4uLgrDgMOlwr3DhMK/w6sgw4fDmMK5w5nCtsOzwrHDosK4wqYgw4DDh8K7w7Mgw4DDpcK9w4TCv8OrIMOHw5jCucOZwrbDs8Kxw6LCt8OOIMK5w5nCssOcIMK8w7Ygw4DDlsK+w67Cv8OkLgrCvsK+wr7DkcK1wrUgwrjDgMOAw5bDgcOSLiDCv8Osw4DDu8K/w6zDgMO7Lg==,,VHJhamUgRWRkZ2EgY2HDrWRh
GMiNBA,,Q29zdHVtZSBTaG93IE1lIFRoZSBaZW55,,,,,W8OAw4zCusOqIMOGw5DDhcONXQrCscOXwrfCsyDDgMOlwr3DhMK/w6sgw4fDmMK5w5nCtsOzwrHDosK4wqYgw4DDh8K7w7Mgw4DDpcK9w4TCv8OrIMOHw5jCucOZwrbDs8Kxw6LCt8OOIMKxwrPDiMKvIMOHw4/CvcODwrDDmsK+w67Cv8OkPwrCscKzw4jCr8K/wqHCtMOCIF5GRjAwMDDDgMOHwrvDs8KxwrPDiMKvw4TDrcOGw7leMDAwMDAwIMOHw5Egw4DDpcOAw4wgw4fDisK/w6Qgw4fDj8K0w6TCtMOPwrTDmS4=,,RGlzZnJheiBTaG93IE1lIFRoZSBaZW55
GciNBA,,Q29zdHVtZSBCbHVlIE1hZ2ljaWFuIEhhdA==,,,,,W8OAw4zCusOqIMOGw5DDhcONXQrDiMOsLi4uLsK+w67CtcOwwrrCuMOAw5ouLi4uLgrCu8O1w4fDj8K+w6HCu8OUw4DCuyDDgMOHwrvDsyDCu8O1w4fDj8K+w6HCu8OUwrfDjiDCucOZwrLDnCDCvMO2IMOAw5bCvsOuwr/DpC4KwrvDtcOHw4/CvsOpwrDDrSDCsMOtwrHDjcOHw5EgwrTDgMKzwqYhIMK4wrbDhMKhIMOAwq/CtMOPw4TDnMOAwrsgwr/CrMK7w7PCvcODw4XCsMK0w4IgwrvDlMOAw4zCv8K5wr/DpC4=,,R29ycm8gZGUgbWFnbyBhenVs
GsiNBA,,Q29zdHVtZSBDaG9jbyBCYW5hbmE=,,,,,W8OAw4zCusOqIMOGw5DDhcONXQrCscOXwrfCsyDCu8O1w4fDj8K+w6HCu8OUw4DCuyDDgMOHwrvDsyDCu8O1w4fDj8K+w6HCu8OUwrfDjiDCscKzw4jCryDDh8OPwr3Dg8Kww5rCvsOuwr/DpD8KwrHCs8OIwq/Cv8KhwrTDgiBeRkYwMDAww4DDh8K7w7PCscKzw4jCr8OEw63DhsO5XjAwMDAwMCDDh8ORIMOAw6XDgMOMIMOHw4rCv8OkIMOHw4/CtMOkwrTDj8K0w5ku,,RGlzZnJheiBDaG9jbyBCYW5hbmE=
G8iNBA,,Q29zdHVtZSBBc3Ryb2xvZ2VyJ3MgQ2Fw,,,,,W8OAw4zCusOqIMOGw5DDhcONXQrDiMOsLi4uLsK+w67CtcOwwrrCuMOAw5ouLi4uLgrCuMOpwrvDp8OGw7fCuMKmIMOAw4fCu8OzIMK4w6nCu8Onw4bDt8K3w44gwrnDmcKyw5wgwrzDtiDDgMOWwr7DrsK/w6QuCsK8w7jCucOpw4DDhyDCvcOFwrrDjsK/wqHCsMOUIMOAw58gwr7DrsK/w6/CuMKuwrTDgiDCvsOGwrjCp8K0w5nCv8OuIMK+w4bDgMOMw4XDm8OAw4zDgcOSIQ==,,R29ycm8gZGUgYXN0csOzbG9nbyBkaXNmcmF6YWRv
HMiNBA,,Q29zdHVtZSBOYXZ5IERyb29waW5nIEtpdHR5,,,,,W8OAw4zCusOqIMOGw5DDhcONXQrCscOXwrfCsyDCuMOpwrvDp8OGw7fCuMKmIMOAw4fCu8OzIMK4w6nCu8Onw4bDt8K3w44gwrHCs8OIwq8gw4fDj8K9w4PCsMOawr7DrsK/w6Q/CsKxwrPDiMKvwr/CocK0w4IgXkZGMDAwMMOAw4fCu8OzwrHCs8OIwq/DhMOtw4bDuV4wMDAwMDAgw4fDkSDDgMOlw4DDjCDDh8OKwr/DpCDDh8OPwrTDpMK0w4/CtMOZLg==,,RGlzZnJheiBkZSBnYXRpdG8gY2HDrWRvIGF6dWwgbWFyaW5v
HciNBA,,Q29zdHVtZSBIZWFkc2V0IE9TVA==,,,,,W8OAw4zCusOqIMOGw5DDhcONXQrDiMOsLi4uLsK+w67CtcOwwrrCuMOAw5ouLi4uLgrCusKhwrDDhcOBw7bCuMOww4DDmsK4wqYgw4DDh8K7w7MgwrrCocKww4XDgcO2wrjDsMOAw5rCt8OOIMK5w5nCssOcIMK8w7Ygw4DDlsK+w67Cv8OkLgrDh8ORwrbCpyDCvMKxw4fCs8OAw7vDgMOOIMOAwq/Dh8Ogw4DDjMK+w7rDgcOSISDDh8ORIMK4w64gwrnDqcKzw6Igw4DDvMK/wqEuLi4=,,QXVyaWN1bGFyZXMgZGUgbm90YSBtdXNpY2FsIGRlY29yYXRpdm8=
HsiNBA,,Q29zdHVtZSBXaGl0ZSBUaWdlciBHbGFzcw==,,,,,W8OAw4zCusOqIMOGw5DDhcONXQrCscOXwrfCsyDCusKhwrDDhcOBw7bCuMOww4DDmsK4wqYgw4DDh8K7w7MgwrrCocKww4XDgcO2wrjDsMOAw5rCt8OOIMKxwrPDiMKvIMOHw4/CvcODwrDDmsK+w67Cv8OkPwrCscKzw4jCr8K/wqHCtMOCIF5GRjAwMDDDgMOHwrvDs8KxwrPDiMKvw4TDrcOGw7leMDAwMDAwIMOHw5Egw4DDpcOAw4wgw4fDisK/w6Qgw4fDj8K0w6TCtMOPwrTDmS4=,,R2FmYXMgY29uIHRpZ3JlIGJsYW5jbyBkZWNvcmF0aXZhcw==
H8iNBA,,Q29zdHVtZSBBc2FyYSBGYWlyeSBIYXQ=,,,,,W8OAw4zCusOqIMOGw5DDhcONXQrDiMOsLi4uLsK+w67CtcOwwrrCuMOAw5ouLi4uLgrCuMOewrHDpMOEwrjDgMK7IMOAw4fCu8OzIMK4w57CscOkw4TCuMOAwrjCt8OOIMK5w5nCssOcIMK8w7Ygw4DDlsK+w67Cv8OkLgrCvsOGwr7DkSDDgMOMLi4uw4DDjMKww4cgwrnCucOBw5I/IMOIw7vDgMOMIMKzw5HDhMKhwrTDgiDCsMONIMKwwrDCvsOGwr/DpCEgw4bDhMK/w7YhISEhISEhISEhISEhISEh,,RGlzZnJheiBBc2FyYSBTb21icmVybyBkZSBIYWRh
IMiNBA,,Q29zdHVtZSBCbGFjayBDYXQgSG9vZGll,,,,,W8OAw4zCusOqIMOGw5DDhcONXQrCscOXwrfCsyDCuMOewrHDpMOEwrjDgMK7IMOAw4fCu8OzIMK4w57CscOkw4TCuMOAwrjCt8OOIMKxwrPDiMKvIMOHw4/CvcODwrDDmsK+w67Cv8OkPwrCscKzw4jCr8K/wqHCtMOCIF5GRjAwMDDDgMOHwrvDs8KxwrPDiMKvw4TDrcOGw7leMDAwMDAwIMOHw5Egw4DDpcOAw4wgw4fDisK/w6Qgw4fDj8K0w6TCtMOPwrTDmS4=,,RGlzZnJheiBHYXRvIE5lZ3JvIFN1ZGFkZXJhIGNvbiBjYXB1Y2hh
IciNBA,,Q29zdHVtZSBDcmVzY2VudCBIZWxt,,,,,W8OAw4zCusOqIMOGw5DDhcONXQrDiMOsLi4uLsK+w67CtcOwwrrCuMOAw5ouLi4uLgrCusKvwr3DhcKzwqrCucK1w4DDmcOAwrsgw4DDh8K7w7MgwrrCr8K9w4XCs8KqwrnCtcOAw5nDgMK4wrfDjiDCucOZwrLDnCDCvMO2IMOAw5bCvsOuwr/DpC4KwrnCsMK3w5Agwr3Dh8OBwqbCt8OOIMK6wq/CvcOFwrHDosK0w4nDgMK6IMK+w7jCvcOAwrTDj8K0w5kuIMKzw4rCscK4wrjCrsK4wrggwrXDh8K0w4LCsMOFwr/CucK/w6QuIMKxw5fCsMOHLi4uLg==,,VHJhamUgTWVkaWEgTHVuYSBZZWxtbw==
IsiNBA,,Q29zdHVtZTogRGFyayBOaWdodCBWZWls,,,,,W8OAw4zCusOqIMOGw5DDhcONXQrCscOXwrfCsyDCusKvwr3DhcKzwqrCucK1w4DDmcOAwrsgw4DDh8K7w7MgwrrCr8K9w4XCs8KqwrnCtcOAw5nDgMK4wrfDjiDCscKzw4jCryDDh8OPwr3Dg8Kww5rCvsOuwr/DpD8KwrHCs8OIwq/Cv8KhwrTDgiBeRkYwMDAww4DDh8K7w7PCscKzw4jCr8OEw63DhsO5XjAwMDAwMCDDh8ORIMOAw6XDgMOMIMOHw4rCv8OkIMOHw4/CtMOkwrTDj8K0w5ku,,VmVsbyBub2N0dXJubyBkZWNvcmF0aXZv
I8iNBA,,Q29zdHVtZSBEaWFkZW0=,,,,,W8OAw4zCusOqIMOGw5DDhcONXQrDiMOsLi4uLsK+w67CtcOwwrrCuMOAw5ouLi4uLgrCs8OYw4XCuMOAw4zCuMKmIMOAw4fCu8OzIMKzw5jDhcK4w4DDjMK3w44gwrnDmcKyw5wgwrzDtiDDgMOWwr7DrsK/w6QuCsKzw5jDhcK4w4DDjMK0w4IgwrjCuyDCscOXwrTDq8K3w44gwrjDscK/wqEuLi4=,,RGlhZGVtYSBkZSBkaXNmcmF6
JMiNBA,,Q29zdHVtZSBCZWF1dGlmdWwgUGhhbnRvbSBNYXNr,,,,,W8OAw4zCusOqIMOGw5DDhcONXQrCscOXwrfCsyDCs8OYw4XCuMOAw4zCuMKmIMOAw4fCu8OzIMKzw5jDhcK4w4DDjMK3w44gwrHCs8OIwq8gw4fDj8K9w4PCsMOawr7DrsK/w6Q/CsKxwrPDiMKvwr/CocK0w4IgXkZGMDAwMMOAw4fCu8OzwrHCs8OIwq/DhMOtw4bDuV4wMDAwMDAgw4fDkSDDgMOlw4DDjCDDh8OKwr/DpCDDh8OPwrTDpMK0w4/CtMOZLg==,,RGlzZnJheiBIZXJtb3NhIE3DoXNjYXJhIEZhbnRhc21h
JciNBA,,Q29zdHVtZSBHb29kIFdlZGRpbmcgVmVpbA==,,,,,W8OAw4zCusOqIMOGw5DDhcONXQrCvsOuwrjDmiEgwrzCvMK7w7PCv8KhISEhIQrCscOXIMK4w7DDgMOawrTDgiDCvsOGw4HDtyDDgMOnwrfDocKwwqEgwr7DuMK+w67Cv8OkIQ==,,VHJhamUgQnVlbm8gVmVsbyBkZSBub3ZpYQ==
JsiNBA,,Q29zdHVtZTogR3JhbmQgUGVjbyBIZWFkZHJlc3M=,,,,,W8OAw4zCusOqIMOGw5DDhcONXQrDiMOsLi4uLsK+w67CtcOwwrrCuMOAw5ouLi4uLgrCsMKhwr3CusK4wrbCvcK6w4XCqcK4wqYgw4DDh8K7w7MgwrDCocK9wrrCuMK2wr3CusOFwqnCt8OOIMK5w5nCssOcIMK8w7Ygw4DDlsK+w67Cv8OkLgrDgMOnwrPCrSDCtMOrwrrDsSDCv8OPwrrCriEhIMKww4XDhMKjIMK8w7vCvMOSwrjCriDCvcK6w4fDj8K9wrrDh8OPISE=,,VHJhamU6IEdyYW4gdG9jYWRvIFBlY28=
J8iNBA,,Q29zdHVtZSBIYXQgb2YgdGhlIFN1biBHb2Q=,,,,,W8OAw4zCusOqIMOGw5DDhcONXQrCscOXwrfCsyDCsMKhwr3CusK4wrbCvcK6w4XCqcK4wqYgw4DDh8K7w7MgwrDCocK9wrrCuMK2wr3CusOFwqnCt8OOIMKxwrPDiMKvIMOHw4/CvcODwrDDmsK+w67Cv8OkPwrCscKzw4jCr8K/wqHCtMOCIF5GRjAwMDDDgMOHwrvDs8KxwrPDiMKvw4TDrcOGw7leMDAwMDAwIMOHw5Egw4DDpcOAw4wgw4fDisK/w6Qgw4fDj8K0w6TCtMOPwrTDmS4=,,R29ycm8gZGVsIERpb3MgU29s
KMiNBA,,Q29zdHVtZSBIb2x5IE1vdGhlciBMb3Zl,,,,,W8OAw4zCusOqIMOGw5DDhcONXQrDiMOsLi4uLsK+w67CtcOwwrrCuMOAw5ouLi4uLgrCsMOtwrHDnsK8wrHCscObwrfCocK9wrrCuMKmIMOAw4fCu8OzIMKww63CscOewrzCscKxw5vCt8Khwr3CusK3w44gwrnDmcKyw5wgwrzDtiDDgMOWwr7DrsK/w6QuCsK+w4YuLi7CvsOGwrTDjyDDgMOMwrDDjcOAwrohISDCvsKywrHDosK4wrjDh8OYwrXCtSDDh8KwwrDDncOAw4wgwr/DrMK3wq/Cs8Kqwr/DgMK0w4LCscK6wr/DpCE=,,VHJhamUgU2FudGEgTWFkcmUgQW1vcg==
KciNBA,,Q29zdHVtZSBMaW9uIE1hc2s=,,,,,W8OAw4zCusOqIMOGw5DDhcONXQrCscOXwrfCsyDCsMOtwrHDnsK8wrHCscObwrfCocK9wrrCuMKmIMOAw4fCu8OzIMKww63CscOewrzCscKxw5vCt8Khwr3CusK3w44gwrHCs8OIwq8gw4fDj8K9w4PCsMOawr7DrsK/w6Q/CsKxwrPDiMKvwr/CocK0w4IgXkZGMDAwMMOAw4fCu8OzwrHCs8OIwq/DhMOtw4bDuV4wMDAwMDAgw4fDkSDDgMOlw4DDjCDDh8OKwr/DpCDDh8OPwrTDpMK0w4/CtMOZLg==,,RGlzZnJheiBNw6FzY2FyYSBkZSBsZcOzbg==
KsiNBA,,Q29zdHVtZSBMb3JkIG9mIERlYXRo,,,,,W8OAw4zCusOqIMOGw5DDhcONXQrDiMOsLi4uLsK+w67CtcOwwrrCuMOAw5ouLi4uLgrCsMOtwrrDrcK4wrDCuMKuwrTDtcOAw4cgwrDCocK4w6nDgMK7IMOAw4fCu8OzIMKww63CusOtwrjCsMK4wq7CtMO1w4DDhyDCsMKhwrjDqcOAwrjCt8OOIMK5w5nCssOcIMK8w7Ygw4DDlsK+w67Cv8OkLgrCuMKuwrTDtSEhIMKww63CusOtwrjCsMOBwrfDgMOMwrHDpMOHw4/DgcO2wrjCuCDCuMKuwrTDtSEhIQ==,,VHJhamUgU2XDsW9yIGRlIGxhIE11ZXJ0ZQ==
K8iNBA,,Q29zdHVtZSBOZWNyb21hbmNlciBIb29k,,,,,W8OAw4zCusOqIMOGw5DDhcONXQrCscOXwrfCsyDCsMOtwrrDrcK4wrDCuMKuwrTDtcOAw4cgwrDCocK4w6nDgMK7IMOAw4fCu8OzIMKww63CusOtwrjCsMK4wq7CtMO1w4DDhyDCsMKhwrjDqcOAwrjCt8OOIMKxwrPDiMKvIMOHw4/CvcODwrDDmsK+w67Cv8OkPwrCscKzw4jCr8K/wqHCtMOCIF5GRjAwMDDDgMOHwrvDs8KxwrPDiMKvw4TDrcOGw7leMDAwMDAwIMOHw5Egw4DDpcOAw4wgw4fDisK/w6Qgw4fDj8K0w6TCtMOPwrTDmS4=,,RGlzZnJheiBkZSBOaWdyb21hbnRlIGNvbiBDYXB1Y2hh
LMiNBA,,Q29zdHVtZTogUmFiYml0IEVhcm11ZmZz,,,,,W8OAw4zCusOqIMOGw5DDhcONXQrDiMOsLi4uLsK+w67CtcOwwrrCuMOAw5ouLi4uLgrCscONw4LDusOAwrogwrDCocK4w6nDgMK7IMOAw4fCu8OzIMKxw43DgsO6w4DCuiDCsMKhwrjDqcOAwrjCt8OOIMK5w5nCssOcIMK8w7Ygw4DDlsK+w67Cv8OkLgrCvsOGLi4uIMK8wrPCuMOtw4fDj8Kxw6LCtcK1IMKxw43DgsO6Li4uLg==,,VHJhamU6IE9yZWplcmFzIGRlIGNvbmVqbw==
LciNBA,,Q29zdHVtZSBSYWluYm93IFZlaWw=,,,,,W8OAw4zCusOqIMOGw5DDhcONXQrCscOXwrfCsyDCscONw4LDusOAwrogwrDCocK4w6nDgMK7IMOAw4fCu8OzIMKxw43DgsO6w4DCuiDCsMKhwrjDqcOAwrjCt8OOIMKxwrPDiMKvIMOHw4/CvcODwrDDmsK+w67Cv8OkPwrCscKzw4jCr8K/wqHCtMOCIF5GRjAwMDDDgMOHwrvDs8KxwrPDiMKvw4TDrcOGw7leMDAwMDAwIMOHw5Egw4DDpcOAw4wgw4fDisK/w6Qgw4fDj8K0w6TCtMOPwrTDmS4=,,RGlzZnJheiBWZWxvIEFyY28gSXJpcw==
LsiNBA,,Q29zdHVtZTogUmVnaW5sZWlmIEhhaXJiYW5k,,,,,W8OAw4zCusOqIMOGw5DDhcONXQrDiMOsLi4uLsK+w67CtcOwwrrCuMOAw5ouLi4uLgrCscObwrfCocK9wrrCuMKmIMOAw4fCu8OzIMKxw5vCt8Khwr3CusK3w44gwrnDmcKyw5wgwrzDtiDDgMOWwr7DrsK/w6QuCsK0wqvDgMOMIMKzwqrCu8ObIMK7w6fCtsO3wr/CocKww5Ugw4fDisK8w7bDgcO2wrjCuCDCtMKrw4DDjCDCs8KqwrvDmsOBw7Ygwr7DisOAwrogwrvDp8K2w7fCtcOpwrfDjiDCuMOaw4DCuMK3w44gwr7CtMK0w5nCscK4wr/DpCE=,,VHJhamU6IHBhcmEgZWwgY2FiZWxsbyBkZSBSZWdpbmxlaWYgZGVjb3JhdGl2YQ==
L8iNBA,,Q29zdHVtZSBTYW1hbWJhaWE=,,,,,W8OAw4zCusOqIMOGw5DDhcONXQrCscOXwrfCsyDCscObwrfCocK9wrrCuMKmIMOAw4fCu8OzIMKxw5vCt8Khwr3CusK3w44gwrHCs8OIwq8gw4fDj8K9w4PCsMOawr7DrsK/w6Q/CsKxwrPDiMKvwr/CocK0w4IgXkZGMDAwMMOAw4fCu8OzwrHCs8OIwq/DhMOtw4bDuV4wMDAwMDAgw4fDkSDDgMOlw4DDjCDDh8OKwr/DpCDDh8OPwrTDpMK0w4/CtMOZLg==,,VHJhamUgU2FtYW1iYWlh
MMiNBA,,Q29zdHVtZSBEaXAgU2NobWlkdCBIZWxt,,,,,W8OAw4zCusOqIMOGw5DDhcONXQrDiMOsLi4uLsK+w67CtcOwwrrCuMOAw5ouLi4uLgrCvMOSw4TDj8OAw4wgw4DDlsK0w4IgwrHDm8K3wqHCvcK6wrjCpiDDgMOHwrvDsyDCscObwrfCocK9wrrCt8OOIMK5w5nCssOcIMK8w7Ygw4DDlsK+w67Cv8OkLgrCtMKrw4DDjCDCs8KqwrvDmyDCu8OnwrbDt8K/wqHCsMOVIMOHw4rCvMO2w4HDtsK4wrggwrTCq8OAw4wgwrPCqsK7w5rDgcO2IMK+w4rDgMK6IMK7w6fCtsO3wrXDqcK3w44gwrjDmsOAwrjCt8OOIMK+wrTCtMOZwrHCuMK/w6Qh,,VHJhamUgRGlwIFNjaG1pZHQgSGVsbQ==
MciNBA,,Q29zdHVtZSBTbmlwZXIgR29nZ2xl,,,,,W8OAw4zCusOqIMOGw5DDhcONXQrCscOXwrfCsyDCvMOSw4TDj8OAw4wgw4DDlsK0w4IgwrHDm8K3wqHCvcK6wrjCpiDDgMOHwrvDsyDCscObwrfCocK9wrrCt8OOIMKxwrPDiMKvIMOHw4/CvcODwrDDmsK+w67Cv8OkPwrCscKzw4jCr8K/wqHCtMOCIF5GRjAwMDDDgMOHwrvDs8KxwrPDiMKvw4TDrcOGw7leMDAwMDAwIMOHw5Egw4DDpcOAw4wgw4fDisK/w6Qgw4fDj8K0w6TCtMOPwrTDmS4=,,R2FmYXMgZGUgZnJhbmNvdGlyYWRvcg==
MsiNBA,,Q29zdHVtZSBGbG9hdGluZyBHaG9zdA==,,,,,W8OAw4zCusOqIMOGw5DDhcONXQrDiMOsLi4uLsK+w67CtcOwwrrCuMOAw5ouLi4uLgrCs8OuwrbDtcK0wqsgwrDCocK4w6nDgMK7IMOAw4fCu8OzIMKzw67CtsO1wrTCqyDCsMKhwrjDqcOAwrjCt8OOIMK5w5nCssOcIMK8w7Ygw4DDlsK+w67Cv8OkLgrCtcK/wrHDl8K2w7UgwrTCqywgwrXCv8Kxw5fCtsO1IMOAw5QuLi4gwr7DiyDCvMO2IMK+w7jDgMOMIMK6w7zDgcKuwrXDpcK0w4Igw4DDjCDCuMK2wrfDgi4uLg==,,RGlzZnJheiBGYW50YXNtYSBmbG90YW50ZQ==
M8iNBA,,Q29zdHVtZSBUaWdlciBNYXNr,,,,,W8OAw4zCusOqIMOGw5DDhcONXQrCscOXwrfCsyDCs8OuwrbDtcK0wqsgwrDCocK4w6nDgMK7IMOAw4fCu8OzIMKzw67CtsO1wrTCqyDCsMKhwrjDqcOAwrjCt8OOIMKxwrPDiMKvIMOHw4/CvcODwrDDmsK+w67Cv8OkPwrCscKzw4jCr8K/wqHCtMOCIF5GRjAwMDDDgMOHwrvDs8KxwrPDiMKvw4TDrcOGw7leMDAwMDAwIMOHw5Egw4DDpcOAw4wgw4fDisK/w6Qgw4fDj8K0w6TCtMOPwrTDmS4=,,RGlzZnJheiBkZSBtw6FzY2FyYSBkZSB0aWdyZQ==
NMiNBA,,Q29zdHVtZSBLaXRzdW5lIE1hc2sgSG9vZA==,,,,,W8OAw4zCusOqIMOGw5DDhcONXQrDiMOsLi4uLsK+w67CtcOwwrrCuMOAw5ouLi4uLgrCtMKrwrDCocK4wq7CsMKzwrjCpiDDgMOHwrvDsyDCtMKrwrDCocK4wq7CsMKzwrfDjiDCucOZwrLDnCDCvMO2IMOAw5bCvsOuwr/DpC4Kwr7Dhi4uwr7DhiEhISDDgMO6IMK+w67CtcOOwr/DrsKww4cgwrXDvCDDgcO6wrvDtsOAw4zCtsOzISEh,,RGlzZnJheiBLaXRzdW5lIE3DoXNjYXJhIENhcHVjaGE=
NciNBA,,Q29zdHVtZSBXaW5ncyBvZiBWaWN0b3J5,,,,,W8OAw4zCusOqIMOGw5DDhcONXQrCscOXwrfCsyDCtMKrwrDCocK4wq7CsMKzwrjCpiDDgMOHwrvDsyDCtMKrwrDCocK4wq7CsMKzwrfDjiDCscKzw4jCryDDh8OPwr3Dg8Kww5rCvsOuwr/DpD8KwrHCs8OIwq/Cv8KhwrTDgiBeRkYwMDAww4DDh8K7w7PCscKzw4jCr8OEw63DhsO5XjAwMDAwMCDDh8ORIMOAw6XDgMOMIMOHw4rCv8OkIMOHw4/CtMOkwrTDj8K0w5ku,,RGlzZnJheiBBbGFzIGRlIFZpY3Rvcmlh
NsiNBA,,Q29zdHVtZTogV29uZGVyaW5nIFdvbGYgSGVsbQ==,,,,,W8OAw4zCusOqIMOGw5DDhcONXQrDiMOsLi4uLsK+w67CtcOwwrrCuMOAw5ouLi4uLgrCtcK/wrHDl8K2w7UgwrTCq8K1wr/DgMOawrjCpiDDgMOHwrvDsyDCtcK/wrHDl8K2w7UgwrTCq8K1wr/DgMOawrfDjiDCucOZwrLDnCDCvMO2IMOAw5bCvsOuwr/DpC4KwrnDmcK2w7PCusK4wrDDrcOAw5bDgMK4wrjDqSDDgcKkwr3DhcOAw4wgw4jCpcK5w4zDh8OYw4HDtsK0w4IgwrDDjcK4wrggwrDCsMOAwrogwrHDlyDCtcK/wrHDl8K2w7cuLiE=,,VHJhamU6IGRlIGxvYm8gZXJyYW50ZSBkZWNvcmF0aXZv
N8iNBA,,Q29zdHVtZSBWZWdhYm9uZCBXb2xmIEhhdA==,,,,,W8OAw4zCusOqIMOGw5DDhcONXQrCscOXwrfCsyDCtcK/wrHDl8K2w7UgwrTCq8K1wr/DgMOawrjCpiDDgMOHwrvDsyDCtcK/wrHDl8K2w7UgwrTCq8K1wr/DgMOawrfDjiDCscKzw4jCryDDh8OPwr3Dg8Kww5rCvsOuwr/DpD8KwrHCs8OIwq/Cv8KhwrTDgiBeRkYwMDAww4DDh8K7w7PCscKzw4jCr8OEw63DhsO5XjAwMDAwMCDDh8ORIMOAw6XDgMOMIMOHw4rCv8OkIMOHw4/CtMOkwrTDj8K0w5ku,,R29ycm8gZGUgbG9ibyB2YWdhYnVuZG8gZGVjb3JhdGl2bw==
OMiNBA,,Q29zdHVtZSBWZWls,,,,,W8OAw4zCusOqIMOGw5DDhcONXQrDiMOsLi4uLsK+w67CtcOwwrrCuMOAw5ouLi4uLgrCuMOBwr/DuMKww6bDgMK7IMOAw4fCu8OzIMK4w4HCv8O4wrDDpsOAwrjCt8OOIMK5w5nCssOcIMK8w7Ygw4DDlsK+w67Cv8OkLgrCuMOWwrjCrsK6wrjCtMOCIMK7w7XCsMKhIMK4w5TDgMOMwrjCpiDDgMOiwrTDgiDCucO9w4DDjMOBw5Ih,,VmVsbyBkZSBkaXNmcmF6
OciNBA,,Q29zdHVtZSBRdWVlbiBTY2FyYWJhIEhlbG0=,,,,,W8OAw4zCusOqIMOGw5DDhcONXQrCscOXwrfCsyDCuMOBwr/DuMKww6bDgMK7IMOAw4fCu8OzIMK4w4HCv8O4wrDDpsOAwrjCt8OOIMKxwrPDiMKvIMOHw4/CvcODwrDDmsK+w67Cv8OkPwrCscKzw4jCr8K/wqHCtMOCIF5GRjAwMDDDgMOHwrvDs8KxwrPDiMKvw4TDrcOGw7leMDAwMDAwIMOHw5Egw4DDpcOAw4wgw4fDisK/w6Qgw4fDj8K0w6TCtMOPwrTDmS4=,,Q2FzY28gU2NhcmFiYSBDb3N0dW1lIFF1ZWVu
OsiNBA,,Q29zdHVtZSBTcGhpbnggSGVsbQ==,,,,,W8OAw4zCusOqIMOGw5DDhcONXQrDiMOsLi4uLsK+w67CtcOwwrrCuMOAw5ouLi4uLgrCucKrw4fCpcOBwqQgwrDCocK4w6nDgMK7IMOAw4fCu8OzIMK5wqvDh8Klw4HCpCDCsMKhwrjDqcOAwrjCt8OOIMK5w5nCssOcIMK8w7Ygw4DDlsK+w67Cv8OkLgrCucKrwr3DicOHw5HCtcOtIMK9w4PDhcKpw4fDkSDCvsOLIMK8w7Ygwr7DuMK0w4Igw4fCpcOBwqQh,,Q2FzY28gRXNmaW5nZQ==
O8iNBA,,VF9TcGlueF9IZWxt,,,,,W8OAw4zCusOqIMOGw5DDhcONXQrCscOXwrfCsyDCucKrw4fCpcOBwqQgwrDCocK4w6nDgMK7IMOAw4fCu8OzIMK5wqvDh8Klw4HCpCDCsMKhwrjDqcOAwrjCt8OOIMKxwrPDiMKvIMOHw4/CvcODwrDDmsK+w67Cv8OkPwrCscKzw4jCr8K/wqHCtMOCIF5GRjAwMDDDgMOHwrvDs8KxwrPDiMKvw4TDrcOGw7leMDAwMDAwIMOHw5Egw4DDpcOAw4wgw4fDisK/w6Qgw4fDj8K0w6TCtMOPwrTDmS4=,,VF9TcGlueF9IZWxt
PMiNBA,,Q29zdHVtZSBJZnJpdCBNYXNr,,,,,W8OAw4zCusOqIMOGw5DDhcONXQrDiMOsLi4uLsK+w67CtcOwwrrCuMOAw5ouLi4uLgrCucOMwrTDj8Kxw5vCt8Khwr3CusK4wqYgw4DDh8K7w7MgwrnDjMK0w4/CscObwrfCocK9wrrCt8OOIMK5w5nCssOcIMK8w7Ygw4DDlsK+w67Cv8OkLgrCucOMwrTDj8Kxw5vCt8Khwr3CusOBw7bCuMK4IMOAw5vCsMOUIMK6wrjDgMOMwrTDgsKww4cgwr7DhsK0w4/Cv8K5wr/DpC4=,,RGlzZnJheiBkZSBJZnJpdCBNw6FzY2FyYQ==
PciNBA,,Q29zdHVtZSBEci4gRWdnbWFuIE1hc2s=,,,,,W8OAw4zCusOqIMOGw5DDhcONXQrCscOXwrfCsyDCucOMwrTDj8Kxw5vCt8Khwr3CusK4wqYgw4DDh8K7w7MgwrnDjMK0w4/CscObwrfCocK9wrrCt8OOIMKxwrPDiMKvIMOHw4/CvcODwrDDmsK+w67Cv8OkPwrCscKzw4jCr8K/wqHCtMOCIF5GRjAwMDDDgMOHwrvDs8KxwrPDiMKvw4TDrcOGw7leMDAwMDAwIMOHw5Egw4DDpcOAw4wgw4fDisK/w6Qgw4fDj8K0w6TCtMOPwrTDmS4=,,RGlzZnJheiBEci4gRWdnbWFuIE3DoXNjYXJh
PsiNBA,,Q29zdHVtZSBIYXBweSBDYXQ=,,,,,W8OAw4zCusOqIMOGw5DDhcONXQrDiMOsLi4uLsK+w67CtcOwwrrCuMOAw5ouLi4uLgrCvMKxwrHDm8K3wqHCvcK6wrjCpiDDgMOHwrvDsyDCvMKxwrHDm8K3wqHCvcK6wrfDjiDCucOZwrLDnCDCvMO2IMOAw5bCvsOuwr/DpC4KWU8hIMOHw57CusO7w4DCuyDDh8OHw4fDj8K0w4IgwrnDpsK5w70u,,RGlzZnJheiBIYXBweSBDYXQ=
P8iNBA,,Q29zdHVtZSBBbGNoZW1pc3QgTWFzaw==,,,,,W8OAw4zCusOqIMOGw5DDhcONXQrCscOXwrfCsyDCvMKxwrHDm8K3wqHCvcK6wrjCpiDDgMOHwrvDsyDCvMKxwrHDm8K3wqHCvcK6wrfDjiDCscKzw4jCryDDh8OPwr3Dg8Kww5rCvsOuwr/DpD8KwrHCs8OIwq/Cv8KhwrTDgiBeRkYwMDAww4DDh8K7w7PCscKzw4jCr8OEw63DhsO5XjAwMDAwMCDDh8ORIMOAw6XDgMOMIMOHw4rCv8OkIMOHw4/CtMOkwrTDj8K0w5ku,,RGlzZnJheiBkZSBBbHF1aW1pc3RhIE3DoXNjYXJh
QMiNBA,,Q29zdHVtZSBBbnViaXMgSGVsbQ==,,,,,W8OAw4zCusOqIMOGw5DDhcONXQrDiMOsLi4uLsK+w67CtcOwwrrCuMOAw5ouLi4uLgrCvMOSw4TDj8OAw4wgw4DDlsK0w4IgwrzCscKxw5vCt8Khwr3CusK4wqYgw4DDh8K7w7MgwrzCscKxw5vCt8Khwr3CusK3w44gwrnDmcKyw5wgwrzDtiDDgMOWwr7DrsK/w6QuCllPISDDh8OewrrDu8OAwrsgw4fDh8OHw4/CtMOCIMK5w6bCucO9Lg==,,Q2FzY28gZGUgQW51Ymlz
QciNBA,,Q29zdHVtZSBBdGkgQXRpaGFu,,,,,W8OAw4zCusOqIMOGw5DDhcONXQrCscOXwrfCsyDCvMOSw4TDj8OAw4wgw4DDlsK0w4IgwrzCscKxw5vCt8Khwr3CusK4wqYgw4DDh8K7w7MgwrzCscKxw5vCt8Khwr3CusK3w44gwrHCs8OIwq8gw4fDj8K9w4PCsMOawr7DrsK/w6Q/CsKxwrPDiMKvwr/CocK0w4IgXkZGMDAwMMOAw4fCu8OzwrHCs8OIwq/DhMOtw4bDuV4wMDAwMDAgw4fDkSDDgMOlw4DDjCDDh8OKwr/DpCDDh8OPwrTDpMK0w4/CtMOZLg==,,VHJhamUgQXRpIEF0aWhhbg==
QsiNBA,,Q29zdHVtZTogQnJlYWQgQmFnMg==,,,,,W8OAw4zCusOqIMOGw5DDhcONXQrDiMOsLi4uLsK+w67CtcOwwrrCuMOAw5ouLi4uLgrCvcK6wrjCtsOAw4/DgMK7IMOAw4fCu8OzIMK9wrrCuMK2w4DDj8K3w44gwrnDmcKyw5wgwrzDtiDDgMOWwr7DrsK/w6QuCsOAw7wgw4DDjMKww4kgwr7CssK4w6kgwr7DsMOBwqbCs8KqIMOBw7HCsMOFwr/DriDCscOiwrrDkMOAw4wgwrXDp8K0w6TCtMOPwrTDmS4=,,VHJhamU6IGRlIHBhbjIgZGVjb3JhdGl2YQ==
Q8iNBA,,Q29zdHVtZTogQ2FwIG9mIEJsaW5kbmVzcw==,,,,,W8OAw4zCusOqIMOGw5DDhcONXQrCscOXwrfCsyDCvcK6wrjCtsOAw4/DgMK7IMOAw4fCu8OzIMK9wrrCuMK2w4DDj8K3w44gwrHCs8OIwq8gw4fDj8K9w4PCsMOawr7DrsK/w6Q/CsKxwrPDiMKvwr/CocK0w4IgXkZGMDAwMMOAw4fCu8OzwrHCs8OIwq/DhMOtw4bDuV4wMDAwMDAgw4fDkSDDgMOlw4DDjCDDh8OKwr/DpCDDh8OPwrTDpMK0w4/CtMOZLg==,,VHJhamU6IEdvcnJvIGRlIGNlZ3VlcmE=
RMiNBA,,Q19DbG9zZV9IZWxtZXQ=,,,,,W8OAw4zCusOqIMOGw5DDhcONXQrDiMOsLi4uLsK+w67CtcOwwrrCuMOAw5ouLi4uLgrCvsOHwrjCtsOAw4cgwrPCr8KwwrPCscONwrjCpiDDgMOHwrvDsyDCvsOHwrjCtsOAw4cgwrPCr8KwwrPCscONwrfDjiDCucOZwrLDnCDCvMO2IMOAw5bCvsOuwr/DpC4Kwr7Dh8K4wrbCsMKww4DCuiDDhMKhwrjDrcOAw7vDgMOOIMK4w4XCt8OCw4DDjCDDgMOWw4HDkiE=,,Q19DZXJyYXJfQ2FzY28=
RciNBA,,Q29zdHVtZSBEYXJrIEtuaWdodCBNYXNr,,,,,W8OAw4zCusOqIMOGw5DDhcONXQrCscOXwrfCsyDCvsOHwrjCtsOAw4cgwrPCr8KwwrPCscONwrjCpiDDgMOHwrvDsyDCvsOHwrjCtsOAw4cgwrPCr8KwwrPCscONwrfDjiDCscKzw4jCryDDh8OPwr3Dg8Kww5rCvsOuwr/DpD8KwrHCs8OIwq/Cv8KhwrTDgiBeRkYwMDAww4DDh8K7w7PCscKzw4jCr8OEw63DhsO5XjAwMDAwMCDDh8ORIMOAw6XDgMOMIMOHw4rCv8OkIMOHw4/CtMOkwrTDj8K0w5ku,,RGlzZnJheiBkZSBDYWJhbGxlcm8gT3NjdXJvIE3DoXNjYXJh
RsiNBA,,Q29zdHVtZSBIaWxsIFdpbmQgTWFzaw==,,,,,W8OAw4zCusOqIMOGw5DDhcONXQrDiMOsLi4uLsK+w67CtcOwwrrCuMOAw5ouLi4uLgrCvsOLwrbDt8KwwqHCuMOpw4DCuyDDgMOHwrvDsyDCvsOLwrbDt8KwwqHCuMOpw4DCuMK3w44gwrnDmcKyw5wgwrzDtiDDgMOWwr7DrsK/w6QuCsK2w4jCtcO8Li4uwrbDiMK1w7wuLi7CvsOGwr7DhiDCscOTwrzDk8K/wqHCvMKtIMK9w4PCsMOowrzDksK4wq7CsMKhLi4u,,TcOhc2NhcmEgZGUgdmllbnRvIENvc3R1bWUgSGlsbA==
R8iNBA,,Q29zdHVtZSBIb3BsaXRlIEhlbG1ldA==,,,,,W8OAw4zCusOqIMOGw5DDhcONXQrCscOXwrfCsyDCvsOLwrbDt8KwwqHCuMOpw4DCuyDDgMOHwrvDsyDCvsOLwrbDt8KwwqHCuMOpw4DCuMK3w44gwrHCs8OIwq8gw4fDj8K9w4PCsMOawr7DrsK/w6Q/CsKxwrPDiMKvwr/CocK0w4IgXkZGMDAwMMOAw4fCu8OzwrHCs8OIwq/DhMOtw4bDuV4wMDAwMDAgw4fDkSDDgMOlw4DDjCDDh8OKwr/DpCDDh8OPwrTDpMK0w4/CtMOZLg==,,Q2FzY28gZGUgaG9wbGl0YSBwYXJhIGRpc2ZyYWNlcw==
SMiNBA,,Q29zdHVtZSBIeWVndW4gSGF0,,,,,W8OAw4zCusOqIMOGw5DDhcONXQrDiMOsLi4uLsK+w67CtcOwwrrCuMOAw5ouLi4uLgrCtcOOwrDCs8OAw4cgw4DDm8OAwrogwrjCrsK6wrvDgMK7IMOAw4fCu8OzIMK1w47CsMKzw4DDhyDDgMObw4DCusK4wq7CusK7w4DCuMK3w44gwrnDmcKyw5wgwrzDtiDDgMOWwr7DrsK/w6QuCsOAw4zCsMONwrjCuCDDgMOWwrTDmcK4w6kgw4XCpcOGwq7Dh8OUw4DCuiDCs8Kqw4DDhyDCsMONIQ==,,RGlzZnJheiBIeWVndW4gU29tYnJlcm8=
SciNBA,,Q29zdHVtZSBLYWJ1a2kgTWFzaw==,,,,,W8OAw4zCusOqIMOGw5DDhcONXQrCscOXwrfCsyDCtcOOwrDCs8OAw4cgw4DDm8OAwrrCuMKuwrrCu8OAwrsgw4DDh8K7w7MgwrXDjsKwwrPDgMOHIMOAw5vDgMK6wrjCrsK6wrvDgMK4wrfDjiDCscKzw4jCryDDh8OPwr3Dg8Kww5rCvsOuwr/DpD8KwrHCs8OIwq/Cv8KhwrTDgiBeRkYwMDAww4DDh8K7w7PCscKzw4jCr8OEw63DhsO5XjAwMDAwMCDDh8ORIMOAw6XDgMOMIMOHw4rCv8OkIMOHw4/CtMOkwrTDj8K0w5ku,,RGlzZnJheiBNw6FzY2FyYSBLYWJ1a2k=
SsiNBA,,Q29zdHVtZTogTG92ZSBSYWJiaXQgSG9vZA==,,,,,W8OAw4zCusOqIMOGw5DDhcONXQrDiMOsLi4uLsK+w67CtcOwwrrCuMOAw5ouLi4uLgrCv8OAw4bDpMK2w7Mgw4DCr8K3w4kgwrDCocK4w6nDgMK7IMOAw4fCu8OzIMK/w4DDhsOkwrbDsyDDgMKvwrfDiSDCsMKhwrjDqcOAwrjCt8OOIMK5w5nCssOcIMK8w7Ygw4DDlsK+w67Cv8OkLgrDhcKpwrjCrsK9wrrDhsK+fn4=,,VHJhamU6IENhcHVjaGEgTG92ZSBSYWJiaXQ=
S8iNBA,,Q29zdHVtZSBNYWdpY3N0b25lIG9mIEdyYWNl,,,,,W8OAw4zCusOqIMOGw5DDhcONXQrCscOXwrfCsyDCv8OAw4bDpMK2w7Mgw4DCr8K3w4kgwrDCocK4w6nDgMK7IMOAw4fCu8OzIMK/w4DDhsOkwrbDsyDDgMKvwrfDiSDCsMKhwrjDqcOAwrjCt8OOIMKxwrPDiMKvIMOHw4/CvcODwrDDmsK+w67Cv8OkPwrCscKzw4jCr8K/wqHCtMOCIF5GRjAwMDDDgMOHwrvDs8KxwrPDiMKvw4TDrcOGw7leMDAwMDAwIMOHw5Egw4DDpcOAw4wgw4fDisK/w6Qgw4fDj8K0w6TCtMOPwrTDmS4=,,VHJhamUgUGllZHJhIG3DoWdpY2EgZGUgR3JhY2lh
TMiNBA,,Q29zdHVtZTogUHJldHR5IFJhYmJpdCBIb29k,,,,,W8OAw4zCusOqIMOGw5DDhcONXQrDiMOsLi4uLsK+w67CtcOwwrrCuMOAw5ouLi4uLgrCsMKzw4HCtsK1w4ggwr/DgMOGw6TCtsOzIMOAwq/Ct8OJIMKwwqHCuMOpw4DCuyDDgMOHwrvDsyDCv8OAw4bDpMK2w7Mgw4DCr8K3w4kgwrDCocK4w6nDgMK4wrfDjiDCucOZwrLDnCDCvMO2IMOAw5bCvsOuwr/DpC4Kw4XCqcK4wq7CvcK6w4bCvn5+,,VHJhamU6IGRlIGNvbmVqaXRvIGxpbmRvIGRlY29yYXRpdmE=
TciNBA,,Q29zdHVtZSBTZWNyZXQgQmFuZGFuYQ==,,,,,W8OAw4zCusOqIMOGw5DDhcONXQrCscOXwrfCsyDCsMKzw4HCtsK1w4ggwr/DgMOGw6TCtsOzIMOAwq/Ct8OJIMKwwqHCuMOpw4DCuyDDgMOHwrvDsyDCv8OAw4bDpMK2w7Mgw4DCr8K3w4kgwrDCocK4w6nDgMK4wrfDjiDCscKzw4jCryDDh8OPwr3Dg8Kww5rCvsOuwr/DpD8KwrHCs8OIwq/Cv8KhwrTDgiBeRkYwMDAww4DDh8K7w7PCscKzw4jCr8OEw63DhsO5XjAwMDAwMCDDh8ORIMOAw6XDgMOMIMOHw4rCv8OkIMOHw4/CtMOkwrTDj8K0w5ku,,VHJhamUgQmFuZGFuYSBTZWNyZXRv
TsiNBA,,Q19Ta3VsbF9KaG9vZA==,,,,,W8OAw4zCusOqIMOGw5DDhcONXQrDiMOsLi4uLsK+w67CtcOwwrrCuMOAw5ouLi4uLgrCv8OcwrTCq8K+w4jCsMOmw4DCuyDDgMOHwrvDsyDCv8OcwrTCq8K+w4jCsMOmw4DCuMK3w44gwrnDmcKyw5wgwrzDtiDDgMOWwr7DrsK/w6QuCsOBw73Cu8OnwrTDlCEhISE=,,Q19Ta3VsbF9KaG9vZA==
T8iNBA,,Q29zdHVtZSBTa3kgSGVsbQ==,,,,,W8OAw4zCusOqIMOGw5DDhcONXQrCscOXwrfCsyDCv8OcwrTCq8K+w4jCsMOmw4DCuyDDgMOHwrvDsyDCv8OcwrTCq8K+w4jCsMOmw4DCuMK3w44gwrHCs8OIwq8gw4fDj8K9w4PCsMOawr7DrsK/w6Q/CsKxwrPDiMKvwr/CocK0w4IgXkZGMDAwMMOAw4fCu8OzwrHCs8OIwq/DhMOtw4bDuV4wMDAwMDAgw4fDkSDDgMOlw4DDjCDDh8OKwr/DpCDDh8OPwrTDpMK0w4/CtMOZLg==,,VHJhamUgU2t5IEhlbG0=
UMiNBA,,Q19Tb2xvX1BsYXlfQm94Mg==,,,,,W8OAw4zCusOqIMOGw5DDhcONXQrDiMOsLi4uLsK+w67CtcOwwrrCuMOAw5ouLi4uLgrCvMOSw4TDj8OAw4wgw4DDlsK0w4Igwr/DnMK0wqvCvsOIwrDDpsOAwrsgw4DDh8K7w7Mgwr/DnMK0wqvCvsOIwrDDpsOAwrjCt8OOIMK5w5nCssOcIMK8w7Ygw4DDlsK+w67Cv8OkLgrDgcO9wrvDp8K0w5QhISEh,,Q19Tb2xvX1BsYXlfQm94Mg==
UciNBA,,Q29zdHVtZSBTdHJhdyBSaWNlIEJhZw==,,,,,W8OAw4zCusOqIMOGw5DDhcONXQrCscOXwrfCsyDCvMOSw4TDj8OAw4wgw4DDlsK0w4Igwr/DnMK0wqvCvsOIwrDDpsOAwrsgw4DDh8K7w7Mgwr/DnMK0wqvCvsOIwrDDpsOAwrjCt8OOIMKxwrPDiMKvIMOHw4/CvcODwrDDmsK+w67Cv8OkPwrCscKzw4jCr8K/wqHCtMOCIF5GRjAwMDDDgMOHwrvDs8KxwrPDiMKvw4TDrcOGw7leMDAwMDAwIMOHw5Egw4DDpcOAw4wgw4fDisK/w6Qgw4fDj8K0w6TCtMOPwrTDmS4=,,Q29zdHVtZSBCb2xzYSBkZSBwYWphIHBhcmEgYXJyb3o=
UsiNBA,,Q29zdHVtZSBIYXJ1bSBCZXJldA==,,,,,W8OAw4zCusOqIMOGw5DDhcONXQrDiMOsLi4uLsK+w67CtcOwwrrCuMOAw5ouLi4uLgrDg8K1wrvDp8OAw4cgwrPCr8KwwrPCscONwrjCpiDDgMOHwrvDsyDDg8K1wrvDp8OAw4cgwrPCr8KwwrPCscONwrfDjiDCucOZwrLDnCDCvMO2IMOAw5bCvsOuwr/DpC4Kw4PCtcK7w7PDgMOHIMK+w4bCuMKnwrTDmcK/w7LDgMOMwrbDs8K0w4IgwrDDhyDCucOZwrfDjiDDgMOMwrfCsSDCsMOFwrDDmsOBw5I/,,VHJhamUgSGFydW0gQm9pbmE=
U8iNBA,,Q29zdHVtZSBIb3JzZSBLaW5n,,,,,W8OAw4zCusOqIMOGw5DDhcONXQrCscOXwrfCsyDDg8K1wrvDp8OAw4cgwrPCr8KwwrPCscONwrjCpiDDgMOHwrvDsyDDg8K1wrvDp8OAw4cgwrPCr8KwwrPCscONwrfDjiDCscKzw4jCryDDh8OPwr3Dg8Kww5rCvsOuwr/DpD8KwrHCs8OIwq/Cv8KhwrTDgiBeRkYwMDAww4DDh8K7w7PCscKzw4jCr8OEw63DhsO5XjAwMDAwMCDDh8ORIMOAw6XDgMOMIMOHw4rCv8OkIMOHw4/CtMOkwrTDj8K0w5ku,,RGlzZnJheiBkZSBSZXkgQ2FiYWxsbw==
VMiNBA,,VF9NdW5ha19IYXQ=,,,,,W8OAw4zCusOqIMOGw5DDhcONXQrDiMOsLi4uLsK+w67CtcOwwrrCuMOAw5ouLi4uLgrCvMOSw4TDj8OAw4wgw4DDlsK0w4Igw4PCtcK7w6fDgMOHIMKzwq/CsMKzwrHDjcK4wqYgw4DDh8K7w7Mgw4PCtcK7w6fDgMOHIMKzwq/CsMKzwrHDjcK3w44gwrnDmcKyw5wgwrzDtiDDgMOWwr7DrsK/w6QuCsODwrXCu8Ozw4DDhyDCvsOGwrjCp8K0w5nCv8Oyw4DDjMK2w7PCtMOCIMKww4cgwrnDmcK3w44gw4DDjMK3wrEgwrDDhcKww5rDgcOSPw==,,VF9NdW5ha19IYXQ=
VciNBA,,W0F2ZXIgRGUgRG9zaF0KV2VsbC4uLgpUaGlzIGhhdCBpcyBjdXJyZW50bHkgbm90IGF2YWlsYWJsZSBmb3IgdXBncmFkZS4=,,,,,W8OAw4zCusOqIMOGw5DDhcONXQrCscOXwrfCsyDCvMOSw4TDj8OAw4wgw4DDlsK0w4Igw4PCtcK7w6fDgMOHIMKzwq/CsMKzwrHDjcK4wqYgw4DDh8K7w7Mgw4PCtcK7w6fDgMOHIMKzwq/CsMKzwrHDjcK3w44gwrHCs8OIwq8gw4fDj8K9w4PCsMOawr7DrsK/w6Q/CsKxwrPDiMKvwr/CocK0w4IgXkZGMDAwMMOAw4fCu8OzwrHCs8OIwq/DhMOtw4bDuV4wMDAwMDAgw4fDkSDDgMOlw4DDjCDDh8OKwr/DpCDDh8OPwrTDpMK0w4/CtMOZLg==,,W0F2ZXIgRGUgRG9zaF0KQnVlbm/igKYKRXN0ZSBhY2Nlc29yaW8gbm8gZXN0w6EgZGlzcG9uaWJsZSBwYXJhIHJlY2liaXIgdW5hIG1lam9yYS4=
VsiNBA,,Q29zdHVtZSBOaWdodCBTa3kgb2YgTHV0aWU=,,,,,W8OAw4zCusOqIMOGw5DDhcONXQrDiMOsLi4uLsK+w67CtcOwwrrCuMOAw5ouLi4uLgrCvsOGwrDCocK5w4zDh8OvwrjCp8OAwrsgw4DDh8K7w7Mgwr7DhsKwwqHCucOMw4fDr8K4wqfDgMK4wrfDjiDCucOZwrLDnCDCvMO2IMOAw5bCvsOuwr/DpC4KwrnCsCDCvMOTwr/CocK8wq3CtcK1IMK8w7vDgMK7IMK9wq8gwrzDtiDDgMOWw4DCuyDCsMONIMKwwrDDgMK6IMKxw6LCusOQw4DDjCDCtcOpwr7DrsK/w6Qu,,RGlzZnJheiBDaWVsbyBOb2N0dXJubyBkZSBMdXRpZQ==
V8iNBA,,Q29zdHVtZSBCbGluayBFeWVzIEZyb3plbg==,,,,,W8OAw4zCusOqIMOGw5DDhcONXQrCscOXwrfCsyDCvsOGwrDCocK5w4zDh8OvwrjCp8OAwrsgw4DDh8K7w7Mgwr7DhsKwwqHCucOMw4fDr8K4wqfDgMK4wrfDjiDCscKzw4jCryDDh8OPwr3Dg8Kww5rCvsOuwr/DpD8KwrHCs8OIwq/Cv8KhwrTDgiBeRkYwMDAww4DDh8K7w7PCscKzw4jCr8OEw63DhsO5XjAwMDAwMCDDh8ORIMOAw6XDgMOMIMOHw4rCv8OkIMOHw4/CtMOkwrTDj8K0w5ku,,T2pvcyBwYXJwYWRlYW50ZXMgaW52ZXJuYWxlcyBkZWNvcmF0aXZvcw==
WMiNBA,,Q29zdHVtZSBCYWJ5IFBvbGFyIEJlYXI=,,,,,W8OAw4zCusOqIMOGw5DDhcONXQrDiMOsLi4uLsK+w67CtcOwwrrCuMOAw5ouLi4uLgrCtMOjwrnDqMK4wqYgw4DDh8K7w7MgwrTDo8K5w6jCt8OOIMK5w5nCssOcIMK8w7Ygw4DDlsK+w67Cv8OkLgoxOcK8wrwgwrnDjMK4wrggw4PCu8K8w5LCs8Oiwr/CocKww5Qgw4bDh8K4w4XCscOdw4HDtiHCtMOnwr3DhcOAw4cgw4DDmsKzw6DCuMKmIMK6wrTCtcOpwrDDlCDDh8OVwrTDj8K0w5kuCsK5wrDCt8OQIMOAw4wgwrTDo8K5w6jCtMOCIMKwwqHDgsKswrTDj8K0w5khLg==,,RGlzZnJheiBPc28gUG9sYXIgQmViw6k=
WciNBA,,Q29zdHVtZSBCaWcgV2hpdGUgRG9n,,,,,W8OAw4zCusOqIMOGw5DDhcONXQrCscOXwrfCsyDCtMOjwrnDqMK4wqYgw4DDh8K7w7MgwrTDo8K5w6jCt8OOIMKxwrPDiMKvIMOHw4/CvcODwrDDmsK+w67Cv8OkPwrCscKzw4jCr8K/wqHCtMOCIF5GRjAwMDDDgMOHwrvDs8KxwrPDiMKvw4TDrcOGw7leMDAwMDAwIMOHw5Egw4DDpcOAw4wgw4fDisK/w6Qgw4fDj8K0w6TCtMOPwrTDmS4=,,R3JhbiBwZXJybyBibGFuY28gZGVjb3JhdGl2bw==
WsiNBA,,Q29zdHVtZSBUaWdlciBCbGFjaw==,,,,,W8OAw4zCusOqIMOGw5DDhcONXQrDiMOsLi4uLsK+w67CtcOwwrrCuMOAw5ouLi4uLgrDh8Kuw4DDmcOAwrsgw4DDh8K7w7Mgw4fCrsOAw5nDgMK4wrfDjiDCucOZwrLDnCDCvMO2IMOAw5bCvsOuwr/DpC4Kw4HDuMOBwqTDh8ORIMKzwrLDgMOaw4DDhyDCuMOawrDDuiDDh8OUwrLCsiDCvMK2w4DCr8OBw7rCtcK1IMK1w6vCu8OSIQ==,,VGlncmUgbmVncm8gZGVjb3JhdGl2bw==
W8iNBA,,Q29zdHVtZSBCbGFjayBSYWJiaXQ=,,,,,W8OAw4zCusOqIMOGw5DDhcONXQrCscOXwrfCsyDDh8Kuw4DDmcOAwrsgw4DDh8K7w7Mgw4fCrsOAw5nDgMK4wrfDjiDCscKzw4jCryDDh8OPwr3Dg8Kww5rCvsOuwr/DpD8KwrHCs8OIwq/Cv8KhwrTDgiBeRkYwMDAww4DDh8K7w7PCscKzw4jCr8OEw63DhsO5XjAwMDAwMCDDh8ORIMOAw6XDgMOMIMOHw4rCv8OkIMOHw4/CtMOkwrTDj8K0w5ku,,RGlzZnJheiBDb25lam8gTmVncm8=
XMiNBA,,Q29zdHVtZSBEZXZpcnVjaGkgUGFydHk=,,,,,W8OAw4zCusOqIMOGw5DDhcONXQrDiMOsLi4uLsK+w67CtcOwwrrCuMOAw5ouLi4uLgrCscKkwrTDq8OEw5rCuMKmIMOAw4fCu8OzIMKxwqTCtMOrw4TDmsK3w44gwrnDmcKyw5wgwrzDtiDDgMOWwr7DrsK/w6QuCsK3w6fCtcK5w4fDgcK+wr7CtcK1IMOAw4wgwr7DhsOAw4zDhcObIMOHw4/Cs8KqwrfDjiDDgMOOwrvDvcK/wqrDgMO8wr/CoSDCvMK6wrDDuMOHw5/DgcOSIQ==,,Rmllc3RhIGRlIGRpc2ZyYWNlcyBEZXZpcnVjaGk=
XciNBA,,Q29zdHVtZSBGbG9hdGluZyBCYWxs,,,,,W8OAw4zCusOqIMOGw5DDhcONXQrCscOXwrfCsyDCscKkwrTDq8OEw5rCuMKmIMOAw4fCu8OzIMKxwqTCtMOrw4TDmsK3w44gwrHCs8OIwq8gw4fDj8K9w4PCsMOawr7DrsK/w6Q/CsKxwrPDiMKvwr/CocK0w4IgXkZGMDAwMMOAw4fCu8OzwrHCs8OIwq/DhMOtw4bDuV4wMDAwMDAgw4fDkSDDgMOlw4DDjCDDh8OKwr/DpCDDh8OPwrTDpMK0w4/CtMOZLg==,,RXNmZXJhcyBmbG90YW50ZXMgZGVjb3JhdGl2YXM=
XsiNBA,,Q29zdHVtZSBFeWVzIG9mIFBoZW4=,,,,,W8OAw4zCusOqIMOGw5DDhcONXQrDiMOsLi4uLsK+w67CtcOwwrrCuMOAw5ouLi4uLgrCuMK2wr3CusOFwqnCuMKmIMOAw4fCu8OzIMK4wrbCvcK6w4XCqcK3w44gwrnDmcKyw5wgwrzDtiDDgMOWwr7DrsK/w6QuCsKwwqjCscOiLCDCuMOVw4HDtsK/wqMgwrLDgCDDh8OKwr/DpMOHw5Egwr7DhsOAw4zDhcObw4DDjMOBw5IhCsKwwqHCssO7IMK/w4DDh8OYIMK5w57DgMK7IMK8w7Ygw4DDlsOAwrjCtMOPIMOBw5bDgMOHw4fDj8K8wrzCv8OkLg==,,VHJhamUgT2pvcyBkZSBQaGVu
X8iNBA,,Q29zdHVtZSBUZWFyZHJvcA==,,,,,W8OAw4zCusOqIMOGw5DDhcONXQrCscOXwrfCsyDCuMK2wr3CusOFwqnCuMKmIMOAw4fCu8OzIMK4wrbCvcK6w4XCqcK3w44gwrHCs8OIwq8gw4fDj8K9w4PCsMOawr7DrsK/w6Q/CsKxwrPDiMKvwr/CocK0w4IgXkZGMDAwMMOAw4fCu8OzwrHCs8OIwq/DhMOtw4bDuV4wMDAwMDAgw4fDkSDDgMOlw4DDjCDDh8OKwr/DpCDDh8OPwrTDpMK0w4/CtMOZLg==,,RGlzZnJheiBMw6FncmltYQ==
YMiNBA,,Q29zdHVtZSBNaW5pIERvbW92b2k=,,,,,W8OAw4zCusOqIMOGw5DDhcONXQrDiMOsLi4uLsK+w67CtcOwwrrCuMOAw5ouLi4uLgrCvMOSw4TDj8OAw4wgw4DDlsK0w4IgwrjCtsK9wrrDhcKpwrjCpiDDgMOHwrvDsyDCuMK2wr3CusOFwqnCt8OOIMK5w5nCssOcIMK8w7Ygw4DDlsK+w67Cv8OkLgrCsMKowrHDoiwgwrjDlcOBw7bCv8KjIMKyw4Agw4fDisK/w6TDh8ORIMK+w4bDgMOMw4XDm8OAw4zDgcOSIQrCsMKhwrLDuyDCv8OAw4fDmCDCucOew4DCuyDCvMO2IMOAw5bDgMK4wrTDjyDDgcOWw4DDh8OHw4/CvMK8wr/DpC4=,,RGlzZnJheiBNaW5pIERvbW92b2k=
YciNBA,,Q29zdHVtZSBSYWJiaXQgR29kIFBldA==,,,,,W8OAw4zCusOqIMOGw5DDhcONXQrCscOXwrfCsyDCvMOSw4TDj8OAw4wgw4DDlsK0w4IgwrjCtsK9wrrDhcKpwrjCpiDDgMOHwrvDsyDCuMK2wr3CusOFwqnCt8OOIMKxwrPDiMKvIMOHw4/CvcODwrDDmsK+w67Cv8OkPwrCscKzw4jCr8K/wqHCtMOCIF5GRjAwMDDDgMOHwrvDs8KxwrPDiMKvw4TDrcOGw7leMDAwMDAwIMOHw5Egw4DDpcOAw4wgw4fDisK/w6Qgw4fDj8K0w6TCtMOPwrTDmS4=,,TWFzY290YSBkZSBkaW9zIGNvbmVqbyBkZWNvcmF0aXZh
YsiNBA,,Q29zdHVtZSBTdW4gR29kIEJsZXNzaW5n,,,,,W8OAw4zCusOqIMOGw5DDhcONXQrDiMOsLi4uLsK+w67CtcOwwrrCuMOAw5ouLi4uLgrCusOQwrPDq8OHw5Egw4DDlMOAwrsgw4DDh8K7w7MgwrrDkMKzw6vDh8ORIMOAw5TDgMK4wrfDjiDCucOZwrLDnCDCvMO2IMOAw5bCvsOuwr/DpC4Kw4jCrX7CsMKhfsKzwq1+wrTDmcK+w4bCvsOGwr7DhsK+w4bCvsOGwr7DhsK+w4bCvsOGwr7DhsK+w4bCvsOGwr7DhsK+w4Z+,,Q2FiZXphcyBkZWwgZGlvcyBkZWwgU29sIGRlY29yYXRpdmFz
Y8iNBA,,Q29zdHVtZSBDYXJhYmFv,,,,,W8OAw4zCusOqIMOGw5DDhcONXQrCscOXwrfCsyDCusOQwrPDq8OHw5Egw4DDlMOAwrsgw4DDh8K7w7MgwrrDkMKzw6vDh8ORIMOAw5TDgMK4wrfDjiDCscKzw4jCryDDh8OPwr3Dg8Kww5rCvsOuwr/DpD8KwrHCs8OIwq/Cv8KhwrTDgiBeRkYwMDAww4DDh8K7w7PCscKzw4jCr8OEw63DhsO5XjAwMDAwMCDDh8ORIMOAw6XDgMOMIMOHw4rCv8OkIMOHw4/CtMOkwrTDj8K0w5ku,,RGlzZnJheiBDYXJhYmFv
ZMiNBA,,Q29zdHVtZSBGbHVmZnkgQmFrZXJ5,,,,,W8OAw4zCusOqIMOGw5DDhcONXQrDiMOsLi4uLsK+w67CtcOwwrrCuMOAw5ouLi4uLgrDgcKlwrLDgMOBw7bCuMKmIMOAw4fCu8OzIMOBwqXCssOAw4HDtsK3w44gwrnDmcKyw5wgwrzDtiDDgMOWwr7DrsK/w6QuCsOAw5TCv8KhIMK5wrDCuMOpIMK+w4bCscOiwr/CtMOAwrsgwrbCp8KwwqEgwrbCsMK/w4PCtsOzwr/DpC4gwrXDu8K2w6bDh8ORIMK+w7bCuMK2w4DDhyDDh8KwwrzDk8OAw4zCtsOzwrTDuMKwwqEuLi4=,,RGlzZnJhY2VzIFBhc3RlbGVyw61hIEZsdWZmeQ==
ZciNBA,,Q29zdHVtZSBDYW5keSBDYXJ0,,,,,W8OAw4zCusOqIMOGw5DDhcONXQrCscOXwrfCsyDDgcKlwrLDgMOBw7bCuMKmIMOAw4fCu8OzIMOBwqXCssOAw4HDtsK3w44gwrHCs8OIwq8gw4fDj8K9w4PCsMOawr7DrsK/w6Q/CsKxwrPDiMKvwr/CocK0w4IgXkZGMDAwMMOAw4fCu8OzwrHCs8OIwq/DhMOtw4bDuV4wMDAwMDAgw4fDkSDDgMOlw4DDjCDDh8OKwr/DpCDDh8OPwrTDpMK0w4/CtMOZLg==,,Q2Fycml0byBkZSBjYXJhbWVsb3MgZGUgb3NpdG8gZGVjb3JhdGl2bw==
ZsiNBA,,Q29zdHVtZSBTaGliYSBTYXlzIEEtSmk=,,,,,W8OAw4zCusOqIMOGw5DDhcONXQrDiMOsLi4uLsK+w67CtcOwwrrCuMOAw5ouLi4uLgrDgMOfIMKxwrjCv8OuIMOFw6TCvcK6w4bCrsK4wqYgw4DDh8K7w7Mgw4DDnyDCscK4wr/DriDDhcOkwr3CusOGwq7Ct8OOIMK5w5nCssOcIMK8w7Ygw4DDlsK+w67Cv8OkLgrDgcKkwrjCuyDDgMOfIMKxwrjCv8O2wrzCrSDCucKrwr3DicOEw5ogwrjDlMK+w67CucO2wrjCsSDDgcO2wrXCtSDCuMOwwrjCo8OBw7bCuMK4Li4u,,RGlzZnJheiBTaGliYSBEaWNlIEEtSmk=
Z8iNBA,,Q29zdHVtZSBGcmV5amEgQmxpbmsgRXllcw==,,,,,W8OAw4zCusOqIMOGw5DDhcONXQrCscOXwrfCsyDDgMOfIMKxwrjCv8OuIMOFw6TCvcK6w4bCrsK4wqYgw4DDh8K7w7Mgw4DDnyDCscK4wr/DriDDhcOkwr3CusOGwq7Ct8OOIMKxwrPDiMKvIMOHw4/CvcODwrDDmsK+w67Cv8OkPwrCscKzw4jCr8K/wqHCtMOCIF5GRjAwMDDDgMOHwrvDs8KxwrPDiMKvw4TDrcOGw7leMDAwMDAwIMOHw5Egw4DDpcOAw4wgw4fDisK/w6Qgw4fDj8K0w6TCtMOPwrTDmS4=,,RGlzZnJheiBGcmV5amEgQmxpbmsgRXllcw==
aMiNBA,,Q29zdHVtZSBUdWt0dWs=,,,,,W8OAw4zCusOqIMOGw5DDhcONXQrDiMOsLi4uLsK+w67CtcOwwrrCuMOAw5ouLi4uLgrDhsOEw4DDjMOHw4EgwrTDo8K5w6jCuMKmIMOAw4fCu8OzIMOGw4TDgMOMw4fDgSDCtMOjwrnDqMK3w44gwrnDmcKyw5wgwrzDtiDDgMOWwr7DrsK/w6QuCsK4w5rCuMK4w4DCuyDDgMKnw4fDkSDCvsOGw4DDjMOFw5vDgMOMwrTDjyDCvcOHw4HCpsK3w44gwrvDp8K/w6vDgMK6IMK6w5LCsMKhwrTDiSDDh8OPwrTDpMK0w4/CtMOZLg==,,RGlzZnJheiBUdWt0dWs=
aciNBA,,Q29zdHVtZSBGYWxzZSBHb2QgRXZpbCBFeWU=,,,,,W8OAw4zCusOqIMOGw5DDhcONXQrCscOXwrfCsyDDhsOEw4DDjMOHw4HCtMOjwrnDqMK4wqYgw4DDh8K7w7Mgw4bDhMOAw4zDh8OBwrTDo8K5w6jCt8OOIMKxwrPDiMKvIMOHw4/CvcODwrDDmsK+w67Cv8OkPwrCscKzw4jCr8K/wqHCtMOCIF5GRjAwMDDDgMOHwrvDs8KxwrPDiMKvw4TDrcOGw7leMDAwMDAwIMOHw5Egw4DDpcOAw4wgw4fDisK/w6Qgw4fDj8K0w6TCtMOPwrTDmS4=,,T2pvcyBtYWxpZ25vcyBkZWwgRmFsc28gRGlvcyBkZWNvcmF0aXZvcw==
asiNBA,,Q29zdHVtZSBNYWdpYyBDZWxlc3RpYWwgR2xvYmU=,,,,,W8OAw4zCusOqIMOGw5DDhcONXQrDiMOsLi4uLsK+w67CtcOwwrrCuMOAw5ouLi4uLgrDiMOywrzDtsK/wrDDgMK7IMOAw4fCu8OzIMOIw7LCvMO2wr/CsMOAwrjCt8OOIMK5w5nCssOcIMK8w7Ygw4DDlsK+w67Cv8OkLgrCusKvwr3DhcOAw4cgwrHDjcOAw6fCtsOzwrjDqSDDh8OPwrPCqsOCw6vDgMK6IMKyw4AgwrDCocOBw7bCsMOtIMOAw5bCvsOuwr7Dn8OHw5Igwr7DhsOAw4zDhcObw4DDjMOBw5IhIQ==,,RGlzZnJhY2VzIE3DoWdpY29zIEdsb2JvIENlbGVzdGU=
a8iNBA,,Q29zdHVtZSBEZW1vbnMgRmFtaWxpYXI=,,,,,W8OAw4zCusOqIMOGw5DDhcONXQrCscOXwrfCsyDDiMOywrzDtsK/wrDDgMK7IMOAw4fCu8OzIMOIw7LCvMO2wr/CsMOAwrjCt8OOIMKxwrPDiMKvIMOHw4/CvcODwrDDmsK+w67Cv8OkPwrCscKzw4jCr8K/wqHCtMOCIF5GRjAwMDDDgMOHwrvDs8KxwrPDiMKvw4TDrcOGw7leMDAwMDAwIMOHw5Egw4DDpcOAw4wgw4fDisK/w6Qgw4fDj8K0w6TCtMOPwrTDmS4=,,RmFtaWxpYXIgZGUgZGVtb25pbyBkZWNvcmF0aXZv
bMiNBA,,Q29zdHVtZSBGbG9hdGluZyBHaW9pYQ==,,,,,,,VHJhamUgZmxvdGFudGUgR2lvaWE=
bciNBA,,Q29zdHVtZSBEcnVua2VuIEJvdHRsZQ==,,,,,,,Qm90ZWxsYSBkZSBzYWtlIGRlY29yYXRpdmE=
bsiNBA,,Q29zdHVtZSBOb3NlIEdsYXNzZXM=,,,,,,,R2FmYXMgZGUgbmFyaXogcGFyYSBkaXNmcmFjZXM=
b8iNBA,,Q29zdHVtZSBTdHJlZXQgRm9vZCBTdGFsbA==,,,,,,,UHVlc3RvIGRlIGNvbWlkYSBkZWNvcmF0aXZv
cMiNBA,,Q29zdHVtZSBNaW5pIFNvbmlj,,,,,,,RGlzZnJheiBNaW5pIFNvbmlj
cciNBA,,Q29zdHVtZSBNaW5pIFN1cGVyIFNvbmlj,,,,,,,RGlzZnJheiBNaW5pIFN1cGVyIFNvbmlj
csiNBA,,Q29zdHVtZSBNaW5pIFRhaWxz,,,,,,,TWluaSBjb2xhcyBkZSBkaXNmcmF6
c8iNBA,,Q29zdHVtZSBMaXR0bGUgQWJ5c3MgRHJhZ29u,,,,,,,UGVxdWXDsW8gZHJhZ8OzbiBkZWwgYWJpc21vIGRlY29yYXRpdm8=
dMiNBA,,Q29zdHVtZSBCbGlua2luZyBBIERyYWdvbg==,,,,,,,RGlzZnJheiBQYXJwYWRlYW5kbyBVbiBEcmFnw7Nu
dciNBA,,Q29zdHVtZSBXYW5kZXJlciBHcmltIFJlYXBlcg==,,,,,,,QW50aWZheiBkZSBsYSBQYXJjYSB2YWdhYnVuZGEgZGVjb3JhdGl2bw==
dsiNBA,,Q29zdHVtZSBTdWRkZW4gV2VhbHRo,,,,,,,VHJhamUgUmlxdWV6YSByZXBlbnRpbmE=
d8iNBA,,Q29zdHVtZSBIZXJvIE1hc2s=,,,,,,,TcOhc2NhcmEgZGUgZGlzZnJheiBkZSBow6lyb2U=
eMiNBA,,Q29zdHVtZSBUaWdlcg==,,,,,,,RGlzZnJheiBkZSB0aWdyZQ==
eciNBA,,Q29zdHVtZSBCbGlua2luZyBHb2xkZW4gRXllcw==,,,,,,,RGlzZnJheiBPam9zIERvcmFkb3MgUGFycGFkZWFudGVz
esiNBA,,Q29zdHVtZSBCaXJkY2FnZSBDYW5kbGUgSG9sZA==,,,,,,,UG9ydGF2ZWxhcyBlbiBqYXVsYSBkZWNvcmF0aXZv
e8iNBA,,Q29zdHVtZSBGbHVmZnkgUmFnZG9sbCBDYXQ=,,,,,,,R2F0byBkZSBwZWx1Y2hlIGVzcG9uam9zbyBkZWNvcmF0aXZv
fMiNBA,,Q29zdHVtZSBHaWFudCBKZWxseWZpc2g=,,,,,,,TWVkdXNhIGdpZ2FudGUgZGVjb3JhdGl2YQ==
fciNBA,,Q29zdHVtZSBGbG9hdGluZyBTaGllbGQ=,,,,,,,VHJhamUgRXNjdWRvIGZsb3RhbnRl
fsiNBA,,Q29zdHVtZSBCYWJ5IEdsb29tIFVuZGVybmVhdGg=,,,,,,,RGlzZnJheiBCZWLDqSBHbG9vbSBVbmRlcm5lYXRo
f8iNBA,,Q29zdHVtZSBCcm90aGVyJ3MgS2VlbiBFeWVz,,,,,,,TG9zIG9qb3MgYWd1ZG9zIGRlbCBoZXJtYW5vIGRpc2ZyYXphZG8=
gMiNBA,,Q29zdHVtZSBGbHV0dGVyaW5nIEhhemU=,,,,,,,VHJhamUgRmx1dHRlcmluZyBIYXpl
gciNBA,,Q29zdHVtZSBQb3JpbmcgU2Nvb3Rlcg==,,,,,,,VmVzdHVhcmlvIFBvcmluZyBTY29vdGVy
gsiNBA,,Q29zdHVtZSBKdW1ibyBSYWJiaXQ=,,,,,,,RGlzZnJheiBDb25lam8gSnVtYm8=
g8iNBA,,Q29zdHVtZSBDb3JlIEhlYWRzZXQ=,,,,,,,QXVyaWN1bGFyZXMgQ29zdHVtZSBDb3Jl
hMiNBA,,Q29zdHVtZSBTcG90IExpZ2h0,,,,,,,Rm9jb3MgZGVjb3JhdGl2b3M=
hciNBA,,Q29zdHVtZSBQb3dlciBNaWM=,,,,,,,VHJhamUgUG93ZXIgTWlj
hsiNBA,,Q29zdHVtZSBEaXZpbmcgR29nZ2xlcw==,,,,,,,R2FmYXMgZGUgYnVjZW8gcGFyYSBkaXNmcmFjZXM=
h8iNBA,,Q29zdHVtZSBCbGlua2luZyBTbWFsbCBFeWVz,,,,,,,RGlzZnJheiBPam9zIFBlcXVlw7FvcyBQYXJwYWRlYW50ZXM=
iMiNBA,,Q29zdHVtZSBQcm9mZXNzb3IgTWluaSBHbGFzc2Vz,,,,,,,RGlzZnJheiBQcm9mZXNvciBNaW5pIEdhZmFz
iciNBA,,Q29zdHVtZSBCZWFyIEhlYWQ=,,,,,,,RGlzZnJheiBDYWJlemEgZGUgT3Nv
isiNBA,,Q29zdHVtZSBSZWxlYXNlZCBHcm91bmQ=,,,,,,,VHJhamUgU3VlbG8gTGliZXJhZG8=
i8iNBA,,Q29zdHVtZSBEZWF0aCBTa3VsbHM=,,,,,,,TGlicm8gZGUgY2FsYXZlcmFzIGRlY29yYXRpdm8=
jMiNBA,,Q29zdHVtZSBNaWRuaWdodCBDYW5kbGU=,,,,,,,RGlzZnJheiBWZWxhIGRlIG1lZGlhbm9jaGU=
jciNBA,,Q29zdHVtZSBLaWQgRGV2aWxpbmc=,,,,,,,RGV2aWxpbmcgZmxvdGFudGUgZGVjb3JhdGl2bw==
jsiNBA,,Q29zdHVtZSBCbG9zc29tIEdsYXNzZXM=,,,,,,,Q2F0YWxlam9zIENvc3R1bWUgQmxvc3NvbQ==
j8iNBA,,Q29zdHVtZSBGbG93ZXIgUG90IE1hc2sgKE1pZGRsZSk=,,,,,,,RGlzZnJheiBNw6FzY2FyYSBGbG93ZXIgUG90IChNZWRpbyk=
kMiNBA,,Q29zdHVtZSBDaGFybGllJ3MgTXVzdGFjaGU=,,,,,,,RGlzZnJheiBCaWdvdGUgZGUgQ2hhcmxpZQ==
kciNBA,,Q29zdHVtZSBPbWVnYSBHb2xmIEJhZw==,,,,,,,Qm9sc2EgZGUgZ29sZiBDb3N0dW1lIE9tZWdh
ksiNBA,,Q29zdHVtZSBQcm90ZWN0IEZlYXRoZXI=,,,,,,,RGlzZnJheiBQcm90ZWN0IEZlYXRoZXI=
k8iNBA,,Q29zdHVtZSBNYWdpYyBIZWly,,,,,,,RGlzZnJheiBkZSBoZXJlZGVybyBtw6FnaWNv
lMiNBA,,Q29zdHVtZSBTdGFyIEV5ZXBhdGNo,,,,,,,UGFyY2hlIGVuIGZvcm1hIGRlIGVzdHJlbGxh
lciNBA,,Q29zdHVtZSBXaXNoaW5nIFRyZWUgSGF0,,,,,,,R29ycm8gZGUgZGlzZnJheiBkZSDDoXJib2wgZGUgbG9zIGRlc2Vvcw==
lsiNBA,,Q29zdHVtZSBCb3VxdWVzdCBWYWxsZXRh,,,,,,,UmFtbyBkZSBmbG9yZXMgZGUgVmFsbGV0dGEgZGVjb3JhdGl2bw==
l8iNBA,,Q29zdHVtZSBIYXBwZW5pbmcgQ2xvdmVy,,,,,,,RGlzZnJheiBIYXBwZW5pbmcgQ2xvdmVy
mMiNBA,,Q29zdHVtZSBGbHVmZnkgTG92ZWx5IEZveA==,,,,,,,RGlzZnJheiBGbHVmZnkgTG92ZWx5IEZveA==
mciNBA,,Q29zdHVtZSBXaGl0ZSBGb3ggTWFzayAoTWlkZGxlKQ==,,,,,,,RGlzZnJheiBNw6FzY2FyYSBkZSB6b3JybyBibGFuY28gKE1lZGlvKQ==
msiNBA,,Q29zdHVtZSBZaW55YW5nIEVhcnJpbmdzIChZZWxsb3cp,,,,,,,UGVuZGllbnRlcyBDb3N0dW1lIFlpbnlhbmcgKEFtYXJpbGxvKQ==
m8iNBA,,Q29zdHVtZSBIYXBweSBDYXJuaXZhbCBCYWxsb29u,,,,,,,RGlzZnJheiBGZWxpeiBDYXJuYXZhbCBHbG9ibw==
nMiNBA,,Q29zdHVtZSBCbGFjayBTaGliYSBJbnVu,,,,,,,U2hpYmEgSW51IG5lZ3JvIGRlY29yYXRpdm8=
nciNBA,,Q29zdHVtZSBUcmF2ZWxlciBMYW50ZXJu,,,,,,,RGlzZnJheiBMaW50ZXJuYSBWaWFqZXJh
nsiNBA,,Q29zdHVtZSBCYWJ5IFBhbmRh,,,,,,,RGlzZnJheiBQYW5kYSBCZWLDqQ==
n8iNBA,,Q29zdHVtZSBFbGVwaGFuZ2Vs,,,,,,,RWxlZsOhbmdlbCBkZWNvcmF0aXZv
oMiNBA,,Q29zdHVtZSBQb3JpbmcgU3VuZ2xhc3Nlcw==,,,,,,,R2FmYXMgZGUgc29sIENvc3R1bWUgUG9yaW5n
ociNBA,,Q29zdHVtZSBGYWlyeSBGZWF0aGVycw==,,,,,,,RGlzZnJheiBIYWRhIFBsdW1hcw==
osiNBA,,Q29zdHVtZSBEZXNlcnQgV29sZiBCYWJ5,,,,,,,RGlzZnJheiBMb2JvIGRlbCBEZXNpZXJ0byBCZWLDqQ==
o8iNBA,,Q29zdHVtZSBUd2lua2xpbmcgUmVkIEV5ZXM=,,,,,,,RGlzZnJheiBPam9zIHJvam9zIGNlbnRlbGxlYW50ZXM=
pMiNBA,,Q29zdHVtZSBGYWtlIEVhcnM=,,,,,,,T3JlamFzIHBvc3RpemFzIHBhcmEgZGlzZnJhY2Vz
pciNBA,,Q29zdHVtZSBLaXNodSBEb2c=,,,,,,,RGlzZnJheiBkZSBwZXJybyBLaXNodQ==
psiNBA,,Q29zdHVtZSBTaGVsdGVyIFdpbmcgRWFycw==,,,,,,,RGlzZnJheiBSZWZ1Z2lvIE9yZWphcyBkZSBBbGE=
p8iNBA,,Q29zdHVtZSBOb2JsZSBNYXNr,,,,,,,RGlzZnJheiBOb2JsZSBNw6FzY2FyYQ==
qMiNBA,,Q29zdHVtZSBNVlA=,,,,,,,VHJhamUgTVZQ
qciNBA,,Q29zdHVtZSBPcmFuZ2UgVGFiYnkgQ2F0,,,,,,,RGlzZnJheiBkZSBHYXRvIGF0aWdyYWRvIG5hcmFuamE=
qsiNBA,,Q29zdHVtZSBTaGVlcCdzIEhvcm5z,,,,,,,RGlzZnJheiBDdWVybm9zIGRlIE92ZWph
q8iNBA,,Q29zdHVtZSBCbHVlIEV5ZSBTaGFkb3c=,,,,,,,U29tYnJhIGRlIG9qb3MgQ29zdHVtZSBCbHVl
rMiNBA,,Q29zdHVtZSBIZWF2ZW5seSBEYXJrIEZsYW1l,,,,,,,VHJhamUgQ2VsZXN0aWFsIExsYW1hIE9zY3VyYQ==
rciNBA,,Q29zdHVtZSBSYWRpYW50IFJhaW5ib3cgV2luZ3M=,,,,,,,RGlzZnJheiBBbGFzIEFyY28gSXJpcyBSYWRpYW50ZXM=
rsiNBA,,Q29zdHVtZSBMb3ZlbHkgRmVlbGluZw==,,,,,,,Q29zdHVtZSBMb3ZlbHkgRmVlbGluZw==
r8iNBA,,Q29zdHVtZSBSYWluYm93IFdpbmcgRWFycw==,,,,,,,RGlzZnJheiBPcmVqYXMgQXJjbyBJcmlz
sMiNBA,,Q29zdHVtZSBQZWdhc3VzIFdpbmcgRWFycw==,,,,,,,RGlzZnJheiBPcmVqYXMgZGUgUGVnYXNvIGNvbiBBbGFz
sciNBA,,Q29zdHVtZSBTZXJhcGhpbSBDb3JvbmV0,,,,,,,VHJhamUgU2VyYWbDrW4gQ29yb25h
ssiNBA,,Q29zdHVtZSBCbHVlIFJvc2UgRXllcGF0Y2g=,,,,,,,UGFyY2hlIG9jdWxhciByb3NhIGF6dWw=
s8iNBA,,Q29zdHVtZSBXaGl0ZSBDYXQ=,,,,,,,RGlzZnJheiBHYXRvIEJsYW5jbw==
tMiNBA,,Um9ibyBFeWUgQ29zdHVtZQ==,,,,,,,T2pvcyByb2JvdGl6YWRvcyBkZWNvcmF0aXZvcw==
tciNBA,,Q29zdHVtZSBGbG9hdGluZyBTYWdlIFN0b25l,,,,,,,VHJhamUgUGllZHJhIGZsb3RhbnRlIGRlIHNhbHZpYQ==
tsiNBA,,QW5nZWwncyBNYXNxdWVyYWRlIENvc3R1bWU=,,,,,,,QW50aWZheiBkZSDDoW5nZWwgZGVjb3JhdGl2bw==
t8iNBA,,UGlnZW9uIG9uIFNob3VsZGVyIENvc3R1bWU=,,,,,,,UGFsb21hIGVuIGVsIGhvbWJybyBkZWNvcmF0aXZh
uMiNBA,,Q29zdHVtZSBEZXZvdGVkIEV5ZXM=,,,,,,,RGlzZnJheiBPam9zIERldm90b3M=
uciNBA,,Q29zdHVtZSBOZXcgV2F2ZSBTdW5nbGFzc2Vz,,,,,,,R2FmYXMgZGUgc29sIENvc3R1bWUgTmV3IFdhdmU=
usiNBA,,Q29zdHVtZSBDaGFybGVzdG9uJ3MgQW50ZW5uYQ==,,,,,,,QW50ZW5hIGRlIENoYXJsZXN0b24=
u8iNBA,,Q29zdHVtZV9CbG9vZHlfVmljaW91c19TdG9wX0JhbmRhZ2U=,,,,,,,Q29zdHVtZV9CbG9vZHlfVmljaW91c19TdG9wX0JhbmRhZ2U=
vMiNBA,,Q29zdHVtZV9TZXJ2YW50X0RldmlscmluZw==,,,,,,,Q29zdHVtZV9TZXJ2YW50X0RldmlscmluZw==
vciNBA,,Q29zdHVtZV9Mb3lhbF9TZXJ2YW50X29mX01vcm9jYw==,,,,,,,Q29zdHVtZV9Mb3lhbF9TZXJ2YW50X29mX01vcm9jYw==
vsiNBA,,Q29zdHVtZSBGYWxsZW4gQW5nZWwncyBCbGVzc2luZw==,,,,,,,VHJhamUgQmVuZGljacOzbiBkZWwgw4FuZ2VsIENhw61kbw==
v8iNBA,,Q29zdHVtZSBFeWUgb2YgdGhlIEhhd2s=,,,,,,,RGlzZnJheiBPam8gZGUgSGFsY8Ozbg==
wMiNBA,,Q29zdHVtZSBCbGFjayBDYXQ=,,,,,,,RGlzZnJheiBHYXRvIE5lZ3Jv
wciNBA,,Q29zdHVtZSBCbGFuayBFeWVzIEo=,,,,,,,TcOhc2NhcmEgZGUgbWlyYWRhIHZhY8OtYSBiw6FzaWNhIGRlY29yYXRpdmE=
wsiNBA,,Q29zdHVtZSBCbGFuayBFeWVz,,,,,,,RGlzZnJheiBPam9zIGVuIEJsYW5jbw==
w8iNBA,,Q29zdHVtZSBIYXBweSBEcm9vcHkgTHVuYXRpYyBFYXJzIChCbGFjayk=,,,,,,,RGlzZnJheiBIYXBweSBEcm9vcHkgTHVuYXRpYyBFYXJzIChOZWdybyk=
xMiNBA,,Q29zdHVtZSBNb3V0b24gTGlmZShCbHVlKQ==,,,,,,,T3JlamVyYXMgZGUgbGFuYSBkZSBjb3JkZXJvIGRlY29yYXRpdmFzIChhenVsZXMp
xciNBA,,Q29zdHVtZSBGaXJzdCBMb3ZlIENoZWVrcw==,,,,,,,RGlzZnJheiBQcmltZXIgQW1vciBNZWppbGxhcw==
xsiNBA,,Q29zdHVtZSBWYWxoYWxsYSBJZG9s,,,,,,,RGlzZnJheiBWYWxoYWxsYSBJZG9s
x8iNBA,,Q29zdHVtZSBXaGl0ZSBSYWJiaXQ=,,,,,,,RGlzZnJheiBDb25lam8gQmxhbmNv
yMiNBA,,Q29zdHVtZSBCbGlua2luZyBFeWVz,,,,,,,RGlzZnJheiBPam9zIFBhcnBhZGVhbnRlcw==
yciNBA,,Q29zdHVtZSBCbGFjayBNYWdlbnRhIFJpYmJvbg==,,,,,,,VHJhamUgTmVncm8gQ2ludGEgTWFnZW50YQ==
ysiNBA,,Q29zdHVtZSBEYXJrbmVzcyBWZWls,,,,,,,VHJhamUgVmVsbyBkZSBPc2N1cmlkYWQ=
y8iNBA,,Q29zdHVtZSBGbHlpbmcgRHJvbmU=,,,,,,,RGlzZnJheiBkZSBkcm9uIHZvbGFkb3I=
zMiNBA,,Q29zdHVtZSBDeWNsb3BzIFZpc29y,,,,,,,RGlzZnJheiBkZSBDw61jbG9wZSBWaXNlcmE=
zciNBA,,Q29zdHVtZSBSZWQgVW5kZXIgUmltIEdsYXNzZXM=,,,,,,,R2FmYXMgcm9qYXMgY29uIG1vbnR1cmEgaW5mZXJpb3I=
zsiNBA,,Q29zdHVtZSBDeWJlciBJbmNvbWU=,,,,,,,SW5ncmVzb3MgY2liZXJuw6l0aWNvcw==
z8iNBA,,Q29zdHVtZSBNYXJpbiBFYXJyaW5ncw==,,,,,,,UGVuZGllbnRlcyBDb3N0dW1lIE1hcmlu
0MiNBA,,Q29zdHVtZSBMdW5hdGljIE11ZmZsZXI=,,,,,,,RGlzZnJheiBMdW5hdGljIE11ZmZsZXI=
0ciNBA,,Q29zdHVtZSBFdm9sdmVkIFdoaXNwZXIgTWFzaw==,,,,,,,TcOhc2NhcmEgZGUgc3VzdXJybyBDb3N0dW1lIEV2b2x2ZWQ=
0siNBA,,Q29zdHVtZSBNb29uIGFuZCBTdGFycw==,,,,,,,RGlzZnJheiBMdW5hIHkgRXN0cmVsbGFz
08iNBA,,Q29zdHVtZSBTaGliYSBJbnU=,,,,,,,RGlzZnJheiBTaGliYSBJbnU=
1MiNBA,,Q29zdHVtZSBUaW1lIERlY29y,,,,,,,RGVjb3JhY2nDs24gZGUgZGlzZnJhY2Vz
1ciNBA,,Q29zdHVtZSBCYWJ5IFBlbmd1aW4=,,,,,,,RGlzZnJheiBQaW5nw7xpbm8gQmViw6k=
1siNBA,,Q29zdHVtZSBGbHVmZnkgSGVhcnQgRWFybXVmZnM=,,,,,,,RGlzZnJheiBPcmVqZXJhcyBDb3JhesOzbiBGbHVmZnk=
18iNBA,,Q29zdHVtZSBDbGF5IFBvcmluZyBKYXI=,,,,,,,VGFycm8gZGUgcGxhc3RpbGluYSBwYXJhIGRpc2ZyYWNlcw==
2MiNBA,,Q29zdHVtZSBSZWQgR2VtaW5pIEV5ZXM=,,,,,,,RGlzZnJheiBPam9zIFJvam9zIEfDqW1pbmlz
2ciNBA,,Q29zdHVtZSBSZWdpbmxlaWYgV2luZ3M=,,,,,,,VHJhamUgUmVnaW5sZWlmIEFsYXM=
2siNBA,,Q29zdHVtZSBUdXhlZG8gUmFiYml0,,,,,,,RGlzZnJheiBFc21vcXVpbiBDb25lam8=
28iNBA,,Q29zdHVtZSBCbHVzaA==,,,,,,,Q29sb3JldGUgcGFyYSBkaXNmcmFjZXM=
3MiNBA,,Q29zdHVtZSBFbHZlbiBFYXJz,,,,,,,RGlzZnJheiBPcmVqYXMgZGUgRWxmbw==
3ciNBA,,Q29zdHVtZSBCbGFjayBHbGFzc2Vz,,,,,,,RGlzZnJheiBHYWZhcyBOZWdyYXM=
3siNBA,,Q29zdHVtZSBNaXNjaGlldm91cyBGYWlyeQ==,,,,,,,RGlzZnJheiBIYWRhIHRyYXZpZXNh
38iNBA,,Q29zdHVtZSBUb21ib3kgRmFpcnk=,,,,,,,RGlzZnJheiBUb21ib3kgSGFkYQ==
4MiNBA,,Q29zdHVtZSBMdXh1cnkgU3VuZ2xhc3Nlcw==,,,,,,,R2FmYXMgZGUgc29sIGRlIGx1am8=
4ciNBA,,Q29zdHVtZSBGbG93ZXIgQmxvc3NvbQ==,,,,,,,RGlzZnJheiBGbG93ZXIgQmxvc3NvbQ==
4siNBA,,Q29zdHVtZSBIYXBweSBEcm9vcHkgTHVuYXRpYyBFYXI=,,,,,,,RGlzZnJheiBIYXBweSBEcm9vcHkgTHVuYXRpYyBFYXI=
48iNBA,,Q29zdHVtZSBCYXJvbidzIEV2aWwgRXll,,,,,,,RGlzZnJheiBCYXLDs24gTWFsIGRlIE9qbw==
5MiNBA,,Q29zdHVtZSBDaGFyY29hbCBTdG92ZQ==,,,,,,,RXN0dWZhIGRlIGNhcmLDs24gcGFyYSBkaXNmcmFjZXM=
5ciNBA,,Q29zdHVtZSBHbG93aW5nIFdoaXRlIEJsdXNo,,,,,,,RGlzZnJheiBHbG93aW5nIFdoaXRlIEJsdXNo
5siNBA,,Q29zdHVtZSBEcm9vcGluZyBFbHZlbiBFYXJz,,,,,,,RGlzZnJheiBPcmVqYXMgY2HDrWRhcyBkZSBlbGZv
58iNBA,,Q29zdHVtZSBQb3Jpbmcgb24gU2hvdWxkZXI=,,,,,,,VHJhamUgUG9yaW5nIG9uIFNob3VsZGVy
6MiNBA,,Q29zdHVtZSBTbWlsaW5nIEV5ZXM=,,,,,,,RGlzZnJheiBPam9zIFNvbnJpZW50ZXM=
6ciNBA,,Q29zdHVtZSBNYXNxdWVyYWRl,,,,,,,QW50aWZheiBwYXJhIG1hc2NhcmFkYSBkZWNvcmF0aXZv
6siNBA,,Q29zdHVtZSBFdmlsIFdpbmcgRWFycw==,,,,,,,RGlzZnJheiBPcmVqYXMgQWxhIE1hbGlnbmE=
68iNBA,,Q29zdHVtZSBEYXJrIEJsaW5kZm9sZA==,,,,,,,RGlzZnJheiBWZW5kYSBPc2N1cmE=
7MiNBA,,Q29zdHVtZSBTZXJ2YW50IERldmlsaW5n,,,,,,,Q29zdHVtZSBTZXJ2YW50IERldmlsaW5n
7ciNBA,,Q29zdHVtZSBBbmdlbCBXaW5nIEVhcnM=,,,,,,,RGlzZnJheiBPcmVqYXMgZGUgw4FuZ2Vs
7siNBA,,Q29zdHVtZSBUd2lsaWdodA==,,,,,,,QnJpbGxvcyBhIGxvIENyZXDDunNjdWxvIGRlY29yYXRpdm9z
78iNBA,,Q29zdHVtZSBNb29uIEV5ZXBhdGNo,,,,,,,RGlzZnJheiBNb29uIEV5ZXBhdGNo
8MiNBA,,Q29zdHVtZSBVbmRlciBSaW1tZWQgR2xhc3Nlcw==,,,,,,,R2FmYXMgZGUgcGFzdGE=
8ciNBA,,Q29zdHVtZSBTdW5nbGFzc2Vz,,,,,,,R2FmYXMgZGUgc29sIHBhcmEgZGlzZnJhY2Vz
8siNBA,,Q29zdHVtZSBCdXR0ZXJmbHkgRWFycw==,,,,,,,RGlzZnJheiBPcmVqYXMgZGUgTWFyaXBvc2E=
88iNBA,,Q29zdHVtZSBCb2x0IEVhcnM=,,,,,,,RGlzZnJheiBPcmVqYXMgZGUgUGVybm8=
9MiNBA,,Q29zdHVtZSBIZWFydCBFeWVwYXRjaA==,,,,,,,RGlzZnJheiBDb3JhesOzbiBQYXJjaGU=
9ciNBA,,Q29zdHVtZSBQaW5rIEhlYXJ0IEV5ZSBQYXRjaA==,,,,,,,UGFyY2hlIG9jdWxhciBkZSBjb3JhesOzbiBkZWNvcmF0aXZvIChyb3NhKQ==
9siNBA,,Q29zdHVtZSBEZXZpbCBXaGlzcGVy,,,,,,,RGlzZnJheiBEZXZpbCBXaGlzcGVy
98iNBA,,Q29zdHVtZSBab3JybyBNYXNr,,,,,,,RGlzZnJheiBab3JybyBNw6FzY2FyYQ==
+MiNBA,,Q29zdHVtZSBCbGFuayBHbGFzc2Vz,,,,,,,R2FmYXMgbmVncmFzIGRlY29yYXRpdmFz
+ciNBA,,Q29zdHVtZSBZaW5ZYW5nIEVhcnJpbmc=,,,,,,,UGVuZGllbnRlIENvc3R1bWUgWWluWWFuZw==
+siNBA,,Q29zdHVtZSBJZnJpdCdzIEVhcg==,,,,,,,RGlzZnJheiBPcmVqYSBkZSBJZnJpdA==
+8iNBA,,Q29zdHVtZSBWaWNpb3VzIFN0b3AgQmFuZGFnZQ==,,,,,,,VmVuZGFqZSBwYXJhIGhlcmlkYXMgb2N1bGFyZXMgZGVjb3JhdGl2bw==
/MiNBA,,Q29zdHVtZSBJY2UgV2luZyBFYXJz,,,,,,,RGlzZnJheiBPcmVqYXMgZGUgYWxhIGRlIGhpZWxv
/ciNBA,,Q29zdHVtZSBNdXNpY2FsIERlY29yYXRpb24=,,,,,,,RGlzZnJhY2VzIERlY29yYWNpw7NuIG11c2ljYWw=
/siNBA,,Q29zdHVtZSBFeWVzIG9mIERhcmtuZXNz,,,,,,,VmVuZGEgZGUgb2pvcyBkZSBvc2N1cmlkYWQgZGVjb3JhdGl2YQ==
/8iNBA,,Q29zdHVtZSAyNCBCb2x0,,,,,,,VHJhamUgMjQgQm9sdA==
AMmNBA,,Q29zdHVtZSBDYXQgRXllcw==,,,,,,,RGlzZnJheiBPam9zIGRlIEdhdG8=
AcmNBA,,Q29zdHVtZSAzRCBHbGFzc2Vz,,,,,,,R2FmYXMgM0QgcGFyYSBkaXNmcmFjZXM=
AsmNBA,,Q29zdHVtZSBNb3V0b24gTGlmZQ==,,,,,,,VHJhamUgTW91dG9uIFZpZGE=
A8mNBA,,Q29zdHVtZSBCdXR0ZXJmbHkgV2luZyBFYXJz,,,,,,,RGlzZnJheiBBbGFzIGRlIE1hcmlwb3NhIE9yZWphcw==
BMmNBA,,Q29zdHVtZSBDaGVycnkgQmxvc3NvbSBQcmF5,,,,,,,RGlzZnJheiBPcmFjacOzbiBkZWwgQ2VyZXpvIGVuIEZsb3I=
BcmNBA,,Q29zdHVtZSBBc2dhcmQgQmxlc3M=,,,,,,,T3JlamFzIGRlIGFsYXMgZGUgYmVuZGljacOzbiBkZSBBc2dhcmQgZGVjb3JhdGl2YXM=
BsmNBA,,Q29zdHVtZSBXaW5nIFN0eWxlIFNwZWN0YWNsZQ==,,,,,,,TGVudGVzIGNvbiBkaXNlw7FvIGRlIGFsYXMgZGVjb3JhdGl2b3M=
B8mNBA,,Q29zdHVtZSBCcmFnaSBXaW5nIEVhcnM=,,,,,,,T3JlamFzIGRlIGFsYXMgZGUgQnJhZ2kgZGVjb3JhdGl2YXM=
CMmNBA,,Q29zdHVtZSBTdHVubmVyIFNoYWRlcw==,,,,,,,QW50ZW9qb3MgZGVzbHVtYnJhbnRlcyBkZWNvcmF0aXZvcw==
CcmNBA,,Q29zdHVtZSBVbmRlciBSaW0gR2xhc3Nlcw==,,,,,,,R2FmYXMgY29uIG1vbnR1cmEgaW5mZXJpb3IgZGVjb3JhdGl2YXM=
CsmNBA,,Q29zdHVtZSBNZXJtYWlkIEhlYWRwaG9uZQ==,,,,,,,QXVyaWN1bGFyZXMgZGUgT2JlYXVuZSBkZWNvcmF0aXZvcw==
C8mNBA,,Q29zdHVtZSBDbG9jayBUb3dlciBNYW5hZ2VyIEludGVyY29t,,,,,,,SW50ZXJjb211bmljYWRvciBkZSBsb3MgYWRtaW5pc3RyYWRvcmVzIGRlIGxhIHRvcnJlIGRlbCByZWxvaiBkZWNvcmF0aXZv
DMmNBA,,Q29zdHVtZSAxMnRoIEFubml2ZXJzYXJ5IEVsdmVuRWFycw==,,,,,,,T3JlamFzIMOpbGZpY2FzIGRlbCBkdW9kw6ljaW1vIGFuaXZlcnNhcmlvIGRlY29yYXRpdmFz
DcmNBA,,Q29zdHVtZSBSb2JvIEV5ZQ==,,,,,,,RGlzZnJheiBSb2JvIEV5ZQ==
DsmNBA,,Q29zdHVtZSBOZXJvIE1hc2s=,,,,,,,RGlzZnJheiBOZXJvIE3DoXNjYXJh
D8mNBA,,Q29zdHVtZSBQaWdlb24gb24gU2hvdWxkZXI=,,,,,,,RGlzZnJheiBQYWxvbWEgYWwgSG9tYnJv
EMmNBA,,Q29zdHVtZSBIZXhhZ29uIFNwZWN0YWNsZXM=,,,,,,,QW50ZW9qb3MgaGV4YWdvbmFsZXMgZGVjb3JhdGl2b3M=
EcmNBA,,Q29zdHVtZSBTaXJ0IEV2aWwgRXll,,,,,,,T2pvcyBtYWxpZ25vcyBkZSBTdXJ0IGRlY29yYXRpdm9z
EsmNBA,,Q29zdHVtZSBCbGFjayBEZXZpbCBNYXNr,,,,,,,TcOhc2NhcmEgZGlhYsOzbGljYSBkZWNvcmF0aXZhIChuZWdyYSk=
E8mNBA,,Q29zdHVtZSBFeWVzIE9mIElmcml0,,,,,,,VmVuZGEgZGUgb2pvcyBkZSBJZnJpdA==
FMmNBA,,Q29zdHVtZSBMb3ZlIENoZWVrcw==,,,,,,,RGlzZnJheiBMb3ZlIENoZWVrcw==
FcmNBA,,Q29zdHVtZSBVbmRlciBSaW1tZWQgR2xhc3NlcyAoUmVkKQ==,,,,,,,R2FmYXMgZGUgZGlzZnJheiBjb24gbW9udHVyYSBpbmZlcmlvciAocm9qYXMp
FsmNBA,,Q29zdHVtZSBNYWdpY2FsIEJvb3N0ZXI=,,,,,,,RGlzZnJheiBNYWdpY2FsIEJvb3N0ZXI=
F8mNBA,,Q29zdHVtZSBDcmltc29uIEJvb3N0ZXI=,,,,,,,Q2FzY28gZGUgYXVtZW50byBjb2xvciBjYXJtZXPDrSBkZWNvcmF0aXZv
GMmNBA,,Q29zdHVtZSBDcm93IFRlbmd1IE1hc2s=,,,,,,,RGlzZnJheiBkZSBDdWVydm8gVGVuZ3UgTcOhc2NhcmE=
GcmNBA,,Q29zdHVtZSBMb3lhbCBTZXJ2YW50IG9mIE1vcnJvYw==,,,,,,,VHJhamUgTGVhbCBzZXJ2aWRvciBkZSBNb3Jyb2M=
GsmNBA,,Q29zdHVtZSBFeHBsb2RpbmcgV2F2ZSAoUmVkKQ==,,,,,,,RGlzZnJheiBPbGEgZXhwbG9zaXZhIChSb2pvKQ==
G8mNBA,,Q29zdHVtZSBFeHBsb2RpbmcgV2F2ZQ==,,,,,,,VHJhamUgT2xhIGV4cGxvc2l2YQ==
HMmNBA,,Q29zdHVtZSBWYW1waXJlIEZhbWlsaWFy,,,,,,,RGlzZnJheiBWYW1waXJvIEZhbWlsaWFy
HcmNBA,,Q29zdHVtZSBCbG9vZHkgVmljaW91cyBTdG9wIEJhbmRhZ2U=,,,,,,,RGlzZnJheiBCbG9vZHkgVmljaW91cyBTdG9wIFZlbmRhamU=
HsmNBA,,Q29zdHVtZSBTcGlubmluZyBFeWVz,,,,,,,RGlzZnJheiBPam9zIEdpcmF0b3Jpb3M=
H8mNBA,,Q29zdHVtZSBNb3V0b24gTGlmZSAoQmx1ZSk=,,,,,,,VHJhamUgTW91dG9uIExpZmUgKEF6dWwp
IMmNBA,,Q29zdHVtZSBCbGFjayBFeWU=,,,,,,,R2F0byBuZWdybyBkZWNvcmF0aXZv
IcmNBA,,Q29zdHVtZSBQZXJzaWNh,,,,,,,VHJhamUgUGVyc2ljYQ==
IsmNBA,,Q29zdHVtZSBXb25kZXJmdWwgQmVhc3QgRWFycw==,,,,,,,RGlzZnJhY2VzIE1hcmF2aWxsb3NhcyBPcmVqYXMgZGUgQmVzdGlh
I8mNBA,,Q29zdHVtZSBPYnNlcnZlcg==,,,,,,,UmFzdHJlYWRvciBkZWNvcmF0aXZv
JMmNBA,,Q29zdHVtZSBXb29kIEdvYmxpbiBOb3Nl,,,,,,,RGlzZnJheiBkZSBkdWVuZGUgZGUgbWFkZXJhIE5hcml6
JcmNBA,,Q29zdHVtZSBDcm93IG9uIFNob3VsZGVy,,,,,,,RGlzZnJheiBkZSBjdWVydm8gZW4gZWwgaG9tYnJv
JsmNBA,,Q29zdHVtZSBDdXRlIFBvcmluZyBFYXJtdWZmcw==,,,,,,,RGlzZnJheiBPcmVqZXJhcyBQb3JpbmcgQ3V0ZQ==
J8mNBA,,Q29zdHVtZSBEaXZlcidzIEdvZ2dsZXM=,,,,,,,R2FmYXMgZGUgYnV6bw==
KMmNBA,,Q29zdHVtZSBFeWUgQmFuZGFnZQ==,,,,,,,VmVuZGEgb2N1bGFyIHBhcmEgZGlzZnJhY2Vz
KcmNBA,,Q29zdHVtZSBVbmRlciBSaW1tZWQgR2xhc3NlcyAoQmx1ZSk=,,,,,,,R2FmYXMgZGUgZGlzZnJheiBjb24gbW9udHVyYSBpbmZlcmlvciAoYXp1bGVzKQ==
KsmNBA,,Q29zdHVtZSBGb3g=,,,,,,,Wm9ycm8gZGVjb3JhdGl2bw==
K8mNBA,,Q29zdHVtZSBHZWlzaGEgTWFrZSBVcA==,,,,,,,RGlzZnJheiBkZSBHZWlzaGEgTWFxdWlsbGFqZQ==
LMmNBA,,Q29zdHVtZSBMYWR5IFRhbmVl,,,,,,,RGlzZnJheiBMYWR5IFRhbmVl
LcmNBA,,Q29zdHVtZSBEYW5jaW5nIEJ1dHRlcmZseQ==,,,,,,,RGlzZnJheiBkZSBtYXJpcG9zYSBiYWlsYXJpbmE=
LsmNBA,,Q29zdHVtZSBTbm93IEZveA==,,,,,,,RGlzZnJheiBTbm93IEZveA==
L8mNBA,,Q29zdHVtZSBBbGNoZW1pc3QgQmFn,,,,,,,Qm9sc2EgQ29zdHVtZSBBbGNoZW1pc3Q=
MMmNBA,,Q29zdHVtZSBPcmFuZ2UgUmFiYml0,,,,,,,RGlzZnJheiBDb25lam8gTmFyYW5qYQ==
McmNBA,,Q29zdHVtZSBTa3kgTGFudGVybg==,,,,,,,RGlzZnJheiBkZSBsaW50ZXJuYSBkZWwgY2llbG8=
MsmNBA,,Q29zdHVtZSBDaXRydXMgQ29sb3JlZCBSaWJib24=,,,,,,,Q2ludGEgZGUgY29sb3IgY8OtdHJpY28gcGFyYSBkaXNmcmFjZXM=
M8mNBA,,Q29zdHVtZSBNb25zdGVyIEZpc2ggR2lsbHM=,,,,,,,RGlzZnJheiBkZSBwZXogbW9uc3RydW8gYnJhbnF1aWFz
NMmNBA,,Q29zdHVtZSBTYXZhZ2UgU2hvdWxkZXIgQmViZQ==,,,,,,,VHJhamUgU2F2YWdlIEhvbWJybyBCZWJl
NcmNBA,,Q29zdHVtZSBFbGVwaGFudCBGYWlyeQ==,,,,,,,RGlzZnJheiBFbGVmYW50ZSBIYWRh
NsmNBA,,Q29zdHVtZSBIZWF2ZW5seSBPcmRlcg==,,,,,,,VHJhamUgT3JkZW4gQ2VsZXN0aWFs
N8mNBA,,Q29zdHVtZSBCbGlua2luZyBCbHVlIEV5ZXM=,,,,,,,RGlzZnJheiBPam9zIEF6dWxlcyBQYXJwYWRlYW50ZXM=
OMmNBA,,Q29zdHVtZSBDb29sIFNoYWRlcw==,,,,,,,RGlzZnJhY2VzIENvb2wgU2hhZGVz
OcmNBA,,Q29zdHVtZSBMaXR0bGUgR2FyZGVu,,,,,,,RGlzZnJhY2VzIExpdHRsZSBHYXJkZW4=
OsmNBA,,Q29zdHVtZSBGbGFnIE1hc2s=,,,,,,,QW50aWZheiBkZSBiYWlsZSBkZWNvcmF0aXZv
O8mNBA,,Q29zdHVtZSBBdmVuZ2Vy,,,,,,,VmVuZ2Fkb3IgZGlzZnJhemFkbw==
PMmNBA,,Q29zdHVtZSBNYWNob21hbg==,,,,,,,TcOhc2NhcmEgZGUgbW9oaWNhbm8gZGVjb3JhdGl2YQ==
PcmNBA,,Q29zdHVtZSBBc3Nhc3NpbidzIFNrdWxsIE1hc2s=,,,,,,,RGlzZnJheiBkZSBBc2VzaW5vIE3DoXNjYXJhIGRlIENhbGF2ZXJh
PsmNBA,,Q29zdHVtZSBRdXZlIE1hc2s=,,,,,,,RGlzZnJheiBRdXZlIE3DoXNjYXJh
P8mNBA,,Q29zdHVtZSBEb2trZWJpIE1hc2s=,,,,,,,RGlzZnJheiBNw6FzY2FyYSBEb2trZWJp
QMmNBA,,Q29zdHVtZSBFYXQgQ29pbg==,,,,,,,Q29zdHVtZSBFYXQgQ29pbg==
QcmNBA,,Q29zdHVtZSBFdmlsIE1hc2s=,,,,,,,RGlzZnJheiBNw6FzY2FyYSBkZWwgTWFs
QsmNBA,,Q29zdHVtZSBGYWNlIENyYXNoZXI=,,,,,,,RGlzZnJheiBGYWNlIENyYXNoZXI=
Q8mNBA,,Q29zdHVtZSBGYWxjb24gTWFzaw==,,,,,,,RGlzZnJheiBkZSBIYWxjw7NuIE3DoXNjYXJh
RMmNBA,,Q29zdHVtZSBGbG93ZXJwb3QgTWFzaw==,,,,,,,TcOhc2NhcmEgRmxvd2VycG90
RcmNBA,,Q29zdHVtZSBGb3ggSGF0,,,,,,,R29ycm8gZGUgem9ycm8gcGFyYSBkaXNmcmFjZXM=
RsmNBA,,Q29zdHVtZSBHb2JsaW4gTWFzaw==,,,,,,,RGlzZnJheiBNw6FzY2FyYSBkZSBkdWVuZGU=
R8mNBA,,Q29zdHVtZSBIYWhvZSBNYXNr,,,,,,,RGlzZnJheiBIYWhvZSBNw6FzY2FyYQ==
SMmNBA,,Q19Ib2NrZXlfTWFzaw==,,,,,,,Q19Ib2NrZXlfTWFzaw==
ScmNBA,,Q29zdHVtZSBKYWd1YXIgTWFzaw==,,,,,,,RGlzZnJheiBNw6FzY2FyYSBkZSBKYWd1YXI=
SsmNBA,,Q29zdHVtZSBKYWtr,,,,,,,VHJhamUgSmFraw==
S8mNBA,,Q29zdHVtZSBMb2tpIE1hc2s=,,,,,,,TcOhc2NhcmEgZGUgTG9raSBkZWNvcmF0aXZh
TMmNBA,,Q29zdHVtZSBCYW5rcnVwdGN5IE1hc2s=,,,,,,,TcOhc2NhcmEgZGUgcXVpZWJyYSBkZSBkaXNmcmFjZXM=
TcmNBA,,Q29zdHVtZSBPZGluIE1hc2s=,,,,,,,RGlzZnJheiBkZSBPZMOtbiBNw6FzY2FyYQ==
TsmNBA,,Q29zdHVtZSBTY3JhdGNoaW5nIENhdA==,,,,,,,RGlzZnJheiBkZSBnYXRvIHJhc2NhZG9y
T8mNBA,,Q29zdHVtZSBTaWxlbnQgRXhlY3V0b3I=,,,,,,,VHJhamUgRWplY3V0b3Igc2lsZW5jaW9zbw==
UMmNBA,,Q29zdHVtZSBUaGFuYXRvcyBEZXNwZXJvIE1hc2s=,,,,,,,RGlzZnJheiBUaGFuYXRvcyBEZXNwZXJvIE1hc2NhcmE=
UcmNBA,,Q29zdHVtZSBUb25ndWUgTWFzaw==,,,,,,,TcOhc2NhcmEgZGUgbGVuZ3VhIHBhcmEgZGlzZnJhY2Vz
UsmNBA,,Q19UaGFuYXRvc19NYWxfTWFzaw==,,,,,,,Q19UaGFuYXRvc19NYWxfTWFzaw==
U8mNBA,,Q29zdHVtZSBUaWdlciBGYWNl,,,,,,,RGlzZnJheiBDYXJhIGRlIFRpZ3Jl
VMmNBA,,VF9Ncl9TbWlsZQ==,,,,,,,VF9Ncl9TbWlsZQ==
VcmNBA,,Q29zdHVtZSBOaWdodCBTa3kgb2YgTHV0aWU=,,,,,,,RGlzZnJheiBDaWVsbyBOb2N0dXJubyBkZSBMdXRpZQ==
VsmNBA,,Q29zdHVtZSBBdXNwaWNpb3VzIENsb3Vkcw==,,,,,,,RGlzZnJheiBOdWJlcyBBdXNwaWNpb3Nhcw==
V8mNBA,,Q29zdHVtZSBTYW50YSBQb3JpbmcgQmFsbG9vbg==,,,,,,,R2xvYm8gZGUgU2FudGEgUG9yaW5nIGRlY29yYXRpdm8=
WMmNBA,,Q29zdHVtZSBBdXJhIG9mIEFtb24gUmE=,,,,,,,VHJhamUgQXVyYSBkZSBBbW9uIFJh
WcmNBA,,Q29zdHVtZSBBbmdlbGluZyBCdWJibGU=,,,,,,,QnVyYnVqYSBkZSBBbmdlbGluZyBkZWNvcmF0aXZh
WsmNBA,,Q29zdHVtZSBTdXJhIEhhaXIgV2hpdGU=,,,,,,,UGVsdWNhIGRlIFN1cmEgZGVjb3JhdGl2YSAoYmxhbmNhKQ==
W8mNBA,,Q29zdHVtZSBXaGlzcGVyIENsb3Ro,,,,,,,VHJhamUgV2hpc3BlciBDbG90aA==
XMmNBA,,Q29zdHVtZSBCbGFjayBQcm90ZWN0IENsb3Ro,,,,,,,VHJhamUgTmVncm8gUHJvdGVnZXIgVGVsYQ==
XcmNBA,,Q29zdHVtZSBCZWxsIENhdCBIYWly,,,,,,,RGlzZnJheiBDYW1wYW5hIFBlbG8gZGUgR2F0bw==
XsmNBA,,Q29zdHVtZSBDYXRiZWxs,,,,,,,Q2FzY2FiZWwgZGUgZ2F0byBkZWNvcmF0aXZv
X8mNBA,,Q29zdHVtZSBDdXRlIFNsZWVrIFdoaXRlIEhhaXI=,,,,,,,UGVsdWNhIGxpc2EgYWRvcmFibGUgZGVjb3JhdGl2YSAoYmxhbmNhKQ==
YMmNBA,,Q29zdHVtZSBDb24gb2YgU2luZ2FwdXJh,,,,,,,RGlzZnJhY2VzIGRlIFNpbmdhcHVy
YcmNBA,,Q29zdHVtZSBGbHVmZnkgV2luZw==,,,,,,,RGlzZnJheiBGbHVmZnkgV2luZw==
YsmNBA,,Q29zdHVtZSBBbmNpZW50IFJ1bmU=,,,,,,,VHJhamUgQW50aWd1YSBSdW5h
Y8mNBA,,Q29zdHVtZSBQaGlnYXNpYSBTY2FyZg==,,,,,,,VHJhamUgUGhpZ2FzaWEgQnVmYW5kYQ==
ZMmNBA,,Q29zdHVtZSBEaXNndWlkZSBNYW50bGU=,,,,,,,QWJyaWdvIGVuY3ViaWVydG8gZGVjb3JhdGl2bw==
ZcmNBA,,Q29zdHVtZSBNYXN0ZXIgb2YgRWFydGg=,,,,,,,QXVyYSBkZSBtYWVzdHJvIGRlIGxhIHRpZXJyYSBkZWNvcmF0aXZh
ZsmNBA,,Q29zdHVtZSBNYXN0ZXIgb2YgV2F0ZXI=,,,,,,,QXVyYSBkZSBtYWVzdHJvIGRlbCBhZ3VhIGRlY29yYXRpdmE=
Z8mNBA,,Q29zdHVtZSBNYXN0ZXIgb2YgV2luZA==,,,,,,,QXVyYSBkZSBtYWVzdHJvIGRlbCB2aWVudG8gZGVjb3JhdGl2YQ==
aMmNBA,,Q29zdHVtZSBTdW1tZXIgUG9vbA==,,,,,,,RGlzZnJhY2VzIFBpc2NpbmEgZGUgdmVyYW5v
acmNBA,,Q29zdHVtZSBNYXN0ZXIgb2YgUG9pc29u,,,,,,,QXVyYSBkZSBtYWVzdHJvIGRlbCB2ZW5lbm8gZGVjb3JhdGl2YQ==
asmNBA,,Q29zdHVtZSBSaWJib24gQnJhaW5kIEhhaXI=,,,,,,,UGVsdWNhIGRlIGNhYmVsbG8gdHJlbnphZG8gY29uIGxhem9zIGRlY29yYXRpdmE=
a8mNBA,,Q29zdHVtZSBHdWlsbG90aW5lIFNob3J0IChCbHVlLUdyZWVuKQ==,,,,,,,VHJhamUgR3VpbGxvdGluYSBDb3J0byAoQXp1bC1WZXJkZSk=
bMmNBA,,Q29zdHVtZSBHdWlsbG90aW5lIFNob3J0IChZZWxsb3cp,,,,,,,VHJhamUgR3VpbGxvdGluYSBDb3J0byAoQW1hcmlsbG8p
bcmNBA,,Q29zdHVtZSBNZWNoYW5pYyBCb2IgKEJsdWUtR3JlZW4p,,,,,,,RGlzZnJheiBNZWPDoW5pY28gQm9iIChBenVsLVZlcmRlKQ==
bsmNBA,,Q29zdHVtZSBNZWNoYW5pYyBCb2IgKFllbGxvdyk=,,,,,,,RGlzZnJheiBNZWPDoW5pY28gQm9iIChBbWFyaWxsbyk=
b8mNBA,,Q29zdHVtZSBTaWdub24gTG9vcA==,,,,,,,VHJhamUgU2lnbm9uIExvb3A=
cMmNBA,,Q29zdHVtZSBLaXRjaGVuIENhcg==,,,,,,,RGlzZnJheiBDb2NpbmEgQ29jaGU=
ccmNBA,,Q29zdHVtZSBFaXMgU3Bpbm5l,,,,,,,RXNjYW1hIGRlIGRyYWfDs24gYmljw6lmYWxvIGRlY29yYXRpdmE=
csmNBA,,Q29zdHVtZSBTaGliYSBTYXlzIEx1a2U=,,,,,,,RGlzZnJheiBTaGliYSBEaWNlIEx1a2U=
c8mNBA,,Q29zdHVtZSBSYW5kZ3JpcyBIYWly,,,,,,,VHJhamUgUmFuZGdyaXMgUGVsbw==
dMmNBA,,Q29zdHVtZSBZZXN0ZXJkYXkgT25jZSBNb3Jl,,,,,,,RGlzZnJheiBkZSBheWVyIHVuYSB2ZXogbcOhcw==
dcmNBA,,Q29zdHVtZSBDb25zZWNyYXRlIEZpZGVzIEF1cmVvbGE=,,,,,,,QXVyYSBkZSBGaWRpcyBvcmlvcmEgY29uc2FncmFkYSBkZWNvcmF0aXZh
dsmNBA,,Q29zdHVtZSBNZXJtYWlkIFdpZyBQZWFjaA==,,,,,,,UGVsdWNhIGRlIHNpcmVuYSBkZWNvcmF0aXZhIChkdXJhem5vKQ==
d8mNBA,,Q29zdHVtZSBDaGV3IExvdyBUd2lu,,,,,,,UGVsdWNhIG1hc3RpY2FibGUgY29uIGRvcyBjb2xldGFzIGJhamFzIGRlY29yYXRpdmE=
eMmNBA,,Q29zdHVtZSBUaWdlciBNdWZmbGVy,,,,,,,RGlzZnJheiBUaWdyZSBTaWxlbmNpYWRvcg==
ecmNBA,,Q29zdHVtZSBOZW9uIEhhbGYgTG9uZw==,,,,,,,RGlzZnJheiBOZcOzbiBNZWRpbyBMYXJnbw==
esmNBA,,Q29zdHVtZSBBbmdlbGljIExvbmcgUkJE,,,,,,,Q2FiZWxsbyBkZSDDoW5nZWwgbGFyZ28gKHJ1YmlvIHJlYWwpIGRlY29yYXRpdm8=
e8mNBA,,Q29zdHVtZSBDb21mb3J0IEtvdGF0c3U=,,,,,,,S290YXRzdSByZWNvbmZvcnRhbnRlIGRlY29yYXRpdm8=
fMmNBA,,Q29zdHVtZSBNZWVyIEhhaXI=,,,,,,,UGVpbmFkbyBjb24gcml6b3MgZG9ibGVzIGVuIHJvbGxvIGRlY29yYXRpdm8=
fcmNBA,,Q29zdHVtZSBMb25nIEhhaXJlZCBXaGl0ZSBDYXQ=,,,,,,,UGVsdWNhIGRlIGdhdG8gYmxhbmNvIGRlY29yYXRpdmE=
fsmNBA,,Q29zdHVtZSBGZXN0aXZhbCBTdGFsbA==,,,,,,,UHVlc3RvIGRlbCBGZXN0aXZhbCBkZSBEaXNmcmFjZXM=
f8mNBA,,Q29zdHVtZSBSZWQgQnViYmxlIEd1bQ==,,,,,,,Q2hpY2xlIGVuIGxhIGJvY2EgZGVjb3JhdGl2bw==
gMmNBA,,Q29zdHVtZSBSaW5nIChIaXQp,,,,,,,QW5pbGxvIGRlIGRpc2ZyYXogKEdvbHBlKQ==
gcmNBA,,Q29zdHVtZSBDaGFvcyBFbWVyYWxk,,,,,,,RGlzZnJheiBDYW9zIEVzbWVyYWxkYQ==
gsmNBA,,Q29zdHVtZSBNYXN0ZXIgb2YgTGlnaHQgRGFyaw==,,,,,,,QXVyYSBkZSBtYWVzdHJvIGRlIGxhIGx1eiB5IGxhIG9zY3VyaWRhZCBkZWNvcmF0aXZh
g8mNBA,,Q29zdHVtZSBIb25vcmFibGUgS25pZ2h0IENsb2Fr,,,,,,,VHJhamUgQ2FwYSBkZSBDYWJhbGxlcm8gZGUgSG9ub3I=
hMmNBA,,Q29zdHVtZSBSb3lhbCBNYW50bGU=,,,,,,,VHJhamUgTWFudG8gUmVhbA==
hcmNBA,,Q29zdHVtZSBUd2lua2xlIFR3aW4gKEJsdWUp,,,,,,,RGlzZnJheiBUd2lua2xlIFR3aW4gKEF6dWwp
hsmNBA,,Q29zdHVtZSBUd2lua2xlIFdhdmU=,,,,,,,RGlzZnJheiBUd2lua2xlIFdhdmU=
h8mNBA,,Q29zdHVtZSBHdWlsbG90aW5lIENyb3NzIExvdyBQb255,,,,,,,RGlzZnJheiBHdWlsbG90aW5lIENyb3NzIExvdyBQb255
iMmNBA,,Q29zdHVtZSBUaG9ybiBTY2FyZg==,,,,,,,QnVmYW5kYSBkZSBlc3BpbmFzIHBhcmEgZGlzZnJhY2Vz
icmNBA,,Q29zdHVtZSBTaGFkb3diZW5kZXI=,,,,,,,RGlzZnJheiBTaGFkb3diZW5kZXI=
ismNBA,,Q29zdHVtZSBUc3VuYWRlJ3MgTmluanV0c3UgQm9vaw==,,,,,,,VHJhamUgTGlicm8gZGUgTmluanV0c3UgZGUgVHN1bmFkZQ==
i8mNBA,,Q29zdHVtZSBPcm9jaGltYXJ1J3MgTWFzaw==,,,,,,,RGlzZnJheiBNw6FzY2FyYSBkZSBPcm9jaGltYXJ1
jMmNBA,,Q29zdHVtZSBTbm93IFJhYmJpdCBIYWly,,,,,,,RGlzZnJheiBDb25lam8gTmlldmUgUGVsbw==
jcmNBA,,Q29zdHVtZSBDbGluZ3kgV2hpdGUgRm94,,,,,,,RGlzZnJheiBkZSB6b3JybyBibGFuY28gcGVnYWpvc28=
jsmNBA,,Q29zdHVtZSBUZW1hcmkgQ2FuZHkgSGFpcg==,,,,,,,RGlzZnJheiBUZW1hcmkgQ2FuZHkgSGFpcg==
j8mNBA,,Q29zdHVtZSBXYW5kZXJlciBDdXJs,,,,,,,VHJhamUgV2FuZGVyZXIgQ3VybA==
kMmNBA,,Q29zdHVtZSBSb2NraW5nIFNob3J0,,,,,,,RGlzZnJheiBSb2NraW5nIFNob3J0
kcmNBA,,Q29zdHVtZSBPY2VhbiBMb25nIFdpZw==,,,,,,,UGVsdWNhIExhcmdhIERpc2ZyYXogT2NlYW4=
ksmNBA,,Q29zdHVtZSBUcm91dmVyZSBTaWRlIFRhaWw=,,,,,,,RGlzZnJheiBUcm91dmVyZSBDb2xhIExhdGVyYWw=
k8mNBA,,Q29zdHVtZSBDaGFybSBvZiBGbGFtZSBIZWFydA==,,,,,,,RGlzZnJheiBFbmNhbnRvIGRlIENvcmF6w7NuIGRlIExsYW1h
lMmNBA,,Q29zdHVtZSBDaG9jb2xhdGUgQm9tYg==,,,,,,,RGlzZnJheiBCb21iYSBkZSBDaG9jb2xhdGU=
lcmNBA,,Q29zdHVtZSBUd2lua2xlIFR3aW4=,,,,,,,RGlzZnJheiBUd2lua2xlIFR3aW4=
lsmNBA,,Q2hhcm0gb2YgTXlzdGljIEZyb3plbg==,,,,,,,RW5jYW50byBtw61zdGljbyBjb25nZWxhZG8gZGVjb3JhdGl2bw==
l8mNBA,,Q29zdHVtZSBTaGF2aW5nIENyZWFt,,,,,,,Q3JlbWEgZGUgYWZlaXRhciBwYXJhIGRpc2ZyYWNlcw==
mMmNBA,,Q29zdHVtZSBXaWxkIExvbmcgSGFpcg==,,,,,,,RGlzZnJheiBQZWxvIExhcmdvIFNhbHZhamU=
mcmNBA,,Q29zdHVtZSBHcmltIFJlYXBlcg==,,,,,,,TGEgUGFyY2EgZGVjb3JhdGl2YQ==
msmNBA,,Q29zdHVtZSBNaXNjaGllZiBDYXQgYW5kIERvZw==,,,,,,,UGVycm8geSBnYXRvIHRyYXZpZXNvcyBkZWNvcmF0aXZvcw==
m8mNBA,,Q29zdHVtZSBIYWxsb3dlZW4gQ2F0IFNob3J0,,,,,,,RGlzZnJheiBIYWxsb3dlZW4gR2F0byBDb3J0bw==
nMmNBA,,Q29zdHVtZSBMb3JkIG9mIFJveWFscw==,,,,,,,RGlzZnJheiBkZSBTZcOxb3IgZGUgbGEgUmVhbGV6YQ==
ncmNBA,,Q29zdHVtZSBDaGFybSBvZiBHcmVhdCBOYXR1cmU=,,,,,,,RGlzZnJhY2VzIGNvbiBFbmNhbnRvIGRlIGxhIEdyYW4gTmF0dXJhbGV6YQ==
nsmNBA,,Q29zdHVtZSBEcmVhbWluZyBSb3Nl,,,,,,,VHJhamUgRHJlYW1pbmcgUm9zZQ==
n8mNBA,,Q29zdHVtZSBBbHBoYSBMb25nIFBvbnl0YWls,,,,,,,RGlzZnJheiBBbGZhIENvbGV0YSBMYXJnYQ==
oMmNBA,,Q29zdHVtZSBCbG9vZCBTdWNrZXI=,,,,,,,RGlzZnJheiBCbG9vZCBTdWNrZXI=
ocmNBA,,Q29zdHVtZSBEZW1pIEZyZXlqYSBIYWly,,,,,,,VHJhamUgRGVtaSBGcmV5amEgUGVsbw==
osmNBA,,Q29zdHVtZSBTa2lhIFR3byBTaWRlIFVw,,,,,,,RGlzZnJheiBTa2lhIFR3byBTaWRlIFVw
o8mNBA,,Q29zdHVtZSBJbXBlcmlhbCBHbG9yeQ==,,,,,,,VHJhamUgSW1wZXJpYWwgR2xvcnk=
pMmNBA,,Q29zdHVtZSBTdGFycnkgTG9uZyBXYXZl,,,,,,,RGlzZnJheiBTdGFycnkgTG9uZyBXYXZl
pcmNBA,,Q29zdHVtZSBTdGFycnkgUmliYm9uIFR3aW4gVGFpbA==,,,,,,,RGlzZnJheiBDb2xhIEdlbWVsYSBDaW50YSBFc3RyZWxsYWRh
psmNBA,,Q29zdHVtZSBIZWFydCBBbmdlbA==,,,,,,,RGlzZnJheiDDgW5nZWwgQ29yYXrDs24=
p8mNBA,,Q29zdHVtZSBGbG93ZXIgS25pdHRpbmc=,,,,,,,VGVqZXIgZmxvcmVzIHBhcmEgZGlzZnJhY2Vz
qMmNBA,,Q29zdHVtZSBTaWxreSBMb25nIEhhaXIgKEJsYWNrKQ==,,,,,,,RGlzZnJheiBQZWxvIExhcmdvIFNlZG9zbyAoTmVncm8p
qcmNBA,,Q29zdHVtZSBMYXJnZSBSaWJib24gTXVmZmxlciAoV2hpdGUp,,,,,,,U2lsZW5jaWFkb3IgZGUgbGF6byBncmFuZGUgcGFyYSBkaXNmcmFjZXMgKGJsYW5jbyk=
qsmNBA,,Q29zdHVtZSBWYWxreXJpZSBIYWly,,,,,,,RGlzZnJheiBWYWxxdWlyaWEgUGVsbw==
q8mNBA,,Q29zdHVtZSBIZXJvJ3MgU2NhcmY=,,,,,,,QnVmYW5kYSBkZSBow6lyb2U=
rMmNBA,,Q29zdHVtZSBTbGVlayBQaW5rIEhhbGYtVXBkbw==,,,,,,,RGlzZnJheiBFbGVnYW50ZSBIYWxmLVVwZG8gUm9zYQ==
rcmNBA,,Q29zdHVtZSBUZW50,,,,,,,VGllbmRhIGRlIGRpc2ZyYWNlcw==
rsmNBA,,Q29zdHVtZSBQaXBlIG9mIEppcmFpeWE=,,,,,,,VHVibyBkZSB2ZXN0dWFyaW8gZGUgSmlyYWl5YQ==
r8mNBA,,Q29zdHVtZSBDaGlja2VuIEJlYWs=,,,,,,,RGlzZnJheiBQaWNvIGRlIHBvbGxv
sMmNBA,,Q29zdHVtZSBPbGQgVGltZXkgTXVzdGFjaGU=,,,,,,,RGlzZnJheiBPbGQgVGltZXkgTXVzdGFjaGU=
scmNBA,,Q29zdHVtZSBJcm9uIENhaW4=,,,,,,,VHJhamUgQ2HDrW4gZGUgSGllcnJv
ssmNBA,,Q29zdHVtZTogUm9tYW50aWMgV2hpdGUgRmxvd2Vy,,,,,,,VHJhamU6IEZsb3IgYmxhbmNhIHJvbcOhbnRpY2E=
s8mNBA,,Q29zdHVtZSBTZW50aW1lbnRhbCBGbG93ZXI=,,,,,,,RGlzZnJheiBGbG9yIFNlbnRpbWVudGFs
tMmNBA,,Q29zdHVtZSBBc3Nhc3NpbiBNYXJr,,,,,,,TcOhc2NhcmEgZGUgQXNlc2lubyBkZWNvcmF0aXZh
tcmNBA,,Q29zdHVtZSBTYW11cmFpIE1hc2s=,,,,,,,RGlzZnJheiBNw6FzY2FyYSBTYW11cmFp
tsmNBA,,Q29zdHVtZSBQaXJhdGUgRGFnZ2Vy,,,,,,,RGlzZnJheiBkZSBQaXJhdGEgRGFnYQ==
t8mNBA,,Q29zdHVtZSBGbHUgTWFzaw==,,,,,,,TcOhc2NhcmEgYW50aWdyaXBhbA==
uMmNBA,,Q29zdHVtZSBSdWRvbHBoJ3MgTm9zZQ==,,,,,,,RGlzZnJheiBOYXJpeiBkZSBSb2RvbGZv
ucmNBA,,Q29zdHVtZSBQb3JpbmcgTGV0dGVy,,,,,,,VHJhamUgUG9yaW5nIENhcnRh
usmNBA,,Q29zdHVtZSBQZWFjZSBQaXBl,,,,,,,RGlzZnJheiBkZSBwaXBhIGRlIGxhIHBheg==
u8mNBA,,Q29zdHVtZSBMdWNreSBDbG92ZXI=,,,,,,,RGlzZnJheiBUcsOpYm9sIGRlIGxhIFN1ZXJ0ZQ==
vMmNBA,,Q29zdHVtZSBTY2FybGV0IFJvc2U=,,,,,,,VHJhamUgUm9zYSBFc2NhcmxhdGE=
vcmNBA,,Q29zdHVtZTogSmFwYW4gV2luZWN1cA==,,,,,,,VHJhamU6IGRlIHZpbm8gamFwb27DqXMgZGVjb3JhdGl2bw==
vsmNBA,,Q29zdHVtZSBHcmFucGEgU3RhY2hl,,,,,,,RGlzZnJheiBBYnVlbG8gQmlnb3Rl
v8mNBA,,Q29zdHVtZSBDcnVuY2ggVG9hc3Q=,,,,,,,Q29zdHVtZSBDcnVuY2ggVG9hc3Q=
wMmNBA,,Q29zdHVtZSBBbmdyeSBNb3V0aA==,,,,,,,RGlzZnJheiBCb2NhIEVuZmFkYWRh
wcmNBA,,Q29zdHVtZSBUYWJvbyBDdXJzZSBTY3JvbGw=,,,,,,,Q29zdHVtZSBUYWJvbyBDdXJzZSBTY3JvbGw=
wsmNBA,,Q29zdHVtZSBJZnJpdCdzIEJyZWF0aA==,,,,,,,VHJhamUgQWxpZW50byBkZSBJZnJpdA==
w8mNBA,,Q29zdHVtZSBCdWJibGVndW0=,,,,,,,Q2hpY2xlIGVuIGxhIGJvY2EgZGVjb3JhdGl2bw==
xMmNBA,,Q29zdHVtZSBDaGlsbHkgQnJlYXRo,,,,,,,RGlzZnJheiBDaGlsbHkgQnJlYXRo
xcmNBA,,Q29zdHVtZSBMaW5jb2xuIEJlYXJk,,,,,,,RGlzZnJheiBMaW5jb2xuIEJhcmJh
xsmNBA,,Q29zdHVtZSBMb3ZlIFBpZWNl,,,,,,,QWNjZXNvcmlvIGRlIGFtb3IgZGVjb3JhdGl2bw==
x8mNBA,,Q29zdHVtZSBDYXN0bGUgQmF0,,,,,,,RGlzZnJheiBDYXN0aWxsbyBNdXJjacOpbGFnbw==
yMmNBA,,Q29zdHVtZSBNaXJhY2xlIEJsdWUgUm9zZQ==,,,,,,,RGlzZnJheiBNaWxhZ3JvIFJvc2EgQXp1bA==
ycmNBA,,Q29zdHVtZSBSZWQgQ2hlcnJ5IEJsb3Nzb20=,,,,,,,RGlzZnJheiBGbG9yIGRlIGNlcmV6byByb2pv
ysmNBA,,Q29zdHVtZSBQYWNpZmllcg==,,,,,,,Q2h1cGV0ZSBkZWNvcmF0aXZv
y8mNBA,,Q29zdHVtZSBXYXJnIGluIE1vdXRo,,,,,,,RGlzZnJheiBXYXJnIGVuIEJvY2E=
zMmNBA,,Q29zdHVtZSBCdWJibGUgUGlwZQ==,,,,,,,QnVyYnVqZXJvIGRlY29yYXRpdm8=
zcmNBA,,Q29zdHVtZTogRmlzaCBJbiBNb3V0aA==,,,,,,,VHJhamU6IFBlY2VzIGVuIGxhIGJvY2E=
zsmNBA,,Q29zdHVtZSBUZXN0IFN1YmplY3QgQXVyYQ==,,,,,,,VHJhamUgU3VqZXRvIGRlIFBydWViYSBBdXJh
z8mNBA,,Q29zdHVtZTogR29kIG9mIFdpbmRzIEZhbg==,,,,,,,VHJhamU6IEZhbiBkZWwgRGlvcyBkZSBsb3MgVmllbnRvcw==
0MmNBA,,Q29zdHVtZSBGYWxsaW5nIExlYXZlcw==,,,,,,,RGlzZnJheiBIb2phcyBjYcOtZGFz
0cmNBA,,Q29zdHVtZSBGYW4gaW4gTW91dGg=,,,,,,,QWJhbmljbyBlbiBsYSBib2Nh
0smNBA,,Q29zdHVtZSBUb25ndWU=,,,,,,,TGVuZ3VhIGxhcmdhIGRlY29yYXRpdmE=
08mNBA,,Q29zdHVtZSBHcmVlbiBGb3h0YWls,,,,,,,Q29sYSBkZSB6b3JybyB2ZXJkZSBkZWNvcmF0aXZh
1MmNBA,,Q29zdHVtZSBGb3h0YWls,,,,,,,Q29sYSBkZSB6b3JybyBkZWNvcmF0aXZh
1cmNBA,,Q29zdHVtZSBCYW5zaGVlIE1hc3RlciBLaXNz,,,,,,,RGlzZnJheiBCYW5zaGVlIE1hc3RlciBLaXNz
1smNBA,,Q29zdHVtZSBEZXZpcnVjaGkgQmFsbG9vbg==,,,,,,,RGlzZnJheiBEZXZpcnVjaGkgR2xvYm8=
18mNBA,,Q29zdHVtZSBGcm96ZW4gTGFuZHMgUm9zZQ==,,,,,,,RGlzZnJheiBGcm96ZW4gTGFuZHMgUm9zZQ==
2MmNBA,,Q29zdHVtZSBMYXJnZSBSaWJib24gTXVmZmxlciAoT3JhbmdlKQ==,,,,,,,U2lsZW5jaWFkb3IgZGUgbGF6byBncmFuZGUgcGFyYSBkaXNmcmFjZXMgKG5hcmFuamEp
2cmNBA,,Q29zdHVtZSBQcmVzZW50IG9mIFNub3c=,,,,,,,RGlzZnJheiBSZWdhbG8gZGUgTmlldmU=
2smNBA,,Q29zdHVtZSBXaGlzdGxl,,,,,,,U2lsYmF0byBwYXJhIGRpc2ZyYWNlcw==
28mNBA,,Q29zdHVtZSBDaGV3ZWQgUGVuY2ls,,,,,,,RGlzZnJheiBMw6FwaXogTWFzdGljYWRv
3MmNBA,,Q29zdHVtZSBGbHV0dGVyaW5nIENoZXJyeSBCbG9zc29t,,,,,,,RGlzZnJheiBkZSBjZXJlem8gZW4gZmxvcg==
3cmNBA,,Q29zdHVtZSBEaXNrIGluIE1vdXRo,,,,,,,RGlzY28gcGFyYSBsYSBib2NhIGRlY29yYXRpdm8=
3smNBA,,Q29zdHVtZSBBbmFseXppbmcgRXll,,,,,,,T2pvIGFuYWxpemFkb3IgZGUgdHJhamVz
38mNBA,,Q29zdHVtZSBQb255dGFpbCAoQmxhY2sp,,,,,,,Q29sYSBkZSBjYWJhbGxvIHBhcmEgZGlzZnJhY2VzIChuZWdyYSk=
4MmNBA,,Q29zdHVtZSBDb3dsaWNrIChCbGFjayk=,,,,,,,RGlzZnJheiBDb3dsaWNrIChOZWdybyk=
4cmNBA,,Q29zdHVtZSBUd2luIFBvbnl0YWlsIChCbGFjayk=,,,,,,,RGlzZnJheiBDb2xhIGRlIGNhYmFsbG8gZ2VtZWxhIChOZWdybyk=
4smNBA,,Q29zdHVtZSBIYXBweSBCYWxsb29u,,,,,,,RGlzZnJheiBHbG9ibyBGZWxpeg==
48mNBA,,Q29zdHVtZSBGbHlpbmcgR2FsYXBhZ28=,,,,,,,VHJhamUgR2Fsw6FwYWdvIFZvbGFkb3I=
5MmNBA,,Q29zdHVtZSBDb3dsaWNrIChZZWxsb3cp,,,,,,,RGlzZnJheiBDb3dsaWNrIChBbWFyaWxsbyk=
5cmNBA,,Q29zdHVtZSBDb3dsaWNrIChHcmVlbik=,,,,,,,RGlzZnJheiBDb3dsaWNrIChWZXJkZSk=
5smNBA,,Q29zdHVtZSBDb3dsaWNrIChQdXJwbGUp,,,,,,,RGlzZnJheiBDb3dsaWNrIChNb3JhZG8p
58mNBA,,Q29zdHVtZSBDb3dsaWNrIChSZWQp,,,,,,,RGlzZnJheiBDb3dsaWNrIChSb2pvKQ==
6MmNBA,,Q29zdHVtZSBDb3dsaWNrIChPcmFuZ2Up,,,,,,,RGlzZnJheiBDb3dsaWNrIChOYXJhbmphKQ==
6cmNBA,,Q29zdHVtZSBDb3dsaWNrIChCbHVlKQ==,,,,,,,RGlzZnJheiBDb3dsaWNrIChBenVsKQ==
6smNBA,,Q29zdHVtZSBDb3dsaWNrIChXaGl0ZSk=,,,,,,,RGlzZnJheiBDb3dsaWNrIChCbGFuY28p
68mNBA,,Q29zdHVtZSBQb255dGFpbCAoWWVsbG93KQ==,,,,,,,Q29sYSBkZSBjYWJhbGxvIHBhcmEgZGlzZnJhY2VzIChhbWFyaWxsYSk=
7MmNBA,,Q29zdHVtZSBQb255dGFpbCAoR3JlZW4p,,,,,,,Q29sYSBkZSBjYWJhbGxvIHBhcmEgZGlzZnJhY2VzICh2ZXJkZSk=
7cmNBA,,Q29zdHVtZSBQb255dGFpbCAoUHVycGxlKQ==,,,,,,,Q29sYSBkZSBjYWJhbGxvIHBhcmEgZGlzZnJhY2VzIChtb3JhZGEp
7smNBA,,Q29zdHVtZSBQb255dGFpbCAoUmVkKQ==,,,,,,,Q29sYSBkZSBjYWJhbGxvIHBhcmEgZGlzZnJhY2VzIChSb2phKQ==
78mNBA,,Q29zdHVtZSBQb255dGFpbCAoT3JhbmdlKQ==,,,,,,,Q29sYSBkZSBjYWJhbGxvIHBhcmEgZGlzZnJhY2VzIChuYXJhbmphKQ==
8MmNBA,,Q29zdHVtZSBQb255dGFpbCAoQmx1ZSk=,,,,,,,Q29sYSBkZSBjYWJhbGxvIHBhcmEgZGlzZnJhY2VzIChhenVsKQ==
8cmNBA,,Q29zdHVtZSBQb255dGFpbCAoV2hpdGUp,,,,,,,Q29sYSBkZSBjYWJhbGxvIHBhcmEgZGlzZnJhY2VzIChibGFuY2Ep
8smNBA,,Q29zdHVtZSBUd2luIFBvbnl0YWlsIChZZWxsb3cp,,,,,,,RGlzZnJheiBDb2xldGEgR2VtZWxhIChBbWFyaWxsbyk=
88mNBA,,Q29zdHVtZSBUd2luIFBvbnl0YWlsIChHcmVlbik=,,,,,,,RGlzZnJheiBDb2xhIGRlIGNhYmFsbG8gZ2VtZWxhIChWZXJkZSk=
9MmNBA,,Q29zdHVtZSBUd2luIFBvbnl0YWlsIChQdXJwbGUp,,,,,,,RGlzZnJheiBDb2xhIGRlIGNhYmFsbG8gZ2VtZWxhIChNb3JhZG8p
9cmNBA,,Q29zdHVtZSBUd2luIFBvbnl0YWlsIChSZWQp,,,,,,,RGlzZnJheiBDb2xhIGRlIGNhYmFsbG8gZ2VtZWxhIChSb2pvKQ==
9smNBA,,Q29zdHVtZSBUd2luIFBvbnl0YWlsIChPcmFuZ2Up,,,,,,,RGlzZnJheiBDb2xldGEgR2VtZWxhIChOYXJhbmphKQ==
98mNBA,,Q29zdHVtZSBUd2luIFBvbnl0YWlsIChCbHVlKQ==,,,,,,,RGlzZnJheiBDb2xldGEgR2VtZWxhIChBenVsKQ==
+MmNBA,,Q29zdHVtZSBUd2luIFBvbnl0YWlsIChXaGl0ZSk=,,,,,,,RGlzZnJheiBDb2xhIGRlIGNhYmFsbG8gZ2VtZWxhIChCbGFuY28p
+cmNBA,,Q29zdHVtZSBFcmVtZXMnIFNjYXJm,,,,,,,QnVmYW5kYSBDb3N0dW1lIEVyZW1lcw==
+smNBA,,Q29zdHVtZSBUZXN0IFN1YmplY3QgQXVyYSAoUmVkKQ==,,,,,,,VHJhamUgU3VqZXRvIGRlIHBydWViYXMgQXVyYSAoUm9qbyk=
+8mNBA,,Q29zdHVtZSBGbHV0dGVyaW5nIEZlYXRoZXI=,,,,,,,RGlzZnJheiBGbHV0dGVyaW5nIEZlYXRoZXI=
/MmNBA,,Q29zdHVtZSBVbWJhbGEgU3Bpcml0,,,,,,,RGlzZnJheiBVbWJhbGEgU3Bpcml0
/cmNBA,,Q29zdHVtZSBQaWcgTm9zZQ==,,,,,,,RGlzZnJheiBkZSBuYXJpeiBkZSBjZXJkbw==
/smNBA,,Q29zdHVtZSBCbHVlIFJlYXIgUmliYm9u,,,,,,,VHJhamUgQXp1bCBDaW50YSB0cmFzZXJh
/8mNBA,,Q29zdHVtZSBQb3JpbmcgQnViYmxlIFBpcGU=,,,,,,,VHVibyBkZSBidXJidWphcw==
AMqNBA,,Q29zdHVtZSBFcmVtZXMgU2NhcmYgKEJsYWNrKQ==,,,,,,,QnVmYW5kYSBDb3N0dW1lIEVyZW1lcyAoTmVncmEp
AcqNBA,,Q29zdHVtZSBIYWlyIEJ1bnMgKEJsdWUp,,,,,,,TW/DsW9zIHBhcmEgZGlzZnJhY2VzIChBenVsKQ==
AsqNBA,,Q29zdHVtZSBIYWlyIEJ1bnMgKFJlZCk=,,,,,,,TW/DsW9zIHBhcmEgZGlzZnJhY2VzIChSb2pvKQ==
A8qNBA,,Q29zdHVtZSBIYWlyIEJ1bnMgKFllbGxvdyk=,,,,,,,TW/DsW9zIHBhcmEgZGlzZnJhY2VzIChhbWFyaWxsbyk=
BMqNBA,,Q29zdHVtZSBIYWlyIEJ1bnMgKEdyZWVuKQ==,,,,,,,TW/DsW9zIHBhcmEgZGlzZnJhY2VzIChWZXJkZSk=
BcqNBA,,Q29zdHVtZSBIYWlyIEJ1bnMgKEJsYWNrKQ==,,,,,,,TW/DsW9zIHBhcmEgZGlzZnJhY2VzIChuZWdybyk=
BsqNBA,,Q29zdHVtZSBIYWlyIEJ1bnMgKFdoaXRlKQ==,,,,,,,TW/DsW9zIHBhcmEgZGlzZnJhY2VzIChibGFuY28p
B8qNBA,,Q29zdHVtZSBIYWlyIEJ1bnMgKEJyb3duKQ==,,,,,,,TW/DsW9zIHBhcmEgZGlzZnJhY2VzIChNYXJyw7NuKQ==
CMqNBA,,Q29zdHVtZSBIYWlyIEJ1bnMgKFB1cnBsZSk=,,,,,,,TW/DsW9zIHBhcmEgZGlzZnJhY2VzIChtb3JhZG8p
CcqNBA,,Q29zdHVtZSBEd2FyZiBCZWFyZA==,,,,,,,RGlzZnJheiBCYXJiYSBkZSBFbmFubw==
CsqNBA,,Q29zdHVtZSBCYXQgU3RvbGU=,,,,,,,RGlzZnJheiBCYXQgU3RvbGU=
C8qNBA,,Q29zdHVtZSBTaGF2aW5nIEZvYW0=,,,,,,,RXNwdW1hIGRlIGFmZWl0YXIgcGFyYSBkaXNmcmFjZXM=
DMqNBA,,Q29zdHVtZSBCcm93biBTdG9sZQ==,,,,,,,VHJhamUgRXN0b2xhIE1hcnLDs24=
DcqNBA,,Q29zdHVtZSBGaXJlIE11ZmZsZXI=,,,,,,,RGlzZnJheiBGaXJlIE11ZmZsZXI=
DsqNBA,,Q29zdHVtZSBSb3NhcnkncyBOZWNrbGFjZQ==,,,,,,,Q29sbGFyIGRlbCBSb3Nhcmlv
D8qNBA,,Q29zdHVtZSBSZWQgQ2F0IEVhcnMgQ2FwZQ==,,,,,,,RGlzZnJheiBPcmVqYXMgZGUgR2F0byBSb2pvIENhcGE=
EMqNBA,,Q29zdHVtZSBXZWlyZCBCZWFyZA==,,,,,,,RGlzZnJheiBCYXJiYSBSYXJh
EcqNBA,,Q29zdHVtZSBTdHJhaWdodCBMb25nIChZZWxsb3cp,,,,,,,VHJhamUgUmVjdG8gTGFyZ28gKEFtYXJpbGxvKQ==
EsqNBA,,Q29zdHVtZSBTdHJhaWdodCBMb25nIChXaGl0ZSk=,,,,,,,VHJhamUgUmVjdG8gTGFyZ28gKEJsYW5jbyk=
E8qNBA,,Q29zdHVtZSBTaWRlIFBpZ3RhaWwgKEJsdWUp,,,,,,,Q29sZXRhIGxhdGVyYWwgcGFyYSBkaXNmcmF6IChhenVsKQ==
FMqNBA,,Q29zdHVtZSBTaWRlIFBpZ3RhaWwgKFJlZCk=,,,,,,,Q29sZXRhIGxhdGVyYWwgcGFyYSBkaXNmcmFjZXMgKHJvamEp
FcqNBA,,Q29zdHVtZSBTaWRlIFBpZ3RhaWwgKFllbGxvdyk=,,,,,,,Q29sZXRhIGxhdGVyYWwgcGFyYSBkaXNmcmFjZXMgKGFtYXJpbGxhKQ==
FsqNBA,,Q29zdHVtZSBTaWRlIFBpZ3RhaWwgKEdyZWVuKQ==,,,,,,,Q29sZXRhIGxhdGVyYWwgcGFyYSBkaXNmcmFjZXMgKHZlcmRlKQ==
F8qNBA,,Q29zdHVtZSBTaWRlIFBpZ3RhaWwgKEJsYWNrKQ==,,,,,,,Q29sZXRhIGxhdGVyYWwgcGFyYSBkaXNmcmFjZXMgKG5lZ3JhKQ==
GMqNBA,,Q29zdHVtZSBTaWRlIFBpZ3RhaWwgKFdoaXRlKQ==,,,,,,,Q29sZXRhIGxhdGVyYWwgcGFyYSBkaXNmcmFjZXMgKGJsYW5jYSk=
GcqNBA,,Q29zdHVtZSBTaWRlIFBpZ3RhaWwgKEJyb3duKQ==,,,,,,,Q29sZXRhIGxhdGVyYWwgcGFyYSBkaXNmcmF6IChtYXJyw7NuKQ==
GsqNBA,,Q29zdHVtZSBTaWRlIFBpZ3RhaWwgKFB1cnBsZSk=,,,,,,,Q29sZXRhIGxhdGVyYWwgcGFyYSBkaXNmcmF6IChtb3JhZGEp
G8qNBA,,Q29zdHVtZSBMb3cgUG9ueSAoQmx1ZSk=,,,,,,,RGlzZnJheiBQb25pIEJham8gKEF6dWwp
HMqNBA,,Q29zdHVtZSBMb3cgUG9ueSAoUmVkKQ==,,,,,,,RGlzZnJheiBQb25pIEJham8gKFJvam8p
HcqNBA,,Q29zdHVtZSBMb3cgUG9ueSAoWWVsbG93KQ==,,,,,,,RGlzZnJheiBQb25pIEJham8gKEFtYXJpbGxvKQ==
HsqNBA,,Q29zdHVtZSBMb3cgUG9ueSAoR3JlZW4p,,,,,,,RGlzZnJheiBQb25pIEJham8gKFZlcmRlKQ==
H8qNBA,,Q29zdHVtZSBMb3cgUG9ueSAoQmxhY2sp,,,,,,,RGlzZnJheiBQb25pIEJham8gKE5lZ3JvKQ==
IMqNBA,,Q29zdHVtZSBMb3cgUG9ueSAoV2hpdGUp,,,,,,,VHJhamUgQmFqbyBQb255IChCbGFuY28p
IcqNBA,,Q29zdHVtZSBMb3cgUG9ueSAoQnJvd24p,,,,,,,RGlzZnJheiBQb25pIEJham8gKE1hcnLDs24p
IsqNBA,,Q29zdHVtZSBMb3cgUG9ueSAoUHVycGxlKQ==,,,,,,,RGlzZnJheiBQb25pIEJham8gKE1vcmFkbyk=
I8qNBA,,Q29zdHVtZSBMb25nIFR3aW4gKEJsdWUp,,,,,,,RGlzZnJheiBHZW1lbG8gTGFyZ28gKEF6dWwp
JMqNBA,,Q29zdHVtZSBMb25nIFR3aW4gKFJlZCk=,,,,,,,RGlzZnJheiBHZW1lbG8gTGFyZ28gKFJvam8p
JcqNBA,,Q29zdHVtZSBMb25nIFR3aW4gKFllbGxvdyk=,,,,,,,RGlzZnJheiBHZW1lbG8gTGFyZ28gKEFtYXJpbGxvKQ==
JsqNBA,,Q29zdHVtZSBMb25nIFR3aW4gKEdyZWVuKQ==,,,,,,,RGlzZnJheiBHZW1lbG8gTGFyZ28gKFZlcmRlKQ==
J8qNBA,,Q29zdHVtZSBMb25nIFR3aW4gKEJsYWNrKQ==,,,,,,,RGlzZnJheiBHZW1lbG8gTGFyZ28gKE5lZ3JvKQ==
KMqNBA,,Q29zdHVtZSBMb25nIFR3aW4gKFdoaXRlKQ==,,,,,,,VHJhamUgbGFyZ28gZ2VtZWxvIChibGFuY28p
KcqNBA,,Q29zdHVtZSBMb25nIFR3aW4gKEJyb3duKQ==,,,,,,,RGlzZnJheiBHZW1lbG8gTGFyZ28gKE1hcnLDs24p
KsqNBA,,Q29zdHVtZSBMb25nIFR3aW4gKFB1cnBsZSk=,,,,,,,RGlzZnJheiBHZW1lbG8gTGFyZ28gKE1vcmFkbyk=
K8qNBA,,Q29zdHVtZSBDYXQncyBNb3V0aA==,,,,,,,RGlzZnJheiBCb2NhIGRlIEdhdG8=
LMqNBA,,Q29zdHVtZSBTdHJhd2JlcnJ5IGluIE1vdXRo,,,,,,,RGlzZnJheiBGcmVzYSBlbiBsYSBCb2Nh
LcqNBA,,Q29zdHVtZSBXYXJtIENhdCBNdWZmbGVy,,,,,,,RGlzZnJheiBXYXJtIENhdCBNdWZmbGVy
LsqNBA,,Q29zdHVtZSBBbmdlbCBTdG9sZQ==,,,,,,,RXN0b2xhIGRlIMOhbmdlbCBkZWNvcmF0aXZh
L8qNBA,,Q29zdHVtZSBGYWxsZW4gQW5nZWwgVmFsbGV0dGE=,,,,,,,RGlzZnJheiDDgW5nZWwgQ2HDrWRvIFZhbGxldHRh
MMqNBA,,Q29zdHVtZSBHbGFzIEhlaW0gU3BlY3RhdG9y,,,,,,,RXNwZWN0YWRvciBkZSBHbGFzdCBIZWltIGRlY29yYXRpdm8=
McqNBA,,Q29zdHVtZSBEaWFib2xpYyBMYXBlbA==,,,,,,,VHJhamUgRGlhYsOzbGljbyBTb2xhcGE=
MsqNBA,,Q29zdHVtZSBWb2x1bWUgTG93IFR3aW4=,,,,,,,VHJhamUgVm9sdW1lbiBCYWpvIFR3aW4=
M8qNBA,,Q29zdHVtZSBTdXJ2aXZvcidzIE9yYg==,,,,,,,RGlzZnJheiBTdXJ2aXZvcidzIE9yYg==
NMqNBA,,Q29zdHVtZSBWYXJqYQ==,,,,,,,VmFqcmEgZGVjb3JhdGl2bw==
NcqNBA,,Q29zdHVtZSBCb29rIG9mIE1hZ2lj,,,,,,,TGlicm8gZGUgZGlzZnJhY2VzIGRlIG1hZ2lh
NsqNBA,,Q29zdHVtZSBGbG9hdGluZyBJY2U=,,,,,,,RGlzZnJheiBIaWVsbyBGbG90YW50ZQ==
N8qNBA,,Q29zdHVtZSBGbHVmZnkgQW5nZWwgQ2FwZQ==,,,,,,,RGlzZnJheiBDYXBhIGRlIMOhbmdlbCBlc3Bvbmpvc2E=
OMqNBA,,Q29zdHVtZSBUb3kgU3lyaW5nZQ==,,,,,,,SmVyaW5nYSBkZSBqdWd1ZXRlIHBhcmEgZGlzZnJhY2Vz
OcqNBA,,Q29zdHVtZSBMb2xpdGEgVHdvIFNpZGUgVXA=,,,,,,,RGlzZnJheiBMb2xpdGEgVHdvIFNpZGUgVXA=
OsqNBA,,Q29zdHVtZSBMYXJnZSBSaWJib24gTXVmZmxlciAoQmxhY2sp,,,,,,,U2lsZW5jaWFkb3IgZGUgbGF6byBncmFuZGUgcGFyYSBkaXNmcmFjZXMgKG5lZ3JvKQ==
O8qNBA,,Q29zdHVtZSBUZW5ndSBTY3JvbGw=,,,,,,,VHJhamUgVGVuZ3UgUGVyZ2FtaW5v
PMqNBA,,Q29zdHVtZSBUaXBzeQ==,,,,,,,VHJhamUgVGlwc3k=
PcqNBA,,Q29zdHVtZSBTdHJhaWdodCBMb25nIChCbGFjayk=,,,,,,,VHJhamUgUmVjdG8gTGFyZ28gKE5lZ3JvKQ==
PsqNBA,,Q29zdHVtZSBMdW5hdGljIE11ZmZsZXI=,,,,,,,RGlzZnJheiBMdW5hdGljIE11ZmZsZXI=
P8qNBA,,Q29zdHVtZSBQb3JpbmcgTXVmZmxlcg==,,,,,,,U2lsZW5jaWFkb3IgQ29zdHVtZSBQb3Jpbmc=
QMqNBA,,Q29zdHVtZSBDYXQgRWFycyBDYXBlIEJyb3du,,,,,,,RGlzZnJheiBPcmVqYXMgZGUgR2F0byBDYXBhIE1hcnLDs24=
QcqNBA,,Q29zdHVtZSBWb2x1bWUgTG93IFR3aW4gKFdoaXRlKQ==,,,,,,,RGlzZnJheiBWb2x1bWVuIEJham8gVHdpbiAoQmxhbmNvKQ==
QsqNBA,,Q29zdHVtZSBTaG9ydCBIYWlyZWQgQ2F0IEVhcnM=,,,,,,,RGlzZnJheiBPcmVqYXMgZGUgR2F0byBkZSBQZWxvIENvcnRv
Q8qNBA,,Q29zdHVtZSBMb25nIEhhaXJlZCBDYXQgRWFycw==,,,,,,,RGlzZnJheiBPcmVqYXMgZGUgR2F0byBkZSBQZWxvIExhcmdv
RMqNBA,,Q29zdHVtZSBXYXJtIEJsYWNrIENhdCBNdWZmbGVy,,,,,,,RGlzZnJheiBDw6FsaWRvIEdhdG8gTmVncm8gU2lsZW5jaWFkb3I=
RcqNBA,,Q29zdHVtZSBQaWFtZXR0ZSdzIEN1cmxz,,,,,,,RGlzZnJhY2VzIFJpem9zIGRlIFBpYW1ldHRl
RsqNBA,,Q29zdHVtZSBFcmVtZXMgU2NhcmYgKEJsdWUp,,,,,,,QnVmYW5kYSBDb3N0dW1lIEVyZW1lcyAoQXp1bCk=
R8qNBA,,Q29zdHVtZSBSb3lhbCBHdWFyZCBOZWNrbGFjZQ==,,,,,,,Q29sbGFyIENvc3R1bWUgUm95YWwgR3VhcmQ=
SMqNBA,,Q29zdHVtZSBTdG9sZSBvZiBEb21pbmlvbg==,,,,,,,VHJhamUgUm9ibyBkZSBEb21pbmlv
ScqNBA,,Q29zdHVtZSBPcGVuIEFpciBIZWFkc2V0,,,,,,,QXVyaWN1bGFyZXMgQ29zdHVtZSBPcGVuIEFpcg==
SsqNBA,,Q29zdHVtZSBNb2JpbGUgUHVyc3VpdCBTeXN0ZW0=,,,,,,,U2lzdGVtYSBtw7N2aWwgZGUgcGVyc2VjdWNpw7NuIGRlIGRpc2ZyYWNlcw==
S8qNBA,,Q29zdHVtZSBFbGVjdHJpYyBUd28gU2lkZXMgVXAgSGFpcg==,,,,,,,Q29zdHVtZSBFbGVjdHJpYyBUd28gU2lkZXMgVXAgUGVsbw==
TMqNBA,,Q29zdHVtZSBQb3BvcmluZyBNdWZmbGVy,,,,,,,RGlzZnJheiBQb3BvcmluZyBTaWxlbmNpYWRvcg==
TcqNBA,,Q29zdHVtZSBZZWxsb3cgU2NhcmY=,,,,,,,VHJhamUgQnVmYW5kYSBhbWFyaWxsYQ==
TsqNBA,,Q29zdHVtZSBSZWQgUGVuY2lsIGluIE1vdXRo,,,,,,,RGlzZnJheiBMw6FwaXogcm9qbyBlbiBsYSBib2Nh
T8qNBA,,Q29zdHVtZSBNZWRpdW0gV2F2ZQ==,,,,,,,VHJhamUgT25kYSBNZWRpYQ==
UMqNBA,,Q29zdHVtZSBEYXJrIFNuYWtlIExvcmQgU3RvbGU=,,,,,,,RGlzZnJheiBTZXJwaWVudGUgT3NjdXJhIExvcmQgU3RvbGU=
UcqNBA,,Q29zdHVtZSBTbGVlcCBTaGVlcA==,,,,,,,RGlzZnJheiBTbGVlcCBTaGVlcA==
UsqNBA,,Q29zdHVtZSBQcm90ZWN0aXZlIFNjYXJm,,,,,,,QnVmYW5kYSBwcm90ZWN0b3JhIHBhcmEgZGlzZnJhY2Vz
U8qNBA,,Q29zdHVtZSBGbG93aW5nIExvbmcgKEJsb25kZSk=,,,,,,,VHJhamUgRmxvdGFudGUgTGFyZ28gKFJ1YmlvKQ==
VMqNBA,,Q29zdHVtZSBGbG93aW5nIExvbmcgKFNpbHZlcik=,,,,,,,VHJhamUgRmxvdGFudGUgTGFyZ28gKFBsYXRhKQ==
VcqNBA,,Q29zdHVtZSBTdHJhaWdodCBMb25nIChCbHVlKQ==,,,,,,,VHJhamUgUmVjdG8gTGFyZ28gKEF6dWwp
VsqNBA,,Q29zdHVtZSBTdHJhaWdodCBMb25nIChSZWQp,,,,,,,VHJhamUgUmVjdG8gTGFyZ28gKFJvam8p
V8qNBA,,Q29zdHVtZSBTdHJhaWdodCBMb25nIChCbG9uZGUp,,,,,,,VHJhamUgUmVjdG8gTGFyZ28gKFJ1YmlvKQ==
WMqNBA,,Q29zdHVtZSBTdHJhaWdodCBMb25nIChHcmVlbik=,,,,,,,VHJhamUgUmVjdG8gTGFyZ28gKFZlcmRlKQ==
WcqNBA,,Q29zdHVtZSBTdHJhaWdodCBMb25nIChKZXQgQmxhY2sp,,,,,,,VHJhamUgUmVjdG8gTGFyZ28gKE5lZ3JvIEF6YWJhY2hlKQ==
WsqNBA,,Q29zdHVtZSBTdHJhaWdodCBMb25nIChMaWdodCBQdXJwbGUp,,,,,,,VHJhamUgcmVjdG8gbGFyZ28gKG1vcmFkbyBjbGFybyk=
W8qNBA,,Q29zdHVtZSBTdHJhaWdodCBMb25nIChCcm93bik=,,,,,,,VHJhamUgUmVjdG8gTGFyZ28gKE1hcnLDs24p
XMqNBA,,Q29zdHVtZSBTdHJhaWdodCBMb25nIChQdXJwbGUp,,,,,,,VHJhamUgUmVjdG8gTGFyZ28gKE1vcmFkbyk=
XcqNBA,,Q29zdHVtZSBTaWRlIFBvbnkgKEJsdWUp,,,,,,,RGlzZnJheiBTaWRlIFBvbnkgKEF6dWwp
XsqNBA,,Q29zdHVtZSBTaWRlIFBvbnkgKFJlZCk=,,,,,,,RGlzZnJheiBTaWRlIFBvbnkgKFJvam8p
X8qNBA,,Q29zdHVtZSBTaWRlIFBvbnkgKEJsb25kZSk=,,,,,,,RGlzZnJheiBTaWRlIFBvbnkgKFJ1YmlhKQ==
YMqNBA,,Q29zdHVtZSBTaWRlIFBvbnkgKEdyZWVuKQ==,,,,,,,RGlzZnJheiBTaWRlIFBvbnkgKFZlcmRlKQ==
YcqNBA,,Q29zdHVtZSBTaWRlIFBvbnkgKEJsYWNrKQ==,,,,,,,RGlzZnJheiBTaWRlIFBvbnkgKE5lZ3JvKQ==
YsqNBA,,Q29zdHVtZSBTaWRlIFBvbnkgKFdoaXRlKQ==,,,,,,,RGlzZnJheiBTaWRlIFBvbnkgKEJsYW5jbyk=
Y8qNBA,,Q29zdHVtZSBTaWRlIFBvbnkgKEJyb3duKQ==,,,,,,,RGlzZnJheiBTaWRlIFBvbnkgKE1hcnLDs24p
ZMqNBA,,Q29zdHVtZSBTaWRlIFBvbnkgKFB1cnBsZSk=,,,,,,,RGlzZnJheiBTaWRlIFBvbnkgKE1vcmFkbyk=
ZcqNBA,,Q29zdHVtZSBDaGlnbm9uIChCbHVlKQ==,,,,,,,Q29zdHVtZSBDaGlnbm9uIChBenVsKQ==
ZsqNBA,,Q29zdHVtZSBDaGlnbm9uIChSZWQp,,,,,,,Q29zdHVtZSBDaGlnbm9uIChSb2pvKQ==
Z8qNBA,,Q29zdHVtZSBDaGlnbm9uIChCbG9uZGUp,,,,,,,Q29zdHVtZSBDaGlnbm9uIChSdWJpbyk=
aMqNBA,,Q29zdHVtZSBDaGlnbm9uIChHcmVlbik=,,,,,,,Q29zdHVtZSBDaGlnbm9uIChWZXJkZSk=
acqNBA,,Q29zdHVtZSBDaGlnbm9uIChCbGFjayk=,,,,,,,Q29zdHVtZSBDaGlnbm9uIChOZWdybyk=
asqNBA,,Q29zdHVtZSBDaGlnbm9uIChXaGl0ZSk=,,,,,,,TW/DsW8gZGUgdHJhamUgKEJsYW5jbyk=
a8qNBA,,Q29zdHVtZSBDaGlnbm9uIChCcm93bik=,,,,,,,TW/DsW8gZGUgdHJhamUgKE1hcnLDs24p
bMqNBA,,Q29zdHVtZSBDaGlnbm9uIChQdXJwbGUp,,,,,,,Q29zdHVtZSBDaGlnbm9uIChNb3JhZG8p
bcqNBA,,Q29zdHVtZSBNaXlhYmkgRG9sbCBIYWly,,,,,,,RGlzZnJheiBNdcOxZWNhIE1peWFiaSBQZWxv
bsqNBA,,Q29zdHVtZSBLdXJ1cmlucGEgVGFpbHM=,,,,,,,VHJhamUgS3VydXJpbnBhIENvbGFz
b8qNBA,,Q29zdHVtZSBGbHVmZnkgU2VtaSBMb25n,,,,,,,RGlzZnJheiBGbHVmZnkgU2VtaSBMb25n
cMqNBA,,Q29zdHVtZSBUcmVlIFNwcm91dA==,,,,,,,RGlzZnJheiBCcm90ZSBkZSDDoXJib2w=
ccqNBA,,Q29zdHVtZSBSZWQgUmlkaW5nIEhvb2Q=,,,,,,,RGlzZnJheiBDYXBlcnVjaXRhIFJvamE=
csqNBA,,Q29zdHVtZSBPeHlnZW4gTWFzaw==,,,,,,,TcOhc2NhcmEgZGUgb3jDrWdlbm8gcGFyYSBkaXNmcmFjZXM=
c8qNBA,,Q29zdHVtZSBNZWRpdW0gV2F2ZSAoWWVsbG93KQ==,,,,,,,VHJhamUgT25kYSBNZWRpYSAoQW1hcmlsbG8p
dMqNBA,,Q29zdHVtZSBTd2VldHMgUGFydHk=,,,,,,,Rmllc3RhIGRlIGRpc2ZyYWNlcw==
dcqNBA,,Q29zdHVtZSBQaWFtZXR0ZSBEb2xsIEhhaXIgKFNpbHZlcik=,,,,,,,RGlzZnJheiBQaWFtZXR0ZSBQZWxvIGRlIE11w7FlY2EgKFBsYXRhKQ==
dsqNBA,,Q29zdHVtZSBTZXJhcGhpbSdzIEZlYXRoZXI=,,,,,,,VHJhamUgUGx1bWEgZGUgU2VyYWbDrW4=
d8qNBA,,Q29zdHVtZSBTaGloIFR6dSBIYWly,,,,,,,RGlzZnJheiBTaGloIFR6dSBQZWxv
eMqNBA,,Q29zdHVtZSBNb2IgU2NhcmY=,,,,,,,QnVmYW5kYSBDb3N0dW1lIE1vYg==
ecqNBA,,Q29zdHVtZSBIYWlyIFJpYmJvbiBXaWc=,,,,,,,UGVsdWNhIGRlIGNpbnRhIGRlIHBlbG8gcGFyYSBkaXNmcmFjZXM=
esqNBA,,Q29zdHVtZSBJY2UgVGFpbHM=,,,,,,,RGlzZnJhY2VzIENvbGFzIGRlIEhpZWxv
e8qNBA,,Q29zdHVtZSBTd2VldCBDb3JvbmV0,,,,,,,VHJhamUgU3dlZXQgQ29yb25ldA==
fMqNBA,,Q29zdHVtZSBCb3cgVGll,,,,,,,UGFqYXJpdGEgcGFyYSBkaXNmcmFjZXM=
fcqNBA,,Q29zdHVtZSBIb25leSBEb251dHM=,,,,,,,RGlzZnJhY2VzIERvbnV0cyBkZSBtaWVs
fsqNBA,,Q29zdHVtZSBMb25nIFR3aW4gQnJhaWRz,,,,,,,RGlzZnJheiBUcmVuemFzIEdlbWVsYXMgTGFyZ2Fz
f8qNBA,,Q29zdHVtZSBDaG9jbyBTdGljayBJbiBNb3V0aA==,,,,,,,RGlzZnJheiBDaG9jbyBTdGljayBJbiBNb3V0aA==
gMqNBA,,Q29zdHVtZSBHaG9zdCBCYXQoTG93ZXIp,,,,,,,RGlzZnJheiBGYW50YXNtYSBNdXJjacOpbGFnbyhJbmZlcmlvcik=
gcqNBA,,Q29zdHVtZSBJbm5lciBDb2xvciBMb25n,,,,,,,VHJhamUgSW50ZXJpb3IgQ29sb3IgTGFyZ28=
gsqNBA,,W0F2ZXIgRGUgRG9zaF0KV293fiBUaGlzIF4wMDAwRkZ7fV4wMDAwMDAhISEgbG9va3MgZ3JlYXQgb24geW91ISEKV2hhdCBraW5kIG9mIHN0b25lIGRvIHlvdSB3YW50IHRvIHVzZSBmb3IgdGhlIHVwZ3JhZGU/,,,,,,,W0F2ZXIgRGUgRG9zaF0KwqFHdWF1fiEgwqFUZSB2ZXMgbXV5IGJpZW4gY29uIGVzdGUgYWNjZXNvcmlvOiBeRkYwMDAwe31eMDAwMDAwIQrCv1F1w6kgdGlwbyBkZSBwaWVkcmEgcXVpZXJlcyB1c2FyIHBhcmEgbGEgbWVqb3JhPw==
g8qNBA,,UG93ZXIgU3RvbmUgKHt9KWxlZnQ=,,,,,,,UGllZHJhIGRlIHBvZGVyICh0aWVuZXMge30p
hMqNBA,,SW50ZWxsaWdlbnQgU3RvbmUgKHt9KWxlZnQ=,,,,,,,UGllZHJhIGRlIElOVCAodGllbmVzIHt9KQ==
hcqNBA,,QWdpbGl0eSBTdG9uZSAoe30pbGVmdA==,,,,,,,UGllZHJhIGRlIEFHSSAodGllbmVzIHt9KQ==
hsqNBA,,RGV4dGVyaXR5IFN0b25lICh7fSlsZWZ0,,,,,,,UGllZHJhIGRlIERFUyAodGllbmVzIHt9KQ==
h8qNBA,,Vml0YWxpdHkgU3RvbmUgKHt9KWxlZnQ=,,,,,,,UGllZHJhIGRlIFZJVCAodGllbmVzIHt9KQ==
iMqNBA,,THVja3kgU3RvbmUgKHt9KWxlZnQ=,,,,,,,UGllZHJhIGRlIFNVRSAodGllbmVzIHt9KQ==
icqNBA,,Q3JpdGljYWwgU3RvbmUgKHt9KWxlZnQ=,,,,,,,UGllZHJhIGRlIENSw41UICh0aWVuZXMge30p
isqNBA,,SGVhbCBTdG9uZSAoe30pbGVmdA==,,,,,,,UGllZHJhIGRlIGN1cmFjacOzbiAodGllbmVzIHt9KQ==
i8qNBA,,SGVhbCBTa2lsbCBTdG9uZSAoe30pbGVmdA==,,,,,,,UGllZHJhIGRlIGhhYmlsaWRhZCBkZSByZWN1cGVyYWNpw7NuICh0aWVuZXMge30p
jMqNBA,,QmlnIFN0b25lICh7fSlsZWZ0,,,,,,,UGllZHJhIGdyYW5kZSAodGllbmVzIHt9KQ==
jcqNBA,,TWVkaXVtIFN0b25lICh7fSlsZWZ0,,,,,,,UGllZHJhIG1lZGlhbmEgKHRpZW5lcyB7fSk=
jsqNBA,,U21hbGwgU3RvbmUgKHt9KWxlZnQ=,,,,,,,UGllZHJhIHBlcXVlw7FhICh0aWVuZXMge30p
j8qNBA,,QXRrIFN0b25lICh7fSlsZWZ0,,,,,,,UGllZHJhIGRlIEFUUSAodGllbmVzIHt9KQ==
kMqNBA,,TUF0ayBTdG9uZSAoe30pbGVmdA==,,,,,,,UGllZHJhIGRlIEFUUU0gKHRpZW5lcyB7fSk=
kcqNBA,,SFAgQWJzb3JwdGlvbiBTdG9uZShVcHBlcikgKHt9KWxlZnQ=,,,,,,,UGllZHJhIGRlIGFic29yY2nDs24gZGUgUFYgKHN1cGVyaW9yKSAodGllbmVzIHt9KQ==
ksqNBA,,U1AgQWJzb3JwdGlvbiBTdG9uZShVcHBlcikgKHt9KWxlZnQ=,,,,,,,UGllZHJhIGRlIGFic29yY2nDs24gZGUgUE0gKHN1cGVyaW9yKSAodGllbmVzIHt9KQ==
k8qNBA,,U3dpZnQgU3RvbmUgKFVwcGVyKSAoe30pbGVmdA==,,,,,,,UGllZHJhIGRlIFZFTEEgKHN1cGVyaW9yKSAodGllbmVzIHt9KQ==
lMqNBA,,UmVsb2FkIFN0b25lIChVcHBlcikgKHt9KWxlZnQ=,,,,,,,UGllZHJhIGRlIHJlY2FyZ2EgKHN1cGVyaW9yKSAodGllbmVzIHt9KQ==
lcqNBA,,VmFyaWFibGUgQ2FzdGluZyBTdG9uZShVcHBlcikgKHt9KWxlZnQ=,,,,,,,UGllZHJhIGRlIGxhbnphbWllbnRvIHZhcmlhYmxlIChzdXBlcmlvcikgKHRpZW5lcyB7fSk=
lsqNBA,,RXhwIFN0b25lKHVwcGVyKSAoe30pbGVmdA==,,,,,,,UGllZHJhIGRlIEVYUCAoc3VwZXJpb3IpICh0aWVuZXMge30p
l8qNBA,,Q3JpdGljYWwgU3RvbmUoVXBwZXIpICh7fSlsZWZ0,,,,,,,UGllZHJhIGRlIMOtbmRpY2UgY3LDrXRpY28gKHN1cGVyaW9yKSAodGllbmVzIHt9KQ==
mMqNBA,,Q2hhbXBpb24gU3RvbmUgKFVwcGVyKSAoe30pbGVmdA==,,,,,,,UGllZHJhIGRlbCBDYW1wZcOzbiAoc3VwZXJpb3IpICh0aWVuZXMge30p
mcqNBA,,U25pcGVyIFN0b25lIChVcHBlcikgKHt9KWxlZnQ=,,,,,,,UGllZHJhIGRlbCBGcmFuY290aXJhZG9yIChzdXBlcmlvcikgKHRpZW5lcyB7fSk=
msqNBA,,U2Nob2xhciBTdG9uZSAoVXBwZXIpICh7fSlsZWZ0,,,,,,,UGllZHJhIGRlbCBFcnVkaXRvIChzdXBlcmlvcikgKHRpZW5lcyB7fSk=
m8qNBA,,TG9yZCBLbmlnaHQgU3RvbmUoVXBwZXIpICh7fSlsZWZ0,,,,,,,UGllZHJhIGRlbCBMb3JkIENhYmFsbGVybyAoc3VwZXJpb3IpICh0aWVuZXMge30p
nMqNBA,,QmlvY2hlbWlzdCBTdG9uZShVcHBlcikgKHt9KWxlZnQ=,,,,,,,UGllZHJhIGRlbCBCaW9xdcOtbWljbyAoc3VwZXJpb3IpICh0aWVuZXMge30p
ncqNBA,,SGlnaCBXaXphcmQgU3RvbmUoVXBwZXIpICh7fSlsZWZ0,,,,,,,UGllZHJhIGRlbCBHcmFuIEhlY2hpY2VybyAoc3VwZXJpb3IpICh0aWVuZXMge30p
nsqNBA,,U3RhbGtlciBTdG9uZShVcHBlcikgKHt9KWxlZnQ=,,,,,,,UGllZHJhIGRlbCBQZXJzZWd1aWRvciAoc3VwZXJpb3IpICh0aWVuZXMge30p
n8qNBA,,TWFzdGVyc21pdGggU3RvbmUoVXBwZXIpICh7fSlsZWZ0,,,,,,,UGllZHJhIGRlbCBNYWVzdHJvIGhlcnJlcm8gKHN1cGVyaW9yKSAodGllbmVzIHt9KQ==
oMqNBA,,TWluc3RyZWwgR3lwc3kgU3RvbmUoVXBwZXIpICh7fSlsZWZ0,,,,,,,UGllZHJhIGRlbCBKdWdsYXIgbyBkZSBsYSBEaXZhIChzdXBlcmlvcikgKHRpZW5lcyB7fSk=
ocqNBA,,SGlnaCBQcmllc3QgU3RvbmUoVXBwZXIpICh7fSlsZWZ0,,,,,,,UGllZHJhIGRlbCBTdW1vIHNhY2VyZG90ZSAoc3VwZXJpb3IpICh0aWVuZXMge30p
osqNBA,,UGFsYWRpbiBTdG9uZShVcHBlcikgKHt9KWxlZnQ=,,,,,,,UGllZHJhIGRlbCBQYWxhZMOtbiAoc3VwZXJpb3IpICh0aWVuZXMge30p
o8qNBA,,QXNzYXNzaW4gQ3Jvc3MgU3RvbmUoVXBwZXIpICh7fSlsZWZ0,,,,,,,UGllZHJhIGRlbCBBc2VzaW5vIGNydXphZG8gKHN1cGVyaW9yKSAodGllbmVzIHt9KQ==
pMqNBA,,Q2hhbXBpb24gU3RvbmUgSUkoVXBwZXIpICh7fSlsZWZ0,,,,,,,UGllZHJhIGRlbCBDYW1wZcOzbiBJSSAoc3VwZXJpb3IpICh0aWVuZXMge30p
pcqNBA,,U2Nob2xhciBTdG9uZSBJSShVcHBlcikgKHt9KWxlZnQ=,,,,,,,UGllZHJhIGRlbCBFcnVkaXRvIElJIChzdXBlcmlvcikgKHRpZW5lcyB7fSk=
psqNBA,,U3RhbGtlciBTdG9uZSBJSShVcHBlcikgKHt9KWxlZnQ=,,,,,,,UGllZHJhIGRlbCBQZXJzZWd1aWRvciBJSSAoc3VwZXJpb3IpICh0aWVuZXMge30p
p8qNBA,,U291bCBMaW5rZXIgU3RvbmUoVXBwZXIpICh7fSlsZWZ0,,,,,,,UGllZHJhIGRlbCBWaW5jdWxhZG9yIGRlIGFsbWFzIChzdXBlcmlvcikgKHRpZW5lcyB7fSk=
qMqNBA,,VGFla3dvbiBNYXN0ZXIgU3RvbmUoVXBwZXIpICh7fSlsZWZ0,,,,,,,UGllZHJhIGRlbCBNYWVzdHJvIGRlIFRhZWt3b24gKHN1cGVyaW9yKSAodGllbmVzIHt9KQ==
qcqNBA,,TmluamEgU3RvbmUoVXBwZXIpICh7fSlsZWZ0,,,,,,,UGllZHJhIGRlbCBOaW5qYSAoc3VwZXJpb3IpICh0aWVuZXMge30p
qsqNBA,,R3Vuc2xpbmdlciBTdG9uZShVcHBlcikgKHt9KWxlZnQ=,,,,,,,UGllZHJhIGRlbCBQaXN0b2xlcm8gKHN1cGVyaW9yKSAodGllbmVzIHt9KQ==
q8qNBA,,RG9yYW0gU3RvbmUoVXBwZXIpICh7fSlsZWZ0,,,,,,,UGllZHJhIGRlbCBEb3JhbSAoc3VwZXJpb3IpICh0aWVuZXMge30p
rMqNBA,,U25pcGVyIFN0b25lIElJKFVwcGVyKSAoe30pbGVmdA==,,,,,,,UGllZHJhIGRlbCBGcmFuY290aXJhZG9yIElJIChzdXBlcmlvcikgKHRpZW5lcyB7fSk=
rcqNBA,,TWFzdGVyc21pdGggU3RvbmUgSUkoVXBwZXIpICh7fSlsZWZ0,,,,,,,UGllZHJhIGRlbCBNYWVzdHJvIGhlcnJlcm8gSUkgKHN1cGVyaW9yKSAodGllbmVzIHt9KQ==
rsqNBA,,SGlnaHByaWVzdCBTdG9uZSBJSShVcHBlcikgKHt9KWxlZnQ=,,,,,,,UGllZHJhIGRlbCBTdW1vIHNhY2VyZG90ZSBJSSAoc3VwZXJpb3IpICh0aWVuZXMge30p
r8qNBA,,SGlnaCBXaXphcmQgU3RvbmUgSUkoVXBwZXIpICh7fSlsZWZ0,,,,,,,UGllZHJhIGRlbCBHcmFuIGhlY2hpY2VybyBJSSAoc3VwZXJpb3IpICh0aWVuZXMge30p
sMqNBA,,UGFsYWRpbiBTdG9uZSBJSShVcHBlcikgKHt9KWxlZnQ=,,,,,,,UGllZHJhIGRlbCBQYWxhZMOtbiBJSSAoc3VwZXJpb3IpICh0aWVuZXMge30p
scqNBA,,QXNzYXNzaW4gQ3Jvc3MgU3RvbmUgSUkoVXBwZXIpICh7fSlsZWZ0,,,,,,,UGllZHJhIGRlbCBBc2VzaW5vIGNydXphZG8gSUkgKHN1cGVyaW9yKSAodGllbmVzIHt9KQ==
ssqNBA,,TG9yZCBLbmlnaHQgU3RvbmUgSUkoVXBwZXIpICh7fSlsZWZ0,,,,,,,UGllZHJhIGRlbCBMb3JkIENhYmFsbGVybyBJSSAoc3VwZXJpb3IpICh0aWVuZXMge30p
s8qNBA,,QmlvY2hlbWlzdCBTdG9uZSBJSShVcHBlcikgKHt9KWxlZnQ=,,,,,,,UGllZHJhIGRlbCBCaW9xdcOtbWljbyBJSSAoc3VwZXJpb3IpICh0aWVuZXMge30p
tMqNBA,,TWluc3RyZWwgR3lwc3kgU3RvbmUgSUkoVXBwZXIpICh7fSlsZWZ0,,,,,,,UGllZHJhIGRlbCBKdWdsYXIgbyBkZSBsYSBEaXZhIElJIChzdXBlcmlvcikgKHRpZW5lcyB7fSk=
tcqNBA,,UmFuZ2UgU3RvbmUoVXBwZXIpICh7fSlsZWZ0,,,,,,,UGllZHJhIGRlIGFsY2FuY2UgKHN1cGVyaW9yKSAodGllbmVzIHt9KQ==
tsqNBA,,TWVsZWUgU3RvbmUoVXBwZXIpICh7fSlsZWZ0,,,,,,,UGllZHJhIGRlIGRhw7FvIGN1ZXJwbyBhIGN1ZXJwbyAoc3VwZXJpb3IpICh0aWVuZXMge30p
t8qNBA,,TWFnaWMgUG93ZXIgU3RvbmUoVXBwZXIpICh7fSlsZWZ0,,,,,,,UGllZHJhIGRlIHBvZGVyIG3DoWdpY28gKHN1cGVyaW9yKSAodGllbmVzIHt9KQ==
uMqNBA,,UnVuZSBLbmlnaHQgU3RvbmUgKFVwcGVyKSAoe30pbGVmdA==,,,,,,,UGllZHJhIGRlbCBDYWJhbGxlcm8gcsO6bmljbyAoc3VwZXJpb3IpICh0aWVuZXMge30p
ucqNBA,,V2FybG9jayBTdG9uZSAoVXBwZXIpICh7fSlsZWZ0,,,,,,,UGllZHJhIGRlbCBCcnVqbyAoc3VwZXJpb3IpICh0aWVuZXMge30p
usqNBA,,Um95YWwgR3VhcmQgU3RvbmUgKFVwcGVyKSAoe30pbGVmdA==,,,,,,,UGllZHJhIGRlbCBHdWFyZGlhIHJlYWwgKHN1cGVyaW9yKSAodGllbmVzIHt9KQ==
u8qNBA,,V2FuZGVyZXIgTWFlc3RybyBTdG9uZSAoVXBwZXIpICh7fSlsZWZ0,,,,,,,UGllZHJhIGRlbCBNYWVzdHJvIHkgZGUgbGEgTsOzbWFkYSAoc3VwZXJpb3IpICh0aWVuZXMge30p
vMqNBA,,R2VuZXRpY2lzdCBTdG9uZSAoVXBwZXIpICh7fSlsZWZ0,,,,,,,UGllZHJhIGRlbCBHZW5ldGlzdGEgKHN1cGVyaW9yKSAodGllbmVzIHt9KQ==
vcqNBA,,U29yY2VyZXIgU3RvbmUgKFVwcGVyKSAoe30pbGVmdA==,,,,,,,UGllZHJhIGRlbCBDb25qdXJhZG9yIChzdXBlcmlvcikgKHRpZW5lcyB7fSk=
vsqNBA,,QXJjaGJpc2hvcCBTdG9uZSAoVXBwZXIpICh7fSlsZWZ0,,,,,,,UGllZHJhIGRlbCBBcnpvYmlzcG8gKHN1cGVyaW9yKSAodGllbmVzIHt9KQ==
v8qNBA,,UmFuZ2VyIFN0b25lIChVcHBlcikgKHt9KWxlZnQ=,,,,,,,UGllZHJhIGRlbCBFcnJhbnRlIChzdXBlcmlvcikgKHRpZW5lcyB7fSk=
wMqNBA,,U2hhZG93IENoYXNlciBTdG9uZSAoVXBwZXIpICh7fSlsZWZ0,,,,,,,UGllZHJhIGRlbCBQZXJzZWd1aWRvciBkZSBzb21icmFzIChzdXBlcmlvcikgKHRpZW5lcyB7fSk=
wcqNBA,,U3VyYSBTdG9uZSAoVXBwZXIpICh7fSlsZWZ0,,,,,,,UGllZHJhIGRlbCBTdXJhIChzdXBlcmlvcikgKHRpZW5lcyB7fSk=
wsqNBA,,TWVjaGFuaWMgU3RvbmUgKFVwcGVyKSAoe30pbGVmdA==,,,,,,,UGllZHJhIGRlbCBNZWPDoW5pY28gKHN1cGVyaW9yKSAodGllbmVzIHt9KQ==
w8qNBA,,R3VpbGxvdGluZSBDcm9zcyBTdG9uZSAoVXBwZXIpICh7fSlsZWZ0,,,,,,,UGllZHJhIGRlbCBDb3J0YWRvciBkZSBjcnVjZXMgKHN1cGVyaW9yKSAodGllbmVzIHt9KQ==
xMqNBA,,U3RhciBFbXBlcm9yIFN0b25lIChVcHBlcikgKHt9KWxlZnQ=,,,,,,,UGllZHJhIGRlbCBFbXBlcmFkb3IgZXN0ZWxhciAoc3VwZXJpb3IpICh0aWVuZXMge30p
xcqNBA,,UmViZWxsaW9uIFN0b25lIChVcHBlcikgKHt9KWxlZnQ=,,,,,,,UGllZHJhIGRlIGxhIHJlYmVsacOzbiAoc3VwZXJpb3IpICh0aWVuZXMge30p
xsqNBA,,U291bCBSZWFwZXIgU3RvbmUgKFVwcGVyKSAoe30pbGVmdA==,,,,,,,UGllZHJhIGRlbCBDb3NlY2hhZG9yIGRlIGFsbWFzIChzdXBlcmlvcikgKHRpZW5lcyB7fSk=
x8qNBA,,S2FnZXJvdSBTdG9uZSAoVXBwZXIpICh7fSlsZWZ0,,,,,,,UGllZHJhIGRlbCBLYWdlcm91IChzdXBlcmlvcikgKHRpZW5lcyB7fSk=
yMqNBA,,T2Jvcm8gU3RvbmUgKFVwcGVyKSAoe30pbGVmdA==,,,,,,,UGllZHJhIGRlIGxhIE9ib3JvIChzdXBlcmlvcikgKHRpZW5lcyB7fSk=
ycqNBA,,U3VtbW9uZXIgU3RvbmUgKFVwcGVyKSAoe30pbGVmdA==,,,,,,,UGllZHJhIGRlbCBJbnZvY2Fkb3IgKHN1cGVyaW9yKSAodGllbmVzIHt9KQ==
ysqNBA,,RGVmZW5zZSBTdG9uZSAoVXBwZXIpICh7fSlsZWZ0,,,,,,,UGllZHJhIGRlIGRlZmVuc2EgKHN1cGVyaW9yKSAodGllbmVzIHt9KQ==
y8qNBA,,U3VwZXIgTm92aWNlIFN0b25lIChVcHBlcikgKHt9KWxlZnQ=,,,,,,,UGllZHJhIGRlbCBTdXBlcnByaW5jaXBpYW50ZSAoc3VwZXJpb3IpICh0aWVuZXMge30p
zMqNBA,,XkZGMDAwMCAgICBDYXV0aW9uIF4wMDAwMDAKXkZGMDAwMFRoaXMgdXBncmFkZSBjYW4gYmUgZmFpbGVkLl4wMDAwMDAKXkZGMDAwMElmIHRoZSBpdGVtIGFscmVhZHkgaGFzIGV4dHJhIGFiaWxpdHksIHdlIHdpbGwgcmVzZXQgaXRlbSdzIGFiaWxpdHkgYW5kIGdpdmUgU1RSKzEgb25seS5eMDAwMDAwCl5GRjAwMDBBcmUgeW91IHN1cmUgYWJvdXQgdXBncmFkaW5nIHRoaXMgaXRlbT9eMDAwMDAw,,,,,,,XjY2MDAwMEF0ZW5jacOzbjogXjAwMDAwMApeNjYwMDAwRXN0YSBtZWpvcmEgcHVlZGUgZmFsbGFyLl4wMDAwMDAKXjY2MDAwMFNpIGVsIG9iamV0byB5YSB0aWVuZSB1bmEgaGFiaWxpZGFkIGV4dHJhLCByZXN0YWJsZWNlcmVtb3MgbGEgaGFiaWxpZGFkIGRlbCBvYmpldG8geSBzb2xvIGxlIGRhcmVtb3MgRlVFKzEuXjAwMDAwMApeNjYwMDAwwr9TZWd1cm8gcXVlIHF1aWVyZXMgbWVqb3JhciBlc3RlIG9iamV0bz9eMDAwMDAw
zcqNBA,,WWVzLg==,,,,,,,U8OtLg==
zsqNBA,,Tm8u,,,,,,,Tm8u
z8qNBA,,W0F2ZXIgRGUgRG9zaF0KV293Li4uIEVsZWdhbmNlISEKVGhpcyBpcyBwZXJmZWN0Li4uIFdvdw==,,,,,,,W0F2ZXIgRGUgRG9zaF0KR3VhdeKApiDCoVF1w6kgZWxlZ2FuY2lhIQpFc3RvIGVzIHBlcmZlY3Rv4oCmIFZheWHigKY=
0MqNBA,,W0F2ZXIgRGUgRG9zaF0KSGlzdG9yeSBpcyBrbm93biBmb3IgaXRzIGZhaWx1cmUuLi4KSGlzdG9yeSBvZiBGYXNoaW9uIGFsc28gaXMuLi4KU29ycnkuLi50byBkaXNhcHBvaW50IHlvdS4ufiBMb0wu,,,,,,,W0F2ZXIgRGUgRG9zaF0KTGEgaGlzdG9yaWEgZXMgY29ub2NpZGEgcG9yIHN1cyBmcmFjYXNvc+KApgpMYSBoaXN0b3JpYSBkZSBsYSBtb2RhIHRhbWJpw6lu4oCmClNpZW50b+KApiBkZWNlcGNpb25hcnRlfuKApiBKYSwgamEsIGphLg==
0cqNBA,,W0F2ZXIgRGUgRG9zaF0KV2UgaGF2ZSBvdGhlciBzZXJ2aWNlcywgcGxlYXNlIGxvb2sgbW9yZX4=,,,,,,,W0F2ZXIgRGUgRG9zaF0KUHVlZGVzIHZlciBudWVzdHJvcyBvdHJvcyBzZXJ2aWNpb3N+Lg==
0sqNBA,,W0F2ZXIgRGUgRG9zaF0KSG1tPyBUaGluayB5b3UgYXJlIGxhY2sgb2YgaW5ncmVkaWVudHMuCllvdSBtdXN0IGhhdmUgYm90aCBjb3N0dW1lIGl0ZW0gYW5kIGFiaWxpdHkgc3RvbmUgZm9yIHRoaXMgdXBncmFkaW5nIHdvcmsu,,,,,,,W0F2ZXIgRGUgRG9zaF0Kwr9NbW0/IFBpZW5zYSBxdWUgdGUgZmFsdGFuIGluZ3JlZGllbnRlcy4KRGViZXMgdGVuZXIgZWwgb2JqZXRvIGRlY29yYXRpdm8geSBsYSBwaWVkcmEgZGUgaGFiaWxpZGFkIHBhcmEgaGFjZXIgZXN0YSBtZWpvcmEu
08qNBA,,XkZGMDAwMCAgICBDYXV0aW9uIF4wMDAwMDAKXkZGMDAwMFRoaXMgdXBncmFkZSBjYW4gYmUgZmFpbGVkLl4wMDAwMDAKXkZGMDAwMElmIHRoZSBpdGVtIGFscmVhZHkgaGFzIGV4dHJhIGFiaWxpdHksIHdlIHdpbGwgcmVzZXQgaXRlbSdzIGFiaWxpdHkgYW5kIGdpdmUgSU5UKzEgb25seS5eMDAwMDAwCl5GRjAwMDBBcmUgeW91IHN1cmUgYWJvdXQgdXBncmFkaW5nIHRoaXMgaXRlbT9eMDAwMDAw,,,,,,,XjY2MDAwMEF0ZW5jacOzbjogXjAwMDAwMApeNjYwMDAwRXN0YSBtZWpvcmEgcHVlZGUgZmFsbGFyLl4wMDAwMDAKXjY2MDAwMFNpIGVsIG9iamV0byB5YSB0aWVuZSB1bmEgaGFiaWxpZGFkIGV4dHJhLCByZXN0YWJsZWNlcmVtb3MgbGEgaGFiaWxpZGFkIGRlbCBvYmpldG8geSBzb2xvIGxlIGRhcmVtb3MgSU5UKzEuXjAwMDAwMApeNjYwMDAwwr9TZWd1cm8gcXVlIHF1aWVyZXMgbWVqb3JhciBlc3RlIG9iamV0bz9eMDAwMDAw
1MqNBA,,XkZGMDAwMCAgICBDYXV0aW9uIF4wMDAwMDAKXkZGMDAwMFRoaXMgdXBncmFkZSBjYW4gYmUgZmFpbGVkLl4wMDAwMDAKXkZGMDAwMElmIHRoZSBpdGVtIGFscmVhZHkgaGFzIGV4dHJhIGFiaWxpdHksIHdlIHdpbGwgcmVzZXQgaXRlbSdzIGFiaWxpdHkgYW5kIGdpdmUgQUdJKzEgb25seS5eMDAwMDAwCl5GRjAwMDBBcmUgeW91IHN1cmUgYWJvdXQgdXBncmFkaW5nIHRoaXMgaXRlbT9eMDAwMDAw,,,,,,,XjY2MDAwMEF0ZW5jacOzbjogXjAwMDAwMApeNjYwMDAwRXN0YSBtZWpvcmEgcHVlZGUgZmFsbGFyLl4wMDAwMDAKXjY2MDAwMFNpIGVsIG9iamV0byB5YSB0aWVuZSB1bmEgaGFiaWxpZGFkIGV4dHJhLCByZXN0YWJsZWNlcmVtb3MgbGEgaGFiaWxpZGFkIGRlbCBvYmpldG8geSBzb2xvIGxlIGRhcmVtb3MgQUdJKzEuXjAwMDAwMApeNjYwMDAwwr9TZWd1cm8gcXVlIHF1aWVyZXMgbWVqb3JhciBlc3RlIG9iamV0bz9eMDAwMDAw
1cqNBA,,XkZGMDAwMCAgICBDYXV0aW9uIF4wMDAwMDAKXkZGMDAwMFRoaXMgdXBncmFkZSBjYW4gYmUgZmFpbGVkLl4wMDAwMDAKXkZGMDAwMElmIHRoZSBpdGVtIGFscmVhZHkgaGFzIGV4dHJhIGFiaWxpdHksIHdlIHdpbGwgcmVzZXQgaXRlbSdzIGFiaWxpdHkgYW5kIGdpdmUgREVYKzEgb25seS5eMDAwMDAwCl5GRjAwMDBBcmUgeW91IHN1cmUgYWJvdXQgdXBncmFkaW5nIHRoaXMgaXRlbT9eMDAwMDAw,,,,,,,XjY2MDAwMEF0ZW5jacOzbjogXjAwMDAwMApeNjYwMDAwRXN0YSBtZWpvcmEgcHVlZGUgZmFsbGFyLl4wMDAwMDAKXjY2MDAwMFNpIGVsIG9iamV0byB5YSB0aWVuZSB1bmEgaGFiaWxpZGFkIGV4dHJhLCByZXN0YWJsZWNlcmVtb3MgbGEgaGFiaWxpZGFkIGRlbCBvYmpldG8geSBzb2xvIGxlIGRhcmVtb3MgREVTKzEuXjAwMDAwMApeNjYwMDAwwr9TZWd1cm8gcXVlIHF1aWVyZXMgbWVqb3JhciBlc3RlIG9iamV0bz9eMDAwMDAw
1sqNBA,,XkZGMDAwMCAgICBDYXV0aW9uIF4wMDAwMDAKXkZGMDAwMFRoaXMgdXBncmFkZSBjYW4gYmUgZmFpbGVkLl4wMDAwMDAKXkZGMDAwMElmIHRoZSBpdGVtIGFscmVhZHkgaGFzIGV4dHJhIGFiaWxpdHksIHdlIHdpbGwgcmVzZXQgaXRlbSdzIGFiaWxpdHkgYW5kIGdpdmUgVklUKzEgb25seS5eMDAwMDAwCl5GRjAwMDBBcmUgeW91IHN1cmUgYWJvdXQgdXBncmFkaW5nIHRoaXMgaXRlbT9eMDAwMDAw,,,,,,,XjY2MDAwMEF0ZW5jacOzbjogXjAwMDAwMApeNjYwMDAwRXN0YSBtZWpvcmEgcHVlZGUgZmFsbGFyLl4wMDAwMDAKXjY2MDAwMFNpIGVsIG9iamV0byB5YSB0aWVuZSB1bmEgaGFiaWxpZGFkIGV4dHJhLCByZXN0YWJsZWNlcmVtb3MgbGEgaGFiaWxpZGFkIGRlbCBvYmpldG8geSBzb2xvIGxlIGRhcmVtb3MgVklUKzEuXjAwMDAwMApeNjYwMDAwwr9TZWd1cm8gcXVlIHF1aWVyZXMgbWVqb3JhciBlc3RlIG9iamV0bz9eMDAwMDAw
18qNBA,,XkZGMDAwMCAgICBDYXV0aW9uIF4wMDAwMDAKXkZGMDAwMFRoaXMgdXBncmFkZSBjYW4gYmUgZmFpbGVkLl4wMDAwMDAKXkZGMDAwMElmIHRoZSBpdGVtIGFscmVhZHkgaGFzIGV4dHJhIGFiaWxpdHksIHdlIHdpbGwgcmVzZXQgaXRlbSdzIGFiaWxpdHkgYW5kIGdpdmUgTFVLKzEgb25seS5eMDAwMDAwCl5GRjAwMDBBcmUgeW91IHN1cmUgYWJvdXQgdXBncmFkaW5nIHRoaXMgaXRlbT9eMDAwMDAw,,,,,,,XjY2MDAwMEF0ZW5jacOzbjogXjAwMDAwMApeNjYwMDAwRXN0YSBtZWpvcmEgcHVlZGUgZmFsbGFyLl4wMDAwMDAKXjY2MDAwMFNpIGVsIG9iamV0byB5YSB0aWVuZSB1bmEgaGFiaWxpZGFkIGV4dHJhLCByZXN0YWJsZWNlcmVtb3MgbGEgaGFiaWxpZGFkIGRlbCBvYmpldG8geSBzb2xvIGxlIGRhcmVtb3MgU1VFKzEuXjAwMDAwMApeNjYwMDAwwr9TZWd1cm8gcXVlIHF1aWVyZXMgbWVqb3JhciBlc3RlIG9iamV0bz9eMDAwMDAw
2MqNBA,,XkZGMDAwMCAgICBDYXV0aW9uIF4wMDAwMDAKXkZGMDAwMFRoaXMgdXBncmFkZSBjYW4gYmUgZmFpbGVkLl4wMDAwMDAKXkZGMDAwMElmIHRoZSBpdGVtIGFscmVhZHkgaGFzIGV4dHJhIGFiaWxpdHksIHdlIHdpbGwgcmVzZXQgaXRlbSdzIGFiaWxpdHkgYW5kIGdpdmUgQ1JJICsxIG9ubHkuXjAwMDAwMApeRkYwMDAwQXJlIHlvdSBzdXJlIGFib3V0IHVwZ3JhZGluZyB0aGlzIGl0ZW0/XjAwMDAwMA==,,,,,,,XjY2MDAwMEF0ZW5jacOzbjogXjAwMDAwMApeNjYwMDAwRXN0YSBtZWpvcmEgcHVlZGUgZmFsbGFyLl4wMDAwMDAKXjY2MDAwMFNpIGVsIG9iamV0byB5YSB0aWVuZSB1bmEgaGFiaWxpZGFkIGV4dHJhLCByZXN0YWJsZWNlcmVtb3MgbGEgaGFiaWxpZGFkIGRlbCBvYmpldG8geSBzb2xvIGxlIGRhcmVtb3MgQ1LDjVQrMS5eMDAwMDAwCl42NjAwMDDCv1NlZ3VybyBxdWUgcXVpZXJlcyBtZWpvcmFyIGVzdGUgb2JqZXRvP14wMDAwMDA=
2cqNBA,,XkZGMDAwMCAgICBDYXV0aW9uIF4wMDAwMDAKXkZGMDAwMFRoaXMgdXBncmFkZSBjYW4gYmUgZmFpbGVkLl4wMDAwMDAKXkZGMDAwMElmIHRoZSBpdGVtIGFscmVhZHkgaGFzIGV4dHJhIGFiaWxpdHksIHdlIHdpbGwgcmVzZXQgaXRlbSdzIGFiaWxpdHkgYW5kIGdpdmUgKzIlIEhQIHJlY292ZXIgZWZmZWN0Ll4wMDAwMDAKXkZGMDAwMEFyZSB5b3Ugc3VyZSBhYm91dCB1cGdyYWRpbmcgdGhpcyBpdGVtP14wMDAwMDA=,,,,,,,XjY2MDAwMEF0ZW5jacOzbjogXjAwMDAwMApeNjYwMDAwRXN0YSBtZWpvcmEgcHVlZGUgZmFsbGFyLl4wMDAwMDAKXjY2MDAwMFNpIGVsIG9iamV0byB5YSB0aWVuZSB1bmEgaGFiaWxpZGFkIGV4dHJhLCByZXN0YWJsZWNlcmVtb3MgbGEgaGFiaWxpZGFkIGRlbCBvYmpldG8geSBsZSBkYXJlbW9zIHVuIGVmZWN0byBkZSByZWN1cGVyYWNpw7NuIGRlIFBWICsyJS5eMDAwMDAwCl42NjAwMDDCv1NlZ3VybyBxdWUgcXVpZXJlcyBtZWpvcmFyIGVzdGUgb2JqZXRvP14wMDAwMDA=
2sqNBA,,XkZGMDAwMCAgICBDYXV0aW9uIF4wMDAwMDAKXkZGMDAwMFRoaXMgdXBncmFkZSBjYW4gYmUgZmFpbGVkLl4wMDAwMDAKXkZGMDAwMElmIHRoZSBpdGVtIGFscmVhZHkgaGFzIGV4dHJhIGFiaWxpdHksIHdlIHdpbGwgcmVzZXQgaXRlbSdzIGFiaWxpdHkgYW5kIGluY3JlYXNlIHJlY292ZXJ5IHNraWxscyBlZmZlY3QgZm9yIDMlLl4wMDAwMDAKXkZGMDAwMEFyZSB5b3Ugc3VyZSBhYm91dCB1cGdyYWRpbmcgdGhpcyBpdGVtP14wMDAwMDA=,,,,,,,XjY2MDAwMEF0ZW5jacOzbjogXjAwMDAwMApeNjYwMDAwRXN0YSBtZWpvcmEgcHVlZGUgZmFsbGFyLl4wMDAwMDAKXjY2MDAwMFNpIGVsIG9iamV0byB5YSB0aWVuZSB1bmEgaGFiaWxpZGFkIGV4dHJhLCByZXN0YWJsZWNlcmVtb3MgbGEgaGFiaWxpZGFkIGRlbCBvYmpldG8geSBhdW1lbnRhcmVtb3MgZWwgZWZlY3RvIGRlIGxhcyBoYWJpbGlkYWRlcyBkZSByZWN1cGVyYWNpw7NuIGVuIHVuIDMlLl4wMDAwMDAKXjY2MDAwMMK/U2VndXJvIHF1ZSBxdWllcmVzIG1lam9yYXIgZXN0ZSBvYmpldG8/XjAwMDAwMA==
28qNBA,,XkZGMDAwMCAgICBDYXV0aW9uIF4wMDAwMDAKXkZGMDAwMFRoaXMgdXBncmFkZSBjYW4gYmUgZmFpbGVkLl4wMDAwMDAKXkZGMDAwMElmIHRoZSBpdGVtIGFscmVhZHkgaGFzIGV4dHJhIGFiaWxpdHksIHdlIHdpbGwgcmVzZXQgaXRlbSdzIGFiaWxpdHkgYW5kIGdpdmUgMSUgZXh0cmEgZGFtYWdlIGVmZmVjdCB3aGVuIGZpZ2h0aW5nIEdpYW50IG1vbnN0ZXJzLl4wMDAwMDAKXkZGMDAwMEFyZSB5b3Ugc3VyZSBhYm91dCB1cGdyYWRpbmcgdGhpcyBpdGVtP14wMDAwMDA=,,,,,,,XjY2MDAwMEF0ZW5jacOzbjogXjAwMDAwMApeNjYwMDAwRXN0YSBtZWpvcmEgcHVlZGUgZmFsbGFyLl4wMDAwMDAKXjY2MDAwMFNpIGVsIG9iamV0byB5YSB0aWVuZSB1bmEgaGFiaWxpZGFkIGV4dHJhLCByZXN0YWJsZWNlcmVtb3MgbGEgaGFiaWxpZGFkIGRlbCBvYmpldG8geSBsZSBkYXJlbW9zIHVuIGVmZWN0byBkZSBkYcOxbyBleHRyYSBkZWwgMSUgYWwgbHVjaGFyIGNvbnRyYSBtb25zdHJ1b3MgZ3JhbmRlcy5eMDAwMDAwCl42NjAwMDDCv1NlZ3VybyBxdWUgcXVpZXJlcyBtZWpvcmFyIGVzdGUgb2JqZXRvP14wMDAwMDA=
3MqNBA,,XkZGMDAwMCAgICBDYXV0aW9uIF4wMDAwMDAKXkZGMDAwMFRoaXMgdXBncmFkZSBjYW4gYmUgZmFpbGVkLl4wMDAwMDAKXkZGMDAwMElmIHRoZSBpdGVtIGFscmVhZHkgaGFzIGV4dHJhIGFiaWxpdHksIHdlIHdpbGwgcmVzZXQgaXRlbSdzIGFiaWxpdHkgYW5kIGdpdmUgMSUgZXh0cmEgZGFtYWdlIGVmZmVjdCB3aGVuIGZpZ2h0aW5nIG1lZGl1bSBtb25zdGVycy5eMDAwMDAwCl5GRjAwMDBBcmUgeW91IHN1cmUgYWJvdXQgdXBncmFkaW5nIHRoaXMgaXRlbT9eMDAwMDAw,,,,,,,XjY2MDAwMEF0ZW5jacOzbjogXjAwMDAwMApeNjYwMDAwRXN0YSBtZWpvcmEgcHVlZGUgZmFsbGFyLl4wMDAwMDAKXjY2MDAwMFNpIGVsIG9iamV0byB5YSB0aWVuZSB1bmEgaGFiaWxpZGFkIGV4dHJhLCByZXN0YWJsZWNlcmVtb3MgbGEgaGFiaWxpZGFkIGRlbCBvYmpldG8geSBsZSBkYXJlbW9zIHVuIGVmZWN0byBkZSBkYcOxbyBleHRyYSBkZWwgMSUgYWwgbHVjaGFyIGNvbnRyYSBtb25zdHJ1b3MgbWVkaWFub3MuXjAwMDAwMApeNjYwMDAwwr9TZWd1cm8gcXVlIHF1aWVyZXMgbWVqb3JhciBlc3RlIG9iamV0bz9eMDAwMDAw
3cqNBA,,XkZGMDAwMCAgICBDYXV0aW9uIF4wMDAwMDAKXkZGMDAwMFRoaXMgdXBncmFkZSBjYW4gYmUgZmFpbGVkLl4wMDAwMDAKXkZGMDAwMElmIHRoZSBpdGVtIGFscmVhZHkgaGFzIGV4dHJhIGFiaWxpdHksIHdlIHdpbGwgcmVzZXQgaXRlbSdzIGFiaWxpdHkgYW5kIGdpdmUgMSUgZXh0cmEgZGFtYWdlIGVmZmVjdCB3aGVuIGZpZ2h0aW5nIHNtYWxsIG1vbnN0ZXJzLl4wMDAwMDAKXkZGMDAwMEFyZSB5b3Ugc3VyZSBhYm91dCB1cGdyYWRpbmcgdGhpcyBpdGVtP14wMDAwMDA=,,,,,,,XjY2MDAwMEF0ZW5jacOzbjogXjAwMDAwMApeNjYwMDAwRXN0YSBtZWpvcmEgcHVlZGUgZmFsbGFyLl4wMDAwMDAKXjY2MDAwMFNpIGVsIG9iamV0byB5YSB0aWVuZSB1bmEgaGFiaWxpZGFkIGV4dHJhLCByZXN0YWJsZWNlcmVtb3MgbGEgaGFiaWxpZGFkIGRlbCBvYmpldG8geSBsZSBkYXJlbW9zIHVuIGVmZWN0byBkZSBkYcOxbyBleHRyYSBkZWwgMSUgYWwgbHVjaGFyIGNvbnRyYSBtb25zdHJ1b3MgcGVxdWXDsW9zLl4wMDAwMDAKXjY2MDAwMMK/U2VndXJvIHF1ZSBxdWllcmVzIG1lam9yYXIgZXN0ZSBvYmpldG8/XjAwMDAwMA==
3sqNBA,,XkZGMDAwMCAgICBDYXV0aW9uIF4wMDAwMDAKXkZGMDAwMFRoaXMgdXBncmFkZSBjYW4gYmUgZmFpbGVkLl4wMDAwMDAKXkZGMDAwMElmIHRoZSBpdGVtIGFscmVhZHkgaGFzIGV4dHJhIGFiaWxpdHksIHdlIHdpbGwgcmVzZXQgaXRlbSdzIGFiaWxpdHkgYW5kIGdpdmUgJ0FUSyArIDElJ29ubHkuXjAwMDAwMApeRkYwMDAwQXJlIHlvdSBzdXJlIGFib3V0IHVwZ3JhZGluZyB0aGlzIGl0ZW0/XjAwMDAwMA==,,,,,,,XjY2MDAwMEF0ZW5jacOzbjogXjAwMDAwMApeNjYwMDAwRXN0YSBtZWpvcmEgcHVlZGUgZmFsbGFyLl4wMDAwMDAKXjY2MDAwMFNpIGVsIG9iamV0byB5YSB0aWVuZSB1bmEgaGFiaWxpZGFkIGV4dHJhLCByZXN0YWJsZWNlcmVtb3MgbGEgaGFiaWxpZGFkIGRlbCBvYmpldG8geSBzb2xvIGxlIGRhcmVtb3MgQVRRKzElLl4wMDAwMDAKXjY2MDAwMMK/U2VndXJvIHF1ZSBxdWllcmVzIG1lam9yYXIgZXN0ZSBvYmpldG8/XjAwMDAwMA==
38qNBA,,W0F2ZXIgRGUgRG9zaF0KSGlzdG9yeSBpcyBrbm93biBmb3IgaXRzIGZhaWx1cmUuLi4KSGlzdG9yeSBvZiBGYXNoaW9uIGFsc28gaXMgLi4uClNvcnJ5Li4udG8gZGlzYXBwb2ludCB5b3UuLn4gTG9MLg==,,,,,,,W0F2ZXIgRGUgRG9zaF0KTGEgaGlzdG9yaWEgZXMgY29ub2NpZGEgcG9yIHN1cyBmcmFjYXNvc+KApgpMYSBoaXN0b3JpYSBkZSBsYSBtb2RhIHRhbWJpw6lu4oCmClNpZW50b+KApiBkZWNlcGNpb25hcnRlfuKApiBKYSwgamEsIGphLg==
4MqNBA,,XkZGMDAwMCAgICBDYXV0aW9uIF4wMDAwMDAKXkZGMDAwMFRoaXMgdXBncmFkZSBjYW4gYmUgZmFpbGVkLl4wMDAwMDAKXkZGMDAwMElmIHRoZSBpdGVtIGFscmVhZHkgaGFzIGV4dHJhIGFiaWxpdHksIHdlIHdpbGwgcmVzZXQgaXRlbSdzIGFiaWxpdHkgYW5kIGdpdmUgJ01BVEsgKyAxJSdvbmx5Ll4wMDAwMDAKXkZGMDAwMEFyZSB5b3Ugc3VyZSBhYm91dCB1cGdyYWRpbmcgdGhpcyBpdGVtP14wMDAwMDA=,,,,,,,XjY2MDAwMEF0ZW5jacOzbjogXjAwMDAwMApeNjYwMDAwRXN0YSBtZWpvcmEgcHVlZGUgZmFsbGFyLl4wMDAwMDAKXjY2MDAwMFNpIGVsIG9iamV0byB5YSB0aWVuZSB1bmEgaGFiaWxpZGFkIGV4dHJhLCByZXN0YWJsZWNlcmVtb3MgbGEgaGFiaWxpZGFkIGRlbCBvYmpldG8geSBzb2xvIGxlIGRhcmVtb3MgQVRRTSsxJS5eMDAwMDAwCl42NjAwMDDCv1NlZ3VybyBxdWUgcXVpZXJlcyBtZWpvcmFyIGVzdGUgb2JqZXRvP14wMDAwMDA=
4cqNBA,,XkZGMDAwMCAgICBDYXV0aW9uIF4wMDAwMDAKXkZGMDAwMFRoaXMgdXBncmFkZSBjYW4gYmUgZmFpbGVkLl4wMDAwMDAKXkZGMDAwMElmIHRoZSBpdGVtIGFscmVhZHkgaGFzIGV4dHJhIGFiaWxpdHksIHdlIHdpbGwgcmVzZXQgaXRlbSdzIGFiaWxpdHkgYW5kIGdpdmUgJ0Fic29yYiAzJSBvZiBkYW1hZ2UgZGVhbHQgdG8gZW5lbXkgaW50byBIUCB3aXRoIDElIGNoYW5jZScuXjAwMDAwMApeRkYwMDAwQXJlIHlvdSBzdXJlIGFib3V0IHVwZ3JhZGluZyB0aGlzIGl0ZW0/XjAwMDAwMA==,,,,,,,XjY2MDAwMEF0ZW5jacOzbjogXjAwMDAwMApeNjYwMDAwRXN0YSBtZWpvcmEgcHVlZGUgZmFsbGFyLl4wMDAwMDAKXjY2MDAwMFNpIGVsIG9iamV0byB5YSB0aWVuZSB1bmEgaGFiaWxpZGFkIGV4dHJhLCByZXN0YWJsZWNlcmVtb3MgbGEgaGFiaWxpZGFkIGRlbCBvYmpldG8geSBsZSBkYXJlbW9zIHVuIDElIGRlIHByb2JhYmlsaWRhZCBkZSBhYnNvcmJlciB1biAzJSBkZWwgZGHDsW8gaW5mbGlnaWRvIGFsIGVuZW1pZ28geSBjb252ZXJ0aXJsbyBlbiBQVi5eMDAwMDAwCl42NjAwMDDCv1NlZ3VybyBxdWUgcXVpZXJlcyBtZWpvcmFyIGVzdGUgb2JqZXRvP14wMDAwMDA=
4sqNBA,,XkZGMDAwMCAgICBDYXV0aW9uIF4wMDAwMDAKXkZGMDAwMFRoaXMgdXBncmFkZSBjYW4gYmUgZmFpbGVkLl4wMDAwMDAKXkZGMDAwMElmIHRoZSBpdGVtIGFscmVhZHkgaGFzIGV4dHJhIGFiaWxpdHksIHdlIHdpbGwgcmVzZXQgaXRlbSdzIGFiaWxpdHkgYW5kIGdpdmUgJ0FkZHMgYSAxJSBjaGFuY2Ugb2YgcmVzdG9yaW5nIDElIG9mIGRhbWFnZSBhcyBTUCB3aGVuIHBlcmZvcm1pbmcgYSBwaHlzaWNhbCBhdHRhY2snLl4wMDAwMDAKXkZGMDAwMEFyZSB5b3Ugc3VyZSBhYm91dCB1cGdyYWRpbmcgdGhpcyBpdGVtP14wMDAwMDA=,,,,,,,XjY2MDAwMEF0ZW5jacOzbjogXjAwMDAwMApeNjYwMDAwRXN0YSBtZWpvcmEgcHVlZGUgZmFsbGFyLl4wMDAwMDAKXjY2MDAwMFNpIGVsIG9iamV0byB5YSB0aWVuZSB1bmEgaGFiaWxpZGFkIGV4dHJhLCByZXN0YWJsZWNlcmVtb3MgbGEgaGFiaWxpZGFkIGRlbCBvYmpldG8geSBsZSBkYXJlbW9zIGxhIHBvc2liaWxpZGFkIGRlIGFncmVnYXIgdW4gMSUgZGUgcHJvYmFiaWxpZGFkIGRlIHJlc3RhdXJhciB1biAxJSBkZWwgZGHDsW8gZW4gZm9ybWEgZGUgUE0gYWwgcmVhbGl6YXIgdW4gYXRhcXVlIGbDrXNpY28uXjAwMDAwMApeNjYwMDAwwr9TZWd1cm8gcXVlIHF1aWVyZXMgbWVqb3JhciBlc3RlIG9iamV0bz9eMDAwMDAw
48qNBA,,XkZGMDAwMCAgICBDYXV0aW9uIF4wMDAwMDAKXkZGMDAwMFRoaXMgdXBncmFkZSBjYW4gYmUgZmFpbGVkLl4wMDAwMDAKXkZGMDAwMElmIHRoZSBpdGVtIGFscmVhZHkgaGFzIGV4dHJhIGFiaWxpdHksIHdlIHdpbGwgcmVzZXQgaXRlbSdzIGFiaWxpdHkgYW5kIGdpdmUgJ0FTUEQgKyAxJy5eMDAwMDAwCl5GRjAwMDBBcmUgeW91IHN1cmUgYWJvdXQgdXBncmFkaW5nIHRoaXMgaXRlbT9eMDAwMDAw,,,,,,,XjY2MDAwMEF0ZW5jacOzbjogXjAwMDAwMApeNjYwMDAwRXN0YSBtZWpvcmEgcHVlZGUgZmFsbGFyLl4wMDAwMDAKXjY2MDAwMFNpIGVsIG9iamV0byB5YSB0aWVuZSB1bmEgaGFiaWxpZGFkIGV4dHJhLCByZXN0YWJsZWNlcmVtb3MgbGEgaGFiaWxpZGFkIGRlbCBvYmpldG8geSBsZSBkYXJlbW9zIFZFTEErMS5eMDAwMDAwCl42NjAwMDDCv1NlZ3VybyBxdWUgcXVpZXJlcyBtZWpvcmFyIGVzdGUgb2JqZXRvP14wMDAwMDA=
5MqNBA,,XkZGMDAwMCAgICBDYXV0aW9uIF4wMDAwMDAKXkZGMDAwMFRoaXMgdXBncmFkZSBjYW4gYmUgZmFpbGVkLl4wMDAwMDAKXkZGMDAwMElmIHRoZSBpdGVtIGFscmVhZHkgaGFzIGV4dHJhIGFiaWxpdHksIHdlIHdpbGwgcmVzZXQgaXRlbSdzIGFiaWxpdHkgYW5kIGdpdmUgJ0RlY3JlYXNlcyBkZWxheSBhZnRlciBza2lsbCBieSAxJScuXjAwMDAwMApeRkYwMDAwQXJlIHlvdSBzdXJlIGFib3V0IHVwZ3JhZGluZyB0aGlzIGl0ZW0/XjAwMDAwMA==,,,,,,,XjY2MDAwMEF0ZW5jacOzbjogXjAwMDAwMApeNjYwMDAwRXN0YSBtZWpvcmEgcHVlZGUgZmFsbGFyLl4wMDAwMDAKXjY2MDAwMFNpIGVsIG9iamV0byB5YSB0aWVuZSB1bmEgaGFiaWxpZGFkIGV4dHJhLCByZXN0YWJsZWNlcmVtb3MgbGEgaGFiaWxpZGFkIGRlbCBvYmpldG8geSBsZSBkYXJlbW9zIGxhIHBvc2liaWxpZGFkIGRlIGRpc21pbnVpciBlbCByZXRyYXNvIHRyYXMgZWwgYXRhcXVlIGVuIHVuIDElLl4wMDAwMDAKXjY2MDAwMMK/U2VndXJvIHF1ZSBxdWllcmVzIG1lam9yYXIgZXN0ZSBvYmpldG8/XjAwMDAwMA==
5cqNBA,,XkZGMDAwMCAgICBDYXV0aW9uIF4wMDAwMDAKXkZGMDAwMFRoaXMgdXBncmFkZSBjYW4gYmUgZmFpbGVkLl4wMDAwMDAKXkZGMDAwMElmIHRoZSBpdGVtIGFscmVhZHkgaGFzIGV4dHJhIGFiaWxpdHksIHdlIHdpbGwgcmVzZXQgaXRlbSdzIGFiaWxpdHkgYW5kIGdpdmUgJ1JlZHVjZXMgdmFyaWFibGUgY2FzdGluZyB0aW1lIGJ5IDMlJy5eMDAwMDAwCl5GRjAwMDBBcmUgeW91IHN1cmUgYWJvdXQgdXBncmFkaW5nIHRoaXMgaXRlbT9eMDAwMDAw,,,,,,,XjY2MDAwMEF0ZW5jacOzbjogXjAwMDAwMApeNjYwMDAwRXN0YSBtZWpvcmEgcHVlZGUgZmFsbGFyLl4wMDAwMDAKXjY2MDAwMFNpIGVsIG9iamV0byB5YSB0aWVuZSB1bmEgaGFiaWxpZGFkIGV4dHJhLCByZXN0YWJsZWNlcmVtb3MgbGEgaGFiaWxpZGFkIGRlbCBvYmpldG8geSBsZSBkYXJlbW9zIGxhIHBvc2liaWxpZGFkIGRlIHJlZHVjaXIgZWwgdGllbXBvIGRlIGxhbnphbWllbnRvIHZhcmlhYmxlIGVuIHVuIDMlLl4wMDAwMDAKXjY2MDAwMMK/U2VndXJvIHF1ZSBxdWllcmVzIG1lam9yYXIgZXN0ZSBvYmpldG8/XjAwMDAwMA==
5sqNBA,,XkZGMDAwMCAgICBDYXV0aW9uIF4wMDAwMDAKXkZGMDAwMFRoaXMgdXBncmFkZSBjYW4gYmUgZmFpbGVkLl4wMDAwMDAKXkZGMDAwMElmIHRoZSBpdGVtIGFscmVhZHkgaGFzIGV4dHJhIGFiaWxpdHksIHdlIHdpbGwgcmVzZXQgaXRlbSdzIGFiaWxpdHkgYW5kIGdpdmUgJ0luY3JlYXNlcyBFeHAgZ2FpbiBieSAyJSB3aGVuIGtpbGxpbmcgbW9uc3RlcnMnLl4wMDAwMDAKXkZGMDAwMEFyZSB5b3Ugc3VyZSBhYm91dCB1cGdyYWRpbmcgdGhpcyBpdGVtP14wMDAwMDA=,,,,,,,XjY2MDAwMEF0ZW5jacOzbjogXjAwMDAwMApeNjYwMDAwRXN0YSBtZWpvcmEgcHVlZGUgZmFsbGFyLl4wMDAwMDAKXjY2MDAwMFNpIGVsIG9iamV0byB5YSB0aWVuZSB1bmEgaGFiaWxpZGFkIGV4dHJhLCByZXN0YWJsZWNlcmVtb3MgbGEgaGFiaWxpZGFkIGRlbCBvYmpldG8geSBsZSBkYXJlbW9zIGxhIHBvc2liaWxpZGFkIGRlIGF1bWVudGFyIGxvcyBwdW50b3MgZGUgZXhwZXJpZW5jaWEgZW4gdW4gMiUgYWwgbWF0YXIgbW9uc3RydW9zLl4wMDAwMDAKXjY2MDAwMMK/U2VndXJvIHF1ZSBxdWllcmVzIG1lam9yYXIgZXN0ZSBvYmpldG8/XjAwMDAwMA==
58qNBA,,XkZGMDAwMCAgICBDYXV0aW9uIF4wMDAwMDAKXkZGMDAwMFRoaXMgdXBncmFkZSBjYW4gYmUgZmFpbGVkLl4wMDAwMDAKXkZGMDAwMElmIHRoZSBpdGVtIGFscmVhZHkgaGFzIGV4dHJhIGFiaWxpdHksIHdlIHdpbGwgcmVzZXQgaXRlbSdzIGFiaWxpdHkgYW5kIGdpdmUgJ0NyaXRpY2FsIGRhbWFnZSArIDMlJy5eMDAwMDAwCl5GRjAwMDBBcmUgeW91IHN1cmUgYWJvdXQgdXBncmFkaW5nIHRoaXMgaXRlbT9eMDAwMDAw,,,,,,,XjY2MDAwMEF0ZW5jacOzbjogXjAwMDAwMApeNjYwMDAwRXN0YSBtZWpvcmEgcHVlZGUgZmFsbGFyLl4wMDAwMDAKXjY2MDAwMFNpIGVsIG9iamV0byB5YSB0aWVuZSB1bmEgaGFiaWxpZGFkIGV4dHJhLCByZXN0YWJsZWNlcmVtb3MgbGEgaGFiaWxpZGFkIGRlbCBvYmpldG8geSBsZSBkYXJlbW9zIGxhIHBvc2liaWxpZGFkIGRlIGluZmxpZ2lyIGRhw7FvIGNyw610aWNvICszJS5eMDAwMDAwCl42NjAwMDDCv1NlZ3VybyBxdWUgcXVpZXJlcyBtZWpvcmFyIGVzdGUgb2JqZXRvP14wMDAwMDA=
6MqNBA,,XkZGMDAwMCAgICBDYXV0aW9uIF4wMDAwMDAKXkZGMDAwMFRoaXMgdXBncmFkZSBjYW4gYmUgZmFpbGVkLl4wMDAwMDAKXkZGMDAwMElmIHRoZSBpdGVtIGFscmVhZHkgaGFzIGV4dHJhIGFiaWxpdHksIHdlIHdpbGwgcmVzZXQgaXRlbSdzIGFiaWxpdHkgYW5kIGdpdmUgJ0FUSyArMiBwZXIgMSBza2lsbCBsZXZlbCBvZiBJcm9uIEhhbmQgbGVhcm5lZCcuXjAwMDAwMApeRkYwMDAwQXJlIHlvdSBzdXJlIGFib3V0IHVwZ3JhZGluZyB0aGlzIGl0ZW0/XjAwMDAwMA==,,,,,,,XjY2MDAwMEF0ZW5jacOzbjogXjAwMDAwMApeNjYwMDAwRXN0YSBtZWpvcmEgcHVlZGUgZmFsbGFyLl4wMDAwMDAKXjY2MDAwMFNpIGVsIG9iamV0byB5YSB0aWVuZSB1bmEgaGFiaWxpZGFkIGV4dHJhLCByZXN0YWJsZWNlcmVtb3MgbGEgaGFiaWxpZGFkIGRlbCBvYmpldG8geSBsZSBkYXJlbW9zIEFUUSsycG9yIGNhZGEgMW5pdmVsIGRlIGhhYmlsaWRhZCBkZSBQdcOxbyBkZSBoaWVycm8gYXByZW5kaWRvLl4wMDAwMDAKXjY2MDAwMMK/U2VndXJvIHF1ZSBxdWllcmVzIG1lam9yYXIgZXN0ZSBvYmpldG8/XjAwMDAwMA==
6cqNBA,,XkZGMDAwMCAgICBDYXV0aW9uIF4wMDAwMDAKXkZGMDAwMFRoaXMgdXBncmFkZSBjYW4gYmUgZmFpbGVkLl4wMDAwMDAKXkZGMDAwMElmIHRoZSBpdGVtIGFscmVhZHkgaGFzIGV4dHJhIGFiaWxpdHksIHdlIHdpbGwgcmVzZXQgaXRlbSdzIGFiaWxpdHkgYW5kIGdpdmUgJ0FUSyArMiBwZXIgMSBza2lsbCBsZXZlbCBvZiBTdGVlbCBDbGF3IGxlYXJuZWQnLl4wMDAwMDAKXkZGMDAwMEFyZSB5b3Ugc3VyZSBhYm91dCB1cGdyYWRpbmcgdGhpcyBpdGVtP14wMDAwMDA=,,,,,,,XjY2MDAwMEF0ZW5jacOzbjogXjAwMDAwMApeNjYwMDAwRXN0YSBtZWpvcmEgcHVlZGUgZmFsbGFyLl4wMDAwMDAKXjY2MDAwMFNpIGVsIG9iamV0byB5YSB0aWVuZSB1bmEgaGFiaWxpZGFkIGV4dHJhLCByZXN0YWJsZWNlcmVtb3MgbGEgaGFiaWxpZGFkIGRlbCBvYmpldG8geSBsZSBkYXJlbW9zIEFUUSsycG9yIGNhZGEgMW5pdmVsIGRlIGhhYmlsaWRhZCBkZSBHYXJyYXMgZGUgYWNlcm8gYXByZW5kaWRvLl4wMDAwMDAKXjY2MDAwMMK/U2VndXJvIHF1ZSBxdWllcmVzIG1lam9yYXIgZXN0ZSBvYmpldG8/XjAwMDAwMA==
6sqNBA,,XkZGMDAwMCAgICBDYXV0aW9uIF4wMDAwMDAKXkZGMDAwMFRoaXMgdXBncmFkZSBjYW4gYmUgZmFpbGVkLl4wMDAwMDAKXkZGMDAwMElmIHRoZSBpdGVtIGFscmVhZHkgaGFzIGV4dHJhIGFiaWxpdHksIHdlIHdpbGwgcmVzZXQgaXRlbSdzIGFiaWxpdHkgYW5kIGdpdmUgJ1JlZHVjZSBkZWxheSBhZnRlciBhdHRhY2sgYnkgMSUgcGVyIDEgc2tpbGwgbGV2ZWwgb2YgQWR2YW5jZWQgQm9vayBsZWFybmVkJy5eMDAwMDAwCl5GRjAwMDBBcmUgeW91IHN1cmUgYWJvdXQgdXBncmFkaW5nIHRoaXMgaXRlbT9eMDAwMDAw,,,,,,,XjY2MDAwMEF0ZW5jacOzbjogXjAwMDAwMApeNjYwMDAwRXN0YSBtZWpvcmEgcHVlZGUgZmFsbGFyLl4wMDAwMDAKXjY2MDAwMFNpIGVsIG9iamV0byB5YSB0aWVuZSB1bmEgaGFiaWxpZGFkIGV4dHJhLCByZXN0YWJsZWNlcmVtb3MgbGEgaGFiaWxpZGFkIGRlbCBvYmpldG8geSBsZSBkYXJlbW9zIGxhIHBvc2liaWxpZGFkIGRlIHJlZHVjaXIgZWwgcmV0cmFzbyB0cmFzIGVsIGF0YXF1ZSBlbiB1biAxJSBwb3IgY2FkYSAxbml2ZWwgZGUgaGFiaWxpZGFkIGRlIExpYnJvIGF2YW56YWRvIGFwcmVuZGlkby5eMDAwMDAwCl42NjAwMDDCv1NlZ3VybyBxdWUgcXVpZXJlcyBtZWpvcmFyIGVzdGUgb2JqZXRvP14wMDAwMDA=
68qNBA,,XkZGMDAwMCAgICBDYXV0aW9uIF4wMDAwMDAKXkZGMDAwMFRoaXMgdXBncmFkZSBjYW4gYmUgZmFpbGVkLl4wMDAwMDAKXkZGMDAwMElmIHRoZSBpdGVtIGFscmVhZHkgaGFzIGV4dHJhIGFiaWxpdHksIHdlIHdpbGwgcmVzZXQgaXRlbSdzIGFiaWxpdHkgYW5kIGdpdmUgJ0FUSyArMiBwZXIgMSBza2lsbCBsZXZlbCBvZiBSdW5uaW5nIFBvdGlvbiBsZWFybmVkJy5eMDAwMDAwCl5GRjAwMDBBcmUgeW91IHN1cmUgYWJvdXQgdXBncmFkaW5nIHRoaXMgaXRlbT9eMDAwMDAw,,,,,,,XjY2MDAwMEF0ZW5jacOzbjogXjAwMDAwMApeNjYwMDAwRXN0YSBtZWpvcmEgcHVlZGUgZmFsbGFyLl4wMDAwMDAKXjY2MDAwMFNpIGVsIG9iamV0byB5YSB0aWVuZSB1bmEgaGFiaWxpZGFkIGV4dHJhLCByZXN0YWJsZWNlcmVtb3MgbGEgaGFiaWxpZGFkIGRlbCBvYmpldG8geSBsZSBkYXJlbW9zIEFUUSsycG9yIGNhZGEgMW5pdmVsIGRlIGhhYmlsaWRhZCBkZSBQb2Npw7NuIENvcnJlZG9yYSBhcHJlbmRpZG8uXjAwMDAwMApeNjYwMDAwwr9TZWd1cm8gcXVlIHF1aWVyZXMgbWVqb3JhciBlc3RlIG9iamV0bz9eMDAwMDAw
7MqNBA,,XkZGMDAwMCAgICBDYXV0aW9uIF4wMDAwMDAKXkZGMDAwMFRoaXMgdXBncmFkZSBjYW4gYmUgZmFpbGVkLl4wMDAwMDAKXkZGMDAwMElmIHRoZSBpdGVtIGFscmVhZHkgaGFzIGV4dHJhIGFiaWxpdHksIHdlIHdpbGwgcmVzZXQgaXRlbSdzIGFiaWxpdHkgYW5kIGdpdmUgJ01BVEsgKyAyIHBlciAxIHNraWxsIGxldmVsIG9mIE15c3RpY2FsIEFtcGxpZmljYXRpb24gbGVhcm5lZCcuXjAwMDAwMApeRkYwMDAwQXJlIHlvdSBzdXJlIGFib3V0IHVwZ3JhZGluZyB0aGlzIGl0ZW0/XjAwMDAwMA==,,,,,,,XjY2MDAwMEF0ZW5jacOzbjogXjAwMDAwMApeNjYwMDAwRXN0YSBtZWpvcmEgcHVlZGUgZmFsbGFyLl4wMDAwMDAKXjY2MDAwMFNpIGVsIG9iamV0byB5YSB0aWVuZSB1bmEgaGFiaWxpZGFkIGV4dHJhLCByZXN0YWJsZWNlcmVtb3MgbGEgaGFiaWxpZGFkIGRlbCBvYmpldG8geSBsZSBkYXJlbW9zIEFUUU0rMnBvciBjYWRhIDFuaXZlbCBkZSBoYWJpbGlkYWQgZGUgQW1wbGlmaWNhY2nDs24gbcOtc3RpY2EgYXByZW5kaWRvLl4wMDAwMDAKXjY2MDAwMMK/U2VndXJvIHF1ZSBxdWllcmVzIG1lam9yYXIgZXN0ZSBvYmpldG8/XjAwMDAwMA==
7cqNBA,,XkZGMDAwMCAgICBDYXV0aW9uIF4wMDAwMDAKXkZGMDAwMFRoaXMgdXBncmFkZSBjYW4gYmUgZmFpbGVkLl4wMDAwMDAKXkZGMDAwMElmIHRoZSBpdGVtIGFscmVhZHkgaGFzIGV4dHJhIGFiaWxpdHksIHdlIHdpbGwgcmVzZXQgaXRlbSdzIGFiaWxpdHkgYW5kIGdpdmUgJ0FUSysgMiBwZXIgMXNsdiBvZiBQbGFnaWFyaXNtJy5eMDAwMDAwCl5GRjAwMDBBcmUgeW91IHN1cmUgYWJvdXQgdXBncmFkaW5nIHRoaXMgaXRlbT9eMDAwMDAw,,,,,,,XjY2MDAwMEF0ZW5jacOzbjogXjAwMDAwMApeNjYwMDAwRXN0YSBtZWpvcmEgcHVlZGUgZmFsbGFyLl4wMDAwMDAKXjY2MDAwMFNpIGVsIG9iamV0byB5YSB0aWVuZSB1bmEgaGFiaWxpZGFkIGV4dHJhLCByZXN0YWJsZWNlcmVtb3MgbGEgaGFiaWxpZGFkIGRlbCBvYmpldG8geSBsZSBkYXJlbW9zIEFUUSsycG9yIGNhZGEgMW5pdmVsIGRlIGhhYmlsaWRhZCBkZSBQbGFnaW8uXjAwMDAwMApeNjYwMDAwwr9TZWd1cm8gcXVlIHF1aWVyZXMgbWVqb3JhciBlc3RlIG9iamV0bz9eMDAwMDAw
7sqNBA,,XkZGMDAwMCAgICBDYXV0aW9uIF4wMDAwMDAKXkZGMDAwMFRoaXMgdXBncmFkZSBjYW4gYmUgZmFpbGVkLl4wMDAwMDAKXkZGMDAwMElmIHRoZSBpdGVtIGFscmVhZHkgaGFzIGV4dHJhIGFiaWxpdHksIHdlIHdpbGwgcmVzZXQgaXRlbSdzIGFiaWxpdHkgYW5kIGdpdmUgJ0FUSyArIDIgcGVyIDFzbHYgb2YgV2VhcG9ucnkgUmVzZWFyY2gnLl4wMDAwMDAKXkZGMDAwMEFyZSB5b3Ugc3VyZSBhYm91dCB1cGdyYWRpbmcgdGhpcyBpdGVtP14wMDAwMDA=,,,,,,,XjY2MDAwMEF0ZW5jacOzbjogXjAwMDAwMApeNjYwMDAwRXN0YSBtZWpvcmEgcHVlZGUgZmFsbGFyLl4wMDAwMDAKXjY2MDAwMFNpIGVsIG9iamV0byB5YSB0aWVuZSB1bmEgaGFiaWxpZGFkIGV4dHJhLCByZXN0YWJsZWNlcmVtb3MgbGEgaGFiaWxpZGFkIGRlbCBvYmpldG8geSBsZSBkYXJlbW9zIEFUUSsycG9yIGNhZGEgMW5pdmVsIGRlIGhhYmlsaWRhZCBkZSBJbnZlc3RpZ2FjacOzbiBkZSBhcm1hbWVudG8uXjAwMDAwMApeNjYwMDAwwr9TZWd1cm8gcXVlIHF1aWVyZXMgbWVqb3JhciBlc3RlIG9iamV0bz9eMDAwMDAw
78qNBA,,XkZGMDAwMCAgICBDYXV0aW9uIF4wMDAwMDAKXkZGMDAwMFRoaXMgdXBncmFkZSBjYW4gYmUgZmFpbGVkLl4wMDAwMDAKXkZGMDAwMElmIHRoZSBpdGVtIGFscmVhZHkgaGFzIGV4dHJhIGFiaWxpdHksIHdlIHdpbGwgcmVzZXQgaXRlbSdzIGFiaWxpdHkgYW5kIGdpdmUgJ0FUSysgMiBmb3IgZWFjaCBsZXZlbCBvZiBEYW5jZSBMZXNzb25zIG9yIE11c2ljIExlc3NvbnMgdXNlciBsZWFybmVkJy5eMDAwMDAwCl5GRjAwMDBBcmUgeW91IHN1cmUgYWJvdXQgdXBncmFkaW5nIHRoaXMgaXRlbT9eMDAwMDAw,,,,,,,XjY2MDAwMEF0ZW5jacOzbjogXjAwMDAwMApeNjYwMDAwRXN0YSBtZWpvcmEgcHVlZGUgZmFsbGFyLl4wMDAwMDAKXjY2MDAwMFNpIGVsIG9iamV0byB5YSB0aWVuZSB1bmEgaGFiaWxpZGFkIGV4dHJhLCByZXN0YWJsZWNlcmVtb3MgbGEgaGFiaWxpZGFkIGRlbCBvYmpldG8geSBsZSBkYXJlbW9zIEFUUSsycG9yIGNhZGEgMW5pdmVsIGRlIExlY2Npb25lcyBkZSBiYWlsZSBvIExlY2Npb25lcyBkZSBtw7pzaWNhIGFwcmVuZGlkby5eMDAwMDAwCl42NjAwMDDCv1NlZ3VybyBxdWUgcXVpZXJlcyBtZWpvcmFyIGVzdGUgb2JqZXRvP14wMDAwMDA=
8MqNBA,,XkZGMDAwMCAgICBDYXV0aW9uIF4wMDAwMDAKXkZGMDAwMFRoaXMgdXBncmFkZSBjYW4gYmUgZmFpbGVkLl4wMDAwMDAKXkZGMDAwMElmIHRoZSBpdGVtIGFscmVhZHkgaGFzIGV4dHJhIGFiaWxpdHksIHdlIHdpbGwgcmVzZXQgaXRlbSdzIGFiaWxpdHkgYW5kIGdpdmUgJ0luY3JlYXNlIGhlYWxpbmcgYnkgMSUgcGVyIDEgc2tpbGwgbGV2ZWwgb2YgTWVkaXRhdGlvJy5eMDAwMDAwCl5GRjAwMDBBcmUgeW91IHN1cmUgYWJvdXQgdXBncmFkaW5nIHRoaXMgaXRlbT9eMDAwMDAw,,,,,,,XjY2MDAwMEF0ZW5jacOzbjogXjAwMDAwMApeNjYwMDAwRXN0YSBtZWpvcmEgcHVlZGUgZmFsbGFyLl4wMDAwMDAKXjY2MDAwMFNpIGVsIG9iamV0byB5YSB0aWVuZSB1bmEgaGFiaWxpZGFkIGV4dHJhLCByZXN0YWJsZWNlcmVtb3MgbGEgaGFiaWxpZGFkIGRlbCBvYmpldG8geSBsZSBkYXJlbW9zIGxhIHBvc2liaWxpZGFkIGRlIGF1bWVudGFyIGxhIGN1cmFjacOzbiBlbiB1biAxJSBwb3IgY2FkYSAxbml2ZWwgZGUgaGFiaWxpZGFkIGRlIE1lZGl0YWNpw7NuLl4wMDAwMDAKXjY2MDAwMMK/U2VndXJvIHF1ZSBxdWllcmVzIG1lam9yYXIgZXN0ZSBvYmpldG8/XjAwMDAwMA==
8cqNBA,,XkZGMDAwMCAgICBDYXV0aW9uIF4wMDAwMDAKXkZGMDAwMFRoaXMgdXBncmFkZSBjYW4gYmUgZmFpbGVkLl4wMDAwMDAKXkZGMDAwMElmIHRoZSBpdGVtIGFscmVhZHkgaGFzIGV4dHJhIGFiaWxpdHksIHdlIHdpbGwgcmVzZXQgaXRlbSdzIGFiaWxpdHkgYW5kIGdpdmUgJ01IUCArIDElIHBlciAyIHNraWxsIGxldmVsIG9mIEZhaXRoJy5eMDAwMDAwCl5GRjAwMDBBcmUgeW91IHN1cmUgYWJvdXQgdXBncmFkaW5nIHRoaXMgaXRlbT9eMDAwMDAw,,,,,,,XjY2MDAwMEF0ZW5jacOzbjogXjAwMDAwMApeNjYwMDAwRXN0YSBtZWpvcmEgcHVlZGUgZmFsbGFyLl4wMDAwMDAKXjY2MDAwMFNpIGVsIG9iamV0byB5YSB0aWVuZSB1bmEgaGFiaWxpZGFkIGV4dHJhLCByZXN0YWJsZWNlcmVtb3MgbGEgaGFiaWxpZGFkIGRlbCBvYmpldG8geSBsZSBkYXJlbW9zIFBWTSsxJSBwb3IgY2FkYSAybml2ZWxlcyBkZSBoYWJpbGlkYWQgZGUgRmUuXjAwMDAwMApeNjYwMDAwwr9TZWd1cm8gcXVlIHF1aWVyZXMgbWVqb3JhciBlc3RlIG9iamV0bz9eMDAwMDAw
8sqNBA,,XkZGMDAwMCAgICBDYXV0aW9uIF4wMDAwMDAKXkZGMDAwMFRoaXMgdXBncmFkZSBjYW4gYmUgZmFpbGVkLl4wMDAwMDAKXkZGMDAwMElmIHRoZSBpdGVtIGFscmVhZHkgaGFzIGV4dHJhIGFiaWxpdHksIHdlIHdpbGwgcmVzZXQgaXRlbSdzIGFiaWxpdHkgYW5kIGdpdmUgJ0FUSyArIDIgcGVyIDEgc2tpbGwgbGV2ZWwgb2YgS2F0YXIgTWFzdGVyeScuXjAwMDAwMApeRkYwMDAwQXJlIHlvdSBzdXJlIGFib3V0IHVwZ3JhZGluZyB0aGlzIGl0ZW0/XjAwMDAwMA==,,,,,,,XjY2MDAwMEF0ZW5jacOzbjogXjAwMDAwMApeNjYwMDAwRXN0YSBtZWpvcmEgcHVlZGUgZmFsbGFyLl4wMDAwMDAKXjY2MDAwMFNpIGVsIG9iamV0byB5YSB0aWVuZSB1bmEgaGFiaWxpZGFkIGV4dHJhLCByZXN0YWJsZWNlcmVtb3MgbGEgaGFiaWxpZGFkIGRlbCBvYmpldG8geSBsZSBkYXJlbW9zIEFUUSsycG9yIGNhZGEgMW5pdmVsIGRlIGhhYmlsaWRhZCBkZSBNYWVzdHLDrWEgZGUgS2F0YXIuXjAwMDAwMApeNjYwMDAwwr9TZWd1cm8gcXVlIHF1aWVyZXMgbWVqb3JhciBlc3RlIG9iamV0bz9eMDAwMDAw
88qNBA,,XkZGMDAwMCAgICBDYXV0aW9uIF4wMDAwMDAKXkZGMDAwMFRoaXMgdXBncmFkZSBjYW4gYmUgZmFpbGVkLl4wMDAwMDAKXkZGMDAwMElmIHRoZSBpdGVtIGFscmVhZHkgaGFzIGV4dHJhIGFiaWxpdHksIHdlIHdpbGwgcmVzZXQgaXRlbSdzIGFiaWxpdHkgYW5kIGdpdmUgJ0luY3JlYXNlIGRhbWFnZSBvZiBDaGFpbiBDcnVzaCBDb21ibyBieSAxNSUnLl4wMDAwMDAKXkZGMDAwMEFyZSB5b3Ugc3VyZSBhYm91dCB1cGdyYWRpbmcgdGhpcyBpdGVtP14wMDAwMDA=,,,,,,,XjY2MDAwMEF0ZW5jacOzbjogXjAwMDAwMApeNjYwMDAwRXN0YSBtZWpvcmEgcHVlZGUgZmFsbGFyLl4wMDAwMDAKXjY2MDAwMFNpIGVsIG9iamV0byB5YSB0aWVuZSB1bmEgaGFiaWxpZGFkIGV4dHJhLCByZXN0YWJsZWNlcmVtb3MgbGEgaGFiaWxpZGFkIGRlbCBvYmpldG8geSBsZSBkYXJlbW9zIGxhIHBvc2liaWxpZGFkIGRlIGF1bWVudGFyIGVsIGRhw7FvIGRlIENvbWJvIGRlIGFwbGFzdGFtaWVudG8gZW4gY2FkZW5hIGVuIHVuIDE1JS5eMDAwMDAwCl42NjAwMDDCv1NlZ3VybyBxdWUgcXVpZXJlcyBtZWpvcmFyIGVzdGUgb2JqZXRvP14wMDAwMDA=
9MqNBA,,XkZGMDAwMCAgICBDYXV0aW9uIF4wMDAwMDAKXkZGMDAwMFRoaXMgdXBncmFkZSBjYW4gYmUgZmFpbGVkLl4wMDAwMDAKXkZGMDAwMElmIHRoZSBpdGVtIGFscmVhZHkgaGFzIGV4dHJhIGFiaWxpdHksIHdlIHdpbGwgcmVzZXQgaXRlbSdzIGFiaWxpdHkgYW5kIGdpdmUgJ0luY3JlYXNlIGRhbWFnZSBvZiBFYXJ0aCBTcGlrZSwgSGVhdmVucyBEcml2ZSBieSAyMCUnLl4wMDAwMDAKXkZGMDAwMEFyZSB5b3Ugc3VyZSBhYm91dCB1cGdyYWRpbmcgdGhpcyBpdGVtP14wMDAwMDA=,,,,,,,XjY2MDAwMEF0ZW5jacOzbjogXjAwMDAwMApeNjYwMDAwRXN0YSBtZWpvcmEgcHVlZGUgZmFsbGFyLl4wMDAwMDAKXjY2MDAwMFNpIGVsIG9iamV0byB5YSB0aWVuZSB1bmEgaGFiaWxpZGFkIGV4dHJhLCByZXN0YWJsZWNlcmVtb3MgbGEgaGFiaWxpZGFkIGRlbCBvYmpldG8geSBsZSBkYXJlbW9zIGxhIHBvc2liaWxpZGFkIGRlIGF1bWVudGFyIGVsIGRhw7FvIGRlIFNpc21vIGUgSW1wdWxzbyBjZWxlc3RpYWwgZW4gdW4gMjAlLl4wMDAwMDAKXjY2MDAwMMK/U2VndXJvIHF1ZSBxdWllcmVzIG1lam9yYXIgZXN0ZSBvYmpldG8/XjAwMDAwMA==
9cqNBA,,XkZGMDAwMCAgICBDYXV0aW9uIF4wMDAwMDAKXkZGMDAwMFRoaXMgdXBncmFkZSBjYW4gYmUgZmFpbGVkLl4wMDAwMDAKXkZGMDAwMElmIHRoZSBpdGVtIGFscmVhZHkgaGFzIGV4dHJhIGFiaWxpdHksIHdlIHdpbGwgcmVzZXQgaXRlbSdzIGFiaWxpdHkgYW5kIGdpdmUgJ0FUSyArIDIgcGVyIDEgc2tpbGwgbGV2ZWwgb2YgU25hdGNoZXInLl4wMDAwMDAKXkZGMDAwMEFyZSB5b3Ugc3VyZSBhYm91dCB1cGdyYWRpbmcgdGhpcyBpdGVtP14wMDAwMDA=,,,,,,,XjY2MDAwMEF0ZW5jacOzbjogXjAwMDAwMApeNjYwMDAwRXN0YSBtZWpvcmEgcHVlZGUgZmFsbGFyLl4wMDAwMDAKXjY2MDAwMFNpIGVsIG9iamV0byB5YSB0aWVuZSB1bmEgaGFiaWxpZGFkIGV4dHJhLCByZXN0YWJsZWNlcmVtb3MgbGEgaGFiaWxpZGFkIGRlbCBvYmpldG8geSBsZSBkYXJlbW9zIEFUUSsycG9yIGNhZGEgMW5pdmVsIGRlIGhhYmlsaWRhZCBkZSBBcnJlYmF0YWRvci5eMDAwMDAwCl42NjAwMDDCv1NlZ3VybyBxdWUgcXVpZXJlcyBtZWpvcmFyIGVzdGUgb2JqZXRvP14wMDAwMDA=
9sqNBA,,XkZGMDAwMCAgICBDYXV0aW9uIF4wMDAwMDAKXkZGMDAwMFRoaXMgdXBncmFkZSBjYW4gYmUgZmFpbGVkLl4wMDAwMDAKXkZGMDAwMElmIHRoZSBpdGVtIGFscmVhZHkgaGFzIGV4dHJhIGFiaWxpdHksIHdlIHdpbGwgcmVzZXQgaXRlbSdzIGFiaWxpdHkgYW5kIGdpdmUgJ01BVEsgKyAyIHBlciAxIHNraWxsIGxldmVsIG9mIEhhcHB5IEJyZWFrIHVzZXIgbGVhcm5lZCcuXjAwMDAwMApeRkYwMDAwQXJlIHlvdSBzdXJlIGFib3V0IHVwZ3JhZGluZyB0aGlzIGl0ZW0/XjAwMDAwMA==,,,,,,,XjY2MDAwMEF0ZW5jacOzbjogXjAwMDAwMApeNjYwMDAwRXN0YSBtZWpvcmEgcHVlZGUgZmFsbGFyLl4wMDAwMDAKXjY2MDAwMFNpIGVsIG9iamV0byB5YSB0aWVuZSB1bmEgaGFiaWxpZGFkIGV4dHJhLCByZXN0YWJsZWNlcmVtb3MgbGEgaGFiaWxpZGFkIGRlbCBvYmpldG8geSBsZSBkYXJlbW9zIEFUUU0rMnBvciBjYWRhIDFuaXZlbCBkZSBoYWJpbGlkYWQgZGUgRmVsaXogZGVzY2Fuc28gYXByZW5kaWRvLl4wMDAwMDAKXjY2MDAwMMK/U2VndXJvIHF1ZSBxdWllcmVzIG1lam9yYXIgZXN0ZSBvYmpldG8/XjAwMDAwMA==
98qNBA,,XkZGMDAwMCAgICBDYXV0aW9uIF4wMDAwMDAKXkZGMDAwMFRoaXMgdXBncmFkZSBjYW4gYmUgZmFpbGVkLl4wMDAwMDAKXkZGMDAwMElmIHRoZSBpdGVtIGFscmVhZHkgaGFzIGV4dHJhIGFiaWxpdHksIHdlIHdpbGwgcmVzZXQgaXRlbSdzIGFiaWxpdHkgYW5kIGdpdmUgJ0FUSyArIDIgcGVyIDEgc2tpbGwgbGV2ZWwgb2YgSGFwcHkgQnJlYWsgdXNlciBsZWFybmVkJy5eMDAwMDAwCl5GRjAwMDBBcmUgeW91IHN1cmUgYWJvdXQgdXBncmFkaW5nIHRoaXMgaXRlbT9eMDAwMDAw,,,,,,,XjY2MDAwMEF0ZW5jacOzbjogXjAwMDAwMApeNjYwMDAwRXN0YSBtZWpvcmEgcHVlZGUgZmFsbGFyLl4wMDAwMDAKXjY2MDAwMFNpIGVsIG9iamV0byB5YSB0aWVuZSB1bmEgaGFiaWxpZGFkIGV4dHJhLCByZXN0YWJsZWNlcmVtb3MgbGEgaGFiaWxpZGFkIGRlbCBvYmpldG8geSBsZSBkYXJlbW9zIEFUUSsycG9yIGNhZGEgMW5pdmVsIGRlIGhhYmlsaWRhZCBkZSBGZWxpeiBkZXNjYW5zbyBhcHJlbmRpZG8uXjAwMDAwMApeNjYwMDAwwr9TZWd1cm8gcXVlIHF1aWVyZXMgbWVqb3JhciBlc3RlIG9iamV0bz9eMDAwMDAw
+MqNBA,,XkZGMDAwMCAgICBDYXV0aW9uIF4wMDAwMDAKXkZGMDAwMFRoaXMgdXBncmFkZSBjYW4gYmUgZmFpbGVkLl4wMDAwMDAKXkZGMDAwMElmIHRoZSBpdGVtIGFscmVhZHkgaGFzIGV4dHJhIGFiaWxpdHksIHdlIHdpbGwgcmVzZXQgaXRlbSdzIGFiaWxpdHkgYW5kIGdpdmUgJ0FUSyArIDIsIE1BVEsgKyAyIHBlciAxIHNraWxsIGxldmVsIG9mIE5pbnBvdSBUcmFpbmluZyB1c2VyIGxlYXJuZWQnLl4wMDAwMDAKXkZGMDAwMEFyZSB5b3Ugc3VyZSBhYm91dCB1cGdyYWRpbmcgdGhpcyBpdGVtP14wMDAwMDA=,,,,,,,XjY2MDAwMEF0ZW5jacOzbjogXjAwMDAwMApeNjYwMDAwRXN0YSBtZWpvcmEgcHVlZGUgZmFsbGFyLl4wMDAwMDAKXjY2MDAwMFNpIGVsIG9iamV0byB5YSB0aWVuZSB1bmEgaGFiaWxpZGFkIGV4dHJhLCByZXN0YWJsZWNlcmVtb3MgbGEgaGFiaWxpZGFkIGRlbCBvYmpldG8geSBsZSBkYXJlbW9zIEFUUSsyIHkgQVRRTSsycG9yIGNhZGEgMW5pdmVsIGRlIGhhYmlsaWRhZCBkZSBFbnRyZW5hbWllbnRvIGRlIG5pbmp1dHN1IGFwcmVuZGlkby5eMDAwMDAwCl42NjAwMDDCv1NlZ3VybyBxdWUgcXVpZXJlcyBtZWpvcmFyIGVzdGUgb2JqZXRvP14wMDAwMDA=
+cqNBA,,XkZGMDAwMCAgICBDYXV0aW9uIF4wMDAwMDAKXkZGMDAwMFRoaXMgdXBncmFkZSBjYW4gYmUgZmFpbGVkLl4wMDAwMDAKXkZGMDAwMElmIHRoZSBpdGVtIGFscmVhZHkgaGFzIGV4dHJhIGFiaWxpdHksIHdlIHdpbGwgcmVzZXQgaXRlbSdzIGFiaWxpdHkgYW5kIGdpdmUgJ0FUSyArIDIgcGVyIDEgc2tpbGwgbGV2ZWwgb2YgU25ha2UgRXllJy5eMDAwMDAwCl5GRjAwMDBBcmUgeW91IHN1cmUgYWJvdXQgdXBncmFkaW5nIHRoaXMgaXRlbT9eMDAwMDAw,,,,,,,XjY2MDAwMEF0ZW5jacOzbjogXjAwMDAwMApeNjYwMDAwRXN0YSBtZWpvcmEgcHVlZGUgZmFsbGFyLl4wMDAwMDAKXjY2MDAwMFNpIGVsIG9iamV0byB5YSB0aWVuZSB1bmEgaGFiaWxpZGFkIGV4dHJhLCByZXN0YWJsZWNlcmVtb3MgbGEgaGFiaWxpZGFkIGRlbCBvYmpldG8geSBsZSBkYXJlbW9zIEFUUSsycG9yIGNhZGEgMW5pdmVsIGRlIGhhYmlsaWRhZCBkZSBPam8gZGUgc2VycGllbnRlLl4wMDAwMDAKXjY2MDAwMMK/U2VndXJvIHF1ZSBxdWllcmVzIG1lam9yYXIgZXN0ZSBvYmpldG8/XjAwMDAwMA==
+sqNBA,,XkZGMDAwMCAgICBDYXV0aW9uIF4wMDAwMDAKXkZGMDAwMFRoaXMgdXBncmFkZSBjYW4gYmUgZmFpbGVkLl4wMDAwMDAKXkZGMDAwMElmIHRoZSBpdGVtIGFscmVhZHkgaGFzIGV4dHJhIGFiaWxpdHksIHdlIHdpbGwgcmVzZXQgaXRlbSdzIGFiaWxpdHkgYW5kIGdpdmUgJ01BVEsgKyA3LCBBVEsgKyA3IHBlciAxIHNraWxsIGxldmVsIG9mIFNjcmF0Y2gnLl4wMDAwMDAKXkZGMDAwMEFyZSB5b3Ugc3VyZSBhYm91dCB1cGdyYWRpbmcgdGhpcyBpdGVtP14wMDAwMDA=,,,,,,,XjY2MDAwMEF0ZW5jacOzbjogXjAwMDAwMApeNjYwMDAwRXN0YSBtZWpvcmEgcHVlZGUgZmFsbGFyLl4wMDAwMDAKXjY2MDAwMFNpIGVsIG9iamV0byB5YSB0aWVuZSB1bmEgaGFiaWxpZGFkIGV4dHJhLCByZXN0YWJsZWNlcmVtb3MgbGEgaGFiaWxpZGFkIGRlbCBvYmpldG8geSBsZSBkYXJlbW9zIEFUUU0rNyB5IEFUUSs3cG9yIGNhZGEgMW5pdmVsIGRlIGhhYmlsaWRhZCBkZSBSYXNndcOxby5eMDAwMDAwCl42NjAwMDDCv1NlZ3VybyBxdWUgcXVpZXJlcyBtZWpvcmFyIGVzdGUgb2JqZXRvP14wMDAwMDA=
+8qNBA,,XkZGMDAwMCAgICBDYXV0aW9uIF4wMDAwMDAKXkZGMDAwMFRoaXMgdXBncmFkZSBjYW4gYmUgZmFpbGVkLl4wMDAwMDAKXkZGMDAwMElmIHRoZSBpdGVtIGFscmVhZHkgaGFzIGV4dHJhIGFiaWxpdHksIHdlIHdpbGwgcmVzZXQgaXRlbSdzIGFiaWxpdHkgYW5kIGdpdmUgJ1JlZHVjZSBkZWxheSBhZnRlciBhdHRhY2sgYnkgMSUgcGVyIDIgc2tpbGwgbGV2ZWwgb2YgV2luZCBXYWxrIHBsYXllciBsZWFybmVkJy5eMDAwMDAwCl5GRjAwMDBBcmUgeW91IHN1cmUgYWJvdXQgdXBncmFkaW5nIHRoaXMgaXRlbT9eMDAwMDAw,,,,,,,XjY2MDAwMEF0ZW5jacOzbjogXjAwMDAwMApeNjYwMDAwRXN0YSBtZWpvcmEgcHVlZGUgZmFsbGFyLl4wMDAwMDAKXjY2MDAwMFNpIGVsIG9iamV0byB5YSB0aWVuZSB1bmEgaGFiaWxpZGFkIGV4dHJhLCByZXN0YWJsZWNlcmVtb3MgbGEgaGFiaWxpZGFkIGRlbCBvYmpldG8geSBsZSBkYXJlbW9zIGxhIHBvc2liaWxpZGFkIGRlIHJlZHVjaXIgZWwgcmV0cmFzbyB0cmFzIGVsIGF0YXF1ZSBlbiB1biAxJSBwb3IgY2FkYSAybml2ZWxlcyBkZSBoYWJpbGlkYWQgZGUgQ2FtaW5hbnRlIGRlbCB2aWVudG8gcXVlIGVsIGp1Z2Fkb3IgYXByZW5kYS5eMDAwMDAwCl42NjAwMDDCv1NlZ3VybyBxdWUgcXVpZXJlcyBtZWpvcmFyIGVzdGUgb2JqZXRvP14wMDAwMDA=
/MqNBA,,XkZGMDAwMCAgICBDYXV0aW9uIF4wMDAwMDAKXkZGMDAwMFRoaXMgdXBncmFkZSBjYW4gYmUgZmFpbGVkLl4wMDAwMDAKXkZGMDAwMElmIHRoZSBpdGVtIGFscmVhZHkgaGFzIGV4dHJhIGFiaWxpdHksIHdlIHdpbGwgcmVzZXQgaXRlbSdzIGFiaWxpdHkgYW5kIGdpdmUgJ1JlZHVjZSBjb29sdGltZSBvZiBBeGUgQm9vbWVyYW5nIGJ5IDAuMSBzZWMgcGVyIDEgc2tpbGwgbGV2ZWwgb2YgT3ZlcnRocnVzdCBNYXgnLl4wMDAwMDAKXkZGMDAwMEFyZSB5b3Ugc3VyZSBhYm91dCB1cGdyYWRpbmcgdGhpcyBpdGVtP14wMDAwMDA=,,,,,,,XjY2MDAwMEF0ZW5jacOzbjogXjAwMDAwMApeNjYwMDAwRXN0YSBtZWpvcmEgcHVlZGUgZmFsbGFyLl4wMDAwMDAKXjY2MDAwMFNpIGVsIG9iamV0byB5YSB0aWVuZSB1bmEgaGFiaWxpZGFkIGV4dHJhLCByZXN0YWJsZWNlcmVtb3MgbGEgaGFiaWxpZGFkIGRlbCBvYmpldG8geSBsZSBkYXJlbW9zIGxhIHBvc2liaWxpZGFkIGRlIHJlZHVjaXIgZWwgdGllbXBvIGRlIHJlY2FyZ2EgZGUgQ29ydGFkb3Igcm9kYW50ZSBlbiAwLDFzZWd1bmRvcyBwb3IgY2FkYSAxbml2ZWwgZGUgaGFiaWxpZGFkIGRlIFNvYnJlZW1wdWplIG3DoXhpbW8uXjAwMDAwMApeNjYwMDAwwr9TZWd1cm8gcXVlIHF1aWVyZXMgbWVqb3JhciBlc3RlIG9iamV0bz9eMDAwMDAw
/cqNBA,,XkZGMDAwMCAgICBDYXV0aW9uIF4wMDAwMDAKXkZGMDAwMFRoaXMgdXBncmFkZSBjYW4gYmUgZmFpbGVkLl4wMDAwMDAKXkZGMDAwMElmIHRoZSBpdGVtIGFscmVhZHkgaGFzIGV4dHJhIGFiaWxpdHksIHdlIHdpbGwgcmVzZXQgaXRlbSdzIGFiaWxpdHkgYW5kIGdpdmUgJ0luY3JlYXNlIGRhbWFnZSBvZiBNYWdudXMgRXhvcmNpc3VtdXMgYnkgMTUlJy5eMDAwMDAwCl5GRjAwMDBBcmUgeW91IHN1cmUgYWJvdXQgdXBncmFkaW5nIHRoaXMgaXRlbT9eMDAwMDAw,,,,,,,XjY2MDAwMEF0ZW5jacOzbjogXjAwMDAwMApeNjYwMDAwRXN0YSBtZWpvcmEgcHVlZGUgZmFsbGFyLl4wMDAwMDAKXjY2MDAwMFNpIGVsIG9iamV0byB5YSB0aWVuZSB1bmEgaGFiaWxpZGFkIGV4dHJhLCByZXN0YWJsZWNlcmVtb3MgbGEgaGFiaWxpZGFkIGRlbCBvYmpldG8geSBsZSBkYXJlbW9zIGxhIHBvc2liaWxpZGFkIGRlIGF1bWVudGFyIGVsIGRhw7FvIGRlIE1hZ251cyBFeG9yY2lzbXVzIGVuIHVuIDE1JS5eMDAwMDAwCl42NjAwMDDCv1NlZ3VybyBxdWUgcXVpZXJlcyBtZWpvcmFyIGVzdGUgb2JqZXRvP14wMDAwMDA=
/sqNBA,,XkZGMDAwMCAgICBDYXV0aW9uIF4wMDAwMDAKXkZGMDAwMFRoaXMgdXBncmFkZSBjYW4gYmUgZmFpbGVkLl4wMDAwMDAKXkZGMDAwMElmIHRoZSBpdGVtIGFscmVhZHkgaGFzIGV4dHJhIGFiaWxpdHksIHdlIHdpbGwgcmVzZXQgaXRlbSdzIGFiaWxpdHkgYW5kIGdpdmUgJ01ldGVvciBTdG9ybSBkYW1hZ2UgaW5jcmVhc2VkIGJ5IDIwJScuXjAwMDAwMApeRkYwMDAwQXJlIHlvdSBzdXJlIGFib3V0IHVwZ3JhZGluZyB0aGlzIGl0ZW0/XjAwMDAwMA==,,,,,,,XjY2MDAwMEF0ZW5jacOzbjogXjAwMDAwMApeNjYwMDAwRXN0YSBtZWpvcmEgcHVlZGUgZmFsbGFyLl4wMDAwMDAKXjY2MDAwMFNpIGVsIG9iamV0byB5YSB0aWVuZSB1bmEgaGFiaWxpZGFkIGV4dHJhLCByZXN0YWJsZWNlcmVtb3MgbGEgaGFiaWxpZGFkIGRlbCBvYmpldG8geSBsZSBkYXJlbW9zIGxhIHBvc2liaWxpZGFkIGRlIGF1bWVudGFyIGVsIGRhw7FvIGRlIFRvcm1lbnRhIGRlIG1ldGVvcm9zIGVuIHVuIDIwJS5eMDAwMDAwCl42NjAwMDDCv1NlZ3VybyBxdWUgcXVpZXJlcyBtZWpvcmFyIGVzdGUgb2JqZXRvP14wMDAwMDA=
/8qNBA,,XkZGMDAwMCAgICBDYXV0aW9uIF4wMDAwMDAKXkZGMDAwMFRoaXMgdXBncmFkZSBjYW4gYmUgZmFpbGVkLl4wMDAwMDAKXkZGMDAwMElmIHRoZSBpdGVtIGFscmVhZHkgaGFzIGV4dHJhIGFiaWxpdHksIHdlIHdpbGwgcmVzZXQgaXRlbSdzIGFiaWxpdHkgYW5kIGdpdmUgJ1JlZHVjZWQgdmFyaWFibGUgY2FzdGluZyBieSAxJSBwZXIgMSBsZXZlbCBvZiBGYWl0aCcuXjAwMDAwMApeRkYwMDAwQXJlIHlvdSBzdXJlIGFib3V0IHVwZ3JhZGluZyB0aGlzIGl0ZW0/XjAwMDAwMA==,,,,,,,XjY2MDAwMEF0ZW5jacOzbjogXjAwMDAwMApeNjYwMDAwRXN0YSBtZWpvcmEgcHVlZGUgZmFsbGFyLl4wMDAwMDAKXjY2MDAwMFNpIGVsIG9iamV0byB5YSB0aWVuZSB1bmEgaGFiaWxpZGFkIGV4dHJhLCByZXN0YWJsZWNlcmVtb3MgbGEgaGFiaWxpZGFkIGRlbCBvYmpldG8geSBsZSBkYXJlbW9zIGxhIHBvc2liaWxpZGFkIGRlIHJlZHVjaXIgZWwgdGllbXBvIGRlIGxhbnphbWllbnRvIHZhcmlhYmxlIGVuIHVuIDElIHBvciBjYWRhIDFuaXZlbCBkZSBGZS5eMDAwMDAwCl42NjAwMDDCv1NlZ3VybyBxdWUgcXVpZXJlcyBtZWpvcmFyIGVzdGUgb2JqZXRvP14wMDAwMDA=
AMuNBA,,XkZGMDAwMCAgICBDYXV0aW9uIF4wMDAwMDAKXkZGMDAwMFRoaXMgdXBncmFkZSBjYW4gYmUgZmFpbGVkLl4wMDAwMDAKXkZGMDAwMElmIHRoZSBpdGVtIGFscmVhZHkgaGFzIGV4dHJhIGFiaWxpdHksIHdlIHdpbGwgcmVzZXQgaXRlbSdzIGFiaWxpdHkgYW5kIGdpdmUgJ0dsb2JhbCBjb29sZG93biByZWR1Y2VkIGJ5IDElIHBlciAxIGxldmVsIG9mIEFpciBDYW5ub24nLl4wMDAwMDAKXkZGMDAwMEFyZSB5b3Ugc3VyZSBhYm91dCB1cGdyYWRpbmcgdGhpcyBpdGVtP14wMDAwMDA=,,,,,,,XjY2MDAwMEF0ZW5jacOzbjogXjAwMDAwMApeNjYwMDAwRXN0YSBtZWpvcmEgcHVlZGUgZmFsbGFyLl4wMDAwMDAKXjY2MDAwMFNpIGVsIG9iamV0byB5YSB0aWVuZSB1bmEgaGFiaWxpZGFkIGV4dHJhLCByZXN0YWJsZWNlcmVtb3MgbGEgaGFiaWxpZGFkIGRlbCBvYmpldG8geSBsZSBkYXJlbW9zIGxhIHBvc2liaWxpZGFkIGRlIHJlZHVjaXIgZWwgdGllbXBvIGRlIHJlY2FyZ2EgZ2VuZXJhbCBlbiB1biAxJSBwb3IgY2FkYSAxbml2ZWwgZGUgQ2HDscOzbiBkZSBicmF6by5eMDAwMDAwCl42NjAwMDDCv1NlZ3VybyBxdWUgcXVpZXJlcyBtZWpvcmFyIGVzdGUgb2JqZXRvP14wMDAwMDA=
AcuNBA,,XkZGMDAwMCAgICBDYXV0aW9uIF4wMDAwMDAKXkZGMDAwMFRoaXMgdXBncmFkZSBjYW4gYmUgZmFpbGVkLl4wMDAwMDAKXkZGMDAwMElmIHRoZSBpdGVtIGFscmVhZHkgaGFzIGV4dHJhIGFiaWxpdHksIHdlIHdpbGwgcmVzZXQgaXRlbSdzIGFiaWxpdHkgYW5kIGdpdmUgJ0ZvciBldmVyeSBsZXZlbCBvZiBDbGFzaGluZyBTcGlyYWwgbGVhcm5lZCwgaW5jcmVhc2VzIGxvbmcgcmFuZ2VkIHBoeXNpY2FsIGRhbWFnZSBieSAxJScuXjAwMDAwMApeRkYwMDAwQXJlIHlvdSBzdXJlIGFib3V0IHVwZ3JhZGluZyB0aGlzIGl0ZW0/XjAwMDAwMA==,,,,,,,XjY2MDAwMEF0ZW5jacOzbjogXjAwMDAwMApeNjYwMDAwRXN0YSBtZWpvcmEgcHVlZGUgZmFsbGFyLl4wMDAwMDAKXjY2MDAwMFNpIGVsIG9iamV0byB5YSB0aWVuZSB1bmEgaGFiaWxpZGFkIGV4dHJhLCByZXN0YWJsZWNlcmVtb3MgbGEgaGFiaWxpZGFkIGRlbCBvYmpldG8geSBsZSBkYXJlbW9zIGxhIHBvc2liaWxpZGFkIGRlIHF1ZSwgcG9yIGNhZGEgMW5pdmVsIGRlIEVzcGlyYWwgcGVyZm9yYW50ZSBhcHJlbmRpZG8sIGF1bWVudGUgZWwgZGHDsW8gZsOtc2ljbyBhIGRpc3RhbmNpYSBlbiB1biAxJS5eMDAwMDAwCl42NjAwMDDCv1NlZ3VybyBxdWUgcXVpZXJlcyBtZWpvcmFyIGVzdGUgb2JqZXRvP14wMDAwMDA=
AsuNBA,,XkZGMDAwMCAgICBDYXV0aW9uIF4wMDAwMDAKXkZGMDAwMFRoaXMgdXBncmFkZSBjYW4gYmUgZmFpbGVkLl4wMDAwMDAKXkZGMDAwMElmIHRoZSBpdGVtIGFscmVhZHkgaGFzIGV4dHJhIGFiaWxpdHksIHdlIHdpbGwgcmVzZXQgaXRlbSdzIGFiaWxpdHkgYW5kIGdpdmUgJ0ZvciBldmVyeSBsZXZlbCBvZiBTdW1tb24gRmxvcmEgbGVhcm5lZCwgaW5jcmVhc2VzIHBoeXNpY2FsIGRhbWFnZSBhZ2FpbnN0IGFsbCBzaXplIGVuZW1pZXMgYnkgMSUnLl4wMDAwMDAKXkZGMDAwMEFyZSB5b3Ugc3VyZSBhYm91dCB1cGdyYWRpbmcgdGhpcyBpdGVtP14wMDAwMDA=,,,,,,,XjY2MDAwMEF0ZW5jacOzbjogXjAwMDAwMApeNjYwMDAwRXN0YSBtZWpvcmEgcHVlZGUgZmFsbGFyLl4wMDAwMDAKXjY2MDAwMFNpIGVsIG9iamV0byB5YSB0aWVuZSB1bmEgaGFiaWxpZGFkIGV4dHJhLCByZXN0YWJsZWNlcmVtb3MgbGEgaGFiaWxpZGFkIGRlbCBvYmpldG8geSBsZSBkYXJlbW9zIGxhIHBvc2liaWxpZGFkIGRlIHF1ZSwgcG9yIGNhZGEgMW5pdmVsIGRlIEludm9jYXIgYSBGbG9yYSBhcHJlbmRpZG8sIGF1bWVudGUgZWwgZGHDsW8gZsOtc2ljbyBjb250cmEgbG9zIGVuZW1pZ29zIGRlIHRvZG9zIGxvcyB0YW1hw7FvcyBlbiB1biAxJS5eMDAwMDAwCl42NjAwMDDCv1NlZ3VybyBxdWUgcXVpZXJlcyBtZWpvcmFyIGVzdGUgb2JqZXRvP14wMDAwMDA=
A8uNBA,,XkZGMDAwMCAgICBDYXV0aW9uIF4wMDAwMDAKXkZGMDAwMFRoaXMgdXBncmFkZSBjYW4gYmUgZmFpbGVkLl4wMDAwMDAKXkZGMDAwMElmIHRoZSBpdGVtIGFscmVhZHkgaGFzIGV4dHJhIGFiaWxpdHksIHdlIHdpbGwgcmVzZXQgaXRlbSdzIGFiaWxpdHkgYW5kIGdpdmUgJ0luY3JlYXNlcyBBcnJvdyBWdWxjYW4gZGFtYWdlIGJ5IDE1JScuXjAwMDAwMApeRkYwMDAwQXJlIHlvdSBzdXJlIGFib3V0IHVwZ3JhZGluZyB0aGlzIGl0ZW0/XjAwMDAwMA==,,,,,,,XjY2MDAwMEF0ZW5jacOzbjogXjAwMDAwMApeNjYwMDAwRXN0YSBtZWpvcmEgcHVlZGUgZmFsbGFyLl4wMDAwMDAKXjY2MDAwMFNpIGVsIG9iamV0byB5YSB0aWVuZSB1bmEgaGFiaWxpZGFkIGV4dHJhLCByZXN0YWJsZWNlcmVtb3MgbGEgaGFiaWxpZGFkIGRlbCBvYmpldG8geSBsZSBkYXJlbW9zIGxhIHBvc2liaWxpZGFkIGRlIGF1bWVudGFyIGVsIGRhw7FvIGRlIFRpcm9zIGFyY2Fub3MgZW4gdW4gMTUlLl4wMDAwMDAKXjY2MDAwMMK/U2VndXJvIHF1ZSBxdWllcmVzIG1lam9yYXIgZXN0ZSBvYmpldG8/XjAwMDAwMA==
BMuNBA,,XkZGMDAwMCAgICBDYXV0aW9uIF4wMDAwMDAKXkZGMDAwMFRoaXMgdXBncmFkZSBjYW4gYmUgZmFpbGVkLl4wMDAwMDAKXkZGMDAwMElmIHRoZSBpdGVtIGFscmVhZHkgaGFzIGV4dHJhIGFiaWxpdHksIHdlIHdpbGwgcmVzZXQgaXRlbSdzIGFiaWxpdHkgYW5kIGdpdmUgJ0luY3JlYXNlcyBsb25nIHJhbmdlZCBwaHlzaWNhbCBkYW1hZ2UgYnkgMyUnLl4wMDAwMDAKXkZGMDAwMEFyZSB5b3Ugc3VyZSBhYm91dCB1cGdyYWRpbmcgdGhpcyBpdGVtP14wMDAwMDA=,,,,,,,XjY2MDAwMEF0ZW5jacOzbjogXjAwMDAwMApeNjYwMDAwRXN0YSBtZWpvcmEgcHVlZGUgZmFsbGFyLl4wMDAwMDAKXjY2MDAwMFNpIGVsIG9iamV0byB5YSB0aWVuZSB1bmEgaGFiaWxpZGFkIGV4dHJhLCByZXN0YWJsZWNlcmVtb3MgbGEgaGFiaWxpZGFkIGRlbCBvYmpldG8geSBsZSBkYXJlbW9zIGxhIHBvc2liaWxpZGFkIGRlIGF1bWVudGFyIGVsIGRhw7FvIGbDrXNpY28gYSBkaXN0YW5jaWEgZW4gdW4gMyUuXjAwMDAwMApeNjYwMDAwwr9TZWd1cm8gcXVlIHF1aWVyZXMgbWVqb3JhciBlc3RlIG9iamV0bz9eMDAwMDAw
BcuNBA,,XkZGMDAwMCAgICBDYXV0aW9uIF4wMDAwMDAKXkZGMDAwMFRoaXMgdXBncmFkZSBjYW4gYmUgZmFpbGVkLl4wMDAwMDAKXkZGMDAwMElmIHRoZSBpdGVtIGFscmVhZHkgaGFzIGV4dHJhIGFiaWxpdHksIHdlIHdpbGwgcmVzZXQgaXRlbSdzIGFiaWxpdHkgYW5kIGdpdmUgJ0luY3JlYXNlcyBtZWxlZSBwaHlzaWNhbCBkYW1hZ2UgYnkgMyUnLl4wMDAwMDAKXkZGMDAwMEFyZSB5b3Ugc3VyZSBhYm91dCB1cGdyYWRpbmcgdGhpcyBpdGVtP14wMDAwMDA=,,,,,,,XjY2MDAwMEF0ZW5jacOzbjogXjAwMDAwMApeNjYwMDAwRXN0YSBtZWpvcmEgcHVlZGUgZmFsbGFyLl4wMDAwMDAKXjY2MDAwMFNpIGVsIG9iamV0byB5YSB0aWVuZSB1bmEgaGFiaWxpZGFkIGV4dHJhLCByZXN0YWJsZWNlcmVtb3MgbGEgaGFiaWxpZGFkIGRlbCBvYmpldG8geSBsZSBkYXJlbW9zIGxhIHBvc2liaWxpZGFkIGRlIGF1bWVudGFyIGVsIGRhw7FvIGbDrXNpY28gY3VlcnBvIGEgY3VlcnBvIGVuIHVuIDMlLl4wMDAwMDAKXjY2MDAwMMK/U2VndXJvIHF1ZSBxdWllcmVzIG1lam9yYXIgZXN0ZSBvYmpldG8/XjAwMDAwMA==
BsuNBA,,XkZGMDAwMCAgICBDYXV0aW9uIF4wMDAwMDAKXkZGMDAwMFRoaXMgdXBncmFkZSBjYW4gYmUgZmFpbGVkLl4wMDAwMDAKXkZGMDAwMElmIHRoZSBpdGVtIGFscmVhZHkgaGFzIGV4dHJhIGFiaWxpdHksIHdlIHdpbGwgcmVzZXQgaXRlbSdzIGFiaWxpdHkgYW5kIGdpdmUgJ0luY3JlYXNlcyBhbGwgcHJvcGVydHkgbWFnaWNhbCBkYW1hZ2UgYnkgYWRkaXRpb25hbCA2JScuXjAwMDAwMApeRkYwMDAwQXJlIHlvdSBzdXJlIGFib3V0IHVwZ3JhZGluZyB0aGlzIGl0ZW0/XjAwMDAwMA==,,,,,,,XjY2MDAwMEF0ZW5jacOzbjogXjAwMDAwMApeNjYwMDAwRXN0YSBtZWpvcmEgcHVlZGUgZmFsbGFyLl4wMDAwMDAKXjY2MDAwMFNpIGVsIG9iamV0byB5YSB0aWVuZSB1bmEgaGFiaWxpZGFkIGV4dHJhLCByZXN0YWJsZWNlcmVtb3MgbGEgaGFiaWxpZGFkIGRlbCBvYmpldG8geSBsZSBkYXJlbW9zIGxhIHBvc2liaWxpZGFkIGRlIGF1bWVudGFyIGVsIGRhw7FvIG3DoWdpY28gZGUgdG9kYXMgbGFzIHByb3BpZWRhZGVzIGVuIHVuIDYlIGFkaWNpb25hbC5eMDAwMDAwCl42NjAwMDDCv1NlZ3VybyBxdWUgcXVpZXJlcyBtZWpvcmFyIGVzdGUgb2JqZXRvP14wMDAwMDA=
B8uNBA,,XkZGMDAwMCAgICBDYXV0aW9uIF4wMDAwMDAKXkZGMDAwMFRoaXMgdXBncmFkZSBjYW4gYmUgZmFpbGVkLl4wMDAwMDAKXkZGMDAwMElmIHRoZSBpdGVtIGFscmVhZHkgaGFzIGV4dHJhIGFiaWxpdHksIHdlIHdpbGwgcmVzZXQgaXRlbSdzIGFiaWxpdHkgYW5kIGdpdmUgJ0luY3JlYXNlcyBjcml0aWNhbCBkYW1hZ2UgYnkgMiUgcGVyIGVhY2ggbGV2ZWwgb2YgRHJhZ29uIFRyYWluaW5nIGxlYXJuZWQnLl4wMDAwMDAKXkZGMDAwMEFyZSB5b3Ugc3VyZSBhYm91dCB1cGdyYWRpbmcgdGhpcyBpdGVtP14wMDAwMDA=,,,,,,,XjY2MDAwMEF0ZW5jacOzbjogXjAwMDAwMApeNjYwMDAwRXN0YSBtZWpvcmEgcHVlZGUgZmFsbGFyLl4wMDAwMDAKXjY2MDAwMFNpIGVsIG9iamV0byB5YSB0aWVuZSB1bmEgaGFiaWxpZGFkIGV4dHJhLCByZXN0YWJsZWNlcmVtb3MgbGEgaGFiaWxpZGFkIGRlbCBvYmpldG8geSBsZSBkYXJlbW9zIGxhIHBvc2liaWxpZGFkIGRlIGF1bWVudGFyIGVsIGRhw7FvIGNyw610aWNvIGVuIHVuIDIlIHBvciBjYWRhIDFuaXZlbCBkZSBFbnRyZW5hbWllbnRvIGRlIGRyYWdvbmVzIGFwcmVuZGlkby5eMDAwMDAwCl42NjAwMDDCv1NlZ3VybyBxdWUgcXVpZXJlcyBtZWpvcmFyIGVzdGUgb2JqZXRvP14wMDAwMDA=
CMuNBA,,XkZGMDAwMCAgICBDYXV0aW9uIF4wMDAwMDAKXkZGMDAwMFRoaXMgdXBncmFkZSBjYW4gYmUgZmFpbGVkLl4wMDAwMDAKXkZGMDAwMElmIHRoZSBpdGVtIGFscmVhZHkgaGFzIGV4dHJhIGFiaWxpdHksIHdlIHdpbGwgcmVzZXQgaXRlbSdzIGFiaWxpdHkgYW5kIGdpdmUgJ0luY3JlYXNlcyBhbGwgbWFnaWNhbCBwcm9wZXJ0eSBkYW1hZ2UgYnkgMiUgcGVyIGVhY2ggbGV2ZWwgb2YgU291bCBFeHBhbnNpb24gbGVhcm5lZCcuXjAwMDAwMApeRkYwMDAwQXJlIHlvdSBzdXJlIGFib3V0IHVwZ3JhZGluZyB0aGlzIGl0ZW0/XjAwMDAwMA==,,,,,,,XjY2MDAwMEF0ZW5jacOzbjogXjAwMDAwMApeNjYwMDAwRXN0YSBtZWpvcmEgcHVlZGUgZmFsbGFyLl4wMDAwMDAKXjY2MDAwMFNpIGVsIG9iamV0byB5YSB0aWVuZSB1bmEgaGFiaWxpZGFkIGV4dHJhLCByZXN0YWJsZWNlcmVtb3MgbGEgaGFiaWxpZGFkIGRlbCBvYmpldG8geSBsZSBkYXJlbW9zIGxhIHBvc2liaWxpZGFkIGRlIGF1bWVudGFyIGVsIGRhw7FvIGRlIHRvZGFzIGxhcyBwcm9waWVkYWRlcyBtw6FnaWNhcyBlbiB1biAyJSBwb3IgY2FkYSAxbml2ZWwgZGUgSW1wYWN0byBlc3Bpcml0dWFsIGFwcmVuZGlkby5eMDAwMDAwCl42NjAwMDDCv1NlZ3VybyBxdWUgcXVpZXJlcyBtZWpvcmFyIGVzdGUgb2JqZXRvP14wMDAwMDA=
CcuNBA,,XkZGMDAwMCAgICBDYXV0aW9uIF4wMDAwMDAKXkZGMDAwMFRoaXMgdXBncmFkZSBjYW4gYmUgZmFpbGVkLl4wMDAwMDAKXkZGMDAwMElmIHRoZSBpdGVtIGFscmVhZHkgaGFzIGV4dHJhIGFiaWxpdHksIHdlIHdpbGwgcmVzZXQgaXRlbSdzIGFiaWxpdHkgYW5kIGdpdmUgJ1JlZHVjZXMgZml4ZWQgY2FzdGluZyB0aW1lIGJ5IDAuMSBzZWNvbmRzIHBlciBlYWNoIGxldmVsIG9mIEluc3BpcmF0aW9uIGxlYXJuZWQnLl4wMDAwMDAKXkZGMDAwMEFyZSB5b3Ugc3VyZSBhYm91dCB1cGdyYWRpbmcgdGhpcyBpdGVtP14wMDAwMDA=,,,,,,,XjY2MDAwMEF0ZW5jacOzbjogXjAwMDAwMApeNjYwMDAwRXN0YSBtZWpvcmEgcHVlZGUgZmFsbGFyLl4wMDAwMDAKXjY2MDAwMFNpIGVsIG9iamV0byB5YSB0aWVuZSB1bmEgaGFiaWxpZGFkIGV4dHJhLCByZXN0YWJsZWNlcmVtb3MgbGEgaGFiaWxpZGFkIGRlbCBvYmpldG8geSBsZSBkYXJlbW9zIGxhIHBvc2liaWxpZGFkIGRlIHJlZHVjaXIgZWwgdGllbXBvIGRlIGxhbnphbWllbnRvIGZpam8gZW4gMCwxc2VndW5kb3MgcG9yIGNhZGEgMW5pdmVsIGRlIEluc3BpcmFjacOzbiBhcHJlbmRpZG8uXjAwMDAwMApeNjYwMDAwwr9TZWd1cm8gcXVlIHF1aWVyZXMgbWVqb3JhciBlc3RlIG9iamV0bz9eMDAwMDAw
CsuNBA,,XkZGMDAwMCAgICBDYXV0aW9uIF4wMDAwMDAKXkZGMDAwMFRoaXMgdXBncmFkZSBjYW4gYmUgZmFpbGVkLl4wMDAwMDAKXkZGMDAwMElmIHRoZSBpdGVtIGFscmVhZHkgaGFzIGV4dHJhIGFiaWxpdHksIHdlIHdpbGwgcmVzZXQgaXRlbSdzIGFiaWxpdHkgYW5kIGdpdmUgJ0ZvciBldmVyeSBsZXZlbCBvZiBWb2ljZSBMZXNzb25zLCByZWR1Y2UgdmFyaWFibGUgY2FzdGluZyB0aW1lIGJ5IDElJy5eMDAwMDAwCl5GRjAwMDBBcmUgeW91IHN1cmUgYWJvdXQgdXBncmFkaW5nIHRoaXMgaXRlbT9eMDAwMDAw,,,,,,,XjY2MDAwMEF0ZW5jacOzbjogXjAwMDAwMApeNjYwMDAwRXN0YSBtZWpvcmEgcHVlZGUgZmFsbGFyLl4wMDAwMDAKXjY2MDAwMFNpIGVsIG9iamV0byB5YSB0aWVuZSB1bmEgaGFiaWxpZGFkIGV4dHJhLCByZXN0YWJsZWNlcmVtb3MgbGEgaGFiaWxpZGFkIGRlbCBvYmpldG8geSBsZSBkYXJlbW9zIGxhIHBvc2liaWxpZGFkIGRlIHF1ZSwgcG9yIGNhZGEgMW5pdmVsIGRlIExlY2Npb25lcyBkZSB2b3osIHNlIHJlZHV6Y2EgZWwgdGllbXBvIGRlIGxhbnphbWllbnRvIHZhcmlhYmxlIGVuIHVuIDElLl4wMDAwMDAKXjY2MDAwMMK/U2VndXJvIHF1ZSBxdWllcmVzIG1lam9yYXIgZXN0ZSBvYmpldG8/XjAwMDAwMA==
C8uNBA,,XkZGMDAwMCAgICBDYXV0aW9uIF4wMDAwMDAKXkZGMDAwMFRoaXMgdXBncmFkZSBjYW4gYmUgZmFpbGVkLl4wMDAwMDAKXkZGMDAwMElmIHRoZSBpdGVtIGFscmVhZHkgaGFzIGV4dHJhIGFiaWxpdHksIHdlIHdpbGwgcmVzZXQgaXRlbSdzIGFiaWxpdHkgYW5kIGdpdmUgJ0ZvciBldmVyeSBsZXZlbCBvZiBDYXJ0IENhbm5vbiwgaW5jcmVhc2UgbG9uZyByYW5nZWQgcGh5c2ljYWwgZGFtYWdlIGJ5IDIlJy5eMDAwMDAwCl5GRjAwMDBBcmUgeW91IHN1cmUgYWJvdXQgdXBncmFkaW5nIHRoaXMgaXRlbT9eMDAwMDAw,,,,,,,XjY2MDAwMEF0ZW5jacOzbjogXjAwMDAwMApeNjYwMDAwRXN0YSBtZWpvcmEgcHVlZGUgZmFsbGFyLl4wMDAwMDAKXjY2MDAwMFNpIGVsIG9iamV0byB5YSB0aWVuZSB1bmEgaGFiaWxpZGFkIGV4dHJhLCByZXN0YWJsZWNlcmVtb3MgbGEgaGFiaWxpZGFkIGRlbCBvYmpldG8geSBsZSBkYXJlbW9zIGxhIHBvc2liaWxpZGFkIGRlIHF1ZSwgcG9yIGNhZGEgMW5pdmVsIGRlIENhw7HDs24gZGUgY2FycmV0YSwgYXVtZW50ZSBlbCBkYcOxbyBmw61zaWNvIGEgZGlzdGFuY2lhIGVuIHVuIDIlLl4wMDAwMDAKXjY2MDAwMMK/U2VndXJvIHF1ZSBxdWllcmVzIG1lam9yYXIgZXN0ZSBvYmpldG8/XjAwMDAwMA==
DMuNBA,,XkZGMDAwMCAgICBDYXV0aW9uIF4wMDAwMDAKXkZGMDAwMFRoaXMgdXBncmFkZSBjYW4gYmUgZmFpbGVkLl4wMDAwMDAKXkZGMDAwMElmIHRoZSBpdGVtIGFscmVhZHkgaGFzIGV4dHJhIGFiaWxpdHksIHdlIHdpbGwgcmVzZXQgaXRlbSdzIGFiaWxpdHkgYW5kIGdpdmUgJ0ZvciBldmVyeSBsZXZlbCBvZiBTdHJpa2luZywgcmVkdWNlIGZpeGVkIGNhc3RpbmcgdGltZSBieSAwLjEgc2Vjb25kcycuXjAwMDAwMApeRkYwMDAwQXJlIHlvdSBzdXJlIGFib3V0IHVwZ3JhZGluZyB0aGlzIGl0ZW0/XjAwMDAwMA==,,,,,,,XjY2MDAwMEF0ZW5jacOzbjogXjAwMDAwMApeNjYwMDAwRXN0YSBtZWpvcmEgcHVlZGUgZmFsbGFyLl4wMDAwMDAKXjY2MDAwMFNpIGVsIG9iamV0byB5YSB0aWVuZSB1bmEgaGFiaWxpZGFkIGV4dHJhLCByZXN0YWJsZWNlcmVtb3MgbGEgaGFiaWxpZGFkIGRlbCBvYmpldG8geSBsZSBkYXJlbW9zIGxhIHBvc2liaWxpZGFkIGRlIHF1ZSwgcG9yIGNhZGEgMW5pdmVsIGRlIFBvdGVuY2lhIG9mZW5zaXZhLCBzZSByZWR1emNhIGVsIHRpZW1wbyBkZSBsYW56YW1pZW50byBmaWpvIGVuIDAsMXNlZ3VuZG9zLl4wMDAwMDAKXjY2MDAwMMK/U2VndXJvIHF1ZSBxdWllcmVzIG1lam9yYXIgZXN0ZSBvYmpldG8/XjAwMDAwMA==
DcuNBA,,XkZGMDAwMCAgICBDYXV0aW9uIF4wMDAwMDAKXkZGMDAwMFRoaXMgdXBncmFkZSBjYW4gYmUgZmFpbGVkLl4wMDAwMDAKXkZGMDAwMElmIHRoZSBpdGVtIGFscmVhZHkgaGFzIGV4dHJhIGFiaWxpdHksIHdlIHdpbGwgcmVzZXQgaXRlbSdzIGFiaWxpdHkgYW5kIGdpdmUgJ0ZvciBldmVyeSBsZXZlbCBvZiBDbGVtZW50aWEgbGVhcm5lZCwgcmVkdWNlcyBnbG9iYWwgY29vbGRvd24gYnkgMyUnLl4wMDAwMDAKXkZGMDAwMEFyZSB5b3Ugc3VyZSBhYm91dCB1cGdyYWRpbmcgdGhpcyBpdGVtP14wMDAwMDA=,,,,,,,XjY2MDAwMEF0ZW5jacOzbjogXjAwMDAwMApeNjYwMDAwRXN0YSBtZWpvcmEgcHVlZGUgZmFsbGFyLl4wMDAwMDAKXjY2MDAwMFNpIGVsIG9iamV0byB5YSB0aWVuZSB1bmEgaGFiaWxpZGFkIGV4dHJhLCByZXN0YWJsZWNlcmVtb3MgbGEgaGFiaWxpZGFkIGRlbCBvYmpldG8geSBsZSBkYXJlbW9zIGxhIHBvc2liaWxpZGFkIGRlIHF1ZSwgcG9yIGNhZGEgMW5pdmVsIGRlIENsZW1lbnRpYSBhcHJlbmRpZG8sIHNlIHJlZHV6Y2EgZWwgdGllbXBvIGRlIHJlY2FyZ2EgZ2VuZXJhbCBlbiB1biAzJS5eMDAwMDAwCl42NjAwMDDCv1NlZ3VybyBxdWUgcXVpZXJlcyBtZWpvcmFyIGVzdGUgb2JqZXRvP14wMDAwMDA=
DsuNBA,,XkZGMDAwMCAgICBDYXV0aW9uIF4wMDAwMDAKXkZGMDAwMFRoaXMgdXBncmFkZSBjYW4gYmUgZmFpbGVkLl4wMDAwMDAKXkZGMDAwMElmIHRoZSBpdGVtIGFscmVhZHkgaGFzIGV4dHJhIGFiaWxpdHksIHdlIHdpbGwgcmVzZXQgaXRlbSdzIGFiaWxpdHkgYW5kIGdpdmUgJ0ZvciBldmVyeSAyIHNraWxsIGxldmVsIG9mIE1haW4gUmFuZ2VyIGxlYXJuZWQsIHJlZHVjZXMgZ2xvYmFsIGNvb2xkb3duIGJ5IDElJy5eMDAwMDAwCl5GRjAwMDBBcmUgeW91IHN1cmUgYWJvdXQgdXBncmFkaW5nIHRoaXMgaXRlbT9eMDAwMDAw,,,,,,,XjY2MDAwMEF0ZW5jacOzbjogXjAwMDAwMApeNjYwMDAwRXN0YSBtZWpvcmEgcHVlZGUgZmFsbGFyLl4wMDAwMDAKXjY2MDAwMFNpIGVsIG9iamV0byB5YSB0aWVuZSB1bmEgaGFiaWxpZGFkIGV4dHJhLCByZXN0YWJsZWNlcmVtb3MgbGEgaGFiaWxpZGFkIGRlbCBvYmpldG8geSBsZSBkYXJlbW9zIGxhIHBvc2liaWxpZGFkIGRlIHF1ZSwgcG9yIGNhZGEgMm5pdmVsZXMgZGUgaGFiaWxpZGFkIGRlIFJhbmdlciBwcmluY2lwYWwgYXByZW5kaWRvcywgc2UgcmVkdXpjYSBlbCB0aWVtcG8gZGUgcmVjYXJnYSBnZW5lcmFsIGVuIHVuIDElLl4wMDAwMDAKXjY2MDAwMMK/U2VndXJvIHF1ZSBxdWllcmVzIG1lam9yYXIgZXN0ZSBvYmpldG8/XjAwMDAwMA==
D8uNBA,,XkZGMDAwMCAgICBDYXV0aW9uIF4wMDAwMDAKXkZGMDAwMFRoaXMgdXBncmFkZSBjYW4gYmUgZmFpbGVkLl4wMDAwMDAKXkZGMDAwMElmIHRoZSBpdGVtIGFscmVhZHkgaGFzIGV4dHJhIGFiaWxpdHksIHdlIHdpbGwgcmVzZXQgaXRlbSdzIGFiaWxpdHkgYW5kIGdpdmUgJ0ZvciBldmVyeSBsZXZlbCBvZiBVcmdlbnQgRXNjYXBlIGxlYXJuZWQsIGluY3JlYXNlcyBBU1BEIGJ5IDIlJy5eMDAwMDAwCl5GRjAwMDBBcmUgeW91IHN1cmUgYWJvdXQgdXBncmFkaW5nIHRoaXMgaXRlbT9eMDAwMDAw,,,,,,,XjY2MDAwMEF0ZW5jacOzbjogXjAwMDAwMApeNjYwMDAwRXN0YSBtZWpvcmEgcHVlZGUgZmFsbGFyLl4wMDAwMDAKXjY2MDAwMFNpIGVsIG9iamV0byB5YSB0aWVuZSB1bmEgaGFiaWxpZGFkIGV4dHJhLCByZXN0YWJsZWNlcmVtb3MgbGEgaGFiaWxpZGFkIGRlbCBvYmpldG8geSBsZSBkYXJlbW9zIGxhIHBvc2liaWxpZGFkIGRlIHF1ZSwgcG9yIGNhZGEgMW5pdmVsIGRlIEVzY2FwZSB1cmdlbnRlIGFwcmVuZGlkbywgYXVtZW50ZSBWRUxBIGVuIHVuIDIlLl4wMDAwMDAKXjY2MDAwMMK/U2VndXJvIHF1ZSBxdWllcmVzIG1lam9yYXIgZXN0ZSBvYmpldG8/XjAwMDAwMA==
EMuNBA,,XkZGMDAwMCAgICBDYXV0aW9uIF4wMDAwMDAKXkZGMDAwMFRoaXMgdXBncmFkZSBjYW4gYmUgZmFpbGVkLl4wMDAwMDAKXkZGMDAwMElmIHRoZSBpdGVtIGFscmVhZHkgaGFzIGV4dHJhIGFiaWxpdHksIHdlIHdpbGwgcmVzZXQgaXRlbSdzIGFiaWxpdHkgYW5kIGdpdmUgJ0ZvciBldmVyeSAyIGxldmVscyBvZiBSaXNpbmcgRHJhZ29uLCByZWR1Y2UgZml4ZWQgY2FzdGluZyB0aW1lIGJ5IDAuMSBzZWNvbmRzJy5eMDAwMDAwCl5GRjAwMDBBcmUgeW91IHN1cmUgYWJvdXQgdXBncmFkaW5nIHRoaXMgaXRlbT9eMDAwMDAw,,,,,,,XjY2MDAwMEF0ZW5jacOzbjogXjAwMDAwMApeNjYwMDAwRXN0YSBtZWpvcmEgcHVlZGUgZmFsbGFyLl4wMDAwMDAKXjY2MDAwMFNpIGVsIG9iamV0byB5YSB0aWVuZSB1bmEgaGFiaWxpZGFkIGV4dHJhLCByZXN0YWJsZWNlcmVtb3MgbGEgaGFiaWxpZGFkIGRlbCBvYmpldG8geSBsZSBkYXJlbW9zIGxhIHBvc2liaWxpZGFkIGRlIHF1ZSwgcG9yIGNhZGEgMm5pdmVsZXMgZGUgRHJhZ8OzbiBhc2NlbmRlbnRlLCBzZSByZWR1emNhIGVsIHRpZW1wbyBkZSBsYW56YW1pZW50byBmaWpvIGVuIDAsMXNlZ3VuZG9zLl4wMDAwMDAKXjY2MDAwMMK/U2VndXJvIHF1ZSBxdWllcmVzIG1lam9yYXIgZXN0ZSBvYmpldG8/XjAwMDAwMA==
EcuNBA,,XkZGMDAwMCAgICBDYXV0aW9uIF4wMDAwMDAKXkZGMDAwMFRoaXMgdXBncmFkZSBjYW4gYmUgZmFpbGVkLl4wMDAwMDAKXkZGMDAwMElmIHRoZSBpdGVtIGFscmVhZHkgaGFzIGV4dHJhIGFiaWxpdHksIHdlIHdpbGwgcmVzZXQgaXRlbSdzIGFiaWxpdHkgYW5kIGdpdmUgJ0ZvciBldmVyeSBsZXZlbCBvZiBGaXJlIEVhcnRoIFJlc2VhcmNoLCByZWR1Y2VzIHZhcmlhYmxlIGNhc3RpbmcgdGltZSBieSAxJScuXjAwMDAwMApeRkYwMDAwQXJlIHlvdSBzdXJlIGFib3V0IHVwZ3JhZGluZyB0aGlzIGl0ZW0/XjAwMDAwMA==,,,,,,,XjY2MDAwMEF0ZW5jacOzbjogXjAwMDAwMApeNjYwMDAwRXN0YSBtZWpvcmEgcHVlZGUgZmFsbGFyLl4wMDAwMDAKXjY2MDAwMFNpIGVsIG9iamV0byB5YSB0aWVuZSB1bmEgaGFiaWxpZGFkIGV4dHJhLCByZXN0YWJsZWNlcmVtb3MgbGEgaGFiaWxpZGFkIGRlbCBvYmpldG8geSBsZSBkYXJlbW9zIGxhIHBvc2liaWxpZGFkIGRlIHF1ZSwgcG9yIGNhZGEgMW5pdmVsIGRlIEludmVzdGlnYWNpw7NuIGRlIHRpZXJyYSB5IGZ1ZWdvLCBzZSByZWR1emNhIGVsIHRpZW1wbyBkZSBsYW56YW1pZW50byB2YXJpYWJsZSBlbiB1biAxJS5eMDAwMDAwCl42NjAwMDDCv1NlZ3VybyBxdWUgcXVpZXJlcyBtZWpvcmFyIGVzdGUgb2JqZXRvP14wMDAwMDA=
EsuNBA,,XkZGMDAwMCAgICBDYXV0aW9uIF4wMDAwMDAKXkZGMDAwMFRoaXMgdXBncmFkZSBjYW4gYmUgZmFpbGVkLl4wMDAwMDAKXkZGMDAwMElmIHRoZSBpdGVtIGFscmVhZHkgaGFzIGV4dHJhIGFiaWxpdHksIHdlIHdpbGwgcmVzZXQgaXRlbSdzIGFiaWxpdHkgYW5kIGdpdmUgJ0ZvciBldmVyeSAyIGxldmVscyBvZiBOZXcgUG9pc29uIFJlc2VhcmNoLCByZWR1Y2VzIGdsb2JhbCBjb29sZG93biBieSAxJScuXjAwMDAwMApeRkYwMDAwQXJlIHlvdSBzdXJlIGFib3V0IHVwZ3JhZGluZyB0aGlzIGl0ZW0/XjAwMDAwMA==,,,,,,,XjY2MDAwMEF0ZW5jacOzbjogXjAwMDAwMApeNjYwMDAwRXN0YSBtZWpvcmEgcHVlZGUgZmFsbGFyLl4wMDAwMDAKXjY2MDAwMFNpIGVsIG9iamV0byB5YSB0aWVuZSB1bmEgaGFiaWxpZGFkIGV4dHJhLCByZXN0YWJsZWNlcmVtb3MgbGEgaGFiaWxpZGFkIGRlbCBvYmpldG8geSBsZSBkYXJlbW9zIGxhIHBvc2liaWxpZGFkIGRlIHF1ZSwgcG9yIGNhZGEgMm5pdmVsZXMgZGUgSW52ZXN0aWdhY2nDs24gZGUgdmVuZW5vIG51ZXZvLCBzZSByZWR1emNhIGVsIHRpZW1wbyBkZSByZWNhcmdhIGdlbmVyYWwgZW4gdW4gMSUuXjAwMDAwMApeNjYwMDAwwr9TZWd1cm8gcXVlIHF1aWVyZXMgbWVqb3JhciBlc3RlIG9iamV0bz9eMDAwMDAw
E8uNBA,,XkZGMDAwMCAgICBDYXV0aW9uIF4wMDAwMDAKXkZGMDAwMFRoaXMgdXBncmFkZSBjYW4gYmUgZmFpbGVkLl4wMDAwMDAKXkZGMDAwMElmIHRoZSBpdGVtIGFscmVhZHkgaGFzIGV4dHJhIGFiaWxpdHksIHdlIHdpbGwgcmVzZXQgaXRlbSdzIGFiaWxpdHkgYW5kIGdpdmUgJ0ZvciBldmVyeSBsZXZlbCBvZiBMdW5hciBCbGVzc2luZ3MgbGVhcm5lZCwgaW5jcmVhc2UgRnVsbCBNb29uIEtpY2sgZGFtYWdlIGJ5IDMlJy5eMDAwMDAwCl5GRjAwMDBBcmUgeW91IHN1cmUgYWJvdXQgdXBncmFkaW5nIHRoaXMgaXRlbT9eMDAwMDAw,,,,,,,XjY2MDAwMEF0ZW5jacOzbjogXjAwMDAwMApeNjYwMDAwRXN0YSBtZWpvcmEgcHVlZGUgZmFsbGFyLl4wMDAwMDAKXjY2MDAwMFNpIGVsIG9iamV0byB5YSB0aWVuZSB1bmEgaGFiaWxpZGFkIGV4dHJhLCByZXN0YWJsZWNlcmVtb3MgbGEgaGFiaWxpZGFkIGRlbCBvYmpldG8geSBsZSBkYXJlbW9zIGxhIHBvc2liaWxpZGFkIGRlIHF1ZSwgcG9yIGNhZGEgMW5pdmVsIGRlIEJlbmRpY2lvbmVzIGx1bmFyZXMgYXByZW5kaWRvLCBhdW1lbnRlIGVsIGRhw7FvIGRlIFBhdGFkYSBkZSBsdW5hIGxsZW5hIGVuIHVuIDMlLl4wMDAwMDAKXjY2MDAwMMK/U2VndXJvIHF1ZSBxdWllcmVzIG1lam9yYXIgZXN0ZSBvYmpldG8/XjAwMDAwMA==
FMuNBA,,XkZGMDAwMCAgICBDYXV0aW9uIF4wMDAwMDAKXkZGMDAwMFRoaXMgdXBncmFkZSBjYW4gYmUgZmFpbGVkLl4wMDAwMDAKXkZGMDAwMElmIHRoZSBpdGVtIGFscmVhZHkgaGFzIGV4dHJhIGFiaWxpdHksIHdlIHdpbGwgcmVzZXQgaXRlbSdzIGFiaWxpdHkgYW5kIGdpdmUgJ0ZvciBldmVyeSBsZXZlbCBvZiBQbGF0aW51bSBBbHRhciBsZWFybmVkLCBJbmNyZWFzZSBwaHlzaWNhbCBkYW1hZ2UgYWdhaW5zdCBhbGwgc2l6ZSBlbmVtaWVzIGJ5IDIlLCBEcmFnb24gVGFpbCBkYW1hZ2UgYnkgNCUnLl4wMDAwMDAKXkZGMDAwMEFyZSB5b3Ugc3VyZSBhYm91dCB1cGdyYWRpbmcgdGhpcyBpdGVtP14wMDAwMDA=,,,,,,,XjY2MDAwMEF0ZW5jacOzbjogXjAwMDAwMApeNjYwMDAwRXN0YSBtZWpvcmEgcHVlZGUgZmFsbGFyLl4wMDAwMDAKXjY2MDAwMFNpIGVsIG9iamV0byB5YSB0aWVuZSB1bmEgaGFiaWxpZGFkIGV4dHJhLCByZXN0YWJsZWNlcmVtb3MgbGEgaGFiaWxpZGFkIGRlbCBvYmpldG8geSBsZSBkYXJlbW9zIGxhIHBvc2liaWxpZGFkIGRlIHF1ZSwgcG9yIGNhZGEgMW5pdmVsIGRlIEFsdGFyIHBsYXRpbm8gYXByZW5kaWRvLCBhdW1lbnRlIGVsIGRhw7FvIGbDrXNpY28gY29udHJhIGxvcyBlbmVtaWdvcyBkZSB0b2RvcyBsb3MgdGFtYcOxb3MgZW4gdW4gMiUgeSBlbCBkYcOxbyBkZSBDb2xhIGRlIGRyYWfDs24gZW4gdW4gNCUuXjAwMDAwMApeNjYwMDAwwr9TZWd1cm8gcXVlIHF1aWVyZXMgbWVqb3JhciBlc3RlIG9iamV0bz9eMDAwMDAw
FcuNBA,,XkZGMDAwMCAgICBDYXV0aW9uIF4wMDAwMDAKXkZGMDAwMFRoaXMgdXBncmFkZSBjYW4gYmUgZmFpbGVkLl4wMDAwMDAKXkZGMDAwMElmIHRoZSBpdGVtIGFscmVhZHkgaGFzIGV4dHJhIGFiaWxpdHksIHdlIHdpbGwgcmVzZXQgaXRlbSdzIGFiaWxpdHkgYW5kIGdpdmUgJ0ZvciBldmVyeSBsZXZlbCBvZiBFc3BhIGxlYXJuZWQsIGluY3JlYXNlIGFsbCBwcm9wZXJ0eSBtYWdpY2FsIGRhbWFnZSBieSAxJScuXjAwMDAwMApeRkYwMDAwQXJlIHlvdSBzdXJlIGFib3V0IHVwZ3JhZGluZyB0aGlzIGl0ZW0/XjAwMDAwMA==,,,,,,,XjY2MDAwMEF0ZW5jacOzbjogXjAwMDAwMApeNjYwMDAwRXN0YSBtZWpvcmEgcHVlZGUgZmFsbGFyLl4wMDAwMDAKXjY2MDAwMFNpIGVsIG9iamV0byB5YSB0aWVuZSB1bmEgaGFiaWxpZGFkIGV4dHJhLCByZXN0YWJsZWNlcmVtb3MgbGEgaGFiaWxpZGFkIGRlbCBvYmpldG8geSBsZSBkYXJlbW9zIGxhIHBvc2liaWxpZGFkIGRlIHF1ZSwgcG9yIGNhZGEgMW5pdmVsIGRlIEVzcGEgYXByZW5kaWRvLCBhdW1lbnRlIGVsIGRhw7FvIG3DoWdpY28gZGUgdG9kYXMgbGFzIHByb3BpZWRhZGVzIGVuIHVuIDElLl4wMDAwMDAKXjY2MDAwMMK/U2VndXJvIHF1ZSBxdWllcmVzIG1lam9yYXIgZXN0ZSBvYmpldG8/XjAwMDAwMA==
FsuNBA,,XkZGMDAwMCAgICBDYXV0aW9uIF4wMDAwMDAKXkZGMDAwMFRoaXMgdXBncmFkZSBjYW4gYmUgZmFpbGVkLl4wMDAwMDAKXkZGMDAwMElmIHRoZSBpdGVtIGFscmVhZHkgaGFzIGV4dHJhIGFiaWxpdHksIHdlIHdpbGwgcmVzZXQgaXRlbSdzIGFiaWxpdHkgYW5kIGdpdmUgJ0ZvciBldmVyeSBsZXZlbCBvZiBSaWdodGhhbmQgTWFzdGVyeSBsZWFybmVkLCBpbmNyZWFzZSBwaHlzaWNhbCBkYW1hZ2UgYWdhaW5zdCBhbGwgc2l6ZSBlbmVtaWVzIGJ5IDIlJy5eMDAwMDAwCl5GRjAwMDBBcmUgeW91IHN1cmUgYWJvdXQgdXBncmFkaW5nIHRoaXMgaXRlbT9eMDAwMDAw,,,,,,,XjY2MDAwMEF0ZW5jacOzbjogXjAwMDAwMApeNjYwMDAwRXN0YSBtZWpvcmEgcHVlZGUgZmFsbGFyLl4wMDAwMDAKXjY2MDAwMFNpIGVsIG9iamV0byB5YSB0aWVuZSB1bmEgaGFiaWxpZGFkIGV4dHJhLCByZXN0YWJsZWNlcmVtb3MgbGEgaGFiaWxpZGFkIGRlbCBvYmpldG8geSBsZSBkYXJlbW9zIGxhIHBvc2liaWxpZGFkIGRlIHF1ZSwgcG9yIGNhZGEgMW5pdmVsIGRlIE1hZXN0csOtYSBkZSBtYW5vIGRlcmVjaGEgYXByZW5kaWRvLCBhdW1lbnRlIGVsIGRhw7FvIGbDrXNpY28gY29udHJhIGxvcyBlbmVtaWdvcyBkZSB0b2RvcyBsb3MgdGFtYcOxb3MgZW4gdW4gMiUuXjAwMDAwMApeNjYwMDAwwr9TZWd1cm8gcXVlIHF1aWVyZXMgbWVqb3JhciBlc3RlIG9iamV0bz9eMDAwMDAw
F8uNBA,,XkZGMDAwMCAgICBDYXV0aW9uIF4wMDAwMDAKXkZGMDAwMFRoaXMgdXBncmFkZSBjYW4gYmUgZmFpbGVkLl4wMDAwMDAKXkZGMDAwMElmIHRoZSBpdGVtIGFscmVhZHkgaGFzIGV4dHJhIGFiaWxpdHksIHdlIHdpbGwgcmVzZXQgaXRlbSdzIGFiaWxpdHkgYW5kIGdpdmUgJ0ZvciBldmVyeSBsZXZlbCBvZiBSaWdodGhhbmQgTWFzdGVyeSBsZWFybmVkLCBpbmNyZWFzZSBtYWdpY2FsIGRhbWFnZSBhZ2FpbnN0IGFsbCBzaXplIGVuZW1pZXMgYnkgMiUnLl4wMDAwMDAKXkZGMDAwMEFyZSB5b3Ugc3VyZSBhYm91dCB1cGdyYWRpbmcgdGhpcyBpdGVtP14wMDAwMDA=,,,,,,,XjY2MDAwMEF0ZW5jacOzbjogXjAwMDAwMApeNjYwMDAwRXN0YSBtZWpvcmEgcHVlZGUgZmFsbGFyLl4wMDAwMDAKXjY2MDAwMFNpIGVsIG9iamV0byB5YSB0aWVuZSB1bmEgaGFiaWxpZGFkIGV4dHJhLCByZXN0YWJsZWNlcmVtb3MgbGEgaGFiaWxpZGFkIGRlbCBvYmpldG8geSBsZSBkYXJlbW9zIGxhIHBvc2liaWxpZGFkIGRlIHF1ZSwgcG9yIGNhZGEgMW5pdmVsIGRlIE1hZXN0csOtYSBkZSBtYW5vIGRlcmVjaGEgYXByZW5kaWRvLCBhdW1lbnRlIGVsIGRhw7FvIG3DoWdpY28gY29udHJhIGxvcyBlbmVtaWdvcyBkZSB0b2RvcyBsb3MgdGFtYcOxb3MgZW4gdW4gMiUuXjAwMDAwMApeNjYwMDAwwr9TZWd1cm8gcXVlIHF1aWVyZXMgbWVqb3JhciBlc3RlIG9iamV0bz9eMDAwMDAw
GMuNBA,,XkZGMDAwMCAgICBDYXV0aW9uIF4wMDAwMDAKXkZGMDAwMFRoaXMgdXBncmFkZSBjYW4gYmUgZmFpbGVkLl4wMDAwMDAKXkZGMDAwMElmIHRoZSBpdGVtIGFscmVhZHkgaGFzIGV4dHJhIGFiaWxpdHksIHdlIHdpbGwgcmVzZXQgaXRlbSdzIGFiaWxpdHkgYW5kIGdpdmUgJ0ZvciBldmVyeSBsZXZlbCBvZiBQaWNreSBQZWNrIGxlYXJuZWQsIGluY3JlYXNlIEx1bmF0aWMgQ2Fycm90IEJlYXQgZGFtYWdlIGJ5IDUlJy5eMDAwMDAwCl5GRjAwMDBBcmUgeW91IHN1cmUgYWJvdXQgdXBncmFkaW5nIHRoaXMgaXRlbT9eMDAwMDAw,,,,,,,XjY2MDAwMEF0ZW5jacOzbjogXjAwMDAwMApeNjYwMDAwRXN0YSBtZWpvcmEgcHVlZGUgZmFsbGFyLl4wMDAwMDAKXjY2MDAwMFNpIGVsIG9iamV0byB5YSB0aWVuZSB1bmEgaGFiaWxpZGFkIGV4dHJhLCByZXN0YWJsZWNlcmVtb3MgbGEgaGFiaWxpZGFkIGRlbCBvYmpldG8geSBsZSBkYXJlbW9zIGxhIHBvc2liaWxpZGFkIGRlIHF1ZSwgcG9yIGNhZGEgMW5pdmVsIGRlIFBpY290ZW8gZGUgcG9sbGl0byBhcHJlbmRpZG8sIGF1bWVudGUgZWwgZGHDsW8gZGUgWmFuYWhvcmlhIGRlIGx1bsOhdGljYSBlbiB1biA1JS5eMDAwMDAwCl42NjAwMDDCv1NlZ3VybyBxdWUgcXVpZXJlcyBtZWpvcmFyIGVzdGUgb2JqZXRvP14wMDAwMDA=
GcuNBA,,XkZGMDAwMCAgICBDYXV0aW9uIF4wMDAwMDAKXkZGMDAwMFRoaXMgdXBncmFkZSBjYW4gYmUgZmFpbGVkLl4wMDAwMDAKXkZGMDAwMElmIHRoZSBpdGVtIGFscmVhZHkgaGFzIGV4dHJhIGFiaWxpdHksIHdlIHdpbGwgcmVzZXQgaXRlbSdzIGFiaWxpdHkgYW5kIGdpdmUgJ0RFRiArIDIwLCBNREVGICsgNCcuXjAwMDAwMApeRkYwMDAwQXJlIHlvdSBzdXJlIGFib3V0IHVwZ3JhZGluZyB0aGlzIGl0ZW0/XjAwMDAwMA==,,,,,,,XjY2MDAwMEF0ZW5jacOzbjogXjAwMDAwMApeNjYwMDAwRXN0YSBtZWpvcmEgcHVlZGUgZmFsbGFyLl4wMDAwMDAKXjY2MDAwMFNpIGVsIG9iamV0byB5YSB0aWVuZSB1bmEgaGFiaWxpZGFkIGV4dHJhLCByZXN0YWJsZWNlcmVtb3MgbGEgaGFiaWxpZGFkIGRlbCBvYmpldG8geSBsZSBkYXJlbW9zIERFRisyMCB5IERFRk0rNC5eMDAwMDAwCl42NjAwMDDCv1NlZ3VybyBxdWUgcXVpZXJlcyBtZWpvcmFyIGVzdGUgb2JqZXRvP14wMDAwMDA=
GsuNBA,,XkZGMDAwMCAgICBDYXV0aW9uIF4wMDAwMDAKXkZGMDAwMFRoaXMgdXBncmFkZSBjYW4gYmUgZmFpbGVkLl4wMDAwMDAKXkZGMDAwMElmIHRoZSBpdGVtIGFscmVhZHkgaGFzIGV4dHJhIGFiaWxpdHksIHdlIHdpbGwgcmVzZXQgaXRlbSdzIGFiaWxpdHkgYW5kIGdpdmUgJ0V2ZXJ5IGxldmVsIG9mIFRyYW5zY2VuZGVuY2UgbGVhcm5lZCwgUmVkdWNlcyB2YXJpYWJsZSBjYXN0aW5nIHRpbWUgYnkgMyUnLl4wMDAwMDAKXkZGMDAwMEFyZSB5b3Ugc3VyZSBhYm91dCB1cGdyYWRpbmcgdGhpcyBpdGVtP14wMDAwMDA=,,,,,,,XjY2MDAwMEF0ZW5jacOzbjogXjAwMDAwMApeNjYwMDAwRXN0YSBtZWpvcmEgcHVlZGUgZmFsbGFyLl4wMDAwMDAKXjY2MDAwMFNpIGVsIG9iamV0byB5YSB0aWVuZSB1bmEgaGFiaWxpZGFkIGV4dHJhLCByZXN0YWJsZWNlcmVtb3MgbGEgaGFiaWxpZGFkIGRlbCBvYmpldG8geSBsZSBkYXJlbW9zIGxhIHBvc2liaWxpZGFkIGRlIHF1ZSwgcG9yIGNhZGEgMW5pdmVsIGRlIFRyYXNjZW5kZW5jaWEgYXByZW5kaWRvLCBzZSByZWR1emNhIGVsIHRpZW1wbyBkZSBsYW56YW1pZW50byB2YXJpYWJsZSBlbiB1biAzJS5eMDAwMDAwCl42NjAwMDDCv1NlZ3VybyBxdWUgcXVpZXJlcyBtZWpvcmFyIGVzdGUgb2JqZXRvP14wMDAwMDA=
G8uNBA,,VXBwZXI=,,,,,,,U3VwZXJpb3I=
HMuNBA,,TWlkZGxl,,,,,,,TWVkaWE=
HcuNBA,,XkZGMDAwMCAgICBDYXV0aW9uIF4wMDAwMDAKXkZGMDAwMFRoaXMgdXBncmFkZSBjYW4gYmUgZmFpbGVkLl4wMDAwMDAKXkZGMDAwMFlvdSB3aWxsIHN0aWxsIGtlZXAgdGhlIG1pZGRsZSBpdGVtJ3MgZWZmZWN0LCBidXQgaWYgdGhlIHVwcGVyIGl0ZW0gaGFzIGV4dHJhIGVmZmVjdCwgd2Ugd2lsbCByZXNldCB0aGUgZWZmZWN0IGFuZCBnaXZlIFNUUisxIG9ubHkuXjAwMDAwMApeRkYwMDAwQXJlIHlvdSBzdXJlIGFib3V0IHVwZ3JhZGluZyB0aGlzIGl0ZW0/XjAwMDAwMA==,,,,,,,XjY2MDAwMEF0ZW5jacOzbjogXjAwMDAwMApeNjYwMDAwRXN0YSBtZWpvcmEgcHVlZGUgZmFsbGFyLl4wMDAwMDAKXjY2MDAwMENvbnNlcnZhcsOhcyBlbCBlZmVjdG8gZGVsIG9iamV0byBkZWwgbWVkaW8sIHBlcm8gc2kgZWwgb2JqZXRvIHN1cGVyaW9yIHRpZW5lIHVuIGVmZWN0byBleHRyYSwgcmVzdGFibGVjZXJlbW9zIGVsIGVmZWN0byB5IHNvbG8gbGUgZGFyZW1vcyBGVUUrMS5eMDAwMDAwCl42NjAwMDDCv1NlZ3VybyBxdWUgcXVpZXJlcyBtZWpvcmFyIGVzdGUgb2JqZXRvP14wMDAwMDA=
HsuNBA,,XkZGMDAwMCAgICBDYXV0aW9uIF4wMDAwMDAKXkZGMDAwMFRoaXMgdXBncmFkZSBjYW4gYmUgZmFpbGVkLl4wMDAwMDAKXkZGMDAwMFlvdSB3aWxsIHN0aWxsIGtlZXAgdGhlIG1pZGRsZSBpdGVtJ3MgZWZmZWN0LCBidXQgaWYgdGhlIHVwcGVyIGl0ZW0gaGFzIGV4dHJhIGVmZmVjdCwgd2Ugd2lsbCByZXNldCB0aGUgZWZmZWN0IGFuZCBnaXZlIElOVCsxIG9ubHkuXjAwMDAwMApeRkYwMDAwQXJlIHlvdSBzdXJlIGFib3V0IHVwZ3JhZGluZyB0aGlzIGl0ZW0/XjAwMDAwMA==,,,,,,,XjY2MDAwMEF0ZW5jacOzbjogXjAwMDAwMApeNjYwMDAwRXN0YSBtZWpvcmEgcHVlZGUgZmFsbGFyLl4wMDAwMDAKXjY2MDAwMENvbnNlcnZhcsOhcyBlbCBlZmVjdG8gZGVsIG9iamV0byBkZWwgbWVkaW8sIHBlcm8gc2kgZWwgb2JqZXRvIHN1cGVyaW9yIHRpZW5lIHVuIGVmZWN0byBleHRyYSwgcmVzdGFibGVjZXJlbW9zIGVsIGVmZWN0byB5IHNvbG8gbGUgZGFyZW1vcyBJTlQrMS5eMDAwMDAwCl42NjAwMDDCv1NlZ3VybyBxdWUgcXVpZXJlcyBtZWpvcmFyIGVzdGUgb2JqZXRvP14wMDAwMDA=
H8uNBA,,XkZGMDAwMCAgICBDYXV0aW9uIF4wMDAwMDAKXkZGMDAwMFRoaXMgdXBncmFkZSBjYW4gYmUgZmFpbGVkLl4wMDAwMDAKXkZGMDAwMFlvdSB3aWxsIHN0aWxsIGtlZXAgdGhlIG1pZGRsZSBpdGVtJ3MgZWZmZWN0LCBidXQgaWYgdGhlIHVwcGVyIGl0ZW0gaGFzIGV4dHJhIGVmZmVjdCwgd2Ugd2lsbCByZXNldCB0aGUgZWZmZWN0IGFuZCBnaXZlIEFHSSsxIG9ubHkuXjAwMDAwMApeRkYwMDAwQXJlIHlvdSBzdXJlIGFib3V0IHVwZ3JhZGluZyB0aGlzIGl0ZW0/XjAwMDAwMA==,,,,,,,XjY2MDAwMEF0ZW5jacOzbjogXjAwMDAwMApeNjYwMDAwRXN0YSBtZWpvcmEgcHVlZGUgZmFsbGFyLl4wMDAwMDAKXjY2MDAwMENvbnNlcnZhcsOhcyBlbCBlZmVjdG8gZGVsIG9iamV0byBkZWwgbWVkaW8sIHBlcm8gc2kgZWwgb2JqZXRvIHN1cGVyaW9yIHRpZW5lIHVuIGVmZWN0byBleHRyYSwgcmVzdGFibGVjZXJlbW9zIGVsIGVmZWN0byB5IHNvbG8gbGUgZGFyZW1vcyBBR0krMS5eMDAwMDAwCl42NjAwMDDCv1NlZ3VybyBxdWUgcXVpZXJlcyBtZWpvcmFyIGVzdGUgb2JqZXRvP14wMDAwMDA=
IMuNBA,,XkZGMDAwMCAgICBDYXV0aW9uIF4wMDAwMDAKXkZGMDAwMFRoaXMgdXBncmFkZSBjYW4gYmUgZmFpbGVkLl4wMDAwMDAKXkZGMDAwMFlvdSB3aWxsIHN0aWxsIGtlZXAgdGhlIG1pZGRsZSBpdGVtJ3MgZWZmZWN0LCBidXQgaWYgdGhlIHVwcGVyIGl0ZW0gaGFzIGV4dHJhIGVmZmVjdCwgd2Ugd2lsbCByZXNldCB0aGUgZWZmZWN0IGFuZCBnaXZlREVYKzEgb25seS5eMDAwMDAwCl5GRjAwMDBBcmUgeW91IHN1cmUgYWJvdXQgdXBncmFkaW5nIHRoaXMgaXRlbT9eMDAwMDAw,,,,,,,XjY2MDAwMEF0ZW5jacOzbjogXjAwMDAwMApeNjYwMDAwRXN0YSBtZWpvcmEgcHVlZGUgZmFsbGFyLl4wMDAwMDAKXjY2MDAwMENvbnNlcnZhcsOhcyBlbCBlZmVjdG8gZGVsIG9iamV0byBkZWwgbWVkaW8sIHBlcm8gc2kgZWwgb2JqZXRvIHN1cGVyaW9yIHRpZW5lIHVuIGVmZWN0byBleHRyYSwgcmVzdGFibGVjZXJlbW9zIGVsIGVmZWN0byB5IHNvbG8gbGUgZGFyZW1vcyBERVMrMS5eMDAwMDAwCl42NjAwMDDCv1NlZ3VybyBxdWUgcXVpZXJlcyBtZWpvcmFyIGVzdGUgb2JqZXRvP14wMDAwMDA=
IcuNBA,,XkZGMDAwMCAgICBDYXV0aW9uIF4wMDAwMDAKXkZGMDAwMFRoaXMgdXBncmFkZSBjYW4gYmUgZmFpbGVkLl4wMDAwMDAKXkZGMDAwMFlvdSB3aWxsIHN0aWxsIGtlZXAgdGhlIG1pZGRsZSBpdGVtJ3MgZWZmZWN0LCBidXQgaWYgdGhlIHVwcGVyIGl0ZW0gaGFzIGV4dHJhIGVmZmVjdCwgd2Ugd2lsbCByZXNldCB0aGUgZWZmZWN0IGFuZCBnaXZlVklUKzEgb25seS5eMDAwMDAwCl5GRjAwMDBBcmUgeW91IHN1cmUgYWJvdXQgdXBncmFkaW5nIHRoaXMgaXRlbT9eMDAwMDAw,,,,,,,XjY2MDAwMEF0ZW5jacOzbjogXjAwMDAwMApeNjYwMDAwRXN0YSBtZWpvcmEgcHVlZGUgZmFsbGFyLl4wMDAwMDAKXjY2MDAwMENvbnNlcnZhcsOhcyBlbCBlZmVjdG8gZGVsIG9iamV0byBkZWwgbWVkaW8sIHBlcm8gc2kgZWwgb2JqZXRvIHN1cGVyaW9yIHRpZW5lIHVuIGVmZWN0byBleHRyYSwgcmVzdGFibGVjZXJlbW9zIGVsIGVmZWN0byB5IHNvbG8gbGUgZGFyZW1vcyBWSVQrMS5eMDAwMDAwCl42NjAwMDDCv1NlZ3VybyBxdWUgcXVpZXJlcyBtZWpvcmFyIGVzdGUgb2JqZXRvP14wMDAwMDA=
IsuNBA,,XkZGMDAwMCAgICBDYXV0aW9uIF4wMDAwMDAKXkZGMDAwMFRoaXMgdXBncmFkZSBjYW4gYmUgZmFpbGVkLl4wMDAwMDAKXkZGMDAwMFlvdSB3aWxsIHN0aWxsIGtlZXAgdGhlIG1pZGRsZSBpdGVtJ3MgZWZmZWN0LCBidXQgaWYgdGhlIHVwcGVyIGl0ZW0gaGFzIGV4dHJhIGVmZmVjdCwgd2Ugd2lsbCByZXNldCB0aGUgZWZmZWN0IGFuZCBnaXZlTFVLKzEgb25seS5eMDAwMDAwCl5GRjAwMDBBcmUgeW91IHN1cmUgYWJvdXQgdXBncmFkaW5nIHRoaXMgaXRlbT9eMDAwMDAw,,,,,,,XjY2MDAwMEF0ZW5jacOzbjogXjAwMDAwMApeNjYwMDAwRXN0YSBtZWpvcmEgcHVlZGUgZmFsbGFyLl4wMDAwMDAKXjY2MDAwMENvbnNlcnZhcsOhcyBlbCBlZmVjdG8gZGVsIG9iamV0byBkZWwgbWVkaW8sIHBlcm8gc2kgZWwgb2JqZXRvIHN1cGVyaW9yIHRpZW5lIHVuIGVmZWN0byBleHRyYSwgcmVzdGFibGVjZXJlbW9zIGVsIGVmZWN0byB5IHNvbG8gbGUgZGFyZW1vcyBTVUUrMS5eMDAwMDAwCl42NjAwMDDCv1NlZ3VybyBxdWUgcXVpZXJlcyBtZWpvcmFyIGVzdGUgb2JqZXRvP14wMDAwMDA=
I8uNBA,,XkZGMDAwMCAgICBDYXV0aW9uIF4wMDAwMDAKXkZGMDAwMFRoaXMgdXBncmFkZSBjYW4gYmUgZmFpbGVkLl4wMDAwMDAKXkZGMDAwMElmIHRoZSBpdGVtIGFscmVhZHkgaGFzIGV4dHJhIGFiaWxpdHksIHdlIHdpbGwgcmVzZXQgaXRlbSdzIGFiaWxpdHkgYW5kIGdpdmUgaW5jcmVhc2UgcmVjb3Zlcnkgc2tpbGxzIGVmZmVjdCBmb3IgMyUuXjAwMDAwMApeRkYwMDAwQXJlIHlvdSBzdXJlIGFib3V0IHVwZ3JhZGluZyB0aGlzIGl0ZW0/XjAwMDAwMA==,,,,,,,XjY2MDAwMEF0ZW5jacOzbjogXjAwMDAwMApeNjYwMDAwRXN0YSBtZWpvcmEgcHVlZGUgZmFsbGFyLl4wMDAwMDAKXjY2MDAwMFNpIGVsIG9iamV0byB5YSB0aWVuZSB1bmEgaGFiaWxpZGFkIGV4dHJhLCByZXN0YWJsZWNlcmVtb3MgbGEgaGFiaWxpZGFkIGRlbCBvYmpldG8geSBsZSBkYXJlbW9zIGxhIHBvc2liaWxpZGFkIGRlIGF1bWVudGFyIGVsIGVmZWN0byBkZSBsYXMgaGFiaWxpZGFkZXMgZGUgcmVjdXBlcmFjacOzbiBlbiB1biAzJS5eMDAwMDAwCl42NjAwMDDCv1NlZ3VybyBxdWUgcXVpZXJlcyBtZWpvcmFyIGVzdGUgb2JqZXRvP14wMDAwMDA=
JMuNBA,,XkZGMDAwMCAgICBDYXV0aW9uIF4wMDAwMDAKXkZGMDAwMFRoaXMgdXBncmFkZSBjYW4gYmUgZmFpbGVkLl4wMDAwMDAKXkZGMDAwMElmIHRoZSBpdGVtIGFscmVhZHkgaGFzIGV4dHJhIGFiaWxpdHksIHdlIHdpbGwgcmVzZXQgaXRlbSdzIGFiaWxpdHkgYW5kIGdpdmUgMSUgZXh0cmEgZGFtYWdlIGVmZmVjdCB3aGVuIGZpZ2h0aW5nIG1lZGl1biBtb25zdGVycy5eMDAwMDAwCl5GRjAwMDBBcmUgeW91IHN1cmUgYWJvdXQgdXBncmFkaW5nIHRoaXMgaXRlbT9eMDAwMDAw,,,,,,,XjY2MDAwMEF0ZW5jacOzbjogXjAwMDAwMApeNjYwMDAwRXN0YSBtZWpvcmEgcHVlZGUgZmFsbGFyLl4wMDAwMDAKXjY2MDAwMFNpIGVsIG9iamV0byB5YSB0aWVuZSB1bmEgaGFiaWxpZGFkIGV4dHJhLCByZXN0YWJsZWNlcmVtb3MgbGEgaGFiaWxpZGFkIGRlbCBvYmpldG8geSBsZSBkYXJlbW9zIHVuIGVmZWN0byBkZSBkYcOxbyBleHRyYSBkZWwgMSUgYWwgbHVjaGFyIGNvbnRyYSBtb25zdHJ1b3MgbWVkaWFub3MuXjAwMDAwMApeNjYwMDAwwr9TZWd1cm8gcXVlIHF1aWVyZXMgbWVqb3JhciBlc3RlIG9iamV0bz9eMDAwMDAw
JcuNBA,,XkZGMDAwMCAgICBDYXV0aW9uIF4wMDAwMDAKXkZGMDAwMFRoaXMgdXBncmFkZSBjYW4gYmUgZmFpbGVkLl4wMDAwMDAKXkZGMDAwMElmIHRoZSBpdGVtIGFscmVhZHkgaGFzIGV4dHJhIGFiaWxpdHksIHdlIHdpbGwgcmVzZXQgaXRlbSdzIGFiaWxpdHkgYW5kIGdpdmUgJ0FUSyArIDElJyBvbmx5Ll4wMDAwMDAKXkZGMDAwMEFyZSB5b3Ugc3VyZSBhYm91dCB1cGdyYWRpbmcgdGhpcyBpdGVtP14wMDAwMDA=,,,,,,,XjY2MDAwMEF0ZW5jacOzbjogXjAwMDAwMApeNjYwMDAwRXN0YSBtZWpvcmEgcHVlZGUgZmFsbGFyLl4wMDAwMDAKXjY2MDAwMFNpIGVsIG9iamV0byB5YSB0aWVuZSB1bmEgaGFiaWxpZGFkIGV4dHJhLCByZXN0YWJsZWNlcmVtb3MgbGEgaGFiaWxpZGFkIGRlbCBvYmpldG8geSBzb2xvIGxlIGRhcmVtb3MgQVRRKzElLl4wMDAwMDAKXjY2MDAwMMK/U2VndXJvIHF1ZSBxdWllcmVzIG1lam9yYXIgZXN0ZSBvYmpldG8/XjAwMDAwMA==
JsuNBA,,QXRrIFN0b25lICh7fSlsZWZ0,,,,,,,UGllZHJhIGRlIEFUUSAodGllbmVzIHt9KQ==
J8uNBA,,TWF0ayBTdG9uZSAoe30pbGVmdA==,,,,,,,UGllZHJhIGRlIEFUUU0gKHRpZW5lcyB7fSk=
KMuNBA,,Vml0YWwgU3RvbmUgKHt9KWxlZnQ=,,,,,,,UGllZHJhIGRlIFZJVCAodGllbmVzIHt9KQ==
KcuNBA,,SGVhbCBTdG9uZSAoe30pbGVmdA==,,,,,,,UGllZHJhIGRlIGN1cmFjacOzbiAodGllbmVzIHt9KQ==
KsuNBA,,SFAgU3RvbmUgKHt9KWxlZnQ=,,,,,,,UGllZHJhIGRlIFBWICh0aWVuZXMge30p
K8uNBA,,U1AgU3RvbmUgKHt9KWxlZnQ=,,,,,,,UGllZHJhIGRlIFBNICh0aWVuZXMge30p
LMuNBA,,U1RSIFN0b25lICh7fSlsZWZ0,,,,,,,UGllZHJhIGRlIEZVRSAodGllbmVzIHt9KQ==
LcuNBA,,SU5UIFN0b25lICh7fSlsZWZ0,,,,,,,UGllZHJhIGRlIElOVCAodGllbmVzIHt9KQ==
LsuNBA,,QUdJIFN0b25lICh7fSlsZWZ0,,,,,,,UGllZHJhIGRlIEFHSSAodGllbmVzIHt9KQ==
L8uNBA,,REVYIFN0b25lICh7fSlsZWZ0,,,,,,,UGllZHJhIGRlIERFUyAodGllbmVzIHt9KQ==
MMuNBA,,VklUIFN0b25lICh7fSlsZWZ0,,,,,,,UGllZHJhIGRlIFZJVCAodGllbmVzIHt9KQ==
McuNBA,,THVjayBTdG9uZSAoe30pbGVmdA==,,,,,,,UGllZHJhIGRlIFNVRSAodGllbmVzIHt9KQ==
MsuNBA,,RGVmIFN0b25lKE0pICh7fSlsZWZ0,,,,,,,UGllZHJhIGRlIERFRiAobWVkaWEpICh0aWVuZXMge30p
M8uNBA,,TFVLIEV4Y2hhbmdlIFN0b25lKE0pICh7fSlsZWZ0,,,,,,,UGllZHJhIGRlIGludGVyY2FtYmlvIGRlIFNVRSAobWVkaWEpICh0aWVuZXMge30p
NMuNBA,,U1RSIEV4Y2hhbmdlIFN0b25lKE0pICh7fSlsZWZ0,,,,,,,UGllZHJhIGRlIGludGVyY2FtYmlvIGRlIEZVRSAobWVkaWEpICh0aWVuZXMge30p
NcuNBA,,QUdJIEV4Y2hhbmdlIFN0b25lKE0pICh7fSlsZWZ0,,,,,,,UGllZHJhIGRlIGludGVyY2FtYmlvIGRlIEFHSSAobWVkaWEpICh0aWVuZXMge30p
NsuNBA,,SU5UIEV4Y2hhbmdlIFN0b25lKE0pICh7fSlsZWZ0,,,,,,,UGllZHJhIGRlIGludGVyY2FtYmlvIGRlIElOVCAobWVkaWEpICh0aWVuZXMge30p
N8uNBA,,VklUIEV4Y2hhbmdlIFN0b25lKE0pICh7fSlsZWZ0,,,,,,,UGllZHJhIGRlIGludGVyY2FtYmlvIGRlIFZJVCAobWVkaWEpICh0aWVuZXMge30p
OMuNBA,,REVYIEV4Y2hhbmdlIFN0b25lKE0pICh7fSlsZWZ0,,,,,,,UGllZHJhIGRlIGludGVyY2FtYmlvIGRlIERFUyAobWVkaWEpICh0aWVuZXMge30p
OcuNBA,,Q3JpdGljYWwgU3RvbmUgKE0pICh7fSlsZWZ0,,,,,,,UGllZHJhIGRlIMOtbmRpY2UgY3LDrXRpY28gKG1lZGlhKSAodGllbmVzIHt9KQ==
OsuNBA,,UmFuZ2VkIERhbWFnZSBTdG9uZSAoTSkgKHt9KWxlZnQ=,,,,,,,UGllZHJhIGRlIGRhw7FvIGEgZGlzdGFuY2lhIChtZWRpYSkgKHRpZW5lcyB7fSk=
O8uNBA,,UmVsb2FkIFN0b25lIChNKSAoe30pbGVmdA==,,,,,,,UGllZHJhIGRlIHJlY2FyZ2EgKG1lZGlhKSAodGllbmVzIHt9KQ==
PMuNBA,,RVhQIFN0b25lIChNKSAoe30pbGVmdA==,,,,,,,UGllZHJhIGRlIEVYUCAobWVkaWEpICh0aWVuZXMge30p
PcuNBA,,TGV4IEFldGVybmEgU3RvbmUgKE0pICh7fSlsZWZ0,,,,,,,UGllZHJhIGRlIExleCBBZXRlcm5hIChtZWRpYSkgKHRpZW5lcyB7fSk=
PsuNBA,,VmFyaWFibGUgQ2FzdGluZyBTdG9uZShNKSAoe30pbGVmdA==,,,,,,,UGllZHJhIGRlIGxhbnphbWllbnRvIHZhcmlhYmxlIChtZWRpYSkgKHRpZW5lcyB7fSk=
P8uNBA,,Q2hhbXBpb24gU3RvbmUgKE0pICh7fSlsZWZ0,,,,,,,UGllZHJhIGRlbCBDYW1wZcOzbiAobWVkaWEpICh0aWVuZXMge30p
QMuNBA,,U25pcGVyIFN0b25lIChNKSAoe30pbGVmdA==,,,,,,,UGllZHJhIGRlbCBGcmFuY290aXJhZG9yIChtZWRpYSkgKHRpZW5lcyB7fSk=
QcuNBA,,U2Nob2xhciBTdG9uZSAoTSkgKHt9KWxlZnQ=,,,,,,,UGllZHJhIGRlbCBFcnVkaXRvIChtZWRpYSkgKHRpZW5lcyB7fSk=
QsuNBA,,TG9yZCBLbmlnaHQgU3RvbmUgKE0pICh7fSlsZWZ0,,,,,,,UGllZHJhIGRlbCBMb3JkIENhYmFsbGVybyAobWVkaWEpICh0aWVuZXMge30p
Q8uNBA,,QmlvY2hlbWlzdCBTdG9uZSAoTSkgKHt9KWxlZnQ=,,,,,,,UGllZHJhIGRlbCBCaW9xdcOtbWljbyAobWVkaWEpICh0aWVuZXMge30p
RMuNBA,,SGlnaCBXaXphcmQgU3RvbmUgKE0pICh7fSlsZWZ0,,,,,,,UGllZHJhIGRlbCBHcmFuIEhlY2hpY2VybyAobWVkaWEpICh0aWVuZXMge30p
RcuNBA,,U3RhbGtlciBTdG9uZSAoTSkgKHt9KWxlZnQ=,,,,,,,UGllZHJhIGRlbCBQZXJzZWd1aWRvciAobWVkaWEpICh0aWVuZXMge30p
RsuNBA,,TWFzdGVyc21pdGggU3RvbmUgKE0pICh7fSlsZWZ0,,,,,,,UGllZHJhIGRlbCBNYWVzdHJvIGhlcnJlcm8gKG1lZGlhKSAodGllbmVzIHt9KQ==
R8uNBA,,TWluc3RyZWwgR3lwc3kgU3RvbmUgKE0pICh7fSlsZWZ0,,,,,,,UGllZHJhIGRlbCBKdWdsYXIgbyBkZSBsYSBEaXZhIChtZWRpYSkgKHRpZW5lcyB7fSk=
SMuNBA,,SGlnaCBQcmllc3QgU3RvbmUgKE0pICh7fSlsZWZ0,,,,,,,UGllZHJhIGRlbCBTdW1vIHNhY2VyZG90ZSAobWVkaWEpICh0aWVuZXMge30p
ScuNBA,,UGFsYWRpbiBTdG9uZSAoTSkgKHt9KWxlZnQ=,,,,,,,UGllZHJhIGRlbCBQYWxhZMOtbiAobWVkaWEpICh0aWVuZXMge30p
SsuNBA,,QXNzYXNzaW4gQ3Jvc3MgU3RvbmUgKE0pICh7fSlsZWZ0,,,,,,,UGllZHJhIGRlbCBBc2VzaW5vIGNydXphZG8gKG1lZGlhKSAodGllbmVzIHt9KQ==
S8uNBA,,Q2hhbXBpb24gU3RvbmUgSUkgKE0pICh7fSlsZWZ0,,,,,,,UGllZHJhIGRlbCBDYW1wZcOzbiBJSSAobWVkaWEpICh0aWVuZXMge30p
TMuNBA,,U2Nob2xhciBTdG9uZSBJSSAoTSkgKHt9KWxlZnQ=,,,,,,,UGllZHJhIGRlbCBFcnVkaXRvIElJIChtZWRpYSkgKHRpZW5lcyB7fSk=
TcuNBA,,U3RhbGtlciBTdG9uZSBJSSAoTSkgKHt9KWxlZnQ=,,,,,,,UGllZHJhIGRlbCBQZXJzZWd1aWRvciBJSSAobWVkaWEpICh0aWVuZXMge30p
TsuNBA,,U291bCBMaW5rZXIgU3RvbmUgKE0pICh7fSlsZWZ0,,,,,,,UGllZHJhIGRlbCBWaW5jdWxhZG9yIGRlIGFsbWFzIChtZWRpYSkgKHRpZW5lcyB7fSk=
T8uNBA,,VGFla3dvbiBNYXN0ZXIgU3RvbmUgKE0pICh7fSlsZWZ0,,,,,,,UGllZHJhIGRlbCBNYWVzdHJvIGRlIFRhZWt3b24gKG1lZGlhKSAodGllbmVzIHt9KQ==
UMuNBA,,TmluamEgU3RvbmUgKE0pICh7fSlsZWZ0,,,,,,,UGllZHJhIGRlbCBOaW5qYSAobWVkaWEpICh0aWVuZXMge30p
UcuNBA,,R3Vuc2xpbmdlciBTdG9uZSAoTSkgKHt9KWxlZnQ=,,,,,,,UGllZHJhIGRlbCBQaXN0b2xlcm8gKG1lZGlhKSAodGllbmVzIHt9KQ==
UsuNBA,,RG9yYW0gU3RvbmUgKE0pICh7fSlsZWZ0,,,,,,,UGllZHJhIGRlbCBEb3JhbSAobWVkaWEpICh0aWVuZXMge30p
U8uNBA,,U25pcGVyIFN0b25lIElJKE0pICh7fSlsZWZ0,,,,,,,UGllZHJhIGRlbCBGcmFuY290aXJhZG9yIElJIChtZWRpYSkgKHRpZW5lcyB7fSk=
VMuNBA,,TWFzdGVyc21pdGggU3RvbmUgSUkoTSkgKHt9KWxlZnQ=,,,,,,,UGllZHJhIGRlbCBNYWVzdHJvIGhlcnJlcm8gSUkgKG1lZGlhKSAodGllbmVzIHt9KQ==
VcuNBA,,SGlnaHByaWVzdCBTdG9uZSBJSShNKSAoe30pbGVmdA==,,,,,,,UGllZHJhIGRlbCBTdW1vIHNhY2VyZG90ZSBJSSAobWVkaWEpICh0aWVuZXMge30p
VsuNBA,,SGlnaCBXaXphcmQgU3RvbmUgSUkoTSkgKHt9KWxlZnQ=,,,,,,,UGllZHJhIGRlbCBHcmFuIGhlY2hpY2VybyBJSSAobWVkaWEpICh0aWVuZXMge30p
V8uNBA,,UGFsYWRpbiBTdG9uZSBJSShNKSAoe30pbGVmdA==,,,,,,,UGllZHJhIGRlbCBQYWxhZMOtbiBJSSAobWVkaWEpICh0aWVuZXMge30p
WMuNBA,,QXNzYXNzaW4gQ3Jvc3MgU3RvbmUgSUkoTSkgKHt9KWxlZnQ=,,,,,,,UGllZHJhIGRlbCBBc2VzaW5vIGNydXphZG8gSUkgKG1lZGlhKSAodGllbmVzIHt9KQ==
WcuNBA,,TG9yZCBLbmlnaHQgU3RvbmUgSUkoTSkgKHt9KWxlZnQ=,,,,,,,UGllZHJhIGRlbCBMb3JkIENhYmFsbGVybyBJSSAobWVkaWEpICh0aWVuZXMge30p
WsuNBA,,QmlvY2hlbWlzdCBTdG9uZSBJSShNKSAoe30pbGVmdA==,,,,,,,UGllZHJhIGRlbCBCaW9xdcOtbWljbyBJSSAobWVkaWEpICh0aWVuZXMge30p
W8uNBA,,TWluc3RyZWwgR3lwc3kgU3RvbmUgSUkoTSkgKHt9KWxlZnQ=,,,,,,,UGllZHJhIGRlbCBKdWdsYXIgbyBkZSBsYSBEaXZhIElJIChtZWRpYSkgKHRpZW5lcyB7fSk=
XMuNBA,,TWVsZWUgU3RvbmUoTSkgKHt9KWxlZnQ=,,,,,,,UGllZHJhIGRlIGRhw7FvIGN1ZXJwbyBhIGN1ZXJwbyAobWVkaWEpICh0aWVuZXMge30p
XcuNBA,,TWFnaWMgUG93ZXIgU3RvbmUoTSkgKHt9KWxlZnQ=,,,,,,,UGllZHJhIGRlIHBvZGVyIG3DoWdpY28gKG1lZGlhKSAodGllbmVzIHt9KQ==
XsuNBA,,UnVuZSBLbmlnaHQgU3RvbmUgKE1pZGRsZSkgKHt9KWxlZnQ=,,,,,,,UGllZHJhIGRlbCBDYWJhbGxlcm8gcsO6bmljbyAobWVkaWEpICh0aWVuZXMge30p
X8uNBA,,V2FybG9jayBTdG9uZSAoTWlkZGxlKSAoe30pbGVmdA==,,,,,,,UGllZHJhIGRlbCBCcnVqbyAobWVkaWEpICh0aWVuZXMge30p
YMuNBA,,Um95YWwgR3VhcmQgU3RvbmUgKE1pZGRsZSkgKHt9KWxlZnQ=,,,,,,,UGllZHJhIGRlbCBHdWFyZGlhIHJlYWwgKG1lZGlhKSAodGllbmVzIHt9KQ==
YcuNBA,,V2FuZGVyZXIgTWFlc3RybyBTdG9uZSAoTWlkZGxlKSAoe30pbGVmdA==,,,,,,,UGllZHJhIGRlbCBNYWVzdHJvIHkgZGUgbGEgTsOzbWFkYSAobWVkaWEpICh0aWVuZXMge30p
YsuNBA,,R2VuZXRpY2lzdCBTdG9uZSAoTWlkZGxlKSAoe30pbGVmdA==,,,,,,,UGllZHJhIGRlbCBHZW5ldGlzdGEgKG1lZGlhKSAodGllbmVzIHt9KQ==
Y8uNBA,,U29yY2VyZXIgU3RvbmUgKE1pZGRsZSkgKHt9KWxlZnQ=,,,,,,,UGllZHJhIGRlbCBDb25qdXJhZG9yIChtZWRpYSkgKHRpZW5lcyB7fSk=
ZMuNBA,,QXJjaGJpc2hvcCBTdG9uZSAoTWlkZGxlKSAoe30pbGVmdA==,,,,,,,UGllZHJhIGRlbCBBcnpvYmlzcG8gKG1lZGlhKSAodGllbmVzIHt9KQ==
ZcuNBA,,UmFuZ2VyIFN0b25lIChNaWRkbGUpICh7fSlsZWZ0,,,,,,,UGllZHJhIGRlbCBFcnJhbnRlIChtZWRpYSkgKHRpZW5lcyB7fSk=
ZsuNBA,,U2hhZG93IENoYXNlciBTdG9uZSAoTWlkZGxlKSAoe30pbGVmdA==,,,,,,,UGllZHJhIGRlbCBQZXJzZWd1aWRvciBkZSBzb21icmFzIChtZWRpYSkgKHRpZW5lcyB7fSk=
Z8uNBA,,U3VyYSBTdG9uZSAoTWlkZGxlKSAoe30pbGVmdA==,,,,,,,UGllZHJhIGRlbCBTdXJhIChtZWRpYSkgKHRpZW5lcyB7fSk=
aMuNBA,,TWVjaGFuaWMgU3RvbmUgKE1pZGRsZSkgKHt9KWxlZnQ=,,,,,,,UGllZHJhIGRlbCBNZWPDoW5pY28gKG1lZGlhKSAodGllbmVzIHt9KQ==
acuNBA,,R3VpbGxvdGluZSBDcm9zcyBTdG9uZSAoTWlkZGxlKSAoe30pbGVmdA==,,,,,,,UGllZHJhIGRlbCBDb3J0YWRvciBkZSBjcnVjZXMgKG1lZGlhKSAodGllbmVzIHt9KQ==
asuNBA,,U3RhciBFbXBlcm9yIFN0b25lIChNaWRkbGUpICh7fSlsZWZ0,,,,,,,UGllZHJhIGRlbCBFbXBlcmFkb3IgZXN0ZWxhciAobWVkaWEpICh0aWVuZXMge30p
a8uNBA,,UmViZWxsaW9uIFN0b25lIChNaWRkbGUpICh7fSlsZWZ0,,,,,,,UGllZHJhIGRlIGxhIHJlYmVsacOzbiAobWVkaWEpICh0aWVuZXMge30p
bMuNBA,,U291bCBSZWFwZXIgU3RvbmUgKE1pZGRsZSkgKHt9KWxlZnQ=,,,,,,,UGllZHJhIGRlbCBDb3NlY2hhZG9yIGRlIGFsbWFzIChtZWRpYSkgKHRpZW5lcyB7fSk=
bcuNBA,,S2FnZXJvdSBTdG9uZSAoTWlkZGxlKSAoe30pbGVmdA==,,,,,,,UGllZHJhIGRlbCBLYWdlcm91IChtZWRpYSkgKHRpZW5lcyB7fSk=
bsuNBA,,T2Jvcm8gU3RvbmUgKE1pZGRsZSkgKHt9KWxlZnQ=,,,,,,,UGllZHJhIGRlIGxhIE9ib3JvIChtZWRpYSkgKHRpZW5lcyB7fSk=
b8uNBA,,U3VtbW9uZXIgU3RvbmUgKE1pZGRsZSkgKHt9KWxlZnQ=,,,,,,,UGllZHJhIGRlbCBJbnZvY2Fkb3IgKG1lZGlhKSAodGllbmVzIHt9KQ==
cMuNBA,,RGVmZW5zZSBTdG9uZSAoTWlkZGxlKSAoe30pbGVmdA==,,,,,,,UGllZHJhIGRlIGRlZmVuc2EgKG1lZGlhKSAodGllbmVzIHt9KQ==
ccuNBA,,U3VwZXIgTm92aWNlIFN0b25lIChNaWRkbGUpICh7fSlsZWZ0,,,,,,,UGllZHJhIGRlbCBTdXBlcnByaW5jaXBpYW50ZSAobWVkaWEpICh0aWVuZXMge30p
csuNBA,,XkZGMDAwMCAgICBDYXV0aW9uIF4wMDAwMDAKXkZGMDAwMFRoaXMgdXBncmFkZSBjYW4gYmUgZmFpbGVkLl4wMDAwMDAKXkZGMDAwMFlvdSB3aWxsIHN0aWxsIGtlZXAgdGhlIHVwcGVyIGl0ZW0ncyBlZmZlY3QsIGJ1dCBpZiB0aGUgbWlkZGxlIGl0ZW0gaGFzIGV4dHJhIGVmZmVjdCwgd2Ugd2lsbCByZXNldCB0aGUgZWZmZWN0IGFuZCBnaXZlIEFUSysxJSBvbmx5Ll4wMDAwMDAKXkZGMDAwMEFyZSB5b3Ugc3VyZSBhYm91dCB1cGdyYWRpbmcgdGhpcyBpdGVtP14wMDAwMDA=,,,,,,,XjY2MDAwMEF0ZW5jacOzbjogXjAwMDAwMApeNjYwMDAwRXN0YSBtZWpvcmEgcHVlZGUgZmFsbGFyLl4wMDAwMDAKXjY2MDAwMENvbnNlcnZhcsOhcyBlbCBlZmVjdG8gZGVsIG9iamV0byBzdXBlcmlvciwgcGVybyBzaSBlbCBvYmpldG8gZGVsIG1lZGlvIHRpZW5lIHVuIGVmZWN0byBleHRyYSwgcmVzdGFibGVjZXJlbW9zIGVsIGVmZWN0byB5IHNvbG8gbGUgZGFyZW1vcyBBVFErMSUuXjAwMDAwMApeNjYwMDAwwr9TZWd1cm8gcXVlIHF1aWVyZXMgbWVqb3JhciBlc3RlIG9iamV0bz9eMDAwMDAw
c8uNBA,,XkZGMDAwMCAgICBDYXV0aW9uIF4wMDAwMDAKXkZGMDAwMFRoaXMgdXBncmFkZSBjYW4gYmUgZmFpbGVkLl4wMDAwMDAKXkZGMDAwMFlvdSB3aWxsIHN0aWxsIGtlZXAgdGhlIHVwcGVyIGl0ZW0ncyBlZmZlY3QsIGJ1dCBpZiB0aGUgbWlkZGxlIGl0ZW0gaGFzIGV4dHJhIGVmZmVjdCwgd2Ugd2lsbCByZXNldCB0aGUgZWZmZWN0IGFuZCBnaXZlIE1BVEsrMSUgb25seS5eMDAwMDAwCl5GRjAwMDBBcmUgeW91IHN1cmUgYWJvdXQgdXBncmFkaW5nIHRoaXMgaXRlbT9eMDAwMDAw,,,,,,,XjY2MDAwMEF0ZW5jacOzbjogXjAwMDAwMApeNjYwMDAwRXN0YSBtZWpvcmEgcHVlZGUgZmFsbGFyLl4wMDAwMDAKXjY2MDAwMENvbnNlcnZhcsOhcyBlbCBlZmVjdG8gZGVsIG9iamV0byBzdXBlcmlvciwgcGVybyBzaSBlbCBvYmpldG8gZGVsIG1lZGlvIHRpZW5lIHVuIGVmZWN0byBleHRyYSwgcmVzdGFibGVjZXJlbW9zIGVsIGVmZWN0byB5IHNvbG8gbGUgZGFyZW1vcyBBVFFNKzElLl4wMDAwMDAKXjY2MDAwMMK/U2VndXJvIHF1ZSBxdWllcmVzIG1lam9yYXIgZXN0ZSBvYmpldG8/XjAwMDAwMA==
dMuNBA,,XkZGMDAwMCAgICBDYXV0aW9uIF4wMDAwMDAKXkZGMDAwMFRoaXMgdXBncmFkZSBjYW4gYmUgZmFpbGVkLl4wMDAwMDAKXkZGMDAwMFlvdSB3aWxsIHN0aWxsIGtlZXAgdGhlIHVwcGVyIGl0ZW0ncyBlZmZlY3QsIGJ1dCBpZiB0aGUgbWlkZGxlIGl0ZW0gaGFzIGV4dHJhIGVmZmVjdCwgd2Ugd2lsbCByZXNldCB0aGUgZWZmZWN0IGFuZCBnaXZlIEhQICs1MCBvbmx5Ll4wMDAwMDAKXkZGMDAwMEFyZSB5b3Ugc3VyZSBhYm91dCB1cGdyYWRpbmcgdGhpcyBpdGVtP14wMDAwMDA=,,,,,,,XjY2MDAwMEF0ZW5jacOzbjogXjAwMDAwMApeNjYwMDAwRXN0YSBtZWpvcmEgcHVlZGUgZmFsbGFyLl4wMDAwMDAKXjY2MDAwMENvbnNlcnZhcsOhcyBlbCBlZmVjdG8gZGVsIG9iamV0byBzdXBlcmlvciwgcGVybyBzaSBlbCBvYmpldG8gZGVsIG1lZGlvIHRpZW5lIHVuIGVmZWN0byBleHRyYSwgcmVzdGFibGVjZXJlbW9zIGVsIGVmZWN0byB5IHNvbG8gbGUgZGFyZW1vcyBQVis1MC5eMDAwMDAwCl42NjAwMDDCv1NlZ3VybyBxdWUgcXVpZXJlcyBtZWpvcmFyIGVzdGUgb2JqZXRvP14wMDAwMDA=
dcuNBA,,XkZGMDAwMCAgICBDYXV0aW9uIF4wMDAwMDAKXkZGMDAwMFRoaXMgdXBncmFkZSBjYW4gYmUgZmFpbGVkLl4wMDAwMDAKXkZGMDAwMFlvdSB3aWxsIHN0aWxsIGtlZXAgdGhlIHVwcGVyIGl0ZW0ncyBlZmZlY3QsIGJ1dCBpZiB0aGUgbWlkZGxlIGl0ZW0gaGFzIGV4dHJhIGVmZmVjdCwgd2Ugd2lsbCByZXNldCB0aGUgZWZmZWN0IGFuZCBnaXZlIDEwIEhQIHJlY292ZXJ5IGZvciBlYWNoIDEwIHNlY29uZHMuXjAwMDAwMApeRkYwMDAwQXJlIHlvdSBzdXJlIGFib3V0IHVwZ3JhZGluZyB0aGlzIGl0ZW0/XjAwMDAwMA==,,,,,,,XjY2MDAwMEF0ZW5jacOzbjogXjAwMDAwMApeNjYwMDAwRXN0YSBtZWpvcmEgcHVlZGUgZmFsbGFyLl4wMDAwMDAKXjY2MDAwMENvbnNlcnZhcsOhcyBlbCBlZmVjdG8gZGVsIG9iamV0byBzdXBlcmlvciwgcGVybyBzaSBlbCBvYmpldG8gZGVsIG1lZGlvIHRpZW5lIHVuIGVmZWN0byBleHRyYSwgcmVzdGFibGVjZXJlbW9zIGVsIGVmZWN0byB5IGxlIGRhcmVtb3MgdW5hIHJlY3VwZXJhY2nDs24gZGUgMTBQViBwb3IgY2FkYSAxMHNlZ3VuZG9zLl4wMDAwMDAKXjY2MDAwMMK/U2VndXJvIHF1ZSBxdWllcmVzIG1lam9yYXIgZXN0ZSBvYmpldG8/XjAwMDAwMA==
dsuNBA,,XkZGMDAwMCAgICBDYXV0aW9uIF4wMDAwMDAKXkZGMDAwMFRoaXMgdXBncmFkZSBjYW4gYmUgZmFpbGVkLl4wMDAwMDAKXkZGMDAwMFlvdSB3aWxsIHN0aWxsIGtlZXAgdGhlIHVwcGVyIGl0ZW0ncyBlZmZlY3QsIGJ1dCBpZiB0aGUgbWlkZGxlIGl0ZW0gaGFzIGV4dHJhIGVmZmVjdCwgd2Ugd2lsbCByZXNldCB0aGUgZWZmZWN0IGFuZCBnaXZlIE1heEhQICsgMSUgb25seS5eMDAwMDAwCl5GRjAwMDBBcmUgeW91IHN1cmUgYWJvdXQgdXBncmFkaW5nIHRoaXMgaXRlbT9eMDAwMDAw,,,,,,,XjY2MDAwMEF0ZW5jacOzbjogXjAwMDAwMApeNjYwMDAwRXN0YSBtZWpvcmEgcHVlZGUgZmFsbGFyLl4wMDAwMDAKXjY2MDAwMENvbnNlcnZhcsOhcyBlbCBlZmVjdG8gZGVsIG9iamV0byBzdXBlcmlvciwgcGVybyBzaSBlbCBvYmpldG8gZGVsIG1lZGlvIHRpZW5lIHVuIGVmZWN0byBleHRyYSwgcmVzdGFibGVjZXJlbW9zIGVsIGVmZWN0byB5IHNvbG8gbGUgZGFyZW1vcyBQViBtw6F4LisxJS5eMDAwMDAwCl42NjAwMDDCv1NlZ3VybyBxdWUgcXVpZXJlcyBtZWpvcmFyIGVzdGUgb2JqZXRvP14wMDAwMDA=
d8uNBA,,XkZGMDAwMCAgICBDYXV0aW9uIF4wMDAwMDAKXkZGMDAwMFRoaXMgdXBncmFkZSBjYW4gYmUgZmFpbGVkLl4wMDAwMDAKXkZGMDAwMFlvdSB3aWxsIHN0aWxsIGtlZXAgdGhlIHVwcGVyIGl0ZW0ncyBlZmZlY3QsIGJ1dCBpZiB0aGUgbWlkZGxlIGl0ZW0gaGFzIGV4dHJhIGVmZmVjdCwgd2Ugd2lsbCByZXNldCB0aGUgZWZmZWN0IGFuZCBnaXZlIE1heFNQICsgMSUgb25seS5eMDAwMDAwCl5GRjAwMDBBcmUgeW91IHN1cmUgYWJvdXQgdXBncmFkaW5nIHRoaXMgaXRlbT9eMDAwMDAw,,,,,,,XjY2MDAwMEF0ZW5jacOzbjogXjAwMDAwMApeNjYwMDAwRXN0YSBtZWpvcmEgcHVlZGUgZmFsbGFyLl4wMDAwMDAKXjY2MDAwMENvbnNlcnZhcsOhcyBlbCBlZmVjdG8gZGVsIG9iamV0byBzdXBlcmlvciwgcGVybyBzaSBlbCBvYmpldG8gZGVsIG1lZGlvIHRpZW5lIHVuIGVmZWN0byBleHRyYSwgcmVzdGFibGVjZXJlbW9zIGVsIGVmZWN0byB5IHNvbG8gbGUgZGFyZW1vcyBQTSBtw6F4LisxJS5eMDAwMDAwCl42NjAwMDDCv1NlZ3VybyBxdWUgcXVpZXJlcyBtZWpvcmFyIGVzdGUgb2JqZXRvP14wMDAwMDA=
eMuNBA,,XkZGMDAwMCAgICBDYXV0aW9uIF4wMDAwMDAKXkZGMDAwMFRoaXMgdXBncmFkZSBjYW4gYmUgZmFpbGVkLl4wMDAwMDAKXkZGMDAwMFlvdSB3aWxsIHN0aWxsIGtlZXAgdGhlIHVwcGVyIGl0ZW0ncyBlZmZlY3QsIGJ1dCBpZiB0aGUgbWlkZGxlIGl0ZW0gaGFzIGV4dHJhIGVmZmVjdCwgd2Ugd2lsbCByZXNldCB0aGUgZWZmZWN0IGFuZCBnaXZlIFNUUiArIDEgb25seS5eMDAwMDAwCl5GRjAwMDBBcmUgeW91IHN1cmUgYWJvdXQgdXBncmFkaW5nIHRoaXMgaXRlbT9eMDAwMDAw,,,,,,,XjY2MDAwMEF0ZW5jacOzbjogXjAwMDAwMApeNjYwMDAwRXN0YSBtZWpvcmEgcHVlZGUgZmFsbGFyLl4wMDAwMDAKXjY2MDAwMENvbnNlcnZhcsOhcyBlbCBlZmVjdG8gZGVsIG9iamV0byBzdXBlcmlvciwgcGVybyBzaSBlbCBvYmpldG8gZGVsIG1lZGlvIHRpZW5lIHVuIGVmZWN0byBleHRyYSwgcmVzdGFibGVjZXJlbW9zIGVsIGVmZWN0byB5IHNvbG8gbGUgZGFyZW1vcyBGVUUrMS5eMDAwMDAwCl42NjAwMDDCv1NlZ3VybyBxdWUgcXVpZXJlcyBtZWpvcmFyIGVzdGUgb2JqZXRvP14wMDAwMDA=
ecuNBA,,XkZGMDAwMCAgICBDYXV0aW9uIF4wMDAwMDAKXkZGMDAwMFRoaXMgdXBncmFkZSBjYW4gYmUgZmFpbGVkLl4wMDAwMDAKXkZGMDAwMFlvdSB3aWxsIHN0aWxsIGtlZXAgdGhlIHVwcGVyIGl0ZW0ncyBlZmZlY3QsIGJ1dCBpZiB0aGUgbWlkZGxlIGl0ZW0gaGFzIGV4dHJhIGVmZmVjdCwgd2Ugd2lsbCByZXNldCB0aGUgZWZmZWN0IGFuZCBnaXZlIElOVCArIDEgb25seS5eMDAwMDAwCl5GRjAwMDBBcmUgeW91IHN1cmUgYWJvdXQgdXBncmFkaW5nIHRoaXMgaXRlbT9eMDAwMDAw,,,,,,,XjY2MDAwMEF0ZW5jacOzbjogXjAwMDAwMApeNjYwMDAwRXN0YSBtZWpvcmEgcHVlZGUgZmFsbGFyLl4wMDAwMDAKXjY2MDAwMENvbnNlcnZhcsOhcyBlbCBlZmVjdG8gZGVsIG9iamV0byBzdXBlcmlvciwgcGVybyBzaSBlbCBvYmpldG8gZGVsIG1lZGlvIHRpZW5lIHVuIGVmZWN0byBleHRyYSwgcmVzdGFibGVjZXJlbW9zIGVsIGVmZWN0byB5IHNvbG8gbGUgZGFyZW1vcyBJTlQrMS5eMDAwMDAwCl42NjAwMDDCv1NlZ3VybyBxdWUgcXVpZXJlcyBtZWpvcmFyIGVzdGUgb2JqZXRvP14wMDAwMDA=
esuNBA,,XkZGMDAwMCAgICBDYXV0aW9uIF4wMDAwMDAKXkZGMDAwMFRoaXMgdXBncmFkZSBjYW4gYmUgZmFpbGVkLl4wMDAwMDAKXkZGMDAwMFlvdSB3aWxsIHN0aWxsIGtlZXAgdGhlIHVwcGVyIGl0ZW0ncyBlZmZlY3QsIGJ1dCBpZiB0aGUgbWlkZGxlIGl0ZW0gaGFzIGV4dHJhIGVmZmVjdCwgd2Ugd2lsbCByZXNldCB0aGUgZWZmZWN0IGFuZCBnaXZlIEFHSSArIDEgb25seS5eMDAwMDAwCl5GRjAwMDBBcmUgeW91IHN1cmUgYWJvdXQgdXBncmFkaW5nIHRoaXMgaXRlbT9eMDAwMDAw,,,,,,,XjY2MDAwMEF0ZW5jacOzbjogXjAwMDAwMApeNjYwMDAwRXN0YSBtZWpvcmEgcHVlZGUgZmFsbGFyLl4wMDAwMDAKXjY2MDAwMENvbnNlcnZhcsOhcyBlbCBlZmVjdG8gZGVsIG9iamV0byBzdXBlcmlvciwgcGVybyBzaSBlbCBvYmpldG8gZGVsIG1lZGlvIHRpZW5lIHVuIGVmZWN0byBleHRyYSwgcmVzdGFibGVjZXJlbW9zIGVsIGVmZWN0byB5IHNvbG8gbGUgZGFyZW1vcyBBR0krMS5eMDAwMDAwCl42NjAwMDDCv1NlZ3VybyBxdWUgcXVpZXJlcyBtZWpvcmFyIGVzdGUgb2JqZXRvP14wMDAwMDA=
e8uNBA,,XkZGMDAwMCAgICBDYXV0aW9uIF4wMDAwMDAKXkZGMDAwMFRoaXMgdXBncmFkZSBjYW4gYmUgZmFpbGVkLl4wMDAwMDAKXkZGMDAwMFlvdSB3aWxsIHN0aWxsIGtlZXAgdGhlIHVwcGVyIGl0ZW0ncyBlZmZlY3QsIGJ1dCBpZiB0aGUgbWlkZGxlIGl0ZW0gaGFzIGV4dHJhIGVmZmVjdCwgd2Ugd2lsbCByZXNldCB0aGUgZWZmZWN0IGFuZCBnaXZlIERFWCArIDEgb25seS5eMDAwMDAwCl5GRjAwMDBBcmUgeW91IHN1cmUgYWJvdXQgdXBncmFkaW5nIHRoaXMgaXRlbT9eMDAwMDAw,,,,,,,XjY2MDAwMEF0ZW5jacOzbjogXjAwMDAwMApeNjYwMDAwRXN0YSBtZWpvcmEgcHVlZGUgZmFsbGFyLl4wMDAwMDAKXjY2MDAwMENvbnNlcnZhcsOhcyBlbCBlZmVjdG8gZGVsIG9iamV0byBzdXBlcmlvciwgcGVybyBzaSBlbCBvYmpldG8gZGVsIG1lZGlvIHRpZW5lIHVuIGVmZWN0byBleHRyYSwgcmVzdGFibGVjZXJlbW9zIGVsIGVmZWN0byB5IHNvbG8gbGUgZGFyZW1vcyBERVMrMS5eMDAwMDAwCl42NjAwMDDCv1NlZ3VybyBxdWUgcXVpZXJlcyBtZWpvcmFyIGVzdGUgb2JqZXRvP14wMDAwMDA=
fMuNBA,,XkZGMDAwMCAgICBDYXV0aW9uIF4wMDAwMDAKXkZGMDAwMFRoaXMgdXBncmFkZSBjYW4gYmUgZmFpbGVkLl4wMDAwMDAKXkZGMDAwMFlvdSB3aWxsIHN0aWxsIGtlZXAgdGhlIHVwcGVyIGl0ZW0ncyBlZmZlY3QsIGJ1dCBpZiB0aGUgbWlkZGxlIGl0ZW0gaGFzIGV4dHJhIGVmZmVjdCwgd2Ugd2lsbCByZXNldCB0aGUgZWZmZWN0IGFuZCBnaXZlIFZJVCArIDEgb25seS5eMDAwMDAwCl5GRjAwMDBBcmUgeW91IHN1cmUgYWJvdXQgdXBncmFkaW5nIHRoaXMgaXRlbT9eMDAwMDAw,,,,,,,XjY2MDAwMEF0ZW5jacOzbjogXjAwMDAwMApeNjYwMDAwRXN0YSBtZWpvcmEgcHVlZGUgZmFsbGFyLl4wMDAwMDAKXjY2MDAwMENvbnNlcnZhcsOhcyBlbCBlZmVjdG8gZGVsIG9iamV0byBzdXBlcmlvciwgcGVybyBzaSBlbCBvYmpldG8gZGVsIG1lZGlvIHRpZW5lIHVuIGVmZWN0byBleHRyYSwgcmVzdGFibGVjZXJlbW9zIGVsIGVmZWN0byB5IHNvbG8gbGUgZGFyZW1vcyBWSVQrMS5eMDAwMDAwCl42NjAwMDDCv1NlZ3VybyBxdWUgcXVpZXJlcyBtZWpvcmFyIGVzdGUgb2JqZXRvP14wMDAwMDA=
fcuNBA,,XkZGMDAwMCAgICBDYXV0aW9uIF4wMDAwMDAKXkZGMDAwMFRoaXMgdXBncmFkZSBjYW4gYmUgZmFpbGVkLl4wMDAwMDAKXkZGMDAwMFlvdSB3aWxsIHN0aWxsIGtlZXAgdGhlIHVwcGVyIGl0ZW0ncyBlZmZlY3QsIGJ1dCBpZiB0aGUgbWlkZGxlIGl0ZW0gaGFzIGV4dHJhIGVmZmVjdCwgd2Ugd2lsbCByZXNldCB0aGUgZWZmZWN0IGFuZCBnaXZlIExVSyArIDEgb25seS5eMDAwMDAwCl5GRjAwMDBBcmUgeW91IHN1cmUgYWJvdXQgdXBncmFkaW5nIHRoaXMgaXRlbT9eMDAwMDAw,,,,,,,XjY2MDAwMEF0ZW5jacOzbjogXjAwMDAwMApeNjYwMDAwRXN0YSBtZWpvcmEgcHVlZGUgZmFsbGFyLl4wMDAwMDAKXjY2MDAwMENvbnNlcnZhcsOhcyBlbCBlZmVjdG8gZGVsIG9iamV0byBzdXBlcmlvciwgcGVybyBzaSBlbCBvYmpldG8gZGVsIG1lZGlvIHRpZW5lIHVuIGVmZWN0byBleHRyYSwgcmVzdGFibGVjZXJlbW9zIGVsIGVmZWN0byB5IHNvbG8gbGUgZGFyZW1vcyBTVUUrMS5eMDAwMDAwCl42NjAwMDDCv1NlZ3VybyBxdWUgcXVpZXJlcyBtZWpvcmFyIGVzdGUgb2JqZXRvP14wMDAwMDA=
fsuNBA,,XkZGMDAwMCAgICBDYXV0aW9uIF4wMDAwMDAKXkZGMDAwMFRoaXMgdXBncmFkZSBjYW4gYmUgZmFpbGVkLl4wMDAwMDAKXkZGMDAwMFlvdSB3aWxsIHN0aWxsIGtlZXAgdGhlIHVwcGVyIGl0ZW0ncyBlZmZlY3QsIGJ1dCBpZiB0aGUgbWlkZGxlIGl0ZW0gaGFzIGV4dHJhIGVmZmVjdCwgd2Ugd2lsbCByZXNldCB0aGUgZWZmZWN0IGFuZCBnaXZlICdERUYgKyAyMCcgb25seS5eMDAwMDAwCl5GRjAwMDBBcmUgeW91IHN1cmUgYWJvdXQgdXBncmFkaW5nIHRoaXMgaXRlbT9eMDAwMDAw,,,,,,,XjY2MDAwMEF0ZW5jacOzbjogXjAwMDAwMApeNjYwMDAwRXN0YSBtZWpvcmEgcHVlZGUgZmFsbGFyLl4wMDAwMDAKXjY2MDAwMENvbnNlcnZhcsOhcyBlbCBlZmVjdG8gZGVsIG9iamV0byBzdXBlcmlvciwgcGVybyBzaSBlbCBvYmpldG8gZGVsIG1lZGlvIHRpZW5lIHVuIGVmZWN0byBleHRyYSwgcmVzdGFibGVjZXJlbW9zIGVsIGVmZWN0byB5IHNvbG8gbGUgZGFyZW1vcyBERUYrMjAuXjAwMDAwMApeNjYwMDAwwr9TZWd1cm8gcXVlIHF1aWVyZXMgbWVqb3JhciBlc3RlIG9iamV0bz9eMDAwMDAw
f8uNBA,,XkZGMDAwMCAgICBDYXV0aW9uIF4wMDAwMDAKXkZGMDAwMFRoaXMgdXBncmFkZSBjYW4gYmUgZmFpbGVkLl4wMDAwMDAKXkZGMDAwMFlvdSB3aWxsIHN0aWxsIGtlZXAgdGhlIHVwcGVyIGl0ZW0ncyBlZmZlY3QsIGJ1dCBpZiB0aGUgbWlkZGxlIGl0ZW0gaGFzIGV4dHJhIGVmZmVjdCwgd2Ugd2lsbCByZXNldCB0aGUgZWZmZWN0IGFuZCBnaXZlICdMVUsgKyAzLCBTVFIgLSAzJy5eMDAwMDAwCl5GRjAwMDBBcmUgeW91IHN1cmUgYWJvdXQgdXBncmFkaW5nIHRoaXMgaXRlbT9eMDAwMDAw,,,,,,,XjY2MDAwMEF0ZW5jacOzbjogXjAwMDAwMApeNjYwMDAwRXN0YSBtZWpvcmEgcHVlZGUgZmFsbGFyLl4wMDAwMDAKXjY2MDAwMENvbnNlcnZhcsOhcyBlbCBlZmVjdG8gZGVsIG9iamV0byBzdXBlcmlvciwgcGVybyBzaSBlbCBvYmpldG8gZGVsIG1lZGlvIHRpZW5lIHVuIGVmZWN0byBleHRyYSwgcmVzdGFibGVjZXJlbW9zIGVsIGVmZWN0byB5IGxlIGRhcmVtb3MgU1VFKzMgeSBGVUUtMy5eMDAwMDAwCl42NjAwMDDCv1NlZ3VybyBxdWUgcXVpZXJlcyBtZWpvcmFyIGVzdGUgb2JqZXRvP14wMDAwMDA=
gMuNBA,,XkZGMDAwMCAgICBDYXV0aW9uIF4wMDAwMDAKXkZGMDAwMFRoaXMgdXBncmFkZSBjYW4gYmUgZmFpbGVkLl4wMDAwMDAKXkZGMDAwMFlvdSB3aWxsIHN0aWxsIGtlZXAgdGhlIHVwcGVyIGl0ZW0ncyBlZmZlY3QsIGJ1dCBpZiB0aGUgbWlkZGxlIGl0ZW0gaGFzIGV4dHJhIGVmZmVjdCwgd2Ugd2lsbCByZXNldCB0aGUgZWZmZWN0IGFuZCBnaXZlICdTVFIgKyAzLCBJTlQgLSAzJy5eMDAwMDAwCl5GRjAwMDBBcmUgeW91IHN1cmUgYWJvdXQgdXBncmFkaW5nIHRoaXMgaXRlbT9eMDAwMDAw,,,,,,,XjY2MDAwMEF0ZW5jacOzbjogXjAwMDAwMApeNjYwMDAwRXN0YSBtZWpvcmEgcHVlZGUgZmFsbGFyLl4wMDAwMDAKXjY2MDAwMENvbnNlcnZhcsOhcyBlbCBlZmVjdG8gZGVsIG9iamV0byBzdXBlcmlvciwgcGVybyBzaSBlbCBvYmpldG8gZGVsIG1lZGlvIHRpZW5lIHVuIGVmZWN0byBleHRyYSwgcmVzdGFibGVjZXJlbW9zIGVsIGVmZWN0byB5IGxlIGRhcmVtb3MgRlVFKzMgZSBJTlQtMy5eMDAwMDAwCl42NjAwMDDCv1NlZ3VybyBxdWUgcXVpZXJlcyBtZWpvcmFyIGVzdGUgb2JqZXRvP14wMDAwMDA=
gcuNBA,,XkZGMDAwMCAgICBDYXV0aW9uIF4wMDAwMDAKXkZGMDAwMFRoaXMgdXBncmFkZSBjYW4gYmUgZmFpbGVkLl4wMDAwMDAKXkZGMDAwMFlvdSB3aWxsIHN0aWxsIGtlZXAgdGhlIHVwcGVyIGl0ZW0ncyBlZmZlY3QsIGJ1dCBpZiB0aGUgbWlkZGxlIGl0ZW0gaGFzIGV4dHJhIGVmZmVjdCwgd2Ugd2lsbCByZXNldCB0aGUgZWZmZWN0IGFuZCBnaXZlICdBR0kgKyAzLCBMVUsgLSAzJy5eMDAwMDAwCl5GRjAwMDBBcmUgeW91IHN1cmUgYWJvdXQgdXBncmFkaW5nIHRoaXMgaXRlbT9eMDAwMDAw,,,,,,,XjY2MDAwMEF0ZW5jacOzbjogXjAwMDAwMApeNjYwMDAwRXN0YSBtZWpvcmEgcHVlZGUgZmFsbGFyLl4wMDAwMDAKXjY2MDAwMENvbnNlcnZhcsOhcyBlbCBlZmVjdG8gZGVsIG9iamV0byBzdXBlcmlvciwgcGVybyBzaSBlbCBvYmpldG8gZGVsIG1lZGlvIHRpZW5lIHVuIGVmZWN0byBleHRyYSwgcmVzdGFibGVjZXJlbW9zIGVsIGVmZWN0byB5IGxlIGRhcmVtb3MgQUdJKzMgeSBTVUUtMy5eMDAwMDAwCl42NjAwMDDCv1NlZ3VybyBxdWUgcXVpZXJlcyBtZWpvcmFyIGVzdGUgb2JqZXRvP14wMDAwMDA=
gsuNBA,,XkZGMDAwMCAgICBDYXV0aW9uIF4wMDAwMDAKXkZGMDAwMFRoaXMgdXBncmFkZSBjYW4gYmUgZmFpbGVkLl4wMDAwMDAKXkZGMDAwMFlvdSB3aWxsIHN0aWxsIGtlZXAgdGhlIHVwcGVyIGl0ZW0ncyBlZmZlY3QsIGJ1dCBpZiB0aGUgbWlkZGxlIGl0ZW0gaGFzIGV4dHJhIGVmZmVjdCwgd2Ugd2lsbCByZXNldCB0aGUgZWZmZWN0IGFuZCBnaXZlICdJTlQgKyAzLCBERVggLSAzJy5eMDAwMDAwCl5GRjAwMDBBcmUgeW91IHN1cmUgYWJvdXQgdXBncmFkaW5nIHRoaXMgaXRlbT9eMDAwMDAw,,,,,,,XjY2MDAwMEF0ZW5jacOzbjogXjAwMDAwMApeNjYwMDAwRXN0YSBtZWpvcmEgcHVlZGUgZmFsbGFyLl4wMDAwMDAKXjY2MDAwMENvbnNlcnZhcsOhcyBlbCBlZmVjdG8gZGVsIG9iamV0byBzdXBlcmlvciwgcGVybyBzaSBlbCBvYmpldG8gZGVsIG1lZGlvIHRpZW5lIHVuIGVmZWN0byBleHRyYSwgcmVzdGFibGVjZXJlbW9zIGVsIGVmZWN0byB5IGxlIGRhcmVtb3MgSU5UKzMgeSBERVMtMy5eMDAwMDAwCl42NjAwMDDCv1NlZ3VybyBxdWUgcXVpZXJlcyBtZWpvcmFyIGVzdGUgb2JqZXRvP14wMDAwMDA=
g8uNBA,,XkZGMDAwMCAgICBDYXV0aW9uIF4wMDAwMDAKXkZGMDAwMFRoaXMgdXBncmFkZSBjYW4gYmUgZmFpbGVkLl4wMDAwMDAKXkZGMDAwMFlvdSB3aWxsIHN0aWxsIGtlZXAgdGhlIHVwcGVyIGl0ZW0ncyBlZmZlY3QsIGJ1dCBpZiB0aGUgbWlkZGxlIGl0ZW0gaGFzIGV4dHJhIGVmZmVjdCwgd2Ugd2lsbCByZXNldCB0aGUgZWZmZWN0IGFuZCBnaXZlICdWSVQgKyAzLCBBR0kgLSAzJy5eMDAwMDAwCl5GRjAwMDBBcmUgeW91IHN1cmUgYWJvdXQgdXBncmFkaW5nIHRoaXMgaXRlbT9eMDAwMDAw,,,,,,,XjY2MDAwMEF0ZW5jacOzbjogXjAwMDAwMApeNjYwMDAwRXN0YSBtZWpvcmEgcHVlZGUgZmFsbGFyLl4wMDAwMDAKXjY2MDAwMENvbnNlcnZhcsOhcyBlbCBlZmVjdG8gZGVsIG9iamV0byBzdXBlcmlvciwgcGVybyBzaSBlbCBvYmpldG8gZGVsIG1lZGlvIHRpZW5lIHVuIGVmZWN0byBleHRyYSwgcmVzdGFibGVjZXJlbW9zIGVsIGVmZWN0byB5IGxlIGRhcmVtb3MgVklUKzMgeSBBR0ktMy5eMDAwMDAwCl42NjAwMDDCv1NlZ3VybyBxdWUgcXVpZXJlcyBtZWpvcmFyIGVzdGUgb2JqZXRvP14wMDAwMDA=
hMuNBA,,XkZGMDAwMCAgICBDYXV0aW9uIF4wMDAwMDAKXkZGMDAwMFRoaXMgdXBncmFkZSBjYW4gYmUgZmFpbGVkLl4wMDAwMDAKXkZGMDAwMFlvdSB3aWxsIHN0aWxsIGtlZXAgdGhlIHVwcGVyIGl0ZW0ncyBlZmZlY3QsIGJ1dCBpZiB0aGUgbWlkZGxlIGl0ZW0gaGFzIGV4dHJhIGVmZmVjdCwgd2Ugd2lsbCByZXNldCB0aGUgZWZmZWN0IGFuZCBnaXZlICdERVggKyAzLCBWSVQgLSAzJy5eMDAwMDAwCl5GRjAwMDBBcmUgeW91IHN1cmUgYWJvdXQgdXBncmFkaW5nIHRoaXMgaXRlbT9eMDAwMDAw,,,,,,,XjY2MDAwMEF0ZW5jacOzbjogXjAwMDAwMApeNjYwMDAwRXN0YSBtZWpvcmEgcHVlZGUgZmFsbGFyLl4wMDAwMDAKXjY2MDAwMENvbnNlcnZhcsOhcyBlbCBlZmVjdG8gZGVsIG9iamV0byBzdXBlcmlvciwgcGVybyBzaSBlbCBvYmpldG8gZGVsIG1lZGlvIHRpZW5lIHVuIGVmZWN0byBleHRyYSwgcmVzdGFibGVjZXJlbW9zIGVsIGVmZWN0byB5IGxlIGRhcmVtb3MgREVTKzMgeSBWSVQtMy5eMDAwMDAwCl42NjAwMDDCv1NlZ3VybyBxdWUgcXVpZXJlcyBtZWpvcmFyIGVzdGUgb2JqZXRvP14wMDAwMDA=
hcuNBA,,XkZGMDAwMCAgICBDYXV0aW9uIF4wMDAwMDAKXkZGMDAwMFRoaXMgdXBncmFkZSBjYW4gYmUgZmFpbGVkLl4wMDAwMDAKXkZGMDAwMFlvdSB3aWxsIHN0aWxsIGtlZXAgdGhlIHVwcGVyIGl0ZW0ncyBlZmZlY3QsIGJ1dCBpZiB0aGUgbWlkZGxlIGl0ZW0gaGFzIGV4dHJhIGVmZmVjdCwgd2Ugd2lsbCByZXNldCB0aGUgZWZmZWN0IGFuZCBnaXZlICdDcml0aWNhbCBEYW1hZ2UgKyAzJScuXjAwMDAwMApeRkYwMDAwQXJlIHlvdSBzdXJlIGFib3V0IHVwZ3JhZGluZyB0aGlzIGl0ZW0/XjAwMDAwMA==,,,,,,,XjY2MDAwMEF0ZW5jacOzbjogXjAwMDAwMApeNjYwMDAwRXN0YSBtZWpvcmEgcHVlZGUgZmFsbGFyLl4wMDAwMDAKXjY2MDAwMENvbnNlcnZhcsOhcyBlbCBlZmVjdG8gZGVsIG9iamV0byBzdXBlcmlvciwgcGVybyBzaSBlbCBvYmpldG8gZGVsIG1lZGlvIHRpZW5lIHVuIGVmZWN0byBleHRyYSwgcmVzdGFibGVjZXJlbW9zIGVsIGVmZWN0byB5IGxlIGRhcmVtb3MgbGEgcG9zaWJpbGlkYWQgZGUgaW5mbGlnaXIgZGHDsW8gY3LDrXRpY28rMyUuXjAwMDAwMApeNjYwMDAwwr9TZWd1cm8gcXVlIHF1aWVyZXMgbWVqb3JhciBlc3RlIG9iamV0bz9eMDAwMDAw
hsuNBA,,XkZGMDAwMCAgICBDYXV0aW9uIF4wMDAwMDAKXkZGMDAwMFRoaXMgdXBncmFkZSBjYW4gYmUgZmFpbGVkLl4wMDAwMDAKXkZGMDAwMFlvdSB3aWxsIHN0aWxsIGtlZXAgdGhlIHVwcGVyIGl0ZW0ncyBlZmZlY3QsIGJ1dCBpZiB0aGUgbWlkZGxlIGl0ZW0gaGFzIGV4dHJhIGVmZmVjdCwgd2Ugd2lsbCByZXNldCB0aGUgZWZmZWN0IGFuZCBnaXZlICdSYW5nZWQgZGFtYWdlIDMlJy5eMDAwMDAwCl5GRjAwMDBBcmUgeW91IHN1cmUgYWJvdXQgdXBncmFkaW5nIHRoaXMgaXRlbT9eMDAwMDAw,,,,,,,XjY2MDAwMEF0ZW5jacOzbjogXjAwMDAwMApeNjYwMDAwRXN0YSBtZWpvcmEgcHVlZGUgZmFsbGFyLl4wMDAwMDAKXjY2MDAwMENvbnNlcnZhcsOhcyBlbCBlZmVjdG8gZGVsIG9iamV0byBzdXBlcmlvciwgcGVybyBzaSBlbCBvYmpldG8gZGVsIG1lZGlvIHRpZW5lIHVuIGVmZWN0byBleHRyYSwgcmVzdGFibGVjZXJlbW9zIGVsIGVmZWN0byB5IGxlIGRhcmVtb3MgZGHDsW8gYSBkaXN0YW5jaWErMyUuXjAwMDAwMApeNjYwMDAwwr9TZWd1cm8gcXVlIHF1aWVyZXMgbWVqb3JhciBlc3RlIG9iamV0bz9eMDAwMDAw
h8uNBA,,XkZGMDAwMCAgICBDYXV0aW9uIF4wMDAwMDAKXkZGMDAwMFRoaXMgdXBncmFkZSBjYW4gYmUgZmFpbGVkLl4wMDAwMDAKXkZGMDAwMFlvdSB3aWxsIHN0aWxsIGtlZXAgdGhlIHVwcGVyIGl0ZW0ncyBlZmZlY3QsIGJ1dCBpZiB0aGUgbWlkZGxlIGl0ZW0gaGFzIGV4dHJhIGVmZmVjdCwgd2Ugd2lsbCByZXNldCB0aGUgZWZmZWN0IGFuZCBnaXZlICdEZWNyZWFzZXMgZGVsYXkgYWZ0ZXIgc2tpbGwgYnkgMSUnLl4wMDAwMDAKXkZGMDAwMEFyZSB5b3Ugc3VyZSBhYm91dCB1cGdyYWRpbmcgdGhpcyBpdGVtP14wMDAwMDA=,,,,,,,XjY2MDAwMEF0ZW5jacOzbjogXjAwMDAwMApeNjYwMDAwRXN0YSBtZWpvcmEgcHVlZGUgZmFsbGFyLl4wMDAwMDAKXjY2MDAwMENvbnNlcnZhcsOhcyBlbCBlZmVjdG8gZGVsIG9iamV0byBzdXBlcmlvciwgcGVybyBzaSBlbCBvYmpldG8gZGVsIG1lZGlvIHRpZW5lIHVuIGVmZWN0byBleHRyYSwgcmVzdGFibGVjZXJlbW9zIGVsIGVmZWN0byB5IGxlIGRhcmVtb3MgbGEgcG9zaWJpbGlkYWQgZGUgZGlzbWludWlyIGVsIHJldHJhc28gdHJhcyBsYSBoYWJpbGlkYWQgZW4gdW4gMSUuXjAwMDAwMApeNjYwMDAwwr9TZWd1cm8gcXVlIHF1aWVyZXMgbWVqb3JhciBlc3RlIG9iamV0bz9eMDAwMDAw
iMuNBA,,XkZGMDAwMCAgICBDYXV0aW9uIF4wMDAwMDAKXkZGMDAwMFRoaXMgdXBncmFkZSBjYW4gYmUgZmFpbGVkLl4wMDAwMDAKXkZGMDAwMFlvdSB3aWxsIHN0aWxsIGtlZXAgdGhlIHVwcGVyIGl0ZW0ncyBlZmZlY3QsIGJ1dCBpZiB0aGUgbWlkZGxlIGl0ZW0gaGFzIGV4dHJhIGVmZmVjdCwgd2Ugd2lsbCByZXNldCB0aGUgZWZmZWN0IGFuZCBnaXZlICdJbmNyZWFzZXMgRXhwIGdhaW4gYnkgMiUgd2hlbiBraWxsaW5nIG1vbnN0ZXJzJy5eMDAwMDAwCl5GRjAwMDBBcmUgeW91IHN1cmUgYWJvdXQgdXBncmFkaW5nIHRoaXMgaXRlbT9eMDAwMDAw,,,,,,,XjY2MDAwMEF0ZW5jacOzbjogXjAwMDAwMApeNjYwMDAwRXN0YSBtZWpvcmEgcHVlZGUgZmFsbGFyLl4wMDAwMDAKXjY2MDAwMENvbnNlcnZhcsOhcyBlbCBlZmVjdG8gZGVsIG9iamV0byBzdXBlcmlvciwgcGVybyBzaSBlbCBvYmpldG8gZGVsIG1lZGlvIHRpZW5lIHVuIGVmZWN0byBleHRyYSwgcmVzdGFibGVjZXJlbW9zIGVsIGVmZWN0byB5IGxlIGRhcmVtb3MgbGEgcG9zaWJpbGlkYWQgZGUgYXVtZW50YXIgbG9zIHB1bnRvcyBkZSBleHBlcmllbmNpYSBlbiB1biAyJSBhbCBtYXRhciBtb25zdHJ1b3MuXjAwMDAwMApeNjYwMDAwwr9TZWd1cm8gcXVlIHF1aWVyZXMgbWVqb3JhciBlc3RlIG9iamV0bz9eMDAwMDAw
icuNBA,,XkZGMDAwMCAgICBDYXV0aW9uIF4wMDAwMDAKXkZGMDAwMFRoaXMgdXBncmFkZSBjYW4gYmUgZmFpbGVkLl4wMDAwMDAKXkZGMDAwMFlvdSB3aWxsIHN0aWxsIGtlZXAgdGhlIHVwcGVyIGl0ZW0ncyBlZmZlY3QsIGJ1dCBpZiB0aGUgbWlkZGxlIGl0ZW0gaGFzIGV4dHJhIGVmZmVjdCwgd2Ugd2lsbCByZXNldCB0aGUgZWZmZWN0IGFuZCBnaXZlICdBZGRzIDElIGNoYW5jZSB0byBhdXRvY2FzdCBMZXggQWV0ZXJuYSB0byBtb25zdGVycyB3aGVuIHBoeXNpY2FsIGF0dGFjaycuXjAwMDAwMApeRkYwMDAwQXJlIHlvdSBzdXJlIGFib3V0IHVwZ3JhZGluZyB0aGlzIGl0ZW0/XjAwMDAwMA==,,,,,,,XjY2MDAwMEF0ZW5jacOzbjogXjAwMDAwMApeNjYwMDAwRXN0YSBtZWpvcmEgcHVlZGUgZmFsbGFyLl4wMDAwMDAKXjY2MDAwMENvbnNlcnZhcsOhcyBlbCBlZmVjdG8gZGVsIG9iamV0byBzdXBlcmlvciwgcGVybyBzaSBlbCBvYmpldG8gZGVsIG1lZGlvIHRpZW5lIHVuIGVmZWN0byBleHRyYSwgcmVzdGFibGVjZXJlbW9zIGVsIGVmZWN0byB5IGxlIGRhcmVtb3MgbGEgcG9zaWJpbGlkYWQgZGUgYWdyZWdhciB1biAxJSBkZSBwcm9iYWJpbGlkYWQgZGUgbGFuemFyIGF1dG9tw6F0aWNhbWVudGUgTGV4IEFldGVybmEgYSBsb3MgbW9uc3RydW9zIGN1YW5kbyBhdGFxdWVuIGbDrXNpY2FtZW50ZS5eMDAwMDAwCl42NjAwMDDCv1NlZ3VybyBxdWUgcXVpZXJlcyBtZWpvcmFyIGVzdGUgb2JqZXRvP14wMDAwMDA=
isuNBA,,XkZGMDAwMCAgICBDYXV0aW9uIF4wMDAwMDAKXkZGMDAwMFRoaXMgdXBncmFkZSBjYW4gYmUgZmFpbGVkLl4wMDAwMDAKXkZGMDAwMFlvdSB3aWxsIHN0aWxsIGtlZXAgdGhlIHVwcGVyIGl0ZW0ncyBlZmZlY3QsIGJ1dCBpZiB0aGUgbWlkZGxlIGl0ZW0gaGFzIGV4dHJhIGVmZmVjdCwgd2Ugd2lsbCByZXNldCB0aGUgZWZmZWN0IGFuZCBnaXZlICdSZWR1Y2VzIHZhcmlhYmxlIGNhc3RpbmcgdGltZSBieSAzJScuXjAwMDAwMApeRkYwMDAwQXJlIHlvdSBzdXJlIGFib3V0IHVwZ3JhZGluZyB0aGlzIGl0ZW0/XjAwMDAwMA==,,,,,,,XjY2MDAwMEF0ZW5jacOzbjogXjAwMDAwMApeNjYwMDAwRXN0YSBtZWpvcmEgcHVlZGUgZmFsbGFyLl4wMDAwMDAKXjY2MDAwMENvbnNlcnZhcsOhcyBlbCBlZmVjdG8gZGVsIG9iamV0byBzdXBlcmlvciwgcGVybyBzaSBlbCBvYmpldG8gZGVsIG1lZGlvIHRpZW5lIHVuIGVmZWN0byBleHRyYSwgcmVzdGFibGVjZXJlbW9zIGVsIGVmZWN0byB5IGxlIGRhcmVtb3MgbGEgcG9zaWJpbGlkYWQgZGUgcmVkdWNpciBlbCB0aWVtcG8gZGUgbGFuemFtaWVudG8gdmFyaWFibGUgZW4gdW4gMyUuXjAwMDAwMApeNjYwMDAwwr9TZWd1cm8gcXVlIHF1aWVyZXMgbWVqb3JhciBlc3RlIG9iamV0bz9eMDAwMDAw
i8uNBA,,XkZGMDAwMCAgICBDYXV0aW9uIF4wMDAwMDAKXkZGMDAwMFRoaXMgdXBncmFkZSBjYW4gYmUgZmFpbGVkLl4wMDAwMDAKXkZGMDAwMFlvdSB3aWxsIHN0aWxsIGtlZXAgdGhlIHVwcGVyIGl0ZW0ncyBlZmZlY3QsIGJ1dCBpZiB0aGUgbWlkZGxlIGl0ZW0gaGFzIGV4dHJhIGVmZmVjdCwgd2Ugd2lsbCByZXNldCB0aGUgZWZmZWN0IGFuZCBnaXZlICdISVQgKzIgcGVyIDEgc2tpbGwgbGV2ZWwgb2YgRG9kZ2UgbGVhcm5lZCcuXjAwMDAwMApeRkYwMDAwQXJlIHlvdSBzdXJlIGFib3V0IHVwZ3JhZGluZyB0aGlzIGl0ZW0/XjAwMDAwMA==,,,,,,,XjY2MDAwMEF0ZW5jacOzbjogXjAwMDAwMApeNjYwMDAwRXN0YSBtZWpvcmEgcHVlZGUgZmFsbGFyLl4wMDAwMDAKXjY2MDAwMENvbnNlcnZhcsOhcyBlbCBlZmVjdG8gZGVsIG9iamV0byBzdXBlcmlvciwgcGVybyBzaSBlbCBvYmpldG8gZGVsIG1lZGlvIHRpZW5lIHVuIGVmZWN0byBleHRyYSwgcmVzdGFibGVjZXJlbW9zIGVsIGVmZWN0byB5IGxlIGRhcmVtb3MgUFJFQysycG9yIGNhZGEgMW5pdmVsIGRlIGhhYmlsaWRhZCBkZSBFdmFzacOzbiBhcHJlbmRpZG8uXjAwMDAwMApeNjYwMDAwwr9TZWd1cm8gcXVlIHF1aWVyZXMgbWVqb3JhciBlc3RlIG9iamV0bz9eMDAwMDAw
jMuNBA,,XkZGMDAwMCAgICBDYXV0aW9uIF4wMDAwMDAKXkZGMDAwMFRoaXMgdXBncmFkZSBjYW4gYmUgZmFpbGVkLl4wMDAwMDAKXkZGMDAwMFlvdSB3aWxsIHN0aWxsIGtlZXAgdGhlIHVwcGVyIGl0ZW0ncyBlZmZlY3QsIGJ1dCBpZiB0aGUgbWlkZGxlIGl0ZW0gaGFzIGV4dHJhIGVmZmVjdCwgd2Ugd2lsbCByZXNldCB0aGUgZWZmZWN0IGFuZCBnaXZlICdSZWR1Y2UgZml4ZWQgY2FzdGluZyBvZiBTaGFycCBTaG9vdGluZyBieSAwLjVzJy5eMDAwMDAwCl5GRjAwMDBBcmUgeW91IHN1cmUgYWJvdXQgdXBncmFkaW5nIHRoaXMgaXRlbT9eMDAwMDAw,,,,,,,XjY2MDAwMEF0ZW5jacOzbjogXjAwMDAwMApeNjYwMDAwRXN0YSBtZWpvcmEgcHVlZGUgZmFsbGFyLl4wMDAwMDAKXjY2MDAwMENvbnNlcnZhcsOhcyBlbCBlZmVjdG8gZGVsIG9iamV0byBzdXBlcmlvciwgcGVybyBzaSBlbCBvYmpldG8gZGVsIG1lZGlvIHRpZW5lIHVuIGVmZWN0byBleHRyYSwgcmVzdGFibGVjZXJlbW9zIGVsIGVmZWN0byB5IGxlIGRhcmVtb3MgbGEgcG9zaWJpbGlkYWQgZGUgcmVkdWNpciBlbCB0aWVtcG8gZGUgbGFuemFtaWVudG8gZmlqbyBkZSBEaXNwYXJvIHByZWNpc28gZW4gMCw1c2VndW5kb3MuXjAwMDAwMApeNjYwMDAwwr9TZWd1cm8gcXVlIHF1aWVyZXMgbWVqb3JhciBlc3RlIG9iamV0bz9eMDAwMDAw
jcuNBA,,XkZGMDAwMCAgICBDYXV0aW9uIF4wMDAwMDAKXkZGMDAwMFRoaXMgdXBncmFkZSBjYW4gYmUgZmFpbGVkLl4wMDAwMDAKXkZGMDAwMFlvdSB3aWxsIHN0aWxsIGtlZXAgdGhlIHVwcGVyIGl0ZW0ncyBlZmZlY3QsIGJ1dCBpZiB0aGUgbWlkZGxlIGl0ZW0gaGFzIGV4dHJhIGVmZmVjdCwgd2Ugd2lsbCByZXNldCB0aGUgZWZmZWN0IGFuZCBnaXZlICdSZWR1Y2UgRml4ZWQgQ2FzdGluZyBvZiBEb3VibGUgQ2FzdGluZyBieSAwLjRzJy5eMDAwMDAwCl5GRjAwMDBBcmUgeW91IHN1cmUgYWJvdXQgdXBncmFkaW5nIHRoaXMgaXRlbT9eMDAwMDAw,,,,,,,XjY2MDAwMEF0ZW5jacOzbjogXjAwMDAwMApeNjYwMDAwRXN0YSBtZWpvcmEgcHVlZGUgZmFsbGFyLl4wMDAwMDAKXjY2MDAwMENvbnNlcnZhcsOhcyBlbCBlZmVjdG8gZGVsIG9iamV0byBzdXBlcmlvciwgcGVybyBzaSBlbCBvYmpldG8gZGVsIG1lZGlvIHRpZW5lIHVuIGVmZWN0byBleHRyYSwgcmVzdGFibGVjZXJlbW9zIGVsIGVmZWN0byB5IGxlIGRhcmVtb3MgbGEgcG9zaWJpbGlkYWQgZGUgcmVkdWNpciBlbCB0aWVtcG8gZGUgbGFuemFtaWVudG8gZmlqbyBkZSBMYW56YW1pZW50byBkb2JsZSBlbiAwLDRzZWd1bmRvcy5eMDAwMDAwCl42NjAwMDDCv1NlZ3VybyBxdWUgcXVpZXJlcyBtZWpvcmFyIGVzdGUgb2JqZXRvP14wMDAwMDA=
jsuNBA,,XkZGMDAwMCAgICBDYXV0aW9uIF4wMDAwMDAKXkZGMDAwMFRoaXMgdXBncmFkZSBjYW4gYmUgZmFpbGVkLl4wMDAwMDAKXkZGMDAwMFlvdSB3aWxsIHN0aWxsIGtlZXAgdGhlIHVwcGVyIGl0ZW0ncyBlZmZlY3QsIGJ1dCBpZiB0aGUgbWlkZGxlIGl0ZW0gaGFzIGV4dHJhIGVmZmVjdCwgd2Ugd2lsbCByZXNldCB0aGUgZWZmZWN0IGFuZCBnaXZlICdJbmNyZWFzZSBkYW1hZ2Ugb2YgU3BpcmNhbCBQaWVyY2UgYnkgMTUlJy5eMDAwMDAwCl5GRjAwMDBBcmUgeW91IHN1cmUgYWJvdXQgdXBncmFkaW5nIHRoaXMgaXRlbT9eMDAwMDAw,,,,,,,XjY2MDAwMEF0ZW5jacOzbjogXjAwMDAwMApeNjYwMDAwRXN0YSBtZWpvcmEgcHVlZGUgZmFsbGFyLl4wMDAwMDAKXjY2MDAwMENvbnNlcnZhcsOhcyBlbCBlZmVjdG8gZGVsIG9iamV0byBzdXBlcmlvciwgcGVybyBzaSBlbCBvYmpldG8gZGVsIG1lZGlvIHRpZW5lIHVuIGVmZWN0byBleHRyYSwgcmVzdGFibGVjZXJlbW9zIGVsIGVmZWN0byB5IGxlIGRhcmVtb3MgbGEgcG9zaWJpbGlkYWQgZGUgYXVtZW50YXIgZWwgZGHDsW8gZGUgUGVyZm9yYWNpw7NuIGVuIGVzcGlyYWwgZW4gdW4gMTUlLl4wMDAwMDAKXjY2MDAwMMK/U2VndXJvIHF1ZSBxdWllcmVzIG1lam9yYXIgZXN0ZSBvYmpldG8/XjAwMDAwMA==
j8uNBA,,XkZGMDAwMCAgICBDYXV0aW9uIF4wMDAwMDAKXkZGMDAwMFRoaXMgdXBncmFkZSBjYW4gYmUgZmFpbGVkLl4wMDAwMDAKXkZGMDAwMFlvdSB3aWxsIHN0aWxsIGtlZXAgdGhlIHVwcGVyIGl0ZW0ncyBlZmZlY3QsIGJ1dCBpZiB0aGUgbWlkZGxlIGl0ZW0gaGFzIGV4dHJhIGVmZmVjdCwgd2Ugd2lsbCByZXNldCB0aGUgZWZmZWN0IGFuZCBnaXZlICdJbmNyZWFzZSBoZWFsaW5nIGFuZCBwb3Rpb24gcmVjb3ZlcnkgYnkgMiUgcGVyIDEgc2tpbGwgbGV2ZWwgb2YgUG90aW9uIFBpdGNoZXIgbGVhcm5lZCcuXjAwMDAwMApeRkYwMDAwQXJlIHlvdSBzdXJlIGFib3V0IHVwZ3JhZGluZyB0aGlzIGl0ZW0/XjAwMDAwMA==,,,,,,,XjY2MDAwMEF0ZW5jacOzbjogXjAwMDAwMApeNjYwMDAwRXN0YSBtZWpvcmEgcHVlZGUgZmFsbGFyLl4wMDAwMDAKXjY2MDAwMENvbnNlcnZhcsOhcyBlbCBlZmVjdG8gZGVsIG9iamV0byBzdXBlcmlvciwgcGVybyBzaSBlbCBvYmpldG8gZGVsIG1lZGlvIHRpZW5lIHVuIGVmZWN0byBleHRyYSwgcmVzdGFibGVjZXJlbW9zIGVsIGVmZWN0byB5IGxlIGRhcmVtb3MgbGEgcG9zaWJpbGlkYWQgZGUgYXVtZW50YXIgbGEgY3VyYWNpw7NuIHkgbGEgcmVjdXBlcmFjacOzbiBkZSBsYXMgcG9jaW9uZXMgZW4gdW4gMiUgcG9yIGNhZGEgMW5pdmVsIGRlIGhhYmlsaWRhZCBkZSBMYW56YWRvciBkZSBwb2Npb25lcyBhcHJlbmRpZG8uXjAwMDAwMApeNjYwMDAwwr9TZWd1cm8gcXVlIHF1aWVyZXMgbWVqb3JhciBlc3RlIG9iamV0bz9eMDAwMDAw
kMuNBA,,XkZGMDAwMCAgICBDYXV0aW9uIF4wMDAwMDAKXkZGMDAwMFRoaXMgdXBncmFkZSBjYW4gYmUgZmFpbGVkLl4wMDAwMDAKXkZGMDAwMFlvdSB3aWxsIHN0aWxsIGtlZXAgdGhlIHVwcGVyIGl0ZW0ncyBlZmZlY3QsIGJ1dCBpZiB0aGUgbWlkZGxlIGl0ZW0gaGFzIGV4dHJhIGVmZmVjdCwgd2Ugd2lsbCByZXNldCB0aGUgZWZmZWN0IGFuZCBnaXZlICdJbmNyZWFzZSBkYW1hZ2Ugb2YgTWV0ZW9yIFN0b3JtIGJ5IDIwJScuXjAwMDAwMApeRkYwMDAwQXJlIHlvdSBzdXJlIGFib3V0IHVwZ3JhZGluZyB0aGlzIGl0ZW0/XjAwMDAwMA==,,,,,,,XjY2MDAwMEF0ZW5jacOzbjogXjAwMDAwMApeNjYwMDAwRXN0YSBtZWpvcmEgcHVlZGUgZmFsbGFyLl4wMDAwMDAKXjY2MDAwMENvbnNlcnZhcsOhcyBlbCBlZmVjdG8gZGVsIG9iamV0byBzdXBlcmlvciwgcGVybyBzaSBlbCBvYmpldG8gZGVsIG1lZGlvIHRpZW5lIHVuIGVmZWN0byBleHRyYSwgcmVzdGFibGVjZXJlbW9zIGVsIGVmZWN0byB5IGxlIGRhcmVtb3MgbGEgcG9zaWJpbGlkYWQgZGUgYXVtZW50YXIgZWwgZGHDsW8gZGUgVG9ybWVudGEgZGUgbWV0ZW9yb3MgZW4gdW4gMjAlLl4wMDAwMDAKXjY2MDAwMMK/U2VndXJvIHF1ZSBxdWllcmVzIG1lam9yYXIgZXN0ZSBvYmpldG8/XjAwMDAwMA==
kcuNBA,,XkZGMDAwMCAgICBDYXV0aW9uIF4wMDAwMDAKXkZGMDAwMFRoaXMgdXBncmFkZSBjYW4gYmUgZmFpbGVkLl4wMDAwMDAKXkZGMDAwMFlvdSB3aWxsIHN0aWxsIGtlZXAgdGhlIHVwcGVyIGl0ZW0ncyBlZmZlY3QsIGJ1dCBpZiB0aGUgbWlkZGxlIGl0ZW0gaGFzIGV4dHJhIGVmZmVjdCwgd2Ugd2lsbCByZXNldCB0aGUgZWZmZWN0IGFuZCBnaXZlICdISVQgKzIgcGVyIDEgMXNsIG9mIFZ1bHR1cmUncyBFeWUnLl4wMDAwMDAKXkZGMDAwMEFyZSB5b3Ugc3VyZSBhYm91dCB1cGdyYWRpbmcgdGhpcyBpdGVtP14wMDAwMDA=,,,,,,,XjY2MDAwMEF0ZW5jacOzbjogXjAwMDAwMApeNjYwMDAwRXN0YSBtZWpvcmEgcHVlZGUgZmFsbGFyLl4wMDAwMDAKXjY2MDAwMENvbnNlcnZhcsOhcyBlbCBlZmVjdG8gZGVsIG9iamV0byBzdXBlcmlvciwgcGVybyBzaSBlbCBvYmpldG8gZGVsIG1lZGlvIHRpZW5lIHVuIGVmZWN0byBleHRyYSwgcmVzdGFibGVjZXJlbW9zIGVsIGVmZWN0byB5IGxlIGRhcmVtb3MgUFJFQysycG9yIGNhZGEgMW5pdmVsIGRlIGhhYmlsaWRhZCBkZSBPam8gZGUgYnVpdHJlLl4wMDAwMDAKXjY2MDAwMMK/U2VndXJvIHF1ZSBxdWllcmVzIG1lam9yYXIgZXN0ZSBvYmpldG8/XjAwMDAwMA==
ksuNBA,,XkZGMDAwMCAgICBDYXV0aW9uIF4wMDAwMDAKXkZGMDAwMFRoaXMgdXBncmFkZSBjYW4gYmUgZmFpbGVkLl4wMDAwMDAKXkZGMDAwMFlvdSB3aWxsIHN0aWxsIGtlZXAgdGhlIHVwcGVyIGl0ZW0ncyBlZmZlY3QsIGJ1dCBpZiB0aGUgbWlkZGxlIGl0ZW0gaGFzIGV4dHJhIGVmZmVjdCwgd2Ugd2lsbCByZXNldCB0aGUgZWZmZWN0IGFuZCBnaXZlICdISVQgKyAzIHBlciAxc2x2IG9mIFNraW4gVGVtcGVyaW5nJy5eMDAwMDAwCl5GRjAwMDBBcmUgeW91IHN1cmUgYWJvdXQgdXBncmFkaW5nIHRoaXMgaXRlbT9eMDAwMDAw,,,,,,,XjY2MDAwMEF0ZW5jacOzbjogXjAwMDAwMApeNjYwMDAwRXN0YSBtZWpvcmEgcHVlZGUgZmFsbGFyLl4wMDAwMDAKXjY2MDAwMENvbnNlcnZhcsOhcyBlbCBlZmVjdG8gZGVsIG9iamV0byBzdXBlcmlvciwgcGVybyBzaSBlbCBvYmpldG8gZGVsIG1lZGlvIHRpZW5lIHVuIGVmZWN0byBleHRyYSwgcmVzdGFibGVjZXJlbW9zIGVsIGVmZWN0byB5IGxlIGRhcmVtb3MgUFJFQyszcG9yIGNhZGEgMW5pdmVsIGRlIGhhYmlsaWRhZCBkZSBUZW1wbGFkbyBkZSBwaWVsLl4wMDAwMDAKXjY2MDAwMMK/U2VndXJvIHF1ZSBxdWllcmVzIG1lam9yYXIgZXN0ZSBvYmpldG8/XjAwMDAwMA==
k8uNBA,,XkZGMDAwMCAgICBDYXV0aW9uIF4wMDAwMDAKXkZGMDAwMFRoaXMgdXBncmFkZSBjYW4gYmUgZmFpbGVkLl4wMDAwMDAKXkZGMDAwMFlvdSB3aWxsIHN0aWxsIGtlZXAgdGhlIHVwcGVyIGl0ZW0ncyBlZmZlY3QsIGJ1dCBpZiB0aGUgbWlkZGxlIGl0ZW0gaGFzIGV4dHJhIGVmZmVjdCwgd2Ugd2lsbCByZXNldCB0aGUgZWZmZWN0IGFuZCBnaXZlICdJbmNyZWFzZXMgTWVsb2R5IFN0cmlrZSBhbmQgU2xpbmdpbmcgQXJyb3cgZGFtYWdlIGJ5IDIwJScuXjAwMDAwMApeRkYwMDAwQXJlIHlvdSBzdXJlIGFib3V0IHVwZ3JhZGluZyB0aGlzIGl0ZW0/XjAwMDAwMA==,,,,,,,XjY2MDAwMEF0ZW5jacOzbjogXjAwMDAwMApeNjYwMDAwRXN0YSBtZWpvcmEgcHVlZGUgZmFsbGFyLl4wMDAwMDAKXjY2MDAwMENvbnNlcnZhcsOhcyBlbCBlZmVjdG8gZGVsIG9iamV0byBzdXBlcmlvciwgcGVybyBzaSBlbCBvYmpldG8gZGVsIG1lZGlvIHRpZW5lIHVuIGVmZWN0byBleHRyYSwgcmVzdGFibGVjZXJlbW9zIGVsIGVmZWN0byB5IGxlIGRhcmVtb3MgbGEgcG9zaWJpbGlkYWQgZGUgYXVtZW50YXIgZWwgZGHDsW8gZGUgQXRhcXVlIGRlIGluc3RydW1lbnRvIHkgRmxlY2hhIGhvbmRhIGVuIHVuIDIwJS5eMDAwMDAwCl42NjAwMDDCv1NlZ3VybyBxdWUgcXVpZXJlcyBtZWpvcmFyIGVzdGUgb2JqZXRvP14wMDAwMDA=
lMuNBA,,XkZGMDAwMCAgICBDYXV0aW9uIF4wMDAwMDAKXkZGMDAwMFRoaXMgdXBncmFkZSBjYW4gYmUgZmFpbGVkLl4wMDAwMDAKXkZGMDAwMFlvdSB3aWxsIHN0aWxsIGtlZXAgdGhlIHVwcGVyIGl0ZW0ncyBlZmZlY3QsIGJ1dCBpZiB0aGUgbWlkZGxlIGl0ZW0gaGFzIGV4dHJhIGVmZmVjdCwgd2Ugd2lsbCByZXNldCB0aGUgZWZmZWN0IGFuZCBnaXZlICdJbmNyZWFzZSBjcml0aWNhbCBkYW1hZ2UgYnkgMiUgcGVyIDEgc2tpbGwgbGV2ZWwgb2YgTWFjZSBNYXN0ZXJ5Jy5eMDAwMDAwCl5GRjAwMDBBcmUgeW91IHN1cmUgYWJvdXQgdXBncmFkaW5nIHRoaXMgaXRlbT9eMDAwMDAw,,,,,,,XjY2MDAwMEF0ZW5jacOzbjogXjAwMDAwMApeNjYwMDAwRXN0YSBtZWpvcmEgcHVlZGUgZmFsbGFyLl4wMDAwMDAKXjY2MDAwMENvbnNlcnZhcsOhcyBlbCBlZmVjdG8gZGVsIG9iamV0byBzdXBlcmlvciwgcGVybyBzaSBlbCBvYmpldG8gZGVsIG1lZGlvIHRpZW5lIHVuIGVmZWN0byBleHRyYSwgcmVzdGFibGVjZXJlbW9zIGVsIGVmZWN0byB5IGxlIGRhcmVtb3MgbGEgcG9zaWJpbGlkYWQgZGUgYXVtZW50YXIgZWwgZGHDsW8gY3LDrXRpY28gZW4gdW4gMiUgcG9yIGNhZGEgMW5pdmVsIGRlIGhhYmlsaWRhZCBkZSBNYWVzdHLDrWEgZGUgbWF6YXMuXjAwMDAwMApeNjYwMDAwwr9TZWd1cm8gcXVlIHF1aWVyZXMgbWVqb3JhciBlc3RlIG9iamV0bz9eMDAwMDAw
lcuNBA,,XkZGMDAwMCAgICBDYXV0aW9uIF4wMDAwMDAKXkZGMDAwMFRoaXMgdXBncmFkZSBjYW4gYmUgZmFpbGVkLl4wMDAwMDAKXkZGMDAwMFlvdSB3aWxsIHN0aWxsIGtlZXAgdGhlIHVwcGVyIGl0ZW0ncyBlZmZlY3QsIGJ1dCBpZiB0aGUgbWlkZGxlIGl0ZW0gaGFzIGV4dHJhIGVmZmVjdCwgd2Ugd2lsbCByZXNldCB0aGUgZWZmZWN0IGFuZCBnaXZlICdJbmNyZWFzZSByYW5nZWQgcGh5c2ljYWwgZGFtYWdlIGJ5IDElIHBlciAyIHNraWxsIGxldmVsIG9mIFNwZWFyIE1hc3RlcnknLl4wMDAwMDAKXkZGMDAwMEFyZSB5b3Ugc3VyZSBhYm91dCB1cGdyYWRpbmcgdGhpcyBpdGVtP14wMDAwMDA=,,,,,,,XjY2MDAwMEF0ZW5jacOzbjogXjAwMDAwMApeNjYwMDAwRXN0YSBtZWpvcmEgcHVlZGUgZmFsbGFyLl4wMDAwMDAKXjY2MDAwMENvbnNlcnZhcsOhcyBlbCBlZmVjdG8gZGVsIG9iamV0byBzdXBlcmlvciwgcGVybyBzaSBlbCBvYmpldG8gZGVsIG1lZGlvIHRpZW5lIHVuIGVmZWN0byBleHRyYSwgcmVzdGFibGVjZXJlbW9zIGVsIGVmZWN0byB5IGxlIGRhcmVtb3MgbGEgcG9zaWJpbGlkYWQgZGUgYXVtZW50YXIgZWwgZGHDsW8gZsOtc2ljbyBhIGRpc3RhbmNpYSBlbiB1biAxJSBwb3IgY2FkYSAybml2ZWxlcyBkZSBoYWJpbGlkYWQgZGUgTWFlc3Ryw61hIGRlIGxhbnphLl4wMDAwMDAKXjY2MDAwMMK/U2VndXJvIHF1ZSBxdWllcmVzIG1lam9yYXIgZXN0ZSBvYmpldG8/XjAwMDAwMA==
lsuNBA,,XkZGMDAwMCAgICBDYXV0aW9uIF4wMDAwMDAKXkZGMDAwMFRoaXMgdXBncmFkZSBjYW4gYmUgZmFpbGVkLl4wMDAwMDAKXkZGMDAwMFlvdSB3aWxsIHN0aWxsIGtlZXAgdGhlIHVwcGVyIGl0ZW0ncyBlZmZlY3QsIGJ1dCBpZiB0aGUgbWlkZGxlIGl0ZW0gaGFzIGV4dHJhIGVmZmVjdCwgd2Ugd2lsbCByZXNldCB0aGUgZWZmZWN0IGFuZCBnaXZlICdISVQgKyAyIHBlciAxIHNraWxsIGxldmVsIG9mIExlZnRoYW5kIE1hc3RlcnknLl4wMDAwMDAKXkZGMDAwMEFyZSB5b3Ugc3VyZSBhYm91dCB1cGdyYWRpbmcgdGhpcyBpdGVtP14wMDAwMDA=,,,,,,,XjY2MDAwMEF0ZW5jacOzbjogXjAwMDAwMApeNjYwMDAwRXN0YSBtZWpvcmEgcHVlZGUgZmFsbGFyLl4wMDAwMDAKXjY2MDAwMENvbnNlcnZhcsOhcyBlbCBlZmVjdG8gZGVsIG9iamV0byBzdXBlcmlvciwgcGVybyBzaSBlbCBvYmpldG8gZGVsIG1lZGlvIHRpZW5lIHVuIGVmZWN0byBleHRyYSwgcmVzdGFibGVjZXJlbW9zIGVsIGVmZWN0byB5IGxlIGRhcmVtb3MgUFJFQysycG9yIGNhZGEgMW5pdmVsIGRlIGhhYmlsaWRhZCBkZSBNYWVzdHLDrWEgZGUgbWFubyBpenF1aWVyZGEuXjAwMDAwMApeNjYwMDAwwr9TZWd1cm8gcXVlIHF1aWVyZXMgbWVqb3JhciBlc3RlIG9iamV0bz9eMDAwMDAw
l8uNBA,,XkZGMDAwMCAgICBDYXV0aW9uIF4wMDAwMDAKXkZGMDAwMFRoaXMgdXBncmFkZSBjYW4gYmUgZmFpbGVkLl4wMDAwMDAKXkZGMDAwMFlvdSB3aWxsIHN0aWxsIGtlZXAgdGhlIHVwcGVyIGl0ZW0ncyBlZmZlY3QsIGJ1dCBpZiB0aGUgbWlkZGxlIGl0ZW0gaGFzIGV4dHJhIGVmZmVjdCwgd2Ugd2lsbCByZXNldCB0aGUgZWZmZWN0IGFuZCBnaXZlICdJbmNyZWFzZSBkYW1hZ2Ugb2YgQ29tYm8gRmluaXNoIGJ5IDE1JScuXjAwMDAwMApeRkYwMDAwQXJlIHlvdSBzdXJlIGFib3V0IHVwZ3JhZGluZyB0aGlzIGl0ZW0/XjAwMDAwMA==,,,,,,,XjY2MDAwMEF0ZW5jacOzbjogXjAwMDAwMApeNjYwMDAwRXN0YSBtZWpvcmEgcHVlZGUgZmFsbGFyLl4wMDAwMDAKXjY2MDAwMENvbnNlcnZhcsOhcyBlbCBlZmVjdG8gZGVsIG9iamV0byBzdXBlcmlvciwgcGVybyBzaSBlbCBvYmpldG8gZGVsIG1lZGlvIHRpZW5lIHVuIGVmZWN0byBleHRyYSwgcmVzdGFibGVjZXJlbW9zIGVsIGVmZWN0byB5IGxlIGRhcmVtb3MgbGEgcG9zaWJpbGlkYWQgZGUgYXVtZW50YXIgZWwgZGHDsW8gZGUgRmluYWwgZGUgY29tYm8gZW4gdW4gMTUlLl4wMDAwMDAKXjY2MDAwMMK/U2VndXJvIHF1ZSBxdWllcmVzIG1lam9yYXIgZXN0ZSBvYmpldG8/XjAwMDAwMA==
mMuNBA,,XkZGMDAwMCAgICBDYXV0aW9uIF4wMDAwMDAKXkZGMDAwMFRoaXMgdXBncmFkZSBjYW4gYmUgZmFpbGVkLl4wMDAwMDAKXkZGMDAwMFlvdSB3aWxsIHN0aWxsIGtlZXAgdGhlIHVwcGVyIGl0ZW0ncyBlZmZlY3QsIGJ1dCBpZiB0aGUgbWlkZGxlIGl0ZW0gaGFzIGV4dHJhIGVmZmVjdCwgd2Ugd2lsbCByZXNldCB0aGUgZWZmZWN0IGFuZCBnaXZlICdJbmNyZWFzZSBkYW1hZ2Ugb2YgRmlyZSwgQ29sZCwgTGlnaHRuaW5nIEJvbHQgYnkgMjAlJy5eMDAwMDAwCl5GRjAwMDBBcmUgeW91IHN1cmUgYWJvdXQgdXBncmFkaW5nIHRoaXMgaXRlbT9eMDAwMDAw,,,,,,,XjY2MDAwMEF0ZW5jacOzbjogXjAwMDAwMApeNjYwMDAwRXN0YSBtZWpvcmEgcHVlZGUgZmFsbGFyLl4wMDAwMDAKXjY2MDAwMENvbnNlcnZhcsOhcyBlbCBlZmVjdG8gZGVsIG9iamV0byBzdXBlcmlvciwgcGVybyBzaSBlbCBvYmpldG8gZGVsIG1lZGlvIHRpZW5lIHVuIGVmZWN0byBleHRyYSwgcmVzdGFibGVjZXJlbW9zIGVsIGVmZWN0byB5IGxlIGRhcmVtb3MgbGEgcG9zaWJpbGlkYWQgZGUgYXVtZW50YXIgZWwgZGHDsW8gZGUgRnVlZ28sIEZyw61vIHkgUmVsw6FtcGFnbyBlbiB1biAyMCUuXjAwMDAwMApeNjYwMDAwwr9TZWd1cm8gcXVlIHF1aWVyZXMgbWVqb3JhciBlc3RlIG9iamV0bz9eMDAwMDAw
mcuNBA,,XkZGMDAwMCAgICBDYXV0aW9uIF4wMDAwMDAKXkZGMDAwMFRoaXMgdXBncmFkZSBjYW4gYmUgZmFpbGVkLl4wMDAwMDAKXkZGMDAwMFlvdSB3aWxsIHN0aWxsIGtlZXAgdGhlIHVwcGVyIGl0ZW0ncyBlZmZlY3QsIGJ1dCBpZiB0aGUgbWlkZGxlIGl0ZW0gaGFzIGV4dHJhIGVmZmVjdCwgd2Ugd2lsbCByZXNldCB0aGUgZWZmZWN0IGFuZCBnaXZlICdJbmNyZWFzZSBkYW1hZ2Ugb2YgQmFjayBTdGFiIGJ5IDE1JScuXjAwMDAwMApeRkYwMDAwQXJlIHlvdSBzdXJlIGFib3V0IHVwZ3JhZGluZyB0aGlzIGl0ZW0/XjAwMDAwMA==,,,,,,,XjY2MDAwMEF0ZW5jacOzbjogXjAwMDAwMApeNjYwMDAwRXN0YSBtZWpvcmEgcHVlZGUgZmFsbGFyLl4wMDAwMDAKXjY2MDAwMENvbnNlcnZhcsOhcyBlbCBlZmVjdG8gZGVsIG9iamV0byBzdXBlcmlvciwgcGVybyBzaSBlbCBvYmpldG8gZGVsIG1lZGlvIHRpZW5lIHVuIGVmZWN0byBleHRyYSwgcmVzdGFibGVjZXJlbW9zIGVsIGVmZWN0byB5IGxlIGRhcmVtb3MgbGEgcG9zaWJpbGlkYWQgZGUgYXVtZW50YXIgZWwgZGHDsW8gZGUgUHXDsWFsYWRhIHBvciBsYSBlc3BhbGRhIGVuIHVuIDE1JS5eMDAwMDAwCl42NjAwMDDCv1NlZ3VybyBxdWUgcXVpZXJlcyBtZWpvcmFyIGVzdGUgb2JqZXRvP14wMDAwMDA=
msuNBA,,XkZGMDAwMCAgICBDYXV0aW9uIF4wMDAwMDAKXkZGMDAwMFRoaXMgdXBncmFkZSBjYW4gYmUgZmFpbGVkLl4wMDAwMDAKXkZGMDAwMFlvdSB3aWxsIHN0aWxsIGtlZXAgdGhlIHVwcGVyIGl0ZW0ncyBlZmZlY3QsIGJ1dCBpZiB0aGUgbWlkZGxlIGl0ZW0gaGFzIGV4dHJhIGVmZmVjdCwgd2Ugd2lsbCByZXNldCB0aGUgZWZmZWN0IGFuZCBnaXZlICdJbmNyZWFzZSBkYW1hZ2Ugb2YgRXNtYSBieSAyMCUnLl4wMDAwMDAKXkZGMDAwMEFyZSB5b3Ugc3VyZSBhYm91dCB1cGdyYWRpbmcgdGhpcyBpdGVtP14wMDAwMDA=,,,,,,,XjY2MDAwMEF0ZW5jacOzbjogXjAwMDAwMApeNjYwMDAwRXN0YSBtZWpvcmEgcHVlZGUgZmFsbGFyLl4wMDAwMDAKXjY2MDAwMENvbnNlcnZhcsOhcyBlbCBlZmVjdG8gZGVsIG9iamV0byBzdXBlcmlvciwgcGVybyBzaSBlbCBvYmpldG8gZGVsIG1lZGlvIHRpZW5lIHVuIGVmZWN0byBleHRyYSwgcmVzdGFibGVjZXJlbW9zIGVsIGVmZWN0byB5IGxlIGRhcmVtb3MgbGEgcG9zaWJpbGlkYWQgZGUgYXVtZW50YXIgZWwgZGHDsW8gZGUgRXNtYSBlbiB1biAyMCUuXjAwMDAwMApeNjYwMDAwwr9TZWd1cm8gcXVlIHF1aWVyZXMgbWVqb3JhciBlc3RlIG9iamV0bz9eMDAwMDAw
m8uNBA,,XkZGMDAwMCAgICBDYXV0aW9uIF4wMDAwMDAKXkZGMDAwMFRoaXMgdXBncmFkZSBjYW4gYmUgZmFpbGVkLl4wMDAwMDAKXkZGMDAwMFlvdSB3aWxsIHN0aWxsIGtlZXAgdGhlIHVwcGVyIGl0ZW0ncyBlZmZlY3QsIGJ1dCBpZiB0aGUgbWlkZGxlIGl0ZW0gaGFzIGV4dHJhIGVmZmVjdCwgd2Ugd2lsbCByZXNldCB0aGUgZWZmZWN0IGFuZCBnaXZlICdSZWR1Y2UgZml4ZWQgY2FzdGluZyBvZiBTb2xhciwgTHVuYXIgYW5kIFN0ZWxsYXIgUGVyY2VwdGlvbiBhbmQgT3Bwb3NpdGlvbiBieSA1MCUnLl4wMDAwMDAKXkZGMDAwMEFyZSB5b3Ugc3VyZSBhYm91dCB1cGdyYWRpbmcgdGhpcyBpdGVtP14wMDAwMDA=,,,,,,,XjY2MDAwMEF0ZW5jacOzbjogXjAwMDAwMApeNjYwMDAwRXN0YSBtZWpvcmEgcHVlZGUgZmFsbGFyLl4wMDAwMDAKXjY2MDAwMENvbnNlcnZhcsOhcyBlbCBlZmVjdG8gZGVsIG9iamV0byBzdXBlcmlvciwgcGVybyBzaSBlbCBvYmpldG8gZGVsIG1lZGlvIHRpZW5lIHVuIGVmZWN0byBleHRyYSwgcmVzdGFibGVjZXJlbW9zIGVsIGVmZWN0byB5IGxlIGRhcmVtb3MgbGEgcG9zaWJpbGlkYWQgZGUgcmVkdWNpciBlbCB0aWVtcG8gZGUgbGFuemFtaWVudG8gZmlqbyBkZSBQZXJjZXBjacOzbiBzb2xhciwgbHVuYXIgeSBlc3RlbGFyIHkgT3Bvc2ljacOzbiBzb2xhciwgbHVuYXIgeSBlc3RlbGFyIGVuIHVuIDUwJS5eMDAwMDAwCl42NjAwMDDCv1NlZ3VybyBxdWUgcXVpZXJlcyBtZWpvcmFyIGVzdGUgb2JqZXRvP14wMDAwMDA=
nMuNBA,,XkZGMDAwMCAgICBDYXV0aW9uIF4wMDAwMDAKXkZGMDAwMFRoaXMgdXBncmFkZSBjYW4gYmUgZmFpbGVkLl4wMDAwMDAKXkZGMDAwMFlvdSB3aWxsIHN0aWxsIGtlZXAgdGhlIHVwcGVyIGl0ZW0ncyBlZmZlY3QsIGJ1dCBpZiB0aGUgbWlkZGxlIGl0ZW0gaGFzIGV4dHJhIGVmZmVjdCwgd2Ugd2lsbCByZXNldCB0aGUgZWZmZWN0IGFuZCBnaXZlICdJbmNyZWFzZSBkYW1hZ2Ugb2YgVGhyb3cgU2h1cmlrZW4gYnkgMjAlJy5eMDAwMDAwCl5GRjAwMDBBcmUgeW91IHN1cmUgYWJvdXQgdXBncmFkaW5nIHRoaXMgaXRlbT9eMDAwMDAw,,,,,,,XjY2MDAwMEF0ZW5jacOzbjogXjAwMDAwMApeNjYwMDAwRXN0YSBtZWpvcmEgcHVlZGUgZmFsbGFyLl4wMDAwMDAKXjY2MDAwMENvbnNlcnZhcsOhcyBlbCBlZmVjdG8gZGVsIG9iamV0byBzdXBlcmlvciwgcGVybyBzaSBlbCBvYmpldG8gZGVsIG1lZGlvIHRpZW5lIHVuIGVmZWN0byBleHRyYSwgcmVzdGFibGVjZXJlbW9zIGVsIGVmZWN0byB5IGxlIGRhcmVtb3MgbGEgcG9zaWJpbGlkYWQgZGUgYXVtZW50YXIgZWwgZGHDsW8gZGUgQXJyb2phciBTaHVyaWtlbiBlbiB1biAyMCUuXjAwMDAwMApeNjYwMDAwwr9TZWd1cm8gcXVlIHF1aWVyZXMgbWVqb3JhciBlc3RlIG9iamV0bz9eMDAwMDAw
ncuNBA,,XkZGMDAwMCAgICBDYXV0aW9uIF4wMDAwMDAKXkZGMDAwMFRoaXMgdXBncmFkZSBjYW4gYmUgZmFpbGVkLl4wMDAwMDAKXkZGMDAwMFlvdSB3aWxsIHN0aWxsIGtlZXAgdGhlIHVwcGVyIGl0ZW0ncyBlZmZlY3QsIGJ1dCBpZiB0aGUgbWlkZGxlIGl0ZW0gaGFzIGV4dHJhIGVmZmVjdCwgd2Ugd2lsbCByZXNldCB0aGUgZWZmZWN0IGFuZCBnaXZlICdJbmNyZWFzZSBkYW1hZ2Ugb2YgRGVzcGVyYWRvIGJ5IDIwJScuXjAwMDAwMApeRkYwMDAwQXJlIHlvdSBzdXJlIGFib3V0IHVwZ3JhZGluZyB0aGlzIGl0ZW0/XjAwMDAwMA==,,,,,,,XjY2MDAwMEF0ZW5jacOzbjogXjAwMDAwMApeNjYwMDAwRXN0YSBtZWpvcmEgcHVlZGUgZmFsbGFyLl4wMDAwMDAKXjY2MDAwMENvbnNlcnZhcsOhcyBlbCBlZmVjdG8gZGVsIG9iamV0byBzdXBlcmlvciwgcGVybyBzaSBlbCBvYmpldG8gZGVsIG1lZGlvIHRpZW5lIHVuIGVmZWN0byBleHRyYSwgcmVzdGFibGVjZXJlbW9zIGVsIGVmZWN0byB5IGxlIGRhcmVtb3MgbGEgcG9zaWJpbGlkYWQgZGUgYXVtZW50YXIgZWwgZGHDsW8gZGUgRGVzcGVyYWRvIGVuIHVuIDIwJS5eMDAwMDAwCl42NjAwMDDCv1NlZ3VybyBxdWUgcXVpZXJlcyBtZWpvcmFyIGVzdGUgb2JqZXRvP14wMDAwMDA=
nsuNBA,,XkZGMDAwMCAgICBDYXV0aW9uIF4wMDAwMDAKXkZGMDAwMFRoaXMgdXBncmFkZSBjYW4gYmUgZmFpbGVkLl4wMDAwMDAKXkZGMDAwMFlvdSB3aWxsIHN0aWxsIGtlZXAgdGhlIHVwcGVyIGl0ZW0ncyBlZmZlY3QsIGJ1dCBpZiB0aGUgbWlkZGxlIGl0ZW0gaGFzIGV4dHJhIGVmZmVjdCwgd2Ugd2lsbCByZXNldCB0aGUgZWZmZWN0IGFuZCBnaXZlICdJbmNyZWFzZXMgTHVuYXRpYyBDYXJyb3QgQmVhdCBkYW1hZ2UgYnkgMjAlJy5eMDAwMDAwCl5GRjAwMDBBcmUgeW91IHN1cmUgYWJvdXQgdXBncmFkaW5nIHRoaXMgaXRlbT9eMDAwMDAw,,,,,,,XjY2MDAwMEF0ZW5jacOzbjogXjAwMDAwMApeNjYwMDAwRXN0YSBtZWpvcmEgcHVlZGUgZmFsbGFyLl4wMDAwMDAKXjY2MDAwMENvbnNlcnZhcsOhcyBlbCBlZmVjdG8gZGVsIG9iamV0byBzdXBlcmlvciwgcGVybyBzaSBlbCBvYmpldG8gZGVsIG1lZGlvIHRpZW5lIHVuIGVmZWN0byBleHRyYSwgcmVzdGFibGVjZXJlbW9zIGVsIGVmZWN0byB5IGxlIGRhcmVtb3MgbGEgcG9zaWJpbGlkYWQgZGUgYXVtZW50YXIgZWwgZGHDsW8gZGUgWmFuYWhvcmlhIGRlIGx1bsOhdGljYSBlbiB1biAyMCUuXjAwMDAwMApeNjYwMDAwwr9TZWd1cm8gcXVlIHF1aWVyZXMgbWVqb3JhciBlc3RlIG9iamV0bz9eMDAwMDAw
n8uNBA,,XkZGMDAwMCAgICBDYXV0aW9uIF4wMDAwMDAKXkZGMDAwMFRoaXMgdXBncmFkZSBjYW4gYmUgZmFpbGVkLl4wMDAwMDAKXkZGMDAwMFlvdSB3aWxsIHN0aWxsIGtlZXAgdGhlIHVwcGVyIGl0ZW0ncyBlZmZlY3QsIGJ1dCBpZiB0aGUgbWlkZGxlIGl0ZW0gaGFzIGV4dHJhIGVmZmVjdCwgd2Ugd2lsbCByZXNldCB0aGUgZWZmZWN0IGFuZCBnaXZlICdJbmNyZWFzZSByYW5nZWQgcGh5c2ljYWwgZGFtYWdlIGJ5IDElIHBlciAyIHNraWxsIGxldmVscyBvZiBwbGF5ZXIgbGVhcm5lZCcuXjAwMDAwMApeRkYwMDAwQXJlIHlvdSBzdXJlIGFib3V0IHVwZ3JhZGluZyB0aGlzIGl0ZW0/XjAwMDAwMA==,,,,,,,XjY2MDAwMEF0ZW5jacOzbjogXjAwMDAwMApeNjYwMDAwRXN0YSBtZWpvcmEgcHVlZGUgZmFsbGFyLl4wMDAwMDAKXjY2MDAwMENvbnNlcnZhcsOhcyBlbCBlZmVjdG8gZGVsIG9iamV0byBzdXBlcmlvciwgcGVybyBzaSBlbCBvYmpldG8gZGVsIG1lZGlvIHRpZW5lIHVuIGVmZWN0byBleHRyYSwgcmVzdGFibGVjZXJlbW9zIGVsIGVmZWN0byB5IGxlIGRhcmVtb3MgbGEgcG9zaWJpbGlkYWQgZGUgYXVtZW50YXIgZWwgZGHDsW8gZsOtc2ljbyBhIGRpc3RhbmNpYSBlbiB1biAxJSBwb3IgY2FkYSAybml2ZWxlcyBkZSBoYWJpbGlkYWQgcXVlIGFwcmVuZGEgZWwganVnYWRvci5eMDAwMDAwCl42NjAwMDDCv1NlZ3VybyBxdWUgcXVpZXJlcyBtZWpvcmFyIGVzdGUgb2JqZXRvP14wMDAwMDA=
oMuNBA,,XkZGMDAwMCAgICBDYXV0aW9uIF4wMDAwMDAKXkZGMDAwMFRoaXMgdXBncmFkZSBjYW4gYmUgZmFpbGVkLl4wMDAwMDAKXkZGMDAwMFlvdSB3aWxsIHN0aWxsIGtlZXAgdGhlIHVwcGVyIGl0ZW0ncyBlZmZlY3QsIGJ1dCBpZiB0aGUgbWlkZGxlIGl0ZW0gaGFzIGV4dHJhIGVmZmVjdCwgd2Ugd2lsbCByZXNldCB0aGUgZWZmZWN0IGFuZCBnaXZlICdJbmNyZWFzZSBkYW1hZ2Ugb2YgQ2FydCBUZXJtaW5hdGlvbiBieSAxNSUnLl4wMDAwMDAKXkZGMDAwMEFyZSB5b3Ugc3VyZSBhYm91dCB1cGdyYWRpbmcgdGhpcyBpdGVtP14wMDAwMDA=,,,,,,,XjY2MDAwMEF0ZW5jacOzbjogXjAwMDAwMApeNjYwMDAwRXN0YSBtZWpvcmEgcHVlZGUgZmFsbGFyLl4wMDAwMDAKXjY2MDAwMENvbnNlcnZhcsOhcyBlbCBlZmVjdG8gZGVsIG9iamV0byBzdXBlcmlvciwgcGVybyBzaSBlbCBvYmpldG8gZGVsIG1lZGlvIHRpZW5lIHVuIGVmZWN0byBleHRyYSwgcmVzdGFibGVjZXJlbW9zIGVsIGVmZWN0byB5IGxlIGRhcmVtb3MgbGEgcG9zaWJpbGlkYWQgZGUgYXVtZW50YXIgZWwgZGHDsW8gZGUgVGVybWluYWNpw7NuIGRlIGNhcnJvIGVuIHVuIDE1JS5eMDAwMDAwCl42NjAwMDDCv1NlZ3VybyBxdWUgcXVpZXJlcyBtZWpvcmFyIGVzdGUgb2JqZXRvP14wMDAwMDA=
ocuNBA,,XkZGMDAwMCAgICBDYXV0aW9uIF4wMDAwMDAKXkZGMDAwMFRoaXMgdXBncmFkZSBjYW4gYmUgZmFpbGVkLl4wMDAwMDAKXkZGMDAwMFlvdSB3aWxsIHN0aWxsIGtlZXAgdGhlIHVwcGVyIGl0ZW0ncyBlZmZlY3QsIGJ1dCBpZiB0aGUgbWlkZGxlIGl0ZW0gaGFzIGV4dHJhIGVmZmVjdCwgd2Ugd2lsbCByZXNldCB0aGUgZWZmZWN0IGFuZCBnaXZlICdJbmNyZWFzZSBob2x5IHByb3BlcnR5IG1hZ2ljIGRhbWFnZSBieSAxJSBwZXIgMSBza2lsbCBsZXZlbCBvZiBBc3N1bXB0aW8nLl4wMDAwMDAKXkZGMDAwMEFyZSB5b3Ugc3VyZSBhYm91dCB1cGdyYWRpbmcgdGhpcyBpdGVtP14wMDAwMDA=,,,,,,,XjY2MDAwMEF0ZW5jacOzbjogXjAwMDAwMApeNjYwMDAwRXN0YSBtZWpvcmEgcHVlZGUgZmFsbGFyLl4wMDAwMDAKXjY2MDAwMENvbnNlcnZhcsOhcyBlbCBlZmVjdG8gZGVsIG9iamV0byBzdXBlcmlvciwgcGVybyBzaSBlbCBvYmpldG8gZGVsIG1lZGlvIHRpZW5lIHVuIGVmZWN0byBleHRyYSwgcmVzdGFibGVjZXJlbW9zIGVsIGVmZWN0byB5IGxlIGRhcmVtb3MgbGEgcG9zaWJpbGlkYWQgZGUgYXVtZW50YXIgZWwgZGHDsW8gbcOhZ2ljbyBkZSBsYXMgcHJvcGllZGFkZXMgc2FncmFkYXMgZW4gdW4gMSUgcG9yIGNhZGEgMW5pdmVsIGRlIGhhYmlsaWRhZCBkZSBBc3N1bXB0aW8uXjAwMDAwMApeNjYwMDAwwr9TZWd1cm8gcXVlIHF1aWVyZXMgbWVqb3JhciBlc3RlIG9iamV0bz9eMDAwMDAw
osuNBA,,XkZGMDAwMCAgICBDYXV0aW9uIF4wMDAwMDAKXkZGMDAwMFRoaXMgdXBncmFkZSBjYW4gYmUgZmFpbGVkLl4wMDAwMDAKXkZGMDAwMFlvdSB3aWxsIHN0aWxsIGtlZXAgdGhlIHVwcGVyIGl0ZW0ncyBlZmZlY3QsIGJ1dCBpZiB0aGUgbWlkZGxlIGl0ZW0gaGFzIGV4dHJhIGVmZmVjdCwgd2Ugd2lsbCByZXNldCB0aGUgZWZmZWN0IGFuZCBnaXZlICdJSW5jcmVhc2VzIG5ldXRyYWwgcHJvcGVydHkgbWFnaWMgZGFtYWdlIGJ5IDIlIHBlciBsZXZlbCBvZiBncmF2aXRhdGlvbiBmaWVsZCcuXjAwMDAwMApeRkYwMDAwQXJlIHlvdSBzdXJlIGFib3V0IHVwZ3JhZGluZyB0aGlzIGl0ZW0/XjAwMDAwMA==,,,,,,,XjY2MDAwMEF0ZW5jacOzbjogXjAwMDAwMApeNjYwMDAwRXN0YSBtZWpvcmEgcHVlZGUgZmFsbGFyLl4wMDAwMDAKXjY2MDAwMENvbnNlcnZhcsOhcyBlbCBlZmVjdG8gZGVsIG9iamV0byBzdXBlcmlvciwgcGVybyBzaSBlbCBvYmpldG8gZGVsIG1lZGlvIHRpZW5lIHVuIGVmZWN0byBleHRyYSwgcmVzdGFibGVjZXJlbW9zIGVsIGVmZWN0byB5IGxlIGRhcmVtb3MgbGEgcG9zaWJpbGlkYWQgZGUgYXVtZW50YXIgZWwgZGHDsW8gbcOhZ2ljbyBkZSBsYXMgcHJvcGllZGFkIG5ldXRyYWxlcyBlbiB1biAyJSBwb3IgY2FkYSAxbml2ZWwgZGUgQ2FtcG8gZGUgZ3Jhdml0YWNpw7NuLl4wMDAwMDAKXjY2MDAwMMK/U2VndXJvIHF1ZSBxdWllcmVzIG1lam9yYXIgZXN0ZSBvYmpldG8/XjAwMDAwMA==
o8uNBA,,XkZGMDAwMCAgICBDYXV0aW9uIF4wMDAwMDAKXkZGMDAwMFRoaXMgdXBncmFkZSBjYW4gYmUgZmFpbGVkLl4wMDAwMDAKXkZGMDAwMFlvdSB3aWxsIHN0aWxsIGtlZXAgdGhlIHVwcGVyIGl0ZW0ncyBlZmZlY3QsIGJ1dCBpZiB0aGUgbWlkZGxlIGl0ZW0gaGFzIGV4dHJhIGVmZmVjdCwgd2Ugd2lsbCByZXNldCB0aGUgZWZmZWN0IGFuZCBnaXZlICdQcmVzc3VyZSBkYW1hZ2UgaW5jcmVhc2VkIGJ5IDIwJScuXjAwMDAwMApeRkYwMDAwQXJlIHlvdSBzdXJlIGFib3V0IHVwZ3JhZGluZyB0aGlzIGl0ZW0/XjAwMDAwMA==,,,,,,,XjY2MDAwMEF0ZW5jacOzbjogXjAwMDAwMApeNjYwMDAwRXN0YSBtZWpvcmEgcHVlZGUgZmFsbGFyLl4wMDAwMDAKXjY2MDAwMENvbnNlcnZhcsOhcyBlbCBlZmVjdG8gZGVsIG9iamV0byBzdXBlcmlvciwgcGVybyBzaSBlbCBvYmpldG8gZGVsIG1lZGlvIHRpZW5lIHVuIGVmZWN0byBleHRyYSwgcmVzdGFibGVjZXJlbW9zIGVsIGVmZWN0byB5IGxlIGRhcmVtb3MgbGEgcG9zaWJpbGlkYWQgZGUgYXVtZW50YXIgZWwgZGHDsW8gZGUgUHJlc2nDs24gZW4gdW4gMjAlLl4wMDAwMDAKXjY2MDAwMMK/U2VndXJvIHF1ZSBxdWllcmVzIG1lam9yYXIgZXN0ZSBvYmpldG8/XjAwMDAwMA==
pMuNBA,,XkZGMDAwMCAgICBDYXV0aW9uIF4wMDAwMDAKXkZGMDAwMFRoaXMgdXBncmFkZSBjYW4gYmUgZmFpbGVkLl4wMDAwMDAKXkZGMDAwMFlvdSB3aWxsIHN0aWxsIGtlZXAgdGhlIHVwcGVyIGl0ZW0ncyBlZmZlY3QsIGJ1dCBpZiB0aGUgbWlkZGxlIGl0ZW0gaGFzIGV4dHJhIGVmZmVjdCwgd2Ugd2lsbCByZXNldCB0aGUgZWZmZWN0IGFuZCBnaXZlICdJbmNyZWFzZXMgU29uaWMgQmxvdyBkYW1hZ2UgYnkgMjAlJy5eMDAwMDAwCl5GRjAwMDBBcmUgeW91IHN1cmUgYWJvdXQgdXBncmFkaW5nIHRoaXMgaXRlbT9eMDAwMDAw,,,,,,,XjY2MDAwMEF0ZW5jacOzbjogXjAwMDAwMApeNjYwMDAwRXN0YSBtZWpvcmEgcHVlZGUgZmFsbGFyLl4wMDAwMDAKXjY2MDAwMENvbnNlcnZhcsOhcyBlbCBlZmVjdG8gZGVsIG9iamV0byBzdXBlcmlvciwgcGVybyBzaSBlbCBvYmpldG8gZGVsIG1lZGlvIHRpZW5lIHVuIGVmZWN0byBleHRyYSwgcmVzdGFibGVjZXJlbW9zIGVsIGVmZWN0byB5IGxlIGRhcmVtb3MgbGEgcG9zaWJpbGlkYWQgZGUgYXVtZW50YXIgZWwgZGHDsW8gZGUgSW1wYWN0byBzw7NuaWNvIGVuIHVuIDIwJS5eMDAwMDAwCl42NjAwMDDCv1NlZ3VybyBxdWUgcXVpZXJlcyBtZWpvcmFyIGVzdGUgb2JqZXRvP14wMDAwMDA=
pcuNBA,,XkZGMDAwMCAgICBDYXV0aW9uIF4wMDAwMDAKXkZGMDAwMFRoaXMgdXBncmFkZSBjYW4gYmUgZmFpbGVkLl4wMDAwMDAKXkZGMDAwMFlvdSB3aWxsIHN0aWxsIGtlZXAgdGhlIHVwcGVyIGl0ZW0ncyBlZmZlY3QsIGJ1dCBpZiB0aGUgbWlkZGxlIGl0ZW0gaGFzIGV4dHJhIGVmZmVjdCwgd2Ugd2lsbCByZXNldCB0aGUgZWZmZWN0IGFuZCBnaXZlICdJbmNyZWFzZXMgQm93bGluZyBCYXNoIGRhbWFnZSBieSAyMCUnLl4wMDAwMDAKXkZGMDAwMEFyZSB5b3Ugc3VyZSBhYm91dCB1cGdyYWRpbmcgdGhpcyBpdGVtP14wMDAwMDA=,,,,,,,XjY2MDAwMEF0ZW5jacOzbjogXjAwMDAwMApeNjYwMDAwRXN0YSBtZWpvcmEgcHVlZGUgZmFsbGFyLl4wMDAwMDAKXjY2MDAwMENvbnNlcnZhcsOhcyBlbCBlZmVjdG8gZGVsIG9iamV0byBzdXBlcmlvciwgcGVybyBzaSBlbCBvYmpldG8gZGVsIG1lZGlvIHRpZW5lIHVuIGVmZWN0byBleHRyYSwgcmVzdGFibGVjZXJlbW9zIGVsIGVmZWN0byB5IGxlIGRhcmVtb3MgbGEgcG9zaWJpbGlkYWQgZGUgYXVtZW50YXIgZWwgZGHDsW8gZGUgR29scGUgZGUgYm9saWNoZSBlbiB1biAyMCUuXjAwMDAwMApeNjYwMDAwwr9TZWd1cm8gcXVlIHF1aWVyZXMgbWVqb3JhciBlc3RlIG9iamV0bz9eMDAwMDAw
psuNBA,,XkZGMDAwMCAgICBDYXV0aW9uIF4wMDAwMDAKXkZGMDAwMFRoaXMgdXBncmFkZSBjYW4gYmUgZmFpbGVkLl4wMDAwMDAKXkZGMDAwMFlvdSB3aWxsIHN0aWxsIGtlZXAgdGhlIHVwcGVyIGl0ZW0ncyBlZmZlY3QsIGJ1dCBpZiB0aGUgbWlkZGxlIGl0ZW0gaGFzIGV4dHJhIGVmZmVjdCwgd2Ugd2lsbCByZXNldCB0aGUgZWZmZWN0IGFuZCBnaXZlICdJbmNyZWFzZXMgQWNpZCBCb21iIGRhbWFnZSBieSAyNSUnLl4wMDAwMDAKXkZGMDAwMEFyZSB5b3Ugc3VyZSBhYm91dCB1cGdyYWRpbmcgdGhpcyBpdGVtP14wMDAwMDA=,,,,,,,XjY2MDAwMEF0ZW5jacOzbjogXjAwMDAwMApeNjYwMDAwRXN0YSBtZWpvcmEgcHVlZGUgZmFsbGFyLl4wMDAwMDAKXjY2MDAwMENvbnNlcnZhcsOhcyBlbCBlZmVjdG8gZGVsIG9iamV0byBzdXBlcmlvciwgcGVybyBzaSBlbCBvYmpldG8gZGVsIG1lZGlvIHRpZW5lIHVuIGVmZWN0byBleHRyYSwgcmVzdGFibGVjZXJlbW9zIGVsIGVmZWN0byB5IGxlIGRhcmVtb3MgbGEgcG9zaWJpbGlkYWQgZGUgYXVtZW50YXIgZWwgZGHDsW8gZGUgQm9tYmEgw6FjaWRhIGVuIHVuIDI1JS5eMDAwMDAwCl42NjAwMDDCv1NlZ3VybyBxdWUgcXVpZXJlcyBtZWpvcmFyIGVzdGUgb2JqZXRvP14wMDAwMDA=
p8uNBA,,XkZGMDAwMCAgICBDYXV0aW9uIF4wMDAwMDAKXkZGMDAwMFRoaXMgdXBncmFkZSBjYW4gYmUgZmFpbGVkLl4wMDAwMDAKXkZGMDAwMFlvdSB3aWxsIHN0aWxsIGtlZXAgdGhlIHVwcGVyIGl0ZW0ncyBlZmZlY3QsIGJ1dCBpZiB0aGUgbWlkZGxlIGl0ZW0gaGFzIGV4dHJhIGVmZmVjdCwgd2Ugd2lsbCByZXNldCB0aGUgZWZmZWN0IGFuZCBnaXZlICdGb3IgZXZlcnkgbGV2ZWwgb2YgTWVsb2R5IFN0cmlrZSBvciBTbGluZ2luZyBBcnJvdyBsZWFybmVkLCBpbmNyZWFzZXMgbmV1dHJhbCBwcm9wZXJ0eSBtYWdpY2FsIGRhbWFnZSBieSAxJScuXjAwMDAwMApeRkYwMDAwQXJlIHlvdSBzdXJlIGFib3V0IHVwZ3JhZGluZyB0aGlzIGl0ZW0/XjAwMDAwMA==,,,,,,,XjY2MDAwMEF0ZW5jacOzbjogXjAwMDAwMApeNjYwMDAwRXN0YSBtZWpvcmEgcHVlZGUgZmFsbGFyLl4wMDAwMDAKXjY2MDAwMENvbnNlcnZhcsOhcyBlbCBlZmVjdG8gZGVsIG9iamV0byBzdXBlcmlvciwgcGVybyBzaSBlbCBvYmpldG8gZGVsIG1lZGlvIHRpZW5lIHVuIGVmZWN0byBleHRyYSwgcmVzdGFibGVjZXJlbW9zIGVsIGVmZWN0byB5IGxlIGRhcmVtb3MgbGEgcG9zaWJpbGlkYWQgZGUgcXVlLCBwb3IgY2FkYSAxbml2ZWwgZGUgQXRhcXVlIGRlIGluc3RydW1lbnRvIG8gRmxlY2hhIGhvbmRhIGFwcmVuZGlkbywgYXVtZW50ZSBlbCBkYcOxbyBtw6FnaWNvIGRlIGxhcyBwcm9waWVkYWRlcyBuZXV0cmFsZXMgZW4gdW4gMSUuXjAwMDAwMApeNjYwMDAwwr9TZWd1cm8gcXVlIHF1aWVyZXMgbWVqb3JhciBlc3RlIG9iamV0bz9eMDAwMDAw
qMuNBA,,XkZGMDAwMCAgICBDYXV0aW9uIF4wMDAwMDAKXkZGMDAwMFRoaXMgdXBncmFkZSBjYW4gYmUgZmFpbGVkLl4wMDAwMDAKXkZGMDAwMFlvdSB3aWxsIHN0aWxsIGtlZXAgdGhlIHVwcGVyIGl0ZW0ncyBlZmZlY3QsIGJ1dCBpZiB0aGUgbWlkZGxlIGl0ZW0gaGFzIGV4dHJhIGVmZmVjdCwgd2Ugd2lsbCByZXNldCB0aGUgZWZmZWN0IGFuZCBnaXZlICdJbmNyZWFzZXMgbWVsZWUgcGh5c2ljYWwgZGFtYWdlIGJ5IDMlJy5eMDAwMDAwCl5GRjAwMDBBcmUgeW91IHN1cmUgYWJvdXQgdXBncmFkaW5nIHRoaXMgaXRlbT9eMDAwMDAw,,,,,,,XjY2MDAwMEF0ZW5jacOzbjogXjAwMDAwMApeNjYwMDAwRXN0YSBtZWpvcmEgcHVlZGUgZmFsbGFyLl4wMDAwMDAKXjY2MDAwMENvbnNlcnZhcsOhcyBlbCBlZmVjdG8gZGVsIG9iamV0byBzdXBlcmlvciwgcGVybyBzaSBlbCBvYmpldG8gZGVsIG1lZGlvIHRpZW5lIHVuIGVmZWN0byBleHRyYSwgcmVzdGFibGVjZXJlbW9zIGVsIGVmZWN0byB5IGxlIGRhcmVtb3MgbGEgcG9zaWJpbGlkYWQgZGUgYXVtZW50YXIgZWwgZGHDsW8gZsOtc2ljbyBjdWVycG8gYSBjdWVycG8gZW4gdW4gMyUuXjAwMDAwMApeNjYwMDAwwr9TZWd1cm8gcXVlIHF1aWVyZXMgbWVqb3JhciBlc3RlIG9iamV0bz9eMDAwMDAw
qcuNBA,,XkZGMDAwMCAgICBDYXV0aW9uIF4wMDAwMDAKXkZGMDAwMFRoaXMgdXBncmFkZSBjYW4gYmUgZmFpbGVkLl4wMDAwMDAKXkZGMDAwMFlvdSB3aWxsIHN0aWxsIGtlZXAgdGhlIHVwcGVyIGl0ZW0ncyBlZmZlY3QsIGJ1dCBpZiB0aGUgbWlkZGxlIGl0ZW0gaGFzIGV4dHJhIGVmZmVjdCwgd2Ugd2lsbCByZXNldCB0aGUgZWZmZWN0IGFuZCBnaXZlICdJbmNyZWFzZXMgYWxsIHByb3BlcnR5IG1hZ2ljYWwgZGFtYWdlIGJ5IDMlJy5eMDAwMDAwCl5GRjAwMDBBcmUgeW91IHN1cmUgYWJvdXQgdXBncmFkaW5nIHRoaXMgaXRlbT9eMDAwMDAw,,,,,,,XjY2MDAwMEF0ZW5jacOzbjogXjAwMDAwMApeNjYwMDAwRXN0YSBtZWpvcmEgcHVlZGUgZmFsbGFyLl4wMDAwMDAKXjY2MDAwMENvbnNlcnZhcsOhcyBlbCBlZmVjdG8gZGVsIG9iamV0byBzdXBlcmlvciwgcGVybyBzaSBlbCBvYmpldG8gZGVsIG1lZGlvIHRpZW5lIHVuIGVmZWN0byBleHRyYSwgcmVzdGFibGVjZXJlbW9zIGVsIGVmZWN0byB5IGxlIGRhcmVtb3MgbGEgcG9zaWJpbGlkYWQgZGUgYXVtZW50YXIgZWwgZGHDsW8gbcOhZ2ljbyBkZSB0b2RhcyBsYXMgcHJvcGllZGFkZXMgZW4gdW4gMyUuXjAwMDAwMApeNjYwMDAwwr9TZWd1cm8gcXVlIHF1aWVyZXMgbWVqb3JhciBlc3RlIG9iamV0bz9eMDAwMDAw
qsuNBA,,XkZGMDAwMCAgICBDYXV0aW9uIF4wMDAwMDAKXkZGMDAwMFRoaXMgdXBncmFkZSBjYW4gYmUgZmFpbGVkLl4wMDAwMDAKXkZGMDAwMFlvdSB3aWxsIHN0aWxsIGtlZXAgdGhlIHVwcGVyIGl0ZW0ncyBlZmZlY3QsIGJ1dCBpZiB0aGUgbWlkZGxlIGl0ZW0gaGFzIGV4dHJhIGVmZmVjdCwgd2Ugd2lsbCByZXNldCB0aGUgZWZmZWN0IGFuZCBnaXZlICdJbmNyZWFzZXMgbWVsZWUgYW5kIGxvbmcgcmFuZ2VkIHBoeXNpY2FsIGRhbWFnZSBieSAxJSBwZXIgMiBsZXZlbHMgb2YgUnVuZSBNYXN0ZXJ5IGxlYXJuZWQnLl4wMDAwMDAKXkZGMDAwMEFyZSB5b3Ugc3VyZSBhYm91dCB1cGdyYWRpbmcgdGhpcyBpdGVtP14wMDAwMDA=,,,,,,,XjY2MDAwMEF0ZW5jacOzbjogXjAwMDAwMApeNjYwMDAwRXN0YSBtZWpvcmEgcHVlZGUgZmFsbGFyLl4wMDAwMDAKXjY2MDAwMENvbnNlcnZhcsOhcyBlbCBlZmVjdG8gZGVsIG9iamV0byBzdXBlcmlvciwgcGVybyBzaSBlbCBvYmpldG8gZGVsIG1lZGlvIHRpZW5lIHVuIGVmZWN0byBleHRyYSwgcmVzdGFibGVjZXJlbW9zIGVsIGVmZWN0byB5IGxlIGRhcmVtb3MgbGEgcG9zaWJpbGlkYWQgZGUgYXVtZW50YXIgZWwgZGHDsW8gZsOtc2ljbyBjdWVycG8gYSBjdWVycG8geSBhIGRpc3RhbmNpYSBlbiB1biAxJSBwb3IgY2FkYSAybml2ZWxlcyBkZSBNYWVzdHLDrWEgZGUgcnVuYXMgYXByZW5kaWRvcy5eMDAwMDAwCl42NjAwMDDCv1NlZ3VybyBxdWUgcXVpZXJlcyBtZWpvcmFyIGVzdGUgb2JqZXRvP14wMDAwMDA=
q8uNBA,,XkZGMDAwMCAgICBDYXV0aW9uIF4wMDAwMDAKXkZGMDAwMFRoaXMgdXBncmFkZSBjYW4gYmUgZmFpbGVkLl4wMDAwMDAKXkZGMDAwMFlvdSB3aWxsIHN0aWxsIGtlZXAgdGhlIHVwcGVyIGl0ZW0ncyBlZmZlY3QsIGJ1dCBpZiB0aGUgbWlkZGxlIGl0ZW0gaGFzIGV4dHJhIGVmZmVjdCwgd2Ugd2lsbCByZXNldCB0aGUgZWZmZWN0IGFuZCBnaXZlICdSZWR1Y2VzIGZpeGVkIGNhc3RpbmcgdGltZSBieSAwLjEgc2Vjb25kcyBwZXIgZWFjaCBsZXZlbCBvZiBDb21ldCBsZWFybmVkJy5eMDAwMDAwCl5GRjAwMDBBcmUgeW91IHN1cmUgYWJvdXQgdXBncmFkaW5nIHRoaXMgaXRlbT9eMDAwMDAw,,,,,,,XjY2MDAwMEF0ZW5jacOzbjogXjAwMDAwMApeNjYwMDAwRXN0YSBtZWpvcmEgcHVlZGUgZmFsbGFyLl4wMDAwMDAKXjY2MDAwMENvbnNlcnZhcsOhcyBlbCBlZmVjdG8gZGVsIG9iamV0byBzdXBlcmlvciwgcGVybyBzaSBlbCBvYmpldG8gZGVsIG1lZGlvIHRpZW5lIHVuIGVmZWN0byBleHRyYSwgcmVzdGFibGVjZXJlbW9zIGVsIGVmZWN0byB5IGxlIGRhcmVtb3MgbGEgcG9zaWJpbGlkYWQgZGUgcmVkdWNpciBlbCB0aWVtcG8gZGUgbGFuemFtaWVudG8gZmlqbyBlbiAwLDFzZWd1bmRvcyBwb3IgY2FkYSAxbml2ZWwgZGUgQ29tZXRhIGFwcmVuZGlkby5eMDAwMDAwCl42NjAwMDDCv1NlZ3VybyBxdWUgcXVpZXJlcyBtZWpvcmFyIGVzdGUgb2JqZXRvP14wMDAwMDA=
rMuNBA,,XkZGMDAwMCAgICBDYXV0aW9uIF4wMDAwMDAKXkZGMDAwMFRoaXMgdXBncmFkZSBjYW4gYmUgZmFpbGVkLl4wMDAwMDAKXkZGMDAwMFlvdSB3aWxsIHN0aWxsIGtlZXAgdGhlIHVwcGVyIGl0ZW0ncyBlZmZlY3QsIGJ1dCBpZiB0aGUgbWlkZGxlIGl0ZW0gaGFzIGV4dHJhIGVmZmVjdCwgd2Ugd2lsbCByZXNldCB0aGUgZWZmZWN0IGFuZCBnaXZlICdJbmNyZWFzZXMgbG9uZyByYW5nZWQgcGh5c2ljYWwgZGFtYWdlIGFuZCBhbGwgbWFnaWNhbCBwcm9wZXJ0eSBkYW1hZ2UgYnkgMiUgcGVyIGVhY2ggbGV2ZWwgb2YgUGlldHkgbGVhcm5lZCcuXjAwMDAwMApeRkYwMDAwQXJlIHlvdSBzdXJlIGFib3V0IHVwZ3JhZGluZyB0aGlzIGl0ZW0/XjAwMDAwMA==,,,,,,,XjY2MDAwMEF0ZW5jacOzbjogXjAwMDAwMApeNjYwMDAwRXN0YSBtZWpvcmEgcHVlZGUgZmFsbGFyLl4wMDAwMDAKXjY2MDAwMENvbnNlcnZhcsOhcyBlbCBlZmVjdG8gZGVsIG9iamV0byBzdXBlcmlvciwgcGVybyBzaSBlbCBvYmpldG8gZGVsIG1lZGlvIHRpZW5lIHVuIGVmZWN0byBleHRyYSwgcmVzdGFibGVjZXJlbW9zIGVsIGVmZWN0byB5IGxlIGRhcmVtb3MgbGEgcG9zaWJpbGlkYWQgZGUgYXVtZW50YXIgZWwgZGHDsW8gZsOtc2ljbyBhIGRpc3RhbmNpYSB5IGVsIGRhw7FvIGRlIHRvZGFzIGxhcyBwcm9waWVkYWRlcyBtw6FnaWNhcyBlbiB1biAyJSBwb3IgY2FkYSAxbml2ZWwgZGUgUGllZGFkIGFwcmVuZGlkby5eMDAwMDAwCl42NjAwMDDCv1NlZ3VybyBxdWUgcXVpZXJlcyBtZWpvcmFyIGVzdGUgb2JqZXRvP14wMDAwMDA=
rcuNBA,,XkZGMDAwMCAgICBDYXV0aW9uIF4wMDAwMDAKXkZGMDAwMFRoaXMgdXBncmFkZSBjYW4gYmUgZmFpbGVkLl4wMDAwMDAKXkZGMDAwMFlvdSB3aWxsIHN0aWxsIGtlZXAgdGhlIHVwcGVyIGl0ZW0ncyBlZmZlY3QsIGJ1dCBpZiB0aGUgbWlkZGxlIGl0ZW0gaGFzIGV4dHJhIGVmZmVjdCwgd2Ugd2lsbCByZXNldCB0aGUgZWZmZWN0IGFuZCBnaXZlICdGb3IgZXZlcnkgbGV2ZWwgb2YgQ2lyY2xlIG9mIE5hdHVyZSwgcmVkdWNlIHRoZSBjb29sZG93biBvZiBTZXZlcmUgUmFpbnN0b3JtIGFuZCBNZXRhbGxpYyBTb3VuZCBieSAwLjEgc2Vjb25kcycuXjAwMDAwMApeRkYwMDAwQXJlIHlvdSBzdXJlIGFib3V0IHVwZ3JhZGluZyB0aGlzIGl0ZW0/XjAwMDAwMA==,,,,,,,XjY2MDAwMEF0ZW5jacOzbjogXjAwMDAwMApeNjYwMDAwRXN0YSBtZWpvcmEgcHVlZGUgZmFsbGFyLl4wMDAwMDAKXjY2MDAwMENvbnNlcnZhcsOhcyBlbCBlZmVjdG8gZGVsIG9iamV0byBzdXBlcmlvciwgcGVybyBzaSBlbCBvYmpldG8gZGVsIG1lZGlvIHRpZW5lIHVuIGVmZWN0byBleHRyYSwgcmVzdGFibGVjZXJlbW9zIGVsIGVmZWN0byB5IGxlIGRhcmVtb3MgbGEgcG9zaWJpbGlkYWQgZGUgcXVlLCBwb3IgY2FkYSAxbml2ZWwgZGUgQ8OtcmN1bG8gZGUgbGEgbmF0dXJhbGV6YSwgc2UgcmVkdXpjYSBlbCB0aWVtcG8gZGUgcmVjYXJnYSBkZSBHcmFuIHRvcm1lbnRhIHkgU29uaWRvIG1ldMOhbGljbyBhIDAsMXNlZ3VuZG9zLl4wMDAwMDAKXjY2MDAwMMK/U2VndXJvIHF1ZSBxdWllcmVzIG1lam9yYXIgZXN0ZSBvYmpldG8/XjAwMDAwMA==
rsuNBA,,XkZGMDAwMCAgICBDYXV0aW9uIF4wMDAwMDAKXkZGMDAwMFRoaXMgdXBncmFkZSBjYW4gYmUgZmFpbGVkLl4wMDAwMDAKXkZGMDAwMFlvdSB3aWxsIHN0aWxsIGtlZXAgdGhlIHVwcGVyIGl0ZW0ncyBlZmZlY3QsIGJ1dCBpZiB0aGUgbWlkZGxlIGl0ZW0gaGFzIGV4dHJhIGVmZmVjdCwgd2Ugd2lsbCByZXNldCB0aGUgZWZmZWN0IGFuZCBnaXZlICdGb3IgZXZlcnkgbGV2ZWwgb2YgQ2FydCBSZW1vZGVsaW5nLCByZWR1Y2UgdmFyaWFibGUgY2FzdGluZyB0aW1lIGJ5IDIlJy5eMDAwMDAwCl5GRjAwMDBBcmUgeW91IHN1cmUgYWJvdXQgdXBncmFkaW5nIHRoaXMgaXRlbT9eMDAwMDAw,,,,,,,XjY2MDAwMEF0ZW5jacOzbjogXjAwMDAwMApeNjYwMDAwRXN0YSBtZWpvcmEgcHVlZGUgZmFsbGFyLl4wMDAwMDAKXjY2MDAwMENvbnNlcnZhcsOhcyBlbCBlZmVjdG8gZGVsIG9iamV0byBzdXBlcmlvciwgcGVybyBzaSBlbCBvYmpldG8gZGVsIG1lZGlvIHRpZW5lIHVuIGVmZWN0byBleHRyYSwgcmVzdGFibGVjZXJlbW9zIGVsIGVmZWN0byB5IGxlIGRhcmVtb3MgbGEgcG9zaWJpbGlkYWQgZGUgcXVlLCBwb3IgY2FkYSAxbml2ZWwgZGUgUmVtb2RlbGFjacOzbiBkZSBjYXJyZXRhLCBzZSByZWR1emNhIGVsIHRpZW1wbyBkZSBsYW56YW1pZW50byB2YXJpYWJsZSBlbiB1biAyJS5eMDAwMDAwCl42NjAwMDDCv1NlZ3VybyBxdWUgcXVpZXJlcyBtZWpvcmFyIGVzdGUgb2JqZXRvP14wMDAwMDA=
r8uNBA,,XkZGMDAwMCAgICBDYXV0aW9uIF4wMDAwMDAKXkZGMDAwMFRoaXMgdXBncmFkZSBjYW4gYmUgZmFpbGVkLl4wMDAwMDAKXkZGMDAwMFlvdSB3aWxsIHN0aWxsIGtlZXAgdGhlIHVwcGVyIGl0ZW0ncyBlZmZlY3QsIGJ1dCBpZiB0aGUgbWlkZGxlIGl0ZW0gaGFzIGV4dHJhIGVmZmVjdCwgd2Ugd2lsbCByZXNldCB0aGUgZWZmZWN0IGFuZCBnaXZlICdGb3IgZXZlcnkgbGV2ZWwgb2YgRGlhbW9uZCBEdXN0LCByZWR1Y2UgdmFyaWFibGUgY2FzdGluZyB0aW1lIGJ5IDIlJy5eMDAwMDAwCl5GRjAwMDBBcmUgeW91IHN1cmUgYWJvdXQgdXBncmFkaW5nIHRoaXMgaXRlbT9eMDAwMDAw,,,,,,,XjY2MDAwMEF0ZW5jacOzbjogXjAwMDAwMApeNjYwMDAwRXN0YSBtZWpvcmEgcHVlZGUgZmFsbGFyLl4wMDAwMDAKXjY2MDAwMENvbnNlcnZhcsOhcyBlbCBlZmVjdG8gZGVsIG9iamV0byBzdXBlcmlvciwgcGVybyBzaSBlbCBvYmpldG8gZGVsIG1lZGlvIHRpZW5lIHVuIGVmZWN0byBleHRyYSwgcmVzdGFibGVjZXJlbW9zIGVsIGVmZWN0byB5IGxlIGRhcmVtb3MgbGEgcG9zaWJpbGlkYWQgZGUgcXVlLCBwb3IgY2FkYSAxbml2ZWwgZGUgUG9sdm8gRGlhbWFudGlubywgc2UgcmVkdXpjYSBlbCB0aWVtcG8gZGUgbGFuemFtaWVudG8gdmFyaWFibGUgZW4gdW4gMiUuXjAwMDAwMApeNjYwMDAwwr9TZWd1cm8gcXVlIHF1aWVyZXMgbWVqb3JhciBlc3RlIG9iamV0bz9eMDAwMDAw
sMuNBA,,XkZGMDAwMCAgICBDYXV0aW9uIF4wMDAwMDAKXkZGMDAwMFRoaXMgdXBncmFkZSBjYW4gYmUgZmFpbGVkLl4wMDAwMDAKXkZGMDAwMFlvdSB3aWxsIHN0aWxsIGtlZXAgdGhlIHVwcGVyIGl0ZW0ncyBlZmZlY3QsIGJ1dCBpZiB0aGUgbWlkZGxlIGl0ZW0gaGFzIGV4dHJhIGVmZmVjdCwgd2Ugd2lsbCByZXNldCB0aGUgZWZmZWN0IGFuZCBnaXZlICdGb3IgZXZlcnkgbGV2ZWwgb2YgTGF1ZGEgQWdudXMgbGVhcm5lZCwgcmVkdWNlcyB2YXJpYWxlIGNhc3RpbmcgYnkgMyUnLl4wMDAwMDAKXkZGMDAwMEFyZSB5b3Ugc3VyZSBhYm91dCB1cGdyYWRpbmcgdGhpcyBpdGVtP14wMDAwMDA=,,,,,,,XjY2MDAwMEF0ZW5jacOzbjogXjAwMDAwMApeNjYwMDAwRXN0YSBtZWpvcmEgcHVlZGUgZmFsbGFyLl4wMDAwMDAKXjY2MDAwMENvbnNlcnZhcsOhcyBlbCBlZmVjdG8gZGVsIG9iamV0byBzdXBlcmlvciwgcGVybyBzaSBlbCBvYmpldG8gZGVsIG1lZGlvIHRpZW5lIHVuIGVmZWN0byBleHRyYSwgcmVzdGFibGVjZXJlbW9zIGVsIGVmZWN0byB5IGxlIGRhcmVtb3MgbGEgcG9zaWJpbGlkYWQgZGUgcXVlLCBwb3IgY2FkYSAxbml2ZWwgZGUgTGF1ZGEgQWdudXMgYXByZW5kaWRvLCBzZSByZWR1emNhIGVsIHRpZW1wbyBkZSBsYW56YW1pZW50byB2YXJpYWJsZSBlbiB1biAzJS5eMDAwMDAwCl42NjAwMDDCv1NlZ3VybyBxdWUgcXVpZXJlcyBtZWpvcmFyIGVzdGUgb2JqZXRvP14wMDAwMDA=
scuNBA,,XkZGMDAwMCAgICBDYXV0aW9uIF4wMDAwMDAKXkZGMDAwMFRoaXMgdXBncmFkZSBjYW4gYmUgZmFpbGVkLl4wMDAwMDAKXkZGMDAwMFlvdSB3aWxsIHN0aWxsIGtlZXAgdGhlIHVwcGVyIGl0ZW0ncyBlZmZlY3QsIGJ1dCBpZiB0aGUgbWlkZGxlIGl0ZW0gaGFzIGV4dHJhIGVmZmVjdCwgd2Ugd2lsbCByZXNldCB0aGUgZWZmZWN0IGFuZCBnaXZlICdGb3IgZXZlcnkgbGV2ZWwgb2YgVHJhcCBSZXNlYXJjaCBsZWFybmVkLCByZWR1Y2VzIHZhcmlhYmxlIGNhc3RpbmcgdGltZSBieSAxJScuXjAwMDAwMApeRkYwMDAwQXJlIHlvdSBzdXJlIGFib3V0IHVwZ3JhZGluZyB0aGlzIGl0ZW0/XjAwMDAwMA==,,,,,,,XjY2MDAwMEF0ZW5jacOzbjogXjAwMDAwMApeNjYwMDAwRXN0YSBtZWpvcmEgcHVlZGUgZmFsbGFyLl4wMDAwMDAKXjY2MDAwMENvbnNlcnZhcsOhcyBlbCBlZmVjdG8gZGVsIG9iamV0byBzdXBlcmlvciwgcGVybyBzaSBlbCBvYmpldG8gZGVsIG1lZGlvIHRpZW5lIHVuIGVmZWN0byBleHRyYSwgcmVzdGFibGVjZXJlbW9zIGVsIGVmZWN0byB5IGxlIGRhcmVtb3MgbGEgcG9zaWJpbGlkYWQgZGUgcXVlLCBwb3IgY2FkYSAxbml2ZWwgZGUgSW52ZXN0aWdhY2nDs24gZGUgdHJhbXBhcyBhcHJlbmRpZG8sIHNlIHJlZHV6Y2EgZWwgdGllbXBvIGRlIGxhbnphbWllbnRvIHZhcmlhYmxlIGVuIHVuIDElLl4wMDAwMDAKXjY2MDAwMMK/U2VndXJvIHF1ZSBxdWllcmVzIG1lam9yYXIgZXN0ZSBvYmpldG8/XjAwMDAwMA==
ssuNBA,,XkZGMDAwMCAgICBDYXV0aW9uIF4wMDAwMDAKXkZGMDAwMFRoaXMgdXBncmFkZSBjYW4gYmUgZmFpbGVkLl4wMDAwMDAKXkZGMDAwMFlvdSB3aWxsIHN0aWxsIGtlZXAgdGhlIHVwcGVyIGl0ZW0ncyBlZmZlY3QsIGJ1dCBpZiB0aGUgbWlkZGxlIGl0ZW0gaGFzIGV4dHJhIGVmZmVjdCwgd2Ugd2lsbCByZXNldCB0aGUgZWZmZWN0IGFuZCBnaXZlICdGb3IgZXZlcnkgbGV2ZWwgb2YgU2hhZG93IEZvcm1hdGlvbiBsZWFybmVkLCByZWR1Y2VzIGdsb2JhbCBjb29sZG93biBieSAxJScuXjAwMDAwMApeRkYwMDAwQXJlIHlvdSBzdXJlIGFib3V0IHVwZ3JhZGluZyB0aGlzIGl0ZW0/XjAwMDAwMA==,,,,,,,XjY2MDAwMEF0ZW5jacOzbjogXjAwMDAwMApeNjYwMDAwRXN0YSBtZWpvcmEgcHVlZGUgZmFsbGFyLl4wMDAwMDAKXjY2MDAwMENvbnNlcnZhcsOhcyBlbCBlZmVjdG8gZGVsIG9iamV0byBzdXBlcmlvciwgcGVybyBzaSBlbCBvYmpldG8gZGVsIG1lZGlvIHRpZW5lIHVuIGVmZWN0byBleHRyYSwgcmVzdGFibGVjZXJlbW9zIGVsIGVmZWN0byB5IGxlIGRhcmVtb3MgbGEgcG9zaWJpbGlkYWQgZGUgcXVlLCBwb3IgY2FkYSAxbml2ZWwgZGUgRm9ybWFjacOzbiBkZSBzb21icmFzIGFwcmVuZGlkbywgc2UgcmVkdXpjYSBlbCB0aWVtcG8gZGUgcmVjYXJnYSBnZW5lcmFsIGVuIHVuIDElLl4wMDAwMDAKXjY2MDAwMMK/U2VndXJvIHF1ZSBxdWllcmVzIG1lam9yYXIgZXN0ZSBvYmpldG8/XjAwMDAwMA==
s8uNBA,,XkZGMDAwMCAgICBDYXV0aW9uIF4wMDAwMDAKXkZGMDAwMFRoaXMgdXBncmFkZSBjYW4gYmUgZmFpbGVkLl4wMDAwMDAKXkZGMDAwMFlvdSB3aWxsIHN0aWxsIGtlZXAgdGhlIHVwcGVyIGl0ZW0ncyBlZmZlY3QsIGJ1dCBpZiB0aGUgbWlkZGxlIGl0ZW0gaGFzIGV4dHJhIGVmZmVjdCwgd2Ugd2lsbCByZXNldCB0aGUgZWZmZWN0IGFuZCBnaXZlICdGb3IgZXZlcnkgMiBsZXZlbHMgb2YgUmlzaW5nIERyYWdvbiwgcmVkdWNlIGZpeGVkIGNhc3RpbmcgdGltZSBieSAwLjEgc2Vjb25kcycuXjAwMDAwMApeRkYwMDAwQXJlIHlvdSBzdXJlIGFib3V0IHVwZ3JhZGluZyB0aGlzIGl0ZW0/XjAwMDAwMA==,,,,,,,XjY2MDAwMEF0ZW5jacOzbjogXjAwMDAwMApeNjYwMDAwRXN0YSBtZWpvcmEgcHVlZGUgZmFsbGFyLl4wMDAwMDAKXjY2MDAwMENvbnNlcnZhcsOhcyBlbCBlZmVjdG8gZGVsIG9iamV0byBzdXBlcmlvciwgcGVybyBzaSBlbCBvYmpldG8gZGVsIG1lZGlvIHRpZW5lIHVuIGVmZWN0byBleHRyYSwgcmVzdGFibGVjZXJlbW9zIGVsIGVmZWN0byB5IGxlIGRhcmVtb3MgbGEgcG9zaWJpbGlkYWQgZGUgcXVlLCBwb3IgY2FkYSAybml2ZWxlcyBkZSBEcmFnw7NuIGFzY2VuZGVudGUsIHNlIHJlZHV6Y2EgZWwgdGllbXBvIGRlIGxhbnphbWllbnRvIGZpam8gZW4gMCwxc2VndW5kb3MuXjAwMDAwMApeNjYwMDAwwr9TZWd1cm8gcXVlIHF1aWVyZXMgbWVqb3JhciBlc3RlIG9iamV0bz9eMDAwMDAw
tMuNBA,,XkZGMDAwMCAgICBDYXV0aW9uIF4wMDAwMDAKXkZGMDAwMFRoaXMgdXBncmFkZSBjYW4gYmUgZmFpbGVkLl4wMDAwMDAKXkZGMDAwMFlvdSB3aWxsIHN0aWxsIGtlZXAgdGhlIHVwcGVyIGl0ZW0ncyBlZmZlY3QsIGJ1dCBpZiB0aGUgbWlkZGxlIGl0ZW0gaGFzIGV4dHJhIGVmZmVjdCwgd2Ugd2lsbCByZXNldCB0aGUgZWZmZWN0IGFuZCBnaXZlICdGb3IgZXZlcnkgbGV2ZWwgb2YgTWFkb2dlYXIgTGljZW5zZSwgaW5jcmVhc2VzIG1lbGVlIGFuZCBsb25nIHJhbmdlZCBwaHlzaWNhbCBkYW1hZ2UgYnkgMSUnLl4wMDAwMDAKXkZGMDAwMEFyZSB5b3Ugc3VyZSBhYm91dCB1cGdyYWRpbmcgdGhpcyBpdGVtP14wMDAwMDA=,,,,,,,XjY2MDAwMEF0ZW5jacOzbjogXjAwMDAwMApeNjYwMDAwRXN0YSBtZWpvcmEgcHVlZGUgZmFsbGFyLl4wMDAwMDAKXjY2MDAwMENvbnNlcnZhcsOhcyBlbCBlZmVjdG8gZGVsIG9iamV0byBzdXBlcmlvciwgcGVybyBzaSBlbCBvYmpldG8gZGVsIG1lZGlvIHRpZW5lIHVuIGVmZWN0byBleHRyYSwgcmVzdGFibGVjZXJlbW9zIGVsIGVmZWN0byB5IGxlIGRhcmVtb3MgbGEgcG9zaWJpbGlkYWQgZGUgcXVlLCBwb3IgY2FkYSAxbml2ZWwgZGUgTGljZW5jaWEgZGUgbWVjYSBtw6FnaWNvLCBhdW1lbnRlIGVsIGRhw7FvIGbDrXNpY28gY3VlcnBvIGEgY3VlcnBvIHkgYSBkaXN0YW5jaWEgZW4gdW4gMSUuXjAwMDAwMApeNjYwMDAwwr9TZWd1cm8gcXVlIHF1aWVyZXMgbWVqb3JhciBlc3RlIG9iamV0bz9eMDAwMDAw
tcuNBA,,XkZGMDAwMCAgICBDYXV0aW9uIF4wMDAwMDAKXkZGMDAwMFRoaXMgdXBncmFkZSBjYW4gYmUgZmFpbGVkLl4wMDAwMDAKXkZGMDAwMFlvdSB3aWxsIHN0aWxsIGtlZXAgdGhlIHVwcGVyIGl0ZW0ncyBlZmZlY3QsIGJ1dCBpZiB0aGUgbWlkZGxlIGl0ZW0gaGFzIGV4dHJhIGVmZmVjdCwgd2Ugd2lsbCByZXNldCB0aGUgZWZmZWN0IGFuZCBnaXZlICdGb3IgZXZlcnkgbGV2ZWwgb2YgRGFyayBJbGx1c2lvbiwgaW5jcmVhc2VzIG1lbGVlIHBoeXNpY2FsIGRhbWFnZSBieSAyJScuXjAwMDAwMApeRkYwMDAwQXJlIHlvdSBzdXJlIGFib3V0IHVwZ3JhZGluZyB0aGlzIGl0ZW0/XjAwMDAwMA==,,,,,,,XjY2MDAwMEF0ZW5jacOzbjogXjAwMDAwMApeNjYwMDAwRXN0YSBtZWpvcmEgcHVlZGUgZmFsbGFyLl4wMDAwMDAKXjY2MDAwMENvbnNlcnZhcsOhcyBlbCBlZmVjdG8gZGVsIG9iamV0byBzdXBlcmlvciwgcGVybyBzaSBlbCBvYmpldG8gZGVsIG1lZGlvIHRpZW5lIHVuIGVmZWN0byBleHRyYSwgcmVzdGFibGVjZXJlbW9zIGVsIGVmZWN0byB5IGxlIGRhcmVtb3MgbGEgcG9zaWJpbGlkYWQgZGUgcXVlLCBwb3IgY2FkYSAxbml2ZWwgZGUgSWx1c2nDs24gb3NjdXJhLCBhdW1lbnRlIGVsIGRhw7FvIGbDrXNpY28gY3VlcnBvIGEgY3VlcnBvIGVuIHVuIDIlLl4wMDAwMDAKXjY2MDAwMMK/U2VndXJvIHF1ZSBxdWllcmVzIG1lam9yYXIgZXN0ZSBvYmpldG8/XjAwMDAwMA==
tsuNBA,,XkZGMDAwMCAgICBDYXV0aW9uIF4wMDAwMDAKXkZGMDAwMFRoaXMgdXBncmFkZSBjYW4gYmUgZmFpbGVkLl4wMDAwMDAKXkZGMDAwMFlvdSB3aWxsIHN0aWxsIGtlZXAgdGhlIHVwcGVyIGl0ZW0ncyBlZmZlY3QsIGJ1dCBpZiB0aGUgbWlkZGxlIGl0ZW0gaGFzIGV4dHJhIGVmZmVjdCwgd2Ugd2lsbCByZXNldCB0aGUgZWZmZWN0IGFuZCBnaXZlICdGb3IgZXZlcnkgbGV2ZWwgb2YgU29sYXIgQmxlc3NpbmdzIGxlYXJuZWQsIGluY3JlYXNlIG1lbGVlIHBoeXNpY2FsIGRhbWFnZSBieSAyJScuXjAwMDAwMApeRkYwMDAwQXJlIHlvdSBzdXJlIGFib3V0IHVwZ3JhZGluZyB0aGlzIGl0ZW0/XjAwMDAwMA==,,,,,,,XjY2MDAwMEF0ZW5jacOzbjogXjAwMDAwMApeNjYwMDAwRXN0YSBtZWpvcmEgcHVlZGUgZmFsbGFyLl4wMDAwMDAKXjY2MDAwMENvbnNlcnZhcsOhcyBlbCBlZmVjdG8gZGVsIG9iamV0byBzdXBlcmlvciwgcGVybyBzaSBlbCBvYmpldG8gZGVsIG1lZGlvIHRpZW5lIHVuIGVmZWN0byBleHRyYSwgcmVzdGFibGVjZXJlbW9zIGVsIGVmZWN0byB5IGxlIGRhcmVtb3MgbGEgcG9zaWJpbGlkYWQgZGUgcXVlLCBwb3IgY2FkYSAxbml2ZWwgZGUgQmVuZGljaW9uZXMgc29sYXJlcyBhcHJlbmRpZG8sIGF1bWVudGUgZWwgZGHDsW8gZsOtc2ljbyBjdWVycG8gYSBjdWVycG8gZW4gdW4gMiUuXjAwMDAwMApeNjYwMDAwwr9TZWd1cm8gcXVlIHF1aWVyZXMgbWVqb3JhciBlc3RlIG9iamV0bz9eMDAwMDAw
t8uNBA,,XkZGMDAwMCAgICBDYXV0aW9uIF4wMDAwMDAKXkZGMDAwMFRoaXMgdXBncmFkZSBjYW4gYmUgZmFpbGVkLl4wMDAwMDAKXkZGMDAwMFlvdSB3aWxsIHN0aWxsIGtlZXAgdGhlIHVwcGVyIGl0ZW0ncyBlZmZlY3QsIGJ1dCBpZiB0aGUgbWlkZGxlIGl0ZW0gaGFzIGV4dHJhIGVmZmVjdCwgd2Ugd2lsbCByZXNldCB0aGUgZWZmZWN0IGFuZCBnaXZlICdGb3IgZXZlcnkgbGV2ZWwgb2YgRmlyZSBSYWluIGxlYXJuZWQsIGluY3JlYXNlIGxvbmcgcmFuZ2VkIHBoeXNpY2FsIGRhbWFnZSBieSAyJScuXjAwMDAwMApeRkYwMDAwQXJlIHlvdSBzdXJlIGFib3V0IHVwZ3JhZGluZyB0aGlzIGl0ZW0/XjAwMDAwMA==,,,,,,,XjY2MDAwMEF0ZW5jacOzbjogXjAwMDAwMApeNjYwMDAwRXN0YSBtZWpvcmEgcHVlZGUgZmFsbGFyLl4wMDAwMDAKXjY2MDAwMENvbnNlcnZhcsOhcyBlbCBlZmVjdG8gZGVsIG9iamV0byBzdXBlcmlvciwgcGVybyBzaSBlbCBvYmpldG8gZGVsIG1lZGlvIHRpZW5lIHVuIGVmZWN0byBleHRyYSwgcmVzdGFibGVjZXJlbW9zIGVsIGVmZWN0byB5IGxlIGRhcmVtb3MgbGEgcG9zaWJpbGlkYWQgZGUgcXVlLCBwb3IgY2FkYSAxbml2ZWwgZGUgTGx1dmlhIGRlIGZ1ZWdvIGFwcmVuZGlkbywgYXVtZW50ZSBlbCBkYcOxbyBmw61zaWNvIGEgZGlzdGFuY2lhIGVuIHVuIDIlLl4wMDAwMDAKXjY2MDAwMMK/U2VndXJvIHF1ZSBxdWllcmVzIG1lam9yYXIgZXN0ZSBvYmpldG8/XjAwMDAwMA==
uMuNBA,,XkZGMDAwMCAgICBDYXV0aW9uIF4wMDAwMDAKXkZGMDAwMFRoaXMgdXBncmFkZSBjYW4gYmUgZmFpbGVkLl4wMDAwMDAKXkZGMDAwMFlvdSB3aWxsIHN0aWxsIGtlZXAgdGhlIHVwcGVyIGl0ZW0ncyBlZmZlY3QsIGJ1dCBpZiB0aGUgbWlkZGxlIGl0ZW0gaGFzIGV4dHJhIGVmZmVjdCwgd2Ugd2lsbCByZXNldCB0aGUgZWZmZWN0IGFuZCBnaXZlICdGb3IgZXZlcnkgbGV2ZWwgb2YgRXN3b28gbGVhcm5lZCwgaW5jcmVhc2UgbWFnaWMgZGFtYWdlIGFnYWluc3QgYWxsIHNpemUgZW5lbWllcyBieSAxJScuXjAwMDAwMApeRkYwMDAwQXJlIHlvdSBzdXJlIGFib3V0IHVwZ3JhZGluZyB0aGlzIGl0ZW0/XjAwMDAwMA==,,,,,,,XjY2MDAwMEF0ZW5jacOzbjogXjAwMDAwMApeNjYwMDAwRXN0YSBtZWpvcmEgcHVlZGUgZmFsbGFyLl4wMDAwMDAKXjY2MDAwMENvbnNlcnZhcsOhcyBlbCBlZmVjdG8gZGVsIG9iamV0byBzdXBlcmlvciwgcGVybyBzaSBlbCBvYmpldG8gZGVsIG1lZGlvIHRpZW5lIHVuIGVmZWN0byBleHRyYSwgcmVzdGFibGVjZXJlbW9zIGVsIGVmZWN0byB5IGxlIGRhcmVtb3MgbGEgcG9zaWJpbGlkYWQgZGUgcXVlLCBwb3IgY2FkYSAxbml2ZWwgZGUgRXN3b28gYXByZW5kaWRvLCBhdW1lbnRlIGVsIGRhw7FvIG3DoWdpY28gY29udHJhIGxvcyBlbmVtaWdvcyBkZSB0b2RvcyBsb3MgdGFtYcOxb3MgZW4gdW4gMSUuXjAwMDAwMApeNjYwMDAwwr9TZWd1cm8gcXVlIHF1aWVyZXMgbWVqb3JhciBlc3RlIG9iamV0bz9eMDAwMDAw
ucuNBA,,XkZGMDAwMCAgICBDYXV0aW9uIF4wMDAwMDAKXkZGMDAwMFRoaXMgdXBncmFkZSBjYW4gYmUgZmFpbGVkLl4wMDAwMDAKXkZGMDAwMFlvdSB3aWxsIHN0aWxsIGtlZXAgdGhlIHVwcGVyIGl0ZW0ncyBlZmZlY3QsIGJ1dCBpZiB0aGUgbWlkZGxlIGl0ZW0gaGFzIGV4dHJhIGVmZmVjdCwgd2Ugd2lsbCByZXNldCB0aGUgZWZmZWN0IGFuZCBnaXZlICdGb3IgZXZlcnkgbGV2ZWwgb2YgMTZ0aCBOaWdodCBsZWFybmVkLCBpbmNyZWFzZSBsb25nIHJhbmdlZCBwaHlzaWNhbCBkYW1hZ2UgYnkgMiUnLl4wMDAwMDAKXkZGMDAwMEFyZSB5b3Ugc3VyZSBhYm91dCB1cGdyYWRpbmcgdGhpcyBpdGVtP14wMDAwMDA=,,,,,,,XjY2MDAwMEF0ZW5jacOzbjogXjAwMDAwMApeNjYwMDAwRXN0YSBtZWpvcmEgcHVlZGUgZmFsbGFyLl4wMDAwMDAKXjY2MDAwMENvbnNlcnZhcsOhcyBlbCBlZmVjdG8gZGVsIG9iamV0byBzdXBlcmlvciwgcGVybyBzaSBlbCBvYmpldG8gZGVsIG1lZGlvIHRpZW5lIHVuIGVmZWN0byBleHRyYSwgcmVzdGFibGVjZXJlbW9zIGVsIGVmZWN0byB5IGxlIGRhcmVtb3MgbGEgcG9zaWJpbGlkYWQgZGUgcXVlLCBwb3IgY2FkYSAxbml2ZWwgZGUgTm9jaGUgMTYgYXByZW5kaWRvLCBhdW1lbnRlIGVsIGRhw7FvIGbDrXNpY28gYSBkaXN0YW5jaWEgZW4gdW4gMiUuXjAwMDAwMApeNjYwMDAwwr9TZWd1cm8gcXVlIHF1aWVyZXMgbWVqb3JhciBlc3RlIG9iamV0bz9eMDAwMDAw
usuNBA,,XkZGMDAwMCAgICBDYXV0aW9uIF4wMDAwMDAKXkZGMDAwMFRoaXMgdXBncmFkZSBjYW4gYmUgZmFpbGVkLl4wMDAwMDAKXkZGMDAwMFlvdSB3aWxsIHN0aWxsIGtlZXAgdGhlIHVwcGVyIGl0ZW0ncyBlZmZlY3QsIGJ1dCBpZiB0aGUgbWlkZGxlIGl0ZW0gaGFzIGV4dHJhIGVmZmVjdCwgd2Ugd2lsbCByZXNldCB0aGUgZWZmZWN0IGFuZCBnaXZlICdGb3IgZXZlcnkgbGV2ZWwgb2YgUHVyZSBTb3VsIGxlYXJuZWQsIGluY3JlYXNlIE1TUCBieSAzJScuXjAwMDAwMApeRkYwMDAwQXJlIHlvdSBzdXJlIGFib3V0IHVwZ3JhZGluZyB0aGlzIGl0ZW0/XjAwMDAwMA==,,,,,,,XjY2MDAwMEF0ZW5jacOzbjogXjAwMDAwMApeNjYwMDAwRXN0YSBtZWpvcmEgcHVlZGUgZmFsbGFyLl4wMDAwMDAKXjY2MDAwMENvbnNlcnZhcsOhcyBlbCBlZmVjdG8gZGVsIG9iamV0byBzdXBlcmlvciwgcGVybyBzaSBlbCBvYmpldG8gZGVsIG1lZGlvIHRpZW5lIHVuIGVmZWN0byBleHRyYSwgcmVzdGFibGVjZXJlbW9zIGVsIGVmZWN0byB5IGxlIGRhcmVtb3MgbGEgcG9zaWJpbGlkYWQgZGUgcXVlLCBwb3IgY2FkYSAxbml2ZWwgZGUgQWxtYSBwdXJhIGFwcmVuZGlkbywgYXVtZW50ZW4gbG9zIFBNTSBlbiB1biAzJS5eMDAwMDAwCl42NjAwMDDCv1NlZ3VybyBxdWUgcXVpZXJlcyBtZWpvcmFyIGVzdGUgb2JqZXRvP14wMDAwMDA=
u8uNBA,,XkZGMDAwMCAgICBDYXV0aW9uIF4wMDAwMDAKXkZGMDAwMFRoaXMgdXBncmFkZSBjYW4gYmUgZmFpbGVkLl4wMDAwMDAKXkZGMDAwMFlvdSB3aWxsIHN0aWxsIGtlZXAgdGhlIHVwcGVyIGl0ZW0ncyBlZmZlY3QsIGJ1dCBpZiB0aGUgbWlkZGxlIGl0ZW0gaGFzIGV4dHJhIGVmZmVjdCwgd2Ugd2lsbCByZXNldCB0aGUgZWZmZWN0IGFuZCBnaXZlICdGb3IgZXZlcnkgbGV2ZWwgb2YgRnJlc2ggU2hyaW1wIGxlYXJuZWQsIHJlZHVjZSB2YXJpYWJsZSBjYXN0aW5nIHRpbWUgYnkgMiUnLl4wMDAwMDAKXkZGMDAwMEFyZSB5b3Ugc3VyZSBhYm91dCB1cGdyYWRpbmcgdGhpcyBpdGVtP14wMDAwMDA=,,,,,,,XjY2MDAwMEF0ZW5jacOzbjogXjAwMDAwMApeNjYwMDAwRXN0YSBtZWpvcmEgcHVlZGUgZmFsbGFyLl4wMDAwMDAKXjY2MDAwMENvbnNlcnZhcsOhcyBlbCBlZmVjdG8gZGVsIG9iamV0byBzdXBlcmlvciwgcGVybyBzaSBlbCBvYmpldG8gZGVsIG1lZGlvIHRpZW5lIHVuIGVmZWN0byBleHRyYSwgcmVzdGFibGVjZXJlbW9zIGVsIGVmZWN0byB5IGxlIGRhcmVtb3MgbGEgcG9zaWJpbGlkYWQgZGUgcXVlLCBwb3IgY2FkYSAxbml2ZWwgZGUgQ2FtYXJvbmVzIGZyZXNjb3MgYXByZW5kaWRvLCBzZSByZWR1emNhIGVsIHRpZW1wbyBkZSBsYW56YW1pZW50byB2YXJpYWJsZSBlbiB1biAyJS5eMDAwMDAwCl42NjAwMDDCv1NlZ3VybyBxdWUgcXVpZXJlcyBtZWpvcmFyIGVzdGUgb2JqZXRvP14wMDAwMDA=
vMuNBA,,XkZGMDAwMCAgICBDYXV0aW9uIF4wMDAwMDAKXkZGMDAwMFRoaXMgdXBncmFkZSBjYW4gYmUgZmFpbGVkLl4wMDAwMDAKXkZGMDAwMFlvdSB3aWxsIHN0aWxsIGtlZXAgdGhlIHVwcGVyIGl0ZW0ncyBlZmZlY3QsIGJ1dCBpZiB0aGUgbWlkZGxlIGl0ZW0gaGFzIGV4dHJhIGVmZmVjdCwgd2Ugd2lsbCByZXNldCB0aGUgZWZmZWN0IGFuZCBnaXZlICdERUYgKyAyMCwgTURFRiArIDQnLl4wMDAwMDAKXkZGMDAwMEFyZSB5b3Ugc3VyZSBhYm91dCB1cGdyYWRpbmcgdGhpcyBpdGVtP14wMDAwMDA=,,,,,,,XjY2MDAwMEF0ZW5jacOzbjogXjAwMDAwMApeNjYwMDAwRXN0YSBtZWpvcmEgcHVlZGUgZmFsbGFyLl4wMDAwMDAKXjY2MDAwMENvbnNlcnZhcsOhcyBlbCBlZmVjdG8gZGVsIG9iamV0byBzdXBlcmlvciwgcGVybyBzaSBlbCBvYmpldG8gZGVsIG1lZGlvIHRpZW5lIHVuIGVmZWN0byBleHRyYSwgcmVzdGFibGVjZXJlbW9zIGVsIGVmZWN0byB5IGxlIGRhcmVtb3MgREVGKzIwIHkgREVGTSs0Ll4wMDAwMDAKXjY2MDAwMMK/U2VndXJvIHF1ZSBxdWllcmVzIG1lam9yYXIgZXN0ZSBvYmpldG8/XjAwMDAwMA==
vcuNBA,,XkZGMDAwMCAgICBDYXV0aW9uIF4wMDAwMDAKXkZGMDAwMFRoaXMgdXBncmFkZSBjYW4gYmUgZmFpbGVkLl4wMDAwMDAKXkZGMDAwMFlvdSB3aWxsIHN0aWxsIGtlZXAgdGhlIHVwcGVyIGl0ZW0ncyBlZmZlY3QsIGJ1dCBpZiB0aGUgbWlkZGxlIGl0ZW0gaGFzIGV4dHJhIGVmZmVjdCwgd2Ugd2lsbCByZXNldCB0aGUgZWZmZWN0IGFuZCBnaXZlICdFdmVyeSBsZXZlbCBvZiBCcmVha3Rocm91Z2ggbGVhcm5lZCwgSW5jcmVhc2VzIG1lbGVlIHBoeXNpY2FsIGRhbWFnZSBieSAyJScuXjAwMDAwMApeRkYwMDAwQXJlIHlvdSBzdXJlIGFib3V0IHVwZ3JhZGluZyB0aGlzIGl0ZW0/XjAwMDAwMA==,,,,,,,XjY2MDAwMEF0ZW5jacOzbjogXjAwMDAwMApeNjYwMDAwRXN0YSBtZWpvcmEgcHVlZGUgZmFsbGFyLl4wMDAwMDAKXjY2MDAwMENvbnNlcnZhcsOhcyBlbCBlZmVjdG8gZGVsIG9iamV0byBzdXBlcmlvciwgcGVybyBzaSBlbCBvYmpldG8gZGVsIG1lZGlvIHRpZW5lIHVuIGVmZWN0byBleHRyYSwgcmVzdGFibGVjZXJlbW9zIGVsIGVmZWN0byB5IGxlIGRhcmVtb3MgbGEgcG9zaWJpbGlkYWQgZGUgcXVlLCBwb3IgY2FkYSAxbml2ZWwgZGUgU3VwZXJhY2nDs24gYXByZW5kaWRvLCBhdW1lbnRlIGVsIGRhw7FvIGbDrXNpY28gY3VlcnBvIGEgY3VlcnBvIGVuIHVuIDIlLl4wMDAwMDAKXjY2MDAwMMK/U2VndXJvIHF1ZSBxdWllcmVzIG1lam9yYXIgZXN0ZSBvYmpldG8/XjAwMDAwMA==
vsuNBA,,TG93ZXI=,,,,,,,SW5mZXJpb3I=
v8uNBA,,XkZGMDAwMCAgICBDYXV0aW9uIF4wMDAwMDAKXkZGMDAwMFRoaXMgdXBncmFkZSBjYW4gYmUgZmFpbGVkLl4wMDAwMDAKXkZGMDAwMFlvdSB3aWxsIHN0aWxsIGtlZXAgdGhlIG1pZGRsZSBhbmQgbG93ZXIgaXRlbSdzIGVmZmVjdCwgYnV0IGlmIHRoZSB1cHBlciBpdGVtIGhhcyBleHRyYSBlZmZlY3QsIHdlIHdpbGwgcmVzZXQgdGhlIGVmZmVjdCBhbmQgZ2l2ZSBTVFIrMSBvbmx5Ll4wMDAwMDAKXkZGMDAwMEFyZSB5b3Ugc3VyZSBhYm91dCB1cGdyYWRpbmcgdGhpcyBpdGVtP14wMDAwMDA=,,,,,,,XjY2MDAwMEF0ZW5jacOzbjogXjAwMDAwMApeNjYwMDAwRXN0YSBtZWpvcmEgcHVlZGUgZmFsbGFyLl4wMDAwMDAKXjY2MDAwMENvbnNlcnZhcsOhcyBsb3MgZWZlY3RvcyBkZWwgb2JqZXRvIGRlbCBtZWRpbyBlIGluZmVyaW9yLCBwZXJvIHNpIGVsIG9iamV0byBzdXBlcmlvciB0aWVuZSB1biBlZmVjdG8gZXh0cmEsIHJlc3RhYmxlY2VyZW1vcyBlbCBlZmVjdG8geSBzb2xvIGxlIGRhcmVtb3MgRlVFKzEuXjAwMDAwMApeNjYwMDAwwr9TZWd1cm8gcXVlIHF1aWVyZXMgbWVqb3JhciBlc3RlIG9iamV0bz9eMDAwMDAw
wMuNBA,,XkZGMDAwMCAgICBDYXV0aW9uIF4wMDAwMDAKXkZGMDAwMFRoaXMgdXBncmFkZSBjYW4gYmUgZmFpbGVkLl4wMDAwMDAKXkZGMDAwMFlvdSB3aWxsIHN0aWxsIGtlZXAgdGhlIG1pZGRsZSBhbmQgbG93ZXIgaXRlbSdzIGVmZmVjdCwgYnV0IGlmIHRoZSB1cHBlciBpdGVtIGhhcyBleHRyYSBlZmZlY3QsIHdlIHdpbGwgcmVzZXQgdGhlIGVmZmVjdCBhbmQgZ2l2ZSBJTlQrMSBvbmx5Ll4wMDAwMDAKXkZGMDAwMEFyZSB5b3Ugc3VyZSBhYm91dCB1cGdyYWRpbmcgdGhpcyBpdGVtP14wMDAwMDA=,,,,,,,XjY2MDAwMEF0ZW5jacOzbjogXjAwMDAwMApeNjYwMDAwRXN0YSBtZWpvcmEgcHVlZGUgZmFsbGFyLl4wMDAwMDAKXjY2MDAwMENvbnNlcnZhcsOhcyBsb3MgZWZlY3RvcyBkZWwgb2JqZXRvIGRlbCBtZWRpbyBlIGluZmVyaW9yLCBwZXJvIHNpIGVsIG9iamV0byBzdXBlcmlvciB0aWVuZSB1biBlZmVjdG8gZXh0cmEsIHJlc3RhYmxlY2VyZW1vcyBlbCBlZmVjdG8geSBzb2xvIGxlIGRhcmVtb3MgSU5UKzEuXjAwMDAwMApeNjYwMDAwwr9TZWd1cm8gcXVlIHF1aWVyZXMgbWVqb3JhciBlc3RlIG9iamV0bz9eMDAwMDAw
wcuNBA,,XkZGMDAwMCAgICBDYXV0aW9uIF4wMDAwMDAKXkZGMDAwMFRoaXMgdXBncmFkZSBjYW4gYmUgZmFpbGVkLl4wMDAwMDAKXkZGMDAwMFlvdSB3aWxsIHN0aWxsIGtlZXAgdGhlIG1pZGRsZSBhbmQgbG93ZXIgaXRlbSdzIGVmZmVjdCwgYnV0IGlmIHRoZSB1cHBlciBpdGVtIGhhcyBleHRyYSBlZmZlY3QsIHdlIHdpbGwgcmVzZXQgdGhlIGVmZmVjdCBhbmQgZ2l2ZSBBR0krMSBvbmx5Ll4wMDAwMDAKXkZGMDAwMEFyZSB5b3Ugc3VyZSBhYm91dCB1cGdyYWRpbmcgdGhpcyBpdGVtP14wMDAwMDA=,,,,,,,XjY2MDAwMEF0ZW5jacOzbjogXjAwMDAwMApeNjYwMDAwRXN0YSBtZWpvcmEgcHVlZGUgZmFsbGFyLl4wMDAwMDAKXjY2MDAwMENvbnNlcnZhcsOhcyBsb3MgZWZlY3RvcyBkZWwgb2JqZXRvIGRlbCBtZWRpbyBlIGluZmVyaW9yLCBwZXJvIHNpIGVsIG9iamV0byBzdXBlcmlvciB0aWVuZSB1biBlZmVjdG8gZXh0cmEsIHJlc3RhYmxlY2VyZW1vcyBlbCBlZmVjdG8geSBzb2xvIGxlIGRhcmVtb3MgQUdJKzEuXjAwMDAwMApeNjYwMDAwwr9TZWd1cm8gcXVlIHF1aWVyZXMgbWVqb3JhciBlc3RlIG9iamV0bz9eMDAwMDAw
wsuNBA,,XkZGMDAwMCAgICBDYXV0aW9uIF4wMDAwMDAKXkZGMDAwMFRoaXMgdXBncmFkZSBjYW4gYmUgZmFpbGVkLl4wMDAwMDAKXkZGMDAwMFlvdSB3aWxsIHN0aWxsIGtlZXAgdGhlIG1pZGRsZSBhbmQgbG93ZXIgaXRlbSdzIGVmZmVjdCwgYnV0IGlmIHRoZSB1cHBlciBpdGVtIGhhcyBleHRyYSBlZmZlY3QsIHdlIHdpbGwgcmVzZXQgdGhlIGVmZmVjdCBhbmQgZ2l2ZSBERVgrMSBvbmx5Ll4wMDAwMDAKXkZGMDAwMEFyZSB5b3Ugc3VyZSBhYm91dCB1cGdyYWRpbmcgdGhpcyBpdGVtP14wMDAwMDA=,,,,,,,XjY2MDAwMEF0ZW5jacOzbjogXjAwMDAwMApeNjYwMDAwRXN0YSBtZWpvcmEgcHVlZGUgZmFsbGFyLl4wMDAwMDAKXjY2MDAwMENvbnNlcnZhcsOhcyBsb3MgZWZlY3RvcyBkZWwgb2JqZXRvIGRlbCBtZWRpbyBlIGluZmVyaW9yLCBwZXJvIHNpIGVsIG9iamV0byBzdXBlcmlvciB0aWVuZSB1biBlZmVjdG8gZXh0cmEsIHJlc3RhYmxlY2VyZW1vcyBlbCBlZmVjdG8geSBzb2xvIGxlIGRhcmVtb3MgREVTKzEuXjAwMDAwMApeNjYwMDAwwr9TZWd1cm8gcXVlIHF1aWVyZXMgbWVqb3JhciBlc3RlIG9iamV0bz9eMDAwMDAw
w8uNBA,,XkZGMDAwMCAgICBDYXV0aW9uIF4wMDAwMDAKXkZGMDAwMFRoaXMgdXBncmFkZSBjYW4gYmUgZmFpbGVkLl4wMDAwMDAKXkZGMDAwMFlvdSB3aWxsIHN0aWxsIGtlZXAgdGhlIG1pZGRsZSBhbmQgbG93ZXIgaXRlbSdzIGVmZmVjdCwgYnV0IGlmIHRoZSB1cHBlciBpdGVtIGhhcyBleHRyYSBlZmZlY3QsIHdlIHdpbGwgcmVzZXQgdGhlIGVmZmVjdCBhbmQgZ2l2ZSBWSVQrMSBvbmx5Ll4wMDAwMDAKXkZGMDAwMEFyZSB5b3Ugc3VyZSBhYm91dCB1cGdyYWRpbmcgdGhpcyBpdGVtP14wMDAwMDA=,,,,,,,XjY2MDAwMEF0ZW5jacOzbjogXjAwMDAwMApeNjYwMDAwRXN0YSBtZWpvcmEgcHVlZGUgZmFsbGFyLl4wMDAwMDAKXjY2MDAwMENvbnNlcnZhcsOhcyBsb3MgZWZlY3RvcyBkZWwgb2JqZXRvIGRlbCBtZWRpbyBlIGluZmVyaW9yLCBwZXJvIHNpIGVsIG9iamV0byBzdXBlcmlvciB0aWVuZSB1biBlZmVjdG8gZXh0cmEsIHJlc3RhYmxlY2VyZW1vcyBlbCBlZmVjdG8geSBzb2xvIGxlIGRhcmVtb3MgVklUKzEuXjAwMDAwMApeNjYwMDAwwr9TZWd1cm8gcXVlIHF1aWVyZXMgbWVqb3JhciBlc3RlIG9iamV0bz9eMDAwMDAw
xMuNBA,,XkZGMDAwMCAgICBDYXV0aW9uIF4wMDAwMDAKXkZGMDAwMFRoaXMgdXBncmFkZSBjYW4gYmUgZmFpbGVkLl4wMDAwMDAKXkZGMDAwMFlvdSB3aWxsIHN0aWxsIGtlZXAgdGhlIG1pZGRsZSBhbmQgbG93ZXIgaXRlbSdzIGVmZmVjdCwgYnV0IGlmIHRoZSB1cHBlciBpdGVtIGhhcyBleHRyYSBlZmZlY3QsIHdlIHdpbGwgcmVzZXQgdGhlIGVmZmVjdCBhbmQgZ2l2ZSBMVUsrMSBvbmx5Ll4wMDAwMDAKXkZGMDAwMEFyZSB5b3Ugc3VyZSBhYm91dCB1cGdyYWRpbmcgdGhpcyBpdGVtP14wMDAwMDA=,,,,,,,XjY2MDAwMEF0ZW5jacOzbjogXjAwMDAwMApeNjYwMDAwRXN0YSBtZWpvcmEgcHVlZGUgZmFsbGFyLl4wMDAwMDAKXjY2MDAwMENvbnNlcnZhcsOhcyBsb3MgZWZlY3RvcyBkZWwgb2JqZXRvIGRlbCBtZWRpbyBlIGluZmVyaW9yLCBwZXJvIHNpIGVsIG9iamV0byBzdXBlcmlvciB0aWVuZSB1biBlZmVjdG8gZXh0cmEsIHJlc3RhYmxlY2VyZW1vcyBlbCBlZmVjdG8geSBzb2xvIGxlIGRhcmVtb3MgU1VFKzEuXjAwMDAwMApeNjYwMDAwwr9TZWd1cm8gcXVlIHF1aWVyZXMgbWVqb3JhciBlc3RlIG9iamV0bz9eMDAwMDAw
xcuNBA,,XkZGMDAwMCAgICBDYXV0aW9uIF4wMDAwMDAKXkZGMDAwMFRoaXMgdXBncmFkZSBjYW4gYmUgZmFpbGVkLl4wMDAwMDAKXkZGMDAwMElmIHRoZSBpdGVtIGFscmVhZHkgaGFzIGV4dHJhIGFiaWxpdHksIHdlIHdpbGwgcmVzZXQgaXRlbSdzIGFiaWxpdHkgYW5kIGdpdmUgJ0FUSyArIDElICdvbmx5Ll4wMDAwMDAKXkZGMDAwMEFyZSB5b3Ugc3VyZSBhYm91dCB1cGdyYWRpbmcgdGhpcyBpdGVtP14wMDAwMDA=,,,,,,,XjY2MDAwMEF0ZW5jacOzbjogXjAwMDAwMApeNjYwMDAwRXN0YSBtZWpvcmEgcHVlZGUgZmFsbGFyLl4wMDAwMDAKXjY2MDAwMFNpIGVsIG9iamV0byB5YSB0aWVuZSB1bmEgaGFiaWxpZGFkIGV4dHJhLCByZXN0YWJsZWNlcmVtb3MgbGEgaGFiaWxpZGFkIGRlbCBvYmpldG8geSBzb2xvIGxlIGRhcmVtb3MgQVRRKzElLl4wMDAwMDAKXjY2MDAwMMK/U2VndXJvIHF1ZSBxdWllcmVzIG1lam9yYXIgZXN0ZSBvYmpldG8/XjAwMDAwMA==
xsuNBA,,XkZGMDAwMCAgICBDYXV0aW9uIF4wMDAwMDAKXkZGMDAwMFRoaXMgdXBncmFkZSBjYW4gYmUgZmFpbGVkLl4wMDAwMDAKXkZGMDAwMFlvdSB3aWxsIHN0aWxsIGtlZXAgdGhlIHVwcGVyIGFuZCBsb3dlciBpdGVtJ3MgZWZmZWN0LCBidXQgaWYgdGhlIG1pZGRsZSBpdGVtIGhhcyBleHRyYSBlZmZlY3QsIHdlIHdpbGwgcmVzZXQgdGhlIGVmZmVjdCBhbmQgZ2l2ZSBBVEsrMSUgb25seS5eMDAwMDAwCl5GRjAwMDBBcmUgeW91IHN1cmUgYWJvdXQgdXBncmFkaW5nIHRoaXMgaXRlbT9eMDAwMDAw,,,,,,,XjY2MDAwMEF0ZW5jacOzbjogXjAwMDAwMApeNjYwMDAwRXN0YSBtZWpvcmEgcHVlZGUgZmFsbGFyLl4wMDAwMDAKXjY2MDAwMENvbnNlcnZhcsOhcyBsb3MgZWZlY3RvcyBkZWwgb2JqZXRvIHN1cGVyaW9yIGUgaW5mZXJpb3IsIHBlcm8gc2kgZWwgb2JqZXRvIGRlbCBtZWRpbyB0aWVuZSB1biBlZmVjdG8gZXh0cmEsIHJlc3RhYmxlY2VyZW1vcyBlbCBlZmVjdG8geSBzb2xvIGxlIGRhcmVtb3MgQVRRKzElLl4wMDAwMDAKXjY2MDAwMMK/U2VndXJvIHF1ZSBxdWllcmVzIG1lam9yYXIgZXN0ZSBvYmpldG8/XjAwMDAwMA==
x8uNBA,,XkZGMDAwMCAgICBDYXV0aW9uIF4wMDAwMDAKXkZGMDAwMFRoaXMgdXBncmFkZSBjYW4gYmUgZmFpbGVkLl4wMDAwMDAKXkZGMDAwMFlvdSB3aWxsIHN0aWxsIGtlZXAgdGhlIHVwcGVyIGFuZCBsb3dlciBpdGVtJ3MgZWZmZWN0LCBidXQgaWYgdGhlIG1pZGRsZSBpdGVtIGhhcyBleHRyYSBlZmZlY3QsIHdlIHdpbGwgcmVzZXQgdGhlIGVmZmVjdCBhbmQgZ2l2ZSBNQVRLKzElIG9ubHkuXjAwMDAwMApeRkYwMDAwQXJlIHlvdSBzdXJlIGFib3V0IHVwZ3JhZGluZyB0aGlzIGl0ZW0/XjAwMDAwMA==,,,,,,,XjY2MDAwMEF0ZW5jacOzbjogXjAwMDAwMApeNjYwMDAwRXN0YSBtZWpvcmEgcHVlZGUgZmFsbGFyLl4wMDAwMDAKXjY2MDAwMENvbnNlcnZhcsOhcyBsb3MgZWZlY3RvcyBkZWwgb2JqZXRvIHN1cGVyaW9yIGUgaW5mZXJpb3IsIHBlcm8gc2kgZWwgb2JqZXRvIGRlbCBtZWRpbyB0aWVuZSB1biBlZmVjdG8gZXh0cmEsIHJlc3RhYmxlY2VyZW1vcyBlbCBlZmVjdG8geSBzb2xvIGxlIGRhcmVtb3MgQVRRTSsxJS5eMDAwMDAwCl42NjAwMDDCv1NlZ3VybyBxdWUgcXVpZXJlcyBtZWpvcmFyIGVzdGUgb2JqZXRvP14wMDAwMDA=
yMuNBA,,XkZGMDAwMCAgICBDYXV0aW9uIF4wMDAwMDAKXkZGMDAwMFRoaXMgdXBncmFkZSBjYW4gYmUgZmFpbGVkLl4wMDAwMDAKXkZGMDAwMFlvdSB3aWxsIHN0aWxsIGtlZXAgdGhlIHVwcGVyIGl0ZW0ncyBlZmZlY3QsIGJ1dCBpZiB0aGUgbWlkZGxlIGl0ZW0gaGFzIGV4dHJhIGVmZmVjdCwgd2Ugd2lsbCByZXNldCB0aGUgZWZmZWN0IGFuZCBnaXZlIDEwIEhQIHJlY292ZXJ5IGV2ZXJ5IDEwIHNlY29uZHMgb25seS5eMDAwMDAwCl5GRjAwMDBBcmUgeW91IHN1cmUgYWJvdXQgdXBncmFkaW5nIHRoaXMgaXRlbT9eMDAwMDAw,,,,,,,XjY2MDAwMEF0ZW5jacOzbjogXjAwMDAwMApeNjYwMDAwRXN0YSBtZWpvcmEgcHVlZGUgZmFsbGFyLl4wMDAwMDAKXjY2MDAwMENvbnNlcnZhcsOhcyBlbCBlZmVjdG8gZGVsIG9iamV0byBzdXBlcmlvciwgcGVybyBzaSBlbCBvYmpldG8gZGVsIG1lZGlvIHRpZW5lIHVuIGVmZWN0byBleHRyYSwgcmVzdGFibGVjZXJlbW9zIGVsIGVmZWN0byB5IHNvbG8gbGUgZGFyZW1vcyB1bmEgcmVjdXBlcmFjacOzbiBkZSAxMFBWIHBvciBjYWRhIDEwc2VndW5kb3MuXjAwMDAwMApeNjYwMDAwwr9TZWd1cm8gcXVlIHF1aWVyZXMgbWVqb3JhciBlc3RlIG9iamV0bz9eMDAwMDAw
ycuNBA,,XkZGMDAwMCAgICBDYXV0aW9uIF4wMDAwMDAKXkZGMDAwMFRoaXMgdXBncmFkZSBjYW4gYmUgZmFpbGVkLl4wMDAwMDAKXkZGMDAwMFlvdSB3aWxsIHN0aWxsIGtlZXAgdGhlIHVwcGVyIGl0ZW0ncyBlZmZlY3QsIGJ1dCBpZiB0aGUgbWlkZGxlIGl0ZW0gaGFzIGV4dHJhIGVmZmVjdCwgd2Ugd2lsbCByZXNldCB0aGUgZWZmZWN0IGFuZCBnaXZlICdGb3IgZXZlcnkgbGV2ZWwgb2YgTGF1ZGEgQWdudXMgbGVhcm5lZCwgcmVkdWNlcyB2YXJpYWxlIGNhc3RpbmcgYnkgMyUuJy5eMDAwMDAwCl5GRjAwMDBBcmUgeW91IHN1cmUgYWJvdXQgdXBncmFkaW5nIHRoaXMgaXRlbT9eMDAwMDAw,,,,,,,XjY2MDAwMEF0ZW5jacOzbjogXjAwMDAwMApeNjYwMDAwRXN0YSBtZWpvcmEgcHVlZGUgZmFsbGFyLl4wMDAwMDAKXjY2MDAwMENvbnNlcnZhcsOhcyBlbCBlZmVjdG8gZGVsIG9iamV0byBzdXBlcmlvciwgcGVybyBzaSBlbCBvYmpldG8gZGVsIG1lZGlvIHRpZW5lIHVuIGVmZWN0byBleHRyYSwgcmVzdGFibGVjZXJlbW9zIGVsIGVmZWN0byB5IGxlIGRhcmVtb3MgbGEgcG9zaWJpbGlkYWQgZGUgcXVlLCBwb3IgY2FkYSAxbml2ZWwgZGUgTGF1ZGEgQWdudXMgYXByZW5kaWRvLCBzZSByZWR1emNhIGVsIHRpZW1wbyBkZSBsYW56YW1pZW50byB2YXJpYWJsZSBlbiB1biAzJS5eMDAwMDAwCl42NjAwMDDCv1NlZ3VybyBxdWUgcXVpZXJlcyBtZWpvcmFyIGVzdGUgb2JqZXRvP14wMDAwMDA=
ysuNBA,,SGl0IFN0b25lICh7fSlsZWZ0,,,,,,,UGllZHJhIGRlIFBSRUMgKHRpZW5lcyB7fSk=
y8uNBA,,RmxlZSBTdG9uZSAoe30pbGVmdA==,,,,,,,UGllZHJhIGRlIEVWQSAodGllbmVzIHt9KQ==
zMuNBA,,TWF4U1AgU3RvbmUgKHt9KWxlZnQ=,,,,,,,UGllZHJhIGRlIFBNIG3DoXguICh0aWVuZXMge30p
zcuNBA,,SGVhbCBTdG9uZSAoe30pbGVmdA==,,,,,,,UGllZHJhIGRlIGN1cmFjacOzbiAodGllbmVzIHt9KQ==
zsuNBA,,SFAgU3RvbmUgKHt9KWxlZnQ=,,,,,,,UGllZHJhIGRlIFBWICh0aWVuZXMge30p
z8uNBA,,VklUIEV4Y2hhbmdlIFN0b25lKExvd2VyKSAoe30pbGVmdA==,,,,,,,UGllZHJhIGRlIGludGVyY2FtYmlvIGRlIFZJVCAoaW5mZXJpb3IpICh0aWVuZXMge30p
0MuNBA,,QUdJIEV4Y2hhbmdlIFN0b25lKExvd2VyKSAoe30pbGVmdA==,,,,,,,UGllZHJhIGRlIGludGVyY2FtYmlvIGRlIEFHSSAoaW5mZXJpb3IpICh0aWVuZXMge30p
0cuNBA,,REVYIEV4Y2hhbmdlIFN0b25lKExvd2VyKSAoe30pbGVmdA==,,,,,,,UGllZHJhIGRlIGludGVyY2FtYmlvIGRlIERFUyAoaW5mZXJpb3IpICh0aWVuZXMge30p
0suNBA,,TFVLIEV4Y2hhbmdlIFN0b25lKExvd2VyKSAoe30pbGVmdA==,,,,,,,UGllZHJhIGRlIGludGVyY2FtYmlvIGRlIFNVRSAoaW5mZXJpb3IpICh0aWVuZXMge30p
08uNBA,,U1RSIEV4Y2hhbmdlIFN0b25lKExvd2VyKSAoe30pbGVmdA==,,,,,,,UGllZHJhIGRlIGludGVyY2FtYmlvIGRlIEZVRSAoaW5mZXJpb3IpICh0aWVuZXMge30p
1MuNBA,,SU5UIEV4Y2hhbmdlIFN0b25lKExvd2VyKSAoe30pbGVmdA==,,,,,,,UGllZHJhIGRlIGludGVyY2FtYmlvIGRlIElOVCAoaW5mZXJpb3IpICh0aWVuZXMge30p
1cuNBA,,TWRlZiBTdG9uZShMb3dlcikgKHt9KWxlZnQ=,,,,,,,UGllZHJhIGRlIERFRk0gKGluZmVyaW9yKSAodGllbmVzIHt9KQ==
1suNBA,,RVhQIFN0b25lKExvd2VyKSAoe30pbGVmdA==,,,,,,,UGllZHJhIGRlIEVYUCAoaW5mZXJpb3IpICh0aWVuZXMge30p
18uNBA,,QVRLIFN0b25lKExvd2VyKSAoe30pbGVmdA==,,,,,,,UGllZHJhIGRlIEFUUSAoaW5mZXJpb3IpICh0aWVuZXMge30p
2MuNBA,,TUFUSyBTdG9uZShMb3dlcikgKHt9KWxlZnQ=,,,,,,,UGllZHJhIGRlIEFUUU0gKGluZmVyaW9yKSAodGllbmVzIHt9KQ==
2cuNBA,,R3JlZW4gU3RvbmUgKExvd2VyKSAoe30pbGVmdA==,,,,,,,UGllZHJhIGRlIGxhIGF2YXJpY2lhIChpbmZlcmlvcikgKHRpZW5lcyB7fSk=
2suNBA,,TWF4IEhQIFN0b25lIChMb3dlcikgKHt9KWxlZnQ=,,,,,,,UGllZHJhIGRlIFBWIG3DoXguIChpbmZlcmlvcikgKHRpZW5lcyB7fSk=
28uNBA,,TWF4IFNQIFN0b25lIChMb3dlcikgKHt9KWxlZnQ=,,,,,,,UGllZHJhIGRlIFBNIG3DoXguIChpbmZlcmlvcikgKHRpZW5lcyB7fSk=
3MuNBA,,RGV0b3ggU3RvbmUgKExvd2VyKSAoe30pbGVmdA==,,,,,,,UGllZHJhIGRlIGRlc2ludG94aWNhY2nDs24gKGluZmVyaW9yKSAodGllbmVzIHt9KQ==
3cuNBA,,UmVjb3ZlcnkgU3RvbmUgKExvd2VyKSAgKHt9KWxlZnQ=,,,,,,,UGllZHJhIGRlIHJlY3VwZXJhY2nDs24gKGluZmVyaW9yKSAodGllbmVzIHt9KQ==
3suNBA,,UmVsb2FkIFN0b25lIChMb3dlcikgKHt9KWxlZnQ=,,,,,,,UGllZHJhIGRlIHJlY2FyZ2EgKGluZmVyaW9yKSAodGllbmVzIHt9KQ==
38uNBA,,S3lyaWUgU3RvbmUgKExvd2VyKSAoe30pbGVmdA==,,,,,,,UGllZHJhIGRlIEt5cmllIChpbmZlcmlvcikgKHRpZW5lcyB7fSk=
4MuNBA,,SWRlbnRpZnkgU3RvbmUgKExvd2VyKSAoe30pbGVmdA==,,,,,,,UGllZHJhIGRlIGlkZW50aWZpY2FjacOzbiAoaW5mZXJpb3IpICh0aWVuZXMge30p
4cuNBA,,VmFyaWFibGUgQ2FzdGluZyBTdG9uZShMb3dlcikgKHt9KWxlZnQ=,,,,,,,UGllZHJhIGRlIGxhbnphbWllbnRvIHZhcmlhYmxlIChpbmZlcmlvcikgKHRpZW5lcyB7fSk=
4suNBA,,SGVhbCBTdG9uZShMb3dlcikgKHt9KWxlZnQ=,,,,,,,UGllZHJhIGRlIGN1cmFjacOzbiAoaW5mZXJpb3IpICh0aWVuZXMge30p
48uNBA,,VGVsZXBvcnRhdGlvbiBTdG9uZShMb3dlcikgKHt9KWxlZnQ=,,,,,,,UGllZHJhIGRlIHRlbGV0cmFuc3BvcnRhY2nDs24gKGluZmVyaW9yKSAodGllbmVzIHt9KQ==
5MuNBA,,U3RlYWwgU3RvbmUoTG93ZXIpICh7fSlsZWZ0,,,,,,,UGllZHJhIGRlIHJvYm8gKGluZmVyaW9yKSAodGllbmVzIHt9KQ==
5cuNBA,,Q3JpdGljYWwgU3RvbmUoTG93ZXIpICh7fSlsZWZ0,,,,,,,UGllZHJhIGRlIMOtbmRpY2UgY3LDrXRpY28gKGluZmVyaW9yKSAodGllbmVzIHt9KQ==
5suNBA,,Q2hhbXBpb24gU3RvbmUgKExvd2VyKSAoe30pbGVmdA==,,,,,,,UGllZHJhIGRlbCBDYW1wZcOzbiAoaW5mZXJpb3IpICh0aWVuZXMge30p
58uNBA,,U25pcGVyIFN0b25lIChMb3dlcikgKHt9KWxlZnQ=,,,,,,,UGllZHJhIGRlbCBGcmFuY290aXJhZG9yIChpbmZlcmlvcikgKHRpZW5lcyB7fSk=
6MuNBA,,U2Nob2xhciBTdG9uZSAoTG93ZXIpICh7fSlsZWZ0,,,,,,,UGllZHJhIGRlbCBFcnVkaXRvIChpbmZlcmlvcikgKHRpZW5lcyB7fSk=
6cuNBA,,TG9yZCBLbmlnaHQgU3RvbmUgKExvd2VyKSAoe30pbGVmdA==,,,,,,,UGllZHJhIGRlbCBMb3JkIENhYmFsbGVybyAoaW5mZXJpb3IpICh0aWVuZXMge30p
6suNBA,,QmlvY2hlbWlzdCBTdG9uZSAoTG93ZXIpICh7fSlsZWZ0,,,,,,,UGllZHJhIGRlbCBCaW9xdcOtbWljbyAoaW5mZXJpb3IpICh0aWVuZXMge30p
68uNBA,,SGlnaCBXaXphcmQgU3RvbmUgKExvd2VyKSAoe30pbGVmdA==,,,,,,,UGllZHJhIGRlbCBHcmFuIGhlY2hpY2VybyAoaW5mZXJpb3IpICh0aWVuZXMge30p
7MuNBA,,U3RhbGtlciBTdG9uZSAoTG93ZXIpICh7fSlsZWZ0,,,,,,,UGllZHJhIGRlbCBQZXJzZWd1aWRvciAoaW5mZXJpb3IpICh0aWVuZXMge30p
7cuNBA,,TWFzdGVyc21pdGggU3RvbmUgKExvd2VyKSAoe30pbGVmdA==,,,,,,,UGllZHJhIGRlbCBNYWVzdHJvIGhlcnJlcm8gKGluZmVyaW9yKSAodGllbmVzIHt9KQ==
7suNBA,,TWluc3RyZWwgR3lwc3kgU3RvbmUgKExvd2VyKSAoe30pbGVmdA==,,,,,,,UGllZHJhIGRlbCBKdWdsYXIgbyBkZSBsYSBEaXZhIChpbmZlcmlvcikgKHRpZW5lcyB7fSk=
78uNBA,,SGlnaCBQcmllc3QgU3RvbmUgKExvd2VyKSAoe30pbGVmdA==,,,,,,,UGllZHJhIGRlbCBTdW1vIHNhY2VyZG90ZSAoaW5mZXJpb3IpICh0aWVuZXMge30p
8MuNBA,,UGFsYWRpbiBTdG9uZSAoTG93ZXIpICh7fSlsZWZ0,,,,,,,UGllZHJhIGRlbCBQYWxhZMOtbiAoaW5mZXJpb3IpICh0aWVuZXMge30p
8cuNBA,,QXNzYXNzaW4gQ3Jvc3MgU3RvbmUgKExvd2VyKSAoe30pbGVmdA==,,,,,,,UGllZHJhIGRlbCBBc2VzaW5vIGNydXphZG8gKGluZmVyaW9yKSAodGllbmVzIHt9KQ==
8suNBA,,Q2hhbXBpb24gU3RvbmUgSUkgKExvd2VyKSAoe30pbGVmdA==,,,,,,,UGllZHJhIGRlbCBDYW1wZcOzbiBJSSAoaW5mZXJpb3IpICh0aWVuZXMge30p
88uNBA,,U2Nob2xhciBTdG9uZSBJSSAoTG93ZXIpICh7fSlsZWZ0,,,,,,,UGllZHJhIGRlbCBFcnVkaXRvIElJIChpbmZlcmlvcikgKHRpZW5lcyB7fSk=
9MuNBA,,U3RhbGtlciBTdG9uZSBJSSAoTG93ZXIpICh7fSlsZWZ0,,,,,,,UGllZHJhIGRlbCBQZXJzZWd1aWRvciBJSSAoaW5mZXJpb3IpICh0aWVuZXMge30p
9cuNBA,,U291bCBMaW5rZXIgU3RvbmUgKExvd2VyKSAoe30pbGVmdA==,,,,,,,UGllZHJhIGRlbCBWaW5jdWxhZG9yIGRlIGFsbWFzIChpbmZlcmlvcikgKHRpZW5lcyB7fSk=
9suNBA,,VGFla3dvbiBNYXN0ZXIgU3RvbmUgKExvd2VyKSAoe30pbGVmdA==,,,,,,,UGllZHJhIGRlbCBNYWVzdHJvIGRlIFRhZWt3b24gKGluZmVyaW9yKSAodGllbmVzIHt9KQ==
98uNBA,,TmluamEgU3RvbmUgKExvd2VyKSAoe30pbGVmdA==,,,,,,,UGllZHJhIGRlbCBOaW5qYSAoaW5mZXJpb3IpICh0aWVuZXMge30p
+MuNBA,,R3Vuc2xpbmdlciBTdG9uZSAoTG93ZXIpICh7fSlsZWZ0,,,,,,,UGllZHJhIGRlbCBQaXN0b2xlcm8gKGluZmVyaW9yKSAodGllbmVzIHt9KQ==
+cuNBA,,RG9yYW0gU3RvbmUgKExvd2VyKSAoe30pbGVmdA==,,,,,,,UGllZHJhIGRlbCBEb3JhbSAoaW5mZXJpb3IpICh0aWVuZXMge30p
+suNBA,,U25pcGVyIFN0b25lIElJKExvd2VyKSAoe30pbGVmdA==,,,,,,,UGllZHJhIGRlbCBGcmFuY290aXJhZG9yIElJIChpbmZlcmlvcikgKHRpZW5lcyB7fSk=
+8uNBA,,TWFzdGVyc21pdGggU3RvbmUgSUkoTG93ZXIpICh7fSlsZWZ0,,,,,,,UGllZHJhIGRlbCBNYWVzdHJvIGhlcnJlcm8gSUkgKGluZmVyaW9yKSAodGllbmVzIHt9KQ==
/MuNBA,,SGlnaHByaWVzdCBTdG9uZSBJSShMb3dlcikgKHt9KWxlZnQ=,,,,,,,UGllZHJhIGRlbCBTdW1vIHNhY2VyZG90ZSBJSSAoaW5mZXJpb3IpICh0aWVuZXMge30p
/cuNBA,,SGlnaCBXaXphcmQgU3RvbmUgSUkoTG93ZXIpICh7fSlsZWZ0,,,,,,,UGllZHJhIGRlbCBHcmFuIGhlY2hpY2VybyBJSSAoaW5mZXJpb3IpICh0aWVuZXMge30p
/suNBA,,UGFsYWRpbiBTdG9uZSBJSShMb3dlcikgKHt9KWxlZnQ=,,,,,,,UGllZHJhIGRlbCBQYWxhZMOtbiBJSSAoaW5mZXJpb3IpICh0aWVuZXMge30p
/8uNBA,,QXNzYXNzaW4gQ3Jvc3MgU3RvbmUgSUkoTG93ZXIpICh7fSlsZWZ0,,,,,,,UGllZHJhIGRlbCBBc2VzaW5vIGNydXphZG8gSUkgKGluZmVyaW9yKSAodGllbmVzIHt9KQ==
AMyNBA,,TG9yZCBLbmlnaHQgU3RvbmUgSUkoTG93ZXIpICh7fSlsZWZ0,,,,,,,UGllZHJhIGRlbCBMb3JkIENhYmFsbGVybyBJSSAoaW5mZXJpb3IpICh0aWVuZXMge30p
AcyNBA,,QmlvY2hlbWlzdCBTdG9uZSBJSShMb3dlcikgKHt9KWxlZnQ=,,,,,,,UGllZHJhIGRlbCBCaW9xdcOtbWljbyBJSSAoaW5mZXJpb3IpICh0aWVuZXMge30p
AsyNBA,,TWluc3RyZWwgR3lwc3kgU3RvbmUgSUkoTG93ZXIpICh7fSlsZWZ0,,,,,,,UGllZHJhIGRlbCBKdWdsYXIgbyBkZSBsYSBEaXZhIElJIChpbmZlcmlvcikgKHRpZW5lcyB7fSk=
A8yNBA,,UmFuZ2UgU3RvbmUoTG93ZXIpICh7fSlsZWZ0,,,,,,,UGllZHJhIGRlIGFsY2FuY2UgKGluZmVyaW9yKSAodGllbmVzIHt9KQ==
BMyNBA,,TWVsZWUgU3RvbmUoTG93ZXIpICh7fSlsZWZ0,,,,,,,UGllZHJhIGRlIGRhw7FvIGN1ZXJwbyBhIGN1ZXJwbyAoaW5mZXJpb3IpICh0aWVuZXMge30p
BcyNBA,,TWFnaWMgUG93ZXIgU3RvbmUoTG93ZXIpICh7fSlsZWZ0,,,,,,,UGllZHJhIGRlIHBvZGVyIG3DoWdpY28gKGluZmVyaW9yKSAodGllbmVzIHt9KQ==
BsyNBA,,UnVuZSBLbmlnaHQgU3RvbmUgKExvd2VyKSAoe30pbGVmdA==,,,,,,,UGllZHJhIGRlbCBDYWJhbGxlcm8gcsO6bmljbyAoaW5mZXJpb3IpICh0aWVuZXMge30p
B8yNBA,,V2FybG9jayBTdG9uZSAoTG93ZXIpICh7fSlsZWZ0,,,,,,,UGllZHJhIGRlbCBCcnVqbyAoaW5mZXJpb3IpICh0aWVuZXMge30p
CMyNBA,,Um95YWwgR3VhcmQgU3RvbmUgKExvd2VyKSAoe30pbGVmdA==,,,,,,,UGllZHJhIGRlbCBHdWFyZGlhIHJlYWwgKGluZmVyaW9yKSAodGllbmVzIHt9KQ==
CcyNBA,,V2FuZGVyZXIgTWFlc3RybyBTdG9uZSAoTG93ZXIpICh7fSlsZWZ0,,,,,,,UGllZHJhIGRlbCBNYWVzdHJvIHkgZGUgbGEgTsOzbWFkYSAoaW5mZXJpb3IpICh0aWVuZXMge30p
CsyNBA,,R2VuZXRpY2lzdCBTdG9uZSAoTG93ZXIpICh7fSlsZWZ0,,,,,,,UGllZHJhIGRlbCBHZW5ldGlzdGEgKGluZmVyaW9yKSAodGllbmVzIHt9KQ==
C8yNBA,,U29yY2VyZXIgU3RvbmUgKExvd2VyKSAoe30pbGVmdA==,,,,,,,UGllZHJhIGRlbCBDb25qdXJhZG9yIChpbmZlcmlvcikgKHRpZW5lcyB7fSk=
DMyNBA,,QXJjaGJpc2hvcCBTdG9uZSAoTG93ZXIpICh7fSlsZWZ0,,,,,,,UGllZHJhIGRlbCBBcnpvYmlzcG8gKGluZmVyaW9yKSAoe30paXpxdWllcmRh
DcyNBA,,UmFuZ2VyIFN0b25lIChMb3dlcikgKHt9KWxlZnQ=,,,,,,,UGllZHJhIGRlbCBFcnJhbnRlIChpbmZlcmlvcikgKHRpZW5lcyB7fSk=
DsyNBA,,U2hhZG93IENoYXNlciBTdG9uZSAoTG93ZXIpICh7fSlsZWZ0,,,,,,,UGllZHJhIGRlbCBQZXJzZWd1aWRvciBkZSBzb21icmFzIChpbmZlcmlvcikgKHRpZW5lcyB7fSk=
D8yNBA,,U3VyYSBTdG9uZSAoTG93ZXIpICh7fSlsZWZ0,,,,,,,UGllZHJhIGRlbCBTdXJhIChpbmZlcmlvcikgKHRpZW5lcyB7fSk=
EMyNBA,,TWVjaGFuaWMgU3RvbmUgKExvd2VyKSAoe30pbGVmdA==,,,,,,,UGllZHJhIGRlbCBNZWPDoW5pY28gKGluZmVyaW9yKSAodGllbmVzIHt9KQ==
EcyNBA,,R3VpbGxvdGluZSBDcm9zcyBTdG9uZSAoTG93ZXIpICh7fSlsZWZ0,,,,,,,UGllZHJhIGRlbCBDb3J0YWRvciBkZSBjcnVjZXMgKGluZmVyaW9yKSAodGllbmVzIHt9KQ==
EsyNBA,,U3RhciBFbXBlcm9yIFN0b25lIChMb3dlcikgKHt9KWxlZnQ=,,,,,,,UGllZHJhIGRlbCBFbXBlcmFkb3IgZXN0ZWxhciAoaW5mZXJpb3IpICh0aWVuZXMge30p
E8yNBA,,UmViZWxsaW9uIFN0b25lIChMb3dlcikgKHt9KWxlZnQ=,,,,,,,UGllZHJhIGRlIGxhIHJlYmVsacOzbiAoaW5mZXJpb3IpICh0aWVuZXMge30p
FMyNBA,,U291bCBSZWFwZXIgU3RvbmUgKExvd2VyKSAoe30pbGVmdA==,,,,,,,UGllZHJhIGRlbCBDb3NlY2hhZG9yIGRlIGFsbWFzIChpbmZlcmlvcikgKHRpZW5lcyB7fSk=
FcyNBA,,S2FnZXJvdSBTdG9uZSAoTG93ZXIpICh7fSlsZWZ0,,,,,,,UGllZHJhIGRlbCBLYWdlcm91IChpbmZlcmlvcikgKHRpZW5lcyB7fSk=
FsyNBA,,T2Jvcm8gU3RvbmUgKExvd2VyKSAoe30pbGVmdA==,,,,,,,UGllZHJhIGRlIGxhIE9ib3JvIChpbmZlcmlvcikgKHRpZW5lcyB7fSk=
F8yNBA,,U3VtbW9uZXIgU3RvbmUgKExvd2VyKSAoe30pbGVmdA==,,,,,,,UGllZHJhIGRlbCBJbnZvY2Fkb3IgKGluZmVyaW9yKSAodGllbmVzIHt9KQ==
GMyNBA,,RGVmZW5zZSBTdG9uZSAoTG93ZXIpICh7fSlsZWZ0,,,,,,,UGllZHJhIGRlIGRlZmVuc2EgKGluZmVyaW9yKSAodGllbmVzIHt9KQ==
GcyNBA,,U3VwZXIgTm92aWNlIFN0b25lIChMb3dlcikgKHt9KWxlZnQ=,,,,,,,UGllZHJhIGRlbCBTdXBlcnByaW5jaXBpYW50ZSAoaW5mZXJpb3IpICh0aWVuZXMge30p
GsyNBA,,XkZGMDAwMCAgICBDYXV0aW9uIF4wMDAwMDAKXkZGMDAwMFRoaXMgdXBncmFkZSBjYW4gYmUgZmFpbGVkLl4wMDAwMDAKXkZGMDAwMFlvdSB3aWxsIHN0aWxsIGtlZXAgdGhlIHVwcGVyIGFuZCBtaWRkbGUgaXRlbSdzIGVmZmVjdCwgYnV0IGlmIHRoZSBsb3dlciBpdGVtIGhhcyBleHRyYSBlZmZlY3QsIHdlIHdpbGwgcmVzZXQgdGhlIGVmZmVjdCBhbmQgZ2l2ZSBISVQrMSBvbmx5Ll4wMDAwMDAKXkZGMDAwMEFyZSB5b3Ugc3VyZSBhYm91dCB1cGdyYWRpbmcgdGhpcyBpdGVtP14wMDAwMDA=,,,,,,,XjY2MDAwMEF0ZW5jacOzbjogXjAwMDAwMApeNjYwMDAwRXN0YSBtZWpvcmEgcHVlZGUgZmFsbGFyLl4wMDAwMDAKXjY2MDAwMENvbnNlcnZhcsOhcyBsb3MgZWZlY3RvcyBkZWwgb2JqZXRvIGRlbCBtZWRpbyB5IHN1cGVyaW9yLCBwZXJvIHNpIGVsIG9iamV0byBpbmZlcmlvciB0aWVuZSB1biBlZmVjdG8gZXh0cmEsIHJlc3RhYmxlY2VyZW1vcyBlbCBlZmVjdG8geSBzb2xvIGxlIGRhcmVtb3MgUFJFQysxLl4wMDAwMDAKXjY2MDAwMMK/U2VndXJvIHF1ZSBxdWllcmVzIG1lam9yYXIgZXN0ZSBvYmpldG8/XjAwMDAwMA==
G8yNBA,,XkZGMDAwMCAgICBDYXV0aW9uIF4wMDAwMDAKXkZGMDAwMFRoaXMgdXBncmFkZSBjYW4gYmUgZmFpbGVkLl4wMDAwMDAKXkZGMDAwMFlvdSB3aWxsIHN0aWxsIGtlZXAgdGhlIHVwcGVyIGFuZCBtaWRkbGUgaXRlbSdzIGVmZmVjdCwgYnV0IGlmIHRoZSBsb3dlciBpdGVtIGhhcyBleHRyYSBlZmZlY3QsIHdlIHdpbGwgcmVzZXQgdGhlIGVmZmVjdCBhbmQgZ2l2ZSBGTEVFKzEgb25seS5eMDAwMDAwCl5GRjAwMDBBcmUgeW91IHN1cmUgYWJvdXQgdXBncmFkaW5nIHRoaXMgaXRlbT9eMDAwMDAw,,,,,,,XjY2MDAwMEF0ZW5jacOzbjogXjAwMDAwMApeNjYwMDAwRXN0YSBtZWpvcmEgcHVlZGUgZmFsbGFyLl4wMDAwMDAKXjY2MDAwMENvbnNlcnZhcsOhcyBsb3MgZWZlY3RvcyBkZWwgb2JqZXRvIGRlbCBtZWRpbyB5IHN1cGVyaW9yLCBwZXJvIHNpIGVsIG9iamV0byBpbmZlcmlvciB0aWVuZSB1biBlZmVjdG8gZXh0cmEsIHJlc3RhYmxlY2VyZW1vcyBlbCBlZmVjdG8geSBzb2xvIGxlIGRhcmVtb3MgRVZBKzEuXjAwMDAwMApeNjYwMDAwwr9TZWd1cm8gcXVlIHF1aWVyZXMgbWVqb3JhciBlc3RlIG9iamV0bz9eMDAwMDAw
HMyNBA,,XkZGMDAwMCAgICBDYXV0aW9uIF4wMDAwMDAKXkZGMDAwMFRoaXMgdXBncmFkZSBjYW4gYmUgZmFpbGVkLl4wMDAwMDAKXkZGMDAwMFlvdSB3aWxsIHN0aWxsIGtlZXAgdGhlIHVwcGVyIGFuZCBtaWRkbGUgaXRlbSdzIGVmZmVjdCwgYnV0IGlmIHRoZSBsb3dlciBpdGVtIGhhcyBleHRyYSBlZmZlY3QsIHdlIHdpbGwgcmVzZXQgdGhlIGVmZmVjdCBhbmQgZ2l2ZSBTUCArMTAgb25seS5eMDAwMDAwCl5GRjAwMDBBcmUgeW91IHN1cmUgYWJvdXQgdXBncmFkaW5nIHRoaXMgaXRlbT9eMDAwMDAw,,,,,,,XjY2MDAwMEF0ZW5jacOzbjogXjAwMDAwMApeNjYwMDAwRXN0YSBtZWpvcmEgcHVlZGUgZmFsbGFyLl4wMDAwMDAKXjY2MDAwMENvbnNlcnZhcsOhcyBsb3MgZWZlY3RvcyBkZWwgb2JqZXRvIGRlbCBtZWRpbyB5IHN1cGVyaW9yLCBwZXJvIHNpIGVsIG9iamV0byBpbmZlcmlvciB0aWVuZSB1biBlZmVjdG8gZXh0cmEsIHJlc3RhYmxlY2VyZW1vcyBlbCBlZmVjdG8geSBzb2xvIGxlIGRhcmVtb3MgUE0rMTAuXjAwMDAwMApeNjYwMDAwwr9TZWd1cm8gcXVlIHF1aWVyZXMgbWVqb3JhciBlc3RlIG9iamV0bz9eMDAwMDAw
HcyNBA,,XkZGMDAwMCAgICBDYXV0aW9uIF4wMDAwMDAKXkZGMDAwMFRoaXMgdXBncmFkZSBjYW4gYmUgZmFpbGVkLl4wMDAwMDAKXkZGMDAwMElmIHRoZSBpdGVtIGFscmVhZHkgaGFzIGV4dHJhIGFiaWxpdHksIHdlIHdpbGwgcmVzZXQgaXRlbSdzIGFiaWxpdHkgYW5kIGdpdmUgMSBTUCByZWNvdmVyeSBlZmZlY3QgZm9yIGVhY2ggZW5lbXkga2lsbC5eMDAwMDAwCl5GRjAwMDBBcmUgeW91IHN1cmUgYWJvdXQgdXBncmFkaW5nIHRoaXMgaXRlbT9eMDAwMDAw,,,,,,,XjY2MDAwMEF0ZW5jacOzbjogXjAwMDAwMApeNjYwMDAwRXN0YSBtZWpvcmEgcHVlZGUgZmFsbGFyLl4wMDAwMDAKXjY2MDAwMFNpIGVsIG9iamV0byB5YSB0aWVuZSB1bmEgaGFiaWxpZGFkIGV4dHJhLCByZXN0YWJsZWNlcmVtb3MgbGEgaGFiaWxpZGFkIGRlbCBvYmpldG8geSBsZSBkYXJlbW9zIHVuIGVmZWN0byBkZSByZWN1cGVyYWNpw7NuIGRlIDFQTSBwb3IgY2FkYSBtdWVydGUgZW5lbWlnYS5eMDAwMDAwCl42NjAwMDDCv1NlZ3VybyBxdWUgcXVpZXJlcyBtZWpvcmFyIGVzdGUgb2JqZXRvP14wMDAwMDA=
HsyNBA,,XkZGMDAwMCAgICBDYXV0aW9uIF4wMDAwMDAKXkZGMDAwMFRoaXMgdXBncmFkZSBjYW4gYmUgZmFpbGVkLl4wMDAwMDAKXkZGMDAwMElmIHRoZSBpdGVtIGFscmVhZHkgaGFzIGV4dHJhIGFiaWxpdHksIHdlIHdpbGwgcmVzZXQgaXRlbSdzIGFiaWxpdHkgYW5kIGdpdmUgTWF4SFAgKyAxJSBvbmx5Ll4wMDAwMDAKXkZGMDAwMEFyZSB5b3Ugc3VyZSBhYm91dCB1cGdyYWRpbmcgdGhpcyBpdGVtP14wMDAwMDA=,,,,,,,XjY2MDAwMEF0ZW5jacOzbjogXjAwMDAwMApeNjYwMDAwRXN0YSBtZWpvcmEgcHVlZGUgZmFsbGFyLl4wMDAwMDAKXjY2MDAwMFNpIGVsIG9iamV0byB5YSB0aWVuZSB1bmEgaGFiaWxpZGFkIGV4dHJhLCByZXN0YWJsZWNlcmVtb3MgbGEgaGFiaWxpZGFkIGRlbCBvYmpldG8geSBzb2xvIGxlIGRhcmVtb3MgUFMgbcOheC4rMSUuXjAwMDAwMApeNjYwMDAwwr9TZWd1cm8gcXVlIHF1aWVyZXMgbWVqb3JhciBlc3RlIG9iamV0bz9eMDAwMDAw
H8yNBA,,XkZGMDAwMCAgICBDYXV0aW9uIF4wMDAwMDAKXkZGMDAwMFRoaXMgdXBncmFkZSBjYW4gYmUgZmFpbGVkLl4wMDAwMDAKXkZGMDAwMElmIHRoZSBpdGVtIGFscmVhZHkgaGFzIGV4dHJhIGFiaWxpdHksIHdlIHdpbGwgcmVzZXQgaXRlbSdzIGFiaWxpdHkgYW5kIGdpdmUgJ1ZJVCArIDMsIExVSyAtIDMnLl4wMDAwMDAKXkZGMDAwMEFyZSB5b3Ugc3VyZSBhYm91dCB1cGdyYWRpbmcgdGhpcyBpdGVtP14wMDAwMDA=,,,,,,,XjY2MDAwMEF0ZW5jacOzbjogXjAwMDAwMApeNjYwMDAwRXN0YSBtZWpvcmEgcHVlZGUgZmFsbGFyLl4wMDAwMDAKXjY2MDAwMFNpIGVsIG9iamV0byB5YSB0aWVuZSB1bmEgaGFiaWxpZGFkIGV4dHJhLCByZXN0YWJsZWNlcmVtb3MgbGEgaGFiaWxpZGFkIGRlbCBvYmpldG8geSBsZSBkYXJlbW9zIFZJVCszIHkgU1VFLTMuXjAwMDAwMApeNjYwMDAwwr9TZWd1cm8gcXVlIHF1aWVyZXMgbWVqb3JhciBlc3RlIG9iamV0bz9eMDAwMDAw
IMyNBA,,XkZGMDAwMCAgICBDYXV0aW9uIF4wMDAwMDAKXkZGMDAwMFRoaXMgdXBncmFkZSBjYW4gYmUgZmFpbGVkLl4wMDAwMDAKXkZGMDAwMElmIHRoZSBpdGVtIGFscmVhZHkgaGFzIGV4dHJhIGFiaWxpdHksIHdlIHdpbGwgcmVzZXQgaXRlbSdzIGFiaWxpdHkgYW5kIGdpdmUgJ0FHSSArIDMsIFNUUiAtIDMnLl4wMDAwMDAKXkZGMDAwMEFyZSB5b3Ugc3VyZSBhYm91dCB1cGdyYWRpbmcgdGhpcyBpdGVtP14wMDAwMDA=,,,,,,,XjY2MDAwMEF0ZW5jacOzbjogXjAwMDAwMApeNjYwMDAwRXN0YSBtZWpvcmEgcHVlZGUgZmFsbGFyLl4wMDAwMDAKXjY2MDAwMFNpIGVsIG9iamV0byB5YSB0aWVuZSB1bmEgaGFiaWxpZGFkIGV4dHJhLCByZXN0YWJsZWNlcmVtb3MgbGEgaGFiaWxpZGFkIGRlbCBvYmpldG8geSBsZSBkYXJlbW9zIEFHSSszIHkgRlVFLTMuXjAwMDAwMApeNjYwMDAwwr9TZWd1cm8gcXVlIHF1aWVyZXMgbWVqb3JhciBlc3RlIG9iamV0bz9eMDAwMDAw
IcyNBA,,XkZGMDAwMCAgICBDYXV0aW9uIF4wMDAwMDAKXkZGMDAwMFRoaXMgdXBncmFkZSBjYW4gYmUgZmFpbGVkLl4wMDAwMDAKXkZGMDAwMElmIHRoZSBpdGVtIGFscmVhZHkgaGFzIGV4dHJhIGFiaWxpdHksIHdlIHdpbGwgcmVzZXQgaXRlbSdzIGFiaWxpdHkgYW5kIGdpdmUgJ0RFWCArIDMsIEFHSSAtIDMnLl4wMDAwMDAKXkZGMDAwMEFyZSB5b3Ugc3VyZSBhYm91dCB1cGdyYWRpbmcgdGhpcyBpdGVtP14wMDAwMDA=,,,,,,,XjY2MDAwMEF0ZW5jacOzbjogXjAwMDAwMApeNjYwMDAwRXN0YSBtZWpvcmEgcHVlZGUgZmFsbGFyLl4wMDAwMDAKXjY2MDAwMFNpIGVsIG9iamV0byB5YSB0aWVuZSB1bmEgaGFiaWxpZGFkIGV4dHJhLCByZXN0YWJsZWNlcmVtb3MgbGEgaGFiaWxpZGFkIGRlbCBvYmpldG8geSBsZSBkYXJlbW9zIERFUyszIHkgQUdJLTMuXjAwMDAwMApeNjYwMDAwwr9TZWd1cm8gcXVlIHF1aWVyZXMgbWVqb3JhciBlc3RlIG9iamV0bz9eMDAwMDAw
IsyNBA,,XkZGMDAwMCAgICBDYXV0aW9uIF4wMDAwMDAKXkZGMDAwMFRoaXMgdXBncmFkZSBjYW4gYmUgZmFpbGVkLl4wMDAwMDAKXkZGMDAwMElmIHRoZSBpdGVtIGFscmVhZHkgaGFzIGV4dHJhIGFiaWxpdHksIHdlIHdpbGwgcmVzZXQgaXRlbSdzIGFiaWxpdHkgYW5kIGdpdmUgJ0xVSyArIDMsIElOVCAtIDMnLl4wMDAwMDAKXkZGMDAwMEFyZSB5b3Ugc3VyZSBhYm91dCB1cGdyYWRpbmcgdGhpcyBpdGVtP14wMDAwMDA=,,,,,,,XjY2MDAwMEF0ZW5jacOzbjogXjAwMDAwMApeNjYwMDAwRXN0YSBtZWpvcmEgcHVlZGUgZmFsbGFyLl4wMDAwMDAKXjY2MDAwMFNpIGVsIG9iamV0byB5YSB0aWVuZSB1bmEgaGFiaWxpZGFkIGV4dHJhLCByZXN0YWJsZWNlcmVtb3MgbGEgaGFiaWxpZGFkIGRlbCBvYmpldG8geSBsZSBkYXJlbW9zIFNVRSszIGUgSU5ULTMuXjAwMDAwMApeNjYwMDAwwr9TZWd1cm8gcXVlIHF1aWVyZXMgbWVqb3JhciBlc3RlIG9iamV0bz9eMDAwMDAw
I8yNBA,,XkZGMDAwMCAgICBDYXV0aW9uIF4wMDAwMDAKXkZGMDAwMFRoaXMgdXBncmFkZSBjYW4gYmUgZmFpbGVkLl4wMDAwMDAKXkZGMDAwMElmIHRoZSBpdGVtIGFscmVhZHkgaGFzIGV4dHJhIGFiaWxpdHksIHdlIHdpbGwgcmVzZXQgaXRlbSdzIGFiaWxpdHkgYW5kIGdpdmUgJ1NUUiArIDMsIERFWCAtIDMnLl4wMDAwMDAKXkZGMDAwMEFyZSB5b3Ugc3VyZSBhYm91dCB1cGdyYWRpbmcgdGhpcyBpdGVtP14wMDAwMDA=,,,,,,,XjY2MDAwMEF0ZW5jacOzbjogXjAwMDAwMApeNjYwMDAwRXN0YSBtZWpvcmEgcHVlZGUgZmFsbGFyLl4wMDAwMDAKXjY2MDAwMFNpIGVsIG9iamV0byB5YSB0aWVuZSB1bmEgaGFiaWxpZGFkIGV4dHJhLCByZXN0YWJsZWNlcmVtb3MgbGEgaGFiaWxpZGFkIGRlbCBvYmpldG8geSBsZSBkYXJlbW9zIEZVRSszIHkgREVTLTMuXjAwMDAwMApeNjYwMDAwwr9TZWd1cm8gcXVlIHF1aWVyZXMgbWVqb3JhciBlc3RlIG9iamV0bz9eMDAwMDAw
JMyNBA,,XkZGMDAwMCAgICBDYXV0aW9uIF4wMDAwMDAKXkZGMDAwMFRoaXMgdXBncmFkZSBjYW4gYmUgZmFpbGVkLl4wMDAwMDAKXkZGMDAwMElmIHRoZSBpdGVtIGFscmVhZHkgaGFzIGV4dHJhIGFiaWxpdHksIHdlIHdpbGwgcmVzZXQgaXRlbSdzIGFiaWxpdHkgYW5kIGdpdmUgJ0lOVCArIDMsIFZJVCAtIDMnLl4wMDAwMDAKXkZGMDAwMEFyZSB5b3Ugc3VyZSBhYm91dCB1cGdyYWRpbmcgdGhpcyBpdGVtP14wMDAwMDA=,,,,,,,XjY2MDAwMEF0ZW5jacOzbjogXjAwMDAwMApeNjYwMDAwRXN0YSBtZWpvcmEgcHVlZGUgZmFsbGFyLl4wMDAwMDAKXjY2MDAwMFNpIGVsIG9iamV0byB5YSB0aWVuZSB1bmEgaGFiaWxpZGFkIGV4dHJhLCByZXN0YWJsZWNlcmVtb3MgbGEgaGFiaWxpZGFkIGRlbCBvYmpldG8geSBsZSBkYXJlbW9zIElOVCszIHkgVklULTMuXjAwMDAwMApeNjYwMDAwwr9TZWd1cm8gcXVlIHF1aWVyZXMgbWVqb3JhciBlc3RlIG9iamV0bz9eMDAwMDAw
JcyNBA,,XkZGMDAwMCAgICBDYXV0aW9uIF4wMDAwMDAKXkZGMDAwMFRoaXMgdXBncmFkZSBjYW4gYmUgZmFpbGVkLl4wMDAwMDAKXkZGMDAwMElmIHRoZSBpdGVtIGFscmVhZHkgaGFzIGV4dHJhIGFiaWxpdHksIHdlIHdpbGwgcmVzZXQgaXRlbSdzIGFiaWxpdHkgYW5kIGdpdmUgJ01ERUYgKyA0Jy5eMDAwMDAwCl5GRjAwMDBBcmUgeW91IHN1cmUgYWJvdXQgdXBncmFkaW5nIHRoaXMgaXRlbT9eMDAwMDAw,,,,,,,XjY2MDAwMEF0ZW5jacOzbjogXjAwMDAwMApeNjYwMDAwRXN0YSBtZWpvcmEgcHVlZGUgZmFsbGFyLl4wMDAwMDAKXjY2MDAwMFNpIGVsIG9iamV0byB5YSB0aWVuZSB1bmEgaGFiaWxpZGFkIGV4dHJhLCByZXN0YWJsZWNlcmVtb3MgbGEgaGFiaWxpZGFkIGRlbCBvYmpldG8geSBsZSBkYXJlbW9zIERFRk0rNC5eMDAwMDAwCl42NjAwMDDCv1NlZ3VybyBxdWUgcXVpZXJlcyBtZWpvcmFyIGVzdGUgb2JqZXRvP14wMDAwMDA=
JsyNBA,,XkZGMDAwMCAgICBDYXV0aW9uIF4wMDAwMDAKXkZGMDAwMFRoaXMgdXBncmFkZSBjYW4gYmUgZmFpbGVkLl4wMDAwMDAKXkZGMDAwMElmIHRoZSBpdGVtIGFscmVhZHkgaGFzIGV4dHJhIGFiaWxpdHksIHdlIHdpbGwgcmVzZXQgaXRlbSdzIGFiaWxpdHkgYW5kICdHaXZlcyAyJSBleHRyYSBFWFAgaWYga2lsbCBtb25zdGVyJy5eMDAwMDAwCl5GRjAwMDBBcmUgeW91IHN1cmUgYWJvdXQgdXBncmFkaW5nIHRoaXMgaXRlbT9eMDAwMDAw,,,,,,,XjY2MDAwMEF0ZW5jacOzbjogXjAwMDAwMApeNjYwMDAwRXN0YSBtZWpvcmEgcHVlZGUgZmFsbGFyLl4wMDAwMDAKXjY2MDAwMFNpIGVsIG9iamV0byB5YSB0aWVuZSB1bmEgaGFiaWxpZGFkIGV4dHJhLCByZXN0YWJsZWNlcmVtb3MgbGEgaGFiaWxpZGFkIGRlbCBvYmpldG8geSBsZSBkYXJlbW9zIGxhIHBvc2liaWxpZGFkIGRlIGdhbmFyIHVuIDIlIGRlIEVYUCBleHRyYSBhbCBtYXRhciB1biBtb25zdHJ1by5eMDAwMDAwCl42NjAwMDDCv1NlZ3VybyBxdWUgcXVpZXJlcyBtZWpvcmFyIGVzdGUgb2JqZXRvP14wMDAwMDA=
J8yNBA,,XkZGMDAwMCAgICBDYXV0aW9uIF4wMDAwMDAKXkZGMDAwMFRoaXMgdXBncmFkZSBjYW4gYmUgZmFpbGVkLl4wMDAwMDAKXkZGMDAwMElmIHRoZSBpdGVtIGFscmVhZHkgaGFzIGV4dHJhIGFiaWxpdHksIHdlIHdpbGwgcmVzZXQgaXRlbSdzIGFiaWxpdHkgYW5kIGdpdmUgJ0FUSyArIDElJy5eMDAwMDAwCl5GRjAwMDBBcmUgeW91IHN1cmUgYWJvdXQgdXBncmFkaW5nIHRoaXMgaXRlbT9eMDAwMDAw,,,,,,,XjY2MDAwMEF0ZW5jacOzbjogXjAwMDAwMApeNjYwMDAwRXN0YSBtZWpvcmEgcHVlZGUgZmFsbGFyLl4wMDAwMDAKXjY2MDAwMFNpIGVsIG9iamV0byB5YSB0aWVuZSB1bmEgaGFiaWxpZGFkIGV4dHJhLCByZXN0YWJsZWNlcmVtb3MgbGEgaGFiaWxpZGFkIGRlbCBvYmpldG8geSBsZSBkYXJlbW9zIEFUUSsxJS5eMDAwMDAwCl42NjAwMDDCv1NlZ3VybyBxdWUgcXVpZXJlcyBtZWpvcmFyIGVzdGUgb2JqZXRvP14wMDAwMDA=
KMyNBA,,XkZGMDAwMCAgICBDYXV0aW9uIF4wMDAwMDAKXkZGMDAwMFRoaXMgdXBncmFkZSBjYW4gYmUgZmFpbGVkLl4wMDAwMDAKXkZGMDAwMElmIHRoZSBpdGVtIGFscmVhZHkgaGFzIGV4dHJhIGFiaWxpdHksIHdlIHdpbGwgcmVzZXQgaXRlbSdzIGFiaWxpdHkgYW5kIGdpdmUgJ01BVEsgKyAxJScuXjAwMDAwMApeRkYwMDAwQXJlIHlvdSBzdXJlIGFib3V0IHVwZ3JhZGluZyB0aGlzIGl0ZW0/XjAwMDAwMA==,,,,,,,XjY2MDAwMEF0ZW5jacOzbjogXjAwMDAwMApeNjYwMDAwRXN0YSBtZWpvcmEgcHVlZGUgZmFsbGFyLl4wMDAwMDAKXjY2MDAwMFNpIGVsIG9iamV0byB5YSB0aWVuZSB1bmEgaGFiaWxpZGFkIGV4dHJhLCByZXN0YWJsZWNlcmVtb3MgbGEgaGFiaWxpZGFkIGRlbCBvYmpldG8geSBsZSBkYXJlbW9zIEFUUU0rMSUuXjAwMDAwMApeNjYwMDAwwr9TZWd1cm8gcXVlIHF1aWVyZXMgbWVqb3JhciBlc3RlIG9iamV0bz9eMDAwMDAw
KcyNBA,,XkZGMDAwMCAgICBDYXV0aW9uIF4wMDAwMDAKXkZGMDAwMFRoaXMgdXBncmFkZSBjYW4gYmUgZmFpbGVkLl4wMDAwMDAKXkZGMDAwMElmIHRoZSBpdGVtIGFscmVhZHkgaGFzIGV4dHJhIGFiaWxpdHksIHdlIHdpbGwgcmVzZXQgaXRlbSdzIGFiaWxpdHkgYW5kIGdpdmUgJ0dyZWVkIEx2LjEgY2FuIGJlIHVzZWQnLl4wMDAwMDAKXkZGMDAwMEFyZSB5b3Ugc3VyZSBhYm91dCB1cGdyYWRpbmcgdGhpcyBpdGVtP14wMDAwMDA=,,,,,,,XjY2MDAwMEF0ZW5jacOzbjogXjAwMDAwMApeNjYwMDAwRXN0YSBtZWpvcmEgcHVlZGUgZmFsbGFyLl4wMDAwMDAKXjY2MDAwMFNpIGVsIG9iamV0byB5YSB0aWVuZSB1bmEgaGFiaWxpZGFkIGV4dHJhLCByZXN0YWJsZWNlcmVtb3MgbGEgaGFiaWxpZGFkIGRlbCBvYmpldG8geSBsZSBkYXJlbW9zIGxhIHBvc2liaWxpZGFkIGRlIHVzYXIgQ29kaWNpYSBkZSBudi4xLl4wMDAwMDAKXjY2MDAwMMK/U2VndXJvIHF1ZSBxdWllcmVzIG1lam9yYXIgZXN0ZSBvYmpldG8/XjAwMDAwMA==
KsyNBA,,XkZGMDAwMCAgICBDYXV0aW9uIF4wMDAwMDAKXkZGMDAwMFRoaXMgdXBncmFkZSBjYW4gYmUgZmFpbGVkLl4wMDAwMDAKXkZGMDAwMElmIHRoZSBpdGVtIGFscmVhZHkgaGFzIGV4dHJhIGFiaWxpdHksIHdlIHdpbGwgcmVzZXQgaXRlbSdzIGFiaWxpdHkgYW5kIGdpdmUgJ01BWEhQICsgMTAwLCBpZiBhYm92ZSBMVi4xMjAsIE1BWEhQICsyJScuXjAwMDAwMApeRkYwMDAwQXJlIHlvdSBzdXJlIGFib3V0IHVwZ3JhZGluZyB0aGlzIGl0ZW0/XjAwMDAwMA==,,,,,,,XjY2MDAwMEF0ZW5jacOzbjogXjAwMDAwMApeNjYwMDAwRXN0YSBtZWpvcmEgcHVlZGUgZmFsbGFyLl4wMDAwMDAKXjY2MDAwMFNpIGVsIG9iamV0byB5YSB0aWVuZSB1bmEgaGFiaWxpZGFkIGV4dHJhLCByZXN0YWJsZWNlcmVtb3MgbGEgaGFiaWxpZGFkIGRlbCBvYmpldG8geSBsZSBkYXJlbW9zIFBTIG3DoXguKzEwMDsgc2kgZXJlcyBudi4xMjAgbyBzdXBlcmlvciwgbGUgZGFyZW1vcyBQUyBtw6F4LisyJS5eMDAwMDAwCl42NjAwMDDCv1NlZ3VybyBxdWUgcXVpZXJlcyBtZWpvcmFyIGVzdGUgb2JqZXRvP14wMDAwMDA=
K8yNBA,,XkZGMDAwMCAgICBDYXV0aW9uIF4wMDAwMDAKXkZGMDAwMFRoaXMgdXBncmFkZSBjYW4gYmUgZmFpbGVkLl4wMDAwMDAKXkZGMDAwMElmIHRoZSBpdGVtIGFscmVhZHkgaGFzIGV4dHJhIGFiaWxpdHksIHdlIHdpbGwgcmVzZXQgaXRlbSdzIGFiaWxpdHkgYW5kIGdpdmUgJ01BWFNQICsgNTAsIGlmIGFib3ZlIExWLjEyMCwgTUFYU1AgKzIlJy5eMDAwMDAwCl5GRjAwMDBBcmUgeW91IHN1cmUgYWJvdXQgdXBncmFkaW5nIHRoaXMgaXRlbT9eMDAwMDAw,,,,,,,XjY2MDAwMEF0ZW5jacOzbjogXjAwMDAwMApeNjYwMDAwRXN0YSBtZWpvcmEgcHVlZGUgZmFsbGFyLl4wMDAwMDAKXjY2MDAwMFNpIGVsIG9iamV0byB5YSB0aWVuZSB1bmEgaGFiaWxpZGFkIGV4dHJhLCByZXN0YWJsZWNlcmVtb3MgbGEgaGFiaWxpZGFkIGRlbCBvYmpldG8geSBsZSBkYXJlbW9zIFBNIG3DoXguKzUwOyBzaSBlcmVzIG52LjEyMCBvIHN1cGVyaW9yLCBsZSBkYXJlbW9zIFBNIG3DoXguKzIlLl4wMDAwMDAKXjY2MDAwMMK/U2VndXJvIHF1ZSBxdWllcmVzIG1lam9yYXIgZXN0ZSBvYmpldG8/XjAwMDAwMA==
LMyNBA,,XkZGMDAwMCAgICBDYXV0aW9uIF4wMDAwMDAKXkZGMDAwMFRoaXMgdXBncmFkZSBjYW4gYmUgZmFpbGVkLl4wMDAwMDAKXkZGMDAwMElmIHRoZSBpdGVtIGFscmVhZHkgaGFzIGV4dHJhIGFiaWxpdHksIHdlIHdpbGwgcmVzZXQgaXRlbSdzIGFiaWxpdHkgYW5kIGdpdmUgJ0RldG94aWZ5IEx2LjEgY2FuIGJlIHVzZWQnLl4wMDAwMDAKXkZGMDAwMEFyZSB5b3Ugc3VyZSBhYm91dCB1cGdyYWRpbmcgdGhpcyBpdGVtP14wMDAwMDA=,,,,,,,XjY2MDAwMEF0ZW5jacOzbjogXjAwMDAwMApeNjYwMDAwRXN0YSBtZWpvcmEgcHVlZGUgZmFsbGFyLl4wMDAwMDAKXjY2MDAwMFNpIGVsIG9iamV0byB5YSB0aWVuZSB1bmEgaGFiaWxpZGFkIGV4dHJhLCByZXN0YWJsZWNlcmVtb3MgbGEgaGFiaWxpZGFkIGRlbCBvYmpldG8geSBsZSBkYXJlbW9zIGxhIHBvc2liaWxpZGFkIGRlIHVzYXIgRGVzaW50b3hpY2FjacOzbiBkZSBudi4xLl4wMDAwMDAKXjY2MDAwMMK/U2VndXJvIHF1ZSBxdWllcmVzIG1lam9yYXIgZXN0ZSBvYmpldG8/XjAwMDAwMA==
LcyNBA,,XkZGMDAwMCAgICBDYXV0aW9uIF4wMDAwMDAKXkZGMDAwMFRoaXMgdXBncmFkZSBjYW4gYmUgZmFpbGVkLl4wMDAwMDAKXkZGMDAwMElmIHRoZSBpdGVtIGFscmVhZHkgaGFzIGV4dHJhIGFiaWxpdHksIHdlIHdpbGwgcmVzZXQgaXRlbSdzIGFiaWxpdHkgYW5kIGdpdmUgJ1JlY292ZXJ5IEx2LjEgY2FuIGJlIHVzZWQnLl4wMDAwMDAKXkZGMDAwMEFyZSB5b3Ugc3VyZSBhYm91dCB1cGdyYWRpbmcgdGhpcyBpdGVtP14wMDAwMDA=,,,,,,,XjY2MDAwMEF0ZW5jacOzbjogXjAwMDAwMApeNjYwMDAwRXN0YSBtZWpvcmEgcHVlZGUgZmFsbGFyLl4wMDAwMDAKXjY2MDAwMFNpIGVsIG9iamV0byB5YSB0aWVuZSB1bmEgaGFiaWxpZGFkIGV4dHJhLCByZXN0YWJsZWNlcmVtb3MgbGEgaGFiaWxpZGFkIGRlbCBvYmpldG8geSBsZSBkYXJlbW9zIGxhIHBvc2liaWxpZGFkIGRlIHVzYXIgUmVjdXBlcmFjacOzbiBkZSBudi4xLl4wMDAwMDAKXjY2MDAwMMK/U2VndXJvIHF1ZSBxdWllcmVzIG1lam9yYXIgZXN0ZSBvYmpldG8/XjAwMDAwMA==
LsyNBA,,XkZGMDAwMCAgICBDYXV0aW9uIF4wMDAwMDAKXkZGMDAwMFRoaXMgdXBncmFkZSBjYW4gYmUgZmFpbGVkLl4wMDAwMDAKXkZGMDAwMElmIHRoZSBpdGVtIGFscmVhZHkgaGFzIGV4dHJhIGFiaWxpdHksIHdlIHdpbGwgcmVzZXQgaXRlbSdzIGFiaWxpdHkgYW5kIGdpdmUgJ0t5cmllIEVsZWlzb24gIEx2LjEgY2FuIGJlIHVzZWQnLl4wMDAwMDAKXkZGMDAwMEFyZSB5b3Ugc3VyZSBhYm91dCB1cGdyYWRpbmcgdGhpcyBpdGVtP14wMDAwMDA=,,,,,,,XjY2MDAwMEF0ZW5jacOzbjogXjAwMDAwMApeNjYwMDAwRXN0YSBtZWpvcmEgcHVlZGUgZmFsbGFyLl4wMDAwMDAKXjY2MDAwMFNpIGVsIG9iamV0byB5YSB0aWVuZSB1bmEgaGFiaWxpZGFkIGV4dHJhLCByZXN0YWJsZWNlcmVtb3MgbGEgaGFiaWxpZGFkIGRlbCBvYmpldG8geSBsZSBkYXJlbW9zIGxhIHBvc2liaWxpZGFkIGRlIHVzYXIgS3lyaWUgRWxlaXNvbiBkZSBudi4xLl4wMDAwMDAKXjY2MDAwMMK/U2VndXJvIHF1ZSBxdWllcmVzIG1lam9yYXIgZXN0ZSBvYmpldG8/XjAwMDAwMA==
L8yNBA,,XkZGMDAwMCAgICBDYXV0aW9uIF4wMDAwMDAKXkZGMDAwMFRoaXMgdXBncmFkZSBjYW4gYmUgZmFpbGVkLl4wMDAwMDAKXkZGMDAwMElmIHRoZSBpdGVtIGFscmVhZHkgaGFzIGV4dHJhIGFiaWxpdHksIHdlIHdpbGwgcmVzZXQgaXRlbSdzIGFiaWxpdHkgYW5kIGdpdmUgJ0l0ZW0gaWRlbnRpZnkgbHYuMSBjYW4gYmUgdXNlZCcuXjAwMDAwMApeRkYwMDAwQXJlIHlvdSBzdXJlIGFib3V0IHVwZ3JhZGluZyB0aGlzIGl0ZW0/XjAwMDAwMA==,,,,,,,XjY2MDAwMEF0ZW5jacOzbjogXjAwMDAwMApeNjYwMDAwRXN0YSBtZWpvcmEgcHVlZGUgZmFsbGFyLl4wMDAwMDAKXjY2MDAwMFNpIGVsIG9iamV0byB5YSB0aWVuZSB1bmEgaGFiaWxpZGFkIGV4dHJhLCByZXN0YWJsZWNlcmVtb3MgbGEgaGFiaWxpZGFkIGRlbCBvYmpldG8geSBsZSBkYXJlbW9zIGxhIHBvc2liaWxpZGFkIGRlIHVzYXIgSWRlbnRpZmljYWNpw7NuIGRlIG9iamV0b3MgZGUgbnYuMS5eMDAwMDAwCl42NjAwMDDCv1NlZ3VybyBxdWUgcXVpZXJlcyBtZWpvcmFyIGVzdGUgb2JqZXRvP14wMDAwMDA=
MMyNBA,,XkZGMDAwMCAgICBDYXV0aW9uIF4wMDAwMDAKXkZGMDAwMFRoaXMgdXBncmFkZSBjYW4gYmUgZmFpbGVkLl4wMDAwMDAKXkZGMDAwMElmIHRoZSBpdGVtIGFscmVhZHkgaGFzIGV4dHJhIGFiaWxpdHksIHdlIHdpbGwgcmVzZXQgaXRlbSdzIGFiaWxpdHkgYW5kIGdpdmUgJ0NhbiB1c2UgSGVhbCBMdjEnLl4wMDAwMDAKXkZGMDAwMEFyZSB5b3Ugc3VyZSBhYm91dCB1cGdyYWRpbmcgdGhpcyBpdGVtP14wMDAwMDA=,,,,,,,XjY2MDAwMEF0ZW5jacOzbjogXjAwMDAwMApeNjYwMDAwRXN0YSBtZWpvcmEgcHVlZGUgZmFsbGFyLl4wMDAwMDAKXjY2MDAwMFNpIGVsIG9iamV0byB5YSB0aWVuZSB1bmEgaGFiaWxpZGFkIGV4dHJhLCByZXN0YWJsZWNlcmVtb3MgbGEgaGFiaWxpZGFkIGRlbCBvYmpldG8geSBsZSBkYXJlbW9zIGxhIHBvc2liaWxpZGFkIGRlIHVzYXIgQ3VyYWNpw7NuIGRlIG52LjEuXjAwMDAwMApeNjYwMDAwwr9TZWd1cm8gcXVlIHF1aWVyZXMgbWVqb3JhciBlc3RlIG9iamV0bz9eMDAwMDAw
McyNBA,,XkZGMDAwMCAgICBDYXV0aW9uIF4wMDAwMDAKXkZGMDAwMFRoaXMgdXBncmFkZSBjYW4gYmUgZmFpbGVkLl4wMDAwMDAKXkZGMDAwMElmIHRoZSBpdGVtIGFscmVhZHkgaGFzIGV4dHJhIGFiaWxpdHksIHdlIHdpbGwgcmVzZXQgaXRlbSdzIGFiaWxpdHkgYW5kIGdpdmUgJ0NhbiB1c2UgVGVsZXBvcnRhdGlvbiBMdjEnLl4wMDAwMDAKXkZGMDAwMEFyZSB5b3Ugc3VyZSBhYm91dCB1cGdyYWRpbmcgdGhpcyBpdGVtP14wMDAwMDA=,,,,,,,XjY2MDAwMEF0ZW5jacOzbjogXjAwMDAwMApeNjYwMDAwRXN0YSBtZWpvcmEgcHVlZGUgZmFsbGFyLl4wMDAwMDAKXjY2MDAwMFNpIGVsIG9iamV0byB5YSB0aWVuZSB1bmEgaGFiaWxpZGFkIGV4dHJhLCByZXN0YWJsZWNlcmVtb3MgbGEgaGFiaWxpZGFkIGRlbCBvYmpldG8geSBsZSBkYXJlbW9zIGxhIHBvc2liaWxpZGFkIGRlIHVzYXIgVGVsZXRyYW5zcG9ydGFjacOzbiBkZSBudi4xLl4wMDAwMDAKXjY2MDAwMMK/U2VndXJvIHF1ZSBxdWllcmVzIG1lam9yYXIgZXN0ZSBvYmpldG8/XjAwMDAwMA==
MsyNBA,,XkZGMDAwMCAgICBDYXV0aW9uIF4wMDAwMDAKXkZGMDAwMFRoaXMgdXBncmFkZSBjYW4gYmUgZmFpbGVkLl4wMDAwMDAKXkZGMDAwMElmIHRoZSBpdGVtIGFscmVhZHkgaGFzIGV4dHJhIGFiaWxpdHksIHdlIHdpbGwgcmVzZXQgaXRlbSdzIGFiaWxpdHkgYW5kIGdpdmUgJ0NhbiB1c2UgU3RlYWwgTHYxJy5eMDAwMDAwCl5GRjAwMDBBcmUgeW91IHN1cmUgYWJvdXQgdXBncmFkaW5nIHRoaXMgaXRlbT9eMDAwMDAw,,,,,,,XjY2MDAwMEF0ZW5jacOzbjogXjAwMDAwMApeNjYwMDAwRXN0YSBtZWpvcmEgcHVlZGUgZmFsbGFyLl4wMDAwMDAKXjY2MDAwMFNpIGVsIG9iamV0byB5YSB0aWVuZSB1bmEgaGFiaWxpZGFkIGV4dHJhLCByZXN0YWJsZWNlcmVtb3MgbGEgaGFiaWxpZGFkIGRlbCBvYmpldG8geSBsZSBkYXJlbW9zIGxhIHBvc2liaWxpZGFkIGRlIHVzYXIgUm9ibyBkZSBudi4xLl4wMDAwMDAKXjY2MDAwMMK/U2VndXJvIHF1ZSBxdWllcmVzIG1lam9yYXIgZXN0ZSBvYmpldG8/XjAwMDAwMA==
M8yNBA,,XkZGMDAwMCAgICBDYXV0aW9uIF4wMDAwMDAKXkZGMDAwMFRoaXMgdXBncmFkZSBjYW4gYmUgZmFpbGVkLl4wMDAwMDAKXkZGMDAwMElmIHRoZSBpdGVtIGFscmVhZHkgaGFzIGV4dHJhIGFiaWxpdHksIHdlIHdpbGwgcmVzZXQgaXRlbSdzIGFiaWxpdHkgYW5kIGdpdmUgJ0RhbWFnZSBvZiBDaGFpbiBDb21ibyArMjAlJy5eMDAwMDAwCl5GRjAwMDBBcmUgeW91IHN1cmUgYWJvdXQgdXBncmFkaW5nIHRoaXMgaXRlbT9eMDAwMDAw,,,,,,,XjY2MDAwMEF0ZW5jacOzbjogXjAwMDAwMApeNjYwMDAwRXN0YSBtZWpvcmEgcHVlZGUgZmFsbGFyLl4wMDAwMDAKXjY2MDAwMFNpIGVsIG9iamV0byB5YSB0aWVuZSB1bmEgaGFiaWxpZGFkIGV4dHJhLCByZXN0YWJsZWNlcmVtb3MgbGEgaGFiaWxpZGFkIGRlbCBvYmpldG8geSBsZSBkYXJlbW9zIGxhIHBvc2liaWxpZGFkIGRlIGF1bWVudGFyIGVsIGRhw7FvIGRlIENvbWJvIGVuIGNhZGVuYSBlbiB1biAyMCUuXjAwMDAwMApeNjYwMDAwwr9TZWd1cm8gcXVlIHF1aWVyZXMgbWVqb3JhciBlc3RlIG9iamV0bz9eMDAwMDAw
NMyNBA,,XkZGMDAwMCAgICBDYXV0aW9uIF4wMDAwMDAKXkZGMDAwMFRoaXMgdXBncmFkZSBjYW4gYmUgZmFpbGVkLl4wMDAwMDAKXkZGMDAwMElmIHRoZSBpdGVtIGFscmVhZHkgaGFzIGV4dHJhIGFiaWxpdHksIHdlIHdpbGwgcmVzZXQgaXRlbSdzIGFiaWxpdHkgYW5kIGdpdmUgJ0luY3JlYXNlIGRhbWFnZSBvZiBBcnJvdyBTaG93ZXIgYnkgMjAlJy5eMDAwMDAwCl5GRjAwMDBBcmUgeW91IHN1cmUgYWJvdXQgdXBncmFkaW5nIHRoaXMgaXRlbT9eMDAwMDAw,,,,,,,XjY2MDAwMEF0ZW5jacOzbjogXjAwMDAwMApeNjYwMDAwRXN0YSBtZWpvcmEgcHVlZGUgZmFsbGFyLl4wMDAwMDAKXjY2MDAwMFNpIGVsIG9iamV0byB5YSB0aWVuZSB1bmEgaGFiaWxpZGFkIGV4dHJhLCByZXN0YWJsZWNlcmVtb3MgbGEgaGFiaWxpZGFkIGRlbCBvYmpldG8geSBsZSBkYXJlbW9zIGxhIHBvc2liaWxpZGFkIGRlIGF1bWVudGFyIGVsIGRhw7FvIGRlIExsdXZpYSBkZSBmbGVjaGFzIGVuIHVuIDIwJS5eMDAwMDAwCl42NjAwMDDCv1NlZ3VybyBxdWUgcXVpZXJlcyBtZWpvcmFyIGVzdGUgb2JqZXRvP14wMDAwMDA=
NcyNBA,,XkZGMDAwMCAgICBDYXV0aW9uIF4wMDAwMDAKXkZGMDAwMFRoaXMgdXBncmFkZSBjYW4gYmUgZmFpbGVkLl4wMDAwMDAKXkZGMDAwMElmIHRoZSBpdGVtIGFscmVhZHkgaGFzIGV4dHJhIGFiaWxpdHksIHdlIHdpbGwgcmVzZXQgaXRlbSdzIGFiaWxpdHkgYW5kIGdpdmUgJ0luY3JlYXNlIGRhbWFnZSBvZiBGaXJlLCBDb2xkLCBMaWdodG5pbmcgQm9sdCBieSAyMCUnLl4wMDAwMDAKXkZGMDAwMEFyZSB5b3Ugc3VyZSBhYm91dCB1cGdyYWRpbmcgdGhpcyBpdGVtP14wMDAwMDA=,,,,,,,XjY2MDAwMEF0ZW5jacOzbjogXjAwMDAwMApeNjYwMDAwRXN0YSBtZWpvcmEgcHVlZGUgZmFsbGFyLl4wMDAwMDAKXjY2MDAwMFNpIGVsIG9iamV0byB5YSB0aWVuZSB1bmEgaGFiaWxpZGFkIGV4dHJhLCByZXN0YWJsZWNlcmVtb3MgbGEgaGFiaWxpZGFkIGRlbCBvYmpldG8geSBsZSBkYXJlbW9zIGxhIHBvc2liaWxpZGFkIGRlIGF1bWVudGFyIGVsIGRhw7FvIGRlIEZ1ZWdvLCBGcsOtbyB5IFJlbMOhbXBhZ28gZW4gdW4gMjAlLl4wMDAwMDAKXjY2MDAwMMK/U2VndXJvIHF1ZSBxdWllcmVzIG1lam9yYXIgZXN0ZSBvYmpldG8/XjAwMDAwMA==
NsyNBA,,XkZGMDAwMCAgICBDYXV0aW9uIF4wMDAwMDAKXkZGMDAwMFRoaXMgdXBncmFkZSBjYW4gYmUgZmFpbGVkLl4wMDAwMDAKXkZGMDAwMElmIHRoZSBpdGVtIGFscmVhZHkgaGFzIGV4dHJhIGFiaWxpdHksIHdlIHdpbGwgcmVzZXQgaXRlbSdzIGFiaWxpdHkgYW5kIGdpdmUgJ1JlZHVjZSBkZWxheSBhZnRlciBhdHRhY2sgYnkgMSUgcGVyIDEgc2tpbGwgbGV2ZWwgb2YgQ2F2YWxyeSBNYXN0ZXJ5IGxlYXJuZWQnLl4wMDAwMDAKXkZGMDAwMEFyZSB5b3Ugc3VyZSBhYm91dCB1cGdyYWRpbmcgdGhpcyBpdGVtP14wMDAwMDA=,,,,,,,XjY2MDAwMEF0ZW5jacOzbjogXjAwMDAwMApeNjYwMDAwRXN0YSBtZWpvcmEgcHVlZGUgZmFsbGFyLl4wMDAwMDAKXjY2MDAwMFNpIGVsIG9iamV0byB5YSB0aWVuZSB1bmEgaGFiaWxpZGFkIGV4dHJhLCByZXN0YWJsZWNlcmVtb3MgbGEgaGFiaWxpZGFkIGRlbCBvYmpldG8geSBsZSBkYXJlbW9zIGxhIHBvc2liaWxpZGFkIGRlIHJlZHVjaXIgZWwgcmV0cmFzbyB0cmFzIGVsIGF0YXF1ZSBlbiB1biAxJSBwb3IgY2FkYSAxbml2ZWwgZGUgaGFiaWxpZGFkIGRlIE1hZXN0csOtYSBkZSBjYWJhbGxlcsOtYSBhcHJlbmRpZG8uXjAwMDAwMApeNjYwMDAwwr9TZWd1cm8gcXVlIHF1aWVyZXMgbWVqb3JhciBlc3RlIG9iamV0bz9eMDAwMDAw
N8yNBA,,XkZGMDAwMCAgICBDYXV0aW9uIF4wMDAwMDAKXkZGMDAwMFRoaXMgdXBncmFkZSBjYW4gYmUgZmFpbGVkLl4wMDAwMDAKXkZGMDAwMElmIHRoZSBpdGVtIGFscmVhZHkgaGFzIGV4dHJhIGFiaWxpdHksIHdlIHdpbGwgcmVzZXQgaXRlbSdzIGFiaWxpdHkgYW5kIGdpdmUgJ0luY3JlYXNlIGRhbWFnZSBvZiBBY2lkIFRlcnJvciBieSAyMCUnLl4wMDAwMDAKXkZGMDAwMEFyZSB5b3Ugc3VyZSBhYm91dCB1cGdyYWRpbmcgdGhpcyBpdGVtP14wMDAwMDA=,,,,,,,XjY2MDAwMEF0ZW5jacOzbjogXjAwMDAwMApeNjYwMDAwRXN0YSBtZWpvcmEgcHVlZGUgZmFsbGFyLl4wMDAwMDAKXjY2MDAwMFNpIGVsIG9iamV0byB5YSB0aWVuZSB1bmEgaGFiaWxpZGFkIGV4dHJhLCByZXN0YWJsZWNlcmVtb3MgbGEgaGFiaWxpZGFkIGRlbCBvYmpldG8geSBsZSBkYXJlbW9zIGxhIHBvc2liaWxpZGFkIGRlIGF1bWVudGFyIGVsIGRhw7FvIGRlIFRlcnJvciDDoWNpZG8gZW4gdW4gMjAlLl4wMDAwMDAKXjY2MDAwMMK/U2VndXJvIHF1ZSBxdWllcmVzIG1lam9yYXIgZXN0ZSBvYmpldG8/XjAwMDAwMA==
OMyNBA,,XkZGMDAwMCAgICBDYXV0aW9uIF4wMDAwMDAKXkZGMDAwMFRoaXMgdXBncmFkZSBjYW4gYmUgZmFpbGVkLl4wMDAwMDAKXkZGMDAwMElmIHRoZSBpdGVtIGFscmVhZHkgaGFzIGV4dHJhIGFiaWxpdHksIHdlIHdpbGwgcmVzZXQgaXRlbSdzIGFiaWxpdHkgYW5kIGdpdmUgJ0luY3JlYXNlIGRhbWFnZSBvZiBGaXJlIFBpbGxhciBieSAyMCUnLl4wMDAwMDAKXkZGMDAwMEFyZSB5b3Ugc3VyZSBhYm91dCB1cGdyYWRpbmcgdGhpcyBpdGVtP14wMDAwMDA=,,,,,,,XjY2MDAwMEF0ZW5jacOzbjogXjAwMDAwMApeNjYwMDAwRXN0YSBtZWpvcmEgcHVlZGUgZmFsbGFyLl4wMDAwMDAKXjY2MDAwMFNpIGVsIG9iamV0byB5YSB0aWVuZSB1bmEgaGFiaWxpZGFkIGV4dHJhLCByZXN0YWJsZWNlcmVtb3MgbGEgaGFiaWxpZGFkIGRlbCBvYmpldG8geSBsZSBkYXJlbW9zIGxhIHBvc2liaWxpZGFkIGRlIGF1bWVudGFyIGVsIGRhw7FvIGRlIFBpbGFyIGRlIGZ1ZWdvIGVuIHVuIDIwJS5eMDAwMDAwCl42NjAwMDDCv1NlZ3VybyBxdWUgcXVpZXJlcyBtZWpvcmFyIGVzdGUgb2JqZXRvP14wMDAwMDA=
OcyNBA,,XkZGMDAwMCAgICBDYXV0aW9uIF4wMDAwMDAKXkZGMDAwMFRoaXMgdXBncmFkZSBjYW4gYmUgZmFpbGVkLl4wMDAwMDAKXkZGMDAwMElmIHRoZSBpdGVtIGFscmVhZHkgaGFzIGV4dHJhIGFiaWxpdHksIHdlIHdpbGwgcmVzZXQgaXRlbSdzIGFiaWxpdHkgYW5kIGdpdmUgJ0luY3JlYXNlIGRhbWFnZSBvZiBSYWlkIGJ5IDIwJScuXjAwMDAwMApeRkYwMDAwQXJlIHlvdSBzdXJlIGFib3V0IHVwZ3JhZGluZyB0aGlzIGl0ZW0/XjAwMDAwMA==,,,,,,,XjY2MDAwMEF0ZW5jacOzbjogXjAwMDAwMApeNjYwMDAwRXN0YSBtZWpvcmEgcHVlZGUgZmFsbGFyLl4wMDAwMDAKXjY2MDAwMFNpIGVsIG9iamV0byB5YSB0aWVuZSB1bmEgaGFiaWxpZGFkIGV4dHJhLCByZXN0YWJsZWNlcmVtb3MgbGEgaGFiaWxpZGFkIGRlbCBvYmpldG8geSBsZSBkYXJlbW9zIGxhIHBvc2liaWxpZGFkIGRlIGF1bWVudGFyIGVsIGRhw7FvIGRlIEFzYWx0byBlbiB1biAyMCUuXjAwMDAwMApeNjYwMDAwwr9TZWd1cm8gcXVlIHF1aWVyZXMgbWVqb3JhciBlc3RlIG9iamV0bz9eMDAwMDAw
OsyNBA,,XkZGMDAwMCAgICBDYXV0aW9uIF4wMDAwMDAKXkZGMDAwMFRoaXMgdXBncmFkZSBjYW4gYmUgZmFpbGVkLl4wMDAwMDAKXkZGMDAwMElmIHRoZSBpdGVtIGFscmVhZHkgaGFzIGV4dHJhIGFiaWxpdHksIHdlIHdpbGwgcmVzZXQgaXRlbSdzIGFiaWxpdHkgYW5kIGdpdmUgJ0luY3JlYXNlIGRhbWFnZSBvZiBDYXJ0IFRlcm1pbmF0aW9uIGJ5IDIwJScuXjAwMDAwMApeRkYwMDAwQXJlIHlvdSBzdXJlIGFib3V0IHVwZ3JhZGluZyB0aGlzIGl0ZW0/XjAwMDAwMA==,,,,,,,XjY2MDAwMEF0ZW5jacOzbjogXjAwMDAwMApeNjYwMDAwRXN0YSBtZWpvcmEgcHVlZGUgZmFsbGFyLl4wMDAwMDAKXjY2MDAwMFNpIGVsIG9iamV0byB5YSB0aWVuZSB1bmEgaGFiaWxpZGFkIGV4dHJhLCByZXN0YWJsZWNlcmVtb3MgbGEgaGFiaWxpZGFkIGRlbCBvYmpldG8geSBsZSBkYXJlbW9zIGxhIHBvc2liaWxpZGFkIGRlIGF1bWVudGFyIGVsIGRhw7FvIGRlIFRlcm1pbmFjacOzbiBkZSBjYXJybyBlbiB1biAyMCUuXjAwMDAwMApeNjYwMDAwwr9TZWd1cm8gcXVlIHF1aWVyZXMgbWVqb3JhciBlc3RlIG9iamV0bz9eMDAwMDAw
O8yNBA,,XkZGMDAwMCAgICBDYXV0aW9uIF4wMDAwMDAKXkZGMDAwMFRoaXMgdXBncmFkZSBjYW4gYmUgZmFpbGVkLl4wMDAwMDAKXkZGMDAwMElmIHRoZSBpdGVtIGFscmVhZHkgaGFzIGV4dHJhIGFiaWxpdHksIHdlIHdpbGwgcmVzZXQgaXRlbSdzIGFiaWxpdHkgYW5kIGdpdmUgJ0luY3JlYXNlIGRhbWFnZSBvZiBBcnJvdyBWdWxjYW4gYnkgMjAlJy5eMDAwMDAwCl5GRjAwMDBBcmUgeW91IHN1cmUgYWJvdXQgdXBncmFkaW5nIHRoaXMgaXRlbT9eMDAwMDAw,,,,,,,XjY2MDAwMEF0ZW5jacOzbjogXjAwMDAwMApeNjYwMDAwRXN0YSBtZWpvcmEgcHVlZGUgZmFsbGFyLl4wMDAwMDAKXjY2MDAwMFNpIGVsIG9iamV0byB5YSB0aWVuZSB1bmEgaGFiaWxpZGFkIGV4dHJhLCByZXN0YWJsZWNlcmVtb3MgbGEgaGFiaWxpZGFkIGRlbCBvYmpldG8geSBsZSBkYXJlbW9zIGxhIHBvc2liaWxpZGFkIGRlIGF1bWVudGFyIGVsIGRhw7FvIGRlIFRpcm9zIGFyY2Fub3MgZW4gdW4gMjAlLl4wMDAwMDAKXjY2MDAwMMK/U2VndXJvIHF1ZSBxdWllcmVzIG1lam9yYXIgZXN0ZSBvYmpldG8/XjAwMDAwMA==
PMyNBA,,XkZGMDAwMCAgICBDYXV0aW9uIF4wMDAwMDAKXkZGMDAwMFRoaXMgdXBncmFkZSBjYW4gYmUgZmFpbGVkLl4wMDAwMDAKXkZGMDAwMElmIHRoZSBpdGVtIGFscmVhZHkgaGFzIGV4dHJhIGFiaWxpdHksIHdlIHdpbGwgcmVzZXQgaXRlbSdzIGFiaWxpdHkgYW5kIGdpdmUgJ0luY3JlYXNlIGRhbWFnZSBvZiBNYWdudXMgRXhvcmNpc211cyBieSAyMCUnLl4wMDAwMDAKXkZGMDAwMEFyZSB5b3Ugc3VyZSBhYm91dCB1cGdyYWRpbmcgdGhpcyBpdGVtP14wMDAwMDA=,,,,,,,XjY2MDAwMEF0ZW5jacOzbjogXjAwMDAwMApeNjYwMDAwRXN0YSBtZWpvcmEgcHVlZGUgZmFsbGFyLl4wMDAwMDAKXjY2MDAwMFNpIGVsIG9iamV0byB5YSB0aWVuZSB1bmEgaGFiaWxpZGFkIGV4dHJhLCByZXN0YWJsZWNlcmVtb3MgbGEgaGFiaWxpZGFkIGRlbCBvYmpldG8geSBsZSBkYXJlbW9zIGxhIHBvc2liaWxpZGFkIGRlIGF1bWVudGFyIGVsIGRhw7FvIGRlIE1hZ251cyBFeG9yY2lzbXVzIGVuIHVuIDIwJS5eMDAwMDAwCl42NjAwMDDCv1NlZ3VybyBxdWUgcXVpZXJlcyBtZWpvcmFyIGVzdGUgb2JqZXRvP14wMDAwMDA=
PcyNBA,,XkZGMDAwMCAgICBDYXV0aW9uIF4wMDAwMDAKXkZGMDAwMFRoaXMgdXBncmFkZSBjYW4gYmUgZmFpbGVkLl4wMDAwMDAKXkZGMDAwMElmIHRoZSBpdGVtIGFscmVhZHkgaGFzIGV4dHJhIGFiaWxpdHksIHdlIHdpbGwgcmVzZXQgaXRlbSdzIGFiaWxpdHkgYW5kIGdpdmUgJ0luY3JlYXNlIGRhbWFnZSBvZiBIb2x5IENyb3NzIGJ5IDIwJScuXjAwMDAwMApeRkYwMDAwQXJlIHlvdSBzdXJlIGFib3V0IHVwZ3JhZGluZyB0aGlzIGl0ZW0/XjAwMDAwMA==,,,,,,,XjY2MDAwMEF0ZW5jacOzbjogXjAwMDAwMApeNjYwMDAwRXN0YSBtZWpvcmEgcHVlZGUgZmFsbGFyLl4wMDAwMDAKXjY2MDAwMFNpIGVsIG9iamV0byB5YSB0aWVuZSB1bmEgaGFiaWxpZGFkIGV4dHJhLCByZXN0YWJsZWNlcmVtb3MgbGEgaGFiaWxpZGFkIGRlbCBvYmpldG8geSBsZSBkYXJlbW9zIGxhIHBvc2liaWxpZGFkIGRlIGF1bWVudGFyIGVsIGRhw7FvIGRlIENydXogc2FncmFkYSBlbiB1biAyMCUuXjAwMDAwMApeNjYwMDAwwr9TZWd1cm8gcXVlIHF1aWVyZXMgbWVqb3JhciBlc3RlIG9iamV0bz9eMDAwMDAw
PsyNBA,,XkZGMDAwMCAgICBDYXV0aW9uIF4wMDAwMDAKXkZGMDAwMFRoaXMgdXBncmFkZSBjYW4gYmUgZmFpbGVkLl4wMDAwMDAKXkZGMDAwMElmIHRoZSBpdGVtIGFscmVhZHkgaGFzIGV4dHJhIGFiaWxpdHksIHdlIHdpbGwgcmVzZXQgaXRlbSdzIGFiaWxpdHkgYW5kIGdpdmUgJ0luY3JlYXNlIGRhbWFnZSBvZiBTb25pYyBCbG93IGJ5IDIwJScuXjAwMDAwMApeRkYwMDAwQXJlIHlvdSBzdXJlIGFib3V0IHVwZ3JhZGluZyB0aGlzIGl0ZW0/XjAwMDAwMA==,,,,,,,XjY2MDAwMEF0ZW5jacOzbjogXjAwMDAwMApeNjYwMDAwRXN0YSBtZWpvcmEgcHVlZGUgZmFsbGFyLl4wMDAwMDAKXjY2MDAwMFNpIGVsIG9iamV0byB5YSB0aWVuZSB1bmEgaGFiaWxpZGFkIGV4dHJhLCByZXN0YWJsZWNlcmVtb3MgbGEgaGFiaWxpZGFkIGRlbCBvYmpldG8geSBsZSBkYXJlbW9zIGxhIHBvc2liaWxpZGFkIGRlIGF1bWVudGFyIGVsIGRhw7FvIGRlIEltcGFjdG8gc8OzbmljbyBlbiB1biAyMCUuXjAwMDAwMApeNjYwMDAwwr9TZWd1cm8gcXVlIHF1aWVyZXMgbWVqb3JhciBlc3RlIG9iamV0bz9eMDAwMDAw
P8yNBA,,XkZGMDAwMCAgICBDYXV0aW9uIF4wMDAwMDAKXkZGMDAwMFRoaXMgdXBncmFkZSBjYW4gYmUgZmFpbGVkLl4wMDAwMDAKXkZGMDAwMElmIHRoZSBpdGVtIGFscmVhZHkgaGFzIGV4dHJhIGFiaWxpdHksIHdlIHdpbGwgcmVzZXQgaXRlbSdzIGFiaWxpdHkgYW5kIGdpdmUgJ0FUSyArMiBwZXIgMSBza2lsbCBsZXZlbCBvZiBEaXZpbmUgUHJvdGVjdGlvbicuXjAwMDAwMApeRkYwMDAwQXJlIHlvdSBzdXJlIGFib3V0IHVwZ3JhZGluZyB0aGlzIGl0ZW0/XjAwMDAwMA==,,,,,,,XjY2MDAwMEF0ZW5jacOzbjogXjAwMDAwMApeNjYwMDAwRXN0YSBtZWpvcmEgcHVlZGUgZmFsbGFyLl4wMDAwMDAKXjY2MDAwMFNpIGVsIG9iamV0byB5YSB0aWVuZSB1bmEgaGFiaWxpZGFkIGV4dHJhLCByZXN0YWJsZWNlcmVtb3MgbGEgaGFiaWxpZGFkIGRlbCBvYmpldG8geSBsZSBkYXJlbW9zIEFUUSsycG9yIGNhZGEgMW5pdmVsIGRlIGhhYmlsaWRhZCBkZSBQcm90ZWNjacOzbiBkaXZpbmEgYXByZW5kaWRvLl4wMDAwMDAKXjY2MDAwMMK/U2VndXJvIHF1ZSBxdWllcmVzIG1lam9yYXIgZXN0ZSBvYmpldG8/XjAwMDAwMA==
QMyNBA,,XkZGMDAwMCAgICBDYXV0aW9uIF4wMDAwMDAKXkZGMDAwMFRoaXMgdXBncmFkZSBjYW4gYmUgZmFpbGVkLl4wMDAwMDAKXkZGMDAwMElmIHRoZSBpdGVtIGFscmVhZHkgaGFzIGV4dHJhIGFiaWxpdHksIHdlIHdpbGwgcmVzZXQgaXRlbSdzIGFiaWxpdHkgYW5kIGdpdmUgJ01BVEsgKyAyIHBlciAxIHNraWxsIGxldmVsIG9mIEF1dG8gU3BlbCcuXjAwMDAwMApeRkYwMDAwQXJlIHlvdSBzdXJlIGFib3V0IHVwZ3JhZGluZyB0aGlzIGl0ZW0/XjAwMDAwMA==,,,,,,,XjY2MDAwMEF0ZW5jacOzbjogXjAwMDAwMApeNjYwMDAwRXN0YSBtZWpvcmEgcHVlZGUgZmFsbGFyLl4wMDAwMDAKXjY2MDAwMFNpIGVsIG9iamV0byB5YSB0aWVuZSB1bmEgaGFiaWxpZGFkIGV4dHJhLCByZXN0YWJsZWNlcmVtb3MgbGEgaGFiaWxpZGFkIGRlbCBvYmpldG8geSBsZSBkYXJlbW9zIEFUUU0rMnBvciBjYWRhIDFuaXZlbCBkZSBoYWJpbGlkYWQgZGUgTGFuemFtaWVudG8gYXV0b23DoXRpY28uXjAwMDAwMApeNjYwMDAwwr9TZWd1cm8gcXVlIHF1aWVyZXMgbWVqb3JhciBlc3RlIG9iamV0bz9eMDAwMDAw
QcyNBA,,XkZGMDAwMCAgICBDYXV0aW9uIF4wMDAwMDAKXkZGMDAwMFRoaXMgdXBncmFkZSBjYW4gYmUgZmFpbGVkLl4wMDAwMDAKXkZGMDAwMElmIHRoZSBpdGVtIGFscmVhZHkgaGFzIGV4dHJhIGFiaWxpdHksIHdlIHdpbGwgcmVzZXQgaXRlbSdzIGFiaWxpdHkgYW5kIGdpdmUgJ0hJVCArIDEgcGVyIDEgc2tpbGwgbGV2ZWwgb2YgRG9kZ2UnLl4wMDAwMDAKXkZGMDAwMEFyZSB5b3Ugc3VyZSBhYm91dCB1cGdyYWRpbmcgdGhpcyBpdGVtP14wMDAwMDA=,,,,,,,XjY2MDAwMEF0ZW5jacOzbjogXjAwMDAwMApeNjYwMDAwRXN0YSBtZWpvcmEgcHVlZGUgZmFsbGFyLl4wMDAwMDAKXjY2MDAwMFNpIGVsIG9iamV0byB5YSB0aWVuZSB1bmEgaGFiaWxpZGFkIGV4dHJhLCByZXN0YWJsZWNlcmVtb3MgbGEgaGFiaWxpZGFkIGRlbCBvYmpldG8geSBsZSBkYXJlbW9zIFBSRUMrMXBvciBjYWRhIDFuaXZlbCBkZSBoYWJpbGlkYWQgZGUgRXZhc2nDs24uXjAwMDAwMApeNjYwMDAwwr9TZWd1cm8gcXVlIHF1aWVyZXMgbWVqb3JhciBlc3RlIG9iamV0bz9eMDAwMDAw
QsyNBA,,XkZGMDAwMCAgICBDYXV0aW9uIF4wMDAwMDAKXkZGMDAwMFRoaXMgdXBncmFkZSBjYW4gYmUgZmFpbGVkLl4wMDAwMDAKXkZGMDAwMElmIHRoZSBpdGVtIGFscmVhZHkgaGFzIGV4dHJhIGFiaWxpdHksIHdlIHdpbGwgcmVzZXQgaXRlbSdzIGFiaWxpdHkgYW5kIGdpdmUgJ0ZvciBlYWNoIGxldmVsIG9mIEthYWhpLCByZWR1Y2VzIHZhcmlhYmxlIGNhc3QgdGltZSBieSAyJScuXjAwMDAwMApeRkYwMDAwQXJlIHlvdSBzdXJlIGFib3V0IHVwZ3JhZGluZyB0aGlzIGl0ZW0/XjAwMDAwMA==,,,,,,,XjY2MDAwMEF0ZW5jacOzbjogXjAwMDAwMApeNjYwMDAwRXN0YSBtZWpvcmEgcHVlZGUgZmFsbGFyLl4wMDAwMDAKXjY2MDAwMFNpIGVsIG9iamV0byB5YSB0aWVuZSB1bmEgaGFiaWxpZGFkIGV4dHJhLCByZXN0YWJsZWNlcmVtb3MgbGEgaGFiaWxpZGFkIGRlbCBvYmpldG8geSBsZSBkYXJlbW9zIGxhIHBvc2liaWxpZGFkIGRlIHF1ZSwgcG9yIGNhZGEgMW5pdmVsIGRlIEthYWhpLCBzZSByZWR1emNhIGVsIHRpZW1wbyBkZSBsYW56YW1pZW50byB2YXJpYWJsZSBlbiB1biAyJS5eMDAwMDAwCl42NjAwMDDCv1NlZ3VybyBxdWUgcXVpZXJlcyBtZWpvcmFyIGVzdGUgb2JqZXRvP14wMDAwMDA=
Q8yNBA,,XkZGMDAwMCAgICBDYXV0aW9uIF4wMDAwMDAKXkZGMDAwMFRoaXMgdXBncmFkZSBjYW4gYmUgZmFpbGVkLl4wMDAwMDAKXkZGMDAwMElmIHRoZSBpdGVtIGFscmVhZHkgaGFzIGV4dHJhIGFiaWxpdHksIHdlIHdpbGwgcmVzZXQgaXRlbSdzIGFiaWxpdHkgYW5kIGdpdmUgJ1JlZHVjZSBkZWxheSBhZnRlciBhdHRhY2sgYnkgMSUgcGVyIDEgc2tpbGwgbGV2ZWwgb2YgU29sYXIsIEx1bmFyIGFuZCBTdGVsbGFyIENvdXJpZXInLl4wMDAwMDAKXkZGMDAwMEFyZSB5b3Ugc3VyZSBhYm91dCB1cGdyYWRpbmcgdGhpcyBpdGVtP14wMDAwMDA=,,,,,,,XjY2MDAwMEF0ZW5jacOzbjogXjAwMDAwMApeNjYwMDAwRXN0YSBtZWpvcmEgcHVlZGUgZmFsbGFyLl4wMDAwMDAKXjY2MDAwMFNpIGVsIG9iamV0byB5YSB0aWVuZSB1bmEgaGFiaWxpZGFkIGV4dHJhLCByZXN0YWJsZWNlcmVtb3MgbGEgaGFiaWxpZGFkIGRlbCBvYmpldG8geSBsZSBkYXJlbW9zIGxhIHBvc2liaWxpZGFkIGRlIHJlZHVjaXIgZWwgcmV0cmFzbyB0cmFzIGVsIGF0YXF1ZSBlbiB1biAxJSBwb3IgY2FkYSAxbml2ZWwgZGUgaGFiaWxpZGFkIGRlIE1lbnNhamVybyBzb2xhciwgbHVuYXIgeSBlc3RlbGFyLl4wMDAwMDAKXjY2MDAwMMK/U2VndXJvIHF1ZSBxdWllcmVzIG1lam9yYXIgZXN0ZSBvYmpldG8/XjAwMDAwMA==
RMyNBA,,XkZGMDAwMCAgICBDYXV0aW9uIF4wMDAwMDAKXkZGMDAwMFRoaXMgdXBncmFkZSBjYW4gYmUgZmFpbGVkLl4wMDAwMDAKXkZGMDAwMElmIHRoZSBpdGVtIGFscmVhZHkgaGFzIGV4dHJhIGFiaWxpdHksIHdlIHdpbGwgcmVzZXQgaXRlbSdzIGFiaWxpdHkgYW5kIGdpdmUgJ0luY3JlYXNlcyBFeHBsb2RpbmcgRHJhZ29uLCBTbm93IEZsYWtlIERyYWZ0IGFuZCBGaXJzdCBXaW5kIGRhbWFnZSBieSAyMCUnLl4wMDAwMDAKXkZGMDAwMEFyZSB5b3Ugc3VyZSBhYm91dCB1cGdyYWRpbmcgdGhpcyBpdGVtP14wMDAwMDA=,,,,,,,XjY2MDAwMEF0ZW5jacOzbjogXjAwMDAwMApeNjYwMDAwRXN0YSBtZWpvcmEgcHVlZGUgZmFsbGFyLl4wMDAwMDAKXjY2MDAwMFNpIGVsIG9iamV0byB5YSB0aWVuZSB1bmEgaGFiaWxpZGFkIGV4dHJhLCByZXN0YWJsZWNlcmVtb3MgbGEgaGFiaWxpZGFkIGRlbCBvYmpldG8geSBsZSBkYXJlbW9zIGxhIHBvc2liaWxpZGFkIGRlIGF1bWVudGFyIGVsIGRhw7FvIGRlIERyYWfDs24gZXhwbG9zaXZvLCBSw6FmYWdhIGRlIGNvcG9zIGRlIG5pZXZlIHkgUHJpbWVyIHZpZW50byBlbiB1biAyMCUuXjAwMDAwMApeNjYwMDAwwr9TZWd1cm8gcXVlIHF1aWVyZXMgbWVqb3JhciBlc3RlIG9iamV0bz9eMDAwMDAw
RcyNBA,,XkZGMDAwMCAgICBDYXV0aW9uIF4wMDAwMDAKXkZGMDAwMFRoaXMgdXBncmFkZSBjYW4gYmUgZmFpbGVkLl4wMDAwMDAKXkZGMDAwMElmIHRoZSBpdGVtIGFscmVhZHkgaGFzIGV4dHJhIGFiaWxpdHksIHdlIHdpbGwgcmVzZXQgaXRlbSdzIGFiaWxpdHkgYW5kIGdpdmUgJ0luY3JlYXNlIHJhbmdlZCBwaHlzaWNhbCBkYW1hZ2UgYnkgMSUgcGVyIDIgc2tpbGwgbGV2ZWwgb2YgQ2hhaW4gQWN0aW9uJy5eMDAwMDAwCl5GRjAwMDBBcmUgeW91IHN1cmUgYWJvdXQgdXBncmFkaW5nIHRoaXMgaXRlbT9eMDAwMDAw,,,,,,,XjY2MDAwMEF0ZW5jacOzbjogXjAwMDAwMApeNjYwMDAwRXN0YSBtZWpvcmEgcHVlZGUgZmFsbGFyLl4wMDAwMDAKXjY2MDAwMFNpIGVsIG9iamV0byB5YSB0aWVuZSB1bmEgaGFiaWxpZGFkIGV4dHJhLCByZXN0YWJsZWNlcmVtb3MgbGEgaGFiaWxpZGFkIGRlbCBvYmpldG8geSBsZSBkYXJlbW9zIGxhIHBvc2liaWxpZGFkIGRlIGF1bWVudGFyIGVsIGRhw7FvIGbDrXNpY28gYSBkaXN0YW5jaWEgZW4gdW4gMSUgcG9yIGNhZGEgMm5pdmVsZXMgZGUgaGFiaWxpZGFkIGRlIEFjY2nDs24gZW4gY2FkZW5hLl4wMDAwMDAKXjY2MDAwMMK/U2VndXJvIHF1ZSBxdWllcmVzIG1lam9yYXIgZXN0ZSBvYmpldG8/XjAwMDAwMA==
RsyNBA,,XkZGMDAwMCAgICBDYXV0aW9uIF4wMDAwMDAKXkZGMDAwMFRoaXMgdXBncmFkZSBjYW4gYmUgZmFpbGVkLl4wMDAwMDAKXkZGMDAwMElmIHRoZSBpdGVtIGFscmVhZHkgaGFzIGV4dHJhIGFiaWxpdHksIHdlIHdpbGwgcmVzZXQgaXRlbSdzIGFiaWxpdHkgYW5kIGdpdmUgJ0luY3JlYXNlcyBTaWx2ZXJ2aW5lIFN0ZW0gU3BlYXIgZGFtYWdlIGJ5IDIwJScuXjAwMDAwMApeRkYwMDAwQXJlIHlvdSBzdXJlIGFib3V0IHVwZ3JhZGluZyB0aGlzIGl0ZW0/XjAwMDAwMA==,,,,,,,XjY2MDAwMEF0ZW5jacOzbjogXjAwMDAwMApeNjYwMDAwRXN0YSBtZWpvcmEgcHVlZGUgZmFsbGFyLl4wMDAwMDAKXjY2MDAwMFNpIGVsIG9iamV0byB5YSB0aWVuZSB1bmEgaGFiaWxpZGFkIGV4dHJhLCByZXN0YWJsZWNlcmVtb3MgbGEgaGFiaWxpZGFkIGRlbCBvYmpldG8geSBsZSBkYXJlbW9zIGxhIHBvc2liaWxpZGFkIGRlIGF1bWVudGFyIGVsIGRhw7FvIGRlIExhbnphIGRlIGtpd2kgZW4gdW4gMjAlLl4wMDAwMDAKXjY2MDAwMMK/U2VndXJvIHF1ZSBxdWllcmVzIG1lam9yYXIgZXN0ZSBvYmpldG8/XjAwMDAwMA==
R8yNBA,,XkZGMDAwMCAgICBDYXV0aW9uIF4wMDAwMDAKXkZGMDAwMFRoaXMgdXBncmFkZSBjYW4gYmUgZmFpbGVkLl4wMDAwMDAKXkZGMDAwMElmIHRoZSBpdGVtIGFscmVhZHkgaGFzIGV4dHJhIGFiaWxpdHksIHdlIHdpbGwgcmVzZXQgaXRlbSdzIGFiaWxpdHkgYW5kIGdpdmUgJ0FUSyArIDIgcGVyIDEgc2tpbGwgbGV2ZWwgb2YgVHJ1ZSBTaWdodCcuXjAwMDAwMApeRkYwMDAwQXJlIHlvdSBzdXJlIGFib3V0IHVwZ3JhZGluZyB0aGlzIGl0ZW0/XjAwMDAwMA==,,,,,,,XjY2MDAwMEF0ZW5jacOzbjogXjAwMDAwMApeNjYwMDAwRXN0YSBtZWpvcmEgcHVlZGUgZmFsbGFyLl4wMDAwMDAKXjY2MDAwMFNpIGVsIG9iamV0byB5YSB0aWVuZSB1bmEgaGFiaWxpZGFkIGV4dHJhLCByZXN0YWJsZWNlcmVtb3MgbGEgaGFiaWxpZGFkIGRlbCBvYmpldG8geSBsZSBkYXJlbW9zIEFUUSsycG9yIGNhZGEgMW5pdmVsIGRlIGhhYmlsaWRhZCBkZSBWaXNpw7NuIHZlcmRhZGVyYS5eMDAwMDAwCl42NjAwMDDCv1NlZ3VybyBxdWUgcXVpZXJlcyBtZWpvcmFyIGVzdGUgb2JqZXRvP14wMDAwMDA=
SMyNBA,,XkZGMDAwMCAgICBDYXV0aW9uIF4wMDAwMDAKXkZGMDAwMFRoaXMgdXBncmFkZSBjYW4gYmUgZmFpbGVkLl4wMDAwMDAKXkZGMDAwMElmIHRoZSBpdGVtIGFscmVhZHkgaGFzIGV4dHJhIGFiaWxpdHksIHdlIHdpbGwgcmVzZXQgaXRlbSdzIGFiaWxpdHkgYW5kIGdpdmUgJ0luY3JlYXNlIHJhbmdlZCBwaHlzaWNhbCBkYW1hZ2UgYnkgMSUgcGVyIDEgc2tpbGwgbGV2ZWwgb2YgTWF4aW1pemUgUG93ZXInLl4wMDAwMDAKXkZGMDAwMEFyZSB5b3Ugc3VyZSBhYm91dCB1cGdyYWRpbmcgdGhpcyBpdGVtP14wMDAwMDA=,,,,,,,XjY2MDAwMEF0ZW5jacOzbjogXjAwMDAwMApeNjYwMDAwRXN0YSBtZWpvcmEgcHVlZGUgZmFsbGFyLl4wMDAwMDAKXjY2MDAwMFNpIGVsIG9iamV0byB5YSB0aWVuZSB1bmEgaGFiaWxpZGFkIGV4dHJhLCByZXN0YWJsZWNlcmVtb3MgbGEgaGFiaWxpZGFkIGRlbCBvYmpldG8geSBsZSBkYXJlbW9zIGxhIHBvc2liaWxpZGFkIGRlIGF1bWVudGFyIGVsIGRhw7FvIGbDrXNpY28gYSBkaXN0YW5jaWEgZW4gdW4gMSUgcG9yIGNhZGEgMW5pdmVsIGRlIGhhYmlsaWRhZCBkZSBQb2RlciBtYXhpbWl6YWRvLl4wMDAwMDAKXjY2MDAwMMK/U2VndXJvIHF1ZSBxdWllcmVzIG1lam9yYXIgZXN0ZSBvYmpldG8/XjAwMDAwMA==
ScyNBA,,XkZGMDAwMCAgICBDYXV0aW9uIF4wMDAwMDAKXkZGMDAwMFRoaXMgdXBncmFkZSBjYW4gYmUgZmFpbGVkLl4wMDAwMDAKXkZGMDAwMElmIHRoZSBpdGVtIGFscmVhZHkgaGFzIGV4dHJhIGFiaWxpdHksIHdlIHdpbGwgcmVzZXQgaXRlbSdzIGFiaWxpdHkgYW5kIGdpdmUgJ1JlZHVjZSB2YXJpYWJsZSBjYXN0aW5nIHRpbWUgYnkgMSUgcGVyIDIgc2tpbGwgbGV2ZWxzIG9mIEt5cmllIEVsZWlzb24nLl4wMDAwMDAKXkZGMDAwMEFyZSB5b3Ugc3VyZSBhYm91dCB1cGdyYWRpbmcgdGhpcyBpdGVtP14wMDAwMDA=,,,,,,,XjY2MDAwMEF0ZW5jacOzbjogXjAwMDAwMApeNjYwMDAwRXN0YSBtZWpvcmEgcHVlZGUgZmFsbGFyLl4wMDAwMDAKXjY2MDAwMFNpIGVsIG9iamV0byB5YSB0aWVuZSB1bmEgaGFiaWxpZGFkIGV4dHJhLCByZXN0YWJsZWNlcmVtb3MgbGEgaGFiaWxpZGFkIGRlbCBvYmpldG8geSBsZSBkYXJlbW9zIGxhIHBvc2liaWxpZGFkIGRlIHJlZHVjaXIgZWwgdGllbXBvIGRlIGxhbnphbWllbnRvIHZhcmlhYmxlIGVuIHVuIDElIHBvciBjYWRhIDJuaXZlbGVzIGRlIGhhYmlsaWRhZCBkZSBLeXJpZSBFbGVpc29uLl4wMDAwMDAKXjY2MDAwMMK/U2VndXJvIHF1ZSBxdWllcmVzIG1lam9yYXIgZXN0ZSBvYmpldG8/XjAwMDAwMA==
SsyNBA,,XkZGMDAwMCAgICBDYXV0aW9uIF4wMDAwMDAKXkZGMDAwMFRoaXMgdXBncmFkZSBjYW4gYmUgZmFpbGVkLl4wMDAwMDAKXkZGMDAwMElmIHRoZSBpdGVtIGFscmVhZHkgaGFzIGV4dHJhIGFiaWxpdHksIHdlIHdpbGwgcmVzZXQgaXRlbSdzIGFiaWxpdHkgYW5kIGdpdmUgJ01BVEsgKyAyLiBwZXIgbGV2ZWwgb2Ygc291bCBkcmFpbicuXjAwMDAwMApeRkYwMDAwQXJlIHlvdSBzdXJlIGFib3V0IHVwZ3JhZGluZyB0aGlzIGl0ZW0/XjAwMDAwMA==,,,,,,,XjY2MDAwMEF0ZW5jacOzbjogXjAwMDAwMApeNjYwMDAwRXN0YSBtZWpvcmEgcHVlZGUgZmFsbGFyLl4wMDAwMDAKXjY2MDAwMFNpIGVsIG9iamV0byB5YSB0aWVuZSB1bmEgaGFiaWxpZGFkIGV4dHJhLCByZXN0YWJsZWNlcmVtb3MgbGEgaGFiaWxpZGFkIGRlbCBvYmpldG8geSBsZSBkYXJlbW9zIEFUUU0rMiBwb3IgY2FkYSAxbml2ZWwgZGUgRHJlbmFqZSBkZSBhbG1hcy5eMDAwMDAwCl42NjAwMDDCv1NlZ3VybyBxdWUgcXVpZXJlcyBtZWpvcmFyIGVzdGUgb2JqZXRvP14wMDAwMDA=
S8yNBA,,XkZGMDAwMCAgICBDYXV0aW9uIF4wMDAwMDAKXkZGMDAwMFRoaXMgdXBncmFkZSBjYW4gYmUgZmFpbGVkLl4wMDAwMDAKXkZGMDAwMElmIHRoZSBpdGVtIGFscmVhZHkgaGFzIGV4dHJhIGFiaWxpdHksIHdlIHdpbGwgcmVzZXQgaXRlbSdzIGFiaWxpdHkgYW5kIGdpdmUgJ0luY3JlYXNlcyBob2x5IHByb3BlcnR5IG1hZ2ljIGRhbWFnZSBieSAxJSBwZXIgbGV2ZWwgb2YgR3JhbmQgQ3Jvc3MnLl4wMDAwMDAKXkZGMDAwMEFyZSB5b3Ugc3VyZSBhYm91dCB1cGdyYWRpbmcgdGhpcyBpdGVtP14wMDAwMDA=,,,,,,,XjY2MDAwMEF0ZW5jacOzbjogXjAwMDAwMApeNjYwMDAwRXN0YSBtZWpvcmEgcHVlZGUgZmFsbGFyLl4wMDAwMDAKXjY2MDAwMFNpIGVsIG9iamV0byB5YSB0aWVuZSB1bmEgaGFiaWxpZGFkIGV4dHJhLCByZXN0YWJsZWNlcmVtb3MgbGEgaGFiaWxpZGFkIGRlbCBvYmpldG8geSBsZSBkYXJlbW9zIGxhIHBvc2liaWxpZGFkIGRlIGF1bWVudGFyIGVsIGRhw7FvIG3DoWdpY28gZGUgbGFzIHByb3BpZWRhZGVzIHNhZ3JhZGFzIGVuIHVuIDElIHBvciBjYWRhIDFuaXZlbCBkZSBHcmFuIGNydXouXjAwMDAwMApeNjYwMDAwwr9TZWd1cm8gcXVlIHF1aWVyZXMgbWVqb3JhciBlc3RlIG9iamV0bz9eMDAwMDAw
TMyNBA,,XkZGMDAwMCAgICBDYXV0aW9uIF4wMDAwMDAKXkZGMDAwMFRoaXMgdXBncmFkZSBjYW4gYmUgZmFpbGVkLl4wMDAwMDAKXkZGMDAwMElmIHRoZSBpdGVtIGFscmVhZHkgaGFzIGV4dHJhIGFiaWxpdHksIHdlIHdpbGwgcmVzZXQgaXRlbSdzIGFiaWxpdHkgYW5kIGdpdmUgJ0luY3JlYXNlcyBwaHlzaWNhbCBkYW1hZ2UgYWdhaW5zdCBlbmVtaWVzIG9mIGFsbCBzaXplcyBieSAyJSBwZXIgbGV2ZWwgb2YgQWR2YW5jZWQgUWF0YXIgUmVzZWFyY2gnLl4wMDAwMDAKXkZGMDAwMEFyZSB5b3Ugc3VyZSBhYm91dCB1cGdyYWRpbmcgdGhpcyBpdGVtP14wMDAwMDA=,,,,,,,XjY2MDAwMEF0ZW5jacOzbjogXjAwMDAwMApeNjYwMDAwRXN0YSBtZWpvcmEgcHVlZGUgZmFsbGFyLl4wMDAwMDAKXjY2MDAwMFNpIGVsIG9iamV0byB5YSB0aWVuZSB1bmEgaGFiaWxpZGFkIGV4dHJhLCByZXN0YWJsZWNlcmVtb3MgbGEgaGFiaWxpZGFkIGRlbCBvYmpldG8geSBsZSBkYXJlbW9zIGxhIHBvc2liaWxpZGFkIGRlIGF1bWVudGFyIGVsIGRhw7FvIGbDrXNpY28gY29udHJhIGVuZW1pZ29zIGRlIHRvZG9zIGxvcyB0YW1hw7FvcyBlbiB1biAyJSBwb3IgY2FkYSAxbml2ZWwgZGUgTWFlc3Ryw61hIGRlIEthdGFyIGF2YW56YWRhLl4wMDAwMDAKXjY2MDAwMMK/U2VndXJvIHF1ZSBxdWllcmVzIG1lam9yYXIgZXN0ZSBvYmpldG8/XjAwMDAwMA==
TcyNBA,,XkZGMDAwMCAgICBDYXV0aW9uIF4wMDAwMDAKXkZGMDAwMFRoaXMgdXBncmFkZSBjYW4gYmUgZmFpbGVkLl4wMDAwMDAKXkZGMDAwMElmIHRoZSBpdGVtIGFscmVhZHkgaGFzIGV4dHJhIGFiaWxpdHksIHdlIHdpbGwgcmVzZXQgaXRlbSdzIGFiaWxpdHkgYW5kIGdpdmUgJ0luY3JlYXNlcyBDbGFzaGluZyBTcGlyYWwgZGFtYWdlIGJ5IDIwJScuXjAwMDAwMApeRkYwMDAwQXJlIHlvdSBzdXJlIGFib3V0IHVwZ3JhZGluZyB0aGlzIGl0ZW0/XjAwMDAwMA==,,,,,,,XjY2MDAwMEF0ZW5jacOzbjogXjAwMDAwMApeNjYwMDAwRXN0YSBtZWpvcmEgcHVlZGUgZmFsbGFyLl4wMDAwMDAKXjY2MDAwMFNpIGVsIG9iamV0byB5YSB0aWVuZSB1bmEgaGFiaWxpZGFkIGV4dHJhLCByZXN0YWJsZWNlcmVtb3MgbGEgaGFiaWxpZGFkIGRlbCBvYmpldG8geSBsZSBkYXJlbW9zIGxhIHBvc2liaWxpZGFkIGRlIGF1bWVudGFyIGVsIGRhw7FvIGRlIEVzcGlyYWwgcGVyZm9yYW50ZSBlbiB1biAyMCUuXjAwMDAwMApeNjYwMDAwwr9TZWd1cm8gcXVlIHF1aWVyZXMgbWVqb3JhciBlc3RlIG9iamV0bz9eMDAwMDAw
TsyNBA,,XkZGMDAwMCAgICBDYXV0aW9uIF4wMDAwMDAKXkZGMDAwMFRoaXMgdXBncmFkZSBjYW4gYmUgZmFpbGVkLl4wMDAwMDAKXkZGMDAwMElmIHRoZSBpdGVtIGFscmVhZHkgaGFzIGV4dHJhIGFiaWxpdHksIHdlIHdpbGwgcmVzZXQgaXRlbSdzIGFiaWxpdHkgYW5kIGdpdmUgJ0ZvciBldmVyeSAyIGxldmVscyBvZiBBY2lkIEJvbWIgbGVhcm5lZCwgaW5jcmVhc2VzIGxvbmcgcmFuZ2VkIHBoeXNpY2FsIGRhbWFnZSBieSAxJScuXjAwMDAwMApeRkYwMDAwQXJlIHlvdSBzdXJlIGFib3V0IHVwZ3JhZGluZyB0aGlzIGl0ZW0/XjAwMDAwMA==,,,,,,,XjY2MDAwMEF0ZW5jacOzbjogXjAwMDAwMApeNjYwMDAwRXN0YSBtZWpvcmEgcHVlZGUgZmFsbGFyLl4wMDAwMDAKXjY2MDAwMFNpIGVsIG9iamV0byB5YSB0aWVuZSB1bmEgaGFiaWxpZGFkIGV4dHJhLCByZXN0YWJsZWNlcmVtb3MgbGEgaGFiaWxpZGFkIGRlbCBvYmpldG8geSBsZSBkYXJlbW9zIGxhIHBvc2liaWxpZGFkIGRlIHF1ZSwgcG9yIGNhZGEgMm5pdmVsZXMgZGUgQm9tYmEgw6FjaWRhIGFwcmVuZGlkb3MsIGF1bWVudGUgZWwgZGHDsW8gZsOtc2ljbyBhIGRpc3RhbmNpYSBlbiB1biAxJS5eMDAwMDAwCl42NjAwMDDCv1NlZ3VybyBxdWUgcXVpZXJlcyBtZWpvcmFyIGVzdGUgb2JqZXRvP14wMDAwMDA=
T8yNBA,,XkZGMDAwMCAgICBDYXV0aW9uIF4wMDAwMDAKXkZGMDAwMFRoaXMgdXBncmFkZSBjYW4gYmUgZmFpbGVkLl4wMDAwMDAKXkZGMDAwMElmIHRoZSBpdGVtIGFscmVhZHkgaGFzIGV4dHJhIGFiaWxpdHksIHdlIHdpbGwgcmVzZXQgaXRlbSdzIGFiaWxpdHkgYW5kIGdpdmUgJ0luY3JlYXNlcyBNZWxvZHkgU3RyaWtlIGFuZCBTbGluZ2luZyBBcnJvdyBkYW1hZ2UgYnkgMTUlJy5eMDAwMDAwCl5GRjAwMDBBcmUgeW91IHN1cmUgYWJvdXQgdXBncmFkaW5nIHRoaXMgaXRlbT9eMDAwMDAw,,,,,,,XjY2MDAwMEF0ZW5jacOzbjogXjAwMDAwMApeNjYwMDAwRXN0YSBtZWpvcmEgcHVlZGUgZmFsbGFyLl4wMDAwMDAKXjY2MDAwMFNpIGVsIG9iamV0byB5YSB0aWVuZSB1bmEgaGFiaWxpZGFkIGV4dHJhLCByZXN0YWJsZWNlcmVtb3MgbGEgaGFiaWxpZGFkIGRlbCBvYmpldG8geSBsZSBkYXJlbW9zIGxhIHBvc2liaWxpZGFkIGRlIGF1bWVudGFyIGVsIGRhw7FvIGRlIEF0YXF1ZSBkZSBpbnN0cnVtZW50byB5IEZsZWNoYSBob25kYSBlbiB1biAxNSUuXjAwMDAwMApeNjYwMDAwwr9TZWd1cm8gcXVlIHF1aWVyZXMgbWVqb3JhciBlc3RlIG9iamV0bz9eMDAwMDAw
UMyNBA,,XkZGMDAwMCAgICBDYXV0aW9uIF4wMDAwMDAKXkZGMDAwMFRoaXMgdXBncmFkZSBjYW4gYmUgZmFpbGVkLl4wMDAwMDAKXkZGMDAwMElmIHRoZSBpdGVtIGFscmVhZHkgaGFzIGV4dHJhIGFiaWxpdHksIHdlIHdpbGwgcmVzZXQgaXRlbSdzIGFiaWxpdHkgYW5kIGdpdmUgJ0luY3JlYXNlcyBhbGwgcHJvcGVydHkgbWFnaWNhbCBkYW1hZ2UgYnkgMyUnLl4wMDAwMDAKXkZGMDAwMEFyZSB5b3Ugc3VyZSBhYm91dCB1cGdyYWRpbmcgdGhpcyBpdGVtP14wMDAwMDA=,,,,,,,XjY2MDAwMEF0ZW5jacOzbjogXjAwMDAwMApeNjYwMDAwRXN0YSBtZWpvcmEgcHVlZGUgZmFsbGFyLl4wMDAwMDAKXjY2MDAwMFNpIGVsIG9iamV0byB5YSB0aWVuZSB1bmEgaGFiaWxpZGFkIGV4dHJhLCByZXN0YWJsZWNlcmVtb3MgbGEgaGFiaWxpZGFkIGRlbCBvYmpldG8geSBsZSBkYXJlbW9zIGxhIHBvc2liaWxpZGFkIGRlIGF1bWVudGFyIGVsIGRhw7FvIG3DoWdpY28gZGUgdG9kYXMgbGFzIHByb3BpZWRhZGVzIGVuIHVuIDMlLl4wMDAwMDAKXjY2MDAwMMK/U2VndXJvIHF1ZSBxdWllcmVzIG1lam9yYXIgZXN0ZSBvYmpldG8/XjAwMDAwMA==
UcyNBA,,XkZGMDAwMCAgICBDYXV0aW9uIF4wMDAwMDAKXkZGMDAwMFRoaXMgdXBncmFkZSBjYW4gYmUgZmFpbGVkLl4wMDAwMDAKXkZGMDAwMElmIHRoZSBpdGVtIGFscmVhZHkgaGFzIGV4dHJhIGFiaWxpdHksIHdlIHdpbGwgcmVzZXQgaXRlbSdzIGFiaWxpdHkgYW5kIGdpdmUgJ0luY3JlYXNlcyBXaW5kIEN1dHRlciBkYW1hZ2UgYnkgNSUgcGVyIGVhY2ggbGV2ZWwgb2YgRW5jaGFudCBCbGFkZSBsZWFybmVkJy5eMDAwMDAwCl5GRjAwMDBBcmUgeW91IHN1cmUgYWJvdXQgdXBncmFkaW5nIHRoaXMgaXRlbT9eMDAwMDAw,,,,,,,XjY2MDAwMEF0ZW5jacOzbjogXjAwMDAwMApeNjYwMDAwRXN0YSBtZWpvcmEgcHVlZGUgZmFsbGFyLl4wMDAwMDAKXjY2MDAwMFNpIGVsIG9iamV0byB5YSB0aWVuZSB1bmEgaGFiaWxpZGFkIGV4dHJhLCByZXN0YWJsZWNlcmVtb3MgbGEgaGFiaWxpZGFkIGRlbCBvYmpldG8geSBsZSBkYXJlbW9zIGxhIHBvc2liaWxpZGFkIGRlIGF1bWVudGFyIGVsIGRhw7FvIGRlIENvcnRhdmllbnRvIGVuIHVuIDUlIHBvciBjYWRhIDFuaXZlbCBkZSBFc3BhZGEgZW5jYW50YWRhIGFwcmVuZGlkby5eMDAwMDAwCl42NjAwMDDCv1NlZ3VybyBxdWUgcXVpZXJlcyBtZWpvcmFyIGVzdGUgb2JqZXRvP14wMDAwMDA=
UsyNBA,,XkZGMDAwMCAgICBDYXV0aW9uIF4wMDAwMDAKXkZGMDAwMFRoaXMgdXBncmFkZSBjYW4gYmUgZmFpbGVkLl4wMDAwMDAKXkZGMDAwMElmIHRoZSBpdGVtIGFscmVhZHkgaGFzIGV4dHJhIGFiaWxpdHksIHdlIHdpbGwgcmVzZXQgaXRlbSdzIGFiaWxpdHkgYW5kIGdpdmUgJ1JlZHVjZXMgZ2xvYmFsIGNvb2xkb3duIGJ5IDElIHBlciBlYWNoIGxldmVsIG9mIENoYWluIExpZ2h0bmluZyBsZWFybmVkJy5eMDAwMDAwCl5GRjAwMDBBcmUgeW91IHN1cmUgYWJvdXQgdXBncmFkaW5nIHRoaXMgaXRlbT9eMDAwMDAw,,,,,,,XjY2MDAwMEF0ZW5jacOzbjogXjAwMDAwMApeNjYwMDAwRXN0YSBtZWpvcmEgcHVlZGUgZmFsbGFyLl4wMDAwMDAKXjY2MDAwMFNpIGVsIG9iamV0byB5YSB0aWVuZSB1bmEgaGFiaWxpZGFkIGV4dHJhLCByZXN0YWJsZWNlcmVtb3MgbGEgaGFiaWxpZGFkIGRlbCBvYmpldG8geSBsZSBkYXJlbW9zIGxhIHBvc2liaWxpZGFkIGRlIHJlZHVjaXIgZWwgdGllbXBvIGRlIHJlY2FyZ2EgZ2VuZXJhbCBlbiB1biAxJSBwb3IgY2FkYSAxbml2ZWwgZGUgUmVsw6FtcGFnbyBkZSBjYWRlbmEgYXByZW5kaWRvLl4wMDAwMDAKXjY2MDAwMMK/U2VndXJvIHF1ZSBxdWllcmVzIG1lam9yYXIgZXN0ZSBvYmpldG8/XjAwMDAwMA==
U8yNBA,,XkZGMDAwMCAgICBDYXV0aW9uIF4wMDAwMDAKXkZGMDAwMFRoaXMgdXBncmFkZSBjYW4gYmUgZmFpbGVkLl4wMDAwMDAKXkZGMDAwMElmIHRoZSBpdGVtIGFscmVhZHkgaGFzIGV4dHJhIGFiaWxpdHksIHdlIHdpbGwgcmVzZXQgaXRlbSdzIGFiaWxpdHkgYW5kIGdpdmUgJ0luY3JlYXNlcyBPdmVyYnJhbmQgZGFtYWdlIGJ5IDUlIHBlciBlYWNoIGxldmVsIG9mIE1vb25zbGFzaGVyIGxlYXJuZWQnLl4wMDAwMDAKXkZGMDAwMEFyZSB5b3Ugc3VyZSBhYm91dCB1cGdyYWRpbmcgdGhpcyBpdGVtP14wMDAwMDA=,,,,,,,XjY2MDAwMEF0ZW5jacOzbjogXjAwMDAwMApeNjYwMDAwRXN0YSBtZWpvcmEgcHVlZGUgZmFsbGFyLl4wMDAwMDAKXjY2MDAwMFNpIGVsIG9iamV0byB5YSB0aWVuZSB1bmEgaGFiaWxpZGFkIGV4dHJhLCByZXN0YWJsZWNlcmVtb3MgbGEgaGFiaWxpZGFkIGRlbCBvYmpldG8geSBsZSBkYXJlbW9zIGxhIHBvc2liaWxpZGFkIGRlIGF1bWVudGFyIGVsIGRhw7FvIGRlIE1hcmNhIGRvbWluYW50ZSBlbiB1biA1JSBwb3IgY2FkYSAxbml2ZWwgZGUgRGVnb2xsYWRvciBsdW5hciBhcHJlbmRpZG8uXjAwMDAwMApeNjYwMDAwwr9TZWd1cm8gcXVlIHF1aWVyZXMgbWVqb3JhciBlc3RlIG9iamV0bz9eMDAwMDAw
VMyNBA,,XkZGMDAwMCAgICBDYXV0aW9uIF4wMDAwMDAKXkZGMDAwMFRoaXMgdXBncmFkZSBjYW4gYmUgZmFpbGVkLl4wMDAwMDAKXkZGMDAwMElmIHRoZSBpdGVtIGFscmVhZHkgaGFzIGV4dHJhIGFiaWxpdHksIHdlIHdpbGwgcmVzZXQgaXRlbSdzIGFiaWxpdHkgYW5kIGdpdmUgJ0ZvciBldmVyeSBsZXZlbCBvZiBGcmlnZydzIFNvbmcsIHJlZHVjZSBmaXhlZCBjYXN0aW5nIHRpbWUgYnkgMC4xIHNlY29uZHMnLl4wMDAwMDAKXkZGMDAwMEFyZSB5b3Ugc3VyZSBhYm91dCB1cGdyYWRpbmcgdGhpcyBpdGVtP14wMDAwMDA=,,,,,,,XjY2MDAwMEF0ZW5jacOzbjogXjAwMDAwMApeNjYwMDAwRXN0YSBtZWpvcmEgcHVlZGUgZmFsbGFyLl4wMDAwMDAKXjY2MDAwMFNpIGVsIG9iamV0byB5YSB0aWVuZSB1bmEgaGFiaWxpZGFkIGV4dHJhLCByZXN0YWJsZWNlcmVtb3MgbGEgaGFiaWxpZGFkIGRlbCBvYmpldG8geSBsZSBkYXJlbW9zIGxhIHBvc2liaWxpZGFkIGRlIHF1ZSwgcG9yIGNhZGEgMW5pdmVsIGRlIENhbmNpw7NuIGRlIEZyaWdnLCBzZSByZWR1emNhIGVsIHRpZW1wbyBkZSBsYW56YW1pZW50byBmaWpvIGVuIDAsMXNlZ3VuZG9zLl4wMDAwMDAKXjY2MDAwMMK/U2VndXJvIHF1ZSBxdWllcmVzIG1lam9yYXIgZXN0ZSBvYmpldG8/XjAwMDAwMA==
VcyNBA,,XkZGMDAwMCAgICBDYXV0aW9uIF4wMDAwMDAKXkZGMDAwMFRoaXMgdXBncmFkZSBjYW4gYmUgZmFpbGVkLl4wMDAwMDAKXkZGMDAwMElmIHRoZSBpdGVtIGFscmVhZHkgaGFzIGV4dHJhIGFiaWxpdHksIHdlIHdpbGwgcmVzZXQgaXRlbSdzIGFiaWxpdHkgYW5kIGdpdmUgJ0ZvciBldmVyeSBsZXZlbCBvZiBTd29yZCBUcmFpbmluZywgcmVkdWNlIGZpeGVkIGNhc3RpbmcgdGltZSBieSAwLjEgc2Vjb25kcycuXjAwMDAwMApeRkYwMDAwQXJlIHlvdSBzdXJlIGFib3V0IHVwZ3JhZGluZyB0aGlzIGl0ZW0/XjAwMDAwMA==,,,,,,,XjY2MDAwMEF0ZW5jacOzbjogXjAwMDAwMApeNjYwMDAwRXN0YSBtZWpvcmEgcHVlZGUgZmFsbGFyLl4wMDAwMDAKXjY2MDAwMFNpIGVsIG9iamV0byB5YSB0aWVuZSB1bmEgaGFiaWxpZGFkIGV4dHJhLCByZXN0YWJsZWNlcmVtb3MgbGEgaGFiaWxpZGFkIGRlbCBvYmpldG8geSBsZSBkYXJlbW9zIGxhIHBvc2liaWxpZGFkIGRlIHF1ZSwgcG9yIGNhZGEgMW5pdmVsIGRlIEVudHJlbmFtaWVudG8gZGUgZXNwYWRhLCBzZSByZWR1emNhIGVsIHRpZW1wbyBkZSBsYW56YW1pZW50byBmaWpvIGVuIDAsMXNlZ3VuZG9zLl4wMDAwMDAKXjY2MDAwMMK/U2VndXJvIHF1ZSBxdWllcmVzIG1lam9yYXIgZXN0ZSBvYmpldG8/XjAwMDAwMA==
VsyNBA,,XkZGMDAwMCAgICBDYXV0aW9uIF4wMDAwMDAKXkZGMDAwMFRoaXMgdXBncmFkZSBjYW4gYmUgZmFpbGVkLl4wMDAwMDAKXkZGMDAwMElmIHRoZSBpdGVtIGFscmVhZHkgaGFzIGV4dHJhIGFiaWxpdHksIHdlIHdpbGwgcmVzZXQgaXRlbSdzIGFiaWxpdHkgYW5kIGdpdmUgJ0ZvciBldmVyeSBsZXZlbCBvZiBFYXJ0aCBHcmF2ZSwgaW5jcmVhc2UgbWFnaWNhbCBkYW1hZ2Ugb2YgYWxsIHByb3BlcnR5IGJ5IDIlJy5eMDAwMDAwCl5GRjAwMDBBcmUgeW91IHN1cmUgYWJvdXQgdXBncmFkaW5nIHRoaXMgaXRlbT9eMDAwMDAw,,,,,,,XjY2MDAwMEF0ZW5jacOzbjogXjAwMDAwMApeNjYwMDAwRXN0YSBtZWpvcmEgcHVlZGUgZmFsbGFyLl4wMDAwMDAKXjY2MDAwMFNpIGVsIG9iamV0byB5YSB0aWVuZSB1bmEgaGFiaWxpZGFkIGV4dHJhLCByZXN0YWJsZWNlcmVtb3MgbGEgaGFiaWxpZGFkIGRlbCBvYmpldG8geSBsZSBkYXJlbW9zIGxhIHBvc2liaWxpZGFkIGRlIHF1ZSwgcG9yIGNhZGEgMW5pdmVsIGRlIFR1bWJhIGRlIHRpZXJyYSwgYXVtZW50ZSBlbCBkYcOxbyBtw6FnaWNvIGRlIHRvZGFzIGxhcyBwcm9waWVkYWRlcyBlbiB1biAyJS5eMDAwMDAwCl42NjAwMDDCv1NlZ3VybyBxdWUgcXVpZXJlcyBtZWpvcmFyIGVzdGUgb2JqZXRvP14wMDAwMDA=
V8yNBA,,XkZGMDAwMCAgICBDYXV0aW9uIF4wMDAwMDAKXkZGMDAwMFRoaXMgdXBncmFkZSBjYW4gYmUgZmFpbGVkLl4wMDAwMDAKXkZGMDAwMElmIHRoZSBpdGVtIGFscmVhZHkgaGFzIGV4dHJhIGFiaWxpdHksIHdlIHdpbGwgcmVzZXQgaXRlbSdzIGFiaWxpdHkgYW5kIGdpdmUgJ0ZvciBldmVyeSBsZXZlbCBvZiBFeHBpYXRpbyBsZWFybmVkLCByZWR1Y2VzIGZpeGVkIGNhc3RpbmcgdGltZSBieSAwLjEgc2Vjb25kcycuXjAwMDAwMApeRkYwMDAwQXJlIHlvdSBzdXJlIGFib3V0IHVwZ3JhZGluZyB0aGlzIGl0ZW0/XjAwMDAwMA==,,,,,,,XjY2MDAwMEF0ZW5jacOzbjogXjAwMDAwMApeNjYwMDAwRXN0YSBtZWpvcmEgcHVlZGUgZmFsbGFyLl4wMDAwMDAKXjY2MDAwMFNpIGVsIG9iamV0byB5YSB0aWVuZSB1bmEgaGFiaWxpZGFkIGV4dHJhLCByZXN0YWJsZWNlcmVtb3MgbGEgaGFiaWxpZGFkIGRlbCBvYmpldG8geSBsZSBkYXJlbW9zIGxhIHBvc2liaWxpZGFkIGRlIHF1ZSwgcG9yIGNhZGEgMW5pdmVsIGRlIEV4cGlhY2nDs24gYXByZW5kaWRvLCBzZSByZWR1emNhIGVsIHRpZW1wbyBkZSBsYW56YW1pZW50byBmaWpvIGVuIDAsMXNlZ3VuZG9zLl4wMDAwMDAKXjY2MDAwMMK/U2VndXJvIHF1ZSBxdWllcmVzIG1lam9yYXIgZXN0ZSBvYmpldG8/XjAwMDAwMA==
WMyNBA,,XkZGMDAwMCAgICBDYXV0aW9uIF4wMDAwMDAKXkZGMDAwMFRoaXMgdXBncmFkZSBjYW4gYmUgZmFpbGVkLl4wMDAwMDAKXkZGMDAwMElmIHRoZSBpdGVtIGFscmVhZHkgaGFzIGV4dHJhIGFiaWxpdHksIHdlIHdpbGwgcmVzZXQgaXRlbSdzIGFiaWxpdHkgYW5kIGdpdmUgJ0ZvciBldmVyeSBsZXZlbCBvZiBGZWFyIEJyZWV6ZSBsZWFybmVkLCBpbmNyZWFzZXMgbG9uZyByYW5nZSBwaHlzaWNhbCBkYW1hZ2UgYnkgMiUnLl4wMDAwMDAKXkZGMDAwMEFyZSB5b3Ugc3VyZSBhYm91dCB1cGdyYWRpbmcgdGhpcyBpdGVtP14wMDAwMDA=,,,,,,,XjY2MDAwMEF0ZW5jacOzbjogXjAwMDAwMApeNjYwMDAwRXN0YSBtZWpvcmEgcHVlZGUgZmFsbGFyLl4wMDAwMDAKXjY2MDAwMFNpIGVsIG9iamV0byB5YSB0aWVuZSB1bmEgaGFiaWxpZGFkIGV4dHJhLCByZXN0YWJsZWNlcmVtb3MgbGEgaGFiaWxpZGFkIGRlbCBvYmpldG8geSBsZSBkYXJlbW9zIGxhIHBvc2liaWxpZGFkIGRlIHF1ZSwgcG9yIGNhZGEgMW5pdmVsIGRlIEJyaXNhIGRlIG1pZWRvIGFwcmVuZGlkbywgYXVtZW50ZSBlbCBkYcOxbyBmw61zaWNvIGEgZGlzdGFuY2lhIGVuIHVuIDIlLl4wMDAwMDAKXjY2MDAwMMK/U2VndXJvIHF1ZSBxdWllcmVzIG1lam9yYXIgZXN0ZSBvYmpldG8/XjAwMDAwMA==
WcyNBA,,XkZGMDAwMCAgICBDYXV0aW9uIF4wMDAwMDAKXkZGMDAwMFRoaXMgdXBncmFkZSBjYW4gYmUgZmFpbGVkLl4wMDAwMDAKXkZGMDAwMElmIHRoZSBpdGVtIGFscmVhZHkgaGFzIGV4dHJhIGFiaWxpdHksIHdlIHdpbGwgcmVzZXQgaXRlbSdzIGFiaWxpdHkgYW5kIGdpdmUgJ0ZvciBldmVyeSBsZXZlbCBvZiBSZXByb2R1Y2UgbGVhcm5lZCwgSW5jcmVhc2VzIG1lbGVlIGFuZCBsb25nIHJhbmdlZCBwaHlzaWNhbCBkYW1hZ2UgYnkgMSUnLl4wMDAwMDAKXkZGMDAwMEFyZSB5b3Ugc3VyZSBhYm91dCB1cGdyYWRpbmcgdGhpcyBpdGVtP14wMDAwMDA=,,,,,,,XjY2MDAwMEF0ZW5jacOzbjogXjAwMDAwMApeNjYwMDAwRXN0YSBtZWpvcmEgcHVlZGUgZmFsbGFyLl4wMDAwMDAKXjY2MDAwMFNpIGVsIG9iamV0byB5YSB0aWVuZSB1bmEgaGFiaWxpZGFkIGV4dHJhLCByZXN0YWJsZWNlcmVtb3MgbGEgaGFiaWxpZGFkIGRlbCBvYmpldG8geSBsZSBkYXJlbW9zIGxhIHBvc2liaWxpZGFkIGRlIHF1ZSwgcG9yIGNhZGEgMW5pdmVsIGRlIFJlcHJvZHVjaXIgYXByZW5kaWRvLCBhdW1lbnRlIGVsIGRhw7FvIGbDrXNpY28gY3VlcnBvIGEgY3VlcnBvIHkgYSBkaXN0YW5jaWEgZW4gdW4gMSUuXjAwMDAwMApeNjYwMDAwwr9TZWd1cm8gcXVlIHF1aWVyZXMgbWVqb3JhciBlc3RlIG9iamV0bz9eMDAwMDAw
WsyNBA,,XkZGMDAwMCAgICBDYXV0aW9uIF4wMDAwMDAKXkZGMDAwMFRoaXMgdXBncmFkZSBjYW4gYmUgZmFpbGVkLl4wMDAwMDAKXkZGMDAwMElmIHRoZSBpdGVtIGFscmVhZHkgaGFzIGV4dHJhIGFiaWxpdHksIHdlIHdpbGwgcmVzZXQgaXRlbSdzIGFiaWxpdHkgYW5kIGdpdmUgJ0ZvciBldmVyeSBsZXZlbCBvZiBHZW50bGUgVG91Y2gtQ29udmVydCwgSW5jcmVhc2VzIGxvbmcgcmFuZ2VkIHBoeXNpY2FsIGRhbWFnZSBieSAyJScuXjAwMDAwMApeRkYwMDAwQXJlIHlvdSBzdXJlIGFib3V0IHVwZ3JhZGluZyB0aGlzIGl0ZW0/XjAwMDAwMA==,,,,,,,XjY2MDAwMEF0ZW5jacOzbjogXjAwMDAwMApeNjYwMDAwRXN0YSBtZWpvcmEgcHVlZGUgZmFsbGFyLl4wMDAwMDAKXjY2MDAwMFNpIGVsIG9iamV0byB5YSB0aWVuZSB1bmEgaGFiaWxpZGFkIGV4dHJhLCByZXN0YWJsZWNlcmVtb3MgbGEgaGFiaWxpZGFkIGRlbCBvYmpldG8geSBsZSBkYXJlbW9zIGxhIHBvc2liaWxpZGFkIGRlIHF1ZSwgcG9yIGNhZGEgMW5pdmVsIGRlIFRvcXVlIHN1YXZlOiBDb252ZXJzacOzbiwgYXVtZW50ZSBlbCBkYcOxbyBmw61zaWNvIGEgZGlzdGFuY2lhIGVuIHVuIDIlLl4wMDAwMDAKXjY2MDAwMMK/U2VndXJvIHF1ZSBxdWllcmVzIG1lam9yYXIgZXN0ZSBvYmpldG8/XjAwMDAwMA==
W8yNBA,,XkZGMDAwMCAgICBDYXV0aW9uIF4wMDAwMDAKXkZGMDAwMFRoaXMgdXBncmFkZSBjYW4gYmUgZmFpbGVkLl4wMDAwMDAKXkZGMDAwMElmIHRoZSBpdGVtIGFscmVhZHkgaGFzIGV4dHJhIGFiaWxpdHksIHdlIHdpbGwgcmVzZXQgaXRlbSdzIGFiaWxpdHkgYW5kIGdpdmUgJ0ZvciBldmVyeSAyIGxldmVscyBvZiBBeGUgTWFzdGVyeSwgcmVkdWNlcyBnbG9iYWwgY29vbGRvd24gYnkgMSUnLl4wMDAwMDAKXkZGMDAwMEFyZSB5b3Ugc3VyZSBhYm91dCB1cGdyYWRpbmcgdGhpcyBpdGVtP14wMDAwMDA=,,,,,,,XjY2MDAwMEF0ZW5jacOzbjogXjAwMDAwMApeNjYwMDAwRXN0YSBtZWpvcmEgcHVlZGUgZmFsbGFyLl4wMDAwMDAKXjY2MDAwMFNpIGVsIG9iamV0byB5YSB0aWVuZSB1bmEgaGFiaWxpZGFkIGV4dHJhLCByZXN0YWJsZWNlcmVtb3MgbGEgaGFiaWxpZGFkIGRlbCBvYmpldG8geSBsZSBkYXJlbW9zIGxhIHBvc2liaWxpZGFkIGRlIHF1ZSwgcG9yIGNhZGEgMm5pdmVsZXMgZGUgTWFlc3Ryw61hIGRlIGhhY2hhLCBzZSByZWR1emNhIGVsIHRpZW1wbyBkZSByZWNhcmdhIGdlbmVyYWwgZW4gdW4gMSUuXjAwMDAwMApeNjYwMDAwwr9TZWd1cm8gcXVlIHF1aWVyZXMgbWVqb3JhciBlc3RlIG9iamV0bz9eMDAwMDAw
XMyNBA,,XkZGMDAwMCAgICBDYXV0aW9uIF4wMDAwMDAKXkZGMDAwMFRoaXMgdXBncmFkZSBjYW4gYmUgZmFpbGVkLl4wMDAwMDAKXkZGMDAwMElmIHRoZSBpdGVtIGFscmVhZHkgaGFzIGV4dHJhIGFiaWxpdHksIHdlIHdpbGwgcmVzZXQgaXRlbSdzIGFiaWxpdHkgYW5kIGdpdmUgJ0ZvciBldmVyeSBsZXZlbCBvZiBDcm9zcyBSaXBwZXIgU2xhc2hlciwgaW5jcmVhc2VzIGxvbmcgcmFuZ2VkIHBoeXNpY2FsIGRhbWFnZSBieSAyJScuXjAwMDAwMApeRkYwMDAwQXJlIHlvdSBzdXJlIGFib3V0IHVwZ3JhZGluZyB0aGlzIGl0ZW0/XjAwMDAwMA==,,,,,,,XjY2MDAwMEF0ZW5jacOzbjogXjAwMDAwMApeNjYwMDAwRXN0YSBtZWpvcmEgcHVlZGUgZmFsbGFyLl4wMDAwMDAKXjY2MDAwMFNpIGVsIG9iamV0byB5YSB0aWVuZSB1bmEgaGFiaWxpZGFkIGV4dHJhLCByZXN0YWJsZWNlcmVtb3MgbGEgaGFiaWxpZGFkIGRlbCBvYmpldG8geSBsZSBkYXJlbW9zIGxhIHBvc2liaWxpZGFkIGRlIHF1ZSwgcG9yIGNhZGEgMW5pdmVsIGRlIEhvamEgY3J1emFkYSBnaXJhdG9yaWEsIGF1bWVudGUgZWwgZGHDsW8gZsOtc2ljbyBhIGRpc3RhbmNpYSBlbiB1biAyJS5eMDAwMDAwCl42NjAwMDDCv1NlZ3VybyBxdWUgcXVpZXJlcyBtZWpvcmFyIGVzdGUgb2JqZXRvP14wMDAwMDA=
XcyNBA,,XkZGMDAwMCAgICBDYXV0aW9uIF4wMDAwMDAKXkZGMDAwMFRoaXMgdXBncmFkZSBjYW4gYmUgZmFpbGVkLl4wMDAwMDAKXkZGMDAwMElmIHRoZSBpdGVtIGFscmVhZHkgaGFzIGV4dHJhIGFiaWxpdHksIHdlIHdpbGwgcmVzZXQgaXRlbSdzIGFiaWxpdHkgYW5kIGdpdmUgJ0ZvciBldmVyeSBsZXZlbCBvZiBTdGVsbGFyIEJsZXNzaW5ncyBsZWFybmVkLCBpbmNyZWFzZSBGYWxsaW5nIFN0YXIgZGFtYWdlIGJ5IDQlJy5eMDAwMDAwCl5GRjAwMDBBcmUgeW91IHN1cmUgYWJvdXQgdXBncmFkaW5nIHRoaXMgaXRlbT9eMDAwMDAw,,,,,,,XjY2MDAwMEF0ZW5jacOzbjogXjAwMDAwMApeNjYwMDAwRXN0YSBtZWpvcmEgcHVlZGUgZmFsbGFyLl4wMDAwMDAKXjY2MDAwMFNpIGVsIG9iamV0byB5YSB0aWVuZSB1bmEgaGFiaWxpZGFkIGV4dHJhLCByZXN0YWJsZWNlcmVtb3MgbGEgaGFiaWxpZGFkIGRlbCBvYmpldG8geSBsZSBkYXJlbW9zIGxhIHBvc2liaWxpZGFkIGRlIHF1ZSwgcG9yIGNhZGEgMW5pdmVsIGRlIEJlbmRpY2lvbmVzIGVzdGVsYXJlcyBhcHJlbmRpZG8sIGF1bWVudGUgZWwgZGHDsW8gZGUgRXN0cmVsbGFzIGZ1Z2FjZXMgZW4gdW4gNCUuXjAwMDAwMApeNjYwMDAwwr9TZWd1cm8gcXVlIHF1aWVyZXMgbWVqb3JhciBlc3RlIG9iamV0bz9eMDAwMDAw
XsyNBA,,XkZGMDAwMCAgICBDYXV0aW9uIF4wMDAwMDAKXkZGMDAwMFRoaXMgdXBncmFkZSBjYW4gYmUgZmFpbGVkLl4wMDAwMDAKXkZGMDAwMElmIHRoZSBpdGVtIGFscmVhZHkgaGFzIGV4dHJhIGFiaWxpdHksIHdlIHdpbGwgcmVzZXQgaXRlbSdzIGFiaWxpdHkgYW5kIGdpdmUgJ0ZvciBldmVyeSBsZXZlbCBvZiBIaXQgQmFycmVsIGxlYXJuZWQsIGluY3JlYXNlIEZpcmUgRGFuY2UgYW5kIEdvZCdzIEhhbW1lciBkYW1hZ2UgYnkgNCUnLl4wMDAwMDAKXkZGMDAwMEFyZSB5b3Ugc3VyZSBhYm91dCB1cGdyYWRpbmcgdGhpcyBpdGVtP14wMDAwMDA=,,,,,,,XjY2MDAwMEF0ZW5jacOzbjogXjAwMDAwMApeNjYwMDAwRXN0YSBtZWpvcmEgcHVlZGUgZmFsbGFyLl4wMDAwMDAKXjY2MDAwMFNpIGVsIG9iamV0byB5YSB0aWVuZSB1bmEgaGFiaWxpZGFkIGV4dHJhLCByZXN0YWJsZWNlcmVtb3MgbGEgaGFiaWxpZGFkIGRlbCBvYmpldG8geSBsZSBkYXJlbW9zIGxhIHBvc2liaWxpZGFkIGRlIHF1ZSwgcG9yIGNhZGEgMW5pdmVsIGRlIEdvbHBlYXIgZWwgYmFycmlsIGFwcmVuZGlkbywgYXVtZW50ZSBlbCBkYcOxbyBkZSBCYWlsZSBkZSBmdWVnbyB5IE1hcnRpbGxvIGRlIGxvcyBkaW9zZXMgZW4gdW4gNCUuXjAwMDAwMApeNjYwMDAwwr9TZWd1cm8gcXVlIHF1aWVyZXMgbWVqb3JhciBlc3RlIG9iamV0bz9eMDAwMDAw
X8yNBA,,XkZGMDAwMCAgICBDYXV0aW9uIF4wMDAwMDAKXkZGMDAwMFRoaXMgdXBncmFkZSBjYW4gYmUgZmFpbGVkLl4wMDAwMDAKXkZGMDAwMElmIHRoZSBpdGVtIGFscmVhZHkgaGFzIGV4dHJhIGFiaWxpdHksIHdlIHdpbGwgcmVzZXQgaXRlbSdzIGFiaWxpdHkgYW5kIGdpdmUgJ0ZvciBldmVyeSBsZXZlbCBvZiBDdXJzZSBFeHBsb3Npb24gbGVhcm5lZCwgcmVkdWNlIEN1cnNlIEV4cGxvc2lvbiBjb29sZG93biBieSAwLjEgc2Vjb25kcycuXjAwMDAwMApeRkYwMDAwQXJlIHlvdSBzdXJlIGFib3V0IHVwZ3JhZGluZyB0aGlzIGl0ZW0/XjAwMDAwMA==,,,,,,,XjY2MDAwMEF0ZW5jacOzbjogXjAwMDAwMApeNjYwMDAwRXN0YSBtZWpvcmEgcHVlZGUgZmFsbGFyLl4wMDAwMDAKXjY2MDAwMFNpIGVsIG9iamV0byB5YSB0aWVuZSB1bmEgaGFiaWxpZGFkIGV4dHJhLCByZXN0YWJsZWNlcmVtb3MgbGEgaGFiaWxpZGFkIGRlbCBvYmpldG8geSBsZSBkYXJlbW9zIGxhIHBvc2liaWxpZGFkIGRlIHF1ZSwgcG9yIGNhZGEgMW5pdmVsIGRlIEV4cGxvc2nDs24gZGUgbWFsZGljaW9uZXMgYXByZW5kaWRvLCBzZSByZWR1emNhIGVsIHRpZW1wbyBkZSByZWNhcmdhIGRlIEV4cGxvc2nDs24gZGUgbWFsZGljaW9uZXMgZW4gMCwxc2VndW5kb3MuXjAwMDAwMApeNjYwMDAwwr9TZWd1cm8gcXVlIHF1aWVyZXMgbWVqb3JhciBlc3RlIG9iamV0bz9eMDAwMDAw
YMyNBA,,XkZGMDAwMCAgICBDYXV0aW9uIF4wMDAwMDAKXkZGMDAwMFRoaXMgdXBncmFkZSBjYW4gYmUgZmFpbGVkLl4wMDAwMDAKXkZGMDAwMElmIHRoZSBpdGVtIGFscmVhZHkgaGFzIGV4dHJhIGFiaWxpdHksIHdlIHdpbGwgcmVzZXQgaXRlbSdzIGFiaWxpdHkgYW5kIGdpdmUgJ0ZvciBldmVyeSBsZXZlbCBvZiBQdXJlIFNvdWwgbGVhcm5lZCwgaW5jcmVhc2UgS3VuYWkgU3BsYXNoIGRhbWFnZSBieSA1JScuXjAwMDAwMApeRkYwMDAwQXJlIHlvdSBzdXJlIGFib3V0IHVwZ3JhZGluZyB0aGlzIGl0ZW0/XjAwMDAwMA==,,,,,,,XjY2MDAwMEF0ZW5jacOzbjogXjAwMDAwMApeNjYwMDAwRXN0YSBtZWpvcmEgcHVlZGUgZmFsbGFyLl4wMDAwMDAKXjY2MDAwMFNpIGVsIG9iamV0byB5YSB0aWVuZSB1bmEgaGFiaWxpZGFkIGV4dHJhLCByZXN0YWJsZWNlcmVtb3MgbGEgaGFiaWxpZGFkIGRlbCBvYmpldG8geSBsZSBkYXJlbW9zIGxhIHBvc2liaWxpZGFkIGRlIHF1ZSwgcG9yIGNhZGEgMW5pdmVsIGRlIEFsbWEgcHVyYSBhcHJlbmRpZG8sIGF1bWVudGUgZWwgZGHDsW8gZGUgU2FscGljYWR1cmEgZGUgS3VuYWkgZW4gdW4gNSUuXjAwMDAwMApeNjYwMDAwwr9TZWd1cm8gcXVlIHF1aWVyZXMgbWVqb3JhciBlc3RlIG9iamV0bz9eMDAwMDAw
YcyNBA,,XkZGMDAwMCAgICBDYXV0aW9uIF4wMDAwMDAKXkZGMDAwMFRoaXMgdXBncmFkZSBjYW4gYmUgZmFpbGVkLl4wMDAwMDAKXkZGMDAwMElmIHRoZSBpdGVtIGFscmVhZHkgaGFzIGV4dHJhIGFiaWxpdHksIHdlIHdpbGwgcmVzZXQgaXRlbSdzIGFiaWxpdHkgYW5kIGdpdmUgJ0ZvciBldmVyeSBsZXZlbCBvZiAxNnRoIE5pZ2h0IGxlYXJuZWQsIGluY3JlYXNlIEZsYW1pbmcgUGV0YWxzLCBGcmVlemluZyBTcGVhciwgYW5kIFdpbmQgQmxhZGUgZGFtYWdlIGJ5IDQlJy5eMDAwMDAwCl5GRjAwMDBBcmUgeW91IHN1cmUgYWJvdXQgdXBncmFkaW5nIHRoaXMgaXRlbT9eMDAwMDAw,,,,,,,XjY2MDAwMEF0ZW5jacOzbjogXjAwMDAwMApeNjYwMDAwRXN0YSBtZWpvcmEgcHVlZGUgZmFsbGFyLl4wMDAwMDAKXjY2MDAwMFNpIGVsIG9iamV0byB5YSB0aWVuZSB1bmEgaGFiaWxpZGFkIGV4dHJhLCByZXN0YWJsZWNlcmVtb3MgbGEgaGFiaWxpZGFkIGRlbCBvYmpldG8geSBsZSBkYXJlbW9zIGxhIHBvc2liaWxpZGFkIGRlIHF1ZSwgcG9yIGNhZGEgMW5pdmVsIGRlIE5vY2hlIDE2IGFwcmVuZGlkbywgYXVtZW50ZSBlbCBkYcOxbyBkZSBQw6l0YWxvcyBkZSBmdWVnbywgTGFuemEgZ8OpbGlkYSB5IEVzcGFkYSBkZSB2aWVudG8gZW4gdW4gNCUuXjAwMDAwMApeNjYwMDAwwr9TZWd1cm8gcXVlIHF1aWVyZXMgbWVqb3JhciBlc3RlIG9iamV0bz9eMDAwMDAw
YsyNBA,,XkZGMDAwMCAgICBDYXV0aW9uIF4wMDAwMDAKXkZGMDAwMFRoaXMgdXBncmFkZSBjYW4gYmUgZmFpbGVkLl4wMDAwMDAKXkZGMDAwMElmIHRoZSBpdGVtIGFscmVhZHkgaGFzIGV4dHJhIGFiaWxpdHksIHdlIHdpbGwgcmVzZXQgaXRlbSdzIGFiaWxpdHkgYW5kIGdpdmUgJ0ZvciBldmVyeSBsZXZlbCBvZiBBcmNsb3V6ZSBEYXNoIGxlYXJuZWQsIGluY3JlYXNlIGxvbmcgcmFuZ2VkIHBoeXNpY2FsIGRhbWFnZSBieSAyJScuXjAwMDAwMApeRkYwMDAwQXJlIHlvdSBzdXJlIGFib3V0IHVwZ3JhZGluZyB0aGlzIGl0ZW0/XjAwMDAwMA==,,,,,,,XjY2MDAwMEF0ZW5jacOzbjogXjAwMDAwMApeNjYwMDAwRXN0YSBtZWpvcmEgcHVlZGUgZmFsbGFyLl4wMDAwMDAKXjY2MDAwMFNpIGVsIG9iamV0byB5YSB0aWVuZSB1bmEgaGFiaWxpZGFkIGV4dHJhLCByZXN0YWJsZWNlcmVtb3MgbGEgaGFiaWxpZGFkIGRlbCBvYmpldG8geSBsZSBkYXJlbW9zIGxhIHBvc2liaWxpZGFkIGRlIHF1ZSwgcG9yIGNhZGEgMW5pdmVsIGRlIEltcHVsc28gZGUgQXJjbG91emUgYXByZW5kaWRvLCBhdW1lbnRlIGVsIGRhw7FvIGbDrXNpY28gYSBkaXN0YW5jaWEgZW4gdW4gMiUuXjAwMDAwMApeNjYwMDAwwr9TZWd1cm8gcXVlIHF1aWVyZXMgbWVqb3JhciBlc3RlIG9iamV0bz9eMDAwMDAw
Y8yNBA,,XkZGMDAwMCAgICBDYXV0aW9uIF4wMDAwMDAKXkZGMDAwMFRoaXMgdXBncmFkZSBjYW4gYmUgZmFpbGVkLl4wMDAwMDAKXkZGMDAwMElmIHRoZSBpdGVtIGFscmVhZHkgaGFzIGV4dHJhIGFiaWxpdHksIHdlIHdpbGwgcmVzZXQgaXRlbSdzIGFiaWxpdHkgYW5kIGdpdmUgJ1doZW4gdXNpbmcgSGVscCwgQW5nZWwhLCBpbmNyZWFzZXMgYWxsIHByb3BlcnR5IG1hZ2ljYWwgZGFtYWdlIGJ5IDE1JSBmb3IgMzAwIHNlY29uZHMnLl4wMDAwMDAKXkZGMDAwMEFyZSB5b3Ugc3VyZSBhYm91dCB1cGdyYWRpbmcgdGhpcyBpdGVtP14wMDAwMDA=,,,,,,,XjY2MDAwMEF0ZW5jacOzbjogXjAwMDAwMApeNjYwMDAwRXN0YSBtZWpvcmEgcHVlZGUgZmFsbGFyLl4wMDAwMDAKXjY2MDAwMFNpIGVsIG9iamV0byB5YSB0aWVuZSB1bmEgaGFiaWxpZGFkIGV4dHJhLCByZXN0YWJsZWNlcmVtb3MgbGEgaGFiaWxpZGFkIGRlbCBvYmpldG8geSBsZSBkYXJlbW9zIGxhIHBvc2liaWxpZGFkIGRlIHF1ZSwgY3VhbmRvIHNlIHVzZSDCoUF5dWRhLCDDoW5nZWwhLCBhdW1lbnRlIGVsIGRhw7FvIG3DoWdpY28gZGUgdG9kYXMgbGFzIHByb3BpZWRhZGVzIGVuIHVuIDE1JSBkdXJhbnRlIDMwMHNlZ3VuZG9zLl4wMDAwMDAKXjY2MDAwMMK/U2VndXJvIHF1ZSBxdWllcmVzIG1lam9yYXIgZXN0ZSBvYmpldG8/XjAwMDAwMA==
ZMyNBA,,W0F2ZXIgRGUgRG9zaF0KV293fiBUaGlzIF4wMDAwRkZ7fV4wMDAwMDAhISEgbG9va3MgcGVyZmVjdCBvbiB5b3UhISEKV2hhdCBraW5kIG9mIHN0b25lIGRvIHlvdSB3YW50IHRvIHVzZSBmb3IgdGhlIHVwZ3JhZGU/,,,,,,,W0F2ZXIgRGUgRG9zaF0KwqFHdWF1fiEgwqFFc3RlIGFjY2Vzb3JpbzogXkZGMDAwMHt9XjAwMDAwMCEgwqFUZSBzaWVudGEgcGVyZmVjdG8hCsK/UXXDqSB0aXBvIGRlIHBpZWRyYSBxdWllcmVzIHVzYXIgcGFyYSBsYSBtZWpvcmE/
ZcyNBA,,XkZGMDAwMCAgICBDYXV0aW9uIF4wMDAwMDAKXkZGMDAwMFRoaXMgdXBncmFkZSBjYW4gYmUgZmFpbGVkLl4wMDAwMDAKXkZGMDAwMElmIHRoZSBpdGVtIGFscmVhZHkgaGFzIGV4dHJhIGFiaWxpdHksIHdlIHdpbGwgcmVzZXQgaXRlbSdzIGFiaWxpdHkgYW5kIGdpdmUgQVRLKzElIG9ubHkuXjAwMDAwMApeRkYwMDAwQXJlIHlvdSBzdXJlIGFib3V0IHVwZ3JhZGluZyB0aGlzIGl0ZW0/XjAwMDAwMA==,,,,,,,XjY2MDAwMEF0ZW5jacOzbjogXjAwMDAwMApeNjYwMDAwRXN0YSBtZWpvcmEgcHVlZGUgZmFsbGFyLl4wMDAwMDAKXjY2MDAwMFNpIGVsIG9iamV0byB5YSB0aWVuZSB1bmEgaGFiaWxpZGFkIGV4dHJhLCByZXN0YWJsZWNlcmVtb3MgbGEgaGFiaWxpZGFkIGRlbCBvYmpldG8geSBzb2xvIGxlIGRhcmVtb3MgQVRRKzElLl4wMDAwMDAKXjY2MDAwMMK/U2VndXJvIHF1ZSBxdWllcmVzIG1lam9yYXIgZXN0ZSBvYmpldG8/XjAwMDAwMA==
ZsyNBA,,XkZGMDAwMCAgICBDYXV0aW9uIF4wMDAwMDAKXkZGMDAwMFRoaXMgdXBncmFkZSBjYW4gYmUgZmFpbGVkLl4wMDAwMDAKXkZGMDAwMElmIHRoZSBpdGVtIGFscmVhZHkgaGFzIGV4dHJhIGFiaWxpdHksIHdlIHdpbGwgcmVzZXQgaXRlbSdzIGFiaWxpdHkgYW5kIGdpdmUgTUFUSysxJSBvbmx5Ll4wMDAwMDAKXkZGMDAwMEFyZSB5b3Ugc3VyZSBhYm91dCB1cGdyYWRpbmcgdGhpcyBpdGVtP14wMDAwMDA=,,,,,,,XjY2MDAwMEF0ZW5jacOzbjogXjAwMDAwMApeNjYwMDAwRXN0YSBtZWpvcmEgcHVlZGUgZmFsbGFyLl4wMDAwMDAKXjY2MDAwMFNpIGVsIG9iamV0byB5YSB0aWVuZSB1bmEgaGFiaWxpZGFkIGV4dHJhLCByZXN0YWJsZWNlcmVtb3MgbGEgaGFiaWxpZGFkIGRlbCBvYmpldG8geSBzb2xvIGxlIGRhcmVtb3MgQVRRTSsxJS5eMDAwMDAwCl42NjAwMDDCv1NlZ3VybyBxdWUgcXVpZXJlcyBtZWpvcmFyIGVzdGUgb2JqZXRvP14wMDAwMDA=
Z8yNBA,,XkZGMDAwMCAgICBDYXV0aW9uIF4wMDAwMDAKXkZGMDAwMFRoaXMgdXBncmFkZSBjYW4gYmUgZmFpbGVkLl4wMDAwMDAKXkZGMDAwMElmIHRoZSBpdGVtIGFscmVhZHkgaGFzIGV4dHJhIGFiaWxpdHksIHdlIHdpbGwgcmVzZXQgaXRlbSdzIGFiaWxpdHkgYW5kIGdpdmUgSFAgKzUwIG9ubHkuXjAwMDAwMApeRkYwMDAwQXJlIHlvdSBzdXJlIGFib3V0IHVwZ3JhZGluZyB0aGlzIGl0ZW0/XjAwMDAwMA==,,,,,,,XjY2MDAwMEF0ZW5jacOzbjogXjAwMDAwMApeNjYwMDAwRXN0YSBtZWpvcmEgcHVlZGUgZmFsbGFyLl4wMDAwMDAKXjY2MDAwMFNpIGVsIG9iamV0byB5YSB0aWVuZSB1bmEgaGFiaWxpZGFkIGV4dHJhLCByZXN0YWJsZWNlcmVtb3MgbGEgaGFiaWxpZGFkIGRlbCBvYmpldG8geSBzb2xvIGxlIGRhcmVtb3MgUFYrNTAuXjAwMDAwMApeNjYwMDAwwr9TZWd1cm8gcXVlIHF1aWVyZXMgbWVqb3JhciBlc3RlIG9iamV0bz9eMDAwMDAw
aMyNBA,,XkZGMDAwMCAgICBDYXV0aW9uIF4wMDAwMDAKXkZGMDAwMFRoaXMgdXBncmFkZSBjYW4gYmUgZmFpbGVkLl4wMDAwMDAKXkZGMDAwMFlvdSB3aWxsIHN0aWxsIGtlZXAgdGhlIHVwcGVyIGl0ZW0ncyBlZmZlY3QsIGJ1dCBpZiB0aGUgbWlkZGxlIGl0ZW0gaGFzIGV4dHJhIGVmZmVjdCwgd2Ugd2lsbCByZXNldCB0aGUgZWZmZWN0IGFuZCBnaXZlIDEwIEhQIHJlY292ZXJ5IGVmZmVjdCBmb3IgZWFjaCAxMCBzZWNvbmRzIG9ubHkuXjAwMDAwMApeRkYwMDAwQXJlIHlvdSBzdXJlIGFib3V0IHVwZ3JhZGluZyB0aGlzIGl0ZW0/XjAwMDAwMA==,,,,,,,XjY2MDAwMEF0ZW5jacOzbjogXjAwMDAwMApeNjYwMDAwRXN0YSBtZWpvcmEgcHVlZGUgZmFsbGFyLl4wMDAwMDAKXjY2MDAwMENvbnNlcnZhcsOhcyBlbCBlZmVjdG8gZGVsIG9iamV0byBzdXBlcmlvciwgcGVybyBzaSBlbCBvYmpldG8gZGVsIG1lZGlvIHRpZW5lIHVuIGVmZWN0byBleHRyYSwgcmVzdGFibGVjZXJlbW9zIGVsIGVmZWN0byB5IHNvbG8gbGUgZGFyZW1vcyBlbCBlZmVjdG8gZGUgcmVjdXBlcmFjacOzbiBkZSAxMFBWIHBvciBjYWRhIDEwc2VndW5kb3MuXjAwMDAwMApeNjYwMDAwwr9TZWd1cm8gcXVlIHF1aWVyZXMgbWVqb3JhciBlc3RlIG9iamV0bz9eMDAwMDAw
acyNBA,,XkZGMDAwMCAgICBDYXV0aW9uIF4wMDAwMDAKXkZGMDAwMFRoaXMgdXBncmFkZSBjYW4gYmUgZmFpbGVkLl4wMDAwMDAKXkZGMDAwMFlvdSB3aWxsIHN0aWxsIGtlZXAgdGhlIHVwcGVyIGl0ZW0ncyBlZmZlY3QsIGJ1dCBpZiB0aGUgbWlkZGxlIGl0ZW0gaGFzIGV4dHJhIGVmZmVjdCwgd2Ugd2lsbCByZXNldCB0aGUgZWZmZWN0IGFuZCBnaXZlIFNUUiArIDFvbmx5Ll4wMDAwMDAKXkZGMDAwMEFyZSB5b3Ugc3VyZSBhYm91dCB1cGdyYWRpbmcgdGhpcyBpdGVtP14wMDAwMDA=,,,,,,,XjY2MDAwMEF0ZW5jacOzbjogXjAwMDAwMApeNjYwMDAwRXN0YSBtZWpvcmEgcHVlZGUgZmFsbGFyLl4wMDAwMDAKXjY2MDAwMENvbnNlcnZhcsOhcyBlbCBlZmVjdG8gZGVsIG9iamV0byBzdXBlcmlvciwgcGVybyBzaSBlbCBvYmpldG8gZGVsIG1lZGlvIHRpZW5lIHVuIGVmZWN0byBleHRyYSwgcmVzdGFibGVjZXJlbW9zIGVsIGVmZWN0byB5IHNvbG8gbGUgZGFyZW1vcyBGVUUrMS5eMDAwMDAwCl42NjAwMDDCv1NlZ3VybyBxdWUgcXVpZXJlcyBtZWpvcmFyIGVzdGUgb2JqZXRvP14wMDAwMDA=
asyNBA,,XkZGMDAwMCAgICBDYXV0aW9uIF4wMDAwMDAKXkZGMDAwMFRoaXMgdXBncmFkZSBjYW4gYmUgZmFpbGVkLl4wMDAwMDAKXkZGMDAwMFlvdSB3aWxsIHN0aWxsIGtlZXAgdGhlIHVwcGVyIGl0ZW0ncyBlZmZlY3QsIGJ1dCBpZiB0aGUgbWlkZGxlIGl0ZW0gaGFzIGV4dHJhIGVmZmVjdCwgd2Ugd2lsbCByZXNldCB0aGUgZWZmZWN0IGFuZCBnaXZlIEZvciBldmVyeSBsZXZlbCBvZiBMYXVkYSBBZ251cyBsZWFybmVkLCByZWR1Y2VzIHZhcmlhbGUgY2FzdGluZyBieSAzJScuXjAwMDAwMApeRkYwMDAwQXJlIHlvdSBzdXJlIGFib3V0IHVwZ3JhZGluZyB0aGlzIGl0ZW0/XjAwMDAwMA==,,,,,,,XjY2MDAwMEF0ZW5jacOzbjogXjAwMDAwMApeNjYwMDAwRXN0YSBtZWpvcmEgcHVlZGUgZmFsbGFyLl4wMDAwMDAKXjY2MDAwMENvbnNlcnZhcsOhcyBlbCBlZmVjdG8gZGVsIG9iamV0byBzdXBlcmlvciwgcGVybyBzaSBlbCBvYmpldG8gZGVsIG1lZGlvIHRpZW5lIHVuIGVmZWN0byBleHRyYSwgcmVzdGFibGVjZXJlbW9zIGVsIGVmZWN0byB5IGxlIGRhcmVtb3MgbGEgcG9zaWJpbGlkYWQgZGUgcXVlLCBwb3IgY2FkYSAxbml2ZWwgZGUgTGF1ZGEgQWdudXMgYXByZW5kaWRvLCBzZSByZWR1emNhIGVsIHRpZW1wbyBkZSBsYW56YW1pZW50byB2YXJpYWJsZSBlbiB1biAzJS5eMDAwMDAwCl42NjAwMDDCv1NlZ3VybyBxdWUgcXVpZXJlcyBtZWpvcmFyIGVzdGUgb2JqZXRvP14wMDAwMDA=
a8yNBA,,XkZGMDAwMCAgICBDYXV0aW9uIF4wMDAwMDAKXkZGMDAwMFRoaXMgdXBncmFkZSBjYW4gYmUgZmFpbGVkLl4wMDAwMDAKXkZGMDAwMFlvdSB3aWxsIHN0aWxsIGtlZXAgdGhlIGxvd2VyIGl0ZW0ncyBlZmZlY3QsIGJ1dCBpZiB0aGUgbWlkZGxlIGl0ZW0gaGFzIGV4dHJhIGVmZmVjdCwgd2Ugd2lsbCByZXNldCB0aGUgZWZmZWN0IGFuZCBnaXZlIEFUSysxJSBvbmx5Ll4wMDAwMDAKXkZGMDAwMEFyZSB5b3Ugc3VyZSBhYm91dCB1cGdyYWRpbmcgdGhpcyBpdGVtP14wMDAwMDA=,,,,,,,XjY2MDAwMEF0ZW5jacOzbjogXjAwMDAwMApeNjYwMDAwRXN0YSBtZWpvcmEgcHVlZGUgZmFsbGFyLl4wMDAwMDAKXjY2MDAwMENvbnNlcnZhcsOhcyBlbCBlZmVjdG8gZGVsIG9iamV0byBpbmZlcmlvciwgcGVybyBzaSBlbCBvYmpldG8gZGVsIG1lZGlvIHRpZW5lIHVuIGVmZWN0byBleHRyYSwgcmVzdGFibGVjZXJlbW9zIGVsIGVmZWN0byB5IHNvbG8gbGUgZGFyZW1vcyBBVFErMSUuXjAwMDAwMApeNjYwMDAwwr9TZWd1cm8gcXVlIHF1aWVyZXMgbWVqb3JhciBlc3RlIG9iamV0bz9eMDAwMDAw
bMyNBA,,XkZGMDAwMCAgICBDYXV0aW9uIF4wMDAwMDAKXkZGMDAwMFRoaXMgdXBncmFkZSBjYW4gYmUgZmFpbGVkLl4wMDAwMDAKXkZGMDAwMFlvdSB3aWxsIHN0aWxsIGtlZXAgdGhlIGxvd2VyIGl0ZW0ncyBlZmZlY3QsIGJ1dCBpZiB0aGUgbWlkZGxlIGl0ZW0gaGFzIGV4dHJhIGVmZmVjdCwgd2Ugd2lsbCByZXNldCB0aGUgZWZmZWN0IGFuZCBnaXZlIE1BVEsrMSUgb25seS5eMDAwMDAwCl5GRjAwMDBBcmUgeW91IHN1cmUgYWJvdXQgdXBncmFkaW5nIHRoaXMgaXRlbT9eMDAwMDAw,,,,,,,XjY2MDAwMEF0ZW5jacOzbjogXjAwMDAwMApeNjYwMDAwRXN0YSBtZWpvcmEgcHVlZGUgZmFsbGFyLl4wMDAwMDAKXjY2MDAwMENvbnNlcnZhcsOhcyBlbCBlZmVjdG8gZGVsIG9iamV0byBpbmZlcmlvciwgcGVybyBzaSBlbCBvYmpldG8gZGVsIG1lZGlvIHRpZW5lIHVuIGVmZWN0byBleHRyYSwgcmVzdGFibGVjZXJlbW9zIGVsIGVmZWN0byB5IHNvbG8gbGUgZGFyZW1vcyBBVFFNKzElLl4wMDAwMDAKXjY2MDAwMMK/U2VndXJvIHF1ZSBxdWllcmVzIG1lam9yYXIgZXN0ZSBvYmpldG8/XjAwMDAwMA==
bcyNBA,,XkZGMDAwMCAgICBDYXV0aW9uIF4wMDAwMDAKXkZGMDAwMFRoaXMgdXBncmFkZSBjYW4gYmUgZmFpbGVkLl4wMDAwMDAKXkZGMDAwMFlvdSB3aWxsIHN0aWxsIGtlZXAgdGhlIHVwcGVyIGl0ZW0ncyBlZmZlY3QsIGJ1dCBpZiB0aGUgbWlkZGxlIGl0ZW0gaGFzIGV4dHJhIGVmZmVjdCwgd2Ugd2lsbCByZXNldCB0aGUgZWZmZWN0IGFuZCBnaXZlIDEwIEhQIHJlY292ZXJ5IGVmZmVjdCBmb3IgZWFjaCAxMCBzZWNvbmRzLl4wMDAwMDAKXkZGMDAwMEFyZSB5b3Ugc3VyZSBhYm91dCB1cGdyYWRpbmcgdGhpcyBpdGVtP14wMDAwMDA=,,,,,,,XjY2MDAwMEF0ZW5jacOzbjogXjAwMDAwMApeNjYwMDAwRXN0YSBtZWpvcmEgcHVlZGUgZmFsbGFyLl4wMDAwMDAKXjY2MDAwMENvbnNlcnZhcsOhcyBlbCBlZmVjdG8gZGVsIG9iamV0byBzdXBlcmlvciwgcGVybyBzaSBlbCBvYmpldG8gZGVsIG1lZGlvIHRpZW5lIHVuIGVmZWN0byBleHRyYSwgcmVzdGFibGVjZXJlbW9zIGVsIGVmZWN0byB5IGxlIGRhcmVtb3MgZWwgZWZlY3RvIGRlIHJlY3VwZXJhY2nDs24gZGUgMTBQViBwb3IgY2FkYSAxMHNlZ3VuZG9zLl4wMDAwMDAKXjY2MDAwMMK/U2VndXJvIHF1ZSBxdWllcmVzIG1lam9yYXIgZXN0ZSBvYmpldG8/XjAwMDAwMA==
bsyNBA,,XkZGMDAwMCAgICBDYXV0aW9uIF4wMDAwMDAKXkZGMDAwMFRoaXMgdXBncmFkZSBjYW4gYmUgZmFpbGVkLl4wMDAwMDAKXkZGMDAwMFlvdSB3aWxsIHN0aWxsIGtlZXAgdGhlIG1pZGRsZSBpdGVtJ3MgZWZmZWN0LCBidXQgaWYgdGhlIGxvd2VyIGl0ZW0gaGFzIGV4dHJhIGVmZmVjdCwgd2Ugd2lsbCByZXNldCB0aGUgZWZmZWN0IGFuZCBnaXZlIEhJVCsxIG9ubHkuXjAwMDAwMApeRkYwMDAwQXJlIHlvdSBzdXJlIGFib3V0IHVwZ3JhZGluZyB0aGlzIGl0ZW0/XjAwMDAwMA==,,,,,,,XjY2MDAwMEF0ZW5jacOzbjogXjAwMDAwMApeNjYwMDAwRXN0YSBtZWpvcmEgcHVlZGUgZmFsbGFyLl4wMDAwMDAKXjY2MDAwMENvbnNlcnZhcsOhcyBlbCBlZmVjdG8gZGVsIG9iamV0byBkZWwgbWVkaW8sIHBlcm8gc2kgZWwgb2JqZXRvIGluZmVyaW9yIHRpZW5lIHVuIGVmZWN0byBleHRyYSwgcmVzdGFibGVjZXJlbW9zIGVsIGVmZWN0byB5IHNvbG8gbGUgZGFyZW1vcyBQUkVDKzEuXjAwMDAwMApeNjYwMDAwwr9TZWd1cm8gcXVlIHF1aWVyZXMgbWVqb3JhciBlc3RlIG9iamV0bz9eMDAwMDAw
b8yNBA,,XkZGMDAwMCAgICBDYXV0aW9uIF4wMDAwMDAKXkZGMDAwMFRoaXMgdXBncmFkZSBjYW4gYmUgZmFpbGVkLl4wMDAwMDAKXkZGMDAwMFlvdSB3aWxsIHN0aWxsIGtlZXAgdGhlIG1pZGRsZSBpdGVtJ3MgZWZmZWN0LCBidXQgaWYgdGhlIGxvd2VyIGl0ZW0gaGFzIGV4dHJhIGVmZmVjdCwgd2Ugd2lsbCByZXNldCB0aGUgZWZmZWN0IGFuZCBnaXZlIEZMRUUrMSBvbmx5Ll4wMDAwMDAKXkZGMDAwMEFyZSB5b3Ugc3VyZSBhYm91dCB1cGdyYWRpbmcgdGhpcyBpdGVtP14wMDAwMDA=,,,,,,,XjY2MDAwMEF0ZW5jacOzbjogXjAwMDAwMApeNjYwMDAwRXN0YSBtZWpvcmEgcHVlZGUgZmFsbGFyLl4wMDAwMDAKXjY2MDAwMENvbnNlcnZhcsOhcyBsb3MgZWZlY3RvcyBkZWwgb2JqZXRvIGRlbCBtZWRpbywgcGVybyBzaSBlbCBvYmpldG8gaW5mZXJpb3IgdGllbmUgdW4gZWZlY3RvIGV4dHJhLCByZXN0YWJsZWNlcmVtb3MgZWwgZWZlY3RvIHkgc29sbyBsZSBkYXJlbW9zIEVWQSsxLl4wMDAwMDAKXjY2MDAwMMK/U2VndXJvIHF1ZSBxdWllcmVzIG1lam9yYXIgZXN0ZSBvYmpldG8/XjAwMDAwMA==
cMyNBA,,XkZGMDAwMCAgICBDYXV0aW9uIF4wMDAwMDAKXkZGMDAwMFRoaXMgdXBncmFkZSBjYW4gYmUgZmFpbGVkLl4wMDAwMDAKXkZGMDAwMFlvdSB3aWxsIHN0aWxsIGtlZXAgdGhlIG1pZGRsZSBpdGVtJ3MgZWZmZWN0LCBidXQgaWYgdGhlIGxvd2VyIGl0ZW0gaGFzIGV4dHJhIGVmZmVjdCwgd2Ugd2lsbCByZXNldCB0aGUgZWZmZWN0IGFuZCBnaXZlIFNQICsxMCBvbmx5Ll4wMDAwMDAKXkZGMDAwMEFyZSB5b3Ugc3VyZSBhYm91dCB1cGdyYWRpbmcgdGhpcyBpdGVtP14wMDAwMDA=,,,,,,,XjY2MDAwMEF0ZW5jacOzbjogXjAwMDAwMApeNjYwMDAwRXN0YSBtZWpvcmEgcHVlZGUgZmFsbGFyLl4wMDAwMDAKXjY2MDAwMENvbnNlcnZhcsOhcyBsb3MgZWZlY3RvcyBkZWwgb2JqZXRvIGRlbCBtZWRpbywgcGVybyBzaSBlbCBvYmpldG8gaW5mZXJpb3IgdGllbmUgdW4gZWZlY3RvIGV4dHJhLCByZXN0YWJsZWNlcmVtb3MgZWwgZWZlY3RvIHkgc29sbyBsZSBkYXJlbW9zIFBNKzEwLl4wMDAwMDAKXjY2MDAwMMK/U2VndXJvIHF1ZSBxdWllcmVzIG1lam9yYXIgZXN0ZSBvYmpldG8/XjAwMDAwMA==
ccyNBA,,XkZGMDAwMCAgICBDYXV0aW9uIF4wMDAwMDAKXkZGMDAwMFRoaXMgdXBncmFkZSBjYW4gYmUgZmFpbGVkLl4wMDAwMDAKXkZGMDAwMElmIHRoZSBpdGVtIGFscmVhZHkgaGFzIGV4dHJhIGFiaWxpdHksIHdlIHdpbGwgcmVzZXQgaXRlbSdzIGFiaWxpdHkgYW5kIGdpdmUgMSBTUCByZWNvdmVyIGVmZmVjdCBmb3IgZWFjaCBlbmVteSBraWxsLl4wMDAwMDAKXkZGMDAwMEFyZSB5b3Ugc3VyZSBhYm91dCB1cGdyYWRpbmcgdGhpcyBpdGVtP14wMDAwMDA=,,,,,,,XjY2MDAwMEF0ZW5jacOzbjogXjAwMDAwMApeNjYwMDAwRXN0YSBtZWpvcmEgcHVlZGUgZmFsbGFyLl4wMDAwMDAKXjY2MDAwMFNpIGVsIG9iamV0byB5YSB0aWVuZSB1bmEgaGFiaWxpZGFkIGV4dHJhLCByZXN0YWJsZWNlcmVtb3MgbGEgaGFiaWxpZGFkIGRlbCBvYmpldG8geSBsZSBkYXJlbW9zIHVuIGVmZWN0byBkZSByZWN1cGVyYWNpw7NuIGRlIDFQTSBwb3IgY2FkYSBtdWVydGUgZW5lbWlnYS5eMDAwMDAwCl42NjAwMDDCv1NlZ3VybyBxdWUgcXVpZXJlcyBtZWpvcmFyIGVzdGUgb2JqZXRvP14wMDAwMDA=
csyNBA,,XkZGMDAwMCAgICBDYXV0aW9uIF4wMDAwMDAKXkZGMDAwMFRoaXMgdXBncmFkZSBjYW4gYmUgZmFpbGVkLl4wMDAwMDAKXkZGMDAwMElmIHRoZSBpdGVtIGFscmVhZHkgaGFzIGV4dHJhIGFiaWxpdHksIHdlIHdpbGwgcmVzZXQgaXRlbSdzIGFiaWxpdHkgYW5kIGdpdmUgJ0ZvciBldmVyeSBsZXZlbCBvZiBDcm9zcyBSaXBwZXIgU2xhc2hlciwgaW5jcmVhc2VzIGxvbmcgcmFuZ2VkIHBoeXNpY2FsIGRhbWFnZSBieSAyJS4nLl4wMDAwMDAKXkZGMDAwMEFyZSB5b3Ugc3VyZSBhYm91dCB1cGdyYWRpbmcgdGhpcyBpdGVtP14wMDAwMDA=,,,,,,,XjY2MDAwMEF0ZW5jacOzbjogXjAwMDAwMApeNjYwMDAwRXN0YSBtZWpvcmEgcHVlZGUgZmFsbGFyLl4wMDAwMDAKXjY2MDAwMFNpIGVsIG9iamV0byB5YSB0aWVuZSB1bmEgaGFiaWxpZGFkIGV4dHJhLCByZXN0YWJsZWNlcmVtb3MgbGEgaGFiaWxpZGFkIGRlbCBvYmpldG8geSBsZSBkYXJlbW9zIGxhIHBvc2liaWxpZGFkIGRlIHF1ZSwgcG9yIGNhZGEgMW5pdmVsIGRlIEhvamEgY3J1emFkYSBnaXJhdG9yaWEsIGF1bWVudGUgZWwgZGHDsW8gZsOtc2ljbyBhIGRpc3RhbmNpYSBlbiB1biAyJS5eMDAwMDAwCl42NjAwMDDCv1NlZ3VybyBxdWUgcXVpZXJlcyBtZWpvcmFyIGVzdGUgb2JqZXRvP14wMDAwMDA=
c8yNBA,,W0F2ZXIgRGUgRG9zaF0KV293fiBUaGlzIF4wMDAwRkZ7fV4wMDAwMDAhISEgTG9va3MgcGVyZmVjdCBvbiB5b3UhISEKV2hhdCBraW5kIG9mIHN0b25lIGRvIHlvdSB3YW50IHRvIHVzZSBmb3IgdGhlIHVwZ3JhZGU/,,,,,,,W0F2ZXIgRGUgRG9zaF0KwqFHdWF1fiEgwqFFc3RlIGFjY2Vzb3JpbzogXkZGMDAwMHt9XjAwMDAwMCEgwqFUZSBzaWVudGEgcGVyZmVjdG8hCsK/UXXDqSB0aXBvIGRlIHBpZWRyYSBxdWllcmVzIHVzYXIgcGFyYSBsYSBtZWpvcmE/
dMyNBA,,XkZGMDAwMCAgICBDYXV0aW9uIF4wMDAwMDAKXkZGMDAwMFRoaXMgdXBncmFkZSBjYW4gYmUgZmFpbGVkLl4wMDAwMDAKXkZGMDAwMElmIHRoZSBpdGVtIGFscmVhZHkgaGFzIGV4dHJhIGFiaWxpdHksIHdlIHdpbGwgcmVzZXQgaXRlbSdzIGFiaWxpdHkgYW5kIGdpdmUgSElUKzEgb25seS5eMDAwMDAwCl5GRjAwMDBBcmUgeW91IHN1cmUgYWJvdXQgdXBncmFkaW5nIHRoaXMgaXRlbT9eMDAwMDAw,,,,,,,XjY2MDAwMEF0ZW5jacOzbjogXjAwMDAwMApeNjYwMDAwRXN0YSBtZWpvcmEgcHVlZGUgZmFsbGFyLl4wMDAwMDAKXjY2MDAwMFNpIGVsIG9iamV0byB5YSB0aWVuZSB1bmEgaGFiaWxpZGFkIGV4dHJhLCByZXN0YWJsZWNlcmVtb3MgbGEgaGFiaWxpZGFkIGRlbCBvYmpldG8geSBzb2xvIGxlIGRhcmVtb3MgUFJFQysxLl4wMDAwMDAKXjY2MDAwMMK/U2VndXJvIHF1ZSBxdWllcmVzIG1lam9yYXIgZXN0ZSBvYmpldG8/XjAwMDAwMA==
dcyNBA,,XkZGMDAwMCAgICBDYXV0aW9uIF4wMDAwMDAKXkZGMDAwMFRoaXMgdXBncmFkZSBjYW4gYmUgZmFpbGVkLl4wMDAwMDAKXkZGMDAwMElmIHRoZSBpdGVtIGFscmVhZHkgaGFzIGV4dHJhIGFiaWxpdHksIHdlIHdpbGwgcmVzZXQgaXRlbSdzIGFiaWxpdHkgYW5kIGdpdmUgRkxFRSsxIG9ubHkuXjAwMDAwMApeRkYwMDAwQXJlIHlvdSBzdXJlIGFib3V0IHVwZ3JhZGluZyB0aGlzIGl0ZW0/XjAwMDAwMA==,,,,,,,XjY2MDAwMEF0ZW5jacOzbjogXjAwMDAwMApeNjYwMDAwRXN0YSBtZWpvcmEgcHVlZGUgZmFsbGFyLl4wMDAwMDAKXjY2MDAwMFNpIGVsIG9iamV0byB5YSB0aWVuZSB1bmEgaGFiaWxpZGFkIGV4dHJhLCByZXN0YWJsZWNlcmVtb3MgbGEgaGFiaWxpZGFkIGRlbCBvYmpldG8geSBzb2xvIGxlIGRhcmVtb3MgRVZBKzEuXjAwMDAwMApeNjYwMDAwwr9TZWd1cm8gcXVlIHF1aWVyZXMgbWVqb3JhciBlc3RlIG9iamV0bz9eMDAwMDAw
dsyNBA,,XkZGMDAwMCAgICBDYXV0aW9uIF4wMDAwMDAKXkZGMDAwMFRoaXMgdXBncmFkZSBjYW4gYmUgZmFpbGVkLl4wMDAwMDAKXkZGMDAwMElmIHRoZSBpdGVtIGFscmVhZHkgaGFzIGV4dHJhIGFiaWxpdHksIHdlIHdpbGwgcmVzZXQgaXRlbSdzIGFiaWxpdHkgYW5kIGdpdmUgU1AgKzEwIG9ubHkuXjAwMDAwMApeRkYwMDAwQXJlIHlvdSBzdXJlIGFib3V0IHVwZ3JhZGluZyB0aGlzIGl0ZW0/XjAwMDAwMA==,,,,,,,XjY2MDAwMEF0ZW5jacOzbjogXjAwMDAwMApeNjYwMDAwRXN0YSBtZWpvcmEgcHVlZGUgZmFsbGFyLl4wMDAwMDAKXjY2MDAwMFNpIGVsIG9iamV0byB5YSB0aWVuZSB1bmEgaGFiaWxpZGFkIGV4dHJhLCByZXN0YWJsZWNlcmVtb3MgbGEgaGFiaWxpZGFkIGRlbCBvYmpldG8geSBzb2xvIGxlIGRhcmVtb3MgUE0rMTAuXjAwMDAwMApeNjYwMDAwwr9TZWd1cm8gcXVlIHF1aWVyZXMgbWVqb3JhciBlc3RlIG9iamV0bz9eMDAwMDAw
d8yNBA,,XkZGMDAwMCAgICBDYXV0aW9uIF4wMDAwMDAKXkZGMDAwMFRoaXMgdXBncmFkZSBjYW4gYmUgZmFpbGVkLl4wMDAwMDAKXkZGMDAwMElmIHRoZSBpdGVtIGFscmVhZHkgaGFzIGV4dHJhIGFiaWxpdHksIHdlIHdpbGwgcmVzZXQgaXRlbSdzIGFiaWxpdHkgYW5kIGdpdmUgMSBTUCByZWNvdmVyeSBmb3IgZWFjaCBraWxsaW5nIG1vbnN0ZXIuXjAwMDAwMApeRkYwMDAwQXJlIHlvdSBzdXJlIGFib3V0IHVwZ3JhZGluZyB0aGlzIGl0ZW0/XjAwMDAwMA==,,,,,,,XjY2MDAwMEF0ZW5jacOzbjogXjAwMDAwMApeNjYwMDAwRXN0YSBtZWpvcmEgcHVlZGUgZmFsbGFyLl4wMDAwMDAKXjY2MDAwMFNpIGVsIG9iamV0byB5YSB0aWVuZSB1bmEgaGFiaWxpZGFkIGV4dHJhLCByZXN0YWJsZWNlcmVtb3MgbGEgaGFiaWxpZGFkIGRlbCBvYmpldG8geSBsZSBkYXJlbW9zIGxhIHBvc2liaWxpZGFkIGRlIHJlY3VwZXJhciAxUE0gcG9yIGNhZGEgbXVlcnRlIGRlIG1vbnN0cnVvLl4wMDAwMDAKXjY2MDAwMMK/U2VndXJvIHF1ZSBxdWllcmVzIG1lam9yYXIgZXN0ZSBvYmpldG8/XjAwMDAwMA==
eMyNBA,,W0F2ZXIgRGUgRG9zaF0KSG1tPyBTb21ldGhpbmcncyBXZWlyZD8=,,,,,,,W0F2ZXIgRGUgRG9zaF0Kwr9NbW0/IMK/SGF5IGFsZ28gcmFybz8=
ecyNBA,,QWRkIEVmZmVjdC4=,,,,,,,QWdyZWdhciBlZmVjdG8u
esyNBA,,UmVtb3ZlIEVmZmVjdC4oOTksODAwWik=,,,,,,,UXVpdGFyIGVmZWN0byAoOTk4MDB6ZW55KS4=
e8yNBA,,VHdpbmtsZSBFZmZlY3QgKHt9KQ==,,,,,,,RWZlY3RvIGRlc3RlbGxhbnRlICh7fSk=
fMyNBA,,XkZGMDAwMCAgICBDYXV0aW9uIF4wMDAwMDAKXkZGMDAwME9ubHkgb25lIHR5cGUgb2YgZWZmZWN0IGNhbiBiZSBhcHBsaWVkIHBlciBhIHBpZWNlIG9mIGVxdWlwbWVudCwgcmVnYXJkbGVzcyBvZiB0aGUgcG9zaXRpb24uXjAwMDAwMApeRkYwMDAwQXJlIHlvdSBzdXJlIGFib3V0IHVwZ3JhZGluZyB0aGlzIGl0ZW0/XjAwMDAwMA==,,,,,,,XjY2MDAwMEF0ZW5jacOzbjogXjAwMDAwMApeNjYwMDAwU29sbyBzZSBwdWVkZSBhcGxpY2FyIHVuIHRpcG8gZGUgZWZlY3RvIHBvciBwaWV6YSBkZSBlcXVpcGFtaWVudG8sIGluZGVwZW5kaWVudGVtZW50ZSBkZSBzdSB1YmljYWNpw7NuLl4wMDAwMDAKXjY2MDAwMMK/U2VndXJvIHF1ZSBxdWllcmVzIG1lam9yYXIgZXN0ZSBvYmpldG8/XjAwMDAwMA==
fcyNBA,,WWVz,,,,,,,U8OtLg==
fsyNBA,,Tm8=,,,,,,,Tm8u
f8yNBA,,R2hvc3QgRWZmZWN0ICh7fSk=,,,,,,,RWZlY3RvIGZhbnRhc21hbCAoe30p
gMyNBA,,RWxlY3RyaWNFZmZlY3QgKHt9KQ==,,,,,,,RWZlY3RvIGVsw6ljdHJpY28gKHt9KQ==
gcyNBA,,U2hyaW5rRWZmZWN0ICh7fSk=,,,,,,,RWZlY3RvIGRlIGVuY29naW1pZW50byAoe30p
gsyNBA,,Qmx1ZUF1cmFFZmZlY3QgKHt9KQ==,,,,,,,RWZlY3RvIGRlIGF1cmEgYXp1bCAoe30p
g8yNBA,,UGlua0dsb3dFZmZlY3QgKHt9KQ==,,,,,,,RWZlY3RvIGRlIHJlc3BsYW5kb3Igcm9zYSAoe30p
hMyNBA,,U2hhZG93RWZmZWN0ICh7fSk=,,,,,,,RWZlY3RvIHNvbWJyw61vICh7fSk=
hcyNBA,,V2hpdGVib2R5IEVmZmVjdCAoe30p,,,,,,,RWZlY3RvIGRlIGNhbWlzZXRhIGJsYW5jYSBkZSBpbnZpc2liaWxpZGFkICh7fSk=
hsyNBA,,Q3JpbXNvbiBXYXZlIEVmZmVjdCAoe30p,,,,,,,RWZlY3RvIGRlIG9sZWFkYSBjYXJtZXPDrSAoe30p
h8yNBA,,R3JlZW5GbG9vciBFZmZlY3QgKHt9KQ==,,,,,,,RWZlY3RvIGRlIHN1ZWxvIHZlcmRlICh7fSk=
iMyNBA,,V2F0ZXIgRmllbGQgRWZmZWN0ICh7fSk=,,,,,,,RWZlY3RvIGRlIGNhbXBvIGRlIGFndWEgKHt9KQ==
icyNBA,,U2hyaW5rIEVmZmVjdCAoe30p,,,,,,,RWZlY3RvIGRlIGVuY29naW1pZW50byAoe30p
isyNBA,,W0F2ZXIgRGUgRG9zaF0KV293fiBUaGlzIF4wMDAwRkZ7fV4wMDAwMDAhISEgbG9va3MgcGVyZmVjdCBvbiB5b3UhISEKV2hhdCBraW5kIG9mIHN0b25lIGRvIHlvdSB3YW50IHRvIHVzZSBmb3IgdGhlIHVwZ3JhZGU/,,,,,,,W0F2ZXIgRGUgRG9zaF0KwqFHdWF1fiEgwqFFc3RlIGFjY2Vzb3JpbzogXkZGMDAwMHt9XjAwMDAwMCEgwqFUZSBzaWVudGEgcGVyZmVjdG8hCsK/UXXDqSB0aXBvIGRlIHBpZWRyYSBxdWllcmVzIHVzYXIgcGFyYSBsYSBtZWpvcmE/
i8yNBA,,W0F2ZXIgRGUgRG9zaF0KQmVlcC0tLS0tLS0tLWVlayEKQSBjb21tYW5kIHRoYXQgY2Fubm90IGJlIHVuZGVyc3Rvb2Qgd2FzIGVudGVyZWQu,,,,,,,W0F2ZXIgRGUgRG9zaF0KKsKhUGlw4oCmISogwqFBeSEKSW5ncmVzYXN0ZSB1biBjb21hbmRvIGluY29tcHJlbnNpYmxlLg==
jMyNBA,,W0F2ZXIgRGUgRG9zaF0KRWxpbWluYXRpbmcgdGhpcyBwZXJmZWN0IGVmZmVjdCBpcyBhZ2FpbnN0IG15IHJ1bGVzIG9mIHdvcmsu,,,,,,,W0F2ZXIgRGUgRG9zaF0KRWxpbWluYXIgZXN0ZSBlZmVjdG8gcGVyZmVjdG8gdmEgZW4gY29udHJhIGRlIG1pcyBub3JtYXMgZGUgdHJhYmFqby4=
jcyNBA,,UXVpdC4=,,,,,,,U2FsaXIu
jsyNBA,,UmVtb3ZlLg==,,,,,,,UXVpdGFyLg==
j8yNBA,,W0F2ZXIgRGUgRG9zaF0KUGhldy4uLiB0aGF0J3MgYSBnb29kIGlkZWEu,,,,,,,W0F2ZXIgRGUgRG9zaF0KVWbigKYgZXMgYnVlbmEgaWRlYS4=
kMyNBA,,W0F2ZXIgRGUgRG9zaF0KSWYgeW91IHNheSBzbywgdGhlcmUgaXMgbm90aGluZyBJIGNhbiBkby4KU28sIG15IHdvcmsgd2FzIGFuIEVSUk9SIHRvIHNvbWVvbmUu,,,,,,,W0F2ZXIgRGUgRG9zaF0KU2kgdMO6IGxvIGRpY2VzLCBubyBwdWVkbyBoYWNlciBuYWRhLgpDb25xdWUgbWkgdHJhYmFqbyBsZSBwYXJlY2nDsyB1biBFUlJPUiBhIGFsZ3VpZW4u
kcyNBA,,W0F2ZXIgRGUgRG9zaF0KXkZGMDAwMCAgICBDYXV0aW9uIF4wMDAwMDAKXkZGMDAwMFRoaXMgYWN0aW9uIHJlbW92ZXMgYW55IGVmZmVjdHMgdGhhdCBhcmUgaW1wbGFudGVkIGluIHRoZSBjb3N0dW1lIGhlbG1ldC5eMDAwMDAwCl5GRjAwMDAgOTksODAwUGxlYXNlIGJlIGtpbmRseSBpbmZvcm1lZCB0aGF0IFplbnkgd2lsbCBiZSBjb25zdW1lZCBhbmQgdGhhdCBFZmZlY3QsIEVmZmVjdCBTdG9uZSwgYW5kIFplbnkgd2lsbCBub3QgYmUgcmVjb3ZlcmVkLl4wMDAwMDA=,,,,,,,W0F2ZXIgRGUgRG9zaF0KXjY2MDAwMEF0ZW5jacOzbjogXjAwMDAwMApeNjYwMDAwRXN0YSBhY2Npw7NuIHF1aXRhIGN1YWxxdWllciBlZmVjdG8gcXVlIGVzdMOpIGltcGxhbnRhZG8gZW4gZWwgYWNjZXNvcmlvIGRlY29yYXRpdm8gcGFyYSBsYSBjYWJlemEuXjAwMDAwMApeNjYwMDAwIFRlbiBlbiBjdWVudGEgcXVlIHBhZ2Fyw6FzIDk5ODAwemVueSB5IHF1ZSBubyBwb2Ryw6FzIHJlY3VwZXJhciBlbCBlZmVjdG8sIGxhIHBpZWRyYSBkZSBlZmVjdG8gbmkgbG9zIHplbnkgcXVlIGhheWFzIGdhc3RhZG8uXjAwMDAwMA==
ksyNBA,,W0F2ZXIgRGUgRG9zaF0KVGhlIGVmZmVjdCBoYXMgYmVlbiByZXNldC4=,,,,,,,W0F2ZXIgRGUgRG9zaF0KWWEgcmVzdGFibGVjw60gZWwgZWZlY3RvLg==
k8yNBA,,W0F2ZXIgRGUgRG9zaF0KVGhlIGVmZmVjdCBoYXMgYmVlbiByZXNldC4u,,,,,,,W0F2ZXIgRGUgRG9zaF0KWWEgcmVzdGFibGVjw60gZWwgZWZlY3Rv4oCm
lMyNBA,,TGFjZSBMYSBaYXJk,,,,,,,TGFjZSBMYSBaYXJk
lcyNBA,,W0xhY2UgTGEgWmFyZF0KV2VsY29tZSB0byBGYXNoaW9uIFN0b25lISEKTXkgbmFtZSBpcyBMYWNlIExhIFphcmQgd2hvIHdpbGwgbWFrZSB5b3VyICdQb3dlciBTaG91bGRlcicgZHJlYW0gY29tZSB0cnVlLg==,,,,,,,W0xhY2UgTGEgWmFyZF0KwqFMbGVnYXN0ZSBhIFBpZWRyYSBkZSBsYSBNb2RhIQpNZSBsbGFtbyBMYWNlIExhIFphcmQgeSBoYXLDqSByZWFsaWRhZCB0dSBzdWXDsW8gZGUgdGVuZXIgaG9tYnJvcyBwb2Rlcm9zb3Mu
lsyNBA,,W0xhY2UgTGEgWmFyZF0KQnJpbmcgeW91ciBeRkYwMDAwQ29zdHVtZSBHYXJtZW50XjAwMDAwMCBhbmQgXkZGMDAwMEdhcm1lbnQgU3RvbmVeMDAwMDAwLCBJIHdpbGwgY29tcGxldGUgdGhlIHBlcmZlY3QgdXBncmFkZSBmb3IgeW91LiEKSSBmb3VuZCB0aGlzIGZvcm11bGEgd2hpbGUgd29ya2luZyBvbiBteSBvd24gaHVtYmxlIGJvZHkgdXBncmFkaW5nIQ==,,,,,,,W0xhY2UgTGEgWmFyZF0KwqFUcmFlIHR1IF42NjAwMDBwcmVuZGEgZGVjb3JhdGl2YV4wMDAwMDAgeSB0dSBeNjYwMDAwcGllZHJhIGRlIHByZW5kYV4wMDAwMDAgeSBoYXLDqSBsYSBtZWpvcmEgcGVyZmVjdGEgcGFyYSB0aSEKwqFFbmNvbnRyw6kgZXN0YSBmw7NybXVsYSBtaWVudHJhcyB0cmFiYWphYmEgZW4gbWkgaHVtaWxkZSBtZWpvcmEgcGFyYSBlbCBjdWVycG8h
l8yNBA,,W0xhY2UgTGEgWmFyZF0KV2VsbC4uLiBZb3VyIHNob3VsZGVyIGRvZXNuJ3QgbG9vayBwb3NzaWxiZSBmb3IgYW55IG1vcmUgdXBncmFkZS4uLiEKRG9uJ3QgYmUgY3J1ZWwgdG8geW91ciBzaG91bGRlciE=,,,,,,,W0xhY2UgTGEgWmFyZF0KQnVlbm/igKYgwqFQYXJlY2UgcXVlIG5vIHB1ZWRlcyByZWNpYmlyIG3DoXMgbWVqb3JhcyBwYXJhIGxvcyBob21icm9z4oCmIQrCoU5vIHNlYXMgY3J1ZWwgY29uIHR1cyBob21icm9zIQ==
mMyNBA,,W0xhY2UgTGEgWmFyZF0KUHV0IHRoZSBnYXJtZW50IG9uIHlvdXIgc2hvdWxkZXIuCkkgbmVlZCB0byBoYXZlIGEgbG9vayBhdCBpdCB0byBjaGVjayBmb3IgdXBncmFkaW5nIHBvc2liaWxpdHkuLg==,,,,,,,W0xhY2UgTGEgWmFyZF0KUG9udGUgbGEgcHJlbmRhIHNvYnJlIGxvcyBob21icm9zLgpUZW5nbyBxdWUgb2JzZXJ2YXJsYSBwYXJhIGNvbXByb2JhciBxdWUgc2UgcHVlZGEgbWVqb3JhcuKApg==
mcyNBA,,Q29zdHVtZSBDZWxlc3RpYWwgUmVkIEFuZ2VsIFdpbmdz,,,,,,,RGlzZnJheiBDZWxlc3RpYWwgQWxhcyBkZSDDgW5nZWwgUm9qbw==
msyNBA,,Q29zdHVtZSBTa2lhIERvbGw=,,,,,,,RGlzZnJheiBNdcOxZWNhIFNraWE=
m8yNBA,,Q29zdHVtZSBTYW50YSBUZWRkeSBCZWFy,,,,,,,Qm9sc28gZGUgb3NpdG8gZGUgcGVsdWNoZSBkZSBTYW50YSBkZWNvcmF0aXZv
nMyNBA,,Q29zdHVtZSBBbmdlbCBCZXJyeSBXaWc=,,,,,,,UGVsdWNhIGRlIMOhbmdlbCBkZWNvcmF0aXZhIChyb3NhZGEp
ncyNBA,,Q29zdHVtZSBXaGl0ZSBCaWcgUmliYm9u,,,,,,,R3JhbiBsYXpvIGJsYW5jbyBkZWNvcmF0aXZv
nsyNBA,,Q29zdHVtZSBCbG9vZHkgTXVyZGVyZXIgS25pZmU=,,,,,,,RGlzZnJheiBkZSBBc2VzaW5vIFNhbmdyaWVudG8gQ3VjaGlsbG8=
n8yNBA,,Q29zdHVtZSBMaWdodCBCbHVlIEVuZXJneQ==,,,,,,,VHJhamUgRW5lcmfDrWEgYXp1bCBjbGFybw==
oMyNBA,,Q29zdHVtZSBNaWRuaWdodCBCbHVlIEVuZXJneQ==,,,,,,,RGlzZnJheiBNaWRuaWdodCBCbHVlIEVuZXJneQ==
ocyNBA,,Q29zdHVtZSBMaWdodCBCbHVlIEF1cmE=,,,,,,,VHJhamUgQXVyYSBBenVsIENsYXJv
osyNBA,,Q29zdHVtZSBNaWRuaWdodCBCbHVlIEF1cmE=,,,,,,,VHJhamUgQXVyYSBhenVsIG5vY2hl
o8yNBA,,Q29zdHVtZSBUZW4gR3VhcmRpYW4gU2hpZWxk,,,,,,,VHJhamUgRGlleiBFc2N1ZG8gR3VhcmRpw6Fu
pMyNBA,,Q29zdHVtZSBWaWV0bmFtIEZsYWcgSG9vZA==,,,,,,,RGlzZnJheiBCYW5kZXJhIGRlIFZpZXRuYW0gQ2FwdWNoYQ==
pcyNBA,,Q29zdHVtZSBDYXQgUGF3IEJhZw==,,,,,,,Qm9sc28gZGUgbWFubyBnYXR1bmEgZGVjb3JhdGl2bw==
psyNBA,,Q29zdHVtZSBTaGliYSBUYWls,,,,,,,RGlzZnJheiBDb2xhIFNoaWJh
p8yNBA,,Q29zdHVtZSBCbHVlIEFuZ2VsIFdpbmdz,,,,,,,QWxhcyBkZSDDoW5nZWwgYXp1bGVzIGRlY29yYXRpdmFz
qMyNBA,,Q29zdHVtZSBTYW5jdGl0eSBFbmVyZ3k=,,,,,,,RW5lcmfDrWEgZGUgc2FudGlkYWQgZGVjb3JhdGl2YQ==
qcyNBA,,Q29zdHVtZSBPcmFuZ2UgRW5lcmd5,,,,,,,RW5lcmfDrWEgbmFyYW5qYSBkZWNvcmF0aXZh
qsyNBA,,Q29zdHVtZSBZZWxsb3cgR3JlZW4gRW5lcmd5,,,,,,,RW5lcmfDrWEgdmVyZGUgYW1hcmlsbGEgZGVjb3JhdGl2YQ==
q8yNBA,,Q29zdHVtZSBBdXJhIG9mIFRodW5kZXI=,,,,,,,QXVyYSBkZSBwdXJpZmljYWNpw7NuIGRlY29yYXRpdmE=
rMyNBA,,Q29zdHVtZSBPcmFuZ2UgQXVyYQ==,,,,,,,QXVyYSBkZSBpcmEgZGVjb3JhdGl2YQ==
rcyNBA,,Q29zdHVtZSBZZWxsb3cgR3JlZW4gQXVyYQ==,,,,,,,VHJhamUgQW1hcmlsbG8gVmVyZGUgQXVyYQ==
rsyNBA,,Q29zdHVtZSBQb3JpbmcgQ3JlYW0gU29kYQ==,,,,,,,VHJhamUgUG9yaW5nIENyZWFtIFNvZGE=
r8yNBA,,Q29zdHVtZSBTdW1tZXIgQmVhY2g=,,,,,,,RGlzZnJheiBWZXJhbm8gUGxheWE=
sMyNBA,,Q29zdHVtZSBSaWZsZQ==,,,,,,,UmlmbGUgZGUgZGlzZnJhY2Vz
scyNBA,,Q29zdHVtZSBUZW5ndSBNYXN0ZXIgS2F0YW5h,,,,,,,RGlzZnJheiBUZW5ndSBNYXN0ZXIgS2F0YW5h
ssyNBA,,Q29zdHVtZSBIaWJyYW0gRXZpbCBTcGlyaXQ=,,,,,,,RXNww61yaXR1IG1hbGlnbm8gZGUgSGlicmFtIGRlY29yYXRpdm8=
s8yNBA,,Q29zdHVtZSAybmQgR3JlYXQgRGV2aWwgV2luZw==,,,,,,,QWxhcyBkZWwgc2VndW5kbyBkZW1vbmlvIG3DoXMgZ3JhbmRlIGRlY29yYXRpdmFz
tMyNBA,,Q29zdHVtZSBEZXZpIEJhZw==,,,,,,,Qm9sc28gZGUgR2VyaGFyZCBWb24gRGV2aSBkZWNvcmF0aXZv
tcyNBA,,Q29zdHVtZSBEaWFib2xpYyBGcmllbmQ=,,,,,,,RGlzZnJheiBBbWlnbyBEaWFiw7NsaWNv
tsyNBA,,Q29zdHVtZSBTd29yZCBXaW5ncw==,,,,,,,RGlzZnJheiBFc3BhZGEgQWxhcw==
t8yNBA,,Q29zdHVtZSBQb3JpbmcgU3VyZmJvYXJk,,,,,,,VGFibGEgZGUgc3VyZiBDb3N0dW1lIFBvcmluZw==
uMyNBA,,Q29zdHVtZSBTYWt1cmEgRnVidWtp,,,,,,,VHJhamUgU2FrdXJhIEZ1YnVraQ==
ucyNBA,,Q29zdHVtZSBHcmVlbiBTcGlkZXIgV2luZw==,,,,,,,QWxhcyBkZSBhcmHDsWEgdmVyZGUgZGVjb3JhdGl2YXM=
usyNBA,,Q29zdHVtZSBSb3NlIEdvdGhpYyBSaWJib24=,,,,,,,Q2ludGEgZ8OzdGljYSBDb3N0dW1lIFJvc2U=
u8yNBA,,Q29zdHVtZSBBcmNobWFnZSBXYW5k,,,,,,,VmFyaXRhIGRlIEFyY2hpbWFnbw==
vMyNBA,,Q29zdHVtZSBXaW5ncyBvZiBSYXBoYWVs,,,,,,,VHJhamUgQWxhcyBkZSBSYWZhZWw=
vcyNBA,,Q29zdHVtZSBSYWdkb2xsIENhdCBCYWc=,,,,,,,Qm9sc28gZGUgZ2F0byBkZSBwZWx1Y2hlIGRlY29yYXRpdm8=
vsyNBA,,Q29zdHVtZSBDcmltc29uIFJlZCBFbmVyZ3k=,,,,,,,VHJhamUgUm9qbyBDYXJtZXPDrSBFbmVyZ8OtYQ==
v8yNBA,,Q29zdHVtZSBDcmltc29uIFJlZCBBdXJh,,,,,,,VHJhamUgUm9qbyBDYXJtZXPDrSBBdXJh
wMyNBA,,Q29zdHVtZSBEZXZpbCBXaW5n,,,,,,,QWxhcyBkZSBEZXZpcnVjaGkgZGVjb3JhdGl2YXM=
wcyNBA,,Q29zdHVtZSBDYXQgRG9udXQ=,,,,,,,R2F0byBkaXNmcmF6YWRvIERvbnV0
wsyNBA,,Q29zdHVtZSBIb25leSBEaXBwZXI=,,,,,,,RGlzZnJheiBIb25leSBEaXBwZXI=
w8yNBA,,Q29zdHVtZSBXaW5ncyBPZiBSYWd1ZWw=,,,,,,,QWxhcyBkZSBSYWd1ZWwgZGVjb3JhdGl2YXM=
xMyNBA,,Q29zdHVtZSBTaWx2ZXIgRW5lcmd5,,,,,,,RGlzZnJheiBTaWx2ZXIgRW5lcmd5
xcyNBA,,Q29zdHVtZSBBdXJhIG9mIE5pZ2h0,,,,,,,VHJhamUgQXVyYSBkZSBOb2NoZQ==
xsyNBA,,Q29zdHVtZSBHb2xkIEVuZXJneQ==,,,,,,,RGlzZnJheiBHb2xkIEVuZXJneQ==
x8yNBA,,Q29zdHVtZSBTaWx2ZXIgQXVyYQ==,,,,,,,VHJhamUgU2lsdmVyIEF1cmE=
yMyNBA,,Q29zdHVtZSBBdXJhIG9mIERhcmtuZXNz,,,,,,,VHJhamUgQXVyYSBkZSBPc2N1cmlkYWQ=
ycyNBA,,Q29zdHVtZSBHb2xkIEF1cmE=,,,,,,,VHJhamUgQXVyYSBEb3JhZGE=
ysyNBA,,Q29zdHVtZSBUd2luIEVkZ2U=,,,,,,,RXNwYWRhcyBnZW1lbGFzIGRlY29yYXRpdmFz
y8yNBA,,Q29zdHVtZSBTaGliYSBTYXlzIFRhaS1aaQ==,,,,,,,RGlzZnJheiBTaGliYSBEaWNlIFRhaS1aaQ==
zMyNBA,,Q29zdHVtZSBCYXBob21ldCBTY3l0aGU=,,,,,,,RGlzZnJheiBCYXBob21ldCBHdWFkYcOxYQ==
zcyNBA,,Q29zdHVtZSBCbHVlIE1vb24gTG9saSBSdXJp,,,,,,,RGlzZnJheiBCbHVlIE1vb24gTG9saSBSdXJp
zsyNBA,,Q29zdHVtZSBBdXJhIG9mIHRoZSBTZWEgR2xvdw==,,,,,,,VHJhamUgQXVyYSBkZWwgTWFyIFJlc3BsYW5kb3I=
z8yNBA,,Q29zdHVtZSBWaW9sZXQgRW5lcmd5,,,,,,,RGlzZnJheiBFbmVyZ8OtYSBWaW9sZXRh
0MyNBA,,Q29zdHVtZSBQaW5rIEVuZXJneQ==,,,,,,,RGlzZnJheiBQaW5rIEVuZXJneQ==
0cyNBA,,Q29zdHVtZSBBdXJhIG9mIHRoZSBEZXB0aHM=,,,,,,,VHJhamUgQXVyYSBkZSBsYXMgUHJvZnVuZGlkYWRlcw==
0syNBA,,Q29zdHVtZSBWaW9sZXQgQXVyYQ==,,,,,,,VHJhamUgQXVyYSBWaW9sZXRh
08yNBA,,Q29zdHVtZSBQaW5rIEF1cmE=,,,,,,,RGlzZnJheiBQaW5rIEF1cmE=
1MyNBA,,Q29zdHVtZSBIaW1tZWxtZXogU3dvcmQ=,,,,,,,VHJhamUgSGltbWVsbWV6IEVzcGFkYQ==
1cyNBA,,Q29zdHVtZSBCaWcgVHJlYXN1cmUgQ2hlc3Q=,,,,,,,RGlzZnJheiBHcmFuIENvZnJlIGRlbCBUZXNvcm8=
1syNBA,,Q29zdHVtZSBSYXRhIFRhaWw=,,,,,,,VHJhamUgUmF0YSBDb2xh
18yNBA,,Q29zdHVtZSBVbmljb3JuIEZhbiB0cmF2,,,,,,,VmlhamUgZmFudMOhc3RpY28gZW4gdW5pY29ybmlvIGRlY29yYXRpdm8=
2MyNBA,,Q29zdHVtZSBFdmlsIFNjeXRoZQ==,,,,,,,RGlzZnJheiBHdWFkYcOxYSBtYWxpZ25h
2cyNBA,,Q29zdHVtZSBDb3NtaWMgQ29ubmVjdGlvbg==,,,,,,,VHJhamUgQ29uZXhpw7NuIGPDs3NtaWNh
2syNBA,,Q29zdHVtZSBTd2VldCBGbG93ZXIgR2FyZGVu,,,,,,,RGlzZnJhY2VzIER1bGNlIGphcmTDrW4gZGUgZmxvcmVz
28yNBA,,Q29zdHVtZSBHbGFzcyBSb3NlIEdhcmRlbg==,,,,,,,RGlzZnJhY2VzIGRlIGNyaXN0YWwgUm9zYWxlZGE=
3MyNBA,,Q29zdHVtZSBTYWt1cmEgUm9k,,,,,,,QsOhY3VsbyBkZSDDoXJib2wgZGUgU2FrdXJhIGRlY29yYXRpdm8=
3cyNBA,,Q29zdHVtZSBDYXQgRG9sbCBCYWNr,,,,,,,Qm9sc28gZGUgbXXDsWVjbyBkZSBnYXRvIGRlY29yYXRpdm8=
3syNBA,,Q29zdHVtZSBSYWJiaXQgVGFpbA==,,,,,,,RGlzZnJheiBDb2xhIGRlIENvbmVqbw==
38yNBA,,Q29zdHVtZSBDeWJlciBSaWZsZQ==,,,,,,,RGlzZnJheiBkZSBjaWJlcmZ1c2ls
4MyNBA,,Q29zdHVtZSBEZWZlbnNlIFNoaWVsZA==,,,,,,,RXNjdWRvIGRlIGRlZmVuc2EgZGVsIHRyYWpl
4cyNBA,,Q29zdHVtZSBDeWJlciBTd29yZA==,,,,,,,RGlzZnJheiBDeWJlciBTd29yZA==
4syNBA,,Q29zdHVtZSBQcmluY2VzcyBTY3l0aGU=,,,,,,,R3VhZGHDsWEgZGUgbGEgcHJpbmNlc2EgbWVzdGl6YSBkZWNvcmF0aXZh
48yNBA,,Q29zdHVtZSBBcnRpc3QgQnV0dGVyZmx5IFdpbmdz,,,,,,,QXJ0aXN0YSBkZSB2ZXN0dWFyaW8gQWxhcyBkZSBtYXJpcG9zYQ==
5MyNBA,,Q29zdHVtZSBTdHJpa2luZyBNaWtvc2hp,,,,,,,VHJhamUgU3RyaWtpbmcgTWlrb3NoaQ==
5cyNBA,,Q29zdHVtZSBMZXRpY2lhIFdpbmc=,,,,,,,VHJhamUgTGV0aWNpYSBXaW5n
5syNBA,,Q29zdHVtZSBBbmNpZW50IEQgU3BlYXI=,,,,,,,RGlzZnJheiBMYW56YSBBbnRpZ3VhIEQ=
58yNBA,,Q29zdHVtZSBHdWFudCBNYWQgQnVubnk=,,,,,,,Q29uZWpvIGxvY28gZ2lnYW50ZSBkZWNvcmF0aXZv
6MyNBA,,Q29zdHVtZSBDaW5uYW1vcm9sbCBCYWNrcGFjaw==,,,,,,,RGlzZnJheiBDaW5uYW1vcm9sbCBNb2NoaWxh
6cyNBA,,Qy4gQ3Jvd24gQ2lubmFtb3JvbGwgQmFja3BhY2s=,,,,,,,Qy4gTW9jaGlsYSBDcm93biBDaW5uYW1vcm9sbA==
6syNBA,,Q29zdHVtZSBEaXZpbmUgUGhvZW5peA==,,,,,,,RGlzZnJheiBEaXZpbmUgUGhvZW5peA==
68yNBA,,Q29zdHVtZSBEYXJrIExvcmQgTWFudGVhdQ==,,,,,,,RGlzZnJheiBEYXJrIExvcmQgTWFudGVhdQ==
7MyNBA,,Q29zdHVtZSBUd2luIEJsYWRlcyBvZiBFdmlsIFNvdWw=,,,,,,,RGlzZnJheiBUd2luIEJsYWRlcyBvZiBFdmlsIFNvdWw=
7cyNBA,,Q29zdHVtZSBHaWFudCBTaHVyaWtlbg==,,,,,,,RGlzZnJheiBTaHVyaWtlbiBHaWdhbnRl
7syNBA,,Q29zdHVtZSBWYWxreXJpZSBDdXJzZSBCcmlnaHQ=,,,,,,,VHJhamUgVmFscXVpcmlhIE1hbGRpY2nDs24gQnJpbGxhbnRl
78yNBA,,Q29zdHVtZSBNeXN0ZXJ5IFdpbmc=,,,,,,,RGlzZnJheiBBbGEgTWlzdGVyaW9zYQ==
8MyNBA,,Q29zdHVtZSBDaHJpc3RtYXMgV2luZw==,,,,,,,RGlzZnJheiBBbGEgZGUgTmF2aWRhZA==
8cyNBA,,Q29zdHVtZSBTYW50YSBCYWNrcGFjaw==,,,,,,,RGlzZnJheiBkZSBQYXDDoSBOb2VsIE1vY2hpbGE=
8syNBA,,Q29zdHVtZSBXaGl0ZSBOaW5lLVRhaWxlZCBGb3g=,,,,,,,RGlzZnJheiBkZSB6b3JybyBibGFuY28gZGUgbnVldmUgY29sYXM=
88yNBA,,Q29zdHVtZSBNZWxvZHkgV2luZ3M=,,,,,,,RGlzZnJheiBNZWxvZHkgV2luZ3M=
9MyNBA,,Q29zdHVtZSBEaWFib2xpYyBSb2NrIEd1aXRhcg==,,,,,,,RGlzZnJheiBHdWl0YXJyYSBEaWFiw7NsaWNhIFJvY2s=
9cyNBA,,Q29zdHVtZSBTdW4gRW1wZXJvciBXaW5n,,,,,,,VHJhamUgQWxhIEVtcGVyYWRvciBTb2w=
9syNBA,,Q29zdHVtZSBWYWNhdGlvbiBOZXQ=,,,,,,,UmVkIGRlIHZhY2FjaW9uZXMgcGFyYSBkaXNmcmFjZXM=
98yNBA,,Q29zdHVtZSBBcXVhIEZpbiBEZWNvcmF0aW9u,,,,,,,RGlzZnJheiBBcXVhIEZpbiBEZWNvcmF0aW9u
+MyNBA,,Q29zdHVtZSBTdXJmIEJvYXJk,,,,,,,RGlzZnJheiBUYWJsYSBkZSBTdXJm
+cyNBA,,Q29zdHVtZSBCYWxsb29uIFdpbmc=,,,,,,,RGlzZnJheiBHbG9ibyBBbGE=
+syNBA,,Q29zdHVtZSBIZWFydCBTdGljayBDaG9jb2xhdGU=,,,,,,,RGlzZnJheiBDb3JhesOzbiBQYWxvIENob2NvbGF0ZQ==
+8yNBA,,Q29zdHVtZSBBbmdyeSBCZWFyIEJhZw==,,,,,,,RGlzZnJheiBCb2xzYSBPc28gRW5mYWRhZG8=
/MyNBA,,Q29zdHVtZSBMdW5hdGljIEJhZw==,,,,,,,Qm9sc2EgQ29zdHVtZSBMdW5hdGlj
/cyNBA,,Q29zdHVtZSBOaWZsaGVpbSBCbG9vbQ==,,,,,,,VHJhamUgTmlmbGhlaW0gQmxvb20=
/syNBA,,Q29zdHVtZSBBbmdlbCBXaW5ncw==,,,,,,,RGlzZnJheiDDgW5nZWwgQWxhcw==
/8yNBA,,Q29zdHVtZSAyMHRoIEFubml2ZXJzYXJ5IFdpbmdz,,,,,,,VHJhamUgMjAgYW5pdmVyc2FyaW8gQWxhcw==
AM2NBA,,Q29zdHVtZSBQb3JpbmcgQmFn,,,,,,,Qm9sc2EgcGFyYSBkaXNmcmFjZXM=
Ac2NBA,,Q29zdHVtZSBCbHVlIFJvc2UgR2FyZGVu,,,,,,,RGlzZnJheiBSb3NhbGVkYSBBenVs
As2NBA,,Q29zdHVtZSBDbHV0Y2ggQm91cXVldA==,,,,,,,RGlzZnJheiBDbHV0Y2ggQm91cXVldA==
A82NBA,,Q29zdHVtZSBEcmFnb24gQmFja3BhY2s=,,,,,,,TW9jaGlsYSBEaXNmcmF6IERyYWfDs24=
BM2NBA,,Q29zdHVtZSBEYXJrIExvcmQgQ2xvYWs=,,,,,,,RGlzZnJheiBDYXBhIGRlbCBTZcOxb3IgT3NjdXJv
Bc2NBA,,Q29zdHVtZSBNb29ubGlnaHQgQmVsbA==,,,,,,,RGlzZnJheiBDYW1wYW5pbGxhIGEgbGEgbHV6IGRlIGxhIGx1bmE=
Bs2NBA,,Q29zdHVtZSBMb3JkIE9mIERlYXRoIFNoaWVsZA==,,,,,,,RXNjdWRvIGRlbCBTZcOxb3IgZGUgbG9zIG11ZXJ0b3MgZGVjb3JhdGl2bw==
B82NBA,,Q29zdHVtZSBTa2lhJ3MgU3dvcmQ6IE1pbGt5,,,,,,,RXNwYWRhIGRlY29yYXRpdmEgZGUgU2tpYTogTMOhY3RlYQ==
CM2NBA,,Q29zdHVtZSBMYWJyeXMgQXhl,,,,,,,VHJhamUgTGFicnlzIEhhY2hh
Cc2NBA,,Q29zdHVtZSBCYWNrIFJpYmJvbiBCZWxsIChCbHVlKQ==,,,,,,,Q2FtcGFuYSBjb24gY2ludGEgcGFyYSBsYSBlc3BhbGRhIChhenVsKQ==
Cs2NBA,,Q29zdHVtZSBBc3RyYSBCbGVzc2luZw==,,,,,,,VHJhamUgQXN0cmEgQmxlc3Npbmc=
C82NBA,,Q29zdHVtZSBTZXJhcGhpbSBXaW5ncw==,,,,,,,RGlzZnJheiBTZXJhZsOtbiBBbGFz
DM2NBA,,Q29zdHVtZSBXZWRkaW5nIFJpYmJvbg==,,,,,,,VHJhamUgZGUgbGF6byBkZSBib2Rh
Dc2NBA,,Q29zdHVtZSBOaW5ldGFpbCdzIFRhaWw=,,,,,,,VHJhamUgQ29sYSBkZSBOaW5ldGFpbA==
Ds2NBA,,Q29zdHVtZSBPcmllbnRhbCBVbWJyZWxsYQ==,,,,,,,RGlzZnJheiBQYXJhZ3VhcyBPcmllbnRhbA==
D82NBA,,Q29zdHVtZSBNdXJhbnlhc2E=,,,,,,,VHJhamUgTXVyYW55YXNh
EM2NBA,,Q29zdHVtZSBWYWxreXJpZSBTcGVhcg==,,,,,,,RGlzZnJheiBkZSBWYWxxdWlyaWEgTGFuemE=
Ec2NBA,,Q29zdHVtZSBHaWFudCBBbmdlbGluZw==,,,,,,,RGlzZnJheiBBbmdlbGluZyBHaWdhbnRl
Es2NBA,,Q29zdHVtZSBTb2xkaWVyIEJhY2twYWNr,,,,,,,RGlzZnJheiBkZSBzb2xkYWRvIE1vY2hpbGE=
E82NBA,,Q29zdHVtZSBUcmF2ZWxlciBCYWc=,,,,,,,Qm9sc2EgZGUgdmlhamUgcGFyYSBkaXNmcmFjZXM=
FM2NBA,,Q29zdHVtZSBTYWt1cmEgUmliYm9u,,,,,,,VHJhamUgU2FrdXJhIENpbnRh
Fc2NBA,,Q29zdHVtZSBTY2VwdGVy,,,,,,,Q2V0cm8gcGFyYSBkaXNmcmFjZXM=
Fs2NBA,,Q29zdHVtZSBHaWFudCBXaGl0ZSBSYWJiaXQ=,,,,,,,RGlzZnJheiBDb25lam8gQmxhbmNvIEdpZ2FudGU=
F82NBA,,Q29zdHVtZSBIYW9yaSBDb2F0,,,,,,,VHJhamUgSGFvcmkgQ29hdA==
GM2NBA,,Q29zdHVtZSBTbm93IFBvd2Rlcg==,,,,,,,UG9sdm8gZGUgbmlldmUgcGFyYSBkaXNmcmFjZXM=
Gc2NBA,,Q29zdHVtZSBLaW5ncyBUd2luIFN3b3Jk,,,,,,,RXNwYWRhIGdlbWVsYSBDb3N0dW1lIEtpbmdz
Gs2NBA,,Q29zdHVtZSBQb3JpbmcgQmFza2V0,,,,,,,Q2VzdGEgZGUgcG9ydGFycmV0cmF0b3M=
G82NBA,,QWR2ZW50dXJlIENhdCdzIEJhZw==,,,,,,,Qm9sc2EgZGVsIEdhdG8gQXZlbnR1cmVybw==
HM2NBA,,Rmxvd2VyIFdpbmdz,,,,,,,QWxhcyBkZSBmbG9y
Hc2NBA,,Q29zdHVtZSBTYW1iYSBDYXJuaXZhbCBGZWF0aGVy,,,,,,,RGlzZnJheiBTYW1iYSBDYXJuYXZhbCBQbHVtYQ==
Hs2NBA,,Q29zdHVtZSBOeWRob2cncyBSdW1vcg==,,,,,,,VHJhamUgUnVtb3IgZGUgTnlkaG9n
H82NBA,,Q29zdHVtZSBHaWFudCBTaGFyaw==,,,,,,,RGlzZnJheiBkZSB0aWJ1csOzbiBnaWdhbnRl
IM2NBA,,Q29zdHVtZSBIb29rZWQgU3RyYXcgSGF0,,,,,,,U29tYnJlcm8gZGUgcGFqYSBjb24gZ2FuY2hv
Ic2NBA,,Q29zdHVtZSBCbGFjayBDYXQgQmFja3BhY2s=,,,,,,,RGlzZnJheiBNb2NoaWxhIEdhdG8gTmVncm8=
Is2NBA,,V2luZyBvZiBIZWFydA==,,,,,,,QWxhIGRlIGNvcmF6w7Nu
I82NBA,,Q29zdHVtZSBMb2xpIFJ1cmkncyBNb29u,,,,,,,VHJhamUgTG9saSBMdW5hIGRlIFJ1cmk=
JM2NBA,,Q29zdHVtZSBCb3cgb24gQmFjaw==,,,,,,,VHJhamUgTGF6byBlbiBsYSBlc3BhbGRh
Jc2NBA,,Q29zdHVtZSBGcm96ZW4gQ3J5c3RhbCBXaW5ncw==,,,,,,,RGlzZnJheiBGcm96ZW4gQWxhcyBkZSBDcmlzdGFs
Js2NBA,,Q29zdHVtZSBTYWt1cmEgV2luZ3M=,,,,,,,RGlzZnJheiBTYWt1cmEgQWxhcw==
J82NBA,,Q29zdHVtZSBVbHlzc2VzIFdpbmdz,,,,,,,RGlzZnJheiBVbGlzZXMgQWxhcw==
KM2NBA,,Q29zdHVtZSBMZWFmIFVtYnJlbGxh,,,,,,,UGFyYWd1YXMgZGUgaG9qYXMgcGFyYSBkaXNmcmFjZXM=
Kc2NBA,,Q29zdHVtZSBCYWxkciBXaW5n,,,,,,,VHJhamUgQmFsZHIgV2luZw==
Ks2NBA,,Q29zdHVtZSBHb3VyZCBTYWtlIEJvdHRsZQ==,,,,,,,Qm90ZWxsYSBkZSBzYWtlIGRlIGNhbGFiYXphIGRpc2ZyYXphZGE=
K82NBA,,Q29zdHVtZSBNZWNoYW5pY2FsIEJ1dHRlcmZseQ==,,,,,,,RGlzZnJheiBNYXJpcG9zYSBNZWPDoW5pY2E=
LM2NBA,,Q29zdHVtZSBXaW5kLXVwIFNjcmV3,,,,,,,RGlzZnJheiBUb3JuaWxsbyBkZSBjdWVyZGE=
Lc2NBA,,Q29zdHVtZSBSb3RhdGluZyBHZWFycw==,,,,,,,RW5ncmFuYWplcyBnaXJhdG9yaW9zIHBhcmEgZGlzZnJhY2Vz
Ls2NBA,,Q29zdHVtZSBCZWFyIEJhY2twYWNr,,,,,,,RGlzZnJheiBPc28gTW9jaGlsYQ==
L82NBA,,Q29zdHVtZSBGYWxsaW5nIFJlZCBGb2xpYWdl,,,,,,,RGlzZnJheiBDYcOtZGEgZGVsIGZvbGxhamUgcm9qbw==
MM2NBA,,Q29zdHVtZSBCYWNrcGFjayAoUmVkKQ==,,,,,,,TW9jaGlsYSBwYXJhIGRpc2ZyYWNlcyAocm9qYSk=
Mc2NBA,,Q29zdHVtZSBCYWNrcGFjayAoQmxhY2sp,,,,,,,TW9jaGlsYSBwYXJhIGRpc2ZyYWNlcyAobmVncmEp
Ms2NBA,,Q29zdHVtZSBIZXJvaWMgQmFja3BhY2s=,,,,,,,TW9jaGlsYSBDb3N0dW1lIEhlcm9pYw==
M82NBA,,Q29zdHVtZSBSdWRyYSBXaW5n,,,,,,,QWxhcyBjb24gbGEgZ3JhY2lhIGRlIFJ1ZHJhIGRlY29yYXRpdmE=
NM2NBA,,Q29zdHVtZSBBcmNoYW5nZWwgV2luZw==,,,,,,,VHJhamUgQXJjw6FuZ2VsIEFsYQ==
Nc2NBA,,Q29zdHVtZSBBbWlzdHIgQmFn,,,,,,,Qm9sc2EgQW1pc3RyIERpc2ZyYWNlcw==
Ns2NBA,,Q29zdHVtZSBXaW5ncyBvZiBIYXBwaW5lc3M=,,,,,,,RGlzZnJheiBBbGFzIGRlIGZlbGljaWRhZA==
N82NBA,,Q29zdHVtZSBNYWdpYyBDaXJjbGU=,,,,,,,Q8OtcmN1bG8gbcOhZ2ljbyBkZSBkaXNmcmFjZXM=
OM2NBA,,Q29zdHVtZSBTd29yZCBvZiBUaGFuYXRvcw==,,,,,,,VHJhamUgRXNwYWRhIGRlIFRoYW5hdG9z
Oc2NBA,,Q29zdHVtZSBXaGlzcGVyJ3MgQmxlc3Npbmc=,,,,,,,RGlzZnJheiBMYSBiZW5kaWNpw7NuIGRlbCBzdXN1cnJv
Os2NBA,,Q29zdHVtZSBGdWxsIEJsb29tIENoZXJyeSBUcmVl,,,,,,,VHJhamUgQ2VyZXpvIGVuIGZsb3I=
O82NBA,,Q29zdHVtZSBCaWcgV2hpdGUgQ2F0,,,,,,,RGlzZnJheiBHcmFuIEdhdG8gQmxhbmNv
PM2NBA,,Q29zdHVtZSBWYWxreXJpZSBXaW5ncw==,,,,,,,RGlzZnJheiBWYWxxdWlyaWEgQWxhcw==
Pc2NBA,,Q29zdHVtZSBOaWZsaGVpbSBLZXk=,,,,,,,RGlzZnJheiBOaWZsaGVpbSBLZXk=
Ps2NBA,,Q29zdHVtZSBIYWxsb3dlZW4gUG9yaW5nIEJhZw==,,,,,,,Qm9sc2EgcGFyYSBkaXNmcmFjZXMgZGUgSGFsbG93ZWVu
P82NBA,,W0xhY2UgTGEgWmFyZF0KSG1tLi4gVGhhdCBpdGVtIGlzIG5vdCBwb3NzaWJsZSBmb3IgdXBncmFkaW5nLg==,,,,,,,W0xhY2UgTGEgWmFyZF0KTW1t4oCmIE5vIGVzIHBvc2libGUgbWVqb3JhciBlc3RlIG9iamV0by4=
QM2NBA,,W0xhY2UgTGEgWmFyZF0KV293IF4wMDAwRkZ7fV4wMDAwMDAhISEgWW91IGdvdCBzb21lIHNlbnNlIHRoZXJlLCBhcmVuJ3QgeW91PwpHcmVhdCEhIEknbSBmdWxseSByZWFkeSBmb3IgdGhpcyB1cGdyYWRlISE=,,,,,,,W0xhY2UgTGEgWmFyZF0KwqFHdWF1ISDCoV5GRjAwMDB7fV4wMDAwMDAhIFRpZW5lcyBhbGdvIGRlIHNlbnRpZG8gY29tw7puLCDCv3ZlcmRhZD8KwqFHZW5pYWwhIMKhVGVuZ28gdG9kbyBsaXN0byBwYXJhIGVzdGEgbWVqb3JhIQ==
Qc2NBA,,QVNQRCBTdG9uZSAoe30pbGVmdA==,,,,,,,UGllZHJhIGRlIFZFTEEgKHRpZW5lcyB7fSk=
Qs2NBA,,SFAgQWJzb3JwdGlvbiBTdG9uZSAoe30pbGVmdA==,,,,,,,UGllZHJhIGRlIGFic29yY2nDs24gZGUgUFYgKHRpZW5lcyB7fSk=
Q82NBA,,U1AgQWJzb3JwdGlvbiBTdG9uZSAoe30pbGVmdA==,,,,,,,UGllZHJhIGRlIGFic29yY2nDs24gZGUgUE0gKHRpZW5lcyB7fSk=
RM2NBA,,U3BlbGwgU3RvbmUgKEdhcm1lbnQpICh7fSlsZWZ0,,,,,,,UGllZHJhIGRlIGhlY2hpem8gKHByZW5kYSkgKHRpZW5lcyB7fSk=
Rc2NBA,,TWlub3IgQ2FzdGluZyBTdG9uZShHYXJtZW50KSAoe30pbGVmdA==,,,,,,,UGllZHJhIGRlIGxhbnphbWllbnRvIG1lbm9yIChwcmVuZGEpICh0aWVuZXMge30p
Rs2NBA,,RG91YmxlIEF0dGFjayBTdG9uZShHYXJtZW50KSAoe30pbGVmdA==,,,,,,,UGllZHJhIGRlIGRvYmxlIGF0YXF1ZSAocHJlbmRhKSAodGllbmVzIHt9KQ==
R82NBA,,Q3JpdGljYWwgU3RvbmUoR2FybWVudCkgKHt9KWxlZnQ=,,,,,,,UGllZHJhIGRlIMOtbmRpY2UgY3LDrXRpY28gKHByZW5kYSkgKHRpZW5lcyB7fSk=
SM2NBA,,VmFyaWFibGUgQ2FzdGluZyBTdG9uZShHYXJtZW50KSAoe30pbGVmdA==,,,,,,,UGllZHJhIGRlIGxhbnphbWllbnRvIHZhcmlhYmxlIChwcmVuZGEpICh0aWVuZXMge30p
Sc2NBA,,U3VyYSBTdG9uZSAoR2FybWVudCkgKHt9KWxlZnQ=,,,,,,,UGllZHJhIGRlbCBTdXJhIChwcmVuZGEpICh0aWVuZXMge30p
Ss2NBA,,UmFuZ2VyIFN0b25lIChHYXJtZW50KSAoe30pbGVmdA==,,,,,,,UGllZHJhIGRlbCBFcnJhbnRlIChwcmVuZGEpICh0aWVuZXMge30p
S82NBA,,U29yY2VyZXIgU3RvbmUgKEdhcm1lbnQpICh7fSlsZWZ0,,,,,,,UGllZHJhIGRlbCBDb25qdXJhZG9yIChwcmVuZGEpICh0aWVuZXMge30p
TM2NBA,,UnVuZSBLbmlnaHQgU3RvbmUgKEdhcm1lbnQpICh7fSlsZWZ0,,,,,,,UGllZHJhIGRlbCBDYWJhbGxlcm8gcsO6bmljbyAocHJlbmRhKSAodGllbmVzIHt9KQ==
Tc2NBA,,R2VuZXRpY2lzdCBTdG9uZSAoR2FybWVudCkgKHt9KWxlZnQ=,,,,,,,UGllZHJhIGRlbCBHZW5ldGlzdGEgKHByZW5kYSkgKHRpZW5lcyB7fSk=
Ts2NBA,,V2FybG9jayBTdG9uZSAoR2FybWVudCkgKHt9KWxlZnQ=,,,,,,,UGllZHJhIGRlbCBCcnVqbyAocHJlbmRhKSAodGllbmVzIHt9KQ==
T82NBA,,U2hhZG93Y2hhc2VyIFN0b25lIChHYXJtZW50KSAoe30pbGVmdA==,,,,,,,UGllZHJhIGRlbCBQZXJzZWd1aWRvciBkZSBzb21icmFzIChwcmVuZGEpICh0aWVuZXMge30p
UM2NBA,,TWVjaGFuaWMgU3RvbmUgKEdhcm1lbnQpICh7fSlsZWZ0,,,,,,,UGllZHJhIGRlbCBNZWPDoW5pY28gKHByZW5kYSkgKHRpZW5lcyB7fSk=
Uc2NBA,,V2FuZGVyZXIgTWFlc3RybyBTdG9uZSAoR2FybWVudCkgKHt9KWxlZnQ=,,,,,,,UGllZHJhIGRlbCBNYWVzdHJvIHkgZGUgbGEgTsOzbWFkYSAocHJlbmRhKSAodGllbmVzIHt9KQ==
Us2NBA,,QXJjaCBCaXNob3AgU3RvbmUgKEdhcm1lbnQpICh7fSlsZWZ0,,,,,,,UGllZHJhIGRlbCBBcnpvYmlzcG8gKHByZW5kYSkgKHRpZW5lcyB7fSk=
U82NBA,,Um95YWwgR3VhcmQgU3RvbmUgKEdhcm1lbnQpICh7fSlsZWZ0,,,,,,,UGllZHJhIGRlbCBHdWFyZGlhIHJlYWwgKHByZW5kYSkgKHRpZW5lcyB7fSk=
VM2NBA,,R3VpbGxvdGluZSBDcm9zcyBTdG9uZSAoR2FybWVudCkgKHt9KWxlZnQ=,,,,,,,UGllZHJhIGRlbCBDb3J0YWRvciBkZSBjcnVjZXMgKHByZW5kYSkgKHRpZW5lcyB7fSk=
Vc2NBA,,U3VyYSBTdG9uZSBJSSAoR2FybWVudCkgKHt9KWxlZnQ=,,,,,,,UGllZHJhIGRlbCBTdXJhIElJIChwcmVuZGEpICh0aWVuZXMge30p
Vs2NBA,,U29yY2VyZXIgU3RvbmUgSUkgKEdhcm1lbnQpICh7fSlsZWZ0,,,,,,,UGllZHJhIGRlbCBDb25qdXJhZG9yIElJIChwcmVuZGEpICh0aWVuZXMge30p
V82NBA,,U2hhZG93Y2hhc2VyIFN0b25lIElJIChHYXJtZW50KSAoe30pbGVmdA==,,,,,,,UGllZHJhIGRlbCBQZXJzZWd1aWRvciBkZSBzb21icmFzIElJIChwcmVuZGEpICh0aWVuZXMge30p
WM2NBA,,U291bCBSZWFwZXIgU3RvbmUgKEdhcm1lbnQpICh7fSlsZWZ0,,,,,,,UGllZHJhIGRlbCBDb3NlY2hhZG9yIGRlIGFsbWFzIChwcmVuZGEpICh0aWVuZXMge30p
Wc2NBA,,U3RhciBFbXBlcm9yIFN0b25lIChHYXJtZW50KSAoe30pbGVmdA==,,,,,,,UGllZHJhIGRlbCBFbXBlcmFkb3IgZXN0ZWxhciAocHJlbmRhKSAodGllbmVzIHt9KQ==
Ws2NBA,,S2FnZXJvdSBTdG9uZSAoR2FybWVudCkgKHt9KWxlZnQ=,,,,,,,UGllZHJhIGRlbCBLYWdlcm91IChwcmVuZGEpICh0aWVuZXMge30p
W82NBA,,T2Jvcm8gU3RvbmUgKEdhcm1lbnQpICh7fSlsZWZ0,,,,,,,UGllZHJhIGRlIGxhIE9ib3JvIChwcmVuZGEpICh0aWVuZXMge30p
XM2NBA,,UmViZWxsaW9uIFN0b25lIChHYXJtZW50KSAoe30pbGVmdA==,,,,,,,UGllZHJhIGRlIGxhIHJlYmVsacOzbiAocHJlbmRhKSAodGllbmVzIHt9KQ==
Xc2NBA,,RG9yYW0gU3RvbmUgKEdhcm1lbnQpICh7fSlsZWZ0,,,,,,,UGllZHJhIGRlbCBEb3JhbSAocHJlbmRhKSAodGllbmVzIHt9KQ==
Xs2NBA,,UmFuZ2VyIFN0b25lIElJIChHYXJtZW50KSAoe30pbGVmdA==,,,,,,,UGllZHJhIGRlbCBFcnJhbnRlIElJIChwcmVuZGEpICh0aWVuZXMge30p
X82NBA,,TWVjaGFuaWMgU3RvbmUgSUkgKEdhcm1lbnQpICh7fSlsZWZ0,,,,,,,UGllZHJhIGRlbCBNZWPDoW5pY28gSUkgKHByZW5kYSkgKHRpZW5lcyB7fSk=
YM2NBA,,QXJjaGJpc2hvcCBTdG9uZSBJSSAoR2FybWVudCkgKHt9KWxlZnQ=,,,,,,,UGllZHJhIGRlbCBBcnpvYmlzcG8gSUkgKHByZW5kYSkgKHRpZW5lcyB7fSk=
Yc2NBA,,V2FybG9jayBTdG9uZSBJSSAoR2FybWVudCkgKHt9KWxlZnQ=,,,,,,,UGllZHJhIGRlbCBCcnVqbyBJSSAocHJlbmRhKSAodGllbmVzIHt9KQ==
Ys2NBA,,Um95YWwgR3VhcmQgU3RvbmUgSUkgKEdhcm1lbnQpICh7fSlsZWZ0,,,,,,,UGllZHJhIGRlbCBHdWFyZGlhIHJlYWwgSUkgKHByZW5kYSkgKHRpZW5lcyB7fSk=
Y82NBA,,R3VpbGxvdGluZSBDcm9zcyBTdG9uZSBJSSAoR2FybWVudCkgKHt9KWxlZnQ=,,,,,,,UGllZHJhIGRlbCBDb3J0YWRvciBkZSBjcnVjZXMgSUkgKHByZW5kYSkgKHRpZW5lcyB7fSk=
ZM2NBA,,UnVuZSBLbmlnaHQgU3RvbmUgSUkgKEdhcm1lbnQpICh7fSlsZWZ0,,,,,,,UGllZHJhIGRlbCBDYWJhbGxlcm8gcsO6bmljbyBJSSAocHJlbmRhKSAodGllbmVzIHt9KQ==
Zc2NBA,,R2VuZXRpY2lzdCBTdG9uZSBJSSAoR2FybWVudCkgKHt9KWxlZnQ=,,,,,,,UGllZHJhIGRlbCBHZW5ldGlzdGEgSUkgKHByZW5kYSkgKHRpZW5lcyB7fSk=
Zs2NBA,,V2FuZGVyZXIgTWFlc3RybyBTdG9uZSBJSSAoR2FybWVudCkgKHt9KWxlZnQ=,,,,,,,UGllZHJhIGRlbCBNYWVzdHJvIHkgZGUgbGEgTsOzbWFkYSBJSSAocHJlbmRhKSAodGllbmVzIHt9KQ==
Z82NBA,,QVNQRCsxKER1YWwpIChHYXJtZW50KSAoe30pbGVmdA==,,,,,,,UGllZHJhIGRlIFZFTEErMSAoZG9ibGUpIChwcmVuZGEpICh0aWVuZXMge30p
aM2NBA,,VmFyaWFibGUgQ2FzdGluZyBTdG9uZShEdWFsKSAoR2FybWVudCkgKHt9KWxlZnQ=,,,,,,,UGllZHJhIGRlIGxhbnphbWllbnRvIHZhcmlhYmxlIChkb2JsZSkgKHByZW5kYSkgKHRpZW5lcyB7fSk=
ac2NBA,,TWVsZWUgU3RvbmUoRHVhbCkoR2FybWVudCkgKHt9KWxlZnQ=,,,,,,,UGllZHJhIGRlIGRhw7FvIGN1ZXJwbyBhIGN1ZXJwbyAoZG9ibGUpIChwcmVuZGEpICh0aWVuZXMge30p
as2NBA,,SFAgQWJzb3JwdGlvbihEdWFsKSAoR2FybWVudCkgKHt9KWxlZnQ=,,,,,,,UGllZHJhIGRlIGFic29yY2nDs24gZGUgUFYgKGRvYmxlKSAocHJlbmRhKSAodGllbmVzIHt9KQ==
a82NBA,,TWFnaWMgUG93ZXIgU3RvbmUoRHVhbCkgKEdhcm1lbnQpICh7fSlsZWZ0,,,,,,,UGllZHJhIGRlIHBvZGVyIG3DoWdpY28gKGRvYmxlKSAocHJlbmRhKSAodGllbmVzIHt9KQ==
bM2NBA,,TWlub3IgQ2FzdGluZyBTdG9uZSAoRHVhbCkgKEdhcm1lbnQpICh7fSlsZWZ0,,,,,,,UGllZHJhIGRlIGxhbnphbWllbnRvIG1lbm9yIChkb2JsZSkgKHByZW5kYSkgKHRpZW5lcyB7fSk=
bc2NBA,,UmFuZ2UgU3RvbmUoRHVhbCkgKEdhcm1lbnQpICh7fSlsZWZ0,,,,,,,UGllZHJhIGRlIGFsY2FuY2UgKGRvYmxlKSAocHJlbmRhKSAodGllbmVzIHt9KQ==
bs2NBA,,U1AgQWJzb3JwdGlvbiBTdG9uZSAoRHVhbCkgKEdhcm1lbnQpICh7fSlsZWZ0,,,,,,,UGllZHJhIGRlIGFic29yY2nDs24gZGUgUE0gKGRvYmxlKSAocHJlbmRhKSAodGllbmVzIHt9KQ==
b82NBA,,UmVsb2FkIFN0b25lIChEdWFsKSAoR2FybWVudCkgKHt9KWxlZnQ=,,,,,,,UGllZHJhIGRlIHJlY2FyZ2EgKGRvYmxlKSAocHJlbmRhKSAodGllbmVzIHt9KQ==
cM2NBA,,Q3JlYXRpdmUgU3RvbmUgKER1YWwpIChHYXJtZW50KSAoe30pbGVmdA==,,,,,,,UGllZHJhIGRlIGNyZWF0aXZpZGFkIChkb2JsZSkgKHByZW5kYSkgKHRpZW5lcyB7fSk=
cc2NBA,,Q3JpdGljYWwgU3RvbmUgKER1YWwpIChHYXJtZW50KSAoe30pbGVmdA==,,,,,,,UGllZHJhIGRlIMOtbmRpY2UgY3LDrXRpY28gKGRvYmxlKSAocHJlbmRhKSAodGllbmVzIHt9KQ==
cs2NBA,,Q29uY2VudHJhdGlvbiBTdG9uZSAoRHVhbCkgKEdhcm1lbnQpICh7fSlsZWZ0,,,,,,,UGllZHJhIGRlIGNvbmNlbnRyYWNpw7NuIChkb2JsZSkgKHByZW5kYSkgKHRpZW5lcyB7fSk=
c82NBA,,U3BlbGwgU3RvbmUgKER1YWwpIChHYXJtZW50KSAoe30pbGVmdA==,,,,,,,UGllZHJhIGRlIGhlY2hpem8gKGRvYmxlKSAocHJlbmRhKSAodGllbmVzIHt9KQ==
dM2NBA,,U3BlbGwgTWFnaWMgQXR0YWNrIFN0b25lIChHYXJtZW50KSAoe30pbGVmdA==,,,,,,,UGllZHJhIGRlIGF0YXF1ZSBtw6FnaWNvIGNvbiBoZWNoaXpvIChwcmVuZGEpICh0aWVuZXMge30p
dc2NBA,,TWVsZWUgUGh5c2ljYWwgQXR0YWNrIFN0b25lIChHYXJtZW50KSAoe30pbGVmdA==,,,,,,,UGllZHJhIGRlIGF0YXF1ZSBmw61zaWNvIGN1ZXJwbyBhIGN1ZXJwbyAocHJlbmRhKSAodGllbmVzIHt9KQ==
ds2NBA,,UmFuZ2UgUGh5c2ljYWwgQXR0YWNrIFN0b25lIChHYXJtZW50KSAoe30pbGVmdA==,,,,,,,UGllZHJhIGRlIGF0YXF1ZSBmw61zaWNvIGEgZGlzdGFuY2lhIChwcmVuZGEpICh0aWVuZXMge30p
d82NBA,,UG93ZXIgU3RvbmUgKER1YWwpICh7fSlsZWZ0,,,,,,,UGllZHJhIGRlIHBvZGVyIChkb2JsZSkgKHRpZW5lcyB7fSk=
eM2NBA,,UmVzaXN0IERlZmVuc2UgU3RvbmUgKEdhcm1lbnQpICh7fSlsZWZ0,,,,,,,UGllZHJhIGRlIGRlZmVuc2EgeSByZXNpc3RlbmNpYSAocHJlbmRhKSAodGllbmVzIHt9KQ==
ec2NBA,,U3RhbWluYSBXaXNkb20gU3RvbmUgKER1YWwpICh7fSlsZWZ0,,,,,,,UGllZHJhIGRlIHNhYmlkdXLDrWEgeSBhZ3VhbnRlIChkb2JsZSkgKHRpZW5lcyB7fSk=
es2NBA,,U2hpbmtpcm8gU3RvbmUgKEdhcm1lbnQpICh7fSlsZWZ0,,,,,,,UGllZHJhIGRlbCBTaGlua2lybyAocHJlbmRhKSAodGllbmVzIHt9KQ==
e82NBA,,U2hpcmFudWkgU3RvbmUgKEdhcm1lbnQpICh7fSlsZWZ0,,,,,,,UGllZHJhIGRlIGxhIFNoaXJhbnVpIChwcmVuZGEpICh0aWVuZXMge30p
fM2NBA,,U2hhZG93IENyb3NzIFN0b25lIChHYXJtZW50KSAoe30pbGVmdA==,,,,,,,UGllZHJhIGRlbCBDcnV6IGRlIHNvbWJyYSAocHJlbmRhKSAodGllbmVzIHt9KQ==
fc2NBA,,Q2FyZGluYWwgU3RvbmUgKEdhcm1lbnQpICh7fSlsZWZ0,,,,,,,UGllZHJhIGRlbCBDYXJkZW5hbCAocHJlbmRhKSAodGllbmVzIHt9KQ==
fs2NBA,,U3VwZXIgTm92aWNlIFN0b25lIChHYXJtZW50KSAoe30pbGVmdA==,,,,,,,UGllZHJhIGRlbCBTdXBlcnByaW5jaXBpYW50ZSAocHJlbmRhKSAodGllbmVzIHt9KQ==
f82NBA,,XkZGMDAwMCAgICBDYXV0aW9uIF4wMDAwMDAKXkZGMDAwMFRoaXMgdXBncmFkZSBjYW4gYmUgZmFpbGVkLl4wMDAwMDAKXkZGMDAwMElmIHRoZSBpdGVtIGFscmVhZHkgaGFzIGV4dHJhIGFiaWxpdHksIHdlIHdpbGwgcmVzZXQgaXRlbSdzIGFiaWxpdHkgYW5kIGdpdmUgQXRrX1NwZWVkMSBvbmx5Ll4wMDAwMDAKXkZGMDAwMEFyZSB5b3Ugc3VyZSBhYm91dCB1cGdyYWRpbmcgdGhpcyBpdGVtP14wMDAwMDA=,,,,,,,XjY2MDAwMEF0ZW5jacOzbjogXjAwMDAwMApeNjYwMDAwRXN0YSBtZWpvcmEgcHVlZGUgZmFsbGFyLl4wMDAwMDAKXjY2MDAwMFNpIGVsIG9iamV0byB5YSB0aWVuZSB1bmEgaGFiaWxpZGFkIGV4dHJhLCByZXN0YWJsZWNlcmVtb3MgbGEgaGFiaWxpZGFkIGRlbCBvYmpldG8geSBzb2xvIGxlIGRhcmVtb3MgVkVMQSsxLl4wMDAwMDAKXjY2MDAwMMK/U2VndXJvIHF1ZSBxdWllcmVzIG1lam9yYXIgZXN0ZSBvYmpldG8/XjAwMDAwMA==
gM2NBA,,W0xhY2UgTGEgWmFyZF0KQmVhdXRpZnVsISEKRGlkIEkgcmVhbGx5IG1hZGUgdGhpcyBteXNlbGY/PyEhISE=,,,,,,,W0xhY2UgTGEgWmFyZF0KwqFIZXJtb3NvIQrCocK/UmVhbG1lbnRlIGxvIGhpY2UgeW8gbWlzbW8/IQ==
gc2NBA,,W0xhY2UgTGEgWmFyZF0KT2ggbm8hCkNyYXNoISEhISEgSSBjYW5ub3Qgc2hvdyB0aGlzIGZhaWx1cmUgdG8gdGhlIFdvcmxkISEh,,,,,,,W0xhY2UgTGEgWmFyZF0KwqFPaCwgbm8hCirCoUNhdGFwbHVtISogwqFObyBwdWVkbyBtb3N0cmFybGUgZXN0ZSBmcmFjYXNvIGFsIG11bmRvIQ==
gs2NBA,,W0xhY2UgTGEgWmFyZF0KWWVzPyBZb3VyIHdhbnQgdG8gbG9vayBtb3JlPw==,,,,,,,W0xhY2UgTGEgWmFyZF0Kwr9Tw60/IMK/UXVpZXJlcyB2ZXIgb3RyYSBjb3NhPw==
g82NBA,,W0xhY2UgTGEgWmFyZF0KWW91IG11c3QgYnJpbmcgXkZGMDAwMENvc3R1bWUgR2FybWVudF4wMDAwMDAgYW5kIF5GRjAwMDBHYXJtZW50IFN0b25lXjAwMDAwMCBmb3IgdGhpcyB1cGdyYWRlLg==,,,,,,,W0xhY2UgTGEgWmFyZF0KRGViZXMgdHJhZXIgdHUgXjY2MDAwMHByZW5kYSBkZWNvcmF0aXZhXjAwMDAwMCB5IHR1IF42NjAwMDBwaWVkcmEgZGUgcHJlbmRhXjAwMDAwMCBwYXJhIGVzdGEgbWVqb3JhLg==
hM2NBA,,XkZGMDAwMCAgICBDYXV0aW9uIF4wMDAwMDAKXkZGMDAwMFRoaXMgdXBncmFkZSBjYW4gYmUgZmFpbGVkLl4wMDAwMDAKXkZGMDAwMElmIHRoZSBpdGVtIGFscmVhZHkgaGFzIGV4dHJhIGFiaWxpdHksIHdlIHdpbGwgcmVzZXQgaXRlbSdzIGFiaWxpdHkgYW5kIGdpdmUgQWJzb3JwdGlvbiAxJSBvZiBkYW1hZ2UgZGVhbHQgdG8gZW5lbXkgaW50byBIUCB3aXRoIDElIGNoYW5jZS5eMDAwMDAwCl5GRjAwMDBBcmUgeW91IHN1cmUgYWJvdXQgdXBncmFkaW5nIHRoaXMgaXRlbT9eMDAwMDAw,,,,,,,XjY2MDAwMEF0ZW5jacOzbjogXjAwMDAwMApeNjYwMDAwRXN0YSBtZWpvcmEgcHVlZGUgZmFsbGFyLl4wMDAwMDAKXjY2MDAwMFNpIGVsIG9iamV0byB5YSB0aWVuZSB1bmEgaGFiaWxpZGFkIGV4dHJhLCByZXN0YWJsZWNlcmVtb3MgbGEgaGFiaWxpZGFkIGRlbCBvYmpldG8geSBsZSBkYXJlbW9zIHVuIDElIGRlIHByb2JhYmlsaWRhZCBkZSBhYnNvcmJlciB1biAxJSBkZWwgZGHDsW8gaW5mbGlnaWRvIGFsIGVuZW1pZ28geSBjb252ZXJ0aXJsbyBlbiBQVi5eMDAwMDAwCl42NjAwMDDCv1NlZ3VybyBxdWUgcXVpZXJlcyBtZWpvcmFyIGVzdGUgb2JqZXRvP14wMDAwMDA=
hc2NBA,,W0xhY2UgTGEgWmFyZF0KQmVhdXRpZnVsISEKRGlkIEkgcmVhbGx5IG1hZGUgdGhpcyBteXNlbGYhISEh,,,,,,,W0xhY2UgTGEgWmFyZF0KwqFIZXJtb3NvIQrCocK/UmVhbG1lbnRlIGxvIGhpY2UgeW8gbWlzbW8/IQ==
hs2NBA,,XkZGMDAwMCAgICBDYXV0aW9uIF4wMDAwMDAKXkZGMDAwMFRoaXMgdXBncmFkZSBjYW4gYmUgZmFpbGVkLl4wMDAwMDAKXkZGMDAwMElmIHRoZSBpdGVtIGFscmVhZHkgaGFzIGV4dHJhIGFiaWxpdHksIHdlIHdpbGwgcmVzZXQgaXRlbSdzIGFiaWxpdHkgYW5kIGdpdmUgQWJzb3JwdGlvbiAxJSBvZiBkYW1hZ2UgZGVhbHQgdG8gZW5lbXkgaW50byBTUCB3aXRoIDElIGNoYW5jZS5eMDAwMDAwCl5GRjAwMDBBcmUgeW91IHN1cmUgYWJvdXQgdXBncmFkaW5nIHRoaXMgaXRlbT9eMDAwMDAw,,,,,,,XjY2MDAwMEF0ZW5jacOzbjogXjAwMDAwMApeNjYwMDAwRXN0YSBtZWpvcmEgcHVlZGUgZmFsbGFyLl4wMDAwMDAKXjY2MDAwMFNpIGVsIG9iamV0byB5YSB0aWVuZSB1bmEgaGFiaWxpZGFkIGV4dHJhLCByZXN0YWJsZWNlcmVtb3MgbGEgaGFiaWxpZGFkIGRlbCBvYmpldG8geSBsZSBkYXJlbW9zIHVuIDElIGRlIHByb2JhYmlsaWRhZCBkZSBhYnNvcmJlciB1biAxJSBkZWwgZGHDsW8gaW5mbGlnaWRvIGFsIGVuZW1pZ28geSBjb252ZXJ0aXJsbyBlbiBQTS5eMDAwMDAwCl42NjAwMDDCv1NlZ3VybyBxdWUgcXVpZXJlcyBtZWpvcmFyIGVzdGUgb2JqZXRvP14wMDAwMDA=
h82NBA,,XkZGMDAwMCAgICBDYXV0aW9uIF4wMDAwMDAKXkZGMDAwMFRoaXMgdXBncmFkZSBjYW4gYmUgZmFpbGVkLl4wMDAwMDAKXkZGMDAwMElmIHRoZSBpdGVtIGFscmVhZHkgaGFzIGV4dHJhIGFiaWxpdHksIHdlIHdpbGwgcmVzZXQgaXRlbSdzIGFiaWxpdHkgYW5kIGdpdmUgJ0ZpeGVkIGNhc3RpbmcgbG93ZXJlZCBieSAwLjVzJy5eMDAwMDAwCl5GRjAwMDBBcmUgeW91IHN1cmUgYWJvdXQgdXBncmFkaW5nIHRoaXMgaXRlbT9eMDAwMDAw,,,,,,,XjY2MDAwMEF0ZW5jacOzbjogXjAwMDAwMApeNjYwMDAwRXN0YSBtZWpvcmEgcHVlZGUgZmFsbGFyLl4wMDAwMDAKXjY2MDAwMFNpIGVsIG9iamV0byB5YSB0aWVuZSB1bmEgaGFiaWxpZGFkIGV4dHJhLCByZXN0YWJsZWNlcmVtb3MgbGEgaGFiaWxpZGFkIGRlbCBvYmpldG8geSBsZSBkYXJlbW9zIGxhIHBvc2liaWxpZGFkIGRlIHJlZHVjaXIgZWwgdGllbXBvIGRlIGxhbnphbWllbnRvIGZpam8gZW4gMCw1c2VndW5kb3MuXjAwMDAwMApeNjYwMDAwwr9TZWd1cm8gcXVlIHF1aWVyZXMgbWVqb3JhciBlc3RlIG9iamV0bz9eMDAwMDAw
iM2NBA,,XkZGMDAwMCAgICBDYXV0aW9uIF4wMDAwMDAKXkZGMDAwMFRoaXMgdXBncmFkZSBjYW4gYmUgZmFpbGVkLl4wMDAwMDAKXkZGMDAwMElmIHRoZSBpdGVtIGFscmVhZHkgaGFzIGV4dHJhIGFiaWxpdHksIHdlIHdpbGwgcmVzZXQgaXRlbSdzIGFiaWxpdHkgYW5kIGdpdmUgJ0NhbiB1c2UgRG91YmxlIEF0dGFjayBzbHYzJy5eMDAwMDAwCl5GRjAwMDBBcmUgeW91IHN1cmUgYWJvdXQgdXBncmFkaW5nIHRoaXMgaXRlbT9eMDAwMDAw,,,,,,,XjY2MDAwMEF0ZW5jacOzbjogXjAwMDAwMApeNjYwMDAwRXN0YSBtZWpvcmEgcHVlZGUgZmFsbGFyLl4wMDAwMDAKXjY2MDAwMFNpIGVsIG9iamV0byB5YSB0aWVuZSB1bmEgaGFiaWxpZGFkIGV4dHJhLCByZXN0YWJsZWNlcmVtb3MgbGEgaGFiaWxpZGFkIGRlbCBvYmpldG8geSBsZSBkYXJlbW9zIGxhIHBvc2liaWxpZGFkIGRlIHVzYXIgRG9ibGUgYXRhcXVlIGRlIG5pdmVsIGRlIGhhYmlsaWRhZDMuXjAwMDAwMApeNjYwMDAwwr9TZWd1cm8gcXVlIHF1aWVyZXMgbWVqb3JhciBlc3RlIG9iamV0bz9eMDAwMDAw
ic2NBA,,XkZGMDAwMCAgICBDYXV0aW9uIF4wMDAwMDAKXkZGMDAwMFRoaXMgdXBncmFkZSBjYW4gYmUgZmFpbGVkLl4wMDAwMDAKXkZGMDAwMElmIHRoZSBpdGVtIGFscmVhZHkgaGFzIGV4dHJhIGFiaWxpdHksIHdlIHdpbGwgcmVzZXQgaXRlbSdzIGFiaWxpdHkgYW5kIGdpdmUgJ0NyaXRpY2FsIGRhbWFnZSArIDIwJScuXjAwMDAwMApeRkYwMDAwQXJlIHlvdSBzdXJlIGFib3V0IHVwZ3JhZGluZyB0aGlzIGl0ZW0/XjAwMDAwMA==,,,,,,,XjY2MDAwMEF0ZW5jacOzbjogXjAwMDAwMApeNjYwMDAwRXN0YSBtZWpvcmEgcHVlZGUgZmFsbGFyLl4wMDAwMDAKXjY2MDAwMFNpIGVsIG9iamV0byB5YSB0aWVuZSB1bmEgaGFiaWxpZGFkIGV4dHJhLCByZXN0YWJsZWNlcmVtb3MgbGEgaGFiaWxpZGFkIGRlbCBvYmpldG8geSBsZSBkYXJlbW9zIGxhIHBvc2liaWxpZGFkIGRlIGluZmxpZ2lyIGRhw7FvIGNyw610aWNvICsyMCUuXjAwMDAwMApeNjYwMDAwwr9TZWd1cm8gcXVlIHF1aWVyZXMgbWVqb3JhciBlc3RlIG9iamV0bz9eMDAwMDAw
is2NBA,,XkZGMDAwMCAgICBDYXV0aW9uIF4wMDAwMDAKXkZGMDAwMFRoaXMgdXBncmFkZSBjYW4gYmUgZmFpbGVkLl4wMDAwMDAKXkZGMDAwMElmIHRoZSBpdGVtIGFscmVhZHkgaGFzIGV4dHJhIGFiaWxpdHksIHdlIHdpbGwgcmVzZXQgaXRlbSdzIGFiaWxpdHkgYW5kIGdpdmUgJ1JlZHVjZSB2YXJpYWJsZSBjYXN0aW5nIHRpbWUgYnkgMTAlJy5eMDAwMDAwCl5GRjAwMDBBcmUgeW91IHN1cmUgYWJvdXQgdXBncmFkaW5nIHRoaXMgaXRlbT9eMDAwMDAw,,,,,,,XjY2MDAwMEF0ZW5jacOzbjogXjAwMDAwMApeNjYwMDAwRXN0YSBtZWpvcmEgcHVlZGUgZmFsbGFyLl4wMDAwMDAKXjY2MDAwMFNpIGVsIG9iamV0byB5YSB0aWVuZSB1bmEgaGFiaWxpZGFkIGV4dHJhLCByZXN0YWJsZWNlcmVtb3MgbGEgaGFiaWxpZGFkIGRlbCBvYmpldG8geSBsZSBkYXJlbW9zIGxhIHBvc2liaWxpZGFkIGRlIHJlZHVjaXIgZWwgdGllbXBvIGRlIGxhbnphbWllbnRvIHZhcmlhYmxlIGVuIHVuIDEwJS5eMDAwMDAwCl42NjAwMDDCv1NlZ3VybyBxdWUgcXVpZXJlcyBtZWpvcmFyIGVzdGUgb2JqZXRvP14wMDAwMDA=
i82NBA,,XkZGMDAwMCAgICBDYXV0aW9uIF4wMDAwMDAKXkZGMDAwMFRoaXMgdXBncmFkZSBjYW4gYmUgZmFpbGVkLl4wMDAwMDAKXkZGMDAwMElmIHRoZSBpdGVtIGFscmVhZHkgaGFzIGV4dHJhIGFiaWxpdHksIHdlIHdpbGwgcmVzZXQgaXRlbSdzIGFiaWxpdHkgYW5kIGdpdmUgJ0RhbWFnZSBvZiBSYW1wYWdlIEJsYXN0ZXIgKzE1JScuXjAwMDAwMApeRkYwMDAwQXJlIHlvdSBzdXJlIGFib3V0IHVwZ3JhZGluZyB0aGlzIGl0ZW0/XjAwMDAwMA==,,,,,,,XjY2MDAwMEF0ZW5jacOzbjogXjAwMDAwMApeNjYwMDAwRXN0YSBtZWpvcmEgcHVlZGUgZmFsbGFyLl4wMDAwMDAKXjY2MDAwMFNpIGVsIG9iamV0byB5YSB0aWVuZSB1bmEgaGFiaWxpZGFkIGV4dHJhLCByZXN0YWJsZWNlcmVtb3MgbGEgaGFiaWxpZGFkIGRlbCBvYmpldG8geSBsZSBkYXJlbW9zIGxhIHBvc2liaWxpZGFkIGRlIGF1bWVudGFyIGVsIGRhw7FvIGRlIEJsw6FzdGVyIGRlIGVzZmVyYSBlbiB1biArMTUlLl4wMDAwMDAKXjY2MDAwMMK/U2VndXJvIHF1ZSBxdWllcmVzIG1lam9yYXIgZXN0ZSBvYmpldG8/XjAwMDAwMA==
jM2NBA,,XkZGMDAwMCAgICBDYXV0aW9uIF4wMDAwMDAKXkZGMDAwMFRoaXMgdXBncmFkZSBjYW4gYmUgZmFpbGVkLl4wMDAwMDAKXkZGMDAwMElmIHRoZSBpdGVtIGFscmVhZHkgaGFzIGV4dHJhIGFiaWxpdHksIHdlIHdpbGwgcmVzZXQgaXRlbSdzIGFiaWxpdHkgYW5kIGdpdmUgJ0luY3JlYXNlIGRhbWFnZSBvZiBBcnJvdyBTdG9ybSBieSAxMCUnLl4wMDAwMDAKXkZGMDAwMEFyZSB5b3Ugc3VyZSBhYm91dCB1cGdyYWRpbmcgdGhpcyBpdGVtP14wMDAwMDA=,,,,,,,XjY2MDAwMEF0ZW5jacOzbjogXjAwMDAwMApeNjYwMDAwRXN0YSBtZWpvcmEgcHVlZGUgZmFsbGFyLl4wMDAwMDAKXjY2MDAwMFNpIGVsIG9iamV0byB5YSB0aWVuZSB1bmEgaGFiaWxpZGFkIGV4dHJhLCByZXN0YWJsZWNlcmVtb3MgbGEgaGFiaWxpZGFkIGRlbCBvYmpldG8geSBsZSBkYXJlbW9zIGxhIHBvc2liaWxpZGFkIGRlIGF1bWVudGFyIGVsIGRhw7FvIGRlIFRvcm1lbnRhIGRlIGZsZWNoYXMgZW4gdW4gMTAlLl4wMDAwMDAKXjY2MDAwMMK/U2VndXJvIHF1ZSBxdWllcmVzIG1lam9yYXIgZXN0ZSBvYmpldG8/XjAwMDAwMA==
jc2NBA,,XkZGMDAwMCAgICBDYXV0aW9uIF4wMDAwMDAKXkZGMDAwMFRoaXMgdXBncmFkZSBjYW4gYmUgZmFpbGVkLl4wMDAwMDAKXkZGMDAwMElmIHRoZSBpdGVtIGFscmVhZHkgaGFzIGV4dHJhIGFiaWxpdHksIHdlIHdpbGwgcmVzZXQgaXRlbSdzIGFiaWxpdHkgYW5kIGdpdmUgJ0luY3JlYXNlIGRhbWFnZSBvZiBQc3ljaGljIFdhdmUgYnkgMTAlJy5eMDAwMDAwCl5GRjAwMDBBcmUgeW91IHN1cmUgYWJvdXQgdXBncmFkaW5nIHRoaXMgaXRlbT9eMDAwMDAw,,,,,,,XjY2MDAwMEF0ZW5jacOzbjogXjAwMDAwMApeNjYwMDAwRXN0YSBtZWpvcmEgcHVlZGUgZmFsbGFyLl4wMDAwMDAKXjY2MDAwMFNpIGVsIG9iamV0byB5YSB0aWVuZSB1bmEgaGFiaWxpZGFkIGV4dHJhLCByZXN0YWJsZWNlcmVtb3MgbGEgaGFiaWxpZGFkIGRlbCBvYmpldG8geSBsZSBkYXJlbW9zIGxhIHBvc2liaWxpZGFkIGRlIGF1bWVudGFyIGVsIGRhw7FvIGRlIE9sZWFkYSBwc8OtcXVpY2EgZW4gdW4gMTAlLl4wMDAwMDAKXjY2MDAwMMK/U2VndXJvIHF1ZSBxdWllcmVzIG1lam9yYXIgZXN0ZSBvYmpldG8/XjAwMDAwMA==
js2NBA,,XkZGMDAwMCAgICBDYXV0aW9uIF4wMDAwMDAKXkZGMDAwMFRoaXMgdXBncmFkZSBjYW4gYmUgZmFpbGVkLl4wMDAwMDAKXkZGMDAwMElmIHRoZSBpdGVtIGFscmVhZHkgaGFzIGV4dHJhIGFiaWxpdHksIHdlIHdpbGwgcmVzZXQgaXRlbSdzIGFiaWxpdHkgYW5kIGdpdmUgJ0luY3JlYXNlIGRhbWFnZSBvZiBEcmFnb24gQnJlYXRoIChGaXJlKSBhbmQgKFdhdGVyKSBCeSAxMCUnLl4wMDAwMDAKXkZGMDAwMEFyZSB5b3Ugc3VyZSBhYm91dCB1cGdyYWRpbmcgdGhpcyBpdGVtP14wMDAwMDA=,,,,,,,XjY2MDAwMEF0ZW5jacOzbjogXjAwMDAwMApeNjYwMDAwRXN0YSBtZWpvcmEgcHVlZGUgZmFsbGFyLl4wMDAwMDAKXjY2MDAwMFNpIGVsIG9iamV0byB5YSB0aWVuZSB1bmEgaGFiaWxpZGFkIGV4dHJhLCByZXN0YWJsZWNlcmVtb3MgbGEgaGFiaWxpZGFkIGRlbCBvYmpldG8geSBsZSBkYXJlbW9zIGxhIHBvc2liaWxpZGFkIGRlIGF1bWVudGFyIGVsIGRhw7FvIGRlIEFsaWVudG8gZGUgZHJhZ8OzbiAoZnVlZ28geSBhZ3VhKSBlbiB1biAxMCUuXjAwMDAwMApeNjYwMDAwwr9TZWd1cm8gcXVlIHF1aWVyZXMgbWVqb3JhciBlc3RlIG9iamV0bz9eMDAwMDAw
j82NBA,,XkZGMDAwMCAgICBDYXV0aW9uIF4wMDAwMDAKXkZGMDAwMFRoaXMgdXBncmFkZSBjYW4gYmUgZmFpbGVkLl4wMDAwMDAKXkZGMDAwMElmIHRoZSBpdGVtIGFscmVhZHkgaGFzIGV4dHJhIGFiaWxpdHksIHdlIHdpbGwgcmVzZXQgaXRlbSdzIGFiaWxpdHkgYW5kIGdpdmUgJ0luY3JlYXNlIGRhbWFnZSBvZiBDYXJ0IENhbm5vbiBieSAxMCUnLl4wMDAwMDAKXkZGMDAwMEFyZSB5b3Ugc3VyZSBhYm91dCB1cGdyYWRpbmcgdGhpcyBpdGVtP14wMDAwMDA=,,,,,,,XjY2MDAwMEF0ZW5jacOzbjogXjAwMDAwMApeNjYwMDAwRXN0YSBtZWpvcmEgcHVlZGUgZmFsbGFyLl4wMDAwMDAKXjY2MDAwMFNpIGVsIG9iamV0byB5YSB0aWVuZSB1bmEgaGFiaWxpZGFkIGV4dHJhLCByZXN0YWJsZWNlcmVtb3MgbGEgaGFiaWxpZGFkIGRlbCBvYmpldG8geSBsZSBkYXJlbW9zIGxhIHBvc2liaWxpZGFkIGRlIGF1bWVudGFyIGVsIGRhw7FvIGRlIENhw7HDs24gZGUgY2FycmV0YSBlbiB1biAxMCUuXjAwMDAwMApeNjYwMDAwwr9TZWd1cm8gcXVlIHF1aWVyZXMgbWVqb3JhciBlc3RlIG9iamV0bz9eMDAwMDAw
kM2NBA,,XkZGMDAwMCAgICBDYXV0aW9uIF4wMDAwMDAKXkZGMDAwMFRoaXMgdXBncmFkZSBjYW4gYmUgZmFpbGVkLl4wMDAwMDAKXkZGMDAwMElmIHRoZSBpdGVtIGFscmVhZHkgaGFzIGV4dHJhIGFiaWxpdHksIHdlIHdpbGwgcmVzZXQgaXRlbSdzIGFiaWxpdHkgYW5kIGdpdmUgJ0luY3JlYXNlIGRhbWFnZSBvZiBDcmltc29uIFJvY2sgYnkgMTAlJy5eMDAwMDAwCl5GRjAwMDBBcmUgeW91IHN1cmUgYWJvdXQgdXBncmFkaW5nIHRoaXMgaXRlbT9eMDAwMDAw,,,,,,,XjY2MDAwMEF0ZW5jacOzbjogXjAwMDAwMApeNjYwMDAwRXN0YSBtZWpvcmEgcHVlZGUgZmFsbGFyLl4wMDAwMDAKXjY2MDAwMFNpIGVsIG9iamV0byB5YSB0aWVuZSB1bmEgaGFiaWxpZGFkIGV4dHJhLCByZXN0YWJsZWNlcmVtb3MgbGEgaGFiaWxpZGFkIGRlbCBvYmpldG8geSBsZSBkYXJlbW9zIGxhIHBvc2liaWxpZGFkIGRlIGF1bWVudGFyIGVsIGRhw7FvIGRlIFJvY2EgY2FybWVzw60gZW4gdW4gMTAlLl4wMDAwMDAKXjY2MDAwMMK/U2VndXJvIHF1ZSBxdWllcmVzIG1lam9yYXIgZXN0ZSBvYmpldG8/XjAwMDAwMA==
kc2NBA,,XkZGMDAwMCAgICBDYXV0aW9uIF4wMDAwMDAKXkZGMDAwMFRoaXMgdXBncmFkZSBjYW4gYmUgZmFpbGVkLl4wMDAwMDAKXkZGMDAwMElmIHRoZSBpdGVtIGFscmVhZHkgaGFzIGV4dHJhIGFiaWxpdHksIHdlIHdpbGwgcmVzZXQgaXRlbSdzIGFiaWxpdHkgYW5kIGdpdmUgJ0luY3JlYXNlIGRhbWFnZSBvZiBUcmlhbmdsZSBTaG90IGJ5IDE1JScuXjAwMDAwMApeRkYwMDAwQXJlIHlvdSBzdXJlIGFib3V0IHVwZ3JhZGluZyB0aGlzIGl0ZW0/XjAwMDAwMA==,,,,,,,XjY2MDAwMEF0ZW5jacOzbjogXjAwMDAwMApeNjYwMDAwRXN0YSBtZWpvcmEgcHVlZGUgZmFsbGFyLl4wMDAwMDAKXjY2MDAwMFNpIGVsIG9iamV0byB5YSB0aWVuZSB1bmEgaGFiaWxpZGFkIGV4dHJhLCByZXN0YWJsZWNlcmVtb3MgbGEgaGFiaWxpZGFkIGRlbCBvYmpldG8geSBsZSBkYXJlbW9zIGxhIHBvc2liaWxpZGFkIGRlIGF1bWVudGFyIGVsIGRhw7FvIGRlIFRpcm8gdHJpYW5ndWxhciBlbiB1biAxNSUuXjAwMDAwMApeNjYwMDAwwr9TZWd1cm8gcXVlIHF1aWVyZXMgbWVqb3JhciBlc3RlIG9iamV0bz9eMDAwMDAw
ks2NBA,,XkZGMDAwMCAgICBDYXV0aW9uIF4wMDAwMDAKXkZGMDAwMFRoaXMgdXBncmFkZSBjYW4gYmUgZmFpbGVkLl4wMDAwMDAKXkZGMDAwMElmIHRoZSBpdGVtIGFscmVhZHkgaGFzIGV4dHJhIGFiaWxpdHksIHdlIHdpbGwgcmVzZXQgaXRlbSdzIGFiaWxpdHkgYW5kIGdpdmUgJ0luY3JlYXNlIGRhbWFnZSBvZiBBeGUgVG9ybmFkbyBieSAxNSUnLl4wMDAwMDAKXkZGMDAwMEFyZSB5b3Ugc3VyZSBhYm91dCB1cGdyYWRpbmcgdGhpcyBpdGVtP14wMDAwMDA=,,,,,,,XjY2MDAwMEF0ZW5jacOzbjogXjAwMDAwMApeNjYwMDAwRXN0YSBtZWpvcmEgcHVlZGUgZmFsbGFyLl4wMDAwMDAKXjY2MDAwMFNpIGVsIG9iamV0byB5YSB0aWVuZSB1bmEgaGFiaWxpZGFkIGV4dHJhLCByZXN0YWJsZWNlcmVtb3MgbGEgaGFiaWxpZGFkIGRlbCBvYmpldG8geSBsZSBkYXJlbW9zIGxhIHBvc2liaWxpZGFkIGRlIGF1bWVudGFyIGVsIGRhw7FvIGRlIFRvcm5hZG8gZGUgaGFjaGEgZW4gdW4gMTUlLl4wMDAwMDAKXjY2MDAwMMK/U2VndXJvIHF1ZSBxdWllcmVzIG1lam9yYXIgZXN0ZSBvYmpldG8/XjAwMDAwMA==
k82NBA,,XkZGMDAwMCAgICBDYXV0aW9uIF4wMDAwMDAKXkZGMDAwMFRoaXMgdXBncmFkZSBjYW4gYmUgZmFpbGVkLl4wMDAwMDAKXkZGMDAwMElmIHRoZSBpdGVtIGFscmVhZHkgaGFzIGV4dHJhIGFiaWxpdHksIHdlIHdpbGwgcmVzZXQgaXRlbSdzIGFiaWxpdHkgYW5kIGdpdmUgJ0luY3JlYXNlcyBTZXZlcmUgUmFpbnN0b3JtIGRhbWFnZSBieSAxNSUnLl4wMDAwMDAKXkZGMDAwMEFyZSB5b3Ugc3VyZSBhYm91dCB1cGdyYWRpbmcgdGhpcyBpdGVtP14wMDAwMDA=,,,,,,,XjY2MDAwMEF0ZW5jacOzbjogXjAwMDAwMApeNjYwMDAwRXN0YSBtZWpvcmEgcHVlZGUgZmFsbGFyLl4wMDAwMDAKXjY2MDAwMFNpIGVsIG9iamV0byB5YSB0aWVuZSB1bmEgaGFiaWxpZGFkIGV4dHJhLCByZXN0YWJsZWNlcmVtb3MgbGEgaGFiaWxpZGFkIGRlbCBvYmpldG8geSBsZSBkYXJlbW9zIGxhIHBvc2liaWxpZGFkIGRlIGF1bWVudGFyIGVsIGRhw7FvIGRlIEdyYW4gdG9ybWVudGEgZW4gdW4gMTUlLl4wMDAwMDAKXjY2MDAwMMK/U2VndXJvIHF1ZSBxdWllcmVzIG1lam9yYXIgZXN0ZSBvYmpldG8/XjAwMDAwMA==
lM2NBA,,XkZGMDAwMCAgICBDYXV0aW9uIF4wMDAwMDAKXkZGMDAwMFRoaXMgdXBncmFkZSBjYW4gYmUgZmFpbGVkLl4wMDAwMDAKXkZGMDAwMElmIHRoZSBpdGVtIGFscmVhZHkgaGFzIGV4dHJhIGFiaWxpdHksIHdlIHdpbGwgcmVzZXQgaXRlbSdzIGFiaWxpdHkgYW5kIGdpdmUgJ0luY3JlYXNlIGRhbWFnZSBvZiBBZG9yYW11cyBieSAxNSUnLl4wMDAwMDAKXkZGMDAwMEFyZSB5b3Ugc3VyZSBhYm91dCB1cGdyYWRpbmcgdGhpcyBpdGVtP14wMDAwMDA=,,,,,,,XjY2MDAwMEF0ZW5jacOzbjogXjAwMDAwMApeNjYwMDAwRXN0YSBtZWpvcmEgcHVlZGUgZmFsbGFyLl4wMDAwMDAKXjY2MDAwMFNpIGVsIG9iamV0byB5YSB0aWVuZSB1bmEgaGFiaWxpZGFkIGV4dHJhLCByZXN0YWJsZWNlcmVtb3MgbGEgaGFiaWxpZGFkIGRlbCBvYmpldG8geSBsZSBkYXJlbW9zIGxhIHBvc2liaWxpZGFkIGRlIGF1bWVudGFyIGVsIGRhw7FvIGRlIEFkb3JhbXVzIGVuIHVuIDE1JS5eMDAwMDAwCl42NjAwMDDCv1NlZ3VybyBxdWUgcXVpZXJlcyBtZWpvcmFyIGVzdGUgb2JqZXRvP14wMDAwMDA=
lc2NBA,,XkZGMDAwMCAgICBDYXV0aW9uIF4wMDAwMDAKXkZGMDAwMFRoaXMgdXBncmFkZSBjYW4gYmUgZmFpbGVkLl4wMDAwMDAKXkZGMDAwMElmIHRoZSBpdGVtIGFscmVhZHkgaGFzIGV4dHJhIGFiaWxpdHksIHdlIHdpbGwgcmVzZXQgaXRlbSdzIGFiaWxpdHkgYW5kIGdpdmUgJ0luY3JlYXNlIGRhbWFnZSBvZiBWYW5pc2hpbmcgUG9pbnQgYnkgMTUlJy5eMDAwMDAwCl5GRjAwMDBBcmUgeW91IHN1cmUgYWJvdXQgdXBncmFkaW5nIHRoaXMgaXRlbT9eMDAwMDAw,,,,,,,XjY2MDAwMEF0ZW5jacOzbjogXjAwMDAwMApeNjYwMDAwRXN0YSBtZWpvcmEgcHVlZGUgZmFsbGFyLl4wMDAwMDAKXjY2MDAwMFNpIGVsIG9iamV0byB5YSB0aWVuZSB1bmEgaGFiaWxpZGFkIGV4dHJhLCByZXN0YWJsZWNlcmVtb3MgbGEgaGFiaWxpZGFkIGRlbCBvYmpldG8geSBsZSBkYXJlbW9zIGxhIHBvc2liaWxpZGFkIGRlIGF1bWVudGFyIGVsIGRhw7FvIGRlIFB1bnRvIGRlIGZ1Z2EgZW4gdW4gMTUlLl4wMDAwMDAKXjY2MDAwMMK/U2VndXJvIHF1ZSBxdWllcmVzIG1lam9yYXIgZXN0ZSBvYmpldG8/XjAwMDAwMA==
ls2NBA,,XkZGMDAwMCAgICBDYXV0aW9uIF4wMDAwMDAKXkZGMDAwMFRoaXMgdXBncmFkZSBjYW4gYmUgZmFpbGVkLl4wMDAwMDAKXkZGMDAwMElmIHRoZSBpdGVtIGFscmVhZHkgaGFzIGV4dHJhIGFiaWxpdHksIHdlIHdpbGwgcmVzZXQgaXRlbSdzIGFiaWxpdHkgYW5kIGdpdmUgJ0luY3JlYXNlIGRhbWFnZSBvZiBSb2xsaW5nIEN1dHRlciBieSAxNSUnLl4wMDAwMDAKXkZGMDAwMEFyZSB5b3Ugc3VyZSBhYm91dCB1cGdyYWRpbmcgdGhpcyBpdGVtP14wMDAwMDA=,,,,,,,XjY2MDAwMEF0ZW5jacOzbjogXjAwMDAwMApeNjYwMDAwRXN0YSBtZWpvcmEgcHVlZGUgZmFsbGFyLl4wMDAwMDAKXjY2MDAwMFNpIGVsIG9iamV0byB5YSB0aWVuZSB1bmEgaGFiaWxpZGFkIGV4dHJhLCByZXN0YWJsZWNlcmVtb3MgbGEgaGFiaWxpZGFkIGRlbCBvYmpldG8geSBsZSBkYXJlbW9zIGxhIHBvc2liaWxpZGFkIGRlIGF1bWVudGFyIGVsIGRhw7FvIGRlIENvcnRhZG9yYSBkZSByb2RpbGxvcyBlbiB1biAxNSUuXjAwMDAwMApeNjYwMDAwwr9TZWd1cm8gcXVlIHF1aWVyZXMgbWVqb3JhciBlc3RlIG9iamV0bz9eMDAwMDAw
l82NBA,,XkZGMDAwMCAgICBDYXV0aW9uIF4wMDAwMDAKXkZGMDAwMFRoaXMgdXBncmFkZSBjYW4gYmUgZmFpbGVkLl4wMDAwMDAKXkZGMDAwMElmIHRoZSBpdGVtIGFscmVhZHkgaGFzIGV4dHJhIGFiaWxpdHksIHdlIHdpbGwgcmVzZXQgaXRlbSdzIGFiaWxpdHkgYW5kIGdpdmUgJ0luY3JlYXNlIGRhbWFnZSBvZiBLbnVja2xlIEFycm93IGJ5IDE1JScuXjAwMDAwMApeRkYwMDAwQXJlIHlvdSBzdXJlIGFib3V0IHVwZ3JhZGluZyB0aGlzIGl0ZW0/XjAwMDAwMA==,,,,,,,XjY2MDAwMEF0ZW5jacOzbjogXjAwMDAwMApeNjYwMDAwRXN0YSBtZWpvcmEgcHVlZGUgZmFsbGFyLl4wMDAwMDAKXjY2MDAwMFNpIGVsIG9iamV0byB5YSB0aWVuZSB1bmEgaGFiaWxpZGFkIGV4dHJhLCByZXN0YWJsZWNlcmVtb3MgbGEgaGFiaWxpZGFkIGRlbCBvYmpldG8geSBsZSBkYXJlbW9zIGxhIHBvc2liaWxpZGFkIGRlIGF1bWVudGFyIGVsIGRhw7FvIGRlIEZsZWNoYSBkZSBwdcOxbyBkZSBhY2VybyBlbiB1biAxNSUuXjAwMDAwMApeNjYwMDAwwr9TZWd1cm8gcXVlIHF1aWVyZXMgbWVqb3JhciBlc3RlIG9iamV0bz9eMDAwMDAw
mM2NBA,,XkZGMDAwMCAgICBDYXV0aW9uIF4wMDAwMDAKXkZGMDAwMFRoaXMgdXBncmFkZSBjYW4gYmUgZmFpbGVkLl4wMDAwMDAKXkZGMDAwMElmIHRoZSBpdGVtIGFscmVhZHkgaGFzIGV4dHJhIGFiaWxpdHksIHdlIHdpbGwgcmVzZXQgaXRlbSdzIGFiaWxpdHkgYW5kIGdpdmUgJ0luY3JlYXNlIGRhbWFnZSBvZiBEaWFtb25kIER1c3QgYnkgMTUlJy5eMDAwMDAwCl5GRjAwMDBBcmUgeW91IHN1cmUgYWJvdXQgdXBncmFkaW5nIHRoaXMgaXRlbT9eMDAwMDAw,,,,,,,XjY2MDAwMEF0ZW5jacOzbjogXjAwMDAwMApeNjYwMDAwRXN0YSBtZWpvcmEgcHVlZGUgZmFsbGFyLl4wMDAwMDAKXjY2MDAwMFNpIGVsIG9iamV0byB5YSB0aWVuZSB1bmEgaGFiaWxpZGFkIGV4dHJhLCByZXN0YWJsZWNlcmVtb3MgbGEgaGFiaWxpZGFkIGRlbCBvYmpldG8geSBsZSBkYXJlbW9zIGxhIHBvc2liaWxpZGFkIGRlIGF1bWVudGFyIGVsIGRhw7FvIGRlIFBvbHZvIGRpYW1hbnRpbm8gZW4gdW4gMTUlLl4wMDAwMDAKXjY2MDAwMMK/U2VndXJvIHF1ZSBxdWllcmVzIG1lam9yYXIgZXN0ZSBvYmpldG8/XjAwMDAwMA==
mc2NBA,,XkZGMDAwMCAgICBDYXV0aW9uIF4wMDAwMDAKXkZGMDAwMFRoaXMgdXBncmFkZSBjYW4gYmUgZmFpbGVkLl4wMDAwMDAKXkZGMDAwMElmIHRoZSBpdGVtIGFscmVhZHkgaGFzIGV4dHJhIGFiaWxpdHksIHdlIHdpbGwgcmVzZXQgaXRlbSdzIGFiaWxpdHkgYW5kIGdpdmUgJ0luY3JlYXNlIGRhbWFnZSBvZiBGYXRhbCBNZW5hY2UgYnkgMTUlJy5eMDAwMDAwCl5GRjAwMDBBcmUgeW91IHN1cmUgYWJvdXQgdXBncmFkaW5nIHRoaXMgaXRlbT9eMDAwMDAw,,,,,,,XjY2MDAwMEF0ZW5jacOzbjogXjAwMDAwMApeNjYwMDAwRXN0YSBtZWpvcmEgcHVlZGUgZmFsbGFyLl4wMDAwMDAKXjY2MDAwMFNpIGVsIG9iamV0byB5YSB0aWVuZSB1bmEgaGFiaWxpZGFkIGV4dHJhLCByZXN0YWJsZWNlcmVtb3MgbGEgaGFiaWxpZGFkIGRlbCBvYmpldG8geSBsZSBkYXJlbW9zIGxhIHBvc2liaWxpZGFkIGRlIGF1bWVudGFyIGVsIGRhw7FvIGRlIEFtZW5hemEgbW9ydGFsIGVuIHVuIDE1JS5eMDAwMDAwCl42NjAwMDDCv1NlZ3VybyBxdWUgcXVpZXJlcyBtZWpvcmFyIGVzdGUgb2JqZXRvP14wMDAwMDA=
ms2NBA,,XkZGMDAwMCAgICBDYXV0aW9uIF4wMDAwMDAKXkZGMDAwMFRoaXMgdXBncmFkZSBjYW4gYmUgZmFpbGVkLl4wMDAwMDAKXkZGMDAwMElmIHRoZSBpdGVtIGFscmVhZHkgaGFzIGV4dHJhIGFiaWxpdHksIHdlIHdpbGwgcmVzZXQgaXRlbSdzIGFiaWxpdHkgYW5kIGdpdmUgJ0luY3JlYXNlIGRhbWFnZSBvZiBFc3dob28gYnkgMjAlJy5eMDAwMDAwCl5GRjAwMDBBcmUgeW91IHN1cmUgYWJvdXQgdXBncmFkaW5nIHRoaXMgaXRlbT9eMDAwMDAw,,,,,,,XjY2MDAwMEF0ZW5jacOzbjogXjAwMDAwMApeNjYwMDAwRXN0YSBtZWpvcmEgcHVlZGUgZmFsbGFyLl4wMDAwMDAKXjY2MDAwMFNpIGVsIG9iamV0byB5YSB0aWVuZSB1bmEgaGFiaWxpZGFkIGV4dHJhLCByZXN0YWJsZWNlcmVtb3MgbGEgaGFiaWxpZGFkIGRlbCBvYmpldG8geSBsZSBkYXJlbW9zIGxhIHBvc2liaWxpZGFkIGRlIGF1bWVudGFyIGVsIGRhw7FvIGRlIEVzd2hvbyBlbiB1biAyMCUuXjAwMDAwMApeNjYwMDAwwr9TZWd1cm8gcXVlIHF1aWVyZXMgbWVqb3JhciBlc3RlIG9iamV0bz9eMDAwMDAw
m82NBA,,XkZGMDAwMCAgICBDYXV0aW9uIF4wMDAwMDAKXkZGMDAwMFRoaXMgdXBncmFkZSBjYW4gYmUgZmFpbGVkLl4wMDAwMDAKXkZGMDAwMElmIHRoZSBpdGVtIGFscmVhZHkgaGFzIGV4dHJhIGFiaWxpdHksIHdlIHdpbGwgcmVzZXQgaXRlbSdzIGFiaWxpdHkgYW5kIGdpdmUgJ0luY3JlYXNlcyBGYWxsaW5nIFN0YXIsIFNvbGFyIEJ1cnN0IGFuZCBGdWxsIE1vb24gS2ljayBkYW1hZ2UgYnkgMjAlJy5eMDAwMDAwCl5GRjAwMDBBcmUgeW91IHN1cmUgYWJvdXQgdXBncmFkaW5nIHRoaXMgaXRlbT9eMDAwMDAw,,,,,,,XjY2MDAwMEF0ZW5jacOzbjogXjAwMDAwMApeNjYwMDAwRXN0YSBtZWpvcmEgcHVlZGUgZmFsbGFyLl4wMDAwMDAKXjY2MDAwMFNpIGVsIG9iamV0byB5YSB0aWVuZSB1bmEgaGFiaWxpZGFkIGV4dHJhLCByZXN0YWJsZWNlcmVtb3MgbGEgaGFiaWxpZGFkIGRlbCBvYmpldG8geSBsZSBkYXJlbW9zIGxhIHBvc2liaWxpZGFkIGRlIGF1bWVudGFyIGVsIGRhw7FvIGRlIEVzdHJlbGxhcyBmdWdhY2VzLCBFeHBsb3Npw7NuIHNvbGFyIHkgUGF0YWRhIGRlIGx1bmEgbGxlbmEgZW4gdW4gMjAlLl4wMDAwMDAKXjY2MDAwMMK/U2VndXJvIHF1ZSBxdWllcmVzIG1lam9yYXIgZXN0ZSBvYmpldG8/XjAwMDAwMA==
nM2NBA,,XkZGMDAwMCAgICBDYXV0aW9uIF4wMDAwMDAKXkZGMDAwMFRoaXMgdXBncmFkZSBjYW4gYmUgZmFpbGVkLl4wMDAwMDAKXkZGMDAwMElmIHRoZSBpdGVtIGFscmVhZHkgaGFzIGV4dHJhIGFiaWxpdHksIHdlIHdpbGwgcmVzZXQgaXRlbSdzIGFiaWxpdHkgYW5kIGdpdmUgJ0luY3JlYXNlcyBTd2lybGluZyBQZXRhbCBkYW1hZ2UgYnkgMjUlJy5eMDAwMDAwCl5GRjAwMDBBcmUgeW91IHN1cmUgYWJvdXQgdXBncmFkaW5nIHRoaXMgaXRlbT9eMDAwMDAw,,,,,,,XjY2MDAwMEF0ZW5jacOzbjogXjAwMDAwMApeNjYwMDAwRXN0YSBtZWpvcmEgcHVlZGUgZmFsbGFyLl4wMDAwMDAKXjY2MDAwMFNpIGVsIG9iamV0byB5YSB0aWVuZSB1bmEgaGFiaWxpZGFkIGV4dHJhLCByZXN0YWJsZWNlcmVtb3MgbGEgaGFiaWxpZGFkIGRlbCBvYmpldG8geSBsZSBkYXJlbW9zIGxhIHBvc2liaWxpZGFkIGRlIGF1bWVudGFyIGVsIGRhw7FvIGRlIFDDqXRhbG8gYXJyZW1vbGluYWRvIGVuIHVuIDI1JS5eMDAwMDAwCl42NjAwMDDCv1NlZ3VybyBxdWUgcXVpZXJlcyBtZWpvcmFyIGVzdGUgb2JqZXRvP14wMDAwMDA=
nc2NBA,,XkZGMDAwMCAgICBDYXV0aW9uIF4wMDAwMDAKXkZGMDAwMFRoaXMgdXBncmFkZSBjYW4gYmUgZmFpbGVkLl4wMDAwMDAKXkZGMDAwMElmIHRoZSBpdGVtIGFscmVhZHkgaGFzIGV4dHJhIGFiaWxpdHksIHdlIHdpbGwgcmVzZXQgaXRlbSdzIGFiaWxpdHkgYW5kIGdpdmUgJ0luY3JlYXNlcyBGbGFtaW5nIFBldGFscyBkYW1hZ2UgYnkgMjAlJy5eMDAwMDAwCl5GRjAwMDBBcmUgeW91IHN1cmUgYWJvdXQgdXBncmFkaW5nIHRoaXMgaXRlbT9eMDAwMDAw,,,,,,,XjY2MDAwMEF0ZW5jacOzbjogXjAwMDAwMApeNjYwMDAwRXN0YSBtZWpvcmEgcHVlZGUgZmFsbGFyLl4wMDAwMDAKXjY2MDAwMFNpIGVsIG9iamV0byB5YSB0aWVuZSB1bmEgaGFiaWxpZGFkIGV4dHJhLCByZXN0YWJsZWNlcmVtb3MgbGEgaGFiaWxpZGFkIGRlbCBvYmpldG8geSBsZSBkYXJlbW9zIGxhIHBvc2liaWxpZGFkIGRlIGF1bWVudGFyIGVsIGRhw7FvIGRlIFDDqXRhbG9zIGRlIGZ1ZWdvIGVuIHVuIDIwJS5eMDAwMDAwCl42NjAwMDDCv1NlZ3VybyBxdWUgcXVpZXJlcyBtZWpvcmFyIGVzdGUgb2JqZXRvP14wMDAwMDA=
ns2NBA,,XkZGMDAwMCAgICBDYXV0aW9uIF4wMDAwMDAKXkZGMDAwMFRoaXMgdXBncmFkZSBjYW4gYmUgZmFpbGVkLl4wMDAwMDAKXkZGMDAwMElmIHRoZSBpdGVtIGFscmVhZHkgaGFzIGV4dHJhIGFiaWxpdHksIHdlIHdpbGwgcmVzZXQgaXRlbSdzIGFiaWxpdHkgYW5kIGdpdmUgJ0luY3JlYXNlIGRhbWFnZSBvZiBIYW1tZXIgb2YgR29kLCBSb3VuZCBUcmlwIGJ5IDIwJScuXjAwMDAwMApeRkYwMDAwQXJlIHlvdSBzdXJlIGFib3V0IHVwZ3JhZGluZyB0aGlzIGl0ZW0/XjAwMDAwMA==,,,,,,,XjY2MDAwMEF0ZW5jacOzbjogXjAwMDAwMApeNjYwMDAwRXN0YSBtZWpvcmEgcHVlZGUgZmFsbGFyLl4wMDAwMDAKXjY2MDAwMFNpIGVsIG9iamV0byB5YSB0aWVuZSB1bmEgaGFiaWxpZGFkIGV4dHJhLCByZXN0YWJsZWNlcmVtb3MgbGEgaGFiaWxpZGFkIGRlbCBvYmpldG8geSBsZSBkYXJlbW9zIGxhIHBvc2liaWxpZGFkIGRlIGF1bWVudGFyIGVsIGRhw7FvIGRlIE1hcnRpbGxvIGRlIGxvcyBkaW9zZXMgeSBWaWFqZSBkZSBpZGEgeSB2dWVsdGEgZW4gdW4gMjAlLl4wMDAwMDAKXjY2MDAwMMK/U2VndXJvIHF1ZSBxdWllcmVzIG1lam9yYXIgZXN0ZSBvYmpldG8/XjAwMDAwMA==
n82NBA,,XkZGMDAwMCAgICBDYXV0aW9uIF4wMDAwMDAKXkZGMDAwMFRoaXMgdXBncmFkZSBjYW4gYmUgZmFpbGVkLl4wMDAwMDAKXkZGMDAwMElmIHRoZSBpdGVtIGFscmVhZHkgaGFzIGV4dHJhIGFiaWxpdHksIHdlIHdpbGwgcmVzZXQgaXRlbSdzIGFiaWxpdHkgYW5kIGdpdmUgJ0luY3JlYXNlcyBQaWNreSBQZWNrIGFuZCBDYXRuaXAgTWV0ZW9yIGRhbWFnZSBieSAyMCUnLl4wMDAwMDAKXkZGMDAwMEFyZSB5b3Ugc3VyZSBhYm91dCB1cGdyYWRpbmcgdGhpcyBpdGVtP14wMDAwMDA=,,,,,,,XjY2MDAwMEF0ZW5jacOzbjogXjAwMDAwMApeNjYwMDAwRXN0YSBtZWpvcmEgcHVlZGUgZmFsbGFyLl4wMDAwMDAKXjY2MDAwMFNpIGVsIG9iamV0byB5YSB0aWVuZSB1bmEgaGFiaWxpZGFkIGV4dHJhLCByZXN0YWJsZWNlcmVtb3MgbGEgaGFiaWxpZGFkIGRlbCBvYmpldG8geSBsZSBkYXJlbW9zIGxhIHBvc2liaWxpZGFkIGRlIGF1bWVudGFyIGVsIGRhw7FvIGRlIFBpY290ZW8gZGUgcG9sbGl0byB5IE1ldGVvcm8gZGUgY2F0bmlwIGVuIHVuIDIwJS5eMDAwMDAwCl42NjAwMDDCv1NlZ3VybyBxdWUgcXVpZXJlcyBtZWpvcmFyIGVzdGUgb2JqZXRvP14wMDAwMDA=
oM2NBA,,XkZGMDAwMCAgICBDYXV0aW9uIF4wMDAwMDAKXkZGMDAwMFRoaXMgdXBncmFkZSBjYW4gYmUgZmFpbGVkLl4wMDAwMDAKXkZGMDAwMElmIHRoZSBpdGVtIGFscmVhZHkgaGFzIGV4dHJhIGFiaWxpdHksIHdlIHdpbGwgcmVzZXQgaXRlbSdzIGFiaWxpdHkgYW5kIGdpdmUgJ0luY3JlYXNlIGRhbWFnZSBvZiBBaW1lZCBCb2x0IGJ5IDE1JScuXjAwMDAwMApeRkYwMDAwQXJlIHlvdSBzdXJlIGFib3V0IHVwZ3JhZGluZyB0aGlzIGl0ZW0/XjAwMDAwMA==,,,,,,,XjY2MDAwMEF0ZW5jacOzbjogXjAwMDAwMApeNjYwMDAwRXN0YSBtZWpvcmEgcHVlZGUgZmFsbGFyLl4wMDAwMDAKXjY2MDAwMFNpIGVsIG9iamV0byB5YSB0aWVuZSB1bmEgaGFiaWxpZGFkIGV4dHJhLCByZXN0YWJsZWNlcmVtb3MgbGEgaGFiaWxpZGFkIGRlbCBvYmpldG8geSBsZSBkYXJlbW9zIGxhIHBvc2liaWxpZGFkIGRlIGF1bWVudGFyIGVsIGRhw7FvIGRlIEZsZWNoYSBkaXJpZ2lkYSBlbiB1biAxNSUuXjAwMDAwMApeNjYwMDAwwr9TZWd1cm8gcXVlIHF1aWVyZXMgbWVqb3JhciBlc3RlIG9iamV0bz9eMDAwMDAw
oc2NBA,,XkZGMDAwMCAgICBDYXV0aW9uIF4wMDAwMDAKXkZGMDAwMFRoaXMgdXBncmFkZSBjYW4gYmUgZmFpbGVkLl4wMDAwMDAKXkZGMDAwMElmIHRoZSBpdGVtIGFscmVhZHkgaGFzIGV4dHJhIGFiaWxpdHksIHdlIHdpbGwgcmVzZXQgaXRlbSdzIGFiaWxpdHkgYW5kIGdpdmUgJ0luY3JlYXNlIGRhbWFnZSBvZiBBcm1zIENhbm5vbiBieSAxNSUnLl4wMDAwMDAKXkZGMDAwMEFyZSB5b3Ugc3VyZSBhYm91dCB1cGdyYWRpbmcgdGhpcyBpdGVtP14wMDAwMDA=,,,,,,,XjY2MDAwMEF0ZW5jacOzbjogXjAwMDAwMApeNjYwMDAwRXN0YSBtZWpvcmEgcHVlZGUgZmFsbGFyLl4wMDAwMDAKXjY2MDAwMFNpIGVsIG9iamV0byB5YSB0aWVuZSB1bmEgaGFiaWxpZGFkIGV4dHJhLCByZXN0YWJsZWNlcmVtb3MgbGEgaGFiaWxpZGFkIGRlbCBvYmpldG8geSBsZSBkYXJlbW9zIGxhIHBvc2liaWxpZGFkIGRlIGF1bWVudGFyIGVsIGRhw7FvIGRlIENhw7HDs24gZGUgYnJhem8gZW4gdW4gMTUlLl4wMDAwMDAKXjY2MDAwMMK/U2VndXJvIHF1ZSBxdWllcmVzIG1lam9yYXIgZXN0ZSBvYmpldG8/XjAwMDAwMA==
os2NBA,,XkZGMDAwMCAgICBDYXV0aW9uIF4wMDAwMDAKXkZGMDAwMFRoaXMgdXBncmFkZSBjYW4gYmUgZmFpbGVkLl4wMDAwMDAKXkZGMDAwMElmIHRoZSBpdGVtIGFscmVhZHkgaGFzIGV4dHJhIGFiaWxpdHksIHdlIHdpbGwgcmVzZXQgaXRlbSdzIGFiaWxpdHkgYW5kIGdpdmUgJ0luY3JlYXNlIGRhbWFnZSBvZiBKdWRleCBieSAxNSUnLl4wMDAwMDAKXkZGMDAwMEFyZSB5b3Ugc3VyZSBhYm91dCB1cGdyYWRpbmcgdGhpcyBpdGVtP14wMDAwMDA=,,,,,,,XjY2MDAwMEF0ZW5jacOzbjogXjAwMDAwMApeNjYwMDAwRXN0YSBtZWpvcmEgcHVlZGUgZmFsbGFyLl4wMDAwMDAKXjY2MDAwMFNpIGVsIG9iamV0byB5YSB0aWVuZSB1bmEgaGFiaWxpZGFkIGV4dHJhLCByZXN0YWJsZWNlcmVtb3MgbGEgaGFiaWxpZGFkIGRlbCBvYmpldG8geSBsZSBkYXJlbW9zIGxhIHBvc2liaWxpZGFkIGRlIGF1bWVudGFyIGVsIGRhw7FvIGRlIEp1ZGV4IGVuIHVuIDE1JS5eMDAwMDAwCl42NjAwMDDCv1NlZ3VybyBxdWUgcXVpZXJlcyBtZWpvcmFyIGVzdGUgb2JqZXRvP14wMDAwMDA=
o82NBA,,XkZGMDAwMCAgICBDYXV0aW9uIF4wMDAwMDAKXkZGMDAwMFRoaXMgdXBncmFkZSBjYW4gYmUgZmFpbGVkLl4wMDAwMDAKXkZGMDAwMElmIHRoZSBpdGVtIGFscmVhZHkgaGFzIGV4dHJhIGFiaWxpdHksIHdlIHdpbGwgcmVzZXQgaXRlbSdzIGFiaWxpdHkgYW5kIGdpdmUgJ0NvbW1pdCBkYW1hZ2UgaW5jcmVhc2VkIGJ5IDE1JScuXjAwMDAwMApeRkYwMDAwQXJlIHlvdSBzdXJlIGFib3V0IHVwZ3JhZGluZyB0aGlzIGl0ZW0/XjAwMDAwMA==,,,,,,,XjY2MDAwMEF0ZW5jacOzbjogXjAwMDAwMApeNjYwMDAwRXN0YSBtZWpvcmEgcHVlZGUgZmFsbGFyLl4wMDAwMDAKXjY2MDAwMFNpIGVsIG9iamV0byB5YSB0aWVuZSB1bmEgaGFiaWxpZGFkIGV4dHJhLCByZXN0YWJsZWNlcmVtb3MgbGEgaGFiaWxpZGFkIGRlbCBvYmpldG8geSBsZSBkYXJlbW9zIGxhIHBvc2liaWxpZGFkIGRlIGF1bWVudGFyIGVsIGRhw7FvIGluZmxpZ2lkbyBlbiB1biAxNSUuXjAwMDAwMApeNjYwMDAwwr9TZWd1cm8gcXVlIHF1aWVyZXMgbWVqb3JhciBlc3RlIG9iamV0bz9eMDAwMDAw
pM2NBA,,XkZGMDAwMCAgICBDYXV0aW9uIF4wMDAwMDAKXkZGMDAwMFRoaXMgdXBncmFkZSBjYW4gYmUgZmFpbGVkLl4wMDAwMDAKXkZGMDAwMElmIHRoZSBpdGVtIGFscmVhZHkgaGFzIGV4dHJhIGFiaWxpdHksIHdlIHdpbGwgcmVzZXQgaXRlbSdzIGFiaWxpdHkgYW5kIGdpdmUgJ1JheSBvZiBHZW5lc2lzIGRhbWFnZSBpbmNyZWFzZWQgYnkgMTUlJy5eMDAwMDAwCl5GRjAwMDBBcmUgeW91IHN1cmUgYWJvdXQgdXBncmFkaW5nIHRoaXMgaXRlbT9eMDAwMDAw,,,,,,,XjY2MDAwMEF0ZW5jacOzbjogXjAwMDAwMApeNjYwMDAwRXN0YSBtZWpvcmEgcHVlZGUgZmFsbGFyLl4wMDAwMDAKXjY2MDAwMFNpIGVsIG9iamV0byB5YSB0aWVuZSB1bmEgaGFiaWxpZGFkIGV4dHJhLCByZXN0YWJsZWNlcmVtb3MgbGEgaGFiaWxpZGFkIGRlbCBvYmpldG8geSBsZSBkYXJlbW9zIGxhIHBvc2liaWxpZGFkIGRlIGF1bWVudGFyIGVsIGRhw7FvIGRlIFJheW8gZ8OpbmVzaXMgZW4gdW4gMTUlLl4wMDAwMDAKXjY2MDAwMMK/U2VndXJvIHF1ZSBxdWllcmVzIG1lam9yYXIgZXN0ZSBvYmpldG8/XjAwMDAwMA==
pc2NBA,,XkZGMDAwMCAgICBDYXV0aW9uIF4wMDAwMDAKXkZGMDAwMFRoaXMgdXBncmFkZSBjYW4gYmUgZmFpbGVkLl4wMDAwMDAKXkZGMDAwMElmIHRoZSBpdGVtIGFscmVhZHkgaGFzIGV4dHJhIGFiaWxpdHksIHdlIHdpbGwgcmVzZXQgaXRlbSdzIGFiaWxpdHkgYW5kIGdpdmUgJ0luY3JlYXNlcyBjcml0aWNhbCBkYW1hZ2UgYnkgMTUlLCBpZiBRYXRhciB0cmFpbmluZyBpcyBsZXZlbCAxMCwgZG91YmxlIGF0dGFjayBsZXZlbCAzIGNhbiBiZSB1c2VkJy5eMDAwMDAwCl5GRjAwMDBBcmUgeW91IHN1cmUgYWJvdXQgdXBncmFkaW5nIHRoaXMgaXRlbT9eMDAwMDAw,,,,,,,XjY2MDAwMEF0ZW5jacOzbjogXjAwMDAwMApeNjYwMDAwRXN0YSBtZWpvcmEgcHVlZGUgZmFsbGFyLl4wMDAwMDAKXjY2MDAwMFNpIGVsIG9iamV0byB5YSB0aWVuZSB1bmEgaGFiaWxpZGFkIGV4dHJhLCByZXN0YWJsZWNlcmVtb3MgbGEgaGFiaWxpZGFkIGRlbCBvYmpldG8geSBsZSBkYXJlbW9zIGxhIHBvc2liaWxpZGFkIGRlIGF1bWVudGFyIGVsIGRhw7FvIGNyw610aWNvIGVuIHVuIDE1JTsgc2kgdGllbmVzIE1hZXN0csOtYSBkZSBLYXRhciBkZSBuaXZlbDEwLCBwdWVkZXMgdXNhciBEb2JsZSBhdGFxdWUgZGUgbml2ZWwzLl4wMDAwMDAKXjY2MDAwMMK/U2VndXJvIHF1ZSBxdWllcmVzIG1lam9yYXIgZXN0ZSBvYmpldG8/XjAwMDAwMA==
ps2NBA,,XkZGMDAwMCAgICBDYXV0aW9uIF4wMDAwMDAKXkZGMDAwMFRoaXMgdXBncmFkZSBjYW4gYmUgZmFpbGVkLl4wMDAwMDAKXkZGMDAwMElmIHRoZSBpdGVtIGFscmVhZHkgaGFzIGV4dHJhIGFiaWxpdHksIHdlIHdpbGwgcmVzZXQgaXRlbSdzIGFiaWxpdHkgYW5kIGdpdmUgJ0luY3JlYXNlcyBJZ25pdGlvbiBCcmVhayBkYW1hZ2UgYnkgMTUlJy5eMDAwMDAwCl5GRjAwMDBBcmUgeW91IHN1cmUgYWJvdXQgdXBncmFkaW5nIHRoaXMgaXRlbT9eMDAwMDAw,,,,,,,XjY2MDAwMEF0ZW5jacOzbjogXjAwMDAwMApeNjYwMDAwRXN0YSBtZWpvcmEgcHVlZGUgZmFsbGFyLl4wMDAwMDAKXjY2MDAwMFNpIGVsIG9iamV0byB5YSB0aWVuZSB1bmEgaGFiaWxpZGFkIGV4dHJhLCByZXN0YWJsZWNlcmVtb3MgbGEgaGFiaWxpZGFkIGRlbCBvYmpldG8geSBsZSBkYXJlbW9zIGxhIHBvc2liaWxpZGFkIGRlIGF1bWVudGFyIGVsIGRhw7FvIGRlIFJ1cHR1cmEgw61nbmVhIGVuIHVuIDE1JS5eMDAwMDAwCl42NjAwMDDCv1NlZ3VybyBxdWUgcXVpZXJlcyBtZWpvcmFyIGVzdGUgb2JqZXRvP14wMDAwMDA=
p82NBA,,XkZGMDAwMCAgICBDYXV0aW9uIF4wMDAwMDAKXkZGMDAwMFRoaXMgdXBncmFkZSBjYW4gYmUgZmFpbGVkLl4wMDAwMDAKXkZGMDAwMElmIHRoZSBpdGVtIGFscmVhZHkgaGFzIGV4dHJhIGFiaWxpdHksIHdlIHdpbGwgcmVzZXQgaXRlbSdzIGFiaWxpdHkgYW5kIGdpdmUgJ0luY3JlYXNlcyBDcmF6eSBWaW5lcyBkYW1hZ2UgYnkgMjAlJy5eMDAwMDAwCl5GRjAwMDBBcmUgeW91IHN1cmUgYWJvdXQgdXBncmFkaW5nIHRoaXMgaXRlbT9eMDAwMDAw,,,,,,,XjY2MDAwMEF0ZW5jacOzbjogXjAwMDAwMApeNjYwMDAwRXN0YSBtZWpvcmEgcHVlZGUgZmFsbGFyLl4wMDAwMDAKXjY2MDAwMFNpIGVsIG9iamV0byB5YSB0aWVuZSB1bmEgaGFiaWxpZGFkIGV4dHJhLCByZXN0YWJsZWNlcmVtb3MgbGEgaGFiaWxpZGFkIGRlbCBvYmpldG8geSBsZSBkYXJlbW9zIGxhIHBvc2liaWxpZGFkIGRlIGF1bWVudGFyIGVsIGRhw7FvIGRlIEVucmVkYWRlcmFzIGxvY2FzIGVuIHVuIDIwJS5eMDAwMDAwCl42NjAwMDDCv1NlZ3VybyBxdWUgcXVpZXJlcyBtZWpvcmFyIGVzdGUgb2JqZXRvP14wMDAwMDA=
qM2NBA,,XkZGMDAwMCAgICBDYXV0aW9uIF4wMDAwMDAKXkZGMDAwMFRoaXMgdXBncmFkZSBjYW4gYmUgZmFpbGVkLl4wMDAwMDAKXkZGMDAwMElmIHRoZSBpdGVtIGFscmVhZHkgaGFzIGV4dHJhIGFiaWxpdHksIHdlIHdpbGwgcmVzZXQgaXRlbSdzIGFiaWxpdHkgYW5kIGdpdmUgJ0luY3JlYXNlcyBSZXZlcmJlcmF0aW9uIGRhbWFnZSBieSAxNSUnLl4wMDAwMDAKXkZGMDAwMEFyZSB5b3Ugc3VyZSBhYm91dCB1cGdyYWRpbmcgdGhpcyBpdGVtP14wMDAwMDA=,,,,,,,XjY2MDAwMEF0ZW5jacOzbjogXjAwMDAwMApeNjYwMDAwRXN0YSBtZWpvcmEgcHVlZGUgZmFsbGFyLl4wMDAwMDAKXjY2MDAwMFNpIGVsIG9iamV0byB5YSB0aWVuZSB1bmEgaGFiaWxpZGFkIGV4dHJhLCByZXN0YWJsZWNlcmVtb3MgbGEgaGFiaWxpZGFkIGRlbCBvYmpldG8geSBsZSBkYXJlbW9zIGxhIHBvc2liaWxpZGFkIGRlIGF1bWVudGFyIGVsIGRhw7FvIGRlIFJldmVyYmVyYWNpw7NuIGVuIHVuIDE1JS5eMDAwMDAwCl42NjAwMDDCv1NlZ3VybyBxdWUgcXVpZXJlcyBtZWpvcmFyIGVzdGUgb2JqZXRvP14wMDAwMDA=
qc2NBA,,XkZGMDAwMCAgICBDYXV0aW9uIF4wMDAwMDAKXkZGMDAwMFRoaXMgdXBncmFkZSBjYW4gYmUgZmFpbGVkLl4wMDAwMDAKXkZGMDAwMElmIHRoZSBpdGVtIGFscmVhZHkgaGFzIGV4dHJhIGFiaWxpdHksIHdlIHdpbGwgcmVzZXQgaXRlbSdzIGFiaWxpdHkgYW5kIGdpdmUgJ0FTUEQgKzEnLl4wMDAwMDAKXkZGMDAwMEFyZSB5b3Ugc3VyZSBhYm91dCB1cGdyYWRpbmcgdGhpcyBpdGVtP14wMDAwMDA=,,,,,,,XjY2MDAwMEF0ZW5jacOzbjogXjAwMDAwMApeNjYwMDAwRXN0YSBtZWpvcmEgcHVlZGUgZmFsbGFyLl4wMDAwMDAKXjY2MDAwMFNpIGVsIG9iamV0byB5YSB0aWVuZSB1bmEgaGFiaWxpZGFkIGV4dHJhLCByZXN0YWJsZWNlcmVtb3MgbGEgaGFiaWxpZGFkIGRlbCBvYmpldG8geSBsZSBkYXJlbW9zIFZFTEErMS5eMDAwMDAwCl42NjAwMDDCv1NlZ3VybyBxdWUgcXVpZXJlcyBtZWpvcmFyIGVzdGUgb2JqZXRvP14wMDAwMDA=
qs2NBA,,XkZGMDAwMCAgICBDYXV0aW9uIF4wMDAwMDAKXkZGMDAwMFRoaXMgdXBncmFkZSBjYW4gYmUgZmFpbGVkLl4wMDAwMDAKXkZGMDAwMElmIHRoZSBpdGVtIGFscmVhZHkgaGFzIGV4dHJhIGFiaWxpdHksIHdlIHdpbGwgcmVzZXQgaXRlbSdzIGFiaWxpdHkgYW5kIGdpdmUgJ1JlZHVjZXMgZml4ZWQgY2FzdGluZyB0aW1lIGJ5IDAuNSBzZWNvbmRzJy5eMDAwMDAwCl5GRjAwMDBBcmUgeW91IHN1cmUgYWJvdXQgdXBncmFkaW5nIHRoaXMgaXRlbT9eMDAwMDAw,,,,,,,XjY2MDAwMEF0ZW5jacOzbjogXjAwMDAwMApeNjYwMDAwRXN0YSBtZWpvcmEgcHVlZGUgZmFsbGFyLl4wMDAwMDAKXjY2MDAwMFNpIGVsIG9iamV0byB5YSB0aWVuZSB1bmEgaGFiaWxpZGFkIGV4dHJhLCByZXN0YWJsZWNlcmVtb3MgbGEgaGFiaWxpZGFkIGRlbCBvYmpldG8geSBsZSBkYXJlbW9zIGxhIHBvc2liaWxpZGFkIGRlIHJlZHVjaXIgZWwgdGllbXBvIGRlIGxhbnphbWllbnRvIGZpam8gZW4gMCw1c2VndW5kb3MuXjAwMDAwMApeNjYwMDAwwr9TZWd1cm8gcXVlIHF1aWVyZXMgbWVqb3JhciBlc3RlIG9iamV0bz9eMDAwMDAw
q82NBA,,XkZGMDAwMCAgICBDYXV0aW9uIF4wMDAwMDAKXkZGMDAwMFRoaXMgdXBncmFkZSBjYW4gYmUgZmFpbGVkLl4wMDAwMDAKXkZGMDAwMElmIHRoZSBpdGVtIGFscmVhZHkgaGFzIGV4dHJhIGFiaWxpdHksIHdlIHdpbGwgcmVzZXQgaXRlbSdzIGFiaWxpdHkgYW5kIGdpdmUgJ0luY3JlYXNlcyBtZWxlZSBwaHlzaWNhbCBkYW1hZ2UgYnkgYWRkaXRpb25hbCAyJScuXjAwMDAwMApeRkYwMDAwQXJlIHlvdSBzdXJlIGFib3V0IHVwZ3JhZGluZyB0aGlzIGl0ZW0/XjAwMDAwMA==,,,,,,,XjY2MDAwMEF0ZW5jacOzbjogXjAwMDAwMApeNjYwMDAwRXN0YSBtZWpvcmEgcHVlZGUgZmFsbGFyLl4wMDAwMDAKXjY2MDAwMFNpIGVsIG9iamV0byB5YSB0aWVuZSB1bmEgaGFiaWxpZGFkIGV4dHJhLCByZXN0YWJsZWNlcmVtb3MgbGEgaGFiaWxpZGFkIGRlbCBvYmpldG8geSBsZSBkYXJlbW9zIGxhIHBvc2liaWxpZGFkIGRlIGF1bWVudGFyIGVsIGRhw7FvIGbDrXNpY28gY3VlcnBvIGEgY3VlcnBvIGVuIHVuIDIlIGFkaWNpb25hbC5eMDAwMDAwCl42NjAwMDDCv1NlZ3VybyBxdWUgcXVpZXJlcyBtZWpvcmFyIGVzdGUgb2JqZXRvP14wMDAwMDA=
rM2NBA,,XkZGMDAwMCAgICBDYXV0aW9uIF4wMDAwMDAKXkZGMDAwMFRoaXMgdXBncmFkZSBjYW4gYmUgZmFpbGVkLl4wMDAwMDAKXkZGMDAwMElmIHRoZSBpdGVtIGFscmVhZHkgaGFzIGV4dHJhIGFiaWxpdHksIHdlIHdpbGwgcmVzZXQgaXRlbSdzIGFiaWxpdHkgYW5kIGdpdmUgJ0FkZHMgYSAxJSBjaGFuY2Ugb2YgcmVzdG9yaW5nIDElIG9mIGRhbWFnZSBhcyBIUCB3aGVuIHBlcmZvcm1pbmcgYSBwaHlzaWNhbCBhdHRhY2snLl4wMDAwMDAKXkZGMDAwMEFyZSB5b3Ugc3VyZSBhYm91dCB1cGdyYWRpbmcgdGhpcyBpdGVtP14wMDAwMDA=,,,,,,,XjY2MDAwMEF0ZW5jacOzbjogXjAwMDAwMApeNjYwMDAwRXN0YSBtZWpvcmEgcHVlZGUgZmFsbGFyLl4wMDAwMDAKXjY2MDAwMFNpIGVsIG9iamV0byB5YSB0aWVuZSB1bmEgaGFiaWxpZGFkIGV4dHJhLCByZXN0YWJsZWNlcmVtb3MgbGEgaGFiaWxpZGFkIGRlbCBvYmpldG8geSBsZSBkYXJlbW9zIGxhIHBvc2liaWxpZGFkIGRlIGFncmVnYXIgdW4gMSUgZGUgcHJvYmFiaWxpZGFkIGRlIHJlc3RhdXJhciB1biAxJSBkZWwgZGHDsW8gZW4gZm9ybWEgZGUgUFYgYWwgcmVhbGl6YXIgdW4gYXRhcXVlIGbDrXNpY28uXjAwMDAwMApeNjYwMDAwwr9TZWd1cm8gcXVlIHF1aWVyZXMgbWVqb3JhciBlc3RlIG9iamV0bz9eMDAwMDAw
rc2NBA,,XkZGMDAwMCAgICBDYXV0aW9uIF4wMDAwMDAKXkZGMDAwMFRoaXMgdXBncmFkZSBjYW4gYmUgZmFpbGVkLl4wMDAwMDAKXkZGMDAwMElmIHRoZSBpdGVtIGFscmVhZHkgaGFzIGV4dHJhIGFiaWxpdHksIHdlIHdpbGwgcmVzZXQgaXRlbSdzIGFiaWxpdHkgYW5kIGdpdmUgJ0luY3JlYXNlcyBhbGwgcHJvcGVydHkgbWFnaWNhbCBkYW1hZ2UgYnkgYWRkaXRpb25hbCAyJScuXjAwMDAwMApeRkYwMDAwQXJlIHlvdSBzdXJlIGFib3V0IHVwZ3JhZGluZyB0aGlzIGl0ZW0/XjAwMDAwMA==,,,,,,,XjY2MDAwMEF0ZW5jacOzbjogXjAwMDAwMApeNjYwMDAwRXN0YSBtZWpvcmEgcHVlZGUgZmFsbGFyLl4wMDAwMDAKXjY2MDAwMFNpIGVsIG9iamV0byB5YSB0aWVuZSB1bmEgaGFiaWxpZGFkIGV4dHJhLCByZXN0YWJsZWNlcmVtb3MgbGEgaGFiaWxpZGFkIGRlbCBvYmpldG8geSBsZSBkYXJlbW9zIGxhIHBvc2liaWxpZGFkIGRlIGF1bWVudGFyIGVsIGRhw7FvIG3DoWdpY28gZGUgdG9kYXMgbGFzIHByb3BpZWRhZGVzIGVuIHVuIDIlIGFkaWNpb25hbC5eMDAwMDAwCl42NjAwMDDCv1NlZ3VybyBxdWUgcXVpZXJlcyBtZWpvcmFyIGVzdGUgb2JqZXRvP14wMDAwMDA=
rs2NBA,,XkZGMDAwMCAgICBDYXV0aW9uIF4wMDAwMDAKXkZGMDAwMFRoaXMgdXBncmFkZSBjYW4gYmUgZmFpbGVkLl4wMDAwMDAKXkZGMDAwMElmIHRoZSBpdGVtIGFscmVhZHkgaGFzIGV4dHJhIGFiaWxpdHksIHdlIHdpbGwgcmVzZXQgaXRlbSdzIGFiaWxpdHkgYW5kIGdpdmUgJ0RlY3JlYXNlIGZpeGVkIGNhc3RpbmcgYnkgMC4xIHNlY29uZHMuJy5eMDAwMDAwCl5GRjAwMDBBcmUgeW91IHN1cmUgYWJvdXQgdXBncmFkaW5nIHRoaXMgaXRlbT9eMDAwMDAw,,,,,,,XjY2MDAwMEF0ZW5jacOzbjogXjAwMDAwMApeNjYwMDAwRXN0YSBtZWpvcmEgcHVlZGUgZmFsbGFyLl4wMDAwMDAKXjY2MDAwMFNpIGVsIG9iamV0byB5YSB0aWVuZSB1bmEgaGFiaWxpZGFkIGV4dHJhLCByZXN0YWJsZWNlcmVtb3MgbGEgaGFiaWxpZGFkIGRlbCBvYmpldG8geSBsZSBkYXJlbW9zIGxhIHBvc2liaWxpZGFkIGRlIHJlZHVjaXIgZWwgdGllbXBvIGRlIGxhbnphbWllbnRvIGZpam8gZW4gMCwxc2VndW5kb3MuXjAwMDAwMApeNjYwMDAwwr9TZWd1cm8gcXVlIHF1aWVyZXMgbWVqb3JhciBlc3RlIG9iamV0bz9eMDAwMDAw
r82NBA,,XkZGMDAwMCAgICBDYXV0aW9uIF4wMDAwMDAKXkZGMDAwMFRoaXMgdXBncmFkZSBjYW4gYmUgZmFpbGVkLl4wMDAwMDAKXkZGMDAwMElmIHRoZSBpdGVtIGFscmVhZHkgaGFzIGV4dHJhIGFiaWxpdHksIHdlIHdpbGwgcmVzZXQgaXRlbSdzIGFiaWxpdHkgYW5kIGdpdmUgJ0luY3JlYXNlcyBsb25nIHJhbmdlZCBwaHlzaWNhbCBkYW1hZ2UgYnkgNCUnLl4wMDAwMDAKXkZGMDAwMEFyZSB5b3Ugc3VyZSBhYm91dCB1cGdyYWRpbmcgdGhpcyBpdGVtP14wMDAwMDA=,,,,,,,XjY2MDAwMEF0ZW5jacOzbjogXjAwMDAwMApeNjYwMDAwRXN0YSBtZWpvcmEgcHVlZGUgZmFsbGFyLl4wMDAwMDAKXjY2MDAwMFNpIGVsIG9iamV0byB5YSB0aWVuZSB1bmEgaGFiaWxpZGFkIGV4dHJhLCByZXN0YWJsZWNlcmVtb3MgbGEgaGFiaWxpZGFkIGRlbCBvYmpldG8geSBsZSBkYXJlbW9zIGxhIHBvc2liaWxpZGFkIGRlIGF1bWVudGFyIGVsIGRhw7FvIGbDrXNpY28gYSBkaXN0YW5jaWEgZW4gdW4gNCUuXjAwMDAwMApeNjYwMDAwwr9TZWd1cm8gcXVlIHF1aWVyZXMgbWVqb3JhciBlc3RlIG9iamV0bz9eMDAwMDAw
sM2NBA,,XkZGMDAwMCAgICBDYXV0aW9uIF4wMDAwMDAKXkZGMDAwMFRoaXMgdXBncmFkZSBjYW4gYmUgZmFpbGVkLl4wMDAwMDAKXkZGMDAwMElmIHRoZSBpdGVtIGFscmVhZHkgaGFzIGV4dHJhIGFiaWxpdHksIHdlIHdpbGwgcmVzZXQgaXRlbSdzIGFiaWxpdHkgYW5kIGdpdmUgJ1JlZHVjZXMgZ2xvYmFsIGNvb2xkb3duIGJ5IDUlLicuXjAwMDAwMApeRkYwMDAwQXJlIHlvdSBzdXJlIGFib3V0IHVwZ3JhZGluZyB0aGlzIGl0ZW0/XjAwMDAwMA==,,,,,,,XjY2MDAwMEF0ZW5jacOzbjogXjAwMDAwMApeNjYwMDAwRXN0YSBtZWpvcmEgcHVlZGUgZmFsbGFyLl4wMDAwMDAKXjY2MDAwMFNpIGVsIG9iamV0byB5YSB0aWVuZSB1bmEgaGFiaWxpZGFkIGV4dHJhLCByZXN0YWJsZWNlcmVtb3MgbGEgaGFiaWxpZGFkIGRlbCBvYmpldG8geSBsZSBkYXJlbW9zIGxhIHBvc2liaWxpZGFkIGRlIHJlZHVjaXIgZWwgdGllbXBvIGRlIHJlY2FyZ2EgZ2VuZXJhbCBlbiB1biA1JS5eMDAwMDAwCl42NjAwMDDCv1NlZ3VybyBxdWUgcXVpZXJlcyBtZWpvcmFyIGVzdGUgb2JqZXRvP14wMDAwMDA=
sc2NBA,,XkZGMDAwMCAgICBDYXV0aW9uIF4wMDAwMDAKXkZGMDAwMFRoaXMgdXBncmFkZSBjYW4gYmUgZmFpbGVkLl4wMDAwMDAKXkZGMDAwMElmIHRoZSBpdGVtIGFscmVhZHkgaGFzIGV4dHJhIGFiaWxpdHksIHdlIHdpbGwgcmVzZXQgaXRlbSdzIGFiaWxpdHkgYW5kIGdpdmUgJ0NSVCArIDUnLl4wMDAwMDAKXkZGMDAwMEFyZSB5b3Ugc3VyZSBhYm91dCB1cGdyYWRpbmcgdGhpcyBpdGVtP14wMDAwMDA=,,,,,,,XjY2MDAwMEF0ZW5jacOzbjogXjAwMDAwMApeNjYwMDAwRXN0YSBtZWpvcmEgcHVlZGUgZmFsbGFyLl4wMDAwMDAKXjY2MDAwMFNpIGVsIG9iamV0byB5YSB0aWVuZSB1bmEgaGFiaWxpZGFkIGV4dHJhLCByZXN0YWJsZWNlcmVtb3MgbGEgaGFiaWxpZGFkIGRlbCBvYmpldG8geSBsZSBkYXJlbW9zIENSRSs1Ll4wMDAwMDAKXjY2MDAwMMK/U2VndXJvIHF1ZSBxdWllcmVzIG1lam9yYXIgZXN0ZSBvYmpldG8/XjAwMDAwMA==
ss2NBA,,XkZGMDAwMCAgICBDYXV0aW9uIF4wMDAwMDAKXkZGMDAwMFRoaXMgdXBncmFkZSBjYW4gYmUgZmFpbGVkLl4wMDAwMDAKXkZGMDAwMElmIHRoZSBpdGVtIGFscmVhZHkgaGFzIGV4dHJhIGFiaWxpdHksIHdlIHdpbGwgcmVzZXQgaXRlbSdzIGFiaWxpdHkgYW5kIGdpdmUgJ0NyaXRpY2FsIERhbWFnZSArIDEwJSwgQ1JJICsgMTAnLl4wMDAwMDAKXkZGMDAwMEFyZSB5b3Ugc3VyZSBhYm91dCB1cGdyYWRpbmcgdGhpcyBpdGVtP14wMDAwMDA=,,,,,,,XjY2MDAwMEF0ZW5jacOzbjogXjAwMDAwMApeNjYwMDAwRXN0YSBtZWpvcmEgcHVlZGUgZmFsbGFyLl4wMDAwMDAKXjY2MDAwMFNpIGVsIG9iamV0byB5YSB0aWVuZSB1bmEgaGFiaWxpZGFkIGV4dHJhLCByZXN0YWJsZWNlcmVtb3MgbGEgaGFiaWxpZGFkIGRlbCBvYmpldG8geSBsZSBkYXJlbW9zIGxhIHBvc2liaWxpZGFkIGRlIGluZmxpZ2lyIGRhw7FvIGNyw610aWNvICsxMCUgeSBDUsONVCsxMC5eMDAwMDAwCl42NjAwMDDCv1NlZ3VybyBxdWUgcXVpZXJlcyBtZWpvcmFyIGVzdGUgb2JqZXRvP14wMDAwMDA=
s82NBA,,XkZGMDAwMCAgICBDYXV0aW9uIF4wMDAwMDAKXkZGMDAwMFRoaXMgdXBncmFkZSBjYW4gYmUgZmFpbGVkLl4wMDAwMDAKXkZGMDAwMElmIHRoZSBpdGVtIGFscmVhZHkgaGFzIGV4dHJhIGFiaWxpdHksIHdlIHdpbGwgcmVzZXQgaXRlbSdzIGFiaWxpdHkgYW5kIGdpdmUgJ0NPTiArIDUnLl4wMDAwMDAKXkZGMDAwMEFyZSB5b3Ugc3VyZSBhYm91dCB1cGdyYWRpbmcgdGhpcyBpdGVtP14wMDAwMDA=,,,,,,,XjY2MDAwMEF0ZW5jacOzbjogXjAwMDAwMApeNjYwMDAwRXN0YSBtZWpvcmEgcHVlZGUgZmFsbGFyLl4wMDAwMDAKXjY2MDAwMFNpIGVsIG9iamV0byB5YSB0aWVuZSB1bmEgaGFiaWxpZGFkIGV4dHJhLCByZXN0YWJsZWNlcmVtb3MgbGEgaGFiaWxpZGFkIGRlbCBvYmpldG8geSBsZSBkYXJlbW9zIENPTis1Ll4wMDAwMDAKXjY2MDAwMMK/U2VndXJvIHF1ZSBxdWllcmVzIG1lam9yYXIgZXN0ZSBvYmpldG8/XjAwMDAwMA==
tM2NBA,,XkZGMDAwMCAgICBDYXV0aW9uIF4wMDAwMDAKXkZGMDAwMFRoaXMgdXBncmFkZSBjYW4gYmUgZmFpbGVkLl4wMDAwMDAKXkZGMDAwMElmIHRoZSBpdGVtIGFscmVhZHkgaGFzIGV4dHJhIGFiaWxpdHksIHdlIHdpbGwgcmVzZXQgaXRlbSdzIGFiaWxpdHkgYW5kIGdpdmUgJ1NQTCArIDUnLl4wMDAwMDAKXkZGMDAwMEFyZSB5b3Ugc3VyZSBhYm91dCB1cGdyYWRpbmcgdGhpcyBpdGVtP14wMDAwMDA=,,,,,,,XjY2MDAwMEF0ZW5jacOzbjogXjAwMDAwMApeNjYwMDAwRXN0YSBtZWpvcmEgcHVlZGUgZmFsbGFyLl4wMDAwMDAKXjY2MDAwMFNpIGVsIG9iamV0byB5YSB0aWVuZSB1bmEgaGFiaWxpZGFkIGV4dHJhLCByZXN0YWJsZWNlcmVtb3MgbGEgaGFiaWxpZGFkIGRlbCBvYmpldG8geSBsZSBkYXJlbW9zIEhBQis1Ll4wMDAwMDAKXjY2MDAwMMK/U2VndXJvIHF1ZSBxdWllcmVzIG1lam9yYXIgZXN0ZSBvYmpldG8/XjAwMDAwMA==
tc2NBA,,XkZGMDAwMCAgICBDYXV0aW9uIF4wMDAwMDAKXkZGMDAwMFRoaXMgdXBncmFkZSBjYW4gYmUgZmFpbGVkLl4wMDAwMDAKXkZGMDAwMElmIHRoZSBpdGVtIGFscmVhZHkgaGFzIGV4dHJhIGFiaWxpdHksIHdlIHdpbGwgcmVzZXQgaXRlbSdzIGFiaWxpdHkgYW5kIGdpdmUgJ1MuTWF0ayArIDMnLl4wMDAwMDAKXkZGMDAwMEFyZSB5b3Ugc3VyZSBhYm91dCB1cGdyYWRpbmcgdGhpcyBpdGVtP14wMDAwMDA=,,,,,,,XjY2MDAwMEF0ZW5jacOzbjogXjAwMDAwMApeNjYwMDAwRXN0YSBtZWpvcmEgcHVlZGUgZmFsbGFyLl4wMDAwMDAKXjY2MDAwMFNpIGVsIG9iamV0byB5YSB0aWVuZSB1bmEgaGFiaWxpZGFkIGV4dHJhLCByZXN0YWJsZWNlcmVtb3MgbGEgaGFiaWxpZGFkIGRlbCBvYmpldG8geSBsZSBkYXJlbW9zIEFUUU1IKzMuXjAwMDAwMApeNjYwMDAwwr9TZWd1cm8gcXVlIHF1aWVyZXMgbWVqb3JhciBlc3RlIG9iamV0bz9eMDAwMDAw
ts2NBA,,XkZGMDAwMCAgICBDYXV0aW9uIF4wMDAwMDAKXkZGMDAwMFRoaXMgdXBncmFkZSBjYW4gYmUgZmFpbGVkLl4wMDAwMDAKXkZGMDAwMElmIHRoZSBpdGVtIGFscmVhZHkgaGFzIGV4dHJhIGFiaWxpdHksIHdlIHdpbGwgcmVzZXQgaXRlbSdzIGFiaWxpdHkgYW5kIGdpdmUgJ1AuQVRLICsgMycuXjAwMDAwMApeRkYwMDAwQXJlIHlvdSBzdXJlIGFib3V0IHVwZ3JhZGluZyB0aGlzIGl0ZW0/XjAwMDAwMA==,,,,,,,XjY2MDAwMEF0ZW5jacOzbjogXjAwMDAwMApeNjYwMDAwRXN0YSBtZWpvcmEgcHVlZGUgZmFsbGFyLl4wMDAwMDAKXjY2MDAwMFNpIGVsIG9iamV0byB5YSB0aWVuZSB1bmEgaGFiaWxpZGFkIGV4dHJhLCByZXN0YWJsZWNlcmVtb3MgbGEgaGFiaWxpZGFkIGRlbCBvYmpldG8geSBsZSBkYXJlbW9zIEFUUUYrMy5eMDAwMDAwCl42NjAwMDDCv1NlZ3VybyBxdWUgcXVpZXJlcyBtZWpvcmFyIGVzdGUgb2JqZXRvP14wMDAwMDA=
t82NBA,,XkZGMDAwMCAgICBDYXV0aW9uIF4wMDAwMDAKXkZGMDAwMFRoaXMgdXBncmFkZSBjYW4gYmUgZmFpbGVkLl4wMDAwMDAKXkZGMDAwMElmIHRoZSBpdGVtIGFscmVhZHkgaGFzIGV4dHJhIGFiaWxpdHksIHdlIHdpbGwgcmVzZXQgaXRlbSdzIGFiaWxpdHkgYW5kIGdpdmUgJ1BPVyArIDUnLl4wMDAwMDAKXkZGMDAwMEFyZSB5b3Ugc3VyZSBhYm91dCB1cGdyYWRpbmcgdGhpcyBpdGVtP14wMDAwMDA=,,,,,,,XjY2MDAwMEF0ZW5jacOzbjogXjAwMDAwMApeNjYwMDAwRXN0YSBtZWpvcmEgcHVlZGUgZmFsbGFyLl4wMDAwMDAKXjY2MDAwMFNpIGVsIG9iamV0byB5YSB0aWVuZSB1bmEgaGFiaWxpZGFkIGV4dHJhLCByZXN0YWJsZWNlcmVtb3MgbGEgaGFiaWxpZGFkIGRlbCBvYmpldG8geSBsZSBkYXJlbW9zIFBPVCs1Ll4wMDAwMDAKXjY2MDAwMMK/U2VndXJvIHF1ZSBxdWllcmVzIG1lam9yYXIgZXN0ZSBvYmpldG8/XjAwMDAwMA==
uM2NBA,,XkZGMDAwMCAgICBDYXV0aW9uIF4wMDAwMDAKXkZGMDAwMFRoaXMgdXBncmFkZSBjYW4gYmUgZmFpbGVkLl4wMDAwMDAKXkZGMDAwMElmIHRoZSBpdGVtIGFscmVhZHkgaGFzIGV4dHJhIGFiaWxpdHksIHdlIHdpbGwgcmVzZXQgaXRlbSdzIGFiaWxpdHkgYW5kIGdpdmUgJ0RFRiArIDEwMCwgTURFRiArIDI1LCBSRVMgKyAyMCwgTVJFUyArIDIwJy5eMDAwMDAwCl5GRjAwMDBBcmUgeW91IHN1cmUgYWJvdXQgdXBncmFkaW5nIHRoaXMgaXRlbT9eMDAwMDAw,,,,,,,XjY2MDAwMEF0ZW5jacOzbjogXjAwMDAwMApeNjYwMDAwRXN0YSBtZWpvcmEgcHVlZGUgZmFsbGFyLl4wMDAwMDAKXjY2MDAwMFNpIGVsIG9iamV0byB5YSB0aWVuZSB1bmEgaGFiaWxpZGFkIGV4dHJhLCByZXN0YWJsZWNlcmVtb3MgbGEgaGFiaWxpZGFkIGRlbCBvYmpldG8geSBsZSBkYXJlbW9zIERFRisxMDAsIERFRk0rMjUsIFJFUysyMCB5IFJFU00rMjAuXjAwMDAwMApeNjYwMDAwwr9TZWd1cm8gcXVlIHF1aWVyZXMgbWVqb3JhciBlc3RlIG9iamV0bz9eMDAwMDAw
uc2NBA,,XkZGMDAwMCAgICBDYXV0aW9uIF4wMDAwMDAKXkZGMDAwMFRoaXMgdXBncmFkZSBjYW4gYmUgZmFpbGVkLl4wMDAwMDAKXkZGMDAwMElmIHRoZSBpdGVtIGFscmVhZHkgaGFzIGV4dHJhIGFiaWxpdHksIHdlIHdpbGwgcmVzZXQgaXRlbSdzIGFiaWxpdHkgYW5kIGdpdmUgJ1NUQSArIDUsIFdJUyArIDUnLl4wMDAwMDAKXkZGMDAwMEFyZSB5b3Ugc3VyZSBhYm91dCB1cGdyYWRpbmcgdGhpcyBpdGVtP14wMDAwMDA=,,,,,,,XjY2MDAwMEF0ZW5jacOzbjogXjAwMDAwMApeNjYwMDAwRXN0YSBtZWpvcmEgcHVlZGUgZmFsbGFyLl4wMDAwMDAKXjY2MDAwMFNpIGVsIG9iamV0byB5YSB0aWVuZSB1bmEgaGFiaWxpZGFkIGV4dHJhLCByZXN0YWJsZWNlcmVtb3MgbGEgaGFiaWxpZGFkIGRlbCBvYmpldG8geSBsZSBkYXJlbW9zIEFHVSs1IHkgU0FCKzUuXjAwMDAwMApeNjYwMDAwwr9TZWd1cm8gcXVlIHF1aWVyZXMgbWVqb3JhciBlc3RlIG9iamV0bz9eMDAwMDAw
us2NBA,,XkZGMDAwMCAgICBDYXV0aW9uIF4wMDAwMDAKXkZGMDAwMFRoaXMgdXBncmFkZSBjYW4gYmUgZmFpbGVkLl4wMDAwMDAKXkZGMDAwMElmIHRoZSBpdGVtIGFscmVhZHkgaGFzIGV4dHJhIGFiaWxpdHksIHdlIHdpbGwgcmVzZXQgaXRlbSdzIGFiaWxpdHkgYW5kIGdpdmUgJ0luY3JlYXNlcyBLdW5haSAtIERpc3RvcnRpb24gZGFtYWdlIGJ5IDUlLicuXjAwMDAwMApeRkYwMDAwQXJlIHlvdSBzdXJlIGFib3V0IHVwZ3JhZGluZyB0aGlzIGl0ZW0/XjAwMDAwMA==,,,,,,,XjY2MDAwMEF0ZW5jacOzbjogXjAwMDAwMApeNjYwMDAwRXN0YSBtZWpvcmEgcHVlZGUgZmFsbGFyLl4wMDAwMDAKXjY2MDAwMFNpIGVsIG9iamV0byB5YSB0aWVuZSB1bmEgaGFiaWxpZGFkIGV4dHJhLCByZXN0YWJsZWNlcmVtb3MgbGEgaGFiaWxpZGFkIGRlbCBvYmpldG8geSBsZSBkYXJlbW9zIGxhIHBvc2liaWxpZGFkIGRlIGF1bWVudGFyIGVsIGRhw7FvIGRlIEt1bmFpOiBEaXN0b3JzacOzbiBlbiB1biA1JS5eMDAwMDAwCl42NjAwMDDCv1NlZ3VybyBxdWUgcXVpZXJlcyBtZWpvcmFyIGVzdGUgb2JqZXRvP14wMDAwMDA=
u82NBA,,XkZGMDAwMCAgICBDYXV0aW9uIF4wMDAwMDAKXkZGMDAwMFRoaXMgdXBncmFkZSBjYW4gYmUgZmFpbGVkLl4wMDAwMDAKXkZGMDAwMElmIHRoZSBpdGVtIGFscmVhZHkgaGFzIGV4dHJhIGFiaWxpdHksIHdlIHdpbGwgcmVzZXQgaXRlbSdzIGFiaWxpdHkgYW5kIGdpdmUgJ0luY3JlYXNlcyBEYXJrZW5pbmcgQ2Fubm9uIGRhbWFnZSBieSAxMCUnLl4wMDAwMDAKXkZGMDAwMEFyZSB5b3Ugc3VyZSBhYm91dCB1cGdyYWRpbmcgdGhpcyBpdGVtP14wMDAwMDA=,,,,,,,XjY2MDAwMEF0ZW5jacOzbjogXjAwMDAwMApeNjYwMDAwRXN0YSBtZWpvcmEgcHVlZGUgZmFsbGFyLl4wMDAwMDAKXjY2MDAwMFNpIGVsIG9iamV0byB5YSB0aWVuZSB1bmEgaGFiaWxpZGFkIGV4dHJhLCByZXN0YWJsZWNlcmVtb3MgbGEgaGFiaWxpZGFkIGRlbCBvYmpldG8geSBsZSBkYXJlbW9zIGxhIHBvc2liaWxpZGFkIGRlIGF1bWVudGFyIGVsIGRhw7FvIGRlIENhw7HDs24gb3NjdXJlY2Vkb3IgZW4gdW4gMTAlLl4wMDAwMDAKXjY2MDAwMMK/U2VndXJvIHF1ZSBxdWllcmVzIG1lam9yYXIgZXN0ZSBvYmpldG8/XjAwMDAwMA==
vM2NBA,,XkZGMDAwMCAgICBDYXV0aW9uIF4wMDAwMDAKXkZGMDAwMFRoaXMgdXBncmFkZSBjYW4gYmUgZmFpbGVkLl4wMDAwMDAKXkZGMDAwMElmIHRoZSBpdGVtIGFscmVhZHkgaGFzIGV4dHJhIGFiaWxpdHksIHdlIHdpbGwgcmVzZXQgaXRlbSdzIGFiaWxpdHkgYW5kIGdpdmUgJ0V2ZXJ5IDIgbGV2ZWwgb2YgU2hhZG93IFNlbnNlIGxlYXJuZWQsIEluY3JlYXNlcyBjcml0aWNhbCBkYW1hZ2UgYnkgNCUnLl4wMDAwMDAKXkZGMDAwMEFyZSB5b3Ugc3VyZSBhYm91dCB1cGdyYWRpbmcgdGhpcyBpdGVtP14wMDAwMDA=,,,,,,,XjY2MDAwMEF0ZW5jacOzbjogXjAwMDAwMApeNjYwMDAwRXN0YSBtZWpvcmEgcHVlZGUgZmFsbGFyLl4wMDAwMDAKXjY2MDAwMFNpIGVsIG9iamV0byB5YSB0aWVuZSB1bmEgaGFiaWxpZGFkIGV4dHJhLCByZXN0YWJsZWNlcmVtb3MgbGEgaGFiaWxpZGFkIGRlbCBvYmpldG8geSBsZSBkYXJlbW9zIGxhIHBvc2liaWxpZGFkIGRlIHF1ZSwgcG9yIGNhZGEgMm5pdmVsZXMgZGUgU2VudGlkbyBkZSBsYSBzb21icmEgYXByZW5kaWRvcywgYXVtZW50ZSBlbCBkYcOxbyBjcsOtdGljbyBlbiB1biA0JS5eMDAwMDAwCl42NjAwMDDCv1NlZ3VybyBxdWUgcXVpZXJlcyBtZWpvcmFyIGVzdGUgb2JqZXRvP14wMDAwMDA=
vc2NBA,,XkZGMDAwMCAgICBDYXV0aW9uIF4wMDAwMDAKXkZGMDAwMFRoaXMgdXBncmFkZSBjYW4gYmUgZmFpbGVkLl4wMDAwMDAKXkZGMDAwMElmIHRoZSBpdGVtIGFscmVhZHkgaGFzIGV4dHJhIGFiaWxpdHksIHdlIHdpbGwgcmVzZXQgaXRlbSdzIGFiaWxpdHkgYW5kIGdpdmUgJ0luY3JlYXNlcyBGbGFtZW4gZGFtYWdlIGJ5IDUlJy5eMDAwMDAwCl5GRjAwMDBBcmUgeW91IHN1cmUgYWJvdXQgdXBncmFkaW5nIHRoaXMgaXRlbT9eMDAwMDAw,,,,,,,XjY2MDAwMEF0ZW5jacOzbjogXjAwMDAwMApeNjYwMDAwRXN0YSBtZWpvcmEgcHVlZGUgZmFsbGFyLl4wMDAwMDAKXjY2MDAwMFNpIGVsIG9iamV0byB5YSB0aWVuZSB1bmEgaGFiaWxpZGFkIGV4dHJhLCByZXN0YWJsZWNlcmVtb3MgbGEgaGFiaWxpZGFkIGRlbCBvYmpldG8geSBsZSBkYXJlbW9zIGxhIHBvc2liaWxpZGFkIGRlIGF1bWVudGFyIGVsIGRhw7FvIGRlIEZsYW1lbiBlbiB1biA1JS5eMDAwMDAwCl42NjAwMDDCv1NlZ3VybyBxdWUgcXVpZXJlcyBtZWpvcmFyIGVzdGUgb2JqZXRvP14wMDAwMDA=
vs2NBA,,XkZGMDAwMCAgICBDYXV0aW9uIF4wMDAwMDAKXkZGMDAwMFRoaXMgdXBncmFkZSBjYW4gYmUgZmFpbGVkLl4wMDAwMDAKXkZGMDAwMElmIHRoZSBpdGVtIGFscmVhZHkgaGFzIGV4dHJhIGFiaWxpdHksIHdlIHdpbGwgcmVzZXQgaXRlbSdzIGFiaWxpdHkgYW5kIGdpdmUgJ1doZW4gbGVhcm5lZCBCcmVha3Rocm91Z2ggbGV2ZWwgNSwgZW5hYmxlcyB0byB1c2UgV2luZCBDdXR0ZXIgbGV2ZWwgNScuXjAwMDAwMApeRkYwMDAwQXJlIHlvdSBzdXJlIGFib3V0IHVwZ3JhZGluZyB0aGlzIGl0ZW0/XjAwMDAwMA==,,,,,,,XjY2MDAwMEF0ZW5jacOzbjogXjAwMDAwMApeNjYwMDAwRXN0YSBtZWpvcmEgcHVlZGUgZmFsbGFyLl4wMDAwMDAKXjY2MDAwMFNpIGVsIG9iamV0byB5YSB0aWVuZSB1bmEgaGFiaWxpZGFkIGV4dHJhLCByZXN0YWJsZWNlcmVtb3MgbGEgaGFiaWxpZGFkIGRlbCBvYmpldG8geSBsZSBkYXJlbW9zIGxhIHBvc2liaWxpZGFkIGRlIHF1ZSwgY3VhbmRvIHNlIGFwcmVuZGEgZWwgbml2ZWwgNWRlIFN1cGVyYWNpw7NuLCBzZSBwdWVkYSB1c2FyIENvcnRhdmllbnRvIGRlIG5pdmVsNS5eMDAwMDAwCl42NjAwMDDCv1NlZ3VybyBxdWUgcXVpZXJlcyBtZWpvcmFyIGVzdGUgb2JqZXRvP14wMDAwMDA=
v82NBA,,W0xhY2UgTGEgWmFyZF0KUmlnaHQgbm93LCBhbGwgSSBjYXJlIGFib3V0IGlzIGdhcm1lbnQuLi4=,,,,,,,W0xhY2UgTGEgWmFyZF0KQWhvcmEgbWlzbW8sIGxvIMO6bmljbyBxdWUgbWUgaW1wb3J0YSBzb24gbGFzIHByZW5kYXPigKY=
wM2NBA,,W0xhY2UgTGEgWmFyZF0KWW91IGRlZmluYXRlbHkgbmVlZCBzb21lIGV4dHJhIGdhcm1lbnQgb24geW91ciBzaG91bGRlciEu,,,,,,,W0xhY2UgTGEgWmFyZF0KwqFEZWZpbml0aXZhbWVudGUgbmVjZXNpdGFzIHVuYSBwcmVuZGEgZXh0cmEgc29icmUgdHVzIGhvbWJyb3Mh
wc2NBA,,RXZlIFBldHRlcg==,,,,,,,RXZlIFBldHRlcg==
ws2NBA,,W0V2ZSBQZXR0ZXJdCldlbGNvbWUgdG8gRmFzaGlvbiBTdG9uZSEhCkknbSB3b3JraW5nIG9uIGNyZWF0aW5nIG5ldyBjb3N0dW1lIGhhdHMgdGhlc2VkYXlzLg==,,,,,,,W0V2ZSBQZXR0ZXJdCsKhTGxlZ2FzdGUgYSBQaWVkcmEgZGUgbGEgTW9kYSEKRXN0b3kgdHJhYmFqYW5kbyBlbiBudWV2b3MgYWNjZXNvcmlvcyBkZWNvcmF0aXZvcyBwYXJhIGxhIGNhYmV6YSBlc3RvcyBkw61hcy4=
w82NBA,,W0V2ZSBQZXR0ZXJdCkkgYW0gdGhyaWxsZWQgYWJvdXQgcHV0dGluZyBvbiBteSBvd24gaGF0cyBvbiB0aGUgc2hvd2Nhc2Ugb2YgdGhpcyBzdG9yZS4=,,,,,,,W0V2ZSBQZXR0ZXJdCk1lIGVtb2Npb25hIHBvZGVyIGV4aGliaXIgbWlzIHByb3BpYXMgY3JlYWNpb25lcyBlbiBsYSB2aWRyaWVyYSBkZSBsYSB0aWVuZGEu
