4MaBCQ,,MX4zOSBSZXF1ZXN0IEJ1bGxldGluIEJvYXJk,,,,,TWlzc8O1ZXMgMSAtIDM5,,MX4zOSBSZXF1ZXN0IEJ1bGxldGluIEJvYXJk
4caBCQ,,LSBZb3UgY2Fubm90IHByb2NlZWQgd2l0aCB0aGUgcXVlc3QgYmVjYXVzZSB5b3UgaGF2ZSB0b28gbWFueSBpdGVtcy4gLQ==,,,,,LSBWb2PDqiB0ZW0gaXRlbnMgZGVtYWlzIGUgbsOjbyBwb2RlIHByb3NzZWd1aXIuIC0=,,KE5vIHB1ZWRlcyBzZWd1aXIgY29uIGxhIG1pc2nDs24gcG9ycXVlIHRpZW5lcyBtdWNob3Mgb2JqZXRvcyku
4saBCQ,,IC0gSW4gb3JkZXIgdG8gcmVjZWl2ZSBhIHJlcXVlc3QgLSAKIC0gWW91IG11c3QgaGF2ZSBeNEQ0REZGJ0VkZW4gR3JvdXAgTWFyaydeMDAwMDAwLiAtIA==,,,,,IC0gVm9jw6ogcHJlY2lzYSB0ZXIgLSAKIC0gbyBeMzEzMUZGRW1ibGVtYSBkbyDDiWRlbl4wMDAwMDAgLSA=,,IChQYXJhIHJlY2liaXIgdW5hIHNvbGljaXR1ZCwgCiBkZWJlcyB0ZW5lciBsYSBeNEQ0REZG4oCcTWFyY2EgZGVsIGdydXBvIGRlIEVkw6lu4oCdXjAwMDAwMCkuIA==
48aBCQ,,WW91IGNhbm5vdCB1c2UgdGhpcyBidWxsZXRpbiBib2FyZCBkdWUgdG8gaW5zdWZmaWNpZW50IGxldmVsLg==,,,,,Vm9jw6ogbsOjbyB0ZW0gbsOtdmVsIHN1ZmljaWVudGUgcGFyYSBlc3NlIHF1YWRybyBkZSBtaXNzw7Vlcy4=,,Tm8gcHVlZGVzIHV0aWxpemFyIGVzdGUgdGFibMOzbiBkZSBhbnVuY2lvcyBwb3JxdWUgbm8gdGllbmVzIGVsIG5pdmVsIHN1ZmljaWVudGUu
5MaBCQ,,XjhDOEM4Q0hvbmV5ZWQgTGFib3IgKEluIFByb2dyZXNzKV4wMDAwMDA=,,,,,XkZGNDgwMChFbSBDdXJzbykgVHJhYmFsaG8gQnJhw6dhbCBeMDAwMDAw,,XkEyMzE0QkR1bGNlIGZydXRvIGRlbCB0cmFiYWpvIChlbiBjdXJzbyleMDAwMDAw
5caBCQ,,XjhDOEM4Q0hvbmV5ZWQgTGFib3IgKFdhaXRpbmcpXjAwMDAwMA==,,,,,XkZGNDgwMChFbSBFc3BlcmEpIFRyYWJhbGhvIEJyYcOnYWwgXjAwMDAwMA==,,XkEyMzE0QkR1bGNlIGZydXRvIGRlbCB0cmFiYWpvIChlbiBlc3BlcmEpXjAwMDAwMA==
5saBCQ,,SG9uZXllZCBMYWJvciBbMV0=,,,,,WzFdIFRyYWJhbGhvIEJyYcOnYWw=,,RHVsY2UgZnJ1dG8gZGVsIHRyYWJham8gWzFd
58aBCQ,,XjhDOEM4Q1BsYXlncm91bmQgU3RhYmlsaXphdGlvbiBPcGVyYXRpb24gLSBIb3JuZXQgKEluIFByb2dyZXNzKV4wMDAwMDA=,,,,,XkZGNDgwMChFbSBDdXJzbykgU2FsdmFuZG8gbyBQYXJxdWluaG8gXjAwMDAwMA==,,XkEyMzE0Qk9wZXJhY2nDs24gZGUgZXN0YWJpbGl6YWNpw7NuIGRlbCBwYXJxdWUgaW5mYW50aWwgLSBBdmlzcMOzbiAoZW4gY3Vyc28pXjAwMDAwMA==
6MaBCQ,,XjhDOEM4Q1BsYXlncm91bmQgU3RhYmlsaXphdGlvbiBPcGVyYXRpb24gLSBIb3JuZXQgKFdhaXRpbmcpXjAwMDAwMA==,,,,,XkZGNDgwMChFbSBFc3BlcmEpIFNhbHZhbmRvIG8gUGFycXVpbmhvIF4wMDAwMDA=,,XkEyMzE0Qk9wZXJhY2nDs24gZGUgZXN0YWJpbGl6YWNpw7NuIGRlbCBwYXJxdWUgaW5mYW50aWwgLSBBdmlzcMOzbiAoZW4gZXNwZXJhKV4wMDAwMDA=
6caBCQ,,UGxheWdyb3VuZCBTdGFiaWxpemF0aW9uIE9wZXJhdGlvbiAtIEhvcm5ldCBbMTBd,,,,,WzEwXSBTYWx2YW5kbyBvIFBhcnF1aW5obw==,,T3BlcmFjacOzbiBkZSBlc3RhYmlsaXphY2nDs24gZGVsIHBhcnF1ZSBpbmZhbnRpbCAtIEF2aXNww7NuIFsxMF0=
6saBCQ,,XjhDOEM4Q1BsYXlncm91bmQgU3RhYmlsaXphdGlvbiBPcGVyYXRpb24gLSBSb2NrZXIgKEluIFByb2dyZXNzKV4wMDAwMDA=,,,,,XkZGNDgwMChFbSBDdXJzbykgSW5zZXRvcyBNdXNpY2FpcyBeMDAwMDAw,,XkEyMzE0Qk9wZXJhY2nDs24gZGUgZXN0YWJpbGl6YWNpw7NuIGRlbCBwYXJxdWUgaW5mYW50aWwgLSBSb2NrZXJvIChlbiBjdXJzbyleMDAwMDAw
68aBCQ,,XjhDOEM4Q1BsYXlncm91bmQgU3RhYmlsaXphdGlvbiBPcGVyYXRpb24gLSBSb2NrZXIgKFdhaXRpbmcpXjAwMDAwMA==,,,,,XkZGNDgwMChFbSBFc3BlcmEpIEluc2V0b3MgTXVzaWNhaXMgXjAwMDAwMA==,,XkEyMzE0Qk9wZXJhY2nDs24gZGUgZXN0YWJpbGl6YWNpw7NuIGRlbCBwYXJxdWUgaW5mYW50aWwgLSBSb2NrZXJvIChlbiBlc3BlcmEpXjAwMDAwMA==
7MaBCQ,,UGxheWdyb3VuZCBTdGFiaWxpemF0aW9uIE9wZXJhdGlvbiAtIFJvY2tlciBbMTBd,,,,,WzEwXSBJbnNldG9zIE11c2ljYWlz,,T3BlcmFjacOzbiBkZSBlc3RhYmlsaXphY2nDs24gZGVsIHBhcnF1ZSBpbmZhbnRpbCAtIFJvY2tlcm8gWzEwXQ==
7caBCQ,,XjhDOEM4Q1RoZSBsZWdlbmRhcnkga25pZ2h0LCBBbWJlcm5pdGUhIChJbiBQcm9ncmVzcyleMDAwMDAw,,,,,XkZGNDgwMChFbSBDdXJzbykgUHJvYmxlbWEgUGVnYWpvc28gXjAwMDAwMA==,,XkEyMzE0QsKhQW1iYXJuaXRvLCBlbCBDYWJhbGxlcm8gSW5maW5pdG8hIChlbiBjdXJzbyleMDAwMDAw
7saBCQ,,XjhDOEM4Q1RoZSBsZWdlbmRhcnkga25pZ2h0LCBBbWJlcm5pdGUhIChXYWl0aW5nKV4wMDAwMDA=,,,,,XkZGNDgwMChFbSBFc3BlcmEpIFByb2JsZW1hIFBlZ2Fqb3NvIF4wMDAwMDA=,,XkEyMzE0QsKhQW1iYXJuaXRvLCBlbCBDYWJhbGxlcm8gSW5maW5pdG8hIChlbiBlc3BlcmEpXjAwMDAwMA==
78aBCQ,,VGhlIGxlZ2VuZGFyeSBrbmlnaHQsIEFtYmVybml0ZSEgWzEwXQ==,,,,,WzEwXSBQcm9ibGVtYSBQZWdham9zbw==,,wqFBbWJhcm5pdG8sIGVsIENhYmFsbGVybyBJbmZpbml0byEgWzEwXQ==
8MaBCQ,,XjhDOEM4Q1VuZGVhZCBXYXIgKEluIFByb2dyZXNzKV4wMDAwMDA=,,,,,XkZGNDgwMChFbSBDdXJzbykgR3VlcnJhIGFvcyBNb3J0b3MgXjAwMDAwMA==,,XkEyMzE0QkxhIGd1ZXJyYSBkZSBsb3MgTXVlcnRvcyB2aXZpZW50ZXMgKGVuIGN1cnNvKV4wMDAwMDA=
8caBCQ,,XjhDOEM4Q1VuZGVhZCBXYXIgKFdhaXRpbmcpXjAwMDAwMA==,,,,,XkZGNDgwMChFbSBFc3BlcmEpIEd1ZXJyYSBhb3MgTW9ydG9zIF4wMDAwMDA=,,XkEyMzE0QkxhIGd1ZXJyYSBkZSBsb3MgTXVlcnRvcyB2aXZpZW50ZXMgKGVuIGVzcGVyYSleMDAwMDAw
8saBCQ,,VW5kZWFkIFdhciBbMTVd,,,,,WzE1XSBHdWVycmEgYW9zIE1vcnRvcw==,,TGEgZ3VlcnJhIGRlIGxvcyBNdWVydG9zIHZpdmllbnRlcyBbMTVd
88aBCQ,,XjhDOEM4Q1Byb2Zlc3Npb25hbCBTbmFrZSBIdW50ZXIgKEluIFByb2dyZXNzKV4wMDAwMDA=,,,,,XkZGNDgwMChFbSBDdXJzbykgTWVkbyBkZSBDb2JyYXMgXjAwMDAwMA==,,XkEyMzE0QkNhemFkb3IgcHJvZmVzaW9uYWwgZGUgc2VycGllbnRlcyAoZW4gY3Vyc28pXjAwMDAwMA==
9MaBCQ,,XjhDOEM4Q1Byb2Zlc3Npb25hbCBTbmFrZSBIdW50ZXIgKFdhaXRpbmcpXjAwMDAwMA==,,,,,XkZGNDgwMChFbSBFc3BlcmEpIE1lZG8gZGUgQ29icmFzIF4wMDAwMDA=,,XkEyMzE0QkNhemFkb3IgcHJvZmVzaW9uYWwgZGUgc2VycGllbnRlcyAoZW4gZXNwZXJhKV4wMDAwMDA=
9caBCQ,,UHJvZmVzc2lvbmFsIFNuYWtlIEh1bnRlciBbMTVd,,,,,WzE1XSBNZWRvIGRlIENvYnJhcw==,,Q2F6YWRvciBwcm9mZXNpb25hbCBkZSBzZXJwaWVudGVzIFsxNV0=
9saBCQ,,XjhDOEM4Q05veGlvdXMgT25pb24gKEluIFByb2dyZXNzKV4wMDAwMDA=,,,,,XkZGNDgwMChFbSBDdXJzbykgTsOjbyDDqSB1bWEgQ2Vib2xhIF4wMDAwMDA=,,XkEyMzE0QkNlYm9sbMOtbiBub2Npdm8gKGVuIGN1cnNvKV4wMDAwMDA=
98aBCQ,,XjhDOEM4Q05veGlvdXMgT25pb24gKFdhaXRpbmcpXjAwMDAwMA==,,,,,XkZGNDgwMChFbSBFc3BlcmEpIE7Do28gw6kgdW1hIENlYm9sYSBeMDAwMDAw,,XkEyMzE0QkNlYm9sbMOtbiBub2Npdm8gKGVuIGVzcGVyYSleMDAwMDAw
+MaBCQ,,Tm94aW91cyBPbmlvbiBbMTVd,,,,,WzE1XSBOw6NvIMOpIHVtYSBDZWJvbGE=,,Q2Vib2xsw61uIG5vY2l2byBbMTVd
+caBCQ,,XjhDOEM4Q011c2hyb29tIFBhcmFkaXNlIChJbiBQcm9ncmVzcyleMDAwMDAw,,,,,XkZGNDgwMChFbSBDdXJzbykgQ29ndW1lbG9zIEVzdHJhbmhvcyBeMDAwMDAw,,XkEyMzE0QlByb2xpZmVyYWNpw7NuIGRlIGhvbmdvcyAoZW4gY3Vyc28pXjAwMDAwMA==
+saBCQ,,XjhDOEM4Q011c2hyb29tIFBhcmFkaXNlIChXYWl0aW5nKV4wMDAwMDA=,,,,,XkZGNDgwMChFbSBFc3BlcmEpIENvZ3VtZWxvcyBFc3RyYW5ob3MgXjAwMDAwMA==,,XkEyMzE0QlByb2xpZmVyYWNpw7NuIGRlIGhvbmdvcyAoZW4gZXNwZXJhKV4wMDAwMDA=
+8aBCQ,,TXVzaHJvb20gUGFyYWRpc2UgWzE1XQ==,,,,,WzE1XSBDb2d1bWVsb3MgRXN0cmFuaG9z,,UHJvbGlmZXJhY2nDs24gZGUgaG9uZ29zIFsxNV0=
/MaBCQ,,XjhDOEM4Q05vaXN5IEZlbGxvd3MgKEluIFByb2dyZXNzKV4wMDAwMDA=,,,,,XkZGNDgwMChFbSBDdXJzbykgQmljaG9zIEJhcnVsaGVudG9zIF4wMDAwMDA=,,XkEyMzE0QkFtaWdvcyBydWlkb3NvcyAoZW4gY3Vyc28pXjAwMDAwMA==
/caBCQ,,XjhDOEM4Q05vaXN5IEZlbGxvd3MgKFdhaXRpbmcpXjAwMDAwMA==,,,,,XkZGNDgwMChFbSBFc3BlcmEpIEJpY2hvcyBCYXJ1bGhlbnRvcyBeMDAwMDAw,,XkEyMzE0QkFtaWdvcyBydWlkb3NvcyAoZW4gZXNwZXJhKV4wMDAwMDA=
/saBCQ,,Tm9pc3kgRmVsbG93cyBbMjBd,,,,,WzIwXSBCaWNob3MgQmFydWxoZW50b3M=,,QW1pZ29zIHJ1aWRvc29zIFsyMF0=
/8aBCQ,,XjhDOEM4Q0JhYmlRJ3MgQ29va2luZyBIZWxsIChJbiBQcm9ncmVzcyleMDAwMDAw,,,,,XkZGNDgwMChFbSBDdXJzbykgQ2h1cnJhc2NvIFJ1aW0gXjAwMDAwMA==,,XkEyMzE0QkxhcyBkZXN2ZW50dXJhcyBjdWxpbmFyaWFzIGRlIERpdG8gQXNhZGl0byAoZW4gY3Vyc28pXjAwMDAwMA==
AMeBCQ,,XjhDOEM4Q0JhYmlRJ3MgQ29va2luZyBIZWxsIChXYWl0aW5nKV4wMDAwMDA=,,,,,XkZGNDgwMChFbSBFc3BlcmEpIENodXJyYXNjbyBSdWltIF4wMDAwMDA=,,XkEyMzE0QkxhcyBkZXN2ZW50dXJhcyBjdWxpbmFyaWFzIGRlIERpdG8gQXNhZGl0byAoZW4gZXNwZXJhKV4wMDAwMDA=
AceBCQ,,QmFiaVEncyBDb29raW5nIEhlbGwgWzMwXQ==,,,,,WzMwXSBDaHVycmFzY28gUnVpbQ==,,TGFzIGRlc3ZlbnR1cmFzIGN1bGluYXJpYXMgZGUgRGl0byBBc2FkaXRvIFszMF0=
AseBCQ,,XjhDOEM4Q0hvbmV5IFNraW4gQmFiaVEgKEluIFByb2dyZXNzKV4wMDAwMDA=,,,,,XkZGNDgwMChFbSBDdXJzbykgVHJhdGFtZW50byBkZSBQZWxlIF4wMDAwMDA=,,XkEyMzE0QlRyYXRhbWllbnRvIGZhY2lhbCBkZSBEaXRvIEFzYWRpdG8gKGVuIGN1cnNvKV4wMDAwMDA=
A8eBCQ,,XjhDOEM4Q0hvbmV5IFNraW4gQmFiaVEgKFdhaXRpbmcpXjAwMDAwMA==,,,,,XkZGNDgwMChFbSBFc3BlcmEpIFRyYXRhbWVudG8gZGUgUGVsZSBeMDAwMDAw,,XkEyMzE0QlRyYXRhbWllbnRvIGZhY2lhbCBkZSBEaXRvIEFzYWRpdG8gKGVuIGVzcGVyYSleMDAwMDAw
BMeBCQ,,SG9uZXkgU2tpbiBCYWJpUSBbMzBd,,,,,WzMwXSBUcmF0YW1lbnRvIGRlIFBlbGU=,,VHJhdGFtaWVudG8gZmFjaWFsIGRlIERpdG8gQXNhZGl0byBbMzBd
BceBCQ,,XjhDOEM4Q1F1ZSBTZXJhLCBTZXJhIChJbiBQcm9ncmVzcyleMDAwMDAw,,,,,XkZGNDgwMChFbSBDdXJzbykgVGVtcGVybyBLb3Jhc2VyYV4wMDAwMDA=,,XkEyMzE0QlF1w6kgc2Vyw6EsIHNlcsOhIChlbiBjdXJzbyleMDAwMDAw
BseBCQ,,XjhDOEM4Q1F1ZSBTZXJhLCBTZXJhIChXYWl0aW5nKV4wMDAwMDA=,,,,,XkZGNDgwMChFbSBFc3BlcmEpIFRlbXBlcm8gS29yYXNlcmEgXjAwMDAwMA==,,XkEyMzE0QlF1w6kgc2Vyw6EsIHNlcsOhIChlbiBlc3BlcmEpXjAwMDAwMA==
B8eBCQ,,UXVlIFNlcmEsIFNlcmEgWzMwXQ==,,,,,WzMwXSBUZW1wZXJvIEtvcmFzZXJh,,UXVlIHNlcsOhLCBzZXLDoSBbMzBd
CMeBCQ,,UGF5b24gRmllbGQgWzEtMTVd,,,,,WzEtMTVdIFBheW9u,,Q2FtcG8gZGUgUGF5b24gWzEtMTVd
CceBCQ,,UHJvbnRlcmEgRmllbGQgWzEwXQ==,,,,,WzEwXSBQcm9udGVyYQ==,,Q2FtcG8gZGUgUHJvbnRlcmEgWzEwXQ==
CseBCQ,,UGF5b24gRHVuZ2VvbiBbMTVd,,,,,WzE1XSBWaWxhIGRvcyBBcnF1ZWlyb3M=,,TWF6bW9ycmEgZGUgUGF5b24gWzE1XQ==
C8eBCQ,,SXpsdWRlIEZpZWxkIFsyMF0=,,,,,WzIwXSBJemx1ZGU=,,Q2FtcG8gZGUgSXpsdWRlIFsyMF0=
DMeBCQ,,Q29tb2RvIER1bmdlb24gWzMwXQ==,,,,,WzMwXSBDb21vZG8=,,TWF6bW9ycmEgZGUgQ29tb2RvIFszMF0=
DceBCQ,,Q2FuY2VsLg==,,,,,Q2FuY2VsYXIu,,Q2FuY2VsYXIu
DseBCQ,,WW91IGNhbm5vdCBwcm9jZWVkIHdpdGggdGhpcyBxdWVzdCBkdWUgdG8gaW5zdWZmaWNpZW50IGxldmVsLg==,,,,,Vm9jw6ogbsOjbyB0ZW0gbsOtdmVsIHN1ZmljaWVudGUgcGFyYSBlc3NhIG1pc3PDo28u,,Tm8gcHVlZGVzIGNvbnRpbnVhciBjb24gZXN0YSBtaXNpw7NuIHBvcnF1ZSBubyB0aWVuZXMgZWwgbml2ZWwgc3VmaWNpZW50ZS4=
D8eBCQ,,VGhpcyBpcyBhIHJlcXVlc3QgY3VycmVudGx5IGJlaW5nIGNhcnJpZWQgb3V0Lg==,,,,,QSBtaXNzw6NvIGrDoSBlc3TDoSBlbSBhbmRhbWVudG8u,,RXN0YSBzb2xpY2l0dWQgYcO6biBlc3TDoSBlbiBjdXJzby4=
EMeBCQ,,W1JlcXVlc3QgQ29tcGxldGVkXQpMb2NhdGlvbjogUGF5b24gU291dGggRmllbGQKVGFyZ2V0OiBEZWZlYXQgNSBXaWxsb3dzIGFuZCBjb2xsZWN0IDMgQmFycmVuIFRydW5rcwpSZXdhcmQ6IEV4cCAxMjAwLCBKZXhwIDEyMDA=,,,,,W01pc3PDo28gY29tcGxldGFdCkxvY2FsOiBTdWwgZGUgUGF5b24KT2JqZXRpdm86IENhw6dhciA1IFNhbGd1ZWlyb3MgZSBjb2xldGFyIDMgVHJvbmNvcyBFc3TDqXJlaXMuClJlY29tcGVuc2E6IF4zMTMxRkZCw7RudXMgZG8gRXZlbnRvICteMDAwMDAwIEVYUCBiYXNlIDgwMCwgRVhQIGNsYXNzZSA4MDA=,,W1NvbGljaXR1ZCBjb21wbGV0YWRhXQpVYmljYWNpw7NuOiBDYW1wbyBzdXIgZGUgUGF5b24uCk9iamV0aXZvOiBEZXJyb3RhIGEgNVNhdWNlcyB5IHJlY29sZWN0YSAzVHJvbmNvcyBlc3TDqXJpbGVzLgpQcmVtaW86IDEyMDBkZUVYUCB5IDEyMDBkZUVYUGRlY2xhc2Uu
EceBCQ,,VGhpcyByZXF1ZXN0IGhhcyBhbHJlYWR5IGJlZW4gY29tcGxldGVkLg==,,,,,RXNzYSBtaXNzw6NvIGrDoSBmb2kgY29tcGxldGFkYS4=,,RXN0YSBzb2xpY2l0dWQgeWEgc2UgY29tcGxldMOzLg==
EseBCQ,,W1JlcXVlc3QgZnJvbSBhIG5lcnZvdXMgbWlkZGxlLWFnZWQgbWFuXQpMb2NhdGlvbjogUGF5b24gU291dGggRmllbGQKVGFyZ2V0OiBEZWZlYXQgNSBXaWxsb3dzIGFuZCBjb2xsZWN0IDMgQmFycmVuIFRydW5rcwpSZXdhcmQ6IEV4cCAxMjAwLCBKZXhwIDEyMDA=,,,,,W1NvbGljaXRhw6fDo29dCkxvY2FsOiBTdWwgZGUgUGF5b24KT2JqZXRpdm86IENhw6dhciA1IFNhbGd1ZWlyb3MgZSBjb2xldGFyIDN4IFRyb25jbyBFc3TDqXJpbC4KUmVjb21wZW5zYTogXjMxMzFGRkLDtG51cyBkbyBFdmVudG8gK14wMDAwMDAgRVhQIGJhc2UgODAwLCBFWFAgY2xhc3NlIDgwMA==,,W1NvbGljaXR1ZCBkZSB1biBob21icmUgbmVydmlvc28gZGUgbWVkaWFuYSBlZGFkXQpVYmljYWNpw7NuOiBDYW1wbyBzdXIgZGUgUGF5b24uCk9iamV0aXZvOiBEZXJyb3RhIGEgNVNhdWNlcyB5IHJlY29sZWN0YSAzVHJvbmNvcyBlc3TDqXJpbGVzLgpQcmVtaW86IDEyMDBkZUVYUCB5IDEyMDBkZUVYUGRlY2xhc2Uu
E8eBCQ,,QWNjZXB0Lg==,,,,,QWNlaXRhciBtaXNzw6NvLg==,,QWNlcHRhci4=
FMeBCQ,,U2VlIG90aGVyIHJlcXVlc3RzLg==,,,,,VmVyIG91dHJhcyBtaXNzw7Vlcy4=,,VmVyIG90cmFzIHNvbGljaXR1ZGVzLg==
FceBCQ,,UmVxdWVzdCBmcm9tIGEgbmVydm91cyBtaWRkbGUtYWdlZCBtYW4gaW4gUGF5b24KXjRENERGRltIb25leWVkIExhYm9yXV4wMDAwMDAgUXVlc3QgYWNjZXB0ZWQu,,,,,W1NvbGljaXRhw6fDo29dCl4zMTMxRkZbVHJhYmFsaG8gQnJhw6dhbF1eMDAwMDAwIGZvaSBhY2VpdGEu,,U29saWNpdHVkIGRlIHVuIGhvbWJyZSBuZXJ2aW9zbyBkZSBtZWRpYW5hIGVkYWQgZW4gUGF5b24KXjRENERGRltEdWxjZSBmcnV0byBkZWwgdHJhYmFqb11eMDAwMDAwOiBtaXNpw7NuIGFjZXB0YWRhLg==
FseBCQ,,W1JlcXVlc3QgQ29tcGxldGVkXQpMb2NhdGlvbjogUGF5b24gRWFzdCBGaWVsZApUYXJnZXQ6IERlZmVhdCA1IEJvYQpSZXdhcmQ6IEV4cCAyNDAwLCBKZXhwIDIxMDA=,,,,,W01pc3PDo28gY29tcGxldGFdCkxvY2FsOiBMZXN0ZSBkZSBQYXlvbgpPYmpldGl2bzogQ2HDp2FyIDUgSmlib2lhcwpSZWNvbXBlbnNhOiBeMzEzMUZGQsO0bnVzIGRvIEV2ZW50byArXjAwMDAwMCBFWFAgYmFzZSAxNjAwLCBFWFAgY2xhc3NlIDE0MDA=,,W1NvbGljaXR1ZCBjb21wbGV0YWRhXQpVYmljYWNpw7NuOiBDYW1wbyBkZWwgZXN0ZSBkZSBQYXlvbi4KT2JqZXRpdm86IERlcnJvdGEgYSA1Qm9hcy4KUHJlbWlvOiAyNDAwZGVFWFAgeSAyMTAwZGVFWFBkZWNsYXNlLg==
F8eBCQ,,W1JlcXVlc3QgZnJvbSBhIHdvcnJpZWQgZ2lybF0KTG9jYXRpb246IFBheW9uIEVhc3QgRmllbGQKVGFyZ2V0OiBEZWZlYXQgNSBCb2EKUmV3YXJkOiBFeHAgMjQwMCwgSmV4cCAyMTAw,,,,,W1NvbGljaXRhw6fDo29dCkxvY2FsOiBMZXN0ZSBkZSBQYXlvbgpPYmpldGl2bzogQ2HDp2FyIDUgSmlib2lhcwpSZWNvbXBlbnNhOiBeMzEzMUZGQsO0bnVzIGRvIEV2ZW50byArXjAwMDAwMCBFWFAgYmFzZSAxNjAwLCBFWFAgY2xhc3NlIDE0MDA=,,W1NvbGljaXR1ZCBkZSB1bmEgY2hpY2EgcHJlb2N1cGFkYV0KVWJpY2FjacOzbjogQ2FtcG8gZGVsIGVzdGUgZGUgUGF5b24uCk9iamV0aXZvOiBEZXJyb3RhIGEgNUJvYXMuClByZW1pbzogMjQwMGRlRVhQIHkgMjEwMGRlRVhQZGVjbGFzZS4=
GMeBCQ,,UmVxdWVzdCBmcm9tIGEgd29ycmllZCBnaXJsIGluIFBheW9uCl40RDRERkZbUHJvZmVzc2lvbmFsIFNuYWtlIEh1bnRlcl1eMDAwMDAwIFF1ZXN0IGFjY2VwdGVkLg==,,,,,W1NvbGljaXRhw6fDo29dCl4zMTMxRkZbTWVkbyBkZSBDb2JyYXNdXjAwMDAwMCBmb2kgYWNlaXRhLg==,,U29saWNpdHVkIGRlIHVuYSBjaGljYSBwcmVvY3VwYWRhIGRlIFBheW9uCl40RDRERkZbQ2F6YWRvciBwcm9mZXNpb25hbCBkZSBzZXJwaWVudGVzXV4wMDAwMDA6IG1pc2nDs24gYWNlcHRhZGEu
GceBCQ,,W1JlcXVlc3QgQ29tcGxldGVkXQpMb2NhdGlvbjogUGF5b24gRWFzdCBGaWVsZApUYXJnZXQ6IERlZmVhdCA1IFdvcm10YWlsClJld2FyZDogRXhwIDI0MDAsIEpleHAgMjEwMA==,,,,,W01pc3PDo28gY29tcGxldGFdCkxvY2FsOiBMZXN0ZSBkZSBQYXlvbgpPYmpldGl2bzogQ2HDp2FyIDUgUmFiby1kZS1WZXJtZQpSZWNvbXBlbnNhOiBeMzEzMUZGQsO0bnVzIGRvIEV2ZW50byArXjAwMDAwMCBFWFAgYmFzZSAxNjAwLCBFWFAgY2xhc3NlIDE0MDA=,,W1NvbGljaXR1ZCBjb21wbGV0YWRhXQpVYmljYWNpw7NuOiBDYW1wbyBkZWwgZXN0ZSBkZSBQYXlvbi4KT2JqZXRpdm86IERlcnJvdGEgYSA1Q29sYWd1c2Fub3MuClByZW1pbzogMjQwMGRlRVhQIHkgMjEwMGRlRVhQZGVjbGFzZS4=
GseBCQ,,W1JlcXVlc3QgZnJvbSBhIHdvcnJpZWQgZ3JhbmRtb3RoZXJdCkxvY2F0aW9uOiBQYXlvbiBFYXN0IEZpZWxkClRhcmdldDogRGVmZWF0IDUgV29ybXRhaWwKUmV3YXJkOiBFeHAgMjQwMCwgSmV4cCAyMTAw,,,,,W1NvbGljaXRhw6fDo29dCkxvY2FsOiBMZXN0ZSBkZSBQYXlvbgpPYmpldGl2bzogQ2HDp2FyIDUgUmFiby1kZS1WZXJtZQpSZWNvbXBlbnNhOiBeMzEzMUZGQsO0bnVzIGRvIEV2ZW50byArXjAwMDAwMCBFWFAgYmFzZSAxNjAwLCBFWFAgY2xhc3NlIDE0MDA=,,W1NvbGljaXR1ZCBkZSB1bmEgYWJ1ZWxhIHByZW9jdXBhZGFdClViaWNhY2nDs246IENhbXBvIGRlbCBlc3RlIGRlIFBheW9uLgpPYmpldGl2bzogRGVycm90YSBhIDVDb2xhZ3VzYW5vcy4KUHJlbWlvOiAyNDAwZGVFWFAgeSAyMTAwZGVFWFBkZWNsYXNlLg==
G8eBCQ,,UmVxdWVzdCBmcm9tIGEgd29ycmllZCBncmFuZG1vdGhlciBpbiBQYXlvbgpeNEQ0REZGW05veGlvdXMgT25pb25dXjAwMDAwMCBRdWVzdCBhY2NlcHRlZC4=,,,,,W1NvbGljaXRhw6fDo29dCl4zMTMxRkZbTsOjbyDDqSB1bWEgQ2Vib2xhXV4wMDAwMDAgZm9pIGFjZWl0YS4=,,U29saWNpdHVkIGRlIHVuYSBhYnVlbGEgcHJlb2N1cGFkYSBkZSBQYXlvbgpeNEQ0REZGW0NlYm9sbMOtbiBub2Npdm9dXjAwMDAwMDogbWlzacOzbiBhY2VwdGFkYS4=
HMeBCQ,,W1JlcXVlc3QgQ29tcGxldGVkXQpMb2NhdGlvbjogUGF5b24gRWFzdCBGaWVsZApUYXJnZXQ6IERlZmVhdCAxMCBTcG9yZQpSZXdhcmQ6IEV4cCA0NTAwLCBKZXhwIDMwMDA=,,,,,W01pc3PDo28gY29tcGxldGFdCkxvY2FsOiBMZXN0ZSBkZSBQYXlvbgpPYmpldGl2bzogQ2HDp2FyIDEwIEVzcG9yb3MKUmVjb21wZW5zYTogXjMxMzFGRkLDtG51cyBkbyBFdmVudG8gK14wMDAwMDAgRVhQIGJhc2UgMzAwMCwgRVhQIGNsYXNzZSAyMDAw,,W1NvbGljaXR1ZCBjb21wbGV0YWRhXQpVYmljYWNpw7NuOiBDYW1wbyBkZWwgZXN0ZSBkZSBQYXlvbi4KT2JqZXRpdm86IERlcnJvdGEgYSAxMEVzcG9yYXMuClByZW1pbzogNDUwMGRlRVhQIHkgMzAwMGRlRVhQZGVjbGFzZS4=
HceBCQ,,W1JlcXVlc3QgZnJvbSBhIHdvcnJpZWQgZ3JhbmRmYXRoZXJdCkxvY2F0aW9uOiBQYXlvbiBFYXN0IEZpZWxkClRhcmdldDogRGVmZWF0IDEwIFNwb3JlClJld2FyZDogRXhwIDQ1MDAsIEpleHAgMzAwMA==,,,,,W1NvbGljaXRhw6fDo29dCkxvY2FsOiBMZXN0ZSBkZSBQYXlvbgpPYmpldGl2bzogQ2HDp2FyIDEwIEVzcG9yb3MKUmVjb21wZW5zYTogXjMxMzFGRkLDtG51cyBkbyBFdmVudG8gK14wMDAwMDAgRVhQIGJhc2UgMzAwMCwgRVhQIGNsYXNzZSAyMDAw,,W1NvbGljaXR1ZCBkZSB1biBhYnVlbG8gcHJlb2N1cGFkb10KVWJpY2FjacOzbjogQ2FtcG8gZGVsIGVzdGUgZGUgUGF5b24uCk9iamV0aXZvOiBEZXJyb3RhIGEgMTBFc3BvcmFzLgpQcmVtaW86IDQ1MDBkZUVYUCB5IDMwMDBkZUVYUGRlY2xhc2Uu
HseBCQ,,UmVxdWVzdCBmcm9tIGEgd29ycmllZCBncmFuZGZhdGhlciBpbiBQYXlvbgpeNEQ0REZGW011c2hyb29tIFBhcmFkaXNlXV4wMDAwMDAgUXVlc3QgYWNjZXB0ZWQu,,,,,W1NvbGljaXRhw6fDo29dCl4zMTMxRkZbQ29ndW1lbG9zIEVzdHJhbmhvc11eMDAwMDAwIGZvaSBhY2VpdGEu,,U29saWNpdHVkIGRlIHVuIGFidWVsbyBwcmVvY3VwYWRvIGRlIFBheW9uCl40RDRERkZbUHJvbGlmZXJhY2nDs24gZGUgaG9uZ29zXV4wMDAwMDA6IG1pc2nDs24gYWNlcHRhZGEu
H8eBCQ,,Q2FuY2VsLA==,,,,,Q2FuY2VsYWRvLg==,,Q2FuY2VsYXIu
IMeBCQ,,W1JlcXVlc3QgQ29tcGxldGVkXQpMb2NhdGlvbjogUHJvbnRlcmEgV2VzdCBGaWVsZApUYXJnZXQ6IERlZmVhdCAxMCBIb3JuZXQKUmV3YXJkOiBFeHAgMTgwMCwgSmV4cCAxNTAw,,,,,W01pc3PDo28gY29tcGxldGFdCkxvY2FsOiBPZXN0ZSBkZSBQcm9udGVyYQpPYmpldGl2bzogQ2HDp2FyIDEwIFphbmfDtWVzClJlY29tcGVuc2E6IF4zMTMxRkZCw7RudXMgZG8gRXZlbnRvICteMDAwMDAwIEVYUCBiYXNlIDEyMDAsIEVYUCBjbGFzc2UgMTAwMA==,,W1NvbGljaXR1ZCBjb21wbGV0YWRhXQpVYmljYWNpw7NuOiBDYW1wbyBkZWwgb2VzdGUgZGUgUHJvbnRlcmEuCk9iamV0aXZvOiBEZXJyb3RhIGEgMTBBdmlzcG9uZXMuClByZW1pbzogMTgwMGRlRVhQIHkgMTUwMGRlRVhQZGVjbGFzZS4=
IceBCQ,,W1BhdWwncyBSZXF1ZXN0IE91dHNpZGUgUHJvbnRlcmEncyBXZXN0IEdhdGVdCkxvY2F0aW9uOiBQcm9udGVyYSBXZXN0IEZpZWxkClRhcmdldDogRGVmZWF0IDEwIEhvcm5ldApSZXdhcmQ6IEV4cCAxODAwLCBKZXhwIDE1MDA=,,,,,W1NvbGljaXRhw6fDo29dCkxvY2FsOiBPZXN0ZSBkZSBQcm9udGVyYQpPYmpldGl2bzogQ2HDp2FyIDEwIFphbmfDtWVzClJlY29tcGVuc2E6IF4zMTMxRkZCw7RudXMgZG8gRXZlbnRvICteMDAwMDAwIEVYUCBiYXNlIDEyMDAsIEVYUCBjbGFzc2UgMTAwMA==,,W1NvbGljaXR1ZCBkZSBQYXVsIGRlIGFmdWVyYSBkZSBsYSBQdWVydGEgT2VzdGUgZGUgUHJvbnRlcmFdClViaWNhY2nDs246IENhbXBvIGRlbCBvZXN0ZSBkZSBQcm9udGVyYS4KT2JqZXRpdm86IERlcnJvdGEgYSAxMEF2aXNwb25lcy4KUHJlbWlvOiAxODAwZGVFWFAgeSAxNTAwZGVFWFBkZWNsYXNlLg==
IseBCQ,,UGF1bCdzIFJlcXVlc3QgT3V0c2lkZSBQcm9udGVyYSdzIFdlc3QgR2F0ZQpeNEQ0REZGW1BsYXlncm91bmQgU3RhYmlsaXphdGlvbiBPcGVyYXRpb24gLSBIb3JuZXRdXjAwMDAwMCBRdWVzdCBhY2NlcHRlZC4=,,,,,W1NvbGljaXRhw6fDo29dCl4zMTMxRkZbU2FsdmFuZG8gbyBQYXJxdWluaG9dXjAwMDAwMCBmb2kgYWNlaXRhLg==,,U29saWNpdHVkIGRlIFBhdWwgZGUgYWZ1ZXJhIGRlIGxhIFB1ZXJ0YSBPZXN0ZSBkZSBQcm9udGVyYS4KXjRENERGRltPcGVyYWNpw7NuIGRlIGVzdGFiaWxpemFjacOzbiBkZWwgcGFycXVlIGluZmFudGlsIC0gQXZpc3DDs25dXjAwMDAwMDogbWlzacOzbiBhY2VwdGFkYS4=
I8eBCQ,,W1JlcXVlc3QgQ29tcGxldGVkXQpMb2NhdGlvbjogUHJvbnRlcmEgU291dGh3ZXN0IEZpZWxkClRhcmdldDogRGVmZWF0IDEwIFJvY2tlcgpSZXdhcmQ6IEV4cCAyNDAwLCBKZXhwIDIxMDA=,,,,,W01pc3PDo28gY29tcGxldGFdCkxvY2FsOiBTdWRvZXN0ZSBkZSBQcm9udGVyYQpPYmpldGl2bzogQ2HDp2FyIDEwIFJvY2tlcnMKUmVjb21wZW5zYTogXjMxMzFGRkLDtG51cyBkbyBFdmVudG8gK14wMDAwMDAgRVhQIGJhc2UgMTYwMCwgRVhQIGNsYXNzZSAxNDAw,,W1NvbGljaXR1ZCBjb21wbGV0YWRhXQpVYmljYWNpw7NuOiBDYW1wbyBkZWwgc3Vyb2VzdGUgZGUgUHJvbnRlcmEuCk9iamV0aXZvOiBEZXJyb3RhIGEgMTBSb2NrZXJvcy4KUHJlbWlvOiAyNDAwZGVFWFAgeSAyMTAwZGVFWFBkZWNsYXNlLg==
JMeBCQ,,W1BhdWwncyBSZXF1ZXN0IE91dHNpZGUgUHJvbnRlcmEncyBXZXN0IEdhdGVdCkxvY2F0aW9uOiBQcm9udGVyYSBTb3V0aHdlc3QgRmllbGQKVGFyZ2V0OiBEZWZlYXQgMTAgUm9ja2VyClJld2FyZDogRXhwIDI0MDAsIEpleHAgMjEwMA==,,,,,W1NvbGljaXRhw6fDo29dCkxvY2FsOiBTdWRvZXN0ZSBkZSBQcm9udGVyYQpPYmpldGl2bzogQ2HDp2FyIDEwIFJvY2tlcnMKUmVjb21wZW5zYTogXjMxMzFGRkLDtG51cyBkbyBFdmVudG8gK14wMDAwMDAgRVhQIGJhc2UgMTYwMCwgRVhQIGNsYXNzZSAxNDAw,,W1NvbGljaXR1ZCBkZSBQYXVsIGRlIGFmdWVyYSBkZSBsYSBQdWVydGEgT2VzdGUgZGUgUHJvbnRlcmFdClViaWNhY2nDs246IENhbXBvIGRlbCBzdXJvZXN0ZSBkZSBQcm9udGVyYS4KT2JqZXRpdm86IERlcnJvdGEgYSAxMFJvY2tlcm9zLgpQcmVtaW86IDI0MDBkZUVYUCB5IDIxMDBkZUVYUGRlY2xhc2Uu
JceBCQ,,UGF1bCdzIFJlcXVlc3QgT3V0c2lkZSBQcm9udGVyYSdzIFdlc3QgR2F0ZQpeNEQ0REZGW1BsYXlncm91bmQgU3RhYmlsaXphdGlvbiBPcGVyYXRpb24gLSBSb2NrZXJdXjAwMDAwMCBRdWVzdCBhY2NlcHRlZC4=,,,,,W1NvbGljaXRhw6fDo29dCl4zMTMxRkZbSW5zZXRvcyBNdXNpY2Fpc11eMDAwMDAwIGZvaSBhY2VpdGEu,,U29saWNpdHVkIGRlIFBhdWwgZGUgYWZ1ZXJhIGRlIGxhIFB1ZXJ0YSBPZXN0ZSBkZSBQcm9udGVyYS4KXjRENERGRltPcGVyYWNpw7NuIGRlIGVzdGFiaWxpemFjacOzbiBkZWwgcGFycXVlIGluZmFudGlsIC0gUm9ja2Vyb11eMDAwMDAwOiBtaXNpw7NuIGFjZXB0YWRhLg==
JseBCQ,,W1JlcXVlc3QgQ29tcGxldGVkXQpMb2NhdGlvbjogUHJvbnRlcmEgRmllbGQKVGFyZ2V0OiBEZWZlYXQgMTAgQW1iZXJuaXRlClJld2FyZDogRXhwIDMwMDAsIEpleHAgMzAwMA==,,,,,W01pc3PDo28gY29tcGxldGFdCkxvY2FsOiBOb3JvZXN0ZSBkZSBQcm9udGVyYQpPYmpldGl2bzogQ2HDp2FyIDEwIEFtYmVybml0ZXMKUmVjb21wZW5zYTogXjMxMzFGRkLDtG51cyBkbyBFdmVudG8gK14wMDAwMDAgRVhQIGJhc2UgMjAwMCwgRVhQIGNsYXNzZSAyMDAw,,W1NvbGljaXR1ZCBjb21wbGV0YWRhXQpVYmljYWNpw7NuOiBDYW1wbyBkZSBQcm9udGVyYQpPYmpldGl2bzogRGVycm90YSBhIDEwQW1iYXJuaXRvcy4KUHJlbWlvOiAzMDAwZGVFWFAgeSAzMDAwZGVFWFBkZWNsYXNlLg==
J8eBCQ,,W0FubmUncyBSZXF1ZXN0IE91dHNpZGUgUHJvbnRlcmEncyBXZXN0IEdhdGVdCkxvY2F0aW9uOiBQcm9udGVyYSBGaWVsZApUYXJnZXQ6IERlZmVhdCAxMCBBbWJlcm5pdGUKUmV3YXJkOiBFeHAgMzAwMCwgSmV4cCAzMDAw,,,,,W1NvbGljaXRhw6fDo29dCkxvY2FsOiBOb3JvZXN0ZSBkZSBQcm9udGVyYQpPYmpldGl2bzogQ2HDp2FyIDEwIEFtYmVybml0ZXMKUmVjb21wZW5zYTogXjMxMzFGRkLDtG51cyBkbyBFdmVudG8gK14wMDAwMDAgRVhQIGJhc2UgMjAwMCwgRVhQIGNsYXNzZSAyMDAw,,W1NvbGljaXR1ZCBkZSBBbm5lIGRlIGFmdWVyYSBkZSBsYSBQdWVydGEgT2VzdGUgZGUgUHJvbnRlcmFdClViaWNhY2nDs246IENhbXBvIGRlIFByb250ZXJhCk9iamV0aXZvOiBEZXJyb3RhIGEgMTBBbWJhcm5pdG9zLgpQcmVtaW86IDMwMDBkZUVYUCB5IDMwMDBkZUVYUGRlY2xhc2Uu
KMeBCQ,,QW5uZSdzIFJlcXVlc3QgT3V0c2lkZSBQcm9udGVyYSdzIFdlc3QgR2F0ZQpeNEQ0REZGW1RoZSBsZWdlbmRhcnkga25pZ2h0LCBBbWJlcm5pdGUhXV4wMDAwMDAgUXVlc3QgYWNjZXB0ZWQu,,,,,W1NvbGljaXRhw6fDo29dCl4zMTMxRkZbUHJvYmxlbWEgUGVnYWpvc29dXjAwMDAwMCBmb2kgYWNlaXRhLg==,,U29saWNpdHVkIGRlIEFubmUgZGUgYWZ1ZXJhIGRlIGxhIFB1ZXJ0YSBPZXN0ZSBkZSBQcm9udGVyYQpeNEQ0REZGW8KhQW1iYXJuaXRvLCBlbCBDYWJhbGxlcm8gSW5maW5pdG8hXV4wMDAwMDA6IG1pc2nDs24gYWNlcHRhZGEu
KceBCQ,,W1JlcXVlc3QgQ29tcGxldGVkXQpMb2NhdGlvbjogUGF5b24gRHVuZ2VvbiAxc3QgZmxvb3IKVGFyZ2V0OiBEZWZlYXQgMTAgWm9tYmllcyBhbmQgMjAgU2tlbGV0b25zClJld2FyZDogRXhwIDQ4MDAsIEpleHAgNDUwMA==,,,,,W01pc3PDo28gY29tcGxldGFdCkxvY2FsOiBDYXZlcm5hIGRlIFBheW9uCk9iamV0aXZvOiBDYcOnYXIgMTAgWnVtYmlzIGUgMjAgRXNxdWVsZXRvcwpSZWNvbXBlbnNhOiBeMzEzMUZGQsO0bnVzIGRvIEV2ZW50byArXjAwMDAwMCBFWFAgYmFzZSAzMjAwLCBFWFAgY2xhc3NlIDMwMDA=,,W1NvbGljaXR1ZCBjb21wbGV0YWRhXQpVYmljYWNpw7NuOiBQaXNvMSBkZSBsYSBNYXptb3JyYSBkZSBQYXlvbi4KT2JqZXRpdm86IERlcnJvdGEgYSAxMFpvbWJpcyB5IDIwRXNxdWVsZXRvcy4KUHJlbWlvOiA0ODAwZGVFWFAgeSA0NTAwZGVFWFBkZWNsYXNlLg==
KseBCQ,,W1JlcXVlc3QgZnJvbSB0aGUgZ3VhcmQgaW4gZnJvbnQgb2YgdGhlIFBheW9uIER1bmdlb24gZW50cmFuY2VdCkxvY2F0aW9uOiBQYXlvbiBEdW5nZW9uIDFzdCBmbG9vcgpUYXJnZXQ6IERlZmVhdCAxMCBab21iaWVzIGFuZCAyMCBTa2VsZXRvbnMKUmV3YXJkOiBFeHAgNDgwMCwgSmV4cCA0NTAw,,,,,W1NvbGljaXRhw6fDo29dCkxvY2FsOiBDYXZlcm5hIGRlIFBheW9uCk9iamV0aXZvOiBDYcOnYXIgMTAgWnVtYmlzIGUgMjAgRXNxdWVsZXRvcwpSZWNvbXBlbnNhOiBeMzEzMUZGQsO0bnVzIGRvIEV2ZW50byArXjAwMDAwMCBFWFAgYmFzZSAzMjAwLCBFWFAgY2xhc3NlIDMwMDA=,,W1NvbGljaXR1ZCBkZWwgZ3VhcmRpYSBmcmVudGUgYSBsYSBlbnRyYWRhIGRlIGxhIE1hem1vcnJhIGRlIFBheW9uXQpVYmljYWNpw7NuOiBQaXNvMSBkZSBsYSBNYXptb3JyYSBkZSBQYXlvbi4KT2JqZXRpdm86IERlcnJvdGEgYSAxMFpvbWJpcyB5IDIwRXNxdWVsZXRvcy4KUHJlbWlvOiA0ODAwZGVFWFAgeSA0NTAwZGVFWFBkZWNsYXNlLg==
K8eBCQ,,UmVxdWVzdCBmcm9tIHRoZSBndWFyZCBpbiBmcm9udCBvZiB0aGUgUGF5b24gRHVuZ2VvbiBlbnRyYW5jZQpeNEQ0REZGW1VuZGVhZCBXYXJdXjAwMDAwMCBRdWVzdCBhY2NlcHRlZC4=,,,,,W1NvbGljaXRhw6fDo29dCl4zMTMxRkZbR3VlcnJhIGFvcyBNb3J0b3NdXjAwMDAwMCBmb2kgYWNlaXRhLg==,,U29saWNpdHVkIGRlbCBndWFyZGlhIGZyZW50ZSBhIGxhIGVudHJhZGEgZGUgbGEgTWF6bW9ycmEgZGUgUGF5b24KXjRENERGRltMYSBndWVycmEgZGUgbG9zIE11ZXJ0b3Mgdml2aWVudGVzXV4wMDAwMDA6IG1pc2nDs24gYWNlcHRhZGEu
LMeBCQ,,W1JlcXVlc3QgQ29tcGxldGVkXQpMb2NhdGlvbjogSXpsdWRlIFNvdXRod2VzdCBGaWVsZApUYXJnZXQ6IERlZmVhdCAxMCBNdWthIGFuZCAxMCBQZWNvIFBlY28KUmV3YXJkOiBFeHAgNzIwMCwgSmV4cCA2MzAw,,,,,W01pc3PDo28gY29tcGxldGFdCkxvY2FsOiBTdWwgZGUgSXpsdWRlCk9iamV0aXZvOiBDYcOnYXIgMTAgTXVrYXMgZSAxMCBQZWNvUGVjb3MKUmVjb21wZW5zYTogXjMxMzFGRkLDtG51cyBkbyBFdmVudG8gK14wMDAwMDAgRVhQIGJhc2UgNDgwMCwgRVhQIGNsYXNzZSA0MjAw,,W1NvbGljaXR1ZCBjb21wbGV0YWRhXQpVYmljYWNpw7NuOiBDYW1wbyBkZWwgc3Vyb2VzdGUgZGUgSXpsdWRlLgpPYmpldGl2bzogRGVycm90YSBhIDEwTXVrYSB5IDEwUGVjbyBQZWNvLgpQcmVtaW86IDcyMDBkZUVYUCB5IDYzMDBkZUVYUGRlY2xhc2Uu
LceBCQ,,W1JlcXVlc3QgZnJvbSBJemx1ZGUgSW5zdHJ1Y3RvciBGb250ZXNdCkxvY2F0aW9uOiBJemx1ZGUgU291dGh3ZXN0IEZpZWxkClRhcmdldDogRGVmZWF0IDEwIE11a2EgYW5kIDEwIFBlY28gUGVjbwpSZXdhcmQ6IEV4cCA3MjAwLCBKZXhwIDYzMDA=,,,,,W1NvbGljaXRhw6fDo29dCkxvY2FsOiBTdWwgZGUgSXpsdWRlCk9iamV0aXZvOiBDYcOnYXIgMTAgTXVrYXMgZSAxMCBQZWNvUGVjb3MKUmVjb21wZW5zYTogXjMxMzFGRkLDtG51cyBkbyBFdmVudG8gK14wMDAwMDAgRVhQIGJhc2UgNDgwMCwgRVhQIGNsYXNzZSA0MjAw,,W1NvbGljaXR1ZCBkZSBsYSBJbnN0cnVjdG9yYSBQaG9udGVzIGRlIEl6bHVkZV0KVWJpY2FjacOzbjogQ2FtcG8gZGVsIHN1cm9lc3RlIGRlIEl6bHVkZS4KT2JqZXRpdm86IERlcnJvdGEgYSAxME11a2EgeSAxMFBlY28gUGVjby4KUHJlbWlvOiA3MjAwZGVFWFAgeSA2MzAwZGVFWFBkZWNsYXNlLg==
LseBCQ,,UmVxdWVzdCBmcm9tIEl6bHVkZSBJbnN0cnVjdG9yIEZvbnRlcwpeNEQ0REZGW05vaXN5IEZlbGxvd3NdXjAwMDAwMCBRdWVzdCBhY2NlcHRlZC4=,,,,,W1NvbGljaXRhw6fDo29dCl4zMTMxRkZbQmljaG9zIEJhcnVsaGVudG9zXV4wMDAwMDAgZm9pIGFjZWl0YS4=,,U29saWNpdHVkIGRlIGxhIEluc3RydWN0b3JhIFBob250ZXMgZGUgSXpsdWRlLgpeNEQ0REZGW0FtaWdvcyBydWlkb3Nvc11eMDAwMDAwOiBtaXNpw7NuIGFjZXB0YWRhLg==
L8eBCQ,,W1JlcXVlc3QgQ29tcGxldGVkXQpMb2NhdGlvbjogQ29tb2RvIER1bmdlb24KVGFyZ2V0OiBEZWZlYXQgMTAgVGhhcmEgRnJvZyBhbmQgY29sbGVjdCAxMCBTdGlja3kgV2ViZm9vdApSZXdhcmQ6IEV4cCA4MjUwLCBKZXhwIDgyNTA=,,,,,W01pc3PDo28gY29tcGxldGFdCkxvY2FsOiBDYXZlcm5hIE1hbwpPYmpldGl2bzogQ2HDp2FyIDEwIFNhcG9zIGRlIFRoYXJhIGUgY29sZXRhciAxMCBQYXRhcyBQZWdham9zYXMKUmVjb21wZW5zYTogXjMxMzFGRkLDtG51cyBkbyBFdmVudG8gK14wMDAwMDAgRVhQIGJhc2UgNTUwMCwgRVhQIGNsYXNzZSA1NTAw,,W1NvbGljaXR1ZCBjb21wbGV0YWRhXQpVYmljYWNpw7NuOiBNYXptb3JyYSBkZSBDb21vZG8uCk9iamV0aXZvOiBEZXJyb3RhIGEgMTBSYW5hc2RlVGhhcmEgeSByZWNvbGVjdGEgMTBQYXRhc3BhbG3DrXBlZGFzcGVnYWpvc2FzLgpQcmVtaW86IDgyNTBkZUVYUCB5IDgyNTBkZUVYUGRlY2xhc2Uu
MMeBCQ,,W1JlcXVlc3QgZnJvbSBDb21vZG8gQ2hlZiBCYWJpUV0KTG9jYXRpb246IENvbW9kbyBEdW5nZW9uClRhcmdldDogRGVmZWF0IDEwIFRoYXJhIEZyb2cgYW5kIGNvbGxlY3QgMTAgU3RpY2t5IFdlYmZvb3QKUmV3YXJkOiBFeHAgODI1MCwgSmV4cCA4MjUw,,,,,W1NvbGljaXRhw6fDo29dCkxvY2FsOiBDYXZlcm5hIE1hbwpPYmpldGl2bzogQ2HDp2FyIDEwIFNhcG9zIGRlIFRoYXJhIGUgY29sZXRhciAxMCBQYXRhcyBQZWdham9zYXMKUmVjb21wZW5zYTogXjMxMzFGRkLDtG51cyBkbyBFdmVudG8gK14wMDAwMDAgRVhQIGJhc2UgNTUwMCwgRVhQIGNsYXNzZSA1NTAw,,W1NvbGljaXR1ZCBkZWwgQ2hlZiBEaXRvIEFzYWRpdG8gZGUgQ29tb2RvXQpVYmljYWNpw7NuOiBNYXptb3JyYSBkZSBDb21vZG8uCk9iamV0aXZvOiBEZXJyb3RhIGEgMTBSYW5hc2RlVGhhcmEgeSByZWNvbGVjdGEgMTBQYXRhc3BhbG3DrXBlZGFzcGVnYWpvc2FzLgpQcmVtaW86IDgyNTBkZUVYUCB5IDgyNTBkZUVYUGRlY2xhc2Uu
MceBCQ,,UmVxdWVzdCBmcm9tIENvbW9kbyBDaGVmIEJhYmlRCl40RDRERkZbQmFiaVEncyBDb29raW5nIEhlbGxdXjAwMDAwMCBRdWVzdCBhY2NlcHRlZC4=,,,,,W1NvbGljaXRhw6fDo29dCl4zMTMxRkZbQ2h1cnJhc2NvIFJ1aW1dXjAwMDAwMCBmb2kgYWNlaXRhLg==,,U29saWNpdHVkIGRlIENvbW9kbyBDaGVmIERpdG8gQXNhZGl0byBkZSBDb21vZG8KXjRENERGRltMYXMgZGVzdmVudHVyYXMgY3VsaW5hcmlhcyBkZSBEaXRvIEFzYWRpdG9dXjAwMDAwMDogbWlzacOzbiBhY2VwdGFkYS4=
MseBCQ,,W1JlcXVlc3QgQ29tcGxldGVkXQpMb2NhdGlvbjogQ29tb2RvIER1bmdlb24KVGFyZ2V0OiBEZWZlYXQgMTAgSHlkcmEgYW5kIGNvbGxlY3QgNSBUZW50YWNsZQpSZXdhcmQ6IEV4cCA4MjUwLCBKZXhwIDgyNTA=,,,,,W01pc3PDo28gY29tcGxldGFdCkxvY2FsOiBDYXZlcm5hIE1hbwpPYmpldGl2bzogQ2HDp2FyIDEwIEhpZHJhcyBlIGNvbGV0YXIgNSBUZW50w6FjdWxvcwpSZWNvbXBlbnNhOiBeMzEzMUZGQsO0bnVzIGRvIEV2ZW50byArXjAwMDAwMCBFWFAgYmFzZSA1NTAwLCBFWFAgY2xhc3NlIDU1MDA=,,W1NvbGljaXR1ZCBjb21wbGV0YWRhXQpVYmljYWNpw7NuOiBNYXptb3JyYSBkZSBDb21vZG8uCk9iamV0aXZvOiBEZXJyb3RhIGEgMTBIaWRyYXMgeSByZWNvZ2UgNVRlbnTDoWN1bG9zLgpQcmVtaW86IDgyNTBkZUVYUCB5IDgyNTBkZUVYUGRlY2xhc2Uu
M8eBCQ,,W1JlcXVlc3QgZnJvbSBDb21vZG8gQ2hlZiBCYWJpUV0KTG9jYXRpb246IENvbW9kbyBEdW5nZW9uClRhcmdldDogRGVmZWF0IDEwIEh5ZHJhIGFuZCBjb2xsZWN0IDUgVGVudGFjbGUKUmV3YXJkOiBFeHAgODI1MCwgSmV4cCA4MjUw,,,,,W1NvbGljaXRhw6fDo29dCkxvY2FsOiBDYXZlcm5hIE1hbwpPYmpldGl2bzogQ2HDp2FyIDEwIEhpZHJhcyBlIGNvbGV0YXIgNSBUZW50w6FjdWxvcwpSZWNvbXBlbnNhOiBeMzEzMUZGQsO0bnVzIGRvIEV2ZW50byArXjAwMDAwMCBFWFAgYmFzZSA1NTAwLCBFWFAgY2xhc3NlIDU1MDA=,,W1NvbGljaXR1ZCBkZWwgQ2hlZiBEaXRvIEFzYWRpdG8gZGUgQ29tb2RvXQpVYmljYWNpw7NuOiBNYXptb3JyYSBkZSBDb21vZG8uCk9iamV0aXZvOiBEZXJyb3RhIGEgMTBIaWRyYXMgeSByZWNvZ2UgNVRlbnTDoWN1bG9zLgpQcmVtaW86IDgyNTBkZUVYUCB5IDgyNTBkZUVYUGRlY2xhc2Uu
NMeBCQ,,UmVxdWVzdCBmcm9tIENvbW9kbyBDaGVmIEJhYmlRCl40RDRERkZbSG9uZXkgU2tpbiBCYWJpUV1eMDAwMDAwIFF1ZXN0IGFjY2VwdGVkLg==,,,,,W1NvbGljaXRhw6fDo29dCl4zMTMxRkZbVHJhdGFtZW50byBkZSBQZWxlXV4wMDAwMDAgZm9pIGFjZWl0YS4=,,U29saWNpdHVkIGRlIENvbW9kbyBDaGVmIERpdG8gQXNhZGl0byBkZSBDb21vZG8KXjRENERGRltUcmF0YW1pZW50byBmYWNpYWwgZGUgRGl0byBBc2FkaXRvXV4wMDAwMDA6IG1pc2nDs24gYWNlcHRhZGEu
NceBCQ,,W1JlcXVlc3QgQ29tcGxldGVkXQpMb2NhdGlvbjogQ29tb2RvIER1bmdlb24KVGFyZ2V0OiBEZWZlYXQgMTAgTWVnYWxvZG9uClJld2FyZDogRXhwIDgyNTAsIEpleHAgODI1MA==,,,,,W01pc3PDo28gY29tcGxldGFdCkxvY2FsOiBDYXZlcm5hIE1hbwpPYmpldGl2bzogQ2HDp2FyIDEwIE1lZ2Fsb2RvbgpSZWNvbXBlbnNhOiBeMzEzMUZGQsO0bnVzIGRvIEV2ZW50byArXjAwMDAwMCBFWFAgYmFzZSA1NTAwLCBFWFAgY2xhc3NlIDU1MDA=,,W1NvbGljaXR1ZCBjb21wbGV0YWRhXQpVYmljYWNpw7NuOiBNYXptb3JyYSBkZSBDb21vZG8uCk9iamV0aXZvOiBEZXJyb3RhIGEgMTBNZWdhbG9kb25lcy4KUHJlbWlvOiA4MjUwZGVFWFAgeSA4MjUwZGVFWFBkZWNsYXNlLg==
NseBCQ,,W1JlcXVlc3QgZnJvbSBDaGllZiBLb21vZG9dCkxvY2F0aW9uOiBDb21vZG8gRHVuZ2VvbgpUYXJnZXQ6IERlZmVhdCAxMCBNZWdhbG9kb24KUmV3YXJkOiBFeHAgODI1MCwgSmV4cCA4MjUw,,,,,W1NvbGljaXRhw6fDo29dCkxvY2FsOiBDYXZlcm5hIE1hbwpPYmpldGl2bzogQ2HDp2FyIDEwIE1lZ2Fsb2RvbgpSZWNvbXBlbnNhOiBeMzEzMUZGQsO0bnVzIGRvIEV2ZW50byArXjAwMDAwMCBFWFAgYmFzZSA1NTAwLCBFWFAgY2xhc3NlIDU1MDA=,,W1NvbGljaXR1ZCBkZWwgamVmZSBLb21vZG9dClViaWNhY2nDs246IE1hem1vcnJhIGRlIENvbW9kby4KT2JqZXRpdm86IERlcnJvdGEgYSAxME1lZ2Fsb2RvbmVzLgpQcmVtaW86IDgyNTBkZUVYUCB5IDgyNTBkZUVYUGRlY2xhc2Uu
N8eBCQ,,UmVxdWVzdCBmcm9tIENoaWVmIEtvbW9kbwpeNEQ0REZGW1F1ZSBTZXJhLCBTZXJhXV4wMDAwMDAgUXVlc3QgYWNjZXB0ZWQu,,,,,W1NvbGljaXRhw6fDo29dCl4zMTMxRkZbVGVtcGVybyBLb3Jhc2VyYV1eMDAwMDAwIGZvaSBhY2VpdGEu,,U29saWNpdHVkIGRlbCBqZWZlIEtvbW9kby4KXjRENERGRltRdcOpIHNlcsOhLCBzZXLDoV1eMDAwMDAwOiBtaXNpw7NuIGFjZXB0YWRhLg==
OMeBCQ,,NDB+NjkgUmVxdWVzdCBCdWxsZXRpbiBCb2FyZA==,,,,,TWlzc8O1ZXMgNDAgLSA2OQ==,,NDB+NjkgUmVxdWVzdCBCdWxsZXRpbiBCb2FyZA==
OceBCQ,,XjhDOEM4Q0ZyaWVuZHMgUmVzY3VlIChJbiBQcm9ncmVzcyleMDAwMDAw,,,,,XkZGNDgwMChFbSBDdXJzbykgUmVzZ2F0YXIgQW1pZ29zIF4wMDAwMDA=,,XkEyMzE0QkFtaWdvcyBhbCByZXNjYXRlIChlbiBjdXJzbyleMDAwMDAw
OseBCQ,,XjhDOEM4Q0ZyaWVuZHMgUmVzY3VlIChXYWl0aW5nKV4wMDAwMDA=,,,,,XkZGNDgwMChFbSBFc3BlcmEpIFJlc2dhdGFyIEFtaWdvcyBeMDAwMDAw,,XkEyMzE0QkFtaWdvcyBhbCByZXNjYXRlIChlbiBlc3BlcmEpXjAwMDAwMA==
O8eBCQ,,RnJpZW5kcyBSZXNjdWUgWzQwXQ==,,,,,WzQwXSBSZXNnYXRhciBBbWlnb3M=,,QW1pZ29zIGFsIHJlc2NhdGUgWzQwXQ==
PMeBCQ,,XjhDOEM4Q0VhdGluZyBLdWtyZSBMaXZlciAoSW4gUHJvZ3Jlc3MpXjAwMDAwMA==,,,,,XkZGNDgwMChFbSBDdXJzbykgQmFyYXRhIGRvIE1hciBeMDAwMDAw,,XkEyMzE0QlRvcmNlciBlbCBwZXNjdWV6byBkZSBLdWtyZSAoZW4gY3Vyc28pXjAwMDAwMA==
PceBCQ,,XjhDOEM4Q0VhdGluZyBLdWtyZSBMaXZlciAoV2FpdGluZyleMDAwMDAw,,,,,XkZGNDgwMChFbSBFc3BlcmEpIEJhcmF0YSBkbyBNYXIgXjAwMDAwMA==,,XkEyMzE0QlRvcmNlciBlbCBwZXNjdWV6byBkZSBLdWtyZSAoZW4gZXNwZXJhKV4wMDAwMDA=
PseBCQ,,RWF0aW5nIEt1a3JlIExpdmVyIFs0MF0=,,,,,WzQwXSBCYXJhdGEgZG8gTWFy,,VG9yY2VyIGVsIHBlc2N1ZXpvIGRlIEt1a3JlIFs0MF0=
P8eBCQ,,XjhDOEM4Q1Bvb3IgTWFuJ3MgVHJlYXN1cmUgKEluIFByb2dyZXNzKV4wMDAwMDA=,,,,,XkZGNDgwMChFbSBDdXJzbykgQmFyYXRhIGRvIE1hciBeMDAwMDAw,,XkEyMzE0QlByZW1pbyBjb25zdWVsbyAoZW4gY3Vyc28pXjAwMDAwMA==
QMeBCQ,,XjhDOEM4Q1Bvb3IgTWFuJ3MgVHJlYXN1cmUgKFdhaXRpbmcpXjAwMDAwMA==,,,,,XkZGNDgwMChFbSBFc3BlcmEpIEJhcmF0YSBkbyBNYXIgXjAwMDAwMA==,,XkEyMzE0QlByZW1pbyBjb25zdWVsbyAoZW4gZXNwZXJhKV4wMDAwMDA=
QceBCQ,,UG9vciBNYW4ncyBUcmVhc3VyZSBbNDBd,,,,,WzQwXSBCYXJhdGEgZG8gTWFy,,UHJlbWlvIGNvbnN1ZWxvIFs0MF0=
QseBCQ,,XjhDOEM4Q0NsZWFuIFNoaXB3cmVjayAxRiAoSW4gUHJvZ3Jlc3MpXjAwMDAwMA==,,,,,XkZGNDgwMChFbSBDdXJzbykgTGltcGFuZG8gbyBOYXZpbyBeMDAwMDAw,,XkEyMzE0QkxpbXBpZXphIGRlbCBiYXJjbyBodW5kaWRvUDEgKGVuIGN1cnNvKV4wMDAwMDA=
Q8eBCQ,,XjhDOEM4Q0NsZWFuIFNoaXB3cmVjayAxRiAoV2FpdGluZyleMDAwMDAw,,,,,XkZGNDgwMChFbSBFc3BlcmEpIExpbXBhbmRvIG8gTmF2aW8gXjAwMDAwMA==,,XkEyMzE0QkxpbXBpZXphIGRlbCBiYXJjbyBodW5kaWRvUDEgKGVuIGVzcGVyYSleMDAwMDAw
RMeBCQ,,Q2xlYW4gU2hpcHdyZWNrIDFGIFs0MF0=,,,,,WzQwXSBMaW1wYW5kbyBvIE5hdmlv,,TGltcGllemEgZGVsIGJhcmNvIGh1bmRpZG9QMSBbNDBd
RceBCQ,,XjhDOEM4Q0NsZWFuIFNoaXB3cmVjayAyRiAoSW4gUHJvZ3Jlc3MpXjAwMDAwMA==,,,,,XkZGNDgwMChFbSBDdXJzbykgTmF2aW8gQXNzb21icmFkbyBeMDAwMDAw,,XkEyMzE0QkxpbXBpZXphIGRlbCBiYXJjbyBodW5kaWRvUDIgKGVuIGN1cnNvKV4wMDAwMDA=
RseBCQ,,XjhDOEM4Q0NsZWFuIFNoaXB3cmVjayAyRiAoV2FpdGluZyleMDAwMDAw,,,,,XkZGNDgwMChFbSBFc3BlcmEpIE5hdmlvIEFzc29tYnJhZG8gXjAwMDAwMA==,,XkEyMzE0QkxpbXBpZXphIGRlbCBiYXJjbyBodW5kaWRvUDIgKGVuIGVzcGVyYSleMDAwMDAw
R8eBCQ,,Q2xlYW4gU2hpcHdyZWNrIDJGIFs0MF0=,,,,,WzQwXSBOYXZpbyBBc3NvbWJyYWRv,,TGltcGllemEgZGVsIGJhcmNvIGh1bmRpZG9QMiBbNDBd
SMeBCQ,,XjhDOEM4Q05vYmxlIFdhciAoSW4gUHJvZ3Jlc3MpXjAwMDAwMA==,,,,,XkZGNDgwMChFbSBDdXJzbykgR3VlcnJhIG5hIFByYWlhIF4wMDAwMDA=,,XkEyMzE0QkxhIEd1ZXJyYSBOb2JsZSAoZW4gY3Vyc28pXjAwMDAwMA==
SceBCQ,,XjhDOEM4Q05vYmxlIFdhciAoV2FpdGluZyleMDAwMDAw,,,,,XkZGNDgwMChFbSBFc3BlcmEpIEd1ZXJyYSBuYSBQcmFpYSBeMDAwMDAw,,XkEyMzE0QkxhIEd1ZXJyYSBOb2JsZSAoZW4gZXNwZXJhKV4wMDAwMDA=
SseBCQ,,Tm9ibGUgV2FyIFs0MF0=,,,,,WzQwXSBHdWVycmEgbmEgUHJhaWE=,,TGEgR3VlcnJhIE5vYmxlIFs0MF0=
S8eBCQ,,XjhDOEM4Q1NlYXNoZWxsIERpZ2dpbmcgRXhwZXJpZW5jZSAoSW4gUHJvZ3Jlc3MpXjAwMDAwMA==,,,,,XkZGNDgwMChFbSBDdXJzbykgQ2F0YWRvciBkZSBPc3RyYXMgXjAwMDAwMA==,,XkEyMzE0QkV4cGVyaWVuY2lhIGRlIGV4dHJhY2Npw7NuIGRlIGNhcmFjb2xhcyBtYXJpbmFzIChlbiBjdXJzbyleMDAwMDAw
TMeBCQ,,XjhDOEM4Q1NlYXNoZWxsIERpZ2dpbmcgRXhwZXJpZW5jZSAoV2FpdGluZyleMDAwMDAw,,,,,XkZGNDgwMChFbSBFc3BlcmEpIENhdGFkb3IgZGUgT3N0cmFzIF4wMDAwMDA=,,XkEyMzE0QkV4cGVyaWVuY2lhIGRlIGV4dHJhY2Npw7NuIGRlIGNhcmFjb2xhcyBtYXJpbmFzIChlbiBlc3BlcmEpXjAwMDAwMA==
TceBCQ,,U2Vhc2hlbGwgRGlnZ2luZyBFeHBlcmllbmNlIFs0MF0=,,,,,WzQwXSBDYXRhZG9yIGRlIE9zdHJhcw==,,RXhwZXJpZW5jaWEgZGUgZXh0cmFjY2nDs24gZGUgY2FyYWNvbGFzIG1hcmluYXMgWzQwXQ==
TseBCQ,,XjhDOEM4Q0Rpc2d1c3RpbmcgT3JjcyhJbiBQcm9ncmVzcyleMDAwMDAw,,,,,XkZGNDgwMChFbSBDdXJzbykgT3JjcyBJbmZlcm5haXMgXjAwMDAwMA==,,XkEyMzE0Qk9yY29zIHJlcHVnbmFudGVzIChlbiBjdXJzbyleMDAwMDAw
T8eBCQ,,XjhDOEM4Q0Rpc2d1c3RpbmcgT3JjcyhXYWl0aW5nKV4wMDAwMDA=,,,,,XkZGNDgwMChFbSBFc3BlcmEpIE9yY3MgSW5mZXJuYWlzIF4wMDAwMDA=,,XkEyMzE0Qk9yY29zIHJlcHVnbmFudGVzIChlbiBlc3BlcmEpXjAwMDAwMA==
UMeBCQ,,RGlzZ3VzdGluZyBPcmNzIFs0MF0=,,,,,WzQwXSBPcmNzIEluZmVybmFpcw==,,T3Jjb3MgcmVwdWduYW50ZXMgWzQwXQ==
UceBCQ,,XjhDOEM4Q0EgZ3JlZWR5IHBlcnNvbiAoSW4gUHJvZ3Jlc3MpXjAwMDAwMA==,,,,,XkZGNDgwMChFbSBDdXJzbykgR2FuYW5jaW9zbyBeMDAwMDAw,,XkEyMzE0QlVuYSBwZXJzb25hIGNvZGljaW9zYSAoZW4gY3Vyc28pXjAwMDAwMA==
UseBCQ,,XjhDOEM4Q0EgZ3JlZWR5IHBlcnNvbiAoV2FpdGluZyleMDAwMDAw,,,,,XkZGNDgwMChFbSBFc3BlcmEpIEdhbmFuY2lvc28gXjAwMDAwMA==,,XkEyMzE0QlVuYSBwZXJzb25hIGNvZGljaW9zYSAoZW4gZXNwZXJhKV4wMDAwMDA=
U8eBCQ,,QSBncmVlZHkgcGVyc29uIFs0MF0=,,,,,WzQwXSBHYW5hbmNpb3Nv,,VW5hIHBlcnNvbmEgY29kaWNpb3NhIFs0MF0=
VMeBCQ,,XjhDOEM4Q09wZXJhdGlvbiBPcmMgV2lwZW91dCAoSW4gUHJvZ3Jlc3MpXjAwMDAwMA==,,,,,XkZGNDgwMChFbSBDdXJzbykgRmFtw61saWEgT3JjIF4wMDAwMDA=,,XkEyMzE0Qk9wZXJhY2nDs24gQW5pcXVpbGFjacOzbiBkZSBPcmNvcyAoZW4gY3Vyc28pXjAwMDAwMA==
VceBCQ,,XjhDOEM4Q09wZXJhdGlvbiBPcmMgV2lwZW91dCAoV2FpdGluZyleMDAwMDAw,,,,,XkZGNDgwMChFbSBFc3BlcmEpIEZhbcOtbGlhIE9yYyBeMDAwMDAw,,XkEyMzE0Qk9wZXJhY2nDs24gQW5pcXVpbGFjacOzbiBkZSBPcmNvcyAoZW4gZXNwZXJhKV4wMDAwMDA=
VseBCQ,,T3BlcmF0aW9uIE9yYyBXaXBlb3V0IFs0MF0=,,,,,WzQwXSBGYW3DrWxpYSBPcmM=,,T3BlcmFjacOzbiBBbmlxdWlsYWNpw7NuIGRlIE9yY29zIFs0MF0=
V8eBCQ,,XjhDOEM4Q0dydWVzb21lIEdvYmxpbiBDbGVhbnVwIChJbiBQcm9ncmVzcyleMDAwMDAw,,,,,XkZGNDgwMChFbSBDdXJzbykgR29ibGlucyBGZXJvemVzIF4wMDAwMDA=,,XkEyMzE0QkxpbXBpZXphIGRlIGR1ZW5kZXMgaG9ycmlwaWxhbnRlcyAoZW4gY3Vyc28pXjAwMDAwMA==
WMeBCQ,,XjhDOEM4Q0dydWVzb21lIEdvYmxpbiBDbGVhbnVwIChXYWl0aW5nKV4wMDAwMDA=,,,,,XkZGNDgwMChFbSBFc3BlcmEpIEdvYmxpbnMgRmVyb3plcyBeMDAwMDAw,,XkEyMzE0QkxpbXBpZXphIGRlIGR1ZW5kZXMgaG9ycmlwaWxhbnRlcyAoZW4gZXNwZXJhKV4wMDAwMDA=
WceBCQ,,R3J1ZXNvbWUgR29ibGluIENsZWFudXAgWzQwXQ==,,,,,WzQwXSBHb2JsaW5zIEZlcm96ZXM=,,TGltcGllemEgZGUgZHVlbmRlcyBob3JyaXBpbGFudGVzIFs0MF0=
WseBCQ,,XjhDOEM4Q1N3aWZ0IEdvYmxpbiBDbGVhbnVwIChJbiBQcm9ncmVzcyleMDAwMDAw,,,,,XkZGNDgwMChFbSBDdXJzbykgR29ibGlucyBBdHJvemVzIF4wMDAwMDA=,,XkEyMzE0QkxpbXBpZXphIGRlIGR1ZW5kZXMgdmVsb2NlcyAoZW4gY3Vyc28pXjAwMDAwMA==
W8eBCQ,,XjhDOEM4Q1N3aWZ0IEdvYmxpbiBDbGVhbnVwIChXYWl0aW5nKV4wMDAwMDA=,,,,,XkZGNDgwMChFbSBFc3BlcmEpIEdvYmxpbnMgQXRyb3plcyBeMDAwMDAw,,XkEyMzE0QkxpbXBpZXphIGRlIGR1ZW5kZXMgdmVsb2NlcyAoZW4gZXNwZXJhKV4wMDAwMDA=
XMeBCQ,,U3dpZnQgR29ibGluIENsZWFudXAgWzQwXQ==,,,,,WzQwXSBHb2JsaW5zIEF0cm96ZXM=,,TGltcGllemEgZGUgZHVlbmRlcyB2ZWxvY2VzIFs0MF0=
XceBCQ,,XjhDOEM4Q1RvdWdoIEZlbGxvd3MgKEluIFByb2dyZXNzKV4wMDAwMDA=,,,,,XkZGNDgwMChFbSBDdXJzbykgR29ibGlucyBWZWxvemVzIF4wMDAwMDA=,,XkEyMzE0QkNvbXBhw7Flcm9zIHJ1ZG9zIChlbiBjdXJzbyleMDAwMDAw
XseBCQ,,XjhDOEM4Q1RvdWdoIEZlbGxvd3MgKFdhaXRpbmcpXjAwMDAwMA==,,,,,XkZGNDgwMChFbSBFc3BlcmEpIEdvYmxpbnMgVmVsb3plcyBeMDAwMDAw,,XkEyMzE0QkNvbXBhw7Flcm9zIHJ1ZG9zIChlbiBlc3BlcmEpXjAwMDAwMA==
X8eBCQ,,VG91Z2ggRmVsbG93cyBbNTBd,,,,,WzUwXSBHb2JsaW5zIFZlbG96ZXM=,,Q29tcGHDsWVyb3MgcnVkb3MgWzUwXQ==
YMeBCQ,,XjhDOEM4Q0VnZ3MgYW5kIEdyYXNzaG9wcGVycyAoSW4gUHJvZ3Jlc3MpXjAwMDAwMA==,,,,,XkZGNDgwMChFbSBDdXJzbykgRXN0cmFuaG9zIGRvIERlc2VydG8gXjAwMDAwMA==,,XkEyMzE0Qkh1ZXZvcyB5IHNhbHRhbW9udGVzIChlbiBjdXJzbyleMDAwMDAw
YceBCQ,,XjhDOEM4Q0VnZ3MgYW5kIEdyYXNzaG9wcGVycyAoV2FpdGluZyleMDAwMDAw,,,,,XkZGNDgwMChFbSBFc3BlcmEpIEVzdHJhbmhvcyBkbyBEZXNlcnRvIF4wMDAwMDA=,,XkEyMzE0Qkh1ZXZvcyB5IHNhbHRhbW9udGVzIChlbiBlc3BlcmEpXjAwMDAwMA==
YseBCQ,,RWdncyBhbmQgR3Jhc3Nob3BwZXJzIFs0MF0=,,,,,WzQwXSBFc3RyYW5ob3MgZG8gRGVzZXJ0bw==,,SHVldm9zIHkgc2FsdGFtb250ZXMgWzQwXQ==
Y8eBCQ,,XjhDOEM4Q0NvbGxlY3RpbmcgU2FtcGxlcyBpcyBIYXJkZXIgdGhhbiBpdCBBcHBlYXJzISAoSW4gUHJvZ3Jlc3MpXjAwMDAwMA==,,,,,XkZGNDgwMChFbSBDdXJzbykgQmlvbG9naWEgTWFyaW5oYSBeMDAwMDAw,,XkEyMzE0QsKhUmVjb2xlY3RhciBtdWVzdHJhcyBlcyBtw6FzIGRpZsOtY2lsIGRlIGxvIHF1ZSBwYXJlY2UhIChlbiBjdXJzbyleMDAwMDAw
ZMeBCQ,,XjhDOEM4Q0NvbGxlY3RpbmcgU2FtcGxlcyBpcyBIYXJkZXIgdGhhbiBpdCBBcHBlYXJzISAoV2FpdGluZyleMDAwMDAw,,,,,XkZGNDgwMChFbSBFc3BlcmEpIEJpb2xvZ2lhIE1hcmluaGEgXjAwMDAwMA==,,XkEyMzE0QsKhUmVjb2xlY3RhciBtdWVzdHJhcyBlcyBtw6FzIGRpZsOtY2lsIGRlIGxvIHF1ZSBwYXJlY2UhIChlbiBlc3BlcmEpXjAwMDAwMA==
ZceBCQ,,Q29sbGVjdGluZyBTYW1wbGVzIGlzIEhhcmRlciB0aGFuIGl0IEFwcGVhcnMhIFs0MF0=,,,,,WzQwXSBCaW9sb2dpYSBNYXJpbmhh,,wqFSZWNvbGVjdGFyIG11ZXN0cmFzIGVzIG3DoXMgZGlmw61jaWwgZGUgbG8gcXVlIHBhcmVjZSEgWzQwXQ==
ZseBCQ,,XjhDOEM4Q0dvIHdpdGggdGhlIFRpZGUgKEluIFByb2dyZXNzKV4wMDAwMDA=,,,,,XkZGNDgwMChFbSBDdXJzbykgQW11bGV0byBkZSBDYXJhbmd1ZWpvIF4wMDAwMDA=,,XkEyMzE0QlNlZ3VpciBsYSBjb3JyaWVudGUgKGVuIGN1cnNvKV4wMDAwMDA=
Z8eBCQ,,XjhDOEM4Q0dvIHdpdGggdGhlIFRpZGUgKFdhaXRpbmcpXjAwMDAwMA==,,,,,XkZGNDgwMChFbSBFc3BlcmEpIEFtdWxldG8gZGUgQ2FyYW5ndWVqbyBeMDAwMDAw,,XkEyMzE0QlNlZ3VpciBsYSBjb3JyaWVudGUgKGVuIGVzcGVyYSleMDAwMDAw
aMeBCQ,,R28gd2l0aCB0aGUgVGlkZSBbNDBd,,,,,WzQwXSBBbXVsZXRvIGRlIENhcmFuZ3Vlam8=,,U2VndWlyIGxhIGNvcnJpZW50ZSBbNDBd
aceBCQ,,XjhDOEM4Q0tpbmRuZXNzIHRvIGEgRnJpZW5kIChJbiBQcm9ncmVzcyleMDAwMDAw,,,,,XkZGNDgwMChFbSBDdXJzbykgQ3VpZGFuZG8gZG8gR3J1cG8gXjAwMDAwMA==,,XkEyMzE0QkhveSBwb3IgdGksIG1hw7FhbmEgcG9yIG3DrSAoZW4gY3Vyc28pXjAwMDAwMA==
aseBCQ,,XjhDOEM4Q0tpbmRuZXNzIHRvIGEgRnJpZW5kIChXYWl0aW5nKV4wMDAwMDA=,,,,,XkZGNDgwMChFbSBFc3BlcmEpIEN1aWRhbmRvIGRvIEdydXBvIF4wMDAwMDA=,,XkEyMzE0QkhveSBwb3IgdGksIG1hw7FhbmEgcG9yIG3DrSAoZW4gZXNwZXJhKV4wMDAwMDA=
a8eBCQ,,S2luZG5lc3MgdG8gYSBGcmllbmQgWzUwXQ==,,,,,WzUwXSBDdWlkYW5kbyBkbyBHcnVwbw==,,SG95IHBvciB0aSwgbWHDsWFuYSBwb3IgbcOtIFs1MF0=
bMeBCQ,,XjhDOEM4Q0RlbGl2ZXIgdGhlIEluZ3JlZGllbnRzIChJbiBQcm9ncmVzcyleMDAwMDAw,,,,,XkZGNDgwMChFbSBDdXJzbykgSW5ncmVkaWVudGVzIEN1bGluw6FyaW9zIF4wMDAwMDA=,,XkEyMzE0QkVudHJlZ2FyIGxvcyBpbmdyZWRpZW50ZXMgKGVuIGN1cnNvKV4wMDAwMDA=
bceBCQ,,XjhDOEM4Q0RlbGl2ZXIgdGhlIEluZ3JlZGllbnRzIChXYWl0aW5nKV4wMDAwMDA=,,,,,XkZGNDgwMChFbSBFc3BlcmEpIEluZ3JlZGllbnRlcyBDdWxpbsOhcmlvcyBeMDAwMDAw,,XkEyMzE0QkVudHJlZ2FyIGxvcyBpbmdyZWRpZW50ZXMgKGVuIGVzcGVyYSleMDAwMDAw
bseBCQ,,RGVsaXZlciB0aGUgSW5ncmVkaWVudHMgWzUwXQ==,,,,,WzUwXSBJbmdyZWRpZW50ZXMgQ3VsaW7DoXJpb3M=,,RW50cmVnYXIgbG9zIGluZ3JlZGllbnRlcyBbNTBd
b8eBCQ,,XjhDOEM4Q0RyZWFtIExvdmVyIChJbiBQcm9ncmVzcyleMDAwMDAw,,,,,XkZGNDgwMChFbSBDdXJzbykgU2VyZWlhIEVuY2FudGFkb3JhIF4wMDAwMDA=,,XkEyMzE0QlNpcmVuYSBhIGxhIHZpc3RhIChlbiBjdXJzbyleMDAwMDAw
cMeBCQ,,XjhDOEM4Q0RyZWFtIExvdmVyIChXYWl0aW5nKV4wMDAwMDA=,,,,,XkZGNDgwMChFbSBFc3BlcmEpIFNlcmVpYSBFbmNhbnRhZG9yYSBeMDAwMDAw,,XkEyMzE0QlNpcmVuYSBhIGxhIHZpc3RhIChlbiBlc3BlcmEpXjAwMDAwMA==
cceBCQ,,RHJlYW0gTG92ZXIgWzUwXQ==,,,,,WzUwXSBTZXJlaWEgRW5jYW50YWRvcmE=,,U2lyZW5hIGEgbGEgdmlzdGEgWzUwXQ==
cseBCQ,,XjhDOEM4Q0Fubm95aW5nIEd1YXJkcyAoSW4gUHJvZ3Jlc3MpXjAwMDAwMA==,,,,,XkZGNDgwMChFbSBDdXJzbykgRGV1cyBkb3MgT2NlYW5vcyBeMDAwMDAw,,XkEyMzE0QkVzdG9yYm8gZGUgZ3VhcmRpYXMgKGVuIGN1cnNvKV4wMDAwMDA=
c8eBCQ,,XjhDOEM4Q0Fubm95aW5nIEd1YXJkcyAoV2FpdGluZyleMDAwMDAw,,,,,XkZGNDgwMChFbSBFc3BlcmEpIERldXMgZG9zIE9jZWFub3MgXjAwMDAwMA==,,XkEyMzE0QkVzdG9yYm8gZGUgZ3VhcmRpYXMgKGVuIGVzcGVyYSleMDAwMDAw
dMeBCQ,,QW5ub3lpbmcgR3VhcmRzIFs1MF0=,,,,,WzUwXSBEZXVzIGRvcyBPY2Vhbm9z,,RXN0b3JibyBkZSBndWFyZGlhcyBbNTBd
dceBCQ,,XjhDOEM4Q011bW15IGFuZCBhbiBPbGQgQmx1ZSBCb3ggKEluIFByb2dyZXNzKV4wMDAwMDA=,,,,,XkZGNDgwMChFbSBDdXJzbykgQSBDYWl4YSBkYSBNw7ptaWEgXjAwMDAwMA==,,XkEyMzE0Qk1vbWlhIHkgdW5hIGNhamEgbWlzdGVyaW9zYSAoZW4gY3Vyc28pXjAwMDAwMA==
dseBCQ,,XjhDOEM4Q011bW15IGFuZCBhbiBPbGQgQmx1ZSBCb3ggKFdhaXRpbmcpXjAwMDAwMA==,,,,,XkZGNDgwMChFbSBFc3BlcmEpIEEgQ2FpeGEgZGEgTcO6bWlhIF4wMDAwMDA=,,XkEyMzE0Qk1vbWlhIHkgdW5hIGNhamEgbWlzdGVyaW9zYSAoZW4gZXNwZXJhKV4wMDAwMDA=
d8eBCQ,,TXVtbXkgYW5kIGFuIE9sZCBCbHVlIEJveCBbNDBd,,,,,WzQwXSBBIENhaXhhIGRhIE3Dum1pYQ==,,TW9taWEgeSB1bmEgY2FqYSBtaXN0ZXJpb3NhIFs0MF0=
eMeBCQ,,XjhDOEM4Q0luc29tbmlhYyAoSW4gUHJvZ3Jlc3MpXjAwMDAwMA==,,,,,XkZGNDgwMChFbSBDdXJzbykgUHJlY2lzbyBEb3JtaXIhIF4wMDAwMDA=,,XkEyMzE0Qkluc29tbmlvIChlbiBjdXJzbyleMDAwMDAw
eceBCQ,,XjhDOEM4Q0luc29tbmlhYyAoV2FpdGluZyleMDAwMDAw,,,,,XkZGNDgwMChFbSBFc3BlcmEpIFByZWNpc28gRG9ybWlyISBeMDAwMDAw,,XkEyMzE0Qkluc29tbmlvIChlbiBlc3BlcmEpXjAwMDAwMA==
eseBCQ,,SW5zb21uaWFjIFs1MF0=,,,,,WzUwXSBQcmVjaXNvIERvcm1pciE=,,SW5zb21uaW8gWzUwXQ==
e8eBCQ,,XjhDOEM4Q0RlZmVhdCBJc2lzIChJbiBQcm9ncmVzcyleMDAwMDAw,,,,,XkZGNDgwMChFbSBDdXJzbykgTWV0YWRlIENvYnJhIF4wMDAwMDA=,,XkEyMzE0QkRlcnJvdGEgYSBJc2lzIChlbiBjdXJzbyleMDAwMDAw
fMeBCQ,,XjhDOEM4RGVmZWF0IElzaXMgKFdhaXRpbmcpXjAwMDAwMA==,,,,,XkZGNDgwMChFbSBFc3BlcmEpIE1ldGFkZSBDb2JyYSBeMDAwMDAw,,XjE0MkNFQkRlcnJvdGEgYSBJc2lzIChlbiBlc3BlcmEpXjAwMDAwMA==
fceBCQ,,RGVmZWF0IElzaXMgWzYwXQ==,,,,,WzYwXSBNZXRhZGUgQ29icmE=,,RGVycm90YSBhIElzaXMgWzYwXQ==
fseBCQ,,XjhDOEM4Q1NwaGlueCdzIFdvcmtlcnMgKEluIFByb2dyZXNzKV4wMDAwMDA=,,,,,XkZGNDgwMChFbSBDdXJzbykgUGVkcmVpcm9zIF4wMDAwMDA=,,XkEyMzE0QlRyYWJhamFkb3JlcyBkZSBsYSBlc2ZpbmdlIChlbiBjdXJzbyleMDAwMDAw
f8eBCQ,,XjhDOEM4Q1NwaGlueCdzIFdvcmtlcnMgKFdhaXRpbmcpXjAwMDAwMA==,,,,,XkZGNDgwMChFbSBFc3BlcmEpIFBlZHJlaXJvcyBeMDAwMDAw,,XkEyMzE0QlRyYWJhamFkb3JlcyBkZSBsYSBlc2ZpbmdlIChlbiBlc3BlcmEpXjAwMDAwMA==
gMeBCQ,,U3BoaW54J3MgV29ya2VycyBbNjBd,,,,,WzYwXSBQZWRyZWlyb3M=,,VHJhYmFqYWRvcmVzIGRlIGxhIGVzZmluZ2UgWzYwXQ==
gceBCQ,,XjhDOEM4Q1NlY3JldCBvZiB0aGUgU3BoaW54IChJbiBQcm9ncmVzcyleMDAwMDAw,,,,,XkZGNDgwMChFbSBDdXJzbykgRW5pZ21hIGRhIEVzZmluZ2UgXjAwMDAwMA==,,XkEyMzE0QkVsIHNlY3JldG8gZGUgbGEgZXNmaW5nZSAoZW4gY3Vyc28pXjAwMDAwMA==
gseBCQ,,XjhDOEM4Q1NlY3JldCBvZiB0aGUgU3BoaW54IChXYWl0aW5nKV4wMDAwMDA=,,,,,XkZGNDgwMChFbSBFc3BlcmEpIEVuaWdtYSBkYSBFc2ZpbmdlIF4wMDAwMDA=,,XkEyMzE0QkVsIHNlY3JldG8gZGUgbGEgZXNmaW5nZSAoZW4gZXNwZXJhKV4wMDAwMDA=
g8eBCQ,,U2VjcmV0IG9mIHRoZSBTcGhpbnggWzYwXQ==,,,,,WzYwXSBFbmlnbWEgZGEgRXNmaW5nZQ==,,RWwgc2VjcmV0byBkZSBsYSBlc2ZpbmdlIFs2MF0=
hMeBCQ,,XjhDOEM4Q0d1eXMgd2hvIGdldCBpbiB0aGUgd2F5IChJbiBQcm9ncmVzcyleMDAwMDAw,,,,,XkZGNDgwMChFbSBDdXJzbykgQXJlaWEgTW92ZWRpw6dhIF4wMDAwMDA=,,XkEyMzE0QlRpcG9zIHF1ZSBlc3RvcmJhbiAoZW4gY3Vyc28pXjAwMDAwMA==
hceBCQ,,XjhDOEM4Q0d1eXMgd2hvIGdldCBpbiB0aGUgd2F5IChXYWl0aW5nKV4wMDAwMDA=,,,,,XkZGNDgwMChFbSBFc3BlcmEpIEFyZWlhIE1vdmVkacOnYSBeMDAwMDAw,,XkEyMzE0QlRpcG9zIHF1ZSBlc3RvcmJhbiAoZW4gZXNwZXJhKV4wMDAwMDA=
hseBCQ,,R3V5cyB3aG8gZ2V0IGluIHRoZSB3YXkgWzUwXQ==,,,,,WzUwXSBBcmVpYSBNb3ZlZGnDp2E=,,VGlwb3MgcXVlIGVzdG9yYmFuIFs1MF0=
h8eBCQ,,XjhDOEM4Q1NvdWwgUHVyaWZpY2F0aW9uIFJpdHVhbCAoSW4gUHJvZ3Jlc3MpXjAwMDAwMA==,,,,,XkZGNDgwMChFbSBDdXJzbykgUml0dWFsIGRlIEV4b3JjaXNtbyBeMDAwMDAw,,XkEyMzE0QlJpdHVhbCBkZSBwdXJpZmljYWNpw7NuIGRlbCBhbG1hIChlbiBjdXJzbyleMDAwMDAw
iMeBCQ,,XjhDOEM4Q1NvdWwgUHVyaWZpY2F0aW9uIFJpdHVhbCAoV2FpdGluZyleMDAwMDAw,,,,,XkZGNDgwMChFbSBFc3BlcmEpIFJpdHVhbCBkZSBFeG9yY2lzbW8gXjAwMDAwMA==,,XkEyMzE0QlJpdHVhbCBkZSBwdXJpZmljYWNpw7NuIGRlbCBhbG1hIChlbiBlc3BlcmEpXjAwMDAwMA==
iceBCQ,,U291bCBQdXJpZmljYXRpb24gUml0dWFsIFs1MF0=,,,,,WzUwXSBSaXR1YWwgZGUgRXhvcmNpc21v,,Uml0dWFsIGRlIHB1cmlmaWNhY2nDs24gZGVsIGFsbWEgWzUwXQ==
iseBCQ,,XjhDOEM4Q1RoZSBCZXN0IE1lZGljaW5lIChJbiBQcm9ncmVzcyleMDAwMDAw,,,,,XkZGNDgwMChFbSBDdXJzbykgT2ZlcmVuZGEgYW9zIEVzcMOtcml0b3MgXjAwMDAwMA==,,XkEyMzE0QkxhIG1lam9yIG1lZGljaW5hIChlbiBjdXJzbyleMDAwMDAw
i8eBCQ,,XjhDOEM4Q1RoZSBCZXN0IE1lZGljaW5lIChXYWl0aW5nKV4wMDAwMDA=,,,,,XkZGNDgwMChFbSBFc3BlcmEpIE9mZXJlbmRhIGFvcyBFc3DDrXJpdG9zIF4wMDAwMDA=,,XkEyMzE0QkxhIG1lam9yIG1lZGljaW5hIChlbiBlc3BlcmEpXjAwMDAwMA==
jMeBCQ,,VGhlIEJlc3QgTWVkaWNpbmUgWzUwXQ==,,,,,WzUwXSBPZmVyZW5kYSBhb3MgRXNww61yaXRvcw==,,TGEgbWVqb3IgbWVkaWNpbmEgWzUwXQ==
jceBCQ,,XjhDOEM4Q1RyYWNlcyBvZiBHcmVhdCBNYWdpYyAoSW4gUHJvZ3Jlc3MpXjAwMDAwMA==,,,,,XkZGNDgwMChFbSBDdXJzbykgQ2hlaXJvIGRlIE1hZ2lhIF4wMDAwMDA=,,XkEyMzE0QlJhc3Ryb3MgZGUgbWFnaWEgKGVuIGN1cnNvKV4wMDAwMDA=
jseBCQ,,XjhDOEM4Q1RyYWNlcyBvZiBHcmVhdCBNYWdpYyAoV2FpdGluZyleMDAwMDAw,,,,,XkZGNDgwMChFbSBFc3BlcmEpIENoZWlybyBkZSBNYWdpYSBeMDAwMDAw,,XkEyMzE0QlJhc3Ryb3MgZGUgbWFnaWEgKGVuIGVzcGVyYSleMDAwMDAw
j8eBCQ,,VHJhY2VzIG9mIEdyZWF0IE1hZ2ljIFs1MF0=,,,,,WzUwXSBDaGVpcm8gZGUgTWFnaWE=,,UmFzdHJvcyBkZSBtYWdpYSBbNTBd
kMeBCQ,,XjhDOEM4Q0h1bnRlcmZseSBIdW50aW5nIChJbiBQcm9ncmVzcyleMDAwMDAw,,,,,XkZGNDgwMChFbSBDdXJzbykgQ2HDp2Egw6AgQ2HDp2Fkb3JhIF4wMDAwMDA=,,XkEyMzE0QkNhY2Vyw61hIGRlIGxhIG1vc2NhIGNhemFkb3JhIChlbiBjdXJzbyleMDAwMDAw
kceBCQ,,XjhDOEM4Q0h1bnRlcmZseSBIdW50aW5nIChXYWl0aW5nKV4wMDAwMDA=,,,,,XkZGNDgwMChFbSBFc3BlcmEpIENhw6dhIMOgIENhw6dhZG9yYSBeMDAwMDAw,,XkEyMzE0QkNhY2Vyw61hIGRlIGxhIG1vc2NhIGNhemFkb3JhIChlbiBlc3BlcmEpXjAwMDAwMA==
kseBCQ,,SHVudGVyZmx5IEh1bnRpbmcgWzU1XQ==,,,,,WzU1XSBDYcOnYSDDoCBDYcOnYWRvcmE=,,Q2FjZXLDrWEgZGUgbGEgbW9zY2EgY2F6YWRvcmEgWzU1XQ==
k8eBCQ,,XjhDOEM4Q0dob3VsIGFuZCBKYWtrIEh1bnRpbmcgKEluIFByb2dyZXNzKV4wMDAwMDA=,,,,,XjhDOEM4KEVtIEN1cnNvKSBDTWFnaWEgTWFsaWduYSBeMDAwMDAw,,XkEyMzE0QkNhY2Vyw61hIGRlIE5lY3LDs2ZhZ29zIHkgSmFrayAoZW4gY3Vyc28pXjAwMDAwMA==
lMeBCQ,,XjhDOEM4Q0dob3VsIGFuZCBKYWtrIEh1bnRpbmcgKFdhaXRpbmcpXjAwMDAwMA==,,,,,XkZGNDgwMChFbSBFc3BlcmEpIE1hZ2lhIE1hbGlnbmEgXjAwMDAwMA==,,XkEyMzE0QkNhY2Vyw61hIGRlIE5lY3LDs2ZhZ29zIHkgSmFrayAoZW4gZXNwZXJhKV4wMDAwMDA=
lceBCQ,,R2hvdWwgYW5kIEpha2sgSHVudGluZyBbNTVd,,,,,WzU1XSBNYWdpYSBNYWxpZ25h,,Q2FjZXLDrWEgZGUgTmVjcsOzZmFnb3MgeSBKYWtrIFs1NV0=
lseBCQ,,XjhDOEM4Q0N1dGUgU2NvdW5kcmVscyAoSW4gUHJvZ3Jlc3MpXjAwMDAwMA==,,,,,XkZGNDgwMChFbSBDdXJzbykgQW1pZ29zIG5hIFByYWlhIF4wMDAwMDA=,,XkEyMzE0QkFkb3JhYmxlcyBtYW3DrWZlcm9zIG1hcmlub3MgKGVuIGN1cnNvKV4wMDAwMDA=
l8eBCQ,,XjhDOEM4Q0N1dGUgU2NvdW5kcmVscyAoV2FpdGluZyleMDAwMDAw,,,,,XkZGNDgwMChFbSBFc3BlcmEpIEFtaWdvcyBuYSBQcmFpYSBeMDAwMDAw,,XkEyMzE0QkFkb3JhYmxlcyBtYW3DrWZlcm9zIG1hcmlub3MgKGVuIGVzcGVyYSleMDAwMDAw
mMeBCQ,,Q3V0ZSBTY291bmRyZWxzIFs2MF0=,,,,,WzYwXSBBbWlnb3MgbmEgUHJhaWE=,,QWRvcmFibGVzIG1hbcOtZmVyb3MgbWFyaW5vcyBbNjBd
mceBCQ,,XjhDOEM4Q1N0aWZmIEZlbGxvd3MgKEluIFByb2dyZXNzKV4wMDAwMDA=,,,,,XkZGNDgwMChFbSBDdXJzbykgRHVybyBjb21vIFBlZHJhIF4wMDAwMDA=,,XkEyMzE0QkR1cm9zIGRlIHJvZXIgKGVuIGN1cnNvKV4wMDAwMDA=
mseBCQ,,XjhDOEM4Q1N0aWZmIEZlbGxvd3MgKFdhaXRpbmcpXjAwMDAwMA==,,,,,XkZGNDgwMChFbSBFc3BlcmEpIER1cm8gY29tbyBQZWRyYSBeMDAwMDAw,,XkEyMzE0QkR1cm9zIGRlIHJvZXIgKGVuIGVzcGVyYSleMDAwMDAw
m8eBCQ,,U3RpZmYgRmVsbG93cyBbNjBd,,,,,WzYwXSBEdXJvIGNvbW8gUGVkcmE=,,RHVyb3MgZGUgcm9lciBbNjBd
nMeBCQ,,XjhDOEM4Q0dyb3NzIEZlbGxvd3MgKEluIFByb2dyZXNzKV4wMDAwMDA=,,,,,XkZGNDgwMChFbSBDdXJzbykgQSBDb3IgVmVyZGUgXjAwMDAwMA==,,XkEyMzE0QkN1ZW50YSBwZW5kaWVudGUgKGVuIGN1cnNvKV4wMDAwMDA=
nceBCQ,,XjhDOEM4Q0dyb3NzIEZlbGxvd3MgKFdhaXRpbmcpXjAwMDAwMA==,,,,,XkZGNDgwMChFbSBFc3BlcmEpIEEgQ29yIFZlcmRlIF4wMDAwMDA=,,XkEyMzE0QkN1ZW50YSBwZW5kaWVudGUgKGVuIGVzcGVyYSleMDAwMDAw
nseBCQ,,R3Jvc3MgRmVsbG93cyBbNjBd,,,,,WzYwXSBBIENvciBWZXJkZQ==,,Q3VlbnRhIHBlbmRpZW50ZSBbNjBd
n8eBCQ,,U2hpcHdyZWNrIFs0MF0=,,,,,WzQwXSBOYXZpbyBGYW50YXNtYQ==,,QmFuY28gaHVuZGlkbyBbNDBd
oMeBCQ,,SHVnZWwgWzQwXQ==,,,,,WzQwXSBQaGFyb3M=,,SHVnZWwgWzQwXQ==
oceBCQ,,T3JjIFZpbGxhZ2UgWzQwLTUwXQ==,,,,,WzQwLTUwXSBWaWxhIGRvcyBPcmNz,,UHVlYmxvIGRlIE9yY28gWzQwLTUwXQ==
oseBCQ,,SXpsdWRlIFs0MC01MF0=,,,,,WzQwLTUwXSBJemx1ZGU=,,SXpsdWRlIFs0MC01MF0=
o8eBCQ,,TW9ycm9jIFs0MC02MF0=,,,,,WzQwLTYwXSBNb3Jyb2M=,,TW9ycm9jIFs0MC02MF0=
pMeBCQ,,UGF5b24gRHVuZ2VvbiBbNTBd,,,,,WzUwXSBDYXZlcm5hIGRlIFBheW9u,,TWF6bW9ycmEgZGUgUGF5b24gWzUwXQ==
pceBCQ,,R2VmZmVuIER1bmdlb24gWzU1XQ==,,,,,WzU1XSBUb3JyZSBkZSBHZWZmZW4=,,TWF6bW9ycmEgZGUgR2VmZmVuIFs1NV0=
pseBCQ,,Q29tb2RvIFs2MF0=,,,,,WzYwXSBDb21vZG8=,,Q29tb2RvIFs2MF0=
p8eBCQ,,W1JlcXVlc3QgQ29tcGxldGVkXQpMb2NhdGlvbjogU2hpcHdyZWNrIDFGClRhcmdldDogRGVmZWF0IDIwIFBpcmF0ZSBTa2VsZXRvbgpSZXdhcmQ6IEV4cCAxMjkwMCwgSmV4cCAxNDQwMA==,,,,,W01pc3PDo28gY29tcGxldGFdCkxvY2FsOiBOYXZpbyBGYW50YXNtYSAxwrogcGlzbwpPYmpldGl2bzogQ2HDp2FyIDIwIEVzcXVlbGV0b3MgUGlyYXRhcwpSZWNvbXBlbnNhOiBeMzEzMUZGQsO0bnVzIGRvIEV2ZW50byArXjAwMDAwMCBFWFAgYmFzZSA4NjAwLCBFWFAgY2xhc3NlIDk2MDA=,,W1NvbGljaXR1ZCBjb21wbGV0YWRhXQpVYmljYWNpw7NuOiBCYW5jbyBodW5kaWRvUDEuCk9iamV0aXZvOiBEZXJyb3RhIGEgMjBFc3F1ZWxldG9zIHBpcmF0YXMuClByZW1pbzogMTI5MDBkZUVYUCB5IDE0NDAwZGVFWFBkZWNsYXNlLg==
qMeBCQ,,W1RpbW90aHkncyBSZXF1ZXN0LCBOb3J0aGVybiBBbGJlcnRhXQpMb2NhdGlvbjogU2hpcHdyZWNrIDFGClRhcmdldDogRGVmZWF0IDIwIFBpcmF0ZSBTa2VsZXRvbgpSZXdhcmQ6IEV4cCAxMjkwMCwgSmV4cCAxNDQwMA==,,,,,W1NvbGljaXRhw6fDo29dCkxvY2FsOiBOYXZpbyBGYW50YXNtYSAxwrogcGlzbwpPYmpldGl2bzogQ2HDp2FyIDIwIEVzcXVlbGV0b3MgUGlyYXRhcwpSZWNvbXBlbnNhOiBeMzEzMUZGQsO0bnVzIGRvIEV2ZW50byArXjAwMDAwMCBFWFAgYmFzZSA4NjAwLCBFWFAgY2xhc3NlIDk2MDA=,,W1NvbGljaXR1ZCBkZSBUaW1vdGh5LCBub3J0ZSBkZSBBbGJlcnRhXQpVYmljYWNpw7NuOiBCYW5jbyBodW5kaWRvUDEuCk9iamV0aXZvOiBEZXJyb3RhIGEgMjBFc3F1ZWxldG9zIHBpcmF0YXMuClByZW1pbzogMTI5MDBkZUVYUCB5IDE0NDAwZGVFWFBkZWNsYXNlLg==
qceBCQ,,VGltb3RoeSdzIFJlcXVlc3QsIE5vcnRoZXJuIEFsYmVydGEKXjRENERGRltGcmllbmRzIFJlc2N1ZV1eMDAwMDAwIFF1ZXN0IGFjY2VwdGVkLg==,,,,,W1NvbGljaXRhw6fDo29dCl4zMTMxRkZbUmVzZ2F0YXIgQW1pZ29zXV4wMDAwMDAgZm9pIGFjZWl0YS4=,,U29saWNpdHVkIGRlIFRpbW90aHksIG5vcnRlIGRlIEFsYmVydGEKXjRENERGRltBbWlnb3MgYWwgcmVzY2F0ZV1eMDAwMDAwOiBtaXNpw7NuIGFjZXB0YWRhLg==
qseBCQ,,W1JlcXVlc3QgQ29tcGxldGVkXQpMb2NhdGlvbjogU2hpcHdyZWNrIDFGClRhcmdldDogRGVmZWF0IDEwIEt1a3JlClJld2FyZDogRXhwIDk3NTAsIEpleHAgOTc1MA==,,,,,W01pc3PDo28gY29tcGxldGFdCkxvY2FsOiBOYXZpbyBGYW50YXNtYSAxwrogcGlzbwpPYmpldGl2bzogQ2HDp2FyIDEwIEt1a3JlcwpSZWNvbXBlbnNhOiBeMzEzMUZGQsO0bnVzIGRvIEV2ZW50byArXjAwMDAwMCBFWFAgYmFzZSA2NTAwLCBFWFAgY2xhc3NlIDY1MDA=,,W1NvbGljaXR1ZCBjb21wbGV0YWRhXQpVYmljYWNpw7NuOiBCYW5jbyBodW5kaWRvUDEuCk9iamV0aXZvOiBEZXJyb3RhIGEgMTBLdWtyZS4KUHJlbWlvOiA5NzUwZGVFWFAgeSA5NzUwZGVFWFBkZWNsYXNlLg==
q8eBCQ,,W1JlcXVlc3QgZnJvbSBab25kYSBwcm9tb3RlciBpbnNpZGUgQWxiZXJ0YSBidWlsZGluZ10KTG9jYXRpb246IFNoaXB3cmVjayAxRgpUYXJnZXQ6IERlZmVhdCAxMCBLdWtyZQpSZXdhcmQ6IEV4cCA5NzUwLCBKZXhwIDk3NTA=,,,,,W1NvbGljaXRhw6fDo29dCkxvY2FsOiBOYXZpbyBGYW50YXNtYSAxwrogcGlzbwpPYmpldGl2bzogQ2HDp2FyIDEwIEt1a3JlcwpSZWNvbXBlbnNhOiBeMzEzMUZGQsO0bnVzIGRvIEV2ZW50byArXjAwMDAwMCBFWFAgYmFzZSA2NTAwLCBFWFAgY2xhc3NlIDY1MDA=,,W1NvbGljaXR1ZCBkZWwgcHJvbW90b3IgZGVsIFpvbmRhIGRlbnRybyBkZSB1biBlZGlmaWNpbyBkZSBBbGJlcnRhXQpVYmljYWNpw7NuOiBCYW5jbyBodW5kaWRvUDEuCk9iamV0aXZvOiBEZXJyb3RhIGEgMTBLdWtyZS4KUHJlbWlvOiA5NzUwZGVFWFAgeSA5NzUwZGVFWFBkZWNsYXNlLg==
rMeBCQ,,UmVxdWVzdCBmcm9tIFpvbmRhIHByb21vdGVyIGluc2lkZSBBbGJlcnRhIGJ1aWxkaW5nCl40RDRERkZbRWF0aW5nIEt1a3JlIExpdmVyXV4wMDAwMDAgUXVlc3QgYWNjZXB0ZWQu,,,,,W1NvbGljaXRhw6fDo29dCl4zMTMxRkZbQmFyYXRhIGRvIE1hcl1eMDAwMDAwIGZvaSBhY2VpdGEu,,U29saWNpdHVkIGRlbCBwcm9tb3RvciBkZWwgWm9uZGEgZGVudHJvIGRlIHVuIGVkaWZpY2lvIGRlIEFsYmVydGEKXjRENERGRltUb3JjZXIgZWwgcGVzY3Vlem8gZGUgS3VrcmVdXjAwMDAwMDogbWlzacOzbiBhY2VwdGFkYS4=
rceBCQ,,W1JlcXVlc3QgQ29tcGxldGVkXQpMb2NhdGlvbjogU2hpcHdyZWNrIDFGClRhcmdldDogSGlkZSAxMCBPbGQgQ29pbgpSZXdhcmQ6IEV4cCAxMDUwMCwgSmV4cCAxMDUwMA==,,,,,W01pc3PDo28gY29tcGxldGFdCkxvY2FsOiBOYXZpbyBGYW50YXNtYSAxwrogcGlzbwpPYmpldGl2bzogRXNjb25kYSAxMCBEb2Jyw7VlcwpSZWNvbXBlbnNhOiBeMzEzMUZGQsO0bnVzIGRvIEV2ZW50byArXjAwMDAwMCBFWFAgYmFzZSA3MDAwLCBFWFAgY2xhc3NlIDcwMDA=,,W1NvbGljaXR1ZCBjb21wbGV0YWRhXQpVYmljYWNpw7NuOiBCYW5jbyBodW5kaWRvUDEuCk9iamV0aXZvOiBPY3VsdGFyIDEwTW9uZWRhcyBhbnRpZ3Vhcy4KUHJlbWlvOiAxMDUwMGRlRVhQIHkgMTA1MDBkZUVYUGRlY2xhc2Uu
rseBCQ,,VGhpcyBpcyBhIHJlcXVlc3QgY3VycmVudGx5IGJlaW5nIGNhcnJpZWQgb3V0LgpJZiB5b3UgcnVuIG91dCBvZiBjb2lucywgeW91IGNhbiByZWNlaXZlIGFkZGl0aW9uYWwgY29pbnMgZnJvbSBhIFpvbmRhIHByb21vdGVyLg==,,,,,QSBtaXNzw6NvIGrDoSBlc3TDoSBlbSBhbmRhbWVudG8uClNlIHZvY8OqIHBlcmRlciBhbGd1bSBEb2Jyw6NvLCBwcm9jdXJlIHBlbG8gRnVuY2lvbsOhcmlvIFpvbmRhIG5vIFNhbMOjbyBkZSBCZWxlemEgZW0gQWxiZXJ0YS4=,,RXN0YSBzb2xpY2l0dWQgYcO6biBlc3TDoSBlbiBjdXJzby4KU2kgdGUgcXVlZGFzIHNpbiBtb25lZGFzLCBwdWVkZXMgcmVjaWJpciBtb25lZGFzIGFkaWNpb25hbGVzIGRlIHVuIHByb21vdG9yIGRlIFpvbmRhLg==
r8eBCQ,,W1JlcXVlc3QgZnJvbSBab25kYSBwcm9tb3RlciBpbnNpZGUgQWxiZXJ0YSBidWlsZGluZ10KTG9jYXRpb246IFNoaXB3cmVjayAxRgpUYXJnZXQ6IEhpZGUgMTAgT2xkIENvaW4KUmV3YXJkOiBFeHAgMTA1MDAsIEpleHAgMTA1MDA=,,,,,W1NvbGljaXRhw6fDo29dCkxvY2FsOiBOYXZpbyBGYW50YXNtYSAxwrogcGlzbwpPYmpldGl2bzogRXNjb25kYSAxMCBEb2Jyw7VlcwpSZWNvbXBlbnNhOiBeMzEzMUZGQsO0bnVzIGRvIEV2ZW50byArXjAwMDAwMCBFWFAgYmFzZSA3MDAwLCBFWFAgY2xhc3NlIDcwMDA=,,W1NvbGljaXR1ZCBkZWwgcHJvbW90b3IgZGVsIFpvbmRhIGRlbnRybyBkZSB1biBlZGlmaWNpbyBkZSBBbGJlcnRhXQpVYmljYWNpw7NuOiBCYW5jbyBodW5kaWRvUDEuCk9iamV0aXZvOiBPY3VsdGFyIDEwTW9uZWRhcyBhbnRpZ3Vhcy4KUHJlbWlvOiAxMDUwMGRlRVhQIHkgMTA1MDBkZUVYUGRlY2xhc2Uu
sMeBCQ,,UmVxdWVzdCBmcm9tIFpvbmRhIHByb21vdGVyIGluc2lkZSBBbGJlcnRhIGJ1aWxkaW5nCl40RDRERkZbUG9vciBNYW4ncyBUcmVhc3VyZV1eMDAwMDAwIFF1ZXN0IGFjY2VwdGVkLg==,,,,,W01pc3PDo28gY29tcGxldGFdCkxvY2FsOiBOYXZpbyBGYW50YXNtYSAxwrogcGlzbwpPYmpldGl2bzogQ2HDp2FyIDEwIEhpZHJhcyBlIGNvbGV0YXIgMTAgT3Nzb3MsIDUgUGVsZXMgZGUgVmVybWUgZSA1IFRlbnTDoWN1bG9zClJlY29tcGVuc2E6IF4zMTMxRkZCw7RudXMgZG8gRXZlbnRvICteMDAwMDAwIEVYUCBiYXNlIDk2MDAsIEVYUCBjbGFzc2UgODI4MA==,,U29saWNpdHVkIGRlbCBwcm9tb3RvciBkZWwgWm9uZGEgZGVudHJvIGRlIHVuIGVkaWZpY2lvIGRlIEFsYmVydGEKXjRENERGRltQcmVtaW8gY29uc3VlbG9dXjAwMDAwMDogbWlzacOzbiBhY2VwdGFkYS4=
sceBCQ,,W1JlcXVlc3QgQ29tcGxldGVkXQpMb2NhdGlvbjogU2hpcHdyZWNrIDFGClRhcmdldDogRGVmZWF0IDEwIEh5ZHJhLCBjb2xsZWN0IDEwIFNrZWxldG9uIEJvbmUsIDEwIEluc2VjdCBQZWVsaW5nLCBhbmQgNSBUZW50YWNsZQpSZXdhcmQ6IEV4cCAxNDQwMCwgSmV4cCAxMjQyMA==,,,,,W1NvbGljaXRhw6fDo29dCkxvY2FsOiBOYXZpbyBGYW50YXNtYSAxwrogcGlzbwpPYmpldGl2bzogQ2HDp2FyIDEwIEhpZHJhcyBlIGNvbGV0YXIgMTAgT3Nzb3MsIDUgUGVsZXMgZGUgVmVybWUgZSA1IFRlbnTDoWN1bG9zClJlY29tcGVuc2E6IF4zMTMxRkZCw7RudXMgZG8gRXZlbnRvICteMDAwMDAwIEVYUCBiYXNlIDk2MDAsIEVYUCBjbGFzc2UgODI4MA==,,W1NvbGljaXR1ZCBjb21wbGV0YWRhXQpVYmljYWNpw7NuOiBCYW5jbyBodW5kaWRvUDEuCk9iamV0aXZvOiBEZXJyb3RhIGEgMTBIaWRyYXMgeSByZWNvbGVjdGEgMTBIdWVzb3MgZGUgZXNxdWVsZXRvLCAxMENhcGFyYXpvbmVzIGRlIGluc2VjdG8geSA1VGVudMOhY3Vsb3MuClByZW1pbzogMTQ0MDBkZUVYUCB5IDEyNDIwZGVFWFBkZWNsYXNlLg==
sseBCQ,,W1JlcXVlc3QgZnJvbSBab25kYSBwcm9tb3RlciBpbnNpZGUgQWxiZXJ0YSBidWlsZGluZ10KTG9jYXRpb246IFNoaXB3cmVjayAxRgpUYXJnZXQ6IERlZmVhdCAxMCBIeWRyYSwgY29sbGVjdCAxMCBTa2VsZXRvbiBCb25lLCAxMCBJbnNlY3QgUGVlbGluZywgYW5kIDUgVGVudGFjbGUKUmV3YXJkOiBFeHAgMTQ0MDAsIEpleHAgMTI0MjA=,,,,,W1NvbGljaXRhw6fDo29dCl4zMTMxRkZbTGltcGFuZG8gbyBOYXZpb11eMDAwMDAwIGZvaSBhY2VpdGEu,,W1NvbGljaXR1ZCBkZWwgcHJvbW90b3IgZGVsIFpvbmRhIGRlbnRybyBkZSB1biBlZGlmaWNpbyBkZSBBbGJlcnRhXQpVYmljYWNpw7NuOiBCYW5jbyBodW5kaWRvUDEuCk9iamV0aXZvOiBEZXJyb3RhIGEgMTBIaWRyYXMgeSByZWNvbGVjdGEgMTBIdWVzb3MgZGUgZXNxdWVsZXRvLCAxMENhcGFyYXpvbmVzIGRlIGluc2VjdG8geSA1VGVudMOhY3Vsb3MuClByZW1pbzogMTQ0MDBkZUVYUCB5IDEyNDIwZGVFWFBkZWNsYXNlLg==
s8eBCQ,,UmVxdWVzdCBmcm9tIFpvbmRhIHByb21vdGVyIGluc2lkZSBBbGJlcnRhIGJ1aWxkaW5nCl40RDRERkZbQ2xlYW4gU2hpcHdyZWNrIDFGXV4wMDAwMDAgUXVlc3QgYWNjZXB0ZWQu,,,,,W01pc3PDo28gY29tcGxldGFdCkxvY2FsOiBOYXZpbyBGYW50YXNtYSAywrogcGlzbwpPYmpldGl2bzogQ2HDp2FyIDEwIFN1c3N1cnJvcyBlIDEgTWFyaW5oZWlybyDDgWdpbApSZWNvbXBlbnNhOiBeMzEzMUZGQsO0bnVzIGRvIEV2ZW50byArXjAwMDAwMCBFWFAgYmFzZSAxMTgwMCwgRVhQIGNsYXNzZSA5NjAw,,U29saWNpdHVkIGRlbCBwcm9tb3RvciBkZWwgWm9uZGEgZGVudHJvIGRlIHVuIGVkaWZpY2lvIGRlIEFsYmVydGEKXjRENERGRltMaW1waWV6YSBkZWwgYmFyY28gaHVuZGlkb1AxXV4wMDAwMDA6IG1pc2nDs24gYWNlcHRhZGEu
tMeBCQ,,W1JlcXVlc3QgQ29tcGxldGVkXQpMb2NhdGlvbjogU2hpcHdyZWNrIDJGClRhcmdldDogRGVmZWF0IDEwIFdoaXNwZXIgYW5kIDEgU3dpZnQgUGlyYXRlIFNrZWxldG9uClJld2FyZDogRXhwIDE3NzAwLCBKZXhwIDE0NDAw,,,,,W1NvbGljaXRhw6fDo29dCkxvY2FsOiBOYXZpbyBGYW50YXNtYSAywrogcGlzbwpPYmpldGl2bzogQ2HDp2FyIDEwIFN1c3N1cnJvcyBlIDEgTWFyaW5oZWlybyDDgWdpbApSZWNvbXBlbnNhOiBeMzEzMUZGQsO0bnVzIGRvIEV2ZW50byArXjAwMDAwMCBFWFAgYmFzZSAxMTgwMCwgRVhQIGNsYXNzZSA5NjAw,,W1NvbGljaXR1ZCBjb21wbGV0YWRhXQpVYmljYWNpw7NuOiBCYW5jbyBodW5kaWRvUDIuCk9iamV0aXZvOiBEZXJyb3RhIGEgMTBTdXN1cnJvcyB5IDFFc3F1ZWxldG8gcGlyYXRhIHZlbG96LgpQcmVtaW86IDE3NzAwZGVFWFAgeSAxNDQwMGRlRVhQZGVjbGFzZS4=
tceBCQ,,W1JlcXVlc3QgZnJvbSBab25kYSBwcm9tb3RlciBpbnNpZGUgQWxiZXJ0YSBidWlsZGluZ10KTG9jYXRpb246IFNoaXB3cmVjayAyRgpUYXJnZXQ6IERlZmVhdCAxMCBXaGlzcGVyIGFuZCAxIFN3aWZ0IFBpcmF0ZSBTa2VsZXRvbgpSZXdhcmQ6IEV4cCAxNzcwMCwgSmV4cCAxNDQwMA==,,,,,W1NvbGljaXRhw6fDo29dCl4zMTMxRkZbTmF2aW8gQXNzb21icmFkb11eMDAwMDAwIGZvaSBhY2VpdGEu,,W1NvbGljaXR1ZCBkZWwgcHJvbW90b3IgZGVsIFpvbmRhIGRlbnRybyBkZSB1biBlZGlmaWNpbyBkZSBBbGJlcnRhXQpVYmljYWNpw7NuOiBCYW5jbyBodW5kaWRvUDIuCk9iamV0aXZvOiBEZXJyb3RhIGEgMTBTdXN1cnJvcyB5IDFFc3F1ZWxldG8gcGlyYXRhIHZlbG96LgpQcmVtaW86IDE3NzAwZGVFWFAgeSAxNDQwMGRlRVhQZGVjbGFzZS4=
tseBCQ,,UmVxdWVzdCBmcm9tIFpvbmRhIHByb21vdGVyIGluc2lkZSBBbGJlcnRhIGJ1aWxkaW5nCl40RDRERkZbQ2xlYW4gU2hpcHdyZWNrIDJGXV4wMDAwMDAgUXVlc3QgYWNjZXB0ZWQu,,,,,W01pc3PDo28gY29tcGxldGFdCkxvY2FsOiBIdWdlbApPYmpldGl2bzogQ2HDp2FyIDEwIEVzdHJlbGFzIGRvIE1hciBlIDEwIENhcmFuZ3Vlam9zClJlY29tcGVuc2E6IF4zMTMxRkZCw7RudXMgZG8gRXZlbnRvICteMDAwMDAwIEVYUCBiYXNlIDg0MDAsIEVYUCBjbGFzc2UgODM4MA==,,U29saWNpdHVkIGRlbCBwcm9tb3RvciBkZWwgWm9uZGEgZGVudHJvIGRlIHVuIGVkaWZpY2lvIGRlIEFsYmVydGEKXjRENERGRltMaW1waWV6YSBkZWwgYmFyY28gaHVuZGlkb1AyXV4wMDAwMDA6IG1pc2nDs24gYWNlcHRhZGEu
t8eBCQ,,W1JlcXVlc3QgQ29tcGxldGVkXQpMb2NhdGlvbjogSHVnZWwgU291dGggRmllbGQKVGFyZ2V0OiBEZWZlYXQgMTAgQXN0ZXIgYW5kIDEwIENyYWIKUmV3YXJkOiBFeHAgMTI2MDAsIEpleHAgMTI1NzA=,,,,,W1NvbGljaXRhw6fDo29dCkxvY2FsOiBIdWdlbApPYmpldGl2bzogQ2HDp2FyIDEwIEVzdHJlbGFzIGRvIE1hciBlIDEwIENhcmFuZ3Vlam9zClJlY29tcGVuc2E6IF4zMTMxRkZCw7RudXMgZG8gRXZlbnRvICteMDAwMDAwIEVYUCBiYXNlIDg0MDAsIEVYUCBjbGFzc2UgODM4MA==,,W1NvbGljaXR1ZCBjb21wbGV0YWRhXQpVYmljYWNpw7NuOiBDYW1wbyBzdXIgZGUgSHVnZWwuCk9iamV0aXZvOiBEZXJyb3RhIGEgMTBBc3RlciB5IDEwQ2FuZ3Jlam9zLgpQcmVtaW86IDEyNjAwZGVFWFAgeSAxMjU3MGRlRVhQZGVjbGFzZS4=
uMeBCQ,,W1JlcXVlc3QgSHVnZWwgRmlzaGVybWFuIEFpbl0KTG9jYXRpb246IEh1Z2VsIFNvdXRoIEZpZWxkClRhcmdldDogRGVmZWF0IDEwIEFzdGVyIGFuZCAxMCBDcmFiClJld2FyZDogRXhwIDEyNjAwLCBKZXhwIDEyNTcw,,,,,W1NvbGljaXRhw6fDo29dCl4zMTMxRkZbR3VlcnJhIG5hIFByYWlhXV4wMDAwMDAgZm9pIGFjZWl0YS4=,,W1NvbGljaXR1ZCBkZWwgcGVzY2Fkb3IgQWluIGRlIEh1Z2VsXQpVYmljYWNpw7NuOiBDYW1wbyBzdXIgZGUgSHVnZWwuCk9iamV0aXZvOiBEZXJyb3RhIGEgMTBBc3RlciB5IDEwQ2FuZ3Jlam9zLgpQcmVtaW86IDEyNjAwZGVFWFAgeSAxMjU3MGRlRVhQZGVjbGFzZS4=
uceBCQ,,UmVxdWVzdCBIdWdlbCBGaXNoZXJtYW4gQWluCl40RDRERkZbTm9ibGUgV2FyXV4wMDAwMDAgUXVlc3QgYWNjZXB0ZWQu,,,,,W01pc3PDo28gY29tcGxldGFdCkxvY2FsOiBIdWdlbApPYmpldGl2bzogQ2HDp2FyIDEwIE1vbHVzY29zIGUgY29sZXRhciA1IENhcm5lcyBkZSBPc3RyYQpSZWNvbXBlbnNhOiBeMzEzMUZGQsO0bnVzIGRvIEV2ZW50byArXjAwMDAwMCBFWFAgYmFzZSA4NDAwLCBFWFAgY2xhc3NlIDgzODA=,,U29saWNpdHVkIGRlbCBwZXNjYWRvciBBaW4gZGUgSHVnZWwKXjRENERGRltMYSBHdWVycmEgTm9ibGVdXjAwMDAwMDogbWlzacOzbiBhY2VwdGFkYS4=
useBCQ,,W1JlcXVlc3QgQ29tcGxldGVkXQpMb2NhdGlvbjogSHVnZWwgU291dGggRmllbGQKVGFyZ2V0OiBEZWZlYXQgMTAgU2hlbGxmaXNoIGFuZCBDb2xsZWN0IDUgQ2xhbSBGbGVzaApSZXdhcmQ6IEV4cCAxMjYwMCwgSmV4cCAxMjU3MA==,,,,,W1NvbGljaXRhw6fDo29dCkxvY2FsOiBIdWdlbApPYmpldGl2bzogQ2HDp2FyIDEwIE1vbHVzY29zIGUgY29sZXRhciA1IENhcm5lcyBkZSBPc3RyYQpSZWNvbXBlbnNhOiBeMzEzMUZGQsO0bnVzIGRvIEV2ZW50byArXjAwMDAwMCBFWFAgYmFzZSA4NDAwLCBFWFAgY2xhc3NlIDgzODA=,,W1NvbGljaXR1ZCBjb21wbGV0YWRhXQpVYmljYWNpw7NuOiBDYW1wbyBzdXIgZGUgSHVnZWwuCk9iamV0aXZvOiBEZXJyb3RhIGEgMTBNYXJpc2NvcyB5IHJlY29sZWN0YSA1cGllemFzIGRlIENhcm5lIGRlIGFsbWVqYS4KUHJlbWlvOiAxMjYwMGRlRVhQIHkgMTI1NzBkZUVYUGRlY2xhc2Uu
u8eBCQ,,W1JlcXVlc3QgSHVnZWwgRmlzaGVybWFuIEFpbl0KTG9jYXRpb246IEh1Z2VsIFNvdXRoIEZpZWxkClRhcmdldDogRGVmZWF0IDEwIFNoZWxsZmlzaCBhbmQgQ29sbGVjdCA1IENsYW0gRmxlc2gKUmV3YXJkOiBFeHAgMTI2MDAsIEpleHAgMTI1NzA=,,,,,W1NvbGljaXRhw6fDo29dCl4zMTMxRkZbQ2F0YWRvciBkZSBPc3RyYXNdXjAwMDAwMCBmb2kgYWNlaXRhLg==,,W1NvbGljaXR1ZCBkZWwgcGVzY2Fkb3IgQWluIGRlIEh1Z2VsXQpVYmljYWNpw7NuOiBDYW1wbyBzdXIgZGUgSHVnZWwuCk9iamV0aXZvOiBEZXJyb3RhIGEgMTBNYXJpc2NvcyB5IHJlY29sZWN0YSA1cGllemFzIGRlIENhcm5lIGRlIGFsbWVqYS4KUHJlbWlvOiAxMjYwMGRlRVhQIHkgMTI1NzBkZUVYUGRlY2xhc2Uu
vMeBCQ,,UmVxdWVzdCBIdWdlbCBGaXNoZXJtYW4gQWluCl40RDRERkZbU2Vhc2hlbGwgRGlnZ2luZyBFeHBlcmllbmNlXV4wMDAwMDAgUXVlc3QgYWNjZXB0ZWQu,,,,,W01pc3PDo28gY29tcGxldGFdCkxvY2FsOiBDYXZlcm5hIE9yYyAxwrogcGlzbwpPYmpldGl2bzogQ2HDp2FyIDIwIE9yY3MgRXNxdWVsZXRvcyBlIDIwIE9yY3MgWnVtYmlzClJlY29tcGVuc2E6IF4zMTMxRkZCw7RudXMgZG8gRXZlbnRvICteMDAwMDAwIEVYUCBiYXNlIDI4NzAwLCBFWFAgY2xhc3NlIDI3NDAw,,U29saWNpdHVkIGRlbCBwZXNjYWRvciBBaW4gZGUgSHVnZWwKXjRENERGRltFeHBlcmllbmNpYSBkZSBleHRyYWNjacOzbiBkZSBjYXJhY29sYXMgbWFyaW5hc11eMDAwMDAwOiBtaXNpw7NuIGFjZXB0YWRhLg==
vceBCQ,,W1JlcXVlc3QgQ29tcGxldGVkXQpMb2NhdGlvbjogT3JjIER1bmdlb24gMUYKVGFyZ2V0OiBEZWZlYXQgMjAgT3JjIFNrZWxldG9uIGFuZCAyMCBPcmMgWm9tYmllClJld2FyZDogRXhwIDQzMDUwLCBKZXhwIDQxMTAw,,,,,W1NvbGljaXRhw6fDo29dCkxvY2FsOiBDYXZlcm5hIE9yYyAxwrogcGlzbwpPYmpldGl2bzogQ2HDp2FyIDIwIE9yY3MgRXNxdWVsZXRvcyBlIDIwIE9yY3MgWnVtYmlzClJlY29tcGVuc2E6IF4zMTMxRkZCw7RudXMgZG8gRXZlbnRvICteMDAwMDAwIEVYUCBiYXNlIDI4NzAwLCBFWFAgY2xhc3NlIDI3NDAw,,W1NvbGljaXR1ZCBjb21wbGV0YWRhXQpVYmljYWNpw7NuOiBNYXptb3JyYSBkZSBvcmNvc1AxLgpPYmpldGl2bzogRGVycm90YSBhIDIwRXNxdWVsZXRvcyBvcmNvcyB5IDIwWm9tYmlzIG9yY29zLgpQcmVtaW86IDQzMDUwZGVFWFAgeSA0MTEwMGRlRVhQZGVjbGFzZS4=
vseBCQ,,W1JlcXVlc3QgZnJvbSB0aGUgbGVhZGVyIG9uIHRoZSAxRiBPcmMgRHVuZ2Vvbl0KTG9jYXRpb246IE9yYyBEdW5nZW9uIDFGClRhcmdldDogRGVmZWF0IDIwIE9yYyBTa2VsZXRvbiBhbmQgMjAgT3JjIFpvbWJpZQpSZXdhcmQ6IEV4cCA0MzA1MCwgSmV4cCA0MTEwMA==,,,,,W1NvbGljaXRhw6fDo29dCl4zMTMxRkZbT3JjcyBJbmZlcm5haXNdXjAwMDAwMCBmb2kgYWNlaXRhLg==,,W1NvbGljaXR1ZCBkZWwgbMOtZGVyIGVuIGxhIG1hem1vcnJhIGRlIG9yY29zUDFdClViaWNhY2nDs246IE1hem1vcnJhIGRlIG9yY29zUDEuCk9iamV0aXZvOiBEZXJyb3RhIGEgMjBFc3F1ZWxldG9zIG9yY29zIHkgMjBab21iaXMgb3Jjb3MuClByZW1pbzogNDMwNTBkZUVYUCB5IDQxMTAwZGVFWFBkZWNsYXNlLg==
v8eBCQ,,UmVxdWVzdCBmcm9tIHRoZSBsZWFkZXIgb24gdGhlIDFGIE9yYyBEdW5nZW9uCl40RDRERkZbRGlzZ3VzdGluZyBPcmNzXV4wMDAwMDAgUXVlc3QgYWNjZXB0ZWQu,,,,,W01pc3PDo28gY29tcGxldGFdCkxvY2FsOiBDYXZlcm5hIE9yYyAywrogcGlzbwpPYmpldGl2bzogQ2HDp2FyIDIwIFplbm9yY3MKUmVjb21wZW5zYTogXjMxMzFGRkLDtG51cyBkbyBFdmVudG8gK14wMDAwMDAgRVhQIGJhc2UgMTYwMDAsIEVYUCBjbGFzc2UgMTIwMDA=,,U29saWNpdHVkIGRlbCBsw61kZXIgZW4gbGEgbWF6bW9ycmEgZGUgb3Jjb3NQMS4KXjRENERGRltPcmNvcyByZXB1Z25hbnRlc11eMDAwMDAwOiBtaXNpw7NuIGFjZXB0YWRhLg==
wMeBCQ,,W1JlcXVlc3QgQ29tcGxldGVkXQpMb2NhdGlvbjogT3JjIER1bmdlb24gMkYKVGFyZ2V0OiBEZWZlYXQgMjAgWmVub3JjClJld2FyZDogRXhwIDI0MDAwLCBKZXhwIDE4MDAw,,,,,W1NvbGljaXRhw6fDo29dCkxvY2FsOiBDYXZlcm5hIE9yYyAywrogcGlzbwpPYmpldGl2bzogQ2HDp2FyIDIwIFplbm9yY3MKUmVjb21wZW5zYTogXjMxMzFGRkLDtG51cyBkbyBFdmVudG8gK14wMDAwMDAgRVhQIGJhc2UgMTYwMDAsIEVYUCBjbGFzc2UgMTIwMDA=,,W1NvbGljaXR1ZCBjb21wbGV0YWRhXQpVYmljYWNpw7NuOiBNYXptb3JyYSBkZSBvcmNvc1AyLgpPYmpldGl2bzogRGVycm90YSBhIDIwWmVub3JjLgpQcmVtaW86IDI0MDAwZGVFWFAgeSAxODAwMGRlRVhQZGVjbGFzZS4=
wceBCQ,,W1JlcXVlc3QgZnJvbSB0aGUgbGVhZGVyIG9uIHRoZSAyRiBPcmMgRHVuZ2Vvbl0KTG9jYXRpb246IE9yYyBEdW5nZW9uIDJGClRhcmdldDogRGVmZWF0IDIwIFplbm9yYwpSZXdhcmQ6IEV4cCAyNDAwMCwgSmV4cCAxODAwMA==,,,,,W1NvbGljaXRhw6fDo29dCl4zMTMxRkZbR2FuYW5jaW9zb11eMDAwMDAwIGZvaSBhY2VpdGEu,,W1NvbGljaXR1ZCBkZWwgbMOtZGVyIGVuIGxhIG1hem1vcnJhIGRlIG9yY29zUDJdClViaWNhY2nDs246IE1hem1vcnJhIGRlIG9yY29zUDIuCk9iamV0aXZvOiBEZXJyb3RhIGEgMjBaZW5vcmMuClByZW1pbzogMjQwMDBkZUVYUCB5IDE4MDAwZGVFWFBkZWNsYXNlLg==
wseBCQ,,UmVxdWVzdCBmcm9tIHRoZSBsZWFkZXIgb24gdGhlIDJGIE9yYyBEdW5nZW9uCl40RDRERkZbQSBncmVlZHkgcGVyc29uXV4wMDAwMDAgUXVlc3QgYWNjZXB0ZWQu,,,,,W01pc3PDo28gY29tcGxldGFdCkxvY2FsOiBWaWxhIGRvcyBPcmNzCk9iamV0aXZvOiBDYcOnYXIgMTUgR3VlcnJlaXJvcyBPcmMsIDE1IFNlbmhvcmFzIE9yYyBlIDEwIEZpbGhvdGVzIGRlIE9yYwpSZWNvbXBlbnNhOiBeMzEzMUZGQsO0bnVzIGRvIEV2ZW50byArXjAwMDAwMCBFWFAgYmFzZSAyMzUyMCwgRVhQIGNsYXNzZSAyNDMwMA==,,U29saWNpdHVkIGRlbCBsw61kZXIgZW4gbGEgbWF6bW9ycmEgZGUgb3Jjb3NQMgpeNEQ0REZGW1VuYSBwZXJzb25hIGNvZGljaW9zYV1eMDAwMDAwOiBtaXNpw7NuIGFjZXB0YWRhLg==
w8eBCQ,,W1JlcXVlc3QgQ29tcGxldGVkXQpMb2NhdGlvbjogT3JjIFZpbGxhZ2UKVGFyZ2V0OiBEZWZlYXQgMTUgT3JjIFdhcnJpb3IsIDE1IE9yYyBMYWR5LCBhbmQgMTAgT3JjIEJhYnkKUmV3YXJkOiBFeHAgMzUyODAsIEpleHAgMzY0NTA=,,,,,W1NvbGljaXRhw6fDo29dCkxvY2FsOiBWaWxhIGRvcyBPcmNzCk9iamV0aXZvOiBDYcOnYXIgMTUgR3VlcnJlaXJvcyBPcmMsIDE1IFNlbmhvcmFzIE9yYyBlIDEwIEZpbGhvdGVzIGRlIE9yYwpSZWNvbXBlbnNhOiBeMzEzMUZGQsO0bnVzIGRvIEV2ZW50byArXjAwMDAwMCBFWFAgYmFzZSAyMzUyMCwgRVhQIGNsYXNzZSAyNDMwMA==,,W1NvbGljaXR1ZCBjb21wbGV0YWRhXQpVYmljYWNpw7NuOiBQdWVibG8gZGUgT3JjbwpPYmpldGl2bzogRGVycm90YSBhIDE1R3VlcnJlcm9zIG9yY29zLCAxNURhbWFzIG9yY29zIHkgMTBCZWLDqXMgb3Jjb3MuClByZW1pbzogMzUyODBkZUVYUCB5IDM2NDUwZGVFWFBkZWNsYXNlLg==
xMeBCQ,,W1JlcXVlc3QgZnJvbSBPcmMgc3VianVnYXRpb24gdGVhbSBsZWFkZXJdCkxvY2F0aW9uOiBPcmMgVmlsbGFnZQpUYXJnZXQ6IERlZmVhdCAxNSBPcmMgV2FycmlvciwgMTUgT3JjIExhZHksIGFuZCAxMCBPcmMgQmFieQpSZXdhcmQ6IEV4cCAzNTI4MCwgSmV4cCAzNjQ1MA==,,,,,W1NvbGljaXRhw6fDo29dCl4zMTMxRkZbRmFtw61saWEgT3JjXV4wMDAwMDAgZm9pIGFjZWl0YS4=,,W1NvbGljaXR1ZCBkZWwgamVmZSBkZWwgZXF1aXBvIGRlIHN1Ynl1Z2FjacOzbiBkZSBvcmNvc10KVWJpY2FjacOzbjogUHVlYmxvIGRlIE9yY28KT2JqZXRpdm86IERlcnJvdGEgYSAxNUd1ZXJyZXJvcyBvcmNvcywgMTVEYW1hcyBvcmNvcyB5IDEwQmViw6lzIG9yY29zLgpQcmVtaW86IDM1MjgwZGVFWFAgeSAzNjQ1MGRlRVhQZGVjbGFzZS4=
xceBCQ,,UmVxdWVzdCBmcm9tIE9yYyBzdWJqdWdhdGlvbiB0ZWFtIGxlYWRlcgpeNEQ0REZGW09wZXJhdGlvbiBPcmMgV2lwZW91dF1eMDAwMDAwIFF1ZXN0IGFjY2VwdGVkLg==,,,,,W01pc3PDo28gY29tcGxldGFdCkxvY2FsOiBWaWxhIGRvcyBHb2JsaW5zCk9iamV0aXZvOiBDYcOnYXIgMTAgR29ibGlucyBkZSBNYWNoYWRvIGUgMTAgR29ibGlucyBkZSBNYW5ndWFsClJlY29tcGVuc2E6IF4zMTMxRkZCw7RudXMgZG8gRXZlbnRvICteMDAwMDAwIEVYUCBiYXNlIDEzMDAwLCBFWFAgY2xhc3NlIDgyMDA=,,U29saWNpdHVkIGRlbCBqZWZlIGRlbCBlcXVpcG8gZGUgc3VieXVnYWNpw7NuIGRlIG9yY29zCl40RDRERkZbT3BlcmFjacOzbiBBbmlxdWlsYWNpw7NuIGRlIE9yY29zXV4wMDAwMDA6IG1pc2nDs24gYWNlcHRhZGEu
xseBCQ,,W1JlcXVlc3QgQ29tcGxldGVkXQpMb2NhdGlvbjogU291dGggRmllbGQgb2YgT3JjIFZpbGxhZ2UKVGFyZ2V0OiBEZWZlYXQgMTAgR29ibGluIEF4ZSBhbmQgMTAgR29ibGluIENoYWluClJld2FyZDogRXhwIDE5NTAwLCBKZXhwIDEyMzAw,,,,,W1NvbGljaXRhw6fDo29dCkxvY2FsOiBWaWxhIGRvcyBHb2JsaW5zCk9iamV0aXZvOiBDYcOnYXIgMTAgR29ibGlucyBkZSBNYWNoYWRvIGUgMTAgR29ibGlucyBkZSBNYW5ndWFsClJlY29tcGVuc2E6IF4zMTMxRkZCw7RudXMgZG8gRXZlbnRvICteMDAwMDAwIEVYUCBiYXNlIDEzMDAwLCBFWFAgY2xhc3NlIDgyMDA=,,W1NvbGljaXR1ZCBjb21wbGV0YWRhXQpVYmljYWNpw7NuOiBDYW1wbyBzdXIgZGVsIFB1ZWJsbyBkZSBPcmNvCk9iamV0aXZvOiBEZXJyb3RhIGEgMTBEdWVuZGVzIChoYWNoYSkgeSAxMER1ZW5kZXMgKGNhZGVuYSkuClByZW1pbzogMTk1MDBkZUVYUCB5IDEyMzAwZGVFWFBkZWNsYXNlLg==
x8eBCQ,,W1JlcXVlc3QgZnJvbSBzb3V0aCBzdWJqdWdhdGlvbiB0ZWFtIGxlYWRlcl0KTG9jYXRpb246IFNvdXRoIEZpZWxkIG9mIE9yYyBWaWxsYWdlClRhcmdldDogRGVmZWF0IDEwIEdvYmxpbiBBeGUgYW5kIDEwIEdvYmxpbiBDaGFpbgpSZXdhcmQ6IEV4cCAxOTUwMCwgSmV4cCAxMjMwMA==,,,,,W1NvbGljaXRhw6fDo29dCl4zMTMxRkZbR29ibGlucyBGZXJvemVzXV4wMDAwMDAgZm9pIGFjZWl0YS4=,,W1NvbGljaXR1ZCBkZWwgamVmZSBkZWwgZXF1aXBvIGRlIHN1Ynl1Z2FjacOzbiBkZWwgc3VyXQpVYmljYWNpw7NuOiBDYW1wbyBzdXIgZGVsIFB1ZWJsbyBkZSBPcmNvCk9iamV0aXZvOiBEZXJyb3RhIGEgMTBEdWVuZGVzIChoYWNoYSkgeSAxMER1ZW5kZXMgKGNhZGVuYSkuClByZW1pbzogMTk1MDBkZUVYUCB5IDEyMzAwZGVFWFBkZWNsYXNlLg==
yMeBCQ,,UmVxdWVzdCBmcm9tIHNvdXRoIHN1Ymp1Z2F0aW9uIHRlYW0gbGVhZGVyCl40RDRERkZbR3J1ZXNvbWUgR29ibGluIENsZWFudXBdXjAwMDAwMCBRdWVzdCBhY2NlcHRlZC4=,,,,,W01pc3PDo28gY29tcGxldGFdCkxvY2FsOiBWaWxhIGRvcyBHb2JsaW5zCk9iamV0aXZvOiBDYcOnYXIgMTAgR29ibGlucyBkZSBBZGFnYSBlIDEwIEdvYmxpbnMgZGUgTWFydGVsbwpSZWNvbXBlbnNhOiBeMzEzMUZGQsO0bnVzIGRvIEV2ZW50byArXjAwMDAwMCBFWFAgYmFzZSAxMzAwMCwgRVhQIGNsYXNzZSA4NjAw,,U29saWNpdHVkIGRlbCBqZWZlIGRlbCBlcXVpcG8gZGUgc3VieXVnYWNpw7NuIGRlbCBzdXIKXjRENERGRltMaW1waWV6YSBkZSBkdWVuZGVzIGhvcnJpcGlsYW50ZXNdXjAwMDAwMDogbWlzacOzbiBhY2VwdGFkYS4=
yceBCQ,,W1JlcXVlc3QgQ29tcGxldGVkXQpMb2NhdGlvbjogU291dGggRmllbGQgb2YgT3JjIFZpbGxhZ2UKVGFyZ2V0OiBEZWZlYXQgMTAgR29ibGluIERhZ2dlciBhbmQgMTAgR29ibGluIEhhbW1lcgpSZXdhcmQ6IEV4cCAxOTUwMCwgSmV4cCAxMjkwMA==,,,,,W1NvbGljaXRhw6fDo29dCkxvY2FsOiBWaWxhIGRvcyBHb2JsaW5zCk9iamV0aXZvOiBDYcOnYXIgMTAgR29ibGlucyBkZSBBZGFnYSBlIDEwIEdvYmxpbnMgZGUgTWFydGVsbwpSZWNvbXBlbnNhOiBeMzEzMUZGQsO0bnVzIGRvIEV2ZW50byArXjAwMDAwMCBFWFAgYmFzZSAxMzAwMCwgRVhQIGNsYXNzZSA4NjAw,,W1NvbGljaXR1ZCBjb21wbGV0YWRhXQpVYmljYWNpw7NuOiBDYW1wbyBzdXIgZGVsIFB1ZWJsbyBkZSBPcmNvCk9iamV0aXZvOiBEZXJyb3RhIGEgMTBEdWVuZGVzIChkYWdhKSB5IDEwRHVlbmRlcyAobWFydGlsbG8pLgpQcmVtaW86IDE5NTAwZGVFWFAgeSAxMjkwMGRlRVhQZGVjbGFzZS4=
yseBCQ,,W1JlcXVlc3QgZnJvbSBzb3V0aCBzdWJqdWdhdGlvbiB0ZWFtIGxlYWRlcl0KTG9jYXRpb246IFNvdXRoIEZpZWxkIG9mIE9yYyBWaWxsYWdlClRhcmdldDogRGVmZWF0IDEwIEdvYmxpbiBEYWdnZXIgYW5kIDEwIEdvYmxpbiBIYW1tZXIKUmV3YXJkOiBFeHAgMTk1MDAsIEpleHAgMTI5MDA=,,,,,W1NvbGljaXRhw6fDo29dCl4zMTMxRkZbR29ibGlucyBBdHJvemVzXV4wMDAwMDAgZm9pIGFjZWl0YS4=,,W1NvbGljaXR1ZCBkZWwgamVmZSBkZWwgZXF1aXBvIGRlIHN1Ynl1Z2FjacOzbiBkZWwgc3VyXQpVYmljYWNpw7NuOiBDYW1wbyBzdXIgZGVsIFB1ZWJsbyBkZSBPcmNvCk9iamV0aXZvOiBEZXJyb3RhIGEgMTBEdWVuZGVzIChkYWdhKSB5IDEwRHVlbmRlcyAobWFydGlsbG8pLgpQcmVtaW86IDE5NTAwZGVFWFAgeSAxMjkwMGRlRVhQZGVjbGFzZS4=
y8eBCQ,,UmVxdWVzdCBmcm9tIHNvdXRoIHN1Ymp1Z2F0aW9uIHRlYW0gbGVhZGVyCl40RDRERkZbU3dpZnQgR29ibGluIENsZWFudXBdXjAwMDAwMCBRdWVzdCBhY2NlcHRlZC4=,,,,,W01pc3PDo28gY29tcGxldGFdCkxvY2FsOiBWaWxhIGRvcyBHb2JsaW5zCk9iamV0aXZvOiBDYcOnYXIgMTAgR29ibGlucyBBcnF1ZWlyb3MgZSAxMCBHb2JsaW5zIGRlIE1hw6dhClJlY29tcGVuc2E6IF4zMTMxRkZCw7RudXMgZG8gRXZlbnRvICteMDAwMDAwIEVYUCBiYXNlIDExODAwLCBFWFAgY2xhc3NlIDExOTAw,,U29saWNpdHVkIGRlbCBqZWZlIGRlbCBlcXVpcG8gZGUgc3VieXVnYWNpw7NuIGRlbCBzdXIKXjRENERGRltMaW1waWV6YSBkZSBkdWVuZGVzIHZlbG9jZXNdXjAwMDAwMDogbWlzacOzbiBhY2VwdGFkYS4=
zMeBCQ,,W1JlcXVlc3QgQ29tcGxldGVkXQpMb2NhdGlvbjogU291dGhlYXN0IG9mIE9yYyBWaWxsYWdlClRhcmdldDogRGVmZWF0IDEwIEdvYmxpbiBBcmNoZXIgYW5kIDEwIEdvYmxpbiBNYWNlClJld2FyZDogRXhwIDE3NzAwLCBKZXhwIDE3ODUw,,,,,W1NvbGljaXRhw6fDo29dCkxvY2FsOiBWaWxhIGRvcyBHb2JsaW5zCk9iamV0aXZvOiBDYcOnYXIgMTAgR29ibGlucyBBcnF1ZWlyb3MgZSAxMCBHb2JsaW5zIGRlIE1hw6dhClJlY29tcGVuc2E6IF4zMTMxRkZCw7RudXMgZG8gRXZlbnRvICteMDAwMDAwIEVYUCBiYXNlIDExODAwLCBFWFAgY2xhc3NlIDExOTAw,,W1NvbGljaXR1ZCBjb21wbGV0YWRhXQpVYmljYWNpw7NuOiBTdXJlc3RlIGRlbCBQdWVibG8gZGUgT3JjbwpPYmpldGl2bzogRGVycm90YSBhIDEwRHVlbmRlcyAoQXJxdWVybykgeSAxMER1ZW5kZXMgKG1hemEpLgpQcmVtaW86IDE3NzAwZGVFWFAgeSAxNzg1MGRlRVhQZGVjbGFzZS4=
zceBCQ,,W1JlcXVlc3QgZnJvbSBzb3V0aCBzdWJqdWdhdGlvbiB0ZWFtIGxlYWRlcl0KTG9jYXRpb246IFNvdXRoZWFzdCBvZiBPcmMgVmlsbGFnZQpUYXJnZXQ6IERlZmVhdCAxMCBHb2JsaW4gQXJjaGVyIGFuZCAxMCBHb2JsaW4gTWFjZQpSZXdhcmQ6IEV4cCAxNzcwMCwgSmV4cCAxNzg1MA==,,,,,W1NvbGljaXRhw6fDo29dCl4zMTMxRkZbR29ibGlucyBWZWxvemVzXV4wMDAwMDAgZm9pIGFjZWl0YS4=,,W1NvbGljaXR1ZCBkZWwgamVmZSBkZWwgZXF1aXBvIGRlIHN1Ynl1Z2FjacOzbiBkZWwgc3VyXQpVYmljYWNpw7NuOiBTdXJlc3RlIGRlbCBQdWVibG8gZGUgT3JjbwpPYmpldGl2bzogRGVycm90YSBhIDEwRHVlbmRlcyAoQXJxdWVybykgeSAxMER1ZW5kZXMgKG1hemEpLgpQcmVtaW86IDE3NzAwZGVFWFAgeSAxNzg1MGRlRVhQZGVjbGFzZS4=
zseBCQ,,UmVxdWVzdCBmcm9tIHNvdXRoIHN1Ymp1Z2F0aW9uIHRlYW0gbGVhZGVyCl40RDRERkZbVG91Z2ggRmVsbG93c11eMDAwMDAwIFF1ZXN0IGFjY2VwdGVkLg==,,,,,W01pc3PDo28gY29tcGxldGFdCkxvY2FsOiBOb3J0ZSBkZSBNb3Jyb2MKT2JqZXRpdm86IENhw6dhciAxMCBNYWduw7NsaWFzIGUgMTAgTWV0YWxsZXIKUmVjb21wZW5zYTogXjMxMzFGRkLDtG51cyBkbyBFdmVudG8gK14wMDAwMDAgRVhQIGJhc2UgODQwMCwgRVhQIGNsYXNzZSA4Mzgw,,U29saWNpdHVkIGRlbCBqZWZlIGRlbCBlcXVpcG8gZGUgc3VieXVnYWNpw7NuIGRlbCBzdXIKXjRENERGRltDb21wYcOxZXJvcyBydWRvc11eMDAwMDAwOiBtaXNpw7NuIGFjZXB0YWRhLg==
z8eBCQ,,W1JlcXVlc3QgQ29tcGxldGVkXQpMb2NhdGlvbjogU291dGh3ZXN0IG9mIEl6bHVkZQpUYXJnZXQ6IERlZmVhdCAxMCBNYWdub2xpYSBhbmQgMTAgTWV0YWxsZXIKUmV3YXJkOiBFeHAgMTI2MDAsIEpleHAgMTI1NzA=,,,,,W1NvbGljaXRhw6fDo29dCkxvY2FsOiBOb3J0ZSBkZSBNb3Jyb2MKT2JqZXRpdm86IENhw6dhciAxMCBNYWduw7NsaWFzIGUgMTAgTWV0YWxsZXIKUmVjb21wZW5zYTogXjMxMzFGRkLDtG51cyBkbyBFdmVudG8gK14wMDAwMDAgRVhQIGJhc2UgODQwMCwgRVhQIGNsYXNzZSA4Mzgw,,W1NvbGljaXR1ZCBjb21wbGV0YWRhXQpVYmljYWNpw7NuOiBTdWRvZXN0ZSBkZSBJemx1ZGUKT2JqZXRpdm86IERlcnJvdGEgYSAxME1hZ25vbGlhcyB5IDEwTWV0YWxlcm9zLgpQcmVtaW86IDEyNjAwZGVFWFAgeSAxMjU3MGRlRVhQZGVjbGFzZS4=
0MeBCQ,,W1JlcXVlc3QgZnJvbSBJemx1ZGUgSW5zdHJ1Y3Rvcl0KTG9jYXRpb246IFNvdXRod2VzdCBvZiBJemx1ZGUKVGFyZ2V0OiBEZWZlYXQgMTAgTWFnbm9saWEgYW5kIDEwIE1ldGFsbGVyClJld2FyZDogRXhwIDEyNjAwLCBKZXhwIDEyNTcw,,,,,W1NvbGljaXRhw6fDo29dCl4zMTMxRkZbRXN0cmFuaG9zIGRvIERlc2VydG9dXjAwMDAwMCBmb2kgYWNlaXRhLg==,,W1NvbGljaXR1ZCBkZSBJbnN0cnVjdG9yIGRlIEl6bHVkZV0KVWJpY2FjacOzbjogU3Vkb2VzdGUgZGUgSXpsdWRlCk9iamV0aXZvOiBEZXJyb3RhIGEgMTBNYWdub2xpYXMgeSAxME1ldGFsZXJvcy4KUHJlbWlvOiAxMjYwMGRlRVhQIHkgMTI1NzBkZUVYUGRlY2xhc2Uu
0ceBCQ,,UmVxdWVzdCBmcm9tIEl6bHVkZSBJbnN0cnVjdG9yCl40RDRERkZbRWdncyBhbmQgR3Jhc3Nob3BwZXJzXV4wMDAwMDAgUXVlc3QgYWNjZXB0ZWQu,,,,,W01pc3PDo28gY29tcGxldGFdCkxvY2FsOiBUw7puZWwgU3VibWFyaW5vIDHCuiBwaXNvCk9iamV0aXZvOiBDYcOnYXIgMTAgUGzDom5jdG9uLCAxMCBNYXJpbmFzIGUgY29sZXRhciA1IEPDqWx1bGFzIMOabmljYXMKUmVjb21wZW5zYTogXjMxMzFGRkLDtG51cyBkbyBFdmVudG8gK14wMDAwMDAgRVhQIGJhc2UgOTYwMCwgRVhQIGNsYXNzZSA4Mzgw,,U29saWNpdHVkIGRlIEluc3RydWN0b3IgZGUgSXpsdWRlCl40RDRERkZbSHVldm9zIHkgc2FsdGFtb250ZXNdXjAwMDAwMDogbWlzacOzbiBhY2VwdGFkYS4=
0seBCQ,,W1JlcXVlc3QgQ29tcGxldGVkXQpMb2NhdGlvbjogSXpsdWRlIFVuZGVyd2F0ZXIgQ2F2ZSBEdW5nZW9uIDFGClRhcmdldDogRGVmZWF0IDEwIE1hcmluYSwgMTAgUGxhbmt0b24sIGFuZCBicmluZyAxMCBTaW5nbGUgQ2VsbApSZXdhcmQ6IEV4cCAxNDQwMCwgSmV4cCAxMjU3MA==,,,,,W1NvbGljaXRhw6fDo29dCkxvY2FsOiBUw7puZWwgU3VibWFyaW5vIDHCuiBwaXNvCk9iamV0aXZvOiBDYcOnYXIgMTAgUGzDom5jdG9uLCAxMCBNYXJpbmFzIGUgY29sZXRhciA1IEPDqWx1bGFzIMOabmljYXMKUmVjb21wZW5zYTogXjMxMzFGRkLDtG51cyBkbyBFdmVudG8gK14wMDAwMDAgRVhQIGJhc2UgOTYwMCwgRVhQIGNsYXNzZSA4Mzgw,,W1NvbGljaXR1ZCBjb21wbGV0YWRhXQpVYmljYWNpw7NuOiBNYXptb3JyYSBkZSBsYSBjdWV2YSBzdWJtYXJpbmEgZGUgSXpsdWRlUDEuCk9iamV0aXZvOiBEZXJyb3RhIGEgMTBNYXJpbmFzLCAxMFBsYW5jdG9uIHkgdHJhZSAxMEPDqWx1bGFzIMO6bmljYXMuClByZW1pbzogMTQ0MDBkZUVYUCB5IDEyNTcwZGVFWFBkZWNsYXNlLg==
08eBCQ,,W1JlcXVlc3QgZnJvbSBhIHN0dWRlbnRdCkxvY2F0aW9uOiBJemx1ZGUgVW5kZXJ3YXRlciBDYXZlIER1bmdlb24gMUYKVGFyZ2V0OiBEZWZlYXQgMTAgTWFyaW5hLCAxMCBQbGFua3RvbiwgYW5kIGJyaW5nIDEwIFNpbmdsZSBDZWxsClJld2FyZDogRXhwIDE0NDAwLCBKZXhwIDEyNTcw,,,,,W1NvbGljaXRhw6fDo29dCl4zMTMxRkZbQmlvbG9naWEgTWFyaW5oYV1eMDAwMDAwIGZvaSBhY2VpdGEu,,W1NvbGljaXR1ZCBkZSB1biBlc3R1ZGlhbnRlXQpVYmljYWNpw7NuOiBNYXptb3JyYSBkZSBsYSBjdWV2YSBzdWJtYXJpbmEgZGUgSXpsdWRlUDEuCk9iamV0aXZvOiBEZXJyb3RhIGEgMTBNYXJpbmFzLCAxMFBsYW5jdG9uIHkgdHJhZSAxMEPDqWx1bGFzIMO6bmljYXMuClByZW1pbzogMTQ0MDBkZUVYUCB5IDEyNTcwZGVFWFBkZWNsYXNlLg==
1MeBCQ,,UmVxdWVzdCBmcm9tIGEgc3R1ZGVudApeNEQ0REZGW0NvbGxlY3RpbmcgU2FtcGxlcyBpcyBIYXJkZXIgdGhhbiBpdCBBcHBlYXJzIV1eMDAwMDAwIFF1ZXN0IGFjY2VwdGVkLg==,,,,,W01pc3PDo28gY29tcGxldGFdCkxvY2FsOiBUw7puZWwgU3VibWFyaW5vIDLCuiBwaXNvCk9iamV0aXZvOiBDYcOnYXIgMTAgVmFkb25zIGUgY29sZXRhciA1IEdhcnJhcyBkZSBDcnVzdMOhY2VvClJlY29tcGVuc2E6IF4zMTMxRkZCw7RudXMgZG8gRXZlbnRvICteMDAwMDAwIEVYUCBiYXNlIDc4MDAsIEVYUCBjbGFzc2UgODM4MA==,,U29saWNpdHVkIGRlIHVuIGVzdHVkaWFudGUuCl40RDRERkZbwqFSZWNvbGVjdGFyIG11ZXN0cmFzIGVzIG3DoXMgZGlmw61jaWwgZGUgbG8gcXVlIHBhcmVjZSFdXjAwMDAwMDogbWlzacOzbiBhY2VwdGFkYS4=
1ceBCQ,,W1JlcXVlc3QgQ29tcGxldGVkXQpMb2NhdGlvbjogSXpsdWRlIFVuZGVyd2F0ZXIgQ2F2ZSBEdW5nZW9uIDFGIDJGClRhcmdldDogRGVmZWF0IDEwIFZhZG9uIGFuZCBicmluZyA1IE5pcHBlcgpSZXdhcmQ6IEV4cCAxMTcwMCwgSmV4cCAxMjU3MA==,,,,,W1NvbGljaXRhw6fDo29dCkxvY2FsOiBUw7puZWwgU3VibWFyaW5vIDLCuiBwaXNvCk9iamV0aXZvOiBDYcOnYXIgMTAgVmFkb25zIGUgY29sZXRhciA1IEdhcnJhcyBkZSBDcnVzdMOhY2VvClJlY29tcGVuc2E6IF4zMTMxRkZCw7RudXMgZG8gRXZlbnRvICteMDAwMDAwIEVYUCBiYXNlIDc4MDAsIEVYUCBjbGFzc2UgODM4MA==,,W1NvbGljaXR1ZCBjb21wbGV0YWRhXQpVYmljYWNpw7NuOiBNYXptb3JyYSBkZSBsYSBjdWV2YSBzdWJtYXJpbmEgZGUgSXpsdWRlUDF5UDIuCk9iamV0aXZvOiBEZXJyb3RhIGEgMTBWYWRvbiB5IHRyYWUgNVBpbnphcy4KUHJlbWlvOiAxMTcwMGRlRVhQIHkgMTI1NzBkZUVYUGRlY2xhc2Uu
1seBCQ,,W1JlcXVlc3QgZnJvbSBhIHdhbmRlcmluZyBtZXJjaGFudF0KTG9jYXRpb246IEl6bHVkZSBVbmRlcndhdGVyIENhdmUgRHVuZ2VvbiAxRiAyRgpUYXJnZXQ6IERlZmVhdCAxMCBWYWRvbiBhbmQgYnJpbmcgNSBOaXBwZXIKUmV3YXJkOiBFeHAgMTE3MDAsIEpleHAgMTI1NzA=,,,,,W1NvbGljaXRhw6fDo29dCl4zMTMxRkZbQW11bGV0byBkZSBDYXJhbmd1ZWpvXV4wMDAwMDAgZm9pIGFjZWl0YS4=,,W1NvbGljaXR1ZCBkZSB1biBjb21lcmNpYW50ZSBlcnJhbnRlXQpVYmljYWNpw7NuOiBNYXptb3JyYSBkZSBsYSBjdWV2YSBzdWJtYXJpbmEgZGUgSXpsdWRlUDF5UDIuCk9iamV0aXZvOiBEZXJyb3RhIGEgMTBWYWRvbiB5IHRyYWUgNVBpbnphcy4KUHJlbWlvOiAxMTcwMGRlRVhQIHkgMTI1NzBkZUVYUGRlY2xhc2Uu
18eBCQ,,UmVxdWVzdCBmcm9tIGEgd2FuZGVyaW5nIG1lcmNoYW50Cl40RDRERkZbR28gd2l0aCB0aGUgVGlkZV1eMDAwMDAwIFF1ZXN0IGFjY2VwdGVkLg==,,,,,W01pc3PDo28gY29tcGxldGFdCkxvY2FsOiBUw7puZWwgU3VibWFyaW5vIDTCuiBwaXNvCk9iamV0aXZvOiBDYcOnYXIgMTAgUGVpeGUtRXNwYWRhcyBlIDEwIENhdmFsby1NYXJpbmhvcwpSZWNvbXBlbnNhOiBeMzEzMUZGQsO0bnVzIGRvIEV2ZW50byArXjAwMDAwMCBFWFAgYmFzZSAxMjQwMCwgRVhQIGNsYXNzZSAxNDM4MA==,,U29saWNpdHVkIGRlIHVuIGNvbWVyY2lhbnRlIGVycmFudGUKXjRENERGRltTZWd1aXIgbGEgY29ycmllbnRlXV4wMDAwMDA6IG1pc2nDs24gYWNlcHRhZGEu
2MeBCQ,,W1JlcXVlc3QgQ29tcGxldGVkXQpMb2NhdGlvbjogSXpsdWRlIFVuZGVyd2F0ZXIgQ2F2ZSBEdW5nZW9uIDRGClRhcmdldDogRGVmZWF0IDEwIFN3b3JkZmlzaCBhbmQgMTAgTWFyYwpSZXdhcmQ6IEV4cCAxODYwMCwgSmV4cCAyMTU3MA==,,,,,W1NvbGljaXRhw6fDo29dCkxvY2FsOiBUw7puZWwgU3VibWFyaW5vIDTCuiBwaXNvCk9iamV0aXZvOiBDYcOnYXIgMTAgUGVpeGUtRXNwYWRhcyBlIDEwIENhdmFsby1NYXJpbmhvcwpSZWNvbXBlbnNhOiBeMzEzMUZGQsO0bnVzIGRvIEV2ZW50byArXjAwMDAwMCBFWFAgYmFzZSAxMjQwMCwgRVhQIGNsYXNzZSAxNDM4MA==,,W1NvbGljaXR1ZCBjb21wbGV0YWRhXQpVYmljYWNpw7NuOiBNYXptb3JyYSBkZSBsYSBjdWV2YSBzdWJtYXJpbmEgZGUgSXpsdWRlUDQuCk9iamV0aXZvOiBEZXJyb3RhIDEwUGVjZXMgZXNwYWRhIHkgMTBNYXJjLgpQcmVtaW86IDE4NjAwZGVFWFAgeSAyMTU3MGRlRVhQZGVjbGFzZS4=
2ceBCQ,,W1JlcXVlc3QgZnJvbSBFcm5lc3QsIDJGIG9mIEl6bHVkZSBVbmRlcnNlYV0KTG9jYXRpb246IEl6bHVkZSBVbmRlcndhdGVyIENhdmUgRHVuZ2VvbiA0RgpUYXJnZXQ6IERlZmVhdCAxMCBTd29yZGZpc2ggYW5kIDEwIE1hcmMKUmV3YXJkOiBFeHAgMTg2MDAsIEpleHAgMjE1NzA=,,,,,W1NvbGljaXRhw6fDo29dCl4zMTMxRkZbQ3VpZGFuZG8gZG8gR3J1cG9dXjAwMDAwMCBmb2kgYWNlaXRhLg==,,W1NvbGljaXR1ZCBkZSBFcm5lc3QsIFAyZGVsIGZvbmRvIG1hcmlubyBkZSBJemx1ZGVdClViaWNhY2nDs246IE1hem1vcnJhIGRlIGxhIGN1ZXZhIHN1Ym1hcmluYSBkZSBJemx1ZGVQNC4KT2JqZXRpdm86IERlcnJvdGEgMTBQZWNlcyBlc3BhZGEgeSAxME1hcmMuClByZW1pbzogMTg2MDBkZUVYUCB5IDIxNTcwZGVFWFBkZWNsYXNlLg==
2seBCQ,,UmVxdWVzdCBmcm9tIEVybmVzdCwgMkYgb2YgSXpsdWRlIFVuZGVyc2VhCl40RDRERkZbS2luZG5lc3MgdG8gYSBGcmllbmRdXjAwMDAwMCBRdWVzdCBhY2NlcHRlZC4=,,,,,W01pc3PDo28gY29tcGxldGFdCkxvY2FsOiBUw7puZWwgU3VibWFyaW5vIDPCuiBwaXNvCk9iamV0aXZvOiBDYcOnYXIgMjAgTWFydGVzIGUgY29sZXRhciAxMCBUaW50YXMgZGUgUG9sdm8KUmVjb21wZW5zYTogXjMxMzFGRkLDtG51cyBkbyBFdmVudG8gK14wMDAwMDAgRVhQIGJhc2UgMTA2NDAsIEVYUCBjbGFzc2UgMTAyNDA=,,U29saWNpdHVkIGRlIEVybmVzdCwgUDJkZWwgZm9uZG8gbWFyaW5vIGRlIEl6bHVkZS4KXjRENERGRltIb3kgcG9yIHRpLCBtYcOxYW5hIHBvciBtw61dXjAwMDAwMDogbWlzacOzbiBhY2VwdGFkYS4=
28eBCQ,,W1JlcXVlc3QgQ29tcGxldGVkXQpMb2NhdGlvbjogSXpsdWRlIFVuZGVyd2F0ZXIgQ2F2ZSBEdW5nZW9uIDNGClRhcmdldDogRGVmZWF0IDIwIE1hcnNlIGFuZCBicmluZyAxMCBTcXVpZCBJbmsKUmV3YXJkOiBFeHAgMTU5NjAsIEpleHAgMTUzNjA=,,,,,W1NvbGljaXRhw6fDo29dCkxvY2FsOiBUw7puZWwgU3VibWFyaW5vIDPCuiBwaXNvCk9iamV0aXZvOiBDYcOnYXIgMjAgTWFydGVzIGUgY29sZXRhciAxMCBUaW50YXMgZGUgUG9sdm8KUmVjb21wZW5zYTogXjMxMzFGRkLDtG51cyBkbyBFdmVudG8gK14wMDAwMDAgRVhQIGJhc2UgMTA2NDAsIEVYUCBjbGFzc2UgMTAyNDA=,,W1NvbGljaXR1ZCBjb21wbGV0YWRhXQpVYmljYWNpw7NuOiBNYXptb3JyYSBkZSBsYSBjdWV2YSBzdWJtYXJpbmEgZGUgSXpsdWRlUDMuCk9iamV0aXZvOiBEZXJyb3RhIGEgMjBNYXJzZSB5IHRyYWUgMTBUaW50YXMgZGUgY2FsYW1hci4KUHJlbWlvOiAxNTk2MGRlRVhQIHkgMTUzNjBkZUVYUGRlY2xhc2Uu
3MeBCQ,,W1JlcXVlc3QgZnJvbSBLdXNla2lsaSwgSXpsdWRlIFVuZGVyd2F0ZXIgM0ZdCkxvY2F0aW9uOiBJemx1ZGUgVW5kZXJ3YXRlciBDYXZlIER1bmdlb24gM0YKVGFyZ2V0OiBEZWZlYXQgMjAgTWFyc2UgYW5kIGJyaW5nIDEwIFNxdWlkIEluawpSZXdhcmQ6IEV4cCAxNTk2MCwgSmV4cCAxNTM2MA==,,,,,W1NvbGljaXRhw6fDo29dCl4zMTMxRkZbSW5ncmVkaWVudGVzIEN1bGluw6FyaW9zXV4wMDAwMDAgZm9pIGFjZWl0YS4=,,W1NvbGljaXR1ZCBkZSBLdXNla2lsaSwgUDNkZWwgZm9uZG8gbWFyaW5vIGRlIEl6bHVkZV0KVWJpY2FjacOzbjogTWF6bW9ycmEgZGUgbGEgY3VldmEgc3VibWFyaW5hIGRlIEl6bHVkZVAzLgpPYmpldGl2bzogRGVycm90YSBhIDIwTWFyc2UgeSB0cmFlIDEwVGludGFzIGRlIGNhbGFtYXIuClByZW1pbzogMTU5NjBkZUVYUCB5IDE1MzYwZGVFWFBkZWNsYXNlLg==
3ceBCQ,,UmVxdWVzdCBmcm9tIEt1c2VraWxpLCBJemx1ZGUgVW5kZXJ3YXRlciAzRgpeNEQ0REZGW0RlbGl2ZXIgdGhlIEluZ3JlZGllbnRzXV4wMDAwMDAgUXVlc3QgYWNjZXB0ZWQu,,,,,W01pc3PDo28gY29tcGxldGFdCkxvY2FsOiBUw7puZWwgU3VibWFyaW5vIDPCuiBwaXNvCk9iamV0aXZvOiBDYcOnYXIgMTAgT2JlYXVuZSBlIGNvbGV0YXIgMSBDb3Jhw6fDo28gZGUgU2VyZWlhClJlY29tcGVuc2E6IF4zMTMxRkZCw7RudXMgZG8gRXZlbnRvICteMDAwMDAwIEVYUCBiYXNlIDk2MDAsIEVYUCBjbGFzc2UgOTYwMA==,,U29saWNpdHVkIGRlIEt1c2VraWxpLCBQM2RlbCBmb25kbyBtYXJpbm8gZGUgSXpsdWRlCl40RDRERkZbRW50cmVnYXIgbG9zIGluZ3JlZGllbnRlc11eMDAwMDAwOiBtaXNpw7NuIGFjZXB0YWRhLg==
3seBCQ,,W1JlcXVlc3QgQ29tcGxldGVkXQpMb2NhdGlvbjogSXpsdWRlIFVuZGVyd2F0ZXIgQ2F2ZSBEdW5nZW9uIDNGClRhcmdldDogRGVmZWF0IDEwIE9iZWFudWUgYW5kIGJyaW5nIDEgTWVybWFpZCdzIEhlYXJ0ClJld2FyZDogRXhwIDE0NDAwLCBKZXhwIDE0NDAw,,,,,W1NvbGljaXRhw6fDo29dCkxvY2FsOiBUw7puZWwgU3VibWFyaW5vIDPCuiBwaXNvCk9iamV0aXZvOiBDYcOnYXIgMTAgT2JlYXVuZSBlIGNvbGV0YXIgMSBDb3Jhw6fDo28gZGUgU2VyZWlhClJlY29tcGVuc2E6IF4zMTMxRkZCw7RudXMgZG8gRXZlbnRvICteMDAwMDAwIEVYUCBiYXNlIDk2MDAsIEVYUCBjbGFzc2UgOTYwMA==,,W1NvbGljaXR1ZCBjb21wbGV0YWRhXQpVYmljYWNpw7NuOiBNYXptb3JyYSBkZSBsYSBjdWV2YSBzdWJtYXJpbmEgZGUgSXpsdWRlUDMuCk9iamV0aXZvOiBEZXJyb3RhIGEgMTBPYmVhbnVlIHkgdHJhZSAxQ29yYXrDs24gZGUgc2lyZW5hLgpQcmVtaW86IDE0NDAwZGVFWFAgeSAxNDQwMGRlRVhQZGVjbGFzZS4=
38eBCQ,,W1JlcXVlc3QgZnJvbSBOb25kYSBBbmthbmFdCkxvY2F0aW9uOiBJemx1ZGUgVW5kZXJ3YXRlciBDYXZlIER1bmdlb24gM0YKVGFyZ2V0OiBEZWZlYXQgMTAgT2JlYW51ZSBhbmQgYnJpbmcgMSBNZXJtYWlkJ3MgSGVhcnQKUmV3YXJkOiBFeHAgMTQ0MDAsIEpleHAgMTQ0MDA=,,,,,W1NvbGljaXRhw6fDo29dCl4zMTMxRkZbU2VyZWlhIEVuY2FudGFkb3JhXV4wMDAwMDAgZm9pIGFjZWl0YS4=,,W1NvbGljaXR1ZCBkZSBOb25kYSBBbmthbmFdClViaWNhY2nDs246IE1hem1vcnJhIGRlIGxhIGN1ZXZhIHN1Ym1hcmluYSBkZSBJemx1ZGVQMy4KT2JqZXRpdm86IERlcnJvdGEgYSAxME9iZWFudWUgeSB0cmFlIDFDb3JhesOzbiBkZSBzaXJlbmEuClByZW1pbzogMTQ0MDBkZUVYUCB5IDE0NDAwZGVFWFBkZWNsYXNlLg==
4MeBCQ,,UmVxdWVzdCBmcm9tIE5vbmRhIEFua2FuYQpeNEQ0REZGW0RyZWFtIExvdmVyXV4wMDAwMDAgUXVlc3QgYWNjZXB0ZWQu,,,,,W01pc3PDo28gY29tcGxldGFdCkxvY2FsOiBUw7puZWwgU3VibWFyaW5vIDXCuiBwaXNvCk9iamV0aXZvOiBDYcOnYXIgMTAgU3Ryb3VmIGUgMTAgVHJpdMO1ZXMKUmVjb21wZW5zYTogXjMxMzFGRkLDtG51cyBkbyBFdmVudG8gK14wMDAwMDAgRVhQIGJhc2UgMTcyMDAsIEVYUCBjbGFzc2UgMTU2MDA=,,U29saWNpdHVkIGRlIE5vbmRhIEFua2FuYQpeNEQ0REZGW1NpcmVuYSBhIGxhIHZpc3RhXV4wMDAwMDA6IG1pc2nDs24gYWNlcHRhZGEu
4ceBCQ,,W1JlcXVlc3QgQ29tcGxldGVkXQpMb2NhdGlvbjogSXpsdWRlIFVuZGVyd2F0ZXIgQ2F2ZSBEdW5nZW9uIDVGClRhcmdldDogRGVmZWF0IDEwIFN0b3VmIGFuZCAxMCBNZXJtYW4KUmV3YXJkOiBFeHAgMjU4MDAsIEpleHAgMjM0MDA=,,,,,W1NvbGljaXRhw6fDo29dCkxvY2FsOiBUw7puZWwgU3VibWFyaW5vIDXCuiBwaXNvCk9iamV0aXZvOiBDYcOnYXIgMTAgU3Ryb3VmIGUgMTAgVHJpdMO1ZXMKUmVjb21wZW5zYTogXjMxMzFGRkLDtG51cyBkbyBFdmVudG8gK14wMDAwMDAgRVhQIGJhc2UgMTcyMDAsIEVYUCBjbGFzc2UgMTU2MDA=,,W1NvbGljaXR1ZCBjb21wbGV0YWRhXQpVYmljYWNpw7NuOiBNYXptb3JyYSBkZSBsYSBjdWV2YSBzdWJtYXJpbmEgZGUgSXpsdWRlUDUuCk9iamV0aXZvOiBEZXJyb3RhIGEgMTBTdHJvdWYgeSAxMFRyaXRvbmVzLgpQcmVtaW86IDI1ODAwZGVFWFAgeSAyMzQwMGRlRVhQZGVjbGFzZS4=
4seBCQ,,W1JlcXVlc3QgZnJvbSBMZWFkZXIgTWF4aW1dCkxvY2F0aW9uOiBJemx1ZGUgVW5kZXJ3YXRlciBDYXZlIER1bmdlb24gNUYKVGFyZ2V0OiBEZWZlYXQgMTAgU3RvdWYgYW5kIDEwIE1lcm1hbgpSZXdhcmQ6IEV4cCAyNTgwMCwgSmV4cCAyMzQwMA==,,,,,W1NvbGljaXRhw6fDo29dCl4zMTMxRkZbRGV1cyBkb3MgT2NlYW5vc11eMDAwMDAwIGZvaSBhY2VpdGEu,,W1NvbGljaXR1ZCBkZWwgbMOtZGVyIE1heGltXQpVYmljYWNpw7NuOiBNYXptb3JyYSBkZSBsYSBjdWV2YSBzdWJtYXJpbmEgZGUgSXpsdWRlUDUuCk9iamV0aXZvOiBEZXJyb3RhIGEgMTBTdHJvdWYgeSAxMFRyaXRvbmVzLgpQcmVtaW86IDI1ODAwZGVFWFAgeSAyMzQwMGRlRVhQZGVjbGFzZS4=
48eBCQ,,UmVxdWVzdCBmcm9tIExlYWRlciBNYXhpbQpeNEQ0REZGW0Fubm95aW5nIEd1YXJkc11eMDAwMDAwIFF1ZXN0IGFjY2VwdGVkLg==,,,,,W01pc3PDo28gY29tcGxldGFdCkxvY2FsOiBQaXLDom1pZGUgMy00wrogcGlzbwpPYmpldGl2bzogQ2HDp2FyIDEwIE3Dum1pYXMgZSBjb2xldGFyIDEgRXNww7NsaW8KUmVjb21wZW5zYTogXjMxMzFGRkLDtG51cyBkbyBFdmVudG8gK14wMDAwMDAgRVhQIGJhc2UgNzIwMCwgRVhQIGNsYXNzZSA3ODAw,,U29saWNpdHVkIGRlbCBsw61kZXIgTWF4aW0KXjRENERGRltFc3RvcmJvIGRlIGd1YXJkaWFzXV4wMDAwMDA6IG1pc2nDs24gYWNlcHRhZGEu
5MeBCQ,,W1JlcXVlc3QgQ29tcGxldGVkXQpMb2NhdGlvbjogTW9ycm9jIFB5cmFtaWQgMy00RgpUYXJnZXQ6IERlZmVhdCAxMCBNdW1teSBhbmQgYnJpbmcgMSBNZW1lbnRvClJld2FyZDogRXhwIDEwODAwLCBKZXhwIDExNzAw,,,,,W1NvbGljaXRhw6fDo29dCkxvY2FsOiBQaXLDom1pZGUgMy00wrogcGlzbwpPYmpldGl2bzogQ2HDp2FyIDEwIE3Dum1pYXMgZSBjb2xldGFyIDEgRXNww7NsaW8KUmVjb21wZW5zYTogXjMxMzFGRkLDtG51cyBkbyBFdmVudG8gK14wMDAwMDAgRVhQIGJhc2UgNzIwMCwgRVhQIGNsYXNzZSA3ODAw,,W1NvbGljaXR1ZCBjb21wbGV0YWRhXQpVYmljYWNpw7NuOiBQaXLDoW1pZGUgZGUgTW9ycm9jLCBQMyB5IFA0LgpPYmpldGl2bzogRGVycm90YSBhIDEwTW9taWFzIHkgdHJhZSAxUmVjdWVyZG8uClByZW1pbzogMTA4MDBkZUVYUCB5IDExNzAwZGVFWFBkZWNsYXNlLg==
5ceBCQ,,W1JlcXVlc3QgZnJvbSBMZWFkZXIgTWF4aW1dCkxvY2F0aW9uOiBNb3Jyb2MgUHlyYW1pZCAzLTRGClRhcmdldDogRGVmZWF0IDEwIE11bW15IGFuZCBicmluZyAxIE1lbWVudG8KUmV3YXJkOiBFeHAgMTA4MDAsIEpleHAgMTE3MDA=,,,,,W1NvbGljaXRhw6fDo29dCl4zMTMxRkZbQSBDYWl4YSBkYSBNw7ptaWFdXjAwMDAwMCBmb2kgYWNlaXRhLg==,,W1NvbGljaXR1ZCBkZWwgbMOtZGVyIE1heGltXQpVYmljYWNpw7NuOiBQaXLDoW1pZGUgZGUgTW9ycm9jLCBQMyB5IFA0LgpPYmpldGl2bzogRGVycm90YSBhIDEwTW9taWFzIHkgdHJhZSAxUmVjdWVyZG8uClByZW1pbzogMTA4MDBkZUVYUCB5IDExNzAwZGVFWFBkZWNsYXNlLg==
5seBCQ,,UmVxdWVzdCBmcm9tIExlYWRlciBNYXhpbQpeNEQ0REZGW011bW15IGFuZCBhbiBPbGQgQmx1ZSBCb3hdXjAwMDAwMCBRdWVzdCBhY2NlcHRlZC4=,,,,,W01pc3PDo28gY29tcGxldGFdCkxvY2FsOiBTdWJvbG8gZGEgUGlyw6JtaWRlIDHCuiBwaXNvCk9iamV0aXZvOiBDYcOnYXIgMTAgVmVyaXRzIGUgMTAgTWlub3JvdXMKUmVjb21wZW5zYTogXjMxMzFGRkLDtG51cyBkbyBFdmVudG8gK14wMDAwMDAgRVhQIGJhc2UgMTIwMDAsIEVYUCBjbGFzc2UgMTI4MDA=,,U29saWNpdHVkIGRlbCBsw61kZXIgTWF4aW0KXjRENERGRltNb21pYSB5IHVuYSBjYWphIG1pc3Rlcmlvc2FdXjAwMDAwMDogbWlzacOzbiBhY2VwdGFkYS4=
58eBCQ,,W1JlcXVlc3QgQ29tcGxldGVkXQpMb2NhdGlvbjogTW9ycm9jIFB5cmFtaWQgVW5kZXJncm91bmQgMUYKVGFyZ2V0OiBEZWZlYXQgMTAgVmVyaXQgYW5kIDEwIE1pbm9yb3VzClJld2FyZDogRXhwIDE4MDAwLCBKZXhwIDE5MjAw,,,,,W1NvbGljaXRhw6fDo29dCkxvY2FsOiBTdWJvbG8gZGEgUGlyw6JtaWRlIDHCuiBwaXNvCk9iamV0aXZvOiBDYcOnYXIgMTAgVmVyaXRzIGUgMTAgTWlub3JvdXMKUmVjb21wZW5zYTogXjMxMzFGRkLDtG51cyBkbyBFdmVudG8gK14wMDAwMDAgRVhQIGJhc2UgMTIwMDAsIEVYUCBjbGFzc2UgMTI4MDA=,,W1NvbGljaXR1ZCBjb21wbGV0YWRhXQpVYmljYWNpw7NuOiBQaXLDoW1pZGUgc3VidGVycsOhbmVhIGRlIE1vcnJvY1AxLgpPYmpldGl2bzogRGVycm90YSBhIDEwVmVyaXQgeSAxME1pbm9yb3VzLgpQcmVtaW86IDE4MDAwZGVFWFAgeSAxOTIwMGRlRVhQZGVjbGFzZS4=
6MeBCQ,,W1JlcXVlc3QgZnJvbSBMdW1pbl0KTG9jYXRpb246IE1vcnJvYyBQeXJhbWlkIFVuZGVyZ3JvdW5kIDFGClRhcmdldDogRGVmZWF0IDEwIFZlcml0IGFuZCAxMCBNaW5vcm91cwpSZXdhcmQ6IEV4cCAxODAwMCwgSmV4cCAxOTIwMA==,,,,,W1NvbGljaXRhw6fDo29dCl4zMTMxRkZbUHJlY2lzbyBEb3JtaXIhXV4wMDAwMDAgZm9pIGFjZWl0YS4=,,W1NvbGljaXR1ZCBkZSBMdW1pbl0KVWJpY2FjacOzbjogUGlyw6FtaWRlIHN1YnRlcnLDoW5lYSBkZSBNb3Jyb2NQMS4KT2JqZXRpdm86IERlcnJvdGEgYSAxMFZlcml0IHkgMTBNaW5vcm91cy4KUHJlbWlvOiAxODAwMGRlRVhQIHkgMTkyMDBkZUVYUGRlY2xhc2Uu
6ceBCQ,,UmVxdWVzdCBmcm9tIEx1bWluCl40RDRERkZbSW5zb21uaWFjXV4wMDAwMDAgUXVlc3QgYWNjZXB0ZWQu,,,,,W01pc3PDo28gY29tcGxldGFdCkxvY2FsOiBQaXLDom1pZGUgNMK6IHBpc28KT2JqZXRpdm86IENhw6dhciAyMCDDjXNpcwpSZWNvbXBlbnNhOiBeMzEzMUZGQsO0bnVzIGRvIEV2ZW50byArXjAwMDAwMCBFWFAgYmFzZSAxNjc0MCwgRVhQIGNsYXNzZSAxNzg4MA==,,U29saWNpdHVkIGRlIEx1bWluCl40RDRERkZbSW5zb21uaW9dXjAwMDAwMDogbWlzacOzbiBhY2VwdGFkYS4=
6seBCQ,,W1JlcXVlc3QgQ29tcGxldGVkXQpMb2NhdGlvbjogTW9ycm9jIFB5cmFtaWQgNEYKVGFyZ2V0OiBEZWZlYXQgMjAgSXNpcwpSZXdhcmQ6IEV4cCAyNTExMCwgSmV4cCAyNjgyMA==,,,,,W1NvbGljaXRhw6fDo29dCkxvY2FsOiBQaXLDom1pZGUgNMK6IHBpc28KT2JqZXRpdm86IENhw6dhciAyMCDDjXNpcwpSZWNvbXBlbnNhOiBeMzEzMUZGQsO0bnVzIGRvIEV2ZW50byArXjAwMDAwMCBFWFAgYmFzZSAxNjc0MCwgRVhQIGNsYXNzZSAxNzg4MA==,,W1NvbGljaXR1ZCBjb21wbGV0YWRhXQpVYmljYWNpw7NuOiBQaXLDoW1pZGUgZGUgTW9ycm9jUDQuCk9iamV0aXZvOiBEZXJyb3RhIGEgMjBJc2lzLgpQcmVtaW86IDI1MTEwZGVFWFAgeSAyNjgyMGRlRVhQZGVjbGFzZS4=
68eBCQ,,W1JlcXVlc3QgZnJvbSBFcm5lc3RdCkxvY2F0aW9uOiBNb3Jyb2MgUHlyYW1pZCA0RgpUYXJnZXQ6IERlZmVhdCAyMCBJc2lzClJld2FyZDogRXhwIDI1MTEwLCBKZXhwIDI2ODIw,,,,,W1NvbGljaXRhw6fDo29dCl4zMTMxRkZbTWV0YWRlIENvYnJhXV4wMDAwMDAgZm9pIGFjZWl0YS4=,,W1NvbGljaXR1ZCBkZSBFcm5lc3RdClViaWNhY2nDs246IFBpcsOhbWlkZSBkZSBNb3Jyb2NQNC4KT2JqZXRpdm86IERlcnJvdGEgYSAyMElzaXMuClByZW1pbzogMjUxMTBkZUVYUCB5IDI2ODIwZGVFWFBkZWNsYXNlLg==
7MeBCQ,,UmVxdWVzdCBmcm9tIEVybmVzdApeNEQ0REZGW0RlZmVhdCBJc2lzXV4wMDAwMDAgUXVlc3QgYWNjZXB0ZWQu,,,,,W01pc3PDo28gY29tcGxldGFdCkxvY2FsOiBFc2ZpbmdlIDHCuiBwaXNvCk9iamV0aXZvOiBDYcOnYXIgMTUgWmVyb20gZSAxNSBSZXF1aWVtClJlY29tcGVuc2E6IF4zMTMxRkZCw7RudXMgZG8gRXZlbnRvICteMDAwMDAwIEVYUCBiYXNlIDE5NDUwLCBFWFAgY2xhc3NlIDIwMDkw,,U29saWNpdHVkIGRlIEVybmVzdApeNEQ0REZGW0RlcnJvdGEgYSBJc2lzXV4wMDAwMDA6IG1pc2nDs24gYWNlcHRhZGEu
7ceBCQ,,W1JlcXVlc3QgQ29tcGxldGVkXQpMb2NhdGlvbjogTW9ycm9jIFNwaGlueCAxRgpUYXJnZXQ6IERlZmVhdCAxNSBaZXJvbSBhbmQgMTUgUmVxdWllbQpSZXdhcmQ6IEV4cCAyOTE3NSwgSmV4cCAzMDEzNQ==,,,,,W1NvbGljaXRhw6fDo29dCkxvY2FsOiBFc2ZpbmdlIDHCuiBwaXNvCk9iamV0aXZvOiBDYcOnYXIgMTUgWmVyb20gZSAxNSBSZXF1aWVtClJlY29tcGVuc2E6IF4zMTMxRkZCw7RudXMgZG8gRXZlbnRvICteMDAwMDAwIEVYUCBiYXNlIDE5NDUwLCBFWFAgY2xhc3NlIDIwMDkw,,W1NvbGljaXR1ZCBjb21wbGV0YWRhXQpVYmljYWNpw7NuOiBFc2ZpbmdlIGRlIE1vcnJvY1AxLgpPYmpldGl2bzogRGVycm90YSBhIDE1WmVyb20geSAxNVLDqXF1aWVtLgpQcmVtaW86IDI5MTc1ZGVFWFAgeSAzMDEzNWRlRVhQZGVjbGFzZS4=
7seBCQ,,W1JlcXVlc3QgZnJvbSBFcm5lc3RdCkxvY2F0aW9uOiBNb3Jyb2MgU3BoaW54IDFGClRhcmdldDogRGVmZWF0IDE1IFplcm9tIGFuZCAxNSBSZXF1aWVtClJld2FyZDogRXhwIDI5MTc1LCBKZXhwIDMwMTM1,,,,,W1NvbGljaXRhw6fDo29dCl4zMTMxRkZbUGVkcmVpcm9zXV4wMDAwMDAgZm9pIGFjZWl0YS4=,,W1NvbGljaXR1ZCBkZSBFcm5lc3RdClViaWNhY2nDs246IEVzZmluZ2UgZGUgTW9ycm9jUDEuCk9iamV0aXZvOiBEZXJyb3RhIGEgMTVaZXJvbSB5IDE1UsOpcXVpZW0uClByZW1pbzogMjkxNzVkZUVYUCB5IDMwMTM1ZGVFWFBkZWNsYXNlLg==
78eBCQ,,UmVxdWVzdCBmcm9tIEVybmVzdApeNEQ0REZGW1NwaGlueCdzIFdvcmtlcnNdXjAwMDAwMCBRdWVzdCBhY2NlcHRlZC4=,,,,,W01pc3PDo28gY29tcGxldGFdCkxvY2FsOiBFc2ZpbmdlIDItM8K6IHBpc28KT2JqZXRpdm86IENhw6dhciAxNSBNYXJkdWtzLCAxNSBQYXNhbmFzIGUgY29sZXRhciAxMCBBbnRpZ29zIFBhcGlyb3MKUmVjb21wZW5zYTogXjMxMzFGRkLDtG51cyBkbyBFdmVudG8gK14wMDAwMDAgRVhQIGJhc2UgMjU2NDAsIEVYUCBjbGFzc2UgMjQyMTA=,,U29saWNpdHVkIGRlIEVybmVzdApeNEQ0REZGW1RyYWJhamFkb3JlcyBkZSBsYSBlc2ZpbmdlXV4wMDAwMDA6IG1pc2nDs24gYWNlcHRhZGEu
8MeBCQ,,W1JlcXVlc3QgQ29tcGxldGVkXQpMb2NhdGlvbjogTW9ycm9jIFNwaGlueCAyLTNGClRhcmdldDogRGVmZWF0IDE1IE1hcmR1aywgMTUgUGFzYW5hLCBhbmQgYnJpbmcgMTAgT2xkIFBhcHlydXMKUmV3YXJkOiBFeHAgMzg0NjAsIEpleHAgMzYzMTU=,,,,,W1NvbGljaXRhw6fDo29dCkxvY2FsOiBFc2ZpbmdlIDItM8K6IHBpc28KT2JqZXRpdm86IENhw6dhciAxNSBNYXJkdWtzLCAxNSBQYXNhbmFzIGUgY29sZXRhciAxMCBBbnRpZ29zIFBhcGlyb3MKUmVjb21wZW5zYTogXjMxMzFGRkLDtG51cyBkbyBFdmVudG8gK14wMDAwMDAgRVhQIGJhc2UgMjU2NDAsIEVYUCBjbGFzc2UgMjQyMTA=,,W1NvbGljaXR1ZCBjb21wbGV0YWRhXQpVYmljYWNpw7NuOiBFc2ZpbmdlIGRlIE1vcnJvY1AyIHkgUDMuCk9iamV0aXZvOiBEZXJyb3RhIGEgMTVNYXJkdWssIDE1UGFzYW5hIHkgdHJhZSAxMFBhcHlydXMuClByZW1pbzogMzg0NjBkZUVYUCB5IDM2MzE1ZGVFWFBkZWNsYXNlLg==
8ceBCQ,,W1JlcXVlc3QgZnJvbSBFcm5lc3RdCkxvY2F0aW9uOiBNb3Jyb2MgU3BoaW54IDItM0YKVGFyZ2V0OiBEZWZlYXQgMTUgTWFyZHVrLCAxNSBQYXNhbmEsIGFuZCBicmluZyAxMCBPbGQgUGFweXJ1cwpSZXdhcmQ6IEV4cCAzODQ2MCwgSmV4cCAzNjMxNQ==,,,,,W1NvbGljaXRhw6fDo29dCl4zMTMxRkZbRW5pZ21hIGRhIEVzZmluZ2VdXjAwMDAwMCBmb2kgYWNlaXRhLg==,,W1NvbGljaXR1ZCBkZSBFcm5lc3RdClViaWNhY2nDs246IEVzZmluZ2UgZGUgTW9ycm9jUDIgeSBQMy4KT2JqZXRpdm86IERlcnJvdGEgYSAxNU1hcmR1aywgMTVQYXNhbmEgeSB0cmFlIDEwUGFweXJ1cy4KUHJlbWlvOiAzODQ2MGRlRVhQIHkgMzYzMTVkZUVYUGRlY2xhc2Uu
8seBCQ,,UmVxdWVzdCBmcm9tIEVybmVzdApeNEQ0REZGW1NlY3JldCBvZiB0aGUgU3BoaW54XV4wMDAwMDAgUXVlc3QgYWNjZXB0ZWQu,,,,,W01pc3PDo28gY29tcGxldGFdCkxvY2FsOiBTdWRlc3RlIGRlIE1vcnJvYwpPYmpldGl2bzogQ2HDp2FyIDEwIEFyZW5vc29zIGUgY29sZXRhciA1IFRvcnLDtWVzIGRlIEFyZWlhClJlY29tcGVuc2E6IF4zMTMxRkZCw7RudXMgZG8gRXZlbnRvICteMDAwMDAwIEVYUCBiYXNlIDEwODAwLCBFWFAgY2xhc3NlIDk2MDA=,,U29saWNpdHVkIGRlIEVybmVzdApeNEQ0REZGW1NlY3JldG8gZGUgbGEgZXNmaW5nZV1eMDAwMDAwOiBtaXNpw7NuIGFjZXB0YWRhLg==
88eBCQ,,W1JlcXVlc3QgQ29tcGxldGVkXQpMb2NhdGlvbjogU29ncmF0IERlc2VydApUYXJnZXQ6IERlZmVhdCAxMCBTYW5kbWFuIGFuZCBicmluZyA1IEdyaXQKUmV3YXJkOiBFeHAgMTYyMDAsIEpleHAgMTQ0MDA=,,,,,W1NvbGljaXRhw6fDo29dCkxvY2FsOiBTdWRlc3RlIGRlIE1vcnJvYwpPYmpldGl2bzogQ2HDp2FyIDEwIEFyZW5vc29zIGUgY29sZXRhciA1IFRvcnLDtWVzIGRlIEFyZWlhClJlY29tcGVuc2E6IF4zMTMxRkZCw7RudXMgZG8gRXZlbnRvICteMDAwMDAwIEVYUCBiYXNlIDEwODAwLCBFWFAgY2xhc3NlIDk2MDA=,,W1NvbGljaXR1ZCBjb21wbGV0YWRhXQpVYmljYWNpw7NuOiBEZXNpZXJ0byBTb2dyYXQKT2JqZXRpdm86IERlcnJvdGEgYSAxMEhvbWJyZXMgZGUgYXJlbmEgeSB0cmFlIDVkZUdyYW5vLgpQcmVtaW86IDE2MjAwZGVFWFAgeSAxNDQwMGRlRVhQZGVjbGFzZS4=
9MeBCQ,,W1JlcXVlc3QgZnJvbSBhIFN0dWRlbnRdCkxvY2F0aW9uOiBTb2dyYXQgRGVzZXJ0ClRhcmdldDogRGVmZWF0IDEwIFNhbmRtYW4gYW5kIGJyaW5nIDUgR3JpdApSZXdhcmQ6IEV4cCAxNjIwMCwgSmV4cCAxNDQwMA==,,,,,W1NvbGljaXRhw6fDo29dCl4zMTMxRkZbQXJlaWEgTW92ZWRpw6dhXV4wMDAwMDAgZm9pIGFjZWl0YS4=,,W1NvbGljaXR1ZCBkZSBlc3R1ZGlhbnRlXQpVYmljYWNpw7NuOiBEZXNpZXJ0byBTb2dyYXQKT2JqZXRpdm86IERlcnJvdGEgYSAxMEhvbWJyZXMgZGUgYXJlbmEgeSB0cmFlIDVkZUdyYW5vLgpQcmVtaW86IDE2MjAwZGVFWFAgeSAxNDQwMGRlRVhQZGVjbGFzZS4=
9ceBCQ,,UmVxdWVzdCBmcm9tIGEgU3R1ZGVudApeNEQ0REZGW0d1eXMgd2hvIGdldCBpbiB0aGUgd2F5XV4wMDAwMDAgUXVlc3QgYWNjZXB0ZWQu,,,,,W01pc3PDo28gY29tcGxldGFdCkxvY2FsOiBDYXZlcm5hIGRlIFBheW9uIDPCuiBwaXNvCk9iamV0aXZvOiBDYcOnYXIgMTUgTXVuYWtzLCAxNSBCb25ndW5zIGUgY29sZXRhciAxNSBBbXVsZXRvcwpSZWNvbXBlbnNhOiBeMzEzMUZGQsO0bnVzIGRvIEV2ZW50byArXjAwMDAwMCBFWFAgYmFzZSAxMzIwMCwgRVhQIGNsYXNzZSAxMjMwMA==,,U29saWNpdHVkIGRlIGVzdHVkaWFudGUKXjRENERGRltUaXBvcyBxdWUgZXN0b3JiYW5dXjAwMDAwMDogbWlzacOzbiBhY2VwdGFkYS4=
9seBCQ,,W1JlcXVlc3QgQ29tcGxldGVkXQpMb2NhdGlvbjogUGF5b24gRHVuZ2VvbiAzRgpUYXJnZXQ6IERlZmVhdCAxNSBNdW5haywgMTUgQm9uZ3VuLCBhbmQgYnJpbmcgMTUgQW11bGV0ClJld2FyZDogRXhwIDE5ODAwLCBKZXhwIDE4NDUw,,,,,W1NvbGljaXRhw6fDo29dCkxvY2FsOiBDYXZlcm5hIGRlIFBheW9uIDPCuiBwaXNvCk9iamV0aXZvOiBDYcOnYXIgMTUgTXVuYWtzLCAxNSBCb25ndW5zIGUgY29sZXRhciAxNSBBbXVsZXRvcwpSZWNvbXBlbnNhOiBeMzEzMUZGQsO0bnVzIGRvIEV2ZW50byArXjAwMDAwMCBFWFAgYmFzZSAxMzIwMCwgRVhQIGNsYXNzZSAxMjMwMA==,,W1NvbGljaXR1ZCBjb21wbGV0YWRhXQpVYmljYWNpw7NuOiBNYXptb3JyYSBkZSBQYXlvblAzLgpPYmpldGl2bzogRGVycm90YSBhIDE1TXVuYWssIDE1Qm9uZ3VuIHkgdHJhZSAxNUFtdWxldG9zLgpQcmVtaW86IDE5ODAwZGVFWFAgeSAxODQ1MGRlRVhQZGVjbGFzZS4=
98eBCQ,,W1JlcXVlc3QgZnJvbSBQYXlvbiBHdWFyZF0KTG9jYXRpb246IFBheW9uIER1bmdlb24gM0YKVGFyZ2V0OiBEZWZlYXQgMTUgTXVuYWssIDE1IEJvbmd1biwgYW5kIGJyaW5nIDE1IEFtdWxldApSZXdhcmQ6IEV4cCAxOTgwMCwgSmV4cCAxODQ1MA==,,,,,W1NvbGljaXRhw6fDo29dCl4zMTMxRkZbUml0dWFsIGRlIEV4b3JjaXNtb11eMDAwMDAwIGZvaSBhY2VpdGEu,,W1NvbGljaXR1ZCBkZSBsYSBndWFyZGlhIGRlIFBheW9uXQpVYmljYWNpw7NuOiBNYXptb3JyYSBkZSBQYXlvblAzLgpPYmpldGl2bzogRGVycm90YSBhIDE1TXVuYWssIDE1Qm9uZ3VuIHkgdHJhZSAxNUFtdWxldG9zLgpQcmVtaW86IDE5ODAwZGVFWFAgeSAxODQ1MGRlRVhQZGVjbGFzZS4=
+MeBCQ,,UmVxdWVzdCBmcm9tIFBheW9uIEd1YXJkCl40RDRERkZbU291bCBQdXJpZmljYXRpb24gUml0dWFsXV4wMDAwMDAgUXVlc3QgYWNjZXB0ZWQu,,,,,W01pc3PDo28gY29tcGxldGFdCkxvY2FsOiBDYXZlcm5hIGRlIFBheW9uIDTCuiBwaXNvCk9iamV0aXZvOiBDb2xldGFyIDEwIMOabHRpbW8gU3VzcGlybwpSZWNvbXBlbnNhOiBeMzEzMUZGQsO0bnVzIGRvIEV2ZW50byArXjAwMDAwMCBFWFAgYmFzZSA5NjAwLCBFWFAgY2xhc3NlIDk2MDA=,,U29saWNpdHVkIGRlIGxhIGd1YXJkaWEgZGUgUGF5b24KXjRENERGRltSaXR1YWwgZGUgcHVyaWZpY2FjacOzbiBkZWwgYWxtYV1eMDAwMDAwOiBtaXNpw7NuIGFjZXB0YWRhLg==
+ceBCQ,,W1JlcXVlc3QgQ29tcGxldGVkXQpMb2NhdGlvbjogUGF5b24gRHVuZ2VvbiA0RgpUYXJnZXQ6IEJyaW5nIDEwIFB1cmlmaWVkIEJvdHRsZXMgb2YgR2hvc3QKUmV3YXJkOiBFeHAgMTQ0MDAsIEpleHAgMTQ0MDA=,,,,,W1NvbGljaXRhw6fDo29dCkxvY2FsOiBDYXZlcm5hIGRlIFBheW9uIDTCuiBwaXNvCk9iamV0aXZvOiBDb2xldGFyIDEwIMOabHRpbW8gU3VzcGlybwpSZWNvbXBlbnNhOiBeMzEzMUZGQsO0bnVzIGRvIEV2ZW50byArXjAwMDAwMCBFWFAgYmFzZSA5NjAwLCBFWFAgY2xhc3NlIDk2MDA=,,W1NvbGljaXR1ZCBjb21wbGV0YWRhXQpVYmljYWNpw7NuOiBNYXptb3JyYSBkZSBQYXlvblA0LgpPYmpldGl2bzogVHJhZSAxMEJvdGVsbGFzIHB1cmlmaWNhZGFzIGRlIGZhbnRhc21hcy4KUHJlbWlvOiAxNDQwMGRlRVhQIHkgMTQ0MDBkZUVYUGRlY2xhc2Uu
+seBCQ,,W1JlcXVlc3QgZnJvbSBXYW5kZXJpbmcgTW9ua10KTG9jYXRpb246IFBheW9uIER1bmdlb24gNEYKVGFyZ2V0OiBCcmluZyAxMCBQdXJpZmllZCBCb3R0bGVzIG9mIEdob3N0ClJld2FyZDogRXhwIDE0NDAwLCBKZXhwIDE0NDAw,,,,,W1NvbGljaXRhw6fDo29dCl4zMTMxRkZbT2ZlcmVuZGEgYW9zIEVzcMOtcml0b3NdXjAwMDAwMCBmb2kgYWNlaXRhLg==,,W1NvbGljaXR1ZCBkZWwgTW9uamUgZXJyYW50ZV0KVWJpY2FjacOzbjogTWF6bW9ycmEgZGUgUGF5b25QNC4KT2JqZXRpdm86IFRyYWUgMTBCb3RlbGxhcyBwdXJpZmljYWRhcyBkZSBmYW50YXNtYXMuClByZW1pbzogMTQ0MDBkZUVYUCB5IDE0NDAwZGVFWFBkZWNsYXNlLg==
+8eBCQ,,UmVxdWVzdCBmcm9tIFdhbmRlcmluZyBNb25rCl40RDRERkZbVGhlIEJlc3QgTWVkaWNpbmVdXjAwMDAwMCBRdWVzdCBhY2NlcHRlZC4=,,,,,W01pc3PDo28gY29tcGxldGFdCkxvY2FsOiBDYXZlcm5hIGRlIFBheW9uIDTCuiBwaXNvCk9iamV0aXZvOiBDYcOnYXIgMTIgU29oZWVzIGUgY29sZXRhciAzIExlbsOnb3MgZGUgTWVuaW5hClJlY29tcGVuc2E6IF4zMTMxRkZCw7RudXMgZG8gRXZlbnRvICteMDAwMDAwIEVYUCBiYXNlIDEwNDgwLCBFWFAgY2xhc3NlIDEyNDAw,,U29saWNpdHVkIGRlbCBNb25qZSBlcnJhbnRlCl40RDRERkZbTGEgbWVqb3IgbWVkaWNpbmFdXjAwMDAwMDogbWlzacOzbiBhY2VwdGFkYS4=
/MeBCQ,,W1JlcXVlc3QgQ29tcGxldGVkXQpMb2NhdGlvbjogUGF5b24gRHVuZ2VvbiA0RgpUYXJnZXQ6IERlZmVhdCAxMiBTb2hlZSBhbmQgYnJpbmcgMyBHaXJsJ3MgSGFuZGtlcmNoaWVmClJld2FyZDogRXhwIDE1NzIwLCBKZXhwIDE4NjAw,,,,,W1NvbGljaXRhw6fDo29dCkxvY2FsOiBDYXZlcm5hIGRlIFBheW9uIDTCuiBwaXNvCk9iamV0aXZvOiBDYcOnYXIgMTIgU29oZWVzIGUgY29sZXRhciAzIExlbsOnb3MgZGUgTWVuaW5hClJlY29tcGVuc2E6IF4zMTMxRkZCw7RudXMgZG8gRXZlbnRvICteMDAwMDAwIEVYUCBiYXNlIDEwNDgwLCBFWFAgY2xhc3NlIDEyNDAw,,W1NvbGljaXR1ZCBjb21wbGV0YWRhXQpVYmljYWNpw7NuOiBNYXptb3JyYSBkZSBQYXlvblA0LgpPYmpldGl2bzogRGVycm90YSBhIDEyU29oZWUgeSB0cmFlIDNQYcOxdWVsb3MgZGUgY2hpY2EuClByZW1pbzogMTU3MjBkZUVYUCB5IDE4NjAwZGVFWFBkZWNsYXNlLg==
/ceBCQ,,W1JlcXVlc3QgZnJvbSBZb3VuZyBTY2hvbGFyXQpMb2NhdGlvbjogUGF5b24gRHVuZ2VvbiA0RgpUYXJnZXQ6IERlZmVhdCAxMiBTb2hlZSBhbmQgYnJpbmcgMyBHaXJsJ3MgSGFuZGtlcmNoaWVmClJld2FyZDogRXhwIDE1NzIwLCBKZXhwIDE4NjAw,,,,,W1NvbGljaXRhw6fDo29dCl4zMTMxRkZbQ2hlaXJvIGRlIE1hZ2lhXV4wMDAwMDAgZm9pIGFjZWl0YS4=,,W1NvbGljaXR1ZCBkZSB1biBqb3ZlbiBlcnVkaXRvXQpVYmljYWNpw7NuOiBNYXptb3JyYSBkZSBQYXlvblA0LgpPYmpldGl2bzogRGVycm90YSBhIDEyU29oZWUgeSB0cmFlIDNQYcOxdWVsb3MgZGUgY2hpY2EuClByZW1pbzogMTU3MjBkZUVYUCB5IDE4NjAwZGVFWFBkZWNsYXNlLg==
/seBCQ,,UmVxdWVzdCBmcm9tIFlvdW5nIFNjaG9sYXIKXjRENERGRltUcmFjZXMgb2YgR3JlYXQgTWFnaWNdXjAwMDAwMCBRdWVzdCBhY2NlcHRlZC4=,,,,,W01pc3PDo28gY29tcGxldGFdCkxvY2FsOiBUb3JyZSBkZSBHZWZmZW4gMcK6IHBpc28KT2JqZXRpdm86IENhw6dhciAxMCBNb3NjYXMgQ2HDp2Fkb3JhcwpSZWNvbXBlbnNhOiBeMzEzMUZGQsO0bnVzIGRvIEV2ZW50byArXjAwMDAwMCBFWFAgYmFzZSA4MDAwLCBFWFAgY2xhc3NlIDY4MDA=,,U29saWNpdHVkIGRlIHVuIGpvdmVuIGVydWRpdG8KXjRENERGRltSYXN0cm9zIGRlIG1hZ2lhXV4wMDAwMDA6IG1pc2nDs24gYWNlcHRhZGEu
/8eBCQ,,W1JlcXVlc3QgQ29tcGxldGVkXQpMb2NhdGlvbjogR2VmZmVuIFVuZGVyZ3JvdW5kIDFGClRhcmdldDogRGVmZWF0IDEwIEh1bnRlciBGbHkKUmV3YXJkOiBFeHAgMTIwMDAsIEpleHAgMTAyMDA=,,,,,W1NvbGljaXRhw6fDo29dCkxvY2FsOiBUb3JyZSBkZSBHZWZmZW4gMcK6IHBpc28KT2JqZXRpdm86IENhw6dhciAxMCBNb3NjYXMgQ2HDp2Fkb3JhcwpSZWNvbXBlbnNhOiBeMzEzMUZGQsO0bnVzIGRvIEV2ZW50byArXjAwMDAwMCBFWFAgYmFzZSA4MDAwLCBFWFAgY2xhc3NlIDY4MDA=,,W1NvbGljaXR1ZCBjb21wbGV0YWRhXQpVYmljYWNpw7NuOiBQaXNvIHN1YnRlcnLDoW5lbyBkZSBHZWZmZW5QMS4KT2JqZXRpdm86IERlcnJvdGEgYSAxME1vc2NhcyBjYXphZG9yYXMuClByZW1pbzogMTIwMDBkZUVYUCB5IDEwMjAwZGVFWFBkZWNsYXNlLg==
AMiBCQ,,W1JlcXVlc3QgZnJvbSBBcHByZW50aWNlIE1hZ2VdCkxvY2F0aW9uOiBHZWZmZW4gVW5kZXJncm91bmQgMUYKVGFyZ2V0OiBEZWZlYXQgMTAgSHVudGVyIEZseQpSZXdhcmQ6IEV4cCAxMjAwMCwgSmV4cCAxMDIwMA==,,,,,W1NvbGljaXRhw6fDo29dCl4zMTMxRkZbQ2HDp2Egw6AgQ2HDp2Fkb3JhXV4wMDAwMDAgZm9pIGFjZWl0YS4=,,W1NvbGljaXR1ZCBkZSBBcHJlbmRpeiBkZSBtYWdvXQpVYmljYWNpw7NuOiBQaXNvIHN1YnRlcnLDoW5lbyBkZSBHZWZmZW5QMS4KT2JqZXRpdm86IERlcnJvdGEgYSAxME1vc2NhcyBjYXphZG9yYXMuClByZW1pbzogMTIwMDBkZUVYUCB5IDEwMjAwZGVFWFBkZWNsYXNlLg==
AciBCQ,,UmVxdWVzdCBmcm9tIEFwcHJlbnRpY2UgTWFnZQpeNEQ0REZGW0h1bnRlcmZseSBIdW50aW5nXV4wMDAwMDAgUXVlc3QgYWNjZXB0ZWQu,,,,,W01pc3PDo28gY29tcGxldGFdCkxvY2FsOiBUb3JyZSBkZSBHZWZmZW4gMsK6IHBpc28gCk9iamV0aXZvOiBDYcOnYXIgMTAgQ2FybmnDp2FpcyBlIDEwIEpha2tzClJlY29tcGVuc2E6IF4zMTMxRkZCw7RudXMgZG8gRXZlbnRvICteMDAwMDAwIEVYUCBiYXNlIDE0ODAwLCBFWFAgY2xhc3NlIDEzNjYw,,U29saWNpdHVkIGRlIEFwcmVuZGl6IGRlIG1hZ28KXjRENERGRltDYWNlcsOtYSBkZSBtb3NjYXMgY2F6YWRvcmFzXV4wMDAwMDA6IG1pc2nDs24gYWNlcHRhZGEu
AsiBCQ,,W1JlcXVlc3QgQ29tcGxldGVkXQpMb2NhdGlvbjogR2VmZmVuIFVuZGVyZ3JvdW5kIDJGIApUYXJnZXQ6IERlZmVhdCAxMCBHaG91bCBhbmQgMTAgSmFrawpSZXdhcmQ6IEV4cCAyMjIwMCwgSmV4cCAyMDQ5MA==,,,,,W1NvbGljaXRhw6fDo29dCkxvY2FsOiBUb3JyZSBkZSBHZWZmZW4gMsK6IHBpc28gCk9iamV0aXZvOiBDYcOnYXIgMTAgQ2FybmnDp2FpcyBlIDEwIEpha2tzClJlY29tcGVuc2E6IF4zMTMxRkZCw7RudXMgZG8gRXZlbnRvICteMDAwMDAwIEVYUCBiYXNlIDE0ODAwLCBFWFAgY2xhc3NlIDEzNjYw,,W1NvbGljaXR1ZCBjb21wbGV0YWRhXQpVYmljYWNpw7NuOiBQaXNvIHN1YnRlcnLDoW5lbyAyIGRlIEdlZmZlbi4gCk9iamV0aXZvOiBEZXJyb3RhIGEgMTBOZWNyw7NmYWdvcyB5IDEwSmFray4KUHJlbWlvOiAyMjIwMGRlRVhQIHkgMjA0OTBkZUVYUGRlY2xhc2Uu
A8iBCQ,,W1JlcXVlc3QgZnJvbSBBcHByZW50aWNlIE1hZ2VdCkxvY2F0aW9uOiBHZWZmZW4gVW5kZXJncm91bmQgMkYgClRhcmdldDogRGVmZWF0IDEwIEdob3VsIGFuZCAxMCBKYWtrClJld2FyZDogRXhwIDIyMjAwLCBKZXhwIDIwNDkw,,,,,W1NvbGljaXRhw6fDo29dCl4zMTMxRkZbTWFnaWEgTWFsaWduYV1eMDAwMDAwIGZvaSBhY2VpdGEu,,W1NvbGljaXR1ZCBkZSBBcHJlbmRpeiBkZSBtYWdvXQpVYmljYWNpw7NuOiBQaXNvIHN1YnRlcnLDoW5lbyAyIGRlIEdlZmZlbi4gCk9iamV0aXZvOiBEZXJyb3RhIGEgMTBOZWNyw7NmYWdvcyB5IDEwSmFray4KUHJlbWlvOiAyMjIwMGRlRVhQIHkgMjA0OTBkZUVYUGRlY2xhc2Uu
BMiBCQ,,UmVxdWVzdCBmcm9tIEFwcHJlbnRpY2UgTWFnZQpeNEQ0REZGW0dob3VsIGFuZCBKYWtrIEh1bnRpbmddXjAwMDAwMCBRdWVzdCBhY2NlcHRlZC4=,,,,,W01pc3PDo28gY29tcGxldGFdCkxvY2FsOiBQcmFpYSBkZSBLb2tvbW8KT2JqZXRpdm86IENhw6dhciAxMCBMb250cmFzIGUgMTAgRm9jYXMKUmVjb21wZW5zYTogXjMxMzFGRkLDtG51cyBkbyBFdmVudG8gK14wMDAwMDAgRVhQIGJhc2UgMTAwMDAsIEVYUCBjbGFzc2UgMTAwMDA=,,U29saWNpdHVkIGRlIEFwcmVuZGl6IGRlIG1hZ28KXjRENERGRltDYWNlcsOtYSBkZSBOZWNyw7NmYWdvcyB5IEpha2tdXjAwMDAwMDogbWlzacOzbiBhY2VwdGFkYS4=
BciBCQ,,W1JlcXVlc3QgQ29tcGxldGVkXQpMb2NhdGlvbjogS29rb21vIEJlYWNoClRhcmdldDogRGVmZWF0IDEwIFNlYWwgYW5kIDEwIFNlYS1PdHRlcgpSZXdhcmQ6IEV4cCAxNTAwMCwgSmV4cCAxNTAwMA==,,,,,W1NvbGljaXRhw6fDo29dCkxvY2FsOiBQcmFpYSBkZSBLb2tvbW8KT2JqZXRpdm86IENhw6dhciAxMCBMb250cmFzIGUgMTAgRm9jYXMKUmVjb21wZW5zYTogXjMxMzFGRkLDtG51cyBkbyBFdmVudG8gK14wMDAwMDAgRVhQIGJhc2UgMTAwMDAsIEVYUCBjbGFzc2UgMTAwMDA=,,W1NvbGljaXR1ZCBjb21wbGV0YWRhXQpVYmljYWNpw7NuOiBQbGF5YSBkZSBLb2tvbW8uCk9iamV0aXZvOiBEZXJyb3RhIGEgMTBGb2NhcyB5IDEwTnV0cmlhcyBtYXJpbmFzLgpQcmVtaW86IDE1MDAwZGVFWFAgeSAxNTAwMGRlRVhQZGVjbGFzZS4=
BsiBCQ,,W1JlcXVlc3QgZnJvbSBWaWdpbGFudGUgR3JvdXAgTWVtYmVyXQpMb2NhdGlvbjogS29rb21vIEJlYWNoClRhcmdldDogRGVmZWF0IDEwIFNlYWwgYW5kIDEwIFNlYS1PdHRlcgpSZXdhcmQ6IEV4cCAxNTAwMCwgSmV4cCAxNTAwMA==,,,,,W1NvbGljaXRhw6fDo29dCl4zMTMxRkZbQW1pZ29zIG5hIFByYWlhXV4wMDAwMDAgZm9pIGFjZWl0YS4=,,W1NvbGljaXR1ZCBkZSB1biBtaWVtYnJvIGRlbCBncnVwbyBkZSBqdXN0aWNpZXJvc10KVWJpY2FjacOzbjogUGxheWEgZGUgS29rb21vLgpPYmpldGl2bzogRGVycm90YSBhIDEwRm9jYXMgeSAxME51dHJpYXMgbWFyaW5hcy4KUHJlbWlvOiAxNTAwMGRlRVhQIHkgMTUwMDBkZUVYUGRlY2xhc2Uu
B8iBCQ,,UmVxdWVzdCBmcm9tIFZpZ2lsYW50ZSBHcm91cCBNZW1iZXIKXjRENERGRltDdXRlIFNjb3VuZHJlbHNdXjAwMDAwMCBRdWVzdCBhY2NlcHRlZC4=,,,,,W01pc3PDo28gY29tcGxldGFdCkxvY2FsOiBDYXZlcm5hIEx1YW5kYQpPYmpldGl2bzogQ2HDp2FyIDEwIE1lZ2FsaXRocywgMTAgVHJpbG9iaXRhcyBlIDEwIEdvbGVucyBFc3RhbGFjdMOtdGljb3MKUmVjb21wZW5zYTogXjMxMzFGRkLDtG51cyBkbyBFdmVudG8gK14wMDAwMDAgRVhQIGJhc2UgMjAwMDAsIEVYUCBjbGFzc2UgMjAwMDA=,,U29saWNpdHVkIGRlIHVuIG1pZW1icm8gZGVsIGdydXBvIGRlIGp1c3RpY2llcm9zCl40RDRERkZbQWRvcmFibGVzIG1hbcOtZmVyb3MgbWFyaW5vc11eMDAwMDAwOiBtaXNpw7NuIGFjZXB0YWRhLg==
CMiBCQ,,W1JlcXVlc3QgQ29tcGxldGVkXQpMb2NhdGlvbjogTm9ydGhlcm4gQ29tb2RvIENhdmUgTHVhbmRhClRhcmdldDogRGVmZWF0IDEwIFN0YWxhY3RpYyBHb2xlbSwgNSBUcmlqb2ludCwgYW5kIDUgTWVnYWxpdGgKUmV3YXJkOiBFeHAgMzAwMDAsIEpleHAgMzAwMDA=,,,,,W1NvbGljaXRhw6fDo29dCkxvY2FsOiBDYXZlcm5hIEx1YW5kYQpPYmpldGl2bzogQ2HDp2FyIDEwIE1lZ2FsaXRocywgMTAgVHJpbG9iaXRhcyBlIDEwIEdvbGVucyBFc3RhbGFjdMOtdGljb3MKUmVjb21wZW5zYTogXjMxMzFGRkLDtG51cyBkbyBFdmVudG8gK14wMDAwMDAgRVhQIGJhc2UgMjAwMDAsIEVYUCBjbGFzc2UgMjAwMDA=,,W1NvbGljaXR1ZCBjb21wbGV0YWRhXQpVYmljYWNpw7NuOiBDdWV2YSBkZSBMdWFuZGEgZW4gZWwgbm9ydGUgZGUgQ29tb2RvCk9iamV0aXZvOiBEZXJyb3RhIGEgMTBHw7NsZW1zIGRlIGVzdGFsYWN0aXRhLCA1VHJpbG9iaXRhcyB5IDVNZWdhbGl0aC4KUHJlbWlvOiAzMDAwMGRlRVhQIHkgMzAwMDBkZUVYUGRlY2xhc2Uu
CciBCQ,,W1JlcXVlc3QgZnJvbSBWaWdpbGFudGUgR3JvdXAgTWVtYmVyXQpMb2NhdGlvbjogTm9ydGhlcm4gQ29tb2RvIENhdmUgTHVhbmRhClRhcmdldDogRGVmZWF0IDEwIFN0YWxhY3RpYyBHb2xlbSwgNSBUcmlqb2ludCwgYW5kIDUgTWVnYWxpdGgKUmV3YXJkOiBFeHAgMzAwMDAsIEpleHAgMzAwMDA=,,,,,W1NvbGljaXRhw6fDo29dCl4zMTMxRkZbRHVybyBjb21vIFBlZHJhXV4wMDAwMDAgZm9pIGFjZWl0YS4=,,W1NvbGljaXR1ZCBkZSB1biBtaWVtYnJvIGRlbCBncnVwbyBkZSBqdXN0aWNpZXJvc10KVWJpY2FjacOzbjogQ3VldmEgZGUgTHVhbmRhIGVuIGVsIG5vcnRlIGRlIENvbW9kbwpPYmpldGl2bzogRGVycm90YSBhIDEwR8OzbGVtcyBkZSBlc3RhbGFjdGl0YSwgNVRyaWxvYml0YXMgeSA1TWVnYWxpdGguClByZW1pbzogMzAwMDBkZUVYUCB5IDMwMDAwZGVFWFBkZWNsYXNlLg==
CsiBCQ,,UmVxdWVzdCBmcm9tIFZpZ2lsYW50ZSBHcm91cCBNZW1iZXIKXjRENERGRltTdGlmZiBGZWxsb3dzXV4wMDAwMDAgUXVlc3QgYWNjZXB0ZWQu,,,,,W01pc3PDo28gY29tcGxldGFdCkxvY2FsOiBGbG9yZXN0YSBQYXB1Y2hpY2EKT2JqZXRpdm86IENhw6dhciAxNSBHcm9vdmUgZSAxMCBDcm9jb2RpbG9zClJlY29tcGVuc2E6IF4zMTMxRkZCw7RudXMgZG8gRXZlbnRvICteMDAwMDAwIEVYUCBiYXNlIDE1MDAwLCBFWFAgY2xhc3NlIDE1MDAw,,U29saWNpdHVkIGRlIHVuIG1pZW1icm8gZGVsIGdydXBvIGRlIGp1c3RpY2llcm9zCl40RDRERkZbRHVyb3MgZGUgcm9lcl1eMDAwMDAwOiBtaXNpw7NuIGFjZXB0YWRhLg==
C8iBCQ,,W1JlcXVlc3QgQ29tcGxldGVkXQpMb2NhdGlvbjogQ29tb2RvIFBhcHVjaGljaGEgRm9yZXN0ClRhcmdldDogRGVmZWF0IDE1IEdyb3ZlIGFuZCAxMCBBbGxpZ2F0b3IKUmV3YXJkOiBFeHAgMjI1MDAsIEpleHAgMjI1MDA=,,,,,W1NvbGljaXRhw6fDo29dCkxvY2FsOiBGbG9yZXN0YSBQYXB1Y2hpY2EKT2JqZXRpdm86IENhw6dhciAxNSBHcm9vdmUgZSAxMCBDcm9jb2RpbG9zClJlY29tcGVuc2E6IF4zMTMxRkZCw7RudXMgZG8gRXZlbnRvICteMDAwMDAwIEVYUCBiYXNlIDE1MDAwLCBFWFAgY2xhc3NlIDE1MDAw,,W1NvbGljaXR1ZCBjb21wbGV0YWRhXQpVYmljYWNpw7NuOiBCb3NxdWUgZGUgUGFwdWNoaWNoYSBlbiBDb21vZG8KT2JqZXRpdm86IERlcnJvdGEgYSAxNUFyYm9sZWRhcyB5IDEwQ29jb2RyaWxvcy4KUHJlbWlvOiAyMjUwMGRlRVhQIHkgMjI1MDBkZUVYUGRlY2xhc2Uu
DMiBCQ,,W1JlcXVlc3QgZnJvbSBFeHBsb3Jlcl0KTG9jYXRpb246IENvbW9kbyBQYXB1Y2hpY2hhIEZvcmVzdApUYXJnZXQ6IERlZmVhdCAxNSBHcm92ZSBhbmQgMTAgQWxsaWdhdG9yClJld2FyZDogRXhwIDIyNTAwLCBKZXhwIDIyNTAw,,,,,W1NvbGljaXRhw6fDo29dCl4zMTMxRkZbQSBDb3IgVmVyZGVdXjAwMDAwMCBmb2kgYWNlaXRhLg==,,W1NvbGljaXR1ZCBkZWwgZXhwbG9yYWRvcl0KVWJpY2FjacOzbjogQm9zcXVlIGRlIFBhcHVjaGljaGEgZW4gQ29tb2RvCk9iamV0aXZvOiBEZXJyb3RhIGEgMTVBcmJvbGVkYXMgeSAxMENvY29kcmlsb3MuClByZW1pbzogMjI1MDBkZUVYUCB5IDIyNTAwZGVFWFBkZWNsYXNlLg==
DciBCQ,,UmVxdWVzdCBmcm9tIEV4cGxvcmVyCl40RDRERkZbR3Jvc3MgRmVsbG93c11eMDAwMDAwIFF1ZXN0IGFjY2VwdGVkLg==,,,,,TWlzc8O1ZXMgNzAgLSA5OQ==,,U29saWNpdHVkIGRlbCBleHBsb3JhZG9yCl40RDRERkZbQ3VlbnRhIHBlbmRpZW50ZV1eMDAwMDAwOiBtaXNpw7NuIGFjZXB0YWRhLg==
DsiBCQ,,NzB+OTkgUmVxdWVzdCBCdWxsZXRpbiBCb2FyZA==,,,,,XkZGNDgwMChFbSBDdXJzbykgUHJvdGVnZXIgYSBBY2FkZW1pYSBeMDAwMDAw,,NzB+OTkgUmVxdWVzdCBCdWxsZXRpbiBCb2FyZA==
D8iBCQ,,XjhDOEM4Q0ltcHJvdmUgU2Nob29sIFNhZmV0eSAoSW4gUHJvZ3Jlc3MpXjAwMDAwMA==,,,,,XkZGNDgwMChFbSBFc3BlcmEpIFByb3RlZ2VyIGEgQWNhZGVtaWEgXjAwMDAwMA==,,XkEyMzE0Qk1lam9yYXIgbGEgc2VndXJpZGFkIGVzY29sYXIgKGVuIGN1cnNvKV4wMDAwMDA=
EMiBCQ,,XjhDOEM4Q0ltcHJvdmUgU2Nob29sIFNhZmV0eSAoV2FpdGluZyleMDAwMDAw,,,,,WzcwXSBQcm90ZWdlciBhIEFjYWRlbWlh,,XkEyMzE0Qk1lam9yYXIgbGEgc2VndXJpZGFkIGVzY29sYXIgKGVuIGVzcGVyYSleMDAwMDAw
EciBCQ,,SW1wcm92ZSBTY2hvb2wgU2FmZXR5IFs3MF0=,,,,,XkZGNDgwMChFbSBDdXJzbykgSXRlbnMgVmFsaW9zb3MgXjAwMDAwMA==,,TWVqb3JhciBsYSBzZWd1cmlkYWQgZXNjb2xhciBbNzBd
EsiBCQ,,XjhDOEM4Q0dyb3VuZGJyZWFraW5nIEJ1c2luZXNzIEl0ZW0gKEluIFByb2dyZXNzKV4wMDAwMDA=,,,,,XkZGNDgwMMOIKEVtIEVzcGVyYSkgSXRlbnMgVmFsaW9zb3MgXjAwMDAwMA==,,XkEyMzE0Qk11ZXN0cmEgZGUgb2JqZXRvIGRlIG5lZ29jaW9zIChlbiBjdXJzbyleMDAwMDAw
E8iBCQ,,XjhDOEM4Q0dyb3VuZGJyZWFraW5nIEJ1c2luZXNzIEl0ZW0gKFdhaXRpbmcpXjAwMDAwMA==,,,,,WzcwXSBJdGVucyBWYWxpb3Nvcw==,,XkEyMzE0Qk11ZXN0cmEgZGUgb2JqZXRvIGRlIG5lZ29jaW9zIChlbiBlc3BlcmEpXjAwMDAwMA==
FMiBCQ,,R3JvdW5kYnJlYWtpbmcgQnVzaW5lc3MgSXRlbSBbNzBd,,,,,XkZGNDgwMChFbSBDdXJzbykgQW5pbWFpcyBubyBDYW1wdXMgXjAwMDAwMA==,,TXVlc3RyYSBkZSBvYmpldG8gZGUgbmVnb2Npb3MgWzcwXQ==
FciBCQ,,XjhDOEM4Q0EgU29saWQgRmluaXNoIChJbiBQcm9ncmVzcyleMDAwMDAw,,,,,XkZGNDgwMChFbSBFc3BlcmEpIEFuaW1haXMgbm8gQ2FtcHVzIF4wMDAwMDA=,,XkEyMzE0QkFzdW50byB0ZXJtaW5hZG8gKGVuIGN1cnNvKV4wMDAwMDA=
FsiBCQ,,XjhDOEM4Q0EgU29saWQgRmluaXNoIChXYWl0aW5nKV4wMDAwMDA=,,,,,WzcwXSBBbmltYWlzIG5vIENhbXB1cw==,,XkEyMzE0QkFzdW50byB0ZXJtaW5hZG8gKGVuIGVzcGVyYSleMDAwMDAw
F8iBCQ,,QSBTb2xpZCBGaW5pc2ggWzcwXQ==,,,,,XkZGNDgwMChFbSBDdXJzbykgRmF4aW5hIG5hIFRvcnJlIF4wMDAwMDA=,,QXN1bnRvIHRlcm1pbmFkbyBbNzBd
GMiBCQ,,XjhDOEM4Q0NsZWFuIENsb2NrIFRvd2VyIDFGIChJbiBQcm9ncmVzcyleMDAwMDAw,,,,,XkZGNDgwMChFbSBFc3BlcmEpIEZheGluYSBuYSBUb3JyZSBeMDAwMDAw,,XkEyMzE0QkxpbXBpYXIgbGEgVG9ycmUgZGUgY2FtcGFuYSBzdXBlcmlvclAxIChlbiBjdXJzbyleMDAwMDAw
GciBCQ,,XjhDOEM4Q0NsZWFuIENsb2NrIFRvd2VyIDFGIChXYWl0aW5nKV4wMDAwMDA=,,,,,WzcwXSBGYXhpbmEgbmEgVG9ycmU=,,XkEyMzE0QkxpbXBpYXIgbGEgVG9ycmUgZGUgY2FtcGFuYSBzdXBlcmlvclAxIChlbiBlc3BlcmEpXjAwMDAwMA==
GsiBCQ,,Q2xlYW4gQ2xvY2sgVG93ZXIgMUYgWzcwXQ==,,,,,XkZGNDgwMChFbSBDdXJzbykgT2JqZXRvIEFuaW1hZG8gXjAwMDAwMA==,,TGltcGlhciBsYSBUb3JyZSBkZSBjYW1wYW5hIHN1cGVyaW9yUDEgWzcwXQ==
G8iBCQ,,XjhDOEM4Q0EgTGl2aW5nLCBNb3ZpbmcgQ2xvY2sgMSAoSW4gUHJvZ3Jlc3MpXjAwMDAwMA==,,,,,XkZGNDgwMChFbSBFc3BlcmEpIE9iamV0byBBbmltYWRvIF4wMDAwMDA=,,XkEyMzE0QlJlbG9qIHZpdm8geSBlbiBtb3ZpbWllbnRvMSAoZW4gY3Vyc28pXjAwMDAwMA==
HMiBCQ,,XjhDOEM4Q0EgTGl2aW5nLCBNb3ZpbmcgQ2xvY2sgMSAoV2FpdGluZyleMDAwMDAw,,,,,WzgwXSBPYmpldG8gQW5pbWFkbw==,,XkEyMzE0QlJlbG9qIHZpdm8geSBlbiBtb3ZpbWllbnRvMSAoZW4gZXNwZXJhKV4wMDAwMDA=
HciBCQ,,QSBMaXZpbmcsIE1vdmluZyBDbG9jayAxIFs4MF0=,,,,,XkZGNDgwMChFbSBDdXJzbykgT2JqZXRvIFZpdm8gXjAwMDAwMA==,,UmVsb2ogdml2byB5IGVuIG1vdmltaWVudG8xIFs4MF0=
HsiBCQ,,XjhDOEM4Q0EgTGl2aW5nLCBNb3ZpbmcgQ2xvY2sgMiAoSW4gUHJvZ3Jlc3MpXjAwMDAwMA==,,,,,XkZGNDgwMChFbSBFc3BlcmEpIE9iamV0byBWaXZvIF4wMDAwMDA=,,XkEyMzE0QlJlbG9qIHZpdm8geSBlbiBtb3ZpbWllbnRvMiAoZW4gY3Vyc28pXjAwMDAwMA==
H8iBCQ,,XjhDOEM4Q0EgTGl2aW5nLCBNb3ZpbmcgQ2xvY2sgMiAoV2FpdGluZyleMDAwMDAw,,,,,WzgwXSBPYmpldG8gVml2bw==,,XkEyMzE0QlJlbG9qIHZpdm8geSBlbiBtb3ZpbWllbnRvMiAoRW4gZXNwZXJhKV4wMDAwMDA=
IMiBCQ,,QSBMaXZpbmcsIE1vdmluZyBDbG9jayAyIFs4MF0=,,,,,XkZGNDgwMChFbSBDdXJzbykgUmlzYWRhcyBubyBTdWJzb2xvIF4wMDAwMDA=,,UmVsb2ogdml2byB5IGVuIG1vdmltaWVudG8yIFs4MF0=
IciBCQ,,XjhDOEM4Q0xhdWdodGVyIGZyb20gVW5kZXJncm91bmQgKEluIFByb2dyZXNzKV4wMDAwMDA=,,,,,XkZGNDgwMChFbSBFc3BlcmEpIFJpc2FkYXMgbm8gU3Vic29sbyBeMDAwMDAw,,XkEyMzE0QlJpc2FzIHN1YnRlcnLDoW5lYXMgKGVuIGN1cnNvKV4wMDAwMDA=
IsiBCQ,,XjhDOEM4Q0xhdWdodGVyIGZyb20gVW5kZXJncm91bmQgKFdhaXRpbmcpXjAwMDAwMA==,,,,,WzgwXSBSaXNhZGFzIG5vIFN1YnNvbG8=,,XkEyMzE0QlJpc2FzIHN1YnRlcnLDoW5lYXMgKGVuIGVzcGVyYSleMDAwMDAw
I8iBCQ,,TGF1Z2h0ZXIgZnJvbSBVbmRlcmdyb3VuZCBbODBd,,,,,XkZGNDgwMChFbSBDdXJzbykgUHVyaWZpY2FuZG8gbyBMdWdhciBeMDAwMDAw,,UmlzYXMgc3VidGVycsOhbmVhcyBbODBd
JMiBCQ,,XjhDOEM4Q01vbmFzdGVyeSBQdXJpZmljYXRpb24gKEluIFByb2dyZXNzKV4wMDAwMDA=,,,,,XkZGNDgwMChFbSBFc3BlcmEpIFB1cmlmaWNhbmRvIG8gTHVnYXIgXjAwMDAwMA==,,XkEyMzE0QlB1cmlmaWNhY2nDs24gZGVsIG1vbmFzdGVyaW8gKGVuIGN1cnNvKV4wMDAwMDA=
JciBCQ,,XjhDOEM4Q01vbmFzdGVyeSBQdXJpZmljYXRpb24gKFdhaXRpbmcpXjAwMDAwMA==,,,,,WzcwXSBQdXJpZmljYW5kbyBvIEx1Z2Fy,,XkEyMzE0QlB1cmlmaWNhY2nDs24gZGVsIG1vbmFzdGVyaW8gKGVuIGVzcGVyYSleMDAwMDAw
JsiBCQ,,TW9uYXN0ZXJ5IFB1cmlmaWNhdGlvbiBbNzBd,,,,,XkZGNDgwMChFbSBDdXJzbykgQ2VtaXTDqXJpbyBkZSBTYWNlcmRvdGVzIF4wMDAwMDA=,,UHVyaWZpY2FjacOzbiBkZWwgbW9uYXN0ZXJpbyBbNzBd
J8iBCQ,,XjhDOEM4Q0NhdGFjb21iIFN0YWJpbGl6YXRpb24gKEluIFByb2dyZXNzKV4wMDAwMDA=,,,,,XkZGNDgwMChFbSBFc3BlcmEpIENlbWl0w6lyaW8gZGUgU2FjZXJkb3RlcyBeMDAwMDAw,,XkEyMzE0QkVzdGFiaWxpemFjacOzbiBkZSBsYSBjYXRhY3VtYmEgKGVuIGN1cnNvKV4wMDAwMDA=
KMiBCQ,,XjhDOEM4Q0NhdGFjb21iIFN0YWJpbGl6YXRpb24gKFdhaXRpbmcpXjAwMDAwMA==,,,,,WzkwXSBDZW1pdMOpcmlvIGRlIFNhY2VyZG90ZXM=,,XkEyMzE0QkVzdGFiaWxpemFjacOzbiBkZSBsYSBjYXRhY3VtYmEgKGVuIGVzcGVyYSleMDAwMDAw
KciBCQ,,Q2F0YWNvbWIgU3RhYmlsaXphdGlvbiBbOTBd,,,,,XkZGNDgwMChFbSBDdXJzbykgRHJhZ8O1ZXMgRm9maW5ob3MgXjAwMDAwMA==,,RXN0YWJpbGl6YWNpw7NuIGRlIGxhIGNhdGFjdW1iYSBbOTBd
KsiBCQ,,XjhDOEM4Q0N1dGUgU2t5IFBldGl0ZSAoSW4gUHJvZ3Jlc3MpXjAwMDAwMA==,,,,,XkZGNDgwMChFbSBFc3BlcmEpIERyYWfDtWVzIEZvZmluaG9zIF4wMDAwMDA=,,XkEyMzE0QlBldGl0ZSBjZWxlc3RpYWwgYWRvcmFibGUgKGVuIGN1cnNvKV4wMDAwMDA=
K8iBCQ,,XjhDOEM4Q0N1dGUgU2t5IFBldGl0ZSAoV2FpdGluZyleMDAwMDAw,,,,,Wzc1XSBEcmFnw7VlcyBGb2Zpbmhvcw==,,UGV0aXRlIGNlbGVzdGlhbCBhZG9yYWJsZSAoZW4gZXNwZXJhKV4wMDAwMDA=
LMiBCQ,,Q3V0ZSBTa3kgUGV0aXRlIFs3NV0=,,,,,XkZGNDgwMChFbSBDdXJzbykgRHJhZ8O1ZXMgRm9ydGluaG9zIF4wMDAwMDA=,,UGV0aXRlIGNlbGVzdGlhbCBhZG9yYWJsZSBbNzVd
LciBCQ,,XjhDOEM4Q0N1dGUgR3JvdW5kIFBldGl0ZSAoSW4gUHJvZ3Jlc3MpXjAwMDAwMA==,,,,,XkZGNDgwMChFbSBFc3BlcmEpIERyYWfDtWVzIEZvcnRpbmhvcyBeMDAwMDAw,,XkEyMzE0QlBldGl0ZSB0ZXJyZXN0cmUgYWRvcmFibGUgKGVuIGN1cnNvKV4wMDAwMDA=
LsiBCQ,,XjhDOEM4Q0N1dGUgR3JvdW5kIFBldGl0ZSAoV2FpdGluZyleMDAwMDAw,,,,,Wzc1XSBEcmFnw7VlcyBGb3J0aW5ob3M=,,XkEyMzE0QlBldGl0ZSB0ZXJyZXN0cmUgYWRvcmFibGUgKGVuIGVzcGVyYSleMDAwMDAw
L8iBCQ,,Q3V0ZSBHcm91bmQgUGV0aXRlIFs3NV0=,,,,,XkZGNDgwMChFbSBDdXJzbykgU2VyZXMgRGVtb27DrWFjb3MgXjAwMDAwMA==,,UGV0aXRlIHRlcnJlc3RyZSBhZG9yYWJsZSBbNzVd
MMiBCQ,,XjhDOEM4Q01hcmlvbmV0dGUgYW5kIERldmlydWNoaSBIdW50aW5nIChJbiBQcm9ncmVzcyleMDAwMDAw,,,,,XkZGNDgwMChFbSBFc3BlcmEpIFNlcmVzIERlbW9uw61hY29zIF4wMDAwMDA=,,XkEyMzE0QkNhY2Vyw61hIGRlIE1hcmlvbmV0YSB5IERldmlydWNoaSAoZW4gY3Vyc28pXjAwMDAwMA==
MciBCQ,,XjhDOEM4Q01hcmlvbmV0dGUgYW5kIERldmlydWNoaSBIdW50aW5nIChXYWl0aW5nKV4wMDAwMDA=,,,,,WzgwXSBTZXJlcyBEZW1vbsOtYWNvcw==,,XkEyMzE0QkNhY2Vyw61hIGRlIE1hcmlvbmV0YSB5IERldmlydWNoaSAoZW4gZXNwZXJhKV4wMDAwMDA=
MsiBCQ,,TWFyaW9uZXR0ZSBhbmQgRGV2aXJ1Y2hpIEh1bnRpbmcgWzgwXQ==,,,,,XkZGNDgwMChFbSBDdXJzbykgQ2F2YWxvcyBTaW5pc3Ryb3MgXjAwMDAwMA==,,Q2FjZXLDrWEgZGUgTWFyaW9uZXRhIHkgRGV2aXJ1Y2hpIFs4MF0=
M8iBCQ,,XjhDOEM4Q1JpZGluZyBhIE5pZ2h0bWFyZSAoSW4gUHJvZ3Jlc3MpXjAwMDAwMA==,,,,,XkZGNDgwMChFbSBFc3BlcmEpIENhdmFsb3MgU2luaXN0cm9zIF4wMDAwMDA=,,XkEyMzE0QlBlc2FkaWxsYSBnYWxvcGFudGUgKGVuIGN1cnNvKV4wMDAwMDA=
NMiBCQ,,XjhDOEM4Q1JpZGluZyBhIE5pZ2h0bWFyZSAoV2FpdGluZyleMDAwMDAw,,,,,WzgwXSBDYXZhbG9zIFNpbmlzdHJvcw==,,XkEyMzE0QlBlc2FkaWxsYSBnYWxvcGFudGUgKGVuIGVzcGVyYSleMDAwMDAw
NciBCQ,,UmlkaW5nIGEgTmlnaHRtYXJlIFs4MF0=,,,,,XkZGNDgwMChFbSBDdXJzbykgUGF0cnVsaGFtZW50byBeMDAwMDAw,,UGVzYWRpbGxhIGdhbG9wYW50ZSBbODBd
NsiBCQ,,XjhDOEM4Q0NsZWFuIHVwIHRoZSBzdXJyb3VuZGluZ3MsIHBsZWFzZSAoSW4gUHJvZ3Jlc3MpXjAwMDAwMA==,,,,,XkZGNDgwMChFbSBFc3BlcmEpIFBhdHJ1bGhhbWVudG8gXjAwMDAwMA==,,XkEyMzE0QkRlc3BlamFyIGVsIMOhcmVhIChlbiBjdXJzbyleMDAwMDAw
N8iBCQ,,XjhDOEM4Q0NsZWFuIHVwIHRoZSBzdXJyb3VuZGluZ3MsIHBsZWFzZSAoV2FpdGluZyleMDAwMDAw,,,,,WzgwXSBQYXRydWxoYW1lbnRv,,XkEyMzE0QkRlc3BlamFyIGVsIMOhcmVhIChlbiBlc3BlcmEpXjAwMDAwMA==
OMiBCQ,,Q2xlYW4gdXAgdGhlIHN1cnJvdW5kaW5ncywgcGxlYXNlIFs4MF0=,,,,,XkZGNDgwMChFbSBDdXJzbykgR2FzZXMgVmVuZW5vc29zIF4wMDAwMDA=,,RGVzcGVqYXIgZWwgw6FyZWEgWzgwXQ==
OciBCQ,,XjhDOEM4Q0Zsb2F0aW5nIFRveGljIEdhcyAxIChJbiBQcm9ncmVzcyleMDAwMDAw,,,,,XkZGNDgwMChFbSBFc3BlcmEpIEdhc2VzIFZlbmVub3NvcyBeMDAwMDAw,,XkEyMzE0QkdhcyB0w7N4aWNvIGZsb3RhbnRlMSAoZW4gY3Vyc28pXjAwMDAwMA==
OsiBCQ,,XjhDOEM4Q0Zsb2F0aW5nIFRveGljIEdhcyAxIChXYWl0aW5nKV4wMDAwMDA=,,,,,WzgwXSBHYXNlcyBWZW5lbm9zb3M=,,XkEyMzE0QkdhcyB0w7N4aWNvIGZsb3RhbnRlMSAoZW4gZXNwZXJhKV4wMDAwMDA=
O8iBCQ,,RmxvYXRpbmcgVG94aWMgR2FzIDEgWzgwXQ==,,,,,XkZGNDgwMChFbSBDdXJzbykgR2FzZXMgVMOzeGljb3MgXjAwMDAwMA==,,R2FzIHTDs3hpY28gZmxvdGFudGUxIFs4MF0=
PMiBCQ,,XjhDOEM4Q0Zsb2F0aW5nIFRveGljIEdhcyAyIChJbiBQcm9ncmVzcyleMDAwMDAw,,,,,XkZGNDgwMChFbSBFc3BlcmEpIEdhc2VzIFTDs3hpY29zIF4wMDAwMDA=,,XkEyMzE0QkdhcyB0w7N4aWNvIGZsb3RhbnRlMiAoZW4gY3Vyc28pXjAwMDAwMA==
PciBCQ,,XjhDOEM4Q0Zsb2F0aW5nIFRveGljIEdhcyAyIChXYWl0aW5nKV4wMDAwMDA=,,,,,WzgwXSBHYXNlcyBUw7N4aWNvcw==,,XkEyMzE0QkdhcyB0w7N4aWNvIGZsb3RhbnRlMiAoZW4gZXNwZXJhKV4wMDAwMDA=
PsiBCQ,,RmxvYXRpbmcgVG94aWMgR2FzIDIgWzgwXQ==,,,,,XkZGNDgwMChFbSBDdXJzbykgQm9uZWNvIEFzc2Fzc2lubyBeMDAwMDAw,,R2FzIHTDs3hpY28gZmxvdGFudGUyIFs4MF0=
P8iBCQ,,XjhDOEM4Q0N1dGUgYW5kIFRlcnJpYmxlIChJbiBQcm9ncmVzcyleMDAwMDAw,,,,,XkZGNDgwMChFbSBFc3BlcmEpIEJvbmVjbyBBc3Nhc3Npbm8gXjAwMDAwMA==,,XkEyMzE0QkFkb3JhYmxlIHkgdGVycmlibGUgKGVuIGN1cnNvKV4wMDAwMDA=
QMiBCQ,,XjhDOEM4Q0N1dGUgYW5kIFRlcnJpYmxlIChXYWl0aW5nKV4wMDAwMDA=,,,,,WzgwXSBCb25lY28gQXNzYXNzaW5v,,XkEyMzE0QkFkb3JhYmxlIHkgdGVycmlibGUgKGVuIGVzcGVyYSleMDAwMDAw
QciBCQ,,Q3V0ZSBhbmQgVGVycmlibGUgWzgwXQ==,,,,,XkZGNDgwMChFbSBDdXJzbykgVHJhYmFsaGFkb3JlcyBkYSBNaW5hIF4wMDAwMDA=,,QWRvcmFibGUgeSB0ZXJyaWJsZSBbODBd
QsiBCQ,,XjhDOEM4Q1NoYWRvdyBNaW5lciAoSW4gUHJvZ3Jlc3MpXjAwMDAwMA==,,,,,XkZGNDgwMChFbSBFc3BlcmEpIFRyYWJhbGhhZG9yZXMgZGEgTWluYSBeMDAwMDAw,,XkEyMzE0Qk1pbmVybyBzb21icsOtbyAoZW4gY3Vyc28pXjAwMDAwMA==
Q8iBCQ,,XjhDOEM4Q1NoYWRvdyBNaW5lciAoV2FpdGluZyleMDAwMDAw,,,,,Wzg1XSBUcmFiYWxoYWRvcmVzIGRhIE1pbmE=,,XkEyMzE0Qk1pbmVybyBzb21icsOtbyAoZW4gZXNwZXJhKV4wMDAwMDA=
RMiBCQ,,U2hhZG93IE1pbmVyIFs4NV0=,,,,,XkZGNDgwMChFbSBDdXJzbykgQ29tbyBpc3NvIHNlIG1vdmU/IF4wMDAwMDA=,,TWluZXJvIHNvbWJyw61vIFs4NV0=
RciBCQ,,XjhDOEM4Q1doeSBpcyBpdCBtb3ZpbmcgbGlrZSB0aGF0ISAoSW4gUHJvZ3Jlc3MpXjAwMDAwMA==,,,,,XkZGNDgwMChFbSBFc3BlcmEpIENvbW8gaXNzbyBzZSBtb3ZlPyBeMDAwMDAw,,XkEyMzE0QsK/UG9yIHF1w6kgc2UgbXVldmUgZXNhIGNvc2E/IChlbiBjdXJzbyleMDAwMDAw
RsiBCQ,,XjhDOEM4Q1doeSBpcyBpdCBtb3ZpbmcgbGlrZSB0aGF0ISAoV2FpdGluZyleMDAwMDAw,,,,,Wzg1XSBDb21vIGlzc28gc2UgbW92ZT8=,,XkEyMzE0QsK/UG9yIHF1w6kgc2UgbXVldmUgZXNhIGNvc2E/IChlbiBlc3BlcmEpXjAwMDAwMA==
R8iBCQ,,V2h5IGlzIGl0IG1vdmluZyBsaWtlIHRoYXQhIFs4NV0=,,,,,XkZGNDgwMChFbSBDdXJzbykgTWluw6lyaW9zIFNhbHRpdGFudGVzIF4wMDAwMDA=,,wr9Qb3IgcXXDqSBzZSBtdWV2ZSBlc2EgY29zYT8gWzg1XQ==
SMiBCQ,,XjhDOEM4Q0p1bXBpbmcgTWluZXJhbHMgKEluIFByb2dyZXNzKV4wMDAwMDA=,,,,,XkZGNDgwMChFbSBFc3BlcmEpIE1pbsOpcmlvcyBTYWx0aXRhbnRlcyBeMDAwMDAw,,XkEyMzE0Qk1pbmVyYWxlcyBzYWx0YXJpbmVzIChlbiBjdXJzbyleMDAwMDAw
SciBCQ,,XjhDOEM4Q0p1bXBpbmcgTWluZXJhbHMgKFdhaXRpbmcpXjAwMDAwMA==,,,,,Wzg1XSBNaW7DqXJpb3MgU2FsdGl0YW50ZXM=,,XkEyMzE0Qk1pbmVyYWxlcyBzYWx0YXJpbmVzIChlbiBlc3BlcmEpXjAwMDAwMA==
SsiBCQ,,SnVtcGluZyBNaW5lcmFscyBbODVd,,,,,XkZGNDgwMChFbSBDdXJzbykgVW1hIEdyYW5kZSBQaXNjaW5hIF4wMDAwMDA=,,TWluZXJhbGVzIHNhbHRhcmluZXMgWzg1XQ==
S8iBCQ,,XjhDOEM4Q1doeSBpcyB0aGVyZSBzdWNoIGEgYmlnIHBvb2whIChJbiBQcm9ncmVzcyleMDAwMDAw,,,,,XkZGNDgwMChFbSBFc3BlcmEpIFVtYSBHcmFuZGUgUGlzY2luYSBeMDAwMDAw,,XkEyMzE0QsK/Q3XDoW5kbyBwb2RlbW9zIG1ldGVybm9zIGEgbGEgcGlzY2luYT8gKGVuIGN1cnNvKV4wMDAwMDA=
TMiBCQ,,XjhDOEM4Q1doeSBpcyB0aGVyZSBzdWNoIGEgYmlnIHBvb2whIChXYWl0aW5nKV4wMDAwMDA=,,,,,WzgwXSBVbWEgR3JhbmRlIFBpc2NpbmE=,,XkEyMzE0QsK/Q3XDoW5kbyBwb2RlbW9zIG1ldGVybm9zIGEgbGEgcGlzY2luYT8gKGVuIGVzcGVyYSleMDAwMDAw
TciBCQ,,V2h5IGlzIHRoZXJlIHN1Y2ggYSBiaWcgcG9vbCEgWzgwXQ==,,,,,XkZGNDgwMChFbSBDdXJzbykgQmF0ZSBubyBUb3Jub3plbG8gXjAwMDAwMA==,,wr9DdcOhbmRvIHBvZGVtb3MgbWV0ZXJub3MgYSBsYSBwaXNjaW5hPyBbODBd
TsiBCQ,,XjhDOEM4Q0Fua2xlIFNuYXBwaW5nIChJbiBQcm9ncmVzcyleMDAwMDAw,,,,,XkZGNDgwMChFbSBFc3BlcmEpIEJhdGUgbm8gVG9ybm96ZWxvIF4wMDAwMDA=,,XkEyMzE0QkdvbHBlIGRlIHRvYmlsbG8gKGVuIGN1cnNvKV4wMDAwMDA=
T8iBCQ,,XjhDOEM4Q0Fua2xlIFNuYXBwaW5nIChXYWl0aW5nKV4wMDAwMDA=,,,,,WzgwXSBCYXRlIG5vIFRvcm5vemVsbw==,,XkEyMzE0QkdvbHBlIGRlIHRvYmlsbG8gKGVuIGVzcGVyYSleMDAwMDAw
UMiBCQ,,QW5rbGUgU25hcHBpbmcgWzgwXQ==,,,,,XkZGNDgwMChFbSBDdXJzbykgQnJpc2EgRGVzYWdyYWTDoXZlbCBeMDAwMDAw,,R29scGUgZGUgdG9iaWxsbyBbODBd
UciBCQ,,XjhDOEM4Q1ZhbGxleSBvZiB0aGUgRm91ciBHb2RzIChJbiBQcm9ncmVzcyleMDAwMDAw,,,,,XkZGNDgwMChFbSBFc3BlcmEpIEJyaXNhIERlc2FncmFkw6F2ZWwgXjAwMDAwMA==,,XkEyMzE0QlZhbGxlIGRlIGxvcyBDdWF0cm8gRGlvc2VzIChlbiBjdXJzbyleMDAwMDAw
UsiBCQ,,XjhDOEM4Q1ZhbGxleSBvZiB0aGUgRm91ciBHb2RzIChXYWl0aW5nKV4wMDAwMDA=,,,,,WzgwXSBCcmlzYSBEZXNhZ3JhZMOhdmVs,,XkEyMzE0QlZhbGxlIGRlIGxvcyBDdWF0cm8gRGlvc2VzIChlbiBlc3BlcmEpXjAwMDAwMA==
U8iBCQ,,VmFsbGV5IG9mIHRoZSBGb3VyIEdvZHMgWzgwXQ==,,,,,XkZGNDgwMChFbSBDdXJzbykgUHJvYmxlbWEgbmEgRnJvbnRlaXJhIF4wMDAwMDA=,,VmFsbGUgZGUgbG9zIEN1YXRybyBEaW9zZXMgWzgwXQ==
VMiBCQ,,XjhDOEM4Q0JvcmRlciBDaGVja3BvaW50IFdvcmsgKEluIFByb2dyZXNzKV4wMDAwMDA=,,,,,XkZGNDgwMChFbSBFc3BlcmEpIFByb2JsZW1hIG5hIEZyb250ZWlyYSBeMDAwMDAw,,XkEyMzE0QlRyYWJham8gZGUgcHVudG8gZGUgY29udHJvbCBmcm9udGVyaXpvIChlbiBjdXJzbyleMDAwMDAw
VciBCQ,,XjhDOEM4Q0JvcmRlciBDaGVja3BvaW50IFdvcmsgKFdhaXRpbmcpXjAwMDAwMA==,,,,,WzcwXSBQcm9ibGVtYSBuYSBGcm9udGVpcmE=,,XkEyMzE0QlRyYWJham8gZGUgcHVudG8gZGUgY29udHJvbCBmcm9udGVyaXpvIChlbiBlc3BlcmEpXjAwMDAwMA==
VsiBCQ,,Qm9yZGVyIENoZWNrcG9pbnQgV29yayBbNzBd,,,,,XkZGNDgwMChFbSBDdXJzbykgVW0gR3JhbmRlIExhZ28gXjAwMDAwMA==,,VHJhYmFqbyBkZSBwdW50byBkZSBjb250cm9sIGZyb250ZXJpem8gWzcwXQ==
V8iBCQ,,XjhDOEM4Q1BpcGUgRmFpbHVyZSAoSW4gUHJvZ3Jlc3MpXjAwMDAwMA==,,,,,XkZGNDgwMChFbSBFc3BlcmEpIFVtIEdyYW5kZSBMYWdvIF4wMDAwMDA=,,XkEyMzE0QkF2ZXLDrWEgZGUgdHViZXLDrWEgKGVuIGN1cnNvKV4wMDAwMDA=
WMiBCQ,,XjhDOEM4Q1BpcGUgRmFpbHVyZSAoV2FpdGluZyleMDAwMDAw,,,,,WzgwXSBVbSBHcmFuZGUgTGFnbw==,,XkEyMzE0QkF2ZXLDrWEgZGUgdHViZXLDrWEgKGVuIGVzcGVyYSleMDAwMDAw
WciBCQ,,UGlwZSBGYWlsdXJlIFs4MF0=,,,,,XkZGNDgwMChFbSBDdXJzbykgUGVyZWdyaW5hw6fDo28gUGFjw61maWNhIF4wMDAwMDA=,,QXZlcsOtYSBkZSB0dWJlcsOtYSBbODBd
WsiBCQ,,XjhDOEM4Q0EgUGVhY2VmdWwgUGlsZ3JpbWFnZSAoSW4gUHJvZ3Jlc3MpXjAwMDAwMA==,,,,,XkZGNDgwMChFbSBFc3BlcmEpIFBlcmVncmluYcOnw6NvIFBhY8OtZmljYSBeMDAwMDAw,,XkEyMzE0QlVuYSBwZXJlZ3JpbmFjacOzbiBwYWPDrWZpY2EgKGVuIGN1cnNvKV4wMDAwMDA=
W8iBCQ,,XjhDOEM4Q0EgUGVhY2VmdWwgUGlsZ3JpbWFnZSAoV2FpdGluZyleMDAwMDAw,,,,,WzkwXSBQZXJlZ3JpbmHDp8OjbyBQYWPDrWZpY2E=,,XkEyMzE0QlVuYSBwZXJlZ3JpbmFjacOzbiBwYWPDrWZpY2EgKGVuIGVzcGVyYSleMDAwMDAw
XMiBCQ,,QSBQZWFjZWZ1bCBQaWxncmltYWdlIFs5MF0=,,,,,XkZGNDgwMChFbSBDdXJzbykgR3VhcmRpw6NvIGRhIEJlbGV6YSBeMDAwMDAw,,VW5hIHBlcmVncmluYWNpw7NuIHBhY8OtZmljYSBbOTBd
XciBCQ,,XjhDOEM4Q0d1YXJkaWFuIG9mIEJlYXV0eSAoSW4gUHJvZ3Jlc3MpXjAwMDAwMA==,,,,,XkZGNDgwMChFbSBFc3BlcmEpIEd1YXJkacOjbyBkYSBCZWxlemEgXjAwMDAwMA==,,XkEyMzE0Qkd1YXJkacOhbiBkZSBsYSBiZWxsZXphIChlbiBjdXJzbyleMDAwMDAw
XsiBCQ,,XjhDOEM4Q0d1YXJkaWFuIG9mIEJlYXV0eSAoV2FpdGluZyleMDAwMDAw,,,,,WzkwXSBHdWFyZGnDo28gZGEgQmVsZXph,,XkEyMzE0Qkd1YXJkacOhbiBkZSBsYSBiZWxsZXphIChlbiBlc3BlcmEpXjAwMDAwMA==
X8iBCQ,,R3VhcmRpYW4gb2YgQmVhdXR5IFs5MF0=,,,,,XkZGNDgwMChFbSBDdXJzbykgUGVkcmEgc29icmUgUGVkcmEgXjAwMDAwMA==,,R3VhcmRpw6FuIGRlIGxhIGJlbGxlemEgWzkwXQ==
YMiBCQ,,XjhDOEM4Q1N0b25lIFN3YWxsb3dpbmcgU3RvbmUgKEluIFByb2dyZXNzKV4wMDAwMDA=,,,,,XkZGNDgwMChFbSBFc3BlcmEpIFBlZHJhIHNvYnJlIFBlZHJhIF4wMDAwMDA=,,XkEyMzE0QlBpZWRyYSB0cmFnYXBpZWRyYXMgKGVuIGN1cnNvKV4wMDAwMDA=
YciBCQ,,XjhDOEM4Q1N0b25lIFN3YWxsb3dpbmcgU3RvbmUgKFdhaXRpbmcpXjAwMDAwMA==,,,,,WzkwXSBQZWRyYSBzb2JyZSBQZWRyYQ==,,XkEyMzE0QlBpZWRyYSB0cmFnYXBpZWRyYXMgKGVuIGVzcGVyYSleMDAwMDAw
YsiBCQ,,U3RvbmUgU3dhbGxvd2luZyBTdG9uZSBbOTBd,,,,,XkZGNDgwMChFbSBDdXJzbykgRnVnaXRpdm9zIGRhIFByaXPDo28gXjAwMDAwMA==,,UGllZHJhIHRyYWdhcGllZHJhcyBbOTBd
Y8iBCQ,,XjhDOEM4Q1ByaXNvbiBCcmVhayAoSW4gUHJvZ3Jlc3MpXjAwMDAwMA==,,,,,XkZGNDgwMChFbSBFc3BlcmEpIEZ1Z2l0aXZvcyBkYSBQcmlzw6NvIF4wMDAwMDA=,,XkEyMzE0QkZ1Z2EgZGUgbGEgcHJpc2nDs24gKGVuIGN1cnNvKV4wMDAwMDA=
ZMiBCQ,,XjhDOEM4Q1ByaXNvbiBCcmVhayAoV2FpdGluZyleMDAwMDAw,,,,,Wzg1XSBGdWdpdGl2b3MgZGEgUHJpc8Ojbw==,,XkEyMzE0QkZ1Z2EgZGUgbGEgcHJpc2nDs24gKGVuIGVzcGVyYSleMDAwMDAw
ZciBCQ,,UHJpc29uIEJyZWFrIFs4NV0=,,,,,XkZGNDgwMChFbSBDdXJzbykgR29zdG8gZGEgVmluZ2Fuw6dhIF4wMDAwMDA=,,RnVnYSBkZSBsYSBwcmlzacOzbiBbODVd
ZsiBCQ,,XjhDOEM4Q1JlZmluZWQgVGFzdGUgKEluIFByb2dyZXNzKV4wMDAwMDA=,,,,,XkZGNDgwMChFbSBFc3BlcmEpIEdvc3RvIGRhIFZpbmdhbsOnYSBeMDAwMDAw,,XkEyMzE0QlNhYm9yIHJlZmluYWRvIChlbiBjdXJzbyleMDAwMDAw
Z8iBCQ,,XjhDOEM4Q1JlZmluZWQgVGFzdGUgKFdhaXRpbmcpXjAwMDAwMA==,,,,,Wzg1XSBHb3N0byBkYSBWaW5nYW7Dp2E=,,XkEyMzE0QlNhYm9yIHJlZmluYWRvIChlbiBlc3BlcmEpXjAwMDAwMA==
aMiBCQ,,UmVmaW5lZCBUYXN0ZSBbODVd,,,,,XkZGNDgwMChFbSBDdXJzbykgVG9ydHVyYWRvciBTw6FkaWNvIF4wMDAwMDA=,,U2Fib3IgcmVmaW5hZG8gWzg1XQ==
aciBCQ,,XjhDOEM4Q0EgVmljaW91cyBUb3J0dXJlciAoSW4gUHJvZ3Jlc3MpXjAwMDAwMA==,,,,,XkZGNDgwMChFbSBFc3BlcmEpIFRvcnR1cmFkb3IgU8OhZGljbyBeMDAwMDAw,,XkEyMzE0QlVuIHRvcnR1cmFkb3IgdmljaW9zbyAoZW4gY3Vyc28pXjAwMDAwMA==
asiBCQ,,XjhDOEM4Q0EgVmljaW91cyBUb3J0dXJlciAoV2FpdGluZyleMDAwMDAw,,,,,WzkwXSBUb3J0dXJhZG9yIFPDoWRpY28=,,XkEyMzE0QlVuIHRvcnR1cmFkb3IgdmljaW9zbyAoZW4gZXNwZXJhKV4wMDAwMDA=
a8iBCQ,,QSBWaWNpb3VzIFRvcnR1cmVyIFs5MF0=,,,,,XkZGNDgwMChFbSBDdXJzbykgUGFzc2VpbyBwZWxhIElsaGEgXjAwMDAwMA==,,VW4gdG9ydHVyYWRvciB2aWNpb3NvIFs5MF0=
bMiBCQ,,XjhDOEM4Q0V4cGxvcmUgVHVydGxlIElzbGFuZCAoSW4gUHJvZ3Jlc3MpXjAwMDAwMA==,,,,,XkZGNDgwMChFbSBFc3BlcmEpIFBhc3NlaW8gcGVsYSBJbGhhIF4wMDAwMDA=,,XkEyMzE0QkV4cGxvcmFyIGxhIElzbGEgVG9ydHVnYSAoZW4gY3Vyc28pXjAwMDAwMA==
bciBCQ,,XjhDOEM4Q0V4cGxvcmUgVHVydGxlIElzbGFuZCAoV2FpdGluZyleMDAwMDAw,,,,,WzkwXSBQYXNzZWlvIHBlbGEgSWxoYQ==,,XkEyMzE0QkV4cGxvcmFyIGxhIElzbGEgVG9ydHVnYSAoZW4gZXNwZXJhKV4wMDAwMDA=
bsiBCQ,,RXhwbG9yZSBUdXJ0bGUgSXNsYW5kIFs5MF0=,,,,,XkZGNDgwMChFbSBDdXJzbykgTmF0aXZvcyBkYSBJbGhhIF4wMDAwMDA=,,RXhwbG9yYSBsYSBJc2xhIFRvcnR1Z2EgWzkwXQ==
b8iBCQ,,XjhDOEM4Q0RlZmVhdCB0aGUgVHVydGxlIFN3YXJtIChJbiBQcm9ncmVzcyleMDAwMDAw,,,,,XkZGNDgwMChFbSBFc3BlcmEpIE5hdGl2b3MgZGEgSWxoYSBeMDAwMDAw,,XkEyMzE0QkRlcnJvdGEgYSBsYSBtdWx0aXR1ZCBkZSB0b3J0dWdhcyAoZW4gY3Vyc28pXjAwMDAwMA==
cMiBCQ,,XjhDOEM4Q0RlZmVhdCB0aGUgVHVydGxlIFN3YXJtIChXYWl0aW5nKV4wMDAwMDA=,,,,,WzkwXSBOYXRpdm9zIGRhIElsaGE=,,XkEyMzE0QkRlcnJvdGEgYSBsYSBtdWx0aXR1ZCBkZSB0b3J0dWdhcyAoZW4gZXNwZXJhKV4wMDAwMDA=
cciBCQ,,RGVmZWF0IHRoZSBUdXJ0bGUgU3dhcm0gWzkwXQ==,,,,,XkZGNDgwMChFbSBDdXJzbykgVGFydGFydWdhIE5pbmphIF4wMDAwMDA=,,RGVycm90YSBhIGxhIG11bHRpdHVkIGRlIHRvcnR1Z2FzIFs5MF0=
csiBCQ,,XjhDOEM4Q0h1bnRpbmcgR3JvdW5kIChJbiBQcm9ncmVzcyleMDAwMDAw,,,,,XkZGNDgwMChFbSBFc3BlcmEpIFRhcnRhcnVnYSBOaW5qYSBeMDAwMDAw,,XkEyMzE0QkNvdG8gZGUgY2FjZXLDrWEgKGVuIGN1cnNvKV4wMDAwMDA=
c8iBCQ,,XjhDOEM4Q0h1bnRpbmcgR3JvdW5kIChXYWl0aW5nKV4wMDAwMDA=,,,,,WzkwXSBUYXJ0YXJ1Z2EgTmluamE=,,XkEyMzE0QkNvdG8gZGUgY2FjZXLDrWEgKGVuIGVzcGVyYSleMDAwMDAw
dMiBCQ,,SHVudGluZyBHcm91bmQgWzkwXQ==,,,,,XkZGNDgwMChFbSBDdXJzbykgQXJhdXRvIGRvIFRlbXBsbyBeMDAwMDAw,,Q290byBkZSBjYWNlcsOtYSBbOTBd
dciBCQ,,XjhDOEM4Q1RlbXBsZSBMaW9uIChJbiBQcm9ncmVzcyleMDAwMDAw,,,,,XkZGNDgwMChFbSBFc3BlcmEpIEFyYXV0byBkbyBUZW1wbG8gXjAwMDAwMA==,,XkEyMzE0Qkxlw7NuIGRlbCBUZW1wbG8gKGVuIGN1cnNvKV4wMDAwMDA=
dsiBCQ,,XjhDOEM4Q1RlbXBsZSBMaW9uIChXYWl0aW5nKV4wMDAwMDA=,,,,,WzcwXSBBcmF1dG8gZG8gVGVtcGxv,,XkEyMzE0Qkxlw7NuIGRlbCBUZW1wbG8gKGVuIGVzcGVyYSleMDAwMDAw
d8iBCQ,,VGVtcGxlIExpb24gWzcwXQ==,,,,,XkZGNDgwMChFbSBDdXJzbykgUMOhc3Nhcm8gQ29sb3JpZG8gXjAwMDAwMA==,,TGXDs24gZGVsIFRlbXBsbyBbNzBd
eMiBCQ,,XjhDOEM4Q1JhaW5ib3cgQmlyZCAoSW4gUHJvZ3Jlc3MpXjAwMDAwMA==,,,,,XkZGNDgwMChFbSBFc3BlcmEpIFDDoXNzYXJvIENvbG9yaWRvIF4wMDAwMDA=,,XkEyMzE0QkF2ZSBjb2xvcmlkYSAoZW4gY3Vyc28pXjAwMDAwMA==
eciBCQ,,XjhDOEM4Q1JhaW5ib3cgQmlyZCAoV2FpdGluZyleMDAwMDAw,,,,,WzcwXSBQw6Fzc2FybyBDb2xvcmlkbw==,,XkEyMzE0QkF2ZSBjb2xvcmlkYSAoZW4gZXNwZXJhKV4wMDAwMDA=
esiBCQ,,UmFpbmJvdyBCaXJkIFs3MF0=,,,,,XkZGNDgwMChFbSBDdXJzbykgTGVuZGEgZG8gRm9sY2xvcmUgXjAwMDAwMA==,,QXZlIGNvbG9yaWRhIFs3MF0=
e8iBCQ,,XjhDOEM4Q0hlYWRsZXNzIEhvcnNlIChJbiBQcm9ncmVzcyleMDAwMDAw,,,,,XkZGNDgwMChFbSBFc3BlcmEpIExlbmRhIGRvIEZvbGNsb3JlIF4wMDAwMDA=,,XkEyMzE0Qk11bGEgc2luIGNhYmV6YSAoZW4gY3Vyc28pXjAwMDAwMA==
fMiBCQ,,XjhDOEM4Q0hlYWRsZXNzIEhvcnNlIChXYWl0aW5nKV4wMDAwMDA=,,,,,WzgwXSBMZW5kYSBkbyBGb2xjbG9yZQ==,,XkEyMzE0Qk11bGEgc2luIGNhYmV6YSAoZW4gZXNwZXJhKV4wMDAwMDA=
fciBCQ,,SGVhZGxlc3MgSG9yc2UgWzgwXQ==,,,,,XkZGNDgwMChFbSBDdXJzbykgUGVzYWRlbG8gU292acOpdGljbyBeMDAwMDAw,,TXVsYSBzaW4gY2FiZXphIFs4MF0=
fsiBCQ,,XjhDOEM4Q01vc2NvdmlhIE5pZ2h0bWFyZSAoSW4gUHJvZ3Jlc3MpXjAwMDAwMA==,,,,,XkZGNDgwMChFbSBFc3BlcmEpIFBlc2FkZWxvIFNvdmnDqXRpY28gXjAwMDAwMA==,,XkEyMzE0QlBlc2FkaWxsYSBlbiBNb3Njb3ZpYSAoZW4gY3Vyc28pXjAwMDAwMA==
f8iBCQ,,XjhDOEM4Q01vc2NvdmlhIE5pZ2h0bWFyZSAoV2FpdGluZyleMDAwMDAw,,,,,WzgwXSBQZXNhZGVsbyBTb3Zpw6l0aWNv,,XkEyMzE0QlBlc2FkaWxsYSBlbiBNb3Njb3ZpYSAoZW4gZXNwZXJhKV4wMDAwMDA=
gMiBCQ,,TW9zY292aWEgTmlnaHRtYXJlIFs4MF0=,,,,,XkZGNDgwMChFbSBDdXJzbykgVm92w7MgVmlkZW50ZSBeMDAwMDAw,,UGVzYWRpbGxhIGVuIE1vc2NvdmlhIFs4MF0=
gciBCQ,,XjhDOEM4Q0Jyb29tLCBDYXN0IElyb24gUG90LCBhbmQgR3JhbmRtb3RoZXIgKEluIFByb2dyZXNzKV4wMDAwMDA=,,,,,XkZGNDgwMChFbSBFc3BlcmEpIFZvdsOzIFZpZGVudGUgXjAwMDAwMA==,,XkEyMzE0QkxhIGJydWphLCBzdSBlc2NvYmEgeSBjYWxkZXJvIChlbiBjdXJzbyleMDAwMDAw
gsiBCQ,,XjhDOEM4Q0Jyb29tLCBDYXN0IElyb24gUG90LCBhbmQgR3JhbmRtb3RoZXIgKFdhaXRpbmcpXjAwMDAwMA==,,,,,WzgwXSBWb3bDsyBWaWRlbnRl,,XkEyMzE0QkxhIGJydWphLCBzdSBlc2NvYmEgeSBjYWxkZXJvIChlbiBlc3BlcmEpXjAwMDAwMA==
g8iBCQ,,QnJvb20sIENhc3QgSXJvbiBQb3QsIGFuZCBHcmFuZG1vdGhlciBbODBd,,,,,XkZGNDgwMChFbSBDdXJzbykgQXJlaWFzIEF0YWNhbT8gXjAwMDAwMA==,,TGEgYnJ1amEsIHN1IGVzY29iYSB5IGNhbGRlcm8gWzgwXQ==
hMiBCQ,,XjhDOEM4Q1JpY2UgY2FrZSBtYWRlIGZyb20gc2FuZD8gKEluIFByb2dyZXNzKV4wMDAwMDA=,,,,,XkZGNDgwMChFbSBFc3BlcmEpIEFyZWlhcyBBdGFjYW0/IF4wMDAwMDA=,,XkEyMzE0QsK/UGFzdGVsIGRlIGFycm96IGhlY2hvIGRlIGFyZW5hPyAoZW4gY3Vyc28pXjAwMDAwMA==
hciBCQ,,XjhDOEM4Q1JpY2UgY2FrZSBtYWRlIGZyb20gc2FuZD8gKFdhaXRpbmcpXjAwMDAwMA==,,,,,WzgwXSBBcmVpYXMgQXRhY2FtPw==,,XkEyMzE0QsK/UGFzdGVsIGRlIGFycm96IGhlY2hvIGRlIGFyZW5hPyAoZW4gZXNwZXJhKV4wMDAwMDA=
hsiBCQ,,UmljZSBjYWtlIG1hZGUgZnJvbSBzYW5kPyBbODBd,,,,,XkZGNDgwMChFbSBDdXJzbykgVHVtYmEgZGUgU2VncmVkb3MgXjAwMDAwMA==,,wr9QYXN0ZWwgZGUgYXJyb3ogaGVjaG8gZGUgYXJlbmE/IFs4MF0=
h8iBCQ,,XjhDOEM4Q0EgdG9tYiB3aGVyZSBzZWNyZXRzIHNsZWVwIChJbiBQcm9ncmVzcyleMDAwMDAw,,,,,XkZGNDgwMChFbSBFc3BlcmEpIFR1bWJhIGRlIFNlZ3JlZG9zIF4wMDAwMDA=,,XkEyMzE0QkxhIHR1bWJhIGRlIGxvcyBzZWNyZXRvcyBsYXRlbnRlcyAoZW4gY3Vyc28pXjAwMDAwMA==
iMiBCQ,,XjhDOEM4Q0EgdG9tYiB3aGVyZSBzZWNyZXRzIHNsZWVwIChXYWl0aW5nKV4wMDAwMDA=,,,,,WzgwXSBUdW1iYSBkZSBTZWdyZWRvcw==,,XkEyMzE0QkxhIHR1bWJhIGRlIGxvcyBzZWNyZXRvcyBsYXRlbnRlcyAoZW4gZXNwZXJhKV4wMDAwMDA=
iciBCQ,,QSB0b21iIHdoZXJlIHNlY3JldHMgc2xlZXAgWzgwXQ==,,,,,XkZGNDgwMChFbSBDdXJzbykgQm9uZWNhcyBEZWxpY2FkYXMgXjAwMDAwMA==,,TGEgdHVtYmEgZGUgbG9zIHNlY3JldG9zIGxhdGVudGVzIFs4MF0=
isiBCQ,,XjhDOEM4Q0JlYXV0aWZ1bCBEb2xsIChJbiBQcm9ncmVzcyleMDAwMDAw,,,,,XkZGNDgwMChFbSBFc3BlcmEpIEJvbmVjYXMgRGVsaWNhZGFzIF4wMDAwMDA=,,XkEyMzE0Qk11w7FlY2EgaGVybW9zYSAoZW4gY3Vyc28pXjAwMDAwMA==
i8iBCQ,,XjhDOEM4Q0JlYXV0aWZ1bCBEb2xsIChXYWl0aW5nKV4wMDAwMDA=,,,,,WzgwXSBCb25lY2FzIERlbGljYWRhcw==,,XkEyMzE0Qk11w7FlY2EgaGVybW9zYSAoZW4gZXNwZXJhKV4wMDAwMDA=
jMiBCQ,,QmVhdXRpZnVsIERvbGwgWzgwXQ==,,,,,XkZGNDgwMChFbSBDdXJzbykgVmlnaWEgTW9ydG8tVml2byBeMDAwMDAw,,TXXDsWVjYSBoZXJtb3NhIFs4MF0=
jciBCQ,,XjhDOEM4Q0xvc2Vycywgd2lubmVycywgYW5kIHRob3NlIGxlZnQgYmVoaW5kIChJbiBQcm9ncmVzcyleMDAwMDAw,,,,,XkZGNDgwMChFbSBFc3BlcmEpIFZpZ2lhIE1vcnRvLVZpdm8gXjAwMDAwMA==,,XkEyMzE0QlBlcmRlZG9yZXMsIGdhbmFkb3JlcyB5IGxvcyBxdWUgc2UgcXVlZGFuIGF0csOhcyAoZW4gY3Vyc28pXjAwMDAwMA==
jsiBCQ,,XjhDOEM4Q0xvc2Vycywgd2lubmVycywgYW5kIHRob3NlIGxlZnQgYmVoaW5kIChXYWl0aW5nKV4wMDAwMDA=,,,,,WzgwXSBWaWdpYSBNb3J0by1WaXZv,,XkEyMzE0QlBlcmRlZG9yZXMsIGdhbmFkb3JlcyB5IGxvcyBxdWUgc2UgcXVlZGFuIGF0csOhcyAoZW4gZXNwZXJhKV4wMDAwMDA=
j8iBCQ,,TG9zZXJzLCB3aW5uZXJzLCBhbmQgdGhvc2UgbGVmdCBiZWhpbmQgWzgwXQ==,,,,,XkZGNDgwMChFbSBDdXJzbykgQWxndcOpbSDDoCBFc3ByZWl0YSBeMDAwMDAw,,UGVyZGVkb3JlcywgZ2FuYWRvcmVzIHkgbG9zIHF1ZSBzZSBxdWVkYW4gYXRyw6FzIFs4MF0=
kMiBCQ,,XjhDOEM4Q1NoaW5vYmkgSHVudGluZyAoSW4gUHJvZ3Jlc3MpXjAwMDAwMA==,,,,,XkZGNDgwMChFbSBFc3BlcmEpIEFsZ3XDqW0gw6AgRXNwcmVpdGEgXjAwMDAwMA==,,XkEyMzE0QkNhY2Vyw61hIGRlIFNoaW5vYmkgKGVuIGN1cnNvKV4wMDAwMDA=
kciBCQ,,XjhDOEM4Q1NoaW5vYmkgSHVudGluZyAoV2FpdGluZyleMDAwMDAw,,,,,WzkwXSBBbGd1w6ltIMOgIEVzcHJlaXRh,,XkEyMzE0QkNhY2Vyw61hIGRlIFNoaW5vYmkgKGVuIGVzcGVyYSleMDAwMDAw
ksiBCQ,,U2hpbm9iaSBIdW50aW5nIFs5MF0=,,,,,XkZGNDgwMChFbSBDdXJzbykgRG9uemVsYSBDZWxlc3RpYWwgXjAwMDAwMA==,,Q2FjZXLDrWEgZGUgU2hpbm9iaSBbOTBd
k8iBCQ,,XjhDOEM4Q0NlbGVzdGlhbCBMYWR5IChJbiBQcm9ncmVzcyleMDAwMDAw,,,,,XkZGNDgwMChFbSBFc3BlcmEpIERvbnplbGEgQ2VsZXN0aWFsIF4wMDAwMDA=,,XkEyMzE0QkRhbWEgY2VsZXN0aWFsIChlbiBjdXJzbyleMDAwMDAw
lMiBCQ,,XjhDOEM4Q0NlbGVzdGlhbCBMYWR5IChXYWl0aW5nKV4wMDAwMDA=,,,,,WzkwXSBEb256ZWxhIENlbGVzdGlhbA==,,XkEyMzE0QkRhbWEgY2VsZXN0aWFsIChlbiBlc3BlcmEpXjAwMDAwMA==
lciBCQ,,Q2VsZXN0aWFsIExhZHkgWzkwXQ==,,,,,XkZGNDgwMChFbSBDdXJzbykgUMOqc3NlZ29zIGUgWW95b3MgXjAwMDAwMA==,,RGFtYSBjZWxlc3RpYWwgWzkwXQ==
lsiBCQ,,XjhDOEM4Q01vbmtleSBLaW5nIENhbmRpZGF0ZSAoSW4gUHJvZ3Jlc3MpXjAwMDAwMA==,,,,,XkZGNDgwMChFbSBFc3BlcmEpIFDDqnNzZWdvcyBlIFlveW9zIF4wMDAwMDA=,,XkEyMzE0QkNhbmRpZGF0byBhIFJleSBNb25vIChlbiBjdXJzbyleMDAwMDAw
l8iBCQ,,XjhDOEM4Q01vbmtleSBLaW5nIENhbmRpZGF0ZSAoV2FpdGluZyleMDAwMDAw,,,,,WzkwXSBQw6pzc2Vnb3MgZSBZb3lvcw==,,XkEyMzE0QkNhbmRpZGF0byBhIFJleSBNb25vIChlbiBlc3BlcmEpXjAwMDAwMA==
mMiBCQ,,TW9ua2V5IEtpbmcgQ2FuZGlkYXRlIFs5MF0=,,,,,XkZGNDgwMChFbSBDdXJzbykgSG9tZW0gbmFzIE51dmVucyBeMDAwMDAw,,Q2FuZGlkYXRvIGEgUmV5IE1vbm8gWzkwXQ==
mciBCQ,,XjhDOEM4Q09sZCBNYW4gb24gdGhlIENsb3VkcyAoSW4gUHJvZ3Jlc3MpXjAwMDAwMA==,,,,,XkZGNDgwMChFbSBFc3BlcmEpIEhvbWVtIG5hcyBOdXZlbnMgXjAwMDAwMA==,,XkEyMzE0QkFuY2lhbm8gZW4gbGFzIG51YmVzIChlbiBjdXJzbyleMDAwMDAw
msiBCQ,,XjhDOEM4Q09sZCBNYW4gb24gdGhlIENsb3VkcyAoV2FpdGluZyleMDAwMDAw,,,,,WzkwXSBIb21lbSBuYXMgTnV2ZW5z,,XkEyMzE0QkFuY2lhbm8gZW4gbGFzIG51YmVzIChlbiBlc3BlcmEpXjAwMDAwMA==
m8iBCQ,,T2xkIE1hbiBvbiB0aGUgQ2xvdWRzIFs5MF0=,,,,,WzcwXSBLaWVsIEh5cmU=,,QW5jaWFubyBlbiBsYXMgbnViZXMgWzkwXQ==
nMiBCQ,,S2llbCBIeXJlIFs3MF0=,,,,,WzcwLTgwXSBUb3JyZSBkbyBSZWzDs2dpbw==,,S2llbCBIeXJlIFs3MF0=
nciBCQ,,Q2xvY2sgVG93ZXIgWzcwLTgwXQ==,,,,,WzcwLTkwXSBHbGFzdCBIZWlt,,VG9ycmUgZGVsIHJlbG9qIFs3MC04MF0=
nsiBCQ,,R2xhc3RoZWltIFs3MC05MF0=,,,,,Wzc1LTgwXSBHZWZmZW4=,,R2xhc3QgSGVpbSBbNzAtOTBd
n8iBCQ,,R2VmZmVuIFs3NS04MF0=,,,,,WzgwLTg1XSBFaW5icm9jaA==,,R2VmZmVuIFs3NS04MF0=
oMiBCQ,,RWluYnJvY2ggWzgwLTg1XQ==,,,,,WzgwXSBMaWdodGhhbHplbg==,,RWluYnJvY2ggWzgwLTg1XQ==
ociBCQ,,TGlnaHRoYWx6ZW4gWzgwXQ==,,,,,WzkwXSBJbGhhIGRhIFRhcnRhcnVnYQ==,,TGlnaHRoYWx6ZW4gWzgwXQ==
osiBCQ,,VHVydGxlIElzbGFuZCBbOTBd,,,,,WzcwLTkwXSBJbGhhIE5hw6fDo28=,,SXNsYSBUb3J0dWdhIFs5MF0=
o8iBCQ,,R2xvYmFsIFByb2plY3QgQXJlYSBbNzAtOTBd,,,,,WzcwLTkwXSBPdXRyb3M=,,w4FyZWEgZ2xvYmFsIGRlbCBwcm95ZWN0byBbNzAtOTBd
pMiBCQ,,T3RoZXIgWzcwLTkwXQ==,,,,,W01pc3PDo28gY29tcGxldGFdCkxvY2FsOiBBcnJlZG9yZXMgZGEgQWNhZGVtaWEgS2llbCBIeXJlCk9iamV0aXZvOiBDYcOnYXIgMTUgSGFycGlhcyBlIDE1IFJvY2hvc29zClJlY29tcGVuc2E6IF4zMTMxRkZCw7RudXMgZG8gRXZlbnRvICteMDAwMDAwIEVYUCBiYXNlIDM2ODQwLCBFWFAgY2xhc3NlIDQwMjAw,,T3Ryb3MgWzcwLTkwXQ==
pciBCQ,,W1JlcXVlc3QgQ29tcGxldGVkXQpMb2NhdGlvbjogRmllbGQgbmVhciBLaWVsIEh5cmUgQ290dGFnZQpUYXJnZXQ6IERlZmVhdCAxNSBIYXJweSBhbmQgMTUgU2xlZXBlcgpSZXdhcmQ6IEV4cCA1NTI2MCwgSmV4cCA2MDMwMA==,,,,,W1NvbGljaXRhw6fDo29dCkxvY2FsOiBBcnJlZG9yZXMgZGEgQWNhZGVtaWEgS2llbCBIeXJlCk9iamV0aXZvOiBDYcOnYXIgMTUgSGFycGlhcyBlIDE1IFJvY2hvc29zClJlY29tcGVuc2E6IF4zMTMxRkZCw7RudXMgZG8gRXZlbnRvICteMDAwMDAwIEVYUCBiYXNlIDM2ODQwLCBFWFAgY2xhc3NlIDQwMjAw,,W1NvbGljaXR1ZCBjb21wbGV0YWRhXQpVYmljYWNpw7NuOiBDYW1wbyBjZXJjYSBkZSBsYSBDYWJhw7FhIEtpZWwgSHlyZQpPYmpldGl2bzogRGVycm90YSBhIDE1QXJww61hcyB5IDE1RHVybWllbnRlcy4KUHJlbWlvOiA1NTI2MGRlRVhQIHkgNjAzMDBkZUVYUGRlY2xhc2Uu
psiBCQ,,W0tpZWwgSHlyZSBBY2FkZW15IEd1YXJkJ3MgUmVxdWVzdF0KTG9jYXRpb246IEZpZWxkIG5lYXIgS2llbCBIeXJlIENvdHRhZ2UKVGFyZ2V0OiBEZWZlYXQgMTUgSGFycHkgYW5kIDE1IFNsZWVwZXIKUmV3YXJkOiBFeHAgNTUyNjAsIEpleHAgNjAzMDA=,,,,,W1NvbGljaXRhw6fDo29dCl4zMTMxRkZbUHJvdGVnZXIgYSBBY2FkZW1pYV1eMDAwMDAwIGZvaSBhY2VpdGEu,,W1NvbGljaXR1ZCBkZSBsYSBHdWFyZGlhIGRlIGxhIEFjYWRlbWlhIEtpZWwgSHlyZV0KVWJpY2FjacOzbjogQ2FtcG8gY2VyY2EgZGUgbGEgQ2FiYcOxYSBLaWVsIEh5cmUKT2JqZXRpdm86IERlcnJvdGEgYSAxNUFycMOtYXMgeSAxNUR1cm1pZW50ZXMuClByZW1pbzogNTUyNjBkZUVYUCB5IDYwMzAwZGVFWFBkZWNsYXNlLg==
p8iBCQ,,S2llbCBIeXJlIEFjYWRlbXkgR3VhcmQncyBSZXF1ZXN0Cl40RDRERkZbSW1wcm92ZSBTY2hvb2wgU2FmZXR5XV4wMDAwMDAgUXVlc3QgYWNjZXB0ZWQu,,,,,W01pc3PDo28gY29tcGxldGFdCkxvY2FsOiBBcnJlZG9yZXMgZGEgQWNhZGVtaWEgS2llbCBIeXJlCk9iamV0aXZvOiBDb2xldGFyIDEwIFBlbGVzIGRlIEJvZGUgZSAxMCBQZW5hcyBkZSBHcmFuZCBQZWNvClJlY29tcGVuc2E6IF4zMTMxRkZCw7RudXMgZG8gRXZlbnRvICteMDAwMDAwIEVYUCBiYXNlIDE0MjAwLCBFWFAgY2xhc3NlIDE0MjAw,,U29saWNpdHVkIGRlIGxhIEd1YXJkaWEgZGUgbGEgQWNhZGVtaWEgS2llbCBIeXJlCl40RDRERkZbTWVqb3JhciBsYSBzZWd1cmlkYWQgZXNjb2xhcl1eMDAwMDAwOiBtaXNpw7NuIGFjZXB0YWRhLg==
qMiBCQ,,W1JlcXVlc3QgQ29tcGxldGVkXQpMb2NhdGlvbjogRmllbGRzIG5lYXIgS2llbCBIeXJlIEFjYWRlbXkgClRhcmdldDogQ29sbGVjdCAxMCBBbnRlbG9wZSBTa2luIGFuZCAxMCBQZWNvUGVjbyBGZWF0aGVyClJld2FyZDogRXhwIDIxMzAwLCBKZXhwIDIxMzAw,,,,,W1NvbGljaXRhw6fDo29dCkxvY2FsOiBBcnJlZG9yZXMgZGEgQWNhZGVtaWEgS2llbCBIeXJlCk9iamV0aXZvOiBDb2xldGFyIDEwIFBlbGVzIGRlIEJvZGUgZSAxMCBQZW5hcyBkZSBHcmFuZCBQZWNvClJlY29tcGVuc2E6IF4zMTMxRkZCw7RudXMgZG8gRXZlbnRvICteMDAwMDAwIEVYUCBiYXNlIDE0MjAwLCBFWFAgY2xhc3NlIDE0MjAw,,W1NvbGljaXR1ZCBjb21wbGV0YWRhXQpVYmljYWNpw7NuOiBDYW1wb3MgY2VyY2Fub3MgYSBsYSBBY2FkZW1pYSBLaWVsIEh5cmUuIApPYmpldGl2bzogUmVjb2xlY3RhIDEwUGllbGVzIGRlIGFudMOtbG9wZSB5IDEwUGx1bWFzIGRlIFBlY29wZWNvLgpQcmVtaW86IDIxMzAwZGVFWFAgeSAyMTMwMGRlRVhQZGVjbGFzZS4=
qciBCQ,,W0tpZWwgSHlyZSBBY2FkZW15IENhdCBIYW5kIE1lcmNoYW50J3MgUmVxdWVzdF0KTG9jYXRpb246IEZpZWxkcyBuZWFyIEtpZWwgSHlyZSBBY2FkZW15IApUYXJnZXQ6IENvbGxlY3QgMTAgQW50ZWxvcGUgU2tpbiBhbmQgMTAgUGVjb1BlY28gRmVhdGhlcgpSZXdhcmQ6IEV4cCAyMTMwMCwgSmV4cCAyMTMwMA==,,,,,W1NvbGljaXRhw6fDo29dCl4zMTMxRkZbSXRlbnMgVmFsaW9zb3NdXjAwMDAwMCBmb2kgYWNlaXRhLg==,,W1NvbGljaXR1ZCBkZSBjb21lcmNpYW50ZSBkZSBNYW5vIEdhdHVuYSBkZSBsYSBBY2FkZW1pYSBLaWVsIEh5cmVdClViaWNhY2nDs246IENhbXBvcyBjZXJjYW5vcyBhIGxhIEFjYWRlbWlhIEtpZWwgSHlyZS4gCk9iamV0aXZvOiBSZWNvbGVjdGEgMTBQaWVsZXMgZGUgYW50w61sb3BlIHkgMTBQbHVtYXMgZGUgUGVjb3BlY28uClByZW1pbzogMjEzMDBkZUVYUCB5IDIxMzAwZGVFWFBkZWNsYXNlLg==
qsiBCQ,,S2llbCBIeXJlIEFjYWRlbXkgQ2F0IEhhbmQgTWVyY2hhbnQncyBSZXF1ZXN0Cl40RDRERkZbR3JvdW5kYnJlYWtpbmcgQnVzaW5lc3MgSXRlbV1eMDAwMDAwIFF1ZXN0IGFjY2VwdGVkLg==,,,,,W01pc3PDo28gY29tcGxldGFdCkxvY2FsOiBBcnJlZG9yZXMgZGEgQWNhZGVtaWEgS2llbCBIeXJlCk9iamV0aXZvOiBDYcOnYXIgMjAgQm9kZXMgZSAyMCBHcmFuZCBQZWNvcwpSZWNvbXBlbnNhOiBeMzEzMUZGQsO0bnVzIGRvIEV2ZW50byArXjAwMDAwMCBFWFAgYmFzZSA0Mjk2MCwgRVhQIGNsYXNzZSA0Mzg4MA==,,U29saWNpdHVkIGRlIGNvbWVyY2lhbnRlIGRlIE1hbm8gR2F0dW5hIGRlIGxhIEFjYWRlbWlhIEtpZWwgSHlyZQpeNEQ0REZGW011ZXN0cmEgZGUgb2JqZXRvIGRlIG5lZ29jaW9zXV4wMDAwMDA6IG1pc2nDs24gYWNlcHRhZGEu
q8iBCQ,,W1JlcXVlc3QgQ29tcGxldGVkXQpMb2NhdGlvbjogRmllbGRzIG5lYXIgS2llbCBIeXJlIEFjYWRlbXkgClRhcmdldDogRGVmZWF0IDIwIEdyYW5kIFBlY28gYW5kIDIwIEdvYXQKUmV3YXJkOiBFeHAgNjQ0NDAsIEpleHAgNjU4MjA=,,,,,W1NvbGljaXRhw6fDo29dCkxvY2FsOiBBcnJlZG9yZXMgZGEgQWNhZGVtaWEgS2llbCBIeXJlCk9iamV0aXZvOiBDYcOnYXIgMjAgQm9kZXMgZSAyMCBHcmFuZCBQZWNvcwpSZWNvbXBlbnNhOiBeMzEzMUZGQsO0bnVzIGRvIEV2ZW50byArXjAwMDAwMCBFWFAgYmFzZSA0Mjk2MCwgRVhQIGNsYXNzZSA0Mzg4MA==,,W1NvbGljaXR1ZCBjb21wbGV0YWRhXQpVYmljYWNpw7NuOiBDYW1wb3MgY2VyY2Fub3MgYSBsYSBBY2FkZW1pYSBLaWVsIEh5cmUuIApPYmpldGl2bzogRGVycm90YSBhIDIwR3JhbiBQZWNvIHkgMjBDYWJyYXMuClByZW1pbzogNjQ0NDBkZUVYUCB5IDY1ODIwZGVFWFBkZWNsYXNlLg==
rMiBCQ,,W1JlcXVlc3QgZnJvbSBLaWVsIEh5cmUgQWNhZGVteSBzdHVkZW50XQpMb2NhdGlvbjogRmllbGRzIG5lYXIgS2llbCBIeXJlIEFjYWRlbXkgClRhcmdldDogRGVmZWF0IDIwIEdyYW5kIFBlY28gYW5kIDIwIEdvYXQKUmV3YXJkOiBFeHAgNjQ0NDAsIEpleHAgNjU4MjA=,,,,,W1NvbGljaXRhw6fDo29dCl4zMTMxRkZbQW5pbWFpcyBubyBDYW1wdXNdXjAwMDAwMCBmb2kgYWNlaXRhLg==,,W1NvbGljaXR1ZCBkZSB1bmEgZXN0dWRpYW50ZSBkZSBsYSBBY2FkZW1pYSBLaWVsIEh5cmVdClViaWNhY2nDs246IENhbXBvcyBjZXJjYW5vcyBhIGxhIEFjYWRlbWlhIEtpZWwgSHlyZS4gCk9iamV0aXZvOiBEZXJyb3RhIGEgMjBHcmFuIFBlY28geSAyMENhYnJhcy4KUHJlbWlvOiA2NDQ0MGRlRVhQIHkgNjU4MjBkZUVYUGRlY2xhc2Uu
rciBCQ,,UmVxdWVzdCBmcm9tIEtpZWwgSHlyZSBBY2FkZW15IHN0dWRlbnQKXjRENERGRltBIFNvbGlkIEZpbmlzaF1eMDAwMDAwIFF1ZXN0IGFjY2VwdGVkLg==,,,,,W01pc3PDo28gY29tcGxldGFdCkxvY2FsOiBUb3JyZSBkbyBSZWzDs2dpbyAxwrogcGlzbwpPYmpldGl2bzogQ2HDp2FyIDIwIFJpZGV3b3JkcyBlIDE1IFB1bmtzClJlY29tcGVuc2E6IF4zMTMxRkZCw7RudXMgZG8gRXZlbnRvICteMDAwMDAwIEVYUCBiYXNlIDMzODIwLCBFWFAgY2xhc3NlIDQwNjUw,,U29saWNpdHVkIGRlIHVuYSBlc3R1ZGlhbnRlIGRlIGxhIEFjYWRlbWlhIEtpZWwgSHlyZQpeNEQ0REZGW0FzdW50byB0ZXJtaW5hZG9dXjAwMDAwMDogbWlzacOzbiBhY2VwdGFkYS4=
rsiBCQ,,W1JlcXVlc3QgQ29tcGxldGVkXQpMb2NhdGlvbjogQWxkZWJhcmFuIENsb2NrIFRvd2VyIDFGClRhcmdldDogRGVmZWF0IDIwIFJpZGV3b3JkIGFuZCAxNSBQdW5rClJld2FyZDogRXhwIDUwNzMwLCBKZXhwIDYwOTc1,,,,,W1NvbGljaXRhw6fDo29dCkxvY2FsOiBUb3JyZSBkbyBSZWzDs2dpbyAxwrogcGlzbwpPYmpldGl2bzogQ2HDp2FyIDIwIFJpZGV3b3JkcyBlIDE1IFB1bmtzClJlY29tcGVuc2E6IF4zMTMxRkZCw7RudXMgZG8gRXZlbnRvICteMDAwMDAwIEVYUCBiYXNlIDMzODIwLCBFWFAgY2xhc3NlIDQwNjUw,,W1NvbGljaXR1ZCBjb21wbGV0YWRhXQpVYmljYWNpw7NuOiBUb3JyZSBkZSBjYW1wYW5hIHN1cGVyaW9yUDEgZGUgQWxkZWJhcmFuLgpPYmpldGl2bzogRGVycm90YSBhIDIwUmlkZXdvcmQgeSAxNVB1bmsuClByZW1pbzogNTA3MzBkZUVYUCB5IDYwOTc1ZGVFWFBkZWNsYXNlLg==
r8iBCQ,,W1JlcXVlc3QgZnJvbSBBbGRlYmFyYW4gQ2xvY2sgVG93ZXIgTWFuYWdlciBTZXJkaW5dCkxvY2F0aW9uOiBBbGRlYmFyYW4gQ2xvY2sgVG93ZXIgMUYKVGFyZ2V0OiBEZWZlYXQgMjAgUmlkZXdvcmQgYW5kIDE1IFB1bmsKUmV3YXJkOiBFeHAgNTA3MzAsIEpleHAgNjA5NzU=,,,,,W1NvbGljaXRhw6fDo29dCl4zMTMxRkZbRmF4aW5hIG5hIFRvcnJlXV4wMDAwMDAgZm9pIGFjZWl0YS4=,,W1NvbGljaXR1ZCBkZWwgR3VhcmRpw6FuIGRlIFRvcnJlIGRlIENhbXBhbmEgZGUgQWxkZWJhcmFuLCBTZXJkaW5dClViaWNhY2nDs246IFRvcnJlIGRlIGNhbXBhbmEgc3VwZXJpb3JQMSBkZSBBbGRlYmFyYW4uCk9iamV0aXZvOiBEZXJyb3RhIGEgMjBSaWRld29yZCB5IDE1UHVuay4KUHJlbWlvOiA1MDczMGRlRVhQIHkgNjA5NzVkZUVYUGRlY2xhc2Uu
sMiBCQ,,UmVxdWVzdCBmcm9tIEFsZGViYXJhbiBDbG9jayBUb3dlciBNYW5hZ2VyIFNlcmRpbgpeNEQ0REZGW0NsZWFuIENsb2NrIFRvd2VyIDFGXV4wMDAwMDAgUXVlc3QgYWNjZXB0ZWQu,,,,,W01pc3PDo28gY29tcGxldGFdCkxvY2FsOiBUb3JyZSBkbyBSZWzDs2dpbyAywrogcGlzbwpPYmpldGl2bzogQ2HDp2FyIDE1IFJlbMOzZ2lvcwpSZWNvbXBlbnNhOiBeMzEzMUZGQsO0bnVzIGRvIEV2ZW50byArXjAwMDAwMCBFWFAgYmFzZSAyMDMxMCwgRVhQIGNsYXNzZSAxNzM3MA==,,U29saWNpdHVkIGRlbCBHdWFyZGnDoW4gZGUgVG9ycmUgZGUgQ2FtcGFuYSBkZSBBbGRlYmFyYW4sIFNlcmRpbgpeNEQ0REZGW0xpbXBpYXIgbGEgVG9ycmUgZGUgY2FtcGFuYSBzdXBlcmlvclAxXV4wMDAwMDA6IG1pc2nDs24gYWNlcHRhZGEu
sciBCQ,,W1JlcXVlc3QgQ29tcGxldGVkXQpMb2NhdGlvbjogQWxkZWJhcmFuIENsb2NrIFRvd2VyIDJGClRhcmdldDogRGVmZWF0IDE1IENsb2NrClJld2FyZDogRXhwIDMwNDY1LCBKZXhwIDI2MDU1,,,,,W1NvbGljaXRhw6fDo29dCkxvY2FsOiBUb3JyZSBkbyBSZWzDs2dpbyAywrogcGlzbwpPYmpldGl2bzogQ2HDp2FyIDE1IFJlbMOzZ2lvcwpSZWNvbXBlbnNhOiBeMzEzMUZGQsO0bnVzIGRvIEV2ZW50byArXjAwMDAwMCBFWFAgYmFzZSAyMDMxMCwgRVhQIGNsYXNzZSAxNzM3MA==,,W1NvbGljaXR1ZCBjb21wbGV0YWRhXQpVYmljYWNpw7NuOiBUb3JyZSBkZSBjYW1wYW5hIHN1cGVyaW9yUDIgZGUgQWxkZWJhcmFuLgpPYmpldGl2bzogRGVycm90YSBhIDE1UmVsb2plcy4KUHJlbWlvOiAzMDQ2NWRlRVhQIHkgMjYwNTVkZUVYUGRlY2xhc2Uu
ssiBCQ,,W1JlcXVlc3QgZnJvbSBBbGRlYmFyYW4gQ2xvY2sgVG93ZXIgTWFuYWdlciBTZXJkaW5dCkxvY2F0aW9uOiBBbGRlYmFyYW4gQ2xvY2sgVG93ZXIgMkYKVGFyZ2V0OiBEZWZlYXQgMTUgQ2xvY2sKUmV3YXJkOiBFeHAgMzA0NjUsIEpleHAgMjYwNTU=,,,,,W1NvbGljaXRhw6fDo29dCl4zMTMxRkZbT2JqZXRvIEFuaW1hZG9dXjAwMDAwMCBmb2kgYWNlaXRhLg==,,W1NvbGljaXR1ZCBkZWwgR3VhcmRpw6FuIGRlIFRvcnJlIGRlIENhbXBhbmEgZGUgQWxkZWJhcmFuLCBTZXJkaW5dClViaWNhY2nDs246IFRvcnJlIGRlIGNhbXBhbmEgc3VwZXJpb3JQMiBkZSBBbGRlYmFyYW4uCk9iamV0aXZvOiBEZXJyb3RhIGEgMTVSZWxvamVzLgpQcmVtaW86IDMwNDY1ZGVFWFAgeSAyNjA1NWRlRVhQZGVjbGFzZS4=
s8iBCQ,,UmVxdWVzdCBmcm9tIEFsZGViYXJhbiBDbG9jayBUb3dlciBNYW5hZ2VyIFNlcmRpbgpeNEQ0REZGW0EgTGl2aW5nLCBNb3ZpbmcgQ2xvY2sgMV1eMDAwMDAwIFF1ZXN0IGFjY2VwdGVkLg==,,,,,W01pc3PDo28gY29tcGxldGFdCkxvY2FsOiBUb3JyZSBkbyBSZWzDs2dpbyAzwrogcGlzbwpPYmpldGl2bzogQ2HDp2FyIDIwIEFsYXJtZXMKUmVjb21wZW5zYTogXjMxMzFGRkLDtG51cyBkbyBFdmVudG8gK14wMDAwMDAgRVhQIGJhc2UgMjgzMjAsIEVYUCBjbGFzc2UgMjc5NjA=,,U29saWNpdHVkIGRlbCBHdWFyZGnDoW4gZGUgVG9ycmUgZGUgQ2FtcGFuYSBkZSBBbGRlYmFyYW4sIFNlcmRpbgpeNEQ0REZGW1JlbG9qIHZpdm8geSBlbiBtb3ZpbWllbnRvMV1eMDAwMDAwOiBtaXNpw7NuIGFjZXB0YWRhLg==
tMiBCQ,,W1JlcXVlc3QgQ29tcGxldGVkXQpMb2NhdGlvbjogQWxkZWJhcmFuIENsb2NrIFRvd2VyIDNGClRhcmdldDogRGVmZWF0IDIwIEFsYXJtClJld2FyZDogRXhwIDQyNDgwLCBKZXhwIDQxOTQw,,,,,W1NvbGljaXRhw6fDo29dCkxvY2FsOiBUb3JyZSBkbyBSZWzDs2dpbyAzwrogcGlzbwpPYmpldGl2bzogQ2HDp2FyIDIwIEFsYXJtZXMKUmVjb21wZW5zYTogXjMxMzFGRkLDtG51cyBkbyBFdmVudG8gK14wMDAwMDAgRVhQIGJhc2UgMjgzMjAsIEVYUCBjbGFzc2UgMjc5NjA=,,W1NvbGljaXR1ZCBjb21wbGV0YWRhXQpVYmljYWNpw7NuOiBUb3JyZSBkZSBjYW1wYW5hIGRlIEFsZGViYXJhblAzCk9iamV0aXZvOiBEZXJyb3RhIGEgMjBBbGFybWFzLgpQcmVtaW86IDQyNDgwZGVFWFAgeSA0MTk0MGRlRVhQZGVjbGFzZS4=
tciBCQ,,W1JlcXVlc3QgZnJvbSBBbGRlYmFyYW4gQ2xvY2sgVG93ZXIgTWFuYWdlciBTZXJkaW5dCkxvY2F0aW9uOiBBbGRlYmFyYW4gQ2xvY2sgVG93ZXIgM0YKVGFyZ2V0OiBEZWZlYXQgMjAgQWxhcm0KUmV3YXJkOiBFeHAgNDI0ODAsIEpleHAgNDE5NDA=,,,,,W1NvbGljaXRhw6fDo29dCl4zMTMxRkZbT2JqZXRvIFZpdm9dXjAwMDAwMCBmb2kgYWNlaXRhLg==,,W1NvbGljaXR1ZCBkZWwgR3VhcmRpw6FuIGRlIFRvcnJlIGRlIENhbXBhbmEgZGUgQWxkZWJhcmFuLCBTZXJkaW5dClViaWNhY2nDs246IFRvcnJlIGRlIGNhbXBhbmEgZGUgQWxkZWJhcmFuUDMKT2JqZXRpdm86IERlcnJvdGEgYSAyMEFsYXJtYXMuClByZW1pbzogNDI0ODBkZUVYUCB5IDQxOTQwZGVFWFBkZWNsYXNlLg==
tsiBCQ,,UmVxdWVzdCBmcm9tIEFsZGViYXJhbiBDbG9jayBUb3dlciBNYW5hZ2VyIFNlcmRpbgpeNEQ0REZGW0EgTGl2aW5nLCBNb3ZpbmcgQ2xvY2sgMl1eMDAwMDAwIFF1ZXN0IGFjY2VwdGVkLg==,,,,,W01pc3PDo28gY29tcGxldGFdCkxvY2FsOiBTdWJzb2xvIGRhIFRvcnJlIGRvIFJlbMOzZ2lvIDTCuiBwaXNvCk9iamV0aXZvOiBDYcOnYXIgMjAgQmF0aG9yeXMKUmVjb21wZW5zYTogXjMxMzFGRkLDtG51cyBkbyBFdmVudG8gK14wMDAwMDAgRVhQIGJhc2UgMjU3MjAsIEVYUCBjbGFzc2UgMjcyODA=,,U29saWNpdHVkIGRlbCBHdWFyZGnDoW4gZGUgVG9ycmUgZGUgQ2FtcGFuYSBkZSBBbGRlYmFyYW4sIFNlcmRpbgpeNEQ0REZGW1JlbG9qIHZpdm8geSBlbiBtb3ZpbWllbnRvMl1eMDAwMDAwOiBtaXNpw7NuIGFjZXB0YWRhLg==
t8iBCQ,,W1JlcXVlc3QgQ29tcGxldGVkXQpMb2NhdGlvbjogQWxkZWJhcmFuIFVuZGVyZ3JvdW5kIENsb2NrIFRvd2VyIDRGClRhcmdldDogRGVmZWF0IDIwIEJhdGhvcnkKUmV3YXJkOiBFeHAgMzg1ODAsIEpleHAgNDA5MjA=,,,,,W1NvbGljaXRhw6fDo29dCkxvY2FsOiBTdWJzb2xvIGRhIFRvcnJlIGRvIFJlbMOzZ2lvIDTCuiBwaXNvCk9iamV0aXZvOiBDYcOnYXIgMjAgQmF0aG9yeXMKUmVjb21wZW5zYTogXjMxMzFGRkLDtG51cyBkbyBFdmVudG8gK14wMDAwMDAgRVhQIGJhc2UgMjU3MjAsIEVYUCBjbGFzc2UgMjcyODA=,,W1NvbGljaXR1ZCBjb21wbGV0YWRhXQpVYmljYWNpw7NuOiBUb3JyZSBkZSBjYW1wYW5hIGRlIEFsZGViYXJhblA0Ck9iamV0aXZvOiBEZXJyb3RhIGEgMjBCYXRob3J5LgpQcmVtaW86IDM4NTgwZGVFWFAgeSA0MDkyMGRlRVhQZGVjbGFzZS4=
uMiBCQ,,W1JlcXVlc3QgZnJvbSBBbGRlYmFyYW4gQ2xvY2sgVG93ZXIgTWFuYWdlciBTZXJkaW5dCkxvY2F0aW9uOiBBbGRlYmFyYW4gVW5kZXJncm91bmQgQ2xvY2sgVG93ZXIgNEYKVGFyZ2V0OiBEZWZlYXQgMjAgQmF0aG9yeQpSZXdhcmQ6IEV4cCAzODU4MCwgSmV4cCA0MDkyMA==,,,,,W1NvbGljaXRhw6fDo29dCl4zMTMxRkZbUmlzYWRhcyBubyBTdWJzb2xvXV4wMDAwMDAgZm9pIGFjZWl0YS4=,,W1NvbGljaXR1ZCBkZWwgR3VhcmRpw6FuIGRlIFRvcnJlIGRlIENhbXBhbmEgZGUgQWxkZWJhcmFuLCBTZXJkaW5dClViaWNhY2nDs246IFRvcnJlIGRlIGNhbXBhbmEgZGUgQWxkZWJhcmFuUDQKT2JqZXRpdm86IERlcnJvdGEgYSAyMEJhdGhvcnkuClByZW1pbzogMzg1ODBkZUVYUCB5IDQwOTIwZGVFWFBkZWNsYXNlLg==
uciBCQ,,UmVxdWVzdCBmcm9tIEFsZGViYXJhbiBDbG9jayBUb3dlciBNYW5hZ2VyIFNlcmRpbgpeNEQ0REZGW0xhdWdodGVyIGZyb20gVW5kZXJncm91bmRdXjAwMDAwMCBRdWVzdCBhY2NlcHRlZC4=,,,,,W01pc3PDo28gY29tcGxldGFdCkxvY2FsOiBBYmFkaWEgMcK6IHBpc28KT2JqZXRpdm86IENhw6dhciAxNSBEcnVpZGFzIE1hbGlnbm9zIGUgMTUgQXBhcmnDp8O1ZXMKUmVjb21wZW5zYTogXjMxMzFGRkLDtG51cyBkbyBFdmVudG8gK14wMDAwMDAgRVhQIGJhc2UgMzc2NDAsIEVYUCBjbGFzc2UgMzcwNTA=,,U29saWNpdHVkIGRlbCBHdWFyZGnDoW4gZGUgVG9ycmUgZGUgQ2FtcGFuYSBkZSBBbGRlYmFyYW4sIFNlcmRpbgpeNEQ0REZGW1Jpc2FzIHN1YnRlcnLDoW5lYXNdXjAwMDAwMDogbWlzacOzbiBhY2VwdGFkYS4=
usiBCQ,,W1JlcXVlc3QgQ29tcGxldGVkXQpMb2NhdGlvbjogR2xhc3RoZWltIE1vbmFzdGVyeSAxRgpUYXJnZXQ6IERlZmVhdCAxNSBXcmFpdGggYW5kIDE1IEV2aWwgRHJ1aWQKUmV3YXJkOiBFeHAgNTY0NjAsIEpleHAgNTU1NzU=,,,,,W1NvbGljaXRhw6fDo29dCkxvY2FsOiBBYmFkaWEgMcK6IHBpc28KT2JqZXRpdm86IENhw6dhciAxNSBEcnVpZGFzIE1hbGlnbm9zIGUgMTUgQXBhcmnDp8O1ZXMKUmVjb21wZW5zYTogXjMxMzFGRkLDtG51cyBkbyBFdmVudG8gK14wMDAwMDAgRVhQIGJhc2UgMzc2NDAsIEVYUCBjbGFzc2UgMzcwNTA=,,W1NvbGljaXR1ZCBjb21wbGV0YWRhXQpVYmljYWNpw7NuOiBNb25hc3RlcmlvIGRlIEdsYXN0aGVpbVAxCk9iamV0aXZvOiBEZXJyb3RhIGEgMTVFc3BlY3Ryb3MgeSAxNURydWlkYXMgZGVsIG1hbC4KUHJlbWlvOiA1NjQ2MGRlRVhQIHkgNTU1NzVkZUVYUGRlY2xhc2Uu
u8iBCQ,,W1JlcXVlc3QgZnJvbSBDbGF1ZGUgaW4gR2xhc3RoZWltIE1vbmFzdGVyeSBFbnRyYW5jZV0KTG9jYXRpb246IEdsYXN0aGVpbSBNb25hc3RlcnkgMUYKVGFyZ2V0OiBEZWZlYXQgMTUgV3JhaXRoIGFuZCAxNSBFdmlsIERydWlkClJld2FyZDogRXhwIDU2NDYwLCBKZXhwIDU1NTc1,,,,,W1NvbGljaXRhw6fDo29dCl4zMTMxRkZbUHVyaWZpY2FuZG8gbyBMdWdhcl1eMDAwMDAwIGZvaSBhY2VpdGEu,,W1NvbGljaXR1ZCBkZSBDbGF1ZGUgZW4gbGEgZW50cmFkYSBkZWwgbW9uYXN0ZXJpbyBkZSBHbGFzdGhlaW1dClViaWNhY2nDs246IE1vbmFzdGVyaW8gZGUgR2xhc3RoZWltUDEKT2JqZXRpdm86IERlcnJvdGEgYSAxNUVzcGVjdHJvcyB5IDE1RHJ1aWRhcyBkZWwgbWFsLgpQcmVtaW86IDU2NDYwZGVFWFAgeSA1NTU3NWRlRVhQZGVjbGFzZS4=
vMiBCQ,,UmVxdWVzdCBmcm9tIENsYXVkZSBpbiBHbGFzdGhlaW0gTW9uYXN0ZXJ5IEVudHJhbmNlCl40RDRERkZbTW9uYXN0ZXJ5IFB1cmlmaWNhdGlvbl1eMDAwMDAwIFF1ZXN0IGFjY2VwdGVkLg==,,,,,W01pc3PDo28gY29tcGxldGFdCkxvY2FsOiBQcmlzw6NvIDHCuiBwaXNvCk9iamV0aXZvOiBDYcOnYXIgMTAgRXNxdWVsZXRvcyBQcmlzaW9uZWlyb3MgZSAxMCBadW1iaXMgUHJpc2lvbmVpcm9zClJlY29tcGVuc2E6IF4zMTMxRkZCw7RudXMgZG8gRXZlbnRvICteMDAwMDAwIEVYUCBiYXNlIDcyMDAwLCBFWFAgY2xhc3NlIDcyMDAw,,U29saWNpdHVkIGRlIENsYXVkZSBlbiBsYSBlbnRyYWRhIGRlbCBtb25hc3RlcmlvIGRlIEdsYXN0aGVpbQpeNEQ0REZGW1B1cmlmaWNhY2nDs24gZGVsIG1vbmFzdGVyaW9dXjAwMDAwMDogbWlzacOzbiBhY2VwdGFkYS4=
vciBCQ,,W1JlcXVlc3QgQ29tcGxldGVkXQpMb2NhdGlvbjogR2xhc3RoZWltIFVuZGVyZ3JvdW5kIFByaXNvbgpUYXJnZXQ6IERlZmVhdCAxMCBab21iaWUgUHJpc29uZXIgYW5kIDEwIFNrZWxldG9uIFByaXNvbmVyClJld2FyZDogRXhwIDEwODAwMCwgSmV4cCAxMDgwMDA=,,,,,W1NvbGljaXRhw6fDtWVzXQpMb2NhbDogUHJpc8OjbyAxwrogcGlzbwpPYmpldGl2bzogQ2HDp2FyIDEwIEVzcXVlbGV0b3MgUHJpc2lvbmVpcm9zIGUgMTAgWnVtYmlzIFByaXNpb25laXJvcwpSZWNvbXBlbnNhOiBeMzEzMUZGQsO0bnVzIGRvIEV2ZW50byArXjAwMDAwMCBFWFAgYmFzZSA3MjAwMCwgRVhQIGNsYXNzZSA3MjAwMA==,,W1NvbGljaXR1ZCBjb21wbGV0YWRhXQpVYmljYWNpw7NuOiBQcmlzacOzbiBzdWJ0ZXJyw6FuZWEgZGUgR2xhc3RoZWltLgpPYmpldGl2bzogRGVycm90YSBhIDEwUHJpc2lvbmVyb3Mgem9tYmlzIHkgYSAxMEVzcXVlbGV0b3MgcHJpc2lvbmVyb3MuClByZW1pbzogMTA4MDAwZGVFWFAgeSAxMDgwMDBkZUVYUGRlY2xhc2Uu
vsiBCQ,,W1JlcXVlc3QgZnJvbSBUaXJlZCBQcmllc3QgQ2hhcm9uXQpMb2NhdGlvbjogR2xhc3RoZWltIFVuZGVyZ3JvdW5kIFByaXNvbgpUYXJnZXQ6IERlZmVhdCAxMCBab21iaWUgUHJpc29uZXIgYW5kIDEwIFNrZWxldG9uIFByaXNvbmVyClJld2FyZDogRXhwIDEwODAwMCwgSmV4cCAxMDgwMDA=,,,,,U29saWNpdGHDp8O1ZXMKXjMxMzFGRltGdWdpdGl2b3MgZGEgUHJpc8Ojb11eMDAwMDAwIGZvaSBhY2VpdGEu,,W1NvbGljaXR1ZCBkZWwgY2Fuc2FkbyBTYWNlcmRvdGUgQ2hhcm9uXQpVYmljYWNpw7NuOiBQcmlzacOzbiBzdWJ0ZXJyw6FuZWEgZGUgR2xhc3RoZWltLgpPYmpldGl2bzogRGVycm90YSBhIDEwUHJpc2lvbmVyb3Mgem9tYmlzIHkgYSAxMEVzcXVlbGV0b3MgcHJpc2lvbmVyb3MuClByZW1pbzogMTA4MDAwZGVFWFAgeSAxMDgwMDBkZUVYUGRlY2xhc2Uu
v8iBCQ,,UmVxdWVzdCBmcm9tIFRpcmVkIFByaWVzdCBDaGFyb24KXjRENERGRltQcmlzb24gQnJlYWtdXjAwMDAwMCBRdWVzdCBhY2NlcHRlZC4=,,,,,W01pc3PDo28gY29tcGxldGFdCkxvY2FsOiBQcmlzw6NvIDHCuiBwaXNvCk9iamV0aXZvOiBFbGltaW5lIDIwIEluanVzdGnDp2Fkb3MKUmVjb21wZW5zYTogXjMxMzFGRkLDtG51cyBkbyBFdmVudG8gK14wMDAwMDAgRVhQIGJhc2UgNzIwMDAsIEVYUCBjbGFzc2UgNzIwMDA=,,U29saWNpdHVkIGRlbCBjYW5zYWRvIFNhY2VyZG90ZSBDaGFyb24KXjRENERGRltGdWdhIGRlIGxhIHByaXNpw7NuXV4wMDAwMDA6IG1pc2nDs24gYWNlcHRhZGEu
wMiBCQ,,W1JlcXVlc3QgQ29tcGxldGVkXQpMb2NhdGlvbjogR2xhc3RoZWltIFVuZGVyZ3JvdW5kIFByaXNvbgpUYXJnZXQ6IERlZmVhdCAyMCBJbmp1c3RpY2UKUmV3YXJkOiBFeHAgMTA4MDAwLCBKZXhwIDEwODAwMA==,,,,,W1NvbGljaXRhw6fDtWVzXQpMb2NhbDogUHJpc8OjbyAxwrogcGlzbwpPYmpldGl2bzogRWxpbWluZSAyMCBJbmp1c3Rpw6dhZG9zClJlY29tcGVuc2E6IF4zMTMxRkZCw7RudXMgZG8gRXZlbnRvICteMDAwMDAwIEVYUCBiYXNlIDcyMDAwLCBFWFAgY2xhc3NlIDcyMDAw,,W1NvbGljaXR1ZCBjb21wbGV0YWRhXQpVYmljYWNpw7NuOiBQcmlzacOzbiBzdWJ0ZXJyw6FuZWEgZGUgR2xhc3RoZWltLgpPYmpldGl2bzogRGVycm90YSBhIDIwSW5qdXN0aWNpYXMuClByZW1pbzogMTA4MDAwZGVFWFAgeSAxMDgwMDBkZUVYUGRlY2xhc2Uu
wciBCQ,,W1JlcXVlc3QgZnJvbSB0aGUgd2FuZGVyaW5nIHdpemFyZCBOYWRpcl0KTG9jYXRpb246IEdsYXN0aGVpbSBVbmRlcmdyb3VuZCBQcmlzb24KVGFyZ2V0OiBEZWZlYXQgMjAgSW5qdXN0aWNlClJld2FyZDogRXhwIDEwODAwMCwgSmV4cCAxMDgwMDA=,,,,,U29saWNpdGHDp8O1ZXMKXjMxMzFGRltHb3N0byBkYSBWaW5nYW7Dp2FdXjAwMDAwMCBmb2kgYWNlaXRhLg==,,W1NvbGljaXR1ZCBkZWwgbWFnbyBlcnJhbnRlIE5hZGlyXQpVYmljYWNpw7NuOiBQcmlzacOzbiBzdWJ0ZXJyw6FuZWEgZGUgR2xhc3RoZWltLgpPYmpldGl2bzogRGVycm90YSBhIDIwSW5qdXN0aWNpYXMuClByZW1pbzogMTA4MDAwZGVFWFAgeSAxMDgwMDBkZUVYUGRlY2xhc2Uu
wsiBCQ,,UmVxdWVzdCBmcm9tIHRoZSB3YW5kZXJpbmcgd2l6YXJkIE5hZGlyCl40RDRERkZbUmVmaW5lZCBUYXN0ZV1eMDAwMDAwIFF1ZXN0IGFjY2VwdGVkLg==,,,,,W01pc3PDo28gY29tcGxldGFdCkxvY2FsOiBDZW1pdMOpcmlvCk9iamV0aXZvOiBDYcOnYXIgMjAgU2FjZXJkb3RlcyBNYWxkaXRvcyBlIDEgU2FjZXJkb3RlIE1hbGRpdG8gRmVyb3ogClJlY29tcGVuc2E6IF4zMTMxRkZCw7RudXMgZG8gRXZlbnRvICteMDAwMDAwIEVYUCBiYXNlIDk2MjIwLCBFWFAgY2xhc3NlIDkxNjMw,,U29saWNpdHVkIGRlbCBtYWdvIGVycmFudGUgTmFkaXIKXjRENERGRltTYWJvciByZWZpbmFkb11eMDAwMDAwOiBtaXNpw7NuIGFjZXB0YWRhLg==
w8iBCQ,,W1JlcXVlc3QgQ29tcGxldGVkXQpMb2NhdGlvbjogR2xhc3RoZWltIE1vbmFzdGVyeSBDYXRhY29tYnMKVGFyZ2V0OiBEZWZlYXQgMTAgRGFyayBQcmllc3QgYW5kIDEgRnVyaW91cyBEYXJrIFByaWVzdApSZXdhcmQ6IEV4cCAxNDQzMzAsIEpleHAgMTM3NDQ1,,,,,W1NvbGljaXRhw6fDo29dCkxvY2FsOiBDZW1pdMOpcmlvCk9iamV0aXZvOiBDYcOnYXIgMjAgU2FjZXJkb3RlcyBNYWxkaXRvcyBlIDEgU2FjZXJkb3RlIE1hbGRpdG8gRmVyb3ogClJlY29tcGVuc2E6IF4zMTMxRkZCw7RudXMgZG8gRXZlbnRvICteMDAwMDAwIEVYUCBiYXNlIDk2MjIwLCBFWFAgY2xhc3NlIDkxNjMw,,W1NvbGljaXR1ZCBjb21wbGV0YWRhXQpVYmljYWNpw7NuOiBDYXRhY3VtYmFzIGRlbCBtb25hc3RlcmlvIGRlIEdsYXN0aGVpbQpPYmpldGl2bzogRGVycm90YSBhIDEwU2FjZXJkb3RlcyBvc2N1cm9zIHkgYSAxU2FjZXJkb3RlIG9zY3VybyBmdXJpb3NvLgpQcmVtaW86IDE0NDMzMGRlRVhQIHkgMTM3NDQ1ZGVFWFBkZWNsYXNlLg==
xMiBCQ,,W1JlcXVlc3QgZnJvbSBDbGF1ZGUgaW4gR2xhc3RoZWltIE1vbmFzdGVyeSBFbnRyYW5jZV0KTG9jYXRpb246IEdsYXN0aGVpbSBNb25hc3RlcnkgQ2F0YWNvbWJzClRhcmdldDogRGVmZWF0IDEwIERhcmsgUHJpZXN0IGFuZCAxIEZ1cmlvdXMgRGFyayBQcmllc3QKUmV3YXJkOiBFeHAgMTQ0MzMwLCBKZXhwIDEzNzQ0NQ==,,,,,W1NvbGljaXRhw6fDo29dCl4zMTMxRkZbQ2VtaXTDqXJpbyBkZSBTYWNlcmRvdGVzXV4wMDAwMDAgZm9pIGFjZWl0YS4=,,W1NvbGljaXR1ZCBkZSBDbGF1ZGUgZW4gbGEgZW50cmFkYSBkZWwgbW9uYXN0ZXJpbyBkZSBHbGFzdGhlaW1dClViaWNhY2nDs246IENhdGFjdW1iYXMgZGVsIG1vbmFzdGVyaW8gZGUgR2xhc3RoZWltCk9iamV0aXZvOiBEZXJyb3RhIGEgMTBTYWNlcmRvdGVzIG9zY3Vyb3MgeSBhIDFTYWNlcmRvdGUgb3NjdXJvIGZ1cmlvc28uClByZW1pbzogMTQ0MzMwZGVFWFAgeSAxMzc0NDVkZUVYUGRlY2xhc2Uu
xciBCQ,,UmVxdWVzdCBmcm9tIENsYXVkZSBpbiBHbGFzdGhlaW0gTW9uYXN0ZXJ5IEVudHJhbmNlCl40RDRERkZbQ2F0YWNvbWIgU3RhYmlsaXphdGlvbl1eMDAwMDAwIFF1ZXN0IGFjY2VwdGVkLg==,,,,,W01pc3PDo28gY29tcGxldGFdCkxvY2FsOiBQcmlzw6NvIDHCuiBwaXNvCk9iamV0aXZvOiBDYcOnYXIgMTAgUnliaW9zClJlY29tcGVuc2E6IF4zMTMxRkZCw7RudXMgZG8gRXZlbnRvICteMDAwMDAwIEVYUCBiYXNlIDcyMDAwLCBFWFAgY2xhc3NlIDcyMDAw,,U29saWNpdHVkIGRlIENsYXVkZSBlbiBsYSBlbnRyYWRhIGRlbCBtb25hc3RlcmlvIGRlIEdsYXN0aGVpbQpeNEQ0REZGW0VzdGFiaWxpemFjacOzbiBkZSBsYSBjYXRhY3VtYmFdXjAwMDAwMDogbWlzacOzbiBhY2VwdGFkYS4=
xsiBCQ,,W1JlcXVlc3QgQ29tcGxldGVkXQpMb2NhdGlvbjogR2xhc3RoZWltIFVuZGVyZ3JvdW5kIFByaXNvbgpUYXJnZXQ6IERlZmVhdCAxMCBSeWJpbwpSZXdhcmQ6IEV4cCAxMDgwMDAsIEpleHAgMTA4MDAw,,,,,W1NvbGljaXRhw6fDtWVzXQpMb2NhbDogUHJpc8OjbyAxwrogcGlzbwpPYmpldGl2bzogQ2HDp2FyIDEwIFJ5YmlvcwpSZWNvbXBlbnNhOiBeMzEzMUZGQsO0bnVzIGRvIEV2ZW50byArXjAwMDAwMCBFWFAgYmFzZSA3MjAwMCwgRVhQIGNsYXNzZSA3MjAwMA==,,W1NvbGljaXR1ZCBjb21wbGV0YWRhXQpVYmljYWNpw7NuOiBQcmlzacOzbiBzdWJ0ZXJyw6FuZWEgZGUgR2xhc3RoZWltLgpPYmpldGl2bzogRGVycm90YSBhIDEwUnliaW8uClByZW1pbzogMTA4MDAwZGVFWFAgeSAxMDgwMDBkZUVYUGRlY2xhc2Uu
x8iBCQ,,W1JlcXVlc3QgZnJvbSB0aGUgd2FuZGVyaW5nIHdpemFyZCBOYWRpcl0KTG9jYXRpb246IEdsYXN0aGVpbSBVbmRlcmdyb3VuZCBQcmlzb24KVGFyZ2V0OiBEZWZlYXQgMTAgUnliaW8KUmV3YXJkOiBFeHAgMTA4MDAwLCBKZXhwIDEwODAwMA==,,,,,U29saWNpdGHDp8O1ZXMKXjMxMzFGRltUb3J0dXJhZG9yIFPDoWRpY29dXjAwMDAwMCBmb2kgYWNlaXRhLg==,,W1NvbGljaXR1ZCBkZWwgbWFnbyBlcnJhbnRlIE5hZGlyXQpVYmljYWNpw7NuOiBQcmlzacOzbiBzdWJ0ZXJyw6FuZWEgZGUgR2xhc3RoZWltLgpPYmpldGl2bzogRGVycm90YSBhIDEwUnliaW8uClByZW1pbzogMTA4MDAwZGVFWFAgeSAxMDgwMDBkZUVYUGRlY2xhc2Uu
yMiBCQ,,UmVxdWVzdCBmcm9tIHRoZSB3YW5kZXJpbmcgd2l6YXJkIE5hZGlyCl40RDRERkZbQSBWaWNpb3VzIFRvcnR1cmVyXV4wMDAwMDAgUXVlc3QgYWNjZXB0ZWQu,,,,,W01pc3PDo28gY29tcGxldGFdCkxvY2FsOiBBcnJlZG9yZXMgZGUgR2VmZmVuCk9iamV0aXZvOiBDYcOnYXIgMTAgUGV0aXRlcyBWb2Fkb3JlcwpSZWNvbXBlbnNhOiBeMzEzMUZGQsO0bnVzIGRvIEV2ZW50byArXjAwMDAwMCBFWFAgYmFzZSA5OTAwLCBFWFAgY2xhc3NlIDEwMTIw,,U29saWNpdHVkIGRlbCBtYWdvIGVycmFudGUgTmFkaXIKXjRENERGRltVbiB0b3J0dXJhZG9yIHZpY2lvc29dXjAwMDAwMDogbWlzacOzbiBhY2VwdGFkYS4=
yciBCQ,,W1JlcXVlc3QgQ29tcGxldGVkXQpMb2NhdGlvbjogR2VmZmVuIEZpZWxkClRhcmdldDogRGVmZWF0IDEwIEZseWluZyBQZXRpdGUKUmV3YXJkOiBFeHAgMTQ4NTAsIEpleHAgMTUxODA=,,,,,W1NvbGljaXRhw6fDo29dCkxvY2FsOiBBcnJlZG9yZXMgZGUgR2VmZmVuCk9iamV0aXZvOiBDYcOnYXIgMTAgUGV0aXRlcyBWb2Fkb3JlcwpSZWNvbXBlbnNhOiBeMzEzMUZGQsO0bnVzIGRvIEV2ZW50byArXjAwMDAwMCBFWFAgYmFzZSA5OTAwLCBFWFAgY2xhc3NlIDEwMTIw,,W1NvbGljaXR1ZCBjb21wbGV0YWRhXQpVYmljYWNpw7NuOiBDYW1wbyBkZSBHZWZmZW4KT2JqZXRpdm86IERlcnJvdGEgYSAxMFBldGl0ZSB2b2xhZG9yZXMuClByZW1pbzogMTQ4NTBkZUVYUCB5IDE1MTgwZGVFWFBkZWNsYXNlLg==
ysiBCQ,,W1JlcXVlc3QgZnJvbSBhIGJveSBpbiBmcm9udCBvZiB0aGUgR2VmZmVuIFdlc3QgRW50cmFuY2VdCkxvY2F0aW9uOiBHZWZmZW4gRmllbGQKVGFyZ2V0OiBEZWZlYXQgMTAgRmx5aW5nIFBldGl0ZQpSZXdhcmQ6IEV4cCAxNDg1MCwgSmV4cCAxNTE4MA==,,,,,W1NvbGljaXRhw6fDo29dCl4zMTMxRkZbRHJhZ8O1ZXMgRm9maW5ob3NdXjAwMDAwMCBmb2kgYWNlaXRhLg==,,W1NvbGljaXR1ZCBkZSB1biBuacOxbyBmcmVudGUgYSBsYSBlbnRyYWRhIG9lc3RlIGRlIEdlZmZlbl0KVWJpY2FjacOzbjogQ2FtcG8gZGUgR2VmZmVuCk9iamV0aXZvOiBEZXJyb3RhIGEgMTBQZXRpdGUgdm9sYWRvcmVzLgpQcmVtaW86IDE0ODUwZGVFWFAgeSAxNTE4MGRlRVhQZGVjbGFzZS4=
y8iBCQ,,UmVxdWVzdCBmcm9tIGEgYm95IGluIGZyb250IG9mIHRoZSBHZWZmZW4gV2VzdCBFbnRyYW5jZQpeNEQ0REZGW0N1dGUgU2t5IFBldGl0ZV1eMDAwMDAwIFF1ZXN0IGFjY2VwdGVkLg==,,,,,W01pc3PDo28gY29tcGxldGFdCkxvY2FsOiBBcnJlZG9yZXMgZGUgR2xhc3QgSGVpbQpPYmpldGl2bzogQ2HDp2FyIDEwIFBldGl0ZXMgVmVyZGVzClJlY29tcGVuc2E6IF4zMTMxRkZCw7RudXMgZG8gRXZlbnRvICteMDAwMDAwIEVYUCBiYXNlIDEyODYwLCBFWFAgY2xhc3NlIDEzMTYw,,U29saWNpdHVkIGRlIHVuIG5pw7FvIGZyZW50ZSBhIGxhIGVudHJhZGEgb2VzdGUgZGUgR2VmZmVuCl40RDRERkZbUGV0aXRlIGNlbGVzdGlhbCBhZG9yYWJsZV1eMDAwMDAwOiBtaXNpw7NuIGFjZXB0YWRhLg==
zMiBCQ,,W1JlcXVlc3QgQ29tcGxldGVkXQpMb2NhdGlvbjogR2VmZmVuIE5vcnRod2VzdCBGaWVsZApUYXJnZXQ6IERlZmVhdCAxMCBQZXRpdGUgKEdyZWVuKQpSZXdhcmQ6IEV4cCAxOTI5MCwgSmV4cCAxOTc0MA==,,,,,W1NvbGljaXRhw6fDo29dCkxvY2FsOiBBcnJlZG9yZXMgZGUgR2xhc3QgSGVpbQpPYmpldGl2bzogQ2HDp2FyIDEwIFBldGl0ZXMgVmVyZGVzClJlY29tcGVuc2E6IF4zMTMxRkZCw7RudXMgZG8gRXZlbnRvICteMDAwMDAwIEVYUCBiYXNlIDEyODYwLCBFWFAgY2xhc3NlIDEzMTYw,,W1NvbGljaXR1ZCBjb21wbGV0YWRhXQpVYmljYWNpw7NuOiBDYW1wbyBub3JvZXN0ZSBkZSBHZWZmZW4uCk9iamV0aXZvOiBEZXJyb3RhIGEgMTBQZXRpdGUgKHZlcmRlcykuClByZW1pbzogMTkyOTBkZUVYUCB5IDE5NzQwZGVFWFBkZWNsYXNlLg==
zciBCQ,,W1JlcXVlc3QgZnJvbSBhIGJveSBpbiBmcm9udCBvZiB0aGUgR2VmZmVuIFdlc3QgRW50cmFuY2VdCkxvY2F0aW9uOiBHZWZmZW4gTm9ydGh3ZXN0IEZpZWxkClRhcmdldDogRGVmZWF0IDEwIFBldGl0ZSAoR3JlZW4pClJld2FyZDogRXhwIDE5MjkwLCBKZXhwIDE5NzQw,,,,,W1NvbGljaXRhw6fDo29dCl4zMTMxRkZbRHJhZ8O1ZXMgRm9ydGluaG9zXV4wMDAwMDAgZm9pIGFjZWl0YS4=,,W1NvbGljaXR1ZCBkZSB1biBuacOxbyBmcmVudGUgYSBsYSBlbnRyYWRhIG9lc3RlIGRlIEdlZmZlbl0KVWJpY2FjacOzbjogQ2FtcG8gbm9yb2VzdGUgZGUgR2VmZmVuLgpPYmpldGl2bzogRGVycm90YSBhIDEwUGV0aXRlICh2ZXJkZXMpLgpQcmVtaW86IDE5MjkwZGVFWFAgeSAxOTc0MGRlRVhQZGVjbGFzZS4=
zsiBCQ,,UmVxdWVzdCBmcm9tIGEgYm95IGluIGZyb250IG9mIHRoZSBHZWZmZW4gV2VzdCBFbnRyYW5jZQpeNEQ0REZGW0N1dGUgR3JvdW5kIFBldGl0ZV1eMDAwMDAwIFF1ZXN0IGFjY2VwdGVkLg==,,,,,W01pc3PDo28gY29tcGxldGFdCkxvY2FsOiBUb3JyZSBkZSBHZWZmZW4gM8K6IHBpc28KT2JqZXRpdm86IENhw6dhciAxMCBNYXJpb25ldGVzIGUgMTAgRGV2aXJ1Y2hpcwpSZWNvbXBlbnNhOiBeMzEzMUZGQsO0bnVzIGRvIEV2ZW50byArXjAwMDAwMCBFWFAgYmFzZSAzNzUyMCwgRVhQIGNsYXNzZSA0MTc0MA==,,U29saWNpdHVkIGRlIHVuIG5pw7FvIGZyZW50ZSBhIGxhIGVudHJhZGEgb2VzdGUgZGUgR2VmZmVuCl40RDRERkZbUGV0aXRlIHRlcnJlc3RyZSBhZG9yYWJsZV1eMDAwMDAwOiBtaXNpw7NuIGFjZXB0YWRhLg==
z8iBCQ,,W1JlcXVlc3QgQ29tcGxldGVkXQpMb2NhdGlvbjogR2VmZmVuIFVuZGVyZ3JvdW5kIDNGClRhcmdldDogRGVmZWF0IDEwIE1hcmlvbmV0dGUgYW5kIDEwIERldmlydWNoaQpSZXdhcmQ6IEV4cCA1NjI4MCwgSmV4cCA2MjYxMA==,,,,,W1NvbGljaXRhw6fDo29dCkxvY2FsOiBUb3JyZSBkZSBHZWZmZW4gM8K6IHBpc28KT2JqZXRpdm86IENhw6dhciAxMCBNYXJpb25ldGVzIGUgMTAgRGV2aXJ1Y2hpcwpSZWNvbXBlbnNhOiBeMzEzMUZGQsO0bnVzIGRvIEV2ZW50byArXjAwMDAwMCBFWFAgYmFzZSAzNzUyMCwgRVhQIGNsYXNzZSA0MTc0MA==,,W1NvbGljaXR1ZCBjb21wbGV0YWRhXQpVYmljYWNpw7NuOiBQaXNvIHN1YnRlcnLDoW5lbyBkZSBHZWZmZW5QMy4KT2JqZXRpdm86IERlcnJvdGEgYSAxME1hcmlvbmV0YXMgeSAxMERldmlydWNoaS4KUHJlbWlvOiA1NjI4MGRlRVhQIHkgNjI2MTBkZUVYUGRlY2xhc2Uu
0MiBCQ,,W1JlcXVlc3QgZnJvbSBBcHByZW50aWNlIE1hZ2VdCkxvY2F0aW9uOiBHZWZmZW4gVW5kZXJncm91bmQgM0YKVGFyZ2V0OiBEZWZlYXQgMTAgTWFyaW9uZXR0ZSBhbmQgMTAgRGV2aXJ1Y2hpClJld2FyZDogRXhwIDU2MjgwLCBKZXhwIDYyNjEw,,,,,W1NvbGljaXRhw6fDo29dCl4zMTMxRkZbU2VyZXMgRGVtb27DrWFjb3NdXjAwMDAwMCBmb2kgYWNlaXRhLg==,,W1NvbGljaXR1ZCBkZSBBcHJlbmRpeiBkZSBtYWdvXQpVYmljYWNpw7NuOiBQaXNvIHN1YnRlcnLDoW5lbyBkZSBHZWZmZW5QMy4KT2JqZXRpdm86IERlcnJvdGEgYSAxME1hcmlvbmV0YXMgeSAxMERldmlydWNoaS4KUHJlbWlvOiA1NjI4MGRlRVhQIHkgNjI2MTBkZUVYUGRlY2xhc2Uu
0ciBCQ,,UmVxdWVzdCBmcm9tIEFwcHJlbnRpY2UgTWFnZQpeNEQ0REZGW01hcmlvbmV0dGUgYW5kIERldmlydWNoaSBIdW50aW5nXV4wMDAwMDAgUXVlc3QgYWNjZXB0ZWQu,,,,,W01pc3PDo28gY29tcGxldGFdCkxvY2FsOiBUb3JyZSBkZSBHZWZmZW4gM8K6IHBpc28KT2JqZXRpdm86IENhw6dhciAxMCBQZXNhZGVsb3MKUmVjb21wZW5zYTogXjMxMzFGRkLDtG51cyBkbyBFdmVudG8gK14wMDAwMDAgRVhQIGJhc2UgNDIwMDAsIEVYUCBjbGFzc2UgMzgwMDA=,,U29saWNpdHVkIGRlIEFwcmVuZGl6IGRlIG1hZ28KXjRENERGRltDYWNlcsOtYSBkZSBNYXJpb25ldGEgeSBEZXZpcnVjaGldXjAwMDAwMDogbWlzacOzbiBhY2VwdGFkYS4=
0siBCQ,,W1JlcXVlc3QgQ29tcGxldGVkXQpMb2NhdGlvbjogR2VmZmVuIFVuZGVyZ3JvdW5kIDNGClRhcmdldDogRGVmZWF0IDEwIE5pZ2h0bWFyZQpSZXdhcmQ6IEV4cCA2MzAwMCwgSmV4cCA1NzAwMA==,,,,,W1NvbGljaXRhw6fDo29dCkxvY2FsOiBUb3JyZSBkZSBHZWZmZW4gM8K6IHBpc28KT2JqZXRpdm86IENhw6dhciAxMCBQZXNhZGVsb3MKUmVjb21wZW5zYTogXjMxMzFGRkLDtG51cyBkbyBFdmVudG8gK14wMDAwMDAgRVhQIGJhc2UgNDIwMDAsIEVYUCBjbGFzc2UgMzgwMDA=,,W1NvbGljaXR1ZCBjb21wbGV0YWRhXQpVYmljYWNpw7NuOiBQaXNvIHN1YnRlcnLDoW5lbyBkZSBHZWZmZW5QMy4KT2JqZXRpdm86IERlcnJvdGEgYSAxMFBlc2FkaWxsYXMuClByZW1pbzogNjMwMDBkZUVYUCB5IDU3MDAwZGVFWFBkZWNsYXNlLg==
08iBCQ,,W1JlcXVlc3QgZnJvbSBhIHRpcmVkIG1hbiBpbiBmcm9udCBvZiB0aGUgR2VmZmVuIFVuZGVyZ3JvdW5kXQpMb2NhdGlvbjogR2VmZmVuIFVuZGVyZ3JvdW5kIDNGClRhcmdldDogRGVmZWF0IDEwIE5pZ2h0bWFyZQpSZXdhcmQ6IEV4cCA2MzAwMCwgSmV4cCA1NzAwMA==,,,,,W1NvbGljaXRhw6fDo29dCl4zMTMxRkZbQ2F2YWxvcyBTaW5pc3Ryb3NdXjAwMDAwMCBmb2kgYWNlaXRhLg==,,W1NvbGljaXR1ZCBkZSB1biBob21icmUgY2Fuc2FkbyBmcmVudGUgYWwgcGlzbyBzdWJ0ZXJyw6FuZW8gZGUgR2VmZmVuXQpVYmljYWNpw7NuOiBQaXNvIHN1YnRlcnLDoW5lbyBkZSBHZWZmZW5QMy4KT2JqZXRpdm86IERlcnJvdGEgYSAxMFBlc2FkaWxsYXMuClByZW1pbzogNjMwMDBkZUVYUCB5IDU3MDAwZGVFWFBkZWNsYXNlLg==
1MiBCQ,,UmVxdWVzdCBmcm9tIGEgdGlyZWQgbWFuIGluIGZyb250IG9mIHRoZSBHZWZmZW4gVW5kZXJncm91bmQKXjRENERGRltSaWRpbmcgYSBOaWdodG1hcmVdXjAwMDAwMCBRdWVzdCBhY2NlcHRlZC4=,,,,,W01pc3PDo28gY29tcGxldGFdCkxvY2FsOiBBcnJlZG9yZXMgZGUgRWluYnJvY2gKT2JqZXRpdm86IENhw6dhciAyMCBNZXRhbGluZ3MgZSAyMCBIb2xkZW5zClJlY29tcGVuc2E6IF4zMTMxRkZCw7RudXMgZG8gRXZlbnRvICteMDAwMDAwIEVYUCBiYXNlIDQwOTIwLCBFWFAgY2xhc3NlIDM4MjIw,,U29saWNpdHVkIGRlIHVuIGhvbWJyZSBjYW5zYWRvIGZyZW50ZSBhbCBwaXNvIHN1YnRlcnLDoW5lbyBkZSBHZWZmZW4KXjRENERGRltQZXNhZGlsbGEgZ2Fsb3BhbnRlXV4wMDAwMDA6IG1pc2nDs24gYWNlcHRhZGEu
1ciBCQ,,W1JlcXVlc3QgQ29tcGxldGVkXQpMb2NhdGlvbjogRWluYnJvY2ggRmllbGQKVGFyZ2V0OiBEZWZlYXQgMjAgTWV0YWxpbmcgYW5kIDEwIEhvbGRlbgpSZXdhcmQ6IEV4cCA2MTM4MCwgSmV4cCA1NzMzMA==,,,,,W1NvbGljaXRhw6fDo29dCkxvY2FsOiBBcnJlZG9yZXMgZGUgRWluYnJvY2gKT2JqZXRpdm86IENhw6dhciAyMCBNZXRhbGluZ3MgZSAyMCBIb2xkZW5zClJlY29tcGVuc2E6IF4zMTMxRkZCw7RudXMgZG8gRXZlbnRvICteMDAwMDAwIEVYUCBiYXNlIDQwOTIwLCBFWFAgY2xhc3NlIDM4MjIw,,W1NvbGljaXR1ZCBjb21wbGV0YWRhXQpVYmljYWNpw7NuOiBDYW1wbyBkZSBFaW5icm9jaApPYmpldGl2bzogRGVycm90YSBhIDIwTWV0YWxpbmcgeSAxMEhvbGRlbi4KUHJlbWlvOiA2MTM4MGRlRVhQIHkgNTczMzBkZUVYUGRlY2xhc2Uu
1siBCQ,,W1JlcXVlc3QgZnJvbSBGcmllZHJpY2ggaW4gS2llbCBIeXJlIEFjYWRlbXldCkxvY2F0aW9uOiBFaW5icm9jaCBGaWVsZApUYXJnZXQ6IERlZmVhdCAyMCBNZXRhbGluZyBhbmQgMTAgSG9sZGVuClJld2FyZDogRXhwIDYxMzgwLCBKZXhwIDU3MzMw,,,,,W1NvbGljaXRhw6fDo29dCl4zMTMxRkZbUGF0cnVsaGFtZW50b11eMDAwMDAwIGZvaSBhY2VpdGEu,,W1NvbGljaXR1ZCBkZSBGcmllZHJpY2ggZGUgbGEgQWNhZGVtaWEgZGUgS2llbCBIeXJlXQpVYmljYWNpw7NuOiBDYW1wbyBkZSBFaW5icm9jaApPYmpldGl2bzogRGVycm90YSBhIDIwTWV0YWxpbmcgeSAxMEhvbGRlbi4KUHJlbWlvOiA2MTM4MGRlRVhQIHkgNTczMzBkZUVYUGRlY2xhc2Uu
18iBCQ,,UmVxdWVzdCBmcm9tIEZyaWVkcmljaCBpbiBLaWVsIEh5cmUgQWNhZGVteQpeNEQ0REZGW0NsZWFuIHVwIHRoZSBzdXJyb3VuZGluZ3MsIHBsZWFzZS5dXjAwMDAwMCBRdWVzdCBhY2NlcHRlZC4=,,,,,W01pc3PDo28gY29tcGxldGFdCkxvY2FsOiBOb3J0ZSBkZSBFaW5icm9jaApPYmpldGl2bzogQ2HDp2FyIDIwIE51dmVucyBWZW5lbm9zYXMKUmVjb21wZW5zYTogXjMxMzFGRkLDtG51cyBkbyBFdmVudG8gK14wMDAwMDAgRVhQIGJhc2UgMzgyMDAsIEVYUCBjbGFzc2UgMzM0NDA=,,U29saWNpdHVkIGRlIEZyaWVkcmljaCBkZSBsYSBBY2FkZW1pYSBkZSBLaWVsIEh5cmUKXjRENERGRltEZXNwZWphciBlbCDDoXJlYV1eMDAwMDAwOiBtaXNpw7NuIGFjZXB0YWRhLg==
2MiBCQ,,W1JlcXVlc3QgQ29tcGxldGVkXQpMb2NhdGlvbjogRWluYnJvY2ggRmllbGQKVGFyZ2V0OiBEZWZlYXQgMjAgVmVub21vdXMKUmV3YXJkOiBFeHAgNTczMDAsIEpleHAgNTAxNjA=,,,,,W1NvbGljaXRhw6fDo29dCkxvY2FsOiBOb3J0ZSBkZSBFaW5icm9jaApPYmpldGl2bzogQ2HDp2FyIDIwIE51dmVucyBWZW5lbm9zYXMKUmVjb21wZW5zYTogXjMxMzFGRkLDtG51cyBkbyBFdmVudG8gK14wMDAwMDAgRVhQIGJhc2UgMzgyMDAsIEVYUCBjbGFzc2UgMzM0NDA=,,W1NvbGljaXR1ZCBjb21wbGV0YWRhXQpVYmljYWNpw7NuOiBDYW1wbyBkZSBFaW5icm9jaApPYmpldGl2bzogRGVycm90YSBhIDIwVmVuZW5vc29zLgpQcmVtaW86IDU3MzAwZGVFWFAgeSA1MDE2MGRlRVhQZGVjbGFzZS4=
2ciBCQ,,W1JlcXVlc3QgZnJvbSBFaW5icm9jaCBHdWFyZCBBaXplbl0KTG9jYXRpb246IEVpbmJyb2NoIEZpZWxkClRhcmdldDogRGVmZWF0IDIwIFZlbm9tb3VzClJld2FyZDogRXhwIDU3MzAwLCBKZXhwIDUwMTYw,,,,,W1NvbGljaXRhw6fDo29dCl4zMTMxRkZbR2FzZXMgVmVuZW5vc29zXV4wMDAwMDAgZm9pIGFjZWl0YS4=,,W1NvbGljaXR1ZCBkZSBHdWFyZGlhIEFpemVuIGRlIEVpbmJyb2NoXQpVYmljYWNpw7NuOiBDYW1wbyBkZSBFaW5icm9jaApPYmpldGl2bzogRGVycm90YSBhIDIwVmVuZW5vc29zLgpQcmVtaW86IDU3MzAwZGVFWFAgeSA1MDE2MGRlRVhQZGVjbGFzZS4=
2siBCQ,,UmVxdWVzdCBmcm9tIEVpbmJyb2NoIEd1YXJkIEFpemVuCl40RDRERkZbRmxvYXRpbmcgVG94aWMgR2FzIDFdXjAwMDAwMCBRdWVzdCBhY2NlcHRlZC4=,,,,,W01pc3PDo28gY29tcGxldGFdCkxvY2FsOiBOb3J0ZSBkZSBFaW5icm9jaApPYmpldGl2bzogQ2HDp2FyIDIwIE51dmVucyBUw7N4aWNhcwpSZWNvbXBlbnNhOiBeMzEzMUZGQsO0bnVzIGRvIEV2ZW50byArXjAwMDAwMCBFWFAgYmFzZSAzOTIwMCwgRVhQIGNsYXNzZSAzNTY4MA==,,U29saWNpdHVkIGRlIEd1YXJkaWEgQWl6ZW4gZGUgRWluYnJvY2gKXjRENERGRltHYXMgdMOzeGljbyBmbG90YW50ZTFdXjAwMDAwMDogbWlzacOzbiBhY2VwdGFkYS4=
28iBCQ,,W1JlcXVlc3QgQ29tcGxldGVkXQpMb2NhdGlvbjogTm9ydGhlYXN0IEVpbmJyb2NoClRhcmdldDogRGVmZWF0IDIwIE5veGlvdXMKUmV3YXJkOiBFeHAgNTg4MDAsIEpleHAgNTM1MjA=,,,,,W1NvbGljaXRhw6fDo29dCkxvY2FsOiBOb3J0ZSBkZSBFaW5icm9jaApPYmpldGl2bzogQ2HDp2FyIDIwIE51dmVucyBUw7N4aWNhcwpSZWNvbXBlbnNhOiBeMzEzMUZGQsO0bnVzIGRvIEV2ZW50byArXjAwMDAwMCBFWFAgYmFzZSAzOTIwMCwgRVhQIGNsYXNzZSAzNTY4MA==,,W1NvbGljaXR1ZCBjb21wbGV0YWRhXQpVYmljYWNpw7NuOiBOb3Jlc3RlIGRlIEVpbmJyb2NoLgpPYmpldGl2bzogRGVycm90YSBhIDIwTm9jaXZvcy4KUHJlbWlvOiA1ODgwMGRlRVhQIHkgNTM1MjBkZUVYUGRlY2xhc2Uu
3MiBCQ,,W1JlcXVlc3QgZnJvbSBFaW5icm9jaCBHdWFyZCBBaXplbl0KTG9jYXRpb246IE5vcnRoZWFzdCBFaW5icm9jaApUYXJnZXQ6IERlZmVhdCAyMCBOb3hpb3VzClJld2FyZDogRXhwIDU4ODAwLCBKZXhwIDUzNTIw,,,,,W1NvbGljaXRhw6fDo29dCl4zMTMxRkZbR2FzZXMgVMOzeGljb3NdXjAwMDAwMCBmb2kgYWNlaXRhLg==,,W1NvbGljaXR1ZCBkZSBHdWFyZGlhIEFpemVuIGRlIEVpbmJyb2NoXQpVYmljYWNpw7NuOiBOb3Jlc3RlIGRlIEVpbmJyb2NoLgpPYmpldGl2bzogRGVycm90YSBhIDIwTm9jaXZvcy4KUHJlbWlvOiA1ODgwMGRlRVhQIHkgNTM1MjBkZUVYUGRlY2xhc2Uu
3ciBCQ,,UmVxdWVzdCBmcm9tIEVpbmJyb2NoIEd1YXJkIEFpemVuCl40RDRERkZbRmxvYXRpbmcgVG94aWMgR2FzIDJdXjAwMDAwMCBRdWVzdCBhY2NlcHRlZC4=,,,,,W01pc3PDo28gY29tcGxldGFdCkxvY2FsOiBOb3JkZXN0ZSBkZSBFaW5icm9jaApPYmpldGl2bzogQ2HDp2FyIDE1IFVyc2luaG9zClJlY29tcGVuc2E6IF4zMTMxRkZCw7RudXMgZG8gRXZlbnRvICteMDAwMDAwIEVYUCBiYXNlIDQ4NjAwLCBFWFAgY2xhc3NlIDUxNDIw,,U29saWNpdHVkIGRlIEd1YXJkaWEgQWl6ZW4gZGUgRWluYnJvY2gKXjRENERGRltHYXMgdMOzeGljbyBmbG90YW50ZTJdXjAwMDAwMDogbWlzacOzbiBhY2VwdGFkYS4=
3siBCQ,,W1JlcXVlc3QgQ29tcGxldGVkXQpMb2NhdGlvbjogRWluYnJvY2ggRmllbGQKVGFyZ2V0OiBEZWZlYXQgMTUgVGVkZHkgQmVhcgpSZXdhcmQ6IEV4cCA3MjkwMCwgSmV4cCA3NzEzMA==,,,,,W1NvbGljaXRhw6fDo29dCkxvY2FsOiBOb3JkZXN0ZSBkZSBFaW5icm9jaApPYmpldGl2bzogQ2HDp2FyIDE1IFVyc2luaG9zClJlY29tcGVuc2E6IF4zMTMxRkZCw7RudXMgZG8gRXZlbnRvICteMDAwMDAwIEVYUCBiYXNlIDQ4NjAwLCBFWFAgY2xhc3NlIDUxNDIw,,W1NvbGljaXR1ZCBjb21wbGV0YWRhXQpVYmljYWNpw7NuOiBDYW1wbyBkZSBFaW5icm9jaApPYmpldGl2bzogRGVycm90YSBhIDE1T3NpdG9zIGRlIHBlbHVjaGUuClByZW1pbzogNzI5MDBkZUVYUCB5IDc3MTMwZGVFWFBkZWNsYXNlLg==
38iBCQ,,W1JlcXVlc3QgZnJvbSBFaW5icm9jaCBHdWFyZCBBaXplbl0KTG9jYXRpb246IEVpbmJyb2NoIEZpZWxkClRhcmdldDogRGVmZWF0IDE1IFRlZGR5IEJlYXIKUmV3YXJkOiBFeHAgNzI5MDAsIEpleHAgNzcxMzA=,,,,,W1NvbGljaXRhw6fDo29dCl4zMTMxRkZbQm9uZWNvIEFzc2Fzc2lub11eMDAwMDAwIGZvaSBhY2VpdGEu,,W1NvbGljaXR1ZCBkZSBHdWFyZGlhIEFpemVuIGRlIEVpbmJyb2NoXQpVYmljYWNpw7NuOiBDYW1wbyBkZSBFaW5icm9jaApPYmpldGl2bzogRGVycm90YSBhIDE1T3NpdG9zIGRlIHBlbHVjaGUuClByZW1pbzogNzI5MDBkZUVYUCB5IDc3MTMwZGVFWFBkZWNsYXNlLg==
4MiBCQ,,UmVxdWVzdCBmcm9tIEVpbmJyb2NoIEd1YXJkIEFpemVuCl40RDRERkZbQ3V0ZSBhbmQgVGVycmlibGVdXjAwMDAwMCBRdWVzdCBhY2NlcHRlZC4=,,,,,W01pc3PDo28gY29tcGxldGFdCkxvY2FsOiBNaW5hIGRlIEVpbmJlY2ggMcK6IHBpc28KT2JqZXRpdm86IENhw6dhciAyMCBNaW5laXJvcwpSZWNvbXBlbnNhOiBeMzEzMUZGQsO0bnVzIGRvIEV2ZW50byArXjAwMDAwMCBFWFAgYmFzZSA3NzUwMCwgRVhQIGNsYXNzZSA2OTc4MA==,,U29saWNpdHVkIGRlIEd1YXJkaWEgQWl6ZW4gZGUgRWluYnJvY2gKXjRENERGRltBZG9yYWJsZSB5IHRlcnJpYmxlXV4wMDAwMDA6IG1pc2nDs24gYWNlcHRhZGEu
4ciBCQ,,W1JlcXVlc3QgQ29tcGxldGVkXQpMb2NhdGlvbjogRWluYmVjaCBNaW5lIER1bmdlb24gMUYKVGFyZ2V0OiBEZWZlYXQgMjAgUGl0bWFuClJld2FyZDogRXhwIDExNjI1MCwgSmV4cCAxMDQ2NzA=,,,,,W1NvbGljaXRhw6fDo29dCkxvY2FsOiBNaW5hIGRlIEVpbmJlY2ggMcK6IHBpc28KT2JqZXRpdm86IENhw6dhciAyMCBNaW5laXJvcwpSZWNvbXBlbnNhOiBeMzEzMUZGQsO0bnVzIGRvIEV2ZW50byArXjAwMDAwMCBFWFAgYmFzZSA3NzUwMCwgRVhQIGNsYXNzZSA2OTc4MA==,,W1NvbGljaXR1ZCBjb21wbGV0YWRhXQpVYmljYWNpw7NuOiBNYXptb3JyYSBkZSBsYSBtaW5hIGRlIEVpbmJlY2hQMS4KT2JqZXRpdm86IERlcnJvdGEgYSAyME1pbmVyb3MuClByZW1pbzogMTE2MjUwZGVFWFAgeSAxMDQ2NzBkZUVYUGRlY2xhc2Uu
4siBCQ,,W1JlcXVlc3QgZnJvbSBFaW5iZWNoIEd1YXJkIEF0aW5dCkxvY2F0aW9uOiBFaW5iZWNoIE1pbmUgRHVuZ2VvbiAxRgpUYXJnZXQ6IERlZmVhdCAyMCBQaXRtYW4KUmV3YXJkOiBFeHAgMTE2MjUwLCBKZXhwIDEwNDY3MA==,,,,,W1NvbGljaXRhw6fDo29dCl4zMTMxRkZbVHJhYmFsaGFkb3JlcyBkYSBNaW5hXV4wMDAwMDAgZm9pIGFjZWl0YS4=,,W1NvbGljaXR1ZCBkZSBHdWFyZGlhIEF0aW4gZGUgRWluYmVjaF0KVWJpY2FjacOzbjogTWF6bW9ycmEgZGUgbGEgbWluYSBkZSBFaW5iZWNoUDEuCk9iamV0aXZvOiBEZXJyb3RhIGEgMjBNaW5lcm9zLgpQcmVtaW86IDExNjI1MGRlRVhQIHkgMTA0NjcwZGVFWFBkZWNsYXNlLg==
48iBCQ,,UmVxdWVzdCBmcm9tIEVpbmJlY2ggR3VhcmQgQXRpbgpeNEQ0REZGW1NoYWRvdyBNaW5lcl1eMDAwMDAwIFF1ZXN0IGFjY2VwdGVkLg==,,,,,W01pc3PDo28gY29tcGxldGFdCkxvY2FsOiBNaW5hIGRlIEVpbmJlY2ggMsK6IHBpc28KT2JqZXRpdm86IENhw6dhciAxNSBGb3JuYWxoYXMgVmVsaGFzClJlY29tcGVuc2E6IF4zMTMxRkZCw7RudXMgZG8gRXZlbnRvICteMDAwMDAwIEVYUCBiYXNlIDcyMDQwLCBFWFAgY2xhc3NlIDcxMDg0,,U29saWNpdHVkIGRlIEd1YXJkaWEgQXRpbiBkZSBFaW5iZWNoCl40RDRERkZbTWluZXJvIHNvbWJyw61vXV4wMDAwMDA6IG1pc2nDs24gYWNlcHRhZGEu
5MiBCQ,,W1JlcXVlc3QgQ29tcGxldGVkXQpMb2NhdGlvbjogRWluYmVjaCBNaW5lIER1bmdlb24gMkYKVGFyZ2V0OiBEZWZlYXQgMTUgT2xkIFN0b3ZlClJld2FyZDogRXhwIDEwODA2MCwgSmV4cCAxMDY2MjY=,,,,,W1NvbGljaXRhw6fDo29dCkxvY2FsOiBNaW5hIGRlIEVpbmJlY2ggMsK6IHBpc28KT2JqZXRpdm86IENhw6dhciAxNSBGb3JuYWxoYXMgVmVsaGFzClJlY29tcGVuc2E6IF4zMTMxRkZCw7RudXMgZG8gRXZlbnRvICteMDAwMDAwIEVYUCBiYXNlIDcyMDQwLCBFWFAgY2xhc3NlIDcxMDg0,,W1NvbGljaXR1ZCBjb21wbGV0YWRhXQpVYmljYWNpw7NuOiBNYXptb3JyYSBkZSBsYSBtaW5hIGRlIEVpbmJlY2hQMi4KT2JqZXRpdm86IERlcnJvdGEgMTVFc3R1ZmFzIHZpZWphcy4KUHJlbWlvOiAxMDgwNjBkZUVYUCB5IDEwNjYyNmRlRVhQZGVjbGFzZS4=
5ciBCQ,,W1JlcXVlc3QgZnJvbSBFaW5iZWNoIEd1YXJkIEF0aW5dCkxvY2F0aW9uOiBFaW5iZWNoIE1pbmUgRHVuZ2VvbiAyRgpUYXJnZXQ6IERlZmVhdCAxNSBPbGQgU3RvdmUKUmV3YXJkOiBFeHAgMTA4MDYwLCBKZXhwIDEwNjYyNg==,,,,,W1NvbGljaXRhw6fDo29dCl4zMTMxRkZbQ29tbyBpc3NvIHNlIG1vdmU/XV4wMDAwMDAgZm9pIGFjZWl0YS4=,,W1NvbGljaXR1ZCBkZSBHdWFyZGlhIEF0aW4gZGUgRWluYmVjaF0KVWJpY2FjacOzbjogTWF6bW9ycmEgZGUgbGEgbWluYSBkZSBFaW5iZWNoUDIuCk9iamV0aXZvOiBEZXJyb3RhIDE1RXN0dWZhcyB2aWVqYXMuClByZW1pbzogMTA4MDYwZGVFWFAgeSAxMDY2MjZkZUVYUGRlY2xhc2Uu
5siBCQ,,UmVxdWVzdCBmcm9tIEVpbmJlY2ggR3VhcmQgQXRpbgpeNEQ0REZGW1doeSBpcyBpdCBtb3ZpbmcgbGlrZSB0aGF0IV1eMDAwMDAwIFF1ZXN0IGFjY2VwdGVkLg==,,,,,W01pc3PDo28gY29tcGxldGFdCkxvY2FsOiBNaW5hIGRlIEVpbmJlY2ggMsK6IHBpc28KT2JqZXRpdm86IENhw6dhciAxNSBNaW5lcmFsIGUgNSBPYnNpZGlhbmFzClJlY29tcGVuc2E6IF4zMTMxRkZCw7RudXMgZG8gRXZlbnRvICteMDAwMDAwIEVYUCBiYXNlIDcyNTMwLCBFWFAgY2xhc3NlIDg5Mjkw,,U29saWNpdHVkIGRlIEd1YXJkaWEgQXRpbiBkZSBFaW5iZWNoCl40RDRERkZbwr9Qb3IgcXXDqSBzZSBtdWV2ZSBlc2EgY29zYT9dXjAwMDAwMDogbWlzacOzbiBhY2VwdGFkYS4=
58iBCQ,,W1JlcXVlc3QgQ29tcGxldGVkXQpMb2NhdGlvbjogRWluYmVjaCBNaW5lIER1bmdlb24gMkYKVGFyZ2V0OiBEZWZlYXQgMTUgTWluZXJhbCBhbmQgNSBPYnNpZGlhbgpSZXdhcmQ6IEV4cCAxMDg3OTUsIEpleHAgMTMzOTM1,,,,,W1NvbGljaXRhw6fDo29dCkxvY2FsOiBNaW5hIGRlIEVpbmJlY2ggMsK6IHBpc28KT2JqZXRpdm86IENhw6dhciAxNSBNaW5lcmFsIGUgNSBPYnNpZGlhbmFzClJlY29tcGVuc2E6IF4zMTMxRkZCw7RudXMgZG8gRXZlbnRvICteMDAwMDAwIEVYUCBiYXNlIDcyNTMwLCBFWFAgY2xhc3NlIDg5Mjkw,,W1NvbGljaXR1ZCBjb21wbGV0YWRhXQpVYmljYWNpw7NuOiBNYXptb3JyYSBkZSBsYSBtaW5hIGRlIEVpbmJlY2hQMi4KT2JqZXRpdm86IERlcnJvdGEgYSAxNU1pbmVyYWxlcyB5IDVPYnNpZGlhbmFzLgpQcmVtaW86IDEwODc5NWRlRVhQIHkgMTMzOTM1ZGVFWFBkZWNsYXNlLg==
6MiBCQ,,W1JlcXVlc3QgZnJvbSBFaW5iZWNoIEd1YXJkIEF0aW5dCkxvY2F0aW9uOiBFaW5iZWNoIE1pbmUgRHVuZ2VvbiAyRgpUYXJnZXQ6IERlZmVhdCAxNSBNaW5lcmFsIGFuZCA1IE9ic2lkaWFuClJld2FyZDogRXhwIDEwODc5NSwgSmV4cCAxMzM5MzU=,,,,,W1NvbGljaXRhw6fDo29dCl4zMTMxRkZbTWluw6lyaW9zIFNhbHRpdGFudGVzXV4wMDAwMDAgZm9pIGFjZWl0YS4=,,W1NvbGljaXR1ZCBkZSBHdWFyZGlhIEF0aW4gZGUgRWluYmVjaF0KVWJpY2FjacOzbjogTWF6bW9ycmEgZGUgbGEgbWluYSBkZSBFaW5iZWNoUDIuCk9iamV0aXZvOiBEZXJyb3RhIGEgMTVNaW5lcmFsZXMgeSA1T2JzaWRpYW5hcy4KUHJlbWlvOiAxMDg3OTVkZUVYUCB5IDEzMzkzNWRlRVhQZGVjbGFzZS4=
6ciBCQ,,UmVxdWVzdCBmcm9tIEVpbmJlY2ggR3VhcmQgQXRpbgpeNEQ0REZGW0p1bXBpbmcgTWluZXJhbHNdXjAwMDAwMCBRdWVzdCBhY2NlcHRlZC4=,,,,,W01pc3PDo28gY29tcGxldGFdCkxvY2FsOiBOb3J0ZSBkZSBMaWdodGhhbHplbgpPYmpldGl2bzogQ2HDp2FyIDIwIFJhZmZsZXNpYXMKUmVjb21wZW5zYTogXjMxMzFGRkLDtG51cyBkbyBFdmVudG8gK14wMDAwMDAgRVhQIGJhc2UgNTE0NDAsIEVYUCBjbGFzc2UgNTI2NDA=,,U29saWNpdHVkIGRlIEd1YXJkaWEgQXRpbiBkZSBFaW5iZWNoCl40RDRERkZbTWluZXJhbGVzIHNhbHRhcmluZXNdXjAwMDAwMDogbWlzacOzbiBhY2VwdGFkYS4=
6siBCQ,,W1JlcXVlc3QgQ29tcGxldGVkXQpMb2NhdGlvbjogTGlnaHRoYWx6ZW4gRmllbGQKVGFyZ2V0OiBEZWZlYXQgMjAgUmFmZmxlc2lhClJld2FyZDogRXhwIDc3MTYwLCBKZXhwIDc4OTYw,,,,,W1NvbGljaXRhw6fDo29dCkxvY2FsOiBOb3J0ZSBkZSBMaWdodGhhbHplbgpPYmpldGl2bzogQ2HDp2FyIDIwIFJhZmZsZXNpYXMKUmVjb21wZW5zYTogXjMxMzFGRkLDtG51cyBkbyBFdmVudG8gK14wMDAwMDAgRVhQIGJhc2UgNTE0NDAsIEVYUCBjbGFzc2UgNTI2NDA=,,W1NvbGljaXR1ZCBjb21wbGV0YWRhXQpVYmljYWNpw7NuOiBDYW1wbyBkZSBMaWdodGhhbHplbgpPYmpldGl2bzogRGVycm90YSBhIDIwUmFmZmxlc2lhLgpQcmVtaW86IDc3MTYwZGVFWFAgeSA3ODk2MGRlRVhQZGVjbGFzZS4=
68iBCQ,,W0xpZ2h0aGFsemVuIFRoZW9kb3JlJ3MgUmVxdWVzdF0KTG9jYXRpb246IExpZ2h0aGFsemVuIEZpZWxkClRhcmdldDogRGVmZWF0IDIwIFJhZmZsZXNpYQpSZXdhcmQ6IEV4cCA3NzE2MCwgSmV4cCA3ODk2MA==,,,,,W1NvbGljaXRhw6fDo29dCl4zMTMxRkZbVW1hIEdyYW5kZSBQaXNjaW5hXV4wMDAwMDAgZm9pIGFjZWl0YS4=,,W1NvbGljaXR1ZCBkZSBUaGVvZG9yZSBkZSBMaWdodGhhbHplbl0KVWJpY2FjacOzbjogQ2FtcG8gZGUgTGlnaHRoYWx6ZW4KT2JqZXRpdm86IERlcnJvdGEgYSAyMFJhZmZsZXNpYS4KUHJlbWlvOiA3NzE2MGRlRVhQIHkgNzg5NjBkZUVYUGRlY2xhc2Uu
7MiBCQ,,TGlnaHRoYWx6ZW4gVGhlb2RvcmUncyBSZXF1ZXN0Cl40RDRERkZbV2h5IGlzIHRoZXJlIHN1Y2ggYSBiaWcgcG9vbCFdXjAwMDAwMCBRdWVzdCBhY2NlcHRlZC4=,,,,,W01pc3PDo28gY29tcGxldGFdCkxvY2FsOiBOb3J0ZSBkZSBMaWdodGhhbHplbgpPYmpldGl2bzogQ2HDp2FyIDIwIFRhbG9zLWRlLVZlcm1lClJlY29tcGVuc2E6IF4zMTMxRkZCw7RudXMgZG8gRXZlbnRvICteMDAwMDAwIEVYUCBiYXNlIDQ5ODkwLCBFWFAgY2xhc3NlIDUzNDE2,,U29saWNpdHVkIGRlIFRoZW9kb3JlIGRlIExpZ2h0aGFsemVuCl40RDRERkZbwr9DdcOhbmRvIHBvZGVtb3MgbWV0ZXJub3MgYSBsYSBwaXNjaW5hP11eMDAwMDAwOiBtaXNpw7NuIGFjZXB0YWRhLg==
7ciBCQ,,W1JlcXVlc3QgQ29tcGxldGVkXQpMb2NhdGlvbjogTGlnaHRoYWx6ZW4gRmllbGQKVGFyZ2V0OiBEZWZlYXQgMjAgU3RlbSBXb3JtClJld2FyZDogRXhwIDc0ODM1LCBKZXhwIDgwMTI0,,,,,W1NvbGljaXRhw6fDo29dCkxvY2FsOiBOb3J0ZSBkZSBMaWdodGhhbHplbgpPYmpldGl2bzogQ2HDp2FyIDIwIFRhbG9zLWRlLVZlcm1lClJlY29tcGVuc2E6IF4zMTMxRkZCw7RudXMgZG8gRXZlbnRvICteMDAwMDAwIEVYUCBiYXNlIDQ5ODkwLCBFWFAgY2xhc3NlIDUzNDE2,,W1NvbGljaXR1ZCBjb21wbGV0YWRhXQpVYmljYWNpw7NuOiBDYW1wbyBkZSBMaWdodGhhbHplbgpPYmpldGl2bzogRGVycm90YSBhIDIwR3VzYW5vcyBkZSB0YWxsby4KUHJlbWlvOiA3NDgzNWRlRVhQIHkgODAxMjRkZUVYUGRlY2xhc2Uu
7siBCQ,,W0xpZ2h0aGFsemVuIFRoZW9kb3JlJ3MgUmVxdWVzdF0KTG9jYXRpb246IExpZ2h0aGFsemVuIEZpZWxkClRhcmdldDogRGVmZWF0IDIwIFN0ZW0gV29ybQpSZXdhcmQ6IEV4cCA3NDgzNSwgSmV4cCA4MDEyNA==,,,,,W1NvbGljaXRhw6fDo29dCl4zMTMxRkZbQmF0ZSBubyBUb3Jub3plbG9dXjAwMDAwMCBmb2kgYWNlaXRhLg==,,W1NvbGljaXR1ZCBkZSBUaGVvZG9yZSBkZSBMaWdodGhhbHplbl0KVWJpY2FjacOzbjogQ2FtcG8gZGUgTGlnaHRoYWx6ZW4KT2JqZXRpdm86IERlcnJvdGEgYSAyMEd1c2Fub3MgZGUgdGFsbG8uClByZW1pbzogNzQ4MzVkZUVYUCB5IDgwMTI0ZGVFWFBkZWNsYXNlLg==
78iBCQ,,TGlnaHRoYWx6ZW4gVGhlb2RvcmUncyBSZXF1ZXN0Cl40RDRERkZbQW5rbGUgU25hcHBpbmddXjAwMDAwMCBRdWVzdCBhY2NlcHRlZC4=,,,,,W01pc3PDo28gY29tcGxldGFdCkxvY2FsOiBOb3JkZXN0ZSBkZSBMaWdodGhhbHplbgpPYmpldGl2bzogQ2HDp2FyIDIwIEJyZWV6ZXMKUmVjb21wZW5zYTogXjMxMzFGRkLDtG51cyBkbyBFdmVudG8gK14wMDAwMDAgRVhQIGJhc2UgODQzOTIsIEVYUCBjbGFzc2UgNzkwMjQ=,,U29saWNpdHVkIGRlIFRoZW9kb3JlIGRlIExpZ2h0aGFsemVuCl40RDRERkZbR29scGUgZGUgdG9iaWxsb11eMDAwMDAwOiBtaXNpw7NuIGFjZXB0YWRhLg==
8MiBCQ,,W1JlcXVlc3QgQ29tcGxldGVkXQpMb2NhdGlvbjogTm9ydGhlYXN0IG9mIExpZ2h0aGFsemVuLCBHcmltIFJlYXBlcidzIFZhbGxleQpUYXJnZXQ6IERlZmVhdCAyMCBCcmVlemUKUmV3YXJkOiBFeHAgMTI2NTg4LCBKZXhwIDExODUzNg==,,,,,W1NvbGljaXRhw6fDo29dCkxvY2FsOiBOb3JkZXN0ZSBkZSBMaWdodGhhbHplbgpPYmpldGl2bzogQ2HDp2FyIDIwIEJyZWV6ZXMKUmVjb21wZW5zYTogXjMxMzFGRkLDtG51cyBkbyBFdmVudG8gK14wMDAwMDAgRVhQIGJhc2UgODQzOTIsIEVYUCBjbGFzc2UgNzkwMjQ=,,W1NvbGljaXR1ZCBjb21wbGV0YWRhXQpVYmljYWNpw7NuOiBOb3Jlc3RlIGRlIExpZ2h0aGFsemVuLCBWYWxsZSBkZSBsYSBQYXJjYS4KT2JqZXRpdm86IERlcnJvdGEgYSAyMEJyaXNhLgpQcmVtaW86IDEyNjU4OGRlRVhQIHkgMTE4NTM2ZGVFWFBkZWNsYXNlLg==
8ciBCQ,,W0xpZ2h0aGFsemVuIFJlbm8ncyBSZXF1ZXN0XQpMb2NhdGlvbjogTm9ydGhlYXN0IG9mIExpZ2h0aGFsemVuLCBHcmltIFJlYXBlcidzIFZhbGxleQpUYXJnZXQ6IERlZmVhdCAyMCBCcmVlemUKUmV3YXJkOiBFeHAgMTI2NTg4LCBKZXhwIDExODUzNg==,,,,,W1NvbGljaXRhw6fDo29dCl4zMTMxRkZbQnJpc2EgRGVzYWdyYWTDoXZlbF1eMDAwMDAwIGZvaSBhY2VpdGEu,,W1NvbGljaXR1ZCBkZSBSZW5vIGRlIExpZ2h0aGFsemVuXQpVYmljYWNpw7NuOiBOb3Jlc3RlIGRlIExpZ2h0aGFsemVuLCBWYWxsZSBkZSBsYSBQYXJjYS4KT2JqZXRpdm86IERlcnJvdGEgYSAyMEJyaXNhLgpQcmVtaW86IDEyNjU4OGRlRVhQIHkgMTE4NTM2ZGVFWFBkZWNsYXNlLg==
8siBCQ,,TGlnaHRoYWx6ZW4gUmVubydzIFJlcXVlc3QKXjRENERGRltWYWxsZXkgb2YgdGhlIEZvdXIgR29kc11eMDAwMDAwIFF1ZXN0IGFjY2VwdGVkLg==,,,,,W01pc3PDo28gY29tcGxldGFdCkxvY2FsOiBJbGhhIGRhIFRhcnRhcnVnYQpPYmpldGl2bzogQ2HDp2FyIDEwIENvZWxob3MgZSAxMCBMYXZhZGVpcmFzClJlY29tcGVuc2E6IF4zMTMxRkZCw7RudXMgZG8gRXZlbnRvICteMDAwMDAwIEVYUCBiYXNlIDc2MDAwLCBFWFAgY2xhc3NlIDcyMDAw,,U29saWNpdHVkIGRlIFJlbm8gZGUgTGlnaHRoYWx6ZW4KXjRENERGRltWYWxsZSBkZSBsb3MgQ3VhdHJvIERpb3Nlc11eMDAwMDAwOiBtaXNpw7NuIGFjZXB0YWRhLg==
88iBCQ,,W1JlcXVlc3QgQ29tcGxldGVkXQpMb2NhdGlvbjogVHVydGxlIElzbGFuZCBEdW5nZW9uClRhcmdldDogRGVmZWF0IDEwIERyYWdvbiBUYWlsIGFuZCAxMCBTcHJpbmcgUmFiYml0ClJld2FyZDogRXhwIDExNDAwMCwgSmV4cCAxMDgwMDA=,,,,,W1NvbGljaXRhw6fDo29dCkxvY2FsOiBJbGhhIGRhIFRhcnRhcnVnYQpPYmpldGl2bzogQ2HDp2FyIDEwIENvZWxob3MgZSAxMCBMYXZhZGVpcmFzClJlY29tcGVuc2E6IF4zMTMxRkZCw7RudXMgZG8gRXZlbnRvICteMDAwMDAwIEVYUCBiYXNlIDc2MDAwLCBFWFAgY2xhc3NlIDcyMDAw,,W1NvbGljaXR1ZCBjb21wbGV0YWRhXQpVYmljYWNpw7NuOiBNYXptb3JyYSBkZSBsYSBJc2xhIFRvcnR1Z2EKT2JqZXRpdm86IERlcnJvdGEgYSAxMENvbGFzIGRlIGRyYWfDs24geSAxMENvbmVqb3MgZGUgcHJpbWF2ZXJhLgpQcmVtaW86IDExNDAwMGRlRVhQIHkgMTA4MDAwZGVFWFBkZWNsYXNlLg==
9MiBCQ,,W0FsYmVydGEgRG9jayBLbmlnaHQgVHliYWx0J3MgUmVxdWVzdF0KTG9jYXRpb246IFR1cnRsZSBJc2xhbmQgRHVuZ2VvbgpUYXJnZXQ6IERlZmVhdCAxMCBEcmFnb24gVGFpbCBhbmQgMTAgU3ByaW5nIFJhYmJpdApSZXdhcmQ6IEV4cCAxMTQwMDAsIEpleHAgMTA4MDAw,,,,,W1NvbGljaXRhw6fDo29dCl4zMTMxRkZbUGFzc2VpbyBwZWxhIElsaGFdXjAwMDAwMCBmb2kgYWNlaXRhLg==,,W1NvbGljaXR1ZCBkZWwgY2FiYWxsZXJvIGRlbCBtdWVsbGUgZGUgQWxiZXJ0YSwgVHliYWx0XQpVYmljYWNpw7NuOiBNYXptb3JyYSBkZSBsYSBJc2xhIFRvcnR1Z2EKT2JqZXRpdm86IERlcnJvdGEgYSAxMENvbGFzIGRlIGRyYWfDs24geSAxMENvbmVqb3MgZGUgcHJpbWF2ZXJhLgpQcmVtaW86IDExNDAwMGRlRVhQIHkgMTA4MDAwZGVFWFBkZWNsYXNlLg==
9ciBCQ,,QWxiZXJ0YSBEb2NrIEtuaWdodCBUeWJhbHQncyBSZXF1ZXN0Cl40RDRERkZbRXhwbG9yZSBUdXJ0bGUgSXNsYW5kXV4wMDAwMDAgUXVlc3QgYWNjZXB0ZWQu,,,,,W01pc3PDo28gY29tcGxldGFdCkxvY2FsOiBJbGhhIGRhIFRhcnRhcnVnYSAxLCAywrogcGlzbwpPYmpldGl2bzogQ2HDp2FyIDEwIEFxdWVjZWRvcmVzLCAxMCBDb25nZWxhZG9yZXMsIDEwIEJhdGVkb3JlcyBlIDEwIFNvbGlkaWZpY2Fkb3JlcwpSZWNvbXBlbnNhOiBeMzEzMUZGQsO0bnVzIGRvIEV2ZW50byArXjAwMDAwMCBFWFAgYmFzZSAxMDIwMDAsIEVYUCBjbGFzc2UgMTA0MDAw,,U29saWNpdHVkIGRlbCBjYWJhbGxlcm8gZGVsIG11ZWxsZSBkZSBBbGJlcnRhLCBUeWJhbHQKXjRENERGRltFeHBsb3JhciBsYSBJc2xhIFRvcnR1Z2FdXjAwMDAwMDogbWlzacOzbiBhY2VwdGFkYS4=
9siBCQ,,W1JlcXVlc3QgQ29tcGxldGVkXQpMb2NhdGlvbjogVHVydGxlIElzbGFuZCBEdW5nZW9uClRhcmdldDogRGVmZWF0IDEwIFNvbGlkZXIsIDEwIFBlcm1ldGVyLCAxMCBGcmVlemVyLCBhbmQgMTAgSGVhdGVyClJld2FyZDogRXhwIDE1MzAwMCwgSmV4cCAxNTYwMDA=,,,,,W1NvbGljaXRhw6fDo29dCkxvY2FsOiBJbGhhIGRhIFRhcnRhcnVnYSAxLCAywrogcGlzbwpPYmpldGl2bzogQ2HDp2FyIDEwIEFxdWVjZWRvcmVzLCAxMCBDb25nZWxhZG9yZXMsIDEwIEJhdGVkb3JlcyBlIDEwIFNvbGlkaWZpY2Fkb3JlcwpSZWNvbXBlbnNhOiBeMzEzMUZGQsO0bnVzIGRvIEV2ZW50byArXjAwMDAwMCBFWFAgYmFzZSAxMDIwMDAsIEVYUCBjbGFzc2UgMTA0MDAw,,W1NvbGljaXR1ZCBjb21wbGV0YWRhXQpVYmljYWNpw7NuOiBNYXptb3JyYSBkZSBsYSBJc2xhIFRvcnR1Z2EKT2JqZXRpdm86IERlcnJvdGEgYSAxMFNvbGlkZXIsIDEwUGVybWV0ZXIsIDEwQ29uZ2VsYWRvcmVzIHkgMTBDYWxlbnRhZG9yZXMuClByZW1pbzogMTUzMDAwZGVFWFAgeSAxNTYwMDBkZUVYUGRlY2xhc2Uu
98iBCQ,,W0FsYmVydGEgRG9jayBLbmlnaHQgVHliYWx0J3MgUmVxdWVzdF0KTG9jYXRpb246IFR1cnRsZSBJc2xhbmQgRHVuZ2VvbgpUYXJnZXQ6IERlZmVhdCAxMCBTb2xpZGVyLCAxMCBQZXJtZXRlciwgMTAgRnJlZXplciwgYW5kIDEwIEhlYXRlcgpSZXdhcmQ6IEV4cCAxNTMwMDAsIEpleHAgMTU2MDAw,,,,,W1NvbGljaXRhw6fDo29dCl4zMTMxRkZbTmF0aXZvcyBkYSBJbGhhXV4wMDAwMDAgZm9pIGFjZWl0YS4=,,W1NvbGljaXR1ZCBkZWwgY2FiYWxsZXJvIGRlbCBtdWVsbGUgZGUgQWxiZXJ0YSwgVHliYWx0XQpVYmljYWNpw7NuOiBNYXptb3JyYSBkZSBsYSBJc2xhIFRvcnR1Z2EKT2JqZXRpdm86IERlcnJvdGEgYSAxMFNvbGlkZXIsIDEwUGVybWV0ZXIsIDEwQ29uZ2VsYWRvcmVzIHkgMTBDYWxlbnRhZG9yZXMuClByZW1pbzogMTUzMDAwZGVFWFAgeSAxNTYwMDBkZUVYUGRlY2xhc2Uu
+MiBCQ,,QWxiZXJ0YSBEb2NrIEtuaWdodCBUeWJhbHQncyBSZXF1ZXN0Cl40RDRERkZbRGVmZWF0IHRoZSBUdXJ0bGUgU3dhcm1dXjAwMDAwMCBRdWVzdCBhY2NlcHRlZC4=,,,,,W01pc3PDo28gY29tcGxldGFdCkxvY2FsOiBWaWxhIGRhcyBCb2FzIFRhcnRhcnVnYXMKT2JqZXRpdm86IENhw6dhciAxMCBBZ3Jlc3NvcmVzClJlY29tcGVuc2E6IF4zMTMxRkZCw7RudXMgZG8gRXZlbnRvICteMDAwMDAwIEVYUCBiYXNlIDUyMDAwLCBFWFAgY2xhc3NlIDY3MDAw,,U29saWNpdHVkIGRlbCBjYWJhbGxlcm8gZGVsIG11ZWxsZSBkZSBBbGJlcnRhLCBUeWJhbHQKXjRENERGRltEZXJyb3RhIGEgbGEgbXVsdGl0dWQgZGUgdG9ydHVnYXNdXjAwMDAwMDogbWlzacOzbiBhY2VwdGFkYS4=
+ciBCQ,,W1JlcXVlc3QgQ29tcGxldGVkXQpMb2NhdGlvbjogVHVydGxlIElzbGFuZCBEdW5nZW9uClRhcmdldDogRGVmZWF0IDEwIEFzc2F1bHRlcgpSZXdhcmQ6IEV4cCA3ODAwMCwgSmV4cCAxMDA1MDA=,,,,,W1NvbGljaXRhw6fDo29dCkxvY2FsOiBWaWxhIGRhcyBCb2FzIFRhcnRhcnVnYXMKT2JqZXRpdm86IENhw6dhciAxMCBBZ3Jlc3NvcmVzClJlY29tcGVuc2E6IF4zMTMxRkZCw7RudXMgZG8gRXZlbnRvICteMDAwMDAwIEVYUCBiYXNlIDUyMDAwLCBFWFAgY2xhc3NlIDY3MDAw,,W1NvbGljaXR1ZCBjb21wbGV0YWRhXQpVYmljYWNpw7NuOiBNYXptb3JyYSBkZSBsYSBJc2xhIFRvcnR1Z2EKT2JqZXRpdm86IERlcnJvdGEgYSAxMEF0YWNhbnRlcy4KUHJlbWlvOiA3ODAwMGRlRVhQIHkgMTAwNTAwZGVFWFBkZWNsYXNlLg==
+siBCQ,,W1JlcXVlc3QgZnJvbSB0aGUgS25pZ2h0IENvbW1hbmRlcl0KTG9jYXRpb246IFR1cnRsZSBJc2xhbmQgRHVuZ2VvbgpUYXJnZXQ6IERlZmVhdCAxMCBBc3NhdWx0ZXIKUmV3YXJkOiBFeHAgNzgwMDAsIEpleHAgMTAwNTAw,,,,,W1NvbGljaXRhw6fDo29dCl4zMTMxRkZbVGFydGFydWdhIE5pbmphXV4wMDAwMDAgZm9pIGFjZWl0YS4=,,W1NvbGljaXR1ZCBkZWwgQ29tYW5kYW50ZSBDYWJhbGxlcm9dClViaWNhY2nDs246IE1hem1vcnJhIGRlIGxhIElzbGEgVG9ydHVnYQpPYmpldGl2bzogRGVycm90YSBhIDEwQXRhY2FudGVzLgpQcmVtaW86IDc4MDAwZGVFWFAgeSAxMDA1MDBkZUVYUGRlY2xhc2Uu
+8iBCQ,,UmVxdWVzdCBmcm9tIHRoZSBLbmlnaHQgQ29tbWFuZGVyCl40RDRERkZbSHVudGluZyBHcm91bmRdXjAwMDAwMCBRdWVzdCBhY2NlcHRlZC4=,,,,,WzcwXSBBeW90aGF5YQ==,,U29saWNpdHVkIGRlbCBDb21hbmRhbnRlIENhYmFsbGVybwpeNEQ0REZGW0NvdG8gZGUgY2FjZXLDrWFdXjAwMDAwMDogbWlzacOzbiBhY2VwdGFkYS4=
/MiBCQ,,QXlvdGhheWEgWzcwXQ==,,,,,WzcwLTgwXSBCcmFzaWxpcw==,,QXlvdGhheWEgWzcwXQ==
/ciBCQ,,QnJhc2lsaXMgWzcwLTgwXQ==,,,,,WzgwXSBNb3Njw7N2aWE=,,QnJhc2lsaXMgWzcwLTgwXQ==
/siBCQ,,TW9zY292aWEgWzgwXQ==,,,,,WzgwXSBMb3V5YW5n,,TW9zY292aWEgWzgwXQ==
/8iBCQ,,TG91eWFuZyBbODBd,,,,,WzgwLTkwXSBBbWF0c3U=,,TG91eWFuZyBbODBd
AMmBCQ,,QW1hdHN1IFs4MC05MF0=,,,,,WzkwXSBLdW5sdW4=,,QW1hdHN1IFs4MC05MF0=
AcmBCQ,,S3VubHVuIFs5MF0=,,,,,W01pc3PDo28gY29tcGxldGFdCkxvY2FsOiBTYW50dcOhcmlvIGRlIEF5b3RoYXlhCk9iamV0aXZvOiBDYcOnYXIgMjAgVGFtcnVhbgpSZWNvbXBlbnNhOiBeMzEzMUZGQsO0bnVzIGRvIEV2ZW50byArXjAwMDAwMCBFWFAgYmFzZSAzMDAwMCwgRVhQIGNsYXNzZSAzMDAwMA==,,S3VubHVuIFs5MF0=
AsmBCQ,,W1JlcXVlc3QgQ29tcGxldGVkXQpMb2NhdGlvbjogQXlvdGhheWEgQW5jaWVudCBTaHJpbmUKVGFyZ2V0OiBEZWZlYXQgMjAgVGFtcnVhbgpSZXdhcmQ6IEV4cCA0NTAwMCwgSmV4cCA0NTAwMA==,,,,,W1NvbGljaXRhw6fDo29dCkxvY2FsOiBTYW50dcOhcmlvIGRlIEF5b3RoYXlhCk9iamV0aXZvOiBDYcOnYXIgMjAgVGFtcnVhbgpSZWNvbXBlbnNhOiBeMzEzMUZGQsO0bnVzIGRvIEV2ZW50byArXjAwMDAwMCBFWFAgYmFzZSAzMDAwMCwgRVhQIGNsYXNzZSAzMDAwMA==,,W1NvbGljaXR1ZCBjb21wbGV0YWRhXQpVYmljYWNpw7NuOiBBbnRpZ3VvIHNhbnR1YXJpbyBkZSBBeW90aGF5YS4KT2JqZXRpdm86IERlcnJvdGEgYSAyMFRhbXJ1YW4uClByZW1pbzogNDUwMDBkZUVYUCB5IDQ1MDAwZGVFWFBkZWNsYXNlLg==
A8mBCQ,,WyBSZXF1ZXN0IGZyb20gRWRlbiBHcm91cF0KTG9jYXRpb246IEF5b3RoYXlhIEFuY2llbnQgU2hyaW5lClRhcmdldDogRGVmZWF0IDIwIFRhbXJ1YW4KUmV3YXJkOiBFeHAgNDUwMDAsIEpleHAgNDUwMDA=,,,,,W1NvbGljaXRhw6fDo29dCl4zMTMxRkZbQXJhdXRvIGRvIFRlbXBsb11eMDAwMDAwIGZvaSBhY2VpdGEu,,WyBTb2xpY2l0dWQgZGVsIEdydXBvIGRlIEVkw6luXQpVYmljYWNpw7NuOiBBbnRpZ3VvIHNhbnR1YXJpbyBkZSBBeW90aGF5YS4KT2JqZXRpdm86IERlcnJvdGEgYSAyMFRhbXJ1YW4uClByZW1pbzogNDUwMDBkZUVYUCB5IDQ1MDAwZGVFWFBkZWNsYXNlLg==
BMmBCQ,,IFJlcXVlc3QgZnJvbSBFZGVuIEdyb3VwCl40RDRERkZbVGVtcGxlIExpb25dXjAwMDAwMCBRdWVzdCBhY2NlcHRlZC4=,,,,,W01pc3PDo28gY29tcGxldGFdCkxvY2FsOiBGbG9yZXN0YSBkZSBCcmFzaWxpcwpPYmpldGl2bzogQ2HDp2FyIDIwIEVzcMOtcml0b3MgZG8gVmVudG8KUmVjb21wZW5zYTogXjMxMzFGRkLDtG51cyBkbyBFdmVudG8gK14wMDAwMDAgRVhQIGJhc2UgMzAwMDAsIEVYUCBjbGFzc2UgMzAwMDA=,,IFNvbGljaXR1ZCBkZWwgR3J1cG8gZGUgRWTDqW4KXjRENERGRltMZcOzbiBkZWwgVGVtcGxvXV4wMDAwMDA6IG1pc2nDs24gYWNlcHRhZGEu
BcmBCQ,,W1JlcXVlc3QgQ29tcGxldGVkXQpMb2NhdGlvbjogQnJhc2lsaXMgRmllbGQgClRhcmdldDogRGVmZWF0IDIwIFRvdWNhbgpSZXdhcmQ6IEV4cCA0NTAwMCwgSmV4cCA0NTAwMA==,,,,,W1NvbGljaXRhw6fDo29dCkxvY2FsOiBGbG9yZXN0YSBkZSBCcmFzaWxpcwpPYmpldGl2bzogQ2HDp2FyIDIwIEVzcMOtcml0b3MgZG8gVmVudG8KUmVjb21wZW5zYTogXjMxMzFGRkLDtG51cyBkbyBFdmVudG8gK14wMDAwMDAgRVhQIGJhc2UgMzAwMDAsIEVYUCBjbGFzc2UgMzAwMDA=,,W1NvbGljaXR1ZCBjb21wbGV0YWRhXQpVYmljYWNpw7NuOiBDYW1wbyBkZSBCcmFzaWxpcyAKT2JqZXRpdm86IERlcnJvdGEgYSAyMFR1Y2FuZXMuClByZW1pbzogNDUwMDBkZUVYUCB5IDQ1MDAwZGVFWFBkZWNsYXNlLg==
BsmBCQ,,WyBSZXF1ZXN0IGZyb20gRWRlbiBHcm91cF0KTG9jYXRpb246IEJyYXNpbGlzIEZpZWxkIApUYXJnZXQ6IERlZmVhdCAyMCBUb3VjYW4KUmV3YXJkOiBFeHAgNDUwMDAsIEpleHAgNDUwMDA=,,,,,W1NvbGljaXRhw6fDo29dCl4zMTMxRkZbUMOhc3Nhcm8gQ29sb3JpZG9dXjAwMDAwMCBmb2kgYWNlaXRhLg==,,WyBTb2xpY2l0dWQgZGVsIEdydXBvIGRlIEVkw6luXQpVYmljYWNpw7NuOiBDYW1wbyBkZSBCcmFzaWxpcyAKT2JqZXRpdm86IERlcnJvdGEgYSAyMFR1Y2FuZXMuClByZW1pbzogNDUwMDBkZUVYUCB5IDQ1MDAwZGVFWFBkZWNsYXNlLg==
B8mBCQ,,IFJlcXVlc3QgZnJvbSBFZGVuIEdyb3VwCl40RDRERkZbUmFpbmJvdyBCaXJkXV4wMDAwMDAgUXVlc3QgYWNjZXB0ZWQu,,,,,W01pc3PDo28gY29tcGxldGFdCkxvY2FsOiBGbG9yZXN0YSBkZSBCcmFzaWxpcwpPYmpldGl2bzogQ2HDp2FyIDIwIE11bGFzLXNlbS1DYWJlw6dhClJlY29tcGVuc2E6IF4zMTMxRkZCw7RudXMgZG8gRXZlbnRvICteMDAwMDAwIEVYUCBiYXNlIDM1MDAwLCBFWFAgY2xhc3NlIDM1MDAw,,IFNvbGljaXR1ZCBkZWwgR3J1cG8gZGUgRWTDqW4KXjRENERGRltBdmUgY29sb3JpZGFdXjAwMDAwMDogbWlzacOzbiBhY2VwdGFkYS4=
CMmBCQ,,W1JlcXVlc3QgQ29tcGxldGVkXQpMb2NhdGlvbjogQnJhc2lsaXMgRmllbGQgClRhcmdldDogRGVmZWF0IDIwIEhlYWRsZXNzIE11bGUKUmV3YXJkOiBFeHAgNTI1MDAsIEpleHAgNTI1MDA=,,,,,W1NvbGljaXRhw6fDo29dCkxvY2FsOiBGbG9yZXN0YSBkZSBCcmFzaWxpcwpPYmpldGl2bzogQ2HDp2FyIDIwIE11bGFzLXNlbS1DYWJlw6dhClJlY29tcGVuc2E6IF4zMTMxRkZCw7RudXMgZG8gRXZlbnRvICteMDAwMDAwIEVYUCBiYXNlIDM1MDAwLCBFWFAgY2xhc3NlIDM1MDAw,,W1NvbGljaXR1ZCBjb21wbGV0YWRhXQpVYmljYWNpw7NuOiBDYW1wbyBkZSBCcmFzaWxpcyAKT2JqZXRpdm86IERlcnJvdGEgYSAyME11bGFzIHNpbiBjYWJlemEuClByZW1pbzogNTI1MDBkZUVYUCB5IDUyNTAwZGVFWFBkZWNsYXNlLg==
CcmBCQ,,WyBSZXF1ZXN0IGZyb20gRWRlbiBHcm91cF0KTG9jYXRpb246IEJyYXNpbGlzIEZpZWxkIApUYXJnZXQ6IERlZmVhdCAyMCBIZWFkbGVzcyBNdWxlClJld2FyZDogRXhwIDUyNTAwLCBKZXhwIDUyNTAw,,,,,W1NvbGljaXRhw6fDo29dCl4zMTMxRkZbTGVuZGEgZG8gRm9sY2xvcmVdXjAwMDAwMCBmb2kgYWNlaXRhLg==,,WyBTb2xpY2l0dWQgZGVsIEdydXBvIGRlIEVkw6luXQpVYmljYWNpw7NuOiBDYW1wbyBkZSBCcmFzaWxpcyAKT2JqZXRpdm86IERlcnJvdGEgYSAyME11bGFzIHNpbiBjYWJlemEuClByZW1pbzogNTI1MDBkZUVYUCB5IDUyNTAwZGVFWFBkZWNsYXNlLg==
CsmBCQ,,IFJlcXVlc3QgZnJvbSBFZGVuIEdyb3VwCl40RDRERkZbSGVhZGxlc3MgSG9yc2VdXjAwMDAwMCBRdWVzdCBhY2NlcHRlZC4=,,,,,W01pc3PDo28gY29tcGxldGFdCkxvY2FsOiBGbG9yZXN0YSBFbmNhbnRhZGEKT2JqZXRpdm86IENhw6dhciAyMCBLaWtpbW9yYXMKUmVjb21wZW5zYTogXjMxMzFGRkLDtG51cyBkbyBFdmVudG8gK14wMDAwMDAgRVhQIGJhc2UgNDI2NjAsIEVYUCBjbGFzc2UgNDM2MDA=,,IFNvbGljaXR1ZCBkZWwgR3J1cG8gZGUgRWTDqW4KXjRENERGRltNdWxhIHNpbiBjYWJlemFdXjAwMDAwMDogbWlzacOzbiBhY2VwdGFkYS4=
C8mBCQ,,W1JlcXVlc3QgQ29tcGxldGVkXQpMb2NhdGlvbjogTW9zY292aWEgRGVlcCBGb3Jlc3QKVGFyZ2V0OiBEZWZlYXQgMjAgVXpoYXMKUmV3YXJkOiBFeHAgNjM5OTAsIEpleHAgNjU0MDA=,,,,,W1NvbGljaXRhw6fDo29dCkxvY2FsOiBGbG9yZXN0YSBFbmNhbnRhZGEKT2JqZXRpdm86IENhw6dhciAyMCBLaWtpbW9yYXMKUmVjb21wZW5zYTogXjMxMzFGRkLDtG51cyBkbyBFdmVudG8gK14wMDAwMDAgRVhQIGJhc2UgNDI2NjAsIEVYUCBjbGFzc2UgNDM2MDA=,,W1NvbGljaXR1ZCBjb21wbGV0YWRhXQpVYmljYWNpw7NuOiBCb3NxdWUgcHJvZnVuZG8gZGUgTW9zY292aWEuCk9iamV0aXZvOiBEZXJyb3RhIGEgMjBVemhhcy4KUHJlbWlvOiA2Mzk5MGRlRVhQIHkgNjU0MDBkZUVYUGRlY2xhc2Uu
DMmBCQ,,WyBSZXF1ZXN0IGZyb20gRWRlbiBHcm91cF0KTG9jYXRpb246IE1vc2NvdmlhIERlZXAgRm9yZXN0ClRhcmdldDogRGVmZWF0IDIwIFV6aGFzClJld2FyZDogRXhwIDYzOTkwLCBKZXhwIDY1NDAw,,,,,W1NvbGljaXRhw6fDo29dCl4zMTMxRkZbUGVzYWRlbG8gU292acOpdGljb11eMDAwMDAwIGZvaSBhY2VpdGEu,,WyBTb2xpY2l0dWQgZGVsIEdydXBvIGRlIEVkw6luXQpVYmljYWNpw7NuOiBCb3NxdWUgcHJvZnVuZG8gZGUgTW9zY292aWEuCk9iamV0aXZvOiBEZXJyb3RhIGEgMjBVemhhcy4KUHJlbWlvOiA2Mzk5MGRlRVhQIHkgNjU0MDBkZUVYUGRlY2xhc2Uu
DcmBCQ,,IFJlcXVlc3QgZnJvbSBFZGVuIEdyb3VwCl40RDRERkZbTW9zY292aWEgTmlnaHRtYXJlXV4wMDAwMDAgUXVlc3QgYWNjZXB0ZWQu,,,,,W01pc3PDo28gY29tcGxldGFdCkxvY2FsOiBGbG9yZXN0YSBFbmNhbnRhZGEKT2JqZXRpdm86IENhw6dhciAyMCBCYWJhLVlhZ2FzClJlY29tcGVuc2E6IF4zMTMxRkZCw7RudXMgZG8gRXZlbnRvICteMDAwMDAwIEVYUCBiYXNlIDQ1NzAwLCBFWFAgY2xhc3NlIDQ2NzAw,,IFNvbGljaXR1ZCBkZWwgR3J1cG8gZGUgRWTDqW4KXjRENERGRltQZXNhZGlsbGEgZW4gTW9zY292aWFdXjAwMDAwMDogbWlzacOzbiBhY2VwdGFkYS4=
DsmBCQ,,W1JlcXVlc3QgQ29tcGxldGVkXQpMb2NhdGlvbjogTW9zY292aWEgVmVyeSBEZWVwIEZvcmVzdApUYXJnZXQ6IERlZmVhdCAyMCBCYWJhIFlhZ2EKUmV3YXJkOiBFeHAgNjg1NTAsIEpleHAgNzAwNTA=,,,,,W1NvbGljaXRhw6fDo29dCkxvY2FsOiBGbG9yZXN0YSBFbmNhbnRhZGEKT2JqZXRpdm86IENhw6dhciAyMCBCYWJhLVlhZ2FzClJlY29tcGVuc2E6IF4zMTMxRkZCw7RudXMgZG8gRXZlbnRvICteMDAwMDAwIEVYUCBiYXNlIDQ1NzAwLCBFWFAgY2xhc3NlIDQ2NzAw,,W1NvbGljaXR1ZCBjb21wbGV0YWRhXQpVYmljYWNpw7NuOiBCb3NxdWUgbXV5IHByb2Z1bmRvIGRlIE1vc2NvdmlhLgpPYmpldGl2bzogRGVycm90YSBhIDIwQmFiYSBZYWdhLgpQcmVtaW86IDY4NTUwZGVFWFAgeSA3MDA1MGRlRVhQZGVjbGFzZS4=
D8mBCQ,,WyBSZXF1ZXN0IGZyb20gRWRlbiBHcm91cF0KTG9jYXRpb246IE1vc2NvdmlhIFZlcnkgRGVlcCBGb3Jlc3QKVGFyZ2V0OiBEZWZlYXQgMjAgQmFiYSBZYWdhClJld2FyZDogRXhwIDY4NTUwLCBKZXhwIDcwMDUw,,,,,W1NvbGljaXRhw6fDo29dCl4zMTMxRkZbVm92w7MgVmlkZW50ZV1eMDAwMDAwIGZvaSBhY2VpdGEu,,WyBTb2xpY2l0dWQgZGVsIEdydXBvIGRlIEVkw6luXQpVYmljYWNpw7NuOiBCb3NxdWUgbXV5IHByb2Z1bmRvIGRlIE1vc2NvdmlhLgpPYmpldGl2bzogRGVycm90YSBhIDIwQmFiYSBZYWdhLgpQcmVtaW86IDY4NTUwZGVFWFAgeSA3MDA1MGRlRVhQZGVjbGFzZS4=
EMmBCQ,,IFJlcXVlc3QgZnJvbSBFZGVuIEdyb3VwCl40RDRERkZbQnJvb20sIENhc3QgSXJvbiBQb3QsIGFuZCBHcmFuZG1vdGhlcl1eMDAwMDAwIFF1ZXN0IGFjY2VwdGVkLg==,,,,,W01pc3PDo28gY29tcGxldGFdCkxvY2FsOiBTdWwgZGUgTG91eWFuZwpPYmpldGl2bzogQ2HDp2FyIDIwIE1pIEdhbwpSZWNvbXBlbnNhOiBeMzEzMUZGQsO0bnVzIGRvIEV2ZW50byArXjAwMDAwMCBFWFAgYmFzZSAzOTYwMCwgRVhQIGNsYXNzZSAzNTAwMA==,,IFNvbGljaXR1ZCBkZWwgR3J1cG8gZGUgRWTDqW4KXjRENERGRltMYSBicnVqYSwgc3UgZXNjb2JhIHkgY2FsZGVyb11eMDAwMDAwOiBtaXNpw7NuIGFjZXB0YWRhLg==
EcmBCQ,,W1JlcXVlc3QgQ29tcGxldGVkXQpMb2NhdGlvbjogTG91eWFuZyBGaWVsZApUYXJnZXQ6IERlZmVhdCAyMCBNaSBHYW8KUmV3YXJkOiBFeHAgNTk0MDAsIEpleHAgNTI1MDA=,,,,,W1NvbGljaXRhw6fDo29dCkxvY2FsOiBTdWwgZGUgTG91eWFuZwpPYmpldGl2bzogQ2HDp2FyIDIwIE1pIEdhbwpSZWNvbXBlbnNhOiBeMzEzMUZGQsO0bnVzIGRvIEV2ZW50byArXjAwMDAwMCBFWFAgYmFzZSAzOTYwMCwgRVhQIGNsYXNzZSAzNTAwMA==,,W1NvbGljaXR1ZCBjb21wbGV0YWRhXQpVYmljYWNpw7NuOiBDYW1wbyBkZSBMb3V5YW5nCk9iamV0aXZvOiBEZXJyb3RhIGEgMjBNaSBHYW8uClByZW1pbzogNTk0MDBkZUVYUCB5IDUyNTAwZGVFWFBkZWNsYXNlLg==
EsmBCQ,,WyBSZXF1ZXN0IGZyb20gRWRlbiBHcm91cF0KTG9jYXRpb246IExvdXlhbmcgRmllbGQKVGFyZ2V0OiBEZWZlYXQgMjAgTWkgR2FvClJld2FyZDogRXhwIDU5NDAwLCBKZXhwIDUyNTAw,,,,,W1NvbGljaXRhw6fDo29dCl4zMTMxRkZbQXJlaWFzIEF0YWNhbT9dXjAwMDAwMCBmb2kgYWNlaXRhLg==,,WyBTb2xpY2l0dWQgZGVsIEdydXBvIGRlIEVkw6luXQpVYmljYWNpw7NuOiBDYW1wbyBkZSBMb3V5YW5nCk9iamV0aXZvOiBEZXJyb3RhIGEgMjBNaSBHYW8uClByZW1pbzogNTk0MDBkZUVYUCB5IDUyNTAwZGVFWFBkZWNsYXNlLg==
E8mBCQ,,IFJlcXVlc3QgZnJvbSBFZGVuIEdyb3VwCl40RDRERkZbUmljZSBjYWtlIG1hZGUgZnJvbSBzYW5kP11eMDAwMDAwIFF1ZXN0IGFjY2VwdGVkLg==,,,,,W01pc3PDo28gY29tcGxldGFdCkxvY2FsOiBUdW1iYSBSZWFsCk9iamV0aXZvOiBDYcOnYXIgMTUgWWFvIEp1biBlIDE1IEppbmcgR3VhaQpSZWNvbXBlbnNhOiBeMzEzMUZGQsO0bnVzIGRvIEV2ZW50byArXjAwMDAwMCBFWFAgYmFzZSA3MjAwMCwgRVhQIGNsYXNzZSA3MjAwMA==,,IFNvbGljaXR1ZCBkZWwgR3J1cG8gZGUgRWTDqW4KXjRENERGRlvCv1Bhc3RlbCBkZSBhcnJveiBoZWNobyBkZSBhcmVuYT9dXjAwMDAwMDogbWlzacOzbiBhY2VwdGFkYS4=
FMmBCQ,,W1JlcXVlc3QgQ29tcGxldGVkXQpMb2NhdGlvbjogTG91eWFuZyBUaGUgUm95YWwgVG9tYgpUYXJnZXQ6IERlZmVhdCAxNSBZYW8gSnVuIGFuZCAxNSBKaW5nIEd1YWkKUmV3YXJkOiBFeHAgMTA4MDAwLCBKZXhwIDEwODAwMA==,,,,,W1NvbGljaXRhw6fDo29dCkxvY2FsOiBUdW1iYSBSZWFsCk9iamV0aXZvOiBDYcOnYXIgMTUgWWFvIEp1biBlIDE1IEppbmcgR3VhaQpSZWNvbXBlbnNhOiBeMzEzMUZGQsO0bnVzIGRvIEV2ZW50byArXjAwMDAwMCBFWFAgYmFzZSA3MjAwMCwgRVhQIGNsYXNzZSA3MjAwMA==,,W1NvbGljaXR1ZCBjb21wbGV0YWRhXQpVYmljYWNpw7NuOiBMb3V5YW5nLCBsYSBUdW1iYSBSZWFsLgpPYmpldGl2bzogRGVycm90YSBhIDE1WWFvIEp1biB5IDE1SmluZyBHdWFpLgpQcmVtaW86IDEwODAwMGRlRVhQIHkgMTA4MDAwZGVFWFBkZWNsYXNlLg==
FcmBCQ,,WyBSZXF1ZXN0IGZyb20gRWRlbiBHcm91cF0KTG9jYXRpb246IExvdXlhbmcgVGhlIFJveWFsIFRvbWIKVGFyZ2V0OiBEZWZlYXQgMTUgWWFvIEp1biBhbmQgMTUgSmluZyBHdWFpClJld2FyZDogRXhwIDEwODAwMCwgSmV4cCAxMDgwMDA=,,,,,W1NvbGljaXRhw6fDo29dCl4zMTMxRkZbVHVtYmEgZGUgU2VncmVkb3NdXjAwMDAwMCBmb2kgYWNlaXRhLg==,,WyBTb2xpY2l0dWQgZGVsIEdydXBvIGRlIEVkw6luXQpVYmljYWNpw7NuOiBMb3V5YW5nLCBsYSBUdW1iYSBSZWFsLgpPYmpldGl2bzogRGVycm90YSBhIDE1WWFvIEp1biB5IDE1SmluZyBHdWFpLgpQcmVtaW86IDEwODAwMGRlRVhQIHkgMTA4MDAwZGVFWFBkZWNsYXNlLg==
FsmBCQ,,IFJlcXVlc3QgZnJvbSBFZGVuIEdyb3VwCl40RDRERkZbQSB0b21iIHdoZXJlIHNlY3JldHMgc2xlZXBdXjAwMDAwMCBRdWVzdCBhY2NlcHRlZC4=,,,,,W01pc3PDo28gY29tcGxldGFdCkxvY2FsOiBMYWJpcmludG8gZGUgVGF0YW1pCk9iamV0aXZvOiBDYcOnYXIgMjAgQm9uZWNvcyBkZSBNaXlhYmkKUmVjb21wZW5zYTogXjMxMzFGRkLDtG51cyBkbyBFdmVudG8gK14wMDAwMDAgRVhQIGJhc2UgMzY4MDAsIEVYUCBjbGFzc2UgNDAxMDA=,,IFNvbGljaXR1ZCBkZWwgR3J1cG8gZGUgRWTDqW4KXjRENERGRltMYSB0dW1iYSBkZSBsb3Mgc2VjcmV0b3MgbGF0ZW50ZXNdXjAwMDAwMDogbWlzacOzbiBhY2VwdGFkYS4=
F8mBCQ,,W1JlcXVlc3QgQ29tcGxldGVkXQpMb2NhdGlvbjogQW1hdHN1IFRhdGFtaSBNYXplClRhcmdldDogRGVmZWF0IDIwIE1peWFiaSBEb2xsClJld2FyZDogRXhwIDU1MjAwLCBKZXhwIDYwMTUw,,,,,W1NvbGljaXRhw6fDo29dCkxvY2FsOiBMYWJpcmludG8gZGUgVGF0YW1pCk9iamV0aXZvOiBDYcOnYXIgMjAgQm9uZWNvcyBkZSBNaXlhYmkKUmVjb21wZW5zYTogXjMxMzFGRkLDtG51cyBkbyBFdmVudG8gK14wMDAwMDAgRVhQIGJhc2UgMzY4MDAsIEVYUCBjbGFzc2UgNDAxMDA=,,W1NvbGljaXR1ZCBjb21wbGV0YWRhXQpVYmljYWNpw7NuOiBMYWJlcmludG8gVGF0YW1pIGRlIEFtYXRzdQpPYmpldGl2bzogRGVycm90YSBhIDIwTXXDsWVjYXNNaXlhYmkuClByZW1pbzogNTUyMDBkZUVYUCB5IDYwMTUwZGVFWFBkZWNsYXNlLg==
GMmBCQ,,WyBSZXF1ZXN0IGZyb20gRWRlbiBHcm91cF0KTG9jYXRpb246IEFtYXRzdSBUYXRhbWkgTWF6ZQpUYXJnZXQ6IERlZmVhdCAyMCBNaXlhYmkgRG9sbApSZXdhcmQ6IEV4cCA1NTIwMCwgSmV4cCA2MDE1MA==,,,,,W1NvbGljaXRhw6fDo29dCl4zMTMxRkZbQm9uZWNhcyBEZWxpY2FkYXNdXjAwMDAwMCBmb2kgYWNlaXRhLg==,,WyBTb2xpY2l0dWQgZGVsIEdydXBvIGRlIEVkw6luXQpVYmljYWNpw7NuOiBMYWJlcmludG8gVGF0YW1pIGRlIEFtYXRzdQpPYmpldGl2bzogRGVycm90YSBhIDIwTXXDsWVjYXNNaXlhYmkuClByZW1pbzogNTUyMDBkZUVYUCB5IDYwMTUwZGVFWFBkZWNsYXNlLg==
GcmBCQ,,IFJlcXVlc3QgZnJvbSBFZGVuIEdyb3VwCl40RDRERkZbQmVhdXRpZnVsIERvbGxdXjAwMDAwMCBRdWVzdCBhY2NlcHRlZC4=,,,,,W01pc3PDo28gY29tcGxldGFdCkxvY2FsOiBMYWJpcmludG8gZGUgVGF0YW1pCk9iamV0aXZvOiBDYcOnYXIgMjAgWnVtYmlzIEF0aXJhZG9yZXMKUmVjb21wZW5zYTogXjMxMzFGRkLDtG51cyBkbyBFdmVudG8gK14wMDAwMDAgRVhQIGJhc2UgNDc1MDAsIEVYUCBjbGFzc2UgNDgzMDA=,,IFNvbGljaXR1ZCBkZWwgR3J1cG8gZGUgRWTDqW4KXjRENERGRltNdcOxZWNhIGhlcm1vc2FdXjAwMDAwMDogbWlzacOzbiBhY2VwdGFkYS4=
GsmBCQ,,W1JlcXVlc3QgQ29tcGxldGVkXQpMb2NhdGlvbjogQW1hdHN1IFRhdGFtaSBNYXplClRhcmdldDogRGVmZWF0IDIwIEZpcmVsb2NrIFNvbGRpZXIKUmV3YXJkOiBFeHAgNzEyNTAsIEpleHAgNzI0NTA=,,,,,W1NvbGljaXRhw6fDo29dCkxvY2FsOiBMYWJpcmludG8gZGUgVGF0YW1pCk9iamV0aXZvOiBDYcOnYXIgMjAgWnVtYmlzIEF0aXJhZG9yZXMKUmVjb21wZW5zYTogXjMxMzFGRkLDtG51cyBkbyBFdmVudG8gK14wMDAwMDAgRVhQIGJhc2UgNDc1MDAsIEVYUCBjbGFzc2UgNDgzMDA=,,W1NvbGljaXR1ZCBjb21wbGV0YWRhXQpVYmljYWNpw7NuOiBMYWJlcmludG8gVGF0YW1pIGRlIEFtYXRzdQpPYmpldGl2bzogRGVycm90YSBhIDIwUmVjbHV0YXMgY29uIGFybWFzIGRlIGZ1ZWdvLgpQcmVtaW86IDcxMjUwZGVFWFAgeSA3MjQ1MGRlRVhQZGVjbGFzZS4=
G8mBCQ,,WyBSZXF1ZXN0IGZyb20gRWRlbiBHcm91cF0KTG9jYXRpb246IEFtYXRzdSBUYXRhbWkgTWF6ZQpUYXJnZXQ6IERlZmVhdCAyMCBGaXJlbG9jayBTb2xkaWVyClJld2FyZDogRXhwIDcxMjUwLCBKZXhwIDcyNDUw,,,,,W1NvbGljaXRhw6fDo29dCl4zMTMxRkZbVmlnaWEgTW9ydG8tVml2b11eMDAwMDAwIGZvaSBhY2VpdGEu,,WyBTb2xpY2l0dWQgZGVsIEdydXBvIGRlIEVkw6luXQpVYmljYWNpw7NuOiBMYWJlcmludG8gVGF0YW1pIGRlIEFtYXRzdQpPYmpldGl2bzogRGVycm90YSBhIDIwUmVjbHV0YXMgY29uIGFybWFzIGRlIGZ1ZWdvLgpQcmVtaW86IDcxMjUwZGVFWFAgeSA3MjQ1MGRlRVhQZGVjbGFzZS4=
HMmBCQ,,IFJlcXVlc3QgZnJvbSBFZGVuIEdyb3VwCl40RDRERkZbTG9zZXJzLCB3aW5uZXJzLCBhbmQgdGhvc2UgbGVmdCBiZWhpbmRdXjAwMDAwMCBRdWVzdCBhY2NlcHRlZC4=,,,,,W01pc3PDo28gY29tcGxldGFdCkxvY2FsOiBMYWJpcmludG8gZGUgVGF0YW1pCk9iamV0aXZvOiBDYcOnYXIgMjAgU2hpbm9iaQpSZWNvbXBlbnNhOiBeMzEzMUZGQsO0bnVzIGRvIEV2ZW50byArXjAwMDAwMCBFWFAgYmFzZSA4MTEyMCwgRVhQIGNsYXNzZSA3MjIwMA==,,IFNvbGljaXR1ZCBkZWwgR3J1cG8gZGUgRWTDqW4KXjRENERGRltQZXJkZWRvcmVzLCBnYW5hZG9yZXMgeSBsb3MgcXVlIHNlIHF1ZWRhbiBhdHLDoXNdXjAwMDAwMDogbWlzacOzbiBhY2VwdGFkYS4=
HcmBCQ,,W1JlcXVlc3QgQ29tcGxldGVkXQpMb2NhdGlvbjogQW1hdHN1IFRhdGFtaSBNYXplClRhcmdldDogRGVmZWF0IDIwIFNoaW5vYmkKUmV3YXJkOiBFeHAgMTIxNjgwLCBKZXhwIDEwODMwMA==,,,,,W1NvbGljaXRhw6fDo29dCkxvY2FsOiBMYWJpcmludG8gZGUgVGF0YW1pCk9iamV0aXZvOiBDYcOnYXIgMjAgU2hpbm9iaQpSZWNvbXBlbnNhOiBeMzEzMUZGQsO0bnVzIGRvIEV2ZW50byArXjAwMDAwMCBFWFAgYmFzZSA4MTEyMCwgRVhQIGNsYXNzZSA3MjIwMA==,,W1NvbGljaXR1ZCBjb21wbGV0YWRhXQpVYmljYWNpw7NuOiBMYWJlcmludG8gVGF0YW1pIGRlIEFtYXRzdQpPYmpldGl2bzogRGVycm90YSBhIDIwU2hpbm9iaS4KUHJlbWlvOiAxMjE2ODBkZUVYUCB5IDEwODMwMGRlRVhQZGVjbGFzZS4=
HsmBCQ,,WyBSZXF1ZXN0IGZyb20gRWRlbiBHcm91cF0KTG9jYXRpb246IEFtYXRzdSBUYXRhbWkgTWF6ZQpUYXJnZXQ6IERlZmVhdCAyMCBTaGlub2JpClJld2FyZDogRXhwIDEyMTY4MCwgSmV4cCAxMDgzMDA=,,,,,W1NvbGljaXRhw6fDo29dCl4zMTMxRkZbQWxndcOpbSDDoCBFc3ByZWl0YV1eMDAwMDAwIGZvaSBhY2VpdGEu,,WyBTb2xpY2l0dWQgZGVsIEdydXBvIGRlIEVkw6luXQpVYmljYWNpw7NuOiBMYWJlcmludG8gVGF0YW1pIGRlIEFtYXRzdQpPYmpldGl2bzogRGVycm90YSBhIDIwU2hpbm9iaS4KUHJlbWlvOiAxMjE2ODBkZUVYUCB5IDEwODMwMGRlRVhQZGVjbGFzZS4=
H8mBCQ,,IFJlcXVlc3QgZnJvbSBFZGVuIEdyb3VwCl40RDRERkZbU2hpbm9iaSBIdW50aW5nLl1eMDAwMDAwIFF1ZXN0IGFjY2VwdGVkLg==,,,,,W01pc3PDo28gY29tcGxldGFdCkxvY2FsOiBUZXJyYSBkYXMgRmFkYXMKT2JqZXRpdm86IENhw6dhciAyMCBOaW5mYXMgUGVydmVyc2FzClJlY29tcGVuc2E6IF4zMTMxRkZCw7RudXMgZG8gRXZlbnRvICteMDAwMDAwIEVYUCBiYXNlIDc2NjAwLCBFWFAgY2xhc3NlIDgzNzAw,,IFNvbGljaXR1ZCBkZWwgR3J1cG8gZGUgRWTDqW4KXjRENERGRltDYWNlcsOtYSBkZSBTaGlub2JpXV4wMDAwMDA6IG1pc2nDs24gYWNlcHRhZGEu
IMmBCQ,,W1JlcXVlc3QgQ29tcGxldGVkXQpMb2NhdGlvbjogS3VubHVuIEFyY2FkaWEKVGFyZ2V0OiBEZWZlYXQgMjAgRXZpbCBOeW1waApSZXdhcmQ6IEV4cCAxMTQ5MDAsIEpleHAgMTI1NTUw,,,,,W1NvbGljaXRhw6fDo29dCkxvY2FsOiBUZXJyYSBkYXMgRmFkYXMKT2JqZXRpdm86IENhw6dhciAyMCBOaW5mYXMgUGVydmVyc2FzClJlY29tcGVuc2E6IF4zMTMxRkZCw7RudXMgZG8gRXZlbnRvICteMDAwMDAwIEVYUCBiYXNlIDc2NjAwLCBFWFAgY2xhc3NlIDgzNzAw,,W1NvbGljaXR1ZCBjb21wbGV0YWRhXQpVYmljYWNpw7NuOiBBcmNhZGlhIGRlIEt1bmx1bi4KT2JqZXRpdm86IERlcnJvdGEgYSAyME5pbmZhcyBtYWx2YWRhcy4KUHJlbWlvOiAxMTQ5MDBkZUVYUCB5IDEyNTU1MGRlRVhQZGVjbGFzZS4=
IcmBCQ,,WyBSZXF1ZXN0IGZyb20gRWRlbiBHcm91cF0KTG9jYXRpb246IEt1bmx1biBBcmNhZGlhClRhcmdldDogRGVmZWF0IDIwIEV2aWwgTnltcGgKUmV3YXJkOiBFeHAgMTE0OTAwLCBKZXhwIDEyNTU1MA==,,,,,W1NvbGljaXRhw6fDo29dCl4zMTMxRkZbRG9uemVsYSBDZWxlc3RpYWxdXjAwMDAwMCBmb2kgYWNlaXRhLg==,,WyBTb2xpY2l0dWQgZGVsIEdydXBvIGRlIEVkw6luXQpVYmljYWNpw7NuOiBBcmNhZGlhIGRlIEt1bmx1bi4KT2JqZXRpdm86IERlcnJvdGEgYSAyME5pbmZhcyBtYWx2YWRhcy4KUHJlbWlvOiAxMTQ5MDBkZUVYUCB5IDEyNTU1MGRlRVhQZGVjbGFzZS4=
IsmBCQ,,IFJlcXVlc3QgZnJvbSBFZGVuIEdyb3VwCl40RDRERkZbQ2VsZXN0aWFsIExhZHldXjAwMDAwMCBRdWVzdCBhY2NlcHRlZC4=,,,,,W01pc3PDo28gY29tcGxldGFdCkxvY2FsOiBUZXJyYSBkYXMgRmFkYXMKT2JqZXRpdm86IENhw6dhciAyMCBQZXNzZWd1ZWlyYXMgRW5jYW50YWRhcwpSZWNvbXBlbnNhOiBeMzEzMUZGQsO0bnVzIGRvIEV2ZW50byArXjAwMDAwMCBFWFAgYmFzZSA2MzAwMCwgRVhQIGNsYXNzZSA3MTkwMA==,,IFNvbGljaXR1ZCBkZWwgR3J1cG8gZGUgRWTDqW4KXjRENERGRltEYW1hIGNlbGVzdGlhbF1eMDAwMDAwOiBtaXNpw7NuIGFjZXB0YWRhLg==
I8mBCQ,,W1JlcXVlc3QgQ29tcGxldGVkXQpMb2NhdGlvbjogU2hyaW5lIG9mIEt1bmx1biBRdWVlbgpUYXJnZXQ6IERlZmVhdCAyMCBFbmNoYW50ZWQgUGVhY2ggVHJlZQpSZXdhcmQ6IEV4cCA5NDUwMCwgSmV4cCAxMDc4NTA=,,,,,W1NvbGljaXRhw6fDo29dCkxvY2FsOiBUZXJyYSBkYXMgRmFkYXMKT2JqZXRpdm86IENhw6dhciAyMCBQZXNzZWd1ZWlyYXMgRW5jYW50YWRhcwpSZWNvbXBlbnNhOiBeMzEzMUZGQsO0bnVzIGRvIEV2ZW50byArXjAwMDAwMCBFWFAgYmFzZSA2MzAwMCwgRVhQIGNsYXNzZSA3MTkwMA==,,W1NvbGljaXR1ZCBjb21wbGV0YWRhXQpVYmljYWNpw7NuOiBTYW50dWFyaW8gZGUgbGEgcmVpbmEgZGUgS3VubHVuCk9iamV0aXZvOiBEZXJyb3RhIGEgMjBEdXJhem5lcm9zIGVuY2FudGFkb3MuClByZW1pbzogOTQ1MDBkZUVYUCB5IDEwNzg1MGRlRVhQZGVjbGFzZS4=
JMmBCQ,,WyBSZXF1ZXN0IGZyb20gRWRlbiBHcm91cF0KTG9jYXRpb246IFNocmluZSBvZiBLdW5sdW4gUXVlZW4KVGFyZ2V0OiBEZWZlYXQgMjAgRW5jaGFudGVkIFBlYWNoIFRyZWUKUmV3YXJkOiBFeHAgOTQ1MDAsIEpleHAgMTA3ODUw,,,,,W1NvbGljaXRhw6fDo29dCl4zMTMxRkZbUMOqc3NlZ29zIGUgWW95b3NdXjAwMDAwMCBmb2kgYWNlaXRhLg==,,WyBTb2xpY2l0dWQgZGVsIEdydXBvIGRlIEVkw6luXQpVYmljYWNpw7NuOiBTYW50dWFyaW8gZGUgbGEgcmVpbmEgZGUgS3VubHVuCk9iamV0aXZvOiBEZXJyb3RhIGEgMjBEdXJhem5lcm9zIGVuY2FudGFkb3MuClByZW1pbzogOTQ1MDBkZUVYUCB5IDEwNzg1MGRlRVhQZGVjbGFzZS4=
JcmBCQ,,IFJlcXVlc3QgZnJvbSBFZGVuIEdyb3VwCl40RDRERkZbTW9ua2V5IEtpbmcgQ2FuZGlkYXRlXV4wMDAwMDAgUXVlc3QgYWNjZXB0ZWQu,,,,,W01pc3PDo28gY29tcGxldGFdCkxvY2FsOiBUZXJyYSBkYXMgRmFkYXMKT2JqZXRpdm86IENhw6dhciAyMCBFcm1pdMOjbyBNYWxpZ25vClJlY29tcGVuc2E6IF4zMTMxRkZCw7RudXMgZG8gRXZlbnRvICteMDAwMDAwIEVYUCBiYXNlIDcyMDAwLCBFWFAgY2xhc3NlIDcyMDAw,,IFNvbGljaXR1ZCBkZWwgR3J1cG8gZGUgRWTDqW4KXjRENERGRltDYW5kaWRhdG8gYSBSZXkgTW9ub11eMDAwMDAwOiBtaXNpw7NuIGFjZXB0YWRhLg==
JsmBCQ,,W1JlcXVlc3QgQ29tcGxldGVkXQpMb2NhdGlvbjogSGVybWl0J3MgQ2hlY2tlcnMgaW4gS3VubHVuClRhcmdldDogRGVmZWF0IDIwIFRhb2lzdCBIZXJtaXQKUmV3YXJkOiBFeHAgMTA4MDAwLCBKZXhwIDEwODAwMA==,,,,,W1NvbGljaXRhw6fDo29dCkxvY2FsOiBUZXJyYSBkYXMgRmFkYXMKT2JqZXRpdm86IENhw6dhciAyMCBFcm1pdMOjbyBNYWxpZ25vClJlY29tcGVuc2E6IF4zMTMxRkZCw7RudXMgZG8gRXZlbnRvICteMDAwMDAwIEVYUCBiYXNlIDcyMDAwLCBFWFAgY2xhc3NlIDcyMDAw,,W1NvbGljaXR1ZCBjb21wbGV0YWRhXQpVYmljYWNpw7NuOiBEYW1hcyBkZWwgZXJtaXRhw7FvIGRlIEt1bmx1bi4KT2JqZXRpdm86IERlcnJvdGEgYSAyMEVybWl0YcOxb3MgdGFvw61zdGFzLgpQcmVtaW86IDEwODAwMGRlRVhQIHkgMTA4MDAwZGVFWFBkZWNsYXNlLg==
J8mBCQ,,WyBSZXF1ZXN0IGZyb20gRWRlbiBHcm91cF0KTG9jYXRpb246IEhlcm1pdCdzIENoZWNrZXJzIGluIEt1bmx1bgpUYXJnZXQ6IERlZmVhdCAyMCBUYW9pc3QgSGVybWl0ClJld2FyZDogRXhwIDEwODAwMCwgSmV4cCAxMDgwMDA=,,,,,W1NvbGljaXRhw6fDo29dCl4zMTMxRkZbSG9tZW0gbmFzIE51dmVuc11eMDAwMDAwIGZvaSBhY2VpdGEu,,WyBTb2xpY2l0dWQgZGVsIEdydXBvIGRlIEVkw6luXQpVYmljYWNpw7NuOiBEYW1hcyBkZWwgZXJtaXRhw7FvIGRlIEt1bmx1bi4KT2JqZXRpdm86IERlcnJvdGEgYSAyMEVybWl0YcOxb3MgdGFvw61zdGFzLgpQcmVtaW86IDEwODAwMGRlRVhQIHkgMTA4MDAwZGVFWFBkZWNsYXNlLg==
KMmBCQ,,IFJlcXVlc3QgZnJvbSBFZGVuIEdyb3VwCl40RDRERkZbT2xkIE1hbiBvbiB0aGUgQ2xvdWRzXV4wMDAwMDAgUXVlc3QgYWNjZXB0ZWQu,,,,,W01pc3PDo28gY29tcGxldGFdCkxvY2FsOiBOb3J0ZSBkZSBBbCBEZSBCYXJhbgpPYmpldGl2bzogQ2HDp2FyIDEwIFBsYW50YXMgQ2FybsOtdm9yYXMgZSAxMCBMb3V2YS1hLURldXMKUmVjb21wZW5zYTogXjMxMzFGRkLDtG51cyBkbyBFdmVudG8gK14wMDAwMDAgRVhQIGJhc2UgMTk3NjAsIEVYUCBjbGFzc2UgMTUxNTA=,,IFNvbGljaXR1ZCBkZWwgR3J1cG8gZGUgRWTDqW4KXjRENERGRltBbmNpYW5vIGVuIGxhcyBudWJlc11eMDAwMDAwOiBtaXNpw7NuIGFjZXB0YWRhLg==
KcmBCQ,,W1JlcXVlc3QgQ29tcGxldGVkXQpMb2NhdGlvbjogRmllbGQgbmVhciBTY2h3YXJ6d2FsZCBib3JkZXIgY3Jvc3NpbmcKVGFyZ2V0OiBEZWZlYXQgMTAgR2VvZ3JhcGhlciBhbmQgMTAgTWFudGlzClJld2FyZDogRXhwIDI5NjQwLCBKZXhwIDIyNzI1,,,,,W1NvbGljaXRhw6fDo29dCkxvY2FsOiBOb3J0ZSBkZSBBbCBEZSBCYXJhbgpPYmpldGl2bzogQ2HDp2FyIDEwIFBsYW50YXMgQ2FybsOtdm9yYXMgZSAxMCBMb3V2YS1hLURldXMKUmVjb21wZW5zYTogXjMxMzFGRkLDtG51cyBkbyBFdmVudG8gK14wMDAwMDAgRVhQIGJhc2UgMTk3NjAsIEVYUCBjbGFzc2UgMTUxNTA=,,W1NvbGljaXR1ZCBjb21wbGV0YWRhXQpVYmljYWNpw7NuOiBDYW1wbyBjZXJjYSBkZWwgcGFzbyBmcm9udGVyaXpvIGRlIFNjaHdhcnp3YWxkLgpPYmpldGl2bzogRGVycm90YSBhIDEwR2XDs2dyYWZvcyB5IDEwTWFudGlzLgpQcmVtaW86IDI5NjQwZGVFWFAgeSAyMjcyNWRlRVhQZGVjbGFzZS4=
KsmBCQ,,W1JlcXVlc3QgZnJvbSBjaGllZiBDZXNhcmUgYXQgdGhlIFNjaHdhcnp3YWxkIGJvcmRlciBjcm9zc2luZy5dCkxvY2F0aW9uOiBGaWVsZCBuZWFyIFNjaHdhcnp3YWxkIGJvcmRlciBjcm9zc2luZwpUYXJnZXQ6IERlZmVhdCAxMCBHZW9ncmFwaGVyIGFuZCAxMCBNYW50aXMKUmV3YXJkOiBFeHAgMjk2NDAsIEpleHAgMjI3MjU=,,,,,W1NvbGljaXRhw6fDo29dCl4zMTMxRkZbUHJvYmxlbWEgbmEgRnJvbnRlaXJhXV4wMDAwMDAgZm9pIGFjZWl0YS4=,,W1NvbGljaXR1ZCBkZWwgamVmZSBDZXNhcmUgZW4gZWwgcGFzbyBmcm9udGVyaXpvIGRlIFNjaHdhcnp3YWxkXQpVYmljYWNpw7NuOiBDYW1wbyBjZXJjYSBkZWwgcGFzbyBmcm9udGVyaXpvIGRlIFNjaHdhcnp3YWxkLgpPYmpldGl2bzogRGVycm90YSBhIDEwR2XDs2dyYWZvcyB5IDEwTWFudGlzLgpQcmVtaW86IDI5NjQwZGVFWFAgeSAyMjcyNWRlRVhQZGVjbGFzZS4=
K8mBCQ,,UmVxdWVzdCBmcm9tIGNoaWVmIENlc2FyZSBhdCB0aGUgU2Nod2FyendhbGQgYm9yZGVyIGNyb3NzaW5nLgpeNEQ0REZGW0JvcmRlciBDaGVja3BvaW50IFdvcmtdXjAwMDAwMCBRdWVzdCBhY2NlcHRlZC4=,,,,,W01pc3PDo28gY29tcGxldGFdCkxvY2FsOiBTdWwgZGUgSHVnZWwKT2JqZXRpdm86IENhw6dhciAxMCBOb3Z1cyBFc2NhcmxhdGVzIGUgMTAgTm92dXMgRG91cmFkb3MgClJlY29tcGVuc2E6IF4zMTMxRkZCw7RudXMgZG8gRXZlbnRvICteMDAwMDAwIEVYUCBiYXNlIDQzMDgwLCBFWFAgY2xhc3NlIDQwMTYw,,U29saWNpdHVkIGRlbCBqZWZlIENlc2FyZSBlbiBlbCBwYXNvIGZyb250ZXJpem8gZGUgU2Nod2FyendhbGQKXjRENERGRltUcmFiYWpvIGRlIHB1bnRvIGRlIGNvbnRyb2wgZnJvbnRlcml6b11eMDAwMDAwOiBtaXNpw7NuIGFjZXB0YWRhLg==
LMmBCQ,,W1JlcXVlc3QgQ29tcGxldGVkXQpMb2NhdGlvbjogSHVnZWwgU291dGh3ZXN0IEZpZWxkClRhcmdldDogRGVmZWF0IDEwIFllbGxvdyBOb3Z1cyBhbmQgMTAgUmVkIE5vdnVzClJld2FyZDogRXhwIDY0NjIwLCBKZXhwIDYwMjQw,,,,,W1NvbGljaXRhw6fDo29dCkxvY2FsOiBTdWwgZGUgSHVnZWwKT2JqZXRpdm86IENhw6dhciAxMCBOb3Z1cyBFc2NhcmxhdGVzIGUgMTAgTm92dXMgRG91cmFkb3MgClJlY29tcGVuc2E6IF4zMTMxRkZCw7RudXMgZG8gRXZlbnRvICteMDAwMDAwIEVYUCBiYXNlIDQzMDgwLCBFWFAgY2xhc3NlIDQwMTYw,,W1NvbGljaXR1ZCBjb21wbGV0YWRhXQpVYmljYWNpw7NuOiBDYW1wbyBzdXJvZXN0ZSBkZSBIdWdlbC4KT2JqZXRpdm86IERlcnJvdGEgYSAxME5vdnVzIGFtYXJpbGxvcyB5IDEwTm92dXMgcm9qb3MuClByZW1pbzogNjQ2MjBkZUVYUCB5IDYwMjQwZGVFWFBkZWNsYXNlLg==
LcmBCQ,,W0h1Z2VsIEJsYWNrc21pdGggRHJ5J3MgUmVxdWVzdF0KTG9jYXRpb246IEh1Z2VsIFNvdXRod2VzdCBGaWVsZApUYXJnZXQ6IERlZmVhdCAxMCBZZWxsb3cgTm92dXMgYW5kIDEwIFJlZCBOb3Z1cwpSZXdhcmQ6IEV4cCA2NDYyMCwgSmV4cCA2MDI0MA==,,,,,W1NvbGljaXRhw6fDo29dCl4zMTMxRkZbVW0gR3JhbmRlIExhZ29dXjAwMDAwMCBmb2kgYWNlaXRhLg==,,W1NvbGljaXR1ZCBkZSBEcnksIEhlcnJlcm8gZGUgSHVnZWxdClViaWNhY2nDs246IENhbXBvIHN1cm9lc3RlIGRlIEh1Z2VsLgpPYmpldGl2bzogRGVycm90YSBhIDEwTm92dXMgYW1hcmlsbG9zIHkgMTBOb3Z1cyByb2pvcy4KUHJlbWlvOiA2NDYyMGRlRVhQIHkgNjAyNDBkZUVYUGRlY2xhc2Uu
LsmBCQ,,SHVnZWwgQmxhY2tzbWl0aCBEcnkncyBSZXF1ZXN0Cl40RDRERkZbUGlwZSBGYWlsdXJlXV4wMDAwMDAgUXVlc3QgYWNjZXB0ZWQu,,,,,W01pc3PDo28gY29tcGxldGFdCkxvY2FsOiBBcnJlZG9yZXMgZGUgUmFjaGVsCk9iamV0aXZvOiBDYcOnYXIgMzAgUm93ZWVucwpSZWNvbXBlbnNhOiBeMzEzMUZGQsO0bnVzIGRvIEV2ZW50byArXjAwMDAwMCBFWFAgYmFzZSA4NjAwMCwgRVhQIGNsYXNzZSA4MjAwMA==,,U29saWNpdHVkIGRlIERyeSwgSGVycmVybyBkZSBIdWdlbApeNEQ0REZGW0F2ZXLDrWEgZGUgdHViZXLDrWFdXjAwMDAwMDogbWlzacOzbiBhY2VwdGFkYS4=
L8mBCQ,,W1JlcXVlc3QgQ29tcGxldGVkXQpMb2NhdGlvbjogUmFjaGVsIFBsYWlucwpUYXJnZXQ6IERlZmVhdCAzMCBSb3dlZW4KUmV3YXJkOiBFeHAgMTI5MDAwLCBKZXhwIDEyMzAwMA==,,,,,W1NvbGljaXRhw6fDo29dCkxvY2FsOiBBcnJlZG9yZXMgZGUgUmFjaGVsCk9iamV0aXZvOiBDYcOnYXIgMzAgUm93ZWVucwpSZWNvbXBlbnNhOiBeMzEzMUZGQsO0bnVzIGRvIEV2ZW50byArXjAwMDAwMCBFWFAgYmFzZSA4NjAwMCwgRVhQIGNsYXNzZSA4MjAwMA==,,W1NvbGljaXR1ZCBjb21wbGV0YWRhXQpVYmljYWNpw7NuOiBMbGFudXJhcyBkZSBSYWNoZWwuCk9iamV0aXZvOiBEZXJyb3RhIGEgMzBSb3dlZW4uClByZW1pbzogMTI5MDAwZGVFWFAgeSAxMjMwMDBkZUVYUGRlY2xhc2Uu
MMmBCQ,,W1JlcXVlc3QgZnJvbSB0aGUgc2VjdXJpdHkgaW4gZnJvbnQgb2YgUmFjaGVsIEFpcnBvcnRdCkxvY2F0aW9uOiBSYWNoZWwgUGxhaW5zClRhcmdldDogRGVmZWF0IDMwIFJvd2VlbgpSZXdhcmQ6IEV4cCAxMjkwMDAsIEpleHAgMTIzMDAw,,,,,W1NvbGljaXRhw6fDo29dCl4zMTMxRkZbUGVyZWdyaW5hw6fDo28gUGFjw61maWNhXV4wMDAwMDAgZm9pIGFjZWl0YS4=,,W1NvbGljaXR1ZCBkZSBsYSBzZWd1cmlkYWQgZnJlbnRlIGFsIEFlcm9wdWVydG8gZGUgUmFjaGVsXQpVYmljYWNpw7NuOiBMbGFudXJhcyBkZSBSYWNoZWwuCk9iamV0aXZvOiBEZXJyb3RhIGEgMzBSb3dlZW4uClByZW1pbzogMTI5MDAwZGVFWFAgeSAxMjMwMDBkZUVYUGRlY2xhc2Uu
McmBCQ,,UmVxdWVzdCBmcm9tIHRoZSBzZWN1cml0eSBpbiBmcm9udCBvZiBSYWNoZWwgQWlycG9ydApeNEQ0REZGW0EgUGVhY2VmdWwgUGlsZ3JpbWFnZV1eMDAwMDAwIFF1ZXN0IGFjY2VwdGVkLg==,,,,,W01pc3PDo28gY29tcGxldGFdCkxvY2FsOiBDYXZlcm5hIGRlIEdlbG8gMcK6IHBpc28KT2JqZXRpdm86IENhw6dhciAzMCBTaXJvbWFzClJlY29tcGVuc2E6IF4zMTMxRkZCw7RudXMgZG8gRXZlbnRvICteMDAwMDAwIEVYUCBiYXNlIDkyMDAwLCBFWFAgY2xhc3NlIDgyMDAw,,U29saWNpdHVkIGRlIGxhIHNlZ3VyaWRhZCBmcmVudGUgYWwgQWVyb3B1ZXJ0byBkZSBSYWNoZWwKXjRENERGRltVbmEgcGVyZWdyaW5hY2nDs24gcGFjw61maWNhXV4wMDAwMDA6IG1pc2nDs24gYWNlcHRhZGEu
MsmBCQ,,W1JlcXVlc3QgQ29tcGxldGVkXQpMb2NhdGlvbjogUmFjaGVsIEljZSBDYXZlIDFGClRhcmdldDogRGVmZWF0IDMwIFNpcm9tYQpSZXdhcmQ6IEV4cCAxMzgwMDAsIEpleHAgMTIzMDAw,,,,,W1NvbGljaXRhw6fDo29dCkxvY2FsOiBDYXZlcm5hIGRlIEdlbG8gMcK6IHBpc28KT2JqZXRpdm86IENhw6dhciAzMCBTaXJvbWFzClJlY29tcGVuc2E6IF4zMTMxRkZCw7RudXMgZG8gRXZlbnRvICteMDAwMDAwIEVYUCBiYXNlIDkyMDAwLCBFWFAgY2xhc3NlIDgyMDAw,,W1NvbGljaXR1ZCBjb21wbGV0YWRhXQpVYmljYWNpw7NuOiBDdWV2YSBkZSBoaWVsbyBkZSBSYWNoZWwsIHBpc28xLgpPYmpldGl2bzogRGVycm90YSBhIDMwU2lyb21hLgpQcmVtaW86IDEzODAwMGRlRVhQIHkgMTIzMDAwZGVFWFBkZWNsYXNlLg==
M8mBCQ,,W0xlb25hcmQncyByZXF1ZXN0IGZyb20gdGhlIG1haW4gcm9hZCBlYXN0IG9mIFJhY2hlbF0KTG9jYXRpb246IFJhY2hlbCBJY2UgQ2F2ZSAxRgpUYXJnZXQ6IERlZmVhdCAzMCBTaXJvbWEKUmV3YXJkOiBFeHAgMTM4MDAwLCBKZXhwIDEyMzAwMA==,,,,,W1NvbGljaXRhw6fDo29dCl4zMTMxRkZbR3VhcmRpw6NvIGRhIEJlbGV6YV1eMDAwMDAwIGZvaSBhY2VpdGEu,,W1NvbGljaXR1ZCBkZSBMZW9uYXJkIGRlc2RlIGxhIGNhcnJldGVyYSBwcmluY2lwYWwgYWwgZXN0ZSBkZSBSYWNoZWxdClViaWNhY2nDs246IEN1ZXZhIGRlIGhpZWxvIGRlIFJhY2hlbCwgcGlzbzEuCk9iamV0aXZvOiBEZXJyb3RhIGEgMzBTaXJvbWEuClByZW1pbzogMTM4MDAwZGVFWFAgeSAxMjMwMDBkZUVYUGRlY2xhc2Uu
NMmBCQ,,TGVvbmFyZCdzIHJlcXVlc3QgZnJvbSB0aGUgbWFpbiByb2FkIGVhc3Qgb2YgUmFjaGVsCl40RDRERkZbR3VhcmRpYW4gb2YgQmVhdXR5XV4wMDAwMDAgUXVlc3QgYWNjZXB0ZWQu,,,,,W01pc3PDo28gY29tcGxldGFdCkxvY2FsOiBTdWwgZGUgVmVpbnMKT2JqZXRpdm86IENhw6dhciAzMCBTdGFwb3MKUmVjb21wZW5zYTogXjMxMzFGRkLDtG51cyBkbyBFdmVudG8gK14wMDAwMDAgRVhQIGJhc2UgODYwMDAsIEVYUCBjbGFzc2UgODIwMDA=,,U29saWNpdHVkIGRlIExlb25hcmQgZGVzZGUgbGEgY2FycmV0ZXJhIHByaW5jaXBhbCBhbCBlc3RlIGRlIFJhY2hlbApeNEQ0REZGW0d1YXJkacOhbiBkZSBsYSBiZWxsZXphXV4wMDAwMDA6IG1pc2nDs24gYWNlcHRhZGEu
NcmBCQ,,W1JlcXVlc3QgQ29tcGxldGVkXQpMb2NhdGlvbjogVmVpbnMgRmllbGQKVGFyZ2V0OiBEZWZlYXQgMzAgU3RhcG8KUmV3YXJkOiBFeHAgMTI5MDAwLCBKZXhwIDEyMzAwMA==,,,,,W1NvbGljaXRhw6fDo29dCkxvY2FsOiBTdWwgZGUgVmVpbnMKT2JqZXRpdm86IENhw6dhciAzMCBTdGFwb3MKUmVjb21wZW5zYTogXjMxMzFGRkLDtG51cyBkbyBFdmVudG8gK14wMDAwMDAgRVhQIGJhc2UgODYwMDAsIEVYUCBjbGFzc2UgODIwMDA=,,W1NvbGljaXR1ZCBjb21wbGV0YWRhXQpVYmljYWNpw7NuOiBDYW1wbyBkZSBWZWlucwpPYmpldGl2bzogRGVycm90YSBhIDMwU3RhcG8uClByZW1pbzogMTI5MDAwZGVFWFAgeSAxMjMwMDBkZUVYUGRlY2xhc2Uu
NsmBCQ,,W1JlcXVlc3QgZnJvbSBNYXlvciBDcmF2ZW4gbmV4dCB0byBWZWlucyBTcXVhcmVdCkxvY2F0aW9uOiBWZWlucyBGaWVsZApUYXJnZXQ6IERlZmVhdCAzMCBTdGFwbwpSZXdhcmQ6IEV4cCAxMjkwMDAsIEpleHAgMTIzMDAw,,,,,W1NvbGljaXRhw6fDo29dCl4zMTMxRkZbUGVkcmEgc29icmUgUGVkcmFdXjAwMDAwMCBmb2kgYWNlaXRhLg==,,W1NvbGljaXR1ZCBkZWwgQWxjYWxkZSBDcmF2ZW4ganVudG8gYSBsYSBQbGF6YSBkZSBWZWluc10KVWJpY2FjacOzbjogQ2FtcG8gZGUgVmVpbnMKT2JqZXRpdm86IERlcnJvdGEgYSAzMFN0YXBvLgpQcmVtaW86IDEyOTAwMGRlRVhQIHkgMTIzMDAwZGVFWFBkZWNsYXNlLg==
N8mBCQ,,UmVxdWVzdCBmcm9tIE1heW9yIENyYXZlbiBuZXh0IHRvIFZlaW5zIFNxdWFyZQpeNEQ0REZGW1N0b25lIFN3YWxsb3dpbmcgU3RvbmVdXjAwMDAwMCBRdWVzdCBhY2NlcHRlZC4=,,,,,RXN0b3F1aXN0YQ==,,U29saWNpdHVkIGRlbCBBbGNhbGRlIENyYXZlbiBqdW50byBhIGxhIFBsYXphIGRlIFZlaW5zCl40RDRERkZbUGllZHJhIHRyYWdhcGllZHJhc11eMDAwMDAwOiBtaXNpw7NuIGFjZXB0YWRhLg==
OMmBCQ,,RWRlbiBMb2dpc3RpY3MgTWFuYWdlcg==,,,,,W0VzdG9xdWlzdGFdClZvY8OqIHByZWNpc2EgdGVyIG8gXjMxMzFGRkVtYmxlbWEgZG8gw4lkZW5eMDAwMDAwIHBhcmEgcmVjZWJlciBtaXNzw7Vlcy4KRmFsZSBjb20gYSBeMzEzMUZGU2VjcmV0w6FyaWFeMDAwMDAwIG5vIGJhbGPDo28u,,RWRlbiBMb2dpc3RpY3MgTWFuYWdlcg==
OcmBCQ,,W0VkZW4gTG9naXN0aWNzIE1hbmFnZXJdCkluIG9yZGVyIHRvIHJlY2VpdmUgYSByZXF1ZXN0IFlvdSBtdXN0IGhhdmUgXjRENERGRidFZGVuIEdyb3VwIE1hcmsnXjAwMDAwMC4KUmVnYXJkaW5nIF40RDRERkYnRWRlbiBHcm91cCBNYXJrJ14wMDAwMDAsIHBsZWFzZSBhc2sgTGltZSBuZXh0IHRvIHlvdS4=,,,,,XkZGNDgwMChGZWl0bykgRmVscGFeMDAwMDAw,,W0FkbWluaXN0cmFkb3IgZGUgTG9nw61zdGljYSBkZSBFZMOpbl0KUGFyYSByZWNpYmlyIHVuYSBzb2xpY2l0dWQgZGViZXMgdGVuZXIgbGEgXjRENERGRk1hcmNhIGRlbCBHcnVwbyBkZSBFZMOpbl4wMDAwMDAuCkVuIGN1YW50byBhIGxhIF40RDRERkZNYXJjYSBkZWwgR3J1cG8gZGUgRWTDqW5eMDAwMDAwLCBwdWVkZXMgcHJlZ3VudGFybGUgYSBMaW1lIHF1ZSBlc3TDoSBhIHR1IGxhZG8u
OsmBCQ,,XjhDOEM4Q0ZsdWZmIERlbGl2ZXJ5IChDb21wbGV0ZWQpXjAwMDAwMA==,,,,,WzFdIEZlbHBh,,XkEyMzE0QkVudHJlZ2EgZGUgUGVsdXNhcyAoY29tcGxldGFkYSleMDAwMDAw
O8mBCQ,,Rmx1ZmYgRGVsaXZlcnkgWzFd,,,,,XkZGNDgwMChGZWl0bykgUGF0YSBQZWdham9zYV4wMDAwMDA=,,RW50cmVnYSBkZSBQZWx1c2FzIFsxXQ==
PMmBCQ,,XjhDOEM4Q1N0aWNreSBXZWJmb290IERlbGl2ZXJ5IChDb21wbGV0ZWQpXjAwMDAwMA==,,,,,WzEwXSBQYXRhIFBlZ2Fqb3Nh,,XkEyMzE0QkVudHJlZ2EgZGUgUGF0YXMgcGFsbcOtcGVkYXMgcGVnYWpvc2FzIChjb21wbGV0YWRhKV4wMDAwMDA=
PcmBCQ,,U3RpY2t5IFdlYmZvb3QgRGVsaXZlcnkgWzEwXQ==,,,,,XkZGNDgwMChGZWl0bykgUGVybmEgZGUgR2FmYW5ob3RvXjAwMDAwMA==,,RW50cmVnYSBkZSBQYXRhcyBwYWxtw61wZWRhcyBwZWdham9zYXMgWzEwXQ==
PsmBCQ,,XjhDOEM4Q0dyYXNzaG9wcGVyJ3MgTGVnIERlbGl2ZXJ5IChDb21wbGV0ZWQpXjAwMDAwMA==,,,,,WzE1XSBQZXJuYSBkZSBHYWZhbmhvdG8=,,XkEyMzE0QkVudHJlZ2EgZGUgUGF0YXMgZGUgc2FsdGFtb250ZXMgKGNvbXBsZXRhZGEpXjAwMDAwMA==
P8mBCQ,,R3Jhc3Nob3BwZXIncyBMZWcgRGVsaXZlcnkgWzE1XQ==,,,,,XkZGNDgwMChGZWl0bykgQ2FzY28gZGUgQ2FyYW11am9eMDAwMDAw,,RW50cmVnYSBkZSBQYXRhcyBkZSBzYWx0YW1vbnRlcyBbMTVd
QMmBCQ,,XjhDOEM4Q1NuYWlsJ3MgU2hlbGwgRGVsaXZlcnkgKENvbXBsZXRlZCleMDAwMDAw,,,,,WzIwXSBDYXNjbyBkZSBDYXJhbXVqbw==,,XkEyMzE0QkVudHJlZ2EgZGUgQ2FwYXJhem9uZXMgZGUgY2FyYWNvbCAoY29tcGxldGFkYSleMDAwMDAw
QcmBCQ,,U25haWwncyBTaGVsbCBEZWxpdmVyeSBbMjBd,,,,,XkZGNDgwMChGZWl0bykgQmljbyBkZSBBdmVeMDAwMDAw,,RW50cmVnYSBkZSBDYXBhcmF6b25lcyBkZSBjYXJhY29sIFsyMF0=
QsmBCQ,,XjhDOEM4Q0JpcmQncyBCaWxsIERlbGl2ZXJ5IChDb21wbGV0ZWQpXjAwMDAwMA==,,,,,WzI1XSBCaWNvIGRlIEF2ZQ==,,XkEyMzE0QkVudHJlZ2EgZGUgUGljb3MgZGUgYXZlIChjb21wbGV0YWRhKV4wMDAwMDA=
Q8mBCQ,,QmlyZCdzIEJpbGwgRGVsaXZlcnkgWzI1XQ==,,,,,XkZGNDgwMChGZWl0bykgUGF0YSBkZSBVcnNvXjAwMDAwMA==,,RW50cmVnYSBkZSBQaWNvcyBkZSBhdmUgWzI1XQ==
RMmBCQ,,XjhDOEM4Q0JlYXIncyBGb290c2tpbiBEZWxpdmVyeSAoQ29tcGxldGVkKV4wMDAwMDA=,,,,,WzMwXSBQYXRhIGRlIFVyc28=,,XkEyMzE0QkVudHJlZ2EgZGUgUGllbGVzIGRlIHBhdGFzIGRlIG9zbyAoY29tcGxldGFkYSleMDAwMDAw
RcmBCQ,,QmVhcidzIEZvb3Rza2luIERlbGl2ZXJ5IFszMF0=,,,,,XkZGNDgwMChGZWl0bykgR2FsaG8gU2Vjb14wMDAwMDA=,,RW50cmVnYSBkZSBQaWVsZXMgZGUgcGF0YXMgZGUgb3NvIFszMF0=
RsmBCQ,,XjhDOEM4Q1Jlc2luIERlbGl2ZXJ5IChDb21wbGV0ZWQpXjAwMDAwMA==,,,,,WzM1XSBHYWxobyBTZWNv,,XkEyMzE0QkVudHJlZ2EgZGUgUmVzaW5hIChjb21wbGV0YWRhKV4wMDAwMDA=
R8mBCQ,,UmVzaW4gRGVsaXZlcnkgWzM1XQ==,,,,,XkZGNDgwMChGZWl0bykgQ2F1ZGEgZGUgWW95b14wMDAwMDA=,,RW50cmVnYSBkZSBSZXNpbmEgWzM1XQ==
SMmBCQ,,XjhDOEM4Q01vbmtleSBUYWlsIERlbGl2ZXJ5IChDb21wbGV0ZWQpXjAwMDAwMA==,,,,,WzQwXSBDYXVkYSBkZSBZb3lv,,XkEyMzE0QkVudHJlZ2EgZGUgQ29sYXMgZGUgbW9ubyAoY29tcGxldGFkYSleMDAwMDAw
ScmBCQ,,TW9ua2V5IFRhaWwgRGVsaXZlcnkgWzQwXQ==,,,,,XkZGNDgwMChGZWl0bykgTGFtcGnDo29eMDAwMDAw,,RW50cmVnYSBkZSBDb2xhcyBkZSBtb25vIFs0MF0=
SsmBCQ,,XjhDOEM4Q0xhbnRlcm4gRGVsaXZlcnkgKENvbXBsZXRlZCleMDAwMDAw,,,,,WzQ1XSBMYW1wacOjbw==,,XkEyMzE0QkVudHJlZ2EgZGUgRmFyb2xlcyAoY29tcGxldGFkYSleMDAwMDAw
S8mBCQ,,TGFudGVybiBEZWxpdmVyeSBbNDVd,,,,,XkZGNDgwMChGZWl0bykgQ29uY2hhXjAwMDAwMA==,,RW50cmVnYSBkZSBGYXJvbGVzIFs0NV0=
TMmBCQ,,XjhDOEM4Q0NvbmNoIERlbGl2ZXJ5IChDb21wbGV0ZWQpXjAwMDAwMA==,,,,,WzUwXSBDb25jaGE=,,XkEyMzE0QkVudHJlZ2EgZGUgQ2FyYWNvbGEgKGNvbXBsZXRhZGEpXjAwMDAwMA==
TcmBCQ,,Q29uY2ggRGVsaXZlcnkgWzUwXQ==,,,,,XkZGNDgwMChGZWl0bykgQ29yYcOnw6NvIGRlIFNlcmVpYV4wMDAwMDA=,,RW50cmVnYSBkZSBDYXJhY29sYXMgWzUwXQ==
TsmBCQ,,XjhDOEM4Q01lcm1haWQncyBIZWFydCBEZWxpdmVyeSAoQ29tcGxldGVkKV4wMDAwMDA=,,,,,WzU1XSBDb3Jhw6fDo28gZGUgU2VyZWlh,,XkEyMzE0QkVudHJlZ2EgZGVsIENvcmF6w7NuIGRlIHNpcmVuYSAoY29tcGxldGFkYSleMDAwMDAw
T8mBCQ,,TWVybWFpZCdzIEhlYXJ0IERlbGl2ZXJ5IFs1NV0=,,,,,XkZGNDgwMChGZWl0bykgQ3JpbmFeMDAwMDAw,,RW50cmVnYSBkZWwgQ29yYXrDs24gZGUgc2lyZW5hIFs1NV0=
UMmBCQ,,XjhDOEM4Q01hbmUgRGVsaXZlcnkgKENvbXBsZXRlZCleMDAwMDAw,,,,,WzYwXSBDcmluYQ==,,XkEyMzE0QkVudHJlZ2EgZGUgQ3JpbmVzIChjb21wbGV0YWRhKV4wMDAwMDA=
UcmBCQ,,TWFuZSBEZWxpdmVyeSBbNjBd,,,,,XkZGNDgwMChGZWl0bykgQ2FiZWxvcyBNb3Jlbm9zXjAwMDAwMA==,,RW50cmVnYSBkZSBDcmluZXMgWzYwXQ==
UsmBCQ,,XjhDOEM4Q0JsYWNrIEhhaXIgRGVsaXZlcnkgKENvbXBsZXRlZCleMDAwMDAw,,,,,WzY1XSBDYWJlbG9zIE1vcmVub3M=,,XkEyMzE0QkVudHJlZ2EgZGVDYWJlbGxvcyBuZWdyb3MgKGNvbXBsZXRhZGEpXjAwMDAwMA==
U8mBCQ,,QmxhY2sgSGFpciBEZWxpdmVyeSBbNjVd,,,,,XkZGNDgwMChGZWl0bykgRmVycmFkdXJhXjAwMDAwMA==,,RW50cmVnYSBkZUNhYmVsbG9zIG5lZ3JvcyBbNjVd
VMmBCQ,,XjhDOEM4Q0hvcnNlc2hvZSBEZWxpdmVyeSAoQ29tcGxldGVkKV4wMDAwMDA=,,,,,WzcwXSBGZXJyYWR1cmE=,,XkEyMzE0QkVudHJlZ2EgZGUgbGEgaGVycmFkdXJhIChjb21wbGV0YWRhKV4wMDAwMDA=
VcmBCQ,,SG9yc2VzaG9lIERlbGl2ZXJ5IFs3MF0=,,,,,XkZGNDgwMChGZWl0bykgUGF0YSBkZSBJbnNldG9eMDAwMDAw,,RW50cmVnYSBkZSBsYSBIZXJyYWR1cmEgWzcwXQ==
VsmBCQ,,XjhDOEM4Q0J1ZyBMZWcgRGVsaXZlcnkgKENvbXBsZXRlZCleMDAwMDAw,,,,,Wzc1XSBQYXRhIGRlIEluc2V0bw==,,XkEyMzE0QkVudHJlZ2EgZGUgUGF0YXMgZGUgYmljaG8gKGNvbXBsZXRhZGEpXjAwMDAwMA==
V8mBCQ,,QnVnIExlZyBEZWxpdmVyeSBbNzVd,,,,,XkZGNDgwMChGZWl0bykgQXJlaWEgTW9saGFkYV4wMDAwMDA=,,RW50cmVnYSBkZVBhdGFzIGRlIGJpY2hvIFs3NV0=
WMmBCQ,,XjhDOEM4Q1NhbmQgQ2x1bXAgRGVsaXZlcnkgKENvbXBsZXRlZCleMDAwMDAw,,,,,WzgwXSBBcmVpYSBNb2xoYWRh,,XkEyMzE0QkVudHJlZ2EgZGUgQXJlbmEgaMO6bWVkYSAoY29tcGxldGFkYSleMDAwMDAw
WcmBCQ,,U2FuZCBDbHVtcCBEZWxpdmVyeSBbODBd,,,,,XkZGNDgwMChGZWl0bykgQXJlaWEgU2VjYV4wMDAwMDA=,,RW50cmVnYSBkZSBBcmVuYSBow7ptZWRhIFs4MF0=
WsmBCQ,,XjhDOEM4Q0RyeSBTYW5kIERlbGl2ZXJ5IChDb21wbGV0ZWQpXjAwMDAwMA==,,,,,Wzg1XSBBcmVpYSBTZWNh,,XkEyMzE0QkVudHJlZ2EgZGUgQXJlbmEgc2VjYSAoY29tcGxldGFkYSleMDAwMDAw
W8mBCQ,,RHJ5IFNhbmQgRGVsaXZlcnkgWzg1XQ==,,,,,XkZGNDgwMChGZWl0bykgQ2FzY28gZGUgVGFydGFydWdhXjAwMDAwMA==,,RW50cmVnYSBkZSBBcmVuYSBzZWNhIFs4NV0=
XMmBCQ,,XjhDOEM4Q1R1cnRsZSBTaGVsbCBEZWxpdmVyeSAoQ29tcGxldGVkKV4wMDAwMDA=,,,,,WzkwXSBDYXNjbyBkZSBUYXJ0YXJ1Z2E=,,XkEyMzE0QkVudHJlZ2EgZGUgQ2FwYXJhem9uZXMgZGUgdG9ydHVnYSAoY29tcGxldGFkYSleMDAwMDAw
XcmBCQ,,VHVydGxlIFNoZWxsIERlbGl2ZXJ5IFs5MF0=,,,,,XkZGNDgwMChGZWl0bykgUGVxdWVubyBDaGlmcmUgTWFsaWdub14wMDAwMDA=,,RW50cmVnYSBkZSBDYXBhcmF6b25lcyBkZSB0b3J0dWdhIFs5MF0=
XsmBCQ,,XjhDOEM4Q0xpdHRsZSBFdmlsIEhvcm4gRGVsaXZlcnkgKENvbXBsZXRlZCleMDAwMDAw,,,,,Wzk1XSBQZXF1ZW5vIENoaWZyZSBNYWxpZ25v,,XkEyMzE0QkVudHJlZ2EgZGUgQ3Vlcm5vcyBkZSBCYXBob21ldCBwZXF1ZcOxb3MgKGNvbXBsZXRhZGEpXjAwMDAwMA==
X8mBCQ,,TGl0dGxlIEV2aWwgSG9ybiBEZWxpdmVyeSBbOTVd,,,,,XkZGNDgwMChGZWl0bykgQ29yYcOnw6NvIEdsYWNpYWxeMDAwMDAw,,RW50cmVnYSBkZSBDdWVybm9zIGRlIEJhcGhvbWV0IHBlcXVlw7FvcyBbOTVd
YMmBCQ,,XjhDOEM4Q0dsYWNpYWwgSGVhcnQgRGVsaXZlcnkgKENvbXBsZXRlZCleMDAwMDAw,,,,,WzEwMF0gQ29yYcOnw6NvIEdsYWNpYWw=,,XkEyMzE0QkVudHJlZ2EgZGUgQ29yYXpvbmVzIGdsYWNpYWxlcyAoY29tcGxldGFkYSleMDAwMDAw
YcmBCQ,,R2xhY2lhbCBIZWFydCBEZWxpdmVyeSBbMTAwXQ==,,,,,W0VzdG9xdWlzdGFdCk9sw6EuCk8gR3J1cG8gZG8gw4lkZW4gZXN0w6EgcmVjZWJlbmRvIG1hdGVyaWFpcyBwYXJhIGEgcHJvZHXDp8OjbyBkZSBzdXByaW1lbnRvcy4=,,RW50cmVnYSBkZSBDb3Jhem9uZXMgZ2xhY2lhbGVzIFsxMDBd
YsmBCQ,,W0VkZW4gTG9naXN0aWNzIE1hbmFnZXJdCkhlbGxvLgpFZGVuIGdyb3VwIGlzIHJlY2VpdmluZyBkZWxpdmVyeSBvZiBtYXRlcmlhbHMgdG8gbWFrZSB2YXJpb3VzIGVxdWlwbWVudC4=,,,,,TsOtdmVsIDF+MzA=,,W0FkbWluaXN0cmFkb3IgZGUgTG9nw61zdGljYSBkZSBFZMOpbl0KSG9sYS4KRWwgR3J1cG8gZGUgRWTDqW4gZXN0w6EgcmVjaWJpZW5kbyBtYXRlcmlhbGVzIHBhcmEgZmFicmljYXIgZGl2ZXJzb3MgZXF1aXBhbWllbnRvcy4=
Y8mBCQ,,TFYgMX4zMA==,,,,,TsOtdmVsIDM1fjU1,,RW50cmUgbG9zIG52LjF+MzAu
ZMmBCQ,,TFYgMzV+NTU=,,,,,TsOtdmVsIDYwfjgw,,RW50cmUgbG9zIG52LjM1fjU1Lg==
ZcmBCQ,,TFYgNjB+ODA=,,,,,TsOtdmVsIDg1fjEwMA==,,RW50cmUgbG9zIG52LjYwfjgwLg==
ZsmBCQ,,TFYgODV+MTAw,,,,,W0VzdG9xdWlzdGFdCkRlc2N1bHBlLgpOb3NzbyBlc3RvcXVlIGRlc3NlIGl0ZW0gasOhIGVzdMOhIGNoZWlvLgpQb3IgZmF2b3IsIHZvbHRlIG1haXMgdGFyZGUu,,RW50cmUgbG9zIG52Ljg1fjEwMC4=
Z8mBCQ,,W0VkZW4gTG9naXN0aWNzIE1hbmFnZXJdClNvcnJ5LgpDdXJyZW50bHksIHdlIGhhdmUgZW5vdWdoIGRlbGl2ZXJlZCBtYXRlcmlhbHMgYW5kIGNhbm5vdCByZWNlaXZlIGFueSBtb3JlIGRlbGl2ZXJpZXMuClBsZWFzZSBjb21lIGJhY2sgbGF0ZXIu,,,,,W0ZlbHBhIGVtIGJhaXhvIGVzdG9xdWVdCkl0ZW06IDMwIEZlbHBhcwpSZWNvbXBlbnNhOiBeMzEzMUZGQsO0bnVzIGRvIEV2ZW50byArXjAwMDAwMCBFWFAgYmFzZSA1MDAw,,W0FkbWluaXN0cmFkb3IgZGUgTG9nw61zdGljYSBkZSBFZMOpbl0KTG8gc2llbnRvLgpBY3R1YWxtZW50ZSBkaXNwb25lbW9zIGRlIHN1ZmljaWVudGVzIG1hdGVyaWFsZXMgeSBubyBwb2RlbW9zIHJlY2liaXIgbcOhcyBlbnRyZWdhcyBkZSBtYXRlcmlhbGVzLgpQb3IgZmF2b3IsIHZ1ZWx2ZSBtw6FzIHRhcmRlLg==
aMmBCQ,,W0ZsdWZmIERlbGl2ZXJ5IFJlcXVlc3RdClJlcXVpcmVkIE1hdGVyaWFscyA6IEZsdWZmIDMwIHBjcwpSZXdhcmQ6IEV4cCA3NTAw,,,,,RW50cmVnYXIu,,W1NvbGljaXR1ZCBkZSBlbnRyZWdhIGRlIFBlbHVzYXNdCk1hdGVyaWFsZXMgcmVxdWVyaWRvczogMzBQZWx1c2FzLgpQcmVtaW86IDc1MDBkZUVYUC4=
acmBCQ,,RGVsaXZlciBNYXRlcmlhbHMu,,,,,W0VzdG9xdWlzdGFdCk9icmlnYWRvLCB7fSwgcGVsYSBhanVkYS4KUG9yIGVucXVhbnRvLCBub3NzbyBlc3RvcXVlIGVzdMOhIHNhdGlzZmF0w7NyaW8u,,RW50cmVnYXIgbWF0ZXJpYWxlcy4=
asmBCQ,,W0VkZW4gTG9naXN0aWNzIE1hbmFnZXJdCnt9LCB0aGFuayB5b3UgZm9yIHlvdXIgaGVscC4KVGhlIGRlbGl2ZXJlZCBtYXRlcmlhbHMgYXJlIHByb2Nlc3NlZCBpbnRvIHRvb2xzIG5lZWRlZCBieSBhZHZlbnR1cmVycyBhbmQgcHJvdmlkZWQgdG8gdGhlbS4=,,,,,W0VzdG9xdWlzdGFdClZvY8OqIG7Do28gZXN0w6EgZW50cmVnYW5kbyAzMCB1bmlkYWRlcyBkbyBpdGVtLg==,,W0FkbWluaXN0cmFkb3IgZGUgTG9nw61zdGljYSBkZSBFZMOpbl0KR3JhY2lhcyBwb3IgdHUgYXl1ZGEsIHt9LgpMb3MgbWF0ZXJpYWxlcyBlbnRyZWdhZG9zIHNlIHRyYW5zZm9ybWFuIGVuIGhlcnJhbWllbnRhcyBuZWNlc2FyaWFzIHBhcmEgdHJvdGFtdW5kb3MgeSwgdW5hIHZleiBjcmVhZGFzLCBzZSBsYSBwcm9wb3JjaW9uYW4u
a8mBCQ,,W0VkZW4gTG9naXN0aWNzIE1hbmFnZXJdCkRlbGl2ZXJ5IHF1YW50aXR5IGlzIGluc3VmZmljaWVudC4=,,,,,W1BhdGEgUGVnYWpvc2EgZW0gYmFpeG8gZXN0b3F1ZV0KSXRlbTogMzAgUGF0YXMgUGVnYWpvc2FzClJlY29tcGVuc2E6IF4zMTMxRkZCw7RudXMgZG8gRXZlbnRvICteMDAwMDAwIEVYUCBiYXNlIDU0MDA=,,W0FkbWluaXN0cmFkb3IgZGUgTG9nw61zdGljYSBkZSBFZMOpbl0KTGEgY2FudGlkYWQgZGUgZW50cmVnYSBubyBhbGNhbnphLg==
bMmBCQ,,W1N0aWNreSBXZWJmb290IERlbGl2ZXJ5IFJlcXVlc3RdClJlcXVpcmVkIE1hdGVyaWFscyA6IFN0aWNreSBXZWJmb290IDMwIHBjcwpSZXdhcmQ6IEV4cCA4MTAw,,,,,W1Blcm5hIGRlIEdhZmFuaG90byBlbSBiYWl4byBlc3RvcXVlXQpJdGVtOiAzMCBQZXJuYXNkZSBHYWZhbmhvdG8KUmVjb21wZW5zYTogXjMxMzFGRkLDtG51cyBkbyBFdmVudG8gK14wMDAwMDAgRVhQIGJhc2UgNTk0MA==,,W1NvbGljaXR1ZCBkZSBlbnRyZWdhIGRlIFBhdGFzIHBhbG3DrXBlZGFzIHBlZ2Fqb3Nhc10KTWF0ZXJpYWxlcyByZXF1ZXJpZG9zOiAzMFBhdGFzcGFsbcOtcGVkYXNwZWdham9zYXMuClByZW1pbzogODEwMGRlRVhQLg==
bcmBCQ,,W0dyYXNzaG9wcGVyJ3MgTGVnIERlbGl2ZXJ5IFJlcXVlc3RdClJlcXVpcmVkIE1hdGVyaWFscyA6IEdyYXNzaG9wcGVyJ3MgTGVnIDMwIHBjcwpSZXdhcmQ6IEV4cCA4OTEw,,,,,W0Nhc2NvIGRlIENhcmFtdWpvIGVtIGJhaXhvIGVzdG9xdWVdCkl0ZW06IDMwIENhc2NvcyBkZSBDYXJhbXVqbwpSZWNvbXBlbnNhOiBeMzEzMUZGQsO0bnVzIGRvIEV2ZW50byArXjAwMDAwMCBFWFAgYmFzZSA3MDIw,,W1NvbGljaXR1ZCBkZSBlbnRyZWdhIGRlIFBhdGFzIGRlIHNhbHRhbW9udGVzXQpNYXRlcmlhbGVzIHJlcXVlcmlkb3M6IDMwUGF0YXNkZXNhbHRhbW9udGVzLgpQcmVtaW86IDg5MTBkZUVYUC4=
bsmBCQ,,W1NuYWlsJ3MgU2hlbGwgRGVsaXZlcnkgUmVxdWVzdF0KUmVxdWlyZWQgTWF0ZXJpYWxzIDogU25haWwncyBTaGVsbCAzMCBwY3MKUmV3YXJkOiBFeHAgMTA1MzA=,,,,,W0JpY28gZGUgQXZlIGVtIGJhaXhvIGVzdG9xdWVdCkl0ZW06IDMwIEJpY29zIGRlIEF2ZQpSZWNvbXBlbnNhOiBeMzEzMUZGQsO0bnVzIGRvIEV2ZW50byArXjAwMDAwMCBFWFAgYmFzZSA5NzIw,,W1NvbGljaXR1ZCBkZSBlbnRyZWdhIGRlIENhcGFyYXpvbmVzIGRlIGNhcmFjb2xdCk1hdGVyaWFsZXMgcmVxdWVyaWRvczogMzBDYXBhcmF6b25lcyBkZSBjYXJhY29sLgpQcmVtaW86IDEwNTMwZGVFWFAu
b8mBCQ,,W0JpcmQncyBCaWxsIERlbGl2ZXJ5IFJlcXVlc3RdClJlcXVpcmVkIE1hdGVyaWFscyA6IEJpcmQncyBCaWxsIDMwIHBjcwpSZXdhcmQ6IEV4cCAxNDU4MA==,,,,,W1BhdGEgZGUgVXJzbyBlbSBiYWl4byBlc3RvcXVlXQpJdGVtOiAzMCBQYXRhcyBkZSBVcnNvClJlY29tcGVuc2E6IF4zMTMxRkZCw7RudXMgZG8gRXZlbnRvICteMDAwMDAwIEVYUCBiYXNlIDEwODAw,,W1NvbGljaXR1ZCBkZSBlbnRyZWdhIGRlIFBpY29zIGRlIGF2ZV0KTWF0ZXJpYWxlcyByZXF1ZXJpZG9zOiAzMFBpY29zZGVhdmUuClByZW1pbzogMTQ1ODBkZUVYUC4=
cMmBCQ,,W0JlYXIncyBGb290c2tpbiBEZWxpdmVyeSBSZXF1ZXN0XQpSZXF1aXJlZCBNYXRlcmlhbHMgOiBCZWFyJ3MgRm9vdHNraW4gMzAgcGNzClJld2FyZDogRXhwIDE2MjAw,,,,,W0dhbGhvIFNlY28gZW0gYmFpeG8gZXN0b3F1ZV0KSXRlbTogMzAgR2FsaG9zIFNlY29zClJlY29tcGVuc2E6IF4zMTMxRkZCw7RudXMgZG8gRXZlbnRvICteMDAwMDAwIEVYUCBiYXNlIDEzOTgw,,W1NvbGljaXR1ZCBkZSBlbnRyZWdhIGRlIFBpZWxlcyBkZSBwYXRhcyBkZSBvc29dCk1hdGVyaWFsZXMgcmVxdWVyaWRvczogMzBQaWVsZXNkZXBhdGFkZW9zbwpQcmVtaW86IDE2MjAwZGVFWFAu
ccmBCQ,,W1Jlc2luIERlbGl2ZXJ5IFJlcXVlc3RdClJlcXVpcmVkIE1hdGVyaWFscyA6IFJlc2luIDMwIHBjcwpSZXdhcmQ6IEV4cCAyMDk3MA==,,,,,W0NhdWRhIGRlIFlveW8gZW0gYmFpeG8gZXN0b3F1ZV0KSXRlbTogMzAgQ2F1ZGFzIGRlIFlveW8KUmVjb21wZW5zYTogXjMxMzFGRkLDtG51cyBkbyBFdmVudG8gK14wMDAwMDAgRVhQIGJhc2UgMTYyMDA=,,W1NvbGljaXR1ZCBkZSBlbnRyZWdhIGRlIFJlc2luYV0KTWF0ZXJpYWxlcyByZXF1ZXJpZG9zOiAzMHVuaWRhZGVzZGVSZXNpbmEuClByZW1pbzogMjA5NzBkZUVYUC4=
csmBCQ,,W01vbmtleSBUYWlsIERlbGl2ZXJ5IFJlcXVlc3RdClJlcXVpcmVkIE1hdGVyaWFscyA6IE1vbmtleSBUYWlsIDMwIHBjcwpSZXdhcmQ6IEV4cCAyNDMwMA==,,,,,W0xhbXBpw6NvIGVtIGJhaXhvIGVzdG9xdWVdCkl0ZW06IDMwIExhbXBpw7VlcwpSZWNvbXBlbnNhOiBeMzEzMUZGQsO0bnVzIGRvIEV2ZW50byArXjAwMDAwMCBFWFAgYmFzZSAxOTk4MA==,,W1NvbGljaXR1ZCBkZSBlbnRyZWdhIGRlIENvbGFzIGRlIG1vbm9dCk1hdGVyaWFsZXMgcmVxdWVyaWRvczogMzBDb2xhcyBkZSBtb25vLgpQcmVtaW86IDI0MzAwZGVFWFAu
c8mBCQ,,W0xhbnRlcm4gRGVsaXZlcnkgUmVxdWVzdF0KUmVxdWlyZWQgTWF0ZXJpYWxzIDogTGFudGVybiAzMCBwY3MKUmV3YXJkOiBFeHAgMjk5NzA=,,,,,W0NvbmNoYSBlbSBiYWl4byBlc3RvcXVlXQpJdGVtOiAzMCBDb25jaGFzClJlY29tcGVuc2E6IF4zMTMxRkZCw7RudXMgZG8gRXZlbnRvICteMDAwMDAwIEVYUCBiYXNlIDIyMTQw,,W1NvbGljaXR1ZCBkZSBlbnRyZWdhIGRlIEZhcm9sZXNdCk1hdGVyaWFsZXMgcmVxdWVyaWRvczogMzBGYXJvbGVzLgpQcmVtaW86IDI5OTcwZGVFWFAu
dMmBCQ,,W0NvbmNoIERlbGl2ZXJ5IFJlcXVlc3RdClJlcXVpcmVkIE1hdGVyaWFscyA6IENvbmNoIDMwIHBjcwpSZXdhcmQ6IEV4cCAzMzIxMA==,,,,,W0NvcmHDp8OjbyBkZSBTZXJlaWEgZW0gYmFpeG8gZXN0b3F1ZV0KSXRlbTogMzAgQ29yYcOnw7VlcyBkZSBTZXJlaWEKUmVjb21wZW5zYTogXjMxMzFGRkLDtG51cyBkbyBFdmVudG8gK14wMDAwMDAgRVhQIGJhc2UgMjg1NjA=,,W1NvbGljaXR1ZCBkZSBlbnRyZWdhIGRlIENhcmFjb2xhc10KTWF0ZXJpYWxlcyByZXF1ZXJpZG9zOiAzMENhcmFjb2xhcy4KUHJlbWlvOiAzMzIxMGRlRVhQLg==
dcmBCQ,,W01lcm1haWQncyBIZWFydCBEZWxpdmVyeSBSZXF1ZXN0XQpSZXF1aXJlZCBNYXRlcmlhbHMgOiBNZXJtYWlkJ3MgSGVhcnQgMzAgcGNzClJld2FyZDogRXhwIDQyODQw,,,,,W0NyaW5hIGVtIGJhaXhvIGVzdG9xdWVdCkl0ZW06IDMwIENyaW5hcwpSZWNvbXBlbnNhOiBeMzEzMUZGQsO0bnVzIGRvIEV2ZW50byArXjAwMDAwMCBFWFAgYmFzZSAzNDM4MA==,,W1NvbGljaXR1ZCBkZSBlbnRyZWdhIGRlIENvcmF6w7NuIGRlIHNpcmVuYV0KTWF0ZXJpYWxlcyByZXF1ZXJpZG9zOiAzMENvcmF6b25lcyBkZSBzaXJlbmEuClByZW1pbzogNDI4NDBkZUVYUC4=
dsmBCQ,,W01hbmUgRGVsaXZlcnkgUmVxdWVzdF0KUmVxdWlyZWQgTWF0ZXJpYWxzIDogTWFuZSAzMCBwY3MKUmV3YXJkOiBFeHAgNTE1NzA=,,,,,W0NhYmVsb3MgTW9yZW5vcyBlbSBiYWl4byBlc3RvcXVlXQpJdGVtOiAzMCBDYWJlbG9zIE1vcmVub3MKUmVjb21wZW5zYTogXjMxMzFGRkLDtG51cyBkbyBFdmVudG8gK14wMDAwMDAgRVhQIGJhc2UgMzU2NDA=,,W1NvbGljaXR1ZCBkZSBlbnRyZWdhIGRlQ3JpbmVzXQpNYXRlcmlhbGVzIHJlcXVlcmlkb3M6IDMwQ3JpbmVzLgpQcmVtaW86IDUxNTcwZGVFWFAu
d8mBCQ,,W0JsYWNrIEhhaXIgRGVsaXZlcnkgUmVxdWVzdF0KUmVxdWlyZWQgTWF0ZXJpYWxzIDogQmxhY2sgSGFpciAzMCBwY3MKUmV3YXJkOiBFeHAgNTM0NjA=,,,,,W0ZlcnJhZHVyYSBlbSBiYWl4byBlc3RvcXVlXQpJdGVtOiAzMCBGZXJyYWR1cmFzClJlY29tcGVuc2E6IF4zMTMxRkZCw7RudXMgZG8gRXZlbnRvICteMDAwMDAwIEVYUCBiYXNlIDM2MDAw,,W1NvbGljaXR1ZCBkZSBlbnRyZWdhIGRlQ2FiZWxsb3MgbmVncm9zXQpNYXRlcmlhbGVzIHJlcXVlcmlkb3M6IDMwQ2FiZWxsb3NuZWdyb3MuClByZW1pbzogNTM0NjBkZUVYUC4=
eMmBCQ,,W0hvcnNlc2hvZSBEZWxpdmVyeSBSZXF1ZXN0XQpSZXF1aXJlZCBNYXRlcmlhbHMgOiBIb3JzZXNob2UgMzAgcGNzClJld2FyZDogRXhwIDU0MDAw,,,,,W1BhdGEgZGUgSW5zZXRvIGVtIGJhaXhvIGVzdG9xdWVdCkl0ZW06IDMwIFBhdGFzIGRlIEluc2V0bwpSZWNvbXBlbnNhOiBeMzEzMUZGQsO0bnVzIGRvIEV2ZW50byArXjAwMDAwMCBFWFAgYmFzZSA0ODYwMA==,,W1NvbGljaXR1ZCBkZSBlbnRyZWdhIGRlIEhlcnJhZHVyYXNdCk1hdGVyaWFsZXMgcmVxdWVyaWRvczogMzBIZXJyYWR1cmFzLgpQcmVtaW86IDU0MDAwZGVFWFAu
ecmBCQ,,W0J1ZyBMZWcgRGVsaXZlcnkgUmVxdWVzdF0KUmVxdWlyZWQgTWF0ZXJpYWxzIDogQnVnIExlZyAzMCBwY3MKUmV3YXJkOiBFeHAgNzI5MDA=,,,,,W0FyZWlhIE1vbGhhZGEgZW0gYmFpeG8gZXN0b3F1ZV0KSXRlbTogMzAgQXJlaWFzIE1vbGhhZGFzClJlY29tcGVuc2E6IF4zMTMxRkZCw7RudXMgZG8gRXZlbnRvICteMDAwMDAwIEVYUCBiYXNlIDYyMDQw,,W1NvbGljaXR1ZCBkZSBlbnRyZWdhIGRlUGF0YXMgZGUgYmljaG9dCk1hdGVyaWFsZXMgcmVxdWVyaWRvczogMzBQYXRhcyBkZSBiaWNoby4KUHJlbWlvOiA3MjkwMGRlRVhQLg==
esmBCQ,,W1NhbmQgQ2x1bXAgRGVsaXZlcnkgUmVxdWVzdF0KUmVxdWlyZWQgTWF0ZXJpYWxzIDogU2FuZCBDbHVtcCAzMCBwY3MKUmV3YXJkOiBFeHAgOTMwNjA=,,,,,W0FyZWlhIFNlY2EgZW0gYmFpeG8gZXN0b3F1ZV0KSXRlbTogMzAgQXJlaWFzIFNlY2FzClJlY29tcGVuc2E6IF4zMTMxRkZCw7RudXMgZG8gRXZlbnRvICteMDAwMDAwIEVYUCBiYXNlIDcyMDYw,,W1NvbGljaXR1ZCBkZSBlbnRyZWdhIGRlIEFyZW5hIGjDum1lZGFdCk1hdGVyaWFsZXMgcmVxdWVyaWRvczogMzB1bmlkYWRlc2RlQXJlbmFow7ptZWRhLgpQcmVtaW86IDkzMDYwZGVFWFAu
e8mBCQ,,W0RyeSBTYW5kIERlbGl2ZXJ5IFJlcXVlc3RdClJlcXVpcmVkIE1hdGVyaWFscyA6IERyeSBTYW5kIDMwIHBjcwpSZXdhcmQ6IEV4cCAxMDgwOTA=,,,,,W0Nhc2NvIGRlIFRhcnRhcnVnYSBlbSBiYWl4byBlc3RvcXVlXQpJdGVtOiAzMCBDYXNjb3MgZGUgVGFydGFydWdhClJlY29tcGVuc2E6IF4zMTMxRkZCw7RudXMgZG8gRXZlbnRvICteMDAwMDAwIEVYUCBiYXNlIDc4MzAw,,W1NvbGljaXR1ZCBkZSBlbnRyZWdhIGRlQXJlbmEgc2VjYV0KTWF0ZXJpYWxlcyByZXF1ZXJpZG9zOiAzMHVuaWRhZGVzIGRlQXJlbmFzZWNhLgpQcmVtaW86IDEwODA5MGRlRVhQLg==
fMmBCQ,,W1R1cnRsZSBTaGVsbCBEZWxpdmVyeSBSZXF1ZXN0XQpSZXF1aXJlZCBNYXRlcmlhbHMgOiBUdXJ0bGUgU2hlbGwgMzAgcGNzClJld2FyZDogRXhwIDExNzQ1MA==,,,,,W1BlcXVlbm8gQ2hpZnJlIE1hbGlnbm8gZW0gYmFpeG8gZXN0b3F1ZV0KSXRlbTogMzAgUGVxdWVub3MgQ2hpZnJlcyBNYWxpZ25vcwpSZWNvbXBlbnNhOiBeMzEzMUZGQsO0bnVzIGRvIEV2ZW50byArXjAwMDAwMCBFWFAgYmFzZSAxMDgzNjA=,,W1NvbGljaXR1ZCBkZSBlbnRyZWdhIGRlQ2FwYXJhem9uZXMgZGUgdG9ydHVnYV0KTWF0ZXJpYWxlcyByZXF1ZXJpZG9zOiAzMENhcGFyYXpvbmVzZGV0b3J0dWdhLgpQcmVtaW86IDExNzQ1MGRlRVhQLg==
fcmBCQ,,W0xpdHRsZSBFdmlsIEhvcm4gRGVsaXZlcnkgUmVxdWVzdF0KUmVxdWlyZWQgTWF0ZXJpYWxzIDogTGl0dGxlIEV2aWwgSG9ybiAzMCBwY3MKUmV3YXJkOiBFeHAgMTYyNTQw,,,,,W0NvcmHDp8OjbyBHbGFjaWFsIGVtIGJhaXhvIGVzdG9xdWVdCkl0ZW06IDMwIENvcmHDp8O1ZXMgR2xhY2lhaXMKUmVjb21wZW5zYTogXjMxMzFGRkLDtG51cyBkbyBFdmVudG8gK14wMDAwMDAgRVhQIGJhc2UgMTE2NjQw,,W1NvbGljaXR1ZCBkZSBlbnRyZWdhIGRlQ3Vlcm5vZGVCYXBob21ldF0KTWF0ZXJpYWxlcyByZXF1ZXJpZG9zOiAzMEN1ZXJub3NkZUJhcGhvbWV0LgpQcmVtaW86IDE2MjU0MGRlRVhQLg==
fsmBCQ,,W0dsYWNpYWwgSGVhcnQgRGVsaXZlcnkgUmVxdWVzdF0KUmVxdWlyZWQgTWF0ZXJpYWxzIDogR2xhY2lhbCBIZWFydCAzMCBwY3MKUmV3YXJkOiBFeHAgMTc0OTYw,,,,,W0VzdG9xdWlzdGFdCkFkZXVzLg==,,W1NvbGljaXR1ZCBkZSBlbnRyZWdhIGRlIENvcmF6w7NuIGdsYWNpYWxdCk1hdGVyaWFsZXMgcmVxdWVyaWRvczogMzBDb3Jhem9uZXMgZ2xhY2lhbGVzLgpQcmVtaW86IDE3NDk2MGRlRVhQLg==
f8mBCQ,,W0VkZW4gTG9naXN0aWNzIE1hbmFnZXJdCkdvb2RieWUu,,,,,,,W0FkbWluaXN0cmFkb3IgZGUgTG9nw61zdGljYSBkZSBFZMOpbl0KQWRpw7NzLg==
