oNEPBg,,UHJpemUgR3VpZGU=,,,,,Q2FpeMOjbyBkZSBQcsOqbWlvcw==,,UHJpemUgR3VpZGU=
odEPBg,,LSBZb3UgaGF2ZSB0b28gbWFueSBpdGVtcy4KUGxlYXNlIGNsZWFyIHlvdXIgaW52ZW50b3J5IGFuZCB0cnkgYWdhaW4uIC0=,,,,,LSBWb2PDqiBuw6NvIHBvZGUgY29udGludWFyLgpSZW9yZ2FuaXplIG8gaW52ZW50w6FyaW8uIC0=,,LVRpZW5lcyBkZW1hc2lhZG9zIG9iamV0b3MuCk9yZ2FuaXphIHR1IGludmVudGFyaW8gZSBpbnTDqW50YWxvIGRlIG51ZXZvLi0=
otEPBg,,W1ByaXplIEd1aWRlXQpUaGVyZSBhcmUgbWFueS4uLiByZXdhcmRzLi4uIHRoYXQgSSB3aWxsIGV4Y2hhbmdlLi4uIGZvci4uLiBIYWxsb3dlZW4gY29pbnMuLi4=,,,,,W0NhaXjDo28gZGUgUHLDqm1pb3NdClRlbmhvLi4uIGRlc2Vqby4uLiBwb3IuLi4gTW9lZGFzLi4uIGRvIERpYS4uLiBkYXMuLi4gQnJ1eGFzLi4u,,W0d1w61hIGRlIHByZW1pb3NdCkhheSBtdWNoYXPigKYgcmVjb21wZW5zYXPigKYgcXVlIGNhbWJpYXLDqeKApiBwb3LigKYgbW9uZWRhcyBkZSBIYWxsb3dlZW7igKY=
o9EPBg,,W1ByaXplIEd1aWRlXQpJJ2xsIG9wZW4gaXQgcmlnaHQgYXdheS4uLiBzbyBiZSBjYXJlZnVsLi4u,,,,,W0NhaXjDo28gZGUgUHLDqm1pb3NdClZlbS4uLi4gcHJvIENhaXjDo28uLi4gdm9jw6ouLi4gdGFtYsOpbS4uLiBWRU0h,,W0d1w61hIGRlIHByZW1pb3NdCkxvIGFicmlyw6kgZW5zZWd1aWRh4oCmIGFzw60gcXVlIHRlbiBjdWlkYWRv4oCm
pNEPBg,,RXZlbnQgQm94IEV4Y2hhbmdl,,,,,UHLDqm1pbyBBbGVhdMOzcmlv,,SW50ZXJjYW1iaW8gZGUgY2FqYXMgZGUgZXZlbnRvcy4=
pdEPBg,,Q29zdHVtZSBFeGNoYW5nZQ==,,,,,VmlzdWFpcw==,,SW50ZXJjYW1iaW8gZGUgYXR1ZW5kb3Mu
ptEPBg,,UXBldCBJdGVtIEV4Y2hhbmdl,,,,,TWFzY290ZXM=,,SW50ZXJjYW1iaW8gZGUgb2JqZXRvcyBkZSBtYXNjb3RpZXJuYS4=
p9EPBg,,Q2FuY2VsLg==,,,,,SWdub3Jhci4=,,Q2FuY2VsYXIu
qNEPBg,,W1ByaXplIEd1aWRlXQpIZXJlLi4u,,,,,W0NhaXjDo28gZGUgUHLDqm1pb3NdCkFxdWkgZXN0w6EuLi4=,,W0d1w61hIGRlIHByZW1pb3NdCkFxdcOt4oCm
qdEPBg,,W1ByaXplIEd1aWRlXQpQbGVhc2UgZW1wdHkgeW91ciBiYWcgYW5kIGNvbWUgYmFjay4uLg==,,,,,W0NhaXjDo28gZGUgUHLDqm1pb3NdClBvciBmYXZvci4uLiBhbGl2aWUgc2V1IGludmVudMOhcmlvLi4u,,W0d1w61hIGRlIHByZW1pb3NdClBvciBmYXZvciwgdmFjw61lIHN1IGJvbHNvIHkgdnVlbHZhLi4u
qtEPBg,,W1ByaXplIEd1aWRlXQpIYWxsb3dlZW4gQ29pbi4uIEkgbmVlZC4uIDUgY29pbnMuLg==,,,,,W0NhaXjDo28gZGUgUHLDqm1pb3NdClByZWNpc28uLi4gZGUgNSBNb2VkYXMuLi4u,,W0d1w61hIGRlIHByZW1pb3NdCk1vbmVkYXMgZGUgSGFsbG93ZWVu4oCmIG5lY2VzaXRv4oCmIDVtb25lZGFz4oCm
q9EPBg,,Q29zdHVtZSBTb3VsIFNpbGsgKDUgVGhyZWFkIG9mIFNvdWwp,,,,,W0NhaXjDo28gZGUgUHLDqm1pb3NdCkFicmluZG8uLi4gbGlzdGEgZGUuLi4gaXRlbnMu,,TcOhc2NhcmEgZGUgc2VkYSBkZSBhbG1hICg1SGlsb3MgZGUgYWxtYSku
rNEPBg,,Q29zdHVtZSBKYWtrICgxMCBIYWxsb3dlZW4gQ29pbik=,,,,,W0NhaXjDo28gZGUgUHLDqm1pb3NdCkRlcG9pcyBkbyBwZXLDrW9kby4uLiBhIE1vZWRhLi4uIGRlc2FwYXJlY2UuLi4=,,WWVsbW8gZGUgSmFrayAoMTBtb25lZGFzIGRlIEhhbGxvd2Vlbiku
rdEPBg,,Q29zdHVtZSBKYWNrICgxMCBIYWxsb3dlZW4gQ29pbik=,,,,,SG9vcm9yb25n,,Q3VlcnBvIGRlIEphY2sgKDEwbW9uZWRhcyBkZSBIYWxsb3dlZW4pLg==
rtEPBg,,Q29zdHVtZSBEdWxsYWhhbiBNYXNrICgxNSBIYWxsb3dlZW4gQ29pbik=,,,,,W0hvb3Jvcm9uZ10KSEFIQSE=,,TcOhc2NhcmEgZGUgRHVsbGFoYW4gKDE1bW9uZWRhcyBkZSBIYWxsb3dlZW4pLg==
r9EPBg,,Q29zdHVtZSBPbmUgRXllZCBKYWNrICgxNSBIYWxsb3dlZW4gQ29pbik=,,,,,SG9vcm9yb25nIDogSEFIQSE=,,T2pvIGJyaWxsYW50ZSBkZSBKYWNrICgxNSBtb25lZGFzIGRlIEhhbGxvd2Vlbiku
sNEPBg,,W1ByaXplIEd1aWRlXQpJIG5lZWQuLi4gNSBUaHJlYWQgb2YgU291bC4uLg==,,,,,SG9yb2xyb25n,,W0d1w61hIGRlIHByZW1pb3NdCk5lY2VzaXRv4oCmIDVIaWxvcyBkZSBhbG1h4oCm
sdEPBg,,W1ByaXplIEd1aWRlXQpJIG5lZWQuLi4gMTAgSGFsbG93ZWVuIENvaW4uLi4=,,,,,W0hvcm9scm9uZ10KSG9ob2gh,,W0d1w61hIGRlIHByZW1pb3NdCk5lY2VzaXRv4oCmIDEwbW9uZWRhcyBkZSBIYWxsb3dlZW7igKY=
stEPBg,,W1ByaXplIEd1aWRlXQpJIG5lZWQuLi4gMTUgSGFsbG93ZWVuIENvaW4uLi4=,,,,,SG9yb2xyb25nIDogSG9ob2gh,,W0d1w61hIGRlIHByZW1pb3NdCk5lY2VzaXRv4oCmIDE1bW9uZWRhcyBkZSBIYWxsb3dlZW7igKY=
s9EPBg,,W1ByaXplIEd1aWRlXQpBZnRlciB0aGUgZXZlbnQuLi4gSGFsbG93ZWVuIENvaW4uLi4gZGlzYXBwZWFycy4uLg==,,,,,SGV1cnVyb25n,,W0d1w61hIGRlIHByZW1pb3NdCkRlc3B1w6lzIGRlbCBldmVudG/igKYgbGFzIG1vbmVkYXMgZGUgSGFsbG93ZWVu4oCmIGRlc2FwYXJlY2Vu4oCm
tNEPBg,,TWVtb3J5IG9mIEd5b2wgKDE1IEhhbGxvd2VlbiBDb2luKQ==,,,,,W0hldXJ1cm9uZ10KSGVoZWhlaGUh,,TWVtb3JpYSBkZSBHeW9sICgxNW1vbmVkYXMgZGUgSGFsbG93ZWVuKS4=
tdEPBg,,RGFyayBNYW5lICgxMCBIYWxsb3dlZW4gQ29pbik=,,,,,SGV1cnVyb25nIDogSGVoZWhlaGUh,,Q3JpbiBvc2N1cmEgKDEwbW9uZWRhcyBkZSBIYWxsb3dlZW4pLg==
ttEPBg,,SHVyb3Jvbmc=,,,,,SG9vcmlyb25n,,SHVyb3Jvbmc=
t9EPBg,,W0h1cm9yb25nXQprZWtla2VrZQ==,,,,,W0hvb3Jpcm9uZ10KSGloaWhpaGloaS4uLg==,,W0h1cm9yb25nXQpKZSwgamUsIGplLCBqZS4=
uNEPBg,,SHVyb3JvbmcgOiBrZWtla2VrZQ==,,,,,SG9vcmlyb25nIDogSGloaWhpaGloaS4uLg==,,SHVyb3Jvbmc6IEplLCBqZSwgamUsIGplLg==
udEPBg,,SG9yb2xvbmc=,,,,,T3V2aXIgY29udmVyc2Eu,,SG9yb2xvbmc=
utEPBg,,W0hvcm9sb25nXQpraWtpa2lraQ==,,,,,SXIgZW1ib3JhLg==,,W0hvcm9sb25nXQpLaSwga2ksIGtpLCBraS4=
u9EPBg,,SG9yb2xvbmcgOiBraWtpa2lraQ==,,,,,W0hldXJ1cm9uZ10KVm9jw6ogb3V2aXU/PyBWb2PDqiBvdXZpdT8/Ckpha2sgZnVnaXUu,,SG9yb2xvbmc6IEtpLCBraSwga2ksIGtpLg==
vNEPBg,,SGV1cmV1cmV1bmc=,,,,,W0hvcm9scm9uZ10KSmFraz8=,,SGV1cmV1cmV1bmc=
vdEPBg,,W0hldXJldXJldW5nXQpoaWhpaGloaQ==,,,,,W0hvb3Jpcm9uZ10KSmFraz8=,,W0hldXJldXJldW5nXQpKaSwgamksIGppLCBqaS4=
vtEPBg,,SGV1cmV1cmV1bmcgOiBoaWhpaGloaQ==,,,,,W0hvb3Jvcm9uZ10KQ2Fkw6ogbyBKYWtrPw==,,SGV1cmV1cmV1bmc6IEppLCBqaSwgamksIGppLg==
v9EPBg,,SHVyaXJvbmc=,,,,,W0hvb3Jpcm9uZ10KU2VtIG8gSmFraywgbsOjbyBwb2RlbW9zIHRlciB1bSBmZXN0aXZhbCEh,,SHVyaXJvbmc=
wNEPBg,,W0h1cmlyb25nXQpob2hvaG8=,,,,,W0hvb3Jvcm9uZ10KRXN0YW1vcyBlbmNyZW5jYWRvcyE=,,W0h1cmlyb25nXQpKbywgam8sIGpvLg==
wdEPBg,,SHVyaXJvbmcgOiBob2hvaG8=,,,,,W0hldXJ1cm9uZ10KRXN0YW1vcyBlbmNyZW5jYWRvcyE=,,SHVyaXJvbmc6IEpvLCBqbywgam8u
wtEPBg,,Q29udGludWUgbGlzdGVuaW5nLg==,,,,,W0hvcm9scm9uZ10KVmFtb3MgZW5jb250cmFyIEpha2sgZSByZXRvcm5hciByYXBpZGFtZW50ZSE=,,U2VndWlyIGVzY3VjaGFuZG8u
w9EPBg,,SWdub3JlIGl0IGFuZCBwYXNzIGJ5Lg==,,,,,W0hldXJ1cm9uZ10KVmFtb3Mh,,SWdub3JhciB5IHNlZ3Vpci4=
xNEPBg,,W0hldXJldXJldW5nXQpJIGhlYXJkPyBJIGhlYXJkPwpKYWtrIHJhbiBhd2F5Lg==,,,,,W0hvb3Jvcm9uZ10KVmFtb3MgYWNow6EtbG8h,,W0hldXJldXJldW5nXQrCv0VzY3VjaMOpPyDCv0xvIGhlIG/DrWRvPwpKYWtrIHNlIGVzY2Fww7Mu
xdEPBg,,W0hvcm9sb25nXQpKYWtrPw==,,,,,W0hvb3Jpcm9uZ10KVmFtb3Mgdm9sdGFyISE=,,W0hvcm9sb25nXQrCv0pha2s/
xtEPBg,,W0h1cmlyb25nXQpKYWtrPw==,,,,,W0hldXJ1cm9uZ10KT2gsIMOpIG8gSmFrayE=,,W0h1cmlyb25nXQrCv0pha2s/
x9EPBg,,W0h1cm9yb25nXQpKYWtrPw==,,,,,W0hvcm9scm9uZ10KT25kZT8=,,W0h1cm9yb25nXQrCv0pha2s/
yNEPBg,,W0h1cmlyb25nXQpXZSBjYW4ndCBoYXZlIG91ciBmZXN0aXZhbCB3aXRob3V0IEpha2sh,,,,,W0hvb3Jpcm9uZ10Kw4kgbyBKYWtrIQ==,,W0h1cmlyb25nXQrCoU5vIHBvZGVtb3MgY2VsZWJyYXIgbnVlc3RybyBmZXN0aXZhbCBzaW4gSmFrayE=
ydEPBg,,W0h1cm9yb25nXQpJdCdzIGEgYmlnIGRlYWwh,,,,,W0hldXJ1cm9uZ10KSG9ob2gh,,W0h1cm9yb25nXQrCoUVzIGltcG9ydGFudGUh
ytEPBg,,W0hldXJldXJldW5nXQpJdCdzIGEgYmlnIGRlYWwh,,,,,W0hvb3Jpcm9uZ10KSmFrayEKVW0gZmVzdGl2YWwhIQ==,,W0hldXJldXJldW5nXQrCoUVzIGltcG9ydGFudGUh
y9EPBg,,W0hvcm9sb25nXQpMZXQncyBnbyBiYWNrIGFuZCBmaW5kIEpha2sh,,,,,W0hldXJ1cm9uZ10KRXN0w6EgaGF2ZW5kbyB1bSBmZXN0aXZhbCBuYSBeRkYwMDAwQ2lkYWRlIGRvcyBNb3J0b3NeMDAwMDAwIQ==,,W0hvcm9sb25nXQrCoVZvbHZhbW9zIHkgZW5jb250cmVtb3MgYSBKYWtrIQ==
zNEPBg,,W0hldXJldXJldW5nXQpHb29kIQ==,,,,,SG9yb3Jvbmc=,,W0hldXJldXJldW5nXQrCoUJpZW4h
zdEPBg,,W0h1cm9yb25nXQpMZXQncyBmaW5kIGhpbSE=,,,,,W0hvcm9yb25nXQpKYWtrISE=,,W0h1cm9yb25nXQrCoUVuY29udHLDqW1vc2xvIQ==
ztEPBg,,W0h1cmlyb25nXQpMZXQncyBnbyBiYWNrIQ==,,,,,SG9yb3JvbmcgOiBKYWtrISE=,,W0h1cmlyb25nXQrCoVZvbHZhbW9zIQ==
z9EPBg,,W0hldXJldXJldW5nXQpPaCwgaXQncyBKYWtrIQ==,,,,,W0hvcm9yb25nXQpKYWtrIQpBY29yZGUh,,W0hldXJldXJldW5nXQrCoU9oLCBlcyBKYWtrIQ==
0NEPBg,,W0hvcm9sb25nXQpXaGVyZT8=,,,,,SG9yb3JvbmcgOiBKYWtrISBBY29yZGUh,,W0hvcm9sb25nXQrCv2TDs25kZT8=
0dEPBg,,W0h1cmlyb25nXQpJdCdzIEpha2sh,,,,,W0hvb3Jvb3JvbmddCkpha2shIMOJIHNvYnJlIG8gZmVzdGl2YWwhISE=,,W0h1cmlyb25nXQrCoUVzIEpha2sh
0tEPBg,,W0hldXJldXJldW5nXQpraWtpa2lraQ==,,,,,W0hvaG9yb25nXQpBIGx1eiBkZXNhcGFyZWNldSE=,,W0hldXJldXJldW5nXQpLaSwga2ksIGtpLCBraS4=
09EPBg,,W0h1cmlyb25nXQpKYWtrIQpJdCdzIGEgZmVzdGl2YWwh,,,,,W0hvb3Jvb3JvbmddCkFjb3JkZSwgSmFrayEKTyBmZXN0aXZhbCB2YWkgY29tZcOnYXIgbG9nbywgbG9nbyEh,,W0h1cmlyb25nXQrCoUpha2shCsKhRXMgdW4gZmVzdGl2YWwh
1NEPBg,,W0hldXJldXJldW5nXQpBIGZlc3RpdmFsIGlzIGhlbGQgaW4gXkZGMDAwMENpdHkgb2YgdGhlIERlYWReMDAwMDAwIQ==,,,,,W0hvcm9yb25nXQpOw6NvIHZhaSBkZWl4YXIgYSBnZW50ZSBuYSBtw6NvLCB2YWk/,,W0hldXJldXJldW5nXQrCoVNlIGNlbGVicmEgdW4gZmVzdGl2YWwgZW4gXjY2MDAwMGxhIGNpdWRhZCBkZSBsb3MgbXVlcnRvc14wMDAwMDAh
1dEPBg,,W0hldXJldXJldW5nXQpEaWQgeW91IGhlYXI/IERpZCB5b3UgaGVhcj8KVGhleSBzYWlkIEpha2sgcmFuIGF3YXku,,,,,W0hvaG9yb25nXQpKYWtrIGFpbmRhIG7Do28gdm9sdG91Lg==,,W0hldXJldXJldW5nXQrCv1RlIGVudGVyYXN0ZT8gwr9UZSBoYXMgZW50ZXJhZG8/CkRpamVyb24gcXVlIEpha2sgc2UgZXNjYXDDsy4=
1tEPBg,,W0hvcm9sb25nXQpMZXQncyBnbyBiYWNrIGFuZCBmaW5kIEphY2sh,,,,,W0hvb3Jvb3JvbmddCklzc28gbWVzbW8h,,W0hvcm9sb25nXQrCoVZvbHZhbW9zIHkgZW5jb250cmVtb3MgYSBKYWtrIQ==
19EPBg,,SG9yb3Jvbmc=,,,,,W0hvcm9yb25nXQpKYWtrIGVzdMOhIGRlIHZvbHRhLCBtYXMgbyBKYWtrIG7Do28gdm9sdG91IQ==,,SG9yb3Jvbmc=
2NEPBg,,W0hvcm9yb25nXQpKYWtrISE=,,,,,W0hvaG9yb25nXQpKYWtrIQ==,,W0hvcm9yb25nXQrCoUpha2sh
2dEPBg,,SG9yb3JvbmcgOiBKYWtrISE=,,,,,W0hvb3Jvb3JvbmddCkUgcXVhbnRvIGEgSmFraz8=,,SG9yb3Jvbmc6IMKhSmFrayE=
2tEPBg,,W0hvcm9yb25nXQpKYWtrIQpXYWtlIHVwIQ==,,,,,W0hvaG9yb25nXQpKYWtrIGVzdMOhIG5hIHByYcOnYSEh,,W0hvcm9yb25nXQrCoUpha2shCsKhRGVzcGllcnRhIQ==
29EPBg,,SG9yb3JvbmcgOiBKYWtrISBXYWtlIHVwIQ==,,,,,W0hvcm9yb25nXQpFIHF1YW50byBhIEpha2s/,,SG9yb3JvbmcgOiDCoUpha2shIMKhRGVzcGllcnRhIQ==
3NEPBg,,W0h1cnVyb25nXQpJdCdzIGEgZmVzdGl2YWwhIEpha2sh,,,,,W0hvaG9yb25nXQpPbmRlIG8gSmFrayBmb2k/Pw==,,W0h1cnVyb25nXQrCoUVzIHVuIGZlc3RpdmFsISDCoUpha2sh
3dEPBg,,W0hvaG9yb25nXQpUaGUgbGlnaHQgaXMgZ29uZSE=,,,,,W0hvb3Jvb3JvbmddClZhbW9zIHBlcmd1bnRhciBwcm8gXkZGMDAwMEpha2sgbmEgcHJhw6dhXjAwMDAwMCE=,,W0hvaG9yb25nXQrCoUxhIGx1eiBzZSBmdWUh
3tEPBg,,W0h1cnVyb25nXQpXYWtlIHVwIEpha2shClRoZSBmZXN0aXZhbCB3aWxsIHN0YXJ0IHNvb24h,,,,,W0hvcm9yb25nXQpWYW1vcyBwZXJndW50YXIh,,W0h1cnVyb25nXQrCoURlc3BpZXJ0YSwgSmFrayEKwqFFbCBmZXN0aXZhbCBlbXBlemFyw6EgcHJvbnRvIQ==
39EPBg,,W0hvcm9yb25nXQpCdXQgaXQncyBhIGJpZyBkZWFsPw==,,,,,W0hvaG9yb25nXQpKYWtrIGRldmUgc2FiZXIh,,W0hvcm9yb25nXQrCv1Blcm8gZXMgcGFyYSB0YW50bz8=
4NEPBg,,W0hvaG9yb25nXQpKYWtrIGhhc24ndCBjb21lIGJhY2sgeWV0Lg==,,,,,W0hvb3Jvb3JvbmddCkpha2sgc2FiZSEh,,W0hvaG9yb25nXQpKYWtrIG5vIHZvbHZpw7MgdG9kYXbDrWEu
4dEPBg,,W0h1cnVyb25nXQpUaGF0J3MgcmlnaHQh,,,,,W0hvcm9yb25nXQpFbGUgc2FiZSEh,,W0h1cnVyb25nXQrCoUFzw60gZXMh
4tEPBg,,W0hvcm9yb25nXQpKYWtrIGNhbWUgYmFjaywgYnV0IEpha2sgZGlkbid0IGNvbWUgYmFjayE=,,,,,W0hvcm9yb25nXQpIb29yb29yb25nIHF1ZXIgb3V2aXIgYSBoaXN0w7NyaWEgZGUgSmFrayE=,,W0hvcm9yb25nXQrCoUpha2sgdm9sdmnDsywgcGVybyBKYWtrIG5vIHZvbHZpw7Mh
49EPBg,,W0hvaG9yb25nXQpKYWtrIHRvbyE=,,,,,W0hvb3Jvb3JvbmddCkV1IHF1ZXJvIG91dmlyIGEgaGlzdMOzcmlhISEhIQ==,,W0hvaG9yb25nXQrCoUpha2sgdGFtYmnDqW4h
5NEPBg,,W0h1cnVyb25nXQpTbyB3aGF0IGFib3V0IEpha2s/,,,,,W0hvaG9yb25nXQpQcmVjaXNhbW9zIGVuY29udHJhciBKYWtrISE=,,W0h1cnVyb25nXQrCv1kgcXXDqSBwYXNhIGNvbiBKYWtrPw==
5dEPBg,,W0hvaG9yb25nXQpKYWtrIGlzIGluIHRoZSBzcXVhcmUh,,,,,W0hvcm9yb25nXQpKYWtrIHZvbHRvdSE=,,W0hvaG9yb25nXQrCoUpha2sgZXN0w6EgZW4gbGEgcGxhemEh
5tEPBg,,W0hvcm9yb25nXQpTbyB3aGF0IGFib3V0IEpha2s/,,,,,W0hvb3Jvb3JvbmddCkpha2sh,,W0hvcm9yb25nXQrCv1kgcXXDqSBwYXNhIGNvbiBKYWtrPw==
59EPBg,,W0hvaG9yb25nXQpXaGVyZSBkaWQgSmFrayBnbz8=,,,,,W0hvcm9yb25nXQpWYW1vcyBkZWNvcmFyIG8gSmFrayBqdW50b3Mh,,W0hvaG9yb25nXQrCv0Fkw7NuZGUgZnVlIEpha2s/
6NEPBg,,W0h1cnVyb25nXQpMZXQncyBhc2sgXkZGMDAwMEpha2sgaW4gdGhlIHNxdWFyZV4wMDAwMDAh,,,,,SG9yb3JvbmcgOiBWYW1vcyBkZWNvcmFyIG8gSmFrayBqdW50b3MhIQ==,,W0h1cnVyb25nXQrCoVByZWd1bnTDqW1vc2xlIGEgXjY2MDAwMEpha2sgZW4gbGEgcGxhemFeMDAwMDAwIQ==
6dEPBg,,W0hvcm9yb25nXQpMZXQncyBhc2sh,,,,,W0hvb3Jvb3JvbmddCkRlY29yYXIgbyBKYWtrIQ==,,W0hvcm9yb25nXQrCoVByZWd1bnRlbW9zIQ==
6tEPBg,,W0hvaG9yb25nXQpKYWtrLCB5b3UgcHJvYmFibHkga25vdyE=,,,,,SG9vcm9vcm9uZyA6IERlY29yYXIgbyBKYWtrIQ==,,W0hvaG9yb25nXQpKYWtrLCDCoXNlZ3VybyBsbyBzYWJlcyE=
69EPBg,,W0h1cnVyb25nXQpKYWtrIEkga25vdyE=,,,,,W0hvaG9yb25nXQpWYW1vcyBkZWNvcsOhLWxvIQ==,,W0h1cnVyb25nXQrCoUpha2ssIGxvIHPDqSE=
7NEPBg,,W0hvcm9yb25nXQpJIGtub3ch,,,,,SG9ob3JvbmcgOiBWYW1vcyBkZWNvcsOhLWxvIQ==,,W0hvcm9yb25nXQrCoUxvIHPDqSE=
7dEPBg,,W0hvcm9yb25nXQpIdXJ1cm9uZyB3YW50cyB0byBoZWFyIEpha2sncyBzdG9yeSE=,,,,,W0hvb3Jvb3JvbmddClVtIGZlc3RpdmFsISE=,,W0hvcm9yb25nXQrCoUh1cnVyb25nIHF1aWVyZSBvw61yIGxhIGhpc3RvcmlhIGRlIEpha2sh
7tEPBg,,W0h1cnVyb25nXQpJIHdhbnQgdG8gaGVhciBpdCEhISE=,,,,,SG9vcm9vcm9uZyA6IFVtIGZlc3RpdmFsISE=,,W0h1cnVyb25nXQrCocKhUXVpZXJvIGVzY3VjaGFybGEhIQ==
79EPBg,,W0hvaG9yb25nXQpJIG5lZWQgdG8gZmluZCBKYWtrISE=,,,,,W0hvcm9yb25nXQpEZSBhc3N1c3RhciE=,,W0hvaG9yb25nXQrCocKhTmVjZXNpdG8gZW5jb250cmFyIGEgSmFrayEh
8NEPBg,,W0hvcm9yb25nXQpKYWtrIGlzIGJhY2sh,,,,,W0hvaG9yb25nXQpWYW1vcyBkZWl4w6EtbG8gcHJvbnRvIHBhcmEgbyBmZXN0aXZhbCE=,,W0hvcm9yb25nXQrCoUpha2sgdm9sdmnDsyE=
8dEPBg,,W0h1cnVyb25nXQpKYWtrIQ==,,,,,W0hvcm9yb25nXQpDYWJlw6dhISBFIG8gY29ycG8h,,W0h1cnVyb25nXQrCoUpha2sh
8tEPBg,,W0hvaG9yb25nXQpKYWtrIQ==,,,,,W0hvb3Jvb3JvbmddCkVuZmVpdGVtIGVsZSE=,,W0hvaG9yb25nXQrCoUpha2sh
89EPBg,,W0hvcm9yb25nXQpOb3cgbGV0J3MgYWxsIGRlY29yYXRlIEpha2sh,,,,,W0hvcm9yb25nXQpKYWtrIQpUcmFnYSBKYWtrIHLDoXBpZG8h,,W0hvcm9yb25nXQrCoUFob3JhIGRlY29yZW1vcyBhIEpha2sh
9NEPBg,,SG9yb3JvbmcgOiBOb3cgbGV0J3MgYWxsIGRlY29yYXRlIEpha2shIQ==,,,,,W0hvb3Jvb3JvbmddClNlIGVsZSBmaWNhciBsw6EgbXVpdG8gdGVtcG8sIG8gcmFtbyBwb2RlIGNyZXNjZXIhIQ==,,SG9yb3JvbmcgOiDCoUFob3JhIGRlY29yZW1vcyBhIEpha2sh
9dEPBg,,W0h1cnVyb25nXQpEZWNvcmF0ZSBKYWtrIQ==,,,,,W0hvaG9yb25nXQpOw6NvISEKUXVlIGVzdHJhbmhvIQ==,,W0h1cnVyb25nXQrCoURlY29yYSBKYWtrIQ==
9tEPBg,,SHVydXJvbmcgOiBEZWNvcmF0ZSBKYWtrIQ==,,,,,W0hvcm9yb25nXQpFc3TDoSB2ZXJkZSE=,,SHVydXJvbmc6IMKhRGVjb3JhIEpha2sh
99EPBg,,W0hvaG9yb25nXQpMZXQncyBkZWNvcmF0ZSE=,,,,,W0hvb3Jvb3JvbmddCkVzdMOhIGZyZXNjbyE=,,W0hvaG9yb25nXQrCoUEgZGVjb3JhciE=
+NEPBg,,SG9ob3JvbmcgOiBMZXQncyBkZWNvcmF0ZSE=,,,,,W0hvcm9yb25nXQpQb3IgZmF2b3IsIHRyYWdhIF5GRjAwMDAxMCBEZWNvcmHDp8O1ZXMgZGUgQWLDs2JvcmFeMDAwMDAwIQ==,,SG9ob3Jvbmc6IMKhQSBkZWNvcmFyIQ==
+dEPBg,,W0h1cnVyb25nXQpJdCdzIGEgZmVzdGl2YWwh,,,,,W0hvaG9yb25nXQpMZW1icmUtc2UgZGUgdHJhemVyIF5GRjAwMDAyMCBSYW1vcyBCcmFuY29zIEZpbm9zXjAwMDAwMCB0YW1iw6ltLg==,,W0h1cnVyb25nXQrCoUVzIHVuIGZlc3RpdmFsIQ==
+tEPBg,,SHVydXJvbmcgOiBJdCdzIGEgZmVzdGl2YWwh,,,,,W0hvb3Jvb3JvbmddCkVsZSBwb2RlIHRlciBkZWl4YWRvIGNhaXIh,,SHVydXJvbmcgOiDCoUVzIHVuIGZlc3RpdmFsIQ==
+9EPBg,,W0hvcm9yb25nXQpJdCdzIHNwb29reSE=,,,,,W0hvcm9yb25nXQpWb2PDqiBuw6NvIHBvZGUgc2UgYXRyYXNhciBwYXJhIG8gZmVzdGl2YWwh,,W0hvcm9yb25nXQrCoUVzIGVzcGVsdXpuYW50ZSE=
/NEPBg,,W0hvaG9yb25nXQpJdCdzIGEgZmVzdGl2ZSBtb29kIQ==,,,,,W0hvaG9yb25nXQpVbSBmZXN0aXZhbCEh,,W0hvaG9yb25nXQrCoUVzIHVuIGFtYmllbnRlIGZlc3Rpdm8h
/dEPBg,,W0hvcm9yb25nXQpIYWlyIHRvbyEgU3RlbSB0b28h,,,,,W0hvb3Jvb3JvbmddCkpha2sgcHJlY2lzYSBlc3RhciBhcXVpIQ==,,W0hvcm9yb25nXQrCoUVsIGNhYmVsbG8gdGFtYmnDqW4hIMKhRWwgdGFsbG8gdGFtYmnDqW4h
/tEPBg,,W0h1cnVyb25nXQpEZWNvcmF0ZSBpdCE=,,,,,W0hvcm9yb25nXQpKYWtrIQ==,,W0h1cnVyb25nXQpEZWPDs3JhbG8=
/9EPBg,,W0hvcm9yb25nXQpKYWtrIQpCcmluZyBtZSBKYWtrIQ==,,,,,W0hvaG9yb25nXQpQcmVjaXNhbW9zIGRvIEpha2sh,,W0hvcm9yb25nXQrCoUpha2shCsKhVHLDoWVtZSBhIEpha2sh
ANIPBg,,W0h1cnVyb25nXQpJZiB5b3UgbGVhdmUgaXQgdG9vIGxvbmcsIHRoZSBzdGVtIG1pZ2h0IGdyb3cgb3V0IQ==,,,,,W0hvcm9yb25nXQpKYWtrIMOpIG8gbWVsaG9yIQ==,,W0h1cnVyb25nXQrCoVNpIGxvIGRlamFzIGRlbWFzaWFkbyB0aWVtcG8sIGVsIHRhbGxvIHBvZHLDrWEgY3JlY2VyIGRlbWFzaWFkbyE=
AdIPBg,,W0hvaG9yb25nXQpIZWhlaGUhIQpJdCdzIHRlcnJpYmxlIQ==,,,,,SG9yb3JvbmcgOiBKYWtrIMOpIG8gbWVsaG9yIQ==,,W0hvaG9yb25nXQrCoUplLCBqZSwgamUhCsKhRXMgdGVycmlibGUh
AtIPBg,,W0hvcm9yb25nXQpJdCdzIGdyZWVuIQ==,,,,,W0hvb3Jvb3JvbmddCk8gbWVsaG9yIGRvcyBtZWxob3JlcyE=,,W0hvcm9yb25nXQrCoUVzIHZlcmRlIQ==
A9IPBg,,W0h1cnVyb25nXQpJdCdzIGZyZXNoIQ==,,,,,SG9vcm9vcm9uZyA6IE8gbWVsaG9yIGRvcyBtZWxob3JlcyE=,,W0h1cnVyb25nXQrCoUVzIGZyZXNjbyE=
BNIPBg,,W0hvcm9yb25nXQpCcmluZyBeRkYwMDAwMTAgUHVtcGtpbiBEZWNvcmF0aW9uc14wMDAwMDAh,,,,,W0hvaG9yb25nXQpPIG1lbGhvciBkb3MgbWVsaG9yZXMh,,W0hvcm9yb25nXQrCoVRyYWUgXjY2MDAwMDEwRGVjb3JhY2lvbmVzIGRlIGNhbGFiYXphXjAwMDAwMCE=
BdIPBg,,W0hvaG9yb25nXQpeRkYwMDAwMjAgRHJ5IFdoaXRlIFN0ZW1eMDAwMDAwIHRvby4=,,,,,SG9ob3JvbmcgOiBPIG1lbGhvciBkb3MgbWVsaG9yZXMh,,W0hvaG9yb25nXQpUYW1iacOpbiwgXjY2MDAwMDIwVGFsbG9zIGJsYW5jb3Mgc2Vjb3NeMDAwMDAwLg==
BtIPBg,,W0h1cnVyb25nXQpUaHJvdyBpdCBhd2F5IQ==,,,,,W0hvcm9yb25nXQpKYWtrIHNlIHRvcm5vdSBKYWtrIQ==,,W0h1cnVyb25nXQrCoVTDrXJhbG8h
B9IPBg,,W0hvcm9yb25nXQpEb24ndCBiZSBsYXRlIGZvciB0aGUgZmVzdGl2YWwh,,,,,W0hvaG9yb25nXQpFdSBuZW0gYWNyZWRpdG8sIEpha2sh,,W0hvcm9yb25nXQrCoU5vIGxsZWd1ZXMgdGFyZGUgYWwgZmVzdGl2YWwh
CNIPBg,,W0hvaG9yb25nXQpJdCdzIGEgZmVzdGl2YWwh,,,,,W0hvb3Jvb3JvbmddCsOJIG8gSmFrayE=,,W0hvaG9yb25nXQrCoUVzIHVuIGZlc3RpdmFsIQ==
CdIPBg,,W0h1cnVyb25nXQpKYWtrIG11c3QgYmUgdGhlcmUh,,,,,W0hvaG9yb25nXQpRdWUgaW52ZWphIQ==,,W0h1cnVyb25nXQrCoUpha2sgZGViZSBlc3RhciBhaMOtIQ==
CtIPBg,,W0h1cnVyb25nXQpJZiB5b3UgbGVhdmUgaXQgdG9vIGxvbmcsIHRoZSBzdGVtIG1pZ2h0IGdyb3cgb3V0LiE=,,,,,W0hvcm9yb25nXQpFdSBxdWVybyBzZXIgbyBKYWtrIHRhbWLDqW0h,,W0h1cnVyb25nXQrCoVNpIGxvIGRlamFzIGRlbWFzaWFkbyB0aWVtcG8sIGVsIHRhbGxvIHBvZHLDrWEgY3JlY2VyIGRlbWFzaWFkbyE=
C9IPBg,,W0hvcm9yb25nXQpKYWtrIQ==,,,,,W0hvcm9yb25nXQpOw6NvIQpWb2PDqiBuw6NvIGRldmUgZmljYXIgbm8gbXVuZG8gZG9zIHZpdm9zIHBvciBtdWl0byB0ZW1wbyE=,,W0hvcm9yb25nXQrCoUpha2sh
DNIPBg,,W0hvaG9yb25nXQpKYWtrIG5lZWQh,,,,,W0hvb3Jvb3JvbmddCk8gcmFtbyBwb2RlIGNyZXNjZXIh,,W0hvaG9yb25nXQrCoUpha2sgbWUgbmVjZXNpdGEh
DdIPBg,,W0h1cnVyb25nXQpGYWxsIGF3YXkh,,,,,W0hvaG9yb25nXQpQb2RlIGZpY2FyIHZlcmRlIQpKYWtrIMOpIGJyYW5jbyE=,,W0h1cnVyb25nXQrCoVZldGUh
DtIPBg,,W0hvcm9yb25nXQpDYW4ndCBiZSBsYXRlIGZvciB0aGUgZmVzdGl2YWwh,,,,,W0hvb3Jvb3JvbmddCkRlc2NhbnNhbmRvIQ==,,W0hvcm9yb25nXQrCoU5vIHNlIHB1ZWRlIGxsZWdhciB0YXJkZSBhbCBmZXN0aXZhbCE=
D9IPBg,,W0hvaG9yb25nXQpJdCdzIHRpbWUgZm9yIHRoZSBmZXN0aXZhbCE=,,,,,W0hvcm9yb25nXQpKYWtrIGVzdMOhIGRlc2NhbnNhbmRvIQ==,,W0hvaG9yb25nXQrCoUVzIGxhIGhvcmEgZGVsIGZlc3RpdmFsIQ==
ENIPBg,,W0h1cnVyb25nXQpXZSBuZWVkIEpha2sh,,,,,W0hvaG9yb25nXQpBbWFuaMOjIHRhbWLDqW0gaGF2ZXLDoSB1bSBmZXN0aXZhbCEh,,W0h1cnVyb25nXQrCoU5lY2VzaXRhbW9zIGEgSmFrayE=
EdIPBg,,W0hvcm9yb25nXQpKYWtrJ3MgYmFjayE=,,,,,SG9vcm9vcm9uZw==,,W0hvcm9yb25nXQrCoUpha2sgdm9sdmnDsyE=
EtIPBg,,W0hvcm9yb25nXQpKYWtrJ3MgdGhlIGJlc3Qh,,,,,W0hvb3Jvb3JvbmddCk7Do28hISE=,,W0hvcm9yb25nXQrCoUpha2sgZXMgZWwgbWVqb3Ih
E9IPBg,,SG9yb3Jvbmc6IEpha2sncyB0aGUgYmVzdCE=,,,,,W0hvcm9yb25nXQpRdWUgZXN0cmFuaG8h,,SG9yb3Jvbmc6IMKhSmFrayBlcyBlbCBtZWpvciE=
FNIPBg,,W0h1cnVyb25nXQpUaGUgYmVzdCE=,,,,,W0hvb3Jvb3JvbmddCkpha2sgdmFpIGZpY2FyIHZlcmRlISEh,,W0h1cnVyb25nXQrCoUVsIG1lam9yIQ==
FdIPBg,,SHVydXJvbmc6IFRoZSBiZXN0IQ==,,,,,W0hvcm9yb25nXQpEZXZlIHNlciBwb3IgY2F1c2EgZG8gbXVuZG8gZG9zIHZpdm9zIQ==,,SHVydXJvbmc6IMKhRWwgbWVqb3Ih
FtIPBg,,W0hvaG9yb25nXQpUaGUgYmVzdCE=,,,,,W0hvaG9yb25nXQpEZXZlIHNlciE=,,W0hvaG9yb25nXQrCoUVsIG1lam9yIQ==
F9IPBg,,SG9ob3Jvbmc6IFRoZSBiZXN0IQ==,,,,,W0hvb3Jvb3JvbmddCk11bmRvIGRvcyB2aXZvcyE=,,SG9ob3Jvbmc6IMKhRWwgbWVqb3Ih
GNIPBg,,W0hvcm9yb25nXQpKYWtrJ3MgdHVybmluZyBpbnRvIEpha2sh,,,,,W0hvaG9yb25nXQpKYWtrIGVzdMOhIGzDoSE=,,W0hvcm9yb25nXQrCoUpha2sgc2UgZXN0w6EgY29udmlydGllbmRvIGVuIEpha2sh
GdIPBg,,W0hvaG9yb25nXQpJJ2xsIGdpdmUgSmFrayBhIEpha2sh,,,,,W0hvb3Jvb3JvbmddCkFsZ28gdGVycsOtdmVsIHZhaSBhY29udGVjZXIgc2UgbsOjbyB0cm91eGVybW9zIEpha2sgZGUgdm9sdGEh,,W0hvaG9yb25nXQrCoUxlIGRhcsOpIGEgSmFrayB1biBKYWtrIQ==
GtIPBg,,W0hvcm9yb25nXQpBbHJpZ2h0LCBldmVyeW9uZSEgTGV0J3MgZGVjb3JhdGUgSmFrayE=,,,,,W0hvaG9yb25nXQpKYWtrIHZhaSBmaWNhciB2aXZvIQ==,,W0hvcm9yb25nXQrCoU11eSBiaWVuLCB0b2RvIGVsIG11bmRvISDCoURlY29yZW1vcyBhIEpha2sh
G9IPBg,,W0h1cnVyb25nXQpTbyBjcmVlcHkh,,,,,W0hvaG9yb25nXQpJc3NvIQpKYWtrIGRldmUgYnVzY2FyIEpha2sh,,W0h1cnVyb25nXQrCoVF1w6kgZXNwZWx1em5hbnRlIQ==
HNIPBg,,W0hvaG9yb25nXQpXZSBuZWVkIEpha2sh,,,,,W0hvb3Jvb3JvbmddCklzc28hIQpKYWtrIHBvZGUgYnVzY2FyIG8gSmFrayE=,,W0hvaG9yb25nXQrCoU5lY2VzaXRhbW9zIGEgSmFrayE=
HdIPBg,,W0h1cnVyb25nXQpJdCdzIHRpbWUgZm9yIHRoZSBmZXN0aXZhbCE=,,,,,W0hvb3Jvb3JvbmddCkpha2sgdm9sdG91IQ==,,W0h1cnVyb25nXQrCoUVzIGxhIGhvcmEgZGVsIGZlc3RpdmFsIQ==
HtIPBg,,W0hvcm9yb25nXQpQbGVhc2UgYnJpbmcgSmFrayBiYWNrIQ==,,,,,W0hvcm9yb25nXQpWZW5oYSByw6FwaWRvLCBKYWtrISEh,,W0hvcm9yb25nXQrCoVBvciBmYXZvciwgdHJhZSBhIEpha2sh
H9IPBg,,W0hvaG9yb25nXQpeRkYwMDAwRHJ5IFdoaXRlIFN0ZW0geCAyMCBhbmQgUHVtcGtpbiBEZWNvcmF0aW9uIHggMTBeMDAwMDAwLCBkb24ndCBmb3JnZXQgdG8gYnJpbmcgdGhlc2UgYXMgd2VsbC4=,,,,,W0hvb3Jvb3JvbmddCkdyYcOnYXMgYW8gSmFraywgdGVtb3MgdW0gZmVzdGl2YWwhIQ==,,W0hvaG9yb25nXQpeNjYwMDAwMjBUYWxsb3MgYmxhbmNvcyBzZWNvcyB5IDEwRGVjb3JhY2lvbmVzIGRlIGNhbGFiYXphXjAwMDAwMCwgbm8gb2x2aWRlcyBlc3RvLg==
INIPBg,,W0h1cnVyb25nXQpHb3R0YSBmYWxsIQ==,,,,,W0hvcm9yb25nXQpDaGVpbyBkZSBKYWtrcyEh,,W0h1cnVyb25nXQrCoUhheSBxdWUgY2FlciE=
IdIPBg,,W0hvcm9yb25nXQpObyEKWW91IHNob3VsZG4ndCBzdGF5IGluIHRoZSBsYW5kIG9mIHRoZSBsaXZpbmcgdG9vIGxvbmch,,,,,SG9ob3Jvbmc=,,W0hvcm9yb25nXQrCoU5vIQrCoU5vIGRlYmVyw61hcyBxdWVkYXJ0ZSBkZW1hc2lhZG8gdGllbXBvIGVuIGxhIHRpZXJyYSBkZSBsb3Mgdml2b3Mh
ItIPBg,,W0h1cnVyb25nXQpZb3UnbGwgZ3JvdyBzdGVtcyE=,,,,,W0hvb3Jvb3JvbmddClZhbW9zIHBlcmd1bnRhciBwcm8gSmFrayE=,,W0h1cnVyb25nXQrCoVRlIGNyZWNlcsOhbiB0YWxsb3Mh
I9IPBg,,W0hvaG9yb25nXQpZb3UnbGwgdHVybiBncmVlbiEKSmFraydzIHdoaXRlIQ==,,,,,W0hvaG9yb25nXQpIb29yb29yb25nIHF1ZXIgb3V2aXIgYSBoaXN0w7NyaWEgZGUgSmFrayE=,,W0hvaG9yb25nXQrCoVRlIHBvbmRyw6FzIHZlcmRlIQrCoUpha2sgZXMgYmxhbmNvIQ==
JNIPBg,,W0h1cnVyb25nXQpSZXN0IQ==,,,,,SmFraw==,,W0h1cnVyb25nXQrCoURlc2NhbnNhIQ==
JdIPBg,,W0hvcm9yb25nXQpKYWtrJ3MgcmVzdGluZyE=,,,,,W0pha2tdCkV1IG7Do28gc2VpLgpOw6NvIHNlaSBvbmRlIEpha2sgZXN0w6Eu,,W0hvcm9yb25nXQrCoUpha2sgZXN0w6EgZGVzY2Fuc2FuZG8h
JtIPBg,,W0hvaG9yb25nXQpXZSdsbCBoYXZlIGEgZmVzdGl2YWwgdG9tb3Jyb3cgYWdhaW4h,,,,,W0pha2tdCkV1IHNlbXByZSBlc3RpdmUgYXF1aS4=,,W0hvaG9yb25nXQrCoU1hw7FhbmEgdm9sdmVyZW1vcyBhIHRlbmVyIHVuIGZlc3RpdmFsIQ==
J9IPBg,,SG9yb3Jvbmc6IEFscmlnaHQsIGV2ZXJ5b25lISBMZXQncyBkZWNvcmF0ZSBKYWtrIQ==,,,,,W0pha2tdCkV1IGVzdGF2YSBsw6EuCkVyYSB1bSBsdWdhciBob3Jyw612ZWwu,,SG9yb3Jvbmc6IMKhTXV5IGJpZW4sIHRvZG8gZWwgbXVuZG8hIMKhRGVjb3JlbW9zIEpha2sh
KNIPBg,,SHVydXJvbmc6IERlY29yYXRlIEpha2shIQ==,,,,,W0pha2tdCk1ldSBjb3JwbyBmaWNvdSBjb20gdW1hIGNvciB2ZXJkZSBlc3F1aXNpdGEuCkUgY29tZcOnb3UgYSBjcmVzY2VyLg==,,SHVydXJvbmc6IMKhRGVjb3JhciBhIEpha2sh
KdIPBg,,SG9ob3Jvbmc6IERlY29yYXRlIQ==,,,,,W0pha2tdCkZvaSBob3Jyw612ZWwhIEV1IG51bmNhIHF1ZXJvIHNlbnRpciBpc3NvIGRlIG5vdm8u,,SG9ob3Jvbmc6IMKhRGVjb3JhciE=
KtIPBg,,SHVydXJvbmc6IEl0J3MgZmVzdGl2YWwgdGltZSE=,,,,,W0pha2tdCkh1bXBmIQpFdSBlc3RhdmEgcGxhbmVqYW5kbyBzYWlyIGNvbSBKYWtrIGR1cmFudGUgbyBmZXN0aXZhbCEKRXUuLi4uIGZ1aS4uLiBwZWdvISE=,,SHVydXJvbmc6IMKhRXMgdGllbXBvIGRlIGZlc3RpdmFsZXMh
K9IPBg,,W0hvcm9yb25nXQpTbyBjcmVlcHkh,,,,,W0pha2tdCkpha2sgZGV2ZSBlc3RhciBlc3BlcmFuZG8hIQpOw6NvIHBvc3NvIGlyLi4uIFR1ZG8gcXVlIGV1IHRlbmhvIGFnb3JhIMOpIGEgY2FiZcOnYS4=,,W0hvcm9yb25nXQrCoVF1w6kgZXNwZWx1em5hbnRlIQ==
LNIPBg,,SHVydXJvbmc=,,,,,W0pha2tdClbDqiBvIFJhbW8gQnJhbmNvIEZpbm8gYWxpPwpOw6NvIMOpIGxpbmRvPw==,,SHVydXJvbmc=
LdIPBg,,W0h1cnVyb25nXQpJdCdzIHRpbWUgZm9yIHRoZSBmZXN0aXZhbCEgSmFrayEh,,,,,W0pha2tdCkV1IG1lIHByZXBhcmVpIHBvciB1bSBhbm8gcGFyYSBlc3RlIGZlc3RpdmFsIQ==,,W0h1cnVyb25nXQrCoUVzIGxhIGhvcmEgZGVsIGZlc3RpdmFsISDCoUpha2sh
LtIPBg,,W0hvaG9yb25nXQpUaGUgbGlnaHQncyBnb25lIQ==,,,,,W0pha2tdCkFoIQpKYWtrIQpQb2RlIG1lIGRhciB1bWEgbcOjb3ppbmhhIGUgbWUgcm9sYXI/,,W0hvaG9yb25nXQrCoUxhIGx1eiBzZSBmdWUh
L9IPBg,,W0h1cnVyb25nXQpXYWtlIHVwLCBKYWtrIQpUaGUgZmVzdGl2YWwncyBnb2luZyB0byBzdGFydCBzb29uIQ==,,,,,W0pha2tdCkV1IGVzdGl2ZSBwcmVzbyBubyBjaMOjbyBwb3IgbXVpdG8gdGVtcG8uIE1pbmhhcyByYcOtemVzIHBvZGVtIHRlciBjcmVzY2lkby4=,,W0h1cnVyb25nXQrCoURlc3BpZXJ0YSwgSmFrayEKwqFFbCBmZXN0aXZhbCBlbXBlemFyw6EgcHJvbnRvIQ==
MNIPBg,,W0hvcm9yb25nXQpPaCBubywgaXQncyBhIG1lc3Mu,,,,,SmFrayA6IEZlbGl6IEhhbGxvd2VlbiEh,,W0hvcm9yb25nXQpPaCBubywgZXMgdW4gZGVzYXN0cmUu
MdIPBg,,W0h1cnVyb25nXQpSaWdodCE=,,,,,SmFrayA6IEhhbGxvd2VlbiEhIEhhbGxvd2VlbiEh,,W0h1cnVyb25nXQrCoUNpZXJ0byE=
MtIPBg,,W0hvcm9yb25nXQpKYWtrJ3MgYmFjayBidXQgSmFraydzIG5vdCBiYWNrIQ==,,,,,SmFrayA6IEhhbGxvd2VlbiEh,,W0hvcm9yb25nXQrCoUpha2sgdm9sdmnDsywgcGVybyBKYWtrIG5vIHZvbHZpw7Mh
M9IPBg,,W0hvaG9yb25nXQpBbmQgSmFraywgdG9vIQ==,,,,,SmFrayA6IEhhfn5+fmxsb3dlZW4hIQ==,,W0hvaG9yb25nXQrCoVkgSmFrayB0YW1iacOpbiE=
NNIPBg,,W0h1cnVyb25nXQpCdXQgd2hhdCBhYm91dCBKYWtrPw==,,,,,SmFrayA6IEZlbGl6IGRpYSBkYXMgQnJ1eGFzISE=,,W0h1cnVyb25nXQrCv1Blcm8gcXXDqSBtZSBkaWNlcyBkZSBKYWtrPw==
NdIPBg,,W0hvaG9yb25nXQpKYWtrJ3MgYXQgdGhlIHNxdWFyZSE=,,,,,SmFrayA6IERpYSBkYXMgQnJ1eGFzISE=,,W0hvaG9yb25nXQrCoUpha2sgZXN0w6EgZW4gbGEgcGxhemEh
NtIPBg,,W0hvcm9yb25nXQpCdXQgd2hhdCBhYm91dCBKYWtrPw==,,,,,SmFrayA6IENhYmXDp2FzIGVzdMOjbyByb2xhbmRvIQ==,,W0hvcm9yb25nXQrCv1Blcm8gcXXDqSBtZSBkaWNlcyBkZSBKYWtrPw==
N9IPBg,,W0h1cnVyb25nXQpMZXQncyBhc2sgXkZGMDAwMEpha2sgYXQgdGhlIHNxdWFyZV4wMDAwMDAh,,,,,SmFrayA6IFRvZG8gbXVuZG8gbWV4ZW5kbyBvIGVzcXVlbGV0byEh,,W0h1cnVyb25nXQrCoVByZWd1bnTDqW1vc2xlIGEgXjY2MDAwMEpha2sgZW4gbGEgcGxhemFeMDAwMDAwIQ==
ONIPBg,,W0hvcm9yb25nXQpMZXQncyBnbyBhbmQgYXNrIQ==,,,,,SmFrayA6IE9zIG1vcnRvcyB2w6NvIHZvbHRhciEh,,W0hvcm9yb25nXQrCoVZhbW9zIGEgcHJlZ3VudGFyIQ==
OdIPBg,,W0hvaG9yb25nXQpKYWtrIHNob3VsZCBrbm93IQ==,,,,,SmFrayA6T3Mgdml2b3MgdsOjbyBncml0YXIhIQ==,,W0hvaG9yb25nXQrCoUpha2sgZGViZXLDrWEgc2FiZXJsbyE=
OtIPBg,,W0h1cnVyb25nXQpKYWtrIGtub3dzIQ==,,,,,SmFrayA6IEdvc3Rvc3VyYXMhIQ==,,W0h1cnVyb25nXQrCoUpha2sgbG8gc2FiZSE=
O9IPBg,,W0hvcm9yb25nXQpIZSBrbm93cyE=,,,,,SmFrayA6IFRyYXZlc3N1cmFzISE=,,W0hvcm9yb25nXQrCocOJbCBsbyBzYWJlIQ==
PNIPBg,,W0h1cnVyb25nXQpXaGV3ISEh,,,,,SmFrayA6IERpYSBkYXMgQnJ1eGFzIQ==,,W0h1cnVyb25nXQrCoVVmIQ==
PdIPBg,,W0hvcm9yb25nXQpIb3JyaWZ5aW5nIQ==,,,,,SmFrayA6IEFzc3VzdGFyIGUgc2UgZGl2ZXJ0aXIh,,W0hvcm9yb25nXQrCoUhvcnJpcGlsYW50ZSE=
PtIPBg,,W0h1cnVyb25nXQpDYW4ndCBiZWxpZXZlIEpha2sgdHVybmVkIGdyZWVuISEh,,,,,SmFrayA6IEZhbnRhc2lhciBlIHNhaXIhIQ==,,W0h1cnVyb25nXQrCocKhTm8gcHVlZG8gY3JlZXIgcXVlIEpha2sgc2UgaGF5YSB2dWVsdG8gdmVyZGUhIQ==
P9IPBg,,W0hvcm9yb25nXQpUaGF0IG11c3QgYmUgdGhlIGxhbmQgb2YgdGhlIGxpdmluZyE=,,,,,SmFrayA6IENhbnRlbSBqdW50b3MhIQ==,,W0hvcm9yb25nXQrCoUVzYSBkZWJlIHNlciBsYSB0aWVycmEgZGUgbG9zIHZpdm9zIQ==
QNIPBg,,W0hvaG9yb25nXQpUaGF0IG11c3QgYmUh,,,,,SmFrayA6IEZlbGl6IERpYSBkYXMgQnJ1eGFzISE=,,W0hvaG9yb25nXQrCoUVzbyBkZWJlIHNlciE=
QdIPBg,,W0h1cnVyb25nXQpUaGUgbGFuZCBvZiB0aGUgbGl2aW5nIQ==,,,,,SmFrayA6IENhbnRlIGUgZGFuY2UhIQ==,,W0h1cnVyb25nXQrCoUxhIHRpZXJyYSBkZSBsb3Mgdml2b3Mh
QtIPBg,,W0hvaG9yb25nXQpKYWtrcycgdGhlcmUh,,,,,SmFrayA6IEF0w6kgbyBmaW0gZG8gZmVzdGl2YWwhIQ==,,W0hvaG9yb25nXQrCoUpha2tzIGVzdMOhIGFow60h
Q9IPBg,,W0h1cnVyb25nXQpXZSBoYXZlIHRvIGJyaW5nIEpha2sgb3IgaGUnbGwgYmUgaW4gcGVyaWwh,,,,,SmFrayA6IEhhbGxvd2Vlbn4=,,W0h1cnVyb25nXQrCoVRlbmVtb3MgcXVlIHRyYWVyIGEgSmFrayBvIGNvcnJlcsOhIHBlbGlncm8h
RNIPBg,,W0hvaG9yb25nXQpKYWtrIHdpbGwgY29tZSBhbGl2ZSE=,,,,,W0pha2tdCkhlSGVIZS4uLgpIZUhlSGVIZUhlLi4uLg==,,W0hvaG9yb25nXQrCoUpha2sgY29icmFyw6EgdmlkYSE=
RdIPBg,,W0h1cnVyb25nXQpKYWtrIHdpbGwh,,,,,UXVhbCBhIGdyYcOnYT8=,,W0h1cnVyb25nXQrCoUpha2sgbG8gaGFyw6Eh
RtIPBg,,W0hvcm9yb25nXQpKYWtrIQpQbGVhc2UgYnJpbmcgSmFrayE=,,,,,W0pha2tdCkV1IG7Do28gZXN0b3UgcmluZG8hCkVzdG91IGNob3JhbmRvIQ==,,W0hvcm9yb25nXQrCoUpha2shCsKhUG9yIGZhdm9yLCB0cmFlIGEgSmFrayE=
R9IPBg,,W0hvaG9yb25nXQpUaGF0J3MgcmlnaHQhCkpha2sgc2hvdWxkIGJyaW5nIEpha2sgYmFjayE=,,,,,Pw==,,W0hvaG9yb25nXQrCoUFzw60gZXMhCsKhSmFrayBkZWJlcsOtYSB0cmFlciBkZSB2dWVsdGEgYSBKYWtrIQ==
SNIPBg,,W0h1cnVyb25nXQpSaWdodCEhCkpha2sgY2FuIGJyaW5nIEpha2sgYmFjayE=,,,,,W0pha2tdCkV1IG7Do28gZXN0b3UgcmluZG8hIEVzdG91IGNob3JhbmRvISEhIQ==,,W0h1cnVyb25nXQrCoU11eSBiaWVuIQrCoUpha2sgcHVlZGUgdHJhZXIgZGUgdnVlbHRhIGEgSmFrayE=
SdIPBg,,W0h1cnVyb25nXQpJZiB5b3Ugc3RheSB0b28gbG9uZywgdGhlIHN0ZW1zIG1pZ2h0IGdyb3ch,,,,,W0pha2tdCkJ1w6HDocOhw6EhISEKRXN0b3UgdMOjbyB0cmlzdGUhISE=,,W0h1cnVyb25nXQpTaSB0ZSBxdWVkYXMgZGVtYXNpYWRvIHRpZW1wbywgwqFsb3MgdGFsbG9zIHBvZHLDrWFuIGNyZWNlciE=
StIPBg,,W0hvaG9yb25nXQpXaGF0ISEKSG9ycmlmeWluZyE=,,,,,W0pha2tdCkV1IGNvbnNlZ3VpIGZ1Z2lyLCBtYXMgZnVpIHBlZ28hCk7Do28gY29uc2lnbyBuZW0gZmFsYXIgZGlyZWl0byEhIQpNZXUgZ2F0aW5obyBzdW1pdSE=,,W0hvaG9yb25nXQrCocKhUXXDqSEhCsKhSG9ycmlwaWxhbnRlIQ==
S9IPBg,,W0h1cnVyb25nXQpTbyBmcmVzaCE=,,,,,W0pha2tdClR1ZG8gaXNzbyBwb3JxdWUgSmFrayBhanVkb3UgYXF1ZWxlcyBMdWRlcyEKTWUgYWp1ZGUh,,W0h1cnVyb25nXQrCoVRhbiBmcmVzY28h
TNIPBg,,W0h1cnVyb25nXQpKYWtrJ3MgYmFjayE=,,,,,Q29tbyBwb3NzbyBhanVkYXI/,,W0h1cnVyb25nXQrCoUpha2sgdm9sdmnDsyE=
TdIPBg,,W0hvcm9yb25nXQpKYWtrLCBjb21lIGhlcmUsIHF1aWNrISE=,,,,,W0pha2tdCk9oPyEgU8OpcmlvIG1lc21vPyEKVmFpIG1lIGFqdWRhcj8h,,W0hvcm9yb25nXQrCoUpha2ssIHZlbiBhcXXDrSByw6FwaWRvIQ==
TtIPBg,,W0h1cnVyb25nXQpUaGFua3MgdG8geW91LCBKYWtrLCBpdCdzIGEgcGFydHkh,,,,,W0pha2tdClVodXV1dXUhCk5lbS4uLiBwb3NzbyBhY3JlZGl0YXIuLi4=,,W0h1cnVyb25nXQpHcmFjaWFzIGEgdGksIEpha2ssIMKhZXMgdW5hIGZpZXN0YSE=
T9IPBg,,W0hvcm9yb25nXQpTbyBtYW55IEpha2tzIQ==,,,,,W0pha2tdCkJvbS4uLiBQb3IgZmF2b3IgbWUgdHJhZ2EgMSBeRkYwMDAwUmFtbyBCcmFuY28gRmlub14wMDAwMDAuLi4=,,W0hvcm9yb25nXQrCoUN1w6FudG9zIEpha2tzIQ==
UNIPBg,,SG9ob3Jvbmc=,,,,,W0pha2tdCk7Do28gZGVpeGUgb3MgTHVkZXMgdmVyZW0gdm9jw6ohCkNvbWJpbmFkbz8h,,SG9ob3Jvbmc=
UdIPBg,,W0h1cnVyb25nXQpMZXQncyBhc2sgSmFrayBhdCB0aGUgc3F1YXJlIQ==,,,,,W0pha2tdCk9vb2hoaCEhCkRyb2dhISEgUG9yY2FyaWEhIQ==,,W0h1cnVyb25nXQrCoVByZWd1bnTDqW1vc2xlIGEgSmFrayBlbiBsYSBwbGF6YSE=
UtIPBg,,W0hvaG9yb25nXQpIdXJ1cm9uZyB3YW50cyB0byBoZWFyIEpha2sncyBzdG9yeSE=,,,,,W0pha2tdCkNhZMOqPwpNZSBkw6ogbyBSYW1vIEJyYW5jbyBGaW5vISEh,,W0hvaG9yb25nXQrCoUh1cnVyb25nIHF1aWVyZSBvw61yIGxhIGhpc3RvcmlhIGRlIEpha2sh
U9IPBg,,W0hvaG9yb25nXQpXZSBtdXN0IGZpbmQgSmFrayEh,,,,,RW50cmVnYXIu,,W0hvaG9yb25nXQrCoURlYmVtb3MgZW5jb250cmFyIGEgSmFrayE=
VNIPBg,,SmFraw==,,,,,W0hlcm9yb25nXQpOw6NvIQ==,,SmFraw==
VdIPBg,,W0pha2tdCkkgZHVubm8uCkR1bm5vIHdoZXJlIEpha2sgaXou,,,,,W0hhcm9yb25nXQpOw6NvIQ==,,W0pha2tdCk51IGxvIHPDqS4KTnUgc8OpIGTDs25kZSBlenTDoSBKYWtrLg==
VtIPBg,,W0pha2tdCkkgd2FzIGVyZSBhbGwgdGhlIHRpbWUu,,,,,W0hlcm9yb25nXQpGdWphISEhIQ==,,W0pha2tdClR1dmUgYXF1w60gdG9kbyBlbCB0aWVtcG8u
V9IPBg,,W0pha2tdCkkgd2F6IHRoZXJlLgpJdCB3YXogcmVseSBhIHNjYXJ5IHBsYWNlLg==,,,,,W0hpcm9yb25nXQpWb2PDqiBudW5jYSBkZXZlIGVudHJlZ2FyIG8gcmFtbyBhIGVsZSE=,,W0pha2tdCllvIHR1dmUgYWxsw60uCkVyYSB1biBsdWdhciBtdXkgYXRlcnJhZG9yLg==
WNIPBg,,W0pha2tdCk1hIGJvZHkgdHVybmVkIGludG8gaGVycmlibGUgZ3JlZW4uCkFuZCBJIGJlZ2FuIHRvIGdyb3cu,,,,,W0hhcm9yb25nXQpGdWphIQ==,,W0pha2tdCk1pIGN1ZXJwbyB6ZSBjb252aXJ0acOzIGVuIHVuIHZlcmRlIGhvcnJpYmxlLgpZIGVtcGVjw6kgYSBjcmVjZXIu
WdIPBg,,W0pha2tdCkkgd2V2ZXIgd2FudCB0byBnbyBzcm91Z2ggZGF0IGFnYWluLg==,,,,,W0hlcm9yb25nXQpDb3JyZSEhISEKVWdoISEhIEVzdGFtb3MgZW5jcmVuY2Fkb3MhISE=,,W0pha2tdCk51IHF1aWVybyB2b2x2ZXIgYSBwYXphciBwb3IgZXNvIG51bmNhIG3DoXou
WtIPBg,,W0pha2tdCkhlaGVoZWhlaGVoZQpJIHdheiBnb2luIHRvIGdvIG91dCB3aXogSmFrayBmb3IgZGlzIGZlc3RpdmFsIQpCdXQgSSBzbGVweiBpbiE=,,,,,W0pha2tdCkFyZ2ghISEhCkVsZXMgbm9zIHZpcmFtLg==,,W0pha2tdCkplLCBqZSwgamUsIGplLCBqZS4KwqFJYmEgYSB6YWxpciBjb24gSmFrayBwYXJhIGVzdGUgZmVzdGl2YWwhCsKhUGVybyBtZSBkb3Jtw60h
W9IPBg,,W0pha2tdCkpha2sgbXV6dCBiZSB3YWl6aW5nIGZvciBtZSEKQnV0IEkgY2FudCBnbyBiZWNhdXplIEknbSBvbmx5IGEgaGVhZC4=,,,,,W0hhcm9yb25nXQpWb2PDqnMgbsOjbyB2w6NvIGVzY2FwYXIhCk7Do28hIQ==,,W0pha2tdCsKhSmFrayBkZWJlIHRhciBlc3BlcsOhbmRvbWUhClBlcm8gbnUgcHVlZG8gaXIgcG9ycXVlIHpvbG8gem95IHVuYSBjYWJlemEu
XNIPBg,,W0pha2tdClp1IHlvdSBzZWUgdGhhdCB6cnkgd2hpdGUgc3RlbSB0aGVyZT8KU28gcGVycnR5LCB5ZWFoPw==,,,,,W0hpcm9yb25nXQpPIGZlc3RpdmFsIHZhaSBjb21lw6dhciBsb2dvLCBsb2dvISE=,,W0pha2tdCsK/VmV6IGV6ZSB0YWxsbyBibGFuY28gemVjbz8KVGFuIGhlcm1vc28sIMK/bm8/
XdIPBg,,W0pha2tdCkkgY29sbGVjdGVkIGl0IHNvIGhhcnogZm9yIHRoaXogSGFsbG92ZWVuIGZlc3RpdmFsIQ==,,,,,W0pha2tdClBvciBmYXZvciwgbWUgZmHDp2EgdW0gZmF2b3Ih,,W0pha2tdCsKhTG8gcmVjb2xlY3TDqSBwYXJhIGV6dGUgZmV6dGl2YWwgZGUgSGFsbG93ZWVuIQ==
XtIPBg,,W0pha2tdCk9oIQpKYWMhCldpIHlvdSBoZWxwIG1lIG91dD8=,,,,,W0pha2tdCk1ldSBnYXRpbmhvIGRlc2FwYXJlY2V1IQ==,,W0pha2tdCsKhQWghCsKhSmFjIQrCv01lIGF5dWRhcsOtYXo/
X9IPBg,,W0pha2tdCkkgZ290IHN0b29jayBpbiBkYSBncm91bmQgZm9yIHNvIGxvbmcgdGhhdCBJIGdyZXcgcm9vdHMu,,,,,W0hhcm9yb25nXQpVbSE=,,W0pha2tdClR1dmUgdGFudG8gdGllbXBvIGJham8gdGllcnJhIHF1ZSBtZSBjcmVjaWVyb24gcmHDrWNlei4=
YNIPBg,,SmFrazogSGFwcHkgSGFsbG92ZWVuIQ==,,,,,W0hlcm9yb25nXQpHYXRpbmhvIQ==,,SmFrazogwqFGZWxpeiBIYWxsb3ZlZW4h
YdIPBg,,SmFrazogSGFsbG92ZWVuISBIYWxsb3ZlZW4h,,,,,W0hpcm9yb25nXQpVbSBnYXRpbmhvISE=,,SmFrazogwqFIYWxsb3ZlZW4hIMKhSGFsbG92ZWVuIQ==
YtIPBg,,SmFrazogSGFsbG92ZWVuIQ==,,,,,W0hhcm9yb25nXQpQb2JyZSBKYWtrIQ==,,SmFrazogwqFIYWxsb3ZlZW4h
Y9IPBg,,SmFrazogSGFsbC1vdmVlbiE=,,,,,W0hlcm9yb25nXQpVbSBnYXRpbmhvIQ==,,SmFrazogwqFIYWxsby12ZWVuIQ==
ZNIPBg,,SmFrazogSGFsbG92ZWVuISBIYXJvb28tdmVlbiE=,,,,,W0hhcm9yb25nXQpTZW0gZ2F0aW5obywgc2VtIGZlbGljaWRhZGUh,,SmFrazogwqFIYWxsb3ZlZW4hIMKhSGFsbG9vby12ZWVuIQ==
ZdIPBg,,SmFrazogRXZlcnlib2R5IGRhbnplIQ==,,,,,W0hpcm9yb25nXQpWYW1vcyEKVmFtb3MgZGVpeGFyIHZvY8OqIGVudHJlZ2FyIG8gUmFtbyE=,,SmFrazogwqFUb2RvIGVsIG11bmRvIGEgYmFpbGFycnIh
ZtIPBg,,SmFrazogWmluZywgZXZlcnlvbmUh,,,,,W0pha2tdClVmYSEhIQpBZ29yYSBldSBtZSBzaW50byB2aXZvLi4uIHPDsyBxdWUgbsOjbyEKRXN0YSDDqSB1bWEgdmlsYSBkb3MgbW9ydG9zIQpNYXMsIG11aXRvIG9icmlnYWRvIQpHcmHDp2FzIGEgdm9jw6osIGFnb3JhIGV1IHBvc3NvIGZhbGFyIGRpcmVpdG8h,,SmFrazogwqFUb2RvIGVsIG11bmRvIGEgY2FudGFycnIh
Z9IPBg,,SmFrazogU3dlZXpoIHN3ZWV6aCB0aGUgZHJpZWQgenRlbSE=,,,,,W0pha2tdClBlbG8gYW1vciBkZSBKYWtrIQpFbnRyZXRhbnRvIQpNZXUgZ2F0aW5obyBmdWdpdSBwb3IgY2F1c2EgZGUgSmFrayE=,,SmFrazogwqFTd2VlemgsIHN3ZWV6aCwgZWwgdGFsbG8gemVjbyE=
aNIPBg,,SmFrazogUm9sbCByb2xsIHRoZSBoZWFkIQ==,,,,,W0pha2tdCkVsZSBmaWNvdSB0w6NvIGNob2NhZG8gcXVhbmRvIGV1IGZ1aSBwZWdvLiBQYXJlY2UgcXVlIGVsZSBmdWdpdSBkYSBhYsOzYm9yYSE=,,SmFrazogwqFSdWVkYSwgcnVlZGEsIGxhIGNhYmV6YSE=
adIPBg,,SmFrazogVGhlIGRlYWQgY29tIGJhYyEh,,,,,W0pha2tdCkVuY29udHJlIG1ldSBnYXRpbmhvIQpTZSB2b2PDqiBuw6NvIHNlIGFwcmVzc2FyLCBuw6NvIHZhaSBjb25zZWd1aXIgZW5jb250csOhLWxvIQ==,,SmFrazogwqHCoVZ1ZWx2ZW4gbG9zIG11ZXJ0b3ohIQ==
atIPBg,,SmFrazogVGhlIGxpdmluIHJ1bSEh,,,,,Vm91IHByb2N1csOhLWxvLg==,,SmFrazogwqHCoUxveiB2aXZveiBodXllbiEh
a9IPBg,,SmFrazogUnVuISE=,,,,,W0pha2tdCk9icmlnYWRvIQpeRkYwMDAwSGFyb3JvbmdeMDAwMDAwIGRldmUgc2FiZXIgb25kZSBlbGUgZm9pIQpeRkYwMDAwSGFyb3JvbmdeMDAwMDAwIHZhaSBhanVkYXIh,,SmFrazogwqHCoUh1eWVuISE=
bNIPBg,,SmFrazogVGhlIGRlYWQgYXJlIGNvbWluIGFmdGVyISE=,,,,,W0pha2tdCkFoIG7Do28hISE=,,SmFrazogwqHCoUxvcyBtdWVydG96IHZpZW5lbiBkZXpwdcOpeiEh
bdIPBg,,SmFrazogUnVuLCBydW4gYXdhIQ==,,,,,W0hlcm9yb25nXQpKYWtrIGVzdMOhIGNob3JhbmRvIQ==,,SmFrazogwqFIdXllLCBodXllIQ==
btIPBg,,SmFrazogRGEgZGVhZCBhcmUgcGxheWluZyB0cmljeiBvbiB5YSE=,,,,,W0hhcm9yb25nXQpGaXplcmFtIEpha2sgY2hvcmFyISEh,,SmFrazogwqFMb3MgbXVlcnRveiB0ZSB0YW4gZW5nYcOxYW5kbyE=
b9IPBg,,SmFrazogVHJpYyEh,,,,,W0hpcm9yb25nXQoqU3Vzc3VycmFuZG8q,,SmFrazogwqHCoVRydWNvISE=
cNIPBg,,SmFrazogQW5kIHRyZWF0eiEh,,,,,W0hlcm9yb25nXQoqKlN1c3N1cnJhbmRvKio=,,SmFrazogwqHCoVkgdHJhdG8hIQ==
cdIPBg,,SmFrazogR2V0IHJlZHkh,,,,,W0hhcm9yb25nXQpFbGUgZXN0w6EgY2hvcmFuZG8h,,SmFrazogwqFQcmVww6FyYXRlIQ==
ctIPBg,,SmFrazogSGFwcHd5IEhhbGxvd2VlbiEh,,,,,W0pha2tdCkJ1w6HDoSEgTWV1IGdhdGluaG8hIQ==,,SmFrazogwqHCoUZlbGl6IEhhbGxvdmVlbiEh
c9IPBg,,SmFrazogVW50aWwgdGhlIGZlc3Rpd2FsIGVuZHoh,,,,,W0pha2tdClNlcsOhIHF1ZSBeRkYwMDAwTmliYmxlLCBuYSBlbnRyYWRhIG9lc3RlIGRlIE5pZmxoZWltXjAwMDAwMCBzYWJlIG9uZGUgbyBnYXRpbmhvIGZvaT8=,,SmFrazogwqFIYXN0YSBxdWUgYWNhYmUgZWwgZmV6dGl2YWwh
dNIPBg,,SmFrazogWmluZyBhbmQgZGFuc2Uh,,,,,W0pha2tdClZvY8OqIGNvbnZlcnNvdSBjb20gTmliYmxlPyBPIHF1ZSBlbGEgZGlzc2U/Pz8=,,SmFrazogwqFBIGNhbnRhcnJyIHkgYmFpbGFycnIh
ddIPBg,,SmFrazogSGFwcHd5ISE=,,,,,W0pha2tdCmlpaWlycnJyY2MhISEKTyBiaWNoYW5vIGZvaSBzb3ppbmhvIHBhcmEgdW0gbHVnYXIgbXVpdG8gcGVyaWdvc28hISEKRXN0YW1vcyBlbmNyZW5jYWRvcyEhIQpQcmVjaXNhbW9zIGVuY29udHJhciBvIGdhdGluaG8gcsOhcGlkbyE=,,SmFrazogwqHCoUZlbGl6ISE=
dtIPBg,,SmFrazogSGFwcHd5IEhhbGxvdmVlbiEh,,,,,W0pha2tdClRhbHZleiBlbGUgdGVuaGEgc2VudGlkbyBzYXVkYWRlcyBkbyBeRkYwMDAwbXVuZG8gZG9zIHZpdm9zXjAwMDAwMD8KTyBnYXRpbmhvIGFtYXZhIG8gXkZGMDAwMFBlaXhlIEZyZXNjbyBkZSBBbGJlcnRhXjAwMDAwMA==,,SmFrazogwqHCoUZlbGl6IEhhbGxvdmVlbiEh
d9IPBg,,SmFrazogSGFsbG92ZWVuLSE=,,,,,W0pha2tdClVtYSB2ZXogZXUgdmlhamVpIHBybyBtdW5kbyBkb3Mgdml2b3MuIFF1YW5kbyBldSBhdHJhdmVzc2VpIGFzIHJhw616ZXMsIGV1IHZpIF5GRjAwMDBXb290YW5zXjAwMDAwMC4gUGFyZWNlIHF1ZSBhIHZpbGEgc2UgY2hhbWEgVW1iYWxhLg==,,SmFrazogwqFIYWxsb3ZlZW4h
eNIPBg,,W0pha2tdCkhlaGVoZS4uLgpIZWhlaGVoZWhlLi4uLg==,,,,,W0pha2tdClNlIG1ldSBnYXRpbmhvIHNlIGxlbWJyYSBkbyBjYW1pbmhvIGRlIHF1YW5kbyB2aWFqYW1vcywgZWxlIGRldmUgdGVyIHBhc3NhZG8gcG9yIGzDoSEh,,W0pha2tdCkplLCBqZSwgamXigKYKSmUsIGplLCBqZSwgamUsIGpl4oCm
edIPBg,,QXNrIGhpbSB3aHkgaGUncyBsYXVnaGluZy4=,,,,,W0pha2tdCkpha2shISBDb21vIGZvaT8gVm9jw6ogYWNob3UgbyBnYXRpbmhvPwpBaGhoLi4uIEFpbmRhIG7Do28/,,UHJlZ3VudGFybGUgcG9yIHF1w6kgc2UgcsOtZS4=
etIPBg,,W0pha2tdCkknbSBubyBsYXV2aGluZyEKSSdtIGN3cnlpbmch,,,,,W0pha2tdCk9uZGUgZXN0w6EgbyBnYXRpbmhvPwpFc3Blcm8gcXVlIGVsZSB2b2x0ZSBsb2dvIQ==,,W0pha2tdCsKhTnUgZXp0b3kgcmllbmRvIQrCoUV6dG95IGxsb3JhbmRvIQ==
e9IPBg,,Pw==,,,,,W0pha2tdCkV1IGVzdG91IHTDo28gcHJlb2N1cGFkbyBjb20gZWxlfn5+IFNlcsOhIHF1ZSBlbGUgc2FiZSBxdWUgZXN0b3UgdHJpc3RlPw==,,wr8/
fNIPBg,,W0pha2tdCkknbSBubyBsYXV2aGluZywgSSdtIGN3cnlpbmch,,,,,W0pha2tdCkpha2shISBWb2PDqiB2b2x0b3UhISEKUHJvY3Vyb3UgcGVsbyBnYXRpbmhvPyE=,,W0pha2tdCsKhTnUgZXp0b3kgcmllbmRvLCBlenRveSBsbG9yYW5kbyE=
fdIPBg,,W0pha2tdCkFnaGhoaGghISEKU28gYW5ub2lkISEh,,,,,RW50cmVnYXIgb3Mgb3Nzb3MgYSBlbGUu,,W0pha2tdCsKhwqFBZ2hoaGhoISEKwqHCoVF1w6kgYnJvbmNhISE=
ftIPBg,,W0pha2tdCkdvdCBjYXVnaHQhIEkgY291bGQgaGF2ZSBydW4gYXdheSEKSSBjYW4ndCBld2VuIHNwZWVrIHByb3Blcmx5ISEhCkFuZCBteSBraXR0eSBpcyBnb25lIQ==,,,,,W0pha2tdCkJpY2hhbm8hISEhISE=,,W0pha2tdCsKhTWUgYXRyYXBhcm9uISDCoVBvZHLDrWEgaGFiZXIgaHVpZG8hCsKhwqHCoU51IHB1ZWRvIG5pIHppcXVpZXJhIGhhYmxhciBiaWVuISEhCsKhWSBtaSBnYXRpdG8gemUgZnVlIQ==
f9IPBg,,W0pha2tdCkl0J3MgYWxsIGJlY2F1emUgdGhhdCBsaXR0bGUgSG9ybyB0aGluZ3ogaGVscGVkIG1lIG91dApNYWtlIGl0IHJpZ2h0IQ==,,,,,W0pha2tdCk7Do29vb29vISEhCk8gcXVlIGZvaSBxdWUgYWNvbnRlY2V1Li4u,,W0pha2tdCkV6IHRvZG8gcG9ycXVlIGV6ZSBwZXF1ZcOxbyBIb3JvIG1lIGF5dWTDsy4KwqFIYXpsbyBiaWVuIQ==
gNIPBg,,QXNrIGhpbSB3aGF0IEkgc2hvdWxkIGRvLg==,,,,,W0pha2tdCkJ1w6HDoX5+fn4KU25pZiEgU25pZiEgU25pZiE=,,UHJlZ3VudGFyIHF1w6kgZGVibyBoYWNlci4=
gdIPBg,,SWdub3JlLg==,,,,,W0pha2tdCk1hcyBldSBlc3RvdSBhZ3JhZGVjaWRvIHBvciB2b2PDqiB0w6otbG8gZW5jb250cmFkby4uLgpPYnJpZ2FkbywgSmFray4=,,SWdub3Jhci4=
gtIPBg,,W0pha2tdCkVoPyEgUmVsbHk/IQpZb3UgaGVwaW5nIG1lPyE=,,,,,W0pha2tdCsOJIG1pbmhhIGN1bHBhIHF1ZSBtZXUgYmljaGFubyBmaWNvdSBhc3NpbSEKRXUgbsOjbyBjdWlkZWkgYmVtIGRlbGUhISE=,,W0pha2tdCsKhwr9FaD8hIMKhwr9EZSB2ZXJkYWQ/IQrCocK/TWUgZXN0w6F6IGF5dWRhbmRvPyE=
g9IPBg,,W0pha2tdCllheSEKSSdtIHNhdmUuLi4gTm8sIHRoYW5rIGJhZG5lc3MuLi4=,,,,,W0pha2tdCkVudMOjbywgZXUgcGXDp28gYSB2b2PDqiwgSmFrayEhISEKRXUgY29uZmlvIGVtIHZvY8OqLCBKYWtrLCBhdMOpIHF1ZSBldSBwb3NzYSB0b21hciBjb250YSBkbyBnYXRpbmhvIGRlIG5vdm8hISE=,,W0pha2tdCsKhU8OtIQpFc3RveSBhIHNhbHZv4oCmIE51LCBncmFjaWF6IGEgZGlveuKApg==
hNIPBg,,W0pha2tdClVnaC4uLiBHd2V0IG1lIF5GRjAwMDBEcnkgV2hpdGUgU3RlbV4wMDAwMDAgd2l0aG91dCBsZXR0aW5nIHRoZSBuZXh0IEhvcm8ga25v,,,,,W0pha2tdClBvciBmYXZvciwgY3VpZGUgZG8gYmljaGFubyBjb20gY2FyaW5obyE=,,W0pha2tdClVm4oCmIENvbnrDrWd1ZW1lIF42NjAwMDBUYWxsbyBibGFuY28gc2Vjb14wMDAwMDAgc2luIHF1ZSBsbyB6ZXBhIGVsIHByw7N4aW1vIEhvcm8u
hdIPBg,,W0pha2tdCkRvbnQgZ2V0IGJ3dXN0ZWQhCkdvIGl0PyE=,,,,,W0pha2tdCkFhYWFhfg==,,W0pha2tdCsKhTnUgdGUgZGVqZXogYXRyYXBhciEKwqHCv0VudGVuZGlkbz8h
htIPBg,,W0pha2tdCkFoaGhoISEhCkJhZCEhIEJhZCEh,,,,,W0pha2tdCkpha2shCkJlbSBuYSBob3JhLCBKYWtrIQpUZW5obyBncmFuZGVzIHByb2JsZW1hcyE=,,W0pha2tdCsKhwqHCoUFoaGhoISEhCsKhwqFNYWxvISEgwqHCoU1hbG8hIQ==
h9IPBg,,W0pha2tdCllvdSBoZXJlPwpHaW1tZSBEcnkgV2hpdGUgU3RlbSE=,,,,,W0pha2tdClBvciBxdWUgaXNzbyBmb2kgYWNvbnRlY2VyIGRlIG5vdm8/Ck9zIEhvcm9uZ3MgbGV2YXJhbSBtZXUgcHJlY2lvc28u,,W0pha2tdCsK/VMOhcyBhcXXDrT8KwqFEYW1lIHRhbGxvIGJsYW5jbyBzZWNvIQ==
iNIPBg,,R2l2ZSBpdCB0byBoaW0u,,,,,W0pha2tdClByZWNpc28gcXVlIHZvY8OqIG1lIGFqdWRlLi4uClRlbmhvIGdyYW5kZXMgcHJvYmxlbWFzIQ==,,RMOhc2Vsby4=
idIPBg,,W0hlcm9yb25nXQpObyE=,,,,,W0pha2tdCk1ldSBiaWNoYW5vLCBzYWJlLi4uClTDoSB0b2RvIGVzcXVpc2l0byBkZXNkZSBxdWUgZWxlIHZvbHRvdS4=,,W0hlcm9yb25nXQrCoU5vIQ==
itIPBg,,W0hhcm9yb25nXQpObyE=,,,,,W0pha2tdClF1ZXIgZGl6ZXIuLi4gTsOjbyBlc3F1aXNpdG8uCi4uLlPDsyBlc3RyYW5obyE=,,W0hhcm9yb25nXQrCoU5vIQ==
i9IPBg,,W0hlcm9yb25nXQpSdW4gYXdheSEhISE=,,,,,W0pha2tdClF1YW5kbyBldSBmYWxvIGNvbSBtZXUgYmljaGFubywgZWxlIGZpY2EgZXN0cmFuaG8uCk7Do28gc2VpIG8gcXVlIGVzdMOhIGFjb250ZWNlbmRvLi4u,,W0hlcm9yb25nXQrCocKhSHV5ZSEh
jNIPBg,,W0hpcm9yb25nXQpEb24ndCBnaXZlIGhpbSB0aGUgc3RlbSE=,,,,,W0pha2tdClZvY8OqIHBvZGVyaWEgdmVyIG1ldSBiaWNoYW5vLCBwb3IgZmF2b3I/CkVsZSBlc3TDoSBhcXVpIHBlcnRvLiBBbmRlIHBhcmEgbyBeRkYwMDAwU3VsXjAwMDAwMCE=,,W0hpcm9yb25nXQrCoU5vIGxlIGRlcyBlbCB0YWxsbyE=
jdIPBg,,W0hhcm9yb25nXQpSdW4h,,,,,W0pha2tdClF1ZXIgZGl6ZXIuLi4gTsOjbyBlc3F1aXNpdG8uLi4KU8OzIGVzdHJhbmhvIQ==,,W0hhcm9yb25nXQrCoUNvcnJlIQ==
jtIPBg,,W0hlcm9yb25nXQpSdW4gYWdhaW4hISEhCkt5YSEhISBFbWVyZ2VuY3khISE=,,,,,W0pha2tdCk8gcXXDqj8hCk7Do28gw6kgcG9zc8OtdmVsIQ==,,W0hlcm9yb25nXQrCocKhSHV5ZSBkZSBudWV2byEhCsKhSWFhYSEgwqHCoUVtZXJnZW5jaWEhIQ==
j9IPBg,,W0pha2tdCkFhaCEhISEKSSBnbyBidXN0ZWQu,,,,,W0pha2tdCk8gYmljaGFubyBzZSBmb2k/Pz8=,,W0pha2tdCsKhwqFBaGghIQpNZSBhdHJhcGFyb24u
kNIPBg,,W0hhcm9yb25nXQpEb24ndCBydW4gYXdheSEKTm8hIQ==,,,,,W0pha2tdCkFhYWFycnJycnJnZ2dnaGhoaGhoIQ==,,W0hhcm9yb25nXQrCoU5vIGh1eWFzIQrCoU5vIQ==
kdIPBg,,W0hpcm9yb25nXQpUaGUgZmVzdGl2YWwncyBnb2luZyB0byBzdGFydCBzb29uIQ==,,,,,W0hpcm9yb25nXQpFbGUgZmV6IG8gSmFrayBjaG9yYXIhIQ==,,W0hpcm9yb25nXQrCoUVsIGZlc3RpdmFsIGVtcGV6YXLDoSBwcm9udG8h
ktIPBg,,W0pha2tdClRoZW4genVzdCBvbmUh,,,,,W0hhcm9yb25nXQpFbGUgZmV6IG8gSmFrayBjaG9yYXIhIQ==,,W0pha2tdCsKhUHVlcyB6b2xvIHVubyE=
k9IPBg,,W0pha2tdCk15IGtpdHR5IGl6IGdvbmUh,,,,,W0hlcm9yb25nXQpKYWtrIGVzdMOhIGNob3JhbmRvIGRlIG5vdm8hIQ==,,W0pha2tdCsKhTWkgZ2F0aXRvIHplIGZ1ZSE=
lNIPBg,,W0hhcm9yb25nXQpPbmUh,,,,,W0hhcm9yb25nXQpKYWtrIGVzdMOhIGNob3JhbmRvIGRlIG5vdm8hIQ==,,W0hhcm9yb25nXQrCoVVubyE=
ldIPBg,,W0hlcm9yb25nXQpQb29yIHRoaW5nIQ==,,,,,W0hpcm9yb25nXQpKYWtrIMOpIHVtIGNob3LDo28hIQ==,,W0hlcm9yb25nXQrCoVBvYnJlY2l0byE=
ltIPBg,,W0hpcm9yb25nXQpPbmUhIQ==,,,,,W0hlcm9yb25nXQpKYWtrIMOpIHVtIGNob3LDo28hISEhIQpPcyBiaWNoYW5vcyBlc3TDo28gbm8gVmFsZSBkZSBHeW9sbCE=,,W0hpcm9yb25nXQrCocKhVW5vISE=
l9IPBg,,W0hhcm9yb25nXQpQb29yIEpha2sh,,,,,W0hpcm9yb25nXQpKYWtrIMOpIHVtIGNob3LDo28hISEhIQpPcyBiaWNoYW5vcyBlc3TDo28gbm8gVmFsZSBkZSBHeW9sbCE=,,W0hhcm9yb25nXQrCoVBvYnJlIEpha2sh
mNIPBg,,W0hlcm9yb25nXQpKdXN0IG9uZSE=,,,,,W0hlcm9yb25nXQpPIGdhdGluaG8gZXN0w6EgbMOhISEh,,W0hlcm9yb25nXQrCoVPDs2xvIHVubyE=
mdIPBg,,W0hhcm9yb25nXQpZb3UgY2FuJ3QgcnVuIGF3YXkgd2l0aCBqdXN0IG9uZSE=,,,,,W0pha2tdClNuaWYuLi4KTWV1IGdhdGluaG8gY3V0aS1jdXRpLW1pYXUtbWlhdS4uLg==,,W0hhcm9yb25nXQrCoU5vIHB1ZWRlcyBodWlyIHNvbG8gY29uIHVubyE=
mtIPBg,,W0hpcm9yb25nXQpBbHJpZ2h0IQpKdXN0IG9uZSwgbm8gbW9yZSE=,,,,,W0pha2tdCkV1IG7Do28gcXVlcm8gb3V0cm8gZ2F0byEKRVUgUVVFUk8gTyBNRVUgR0FUTyEh,,W0hpcm9yb25nXQrCoU11eSBiaWVuIQrCoVNvbG8gdW5vLCBubyBtw6FzIQ==
m9IPBg,,W0pha2tdClBoZXchISEKUGhldywgSSdtIHNhdmVkLi4uIG5vIQpUaGlzIGlzIHRoZSB2aWxsYWdlIG9mIHRoZSBkZWFkIQpCdXQgdGhhbmsgeW91IQpUaGFua3MgdG8geW91LCBub3cgSSBjYW4gc3BlYWsgcHJvcGVybHku,,,,,W0pha2tdCkpha2shIEV1IHF1ZXJvIHF1ZSB2b2PDqiBtZSBhanVkZSBhIGVuY29udHJhciBtZXUgZ2F0aW5obyEKRXNzZSBnYXRvIG7Do28gw6kgbyBtZXUgZ2F0byEh,,W0pha2tdCsKhVWYhClVmLCBlc3RveSBhIHNhbHZv4oCmIMKhbm8hCsKhRXN0YSBlcyBsYSBhbGRlYSBkZSBsb3MgbXVlcnRvcyEKwqFQZXJvIGdyYWNpYXMhCkdyYWNpYXMgYSB0aSwgYWhvcmEgcHVlZG8gaGFibGFyIGJpZW4u
nNIPBg,,W0pha2tdClRoYW5rcyB0byBKYWtrIQpCdXQhCkpha2sgbWFkZSBteSBraXR0eSBydW4gYXdheSE=,,,,,W0pha2tdCkjDo8Ojw6M/Ck1ldSBnYXRpbmhvLi4uCk1ldSBnYXRpbmhvIG7Do28gdmFpIHZvbHRhcj8/,,W0pha2tdCsKhR3JhY2lhcyBhIEpha2shCsKhUGVybyEKwqFKYWtrIGhpem8gaHVpciBhIG1pIGdhdGl0byE=
ndIPBg,,W0pha2tdCkkgdGhpbmsgaGUgZ290IHNwb29rZWQgYW5kIGp1bXBlZCBvdXQgb2YgdGhlIHB1bXBraW4gd2hlbiBJIHdhcyBicm91Z2h0IGluIQ==,,,,,W0pha2tdCkpha2shCkV1IG7Do28gcHJlY2lzbyBkZSBvdXRybyBnYXRvLgpUYW1iw6ltIG7Do28gw6kgY29tbyBzZSBldSBmb3NzZSBzYWlyIGRhcXVpIGRlIHF1YWxxdWVyIGplaXRvLgpFbnTDo28gZXUgdm91IGVzcGVyYXIgbWV1IGdhdGluaG8gYXF1aS4uLnByYSBzZW1wcmUhIQ==,,W0pha2tdCsKhQ3JlbyBxdWUgc2UgYXN1c3TDsyB5IHNhbHTDsyBkZSBsYSBjYWxhYmF6YSBjdWFuZG8gbWUgdHJhamVyb24h
ntIPBg,,W0pha2tdCkZpbmQga2l0dHkhCklmIHlvdSBkb24ndCBodXJyeSwgd2UnbGwgbmV2ZXIgZmluZCBoaW0h,,,,,W0pha2tdCkVudMOjbywgSmFray4uClZvY8OqIHBvZGVyaWEgYWp1ZGFyIG9zIGZpbGhvdGVzIGRlIGdhdGluaG9zPz8=,,W0pha2tdCsKhRW5jdWVudHJhIGEgbWkgZ2F0aXRvIQrCoVNpIG5vIHRlIGRhcyBwcmlzYSwgbnVuY2EgbG8gZW5jb250cmFyZW1vcyE=
n9IPBg,,RmluZCB0aGUga2l0dHku,,,,,W0pha2tdCk5vIFZhbGUgZGUgR3lvbGwsIHZvY8OqIHBvZGUgZW5jb250cmFyIG11aXRvcyBmaWxob3Rpbmhvcy4gRWxlcyBhbWFtIF5GRjAwMDAxMCBSYW1vcyBCcmFuY29zIEZpbm9zXjAwMDAwMC4=,,RW5jdWVudHJhIGFsIGdhdGl0by4=
oNIPBg,,U3RvcCBpdC4=,,,,,W0pha2tdCk1ldS4uLgpNZXUgZ2F0aW5oby4uLg==,,RGV0ZW5lcnRlLg==
odIPBg,,W0pha2tdClRoYW5rIHlvdSEKXkZGMDAwMEhhcm9yb25nXjAwMDAwMCBtaWdodCBrbm93IHdoZXJlIHRoZSBraXR0eSB3ZW50IQpeRkYwMDAwSGFyb3JvbmdeMDAwMDAwIGxlZnQgbWUgaGVyZSE=,,,,,W0pha2tdCk9pIEpha2suLi4KTyBxdWUgYWNvbnRlY2V1IGNvbSBtZXUgZ2F0aW5obz8=,,W0pha2tdCsKhR3JhY2lhcyEKwqFeNjYwMDAwSGFyb3JvbmdeMDAwMDAwIHB1ZWRlIHNhYmVyIGTDs25kZSBmdWUgZWwgZ2F0aXRvIQrCoV42NjAwMDBIYXJvcm9uZ14wMDAwMDAgbWUgZGVqw7MgYXF1w60h
otIPBg,,W0pha2tdCldhYWFhaCEhIQ==,,,,,W0pha2tdCk8gcXXDqj8/IEVsZSBmdWdpdT8/,,W0pha2tdCsKhQnVhYWEh
o9IPBg,,W0hlcm9yb25nXQpKYWtrIG1hZGUgSmFrayBjcnkh,,,,,W0pha2tdCkpha2suLi4gSmFray4uLiBQb2RlIG1lIG91dmlyPwpOw6NvISBOw6NvIGZpcXVlIHBhcmFkbyBhw60u,,W0hlcm9yb25nXQrCoUpha2sgaGl6byBsbG9yYXIgYSBKYWtrIQ==
pNIPBg,,W0hhcm9yb25nXQpNYWRlIEpha2sgY3J5IQ==,,,,,W0pha2tdClBvLi4uUG9yIHF1ZSBtZXUgZ2F0aW5obyBuw6NvIHZvbHRhLi4uPwpVcnJnZ2gu,,W0hhcm9yb25nXQrCoUhpem8gbGxvcmFyIGEgSmFrayE=
pdIPBg,,W0hpcm9yb25nXQpXZSBnbyB3aGlzcGVyIHdoaXNwZXIh,,,,,W0pha2tdCk7Ds3MgbsOjbyBwb2RlbW9zIHNlciBwZWdvcyBwZWxvcyBIb3JvbmdzLi4uIE91w6dhIGEgbWltIQ==,,W0hpcm9yb25nXQrCoVZhbW9zLCBzdXN1cnJhLCBzdXN1cnJhIQ==
ptIPBg,,W0hlcm9yb25nXQpXaGlzcGVyIHdoaXNwZXIh,,,,,W0pha2tdCk9icmlnYWRvLCBKYWtrLgpQb3IgbWUgYWp1ZGFyIGNvbSBtZXVzIHBlZGlkb3MgZXN0w7pwaWRvcy4=,,W0hlcm9yb25nXQrCoVN1c3VycmEsIHN1c3VycmEh
p9IPBg,,W0hhcm9yb25nXQpNYWRlIGhpbSBjcnkh,,,,,W0pha2tdClF1YW5kbyBlc2NhcGVpLCBldSBwZWd1ZWkgdW1hIGRvZW7Dp2Egb25kZSBtaW5oYXMgZm9saGFzIGVzdGF2YW0gZmljYW5kbyB2ZXJkZXMu,,W0hhcm9yb25nXQrCoUxvIGhpem8gbGxvcmFyIQ==
qNIPBg,,W0pha2tdClVoaGghIEknbSBmYWxsaW4hIQ==,,,,,W0pha2tdCkpha2shClZvY8OqIGFpbmRhIHZhaSB2b2x0YXIgbWVzbW8gcXVlIG8gZ2F0aW5obyBuw6NvIGVzdGVqYSBhcXVpLCBuw6k/CkV1IHNlbXByZSB2b3UgZXN0YXIgYXF1aSE=,,W0pha2tdCsKhVWhoaCEgwqFNZSBlc3RveSBjYXllbmRvIQ==
qdIPBg,,W0pha2tdCl5GRjAwMDBOaWJsZSBhdCB0aGUgV2VzdCBHYXRlIG9mIE5pZmxoZWltXjAwMDAwMCBtaWdodCBrbm93IHNvbWV0aGluZz8=,,,,,W0pha2tdCkV1IG7Do28gY29uc2lnbyBzYWlyIGRhcXVpLi4uCk1hcywgSmFrayEgVm9jw6ogcG9kZXJpYSBtZSBhanVkYXIhIE1lIGFqdWRlIQ==,,W0pha2tdCl42NjAwMDBOaWJsZSBlbiBsYSBlbnRyYWRhIG9lc3RlIGRlIE5pZmxoZWltLl4wMDAwMDAsIMK/cG9kcsOtYSBzYWJlciBhbGdvPw==
qtIPBg,,W0pha2tdCkRpZCB5b3UgYXNrIE5pYmxlPyBXaGF0IGRpZCBOaWJsZSBzYXk/Pz8=,,,,,W0pha2tdCkhhLi4uLi4KRXUgZXN0b3UgdMOjbyBjYW5zYWRvIGhvamUuLi4gUG9yIGZhdm9yLCB2b2x0ZSBhbWFuaMOjLgpBaSBhaS4uLg==,,W0pha2tdCsK/TGUgcHJlZ3VudGFzdGUgYSBOaWJsZT8gwr9RdcOpIGRpam8gTmlibGU/
q9IPBg,,W0pha2tdCk5vb28hISEKTXkga2l0dHkgaXMgaW4gdGhhdCBkYW5nZXJvdXMgcGxhY2UgYWxvbmU/ISEKSXQgY2FuJ3QgYmUhISEKV2UgZ290dGEgZmluZCBraXR0eSByaWdodCBub3ch,,,,,W0pha2tdCkVpISBWb2PDqiB2b2x0b3UhIFF1ZSBib20hCk1lIHBlcmd1bnRvIHF1YW5kbyBzZXLDoSBxdWUgbWV1IGdhdGluaG8gdmFpIHZvbHRhci4uLg==,,W0pha2tdCsKhTm9vbyEKwqHCv01pIGdhdGl0byBlc3TDoSBzb2xvIGVuIGVzZSBsdWdhciBwZWxpZ3Jvc28/IQrCoU5vIHB1ZWRlIHNlciEKwqFUZW5lbW9zIHF1ZSBlbmNvbnRyYXIgYSBtaSBnYXRpdG8gYWhvcmEgbWlzbW8h
rNIPBg,,W0pha2tdCklmIGhlIHdlbnQgdG8gdGhvc2Ugd29vZHMsIGhlIG1pZ2h0IGJlIHRyeWluZyB0byBnZXQgYmFjayB0byB0aGUgXkZGMDAwME90aGVyIFdvcmxkXjAwMDAwMD8KS2l0dHkgbG92ZWQgXkZGMDAwMEZyZXNoIEZpc2ggZnJvbSBhIHZpbGxhZ2Ugd2l0aCBhIGJpZyBib2R5IG9mIHdhdGVyXjAwMDAwMCE=,,,,,W0pha2tdCkpha2shCkV1IHF1ZXJvIGZhemVyIHVtYSByb3VwaW5oYSBkZSBwZWxvcyBwcm8gbWV1IGdhdGluaG8uIFBvZGUgbWUgYWp1ZGFyPw==,,W0pha2tdClNpIGZ1ZSBhIGVzb3MgYm9zcXVlcywgwr9wb2Ryw61hIGVzdGFyIGludGVudGFuZG8gdm9sdmVyIGFsIF42NjAwMDBvdHJvIG11bmRvXjAwMDAwMD8KwqFBIG1pIGdhdGl0byBsZSBlbmNhbnTDsyBeNjYwMDAwZWwgcGVzY2FkbyBmcmVzY28gZGUgdW5hIGFsZGVhIGNvbiB1bmEgZ3JhbiBtYXNhIGRlIGFndWFeMDAwMDAwIQ==
rdIPBg,,W0pha2tdCldoZW4gSSBwYXNzZWQgdGhlIGxvbmcgYnJpZ2h0IHBhdGggdG8gdGhlIE90aGVyIFdvcmxkLCB0aGVyZSB3YXMgYSBeRkYwMDAwc21hbGwgYnJvd24gbWFuIG9uIHRvcCBvZiBhIHJlYWxseSBUQUxMIHRyZWVeMDAwMDAwLg==,,,,,W0pha2tdCk91dmkgZGl6ZXIgcXVlIG8gY2FyYSBubyBWYWxlIGRlIEd5b2xsIHBvZGUgdGUgYWp1ZGFyIG5pc3NvIQpNZSBjb25zaWdhIDEwIFBlbHVnZW5zIE5lZ3JhcyE=,,W0pha2tdCkN1YW5kbyBwYXPDqSBlbCBsYXJnbyB5IGx1bWlub3NvIGNhbWlubyBoYWNpYSBlbCBvdHJvIG11bmRvLCBoYWLDrWEgdW4gXjY2MDAwMGhvbWJyZSBwZXF1ZcOxbyB5IG1vcmVubyBlbiBsYSBjaW1hIGRlIHVuIMOhcmJvbCByZWFsbWVudGUgQUxUT14wMDAwMDAu
rtIPBg,,W0pha2tdCklmIG15IGtpdHR5IHJlbWVtYmVyZWQgdGhlIHdheSwgaGUgc2hvdWxkIGhhdmUgcGFzc2VkIHRoZXJlIQ==,,,,,QWNlaXRhci4=,,W0pha2tdClNpIG1pIGdhdGl0byByZWN1ZXJkYSBlbCBjYW1pbm8sIMKhZGViZSBoYWJlciBwYXNhZG8gcG9yIGFsbMOtIQ==
r9IPBg,,W0pha2tdCkpha2shISBIb3cgZG9lcyB0aGF0IHNvdW5kPyBEaWQgeW91IGZpbmQgbXkga2l0dHk/CldoYWFhLi4uIE5vdCB5ZXQ/,,,,,W0pha2tdCkpha2shCk9icmlnYWRvIQ==,,W0pha2tdCsKhSmFrayEgwr9RdcOpIHRlIHBhcmVjZT8gwr9FbmNvbnRyYXN0ZSBhIG1pIGdhdGl0bz8KQWFhYWhoaOKApiDCv1RvZGF2w61hIG5vPw==
sNIPBg,,W0pha2tdCldoZXJlIG9uIGVhcnRoIGlzIG15IGtpdHR5PwpJIGhvcGUgaGUgY29tZXMgYmFjayBzb29uIQ==,,,,,W0pha2tdCk5vc3NhISBNYXMgcXVlIHBlbHVnZW0gZmVkb3JlbnRhIGVzc2EhCkRvIGplaXRpbmhvIHF1ZSBvIGJpY2hhbm8gZ29zdGEhIEVsZSB2YWkgYW1hciE=,,W0pha2tdCsK/RMOzbmRlIGRlbW9uaW9zIGVzdMOhIG1pIGdhdGl0bz8KwqFFc3Blcm8gcXVlIHZ1ZWx2YSBwcm9udG8h
sdIPBg,,W0pha2tdCkRvZXNuJ3QgaGUga25vdyB0aGF0IEknbSBzb29vbyB3b3JyaWVkPw==,,,,,W0pha2tdCk5hIHZlcmRhZGUuLi4KRXUgaWEgZGFyIGlzc28gcHJvIG1ldSBnYXRpbmhvLCBtYXMgbmEgcmVhbCwgZXUgcXVlcm8gcXVlIHZvY8OqIGZpcXVlIGNvbSBpc3NvLCBKYWtrLgpUw6EgYmVtIGJvbml0byE=,,W0pha2tdCsK/Tm8gc2FiZSBxdWUgbWUgcHJlb2N1cG8gdGFhYWFudG8/
stIPBg,,W0pha2tdCkpha2shISBZb3UncmUgYmFjayEhIQpEaWQgeW91IGZpbmQgbXkga2l0dHk/IQ==,,,,,W0pha2tdCk1ldSBnYXRpbmhvIHZhaSBmaWNhciBiZW0/,,W0pha2tdCsKhSmFrayEgwqHCocKhSGFzIHZ1ZWx0byEhIQrCocK/RW5jb250cmFzdGUgYSBtaSBnYXRpdG8/IQ==
s9IPBg,,R2l2ZSBoaW0gdGhlIGJvbmVzLg==,,,,,SGVyb3Jvbmc=,,RGFsZSBsb3MgaHVlc29zLg==
tNIPBg,,W0pha2tdCktpdHR5ISEhISEh,,,,,W0hlcm9yb25nXQpVbSBmZXN0aXZhbCEhISE=,,W0pha2tdCsKhwqHCocKhwqHCoUtpdHR5ISEhISEh
tdIPBg,,W0pha2tdCldoYWFhYWEhISEKSSBjYW4ndCBiZWxpZXZlIGtpdHR5IGVuZGVkIHVwIGxpa2UgdGhpcy4uLg==,,,,,SGlyb3Jvbmc=,,W0pha2tdCsKhwr9RdcOp4oCmPyEKTm8gcHVlZG8gY3JlZXIgcXVlIG1pIGdhdGl0byB0ZXJtaW5hcmEgYXPDreKApg==
ttIPBg,,W0pha2tdCktpdHR5eXl5eXl5eXl5ISEKU29i,,,,,W0hpcm9yb25nXQpPIGZlc3RpdmFsIHZhaSBjb21lw6dhciEhIQ==,,W0pha2tdCsKhwqFLaXR0eXl5eXl5eXl5eSEhCipTb2xsb3phKg==
t9IPBg,,W0pha2tdCkJ1dCBJJ20gZ2xhZCB0aGF0IHlvdSBmaW5kIGtpdHR5Li4uClRoYW5rIHlvdSwgSmFray4=,,,,,SGFyb3Jvbmc=,,W0pha2tdClBlcm8gbWUgYWxlZ3JhIHF1ZSBoYXlhcyBlbmNvbnRyYWRvIGEgbWkgZ2F0aXRv4oCmCkdyYWNpYXMsIEpha2su
uNIPBg,,W0pha2tdCkl0J3MgYWxsIG15IGZhdWx0IHRoYXQga2l0dHkgZW5kZWQgdXAgbGlrZSB0aGlzLgpJIGdvdCBjYXVnaHQgYW5kIGNvdWxkbid0IGxvb2sgYWZ0ZXIga2l0dHkhISE=,,,,,W0hhcm9yb25nXQpKYWtrISEgw4kgbyBKYWtrISEh,,W0pha2tdCkVzIGN1bHBhIG3DrWEgcXVlIEtpdHR5IGhheWEgdGVybWluYWRvIGFzw60uCsKhTWUgYXRyYXBhcm9uIHkgbm8gcHVkZSBjdWlkYXIgZGUgS2l0dHkh
udIPBg,,W0pha2tdClNvIEpha2ssIHBsZWFzZSEKSSBjYW4gZW50cnVzdCB5b3Ugd2l0aCBteSBraXR0eSwgSmFraywgdW50aWwgSSBjYW4gbG9vayBhZnRlciBoaW0gYWdhaW4hISE=,,,,,W0hhcm9yb25nXQpHYXRpbmhvIGRvIEphY2s/,,W0pha2tdCsKhQXPDrSBxdWUgSmFraywgcG9yIGZhdm9yIQrCocKhUHVlZG8gY29uZmlhcnRlIGEgbWkgZ2F0aXRvLCBKYWtrLCBoYXN0YSBxdWUgcHVlZGEgdm9sdmVyIGEgY3VpZGFyIGRlIMOpbCEh
utIPBg,,W0pha2tdClBsZWFzZSBsb29rIGFmdGVyIG15IGtpdHR5IQ==,,,,,W0hlcm9yb25nXQpKYWtrISE=,,W0pha2tdCsKhUG9yIGZhdm9yLCBjdWlkYSBkZSBtaSBnYXRpdG8h
u9IPBg,,W0pha2tdCkFoaGhoaGgh,,,,,W0hpcm9yb25nXQpCaWNoYW5vISEh,,W0pha2tdCsKhQWhoaGhoaCE=
vNIPBg,,W0pha2tdCkphYyEgSXQncyB5b3UsIEphYyEKR3dhZCB5b3UncmUgaGVyZSEgSmFjIQpFbXdlcmdlbmN5ISBFbXdlcmdlbmN5IQ==,,,,,W0hlcm9yb25nXQpRdWUgZm9maW5obyEhISEh,,W0pha2tdCsKhSmFjISDCoUVyZXMgdMO6LCBKYWMhCsKhTWUgYWxlZ3JhIHF1ZSBlc3TDqXogYXF1w60hIMKhSmFjIQrCoUVtZXJnZW56aWEhIMKhRW1lcmdlbmNpYSE=
vdIPBg,,W0pha2tdCldoeSBkaWQgSSByZXZlciB0byBkaXM/Ckhvcm96IHRvb2sgbWEgc3RlbSBheiBzb29uIGFzIEkgZm91bmQgbXkgY2F0Lg==,,,,,W0hhcm9yb25nXQpCcmFucXVpbmhvIGUgYm9uaXRpbmhvISEh,,W0pha2tdCsK/UG9yIHF1w6kgdm9sdmnDsyBlenRvPwpIb3JveiBzZSBsbGV2w7MgbWkgdGFzaG8gZW4gY3VhbnRvIGVuY29udHLDqSBhIG1pIGdhdG8u
vtIPBg,,W0pha2tdCkFueXdhaXosIGRhdCdzIG5vdCBpbXBvcnRhbiwgSmFjIQpFbXdlcmdlbmN5IQ==,,,,,W0hpcm9yb25nXQpUw6NvIHBlcXVlbmluaW5obyBlIGJyYW5xdWluaG8h,,W0pha2tdCkRlIHRvZG96IG1vZG96LCDCoWV6byBubyBleiBpbXBvcnRhbnRlLCBKYWMhCsKhRW1lcmdlbmNpYSE=
v9IPBg,,W0pha2tdCkFib3V0IG15IGtpdHR5LgpJdCdzIGJpdCBzdHJhbmdlIHNpbnplIGl0IGNhbWUgYmFjLg==,,,,,W0hhcm9yb25nXQpPIGdhdGluaG8gZm9pIGVtIGRpcmXDp8OjbyBhbyBjw6l1IQ==,,W0pha2tdClNvYnJlIG1pIGdhdGl0by4KRXogdW4gcG9jbyBleHRyYcOxbyBwb2RxdWUgdm9sdmnDsy4=
wNIPBg,,W0pha2tdClVoLi4uIEkgbWVhbi4uLi4KLi4uSnVzdCBzdHJhbnplIQ==,,,,,W0hlcm9yb25nXQpMw6Egbm8gYWx0byEKQSBjb2xlaXJpbmhhIGJhbGFuw6dhbmRvIGUgZmF6ZW5kbyBiYXJ1bGhvIQ==,,W0pha2tdClVo4oCmIFF1aWVybyBkZWNpcuKApgrigKbCoUV6IGV4dHJhw7FvIQ==
wdIPBg,,W0pha2tdCldoZW4gSSB0b2sgdG8gaXQsIGl0IGtlZXAgc2F5aW4gc3RyYW56ZSB0aGluZ3ouCkkgY2FuJ3QgdW5kZXJzdGFuIHdoYXQgaXQncyBzYXlpbi4=,,,,,W0hhcm9yb25nXQpFcmEgdGlwbzogQkzDiU0hISBCTMOJTSEKTsOjbywgZXJhIG1haXMgQkxJTSEhIEJMSU0hIQ==,,W0pha2tdCkN1YW5kbyBsZSBoYWJsbywgemlndWUgZGljaWVuZG8gY296YXogZXh0cmHDsWF6LgpObyBlbnRpZW5kbyBsbyBxdWUgZGljZS4=
wtIPBg,,W0pha2tdCkphYywgd2kgeW91IHNlZSBteSBraXR0eT8KWW91IGNhbiBtZWV0IG15IGtpdHR5IGlmIHlvdSBnbyBeRkYwMDAwU291dGheMDAwMDAwIGZyb20gaGVyZSE=,,,,,W0hpcm9yb25nXQpGb2kgZGUgYXJyYXN0YSBwcmEgY2ltYSEh,,W0pha2tdCkphYywgwr92aXp0ZSBhIG1pIGdhdGl0bz8KwqFQdWVkZXMgY29ub2NlciBhIG1pIGdhdGl0byBzaSB2YXMgaGFjaWEgZWwgXjY2MDAwMHN1cl4wMDAwMDAgZGVzZGUgYXF1w60h
w9IPBg,,W0pha2tdCkhlZWVlZWghCkkgY2FuJ3QgYmVsaWV2ZSBpdCE=,,,,,W0hlcm9yb25nXQpNYXMgc8OzIHRlbSB1bWEgbWFuZWlyYSBkZSBzYWlyIGRlIE5pZmxoZWltIQ==,,W0pha2tdCsKhSmVlZWUhCsKhTm8gcHVlZG8gY3JlZXJsbyE=
xNIPBg,,W0pha2tdCk15IGtpdHR5ISBJeiBnb25lISEhIQ==,,,,,W0hhcm9yb25nXQpeRkYwMDAwTmliYmxlIGVzdMOhIG5hIGVudHJhZGFeMDAwMDAwIQ==,,W0pha2tdCsKhTWkgS2l0dHkhIMKhwqFEZXphcGFyZWNpw7MhIQ==
xdIPBg,,W0pha2tdCkFoaGhoaGhoaCEhIQ==,,,,,W0hlcm9yb25nXQpTZXLDoSBxdWUgTmliYmxlIG8gdml1Pw==,,W0pha2tdCsKhwqFBaGhoaGhoaGghIQ==
xtIPBg,,W0hpcm9yb25nXQpDcnlpbmchIQ==,,,,,W0hpcm9yb25nXQpOaWJibGUgdsOqIHR1ZG8h,,W0hpcm9yb25nXQrCocKhTGxvcmEhIQ==
x9IPBg,,W0hhcm9yb25nXQpDcnlpbmchISE=,,,,,W0hhcm9yb25nXQpOaWJibGUgZXN0w6Egc2VtcHJlIGRlIG9saG8h,,W0hhcm9yb25nXQrCocKhTGxvcmEhIQ==
yNIPBg,,W0hlcm9yb25nXQpKYWtrIG1hZGUgSmFrayBjcnkgYWdhaW4hIQ==,,,,,W0hpcm9yb25nXQpWYW1vcyBwZXJndW50YXIh,,W0hlcm9yb25nXQrCocKhSmFrayBoaXpvIGxsb3JhciBhIEpha2sgb3RyYSB2ZXohIQ==
ydIPBg,,W0hhcm9yb25nXQpKYWtrIGNyaWVkIGFnYWluISE=,,,,,W0hlcm9yb25nXQpOaWJibGUgc2FiZSEh,,W0hhcm9yb25nXQrCocKhSmFrayBsbG9yw7MgZGUgbnVldm8hIQ==
ytIPBg,,W0hpcm9yb25nXQpKYWtrJ3MgYSBjcnliYWJ5ISEhIQ==,,,,,TmliYmxl,,W0hpcm9yb25nXQrCocKhSmFrayBlcyB1biBsbG9yw7NuISE=
y9IPBg,,W0hlcm9yb25nXQpTdHVwaWQgSmFrayEhISEhCktpdHR5IGlzIGF0IHRoZSBWYWxsZXkgb2YgR3lvbGwh,,,,,W05pYmJsZV0KSGUuLi4uSGVIZUhlSGUuLi4uSGVIZQ==,,W0hlcm9yb25nXQrCocKhwqFFc3TDunBpZG8gSmFrayEhIQrCoUtpdHR5IGVzdMOhIGVuIGVsIFZhbGxlIGRlIEd5b2xsIQ==
zNIPBg,,W0hpcm9yb25nXQpTdHVwaWQgSmFrayEhISEhCktpdHR5IGlzIGF0IHRoZSBjZW50ZXIgb2YgdGhlIFZhbGxleSBvZiBHeW9sbCE=,,,,,W05pYmJsZV0KQmljaGFubyBkbyBKYWNrPw==,,W0hpcm9yb25nXQrCocKhwqFFc3TDunBpZG8gSmFrayEhIQrCoUtpdHR5IGVzdMOhIGVuIGVsIGNlbnRybyBkZWwgVmFsbGUgZGUgR3lvbGwh
zdIPBg,,W0hlcm9yb25nXQpLaXR0eSBpcyB0aGVyZSEhIQ==,,,,,W05pYmJsZV0KVm9jw6ogc2UgcmVmZXJlIGEgdW0gZ2F0aW5obz8KT2xoYSwgdW1hIGNvaXNhIGJyYW5jYSBwYXNzb3UgcmFwaWRhbWVudGUgbmEgbWluaGEgZnJlbnRlIGZheiBwb3VjbyB0ZW1wby4gTsOjbyBzZWkgc2UgZXJhIHVtIGdhdG8u,,W0hlcm9yb25nXQrCocKhS2l0dHkgZXN0w6EgYWjDrSEh
ztIPBg,,W0pha2tdCkVoLi4uCk15IGtpdHR5IHNheXMgbWVvdyBtZW93LiBNeSBraXR0eSBpcyBhIGN1dGUga2l0dHku,,,,,W05pYmJsZV0KRm9pIG11aXRvIHLDoXBpZG8uLi4=,,W0pha2tdCkVo4oCmCk1pIGdhdGl0byBkaWNlIG1pYXUgbWlhdS4gS2l0dHkgZXMgdW4gbGluZG8gZ2F0aXRvLg==
z9IPBg,,W0pha2tdCkkgZG9uJ3QgbmVlZCBvdGhlciBraXR0eSEKSSBsdXYgbWEga2l0dHkh,,,,,W05pYmJsZV0KU8OzIHZpIHF1ZSBlbGUgY29ycmV1IHByYSBmb3JhLiBQZXJndW50ZSBhbyBjYXJhIHF1ZSB0w6EgdHJlbWVuZG8gYWxpIGZvcmEu,,W0pha2tdCsKhTm8gbmVjZXNpdG8gb3RybyBnYXRpdG8hCsKhQW1vIGEgbWkgS2l0dHkh
0NIPBg,,W0pha2tdCkphYyEgSmFjLCBwbGVhemUgdGFsayB0byBteSBraXR0eSBhZ2FpbiEKVGhlIGtpdHR5J3MgYSBraXR0eSBidXQgbm90IG1hIGtpdHR5IQ==,,,,,W05pYmJsZV0KTsOjbyBpbXBvcnRhIG8gcXXDo28gcsOhcGlkbyBlbGUgcGFzc291Li4uIEVsZSBuw6NvIHBvZGUgdGVyIGlkbyBtdWl0byBsb25nZS4KQWZpbmFsLCBhcXVlbGVzIHF1ZSB2aXZlbSBhcXVpIG7Do28gcG9kZW0gc2FpciBkZXN0YSB0ZXJyYS4uLg==,,W0pha2tdCsKhSmFjISDCoUphYywgcG9kIGZhdm9kIGhhYmxhIGNvbiBtaSBnYXRpdG8gb3RyYSB2ZXohCkVsIGdhdGl0byBlcyB1biBnYXRpdG8sIMKhcGVybyBubyBleiBtaSBnYXRpdG8h
0dIPBg,,W0pha2tdCkFoaGhoIQpNeSBraXR0eSEKS2l0dCBpem4ndCBjb21pbmcgYmFjLg==,,,,,SmFrayBBc3N1c3RhZG8=,,W0pha2tdCsKhQWhoaGghCsKhTWkgZ2F0aXRvIQpLaXR0IG5vIHZvbHZlZMOhLg==
0tIPBg,,W0pha2tdCkphYy4KSSBkb24gbGlrZSBhIG5ldyBraXR0eS4KSSBjYW50IG1vdmUgYW55d2F5ei4KVW50aWwgbXkga2l0dHkgY29tZXogYmFjLi4uIEknbGwgd2FpdCBmb3JldmVyLg==,,,,,W0pha2sgQXNzdXN0YWRvXQpBQUFBQUFBQUFBISEhISEgUXVlIHN1c3RvIQpTZSBldSB2b2x0YXIgcHJhIHZpbGEsIEhhcm9yb25nIHZhaSBtZSBwZWdhciE=,,W0pha2tdCkphYy4KTm8gcXVpZWRvIHVuIG51ZXZvIGdhdGl0by4KTm8gcHVlZG8gbW92ZWRtZSBkZSB0b2RvcyBtb2Rvei4KSGF6dGEgcXVlIG1pIGdhdGl0byB2dWVsdmHigKYgRXNwZXJhcsOpIHBhcmEgc2llbXByZS4=
09IPBg,,W0pha2tdClNvLCBKYWtrLgpKYWMsIHdoeSBkb24ndCB5b3UgbG9vayBhaHRlciB0aGUgbnV3IGtpdHRpZXM/,,,,,W0pha2sgQXNzdXN0YWRvXQpBQUFBQUFBISEhISEKUXVlIHN1c3RvIQpPIGdhdGluaG8gZG8gSmFrayEhISEKRXUgdmkgbyBnYXRpbmhvIGRvIEpha2sgZW50cmFuZG8gYWxpIQ==,,W0pha2tdCkVudG9uY2VzLCBKYWtrLgpKYWMsIMK/cG9yIHF1w6kgbm8gY3VpZGF6IGRlIGxvcyBudWV2b3ogZ2F0aXRvej8=
1NIPBg,,W0pha2tdCktpdHRpZXMgYm9uIGluIHRoZSBXYWxsZXkgb2YgR3lvbCBjYW4ndCBwcm9wZXJseSBtb3dlIGF0IGZpcnN0LCBzbyB5b3UgY2FuIGJpbmQgZGVtIHdpdGggXkZGMDAwMERyeSBXaGl0ZSBTdGVtIHggMTBeMDAwMDAwIGxpa2UgZGlzLg==,,,,,W0pha2sgQXNzdXN0YWRvXQpGaXF1ZWkgY29tIG11aXRvIG1lZG8gZGUgY29ycmVyIGF0csOhcyBkZWxlIQpeRkYwMDAwVsOhIGNvbnRhciBwcm8gSmFrayFeMDAwMDAw,,W0pha2tdCkxvcyBnYXRpdG96IHF1ZSBuYWNlbiBlbiBlbCBWYWxsZSBkZSBHeW9sbCBubyBwdWVkZW4gbWF1bGxhZCBiaWVuIGFsIHByaW5jaXBpbywgYXPDrSBxdWUgcHVlZGV6IGVuY29udHJhZGxvcyBjb24gXjY2MDAwMDEwVGFsbG9zIGJsYW5jb3Mgc2Vjb3MsXjAwMDAwMCBhesOtLg==
1dIPBg,,W0pha2tdCkhlaGUuLi4KTXkga2l0dHktISE=,,,,,W0pha2sgQXNzdXN0YWRvXQpNYXMgc2UgZXUgdm9sdGFyIHByYSB2aWxhLCBIYXJvcm9uZyB2YWkgbWUgcGVnYXIh,,W0pha2tdCkplLCBqZS4KwqHCoU1pIGdhdGl0byEh
1tIPBg,,W0pha2tdCkphYy4uLiBZb3UgaGVyZS4KV2hhIGhhcHBlbiB0byBraXR0eT8=,,,,,UGVzcXVpc2Fkb3IgQXNzdXN0YWRv,,W0pha2tdCkphY+KApiBUw6FzIGFxdcOtLgrCv1F1w6kgbGUgcGF6w7MgYSBLaXR0eT8=
19IPBg,,W0pha2tdCldoYXQ/ISBLaXR0eSB3ZWZ0PyE=,,,,,W1Blc3F1aXNhZG9yIEFzc3VzdGFkb10KQWhoaGhoISEhISEhISEhISEhISEhISEKVm9jw6ogcXVhc2UgbWUgbWF0b3UgZGUgc3VzdG8h,,W0pha2tdCsKhwr9RdcOpPyEgwqHCv0tpdHR5IHplIGZ1w6k/IQ==
2NIPBg,,W0pha2tdCkpha2suLi4uIEpha2suLi4uIENhbiB5b3UgaGVhciBtZT8KTm8hIE5vdCB0aGVyZSwgbG9vayBkb3duIQ==,,,,,W1Blc3F1aXNhZG9yIEFzc3VzdGFkb10KTsOjbyBjaGVnYSBhc3NpbSBwZWxhcyBjb3N0YXMgc2VtIGF2aXNhciEhISE=,,W0pha2tdCkpha2vigKYgSmFray4uLi4gwr9QdWVkZXMgZXNjdWNoYXJtZT8KwqFObyEgwqFBaMOtIG5vLCBtaXJhIGFiYWpvIQ==
2dIPBg,,W0pha2tdCk9oLi4uIEtpdHR5IHdpbGwgbmV3ZXIgY29tZSBiYWMuCldoYWFhLg==,,,,,W1Blc3F1aXNhZG9yIEFzc3VzdGFkb10KVGFsdmV6IGV1IGRldmEgaXIgcHJhIGNhc2EgZSBkZXNjYW5zYXIuLi4KUGFyZWNlIHF1ZSBldSBlc3RvdSB2ZW5kbyBjb2lzYXMuLi4=,,W0pha2tdCk9o4oCmIEtpdHR5IG51bmNhIHZvbHZlZMOhLgpBYWFhaGho4oCm
2tIPBg,,W0pha2tdCkkgY2FuJ3QgZ2V0IGJ1c3RlZCBieSBIb3JvbmdzLCBzbyBqdXN0IGxpc3RlbiB0byBtZSBxdWlldGx5IQ==,,,,,TyBxdWUgdm9jw6ogdml1Pw==,,W0pha2tdCkxvcyBIb3JvbmdzIG5vIHB1ZWRlbiBkZXNjdWJyaXJtZSwgwqFhc8OtIHF1ZSBlc2PDumNoYW1lIGJpZW4h
29IPBg,,W0pha2tdClRoYWFuayB5b3UgSmFjLgpUaGFuayB5b3UgZm9yIGRvaW5nIG1hIGFic3d1cmQgZmF2b3J6Lg==,,,,,W1Blc3F1aXNhZG9yIEFzc3VzdGFkb10KQmVtLi4uIEFjaG8gcXVlIGV1IGVzdGl2ZSB0cmFiYWxoYW5kbyB0YW50byB1bHRpbWFtZW50ZSBxdWUgYWNhYmVpIGFsdWNpbmFuZG8uIApUYWwgY29pc2EgbsOjbyBwb2RlIGV4aXN0aXIhClBvciBmYXZvciwgZXNxdWXDp2Egc29icmUgaXNzbyEgw4kgYm9iYWdlbQ==,,W0pha2tdCkdyYWNpYXosIEphYy4KR3JhY2lheiBwb3IgaGFjZWRtZSBlenRlIGdyYW4gZmF2b2Qu
3NIPBg,,W0pha2tdCldoZW4gSmFrayByYW4gYXdheSwgaGUgbXVzdCBoYXZlIGNhdWdodCB0aGUgZGlzZWFzZSB0aGF0IHR1cm5zIGhpcyBsZWF2ZXMgZ3JlZW4u,,,,,RXhwbGlxdWUgZGV0YWxoYWRhbWVudGUu,,W0pha2tdCkN1YW5kbyBKYWtrIGh1ecOzLCBzZWd1cm8gY29udHJham8gbGEgZW5mZXJtZWRhZCBxdWUgcmV2ZXJkZWNlIGxhcyBob2phcy4=
3dIPBg,,W0pha2tdCkphYyEKTm8ga2l0dHksIGJ1dCB5b3UgaGVyZSBmb3IgbWU/CkkgYWx3YXlzIGhlcmUh,,,,,W1Blc3F1aXNhZG9yIEFzc3VzdGFkb10KQWguLiBxdWVyIGRpemVyLi4uCkV1IGVzdGF2YSBhcXVpIGFnb3JhIHBvdWNvLCBlIGFsZ3XDqW0gbWUgcGVyZ3VudG91IHByYSBxdWFsIGNpZGFkZSBpciBwYXJhIHBvZGVyIGNvbXByYXIgdW0gUGVpeGUgRnJlc2NvLg==,,W0pha2tdCsKhSmFjIQpObyBLaXR0eSwgwr9wZXJvIGVzdMOhcyBhcXXDrSBwb3IgbcOtPwrCoVlvIHNpZW1wcmUgZXN0b3kgYXF1w60h
3tIPBg,,W0pha2tdCkkgc3RpbGwgY2FuJ3QgbW92ZSBhcm91bmQgbGlrZSBJIHdhbnQgdG8uLi4KUGxlYXNlLCBKYWtrISBUYWtlIG1lIHdpdGggeW91IQ==,,,,,W1Blc3F1aXNhZG9yIEFzc3VzdGFkb10KRW50w6NvIGV1IGZhbGVpIHBhcmEgZWxlIGlyIGF0w6kgXkZGMDAwME1vcnJvY14wMDAwMDAgZSB1dGlsaXphciBvIHNlcnZpw6dvIGRlIHRlbGVwb3J0ZSBLYWZyYS4uLiBFIGHDrSBldSBvbGhlaSBwYXJhIHRyw6FzLi4u,,W0pha2tdClRvZGF2w61hIG5vIHB1ZWRvIG1vdmVybWUgY29tbyBxdWlzaWVyYeKApgrCoVBvciBmYXZvciwgSmFrayEgwqFMbMOpdmFtZSBjb250aWdvIQ==
39IPBg,,W0pha2tdCkh1aGhoaGhoCkkgc28gdGlyZWQgdG9kYS4gU2VlIHlvdSB0b21vcm8sIEphYyEKS2VrZQ==,,,,,W1Blc3F1aXNhZG9yIEFzc3VzdGFkb10KTWFzIGV1IG7Do28gY29uc2VndWkgdmVyIG5pbmd1w6ltLCBzw7MgdW1hIGNvaXNhIGJyYW5jYSBlIGVtYmHDp2FkYSBjb3JyZW5kbyBsw6EgbG9uZ2UhISEhISEh,,W0pha2tdCsK/RWg/ClppZW50byBtdWNobyBjYW56YW5jaW8gaG95LiDCoU5veiB2ZW1veiBtYcOxYW5hLCBKYWMhCkplLCBqZS4=
4NIPBg,,W0pha2tdCk9oISBKYWMsIHlvdSBoZXJlIGFnYW4hCldoZW4gd2kgbXkga2l0dHkgYmUgYmFjPw==,,,,,W1Blc3F1aXNhZG9yIEFzc3VzdGFkb10KTyBxdWUgc2Vyw6EgcXVlIGVyYT8KTsOjbyBtZSBkaWdhIHF1ZSBlcmEgdW0gZmFudGFzbWEh,,W0pha2tdCsKhQWghIMKhSmFjLCBlc3TDoXogYXF1w60gb3RyYSB2ZXohCsK/Q3XDoW5kbyB2b2x2ZWTDoSBtaSBnYXRpdG8/
4dIPBg,,W0pha2tdCkphYyEKSSB3YW4gdG8gbWFrIGEgc3dlYXRlciBmb3IgbWEga2l0dHkuIFdpIHlvdSBicmluZyBtZSBtYXRlcmlhbHo/,,,,,W1Blc3F1aXNhZG9yIEFzc3VzdGFkb10KQWhoaGghISEhISEhISEhISEhISEhIQpWb2PDqiBxdWFzZSBtZSBtYXRvdSBkZSBzdXN0byE=,,W0pha2tdCsKhSmFjIQpRdWllZG8gaGFjZWQgdW4genXDqXRlciBwYXJhIG1pIEtpdHR5LiDCv01lIHRyYWVyw61heiBsb3ogbWF0ZWRpYWxlej8=
4tIPBg,,W0pha2tdCkkgaGVhcmQgZGF0IHRob3NlIGluIHRoZSBXYWxsZXkgb2YgR3lvbCBnb3QgZ29vdCBvbmVzLgpCcmluZyBnd2V0IG1lIDEwIEJsYWNrIEZ1ciE=,,,,,TWVyY2Fkb3IgQXNzdXN0YWRv,,W0pha2tdCkV6Y3VjaMOpIHF1ZSBlbiBlbCBWYWxsZSBkZSBHeW9sbCB6b24gYnVlbm96LgrCoVRkw6FlbWUgMTBQaWVsZXMgbmVncmFzIQ==
49IPBg,,R2V0IGl0IGZvciBKYWtrLg==,,,,,W01lcmNhZG9yIEFzc3VzdGFkb10KRWkhISEhISEhISEhISEhClF1ZSDDqSBpc3NvPyEKTsOjbyBtZSBhc3N1c3RlIGFzc2ltIGRlc3NhIG1hbmVpcmEhISEh,,Q29uc2VndWlybG8gcGFyYSBKYWtrLg==
5NIPBg,,U3RvcC4=,,,,,Vm9jw6ogdml1IGFsZ28gc3VzcGVpdG8/,,RGV0ZW5lcnRlLg==
5dIPBg,,W0pha2tdCkphYyEKVGhhbmsgeW91IQ==,,,,,W01lcmNhZG9yIEFzc3VzdGFkb10KUG9yIHF1ZSBlc3TDoSBtZSBwZXJndW50YW5kbyBpc3NvPwpWb2PDqiBzYWJlIGRlIGFsZ28/,,W0pha2tdCsKhSmFjIQrCoUdyYWNpYXMh
5tIPBg,,W0pha2tdClNvIHJvdWdoIGFuZCBob3JyaWJ3dWxseSBzbWVsbHkhIEkndmUgbmV3ZXIgc2VlbiBmdXIgbGlrZSBkaXohCk15IGtpdHR5IHdpbGwgbHV2IGl0IQ==,,,,,W01lcmNhZG9yIEFzc3VzdGFkb10KRW50w6NvIG8gcXVlIGV1IHZpIGFnb3JhIGjDoSBwb3Vjby4uLiBuw6NvIGVyYSB1bWEgaWx1c8Ojbz8=,,W0pha2tdCsKhVGFuIMOhc3BlcmEgeSBob2RpYmxlbWVudGUgbWFsb2xpZW50ZSEgwqFOdW5jYSBoYWLDrWEgdml6dG8gdW5hIHBpZWwgYXrDrSEKwqFBIG1pIEtpdHR5IGxlIGVuY2FudGFkw6Eh
59IPBg,,W0pha2tdCkphYyEKVGhhbmsgeW91IQpJdCdzIG1lIQ==,,,,,W01lcmNhZG9yIEFzc3VzdGFkb10KUG91Y28gdGVtcG8gYXRyw6FzLi4uCkV1IGVzdGF2YSBhbGksIGFycnVtYW5kbyBvIGFybWF6w6ltIGRhIEthZnJhLg==,,W0pha2tdCsKhSmFjIQrCoUdyYWNpYXMhCsKhU295IHlvIQ==
6NIPBg,,W0pha2tdCkkgaHVyZCBkYXQgdGhvc2UgaW4gdGhlIFdhbGxleSBvZiBHeW9sIGdvdCBnb290IEJsYWNrIEZ1ci4KR2V0IG1lIDEwIG9mIHRoZW0h,,,,,W01lcmNhZG9yIEFzc3VzdGFkb10KRGHDrSwgYWxndcOpbSBtZSBwZXJndW50b3UgZW0gcXVhbCBjaWRhZGUgc2UgY29tcHJhIHVtIFBlaXhlIEZyZXNjby4=,,W0pha2tdCkV6Y3VjaMOpIHF1ZSBlbiBlbCBWYWxsZSBkZSBHeW9sbCB0aWVuZW4gYnVlbmF6IHBpZWxleiBuZWdyYXouCsKhQ29uesOtZ3VlbWUgMTAh
6dIPBg,,W0pha2tdCldvdWxkbid0IG1hIGtpdHR5IGJlIGtvbGQ/,,,,,W01lcmNhZG9yIEFzc3VzdGFkb10KRXUgZGlzc2UgcGFyYSB1c2FyIG8gdGVsZXBvcnRlIGRhIEthZnJhLiBGb2kgcXVhbmRvIGVsZSBtZSBkaXNzZSBxdWUgbsOjbyB0aW5oYSBaZW55cyBzdWZpY2llbnRlcy4gRXUgZXhwbGlxdWVpIGNvbW8gaXIgZGUgTW9ycm9jIGF0w6kgQWxiZXJ0YSBhIHDDqS4uLg==,,W0pha2tdCsK/Tm8gdGVuZMOhIGZkw61vIG1pIGdhdGl0bz8=
6tIPBg,,SGVyb3Jvbmc=,,,,,W01lcmNhZG9yIEFzc3VzdGFkb10KRm9pIHF1YW5kbyBhIEthZnJhIG1lIG9saG91IGVzcXVpc2l0byBlIG1lIHBlcmd1bnRvdSBjb20gcXVlbSBldSBlc3RhdmEgY29udmVyc2FuZG8u,,SGVyb3Jvbmc=
69IPBg,,W0hlcm9yb25nXQpGZXN0aXZhbCEhIQ==,,,,,W01lcmNhZG9yIEFzc3VzdGFkb10KRXUgZGlzc2UgYSBlbGEgcXVlIGVzdGF2YSBlbnNpbmFuZG8gYWxndcOpbSBhdHLDoXMgZGUgbWltIGEgY2hlZ2FyIF5GRjAwMDBlbSBBbGJlcnRhIGEgcMOpXjAwMDAwMC4uLg==,,W0hlcm9yb25nXQrCocKhwqFFbCBmZXN0aXZhbCEhIQ==
7NIPBg,,SGlyb3Jvbmc=,,,,,W01lcmNhZG9yIEFzc3VzdGFkb10KLi4uLi4uCi4uLi4uLi4=,,SGlyb3Jvbmc=
7dIPBg,,W0hpcm9yb25nXQpUaGUgZmVzdGl2YWwncyBnb25uYSBzdGFydCE=,,,,,W01lcmNhZG9yIEFzc3VzdGFkb10KRSBhIEthZnJhIG1lIGRpc3NlIHF1ZS4uLgpuw6NvIGhhdmlhIG5pbmd1w6ltIGF0csOhcyBkZSBtaW0uLi4KRXUgZXN0YXZhIGZhbGFuZG8gc296aW5obyBlc3RlIHRlbXBvIHRvZG8uLi4=,,W0hpcm9yb25nXQrCoUVsIGZlc3RpdmFsIHZhIGEgZW1wZXphciE=
7tIPBg,,SGFyb3Jvbmc=,,,,,W01lcmNhZG9yIEFzc3VzdGFkb10KSGFoYS4uLgpBIEthZnJhIHPDsyBlc3RhdmEgdGlyYW5kbyB1bWEgZGEgbWluaGEgY2FyYSBuw6k/IE7DqT8KSGFoYWhhaGEuLi4gRXNwZXJvIHF1ZSBzaW0uLi4KRXNwZXJvIQpIYWhhaGFoYWhhaGEh,,SGFyb3Jvbmc=
79IPBg,,W0hhcm9yb25nXQpKYWtrISEgSXQncyBKYWtrISEh,,,,,TmVnb2NpYW50ZSBBc3N1c3RhZG8=,,W0hhcm9yb25nXQrCoUpha2shIMKhRXMgSmFrayE=
8NIPBg,,W0hhcm9yb25nXQpKYWtrJ3Mga2l0dHk/,,,,,W05lZ29jaWFudGUgQXNzdXN0YWRvXQpNaWF1Li4uIEEgcHJhaWEgZXN0w6EgZ2VsYWRhIG5lc3RlIG91dG9uby4uLiBNaWF1Lg==,,W0hhcm9yb25nXQrCv0VsIGdhdGl0byBkZSBKYWtrPw==
8dIPBg,,W0hlcm9yb25nXQpKYWtrISE=,,,,,W05lZ29jaWFudGUgQXNzdXN0YWRvXQpNaWF1PyBPIHF1ZSBmb2k/,,W0hlcm9yb25nXQrCoUpha2sh
8tIPBg,,W0hpcm9yb25nXQpLaXR0eSEhIQ==,,,,,Vm9jw6ogdml1IGFsZ28gYXNzdXN0YWRvcj8=,,W0hpcm9yb25nXQrCocKhS2l0dHkhIQ==
89IPBg,,W0hlcm9yb25nXQpDdXRlISEhISE=,,,,,W05lZ29jaWFudGUgQXNzdXN0YWRvXQpNaWF1PwpOw6NvIHZpIG7Do28uIE1pYXUuIFBvciBxdcOqPw==,,W0hlcm9yb25nXQrCocKhwqHCocKhQWRvcmFibGUhISEhIQ==
9NIPBg,,W0hhcm9yb25nXQpTbyB3aGl0ZSBhbmQgY3V0ZSEhIQ==,,,,,UG9yIHF1ZSBlc3TDoSB0cmVtZW5kbz8=,,W0hhcm9yb25nXQrCocKhwqFUYW4gYmxhbmNvIHkgYWRvcmFibGUhISE=
9dIPBg,,W0hpcm9yb25nXQpTbyBzbWFsbCEgU28gd2hpdGUh,,,,,W05lZ29jaWFudGUgQXNzdXN0YWRvXQpBaCwgaXNzbyDDqSBzw7MgcG9yIGNhdXNhIGRvIHRlbXBvLiBFc3TDoSBmcmlvLCBNaWF1Lg==,,W0hpcm9yb25nXQrCoVRhbiBwZXF1ZcOxbyEgwqFUYW4gYmxhbmNvIQ==
9tIPBg,,W0hhcm9yb25nXQpLaXR0eSBqdW1wZWQgaW50byB0aGUgYWlyIQ==,,,,,Vm9jw6ogdml1IGFsZ3VtIGdhdG8/,,W0hhcm9yb25nXQrCoUtpdHR5IHNhbHTDsyBwb3IgbG9zIGFpcmVzIQ==
99IPBg,,W0hlcm9yb25nXQpTbyBoaWdoIQpUaGUgYmVsbCBjaG9rZXIncyBqaW5nbGluZyE=,,,,,W05lZ29jaWFudGUgQXNzdXN0YWRvXQpPIHF1w6o/PwpVbSBnYXRvPwpFdT8gTWlhdT8/,,W0hlcm9yb25nXQrCoVRhbiBhbHRvIQrCoUxhIGdhcmdhbnRpbGxhIGRlIGNhc2NhYmVsZXMgZXN0w6EgdGludGluZWFuZG8h
+NIPBg,,W0hhcm9yb25nXQpab29tISEhIEl0IHdlbnQhCkNsYW5nIGNsYW5nISEhIEl0IHdlbnQhIQ==,,,,,Q29udGFyIGEgaGlzdMOzcmlhLg==,,W0hhcm9yb25nXQrCoVp1bSEgwqFTZSBmdWUhCirCoUNsYW5nLCBjbGFuZyEqIMKhwqFTZSBmdWUhIQ==
+dIPBg,,W0hpcm9yb25nXQpTbyBoaWdoISE=,,,,,W05lZ29jaWFudGUgQXNzdXN0YWRvXQpIbW0uLi4KVW0gXkZGMDAwMGdhdG8gY29tdW0sIGJyYW5jbywgY29tIHVtYSBjb2xlaXJhIHZlcm1lbGhhIGRlIHNpbmluaG8gcXVlIGFkb3JhIFBlaXhlIEZyZXNjbz9eMDAwMDAw,,W0hpcm9yb25nXQrCocKhVGFuIGFsdG8hIQ==
+tIPBg,,W0hlcm9yb25nXQpCdXQgdGhlcmUncyBvbmx5IG9uZSB3YXkgb3V0IG9mIE5pZmxoZWltIQ==,,,,,W05lZ29jaWFudGUgQXNzdXN0YWRvXQpOw6NvIHZpIG5lbmh1bSBnYXRvLi4uIE1hcyBzZSB2b2PDqiBmb3IgYXTDqSBvIF5GRjAwMDBwb3J0b14wMDAwMDAsIHZvY8OqIHZlcsOhIG11aXRvcyBnYXRvcyBxdWUgcXVlcmVtIGNvbWVyIHBlaXhlLi4uIFBvciBxdWUgdm9jw6ogbsOjbyB2YWkgbMOhPyBNaWF1Pw==,,W0hlcm9yb25nXQrCoVBlcm8gc29sbyBoYXkgdW5hIGZvcm1hIGRlIHNhbGlyIGRlIE5pZmxoZWltIQ==
+9IPBg,,W0hhcm9yb25nXQpeRkYwMDAwTmlibGUncyBhdCB0aGUgZ2F0ZV4wMDAwMDAh,,,,,W05lZ29jaWFudGUgQXNzdXN0YWRvXQpTZSBlbGUgYW1hIFBlaXhlIEZyZXNjbywgZWxlIGRldmUgZXN0YXIgbMOhLiBNaWF1Pw==,,W0hhcm9yb25nXQrCoV42NjAwMDBOaWJsZSBlc3TDoSBlbiBsYSBwdWVydGFeMDAwMDAwIQ==
/NIPBg,,W0hlcm9yb25nXQpEaWQgTmlibGUgc2VlIGl0Pw==,,,,,R2F0byBCcmFuY28=,,W0hlcm9yb25nXQrCv05pYmxlIGxvIHZpbz8=
/dIPBg,,W0hpcm9yb25nXQpOaWJsZSBzZWVzIGV2ZXJ5dGhpbmch,,,,,LSBVbSBnYXRvIGJyYW5jby4gVm9jw6ogb2xoYSBjb20gY3VpZGFkbyBlIGFjaGEgdW1hIG1hbmNoYSBwcmV0YS4gLQ==,,W0hpcm9yb25nXQrCoU5pYmxlIHZlIHRvZG8h
/tIPBg,,W0hhcm9yb25nXQpOaWJsZSBzZWVzIQ==,,,,,LSBWb2PDqiBzZSBhcHJveGltYSBlIGVsZSBibG9xdWVpYSBvIHNldSBjYW1pbmhvLiBUYWx2ZXogZWxlIGVzdGVqYSB0ZW50YW5kbyBwcm90ZWdlciBvIG1vbnRlIGRlIGFyZWlhLiDDiSBtZWxob3IgaW52ZXN0aWdhciBvIG1vbnRlIGRlIGFyZWlhLiAt,,W0hhcm9yb25nXQrCoU5pYmxlIHZlIQ==
/9IPBg,,W0hpcm9yb25nXQpMZXQncyBnbyBhbmQgYXNrIQ==,,,,,TW9udGUgZGUgQXJlaWE=,,W0hpcm9yb25nXQrCoVZhbW9zIGEgcHJlZ3VudGFyIQ==
ANMPBg,,W0hlcm9yb25nXQpOaWJsZSBrbm93cyE=,,,,,LSBQaWxoYSBjb211bSBkZSBhcmVpYSAt,,W0hlcm9yb25nXQrCoU5pYmxlIHNhYmUh
AdMPBg,,TmlibGU=,,,,,LSBWb2PDqiBpbnZlc3RpZ2EgbyBtb250ZSBkZSBhcmVpYSBlIGVuY29udHJhIHVtYSBeRkYwMDAwUGVxdWVuYSBQaWxoYSBkZSBPc3Nvc14wMDAwMDAgcXVlIHBhcmVjZW0gdGVyIHBlcnRlbmNpZG8gYSB1bSBhbmltYWwgcGVxdWVubyAt,,TmlibGU=
AtMPBg,,W05pYmxlXQpIZS4uLi5IZWhlaGVoZS4uLi5IZWhl,,,,,LSBFbnRyZSBvcyBvc3NvcyB2b2PDqiBlbmNvbnRyYSB1bWEgXkZGMDAwMENvbGVpcmEgVmVybWVsaGEgXjAwMDAwMCB1c2FkYS4KUGFyZWNlIHRlciBwZXJ0ZW5jaWRvIGEgdW0gZmVsaW5vLiAt,,W05pYmxlXQpKZeKApiBqZSwgamUsIGplLCBqZeKApiBqZSwgamUu
A9MPBg,,W05pYmxlXQpKYWtrJ3Mga2l0dHk/,,,,,LSBUYWx2ZXogdm9jw6ogbyB0ZW5oYSBlbmNvbnRyYWRvIHRhcmRlIGRlbWFpcy4uLgrDiSBtZWxob3Igdm9sdGFyIHBhcmEgSmFraywgZW0gTmlmZmxoZWltLiAt,,W05pYmxlXQrCv0VsIGdhdGl0byBkZSBKYWtrPw==
BNMPBg,,W05pYmxlXQpLaXR0eT8gWW91IG1lYW4gYSBjYXQ/CkknbSBub3Qgc3VyZSBpZiBpdCB3YXMgYSBjYXQgb3Igbm90LCBidXQgYSBzbWFsbCB3aGl0ZSB0aGluZyBkYXNoZWQgcmlnaHQgaW4gZnJvbnQgb2YgbWUgbm90IHRvbyBsb25nIGFnby4=,,,,,WnVtYmljaGFubw==,,W05pYmxlXQrCv0tpdHR5PyDCv1RlIHJlZmllcmVzIGEgdW4gZ2F0bz8KTm8gc8OpIHNpIGVyYSB1biBnYXRvIG8gbm8sIHBlcm8gdW5hIGNvc2EgcGVxdWXDsWEgeSBibGFuY2EgcGFzw7MgY29ycmllbmRvIGRlbGFudGUgbcOtbyBubyBoYWNlIG11Y2hvLg==
BdMPBg,,W05pYmxlXQpJdCB3YXMgc28gcXVpY2suLi4=,,,,,W1p1bWJpY2hhbm8gZGUgSnViYV0KTWlhYWF1Li4uCk9oLCBuw6NvLi4u,,W05pYmxlXQpGdWUgdGFuIHLDoXBpZG/igKY=
BtMPBg,,W05pYmxlXQpJIG9ubHkgc2F3IGl0IGRhcnRpbmcgb3V0LCBzbyBhc2sgdGhhdCBvbmUgd2hvJ3MgYmVlbiBzaGl2ZXJpbmcgb3V0IHRoZXJlIGZvciBkYXlzLg==,,,,,W1p1bWJpY2hhbm8gZGUgSnViYV0KU2ludG8gbyB2ZW50byBzaW5pc3Ryby4uLgpNaWF1Li4uCkVzc2UgY2hlaXJvLi4uClbDqm0gZG8gb2VzdGUuLi4=,,W05pYmxlXQpZbyBzb2xvIHZpIHF1ZSBhbGdvIHNhbGnDsyBkaXNwYXJhZG8sIGFzw60gcXVlIHByZWfDum50YWxlIGEgZXNlIHF1ZSBsbGV2YSBkw61hcyB0ZW1ibGFuZG8gYWjDrSBmdWVyYS4=
B9MPBg,,W05pYmxlXQpFdmVuIHRob3VnaCBpdCdzIHF1aWNrLi4uIEl0IGNvdWxkbid0IGhhdmUgZ29uZSB0b28gZmFyIGFueXdheXMuCkFueW9uZSB3aG8gbGl2ZXMgaGVyZSBjYW4ndCBsZWF2ZSB0aGlzIGxhbmQuLi4=,,,,,W1p1bWJpY2hhbm8gZGUgSnViYV0KTWlhdS4uLi4=,,W05pYmxlXQpBdW5xdWUgc2UgaGF5YSBpZG8gcsOhcGlkb+KApiBubyBwdWVkZSBoYWJlciBpZG8gZGVtYXNpYWRvIGxlam9zLgpOYWRpZSBxdWUgdml2YSBhcXXDrSBwdWVkZSBhYmFuZG9uYXIgZXN0YSB0aWVycmHigKY=
CNMPBg,,U2hpdmVyaW5nIEpha2s=,,,,,W1p1bWJpY2hhbm8gZGUgSnViYV0KU2ltPyBTb2JyZSBvIHF1ZSB2b2PDqiBxdWVyIHRyYXRhcj8KQ2FzbyB2b2PDqiBtZSBkaWdhIGFsZ28gY29tbzogJ0V1IHF1ZXJvIHNlciBtYWlzIGZvcnRlJyBvdSAnRXUgcXVlcm8gdW1hIGp1YmEgbWFuZWlyYScsIGrDoSBwb2RlIHNlIHJldGlyYXIu,,U2hpdmVyaW5nIEpha2s=
CdMPBg,,W1NoaXZlcmluZyBKYWtrXQpBZ2hoaGhoaGhoISEhISEKSGFyb3Jvbmcgd2lsbCBnZXQgbWUgd2hlbiBJIGdvIGJhY2sgdG8gdGhlIHRvd24h,,,,,RmFsYXIgc29icmUgSmFrLg==,,W0pha2sgZWwgRXNjYWxvZnJpYW50ZV0KwqHCoUFnaGhoaGhoaGghIQrCoUhhcm9yb25nIG1lIGF0cmFwYXLDoSBjdWFuZG8gdnVlbHZhIGEgbGEgY2l1ZGFkIQ==
CtMPBg,,W1NoaXZlcmluZyBKYWtrXQpBZ2hoaGhoaGhoISEhISEKSXQgY2FuJ3QgYmUhISEKSmFraydzIGtpdHR5ISEhCkkgc2F3IGl0IGdvaW5nIGluIHRoZXJlIQ==,,,,,W1p1bWJpY2hhbm8gZGUgSnViYV0KSGVoZS4uLgpHYXRpbmhvLi4uIE1lIGxlbWJybyBtdWl0byBkZSBzZXIgY2hhbWFkbyBhc3NpbS4uLgpNYXMgZXUgYWJhbmRvbmVpIGVzdGUgbm9tZS4=,,W0pha2sgZWwgRXNjYWxvZnJpYW50ZV0KwqHCoUFnaGhoaGhoaGghIQrCoU5vIHB1ZWRlIHNlciEKwqHCocKhRWwgZ2F0aXRvIGRlIEpha2shISEKwqFMbyB2aSBlbnRyYXIgYWjDrSE=
C9MPBg,,W1NoaXZlcmluZyBKYWtrXQpJIHdhcyBzbyBzY2FyZWQhIEkgY291bGRuJ3QgZ28gYWZ0ZXIgaXQhCl5GRjAwMDBKYWtrIG11c3Qga25vdyBhYm91dCB0aGlzIV4wMDAwMDA=,,,,,W1p1bWJpY2hhbm8gZGUgSnViYV0KQ29udGUgaXNzbyBhbyBKYWtrLgpBcXVlbGUgR2F0aW5obyBGb2ZpbmhvIEN1dGktQ3V0aSBNaWF1LU1pYXUgbsOjbyBleGlzdGUgbWFpcy4uLgpBcXVlbGEgYXZlbnR1cmEgbXVkb3UgdGFudGFzIGNvaXNhcy4uLg==,,W0pha2sgZWwgRXNjYWxvZnJpYW50ZV0KwqFUZW7DrWEgbWllZG8hIMKhTm8gcHVkZSBwZXJzZWd1aXJsbyEKXjY2MDAwMMKhSmFrayBkZWJlIHNhYmVybG8hXjAwMDAwMA==
DNMPBg,,W1NoaXZlcmluZyBKYWtrXQpCdXQgSGFyb3Jvbmcgd2lsbCBnZXQgbWUgd2hlbiBJIGdvIGJhY2sgdG8gdGhlIHRvd24h,,,,,UXVlIGF2ZW50dXJhPw==,,W0pha2sgZWwgRXNjYWxvZnJpYW50ZV0KwqFQZXJvIEhhcm9yb25nIG1lIGF0cmFwYXLDoSBjdWFuZG8gdnVlbHZhIGEgbGEgY2l1ZGFkIQ==
DdMPBg,,U2hpdmVyaW5nIFJlc2VhcmNoZXI=,,,,,W1p1bWJpY2hhbm8gZGUgSnViYV0KRm9pIHVtYSB2aWFnZW0gc2ltcGxlcy4KRXUgcXVlcmlhIHZvbHRhciBwcmEgYWxndW0gbHVnYXIuLi4KRGUgb25kZSBldSB2aW0uLi4KUGFyYSBvbmRlIGV1IGRldmlhIHZvbHRhci4uLg==,,U2hpdmVyaW5nIFJlc2VhcmNoZXI=
DtMPBg,,W1NoaXZlcmluZyBSZXNlYXJjaGVyXQpXaGV3ISEhISBBaGhoaGhoaGhoISEhISEhISEhISEhISEhISEhISEhCllvdSBzY2FyZWQgbWUh,,,,,W1p1bWJpY2hhbm8gZGUgSnViYV0KRXUgZmlxdWVpIHBlbnNhbmRvIG11aXRvIHNvYnJlIGlzc28gZGVwb2lzIGRhIGpvcm5hZGEuLi4=,,W0ludmVzdGlnYWRvciB0ZW1ibG9yb3NvXQrCocKhwqHCoVVmISEhISDCocKhwqHCoUFoaGhoaGhoaCEhISEKwqFNZSBhc3VzdGFzdGUh
D9MPBg,,W1NoaXZlcmluZyBSZXNlYXJjaGVyXQpEb24ndCBjYWxsIG1lIG91dCBmcm9tIGJlaGluZCBhbGwgb2YgYSBzdWRkZW4hISEh,,,,,W1p1bWJpY2hhbm8gZGUgSnViYV0KRW50w6NvLCB1bSBkaWEuLi4gRXUgYWNvcmRlaSBhc3NpbS4=,,W0ludmVzdGlnYWRvciB0ZW1ibG9yb3NvXQrCocKhwqHCoU5vIG1lIGhhYmxlcyBwb3IgZGV0csOhcyBkZSBsYSBuYWRhISEhIQ==
ENMPBg,,W1NoaXZlcmluZyBSZXNlYXJjaGVyXQpIYS4uLiBJIHNob3VsZCBnbyBob21lIGVhcmx5IGFuZCBnZXQgc29tZSByZXN0Li4uCkknbSBoYWxsdWNpbmF0aW5nIGFuZCBoZWFyaW5nIHRoaW5ncy4uLg==,,,,,W1p1bWJpY2hhbm8gZGUgSnViYV0KLi4uLi4u,,W0ludmVzdGlnYWRvciB0ZW1ibG9yb3NvXQpIYS4uLiBEZWJlcsOtYSBpcm1lIGEgY2FzYSB0ZW1wcmFubyB5IGRlc2NhbnNhciB1biBwb2Nv4oCmCkVzdG95IGFsdWNpbmFuZG8geSBveWVuZG8gY29zYXPigKY=
EdMPBg,,QWJvdXQgd2hhdCBoZSBoYXMgc2VlbiBhbmQgaGVhcmQu,,,,,W1p1bWJpY2hhbm8gZGUgSnViYV0KQWgsIGV1IHNvdSB0w6NvIHRhZ2FyZWxhLi4u,,U29icmUgbG8gcXVlIHZpbyB5IGVzY3VjaMOzLg==
EtMPBg,,W1NoaXZlcmluZyBSZXNlYXJjaGVyXQpJLi4uIEkgbXVzdCBoYXZlIHNlZW4gdGhpbmdzIGJlY2F1c2UgSSd2ZSBiZWVuIHNvIHRpcmVkIGZyb20gdGhlIHJlc2VhcmNoLgpTdWNoIGEgdGhpbmcgZG9lc24ndCBleGlzdCEKUGxlYXNlLCBuZXZlciBtaW5kLg==,,,,,W1p1bWJpY2hhbm8gZGUgSnViYV0KRGUgcXVhbHF1ZXIgZm9ybWEsIGV1IG7Do28gcG9zc28gdm9sdGFyIGEgc2VyIG8gR2F0aW5obyBub3ZhbWVudGUsIGVudMOjbyBwb3IgZmF2b3IsIGNvbnRlIGlzc28gcHJvIEpha2suCkNvbSB2b2PDqiBjb250YW5kbywgZWxlIHZhaSBhY2VpdGFyIG1haXMgZmFjaWxtZW50ZS4=,,W0ludmVzdGlnYWRvciB0ZW1ibG9yb3NvXQpZb+KApiBkZWJvIGhhYmVyIHZpc3RvIGNvc2FzIHBvcnF1ZSBtZSBzaWVudG8gbXV5IGNhbnNhZG8gZGUgdGFudG8gaW52ZXN0aWdhci4KwqFFc28gbm8gZXhpc3RlIQpQb3IgZmF2b3IsIG5vIGltcG9ydGEu
E9MPBg,,QXNrIGhpbSB0byB0YWxrIGFib3V0IGl0IGluIGRldGFpbC4=,,,,,W1p1bWJpY2hhbm8gZGUgSnViYV0KVGFsdmV6IGV1IGRldmEgYXByZXNlbnRhciBvIEpha2sgcGFyYSB1bSBub3ZvIFp1bWJpY2hhbm8/,,U29saWNpdGFybGUgcXVlIGhhYmxlIGVuIGRldGFsbGUu
FNMPBg,,W1NoaXZlcmluZyBSZXNlYXJjaGVyXQpBaC4uLiBXZWxsLi4uIEkgbWVhbiwgaXQgd2FzLi4uCkkgd2FzIHdvcmtpbmcgaGVyZSBub3QgbG9uZyBhZ28sIGFuZCBzb21lb25lIGFza2VkIG1lIGZyb20gYmVoaW5kIHdoZXJlIGhlIGNvdWxkIGdldCBGcmVzaCBGaXNoIGZyb20u,,,,,W1p1bWJpY2hhbm8gZGUgSnViYV0KUG9yIHF1ZSB2b2PDqiB2b2x0b3U/,,W0ludmVzdGlnYWRvciB0ZW1ibG9yb3NvXQpBaOKApiBCdWVub+KApiBRdWllcm8gZGVjaXIsIGZ1ZeKApgpIYWNlIHBvY28gZXN0YWJhIHRyYWJhamFuZG8gYXF1w60geSBhbGd1aWVuIG1lIHByZWd1bnTDsyBwb3IgZGV0csOhcyBkw7NuZGUgcG9kw61hIGNvbnNlZ3VpciBwZXNjYWRvIGZyZXNjby4=
FdMPBg,,W1NoaXZlcmluZyBSZXNlYXJjaGVyXQpTbyBJIHRvbGQgaGltIHRvIGdvIHRvIF5GRjAwMDBNb3JvY2NeMDAwMDAwIGFuZCB1c2UgdGhlIEthZnJhJ3MgV2FycCBQb3J0YWwgc2VydmljZS4uLiBBbmQgSSB0dXJuZWQgbXkgaGVhZCBhcm91bmQuLi4=,,,,,UG9yIEpha2su,,W0ludmVzdGlnYWRvciB0ZW1ibG9yb3NvXQpBc8OtIHF1ZSBsZSBkaWplIHF1ZSBmdWVyYSBhIF42NjAwMDBNb3Jyb2NeMDAwMDAwIHkgdXNhcmEgZWwgc2VydmljaW8gZGUgcG9ydGFsIGRlIHRlbGV0cmFuc3BvcnRlIGRlIEthZnJh4oCmIFkgY3VhbmRvIGdpcsOpIGxhIGNhYmV6YeKApg==
FtMPBg,,W1NoaXZlcmluZyBSZXNlYXJjaGVyXQpUaGVyZSB3YXMgbm8gb25lIHN0YW5kaW5nIHRoZXJlLCBidXQgYSBzbWFsbCB3aGl0ZSB0aGluZyBkYXNoZWQgb3V0IG9mIG15IHNpZ2h0ISEhISEhISEhISEhISE=,,,,,W1p1bWJpY2hhbm8gZGUgSnViYV0KRWxlIMOpIHBlcnNpc3RlbnRlLgpFdSB0YW1iw6ltLi4uCkrDoSBwZW5zZWkgcXVlIHZvbHRhcmlhIHBhcmEgbyBKYWtrLg==,,W0ludmVzdGlnYWRvciB0ZW1ibG9yb3NvXQrCocKhwqHCoU5vIGhhYsOtYSBuYWRpZSBhbGzDrSEhISEgUGVybyB1bmEgY29zYSBwZXF1ZcOxYSB5IGJsYW5jYSBzYWxpw7MgY29ycmllbmRvIGRlbGFudGUgZGUgbcOtLg==
F9MPBg,,W1NoaXZlcmluZyBSZXNlYXJjaGVyXQpXaGF0IHdvdWxkIHRoYXQgYmU/Ckl0IGNhbid0IGJlIGEgZ2hvc3QuLi4gcmlnaHQ/IQ==,,,,,W1p1bWJpY2hhbm8gZGUgSnViYV0KTWFzIGNvbW8gdm9jw6ogcG9kZSB2ZXIsIG1pYXUuCkV1IG7Do28gc291IG1haXMgbyBnYXRpbmhvIGJyYW5xdWluaG8gZSBmb2ZpbmhvLi4u,,W0ludmVzdGlnYWRvciB0ZW1ibG9yb3NvXQrCv1F1w6kgcG9kcsOtYSBzZXI/Ck5vIHB1ZWRlIHNlciB1biBmYW50YXNtYeKApiDCocK/dmVyZGFkPyE=
GNMPBg,,W1NoaXZlcmluZyBSZXNlYXJjaGVyXQpJIHRvbGQgaGltIHRvIGdvIHRvIF5GRjAwMDBNb3JvY2NeMDAwMDAwIGFuZCB1c2UgdGhlIEthZnJhJ3MgV2FycCBQb3J0YWwgc2VydmljZS4uLiBBbmQgSSB0dXJuZWQgbXkgaGVhZCBhcm91bmQuLi4=,,,,,W1p1bWJpY2hhbm8gZGUgSnViYV0KQWzDqW0gZGlzc28uLi4KQXMgbXVkYW7Dp2FzIG7Do28gZXN0w6NvIGxpbWl0YWRhcyBuYSBhcGFyw6puY2lhLgpUdWRvIG11ZG91Lg==,,W0ludmVzdGlnYWRvciB0ZW1ibG9yb3NvXQpMZSBkaWplIHF1ZSBmdWVyYSBhIF42NjAwMDBNb3Jyb2NeMDAwMDAwIHkgdXNhcmEgZWwgc2VydmljaW8gZGUgcG9ydGFsIGRlIHRlbGV0cmFuc3BvcnRlIGRlIEthZnJh4oCmIFkgZ2lyw6kgbGEgY2FiZXphLi4u
GdMPBg,,U2hpdmVyaW5nIE1lcmNoYW50,,,,,W1p1bWJpY2hhbm8gZGUgSnViYV0KSXNzbyDDqSB0dWRvIHF1ZSBldSBwb3NzbyB0ZSBkaXplci4uLgpQb3IgZmF2b3IsIHbDoSBlbWJvcmEu,,U2hpdmVyaW5nIE1lcmNoYW50
GtMPBg,,W1NoaXZlcmluZyBNZXJjaGFudF0KQWhoaGhoaCEhISEhISEhISEhISEhISEhISEhCkNvbWUgb24hCkRvbid0IHN0YXJ0bGUgbWUgbGlrZSB0aGF0IQ==,,,,,W1p1bWJpY2hhbm8gZGUgSnViYV0KUXVlIHRlaW1vc2lhLCBuw6NvIHNhYmUgcXVhbmRvIGRlc2lzdGlyLi4uPw==,,W0NvbWVyY2lhbnRlIHRlbWJsb3Jvc29dCsKhQWhoaGhoaCEKwqFWYW1vcyEKwqFObyBtZSBhc3VzdGVzIGFzw60h
G9MPBg,,W1NoaXZlcmluZyBNZXJjaGFudF0KV2h5IGFyZSB5b3UgYXNraW5nIG1lIHRoYXQgYWxsIG9mIGEgc3VkZGVuPwpXaGF0IGRvIHlvdSBrbm93Pw==,,,,,U29icmUgbyBvdXRybyBadW1iaWNoYW5vLg==,,W0NvbWVyY2lhbnRlIHRlbWJsb3Jvc29dCsK/UG9yIHF1w6kgbWUgcHJlZ3VudGFzIGVzbyBkZSByZXBlbnRlPwrCv1F1w6kgc2FiZXM/
HNMPBg,,W1NoaXZlcmluZyBNZXJjaGFudF0KV2hhdCBJIGhhdmUgZXhwZXJpZW5jZWQuLi4gSXQgd2Fzbid0IGp1c3QgaW4gbXkgaGVhZD8=,,,,,W1p1bWJpY2hhbm8gZGUgSnViYV0KRm9pIGzDoSBvbmRlIGV1IG5hc2NpLgpFdSBhcGVuYXMgbWUgbGVtYnJvIGRvIG1lZG8uLi4gZGEgZm9tZS4uLmRvIGZyaW8gaW50ZXJtaW7DoXZlbC4uLg==,,W0NvbWVyY2lhbnRlIHRlbWJsb3Jvc29dCkxvIHF1ZSB2aXbDreKApiDCv25vIGVzdGFiYSBzb2xvIGVuIG1pIGNhYmV6YT8=
HdMPBg,,W1NoaXZlcmluZyBNZXJjaGFudF0KTm90IGxvbmcgYWdvLi4uCkkgd2FzIGNsZWFuaW5nIG91dCB0aGUgS2FmcmEgd2FyZWhvdXNlIGFuZCBzdGFuZGluZyByaWdodCBpbiBmcm9udCBvZiB0aGVyZS4=,,,,,TW9zdHJhciBkZXNjb2JlcnRhLg==,,W0NvbWVyY2lhbnRlIHRlbWJsb3Jvc29dCk5vIGhhY2UgbXVjaG8uLi4KRXN0YWJhIGxpbXBpYW5kbyBlbCBkZXDDs3NpdG8gZGUgS2FmcmEgeSBlc3RhYmEgcGFyYWRvIGp1c3RvIGVuZnJlbnRlLg==
HtMPBg,,W1NoaXZlcmluZyBNZXJjaGFudF0KSSB3YXMgbWluZGluZyBteSBvd24gYnVzaW5lc3MsIGFuZCBJIHN1ZGRlbmx5IGhlYXJkIGEgdm9pY2UgYmVoaW5kIG1lLCBhc2tpbmcgaG93IGl0IGNvdWxkIGdldCB0byB0aGUgdmlsbGFnZSB0aGF0IHNlbGxzIEZyZXNoIEZpc2gu,,,,,W1p1bWJpY2hhbm8gZGUgSnViYV0KTWluaGEgbm9zc2EhCk1hcyBvIHF1ZSDDqSBpc3NvPyEgTyBxdWUgw6kgaXNzbz8hCkV1IHRhbWLDqW0gbsOjbyBzZWkhCkFoaGhoaGhoaGhoaGhoaGghISEhISEhISEhISEhIQ==,,W0NvbWVyY2lhbnRlIHRlbWJsb3Jvc29dCkVzdGFiYSBvY3VwYWRvIGNvbiBtaXMgYXN1bnRvcyB5LCBkZSByZXBlbnRlLCBvw60gdW5hIHZveiBkZXRyw6FzIGRlIG3DrSBxdWUgbWUgcHJlZ3VudMOzIGPDs21vIHBvZMOtYSBsbGVnYXIgYSBsYSBhbGRlYSBxdWUgdmVuZGUgcGVzY2FkbyBmcmVzY28u
H9MPBg,,W1NoaXZlcmluZyBNZXJjaGFudF0KSSB3YXMganVzdCBpbiBmcm9udCBvZiBLYWZyYSwgc28gSSB0b2xkIGhpbSB0byB1c2UgdGhlIEthZnJhIFdhcnAgc2VydmljZS4gQnV0IHRoZSB2b2ljZSBzYWlkIHRoYXQgaGUgZGlkbid0IGhhdmUgYW55IFplbnkuIFRoYXQgcmVtaW5kZWQgbWUgb2YgdGhlIG9sZCBkYXlzIHNvIEkgd2FzIGV4cGxhaW5pbmcgaG93IHRvIGdldCB0byBBbGJlcnRhIGZyb20gTW9yb2NjLi4u,,,,,W1p1bWJpY2hhbm8gZGUgSnViYV0KLi4uCi4uLgouLi4uLi4=,,W0NvbWVyY2lhbnRlIHRlbWJsb3Jvc29dCkVzdGFiYSBqdXN0byBlbmZyZW50ZSBkZSBLYWZyYSwgYXPDrSBxdWUgbGUgZGlqZSBxdWUgdXNhcmEgZWwgc2VydmljaW8gZGUgdGVsZXRyYW5zcG9ydGUgZGUgS2FmcmEuIFBlcm8gbGEgdm96IGRpam8gcXVlIG5vIHRlbsOtYSBuaSB1biB6ZW55LiBFc28gbWUgcmVjb3Jkw7MgbG9zIHZpZWpvcyB0aWVtcG9zLCBhc8OtIHF1ZSBsZSBleHBsaXF1w6kgY8OzbW8gbGxlZ2FyIGEgQWxiZXJ0YSBkZXNkZSBNb3Jyb2PigKY=
INMPBg,,W1NoaXZlcmluZyBNZXJjaGFudF0KVGhlIGxhZHkgZnJvbSBLYWZyYSBzdGFyZWQgYXQgbWUsIGFuZCBhc2tlZCB3aG8gSSB3YXMgdGFsa2luZyB0by4=,,,,,LSBadW1iaWNoYW5vIGNvbnRpbnVvdSBleGFsdGFkbyBhdMOpIHNlIGFjYWxtYXIuIC0=,,W0NvbWVyY2lhbnRlIHRlbWJsb3Jvc29dCkxhIHNlw7FvcmEgZGUgS2FmcmEgbWUgbWlyw7MgeSBtZSBwcmVndW50w7MgY29uIHF1acOpbiBlc3RhYmEgaGFibGFuZG8u
IdMPBg,,W1NoaXZlcmluZyBNZXJjaGFudF0KSSB0b2xkIGhlciB0aGF0IEkgd2FzIHRlbGxpbmcgdGhlIHBlcnNvbiBiZWhpbmQgbWUgXkZGMDAwMGhvdyB0byBnZXQgdG8gQWxiZXJ0YSBvbiBmb290XjAwMDAwMC4uLi4=,,,,,W1p1bWJpY2hhbm8gZGUgSnViYV0KT25kZSBmb2kgcXVlIHZvY8OqIGNvbnNlZ3VpdSBhcXVlbGEgY29pc2EgaG9ycm9yb3NhPyBRdWUgdHJpc3RlemEuLi4gUXVlIGhvcnJvci4uLgpFdSBmdWkgdMOjbyBhcnJvZ2FudGUgYWNoYW5kbyBxdWUgc2FiaWEgZGUgdHVkby4uLg==,,W0NvbWVyY2lhbnRlIHRlbWJsb3Jvc29dCkxlIGRpamUgcXVlIGxlIGVzdGFiYSBleHBsaWNhbmRvIGEgbGEgcGVyc29uYSBxdWUgZXN0YWJhIGRldHLDoXMgZGUgbcOtIF42NjAwMDBjw7NtbyBsbGVnYXIgYSBBbGJlcnRhIGEgcGllXjAwMDAwMOKApg==
ItMPBg,,W1NoaXZlcmluZyBNZXJjaGFudF0KLi4uLi4uCi4uLi4uLi4=,,,,,W1p1bWJpY2hhbm8gZGUgSnViYV0KRXUgcmV2ZWxlaSBhIG1pbmhhIGZyYXF1ZXphLg==,,W0NvbWVyY2lhbnRlIHRlbWJsb3Jvc29dCi4uLi4uLgrigKbigKY=
I9MPBg,,W1NoaXZlcmluZyBNZXJjaGFudF0KQW5kIHRoZSBsYWR5IHNhaWQgdGhhdC4uLgpUaGVyZSdzIG5vIG9uZSBiZWhpbmQgbWUuLi4KVGhhdCBJIHdhcyBhbG9uZSBhbGwgdGhlIHRpbWUuLi4=,,,,,W1p1bWJpY2hhbm8gZGUgSnViYV0KUHJlY2lzbyBjb21lw6dhciBvdXRyYSBqb3JuYWRhLgpQcmVjaXNvIGRlIG1haXMgdHJlaW5hbWVudG8u,,W0NvbWVyY2lhbnRlIHRlbWJsb3Jvc29dClkgbGEgc2XDsW9yYSBkaWpvIHF1ZeKApgpubyBoYWLDrWEgbmFkaWUgZGV0csOhcyBkZSBtw63igKYKUXVlIGVzdHV2ZSBzb2xvIHRvZG8gZXNlIHRpZW1wb+KApg==
JNMPBg,,W1NoaXZlcmluZyBNZXJjaGFudF0KSGFoYS4uLgpTdXJlbHkgdGhlIGxhZHkgc2FpZCB0aGF0IHRvIHB1bGwgYSBwcmFuayBvbiBtZSwgcmlnaHQ/CkhhaGFoYWhhLi4uIEl0IG11c3QgYmUuLi4KSXQgbXVzdCBiZSEKSGFoYWhhaGFoYWhhaGEh,,,,,W1p1bWJpY2hhbm8gZGUgSnViYV0KUG9yIGZhdm9yLCBjb250ZSBhIEpha2sgcXVlIGV1IGlyZWkgcGFydGlyLgpFdSBwYXJ0aXJlaSwgZSBuw6NvIHNlaSBxdWFuZG8gdm91IHZvbHRhci4uLg==,,W0NvbWVyY2lhbnRlIHRlbWJsb3Jvc29dCkphLCBqYeKApgpTZWd1cmFtZW50ZSBsYSBzZcOxb3JhIGRpam8gZXNvIGJyb21lYW5kbywgwr92ZXJkYWQ/CkphamFqYWphLi4uIFRpZW5lcyBxdWUgc2Vy4oCmCsKhVGllbmUgcXVlIHNlciEKwqFKYWphamFqYWphamFqYSE=
JdMPBg,,U2hpdmVyaW5nIEtpdHR5LXBhd2VkIE1lcmNoYW50,,,,,W1p1bWJpY2hhbm8gZGUgSnViYV0KRSBwb3IgZmF2b3IsIGZpcXVlIGNvbSBpc3NvLgpJc3NvIHNlcsOhIMO6dGlsIHF1YW5kbyBhIGhvcmEgY2hlZ2FyLg==,,U2hpdmVyaW5nIEtpdHR5LXBhd2VkIE1lcmNoYW50
JtMPBg,,W1NoaXZlcmluZyBLaXR0eS1wYXdlZCBNZXJjaGFudF0KTnlhLi4uIEF1dHVtbiBkYXlzIGluIGEgc2Vhc2lkZSB2aWxsYWdlIGFyZSBjb2xkLCBtZW93Lg==,,,,,W1p1bWJpY2hhbm8gZGUgSnViYV0KRXUgY29uZmlvIGVtIHZvY8OqLg==,,W0NvbWVyY2lhbnRlIHRlbWJsb3Jvc28gY29uIHBhdGFzIGRlIGdhdG9dCk1pYXXigKYgTG9zIGTDrWFzIGRlIG90b8OxbyBlbiB1bmEgYWxkZWEgY29zdGVyYSBzb24gZnLDrW9zLCBtaWF1Lg==
J9MPBg,,W1NoaXZlcmluZyBLaXR0eS1wYXdlZCBNZXJjaGFudF0KV2h5PyBXaGF0J3MgdXAsIG1lb3c/,,,,,W1p1bWJpY2hhbm8gZGUgSnViYV0KRXUgaXJlaSBwYXJ0aXIgZW0gdW1hIG5vdmEgam9ybmFkYS4KRXUgYWluZGEgcHJlY2lzbyBkZSBtYWlzIHRyZWluYW1lbnRvLg==,,W0NvbWVyY2lhbnRlIHRlbWJsb3Jvc28gY29uIHBhdGFzIGRlIGdhdG9dCsK/UG9yIHF1w6k/IMK/UXXDqSBwYXNhLCBtaWF1Pw==
KNMPBg,,RGlkbid0IHNvbWV0aGluZyBzcG9va3kgaGFwcGVuIHRvIHlvdT8=,,,,,W1p1bWJpY2hhbm8gZGUgSnViYV0KUG9yIGZhdm9yLCBkaWdhIGFvIEpha2sgcGFyYSBuw6NvIGVzcGVyYXIgcG9yIG1pbS4KRXUgcGFydGlyZWksIGUgbsOjbyBzZWkgcXVhbmRvIGlyZWkgdm9sdGFyLi4u,,wr9ObyB0ZSBzdWNlZGnDsyBhbGdvIGVzcGVsdXpuYW50ZT8=
KdMPBg,,W1NoaXZlcmluZyBLaXR0eS1wYXdlZCBNZXJjaGFudF0KV2h5PwpOb3RoaW5nIGxpa2UgdGhhdCBoYXBwZW5lZCwgbWVvdy4=,,,,,Q292YSBkbyBadW1iaWNoYW5v,,W0NvbWVyY2lhbnRlIHRlbWJsb3Jvc28gY29uIHBhdGFzIGRlIGdhdG9dCsK/UG9yIHF1w6k/Ck5vIHBhc8OzIG5hZGEgZGUgZXNvLCBtaWF1Lg==
KtMPBg,,QXNrIHdoeSBoZSBpcyBzaGl2ZXJpbmc=,,,,,W0NvdmEgZG8gWnVtYmljaGFub10KLi4uLk1pYXUuLi4uLg==,,UHJlZ3VudGFybGUgcG9yIHF1w6kgdGllbWJsYS4=
K9MPBg,,W1NoaXZlcmluZyBLaXR0eS1wYXdlZCBNZXJjaGFudF0KSXQncyBzaGl2ZXJpbmcgYmVjYXVzZSBpdCdzIGNvbGQu,,,,,W0NvdmEgZG8gWnVtYmljaGFub10KRXUgbsOjbyBjb25zaWdvIGVueGVyZ2FyIG5hZGEuLi4gU8OzIHZlam8gYSBlc2N1cmlkw6NvLi4u,,W0NvbWVyY2lhbnRlIHRlbWJsb3Jvc28gY29uIHBhdGFzIGRlIGdhdG9dCkVsIHRlbWJsb3IgZXMgcG9ycXVlIGhhY2UgZnLDrW8u
LNMPBg,,RGlkIHlvdSBzZWUgYSBjYXQ/,,,,,W0NvdmEgZG8gWnVtYmljaGFub10KUG9yIHF1ZSBlc3TDoSB0w6NvIGZyaW8gYXF1aS4uLj8=,,wr9WaXN0ZSB1biBnYXRvPw==
LdMPBg,,W1NoaXZlcmluZyBLaXR0eS1wYXdlZCBNZXJjaGFudF0KRWg/Pz8KQSBjYXQ/Ck1lPw==,,,,,W0NvdmEgZG8gWnVtYmljaGFub10KKkNvZiouLi4qQ29mKi4uLgpFc3TDoSBmcmlvLi4u,,W0NvbWVyY2lhbnRlIHRlbWJsb3Jvc28gY29uIHBhdGFzIGRlIGdhdG9dCsK/RWg/CsK/VW4gZ2F0bz8Kwr9Zbz8=
LtMPBg,,RGVzY3JpYmUgdGhlIGNhdCB0aGF0IHlvdSdyZSBsb29raW5nIGZvci4=,,,,,W0NvdmEgZG8gWnVtYmljaGFub10KRXUgZXN0b3UgbWUgc2VudGluZG8gdMOjbyBmcmFjby4uLgpJc3NvIHF1ZSDDqSBtb3JyZXIuLi4/,,RGVzY3JpYmlyIGVsIGdhdG8gcXVlIGJ1c2Nhcy4=
L9MPBg,,W1NoaXZlcmluZyBLaXR0eS1wYXdlZCBNZXJjaGFudF0KSG1tLi4uCl5GRjAwMDBBIHNtYWxsLCB3aGl0ZSAnbm9ybWFsJyBraXR0eSB3ZWFyaW5nIGEgcmVkIGJlbGwgY2hva2VyIGFuZCB3aG8gbGlrZXMgRnJlc2ggRmlzaC4uLl4wMDAwMDA=,,,,,W0NvdmEgZG8gWnVtYmljaGFub10KRWkuLi4KVm9jw6ouLi4KUGFyZWNlIHF1ZSBlc3NlIMOpIG8gbWV1IGZpbS4uLg==,,W0NvbWVyY2lhbnRlIHRlbWJsb3Jvc28gY29uIHBhdGFzIGRlIGdhdG9dCk1tbeKApgpeNjYwMDAwVW4gZ2F0aXRvIOKAnG5vcm1hbOKAnSwgcGVxdWXDsW8geSBibGFuY28sIHF1ZSBsbGV2YSB1bmEgZ2FyZ2FudGlsbGEgcm9qYSBkZSBjYXNjYWJlbGVzIHkgYWwgcXVlIGxlIGd1c3RhIGVsIHBlc2NhZG8gZnJlc2Nv4oCmXjAwMDAwMA==
MNMPBg,,W1NoaXZlcmluZyBLaXR0eS1wYXdlZCBNZXJjaGFudF0KSSBkaWRuJ3Qgc2VlIGhpbSwgYnV0Li4uIF5GRjAwMDBQb3J0XjAwMDAwMCBpcyBmdWxsIG9mIGNhdHMgdGhhdCBhcmUgbHVya2luZyBhbmQgdHJ5aW5nIHRvIGdldCBhIGZpc2guIFdoeSBkb24ndCB5b3UgaGF2ZSBhIGxvb2sgdGhlcmU/,,,,,W0NvdmEgZG8gWnVtYmljaGFub10KTsOjbyB0ZW5obyBtdWl0byB0ZW1wbyByZXN0YW50ZS4uLgpWb2PDqiB0ZW0gdW0gbWludXRvIHByYSBtZSBhanVkYXI/,,W0NvbWVyY2lhbnRlIHRlbWJsb3Jvc28gY29uIHBhdGFzIGRlIGdhdG9dCk5vIGxvIHZpLCBwZXJv4oCmXjY2MDAwMGVsIHB1ZXJ0b14wMDAwMDAgZXN0w6EgbGxlbm8gZGUgZ2F0b3MgcXVlIGFjZWNoYW4gZSBpbnRlbnRhbiBjb25zZWd1aXIgcGVzY2Fkb3MuIMK/UG9yIHF1w6kgbm8gbWlyYXMgYWjDrT8=
MdMPBg,,W1NoaXZlcmluZyBLaXR0eS1wYXdlZCBNZXJjaGFudF0KSWYgdGhlIGNhdCBsaWtlcyBGcmVzaCBGaXNoLCB3b3VsZG4ndCBpdCBiZSBuZWFyIHRoZXJlLCBtZW93Pw==,,,,,W0NvdmEgZG8gWnVtYmljaGFub10KQXBlc2FyIGRlIG7Do28gdGVyIG1lZG8gZGEgbW9ydGUuLi4gRXUgbsOjbyBhZ3VlbnRvIG1haXMgZXNzZSBmcmlvLi4uICpDb2YqICpDb2YqLg==,,W0NvbWVyY2lhbnRlIHRlbWJsb3Jvc28gY29uIHBhdGFzIGRlIGdhdG9dClNpIGFsIGdhdG8gbGUgZ3VzdGEgZWwgcGVzY2FkbyBmcmVzY28sIMK/bm8gZXN0YXLDrWEgY2VyY2EgZGUgYWxsw60sIG1pYXU/
MtMPBg,,V2hpdGUgQ2F0,,,,,W0NvdmEgZG8gWnVtYmljaGFub10KRXN0ZSDDqSBvIMO6bHRpbW8gZmF2b3IgcXVlIGV1IHBlw6dvIGEgdm9jw6ouLi4KUG9kZSBtZSB0cmF6ZXIgYWxnbyBxdWVudGluaG8gcGFyYSBldSBtZSBjb2JyaXI/Li4u,,V2hpdGUgQ2F0
M9MPBg,,LSBBIHdoaXRlIGNhdC4gTG9va2luZyBhdCBpdCBjbG9zZWx5LCBpdCBhbHNvIGhhcyBzb21lIGJsYWNrIHNwb3RzIGRvdHRpbmcgaXRzIGZ1ci4gLQ==,,,,,W0NvdmEgZG8gWnVtYmljaGFub10KVGFsdmV6IF5GRjAwMDA1IFBlbHVnZW5zIE5lZ3Jhc14wMDAwMDAgc2VqYW0gbyBzdWZpY2llbnRlLg==,,LSBVbiBnYXRvIGJsYW5jby4gQWwgbWlyYXJsbyBkZSBjZXJjYSwgdGFtYmnDqW4gdGllbmUgYWxndW5hcyBtYW5jaGFzIG5lZ3JhcyBlbiBzdSBwZWxhamUuLQ==
NNMPBg,,LSBXaGVuIEkgZ2V0IGNsb3NlIHRvIGl0LCBpdCdzIHN0YW5kaW5nIGJldHdlZW4gbWUgYW5kIHRoZSBwaWxlIG9mIGRpcnQgYmVzaWRlIGl0LiBMZXQncyBpbnZlc3RpZ2F0ZSB0aGUgcGlsZSBvZiBzYW5kLiAt,,,,,W0NvdmEgZG8gWnVtYmljaGFub10KQWguLi4gVm9jw6ogdm9sdG91Li4u,,LUN1YW5kbyBtZSBhY2VyY28sIHNlIGludGVycG9uZSBlbnRyZSBtw60geSBlbCBtb250w7NuIGRlIHRpZXJyYSBxdWUgaGF5IGEgc3UgbGFkby4gSW52ZXN0aWd1ZW1vcyBlbCBtb250w7NuIGRlIGFyZW5hLi0=
NdMPBg,,LSBXaGVuIEkgZ2V0IGNsb3NlIHRvIGl0LCBpdCdzIHN0YW5kaW5nIGJldHdlZW4gbWUgYW5kIHRoZSBwaWxlIG9mIHNhbmQgYmVzaWRlIGl0LiBMZXQncyBpbnZlc3RpZ2F0ZSB0aGUgcGlsZSBvZiBzYW5kLiAt,,,,,Q29icmlyIGNvbSBQZWx1Z2VtIE5lZ3JhLg==,,LUN1YW5kbyBtZSBhY2VyY28sIHNlIGludGVycG9uZSBlbnRyZSBtw60geSBlbCBtb250w7NuIGRlIGFyZW5hIHF1ZSBoYXkgYSBzdSBsYWRvLiBJbnZlc3RpZ3VlbW9zIGVsIG1vbnTDs24gZGUgYXJlbmEuIC0=
NtMPBg,,U2FuZCBQaWxl,,,,,W0NvdmEgZG8gWnVtYmljaGFub10KT2guLi4uCk11aXRvIG9icmlnYWRvLi4uCkFncmFkZcOnbyBtdWl0byBwb3IgZXN0YXIgZmF6ZW5kbyBpc3NvIHBvciBtaW0uLi4KQWdvcmEgZXUgcG9zc28gbW9ycmVyIGNvbSBhbGd1bSBjb25mb3J0by4uLg==,,U2FuZCBQaWxl
N9MPBg,,LSBDb21tb24gU2FuZCBQaWxlIC0=,,,,,W0NvdmEgZG8gWnVtYmljaGFub10KTWlhdS4uLiBOYSB2ZXJkYWRlLi4uCi4uLi4uLgouLi4uLi4KLi4u,,LU1vbnTDs24gZGUgYXJlbmEgY29tw7puLi0=
ONMPBg,,LSBJIGZvdW5kIF5GRjAwMDBXaGl0ZSBCb25lc14wMDAwMDAgb24gdGhlIHNhbmQgcGlsZS4gTG9va3MgbGlrZSB0aGV5IGJlbG9uZyB0byBhIHNtYWxsIGFuaW1hbC4gLQ==,,,,,W0NvdmEgZG8gWnVtYmljaGFub10KLi4uLi4uLi4uSXNzbyBuw6NvIG1lIGVzcXVlbnRvdSBuYWRhISEhCk1hcyBvIHF1w6o/IQpRVUUgRlJJTyEhIQ==,,LUVuY29udHLDqSBeNjYwMDAwaHVlc29zIGJsYW5jb3NeMDAwMDAwIGVuIGVsIG1vbnTDs24gZGUgYXJlbmEuIFBhcmVjZSBxdWUgcGVydGVuZWNlbiBhIHVuIGFuaW1hbCBwZXF1ZcOxby4t
OdMPBg,,LSBBbmQgYW1vbmcgdGhlIGJvbmVzLCB0aGVyZSBpcyBhIHdvcm4gXkZGMDAwMFJlZCBTdHJpcF4wMDAwMDAuCkl0IG11c3QgYmUgdGhlIGNob2tlciBvZiBhIHNtYWxsIGFuaW1hbC4gLQ==,,,,,W0NvdmEgZG8gWnVtYmljaGFub10KQUhIISEhISEhIQpRVUUgRlJJT09PISEhIQpPbmRlIGV1IGVzdG91PyEKUG9yIHF1ZSDDqSB0w6NvIGdlbGFkbyBhcXVpPyE=,,LVkgZW50cmUgbG9zIGh1ZXNvcywgaGF5IHVuYSBeNjYwMDAwY2ludGEgcm9qYV4wMDAwMDAgZGVzZ2FzdGFkYS4KRGViZSBzZXIgbGEgZ2FyZ2FudGlsbGEgZGUgdW4gYW5pbWFsIHBlcXVlw7FvLi0=
OtMPBg,,LSBNYXliZSBJIHdhcyB0b28gbGF0ZS4uLgpMZXQncyBnYXRoZXIgdGhlIGJvbmVzIGFuZCBnbyBiYWNrIHRvIEpha2suIC0=,,,,,Vm9jw6ogZXN0w6Egbm8gVmFsZSBkZSBHeW9sbA==,,LVF1aXrDoSBsbGVndcOpIGRlbWFzaWFkbyB0YXJkZeKApgpSZWNvbGVjdGVtb3MgbG9zIGh1ZXNvcyB5IHZvbHZhbW9zIGNvbiBKYWtrLi0=
O9MPBg,,LSBMb29raW5nIGF0IHRoZSBzYW5kIHBpbGUsIHRoZXJlIGlzIF5GRjAwMDB3aGl0ZSBib25lc14wMDAwMDAgdGhhdCBzZWVtIHRvIGJlbG9uZyB0byBhIHNtYWxsIGFuaW1hbC4uIC0=,,,,,W0NvdmEgZG8gWnVtYmljaGFub10KTyBxdcOqPyBWYWxlIGRlIEd5b2xsPyEuLi4KRXUgasOhIHTDtCBtb3J0bz8h,,LUFsIG1pcmFyIGVsIG1vbnTDs24gZGUgYXJlbmEsIGhheSBeNjYwMDAwaHVlc29zIGJsYW5jb3NeMDAwMDAwIHF1ZSBwYXJlY2VuIHBlcnRlbmVjZXIgYSB1biBwZXF1ZcOxbyBhbmltYWzigKYt
PNMPBg,,VGVhY2hlciBTY2F0bGV0b24=,,,,,W0NvdmEgZG8gWnVtYmljaGFub10KQ29tbyBhc3NpbT8hCk9zIG1vcnRvcyB0YW1iw6ltIHNlbnRlbSBmcmlvPyEKTWFzIG8gbWV1IHBlbG8gYmVsw61zc2ltbyBkZXZlcmlhIG1lIGVzcXUuLi4KTsODTyBBQ1JFRElUTyEhISEKT25kZSBlc3TDo28gb3MgbWV1cyBwZWxvcz8h,,VGVhY2hlciBTY2F0bGV0b24=
PdMPBg,,W1NwbGVuZGlkbHkgTWFuZWQgVGVhY2hlciBTY2F0bGV0b25dCkhhYWEuLi4KSGFhYWFhYWFhISEhIQ==,,,,,W0NvdmEgZG8gWnVtYmljaGFub10KT2gsIG7Do28hCk8gcXVlIGFjb250ZWNldT8hCkV1IG7Do28gY29uc2lnbyBtb3ZlciBtZXUgY29ycG8hISEKQUhISEhISEhISEhISCEhIQ==,,W01hZXN0cm8gU2NhdGxldG9uIGRlIGNyaW4gZXh1YmVyYW50ZV0KSmFhYeKApgrCocKhwqHCoUphYWFhYWFhISEhIQ==
PtMPBg,,W1NwbGVuZGlkbHkgTWFuZWQgVGVhY2hlciBTY2F0bGV0b25dCldoYXQgYW4gb21pbm91cyB3aW5kLi4uCkluaGFsZS4uLgpUaGlzIHNjZW50Li4uCkl0IG11c3QgYmUgdGhlIHdlc3QuLi4=,,,,,LSBadW1iaWNoYW5vIGVzdMOhIG11aXRvIGNoYXRlYWRvIHBhcmEgY29udGludWFyIGVzc2EgY29udmVyc2EuIFZhbW9zIHZvbHRhciBhbyBKYWtrLiAt,,W01hZXN0cm8gU2NhdGxldG9uIGRlIGNyaW4gZXh1YmVyYW50ZV0KUXXDqSB2aWVudG8gdGFuIG9taW5vc2/igKYKSW5oYWxh4oCmCmVzdGUgYXJvbWHigKYKRGViZSBzZXIgZWwgb2VzdGXigKY=
P9MPBg,,W1NwbGVuZGlkbHkgTWFuZWQgVGVhY2hlciBTY2F0bGV0b25dCk15LCBteS4uLi4=,,,,,W0NvdmEgZG8gWnVtYmljaGFub10KQWhoaGhoaGhoaGhoaGhoaCEhISEhISEhISEhClTDtCBtdWl0byBpcnJpdGFkbyEhISE=,,W01hZXN0cm8gU2NhdGxldG9uIGRlIGNyaW4gZXh1YmVyYW50ZV0KTWksIG1p4oCm
QNMPBg,,W1NwbGVuZGlkbHkgTWFuZWQgVGVhY2hlciBTY2F0bGV0b25dCkFscmlnaHQuLi4gV2hhdCBicmluZ3MgeW91IHRvIG1lPwpJZiB5b3UncmUgaGVyZSB0byBhc2sgZm9vbGlzaCBxdWVzdGlvbnMgbGlrZSBob3cgdG8gZ2V0IHN0cm9uZ2VyIG9yIGdldCBhIHNwbGVuZGlkIG1hbmUsIGdvIGJhY2su,,,,,W0NvdmEgZG8gWnVtYmljaGFub10KQWhoaGhoaGhoaGhoaGhoaCEhISEhISEhISEhClTDtCBtdWl0byBpcnJpdGFkbyEhISEKVMOhIHN1cGVyIGZyaW8gZSBldSBuw6NvIGNvbnNpZ28gbWUgbWV4ZXIhISE=,,W01hZXN0cm8gU2NhdGxldG9uIGRlIGNyaW4gZXh1YmVyYW50ZV0KTXV5IGJpZW7igKYgwr9xdcOpIHRlIHRyYWUgYSBtw60/ClNpIGVzdMOhcyBhcXXDrSBwYXJhIGhhY2VyIHByZWd1bnRhcyB0b250YXMgY29tbyBsYSBmb3JtYSBkZSBvYnRlbmVyIG3DoXMgZnVlcnphIG8gdW5hIG1lbGVuYSBlc3Bsw6luZGlkYSwgdmV0ZS4=
QdMPBg,,VGFsayBhYm91dCBKYWtrLg==,,,,,W0NvdmEgZG8gWnVtYmljaGFub10KRSBhZ29yYT8hClZvY8OqIHTDoSBhcXVpIHPDsyBwcmEgbWUgYXRvcm1lbnRhciEhCkFoaGhoaGhoaGhoaGhoaGgh,,SGFibGFyIHNvYnJlIEpha2su
QtMPBg,,W1NwbGVuZGlkbHkgTWFuZWQgVGVhY2hlciBTY2F0bGV0b25dCkhhaGEuLi4KS2l0dHkuLi4gVGhlcmUgd2FzIG9uY2UgYSB5b3VuZyBsYWQgd2hvIGhhZCBzdWNoIGEgbmFtZS4uLgpCdXQgaXQncyBhIGxvbmcgZm9yZ290dGVuIG9uZS4=,,,,,QW1hcnJhciBvcyBvc3NvcyBlc3BhbGhhZG9zLg==,,W01hZXN0cm8gU2NhdGxldG9uIGRlIGNyaW4gZXh1YmVyYW50ZV0KSmEsIGph4oCmCktpdHR54oCmIEhhYsOtYSB1bmEgdmV6IHVuIGpvdmVuIHF1ZSB0ZW7DrWEgZXNlIG5vbWJyZeKApgpwZXJvIGVzIHVuIHJlY3VlcmRvIGxlamFuby4=
Q9MPBg,,W1NwbGVuZGlkbHkgTWFuZWQgVGVhY2hlciBTY2F0bGV0b25dClBsZWFzZSB0ZWxsIEpha2suClRlbGwgaGltIHRoYXQgaGlzIGxpdHRsZSBraXR0eSBpcyBnb25lLgpUaGF0IGpvdXJuZXkgY2hhbmdlZCBhIGxvdCBvZiBtZS4uLg==,,,,,W0NvdmEgZG8gWnVtYmljaGFub10KTsOjbyDDqSBhc3NpbSBxdWUgZmF6ISBBbWFycmEgY29tIGN1aWRhZG8hCk7Do28gw6kgdMOjbyBmw6FjaWwgcXVhbnRvIHBhcmVjZSwgbsOpPw==,,W01hZXN0cm8gU2NhdGxldG9uIGRlIGNyaW4gZXh1YmVyYW50ZV0KUG9yIGZhdm9yLCBkw61zZWxvIGEgSmFray4KRGlsZSBxdWUgc3UgZ2F0aXRvIHlhIG5vIGVzdMOhLgpFc2UgdmlhamUgbWUgY2FtYmnDsyBtdWNob+KApg==
RNMPBg,,QXNrIGFib3V0IHRoZSBqb3VybmV5Lg==,,,,,W0NvdmEgZG8gWnVtYmljaGFub10KVG9kb3Mgb3MgcGVkYcOnb3MgZGUgb3Nzb3MgZXN0w6NvIGVzcGFsaGFkb3MhClZvY8OqIHJlYWxtZW50ZSBhY2hhIHF1ZSBpc3NvIHZhaSBmdW5jaW9uYXIgZGVzc2EgbWFuZWlyYT8KLi4uLi4uLi4uLi4uLi4uLi4u,,UHJlZ3VudGFyIHBvciBlbCB2aWFqZS4=
RdMPBg,,W1NwbGVuZGlkbHkgTWFuZWQgVGVhY2hlciBTY2F0bGV0b25dCkF0IGZpcnN0LCBpdCB3YXMganVzdCBhbiBhZHZlbnR1cmUuCkkgd2FudGVkIHRvIGdvIGJhY2sgdG8gc29tZXdoZXJlLi4uCldoZXJlIGRpZCBJIGNvbWUgZnJvbT8KQW5kIHdoZXJlIHNob3VsZCBJIGdvIGJhY2sgdG8uLi4=,,,,,W0NvdmEgZG8gWnVtYmljaGFub10KLi4uLi4uLkZVTkNJT05PVSEKTyBxdWUgYWNvbnRlY2V1IGNvbSBvIG1ldSBjb3Jwbz8h,,W01hZXN0cm8gU2NhdGxldG9uIGRlIGNyaW4gZXh1YmVyYW50ZV0KQWwgcHJpbmNpcGlvLCBlcmEgc29sbyB1bmEgYXZlbnR1cmEuClF1ZXLDrWEgdm9sdmVyIGEgdW4gbHVnYXLigKYKwr9EZSBkw7NuZGUgdmVuZ28/CsK/WSBhIGTDs25kZSBkZWJlcsOtYSB2b2x2ZXI/
RtMPBg,,W1NwbGVuZGlkbHkgTWFuZWQgVGVhY2hlciBTY2F0bGV0b25dCkV2ZW4gYWZ0ZXIgcmV0dXJuaW5nIGZyb20gdGhlIGFkdmVudHVyZSwgdGhhdCB0aG91Z2h0IGhhdW50ZWQgbWUuLi4=,,,,,W0NvdmEgZG8gWnVtYmljaGFub10KSHVtbSwgYm9tLi4uIEFjaG8gcXVlIG9icmlnYWRvLCBuw6kgCkV1IGFpbnRhIHTDtCBtb3J0byBkZSBmcmlvLCBtYXMgcGVsbyBtZW5vcyBhZ29yYSBwb3NzbyBtZXhlciBtZXUgY29ycGluaG8u,,W01hZXN0cm8gU2NhdGxldG9uIGRlIGNyaW4gZXh1YmVyYW50ZV0KSW5jbHVzbyBkZXNwdcOpcyBkZSB2b2x2ZXIgZGUgZXNhIGF2ZW50dXJhLCBlc2UgcGVuc2FtaWVudG8gbWUgcGVyc2VndcOtYeKApg==
R9MPBg,,W1NwbGVuZGlkbHkgTWFuZWQgVGVhY2hlciBTY2F0bGV0b25dCkFuZCBvbmUgZGF5LCBJIHJlYWxpemVkIHdoYXQgSSdkIGJlY29tZS4=,,,,,W0NvdmEgZG8gWnVtYmljaGFub10KU2UgYmVtIHF1ZSBhaW5kYSBwcmVjaXNvIG1lIGFjb3N0dW1hciBjb20gZXNzZSBub3ZvIGNvcnBvLi4u,,W01hZXN0cm8gU2NhdGxldG9uIGRlIGNyaW4gZXh1YmVyYW50ZV0KWSB1biBkw61hIG1lIGRpIGN1ZW50YSBlbiBsbyBxdWUgbWUgaGFiw61hIGNvbnZlcnRpZG8u
SNMPBg,,W1NwbGVuZGlkbHkgTWFuZWQgVGVhY2hlciBTY2F0bGV0b25dCi4uLi4uLg==,,,,,W0NvdmEgZG8gWnVtYmljaGFub10KLSBSb25jbyBkZSBGb21lIC0=,,W01hZXN0cm8gU2NhdGxldG9uIGRlIGNyaW4gZXh1YmVyYW50ZV0KLi4uLi4u
SdMPBg,,W1NwbGVuZGlkbHkgTWFuZWQgVGVhY2hlciBTY2F0bGV0b25dCi4uLkFoLCB3ZWxsLiBJIGdvdCBtb29keSBhZ2Fpbi4gSXQncyBhbGwgaW4gdGhlIHBhc3QuLi4=,,,,,W0NvdmEgZG8gWnVtYmljaGFub10KU8OpcmlvIG1lc21vPy4uLgpNYXMgcXVlIHJhaW8gZGUgY29ycG8gZXNxdWlzaXRvIMOpIGVzc2U/IQpDb21vIMOpIHF1ZSBtZXUgZXN0w7RtYWdvIHBvZGUgZXN0YXIgcm9uY2FuZG8gc2UgZXUgc291IHPDsyB1bSBzYWNvIGRlIG9zc29zPyE=,,W01hZXN0cm8gU2NhdGxldG9uIGRlIGNyaW4gZXh1YmVyYW50ZV0K4oCmQWgsIGJ1ZW5vLiBFc3RveSBkZSBtYWwgaHVtb3IgZGUgbnVldm8uIEVzIHBhcnRlIGRlbCBwYXNhZG/igKY=
StMPBg,,W1NwbGVuZGlkbHkgTWFuZWQgVGVhY2hlciBTY2F0bGV0b25dCkFueWhvdywgSSBjYW4ndCBnbyBiYWNrIHRvIGJlaW5nIGEgbmFpdmUga2l0dHkuIFNvIHBsZWFzZSwgZ28gYmFjayBhbmQgdGVsbCBKYWtrIHdoYXQgaGFwcGVuZWQuCkl0J2xsIGJlIGVhc2llciBvbiBKYWtrIGlmIHlvdSB0ZWxsIGhpbSB0aGUgdHJ1dGgu,,,,,W0NvdmEgZG8gWnVtYmljaGFub10KQm9tLi4uIFBhcmVjZSBxdWUgc2FjbyB2YXppbyBuw6NvIHBhcmEgZW0gcMOpIG1lc21vLgpQb3NzbyB0ZSBwZWRpciBtYWlzIHVtYSBjb2lzaW5oYT8=,,W01hZXN0cm8gU2NhdGxldG9uIGRlIGNyaW4gZXh1YmVyYW50ZV0KRGUgdG9kb3MgbW9kb3MsIG5vIHB1ZWRvIHZvbHZlciBhIHNlciB1biBnYXRpdG8gaW5nZW51by4gQXPDrSBxdWUsIHBvciBmYXZvciwgdnVlbHZlIHkgZGlsZSBhIEpha2sgbG8gcXVlIHBhc8OzLgpTZXLDoSBtw6FzIGbDoWNpbCBwYXJhIEpha2sgc2kgbGUgZGljZXMgbGEgdmVyZGFkLg==
S9MPBg,,W1NwbGVuZGlkbHkgTWFuZWQgVGVhY2hlciBTY2F0bGV0b25dClNob3VsZCBJIGludHJvZHVjZSBhIG5ldyBTY2F0bGV0b24gdG8gSmFraz8=,,,,,W0NvdmEgZG8gWnVtYmljaGFub10KQWNobyBxdWUgdm9jw6ogbWUgY29uaGVjZSB1bSBwb3VjbyBqw6EuLi4KRW50w6NvLCBwb2RlIHRyYXplciBhbGdvIHBhcmEgZXUgY29tZXI/IFBvciBmYXZvb29vb3Ih,,W01hZXN0cm8gU2NhdGxldG9uIGRlIGNyaW4gZXh1YmVyYW50ZV0Kwr9EZWJlcsOtYSBwcmVzZW50YXJsZSB1biBudWV2byBTY2F0bGV0b24gYSBKYWtrPw==
TNMPBg,,W1NwbGVuZGlkbHkgTWFuZWQgVGVhY2hlciBTY2F0bGV0b25dCldoeSBkaWQgeW91IHJldHVybj8=,,,,,RGFyIG9zIFBlaXhlcyBGcmVzY29zLg==,,W01hZXN0cm8gU2NhdGxldG9uIGRlIGNyaW4gZXh1YmVyYW50ZV0Kwr9Qb3IgcXXDqSB2b2x2aXN0ZT8=
TdMPBg,,QWJvdXQgSmFraw==,,,,,W0NvdmEgZG8gWnVtYmljaGFub10KTWluaGEgbm9zc2EsIHF1ZSBnb3N0byBkZWxpY2lvc28hIQpOb3NzYSwgZWxlIGRlcnJldGUgbmEgYm9jYS4gRSBxdWUgYXJvbWEgZGUgcGVpeGUgZGl2aW5vIQ==,,QWNlcmNhIGRlIEpha2su
TtMPBg,,W1NwbGVuZGlkbHkgTWFuZWQgVGVhY2hlciBTY2F0bGV0b25dCkhlIGlzIGJlaW5nIHN0dWJib3JuLgpJLCB0b28uLi4KVGhvdWdodCBhYm91dCBnb2luZyBiYWNrIHRvIEpha2su,,,,,W0NvdmEgZG8gWnVtYmljaGFub10KQXMgZXNjYW1hcyBkw6NvIHVtYSB0ZXh0dXJhIHTDo28gZGVsaWNpb3NhIGUgY3JvY2FudGUhCkV1IG51bmNhIHB1ZGUgY29tZXIgZXNzYXMgY29pc2FzIGRlbGljaW9zYXMgbmVtIHF1YW5kbyBlc3RhdmEgdml2byE=,,W01hZXN0cm8gU2NhdGxldG9uIGRlIGNyaW4gZXh1YmVyYW50ZV0KRXN0w6Egc2llbmRvIHRlc3RhcnVkby4KWW8gdGFtYmnDqW7igKYKcGVuc8OpIGVuIHZvbHZlciBhIEpha2su
T9MPBg,,W1NwbGVuZGlkbHkgTWFuZWQgVGVhY2hlciBTY2F0bGV0b25dCkJ1dCBsb29rIGF0IG1lLgpJJ20gbm8gbG9uZ2VyIGEgc21hbGwsIHdoaXRlLCBjdXRlIGtpdHR5Lg==,,,,,W0NvdmEgZG8gWnVtYmljaGFub10KT2JyaWdhZG8uLi4=,,W01hZXN0cm8gU2NhdGxldG9uIGRlIGNyaW4gZXh1YmVyYW50ZV0KUGVybyBtw61yYW1lLgpZYSBubyBzb3kgdW4gZ2F0aXRvIHBlcXVlw7FvLCBibGFuY28geSBhZG9yYWJsZS4=
UNMPBg,,W1NwbGVuZGlkbHkgTWFuZWQgVGVhY2hlciBTY2F0bGV0b25dCkFuZC4uLgpJdCdzIG5vdCBqdXN0IG15IGxvb2sgdGhhdCBjaGFuZ2VkLgpFdmVyeXRoaW5nIGluc2lkZSBtZSBjaGFuZ2VkLg==,,,,,W0NvdmEgZG8gWnVtYmljaGFub10KRSBwb3Igw7psdGltby4uLgpFc3RlcyByYW1vcyBxdWUgdm9jw6ogdXNvdSBwcmEgbWUgYW1hcnJhci4KVm9jw6ogcG9kZSBtZSB0cmF6ZXIgbWFpcyAyMCBkZWxlcz8=,,W01hZXN0cm8gU2NhdGxldG9uIGRlIGNyaW4gZXh1YmVyYW50ZV0KWeKApgpObyBzb2xvIG1pIGFzcGVjdG8gY2FtYmnDsy4KVG9kbyBkZW50cm8gZGUgbcOtIGNhbWJpw7Mu
UdMPBg,,W1NwbGVuZGlkbHkgTWFuZWQgVGVhY2hlciBTY2F0bGV0b25dClRoYXQncyBhbGwgdGhhdCBJIGNhbiBzYXkuCk5vdyBwbGVhc2UsIGdvLg==,,,,,W0NvdmEgZG8gWnVtYmljaGFub10KRXUgdGUgY29udG8gYSByYXrDo28uLi4gcXVhbmRvIHZvY8OqIHZvbHRhci4=,,W01hZXN0cm8gU2NhdGxldG9uIGRlIGNyaW4gZXh1YmVyYW50ZV0KRXNvIGVzIHRvZG8gbG8gcXVlIHB1ZWRvIGRlY2lyLgpBaG9yYSwgcG9yIGZhdm9yLCB2ZXRlLg==
UtMPBg,,W1NwbGVuZGlkbHkgTWFuZWQgVGVhY2hlciBTY2F0bGV0b25dCllvdSBkb24ndCBrbm93IHdoZW4gdG8gcXVpdCwgZG8geW91Li4u,,,,,LSBWb2PDqiBzZW50ZSBhIG1lc21hIGNvaXNhIHF1ZSBzZW50aXUgcXVhbmRvIGNvbmhlY2V1IG8gWnVtYmljaGFubyBkZSBKdWJhLiAt,,W01hZXN0cm8gU2NhdGxldG9uIGRlIGNyaW4gZXh1YmVyYW50ZV0KTm8gc2FiZXMgY3XDoW5kbyBwYXJhciwgwr92ZXJkYWQ/
U9MPBg,,VGFsayBhYm91dCB0aGUgZW5jb3VudGVyIHdpdGggU2NhdGxldG9uLg==,,,,,W0NvdmEgZG8gWnVtYmljaGFub10KVm9jw6ogdm9sdG91Li4uCk5vc3NhLCBvYnJpZ2Fkby4=,,SGFibGFyIHNvYnJlIGVsIGVuY3VlbnRybyBjb24gU2NhdGxldG9uLg==
VNMPBg,,W1NwbGVuZGlkbHkgTWFuZWQgVGVhY2hlciBTY2F0bGV0b25dCkkgd2FzIGJvcm4gcmlnaHQgdGhlcmUuCkFsbCBJIGNhbiByZW1lbWJlciBpcyBmZWFyLCBodW5nZXIuLi4gQW5kIHVucmVsZW50aW5nIGNvbGRuZXNzLg==,,,,,W0NvdmEgZG8gWnVtYmljaGFub10KRXUgZXN0aXZlIGNvbXBsZXRhbWVudGUgZGVzZXNwZXJhZG8gcXVhbmRvIGV1IHJlbmFzY2kgbmVzdGEgZm9ybWEgYXF1aSwgZSBlc3RlIGRlc2VzcGVybyByYXBpZGFtZW50ZSBzZSB0cmFuc2Zvcm1vdSBlbSByYWl2YS4=,,W01hZXN0cm8gU2NhdGxldG9uIGRlIGNyaW4gZXh1YmVyYW50ZV0KWW8gbmFjw60gYWxsw60uClRvZG8gbG8gcXVlIHJlY3VlcmRvIGVzIG1pZWRvLCBoYW1icmXigKYgeSB1biBmcsOtbyBpbXBsYWNhYmxlLg==
VdMPBg,,QXNrIHdoYXQgaGUgZ290IGZyb20gU2NhdGxldG9uLg==,,,,,W0NvdmEgZG8gWnVtYmljaGFub10KTWFzIGVzc2EgcmFpdmEgcGFzc291LCBwb2lzIGEgc3VhIHNpbmNlcmlkYWRlIG1lIHRvY291Lg==,,UHJlZ3VudGFyIHF1w6kgb2J0dXZvIGRlIHBhcnRlIGRlIFNjYXRsZXRvbi4=
VtMPBg,,W1NwbGVuZGlkbHkgTWFuZWQgVGVhY2hlciBTY2F0bGV0b25dCkhpc3MhCldoYXQncyB0aGF0PyEKSSBkb24ndCBrbm93IHdoYXQgdGhhdCBpcyEKSGlzcyEhISEhISEhISEhISEhISEh,,,,,W0NvdmEgZG8gWnVtYmljaGFub10KRXUuLi4gdm91IGZhemVyIHVtYSBqb3JuYWRhLg==,,W01hZXN0cm8gU2NhdGxldG9uIGRlIGNyaW4gZXh1YmVyYW50ZV0KwqFTc3MhCsKhwr9RdcOpIGVzIGVzbz8hCsKhTm8gc8OpIHF1w6kgZXMgZXNvIQrCocKhwqFTc3MhISE=
V9MPBg,,W1NwbGVuZGlkbHkgTWFuZWQgVGVhY2hlciBTY2F0bGV0b25dCi4uLgouLi4KLi4uLi4u,,,,,W0NvdmEgZG8gWnVtYmljaGFub10KRXUgdm91IHZvbHRhciBwYXJhIG8gbHVnYXIgZGUgb25kZSBldSB2aW0sIGUgZW5jb250cmFyIGFxdWVsZSBxdWUgZW1wdXJyb3UgbyBmaWxob3RlIGRvIHBlbmhhc2NvIHBhcmEgcXVlIGVsZSBmaWNhc3NlIG1haXMgZm9ydGUuLi4=,,W01hZXN0cm8gU2NhdGxldG9uIGRlIGNyaW4gZXh1YmVyYW50ZV0K4oCmCuKApgouLi4uLi4=
WNMPBg,,LSBUZWFjaCBTY2F0bGV0b24gd2VudCBvbiBhIHJhbXBhZ2UgZm9yIGEgbG9uZyB3aGlsZS4gQWZ0ZXIgaXQgY2FsbWVkIGRvd24gYSBiaXQsIGl0IGJlZ2FuIHRvIHRhbGsgYWdhaW4uIC0=,,,,,W0NvdmEgZG8gWnVtYmljaGFub10KRXN0ZSBvIMO6bmljbyBmcmFnbWVudG8gZGEgbWluaGEgbWVtw7NyaWEu,,LUVsIG1hZXN0cm8gU2NhdGxldG9uIGVubG9xdWVjacOzIGR1cmFudGUgdW4gYnVlbiB0aWVtcG8uIEN1YW5kbyBzZSBjYWxtw7MgdW4gcG9jbywgZW1wZXrDsyBhIGhhYmxhciBkZSBudWV2by4t
WdMPBg,,W1NwbGVuZGlkbHkgTWFuZWQgVGVhY2hlciBTY2F0bGV0b25dCldoZXJlIGRpZCB5b3UgZ2V0IHN1Y2ggYSB0aGluZy4uLgouLi5JIHdhcyBhIGZvb2wgdG8gdGhpbmsgdGhhdCBJIGZvdW5kIGFsbCB0aGUgYW5zd2Vycy4=,,,,,W0NvdmEgZG8gWnVtYmljaGFub10KVm9jw6ogYWp1ZG91IG11aXRvISBUb21lIGlzc28sIGNvbW8gdW0gc2luYWwgZGUgYWdyYWRlY2ltZW50by4KTmEgcmVhbCwgZXUgbsOjbyBzZWkgbyBxdWUgw6kgaXNzbywgbWFzIG7Do28gdmFpIGZhemVyIGZhbHRhIHByYSBtaW0u,,W01hZXN0cm8gU2NhdGxldG9uIGRlIGNyaW4gZXh1YmVyYW50ZV0Kwr9EZSBkw7NuZGUgc2FjYXN0ZSB0YWwgY29zYeKApgrigKZGdWkgdW4gdG9udG8gZW4gcGVuc2FyIHF1ZSBoYWLDrWEgZW5jb250cmFkbyB0b2RhcyBsYXMgcmVzcHVlc3Rhcy4=
WtMPBg,,W1NwbGVuZGlkbHkgTWFuZWQgVGVhY2hlciBTY2F0bGV0b25dClNvcnJ5IHRoYXQgSSBzaG93ZWQgeW91IHN1Y2ggdW5ydWx5IGJlaGF2aW9yLg==,,,,,W0NvdmEgZG8gWnVtYmljaGFub10KVGFsdmV6IHZvY8OqIGNvbmhlw6dhIGFsZ3XDqW0gcXVlIHNhYmUgbyBxdWUgc2VqYSBpc3NvLg==,,W01hZXN0cm8gU2NhdGxldG9uIGRlIGNyaW4gZXh1YmVyYW50ZV0KU2llbnRvIGhhYmVydGUgbW9zdHJhZG8gdW4gY29tcG9ydGFtaWVudG8gdGFuIHJlYmVsZGUu
W9MPBg,,W1NwbGVuZGlkbHkgTWFuZWQgVGVhY2hlciBTY2F0bGV0b25dCkknbGwgZ28gb24gYW5vdGhlciBqb3VybmV5LgpJdCBzZWVtcyB0aGF0IEkgc3RpbGwgaGF2ZSBtdWNoIHRvIGxlYXJuLg==,,,,,W0pha2tdClVnaCEhISEhIQpNZSBhanVkZSEhISEhIQ==,,W01hZXN0cm8gU2NhdGxldG9uIGRlIGNyaW4gZXh1YmVyYW50ZV0KSGFyw6kgb3RybyB2aWFqZS4KUGFyZWNlIHF1ZSBhw7puIG1lIHF1ZWRhIG11Y2hvIHBvciBhcHJlbmRlci4=
XNMPBg,,W1NwbGVuZGlkbHkgTWFuZWQgVGVhY2hlciBTY2F0bGV0b25dClRlbGwgSmFrayB0aGF0IEkgbGVmdC4KQW5kIHNheSBub3QgdG8gd2FpdCBmb3IgbWUuIEkgZG9uJ3Qga25vdyB3aGVuIEknbGwgcmV0dXJuLi4u,,,,,SmFrayA6IFVnaCEhISEhIQ==,,W01hZXN0cm8gU2NhdGxldG9uIGRlIGNyaW4gZXh1YmVyYW50ZV0KRGlsZSBhIEpha2sgcXVlIG1lIGZ1aS4KWSBkaWxlIHF1ZSBubyBtZSBlc3BlcmUuIE5vIHPDqSBjdcOhbmRvIHZvbHZlcsOp4oCm
XdMPBg,,W1NwbGVuZGlkbHkgTWFuZWQgVGVhY2hlciBTY2F0bGV0b25dCkFuZCB5b3Ugc2hvdWxkIGtlZXAgdGhhdC4KSXQgbWlnaHQgYmUgdXNlZnVsIGZvciBzb21ldGhpbmcu,,,,,SmFrayA6IE1lIGFqdWRlISEhISEh,,W01hZXN0cm8gU2NhdGxldG9uIGRlIGNyaW4gZXh1YmVyYW50ZV0KeSBkZWJlcsOtYXMgcXVlZGFydGUgY29uIGVzby4KUG9kcsOtYSBzZXIgw7p0aWwgcGFyYSBhbGdvLg==
XtMPBg,,W1NwbGVuZGlkbHkgTWFuZWQgVGVhY2hlciBTY2F0bGV0b25dClRoZW4sIEknbGwgbGVhdmUgdGhlIHJlc3QgdG8geW91Lg==,,,,,SmFrayA6IE9zIEhvcm9uZ3MgdsOjbyBtZSBwZWdhciEhISEhIQ==,,W01hZXN0cm8gU2NhdGxldG9uIGRlIGNyaW4gZXh1YmVyYW50ZV0KRW50b25jZXMsIHRlIGRlamFyw6kgZWwgcmVzdG8gYSB0aS4=
X9MPBg,,Qm9uZSBHcmF2ZSBvZiBTY2F0bGV0b24=,,,,,W0pha2tdClLDoXBpZG8hISEhISE=,,Qm9uZSBHcmF2ZSBvZiBTY2F0bGV0b24=
YNMPBg,,W0JvbmUgR3JhdmUgb2YgU2NhdGxldG9uXQouLi4uTnlhLi4uLi4=,,,,,SmFrayA6IEZ1amEhIFZhbW9zIGZ1Z2lyISEhISEh,,W1R1bWJhIGRlIGh1ZXNvcyBkZSBTY2F0bGV0b25dCuKApk1pYXXigKY=
YdMPBg,,W0JvbmUgR3JhdmUgb2YgU2NhdGxldG9uXQpBbGwgSSBjYW4gc2VlIGlzIGRhcmtuZXNzLi4uLg==,,,,,SmFrayA6IEFoLCBuw6NvISEhISEh,,W1R1bWJhIGRlIGh1ZXNvcyBkZSBTY2F0bGV0b25dClRvZG8gbG8gcXVlIHB1ZWRvIHZlciBlcyBvc2N1cmlkYWTigKY=
YtMPBg,,W0JvbmUgR3JhdmUgb2YgU2NhdGxldG9uXQpUaGUgYWlyIGhlcmUgaXMgc28gY29sZC4uLi4=,,,,,W0pha2tdCkFoLCBuw6NvISEhISEh,,W1R1bWJhIGRlIGh1ZXNvcyBkZSBTY2F0bGV0b25dCkVsIGFpcmUgYXF1w60gZXMgdGFuIGZyw61v4oCm
Y9MPBg,,W0JvbmUgR3JhdmUgb2YgU2NhdGxldG9uXQpDb3VnaC4uLiBDb3VnaC4uLgpDb2xkLi4u,,,,,SGFyYXJvbmc=,,W1R1bWJhIGRlIGh1ZXNvcyBkZSBTY2F0bGV0b25dClRvc2XigKYgVG9zZS4uLgpGcsOtb+KApg==
ZNMPBg,,W0JvbmUgR3JhdmUgb2YgU2NhdGxldG9uXQpJIGNhbid0Li4uIE1vdmUgbXkgYm9keS4uLgpJcyB0aGlzLi4uIERlYXRoLi4uPw==,,,,,W0hhcmFyb25nXQpJbmNyw612ZWwh,,W1R1bWJhIGRlIGh1ZXNvcyBkZSBTY2F0bGV0b25dCk5vIHB1ZWRv4oCmIG1vdmVyIG1pIGN1ZXJwb+KApgrCv0VzIGVzdG/igKYgbGEgbXVlcnRl4oCmPw==
ZdMPBg,,W0JvbmUgR3JhdmUgb2YgU2NhdGxldG9uXQpIZXkuLi4KWW91IG92ZXIgdGhlcmUuLi4KSSB0aGluayB0aGlzIGlzIGl0IGZvciBtZS4uLg==,,,,,W0h1cmFlcm9uZ10KSW5jcsOtdmVsISEh,,W1R1bWJhIGRlIGh1ZXNvcyBkZSBTY2F0bGV0b25dCk95ZeKApgpUw7osIGFsbMOt4oCmCkNyZW8gcXVlIGVzdG8gZXMgdG9kb+KApg==
ZtMPBg,,W0JvbmUgR3JhdmUgb2YgU2NhdGxldG9uXQpJIG9ubHkgaGF2ZSBhIGZldyBtb3JlIGJyZWF0aHMgaW4gbWUuLi4KQ291bGQgeW91IGtpbmRseSBzaG93IGNvbXBhc3Npb24gZm9yIHRoaXMgZHlpbmcgc291bD8=,,,,,W0hhcmFyb25nXQpUb2RvcyByZXVuaWRvcyE=,,W1R1bWJhIGRlIGh1ZXNvcyBkZSBTY2F0bGV0b25dClNvbG8gbWUgcXVlZGFuIHVuYXMgY3VhbnRhcyByZXNwaXJhY2lvbmVz4oCmCsK/UG9kcsOtYXMgbW9zdHJhciBjb21wYXNpw7NuIHBvciBlc3RhIGFsbWEgbW9yaWJ1bmRhPw==
Z9MPBg,,W0JvbmUgR3JhdmUgb2YgU2NhdGxldG9uXQpJJ20gbm90IGFmcmFpZCBvZiBkeWluZywgYnV0IEkgY2FuJ3Qgc3RhbmQgdGhpcyBib25lLWNoaWxsaW5nIGNvbGRuZXNzLi4uIENvdWdoLCBjb3VnaC4=,,,,,W0hpcmxvbmddCkluY3LDrXZlbCE=,,W1R1bWJhIGRlIGh1ZXNvcyBkZSBTY2F0bGV0b25dCk5vIHRlbmdvIG1pZWRvIGEgbW9yaXIsIHBlcm8gbm8gc29wb3J0byBlc3RlIGZyw61vIHF1ZSBtZSBoaWVsYSBsb3MgaHVlc29z4oCmICpDb2YsIGNvZio=
aNMPBg,,W0JvbmUgR3JhdmUgb2YgU2NhdGxldG9uXQpJdCdzIG15IGZpbmFsIHdpc2guLi4KV291bGQgeW91IGJyaW5nIHNvbWV0aGluZyB0aGF0IHdpbGwga2VlcCBtZSB3YXJtLi4uPw==,,,,,W0h1cmFlcm9uZ10KVW0gZmVzdGl2YWwhISEhIQ==,,W1R1bWJhIGRlIGh1ZXNvcyBkZSBTY2F0bGV0b25dCkVzIG1pIMO6bHRpbW8gZGVzZW/igKYKwr9NZSB0cmFlcsOtYXMgYWxnbyBwYXJhIGFicmlnYXJtZeKApj8=
adMPBg,,W0JvbmUgR3JhdmUgb2YgU2NhdGxldG9uXQpZb3UgY2FuIGJyaW5nIF5GRjAwMDBCbGFjayBGdXIgeCA1XjAwMDAwMCB0aGF0IHlvdSBjYW4gZWFzaWx5IHNwb3QgYXJvdW5kIGhlcmUu,,,,,W0hpcmxvbmddClZhbW9zIG5vcyByZXVuaXIhISE=,,W1R1bWJhIGRlIGh1ZXNvcyBkZSBTY2F0bGV0b25dClB1ZWRlcyB0cmFlciBeNjYwMDAwNVBpZWxlcyBuZWdyYXMsXjAwMDAwMCBxdWUgc29uIGbDoWNpbGVzIGRlIGVuY29udHJhciBhcXXDrS4=
atMPBg,,W0JvbmUgR3JhdmUgb2YgU2NhdGxldG9uXQpPaC4uLiBJdCdzIHlvdS4uLg==,,,,,W0hhcmFyb25nXQpQZXF1ZW5vIEpha2shCkdyYW5kZSBKYWtrIQpEZWNvcsOhdmVsIEpha2shISEKRXN0cmFuaG8gSmFrayEhIQpUb2RvcyBqdW50byEgVmFtb3Mgbm9zIHJldW5pciEhISE=,,W1R1bWJhIGRlIGh1ZXNvcyBkZSBTY2F0bGV0b25dCk9o4oCmIGVyZXMgdMO64oCm
a9MPBg,,UHV0IEJsYWNrIEZ1ciBvbiB0aGUgU2NhdGxldG9uLg==,,,,,W0hpcmxvbmddCkVzdHJhbmhvIQ==,,UG9uZXIgcGllbCBuZWdyYSBlbiBlbCBTY2F0bGV0b24u
bNMPBg,,W0JvbmUgR3JhdmUgb2YgU2NhdGxldG9uXQpBaGguLi4uClRoYW5rIHlvdSBzbyBtdWNoLi4uCkhvdyBraW5kIHlvdSBhcmUgdG8gYSBzdHJhbmdlci4KSSBjYW4gcmVzdCBpbiBwZWFjZSBub3cuLi4=,,,,,W0h1cmFlcm9uZ10KSmFrayBlc3RyYW5obyEhIQ==,,W1R1bWJhIGRlIGh1ZXNvcyBkZSBTY2F0bGV0b25dCkFoaOKApgptdWNoYXMgZ3JhY2lhc+KApgpRdcOpIGFtYWJsZSBlcmVzIGNvbiB1biBleHRyYcOxby4KQWhvcmEgcHVlZG8gZGVzY2Fuc2FyIGVuIHBheuKApg==
bdMPBg,,W0JvbmUgR3JhdmUgb2YgU2NhdGxldG9uXQpPaGguLi4gSXQncyBzbyB3YXJtLi4uLgouLi4uLi4KLi4uLi4uCi4uLg==,,,,,W0hpcmxvbmddCk8gSGFsbG93ZWVuIGZpY2EgbWFpcyBkaXZlcnRpZG8gY29tIHRvZG8gbXVuZG8h,,W1R1bWJhIGRlIGh1ZXNvcyBkZSBTY2F0bGV0b25dCk9oaOKApiBlcyB0YW4gY8OhbGlkb+KApgouLi4uLi4KLi4uLi4uCuKApg==
btMPBg,,W0JvbmUgR3JhdmUgb2YgU2NhdGxldG9uXQouLi4uLi4uLi5ObywgaXQncyBub3QhISEhISEKV2hhdCBpcyB0aGlzPyEKSSdtIGZyZWV6aW5nISEh,,,,,W0h1cmFlcm9uZ10KVWh1dXV1dWwhISE=,,W1R1bWJhIGRlIGh1ZXNvcyBkZSBTY2F0bGV0b25dCi4uLi4uLi4uLk5vLCDCocKhwqFubyBlcyEhIQrCocK/UXXDqSBlcyBlc3RvPyEKwqHCoU1lIGVzdG95IGNvbmdlbGFuZG8hIQ==
b9MPBg,,W0JvbmUgR3JhdmUgb2YgU2NhdGxldG9uXQpBaCEhISEhISEKSSdtIGZyZWV6aW5nISEhISEKV2hlcmUgYW0gST8KV2h5IGlzIGl0IHNvIGNvbGQgaGVyZT8=,,,,,W0hhcmFyb25nXQpVbSBmZXN0aXZhbCEhISEh,,W1R1bWJhIGRlIGh1ZXNvcyBkZSBTY2F0bGV0b25dCsKhwqHCoUFoISEhCsKhwqFNZSBlc3RveSBjb25nZWxhbmRvISEKwr9Ew7NuZGUgZXN0b3k/CsK/UG9yIHF1w6kgaGFjZSB0YW50byBmcsOtbyBhcXXDrT8=
cNMPBg,,VmFsbGV5IG9mIEd5b2xs,,,,,W0h1cmFlcm9uZ10KT2ghISEKTyBKYWtrIMOpIGVzdHJhbmhvISE=,,VmFsbGUgZGUgR3lvbGwu
cdMPBg,,W0JvbmUgR3JhdmUgb2YgU2NhdGxldG9uXQpXaGF0PyBUaGUgVmFsbGV5IG9mIEd5b2xsLi4uCkFtIEkgZGVhZD8h,,,,,W0hpcmxvbmddCkpha2sgw6kgbXVpdG8gZXN0cmFuaG8h,,W1R1bWJhIGRlIGh1ZXNvcyBkZSBTY2F0bGV0b25dCsK/UXXDqT8gRWwgVmFsbGUgZGUgR3lvbGzigKYKwr9Fc3RveSBtdWVydG8/
ctMPBg,,W0JvbmUgR3JhdmUgb2YgU2NhdGxldG9uXQpCdXQgd2h5PwpJZiBJJ20gZGVhZCwgd2h5IGFtIEkgc28gY29sZD8KTXkgZ29sZGVuIGZ1ciBpcyBzby4uLi4KQXJnaGhoISEhIQpNeSBmdXIsIHdoYXQgaGFwcGVuZWQgdG8gaXQ/ISEh,,,,,W0hhcmFyb25nXQpKYWtrIMOpIGVzdHJhbmjDrXNzaW1vISE=,,W1R1bWJhIGRlIGh1ZXNvcyBkZSBTY2F0bGV0b25dClBlcm8sIMK/cG9yIHF1w6k/ClNpIGVzdG95IG11ZXJ0bywgwr9wb3IgcXXDqSB0ZW5nbyB0YW50byBmcsOtbz8KTWkgcGVsYWplIGRvcmFkbyBlc3TDoSB0YW7igKYKwqFBcmdoaGghCsKhTWkgcGVsYWplISDCocK/UXXDqSBsZSBwYXPDsz8h
c9MPBg,,W0JvbmUgR3JhdmUgb2YgU2NhdGxldG9uXQpPaCEKV2hhdD8hCldoYXQncyB0aGlzPyBJIGNhbid0IGV2ZW4gbW92ZSEhISEKV2hhdCBpcyBnb2luZyBvbj8hISEhISE=,,,,,W0h1cmFlcm9uZ10KUG9yIHF1ZSBlbGUgw6kgZXN0cmFuaG8/,,W1R1bWJhIGRlIGh1ZXNvcyBkZSBTY2F0bGV0b25dCsKhQWghCsKhwr9RdcOpPyEKwr9RdcOpIGVzIGVzdG8/IMKhTmkgc2lxdWllcmEgcHVlZG8gbW92ZXJtZSEKwqHCv1F1w6kgZXN0w6EgcGFzYW5kbz8h
dNMPBg,,LSBTY2F0bGV0b24gaXMgdG9vIGVucmFnZWQgdG8gY29udGludWUgdGhlIGNvbnZlcnNhdGlvbi4gTGV0J3MgZ28gYmFjayB0byBKYWtrLiAt,,,,,W0hpcmxvbmddClBlcmd1bnRlIGFvIEpha2sh,,LVNjYXRsZXRvbiBlc3TDoSBkZW1hc2lhZG8gZW5vamFkbyBwYXJhIGNvbnRpbnVhciBjb24gbGEgY29udmVyc2FjacOzbi4gVm9sdmFtb3MgY29uIEpha2suLQ==
ddMPBg,,W0JvbmUgR3JhdmUgb2YgU2NhdGxldG9uXQpISVNTISEhISEhISEhISEhISEKSSdtIGZ1cmlvdXMhISEh,,,,,W0hhcmFyb25nXQpKYWtrIHNhYmUhISEh,,W1R1bWJhIGRlIGh1ZXNvcyBkZSBTY2F0bGV0b25dCsKhwqHCoVNTUyEhIQrCocKhwqFFc3RveSBmdXJpb3NvISEh
dtMPBg,,W0JvbmUgR3JhdmUgb2YgU2NhdGxldG9uXQpISVNTISEhISEhISEhISEhISEKSSdtIGZ1cmlvdXMhISEhCkknbSBjb2xkIGFuZCBJIGNhbid0IG1vdmUhISBXaGF0IGlzIHRoaXM/ISEhISEhISEhISEhIQ==,,,,,W0hpcmxvbmddCkVsZSBzYWJlISEh,,W1R1bWJhIGRlIGh1ZXNvcyBkZSBTY2F0bGV0b25dCsKhwqHCoVNTUyEhIQrCocKhwqFFc3RveSBmdXJpb3NvISEhCsKhwqFUZW5nbyBmcsOtbyB5IG5vIHB1ZWRvIG1vdmVybWUhISDCocK/UXXDqSBlcyBlc3RvPyE=
d9MPBg,,W0JvbmUgR3JhdmUgb2YgU2NhdGxldG9uXQpXaGF0IGlzIGl0IGFnYWluPwpBcmUgeW91IGhlcmUgdG8gbW9jayBtZSBiZWNhdXNlIEkgY2FuJ3QgbW92ZT8hISEhISEhISEKSGlzcyE=,,,,,W0hhcmFyb25nXQpFc3RyYW5obyE=,,W1R1bWJhIGRlIGh1ZXNvcyBkZSBTY2F0bGV0b25dCsK/RGUgcXXDqSBzZSB0cmF0YT8KwqHCv0VzdMOhcyBhcXXDrSBwYXJhIGJ1cmxhcnRlIGRlIG3DrSBwb3JxdWUgbm8gcHVlZG8gbW92ZXJtZT8hCsKhU3NzIQ==
eNMPBg,,VGllIHRoZSBib25lcyB3ZWxsLg==,,,,,W0hpcmxvbmddCkpha2sgZm9pIHB1cmlmaWNhZG8h,,QXRhciBiaWVuIGxvcyBodWVzb3Mu
edMPBg,,W0JvbmUgR3JhdmUgb2YgU2NhdGxldG9uXQpTdG9wLCBpdCB3b24ndCBkbyBhbnl0aGluZyEKVGhhdCB3b24ndCBkbyBhbnl0aGluZyE=,,,,,W0h1cmFlcm9uZ10KRXN0YW1vcyBlbmNyZW5jYWRvcyEhIQ==,,W1R1bWJhIGRlIGh1ZXNvcyBkZSBTY2F0bGV0b25dCsKhUGFyYSwgbm8gc2Vydmlyw6EgZGUgbmFkYSEKwqFFc28gbm8gaGFyw6EgbmFkYSE=
etMPBg,,W0JvbmUgR3JhdmUgb2YgU2NhdGxldG9uXQpBbGwgbXkgYm9uZXMgYXJlIGxvc3QhCkJpbmRpbmcgdGhlbSBsaWtlIHRoYXQgd29uJ3QgbWFrZSBtZS4uLi4uLi4uLi4uLgouLi4uLi4uLi4uLi4uLi4uLi4=,,,,,W0hhcmFyb25nXQpFc3RhbW9zIGVuY3JlbmNhZG9zISEhISEhIQ==,,W1R1bWJhIGRlIGh1ZXNvcyBkZSBTY2F0bGV0b25dCsKhU2UgcGVyZGllcm9uIHRvZG9zIG1pcyBodWVzb3MhCsK/QXRhcmxvcyBhc8OtIG5vIG1lIHBlcm1pdGlyw6EuLi4uLi4uLi4uLi4KLi4uLi4uLi4uLi4uLi4uLi4u
e9MPBg,,W0JvbmUgR3JhdmUgb2YgU2NhdGxldG9uXQouLi4uLi4uTW92ZT8KV2hhdCBraW5kIG9mIGJvZHkgaXMgdGhpcz8h,,,,,W0h1cmFlcm9uZ10KVmFtb3MgYW5pbWFyIEpha2sh,,W1R1bWJhIGRlIGh1ZXNvcyBkZSBTY2F0bGV0b25dCi4uLi4uLi5tb3Zlcm1lPwrCocK/UXXDqSBjbGFzZSBkZSBjdWVycG8gZXMgZXN0ZT8h
fNMPBg,,W0JvbmUgR3JhdmUgb2YgU2NhdGxldG9uXQpBaC4uLiBXZWxsLCB0aGFua3MgYW55d2F5cy4KSXQncyBzdGlsbCBjb2xkIGJ1dCBJIGNhbiBtb3ZlIGEgYml0IG5vdy4=,,,,,W0hpcmxvbmddCk5vcyBhanVkZSE=,,W1R1bWJhIGRlIGh1ZXNvcyBkZSBTY2F0bGV0b25dCkFo4oCmIEJ1ZW5vLCBncmFjaWFzIGRlIHRvZG9zIG1vZG9zLgpUb2RhdsOtYSB0ZW5nbyBmcsOtbywgcGVybyBwdWVkbyBtb3Zlcm1lIHVuIHBvY28u
fdMPBg,,W0JvbmUgR3JhdmUgb2YgU2NhdGxldG9uXQpJJ2xsIGhhdmUgdG8gZ2V0IHVzZWQgdG8gdGhpcyBib2R5IHRvIHByb3Blcmx5IG1vdmUgYXJvdW5kLi4uLg==,,,,,W0hhcmFyb25nXQpKYWtrIGZvaSBwdXJpZmljYWRvISEh,,W1R1bWJhIGRlIGh1ZXNvcyBkZSBTY2F0bGV0b25dClRlbmRyw6kgcXVlIGFjb3N0dW1icmFybWUgYSBlc3RlIGN1ZXJwbyBwYXJhIG1vdmVybWUgYmllbuKApg==
ftMPBg,,W0JvbmUgR3JhdmUgb2YgU2NhdGxldG9uXQotIFJ1bWJsZSAt,,,,,W0h1cmFlcm9uZ10KVG9kb3Mgb3MgSmFra3MgZm9yYW0gcHVyaWZpY2Fkb3MhISE=,,W1R1bWJhIGRlIGh1ZXNvcyBkZSBTY2F0bGV0b25dCi0qUnVnaWRvKi0=
f9MPBg,,W0JvbmUgR3JhdmUgb2YgU2NhdGxldG9uXQpGb3IgcmVhbC4uLj8KV2hhdCBraW5kIG9mIGJvZHkgaXMgdGhpcz8hISEhISEKSSdtIG5vdGhpbmcgYnV0IGJvbmVzISBJIGRvbid0IGV2ZW4gaGF2ZSBhIHN0b21hY2ggdG8gcnVtYmxlISEh,,,,,W0hpcmxvbmddClZhbW9zLCBtZSBhanVkZSE=,,W1R1bWJhIGRlIGh1ZXNvcyBkZSBTY2F0bGV0b25dCsK/RGUgdmVyZGFk4oCmPwrCocK/UXXDqSBjbGFzZSBkZSBjdWVycG8gZXMgZXN0ZT8hCsKhTm8gc295IG3DoXMgcXVlIGh1ZXNvcyEgwqHCocKhTmkgc2lxdWllcmEgdGVuZ28gdW4gZXN0w7NtYWdvIHF1ZSBwdWVkYSBydWdpciEhIQ==
gNMPBg,,W0JvbmUgR3JhdmUgb2YgU2NhdGxldG9uXQpPaC4uLiBJIGRvbid0IGtub3cgd2hhdCB0byBzYXkuClNpbmNlIHlvdSBoZWxwZWQgbWUgb3V0LCBjYW4gSSBhc2sgeW91IG9uZSBtb3JlIGZhdm9yPw==,,,,,W0hhcmFyb25nXQpKYWtrIHZvbHRvdSEhIQ==,,W1R1bWJhIGRlIGh1ZXNvcyBkZSBTY2F0bGV0b25dCk9o4oCmIE5vIHPDqSBxdcOpIGRlY2lyLgpZYSBxdWUgbWUgYXl1ZGFzdGUsIMK/cHVlZG8gcGVkaXJ0ZSB1biBmYXZvciBtw6FzPw==
gdMPBg,,W0JvbmUgR3JhdmUgb2YgU2NhdGxldG9uXQpJdCBzZWVtcyB0aGF0IHlvdSBrbm93IG1lLiBTbyBmaW5kIG91dCB3aGF0IEkgY2FuIGVhdC4uLgpQbGVhc2UgZ2V0IG1lIHNvbWV0aGluZyBJIGNhbiBlYXQu,,,,,W0h1cmFlcm9uZ10KRWkhISEKQ2hlaXJvIGRlIGFsaG8hISE=,,W1R1bWJhIGRlIGh1ZXNvcyBkZSBTY2F0bGV0b25dClBhcmVjZSBxdWUgbWUgY29ub2Nlcy4gQXPDrSBxdWUgYXZlcmlndWEgcXXDqSBwdWVkbyBjb21lcuKApgpQb3IgZmF2b3IsIHRyw6FlbWUgYWxnbyBxdWUgcHVlZGEgY29tZXIu
gtMPBg,,R2l2ZSB0aGUgZmlzaC4=,,,,,W0hpcmxvbmddClRpcmEgaXNzbyEhISE=,,RGFybGUgZWwgcGVzY2Fkby4=
g9MPBg,,W0JvbmUgR3JhdmUgb2YgU2NhdGxldG9uXQpXaGF0Li4uIFdoYXQgaXMgdGhpcz8hIQpJJ3ZlIG5ldmVyIGhhZCB0aGlzIGJlZm9yZSwgYnV0IHRoaXMgc3dlZXQgZmlzaHkgZmxhdm9yIGNvYXRzIG15IHRhc3RlIGJ1ZHMh,,,,,W0h1cmFlcm9uZ10KSmFrayBwZWdvdSB2w6FyaW9zIEFsaG9yaW5ncywgbWFzIGZhbHRhbSBtYWlzIQ==,,W1R1bWJhIGRlIGh1ZXNvcyBkZSBTY2F0bGV0b25dCsK/UXXDqeKApj8gwqHCv1F1w6kgZXMgZXN0bz8hCk51bmNhIGxvIGhhYsOtYSBwcm9iYWRvLCDCoXBlcm8gZXN0ZSBkdWxjZSBzYWJvciBhIHBlc2NhZG8gZW52dWVsdmUgbWlzIHBhcGlsYXMgZ3VzdGF0aXZhcyE=
hNMPBg,,W0JvbmUgR3JhdmUgb2YgU2NhdGxldG9uXQpUaGlzIHZpdmlkbHkgY3J1bmNoeSB0ZXh0dXJlIG9mIHNjYWxlcyEKSSd2ZSBuZXZlciB0YXN0ZWQgc3VjaCBhIGRlbGljYWN5IGV2ZW4gd2hlbiBJIHdhcyBhbGl2ZSE=,,,,,W0hhcmFyb25nXQpGYWx0YW0gbXVpdG9zIQ==,,W1R1bWJhIGRlIGh1ZXNvcyBkZSBTY2F0bGV0b25dCsKhRXN0YSB0ZXh0dXJhIHZpc3Rvc2EgeSBjcnVqaWVudGUgZGUgbGFzIGVzY2FtYXMhCk51bmNhIGhhYsOtYSBwcm9iYWRvIHVuIG1hbmphciBhc8OtLCDCoW5pIHNpcXVpZXJhIGVuIHZpZGEh
hdMPBg,,W0JvbmUgR3JhdmUgb2YgU2NhdGxldG9uXQpUaGFuayB5b3UuLi4=,,,,,W0hpcmxvbmddCk1hcyBzZSB2b2PDqiBmb3IgcGVnYXIgQWxob3JpbmdzIG5vdmFtZW50ZSwgSmFrayB0YW1iw6ltIHNlcsOhIHB1cmlmaWNhZG8hISE=,,W1R1bWJhIGRlIGh1ZXNvcyBkZSBTY2F0bGV0b25dCkdyYWNpYXPigKY=
htMPBg,,W0JvbmUgR3JhdmUgb2YgU2NhdGxldG9uXQpBbmQgbGFzdGx5Li4uClRoaXMgc3RlbSB0aGF0IHlvdSBib3VuZCBtZSB3aXRoLgpDb3VsZCB5b3UgZ2V0IG1lIDIwIG9mIHRoZW0/,,,,,W0h1cmFlcm9uZ10KSmFrayBmb2kgcHVyaWZpY2FkbyEhIQ==,,W1R1bWJhIGRlIGh1ZXNvcyBkZSBTY2F0bGV0b25dClkgcG9yIMO6bHRpbW/igKYKZXN0ZSB0YWxsbyBjb24gZWwgcXVlIG1lIGF0YXN0ZS4Kwr9Qb2Ryw61hcyBjb25zZWd1aXJtZSAyMD8=
h9MPBg,,W0JvbmUgR3JhdmUgb2YgU2NhdGxldG9uXQpJJ2xsIHRlbGwgdGhlIHJlYXNvbi4uLiBJZiB5b3UgZG8gYXMgSSBhc2su,,,,,W0hhcmFyb25nXQpKw6Egw6kgbyBzdWZpY2llbnRlIHBvciBob2plIQ==,,W1R1bWJhIGRlIGh1ZXNvcyBkZSBTY2F0bGV0b25dClRlIGRpcsOpIGxhIHJhesOzbuKApiBzaSBoYWNlcyBsbyBxdWUgdGUgcGlkby4=
iNMPBg,,W0JvbmUgR3JhdmUgb2YgU2NhdGxldG9uXQotIEdyb3dsIC0=,,,,,W0h1cmFlcm9uZ10KQ2hlZ2EhIQ==,,W1R1bWJhIGRlIGh1ZXNvcyBkZSBTY2F0bGV0b25dCi0qR3J1w7FpZG8qLQ==
idMPBg,,LSBUaGUgU2NhdGxldG9uIHNlZW1zIHRvIGhhdmUgdGhlIHNhbWUgZW5lcmd5IGFzIFRlYWNoZXIgU2NhdGxldG9uLiAt,,,,,W0hpcmxvbmddClPDsyBhbWFuaMOjISEh,,LUVsIFNjYXRsZXRvbiBwYXJlY2UgdGVuZXIgbGEgbWlzbWEgZW5lcmfDrWEgcXVlIGVsIG1hZXN0cm8gU2NhdGxldG9uLi0=
itMPBg,,W0JvbmUgR3JhdmUgb2YgU2NhdGxldG9uXQpZb3UncmUgYmFjay4uLgpUaGFuayB5b3Ugc28gbXVjaC4=,,,,,W0hhcmFyb25nXQpBdMOpIGFtYW5ow6MhISE=,,W1R1bWJhIGRlIGh1ZXNvcyBkZSBTY2F0bGV0b25dClZvbHZpc3Rl4oCmCk11Y2hhcyBncmFjaWFzLg==
i9MPBg,,W0JvbmUgR3JhdmUgb2YgU2NhdGxldG9uXQpJIHdhcyBib3JuIGFnYWluIGhlcmUgYW5kIGZlbGwgaW50byBkZXNwYWlyLiBBbmQgdGhhdCBkZXNwYWlyIHNvb24gdHVybmVkIGludG8gcmFnZS4=,,,,,W0hpcmxvbmddClVtIGZlc3RpdmFsISEhIQ==,,W1R1bWJhIGRlIGh1ZXNvcyBkZSBTY2F0bGV0b25dClZvbHbDrSBhIG5hY2VyIGFxdcOtIHkgY2HDrSBlbiBsYSBkZXNlc3BlcmFjacOzbi4gWSBlc2EgZGVzZXNwZXJhY2nDs24gcHJvbnRvIHNlIGNvbnZpcnRpw7MgZW4gaXJhLg==
jNMPBg,,W0JvbmUgR3JhdmUgb2YgU2NhdGxldG9uXQpCdXQgeW91IGhlbHBlZCBtZSB3aGVuIHRoZSBvbmx5IHRoaW5nIEkga25ldyB3YXMgaG93IHRvIHNjcmVhbSBhbmQgZ28gb24gcmFtcGFnZXMuIEl0IG1lbHRlZCBteSByYWdlIGF3YXkgYml0IGJ5IGJpdC4=,,,,,SHVyYWVyb25n,,W1R1bWJhIGRlIGh1ZXNvcyBkZSBTY2F0bGV0b25dClBlcm8gbWUgYXl1ZGFzdGUgY3VhbmRvIHNvbG8gc2Fiw61hIGdyaXRhciB5IGVubG9xdWVjZXIuIE1pIHJhYmlhIGRlc2FwYXJlY2nDsyBwb2NvIGEgcG9jby4=
jdMPBg,,W0JvbmUgR3JhdmUgb2YgU2NhdGxldG9uXQpJJ2xsLi4uIEdvIG9uIGEgam91cm5leSBub3cu,,,,,SGlybG9uZw==,,W1R1bWJhIGRlIGh1ZXNvcyBkZSBTY2F0bGV0b25dCllv4oCmIG1lIGlyw6kgZGUgdmlhamUgYWhvcmEu
jtMPBg,,W0JvbmUgR3JhdmUgb2YgU2NhdGxldG9uXQpJIHdpbGwgZ28gYmFjayB0byB3aGVyZSBJIHdhcyBib3JuIGFuZCBmaW5kIHRoYXQgaWRpb3Qgd2hvIHJvbGxlZCBoaXMgb3duIGtpZHMgZG93biB0aGUgY2xpZmYgdG8gdG91Z2hlbiB0aGVtIHVwLg==,,,,,W0pha2tdCkZlbGl6IGRpYSBkYXMgYnJ1eGFzfgpFc3TDoSBnb3N0YW5kbyBkbyBmZXN0aXZhbD8=,,W1R1bWJhIGRlIGh1ZXNvcyBkZSBTY2F0bGV0b25dClZvbHZlcsOpIGFsIGx1Z2FyIGRvbmRlIG5hY8OtIHkgZW5jb250cmFyw6kgYSBlc2UgaWRpb3RhIHF1ZSBoaXpvIHJvZGFyIGEgc3VzIHByb3Bpb3MgaGlqb3MgcG9yIGVsIGFjYW50aWxhZG8gcGFyYSBoYWNlcmxvcyBtw6FzIGZ1ZXJ0ZXMu
j9MPBg,,W0JvbmUgR3JhdmUgb2YgU2NhdGxldG9uXQpUaGlzIGlzIHRoZSBvbmx5IG1lbW9yeSB0aGF0IEkgaGF2ZSBmcm9tIHdoZW4gdGhlIGZvZyBvZiByYWdlIGRpc3NpcGF0ZWQu,,,,,U29icmUgbyBKYWtrIEVzdHJhbmhvLg==,,W1R1bWJhIGRlIGh1ZXNvcyBkZSBTY2F0bGV0b25dCkVzdGUgZXMgZWwgw7puaWNvIHJlY3VlcmRvIHF1ZSB0ZW5nbyBkZSBjdWFuZG8gbGEgbmllYmxhIGRlIGlyYSBzZSBkaXNpcMOzLg==
kNMPBg,,W0JvbmUgR3JhdmUgb2YgU2NhdGxldG9uXQpJIHdhbnQgdG8gZ2l2ZSB0aGlzIHRvIHlvdSBmb3IgaGVscGluZyBtZSBvdXQuCkkgZG9uJ3Qga25vdyB3aGF0IHRoaXMgaXMgZWl0aGVyLg==,,,,,W0pha2tdCkpha2sgRXN0cmFuaG8/CkFxdWVsZT8KU2VpIGzDoSE=,,W1R1bWJhIGRlIGh1ZXNvcyBkZSBTY2F0bGV0b25dClF1aWVybyBkYXJ0ZSBlc3RvIHBvciBoYWJlcm1lIGF5dWRhZG8uCllvIHRhbXBvY28gc8OpIHF1w6kgZXMgZXN0by4=
kdMPBg,,W0JvbmUgR3JhdmUgb2YgU2NhdGxldG9uXQpCdXQgSSBoYXZlIGEgZmVlbGluZyB0aGF0IHlvdSBtaWdodCBrbm93IHNvbWVvbmUgd2hvIGtub3dzIHdoYXQgdGhpcyBpcy4=,,,,,W0pha2tdCkjDoSBtdWl0b3MgSmFra3MgYXF1aSwgbWFzIG5lbmh1bSBFc3RyYW5oby4=,,W1R1bWJhIGRlIGh1ZXNvcyBkZSBTY2F0bGV0b25dClBlcm8gdGVuZ28gbGEgc2Vuc2FjacOzbiBkZSBxdWUgcG9kcsOtYXMgY29ub2NlciBhIGFsZ3VpZW4gcXVlIHNlcGEgbG8gcXVlIGVzLg==
ktMPBg,,W0pha2tdCkFoaGghISEhISEKSGVscCBtZSEhISEhIQ==,,,,,W0pha2tdCkhtbS4uLgpTZXLDoSBzZSBvIEpha2sgbmEgZW50cmFkYSBuw6NvIHNhYmVyaWE/,,W0pha2tdCsKhQWhoaCEKwqHCoUF5w7pkYW1lISE=
k9MPBg,,SmFrazogQWhoaCEhISEhIQ==,,,,,W0pha2tdCkVsZSBmaWNhIG5hIGVudHJhZGEsIGVudMOjbyBkZXZlIHNhYmVyIHF1ZW0gZW50cmEgZSBxdWVtIHNhaSE=,,SmFrazogwqHCocKhwqHCocKhQWhoaCEhISEhIQ==
lNMPBg,,SmFrazogSGVscCBtZSEhISEhIQ==,,,,,W0pha2tdClF1acOpPw==,,SmFrazogwqHCocKhwqHCocKhQXl1ZGEgbWUhISEhISE=
ldMPBg,,SmFrazogSG9yb25nIGdvdCBtZSEhISEhIQ==,,,,,W0pha2tdCkpha2sgRXN0cmFuaG8/Ck51bSBzYWJvLg==,,SmFrazogwqFIb3JvbmcgbWUgYXRyYXDDsyE=
ltMPBg,,W0pha2tdClJ1biEhISEhIQ==,,,,,W0pha2tdCk1pw7MgdsOqIG5hIHByYcOnYSBkYSBjaWRhZGUgc2kgYWxndcOpbSBqw6Egdml1LCBuw6k/CnNrc2tza3NrISEhIQ==,,W0pha2tdCsKhQ29ycmUh
l9MPBg,,SmFrazogWWVzISBJIGdvdCBhd2F5ISEhISEh,,,,,W0pha2tdCkJ1IQ==,,SmFrazogwqFTw60hIMKhTWUgZXNjYXDDqSE=
mNMPBg,,SmFrayA6IFllcyEgSSBnb3QgYXdheSEhISEhIQ==,,,,,W0pha2tdCkZlbGl6IGRpYSBkYXMgYnJ1eGFzIQpIYWxsb3dlZW4hISEgSGFsbG93ZWVuISEh,,SmFrazogwqFTw60hIMKhwqHCocKhwqHCoU1lIGhlIGVzY2FwYWRvISEhISEh
mdMPBg,,SmFrayA6IEhlaGUhISEhISE=,,,,,W0pha2tdCkpha2sgRXN0cmFuaG8/ClNlIGV1IG7Do28gdmk/ClRvZG9zIG9zIEpha2tzIHPDo28gSmFrayE=,,SmFrayA6IMKhSmUsIGplIQ==
mtMPBg,,W0pha2tdCkhlaGVoZSEhISEhIQ==,,,,,W0pha2tdCkFoISEKTGVtYnJvIGRlIHRlciB2aXN0byB1bSBKYWtrIG1haXMgZXN0cmFuaG8gcXVlIG8gbm9ybWFsIQpFbGUgZXN0YXZhIHB1bGFuZG8gZSBncml0YW5kby4=,,W0pha2tdCsKhSmUsIGplLCBqZSE=
m9MPBg,,SmFrazogSGVoZWhlaGUhISEhISE=,,,,,W0pha2tdCk7Do28gw6kgZXN0cmFuaG8gbyBKYWtrIEVzdHJhbmhvIGFnaXIgZXN0cmFuaG8/CkVsZSBwYXJlY2UgdGVyIGlkbyBhbyBzdWwh,,SmFrazogwqFKZSwgamUsIGplLCBqZSE=
nNMPBg,,SG9yaXJvbmc=,,,,,SmFrayBFc3F1aXNpdG8=,,SG9yaXJvbmc=
ndMPBg,,W0hvcmlyb25nXQpFeGNpdGluZyE=,,,,,W0pha2sgRXNxdWlzaXRvXQpBQUFBQSEhISEhISEhISEhClF1ZSBzdXN0byEhIQ==,,W0hvcmlyb25nXQrCoUVtb2Npb25hbnRlIQ==
ntMPBg,,W0h1cmFlcm9uZ10KRXhjaXRpbmchISE=,,,,,W0pha2sgRXNxdWlzaXRvXQpVbSBKYWtrIEVzdHJhbmhvPwpDb21vIGFzc2ltPw==,,W0h1cmFlcm9uZ10KwqFFbW9jaW9uYW50ZSE=
n9MPBg,,W0hvcmlyb25nXQpNeSBmcmllbmRzIGFyZSBnYXRoZXJpbmcu,,,,,W0pha2sgRXNxdWlzaXRvXQpKYWtrLi4uClF1YWxxdWVyIHVtIGFxdWkgw6kgY2hhbWFkbyBkZSBKYWtrLCBqw6EgcGVyY2ViZXU/,,W0hvcmlyb25nXQpNaXMgYW1pZ29zIHNlIGVzdMOhbiByZXVuaWVuZG8u
oNMPBg,,W0hpcmV1cm9uZ10KRXhjaXRpbmch,,,,,W0pha2sgRXNxdWlzaXRvXQpIYWguLi4gcXVlIGZlbGljaWRhZGUuCkZpbmFsbWVudGUgYWNoZWkgYWxndcOpbSBjb20gcXVlbSBwb3NzbyBjb252ZXJzYXIuLi4=,,W0hpcmV1cm9uZ10KwqFFbW9jaW9uYW50ZSE=
odMPBg,,W0h1cmFlcm9uZ10KSXQncyB0aW1lIGZvciB0aGUgZmVzdGl2YWwhISE=,,,,,W0pha2sgRXNxdWlzaXRvXQpTYWJlIHF1ZSBsdWdhciDDqSBlc3NlPwpFdSBlc3RhdmEgcHVsYW5kbyBkZSBCdW5nZWUgSnVtcCBlbSBVbWJhbGEgZSwgZGUgcmVwZW50ZSwgdmltIHBhcmFyIGFxdWku,,W0h1cmFlcm9uZ10KwqFFcyBsYSBob3JhIGRlbCBmZXN0aXZhbCE=
otMPBg,,W0hpcmV1cm9uZ10KQXNzZW1ibGUhISE=,,,,,W0pha2sgRXNxdWlzaXRvXQpGaXF1ZWkgcGVyZ3VudGFuZG8gY29tIGFzIHBlc3NvYXMgZGFxdWksIG1hcyBzw7MgZmFsYXJhbSBjb2lzYXMgZXN0cmFuaGFzLi4u,,W0hpcmV1cm9uZ10KwqHCoUrDum50ZW5zZSEh
o9MPBg,,W0hvcmlyb25nXQpMaXR0bGUgSmFrayEKQmlnIEpha2shCkRlY29yYXRlZCBKYWtrISEhCldlaXJkIEpha2shISEKQXNzZW1ibGUhISEh,,,,,W0pha2sgRXNxdWlzaXRvXQpFdSBwcmVjaXNvIHZvbHRhciBwYXJhIGNhc2EuIFNlcmlhIGJvbSBzZSB0aXZlc3NlIHVtYSBBc2EgZGUgQm9yYm9sZXRhIEF6dWwuLi4=,,W0hvcmlyb25nXQrCoUpha2sgcGVxdWXDsW8hCsKhSmFrayBncmFuZGUhCsKhSmFrayBkZWNvcmFkbyEKwqFKYWtrIHJhcm8hCsKhwqFKw7pudGVuc2UhIQ==
pNMPBg,,W0hpcmV1cm9uZ10KVGhhdCdzIHN0cmFuZ2Uu,,,,,W0pha2sgRXNxdWlzaXRvXQpPaCEhISEKT2JyaWdhZG8gcGVsYSBBc2EgZGUgQm9yYm9sZXRhIEF6dWwhISE=,,W0hpcmV1cm9uZ10KUXXDqSBleHRyYcOxby4=
pdMPBg,,W0h1cmFlcm9uZ10KSmFrayBpcyB3ZWlyZCEhIQ==,,,,,W0pha2sgRXNxdWlzaXRvXQpOw6NvIHBvc3NvIHRlIHJlY29tcGVuc2FyIGNvbSBaZW55LCBwb2lzIG7Do28gc2VpIG9uZGUgbWluaGEgYm9sc2EgZm9pIHBhcmFyLi4u,,W0h1cmFlcm9uZ10KwqFKYWtrIGVzdMOhIHJhcm8h
ptMPBg,,W0hpcmV1cm9uZ10KSXQncyBleGNpdGluZyBIYWxsb3dlZW4gd2hlbiBtb3JlIGpha2tzIGdhdGhlcg==,,,,,W0pha2sgRXNxdWlzaXRvXQpBaCEhIQpFdSB0ZSBkZWkgdW1hIEdlbGVpYSBkZSBBdmVsw6MsIHF1ZSDDqSBtZWxob3IgcXVlIG5hZGEh,,W0hpcmV1cm9uZ10KSGFsbG93ZWVuIGVzIGVtb2Npb25hbnRlIGN1YW5kbyBoYXkgbcOhcyBKYWtrcy4=
p9MPBg,,W0h1cmFlcm9uZ10KSG9vcmF5ISEh,,,,,W0pha2sgRXNxdWlzaXRvXQpNdWl0byBvYnJpZ2Fkby4KVWh1bH4gRmluYWxtZW50ZSBwb3NzbyB2b2x0YXIgcGFyYSBjYXNhISEh,,W0h1cmFlcm9uZ10KwqFZdXBpIQ==
qNMPBg,,W0hvcmlyb25nXQpJdCdzIGEgZmVzdGl2YWwhISEh,,,,,W0pha2sgRXNxdWlzaXRvXQpBaCwgdm9jw6ogcXVlciBzYWJlciBzb2JyZSBvIEpha2sgRXN0cmFuaG8sIGNlcnRvPwpOw6NvIHNlaSBzZSDDqSBlbGUsIG1hcyB2aSB1bSBDYXZhbGVpcm8gc2VtIGNhYmXDp2Eu,,W0hvcmlyb25nXQohRXMgdW4gZmVzdGl2YWwh
qdMPBg,,W0h1cmFlcm9uZ10KYWhoISEhCldlaXJkIEpha2sgaXMgd2VpcmQhIQ==,,,,,W0pha2sgRXNxdWlzaXRvXQpOw6NvIGNvbnNlZ3VpYSBlbnRlbmRlciBvIHF1ZSBkaXppYSwgbWFzIGVsZSBmaWNhdmEgYW8gbm9ydGUgZGFxdWku,,W0h1cmFlcm9uZ10KwqFBaGghCsKhSmFrayByYXJvIGVzIHJhcm8h
qtMPBg,,W0hpcmV1cm9uZ10KSmFrayBpcyB3ZWlyZCE=,,,,,W0pha2sgRXNxdWlzaXRvXQpIbS4uLiBuw6NvIMOpIHBvciBpc3NvIHF1ZSBjaGFtYW0gZWxlIGRlIEVzdHJhbmhvPw==,,W0hpcmV1cm9uZ10KwqFKYWtrIGVzIHJhcm8h
q9MPBg,,W0hvcmlyb25nXQpKYWtrIGlzIGFsd2F5cyB3ZWlyZA==,,,,,SmFrayBFc3RyYW5obw==,,W0hvcmlyb25nXQpKYWtrIHNpZW1wcmUgZXMgcmFyby4=
rNMPBg,,W0h1cmFlcm9uZ10KV2h5IGlzIGl0IHdlaXJkPw==,,,,,W0pha2sgRXN0cmFuaG9dCi4uLkFpLi4uCi4uLkFpLi4uCi4uLkFpLi4uCi4uLkFpLi4u,,W0h1cmFlcm9uZ10Kwr9Qb3IgcXXDqSBlcyByYXJvPw==
rdMPBg,,W0hpcmV1cm9uZ10KQXNrIEpha2sh,,,,,W0pha2sgRXN0cmFuaG9dCk8gcXVlLi4uQWkuLi52b2PDqiBxdWVyPw==,,W0hpcmV1cm9uZ10KwqFQcmVnw7pudGFsZSBhIEpha2sh
rtMPBg,,W0hvcmlyb25nXQpKYWtrIGtub3dzIGl0LiEhIQ==,,,,,W0pha2sgRXN0cmFuaG9dCkpha2suLi5BaS4uLkVzdHJhbmhvPwpBY2hvLi4uIHF1ZSBzb3UuLi4gZXUu,,W0hvcmlyb25nXQrCoUpha2sgbG8gc2FiZSE=
r9MPBg,,W0hpcmV1cm9uZ10KSSBrbm93ISE=,,,,,W0pha2sgRXN0cmFuaG9dCkV1IGFjaG8uLi5BaQouLi5BaS4uLiBjb20gZXNzYSBhYsOzYm9yYSBuw6NvLi4uQWkuLi4gY29uc2lnby4uLkFpLi4uIHZlci4uLgpOZW0uLi5BaS4uLmZhbGFyLi4uQWkuLi4=,,W0hpcmV1cm9uZ10KwqHCoUxvIHPDqSEh
sNMPBg,,W0hvcmlyb25nXQpKYWtrIGlzIGFsd2F5cyB3ZWlyZCEh,,,,,TsOjbyBxdWVyIHRpcmFyIGEgYWLDs3JvcmE/,,W0hvcmlyb25nXQrCocKhSmFrayBzaWVtcHJlIGVzIHJhcm8hIQ==
sdMPBg,,W0hpcmV1cm9uZ10KQXNrIEpha2su,,,,,W0pha2sgRXN0cmFuaG9dCkFoLi4uQWkuLi5Ow6NvISEhLi4uQWkuLi5BaS4uLg==,,W0hpcmV1cm9uZ10KUHJlZ8O6bnRhbGUgYSBKYWtrLg==
stMPBg,,W0hvcmlyb25nXQpKYWtrIGtub3dzISEh,,,,,W0pha2sgRXN0cmFuaG9dCkrDoSBlc3RvdSBtb3J0by4uLi4gbWFzIHNlbSBlbGEsIGV1IHNpbnRvLi4uIHF1ZSB2b3UgbW9ycmVyISEh,,W0hvcmlyb25nXQrCoUpha2sgc2FiZSE=
s9MPBg,,W0hvcmlyb25nXQpXZWlyZCE=,,,,,UG9yIHF1ZT8=,,W0hvcmlyb25nXQrCoVF1w6kgcmFybyE=
tNMPBg,,W0hpcmV1cm9uZ10KV2VpcmQgSmFrayBnZXRzIGNsZWFuZWQgdXAh,,,,,W0pha2sgRXN0cmFuaG9dCi4uLkFpLi4uUG9yIHF1ZS4uLkFpLi4gw6kgbyBzZWd1aW50ZS4uQWkuLi4KU2FiZSBxdWFuZG8uLi5BaS4uLmRlIGzDoT8KLi4uQWkuLi5lc3NlIGNoZWlyby4uLkFpLi4uIHBlcmRlbmRvLi4uQWkuLi4gbsOjbyBjb21iaW5hLi4uQWkuLi5leHBsaWNhbmRvIG1lbGhvci4uLg==,,W0hpcmV1cm9uZ10KwqFKYWtrIHJhcm8gc2UgZXN0w6EgbGltcGlhbmRvIQ==
tdMPBg,,W0h1cmFlcm9uZ10KSSdtIGluIHRyb3VibGUhISE=,,,,,W0pha2sgRXN0cmFuaG9dCi4uLkFpLi4uU2UgZXUgY29udGludWFyLi4uQWkuLi4gcG9zc28gY2hlZ2FyLi4uQWkuLi4gZXN0YWRvIGRlIGVzcMOtcml0by4uLkFpLi4uIGluY3LDrXZlbCAuLi5BaS4uLm9kaWVpIQ==,,W0h1cmFlcm9uZ10KIUVzdG95IGVuIHByb2JsZW1hcyE=
ttMPBg,,W0hvcmlyb25nXQpJJ20gaW4gdHJvdWJsZSEhISEhISE=,,,,,W0pha2sgRXN0cmFuaG9dCk5pZmZsaGVpbS4uLkFpLi4uZW0gdW0gRmVzdGl2YWwuLi5BaS4uLmxvZ28gZW0gc2VndWlkYSAuLi5BaS4uLiBmb2kgcmlkw61jdWxvLi4u,,W0hvcmlyb25nXQohRXN0b3kgZW4gcHJvYmxlbWFzIQ==
t9MPBg,,W0h1cmFlcm9uZ10KTGV0J3MgaGVscCB0aGUgV2VpcmQgSmFrayBjaGVlciB1cCE=,,,,,W0pha2sgRXN0cmFuaG9dCi4uLkFpLi4ubyBjaGVpcm8uLi5BaS4uLiBob3Jyw612ZWwgLi4uQWkuLi4gQWxob3JpbmcgLi4uQWkuLi4gbWUgaW5jb21vZGEgLi4uQWkuLi4gZGVtYWlzLi4uQWkuLi4=,,W0h1cmFlcm9uZ10KwqFBbGVncmVtb3MgYSBKYWtrIHJhcm8h
uNMPBg,,W0hpcmV1cm9uZ10KSGVscCBtZSE=,,,,,W0pha2sgRXN0cmFuaG9dCkVudMOjbyAuLi5BaS4uLmVudGVuZGU/IQouLi5BaS4uLiBQb3IgZmF2b3IgLi4uQWkuLi5lbGltaW5lLi4uQWkuLi4gQWxob3JpbmdzIC4uLkFpLi4ubWFsZGl0b3MuLi5BaS4uLnByYSBtaW0/,,W0hpcmV1cm9uZ10KwqFBecO6ZGVubWUh
udMPBg,,W0hvcmlyb25nXQpKYWtrIHdpbGwgYmUgcHVyaWZpZWQhISE=,,,,,W0pha2sgRXN0cmFuaG9dCkFsaG8uLi5BaS4uLiBBbGhvcmluZy4uLkFpLi4uIGNhw6dhci4uLkFpLi4uIGNoZWlybyBydWltIC4uLkFpLi4u,,W0hvcmlyb25nXQrCoUpha2sgc2Vyw6EgcHVyaWZpY2FkbyE=
utMPBg,,W0h1cmFlcm9uZ10KVGhlIEpha2tzIGFyZSBhbGwgcHVyaWZpZWQhISEh,,,,,W0pha2sgRXN0cmFuaG9dCkNoZWlybyAuLi5BaS4uLnJ1aW0uLi5BaS4uLiBOaWZmbGhlaW0uLi5BaS4uLiBlbnR1cGlkYS4uLkFpLi4uIGRlLi4uQWkuLi4gbWFsZGl0b3MgLi4uQWkuLi5ub2plbnRvcy4uLkFpLi4uIEFsaG9yaW5ncy4uLkFpLi4uIHBvciBmYXZvci4uLkFpLi4uIHBvciBtaW0/,,W0h1cmFlcm9uZ10KwqFMb3MgSmFra3MgZXN0w6FuIHRvZG9zIHB1cmlmaWNhZG9zIQ==
u9MPBg,,W0hpcmV1cm9uZ10KTGV0J3MgaGVscCEh,,,,,W0pha2sgRXN0cmFuaG9dClNlLi4uQWkuLi5hY2VpdGFyLi4uQWkuLi4gTmlmZmxoZWltLi4uQWkuLi4gdmFpLi4uQWkuLi4gbWVsaG9yYXIu,,W0hpcmV1cm9uZ10KwqFBeXVkZW1vcyE=
vNMPBg,,W0h1cmFlcm9uZ10KVGhlIEpha2tzIGFyZSBhbGwgcHVyaWZpZWQhISE=,,,,,W0pha2sgRXN0cmFuaG9dClBvciBmYXZvci4uLkFpLi4uIGVsaW1pbmUuLi5BaS4uLiAyMC4uLkFpLi4uIEFsaG9yaW5nLi4uQWkuLi4=,,W0h1cmFlcm9uZ10KwqFMb3MgSmFra3MgZXN0w6FuIHRvZG9zIHB1cmlmaWNhZG9zIQ==
vdMPBg,,W0hpcmV1cm9uZ10KSGVscCE=,,,,,W0pha2sgRXN0cmFuaG9dCk9vaCAuLi5BaS4uLmrDoSB2b2x0b3U/,,W0hpcmV1cm9uZ10KwqFBeXVkYSE=
vtMPBg,,W0hvcmlyb25nXQpKYWtrJ3MgYmFjayEhIQ==,,,,,W0pha2sgRXN0cmFuaG9dCi4uLkFpLi4uCi4uLkFpLi4uCi4uLkFpLi4uIFZhbW9zIHZlci4uLkFpLi4u,,W0hvcmlyb25nXQrCoUpha2sgdm9sdmnDsyE=
v9MPBg,,W0h1cmFlcm9uZ10KV293ISEhCkdhcmxpbmcgc21lbGwhISE=,,,,,W0pha2sgRXN0cmFuaG9dClBlcmZlaXRvISEhIQ==,,W0h1cmFlcm9uZ10KwqFHdWF1IQrCoU9sb3IgYSBHYXJsaW5nIQ==
wNMPBg,,W0hpcmV1cm9uZ10KSXQncyBnb2luZyB0byBiZSBwdXJpZmllZCEhISE=,,,,,W0pha2sgRXN0cmFuaG9dCkZpbmFsbWVudGUgcG9zc28gdGlyYXIgZXNzZSBjYXBhY2V0ZSBhYmFmYWRvISEhIQ==,,W0hpcmV1cm9uZ10KwqFTZSB2YSBhIHB1cmlmaWNhciE=
wdMPBg,,W0h1cmFlcm9uZ10KRXZlbiB0aG91Z2ggSmFrayBoYXMgY2F1Z2h0IHNvIG1hbnkgR2FybGluZywgaGUgc3RpbGwgaGFzIHNvIG1hbnkgR2FybGluZyE=,,,,,W0pha2sgRXN0cmFuaG9dClZpdmEhIQpWaXZhISEh,,W0h1cmFlcm9uZ10KwqFBdW5xdWUgSmFrayBhdHJhcMOzIG11Y2hvcyBHYXJsaW5nLCBzaWd1ZSB0ZW5pZW5kbyBtdWNob3MgR2FybGluZyE=
wtMPBg,,W0hvcmlyb25nXQpUaGVyZSdzIGEgbG90IG9mIGl0IQ==,,,,,W0pha2sgRXN0cmFuaG9dCkVzdGUgZG9jZSBlIHJlZnJlc2NhbnRlIGFyb21hIGRlIG1vcnRlISEhIQ==,,W0hvcmlyb25nXQrCoUhheSB1biBtb250w7NuIQ==
w9MPBg,,W0hpcmV1cm9uZ10KQnV0IGlmIHlvdSBnbyBnZXQgR2FybGluZyBhZ2FpbiwgSmFjayB3aWxsIGJlIHB1cmlmaWVkIHRvbyEhIQ==,,,,,W0pha2sgRXN0cmFuaG9dCkhlaEhlaEhlaEhlaEhlaEhlaEhlaApIZWhIZWhIZWhIZWhIZWhIZWhIZWgKSGVoSGVoSGVoSGVoSGVoSGVoSGVoCkhlaEhlaEhlaEhlaEhlaEhlaEhlaA==,,W0hpcmV1cm9uZ10KUGVybyBzaSBidXNjYXMgR2FybGluZyBvdHJhIHZleiwgwqFKYWtrIHRhbWJpw6luIHNlIHB1cmlmaWNhcsOhIQ==
xNMPBg,,W0h1cmFlcm9uZ10KSmFrayB3aWxsIGJlIHB1cmlmaWVkISEhIQ==,,,,,W0pha2sgRXN0cmFuaG9dCkFhYWEhISEhCk7Do28hISEKLi4uQWkuLi4gbWFsZGl0b3MhISEhCkNvbW8uLi5BaS4uLmVzdMOjby4uLkFpLi4uYcOtLi4uQWkuLi4hISEh,,W0h1cmFlcm9uZ10KwqFKYWtrIHNlIHB1cmlmaWNhcsOhIQ==
xdMPBg,,W0hvcmlyb25nXQpFbm91Z2ggZm9yIHRvZGF5,,,,,W0pha2sgRXN0cmFuaG9dCk1lc21vLi4uQWkuLi5xdWUgdm9jw6ouLi5BaS4uLiB0ZW5oYSBjdWlkYWRvIGRlbGVzLi4uQWkuLi4gbyBjaGVpcm8gYWluZGEgcGVyc2lzdGUhISEh,,W0hvcmlyb25nXQpTdWZpY2llbnRlIHBvciBob3ku
xtMPBg,,W0h1cmFlcm9uZ10KU3RvcCEh,,,,,W0pha2sgRXN0cmFuaG9dClZvY8OqLi4uQWkuLi4gdmFpIHByZWNpc2FyLi5BaS4uLiBlbGltaW5hci4uLkFpLi4uIG11aXRvIG1haXMuLi5BaS4uLg==,,W0h1cmFlcm9uZ10KwqFBbHRvIQ==
x9MPBg,,W0hpcmV1cm9uZ10KSXQncyB0b21vcnJvdyEh,,,,,W0pha2sgRXN0cmFuaG9dClBvciBmYXZvci4uLkFpLi4uIHbDoS4uLkFpLi4uIGZhbGFyIC4uLkFpLi4uY29tLi4uQWkuLi4gYXF1ZWxlcy4uLkFpLi4uIEx1ZGVzIC4uLkFpLi4uIHByYSBtaW0/Li4uQWkuLi4=,,W0hpcmV1cm9uZ10KwqHCoUVzIG1hw7FhbmEhIQ==
yNMPBg,,W0hvcmlyb25nXQpTZWUgeW91IHRvbW9ycm93ISEh,,,,,W0pha2sgRXN0cmFuaG9dCi4uLkFpLi4uIG1hbGRpdG9zISEhIQpDb21vLi4uQWkuLi5lc3TDo28uLi5BaS4uLmHDrS4uLkFpLi4uISEhIQ==,,W0hvcmlyb25nXQrCoUhhc3RhIG1hw7FhbmEh
ydMPBg,,W0hpcmV1cm9uZ10KSXQncyBhIGZlc3RpdmFsISEh,,,,,R2F0byBHaWdhbnRl,,W0hpcmV1cm9uZ10KIUVzIHVuIGZlc3RpdmFsIQ==
ytMPBg,,W0h1cmFlcm9uZ10KSmFrayBoYXMgY2F1Z2h0IHNvIG1hbnkgZ2FybGluZ3MsIGFuZCB0aGVyZSBhcmUgc3RpbGwgbW9yZSE=,,,,,SmFrayBDaG9yb3Nv,,W0h1cmFlcm9uZ10KSmFrayBhdHJhcMOzIG11Y2hvcyBHYXJsaW5nLCDCoXkgYcO6biBoYXkgbcOhcyE=
y9MPBg,,W0hvcmlyb25nXQpBIGxvdCBvZiB0aGVtIQ==,,,,,W0pha2sgQ2hvcm9zb10KRWl+Ck9pLCBKYWtrCkZlbGl6IERpYSBkYXMgQnJ1eGFzISE=,,W0hvcmlyb25nXQrCoU11Y2hvcyE=
zNMPBg,,W0hpcmV1cm9uZ10KQnV0IGlmIGhlIGdvZXMgdG8gY2F0Y2ggYW5vdGhlciBHYXJsaW5nLCBKYWtrIHdpbGwgYmUgcHVyaWZpZWQhIQ==,,,,,W0pha2sgQ2hvcm9zb10KQWkuLi4gcXVlIGVtb8Onw6NvLi4uCkVzc2UgZmVzdGl2YWwgZGUgaGFsbG93ZWVuLi4uLg==,,W0hpcmV1cm9uZ10KwqHCoVBlcm8gc2kgYXRyYXBhIG90cm8gR2FybGluZywgSmFrayBzZSBwdXJpZmljYXLDoSE=
zdMPBg,,W0h1cmFlcm9uZ10KSmFrayB3aWxsIGJlIHB1cmlmaWVkISEh,,,,,UG9yIHF1ZSBlc3TDoSBjaG9yYW5kbz8=,,W0h1cmFlcm9uZ10KwqFKYWtrIHNlcsOhIHB1cmlmaWNhZG8h
ztMPBg,,W0hvcmlyb25nXQpFbm91Z2ggZm9yIHRvZGF5IQ==,,,,,W0pha2sgQ2hvcm9zb10KRS1ldSBuw6NvIGVzdG91IGNob3JhbmRvIQpFdSwgaGVpbiE=,,W0hvcmlyb25nXQrCoVN1ZmljaWVudGUgcG9yIGhveSE=
z9MPBg,,W0hpcmV1cm9uZ10KVG9tb3Jyb3chISEh,,,,,W0pha2sgQ2hvcm9zb10KSXNzbyDDqSBhcGVuYXMgc3VjbyBkZSBhYsOzYm9yYSBlc2NvcnJlbmRvIQpIdW0uLi4=,,W0hpcmV1cm9uZ10KIU1hw7FhbmEh
0NMPBg,,W0hpcmV1cm9uZ10KSXQncyBhIGZlc3RpdmFsISE=,,,,,W0pha2sgQ2hvcm9zb10KVXJnaCE=,,W0hpcmV1cm9uZ10KIUVzIHVuIGZlc3RpdmFsIQ==
0dMPBg,,W0hvcmlyb25nXQpUaGF0J3Mgc3RyYW5nZSE=,,,,,W0pha2sgQ2hvcm9zb10KQnXDocOhw6HDocOhISEhIQ==,,W0hvcmlyb25nXQrCoVF1w6kgZXh0cmHDsW8h
0tMPBg,,W0hpcmV1cm9uZ10KV2VpcmQgSmFrayBpcyBwdXJpZmllZCE=,,,,,Q29uc29sYXIu,,W0hpcmV1cm9uZ10KwqFKYWtrIHJhcm8gc2UgcHVyaWZpY8OzIQ==
09MPBg,,W0hvcmlyb25nXQpJJ20gaW4gdHJvdWJsZSEhISEhIQ==,,,,,Q2hvcmEgbWFpcy4=,,W0hvcmlyb25nXQohRXN0b3kgZW4gcHJvYmxlbWFzIQ==
1NMPBg,,QWNjZXB0IHRoZSByZXF1ZXN0Li4=,,,,,W0pha2sgQ2hvcm9zb10KUG94YS4uLgouLi5TbmlmLi4u,,QWNlcHRhciBsYSBzb2xpY2l0dWTigKY=
1dMPBg,,QWJhbmRvbi4=,,,,,W0pha2sgQ2hvcm9zb10KQWNobyBxdWUgZmlxdWVpIG1haXMgc2VudGltZW50YWwgZGVzZGUgbyBuYXNjaW1lbnRvIGRvIG1ldSBnYXRpbmhvLg==,,QWJhbmRvbmFyLg==
1tMPBg,,W0hvcmlyb25nXQpGcmllbmRzIGFyZSBnYXRoZXJpbmch,,,,,W0pha2sgQ2hvcm9zb10KSmFrayDDqSBhbWlnbyBkZSBNaWF1IQpKYWtrIHRhbWLDqW0gZ29zdGEgZG8gTWlhdSE/CkV1IGFtbyBnYXRpbmhvcyEhIQ==,,W0hvcmlyb25nXQrCoUxvcyBhbWlnb3Mgc2UgcmXDum5lbiE=
19MPBg,,W0h1cmFlcm9uZ10KSXQncyBhIGZlc3RpdmFsISEh,,,,,W0pha2sgQ2hvcm9zb10KTWUgZW1vY2lvbmVpIQpGaXF1ZWkgdMOjbyBlbW9jaW9uYWRvIHF1ZSBkYW5pZmlxdWVpIGEgYWLDs2JvcmEhClF1YW5kbyBxdWUgbyBnYXRpbmhvIHZhaSBzZXIgbWV1IG1lbGhvciBhbWlnbz8=,,W0h1cmFlcm9uZ10KIUVzIHVuIGZlc3RpdmFsIQ==
2NMPBg,,W0hpcmV1cm9uZ10KQXNzZW1ibGUhIQ==,,,,,W0pha2sgQ2hvcm9zb10KSG1tLi4u,,W0hpcmV1cm9uZ10KwqHCoUrDum50ZW5zZSEh
2dMPBg,,W0hvcmlyb25nXQpGcmllbmRzIGFyZSBnYXRoZXJpbmchIQ==,,,,,W0pha2sgQ2hvcm9zb10KSmFrayEKUXVlcmlhIHNhYmVyIGNvbW8gSmFrayBzZSBkZXUgYmVtIGNvbSBvIFp1bWJpY2hhbm8hIQ==,,W0hvcmlyb25nXQrCoUxvcyBhbWlnb3Mgc2UgcmXDum5lbiE=
2tMPBg,,W0h1cmFlcm9uZ10KSXQncyBhIGZlc3RpdmFsISEhIQ==,,,,,W0pha2sgQ2hvcm9zb10KSXNzbyEKT3V2aSBkaXplciBxdWUgXkZGMDAwMEpha2sgYW8gc3VsIGRlIE5pZmZsaGVpbV4wMDAwMDAgc2FiZSEKVsOhIGzDoSBlIHBlcmd1bnRlIGRlbGUhIQ==,,W0h1cmFlcm9uZ10KIUVzIHVuIGZlc3RpdmFsIQ==
29MPBg,,SHVyYWVyb25n,,,,,W0pha2sgQ2hvcm9zb10KQnXDocOhw6HDoS4uLg==,,SHVyYWVyb25n
3NMPBg,,SGlyZXVyb25n,,,,,W0pha2sgQ2hvcm9zb10KSmFrayEhIQpPIHF1ZSBKYWtrIGNvbnRvdSBwYXJhIHZvY8OqPw==,,SGlyZXVyb25n
3dMPBg,,W0pha2tdCkhhcHB5IEhhbGxvd2Vlbn4hCkhvdydzIHRoZSBmZXN0aXZhbCBnb2luZywgSmFraz8/,,,,,TsOjbyBhY2hvIHF1ZSBpc3NvIHZhaSBhanVkYXIu,,W0pha2tdCsKhRmVsaXogSGFsbG93ZWVuIQrCv0PDs21vIHZhIGVsIGZlc3RpdmFsLCBKYWtrPw==
3tMPBg,,QXNraW5nIGFib3V0IGEgV2VpcmQgSmFraw==,,,,,W0pha2sgQ2hvcm9zb10KVcOpIH4KRSBvIHF1ZSBldSBmYcOnbz8KVmFtb3Mgb3V2aXIgZG9zIG91dHJvcyBKYWtrcz8=,,UHJlZ3VudGFyIHBvciB1biBKYWtrIHJhcm8u
39MPBg,,W0pha2tdClN0cmFuZ2UgSmFray4uLgpXZWxsPwpJIGRvIG5vdCBrbm93IQ==,,,,,W0pha2sgQ2hvcm9zb10KSmFrayEhClF1ZSB0YWwgZW5jb250cmFyIF5GRjAwMDAxMCBKYWtrcyBGdWdpdGl2b3NeMDAwMDAwIHBhcmEgbWltPwpBcHJvdmVpdGUgZSB0cmFnYSBeRkYwMDAwNXggRGVjb3Jhw6fDo28gZGUgQWLDs2JvcmEgZSA1eCBSYW1vIEJyYW5jbyBGaW5vXjAwMDAwMCBjb21vIHByb3ZhISE=,,W0pha2tdCkVsIEpha2sgZXh0cmHDsW/igKYKwr9ZIGJpZW4/CsKhTm8gbG8gc8OpIQ==
4NMPBg,,W0pha2tdCkkndmUgYmVlbiB3YXRjaGluZyBKYWtrIGhlcmUgYWxsIHRoZSB0aW1lLCBidXQgSSBkb24ndCB0aGluayB0aGUgc3RyYW5nZSBKYWtrIGhhcyBwYXNzZWQu,,,,,W0pha2sgQ2hvcm9zb10KT2ksIEpha2sh,,W0pha2tdCkVzdHV2ZSB0b2RvIGVsIHRpZW1wbyBhcXXDrSBtaXJhbmRvIGEgSmFraywgcGVybyBubyBjcmVvIHF1ZSBlbCBKYWtrIGV4dHJhw7FvIGhheWEgcGFzYWRvLg==
4dMPBg,,W0pha2tdCkhtbS4uLgpJZiBpdCdzIGEgc3RyYW5nZSBKYWtrLCB3b3VsZG4ndCB0aGUgSmFrayBhdCB0aGUgZW50cmFuY2Ugb2YgdGhlIHZpbGxhZ2Uga25vdyBpdCB3ZWxsPw==,,,,,W0pha2tdCkVpLCBKYWtrIQrDiSBvIEpha2s/,,W0pha2tdCk1tbeKApgpTaSBlcyB1biBKYWtrIGV4dHJhw7FvLCDCv25vIGxvIGNvbm9jZXLDrWEgYmllbiBlbCBKYWtrIGEgbGEgZW50cmFkYSBkZSBsYSBhbGRlYT8=
4tMPBg,,W0pha2tdCkpha2sgbXVzdCBoYXZlIHNlZW4gYWxsIHRoZSBKYWtrcyBjb21pbmcgaW50byB0b3duIQ==,,,,,SmFrayA6IEVpLCBKYWtrIQ==,,W0pha2tdCsKhSmFrayBkZWJlIGhhYmVyIHZpc3RvIGEgdG9kb3MgbG9zIEpha2tzIHF1ZSBsbGVnYWJhbiBhbCBwdWVibG8h
49MPBg,,W0pha2tdCkpha2sgbXVzdCBoYXZlIHNlZW4gYWxsIHRoZSBKYWtrJ3MgY29taW5nIGludG8gdG93biE=,,,,,SmFrayA6IMOJIG8gSmFraz8=,,W0pha2tdCsKhSmFrayBkZWJlIGhhYmVyIHZpc3RvIGEgdG9kb3MgbG9zIEpha2tzIHF1ZSBsbGVnYWJhbiBhbCBwdWVibG8h
5NMPBg,,W0pha2tdCkhhcHB5IEhhbGxvd2Vlbn4hCkhvdydzIHRoZSBmZXN0aXZhbCBnb2luZywgSmFraz8=,,,,,W0pha2sgQ2hvcm9zb10KVHJvdXhlIHZvY8OqcyBhcXVpIHBhcmEgc2FiZXIgY29tbyBmaXplcmFtIGFtaXphZGUgY29tIG9zIFp1bWJpY2hhbm9zIQ==,,W0pha2tdCsKhRmVsaXogSGFsbG93ZWVuIQrCv0PDs21vIHZhIGVsIGZlc3RpdmFsLCBKYWtrPw==
5dMPBg,,W0pha2tdClllcz8=,,,,,W0pha2sgQ2hvcm9zb10KQ29tbyB2b2PDqnMgY29uc2VndWlyYW0gYXVtZW50YXIgYSBsZWFsZGFkZSBkZWxlPw==,,W0pha2tdCsK/U8OtPw==
5tMPBg,,QXNrIGFib3V0IHRoZSB3ZWlyZCBqYWtrLg==,,,,,W0pha2tdClNpbmNlcmFtZW50ZT8KU2FiZSBxdWUgZXUgbsOjbyBzZWk/,,UHJlZ3VudGFyIHBvciBlbCBKYWtrIHJhcm8u
59MPBg,,W0pha2tdCklzYWhhIEphZT8KTW9yYS4=,,,,,SmFrayA6IFPDsyBzZWkgcXVlIHPDo28gZm9maW5ob3MhISE=,,W0pha2tdCsK/SXNhaGEgSmFlPwpNb3JhLg==
6NMPBg,,W0pha2tdCkJlY2F1c2UgSSd2ZSBncm93biB1cCBoZXJlLCB3aHkgZG9uJ3QgQ2h1ZG8sIFp1amksIE1vaGEsIG9yIEphZGUgZ2F0aGVyIGF0IHRoaXMgc25hY2s/CkhleSBQaXBwdSEhISE=,,,,,W0pha2tdClBvciBxdWUgdm9jw6ogbsOjbyBzYWJlPwpadW1iaWNoYW5vcyBzw6NvIGRpZsOtY2VpcyBkZSBsaWRhciE=,,W0pha2tdCllhIHF1ZSBjcmVjw60gYXF1w60sIMK/cG9yIHF1w6kgbm8gc2UgcmXDum5lbiBDaHVkbywgWnVqaSwgTW9oYSBvIEphZGUgYSBwcm9iYXIgZXN0ZSByZWZyaWdlcmlvPwrCoUV5LCBQaXBwdSE=
6dMPBg,,W0pha2tdCkZsYXch,,,,,SmFrayA6IFPDo28gbXVpdG8gY3V0aS1jdXRpIQ==,,W0pha2tdCsKhRmFsbGEh
6tMPBg,,W0pha2tdCkhhcHB5IEhhbGxvd2VlbiEKSGFsbG93ZWVuISEhIEhhbGxvd2VlbiEh,,,,,W0pha2sgQ2hvcm9zb10KSG1tLi4uCkRyb2dhIQpFc3NlcyBKYWtrcyBuw6NvIHNhYmVtIGRlIG5hZGEh,,W0pha2tdCsKhRmVsaXogSGFsbG93ZWVuIQrCocKhwqFIYWxsb3dlZW4hISEgwqHCoUhhbGxvd2VlbiEh
69MPBg,,QXNrIGFib3V0IHRoZSBXZWlyZCBKYWtr,,,,,W0pha2sgQ2hvcm9zb10KVmFtb3MgcGVyZ3VudGFyIHBhcmEgbWFpcyBKYWtrcyBhbWFuaMOjIQ==,,UHJlZ3VudGFyIHBvciBlbCBKYWtrIHJhcm8u
7NMPBg,,W0pha2tdClN0cmFuZ2UgSmFrawpEaWRuJ3QgeW91IHNlZSBpdD8KQmVjYXVzZSBhbGwgSmFra3MgYXJlIEpha2tzIQ==,,,,,W0pha2sgQ2hvcm9zb10KSXNzbyEKVGFsdmV6IG91dHJvcyBKYWtrcyBzYWliYW0sIG7Do28gw6k/,,W0pha2tdCkVsIEpha2sgZXh0cmHDsW8sCsK/Tm8gbG8gdmlzdGU/CsKhUG9ycXVlIHRvZG9zIGxvcyBKYWtrcyBzb24gSmFra3Mh
7dMPBg,,W0pha2tdCkFoISEKQnkgdGhlIHdheSwgSSBoYXZlbid0IHNlZW4gYSBzdHJhbmdlIEpha2ssIGJ1dCBpZiBpdCdzIGEgc3RyYW5nZSBKYWtrLCBJJ3ZlIHNlZW4gaXQgaW4gZnJvbnQgb2YgdGhlIHNvdXRoIGJ1aWxkaW5nIQpTb21ldGhpbmcgc3RyYW5nZSB3YXMgcnVubmluZyBhbmQgc2NyZWFtaW5nLg==,,,,,W0pha2sgQ2hvcm9zb10KSmFrayEKT2JyaWdhZG8hClZvbHRlIGFtYW5ow6MhCk1lIHByb21ldGEhISE=,,W0pha2tdCsKhQWghClBvciBjaWVydG8sIG5vIHZpIGEgbmluZ8O6biBKYWtrIGV4dHJhw7FvLCBwZXJvIHNpIGVzIHVuIEpha2sgZXh0cmHDsW8sIMKhbG8gdmkgZGVsYW50ZSBkZWwgZWRpZmljaW8gc3VyIQpBbGdvIGV4dHJhw7FvIGNvcnLDrWEgeSBncml0YWJhLg==
7tMPBg,,W0pha2tdCklmIGl0J3MgYSBiaXQgb2YgYSB3ZWlyZCBKYWtrLCB3b3VsZG4ndCB5b3Uga25vdyBhYm91dCBhIHdlaXJkIEpha2s/Ckl0J3Mgbm90IHdlaXJkLCBidXQgaXQncyBhIGxpdHRsZSB3ZWlyZCE=,,,,,W0pha2sgQ2hvcm9zb10KUXVlIHRhbCBlbmNvbnRyYXIgXkZGMDAwMDEwIEpha2tzIEZ1Z2l0aXZvc14wMDAwMDAgcGFyYSBtaW0/CkFwcm92ZWl0ZSBlIHRyYWdhIF5GRjAwMDA1eCBEZWNvcmHDp8OjbyBkZSBBYsOzYm9yYSBlIDV4IFJhbW8gQnJhbmNvIEZpbm9eMDAwMDAwIGNvbW8gcHJvdmEhIQ==,,W0pha2tdClNpIGVzIHVuIEpha2sgdW4gcG9jbyByYXJvLCDCv25vIHJlY29ub2NlcsOtYXMgYSB1biBKYWtrIHJhcm8/Ck5vIGVzIHJhcm8sIMKhcGVybyBlcyB1biBwb2NvIHJhcm8h
79MPBg,,W0pha2tdCkhhcHB5IEhhbGxvd2VlbiEKSGFsbG93ZWVuISEhIEhhbGxvd2VlbiEhIQ==,,,,,W0pha2sgQ2hvcm9zb10KSmFrayEKVm9sdGUgYW1hbmjDoyEKTWUgcHJvbWV0YSEhIQ==,,W0pha2tdCsKhRmVsaXogSGFsbG93ZWVuIQrCocKhwqFIYWxsb3dlZW4hISEgwqHCocKhSGFsbG93ZWVuISEh
8NMPBg,,TGl0dGxlIFdlaXJkIEpha2s/,,,,,W0pha2sgQ2hvcm9zb10KRWl+Ck9pLCBKYWtrCkZlbGl6IERpYSBkYXMgQnJ1eGFz,,TGl0dGxlIFdlaXJkIEpha2s/
8dMPBg,,W0EgTGl0dGxlIFdlaXJkIEpha2tdCkhlaGVoZWhoaGhoaGhoaGhoaGhoaGhoaGhoaGhoaGhoaGhoaGhoaGhoaGhoaGhoaGhoaGhoaGhoaCEKV2hhdCwgYWxsIG9mIGEgc3VkZGVuISEh,,,,,W0pha2sgQ2hvcm9zb10KTWV1IGdhdGluaG8gbWUgYXJyYW5ob3UgaG9qZS4=,,W1VuIEpha2sgdW4gcG9jbyByYXJvXQrCoUplLCBqZSwgamUsIGplZWVlZWVlZWVlZWUhCsKhwr9RdcOpLCBhc8OtIGRlIHJlcGVudGU/IQ==
8tMPBg,,QXNrIGFib3V0IHRoZSB3ZWlyZCBqYWNrLi4=,,,,,W0pha2sgQ2hvcm9zb10KU2Vyw6EgcXVlIGVsZSBtZSBvZGVpYT8KQ29tbyBwb3NzbyBhdW1lbnRhciBhIGxlYWxkYWRlIGRlbGU/,,UHJlZ3VudGFyIHBvciBlbCBKYWtrIHJhcm8u
89MPBg,,W0EgTGl0dGxlIFdlaXJkIEpha2tdCklzIHRoYXQgd2VpcmQgSmFraz8KV2hhdCBpcyB0aGF0Pw==,,,,,W0pha2sgQ2hvcm9zb10KSmFrayEKUXVlcmlhIHNhYmVyIGNvbW8gSmFrayBzZSBkZXUgYmVtIGNvbSBvIFp1bWJpY2hhbm8h,,W1VuIEpha2sgdW4gcG9jbyByYXJvXQrCv0VzIGVzZSBlbCBKYWtrIHJhcm8/CsK/UXXDqSBlcyBlc28/
9NMPBg,,W0EgTGl0dGxlIFdlaXJkIEpha2tdClN0cmFuZ2UgSmFrayBhbmQgd2hhdC4uLgpBcmVuJ3QgYWxsIHRoZSBndXlzIGhlcmUgd2VpcmQ/,,,,,W0pha2sgQ2hvcm9zb10KSG9qZSBmdWkgYWxpbWVudGFyIG1ldSBiaWNoaW5obywgbWFzIGVsZSBtb3JkZXUgbWluaGEgYWLDs2JvcmEu,,W1VuIEpha2sgdW4gcG9jbyByYXJvXQpFbCBKYWtrIGV4dHJhw7FvIHkgcXXDqeKApgrCv05vIHNvbiB0b2RvcyBhcXXDrSByYXJvcz8=
9dMPBg,,W0EgTGl0dGxlIFdlaXJkIEpha2tdCkh5YWguLi4gSSdtIGdsYWQuCkZpbmFsbHksIEkgbWV0IHNvbWVvbmUgd2l0aCB3aG9tIEkgY2FuIGNvbW11bmljYXRlIHByb3Blcmx5Li4u,,,,,W0pha2sgQ2hvcm9zb10KU2UgY29udGludWFyIGFzc2ltLCB2b3UgdmlyYXIgdW0gSmFrayBzZW0gQ2FiZcOnYS4KQ29tbyBwb3NzbyBhdW1lbnRhciBhIGxlYWxkYWRlIGRlbGU/,,W1VuIEpha2sgdW4gcG9jbyByYXJvXQrCoUphISBNZSBhbGVncm8uClBvciBmaW4gYWxndWllbiBjb24gcXVpZW4gcHVlZG8gY29tdW5pY2FybWUgY29ycmVjdGFtZW50ZeKApg==
9tMPBg,,W0EgTGl0dGxlIFdlaXJkIEpha2tdCkJ5IHRoZSB3YXksIGRvIHlvdSBrbm93IHdoZXJlIHRoaXMgaXM/CkkgbXVzdCBoYXZlIGJlZW4gcHJhY3RpY2luZyBoaWdoLXNwZWVkIGxlZnQgYW5kIHJpZ2h0IHNwcmludHMgaW4gVW1iYWxhLCBidXQgd2hlbiBJIHdva2UgdXAsIEkgd2FzIHN0YW5kaW5nIGhlcmUu,,,,,W0pha2sgQ2hvcm9zb10KSG9qZSBmdWkgZmF6ZXIgY2FyaW5obyBuYSBiYXJyaWd1aW5oYSBkbyBtZXUgZ2F0aW5obyBlIGVsZSByb3Nub3UuLi4=,,W1VuIEpha2sgdW4gcG9jbyByYXJvXQpQb3IgY2llcnRvLCDCv3NhYmVzIGTDs25kZSBlc3TDoSBlc3RvPwpEZWJvIGhhYmVyIGVzdGFkbyBwcmFjdGljYW5kbyBjYXJyZXJhcyBkZSBhbHRhIHZlbG9jaWRhZCBhIGxhIGl6cXVpZXJkYSB5IGEgbGEgZGVyZWNoYSBlbiBVbWJhbGEsIHBlcm8gY3VhbmRvIG1lIGRlc3BlcnTDqSBlc3RhYmEgZGUgcGllIGFxdcOtLg==
99MPBg,,W0EgTGl0dGxlIFdlaXJkIEpha2tdCkV2ZW4gaWYgSSBhc2sgdGhlIHBlb3BsZSBhcm91bmQgbWUsIHRoZXkgb25seSBzYXkgc3RyYW5nZSB0aGluZ3MuLi4=,,,,,W0pha2sgQ2hvcm9zb10KRSBzZSBlbGUgZnVnaXI/CkNvbW8gcG9zc28gYXVtZW50YXIgYSBsZWFsZGFkZSBkZWxlPw==,,W1VuIEpha2sgdW4gcG9jbyByYXJvXQpBdW5xdWUgbGUgcHJlZ3VudG8gYSBsYSBnZW50ZSBhIG1pIGFscmVkZWRvciwgc29sbyBtZSBkaWNlbiBjb3NhcyBleHRyYcOxYXPigKY=
+NMPBg,,W0EgTGl0dGxlIFdlaXJkIEpha2tdCkl0IHdvdWxkIGJlIG5pY2UgaWYgSSBoYWQgdGhlIHdpbmdzIG9mIGFuIG9yZGluYXJ5IHNob3AgdGlja2V0IHRvIHJldHVybiBob21lLi4u,,,,,W0pha2sgQ2hvcm9zb10KSmFrayEKTyBtZXUgZ2F0aW5obyB2YWkgdm9sdGFyIHNlIGZ1Z2lyLCBuw6NvIMOpPwpRdWVyaWEgc2FiZXIgY29tbyBKYWtrIHNlIGRldSBiZW0gY29tIG8gWnVtYmljaGFubyE=,,W1VuIEpha2sgdW4gcG9jbyByYXJvXQpTZXLDrWEgYm9uaXRvIHNpIHR1dmllcmEgbGFzIGFsYXMgZGUgdW4gYm9sZXRvIGRlIGNvbXByYSBzaW1wbGUgcGFyYSByZWdyZXNhciBhIGNhc2HigKY=
+dMPBg,,W0EgTGl0dGxlIFdlaXJkIEpha2tdClVnaCEhISEKQXJlIHlvdSByZWFsbHkgZ2l2aW5nIGl0IHRvIG1lPyE=,,,,,W0pha2sgQ2hvcm9zb10KSG9qZSB0ZW50ZWkgZW5zaW5hciBtZXUgZ2F0aW5obyBhIHVzYXIgYSBjYWl4aW5oYSBkZSBhcmVpYS4=,,W1VuIEpha2sgdW4gcG9jbyByYXJvXQrCoVVmIQrCocK/RGUgdmVyZGFkIG1lIGxvIGVzdMOhcyBkYW5kbz8h
+tMPBg,,W0EgTGl0dGxlIFdlaXJkIEpha2tdCkkgY291bGRuJ3QgZmluZCB3aGVyZSBteSBsdWdnYWdlIHdlbnQsIHNvIEkgY2FuJ3QgZ2l2ZSBpdCBaZW55Li4u,,,,,W0pha2sgQ2hvcm9zb10KQXBhcmVudGVtZW50ZSwgZWxlIG7Do28gZ29zdG91IGUgam9nb3UgYXJlaWEgZW0gbWltLg==,,W1VuIEpha2sgdW4gcG9jbyByYXJvXQpObyBwdWRlIGVuY29udHJhciBtaSBlcXVpcGFqZSwgYXPDrSBxdWUgbm8gcHVlZG8gZGFyIHplbnnigKY=
+9MPBg,,W0EgTGl0dGxlIFdlaXJkIEpha2tdCkFoISEhCklmIHlvdSBydW4gb3V0IG9mIHN1Z2FyIHdoaWxlIGV4ZXJjaXNpbmcsIEknbGwgZ2l2ZSB5b3Ugc29tZSBqZWxseSBJIGhpZCBpbiBteSBwb2NrZXQgdG8gZWF0IQ==,,,,,W0pha2sgQ2hvcm9zb10KUG9yIHF1ZSBlbGUgbsOjbyBnb3N0YSBkYSBjYWl4aW5oYT8KQ29tbyBwb3NzbyBhdW1lbnRhciBhIGxlYWxkYWRlIGRlbGU/,,W1VuIEpha2sgdW4gcG9jbyByYXJvXQrCoUFoIQpTaSB0ZSBxdWVkYXMgc2luIGF6w7pjYXIgbWllbnRyYXMgaGFjZXMgZWplcmNpY2lvLCDCoXRlIGRhcsOpIHBhcmEgcXVlIGNvbWFzIHVuIHBvY28gZGUgamFsZWEgcXVlIGVzY29uZMOtIGVuIG1pIGJvbHNpbGxvIQ==
/NMPBg,,W0EgTGl0dGxlIFdlaXJkIEpha2tdClRoYW5rIHlvdSBzbyBtdWNoLgpIeWFofn4gSSBjYW4gZmluYWxseSBnbyBob21lISEh,,,,,W0pha2sgQ2hvcm9zb10KSmFrayEKUXVlcmlhIHNhYmVyIGNvbW8gSmFrayBzZSBkZXUgYmVtIGNvbSBvIFp1bWJpY2hhbm8hClNlcsOhIHF1ZSBvcyBvdXRyb3MgSmFra3Mgc2FiZW0/,,W1VuIEpha2sgdW4gcG9jbyByYXJvXQpNdWNoYXMgZ3JhY2lhcy4KwqHCoVBvciBmaW4gcHVlZG8gaXJtZSBhIGNhc2EhIQ==
/dMPBg,,W0EgTGl0dGxlIFdlaXJkIEpha2tdCkJ5IHRoZSB3YXksIHlvdSBzYWlkIHlvdSB3ZXJlIGxvb2tpbmcgZm9yIGEgc3RyYW5nZSBKYWtrLCBkaWRuJ3QgeW91PwpJIGRvbid0IGtub3cgYWJvdXQgdGhlIHN0cmFuZ2UgSmFraywgYnV0IEkgbWV0IHNvbWUgc3RyYW5nZSBrbmlnaHRzIG9uIHRoZSBub3J0aCBzaWRlIG9mIHRoZSBzcXVhcmUgZWFybGllci4=,,,,,W0pha2sgQ2hvcm9zb10KSG9qZSBmdWkgZGFyIHVtYSBvbGhhZGEgbm8gZ2F0aW5obyBlIGVsZSBmaWNvdSBjb20gcmFpdmEu,,W1VuIEpha2sgdW4gcG9jbyByYXJvXQpQb3IgY2llcnRvLCBkaWppc3RlIHF1ZSBidXNjYWJhcyBhIHVuIEpha2sgZXh0cmHDsW8sIMK/bm8/Ck5vIHPDqSBuYWRhIHNvYnJlIGVsIEpha2sgZXh0cmHDsW8sIHBlcm8gY29ub2PDrSBhIHVub3MgY2FiYWxsZXJvcyBleHRyYcOxb3MgZW4gZWwgbGFkbyBub3J0ZSBkZSBsYSBwbGF6YS4=
/tMPBg,,W0EgTGl0dGxlIFdlaXJkIEpha2tdCkV2ZXJ5b25lIHdhcyB3ZWFyaW5nIHB1bXBraW5zLCBidXQgZXZlbiB3aGVuIEkgdGFsa2VkIHRvIHRoZW0sIHRoZWlyIGJyZWF0aGluZyB3YXMgc28gbG91ZCB0aGF0IEkgY291bGRuJ3QgaGVhciB3aGF0IHRoZXkgd2VyZSBzYXlpbmcu,,,,,W0pha2sgQ2hvcm9zb10KR2F0aW5obyBxdWVyIGZpY2FyIHF1aWV0aW5obyBuYSBkZWxlIQ==,,W1VuIEpha2sgdW4gcG9jbyByYXJvXQpUb2RvcyBsbGV2YWJhbiBjYWxhYmF6YXMsIHBlcm8gaW5jbHVzbyBjdWFuZG8gbGVzIGhhYmzDqSwgc3UgcmVzcGlyYWNpw7NuIGVyYSB0YW4gZnVlcnRlIHF1ZSBubyBwb2TDrWEgb8OtciBsbyBxdWUgZGVjw61hbi4=
/9MPBg,,W0EgTGl0dGxlIFdlaXJkIEpha2tdCkhtbS4uLiBJc24ndCBpdCBzdHJhbmdlIGVub3VnaD8=,,,,,W0pha2sgQ2hvcm9zb10KTWFzIGV1IHF1ZXJpYSBicmluY2FyIGNvbSBvIGdhdGluaG8gaG9qZSEhIQ==,,W1VuIEpha2sgdW4gcG9jbyByYXJvXQpNbW3igKYgwr9ObyBlcyBiYXN0YW50ZSBleHRyYcOxbz8=
ANQPBg,,W0EgTGl0dGxlIFdlaXJkIEpha2tdCkJ5IHRoZSB3YXksIGRvIHlvdSBrbm93IHdoZXJlIHRoaXMgaXM/Ck11c3QgaGF2ZSBiZWVuIHByYWN0aWNpbmcgaGlnaC1zcGVlZCBsZWZ0IGFuZCByaWdodCBzcHJpbnRzIGluIFVtYmFsYSwgYnV0IHdoZW4gSSB3b2tlIHVwLCBJIHdhcyBzdGFuZGluZyBoZXJlLg==,,,,,W0pha2sgQ2hvcm9zb10KUG94YSEhIQpKYWtrIGRldmVyaWEgcGVkaXIgYW8gZ2F0aW5obyBicmluY2FyIG1haXMhISE=,,W1VuIEpha2sgdW4gcG9jbyByYXJvXQpQb3IgY2llcnRvLCDCv3NhYmVzIGTDs25kZSBlc3TDoSBlc3RvPwpEZWJvIGhhYmVyIGVzdGFkbyBwcmFjdGljYW5kbyBjYXJyZXJhcyBkZSBhbHRhIHZlbG9jaWRhZCBhIGxhIGl6cXVpZXJkYSB5IGEgbGEgZGVyZWNoYSBlbiBVbWJhbGEsIHBlcm8gY3VhbmRvIG1lIGRlc3BlcnTDqSBlc3RhYmEgZGUgcGllIGFxdcOtLg==
AdQPBg,,W0EgTGl0dGxlIFdlaXJkIEpha2tdCkV2ZXJ5b25lIHdhcyB3ZWFyaW5nIHB1bXBraW5zLCBidXQgZXZlbiB3aGVuIHRoZXkgdGFsa2VkIHRvIHRoZW0sIHRoZWlyIGJyZWF0aGluZyB3YXMgc28gbG91ZCB0aGF0IEkgY291bGRuJ3QgaGVhciB3aGF0IHRoZXkgd2VyZSBzYXlpbmcu,,,,,W0pha2sgQ2hvcm9zb10KT2ksIEpha2shISEhCkZlbGl6IERpYSBkYXMgQnJ1eGFzIQ==,,W1VuIEpha2sgdW4gcG9jbyByYXJvXQpUb2RvcyBsbGV2YWJhbiBjYWxhYmF6YXMsIHBlcm8gaW5jbHVzbyBjdWFuZG8gbGVzIGhhYmzDqSwgc3UgcmVzcGlyYWNpw7NuIGVyYSB0YW4gZnVlcnRlIHF1ZSBubyBwb2TDrWEgb8OtciBsbyBxdWUgZGVjw61hbi4=
AtQPBg,,W0EgTGl0dGxlIFdlaXJkIEpha2tdCkhlaGVoZWhoaGhoaGhoaGhoaGhoaGhoaGhoaGghCldoYXQsIGFsbCBvZiBhIHN1ZGRlbiEhIQ==,,,,,W0pha2sgQ2hvcm9zb10KSW5jcsOtdmVsIQrDiSB1bSBmZXN0aXZhbCBkZSBoYWxsb3dlZW4gZW1vY2lvbmFudGUhISE=,,W1VuIEpha2sgdW4gcG9jbyByYXJvXQrCoUplLCBqZSwgamUsIGplZWVlZWVlZWVlZWUhCsKhwr9RdcOpLCBhc8OtIGRlIHJlcGVudGU/IQ==
A9QPBg,,V2VpcmQgSmFraw==,,,,,W0pha2sgQ2hvcm9zb10KT250ZW0gYnJpbnF1ZWkgbXVpdG8gdHJhbnF1aWxhbWVudGUgY29tIG8gZ2F0aW5obyEhIQ==,,V2VpcmQgSmFraw==
BNQPBg,,W1dlaXJkIEpha2tdCi4uLndob293Li4uCi4uLndob293Li4uCi4uLndob293Li4uCi4uLndob293Li4u,,,,,W0pha2sgQ2hvcm9zb10KVm91IGJyaW5jYXIgYmVtIHRyYW5xdWlsYW1lbnRlIGNvbSBvIGdhdGluaG8gaG9qZSEhIQ==,,W0VsIEpha2sgcmFyb10K4oCmdmF5YeKApgrigKZ2YXlh4oCmCuKApnZheWHigKYK4oCmdmF5YeKApg==
BdQPBg,,W1dlaXJkIEpha2tdCldoYXQuLi4gV2hvb3BzLi4uIFdoYXQgaXMgaXQ/,,,,,W0pha2sgQ2hvcm9zb10KTGVnYWwhISEKVm9jw6ogZGV2ZXJpYSBwZWRpciBwYXJhIG8gSmFrayBicmluY2FyIGNvbSB2b2PDqiEhIQ==,,W0VsIEpha2sgcmFyb10Kwr9RdcOp4oCmPyDCoVVwcyEgwr9RdcOpIHN1Y2VkZT8=
BtQPBg,,QXNrIGFib3V0IHRoZSBXZWlyZCBKYWtrLg==,,,,,W0pha2sgQ2hvcm9zb10KSmFrayEKUXVlIHRhbCBlbmNvbnRyYXIgXkZGMDAwMDEwIEpha2tzIEZ1Z2l0aXZvc14wMDAwMDAgcGFyYSBtaW0/CkFwcm92ZWl0ZSBlIHRyYWdhIF5GRjAwMDA1eCBEZWNvcmHDp8OjbyBkZSBBYsOzYm9yYSBlIDV4IFJhbW8gQnJhbmNvIEZpbm9eMDAwMDAwIGNvbW8gcHJvdmEhIQ==,,UHJlZ3VudGFyIHBvciBlbCBKYWtrIHJhcm8u
B9QPBg,,W1dlaXJkIEpha2tdCldlaXJkLi4uIFdob29wcy4uLiBKYWtrPwpUaGluZ3MgbGlrZSB0aGF0Li4uIFdob29wcy4uLiBJIGNhbid0IHNlZS4uLiBXaG9vcHMuLi4gSSBkaWQuLi4gZXZlcnl0aGluZy4=,,,,,W0pha2sgQ2hvcm9zb10KT2ksIEpha2s=,,W0VsIEpha2sgcmFyb10KUXXDqSByYXJv4oCmIFVwcy4uLiDCv0pha2s/CkNvc2FzIGFzw63igKYgVXBzLi4uIE5vIHB1ZWRvIHZlcuKApiBVcHMuLi4gSGljZeKApiB0b2RvLg==
CNQPBg,,W1dlaXJkIEpha2tdCldlbGwuLi4gaG9vLgpUaGlzIC4uLiBob28gaG9vIC4uLiBiZWNhdXNlIG9mIHRoZSBwdW1wa2luIC4uLiBodWggLi4uIGhvbyAuLi4KQnJlYXRoZS4uLkhvb29vb29vb29vb29vb29vb29vb29vb29vb29vb29vb29vIGhhcmQuLi4=,,,,,W0pha2tdCkV1IG7Do28gc291IG8gZG9ubyBkbyBtZXUgZ2F0aW5obywgRUxFIHF1ZSDDqSBtZXUgZG9uby4KUHJhIG1pbSwgdMOhIHR1ZG8gY2VydG8hISE=,,W0VsIEpha2sgcmFyb10KQnVlbm8uLi4gam8uCkVzdG/igKYgam8sIGpv4oCmIGEgY2F1c2EgZGUgbGEgY2FsYWJhemHigKYgYWjigKYgam/igKYKUmVzcGlyYeKApiBqb29vb29vb29vb29vb29vb29vb29vb29vb29vb28gZnVlcnRl4oCm
CdQPBg,,VGVsbCB0aGVtIHRvIHRha2Ugb2ZmIHRoZSBwdW1wa2luIGhlbG1ldC4=,,,,,SmFrayA6IEdhdGluaG8gbWFuZGEgZW0gbWltISEh,,RGVjaXJsZXMgcXVlIHNlIHF1aXRlbiBlbCBjYXNjbyBkZSBjYWxhYmF6YS4=
CtQPBg,,W1dlaXJkIEpha2tdCkFoLi4uIFdob29wcy4uLiBubyEhIS4uLiBXaG9vcHMuLi4gV2hvb3BzLi4u,,,,,W0pha2tdCkhtLi4uCk8gbWlhdSBvZGVpYSBKYWtrcyBlIGZlcmUgY29tIGFycmFuaMO1ZXMh,,W0VsIEpha2sgcmFyb10KQWjigKYgwqFVcHMhIMKhTm8hIFVwcy4uLiBVcHMuLi4=
C9QPBg,,W1dlaXJkIEpha2tdCkl0J3MgYWxyZWFkeSAuLi5ob28uLi5kZWFkIGFuZCBub3cuLi5ob28uLi5pdCBzZWVtcyBsaWtlIGl0J3MgZ29pbmcgdG8gZGllLi4uaG9vLi4uYnV0IGl0J3MgcmVhbGx5Li4uaG9vLi4uIGl0J3MgZHlpbmchISEh,,,,,SmFrayA6IE8gbWlhdSBtZSBhcnJhbmhhIQ==,,W0VsIEpha2sgcmFyb10KwqFZYSBlc3TDoeKApiBqb+KApiBtdWVydG8geSBhaG9yYeKApiBqb+KApiBwYXJlY2UgcXVlIHZhIGEgbW9yaXLigKYgam/igKYgcGVybyBlbiByZWFsaWRhZOKApiBqb+KApiBlc3TDoSBtdWVyaWVuZG8h
DNQPBg,,QXNrIHdoeS4=,,,,,W0pha2sgQ2hvcm9zb10KQWhoISEhIQpFbnTDo28sIG8gZ2F0aW5obyBtZSBvZGVpYSBwb3JxdWUgZXUgZmljbyBjb20gYXJyYW5ow7VlcyE=,,UHJlZ3VudGFyIHBvciBxdcOpLg==
DdQPBg,,W1N0cmFuZ2UgSmFra10KLi4uV2hvby4uLndoeS4uLndob293Li4ud2VsbC4uLmhvby4uLgpEbyB5b3UgZmVlbC4uLiB5b3UgZG9uJ3QgbG9zZS4uLiBodWg/Ci4uLkhvby1Vay4uLk5pZmxoZWltLi4uSG9vLVVrLi4uIEl0IGRvZXNuJ3Qgc3VpdCB5b3UuLi5Ib28tVWsuLi5UaGlzIHBvd2VyZnVsLi4uSG9vb29vb29vb29vb29vbC4uLg==,,,,,W0pha2sgQ2hvcm9zb10KQm9tIHNhYmVyIQpKYWtrIG1lIG1vc3Ryb3UgdW0gbm92byBtw6l0b2RvIQpBbWFuaMOjIHF1ZXJvIHNhYmVyIG1haXMh,,W0VsIEpha2sgZXh0cmHDsW9dCuKApldob2/igKYgwr9wb3IgcXXDqeKApiB3aG9vd+KApiBidWVub+KApiBqb+KApgpzaWVudGVz4oCmIHF1ZSBubyBwaWVyZGVzPyDCv0VoPwrigKZIb28tVWvigKYgTmlmbGhlaW3igKYgaG9vLVVr4oCmIE5vIHRlIHF1ZWRhIGJpZW7igKYgaG9vLVVr4oCmIGVzdGUgcG90ZW50ZeKApiBqb29vb29vb29vb29vb29s4oCm
DtQPBg,,W1N0cmFuZ2UgSmFra10KLi4uV29vLXdvb2suLi4gdGhpcyBraW5kIG9mIGFpci4uLiBXaG9vcHMuLi4gQ29udGludWUuLi4gV2hvb3BzLi4uIElmIHlvdSBkcmluay4uLiBXaG9vcHMuLi4gV2hvb3BzLi4uIFdob29wcy4uLiBXaG9vcHMuLi4=,,,,,W0pha2tdCk5vc3NvcyBnYXRpbmhvcyBhZG9yYW0gc2VyIGN1aWRhZG9zIQpQcmEgbWltLCB0w6EgdHVkbyBjZXJ0byEhIQ==,,W0VsIEpha2sgZXh0cmHDsW9dCi4uLldvby13b29r4oCmIGVzdGUgdGlwbyBkZSBhaXJl4oCmIFVwcy4uLiBjb250aW51YXLigKYgVXBzLi4uIHNpIGJlYmVz4oCmIFVwcy4uLiBVcHMuLi4gVXBzLi4uIFVwcy4uLg==
D9QPBg,,W1N0cmFuZ2UgSmFra10KTmlmbGhlaW0uLi4gV2hvb3BzLi4uIEF0IHRoZSBmZXN0aXZhbC4uLiBXaG9vcHMuLi4gSG9seSBGaXJlLi4uIFdob29wcy4uLiBJdCdzIHJpZGljdWxvdXMuLi4=,,,,,SmFrayA6IEhlaGVoZWghISE=,,W0VsIEpha2sgZXh0cmHDsW9dCk5pZmxoZWlt4oCmIFVwcy4uLiBlbiBlbCBmZXN0aXZhbOKApiBVcHMuLi4gZnVlZ28gc2FncmFkb+KApiBVcHMuLi4gZXMgcmlkw61jdWxv4oCm
ENQPBg,,W1N0cmFuZ2UgSmFra10KLi4uSG9vb29vb29vb29vb29vb29vb29vLi4uIGlzIGl0IHlvdXIgdHlwZS4uLiBXaG9vcHMuLi4gSSBzZWUu,,,,,W0pha2tdCkNvbXByYSBlcnZpbmhhcyBxdWUgdmVuZGVtIGVtIExhc2FnbmEgZSBlc3BhbGhlIHBlbGEgY2FzYSwgZWxlcyBhZG9yYW0h,,W0VsIEpha2sgZXh0cmHDsW9dCuKApkpvb29vb29vb29vb29vb29vb29vb+KApiBlcyB0dSB0aXBv4oCmIFVwcy4uLiB5YSB2ZW8u
EdQPBg,,W1N0cmFuZ2UgSmFra10KSnVzdCAuLi4gV2hvb3BzLi4uIEl0J3MgZ29vZCEKLi4uV2hvb3cuLi53b3VsZG4ndCB5b3UuLi4gZ2V0IHJpZCBvZiB0aG9zZSAuLi53aG9vdy4uLkdhcmxpbmdzLi4uaG9vLi4uc29tZXRoaW5nLi4uaG9vLi4u,,,,,SmFrayA6ICAgIDozfg==,,W0VsIEpha2sgZXh0cmHDsW9dClNvbG/igKYgVXBzLi4uIMKhZXN0w6EgYmllbiEK4oCmV2hvb3figKYgwr9ub+KApiB0ZSBkZXNoYXLDrWFzIGRlIGVzb3PigKYgd2hvb3figKYgR2FybGluZ3PigKYgam9v4oCmIGFsZ2/igKYgam9v4oCm
EtQPBg,,W1N0cmFuZ2UgSmFra10KRXZlbiBpZiBpdCdzIEdhcmxpbmdzLi4uIFdob29wcy4uLiBJbmZsdWVuY2VkLi4uIFdob29wcy4uLiBFdmVuIGlmIHlvdSBkb24ndCBnZXQuLi4gV2hvb3BzLi4uIExpa2UgZ2FybGljLi4uIFdob29wcy4uLg==,,,,,W0pha2sgQ2hvcm9zb10KSG1tLi4uCk7Do28gdGVuaG8gY2VydGV6YSBkZXNzYXMgc3VnZXN0w7VlcyEKSmFrayB0cm91eGUgSmFra3MgcGFyYSBKYWtrcyBkYXJlbSBzdWdlc3TDtWVzIQ==,,W0VsIEpha2sgZXh0cmHDsW9dCkF1bnF1ZSBzZWFuIEdhcmxpbmdz4oCmIFVwcy4uLiBpbmZsdXllcm9u4oCmIFVwcy4uLiBBdW5xdWUgbm8gY29uc2lnYXPigKYgVXBzLi4uIGNvbW8gYWpv4oCmIFVwcy4uLg==
E9QPBg,,W1N0cmFuZ2UgSmFra10KVGhlIHN0cm9uZyBzcGljZSAuLi5odWggLi4uIHRoZSBzbWVsbCAuLi4gaHVoIC4uLiBvZiBOaWZsaGVpbSAuLi4gaHVoIC4uLiBmb3IgdGhlIHJlc2lkZW50cyAuLi4gaG9vIC4uLiBkZWFkbHkgLi4uIGZ1IC4uLiBwdXJpZnlpbmcgYWJpbGl0eSAuLi5XaGV3Li4uSGF2ZS4uLkhvb29vb29vb29vb29vb29vby4uLnlvdSBrbm93Li4u,,,,,W0pha2sgQ2hvcm9zb10KQm9tIQpWb3UgYWNhcmljaWFyIG8gbWV1IGdhdGluaG8h,,W0VsIEpha2sgZXh0cmHDsW9dCkxhIGVzcGVjaWEgZnVlcnRl4oCmIG1t4oCmIGVsIG9sb3LigKYgbW3igKYgZGUgTmlmbGhlaW3igKYgbW3igKYgcGFyYSBsb3MgcmVzaWRlbnRlc+KApiBqb2/igKYgbW9ydGFs4oCmIHB14oCmIGNhcGFjaWRhZCBwdXJpZmljYWRvcmHigKYgd2hld+KApiB0ZW5lbW9z4oCmIGpvb29vb29vb29vb29vb29vb+KApiB5YSBzYWJlc+KApg==
FNQPBg,,W1N0cmFuZ2UgSmFra10KSWYgaXQncyBsaWtlIHRoaXMuLi4gV2hvb3BzLi4uIElmIGl0J3MuLi4gV2hvb3BzLi4uIE5pZmxoZWltLi4uIFdob29wcy4uLiBJdCdzIGdvaW5nIHRvIGJlIHB1cmlmaWVkLi4uIFdob29wcy4uLg==,,,,,W0pha2tdClNpbmNlcmFtZW50ZT8KUG9yIHF1ZSBuw6NvIGJyaW5jYSBtYWlzIGNvbSBlbGU/,,W0VsIEpha2sgZXh0cmHDsW9dClNpIGVzIGFzw63igKYgVXBzLi4uIHNpIGVz4oCmIFVwcy4uLiBOaWZsaGVpbS4uLiBVcHMuLi4gc2UgdmEgYSBwdXJpZmljYXLigKYgVXBzLi4u
FdQPBg,,W1N0cmFuZ2UgSmFra10KQ29tZSBvbi4uLiBXaG9vcHMuLi4gb24gdGhlIGZpZWxkLi4uIFdob29wcy4uLiB3YWxraW5nIGFyb3VuZC4uLiBXaG9vcHMuLi4gR2FybGluZ3MuLi4gV2hvb3BzLi4uIEFib3V0IDIwLi4uIFdob29wcy4uLiBHZXQgcmlkIG9mIHRoZW0uLi4gV2hvb3BzLi4u,,,,,SmFrayA6IEJyaW5jYXIhISE=,,W0VsIEpha2sgZXh0cmHDsW9dClZhbW9z4oCmIHVwc+KApiBlbiBlbCBjYW1wb+KApiB1cHPigKYgY2FtaW5hbmRvIHBvciBhaMOt4oCmIFVwcy4uLiBHYXJsaW5nc+KApiBVcHMuLi4gdW5vcyAyMOKApiBVcHMuLi4gZGVzaGF6dGUgZGUgZWxsb3PigKYgVXBzLi4u
FtQPBg,,W1N0cmFuZ2UgSmFra10KR2FybGluZy4uLiBXaG9vcHMuLi4gSW5mbHVlbmNlZC4uLiBXaG9vcHMuLi4gRXZlbiBpZiBJIGRvbid0IGdldCBpdC4uLiBXaG9vcHMuLi4=,,,,,W0pha2tdCkRlaXhlIGVsZSBmYXplciBvIHF1ZSBxdWlzZXIuCk1hcyB0YW1iw6ltIGltcG9uaGEgbGltaXRlcyEhIQ==,,W0VsIEpha2sgZXh0cmHDsW9dCkdhcmxpbmfigKYgVXBzLi4uIEluZmx1ZW5jaWFkby4uLiBVcHMuLi4gYXVucXVlIG5vIGxvIGxvZ3Jl4oCmIFVwcy4uLg==
F9QPBg,,W1N0cmFuZ2UgSmFra10KTGlrZSBnYXJsaWMgLi4uaHVoIC4uLnRoZSBzdHJvbmcgc3BpY2UgLi4uaHVoIC4uLiB0aGUgc21lbGwgLi4uIGh1aCAuLi4gb2YgTmlmbGhlaW0gLi4uIGh1aCAuLi4gZm9yIHRoZSByZXNpZGVudHMgLi4uIGh1aCAuLi4gZmF0YWwuIC4uaHVoLi4uaGFzIHRoZSBhYmlsaXR5IHRvIHB1cmlmeS4uLndob293Li4ud29vay4uLnRoYXQncy4uLmhvby4uLnlvdSBrbm93Li4uaG9vLi4uIHJpZ2h0Pw==,,,,,SmFrayA6IExpbWl0ZXMhIQ==,,W0VsIEpha2sgZXh0cmHDsW9dCkxhIGVzcGVjaWEgZnVlcnRl4oCmIG1t4oCmIGVsIG9sb3LigKYgbW3igKYgZGUgTmlmbGhlaW3igKYgbW3igKYgcGFyYSBsb3MgcmVzaWRlbnRlc+KApiBtbeKApiBtb3J0YWzigKYgbW3igKYgdGllbmUgbGEgY2FwYWNpZGFkIGRlIHB1cmlmaWNhcuKApiB3aG9vd+KApiB3b29r4oCmIGVzbyBlc+KApiBqb2/igKYgeWEgc2FiZXPigKYgam9v4oCmIMK/dmVyZGFkPw==
GNQPBg,,W1N0cmFuZ2UgSmFra10KT2ggLi4uIFdob29wcy4uLiBhcmUgeW91IGJhY2s/,,,,,W0pha2sgQ2hvcm9zb10KSG1tLi4uClNlcsOhIHF1ZSBkw6EgY2VydG8/ClZvY8OqIHZhaSB2b2x0YXIgYW1hbmjDoywgbsOpPw==,,W0VsIEpha2sgZXh0cmHDsW9dCkFo4oCmIFVwc+KApiDCv3ZvbHZpc3RlPw==
GdQPBg,,W1N0cmFuZ2UgSmFra10KLi4uV2hvb3cuLi4KLi4uV2hvb3cuLi4KLi4uV2hvYS4uLiBMZXQncyBzZWUuLi5Ib28uLi4=,,,,,W0pha2sgQ2hvcm9zb10KQmVtIQpRdWFuZG8gdm9jw6ogdm9sdGFyIGFtYW5ow6MsIHZvdSB0ZSBkYXIgYSByZXNwb3N0YSEhCkVzcGVybyBxdWUgZMOqIHR1ZG8gY2VydG8h,,W0VsIEpha2sgZXh0cmHDsW9dCuKApnZheWHigKYK4oCmdmF5YeKApgrigKZ2YXlh4oCmIHZlYW1vc+KApiBqb2/igKY=
GtQPBg,,W1N0cmFuZ2UgSmFra10KUGVyZmVjdCEhISE=,,,,,W0pha2sgQ2hvcm9zb10KUXVlcmlhIGZhemVyIGNhcmluaG8gbmEgYmFycmlnYSBkbyBnYXRpbmhvIHNlbSBzZXIgYXJyYW5oYWRvLgpPIHF1ZSBkZXZvIGZhemVyPw==,,W0VsIEpha2sgZXh0cmHDsW9dCsKhUGVyZmVjdG8h
G9QPBg,,W1N0cmFuZ2UgSmFra10KSSBjYW4gZmluYWxseSB0YWtlIG9mZiB0aGlzIGNyYW1wZWQgaGVsbWV0ISEhIQ==,,,,,W0pha2tdClNpbmNlcmFtZW50ZT8KRXUgYWNobyBxdWUgZWxlcyBuw6NvIGdvc3RhbSwgc2FiaWE/,,W0VsIEpha2sgZXh0cmHDsW9dCsKhUG9yIGZpbiBwdWVkbyBxdWl0YXJtZSBlc3RlIGNhc2NvIGFwcmV0YWRvIQ==
HNQPBg,,W1N0cmFuZ2UgSmFra10KU3VwaGEhIQpTdXBoYSEhIQ==,,,,,SmFrayA6IEV1IGrDoSBtZSBhcnJhbmhlaSEhIQ==,,W0VsIEpha2sgZXh0cmHDsW9dCsKhwqFTdXBoYSEhCsKhwqHCoVN1cGhhISEh
HdQPBg,,W1N0cmFuZ2UgSmFra10KVGhpcyByZWZyZXNoaW5nIGFuZCBzd2VldCBzY2VudCBvZiBkZWF0aCEhISE=,,,,,SmFrayA6IEV1IHRhbWLDqW0h,,W0VsIEpha2sgZXh0cmHDsW9dCsKhRXN0ZSByZWZyZXNjYW50ZSB5IGR1bGNlIGFyb21hIGEgbGEgbXVlcnRlIQ==
HtQPBg,,W1N0cmFuZ2UgSmFra10KS3VsIEt1bCBLIEsgSyBLIEsgSyBLIEsgSyBLIEsgSyBLIEwgSyBLIEwgSyBLIEwgSwpLdWwgS3VsIEsgSyBLIEsgSyBLIEsgSyBLIEsgSyBLIEsgTCBLIEsgTCBLIEsgTCBLCkt1bCBLdWwgSyBLIEsgSyBLIEsgSyBLIEsgSyBLIEsgSyBMIEsgSyBMIEsgSyBMIEsKS3VsIEt1bCBLIEsgSyBLIEsgSyBLIEsgSyBLIEsgSyBLIEwgSyBLIEwgSyBLIEwgSw==,,,,,W0pha2sgQ2hvcm9zb10KSG1tLi4uCkVudGVuZGkuLi4=,,W0VsIEpha2sgZXh0cmHDsW9dCkt1bCwgS3VsLCBLLCBLLCBLLCBLLCBLLCBLLCBLLCBLLCBLLCBLLCBLLCBLLCBLLCBMLCBLLCBLLCBMLCBLLCBLLCBMLCBLLgpLdWwsIEt1bCwgSywgSywgSywgSywgSywgSywgSywgSywgSywgSywgSywgSywgSywgTCwgSywgSywgTCwgSywgSywgTCwgSy4KS3VsLCBLdWwsIEssIEssIEssIEssIEssIEssIEssIEssIEssIEssIEssIEssIEssIEwsIEssIEssIEwsIEssIEssIEwsIEsuCkt1bCwgS3VsLCBLLCBLLCBLLCBLLCBLLCBLLCBLLCBLLCBLLCBLLCBLLCBLLCBLLCBMLCBLLCBLLCBMLCBLLCBLLCBMLCBLLg==
H9QPBg,,W1N0cmFuZ2UgSmFra10KQWFhYWFhYWFhYWFhYWFhYWFhYWFhYWFhYWFhYWFhYWFhYWFhYWFhYWFhYWFhYWFhYWFhYWFhYWFhdmUhISEhCm5vISEhCi4uLkh1aC4uLkdhcmxpbmcgZ3V5cyEhISEKSGV5Li4uIFdob29wcy4uLiBIb3cgbWFueS4uLiBXaG9vcHMuLi4gTWFueS4uLiBXaG9vcHMuLi4gYXJlIHlvdSBnb2luZyEhISE=,,,,,W0pha2sgQ2hvcm9zb10KQmVtIQpKYWtrIHZhaSBzZSBjb250cm9sYXIgcGFyYSBuw6NvIGVzZnJlZ2FyIG5hIGJhcnJpZ3VpbmhhIGRvIGdhdGluaG8h,,W0VsIEpha2sgZXh0cmHDsW9dCsKhQWFhYWFhYWFhYWFhYWFhYWFhYWFhYWFhYWFhYWFhYWFhYWFhYWFhYWFhYWFhYWFhYSEKwqHCoU5vISEK4oCmQWjigKYgwqFHYXJsaW5nIQpPeWXigKYgVXBzLi4uIMK/Q3XDoW50b3M/IFVwcy4uLiBtdWNob3PigKYgwqFXaG9vcHPigKYgdmFzIGEgaXIh
INQPBg,,W1N0cmFuZ2UgSmFra10KSXQncyBzby4uLiBXaG9vcHMuLi4gRXZlbiBhZnRlciBJIGRlYWx0IHdpdGggaXQuLi4gV2hvb3BzLi4uIFRoZSBzbWVsbCBpcyBzdGlsbCBmdWxsLi4uIFdob29wcy4uLiBZb3Ugc2F5ISEhIQ==,,,,,W0pha2sgQ2hvcm9zb10KVm91IHPDsyBmaWNhciBkZSBvbGhvLi4uCl45OTMyQ0RBYnJpciBvcyBvbGhvcyEhISEhXjAwMDAwMApeOTkzMkNET2xoYXIgY29tIEFtb3IhISEhXjAwMDAwMA==,,W0VsIEpha2sgZXh0cmHDsW9dCkVzIHRhbuKApiBVcHMuLi4gaW5jbHVzbyBkZXNwdcOpcyBkZSBsaWRpYXIgY29uIGVzb+KApiBVcHMuLi4gZWwgb2xvciB0b2RhdsOtYSBlc3TDoSBsbGVub+KApiBVcHMuLi4gwqHCocKhVMO6IGRpY2VzISEh
IdQPBg,,W1N0cmFuZ2UgSmFra10KWW91Li4uIHlvdSd2ZSB3b3JrZWQgaGFyZC4uLiBIdWguLi4gV2hvb3BzLi4uIFNvbWVob3cuLi4gV2hvb3BzLi4uIEknbSBzb3JyeS4gWWVhaC4uLiBXaG9vcHMuLi4=,,,,,W0dhdG8gR2lnYW50ZV0KTWlhYWFhYWFhYWFhYWFhYWFhdSEhISE=,,W0VsIEpha2sgZXh0cmHDsW9dClTDuuKApiB0cmFiYWphc3RlIGR1cm/igKYgbW3igKYgVXBzLi4uIGRlIGFsZ3VuYSBtYW5lcmHigKYgVXBzLi4uIGxvIHNpZW50by4gU2nigKYgVXBzLi4u
ItQPBg,,W1N0cmFuZ2UgSmFra10KSWYgaXQncyBva2F5Li4uIFdob29wcy4uLiBUaG9zZSByb3VuZC4uLiBXaG9vcHMuLi4gSSB0b2xkIHRoZW0gdGhhdCBJJ20gZ29pbmcgdG8uLi4gLi4uV2hvYS4uLndvdWxkbid0IHlvdSBnaXZlIGl0IHRvIG1lPy4uLkh1aHdvby4uLg==,,,,,R2F0byBHaWdhbnRlIDogTWlhYWFhYWFhYWFhYWFhYWFhdSEhISEhIQ==,,W0VsIEpha2sgZXh0cmHDsW9dCnNpIHRlIHBhcmVjZSBiaWVu4oCmIFVwcy4uLiBlc29zIHJlZG9uZG9z4oCmIFVwcy4uLiBMZXMgZGlqZSBxdWUgdm95IGHigKYgd2hvYeKApiDCv05vIG1lIGxvIGRhcsOtYXM/IEh1aHdvb+KApg==
I9QPBg,,W1N0cmFuZ2UgSmFra10KLi4uSHVoLi4uR2FybGluZyBndXlzISEhIQpIZXkuLi4gV2hvb3BzLi4uIEhvdyBtYW55Li4uIFdob29wcy4uLiBNYW55Li4uIFdob29wcy4uLiBhcmUgeW91IGdvaW5nISEhIQ==,,,,,W0pha2sgQ2hvcm9zb10KVWF1ISEhCkJpY2hhbm8gcmVhbG1lbnRlIG7Do28gZm9nZSBlIGZpY2EgY2FsbW8hISEKSW5jcsOtdmVsISEhIQpPYnJpZ2FkbyBwb3IgbWUgYWp1ZGFyISEh,,W0VsIEpha2sgZXh0cmHDsW9dCuKApkFo4oCmIMKhR2FybGluZyEKT3ll4oCmIFVwcy4uLiDCv0N1w6FudG9zPyBVcHMuLi4gbXVjaG9z4oCmIMKhV2hvb3Bz4oCmIHZhcyBhIGlyIQ==
JNQPBg,,U3RyYW5nZSBKYWtr,,,,,LSBPIGdhdG8gcGFyZWNlIGNob2NhZG8uIC0=,,U3RyYW5nZSBKYWtr
JdQPBg,,W1N0cmFuZ2UgSmFra10KLi4ud2hvb3cuLi4KLi4ud2hvb3cuLi4KLi4ud2hvb3cuLi4KLi4ud2hvb3cuLi4=,,,,,W0pha2sgQ2hvcm9zb10KTGVnYWwhISEKVm91IGZhemVyIG8gbWVzbW8gY29tIHZvY8OqIGNvbW8gYWdyYWRlY2ltZW50byE=,,W0VsIEpha2sgZXh0cmHDsW9dCuKApnZheWHigKYK4oCmdmF5YeKApgrigKZ2YXlh4oCmCuKApnZheWHigKY=
JtQPBg,,SmFrayBIZWFk,,,,,W0pha2sgQ2hvcm9zb10KSGVoLi4uIHNlcsOhIHF1ZSBvIGdhdGluaG8gZmljb3Ugc3VycHJlc28/IQpWb2x0ZSBhbWFuaMOjIQpNZSBwcm9tZXRhISEh,,SmFrayBIZWFk
J9QPBg,,TWVvdz8/,,,,,W0pha2sgQ2hvcm9zb10KSmFrayEhClZhbW9zIGJyaW5jYXIgdW0gcG91Y28h,,TWVvdz8/
KNQPBg,,U2FkIExvb2tpbmcgSmFraw==,,,,,W0pha2tdCkViYWEhISEKRXUgZ29zdG8hISE=,,U2FkIExvb2tpbmcgSmFraw==
KdQPBg,,W1NhZCBMb29raW5nIEpha2tdCkhleX4KSGVsbG8gSmFray4uLgpIYXBweS4uLiBJdCdzIEhhbGxvd2Vlbg==,,,,,SmFrayA6IFVodXV1bCEh,,W0VsIEpha2sgZGUgYXNwZWN0byB0cmlzdGVdCkhvbGEuCkhvbGEsIEpha2vigKYKRmVsaXrigKYgRXMgSGFsbG93ZWVuLg==
KtQPBg,,W1NhZCBMb29raW5nIEpha2tdCldvdy4uIEknbSBleGNpdGVkLi4uCkV4Y2l0aW5nLi4uIEl0J3MgYSBIYWxsb3dlZW4gZmVzdGl2YWwuLi4=,,,,,SmFrayA6IGlpcsOhw6HDoSE=,,W0VsIEpha2sgZGUgYXNwZWN0byB0cmlzdGVdCsKhR3VhdSEgRXN0b3kgZW1vY2lvbmFkb+KApgpFbW9jaW9uYW50ZeKApiBFcyB1biBmZXN0aXZhbCBkZSBIYWxsb3dlZW7igKY=
K9QPBg,,V2h5IGFyZSB5b3UgY3J5aW5nPw==,,,,,W0pha2sgQ2hvcm9zb10KSG9qZSBicmluY2Ftb3MgY29tIG5vc3NvcyBnYXRpbmhvcyEKVm9sdGUgYW1hbmjDoyEKTWUgcHJvbWV0YSEhIQ==,,wr9Qb3IgcXXDqSBsbG9yYXM/
LNQPBg,,W1NhZCBMb29raW5nIEpha2tdCkknbSBub3QgY3J5aW5nIQpTbmlmZg==,,,,,W0pha2tdCk9pLCBKYWtrISEKRmVsaXogRGlhIGRhcyBCcnV4YXMh,,W0VsIEpha2sgZGUgYXNwZWN0byB0cmlzdGVdCsKhTm8gZXN0b3kgbGxvcmFuZG8hCipTb2xsb3phKg==
LdQPBg,,W1NhZCBMb29raW5nIEpha2tdCkl0J3MganVzdCBhIHB1bXBraW4ganVpY2UhClNpZ2g=,,,,,U29icmUgbyBHYXRvIEdpZ2FudGU=,,W0VsIEpha2sgZGUgYXNwZWN0byB0cmlzdGVdCsKhRXMgc29sbyB1biBqdWdvIGRlIGNhbGFiYXphIQoqU3VzcGlyYSo=
LtQPBg,,W1NhZCBMb29raW5nIEpha2tdClNuaWZm,,,,,W0pha2tdCkV1IGFtbyBvIGdhdGluaG8hCkl0aW1hbGlhfiBGb2ZpbmhvIQpVbWEgZ3JhY2luaGEh,,W0VsIEpha2sgZGUgYXNwZWN0byB0cmlzdGVdCipTb2xsb3phKg==
L9QPBg,,W1NhZCBMb29raW5nIEpha2tdCkFhYWFhYWFhYWFhYWEhISEh,,,,,W0pha2tdCkdhdGluaG9zIGdvc3RhbSBkZSBwZWl4ZSBmcmVzcXVpbmhvIQ==,,W0VsIEpha2sgZGUgYXNwZWN0byB0cmlzdGVdCsKhwqHCoUFhYWFhYWFhYWFhYWEhISE=
MNQPBg,,Q29tZm9ydCBoaW0u,,,,,W0pha2tdCk1hcyBlbGUgZ29zdGEgbWFpcyBkZSBtaW0hISEKRWxlIHRhbWLDqW0gZ29zdGEgZG8gV2l6IQ==,,Q29uc29sYXJsby4=
MdQPBg,,TGVhdmUgaGltIGFsb25lLg==,,,,,SmFrayA6IE1hcyBlbGUgZ29zdGEgbWFpcyBkZSBtaW0hISE=,,RGVqYXJsbyBlbiBwYXou
MtQPBg,,W1NhZCBMb29raW5nIEpha2tdClNuaWZmLi4uCkFjdHVhbGx5Li4u,,,,,W0pha2tdCk8gZ2F0aW5obyBkZXZlIGVzdGFyIGNvbSBvIFdpeiEKXkZGMDAwMEVsZSBmaWNhIMOgIGVzcXVlcmRhXjAwMDAwMCBkYXF1aSBkZSBvbmRlIGVzdGFtb3Mu,,W0VsIEpha2sgZGUgYXNwZWN0byB0cmlzdGVdCipTb2xsb3phKgpFbiByZWFsaWRhZOKApg==
M9QPBg,,W1NhZCBMb29raW5nIEpha2tdCkkgZmVlbCB0aGluZ3MgaGF2ZSBiZWNvbWUgbW9yZSBhd2t3YXJkIHNpbmNlIE1lb3cgZ3JldyBiaWdnZXIu,,,,,W0pha2tdCkpha2ssIHZvY8OqIHZvbHRvdSEKVm9jw6ogZW5jb250cm91IG8gZ2F0aW5obz8=,,W0VsIEpha2sgZGUgYXNwZWN0byB0cmlzdGVdCnNpZW50byBxdWUgbGFzIGNvc2FzIHNvbiBtw6FzIGluY8OzbW9kYXMgZGVzZGUgcXVlIE1pYXUgY3JlY2nDsy4=
NNQPBg,,W1NhZCBMb29raW5nIEpha2tdCkpha2sgaXMgZnJpZW5kbHkgd2l0aCBNZW93IQpKYWtrIGlzIGFsc28gY2xvc2Ugd2l0aCBNZW93IT8KT25seSBtZSEhIQ==,,,,,W0pha2tdCkjDoz8KTyBxdWUgw6kgaXNzbz8KT3Nzb3M/CldpeiBkaXNzZSBwYXJhIHZvY8OqIGNvbnRhciBhIGVsZT8=,,W0VsIEpha2sgZGUgYXNwZWN0byB0cmlzdGVdCsKhSmFrayBlcyBhbWlnYWJsZSBjb24gTWlhdSEKwr9KYWtrIGVzIHRhbWJpw6luIGFtaWdvIGRlIE1pYXU/CsKhwqHCoVNvbG8geW8hISE=
NdQPBg,,W1NhZCBMb29raW5nIEpha2tdCkknbSBzbyB1cHNldCEKSSB3YXMgc28gdXBzZXQgdGhhdCBJIGV2ZW4gZGFtYWdlZCB0aGUgcHVtcGtpbiEKV2hlbiBjYW4gSSBiZWNvbWUgZnJpZW5kcyB3aXRoIE1lb3c/,,,,,W0pha2tdCk9oIQpHYXRpbmhvIQpPIGdhdGluaG8gcmVhbG1lbnRlIGFwYXJlY2V1PyE=,,W0VsIEpha2sgZGUgYXNwZWN0byB0cmlzdGVdCsKhRXN0b3kgdGFuIGRpc2d1c3RhZG8hCsKhRXN0YWJhIHRhbiBkaXNndXN0YWRvIHF1ZSBpbmNsdXNvIGRhw7HDqSBsYSBjYWxhYmF6YSEKwr9DdcOhbmRvIHB1ZWRvIHNlciBhbWlnbyBkZSBNaWF1Pw==
NtQPBg,,W1NhZCBMb29raW5nIEpha2tdCkhtbS4uLg==,,,,,R2F0bz8gOiBBdSE=,,W0VsIEpha2sgZGUgYXNwZWN0byB0cmlzdGVdCk1tbeKApg==
N9QPBg,,W1NhZCBMb29raW5nIEpha2tdCkpha2shCkkgd2FudCB0byBoZWFyIGhvdyBKYWtrIGJlY2FtZSBmcmllbmRzIHdpdGggTWVvdyE=,,,,,W0pha2tdCkpha2ssIHZvY8OqIMOpIGluY3LDrXZlbCE=,,W0VsIEpha2sgZGUgYXNwZWN0byB0cmlzdGVdCsKhSmFrayEKwqFRdWllcm8gc2FiZXIgY8OzbW8gSmFrayBzZSBoaXpvIGFtaWdvIGRlIE1pYXUh
ONQPBg,,W1NhZCBMb29raW5nIEpha2tdClllcyEKSSB0aGluayBeRkYwMDAwSmFraywgc291dGggb2YgTmlmbGhlaW1eMDAwMDAwIGlzIGNsb3NlIHRvIEpha2sncyBNZW93IQpBc2sgaGltIHRoZSBzZWNyZXQgdG8gYmVpbmcgZnJpZW5kbHkgd2l0aCBNZW93,,,,,W0pha2tdCkF2aXNlIGFvIEpha2suCk8gZ2F0aW5obyBnb3N0YSBkZSBwZWl4ZSBmcmVzY28gZSB0YW1iw6ltIGRhIGNvbXBhbmlhIGRlIFdpeiEKRSBlbGUgdHJheiBPc3NvcyE=,,W0VsIEpha2sgZGUgYXNwZWN0byB0cmlzdGVdCsKhU8OtIQrCoUNyZW8gcXVlIF42NjAwMDBKYWtrLCBhbCBzdXIgZGUgTmlmbGhlaW0sXjAwMDAwMCBlcyBhbWlnbyBkZWwgTWlhdSBkZSBKYWtrIQpQcmVnw7pudGFsZSBlbCBzZWNyZXRvIHBhcmEgc2VyIGFtaWdvIGRlIE1pYXUu
OdQPBg,,W1NhZCBMb29raW5nIEpha2tdClNuaWZmLi4u,,,,,W0pha2tdCk1hcyBlbGUgZ29zdGEgbWFpcyBkZSBtaW0hISE=,,W0VsIEpha2sgZGUgYXNwZWN0byB0cmlzdGVdCipTb2xsb3phKg==
OtQPBg,,W1NhZCBMb29raW5nIEpha2tdCkhpIEpha2shISEKSGF2ZSB5b3UgaGVhcmQgSmFraydzIHN0b3J5Pw==,,,,,W0pha2tdClZvY8OqIG91dml1IG8gcXVlIFdpeiBkaXNzZT8=,,W0VsIEpha2sgZGUgYXNwZWN0byB0cmlzdGVdCsKhwqHCoUhvbGEsIEpha2shISEKwr9Fc2N1Y2hhc3RlIGxhIGhpc3RvcmlhIGRlIEpha2s/
O9QPBg,,SSBkb24ndCB0aGluayBpdCB3aWxsIGhlbHAu,,,,,W0pha2tdCkF2aXNlIGFvIEpha2suCk8gZ2F0aW5obyBnb3N0YSBkZSBwZWl4ZSBmcmVzY28gZSB0YW1iw6ltIGRhIGNvbXBhbmlhIGRlIFdpeiEKRXUgZWxlIHRyYXogT3Nzb3Mh,,Tm8gY3JlbyBxdWUgc2lydmEgZGUgbmFkYS4=
PNQPBg,,W1NhZCBMb29raW5nIEpha2tdCkhleX4KVGhlbiB3aGF0IHNob3VsZCBJIGRvPwpXb3VsZCB5b3UgbGlrZSB0byBoZWFyIEpha2sncyBzdG9yeT8=,,,,,W0pha2tdCkJpY2hhbm8hCk1pYXUhISE=,,W0VsIEpha2sgZGUgYXNwZWN0byB0cmlzdGVdCkhvbGEuCkVudG9uY2VzLCDCv3F1w6kgZGVibyBoYWNlcj8Kwr9RdWllcmVzIGNvbm9jZXIgbGEgaGlzdG9yaWEgZGUgSmFraz8=
PdQPBg,,W1NhZCBMb29raW5nIEpha2tdCkpha2shIQpXaHkgZG9uJ3QgeW91IGNhdGNoIF5GRjAwMDAxMCBSdW5uaW5nIEpha2teMDAwMDAwIHdhbmRlcmluZyBhcm91bmQgaGVyZT8KRG9uJ3QgZm9yZ2V0IHRvIGJyaW5nIF5GRjAwMDA1IFB1bXBraW4gRGVjb3JhdGlvbnMgYW5kIDUgRHJ5IFdoaXRlIFN0ZW1eMDAwMDAwIQ==,,,,,R2F0bz8=,,W0VsIEpha2sgZGUgYXNwZWN0byB0cmlzdGVdCsKhSmFrayEKwr9Qb3IgcXXDqSBubyBhdHJhcGFzIF42NjAwMDAxMEpha2sgY29ycmVkb3Jlc14wMDAwMDAgcXVlIGFuZGVuIHBvciBhcXXDrT8KwqFObyBvbHZpZGVzIHRyYWVyIF42NjAwMDA1RGVjb3JhY2lvbmVzIGRlIGNhbGFiYXphIHkgNVRhbGxvcyBibGFuY29zIHNlY29zXjAwMDAwMCE=
PtQPBg,,W1NhZCBMb29raW5nIEpha2tdCkhpIEpha2sh,,,,,V2l6,,W0VsIEpha2sgZGUgYXNwZWN0byB0cmlzdGVdCsKhSG9sYSwgSmFrayE=
P9QPBg,,W0pha2sgSGVhZF0KQWgsIGl0J3MgSmFrayEKSXMgaXQgYSBtb29zZT8=,,,,,W1dpel0KZWtla2VrZWtl,,W0NhYmV6YSBkZSBKYWtrXQrCoUFoLCBlcyBKYWtrIQrCv0VzIHVuIGFsY2U/
QNQPBg,,SmFrayBIZWFkOiBBaCwgaXQncyBKYWtrIQ==,,,,,W1dpel0KVm9jw6ogcXVlciBhbGdvIGRlIG1pbS4KRGlnYS4=,,Q2FiZXphIGRlIEpha2s6IMKhQWgsIGVzIEpha2sh
QdQPBg,,SmFrayBIZWFkOiBJcyBpdCBhIG1vb3NlPw==,,,,,U29icmUgdW0gZ2F0aW5obw==,,SmFrayBIZWFkOiDCv0VzIHVuIGFsY2U/
QtQPBg,,W1NhZCBMb29raW5nIEpha2tdCkkndmUgYmVjb21lIGEgYml0IGF3a3dhcmQgd2l0aCBNZW93LCBzbyBJIGFza2VkIEpha2sgaG93IHRvIGJlY2FtZSBmcmllbmRzIHdpdGggTWVvdyE=,,,,,W1dpel0KRGUgcXVlIHRpcG8gZGUgZ2F0byB2b2PDqiBlc3TDoSBmYWxhbmRvPw==,,W0VsIEpha2sgZGUgYXNwZWN0byB0cmlzdGVdClRvZG8gZXMgdW4gcG9jbyByYXJvIGNvbiBNaWF1LCDCoWFzw60gcXVlIGxlIHByZWd1bnTDqSBhIEpha2sgY8OzbW8gaGFjZXJtZSBhbWlnbyBkZSBNaWF1IQ==
Q9QPBg,,W1NhZCBMb29raW5nIEpha2tdCkhvdyBkaWQgSmFrayBiZWNvbWUgZnJpZW5kcyB3aXRoIE1lb3c/,,,,,RXhwbGljYXIu,,W0VsIEpha2sgZGUgYXNwZWN0byB0cmlzdGVdCsK/Q8OzbW8gc2UgaGl6byBKYWtrIGFtaWdvIGRlIE1pYXU/
RNQPBg,,W0pha2sgSGVhZF0KSHVtbT8KTWF5YmkgYWZ0ZXIgSmFrayBtZXQgTWVvd2k/,,,,,W1dpel0KQXF1ZWxhIGNyaWF0dXJhIGJyYW5jYSBiYXJ1bGhlbnRhIHNpbXBsZXNtZW50ZSBhZ2Fycm91IG1ldSBvc3NvIGUgZnVnaXUu,,W0NhYmV6YSBkZSBKYWtrXQrCv01tbT8Kwr9RdWl6w6EgZGVzcHXDqXMgZGUgcXVlIEpha2sgY29ub2Npw7MgYSBNaWF1Pw==
RdQPBg,,SmFrayBIZWFkIDogTWVvd2kgY3V0ZSEhIQ==,,,,,W1dpel0KU2Ugdm9jw6ogbWUgdHJvdXhlciB1bSBvc3NvIHBhcmEgc3Vic3RpdHVpciwgZXUgbGhlIGRpcmVpIGNvbW8gZW5jb250cmFyIGEgY3JpYXR1cmEu,,Q2FiZXphIGRlIEpha2s6IMKhwqHCoU1pYXUgYWRvcmFibGUhISE=
RtQPBg,,W0pha2sgSGVhZF0KSSBkdW5uby4KQmVjb3VzZSBKYWtrIGlzIEpha2sgYW5kIE1lb3dpIGlzIE1lb3dpIQ==,,,,,UmVjdXNhci4=,,W0NhYmV6YSBkZSBKYWtrXQpOdSBsbyBzw6kuCsKhUG9ycXVlIEpha2sgZXMgSmFrayB5IE1pYXUgZXMgTWlhdSE=
R9QPBg,,SmFrayBIZWFkIDogRHVubm9kdW5ubyE=,,,,,W1dpel0KZWtla2VrZWtlCkZleiBiZW0hISE=,,SmFrayBIZWFkIDogwqFObyBzw6ksIG5vIHPDqSE=
SNQPBg,,W1NhZCBMb29raW5nIEpha2tdCkhtbS4uLgpJIGRvbid0IGtub3chClNvcnJ5IGZvciB0aGF0LCBKYWtrIGJyb3VnaHQgbWUgSmFrayBiYWNrIGJ1dCBJIGNhbid0IGhlbHAgeW91IQ==,,,,,W1dpel0KQWdvcmEsIGNvbmZvcm1lIG8gY29udHJhdG8sIHRyYWdhLW1lIF5GRjAwMDAyIE9zc29zXjAwMDAwMC4KRE9JUy4uLiBla2VrZWtla2U=,,W0VsIEpha2sgZGUgYXNwZWN0byB0cmlzdGVdCk1tbeKApgrCoU5vIGxvIHPDqSEKTG8gc2llbnRvLCBKYWtrIG1lIHRyYWpvIGRlIHZ1ZWx0YSBhIEpha2ssIHBlcm8gbm8gcHVlZG8gYXl1ZGFydGUu
SdQPBg,,W1NhZCBMb29raW5nIEpha2tdClRoZW4gbGV0J3MgYXNrIEpha2sgdG9tb3Jyb3ch,,,,,W1dpel0KR3JyLi4uIHR1ZG8gYmVtLi4u,,W0VsIEpha2sgZGUgYXNwZWN0byB0cmlzdGVdCsKhRW50b25jZXMgcHJlZ3VudMOpbW9zbGUgYSBKYWtrIG1hw7FhbmEh
StQPBg,,W1NhZCBMb29raW5nIEpha2tdCkdvb2QhCkpha2sga25vd3MsIHJpZ2h0Pw==,,,,,W1dpel0KSGFoYWhhaGEhClBlcmZlaXRvISEhCk1hcmF2aWxoYSEhIQpBZ29yYSBzaW0hIQpWb2x0YXJlaSBhIHRlciBtYWlzIE9zc29zISEhIQ==,,W0VsIEpha2sgZGUgYXNwZWN0byB0cmlzdGVdCsKhQmllbiEKSmFrayBsbyBzYWJlLCDCv3ZlcmRhZD8=
S9QPBg,,W1NhZCBMb29raW5nIEpha2tdCkpha2shClRoYW5rcyBmb3IgaGF2aW5nIEpha2shCkxpc3RlbiB0byBteSBzdG9yeSBhZ2FpbiB0b21vcnJvdyEKSXQncyBhIHByb21pc2UhISE=,,,,,W1dpel0KRW50w6NvLCBjb21vIHByb21ldGlkbywgZGlyZWkgY29tbyBlbmNvbnRyYXIgbyBnYXRpbmhvLg==,,W0VsIEpha2sgZGUgYXNwZWN0byB0cmlzdGVdCsKhSmFrayEKwqFHcmFjaWFzIHBvciBpbnZpdGFyIGEgSmFrayEKwqFWdWVsdmUgYSBlc2N1Y2hhciBtaSBoaXN0b3JpYSBtYcOxYW5hIQrCocKhwqFFcyB1bmEgcHJvbWVzYSEhIQ==
TNQPBg,,W1NhZCBMb29raW5nIEpha2tdCldoeSBkb24ndCB5b3UgY2F0Y2ggXkZGMDAwMDEwIFJ1bm5pbmcgSmFra14wMDAwMDAgd2FuZGVyaW5nIGFyb3VuZCBoZXJlPwpEb24ndCBmb3JnZXQgdG8gYnJpbmcgXkZGMDAwMDUgUHVtcGtpbiBEZWNvcmF0aW9ucyBhbmQgNSBEcnkgV2hpdGUgU3RlbV4wMDAwMDAh,,,,,W1dpel0KU8OzIGxldmFyIG8gXkZGMDAwME9zc29eMDAwMDAwIHF1ZSBzb2Jyb3UgcGFyYSBvIERvbm8uCkFzc2ltLCBvIGdhdGluaG8gdmFpIGFwYXJlY2VyIHJhcGlkaW5oby4uLgpla2VrZWtla2U=,,W0VsIEpha2sgZGUgYXNwZWN0byB0cmlzdGVdCsK/UG9yIHF1w6kgbm8gYXRyYXBhcyBeNjYwMDAwMTBKYWtrIGNvcnJlZG9yZXNeMDAwMDAwIHF1ZSBhbmRlbiBwb3IgYXF1w60/CsKhTm8gb2x2aWRlcyB0cmFlciBeNjYwMDAwNURlY29yYWNpb25lcyBkZSBjYWxhYmF6YSB5IDVUYWxsb3MgYmxhbmNvcyBzZWNvc14wMDAwMDAh
TdQPBg,,W1NhZCBMb29raW5nIEpha2tdCkpha2shCkkgbWV0IEpha2sgYSBsb3QgdG9kYXksIHNvIGxpc3RlbiB0byBteSBzdG9yeSBhZ2FpbiB0b21vcnJvdyEKSXQncyBhIHByb21pc2UhISE=,,,,,W1dpel0KQWdvcmEsIGNvbmZvcm1lIG8gY29udHJhdG8sIHRyYWdhLW1lIF5GRjAwMDAyIE9zc29zXjAwMDAwMC4=,,W0VsIEpha2sgZGUgYXNwZWN0byB0cmlzdGVdCsKhSmFrayEKSG95IHZpIG11Y2hvIGEgSmFraywgwqFhc8OtIHF1ZSB2dWVsdmUgYSBlc2N1Y2hhciBtaSBoaXN0b3JpYSBtYcOxYW5hIQrCocKhwqFFcyB1bmEgcHJvbWVzYSEhIQ==
TtQPBg,,W1NhZCBMb29raW5nIEpha2tdCkkgZ290IHB1bmNoZWQgYnkgTWVvdyBhZ2FpbiB0b2RheS4=,,,,,W1dpel0KRMOhIHBhcmEgY29uc2VndWlyIE9zc29zIG5hIF5GRjAwMDBDYXZlcm5hIGRlIFBheW9uXjAwMDAwMCwgcG9yIGV4ZW1wbG8uCkJhc3RhIGVsaW1pbmFyIGFsZ3VucyBeRkYwMDAwRXNxdWVsZXRvc14wMDAwMDAh,,W0VsIEpha2sgZGUgYXNwZWN0byB0cmlzdGVdCkhveSBNaWF1IG1lIHZvbHZpw7MgYSBwZWdhci4=
T9QPBg,,W1NhZCBMb29raW5nIEpha2tdCkRvZXMgTWVvdyBoYXRlIG1lPwpXaGVuIGNhbiBJIGJlY29tZSBmcmllbmRzIHdpdGggTWVvdz8=,,,,,W1dpel0KUHJlY2lzbyBkZSAyIE9zc29zLi4uIGVrZWtla2VrZQ==,,W0VsIEpha2sgZGUgYXNwZWN0byB0cmlzdGVdCsK/TWlhdSBtZSBvZGlhPwrCv0N1w6FuZG8gcHVlZG8gc2VyIGFtaWdvIGRlIE1pYXU/
UNQPBg,,W1NhZCBMb29raW5nIEpha2tdClRvZGF5LCBJIHN3aXRjaGVkIHRvIHN3ZWV0IHB1bXBraW4sIHdoaWNoIE1lb3cgbGlrZXMsIGFuZCBoZSBiaXQgaW50byBpdC4=,,,,,W0pha2sgRXN0cmFuaG9dCkFoLi4udXJnaC4uLgpEcm9nYS4uLg==,,W0VsIEpha2sgZGUgYXNwZWN0byB0cmlzdGVdCkhveSB1c8OpIGNhbGFiYXphIGR1bGNlLCBxdWUgYSBNaWF1IGxlIGd1c3RhLCB5IGxhIG1vcmRpw7Mu
UdQPBg,,W1NhZCBMb29raW5nIEpha2tdCklmIHRoaXMgY29udGludWVzLCBpdCB3aWxsIGJlY29tZSBEZWxpY2lvdXMgSmFraywgbm90IEZyaWVuZCBKYWtrLgpXaGVuIGNhbiBJIGJlY29tZSBmcmllbmRzIHdpdGggTWVvdz8=,,,,,LSBNaXNzw6NvIGFwZW5hcyBwYXJhIG7DrXZlbCBiYXNlIDMwIG91IHN1cGVyaW9yLiAt,,W0VsIEpha2sgZGUgYXNwZWN0byB0cmlzdGVdClNpIGVzdG8gc2lndWUgYXPDrSwgc2UgY29udmVydGlyw6EgZW4gZWwgSmFrayBkZWxpY2lvc28sIGVuIGx1Z2FyIGRlbCBKYWtrIGFtaWdvLgrCv0N1w6FuZG8gcHVlZG8gc2VyIGFtaWdvIGRlIE1pYXU/
UtQPBg,,W1NhZCBMb29raW5nIEpha2tdCkpha2shCkkgd2FudCB0byBoZWFyIGhvdyBKYWtrIGJlY2FtZSBmcmllbmRzIHdpdGggTWVvdywgbm90IGhvdyBkZWxpY2lvdXMgaGUgaXMh,,,,,W0pha2sgRXN0cmFuaG9dCkFoIQpWb2PDqiBjaGVnb3UgbmEgaG9yYSwge30hClBvZGUgZGFyIHVtYSBvbGhhZGEgbm8gbWV1IHJvc3RvPw==,,W0VsIEpha2sgZGUgYXNwZWN0byB0cmlzdGVdCsKhSmFrayEKwqFRdWllcm8gb8OtciBjw7NtbyBKYWtrIHNlIGhpem8gYW1pZ28gZGUgTWlhdSwgbm8gbG8gZGVsaWNpb3NvIHF1ZSBlcyE=
U9QPBg,,W1NhZCBMb29raW5nIEpha2tdCkkgcGV0dGVkIHRoZSBtZW93dHogdG9kYXksIGJ1dCBpdCBnb3QgYW5ncnkgYW5kIHJhbiBhd2F5IHdpdGggYSBicmFuY2ggaW4gaXRzIG1vdXRoLg==,,,,,W0pha2sgRXN0cmFuaG9dCkV1IGNvbWVjZWkgYSBlc3BpcnJhciBlIGHDrSBtZXUgcm9zdG8gY29tZcOnb3UgYSBjb8OnYXIuLi4=,,W0VsIEpha2sgZGUgYXNwZWN0byB0cmlzdGVdCkhveSBhY2FyaWNpw6kgYSBNaWF1LCBwZXJvIHNlIGVub2rDsyB5IHNhbGnDsyBjb3JyaWVuZG8gY29uIHVuYSByYW1hIGVuIGxhIGJvY2Eu
VNQPBg,,W1NhZCBMb29raW5nIEpha2tdCldoYXQgaWYgTWVvdyBkb2Vzbid0IGNvbWUgYmFjaz8KV2hlbiBjYW4gSSBiZWNvbWUgZnJpZW5kcyB3aXRoIE1lb3c/,,,,,W0pha2sgRXN0cmFuaG9dCkV1IHNpbnRvIGVsZSB1bSBwb3VjbyBpbmNoYWRvLCB0YW1iw6ltLi4u,,W0VsIEpha2sgZGUgYXNwZWN0byB0cmlzdGVdCsK/WSBzaSBNaWF1IG5vIHZ1ZWx2ZT8Kwr9DdcOhbmRvIHB1ZWRvIHNlciBhbWlnbyBkZSBNaWF1Pw==
VdQPBg,,W1NhZCBMb29raW5nIEpha2tdCkpha2shCk1lb3cgd2lsbCBjb21lIGJhY2ssIHJpZ2h0PwpJIHdhbnQgdG8gaGVhciBob3cgSmFjayBiZWNhbWUgZnJpZW5kcyB3aXRoIE1lb3ch,,,,,TsOjbyBjb25zaWdvIHZlci4=,,W0VsIEpha2sgZGUgYXNwZWN0byB0cmlzdGVdCsKhSmFrayEKTWlhdSB2b2x2ZXLDoSwgwr92ZXJkYWQ/CsKhUXVpZXJvIHNhYmVyIGPDs21vIEphY2sgc2UgaGl6byBhbWlnbyBkZSBNaWF1IQ==
VtQPBg,,W1NhZCBMb29raW5nIEpha2tdCkkgdHJpZWQgdG8gbG9vayBhdCBNZW93IHdpdGggd2FybSBleWVzIHRvZGF5LCBidXQgcHVtcGtpbnMgZG9uJ3QgaGF2ZSBleWVzLCBzbyBJIGNhbid0IGxvb2sgYXQgaGltLg==,,,,,W0pha2sgRXN0cmFuaG9dClF1ZSBlc3RyYW5oby4KVm9jw6ogcGFyZWNpYSBlbnhlcmdhciBiZW0uLi4KQWNobyBxdWUgdm91IHBlZGlyIHBhcmEgb3V0cmEgcGVzc29hIHZlci4=,,W0VsIEpha2sgZGUgYXNwZWN0byB0cmlzdGVdCkhveSBpbnRlbnTDqSBtaXJhciBhIE1pYXUgY29uIG9qb3MgdGllcm5vcywgcGVybyBsYXMgY2FsYWJhemFzIG5vIHRpZW5lbiBvam9zLCBhc8OtIHF1ZSBubyBwdWVkbyBtaXJhcmxvLg==
V9QPBg,,W1NhZCBMb29raW5nIEpha2tdCkJ1dCBJIGtlcHQgbG9va2luZyBhbmQgTWVvdyBxdWlldGx5IHdlbnQgaW50byB0aGUgaG91c2Uu,,,,,TsOjbywgbsOjbyDDqSBpc3NvLi4u,,W0VsIEpha2sgZGUgYXNwZWN0byB0cmlzdGVdClBlcm8gc2VndcOtIG1pcmFuZG8geSBNaWF1IGVudHLDsyBlbiBsYSBjYXNhIGRlc3BhY2lvLg==
WNQPBg,,W1NhZCBMb29raW5nIEpha2tdCklzIGl0IGJlY2F1c2UgSSBkb24ndCBoYXZlIHdhcm0gZXllcz8KV2hlbiBjYW4gSSBiZWNvbWUgZnJpZW5kcyB3aXRoIE1lb3c/,,,,,W0pha2sgRXN0cmFuaG9dClR1ZG8gYmVtLgpOw6NvIGjDoSBuYWRhIHF1ZSBldSBwb3NzYSBmYXplciBhZ29yYS4=,,W0VsIEpha2sgZGUgYXNwZWN0byB0cmlzdGVdCsK/RXMgcG9ycXVlIG5vIHRlbmdvIG9qb3MgdGllcm5vcz8Kwr9DdcOhbmRvIHB1ZWRvIHNlciBhbWlnbyBkZSBNaWF1Pw==
WdQPBg,,W1NhZCBMb29raW5nIEpha2tdCkpha2shCkkgd2FudCB0byBoYXZlIHdhcm0gZXllcyB0b28hPwpXb3VsZG4ndCBKYWtrIGtub3cgYSB3YXk/,,,,,W0pha2sgRXN0cmFuaG9dClNlIHZvY8OqIGVuY29udHJhciBvdXRyb3MgY29tIG8gbWVzbW8gc2ludG9tYSwgcG9kZXJpYSBhYm9yZMOhLWxvcz8=,,W0VsIEpha2sgZGUgYXNwZWN0byB0cmlzdGVdCsKhSmFrayEKwr/CoVlvIHRhbWJpw6luIHF1aWVybyB0ZW5lciBvam9zIHRpZXJub3MhPwrCv05vIHNhYnLDrWEgSmFrayB1bmEgbWFuZXJhPw==
WtQPBg,,W1NhZCBMb29raW5nIEpha2tdClRvZGF5LCBJIGxvb2tlZCBhdCBNZW93IHdpdGggd2FybSBleWVzLCBidXQgaGUgZ290IGFuZ3J5Lg==,,,,,W0pha2sgRXN0cmFuaG9dCk7Do28gaMOhIG5hZGEgcXVlIGV1IHBvc3NhIGZhemVyIGFnb3JhLgpTZSB2b2PDqiBlbmNvbnRyYXIgb3V0cm9zIGNvbSBvIG1lc21vIHNpbnRvbWEsIHBvZGVyaWEgYWJvcmTDoS1sb3M/,,W0VsIEpha2sgZGUgYXNwZWN0byB0cmlzdGVdCkhveSBtaXLDqSBhIE1pYXUgY29uIG9qb3MgdGllcm5vcywgcGVybyBzZSBlbm9qw7Mu
W9QPBg,,W1NhZCBMb29raW5nIEpha2tdCk1lb3cgd2FudHMgdG8gYmUgcXVpZXQgYW5kIHJlbGF4ZWQh,,,,,W0pha2sgRXN0cmFuaG9dCkFoaCEhIQpHcmHDp2FzIMOgIHZvY8OqLCB7fSwgYSBkb3IgcGFzc291IQpPIHRyYXRhbWVudG8gZG8gQXJnb3MgYWp1ZG91IQ==,,W0VsIEpha2sgZGUgYXNwZWN0byB0cmlzdGVdCsKhTWlhdSBxdWllcmUgZXN0YXIgdHJhbnF1aWxvIHkgcmVsYWphZG8h
XNQPBg,,W1NhZCBMb29raW5nIEpha2tdCkknbSBnb2luZyB0byBwbGF5IHZlcnkgcXVpZXRseSB3aXRoIE1lb3cgdG9kYXkhISE=,,,,,LSBWb2PDqiBuw6NvIHNhYmUgbyBxdWUgZmV6LCBtYXMgZmljYSBmZWxpeiBxdWUgYWp1ZG91LiAt,,W0VsIEpha2sgZGUgYXNwZWN0byB0cmlzdGVdCsKhwqHCoUhveSB2b3kgYSBqdWdhciBtdXkgdHJhbnF1aWxvIGNvbiBNaWF1ISEh
XdQPBg,,W1NhZCBMb29raW5nIEpha2tdCk9rYXkhISEKWW91IHNob3VsZCBhbHNvIGFzayBKYWtrIHRvIHBsYXkgYSBxdWlldCBnYW1lIHRvZ2V0aGVyISEh,,,,,W0pha2tdCkhtPwpTZSBlc3RvdSBtZSBjb8OnYW5kbz8=,,W0VsIEpha2sgZGUgYXNwZWN0byB0cmlzdGVdCsKhTXV5IGJpZW4hCsKhwqHCoVRhbWJpw6luIGRlYmVyw61hcyBwZWRpcmxlIGEgSmFrayBqdWdhciB1biBqdWVnbyB0cmFucXVpbG8ganVudG9zISEh
XtQPBg,,W1NhZCBMb29raW5nIEpha2tdCkhpIEpha2shISEhIQpIYXBweSBIYWxsb3dlZW4h,,,,,W0pha2tdCkhtbS4uLgpWb2PDqiBuw6NvIHRlbSBjZXJ0ZXphPw==,,W0VsIEpha2sgZGUgYXNwZWN0byB0cmlzdGVdCsKhSG9sYSwgSmFrayEKwqFGZWxpeiBIYWxsb3dlZW4h
X9QPBg,,W1NhZCBMb29raW5nIEpha2tdCkknbSBleGNpdGVkIQpJdCdzIGFuIGV4Y2l0aW5nIEhhbGxvd2VlbiBmZXN0aXZhbCEh,,,,,W0pha2tdClNlIGZvc3NlIHVtYSBhbGVyZ2lhIGFvIEFsaG9yaW5nLCBvcyBzaW50b21hcyB0ZXJpYW0gcGlvcmFkbywgbsOjbz8=,,W0VsIEpha2sgZGUgYXNwZWN0byB0cmlzdGVdCsKhUXXDqSBlbW9jacOzbiEKwqHCoUVzIHVuIGZlc3RpdmFsIGRlIEhhbGxvd2VlbiBlbW9jaW9uYW50ZSEh
YNQPBg,,W1NhZCBMb29raW5nIEpha2tdCkkgcGxheWVkIHZlcnkgcXVpZXRseSB3aXRoIE1lb3cgeWVzdGVyZGF5ISEh,,,,,W0pha2tdCk7Do28gw6kgbWVsaG9yIGlyIG51bSBtw6lkaWNvPw==,,W0VsIEpha2sgZGUgYXNwZWN0byB0cmlzdGVdCsKhwqHCoUF5ZXIganVndcOpIG11eSB0cmFucXVpbG8gY29uIE1pYXUhISE=
YdQPBg,,W0pha2sgSGVhZF0KQWgsIEpha2shCklzIGl0IG1vb3NlPw==,,,,,W0pha2tdCk5vc3NhLCBsZW1icmVpIHF1ZSBvIEpha2sgdGFtYsOpbSBlc3RhdmEgcGFzc2FuZG8gcG9yIGlzc28u,,W0NhYmV6YSBkZSBKYWtrXQrCoUFoLCBKYWtrIQrCv0VzIHVuIGFsY2U/
YtQPBg,,SmFrayBIZWFkOiBBaCwgSmFrayE=,,,,,W0pha2tdCkZlbGl6IERpYSBkYXMgQnJ1eGFzISEh,,SmFrayBIZWFkOiDCoUFoLCBKYWtrIQ==
Y9QPBg,,SmFrayBIZWFkOiBJcyBpdCBtb29zZT8=,,,,,W0pha2tdCk9sw6EuCnt9LgpDb21vIHZhaT8=,,SmFrayBIZWFkOiDCv0VzIGFsY2U/
ZNQPBg,,W1NhZCBMb29raW5nIEpha2tdCkhvdyBkaWQgSmFjayBiZWNvbWUgZnJpZW5kcyB3aXRoIE1lb3c/,,,,,W0pha2tdCkFkb3JvIG8gY2xpbWEgZW0gTmlmZmxoZWltIHBvcnF1ZSBlc3TDoSBzZW1wcmUgZXNjdXJvIGUgc29wcmEgdW0gdmVudG8gc29tYnJpby4=,,W0VsIEpha2sgZGUgYXNwZWN0byB0cmlzdGVdCsK/Q8OzbW8gc2UgaGl6byBKYWtrIGFtaWdvIGRlIE1pYXU/
ZdQPBg,,W0pha2sgSGVhZF0KTnlhbyBzYXlzIHdlIGFyZSBjb21wbGVtZW50IGVhY2ggb3RoZXIuCk55YW8sIGV2ZXJ5dGhpbmcgaXMgZ3JlYXQhISE=,,,,,W0pha2tdCkV1IGNvc3R1bWF2YSB1c2FyIHVtYSBhYsOzYm9yYSBwYXJhIGV2aXRhciBhIGFsZXJnaWEgYW8gQWxob3JpbmcsIG1hcyBhZ29yYSBldSBuZW0gdGVuaG8gbWFpcyBuYXJpeiE=,,W0NhYmV6YSBkZSBKYWtrXQpOeWFvIGRpY2UgcXVlIG5vcyBjb21wbGVtZW50YW1vcy4KTnlhbywgwqHCocKhdG9kbyBlc3TDoSBnZW5pYWwhISE=
ZtQPBg,,SmFrayBIZWFkOiBOeWFvISEh,,,,,UXVhbCBmb2kgbyB0cmF0YW1lbnRvPw==,,SmFrayBIZWFkOiDCocKhTnlhbyEh
Z9QPBg,,W0pha2sgSGVhZF0KSG1tLi4uCk55YW8sIGxldCdzIGRvIGl0IGFnYWluIQ==,,,,,W0pha2tdClLDoSEKUGFyZWNlIHF1ZSB2b2PDqiBlc3TDoSBwcm9jdXJhbmRvIHVtYSBjdXJhLgpFdSBjb25oZcOnbyBxdWVtIHBvZGUgYWp1ZGFyLg==,,W0NhYmV6YSBkZSBKYWtrXQpNbW3igKYKTnlhbywgwqFoYWfDoW1vc2xvIG90cmEgdmV6IQ==
aNQPBg,,SmFrayBIZWFkOiBGaXNoIQ==,,,,,W0pha2tdClNlIHZvY8OqIGZvciB1bSBwb3VjbyBtYWlzIHBhcmEgbyBsZXN0ZSBkYXF1aSwgZW5jb250cmFyw6EgbyBEb3V0b3IgQXJnb3Mu,,SmFrayBIZWFkOiDCoVBlc2NhZG8h
adQPBg,,W1NhZCBMb29raW5nIEpha2tdCkFoaCEhISEKTWVvdyBoYXRlcyBKYWtrIGJlY2F1c2UgSmFrayBpcyBodXJ0IQ==,,,,,W0pha2tdCkVsZSBmb2kgbXVpdG8gZ2VudGlsLCBtZSB0cmF0b3UgYmVtLCBtZXVzIHNpbnRvbWFzIHF1YXNlIGRlc2FwYXJlY2VyYW0uLi4gZ3Jhw6dhcyBhbyB0cmF0YW1lbnRvISEh,,W0VsIEpha2sgZGUgYXNwZWN0byB0cmlzdGVdCsKhQWhoIQrCoU1pYXUgb2RpYSBhIEpha2sgcG9ycXVlIEpha2sgZXN0w6EgaGVyaWRvIQ==
atQPBg,,W1NhZCBMb29raW5nIEpha2tdCkdvb2QhCkpha2sgc2hvd2VkIG1lIGEgZ29vZCBtZXRob2QhClRoZW4gbGV0J3MgYXNrIE1lb3cgdG9tb3Jyb3ch,,,,,W0pha2tdCkhlaC4uLiBwcm9jdXJlIHBlbG8gRHIuIEFyZ29zIQpPb29oaGghIQpBdMOpISEh,,W0VsIEpha2sgZGUgYXNwZWN0byB0cmlzdGVdCsKhQmllbiEKSmFrayBtZSBlbnNlw7HDsyB1biBidWVuIG3DqXRvZG8uCsKhRW50b25jZXMgcHJlZ3VudMOpbW9zbGUgYSBNaWF1IG1hw7FhbmEh
a9QPBg,,W0pha2sgSGVhZF0KTnlhbyBhcHByZWNpYXRlcyBteSBjYXJlIQpOeWFvLCBldmVyeXRoaW5nIGlzIGdyZWF0ISEh,,,,,W0pha2tdCkZlbGl6IGRpYSBkYXMgYnJ1eGFzw4DDjMK/wr/DpCEhIQ==,,W0NhYmV6YSBkZSBKYWtrXQrCoU55YW8gYXByZWNpYSBtaXMgY3VpZGFkb3MhCk55YW8sIMKhwqHCoXRvZG8gZXN0w6EgZ2VuaWFsISEh
bNQPBg,,W0pha2sgSGVhZF0KR2VudGx5IHBhdCBOeWFvIHdpdGggZHJ5IHdoaXRlIHN0ZW0u,,,,,QXJnb3M=,,W0NhYmV6YSBkZSBKYWtrXQpBY2FyaWNpYSBzdWF2ZW1lbnRlIGEgTnlhbyBjb24gdW4gdGFsbG8gYmxhbmNvIHNlY28u
bdQPBg,,W1NhZCBMb29raW5nIEpha2tdCkhtbS4uCkknbSBub3Qgc3VyZSB3aGF0IEpha2sgaXMgdGFsa2luZyBhYm91dCEKSSBoYXZlIG5vIGlkZWEgd2hhdCBoZSdzIHRhbGtpbmcgYWJvdXQsIGJ1dCBsZXQncyBwZXQgdGhlIG1lb3ch,,,,,W0FyZ29zXQpreWt5a3lrcwpWb2PDqiB2ZWlvLgpWaW0gZG8gTW9udGUgTWpvbG5pciBwYXJhIGN1cmFyIGVuZmVybW9zLgpBaCEgSMOjPyBIYS4=,,W0VsIEpha2sgZGUgYXNwZWN0byB0cmlzdGVdCk1tbeKApgrCoU5vIHPDqSBkZSBxdcOpIGhhYmxhIEpha2shCk5vIHRlbmdvIG5pIGlkZWEgZGUgbG8gcXVlIGVzdMOhIGhhYmxhbmRvLCDCoXBlcm8gdmFtb3MgYSBhY2FyaWNpYXIgYSBNaWF1IQ==
btQPBg,,W1NhZCBMb29raW5nIEpha2tdCkdvb2QhCkkgd2FudCB0byBoZWFyIHRoZSBjbGVhciBzb3VuZCBvZiBNZW93LCB0b28h,,,,,W0FyZ29zXQpBcmdoISEKQXJnaCEhCkFyZ2ghIQ==,,W0VsIEpha2sgZGUgYXNwZWN0byB0cmlzdGVdCsKhQmllbiEKwqFZbyB0YW1iacOpbiBxdWllcm8gb8OtciBlbCBjbGFybyBzb25pZG8gZGUgTWlhdSE=
b9QPBg,,W0pha2tdCkFoLCBKYWtrIQpJcyBpdCBtb29zZT8=,,,,,W0FyZ29zXQpFdSBzb3UgbyBEci4gQXJnb3MuCkV1IGFwZW5hcyBzZWkuCmt5a3lreWtzCkVudGVuZG8gYSBmb250ZSBkZSBzb2ZyaW1lbnRvIGRvIEpha2su,,W0pha2tdCsKhQWgsIEpha2shCsK/RXMgdW4gYWxjZT8=
cNQPBg,,SmFrayA6IEFoLCBKYWtrIQ==,,,,,W0FyZ29zXQpBZ29yYSwgdsOhLgpreWt5a3lrcwpUdWRvIHNlcsOhIHJlc29sdmlkby4KTWF0ZXJpYWlzIHBhcmEgbyB0cmF0YW1lbnRvIGRhIGRvci4KVm9jw6ogZGV2ZSBjb25zZWd1aXIu,,SmFrayA6IMKhQWgsIEpha2sh
cdQPBg,,SmFrayA6IElzIGl0IG1vb3NlPw==,,,,,W0FyZ29zXQpreWt5a3lrcwpWb2PDqiB2ZWlvLgpNYXRlcmlhaXMgcGFyYSB0cmF0YXIgbXVpdGEgZG9yIGUgc29mcmltZW50by4=,,SmFrayA6IMK/RXMgYWxjZT8=
ctQPBg,,W0pha2tdClJlYWxseT8KQXJlIHlvdSBsb29raW5nIGF0IG1lIGxpa2UgYSBueWFvPw==,,,,,W0FyZ29zXQogKnBsZWMqICpwbG9jKiAKICpQQVRBVENIQVUqIApQcm9udG8uCkFnb3JhLCB2b2PDqiBkZXZlIHNlZ3VpciBlbSBmcmVudGUu,,W0pha2tdCsK/RGUgdmVyZGFkPwrCv01lIGVzdMOhcyBtaXJhbmRvIGNvbW8gYSB1biBOeWFvPw==
c9QPBg,,SmFrazogVGFra2tra2shISE=,,,,,W0FyZ29zXQpQYXJlY2Ugc2ltbGVzLgpNYXMgw6kgaXN0by4=,,SmFrazogwqHCocKhVGFra2tra2shISE=
dNQPBg,,W0pha2tdCkJlY2F1c2UgTnlhbyBpcyBkb2luZyB3aGF0ZXZlciBzaGUgd2FudHMuCklmIHlvdSBsb29rIGF0IG1lIGxpa2UgdGhhdCwgeW91J2xsIGVuZCB1cCBpbiBhc2hlcyEhIQ==,,,,,Q29udmVyc2FyLg==,,W0pha2tdClBvcnF1ZSBOeWFvIGVzdMOhIGhhY2llbmRvIGxvIHF1ZSBxdWllcmUuCsKhwqFTaSBtZSBtaXJhcyBhc8OtLCBhY2FiYXLDoXMgc2llbmRvIGNlbml6YXMhIQ==
ddQPBg,,SmFrazogR2V0IG91dCBvZiBpdCEh,,,,,Q3JpYXIgQ2FiZcOnYSBkZSBNw7ptaWEu,,SmFrazogwqFGdWVyYSBkZSBhcXXDrSE=
dtQPBg,,W1NhZCBMb29raW5nIEpha2tdCkhtbS4uLgpDb3VsZCBpdCBiZSB3YXJtIGV5ZXM/Ck1lb3cgd2lsbCBjb21lIGJhY2sgdG9tb3Jyb3csIHJpZ2h0Pw==,,,,,W0FyZ29zXQpreWt5a3lrcwpWb2PDqiB2ZWlvLgpoaWhpaGkuCk7Do28gc2VpIG8gcXVlIGZhbGFyLg==,,W0VsIEpha2sgZGUgYXNwZWN0byB0cmlzdGVdCk1tbeKApgrCv1BvZHLDrWFuIHNlciB1bm9zIG9qb3MgdGllcm5vcz8KTWlhdSB2b2x2ZXLDoSBtYcOxYW5hLCDCv3ZlcmRhZD8=
d9QPBg,,W1NhZCBMb29raW5nIEpha2tdCkdvb2QhCldoZW4gTWVvdyBjb21lcyBiYWNrIHRvbW9ycm93LCBJIHdpbGwgbG9vayBhdCB5b3Ugd2l0aCB3YXJtIGV5ZXMhIQpVbnRpbCBteSBoZWFydCBpcyBjb252ZXllZCE=,,,,,W0FyZ29zXQpFdSBlbmNvbnRyZWkgdW1hIG1hbmVpcmEgbWFpcyBmw6FjaWwgZGUgZmF6ZXIgaXNzby4Kc2tza3Nrc2tza3Nrc2sKRWxlcyB2w6NvIGNhaXIgZGlyZXRvIHBhcmEgdm9jw6ouCkJhc3RhIGNhw6dhciBhcXVpIGVtIF4wMDAwQ0ROaWZmbGhlaW1eMDAwMDAwLg==,,W0VsIEpha2sgZGUgYXNwZWN0byB0cmlzdGVdCsKhQmllbiEKwqHCoUN1YW5kbyBNaWF1IHZ1ZWx2YSBtYcOxYW5hLCB0ZSBtaXJhcsOpIGNvbiBvam9zIHRpZXJub3MhIQrCoUhhc3RhIHF1ZSBtaSBjb3JhesOzbiBoYWJsZSE=
eNQPBg,,W1NhZCBMb29raW5nIEpha2tdCkkgd2FudCB0byBsb29rIGF0IE1lb3cgd2l0aCB3YXJtIGV5ZXMsIGJ1dCBwdW1wa2lucyBkb24ndCBoYXZlIGV5ZXMuCldoYXQgc2hvdWxkIEkgZG8/,,,,,W0FyZ29zXQpFdSBlbmNvbnRyZWkgdW1hIG1hbmVpcmEgbWFpcyBmw6FjaWwgZGUgZmF6ZXIgaXNzby4Kc2tza3Nrc2tza3Nrc2sKRWxlcyB2w6NvIGNhaXIgZGlyZXRvIHBhcmEgdm9jw6ouCkJhc3RhIGNhw6dhciBsw6EgZW0gXjAwMDBDRFNrZWxsaW5ndG9uXjAwMDAwMC4=,,W0VsIEpha2sgZGUgYXNwZWN0byB0cmlzdGVdClF1aWVybyBtaXJhciBhIE1pYXUgY29uIG9qb3MgdGllcm5vcywgcGVybyBsYXMgY2FsYWJhemFzIG5vIHRpZW5lbiBvam9zLgrCv1F1w6kgZGVibyBoYWNlcj8=
edQPBg,,W0pha2tdClJlYWxseT8KSXNuJ3QgaXQgaW1wb3J0YW50IGZvciBtZSB0byBsb29rIGF0IHlvdSBtb3JlIHdhcm1seSB0aGFuIGFueW9uZSBlbHNlPw==,,,,,W0FyZ29zXQpFdSBlbmNvbnRyZWkgdW1hIG1hbmVpcmEgbWFpcyBmw6FjaWwgZGUgZmF6ZXIgaXNzby4Kc2tza3Nrc2tza3Nrc2sKRWxlcyB2w6NvIGNhaXIgZGlyZXRvIHBhcmEgdm9jw6ouCkJhc3RhIGNhw6dhciBsw6Egbm8gXjAwMDBDRFZhbGUgZGUgR3lvbGxeMDAwMDAwLg==,,W0pha2tdCsK/RGUgdmVyZGFkPwrCv0FjYXNvIG5vIGVzIGltcG9ydGFudGUgcXVlIHRlIG1pcmUgY29uIG3DoXMgY2FyacOxbyBxdWUgYSBuYWRpZT8=
etQPBg,,SmFrazogTXkgZ29vZG5lc3MhISE=,,,,,W0FyZ29zXQpWb2PDqiBwcmVjaXNhIG9idGVyIHVtIGRlIGNhZGEuCkFyZ2ghIQpBcmdoISE=,,SmFrazogwqFDaWVsb3Mh
e9QPBg,,SmFrazogTXkh,,,,,W0FyZ29zXQpreWt5a3lrcwpWb2PDqiB2ZWlvLgpFIHRyb3V4ZSB0dWRvLg==,,SmFrazogTWnigKY=
fNQPBg,,W1NhZCBMb29raW5nIEpha2tdCkhtbS4uLgpIZWFydC4uLg==,,,,,W0FyZ29zXQpEZWl4ZSBhIGRvciBwYXNzYXIuCkFzc2ltLCB2b2PDqiBuw6NvIHNlIGFjb3N0dW1hIGNvbSBlbGEuLi4KRGlnYTogJ2RvciwgdsOhIGVtYm9yYScuCkUgZWxhIHZhaSBwYXNzYXIuClZvbHRlIHF1YW5kbyBxdWlzZXIgbWFpcy4=,,W0VsIEpha2sgZGUgYXNwZWN0byB0cmlzdGVdCk1tbeKApgpjb3JhesOzbuKApg==
fdQPBg,,W1NhZCBMb29raW5nIEpha2tdCkdvb2QhCkxpa2UgSmFrayBzYWlkLCBsb29rIGF0IE1lb3cgd2FybWx5IHdpdGggeW91ciBtaW5kJ3MgZXllIQ==,,,,,W0FyZ29zXQpBZ3VhcmRlIHVtIG1vbWVudG8uCkFoLi4uIGFpbmRhIGVzdMOhIGFjb250ZWNlbmRvLi4u,,W0VsIEpha2sgZGUgYXNwZWN0byB0cmlzdGVdCsKhQmllbiEKQ29tbyBkaWpvIEpha2ssIMKhbWlyYSBhIE1pYXUgY8OhbGlkYW1lbnRlIGNvbiBlbCBvam8gZGUgdHUgbWVudGUh
ftQPBg,,W1NhZCBMb29raW5nIEpha2tdClRoZW4gTWVvdy4uLgo8Rk9OVCBTSVpFID0gMTQ+PEI+XjAwQjdFRU9wZW5pbmcgdGhlIG1pbmQncyBleWUhISEhIV4wMDAwMDA8L0I+PC9GT05UPgo8Rk9OVCBTSVpFID0gMTQ+PEI+XjAwQjdFRUJ1cm5pbmcgZ2F6ZSEhISFeMDAwMDAwPC9CPjwvRk9OVD4=,,,,,LSBQYXJlY2UgZXN0YXIgdHVkbyBiZW0uIFZvbHRlIG1haXMgdGFyZGUuIC0=,,W0VsIEpha2sgZGUgYXNwZWN0byB0cmlzdGVdCkVudG9uY2VzIE1pYXXigKYKPEZPTlQgU0laRSA9IDE0PjxCPl44ODAwOEbCocKhwqFBYnJpciBlbCBvam8gZGUgbGEgbWVudGUhISFeMDAwMDAwPC9CPjwvRk9OVD4KPEZPTlQgU0laRSA9IDE0PjxCPl44ODAwOEbCocKhwqFNaXJhZGEgYXJkaWVudGUhISFeMDAwMDAwPC9CPjwvRk9OVD4=
f9QPBg,,W01lb3c/P10KTU9PT08hISEh,,,,,W0FyZ29zXQpreWt5a3lrcwpNYWlzIHVtYSB2ZXosIHZvY8OqIGVzdMOhIGFxdWkuCmhpaGloaS4KTsOjbyBzZWkgbyBxdWUgZmFsYXIu,,W8K/TWlhdT9dCsKhwqHCoU1PT09PISEh
gNQPBg,,TWVvdz8/IDogTU9PT09PTyEhISE=,,,,,W0FyZ29zXQogKnRlY2UqIAogKmVucm9sYSogCkFxdWkgZXN0w6EuIA==,,wr9NaWF1PzogwqHCocKhTU9PT08hISE=
gdQPBg,,W1NhZCBMb29raW5nIEpha2tdCldvdyEhIQpNZW93IHJlYWxseSBkb2Vzbid0IHJ1biBhd2F5IGFuZCBzdGF5IGNhbG0hISEKSSdtIGV4Y2l0ZWQhISEhClRoYW5rcyB0byBKYWtrIGZvciBoZWxwaW5nIG1lISEh,,,,,W0FyZ29zXQpPYnJpZ2Fkby4KVm9sdGUgc2UgcHJlY2lzYXIuClZvY8OqIHZhaS4uLi4gaGVoZWhlLg==,,W0VsIEpha2sgZGUgYXNwZWN0byB0cmlzdGVdCsKhR3VhdSEKwqHCocKhTWlhdSByZWFsbWVudGUgbm8gaHV5w7MgeSBjb25zZXJ2w7MgbGEgY2FsbWEhISEKwqFRdcOpIGVtb2Npw7NuIQrCocKhwqFHcmFjaWFzIGEgbGEgYXl1ZGEgZGUgSmFrayEhIQ==
gtQPBg,,TWVvdz8/IHNlZW1zIHNpbXBseSBzdXJwcmlzZWQu,,,,,W0FyZ29zXQpDYWTDqiBvcyBtYXRlcmlhaXM/Pz8/CkV1IHByZWNpc28gZGUgNSBOb3ZlbG8gZGUgQWxtYXMhClPDsyBpc3NvIG7Do28gZMOhISEhIQ==,,wr9NaWF1PzogUGFyZWNlIHNpbXBsZW1lbnRlIHNvcnByZW5kaWRvLg==
g9QPBg,,W1NhZCBMb29raW5nIEpha2tdCk9rYXkhISEKSSdsbCBnbyB0byBKYWtrIHRvIHRlbGwgdGhpcyBuZXdzIQ==,,,,,Vm96,,W0VsIEpha2sgZGUgYXNwZWN0byB0cmlzdGVdCsKhTXV5IGJpZW4hCsKhSXLDqSBhIGNvbnRhcmxlIGEgSmFrayBlc3RhIG5vdGljaWEh
hNQPBg,,W1NhZCBMb29raW5nIEpha2tdCkhtbS4uLiBNZW93IGlzbid0IG1vdmluZyBmb3Igc29tZSByZWFzb24sIG1heWJlIHNoZSB3YW50cyBwbGF5IGEgZ2FtZSBvZiBzaWxlbnQ/IQpMaXN0ZW4gdG8gbXkgc3RvcnkgYWdhaW4gdG9tb3Jyb3chCkl0J3MgYSBwcm9taXNlISEh,,,,,W1Zvel0KT2zDoS4KRXN0ZSDDqSBvIHZpbGFyZWpvIGRlIFNrZWxsaW5ndG9uLg==,,W0VsIEpha2sgZGUgYXNwZWN0byB0cmlzdGVdCk1tbeKApiBQb3IgYWxndW5hIHJhesOzbiwgTWlhdSBubyBzZSBtdWV2ZSwgwqHCv3F1aXrDoXMgcXVpZXJlIGp1Z2FyIHVuIGp1ZWdvIGVuIHNpbGVuY2lvPyEKwqFWdWVsdmUgYSBlc2N1Y2hhciBtaSBoaXN0b3JpYSBtYcOxYW5hIQrCocKhwqFFcyB1bmEgcHJvbWVzYSEhIQ==
hdQPBg,,W1NhZCBMb29raW5nIEpha2tdCkpha2shIQpMZXQncyBwbGF5IGEgZ2FtZSB0b2dldGhlciE=,,,,,W1Zvel0KQSBzYcOtZGEgZXN0w6EgYWxpLg==,,W0VsIEpha2sgZGUgYXNwZWN0byB0cmlzdGVdCsKhSmFrayEKwqFKdWd1ZW1vcyB1biBqdWVnbyBqdW50b3Mh
htQPBg,,W0pha2tdClJlYWR5ISEhClF1aWV0ISEh,,,,,RXNww61yaXRvIEZlbGl6,,W0pha2tdCsKhwqFMaXN0byEhCsKhU2lsZW5jaW8h
h9QPBg,,SmFrazogV2hvYSEh,,,,,W0VzcMOtcml0byBGZWxpel0KT29oLi4uCkV1IHZlam8gdW1hIGx1ei4uLi4KLi4uIHTDo28gZGVzbHVtYnJhbnRlIQ==,,SmFrazogwqFHdWF1IQ==
iNQPBg,,W1NhZCBMb29raW5nIEpha2tdClRvZGF5IGlzIGFsc28gYSByZWxheGF0aW9uIGdhbWUgd2l0aCBNZW93IQpMaXN0ZW4gdG8gbXkgc3RvcnkgYWdhaW4gdG9tb3Jyb3chCkl0J3MgYSBwcm9taXNlISEh,,,,,W0VzcMOtcml0byBGZWxpel0KU2ltLCBlc3RvdSBhcXVpLgpFdSBmaW5hbG1lbnRlIGRlc2VtYmFyYWNlaSBhcyBjb3JkYXMgcXVlIGVzdGF2YW0gYW1hcnJhZGFzIMOgIE5pZmZsaGVpbS4=,,W0VsIEpha2sgZGUgYXNwZWN0byB0cmlzdGVdCsKhSG95IHRhbWJpw6luIHRvY2EgcmVsYWphcnNlIGNvbiBNaWF1IQrCoVZ1ZWx2ZSBhIGVzY3VjaGFyIG1pIGhpc3RvcmlhIG1hw7FhbmEhCsKhwqHCoUVzIHVuYSBwcm9tZXNhISEh
idQPBg,,W0pha2tdCkhpIEpha2shISEKSGFwcHkgSGFsbG93ZWVuIQ==,,,,,W0VzcMOtcml0byBGZWxpel0KQWdvcmEgcG9zc28gdGVyIHBhcnRpZG8sIG1hcyBlcmEgcGFyYSBzZXIgYXNzaW0gZGVzZGUgbyBpbsOtY2lvLgpNYXMgdm9jw6ogdGVyw6EgcXVlIHZvbHRhciBsw6Egbm92YW1lbnRlLg==,,W0pha2tdCsKhwqHCoUhvbGEsIEpha2shISEKwqFGZWxpeiBIYWxsb3dlZW4h
itQPBg,,QWJvdXQgTWVvdw==,,,,,W0VzcMOtcml0byBGZWxpel0KTsOjbyBmaXF1ZSB0cmlzdGUuClZvY8OqIHZlcsOhIGEgZXN0cmFkYSBub3ZhbWVudGUgZGUgbMOhLg==,,QWNlcmNhIGRlIE1pYXUu
i9QPBg,,W0pha2tdClRoYXQncyBvdXIgbWVvdyEKU28gY3V0ZSEKSXQncyBzbyBmbHVmZnkgYW5kIGN1dGUh,,,,,,,W0pha2tdCsKhVmFtb3MsIE1pYXUhCsKhUXXDqSBhZG9yYWJsZSEKwqFFcyB0YW4gc3VhdmUgeSBhZG9yYWJsZSE=
jNQPBg,,W0pha2tdCkFuZCBteSBtZW93IGxpa2VzIHRhc3R5IGZpc2gsIGJ1dCBoZSBsaWtlcyB3aXogZXZlbiBtb3JlIQ==,,,,,,,W0pha2tdClkgYSBtaSBNaWF1IGxlIGd1c3RhIGVsIHBlc2NhZG8gc2Ficm9zbywgwqFwZXJvIG3DoXMgbGUgZ3VzdGEgV2l6IQ==
jdQPBg,,W0pha2tdCk9mIGNvdXJzZSBoZSBsaWtlcyBtZSB0aGUgbW9zdCEhIQpJIGxpa2Ugd2l6IHRvbyE=,,,,,,,W0pha2tdCsKhwqHCoVBvciBzdXB1ZXN0bywgc295IHN1IHByZWZlcmlkbyEhIQpBIG3DrSB0YW1iacOpbiBtZSBndXN0YSBXaXou
jtQPBg,,SmFrazogT2YgY291cnNlIGhlIGxpa2VzIG1lIHRoZSBtb3N0ISEh,,,,,,,SmFrazogwqHCocKhUG9yIHN1cHVlc3RvIHF1ZSBzb3kgZWwgcXVlIG3DoXMgbGUgZ3VzdGEhISE=
j9QPBg,,W0pha2tdCk91ciBNZW93IGZvbGxvd2VkIFdpeiBlYXJsaWVyLCBzbyBnbyB0byBXaXohCl5GRjAwMDBXaXogd2lsbCBiZSBqdXN0IGEgc2hvcnQgZGlzdGFuY2UgdG8gdGhlIGxlZnReMDAwMDAwLg==,,,,,,,W0pha2tdCk51ZXN0cm8gTWlhdSBzaWd1acOzIGEgV2l6IGFudGVzLCDCoWFzw60gcXVlIHZlIGEgV2l6IQpeNjYwMDAwV2l6IGVzdMOhIGEgcG9jYSBkaXN0YW5jaWEgYSBsYSBpenF1aWVyZGFeMDAwMDAwLg==
kNQPBg,,W0pha2tdCllvdSdyZSBiYWNrIEpha2shCkhhdmUgeW91IG1ldCBNZW93Pw==,,,,,,,W0pha2tdCsKhVm9sdmlzdGUsIEpha2shCsK/Q29ub2NlcyBhIE1pYXU/
kdQPBg,,W0pha2tdCkh1aD8KV2hhdCBpcyB0aGlzPwpCb25lIGZyYWdtZW50PwpXaXogdG9sZCB5b3UgdG8gdGVsbCBpdCB0byBtZT8=,,,,,,,W0pha2tdCsK/RWg/CsK/UXXDqSBlcyBlc3RvPwrCv0ZyYWdtZW50byBkZSBodWVzbz8Kwr9XaXogdGUgZGlqbyBxdWUgbWUgbG8gY29udGFyYXM/
ktQPBg,,W0pha2tdCkFoIQpNZW93IQpPdXIgbWVvdyByZWFsbHkgc2hvd2VkIHVwPyE=,,,,,,,W0pha2tdCsKhQWghCsKhTWlhdSEKwqHCv051ZXN0cm8gTWlhdSByZWFsbWVudGUgYXBhcmVjacOzPyE=
k9QPBg,,TWVvdz86IEJhcmsh,,,,,,,wr9NaWF1PzogwqFMYWRyYSE=
lNQPBg,,W0pha2tdCkpha2sgaXMgYW1hemluZyE=,,,,,,,W0pha2tdCsKhSmFrayBlcyBpbmNyZcOtYmxlIQ==
ldQPBg,,W0pha2tdClRoZW4gdGVsbCBKYWtrLgpNZW93IGxpa2VzIHRhc3R5IGZpc2gsIGJ1dCBoZSBsaWtlcyBXaXogZXZlbiBtb3JlIQpBbmQgSSBwcmVmZXIgYm9uZSBmcmFnbWVudHMh,,,,,,,W0pha2tdCkVudG9uY2VzIGTDrXNlbG8gYSBKYWtrLgpBIE1pYXUgbGUgZ3VzdGEgZWwgcGVzY2FkbyBzYWJyb3NvLCDCoXBlcm8gbcOhcyBsZSBndXN0YSBXaXohCsKhWSB5byBwcmVmaWVybyBsb3MgZnJhZ21lbnRvcyBkZSBodWVzbyE=
ltQPBg,,W0pha2tdCk9mIGNvdXJzZSBoZSBsaWtlcyBtZSB0aGUgbW9zdCEhIQ==,,,,,,,W0pha2tdCsKhwqHCoVBvciBzdXB1ZXN0bywgc295IHN1IHByZWZlcmlkbyEhIQ==
l9QPBg,,W0pha2tdCkRpZCB5b3UgaGVhciB3aGF0IFdpeiBzYWlkIGNvcnJlY3RseT8=,,,,,,,W0pha2tdCsK/RXNjdWNoYXN0ZSBiaWVuIGxvIHF1ZSBkaWpvIFdpej8=
mNQPBg,,W0pha2tdCk1lb3chCk1lb3chISE=,,,,,,,W0pha2tdCsKhTWlhdSEKwqFNaWF1IQ==
mdQPBg,,TWVvdz8=,,,,,,,TWVvdz8=
mtQPBg,,V2l6,,,,,,,V2l6
m9QPBg,,W1dpel0KS3VrdWt1Pw==,,,,,,,W1dpel0Kwr9LdSwga3UsIGt1Pw==
nNQPBg,,W1dpel0KV2hhdCdzIHRoZSBtYXR0ZXI/ClRoZSBsaXZpbmcgb25lLg==,,,,,,,W1dpel0Kwr9RdcOpIHN1Y2VkZT8KRWwgc3VwZXJ2aXZpZW50ZS4=
ndQPBg,,W1dpel0KV2hhdCBraW5kIG9mIG1lb3cgYXJlIHlvdSB0YWxraW5nIGFib3V0Pw==,,,,,,,W1dpel0Kwr9EZSBxdcOpIHRpcG8gZGUgTWlhdSBlc3TDoXMgaGFibGFuZG8/
ntQPBg,,RXhwbGFpbi4=,,,,,,,RXhwbGljYXIu
n9QPBg,,W1dpel0KVGhhdCBsb3VkIHdoaXRlIGNyZWF0dXJlIGp1c3QgZ3JhYmJlZCBteSBib25lIGFuZCByYW4gYXdheS4=,,,,,,,W1dpel0KRXNhIGNyaWF0dXJhIGJsYW5jYSB5IHJ1aWRvc2EgYWdhcnLDsyBtaSBodWVzbyB5IHNhbGnDsyBjb3JyaWVuZG8u
oNQPBg,,W1dpel0KSWYgeW91IGJyaW5nIG1lIGEgYm9uZSB0byByZXBsYWNlIHRoZSBvbmUgaXQgYml0IGFuZCByYW4gYXdheSB3aXRoLCBJIHdpbGwgdGVsbCB5b3UgaG93IHRvIGZpbmQgdGhhdCBjcmVhdHVyZSBjYWxsZWQgTWVvdy4=,,,,,,,W1dpel0KU2kgbWUgdHJhZXMgdW4gaHVlc28gcGFyYSByZWVtcGxhemFyIGVsIHF1ZSBhZ2FycsOzIHkgbW9yZGnDsywgdGUgZGlyw6kgY8OzbW8gZW5jb250cmFyIGEgZXNhIGNyaWF0dXJhIGxsYW1hZGEgTWlhdS4=
odQPBg,,QWNjZXB0Lg==,,,,,,,QWNlcHRhci4=
otQPBg,,TGVhdmUu,,,,,,,SXJzZS4=
o9QPBg,,W1dpel0KS3VrdWt1PwpUaGFuayB5b3Uu,,,,,,,W1dpel0Kwr9LdSwga3UsIGt1PwpHcmFjaWFzLg==
pNQPBg,,W1dpel0KTm93IHRoZW4sIGFzIHBlciB0aGUgY29udHJhY3QsIGJyaW5nIG1lIF5GRjAwMDAyIFNrZWxldG9uIEJvbmVeMDAwMDAwLgpBbnkgc2tlbGV0b24gd2lsbCBkby4uLiBrdWt1a3U/,,,,,,,W1dpel0KQWhvcmEgYmllbiwgcG9yIGNvbnRyYXRvLCB0csOhZW1lIF42NjAwMDAySHVlc29zIGRlIGVzcXVlbGV0b14wMDAwMDAuCsK/Q3VhbHF1aWVyIGVzcXVlbGV0byBzZXJ2aXLDoeKApiBrdSwga3UsIGt1Pw==
pdQPBg,,W1dpel0KS3VrdWt1Li4uIEkgc2VlLi4=,,,,,,,W1dpel0KS3UsIGt1LCBrdeKApiB5YSB2ZW/igKY=
ptQPBg,,W1dpel0KS2hhaGFoYWhhaGFoYSEKR3JlYXQhISEKR3JlYXQhISEKVGhpcyBpcyBpdCEhClRoaXMgaGFyZCwgd2hpdGUgcGllY2Ugb2YgYm9uZSEhISE=,,,,,,,W1dpel0KwqFKYSwgamEsIGphLCBqYSwgamEsIGphIQrCocKhwqFHZW5pYWwhISEKwqHCocKhR2VuaWFsISEhCsKhwqFFc3RvIGVzIHRvZG8hIQrCocKhwqFFc3RlIGZyYWdtZW50byBibGFuY28geSBkdXJvIGRlIGh1ZXNvISEh
p9QPBg,,W1dpel0KVGhlbiwgYXMgcHJvbWlzZWQsIEkgd2lsbCB0ZWxsIHlvdSBob3cgdG8gZmluZCBNZW93Lg==,,,,,,,W1dpel0KRW50b25jZXMsIGNvbW8gcHJvbWV0w60sIHRlIGRpcsOpIGPDs21vIGVuY29udHJhciBhIE1pYXUu
qNQPBg,,W1dpel0KVGFrZSB0aGUgcmVtYWluaW5nIF5GRjAwMDBTa2VsZXRvbiBCb25lXjAwMDAwMCB0byBNZW93J3Mgb3duZXIuCkJlY2F1c2UgTWVvdyB3aWxsIGFwcGVhciBsaWtlIHRoZSB3aW5kIGZyb20gc29tZXdoZXJlLi4uCkt1a3VrdT8=,,,,,,,W1dpel0KTGxldmEgZWwgcmVzdG8gZGVsIF42NjAwMDBIdWVzbyBkZSBlc3F1ZWxldG9eMDAwMDAwIGFsIGR1ZcOxbyBkZSBNZW93LgpQb3JxdWUgTWlhdSBhcGFyZWNlcsOhIGNvbW8gZWwgdmllbnRvIGVuIGFsZ3VuYSBwYXJ0ZeKApgrCv0t1LCBrdSwga3U/
qdQPBg,,W1dpel0KTm93IHRoZW4sIGFzIHBlciB0aGUgY29udHJhY3QsIGJyaW5nIG1lIF5GRjAwMDAyIFNrZWxldG9uIEJvbmVeMDAwMDAwLg==,,,,,,,W1dpel0KQWhvcmEgYmllbiwgcG9yIGNvbnRyYXRvLCB0csOhZW1lIF42NjAwMDAySHVlc29zIGRlIGVzcXVlbGV0b14wMDAwMDAu
qtQPBg,,W1dpel0KVGhlcmUgYXJlIG1hbnkgcGxhY2VzIHdoZXJlIHlvdSBjYW4gZ2V0IHNrZWxldG9uIGJvbmVzLCBidXQgdGhlIGVhc2llc3QgcGxhY2UgdG8gZ2V0IHRoZW0gaXMgaW4gXkZGMDAwMFBheW9uIENhdmVeMDAwMDAwLgpUaGF0IF5GRjAwMDBTa2VsZXRvbl4wMDAwMDAgaGFzIGdyZWF0IGJvbmVzIQ==,,,,,,,W1dpel0KSGF5IG11Y2hvcyBsdWdhcmVzIGRvbmRlIHB1ZWRlcyBjb25zZWd1aXIgaHVlc29zIGRlIGVzcXVlbGV0bywgcGVybyBlbCBtw6FzIHNlbmNpbGxvIGVzIGxhIF42NjAwMDBDdWV2YSBkZSBQYXlvbl4wMDAwMDAuCsKhRXNlIF42NjAwMDBlc3F1ZWxldG9eMDAwMDAwIHRpZW5lIHVub3MgaHVlc29zIGVzdHVwZW5kb3Mh
q9QPBg,,W1dpel0KQW55IHNrZWxldG9uIHdpbGwgZG8uLi4ga3VrdWt1Pw==,,,,,,,W1dpel0Kwr9DdWFscXVpZXIgZXNxdWVsZXRvIHNlcnZpcsOh4oCmIGt1LCBrdSwga3U/
rNQPBg,,W1N0cmFuZ2UgSmFra10KVWguLi5VZ2guLi4KSSdtIGl0Y2h5Li4u,,,,,,,W0VsIEpha2sgZXh0cmHDsW9dClVo4oCmIHVm4oCmClBpY2HigKY=
rdQPBg,,VGhpcyBxdWVzdCBjYW4gYmUgY29tcGxldGVkIGJ5IGxldmVsIDMwIG9yIGhpZ2hlci4=,,,,,,,RGViZXMgc2VyIGRlIG5pdmVsMzAgbyBzdXBlcmlvciBwYXJhIGNvbXBsZXRhciBlc3RhIG1pc2nDs24u
rtQPBg,,W1N0cmFuZ2UgSmFra10KQWghCk5pY2UgdG8gbWVldCB5b3Use30hCkNvdWxkIHlvdSBwbGVhc2UgbG9vayBhdCBteSBmYWNlIGZvciBhIG1vbWVudD8=,,,,,,,W0VsIEpha2sgZXh0cmHDsW9dCsKhQWghCsKhRW5jYW50YWRvIGRlIGNvbm9jZXJ0ZSx7fSEKwr9Qb2Ryw61hcyBtaXJhcm1lIGEgbGEgY2FyYSB1biBtb21lbnRvPw==
r9QPBg,,W1N0cmFuZ2UgSmFra10KQSBmZXcgZGF5cyBhZ28gbXkgZmFjZSBzdWRkZW5seSBzdGFydGVkIHRvIGZlZWwgaXRjaHkgYW5kIHRpbmdsaW5nLi4u,,,,,,,W0VsIEpha2sgZXh0cmHDsW9dCkhhY2UgdW5vcyBkw61hcyBlbXBlY8OpIGEgc2VudGlyIHBpY29yIHkgaG9ybWlndWVvIGVuIGxhIGNhcmHigKY=
sNQPBg,,W1N0cmFuZ2UgSmFra10KSXQgbG9va3MgYSBsaXR0bGUgc3dvbGxlbiBoZXJlIHRvby4uLg==,,,,,,,W0VsIEpha2sgZXh0cmHDsW9dCkFxdcOtIHRhbWJpw6luIHBhcmVjZSBlc3RhciB1biBwb2NvIGhpbmNoYWRh4oCm
sdQPBg,,SSBjYW4ndCBzZWUgaXQu,,,,,,,Tm8gc2UgdmUu
stQPBg,,W1N0cmFuZ2UgSmFra10KSSBndWVzcyB0aGF0J3Mgc3RyYW5nZS4KSSBjYW4ndCBzZWUgYW55dGhpbmcgc3RyYW5nZS4uLgpJIG5lZWQgdG8gY2hlY2sgdG8gc2VlIGlmIGFueSBvZiBteSBmcmllbmRzIGhhdmUgZXhwZXJpZW5jZWQgdGhlc2Ugc3ltcHRvbXMu,,,,,,,W0VsIEpha2sgZXh0cmHDsW9dClN1cG9uZ28gcXVlIGVzIGV4dHJhw7FvLgpObyB2ZW8gbmFkYSBleHRyYcOxb+KApgpUZW5nbyBxdWUgY29tcHJvYmFyIHNpIGFsZ3VubyBkZSBtaXMgYW1pZ29zIGV4cGVyaW1lbnTDsyBlc3RvcyBzw61udG9tYXMu
s9QPBg,,Tm8sIGl0J3Mgbm90IGxpa2UgdGhhdC4uLg==,,,,,,,Tm8sIG5vIGVzIGFzw63igKY=
tNQPBg,,W1N0cmFuZ2UgSmFra10KSXQncyBva2F5LgpUaGVyZSBpcyBub3RoaW5nIHdlIGNhbiBkbyBhcyBpdCBtYXkgbm90IGJlIGNvbmZpcm1lZCBleHRlcm5hbGx5Lg==,,,,,,,W0VsIEpha2sgZXh0cmHDsW9dCkVzdMOhIGJpZW4uCk5vIGhheSBuYWRhIHF1ZSBwb2RhbW9zIGhhY2VyLCB5YSBxdWUgcXVpesOhIG5vIHNlIHB1ZWRhIGNvbmZpcm1hciBleHRlcm5hbWVudGUu
tdQPBg,,W1N0cmFuZ2UgSmFra10KQnV0IGlmIHlvdSBtZWV0IG90aGVyIGZyaWVuZHMgd2hpbGUgd2Fsa2luZyBhcm91bmQsIHdvbid0IHlvdSBhc2sgdGhlbSBpZiB0aGV5J3ZlIGV4cGVyaWVuY2VkIHNvbWV0aGluZyBsaWtlIHRoaXM/,,,,,,,W0VsIEpha2sgZXh0cmHDsW9dClBlcm8gc2kgdGUgZW5jdWVudHJhcyBjb24gb3Ryb3MgYW1pZ29zLCDCv25vIGxlcyBwcmVndW50YXLDoXMgc2kgZXhwZXJpbWVudGFyb24gYWxnbyBhc8OtPw==
ttQPBg,,W1N0cmFuZ2UgSmFra10KVGhlcmUgaXMgbm90aGluZyB3ZSBjYW4gZG8gYXMgaXQgbWF5IG5vdCBiZSBjb25maXJtZWQgZXh0ZXJuYWxseS4KQnV0IGlmIHlvdSBtZWV0IG90aGVyIGZyaWVuZHMgd2hpbGUgd2Fsa2luZyBhcm91bmQsIHdvbid0IHlvdSBhc2sgdGhlbSBpZiB0aGV5J3ZlIGV4cGVyaWVuY2VkIHNvbWV0aGluZyBsaWtlIHRoaXM/,,,,,,,W0VsIEpha2sgZXh0cmHDsW9dCk5vIGhheSBuYWRhIHF1ZSBwb2RhbW9zIGhhY2VyLCB5YSBxdWUgcXVpesOhIG5vIHNlIHB1ZWRhIGNvbmZpcm1hciBleHRlcm5hbWVudGUuClBlcm8gc2kgdGUgZW5jdWVudHJhcyBjb24gb3Ryb3MgYW1pZ29zLCDCv25vIGxlcyBwcmVndW50YXLDoXMgc2kgZXhwZXJpbWVudGFyb24gYWxnbyBhc8OtPw==
t9QPBg,,W1N0cmFuZ2UgSmFra10KT2ghISEKVGhhbmtzIXt9dGhlIHBhaW4gaGFzIGdvbmUgYXdheSEKVGhlIHRyZWF0bWVudCBpcyB0cnVseSBhbWF6aW5nIQ==,,,,,,,W0VsIEpha2sgZXh0cmHDsW9dCsKhT2ghCsKhR3JhY2lhcywge30hIEVsIGRvbG9yIGRlc2FwYXJlY2nDsy4KRWwgdHJhdGFtaWVudG8gZXMgcmVhbG1lbnRlIGFzb21icm9zby4=
uNQPBg,,SSBkb24ndCBrbm93IHdoYXQgSSBkaWQsIGJ1dCBJJ20gZ2xhZCBpdCB3b3JrZWQ/,,,,,,,Tm8gc8OpIGxvIHF1ZSBoaWNlLCBwZXJvIG1lIGFsZWdyYSBxdWUgaGF5YSBmdW5jaW9uYWRvLg==
udQPBg,,W1N0cmFuZ2UgSmFra10KVWguLi5VZ2guLgpJJ20gaXRjaHkuLg==,,,,,,,W0VsIEpha2sgZXh0cmHDsW9dClVo4oCmIHVm4oCmClBpY2HigKY=
utQPBg,,W0pha2tdCkhtbT8KRG9lc24ndCBpdCBpdGNoIG9yIGh1cnQ/,,,,,,,W0pha2tdCsK/TW1tPwrCv05vIHRlIHBpY2EgbyBkdWVsZT8=
u9QPBg,,W0pha2tdCkhtbS4uLgpJJ20gbm90IHN1cmU/,,,,,,,W0pha2tdCk1tbeKApgrCv05vIGxvIHPDqT8=
vNQPBg,,W0pha2tdCklmIGl0J3MgYSBHYXJsaW5nIGFsbGVyZ3ksIHdvdWxkbid0IHRoZSBzeW1wdG9tcyBiZSB3b3JzZSBkdWUgdG8gYSB3ZWFrZW5lZCBpbW11bmUgc3lzdGVtPw==,,,,,,,W0pha2tdClNpIHNlIHRyYXRhIGRlIHVuYSBhbGVyZ2lhIGEgR2FybGluZywgwr9ubyBkZWJlcsOtYW4gZW1wZW9yYXIgbG9zIHPDrW50b21hcyBkZWJpZG8gYWwgZGViaWxpdGFtaWVudG8gZGVsIHNpc3RlbWEgaW5tdW5pdGFyaW8/
vdQPBg,,W0pha2tdCldvdWxkbid0IGl0IGJlIGJldHRlciB0byBhc2sgYW4gZXhwZXJ0IGFib3V0IHRoaXM/,,,,,,,W0pha2tdCsK/Tm8gc2Vyw61hIG1lam9yIGhhYmxhciBkZSBlc3RvIGNvbiB1biBleHBlcnRvPw==
vtQPBg,,W0pha2tdCk5vdyB0aGF0IEkgdGhpbmsgYWJvdXQgaXQsIEpha2sgc2FpZCBoZSBleHBlcmllbmNlZCBzb21ldGhpbmcgc2ltaWxhciBhIHdoaWxlIGFnby4gSSBndWVzcyB5b3UgY2FuIGFzayBKYWtrLg==,,,,,,,W0pha2tdCkFob3JhIHF1ZSBsbyBwaWVuc28sIEpha2sgZGlqbyBxdWUgZXhwZXJpbWVudMOzIGFsZ28gc2ltaWxhciBoYWNlIHVuIHRpZW1wby4gU3Vwb25nbyBxdWUgcHVlZGVzIHByZWd1bnRhcmxlIGEgSmFray4=
v9QPBg,,W0pha2tdCkhhcHB5IEhhbGxvd2VlbiEhIQ==,,,,,,,W0pha2tdCsKhwqHCoUZlbGl6IEhhbGxvd2VlbiEhIQ==
wNQPBg,,W0pha2tdCkhlbGxvLgp7fS4KVGhlIHdlYXRoZXIgaXMgbmljZSwgaXNuJ3QgaXQ/,,,,,,,W0pha2tdCkhvbGEsCnt9LgpIYWNlIGJ1ZW4gdGllbXBvLCDCv3ZlcmRhZD8=
wdQPBg,,W0pha2tdCkkgbG92ZSB0aGUgd2VhdGhlciBpbiBOaWZsaGVpbSBiZWNhdXNlIGl0J3MgYWx3YXlzIGRhcmsgYW5kIHRoZXJlJ3MgYSBnbG9vbXkgd2luZCBibG93aW5nLg==,,,,,,,W0pha2tdCk1lIGVuY2FudGEgZWwgY2xpbWEgZGUgTmlmbGhlaW0gcG9ycXVlIHNpZW1wcmUgZXN0w6Egb3NjdXJvIHkgc29wbGEgdW4gdmllbnRvIHNvbWJyw61vLg==
wtQPBg,,W0pha2tdCkluIHRoZSBwYXN0LCBJIGFsd2F5cyB3b3JlIGEgcHVtcGtpbiBtYXNrIGJlY2F1c2Ugb2YgR2FybGluZywgc28gSSBjb3VsZG4ndCBldmVuIHNtZWxsIHRoaXMgbXVzdHkgc21lbGwh,,,,,,,W0pha2tdCkVuIGVsIHBhc2Fkbywgc2llbXByZSBsbGV2YWJhIHVuYSBtw6FzY2FyYSBkZSBjYWxhYmF6YSBhIGNhdXNhIGRlIGxvcyBHYXJsaW5nLCDCoWFzw60gcXVlIG5pIHNpcXVpZXJhIHBlcmNpYsOtYSBlc3RlIG9sb3IgYSBodW1lZGFkIQ==
w9QPBg,,QWJvdXQgdHJlYXRtZW50,,,,,,,QWNlcmNhIGRlbCB0cmF0YW1pZW50by4=
xNQPBg,,W0pha2tdCk9oIG15IQpJdCBsb29rcyBsaWtlIHlvdSBoYXZlIGEgZnJpZW5kIHdobyBpcyBzdWZmZXJpbmcgbGlrZSBtZSBiZWNhdXNlIG9mIHRoZSBHYXJsaW5nLgpJIGhvcGUgaGUgd2lsbCBnZXQgYmV0dGVyIHNvb24u,,,,,,,W0pha2tdCsKhQXksIGNpZWxvcyEKUGFyZWNlIHF1ZSB0aWVuZXMgdW4gYW1pZ28gcXVlIHN1ZnJlIGNvbW8geW8gcG9yIGN1bHBhIGRlIGxvcyBHYXJsaW5nLgpFc3Blcm8gcXVlIHNlIG1lam9yZSBwcm9udG8u
xdQPBg,,W0pha2tdCklmIHlvdSBnbyBhIGxpdHRsZSBmdXJ0aGVyIGVhc3QgZnJvbSBoZXJlLCB5b3UnbGwgZmluZCBNci4gTGlsbGVzLg==,,,,,,,W0pha2tdClNpIHZhcyB1biBwb2NvIG3DoXMgYWwgZXN0ZSBkZSBhcXXDrSwgZW5jb250cmFyw6FzIGFsIFNyLkxpbGxlcy4=
xtQPBg,,W0pha2tdCkhlJ3MgcmVhbGx5IGtpbmQsIGhlJ3MgdmVyeSBnb29kIGF0IHRyZWF0bWVudCwgc3ltcHRvbXMgYXJlIGFsbW9zdCBnb25lLCBhbmQgaGlzIHNtaWxlIGlzIHNvIGNoYXJtaW5nLi4uIE9oLCBwbGVhc2UgZm9yZ2V0IHRoZSBsYXN0IHdvcmQhISE=,,,,,,,W0pha2tdCkVzIG11eSBhbWFibGUsIGVsIHRyYXRhbWllbnRvIGVzIG11eSBidWVubywgbG9zIHPDrW50b21hcyBjYXNpIGRlc2FwYXJlY2llcm9uIHkgc3Ugc29ucmlzYSBlcyBtdXkgZW5jYW50YWRvcmHigKYgwqHCoU9oLCBwb3IgZmF2b3IsIG9sdmlkYSBsYXMgw7psdGltYXMgcGFsYWJyYXMhIQ==
x9QPBg,,W0pha2tdClVoLi4uIGh1cnJ5IGFuZCBnbyB0byBMaWxsZXMhClVnaCEhCkknbSBzbyBlbWJhcnJhc3NlZCEh,,,,,,,W0pha2tdClVo4oCmIMKhZGF0ZSBwcmlzYSB5IHZlIGEgbG8gZGUgTGlsbGVzIQrCoVVmIQpRdcOpIHZlcmfDvGVuemEu
yNQPBg,,TGlsbGVz,,,,,,,TGlsbGVz
ydQPBg,,W0xpbGxlc10KU3NzaHNoc2hzaHNoc2gKSSdtIGhlcmUuLgpTc3Noc2hzaHNoc2hzaC4KV2h5IVdoeT9XaHku,,,,,,,W0xpbGxlc10KU3NzaHNoc2hzaHNoc2guCkVzdG95IGFxdcOt4oCmClNzc2hzaHNoc2hzaHNoLgrCv1BvciBxdcOpPyDCv1BvciBxdcOpPw==
ytQPBg,,W0xpbGxlc10KQWghIQpBaCEhCkFoISE=,,,,,,,W0xpbGxlc10KwqFBaCEKwqFBaCEKwqFBaCE=
y9QPBg,,W0xpbGxlc10KU3NzaHNoc2hzaHNoc2gKSSBrbm93IGFuZCBJIGtub3cuClNzc2hzaHNoc2hzaHNoClRoZSBzb3VyY2Ugb2YgdGhlIG1lYW5pbmcgb2YgcGFpbi4=,,,,,,,W0xpbGxlc10KU3NzaHNoc2hzaHNoc2guCkxvIHPDqSB5IGxvIHPDqS4KU3NzaHNoc2hzaHNoc2guCkxhIGZ1ZW50ZSBkZWwgc2VudGlkbyBkZWwgZG9sb3Iu
zNQPBg,,W0xpbGxlc10KR28gZ28gZ28gZ28gZ28gZ28gZ28KRG9vLWRvby1kdS1tYXJpLW1hcmktbWFyaS1tYXJpLW1hcmkKSSdsbCBkbyBpdCBhbGwKTWF0ZXJpYWwgZm9yIHBhaW4KSSBoYXZlIHRvIGdldCBpdCwgZ2V0IGl0LCBnZXQgaXQ=,,,,,,,W0xpbGxlc10KwqFWYW1vcywgdmFtb3MsIHZhbW9zIQpEb28tZG9vLWR1LW1hcmktbWFyaS1tYXJpLW1hcmkuCkxvIGhhcsOpIHRvZG8uCk1hdGVyaWFsIHBhcmEgZWwgZG9sb3IuClRlbmdvIHF1ZSBjb25zZWd1aXJsbywgY29uc2VndWlybG8sIGNvbnNlZ3VpcmxvLg==
zdQPBg,,W0xpbGxlc10KU3NzaHNoc2hzaHNoc2gKSSdtIGhlcmUuCkluZ3JlZGllbnRzIGZvciBwYWluIHJlbGllZg==,,,,,,,W0xpbGxlc10KU3NzaHNoc2hzaHNoc2guCkFxdcOtIGVzdG95LgpJbmdyZWRpZW50ZXMgcGFyYSBhbGl2aWFyIGVsIGRvbG9yLg==
ztQPBg,,W0xpbGxlc10KVGFuZ2xlZCwgdGFuZ2xlZCwgdGFuZ2xlZApUYW5nbGVkCkxvbmcgcm9hZCByb2FkCklmIHdlIGxvb2sgYmFjayBhbmQgbW92ZSBmb3J3YXJk,,,,,,,W0xpbGxlc10KRW5yZWRhZG8sIGVucmVkYWRvLCBlbnJlZGFkby4KRW5yZWRhZG8uCkxhcmdvIGNhbWlubywgY2FtaW5vLgpTaSBtaXJhbW9zIGF0csOhcyB5IGF2YW56YW1vcy4=
z9QPBg,,W0xpbGxlc10KSXQgbG9va3Mgc3R1cGlkLgpUaGF0J3MgdGhhdA==,,,,,,,W0xpbGxlc10KUGFyZWNlIGVzdMO6cGlkby4KRXNvIGVzLg==
0NQPBg,,VGFsayB0byBMaWxsZXMu,,,,,,,SGFibGFyIGNvbiBMaWxsZXMu
0dQPBg,,Q3JlYXRlIENvc3R1bWUgU2lsayBvZiBTb3VsLg==,,,,,,,Q3JlYXIgTcOhc2NhcmEgZGUgc2VkYSBkZSBhbG1hLg==
0tQPBg,,W0xpbGxlc10KU3NzaHNoc2hzaHNoc2gKSSdtIGhlcmUuCkdvb2QgbHVjaywgZ29vZCBsdWNrLgpJIGZvdW5kIGl0Lg==,,,,,,,W0xpbGxlc10KU3NzaHNoc2hzaHNoc2guCkFxdcOtIGVzdG95LgpCdWVuYSBzdWVydGUsIGJ1ZW5hIHN1ZXJ0ZS4KTG8gZW5jb250csOpLg==
09QPBg,,W0xpbGxlc10KSSBmb3VuZCBhIHdheSB0byBkbyBpdC4KU3NzaHNoc2hzaHNoc2gKSGVyZSdzIHRoZSBsb2NhdGlvbi4KSHVudCAyMCBtb25zdGVycyBeMDAwMEZGTmlmbGhlaW1eMDAwMDAw,,,,,,,W0xpbGxlc10KRW5jb250csOpIGxhIG1hbmVyYSBkZSBoYWNlcmxvLgpTc3Noc2hzaHNoc2hzaC4KQXF1w60gZXN0w6EgbGEgdWJpY2FjacOzbi4KQ2F6YSAyMG1vbnN0cnVvcyBkZSBeRkYwMDAwTmlmbGhlaW1eMDAwMDAwLg==
1NQPBg,,W0xpbGxlc10KSSBmb3VuZCBhIHdheSB0byBkbyBpdC4KU3NzaHNoc2hzaHNoc2gKSGVyZSdzIHRoZSBsb2NhdGlvbi4KSHVudCAyMCBtb25zdGVycyBeMDAwMEZGU2tlbGxpbmd0b25eMDAwMDAw,,,,,,,W0xpbGxlc10KRW5jb250csOpIGxhIG1hbmVyYSBkZSBoYWNlcmxvLgpTc3Noc2hzaHNoc2hzaC4KQXF1w60gZXN0w6EgbGEgdWJpY2FjacOzbi4KQ2F6YSAyMG1vbnN0cnVvcyBkZSBeRkYwMDAwU2tlbGxpbmd0b25eMDAwMDAwLg==
1dQPBg,,W0xpbGxlc10KSSBmb3VuZCBhIHdheSB0byBkbyBpdC4KU3NzaHNoc2hzaHNoc2gKSGVyZSdzIHRoZSBsb2NhdGlvbi4KSHVudCAyMCBtb25zdGVycyBeMDAwMEZGVmFsbGV5IG9mIEd5b2xsXjAwMDAwMA==,,,,,,,W0xpbGxlc10KRW5jb250csOpIGxhIG1hbmVyYSBkZSBoYWNlcmxvLgpTc3Noc2hzaHNoc2hzaC4KQXF1w60gZXN0w6EgbGEgdWJpY2FjacOzbi4KQ2F6YSAyMG1vbnN0cnVvcyBkZWwgXkZGMDAwMFZhbGxlIGRlIEd5b2xsXjAwMDAwMC4=
1tQPBg,,W0xpbGxlc10KSXQgaXMgbmVjZXNzYXJ5IHRvIGhhdmUgZW5vdWdoIHNvdWwhCkFoISEKQWghIQ==,,,,,,,W0xpbGxlc10KwqFFcyBuZWNlc2FyaW8gdGVuZXIgc3VmaWNpZW50ZSBhbG1hIQrCoUFoIQrCoUFoIQ==
19QPBg,,W0xpbGxlc10KU3NzaHNoc2hzaHNoc2gKSSdtIGhlcmUuCkl0J3MgdGltZSB0byBtaXggdGhlIGluZ3JlZGllbnRzLg==,,,,,,,W0xpbGxlc10KU3NzaHNoc2hzaHNoc2guCkFxdcOtIGVzdG95LgpFcyBob3JhIGRlIG1lemNsYXIgbG9zIGluZ3JlZGllbnRlcy4=
2NQPBg,,W0xpbGxlc10KSGV5LCBub3csIHRoZSBwYWluIGlzIGdvbmUuCkhhaGEgYnV0IG9ubHkKQW5kIGFnYWluIGFuZCBhZ2FpbiBhbmQgYWdhaW4gYWdhaW4KRGFkYSBkYSBkYSBnYSBnYSBnYSBvbCBnbyBnbyBnbyBwYWluIHBhaW4KUHJlcGFyZSBwcmVwYXJlIHByZXBhcmUu,,,,,,,W0xpbGxlc10KRXksIGFob3JhLCBlbCBkb2xvciBzZSBmdWUuCkphLCBqYSwgcGVybyBzb2xvLgpZIG90cmEgdmV6LCB5IG90cmEgdmV6LCB5IG90cmEgdmV6LgpEYWRhLCBkYSwgZGEsIGdhLCBnYSwgb2wsIHZlLCB2ZSwgdmUsIGRvbG9yLCBkb2xvci4KUHJlcGFyYSwgcHJlcGFyYSwgcHJlcGFyYS4=
2dQPBg,,W0xpbGxlc10KV2FpdApBaCwgdGhlIHNvdWwgaXMgc3RpbGwgdGFsa2luZyBhbmQgdGFsa2luZy4=,,,,,,,W0xpbGxlc10KRXNwZXJlCkFoLCBlbCBhbG1hIHNpZ3VlIGhhYmxhbmRvIHkgaGFibGFuZG8u
2tQPBg,,LSBUaGUgZWZmZWN0IHNlZW1zIHRvIGJlIGxhc3Rpbmcgd2VsbC4gQ29tZSBiYWNrIGxhdGVyLiAt,,,,,,,LUVsIGVmZWN0byBwYXJlY2UgZHVyYXIgYmFzdGFudGUuIFZ1ZWx2ZSBtw6FzIHRhcmRlLi0=
29QPBg,,W0xpbGxlc10KU3NzaHNoc2hzaHNoc2gKSXQgY2FtZSBiYWNrIGFnYWluLgpHb29kIGx1Y2ssIGdvb2QgbHVjay4KSSBmb3VuZCBpdC4=,,,,,,,W0xpbGxlc10KU3NzaHNoc2hzaHNoc2guClZvbHZpw7MgZGUgbnVldm8uCkJ1ZW5hIHN1ZXJ0ZSwgYnVlbmEgc3VlcnRlLgpMbyBlbmNvbnRyw6ku
3NQPBg,,W0xpbGxlc10KRG9uZSBEb25lIERvbmUKUGxlYXNlIFBsZWFzZSBQbGVhc2UKRW5qb3kgRW5qb3kgRW5qb3k=,,,,,,,W0xpbGxlc10KTGlzdG8sIGxpc3RvLCBsaXN0by4KUG9yIGZhdm9yLCBwb3IgZmF2b3IsIHBvciBmYXZvci4KRGlzZnJ1dGEsIGRpc2ZydXRhLCBkaXNmcnV0YS4=
3dQPBg,,W0xpbGxlc10KV2hhdD8/Pz8/Pz8KTm90IGVub3VnaCBtYXRlcmlhbHMuCkdvIEdvIEdvISEhIQ==,,,,,,,W0xpbGxlc10Kwr9RdcOpPwpObyBoYXkgc3VmaWNpZW50ZXMgbWF0ZXJpYWxlcy4KwqFWYW1vcywgdmFtb3MsIHZhbW9zIQ==
3tQPBg,,QSBwZXJzb24gYXQgYSBjcm9zc3JvYWRz,,,,,,,QSBwZXJzb24gYXQgYSBjcm9zc3JvYWRz
39QPBg,,W0EgcGVyc29uIGF0IGEgY3Jvc3Nyb2Fkc10KV2VsY29tZS4KVGhpcyBpcyB0aGUgcmVtb3RlIHZpbGxhZ2Ugb2YgU2tlbGxpbmd0b24u,,,,,,,W1VuYSBwZXJzb25hIGVuIHVuYSBpbnRlcnNlY2Npw7NuXQpUZSBkYW1vcyBsYSBiaWVudmVuaWRhLgpFc3RlIGVzIGxhIGFsZGVhIHJlbW90YSBkZSBTa2VsbGluZ3Rvbi4=
4NQPBg,,W0EgcGVyc29uIGF0IGEgY3Jvc3Nyb2Fkc10KVGhlIGRvb3IgeW91IGV4aXQgaXMgb3ZlciB0aGVyZS4=,,,,,,,W1VuYSBwZXJzb25hIGVuIHVuYSBpbnRlcnNlY2Npw7NuXQpMYSBwdWVydGEgcG9yIGxhIHF1ZSBzYWxlcyBlc3TDoSBwb3IgYWxsw60u
4dQPBg,,T25lIGZ1bGwgb2Ygam95,,,,,,,T25lIGZ1bGwgb2Ygam95
4tQPBg,,W09uZSBmdWxsIG9mIGpveV0KQWguLi4KSSBzZWUgbGlnaHQuLi4KSXQncyBzbyBkYXp6bGluZy4uLg==,,,,,,,W0FsZ3VpZW4gbGxlbm8gZGUgYWxlZ3LDrWFdCkFo4oCmClZlbyBsdXrigKYKRXMgdGFuIGRlc2x1bWJyYW50ZeKApg==
49QPBg,,W09uZSBmdWxsIG9mIGpveV0KV2UncmUgZmluYWxseSBsaWJlcmF0ZWQuLi4KSSBoYXZlIGZpbmFsbHkgdW5yYXZlbGVkIHRoZSB0YW5nbGVkIHN0cmluZ3MgdGhhdCB3ZXJlIHRpZWQgdG8gTmlmbGhlaW0u,,,,,,,W0FsZ3VpZW4gbGxlbm8gZGUgYWxlZ3LDrWFdCkFsIGZpbiBzb21vcyBsaWJyZXPigKYKUG9yIGZpbiBkZXNlbnJlZMOpIGxhcyBjdWVyZGFzIGVucmVkYWRhcyBxdWUgZXN0YWJhbiBhdGFkYXMgYSBOaWZsaGVpbS4=
5NQPBg,,W09uZSBmdWxsIG9mIGpveV0KTm93IEkgbWF5IGJlIGdvbmUsIGJ1dCBpdCB3YXMgbWVhbnQgdG8gYmUgdGhhdCB3YXkgZnJvbSB0aGUgYmVnaW5uaW5nLgpCdXQgeW91J2xsIGhhdmUgdG8gZ28gYmFjayB0aGVyZSBhZ2Fpbi4=,,,,,,,W0FsZ3VpZW4gbGxlbm8gZGUgYWxlZ3LDrWFdCkFob3JhIHB1ZWRlIHF1ZSBtZSBoYXlhIGlkbywgcGVybyBlc3RhYmEgZGVzdGluYWRvIGEgc2VyIGFzw60gZGVzZGUgZWwgcHJpbmNpcGlvLgpQZXJvIHRlbmRyw6FzIHF1ZSB2b2x2ZXIgYWxsw60gZGUgbnVldm8u
5dQPBg,,W09uZSBmdWxsIG9mIGpveV0KRG9uJ3QgYmUgc2FkLgpZb3Ugd2lsbCBzZWUgdGhlIHJvYWQgYWdhaW4gZnJvbSB0aGVyZS4=,,,,,,,W0FsZ3VpZW4gbGxlbm8gZGUgYWxlZ3LDrWFdCk5vIGVzdMOpcyB0cmlzdGUuCkRlc2RlIGFsbMOtIHZvbHZlcsOhcyBhIHZlciBlbCBjYW1pbm8u
5tQPBg,,W09uZSBmdWxsIG9mIGpveV0KTm93IEkgbWF5IGRpc2FwcGVhciwgYnV0IGl0IHdhcyBtZWFudCB0byBiZSB0aGF0IHdheSBmcm9tIHRoZSBiZWdpbm5pbmcuCkJ1dCB5b3UnbGwgaGF2ZSB0byBnbyBiYWNrIHRoZXJlIGFnYWluLg==,,,,,,,W0FsZ3VpZW4gbGxlbm8gZGUgYWxlZ3LDrWFdCkFob3JhIHB1ZWRvIGRlc2FwYXJlY2VyLCBwZXJvIGVzdGFiYSBkZXN0aW5hZG8gYSBzZXIgYXPDrSBkZXNkZSBlbCBwcmluY2lwaW8uClBlcm8gdGVuZHLDoXMgcXVlIHZvbHZlciBhbGzDrSBkZSBudWV2by4=
