oBVwAg,,cGFzc3dvcmQ=,,,,,U2VuaGE=,,Q29udHJhc2XDsWEu
oRVwAg,,V2hhdCBkbyB5b3Ugd2FudCB0byBkbyB3aXRoIHRoZSBHbG9yaWEtYm91bmQgd2FycD8=,,,,,TyBxdWUgdm9jw6ogcXVlciBmYXplciBjb20gZG9icmEgdmluY3VsYWRhIMOgIEdsw7NyaWE/,,wr9RdcOpIHF1aWVyZXMgaGFjZXIgY29uIGVsIHRlbGV0cmFuc3BvcnRhZG9yIGRlIEdsb3JpYT8=
ohVwAg,,T3BlbiBpdA==,,,,,QWJyYS1h,,QWJyaXJsby4=
oxVwAg,,Q2xvc2UgaXQ=,,,,,RmVjaGUtYQ==,,Q2VycmFybG8u
pBVwAg,,Q2FuY2Vs,,,,,Q2FuY2VsYXI=,,Q2FuY2VsYXIu
pRVwAg,,UmVudGFsIGl0ZW0gcHJvdmlkZWQ=,,,,,SXRlbSBkZSBhbHVndWVsIGZvcm5lY2lkbw==,,T2JqZXRvIGVuIGFscXVpbGVyIHByb3BvcmNpb25hZG8u
phVwAg,,T3BlbmluZyB0aGUgd2FycC4=,,,,,QWJyaW5kbyBhIGRvYnJhLg==,,QWJyaWVuZG8gZWwgdGVsZXRyYW5zcG9ydGFkb3Iu
pxVwAg,,Q2xvc2luZyB0aGUgd2FycC4=,,,,,RmVjaGFuZG8gYSBkb2JyYS4=,,Q2VycmFuZG8gZWwgdGVsZXRyYW5zcG9ydGFkb3Iu
qBVwAg,,WW91IGhhdmUgMzAwIHNlY29uZHMu,,,,,Vm9jw6ogdGVtIDMwMCBzZWd1bmRvcy4=,,VGllbmVzIDMwMCBzZWd1bmRvcy4=
qRVwAg,,VGhhdCdzIG5vdCByaWdodC4uLg==,,,,,SXNzbyBuw6NvIGVzdMOhIGNlcnRvLi4u,,RXNvIG5vIGVzdMOhIGJpZW7igKY=
qhVwAg,,UGxlYXNlIHRyeSBhZ2FpbiBhZnRlciBpbnN0YWxsaW5nIGEgc3BlY2lhbCBpdGVtLg==,,,,,VGVudGUgbm92YW1lbnRlIGRlcG9pcyBkZSBpbnN0YWxhciB1bSBpdGVtIGVzcGVjaWFsLg==,,VnVlbHZlIGEgaW50ZW50YXJsbyBkZXNwdcOpcyBkZSBxdWUgaGF5YXMgaW5zdGFsYWRvIHVuIG9iamV0byBlc3BlY2lhbC4=
qxVwAg,,V2hhdCBkbyB5b3Ugd2FudCB0byBkbyB3aXRoIHRoZSBLYWZyYWdhcnRlbi1ib3VuZCB3YXJwPw==,,,,,TyBxdWUgdm9jw6ogcXVlciBmYXplciBjb20gYSBkb2JyYSB2aW5jdWxhZGEgYSBLYWZyYWdhcnRlbj8=,,wr9RdcOpIHF1aWVyZXMgaGFjZXIgY29uIGVsIHRlbGV0cmFuc3BvcnRhZG9yIGRlIEthZnJhZ2FydGVuPw==
rBVwAg,,R3VpZGUgU29sZGllciBpbiBHbG9yaWE=,,,,,U29sZGFkbyBHdWlhIGVtIEdsw7NyaWE=,,R3VpZGUgU29sZGllciBpbiBHbG9yaWE=
rRVwAg,,W0d1aWRlIFNvbGRpZXJdCk1heSB0aGUgZW5kbGVzcyBnbG9yeSBiZSB3aXRoIHRoZSBLaW5nZG9tIG9mIFJ1bmUtTWlkZ2FydHMgYW5kIGl0cyBzZXZlbiByb3lhbCBmYW1pbGllcyE=,,,,,W1NvbGRhZG8gR3VpYV0KUXVlIGEgZ2zDs3JpYSBzZW0gZmltIGVzdGVqYSBjb20gbyBSZWlubyBkZSBSdW5lLU1pZGdhcmQgZSBzdWFzIHNldGUgZmFtw61saWFzIHJlYWlzIQ==,,W1NvbGRhZG8gZ3XDrWFdCsKhUXVlIGxhIGdsb3JpYSBldGVybmEgaWx1bWluZSBhbCByZWlubyBkZSBSdW5lLU1pZGdhcnRzIHkgYSBzdXMgc2lldGUgY2FzYXMgcmVhbGVzIQ==
rhVwAg,,W0d1aWRlIFNvbGRpZXJdCldlbGNvbWUgdG8gR2xvcmlhLCB0aGUgZm9ydHJlc3MgaW4gV29FIFRyYWluaW5nIEVkaXRpb24uIFdlIHByb3ZpZGUgc2VydmljZXMgaW4gY29vcGVyYXRpb24gd2l0aCB0aGUgS2FmcmEgQ29ycG9yYXRpb24gYW5kIHRoZSBtYWpvciByb3lhbCBmYW1pbGllcyBvZiB0aGUga2luZ2RvbS4=,,,,,W1NvbGRhZG8gR3VpYV0KQmVtLXZpbmRvIMOgIEdsw7NyaWEsIGEgZm9ydGFsZXphIG5hIFdvRSBUcmFpbmluZyBFZGl0aW9uLiBQcmVzdGFtb3Mgc2VydmnDp29zIGVtIGNvb3BlcmHDp8OjbyBjb20gYSBDb3Jwb3Jhw6fDo28gS2FmcmEgZSBhcyBwcmluY2lwYWlzIGZhbcOtbGlhcyByZWFpcyBkbyByZWluby4=,,W1NvbGRhZG8gZ3XDrWFdClRlIGRveSBsYSBiaWVudmVuaWRhIGEgR2xvcmlhLCBsYSBmb3J0YWxlemEgZGUgbGEgVGVyY2VyYSBFZGljacOzbiBkZSBsYSBHdWVycmEgZGVsIEVtcGVyaXVtLiBPZnJlY2Vtb3Mgc2VydmljaW9zIGVuIGNvbmp1bnRvIGNvbiBsYSBDb3Jwb3JhY2nDs24gS2FmcmEgeSBsYXMgcHJpbmNpcGFsZXMgY2FzYXMgcmVhbGVzIGRlbCByZWluby4=
rxVwAg,,V2hhdCBpcyBHbG9yaWE/,,,,,TyBxdWUgw6kgR2zDs3JpYT8=,,wr9RdcOpIGVzIEdsb3JpYT8=
sBVwAg,,V2hhdCBpcyBXb0UgVHJhaW5pbmcgRWRpdGlvbj8=,,,,,TyBxdWUgw6kgYSBXb0UgVHJhaW5pbmcgRWRpdGlvbj8=,,wr9RdcOpIGVzIGxhIFRlcmNlcmEgRWRpY2nDs24gZGUgbGEgR3VlcnJhIGRlbCBFbXBlcml1bT8=
sRVwAg,,V2hvIENhbiBQYXJ0aWNpcGF0ZT8=,,,,,UXVlbSBwb2RlIHBhcnRpY2lwYXI/,,wr9RdWnDqW4gcHVlZGUgcGFydGljaXBhcj8=
shVwAg,,Q2FuY2VsLg==,,,,,Q2FuY2VsYXI=,,Q2FuY2VsYXIu
sxVwAg,,W0d1aWRlIFNvbGRpZXJdCkl0IGhhcyBiZWVuIG5hbWVkIGluIGhvbm9yIG9mIHRoZSBzZXZlbiByb3lhbCBmYW1pbGllcyBhbmQgdGhlIGtpbmdkb20uClRoZSB3aG9sZSBjaXR5IGNsb3NlbHkgcmVzZW1ibGVzIHRoZSBWYWxreXJpZSBSZWFsbSBXb0UgY2FzdGxlcy4=,,,,,W1NvbGRhZG8gR3VpYV0KRm9pIG5vbWVhZGEgZW0gaG9tZW5hZ2VtIMOgcyBzZXRlIGZhbcOtbGlhcyByZWFpcyBlIGFvIHJlaW5vLgpBIGNpZGFkZSBpbnRlaXJhIHNlIGFzc2VtZWxoYSBtdWl0byBhb3MgY2FzdGVsb3MgZG8gRmV1ZG8gZGFzIFZhbHF1w61yaWFzIFdvRS4=,,W1NvbGRhZG8gZ3XDrWFdClJlY2liZSBzdSBub21icmUgZW4gaG9ub3IgYSBsYXMgc2lldGUgY2FzYXMgcmVhbGVzIHkgYWwgcmVpbm8uCkxhIGNpdWRhZCBlbnRlcmEgc2UgYXNlbWVqYSBtdWNobyBhIGxvcyBjYXN0aWxsb3MgZGUgbGEgR3VlcnJhIGRlbCBFbXBlcml1bSBkZWwgcmVpbm8gZGUgVmFsa2lyaWEu
tBVwAg,,W0d1aWRlIFNvbGRpZXJdCkluIEthZnJhZ2FydGVuIG9mIEFsZGViYXJhbiwgbWFuYWdlZCBieSBHbG9yaWEgYW5kIEthZnJhIFNlcnZpY2UsIHdlIGhhdmUgc3BlY2lhbCBydWxlcyB0aGF0IGFyZSBzbGlnaHRseSBkaWZmZXJlbnQgZnJvbSB0aGUgZXhpc3Rpbmcgb25lcy4KV2UgY2FsbCBpdCBXb0UgVHJhaW5pbmcgRWRpdGlvbi4=,,,,,W1NvbGRhZG8gR3VpYV0KRW0gS2FmcmFnYXJ0ZW4gZGUgQWxkZWJhcmFuLCBhZG1pbmlzdHJhZG8gcG9yIEdsw7NyaWEgZSBwZWxvcyBTZXJ2acOnb3MgS2FmcmEsIHRlbW9zIHJlZ3JhcyBlc3BlY2lhaXMgcXVlIHPDo28gbGlnZWlyYW1lbnRlIGRpZmVyZW50ZXMgZGFzIGV4aXN0ZW50ZXMuCk7Ds3MgYXMgY2hhbWFtb3MgZGUgV29FIFRyYWluaW5nIEVkaXRpb24u,,W1NvbGRhZG8gZ3XDrWFdCkVuIEthZnJhZ2FydGVuIGRlIEFsZGViYXJhbiwgc3VwZXJ2aXNhZG8gcG9yIEdsb3JpYSB5IGVsIHNlcnZpY2lvIGRlIEthZnJhLCB0ZW5lbW9zIHJlZ2xhcyBlc3BlY2lhbGVzIHF1ZSBkaWZpZXJlbiB1biBwb2NvIGRlIGxhcyBhY3R1YWxlcy4KRXMgbGEgVGVyY2VyYSBFZGljacOzbiBkZSBsYSBHdWVycmEgZGVsIEVtcGVyaXVtLg==
tRVwAg,,W0d1aWRlIFNvbGRpZXJdCkl0IGlzIGEgc3RhZ2Ugb2YgY29tcGV0aXRpb24gcHJlcGFyZWQgYnkgdGhlIHJveWFsIGZhbWlseSBpbiBvcmRlciB0byBsZXQgbW9yZSBwZW9wbGUgZXhwZXJpZW5jZSB0aGUgV2FyIG9mIEVtcGVyaXVtIHdpdGhvdXQgaGF2aW5nIHRoZSBtb3N0IHBvd2VyZnVsIGpvYiBjbGFzc2VzLg==,,,,,W1NvbGRhZG8gR3VpYV0Kw4kgdW0gZXN0w6FnaW8gZGUgY29tcGV0acOnw6NvIHByZXBhcmFkbyBwZWxhIGZhbcOtbGlhIHJlYWwgcGFyYSBwZXJtaXRpciBxdWUgbWFpcyBwZXNzb2FzIGV4cGVyaW1lbnRlbSBhIFdhciBvZiBFbXBlcml1bSBzZW0gdGVyIGFzIGNsYXNzZXMgZGUgdHJhYmFsaG8gbWFpcyBwb2Rlcm9zYXMu,,W1NvbGRhZG8gZ3XDrWFdCkVzIHVuIGVzY2VuYXJpbyBjb21wZXRpdGl2byBjcmVhZG8gcG9yIGxhIGZhbWlsaWEgcmVhbCBwYXJhIHF1ZSBtw6FzIHBlcnNvbmFzIHB1ZWRhbiBwYXJ0aWNpcGFyIGVuIGxhIEd1ZXJyYSBkZWwgRW1wZXJpdW0gc2luIHRlbmVyIHF1ZSBwZXJ0ZW5lY2VyIGEgbGFzIGNsYXNlcyBtw6FzIHBvZGVyb3Nhcy4=
thVwAg,,W0d1aWRlIFNvbGRpZXJdCkRpZmZlcmVudCBydWxlcyBhcmUgYXBwbGllZCBoZXJlIGZyb20gbm9ybWFsIFdvRSBhbmQgc3VmZmljaWVudCBzdXBwb3J0cyBhcmUgcHJvdmlkZWQgc2luY2UgaXRzIGF0bW9zcGhlcmUgaXMgc2ltaWxhciB0byB0aGF0IG9mIGEgZ3ltbmFzaXVtLg==,,,,,W1NvbGRhZG8gR3VpYV0KQXF1aSBzw6NvIGFwbGljYWRhcyByZWdyYXMgZGlmZXJlbnRlcyBkYXMgZG8gV29FIG5vcm1hbCBlIHPDo28gZm9ybmVjaWRvcyBzdXBvcnRlcyBzdWZpY2llbnRlcywgcG9pcyBhIGF0bW9zZmVyYSDDqSBzZW1lbGhhbnRlIMOgIGRlIHVtIGdpbsOhc2lvLg==,,W1NvbGRhZG8gZ3XDrWFdClNlIGFwbGljYW4gcmVnbGFzIGRpZmVyZW50ZXMgYSBsYXMgZGUgbGEgR3VlcnJhIGRlbCBFbXBlcml1bSBub3JtYWwgeSBzZSBwcm9wb3JjaW9uYSBlbCBhcG95byBuZWNlc2FyaW8sIGRhZG8gcXVlIGVsIGFtYmllbnRlIGVzIHNpbWlsYXIgYWwgZGUgdW4gZ2ltbmFzaW8u
txVwAg,,W0d1aWRlIFNvbGRpZXJdCl40RDRERkZUaGlyZCBqb2IgY2xhc3NlcyBhbmQgdGhvc2Ugd2l0aCBleHBhbmRlZCBsZXZlbHMgYXJlIG5vdCBhbGxvd2VkIGluIHRoZSBHbG9yaWEgYW5kIEthZnJhZ2FydGVuIHJlZ2lvbnMuXjAwMDAwMA==,,,,,W1NvbGRhZG8gR3VpYV0KXjRENERGRkFzIGNsYXNzZXMgZGUgdGVyY2Vpcm8gZW1wcmVnbyBlIGFxdWVsZXMgY29tIG7DrXZlaXMgZXhwYW5kaWRvcyBuw6NvIHPDo28gcGVybWl0aWRhcyBuYXMgcmVnacO1ZXMgZGUgR2zDs3JpYSBlIEthZnJhZ2FydGVuLg==,,W1NvbGRhZG8gZ3XDrWFdCl40RDRERkZFbiBsYXMgcmVnaW9uZXMgZGUgR2xvcmlhIHkgS2FmcmFnYXJ0ZW4gbm8gc2UgcGVybWl0ZW4gbGFzIHRlcmNlcmFzIGNsYXNlcyBuaSBsYXMgY2xhc2VzIGFtcGxpYWRhcy5eMDAwMDAw
uBVwAg,,W0d1aWRlIFNvbGRpZXJdCkFsc28sIHdlIGFyZSBsZW5kaW5nIGEgdmFyaWV0eSBvZiBiYXR0bGUgZ2VhciB0aGF0IHlvdSB1c2Ugb25seSB3aGlsZSBjb21iYXRpbmcgb24gdGhlc2UgbmV3IGFyZWFzLi4KVGhlIGdlYXIgbGFzdHMgZm9yIDEgZGF5IGFuZCB0aGV5J3JlIGFsbCBnaXZlbiBmb3IgZnJlZS4=,,,,,W1NvbGRhZG8gR3VpYV0KQWzDqW0gZGlzc28sIGVzdGFtb3MgZW1wcmVzdGFuZG8gdW1hIHZhcmllZGFkZSBkZSBlcXVpcGFtZW50b3MgZGUgYmF0YWxoYSBxdWUgdm9jw6ogdXNhcsOhIHNvbWVudGUgZW5xdWFudG8gZXN0aXZlciBjb21iYXRlbmRvIG5lc3NhcyBub3ZhcyDDoXJlYXMuCk9zIGVxdWlwYW1lbnRvcyBkdXJhbSB1bSBkaWEgZSBzw6NvIHRvZG9zIGZvcm5lY2lkb3MgZ3JhdHVpdGFtZW50ZS4=,,W1NvbGRhZG8gZ3XDrWFdClRhbWJpw6luIG9mcmVjZW1vcyBlcXVpcGFtaWVudG8gZGUgYmF0YWxsYSBxdWUgc29sbyBwdWVkZSB1c2Fyc2UgcGFyYSBjb21iYXRpciBlbiBlc3RhcyBudWV2YXMgw6FyZWFzLgpFbCBlcXVpcGFtaWVudG8gZHVyYSAxIGTDrWEgeSBlcyBncmF0dWl0by4=
uRVwAg,,W0d1aWRlIFNvbGRpZXJdCl40RDRERkZOb3ZpY2UsIHByaW1hcnksIGFuZCBzZWNvbmRhcnkgam9iIGNsYXNzZXMgYXJlIGFsbG93ZWQgdG8gcGFydGljaXBhdGUgYXMgd2VsbCBhcyBtb3N0IGV4dHJhIGpvYiBjbGFzc2VzLl4wMDAwMDAKT2YgY291cnNlLCBwcmltYXJ5IGFuZCBzZWNvbmRhcnkgam9iIGNsYXNzZXMgYXJlIGluY2x1ZGVkIGFzIHdlbGwu,,,,,W1NvbGRhZG8gR3VpYV0KXjRENERGRkFzIGNsYXNzZXMgZGUgdHJhYmFsaG8gYXByZW5kaXosIHByaW3DoXJpbyBlIHNlY3VuZMOhcmlvIHBvZGVtIHBhcnRpY2lwYXIsIGFzc2ltIGNvbW8gYSBtYWlvcmlhIGRhcyBjbGFzc2VzIGRlIHRyYWJhbGhvIGV4dHJhcy5eMDAwMDAwCsOJIGNsYXJvIHF1ZSBhcyBjbGFzc2VzIGRlIHRyYWJhbGhvIHByaW3DoXJpYXMgZSBzZWN1bmTDoXJpYXMgdGFtYsOpbSBlc3TDo28gaW5jbHXDrWRhcy4=,,W1NvbGRhZG8gZ3XDrWFdCl40RDRERkZTZSBwZXJtaXRlIGxhIHBhcnRpY2lwYWNpw7NuIGRlIGxhcyBjbGFzZXMgcHJpbmNpcGlhbnRlcywgcHJpbWVyYXMgeSBzZWd1bmRhcyBjbGFzZXMsIGFzw60gY29tbyBkZSBsYSBtYXlvcsOtYSBkZSBsYXMgY2xhc2VzIGVzcGVjaWFsZXMuXjAwMDAwMApDbGFybyBxdWUgdGFtYmnDqW4gc2UgaW5jbHV5ZW4gbGFzIHByaW1lcmFzIHkgc2VndW5kYXMgY2xhc2VzLg==
uhVwAg,,W0d1aWRlIFNvbGRpZXJdCkluIG90aGVyIHdvcmRzLCB0aGlyZCBqb2IgY2xhc3MgYW5kIGpvYnMgd2l0aCBleHBhbmRlZCBsZXZlbHMgc3VjaCBhcyBLYWdlcm8gYW5kIE9ib3JvIGFyZSBub3QgYWxsb3dlZC4KQWxzbywgdGhlaXIgYnVmZiBlZmZlY3RzIGdldCBlbGltaW5hdGVkIGhlcmUu,,,,,W1NvbGRhZG8gR3VpYV0KRW0gb3V0cmFzIHBhbGF2cmFzLCBvcyB0cmFiYWxob3MgZGUgdGVyY2VpcmEgY2xhc3NlIGUgb3MgZGUgbsOtdmVpcyBleHBhbmRpZG9zLCBjb21vIEthZ2VybyBlIE9ib3JvLCBuw6NvIHPDo28gcGVybWl0aWRvcy4KQWzDqW0gZGlzc28sIHNldXMgZWZlaXRvcyBkZSBmb3J0YWxlY2ltZW50byBzw6NvIGVsaW1pbmFkb3MgYXF1aS4=,,W1NvbGRhZG8gZ3XDrWFdCkVuIG90cmFzIHBhbGFicmFzLCBsYXMgdGVyY2VyYXMgY2xhc2VzIHkgbGFzIGNsYXNlcyBhbXBsaWFkYXMgY29tbyBLYWdlcm91IHkgT2Jvcm8gbm8gZXN0w6FuIHBlcm1pdGlkYXMuCkFkZW3DoXMsIGFxdcOtIHN1cyBlZmVjdG9zIHBvdGVuY2lhZG9yZXMgcXVlZGFuIGVsaW1pbmFkb3Mu
uxVwAg,,W0d1aWRlIFNvbGRpZXJdCk90aGVyIHRoYW4gdGhhdCwgaXQgaXMgbm90IG11Y2ggZGlmZmVyZW50IGZyb20gdGhlIGV4aXN0aW5nIFdhciBvZiBFbXBlcml1bSBiYXR0bGVzLg==,,,,,W1NvbGRhZG8gR3VpYV0KRm9yYSBpc3NvLCBuw6NvIMOpIG11aXRvIGRpZmVyZW50ZSBkYXMgYmF0YWxoYXMgZXhpc3RlbnRlcyBkZSBXYXIgb2YgRW1wZXJpdW0u,,W1NvbGRhZG8gZ3XDrWFdCk3DoXMgYWxsw6EgZGUgZXNvLCBubyBkaWZpZXJlIG11Y2hvIGRlIGxhcyBiYXRhbGxhcyB5YSBleGlzdGVudGVzIGRlIGxhIEd1ZXJyYSBkZWwgRW1wZXJpdW0u
vBVwAg,,W0d1aWRlIFNvbGRpZXJdCk1heSB0aGUgZ2xvcnkgb2YgdGhlIHJveWFsIGZhbWlseSBhbmQgT2RpbidzIHByb3RlY3Rpb24gYmUgd2l0aCB5b3Uh,,,,,W1NvbGRhZG8gR3VpYV0KUXVlIGEgZ2zDs3JpYSBkYSBmYW3DrWxpYSByZWFsIGUgYSBwcm90ZcOnw6NvIGRlIE9kaW4gZXN0ZWphbSBjb20gdm9jw6pzIQ==,,W1NvbGRhZG8gZ3XDrWFdCsKhUXVlIGxhIGdsb3JpYSBkZSBsYSBmYW1pbGlhIHJlYWwgeSBsYSBwcm90ZWNjacOzbiBkZSBPZMOtbiB0ZSBhY29tcGHDsWVuIQ==
vRVwAg,,W0d1aWRlIFNvbGRpZXJdClRoaXMgd2FycCBnYXRlIGhlcmUgd2lsbCBsZXQgeW91IGdvIGludG8gR2xvcmlhIHJlZ2lvbi4KUGxlYXNlIGtlZXAgaW4gbWluZCB0aGF0IHlvdSBhcmUgc3VwcG9zZWQgdG8gdHJhdmVsIHRocm91Z2ggd2FycHMgaGVyZS4=,,,,,W1NvbGRhZG8gR3VpYV0KRXN0ZSBwb3J0YWwgZGUgZG9icmEgYXF1aSBwZXJtaXRpcsOhIHF1ZSB2b2PDqiB2w6EgcGFyYSBhIHJlZ2nDo28gZGUgR2zDs3JpYS4KTGVtYnJlLXNlIGRlIHF1ZSBhcXVpIHZvY8OqIGRldmUgdmlhamFyIHBvciBkb2JyYXMu,,W1NvbGRhZG8gZ3XDrWFdCkVzdGUgdGVsZXRyYW5zcG9ydGFkb3IgZGUgYXF1w60gdGUgbGxldmFyw6EgYSBsYSByZWdpw7NuIGRlIEdsb3JpYS4KVGVuIGVuIGN1ZW50YSBxdWUgYXF1w60gc2UgdmlhamEgYSB0cmF2w6lzIGRlIHRlbGV0cmFuc3BvcnRhZG9yZXMu
vhVwAg,,W0d1aWRlIFNvbGRpZXJdCllvdSBhcmUgbm93IGF0IHRoZSBmb3J0cmVzcyBpbiBHbG9yaWEuCklmIHlvdSB3aXNoIHRvIHJldHVybiB0byBWYWxreXJpZSBSZWFsbSwgeW91IGNhbiB0cmF2ZWwgdGhyb3VnaCB3YXJwLg==,,,,,W1NvbGRhZG8gR3VpYV0KQWdvcmEgdm9jw6ogZXN0w6EgbmEgZm9ydGFsZXphIGVtIEdsw7NyaWEuClNlIHF1aXNlciB2b2x0YXIgcGFyYSBvIEZldWRvIGRhcyBWYWxxdcOtcmlhcywgdm9jw6ogcG9kZSB2aWFqYXIgcG9yIHVtYSBkb2JyYS4=,,W1NvbGRhZG8gZ3XDrWFdCkFob3JhIGVzdMOhcyBlbiBsYSBmb3J0YWxlemEgZGUgR2xvcmlhLgpTaSBxdWllcmVzIHZvbHZlciBhbCByZWlubyBkZSBWYWxraXJpYSwgcHVlZGVzIHVzYXIgbG9zIHRlbGV0cmFuc3BvcnRhZG9yZXMu
vxVwAg,,W0d1aWRlIFNvbGRpZXJdCldlbGNvbWUgdG8gR2xvcmlhLgpKb2IgY2xhc3NlcyB0aGF0IGFyZSBhbGxvd2VkIHRvIHBhcnRpY2lwYXRlIGluIFdhciBvZiBFbXBlcml1bSBiYXR0bGVzIGF0IHRoZSBmb3J0cmVzc2VzIGluIEthZnJhZ2FydGVuIGFuZCBHbG9yaWEgcmVnaW9ucyBhcmUgbGltaXRlZCB0byBeNEQ0REZGIHByaW1hcnkgYW5kIHNlY29uZGFyeSBqb2IgY2xhc3NlcyBhcyB3ZWxsIGFzIHRob3NlIHdpdGhvdXQgZXhwYW5kZWQgbGV2ZWxzLl4wMDAwMDA=,,,,,W1NvbGRhZG8gR3VpYV0KQmVtLXZpbmRvIMOgIEdsw7NyaWEuCkFzIGNsYXNzZXMgZGUgdHJhYmFsaG8gcXVlIHTDqm0gcGVybWlzc8OjbyBwYXJhIHBhcnRpY2lwYXIgZGFzIGJhdGFsaGFzIGRlIFdhciBvZiBFbXBlcml1bSBuYXMgZm9ydGFsZXphcyBkZSBLYWZyYWdhcnRlbiBlIEdsw7NyaWEgZXN0w6NvIGxpbWl0YWRhcyBhIF40RDRERkYgY2xhc3NlcyBkZSB0cmFiYWxobyBwcmltw6FyaWFzIGUgc2VjdW5kw6FyaWFzLCBiZW0gY29tbyBhcXVlbGFzIHNlbSBuw612ZWlzIGV4cGFuZGlkb3NeMDAwMDAwLg==,,W1NvbGRhZG8gZ3XDrWFdClRlIGRhbW9zIGxhIGJpZW52ZW5pZGEgYSBHbG9yaWEuCkxhcyBjbGFzZXMgcXVlIHB1ZWRlbiBwYXJ0aWNpcGFyIGVuIGxhcyBiYXRhbGxhcyBkZSBsYSBHdWVycmEgZGVsIEVtcGVyaXVtIGVuIGxhcyBmb3J0YWxlemFzIGRlIGxhcyByZWdpb25lcyBkZSBLYWZyYWdhcnRlbiB5IEdsb3JpYSBzb24gXjRENERGRmxhcyBwcmltZXJhcyB5IHNlZ3VuZGFzIGNsYXNlcywgYXPDrSBjb21vIGxhcyBjbGFzZXMgbm8gYW1wbGlhZGFzLl4wMDAwMDA=
wBVwAg,,W0d1aWRlIFNvbGRpZXJdCkluIEthZnJhZ2FydGVuIGFuZCBHbG9yaWEgcmVnaW9ucywgeW91IGdldCBzZXBhcmF0ZSBtaXNzaW9ucy4KU29tZSBvZiB0aGVtIGFyZSBub3QgcmVsYXRlZCB0byBkZXN0cm95aW5nIEVtcGVyaXVtcywgc28gY2hhbGxlbmdlIHlvdXJzZWxmIQ==,,,,,W1NvbGRhZG8gR3VpYV0KTmFzIHJlZ2nDtWVzIGRlIEthZnJhZ2FydGVuIGUgR2zDs3JpYSwgdm9jw6ogcmVjZWJlIG1pc3PDtWVzIHNlcGFyYWRhcy4KQWxndW1hcyBkZWxhcyBuw6NvIGVzdMOjbyByZWxhY2lvbmFkYXMgw6AgZGVzdHJ1acOnw6NvIGRlIEVtcGVyaXVtcywgcG9ydGFudG8sIGRlc2FmaWUtc2Uh,,W1NvbGRhZG8gZ3XDrWFdCkVuIGxhcyByZWdpb25lcyBkZSBLYWZyYWdhcnRlbiB5IEdsb3JpYSwgdGllbmVzIG1pc2lvbmVzIHNlcGFyYWRhcy4KQWxndW5hcyBubyBlc3TDoW4gcmVsYWNpb25hZGFzIGNvbiBsYSBkZXN0cnVjY2nDs24gZGUgRW1wZXJpdW0sIMKhYXPDrSBxdWUgcG9udGUgYSBwcnVlYmEh
wRVwAg,,W0d1aWRlIFNvbGRpZXJdClRoZSByb3lhbCBmYW1pbHkgYW5kIEthZnJhIFNlcnZpY2UgaGF2ZSBwcmVwYXJlZCBhIHZhcmlldHkgb2YgcmVudGFsIGl0ZW1zIGZvciB5b3UuCkFsdGhvdWdoIHRoZSByZW50YWwgcGVyaW9kIGlzIHJlbGF0aXZlbHkgc2hvcnQsIGl0J3MgYWxsIGZyZWUuIFNvLCBkb24ndCBtaXNzIHRoZSBjaGFuY2Uh,,,,,W1NvbGRhZG8gR3VpYV0KQSBmYW3DrWxpYSByZWFsIGUgbyBTZXJ2acOnbyBLYWZyYSBwcmVwYXJhcmFtIHVtYSB2YXJpZWRhZGUgZGUgaXRlbnMgZGUgYWx1Z3VlbCBwYXJhIHZvY8OqLgpFbWJvcmEgbyBwZXLDrW9kbyBkZSBhbHVndWVsIHNlamEgcmVsYXRpdmFtZW50ZSBjdXJ0bywgdHVkbyDDqSBncmF0dWl0by4gUG9ydGFudG8sIG7Do28gcGVyY2EgYSBjaGFuY2Uh,,W1NvbGRhZG8gZ3XDrWFdCkxhIGZhbWlsaWEgcmVhbCB5IGVsIHNlcnZpY2lvIGRlIEthZnJhIHByZXBhcmFyb24gdW5hIHZhcmllZGFkIGRlIG9iamV0b3MgZW4gYWxxdWlsZXIgcGFyYSB0aS4KQXVucXVlIGVsIHRpZW1wbyBkZSBhbHF1aWxlciBlcyByZWxhdGl2YW1lbnRlIGNvcnRvLCB0b2RvIGVzIGdyYXR1aXRvLiDCoUFzw60gcXVlIGFwcm92w6ljaGFsbyE=
whVwAg,,U29yaW4gb2YgS2FmcmFnYXJ0ZW4=,,,,,U29yaW4gZGUgS2FmcmFnYXJ0ZW4=,,U29yaW4gb2YgS2FmcmFnYXJ0ZW4=
wxVwAg,,W1NvcmluXQpXZWxjb21lIHRvIEthZnJhIFNlcnZpY2V+IFdlIGFsd2F5cyBwcm92aWRlIHRoZSBiZXN0IHRvIG91ciBjdXN0b21lcnMuCkZpbmFsbHksIEthZnJhIFNlcnZpY2UgaGFzIGVzdGFibGlzaGVkIGl0cyBvd24gZm9ydHJlc3Mh,,,,,W1NvcmluXQpCZW0tdmluZG8gYW8gU2VydmnDp29zIEthZnJhfiBTZW1wcmUgb2ZlcmVjZW1vcyBvIG1lbGhvciBwYXJhIG5vc3NvcyBjbGllbnRlcy4KRmluYWxtZW50ZSwgYSBTZXJ2acOnb3MgS2FmcmEgZXN0YWJlbGVjZXUgc3VhIHByw7NwcmlhIGZvcnRhbGV6YSE=,,W1NvcmluXQpUZSBkb3kgbGEgYmllbnZlbmlkYSBhbCBTZXJ2aWNpbyBkZSBLYWZyYS4gU2llbXByZSBsZXMgYnJpbmRhbW9zIGxvIG1lam9yIGEgbnVlc3Ryb3MgY2xpZW50ZXMuCsKhUG9yIGZpbiwgZWwgc2VydmljaW8gZGUgS2FmcmEgdGllbmUgc3UgcHJvcGlhIGZvcnRhbGV6YSE=
xBVwAg,,V2hhdCBpcyBLYWZyYWdhcnRlbj8=,,,,,TyBxdWUgw6kgS2FmcmFnYXJ0ZW4/,,wr9RdcOpIGVzIEthZnJhZ2FydGVuPw==
xRVwAg,,W1NvcmluXQpUaGlzIGlzIGEgZm9ydHJlc3MgcHJvdmlkZWQgYnkgdGhlIEthZnJhIFNlcnZpY2UgaW4gY29vcGVyYXRpb24gd2l0aCB0aGUgcm95YWwgZmFtaWx5IG9mIFJ1bmUtTWlkZ2FydHMuCkl0IG1lYW5zICdLYWZyYSdzIGdhcmRlbi4n,,,,,W1NvcmluXQpFc3NhIMOpIHVtYSBmb3J0YWxlemEgZm9ybmVjaWRhIHBlbGEgU2VydmnDp29zIEthZnJhIGVtIGNvb3BlcmHDp8OjbyBjb20gYSBmYW3DrWxpYSByZWFsIGRlIFJ1bmUtTWlkZ2FyZC4KU2lnbmlmaWNhICcnamFyZGltIGRlIEthZnJhJycu,,W1NvcmluXQpFcyB1bmEgZm9ydGFsZXphIHF1ZSBlbCBzZXJ2aWNpbyBkZSBLYWZyYSBqdW50byBjb24gbGEgZmFtaWxpYSByZWFsIGRlIFJ1bmUtTWlkZ2FydHMgcHVzaWVyb24gYSBkaXNwb3NpY2nDs24gZGUgdG9kb3MuClNpZ25pZmljYSDigJxqYXJkw61uIGRlIEthZnJh4oCdLg==
xhVwAg,,W1NvcmluXQpBbHRob3VnaCBpdCBsb29rcyB2ZXJ5IHNpbWlsYXIgdG8gTHVpbmEuLi4KSXQgc2hvdWxkIGJlIGZpbmUgc2luY2UgaXQncyBzZXJ2aWNpbmcgZGlmZmVyZW50IHVzZXJzLgpJdCdzIGxpa2UgYSB0cmFpbmluZyBzdGFnZSwgc28gdG8gc3BlYWsu,,,,,W1NvcmluXQpFbWJvcmEgcGFyZcOnYSBtdWl0byBzZW1lbGhhbnRlIMOgIEx1aW5hLi4uCk7Do28gZGV2ZSBoYXZlciBwcm9ibGVtYSwgcG9pcyBlc3TDoSBhdGVuZGVuZG8gYSBkaWZlcmVudGVzIHVzdcOhcmlvcy4Kw4kgY29tbyB1bSBlc3TDoWdpbyBkZSB0cmVpbmFtZW50bywgcG9yIGFzc2ltIGRpemVyLg==,,W1NvcmluXQpBdW5xdWUgc2UgcGFyZWNlIG11Y2hvIGEgTHVpbmHigKYKRGViZXLDrWEgZnVuY2lvbmFyIGJpZW4gcG9ycXVlIGVzdMOhIGRpc2XDsWFkbyBwYXJhIGRpZmVyZW50ZXMgdXN1YXJpb3MuCkVzIGNvbW8gdW4gZXNjZW5hcmlvIGRlIGVudHJlbmFtaWVudG8sIHBvciBhc8OtIGRlY2lybG8u
xxVwAg,,W1NvcmluXQpLYWZyYWdhcnRlbiBpcyBidWlsdCBpbiB0aGUgcmVnaW9uIG9mIEx1aW5hLCBhbmQgaW4gVmFsa3lyaWUgUmVhbG0sIHRoZSByb3lhbCBmYW1pbHkncyBHbG9yaWEgaXMgZm91bmRlZC4KS2FmcmEgU2VydmljZSBob3BlcyB0aGF0IHlvdSB3b3VsZCBnYWluIHZhbHVhYmxlIGV4cGVyaWVuY2UgaW4gdGhpcyBuZXcgZm9ydHJlc3Mu,,,,,W1NvcmluXQpLYWZyYWdhcnRlbiDDqSBjb25zdHJ1w61kbyBuYSByZWdpw6NvIGRlIEx1aW5hIGUgYSBHbMOzcmlhIGRhIGZhbcOtbGlhIHJlYWwgZXN0w6EgbG9jYWxpemFkYSBubyBGZXVkbyBkYXMgVmFscXXDrXJpYXMuCkEgU2VydmnDp29zIEthZnJhIGVzcGVyYSBxdWUgdm9jw6ogYWRxdWlyYSB1bWEgZXhwZXJpw6puY2lhIHZhbGlvc2EgbmVzc2Egbm92YSBmb3J0YWxlemEu,,W1NvcmluXQpLYWZyYWdhcnRlbiBzZSBjb25zdHJ1ecOzIGVuIGxhIHJlZ2nDs24gZGUgTHVpbmEuIEVuIGVsIHJlaW5vIGRlIFZhbGtpcmlhLCBsYSBmYW1pbGlhIHJlYWwgZnVuZMOzIEdsb3JpYS4KRWwgc2VydmljaW8gZGUgS2FmcmEgZXNwZXJhIHF1ZSBvYnRlbmdhcyB2YWxpb3NhIGV4cGVyaWVuY2lhIGVuIGVzdGEgbnVldmEgZm9ydGFsZXphLg==
yBVwAg,,W1NvcmluXQpXb0UgVHJhaW5pbmcgRWRpdGlvbiBpcyBeNEQ0REZGIGEgYmF0dGxlZmllbGQgZGVzaWduZWQgZm9yIHByaW1hcnkgYW5kIHNlY29uZGFyeSBqb2IgY2xhc3NlcyBvbmx5LCBubyB0aGlyZCBqb2IgY2xhc3NlcyBhcmUgYWxsb3dlZC5eMDAwMDAw,,,,,W1NvcmluXQpXb0UgVHJhaW5pbmcgRWRpdGlvbiDDqSBeNEQ0REZGIHVtIGNhbXBvIGRlIGJhdGFsaGEgcHJvamV0YWRvIGFwZW5hcyBwYXJhIHRyYWJhbGhvcyAgZGUgY2xhc3NlIHByaW3DoXJpYXMgZSBzZWN1bmTDoXJpYXMsIG7Do28gc2VuZG8gcGVybWl0aWRhcyB0cmFiYWxob3MgZGUgdGVyY2VpcmEgY2xhc3NlLg==,,W1NvcmluXQpMYSBUZXJjZXJhIEVkaWNpw7NuIGRlIGxhIEd1ZXJyYSBkZWwgRW1wZXJpdW0gZXMgXjRENERGRnVuIGNhbXBvIGRlIGJhdGFsbGEgZGlzZcOxYWRvIHNvbG8gcGFyYSBwcmltZXJhcyB5IHNlZ3VuZGFzIGNsYXNlcywgbm8gc2UgcGVybWl0ZW4gbGFzIHRlcmNlcmFzLl4wMDAwMDA=
yRVwAg,,W1NvcmluXQpJdCdzIGJlZW4gbmV3bHkgZXN0YWJsaXNoZWQgaW4gYW4gZWZmb3J0IHRvIGFsbG93IG1vcmUgdXNlcnMgdG8gZXhwZXJpZW5jZSBjb21wZXRpdGl2ZSBiYXR0bGVzIGF0IGxvd2VyIGxldmVscy4=,,,,,W1NvcmluXQpGb2kgZXN0YWJlbGVjaWRvIHJlY2VudGVtZW50ZSBlbSB1bSBlc2ZvcsOnbyBwYXJhIHBlcm1pdGlyIHF1ZSBtYWlzIHVzdcOhcmlvcyBleHBlcmltZW50ZW0gYmF0YWxoYXMgY29tcGV0aXRpdmFzIGVtIG7DrXZlaXMgbWFpcyBiYWl4b3Mu,,W1NvcmluXQpTZSBjcmXDsyByZWNpZW50ZW1lbnRlIHBhcmEgcXVlIG3DoXMgdXN1YXJpb3MgcHVlZGFuIHZpdmlyIGJhdGFsbGFzIGNvbXBldGl0aXZhcyBlbiBuaXZlbGVzIG3DoXMgYmFqb3Mu
yhVwAg,,W1NvcmluXQpNb3Jlb3ZlciwgZm9yIHlvdXIgY29udmVuaWVuY2UsIHdlIGxlbmQgYSB2YXJpZXR5IG9mIGl0ZW1zIHRoYXQgeW91IGNhbiB1c2Ugb25seSBpbnNpZGUgdGhlIGNvcnJlc3BvbmRpbmcgZm9ydHJlc3MuIFNvLCB0YWtlIGFkdmFudGFnZSBvZiB0aGlzIG9wcG9ydHVuaXR5Lg==,,,,,W1NvcmluXQpBbMOpbSBkaXNzbywgcGFyYSBzdWEgY29udmVuacOqbmNpYSwgZW1wcmVzdGFtb3MgdW1hIHZhcmllZGFkZSBkZSBpdGVucyBxdWUgc8OzIHBvZGVtIHNlciB1c2Fkb3MgZGVudHJvIGRhIGZvcnRhbGV6YSBjb3JyZXNwb25kZW50ZS4gUG9ydGFudG8sIGFwcm92ZWl0ZSBlc3NhIG9wb3J0dW5pZGFkZS4=,,W1NvcmluXQpBZGVtw6FzLCBwYXJhIHR1IGNvbW9kaWRhZCwgdGUgcHJlc3RhbW9zIHVuYSBzZXJpZSBkZSBvYmpldG9zIHF1ZSBzb2xvIHBvZHLDoXMgdXNhciBkZW50cm8gZGUgbGEgZm9ydGFsZXphIGNvcnJlc3BvbmRpZW50ZS4gQXPDrSBxdWUgYXByb3ZlY2hhIGVzdGEgb3BvcnR1bmlkYWQu
yxVwAg,,W1NvcmluXQpBcyB0aGV5IHNheSwgJ2FjdGlvbiBzcGVha3MgbG91ZGVyIHRoYW4gd29yZHMuJwpOb3csIGdvIGFuZCBzZWUgZm9yIHlvdXJzZWxmfg==,,,,,W1NvcmluXQpDb21vIGRpemVtLCAnJ0EgYcOnw6NvIGZhbGEgbWFpcyBhbHRvIGRvIHF1ZSBhcyBwYWxhdnJhcycnLgpBZ29yYSwgdsOhIGUgdmVqYSBwb3Igc2kgbWVzbW9+,,W1NvcmluXQpDb21vIGRpY2VuOiDigJx1bmEgYWNjacOzbiBkaWNlIG3DoXMgcXVlIG1pbCBwYWxhYnJhc+KAnS4KQWhvcmEsIHZlIHkgY29tcHJ1w6liYWxvLg==
zBVwAg,,W1NvcmluXQpeNEQ0REZGTm92aWNlLCBwcmltYXJ5LCBhbmQgc2Vjb25kYXJ5IGpvYiBjbGFzc2VzIGFyZSBhbGxvd2VkIHRvIHBhcnRpY2lwYXRlIGFzIHdlbGwgYXMgbW9zdCBleHRyYSBqb2IgY2xhc3Nlcy5eMDAwMDAwCk9mIGNvdXJzZSwgcHJpbWFyeSBhbmQgc2Vjb25kYXJ5IGpvYiBjbGFzc2VzIGFyZSBpbmNsdWRlZCBhcyB3ZWxsLg==,,,,,W1NvcmluXQpeNEQ0REZGQXMgY2xhc3NlcyBkZSB0cmFiYWxobyBhcHJlbmRpeiwgcHJpbcOhcmlvIGUgc2VjdW5kw6FyaW8gcG9kZW0gcGFydGljaXBhciwgYXNzaW0gY29tbyBhIG1haW9yaWEgZGFzIGNsYXNzZXMgZGUgdHJhYmFsaG8gZXh0cmFzXjAwMDAwMC4KT2J2aWFtZW50ZSwgYXMgY2xhc3NlcyBkZSB0cmFiYWxobyBwcmltw6FyaWFzIGUgc2VjdW5kw6FyaWFzIHRhbWLDqW0gZXN0w6NvIGluY2x1w61kYXMu,,W1NvcmluXQpeNEQ0REZGU2UgcGVybWl0ZSBsYSBwYXJ0aWNpcGFjacOzbiBkZSBsYXMgY2xhc2VzIHByaW5jaXBpYW50ZXMsIHByaW1lcmFzIHkgc2VndW5kYXMgY2xhc2VzLCBhc8OtIGNvbW8gZGUgbGEgbWF5b3LDrWEgZGUgbGFzIGNsYXNlcyBlc3BlY2lhbGVzLl4wMDAwMDAKQ2xhcm8gcXVlIHRhbWJpw6luIHNlIGluY2x1eWVuIGxhcyBwcmltZXJhcyB5IHNlZ3VuZGFzIGNsYXNlcy4=
zRVwAg,,W1NvcmluXQpJbiBvdGhlciB3b3JkcywgdGhpcmQgam9iIGNsYXNzIGFuZCBqb2JzIHdpdGggZXhwYW5kZWQgbGV2ZWxzIHN1Y2ggYXMgS2FnZXJvIGFuZCBPYm9ybyBhcmUgbm90IGFsbG93ZWQuCkFsc28sIHRoZWlyIGJ1ZmYgZWZmZWN0cyBnZXQgZWxpbWluYXRlZCBoZXJlLg==,,,,,W1NvcmluXQpFbSBvdXRyYXMgcGFsYXZyYXMsIGEgdGVyY2VpcmEgY2xhc3NlIGRlIHRyYWJhbGhvIGUgb3MgdHJhYmFsaG9zIGNvbSBuw612ZWlzIGV4cGFuZGlkb3MsIGNvbW8gS2FnZXJvIGUgT2Jvcm8sIG7Do28gc8OjbyBwZXJtaXRpZG9zLgpBbMOpbSBkaXNzbywgc2V1cyBlZmVpdG9zIGRlIGLDtG51cyBzw6NvIGVsaW1pbmFkb3MgYXF1aS4=,,W1NvcmluXQpFbiBvdHJhcyBwYWxhYnJhcywgbGFzIHRlcmNlcmFzIGNsYXNlcyB5IGxhcyBjbGFzZXMgYW1wbGlhZGFzIGNvbW8gS2FnZXJvdSB5IE9ib3JvIG5vIGVzdMOhbiBwZXJtaXRpZGFzLgpBZGVtw6FzLCBhcXXDrSBzdXMgZWZlY3RvcyBwb3RlbmNpYWRvcmVzIHF1ZWRhbiBlbGltaW5hZG9zLg==
zhVwAg,,W1NvcmluXQpLYWZyYSBTZXJ2aWNlIHdpbGwgZG8gaXRzIHV0bW9zdCB0byBicmluZyBqb3kgdG8geW91ciBsaWZlIHRocm91Z2ggS2FmcmFnYXJ0ZW4uIA==,,,,,W1NvcmluXQpPIFNlcnZpw6dvIEthZnJhIGZhcsOhIG8gcG9zc8OtdmVsIHBhcmEgdHJhemVyIGFsZWdyaWEgw6Agc3VhIHZpZGEgcG9yIG1laW8gZG8gS2FmcmFnYXJ0ZW4u,,W1NvcmluXQpFbCBzZXJ2aWNpbyBkZSBLYWZyYSBoYXLDoSB0b2RvIGxvIHBvc2libGUgcGFyYSBxdWUgdGVuZ2FzIHVuYSBleHBlcmllbmNpYSBpbm9sdmlkYWJsZSBlbiBLYWZyYWdhcnRlbi4g
zxVwAg,,RGVwcm90YWkgb2YgS2FmcmFnYXJ0ZW4=,,,,,RGVwcm90YWkgZGUgS2FmcmFnYXJ0ZW4=,,RGVwcm90YWkgb2YgS2FmcmFnYXJ0ZW4=
0BVwAg,,W0RlcHJvdGFpXQpLYWZyYWdhcnRlbiBpcyBsaWtlIGEgbWlycm9yZWQgaW1hZ2Ugb2YgTHVpbmEsIHNvIGl0cyBzdHJ1Y3R1cmUgaXMgZXhhY3RseSB0aGUgc2FtZSBhcyB0aGF0IG9mIEx1aW5hLg==,,,,,W0RlcHJvdGFpXQpLYWZyYWdhcnRlbiDDqSBjb21vIHVtYSBpbWFnZW0gZXNwZWxoYWRhIGRlIEx1aW5hLCBwb3J0YW50bywgc3VhIGVzdHJ1dHVyYSDDqSBleGF0YW1lbnRlIGlndWFsIGEgZGUgTHVpbmEu,,W0RlcHJvdGFpXQpLYWZyYWdhcnRlbiBlcyBjb21vIHVuIHJlZmxlam8gZGUgTHVpbmEsIHBvciBsbyBxdWUgc3UgZXN0cnVjdHVyYSBlcyBleGFjdGFtZW50ZSBsYSBtaXNtYS4=
0RVwAg,,W0RlcHJvdGFpXQpZb3UgY2FuIHRyYXZlbCB0byBLYWZyYWdhcnRlbiB1c2luZyB0aGVzZSB3YXJwcyBoZXJlLg==,,,,,W0RlcHJvdGFpXQpWb2PDqiBwb2RlIHZpYWphciBwYXJhIEthZnJhZ2FydGVuIHVzYW5kbyBlc3NhcyBkb2JyYXMgYXF1aS4=,,W0RlcHJvdGFpXQpQdWVkZXMgdmlhamFyIGEgS2FmcmFnYXJ0ZW4gdXNhbmRvIGVzdG9zIHRlbGV0cmFuc3BvcnRhZG9yZXMu
0hVwAg,,VyBvZiBLYWZyYWdhcnRlbg==,,,,,VyBkZSBLYWZyYWdhcnRlbg==,,VyBvZiBLYWZyYWdhcnRlbg==
0xVwAg,,W1ddCllvdSBjYW4gdHJhdmVsIHRvIEx1aW5hIHVzaW5nIHRoaXMgd2FycCBoZXJlLgpNYWtlIGdvb2QgdXNlIG9mIGl0Li4u,,,,,W1ddClZvY8OqIHBvZGUgdmlhamFyIHBhcmEgTHVpbmEgdXNhbmRvIGVzdGEgZG9icmEgYXF1aS4KRmHDp2EgYm9tIHVzbyBkZWxhLi4u,,W1ddClB1ZWRlcyB2aWFqYXIgYSBMdWluYSB1c2FuZG8gZXN0ZSB0ZWxldHJhbnNwb3J0YWRvci4KRGFsZSB1biBidWVuIHVzb+KApg==
1BVwAg,,W1ddCldobyB0b29rIHRoZSBjYXN0bGUgdGhhdCB3YXMgbmFtZWQgYWZ0ZXIgbWUsIFc/CkhlaGUuLi4gZG9lc24ndCBpdCBtZWFuIHRoYXQgSSdtIHN1cGVyaW9yIHRvIFRhaWxpbmc/,,,,,W1ddClF1ZW0gdG9tb3UgbyBjYXN0ZWxvIHF1ZSByZWNlYmV1IG1ldSBub21lLCBXPwpIZWhlLi4uIGlzc28gbsOjbyBzaWduaWZpY2EgcXVlIHNvdSBzdXBlcmlvciBhbyBUYWlsaW5nPw==,,W1ddCsK/UXVpw6luIHRvbcOzIGVsIGNhc3RpbGxvIHF1ZSBsbGV2YSBtaSBub21icmUsIFc/CkplLCBqZeKApiDCv2FjYXNvIGVzbyBubyBkZW11ZXN0cmEgcXVlIHNveSBtZWpvciBxdWUgVGFpbGluZz8=
1RVwAg,,VGFpbGluZyBvZiBLYWZyYWdhcnRlbg==,,,,,VGFpbGluZyBkZSBLYWZyYWdhcnRlbg==,,VGFpbGluZyBvZiBLYWZyYWdhcnRlbg==
1hVwAg,,W1RhaWxpbmddClRoaXMgaXMgdGhlIHJlZ2lvbiBvZiBLYWZyYWdhcnRlbi4KQmF0dGxlcyBpbiB0aGUgcmVnaW9ucyBvZiBLYWZyYWdhcnRlbiBhbmQgR2xvcmlhLCBvbmx5IHByaW1hcnkgYW5kIHNlY29uZGFyeSBqb2IgY2xhc3NlcyBhcyB3ZWxsIGFzIHVzZXJzIHdpdGhvdXQgZXhwYW5kZWQgbGV2ZWxzIGFyZSBhbGxvd2VkIHRvIHBhcnRpY2lwYXRlLiA=,,,,,W1RhaWxpbmddCkVzdGEgw6kgYSByZWdpw6NvIGRlIEthZnJhZ2FydGVuLgpOYXMgYmF0YWxoYXMgbmFzIHJlZ2nDtWVzIGRlIEthZnJhZ2FydGVuIGUgR2zDs3JpYSwgc29tZW50ZSBjbGFzc2VzIGRlIHRyYWJhbGhvIHByaW3DoXJpYXMgZSBzZWN1bmTDoXJpYXMsIGJlbSBjb21vIHVzdcOhcmlvcyBzZW0gbsOtdmVpcyBleHBhbmRpZG9zLCBwb2RlbSBwYXJ0aWNpcGFyLg==,,W1RhaWxpbmddCkVzdGEgZXMgbGEgcmVnacOzbiBkZSBLYWZyYWdhcnRlbi4KRW4gbGFzIGJhdGFsbGFzIGRlIGxhcyByZWdpb25lcyBkZSBLYWZyYWdhcnRlbiB5IEdsb3JpYSwgc29sbyBzZSBsZXMgcGVybWl0ZSBwYXJ0aWNpcGFyIGEgbGFzIHByaW1lcmFzIHkgc2VndW5kYXMgY2xhc2VzLCBhc8OtIGNvbW8gYSBsYXMgY2xhc2VzIG5vIGFtcGxpYWRhcy4g
1xVwAg,,W1RhaWxpbmddCi4uLi4KSW4gS2FmcmFnYXJ0ZW4gYW5kIEdsb3JpYSByZWdpb25zLCB5b3UgZ2V0IHNlcGFyYXRlIG1pc3Npb25zLgpTbyB5b3Ugc2hvdWxkIHBheSBjbG9zZSBhdHRlbnRpb24u,,,,,W1RhaWxpbmddCi4uLi4KTmFzIHJlZ2nDtWVzIGRlIEthZnJhZ2FydGVuIGUgR2zDs3JpYSwgdm9jw6ogcmVjZWJlIG1pc3PDtWVzIHNlcGFyYWRhcy4KUG9ydGFudG8sIHZvY8OqIGRldmUgcHJlc3RhciBtdWl0YSBhdGVuw6fDo28u,,W1RhaWxpbmddCuKApuKApgpFbiBsYXMgcmVnaW9uZXMgZGUgS2FmcmFnYXJ0ZW4geSBHbG9yaWEsIHRpZW5lcyBtaXNpb25lcyBzZXBhcmFkYXMuCkFzw60gcXVlIGRlYmVzIHByZXN0YXIgbXVjaGEgYXRlbmNpw7NuLg==
2BVwAg,,W1RhaWxpbmddCkFsc28sIHdlIGhhdmUgcHJlcGFyZWQgYSB2YXJpZXR5IG9mIGJhdHRsZWdlYXJzLCB3aGljaCBhcmUgYXZhaWxhYmxlIGFueSB0aW1lIHVwb24geW91ciByZXF1ZXN0LiA=,,,,,W1RhaWxpbmddCkFsw6ltIGRpc3NvLCBwcmVwYXJhbW9zIHVtYSB2YXJpZWRhZGUgZGUgZXF1aXBhbWVudG9zIGRlIGJhdGFsaGEsIHF1ZSBlc3TDo28gZGlzcG9uw612ZWlzIGEgcXVhbHF1ZXIgbW9tZW50bywgbWVkaWFudGUgc3VhIHNvbGljaXRhw6fDo28u,,W1RhaWxpbmddCkFkZW3DoXMsIG9mcmVjZW1vcyBlcXVpcGFtaWVudG8gZGUgY29tYmF0ZSBxdWUgcHVlZGVzIHNvbGljaXRhciBlbiBjdWFscXVpZXIgbW9tZW50by4g
2RVwAg,,W1RhaWxpbmddCkJ1dCBvYnZpb3VzbHksIHRoZXkncmUgb25seSB2YWxpZCBpbiB0aGUgcmVnaW9ucyBvZiBLYWZyYWdhcnRlbiBhbmQgR2xvcmlhLg==,,,,,W1RhaWxpbmddCk1hcywgb2J2aWFtZW50ZSwgZWxlcyBzw6NvIHbDoWxpZG9zIGFwZW5hcyBuYXMgcmVnacO1ZXMgZGUgS2FmcmFnYXJ0ZW4gZSBHbMOzcmlhLg==,,W1RhaWxpbmddClBlcm8sIG9idmlhbWVudGUsIHNvbG8gcHVlZGVzIHVzYXJsbyBlbiBsYXMgcmVnaW9uZXMgZGUgS2FmcmFnYXJ0ZW4geSBHbG9yaWEu
2hVwAg,,W1RhaWxpbmddCi4uLi4uCkFoLi4uaWYgeW91IHRoaW5rIEknbSBtYWQgYmVjYXVzZSBteSBuYW1lIGlzIG1pc3NpbmcgZnJvbSBLYWZyYWdhcnRlbi4uLmFuZCBpZiBteSB3YXkgb2Ygc3BlYWtpbmcgaXMgYSBsaXR0bGUgc3RpZmYgYmVjYXVzZSBvZiB0aGF0Li4u,,,,,W1RhaWxpbmddCi4uLi4uCkFoLi4uIHNlIHZvY8OqIGFjaGEgcXVlIGVzdG91IGJyYXZvIHBvcnF1ZSBtZXUgbm9tZSBlc3TDoSBmYWx0YW5kbyBlbSBLYWZyYWdhcnRlbi4uLiBlIHNlIG1pbmhhIG1hbmVpcmEgZGUgZmFsYXIgw6kgdW0gcG91Y28gcsOtZ2lkYSBwb3IgY2F1c2EgZGlzc28uLi4=,,W1RhaWxpbmddCuKApuKApgpBaOKApiBzaSBjcmVlcyBxdWUgbWUgbW9sZXN0YSBxdWUgbm8gYXBhcmV6Y2EgbWkgbm9tYnJlIGVuIEthZnJhZ2FydGVu4oCmIHkgc2kgbWkgdG9ubyBlcyB1biBwb2NvIHRlbnNvIHBvciBlc2/igKY=
2xVwAg,,W1RhaWxpbmddCk9oIG15LgpJcyB0aGF0IHJlYWxseS4uLnRydWU/Ck5vIHdheS4gVyBpcyBub3QgYmV0dGVyIHRoYW4gbWUuLi4=,,,,,W1RhaWxpbmddCk9oLCBtZXUgRGV1cy4KSXNzbyDDqSByZWFsbWVudGUuLi4gdmVyZGFkZT8KTsOjbyBwb2RlIHNlci4gVyBuw6NvIMOpIG1lbGhvciBkbyBxdWUgZXUuLi4=,,W1RhaWxpbmddCsKhwr9Dw7Ntbz8hCsK/RXNvIGVz4oCmIGNpZXJ0bz8KSW1wb3NpYmxlLiBXIG5vIGVzIG1lam9yIHF1ZSB5b+KApg==
3BVwAg,,VHJhaW5pbmcgUG90aW9uIE1lcmNoYW50,,,,,Q29tZXJjaWFudGUgZGUgUG/Dp8O1ZXMgZGUgVHJlaW5hbWVudG8=,,VHJhaW5pbmcgUG90aW9uIE1lcmNoYW50
3RVwAg,,VEUgUG90aW9uIE1lcmNoYW50,,,,,Q29tZXJjaWFudGUgZGUgUG/Dp8O1ZXMgVEU=,,VEUgUG90aW9uIE1lcmNoYW50
3hVwAg,,UmVudGFsIEl0ZW1zIE1hbmFnZXI=,,,,,R2VyZW50ZSBkZSBJdGVucyBkZSBBbHVndWVs,,UmVudGFsIEl0ZW1zIE1hbmFnZXI=
3xVwAg,,W1NoaWVsZF0gW0FybW9yXSBbR2FybWVudF0=,,,,,W0VzY3Vkb10gW0FybWFkdXJhXSBbVmVzdGltZW50YV0=,,W0VzY3Vkb10gW0FybWFkdXJhXSBbUHJlbmRhXQ==
4BVwAg,,W0hlbG1ldF0gW0FjY2Vzc29yeV0gW1Nob2VzXQ==,,,,,W0NhcGFjZXRlXSBbQWNlc3PDs3Jpb10gW0NhbMOnYWRvc10=,,W0Nhc2NvXSBbQWNjZXNvcmlvXSBbQ2FsemFkb10=
4RVwAg,,W1N3b3JkXSBbU3BlYXJdIFtBeGVdIFtLYXRhcl0=,,,,,W0VzcGFkYV0gW0xhbsOnYV0gW01hY2hhZG9dIFtLYXRhcl0=,,W0VzcGFkYV0gW0xhbnphXSBbSGFjaGFdIFtLYXRhcl0=
4hVwAg,,W01hY2VdIFtTdGFmZl0gW0Zpc3RdIFtCb29rXQ==,,,,,W01hw6dhXSBbQ2FqYWRvXSBbUHVuaG9dIFtMaXZyb10=,,W01hemFdIFtDZXRyb10gW1B1w7FvXSBbTGlicm9d
4xVwAg,,W0Jvd10gW0d1bl0gW011c2ljYWwgSW5zdHJ1bWVudF0gW1doaXBd,,,,,W0FyY29dIFtBcm1hXSBbSW5zdHJ1bWVudG8gbXVzaWNhbF0gW0NoaWNvdGVd,,W0FyY29dIFtBcm1hXSBbSW5zdHJ1bWVudG8gbXVzaWNhbF0gW0zDoXRpZ29d
5BVwAg,,W1JlbnRhbCBJdGVtcyBNYW5hZ2VyXQpeNEQ0REZGIFdlIG9mZmVyIHZhcmlvdXMgYmF0dGxlZ2VhcnMgdGhhdCB5b3UgY2FuIHVzZSBpbiB0aGUgcmVnaW9ucyBvZiBHbG9yaWEgYW5kIEthZnJhZ2FydGVuIGJhc2VkIG9uIHRoZSBydWxlcyBvZiBXb0UgVHJhaW5pbmcgRWRpdGlvbi5eMDAwMDAw,,,,,W0dlcmVudGUgZGUgSXRlbnMgZGUgQWx1Z3VlbF0KXjRENERGRiBPZmVyZWNlbW9zIHbDoXJpb3MgZXF1aXBhbWVudG9zIGRlIGJhdGFsaGEgcXVlIHZvY8OqIHBvZGUgdXNhciBuYXMgcmVnacO1ZXMgZGUgR2zDs3JpYSBlIEthZnJhZ2FydGVuIGNvbSBiYXNlIG5hcyByZWdyYXMgZGUgV29FIFRyYWluaW5nIEVkaXRpb24uXjAwMDAwMA==,,W0FkbWluaXN0cmFkb3IgZGUgb2JqZXRvcyBlbiBhbHF1aWxlcl0KXjRENERGRk9mcmVjZW1vcyBlcXVpcGFtaWVudG8gZGUgY29tYmF0ZSBxdWUgcHVlZGVzIHVzYXIgZW4gbGFzIHJlZ2lvbmVzIGRlIEdsb3JpYSB5IEthZnJhZ2FydGVuLCBzZWfDum4gbGFzIHJlZ2xhcyBkZSBsYSBUZXJjZXJhIEVkaWNpw7NuIGRlIGxhIEd1ZXJyYSBkZWwgRW1wZXJpdW0uXjAwMDAwMA==
5RVwAg,,W1JlbnRhbCBJdGVtcyBNYW5hZ2VyXQpeNEQ0REZGIFdlIHByb3ZpZGUgMS1kYXkgcmVudGFsIHBlcmlvZHMgZm9yIGZyZWUuXjAwMDAwMApIb3dldmVyLCB0aGUgcHJvdmlkZWQgcmVudGFsIGl0ZW1zIF40RDRERkYgd2lsbCBub3QgYmUgZWZmZWN0aXZlIG91dHNpZGUgdGhlIFdvRSBURSBhcmVhLl4wMDAwMDA=,,,,,W0dlcmVudGUgZGUgSXRlbnMgZGUgQWx1Z3VlbF0KXjRENERGRiBGb3JuZWNlbW9zIHBlcsOtb2RvcyBkZSBhbHVndWVsIGRlIDEgZGlhIGdyYXR1aXRhbWVudGUuXjAwMDAwMApObyBlbnRhbnRvLCBvcyBpdGVucyBkZSBhbHVndWVsIGZvcm5lY2lkb3MgXjRENERGRiBuw6NvIHNlcsOjbyB2w6FsaWRvcyBmb3JhIGRhIMOhcmVhIFdvRSBURS5eMDAwMDAw,,W0FkbWluaXN0cmFkb3IgZGUgb2JqZXRvcyBlbiBhbHF1aWxlcl0KXjRENERGRlByb3BvcmNpb25hbW9zIGFscXVpbGVyZXMgZGUgMSBkw61hIHNpbiBjb3N0byBhbGd1bm8uXjAwMDAwMApTaW4gZW1iYXJnbywgbG9zIG9iamV0b3MgZW4gYWxxdWlsZXIgcHJvcG9yY2lvbmFkb3MgXjRENERGRm5vIHNlcsOhbiBlZmVjdGl2b3MgZnVlcmEgZGVsIMOhcmVhIGRlIGxhIFRFIGRlIGxhIEd1ZXJyYSBkZWwgRW1wZXJpdW0uXjAwMDAwMA==
5hVwAg,,W1JlbnRhbCBJdGVtcyBNYW5hZ2VyXQpeNEQ0REZGWW91IGhhdmUgdG8gYmUgTGV2ZWwgNDAgb3IgaGlnaGVyIGluIG9yZGVyIHRvIHJlbnQgYW4gaXRlbS5eMDAwMDAwClNlbGVjdCB0aGUgZGVzaXJlZCBlcXVpcG1lbnQu,,,,,W0dlcmVudGUgZGUgSXRlbnMgZGUgQWx1Z3VlbF0KXjRENERGRlZvY8OqIHByZWNpc2EgZXN0YXIgbm8gbsOtdmVsIDQwIG91IHN1cGVyaW9yIHBhcmEgYWx1Z2FyIHVtIGl0ZW0uXjAwMDAwMApTZWxlY2lvbmUgbyBlcXVpcGFtZW50byBkZXNlamFkby4=,,W0FkbWluaXN0cmFkb3IgZGUgb2JqZXRvcyBlbiBhbHF1aWxlcl0KXjRENERGRlRpZW5lcyBxdWUgc2VyIGRlIG5pdmVsIDQwIG8gc3VwZXJpb3IgcGFyYSBwb2RlciBhbHF1aWxhciB1biBvYmpldG8uXjAwMDAwMApTZWxlY2Npb25hIGVsIGVxdWlwYW1pZW50byBxdWUgcXVpZXJhcy4=
5xVwAg,,VmlldyByZW50YWwgZXF1aXBtZW50cw==,,,,,VmVqYSBvcyBlcXVpcGFtZW50b3MgZGUgYWx1Z3VlbA==,,VmVyIGVxdWlwYW1pZW50byBlbiBhbHF1aWxlci4=
6BVwAg,,TGVhdmU=,,,,,U2Fpcg==,,U2FsaXIu
6RVwAg,,W1JlbnRhbCBJdGVtcyBNYW5hZ2VyXQpIZXJlIGlzIGEgbGlzdCBvZiByZW50YWwgaXRlbXMgYW5kIGRlc2NyaXB0aW9ucy4=,,,,,W0dlcmVudGUgZGUgSXRlbnMgZGUgQWx1Z3VlbF0KQXF1aSBlc3TDoSB1bWEgbGlzdGEgZGUgaXRlbnMgZGUgYWx1Z3VlbCBlIHN1YXMgZGVzY3Jpw6fDtWVzLg==,,W0FkbWluaXN0cmFkb3IgZGUgb2JqZXRvcyBlbiBhbHF1aWxlcl0KQXF1w60gdGllbmVzIHVuYSBsaXN0YSBkZSBsb3Mgb2JqZXRvcyBlbiBhbHF1aWxlciB5IHN1cyBkZXNjcmlwY2lvbmVzLg==
6hVwAg,,W1JlbnRhbCBJdGVtcyBNYW5hZ2VyXQpZb3UgYWxyZWFkeSBoYXZlIGEgdG9vIG1hbnkgaXRlbXMgdG8gcmVjZWl2ZSBhIG5ldyByZW50YWwgZXF1aXBtZW50LgpQbGVhc2Ugb3JnYW5pemUgeW91ciBpdGVtcyBhbmQgdHJ5IGFnYWluLg==,,,,,W0dlcmVudGUgZGUgSXRlbnMgZGUgQWx1Z3VlbF0KVm9jw6ogasOhIHRlbSB1bSBuw7ptZXJvIGV4Y2Vzc2l2byBkZSBpdGVucyBwYXJhIHJlY2ViZXIgdW0gbm92byBlcXVpcGFtZW50byBkZSBhbHVndWVsLgpPcmdhbml6ZSBzZXVzIGl0ZW5zIGUgdGVudGUgbm92YW1lbnRlLg==,,W0FkbWluaXN0cmFkb3IgZGUgb2JqZXRvcyBlbiBhbHF1aWxlcl0KTGxldmFzIGRlbWFzaWFkb3Mgb2JqZXRvcyBjb21vIHBhcmEgcmVjaWJpciBlcXVpcGFtaWVudG8gZW4gYWxxdWlsZXIuCk9yZ2FuaXphIHR1cyBvYmpldG9zIGUgaW50w6ludGFsbyBkZSBudWV2by4=
6xVwAg,,W1JlbnRhbCBJdGVtcyBNYW5hZ2VyXQpXZSBoYXZlIHNoaWVsZHMsIGFybW9ycywgYW5kIGdhcm1lbnRzIHJlYWR5IGZvciB5b3UuClNlbGVjdCB0aGUgZGVzaXJlZCBpdGVtLg==,,,,,W0dlcmVudGUgZGUgSXRlbnMgZGUgQWx1Z3VlbF0KVGVtb3MgZXNjdWRvcywgYXJtYWR1cmFzIGUgdmVzdGltZW50YXMgcHJvbnRvcyBwYXJhIHZvY8OqLgpTZWxlY2lvbmUgbyBpdGVtIGRlc2VqYWRvLg==,,W0FkbWluaXN0cmFkb3IgZGUgb2JqZXRvcyBlbiBhbHF1aWxlcl0KVGVuZW1vcyBlc2N1ZG9zLCBhcm1hZHVyYXMgeSBwcmVuZGFzIHBhcmEgdGkuClNlbGVjY2lvbmEgZWwgb2JqZXRvIHF1ZSBxdWllcmFzLg==
7BVwAg,,XjRENERGRldvRSBURSBCdWNrbGVyIC0gQ2hlY2tlZCBvdXReMDAwMDAw,,,,,XjRENERGRkJyb3F1ZWwgZG8gV29FIFRFIC0gVmVyaWZpY2Fkb14wMDAwMDA=,,XjRENERGRkJyb3F1ZWwgZGUgbGEgVEUgZGUgbGEgR3VlcnJhIGRlbCBFbXBlcml1bSAtIENvbXByb2JhZG9eMDAwMDAw
7RVwAg,,V29FIFRFIEJ1Y2tsZXI=,,,,,QnJvcXVlbCBkbyBXb0UgVEU=,,QnJvcXVlbCBkZSBsYSBURSBkZSBsYSBHdWVycmEgZGVsIEVtcGVyaXVt
7hVwAg,,XjRENERGRldvRSBURSBTaGllbGQgLSBDaGVja2VkIG91dF4wMDAwMDA=,,,,,XjRENERGRkVzY3VkbyBkZSBXb0UgVEUgLSB2ZXJpZmljYWRvXjAwMDAwMA==,,XjRENERGRkVzY3VkbyBkZSBsYSBURSBkZSBsYSBHdWVycmEgZGVsIEVtcGVyaXVtIC0gQ29tcHJvYmFkb14wMDAwMDA=
7xVwAg,,V29FIFRFIFNoaWVsZA==,,,,,RXNjdWRvIGRvIFdvRSBURQ==,,RXNjdWRvIGRlIGxhIFRFIGRlIGxhIEd1ZXJyYSBkZWwgRW1wZXJpdW0=
8BVwAg,,XjRENERGRldvRSBURSBNYWdpYyBHdWFyZCAtIENoZWNrZWQgb3V0XjAwMDAwMA==,,,,,XjRENERGRiBHdWFyZGEgTcOhZ2ljbyBkbyBXb0UgVEUgLSBWZXJpZmljYWRvXjAwMDAwMA==,,XjRENERGRkd1YXJkaWEgbcOhZ2ljbyBkZSBsYSBURSBkZSBsYSBHdWVycmEgZGVsIEVtcGVyaXVtIC0gQ29tcHJvYmFkb14wMDAwMDA=
8RVwAg,,V29FIFRFIE1hZ2ljIEd1YXJk,,,,,R3VhcmRhIE3DoWdpY28gZG8gV29FIFRF,,R3VhcmRpYSBtw6FnaWNvIGRlIGxhIFRFIGRlIGxhIEd1ZXJyYSBkZWwgRW1wZXJpdW0=
8hVwAg,,XjRENERGRldvRSBURSBMb25nIENvYXQgLSBDaGVja2VkIG91dF4wMDAwMDA=,,,,,XjRENERGRkNhc2FjbyBMb25nbyBkbyBXb0UgVEUgLSBSZWdpc3RyYWRvXjAwMDAwMA==,,XjRENERGRkFicmlnbyBkZSBsYSBURSBkZSBsYSBHdWVycmEgZGVsIEVtcGVyaXVtIC0gQ29tcHJvYmFkb14wMDAwMDA=
8xVwAg,,V29FIFRFIExvbmcgQ29hdA==,,,,,Q2FzYWNvIGxvbmdvIGRvIFdvRSBURQ==,,QWJyaWdvIGRlIGxhIFRFIGRlIGxhIEd1ZXJyYSBkZWwgRW1wZXJpdW0=
9BVwAg,,XjRENERGRldvRSBURSBNYWlsIC0gQ2hlY2tlZCBvdXReMDAwMDAw,,,,,XjRENERGRkNvcnJlaW8gZWxldHLDtG5pY28gZG8gV29FIFRFIC0gdmVyaWZpY2Fkb14wMDAwMDA=,,XjRENERGRkFybWFkdXJhIGRlIGxhIFRFIGRlIGxhIEd1ZXJyYSBkZWwgRW1wZXJpdW0gLSBDb21wcm9iYWRvXjAwMDAwMA==
9RVwAg,,V29FIFRFIE1haWw=,,,,,Q29ycmVpbyBlbGV0csO0bmljbyBkbyBXb0UgVEU=,,QXJtYWR1cmEgZGUgbGEgVEUgZGUgbGEgR3VlcnJhIGRlbCBFbXBlcml1bQ==
9hVwAg,,XjRENERGRldvRSBURSBNYWdpYyBDb2F0IC0gQ2hlY2tlZCBvdXReMDAwMDAw,,,,,XjRENERGRkNhc2FjbyBNw6FnaWNvIGRvIFdvRSBURSAtIFZlcmlmaWNhZG9eMDAwMDAw,,XjRENERGRkFicmlnbyBtw6FnaWNvIGRlIGxhIFRFIGRlIGxhIEd1ZXJyYSBkZWwgRW1wZXJpdW0gLSBDb21wcm9iYWRvXjAwMDAwMA==
9xVwAg,,V29FIFRFIE1hZ2ljIENvYXQ=,,,,,Q2FzYWNvIE3DoWdpY28gZG8gV29FIFRF,,QWJyaWdvIG3DoWdpY28gZGUgbGEgVEUgZGUgbGEgR3VlcnJhIGRlbCBFbXBlcml1bQ==
+BVwAg,,XjRENERGRldvRSBURSBNdWZmbGVyIC0gQ2hlY2tlZCBvdXReMDAwMDAw,,,,,XjRENERGRlNpbGVuY2lhZG9yIGRvIFdvRSBURSAtIFZlcmlmaWNhZG9eMDAwMDAw,,XjRENERGRkJ1ZmFuZGEgZGUgbGEgVEUgZGUgbGEgR3VlcnJhIGRlbCBFbXBlcml1bSAtIENvbXByb2JhZG9eMDAwMDAw
+RVwAg,,V29FIFRFIE11ZmZsZXI=,,,,,U2lsZW5jaWFkb3IgZG8gV29FIFRF,,QnVmYW5kYSBkZSBsYSBURSBkZSBsYSBHdWVycmEgZGVsIEVtcGVyaXVt
+hVwAg,,XjRENERGRldvRSBURSBDYXBlIC0gQ2hlY2tlZCBvdXReMDAwMDAw,,,,,XjRENERGRkNhcGEgZG8gV29FIFRFIC0gVmVyaWZpY2Fkb14wMDAwMDA=,,XjRENERGRkNhcGEgZGUgbGEgVEUgZGUgbGEgR3VlcnJhIGRlbCBFbXBlcml1bSAtIENvbXByb2JhZG9eMDAwMDAw
+xVwAg,,V29FIFRFIENhcGU=,,,,,Q2FwYSBkbyBXb0UgVEU=,,Q2FwYSBkZSBsYSBURSBkZSBsYSBHdWVycmEgZGVsIEVtcGVyaXVt
/BVwAg,,XjRENERGRldvRSBURSBNYWdpYyBDYXBlIC0gQ2hlY2tlZCBvdXReMDAwMDAw,,,,,XjRENERGRkNhcGEgTcOhZ2ljYSBkbyBXb0UgVEUgLSBWZXJpZmljYWRvXjAwMDAwMA==,,XjRENERGRkNhcGEgbcOhZ2ljYSBkZSBsYSBURSBkZSBsYSBHdWVycmEgZGVsIEVtcGVyaXVtIC0gQ29tcHJvYmFkYV4wMDAwMDA=
/RVwAg,,V29FIFRFIE1hZ2ljIENhcGU=,,,,,Q2FwYSBNw6FnaWNhIGRvIFdvRSBURQ==,,Q2FwYSBtw6FnaWNhIGRlIGxhIFRFIGRlIGxhIEd1ZXJyYSBkZWwgRW1wZXJpdW0=
/hVwAg,,VmlldyBvdGhlciBpdGVtcw==,,,,,VmVyIG91dHJvcyBpdGVucw==,,VmVyIG90cm9zIG9iamV0b3Mu
/xVwAg,,W1JlbnRhbCBJdGVtcyBNYW5hZ2VyXQpZb3UgYWxyZWFkeSBoYXZlIGEgYSBXb0UgVEUgQnVja2xlci4KRG8geW91IG5lZWQgYW55dGhpbmcgZWxzZT8=,,,,,W0dlcmVudGUgZGUgSXRlbnMgZGUgQWx1Z3VlbF0KVm9jw6ogasOhIHRlbSB1bSBCcm9xdWVsIGRvIFdvRSBURS4KUHJlY2lzYSBkZSBtYWlzIGFsZ3VtYSBjb2lzYT8=,,W0FkbWluaXN0cmFkb3IgZGUgb2JqZXRvcyBlbiBhbHF1aWxlcl0KWWEgdGllbmVzIHVuIEJyb3F1ZWwgZGUgbGEgVEUgZGUgbGEgR3VlcnJhIGRlbCBFbXBlcml1bS4Kwr9OZWNlc2l0YXMgYWxndW5hIG90cmEgY29zYT8=
ABZwAg,,W1JlbnRhbCBJdGVtcyBNYW5hZ2VyXQpIZXJlIGlzIGEgV29FIFRFIEJ1Y2tsZXIuCl40RDRERkZUaGlzIGl0ZW0gaXMgZWZmZWN0aXZlIGZvciB0aGUgbmV4dCAyNCBob3Vyc14wMDAwMDAgYWZ0ZXIgdGhhdCB0aW1lIGV4cGlyZXMsIGl0IHdpbGwgZGlzYXBwZWFyLgpEbyB5b3UgbmVlZCBhbnl0aGluZyBlbHNlPw==,,,,,W0dlcmVudGUgZGUgSXRlbnMgZGUgQWx1Z3VlbF0KQXF1aSBlc3TDoSB1bSBCcm9xdWVsIGRvIFdvRSBURS4KXjRENERGRkVzdGUgaXRlbSDDqSB2w6FsaWRvIHBlbGFzIHByw7N4aW1hcyAyNCBob3Jhc14wMDAwMDAgYXDDs3MgbyB0w6lybWlubyBkZXNzZSBwZXLDrW9kbywgZWxlIGRlc2FwYXJlY2Vyw6EuClZvY8OqIHByZWNpc2EgZGUgbWFpcyBhbGd1bWEgY29pc2E/,,W0FkbWluaXN0cmFkb3IgZGUgb2JqZXRvcyBlbiBhbHF1aWxlcl0KQXF1w60gdGllbmVzIGVsIEJyb3F1ZWwgZGUgbGEgVEUgZGUgbGEgR3VlcnJhIGRlbCBFbXBlcml1bS4KXjRENERGRkVzdGUgb2JqZXRvIGR1cmEgMjQgaG9yYXNeMDAwMDAwLCB1bmEgdmV6IHRyYW5zY3VycmlkbyBlc2UgdGllbXBvLCBkZXNhcGFyZWNlcsOhLgrCv05lY2VzaXRhcyBhbGd1bmEgb3RyYSBjb3NhPw==
ARZwAg,,W1JlbnRhbCBJdGVtcyBNYW5hZ2VyXQpZb3UgYWxyZWFkeSBoYXZlIGEgV29FIFRFIFNoaWVsZC4KRG8geW91IG5lZWQgYW55dGhpbmcgZWxzZT8=,,,,,W0dlcmVudGUgZGUgSXRlbnMgZGUgQWx1Z3VlbF0KVm9jw6ogasOhIHRlbSB1bSBFc2N1ZG8gZG8gV29FIFRFLgpQcmVjaXNhIGRlIG1haXMgYWxndW1hIGNvaXNhPw==,,W0FkbWluaXN0cmFkb3IgZGUgb2JqZXRvcyBlbiBhbHF1aWxlcl0KWWEgdGllbmVzIHVuIEVzY3VkbyBkZSBsYSBURSBkZSBsYSBHdWVycmEgZGVsIEVtcGVyaXVtLgrCv05lY2VzaXRhcyBhbGd1bmEgb3RyYSBjb3NhPw==
AhZwAg,,W1JlbnRhbCBJdGVtcyBNYW5hZ2VyXQpIZXJlIGlzIFdvRSBURSBTaGllbGQuCl40RDRERkZUaGlzIGl0ZW0gaXMgZWZmZWN0aXZlIGZvciB0aGUgbmV4dCAyNCBob3Vyc14wMDAwMDAgYWZ0ZXIgdGhhdCB0aW1lIGV4cGlyZXMsIGl0IHdpbGwgZGlzYXBwZWFyLgpEbyB5b3UgbmVlZCBhbnl0aGluZyBlbHNlPw==,,,,,W0dlcmVudGUgZGUgSXRlbnMgZGUgQWx1Z3VlbF0KQXF1aSBlc3TDoSBvIEVzY3VkbyBkbyBXb0UgVEUuCntFc3RlIGl0ZW0gw6kgdsOhbGlkbyBwZWxhcyBwcsOzeGltYXMgMjQgaG9yYXNeMDAwMDAwIGFww7NzIG8gdMOpcm1pbm8gZGVzc2UgcGVyw61vZG8sIGVsZSBkZXNhcGFyZWNlcsOhLgpWb2PDqiBwcmVjaXNhIGRlIG1haXMgYWxndW1hIGNvaXNhPw==,,W0FkbWluaXN0cmFkb3IgZGUgb2JqZXRvcyBlbiBhbHF1aWxlcl0KQXF1w60gdGllbmVzIGVsIEVzY3VkbyBkZSBsYSBURSBkZSBsYSBHdWVycmEgZGVsIEVtcGVyaXVtLgpeNEQ0REZGRXN0ZSBvYmpldG8gZHVyYSAyNCBob3Jhc14wMDAwMDAsIHVuYSB2ZXogdHJhbnNjdXJyaWRvIGVzZSB0aWVtcG8sIGRlc2FwYXJlY2Vyw6EuCsK/TmVjZXNpdGFzIGFsZ3VuYSBvdHJhIGNvc2E/
AxZwAg,,W1JlbnRhbCBJdGVtcyBNYW5hZ2VyXQpZb3UgYWxyZWFkeSBoYXZlIGEgV29FIFRFIE1hZ2ljIEd1YXJkLgpEbyB5b3UgbmVlZCBhbnl0aGluZyBlbHNlPw==,,,,,W0dlcmVudGUgZGUgSXRlbnMgZGUgQWx1Z3VlbF0KVm9jw6ogasOhIHRlbSB1bSBHdWFyZGEgTcOhZ2ljbyBkbyBXb0UgVEUuClByZWNpc2EgZGUgbWFpcyBhbGd1bWEgY29pc2E/,,W0FkbWluaXN0cmFkb3IgZGUgb2JqZXRvcyBlbiBhbHF1aWxlcl0KWWEgdGllbmVzIHVuIEd1YXJkaWEgbcOhZ2ljbyBkZSBsYSBURSBkZSBsYSBHdWVycmEgZGVsIEVtcGVyaXVtLgrCv05lY2VzaXRhcyBhbGd1bmEgb3RyYSBjb3NhPw==
BBZwAg,,W1JlbnRhbCBJdGVtcyBNYW5hZ2VyXQpIZXJlIGlzIFdvRSBURSBNYWdpYyBHdWFyZC4KXjRENERGRlRoaXMgaXRlbSBpcyBlZmZlY3RpdmUgZm9yIHRoZSBuZXh0IDI0IGhvdXJzXjAwMDAwMCBhZnRlciB0aGF0IHRpbWUgZXhwaXJlcywgaXQgd2lsbCBkaXNhcHBlYXIuCkRvIHlvdSBuZWVkIGFueXRoaW5nIGVsc2U/,,,,,W0dlcmVudGUgZGUgSXRlbnMgZGUgQWx1Z3VlbF0KQXF1aSBlc3TDoSBvIEd1YXJkYSBNw6FnaWNvIGRvIFdvRSBURS4KXjRENERGRkVzdGUgaXRlbSDDqSB2w6FsaWRvIHBlbGFzIHByw7N4aW1hcyAyNCBob3Jhc14wMDAwMDAgYXDDs3MgZXNzZSBwZXLDrW9kbywgZWxlIGRlc2FwYXJlY2Vyw6EuClZvY8OqIHByZWNpc2EgZGUgbWFpcyBhbGd1bWEgY29pc2E/,,W0FkbWluaXN0cmFkb3IgZGUgb2JqZXRvcyBlbiBhbHF1aWxlcl0KQXF1w60gdGllbmVzIGVsIEd1YXJkaWEgbcOhZ2ljbyBkZSBsYSBURSBkZSBsYSBHdWVycmEgZGVsIEVtcGVyaXVtLgpeNEQ0REZGRXN0ZSBvYmpldG8gZHVyYSAyNCBob3Jhc14wMDAwMDAsIHVuYSB2ZXogdHJhbnNjdXJyaWRvIGVzZSB0aWVtcG8sIGRlc2FwYXJlY2Vyw6EuCsK/TmVjZXNpdGFzIGFsZ3VuYSBvdHJhIGNvc2E/
BRZwAg,,W1JlbnRhbCBJdGVtcyBNYW5hZ2VyXQpZb3UgYWxyZWFkeSBoYXZlIGEgV29FIFRFIExvbmcgQ29hdC4KRG8geW91IG5lZWQgYW55dGhpbmcgZWxzZT8=,,,,,W0dlcmVudGUgZGUgSXRlbnMgZGUgQWx1Z3VlbF0KVm9jw6ogasOhIHRlbSB1bSBDYXNhY28gTG9uZ28gZG8gV29FIFRFLgpQcmVjaXNhIGRlIG1haXMgYWxndW1hIGNvaXNhPw==,,W0FkbWluaXN0cmFkb3IgZGUgb2JqZXRvcyBlbiBhbHF1aWxlcl0KWWEgdGllbmVzIHVuIEFicmlnbyBkZSBsYSBURSBkZSBsYSBHdWVycmEgZGVsIEVtcGVyaXVtLgrCv05lY2VzaXRhcyBhbGd1bmEgb3RyYSBjb3NhPw==
BhZwAg,,W1JlbnRhbCBJdGVtcyBNYW5hZ2VyXQpIZXJlIGlzIFdvRSBURSBMb25nIENvYXQuCl40RDRERkZUaGlzIGl0ZW0gaXMgZWZmZWN0aXZlIGZvciB0aGUgbmV4dCAyNCBob3Vyc14wMDAwMDAgYWZ0ZXIgdGhhdCB0aW1lIGV4cGlyZXMsIGl0IHdpbGwgZGlzYXBwZWFyLgpEbyB5b3UgbmVlZCBhbnl0aGluZyBlbHNlPw==,,,,,W0dlcmVudGUgZGUgSXRlbnMgZGUgQWx1Z3VlbF0KQXF1aSBlc3TDoSBvIENhc2FjbyBMb25nbyBkbyBXb0UgVEUuCl40RDRERkZFc3RlIGl0ZW0gw6kgdsOhbGlkbyBwZWxhcyBwcsOzeGltYXMgMjQgaG9yYXNeMDAwMDAwIGFww7NzIG8gdMOpcm1pbm8gZGVzc2UgcGVyw61vZG8sIGVsZSBkZXNhcGFyZWNlcsOhLgpWb2PDqiBwcmVjaXNhIGRlIG1haXMgYWxndW1hIGNvaXNhPw==,,W0FkbWluaXN0cmFkb3IgZGUgb2JqZXRvcyBlbiBhbHF1aWxlcl0KQXF1w60gdGllbmVzIGVsIEFicmlnbyBkZSBsYSBURSBkZSBsYSBHdWVycmEgZGVsIEVtcGVyaXVtLgpeNEQ0REZGRXN0ZSBvYmpldG8gZHVyYSAyNCBob3Jhc14wMDAwMDAsIHVuYSB2ZXogdHJhbnNjdXJyaWRvIGVzZSB0aWVtcG8sIGRlc2FwYXJlY2Vyw6EuCsK/TmVjZXNpdGFzIGFsZ3VuYSBvdHJhIGNvc2E/
BxZwAg,,W1JlbnRhbCBJdGVtcyBNYW5hZ2VyXQpZb3UgYWxyZWFkeSBoYXZlIGEgV29FIFRFIE1haWwuCkRvIHlvdSBuZWVkIGFueXRoaW5nIGVsc2U/,,,,,W0dlcmVudGUgZGUgSXRlbnMgZGUgQWx1Z3VlbF0KVm9jw6ogasOhIHRlbSB1bSBDb3JyZWlvIGVsZXRyw7RuaWNvIGRvIFdvRSBURS4KUHJlY2lzYSBkZSBtYWlzIGFsZ3VtYSBjb2lzYT8=,,W0FkbWluaXN0cmFkb3IgZGUgb2JqZXRvcyBlbiBhbHF1aWxlcl0KWWEgdGllbmVzIHVuYSBBcm1hZHVyYSBkZSBsYSBURSBkZSBsYSBHdWVycmEgZGVsIEVtcGVyaXVtLgrCv05lY2VzaXRhcyBhbGd1bmEgb3RyYSBjb3NhPw==
CBZwAg,,W1JlbnRhbCBJdGVtcyBNYW5hZ2VyXQpIZXJlIGlzIFdvRSBURSBNYWlsLgpeNEQ0REZGVGhpcyBpdGVtIGlzIGVmZmVjdGl2ZSBmb3IgdGhlIG5leHQgMjQgaG91cnNeMDAwMDAwIGFmdGVyIHRoYXQgdGltZSBleHBpcmVzLCBpdCB3aWxsIGRpc2FwcGVhci4KRG8geW91IG5lZWQgYW55dGhpbmcgZWxzZT8=,,,,,W0dlcmVudGUgZGUgSXRlbnMgZGUgQWx1Z3VlbF0KQXF1aSBlc3TDoSBvIENvcnJlaW8gZWxldHLDtG5pY28gZG8gV29FIFRFLgpeNEQ0REZGRXN0ZSBpdGVtIMOpIHbDoWxpZG8gcGVsYXMgcHLDs3hpbWFzIDI0IGhvcmFzXjAwMDAwMCBhcMOzcyBvIHTDqXJtaW5vIGRlc3NlIHBlcsOtb2RvLCBlbGUgZGVzYXBhcmVjZXLDoS4KVm9jw6ogcHJlY2lzYSBkZSBtYWlzIGFsZ3VtYSBjb2lzYT8=,,W0FkbWluaXN0cmFkb3IgZGUgb2JqZXRvcyBlbiBhbHF1aWxlcl0KQXF1w60gdGllbmVzIGxhIEFybWFkdXJhIGRlIGxhIFRFIGRlIGxhIEd1ZXJyYSBkZWwgRW1wZXJpdW0uCl40RDRERkZFc3RlIG9iamV0byBkdXJhIDI0IGhvcmFzXjAwMDAwMCwgdW5hIHZleiB0cmFuc2N1cnJpZG8gZXNlIHRpZW1wbywgZGVzYXBhcmVjZXLDoS4Kwr9OZWNlc2l0YXMgYWxndW5hIG90cmEgY29zYT8=
CRZwAg,,W1JlbnRhbCBJdGVtcyBNYW5hZ2VyXQpZb3UgYWxyZWFkeSBoYXZlIGEgV29FIFRFIE1hZ2ljIENvYXQuCkRvIHlvdSBuZWVkIGFueXRoaW5nIGVsc2U/,,,,,W0dlcmVudGUgZGUgSXRlbnMgZGUgQWx1Z3VlbF0KVm9jw6ogasOhIHRlbSB1bSBDYXNhY28gTcOhZ2ljbyBkbyBXb0UgVEUuClByZWNpc2EgZGUgbWFpcyBhbGd1bWEgY29pc2E/,,W0FkbWluaXN0cmFkb3IgZGUgb2JqZXRvcyBlbiBhbHF1aWxlcl0KWWEgdGllbmVzIHVuIEFicmlnbyBtw6FnaWNvIGRlIGxhIFRFIGRlIGxhIEd1ZXJyYSBkZWwgRW1wZXJpdW0uCsK/TmVjZXNpdGFzIGFsZ3VuYSBvdHJhIGNvc2E/
ChZwAg,,W1JlbnRhbCBJdGVtcyBNYW5hZ2VyXQpIZXJlIGlzIFdvRSBURSBNYWdpYyBDb2F0LgpeNEQ0REZGVGhpcyBpdGVtIGlzIGVmZmVjdGl2ZSBmb3IgdGhlIG5leHQgMjQgaG91cnNeMDAwMDAwIGFmdGVyIHRoYXQgdGltZSBleHBpcmVzLCBpdCB3aWxsIGRpc2FwcGVhci4KRG8geW91IG5lZWQgYW55dGhpbmcgZWxzZT8=,,,,,W0dlcmVudGUgZGUgSXRlbnMgZGUgQWx1Z3VlbF0KQXF1aSBlc3TDoSBvIENhc2FjbyBNw6FnaWNvIGRvIFdvRSBURS4KXjRENERGRkVzdGUgaXRlbSDDqSB2w6FsaWRvIHBlbGFzIHByw7N4aW1hcyAyNCBob3Jhc14wMDAwMDAgYXDDs3MgbyB0w6lybWlubyBkZXNzZSBwZXLDrW9kbywgZWxlIGRlc2FwYXJlY2Vyw6EuClZvY8OqIHByZWNpc2EgZGUgbWFpcyBhbGd1bWEgY29pc2E/,,W0FkbWluaXN0cmFkb3IgZGUgb2JqZXRvcyBlbiBhbHF1aWxlcl0KQXF1w60gdGllbmVzIGVsIEFicmlnbyBtw6FnaWNvIGRlIGxhIFRFIGRlIGxhIEd1ZXJyYSBkZWwgRW1wZXJpdW0uCl40RDRERkZFc3RlIG9iamV0byBkdXJhIDI0IGhvcmFzXjAwMDAwMCwgdW5hIHZleiB0cmFuc2N1cnJpZG8gZXNlIHRpZW1wbywgZGVzYXBhcmVjZXLDoS4Kwr9OZWNlc2l0YXMgYWxndW5hIG90cmEgY29zYT8=
CxZwAg,,W1JlbnRhbCBJdGVtcyBNYW5hZ2VyXQpZb3UgYWxyZWFkeSBoYXZlIGEgV29FIFRFIE11ZmZsZXIuCkRvIHlvdSBuZWVkIGFueXRoaW5nIGVsc2U/,,,,,W0dlcmVudGUgZGUgSXRlbnMgZGUgQWx1Z3VlbF0KVm9jw6ogasOhIHRlbSB1bSBTaWxlbmNpYWRvciBkbyBXb0UgVEUuClByZWNpc2EgZGUgbWFpcyBhbGd1bWEgY29pc2E/,,W0FkbWluaXN0cmFkb3IgZGUgb2JqZXRvcyBlbiBhbHF1aWxlcl0KWWEgdGllbmVzIHVuYSBCdWZhbmRhIGRlIGxhIFRFIGRlIGxhIEd1ZXJyYSBkZWwgRW1wZXJpdW0uCsK/TmVjZXNpdGFzIGFsZ3VuYSBvdHJhIGNvc2E/
DBZwAg,,W1JlbnRhbCBJdGVtcyBNYW5hZ2VyXQpIZXJlIGlzIFdvRSBURSBNdWZmbGVyLgpeNEQ0REZGVGhpcyBpdGVtIGlzIGVmZmVjdGl2ZSBmb3IgdGhlIG5leHQgMjQgaG91cnNeMDAwMDAwIGFmdGVyIHRoYXQgdGltZSBleHBpcmVzLCBpdCB3aWxsIGRpc2FwcGVhci4KRG8geW91IG5lZWQgYW55dGhpbmcgZWxzZT8=,,,,,W0dlcmVudGUgZGUgSXRlbnMgZGUgQWx1Z3VlbF0KQXF1aSBlc3TDoSBvIFNpbGVuY2lhZG9yIGRvIFdvRSBURS4KXjRENERGRkVzdGUgaXRlbSDDqSB2w6FsaWRvIHBlbGFzIHByw7N4aW1hcyAyNCBob3Jhc14wMDAwMDAgYXDDs3MgbyB0w6lybWlubyBkZXNzZSBwZXLDrW9kbywgZWxlIGRlc2FwYXJlY2Vyw6EuClZvY8OqIHByZWNpc2EgZGUgbWFpcyBhbGd1bWEgY29pc2E/,,W0FkbWluaXN0cmFkb3IgZGUgb2JqZXRvcyBlbiBhbHF1aWxlcl0KQXF1w60gdGllbmVzIGxhIEJ1ZmFuZGEgZGUgbGEgVEUgZGUgbGEgR3VlcnJhIGRlbCBFbXBlcml1bS4KXjRENERGRkVzdGUgb2JqZXRvIGR1cmEgMjQgaG9yYXNeMDAwMDAwLCB1bmEgdmV6IHRyYW5zY3VycmlkbyBlc2UgdGllbXBvLCBkZXNhcGFyZWNlcsOhLgrCv05lY2VzaXRhcyBhbGd1bmEgb3RyYSBjb3NhPw==
DRZwAg,,W1JlbnRhbCBJdGVtcyBNYW5hZ2VyXQpZb3UgYWxyZWFkeSBoYXZlIGEgV29FIFRFIENhcGUuCkRvIHlvdSBuZWVkIGFueXRoaW5nIGVsc2U/,,,,,W0dlcmVudGUgZGUgSXRlbnMgZGUgQWx1Z3VlbF0KVm9jw6ogasOhIHRlbSB1bWEgQ2FwYSBkbyBXb0UgVEUuClByZWNpc2EgZGUgbWFpcyBhbGd1bWEgY29pc2E/,,W0FkbWluaXN0cmFkb3IgZGUgb2JqZXRvcyBlbiBhbHF1aWxlcl0KWWEgdGllbmVzIHVuYSBDYXBhIGRlIGxhIFRFIGRlIGxhIEd1ZXJyYSBkZWwgRW1wZXJpdW0uCsK/TmVjZXNpdGFzIGFsZ3VuYSBvdHJhIGNvc2E/
DhZwAg,,W1JlbnRhbCBJdGVtcyBNYW5hZ2VyXQpIZXJlIGlzIFdvRSBURSBDYXBlLgpeNEQ0REZGVGhpcyBpdGVtIGlzIGVmZmVjdGl2ZSBmb3IgdGhlIG5leHQgMjQgaG91cnNeMDAwMDAwIGFmdGVyIHRoYXQgdGltZSBleHBpcmVzLCBpdCB3aWxsIGRpc2FwcGVhci4KRG8geW91IG5lZWQgYW55dGhpbmcgZWxzZT8=,,,,,W0dlcmVudGUgZGUgSXRlbnMgZGUgQWx1Z3VlbF0KQXF1aSBlc3TDoSBhIENhcGEgZG8gV29FIFRFLgpeNEQ0REZGRXN0ZSBpdGVtIMOpIHbDoWxpZG8gcGVsYXMgcHLDs3hpbWFzIDI0IGhvcmFzXjAwMDAwMCBhcMOzcyBvIHTDqXJtaW5vIGRlc3NlIHBlcsOtb2RvLCBlbGUgZGVzYXBhcmVjZXLDoS4KVm9jw6ogcHJlY2lzYSBkZSBtYWlzIGFsZ3VtYSBjb2lzYT8=,,W0FkbWluaXN0cmFkb3IgZGUgb2JqZXRvcyBlbiBhbHF1aWxlcl0KQXF1w60gdGllbmVzIGxhIENhcGEgZGUgbGEgVEUgZGUgbGEgR3VlcnJhIGRlbCBFbXBlcml1bS4KXjRENERGRkVzdGUgb2JqZXRvIGR1cmEgMjQgaG9yYXNeMDAwMDAwLCB1bmEgdmV6IHRyYW5zY3VycmlkbyBlc2UgdGllbXBvLCBkZXNhcGFyZWNlcsOhLgrCv05lY2VzaXRhcyBhbGd1bmEgb3RyYSBjb3NhPw==
DxZwAg,,W1JlbnRhbCBJdGVtcyBNYW5hZ2VyXQpZb3UgYWxyZWFkeSBoYXZlIGEgV29FIFRFIE1hZ2ljIENhcGUuCkRvIHlvdSBuZWVkIGFueXRoaW5nIGVsc2U/,,,,,W0dlcmVudGUgZGUgSXRlbnMgZGUgQWx1Z3VlbF0KVm9jw6ogasOhIHRlbSB1bWEgQ2FwYSBNw6FnaWNhIGRvIFdvRSBURS4KUHJlY2lzYSBkZSBtYWlzIGFsZ3VtYSBjb2lzYT8=,,W0FkbWluaXN0cmFkb3IgZGUgb2JqZXRvcyBlbiBhbHF1aWxlcl0KWWEgdGllbmVzIHVuYSBDYXBhIG3DoWdpY2EgZGUgbGEgVEUgZGUgbGEgR3VlcnJhIGRlbCBFbXBlcml1bS4Kwr9OZWNlc2l0YXMgYWxndW5hIG90cmEgY29zYT8=
EBZwAg,,W1JlbnRhbCBJdGVtcyBNYW5hZ2VyXQpIZXJlIGlzIFdvRSBURSBNYWdpYyBDYXBlLgpeNEQ0REZGVGhpcyBpdGVtIGlzIGVmZmVjdGl2ZSBmb3IgdGhlIG5leHQgMjQgaG91cnNeMDAwMDAwIGFmdGVyIHRoYXQgdGltZSBleHBpcmVzLCBpdCB3aWxsIGRpc2FwcGVhci4KRG8geW91IG5lZWQgYW55dGhpbmcgZWxzZT8=,,,,,W0dlcmVudGUgZGUgSXRlbnMgZGUgQWx1Z3VlbF0KQXF1aSBlc3TDoSBhIENhcGEgTcOhZ2ljYSBkbyBXb0UgVEUuCl40RDRERkZFc3RlIGl0ZW0gw6kgdsOhbGlkbyBwZWxhcyBwcsOzeGltYXMgMjQgaG9yYXNeMDAwMDAwIGFww7NzIG8gdMOpcm1pbm8gZGVzc2UgcGVyw61vZG8sIGVsZSBkZXNhcGFyZWNlcsOhLgpWb2PDqiBwcmVjaXNhIGRlIG1haXMgYWxndW1hIGNvaXNhPw==,,W0FkbWluaXN0cmFkb3IgZGUgb2JqZXRvcyBlbiBhbHF1aWxlcl0KQXF1w60gdGllbmVzIGxhIENhcGEgbcOhZ2ljYSBkZSBsYSBURSBkZSBsYSBHdWVycmEgZGVsIEVtcGVyaXVtLgpeNEQ0REZGRXN0ZSBvYmpldG8gZHVyYSAyNCBob3Jhc14wMDAwMDAsIHVuYSB2ZXogdHJhbnNjdXJyaWRvIGVzZSB0aWVtcG8sIGRlc2FwYXJlY2Vyw6EuCsK/TmVjZXNpdGFzIGFsZ3VuYSBvdHJhIGNvc2E/
ERZwAg,,W1JlbnRhbCBJdGVtcyBNYW5hZ2VyXQpXZSBoYXZlIGhlbG1ldHMsIGFjY2Vzc29yaWVzLCBhbmQgc2hvZXMgcmVhZHkgZm9yIHlvdS4KU2VsZWN0IHRoZSBkZXNpcmVkIGl0ZW0u,,,,,W0dlcmVudGUgZGUgSXRlbnMgZGUgQWx1Z3VlbF0KVGVtb3MgY2FwYWNldGVzLCBhY2Vzc8OzcmlvcyBlIGNhbMOnYWRvcyBwcm9udG9zIHBhcmEgdm9jw6ouClNlbGVjaW9uZSBvIGl0ZW0gZGVzZWphZG8u,,W0FkbWluaXN0cmFkb3IgZGUgb2JqZXRvcyBlbiBhbHF1aWxlcl0KVGVuZW1vcyBjYXNjb3MsIGFjY2Vzb3Jpb3MgeSBjYWx6YWRvIHBhcmEgdGkuClNlbGVjY2lvbmEgZWwgb2JqZXRvIHF1ZSBxdWllcmFzLg==
EhZwAg,,XjRENERGRldvRSBURSBTaG9lcyAtIENoZWNrZWQgb3V0XjAwMDAwMA==,,,,,XjRENERGRlNhcGF0b3MgZG8gV29FIFRFIC0gVmVyaWZpY2Fkb14wMDAwMDA=,,XjRENERGRkNhbHphZG8gZGUgbGEgVEUgZGUgbGEgR3VlcnJhIGRlbCBFbXBlcml1bSAtIENvbXByb2JhZG9eMDAwMDAw
ExZwAg,,V29FIFRFIFNob2Vz,,,,,U2FwYXRvcyBkbyBXb0UgVEU=,,Q2FsemFkbyBkZSBsYSBURSBkZSBsYSBHdWVycmEgZGVsIEVtcGVyaXVt
FBZwAg,,XjRENERGRldvRSBURSBCb290cyAtIENoZWNrZWQgb3V0XjAwMDAwMA==,,,,,XjRENERGRkJvdGFzIGRvIFdvRSBURSAtIFZlcmlmaWNhZG9eMDAwMDAw,,XjRENERGRkJvdGFzIGRlIGxhIFRFIGRlIGxhIEd1ZXJyYSBkZWwgRW1wZXJpdW0gLSBDb21wcm9iYWRvXjAwMDAwMA==
FRZwAg,,V29FIFRFIEJvb3Rz,,,,,Qm90YXMgZG8gV29FIFRF,,Qm90YXMgZGUgbGEgVEUgZGUgbGEgR3VlcnJhIGRlbCBFbXBlcml1bQ==
FhZwAg,,XjRENERGRldvRSBURSBNYWdpYyBTYW5kYWxzIC0gQ2hlY2tlZCBvdXReMDAwMDAw,,,,,XjRENERGRlNhbmTDoWxpYXMgTcOhZ2ljYXMgZG8gV29FIFRFIC0gVmVyaWZpY2Fkb14wMDAwMDA=,,XjRENERGRlNhbmRhbGlhcyBtw6FnaWNhcyBkZSBsYSBURSBkZSBsYSBHdWVycmEgZGVsIEVtcGVyaXVtIC0gQ29tcHJvYmFkb14wMDAwMDA=
FxZwAg,,V29FIFRFIE1hZ2ljIFNhbmRhbHM=,,,,,U2FuZMOhbGlhcyBNw6FnaWNhcyBkbyBXb0UgVEU=,,U2FuZGFsaWFzIG3DoWdpY2FzIGRlIGxhIFRFIGRlIGxhIEd1ZXJyYSBkZWwgRW1wZXJpdW0=
GBZwAg,,XjRENERGRlRFIEd1YXJkaWFuIFJpbmcgLSBDaGVja2VkIG91dF4wMDAwMDA=,,,,,XjRENERGRkFuZWwgZG8gR3VhcmRpw6NvIGRvIFRFIC0gVmVyaWZpY2Fkb14wMDAwMDA=,,XjRENERGRkFuaWxsbyBndWFyZGnDoW4gZGUgbGEgVEUgLSBDb21wcm9iYWRvXjAwMDAwMA==
GRZwAg,,VEUgR3VhcmRpYW4gUmluZw==,,,,,QW5lbCBkbyBHdWFyZGnDo28gZG8gVEU=,,QW5pbGxvIGd1YXJkacOhbiBkZSBsYSBURQ==
GhZwAg,,XjRENERGRlRFIFJpbmcgb2YgV3JhdGggLSBDaGVja2VkIG91dF4wMDAwMDA=,,,,,XjRENERGRkFuZWwgZGEgSXJhIGRvIFRFIC0gVmVyaWZpY2Fkb14wMDAwMDA=,,XjRENERGRkFuaWxsbyBkZSBpcmEgZGUgbGEgVEUgLSBDb21wcm9iYWRvXjAwMDAwMA==
GxZwAg,,VEUgUmluZyBvZiBXcmF0aA==,,,,,QW5lbCBkYSBJcmEgZG8gVEU=,,QW5pbGxvIGRlIGlyYSBkZSBsYSBURQ==
HBZwAg,,XjRENERGRlRFIFJpbmcgb2YgUmViZWxsaW9uIC0gQ2hlY2tlZCBvdXReMDAwMDAw,,,,,XjRENERGRkFuZWwgZGEgUmViZWxpw6NvIGRvIFRFIC0gVmVyaWZpY2Fkb14wMDAwMDA=,,XjRENERGRkFuaWxsbyBkZSByZWJlbGnDs24gZGUgbGEgVEUgLSBDb21wcm9iYWRvXjAwMDAwMA==
HRZwAg,,VEUgUmluZyBvZiBSZWJlbGxpb24=,,,,,QW5lbCBkYSBSZWJlbGnDo28gZG8gVEU=,,QW5pbGxvIGRlIHJlYmVsacOzbiBkZSBsYSBURQ==
HhZwAg,,XjRENERGRldvRSBURSBDYXAgLSBDaGVja2VkIG91dF4wMDAwMDA=,,,,,XjRENERGRkJvbsOpIGRvIFdvRSBURSAtIHZlcmlmaWNhZGFeMDAwMDAw,,XjRENERGRlNvbWJyZXJvIGRlIGxhIFRFIGRlIGxhIEd1ZXJyYSBkZWwgRW1wZXJpdW0gLSBDb21wcm9iYWRvXjAwMDAwMA==
HxZwAg,,V29FIFRFIENhcA==,,,,,Qm9uw6kgZG8gV29FIFRF,,U29tYnJlcm8gZGUgbGEgVEUgZGUgbGEgR3VlcnJhIGRlbCBFbXBlcml1bQ==
IBZwAg,,XjRENERGRldvRSBURSBCb25lIEhlbG0gLSBDaGVja2VkIG91dF4wMDAwMDA=,,,,,XjRENERGRkVsbW8gZGUgT3Nzb3MgZG8gV29FIFRFIC0gVmVyaWZpY2Fkb14wMDAwMDA=,,XjRENERGRlllbG1vIGRlIGh1ZXNvIGRlIGxhIFRFIGRlIGxhIEd1ZXJyYSBkZWwgRW1wZXJpdW0gLSBDb21wcm9iYWRvXjAwMDAwMA==
IRZwAg,,V29FIFRFIEJvbmUgSGVsbQ==,,,,,RWxtbyBkZSBPc3NvcyBkbyBXb0UgVEU=,,WWVsbW8gZGUgaHVlc28gZGUgbGEgVEUgZGUgbGEgR3VlcnJhIGRlbCBFbXBlcml1bQ==
IhZwAg,,XjRENERGRldvRSBURSBNYWdpYyBFeWVzIC0gQ2hlY2tlZCBvdXReMDAwMDAw,,,,,XjRENERGRk9saG9zIG3DoWdpY29zIGRvIFdvRSBURSAtIFZlcmlmaWNhZG9eMDAwMDAw,,XjRENERGRk9qb3MgbcOhZ2ljb3MgZGUgbGEgVEUgZGUgbGEgR3VlcnJhIGRlbCBFbXBlcml1bSAtIENvbXByb2JhZG9eMDAwMDAw
IxZwAg,,V29FIFRFIE1hZ2ljIEV5ZXM=,,,,,T2xob3MgTcOhZ2ljb3MgZG8gV29FIFRF,,T2pvcyBtw6FnaWNvcyBkZSBsYSBURSBkZSBsYSBHdWVycmEgZGVsIEVtcGVyaXVt
JBZwAg,,W1JlbnRhbCBJdGVtcyBNYW5hZ2VyXQpZb3UgYWxyZWFkeSBoYXZlIGEgV29FIFRFIFNob2VzLgpEbyB5b3UgbmVlZCBhbnl0aGluZyBlbHNlPw==,,,,,W0dlcmVudGUgZGUgSXRlbnMgZGUgQWx1Z3VlbF0KVm9jw6ogasOhIHRlbSAgU2FwYXRvcyBkbyBXb0UgVEUuClByZWNpc2EgZGUgbWFpcyBhbGd1bWEgY29pc2E/,,W0FkbWluaXN0cmFkb3IgZGUgb2JqZXRvcyBlbiBhbHF1aWxlcl0KWWEgdGllbmVzIHVuIENhbHphZG8gZGUgbGEgVEUgZGUgbGEgR3VlcnJhIGRlbCBFbXBlcml1bS4Kwr9OZWNlc2l0YXMgYWxndW5hIG90cmEgY29zYT8=
JRZwAg,,W1JlbnRhbCBJdGVtcyBNYW5hZ2VyXQpIZXJlIGFyZSBXb0UgVEUgU2hvZXMuCl40RDRERkZUaGlzIGl0ZW0gaXMgZWZmZWN0aXZlIGZvciB0aGUgbmV4dCAyNCBob3Vyc14wMDAwMDAgYWZ0ZXIgdGhhdCB0aW1lIGV4cGlyZXMsIGl0IHdpbGwgZGlzYXBwZWFyLgpEbyB5b3UgbmVlZCBhbnl0aGluZyBlbHNlPw==,,,,,W0dlcmVudGUgZGUgSXRlbnMgZGUgQWx1Z3VlbF0KQXF1aSBlc3TDo28gb3MgU2FwYXRvcyBkbyBXb0UgVEUuCl40RDRERkZFc3RlIGl0ZW0gw6kgdsOhbGlkbyBwZWxhcyBwcsOzeGltYXMgMjQgaG9yYXNeMDAwMDAwIGFww7NzIG8gdMOpcm1pbm8gZGVzc2UgcGVyw61vZG8sIGVsZSBkZXNhcGFyZWNlcsOhLgpWb2PDqiBwcmVjaXNhIGRlIG1haXMgYWxndW1hIGNvaXNhPw==,,W0FkbWluaXN0cmFkb3IgZGUgb2JqZXRvcyBlbiBhbHF1aWxlcl0KQXF1w60gdGllbmVzIGVsIENhbHphZG8gZGUgbGEgVEUgZGUgbGEgR3VlcnJhIGRlbCBFbXBlcml1bS4KXjRENERGRkVzdGUgb2JqZXRvIGR1cmEgMjQgaG9yYXNeMDAwMDAwLCB1bmEgdmV6IHRyYW5zY3VycmlkbyBlc2UgdGllbXBvLCBkZXNhcGFyZWNlcsOhLgrCv05lY2VzaXRhcyBhbGd1bmEgb3RyYSBjb3NhPw==
JhZwAg,,W1JlbnRhbCBJdGVtcyBNYW5hZ2VyXQpZb3UgYWxyZWFkeSBoYXZlIGEgV29FIFRFIEJvb3RzLgpEbyB5b3UgbmVlZCBhbnl0aGluZyBlbHNlPw==,,,,,W0dlcmVudGUgZGUgSXRlbnMgZGUgQWx1Z3VlbF0KVm9jw6ogasOhIHRlbSBCb3RhcyBkbyBXb0UgVEUuClByZWNpc2EgZGUgbWFpcyBhbGd1bWEgY29pc2E/,,W0FkbWluaXN0cmFkb3IgZGUgb2JqZXRvcyBlbiBhbHF1aWxlcl0KWWEgdGllbmVzIHVuYXMgQm90YXMgZGUgbGEgVEUgZGUgbGEgR3VlcnJhIGRlbCBFbXBlcml1bS4Kwr9OZWNlc2l0YXMgYWxndW5hIG90cmEgY29zYT8=
JxZwAg,,W1JlbnRhbCBJdGVtcyBNYW5hZ2VyXQpIZXJlIGFyZSBXb0UgVEUgQm9vdHMuCl40RDRERkZUaGlzIGl0ZW0gaXMgZWZmZWN0aXZlIGZvciB0aGUgbmV4dCAyNCBob3Vyc14wMDAwMDAgYWZ0ZXIgdGhhdCB0aW1lIGV4cGlyZXMsIGl0IHdpbGwgZGlzYXBwZWFyLgpEbyB5b3UgbmVlZCBhbnl0aGluZyBlbHNlPw==,,,,,W0dlcmVudGUgZGUgSXRlbnMgZGUgQWx1Z3VlbF0KQXF1aSBlc3TDo28gYXMgQm90YXMgZG8gVEUgV29FLgpeNEQ0REZGRXN0ZSBpdGVtIMOpIHbDoWxpZG8gcGVsYXMgcHLDs3hpbWFzIDI0IGhvcmFzXjAwMDAwMCBhcMOzcyBvIHTDqXJtaW5vIGRlc3NlIHBlcsOtb2RvLCBlbGUgZGVzYXBhcmVjZXLDoS4KVm9jw6ogcHJlY2lzYSBkZSBtYWlzIGFsZ3VtYSBjb2lzYT8=,,W0FkbWluaXN0cmFkb3IgZGUgb2JqZXRvcyBlbiBhbHF1aWxlcl0KQXF1w60gZXN0w6FuIGxhcyBCb3RhcyBkZSBsYSBURSBkZSBsYSBHdWVycmEgZGVsIEVtcGVyaXVtLgpeNEQ0REZGRXN0ZSBvYmpldG8gZHVyYSAyNCBob3Jhc14wMDAwMDAsIHVuYSB2ZXogdHJhbnNjdXJyaWRvIGVzZSB0aWVtcG8sIGRlc2FwYXJlY2Vyw6EuCsK/TmVjZXNpdGFzIGFsZ3VuYSBvdHJhIGNvc2E/
KBZwAg,,W1JlbnRhbCBJdGVtcyBNYW5hZ2VyXQpZb3UgYWxyZWFkeSBoYXZlIGEgV29FIFRFIE1hZ2ljIFNhbmRhbHMuCkRvIHlvdSBuZWVkIGFueXRoaW5nIGVsc2U/,,,,,W0dlcmVudGUgZGUgSXRlbnMgZGUgQWx1Z3VlbF0KVm9jw6ogasOhIHRlbSBTYW5kw6FsaWFzIE3DoWdpY2FzIGRvIFdvRSBURS4KUHJlY2lzYSBkZSBtYWlzIGFsZ3VtYSBjb2lzYT8=,,W0FkbWluaXN0cmFkb3IgZGUgb2JqZXRvcyBlbiBhbHF1aWxlcl0KWWEgdGllbmVzIHVuYXMgU2FuZGFsaWFzIG3DoWdpY2FzIGRlIGxhIFRFIGRlIGxhIEd1ZXJyYSBkZWwgRW1wZXJpdW0uCsK/TmVjZXNpdGFzIGFsZ3VuYSBvdHJhIGNvc2E/
KRZwAg,,W1JlbnRhbCBJdGVtcyBNYW5hZ2VyXQpIZXJlIGFyZSBXb0UgVEUgTWFnaWMgU2FuZGFscy4KXjRENERGRlRoaXMgaXRlbSBpcyBlZmZlY3RpdmUgZm9yIHRoZSBuZXh0IDI0IGhvdXJzXjAwMDAwMCBhZnRlciB0aGF0IHRpbWUgZXhwaXJlcywgaXQgd2lsbCBkaXNhcHBlYXIuCkRvIHlvdSBuZWVkIGFueXRoaW5nIGVsc2U/,,,,,W0dlcmVudGUgZGUgSXRlbnMgZGUgQWx1Z3VlbF0KQXF1aSBlc3TDo28gYXMgU2FuZMOhbGlhcyBNw6FnaWNhcyBkbyBXb0UgVEUuCl40RDRERkZFc3RlIGl0ZW0gw6kgdsOhbGlkbyBwZWxhcyBwcsOzeGltYXMgMjQgaG9yYXNeMDAwMDAwIGFww7NzIG8gdMOpcm1pbm8gZGVzc2UgcGVyw61vZG8sIGVsZSBkZXNhcGFyZWNlcsOhLgpWb2PDqiBwcmVjaXNhIGRlIG1haXMgYWxndW1hIGNvaXNhPw==,,W0FkbWluaXN0cmFkb3IgZGUgb2JqZXRvcyBlbiBhbHF1aWxlcl0KQXF1w60gdGllbmVzIGxhcyBTYW5kYWxpYXMgbcOhZ2ljYXMgZGUgbGEgVEUgZGUgbGEgR3VlcnJhIGRlbCBFbXBlcml1bS4KXjRENERGRkVzdGUgb2JqZXRvIGR1cmEgMjQgaG9yYXNeMDAwMDAwLCB1bmEgdmV6IHRyYW5zY3VycmlkbyBlc2UgdGllbXBvLCBkZXNhcGFyZWNlcsOhLgrCv05lY2VzaXRhcyBhbGd1bmEgb3RyYSBjb3NhPw==
KhZwAg,,W1JlbnRhbCBJdGVtcyBNYW5hZ2VyXQpZb3UgYWxyZWFkeSBoYXZlIGEgVEUgR3VhcmRpYW4gUmluZy4KRG8geW91IG5lZWQgYW55dGhpbmcgZWxzZT8=,,,,,W0dlcmVudGUgZGUgSXRlbnMgZGUgQWx1Z3VlbF0KVm9jw6ogasOhIHRlbSB1bSBBbmVsIGRvIEd1YXJkacOjbyBkbyBURS4KUHJlY2lzYSBkZSBtYWlzIGFsZ3VtYSBjb2lzYT8=,,W0FkbWluaXN0cmFkb3IgZGUgb2JqZXRvcyBlbiBhbHF1aWxlcl0KWWEgdGllbmVzIHVuIEFuaWxsbyBndWFyZGnDoW4gZGUgbGEgVEUuCsK/TmVjZXNpdGFzIGFsZ3VuYSBvdHJhIGNvc2E/
KxZwAg,,W1JlbnRhbCBJdGVtcyBNYW5hZ2VyXQpIZXJlIGlzIFRFIEd1YXJkaWFuIFJpbmcuCl40RDRERkZUaGlzIGl0ZW0gaXMgZWZmZWN0aXZlIGZvciB0aGUgbmV4dCAyNCBob3Vyc14wMDAwMDAgYWZ0ZXIgdGhhdCB0aW1lIGV4cGlyZXMsIGl0IHdpbGwgZGlzYXBwZWFyLgpEbyB5b3UgbmVlZCBhbnl0aGluZyBlbHNlPw==,,,,,W0dlcmVudGUgZGUgSXRlbnMgZGUgQWx1Z3VlbF0KQXF1aSBlc3TDoSBvIEFuZWwgZG8gR3VhcmRpw6NvIGRvIFRFLgpeNEQ0REZGRXN0ZSBpdGVtIMOpIHbDoWxpZG8gcGVsYXMgcHLDs3hpbWFzIDI0IGhvcmFzXjAwMDAwMCBhcMOzcyBvIHTDqXJtaW5vIGRlc3NlIHBlcsOtb2RvLCBlbGUgZGVzYXBhcmVjZXLDoS4KVm9jw6ogcHJlY2lzYSBkZSBtYWlzIGFsZ3VtYSBjb2lzYT8=,,W0FkbWluaXN0cmFkb3IgZGUgb2JqZXRvcyBlbiBhbHF1aWxlcl0KQXF1w60gdGllbmVzIGVsIEFuaWxsbyBndWFyZGnDoW4gZGUgbGEgVEUuCl40RDRERkZFc3RlIG9iamV0byBkdXJhIDI0IGhvcmFzXjAwMDAwMCwgdW5hIHZleiB0cmFuc2N1cnJpZG8gZXNlIHRpZW1wbywgZGVzYXBhcmVjZXLDoS4Kwr9OZWNlc2l0YXMgYWxndW5hIG90cmEgY29zYT8=
LBZwAg,,W1JlbnRhbCBJdGVtcyBNYW5hZ2VyXQpZb3UgYWxyZWFkeSBoYXZlIGEgV29FIFRFIFJpbmcgb2YgV3JhdGguCkRvIHlvdSBuZWVkIGFueXRoaW5nIGVsc2U/,,,,,W0dlcmVudGUgZGUgSXRlbnMgZGUgQWx1Z3VlbF0KVm9jw6ogasOhIHRlbSB1bSBBbmVsIGRhIElyYSBkbyBXb0UgVEUuClByZWNpc2EgZGUgbWFpcyBhbGd1bWEgY29pc2E/,,W0FkbWluaXN0cmFkb3IgZGUgb2JqZXRvcyBlbiBhbHF1aWxlcl0KWWEgdGllbmVzIHVuIEFuaWxsbyBkZSBpcmEgZGUgbGEgVEUgZGUgbGEgR3VlcnJhIGRlbCBFbXBlcml1bS4Kwr9OZWNlc2l0YXMgYWxndW5hIG90cmEgY29zYT8=
LRZwAg,,W1JlbnRhbCBJdGVtcyBNYW5hZ2VyXQpIZXJlIGlzIFdvRSBURSBSaW5nIG9mIFdyYXRoLgpeNEQ0REZGVGhpcyBpdGVtIGlzIGVmZmVjdGl2ZSBmb3IgdGhlIG5leHQgMjQgaG91cnNeMDAwMDAwIGFmdGVyIHRoYXQgdGltZSBleHBpcmVzLCBpdCB3aWxsIGRpc2FwcGVhci4KRG8geW91IG5lZWQgYW55dGhpbmcgZWxzZT8=,,,,,W0dlcmVudGUgZGUgSXRlbnMgZGUgQWx1Z3VlbF0KQXF1aSBlc3TDoSBvIEFuZWwgZGEgSXJhIGRvIFdvRSBURS4KXjRENERGRkVzdGUgaXRlbSDDqSB2w6FsaWRvIHBlbGFzIHByw7N4aW1hcyAyNCBob3Jhc14wMDAwMDAgYXDDs3MgbyB0w6lybWlubyBkZXNzZSBwZXLDrW9kbywgZWxlIGRlc2FwYXJlY2Vyw6EuClZvY8OqIHByZWNpc2EgZGUgbWFpcyBhbGd1bWEgY29pc2E/,,W0FkbWluaXN0cmFkb3IgZGUgb2JqZXRvcyBlbiBhbHF1aWxlcl0KQXF1w60gdGllbmVzIGVsIEFuaWxsbyBkZSBpcmEgZGUgbGEgVEUgZGUgbGEgR3VlcnJhIGRlbCBFbXBlcml1bS4KXjRENERGRkVzdGUgb2JqZXRvIGR1cmEgMjQgaG9yYXNeMDAwMDAwLCB1bmEgdmV6IHRyYW5zY3VycmlkbyBlc2UgdGllbXBvLCBkZXNhcGFyZWNlcsOhLgrCv05lY2VzaXRhcyBhbGd1bmEgb3RyYSBjb3NhPw==
LhZwAg,,W1JlbnRhbCBJdGVtcyBNYW5hZ2VyXQpZb3UgYWxyZWFkeSBoYXZlIGEgVEUgUmluZyBvZiBSZWJlbGxpb24uCkRvIHlvdSBuZWVkIGFueXRoaW5nIGVsc2U/,,,,,W0dlcmVudGUgZGUgSXRlbnMgZGUgQWx1Z3VlbF0KVm9jw6ogasOhIHRlbSB1bSBBbmVsIGRhIFJlYmVsacOjbyBkbyBURS4KUHJlY2lzYSBkZSBtYWlzIGFsZ3VtYSBjb2lzYT8=,,W0FkbWluaXN0cmFkb3IgZGUgb2JqZXRvcyBlbiBhbHF1aWxlcl0KWWEgdGllbmVzIHVuIEFuaWxsbyBkZSByZWJlbGnDs24gZGUgbGEgVEUuCsK/TmVjZXNpdGFzIGFsZ3VuYSBvdHJhIGNvc2E/
LxZwAg,,W1JlbnRhbCBJdGVtcyBNYW5hZ2VyXQpIZXJlIGlzIFRFIFJpbmcgb2YgUmViZWxsaW9uLgpeNEQ0REZGVGhpcyBpdGVtIGlzIGVmZmVjdGl2ZSBmb3IgdGhlIG5leHQgMjQgaG91cnNeMDAwMDAwIGFmdGVyIHRoYXQgdGltZSBleHBpcmVzLCBpdCB3aWxsIGRpc2FwcGVhci4KRG8geW91IG5lZWQgYW55dGhpbmcgZWxzZT8=,,,,,W0dlcmVudGUgZGUgSXRlbnMgZGUgQWx1Z3VlbF0KQXF1aSBlc3TDoSBvIEFuZWwgZGEgUmViZWxpw6NvIGRvIFRFLgpeNEQ0REZGRXN0ZSBpdGVtIMOpIHbDoWxpZG8gcGVsYXMgcHLDs3hpbWFzIDI0IGhvcmFzXjAwMDAwMCBhcMOzcyBvIHTDqXJtaW5vIGRlc3NlIHBlcsOtb2RvLCBlbGUgZGVzYXBhcmVjZXLDoS4KVm9jw6ogcHJlY2lzYSBkZSBtYWlzIGFsZ3VtYSBjb2lzYT8=,,W0FkbWluaXN0cmFkb3IgZGUgb2JqZXRvcyBlbiBhbHF1aWxlcl0KQXF1w60gZXN0w6EgZWwgQW5pbGxvIGRlIHJlYmVsacOzbiBkZSBsYSBURS4KXjRENERGRkVzdGUgb2JqZXRvIGR1cmEgMjQgaG9yYXNeMDAwMDAwLCB1bmEgdmV6IHRyYW5zY3VycmlkbyBlc2UgdGllbXBvLCBkZXNhcGFyZWNlcsOhLgrCv05lY2VzaXRhcyBhbGd1bmEgb3RyYSBjb3NhPw==
MBZwAg,,W1JlbnRhbCBJdGVtcyBNYW5hZ2VyXQpZb3UgYWxyZWFkeSBoYXZlIGEgV29FIFRFIENhcC4KRG8geW91IG5lZWQgYW55dGhpbmcgZWxzZT8=,,,,,W0dlcmVudGUgZGUgSXRlbnMgZGUgQWx1Z3VlbF0KVm9jw6ogasOhIHRlbSB1bSBCb27DqSBkbyBXb0UgVEUuClByZWNpc2EgZGUgbWFpcyBhbGd1bWEgY29pc2E/,,W0FkbWluaXN0cmFkb3IgZGUgb2JqZXRvcyBlbiBhbHF1aWxlcl0KWWEgdGllbmVzIHVuIFNvbWJyZXJvIGRlIGxhIFRFIGRlIGxhIEd1ZXJyYSBkZWwgRW1wZXJpdW0uCsK/TmVjZXNpdGFzIGFsZ3VuYSBvdHJhIGNvc2E/
MRZwAg,,W1JlbnRhbCBJdGVtcyBNYW5hZ2VyXQpIZXJlIGlzIFdvRSBURSBDYXAuCl40RDRERkZUaGlzIGl0ZW0gaXMgZWZmZWN0aXZlIGZvciB0aGUgbmV4dCAyNCBob3Vyc14wMDAwMDAgYWZ0ZXIgdGhhdCB0aW1lIGV4cGlyZXMsIGl0IHdpbGwgZGlzYXBwZWFyLgpEbyB5b3UgbmVlZCBhbnl0aGluZyBlbHNlPw==,,,,,W0dlcmVudGUgZGUgSXRlbnMgZGUgQWx1Z3VlbF0KQXF1aSBlc3TDoSBvIEJvbsOpIGRvIFdvRSBURS4KXjRENERGRkVzdGUgaXRlbSDDqSB2w6FsaWRvIHBlbGFzIHByw7N4aW1hcyAyNCBob3Jhc14wMDAwMDAgYXDDs3MgbyB0w6lybWlubyBkZXNzZSBwZXLDrW9kbywgZWxlIGRlc2FwYXJlY2Vyw6EuClZvY8OqIHByZWNpc2EgZGUgbWFpcyBhbGd1bWEgY29pc2E/,,W0FkbWluaXN0cmFkb3IgZGUgb2JqZXRvcyBlbiBhbHF1aWxlcl0KQXF1w60gdGllbmVzIGVsIFNvbWJyZXJvIGRlIGxhIFRFIGRlIGxhIEd1ZXJyYSBkZWwgRW1wZXJpdW0uCl40RDRERkZFc3RlIG9iamV0byBkdXJhIDI0IGhvcmFzXjAwMDAwMCwgdW5hIHZleiB0cmFuc2N1cnJpZG8gZXNlIHRpZW1wbywgZGVzYXBhcmVjZXLDoS4Kwr9OZWNlc2l0YXMgYWxndW5hIG90cmEgY29zYT8=
MhZwAg,,W1JlbnRhbCBJdGVtcyBNYW5hZ2VyXQpZb3UgYWxyZWFkeSBoYXZlIGEgV29FIFRFIEJvbmUgSGVsbS4KRG8geW91IG5lZWQgYW55dGhpbmcgZWxzZT8=,,,,,W0dlcmVudGUgZGUgSXRlbnMgZGUgQWx1Z3VlbF0KVm9jw6ogasOhIHRlbSB1bSBFbG1vIGRlIE9zc29zIGRvIFdvRSBURS4KUHJlY2lzYSBkZSBtYWlzIGFsZ3VtYSBjb2lzYT8=,,W0FkbWluaXN0cmFkb3IgZGUgb2JqZXRvcyBlbiBhbHF1aWxlcl0KWWEgdGllbmVzIHVuIFllbG1vIGRlIGh1ZXNvIGRlIGxhIFRFIGRlIGxhIEd1ZXJyYSBkZWwgRW1wZXJpdW0uCsK/TmVjZXNpdGFzIGFsZ3VuYSBvdHJhIGNvc2E/
MxZwAg,,W1JlbnRhbCBJdGVtcyBNYW5hZ2VyXQpIZXJlIGlzIFdvRSBURSBCb25lIEhlbG0uCl40RDRERkZUaGlzIGl0ZW0gaXMgZWZmZWN0aXZlIGZvciB0aGUgbmV4dCAyNCBob3Vyc14wMDAwMDAgYWZ0ZXIgdGhhdCB0aW1lIGV4cGlyZXMsIGl0IHdpbGwgZGlzYXBwZWFyLgpEbyB5b3UgbmVlZCBhbnl0aGluZyBlbHNlPw==,,,,,W0dlcmVudGUgZGUgSXRlbnMgZGUgQWx1Z3VlbF0KQXF1aSBlc3TDoSBvIEVsbW8gZGUgT3Nzb3MgZG8gV29FIFRFLgpeNEQ0REZGRXN0ZSBpdGVtIMOpIHbDoWxpZG8gcGVsYXMgcHLDs3hpbWFzIDI0IGhvcmFzXjAwMDAwMCBhcMOzcyBvIHTDqXJtaW5vIGRlc3NlIHBlcsOtb2RvLCBlbGUgZGVzYXBhcmVjZXLDoS4KVm9jw6ogcHJlY2lzYSBkZSBtYWlzIGFsZ3VtYSBjb2lzYT8=,,W0FkbWluaXN0cmFkb3IgZGUgb2JqZXRvcyBlbiBhbHF1aWxlcl0KQXF1w60gdGllbmVzIGVsIFllbG1vIGRlIGh1ZXNvIGRlIGxhIFRFIGRlIGxhIEd1ZXJyYSBkZWwgRW1wZXJpdW0uCl40RDRERkZFc3RlIG9iamV0byBkdXJhIDI0IGhvcmFzXjAwMDAwMCwgdW5hIHZleiB0cmFuc2N1cnJpZG8gZXNlIHRpZW1wbywgZGVzYXBhcmVjZXLDoS4Kwr9OZWNlc2l0YXMgYWxndW5hIG90cmEgY29zYT8=
NBZwAg,,W1JlbnRhbCBJdGVtcyBNYW5hZ2VyXQpZb3UgYWxyZWFkeSBoYXZlIGEgV29FIFRFIE1hZ2ljIEV5ZXMuCkRvIHlvdSBuZWVkIGFueXRoaW5nIGVsc2U/,,,,,W0dlcmVudGUgZGUgSXRlbnMgZGUgQWx1Z3VlbF0KVm9jw6ogasOhIHRlbSBPbGhvcyBNw6FnaWNvcyBkbyBXb0UgVEUuClByZWNpc2EgZGUgbWFpcyBhbGd1bWEgY29pc2E/,,W0FkbWluaXN0cmFkb3IgZGUgb2JqZXRvcyBlbiBhbHF1aWxlcl0KWWEgdGllbmVzIHVub3MgT2pvcyBtw6FnaWNvcyBkZSBsYSBURSBkZSBsYSBHdWVycmEgZGVsIEVtcGVyaXVtLgrCv05lY2VzaXRhcyBhbGd1bmEgb3RyYSBjb3NhPw==
NRZwAg,,W1JlbnRhbCBJdGVtcyBNYW5hZ2VyXQpIZXJlIGlzIFdvRSBURSBNYWdpYyBFeWVzLgpeNEQ0REZGVGhpcyBpdGVtIGlzIGVmZmVjdGl2ZSBmb3IgdGhlIG5leHQgMjQgaG91cnNeMDAwMDAwIGFmdGVyIHRoYXQgdGltZSBleHBpcmVzLCBpdCB3aWxsIGRpc2FwcGVhci4KRG8geW91IG5lZWQgYW55dGhpbmcgZWxzZT8=,,,,,W0dlcmVudGUgZGUgSXRlbnMgZGUgQWx1Z3VlbF0KQXF1aSBlc3TDo28gb3MgT2xob3MgTcOhZ2ljb3MgZG8gV29FIFRFLgpeNEQ0REZGRXN0ZSBpdGVtIMOpIHbDoWxpZG8gcGVsYXMgcHLDs3hpbWFzIDI0IGhvcmFzXjAwMDAwMCBhcMOzcyBlc3NlIHBlcsOtb2RvLCBlbGUgZGVzYXBhcmVjZXLDoS4KVm9jw6ogcHJlY2lzYSBkZSBtYWlzIGFsZ3VtYSBjb2lzYT8=,,W0FkbWluaXN0cmFkb3IgZGUgb2JqZXRvcyBlbiBhbHF1aWxlcl0KQXF1w60gdGllbmVzIGxvcyBPam9zIG3DoWdpY29zIGRlIGxhIFRFIGRlIGxhIEd1ZXJyYSBkZWwgRW1wZXJpdW0uCl40RDRERkZFc3RlIG9iamV0byBkdXJhIDI0IGhvcmFzXjAwMDAwMCwgdW5hIHZleiB0cmFuc2N1cnJpZG8gZXNlIHRpZW1wbywgZGVzYXBhcmVjZXLDoS4Kwr9OZWNlc2l0YXMgYWxndW5hIG90cmEgY29zYT8=
NhZwAg,,W1JlbnRhbCBJdGVtcyBNYW5hZ2VyXQpXZSBoYXZlIHN3b3Jkcywgc3BlYXJzLCBheGVzLCBhbmQga2F0YXJzIHJlYWR5IGZvciB5b3UuClNlbGVjdCB0aGUgZGVzaXJlZCBpdGVtLg==,,,,,W0dlcmVudGUgZGUgSXRlbnMgZGUgQWx1Z3VlbF0KVGVtb3MgZXNwYWRhcywgbGFuw6dhcywgbWFjaGFkb3MgZSBrYXRhcmVzIHByb250b3MgcGFyYSB2b2PDqi4KU2VsZWNpb25lIG8gaXRlbSBkZXNlamFkby4=,,W0FkbWluaXN0cmFkb3IgZGUgb2JqZXRvcyBlbiBhbHF1aWxlcl0KVGVuZW1vcyBlc3BhZGFzLCBsYW56YXMsIGhhY2hhcyB5IGthdGFyZXMgcGFyYSB0aS4KU2VsZWNjaW9uYSBlbCBvYmpldG8gcXVlIHF1aWVyYXMu
NxZwAg,,XjRENERGRldvRSBURSBLYXRhciAtIENoZWNrZWQgb3V0XjAwMDAwMA==,,,,,XjRENERGRkthdGFyIGRvIFdvRSBURSAtIFZlcmlmaWNhZG9eMDAwMDAw,,XjRENERGRkthdGFyIGRlIGxhIFRFIGRlIGxhIEd1ZXJyYSBkZWwgRW1wZXJpdW0gLSBDb21wcm9iYWRvXjAwMDAwMA==
OBZwAg,,V29FIFRFIEthdGFy,,,,,S2F0YXIgZG8gV29FIFRF,,S2F0YXIgZGUgbGEgVEUgZGUgbGEgR3VlcnJhIGRlbCBFbXBlcml1bQ==
ORZwAg,,XjRENERGRldvRSBURSBUd28tSGFuZGVkIEF4ZSAtIENoZWNrZWQgb3V0XjAwMDAwMA==,,,,,XjRENERGRk1hY2hhZG8gZGUgRHVhcyBNw6NvcyBkbyBXb0UgVEUgLSBWZXJpZmljYWRvXjAwMDAwMA==,,XjRENERGRkhhY2hhIGRlIGRvcyBtYW5vcyBkZSBsYSBURSBkZSBsYSBHdWVycmEgZGVsIEVtcGVyaXVtIC0gQ29tcHJvYmFkYV4wMDAwMDA=
OhZwAg,,V29FIFRFIFR3by1IYW5kZWQgQXhl,,,,,TWFjaGFkbyBkZSBEdWFzIE3Do29zIGRvIFdvRSBURQ==,,SGFjaGEgZGUgZG9zIG1hbm9zIGRlIGxhIFRFIGRlIGxhIEd1ZXJyYSBkZWwgRW1wZXJpdW0=
OxZwAg,,XjRENERGRldvRSBURSBMYW5jZSAtIENoZWNrZWQgb3V0XjAwMDAwMA==,,,,,XjRENERGRkxhbsOnYSBkbyBURSAtIFZlcmlmaWNhZG9eMDAwMDAw,,XjRENERGRkxhbnphIGRlIGxhIFRFIGRlIGxhIEd1ZXJyYSBkZWwgRW1wZXJpdW0gLSBDb21wcm9iYWRvXjAwMDAwMA==
PBZwAg,,V29FIFRFIExhbmNl,,,,,TGFuw6dhIGRvIFdvRSBURQ==,,TGFuemEgZGUgbGEgVEUgZGUgbGEgR3VlcnJhIGRlbCBFbXBlcml1bQ==
PRZwAg,,XjRENERGRldvRSBURSBNYWdpYyBTaHVyaWtlbiAtIENoZWNrZWQgb3V0XjAwMDAwMA==,,,,,XjRENERGRlNodXJpa2VuIE3DoWdpY28gZG8gV29FIFRFIC0gVmVyaWZpY2Fkb14wMDAwMDA=,,XjRENERGRlNodXJpa2VuIG3DoWdpY28gZGUgbGEgVEUgZGUgbGEgR3VlcnJhIGRlbCBFbXBlcml1bSAtIENvbXByb2JhZG9eMDAwMDAw
PhZwAg,,V29FIFRFIE1hZ2ljIFNodXJpa2Vu,,,,,U2h1cmlrZW4gTcOhZ2ljbyBkbyBXb0UgVEU=,,U2h1cmlrZW4gbcOhZ2ljbyBkZSBsYSBURSBkZSBsYSBHdWVycmEgZGVsIEVtcGVyaXVt
PxZwAg,,XjRENERGRldvRSBURSBUd28tSGFuZGVkIFN3b3JkIC0gQ2hlY2tlZCBvdXReMDAwMDAw,,,,,XjRENERGRkVzcGFkYSBkZSBEdWFzIE3Do29zIGRvIFdvRSBURSAtIFZlcmlmaWNhZG9eMDAwMDAw,,XjRENERGRkVzcGFkYSBkZSBkb3MgbWFub3MgZGUgbGEgVEUgZGUgbGEgR3VlcnJhIGRlbCBFbXBlcml1bSAtIENvbXByb2JhZGFeMDAwMDAw
QBZwAg,,V29FIFRFIFR3by1IYW5kZWQgU3dvcmQ=,,,,,RXNwYWRhIGRlIER1YXMgTcOjb3MgZG8gV29FIFRF,,RXNwYWRhIGRlIGRvcyBtYW5vcyBkZSBsYSBURSBkZSBsYSBHdWVycmEgZGVsIEVtcGVyaXVt
QRZwAg,,XjRENERGRldvRSBURSBBeGUgLSBDaGVja2VkIG91dF4wMDAwMDA=,,,,,XjRENERGRk1hY2hhZG8gZG8gV29FIFRFIC0gVmVyaWZpY2Fkb14wMDAwMDA=,,XjRENERGRkhhY2hhIGRlIGxhIFRFIGRlIGxhIEd1ZXJyYSBkZWwgRW1wZXJpdW0gLSBDb21wcm9iYWRvXjAwMDAwMA==
QhZwAg,,V29FIFRFIEF4ZQ==,,,,,TWFjaGFkbyBkbyBXb0UgVEU=,,SGFjaGEgZGUgbGEgVEUgZGUgbGEgR3VlcnJhIGRlbCBFbXBlcml1bQ==
QxZwAg,,XjRENERGRldvRSBURSBQaWtlIC0gQ2hlY2tlZCBvdXReMDAwMDAw,,,,,XjRENERGRlBpcXVlIGRvIFdvRSBURSAtIFZlcmlmaWNhZG9eMDAwMDAw,,XjRENERGRlBpY2EgZGUgbGEgVEUgZGUgbGEgR3VlcnJhIGRlbCBFbXBlcml1bSAtIENvbXByb2JhZG9eMDAwMDAw
RBZwAg,,V29FIFRFIFBpa2U=,,,,,UGlxdWUgZG8gV29FIFRF,,UGljYSBkZSBsYSBURSBkZSBsYSBHdWVycmEgZGVsIEVtcGVyaXVt
RRZwAg,,XjRENERGRldvRSBURSBLbmlmZSAtIENoZWNrZWQgb3V0XjAwMDAwMA==,,,,,XjRENERGRkZhY2EgZG8gV29FIFRFIC0gVmVyaWZpY2Fkb14wMDAwMDA=,,XjRENERGRkN1Y2hpbGxvIGRlIGxhIFRFIGRlIGxhIEd1ZXJyYSBkZWwgRW1wZXJpdW0gLSBDb21wcm9iYWRvXjAwMDAwMA==
RhZwAg,,V29FIFRFIEtuaWZl,,,,,RmFjYSBkbyBXb0UgVEU=,,Q3VjaGlsbG8gZGUgbGEgVEUgZGUgbGEgR3VlcnJhIGRlbCBFbXBlcml1bQ==
RxZwAg,,XjRENERGRldvRSBURSBTd29yZCAtIENoZWNrZWQgb3V0XjAwMDAwMA==,,,,,XjRENERGRkVzcGFkYSBkbyBXb0UgVEUgLSBWZXJpZmljYWRvXjAwMDAwMA==,,XjRENERGRkVzcGFkYSBkZSBsYSBURSBkZSBsYSBHdWVycmEgZGVsIEVtcGVyaXVtIC0gQ29tcHJvYmFkb14wMDAwMDA=
SBZwAg,,V29FIFRFIFN3b3Jk,,,,,RXNwYWRhIGRvIFdvRSBURQ==,,RXNwYWRhIGRlIGxhIFRFIGRlIGxhIEd1ZXJyYSBkZWwgRW1wZXJpdW0=
SRZwAg,,W1JlbnRhbCBJdGVtcyBNYW5hZ2VyXQpZb3UgYWxyZWFkeSBoYXZlIGEgV29FIFRFIEthdGFyLgpEbyB5b3UgbmVlZCBhbnl0aGluZyBlbHNlPw==,,,,,W0dlcmVudGUgZGUgSXRlbnMgZGUgQWx1Z3VlbF0KVm9jw6ogasOhIHRlbSB1bSBLYXRhciBkbyBXb0UgVEUuClByZWNpc2EgZGUgbWFpcyBhbGd1bWEgY29pc2E/,,W0FkbWluaXN0cmFkb3IgZGUgb2JqZXRvcyBlbiBhbHF1aWxlcl0KWWEgdGllbmVzIHVuIEthdGFyIGRlIGxhIFRFIGRlIGxhIEd1ZXJyYSBkZWwgRW1wZXJpdW0uCsK/TmVjZXNpdGFzIGFsZ3VuYSBvdHJhIGNvc2E/
ShZwAg,,W1JlbnRhbCBJdGVtcyBNYW5hZ2VyXQpIZXJlIGlzIFdvRSBURSBLYXRhci4KXjRENERGRlRoaXMgaXRlbSBpcyBlZmZlY3RpdmUgZm9yIHRoZSBuZXh0IDI0IGhvdXJzXjAwMDAwMCBhZnRlciB0aGF0IHRpbWUgZXhwaXJlcywgaXQgd2lsbCBkaXNhcHBlYXIuCkRvIHlvdSBuZWVkIGFueXRoaW5nIGVsc2U/,,,,,W0dlcmVudGUgZGUgSXRlbnMgZGUgQWx1Z3VlbF0KQXF1aSBlc3TDoSBvIEthdGFyIGRvIFdvRSBURS4KXjRENERGRkVzdGUgaXRlbSDDqSB2w6FsaWRvIHBlbGFzIHByw7N4aW1hcyAyNCBob3Jhc14wMDAwMDAgYXDDs3MgbyB0w6lybWlubyBkZXNzZSBwZXLDrW9kbywgZWxlIGRlc2FwYXJlY2Vyw6EuClZvY8OqIHByZWNpc2EgZGUgbWFpcyBhbGd1bWEgY29pc2E/,,W0FkbWluaXN0cmFkb3IgZGUgb2JqZXRvcyBlbiBhbHF1aWxlcl0KQXF1w60gdGllbmVzIGVsIEthdGFyIGRlIGxhIFRFIGRlIGxhIEd1ZXJyYSBkZWwgRW1wZXJpdW0uCl40RDRERkZFc3RlIG9iamV0byBkdXJhIDI0IGhvcmFzXjAwMDAwMCwgdW5hIHZleiB0cmFuc2N1cnJpZG8gZXNlIHRpZW1wbywgZGVzYXBhcmVjZXLDoS4Kwr9OZWNlc2l0YXMgYWxndW5hIG90cmEgY29zYT8=
SxZwAg,,W1JlbnRhbCBJdGVtcyBNYW5hZ2VyXQpZb3UgYWxyZWFkeSBoYXZlIGEgV29FIFRFIFR3by1IYW5kZWQgQXhlLgpEbyB5b3UgbmVlZCBhbnl0aGluZyBlbHNlPw==,,,,,W0dlcmVudGUgZGUgSXRlbnMgZGUgQWx1Z3VlbF0KVm9jw6ogasOhIHRlbSB1bSBtYWNoYWRvIGRlIGR1YXMgbcOjb3MgZG8gV29FIFRFLgpQcmVjaXNhIGRlIG1haXMgYWxndW1hIGNvaXNhPw==,,W0FkbWluaXN0cmFkb3IgZGUgb2JqZXRvcyBlbiBhbHF1aWxlcl0KWWEgdGllbmVzIHVuIEhhY2hhIGRlIGRvcyBtYW5vcyBkZSBsYSBURSBkZSBsYSBHdWVycmEgZGVsIEVtcGVyaXVtLgrCv05lY2VzaXRhcyBhbGd1bmEgb3RyYSBjb3NhPw==
TBZwAg,,W1JlbnRhbCBJdGVtcyBNYW5hZ2VyXQpIZXJlIGlzIFdvRSBURSBUd28tSGFuZGVkIEF4ZS4KXjRENERGRlRoaXMgaXRlbSBpcyBlZmZlY3RpdmUgZm9yIHRoZSBuZXh0IDI0IGhvdXJzXjAwMDAwMCBhZnRlciB0aGF0IHRpbWUgZXhwaXJlcywgaXQgd2lsbCBkaXNhcHBlYXIuCkRvIHlvdSBuZWVkIGFueXRoaW5nIGVsc2U/,,,,,W0dlcmVudGUgZGUgSXRlbnMgZGUgQWx1Z3VlbF0KQXF1aSBlc3TDoSBvIG1hY2hhZG8gZGUgZHVhcyBtw6NvcyBkbyBXb0UgVEUuCl40RDRERkZFc3RlIGl0ZW0gw6kgdsOhbGlkbyBwZWxhcyBwcsOzeGltYXMgMjQgaG9yYXNeMDAwMDAwIGFww7NzIG8gdMOpcm1pbm8gZGVzc2UgcGVyw61vZG8sIGVsZSBkZXNhcGFyZWNlcsOhLgpWb2PDqiBwcmVjaXNhIGRlIG1haXMgYWxndW1hIGNvaXNhPw==,,W0FkbWluaXN0cmFkb3IgZGUgb2JqZXRvcyBlbiBhbHF1aWxlcl0KQXF1w60gdGllbmVzIGVsIEhhY2hhIGRlIGRvcyBtYW5vcyBkZSBsYSBURSBkZSBsYSBHdWVycmEgZGVsIEVtcGVyaXVtLgpeNEQ0REZGRXN0ZSBvYmpldG8gZHVyYSAyNCBob3Jhc14wMDAwMDAsIHVuYSB2ZXogdHJhbnNjdXJyaWRvIGVzZSB0aWVtcG8sIGRlc2FwYXJlY2Vyw6EuCsK/TmVjZXNpdGFzIGFsZ3VuYSBvdHJhIGNvc2E/
TRZwAg,,W1JlbnRhbCBJdGVtcyBNYW5hZ2VyXQpZb3UgYWxyZWFkeSBoYXZlIGEgV29FIFRFIExhbmNlLgpEbyB5b3UgbmVlZCBhbnl0aGluZyBlbHNlPw==,,,,,W0dlcmVudGUgZGUgSXRlbnMgZGUgQWx1Z3VlbF0KVm9jw6ogasOhIHRlbSB1bWEgTGFuw6dhIGRvIFdvRSBURS4KUHJlY2lzYSBkZSBtYWlzIGFsZ3VtYSBjb2lzYT8=,,W0FkbWluaXN0cmFkb3IgZGUgb2JqZXRvcyBlbiBhbHF1aWxlcl0KWWEgdGllbmVzIHVuYSBMYW56YSBkZSBsYSBURSBkZSBsYSBHdWVycmEgZGVsIEVtcGVyaXVtLgrCv05lY2VzaXRhcyBhbGd1bmEgb3RyYSBjb3NhPw==
ThZwAg,,W1JlbnRhbCBJdGVtcyBNYW5hZ2VyXQpIZXJlIGlzIFdvRSBURSBMYW5jZS4KXjRENERGRlRoaXMgaXRlbSBpcyBlZmZlY3RpdmUgZm9yIHRoZSBuZXh0IDI0IGhvdXJzXjAwMDAwMCBhZnRlciB0aGF0IHRpbWUgZXhwaXJlcywgaXQgd2lsbCBkaXNhcHBlYXIuCkRvIHlvdSBuZWVkIGFueXRoaW5nIGVsc2U/,,,,,W0dlcmVudGUgZGUgSXRlbnMgZGUgQWx1Z3VlbF0KQXF1aSBlc3TDoSBhIExhbsOnYSBkbyBXb0UgVEUuCl40RDRERkZFc3RlIGl0ZW0gw6kgdsOhbGlkbyBwZWxhcyBwcsOzeGltYXMgMjQgaG9yYXNeMDAwMDAwIGFww7NzIGVzc2UgcGVyw61vZG8sIGVsZSBkZXNhcGFyZWNlcsOhLgpWb2PDqiBwcmVjaXNhIGRlIG1haXMgYWxndW1hIGNvaXNhPw==,,W0FkbWluaXN0cmFkb3IgZGUgb2JqZXRvcyBlbiBhbHF1aWxlcl0KQXF1w60gdGllbmVzIGxhIExhbnphIGRlIGxhIFRFIGRlIGxhIEd1ZXJyYSBkZWwgRW1wZXJpdW0uCl40RDRERkZFc3RlIG9iamV0byBkdXJhIDI0IGhvcmFzXjAwMDAwMCwgdW5hIHZleiB0cmFuc2N1cnJpZG8gZXNlIHRpZW1wbywgZGVzYXBhcmVjZXLDoS4Kwr9OZWNlc2l0YXMgYWxndW5hIG90cmEgY29zYT8=
TxZwAg,,W1JlbnRhbCBJdGVtcyBNYW5hZ2VyXQpZb3UgYWxyZWFkeSBoYXZlIGEgV29FIFRFIE1hZ2ljIFNodXJpa2VuLgpEbyB5b3UgbmVlZCBhbnl0aGluZyBlbHNlPw==,,,,,W0dlcmVudGUgZGUgSXRlbnMgZGUgQWx1Z3VlbF0KVm9jw6ogasOhIHRlbSB1bSBTaHVyaWtlbiBNw6FnaWNvIGRvIFdvRSBURS4KUHJlY2lzYSBkZSBtYWlzIGFsZ3VtYSBjb2lzYT8=,,W0FkbWluaXN0cmFkb3IgZGUgb2JqZXRvcyBlbiBhbHF1aWxlcl0KWWEgdGllbmVzIHVuIFNodXJpa2VuIG3DoWdpY28gZGUgbGEgVEUgZGUgbGEgR3VlcnJhIGRlbCBFbXBlcml1bS4Kwr9OZWNlc2l0YXMgYWxndW5hIG90cmEgY29zYT8=
UBZwAg,,W1JlbnRhbCBJdGVtcyBNYW5hZ2VyXQpIZXJlIGlzIFdvRSBURSBNYWdpYyBTaHVyaWtlbi4KXjRENERGRlRoaXMgaXRlbSBpcyBlZmZlY3RpdmUgZm9yIHRoZSBuZXh0IDI0IGhvdXJzXjAwMDAwMCBhZnRlciB0aGF0IHRpbWUgZXhwaXJlcywgaXQgd2lsbCBkaXNhcHBlYXIuCkRvIHlvdSBuZWVkIGFueXRoaW5nIGVsc2U/,,,,,W0dlcmVudGUgZGUgSXRlbnMgZGUgQWx1Z3VlbF0KQXF1aSBlc3TDoSBTaHVyaWtlbiBNw6FnaWNvIGRlIFdvRSBURS4KXjRENERGRkVzdGUgaXRlbSDDqSB2w6FsaWRvIHBlbGFzIHByw7N4aW1hcyAyNCBob3Jhc14wMDAwMDAgYXDDs3MgbyB0w6lybWlubyBkZXNzZSBwZXLDrW9kbywgZWxlIGRlc2FwYXJlY2Vyw6EuClZvY8OqIHByZWNpc2EgZGUgbWFpcyBhbGd1bWEgY29pc2E/,,W0FkbWluaXN0cmFkb3IgZGUgb2JqZXRvcyBlbiBhbHF1aWxlcl0KQXF1w60gdGllbmVzIGVsIFNodXJpa2VuIG3DoWdpY28gZGUgbGEgVEUgZGUgbGEgR3VlcnJhIGRlbCBFbXBlcml1bS4KXjRENERGRkVzdGUgb2JqZXRvIGR1cmEgMjQgaG9yYXNeMDAwMDAwLCB1bmEgdmV6IHRyYW5zY3VycmlkbyBlc2UgdGllbXBvLCBkZXNhcGFyZWNlcsOhLgrCv05lY2VzaXRhcyBhbGd1bmEgb3RyYSBjb3NhPw==
URZwAg,,W1JlbnRhbCBJdGVtcyBNYW5hZ2VyXQpZb3UgYWxyZWFkeSBoYXZlIGEgV29FIFRFIFR3by1IYW5kZWQgU3dvcmQuCkRvIHlvdSBuZWVkIGFueXRoaW5nIGVsc2U/,,,,,W0dlcmVudGUgZGUgSXRlbnMgZGUgQWx1Z3VlbF0KVm9jw6ogasOhIHRlbSB1bWEgZXNwYWRhIGRlIGR1YXMgbcOjb3MgZG8gV29FIFRFLgpQcmVjaXNhIGRlIG1haXMgYWxndW1hIGNvaXNhPw==,,W0FkbWluaXN0cmFkb3IgZGUgb2JqZXRvcyBlbiBhbHF1aWxlcl0KWWEgdGllbmVzIHVuYSBFc3BhZGEgZGUgZG9zIG1hbm9zIGRlIGxhIFRFIGRlIGxhIEd1ZXJyYSBkZWwgRW1wZXJpdW0uCsK/TmVjZXNpdGFzIGFsZ3VuYSBvdHJhIGNvc2E/
UhZwAg,,W1JlbnRhbCBJdGVtcyBNYW5hZ2VyXQpIZXJlIGlzIFdvRSBURSBUd28tSGFuZGVkIFN3b3JkLgpeNEQ0REZGVGhpcyBpdGVtIGlzIGVmZmVjdGl2ZSBmb3IgdGhlIG5leHQgMjQgaG91cnNeMDAwMDAwIGFmdGVyIHRoYXQgdGltZSBleHBpcmVzLCBpdCB3aWxsIGRpc2FwcGVhci4KRG8geW91IG5lZWQgYW55dGhpbmcgZWxzZT8=,,,,,W0dlcmVudGUgZGUgSXRlbnMgZGUgQWx1Z3VlbF0KQXF1aSBlc3TDoSBhIEVzcGFkYSBkZSBEdWFzIE3Do29zIGRvIFdvRSBURS4KXjRENERGRkVzdGUgaXRlbSDDqSB2w6FsaWRvIHBlbGFzIHByw7N4aW1hcyAyNCBob3Jhc14wMDAwMDAgYXDDs3MgZXNzZSBwZXLDrW9kbywgZWxlIGRlc2FwYXJlY2Vyw6EuClZvY8OqIHByZWNpc2EgZGUgbWFpcyBhbGd1bWEgY29pc2E/,,W0FkbWluaXN0cmFkb3IgZGUgb2JqZXRvcyBlbiBhbHF1aWxlcl0KQXF1w60gdGllbmVzIGxhIEVzcGFkYSBkZSBkb3MgbWFub3MgZGUgbGEgVEUgZGUgbGEgR3VlcnJhIGRlbCBFbXBlcml1bS4KXjRENERGRkVzdGUgb2JqZXRvIGR1cmEgMjQgaG9yYXNeMDAwMDAwLCB1bmEgdmV6IHRyYW5zY3VycmlkbyBlc2UgdGllbXBvLCBkZXNhcGFyZWNlcsOhLgrCv05lY2VzaXRhcyBhbGd1bmEgb3RyYSBjb3NhPw==
UxZwAg,,W1JlbnRhbCBJdGVtcyBNYW5hZ2VyXQpZb3UgYWxyZWFkeSBoYXZlIGEgV29FIFRFIEF4ZS4gCkRvIHlvdSBuZWVkIGFueXRoaW5nIGVsc2U/,,,,,W0dlcmVudGUgZGUgSXRlbnMgZGUgQWx1Z3VlbF0KVm9jw6ogasOhIHRlbSB1bSBNYWNoYWRvIGRvIFdvRSBURS4gClByZWNpc2EgZGUgbWFpcyBhbGd1bWEgY29pc2E/,,W0FkbWluaXN0cmFkb3IgZGUgb2JqZXRvcyBlbiBhbHF1aWxlcl0KWWEgdGllbmVzIHVuIEhhY2hhIGRlIGxhIFRFIGRlIGxhIEd1ZXJyYSBkZWwgRW1wZXJpdW0uIArCv05lY2VzaXRhcyBhbGd1bmEgb3RyYSBjb3NhPw==
VBZwAg,,W1JlbnRhbCBJdGVtcyBNYW5hZ2VyXQpIZXJlIGlzIFdvRSBURSBBeGUuCl40RDRERkZUaGlzIGl0ZW0gaXMgZWZmZWN0aXZlIGZvciB0aGUgbmV4dCAyNCBob3Vyc14wMDAwMDAgYWZ0ZXIgdGhhdCB0aW1lIGV4cGlyZXMsIGl0IHdpbGwgZGlzYXBwZWFyLgpEbyB5b3UgbmVlZCBhbnl0aGluZyBlbHNlPw==,,,,,W0dlcmVudGUgZGUgSXRlbnMgZGUgQWx1Z3VlbF0KQXF1aSBlc3TDoSBvIE1hY2hhZG8gZG8gV29FIFRFLgpeNEQ0REZGRXN0ZSBpdGVtIMOpIHbDoWxpZG8gcGVsYXMgcHLDs3hpbWFzIDI0IGhvcmFzXjAwMDAwMCBhcMOzcyBvIHTDqXJtaW5vIGRlc3NlIHBlcsOtb2RvLCBlbGUgZGVzYXBhcmVjZXLDoS4KVm9jw6ogcHJlY2lzYSBkZSBtYWlzIGFsZ3VtYSBjb2lzYT8=,,W0FkbWluaXN0cmFkb3IgZGUgb2JqZXRvcyBlbiBhbHF1aWxlcl0KQXF1w60gZXN0w6EgZWwgSGFjaGEgZGUgbGEgVEUgZGUgbGEgR3VlcnJhIGRlbCBFbXBlcml1bS4KXjRENERGRkVzdGUgb2JqZXRvIGR1cmEgMjQgaG9yYXNeMDAwMDAwLCB1bmEgdmV6IHRyYW5zY3VycmlkbyBlc2UgdGllbXBvLCBkZXNhcGFyZWNlcsOhLgrCv05lY2VzaXRhcyBhbGd1bmEgb3RyYSBjb3NhPw==
VRZwAg,,W1JlbnRhbCBJdGVtcyBNYW5hZ2VyXQpZb3UgYWxyZWFkeSBoYXZlIGEgV29FIFRFIFBpa2UuCkRvIHlvdSBuZWVkIGFueXRoaW5nIGVsc2U/,,,,,W0dlcmVudGUgZGUgSXRlbnMgZGUgQWx1Z3VlbF0KVm9jw6ogasOhIHRlbSB1bSBQaXF1ZSBkbyBXb0UgVEUuClByZWNpc2EgZGUgbWFpcyBhbGd1bWEgY29pc2E/,,W0FkbWluaXN0cmFkb3IgZGUgb2JqZXRvcyBlbiBhbHF1aWxlcl0KWWEgdGllbmVzIHVuYSBQaWNhIGRlIGxhIFRFIGRlIGxhIEd1ZXJyYSBkZWwgRW1wZXJpdW0uCsK/TmVjZXNpdGFzIGFsZ3VuYSBvdHJhIGNvc2E/
VhZwAg,,W1JlbnRhbCBJdGVtcyBNYW5hZ2VyXQpIZXJlIGlzIFdvRSBURSBQaWtlLgpeNEQ0REZGVGhpcyBpdGVtIGlzIGVmZmVjdGl2ZSBmb3IgdGhlIG5leHQgMjQgaG91cnNeMDAwMDAwIGFmdGVyIHRoYXQgdGltZSBleHBpcmVzLCBpdCB3aWxsIGRpc2FwcGVhci4KRG8geW91IG5lZWQgYW55dGhpbmcgZWxzZT8=,,,,,W0dlcmVudGUgZGUgSXRlbnMgZGUgQWx1Z3VlbF0KQXF1aSBlc3TDoSBvIFBpcXVlIGRvIFdvRSBURS4KXjRENERGRkVzdGUgaXRlbSDDqSB2w6FsaWRvIHBlbGFzIHByw7N4aW1hcyAyNCBob3Jhc14wMDAwMDAgYXDDs3MgbyB0w6lybWlubyBkZXNzZSBwZXLDrW9kbywgZWxlIGRlc2FwYXJlY2Vyw6EuClZvY8OqIHByZWNpc2EgZGUgbWFpcyBhbGd1bWEgY29pc2E/,,W0FkbWluaXN0cmFkb3IgZGUgb2JqZXRvcyBlbiBhbHF1aWxlcl0KQXF1w60gdGllbmVzIGxhIFBpY2EgZGUgbGEgVEUgZGUgbGEgR3VlcnJhIGRlbCBFbXBlcml1bS4KXjRENERGRkVzdGUgb2JqZXRvIGR1cmEgMjQgaG9yYXNeMDAwMDAwLCB1bmEgdmV6IHRyYW5zY3VycmlkbyBlc2UgdGllbXBvLCBkZXNhcGFyZWNlcsOhLgrCv05lY2VzaXRhcyBhbGd1bmEgb3RyYSBjb3NhPw==
VxZwAg,,W1JlbnRhbCBJdGVtcyBNYW5hZ2VyXQpZb3UgYWxyZWFkeSBoYXZlIGEgV29FIFRFIEtuaWZlLgpEbyB5b3UgbmVlZCBhbnl0aGluZyBlbHNlPw==,,,,,W0dlcmVudGUgZGUgSXRlbnMgZGUgQWx1Z3VlbF0KVm9jw6ogasOhIHRlbSB1bWEgRmFjYSBkbyBXb0UgVEUuClByZWNpc2EgZGUgbWFpcyBhbGd1bWEgY29pc2E/,,W0FkbWluaXN0cmFkb3IgZGUgb2JqZXRvcyBlbiBhbHF1aWxlcl0KWWEgdGllbmVzIHVuIEN1Y2hpbGxvIGRlIGxhIFRFIGRlIGxhIEd1ZXJyYSBkZWwgRW1wZXJpdW0uCsK/TmVjZXNpdGFzIGFsZ3VuYSBvdHJhIGNvc2E/
WBZwAg,,W1JlbnRhbCBJdGVtcyBNYW5hZ2VyXQpXb0UgVEUgS25pZmUKXjRENERGRlRoaXMgaXRlbSBpcyBlZmZlY3RpdmUgZm9yIHRoZSBuZXh0IDI0IGhvdXJzXjAwMDAwMCBhZnRlciB0aGF0IHRpbWUgZXhwaXJlcywgaXQgd2lsbCBkaXNhcHBlYXIuCkRvIHlvdSBuZWVkIGFueXRoaW5nIGVsc2U/,,,,,W0dlcmVudGUgZGUgSXRlbnMgZGUgQWx1Z3VlbF0KRmFjYSBkbyBXb0UgVEUKXjRENERGRkVzdGUgaXRlbSDDqSB2w6FsaWRvIHBlbGFzIHByw7N4aW1hcyAyNCBob3Jhc14wMDAwMDAgYXDDs3MgbyB0w6lybWlubyBkZXNzZSBwZXLDrW9kbywgZWxlIGRlc2FwYXJlY2Vyw6EuClZvY8OqIHByZWNpc2EgZGUgbWFpcyBhbGd1bWEgY29pc2E/,,W0FkbWluaXN0cmFkb3IgZGUgb2JqZXRvcyBlbiBhbHF1aWxlcl0KQ3VjaGlsbG8gZGUgbGEgVEUgZGUgbGEgR3VlcnJhIGRlbCBFbXBlcml1bQpeNEQ0REZGRXN0ZSBvYmpldG8gZHVyYSAyNCBob3Jhc14wMDAwMDAsIHVuYSB2ZXogdHJhbnNjdXJyaWRvIGVzZSB0aWVtcG8sIGRlc2FwYXJlY2Vyw6EuCsK/TmVjZXNpdGFzIGFsZ3VuYSBvdHJhIGNvc2E/
WRZwAg,,W1JlbnRhbCBJdGVtcyBNYW5hZ2VyXQpZb3UgYWxyZWFkeSBoYXZlIGEgV29FIFRFIFN3b3JkLgpEbyB5b3UgbmVlZCBhbnl0aGluZyBlbHNlPw==,,,,,W0dlcmVudGUgZGUgSXRlbnMgZGUgQWx1Z3VlbF0KVm9jw6ogasOhIHRlbSB1bWEgRXNwYWRhIGRvIFdvRSBURS4KUHJlY2lzYSBkZSBtYWlzIGFsZ3VtYSBjb2lzYT8=,,W0FkbWluaXN0cmFkb3IgZGUgb2JqZXRvcyBlbiBhbHF1aWxlcl0KWWEgdGllbmVzIHVuYSBFc3BhZGEgZGUgbGEgVEUgZGUgbGEgR3VlcnJhIGRlbCBFbXBlcml1bS4Kwr9OZWNlc2l0YXMgYWxndW5hIG90cmEgY29zYT8=
WhZwAg,,W1JlbnRhbCBJdGVtcyBNYW5hZ2VyXQpXb0UgVEUgU3dvcmQKXjRENERGRlRoaXMgaXRlbSBpcyBlZmZlY3RpdmUgZm9yIHRoZSBuZXh0IDI0IGhvdXJzXjAwMDAwMCBhZnRlciB0aGF0IHRpbWUgZXhwaXJlcywgaXQgd2lsbCBkaXNhcHBlYXIuCkRvIHlvdSBuZWVkIGFueXRoaW5nIGVsc2U/,,,,,W0dlcmVudGUgZGUgSXRlbnMgZGUgQWx1Z3VlbF0KRXNwYWRhIGRvIFdvRSBURV40RDRERkZFc3RlIGl0ZW0gw6kgdsOhbGlkbyBwZWxhcyBwcsOzeGltYXMgMjQgaG9yYXNeMDAwMDAwIGFww7NzIG8gdMOpcm1pbm8gZGVzc2UgcGVyw61vZG8sIGVsZSBkZXNhcGFyZWNlcsOhLgpWb2PDqiBwcmVjaXNhIGRlIG1haXMgYWxndW1hIGNvaXNhPw==,,W0FkbWluaXN0cmFkb3IgZGUgb2JqZXRvcyBlbiBhbHF1aWxlcl0KRXNwYWRhIGRlIGxhIFRFIGRlIGxhIEd1ZXJyYSBkZWwgRW1wZXJpdW0KXjRENERGRkVzdGUgb2JqZXRvIGR1cmEgMjQgaG9yYXNeMDAwMDAwLCB1bmEgdmV6IHRyYW5zY3VycmlkbyBlc2UgdGllbXBvLCBkZXNhcGFyZWNlcsOhLgrCv05lY2VzaXRhcyBhbGd1bmEgb3RyYSBjb3NhPw==
WxZwAg,,W1JlbnRhbCBJdGVtcyBNYW5hZ2VyXQpXZSBoYXZlIHN0YXZlcywgbWFjZXMsIGJvb2tzLCBhbmQgZmlzdHMgcmVhZHkgZm9yIHlvdS4KU2VsZWN0IHRoZSBkZXNpcmVkIGl0ZW0u,,,,,W0dlcmVudGUgZGUgSXRlbnMgZGUgQWx1Z3VlbF0KVGVtb3MgY2FqYWRvcywgbWHDp2FzLCBsaXZyb3MgZSBwdW5ob3MgcHJvbnRvcyBwYXJhIHZvY8OqLgpTZWxlY2lvbmUgbyBpdGVtIGRlc2VqYWRvLg==,,W0FkbWluaXN0cmFkb3IgZGUgb2JqZXRvcyBlbiBhbHF1aWxlcl0KVGVuZW1vcyBiw6FjdWxvcywgbWF6YXMsIGxpYnJvcyB5IHB1w7FvcyBwYXJhIHRpLgpTZWxlY2Npb25hIGVsIG9iamV0byBxdWUgcXVpZXJhcy4=
XBZwAg,,XjRENERGRldvRSBURSBUd28tSGFuZGVkIFN0YWZmIC0gQ2hlY2tlZCBvdXReMDAwMDAw,,,,,XjRENERGRkNhamFkbyBkZSBEdWFzIE3Do29zIGRvIFdvRSBURSAtIFZlcmlmaWNhZG9eMDAwMDAw,,XjRENERGRkLDoWN1bG8gZGUgZG9zIG1hbm9zIGRlIGxhIFRFIGRlIGxhIEd1ZXJyYSBkZWwgRW1wZXJpdW0gLSBDb21wcm9iYWRvXjAwMDAwMA==
XRZwAg,,V29FIFRFIFR3by1IYW5kZWQgU3RhZmY=,,,,,Q2FqYWRvIGRlIER1YXMgTcOjb3MgZG8gV29FIFRF,,QsOhY3VsbyBkZSBkb3MgbWFub3MgZGUgbGEgVEUgZGUgbGEgR3VlcnJhIGRlbCBFbXBlcml1bQ==
XhZwAg,,XjRENERGRldvRSBURSBCb29rIC0gQ2hlY2tlZCBvdXReMDAwMDAw,,,,,XjRENERGRkxpdnJvIGRvIFdvRSBURSAtIFZlcmlmaWNhZG9eMDAwMDAw,,XjRENERGRkxpYnJvIGRlIGxhIFRFIGRlIGxhIEd1ZXJyYSBkZWwgRW1wZXJpdW0gLSBDb21wcm9iYWRvXjAwMDAwMA==
XxZwAg,,V29FIFRFIEJvb2s=,,,,,TGl2cm8gZG8gV29FIFRF,,TGlicm8gZGUgbGEgVEUgZGUgbGEgR3VlcnJhIGRlbCBFbXBlcml1bQ==
YBZwAg,,XjRENERGRldvRSBURSBTdGFmZiAtIENoZWNrZWQgb3V0XjAwMDAwMA==,,,,,XjRENERGRkNhamFkbyBkbyBXb0UgVEUgLSBWZXJpZmljYWRvXjAwMDAwMA==,,XjRENERGRkLDoWN1bG8gZGUgbGEgVEUgZGUgbGEgR3VlcnJhIGRlbCBFbXBlcml1bSAtIENvbXByb2JhZG9eMDAwMDAw
YRZwAg,,V29FIFRFIFN0YWZm,,,,,Q2FqYWRvIGRvIFdvRSBURQ==,,QsOhY3VsbyBkZSBsYSBURSBkZSBsYSBHdWVycmEgZGVsIEVtcGVyaXVt
YhZwAg,,XjRENERGRldvRSBURSBGaXN0IC0gQ2hlY2tlZCBvdXReMDAwMDAw,,,,,XjRENERGRlB1bmhvIGRvIFRFIGRvIFdvRSAtIFZlcmlmaWNhZG9eMDAwMDAw,,XjRENERGRlB1w7FvIGRlIGxhIFRFIGRlIGxhIEd1ZXJyYSBkZWwgRW1wZXJpdW0gLSBDb21wcm9iYWRvXjAwMDAwMA==
YxZwAg,,V29FIFRFIEZpc3Q=,,,,,UHVuaG8gZG8gV29FIFRF,,UHXDsW8gZGUgbGEgVEUgZGUgbGEgR3VlcnJhIGRlbCBFbXBlcml1bQ==
ZBZwAg,,XjRENERGRldvRSBURSBNYWNlIC0gQ2hlY2tlZCBvdXReMDAwMDAw,,,,,XjRENERGRk1hw6dhIGRvIFdvRSBURSAtIFZlcmlmaWNhZG9eMDAwMDAw,,XjRENERGRk1hemEgZGUgbGEgVEUgZGUgbGEgR3VlcnJhIGRlbCBFbXBlcml1bSAtIENvbXByb2JhZG9eMDAwMDAw
ZRZwAg,,V29FIFRFIE1hY2U=,,,,,TWHDp2EgZG8gV29FIFRF,,TWF6YSBkZSBsYSBURSBkZSBsYSBHdWVycmEgZGVsIEVtcGVyaXVt
ZhZwAg,,W1JlbnRhbCBJdGVtcyBNYW5hZ2VyXQpZb3UgYWxyZWFkeSBoYXZlIGEgV29FIFRFIFR3by1IYW5kZWQgU3RhZmYuCkRvIHlvdSBuZWVkIGFueXRoaW5nIGVsc2U/,,,,,W0dlcmVudGUgZGUgSXRlbnMgZGUgQWx1Z3VlbF0KVm9jw6ogasOhIHRlbSB1bSBDYWphZG8gZGUgRHVhcyBNw6NvcyBkbyBXb0UgVEUuClByZWNpc2EgZGUgbWFpcyBhbGd1bWEgY29pc2E/,,W0FkbWluaXN0cmFkb3IgZGUgb2JqZXRvcyBlbiBhbHF1aWxlcl0KWWEgdGllbmVzIHVuIELDoWN1bG8gZGUgZG9zIG1hbm9zIGRlIGxhIFRFIGRlIGxhIEd1ZXJyYSBkZWwgRW1wZXJpdW0uCsK/TmVjZXNpdGFzIGFsZ3VuYSBvdHJhIGNvc2E/
ZxZwAg,,W1JlbnRhbCBJdGVtcyBNYW5hZ2VyXQpIZXJlIGlzIFdvRSBURSBUd28tSGFuZGVkIFN0YWZmLgpeNEQ0REZGVGhpcyBpdGVtIGlzIGVmZmVjdGl2ZSBmb3IgdGhlIG5leHQgMjQgaG91cnNeMDAwMDAwIGFmdGVyIHRoYXQgdGltZSBleHBpcmVzLCBpdCB3aWxsIGRpc2FwcGVhci4KRG8geW91IG5lZWQgYW55dGhpbmcgZWxzZT8=,,,,,W0dlcmVudGUgZGUgSXRlbnMgZGUgQWx1Z3VlbF0KQXF1aSBlc3TDoSBvIENhamFkbyBkZSBEdWFzIE3Do29zIGRvIFdvRSBURS4KXjRENERGRkVzdGUgaXRlbSDDqSB2w6FsaWRvIHBlbGFzIHByw7N4aW1hcyAyNCBob3Jhc14wMDAwMDAgYXDDs3MgbyB0w6lybWlubyBkZXNzZSBwZXLDrW9kbywgZWxlIGRlc2FwYXJlY2Vyw6EuClZvY8OqIHByZWNpc2EgZGUgbWFpcyBhbGd1bWEgY29pc2E/,,W0FkbWluaXN0cmFkb3IgZGUgb2JqZXRvcyBlbiBhbHF1aWxlcl0KQXF1w60gdGllbmVzIGVsIELDoWN1bG8gZGUgZG9zIG1hbm9zIGRlIGxhIFRFIGRlIGxhIEd1ZXJyYSBkZWwgRW1wZXJpdW0uCl40RDRERkZFc3RlIG9iamV0byBkdXJhIDI0IGhvcmFzXjAwMDAwMCwgdW5hIHZleiB0cmFuc2N1cnJpZG8gZXNlIHRpZW1wbywgZGVzYXBhcmVjZXLDoS4Kwr9OZWNlc2l0YXMgYWxndW5hIG90cmEgY29zYT8=
aBZwAg,,W1JlbnRhbCBJdGVtcyBNYW5hZ2VyXQpZb3UgYWxyZWFkeSBoYXZlIGEgV29FIFRFIEJvb2suCkRvIHlvdSBuZWVkIGFueXRoaW5nIGVsc2U/,,,,,W0dlcmVudGUgZGUgSXRlbnMgZGUgQWx1Z3VlbF0KVm9jw6ogasOhIHRlbSB1bSBMaXZybyBkbyBXb0UgVEUuClByZWNpc2EgZGUgbWFpcyBhbGd1bWEgY29pc2E/,,W0FkbWluaXN0cmFkb3IgZGUgb2JqZXRvcyBlbiBhbHF1aWxlcl0KWWEgdGllbmVzIHVuIExpYnJvIGRlIGxhIFRFIGRlIGxhIEd1ZXJyYSBkZWwgRW1wZXJpdW0uCsK/TmVjZXNpdGFzIGFsZ3VuYSBvdHJhIGNvc2E/
aRZwAg,,W1JlbnRhbCBJdGVtcyBNYW5hZ2VyXQpIZXJlIGlzIFdvRSBURSBCb29rLgpeNEQ0REZGVGhpcyBpdGVtIGlzIGVmZmVjdGl2ZSBmb3IgdGhlIG5leHQgMjQgaG91cnNeMDAwMDAwIGFmdGVyIHRoYXQgdGltZSBleHBpcmVzLCBpdCB3aWxsIGRpc2FwcGVhci4KRG8geW91IG5lZWQgYW55dGhpbmcgZWxzZT8=,,,,,W0dlcmVudGUgZGUgSXRlbnMgZGUgQWx1Z3VlbF0KQXF1aSBlc3TDoSBvIGxpdnJvIGRvIFdvRSBURS4KXjRENERGRkVzdGUgaXRlbSDDqSB2w6FsaWRvIHBlbGFzIHByw7N4aW1hcyAyNCBob3Jhc14wMDAwMDAgYXDDs3MgbyB0w6lybWlubyBkZXNzZSBwZXLDrW9kbywgZWxlIGRlc2FwYXJlY2Vyw6EuClZvY8OqIHByZWNpc2EgZGUgbWFpcyBhbGd1bWEgY29pc2E/,,W0FkbWluaXN0cmFkb3IgZGUgb2JqZXRvcyBlbiBhbHF1aWxlcl0KQXF1w60gdGllbmVzIGVsIExpYnJvIGRlIGxhIFRFIGRlIGxhIEd1ZXJyYSBkZWwgRW1wZXJpdW0uCl40RDRERkZFc3RlIG9iamV0byBkdXJhIDI0IGhvcmFzXjAwMDAwMCwgdW5hIHZleiB0cmFuc2N1cnJpZG8gZXNlIHRpZW1wbywgZGVzYXBhcmVjZXLDoS4Kwr9OZWNlc2l0YXMgYWxndW5hIG90cmEgY29zYT8=
ahZwAg,,W1JlbnRhbCBJdGVtcyBNYW5hZ2VyXQpZb3UgYWxyZWFkeSBoYXZlIGEgV29FIFRFIFN0YWZmLgpEbyB5b3UgbmVlZCBhbnl0aGluZyBlbHNlPw==,,,,,W0dlcmVudGUgZGUgSXRlbnMgZGUgQWx1Z3VlbF0KVm9jw6ogasOhIHRlbSB1bSBDYWphZG8gZG8gV29FIFRFLgpQcmVjaXNhIGRlIG1haXMgYWxndW1hIGNvaXNhPw==,,W0FkbWluaXN0cmFkb3IgZGUgb2JqZXRvcyBlbiBhbHF1aWxlcl0KWWEgdGllbmVzIHVuIELDoWN1bG8gZGUgbGEgVEUgZGUgbGEgR3VlcnJhIGRlbCBFbXBlcml1bS4Kwr9OZWNlc2l0YXMgYWxndW5hIG90cmEgY29zYT8=
axZwAg,,W1JlbnRhbCBJdGVtcyBNYW5hZ2VyXQpIZXJlIGlzIFdvRSBURSBTdGFmZi4KXjRENERGRlRoaXMgaXRlbSBpcyBlZmZlY3RpdmUgZm9yIHRoZSBuZXh0IDI0IGhvdXJzXjAwMDAwMCBhZnRlciB0aGF0IHRpbWUgZXhwaXJlcywgaXQgd2lsbCBkaXNhcHBlYXIuCkRvIHlvdSBuZWVkIGFueXRoaW5nIGVsc2U/,,,,,W0dlcmVudGUgZGUgSXRlbnMgZGUgQWx1Z3VlbF0KQXF1aSBlc3TDoSBvIENhamFkbyBkbyBXb0UgVEUuCl40RDRERkZFc3RlIGl0ZW0gw6kgdsOhbGlkbyBwZWxhcyBwcsOzeGltYXMgMjQgaG9yYXNeMDAwMDAwIGFww7NzIGVzc2UgcGVyw61vZG8sIGVsZSBkZXNhcGFyZWNlcsOhLgpWb2PDqiBwcmVjaXNhIGRlIG1haXMgYWxndW1hIGNvaXNhPw==,,W0FkbWluaXN0cmFkb3IgZGUgb2JqZXRvcyBlbiBhbHF1aWxlcl0KQXF1w60gdGllbmVzIGVsIELDoWN1bG8gZGUgbGEgVEUgZGUgbGEgR3VlcnJhIGRlbCBFbXBlcml1bS4KXjRENERGRkVzdGUgb2JqZXRvIGR1cmEgMjQgaG9yYXNeMDAwMDAwLCB1bmEgdmV6IHRyYW5zY3VycmlkbyBlc2UgdGllbXBvLCBkZXNhcGFyZWNlcsOhLgrCv05lY2VzaXRhcyBhbGd1bmEgb3RyYSBjb3NhPw==
bBZwAg,,W1JlbnRhbCBJdGVtcyBNYW5hZ2VyXQpZb3UgYWxyZWFkeSBoYXZlIGEgV29FIFRFIEZpc3QuCkRvIHlvdSBuZWVkIGFueXRoaW5nIGVsc2U/,,,,,W0dlcmVudGUgZGUgSXRlbnMgZGUgQWx1Z3VlbF0KVm9jw6ogasOhIHRlbSB1bSBQdW5obyBkbyBXb0UgVEUuClByZWNpc2EgZGUgbWFpcyBhbGd1bWEgY29pc2E/,,W0FkbWluaXN0cmFkb3IgZGUgb2JqZXRvcyBlbiBhbHF1aWxlcl0KWWEgdGllbmVzIHVuIFB1w7FvIGRlIGxhIFRFIGRlIGxhIEd1ZXJyYSBkZWwgRW1wZXJpdW0uCsK/TmVjZXNpdGFzIGFsZ3VuYSBvdHJhIGNvc2E/
bRZwAg,,W1JlbnRhbCBJdGVtcyBNYW5hZ2VyXQpIZXJlIGlzIFdvRSBURSBGaXN0LgpeNEQ0REZGVGhpcyBpdGVtIGlzIGVmZmVjdGl2ZSBmb3IgdGhlIG5leHQgMjQgaG91cnNeMDAwMDAwIGFmdGVyIHRoYXQgdGltZSBleHBpcmVzLCBpdCB3aWxsIGRpc2FwcGVhci4KRG8geW91IG5lZWQgYW55dGhpbmcgZWxzZT8=,,,,,W0dlcmVudGUgZGUgSXRlbnMgZGUgQWx1Z3VlbF0KQXF1aSBlc3TDoSBvIFB1bmhvIGRvIFdvRSBURS4KXjRENERGRkVzdGUgaXRlbSDDqSB2w6FsaWRvIHBlbGFzIHByw7N4aW1hcyAyNCBob3Jhc14wMDAwMDAgYXDDs3MgbyB0w6lybWlubyBkZXNzZSBwZXLDrW9kbywgZWxlIGRlc2FwYXJlY2Vyw6EuClZvY8OqIHByZWNpc2EgZGUgbWFpcyBhbGd1bWEgY29pc2E/,,W0FkbWluaXN0cmFkb3IgZGUgb2JqZXRvcyBlbiBhbHF1aWxlcl0KQXF1w60gdGllbmVzIGVsIFB1w7FvIGRlIGxhIFRFIGRlIGxhIEd1ZXJyYSBkZWwgRW1wZXJpdW0uCl40RDRERkZFc3RlIG9iamV0byBkdXJhIDI0IGhvcmFzXjAwMDAwMCwgdW5hIHZleiB0cmFuc2N1cnJpZG8gZXNlIHRpZW1wbywgZGVzYXBhcmVjZXLDoS4Kwr9OZWNlc2l0YXMgYWxndW5hIG90cmEgY29zYT8=
bhZwAg,,W1JlbnRhbCBJdGVtcyBNYW5hZ2VyXQpZb3UgYWxyZWFkeSBoYXZlIGEgV29FIFRFIE1hY2UuIApEbyB5b3UgbmVlZCBhbnl0aGluZyBlbHNlPw==,,,,,W0dlcmVudGUgZGUgSXRlbnMgZGUgQWx1Z3VlbF0KVm9jw6ogasOhIHRlbSB1bWEgTWHDp2EgZG8gV29FIFRFLiAKUHJlY2lzYSBkZSBtYWlzIGFsZ3VtYSBjb2lzYT8=,,W0FkbWluaXN0cmFkb3IgZGUgb2JqZXRvcyBlbiBhbHF1aWxlcl0KWWEgdGllbmVzIHVuYSBNYXphIGRlIGxhIFRFIGRlIGxhIEd1ZXJyYSBkZWwgRW1wZXJpdW0uIArCv05lY2VzaXRhcyBhbGd1bmEgb3RyYSBjb3NhPw==
bxZwAg,,W1JlbnRhbCBJdGVtcyBNYW5hZ2VyXQpIZXJlIGlzIFdvRSBURSBNYWNlLgpeNEQ0REZGVGhpcyBpdGVtIGlzIGVmZmVjdGl2ZSBmb3IgdGhlIG5leHQgMjQgaG91cnNeMDAwMDAwIGFmdGVyIHRoYXQgdGltZSBleHBpcmVzLCBpdCB3aWxsIGRpc2FwcGVhci4KRG8geW91IG5lZWQgYW55dGhpbmcgZWxzZT8=,,,,,W0dlcmVudGUgZGUgSXRlbnMgZGUgQWx1Z3VlbF0KQXF1aSBlc3TDoSBhIE1hw6dhIGRvIFdvRSBURS4KXjRENERGRkVzdGUgaXRlbSDDqSB2w6FsaWRvIHBlbGFzIHByw7N4aW1hcyAyNCBob3Jhc14wMDAwMDAgYXDDs3MgbyB0w6lybWlubyBkZXNzZSBwZXLDrW9kbywgZWxlIGRlc2FwYXJlY2Vyw6EuClZvY8OqIHByZWNpc2EgZGUgbWFpcyBhbGd1bWEgY29pc2E/,,W0FkbWluaXN0cmFkb3IgZGUgb2JqZXRvcyBlbiBhbHF1aWxlcl0KQXF1w60gdGllbmVzIGxhIE1hemEgZGUgbGEgVEUgZGUgbGEgR3VlcnJhIGRlbCBFbXBlcml1bS4KXjRENERGRkVzdGUgb2JqZXRvIGR1cmEgMjQgaG9yYXNeMDAwMDAwLCB1bmEgdmV6IHRyYW5zY3VycmlkbyBlc2UgdGllbXBvLCBkZXNhcGFyZWNlcsOhLgrCv05lY2VzaXRhcyBhbGd1bmEgb3RyYSBjb3NhPw==
cBZwAg,,W1JlbnRhbCBJdGVtcyBNYW5hZ2VyXQpXZSBoYXZlIGJvd3MsIGd1bnMsIG11c2ljYWwgaW5zdHJ1bWVudHMsIGFuZCB3aGlwcyByZWFkeSBmb3IgeW91LgpTZWxlY3QgdGhlIGRlc2lyZWQgaXRlbS4=,,,,,W0dlcmVudGUgZGUgSXRlbnMgZGUgQWx1Z3VlbF0KVGVtb3MgYXJjb3MsIGFybWFzLCBpbnN0cnVtZW50b3MgbXVzaWNhaXMgZSBjaGljb3RlcyBwcm9udG9zIHBhcmEgdm9jw6ouClNlbGVjaW9uZSBvIGl0ZW0gZGVzZWphZG8u,,W0FkbWluaXN0cmFkb3IgZGUgb2JqZXRvcyBlbiBhbHF1aWxlcl0KVGVuZW1vcyBhcmNvcywgYXJtYXMsIGluc3RydW1lbnRvcyBtdXNpY2FsZXMgeSBsw6F0aWdvcyBwYXJhIHRpLgpTZWxlY2Npb25hIGVsIG9iamV0byBxdWUgcXVpZXJhcy4=
cRZwAg,,XjRENERGRldvRSBURSBCb3cgLSBDaGVja2VkIG91dF4wMDAwMDA=,,,,,XjRENERGRkFyY28gZG8gV29FIFRFIC0gVmVyaWZpY2Fkb14wMDAwMDA=,,XjRENERGRkFyY28gZGUgbGEgVEUgZGUgbGEgR3VlcnJhIGRlbCBFbXBlcml1bSAtIENvbXByb2JhZG9eMDAwMDAw
chZwAg,,V29FIFRFIEJvdw==,,,,,QXJjbyBkbyBXb0UgVEU=,,QXJjbyBkZSBsYSBURSBkZSBsYSBHdWVycmEgZGVsIEVtcGVyaXVt
cxZwAg,,XjRENERGRldvRSBURSBQaXN0b2wgLSBDaGVja2VkIG91dF4wMDAwMDA=,,,,,XjRENERGRlBpc3RvbGEgZG8gV29FIFRFIC0gVmVyaWZpY2FkYV4wMDAwMDA=,,XjRENERGRlBpc3RvbGEgZGUgbGEgVEUgZGUgbGEgR3VlcnJhIGRlbCBFbXBlcml1bSAtIENvbXByb2JhZG9eMDAwMDAw
dBZwAg,,V29FIFRFIFBpc3RvbA==,,,,,UGlzdG9sYSBkbyBXb0UgVEU=,,UGlzdG9sYSBkZSBsYSBURSBkZSBsYSBHdWVycmEgZGVsIEVtcGVyaXVt
dRZwAg,,XjRENERGRldvRSBURSBSaWZsZSAtIENoZWNrZWQgb3V0XjAwMDAwMA==,,,,,XjRENERGRlJpZmxlIGRvIFdvRSBURSAtIFZlcmlmaWNhZG9eMDAwMDAw,,XjRENERGRlJpZmxlIGRlIGxhIFRFIGRlIGxhIEd1ZXJyYSBkZWwgRW1wZXJpdW0gLSBDb21wcm9iYWRvXjAwMDAwMA==
dhZwAg,,V29FIFRFIFJpZmxl,,,,,UmlmbGUgZG8gV29FIFRF,,UmlmbGUgZGUgbGEgVEUgZGUgbGEgR3VlcnJhIGRlbCBFbXBlcml1bQ==
dxZwAg,,XjRENERGRldvRSBURSBHYXRsaW5nIEd1biAtIENoZWNrZWQgb3V0XjAwMDAwMA==,,,,,XjRENERGRk1ldHJhbGhhZG9yYSBHYXRsaW5nIGRvIFdvRSBURSAtIFZlcmlmaWNhZGFeMDAwMDAw,,XjRENERGRkFtZXRyYWxsYWRvcmEgZGUgbGEgVEUgZGUgbGEgR3VlcnJhIGRlbCBFbXBlcml1bSAtIENvbXByb2JhZG9eMDAwMDAw
eBZwAg,,V29FIFRFIEdhdGxpbmcgR3Vu,,,,,TWV0cmFsaGFkb3JhIEdhdGxpbmcgZG8gV29FIFRF,,QW1ldHJhbGxhZG9yYSBkZSBsYSBURSBkZSBsYSBHdWVycmEgZGVsIEVtcGVyaXVt
eRZwAg,,XjRENERGRldvRSBURSBTaG90Z3VuIC0gQ2hlY2tlZCBvdXReMDAwMDAw,,,,,XjRENERGRkVzcGluZ2FyZGEgZG8gV29FIFRFIC0gVmVyaWZpY2FkYV4wMDAwMDA=,,XjRENERGRkVzY29wZXRhIGRlIGxhIFRFIGRlIGxhIEd1ZXJyYSBkZWwgRW1wZXJpdW0gLSBDb21wcm9iYWRvXjAwMDAwMA==
ehZwAg,,V29FIFRFIFNob3RndW4=,,,,,RXNwaW5nYXJkYSBkbyBXb0UgVEU=,,RXNjb3BldGEgZGUgbGEgVEUgZGUgbGEgR3VlcnJhIGRlbCBFbXBlcml1bQ==
exZwAg,,XjRENERGRldvRSBURSBHcmVuYWRlIEd1biAtIENoZWNrZWQgb3V0XjAwMDAwMA==,,,,,XjRENERGRkFybWEgZGUgR3JhbmFkYSBkbyBXb0UgVEUgLSBWZXJpZmljYWRvXjAwMDAwMA==,,XjRENERGRkxhbnphZ3JhbmFkYXMgZGUgbGEgVEUgZGUgbGEgR3VlcnJhIGRlbCBFbXBlcml1bSAtIENvbXByb2JhZG9eMDAwMDAw
fBZwAg,,V29FIFRFIEdyZW5hZGUgR3Vu,,,,,QXJtYSBkZSBncmFuYWRhIFdvRSBURQ==,,TGFuemFncmFuYWRhcyBkZSBsYSBURSBkZSBsYSBHdWVycmEgZGVsIEVtcGVyaXVt
fRZwAg,,XjRENERGRldvRSBURSBHdWl0YXIgLSBDaGVja2VkIG91dF4wMDAwMDA=,,,,,XjRENERGRkd1aXRhcnJhIGRvIFdvRSBURSAtIFZlcmlmaWNhZG9eMDAwMDAw,,XjRENERGRkd1aXRhcnJhIGRlIGxhIFRFIGRlIGxhIEd1ZXJyYSBkZWwgRW1wZXJpdW0gLSBDb21wcm9iYWRvXjAwMDAwMA==
fhZwAg,,V29FIFRFIEd1aXRhcg==,,,,,R3VpdGFycmEgZG8gV29FIFRF,,R3VpdGFycmEgZGUgbGEgVEUgZGUgbGEgR3VlcnJhIGRlbCBFbXBlcml1bQ==
fxZwAg,,XjRENERGRldvRSBURSBSb3BlIC0gQ2hlY2tlZCBvdXReMDAwMDAw,,,,,XjRENERGRkNvcmRhIGRvIFdvRSBURSAtIHZlcmlmaWNhZGFeMDAwMDAw,,XjRENERGRkN1ZXJkYSBkZSBsYSBURSBkZSBsYSBHdWVycmEgZGVsIEVtcGVyaXVtIC0gQ29tcHJvYmFkb14wMDAwMDA=
gBZwAg,,V29FIFRFIFJvcGU=,,,,,Q29yZGEgZG8gV29FIFRF,,Q3VlcmRhIGRlIGxhIFRFIGRlIGxhIEd1ZXJyYSBkZWwgRW1wZXJpdW0=
gRZwAg,,W1JlbnRhbCBJdGVtcyBNYW5hZ2VyXQpZb3UgYWxyZWFkeSBoYXZlIGEgV29FIFRFIEJvdy4KRG8geW91IG5lZWQgYW55dGhpbmcgZWxzZT8=,,,,,W0dlcmVudGUgZGUgSXRlbnMgZGUgQWx1Z3VlbF0KVm9jw6ogasOhIHRlbSB1bSBhcmNvIGRvIFdvRSBURS4KUHJlY2lzYSBkZSBtYWlzIGFsZ3VtYSBjb2lzYT8=,,W0FkbWluaXN0cmFkb3IgZGUgb2JqZXRvcyBlbiBhbHF1aWxlcl0KWWEgdGllbmVzIHVuIEFyY28gZGUgbGEgVEUgZGUgbGEgR3VlcnJhIGRlbCBFbXBlcml1bS4Kwr9OZWNlc2l0YXMgYWxndW5hIG90cmEgY29zYT8=
ghZwAg,,W1JlbnRhbCBJdGVtcyBNYW5hZ2VyXQpIZXJlIGlzIFdvRSBURSBCb3cuCl40RDRERkZUaGlzIGl0ZW0gaXMgZWZmZWN0aXZlIGZvciB0aGUgbmV4dCAyNCBob3Vyc14wMDAwMDAgYWZ0ZXIgdGhhdCB0aW1lIGV4cGlyZXMsIGl0IHdpbGwgZGlzYXBwZWFyLgpEbyB5b3UgbmVlZCBhbnl0aGluZyBlbHNlPw==,,,,,W0dlcmVudGUgZGUgSXRlbnMgZGUgQWx1Z3VlbF0KQXF1aSBlc3TDoSBvIEFyY28gZG8gV29FIFRFLgpeNEQ0REZGRXN0ZSBpdGVtIMOpIHbDoWxpZG8gcGVsYXMgcHLDs3hpbWFzIDI0IGhvcmFzXjAwMDAwMCBhcMOzcyBvIHTDqXJtaW5vIGRlc3NlIHBlcsOtb2RvLCBlbGUgZGVzYXBhcmVjZXLDoS4KVm9jw6ogcHJlY2lzYSBkZSBtYWlzIGFsZ3VtYSBjb2lzYT8=,,W0FkbWluaXN0cmFkb3IgZGUgb2JqZXRvcyBlbiBhbHF1aWxlcl0KQXF1w60gdGllbmVzIGVsIEFyY28gZGUgbGEgVEUgZGUgbGEgR3VlcnJhIGRlbCBFbXBlcml1bS4KXjRENERGRkVzdGUgb2JqZXRvIGR1cmEgMjQgaG9yYXNeMDAwMDAwLCB1bmEgdmV6IHRyYW5zY3VycmlkbyBlc2UgdGllbXBvLCBkZXNhcGFyZWNlcsOhLgrCv05lY2VzaXRhcyBhbGd1bmEgb3RyYSBjb3NhPw==
gxZwAg,,W1JlbnRhbCBJdGVtcyBNYW5hZ2VyXQpZb3UgYWxyZWFkeSBoYXZlIGEgV29FIFRFIFBpc3RvbC4KRG8geW91IG5lZWQgYW55dGhpbmcgZWxzZT8=,,,,,W0dlcmVudGUgZGUgSXRlbnMgZGUgQWx1Z3VlbF0KVm9jw6ogasOhIHRlbSB1bWEgUGlzdG9sYSBkbyBXb0UgVEUuClByZWNpc2EgZGUgbWFpcyBhbGd1bWEgY29pc2E/,,W0FkbWluaXN0cmFkb3IgZGUgb2JqZXRvcyBlbiBhbHF1aWxlcl0KWWEgdGllbmVzIHVuYSBQaXN0b2xhIGRlIGxhIFRFIGRlIGxhIEd1ZXJyYSBkZWwgRW1wZXJpdW0uCsK/TmVjZXNpdGFzIGFsZ3VuYSBvdHJhIGNvc2E/
hBZwAg,,W1JlbnRhbCBJdGVtcyBNYW5hZ2VyXQpIZXJlIGlzIFdvRSBURSBQaXN0b2wuCl40RDRERkZUaGlzIGl0ZW0gaXMgZWZmZWN0aXZlIGZvciB0aGUgbmV4dCAyNCBob3Vyc14wMDAwMDAgYWZ0ZXIgdGhhdCB0aW1lIGV4cGlyZXMsIGl0IHdpbGwgZGlzYXBwZWFyLgpEbyB5b3UgbmVlZCBhbnl0aGluZyBlbHNlPw==,,,,,W0dlcmVudGUgZGUgSXRlbnMgZGUgQWx1Z3VlbF0KQXF1aSBlc3TDoSBhIFBpc3RvbGEgZG8gV29FIFRFLgpeNEQ0REZGRXN0ZSBpdGVtIMOpIHbDoWxpZG8gcGVsYXMgcHLDs3hpbWFzIDI0IGhvcmFzXjAwMDAwMCBhcMOzcyBvIHTDqXJtaW5vIGRlc3NlIHBlcsOtb2RvLCBlbGUgZGVzYXBhcmVjZXLDoS4KVm9jw6ogcHJlY2lzYSBkZSBtYWlzIGFsZ3VtYSBjb2lzYT8=,,W0FkbWluaXN0cmFkb3IgZGUgb2JqZXRvcyBlbiBhbHF1aWxlcl0KQXF1w60gdGllbmVzIGxhIFBpc3RvbGEgZGUgbGEgVEUgZGUgbGEgR3VlcnJhIGRlbCBFbXBlcml1bS4KXjRENERGRkVzdGUgb2JqZXRvIGR1cmEgMjQgaG9yYXNeMDAwMDAwLCB1bmEgdmV6IHRyYW5zY3VycmlkbyBlc2UgdGllbXBvLCBkZXNhcGFyZWNlcsOhLgrCv05lY2VzaXRhcyBhbGd1bmEgb3RyYSBjb3NhPw==
hRZwAg,,W1JlbnRhbCBJdGVtcyBNYW5hZ2VyXQpZb3UgYWxyZWFkeSBoYXZlIGEgV29FIFRFIFJpZmxlLgpEbyB5b3UgbmVlZCBhbnl0aGluZyBlbHNlPw==,,,,,W0dlcmVudGUgZGUgSXRlbnMgZGUgQWx1Z3VlbF0KVm9jw6ogasOhIHRlbSB1bSBSaWZsZSBkbyBXb0UgVEUuClByZWNpc2EgZGUgbWFpcyBhbGd1bWEgY29pc2E/,,W0FkbWluaXN0cmFkb3IgZGUgb2JqZXRvcyBlbiBhbHF1aWxlcl0KWWEgdGllbmVzIHVuIFJpZmxlIGRlIGxhIFRFIGRlIGxhIEd1ZXJyYSBkZWwgRW1wZXJpdW0uCsK/TmVjZXNpdGFzIGFsZ3VuYSBvdHJhIGNvc2E/
hhZwAg,,W1JlbnRhbCBJdGVtcyBNYW5hZ2VyXQpIZXJlIGlzIFdvRSBURSBSaWZsZS4KXjRENERGRlRoaXMgaXRlbSBpcyBlZmZlY3RpdmUgZm9yIHRoZSBuZXh0IDI0IGhvdXJzXjAwMDAwMCBhZnRlciB0aGF0IHRpbWUgZXhwaXJlcywgaXQgd2lsbCBkaXNhcHBlYXIuCkRvIHlvdSBuZWVkIGFueXRoaW5nIGVsc2U/,,,,,W0dlcmVudGUgZGUgSXRlbnMgZGUgQWx1Z3VlbF0KQXF1aSBlc3TDoSBvIFJpZmxlIGRvIFdvRSBURS4KXjRENERGRkVzdGUgaXRlbSDDqSB2w6FsaWRvIHBlbGFzIHByw7N4aW1hcyAyNCBob3Jhc14wMDAwMDAgYXDDs3MgbyB0w6lybWlubyBkZXNzZSBwZXLDrW9kbywgZWxlIGRlc2FwYXJlY2Vyw6EuClZvY8OqIHByZWNpc2EgZGUgbWFpcyBhbGd1bWEgY29pc2E/,,W0FkbWluaXN0cmFkb3IgZGUgb2JqZXRvcyBlbiBhbHF1aWxlcl0KQXF1w60gdGllbmVzIGVsIFJpZmxlIGRlIGxhIFRFIGRlIGxhIEd1ZXJyYSBkZWwgRW1wZXJpdW0uCl40RDRERkZFc3RlIG9iamV0byBkdXJhIDI0IGhvcmFzXjAwMDAwMCwgdW5hIHZleiB0cmFuc2N1cnJpZG8gZXNlIHRpZW1wbywgZGVzYXBhcmVjZXLDoS4Kwr9OZWNlc2l0YXMgYWxndW5hIG90cmEgY29zYT8=
hxZwAg,,W1JlbnRhbCBJdGVtcyBNYW5hZ2VyXQpZb3UgYWxyZWFkeSBoYXZlIGEgV29FIFRFIEdhdGxpbmcgR3VuLgpEbyB5b3UgbmVlZCBhbnl0aGluZyBlbHNlPw==,,,,,W0dlcmVudGUgZGUgSXRlbnMgZGUgQWx1Z3VlbF0KVm9jw6ogasOhIHRlbSB1bWEgTWV0cmFsaGFkb3JhIEdhdGxpbmcgZG8gV29FIFRFLgpQcmVjaXNhIGRlIG1haXMgYWxndW1hIGNvaXNhPw==,,W0FkbWluaXN0cmFkb3IgZGUgb2JqZXRvcyBlbiBhbHF1aWxlcl0KWWEgdGllbmVzIHVuYSBBbWV0cmFsbGFkb3JhIGRlIGxhIFRFIGRlIGxhIEd1ZXJyYSBkZWwgRW1wZXJpdW0uCsK/TmVjZXNpdGFzIGFsZ3VuYSBvdHJhIGNvc2E/
iBZwAg,,W1JlbnRhbCBJdGVtcyBNYW5hZ2VyXQpIZXJlIGlzIFdvRSBURSBHYXRsaW5nIEd1bi4KXjRENERGRlRoaXMgaXRlbSBpcyBlZmZlY3RpdmUgZm9yIHRoZSBuZXh0IDI0IGhvdXJzXjAwMDAwMCBhZnRlciB0aGF0IHRpbWUgZXhwaXJlcywgaXQgd2lsbCBkaXNhcHBlYXIuCkRvIHlvdSBuZWVkIGFueXRoaW5nIGVsc2U/,,,,,W0dlcmVudGUgZGUgSXRlbnMgZGUgQWx1Z3VlbF0KQXF1aSBlc3TDoSBhIE1ldHJhbGhhZG9yYSBHYXRsaW5nIGRvIFdvRSBURS4Ke0VzdGUgaXRlbSDDqSB2w6FsaWRvIHBlbGFzIHByw7N4aW1hcyAyNCBob3Jhc14wMDAwMDAgYXDDs3MgbyB0w6lybWlubyBkZXNzZSBwZXLDrW9kbywgZWxlIGRlc2FwYXJlY2Vyw6EuClZvY8OqIHByZWNpc2EgZGUgbWFpcyBhbGd1bWEgY29pc2E/,,W0FkbWluaXN0cmFkb3IgZGUgb2JqZXRvcyBlbiBhbHF1aWxlcl0KQXF1w60gdGllbmVzIGxhIEFtZXRyYWxsYWRvcmEgZGUgbGEgVEUgZGUgbGEgR3VlcnJhIGRlbCBFbXBlcml1bS4KXjRENERGRkVzdGUgb2JqZXRvIGR1cmEgMjQgaG9yYXNeMDAwMDAwLCB1bmEgdmV6IHRyYW5zY3VycmlkbyBlc2UgdGllbXBvLCBkZXNhcGFyZWNlcsOhLgrCv05lY2VzaXRhcyBhbGd1bmEgb3RyYSBjb3NhPw==
iRZwAg,,W1JlbnRhbCBJdGVtcyBNYW5hZ2VyXQpZb3UgYWxyZWFkeSBoYXZlIGEgV29FIFRFIFNob3RndW4uCkRvIHlvdSBuZWVkIGFueXRoaW5nIGVsc2U/,,,,,W0dlcmVudGUgZGUgSXRlbnMgZGUgQWx1Z3VlbF0KVm9jw6ogasOhIHRlbSB1bWEgRXNwaW5nYXJkYSBkbyBXb0UgVEUuClByZWNpc2EgZGUgbWFpcyBhbGd1bWEgY29pc2E/,,W0FkbWluaXN0cmFkb3IgZGUgb2JqZXRvcyBlbiBhbHF1aWxlcl0KWWEgdGllbmVzIHVuYSBFc2NvcGV0YSBkZSBsYSBURSBkZSBsYSBHdWVycmEgZGVsIEVtcGVyaXVtLgrCv05lY2VzaXRhcyBhbGd1bmEgb3RyYSBjb3NhPw==
ihZwAg,,W1JlbnRhbCBJdGVtcyBNYW5hZ2VyXQpIZXJlIGlzIFdvRSBURSBTaG90Z3VuLgpeNEQ0REZGVGhpcyBpdGVtIGlzIGVmZmVjdGl2ZSBmb3IgdGhlIG5leHQgMjQgaG91cnNeMDAwMDAwIGFmdGVyIHRoYXQgdGltZSBleHBpcmVzLCBpdCB3aWxsIGRpc2FwcGVhci4KRG8geW91IG5lZWQgYW55dGhpbmcgZWxzZT8=,,,,,W0dlcmVudGUgZGUgSXRlbnMgZGUgQWx1Z3VlbF0KQXF1aSBlc3TDoSBhIEVzcGluZ2FyZGEgZG8gV29FIFRFLgpeNEQ0REZGRXN0ZSBpdGVtIMOpIHbDoWxpZG8gcGVsYXMgcHLDs3hpbWFzIDI0IGhvcmFzXjAwMDAwMCBhcMOzcyBvIHTDqXJtaW5vIGRlc3NlIHBlcsOtb2RvLCBlbGUgZGVzYXBhcmVjZXLDoS4KVm9jw6ogcHJlY2lzYSBkZSBtYWlzIGFsZ3VtYSBjb2lzYT8=,,W0FkbWluaXN0cmFkb3IgZGUgb2JqZXRvcyBlbiBhbHF1aWxlcl0KQXF1w60gdGllbmVzIGxhIEVzY29wZXRhIGRlIGxhIFRFIGRlIGxhIEd1ZXJyYSBkZWwgRW1wZXJpdW0uCl40RDRERkZFc3RlIG9iamV0byBkdXJhIDI0IGhvcmFzXjAwMDAwMCwgdW5hIHZleiB0cmFuc2N1cnJpZG8gZXNlIHRpZW1wbywgZGVzYXBhcmVjZXLDoS4Kwr9OZWNlc2l0YXMgYWxndW5hIG90cmEgY29zYT8=
ixZwAg,,W1JlbnRhbCBJdGVtcyBNYW5hZ2VyXQpZb3UgYWxyZWFkeSBoYXZlIGEgV29FIFRFIEdyZW5hZGUgR3VuLgpEbyB5b3UgbmVlZCBhbnl0aGluZyBlbHNlPw==,,,,,W0dlcmVudGUgZGUgSXRlbnMgZGUgQWx1Z3VlbF0KVm9jw6ogasOhIHRlbSB1bWEgQXJtYSBkZSBHcmFuYWRhIGRvIFdvRSBURS4KUHJlY2lzYSBkZSBtYWlzIGFsZ3VtYSBjb2lzYT8=,,W0FkbWluaXN0cmFkb3IgZGUgb2JqZXRvcyBlbiBhbHF1aWxlcl0KWWEgdGllbmVzIHVuIExhbnphZ3JhbmFkYXMgZGUgbGEgVEUgZGUgbGEgR3VlcnJhIGRlbCBFbXBlcml1bS4Kwr9OZWNlc2l0YXMgYWxndW5hIG90cmEgY29zYT8=
jBZwAg,,W1JlbnRhbCBJdGVtcyBNYW5hZ2VyXQpIZXJlIGlzIFdvRSBURSBHcmVuYWRlIEd1bi4KXjRENERGRlRoaXMgaXRlbSBpcyBlZmZlY3RpdmUgZm9yIHRoZSBuZXh0IDI0IGhvdXJzXjAwMDAwMCBhZnRlciB0aGF0IHRpbWUgZXhwaXJlcywgaXQgd2lsbCBkaXNhcHBlYXIuCkRvIHlvdSBuZWVkIGFueXRoaW5nIGVsc2U/,,,,,W0dlcmVudGUgZGUgSXRlbnMgZGUgQWx1Z3VlbF0KQXF1aSBlc3TDoSBhIEFybWEgZGUgR3JhbmFkYSBkbyBXb0UgVEUuCl40RDRERkZFc3RlIGl0ZW0gw6kgdsOhbGlkbyBwZWxhcyBwcsOzeGltYXMgMjQgaG9yYXNeMDAwMDAwIGFww7NzIG8gdMOpcm1pbm8gZGVzc2UgcGVyw61vZG8sIGVsZSBkZXNhcGFyZWNlcsOhLgpWb2PDqiBwcmVjaXNhIGRlIG1haXMgYWxndW1hIGNvaXNhPw==,,W0FkbWluaXN0cmFkb3IgZGUgb2JqZXRvcyBlbiBhbHF1aWxlcl0KQXF1w60gdGllbmVzIGVsIExhbnphZ3JhbmFkYXMgZGUgbGEgVEUgZGUgbGEgR3VlcnJhIGRlbCBFbXBlcml1bS4KXjRENERGRkVzdGUgb2JqZXRvIGR1cmEgMjQgaG9yYXNeMDAwMDAwLCB1bmEgdmV6IHRyYW5zY3VycmlkbyBlc2UgdGllbXBvLCBkZXNhcGFyZWNlcsOhLgrCv05lY2VzaXRhcyBhbGd1bmEgb3RyYSBjb3NhPw==
jRZwAg,,W1JlbnRhbCBJdGVtcyBNYW5hZ2VyXQpZb3UgYWxyZWFkeSBoYXZlIGEgV29FIFRFIEd1aXRhci4KRG8geW91IG5lZWQgYW55dGhpbmcgZWxzZT8=,,,,,W0dlcmVudGUgZGUgSXRlbnMgZGUgQWx1Z3VlbF0KVm9jw6ogasOhIHRlbSB1bWEgZ3VpdGFycmEgZG8gV29FIFRFLgpQcmVjaXNhIGRlIG1haXMgYWxndW1hIGNvaXNhPw==,,W0FkbWluaXN0cmFkb3IgZGUgb2JqZXRvcyBlbiBhbHF1aWxlcl0KWWEgdGllbmVzIHVuYSBHdWl0YXJyYSBkZSBsYSBURSBkZSBsYSBHdWVycmEgZGVsIEVtcGVyaXVtLgrCv05lY2VzaXRhcyBhbGd1bmEgb3RyYSBjb3NhPw==
jhZwAg,,W1JlbnRhbCBJdGVtcyBNYW5hZ2VyXQpIZXJlIGlzIFdvRSBURSBHdWl0YXIuCl40RDRERkZUaGlzIGl0ZW0gaXMgZWZmZWN0aXZlIGZvciB0aGUgbmV4dCAyNCBob3Vyc14wMDAwMDAgYWZ0ZXIgdGhhdCB0aW1lIGV4cGlyZXMsIGl0IHdpbGwgZGlzYXBwZWFyLgpEbyB5b3UgbmVlZCBhbnl0aGluZyBlbHNlPw==,,,,,W0dlcmVudGUgZGUgSXRlbnMgZGUgQWx1Z3VlbF0KQXF1aSBlc3TDoSBhIEd1aXRhcnJhIGRvIFdvRSBURS4KXjRENERGRkVzdGUgaXRlbSDDqSB2w6FsaWRvIHBlbGFzIHByw7N4aW1hcyAyNCBob3Jhc14wMDAwMDAgYXDDs3MgbyB0w6lybWlubyBkZXNzZSBwZXLDrW9kbywgZWxlIGRlc2FwYXJlY2Vyw6EuClZvY8OqIHByZWNpc2EgZGUgbWFpcyBhbGd1bWEgY29pc2E/,,W0FkbWluaXN0cmFkb3IgZGUgb2JqZXRvcyBlbiBhbHF1aWxlcl0KQXF1w60gdGllbmVzIGxhIEd1aXRhcnJhIGRlIGxhIFRFIGRlIGxhIEd1ZXJyYSBkZWwgRW1wZXJpdW0uCl40RDRERkZFc3RlIG9iamV0byBkdXJhIDI0IGhvcmFzXjAwMDAwMCwgdW5hIHZleiB0cmFuc2N1cnJpZG8gZXNlIHRpZW1wbywgZGVzYXBhcmVjZXLDoS4Kwr9OZWNlc2l0YXMgYWxndW5hIG90cmEgY29zYT8=
jxZwAg,,W1JlbnRhbCBJdGVtcyBNYW5hZ2VyXQpZb3UgYWxyZWFkeSBoYXZlIGEgV29FIFRFIFJvcGUuCkRvIHlvdSBuZWVkIGFueXRoaW5nIGVsc2U/,,,,,W0dlcmVudGUgZGUgSXRlbnMgZGUgQWx1Z3VlbF0KVm9jw6ogasOhIHRlbSB1bWEgQ29yZGEgZG8gV29FIFRFLgpQcmVjaXNhIGRlIG1haXMgYWxndW1hIGNvaXNhPw==,,W0FkbWluaXN0cmFkb3IgZGUgb2JqZXRvcyBlbiBhbHF1aWxlcl0KWWEgdGllbmVzIHVuYSBDdWVyZGEgZGUgbGEgVEUgZGUgbGEgR3VlcnJhIGRlbCBFbXBlcml1bS4Kwr9OZWNlc2l0YXMgYWxndW5hIG90cmEgY29zYT8=
kBZwAg,,W1JlbnRhbCBJdGVtcyBNYW5hZ2VyXQpIZXJlIGlzIFdvRSBURSBSb3BlLgpeNEQ0REZGVGhpcyBpdGVtIGlzIGVmZmVjdGl2ZSBmb3IgdGhlIG5leHQgMjQgaG91cnNeMDAwMDAwIGFmdGVyIHRoYXQgdGltZSBleHBpcmVzLCBpdCB3aWxsIGRpc2FwcGVhci4KRG8geW91IG5lZWQgYW55dGhpbmcgZWxzZT8=,,,,,W0dlcmVudGUgZGUgSXRlbnMgZGUgQWx1Z3VlbF0KQXF1aSBlc3TDoSBhIENvcmRhIGRvIFdvRSBURS4KXjRENERGRkVzdGUgaXRlbSDDqSB2w6FsaWRvIHBlbGFzIHByw7N4aW1hcyAyNCBob3Jhc14wMDAwMDAgYXDDs3MgbyB0w6lybWlubyBkZXNzZSBwZXLDrW9kbywgZWxlIGRlc2FwYXJlY2Vyw6EuClZvY8OqIHByZWNpc2EgZGUgbWFpcyBhbGd1bWEgY29pc2E/,,W0FkbWluaXN0cmFkb3IgZGUgb2JqZXRvcyBlbiBhbHF1aWxlcl0KQXF1w60gdGllbmVzIGxhIEN1ZXJkYSBkZSBsYSBURSBkZSBsYSBHdWVycmEgZGVsIEVtcGVyaXVtLgpeNEQ0REZGRXN0ZSBvYmpldG8gZHVyYSAyNCBob3Jhc14wMDAwMDAsIHVuYSB2ZXogdHJhbnNjdXJyaWRvIGVzZSB0aWVtcG8sIGRlc2FwYXJlY2Vyw6EuCsK/TmVjZXNpdGFzIGFsZ3VuYSBvdHJhIGNvc2E/
kRZwAg,,W1JlbnRhbCBJdGVtcyBNYW5hZ2VyXQpDb21lIGJhY2sgYW55dGltZSB0aGVuLg==,,,,,W0dlcmVudGUgZGUgSXRlbnMgZGUgQWx1Z3VlbF0KVm9sdGUgc2VtcHJlIHF1ZSBxdWlzZXIu,,W0FkbWluaXN0cmFkb3IgZGUgb2JqZXRvcyBlbiBhbHF1aWxlcl0KVnVlbHZlIGN1YW5kbyBxdWllcmFzLg==
khZwAg,,W1JlbnRhbCBJdGVtcyBNYW5hZ2VyXQpXZSBvZmZlciB2YXJpb3VzIGJhdHRsZWdlYXJzIHRoYXQgeW91IGNhbiB1c2UgaW4gdGhlIHJlZ2lvbnMgb2YgR2xvcmlhIGFuZCBLYWZyYWdhcnRlbiBiYXNlZCBvbiB0aGUgcnVsZXMgb2YgV29FIFRFLg==,,,,,W0dlcmVudGUgZGUgSXRlbnMgZGUgQWx1Z3VlbF0KT2ZlcmVjZW1vcyB2w6FyaW9zIGVxdWlwYW1lbnRvcyBkZSBiYXRhbGhhIHF1ZSB2b2PDqiBwb2RlIHVzYXIgbmFzIHJlZ2nDtWVzIGRlIEdsw7NyaWEgZSBLYWZyYWdhcnRlbiBjb20gYmFzZSBuYXMgcmVncmFzIGRvIFdvRSBURS4=,,W0FkbWluaXN0cmFkb3IgZGUgb2JqZXRvcyBlbiBhbHF1aWxlcl0KT2ZyZWNlbW9zIGVxdWlwYW1pZW50byBkZSBjb21iYXRlIHF1ZSBwdWVkZXMgdXNhciBlbiBsYXMgcmVnaW9uZXMgZGUgR2xvcmlhIHkgS2FmcmFnYXJ0ZW4sIHNlZ8O6biBsYXMgcmVnbGFzIGRlIGxhIFRFIGRlIGxhIEd1ZXJyYSBkZWwgRW1wZXJpdW0u
kxZwAg,,W1JlbnRhbCBJdGVtcyBNYW5hZ2VyXQpJJ20gc29ycnkgYnV0IHlvdXIgam9iIGNsYXNzIGlzIG5vdCBhbGxvd2VkIHRvIHBhcnRpY2lwYXRlIGluIFdvRSBURS4KSSdtIGFmcmFpZCBJIGNhbid0IG9mZmVyIGFueSBpdGVtcyB0byB5b3UuIA==,,,,,W0dlcmVudGUgZGUgSXRlbnMgZGUgQWx1Z3VlbF0KU2ludG8gbXVpdG8sIG1hcyBzdWEgY2xhc3NlIGRlIHRyYWJhbGhvIG7Do28gdGVtIHBlcm1pc3PDo28gcGFyYSBwYXJ0aWNpcGFyIGRvIFdvRSBURS4KSW5mZWxpem1lbnRlLCBuw6NvIHBvc3NvIG9mZXJlY2VyIG5lbmh1bSBpdGVtIGEgdm9jw6ou,,W0FkbWluaXN0cmFkb3IgZGUgb2JqZXRvcyBlbiBhbHF1aWxlcl0KTG8gc2llbnRvLCBwZXJvIHR1IGNsYXNlIG5vIHB1ZWRlIHBhcnRpY2lwYXIgZW4gbGEgVEUgZGUgbGEgR3VlcnJhIGRlbCBFbXBlcml1bS4KTWUgdGVtbyBxdWUgbm8gcHVlZG8gb2ZyZWNlcnRlIG5pbmfDum4gb2JqZXRvLiA=
lBZwAg,,W1JlbnRhbCBJdGVtcyBNYW5hZ2VyXQpeNEQ0REZGIFdlIG9mZmVyIHZhcmlvdXMgYmF0dGxlZ2VhcnMgdGhhdCB5b3UgY2FuIHVzZSBpbiB0aGUgcmVnaW9ucyBvZiBHbG9yaWEgYW5kIEthZnJhZ2FydGVuIGJhc2VkIG9uIHRoZSBydWxlcyBvZiBXb0UgVEUuXjAwMDAwMA==,,,,,W0dlcmVudGUgZGUgSXRlbnMgZGUgQWx1Z3VlbF0KXjRENERGRiBPZmVyZWNlbW9zIHbDoXJpb3MgZXF1aXBhbWVudG9zIGRlIGJhdGFsaGEgcXVlIHZvY8OqIHBvZGUgdXNhciBuYXMgcmVnacO1ZXMgZGUgR2zDs3JpYSBlIEthZnJhZ2FydGVuIGNvbSBiYXNlIG5hcyByZWdyYXMgZG8gV29FIFRFLg==,,W0FkbWluaXN0cmFkb3IgZGUgb2JqZXRvcyBlbiBhbHF1aWxlcl0KXjRENERGRk9mcmVjZW1vcyBlcXVpcGFtaWVudG8gZGUgY29tYmF0ZSBxdWUgcHVlZGVzIHVzYXIgZW4gbGFzIHJlZ2lvbmVzIGRlIEdsb3JpYSB5IEthZnJhZ2FydGVuLCBzZWfDum4gbGFzIHJlZ2xhcyBkZSBsYSBURSBkZSBsYSBHdWVycmEgZGVsIEVtcGVyaXVtLl4wMDAwMDA=
lRZwAg,,W1JlbnRhbCBJdGVtcyBNYW5hZ2VyXQpeNEQ0REZGIFlvdSBoYXZlIHRvIGJlIEx2IDQwIG9yIGhpZ2hlciBpbiBvcmRlciB0byByZW50IGFuIGl0ZW0uXjAwMDAwMApTZWxlY3QgdGhlIGRlc2lyZWQgZXF1aXBtZW50Lg==,,,,,W0dlcmVudGUgZGUgSXRlbnMgZGUgQWx1Z3VlbF0KXjRENERGRiDDiSBuZWNlc3PDoXJpbyB0ZXIgbsOtdmVsIDQwIG91IHN1cGVyaW9yIHBhcmEgYWx1Z2FyIHVtIGl0ZW0uClNlbGVjaW9uZSBvIGVxdWlwYW1lbnRvIGRlc2VqYWRvLg==,,W0FkbWluaXN0cmFkb3IgZGUgb2JqZXRvcyBlbiBhbHF1aWxlcl0KXjRENERGRlRpZW5lcyBxdWUgc2VyIG5pdmVsIDQwIG8gc3VwZXJpb3IgcGFyYSBwb2RlciBhbHF1aWxhciB1biBvYmpldG8uXjAwMDAwMApTZWxlY2Npb25hIGVsIGVxdWlwYW1pZW50byBxdWUgcXVpZXJhcy4=
lhZwAg,,W1JlbnRhbCBJdGVtcyBNYW5hZ2VyXQpZb3UgYWxyZWFkeSBoYXZlIGEgV29FIFRFIEJ1Y2tsZXIuCkRvIHlvdSBuZWVkIGFueXRoaW5nIGVsc2U/,,,,,W0dlcmVudGUgZGUgSXRlbnMgZGUgQWx1Z3VlbF0KVm9jw6ogasOhIHRlbSB1bSBCcm9xdWVsIGRvIFdvRSBURS4KUHJlY2lzYSBkZSBtYWlzIGFsZ3VtYSBjb2lzYT8=,,W0FkbWluaXN0cmFkb3IgZGUgb2JqZXRvcyBlbiBhbHF1aWxlcl0KWWEgdGllbmVzIHVuIEJyb3F1ZWwgZGUgbGEgVEUgZGUgbGEgR3VlcnJhIGRlbCBFbXBlcml1bS4Kwr9OZWNlc2l0YXMgYWxndW5hIG90cmEgY29zYT8=
lxZwAg,,W1JlbnRhbCBJdGVtcyBNYW5hZ2VyXQpIZXJlIGlzIFdvRSBURSBCdWNrbGVyLgpeNEQ0REZGVGhpcyBpdGVtIGlzIGVmZmVjdGl2ZSBmb3IgdGhlIG5leHQgMjQgaG91cnNeMDAwMDAwIGFmdGVyIHRoYXQgdGltZSBleHBpcmVzLCBpdCB3aWxsIGRpc2FwcGVhci4KRG8geW91IG5lZWQgYW55dGhpbmcgZWxzZT8=,,,,,W0dlcmVudGUgZGUgSXRlbnMgZGUgQWx1Z3VlbF0KQXF1aSBlc3TDoSBvIEJyb3F1ZWwgZG8gV29FIFRFLgpeNEQ0REZGRXN0ZSBpdGVtIMOpIHbDoWxpZG8gcGVsYXMgcHLDs3hpbWFzIDI0IGhvcmFzXjAwMDAwMCBhcMOzcyBvIHTDqXJtaW5vIGRlc3NlIHBlcsOtb2RvLCBlbGUgZGVzYXBhcmVjZXLDoS4KVm9jw6ogcHJlY2lzYSBkZSBtYWlzIGFsZ3VtYSBjb2lzYT8=,,W0FkbWluaXN0cmFkb3IgZGUgb2JqZXRvcyBlbiBhbHF1aWxlcl0KQXF1w60gdGllbmVzIGVsIEJyb3F1ZWwgZGUgbGEgVEUgZGUgbGEgR3VlcnJhIGRlbCBFbXBlcml1bS4KXjRENERGRkVzdGUgb2JqZXRvIGR1cmEgMjQgaG9yYXNeMDAwMDAwLCB1bmEgdmV6IHRyYW5zY3VycmlkbyBlc2UgdGllbXBvLCBkZXNhcGFyZWNlcsOhLgrCv05lY2VzaXRhcyBhbGd1bmEgb3RyYSBjb3NhPw==
mBZwAg,,W1JlbnRhbCBJdGVtcyBNYW5hZ2VyXQpeNEQ0REZGIFlvdSBoYXZlIHRvIGJlIExldmVsIDQwIG9yIGhpZ2hlciBpbiBvcmRlciB0byByZW50IGFuIGl0ZW0uXjAwMDAwMApTZWxlY3QgdGhlIGRlc2lyZWQgZXF1aXBtZW50Lg==,,,,,W0dlcmVudGUgZGUgSXRlbnMgZGUgQWx1Z3VlbF0KXjRENERGRiDDiSBuZWNlc3PDoXJpbyB0ZXIgbsOtdmVsIDQwIG91IHN1cGVyaW9yIHBhcmEgYWx1Z2FyIHVtIGl0ZW0uClNlbGVjaW9uZSBvIGVxdWlwYW1lbnRvIGRlc2VqYWRvLg==,,W0FkbWluaXN0cmFkb3IgZGUgb2JqZXRvcyBlbiBhbHF1aWxlcl0KXjRENERGRlRpZW5lcyBxdWUgc2VyIGRlIG5pdmVsIDQwIG8gc3VwZXJpb3IgcGFyYSBwb2RlciBhbHF1aWxhciB1biBvYmpldG8uXjAwMDAwMApTZWxlY2Npb25hIGVsIGVxdWlwYW1pZW50byBxdWUgcXVpZXJhcy4=
mRZwAg,,XjRENERGRldvRSBURSBUd28tSGFuZGVkIEF4ZSAtIHJlbnRpbmdeMDAwMDAw,,,,,ezddTWFjaGFkbyBkZSBEdWFzIE3Do29zIGRvIFdvRSBURSAtIGFsdWd1ZWxeMDAwMDAw,,XjRENERGRkhhY2hhIGRlIGRvcyBtYW5vcyBkZSBsYSBURSBkZSBsYSBHdWVycmEgZGVsIEVtcGVyaXVtIC0gQWxxdWlsZXJeMDAwMDAw
