oM9LAw,,UmFnZ2VkIE1hbg==,,,,,TWFsdHJhcGlsaG8=,,SG9tYnJlIGFuZHJham9zbw==
oc9LAw,,W1JhZ2dlZCBNYW5dCkgtaGVsbG8/IFdvdWxkIHlvdSBoZWxwIG1lPwpZb3UnZCBiZSBzYXZpbmcgdGhpcyBwb29yIG1hbidzCmxpZmUgaWYgeW91IHdvdWxkIGp1c3QgZG8gbWUKdGhpcyBmYXZvci4gUGxlYXNlLi4u,,,,,W01hbHRyYXBpbGhvXQpPbMOhPyBPIHNlbmhvciBwb2RlcmlhIG1lIGFqdWRhcj8KVm9jw6ogZXN0YXJpYSBzYWx2YW5kbyBhIHZpZGEgZGVzdGUgcG9icmUgaG9tZW0KdmlkYSBkZXN0ZSBwb2JyZSBob21lbSBzZSBtZSBmaXplc3NlCmVzdGUgZmF2b3IuIFBvciBmYXZvci4uLg==,,W0hvbWJyZSBhbmRyYWpvc29dCsK/TWUgYXl1ZGFyw61hcz8KRXN0YXLDrWFzIHNhbHZhbmRvIGxhIHZpZGEgZGUgZXN0ZSBwb2JyZSBob21icmUKc2kgbWUgaGljaWVyYXMKZXN0ZSBmYXZvci4gUG9yIGZhdm9y4oCm
os9LAw,,SG93IG1heSBJIGhlbHAgeW91Pw==,,,,,Q29tbyBwb3NzbyBhanVkw6EtbG8/,,wr9FbiBxdcOpIHB1ZWRvIGF5dWRhcnRlPw==
o89LAw,,SWdub3JlIEhpbQ==,,,,,SWdub3JlLW8=,,SWdub3JhcmxvLg==
pM9LAw,,W3t9XQpPa2F5LCB3aGF0IGNhbiBJIGRvIHRvIGhlbHA/,,,,,W3t9XQpPaywgbyBxdWUgcG9zc28gZmF6ZXIgcGFyYSBhanVkYXI/,,W3t9XQpCaWVuLCDCv3F1w6kgcHVlZG8gaGFjZXIgcGFyYSBheXVkYXI/
pc9LAw,,W1JhZ2dlZCBNYW5dCk9oLCB0aGFuayB5b3Ugc28gbXVjaCEKSXQgZmVlbHMgc28gZ29vZCB0byB0YWxrIHRvCnNvbWVvbmUgYWZ0ZXIgYmVpbmcgaWdub3JlZAphbGwgdGhpcyB0aW1lISBJIG1pZ2h0IGFwcGVhciB0b15GRkZGRkYgIF4wMDAwMDAgYmUgYSBiZWdnYXIsIGJ1dCBJJ20gYWN0dWFsbHkgYQp0cmVhc3VyZSBodW50ZXIgZnJvbSBQcm9udGVyYS4=,,,,,W01hbHRyYXBpbGhvXQpPaCwgbXVpdG8gb2JyaWdhZG8hCsOJIG11aXRvIGJvbSBjb252ZXJzYXIgY29tCmFsZ3XDqW0gZGVwb2lzIGRlIHNlciBpZ25vcmFkbwp0b2RvIGVzc2UgdGVtcG8hIFBvc3NvIHBhcmVjZXJeRkZGRkZGIF4wMDAwMDAgc2VyIHVtIG1hbHRyYXBpbGhvLCBtYXMgbmEgdmVyZGFkZSBzb3UgdW0KY2HDp2Fkb3IgZGUgdGVzb3Vyb3MgZGUgUHJvbnRlcmEu,,W0hvbWJyZSBhbmRyYWpvc29dCkF5LCDCoW11Y2hhcyBncmFjaWFzIQrCoVNlIHNpZW50ZSB0YW4gYmllbiBoYWJsYXIgY29uCmFsZ3VpZW4gZGVzcHXDqXMgZGUgcXVlIG1lIGlnbm9yYXJhbgp0b2RvIGVzdGUgdGllbXBvISBQdWVkZSBxdWVeRkZGRkZGIF4wMDAwMDBwYXJlemNhIHVuIG1lbmRpZ28sIHBlcm8gZW4gcmVhbGlkYWQgc295IHVuCmNhemFkb3IgZGUgdGVzb3JvcyBkZSBQcm9udGVyYS4=
ps9LAw,,VW1tLi4uIFNvPw==,,,,,SHVtbS4uLiBFIGRhw60/,,TW1t4oCmIMK/WT8=
p89LAw,,W1JhZ2dlZCBNYW5dCkkgd2FzIHNvIHN1cmUgSSBjb3VsZCBmaW5kCnRoZSB0cmVhc3VyZSBoZXJlIGluIE1vcnJvYwp3aGVuIEkgZmlyc3Qgc3RhcnRlZC4uLiBJIGRpZAphbGwgbXkgcmVzZWFyY2ggYW5kIHByZXAgd29yay4KQnV0IGFmdGVyIGhpcmluZyB0ZWFtcyBvZiBvdGhlcgpodW50ZXJzIGFuZCByZXNlYXJjaGVycy4uLg==,,,,,W01hbHRyYXBpbGhvXQpFdSB0aW5oYSB0YW50YSBjZXJ0ZXphIGRlIHF1ZSBwb2RlcmlhIGVuY29udHJhcgpvIHRlc291cm8gYXF1aSBlbSBNb3Jyb2MKcXVhbmRvIGNvbWVjZWkuLi4gRXUgZml6CnRvZGEgYSBtaW5oYSBwZXNxdWlzYSBlIHRyYWJhbGhvIGRlIHByZXBhcmHDp8Ojby4KTWFzIGRlcG9pcyBkZSBjb250cmF0YXIgZXF1aXBlcyBkZSBvdXRyb3MKY2HDp2Fkb3JlcyBlIHBlc3F1aXNhZG9yZXMuLi4=,,W0hvbWJyZSBhbmRyYWpvc29dCkVzdGFiYSB0YW4gc2VndXJvIGRlIGVuY29udHJhcgplbCB0ZXNvcm8gYXF1w60gZW4gTW9ycm9jCmN1YW5kbyBlbXBlY8OpLi4uIFJlYWxpY8OpCnRvZGEgbWkgaW52ZXN0aWdhY2nDs24geSB0cmFiYWpvIGRlIHByZXBhcmFjacOzbi4KUGVybyB0cmFzIGNvbnRyYXRhciBlcXVpcG9zIGRlCmNhemFkb3JlcyBlIGludmVzdGlnYWRvcmVzLi4u
qM9LAw,,W1JhZ2dlZCBNYW5dCkkndmUgc3BlbnQgbXkgZW50aXJlIGZvcnR1bmUsCmFuZCBJJ20gc3RpbGwgbm90IGFueSBjbG9zZXIKdG8gZmluZGluZyB0aGF0IHRyZWFzdXJlLgpJLi4uIEkgZG9uJ3QgZXZlbiBoYXZlIGVub3VnaAptb25leSB0byBnbyBiYWNrIGhvbWUh,,,,,W01hbHRyYXBpbGhvXQpHYXN0ZWkgdG9kYSBhIG1pbmhhIGZvcnR1bmEsCmUgYWluZGEgbsOjbyBlc3RvdSBuZW0gcGVydG8KZGUgZW5jb250cmFyIGVzc2UgdGVzb3Vyby4KTi4uLiBOw6NvIHRlbmhvIG5lbSBtZXNtbyAKZGluaGVpcm8gc3VmaWNpZW50ZSBwYXJhIHZvbHRhciBwYXJhIGNhc2Eh,,W0hvbWJyZSBhbmRyYWpvc29dCmdhc3TDqSB0b2RhIG1pIGZvcnR1bmEsCnkgc2lnbyBzaW4gZXN0YXIgY2VyY2EKZGUgZW5jb250cmFyIGVzZSB0ZXNvcm8uCllv4oCmIMKhTmkgc2lxdWllcmEgdGVuZ28gc3VmaWNpZW50ZQpkaW5lcm8gcGFyYSB2b2x2ZXIgYSBjYXNhIQ==
qc9LAw,,W1JhZ2dlZCBNYW5dCldvbid0IHlvdSBzcGFyZSBzb21lCm1vbmV5LCBzbyB0aGF0IEkgY2FuIGZpbmFsbHkKZ28gYmFjayBob21lIHRvIFByb250ZXJhPw==,,,,,W01hbHRyYXBpbGhvXQpWb2PDqiBuw6NvIHF1ZXIgcG91cGFyIGFsZ3VtCmRpbmhlaXJvLCBwYXJhIHF1ZSBldSBwb3NzYSBmaW5hbG1lbnRlCnZvbHRhciBwYXJhIGNhc2EgZW0gUHJvbnRlcmE/,,W0hvbWJyZSBhbmRyYWpvc29dCsK/Tm8gdGUgc29icmEgYWxnbyBkZQpkaW5lcm8gcGFyYSBxdWUgcG9yIGZpbiB5byBwdWVkYQp2b2x2ZXIgYSBjYXNhLCBhIFByb250ZXJhPw==
qs9LAw,,V2h5IGRvbid0IHlvdSBqdXN0IHdhbGs/,,,,,UG9yIHF1ZSB2b2PDqiBuw6NvIHZhaSBlbWJvcmE/,,wr9Qb3IgcXXDqSBubyBjYW1pbmFzPw==
q89LAw,,SSBjYW4gZ2l2ZSB5b3Ugc29tZSBtb25leS4=,,,,,UG9zc28gbGhlIGRhciBhbGd1bSBkaW5oZWlyby4=,,UHVlZG8gZGFydGUgYWxnbyBkZSBkaW5lcm8u
rM9LAw,,W1JhZ2dlZCBNYW5dCldoYXQ/IFlvdSBkb24ndCB0aGluayB0aGF0CmlmIEkgY291bGQgd2FsayB0byBQcm9udGVyYSwKSSdkIGhhdmUgZG9uZSBpdCBhbHJlYWR5PyEKV2h5IHdvdWxkIEkgZXZlbiBib3RoZXIgdG8KYmVnIGZvciBtb25leT8gRmluZSwgSSBkb24ndApuZWVkIHlvdXIgYnJhbmQgb2Ygc3ltcGF0aHku,,,,,W01hbHRyYXBpbGhvXQpPIHF1w6o/IFZvY8OqIG7Do28gYWNoYSBxdWUKc2UgZXUgcHVkZXNzZSBpciBhIHDDqSBhdMOpIFByb250ZXJhLApldSBqw6EgdGVyaWEgZmVpdG8gaXNzbz8hClBvciBxdWUgZXUgbWUgZGFyaWEgYW8gdHJhYmFsaG8gZGUKaW1wbG9yYXIgcG9yIGRpbmhlaXJvPyBUdWRvIGJlbSwgZXUgbsOjbwpwcmVjaXNvIGRlIHNldSB0aXBvIGRlIHNpbXBhdGlhLg==,,W0hvbWJyZSBhbmRyYWpvc29dCsK/UXXDqT8gwqHCv05vIGNyZWVzIHF1ZQpzaSB5byBwdWRpZXJhIGNhbWluYXIgaGFzdGEgUHJvbnRlcmEsCnlhIGxvIGhhYnLDrWEgaGVjaG8gYSBlc3RhIGFsdHVyYT8hCsK/UG9yIHF1w6kgbWUgdG9tYXLDrWEgbGEgbW9sZXN0aWEgZGUKbWVuZGlnYXIgZGluZXJvPyBFc3TDoSBiaWVuLCBubwpuZWNlc2l0byBlc2EgY2xhc2UgZGUgc2ltcGF0w61hLg==
rc9LAw,,W1JhZ2dlZCBNYW5dCllvdSBrbm93LCBJIGhhZCBhIGhvdCB0aXAKdGhhdCBJIHdhcyBnb2luZyB0byBsZXQgeW91CmluIG9uLCBidXQgaWYgeW91IGRvbid0IHdhbnQKdG8gc2hhcmUsIHRoZW4gbmVpdGhlciBkbyBJIQ==,,,,,W01hbHRyYXBpbGhvXQpTYWJlLCBldSB0aW5oYSB1bWEgZGljYSBxdWVudGUKcXVlIGV1IGlhIGxoZSBjb250YXIKbWFzLCBzZSB2b2PDqiBuw6NvIHF1aXNlcgpjb21wYXJ0aWxoYXIsIGVudMOjbyBldSB0YW1iw6ltIG7Do28gcXVlcm8h,,W0hvbWJyZSBhbmRyYWpvc29dClNhYmVzLCB0ZW7DrWEgYnVlbmEgaW5mb3JtYWNpw7NuCnBhcmEgcmV2ZWxhcnRlLApwZXJvIHNpIG5vIHF1aWVyZXMKY29tcGFydGlyLCDCoWVudG9uY2VzIHlvIHRhbXBvY28h
rs9LAw,,W1JhZ2dlZCBNYW5dCk9oLCB0aGFuayB5b3UhCkFueXRoaW5nIHlvdSBjYW4gc3BhcmUsCkknbGwgZ2xhZGx5IGFwcHJlY2lhdGUhCkdvZCBibGVzcyB5b3UsIGJsZXNzIHlvdSE=,,,,,W01hbHRyYXBpbGhvXQpPaCwgb2JyaWdhZG8hClF1YWxxdWVyIGNvaXNhIHF1ZSB2b2PDqiBwdWRlciBkaXNwZW5zYXIsCmV1IGFncmFkZWNlcmVpIGRlIGJvbSBncmFkbyEKRGV1cyBvcyBhYmVuw6dvZSwgb3MgYWJlbsOnb2Uh,,W0hvbWJyZSBhbmRyYWpvc29dCsKhQWgsIGdyYWNpYXMhCsKhTG8gcXVlIHRlIHNvYnJlCmxvIGFncmFkZWNlcsOpIGNvbiBtdWNobyBndXN0byEKwqFEaW9zIHRlIGJlbmRpZ2EhIMKhQmVuZGl0byBzZWFzIQ==
r89LAw,,W1JhZ2dlZCBNYW5dClVtbS4uLiBPaCwgZGVhci4uLgpZb3UncmUganVzdCBhcyBiYWQgb2ZmCmFzIEkgYW0uIEkgYXBwcmVjaWF0ZSBpdCwKYnV0IEkgY2FuJ3QgdGFrZSB5b3VyIG1vbmV5Lg==,,,,,W01hbHRyYXBpbGhvXQpIdW1tLi4uIE9oLCBtZXUgRGV1cy4uLgpWb2PDqiBlc3TDoSB0w6NvIG1hbCBxdWFudG8gZXUKY29tbyBldS4gRXUgYWdyYWRlw6dvLAptYXMgbsOjbyBwb3NzbyBhY2VpdGFyIHNldSBkaW5oZWlyby4=,,W0hvbWJyZSBhbmRyYWpvc29dCk1tbeKApiBEaW9zIG3DrW8uLi4KRXN0w6FzIHRhbiBtYWwKVGUgbG8gYWdyYWRlemNvLApwZXJvIG5vIHB1ZWRvIGFjZXB0YXIgdHUgZGluZXJvLg==
sM9LAw,,W1JhZ2dlZCBNYW5dCkl0J3MgYSBzaGFtZSwgcmVhbGx5LgpJZiB5b3UgaGFkIGdpdmVuIG1lIDEsMjAwCnplbnksIEkgd291bGQgaGF2ZSB0aXBwZWQKeW91IG9mZiB0byBzb21ldGhpbmcgYmlnLi4u,,,,,W01hbHRyYXBpbGhvXQrDiSB1bWEgcGVuYSwgZGUgZmF0by4KU2Ugdm9jw6ogdGl2ZXNzZSBtZSBkYWRvIDEuMjAwCnplbnksIGV1IHRlcmlhIGxoZSBkYWRvIGEgZGljYQpxdWUgaGF2aWEgYWxnbyBncmFuZGUuLi4=,,W0hvbWJyZSBhbmRyYWpvc29dCkVzIHVuYSB2ZXJkYWRlcmEgbMOhc3RpbWEuClNpIG1lIGh1YmllcmFzIGRhZG8gMTIwMAp6ZW55LCB0ZSBodWJpZXJhCmRhZG8gdW4gZ3JhbiBkYXRvLi4u
sc9LAw,,W1JhZ2dlZCBNYW5dCkxldCdzIHNlZS4uLiBJIGp1c3QgbmVlZAoxLDIwMCB6ZW55LiBUaGF0J3MgZW5vdWdoCmZvciBtZSB0byBnbyBiYWNrIGhvbWUuCk5vdywgSSBjYW4ndCBsZXQgeW91IGp1c3QKZ2l2ZSBtZSBtb25leSBhbmQgbGV0IHlvdQpsZWF2ZSBlbXB0eSBoYW5kZWQsIGNhbiBJPw==,,,,,W01hbHRyYXBpbGhvXQpWYW1vcyB2ZXIuLi4gRXUgc8OzIHByZWNpc28gZGUKMS4yMDAgemVueS4gSXNzbyDDqSBzdWZpY2llbnRlCnBhcmEgZXUgdm9sdGFyIHBhcmEgY2FzYS4KQWdvcmEsIG7Do28gcG9zc28gZGVpeGFyIApxdWUgdm9jw6ogc2ltcGxlc21lbnRlCm1lIGTDqiBkaW5oZWlybyBlIHbDoSBlbWJvcmEgZGUgbcOjb3MgdmF6aWFzLCBuw6NvIMOpPw==,,W0hvbWJyZSBhbmRyYWpvc29dClZlYW1vc+KApiBTw7NsbyBuZWNlc2l0bwoxMjAwIHplbnkuIEVzIHN1ZmljaWVudGUKcGFyYSBxdWUgdnVlbHZhIGEgY2FzYS4KQWhvcmEgYmllbiwgbm8gcHVlZG8gZGVqYXIgcXVlCm1lIGRlcyBkaW5lcm8geQp0ZSBxdWVkZXMgY29uIGxhcyBtYW5vcyB2YWPDrWFzLCDCv25vPw==
ss9LAw,,W1JhZ2dlZCBNYW5dClJlbWVtYmVyIHRoYXQgaGlkZGVuCnRyZWFzdXJlIEkgd2FzIGxvb2tpbmcgZm9yPwpUaGVyZSdzIGEgcnVtb3IgdGhhdCBpdHMKbG9jYXRpb24gaGFzIGZpbmFsbHkgYmVlbgpjb25maXJtZWQuIFdoeSBkb24ndCB5b3UKdHJ5IGZpbmRpbmcgaXQgZm9yIHlvdXJzZWxmPw==,,,,,W01hbHRyYXBpbGhvXQpMZW1icmEgZGFxdWVsZSB0ZXNvdXJvIGVzY29uZGlkbyAKcXVlIGV1IGVzdGF2YSBwcm9jdXJhbmRvPwpIw6EgdW0gYm9hdG8gZGUgcXVlIHN1YQpsb2NhbGl6YcOnw6NvIGZvaSBmaW5hbG1lbnRlCmNvbmZpcm1hZGEuIFBvciBxdWUgdm9jw6ogbsOjbwp0ZW50YSBlbmNvbnRyw6EtbG8gcG9yIHNpIG1lc21vPw==,,W0hvbWJyZSBhbmRyYWpvc29dCsK/UmVjdWVyZGFzIGVzZQp0ZXNvcm8gb2N1bHRvIHF1ZSBidXNjYWJhPwpTZSBydW1vcmVhIHF1ZSwgZmluYWxtZW50ZSwKc2UgY29uZmlybcOzCmxhIHViaWNhY2nDs24uIMK/UG9yIHF1w6kgbm8KaW50ZW50YXMgZW5jb250cmFybG8gcG9yIHR1IGN1ZW50YT8=
s89LAw,,W1JhZ2dlZCBNYW5dCkknZCByYXRoZXIgdGhhdCBpdCBlbmQgdXAgaW4KdGhlIGhhbmRzIG9mIHNvbWVvbmUgbGlrZQp5b3UgdGhhbiBhIHJpdmFsIHRyZWFzdXJlCmh1bnRlci4gVGhpcyBodW50ZXIgdGhhdApzdGF5cyBub3J0aCBpbiB0b3duIGFwcGFyZW50bHleRkZGRkZGICAgIF4wMDAwMDAgY29uZmlybWVkIHRoZSB0cmVhc3VyZSdzIGxvY2F0aW9uLg==,,,,,W01hbHRyYXBpbGhvXQpQcmVmaXJvIHF1ZSBlbGUgYWNhYmUgbmFzIG3Do29zCm5hcyBtw6NvcyBkZSBhbGd1w6ltIGNvbW8Kdm9jw6ogZG8gcXVlIGRlIHVtIGNhw6dhZG9yIApkZSB0ZXNvdXJvcyByaXZhbC4gRXNzZSBjYcOnYWRvciBxdWUKZmljYSBhbyBub3J0ZSBkYSBjaWRhZGUgYXBhcmVudGVtZW50ZV5GRkZGRkYgXjAwMDAwMCBjb25maXJtb3UgYSBsb2NhbGl6YcOnw6NvIGRvIHRlc291cm8u,,W0hvbWJyZSBhbmRyYWpvc29dClByZWZpZXJvIHF1ZSB0ZXJtaW5lIGVuCmxhcyBtYW5vcyBkZSBhbGd1aWVuIGNvbW8gdMO6CnF1ZSBlbiBsYXMgZGUgdW4gY2F6YWRvciBkZSB0ZXNvcm9zCnJpdmFsLiBBcGFyZW50ZW1lbnRlLCBlbCBjYXphZG9yIHF1ZQplc3TDoSBlbiBlbCBub3J0ZSBkZSBsYSBjaXVkYWReRkZGRkZGIF4wMDAwMDBjb25maXJtw7MgbGEgdWJpY2FjacOzbiBkZWwgdGVzb3JvLg==
tM9LAw,,W1JhZ2dlZCBNYW5dCk5vdywgSSBoZWFyIHRoYXQgdGhpcyBndXkKaGFzbid0IHJldHVybmVkIGhvbWUgeWV0LAphbmQgaGUgc3RpbGwgaGFzbid0IGZvdW5kCnRoZSB0cmVhc3VyZS4gSGUncyBwcm9iYWJseQpydW4gaW50byBhIHByZXR0eSBiYWQgc25hZy4=,,,,,W01hbHRyYXBpbGhvXQpBZ29yYSwgb3V2aSBkaXplciBxdWUgZXNzZSBjYXJhCmFpbmRhIG7Do28gdm9sdG91IHBhcmEgY2FzYSwKZSBhaW5kYSBuw6NvIGVuY29udHJvdQpvIHRlc291cm8uIEVsZSBwcm92YXZlbG1lbnRlCnNlIGRlcGFyb3UgY29tIHVtIG9ic3TDoWN1bG8gbXVpdG8gcnVpbS4=,,W0hvbWJyZSBhbmRyYWpvc29dCkFob3JhIGJpZW4sIG/DrSBxdWUgZXN0ZSB0aXBvCmHDum4gbm8gdm9sdmnDsyBhIGNhc2EsCnkgdG9kYXbDrWEgbm8gZW5jb250csOzCmVsIHRlc29yby4gUHJvYmFibGVtZW50ZQpzZSB0b3DDsyBjb24gdW4gaW5jb252ZW5pZW50ZSBiYXN0YW50ZSBncmFuZGUu
tc9LAw,,W1JhZ2dlZCBNYW5dCkkgZG91YnQgdGhhdCBoZSdsbCBsZXQgeW91Cmtub3cgdGhlIHRyZWFzdXJlJ3MgbG9jYXRpb24KZWFzaWx5LCBidXQgd2hvIGtub3dzPyBNYXliZQpoZSBtaWdodCBzbGlwLCBhbmQgYWNjaWRlbnRhbGx5CmdpdmUgeW91IHNvbWUga2luZCBvZiBjbHVlLg==,,,,,W01hbHRyYXBpbGhvXQpEdXZpZG8gcXVlIGVsZSBsaGUgZGlnYQpzYWJlciBhIGxvY2FsaXphw6fDo28gZG8gdGVzb3VybwpmYWNpbG1lbnRlLCBtYXMgcXVlbSBzYWJlPyAKVGFsdmV6IGVsZSBjb21ldGEgdW0gZGVzbGl6ZSBlIGFjaWRlbnRhbG1lbnRlCmxoZSBkw6ogYWxndW0gdGlwbyBkZSBwaXN0YS4=,,W0hvbWJyZSBhbmRyYWpvc29dCkR1ZG8gcXVlIHRlIHJldmVsZQpsYSB1YmljYWNpw7NuIGRlbCB0ZXNvcm8KZsOhY2lsbWVudGUsIHBlcm8gwr9xdWnDqW4gc2FiZT8gUXVpesOhCnNlIGxlIGVzY2FwZSB5IHRlIGRlCmFsZ3VuYSBwaXN0YSBwb3IgYWNjaWRlbnRlLg==
ts9LAw,,W1JhZ2dlZCBNYW5dClBsZWFzZSEgUGxlYXNlLCB3YWl0IQpZb3UncmUgYW4gYWR2ZW50dXJlciwgYXJlbid0CnlvdT8gSSBoYXZlIHNvbWUgdmFsdWFibGUKaW5mb3JtYXRpb24gdG8gc2hhcmUgaWYgeW91J2QKanVzdCBzcGFyZSBtZSBzb21lLi4uIEhleSEKQ29tZSBiYWNrISBOby4uLiBJIGp1c3QuLi4=,,,,,W01hbHRyYXBpbGhvXQpQb3IgZmF2b3IhIFBvciBmYXZvciwgZXNwZXJlIQpWb2PDqiDDqSB1bSBhdmVudHVyZWlybywgbsOjbyDDqT8gClRlbmhvIGFsZ3VtYXMgaW5mb3JtYcOnw7VlcyB2YWxpb3NhcyAKcGFyYSBjb21wYXJ0aWxoYXIsIApzZSB2b2PDqiBwdWRlciBtZSBkYXIgdW0gcG91Y28uLi4gRWkhClZvbHRlIGFxdWkhIE7Do28uLi4gZXUgc8OzLi4u,,W0hvbWJyZSBhbmRyYWpvc29dCsKhUG9yIGZhdm9yISDCoVBvciBmYXZvciwgZXNwZXJhIQpFcmVzIHRyb3RhbXVuZG9zLCDCv25vPwpjb21vIHTDuiEgVGVuZ28gaW5mb3JtYWNpw7NuCnZhbGlvc2EgcGFyYSBjb21wYXJ0aXIgc2kKdGUgc29icmEgdW4gcG9jbyBkZS4uLiDCoU95ZSEKVnVlbHZlIE5v4oCmIFNvbG/igKY=
t89LAw,,W1JhZ2dlZCBNYW5dCk9oLCBJIHJlbWVtYmVyIHlvdS4KWW91IG11c3QgcmVhbGx5IHdhbnQgdGhhdAp0cmVhc3VyZSBub3csIGRvIHlvdT8gSnVzdApnaXZlIG1lIDEsMjAwIHplbnkgZm9yIG1lCnRvIGdvIGJhY2sgaG9tZSwgYW5kIEknbGwKdGVsbCB5b3UgZXZlcnl0aGluZyBJIGtub3cu,,,,,W01hbHRyYXBpbGhvXQpPaCwgZXUgbWUgbGVtYnJvIGRlIHZvY8OqLgpWb2PDqiBkZXZlIHF1ZXJlciBtZXNtbyBhcXVlbGUKdGVzb3VybyBhZ29yYSwgbsOjbyDDqT8gQXBlbmFzCm1lIGTDqiAxLjIwMCB6ZW55IHBhcmEgZXUKcGFyYSBldSB2b2x0YXIgcGFyYSBjYXNhLCBlIGV1IHZvdQpsaGUgY29udGFyZWkgdHVkbyBvIHF1ZSBzZWku,,W0hvbWJyZSBhbmRyYWpvc29dCk9oLCBtZSBhY3VlcmRvIGRlIHRpLgpSZWFsbWVudGUgcXVpZXJlcyBlc2UKdGVzb3JvIGFob3JhLCDCv3ZlcmRhZD8gU29sbwpkYW1lIDEyMDAgemVueSBhc8OtIHB1ZWRvCnZvbHZlciBhIGNhc2EsIHkgdGUKZGlyw6kgdG9kbyBsbyBxdWUgc8OpLg==
uM9LAw,,R2l2ZSBNb25leQ==,,,,,RGFyIGRpbmhlaXJv,,RGFyIGRpbmVybw==
uc9LAw,,RG9uJ3QgR2l2ZSBNb25leQ==,,,,,TsOjbyBkw6ogZGluaGVpcm8=,,Tm8gZGFyIGRpbmVybw==
us9LAw,,W1JhZ2dlZCBNYW5dCkFoLCBnb29kIGNob2ljZSEKQW5kIHRoYW5rIHlvdSBzbyBtdWNoLgpJdCdsbCBiZSBncmVhdCB0byBmaW5hbGx5IGJlCmJhY2sgaG9tZSBpbiBQcm9udGVyYS4=,,,,,W01hbHRyYXBpbGhvXQpBaCwgYm9hIGVzY29saGEhCkUgbXVpdG8gb2JyaWdhZG8uClZhaSBzZXIgw7N0aW1vIGZpbmFsbWVudGUKdm9sdGFyIHBhcmEgY2FzYSBlbSBQcm9udGVyYQ==,,W0hvbWJyZSBhbmRyYWpvc29dCsKhQWgsIGJ1ZW5hIGVsZWNjacOzbiEKWSBtdWNoYXMgZ3JhY2lhcy4KU2Vyw6EgZXN0dXBlbmRvIHZvbHZlciwgZmluYWxtZW50ZSwKYSBjYXNhLCBhIFByb250ZXJhLg==
u89LAw,,W1JhZ2dlZCBNYW5dCldoYXQgdGgtLT8hIFRoaXMgaXNuJ3QKZW5vdWdoIG1vbmV5IGZvciBtZSB0byBnbwpiYWNrIGhvbWUhIFdlbGwsIGp1c3QgY29tZQpiYWNrIGxhdGVyIG9uY2UgeW91IHNjcm91bmdlCnVwIHRoZSBmdW5kcy4gSSdsbCBiZSB3YWl0aW5nLg==,,,,,W01hbHRyYXBpbGhvXQpPIHF1ZS4uLj8hIElzc28gbsOjbyDDqQpkaW5oZWlybyBzdWZpY2llbnRlIHBhcmEgZXUgdm9sdGFyIHBhcmEgY2FzYSEgCkJlbSwgw6kgc8OzIHZvbHRhciBtYWlzIHRhcmRlLCAKcXVhbmRvIHZvY8OqIGNvbnNlZ3VpcgpvcyBmdW5kb3MuIEV1IGVzdGFyZWkgZXNwZXJhbmRvLg==,,W0hvbWJyZSBhbmRyYWpvc29dCsK/UXXDqSBkaWEtLeKApj8gRXN0byBubyBlcwpzdWZpY2llbnRlIGRpbmVybyBwYXJhIHF1ZSBwdWVkYSB2b2x2ZXIKwr9EZSBkb25kZSB2aWVuZXM/IEJ1ZW5vLCB2dWVsdmUKbcOhcyB0YXJkZSB1bmEgdmV6IHF1ZSBtZW5kaWd1ZXMKbG9zIGZvbmRvcy4gwqFFc3RhcsOpIGVzcGVyYW5kbyE=
vM9LAw,,W1JhZ2dlZCBNYW5dClJlbWVtYmVyIHRoYXQgaGlkZGVuCnRyZWFzdXJlIEkgd2FzIGxvb2tpbmcgZm9yPwpUaGVyZSdzIGEgcnVtb3IgdGhhdCBpdCdzCmxvY2F0aW9uIGhhcyBmaW5hbGx5IGJlZW4KY29uZmlybWVkLiBXaHkgZG9uJ3QgeW91CnRyeSBmaW5kaW5nIGl0IGZvciB5b3Vyc2VsZj8=,,,,,W01hbHRyYXBpbGhvXQpMZW1icmEgZGFxdWVsZSB0ZXNvdXJvIGVzY29uZGlkbwp0ZXNvdXJvIGVzY29uZGlkbyBxdWUgZXUgZXN0YXZhIHByb2N1cmFuZG8/CkjDoSB1bSBib2F0byBkZSBxdWUgc3VhCmxvY2FsaXphw6fDo28gZm9pIGZpbmFsbWVudGUKY29uZmlybWFkYS4gUG9yIHF1ZSB2b2PDqiBuw6NvCnRlbnRhIGVuY29udHLDoS1sbyBwb3Igc2kgbWVzbW8/,,W0hvbWJyZSBhbmRyYWpvc29dCsK/UmVjdWVyZGFzIGVzZQp0ZXNvcm8gb2N1bHRvIHF1ZSBidXNjYWJhPwpTZSBydW1vcmVhIHF1ZQpzZSBjb25maXJtw7MKbGEgdWJpY2FjacOzbi4gwr9Qb3IgcXXDqSBubwppbnRlbnRhcyBlbmNvbnRyYXJsbyBwb3IgdHUgY3VlbnRhPw==
vc9LAw,,W1JhZ2dlZCBNYW5dCkknZCByYXRoZXIgdGhhdCBpdCBlbmQgdXAgaW4KaGUgaGFuZHMgb2Ygc29tZW9uZSBsaWtlCnlvdSB0aGFuIGEgcml2YWwgdHJlYXN1cmUKaHVudGVyLiBUaGlzIGh1bnRlciB0aGF0CnN0YXlzIG5vcnRoIGluIHRvd24gYXBwYXJlbnRseV5GRkZGRkYgICAgXjAwMDAwMCBjb25maXJtZWQgdGhlIHRyZWFzdXJlJ3MgbG9jYXRpb24u,,,,,W01hbHRyYXBpbGhvXQpFdSBwcmVmaXJvIHF1ZSBlbGUgYWNhYmUKbmFzIG3Do29zIGRlIGFsZ3XDqW0gY29tbwp2b2PDqiBkbyBxdWUgZGUgdW0gY2HDp2Fkb3IKZGUgdGVzb3Vyb3Mgcml2YWwuIEVzc2UKY2HDp2Fkb3IgcXVlIGZpY2EgYW8gbm9ydGUKZGEgY2lkYWRlIGFwYXJlbnRlbWVudGVeRkZGRkZGIF4wMDAwMDAgY29uZmlybW91IGEgbG9jYWxpemHDp8OjbyBkbyB0ZXNvdXJvLg==,,W0hvbWJyZSBhbmRyYWpvc29dClByZWZpZXJvIHF1ZSB0ZXJtaW5lIGVuCmVuIGxhcyBtYW5vcyBkZSBhbGd1aWVuIGNvbW8KcXVlIGVuIGxhcyBkZSB1biBjYXphZG9yIGRlIHRlc29yb3MKcml2YWwuIEFwYXJlbnRlbWVudGUsIGVsIGNhemFkb3IgcXVlCmVzdMOhIGVuIGVsIG5vcnRlIGRlIGxhIGNpdWRhZF5GRkZGRkYgXjAwMDAwMGNvbmZpcm3DsyBsYSB1YmljYWNpw7NuIGRlbCB0ZXNvcm8u
vs9LAw,,W1JhZ2dlZCBNYW5dCkZpbmUsIGhhdmUgaXQgeW91ciB3YXkuCkkgYWRtaXQgdGhhdCBJJ20gYSBsaXR0bGUKZGlzYXBwb2ludGVkIGluIHlvdS4gQXJlbid0CnlvdSBhZHZlbnR1cmVycyBzdXBwb3NlZAp0byBiZSBoZXJvZXMgdG8gdGhlIHBlb3BsZT8=,,,,,W01hbHRyYXBpbGhvXQpUdWRvIGJlbSwgZmHDp2EgZG8gc2V1IGplaXRvLgpBZG1pdG8gcXVlIGVzdG91IHVtIHBvdWNvCmRlY2VwY2lvbmFkbyBjb20gdm9jw6ouIE7Do28gc8Ojbwp2b2PDqnMsIGF2ZW50dXJlaXJvcywgCm7Do28gZGV2ZXJpYW0gc2VyIGhlcsOzaXMgcGFyYSBvIHBvdm8/,,W0hvbWJyZSBhbmRyYWpvc29dCkJpZW4sIGNvbW8gcXVpZXJhcy4KQWRtaXRvIHF1ZSBtZQpkZWNlcGNpb25hc3RlIHVuIHBvY28uIMK/Tm8Kc2Ugc3Vwb25lIHF1ZSBsb3MgdHJvdGFtdW5kb3MKc2VhbiBow6lyb2VzIHBhcmEgbGEgZ2VudGU/
v89LAw,,W1JhZ2dlZCBNYW5dCk9oLCB5b3UncmUgYmFjaz8KQWgsIHlvdSBtdXN0IGJlIGhhdmluZwp0cm91YmxlIGZpbmRpbmcgdGhhdCBndXkKSSB3YXMgdGFsa2luZyBhYm91dC4gSGUncwpqdXN0IGluIHRoZSBub3J0aGVybiBwYXJ0IG9mXkZGRkZGRiAgICAgIF4wMDAwMDAgdGhpcyB0b3duLiBJdCBjYW4ndCBiZSB0aGF0IGhhcmQu,,,,,W01hbHRyYXBpbGhvXQpPaCwgdm9jw6ogZXN0w6EgZGUgdm9sdGE/CkFoLCB2b2PDqiBkZXZlIGVzdGFyIHRlbmRvCnByb2JsZW1hcyBwYXJhIGVuY29udHJhciBhcXVlbGUgY2FyYQpFdSBlc3RhdmEgZmFsYW5kby4gRWxlIGVzdMOhCm5hIHBhcnRlIG5vcnRlIGRlIF5GRkZGRkYgXjAwMDAwMCBkZXN0YSBjaWRhZGUuIE7Do28gZGV2ZSBzZXIgdMOjbyBkaWbDrWNpbCBhc3NpbS4=,,W0hvbWJyZSBhbmRyYWpvc29dCk9oLCDCv3ZvbHZpc3RlPwpBaCwgc2VndXJvIHRpZW5lcwpwcm9ibGVtYXMgcGFyYSBlbmNvbnRyYXIgYWwgdGlwbwpkZWwgcXVlIHRlIGhhYmzDqS4gRXN0w6EKanVzdG8gZW4gbGEgcGFydGUgbm9ydGUgZGVeRkZGRkZGIF4wMDAwMDBlc3RhIGNpdWRhZC4gTm8gcHVlZGUgc2VyIHRhbiBkaWbDrWNpbC4=
wM9LAw,,W1JhZ2dlZCBNYW5dCllvdSBmb3VuZCB0aGUgdHJlYXN1cmU/IQpJdC4uLiBJdCByZWFsbHkgZXhpc3RzLi4uCkknbSBzb3JyeSwgaXQncyBqdXN0IGJlZW4KbXkgZHJlYW0gdG8uLi4gSSBmZWVsIGxpa2UKY3J5aW5nLi4uIE9oLCBHb2QuLi4gSSBkb24ndAprbm93IHdoYXQgdGhpcyBmZWVsaW5nIGlzLi4u,,,,,W01hbHRyYXBpbGhvXQpWb2PDqiBlbmNvbnRyb3UgbyB0ZXNvdXJvPyEKRWxlLi4uIEVsZSByZWFsbWVudGUgZXhpc3RlLi4uCkRlc2N1bHBlLW1lLCBtYXMgZm9pIGFwZW5hcwptZXUgc29uaG8gZGUuLi4gRXN0b3UgY29tIHZvbnRhZGUgZGUKY2hvcmFyLi4uIE9oLCBEZXVzLi4uIApFdSBuw6NvIHNlaSBvIHF1ZSDDqSBlc3NlIHNlbnRpbWVudG8uLi4=,,W0hvbWJyZSBhbmRyYWpvc29dCsKhwr9FbmNvbnRyYXN0ZSBlbCB0ZXNvcm8/IQpQdWVkZSBSZWFsbWVudGUgZXhpc3RlLi4uCkxvIHNpZW50bywgZXMgcXVlIG1pIHN1ZcOxbwpzaWVtcHJlIGZ1ZS4uLiBUZW5nbyBnYW5hcwpkZSBsbG9yYXIuLi4gT2gsIERpb3MuLi4gTm8gY29ub3pjbwplc3RlIHNlbnRpbWllbnRvLi4u
wc9LAw,,W1JhZ2dlZCBNYW5dCkkgbWVhbi4uLiBJIGZlZWwgc28KZGFtbmVkIGhhcHB5LCBidXQuLi4KSSBzcGVudCBteSBlbnRpcmUgZm9ydHVuZS4uLgpSdWluZWQgbXkgd2hvbGUgbGlmZSBqdXN0CnRvIHNlZSB0aGF0IHRyZWFzdXJlLi4u,,,,,W01hbHRyYXBpbGhvXQpRdWVybyBkaXplci4uLiBFdSBtZSBzaW50byB0w6NvCm11aXRvIGZlbGl6LCBtYXMuLi4KR2FzdGVpIHRvZGEgYSBtaW5oYSBmb3J0dW5hLi4uCkFycnVpbmVpIG1pbmhhIHZpZGEgaW50ZWlyYSBzw7MKcGFyYSB2ZXIgZXNzZSB0ZXNvdXJvLi4u,,W0hvbWJyZSBhbmRyYWpvc29dClF1aWVybyBkZWNpcuKApiBtZSBzaWVudG8KZGUgbG8gbcOhcyBmZWxpeiwgcGVyby4uLgpHYXN0w6kgdG9kYSBtaSBmb3J0dW5hLi4uCkFycnVpbsOpIHRvZGEgbWkgdmlkYSBzb2xvCnBhcmEgdmVyIGVzZSB0ZXNvcm8uLi4=
ws9LAw,,W1JhZ2dlZCBNYW5dClNvIGhvdydzIHRoZSB0cmVhc3VyZQpodW50IGNvbWluZyBhbG9uZz8gSSBob3BlCnlvdSBoYXZlIGJldHRlciBsdWNrIHRoYW4KSSBkaWQuIFN0aWxsLCBJJ3ZlIGdvdCBhIHByZXR0eV5GRkZGRkYgICBeMDAwMDAwIGdvb2QgZmVlbGluZyB0aGF0IHlvdSdsbCBmaW5kIGl0Lg==,,,,,W01hbHRyYXBpbGhvXQpDb21vIGVzdMOhIGluZG8gYSBjYcOnYSBhbyB0ZXNvdXJvPwpjYcOnYSBhbyB0ZXNvdXJvIGVzdMOhIGluZG8gYmVtPyAKRXNwZXJvIHF1ZSB2b2PDqiB0ZW5oYSBtYWlzIHNvcnRlIGRvIHF1ZSBldS4KZG8gcXVlIGV1IHRpdmUuIEFpbmRhIGFzc2ltLCB0ZW5obyB1bSBib21eRkZGRkZGIF4wMDAwMDAgcHJlc3NlbnRpbWVudG8gZGUgcXVlIHZvY8OqIGEgZW5jb250cmFyw6Eu,,W0hvbWJyZSBhbmRyYWpvc29dCsK/Q8OzbW8gdmEgbGEgYsO6c3F1ZWRhCmRlbCB0ZXNvcm8/IEVzcGVybyBxdWUKdGVuZ2FzIG1lam9yIHN1ZXJ0ZSBxdWUKeW8uIEF1biBhc8OtLCB0ZW5nbyB1biBidWVuIHByZXNlbnRpbWllbnRvXkZGRkZGRiBeMDAwMDAwZGUgcXVlIGxvIGVuY29udHJhcsOhcy4=
w89LAw,,TWFu,,,,,SG9tZW0=,,SG9tYnJl
xM9LAw,,W01hbl0KV2hhdCBkbyB5b3Ugd2FudD8KSnVzdCBsZWF2ZSBtZSBhbG9uZS4=,,,,,W0hvbWVtXQpPIHF1ZSB2b2PDqiBxdWVyPwpBcGVuYXMgbWUgZGVpeGUgZW0gcGF6Lg==,,W0hvbWJyZV0Kwr9RdcOpIHF1aWVyZXM/ClNvbG8gZMOpamFtZSBlbiBwYXou
xc9LAw,,VGVsbCBtZSBhYm91dCB0aGUgdHJlYXN1cmUu,,,,,RmFsZS1tZSBzb2JyZSBvIHRlc291cm8u,,SMOhYmxhbWUgZGVsIHRlc29yby4=
xs9LAw,,W01hbl0KV2hhdD8gU28geW91J3JlIHRoZSBvbmUKSSB3YXMgd2FybmVkIGFib3V0ISBJJ3ZlCmJlZW4gd29uZGVyaW5nIHdoZW4geW91J2QKc2hvdyB1cC4gUHJlcGFyZSB0byBkaWUh,,,,,W0hvbWVtXQpPIHF1w6o/IEVudMOjbyDDqSB2b2PDqiBxdWVtCnF1ZSBtZSBhdmlzYXJhbSEgRXN0aXZlCm1lIHBlcmd1bnRhbmRvIHF1YW5kbyB2b2PDqgphcGFyZWNlcmlhLiBQcmVwYXJlLXNlIHBhcmEgbW9ycmVyIQ==,,W0hvbWJyZV0Kwr9RdcOpPyDCoUFzw60gcXVlIHTDuiBlcmVzIGxhIHBlcnNvbmEgZGUgbGEgcXVlCm1lIGFkdmlydGllcm9uISBNZQpwcmVndW50YWJhIGN1w6FuZG8KaWJhcyBhIGFwYXJlY2VyLiDCoVByZXDDoXJhdGUgcGFyYSBtb3JpciE=
x89LAw,,W3t9XQpVbW0uLi4gRXhjdXNlIG1lPwpJJ3ZlIGp1c3QgaGVhcmQgdGhhdCB5b3UKY29uZmlybWVkIHRoZSBsb2NhdGlvbiBvZgpzb21lIGFtYXppbmcgdHJlYXN1cmUsCmFuZCBJIGp1c3Qgd2FudGVkIHRvIGFzawp5b3UgbW9yZSBhYm91dCBpdC4gVGhhdCdzIGFsbCE=,,,,,W3t9XQpVbW0uLi4gRGVzY3VscGUtbWU/CkFjYWJlaSBkZSBvdXZpciBxdWUgdm9jw6oKY29uZmlybW91IGEgbG9jYWxpemHDp8OjbyBkZSAKdW0gdGVzb3VybyBpbmNyw612ZWwsCmUgZXUgc8OzIHF1ZXJpYSBsaGUgcGVyZ3VudGFyCm1haXMgc29icmUgZWxlLiBJc3NvIMOpIHR1ZG8h,,W3t9XQpNbW3igKYgwr9EaXNjdWxwYT8KQWNhYm8gZGUgZW50ZXJhcm1lIGRlIHF1ZQpjb25maXJtYXN0ZSBsYSB1YmljYWNpw7NuIGRlCnVuIHRlc29ybyBpbmNyZcOtYmxlLAp5IHNvbG8gdGUgcXVlcsOtYSBwcmVndW50YXIKbcOhcyBzb2JyZSBlbGxvLiDCoUVzbyBlcyB0b2RvIQ==
yM9LAw,,W01hbl0KV2hhdD8gSWYgeW91J3JlIGp1c3QgaGVyZQpmb3IgdGhhdCwgdGhlbiBob3cnZCB5b3UKZmluZCBvdXQgYWJvdXQgbWUgYW5kCnRoZSB0cmVhc3VyZT8gTm90IGp1c3QKZXZlcnlvbmUga25vd3MgYWJvdXQgaXQu,,,,,W0hvbWVtXQpPIHF1w6o/IFNlIHZvY8OqIHPDsyBlc3TDoSBhcXVpCnBhcmEgaXNzbywgZW50w6NvIGNvbW8gdm9jw6oKZGVzY29icml1IHNvYnJlIG1pbSBlCm8gdGVzb3Vybz8gTsOjbyDDqQp0b2RvIG11bmRvIHF1ZSBzYWJlIHNvYnJlIGVsZS4=,,W0hvbWJyZV0Kwr9RdcOpPyBTaSBzb2xvIGVzdMOhcyBhcXXDrQpwYXJhIGVzbywgZW50b25jZXMgwr9jw7Ntbwp0ZSBlbnRlcmFzdGUgc29icmUgbcOtIHkKZWwgdGVzb3JvPyAKTm8gdG9kbyBlbCBtdW5kbyBsbyBzYWJlLg==
yc9LAw,,W3t9XQpXZWxsLCBJIHdhcyB0YWxraW5nIHRvCnRoaXMgb3RoZXIgdHJlYXN1cmUgaHVudGVyCndobydzLi4uIFdlbGwsIGhlJ3Mga2luZApvZiBhIGJlZ2dhciBub3cuLi4=,,,,,W3t9XQpCZW0sIGV1IGVzdGF2YSBjb252ZXJzYW5kbyBjb20KZXNzZSBvdXRybyBjYcOnYWRvciBkZSB0ZXNvdXJvcwpxdWUgw6kuLi4gQmVtLCBlbGUgw6kgbWVpbwptZW5kaWdvIGFnb3JhLi4u,,W3t9XQpCdWVubywgZXN0YWJhIGhhYmxhbmRvIGNvbgpvdHJvIGNhemFkb3IgZGUgdGVzb3JvcwpxdWUgZXMuLi4gQnVlbm8sIGVzIHVuYSBlc3BlY2llCmRlIG1lbmRpZ28gYWhvcmEuLi4=
ys9LAw,,W01hbl0KT2guIFRoYXQgb2xkIG1hbj8KV2VsbCwgSSBkb24ndCBrbm93IGlmIHRoZQp0cmVhc3VyZSBoZSB3YXMgbG9va2luZwpmb3IgYW5kIHRoZSBvbmUgSSd2ZSBmb3VuZAphcmUgdGhlIHNhbWUgb25lLiBCdXQKeWVhaCwgSSBrbm93IHRoYXQgZ3V5Lg==,,,,,W0hvbWVtXQpPaC4gQXF1ZWxlIHZlbGhvPwpCZW0sIGV1IG7Do28gc2VpIHNlIG8KdGVzb3VybyBxdWUgZWxlIGVzdGF2YSBwcm9jdXJhbmRvCmUgbyBxdWUgZXUgZW5jb250cmVpCnPDo28gbyBtZXNtby4gTWFzCnNpbSwgZXUgY29uaGXDp28gZXNzZSBjYXJhLg==,,W0hvbWJyZV0KQWguIMK/RXNlIHZpZWpvPwpCdWVubywgbm8gc8OpIHNpIGVsCnRlc29ybyBxdWUgYnVzY2FiYQp5IGVsIHF1ZSBlbmNvbnRyw6kKc29uIGVsIG1pc21vLiBQZXJvCnPDrSwgY29ub3pjbyBhIGVzZSB0aXBvLg==
y89LAw,,W01hbl0KQWxyaWdodC4gU28gSSBmb3VuZCB0aGlzCnRyZWFzdXJlLCBidXQgSSBoYXZlIG5vIHdheQpvZiBkaWdnaW5nIGl0IHVwLiBNYXliZSB3ZQpjYW4gaGVscCBlYWNoIG90aGVyLiBJIG5lZWQKbW9uZXksIGFuZCB5b3Ugd2FudCB0byBrbm93Cm1vcmUsIHJpZ2h0PyBMZXQncyBjdXQgYSBkZWFsLg==,,,,,W0hvbWVtXQpNdWl0byBiZW0uIEVudMOjbywgZXUgZW5jb250cmVpIGVzc2UKdGVzb3VybywgbWFzIG7Do28gdGVuaG8gY29tbyBkZXNlbnRlcnLDoS1sby4gClRhbHZleiBwb3NzYW1vcyBub3MgYWp1ZGFyIG11dHVhbWVudGUuIApFdSBwcmVjaXNvIGRlIGRpbmhlaXJvLCAKZSB2b2PDqiBxdWVyIHNhYmVyIG1haXMsIGNlcnRvPyAKVmFtb3MgZmF6ZXIgdW0gYWNvcmRvLg==,,W0hvbWJyZV0KRGUgYWN1ZXJkby4gRW5jb250csOpIGVzdGUKdGVzb3JvLCBwZXJvIG5vIHRlbmdvIGZvcm1hCmRlIGRlc2VudGVycmFybG8uIFRhbCB2ZXoKbm9zIHBvZGVtb3MgYXl1ZGFyIG11dHVhbWVudGUuIE5lY2VzaXRvCmRpbmVybywgeSBxdWllcmVzIG3DoXMKaW5mb3JtYWNpw7NuLCDCv3ZlcmRhZD8gSGFnYW1vcyB1biB0cmF0by4=
zM9LAw,,Tm8sIHRoYW5rcy4=,,,,,TsOjbywgb2JyaWdhZG8u,,Tm8sIGdyYWNpYXMu
zc9LAw,,V2hhdCdkIHlvdSBoYXZlIGluIG1pbmQ/,,,,,TyBxdWUgdm9jw6ogdGVtIGVtIG1lbnRlPw==,,wr9RdcOpIHRpZW5lcyBlbiBtZW50ZT8=
zs9LAw,,W01hbl0KTm8/IFdlbGwuLi4KVGhlcmUncyBubyByZWFzb24gZm9yCnlvdSB0byB0cnVzdCBtZSBub3csCkkgc3VwcG9zZS4gQnV0IHdoYXQgY2FuCnlvdSBnYWluIGJ5IHdhbGtpbmcgYXdheT8=,,,,,W0hvbWVtXQpOw6NvPyBCZW0uLi4KTsOjbyBow6EgcmF6w6NvIHBhcmEKdm9jw6ogY29uZmlhciBlbSBtaW0gYWdvcmEsCnN1cG9uaG8uIE1hcyBvIHF1ZSB2b2PDqiBwb2RlCnZvY8OqIHBvZGUgZ2FuaGFyIGluZG8gZW1ib3JhPw==,,W0hvbWJyZV0Kwr9Obz8gQnVlbm/igKYKTm8gaGF5IHJhesOzbiBwYXJhIHF1ZQpjb25mw61lcyBlbiBtw60gYWhvcmEsCsKhU3Utc3Utc3Vwb25nbyBxdWUgbG8gcC1wdWVkbyBoYWNlcuKApiEgUGVybywgwr9xdcOpCmdhbmFzIGNvbiBpcnRlPw==
z89LAw,,W01hbl0KTGV0IG1lIGxheSBpdCBvdXQgZm9yIHlvdS4KSSd2ZSBiZWVuIGhpcmVkIHRvIGZpbmQgdGhpcwp0cmVhc3VyZSBieSBzb21lIHBlb3BsZToKdGhleSBzYWlkIEkgY2FuIHRha2Ugd2hhdGV2ZXIKSSBmaW5kLCBidXQgdGhleSBzcGVjaWZpY2FsbHkKd2FudCBvbmUgaXRlbSBmb3IgdGhlbXNlbHZlcy4=,,,,,W0hvbWVtXQpEZWl4ZS1tZSBleHBsaWNhciBwYXJhIHZvY8OqLgpGdWkgY29udHJhdGFkbyBwYXJhIGVuY29udHJhciBlc3RlCnRlc291cm8gcG9yIGFsZ3VtYXMgcGVzc29hczoKRWxlcyBkaXNzZXJhbSBxdWUgZXUgcG9kZXJpYSBsZXZhciAKbyBxdWUgZW5jb250cmFzc2UsIG1hcyBlbGVzIHF1ZXJlbSAKZXNwZWNpZmljYW1lbnRlIHVtIGl0ZW0gZXNwZWNpZmljYW1lbnRlIHBhcmEgZWxlcy4=,,W0hvbWJyZV0KRMOpamFtZSBxdWUgdGUgZXhwbGlxdWUuCkFndW5hcyBwZXJzb25hcyBtZSBjb250cmF0YXJvbiBwYXJhIGVuY29udHJhcgplc3RlIHRlc29ybzoKZGlqZXJvbiBxdWUgcHVlZG8gdG9tYXIgbG8KcXVlIGVuY3VlbnRyZSwgcGVybyBxdWllcmVuCnF1ZWRhcnNlIGNvbiB1biBvYmpldG8gZXNwZWPDrWZpY28u
0M9LAw,,W01hbl0KVGhleSBwYXkgbWUgb24gZGVsaXZlcnkKc28gSSBoYXZlbid0IHNlZW4gYSBkaW1lIHlldC4KTm93LCBteSBhZ3JlZW1lbnQgd2l0aCB0aGVtCmlzIGNvbmRpdGlvbmFsLiBJIGNhbid0IGRpZwp1cCB0aGUgdHJlYXN1cmUgc28gdGhleSdsbAp1bmRlcnN0YW5kIGlmIEkgc2F5IEkgZmFpbGVkLg==,,,,,W0hvbWVtXQpFbGVzIG1lIHBhZ2FtIG5hIGVudHJlZ2EsIHBvcnRhbnRvLCAKYWluZGEgbsOjbyB2aSBuZW5odW0gY2VudGF2by4KQWdvcmEsIG1ldSBhY29yZG8gY29tIGVsZXMKw6kgY29uZGljaW9uYWwuIE7Do28gcG9zc28gZGVzZW50ZXJyYXIKbyB0ZXNvdXJvLCBlbnTDo28gZWxlcwplbnRlbmRlcsOjbyBzZSBldSBkaXNzZXIgcXVlIGZhbGhlaS4=,,W0hvbWJyZV0KTWUgcGFnYW4gY29udHJhIGVudHJlZ2EKYXPDrSBxdWUgYcO6biBubyB2aSBuaSB1biBjw6ludGltby4KQWhvcmEgYmllbiwgbWkgYWN1ZXJkbyBjb24gZWxsb3MKZXMgY29uZGljaW9uYWwuIE5vIHB1ZWRvIGRlc2VudGVycmFyCmVsIHRlc29ybywgYXPDrSBxdWUKbWUgZW50ZW5kZXLDoW4gc2kgZGlnbyBxdWUgZnJhY2Fzw6ku
0c9LAw,,W01hbl0KQnV0IGlmIHlvdSBkaWcgaXQgdXAsIHlvdSBjYW4Ka2VlcCBldmVyeXRoaW5nLiBTb3VuZCBnb29kPwpBbGwgSSB3YW50IGlzIHNvbWUgc3R1ZmYgZnJvbQp5b3UgdG8gbWFrZSBhbGwgbXkgZWZmb3J0cyB1cAp0aWxsIG5vdyB3b3J0aCBteSB3aGlsZS4=,,,,,W0hvbWVtXQpNYXMgc2Ugdm9jw6ogZGVzZW50ZXJyw6EtbG8sIHBvZGVyw6EKZmljYXIgY29tIHR1ZG8uIFBhcmVjZSBib20/ClR1ZG8gbyBxdWUgZXUgcXVlcm8gc8OjbyBhbGd1bWFzIGNvaXNhcyBkZQp2b2PDqiBwYXJhIGZhemVyIGNvbSBxdWUgdG9kb3Mgb3MgbWV1cyBlc2ZvcsOnb3MKYXTDqSBhZ29yYSB2YWxoYW0gYSBwZW5hLg==,,W0hvbWJyZV0KUGVybyBzaSBsbyBkZXNlbnRpZXJyYXMsIHB1ZWRlcwpxdWVkYXJ0ZSBjb24gdG9kby4gwr9UZSBwYXJlY2UgYmllbj8KVG9kbyBsbyBxdWUgcXVpZXJvIGVzIHF1ZSBtZSBkZXMgYWxnbwpxdWUgaGFnYSBxdWUgdG9kbyBtaSBlc2Z1ZXJ6bwpoYXN0YSBhaG9yYSB2YWxnYSBsYSBwZW5hLg==
0s9LAw,,W01hbl0KSW4gb3RoZXIgd29yZHMsCmlmIHlvdSBicmluZyBtZSwKXkZGMDAwMDIwIE1lbWVudG9zXjAwMDAwMCwKXkZGMDAwMDIgUGVhcmxzXjAwMDAwMCwgYW5kCl5GRjAwMDAyIFphcmdvbnNeMDAwMDAwLCB3ZSBjYW4gdGFsawpidXNpbmVzcyBmdXJ0aGVyLiBHb3QgaXQ/,,,,,W0hvbWVtXQpFbSBvdXRyYXMgcGFsYXZyYXMsCnNlIHZvY8OqIG1lIHRyb3V4ZXIsCl5GRjAwMDAyMCBNZW1lbnRvc14wMDAwMDAsCl5GRjAwMDAyIFDDqXJvbGFzXjAwMDAwMCBlCl5GRjAwMDAyIFphcmdvbnNeMDAwMDAwLCBwb2RlcmVtb3MgZmF6ZXIKbmVnw7NjaW9zLiBFbnRlbmRldT8=,,W0hvbWJyZV0KRW4gb3RyYXMgcGFsYWJyYXMsCnNpIG1lIHRyYWVzLApeNjYwMDAwMjAgUmVjdWVyZG9zXjAwMDAwMCwKXjY2MDAwMDIgUGVybGFzXjAwMDAwMCwgeQpeNjYwMDAwMiBaYXJnb25lc14wMDAwMDAsIHBvZGVtb3Mgc2VndWlyIGRpc2N1dGllbmRvCmxhIHBvc2liaWxpZGFkIGRlIGhhY2VyIG5lZ29jaW9zLiDCv0VudGVuZGlkbz8=
089LAw,,W01hbl0KSGV5LCBJIG1pZ2h0IGJlIGxvc2luZyBvdXQKYnkgZ2l2aW5nIHVwIG15IHNoYXJlIG9mIHRoYXQKdHJlYXN1cmUsIGJ1dCBoZXksIGEgYmlyZCBpbgp0aGUgaGFuZCdzIGFsd2F5cyB3b3J0aCBtb3JlLg==,,,,,W0hvbWVtXQpFaSwgdGFsdmV6IGV1IGVzdGVqYSBwZXJkZW5kbwphbyBhYnJpciBtw6NvIGRlIG1pbmhhIHBhcnRlIGRlc3NlCnRlc291cm8sIG1hcyB1bSBww6Fzc2FybyBuYSBtw6NvIApzZW1wcmUgdmFsZSBtYWlzLg==,,W0hvbWJyZV0KT3llLCB5byBwb2Ryw61hIHNhbGlyIHBlcmRpZW5kbwpwb3IgcmVudW5jaWFyIGEgbWkgcGFydGUgZGUgZXNlCnRlc29ybywgcGVybyBveWUsIHVuIHDDoWphcm8gZW4KbWFubyBzaWVtcHJlIHZhbGUgbcOhcy4=
1M9LAw,,W01hbl0KWW91IGFnYWluPyBMZW1tZSBndWVzcy4uLgpZb3UncmUgcmVjb25zaWRlcmluZyB0aGF0CmRlYWwgSSBoYWQgaW4gbWluZCwgYXJlbid0IHlvdT8=,,,,,W0hvbWVtXQpWb2PDqiBkZSBub3ZvPyBEZWl4ZS1tZSBhZGl2aW5oYXIuLi4KRXN0w6EgcmVjb25zaWRlcmFuZG8gYXF1ZWxlCm5lZ8OzY2lvIHF1ZSBldSB0aW5oYSBlbSBtZW50ZSwgbsOjbyDDqT8=,,W0hvbWJyZV0Kwr9Uw7ogb3RyYSB2ZXo/IETDqWphbWUgYWRpdmluYXIuLi4KRXN0w6FzIHJlY29uc2lkZXJhbmRvIGVsCnRyYXRvIHF1ZSB0ZW7DrWEgZW4gbWVudGUsIMK/bm8/
1c9LAw,,Tm8sIG5vdCByZWFsbHku,,,,,TsOjbywgbmEgdmVyZGFkZSBuw6NvLg==,,TGEgdmVyZGFkLCBuby4=
1s9LAw,,SSBndWVzcyBzby4=,,,,,QWNobyBxdWUgc2ltLg==,,UXVpw6luIHNhYmXigKY=
189LAw,,W01hbl0KWW91IHN1cmU/IE5vIG9uZSB3b3VsZApiZSBsb3NpbmcgaW4gdGhpcyBkZWFsLCB5b3UKa25vdy4gV2VsbCwgZXhjZXB0IHRoZSBndXlzCnRoYXQgaGlyZWQgbWUgdG8gZmluZCB0aGF0CnRyZWFzdXJlLiBJdCdzIHByZXR0eSBtdWNoCmEgd2luLXdpbiBzaXR1YXRpb24u,,,,,W0hvbWVtXQpUZW0gY2VydGV6YT8gTmluZ3XDqW0gZXN0YXJpYSBwZXJkZW5kbyBjb20gCmVzc2UgbmVnw7NjaW8sIHZvY8OqCnNhYmUuIEJlbSwgZXhjZXRvIG9zIGNhcmFzCnF1ZSBtZSBjb250cmF0YXJhbSBwYXJhIGVuY29udHJhciBlc3NlCnRlc291cm8uIMOJIHByYXRpY2FtZW50ZQp1bWEgc2l0dWHDp8OjbyBlbSBxdWUgdG9kb3Mgc2FlbSBnYW5oYW5kby4=,,W0hvbWJyZV0Kwr9EZSB2ZXJkYWQ/IE5hZGllCnBlcmRlcsOtYSBjb24gZXN0ZSBhY3VlcmRvLArCv3NhYmVzPyBCdWVubywgZXhjZXB0byBsb3MgdGlwb3MKcXVlIG1lIGNvbnRyYXRhcm9uIHBhcmEgZW5jb250cmFyIGVzZQp0ZXNvcm8uIEVzIG3DoXMgbyBtZW5vcwp1bmEgc2l0dWFjacOzbiBiZW5lZmljaW9zYSBwYXJhIHRvZG9zLg==
2M9LAw,,W01hbl0KV2F5IEkgZmlndXJlIGl0LApzb21lb25lIG91Z2h0IHRvIGdldAp0aGF0IHRyZWFzdXJlLiBJIGNhbid0CmRpZyBpdCB1cCwgYnV0IG1heWJlCnNvbWVvbmUgbGlrZSB5b3UgY2FuLi4u,,,,,W0hvbWVtXQpEbyBtZXUgcG9udG8gZGUgdmlzdGEsCmFsZ3XDqW0gZGV2ZSBmaWNhciBjb20KZXNzZSB0ZXNvdXJvLiBFdSBuw6NvIHBvc3NvCmRlc2VudGVycsOhLWxvLCBtYXMgdGFsdmV6CmFsZ3XDqW0gY29tbyB2b2PDqiBwb3NzYS4uLg==,,W0hvbWJyZV0KQ29tbyB5byBsbyB2ZW8sCmFsZ3VpZW4gZGViZXLDrWEgY29uc2VndWlyCmVzZSB0ZXNvcm8uIE5vIHB1ZWRvCmRlc2VudGVycmFybG8sIHBlcm8gdGFsIHZlegphbGd1aWVuIGNvbW8gdMO6IHB1ZWRlLi4u
2c9LAw,,W01hbl0KQmFjayBhZ2FpbiwgaHVoPwpTbyBkaWQgeW91IGJyaW5nCnRoZSBzdHVmZiBJIGFza2VkPw==,,,,,W0hvbWVtXQpEZSB2b2x0YSwgaGVpbj8KRW50w6NvLCB2b2PDqiB0cm91eGUKYXMgY29pc2FzIHF1ZSBldSBwZWRpPw==,,W0hvbWJyZV0KUmVncmVzYXN0ZSBvdHJhIHZleiwgwr9laD8Kwr9QdWRpc3RlIHRyYWVyCmxhcyBjb3NhcyBxdWUgcGVkw60/
2s9LAw,,W01hbl0KTmljZS4gWW91IGRpZCB5b3VyIHBhcnQuCkFuZCBub3cgaXQncyB0aW1lIHRoYXQKSSBmdWxmaWxsZWQgbXkgcGFydCBvZgp0aGlzIGJhcmdhaW4uIExpc3RlbiB1cC4=,,,,,W0hvbWVtXQpMZWdhbC4gVm9jw6ogZmV6IHN1YSBwYXJ0ZS4KRSBhZ29yYSDDqSBob3JhIGRlCmV1IGN1bXByaXIgbWluaGEgcGFydGUKZGVzdGEgYmFyZ2FuaGEuIE91w6dhLg==,,W0hvbWJyZV0KQmllbi4gSGljaXN0ZSB0dSBwYXJ0ZS4KWSBhaG9yYSBlcyBlbCBtb21lbnRvIGRlIHF1ZQpjdW1wbGEgbWkgcGFydGUgZGUKZXN0ZSB0cmF0by4gUHJlc3RhIGF0ZW5jacOzbi4=
289LAw,,W01hbl0KVGhlIHRyZWFzdXJlIGlzIGJ1cmllZApzb3V0aCBvZiBNb3Jyb2MuIFVzZSB0aGUKc291dGggZ2F0ZSB0byBsZWF2ZSB0b3duLAphbmQgdGhlbiBoZWFkIHRvIHRoZSBuZXh0CmZpZWxkIHRvIHRoZSBzb3V0aC4gRnJvbQp0aGVyZSwgeW91J3JlIG9uIHlvdXIgb3duLg==,,,,,W0hvbWVtXQpPIHRlc291cm8gZXN0w6EgZW50ZXJyYWRvCmFvIHN1bCBkZSBNb3Jyb2MuIFVzZSBvCnBvcnTDo28gc3VsIHBhcmEgc2FpciBkYSBjaWRhZGUsCmUgZGVwb2lzIHbDoSBwYXJhIG8gcHLDs3hpbW8KY2FtcG8gYW8gc3VsLiBEZQpsw6EsIHZvY8OqIGVzdMOhIHBvciBzdWEgY29udGEu,,W0hvbWJyZV0KRWwgdGVzb3JvIGVzdMOhIGVudGVycmFkbwphbCBzdXIgZGUgTW9ycm9jLiBVdGlsaXphIGxhCnB1ZXJ0YSBzdXIgcGFyYSBzYWxpciBkZSBsYSBjaXVkYWQsCnkgbHVlZ28gZGlyw61nZXRlIGFsIHNpZ3VpZW50ZQpjYW1wbyBoYWNpYSBlbCBzdXIuIFZpbmlzdGUuCmFsbMOtLCBlc3TDoXMgcG9yIHR1IGN1ZW50YS4=
3M9LAw,,W01hbl0KSSBkb24ndCBrbm93IGV4YWN0bHkKd2hlcmUgdGhlIHRyZWFzdXJlIGlzCmJ1cmllZCwgYnV0IHlvdSBzaG91bGQKYmUgYWJsZSB0byBmaW5kIGl0IHdpdGhpbgp0aGF0IGdlbmVyYWwgYXJlYS4gR29vZCBsdWNrLg==,,,,,W0hvbWVtXQpFdSBuw6NvIHNlaSBleGF0YW1lbnRlCm9uZGUgbyB0ZXNvdXJvIGVzdMOhCmVudGVycmFkbywgbWFzIHZvY8OqIGRldmUKc2VyIGNhcGF6IGRlIGVuY29udHLDoS1sbyBkZW50cm8KbmVzc2Egw6FyZWEgZ2VyYWwuIEJvYSBzb3J0ZS4=,,W0hvbWJyZV0KUGVybyBubyBsbyBzw6kgZXhhY3RhbWVudGUuCmTDs25kZSBlc3TDoSBlbnRlcnJhZG8gZWwgdGVzb3JvLApwZXJvIGRlYmVyw61hcwplbmNvbnRyYXJsbyBlbgplc2Egem9uYSBnZW5lcmFsLiBCdWVuYSBzdWVydGUu
3c9LAw,,W01hbl0KSHVoLCB5b3UgbXVzdCBoYXZlCmZvcmdvdHRlbiB3aGF0IEkgd2FudGVkLgpJJ20gbm90IHJlYWxseSBhc2tpbmcgeW91CmZvciBleHRyZW1lbHkgdmFsdWFibGUgc3R1ZmYKaGVyZS4gQW55d2F5LCBsaXN0ZW4gdXAu,,,,,W0hvbWVtXQpIdWgsIHZvY8OqIGRldmUgdGVyCmVzcXVlY2lkbyBvIHF1ZSBldSBxdWVyaWEuCk5hIHZlcmRhZGUsIG7Do28gZXN0b3UgcGVkaW5kbwpjb2lzYXMgZXh0cmVtYW1lbnRlIHZhbGlvc2FzCmFxdWkuIERlIHF1YWxxdWVyIGZvcm1hLCBwcmVzdGUgYXRlbsOnw6NvLg==,,W0hvbWJyZV0KRWgsIHNlZ3VybyB0ZQpvbHZpZGFzdGUgZGUgbG8gcXVlIHF1ZXLDrWEuCkVuIHJlYWxpZGFkIG5vIHRlIGVzdG95IHBpZGllbmRvCmNvc2FzCm11eSB2YWxpb3Nhcy4gRW4gZmluLCBlc2N1Y2hhLg==
3s9LAw,,W01hbl0KSnVzdCBicmluZyBtZSwKXkZGMDAwMDIwIE1lbWVudG9zXjAwMDAwMCwKXkZGMDAwMDIgUGVhcmxzXjAwMDAwMCwgYW5kCl5GRjAwMDAyIFphcmdvbnNeMDAwMDAwIHNvIHdlIGNhbiB0YWxrCmJ1c2luZXNzIGZ1cnRoZXIuIEdvdCBpdD8=,,,,,W0hvbWVtXQpBcGVuYXMgbWUgdHJhZ2EsCl5GRjAwMDAyMCBNZW1lbnRvc14wMDAwMDAsCl5GRjAwMDAyIFDDqXJvbGFzXjAwMDAwMCwgZQpeRkYwMDAwMiBaYXJnb25zXjAwMDAwMCBwYXJhIHF1ZSBwb3NzYW1vcyBmYXplcgpuZWfDs2Npby4gRW50ZW5kZXU/,,W0hvbWJyZV0KU29sbyB0csOhZW1lLApeNjYwMDAwMjAgUmVjdWVyZG9zXjAwMDAwMCwKXjY2MDAwMDIgUGVybGFzXjAwMDAwMCwgeQpeNjYwMDAwMiBaYXJnb25lc14wMDAwMDAgcGFyYSBxdWUgcG9kYW1vcyBoYWJsYXIKbGEgcG9zaWJpbGlkYWQgZGUgaGFjZXIgbmVnb2Npb3MuIMK/RW50ZW5kaWRvPw==
389LAw,,W01hbl0KV2hhdCBhcmUgeW91IHN0aWxsIGRvaW5nCmhlcmU/IFNob3VsZG4ndCB5b3UgYmUKbG9va2luZyBmb3IgdGhlIHRyZWFzdXJlPw==,,,,,W0hvbWVtXQpPIHF1ZSB2b2PDqiBhaW5kYSBlc3TDoSBmYXplbmRvCmFxdWk/IE7Do28gZGV2ZXJpYSBlc3Rhcgpwcm9jdXJhbmRvIG8gdGVzb3Vybz8=,,W0hvbWJyZV0Kwr9RdcOpIGVzdMOhcyBoYWNpZW5kbz8KYXF1w60/IMK/Tm8gZGViZXLDrWFzIGVzdGFyCmJ1c2NhbmRvIGVsIHRlc29ybz8=
4M9LAw,,SSBhbHJlYWR5IGZvdW5kIGl0LCBidXQuLi4=,,,,,SsOhIG8gZW5jb250cmVpLCBtYXMuLi4=,,WWEgbG8gaGUgZW5jb250csOpLCBwZXJvLi4u
4c9LAw,,W3t9XQpJIGFscmVhZHkgZm91bmQgaXQsIGJ1dC4uLgpJdCB3b24ndCBidWRnZSBhdCBhbGwhCkkgdGhpbmsgaXQncyBwcm90ZWN0ZWQgYnkKbWFnaWMuIERvIHlvdSBrbm93CmFueXRoaW5nIGFib3V0IHRoYXQ/,,,,,W3t9XQpFdSBqw6EgbyBlbmNvbnRyZWksIG1hcy4uLgpFbGUgbsOjbyBzZSBtb3ZlIGRlIGplaXRvIG5lbmh1bSEKQWNobyBxdWUgZXN0w6EgcHJvdGVnaWRvIHBvcgptYWdpYS4gVm9jw6ogc2FiZQphbGd1bWEgY29pc2Egc29icmUgaXNzbz8=,,W3t9XQpZYSBsbyBoZSBlbmNvbnRyw6ksIHBlcm8uLi4KwqFObyBzZSBwdWVkZSBtb3ZlciBlbiBhYnNvbHV0byEKQ3JlbyBxdWUgZXN0w6EgcHJvdGVnaWRvIGNvbgptYWdpYS4gwqHCv0xvIHNhYmVzPyEKYWxnbyBhbCByZXNwZWN0bz8=
4s9LAw,,W01hbl0KV293LCB5b3UgYWN0dWFsbHkgZm91bmQKaXQ/IEhlaCwgeW91J3JlIGJldHRlciB0aGFuCkkgdGhvdWdodC4gU29ycnkgYWJvdXQgdGhhdC4KSSBkaWRuJ3QgZXhwbGFpbiB0aGUgbWFnaWMKcGFydCBzaW5jZS4uLiBXZWxsLCBJIGRpZG4ndAp0aGluayB5b3UnZCBnZXQgdGhhdCBmYXIu,,,,,W0hvbWVtXQpVYXUsIHZvY8OqIHJlYWxtZW50ZSBvIGVuY29udHJvdT8gCkhlaCwgdm9jw6ogw6kgbWVsaG9yIGRvIHF1ZSBldSBwZW5zYXZhLiAKRGVzY3VscGUtbWUgcG9yIGlzc28uCkV1IG7Do28gZXhwbGlxdWVpIGEgcGFydGUgbcOhZ2ljYQpwb2lzLi4uIEJlbSwgZXUgbsOjbwpwZW5zZWkgcXVlIHZvY8OqIGNoZWdhcmlhIHTDo28gbG9uZ2Uu,,W0hvbWJyZV0KR3VhdSwgwr9yZWFsbWVudGUgbG8KZW5jb250cmFzdGU/IEplLCBlcmVzIG1lam9yIGRlIGxvCnF1ZSBwZW5zw6kuIExvIHNpZW50by4KTm8gZXhwbGlxdcOpIGxhIHBhcnRlCmRlIGxhIG1hZ2lhIHBvcnF1ZS4uLiBCdWVubywgbm8KY3Jlw60gcXVlIGxsZWdhcsOtYXMgdGFuIGxlam9zLg==
489LAw,,W01hbl0KQW55d2F5LCBJIGhhZCBwcm9ibGVtcwp3aXRoIHRoYXQgbWFnaWMgdG9vLiBTb21lCmd1eSB3YXMgc3VwcG9zZWQgdG8gaGVscCBtZQp3aXRoIHRoYXQsIGJ1dCBoZSBkaWRuJ3QgY29tZS4KSSd2ZSBiZWVuIHNvIGZydXN0cmF0ZWQh,,,,,W0hvbWVtXQpEZSBxdWFscXVlciBmb3JtYSwgdGl2ZSBwcm9ibGVtYXMKY29tIGVzc2EgbcOhZ2ljYSB0YW1iw6ltLiBVbQpjYXJhIGRldmVyaWEgdGVyIG1lIGFqdWRhZG8KY29tIGlzc28sIG1hcyBlbGUgbsOjbyB2ZWlvLgpGaXF1ZWkgbXVpdG8gZnJ1c3RyYWRvIQ==,,W0hvbWJyZV0KRGUgdG9kb3MgbW9kb3MsIHR1dmUgcHJvYmxlbWFzCmNvbiBlc2EgbWFnaWEgdGFtYmnDqW4uIFN1cHVlc3RhbWVudGUsCnVuIHRpcG8gbWUgaWJhIGEgYXl1ZGFyCmNvbiBlc28sIHBlcm8gbm8gdmluby4KwqFFc3R1dmUgc2ludGllbmRvIHRhbnRhIGZydXN0cmFjacOzbiE=
5M9LAw,,W01hbl0KSSBtZWFuLCBJIGhhdmUgbm8gY2x1ZQp3aGVuIGl0IGNvbWVzIHRvIG1hZ2ljLCBhbmQKSSBkb24ndCB1bmRlcnN0YW5kIGhvdyBJJ20Kc3VwcG9zZWQgdG8gdXNlIHRoaXMgdGhpbmcKbXkgY2xpZW50cyBnYXZlIHRvIG1lLg==,,,,,W0hvbWVtXQpRdWVybyBkaXplciwgbsOjbyB0ZW5obyBhIG1lbm9yIGlkZWlhCnF1YW5kbyBzZSB0cmF0YSBkZSBtYWdpYSwgZQpuw6NvIGVudGVuZG8gY29tbyBkZXZvIHVzYXIgZXNzYSBjb2lzYQpxdWUgbWV1cyBjbGllbnRlcyBtZSBkZXJhbS4=,,W0hvbWJyZV0KUXVpZXJvIGRlY2lyLCBubyB0ZW5nbyBuaSBpZGVhCmRlIGxhIG1hZ2lhLCB5Cm5vIGVudGllbmRvIGPDs21vCnNlIHN1cG9uZSBxdWUgZGViYSB1c2FyIGVzdGEgY29zYQpxdWUgbWUgZGllcm9uIG1pcyBjbGllbnRlcy4=
5c9LAw,,V2hvIHdhcyBnb2luZyB0byBoZWxwIHlvdT8=,,,,,UXVlbSBpcmlhIGFqdWTDoS1sbz8=,,wr9RdWnDqW4gaWJhIGEgYXl1ZGFydGU/
5s9LAw,,WW91ciBjbGllbnRzIGdhdmUgeW91IHNvbWV0aGluZz8=,,,,,U2V1cyBjbGllbnRlcyBsaGUgZGVyYW0gYWxnbz8=,,wr9UdXMgY2xpZW50ZXMgdGUgZGllcm9uIGFsZ28/
589LAw,,W01hbl0KT2gsIHllYWguIFRoZSBndXlzIHRoYXQKaGlyZWQgbWUgc2FpZCB0aGF0IGlmIEkgd2FpdGVkCmF0IHRoZSB0cmVhc3VyZSBzaXRlLCBzb21lb25lCndvdWxkIGV2ZW50dWFsbHkgY29tZSB0byBoZWxwCm1lIG91dCBvbiB0aGUgbWFnaWMgZW5kLgpJIGRvbid0IGtub3cgd2hvIGhlIGlzLCB0aG91Z2gu,,,,,W0hvbWVtXQpBaCwgc2ltLiBPcyBjYXJhcyBxdWUKbWUgY29udHJhdGFyYW0gZGlzc2VyYW0gcXVlIApzZSBldSBlc3BlcmFzc2Ugbm8gbG9jYWwgZG8gdGVzb3VybywgCmFsZ3XDqW0gYWNhYmFyaWEgdmluZG8gcGFyYSBtZSBhanVkYXIgCm5hIHBhcnRlIG3DoWdpY2EuCk1hcyBuw6NvIHNlaSBxdWVtIGVsZSDDqS4=,,W0hvbWJyZV0KQWgsIHPDrS4gTG9zIHRpcG9zIHF1ZQptZSBjb250cmF0YXJvbiBkaWplcm9uIHF1ZSBzaSBlc3BlcmFiYQplbiBlbCBsdWdhciBkZWwgdGVzb3JvLCBhbGd1aWVuCmZpbmFsbWVudGUgdmVuZHLDrWEgYSBheXVkYXJtZQpjb24gZWwgdGVtYSBtYWdpYS4KUGVybyBubyBzw6kgcXVpw6luIGVzIGVzZSB0aXBvLg==
6M9LAw,,W01hbl0KT2gsIHllYWguIFRoZXkgbWVudGlvbmVkCnNvbWV0aGluZyBhYm91dCBoaW0gY29taW5nCmEgYml0IGZyb20gdGhlIHdlc3QuIE1heWJlCmhlJ3Mgb3ZlciBpbiBDb21vZG8/,,,,,W0hvbWVtXQpBaCwgc2ltLiBFbGVzIG1lbmNpb25hcmFtCmFsZ28gc29icmUgZWxlIHZpcgp1bSBwb3VjbyBkbyBvZXN0ZS4gVGFsdmV6CmVsZSBlc3RlamEgZW0gQ29tb2RvPw==,,W0hvbWJyZV0KQWgsIHPDrS4gTWVuY2lvbmFyb24KYWxnbyBzb2JyZSBxdWUKdmllbmUgZGVsIG9lc3RlLiDCv1F1aXrDoQplc3TDoSBlbiBDb21vZG8/
6c9LAw,,W01hbl0KT2gsIHllYWguIFRoZXkgZ2F2ZSBtZQp0aGlzIHdlaXJkIGRvY3VtZW50IGxhYmVsZWQKJydeRkYwMDAwW09wZW5eMDAwMDAwLicnIEkgZG9uJ3Qga25vdyBob3cKdG8gdXNlIGl0IGF0IGFsbCwgdGhvdWdoLg==,,,,,W0hvbWVtXQpBaCwgc2ltLiBFbGVzIG1lIGRlcmFtCmVzc2UgZG9jdW1lbnRvIGVzdHJhbmhvIGNvbSBvIG5vbWUKJydeRkYwMDAwW0FicmFeMDAwMDAwLicnIApFdSBuw6NvIHNlaSBjb21vIHVzw6EtbG8u,,W0hvbWJyZV0KQWgsIHPDrS4gTWUgZGllcm9uCmVzdGUgZG9jdW1lbnRvIGV4dHJhw7FvIGNvbiBlc3RhIGV0aXF1ZXRhOgoiXjY2MDAwMFvDgWJyZXRlXjAwMDAwMCIuIFNpbiBlbWJhcmdvLCBubyBzw6kgY8OzbW8KdXNhcmxvIGVuIGFic29sdXRvLg==
6s9LAw,,W01hbl0KT2gsIHllYWguIFRoZXkgZ2F2ZSBtZQp0aGlzIHdlaXJkIGRvY3VtZW50IGxhYmVsZWQKJydeRkYwMDAwW1VubG9ja14wMDAwMDAuJycgSSBkb24ndCBrbm93IGhvdwp0byB1c2UgaXQgYXQgYWxsLCB0aG91Z2gu,,,,,W0hvbWVtXQpBaCwgc2ltLiBFbGVzIG1lIGRlcmFtCmVzc2UgZG9jdW1lbnRvIGVzdHJhbmhvIGNvbSBvIG5vbWUKJydeRkYwMDAwW0Rlc2Jsb3F1ZWllXjAwMDAwMC4nJyAKRXUgbsOjbyBzZWkgY29tbyB1c8OhLWxvLg==,,W0hvbWJyZV0KQWgsIHPDrS4gTWUgZGllcm9uCmVzdGUgZG9jdW1lbnRvIGV4dHJhw7FvIGNvbiBlc3RhIGV0aXF1ZXRhOgoiXjY2MDAwMFtEZXNibG9xdWVhcl4wMDAwMDAiLiBObyBzw6kgY8OzbW8KdXNhcmxvIGVuIGFic29sdXRvLg==
689LAw,,W01hbl0KT2gsIHllYWguIExldCdzIHNlZSBoZXJlLgpBaCwgaGVyZSdzIHRoZSBkb2N1bWVudAp0aGF0IHRoZXkgZ2F2ZSBtZS4gSXQncyBraW5kCm9mIGEgYml0IHRvcm4sIHRob3VnaC4=,,,,,W0hvbWVtXQpBaCwgc2ltLiBWYW1vcyB2ZXIgYXF1aS4KQWgsIGFxdWkgZXN0w6EgbyBkb2N1bWVudG8KcXVlIGVsZXMgbWUgZGVyYW0uIEVsZSBlc3TDoSBtZWlvCnVtIHBvdWNvIHJhc2dhZG8sIG5vIGVudGFudG8u,,W0hvbWJyZV0KQWgsIHPDrS4gVmVhbW9zLgpBaCwgYXF1w60gZXN0w6EgZWwgZG9jdW1lbnRvCnF1ZSBtZSBkaWVyb24uIFNpbiBlbWJhcmdvLCBlc3TDoQp1biBwb2NvIHJhc2dhZG8u
7M9LAw,,XjMzNTVGRlRoZSB0b3JuIGRvY3VtZW50CmlzIGxhYmVsZWQgJydeRkYwMDAwW09wZW5eMzM1NUZGLicnXjAwMDAwMA==,,,,,XjMzNTVGRk8gZG9jdW1lbnRvIHJhc2dhZG8Kw6kgcm90dWxhZG8gY29tbyAnJ15GRjAwMDBbQWJyYV4zMzU1RkYuJydeMDAwMDAw,,XjI1MDJGREVsIGRvY3VtZW50byByYXNnYWRvCnRpZW5lIGxhIGV0aXF1ZXRhICJeNjYwMDAwW8OBYnJldGVeMjUwMkZEIi5eMDAwMDAw
7c9LAw,,XjMzNTVGRlRoZSB0b3JuIGRvY3VtZW50CmlzIGxhYmVsZWQgJydeRkYwMDAwW1VubG9ja14zMzU1RkYuJydeMDAwMDAw,,,,,XjMzNTVGRk8gZG9jdW1lbnRvIHJhc2dhZG8Kw6kgcm90dWxhZG8gY29tbyAnJ15GRjAwMDBbRGVzYmxvcXVlaWVeMzM1NUZGLicnXjAwMDAwMA==,,XjI1MDJGREVsIGRvY3VtZW50byByYXNnYWRvCnRpZW5lIGxhIGV0aXF1ZXRhICJeNjYwMDAwW0Rlc2Jsb3F1ZWFyXjI1MDJGRCIuXjAwMDAwMA==
7s9LAw,,W3t9XQpXYWl0LCBob3cgY291bGQgeW91IG5vdAprbm93IGhvdyB0byB1c2UgdGhpcz8KRGlkbid0IHlvdSBnZXQgYSBjaGFuY2UKdG8gdGFsayB0byB5b3VyIGNsaWVudHM/,,,,,W3t9XQpFc3BlcmUsIGNvbW8gw6kgcG9zc8OtdmVsIHF1ZSB2b2PDqiBuw6NvCnNhYmVyIGNvbW8gdXNhciBpc3NvPwpWb2PDqiBuw6NvIHRldmUgYSBjaGFuY2UgCmRlIGNvbnZlcnNhciBjb20gc2V1cyBjbGllbnRlcz8=,,W3t9XQpFc3BlcmEsIMK/Y8OzbW8gcHVlZGUgc2VyIHF1ZQpubyBzZXBhcyB1c2FyIGVzdG8/CsK/Tm8gdHV2aXN0ZSBvcG9ydHVuaWRhZApkZSBoYWJsYXIgY29uIHR1cyBjbGllbnRlcz8=
789LAw,,W01hbl0KSSBoYXZlbid0IGV2ZW4gbWV0IHRoZW0uCkkganVzdCBnZXQgdGhlaXIgaW5zdHJ1Y3Rpb25zCnRocm91Z2ggdGhlIG1haWwuIEV2ZXJ5dGhpbmcKaXMgdGhyb3VnaCBhIG1lZGl1bSB3aXRoIHRoZXNlCmd1eXMuIEkgZ3Vlc3MgdGhleSd2ZSBnb3QgdGhlaXIKZXllcyBvbiBtZSB0b28sIGJ1dCB3aGF0ZXZlci4=,,,,,W0hvbWVtXQpFdSBuZW0gc2VxdWVyIG9zIGNvbmhlY2kuCkFwZW5hcyByZWNlYm8gc3VhcyBpbnN0cnXDp8O1ZXMKcGVsbyBjb3JyZWlvLiBUdWRvCsOpIHBvciBtZWlvIGRlIHVtIG3DqWRpdW0gY29tIGVzc2VzCmNhcmFzLiBBY2hvIHF1ZSBlbGVzIHRhbWLDqW0gZXN0w6NvIGRlCm9saG9zIGVtIG1pbSB0YW1iw6ltLCBtYXMgbsOjbyBpbXBvcnRhLg==,,W0hvbWJyZV0KTmkgc2lxdWllcmEgbG9zIGNvbm96Y28uClNvbG8gcmVjaWJvIHN1cyBpbnN0cnVjY2lvbmVzCnBvciBjb3JyZW8uIFRvZG8KZXMgYSB0cmF2w6lzIGRlIHVuIG1lZGlvIGNvbiBlc3RvcwpkZSBsb3MgaG9tYnJlcyEgU3Vwb25nbyBxdWUgdGllbmVuIHN1cwpvam9zIHB1ZXN0b3MgZW4gbcOtIHRhbWJpw6luLCBwZXJvIGRhIGlndWFsLg==
8M9LAw,,W01hbl0KSSBndWVzcyB0aGV5IGhpcmVkIG1lIGJlY2F1c2UKdGhleSByZWFsbHkgd2FudCB0aGUgdHJlYXN1cmUsCmJ1dCBkb24ndCB3YW50IHRvIHRpcCBhbnlvbmUKb2ZmIHRoYXQgdGhleSdyZSBsb29raW5nIGZvciAKaXQsIG9yIHRoYXQgdGhleSBoYXZlIGl0Lg==,,,,,W0hvbWVtXQpBY2hvIHF1ZSBlbGVzIG1lIGNvbnRyYXRhcmFtIHBvcnF1ZQplbGVzIHJlYWxtZW50ZSBxdWVyZW0gbyB0ZXNvdXJvLAptYXMgbsOjbyBxdWVyZW0gYXZpc2FyIG5pbmd1w6ltCnF1ZSBlc3TDo28gcHJvY3VyYW5kbyAKb3UgcXVlIG8gdMOqbS4=,,W0hvbWJyZV0KU3Vwb25nbyBxdWUgbWUgY29udHJhdGFyb24gcG9ycXVlCnJlYWxtZW50ZSBxdWllcmVuIGVsIHRlc29ybywKcGVybyBubyBxdWllcmVuIGRldmVsYXJsZSBhIG5hZGllCnF1ZSBsbyBlc3TDoW4gYnVzY2FuZG8gCm8gcXVlIGxvIHRpZW5lbi4=
8c9LAw,,W01hbl0KQW55d2F5LCBhbGwgSSBrbm93IGlzIHRoYXQKdGhpcyBwaWVjZSBvZiBwYXBlciBpcyBzdXBwb3NlZAp0byBkbyBzb21ldGhpbmcuIEJ1dCBJIGd1ZXNzCkknbSBub3Qgc21hcnQgZW5vdWdoIHRvIGZpZ3VyZQppdCBvdXQuIE1heWJlIHlvdSdsbCBoYXZlCmJldHRlciBsdWNrIHdpdGggdGhlbS4=,,,,,W0hvbWVtXQpEZSBxdWFscXVlciBmb3JtYSwgdHVkbyBvIHF1ZSBzZWkgw6kgcXVlCmVzdGUgcGVkYcOnbyBkZSBwYXBlbCBkZXZlCmZhemVyIGFsZ3VtYSBjb2lzYS4gTWFzIGFjaG8gcXVlCm7Do28gc291IGludGVsaWdlbnRlIG8gc3VmaWNpZW50ZSBwYXJhIGRlc2NvYnJpci4gClRhbHZleiB2b2PDqiB0ZW5oYQptZWxob3Igc29ydGUgY29tIGVsZXMu,,W0hvbWJyZV0KRW4gZmluLCB0b2RvIGxvIHF1ZSBzw6kgZXMgcXVlCnNlIHN1cG9uZSBxdWUgZXN0ZSB0cm96byBkZSBwYXBlbApoYWdhIGFsZ28uIFBlcm8gc3Vwb25nbwpxdWUgbm8gc295IHRhbiBsaXN0byBwYXJhCnJlc29sdmVybG8uIFF1aXrDoXMgdGVuZ2FzCm1lam9yIHN1ZXJ0ZSBjb24gZWxsb3Mu
8s9LAw,,W01hbl0KWW91IGtub3csIGlmIHlvdSBjYW4gYWN0dWFsbHkKZmluZCB0aGF0IGd1eSB3aG8gd2FzIHN1cHBvc2VkCnRvIGhlbHAgbWUgYnV0IG5ldmVyIHNob3dlZCB1cCwKbWF5YmUgaGUnbGwgdW5kZXJzdGFuZCBob3cgdG8KdXNlIHRoYXQgZG9jdW1lbnQuIEdvIGFoZWFkCmFuZCB0YWtlICdlbS4gR29vZCBsdWNrLCBub3cu,,,,,W0hvbWVtXQpTYWJlLCBzZSB2b2PDqiBjb25zZWd1aXIgcmVhbG1lbnRlCmVuY29udHJhciBhcXVlbGUgY2FyYSBxdWUgZGV2ZXJpYQptZSBhanVkYXIsIG1hcyBudW5jYSBhcGFyZWNldSwKdGFsdmV6IGVsZSBlbnRlbmRhIGNvbW8KdXNhciBlc3NlIGRvY3VtZW50by4gVsOhIGVtIGZyZW50ZQplIHBlZ3VlLW9zLiBCb2Egc29ydGUu,,W0hvbWJyZV0KU2FiZXMsIHNpIHJlYWxtZW50ZSBwdWVkZXMKZW5jb250cmFyIGEgZXNlIHRpcG8gcXVlIHN1cHVlc3RhbWVudGUKbWUgaWJhIGEgYXl1ZGFyIHkgbnVuY2EgYXBhcmVjacOzLApxdWl6w6Egw6lsIGVudGllbmRhIGPDs21vCnV0aWxpemFyIGVzZSBkb2N1bWVudG8uIEFkZWxhbnRlLgp5IGxsw6l2YXRlbG9zLiBCdWVuYSBzdWVydGUu
889LAw,,W01hbl0KSSBhbHJlYWR5IHRvbGQgeW91IGV2ZXJ5dGhpbmcKSSBrbm93LiBZb3UnZCBiZSBiZXR0ZXIgb2ZmCmZpbmRpbmcgdGhhdCBndXkgb3ZlciBpbgpDb21vZG8sIG9yIHRoZSByZXN0IG9mCnRoYXQgdG9ybiBkb2N1bWVudC4=,,,,,W0hvbWVtXQpFdSBqw6EgbGhlIGNvbnRlaSB0dWRvIG8gcXVlIHNlaS4gClNlcmlhIG1lbGhvciB2b2PDqgplbmNvbnRyYXIgYXF1ZWxlIGNhcmEgbMOhIGVtCkNvbW9kbywgb3UgbyByZXN0byBkbwpkYXF1ZWxlIGRvY3VtZW50byByYXNnYWRvLg==,,W0hvbWJyZV0KWWEgdGUgZGlqZSB0b2RvCmxvIHF1ZSBzw6kuIEVzdGFyw61hcyBtZWpvcgpzaSBlbmN1ZW50cmFzIGEgZXNlIHRpcG8gZGUKQ29tb2RvLCBvIGFsIHJlc3RvIGRlCmVzZSBkb2N1bWVudG8gcmFzZ2Fkby4=
9M9LAw,,W01hbl0KTm93IHRoYXQgSSB0aGluayBhYm91dCBpdCwKbWF5YmUgdGhlIHRyZWFzdXJlIGNhbiBiZQpvYnRhaW5lZCBieSB0d28gcGVvcGxlPwpJIG1lYW4sIHRoZXkgcGxhbm5lZCBmb3IKbWUgdG8gZ28gd2l0aCB0aGF0IGd1eS4gRWgsCmJlc3Qgbm90IHRvIHRoaW5rIGFib3V0IGl0Lg==,,,,,W0hvbWVtXQpBZ29yYSBxdWUgZXN0b3UgcGVuc2FuZG8gbmlzc28sCnRhbHZleiBvIHRlc291cm8gcG9zc2Egc2VyCm9idGlkbyBwb3IgZHVhcyBwZXNzb2FzPwpRdWVybyBkaXplciwgZWxlcyBwbGFuZWphcmFtIHF1ZQpldSBmb3NzZSBjb20gYXF1ZWxlIGNhcmEuIEVoLAptZWxob3IgbsOjbyBwZW5zYXIgbmlzc28u,,W0hvbWJyZV0KQWhvcmEgcXVlIGxvIHBpZW5zbywKwr90YWwgdmV6IGRvcyBwZXJzb25hcwpwdWVkYW4gb2J0ZW5lciBlbCB0ZXNvcm8/ClF1aWVybyBkZWNpciwgcGxhbmVhcm9uCnF1ZSBmdWVyYSBjb24gZXNlIHRpcG8uIEVoLAptZWpvciBubyBwZW5zYXIgZW4gZWxsby4=
9c9LAw,,W01hbl0KSGVoISBMb29rcyBsaWtlIEknbGwgYmUKaGVhZGVkIGhvbWUgc29vbn4=,,,,,W0hvbWVtXQpIZWghIFBhcmVjZSBxdWUgZXUgZXN0YXJlaQp2b2x0YXIgcGFyYSBjYXNhIGVtIGJyZXZlfg==,,W0hvbWJyZV0KwqFKZSEgUGFyZWNlIHF1ZQp2b2x2ZXLDqSBhIGNhc2EgcHJvbnRvLg==
9s9LAw,,TWFuIGluIEhpZGluZw==,,,,,SG9tZW0gZXNjb25kaWRv,,SG9tYnJlIG9jdWx0bw==
989LAw,,W01hbiBpbiBIaWRpbmddCldob2EsIGRvbid0IGdldCBzbyBjbG9zZSE=,,,,,W0hvbWVtIGVzY29uZGlkb10KVWF1LCBuw6NvIGNoZWd1ZSB0w6NvIHBlcnRvIQ==,,W0hvbWJyZSBvY3VsdG9dCsKhVXksIG5vIHRlIGFjZXJxdWVzIHRhbnRvIQ==
+M9LAw,,V2h5IGFyZSB5b3UgaGlkaW5nIGhlcmU/,,,,,UG9yIHF1ZSBlc3TDoSBzZSBlc2NvbmRlbmRvIGFxdWk/,,wr9Qb3IgcXXDqSB0ZSBlc2NvbmRlcyBhcXXDrT8=
+c9LAw,,W3t9XQpXaHkgYXJlIHlvdSBoaWRpbmcgaGVyZT8KRGlkbid0IHRoZSBaIEdhbmcgaGlyZSB5b3UKdG8gZGlnIHVwIHNvbWUgdHJlYXN1cmU/,,,,,W3t9XQpQb3IgcXVlIGVzdMOhIHNlIGVzY29uZGVuZG8gYXF1aT8KQSBnYW5ndWUgWiBuw6NvIGNvbnRyYXRvdSB2b2PDqgpwYXJhIGRlc2VudGVycmFyIHVtIHRlc291cm8/,,W3t9XQrCv1BvciBxdcOpIHRlIGVzY29uZGVzIGFxdcOtPwrCv05vIHRlIGNvbnRyYXTDsyBsYSBQYW5kaWxsYSBaCnBhcmEgZGVzZW50ZXJyYXIgYWxnw7puIHRlc29ybz8=
+s9LAw,,W01hbiBpbiBIaWRpbmddCkh1aD8gWiBHYW5nPyBUcmVhc3VyZT8=,,,,,W0hvbWVtIGVzY29uZGlkb10KSMOjPyBHYW5ndWUgWj8gVGVzb3Vybz8=,,W0hvbWJyZSBvY3VsdG9dCsK/RWg/IMK/TGEgUGFuZGlsbGEgWj8gwr9VbiB0ZXNvcm8/
+89LAw,,W01hbiBpbiBIaWRpbmddCkh1aD8gV2FpdCwgdGVsbCBtZSB0aGUKdHJ1dGguIERpZCB5b3UgYWN0dWFsbHkKbWVldCB0aGUgWiBHYW5nPw==,,,,,W0hvbWVtIGVzY29uZGlkb10KSMOjPyBFc3BlcmUsIG1lIGRpZ2EgYQp2ZXJkYWRlLiBWb2PDqiByZWFsbWVudGUKY29uaGVjZXUgYSBHYW5ndWUgWj8=,,W0hvbWJyZSBvY3VsdG9dCsK/RWg/IEVzcGVyYSwgZGltZSBsYQp2ZXJkYWQuIMK/UmVhbG1lbnRlCmNvbm9jaXN0ZSBhIGxhIFBhbmRpbGxhIFo/
/M9LAw,,W3t9XQpJIG5vdCBvbmx5IG1ldCB0aGUgWiBHYW5nLApJIGFsc28gY2FwdHVyZWQgdGhlbS4gSSd2ZQpjb21lIGxvb2tpbmcgZm9yIHlvdSB0bwpmaW5kIG91dCBtb3JlIGFib3V0IHRoaXMKYnVyaWVkIHRyZWFzdXJlLg==,,,,,W3t9XQpFdSBuw6NvIGFwZW5hcyBjb25oZWNpIGEgR2FuZ3VlIFosCnRhbWLDqW0gb3MgY2FwdHVyZWkuIApFdSB2aW0gcHJvY3Vyw6EtbG8gcGFyYQpkZXNjb2JyaXIgbWFpcyBzb2JyZSBlc3NlCnRlc291cm8gZW50ZXJyYWRvLg==,,W3t9XQpObyBzb2xvIGNvbm9jw60gYSBsYSBQYW5kaWxsYSBaLAp0YW1iacOpbiBjYXB0dXLDqSBhIHN1cyBtaWVtYnJvcy4gVmluZQphIGJ1c2NhcnRlCnBhcmEgb2J0ZW5lciBtw6FzIGluZm9ybWFjacOzbiBzb2JyZQplc3RlIHRlc29ybyBlbnRlcnJhZG8u
/c9LAw,,W01hbiBpbiBIaWRpbmddCkkgZ2V0IGl0IG5vdy4gWW91IG11c3QKaGF2ZSBtZXQgdGhhdCBvdGhlciBndXkKdGhleSBoaXJlZCB0byBnZXQgdGhlCnRyZWFzdXJlLiBIdWguIEhlJ3MgZ290IG9uZQpoYWxmIG9mIHRoZSBzcGVsbCB0byBvcGVuIGl0LAphbmQgSSd2ZSBnb3QgdGhlIG90aGVyLg==,,,,,W0hvbWVtIGVzY29uZGlkb10KQWdvcmEgZW50ZW5kaS4gVm9jw6ogZGV2ZQp0ZXIgY29uaGVjaWRvIGFxdWVsZSBvdXRybyBjYXJhCnF1ZSBlbGVzIGNvbnRyYXRhcmFtIHBhcmEgcGVnYXIgbwp0ZXNvdXJvLiBFbGUgdGVtIHVtYQptZXRhZGUgZG8gZmVpdGnDp28gcGFyYSBhYnJpLWxvLAplIGV1IHRlbmhvIGEgb3V0cmEu,,W0hvbWJyZSBvY3VsdG9dCllhIGVudGllbmRvLiBTZWd1cm8KY29ub2Npc3RlIGEgZXNlIG90cm8gdGlwbwpxdWUgY29udHJhdGFyb24gcGFyYSBjb25zZWd1aXIKZWwgdGVzb3JvLiBNbW0uIFRpZW5lIHVuYQptaXRhZCBkZWwgaGVjaGl6byBwYXJhIGFicmlyIGVsIGNvZnJlLAp5IHlvIHRlbmdvIGxhIG90cmEu
/s9LAw,,W01hbiBpbiBIaWRpbmddCldlbGwsIHlvdSBjYW4gaGF2ZSB0aGlzLAp0aGUgcmVzdCBvZiB0aGUgbWFnaWMgc3BlbGwuCkxldCBtZSB3YXJuIHlvdSwgdGhvdWdoLAp0aGVyZSdzIHNvbWV0aGluZyB3ZWlyZAphYm91dCB0aGUgc3BlbGwsIGFuZCB0aGUKdHJlYXN1cmUgaXRzZWxmLg==,,,,,W0hvbWVtIGVzY29uZGlkb10KQmVtLCB2b2PDqiBwb2RlIGZpY2FyIGNvbSBpc3NvLApvIHJlc3RvIGRvIGZlaXRpw6dvIG3DoWdpY28uCk1hcyBkZWl4ZS1tZSBhdmlzw6EtbG8sCmjDoSBhbGdvIGVzdHJhbmhvCnNvYnJlIG8gZmVpdGnDp28gZSBvIHByw7NwcmlvCnRlc291cm8gZW0gc2ku,,W0hvbWJyZSBvY3VsdG9dCkJ1ZW5vLCBwdWVkZXMgcXVlZGFydGUgY29uIGVzdG8sCmVsIHJlc3RvIGRlbCBoZWNoaXpvIG3DoWdpY28uClBlcm8gZMOpamFtZSBhZHZlcnRpcnRlLApwYXNhIGFsZ28gcmFybwpjb24gZWwgaGVjaGl6bywgeSBlbAp0ZXNvcm8gZW4gc8OtLg==
/89LAw,,XjMzNTVGRllvdSByZWNlaXZlZCBhIHRvcm4KZG9jdW1lbnQgdGhhdCByZWFkcwonJ15GRjAwMDBUcmVhc3VyZV1eMDAwMDAwLicn,,,,,XjMzNTVGRlZvY8OqIHJlY2ViZXUgdW0gZG9jdW1lbnRvIHJhc2dhZG8KZG9jdW1lbnRvIHF1ZSBkaXoKJydeRkYwMDAwVGVzb3Vyb11eMDAwMDAwLicn,,XjI1MDJGRFJlY2liaXN0ZSB1biBkb2N1bWVudG8gcmFzZ2FkbwpxdWUgZGljZQoiXjY2MDAwMFRlc29yb11eMDAwMDAwIi4=
ANBLAw,,XjMzNTVGRllvdSByZWNlaXZlZCBhIHRvcm4KZG9jdW1lbnQgdGhhdCByZWFkcwonJ15GRjAwMDBTZXNlYW1lXV4wMDAwMDAuJyc=,,,,,XjMzNTVGRlZvY8OqIHJlY2ViZXUgdW0gZG9jdW1lbnRvIHJhc2dhZG8KZG9jdW1lbnRvIHF1ZSBkaXoKJydeRkYwMDAwU2VzZWFtZV1eMDAwMDAwLicn,,XjI1MDJGRFJlY2liaXN0ZSB1biBkb2N1bWVudG8gcmFzZ2FkbwpxdWUgZGljZQoiXjY2MDAwMFPDqXNhbW9dXjAwMDAwMCIu
AdBLAw,,W01hbiBpbiBIaWRpbmddCkkgZG9uJ3QgdW5kZXJzdGFuZCB3aHkgdGhleQp3ZW50IHRocm91Z2ggdGhlIGhhc3NsZSBvZgpzcGxpdHRpbmcgdGhpcyBzcGVsbCBpbiB0d28KcGFydHMuIFRoZXJlIG11c3QgYmUgc29tZQpyZWFzb24uIFdoYXRldmVyIGl0IGlzLCBpdAptdXN0IGJlIHByZXR0eSBpbXBvcnRhbnQu,,,,,W0hvbWVtIGVzY29uZGlkb10KTsOjbyBlbnRlbmRvIHBvciBxdWUgZWxlcwpwYXNzYXJhbSBwZWxvIGluY8O0bW9kbyBkZQpkaXZpZGlyIGVzc2UgZmVpdGnDp28gZW0gZHVhcwpwYXJ0ZXMuIERldmUgaGF2ZXIgYWxndW1hCm1vdGl2by4gU2VqYSBxdWFsIGZvciwgZGV2ZSBzZXIKZGV2ZSBzZXIgbXVpdG8gaW1wb3J0YW50ZS4=,,W0hvbWJyZSBvY3VsdG9dCk5vIGVudGllbmRvIHBvciBxdcOpIApzZSB0b21hcm9uIGxhIG1vbGVzdGlhIGRlCmRpdmlkaXIgZXN0ZSBoZWNoaXpvIGVuIGRvcwpwYXJ0ZXMuIERlYmUgaGFiZXIgYWxndW5hCnJhesOzbi4gU2VhIGxvIHF1ZSBzZWEsCmRlYmUgc2VyIG11eSBpbXBvcnRhbnRlLg==
AtBLAw,,W01hbiBpbiBIaWRpbmddCkkgZ3Vlc3MgbWF5YmUgeW91IG5lZWQKdHdvIHBlb3BsZSB0byBtb3ZlIHRoZQp0cmVhc3VyZT8gV2VsbCwgd2hhdGV2ZXIuCkdvb2QgbHVjayBmaW5kaW5nIHRoYXQKdHJlYXN1cmUuIEZhcmV3ZWxsIG5vdyE=,,,,,W0hvbWVtIGVzY29uZGlkb10KQWNobyBxdWUgdGFsdmV6IHZvY8OqIHByZWNpc2UgZGUKZHVhcyBwZXNzb2FzIHBhcmEgbW92ZXIgbwp0ZXNvdXJvPyBCZW0sIHRhbnRvIGZhei4KQm9hIHNvcnRlIHBhcmEgZW5jb250cmFyIGVzc2UKdGVzb3Vyby4gQXTDqSBsb2dvIQ==,,W0hvbWJyZSBvY3VsdG9dClN1cG9uZ28gcXVlIHRhbCB2ZXogbmVjZXNpdGVzCmRvcyBwZXJzb25hcyBwYXJhIG1vdmVyIGVsCnRlc29yby4gQnVlbm8sIGRhIGlndWFsLgpCdWVuYSBzdWVydGUgY29uIGxhIGLDunNxdWVkYQpkZWwgdGVzb3JvLiDCoUFkacOzcyE=
A9BLAw,,QXNrIEFib3V0IFRyZWFzdXJl,,,,,UGVyZ3VudGUgc29icmUgbyBUZXNvdXJv,,UHJlZ3VudGFyIHBvciBlbCB0ZXNvcm8=
BNBLAw,,W3t9XQpJJ3ZlIGNvbWUgbG9va2luZwpmb3IgaW5mb3JtYXRpb24KYWJvdXQgdGhlIHRyZWFzdXJlLg==,,,,,W3t9XQpFdSB2aW0gcHJvY3VyYW5kbwppbmZvcm1hw6fDtWVzCnNvYnJlIG8gdGVzb3Vyby4=,,W3t9XQpWZW5nbyBhIGJ1c2NhcgppbmZvcm1hY2nDs24gCnNvYnJlIGVsIHRlc29yby4=
BdBLAw,,W01hbiBpbiBIaWRpbmddCllvdS4uLiBZb3UndmUgY29tZQpsb29raW5nIGZvciBtZT8hClVnaCwgSSdtIGNvcm5lcmVkIQpJJ20gbm90IGdvaW5nIGRvd24Kd2l0aG91dCBhIGZpZ2h0IQ==,,,,,W0hvbWVtIGVzY29uZGlkb10KTyBzZW5ob3IuLi4gTyBzZW5ob3IgdmVpbwpwcm9jdXJhbmRvIHBvciBtaW0/IQpVZ2gsIGVzdG91IGVuY3VycmFsYWRvIQpOw6NvIHZvdSBjYWlyCnNlbSBsdXRhciE=,,W0hvbWJyZSBvY3VsdG9dClTDuuKApiDCv8KhVmluaXN0ZQphIGJ1c2Nhcm1lPyEKwqFVZiwgZXN0b3kgYWNvcnJhbGFkbyEKwqFObyBtZSB2YW4gYSB2ZW5jZXIKc2luIHBlbGVhciE=
BtBLAw,,W3t9XQpXaGF0PyBObywgaXQncyBub3QgbGlrZQp0aGF0LiBJIG1ldCB0aGlzIHRyZWFzdXJlCmh1bnRlciBpbiBNb3Jyb2MgdGhhdCBzYWlkCkkgY291bGQgZmluZCB5b3UgYXJvdW5kIGhlcmUu,,,,,W3t9XQpPIHF1w6o/IE7Do28sIG7Do28gw6kgYXNzaW0uIApFdSBjb25oZWNpIHVtIGNhw6dhZG9yIGRlIHRlc291cm9zIAplbSBNb3Jyb2MgcXVlIGRpc3NlCkV1IHBvZGVyaWEgZW5jb250csOhLWxvIHBvciBhcXVpLg==,,W3t9XQrCv1F1w6k/IE5vLCBubyBlcwplc28uIENvbm9jw60gYSB1biBjYXphZG9yCmRlIHRlc29yb3MgZW4gTW9ycm9jIHF1ZSBkaWpvCnF1ZSBwb2Ryw61hIGVuY29udHJhcnRlIHBvciBhcXXDrS4=
B9BLAw,,W01hbiBpbiBIaWRpbmddClRyZWFzdXJlIGh1bnRlci4uLj8KT2gsIHRoZW4geW91IGFscmVhZHkKa25vdyBhYm91dCB0aGUgdHJlYXN1cmUuLi4=,,,,,W0hvbWVtIGVzY29uZGlkb10KQ2HDp2Fkb3IgZGUgdGVzb3Vyb3MuLi4/CkFoLCBlbnTDo28gdm9jw6ogasOhCnNhYmUgc29icmUgbyB0ZXNvdXJvLi4u,,W0hvbWJyZSBvY3VsdG9dCsK/Q2F6YWRvciBkZSB0ZXNvcm9zLi4uPwpPaCwgZW50b25jZXMgeWEKdGUgZW50ZXJhc3RlIGRlbCB0ZXNvcm8uLi4=
CNBLAw,,W01hbiBpbiBIaWRpbmddCklmIEknbSByaWdodCwgdGhlbiB5b3UKbmVlZCB0aGUgb3RoZXIgaGFsZiBvZgp0aGUgc3BlbGwgdG8gb3BlbiB0aGUKdHJlYXN1cmUuIEhlcmUsIHlvdSBjYW4KdGFrZSBpdC4gSSBoYXZlIG5vIHVzZQpmb3IgaXQsIGFueXdheS4=,,,,,W0hvbWVtIGVzY29uZGlkb10KU2UgZXUgZXN0aXZlciBjZXJ0bywgZW50w6NvIHZvY8OqCnByZWNpc2EgZGEgb3V0cmEgbWV0YWRlIGRvIGZlaXRpw6dvIApwYXJhIGFicmlyIG8gdGVzb3Vyby4gCkFxdWksIHZvY8OqIHBvZGUKcGVnYXIuIE7Do28gdGVuaG8gdXRpbGlkYWRlCnBhcmEgZWxlLCBkZSBxdWFscXVlciBmb3JtYS4=,,W0hvbWJyZSBvY3VsdG9dClNpIG5vIG1lIGVxdWl2b2NvLCBlbnRvbmNlcwpuZWNlc2l0YXMgbGEgb3RyYSBtaXRhZCBkZWwKaGVjaGl6byBwYXJhIGFicmlyIGVsIGNvZnJlIGRlbAp0ZXNvcm8uIFRvbWEsCmxsw6l2YXRlbG8uIERlIHRvZG9zIG1vZG9zLApubyBtZSBzaXJ2ZS4=
CtBLAw,,W01hbiBpbiBIaWRpbmddCk5vdyB3b3VsZCB5b3UganVzdCBnZXQKb3V0IG9mIGhlcmU/IElmIHlvdSBjb3VsZG4ndAphbHJlYWR5IHRlbGwsIEknbSBoaWRpbmcgZnJvbQpzb21lIHBlb3BsZS4gSSB0b2xkIHlvdSBhbGwKSSBrbm93LCBzbyBkbyBtZSBhIGZhdm9yLAphbmQgZG9uJ3QgdGVsbCBhbnlvbmUgSSdtIGhlcmUh,,,,,W0hvbWVtIGVzY29uZGlkb10KQWdvcmEgdm9jw6ogcG9kZXJpYSBzYWlyIGRhcXVpPyAKU2Ugdm9jw6ogbsOjbyBzYWJlIGrDoSBwZXJjZWJldSwgCmVzdG91IG1lIGVzY29uZGVuZG8gZGUKYWxndW1hcyBwZXNzb2FzLiBFdSBsaGUgZGlzc2UgdHVkbyBvIHF1ZSBzZWkuCnF1ZSBzZWksIGVudMOjbyBtZSBmYcOnYSB1bSBmYXZvciwKZSBuw6NvIGRpZ2EgYSBuaW5ndcOpbSBxdWUgZXN0b3UgYXF1aSE=,,W0hvbWJyZSBvY3VsdG9dCsK/QWhvcmEsIHRlIHBvZHLDrWFzCmlyIGRlIGFxdcOtPyBTaSB0b2RhdsOtYQpubyB0ZSBkaXN0ZSBjdWVudGEsIG1lIGVzY29uZG8gZGUKVGXigKYgVGUgbG8gZGlqZeKApgpsbyBxdWUgc8OpLCBhc8OtIHF1ZSDCoWhhem1lIHVuIGZhdm9yLAp5IG5vIGxlIGRpZ2FzIGEgbmFkaWUgcXVlIGVzdG95IGFxdcOtIQ==
C9BLAw,,W01hbiBpbiBIaWRpbmddCkFyZW4ndCB5b3UgZ29pbmcgdG8KZGlnIHVwIHRoYXQgdHJlYXN1cmU/CllvdSBoYXZlIGJvdGggcGFydHMgb2YKdGhlIHNwZWxsIHRoYXQgeW91IG5lZWQ6CkkgYWxyZWFkeSBnYXZlIHlvdSB0aGUKJydeRkYwMDAwVHJlYXN1cmVdXjAwMDAwMCcnIHBhcnQsIHJpZ2h0Pw==,,,,,W0hvbWVtIGVzY29uZGlkb10KVm9jw6ogbsOjbyB2YWkKZGVzZW50ZXJyYXIgZXNzZSB0ZXNvdXJvPwpWb2PDqiB0ZW0gYXMgZHVhcyBwYXJ0ZXMgZG8gZmVpdGnDp28gCnF1ZSB2b2PDqiBwcmVjaXNhOgpFdSBqw6EgbGhlIGRlaSBhIHBhcnRlCicnXkZGMDAwMFRlc291cm9dXjAwMDAwMCcnLCBjZXJ0bz8=,,W0hvbWJyZSBvY3VsdG9dCsK/Tm8gdmFzIGEKZGVzZW50ZXJyYXIgZXNlIHRlc29ybz8KVGllbmVzIGxhcyBkb3MgcGFydGVzIGRlbApoZWNoaXpvIHF1ZSBuZWNlc2l0YXM6CllhIHRlIGRpIGxhIHBhcnRlIGRlCuKAnF42NjAwMDBUZXNvcm9dXjAwMDAwMOKAnSwgwr92ZXJkYWQ/
DNBLAw,,W01hbiBpbiBIaWRpbmddCkFueXdheSwgbm93IHRoYXQgdGhlClogR2FuZyBpcyBjYXB0dXJlZCwKaXQgbWlnaHQgYmUgc2FmZSBlbm91Z2gKZm9yIG1lIHRvIGdvIGJhY2sgaG9tZS4=,,,,,W0hvbWVtIGVzY29uZGlkb10KRGUgcXVhbHF1ZXIgZm9ybWEsIGFnb3JhIHF1ZSBhCkdhbmd1ZSBaIGZvaSBjYXB0dXJhZGEsCnRhbHZleiBzZWphIHNlZ3VybyBvIHN1ZmljaWVudGUKcGFyYSBldSB2b2x0YXIgcGFyYSBjYXNhLg==,,W0hvbWJyZSBvY3VsdG9dCkRlIHRvZG9zIG1vZG9zLCBhaG9yYSBxdWUgbGEKUGFuZGlsbGEgWiBlc3TDoSBjYXB0dXJhZGEsCnBvZHLDrWEgc2VyIHNlZ3VybwpwYXJhIHF1ZSB2dWVsdmEgYSBjYXNhLg==
DdBLAw,,W01hbiBpbiBIaWRpbmddCldvdWxkIHlvdSBkbyBtZSBhIGZhdm9yLAphbmQganVzdCBnZXQgb3V0IG9mIGhlcmUKYmVmb3JlIHNvbWVvbmUgZmluZHMKbXkgaGlkaW5nIHBsYWNlPw==,,,,,W0hvbWVtIGVzY29uZGlkb10KUG9kZXJpYSBtZSBmYXplciB1bSBmYXZvciwKZSBzYWlyIGRhcXVpCmFudGVzIHF1ZSBhbGd1w6ltIGRlc2N1YnJhCm1ldSBlc2NvbmRlcmlqbz8=,,W0hvbWJyZSBvY3VsdG9dCsK/TWUgaGFyw61hcyBlbCBmYXZvcgpkZSBzYWxpciBkZSBhcXXDrQphbnRlcyBkZSBxdWUgYWxndWllbiBlbmN1ZW50cmUKbWkgZXNjb25kaXRlPw==
D9BLAw,,W01hbiBpbiBIaWRpbmddCkhlaCEgTG9va3MgbGlrZSBpdCdzCnNhZmUgZm9yIG1lIHRvIGNvbWUgb3V0Cm9mIGhpZGluZywgYW5kIGp1c3QgZ28gaG9tZSEKQnV0IG1heWJlIEkgc2hvdWxkIHN0aWNrCmFyb3VuZCBoZXJlIGEgbGl0dGxlIGxvbmdlciwKanVzdCB0byBiZSBvbiB0aGUgc2FmZSBzaWRlLg==,,,,,W0hvbWVtIGVzY29uZGlkb10KSGVoISBQYXJlY2UgcXVlIMOpCnNlZ3VybyBwYXJhIGV1IHNhaXIKZG8gZXNjb25kZXJpam8gZSBpciBwYXJhIGNhc2EhCk1hcyB0YWx2ZXogZXUgZGV2YSBmaWNhciBwb3IgYXF1aSAKdW0gcG91Y28gbWFpcywKc8OzIHBhcmEgZ2FyYW50aXIgYSBzZWd1cmFuw6dhLg==,,W0hvbWJyZSBvY3VsdG9dCsKhSmUhIMKhUGFyZWNlIHF1ZSBlcwpzZWd1cm8gc2FsaXIgZGUgbWkgZXNjb25kaXRlCnkgdm9sdmVyIGEgY2FzYSEKUGVybyB0YWwgdmV6IGRlYmVyw61hIHNlZ3Vpcgpwb3IgYXF1w60gdW4gcG9jbyBtw6FzLApzb2xvIHBhcmEgZXN0YXIgY29tcGxldGFtZW50ZSBzZWd1cm8u
ENBLAw,,XjMzNTVGRllvdSdyZSBjYXJyeWluZyB0b28gbWFueQppdGVtczogdGhlcmUncyBubyB3YXkgeW91CmNhbiBjYXJyeSB0aGUgVHJlYXN1cmUKQ2hlc3Qgd2l0aCB5b3UgZm9yIG5vdy5eMDAwMDAw,,,,,XjMzNTVGRlZvY8OqIGVzdMOhIGNhcnJlZ2FuZG8gbXVpdG9zCml0ZW5zOiBuw6NvIGjDoSBjb21vIHZvY8OqCmNhcnJlZ2FyIG8gQmHDuiBkbyBUZXNvdXJvIApjb20gdm9jw6ogcG9yIGVucXVhbnRvLl4wMDAwMDA=,,XjI1MDJGRExsZXZhcyBkZW1hc2lhZG9zCm9iamV0b3M6IG5vIGhheSBmb3JtYSBkZSBxdWUgdGUKcHVlZGFzIGxsZXZhciBlbCBDb2ZyZQpkZWwgVGVzb3JvLCBwb3IgYWhvcmEuXjAwMDAwMA==
EdBLAw,,XjMzNTVGRlRoZXJlJ3Mgc29tZXRoaW5nCmhlcmUsIGJ1cmllZCBqdXN0CmJlbmVhdGggdGhlIGdyb3VuZC5eMDAwMDAw,,,,,XjMzNTVGRkjDoSBhbGdvCmFxdWksIGVudGVycmFkbwpzb2IgbyBzb2xvLl4wMDAwMDA=,,XjI1MDJGREhheSBhbGdvCmVudGVycmFkbwpqdXN0byBhcXXDrS5eMDAwMDAw
EtBLAw,,W3t9XQpVbm5naCEgSS1pdCB3b24ndC4uLiE=,,,,,W3t9XQpVbm5naCEgTsOjbyB2YWkuLi4h,,W3t9XQrCoVVmZmZmISDCoU4tTm8gc2UuLi4h
E9BLAw,,XjMzNTVGRk5vIG1hdHRlciBob3cgaGFyZAp5b3UgdHJ5LCB5b3UgY2FuJ3QgZGlnCm91dCB0aGUgY2hlc3Qgb3Igb3BlbiBpdC4KVGhlcmUncyBzb21lIG1hZ2ljYWwKYXVyYSBzdXJyb3VuZGluZyB0aGUgY2hlc3QKdGhhdCBtaWdodCBiZSBzdG9wcGluZyB5b3UuXjAwMDAwMA==,,,,,XjMzNTVGRk7Do28gaW1wb3J0YSBvIHF1YW50bwp2b2PDqiB0ZW50ZSwgdm9jw6ogbsOjbyBwb2RlIGNhdmFyCm8gYmHDuiBvdSBhYnJpLWxvLgpIw6EgdW1hIGF1cmEgbcOhZ2ljYSBhbyByZWRvciAKZG8gYmHDuiBxdWUgcG9kZSBlc3RhciAKaW1wZWRpbmRvIHZvY8OqLl4wMDAwMDA=,,XjI1MDJGRFBvciBtdWNobyBxdWUKbG8gaW50ZW50ZXMsIG5vIHB1ZWRlcyBkZXNlbnRlcnJhcgplbCBjb2ZyZSBuaSBhYnJpcmxvLgpIYXkgdW4gYXVyYQptw6FnaWNhIHF1ZSByb2RlYSBlbCBjb2ZyZQpxdWUgcHVlZGUgc2VyIGxvIHF1ZSB0ZSBkZXRpZW5lLl4wMDAwMDA=
FNBLAw,,XjMzNTVGRlRoYXQgVHJlYXN1cmUgSHVudGVyIGluCk1vcnJvYyBtdXN0IGtub3cgc29tZXRoaW5nCmFib3V0IHRoZSBjaGVzdCdzIG1hZ2ljYWwKcHJvdGVjdGlvbi4gSXQgbWlnaHQgYmUKYSBnb29kIGlkZWEgdG8gYXNrIGhpbS5eMDAwMDAw,,,,,XjMzNTVGRkFxdWVsZSBjYcOnYWRvciBkZSB0ZXNvdXJvcyBlbQpNb3Jyb2MgZGV2ZSBzYWJlciBhbGd1bWEgY29pc2EKc29icmUgYSBwcm90ZcOnw6NvIG3DoWdpY2EgZG8gYmHDui4gClRhbHZleiBzZWphIHVtYSBib2EgaWRlaWEgCnBlcmd1bnRhciBhIGVsZS5eMDAwMDAw,,XjI1MDJGREVzZSBjYXphZG9yIGRlIHRlc29yb3MgZGUKTW9ycm9jIGRlYmUgc2FiZXIgYWxnbwpzb2JyZSBsYSBwcm90ZWNjacOzbiBtw6FnaWNhCmRlbCBjb2ZyZS4gUHVlZGUgc2VyCnVuYSBidWVuYSBpZGVhIHByZWd1bnRhcmxlLl4wMDAwMDA=
FdBLAw,,XjMzNTVGRllvdSB0cmllZCBjYXN0aW5nIHRoZQpzcGVsbCBvbiB0aGUgZG9jdW1lbnQKeW91IHJlY2VpdmVkLCBidXQgbm90aGluZwpoYXBwZW5lZC4gWW91IHNob3VsZCBwcm9iYWJseQpmaW5kIHRoZSBvdGhlciBtYW4gb3ZlciBpbgpDb21vZG8gdG8gc2VlIHdoYXQgaGUga25vd3MuXjAwMDAwMA==,,,,,XjMzNTVGRlZvY8OqIHRlbnRvdSBsYW7Dp2FyIG8KZmVpdGnDp28gbm8gZG9jdW1lbnRvCnF1ZSB2b2PDqiByZWNlYmV1LCBtYXMgbmFkYQphY29udGVjZXUuIFZvY8OqIHByb3ZhdmVsbWVudGUgZGV2ZXJpYQpwcm9jdXJhciBvIG91dHJvIGhvbWVtIGVtCkNvbW9kbyBwYXJhIHZlciBvIHF1ZSBlbGUgc2FiZS5eMDAwMDAw,,XjI1MDJGRFByb2Jhc3RlIGxhbnphciBlbApoZWNoaXpvIHF1ZSBlc3TDoSBlbiBlbCBkb2N1bWVudG8KcXVlIHJlY2liaXN0ZSwgcGVybyBubyBzdWNlZGnDswpuYWRhLiBQcm9iYWJsZW1lbnRlIGRlYmVyw61hcwplbmNvbnRyYXIgYWwgb3RybyBob21icmUgZGUKQ29tb2RvIHBhcmEgdmVyIHF1w6kgc2FiZS5eMDAwMDAw
FtBLAw,,XjMzNTVGRllvdSdsbCBuZWVkIHRvIGNvbWJpbmUKdGhlIHR3byBoYWx2ZXMgb2YgdGhlIHNwZWxsCm9uIHRoZSBkb2N1bWVudCB5b3UgcmVjZWl2ZWQKdG8gcmVtb3ZlIHRoZSBjaGVzdCdzIG1hZ2ljYWwKcHJvdGVjdGlvbiB0byBnZXQgdGhlIHRyZWFzdXJlLl4wMDAwMDA=,,,,,XjMzNTVGRlZvY8OqIHByZWNpc2Fyw6EgY29tYmluYXIKYXMgZHVhcyBtZXRhZGVzIGRvIGZlaXRpw6dvCm5vIGRvY3VtZW50byBxdWUgdm9jw6ogcmVjZWJldQpwYXJhIHJlbW92ZXIgYSBwcm90ZcOnw6NvIG3DoWdpY2EgCmRvIGJhw7ogZSBvYnRlciBvIHRlc291cm8uXjAwMDAwMA==,,XjI1MDJGRFRlbmRyw6FzIHF1ZSBjb21iaW5hcgpsYXMgZG9zIG1pdGFkZXMgZGVsIGhlY2hpem8KZGVsIGRvY3VtZW50byBxdWUgcmVjaWJpc3RlCnBhcmEgZWxpbWluYXIgbGEgcHJvdGVjY2nDs24gbcOhZ2ljYSBkZWwgY29mcmUKeSBjb25zZWd1aXIgZWwgdGVzb3JvLl4wMDAwMDA=
F9BLAw,,T3BlblNlc2FtZQ==,,,,,QWJyZVRlU2VzYW1v,,w4FicmV0ZVPDqXNhbW8=
GNBLAw,,XjMzNTVGRlRoZSBaIEdhbmcgbXVzdCBoYXZlIHNwbGl0CnRoZSBzcGVsbCBkb2N1bWVudCBpbiB0d28KcGFydHMgYmVjYXVzZSBvbmUgcGVyc29uCmlzbid0IGVub3VnaCB0byBvcGVuIHRoaXMKY2hlc3QuIEl0J3MgYSBnb29kIHRoaW5nCnlvdSBicm91Z2h0IGEgZnJpZW5kLl4wMDAwMDA=,,,,,XjMzNTVGRkEgZ2FuZ3VlIFogZGV2ZSB0ZXIgZGl2aWRpZG8gbyBkb2N1bWVudG8KbyBkb2N1bWVudG8gZGUgZmVpdGnDp28gZW0gZHVhcwpwYXJ0ZXMsIHBvcnF1ZSB1bWEgcGVzc29hCm7Do28gw6kgc3VmaWNpZW50ZSBwYXJhIGFicmlyIGVzc2UKYmHDui4gw4kgYm9tIHF1ZSB2b2PDqiB0ZW5oYSB0cmF6aWRvIHVtIGFtaWdvLgp2b2PDqiB0ZXIgdHJhemlkbyB1bSBhbWlnby5eMDAwMDAw,,XjI1MDJGRFNlZ3VyYW1lbnRlLCBsYSBQYW5kaWxsYSBaIGRpdmlkacOzIGVsCmVsIGRvY3VtZW50byBxdWUgY29udGllbmUgZWwgaGVjaGl6byBlbiBkb3MKcGFydGVzIHBvcnF1ZSB1bmEgcGVyc29uYQpubyBhbGNhbnphIHBhcmEgYWJyaXIgZXN0ZQpjb2ZyZS4gUXXDqSBidWVubyBxdWUKdHJhamlzdGUgYSB1biBhbWlnby5eMDAwMDAw
GdBLAw,,XjMzNTVGRllvdSBjYXN0IHRoZSBzcGVsbCwKdGhlIGNoZXN0IG9wZW5zLCBhbmQKeW91IGdyYWIgYWxsIHRoZSBsb290IGluc2lkZS5eMDAwMDAw,,,,,XjMzNTVGRlZvY8OqIGxhbsOnYSBvIGZlaXRpw6dvLApvIGJhw7ogc2UgYWJyZSBlCnZvY8OqIHBlZ2EgdG9kbyBvIHNhcXVlIGRlbnRybyBkZWxlLl4wMDAwMDA=,,XjI1MDJGRExhbnphcyBlbCBoZWNoaXpvLAplbCBjb2ZyZSBzZSBhYnJlLCB5CmFnYXJyYXMgdG9kbyBlbCBib3TDrW4gcXVlIGhheSBkZW50cm8uXjAwMDAwMA==
GtBLAw,,W3t9XQpOLW5vISBXaGF0J3MgZ29pbmcgb24/ClRoaXMgRW1lcmFsZC4uLiBJdCBtdXN0CmJlIGN1cnNlZCBieSBldmlsIG1hZ2ljIQ==,,,,,W3t9XQpOLW7Do28hIE8gcXVlIGVzdMOhIGFjb250ZWNlbmRvPwpFc3NhIGVzbWVyYWxkYS4uLiBFbGEgZGV2ZQpzZXIgYW1hbGRpw6dvYWRhIHBvciBtYWdpYSBtYWxpZ25hIQ==,,W3t9XQrCoU4tbm8hIMK/UXXDqSBvY3VycmU/CkVzdGEgRXNtZXJhbGRhLi4uIMKhRGViZQp0ZW5lciB1bmEgbWFsZGljacOzbiBkZSBtYWdpYSBtYWxpZ25hIQ==
G9BLAw,,XjMzNTVGRk5vdGhpbmcgaGFwcGVuZWQuCllvdSBtaWdodCBub3QgYmUKY29tYmluaW5nIHRoZSBzcGVsbApjb3JyZWN0bHkuIFBlcmhhcHMgaWYKeW91IG1hZGUgaXQgYWxsIG9uZSB3b3JkLi4uXjAwMDAwMA==,,,,,XjMzNTVGRk7Do28gYWNvbnRlY2V1IG5hZGEuClRhbHZleiB2b2PDqiBuw6NvIGVzdGVqYQpjb21iaW5hbmRvIG8gZmVpdGnDp28KY29ycmV0YW1lbnRlLiBUYWx2ZXogc2UKdm9jw6ogZml6ZXNzZSB0dWRvIGVtIHVtYSBwYWxhdnJhIHPDsy4uLl4wMDAwMDA=,,XjI1MDJGRE5vIHBhc8OzIG5hZGEuClB1ZWRlIHF1ZSBubwplc3TDqXMgY29tYmluYW5kbyBlbCBoZWNoaXpvCmNvcnJlY3RhbWVudGUuIFRhbCB2ZXogc2kKbG8gaGljaWVyYXMgdG9kbyBlbiB1bmEgcGFsYWJyYS4uLl4wMDAwMDA=
HNBLAw,,XjMzNTVGRlRoZSB0cmVhc3VyZSBjaGVzdCBzdGlsbAp3b24ndCBvcGVuLiBUaGVuIGFnYWluLAp0aGlzIGRvZXNuJ3Qgc2VlbSB0byBiZQphIG9uZSBtYW4gam9iLi4uXjAwMDAwMA==,,,,,XjMzNTVGRk8gYmHDuiBkbyB0ZXNvdXJvIGFpbmRhCm7Do28gYWJyZS4gRSBtYWlzIHVtYSB2ZXosCmlzc28gbsOjbyBwYXJlY2Ugc2VyCnVtIHRyYWJhbGhvIGRlIHVtIGhvbWVtIHPDsy4uLl4wMDAwMDA=,,XjI1MDJGREVsIGNvZnJlIGRlbCB0ZXNvcm8gdG9kYXbDrWEKbm8gc2UgYWJyZS4gUGVyb+KApgplc3RvIG5vIHBhcmVjZSBzZXIKdHJhYmFqbyBkZSB1biBzb2xvIGhvbWJyZS4uLl4wMDAwMDA=
HdBLAw,,VW5sb2NrVHJlYXN1cmU=,,,,,RGVzYmxvcXVlYXJUZXNvdXJv,,RGVzYmxvcXVlYXJUZXNvcm8=
HtBLAw,,XjMzNTVGRlNvbW9uZSBtdXN0IGhhdmUKY2hlY2tlZCB0aGUgdHJlYXN1cmUKc2l0ZSBhZnRlciB5b3UgbGVmdDoKd2hvZXZlciBpdCB3YXMgbGVmdAp0ZWxsdGFsZSBzaWducyBvZgpoaXMgcHJlc2VuY2UuXjAwMDAwMA==,,,,,XjMzNTVGRkFsZ3XDqW0gZGV2ZSB0ZXIKdmVyaWZpY2FkbyBvIHRlc291cm8KZGVwb2lzIHF1ZSB2b2PDqiBzYWl1OgpxdWVtIHF1ZXIgcXVlIHRlbmhhIHNpZG8gZGVpeG91CnNpbmFpcyByZXZlbGFkb3JlcyAKZGUgc3VhIHByZXNlbsOnYS5eMDAwMDAw,,XjI1MDJGRFNlZ3VyYW1lbnRlLCBhbGd1aWVuCnJldmlzw7MgZWwgbHVnYXIgZGVsIHRlc29ybwpkZXNwdcOpcyBkZSBxdWUgdGUgZnVlcmFzOgpxdWllbnF1aWVyYSBxdWUgZnVlIGRlasOzCmluZGljaW9zIHJldmVsYWRvcmVzIGRlCnN1IHByZXNlbmNpYS5eMDAwMDAw
H9BLAw,,U2Nob2xhcg==,,,,,UHJvZmVzc29y,,RXJ1ZGl0bw==
INBLAw,,W1NjaG9sYXJdCkknbSBhbiBhbnRpcXVlIGFwcHJhaXNlci4KWW91IG1heSB0aGluayBvZiBtZSBhcyBzaW1pbGFyCnRvIGpld2VsIGFwcHJhaXNlcnMsIGJ1dCBJIGNhbgphcHByYWlzZSB0aGUgaGlzdG9yaWNhbCB2YWx1ZQpvZiBhbnRpcXVlcyBpbiBhZGRpdGlvbiB0byB0aGVpciBxdWFsaXR5IGFuZCBtb25ldGFyeSB2YWx1ZS4=,,,,,W1Byb2Zlc3Nvcl0KU291IHVtIGF2YWxpYWRvciBkZSBhbnRpZ3VpZGFkZXMuClZvY8OqIHBvZGUgcGVuc2FyIGVtIG1pbSBjb21vIHNlbWVsaGFudGUKYW9zIGF2YWxpYWRvcmVzIGRlIGpvaWFzLCBtYXMgZXUgcG9zc28KYXZhbGlhciBvIHZhbG9yIGhpc3TDs3JpY28KZGFzIGFudGlndWlkYWRlcywgYWzDqW0gZGUgc3VhIHF1YWxpZGFkZSBlIHZhbG9yIG1vbmV0w6FyaW8u,,W0VydWRpdG9dClNveSB0YXNhZG9yIGRlIGFudGlnw7xlZGFkZXMuClB1ZWRlcyBwZW5zYXIgcXVlIHNveSBzaW1pbGFyCmEgbG9zIHRhc2Fkb3JlcyBkZSBqb3lhcywgcGVybyBwdWVkbwpldmFsdWFyIGVsIHZhbG9yIGhpc3TDs3JpY28KZGUgbGFzIGFudGlnw7xlZGFkZXMsIGFkZW3DoXMgZGUgc3UgY2FsaWRhZCB5IHZhbG9yIG1vbmV0YXJpby4=
IdBLAw,,W1NjaG9sYXJdCk9vb2guIFlvdSBtdXN0IGJlIHRoZQpvbmUgc2VudCBieSBJYnJhaGltLCByaWdodD8KWW91J3JlIHRoZSBvbmUgdGhhdCBmb3VuZAp0aGF0IHJhcmUgZW1lcmFsZCwgb25lIG9mCnRoZSBhY2N1cnNlZCBqZXdlbHM/,,,,,W1Byb2Zlc3Nvcl0KT29vaC4gVm9jw6ogZGV2ZSBzZXIgbwplbnZpYWRvIHBvciBJYnJhaGltLCBjZXJ0bz8KRm9pIHZvY8OqIHF1ZW0gZW5jb250cm91CmFxdWVsYSBlc21lcmFsZGEgcmFyYSwgdW1hIGRhcwpqb2lhcyBhbWFsZGnDp29hZGFzPw==,,W0VydWRpdG9dCk9oaGguIFTDuiBkZWJlcyBzZXIgbGEgcGVyc29uYQpxdWUgZW52acOzIElicmFoaW0sIMK/dmVyZGFkPwrCv1TDuiBlbmNvbnRyYXN0ZQplc2EgZXNtZXJhbGRhIHBvY28gY29tw7puLCB1bmEgZGUKbGFzIGpveWFzIG1hbGRpdGFzPw==
ItBLAw,,W1NjaG9sYXJdCkknbSB2ZXJ5IGludGVyZXN0ZWQgaW4gdGhlCkN1cnNlZCBKZXdlbHMsIGFuZCBoYXZlIGJlZW4KcmVzZWFyY2hpbmcgdGhlbS4gWW91IGNhbWUKdG8ganVzdCB0aGUgcmlnaHQgcGVyc29uIGlmIHlvdQp3YW50ZWQgdG8gbGVhcm4gbW9yZSBhYm91dAp0aGUgZW1lcmFsZCB0aGF0IHlvdSBmb3VuZC4=,,,,,W1Byb2Zlc3Nvcl0KRXN0b3UgbXVpdG8gaW50ZXJlc3NhZG8gbmFzCmpvaWFzIGFtYWxkacOnb2FkYXMgZSBlc3RvdQpwZXNxdWlzYW5kby1hcy4gVm9jw6ogdmVpbwphdMOpIGEgcGVzc29hIGNlcnRhIHNlCnF1aXNlciBzYWJlciBtYWlzIHNvYnJlCmEgZXNtZXJhbGRhIHF1ZSB2b2PDqiBlbmNvbnRyb3Uu,,W0VydWRpdG9dCk1lIGludGVyZXNhbiBtdWNobwpsYXMgSm95YXMgbWFsZGl0YXMsIHkgbGFzIGVzdHV2ZQppbnZlc3RpZ2FuZG8uIEFjdWRpc3RlCmEgbGEgcGVyc29uYSBpbmRpY2FkYSBzaQpxdWVyw61hcyBzYWJlciBtw6FzIHNvYnJlCmxhIGVzbWVyYWxkYSBxdWUgZW5jb250cmFzdGUu
I9BLAw,,W1NjaG9sYXJdCkhlbGxvLCBob3cgbWF5CkkgaGVscCB5b3UgdG9kYXk/,,,,,W1Byb2Zlc3Nvcl0KT2zDoSwgY29tbyBwb3NzbyAKYWp1ZMOhLWxvIGhvamU/,,W0VydWRpdG9dCkhvbGEsIMK/ZW4gcXXDqSBwdWVkbwpheXVkYXJ0ZSBob3k/
JNBLAw,,QXNrIEFib3V0IEN1cnNlZCBKZXdlbA==,,,,,UGVyZ3VudGUgc29icmUgYSBqb2lhIGFtYWxkacOnb2FkYQ==,,UHJlZ3VudGFyIHBvciBsYSBKb3lhIG1hbGRpdGE=
JdBLAw,,W3t9XQpJIGNhbWUgdG8gYXNrIHlvdQphYm91dCBhIEN1cnNlZCBKZXdlbC4=,,,,,W3t9XQpFdSB2aW0gbGhlIHBlcmd1bnRhcgpzb2JyZSB1bWEgSm9pYSBBbWFsZGnDp29hZGEu,,W3t9XQpWaW5lIGEgcHJlZ3VudGFydGUKc29icmUgdW5hIEpveWEgbWFsZGl0YS4=
JtBLAw,,W1NjaG9sYXJdCkxldCdzIHNlZS4uLiBBaCwgZGlkCnlvdSBjb21lIHRvIGFzayBhYm91dAp0aGUgRGlhbW9uZCBvZiBEZXN0cnVjdGlvbj8=,,,,,W1Byb2Zlc3Nvcl0KVmFtb3MgdmVyLi4uIApBaCwgdm9jw6ogdmVpbyBwZXJndW50YXIgc29icmUKbyBEaWFtYW50ZSBkYSBEZXN0cnVpw6fDo28/,,W0VydWRpdG9dClZlYW1vc+KApiBBaCwgwr92aW5pc3RlCmEgcHJlZ3VudGFybWUgc29icmUKZWwgRGlhbWFudGUgZGUgbGEgZGVzdHJ1Y2Npw7NuPw==
J9BLAw,,Tm8sIGl0J3MgdGhlIFVubHVja3kgRW1lcmFsZC4=,,,,,TsOjbywgw6kgYSBFc21lcmFsZGEgZG9zIEF6YXJhZG9zLg==,,Tm8sIGVzIGxhIEVzbWVyYWxkYSBkZSBsYSBtYWxhIHN1ZXJ0ZS4=
KNBLAw,,W1NjaG9sYXJdCkFoLCB0aGUgVW5sdWNreSBFbWVyYWxkPwpZZXMsIHRoYXQgd2FzIHRoZSBtb3N0IHJlY2VudApDdXJzZWQgSmV3ZWwgdG8gYmUgZGlzY292ZXJlZC4KTGV0J3Mgc2VlLCB3aGVyZSBkaWQgSSBwdXQgYWxsCm9mIG15IG5vdGVzIGFib3V0IHRoYXQ/,,,,,W1Byb2Zlc3Nvcl0KQWgsIGEgRXNtZXJhbGRhIGRvcyBBemFyYWRvcz8KU2ltLCBlc3NhIGZvaSBhIG1haXMgcmVjZW50ZQpKb2lhIEFtYWxkacOnb2FkYSBhIHNlciBkZXNjb2JlcnRhLgpWYW1vcyB2ZXIsIG9uZGUgY29sb3F1ZWkgdG9kYXMgYXMKbWluaGFzIGFub3Rhw6fDtWVzIHNvYnJlIGlzc28/,,W0VydWRpdG9dCkFoLCDCv2xhIEVzbWVyYWxkYSBkZSBsYSBtYWxhIHN1ZXJ0ZT8KU8OtLCBlc2EgZnVlIGxhIEpveWEgbWFsZGl0YQpxdWUgc2UgZGVzY3VicmnDsyBtw6FzIHJlY2llbnRlbWVudGUuClZlYW1vcywgwr9kw7NuZGUgcHVzZSB0b2RhcwptaXMgbm90YXMgYWwgcmVzcGVjdG8/
KdBLAw,,W1NjaG9sYXJdCldvdWxkIHlvdSBtaW5kIGNvbWluZwpiYWNrIGxhdGVyPyBJJ20gbm90IHN1cmUKd2hlcmUgSSBtaXNwbGFjZWQgbXkgbm90ZXMuLi4=,,,,,W1Byb2Zlc3Nvcl0KVm9jw6ogc2UgaW1wb3J0YXJpYSBkZSB2b2x0YXIgbWFpcyB0YXJkZT8gCk7Do28gdGVuaG8gY2VydGV6YQpvbmRlIGRlaXhlaSBtaW5oYXMgYW5vdGHDp8O1ZXMuLi4=,,W0VydWRpdG9dCsK/UG9kcsOtYXMgdmVuaXIKbcOhcyB0YXJkZT8gTm8gZXN0b3kgc2VndXJvCmTDs25kZSBleHRyYXZpw6kgbWlzIG5vdGFzLi4u
KtBLAw,,W1NjaG9sYXJdCkFoLCBsZXQncyBzZWUgbm93LgpUaGVyZSdzIGEgcmVjb3JkIGhlcmUKZW50aXRsZWQsICcnVGhlIFN0b3J5IG9mIHRoZQpDdXJzZWQgSmV3ZWwuJycgQWNjb3JkaW5nCnRvIHRoaXMsIG5vIG9uZSBrbm93cyB3aGVyZQp0aGVzZSBqZXdlbHMgd2VyZSBmaXJzdCBmb3VuZC4=,,,,,W1Byb2Zlc3Nvcl0KQWgsIHZhbW9zIHZlciBhZ29yYS4KSMOhIHVtIHJlZ2lzdHJvIGFxdWkKaW50aXR1bGFkbyAnJ0EgaGlzdMOzcmlhIGRhCkpvaWEgQW1hbGRpw6dvYWRhJycuIERlIGFjb3JkbyBjb20gZXNzZSByZWdpc3RybywgCm5pbmd1w6ltIHNhYmUgb25kZQplc3NhcyBqb2lhcyBmb3JhbSBlbmNvbnRyYWRhcyBwZWxhIHByaW1laXJhIHZlei4=,,W0VydWRpdG9dCkFoLCBhaG9yYSB2ZWFtb3MuCkhheSB1biByZWdpc3RybyBhcXXDrSBxdWUKc2UgdGl0dWxhIOKAnExhIGhpc3RvcmlhIGRlIGxhCkpveWEgbWFsZGl0YeKAnS4gU2Vnw7puIAplc3RvLCBuYWRpZSBzYWJlIGTDs25kZQplbmNvbnRyYXJvbiBlc3RhcyBqb3lhcyBwb3IgcHJpbWVyYSB2ZXou
K9BLAw,,W1NjaG9sYXJdClRoZSBmaXJzdCBpbmNpZGVudCBpbnZvbHZpbmcKdGhlIGpld2VsIGludm9sdmVkIGEgQ29tb2RvCnJlc2lkZW50IHRoYXQgdXNlZCB0aGUgamV3ZWwKdG8gcGF5IGEgZ2FtYmxpbmcgZGVidC4gSGUKY29tbWl0dGVkIHN1aWNpZGUgYWZ0ZXIgaGUKcGFpZCBoaXMgZGVidCwgd2hpY2ggaXMgYSBwaXR5Lg==,,,,,W1Byb2Zlc3Nvcl0KTyBwcmltZWlybyBpbmNpZGVudGUgZW52b2x2ZW5kbwphIGpvaWEgZW52b2x2ZXUgdW0gcmVzaWRlbnRlIGRhIENvbW9kbwpxdWUgdXNvdSBhIGpvaWEgcGFyYSBwYWdhciB1bWEgZMOtdmlkYSBkZSBqb2dvLiBFbGUKY29tZXRldSBzdWljw61kaW8gZGVwb2lzIGRlCnBhZ2FyIHN1YSBkw612aWRhLCBvIHF1ZSDDqSB1bWEgcGVuYS4=,,W0VydWRpdG9dCkVsIHByaW1lciBpbmNpZGVudGUgcmVsYWNpb25hZG8gY29uCmxhIGpveWEgdHV2byBxdWUgdmVyIGNvbiB1biByZXNpZGVudGUKZGUgQ29tb2RvIHF1ZSBsYSB1dGlsaXrDsyAKcGFyYSBwYWdhciB1bmEgZGV1ZGEgZGUganVlZ28uIFNlCnN1aWNpZMOzIGRlc3B1w6lzIGRlCnBhZ2FyIGxhIGRldWRhLCBsbyBjdWFsIGVzIHVuYSBwZW5hLg==
LNBLAw,,W1NjaG9sYXJdCkhlIGRpZG4ndCB0ZWxsIGFueW9uZQp3aGVyZSBoZSBmb3VuZCB0aGUgamV3ZWwKYmVmb3JlIGhlIGRpZWQsIHNvIHdlIGhhdmUKbm8gd2F5IG9mIGRldGVybWluaW5nIHRoZQpqZXdlbCdzIHRydWUgb3JpZ2lucy4=,,,,,W1Byb2Zlc3Nvcl0KRWxlIG7Do28gZGlzc2UgYSBuaW5ndcOpbQpvbmRlIGVuY29udHJvdSBhIGpvaWEKYW50ZXMgZGUgbW9ycmVyLCBwb3J0YW50bywgCm7Do28gdGVtb3MgY29tbyBkZXRlcm1pbmFyIGEKdmVyZGFkZWlyYSBvcmlnZW0gZGEgam9pYS4=,,W0VydWRpdG9dCkFudGVzIGRlIG1vcmlyLApubyBsZSBkaWpvIGEgbmFkaWUKZMOzbmRlIGVuY29udHLDsyBsYSBqb3lhLCBhc8OtIG5vIHF1ZSB0ZW5lbW9zCm1hbmVyYSBkZSBkZXRlcm1pbmFyCnN1cyBvcsOtZ2VuZXMgdmVyZGFkZXJvcy4=
LdBLAw,,W1NjaG9sYXJdCkFmdGVyIGl0IHdhcyBzb2xkLCB0aGUKamV3ZWwgY2FtZSBpbnRvIGEgcmljaCBtYW4ncwpwb3NzZXNzaW9uLiBIb3dldmVyLCBoZSBsb3N0CmhpcyBmb3J0dW5lIGFuZCB3YXMgY29tcGxldGVseQpydWluZWQgYWZ0ZXIgb2J0YWluaW5nIGl0LiBIZW5jZSBeRkZGRkZGICBeMDAwMDAwIHRoZSBtb25pa2VyLCAnJ1VubHVja3kgRW1lcmFsZC4nJw==,,,,,W1Byb2Zlc3Nvcl0KRGVwb2lzIGRlIHNlciB2ZW5kaWRhLCBhCmpvaWEgY2hlZ291IMOgcyBtw6NvcyBkZSB1bSBob21lbSByaWNvLiAKTm8gZW50YW50bywgZWxlIHBlcmRldQpzdWEgZm9ydHVuYSBlIGZpY291IGNvbXBsZXRhbWVudGUgYXJydWluYWRvIGRlcG9pcyBkZSBvYnTDqi1sYS4gUG9yIGlzc28gXkZGRkZGRiBeMDAwMDAwIG8gYXBlbGlkbyAKZGUgJydFc21lcmFsZGEgZG9zIEF6YXJhZG9zJycu,,W0VydWRpdG9dClRyYXMgc3UgdmVudGEsIGxhCmpveWEgbGxlZ8OzIGEgbGFzIG1hbm9zCmRlIHVuIGhvbWJyZSByaWNvLiBTaW4gZW1iYXJnbywgcGVyZGnDsyAKc3UgZm9ydHVuYSB5IHF1ZWTDsyBjb21wbGV0YW1lbnRlCmFycnVpbmFkbyBkZXNwdcOpcyBkZSBvYnRlbmVybGEuIERlIGFow60gdmllbmUgXkZGRkZGRiAgXjAwMDAwMCBlbCBtb3RlIGRlIOKAnEVzbWVyYWxkYSBkZSBsYSBtYWxhIHN1ZXJ0ZeKAnQ==
LtBLAw,,W1NjaG9sYXJdClRoZW4gdGhlIGVtZXJhbGQgY2FtZSBpbnRvCnRoZSBoYW5kcyBvZiBhIG5vYmxlIGxhZHkKd2hvIG15c3RlcmlvdXNseSBkaWVkIGF0CmEgeW91bmcgYWdlLiBUaGUgZW1lcmFsZCdzCmhhZCB0aG91c2FuZHMgb2Ygb3duZXJzCndobyBqdXN0Li4uIERpZWQu,,,,,W1Byb2Zlc3Nvcl0KRW50w6NvIGEgZXNtZXJhbGRhIGNoZWdvdSDDoHMKbcOjb3MgZGUgdW1hIG5vYnJlIHNlbmhvcmEKcXVlIG1vcnJldSBtaXN0ZXJpb3NhbWVudGUgCmVtIHVtYSBpZGFkZSBqb3ZlbS4gQSBlc21lcmFsZGEKdGV2ZSBtaWxoYXJlcyBkZSBwcm9wcmlldMOhcmlvcwpxdWUgc2ltcGxlc21lbnRlLi4uIE1vcnJldS4=,,W0VydWRpdG9dCkx1ZWdvLCBsYSBlc21lcmFsZGEgbGxlZ8OzIGEKbGFzIG1hbm9zIGRlIHVuYSBkYW1hIG5vYmxlCnF1ZSBtdXJpw7MgbWlzdGVyaW9zYW1lbnRlIGEKdW5hIGVkYWQgdGVtcHJhbmEuIExhIGVzbWVyYWxkYQp0dXZvIG1pbGVzIGRlIHByb3BpZXRhcmlvcwpxdWUgc2ltcGxlbWVudGUuLi4gTXVyaWVyb24u
L9BLAw,,W1NjaG9sYXJdCldoYXQncyBkaXN0dXJiaW5nIGlzIHRoYXQKdGhlIGVtZXJhbGQncyBjdXJzZSBzZWVtcwp0byBncm93IHN0cm9uZ2VyIHdpdGggZWFjaApsaWZlIGl0IHRha2VzIGF3YXkuIFVtLCBhbmQKeW91ciBqZXdlbCBwZXJmZWN0bHkgbWF0Y2hlcwp0aGUgZGVzY3JpcHRpb25zLCBzbywgdWguLi4=,,,,,W1Byb2Zlc3Nvcl0KTyBxdWUgw6kgcHJlb2N1cGFudGUgw6kgcXVlCmEgbWFsZGnDp8OjbyBkYSBlc21lcmFsZGEgcGFyZWNlCmZpY2FyIG1haXMgZm9ydGUgYSBjYWRhCnZpZGEgcXVlIGVsYSB0aXJhLiBIdW0sIGUKc3VhIGpvaWEgY29ycmVzcG9uZGUgcGVyZmVpdGFtZW50ZQphcyBkZXNjcmnDp8O1ZXMsIGVudMOjbywgdWguLi4=,,W0VydWRpdG9dCkxvIGlucXVpZXRhbnRlIGVzIHF1ZQpsYSBtYWxkaWNpw7NuIGRlIGxhIGVzbWVyYWxkYSBwYXJlY2UKZm9ydGFsZWNlcnNlIGNvbiBjYWRhCnZpZGEgcXVlIHNlIGxsZXZhLiBNbW0sIHkKdHUgam95YSBlbmNhamEgcGVyZmVjdGFtZW50ZSBjb24KbGFzIGRlc2NyaXBjaW9uZXMsIGFzw60gcXVlLi4u
MNBLAw,,W1NjaG9sYXJdCllvdSBhcmUgdGhlIG5ldyBvd25lcgpvZiB0aGUgVW5sdWNreSBFbWVyYWxkLgpObyBvbmUgd2lsbCBidXkgdGhhdCBmcm9tCnlvdSB3aGlsZSBpdCdzIHN0aWxsIGN1cnNlZC4KRm9yIHRoZSBzYWtlIG9mIHlvdXIgbGlmZSwKeW91IG11c3QgYnJlYWsgdGhhdCBjdXJzZS4=,,,,,W1Byb2Zlc3Nvcl0KVm9jw6ogw6kgbyBub3ZvIHByb3ByaWV0w6FyaW8KZGEgRXNtZXJhbGRhIGRvcyBBemFyYWRvcy4KTmluZ3XDqW0gYSBjb21wcmFyw6EgZGUgdm9jw6ogCmVucXVhbnRvIGVsYSBhaW5kYSBlc3RpdmVyIGFtYWxkacOnb2FkYS4KUGFyYSBvIGJlbSBkZSBzdWEgdmlkYSwKdm9jw6ogZGV2ZSBxdWVicmFyIGVzc2EgbWFsZGnDp8Ojby4=,,W0VydWRpdG9dCkxhIEVzbWVyYWxkYSBkZSBsYSBtYWxhIHN1ZXJ0ZQphaG9yYSBlcyB0dXlhLgpOYWRpZSB0ZSBsYSBjb21wcmFyw6EKbWllbnRyYXMgc2lnYSBtYWxkaXRhLgpQb3IgZWwgYmllbiBkZSB0dSB2aWRhLApkZWJlcyByb21wZXIgZXNhIG1hbGRpY2nDs24u
MdBLAw,,W1NjaG9sYXJdCk5vdywgaG9seSBzcGVsbHMgd29uJ3Qgd29yawpvbiB0aGlzIGtpbmQgb2YgY3Vyc2UuIFlvdSdsbApuZWVkIHRvIHRhbGsgdG8gYSBzaGFtYW4uCkkgdGhpbmsgaGUgbGl2ZXMgaW4uLi4gQWxiZXJ0YT8KSGUgY2FuIHN1bW1vbiB0aGUgZGVhZAphbmQgYWN0IGFzIGEgbWVkaXVtIGZvciB5b3Uu,,,,,W1Byb2Zlc3Nvcl0KQWdvcmEsIG9zIGZlaXRpw6dvcyBzYWdyYWRvcyBuw6NvIGZ1bmNpb25hcsOjbwpuZXNzZSB0aXBvIGRlIG1hbGRpw6fDo28uIApWb2PDqiBwcmVjaXNhcsOhIGZhbGFyIGNvbSB1bSB4YW3Doy4KQWNobyBxdWUgZWxlIG1vcmEgZW0uLi4gQWxiZXJ0YT8KRWxlIHBvZGUgaW52b2NhciBvcyBtb3J0b3MKZSBhZ2lyIGNvbW8gdW0gbcOpZGl1bSBwYXJhIHZvY8OqLg==,,W0VydWRpdG9dCkFob3JhIGJpZW4sIGxvcyBoZWNoaXpvcyBzYWdyYWRvcyBubyBmdW5jaW9uYXLDoW4KcGFyYSBlc3RlIHRpcG8gZGUgbWFsZGljacOzbi4gCm5lY2VzaXRhcyBoYWJsYXIgY29uIHVuIGNoYW3DoW4uCkNyZW8gcXVlIHZpdmUgZW4uLi4gQWxiZXJ0YQpQdWVkZSBpbnZvY2FyIGEgbG9zIG11ZXJ0b3MKeSBicmluZGFydGUgc2VydmljaW9zIGRlIG3DqWRpdW0u
MtBLAw,,W1NjaG9sYXJdClRoZSBpZGVhIGlzIGZvciB5b3UgdG8gdGFsawp0byB0aGUgc3Bpcml0cyBraWxsZWQgYnkgdGhpcwplbWVyYWxkIHRocm91Z2ggdGhhdCBzaGFtYW4uCkFuZCBJJ20gc3VyZSBoZSdsbCBiZSBwcmV0dHkKZXhjaXRlZCB0byBzZWUgdGhhdCB5b3UgaGF2ZQp0aGUgVW5sdWNreSBFbWVyYWxkIHdpdGggeW91Lg==,,,,,W1Byb2Zlc3Nvcl0KQSBpZGVpYSDDqSBxdWUgdm9jw6ogY29udmVyc2UKY29tIG9zIGVzcMOtcml0b3MgcXVlIGZvcmFtIG1vcnRvcyBwb3IgZXNzYQplc21lcmFsZGEgcG9yIG1laW8gZGFxdWVsZSB4YW3Doy4KRSB0ZW5obyBjZXJ0ZXphIGRlIHF1ZSBlbGUgZmljYXLDoSBtdWl0bwphbmltYWRvIGFvIHZlciBxdWUgdm9jw6ogdGVtCmEgRXNtZXJhbGRhIGRvcyBBemFyYWRvcyBjb20gdm9jw6ou,,W0VydWRpdG9dCkxhIGlkZWEgZXMgcXVlIGhhYmxlcywgYSB0cmF2w6lzIGRlIGVzZSBjaGFtw6FuLApjb24gbG9zIGVzcMOtcml0dXMgZGUgbGEgZ2VudGUgcXVlIG11cmnDsyBwb3IgZXN0YQplc21lcmFsZGEuClkgZXN0b3kgc2VndXJvIGRlIHF1ZSBlc3RhcsOhIG11eQplbW9jaW9uYWRvIGRlIHZlciBxdWUgdGllbmVzCmxhIEVzbWVyYWxkYSBkZSBsYSBtYWxhIHN1ZXJ0ZS4=
M9BLAw,,W1NjaG9sYXJdClBsZWFzZSBmaW5kIHRoYXQgc2hhbWFuCmluIEFsYmVydGEsIGFuZCBhc2sgaWYgaGUgY2FuCmhlbHAgeW91IGJyZWFrIHRoZSBjdXJzZQpvbiB0aGF0IFVubHVja3kgRW1lcmFsZC4=,,,,,W1Byb2Zlc3Nvcl0KUG9yIGZhdm9yLCBwcm9jdXJlIGVzc2UgeGFtw6MKZW0gQWxiZXJ0YSBlIHBlcmd1bnRlIHNlIGVsZSBwb2RlCmFqdWTDoS1sbyBhIHF1ZWJyYXIgYSBtYWxkacOnw6NvCmRhcXVlbGEgRXNtZXJhbGRhIGRvcyBBemFyYWRvcy4=,,W0VydWRpdG9dClBvciBmYXZvciwgYnVzY2EgYSBlc2UgY2hhbcOhbgplbiBBbGJlcnRhLCB5IHByZWfDum50YWxlIHNpIHB1ZWRlCmF5dWRhcnRlIGEgcm9tcGVyIGxhIG1hbGRpY2nDs24KZGUgZXNhIEVzbWVyYWxkYSBkZSBsYSBtYWxhIHN1ZXJ0ZS4=
NNBLAw,,W1NjaG9sYXJdCldhaXQsIHlvdSdyZSB0ZWxsaW5nIG1lCnRoYXQgdGhlIGVtZXJhbGQgd2FzIGN1cnNlZApieSB0aGUgdmluZGljdGl2ZSBzcGlyaXQgb2YKc29tZSB3YXJyaW9yPyBJbnRlcmVzdGluZy4uLgpJIHNob3VsZCByZWNvcmQgdGhpcyBpbiBteQpyZXNlYXJjaCBub3Rlcy4gVGhhbmsgeW91IQ==,,,,,W1Byb2Zlc3Nvcl0KRXNwZXJlLCB2b2PDqiBlc3TDoSBtZSBkaXplbmRvCnF1ZSBhIGVzbWVyYWxkYSBmb2kgYW1hbGRpw6dvYWRhCnBlbG8gZXNww61yaXRvIHZpbmdhdGl2byBkZQphbGd1bSBndWVycmVpcm8/IEludGVyZXNzYW50ZS4uLgpFdSBkZXZlcmlhIHJlZ2lzdHJhciBpc3NvIGVtIG1pbmhhcwphbm90YcOnw7VlcyBkZSBwZXNxdWlzYS4gT2JyaWdhZG8h,,W0VydWRpdG9dCkVzcGVyYSwgwr9tZSBlc3TDoXMgZGljaWVuZG8KcXVlIGxhIGVzbWVyYWxkYSBlc3RhYmEgbWFsZGl0YQpwb3IgZWwgZXNww61yaXR1IHZlbmdhdGl2byBkZQphbGfDum4gZ3VlcnJlcm8/IEludGVyZXNhbnRl4oCmCkRlYmVyw61hIHJlZ2lzdHJhciBlc3RvIGVuIG1pcwpub3RhcyBkZSBpbnZlc3RpZ2FjacOzbi4gwqFHcmFjaWFzIQ==
NdBLAw,,W1NjaG9sYXJdClNvbWUgamV3ZWxzIGFyZSBzYWlkIHRvCmJlIHBvc3Nlc3NlZCBieSBnaG9zdHMKb3IgZXZpbCBzcGlyaXRzIHRoYXQgd2lsbCBicmluZwptaXNmb3J0dW5lIHRvIHRoZWlyIG93bmVycywKZHJpdmUgdGhlbSB0byBkZWF0aCBvcgppbnNhbml0eSwgdGhhdCBzb3J0IG9mIHRoaW5nLg==,,,,,W1Byb2Zlc3Nvcl0KRGl6LXNlIHF1ZSBhbGd1bWFzIGpvaWFzCnBvc3N1w61kYXMgcG9yIGZhbnRhc21hcwpvdSBlc3DDrXJpdG9zIG1hbGlnbm9zIHRyYXLDo28KaW5mb3J0w7puaW8gYSBzZXVzIHByb3ByaWV0w6FyaW9zLApsZXZhbmRvLW9zIMOgIG1vcnRlIG91IMOgCmluc2FuaWRhZGUsIGVzc2UgdGlwbyBkZSBjb2lzYS4=,,W0VydWRpdG9dClNlIGRpY2UgcXVlIGFsZ3VuYXMgam95YXMKZXN0w6FuIHBvc2XDrWRhcyBwb3IgZmFudGFzbWFzCm8gZXNww61yaXR1cyBtYWxpZ25vcyBxdWUgbGVzIHRyYWVyw6FuCmRlc2dyYWNpYSBhIHN1cyBkdWXDsW9zLApsb3MgbGxldmFyw6FuIGEgbGEgbXVlcnRlIG8gYSBsYQpsb2N1cmEsIGVzZSB0aXBvIGRlIGNvc2FzLg==
NtBLAw,,U2hhbWFu,,,,,WGFtw6M=,,Q2hhbcOhbg==
N9BLAw,,W1NoYW1hbl0KVGhlIHNwaXJpdHVhbCByZWFsbSBpcwp0aGUgc291cmNlIG9mIG15IHNvcmNlcnkuCkRvIG5vdCB1bmRlcnN0aW1hdGUgdGhlCnBvd2VyIG9mIHRoZSBzcGlyaXRzIQ==,,,,,W1hhbcOjXQpPIHJlaW5vIGVzcGlyaXR1YWwgw6kKYSBmb250ZSBkZSBtaW5oYSBmZWl0acOnYXJpYS4KTsOjbyBzdWJlc3RpbWUgbwpwb2RlciBkb3MgZXNww61yaXRvcyE=,,W0NoYW3DoW5dCkVsIHJlaW5vIGVzcGlyaXR1YWwgZXMKbGEgZnVlbnRlIGRlIG1pIGhlY2hpY2Vyw61hLgrCoU5vIHN1YmVzdGltZXMKZWwgcG9kZXIgZGUgbG9zIGVzcMOtcml0dXMh
ONBLAw,,W1NoYW1hbl0KT2g/IEhlaCBoZWghCllvdSdyZSBjYXJyeWluZwpzb21ldGhpbmcgdmVyeQp2YWx1YWJsZSwgYXJlbid0IHlvdT8=,,,,,W1hhbcOjXQpPaD8gSGVoIGhlaCEKVm9jw6ogZXN0w6EgY2FycmVnYW5kbwphbGdvIG11aXRvCnZhbGlvc28sIG7Do28gw6k/,,W0NoYW3DoW5dCsK/T2g/IMKhSmUsIGplIQpMbGV2YXMKYWxnbyBtdXkKdmFsaW9zbywgwr92ZXJkYWQ/
OdBLAw,,W1NoYW1hbl0KWW91ISBZZXMuLi4gSSBjYW4gc2Vuc2UKdGhlbS4uLiBUaGUgYW5ncnkgc3Bpcml0cyBvZgp5b3VyIGFuY2VzdG9ycyEgWW91IGhhdmVuJ3QKbWFkZSBhbnkgb2ZmZXJpbmdzIHRvIHRoZW0sCmhhdmUgeW91PyBZb3UgbXVzdCBhcHBlYXNlCnRoZW0gYmVmb3JlIHRoZXkgdG9ybWVudCB5b3Uh,,,,,W1hhbcOjXQpWb2PDqiEgU2ltLi4uIEV1IHBvc3NvIHNlbnRpLWxvcy4uLiAKT3MgZXNww61yaXRvcyBmdXJpb3NvcyBkZQpzZXVzIGFuY2VzdHJhaXMhIApWb2PDqiBuw6NvIGZleiBuZW5odW1hIG9mZXJlbmRhIGEgZWxlcywKbsOjbyDDqT8gVm9jw6ogcHJlY2lzYSBhcGF6aWd1w6EtbG9zIGFudGVzIApxdWUgZWxlcyBvIGF0b3JtZW50ZW0h,,W0NoYW3DoW5dCsKhVMO6ISBTw63igKYgUHVlZG8Kc2VudGlybG9zLi4uIMKhTG9zIGVzcMOtcml0dXMgZnVyaW9zb3MgZGUKdHVzIGFudGVwYXNhZG9zISBUb2RhdsOtYQpubyBsZXMgaGljaXN0ZSBuaW5ndW5hIG9mcmVuZGEsCsK/dmVyZGFkPyDCoURlYmVzIGFwYWNpZ3VhcmxvcwphbnRlcyBkZSBxdWUgdGUgYXRvcm1lbnRlbiE=
OtBLAw,,W1NoYW1hbl0KUXVpY2tseSwgbm93ISBJdCBpcwppbXBlcmF0aXZlIHRoYXQgeW91IGdpdmUgbWUKNTAwLDAwMCB6ZW55IGltbWVkaWF0ZWx5CnNvIHRoYXQgSSBjYW4gY29tZm9ydCB0aGVpcgpzb3VscyBiZWZvcmUgdGhleSB3cmVjawpoYXZvYyBvbiB5b3VyIGxpZmUh,,,,,W1hhbcOjXQpSw6FwaWRvLCBhZ29yYSEgw4kKaW1wZXJhdGl2byBxdWUgdm9jw6ogbWUgZMOqCjUwMC4wMDAgemVueSBpbWVkaWF0YW1lbnRlCnBhcmEgcXVlIGV1IHBvc3NhIGNvbmZvcnRhciBzdWFzCmFsbWFzIGFudGVzIHF1ZSBlbGVzIGRlc3RydWFtCmVzdHJhZ29zIGVtIHN1YSB2aWRhIQ==,,W0NoYW3DoW5dCkFww7pyYXRlLiBFcwppbXBlcmF0aXZvIHF1ZSBtZSBkZXMKNTAwIDAwMCB6ZW55IGlubWVkaWF0YW1lbnRlCnBhcmEgcXVlIHB1ZWRhIGNvbnNvbGFyIHN1cwphbG1hcyDCoWFudGVzIGRlIHF1ZSBoYWdhbgplc3RyYWdvcyBlbiB0dSB2aWRhIQ==
O9BLAw,,QWN0dWFsbHksIEkgaGF2ZSBhIEN1cnNlZCBKZXdlbC4=,,,,,TmEgdmVyZGFkZSwgZXUgdGVuaG8gdW1hIGpvaWEgYW1hbGRpw6dvYWRhLg==,,RW4gcmVhbGlkYWQsIHRlbmdvIHVuYSBKb3lhIG1hbGRpdGEu
PNBLAw,,W1NoYW1hbl0KSmV3ZWwuLi4/IE9oLCBhIEN1cnNlZApKZXdlbCEgSGFoYWhhISBTbyB0aGF0J3MKd2hhdCB0aGF0IGV2aWwgYXVyYSB3YXMhCk15IG1pc3Rha2UhIFNheSwgZG8geW91Cm1pbmQgaWYgSSB0YWtlIGEgbG9vayBhdCBpdD8=,,,,,W1hhbcOjXQpKb2lhLi4uPyBPaCwgdW1hIGpvaWEgYW1hbGRpw6dvYWRhISAKSGFoYWhhISBFbnTDo28gw6kgaXNzbwpvIHF1ZSBlcmEgYXF1ZWxhIGF1cmEgbWFsaWduYSEKTWV1IGVycm8hIERpZ2EsIHZvY8OqIHNlIGltcG9ydGEgCnNlIGV1IGRlciB1bWEgb2xoYWRhIG5lbGE/,,W0NoYW3DoW5dCsK/Sm95YS4uLj8gT2gsIMKhdW5hIEpveWEKbWFsZGl0YSEgwqFKYSwgamEsIGphISAKZXNvIGVyYSBlc2EgYXVyYSBtYWxpZ25hIQrCoU1lIGVxdWl2b3F1w6khIERpbWUsIMK/dGUKbW9sZXN0YSBzaSBsZSBlY2hvIHVuIHZpc3Rhem8/
PdBLAw,,W1NoYW1hbl0KU28gdGhpcyBiYXVibGUncyB0aGUKVW5sdWNreSBFbWVyYWxkPyBZZXMsCml0J3MgZGVmaW5pdGVseSBjdXJzZWQuCklmIHlvdSBkb24ndCBicmVhayB0aGUKY3Vyc2Ugc29vbiwgaXQnbGwgY29uc3VtZQp5b3VyIHNvdWwuIE5vdCBhIGdvb2QgdGhpbmcu,,,,,W1hhbcOjXQpFbnTDo28gZXNzYSBidWdpZ2FuZ2Egw6kgYQpFc21lcmFsZGEgZG9zIEF6YXJhZG9zPyBTaW0sCmVsYSBlc3TDoSBkZWZpbml0aXZhbWVudGUgYW1hbGRpw6dvYWRhLgpTZSB2b2PDqiBuw6NvIHF1ZWJyYXIgYQptYWxkacOnw6NvIGxvZ28sIGVsYSBjb25zdW1pcsOhCnN1YSBhbG1hLiBOw6NvIMOpIHVtYSBjb2lzYSBib2Eu,,W0NoYW3DoW5dCsK/QXPDrSBxdWUgZXN0YSBjaHVjaGVyw61hIGVzIGxhClPDrSwKZGVmaW5pdGl2YW1lbnRlIGVzdMOhIG1hbGRpdGEuClNpIG5vIHJvbXBlcyBsYQptYWxkaWNpw7NuIHByb250bywgdmEgYSBjb25zdW1pcgp0dSBhbG1hLiBFc28gbm8gZXMgYnVlbm8u
PtBLAw,,W1NoYW1hbl0KSSBuZWVkIHRvIHBlcmZvcm0KYSByaXR1YWwgdG8gYnJlYWsgdGhlCmN1cnNlLiBJJ2xsIGNoYXJnZSB5b3UKMjAwLDAwMCB6ZW55IGZvciB0aGUgc2VydmljZS4KSXQncyBleHBlbnNpdmUsIGJ1dCBJJ20gc2F2aW5nCnlvdXIgbGlmZSBhbmQgcmlza2luZyBtaW5lLg==,,,,,W1hhbcOjXQpQcmVjaXNvIHJlYWxpemFyCnVtIHJpdHVhbCBwYXJhIHF1ZWJyYXIgYQptYWxkacOnw6NvLiBFdSBsaGUgY29icmFyZWkKMjAwLjAwMCB6ZW55IHBlbG8gc2VydmnDp28uCsOJIGNhcm8sIG1hcyBlc3RvdSBzYWx2YW5kbyAKc3VhIHZpZGEgZSBhcnJpc2NhbmRvIGEgbWluaGEu,,W0NoYW3DoW5dCk5lY2VzaXRvIHJlYWxpemFyCnVuIHJpdHVhbCBwYXJhIHJvbXBlciBsYQptYWxkaWNpw7NuLiBUZSB2b3kgYSBjb2JyYXIKMjAwIDAwMCB6ZW55IHBvciBlbCBzZXJ2aWNpby4KRXMgY2FybywgcGVybyB0ZSBlc3RveSBzYWx2YW5kbwpsYSB2aWRhIHkgYXJyaWVzZ2FuZG8gbGEgbcOtYS4=
P9BLAw,,W1NoYW1hbl0KSG0/IERpZCB5b3UgZm9yZ2V0IHRvCmJyaW5nIHRoZSBqZXdlbD8gSHVycnksCmFuZCBicmluZyBpdCBiYWNrIHRvIG1lLgpZb3UgbmVlZCB0byBicmVhayB0aGF0CmN1cnNlIGJlZm9yZSB0aGUgamV3ZWwKY2FuIGRldm91ciB5b3VyIHNvdWwh,,,,,W1hhbcOjXQpIbT8gVm9jw6ogc2UgZXNxdWVjZXUgZGUKdHJhemVyIGEgam9pYT8gVsOhIGxvZ28sCmUgdHJhZ2EtYSBkZSB2b2x0YSBwYXJhIG1pbS4KVm9jw6ogcHJlY2lzYSBxdWVicmFyIGVzc2EKbWFsZGnDp8OjbyBhbnRlcyBxdWUgYSBqb2lhCnBvc3NhIGRldm9yYXIgc3VhIGFsbWEh,,W0NoYW3DoW5dCsK/TW1tPyDCv09sdmlkYXN0ZQp0cmFlciBsYSBqb3lhPyDCoURhdGUgcHJpc2EhCnkgdHLDoWVtZWxhIGRlIHZ1ZWx0YS4KVGllbmVzIHF1ZSByb21wZXIgZXNhCm1hbGRpY2nDs24gwqFhbnRlcyBkZSBxdWUgbGEgam95YQpwdWVkYSBkZXZvcmFyIHR1IGFsbWEh
QNBLAw,,W1NoYW1hbl0KRGlkIHlvdSBicmluZyB0aGUgbW9uZXk/CldlIG11c3QgYXBwZWFzZSB0aGUgc3Bpcml0cwpwb3NzZXNzaW5nIHRoZSBzb3VsLCBhbmQgdG8KZG8gdGhhdCwgSSB3aWxsIG5lZWQgdG8gcGVyZm9ybQphIHJpdHVhbCB0aGF0IHdpbGwgYmUgdGF4aW5nCm9uIG15IGJvZHkgYW5kIHNwaXJpdC4=,,,,,W1hhbcOjXQpWb2PDqiB0cm91eGUgbyBkaW5oZWlybz8KUHJlY2lzYW1vcyBhcGF6aWd1YXIgb3MgZXNww61yaXRvcwpxdWUgcG9zc3VlbSBhIGFsbWEgZSwgcGFyYQplLCBwYXJhIGZhemVyIGlzc28sIHByZWNpc2FyZWkgcmVhbGl6YXIKdW0gcml0dWFsIHF1ZSBzZXLDoSBkZXNnYXN0YW50ZQplbSBtZXUgY29ycG8gZSBlc3DDrXJpdG8u,,W0NoYW3DoW5dCsK/VHJhamlzdGUgZWwgZGluZXJvPwpEZWJlbW9zIGFwYWNpZ3VhciBhIGxvcyBlc3DDrXJpdHVzCnF1ZSBwb3NlZW4gZWwgYWxtYSwgeSBwYXJhCmhhY2VyIGVzbywgbmVjZXNpdGFyw6kgcmVhbGl6YXIKdW4gcml0dWFsIHF1ZSBzZXLDoSBhZ290YWRvcgpwYXJhIG1pIGN1ZXJwbyB5IHBhcmEgbWkgZXNww61yaXR1Lg==
QdBLAw,,W1NoYW1hbl0KR29vZCwgZ29vZC4gSSBzZWUgdGhhdAp5b3UndmUgYnJvdWdodCB0aGUgbW9uZXkuCkkgY2FuIG5vdyBiZWdpbiB0aGUgcml0dWFsLgpJZiBhbGwgZ29lcyB3ZWxsLCB5b3UnbGwgYmUKZnJlZSBvZiB5b3VyIGN1cnNlLCBhbmQgSSBjYW4KYnV5IHNvbWUgUHJvbnRlcmEgcmVhbCBlc3RhdGUu,,,,,W1hhbcOjXQpCb20sIGJvbS4gRXN0b3UgdmVuZG8gcXVlCnZvY8OqIHRyb3V4ZSBvIGRpbmhlaXJvLgpBZ29yYSBwb3NzbyBjb21lw6dhciBvIHJpdHVhbC4KU2UgdHVkbyBjb3JyZXIgYmVtLCB2b2PDqiBlc3RhcsOhCmxpdnJlIGRlIHN1YSBtYWxkacOnw6NvLCBlIGV1IHBvZGVyZWkKY29tcHJhciB1bSBpbcOzdmVsIGVtIFByb250ZXJhLg==,,W0NoYW3DoW5dCkJpZW4sIGJpZW4uIFZlbyBxdWUKdHJhamlzdGUgZWwgZGluZXJvLgpBaG9yYSBwdWVkbyBlbXBlemFyIGVsIHJpdHVhbC4KU2kgdG9kbyBzYWxlIGJpZW4sIGVzdGFyw6FzCmxpYnJlIGRlIGxhIG1hbGRpY2nDs24sIHkgcG9kcsOpIApjb21wcmFyIGFsZ3VuYSBwcm9waWVkYWQgZW4gUHJvbnRlcmEu
QtBLAw,,W1NoYW1hbl0KUGxlYXNlIGNvbWUgYmFjayBzb29uCmFmdGVyIEkndmUgY29tcGxldGVkIHRoZQpwcmVwYXJhdGlvbnMgZm9yIHRoZSByaXR1YWwu,,,,,W1hhbcOjXQpQb3IgZmF2b3IsIHZvbHRlIGVtIGJyZXZlCmRlcG9pcyBxdWUgZXUgdGl2ZXIgY29uY2x1w61kbyBvcwpwcmVwYXJhdGl2b3MgcGFyYSBvIHJpdHVhbC4=,,W0NoYW3DoW5dClBvciBmYXZvciwgdnVlbHZlIGFwZW5hcwpjb21wbGV0ZSBsb3MKcHJlcGFyYXRpdm9zIHBhcmEgZWwgcml0dWFsLg==
Q9BLAw,,W1NoYW1hbl0KWW91Li4uIFlvdSBkb24ndCBoYXZlCjIwMCwwMDAgemVueT8gSSdtIHNvcnJ5LApidXQgSSBjYW5ub3QgcGVyZm9ybSB0aGUKcml0dWFsIGZvciBmcmVlLCBldmVuIGlmCnlvdXIgc291bCBpcyBhdCBzdGFrZS4=,,,,,W1hhbcOjXQpWb2PDqi4uLiBWb2PDqiBuw6NvIHRlbQoyMDAuMDAwIHplbnk/IFNpbnRvIG11aXRvLAptYXMgbsOjbyBwb3NzbyByZWFsaXphciBvCnJpdHVhbCBkZSBncmHDp2EsIG1lc21vIHF1ZQpzdWEgYWxtYSBlc3RlamEgZW0gam9nby4=,,W0NoYW3DoW5dClTDuuKApiDCv05vIHRpZW5lcwoyMDAgMDAwIHplbnk/IExvIHNpZW50bywKcGVybyBubyBwdWVkbyByZWFsaXphciBlbApyaXR1YWwgZ3JhdGlzLCBhdW5xdWUKdHUgYWxtYSBlc3TDqSBlbiBqdWVnby4=
RNBLAw,,W1NoYW1hbl0KSG1tLi4uIFlvdSBrbm93IHRoZQptb25leSB5b3UgZ2F2ZSBtZT8KQXBwYXJlbnRseSwgaXQgd2Fzbid0CmVub3VnaC4gT25lIG9mIHRoZSBzcGlyaXRzCndhcyBhYm91dCB0byBlbnRlciBtZSwgYnV0Li4u,,,,,W1hhbcOjXQpIbW0uLi4gU2FiZSBvCmRpbmhlaXJvIHF1ZSB2b2PDqiBtZSBkZXU/CkFwYXJlbnRlbWVudGUsIG7Do28gZm9pCnN1ZmljaWVudGUuIFVtIGRvcyBlc3DDrXJpdG9zCmVzdGF2YSBwcmVzdGVzIGEgZW50cmFyIGVtIG1pbSwgbWFzLi4u,,W0NoYW3DoW5dCk1tbeKApiDCv1JlY3VlcmRhcyBlbApkaW5lcm8gcXVlIG1lIGRpc3RlPwpBbCBwYXJlY2VyLCBubyBlcmEKeWEgZXMgc3VmaWNpZW50ZS4gVW5vIGRlIGxvcyBlc3DDrXJpdHVzCmVzdGFiYSBhIHB1bnRvIGRlIGVudHJhciBlbiBtw60sIHBlcm8uLi4=
RdBLAw,,W1NoYW1hbl0KSXQgbGVmdCBpbiBkaXNndXN0IGFmdGVyCml0IGxlYXJuZWQgdGhhdCBJIHdhcyB0cnlpbmcKdG8gYnJlYWsgdGhlIGN1cnNlIGZvciBvbmx5CjIwMCwwMDAgemVueS4gSSB0aGluay4uLgpJIHRoaW5rIEkgbmVlZCAxMDAsMDAwIHplbnkKbW9yZSBmb3IgdGhpcyB0byBiZSBlZmZlY3RpdmUu,,,,,W1hhbcOjXQpFbGUgZm9pIGVtYm9yYSBjb20gbm9qbyBkZXBvaXMKc291YmUgcXVlIGV1IGVzdGF2YSB0ZW50YW5kbwpxdWVicmFyIGEgbWFsZGnDp8OjbyBwb3IgYXBlbmFzCjIwMC4wMDAgemVueS4gQWNobyBxdWUuLi4KQWNobyBxdWUgcHJlY2lzbyBkZSAxMDAuMDAwIHplbnkKYSBtYWlzIHBhcmEgcXVlIGlzc28gc2VqYSBlZmljYXou,,W0NoYW3DoW5dClNlIGZ1ZSBkaXNndXN0YWRvIGRlc3B1w6lzIGRlCmVudGVyYXJzZSBkZSBxdWUgZXN0YWJhIGludGVudGFuZG8Kcm9tcGVyIGxhIG1hbGRpY2nDs24gcG9yIHNvbG8KMjAwIDAwMCB6ZW55LiBDcmVv4oCmCkNyZW8gcXVlIG5lY2VzaXRvIDEwMCAwMDAgemVueQptw6FzIHBhcmEgcXVlIGVzdG8gc2VhIGVmZWN0aXZvLg==
RtBLAw,,W1NoYW1hbl0KR29vZCwgeW91J3ZlIHJldHVybmVkIQpEaWQgeW91IGJyaW5nIHRoZSAxMDAsMDAwCnplbnkgbGlrZSBJIGFza2VkPyBJdCdzIGEgc21hbGwKcHJpY2UgY29uc2lkZXJpbmcgdGhhdCBJJ20Kc2F2aW5nIHlvdXIgdmVyeSBzb3VsLg==,,,,,W1hhbcOjXQpRdWUgYm9tLCB2b2PDqiB2b2x0b3UhClZvY8OqIHRyb3V4ZSBvcyAxMDAuMDAwCnplbnkgY29tbyBldSBwZWRpPyDDiSB1bSBwcmXDp28KcGVxdWVubywgY29uc2lkZXJhbmRvIHF1ZSBlc3RvdQpzYWx2YW5kbyBzdWEgcHLDs3ByaWEgYWxtYS4=,,W0NoYW3DoW5dCsKhQmllbiwgdm9sdmlzdGUhCsK/VHJhamlzdGUgbG9zIDEwMCAwMDAKemVueSBjb21vIHRlIHBlZMOtPyBFcyB1biBwcmVjaW8KYmFqbyB0ZW5pZW5kbyBlbiBjdWVudGEgcXVlIHRlIGVzdG95CnNhbHZhbmRvIGVsIGFsbWEu
R9BLAw,,W1NoYW1hbl0KQWgsIHBlcmZlY3QhCkhvcGVmdWxseSwgdGhlCnNwaXJpdHMgd2lsbCBiZSBtb3JlCmNvb3BlcmF0aXZlIHRoaXMgdGltZS4=,,,,,W1hhbcOjXQpBaCwgcGVyZmVpdG8hCkNvbSBzb3J0ZSwgb3MKZXNww61yaXRvcyBzZXLDo28gbWFpcwpjb29wZXJhdGl2b3MgZGVzdGEgdmV6Lg==,,W0NoYW3DoW5dCsKhQWgsIHBlcmZlY3RvIQpFc3BlcmVtb3MgcXVlIGxvcwplc3DDrXJpdHVzIGNvb3BlcmVuIG3DoXMKZXN0YSB2ZXou
SNBLAw,,W1NoYW1hbl0KWWVzLCB0aGUgdmluZGljdGl2ZQpzcGlyaXQgaW4gdGhpcyBqZXdlbAp3aWxsIGJlIG1vc3QgaW1wcmVzc2VkCmJ5IHlvdXIgc2luY2VyZSBlZmZvcnRzLg==,,,,,W1hhbcOjXQpTaW0sIG8gZXNww61yaXRvIHZpbmdhdGl2bwpuZXNzYSBqb2lhCmZpY2Fyw6EgbXVpdG8gaW1wcmVzc2lvbmFkbwpjb20gc2V1cyBlc2ZvcsOnb3Mgc2luY2Vyb3Mu,,W0NoYW3DoW5dClPDrSwgZWwgZXNww61yaXR1CnZlbmdhdGl2byBkZSBlc3RhIGpveWEKcXVlZGFyw6EgbXV5IGltcHJlc2lvbmFkbwpwb3IgdHUgZXNmdWVyem8gZ2VudWluby4=
SdBLAw,,W1NoYW1hbl0KWW91IGRpZG4ndD8gRG8geW91IGtub3cKd2hhdCBpdCdzIGxpa2UgdG8gaGF2ZQp5b3VyIHNvdWwgY29uc3VtZWQ/IExldAptZSB0ZWxsIHlvdSwgaXQncyBhIGxvdAptb3JlIHBhaW5mdWwgdGhhbiBwYXJ0aW5nCndpdGggYSBwYWx0cnkgMTAwLDAwMCB6ZW55IQ==,,,,,W1hhbcOjXQpWb2PDqiBuw6NvIGZleiBpc3NvPyAKVm9jw6ogc2FiZSBvIHF1ZSDDqSB0ZXIKc3VhIGFsbWEgY29uc3VtaWRhPyAKRGVpeGUtbWUgbGhlIGRpemVyLCDDqSBtdWl0bwptYWlzIGRvbG9yb3NvIGRvIHF1ZSAKc2Ugc2VwYXJhciBkZSBtw61zZXJvcyAxMDAuMDAwIHplbnkh,,W0NoYW3DoW5dCsK/Tm8/IMKhwr9MbyBzYWJlcz8hCmxvIHF1ZSBlcyBxdWUgdGUKY29uc3VtYW4gZWwgYWxtYT8gRMOpamFtZQpkZWNpcnRlIHF1ZSDCoWVzIG11Y2hvCm3DoXMgZG9sb3Jvc28gcXVlIGRlc3BlZGlydGUgZGUKdW5vcyBtw61zZXJvcyAxMDAgMDAwIHplbnkh
StBLAw,,W1NoYW1hbl0KQXQgbG9uZyBsYXN0LCB0aGUKc3Bpcml0cyBhbmQgSSBhcmUgb25lLgpUaGUgcml0dWFsIG1heSBub3cgYmVnaW4uCk9oaGhoaGhoaGhoaG1tbW1tLi4uIA==,,,,,W1hhbcOjXQpGaW5hbG1lbnRlLCBvcwplc3DDrXJpdG9zIGUgZXUgc29tb3MgdW0gc8OzLgpPIHJpdHVhbCBwb2RlIGNvbWXDp2FyIGFnb3JhLgpPaGhoaGhoaGhoaGhtbW1tbS4uLg==,,W0NoYW3DoW5dClBvciBmaW4sCmxvcyBlc3DDrXJpdHVzIHkgeW8gc29tb3MgdW5vLgpBaG9yYSBwdWVkZSBjb21lbnphciBlbCByaXR1YWwuCk9oaGhoaGhoaGhtbW1tbS4uLiA=
S9BLAw,,W1NoYW1hbl0KSGhoa2trLi4uIEFycnJnaC4uLiE=,,,,,W1hhbcOjXQpIaGhra2suLi4gQXJycmdoLi4uIQ==,,W0NoYW3DoW5dCkpqamtray4uLiBBeXl5eS4u
TNBLAw,,W3t9XQouLi4uLj8=,,,,,W3t9XQouLi4uLj8=,,W3t9XQrCv+KApj8=
TdBLAw,,W1NoYW1hbl0KVGgtdGhpcyBlbWVyYWxkIQpTbyBtYW55IGxpdmVzISBNb25leQphbG9uZSB3b24ndCBicmVhayB0aGlzCmN1cnNlISBJdCdzIHRpbWUgdG8gZ2V0CnNlcmlvdXMgYW5kIHN1cHByZXNzCnRoaXMgamV3ZWwncyBwb3dlciE=,,,,,W1hhbcOjXQpFc3NhIGVzbWVyYWxkYSEKVGFudGFzIHZpZGFzISBPIGRpbmhlaXJvCnNvemluaG8gbsOjbyB2YWkgcXVlYnJhciBlc3NhCm1hbGRpw6fDo28hIMOJIGhvcmEgZGUgbGV2YXIKc8OpcmlvIGUgc3VwcmltaXIKbyBwb2RlciBkZXNzYSBqb2lhIQ==,,W0NoYW3DoW5dCsKhRS1lc3RhIGVzbWVyYWxkYSEKwqFUYW50YXMgdmlkYXMhIMK/RWwgZGluZXJvPwpzb2xvIG5vIHJvbXBlcsOhIGVzdGEKbWFsZGljacOzbiEgwqFFcyBob3JhIGRlCnBvbmVyc2Ugc2VyaW8geSBzdXByaW1pcgplbCBwb2RlciBkZSBlc3RhIGpveWEh
TtBLAw,,W1NoYW1hbl0KUmVtZW1iZXIgdGhlIGl0ZW1zCkkgdGVsbCB5b3UgdG8gYnJpbmcsIGFuZApjb21lIGJhY2sgd2l0aCB0aGVtCmFzIHF1aWNrbHkgYXMgeW91IGNhbiEKQm90aCBvZiBvdXIgbGl2ZXMgYXJlIGluCmRhbmdlciB1bnRpbCB5b3UgZG8h,,,,,W1hhbcOjXQpMZW1icmUtc2UgZG9zIGl0ZW5zCnF1ZSBldSBsaGUgZGlzc2UgcGFyYSB0cmF6ZXIsIGUKdm9sdGUgY29tIGVsZXMKbyBtYWlzIHLDoXBpZG8gcG9zc8OtdmVsIQpOb3NzYXMgdmlkYXMgZXN0w6NvIGVtCnBlcmlnbyBhdMOpIHF1ZSB2b2PDqiBmYcOnYSBpc3NvIQ==,,W0NoYW3DoW5dClJlY3VlcmRhIGxvcyBvYmpldG9zCnF1ZSB0ZSBwZWTDrSB5CsKhdnVlbHZlIGNvbiBlbGxvcwp0YW4gcsOhcGlkbyBjb21vIHB1ZWRhcyEKwqFMYSB2aWRhIGRlIGFtYm9zIGVzdMOhIGVuCnBlbGlncm8gaGFzdGEgcXVlIGxvcyB0cmFpZ2FzIQ==
T9BLAw,,W1NoYW1hbl0KQnJpbmcgbWUKXkZGMDAwMDEgSG9seSBXYXRlcl4wMDAwMDAsCl5GRjAwMDAxIFJlZCBCbG9vZF4wMDAwMDAsCl5GRjAwMDAxIFdpdGhlcmxlc3MgUm9zZV4wMDAwMDAsCl5GRjAwMDAxIENyeXN0YWwgQmx1ZV4wMDAwMDAsIGFuZApeRkYwMDAwMSBXaW5kIG9mIFZlcmR1cmVeMDAwMDAwLg==,,,,,W1hhbcOjXQpUcmFnYS1tZQpeRkYwMDAwMSDDgWd1YSBCZW50YV4wMDAwMDAsCl5GRjAwMDAxIFNhbmd1ZSBFc2NhcmxhdGVeMDAwMDAwLApeRkYwMDAwMSBSb3NhIEV0ZXJuYV4wMDAwMDAsCl5GRjAwMDAxIENyaXN0YWwgQXp1bF4wMDAwMDAsIGUKXkZGMDAwMDEgRnJlc2NvciBkbyBWZW50b14wMDAwMDAu,,W0NoYW3DoW5dClRyw6FlbWXigKYKXjY2MDAwMDEgQWd1YSBiZW5kaXRhXjAwMDAwMApeNjYwMDAwMSBTYW5ncmUgcm9qYV4wMDAwMDAsCl42NjAwMDAxIFJvc2EgZXRlcm5hXjAwMDAwMCwKXjY2MDAwMDEgQXp1bCBjcmlzdGFsXjAwMDAwMCB5Cl42NjAwMDAxIFZpZW50byBkZSB2ZXJkb3JeMDAwMDAwLg==
UNBLAw,,W1NoYW1hbl0KSHVycnkhIEFsdGhvdWdoIHRoZSBzcGlyaXRzCmFyZSBldGVybmFsLCB0aGV5IGRvbid0IGxpa2UKdG8gYmUga2VwdCB3YWl0aW5nISBEb24ndApxdWVzdGlvbiB0aGlzIGdyZWF0IGlyb255LAphbmQgZ2V0IHRob3NlIGl0ZW1zIG5vdyE=,,,,,W1hhbcOjXQpSw6FwaWRvISBFbWJvcmEgb3MgZXNww61yaXRvcwpzZWphbSBldGVybm9zLCBlbGVzIG7Do28gZ29zdGFtCmRlIGZpY2FyIGVzcGVyYW5kbyEgTsOjbwpxdWVzdGlvbmUgZXNzYSBncmFuZGUgaXJvbmlhLAplIGFkcXVpcmEgZXNzZXMgaXRlbnMgYWdvcmEgbWVzbW8h,,W0NoYW3DoW5dCsKhRGF0ZSBwcmlzYSEgQXVucXVlIGxvcyBlc3DDrXJpdHVzCnNlYW4gZXRlcm5vcywgwqFubyBsZXMgZ3VzdGEKcXVlIGxvcyBoYWdhbiBlc3BlcmFyISBObwpjdWVzdGlvbmVzIGVzdGEgZ3JhbiBpcm9uw61hLArCoXkgY29uc2lndWUgZXNvcyBvYmpldG9zIGFob3JhIQ==
UdBLAw,,W1NoYW1hbl0KWW91IGJyb3VnaHQgdGhlIGl0ZW1zPyEKUXVpY2tseSEgUGxhY2UgdGhlbSBpbgpteSBoYW5kcyEgV2UgY2FuJ3QgYWZmb3JkCnRvIHdhc3RlIGFueSBtb3JlIHRpbWUh,,,,,W1hhbcOjXQpWb2PDqiB0cm91eGUgb3MgaXRlbnM/IQpSw6FwaWRvISBDb2xvcXVlLW9zIGVtIG1pbmhhcyBtw6NvcyEgCk7Do28gcG9kZW1vcyBub3MgZGFyIGFvIGx1eG8KcGVyZGVyIG1haXMgdGVtcG8h,,W0NoYW3DoW5dCsKhwr9UcmFqaXN0ZSBsb3Mgb2JqZXRvcz8hCsKhUsOhcGlkbyEgwqFDb2zDs2NhbG9zIGVuCm1pcyBtYW5vcyEgwqFObyBwb2RlbW9zIHBlcm1pdGlybm9zCmRlc3BlcmRpY2lhciBtw6FzIHRpZW1wbyE=
UtBLAw,,W1NoYW1hbl0KVGhhbmsgZ29vZG5lc3MuCk5vdy4uLiBMZXQgbWUgYmVnaW4uLi4KVWhoa2suLi4gQXJnaCEgV2FpdCEKSS4uLiBJIHNlZSBzb21lb25lLi4uCkNvdmVyZWQgaW4gYmxvb2Q/IFllcy4uLgpIZSdzIHN0YXJpbmcgYXQgc29tZXRoaW5nLg==,,,,,W1hhbcOjXQpHcmHDp2FzIGEgRGV1cy4KQWdvcmEuLi4gRGVpeGUtbWUgY29tZcOnYXIuLi4KVWhoa2suLi4gQXJnaCEgRXNwZXJlIQpJLi4uIEVzdG91IHZlbmRvIGFsZ3XDqW0uLi4KQ29iZXJ0byBkZSBzYW5ndWU/IFNpbS4uLgpFbGUgZXN0w6Egb2xoYW5kbyBwYXJhIGFsZ3VtYSBjb2lzYS4=,,W0NoYW3DoW5dCkdyYWNpYXMgYSBEaW9zLgpBaG9yYeKApiBQZXJtw610ZW1lIGVtcGV6YXIuLi4KVWhoLi4uIMKhQXkhIMKhRXNwZXJhIQpWZW/igKYgYSBhbGd1aWVuLi4uCsK/Q3ViaWVydG8gZGUgc2FuZ3JlPyBTw63igKYKRXN0w6EgbWlyYW5kbyBhbGdvLg==
U9BLAw,,W1NoYW1hbl0KVGhlcmUncyBhIHN3b3JkIGJlaGluZCBpdC4KSGUncy4uLiBIZSdzIGp1c3QgYmVlbiBpbgphIGZpZ2h0PyBJIGNhbiBzbWVsbC4uLgpIaXMgYmxvb2RsdXN0LiBJIGNhbid0IHRlbGwKaWYgaGUgY3Vyc2VkIHRoZSBqZXdlbCBvZgppZiBoZSdzIGFub3RoZXIgdmljdGltLi4u,,,,,W1hhbcOjXQpIw6EgdW1hIGVzcGFkYSBhdHLDoXMgZGVsZS4KRWxlLi4uIEVsZSBhY2Fib3UgZGUgZW50cmFyIGVtCnVtYSBsdXRhPyBFdSBwb3NzbyBzZW50aXIgbyBjaGVpcm8uLi4KU3VhIHNlZGUgZGUgc2FuZ3VlLiBOw6NvIHNlaSBkaXplcgpzZSBlbGUgYW1hbGRpw6dvb3UgYSBqb2lhIG91CnNlIGVsZSDDqSBvdXRyYSB2w610aW1hLi4u,,W0NoYW3DoW5dCkhheSB1bmEgZXNwYWRhIGRldHLDoXMuCsOJbOKApiDCv0FjYWJhIGRlCmx1Y2hhcj8gUHVlZG8gb2xlcuKApgpTdSBzZWQgZGUgc2FuZ3JlLiBObyBub3RvCnNpIG1hbGRpam8gbGEgam95YSBvCnNpIGVzIG90cmEgdsOtY3RpbWEuLi4=
VNBLAw,,W1NoYW1hbl0KRGFtbiBpdCEgSXQncyBub3QgY2xlYXIKdG8gbWUhIFdlIG5lZWQgdG8gZmlndXJlCm91dCBpZiB3aGF0IEknbSBzZWVpbmcgaXMKdGhlIHJvb3Qgb2YgdGhlIGN1cnNlLi4uCldoYXQgY2FuIHdlIGRvIHRvLS1SaWdodCE=,,,,,W1hhbcOjXQpEcm9nYSEgTsOjbyBlc3TDoSBjbGFybwpwYXJhIG1pbSEgUHJlY2lzYW1vcyBkZXNjb2JyaXIgCnNlIG8gcXVlIGVzdG91IHZlbmRvIMOpCmEgcmFpeiBkYSBtYWxkacOnw6NvLi4uCk8gcXVlIHBvZGVtb3MgZmF6ZXIgcGFyYS4uLiBDZXJ0byE=,,W0NoYW3DoW5dCsKhTWFsZGl0YSBzZWEhIE5vIGVzdMOhIGNsYXJvCmhhY2lhIG3DrS4gVGVuZW1vcyBxdWUgYXZlcmlndWFyCnNpIGxvIHF1ZSBlc3RveSB2aWVuZG8gZXMKbGEgcmHDrXogZGUgbGEgbWFsZGljacOzbi4uLgrCv1F1w6kgcG9kZW1vcyBoYWNlciBwYXJhLS0/IMKhQ2llcnRvIQ==
VdBLAw,,W1NoYW1hbl0KSSdtIG5vdCBzdXJlIGhvdyBoZWxwZnVsCmhlJ2xsIGJlLCBidXQgdGhlcmUgaXMgYW4KYXJjaGFlb2xvZ2lzdCBpbiBKdW5vIHRoYXQKbWlnaHQga25vdyBtb3JlIGFib3V0IHRoaXMKc3BlY2lmaWMgamV3ZWwuIEhvcGVmdWxseSwKaGUgd2lsbCBoYXZlIHRoZSBhbnN3ZXIu,,,,,W1hhbcOjXQpOw6NvIHRlbmhvIGNlcnRlemEgZGUgcXXDo28gw7p0aWwKZWxlIHNlcsOhLCBtYXMgaMOhIHVtCmFycXVlw7Nsb2dvIGVtIEp1bm8gcXVlCnRhbHZleiBzYWliYSBtYWlzIHNvYnJlIGVzc2EKam9pYSBlc3BlY8OtZmljYS4gRXNwZXJvIHF1ZSBzaW0sCmVsZSB0ZW5oYSBhIHJlc3Bvc3RhLg==,,W0NoYW3DoW5dCk5vIGVzdG95IHNlZ3VybyBkZSBxdWUgdGFuIMO6dGlsCnNlcsOhLCBwZXJvIGhheSB1bgphcnF1ZcOzbG9nbyBlbiBKdW5vIHF1ZQpwb2Ryw61hIHNhYmVyIG3DoXMgc29icmUgZXN0YQpqb3lhIGVzcGVjw61maWNhLiBFc3Blcm8KcXVlIMOpbCB0ZW5nYSBsYSByZXNwdWVzdGEu
VtBLAw,,W1NoYW1hbl0KRm9yIG5vdywgdGhlIGpld2VsJ3MKY3Vyc2UgaXMgYmV5b25kIG15IHBvd2VyLgpIb3dldmVyLCBpZiB5b3UgY2FuIGRldGVybWluZQp0aGUgc291cmNlIG9mIHRoZSBjdXJzZSwgdGhlbgpJIHdpbGwgYmUgYWJsZSB0byBoZWxwIHlvdS4=,,,,,W1hhbcOjXQpQb3IgZW5xdWFudG8sIGEgbWFsZGnDp8OjbyBkYSBqb2lhCmVzdMOhIGFsw6ltIGRvIG1ldSBwb2Rlci4KTm8gZW50YW50bywgc2Ugdm9jw6ogcHVkZXIgZGV0ZXJtaW5hcgphIG9yaWdlbSBkYSBtYWxkacOnw6NvLCBlbnTDo28KZXUgcG9kZXJlaSBhanVkw6EtbG8u,,W0NoYW3DoW5dClBvciBhaG9yYSwgbGEgbWFsZGljacOzbgpkZSBsYSBqb3lhIGVzdMOhIGZ1ZXJhIGRlbCBhbGNhbmNlIGRlIG1pIHBvZGVyLgpTaW4gZW1iYXJnbywgc2kgcHVlZGVzIGRldGVybWluYXIKbGEgZnVlbnRlIGRlIGxhIG1hbGRpY2nDs24sIGVudG9uY2VzCnBvZHLDqSBheXVkYXJ0ZS4=
V9BLAw,,W1NoYW1hbl0KWW91Li4uIEZvcmdvdD8hCllvdXIgYm9keSBhbmQgc291bCBhcmUgaW4KamVvcGFyZHkgYW5kIHlvdSBmb3Jnb3Q/IQ==,,,,,W1hhbcOjXQpWb2PDqi4uLiBFc3F1ZWNldT8hClNldSBjb3JwbyBlIHN1YSBhbG1hIGVzdMOjbyAKZW0gcGVyaWdvIGUgdm9jw6ogc2UgZXNxdWVjZXU/IQ==,,W0NoYW3DoW5dClTDuuKApiDCocK/VGUgb2x2aWRhc3RlPyEKVHUgY3VlcnBvIHkgdHUgYWxtYSBlc3TDoW4gZW4Kcmllc2dvIHkgwqHCv3RlIG9sdmlkYXN0ZT8h
WNBLAw,,W1NoYW1hbl0KQnJpbmcgbWUKXkZGMDAwMDEgSG9seSBXYXRlcl4wMDAwMDAsCl5GRjAwMDAxIFJlZCBCbG9vZF4wMDAwMDAsCl5GRjAwMDAxIFdpdGhlcmxlc3MgUm9zZV4wMDAwMDAsCl5GRjAwMDAxIENyeXN0YWwgQmx1ZV4wMDAwMDAsIGFuZApeRkYwMDAwMSBXaW5kIG9mIFZlcmR1cmVeMDAwMDAwIQ==,,,,,W1hhbcOjXQpUcmFnYS1tZQpeRkYwMDAwMSDDgWd1YSBCZW50YV4wMDAwMDAsCl5GRjAwMDAxIFNhbmd1ZSBFc2NhcmxhdGVeMDAwMDAwLApeRkYwMDAwMSBSb3NhIEV0ZXJuYV4wMDAwMDAsCl5GRjAwMDAxIENyaXN0YWwgQXp1bF4wMDAwMDAsIGUKXkZGMDAwMDEgRnJlc2NvciBkbyBWZW50b14wMDAwMDAh,,W0NoYW3DoW5dClRyw6FlbWXigKYKXjY2MDAwMDEgQWd1YSBiZW5kaXRhXjAwMDAwMApeNjYwMDAwMSBTYW5ncmUgcm9qYV4wMDAwMDAsCl42NjAwMDAxIFJvc2EgZXRlcm5hXjAwMDAwMCwKXjY2MDAwMDEgQXp1bCBjcmlzdGFsXjAwMDAwMCB5CsKhXjY2MDAwMDEgVmllbnRvIGRlIHZlcmRvcl4wMDAwMDAh
WdBLAw,,W1NoYW1hbl0KVGhhdCBhbnRpcXVlIGFwcHJhaXNlci4uLgpIZSB3b3VsZG4ndCBrbm93IGFueXRoaW5nCm1vcmUgYWJvdXQgdGhlIGpld2VsLCBidXQKdGhhdCBhcmNoYWVvbG9naXN0IGluIEp1bm8Kd2lsbCBob3BlZnVsbHkgaGF2ZSBzb21lCm5ldyBpbmZvcm1hdGlvbiB3ZSBjYW4gdXNlLg==,,,,,W1hhbcOjXQpBcXVlbGUgYXZhbGlhZG9yIGRlIGFudGlndWlkYWRlcy4uLgpFbGUgbsOjbyBzYWJlcmlhIG5hZGEKbWFpcyBzb2JyZSBhIGpvaWEsIG1hcwphcXVlbGUgYXJxdWXDs2xvZ28gZW0gSnVubwp0ZXLDoSwgY29tIHNvcnRlLCBhbGd1bWFzCm5vdmFzIGluZm9ybWHDp8O1ZXMgcXVlIHBvc3NhbW9zIHVzYXIu,,W0NoYW3DoW5dCkVzZSB0YXNhZG9yIGRlIGFudGlnw7xlZGFkZXMuLi4KTm8gY3JlbyBxdWUgc2VwYSBuYWRhCm3DoXMgc29icmUgbGEgam95YSwgcGVybwplc3BlcmVtb3MgcXVlCmVzZSBhcnF1ZcOzbG9nbyBkZSBKdW5vIHRlbmdhIGFsZ3VuYQppbmZvcm1hY2nDs24gbnVldmEgcXVlIHBvZGFtb3MgdXRpbGl6YXIu
WtBLAw,,W1NoYW1hbl0KQWgsIHlvdSdyZSBiYWNrLgpTbyBkaWQgeW91IGxlYXJuCmFueXRoaW5nIG5ldyBhYm91dAp0aGUgVW5sdWNreSBFbWVyYWxkPw==,,,,,W1hhbcOjXQpBaCwgdm9jw6ogZXN0w6EgZGUgdm9sdGEuCkVudMOjbywgdm9jw6ogYXByZW5kZXUKYWxndW1hIGNvaXNhIG5vdmEgc29icmUKYSBlc21lcmFsZGEgZG9zIEF6YXJhZG9zPw==,,W0NoYW3DoW5dCkFoLCB2b2x2aXN0ZS4KRW50b25jZXMsIMK/YXByZW5kaXN0ZSBhbGdvCm3DoXMgc29icmUKdGhlIEVzbWVyYWxkYSBkZSBsYSBtYWxhIHN1ZXJ0ZT8=
W9BLAw,,VGhlIGFyY2hhZW9sb2dpc3Qgc2FpZC4uLg==,,,,,TyBhcnF1ZcOzbG9nbyBkaXNzZS4uLg==,,RWwgYXJxdWXDs2xvZ28gZGlqby4uLg==
XNBLAw,,W3t9XQpUaGUgYXJjaGFlb2xvZ2lzdCBzYWlkLi4uCldlbGwsIGhlIHNhaWQgdGhhdCB0aGVyZQppcyBubyBjdXJzZSBvbiB0aGUgamV3ZWwu,,,,,W3t9XQpPIGFycXVlw7Nsb2dvIGRpc3NlLi4uCkJlbSwgZWxlIGRpc3NlIHF1ZSBuw6NvIGjDoQpuw6NvIGjDoSBtYWxkacOnw6NvIG5hIGpvaWEu,,W3t9XQpFbCBhcnF1ZcOzbG9nbyBkaWpvLi4uCkJ1ZW5vLCBkaWpvIHF1ZSBsYQpqb3lhIG5vIHRlbsOtYSBuaW5ndW5hIG1hbGRpY2nDs24u
XdBLAw,,W1NoYW1hbl0KV2hhdD8gSG93IGRhcmUgaGUgcmVmdXRlCndoYXQgSSBqdXN0IHRvbGQgeW91PyEKSXMgaGUgY2FsbGluZyBtZSBhIGxpYXI/ClRoZXJlIHdhcyBhIHZpbmRpY3RpdmUKd2FycmlvcidzIHNvdWwgaW5zaWRlCnRoYXQgdmVyeSBlbWVyYWxkIQ==,,,,,W1hhbcOjXQpPIHF1w6o/IENvbW8gZWxlIHNlIGF0cmV2ZSBhIHJlZnV0YXIKbyBxdWUgYWNhYmVpIGRlIGxoZSBkaXplcj8hCkVsZSBlc3TDoSBtZSBjaGFtYW5kbyBkZSBtZW50aXJvc28/CkhhdmlhIHVtYSBhbG1hIGRlIGd1ZXJyZWlybyAKdmluZ2F0aXZvIGRlbnRybyBkYXF1ZWxhIAptZXNtYSBlc21lcmFsZGEh,,W0NoYW3DoW5dCsK/UXXDqT8gwqHCv0PDs21vIHNlIGF0cmV2ZSBhIHJlZnV0YXIKbG8gcXVlIHRlIGRpamU/IQrCv01lIGVzdMOhIHRyYXRhbmRvIGRlIG1lbnRpcm9zbz8KwqFBZGVudHJvIGRlIGVzYSBtaXNtYSBlc21lcmFsZGEKZXN0YWJhIGVsIGFsbWEgZGUKdW4gZ3VlcnJlcm8gdmVuZ2F0aXZvIQ==
XtBLAw,,W1NoYW1hbl0KVGhlbiBhZ2FpbiwgdGhlcmUncyBubwpwb2ludCBmaWdodGluZyBzb21lb25lCnRoYXQgZG9lc24ndCBiZWxpZXZlIGluCnRoZSBzcGlyaXQgcmVhbG0uIEhvd2V2ZXIsCkkgd2Fzbid0IGx5aW5nLiBNeSBob25vcgphcyBhIHNoYW1hbiBpcyBhdCBzdGFrZSE=,,,,,W1hhbcOjXQpNYXMsIG5vdmFtZW50ZSwgbsOjbyBmYXogCnNlbnRpZG8gbHV0YXIgY29udHJhIGFsZ3XDqW0KcXVlIG7Do28gYWNyZWRpdGEgbm8gcmVpbm8gZXNwaXJpdHVhbC4gCk5vIGVudGFudG8sIGV1IG7Do28gZXN0YXZhIG1lbnRpbmRvLiAKTWluaGEgaG9ucmEKY29tbyB4YW3DoyBlc3TDoSBlbSBqb2dvIQ==,,W0NoYW3DoW5dClBvciBvdHJhIHBhcnRlLCBubyB0aWVuZQpzZW50aWRvIGx1Y2hhciBjb250cmEgYWxndWllbgpxdWUgbm8gY3JlZSBlbgplbCByZWlubyBkZSBsb3MgZXNww61yaXR1cy4gU2luIGVtYmFyZ28sCm5vIGVzdGFiYSBtaW50aWVuZG8uIMKhTWkgaG9ub3IKY29tbyBjaGFtw6FuIGVzdMOhIGVuIGp1ZWdvIQ==
X9BLAw,,W1NoYW1hbl0KSW4gZmFjdCwgSSdsbCBwcm92ZSBpdCB0byB5b3UKYnkgcmVhZGluZyB0aGUgbWVzc2FnZQppbnNpZGUgdGhpcyBlbWVyYWxkLiBCcmluZwptZSB0aGUgamV3ZWwsIGFuZCBJJ2xsIHN1bW1vbgp0aGUgd2FycmlvciBzcGlyaXQgaW5zaWRlIGl0LgpKdXN0IGxldCBtZSByZXN0IGEgYml0IGZpcnN0Lg==,,,,,W1hhbcOjXQpOYSB2ZXJkYWRlLCB2b3UgcHJvdmFyIGlzc28gcGFyYSB2b2PDqgpsZW5kbyBhIG1lbnNhZ2VtCmRlbnRybyBkZXN0YSBlc21lcmFsZGEuIFRyYWdhCmEgam9pYSwgZSBldSBpbnZvY2FyZWkKbyBlc3DDrXJpdG8gZ3VlcnJlaXJvIHF1ZSBlc3TDoSBkZW50cm8gZGVsYS4KQXBlbmFzIG1lIGRlaXhlIGRlc2NhbnNhciB1bSBwb3VjbyBhbnRlcy4=,,W0NoYW3DoW5dCkRlIGhlY2hvLCB0ZSBsbyBkZW1vc3RyYXLDqQpsZXllbmRvIGVsIG1lbnNhamUgcXVlIGVzdMOhIApkZW50cm8gZGUgZXN0YSBlc21lcmFsZGEuIFRyw6FlbWUKbGEgam95YSBlIGludm9jYXLDqSAKYWwgZXNww61yaXR1IGd1ZXJyZXJvIHF1ZSBlc3TDoSBhZGVudHJvLgpEw6lqYW1lIGRlc2NhbnNhciB1biBwb2NvIHByaW1lcm8u
YNBLAw,,W1NoYW1hbl0KQWxyaWdodC4gQnkgbXkgcHJpZGUKYXMgYSBzaGFtYW4sIEknbGwgcHJvdmlkZQp0aGlzIHNlcnZpY2UgdG8geW91IGZyZWUKb2YgY2hhcmdlISBDYW4ndCBoYXZlCmFueW9uZSB0aGlua2luZyBJJ20Kc29tZSBraW5kIG9mIHF1YWNrLi4u,,,,,W1hhbcOjXQpNdWl0byBiZW0uIFBvciBtZXUgb3JndWxobwpjb21vIHhhbcOjLCBldSBsaGUgZm9ybmVjZXJlaQplc3NlIHNlcnZpw6dvIGEgdm9jw6ogZ3JhdHVpdGFtZW50ZSEgCk7Do28gcG9zc28gZGVpeGFyIHF1ZQpuaW5ndcOpbSBwZW5zZSBxdWUgc291CmFsZ3VtIHRpcG8gZGUgY2hhcmxhdMOjby4uLg==,,W0NoYW3DoW5dCkRlIGFjdWVyZG8uIFBvciBtaSBvcmd1bGxvCmNvbW8gY2hhbcOhbiwgdGUgdm95IGEgYnJpbmRhcgplc3RlIHNlcnZpY2lvCsKhZ3JhdGlzISBObyBwdWVkbyBkZWphciBxdWUKY3VhbHF1aWVyYSBwaWVuc2UgcXVlIHNveQphbGfDum4gdGlwbyBkZSBjdXJhbmRlcm8uLi4=
YdBLAw,,W1NoYW1hbl0KSG1tbW0uLi4KSG1tbW0uLi4KSS4uLiBJIHNlZS4=,,,,,W1hhbcOjXQpIbW1tbS4uLgpIbW1tbS4uLgpFdS4uLiBFc3RvdSB2ZW5kby4=,,W0NoYW3DoW5dCk1tbW1tbeKApgpNbW1tbW3igKYKVmVv4oCmIFlhIHZlby4=
YtBLAw,,W1NoYW1hbl0KSHVoLiBXZWxsLCB3aGF0IGRvIHlvdQprbm93PyBUaGVyZSBpcyBubyBjdXJzZS4KSG93ZXZlciwgaXQncyBub3QgdHJ1ZSB0aGF0Cm9ubHkgQ29tb2RvJ3MgcHJvZGlnYWwgc29uCndhcyBraWxsZWQgb3ZlciB0aGlzIGpld2VsLgpUaGVyZSBhcmUgbWFueSBtb3JlLi4u,,,,,W1hhbcOjXQpIdWguIEJlbSwgbyBxdWUgdm9jw6oKc2FiZT8gTsOjbyBow6EgbWFsZGnDp8Ojby4KTm8gZW50YW50bywgbsOjbyDDqSB2ZXJkYWRlIHF1ZQphcGVuYXMgbyBmaWxobyBwcsOzZGlnbyBkYSBDb21vZG8gCmZvaSBtb3J0byBwb3IgY2F1c2EgZGVzc2Egam9pYS4KSMOhIG11aXRvcyBvdXRyb3MuLi4=,,W0NoYW3DoW5dCk1tbS4gQnVlbm8sIMK/cXVpw6luIGxvCnNhYmVybG8uIE5vIGhheSBuaW5ndW5hIG1hbGRpY2nDs24uClNpbiBlbWJhcmdvLCBubyBlcyBjaWVydG8gcXVlCmxhIMO6bmljYSBwZXJzb25hIHF1ZSBhc2VzaW5hcm9uIHBvciBlc3RhIGpveWEKZnVlIGVsIGhpam8gcHLDs2RpZ28gZGUgQ29tb2RvLgpIYXkgbXVjaGFzIG3DoXMuLi4=
Y9BLAw,,W1NoYW1hbl0KR28geW9uZGVyIHRvIHRoZSB0b3duCm9mIEdlZmZlbiwgaGVhZCB3ZXN0LCBhbmQKc2VlayB0aGUgaGlnaCBncm91bmQgdGhhdAppcyBvdmVyIHRoZSBicmlkZ2UuIFlvdSBrbm93Li4uCkxlYXZlIEdlZmZlbiB0aHJvdWdoIHRoZSB3ZXN0CmdhdGUgYW5kIGZpbmQgYSBoaWdoIHBsYWNlLg==,,,,,W1hhbcOjXQpWw6EgYXTDqSBhIGNpZGFkZSBkZSBHZWZmZW4sIApzaWdhIHBhcmEgb2VzdGUgZQpwcm9jdXJlIG8gdGVycmVubyBhbHRvIHF1ZQpmaWNhIHNvYnJlIGEgcG9udGUuIFZvY8OqIHNhYmUuLi4KU2FpYSBkZSBHZWZmZW4gcGVsbyBwb3J0w6NvIG9lc3RlIAplIGVuY29udHJlIHVtIGx1Z2FyIGFsdG8u,,W0NoYW3DoW5dClZlIGFsbMOhIGEgbGEgY2l1ZGFkCmRlIEdlZmZlbiwgZGlyw61nZXRlIGFsIG9lc3RlLCB5CmJ1c2NhIGVsIHRlcnJlbm8gZWxldmFkbyBxdWUKZXN0w6Egc29icmUgZWwgcHVlbnRlLiBZYSBzYWJlcy4uLgpTYWwgZGUgR2VmZmVuIHBvciBsYSBwdWVydGEKb2VzdGUgeSBidXNjYSB1biBsdWdhciBhbHRvLg==
ZNBLAw,,W1NoYW1hbl0KVHJ1c3QgbWUuIFlvdSdsbCBmaW5kCnNvbWV0aGluZyB0aGVyZSB0aGF0IHdpbGwKcmVhY3QgdG8gdGhlIHBvd2VyIG9mIHRoYXQKZW1lcmFsZCB5b3UgcG9zc2Vzcy4=,,,,,W1hhbcOjXQpDb25maWUgZW0gbWltLiBWb2PDqiBlbmNvbnRyYXLDoQphbGdvIGzDoSBxdWUgaXLDoQpyZWFnaXIgYW8gcG9kZXIgZGVzc2EKZXNtZXJhbGRhIHF1ZSB2b2PDqiBwb3NzdWku,,W0NoYW3DoW5dCkNvbmbDrWEgZW4gbcOtLiBWYXMgYSBlbmNvbnRyYXIKYWxnbyBhbGzDrSBxdWUKcmVhY2Npb25hcsOhIGFudGUgZWwgcG9kZXIgZGUgZXNhCmVzbWVyYWxkYSBxdWUgcG9zZWVzLg==
ZdBLAw,,W1NoYW1hbl0KSG1wZiEgVGhhdCBhcnJvZ2FudAphcmNoYWVvbG9naXN0ISBIZSBkb2Vzbid0Cmtub3cgd2hhdCBoZSdzIHRhbGtpbmcgYWJvdXQh,,,,,W1hhbcOjXQpIbXBmISBBcXVlbGUKYXJxdWXDs2xvZ28gYXJyb2dhbnRlISAKRWxlIG7Do28gc2FiZSBkbyBxdWUgZXN0w6EgZmFsYW5kbyE=,,W0NoYW3DoW5dCsKhUGZmZiEgwqFFc2UgYXJxdWXDs2xvZ28KYXJyb2dhbnRlISDCoU5vCnNhYmUgZGUgbG8gcXVlIGhhYmxhIQ==
ZtBLAw,,W1NoYW1hbl0KWW91IGRvbid0IGhhdmUgdGhlCmVtZXJhbGQgd2l0aCB5b3U/CkkgaG9wZSB5b3UgZGlkbid0Cmxvc2UgaXQgc29tZXdoZXJlLg==,,,,,W1hhbcOjXQpWb2PDqiBuw6NvIHRlbSBhCmVzbWVyYWxkYSBjb20gdm9jw6o/CkVzcGVybyBxdWUgdm9jw6ogbsOjbyBhIHRlbmhhIApwZXJkaWRvIGVtIGFsZ3VtIGx1Z2FyLg==,,W0NoYW3DoW5dCsK/Tm8gdGllbmVzIGxhCmVzbWVyYWxkYSBjb250aWdvPwpFc3Blcm8gcXVlIG5vCmxhIGhheWFzIHBlcmRpZG8gZW4gYWxndW5hIHBhcnRlLg==
Z9BLAw,,W1NoYW1hbl0KVHJ1c3QgbWUuIFlvdSdsbCBmaW5kCnNvbWV0aGluZyB0aGVyZSB0aGF0IHdpbGwKcmVhY3QgdG8gdGhlIHBvd2VyIG9mIHRoYXQKZW1lcmFsZCB5b3UgcG9zc2Vzcy4KRG9uJ3QgZm9yZ2V0IHRvIGJyaW5nCnRoYXQgZW1lcmFsZCB3aXRoIHlvdSE=,,,,,W1hhbcOjXQpDb25maWUgZW0gbWltLiBWb2PDqiBlbmNvbnRyYXLDoQphbGdvIGzDoSBxdWUgaXLDoQpyZWFnaXIgYW8gcG9kZXIgZGVzc2EKZXNtZXJhbGRhIHF1ZSB2b2PDqiBwb3NzdWkuCk7Do28gc2UgZXNxdWXDp2EgZGUgdHJhemVyCmVzc2EgZXNtZXJhbGRhIGNvbSB2b2PDqiE=,,W0NoYW3DoW5dCkNvbmbDrWEgZW4gbcOtLiBWYXMgYSBlbmNvbnRyYXIKYWxnbyBhbGzDrSBxdWUKcmVhY2Npb25hcsOhIGFudGUgZWwgcG9kZXIgZGUgZXNhCmVzbWVyYWxkYSBxdWUgcG9zZWVzLgrCoU5vIG9sdmlkZXMgdHJhZXIKZXNhIGVzbWVyYWxkYSE=
aNBLAw,,W1NoYW1hbl0KV2hhdCBkaWQgSSB0ZWxsIHlvdT8KVGhhdCBqZXdlbCBicmluZ3MgdmVyeQpiYWQgZm9ydHVuZS4gVGhvdWdoLCBJJ20Kbm90IHN1cmUgd2h5IHRoZSB3YXJyaW9yCnNwaXJpdCBpbnNpZGUgd291bGRuJ3QgdGFsawp0byBtZS4gV2hhdCdzIHdpdGggdGhhdD8=,,,,,W1hhbcOjXQpPIHF1ZSBldSBsaGUgZGlzc2U/CkVzc2Egam9pYSB0cmF6IG11aXRvIG3DoSBzb3J0ZS4gCk5vIGVudGFudG8sIG7Do28gdGVuaG8gY2VydGV6YSAKcG9yIHF1ZSBvIGVzcMOtcml0byBndWVycmVpcm8gZGVudHJvIGRlbGEgCm7Do28gZmFsYXZhIGNvbWlnby4gCk8gcXVlIGjDoSBjb20gaXNzbz8=,,W0NoYW3DoW5dCsKhwqHCoVF1w6kgdGUgZGlqZSEhIQpFc2Egam95YSB0cmFlIG11eQptYWxhIHN1ZXJ0ZS4gQXVucXVlLCBubyBlc3RveQpzZWd1cm8gZGUgcG9yIHF1w6kgZWwgZXNww61yaXR1CmRlbCBndWVycmVybyBxdWUgZXN0w6EgYWRlbnRybwpubyBtZSBoYWJsYS4gwr9ZIGVzbz8=
adBLAw,,W1NoYW1hbl0KSXQncyBiZWVuIGEgbG9uZyB0aW1lCnNpbmNlIEkndmUgZG9uZSB0aGVzZQpyaXR1YWxzLiBJIGZlZWwgdGhvcm91Z2hseQpkcmFpbmVkIG9mIG15IHNwaXJpdHVhbCBlbmVyZ3ku,,,,,W1hhbcOjXQpKw6EgZmF6IG11aXRvIHRlbXBvCnF1ZSBldSBuw6NvIGZhw6dvIGVzc2VzCnJpdHVhaXMuIEV1IG1lIHNpbnRvCmNvbXBsZXRhbWVudGUgZHJlbmFkbwpkZSBtaW5oYSBlbmVyZ2lhIGVzcGlyaXR1YWwu,,W0NoYW3DoW5dCkhhY2UgbXVjaG8gdGllbXBvCnF1ZSBubyByZWFsaXpvIGVzb3MKcml0dWFsZXMuIE1lIHNpZW50byB0b3RhbG1lbnRlCmRyZW5hZG8gZGUgbWkgZW5lcmfDrWEgZXNwaXJpdHVhbC4=
atBLAw,,QXJjaGVvbG9naXN0,,,,,QXJxdWXDs2xvZ28=,,QXJxdWXDs2xvZ28=
a9BLAw,,W0FyY2hlb2xvZ2lzdF0KVGhlcmUncyBzbyBtdWNoIHRvIGRvIQpIb3cgYW0gSSBnb2luZyB0byBoYW5kbGUKYWxsIG9mIHRoaXMgcmVzZWFyY2g/IERvbid0CnBhbmljLCBkb24ndCBwYW5pYywganVzdApvbmUgdGhpbmcgYXQgYSB0aW1lIQ==,,,,,W0FycXVlw7Nsb2dvXQpIw6EgdGFudGEgY29pc2EgcGFyYSBmYXplciEKQ29tbyB2b3UgbGlkYXIgY29tCnRvZGEgZXNzYSBwZXNxdWlzYT8gTsOjbyBlbnRyZSBlbQpww6JuaWNvLCBuw6NvIGVudHJlIGVtIHDDom5pY28sIGFwZW5hcwp1bWEgY29pc2EgZGUgY2FkYSB2ZXoh,,W0FycXVlw7Nsb2dvXQrCoUhheSB0YW50byBxdWUgaGFjZXIhCsK/Q8OzbW8gdm95IG9jdXBhcm1lIGRlCnRvZGEgZXN0YSBpbnZlc3RpZ2FjacOzbj8gTm8KZW50cmVzIGVuIHDDoW5pY28sIG5vIGVudHJlcyBlbiBww6FuaWNvLCDCoXNvbG8KdW5hIGNvc2EgYSBsYSB2ZXoh
bNBLAw,,W0FyY2hlb2xvZ2lzdF0KT2gsIEkndmUgaGVhcmQgYWJvdXQgeW91CmZyb20gdGhhdCBhbnRpcXVlIGFwcHJhaXNlcgppbiBDb21vZG8uLi4gWW91J3JlIHRoZSBvbmUKdGhhdCBkaWcgdXAgdGhlIFVubHVja3kKRW1lcmFsZCwgcmlnaHQ/IFdvdWxkCnlvdSBtaW5kIGlmIEkgdGFrZSBhIGxvb2s/,,,,,W0FycXVlw7Nsb2dvXQpPaCwgZXUgb3V2aSBmYWxhciBkZSB2b2PDqgpkYXF1ZWxlIGF2YWxpYWRvciBkZSBhbnRpZ3VpZGFkZXMKZW0gQ29tb2RvLi4uIEZvaSB2b2PDqiBxdWVtCmRlc2VudGVycm91IGEgRXNtZXJhbGRhIGRvcyBBemFyYWRvcywKY2VydG8/IFNlIGltcG9ydGEgc2UgZXUKZGVyIHVtYSBvbGhhZGE/,,W0FycXVlw7Nsb2dvXQpPaCwgZXNlIHRhc2Fkb3IgZGUgYW50aWfDvGVkYWRlcwpkZSBDb21vZG8KbWUgaGFibMOzIGRlIHRpLi4uIFTDuiBkZXNlbnRlcnJhc3RlCmxhIEVzbWVyYWxkYQpkZSBsYSBtYWxhIHN1ZXJ0ZSwgwr92ZXJkYWQ/IMK/VGUgbW9sZXN0YQpzaSBlY2hvIHVuIHZpc3Rhem8/
bdBLAw,,W0FyY2hlb2xvZ2lzdF0KQWgsIGl0J3Mgbm8gd29uZGVyIHNvCm1hbnkgcGVvcGxlIHdhbnQgaXQuClRoaXMgZW1lcmFsZCBpcyBzbyBodWdlCmFuZC4uLiBJdCdzIGJlYXV0aWZ1bCEgU28uLi4KSSdtIGd1ZXNzaW5nIHlvdSBuZWVkZWQKbXkgaGVscCB3aXRoIHNvbWV0aGluZz8=,,,,,W0FycXVlw7Nsb2dvXQpBaCwgbsOjbyDDqSBkZSBzZSBhZG1pcmFyIApxdWUgdGFudGFzIHBlc3NvYXMgYSBxdWVpcmFtLgpFc3NhIGVzbWVyYWxkYSDDqSB0w6NvIGdyYW5kZQplLi4uIMOJIGxpbmRhISBFbnTDo28uLi4KQWNobyBxdWUgdm9jw6ogcHJlY2lzYXZhCmRlIG1pbmhhIGFqdWRhIGVtIGFsZ3VtYSBjb2lzYT8=,,W0FycXVlw7Nsb2dvXQpBaCwgY29uIHJhesOzbgp0YW50YSBnZW50ZSBsYSBxdWllcmUuCkVzdGEgZXNtZXJhbGRhIGVzIHRhbiBlbm9ybWUKeeKApiDCoUVzIHByZWNpb3NhISBFbnRvbmNlc+KApgpTdXBvbmdvIHF1ZSBuZWNlc2l0YXMKcXVlIHRlIGF5dWRlIGNvbiBhbGdvLg==
btBLAw,,QXNrIEFib3V0IHRoZSBKZXdlbCdzIEN1cnNl,,,,,UGVyZ3VudGUgc29icmUgYSBtYWxkacOnw6NvIGRhIGpvaWE=,,UHJlZ3VudGFyIHBvciBsYSBtYWxkaWNpw7NuIGRlIGxhIGpveWE=
b9BLAw,,U2hvdyBPZmYgSmV3ZWw=,,,,,TW9zdHJlIHN1YSBqb2lh,,UHJlc3VtaXIgZGUgbGEgam95YQ==
cNBLAw,,W0FyY2hlb2xvZ2lzdF0KVGhlIGpld2VsJ3MgY3Vyc2U/CkhhaCEgWW91IGJlbGlldmUgaW4gdGhhdApvbGQgc3VwZXJzdGl0aW9uPyBPaCwgc28KeW91IHdhbnRlZCB0byBicmVhayB0aGUKamV3ZWwncyBjdXJzZT8gTW1wZi4gSGFoYWghCllvdSdyZSBub3QgZGVhZCB5ZXQsIHJpZ2h0Pw==,,,,,W0FycXVlw7Nsb2dvXQpBIG1hbGRpw6fDo28gZGEgam9pYT8KQWghIFZvY8OqIGFjcmVkaXRhIG5lc3NhCnZlbGhhIHN1cGVyc3Rpw6fDo28/IEFoLCBlbnTDo28Kdm9jw6ogcXVlcmlhIHF1ZWJyYXIgYSBtYWxkacOnw6NvIGRhIGpvaWE/IApNbXBmLiBIYWhhaCEKVm9jw6ogYWluZGEgbsOjbyBlc3TDoSBtb3J0bywgY2VydG8/,,W0FycXVlw7Nsb2dvXQrCv0xhIG1hbGRpY2nDs24gZGUgbGEgam95YT8KwqFKYSEgwr9DcmVlcyBlbiBlc2EKdmllamEgc3VwZXJzdGljacOzbj8gT2gsIGFzw60gcXVlLArCv3F1ZXLDrWFzIHJvbXBlcgpsYSBtYWxkaWNpw7NuIGRlIGxhIGpveWE/IFBmZmYuIApBw7puIG5vIG1vcmlzdGUsIMK/dmVyZGFkPw==
cdBLAw,,W0FyY2hlb2xvZ2lzdF0KSXQncyBhbGwgYSBsb2FkIG9mIGJ1bmshCk9ubHkgb25lIG1hbiBkaWVkIHdoaWxlCmtlZXBpbmcgdGhpcyBqZXdlbCBpbiBoaXMKcG9zc2Vzc2lvbiwgdGhhdCBnYW1ibGVyIGluCkNvbW9kbyB0aGF0IHVzZWQgaXQgdG8gcGF5Cm9mZiBoaXMgZ2FtYmxpbmcgZGVidHMu,,,,,W0FycXVlw7Nsb2dvXQrDiSB0dWRvIHVtIG1vbnRlIGRlIGJlc3RlaXJhIQpBcGVuYXMgdW0gaG9tZW0gbW9ycmV1IGVucXVhbnRvCm1hbnRlbmRvIGVzc2Egam9pYSBlbSBzdWEKcG9zc2UsIGFxdWVsZSBqb2dhZG9yIGVtCkNvbW9kbyBxdWUgYSB1c291IHBhcmEgcGFnYXIKc3VhcyBkw612aWRhcyBkZSBqb2dvLg==,,W0FycXVlw7Nsb2dvXQrCoUVzIHRvZG8gdW4gbW9udMOzbiBkZSB0b250ZXLDrWFzIQpTb2xvIHVuIGhvbWJyZSBtdXJpw7MgbWllbnRyYXMKZXJhIGVsIGR1ZcOxbyBkZSBlc3RhIGpveWEsCmVzZSBqdWdhZG9yIGRlCkNvbW9kbyBxdWUgbGEgdXRpbGl6w7MgcGFyYSBwYWdhcgpzdXMgZGV1ZGFzIGRlIGp1ZWdvLg==
ctBLAw,,W0FyY2hlb2xvZ2lzdF0KVGhpcyBqZXdlbCBoYXBwZW5lZCB0byBiZQpsb3N0IGZvciBhIGxvbmcgdGltZSwgYW5kIGl0Cmp1c3QgcmVhcHBlYXJlZC4gVGhhdCdzIGFsbC4KTG90cyBvZiBteXRocyBhbmQgbGVnZW5kcwpzdXJyb3VuZCBleHRyZW1lbHkgdmFsdWFibGUKZ2VtcyBsaWtlIHRoaXMgb25lLg==,,,,,W0FycXVlw7Nsb2dvXQpFc3NhIGpvaWEgZmljb3UgcGVyZGlkYQpwb3IgdW0gbG9uZ28gdGVtcG8sIGUKc2ltcGxlc21lbnRlIHJlYXBhcmVjZXUuCklzc28gw6kgdHVkby4gTXVpdG9zIG1pdG9zCmUgbGVuZGFzIGNlcmNhbSBqb2lhcwpleHRyZW1hbWVudGUgdmFsaW9zYXMgY29tbyBlc3NhLg==,,W0FycXVlw7Nsb2dvXQpSZXN1bHRhIHF1ZSBlc3RhIGpveWEKZXN0dXZvIHBlcmRpZGEgZHVyYW50ZSBtdWNobyB0aWVtcG8geQphY2FiYSBkZSByZWFwYXJlY2VyLiBFc28gZXMgdG9kby4KSGF5IG11Y2hvcyBtaXRvcyB5IGxleWVuZGFzCmFscmVkZWRvciBkZSBqb3lhcyBleHRyZW1hZGFtZW50ZSB2YWxpb3Nhcwpjb21vIGVzdGEu
c9BLAw,,W0FyY2hlb2xvZ2lzdF0KQW55d2F5LCB0aGVyZSdzIG5vIGN1cnNlLgpCZWxpZXZlIHdoYXQgeW91IHdhbnQgdG8sCmJ1dCB0aGF0IGhhcHBlbnMgdG8gYmUgbXkKcHJvZmVzc2lvbmFsIG9waW5pb24sCmJhc2VkIG9uIG15IHJlc2VhcmNoLg==,,,,,W0FycXVlw7Nsb2dvXQpEZSBxdWFscXVlciBmb3JtYSwgbsOjbyBow6EgbWFsZGnDp8Ojby4KQWNyZWRpdGUgbm8gcXVlIHZvY8OqIHF1aXNlciwKbWFzIGVzc2Egw6kgYSBtaW5oYQpvcGluacOjbyBwcm9maXNzaW9uYWwsCmJhc2VhZGEgZW0gbWluaGEgcGVzcXVpc2Eu,,W0FycXVlw7Nsb2dvXQpFbiBmaW4sIG5vIGhheSBuaW5ndW5hIG1hbGRpY2nDs24uCkNyZWUgbG8gcXVlIHF1aWVyYXMsCnBlcm8gcmVzdWx0YSBxdWUgZXNhIGVzIG1pCm9waW5pw7NuIHByb2Zlc2lvbmFsLApmdW5kYW1lbnRhZGEgcG9yIG1pIGludmVzdGlnYWNpw7NuLg==
dNBLAw,,W0FyY2hlb2xvZ2lzdF0KV293Li4uClRoYXQgamV3ZWwgc3VyZQppcyBmcmVha2luJyBodWdlLi4u,,,,,W0FycXVlw7Nsb2dvXQpVYXUuLi4KRXNzYSBqb2lhIGNvbSBjZXJ0ZXphCsOpIGVub3JtZS4uLg==,,W0FycXVlw7Nsb2dvXQpHdWF14oCmCkRpYWJsb3MsIGRlZmluaXRpdmFtZW50ZSBlc2Egam95YQplcyBkZW1hc2lhZG8gZW5vcm1lLi4u
ddBLAw,,W0FyY2hlb2xvZ2lzdF0KWW91IGxvc3QgdGhlIGpld2VsPwpXZWxsLCBtYXliZSBpdCdzIG5vdAphbGwgYmFkLiBIaXN0b3J5IHNob3dzCnRoYXQgbWFueSBwZW9wbGUgd2VyZQpydWluZWQgYnkgc3VkZGVubHkgY29taW5nCnVwb24gdmFzdCBmb3J0dW5lcywgeW91IGtub3c/,,,,,W0FycXVlw7Nsb2dvXQpWb2PDqiBwZXJkZXUgYSBqb2lhPwpCZW0sIHRhbHZleiBuw6NvIHNlamEKdHVkbyBydWltLiBBIGhpc3TDs3JpYSBtb3N0cmEKcXVlIG11aXRhcyBwZXNzb2FzIGZvcmFtCmFycnVpbmFkYXMgYW8gc2UgZGVwYXJhcmVtIHJlcGVudGluYW1lbnRlCmRlIGdyYW5kZXMgZm9ydHVuYXMsIHNhYmU/,,W0FycXVlw7Nsb2dvXQrCv1BlcmRpc3RlIGxhIGpveWE/CkJ1ZW5vLCB0YWwgdmV6IG5vIHRvZG8gCmVzIG1hbG8uIExhIGhpc3RvcmlhIGRlbXVlc3RyYQpxdWUgbXVjaGFzIHBlcnNvbmFzCnF1ZWRhcm9uIGFycnVpbmFkYXMgcG9yIHRvcGFyc2UgZGUgcmVwZW50ZQpjb24gZm9ydHVuYXMgZ3JhbmRlcywgwr9zYWJlcz8=
dtBLAw,,W0FyY2hlb2xvZ2lzdF0KVGhlIHZpbmRpY3RpdmUgc291bApvZiBhIHdhcnJpb3IgaXMganVzdApkcmlmdGluZyBhcm91bmQgaW4gdGhlCndvcmxkIG9mIHRoZSBsaXZpbmc/CkkgZG9uJ3QgdGhpbmsgSSB3YW50IHRvCmJlbGlldmUgd2hhdCB5b3UncmUgc2F5aW5nLg==,,,,,W0FycXVlw7Nsb2dvXQpBIGFsbWEgdmluZ2F0aXZhCmRlIHVtIGd1ZXJyZWlybyBlc3TDoSBhcGVuYXMKw6AgZGVyaXZhIG5vCm11bmRvIGRvcyB2aXZvcz8KQWNobyBxdWUgbsOjbyBxdWVybwphY3JlZGl0YXIgbm8gcXVlIHZvY8OqIGVzdMOhIGRpemVuZG8u,,W0FycXVlw7Nsb2dvXQrCv0VsIGFsbWEgdmVuZ2F0aXZhCmRlIHVuIGd1ZXJyZXJvIGVzdMOhIAphIGxhIGRlcml2YSBlbiBlbAplbCBtdW5kbyBkZSBsb3Mgdml2b3M/Ck1lIHBhcmVjZQpxdWUgbm8gcXVpZXJvIGNyZWVyIGxvIHF1ZSBkaWNlcy4=
d9BLAw,,W0FyY2hlb2xvZ2lzdF0KSSBwZXJzb25hbGx5IGZlZWwgdGhhdApvbGQgc2hhbWFuJ3MgYSBmcmF1ZCwgYnV0Li4uCllvdSBzaG91bGQgaGF2ZSB0aGUgZnJlZWRvbQp0byBkZWNpZGUgd2hhdCB5b3UgYmVsaWV2ZS4KQnV0IGRvbid0IGxldCBpdCBib3RoZXIgeW91Lg==,,,,,W0FycXVlw7Nsb2dvXQpQZXNzb2FsbWVudGUsIGFjaG8gcXVlIG8KdmVsaG8geGFtw6Mgw6kgdW1hIGZyYXVkZSwgbWFzLi4uClZvY8OqIGRldmUgdGVyIGEgbGliZXJkYWRlCnBhcmEgZGVjaWRpciBubyBxdWUgYWNyZWRpdGEuCk1hcyBuw6NvIGRlaXhlIHF1ZSBpc3NvIG8gaW5jb21vZGUu,,W0FycXVlw7Nsb2dvXQpQZXJzb25hbG1lbnRlIGNyZW8gcXVlCmVsIHZpZWpvIGNoYW3DoW4gZXMgdW4gZnJhdWRlLCBwZXJvLi4uCkRlYmVyw61hcyB0ZW5lciBsYSBsaWJlcnRhZApkZSBkZWNpZGlyIGVuIHF1w6kgY3JlZXIuClBlcm8gcXVlIG5vIHRlIG1vbGVzdGUu
eNBLAw,,W0FyY2hlb2xvZ2lzdF0KQXJlIHlvdSB0YWxraW5nIGFib3V0Cmdob3N0cyBhZ2Fpbj8gRmluZS4gRm9yCnRoZSBzYWtlIG9mIHRoZSBhcmd1bWVudCwKbGV0J3Mgc2F5IHRoZSBqZXdlbCBhY3R1YWxseQpwb3NzZXNzZXMgdGhlIHNvdWwgb2YKc29tZSBmYWxsZW4gd2Fycmlvci4=,,,,,W0FycXVlw7Nsb2dvXQpWb2PDqiBlc3TDoSBmYWxhbmRvIGRlCmZhbnRhc21hcyBkZSBub3ZvPyBUdWRvIGJlbS4gClBhcmEgbyBiZW0gZGEgZGlzY3Vzc8OjbywKZGlnYW1vcyBxdWUgYSBqb2lhIHJlYWxtZW50ZQpwb3NzdWkgYSBhbG1hIGRlCmFsZ3VtIGd1ZXJyZWlybyBjYcOtZG8u,,W0FycXVlw7Nsb2dvXQrCv0VzdMOhcyBoYWJsYW5kbyBkZQpmYW50YXNtYXMgb3RyYSB2ZXo/IEVzdMOhIGJpZW4uIFBvbmdhbW9zCnBvciBjYXNvCnF1ZSBsYSBqb3lhIGVuIHJlYWxpZGFkCnBvc2VlIGVsIGFsbWEgZGUKYWxnw7puIGd1ZXJyZXJvIGNhw61kby4=
edBLAw,,W0FyY2hlb2xvZ2lzdF0KSXQncyBub3QgdW5mYXRob21hYmxlIGZvcgpwZW9wbGUgd2l0aCBodWdlIGRlYnRzIHRvCmtpbGwgdGhlbXNlbHZlcywgb3IgZm9yCndhcnJpb3JzIHRvIHBlcmlzaCB3aGlsZQpmaWdodGluZyBDb2JvbGRzLiBTdGlsbC4uLgpJJ2xsIHNlZSB3aGF0IEkgY2FuIGxlYXJuLg==,,,,,W0FycXVlw7Nsb2dvXQpOw6NvIMOpIGluY29tcHJlZW5zw612ZWwgcXVlCnBlc3NvYXMgY29tIGdyYW5kZXMgZMOtdmlkYXMgc2UgbWF0ZW0sIApvdSBxdWUgZ3VlcnJlaXJvcyBtb3JyYW0gZW5xdWFudG8KbHV0YW5kbyBjb250cmEgQ29ib2xkcy4gCk1lc21vIGFzc2ltLi4uClZlcmVpIG8gcXVlIHBvc3NvIGFwcmVuZGVyLg==,,W0FycXVlw7Nsb2dvXQpFbCBzdWljaWRpbyBubyBlcyBpbmNvbXByZW5zaWJsZSBwYXJhCmxhcyBwZXJzb25hcyBjb24gZGV1ZGFzIGVub3JtZXMKbmkgbGEgbXVlcnRlIGxvIGVzIHBhcmEgbG9zCmd1ZXJyZXJvcyBtaWVudHJhcwpsdWNoYW4gY29udHJhIENvYm9sZHMuIEF1biBhc8Ot4oCmClZlcsOpIHF1w6kgcHVlZG8gZGVzY3VicmlyLg==
etBLAw,,W0FyY2hlb2xvZ2lzdF0KVGhhdCByZW1pbmRzIG1lLi4uCkkndmUgZ290IHNvbWUgcmVjb3JkcyBhYm91dAphbiBhZHZlbnR1cmVyIGdyb3VwIHRoYXQgZGllZAppbiB0aGUgZmllbGQgd2VzdCBvZiBHZWZmZW4KdGhhdCB5b3Ugd2VyZSB0YWxraW5nIGFib3V0LgpMZXQgbWUgc2VlIGlmIEkgY2FuIGZpbmQgdGhlbS4=,,,,,W0FycXVlw7Nsb2dvXQpJc3NvIG1lIGxlbWJyYS4uLgpUZW5obyBhbGd1bnMgcmVnaXN0cm9zIHNvYnJlCnVtIGdydXBvIGRlIGF2ZW50dXJlaXJvcyBxdWUgbW9ycmV1Cm5vIGNhbXBvIGEgb2VzdGUgZGUgR2VmZmVuCnNvYnJlIG8gcXVhbCB2b2PDqiBlc3RhdmEgZmFsYW5kby4KRGVpeGUtbWUgdmVyIHNlIGNvbnNpZ28gZW5jb250csOhLWxvcy4=,,W0FycXVlw7Nsb2dvXQpFc28gbWUgcmVjdWVyZGHigKYKVGVuZ28gYWxndW5vcyByZWdpc3Ryb3Mgc29icmUKdW4gZ3J1cG8gZGUgdHJvdGFtdW5kb3MgcXVlIG11cmnDsyAKZW4gZWwgY2FtcG8gcXVlIGVzdMOhIGFsIG9lc3RlIGRlIEdlZmZlbgpkZWwgcXVlIGhhYmxhYmFzLgpBIHZlciBzaSBsb3MgZW5jdWVudHJvLg==
e9BLAw,,W0FyY2hlb2xvZ2lzdF0KQWgsIHlvdSdyZSBiYWNrISBJIGZvdW5kCnRob3NlIHJlY29yZHMgSSB0b2xkIHlvdQphYm91dC4gSXQncyBhIHdpdG5lc3MncwphY2NvdW50IG9mIHdoYXQgaGFwcGVuZWQKd2hlbiB0aG9zZSBwZW9wbGUgZGllZAp3ZXN0IG9mIEdlZmZlbi4=,,,,,W0FycXVlw7Nsb2dvXQpBaCwgdm9jw6ogZXN0w6EgZGUgdm9sdGEhIEV1IGVuY29udHJlaQpvcyByZWdpc3Ryb3MgZGUgcXVlIGxoZSBmYWxlaS4gCsOJIG8gcmVsYXRvIGRlIHVtYSB0ZXN0ZW11bmhhIApkbyBxdWUgYWNvbnRlY2V1CnF1YW5kbyBhcXVlbGFzIHBlc3NvYXMgbW9ycmVyYW0KYSBvZXN0ZSBkZSBHZWZmZW4u,,W0FycXVlw7Nsb2dvXQpBaCwgdm9sdmlzdGUuIFkgZW5jb250csOp4oCmCmVzb3MgcmVnaXN0cm9zIGRlIGxvcyBxdWUgdGUKaGFibMOpLiBFcyBlbCByZWxhdG8KZGUgdW4gdGVzdGlnbyBhY2VyY2EgZGUgbG8gcXVlIHN1Y2VkacOzIApjdWFuZG8gZXNhcyBwZXJzb25hcyBtdXJpZXJvbgphbCBvZXN0ZSBkZSBHZWZmZW4u
fNBLAw,,W0FyY2hlb2xvZ2lzdF0KV2hhdCdzIGludGVyZXN0aW5nIGlzIHRoYXQKdGhlIHdhcnJpb3IgeW91IGtlZXAgdGFsa2luZwphYm91dCB3YXNuJ3Qga2lsbGVkIGJ5IENvYm9sZHMKYXQgYWxsLCBhY2NvcmRpbmcgdG8gd2hhdCB0aGlzCmd1eSB3cm90ZS4gTGV0J3Mgc2VlLi4uCkFoLCBpdCdzIG92ZXIgaGVyZS4=,,,,,W0FycXVlw7Nsb2dvXQpPIHF1ZSDDqSBpbnRlcmVzc2FudGUgw6kgcXVlCm8gZ3VlcnJlaXJvIHF1ZSB2b2PDqiBjb250aW51YSBmYWxhbmRvCm7Do28gZm9pIG1vcnRvIHBvciBDb2JvbGRzCmRlIGFjb3JkbyBjb20gbyBxdWUgZXNzZQpjYXJhIGVzY3JldmV1LiBWYW1vcyB2ZXIuLi4KQWgsIGVzdMOhIGFxdWku,,W0FycXVlw7Nsb2dvXQpMbyBpbnRlcmVzYW50ZSBlcyBxdWUKYWwgZ3VlcnJlcm8gcXVlIHRlIGxhIHBhc2FzIG1lbmNpb25hbmRvCm5pIGxvIG1hdGFyb24gbG9zIENvYm9sZHMKZW4gYWJzb2x1dG8sIHNlZ8O6biBsbyBxdWUgZXN0ZQplbCB0aXBvIGVzY3JpYmnDsy4gVmVhbW9z4oCmCkFoLCBlc3TDoSBwb3IgYXF1w60u
fdBLAw,,W0FyY2hlb2xvZ2lzdF0KJydeNjY2NjY2V2hlbiB0aGUgY2hpZWYgYW5kIGhpcwpzb2xkaWVycyBhcnJpdmVkLCB0aGUgYmF0dGxlCndhcyBvdmVyLiBEZWFkIGJvZGllcyBsYXkKZXZlcnl3aGVyZSwgYnV0IHRoZXJlIHdhcwpvbmUgd2FycmlvciBjb3ZlcmVkIGluIGJsb29kLApoYWxmIGNvbnNjaW91cywgYnV0IGxpdmluZy5eMDAwMDAwJyc=,,,,,W0FycXVlw7Nsb2dvXQonJ142NjY2NjZRdWFuZG8gbyBjaGVmZSBlIHNldXMKc29sZGFkb3MgY2hlZ2FyYW0sIGEgYmF0YWxoYQpoYXZpYSB0ZXJtaW5hZG8uIE9zIGNhZMOhdmVyZXMgZXN0YXZhbQpwb3IgdG9kYSBwYXJ0ZSwgbWFzIGhhdmlhCnVtIGd1ZXJyZWlybyBjb2JlcnRvIGRlIHNhbmd1ZSwKbWVpbyBjb25zY2llbnRlLCBtYXMgdml2by5eMDAwMDAwJyc=,,W0FycXVlw7Nsb2dvXQrigJxeNjY2NjY2Q3VhbmRvIGVsIGplZmUgeSBzdXMKc29sZGFkb3MgbGxlZ2Fyb24sIGxhIGJhdGFsbGEKaGFiw61hIHRlcm1pbmFkby4gTG9zIGNhZMOhdmVyZXMgeWFjw61hbgpwb3IgZG9xdWllci4gU2luIGVtYmFyZ28sIGhhYsOtYQp1biBndWVycmVybyBjdWJpZXJ0byBkZSBzYW5ncmUsCnNlbWljb25zY2llbnRlIHBlcm8gdml2b14wMDAwMDDigJ0u
ftBLAw,,W0FyY2hlb2xvZ2lzdF0KU3RyYW5nZSwgaXNuJ3QgaXQ/ClRoaXMgaXMgZnJvbSBhIGpvdXJuYWwKd3JpdHRlbiBieSBhIHJldGlyZWQgc29sZGllcgp0aGF0IGxpdmVzIGluIFByb250ZXJhIG5vdy4KSXQgbWlnaHQgYmUgYSBnb29kIGlkZWEgdG8Kc2VlIGlmIHlvdSBjYW4gdGFsayB0byBoaW0u,,,,,W0FycXVlw7Nsb2dvXQpFc3RyYW5obywgbsOjbyDDqT8KSXNzbyDDqSBkZSB1bSBkacOhcmlvCmVzY3JpdG8gcG9yIHVtIHNvbGRhZG8gYXBvc2VudGFkbwpxdWUgdml2ZSBlbSBQcm9udGVyYSBhdHVhbG1lbnRlLgpUYWx2ZXogc2VqYSB1bWEgYm9hIGlkZWlhCnZlciBzZSB2b2PDqiBjb25zZWd1ZSBmYWxhciBjb20gZWxlLg==,,W0FycXVlw7Nsb2dvXQpFeHRyYcOxbywgwr92ZXJkYWQ/CkVzdG8gZXMgZGUgdW4gZGlhcmlvCnF1ZSBlc2NyaWJpw7MgdW4gc29sZGFkbyByZXRpcmFkbwpxdWUgYWhvcmEgdml2ZSBlbiBQcm9udGVyYS4KU2Vyw61hIGJ1ZW5hIGlkZWEKcXVlIHRyYXRhcmFzIGRlIGhhYmxhciBjb24gw6lsLg==
f9BLAw,,W0FyY2hlb2xvZ2lzdF0KVGhlcmUncyBhIHJldGlyZWQgc29sZGllcgp0aGF0IGFjdHVhbGx5IHdpdG5lc3NlZCB3aGF0CmhhcHBlbmVkIGluIHRoZSBmaWVsZCB3ZXN0Cm9mIEdlZmZlbi4gWW91IHNob3VsZCB0cnkKdG8gZmluZCBoaW0gaW4gUHJvbnRlcmEsIGFuZApzZWUgd2hhdCB5b3UgY2FuIGxlYXJuLg==,,,,,W0FycXVlw7Nsb2dvXQpIw6EgdW0gc29sZGFkbyBhcG9zZW50YWRvCnF1ZSByZWFsbWVudGUgdGVzdGVtdW5ob3UgbyBxdWUKYWNvbnRlY2V1IG5vIGNhbXBvIGEgb2VzdGUgZGUgR2VmZmVuLiAKVm9jw6ogZGV2ZSB0ZW50YXIKZW5jb250csOhLWxvIGVtIFByb250ZXJhIAplIHZlciBvIHF1ZSB2b2PDqiBwb2RlIGFwcmVuZGVyLg==,,W0FycXVlw7Nsb2dvXQpIYXkgdW4gc29sZGFkbyByZXRpcmFkbwpxdWUgc8OtIGZ1ZSB0ZXN0aWdvIGRlIGxvIHF1ZQpvY3VycmnDsyBlbiBlbCBjYW1wbyBvZXN0ZQpkZSBHZWZmZW4uIERlYmVyw61hcyB0cmF0YXIgZGUKZW5jb250cmFybG8gZW4gUHJvbnRlcmEsIGEKdmVyIHF1w6kgcHVlZGVzIGF2ZXJpZ3Vhci4=
gNBLAw,,W0FyY2hlb2xvZ2lzdF0KQWgsIHRoYXQncy4uLiBUaGF0J3MKdmVyeSBwcm9mb3VuZC4gVGhhdCBvbmUKd2FycmlvciB3ZW50IGJlcnNlcmsgd2hlbgpoZSByZWFsaXplZCBoZSB3YXMgdG9vIHdlYWsKdG8gcHJvdGVjdCBoaXMgY29tcmFkZXM/CkhlIGxvc3QgdG90YWwgY29udHJvbC4uLg==,,,,,W0FycXVlw7Nsb2dvXQpBaCwgaXNzbyDDqS4uLiBJc3NvIMOpCm11aXRvIHByb2Z1bmRvLiBBcXVlbGUKZ3VlcnJlaXJvIGZpY291IGZ1cmlvc28gcXVhbmRvCnBlcmNlYmV1IHF1ZSBlcmEgZnJhY28gZGVtYWlzCnBhcmEgcHJvdGVnZXIgc2V1cyBjb21wYW5oZWlyb3M/CkVsZSBwZXJkZXUgbyBjb250cm9sZSB0b3RhbC4uLg==,,W0FycXVlw7Nsb2dvXQpBaCwgZXNvIGVzLi4uIEVzbyBlcwptdXkgcHJvZnVuZG8uIMK/RXNlCmd1ZXJyZXJvIGVubG9xdWVjacOzIGN1YW5kbwpzZSBkaW8gY3VlbnRhIGRlIHF1ZSBlcmEgZGVtYXNpYWRvIGTDqWJpbApwYXJhIHByb3RlZ2VyIGEgc3VzIGNhbWFyYWRhcz8KUGVyZGnDsyBlbCBjb250cm9sIHRvdGFsLi4u
gdBLAw,,W0FyY2hlb2xvZ2lzdF0KSSBiZXR0ZXIgdGFsayB0byB0aGF0Cm9sZCBzb2xkaWVyIGFuZCBnZXQgdGhlCmZ1bGwgc3Rvcnkgb24gcmVjb3JkLgpJdCdsbCBiZSBhIHJlYWxseSBnb29kIGhpc3RvcnkKbGVzc29uIGZvciBTd29yZG1lbiBldmVyeXdoZXJlLgpUaGFuayB5b3UgZm9yIGxldHRpbmcgbWUga25vdy4=,,,,,W0FycXVlw7Nsb2dvXQrDiSBtZWxob3IgZXUgZmFsYXIgY29tIGFxdWVsZQp2ZWxobyBzb2xkYWRvIGUgb2J0ZXIgYQpoaXN0w7NyaWEgY29tcGxldGEgbm8gcmVnaXN0cm8uClNlcsOhIHVtYSDDs3RpbWEgbGnDp8OjbyBkZSBoaXN0w7NyaWEgCnBhcmEgb3MgRXNwYWRhY2hpbnMgZGUgdG9kbyBvIG11bmRvLgpPYnJpZ2FkbyBwb3IgbWUgaW5mb3JtYXIu,,W0FycXVlw7Nsb2dvXQpTZXLDoSBtZWpvciBxdWUgaGFibGUgY29uIGVzZQp2aWVqbyBzb2xkYWRvIHkgZG9jdW1lbnRlCmxhIGhpc3RvcmlhIGNvbXBsZXRhLgpTZXLDoSB1bmEgbXV5IGJ1ZW5hCmxlY2Npw7NuIGRlIGhpc3RvcmlhIHBhcmEgbG9zIEVzcGFkYWNoaW5lcyBkZSB0b2RvIGVsIG11bmRvLgpHcmFjaWFzIHBvciBhdmlzYXJtZS4=
gtBLAw,,W0FyY2hlb2xvZ2lzdF0KSSdtIHNvIGJ1c3khIExpc3RlbiwKd291bGQgeW91IG1pbmQgY29taW5nCmJhY2sgbGF0ZXIgd2hlbiBJJ20gbm90CnNvIHN3YW1wZWQgd2l0aCB3b3JrPw==,,,,,W0FycXVlw7Nsb2dvXQpFc3RvdSBtdWl0byBvY3VwYWRvISBPdcOnYSwKdm9jw6ogc2UgaW1wb3J0YXJpYSBkZSB2b2x0YXIgbWFpcyB0YXJkZSwgCnF1YW5kbyBldSBuw6NvIGVzdGl2ZXIKdMOjbyBhdG9sYWRvIGRlIHRyYWJhbGhvPw==,,W0FycXVlw7Nsb2dvXQrCoUVzdG95IG11eSBvY3VwYWRvISBFc2N1Y2hhLArCv3RlIG1vbGVzdGFyw61hIHZvbHZlcgptw6FzIHRhcmRlIGN1YW5kbyBubyBlc3TDqQp0YW4gc2F0dXJhZG8gZGUgdHJhYmFqbz8=
g9BLAw,,T2xkIFNvbGRpZXI=,,,,,VmVsaG8gU29sZGFkbw==,,U29sZGFkbyByZXRpcmFkbw==
hNBLAw,,W1JldGlyZWQgU29sZGllcl0KV2h5IGFyZSB5b3UgY2FycnlpbmcKc28gbXVjaCBzdHVmZiB3aXRoIHlvdT8KSXNuJ3QgdGhlcmUgYSBLYWZyYSBTdG9yYWdlCnNlcnZpY2UgZm9yIGtlZXBpbmcgeW91ciBqdW5rPw==,,,,,W1NvbGRhZG8gYXBvc2VudGFkb10KUG9yIHF1ZSBlc3TDoSBjYXJyZWdhbmRvCnRhbnRhcyBjb2lzYXMgY29tIHZvY8OqPwpOw6NvIGV4aXN0ZSB1bSBzZXJ2acOnbyBkZSBBcm1hesOpbSBkYSBLYWZyYQpwYXJhIGd1YXJkYXIgc3VhcyB0cmFsaGFzPw==,,W1NvbGRhZG8gcmV0aXJhZG9dCsK/UG9yIHF1w6kgbGxldmFzCnRhbnRhcyBjb3Nhcz8Kwr9ObyBoYXkgdW4gc2VydmljaW8gZGUgQWxtYWPDqW4gZGUgS2FmcmEKcGFyYSBndWFyZGFyIHR1cyBjYWNoaXZhY2hlcz8=
hdBLAw,,W1JldGlyZWQgU29sZGllcl0KSXQncyBzdHJhbmdlIHRoYXQgc28KbWFueSBwZW9wbGUgaGF2ZSBiZWVuCndhbnRpbmcgdG8gdGFsayB0byBtZSBmb3IKc29tZSByZWFzb24sIGJ1dCBJJ2xsCmFkbWl0IHRoYXQgaXQncyBraW5kIG9mIG5pY2Uu,,,,,W1NvbGRhZG8gYXBvc2VudGFkb10Kw4kgZXN0cmFuaG8gcXVlIHRhbnRhcyAKcGVzc29hcyBlc3RlamFtIHF1ZXJlbmRvIApmYWxhciBjb21pZ28gcG9yIGFsZ3VtIAptb3Rpdm8sIG1hcyBhZG1pdG8gcXVlIArDqSB1bSBwb3VjbyBhZ3JhZMOhdmVsLg==,,W1NvbGRhZG8gcmV0aXJhZG9dCkVzIGV4dHJhw7FvIHF1ZSwgcG9yIGFsZ3VuYSByYXrDs24sCnRhbnRhcyBwZXJzb25hcyBxdWllcmFuCmhhYmxhciBjb25taWdvCnBlcm8KYWRtaXRvIHF1ZSBzZSBzaWVudGUgdW4gcG9jbyBiaWVuLg==
htBLAw,,QXNrIEFib3V0IFBhc3QgQmF0dGxlcw==,,,,,UGVyZ3VudGUgc29icmUgYmF0YWxoYXMgYW50ZXJpb3Jlcw==,,UHJlZ3VudGFyIHBvciBiYXRhbGxhcyBwYXNhZGFz
h9BLAw,,QXNrIEFib3V0IEZhbGxlbiBXYXJyaW9y,,,,,UGVyZ3VudGUgc29icmUgbyBGYWxsZW4gV2Fycmlvcg==,,UHJlZ3VudGFyIHBvciBlbCBndWVycmVybyBjYcOtZG8=
iNBLAw,,W1JldGlyZWQgU29sZGllcl0KRG9uJ3QgZ2V0IG1lIHN0YXJ0ZWQuCk9uY2UgSSBzdGFydCB0YWxraW5nIGFib3V0CnRoZSBvbGQgZGF5cywgSSdsbCBnbyBvbiBhbGwKbmlnaHQuIFRob3NlIHdlcmUgcmVhbCBoYXJkCnRpbWVzIHRvIGxpdmUgdGhyb3VnaCwgYnV0IGdvb2QKbWVtb3JpZXMgdG8gcmVtZW1iZXIuLi4=,,,,,W1NvbGRhZG8gYXBvc2VudGFkb10KTsOjbyBtZSBmYcOnYSBjb21lw6dhci4KUXVhbmRvIGNvbWXDp28gYSBmYWxhciBzb2JyZSAKb3MgdmVsaG9zIHRlbXBvcywgCnZvdSBjb250aW51YXIgcG9yIHRvZGEgYQpub2l0ZS4gRm9yYW0gdGVtcG9zIG11aXRvIGRpZsOtY2VpcyBkZSB2aXZlciwgCm1hcyBib2FzIGxlbWJyYW7Dp2FzIHBhcmEgcmVjb3JkYXIuLi4=,,W1NvbGRhZG8gcmV0aXJhZG9dCk5vIG1lIGhhZ2FzIGhhYmxhci4KVW5hIHZleiBxdWUgZW1waWV6byBhIGhhYmxhciBkZQpsb3Mgdmllam9zIHRpZW1wb3MsIG5vIHBhcm8gZW4gdG9kYSBsYQpub2NoZS4gRXNhIGZ1ZSB1bmEgw6lwb2NhIGRpZsOtY2lsCmRlIGF0cmF2ZXNhciwgcGVybyBkZWrDsyAKYnVlbm9zIHJlY3VlcmRvcy4uLg==
idBLAw,,W1JldGlyZWQgU29sZGllcl0KVGhlIGZhbGxlbiB3YXJyaW9yLi4uPwpUaGVyZSdzIG9ubHkgb25lIHRoYXQgYnJpbmdzCmEgY2hpbGwgZG93biBteSBzcGluZSB3aGVuZXZlcgpJIHRoaW5rIG9mIGhpbS4gSGUgd2FzIGFib3V0CnlvdXIgYWdlIHdoZW4gaXQgaGFwcGVuZWQuLi4=,,,,,W1NvbGRhZG8gYXBvc2VudGFkb10KTyBndWVycmVpcm8gY2HDrWRvLi4uPwpIw6EgYXBlbmFzIHVtIHF1ZSB0cmF6CnVtIGNhbGFmcmlvIGVtIG1pbmhhIGVzcGluaGEgc2VtcHJlIApxdWUgcGVuc28gbmVsZS4gRWxlIHRpbmhhIG1haXMgb3UgbWVub3MKc3VhIGlkYWRlIHF1YW5kbyBpc3NvIGFjb250ZWNldS4uLg==,,W1NvbGRhZG8gcmV0aXJhZG9dCsK/RWwgZ3VlcnJlcm8gY2HDrWRvLi4uPwpTb2xvIGhheSB1bm8gcXVlIG1lCmRhIGVzY2Fsb2Zyw61vcyBjYWRhIHZleiBxdWUKcGllbnNvIGVuIMOpbC4gw4lsIHRlbsOtYSBtw6FzIG8gbWVub3MKdHUgZWRhZCBjdWFuZG8gb2N1cnJpw7MuLi4=
itBLAw,,W1JldGlyZWQgU29sZGllcl0KV2UgcmVjZWl2ZWQgYSByZXBvcnQgYWJvdXQKYSBDb2JvbGQgdGhyZWF0LCBzbyB3ZSB3ZXJlCmRpc3BhdGNoZWQgdG8gdGhlIGZpZWxkcwp3ZXN0IG9mIEdlZmZlbi4gQnV0IHRoZQpiYXR0bGUgd2FzIG92ZXIgb25jZSB3ZQphcnJpdmVkLiBXZSB3ZXJlIHRvbyBsYXRlLg==,,,,,W1NvbGRhZG8gYXBvc2VudGFkb10KUmVjZWJlbW9zIHVtIHJlbGF0w7NyaW8gc29icmUKdW1hIGFtZWHDp2EgZGUgQ29ib2xkLCBlbnTDo28gZm9tb3MKZW52aWFkb3MgcGFyYSBvcyBjYW1wb3MKYSBvZXN0ZSBkZSBHZWZmZW4uIE1hcyBhCmJhdGFsaGEgasOhIGhhdmlhIHRlcm1pbmFkbyBxdWFuZG8KY2hlZ2Ftb3MuIENoZWdhbW9zIHRhcmRlIGRlbWFpcy4=,,W1NvbGRhZG8gcmV0aXJhZG9dClJlY2liaW1vcyB1biBpbmZvcm1lIHNvYnJlCnVuYSBhbWVuYXphIGRlIENvYm9sZHMsIGFzw60gcXVlIG5vcwplbnZpYXJvbiBhIGxvcyBjYW1wb3MKUGVybyBsYSBiYXRhbGxhIGhhYsOtYSB0ZXJtaW5hZG8KcGFyYSBjdWFuZG8gbGxlZ2Ftb3MuCkxsZWdhbW9zIGRlbWFzaWFkbyB0YXJkZS4=
i9BLAw,,W1JldGlyZWQgU29sZGllcl0KQWxsIHRoZSBDb2JvbGRzIHdlcmUgc2xhaW4sCmJ1dC4uLiBUaGVyZSB3YXMgb25lIHdhcnJpb3IKbGVmdCwgY292ZXJlZCBpbiBibG9vZC4gV2hlbgpoZSBzYXcgdXMsIGhlIGp1c3Qgc3RhcnRlZAphdHRhY2tpbmcgZXZlcnlvbmUhIEhlCmhhZCBjb21wbGV0ZWx5IGxvc3QgaXQu,,,,,W1NvbGRhZG8gYXBvc2VudGFkb10KVG9kb3Mgb3MgQ29ib2xkcyBmb3JhbSBtb3J0b3MsCm1hcy4uLiBIYXZpYSB1bSBndWVycmVpcm8KY29iZXJ0byBkZSBzYW5ndWUuIFF1YW5kbwplbGUgbm9zIHZpdSwgY29tZcOnb3UgYQphdGFjYXIgdG9kbyBtdW5kbyEgCkVsZSBmaWNvdSBjb21wbGV0YW1lbnRlIGxvdWNvLg==,,W1NvbGRhZG8gcmV0aXJhZG9dCkFzZXNpbmFyb24gYSB0b2RvcyBsb3MgQ29ib2xkcwpwZXJv4oCmIFF1ZWRhYmEKdW4gZ3VlcnJlcm8gY3ViaWVydG8gZGUgc2FuZ3JlLiBDdWFuZG8Kbm9zIHZpbywgwqFlbXBlesOzIGEKYXRhY2FyIGEgdG9kbyBlbCBtdW5kbyEgRW5sb3F1ZWNpw7MgCnBvciBjb21wbGV0by4=
jNBLAw,,W1JldGlyZWQgU29sZGllcl0KV2UgaGFkIG5vIGNob2ljZSBidXQgdG8Ka2lsbCBoaW0uIEl0IHdhcyBzZWxmIGRlZmVuc2UsCmJ1dCBJIGNhbid0IGhlbHAgYnV0IHBpdHkgaGltLgpBbGwgaGlzIGNvbXJhZGVzIGhhZCBiZWVuCmtpbGxlZDogSSBjYW4ndCBpbWFnaW5lIGhvdwp0aGF0IG11c3QgaGF2ZSBmZWx0Lg==,,,,,W1NvbGRhZG8gYXBvc2VudGFkb10KTsOjbyB0aXZlbW9zIGVzY29saGEgYSBuw6NvIHNlcgptYXTDoS1sby4gRm9pIGVtIGxlZ8OtdGltYSBkZWZlc2EsCm1hcyBuw6NvIHBvc3NvIGRlaXhhciBkZSB0ZXIgcGVuYSBkZWxlLgpUb2RvcyBvcyBzZXVzIGNvbXBhbmhlaXJvcyBoYXZpYW0gc2lkbwptb3J0b3M6IE7Do28gY29uc2lnbyBpbWFnaW5hciBjb21vCmlzc28gZGV2ZSB0ZXIgc2lkby4=,,W1NvbGRhZG8gcmV0aXJhZG9dCk5vIHR1dmltb3MgbcOhcyByZW1lZGlvIHF1ZQptYXRhcmxvLiBGdWUgZW4gZGVmZW5zYSBwcm9waWEsCnBlcm8gbm8gcHVlZG8gZXZpdGFyIHNlbnRpciBsw6FzdGltYSBwb3Igw6lsLgpNYXRhcm9uIGEgdG9kb3Mgc3VzCmNhbWFyYWRhczogTm8gcHVlZG8gaW1hZ2luYXIgbG8gcXVlCnNpbnRpw7Mu
jdBLAw,,W1JldGlyZWQgU29sZGllcl0KV2UgYXJyaXZlZCB0b28gbGF0ZSB0bwpzZWUgdGhhdCBiYXR0bGUsIGJ1dCBJJ20KcHJldHR5IHN1cmUgaXQgd2FzIGhvcnJpZmljLgpZb3UgbXVzdCBiZSBwcmV0dHkgaW50ZXJlc3RlZAppbiBsZWFybmluZyBhYm91dCB0aGlzIHNvbGRpZXIu,,,,,W1NvbGRhZG8gYXBvc2VudGFkb10KQ2hlZ2Ftb3MgdGFyZGUgZGVtYWlzIHBhcmEgdmVyIAplc3NhIGJhdGFsaGEsIG1hcyB0ZW5obyBjZXJ0ZXphIApkZSBxdWUgZm9pIGhvcnLDrXZlbC4KVm9jw6ogZGV2ZSBlc3RhciBtdWl0byBpbnRlcmVzc2FkbwplbSBzYWJlciBtYWlzIHNvYnJlIGVzc2Ugc29sZGFkby4=,,W1NvbGRhZG8gcmV0aXJhZG9dCkxsZWdhbW9zIGRlbWFzaWFkbyB0YXJkZSBwYXJhCnZlciBlc2EgYmF0YWxsYSwgcGVybyBlc3RveQpiYXN0YW50ZSBzZWd1cm8gZGUgcXVlIGZ1ZSBob3JyaWJsZS4KRGViZXMgdGVuZXIgdW4gZ3JhbiBpbnRlcsOpcwpwb3IgYXZlcmlndWFyIG3DoXMgc29icmUgZXN0ZSBzb2xkYWRvLg==
jtBLAw,,W1JldGlyZWQgU29sZGllcl0KV2VsbCwgSSdtIGp1c3QgZ2xhZCB0aGF0IHlvdQp3ZXJlIGFibGUgdG8ga25vdyBtb3JlCmFib3V0IHRoaXMgc3RvcnkuIFRoZXJlJ3MKbXVjaCB5b3UgY2FuIGxlYXJuIGZyb20Kb3RoZXIgcGVvcGxlJ3MgZXhwZXJpZW5jZXMu,,,,,W1NvbGRhZG8gYXBvc2VudGFkb10KQmVtLCBmaWNvIGZlbGl6IHF1ZSB2b2PDqgp0ZW5oYSBjb25zZWd1aWRvIHNhYmVyIG1haXMKc29icmUgZXNzYSBoaXN0w7NyaWEuIEjDoQptdWl0byBxdWUgdm9jw6ogcG9kZSBhcHJlbmRlciBjb20KZXhwZXJpw6puY2lhcyBkZSBvdXRyYXMgcGVzc29hcy4=,,W1NvbGRhZG8gcmV0aXJhZG9dCkJ1ZW5vLCBtZSBhbGVncm8gZGUgcXVlCnR1dmllcmFzIGxhIHBvc2liaWxpZGFkIGRlIGNvbm9jZXIgbcOhcwpzb2JyZSBlc3RhIGhpc3RvcmlhLiBIYXkKbXVjaG8gcXVlIHNlIHB1ZWRlIGFwcmVuZGVyIGRlCmxhIGV4cGVyaWVuY2lhIGRlIG90cmFzIHBlcnNvbmFzLg==
j9BLAw,,W1JldGlyZWQgU29sZGllcl0KSSBkb24ndCByZWdyZXQgdGhhdCB3ZQpoYWQgdG8ga2lsbCB0aGF0IHdhcnJpb3IuCldlIGRpZCBoYWQgd2UgaGFkIHRvCmJhY2sgaW4gdGhvc2UgZGF5cy4=,,,,,W1NvbGRhZG8gYXBvc2VudGFkb10KTsOjbyBtZSBhcnJlcGVuZG8gZGUgdGVybW9zIApxdWUgbWF0YXIgYXF1ZWxlIGd1ZXJyZWlyby4KRml6ZW1vcyBvIHF1ZSB0w61uaGFtb3MgcXVlIGZhemVyCm5hcXVlbGEgw6lwb2NhLg==,,W1NvbGRhZG8gcmV0aXJhZG9dCk5vIGxhbWVudG8gcXVlCnR1dmnDqXJhbW9zIHF1ZSBtYXRhciBhIGVzZSBndWVycmVyby4KSGljaW1vcyBsbyBxdWUgdGVuw61hbW9zIHF1ZSBoYWNlcgpwb3IgYXF1ZWxsb3MgZMOtYXMu
kNBLAw,,W1JldGlyZWQgU29sZGllcl0KT2gsIGl0J3MgeW91IGFnYWluLgpEaWQgeW91IHdhbnQgdG8gYXNrIG1lCm1vcmUgYWJvdXQgdGhhdCB3YXJyaW9yPwpJJ20gYWZyYWlkIEkgYWxyZWFkeSB0b2xkCnlvdSBldmVyeXRoaW5nIEkga25vdy4=,,,,,W1NvbGRhZG8gYXBvc2VudGFkb10KQWgsIMOpIHZvY8OqIGRlIG5vdm8uClF1ZXJpYSBtZSBwZXJndW50YXIKbWFpcyBzb2JyZSBhcXVlbGUgZ3VlcnJlaXJvPwpSZWNlaW8gcXVlIGrDoSB0ZW5oYSBsaGUgY29udGFkbwp0dWRvIG8gcXVlIHNlaS4=,,W1NvbGRhZG8gcmV0aXJhZG9dCkFoLCBvdHJhIHZleiB0w7ouCsK/UXVlcsOtYXMgcHJlZ3VudGFybWUgYWxnbwptw6FzIHNvYnJlIGVzZSBndWVycmVybz8KTWUgdGVtbyBxdWUgeWEgdGUgZGlqZQp0b2RvIGxvIHF1ZSBzw6ku
kdBLAw,,U29ycnkuLi4=,,,,,RGVzY3VscGUuLi4=,,TG8gc2llbnRv4oCm
ktBLAw,,SSBtZXQgdGhlIHdhcnJpb3IncyBzcGlyaXQu,,,,,Q29uaGVjaSBvIGVzcMOtcml0byBkbyBndWVycmVpcm8u,,Q29ub2PDrSBlbCBlc3DDrXJpdHUgZGVsIGd1ZXJyZXJvLg==
k9BLAw,,W1JldGlyZWQgU29sZGllcl0KSXQncyBmaW5lLg==,,,,,W1NvbGRhZG8gYXBvc2VudGFkb10KRXN0w6EgdHVkbyBiZW0u,,W1NvbGRhZG8gcmV0aXJhZG9dCkVzdMOhIGJpZW4u
lNBLAw,,W1JldGlyZWQgU29sZGllcl0KV2hhdD8gSG93IGlzIHRoYXQKZXZlbiBwb3NzaWJsZT8=,,,,,W1NvbGRhZG8gYXBvc2VudGFkb10KTyBxdcOqPyAKQ29tbyBpc3NvIMOpIHBvc3PDrXZlbD8=,,W1NvbGRhZG8gcmV0aXJhZG9dCsK/UXXDqT8gwr9Dw7NtbyBlcyBlc28KcG9zaWJsZT8=
ldBLAw,,XjMzNTVGRllvdSBleHBsYWluIHRvIHRoZQpyZXRpcmVkIHNvbGRpZXIgZXZlcnl0aGluZwp0aGF0IGhhcyBoYXBwZW5lZCBzbyBmYXIuXjAwMDAwMA==,,,,,XjMzNTVGRlZvY8OqIGV4cGxpY2EgYW8Kc29sZGFkbyBhcG9zZW50YWRvIHR1ZG8KcXVlIGFjb250ZWNldSBhdMOpIGFnb3JhLl4wMDAwMDA=,,XjI1MDJGRExlIGV4cGxpY2FzIGFsCnNvbGRhZG8gcmV0aXJhZG8gdG9kbwpsbyBxdWUgcGFzw7MgaGFzdGEgYWhvcmEuXjAwMDAwMA==
ltBLAw,,W1JldGlyZWQgU29sZGllcl0KVGhhdCdzIHF1aXRlIGEgc3RvcnkuClN0aWxsLCBJJ20gc3VycHJpc2VkIHRoYXQKaGUgZGlkbid0IHdhbnQgdG8gdGFsayB0bwp5b3UgYWJvdXQgd2hhdCBoYXBwZW5lZC4KSSBndWVzcyBoZSBzdGlsbCBoYXJib3JzCmJhZCBmZWVsaW5ncyBhYm91dCB0aGF0IGRheS4uLg==,,,,,W1NvbGRhZG8gYXBvc2VudGFkb10KRXNzYSDDqSB1bWEgaGlzdMOzcmlhIGUgdGFudG8uCkFpbmRhIGFzc2ltLCBlc3RvdSBzdXJwcmVzbyBxdWUKZWxlIG7Do28gcXVpc2Vzc2UgY29udmVyc2FyIGNvbQp2b2PDqiBzb2JyZSBvIHF1ZSBhY29udGVjZXUuCkFjaG8gcXVlIGVsZSBhaW5kYSBndWFyZGEKc2VudGltZW50b3MgcnVpbnMgc29icmUgYXF1ZWxlIGRpYS4uLg==,,W1NvbGRhZG8gcmV0aXJhZG9dClZheWEgaGlzdG9yaWEuCkHDum4gYXPDrSwgbWUgc29ycHJlbmRlIHF1ZQpubyBxdWlzaWVyYSBoYWJsYXJ0ZQpzb2JyZSBsbyBxdWUgcGFzw7MuClN1cG9uZ28gcXVlIGHDum4gc2llbnRlCmFuaW1vc2lkYWQgcG9yIGxvIHF1ZSBwYXPDsyBlc2UgZMOtYS4uLg==
l9BLAw,,W1JldGlyZWQgU29sZGllcl0KV2VsbCwgSSBndWVzcyBpdCBkb2Vzbid0CnJlYWxseSBtYXR0ZXIgbm93LiBDaGFsawp0aGlzIGFsbCB1cCB0byBhIHJlYWxseSBnb29kCmxlYXJuaW5nIGV4cGVyaWVuY2Uu,,,,,W1NvbGRhZG8gYXBvc2VudGFkb10KQmVtLCBhY2hvIHF1ZSBpc3NvIG7Do28KcmVhbG1lbnRlIGltcG9ydGEgYWdvcmEuIFZlamEKdHVkbyBpc3NvIGNvbW8gdW1hIGJvYQpleHBlcmnDqm5jaWEgZGUgYXByZW5kaXphZG8u,,W1NvbGRhZG8gcmV0aXJhZG9dCkJ1ZW5vLCBzdXBvbmdvIHF1ZSB5YQpubyBpbXBvcnRhLCByZWFsbWVudGUuIENvbnNpZGVyYQp0b2RvIGVzdG8gdW5hIGV4cGVyaWVuY2lhIGRlIGFwcmVuZGl6YWplCm11eSBidWVuYS4=
mNBLAw,,SSBmZWVsIHNvIHNvcnJ5IGZvciBoaW0u,,,,,U2ludG8gbXVpdG8gcG9yIGVsZS4=,,U2llbnRvIG11Y2hhIHBlbmEgcG9yIMOpbC4=
mdBLAw,,RG8geW91IGJlbGlldmUgdGhlIGpld2VsIGlzIHJlYWxseSBjdXJzZWQ/,,,,,Vm9jw6ogYWNyZWRpdGEgcXVlIGEgam9pYSBlc3TDoSByZWFsbWVudGUgYW1hbGRpw6dvYWRhPw==,,wr9DcmVlcyBxdWUgbGEgam95YSByZWFsbWVudGUgdGllbmUgdW5hIG1hbGRpY2nDs24/
mtBLAw,,W1JldGlyZWQgU29sZGllcl0KV2VsbC4uLgpJIGRvbid0IGtub3cgd2hhdCB0byB0ZWxsCnlvdS4gSSBtZWFuLCB5b3UgY2FuJ3QgcmVhbGx5CnB1dCB0aGUgYmxhbWUgb24gYW55Ym9keS4KSGUganVzdCBsb3N0IGhpcyBtaW5kLi4u,,,,,W1NvbGRhZG8gYXBvc2VudGFkb10KQmVtLi4uCk7Do28gc2VpIG8gcXVlIGRpemVyIGEgdm9jw6ouIApRdWVybyBkaXplciwgdm9jw6ogbsOjbyBwb2RlIHJlYWxtZW50ZQpjb2xvY2FyIGEgY3VscGEgZW0gbmluZ3XDqW0uCkVsZSBzaW1wbGVzbWVudGUgcGVyZGV1IGEgY2FiZcOnYS4uLg==,,W1NvbGRhZG8gcmV0aXJhZG9dCkJ1ZW5v4oCmCk5vCnPDqSBxdWUgZGVjaXJ0ZS4gTyBzZWEsIGVuIHZlcmRhZCBubyBwdWVkZXMKY3VscGFyIGEgbmFkaWUuClNpbXBsZW1lbnRlIHBlcmRpw7MgbGEgY2FiZXphLi4u
m9BLAw,,W1JldGlyZWQgU29sZGllcl0KSSdtIG5vdCByZWFsbHkgc3VyZSBpZiB0aGUKamV3ZWwgd2FzIGN1cnNlZCwgaWYgdGhhdAp3YXJyaW9yIHN0YXJ0ZWQgdGhlIGN1cnNlLApvciBpZiB0aGUgamV3ZWwgaXNuJ3QgY3Vyc2VkCmF0IGFsbC4gSSdtIGp1c3QgYW4gb2xkLApzaW1wbGUgc29sZGllci4=,,,,,W1NvbGRhZG8gYXBvc2VudGFkb10KTsOjbyB0ZW5obyBjZXJ0ZXphIHNlIGEKam9pYSBmb2kgYW1hbGRpw6dvYWRhLCBzZSBhcXVlbGUKZ3VlcnJlaXJvIGluaWNpb3UgYSBtYWxkacOnw6NvLApvdSBzZSBhIGpvaWEgbsOjbyBlc3TDoSBhbWFsZGnDp29hZGEuIApTb3UgYXBlbmFzIHVtIHZlbGhvCmUgc2ltcGxlcyBzb2xkYWRvLg==,,W1NvbGRhZG8gcmV0aXJhZG9dCk5vIGVzdG95IG11eSBzZWd1cm8gZGUgc2kgbGEKam95YSBlc3RhYmEgbWFsZGl0YSwgc2kgZXNlCmd1ZXJyZXJvIGNvbWVuesOzIGxhIG1hbGRpY2nDs24sCm8gc2kgbGEgam95YSBubyBlc3TDoSBtYWxkaXRhCmVuIGFic29sdXRvLiBTb2xvIHNveSB1biBzaW1wbGUKc29sZGFkbyByZXRpcmFkby4=
nNBLAw,,W1JldGlyZWQgU29sZGllcl0KT25lIHRoaW5nJ3MgZm9yIHN1cmU6CmlmIHRoZXJlIHdhcyBhIGN1cnNlLCB0aGF0CnNvbGRpZXIgc2hvdWxkIGhhdmUgYmVlbgphYmxlIHRvIG92ZXJjb21lIGl0IGlmIGhpcyB3aWxsCndhcyBzdHJvbmcgZW5vdWdoLiBJdCdzIGhhcnNoCnRvIHNheSBpdCBsaWtlIHRoaXMsIGJ1dC4uLg==,,,,,W1NvbGRhZG8gYXBvc2VudGFkb10KVW1hIGNvaXNhIMOpIGNlcnRhOgpzZSBob3V2ZXNzZSB1bWEgbWFsZGnDp8OjbywgYXF1ZWxlCnNvbGRhZG8gZGV2ZXJpYSB0ZXIgc2lkbwpjYXBheiBkZSBzdXBlcsOhLWxhIHNlIHN1YSB2b250YWRlCmZvc3NlIGZvcnRlIG8gc3VmaWNpZW50ZS4gw4kgZHVybwpkaXplciBpc3NvIGRlc3NhIGZvcm1hLCBtYXMuLi4=,,W1NvbGRhZG8gcmV0aXJhZG9dClVuYSBjb3NhIGVzIHNlZ3VyYToKc2kgZXhpc3RpZXJhIHVuYSBtYWxkaWNpw7NuLCBlc2UKc29sZGFkbyBkZWJlcsOtYSBoYWJlciBwb2RpZG8Kc3VwZXJhcmxhIGNvbiB1bmEgdm9sdW50YWQKc3VmaWNpZW50ZW1lbnRlIGZ1ZXJ0ZS4gRXMgZHVybwpkZWNpcmxvIGFzw60sIHBlcm8uLi4=
ndBLAw,,W1JldGlyZWQgU29sZGllcl0KVHJ1ZSB3YXJyaW9ycyBoYXZlIHRoZQpzdHJlbmd0aCB0byBlbmR1cmUsIHRvCmZpZ2h0IHRlbXB0YXRpb24sIHRvIGtlZXAKdGhlaXIgZm9jdXMuIFRoYXQgZ3V5Li4uCkhlIHdhc24ndCBjdXQgb3V0IHRvIGZpZ2h0Lg==,,,,,W1NvbGRhZG8gYXBvc2VudGFkb10KT3MgdmVyZGFkZWlyb3MgZ3VlcnJlaXJvcyB0w6ptIGEKZm9yw6dhIHBhcmEgcGVyc2V2ZXJhciwgcGFyYQpsdXRhciBjb250cmEgYSB0ZW50YcOnw6NvLCBwYXJhIG1hbnRlcgpzZXUgZm9jby4gQXF1ZWxlIGNhcmEuLi4KRWxlIG7Do28gZm9pIGZlaXRvIHBhcmEgbHV0YXIu,,W1NvbGRhZG8gcmV0aXJhZG9dCkxvcyB2ZXJkYWRlcm9zIGd1ZXJyZXJvcyB0aWVuZW4gbGEKZnVlcnphIHBhcmEgcmVzaXN0aXIsIHBhcmEKbHVjaGFyIGNvbnRyYSBsYSB0ZW50YWNpw7NuLCBwYXJhIG1hbnRlbmVyCmxhIGNvbmNlbnRyYWNpw7NuLiBFc2UgdGlwbwpObyBlc3RhYmEgaGVjaG8gcGFyYSBsdWNoYXIu
ntBLAw,,W1JldGlyZWQgU29sZGllcl0KWW91IGtub3cgd2hhdD8KSWYgeW91J3JlIHNvIHdvcnJpZWQKYWJvdXQgYSBjdXJzZSwgd2h5IGRvbid0CnlvdSBsZWF2ZSB0aGF0IGpld2VsIHdpdGggbWU/CkRvbid0IHdvcnJ5LCBJJ2xsIG1ha2Ugc3VyZQp0byBjb21wZW5zYXRlIHlvdSBmb3IgaXQu,,,,,W1NvbGRhZG8gYXBvc2VudGFkb10KU2FiZSBkZSB1bWEgY29pc2E/ClNlIHZvY8OqIGVzdMOhIHTDo28gcHJlb2N1cGFkbwpjb20gdW1hIG1hbGRpw6fDo28sIHBvciBxdWUgbsOjbwpkZWl4YSBlc3NhIGpvaWEgY29taWdvPwpOw6NvIHNlIHByZW9jdXBlLCBldSBtZSBjZXJ0aWZpY2FyZWkgCmRlIGNvbXBlbnPDoS1sbyBwb3IgZWxhLg==,,W1NvbGRhZG8gcmV0aXJhZG9dCsK/U2FiZXMgcXXDqT8KU2kgdGUgcHJlb2N1cGEgdGFudG8KdW5hIG1hbGRpY2nDs24sIMK/cG9yIHF1w6kgbm8KbWUgZGVqYXMgZXNhIGpveWE/Ck5vIHRlIHByZW9jdXBlcywgbWUgYXNlZ3VyYXLDqSBkZQpjb21wZW5zYXJ0ZS4=
n9BLAw,,W1JldGlyZWQgU29sZGllcl0KSSdkIHJhdGhlciBrZWVwIGl0IHRvIG15c2VsZiwKcmF0aGVyIHRoYW4gcmlzayBpdCBtZXNzaW5nCmFyb3VuZCB3aXRoIG90aGVyIHBlb3BsZS4KSSBrbm93IG15IHdpbGwncyB0b3VnaCBlbm91Z2gKdG8gcmVzaXN0IGl0cyBjdXJzZSwgeW91IGtub3csCmlmIGl0IGFjdHVhbGx5IGV4aXN0cy4=,,,,,W1NvbGRhZG8gYXBvc2VudGFkb10KUHJlZmlybyBndWFyZGFyIGlzc28gcGFyYSBtaW0sCmVtIHZleiBkZSBtZSBhcnJpc2NhciAKYSBtZXhlciBjb20gb3V0cmFzIHBlc3NvYXMuClNlaSBxdWUgbWluaGEgdm9udGFkZSDDqSBmb3J0ZSBvIHN1ZmljaWVudGUKcGFyYSByZXNpc3RpciDDoCBzdWEgbWFsZGnDp8Ojbywgc2FiZSwKc2UgZWxhIHJlYWxtZW50ZSBleGlzdGlyLg==,,W1NvbGRhZG8gcmV0aXJhZG9dClByZWZpZXJvIGd1YXJkw6FybWVsYSwKZW4gbHVnYXIgZGUgYXJyaWVzZ2FybWUgYSBxdWUKbGUgY2F1c2UgbW9sZXN0aWFzIGEgb3RyYXMgcGVyc29uYXMuClPDqSBxdWUgbWkgdm9sdW50YWQgZXMgc3VmaWNpZW50ZW1lbnRlIGZ1ZXJ0ZQpwYXJhIHJlc2lzdGlyIGxhIG1hbGRpY2nDs24sCnNpIGRlIHZlcmRhZCBleGlzdGUu
oNBLAw,,W1JldGlyZWQgU29sZGllcl0KSWYgdGhlcmUncyBhbnl0aGluZwp5b3UgbGVhcm4gZnJvbSBhbGwgdGhpcywKaXQncyB0aGF0IHlvdSBzaG91bGQgbmV2ZXIKc3VjY3VtYiB0byB5b3VyIGRlc3BlcmF0aW9uLgpSYWdlIGdpdmVzIHlvdSBub3RoaW5nOgppdHMgcG93ZXIgaXMgYW4gaWxsdXNpb24u,,,,,W1NvbGRhZG8gYXBvc2VudGFkb10KU2UgaG91dmVyIGFsZ3VtYSBjb2lzYQpxdWUgc2UgYXByZW5kZSBjb20gdHVkbyBpc3NvLArDqSBxdWUgdm9jw6ogbnVuY2EgZGV2ZQpzdWN1bWJpciBhbyBzZXUgZGVzZXNwZXJvLgpBIHJhaXZhIG7Do28gbGhlIGTDoSBuYWRhOgpTZXUgcG9kZXIgw6kgdW1hIGlsdXPDo28u,,W1NvbGRhZG8gcmV0aXJhZG9dClNpIGhheSBhbGdvIHBhcmEKYXByZW5kZXIgZGUgdG9kbyBlc3RvLAplcyBxdWUgbnVuY2EgaGF5IHF1ZQpzdWN1bWJpciBhbnRlIGxhIGRlc2VzcGVyYWNpw7NuLgpMYSBpcmEgbm8gdGUgZGEgbmFkYToKc3UgcG9kZXIgZXMgdW5hIGlsdXNpw7NuLg==
odBLAw,,W1JldGlyZWQgU29sZGllcl0KV2VsbCwgeW91IGxlYXJuZWQgYWxsIHRoZXJlCmlzIHRvIGtub3cgYWJvdXQgdGhlIFVubHVja3kKRW1lcmFsZC4gSXQncyB0aW1lIHlvdSBmb3JnZXQKYWJvdXQgdGhlIGN1cnNlIG9yIHdoYXRldmVyLAphbmQgZmluZCBuZXcgYWR2ZW50dXJlcy4KQWgsIHRvIGJlIHlvdW5nIGFnYWluLi4u,,,,,W1NvbGRhZG8gYXBvc2VudGFkb10KQmVtLCB2b2PDqiBhcHJlbmRldSB0dWRvIG8gcXVlCnNvYnJlIGEgRXNtZXJhbGRhIGRvcyBBemFyYWRvcy4gCsOJIGhvcmEgZGUgdm9jw6ogZXNxdWVjZXIKYSBtYWxkacOnw6NvIG91IG8gcXVlIHF1ZXIgcXVlIHNlamEsCmUgZW5jb250cmFyIG5vdmFzIGF2ZW50dXJhcy4KQWgsIHNlciBqb3ZlbSBub3ZhbWVudGUuLi4=,,W1NvbGRhZG8gcmV0aXJhZG9dCkJ1ZW5vLCBhcHJlbmRpc3RlIHRvZG8gbG8gcXVlCmhheSBxdWUgc2FiZXIgc29icmUgbGEgRXNtZXJhbGRhIGRlIGxhCm1hbGEgc3VlcnRlLiBFcyBob3JhIGRlIHF1ZSB0ZSBvbHZpZGVzCmRlIGxhIG1hbGRpY2nDs24gbyBsbyBxdWUgc2VhLAp5IGJ1c3F1ZXMgYXZlbnR1cmFzIG51ZXZhcy4KQWgsIHZvbHZlciBhIHNlciBqb3Zlbi4uLg==
otBLAw,,W1JldGlyZWQgU29sZGllcl0KQWgsIGhvdyBJIGxvbmcgZm9yCnRoZSBvbGQgZGF5cy4gQmVpbmcKcmV0aXJlZCBpcyBqdXN0IHNvLi4uCkl0J3Mgc28gYm9yaW5nISBJIGd1ZXNzCml0J3MgdGltZSB0byBmaW5kIGEgaG9iYnku,,,,,W1NvbGRhZG8gYXBvc2VudGFkb10KQWgsIGNvbW8gZXUgYW5zZWlvIHBlbG9zCm9zIHZlbGhvcyB0ZW1wb3MuIEVzdGFyCmFwb3NlbnRhZG8gw6kgdMOjby4uLgrDiSB0w6NvIGNoYXRvISBBY2hvIHF1ZSAKw6kgaG9yYSBkZSBlbmNvbnRyYXIgdW0gaG9iYnku,,W1NvbGRhZG8gcmV0aXJhZG9dCkFoLCBjw7NtbyBhbmhlbG8KbG9zIHZpZWpvcyB0aWVtcG9zLiAKcmV0aXJhZG8gZXMgdGFuLi4uCsKhRXMgdGFuIGFidXJyaWRvISBTdXBvbmdvIHF1ZQplcyBob3JhIGRlIGVuY29udHJhciB1biBwYXNhdGllbXBvLg==
o9BLAw,,VGhlIFdhbmRlcmVy,,,,,TyBhbmRhcmlsaG8=,,RWwgVmFnYWJ1bmRv
pNBLAw,,W1RoZSBXYW5kZXJlcl0KSSdtIGp1c3QgYSB3YW5kZXJlcgpkcmlmdGluZyB0aHJvdWdoIHRoaXMKd29ybGQuIFBsZWFzZSBqdXN0CmxlYXZlIG1lIGluIHBlYWNlLg==,,,,,W08gYW5kYXJpbGhvXQpTb3UgYXBlbmFzIHVtIGFuZGFyaWxobwrDoCBkZXJpdmEgcG9yIGVzdGUKbXVuZG8uIFBvciBmYXZvciwgYXBlbmFzCmRlaXhlLW1lIGVtIHBhei4=,,W0VsIFZhZ2FidW5kb10KU29sbyBzb3kgdW4gdmFnYWJ1bmRvCnF1ZSB2YSBhIGxhIGRlcml2YSBwb3IgZXN0ZQptdW5kb+KApiBTb2xvIHRlIHBpZG8gcXVlCm1lIGRlamVzIGVuIHBhei4=
pdBLAw,,W1RoZSBXYW5kZXJlcl0KVGhhdC4uLiBUaGF0IGxvb2tzCmp1c3QgbGlrZSB0aGUgZW1lcmFsZApJIHVzZWQgdG8gb3duLiBIbW1tLi4uCkRpZCB5b3UgY29tZSBsb29raW5nIGZvciBtZT8=,,,,,W08gYW5kYXJpbGhvXQpJc3NvLi4uIFBhcmVjZQppZ3VhbHppbmhvIMOgIGVzbWVyYWxkYQpxdWUgZXUgcG9zc3XDrWEuIEhtbW0uLi4KVm9jw6ogdmVpbyBtZSBwcm9jdXJhcj8=,,W0VsIFZhZ2FidW5kb10KRXNv4oCmIEVzbyBzZSBwYXJlY2UKYSBsYSBlc21lcmFsZGEKcXVlIHlvIHRlbsOtYS4gTW1tbS4uLgrCv1ZpbmlzdGUgYSBidXNjYXJtZT8=
ptBLAw,,W1RoZSBXYW5kZXJlcl0KR2V0IHJpZCBvZiB0aGF0IHRoaW5nIHJpZ2h0Cm5vdy4gSXQncyBhbiBldmlsIGpld2VsIHRoYXQKY2F1c2VzIHRyYWdlZHkgd2hlcmV2ZXIKaXQgZ29lcy4gSSByZW1lbWJlci4uLiBJIGdvdAp0aGF0IGpld2VsIGZyb20gbW9uc3RlcnMuLi4=,,,,,W08gYW5kYXJpbGhvXQpMaXZyZS1zZSBkZXNzYSBjb2lzYSBhZ29yYSBtZXNtby4gCsOJIHVtYSBqb2lhIG1hbGlnbmEgcXVlCmNhdXNhIHRyYWfDqWRpYSBvbmRlIHF1ZXIgcXVlIHbDoS4gCkV1IG1lIGxlbWJyby4uLiBFdSBjb25zZWd1aQplc3NhIGpvaWEgZGUgbW9uc3Ryb3MuLi4=,,W0VsIFZhZ2FidW5kb10KRGVzaGF6dGUgZGUgZXNhIGNvc2EKYWhvcmEuIEVzIHVuYSBqb3lhIG1hbGlnbmEgcXVlCmNhdXNhIGRlc2dyYWNpYXMgZG9uZGVxdWllcmEKcXVlIGVzdMOpLiBSZWN1ZXJkb+KApiBxdWUKb2J0dXZlIGVzYSBqb3lhIGRlIHVub3MgbW9uc3RydW9zLi4u
p9BLAw,,W1RoZSBXYW5kZXJlcl0KSSB3YXMganVzdCBhIHNpbXBsZSBtYW4sCmRyZWFtaW5nIG9mIGJlY29taW5nIHRoZQp3b3JsZCdzIGdyZWF0ZXN0IHdhcnJpb3IuCkkgaGFkIHRoYXQgZW1lcmFsZCBvbiBtZQp3aGVuIHdlIGVuY291bnRlcmVkIGEgaHVnZQpncm91cCBvZiB2aWNpb3VzIENvYm9sZHMu,,,,,W08gYW5kYXJpbGhvXQpFdSBlcmEgYXBlbmFzIHVtIGhvbWVtIHNpbXBsZXMsCnNvbmhhbmRvIGVtIG1lIHRvcm5hciAKbyBtYWlvciBndWVycmVpcm8gZG8gbXVuZG8uCkV1IHRpbmhhIGVzc2EgZXNtZXJhbGRhIGNvbWlnbwpxdWFuZG8gZW5jb250cmFtb3MgdW0gZW5vcm1lCmdydXBvIGRlIENvYm9sZHMgY3J1w6lpcy4=,,W0VsIFZhZ2FidW5kb10KWW8gZXJhIHVuIGhvbWJyZSBzZW5jaWxsbwpxdWUgc2/DsWFiYSBjb24gY29udmVydGlyc2UgZW4gZWwKZWwgbWVqb3IgZ3VlcnJlcm8gZGVsIG11bmRvLgpMbGV2YWJhIGVzYSBlc21lcmFsZGEKY3VhbmRvIG5vcyBlbmNvbnRyYW1vcyBjb24gdW4gZ3J1cG8KZW5vcm1lIGRlIENvYm9sZHMgYXRyb2Nlcy4=
qNBLAw,,W1RoZSBXYW5kZXJlcl0KTm8gbWF0dGVyIGhvdyBtYW55CndlIGtpbGxlZCwgdGhlcmUgd2FzCmp1c3Qgbm8gZW5kIHRvIHRoZW0uLi4KQW5kIHRoZW4uLi4gV2UuLi4gV2UuLi4KSS4uLiBJdCBodXJ0cyB0b28gbXVjaAp0byByZWNhbGwgd2hhdCBoYXBwZW5lZC4uLg==,,,,,W08gYW5kYXJpbGhvXQpOw6NvIGltcG9ydGEgcXVhbnRvcyBtYXTDoXZhbW9zLCAKc2ltcGxlc21lbnRlIG7Do28gaGF2aWEgZmltIApwYXJhIGVsZXMuLi4KRSBlbnTDo28uLi4gTsOzcy4uLiBOw7NzLi4uCkQuLi4gRMOzaSBtdWl0byBsZW1icmFyIApvIHF1ZSBhY29udGVjZXUuLi4=,,W0VsIFZhZ2FidW5kb10KTm8gaW1wb3J0YSBjdcOhbnRvcwptYXTDoXJhbW9zLCBubyBoYWLDrWEKZm9ybWEgZGUgYWNhYmFyIGNvbiBlbGxvcy4uLgpZIGx1ZWdv4oCmIEVzdMOhYmFtb3PigKYgRXN0w6FiYW1vc+KApgpZb+KApiBEdWVsZSBkZW1hc2lhZG8KcmVjb3JkYXIgbG8gcXVlIHBhc8OzLi4u
qdBLAw,,W1RoZSBXYW5kZXJlcl0KV2h5IGhhdmUgeW91IHN1bW1vbmVkIG1lPwpJJ20ganVzdCB0aGUgc291bCBvZiBhIGZhbGxlbgp3YXJyaW9yLCBzZWVraW5nIHBlYWNlLgpQbGVhc2UgZG9uJ3QgYm90aGVyIG1lCmlmIHlvdSBjYW4gYXZvaWQgaXQu,,,,,W08gYW5kYXJpbGhvXQpQb3IgcXVlIHZvY8OqIG1lIGNvbnZvY291PwpTb3UgYXBlbmFzIGEgYWxtYSBkZSB1bSBndWVycmVpcm8gY2HDrWRvLCAKZW0gYnVzY2EgZGUgcGF6LgpQb3IgZmF2b3IsIG7Do28gbWUgaW5jb21vZGUKc2UgcHVkZXIgZXZpdGFyLg==,,W0VsIFZhZ2FidW5kb10Kwr9Qb3IgcXXDqSBtZSBpbnZvY2FzdGU/ClNvbG8gc295IGVsIGFsbWEgZGUgdW4gZ3VlcnJlcm8KY2HDrWRvIHF1ZSBidXNjYSBwYXouClBvciBmYXZvciwgbm8gbWUgbW9sZXN0ZXMKc2kgcHVlZGVzIGV2aXRhcmxvLg==
qtBLAw,,W1RoZSBXYW5kZXJlcl0KWW91IGFnYWluPyBXaHkgZG8geW91IHN0aWxsCmhvbGQgdGhlIGpld2VsPyEgRGlkbid0IEkganVzdApteSBjb21yYWRlcyEgV2UgYWxsIGRpZWQKdGhhdCBkYXksIHRoYXQgZGF5IHRoZQpDb2JvbGRzIG92ZXJwb3dlcmVkIHVzIQ==,,,,,W08gYW5kYXJpbGhvXQpWb2PDqiBkZSBub3ZvPyAKUG9yIHF1ZSB2b2PDqiBhaW5kYSBlc3TDoSBjb20gYSBqb2lhPyEgCkV1IG7Do28gYWNhYmVpIGRlIG1ldXMgY29tcGFuaGVpcm9zISAKVG9kb3MgbsOzcyBtb3JyZW1vcyBuYXF1ZWxlIGRpYSwgCm5hcXVlbGUgZGlhIG9zIENvYm9sZHMgbm9zIGRvbWluYXJhbSE=,,W0VsIFZhZ2FidW5kb10Kwr9Uw7ogb3RyYSB2ZXo/IMKhwr9Qb3IgcXXDqSBzaWd1ZXMKdGVuaWVuZG8gbGEgam95YT8hIMK/Tm8gYWNhYm8gZGUuLi4/CsKhTWlzIGNhbWFyYWRhcyEgVG9kb3MgbW9yaW1vcwplc2UgZMOtYS4gRXNlIGTDrWEsIMKhbG9zCkNvYm9sZHMgbm9zIHZlbmNpZXJvbiE=
q9BLAw,,W1RoZSBXYW5kZXJlcl0KSnVzdCBsZXQgbWUgcmV0dXJuCnRvIG15IHNsdW1iZXIu,,,,,W08gYW5kYXJpbGhvXQpBcGVuYXMgbWUgZGVpeGUgdm9sdGFyCmFvIG1ldSBzb25vLg==,,W0VsIFZhZ2FidW5kb10KU29sbyBkw6lqYW1lIHZvbHZlcgphIG1pIHN1ZcOxby4=
rNBLAw,,W1RoZSBXYW5kZXJlcl0KV2h5IGhhdmUgeW91IGNhbGxlZAptZSBoZXJlIGFnYWluPyBXaGF0CmlzIGl0IHlvdSB3YW50IGZyb20gbWU/CkNhbid0IHlvdSBsZWF2ZSBtZSBhbG9uZT8=,,,,,W08gYW5kYXJpbGhvXQpQb3IgcXVlIHZvY8OqIG1lIGNoYW1vdSBhcXVpIG5vdmFtZW50ZT8KTyBxdWUgdm9jw6ogcXVlciBkZSBtaW0/Ck7Do28gcG9kZSBtZSBkZWl4YXIgZW0gcGF6Pw==,,W0VsIFZhZ2FidW5kb10Kwr9Qb3IgcXXDqSBtZQp2b2x2aXN0ZSBhIGxsYW1hcj8gwr9RdcOpIApxdWllcmVzIGRlIG3DrT8Kwr9ObyBwdWVkZXMgZGVqYXJtZSBlbiBwYXo/
rdBLAw,,V2VyZSB5b3UgcmVhbGx5IGtpbGxlZCBieSBDb2JvbGRzPw==,,,,,Vm9jw6ogZm9pIHJlYWxtZW50ZSBtb3J0byBwb3IgQ29ib2xkcz8=,,wr9SZWFsbWVudGUgdGUgbWF0YXJvbiBsb3MgQ29ib2xkcz8=
rtBLAw,,W1RoZSBXYW5kZXJlcl0KQXJnaCEgV2hhdCBpcyBpdCB5b3UncmUKdHJ5aW5nIHRvIHNheT8hIExlYXZlIG5vdyE=,,,,,W08gYW5kYXJpbGhvXQpBcmdoISBPIHF1ZSDDqSBxdWUgdm9jw6ogZXN0w6EKdGVudGFuZG8gZGl6ZXI/ISBTYWlhIGFnb3JhIQ==,,W0VsIFZhZ2FidW5kb10KwqFBeSEgwqHCv1F1w6kgZXMgbG8gcXVlIGVzdMOhcwp0cmF0YW5kbyBkZSBkZWNpcj8hIMKhVmV0ZSB5YSE=
r9BLAw,,W1RoZSBXYW5kZXJlcl0KU3RpbGwgeW91IHBlc3RlciBtZS4KVW5mb3J0dW5hdGVseSwgdGhlIHBvd2VyCm9mIHRoZSBqZXdlbCBjb21wZWxzIG1lCnRvIHJldHVybiB0byB0aGlzIHBsYW5lLi4uCldoYXQgaXMgaXQgdGhpcyB0aW1lPw==,,,,,W08gYW5kYXJpbGhvXQpBaW5kYSBhc3NpbSB2b2PDqiBtZSBpbmNvbW9kYS4KSW5mZWxpem1lbnRlLCBvIHBvZGVyCmRhIGpvaWEgbWUgb2JyaWdhIAphIHJldG9ybmFyIGEgZXN0ZSBwbGFuby4uLgpPIHF1ZSBmb2kgZGVzc2EgdmV6Pw==,,W0VsIFZhZ2FidW5kb10KU2lndWVzIG1vbGVzdMOhbmRvbWUuCkRlc2dyYWNpYWRhbWVudGUsIGVsIHBvZGVyCmRlIGxhIGpveWEgbWUgb2JsaWdhCmEgdm9sdmVyIGEgZXN0ZSBwbGFuby4uLgrCv1kgcXXDqSBwYXNhIGFob3JhPw==
sNBLAw,,WW91IHdlcmVuJ3Qga2lsbGVkIGJ5IENvYm9sZHMsIHdlcmUgeW91Pw==,,,,,Vm9jw6ogbsOjbyBmb2kgbW9ydG8gcG9yIENvYm9sZHMsIGZvaT8=,,Tm8gdGUgbWF0YXJvbiBsb3MgQ29ib2xkcywgwr92ZXJkYWQ/
sdBLAw,,W1RoZSBXYW5kZXJlcl0KSG93IG1hbnkgdGltZXMgbXVzdCBJIHRlbGwKeW91PyBBcmUgeW91IHNheWluZyB0aGF0CkknbSBseWluZyBhYm91dCB0aGUgZGVhdGhzCm9mIG15IGNvbXJhZGVzPyBGb3JnZXQgaXQuClRoZSBkZWFkIHNob3VsZG4ndCB0YWxrLgpJdCdzIGEgd2FzdGUgb2YgbXkgdGltZS4=,,,,,W08gYW5kYXJpbGhvXQpRdWFudGFzIHZlemVzIHRlbmhvIHF1ZSBsaGUgZGl6ZXI/IApFc3TDoSBkaXplbmRvIHF1ZQplc3RvdSBtZW50aW5kbyBzb2JyZSBhcyBtb3J0ZXMKZGUgbWV1cyBjb21wYW5oZWlyb3M/IEVzcXVlw6dhIGlzc28uCk9zIG1vcnRvcyBuw6NvIGRldmVtIGZhbGFyLgrDiSB1bWEgcGVyZGEgZGUgdGVtcG8gcGFyYSBtaW0u,,W0VsIFZhZ2FidW5kb10Kwr9DdcOhbnRhcyB2ZWNlcyBkZWJvIGRlY2lydGUKY29tbyB0w7ohIMK/RXN0w6FzIGRpY2llbmRvIHF1ZQptaWVudG8gY29uIGxhcyBtdWVydGVzCmRlIG1pcyBjYW1hcmFkYXM/IE9sdsOtZGFsby4KTG9zIG11ZXJ0b3Mgbm8gZGViZXLDrWFuIGhhYmxhci4KRXMgdW5hIHDDqXJkaWRhIGRlIHRpZW1wby4=
stBLAw,,W1RoZSBXYW5kZXJlcl0KVGFrZSBjYXJlLCB5b3VuZwphZHZlbnR1cmVyLCBhbmQgZG9uJ3QKcmVvcGVuIHRoZSB3b3VuZHMgb2YKdGhlIHBhc3QgYW55bW9yZS4=,,,,,W08gYW5kYXJpbGhvXQpUb21lIGN1aWRhZG8sIGpvdmVtCmF2ZW50dXJlaXJvLCBlIG7Do28KcmVhYnJhIGFzIGZlcmlkYXMgZG8KcGFzc2Fkby4=,,W0VsIFZhZ2FidW5kb10KQ3XDrWRhdGUsIGpvdmVuCnRyb3RhbXVuZG9zLCB5IG5vIHZ1ZWx2YXMKYSByZWFicmlyIGxhcyBoZXJpZGFzCmRlbCBwYXNhZG8u
s9BLAw,,WW91IGtpbGxlZCB5b3VyIGNvbXJhZGVzIQ==,,,,,Vm9jw6ogbWF0b3Ugc2V1cyBjb21wYW5oZWlyb3Mh,,wqFNYXRhc3RlIGEgdHVzIGNhbWFyYWRhcyE=
tNBLAw,,RG8geW91IHJlbWVtYmVyIHlvdXIgbGFzdCBtb21lbnQ/,,,,,Vm9jw6ogc2UgbGVtYnJhIGRlIHNldSDDumx0aW1vIG1vbWVudG8/,,wr9SZWN1ZXJkYXMgdHUgw7psdGltbyBtb21lbnRvPw==
tdBLAw,,W1RoZSBXYW5kZXJlcl0KRGlkIEkuLi4/IEhhLiBIYWhhIQphZHZlbnR1cmVyLCBidXQgdGhhdCBzb3VuZHMKbGlrZSBzb21ldGhpbmcgZnJvbSBhIHRyYXNoeQpub3ZlbC4gSGFoIGhhaCBoYWggaGFoIQ==,,,,,W08gYW5kYXJpbGhvXQpFdS4uLj8gSGEuIEhhaGEhCmF2ZW50dXJlaXJvLCBtYXMgaXNzbyBzb2EKY29tbyBhbGdvIHRpcmFkbyBkZSB1bSByb21hbmNlIHRyYXNoLiAKSGFoIGhhaCBoYWggaGFoIQ==,,W0VsIFZhZ2FidW5kb10Kwr9TaSB5b+KApj8gSmEuIMKhSmEsIGphIQp0cm90YW11bmRvcywgcGVybyBlc28gc3VlbmEKYSBhbGdvIHF1ZSBzYWNhc3RlIGRlIHVuYSBub3ZlbGEKZGUgcG9ycXVlcsOtYS4gwqFKYSwgamEsIGphLCBqYSE=
ttBLAw,,W1RoZSBXYW5kZXJlcl0KSXQncyBhIGxpdHRsZSBoYXp5Li4uCkkuLi4gV2UgdHJpZWQgdG8ga2lsbCBhcwptYW55IENvYm9sZHMgYXMgd2UgCmNvdWxkLi4uIEV2ZXJ5b25lIHdhcy4uLgpFdmVyeW9uZSB3YXMgZGVhZC4KRXZlcnlvbmUgYnV0IG1lLg==,,,,,W08gYW5kYXJpbGhvXQpFc3TDoSB1bSBwb3VjbyBuZWJ1bG9zby4uLgpULi4uIFRlbnRhbW9zIG1hdGFyIApvIG3DoXhpbW8gZGUgQ29ib2xkcyBxdWFudG8gCnB1ZMOpc3NlbW9zLi4uIFRvZG9zIGVzdGF2YW0uLi4KVG9kb3MgZXN0YXZhbSBtb3J0b3MuClRvZG9zIG1lbm9zIGV1Lg==,,W0VsIFZhZ2FidW5kb10KRXN0w6EgdW4gcG9jbyBicnVtb3NvLi4uCllv4oCmIFRyYXRhbW9zIGRlIG1hdGFyIHRhbnRvcwpDb2JvbGRzIGNvbW8gCnB1ZGltb3MuLi4gVG9kbyBlbCBtdW5kbyBlc3RhYmEuLi4KVG9kb3MgZXN0YWJhbiBtdWVydG9zLgpUb2RvcyBtZW5vcyB5by4=
t9BLAw,,W1RoZSBXYW5kZXJlcl0KSSB3YXMgYWxsIGFsb25lLgpXZSBraWxsZWQgYWxsIHRoZQpDb2JvbGRzLCBidXQgSSB3YXMuLi4KVGhlbi4uLiBUaGUgbmV4dCB0aGluZy4uLgpJIHdhcyBjb3ZlcmVkIGluIGJsb29kLgpUaGVuLCBzb21ldGhpbmcgYXBwZWFyZWQ/,,,,,W08gYW5kYXJpbGhvXQpFdSBlc3RhdmEgc296aW5oby4KTsOzcyBtYXRhbW9zIHRvZG9zIG9zCkNvYm9sZHMsIG1hcyBldSBlc3RhdmEuLi4KRGVwb2lzLi4uIEEgcHLDs3hpbWEgY29pc2EuLi4KRXUgZXN0YXZhIGNvYmVydG8gZGUgc2FuZ3VlLgpFbnTDo28sIGFsZ28gYXBhcmVjZXU/,,W0VsIFZhZ2FidW5kb10KRXN0YWJhIHNvbG8uCk1hdGFtb3MgYSB0b2RvcyBsb3MKQ29ib2xkcywgcGVybyBlc3RhYmEuLi4KRW50b25jZXPigKYgTHVlZ28gZGUgZXNvLi4uCkVzdGFiYSBjdWJpZXJ0byBkZSBzYW5ncmUuCkVudG9uY2VzLCDCv2FsZ28gYXBhcmVjacOzPw==
uNBLAw,,W1RoZSBXYW5kZXJlcl0KTm8sIGl0IGNhbid0IGhhdmUgYmVlbi4KQSBodW1hbiBzb2xkaWVyIGxpa2UgbWU/,,,,,W08gYW5kYXJpbGhvXQpOw6NvLCBuw6NvIHBvZGUgdGVyIHNpZG8uClVtIHNvbGRhZG8gaHVtYW5vaWRlIGNvbW8gZXU/,,W0VsIFZhZ2FidW5kb10KTm8sIG5vIHBvZMOtYSBzZXIuCsK/VW4gc29sZGFkbyBodW1hbm8gY29tbyB5bz8=
udBLAw,,W1RoZSBXYW5kZXJlcl0KSSB3YXMga2lsbGVkLi4uIE5vLCB3YWl0LgpJIHN1cnZpdmVkIHRoZSBiYXR0bGUgd2l0aAp0aGUgQ29ib2xkcy4gVGhlbiwgc29tZQpjb3dhcmQga2lsbGVkIG1lIGZyb20KYmVoaW5kLCBhbmQgc3RvbGUgbXkKZW1lcmFsZC4gVGhhdCBtdXN0IGJlIGl0IQ==,,,,,W08gYW5kYXJpbGhvXQpFdSBmdWkgbW9ydG8uLi4gTsOjbywgZXNwZXJlLgpFdSBzb2JyZXZpdmkgw6AgYmF0YWxoYSBjb20Kb3MgQ29ib2xkcy4gRW50w6NvLCBhbGd1bQpjb3ZhcmRlIG1lIG1hdG91IHBvciB0csOhcywgCmUgcm91Ym91IG1pbmhhCmVzbWVyYWxkYS4gRGV2ZSB0ZXIgc2lkbyBpc3NvIQ==,,W0VsIFZhZ2FidW5kb10KTWUgbWF0YXJvbi4uLiBObywgZXNwZXJhLgpTb2JyZXZpdsOtIGEgbGEgYmF0YWxsYSBjb250cmEKbG9zIENvYm9sZHMuIEVudG9uY2VzLCBhbGfDum4KY29iYXJkZSBtZSBtYXTDsyBwb3IKbGEgZXNwYWxkYSwgeSByb2LDsyBtaQplc21lcmFsZGEuIMKhRXNvIGRlYmUgc2VyIQ==
utBLAw,,SG93IGRpZCB5b3VyIGNvbXJhZGVzIGRpZT8=,,,,,Q29tbyBzZXVzIGNvbXBhbmhlaXJvcyBtb3JyZXJhbT8=,,wr9Dw7NtbyBtdXJpZXJvbiB0dXMgY2FtYXJhZGFzPw==
u9BLAw,,W1RoZSBXYW5kZXJlcl0KVGhlIENvYm9sZHMga2lsbGVkIHRoZW0hCkkgd2FzIHRvbyB3ZWFrIHRvIHByb3RlY3QKbXkgY29tcmFkZXMuIFRvbyB3ZWFrLi4uCldoZW4gSSBjYW1lIGJhY2sgdG8gbXkKc2Vuc2VzLCB0aGV5IHdlcmUgYWxsLi4u,,,,,W08gYW5kYXJpbGhvXQpPcyBDb2JvbGRzIG9zIG1hdGFyYW0hCkV1IGVzdGF2YSBmcmFjbyBkZW1haXMgcGFyYSBwcm90ZWdlcgptZXVzIGNvbXBhbmhlaXJvcy4gRnJhY28gZGVtYWlzLi4uClF1YW5kbyB2b2x0ZWkgYW9zCnNlbnRpZG9zLCBlbGVzIGVzdGF2YW0gdG9kb3MuLi4=,,W0VsIFZhZ2FidW5kb10KwqFMb3MgQ29ib2xkcyBsb3MgbWF0YXJvbiEKRXN0YWJhIGRlbWFzaWFkbyBkw6liaWwgcGFyYSBwcm90ZWdlciBhCm1pcyBjYW1hcmFkYXMuIApDdWFuZG8gdm9sdsOtIGVuIG3DrSwKdG9kb3MgZXN0YWJhbi4uLg==
vNBLAw,,W1RoZSBXYW5kZXJlcl0KSSdtIG5vdCBzdXJlIHdoYXQKaGFwcGVuZWQuIFRoZXJlIHdhcwpibG9vZCBjb21pbmcgaW50byBteSBleWVzLi4uCkkgcmVtZW1iZXIgc2xhc2hpbmcsIGFuZApzdGFiYmluZywgYW5kLi4uIEFuZCBzbGFzaGluZy4=,,,,,W08gYW5kYXJpbGhvXQpOw6NvIHRlbmhvIGNlcnRlemEgZG8gcXVlCmFjb250ZWNldS4gSGF2aWEKc2FuZ3VlIGVudHJhbmRvIGVtIG1ldXMgb2xob3MuLi4KRXUgbWUgbGVtYnJvIGRlIGNvcnRhciwgZQplc2ZhcXVlYXIsIGUuLi4gRSBkZXN0cnVpci4=,,W0VsIFZhZ2FidW5kb10KTm8gZXN0b3kgc2VndXJvCmRlIGxvIHF1ZSBwYXPDsy4gTGEKc2FuZ3JlIG1lIGVudHJhYmEgZW4gbG9zIG9qb3MuLi4KUmVjdWVyZG8gbG9zIGN1Y2hpbGxhem9zLCB5CnB1w7FhbGFkYXMsIHkuLi4gWSBjdWNoaWxsYXpvcy4=
vdBLAw,,WW91IHNsYXNoZWQgZXZlcnl0aGluZy4uLg==,,,,,Vm9jw6ogY29ydG91IHR1ZG8uLi4=,,QWN1Y2hpbGxhc3RlIHRvZG8uLi4=
vtBLAw,,W3t9XQpZb3Ugc2xhc2hlZCBldmVyeXRoaW5nLi4uCkV2ZW4gdGhlIGNvbXJhZGVzIHlvdQp3ZXJlIHN1cHBvc2VkIHRvIHByb3RlY3Qu,,,,,W3t9XQpWb2PDqiBjb3J0b3UgdHVkby4uLgpBdMOpIG1lc21vIG9zIGNvbXBhbmhlaXJvcyBxdWUgdm9jw6oKcXVlIHZvY8OqIGRldmVyaWEgcHJvdGVnZXIu,,W3t9XQpBY3VjaGlsbGFzdGUgdG9kby4uLgpJbmNsdXNvIGxvcyBjYW1hcmFkYXMgcXVlCmRlYsOtYXMgcHJvdGVnZXIu
v9BLAw,,W1RoZSBXYW5kZXJlcl0KSS4uLiBJIGRpZC4uLj8KSS4uLiBObyEgU2h1dCB1cCEKU3RvcCBpdCEgSSBjb3VsZG4ndC4uLgpHZXQgb3V0IG9mIGhlcmUgbm93IQpZb3UncmUgdHJ5aW5nIHRvIHRyaWNrIG1lIQ==,,,,,W08gYW5kYXJpbGhvXQpFLi4uIEV1IGZpei4uLj8KTi4uLiBOw6NvISBDYWxlIGEgYm9jYSEKUGFyZSBjb20gaXNzbyEgRXUgbsOjbyBwb2RpYS4uLgpTYWlhIGRhcXVpIGFnb3JhIQpWb2PDqiBlc3TDoSB0ZW50YW5kbyBtZSBlbmdhbmFyIQ==,,W0VsIFZhZ2FidW5kb10KWW/igKYgwr9MbyBoaWNlLi4uPwpZb+KApiDCoU5vISDCoUPDoWxsYXRlIQrCoUJhc3RhISBObyBwb2Ryw61hLi4uCsKhVmV0ZSBkZSBhcXXDrSBhaG9yYSEKwqFJbnRlbnRhcyBlbmdhw7Fhcm1lIQ==
wNBLAw,,W1RoZSBXYW5kZXJlcl0KV2hhdCBpcyBpdD8KV2hhdCBjb3VsZCB5b3UKcG9zc2libHkgaGF2ZSB0bwpzYXkgdG8gbWUgdGhpcyB0aW1lPw==,,,,,W08gYW5kYXJpbGhvXQpPIHF1ZSDDqSBpc3NvPwpPIHF1ZSB2b2PDqgpwb3NzaXZlbG1lbnRlIHRlbSBhCm1lIGRpemVyIGRlc3RhIHZlej8=,,W0VsIFZhZ2FidW5kb10Kwr9RdcOpIHN1Y2VkZT8Kwr9RdcOpIHBvZHLDrWFzCnRlbmVyIHF1ZQpkZWNpcm1lIGVzdGEgdmV6Pw==
wdBLAw,,W1RoZSBXYW5kZXJlcl0KV2h5IHlvdS4uLg==,,,,,W08gYW5kYXJpbGhvXQpQb3IgcXVlIHZvY8OqLi4u,,W0VsIFZhZ2FidW5kb10KUG9yIHF1w6kgdMO6Li4u
wtBLAw,,W1RoZSBXYW5kZXJlcl0KTGVhdmUgbWUgYWxvbmUh,,,,,W08gYW5kYXJpbGhvXQpNZSBkZWl4ZSBlbSBwYXoh,,W0VsIFZhZ2FidW5kb10KwqFEw6lqYW1lIGVuIHBheiE=
w9BLAw,,W1RoZSBXYW5kZXJlcl0KU2h1dCB1cCEgU3RvcCBoYXJhc3NpbmcKbWUhIEkgY2FuJ3QuLi4gSSBkb24ndC4uLiE=,,,,,W08gYW5kYXJpbGhvXQpDYWxlIGEgYm9jYSEgUGFyZSBkZSBtZSBpbmNvbW9kYXIhIApFdSBuw6NvIHBvc3NvLi4uIEV1IG7Do28uLi4h,,W0VsIFZhZ2FidW5kb10KwqFDw6FsbGF0ZSEgwqFEZWphIGRlCmFjb3Nhcm1lISBObyBwdWVkb+KApiDCoVlvIG5vLi4uIQ==
xNBLAw,,W1RoZSBXYW5kZXJlcl0KLi4uLi4uLi4u,,,,,W08gYW5kYXJpbGhvXQouLi4uLi4uLi4=,,W0VsIFZhZ2FidW5kb10KLi4uLi4uLi4u
xdBLAw,,W3t9XQpUaGlzIG11c3QgYmUgdGhlIHBsYWNlCnRoYXQgc2hhbWFuIHdhcyB0YWxraW5nCmFib3V0LiBMZXQncyBzZWUgbm93Li4u,,,,,W3t9XQpFc3RlIGRldmUgc2VyIG8gbHVnYXIKcXVlIG8geGFtw6MgZXN0YXZhIGZhbGFuZG8uIApWYW1vcyB2ZXIgYWdvcmEuLi4=,,W3t9XQpFc3RlIGRlYmUgc2VyIGVsIGx1Z2FyCnF1ZSBlbCBjaGFtw6FuCm1lbmNpb27Dsy4gVmVhbW9z4oCm
xtBLAw,,W3t9XQpUaGlzIG11c3QgYmUgdGhlIHBsYWNlCnRoYXQgc2hhbWFuIHdhcyB0YWxraW5nCmFib3V0LiBMZXQncyBzZWUgbm93Li4uCldhaXQuIEkgbmVlZCB0aGF0IGVtZXJhbGQuLi4=,,,,,W3t9XQpFc3RlIGRldmUgc2VyIG8gbHVnYXIKcXVlIG8geGFtw6MgZXN0YXZhIGZhbGFuZG8uIApWYW1vcyB2ZXIgYWdvcmEuLi4KRXNwZXJlLiBFdSBwcmVjaXNvIGRhcXVlbGEgZXNtZXJhbGRhLi4u,,W3t9XQpFc3RlIGRlYmUgc2VyIGVsIGx1Z2FyCnF1ZSBlbCBjaGFtw6FuCm1lbmNpb27Dsy4gVmVhbW9z4oCmCkVzcGVyYS4gTmVjZXNpdG8gZXNhIGVzbWVyYWxkYS4uLg==
x9BLAw,,TWFuIGZyb20gTW9ycm9j,,,,,SG9tZW0gZGUgTW9ycm9j,,SG9tYnJlIGRlIE1vcnJvYw==
yNBLAw,,W01vcnJvYyBUcmF2ZWxlcl0KQWgsIGl0J3MgdmVyeSBuaWNlIGFuZApyZWZyZXNoaW5nIHRvIGJlIG5lYXIgdGhpcwpmb3VudGFpbi4gSXQncyBtdWNoIGNvb2xlcgpoZXJlIHRoYW4gYmFjayBpbiBNb3Jyb2Mu,,,,,W1ZpYWphbnRlIGRlIE1vcnJvY10KQWgsIMOpIG11aXRvIGFncmFkw6F2ZWwgZQpyZWZyZXNjYW50ZSBlc3RhciBwZXJ0byBkZXNzYQpmb250ZS4gw4kgbXVpdG8gbWFpcyBmcmVzY28KYXF1aSBkbyBxdWUgZW0gTW9ycm9jLg==,,W1ZpYWplcm8gZGUgTW9ycm9jXQpBaCwgZXMgbXV5IGFncmFkYWJsZSB5CnJlZnJlc2NhbnRlIGVzdGFyIGNlcmNhIGRlIGVzdGEKZnVlbnRlLiBFcyBtdWNobyBtw6FzIGZyZXNjbwphcXXDrSBxdWUgZW4gTW9ycm9jLg==
ydBLAw,,TmljZSBkYXkgdG9kYXksIGh1aD8=,,,,,QmVsbyBkaWEgaG9qZSwgbsOjbyDDqT8=,,SG95IGVzIHVuIGxpbmRvIGTDrWEsIMK/ZWg/
ytBLAw,,SG93J3MgTW9ycm9jIGxhdGVseT8=,,,,,Q29tbyBlc3TDoSBNb3Jyb2MgdWx0aW1hbWVudGU/,,wr9Dw7NtbyBlc3TDoSBNb3Jyb2Mgw7psdGltYW1lbnRlPw==
y9BLAw,,W01vcnJvYyBUcmF2ZWxlcl0KT2gsIHllcy4gSXQncyBhIHdvbmRlcmZ1bApkYXkhIFByb250ZXJhIGlzIHNvIHN1bm55CmFuZCBjb29sLiBObyB3b25kZXIgc28KbWFueSBwZW9wbGUgbGl2ZSBvdmVyIGhlcmUh,,,,,W1ZpYWphbnRlIGRlIE1vcnJvY10KQWgsIHNpbS4gw4kgdW0gZGlhIG1hcmF2aWxob3NvISAKUHJvbnRlcmEgZXN0w6EgdMOjbyBlbnNvbGFyYWRhCmUgZnJlc2NhLiBOw6NvIMOpIGRlIHNlIGFkbWlyYXIgCnF1ZSB0YW50YXMgcGVzc29hcyBtb3JlbSBhcXVpIQ==,,W1ZpYWplcm8gZGUgTW9ycm9jXQpBaCwgc8OtLiBFcyB1biBtYXJhdmlsbG9zbwpkw61hLiBQcm9udGVyYSBlcyB0YW4gc29sZWFkYQp5IGZyZXNjYS4gwqFDb24gcmF6w7NuCm11Y2hhIGdlbnRlIHZpdmUgYXF1w60h
zNBLAw,,W01vcnJvYyBUcmF2ZWxlcl0KWW91J3JlIGFuIGFkdmVudHVyZXIsIGFuZAp5b3UgaGF2ZW4ndCBoZWFyZCB0aGUgY3JhenkKcnVtb3JzIHNwcmVhZGluZyBhbGwgb3Zlcgp0aGUgUnVuZS1NaWRnYXJ0cyBraW5nZG9tPwpJIHRob3VnaHQgeW91IGd1eXMgdHJhdmVsZWQKYXJvdW5kIGFuZCBoZWFyZCB0aGluZ3Mu,,,,,W1ZpYWphbnRlIGRlIE1vcnJvY10KVm9jw6ogw6kgdW0gYXZlbnR1cmVpcm8sIGUKbsOjbyBvdXZpdSBvcyBydW1vcmVzIG1hbHVjb3MgCnF1ZSBzZSBlc3BhbGhhbSBwb3IgdG9kbwpvIHJlaW5vIGRlIFJ1bmUtTWlkZ2FyZD8KQWNoZWkgcXVlIHZvY8OqcyB2aWFqYXNzZW0gCmUgb3V2aXNzZW0gY29pc2FzLg==,,W1ZpYWplcm8gZGUgTW9ycm9jXQrCv0VyZXMgdHJvdGFtdW5kb3MgeQpubyBvw61zdGUgbG9zCnJ1bW9yZXMgZGlzcGFyYXRhZG9zIHF1ZSBjb3JyZW4gcG9yIHRvZG8KZWwgcmVpbm8gZGUgUnVuZS1NaWRnYXJ0cz8KQ3Jlw61hIHF1ZSBsb3MgdHJvdGFtdW5kb3MgdmlhamFiYW4KeSBzZSBlbnRlcmFiYW4gZGUgY29zYXMu
zdBLAw,,V2hhdCBjcmF6eSBydW1vcnM/,,,,,UXVlIHJ1bW9yZXMgbWFsdWNvcz8=,,wr9RdcOpIHJ1bW9yZXMgZGlzcGFyYXRhZG9zPw==
ztBLAw,,W01vcnJvYyBUcmF2ZWxlcl0KVWguLi4gUm9ndWUgYWdlbnRzIQpUaGV5J3JlIGFsbCBvdmVyIHRoZSBwbGFjZSEKV2h5IGRvbid0IHlvdSB0YWxrIHRvIHNvbWUKb2YgdGhlIFJvZ3VlIGFnZW50cyBkaXNwYXRjaGVkCmluIHRoZSBvdGhlciB0b3ducz8gVGhlbiB5b3UnbGwKa25vdyB3aGF0IEknbSB0YWxraW5nIGFib3V0IQ==,,,,,W1ZpYWphbnRlIGRlIE1vcnJvY10KQWdlbnRlcyBBcnJ1YWNlaXJvcyEKRWxlcyBlc3TDo28gcG9yIHRvZGEgcGFydGUhClBvciBxdWUgdm9jw6ogbsOjbyBmYWxhIGNvbSBhbGd1bnMKZG9zIGFnZW50ZXMgQXJydWFjZWlyb3MgZW52aWFkb3MKbmFzIG91dHJhcyBjaWRhZGVzPyBFbnTDo28gdm9jw6ogc2FiZXLDoSBkbyAKcXVlIGVzdG91IGZhbGFuZG8h,,W1ZpYWplcm8gZGUgTW9ycm9jXQpFaOKApiDCoUFnZW50ZXMgUMOtY2Fyb3MhCsKhRXN0w6FuIHBvciB0b2RhcyBwYXJ0ZXMhCsK/UG9yIHF1w6kgbm8gaGFibGFzIGNvbiBhbGd1bm9zCmRlIGxvcyBhZ2VudGVzIFDDrWNhcm9zIHF1ZSBlbnZpYXJvbgphIGxhcyBvdHJhcyBjaXVkYWRlcz8gwqFFbnRvbmNlcwplbnRlbmRlcsOhcyBkZSBsbyBxdWUgaGFibG8h
z9BLAw,,W01vcnJvYyBUcmF2ZWxlcl0KU2hvdWxkbid0IHlvdSBiZQpsb29raW5nIGZvciBhIFJvZ3VlCmFnZW50IHRvIHRhbGsgdG8/CkkgbWVhbiwgbWF5YmUgeW91CmNhbiBwaXRjaCBpbiBhbmQKaGVscCB0aGVtIG91dC4=,,,,,W1ZpYWphbnRlIGRlIE1vcnJvY10KVm9jw6ogbsOjbyBkZXZlcmlhIGVzdGFyCnByb2N1cmFuZG8gdW0gYWdlbnRlIEFycnVhY2Vpcm8KcGFyYSBjb252ZXJzYXI/ClF1ZXJvIGRpemVyLCB0YWx2ZXogdm9jw6oKcG9zc2EKYWp1ZMOhLWxvcy4=,,W1ZpYWplcm8gZGUgTW9ycm9jXQrCv05vIGRlYmVyw61hcyBlc3RhcgpidXNjYW5kbyB1biBhZ2VudGUgUMOtY2FybwpwYXJhIGhhYmxhciBjb24gw6lsPwpPIHNlYSwgdGFsIHZlegpwdWVkYXMgYXJyaW1hciBlbCBob21icm8geQpheXVkYXIu
0NBLAw,,W01vcnJvYyBUcmF2ZWxlcl0KU28gdGhlIFogR2FuZyB3YXMgd2hhdAp0aG9zZSBjcmF6eSBydW1vcnMgd2VyZQphbGwgYWJvdXQuIEdvb2QgdG8gaGVhcgp0aGF0IHRoZXkncmUgYWxsIGluIGphaWwu,,,,,W1ZpYWphbnRlIGRlIE1vcnJvY10KRW50w6NvIGEgR2FuZ3VlIFogZXJhIG8gcXVlCmFxdWVsZXMgcnVtb3JlcyBtYWx1Y29zLiAKw4kgYm9tIHNhYmVyIHF1ZSAKZWxlcyBlc3TDo28gdG9kb3MgbmEgY2FkZWlhLg==,,W1ZpYWplcm8gZGUgTW9ycm9jXQpBc8OtIHF1ZSBsb3MgcnVtb3JlcwpkaXNwYXJhdGFkb3MgZXJhbgpzb2JyZSBsYSBQYW5kaWxsYSBaLiBNZSBhbGVncm8gZGUgb8OtcgpxdWUgdG9kb3Mgc3VzIG1pZW1icm9zIGVzdMOhbiBlbiBsYSBjw6FyY2VsLg==
0dBLAw,,W01vcnJvYyBUcmF2ZWxlcl0KSGV5LCB1aC4uLgpJJ20ganVzdCB0cnlpbmcgdG8KcmVsYXggb24gbXkgdmFjYXRpb24u,,,,,W1ZpYWphbnRlIGRlIE1vcnJvY10KRWksIHVoLi4uClPDsyBlc3RvdSB0ZW50YW5kbwpyZWxheGFyIGVtIG1pbmhhcyBmw6lyaWFzLg==,,W1ZpYWplcm8gZGUgTW9ycm9jXQpIZXksIHVoLi4uClNvbG8gaW50ZW50bwpyZWxhamFybWUgZW4gbWlzIHZhY2FjaW9uZXMu
0tBLAw,,Um9ndWUgQWdlbnQ=,,,,,QWdlbnRlIEFycnVhY2Vpcm8=,,QWdlbnRlIFDDrWNhcm8=
09BLAw,,W0d1aWxkc21hbl0KWW91J3JlIGNhcnJ5aW5nIHRvbwptdWNoIHN0dWZmIG9uIHlvdS4KVGFrZSBhIGxvYWQgb2ZmLCBwdXQKeW91ciBleHRyYSBzdHVmZiBpbgpLYWZyYSBTdG9yYWdlOiB0aGF0J3MKd2hhdCdzIGl0J3MgZm9yfg==,,,,,W01lbWJybyBkYSBndWlsZGFdClZvY8OqIGVzdMOhIGNhcnJlZ2FuZG8KY29pc2FzIGRlbWFpcyBjb20gdm9jw6ouClRpcmUgdW1hIGNhcmdhLCBjb2xvcXVlCnN1YXMgY29pc2FzIGV4dHJhcyBubwogQXJtYXrDqW0gZGEgS2FmcmE6IArDqSBwYXJhIGlzc28gcXVlIGVsZSBzZXJ2ZX4=,,W0dyZW1pYWxpc3RhXQpMbGV2YXMgZGVtYXNpYWRhcwpjb3Nhcy4KUXXDrXRhdGUgdW4gcGVzbyBkZSBlbmNpbWEsIHBvbgpsYXMgY29zYXMgcXVlIHRlIHNvYnJhbgplbiBlbCBBbG1hY8OpbiBkZSBLYWZyYToKcGFyYSBlc28gc2lydmUu
1NBLAw,,W0d1aWxkc21hbl0KTWFuLCBpdCBmZWVscyBtdWNoIHNhZmVyCmhhbmdpbmcgb3V0IGluIGFuIGFsbGV5CnRoYW4gc29tZSBjcm93ZGVkIGpvaW50LgpVcyBSb2d1ZXMuLi4gSSBndWVzcyB5b3UKY2FuIHNheSB3ZSBnb3QgYSBiaXQgb2YKYWdvcmFwaG9iaWEsIG5hdHVyYWxseS4=,,,,,W01lbWJybyBkYSBndWlsZGFdCkNhcmEsIG1lIHNpbnRvIG11aXRvIG1haXMgc2VndXJvCmVtIHVtIGJlY28KZG8gcXVlIGVtIHVtIGx1Z2FyIGxvdGFkby4KTsOzcywgQXJydWFjZWlyb3MuLi4gQWNobyBxdWUgdm9jw6oKcG9kZSBkaXplciBxdWUgdGVtb3MgdW0gcG91Y28gZGUKYWdvcmFmb2JpYSwgbmF0dXJhbG1lbnRlLg==,,W0dyZW1pYWxpc3RhXQpWYXlhLCBzZSBzaWVudGUgbXVjaG8gbcOhcyBzZWd1cm8KcGFzYXIgZWwgcmF0byBlbiB1biBjYWxsZWrDs24KcXVlIGVuIHVuIGFudHJvIGFiYXJyb3RhZG8uCk5vc290cm9zIGxvcyBQw61jYXJvcy4uLiBTdXBvbmdvIHF1ZQpzZSBwdWVkZSBkZWNpciBxdWUgdGVuZW1vcyB1biBwb2NvIGRlCmFnb3JhZm9iaWEsIGzDs2dpY2FtZW50ZS4=
1dBLAw,,W0d1aWxkc21hbl0KSGV5LCBJIGRvbid0IHRoaW5rCnlvdSdyZSBzdXBwb3NlZCB0byBiZQpoZXJlLiBZb3UgYmV0dGVyIGdldApnb2luZyBvbiB5b3VyIHdheS4KSXQncyBub3QgYSB0aHJlYXQsIGp1c3QKYSBmcmllbmRseSB3b3JkIG9mIGFkdmljZS4=,,,,,W01lbWJybyBkYSBndWlsZGFdCkVpLCBldSBuw6NvIGFjaG8gcXVlIAp2b2PDqiBkZXZlcmlhIGVzdGFyIGFxdWkuIArDiSBtZWxob3Igdm9jw6ogc2VndWlyIHNldSBjYW1pbmhvLgpOw6NvIMOpIHVtYSBhbWVhw6dhLCAKYXBlbmFzIHVtIGNvbnNlbGhvIGFtaWfDoXZlbC4=,,W0dyZW1pYWxpc3RhXQpPeWUsIG5vIGNyZW8gcXVlCmRlYmFzCmVzdGFyIGFxdcOtLiBTZXLDoSBtZWpvciBxdWUKc2lnYXMgdHUgY2FtaW5vLgpObyBlcyB1bmEgYW1lbmF6YS4gU29sbyBlcwp1biBjb25zZWpvIGFtaXN0b3NvLg==
1tBLAw,,W0d1aWxkc21hbl0KSGV5LCBJIGRvbid0IHRoaW5rCkkgY2FuIGhlbHAgeW91IG91dC4KWW91J3JlIHByZXR0eSBtdWNoCm9uIHlvdXIgb3duIGZyb20gaGVyZS4=,,,,,W01lbWJybyBkYSBndWlsZGFdCkVpLCBhY2hvIHF1ZSBuw6NvIHBvc3NvIGFqdWTDoS1sby4KVm9jw6ogZXN0w6EgcHJhdGljYW1lbnRlCnBvciBjb250YSBwcsOzcHJpYSBhIHBhcnRpciBkYXF1aS4=,,W0dyZW1pYWxpc3RhXQpPeWUsIG5vIGNyZW8gcXVlClB1ZWRvIGF5dWRhcnRlLgpBIHBhcnRpciBkZSBhaG9yYSwKYsOhc2ljYW1lbnRlIHRlIHRpZW5lcyBxdWUgbWFuZWphciBwb3IgdHUgY3VlbnRhLg==
19BLAw,,W0d1aWxkc21hbl0KSHVoLiBJIGhhdGUgY2xlYW4tdXAKZHV0eS4gSXQncyBhbHdheXMgYmV0dGVyCnRvIG1ha2UgbWVzc2VzIHRoYW4gdG8KaGFuZyBhcm91bmQgYWZ0ZXJ3YXJkcy4=,,,,,W01lbWJybyBkYSBndWlsZGFdCkh1aC4gRXUgb2RlaW8gbwpkZXZlciBkYSBsaW1wZXphLiDDiSBzZW1wcmUgbWVsaG9yCmZhemVyIGJhZ3Vuw6dhIGRvIHF1ZQpmaWNhciBwb3IgYcOtIGRlcG9pcy4=,,W0dyZW1pYWxpc3RhXQpNbW0uIE9kaW8gbGFzIHRhcmVhcwpkZSBsaW1waWV6YS4gU2llbXByZSBlcyBtZWpvcgpoYWNlciBkZXNhc3RyZXMgcXVlCnF1ZWRhcnNlIHBvciBhaMOtIGRlc3B1w6lzLg==
2NBLAw,,W0d1aWxkc21hbl0KWWVhaCwgd2UncmUgaW52ZXN0aWdhdGluZwp0aGUgc3RyYW5nZSBjcmltZXMgdGhhdCBhcmUKZ29pbmcgb24gYXJvdW5kIHRoZSBraW5nZG9tLgpIb3cnZCB5b3Uga25vdyBhYm91dCB0aGF0Pw==,,,,,W01lbWJybyBkYSBndWlsZGFdClNpbSwgZXN0YW1vcyBpbnZlc3RpZ2FuZG8Kb3MgZXN0cmFuaG9zIGNyaW1lcyAKcXVlIGVzdMOjbyBhY29udGVjZW5kbyBubyByZWluby4KQ29tbyB2b2PDqiBzYWJlIHNvYnJlIGlzc28/,,W0dyZW1pYWxpc3RhXQpTw60sIGVzdGFtb3MgaW52ZXN0aWdhbmRvCmxvcyBjcsOtbWVuZXMgZXh0cmHDsW9zIHF1ZQpvY3VycmVuIGVuIGVsIHJlaW5vLgrCv0PDs21vIGxvIHN1cGlzdGU/
2dBLAw,,SSB3YXMganVzdC4uLg==,,,,,RXUgZXN0YXZhIGFwZW5hcy4uLg==,,U29sbyBlc3RhYmHigKY=
2tBLAw,,Q2FuIEkgaGVscD8=,,,,,UG9zc28gYWp1ZGFyPw==,,wr9QdWVkbyBheXVkYXJ0ZT8=
29BLAw,,W0d1aWxkc21hbl0KSnVzdCB3aGF0Li4uPwpTcGVhayB1cCwgcGFsLg==,,,,,W01lbWJybyBkYSBndWlsZGFdCk8gcXVlLi4uPwpGYWxlIG1haXMgYWx0bywgYW1pZ28u,,W0dyZW1pYWxpc3RhXQrCv1F1w6kuLi4/CkhhYmxhLCBjYW1hcmFkYS4=
3NBLAw,,W0d1aWxkc21hbl0KU28geW91IHdhbnRlZCB0byBoZWxwCnVzIG91dD8gSGVjaywgd2UgY291bGQKdXNlIHRoZSBoZWxwLCBJIGd1ZXNzLgpJIG5lZWQgeW91IHRvIGdvIG9uIGEgYml0Cm9mIGEgdHJpcCBmb3IgbWUsIHNvIGdldApzb21lIHByb3Zpc2lvbnMgcmVhZHksIHllYWg/,,,,,W01lbWJybyBkYSBndWlsZGFdCkVudMOjbyB2b2PDqiBxdWVyaWEgbm9zIGFqdWRhcj8gCkNhcmFtYmEsIG7Ds3MgcG9kZXLDrWFtb3MKYXByb3ZlaXRhciBhIGFqdWRhLCBldSBhY2hvLgpQcmVjaXNvIHF1ZSB2b2PDqiBmYcOnYSB1bWEgcGVxdWVuYQp1bWEgdmlhZ2VtIHBhcmEgbWltLCBwb3J0YW50bywgcHJlcGFyZQphbGd1bWFzIHByb3Zpc8O1ZXMsIGVzdMOhIGJlbT8=,,W0dyZW1pYWxpc3RhXQpBc8OtIHF1ZSDCv3F1ZXLDrWFzCmF5dWRhcm5vcz8gRGlhYmxvcywgc3Vwb25nbyBxdWUgbm9zIHZlbmRyw61hCmJpZW4gbGEgYXl1ZGEuCk5lY2VzaXRvIHF1ZSBoYWdhcwp1biB2aWFqZWNpdG8gcG9yIG3DrSwgYXPDrSBxdWUKcHJlcGFyYSBhbGd1bmFzIHByb3Zpc2lvbmVzLCDCv3PDrT8=
3dBLAw,,W0d1aWxkc21hbl0KWW91IGFsbCByZWFkeSBhbmQKZXZlcnl0aGluZz8gR29vZC4KTm93LCBJIG5lZWQgeW91IHRvCmRlbGl2ZXIgc29tZSBpbnRlbCB0bwp0aGUgb3RoZXIgUm9ndWVzIGZvciBtZS4KVGhpbmsgeW91IGNhbiBkbyB0aGF0Pw==,,,,,W01lbWJybyBkYSBndWlsZGFdClZvY8OqIGVzdMOhIHByb250byBlCnR1ZG8/IMOTdGltby4KQWdvcmEsIHByZWNpc28gcXVlIHZvY8OqCmVudHJlZ3VlIGFsZ3VtYXMgaW5mb3JtYcOnw7VlcyAKYW9zIG91dHJvcyBBcnJ1YWNlaXJvcyBwYXJhIG1pbS4KVm9jw6ogYWNoYSBxdWUgcG9kZSBmYXplciBpc3NvPw==,,W0dyZW1pYWxpc3RhXQrCv1lhIHRlIHByZXBhcmFzdGUKdG9kb+KApiBCaWVuLgpBaG9yYSwgbmVjZXNpdG8gcXVlIGxlcwplbnRyZWd1ZXMgaW5mb3JtYWNpw7NuIGEKbG9zIG90cm9zIFDDrWNhcm9zLgrCv0NyZWVzIHF1ZSBwdWVkZXMgaGFjZXJsbz8=
3tBLAw,,W0d1aWxkc21hbl0KRmlyc3QsIEkgd2FudCB5b3UgdG8KZ28gdG8gQWwgRGUgQmFyYW4uCkZpbmQgb3VyIGd1eSwgYW5kIGhlbHAKaGltIG91dCBhbnkgd2F5IHlvdSBjYW4uClVzIFJvZ3VlcyBhcmUgaGFyZCB0bwpmaW5kLCBidXQgeW91J2xsIGZpZ3VyZSBpdCBvdXQu,,,,,W01lbWJybyBkYSBndWlsZGFdClByaW1laXJvLCBxdWVybyBxdWUgdm9jw6oKdsOhIHBhcmEgQWwgRGUgQmFyYW4uIEVuY29udHJlCm5vc3NvIGhvbWVtIGUgbyBhanVkZQpjb21vIHB1ZGVyLiBOw7NzLCBBcnJ1YWNlaXJvcywKc29tb3MgZGlmw61jZWlzIGRlIGVuY29udHJhciwKbWFzIHZvY8OqIHZhaSBkZXNjb2JyaXIu,,W0dyZW1pYWxpc3RhXQpFbiBwcmltZXIgbHVnYXIsIHF1aWVybyBxdWUKdmF5YXMgYSBBbGRlYmFyYW4uCkVuY3VlbnRyYSBhbCB0aXBvIGRlIG51ZXN0cmEgY2xhc2UgeSBhecO6ZGFsbwpjb21vIHB1ZWRhcy4KTG9zIFDDrWNhcm9zIHNvbW9zIGRpZsOtY2lsZXMgZGUKZW5jb250cmFyLCBwZXJvIHRlIGRhcsOhcyBjdWVudGEu
39BLAw,,W0d1aWxkc21hbl0KSSBrbm93IHRoYXQncyBwcm9iYWJseQpub3QgZW5vdWdoIGluc3RydWN0aW9uLApidXQgdGhhdCdzIGp1c3QgdGhlIGZpcnN0CnN0ZXAsIGFueXdheS4gR29vZCBsdWNrLg==,,,,,W01lbWJybyBkYSBndWlsZGFdCkV1IHNlaSBxdWUgaXNzbyBwcm92YXZlbG1lbnRlCm7Do28gc2VqYSBpbnN0cnXDp8OjbyBzdWZpY2llbnRlLAptYXMgZXNzZSDDqSBhcGVuYXMgbyBwcmltZWlybwpwYXNzbywgZGUgcXVhbHF1ZXIgZm9ybWEuIEJvYSBzb3J0ZS4=,,W0dyZW1pYWxpc3RhXQpTw6kgcXVlIHByb2JhYmxlbWVudGUKbm8gYWxjYW5jZSBjb24gZXN0YXMgaW5zdHJ1Y2Npb25lcywKcGVybywgZGUgdG9kb3MgbW9kb3MsIGVzZSBlcyBzb2xvIGVsIHByaW1lcgpwYXNvLiBCdWVuYSBzdWVydGUu
4NBLAw,,W0d1aWxkc21hbl0KSGV5LCB5b3UgZ290dGEgZ2V0CmdvaW4nIHRvIEFsIERlIEJhcmFuLAphbmQgZmluZCBvbmUgb2YgdXMgUm9ndWVzCndvcmtpbmcgb24gdGhlIGludmVzdGlnYXRpb24uCkkgdGhvdWdodCB5b3Ugd2FudGVkIHRvIGhlbHA/,,,,,W01lbWJybyBkYSBndWlsZGFdCkVpLCB2b2PDqiBwcmVjaXNhIGlyIHBhcmEgQWwgRGUgQmFyYW4sCmUgZW5jb250cmFyIHVtIGRlIG7Ds3MsIApBcnJ1YWNlaXJvcyB0cmFiYWxoYW5kbyAKbmEgaW52ZXN0aWdhw6fDo28uCkFjaGVpIHF1ZSB2b2PDqiBxdWVyaWEgYWp1ZGFyPw==,,W0dyZW1pYWxpc3RhXQpPeWUsIHRpZW5lcyBxdWUgaXJ0ZQpoYWNpYSBBbGRlYmFyYW4sCnkgZW5jb250cmFyIGEgdW5vIGRlIG51ZXN0cm9zIFDDrWNhcm9zCnF1ZSBlc3TDoSB0cmFiYWphbmRvIGVuIGxhIGludmVzdGlnYWNpw7NuLgpQZW5zw6kgcXVlIHF1ZXLDrWFzIGF5dWRhci4=
4dBLAw,,W0d1aWxkc21hbl0KSGVyZSdzIGEgYml0IG9mIGEgdGlwfgpVcyBSb2d1ZSBhZ2VudHMgdXN1YWxseQp0cnkgdG8gaGlkZSBvdXQgaW4gdGhlCnNvdXRoIHNpZGUgb2YgdG93bnMuCkJpdCBvZiBhIHRyYWRpdGlvbi4=,,,,,W01lbWJybyBkYSBndWlsZGFdCkFxdWkgZXN0w6EgdW1hIHBlcXVlbmEgZGljYX4KTsOzcywgYWdlbnRlcyBBcnJ1YWNlaXJvcywgCmdlcmFsbWVudGUgdGVudGFtb3Mgbm9zIGVzY29uZGVyIApubyBsYWRvIHN1bCBkYXMgY2lkYWRlcy4Kw4kgdW0gcG91Y28gZGUgdHJhZGnDp8Ojby4=,,W0dyZW1pYWxpc3RhXQpBcXXDrSB0aWVuZXMgdW4gcGVxdWXDsW8gY29uc2Vqby4KTm9zb3Ryb3MsIGxvcyBhZ2VudGVzIFDDrWNhcm9zLCBzb2xlbW9zCnRyYXRhciBkZSBlc2NvbmRlcm5vcyBlbiBlbApsYWRvIHN1ciBkZSBsYXMgY2l1ZGFkZXMuCkVzIHVuYSBlc3BlY2llIGRlIHRyYWRpY2nDs24u
4tBLAw,,W0d1aWxkc21hbl0KV2hhdCdzIHRoaXMsIGEgcmVwb3J0CmZyb20gQWwgRGUgQmFyYW4/ICdLYXksCmxldCBtZSBnaXZlIGl0IGEgcmVhZC4uLg==,,,,,W01lbWJybyBkYSBndWlsZGFdCk8gcXVlIMOpIGlzc28sIHVtIHJlbGF0w7NyaW8KZGUgQWwgRGUgQmFyYW4/IEVzdMOhIGJlbSwKZGVpeGUtbWUgZGFyIHVtYSBvbGhhZGEuLi4=,,W0dyZW1pYWxpc3RhXQrCv1F1w6kgZXMgZXN0bywgdW4gaW5mb3JtZQpkZSBBbGRlYmFyYW4/IERlIGFjdWVyZG8sCmTDqWphbWUgbGVlcmxvLi4u
49BLAw,,W0d1aWxkc21hbl0KSHVoLCBva2F5LiBMb29rcyBsaWtlCnlvdXIgbmV4dCBzdG9wIGlzIGdvbm5hCmJlIGluIEdlZmZlbi4gTG9vayBmb3Igb3VyCkdlZmZlbiBhZ2VudCBzb21ld2hlcmUgaW4KdGhlIFNvdXRoIEdlZmZlbiBhcmVhLCBva2F5PwpBaCwgYW5kIHRha2UgdGhpcyBub3RlIHRvby4=,,,,,W01lbWJybyBkYSBndWlsZGFdCkh1aCwgb2suIFBhcmVjZSBxdWUKc3VhIHByw7N4aW1hIHBhcmFkYSBzZXLDoSBlbSBHZWZmZW4uIApQcm9jdXJlbSBub3NzbyBhZ2VudGUgZGUgR2VmZmVuIAplbSBhbGd1bSBsdWdhciBuYQrDoXJlYSBTdWwgZGUgR2VmZmVuLCBlc3TDoSBiZW0/CkFoLCBlIGxldmUgZXN0ZSBiaWxoZXRlIHRhbWLDqW0u,,W0dyZW1pYWxpc3RhXQpFaCwgZXN0w6EgYmllbi4gUGFyZWNlIHF1ZQp0dSBwcsOzeGltYSBwYXJhZGEgc2Vyw6EKZW4gR2VmZmVuLiBCdXNjYSBhIG51ZXN0cm8KYWdlbnRlIGRlIEdlZmZlbiBlbiBhbGfDum4gbHVnYXIgZGUKbGEgem9uYSBzdXIgZGUgZXNhIGNpdWRhZCwgwr9lc3TDoSBiaWVuPwpBaCwgeSBsbGV2YSBlc3RhIG5vdGEgdGFtYmnDqW4u
5NBLAw,,XjMzNTVGRllvdSByZWNlaXZlZAphbm90aGVyIGZvbGRlZCBub3RlLl4wMDAwMDA=,,,,,XjMzNTVGRlZvY8OqIHJlY2ViZXUKb3V0cmEgbm90YSBkb2JyYWRhLl4wMDAwMDA=,,XjI1MDJGRFJlY2liaXN0ZQpvdHJhIG5vdGEgZG9ibGFkYS5eMDAwMDAw
5dBLAw,,W0d1aWxkc21hbl0KSGV5LCB3aHkgaGF2ZW4ndCB5b3UKbGVmdCBmb3IgR2VmZmVuPyBPdXIKYWdlbnQgb3VnaHRhIGJlIGluIHRoZQpzb3V0aCBzaWRlIG9mIHRvd24uCkl0J3Mgbm90IGZhciwgc28gZG9uJ3QKdGhyb3cgYSBoaXNzeSBmaXQu,,,,,W01lbWJybyBkYSBndWlsZGFdCkVpLCBwb3IgcXVlIHZvY8OqIG7Do28gZm9pIApwYXJhIEdlZmZlbj8gCk5vc3NvIGFnZW50ZSBkZXZlIGVzdGFyIG5vCmxhZG8gc3VsIGRhIGNpZGFkZS4KTsOjbyDDqSBsb25nZSwgCmVudMOjbyBuw6NvIGZhw6dhIGJpcnJhLg==,,W0dyZW1pYWxpc3RhXQpPeWUsIMK/cG9yIHF1w6kgbm8gdGUKZnVpc3RlIGEgR2VmZmVuPyBOdWVzdHJvCmFnZW50ZSBkZWJlcsOtYSBlc3RhciBlbiBlbApsYWRvIHN1ciBkZSBsYSBjaXVkYWQuCk5vIGVzdMOhIGxlam9zLCBhc8OtIHF1ZSBubwpoYWdhcyB1biBiZXJyaW5jaGUu
5tBLAw,,W0d1aWxkc21hbl0KRmluYWxseSwgdGhlIFogR2FuZwpjYXNlIGlzIGNsb3NlZC4gVGhvc2UKZ3V5cyByZWFsbHkgZ2F2ZSB1cyBzb21lCnRyb3VibGUuIFdoeSB0aGUgaGVsbCBkaWQKdGhleSBzdGlyIHVwIHNvIG11Y2ggcnVja3VzCmluIHRoZSBraW5nZG9tLCBhbnlob3c/,,,,,W01lbWJybyBkYSBndWlsZGFdCkZpbmFsbWVudGUsIG8gY2FzbyBkYSBHYW5ndWUgWgplc3TDoSBlbmNlcnJhZG8uIEVzc2VzCmNhcmFzIHJlYWxtZW50ZSBub3MgZGVyYW0gYWxndW5zCnByb2JsZW1hcy4gUG9yIHF1ZSBkaWFib3MKZWxlcyBjYXVzYXJhbSB0YW50byB0dW11bHRvCm5vIHJlaW5vLCBhZmluYWwgZGUgY29udGFzPw==,,W0dyZW1pYWxpc3RhXQpBbCBmaW4sIGVsIGNhc28gZGUgbGEgUGFuZGlsbGEgWgplc3TDoSBjZXJyYWRvLiBFc29zCnRpcG9zIGRlIHZlcmRhZCBub3MgY2F1c2Fyb24gYWxndW5vcwpwcm9ibGVtYXMuIMK/UG9yIHF1w6kgZGVtb25pb3MKY2F1c2Fyb24gdGFudG8gYWxib3JvdG8KZW4gZWwgcmVpbm8/
59BLAw,,W0d1aWxkc21hbl0KTGlzdGVuLCBJIHdhbm5hIHRoYW5rCnlvdSBmb3IgcGl0Y2hpbmcgaW4gYW5kCmhlbHBpbmcgb3V0LiBJdCdzIGEgc21hbGwKZ2lmdCwgYnV0IG1heWJlIHlvdSdsbApsaWtlIGl0LiBJZiBub3QsIGRvbid0CmxlbW1lIGtub3cuIEdvdCBpdD8=,,,,,W01lbWJybyBkYSBndWlsZGFdCk91w6dhLCBldSBxdWVybyBsaGUgYWdyYWRlY2VyIApwb3IgcGFydGljaXBhciBlIGFqdWRhci4gCsOJIHVtIHBlcXVlbm8KcHJlc2VudGUsIG1hcyB0YWx2ZXogdm9jw6oKZ29zdGUgZGVsZS4gQ2FzbyBjb250csOhcmlvLCBuw6NvCmRlaXhlLW1lIHNhYmVyLiBFbnRlbmRldT8=,,W0dyZW1pYWxpc3RhXQpFc2N1Y2hhLCBxdWllcm8gZGFydGUgbGFzIGdyYWNpYXMKcG9yIGFycmltYXIgZWwgaG9tYnJvIHkKYXl1ZGFyLiAKcmVnYWxvLCBwZXJvIHRhbCB2ZXoKYWxnbyBhc8OtISBTaSBubywgbm8KbWUgbG8gZGlnYXMuIMK/RW50ZW5kaXN0ZT8=
6NBLAw,,W0d1aWxkc21hbl0KSGV5LCB5b3Ugd2VyZSByZWFsbHkKYSBiaWcgaGVscCBlYXJsaWVyLgpDYW4gd2UgY291bnQgb24geW91CmFnYWluIHNvbWV0aW1lPyBUaGUKUm9ndWVzIGNhbiBhbHdheXMgdXNlCmFub3RoZXIgZnJpZW5kLCB5b3Uga25vdz8=,,,,,W01lbWJybyBkYSBndWlsZGFdCkVpLCB2b2PDqiBmb2kgcmVhbG1lbnRlCnVtYSBncmFuZGUgYWp1ZGEgYW50ZXMuClBvZGVtb3MgY29udGFyIGNvbSB2b2PDqgpub3ZhbWVudGUgZW0gYWxndW0gbW9tZW50bz8gT3MKQXJydWFjZWlyb3Mgc2VtcHJlIHBvZGVtIGFwcm92ZWl0YXIKb3V0cm8gYW1pZ28sIHNhYmU/,,W0dyZW1pYWxpc3RhXQpPeWUsIGZ1aXN0ZQpkZSBncmFuIGF5dWRhIGFudGVzLgrCv1BvZGVtb3MgY29udGFyIGNvbnRpZ28KYWxndW5hIG90cmEgdmV6PyBBIGxvcwpQw61jYXJvcyBzaWVtcHJlIGxlcyB2aWVuZSBiaWVuCmhhY2VyIG51ZXZhcyBhbWlzdGFkZXMsIMK/c2FiZXM/
6dBLAw,,W0d1aWxkc21hbl0KSSBkb24ndCBrbm93IHdobyB5b3UncmUKbG9va2luJyBmb3IsIGJ1dCB5b3UKZ290IHRoZSB3cm9uZyBndXkuCkxpc3RlbiwgSSBnb3Qgd29yawp0byBkbywgc28uLi4=,,,,,W01lbWJybyBkYSBndWlsZGFdCkV1IG7Do28gc2VpIHF1ZW0gdm9jw6ogZXN0w6EKcHJvY3VyYW5kbywgbWFzIHZvY8OqCnBlZ291IG8gY2FyYSBlcnJhZG8uCk91w6dhLCBldSB0ZW5obyB0cmFiYWxobwpwYXJhIGZhemVyLCBlbnTDo28uLi4=,,W0dyZW1pYWxpc3RhXQpObyBzw6kgYSBxdWnDqW4KYnVzY2FzLCBwZXJvCmVuY29udHJhc3RlIGFsIHRpcG8gZXF1aXZvY2Fkby4KRXNjdWNoYSwgdGVuZ28gdHJhYmFqbwpxdWUgaGFjZXIsIGFzw60gcXVlLi4u
6tBLAw,,W0FnZW50XQpMaXN0ZW4sIEknbSB3b3JraW5nIG9uCmFuIGltcG9ydGFudCBhc3NpZ25tZW50CmZvciB0aGUgUm9ndWUgR3VpbGQuCldvdWxkIGxldCBsZW1tZSBhbG9uZQpzbyBJIGNhbiBkbyB3aGF0IEkgZ290dGE/,,,,,W0FnZW50ZV0KT3XDp2EsIGVzdG91IHRyYWJhbGhhbmRvIGVtCnVtYSBtaXNzw6NvIGltcG9ydGFudGUKcGFyYSBhIEd1aWxkYSBkb3MgQXJydWFjZWlyb3MuClBvZGUgbWUgZGVpeGFyIGVtIHBhegpwYXJhIHF1ZSBldSBwb3NzYSBmYXplciBvIHF1ZSB0ZW5obyBxdWUgZmF6ZXI/,,W0FnZW50ZV0KRXNjdWNoYSwgZXN0b3kgdHJhYmFqYW5kbyBlbgp1bmEgbWlzacOzbiBpbXBvcnRhbnRlCnBhcmEgZWwgZ3JlbWlvIGRlIFDDrWNhcm9zLgrCv01lIHBvZHLDrWFzIGRlamFyIGVuIHBhegpwYXJhIHF1ZSBwdWVkYSBoYWNlciBtaSB0cmFiYWpvPw==
69BLAw,,W0FnZW50XQpUaGV5IHNlbnQgeW91IHRvIGhlbHAgbWU/CkVoLCB0aGFua3MgZm9yIGNvbWluJyBzbwpmYXIuIEkndmUgYmVlbiBjb2xsZWN0aW5nCmludGVsIGhlcmUgaW4gQWwgRGUgQmFyYW4uCkknbSBwcmV0dHkgc3VyZSB0aGUgWiBHYW5nJ3MKc3ByZWFkaW5nIHJ1bW9ycyBhcm91bmQgaGVyZS4=,,,,,W0FnZW50ZV0KRWxlcyBvIGVudmlhcmFtIHBhcmEgbWUgYWp1ZGFyPwpFaCwgb2JyaWdhZG8gcG9yIHRlciB2aW5kbyB0w6NvIGxvbmdlLiAKRXN0b3UgY29sZXRhbmRvCmluZm9ybWHDp8O1ZXMgYXF1aSBlbSBBbCBEZSBCYXJhbi4KVGVuaG8gY2VydGV6YSBkZSBxdWUgYSBHYW5ndWUgWiBlc3TDoSAKZXNwYWxoYW5kbyBydW1vcmVzIHBvciBhcXVpLg==,,W0FnZW50ZV0Kwr9UZSBlbnZpYXJvbiBwYXJhIGF5dWRhcm1lPwpFaCwgZ3JhY2lhcyBwb3IgdmVuaXIKdGFuIGxlam9zLiBFc3R1dmUgcmVjb3BpbGFuZG8KaW5mb3JtYWNpw7NuIGFxdcOtIGVuIEFsZGViYXJhbi4KRXN0b3kgYmFzdGFudGUgc2VndXJvIGRlIHF1ZSBsYSBQYW5kaWxsYSBaCmVzcGFyY2UgcnVtb3JlcyBwb3IgYXF1w60u
7NBLAw,,W0FnZW50XQpUaGV5J3ZlIGJlZW4gdGVsbGluZwpwZW9wbGUgdGhlcmUncyBnb25uYSBiZQphIHdhciBjb21pbicsIGJ1dC4uLiBJdApzZWVtcyBsaWtlIGEgbG9hZCBvZiBodWV5LgpUaGUgWiBHYW5nJ3MgY2FwdHVyZWQgc28KdGhlIHJ1bW9yJ2xsIGp1c3QgZGllIG91dC4uLg==,,,,,W0FnZW50ZV0KRWxlcyB0w6ptIGRpdG8gw6BzCnBlc3NvYXMgcXVlIHZhaSBoYXZlcgp1bWEgZ3VlcnJhIHNlIGFwcm94aW1hbmRvLCBtYXMuLi4gSXNzbwpwYXJlY2UgdW0gbW9udGUgZGUgYm9iYWdlbS4KQSBnYW5ndWUgWiBmb2kgY2FwdHVyYWRhLCBlbnTDo28KbyBib2F0byB2YWkgYWNhYmFyLi4u,,W0FnZW50ZV0KTGUgZGlqZXJvbiBhIGxhCmdlbnRlIHF1ZQpzZSBhdmVjaW5hIHVuYSBndWVycmEsIHBlcm8uLi4gUGFyZWNlCnVuIG1vbnTDs24gZGUgcGF0cmHDsWFzLgpMYSBQYW5kaWxsYSBaIGVzdMOhIGNhcHR1cmFkYSwgYXPDrSBxdWUKZWwgcnVtb3IgdmEgYSBkZXNhcGFyZWNlci4uLg==
7dBLAw,,W0FnZW50XQpEbyBtZSBhIGZhdm9yLCBhbmQKZ2V0IHRoaXMgcmVwb3J0IG92ZXIKdGhlIGFnZW50IGluIEdlZmZlbj8KVGhhbmtzLCBJJ2QgYXBwcmVjaWF0ZSBpdC4=,,,,,W0FnZW50ZV0KRmHDp2EtbWUgdW0gZmF2b3IsIGUKZW50cmVndWUgZXN0ZSByZWxhdMOzcmlvCnBhcmEgbyBhZ2VudGUgZW0gR2VmZmVuPwpPYnJpZ2FkbywgZXUgYWdyYWRlY2VyaWEgbXVpdG8u,,W0FnZW50ZV0KSGF6bWUgdW4gZmF2b3IgeQpsbMOpdmFsZSBlc3RlIGluZm9ybWUKYWwgYWdlbnRlIGRlIEdlZmZlbi4KR3JhY2lhcywgdGUgbG8gYWdyYWRlY2Vyw61hLg==
7tBLAw,,XjMzNTVGRllvdSByZWNlaXZlZCBhCnRpZ2h0bHkgZm9sZGVkIG5vdGUuXjAwMDAwMA==,,,,,XjMzNTVGRlZvY8OqIHJlY2ViZXUgdW0gCmJpbGhldGUgYmVtIGRvYnJhZG8uXjAwMDAwMA==,,XjI1MDJGRFJlY2liaXN0ZSB1bmEKbm90YSBiaWVuIGRvYmxhZGEuXjAwMDAwMA==
79BLAw,,W0FnZW50XQpUaGV5IHNlbnQgeW91IHRvIGhlbHAgbWU/CkVoLCB0aGFua3MgZm9yIGNvbWluJyBzbwpmYXIuIEkndmUgYmVlbiBjb2xsZWN0aW5nCmludGVsIGhlcmUgaW4gQWwgRGUgQmFyYW4u,,,,,W0FnZW50ZV0KRWxlcyBvIGVudmlhcmFtIHBhcmEgbWUgYWp1ZGFyPwpFaCwgb2JyaWdhZG8gcG9yIHRlciB2aW5kbyB0w6NvIGxvbmdlLiAKRXN0b3UgY29sZXRhbmRvCmluZm9ybWHDp8O1ZXMgYXF1aSBlbSBBbCBEZSBCYXJhbi4=,,W0FnZW50ZV0Kwr9UZSBlbnZpYXJvbiBwYXJhIGF5dWRhcm1lPwpFaCwgZ3JhY2lhcyBwb3IgdmVuaXIKdGFuIGxlam9zLiBFc3R1dmUgcmVjb3BpbGFuZG8KaW5mb3JtYWNpw7NuIGFxdcOtIGVuIEFsZGViYXJhbi4=
8NBLAw,,W0FnZW50XQpUaGVyZSdzIHRoaXMgcnVtb3IgZ29pbicKYXJvdW5kIHRoYXQgd2FyJ3MgY29taW4nCmJ1dC4uLiBJIGRvbid0IHNlZSBhbnkgcmVhbApzaWducyBvZiBpdC4gVHJhaW5zLCB0ZWxlcG9ydHMsCmFpcnNoaXBzLCB0aGV5IHN0aWxsIGtlZXAKb24gZG9pbicgd2hhdCB0aGV5IGRvLg==,,,,,W0FnZW50ZV0KSMOhIHVtIGJvYXRvIGNpcmN1bGFuZG8KcXVlIGEgZ3VlcnJhIGVzdMOhIGNoZWdhbmRvCm1hcy4uLiBFdSBuw6NvIHZlam8gbmVuaHVtCnNpbmFsIHJlYWwgZGVsYS4gVHJlbnMsIHRlbGV0cmFuc3BvcnRlcywKYWVyb3BsYW5vcywgZWxlcyBhaW5kYSBjb250aW51YW0gCmZhemVuZG8gbyBxdWUgZmF6ZW0u,,W0FnZW50ZV0KSGF5IHVuIHJ1bW9yCmRlIHF1ZSBzZSB2aWVuZSBsYSBndWVycmEKcGVyb+KApiBObyB2ZW8gbmluZ8O6bgppbmRpY2lvIGNvbmNyZXRvIGRlIGVsbG8uIFRyZW5lcywgdGVsZXRyYW5zcG9ydGVzLAphZXJvbmF2ZXMsIHNpZ3VlbiBmdW5jaW9uYW5kbwpjb21vIHNpZW1wcmUu
8dBLAw,,W0FnZW50XQpJJ20gbm90IHN1cmUgd2hvLCBidXQKc29tZW9uZSdzIHByb2JhYmx5IGp1c3QKc3ByZWFkaW5nIHRoaXMgcnVtb3IgdG8KZ2V0IHBlb3BsZSB0byBwYW5pY2suCkl0J3Mga2luZGEgd29ya2luJywgdGhvdWdoLi4u,,,,,W0FnZW50ZV0KTsOjbyB0ZW5obyBjZXJ0ZXphIGRlIHF1ZW0sIG1hcwphbGd1w6ltIHByb3ZhdmVsbWVudGUgZXN0w6EgYXBlbmFzCmVzcGFsaGFuZG8gZXNzZSBib2F0byBwYXJhCmZhemVyIGFzIHBlc3NvYXMgZW50cmFyZW0gZW0gcMOibmljby4KTWFzIGF0w6kgcXVlIGVzdMOhIGZ1bmNpb25hbmRvLi4u,,W0FnZW50ZV0KTm8gZXN0b3kgc2VndXJvIGRlIHF1acOpbiwgcGVybwphbGd1aWVuIHByb2JhYmxlbWVudGUKZGlmdW5kZSBlc3RlIHJ1bW9yIHBhcmEKaGFjZXIgcXVlIGxhIGdlbnRlIGVudHJlIGVuIHDDoW5pY28uCkF1bnF1ZSBlc3TDoSBmdW5jaW9uYW5kby4uLg==
8tBLAw,,W0FnZW50XQpIZXkuLi4=,,,,,W0FnZW50ZV0KRWkuLi4=,,W0FnZW50ZV0KT3ll4oCm
89BLAw,,V291bGQgeW91IHBsZWFzZSBnZXQKbXkgcmVwb3J0IG92ZXIgdG8gdGhlClJvZ3VlIGFnZW50IGluIEdlZmZlbj8KWW91J2QgYmV0dGVyIGh1cnJ5IHNpbmNlCndlIGdvdHRhIHdvcmsgcXVpY2su,,,,,Vm9jw6ogcG9kZXJpYSwgcG9yIGZhdm9yLCBlbnZpYXIKbWV1IHJlbGF0w7NyaW8gcGFyYSAKbyBhZ2VudGUgQXJydWFjZWlybyBlbSBHZWZmZW4/CsOJIG1lbGhvciB2b2PDqiBzZSBhcHJlc3NhciwgcG9pcwp0ZW1vcyBxdWUgdHJhYmFsaGFyIHLDoXBpZG8u,,wr9Qb2Ryw61hcywgcG9yIGZhdm9yLApsbGV2YXJsZSBtaSBpbmZvcm1lIGFsCmFnZW50ZSBQw61jYXJvIGRlIEdlZmZlbj8KU2Vyw6EgbWVqb3IgcXVlIHRlIGFwdXJlcyB5YSBxdWUKdGVuZW1vcyBxdWUgdHJhYmFqYXIgcsOhcGlkby4=
9NBLAw,,V291bGQgeW91IHBsZWFzZSBnZXQKbXkgcmVwb3J0IG92ZXIgdG8gdGhlClJvZ3VlIEd1aWxkPyBUaGV5Cm5lZWQgdG8gcmVhZCBpdCBBLlMuQS5QLgpZb3Uga25vdywgcHJvbnRvLg==,,,,,Vm9jw6ogcG9kZXJpYSwgcG9yIGZhdm9yLCBlbnZpYXIKbWV1IHJlbGF0w7NyaW8gcGFyYSBhCkd1aWxkYSBkb3MgQXJydWFjZWlyb3M/IApFbGVzIHByZWNpc2FtIGzDqi1sbyBvIG1haXMgcsOhcGlkbyBwb3Nzw612ZWwuClZvY8OqIHNhYmUsIGltZWRpYXRhbWVudGUu,,wr9Qb2Ryw61hcywgcG9yIGZhdm9yLApsbGV2YXJsZSBtaSBpbmZvcm1lIGFsCsK/R3JlbWlvIGRlIGxvcyBQw61jYXJvcz8gTmVjZXNpdGFuCmxlZXJsbyBsbyBhbnRlcyBwb3NpYmxlLgpZYSBzYWJlcywgZW5zZWd1aWRhLg==
9dBLAw,,W0FnZW50XQpXaGF0J3MgdGhpcywgYSByZXBvcnQKZnJvbSB0aGUgUGF5b24gYWdlbnQ/ClVtLCBsaXN0ZW4sIEkgZG9uJ3QgdGhpbmsKdGhpcyBpcyBmb3IgbWUuIFlvdSBtaWdodAp3YW5uYSB0cnkgb25lIG9mIHRoZSBvdGhlcgpSb2d1ZSBhZ2VudHMgYXJvdW5kLCBva2F5Pw==,,,,,W0FnZW50ZV0KTyBxdWUgw6kgaXNzbywgdW0gcmVsYXTDs3JpbwpkbyBhZ2VudGUgUGF5b24/Ckh1bSwgb3XDp2EsIGV1IG7Do28gYWNobyAKcXVlIGlzc28gc2VqYSBwYXJhIG1pbS4gClRhbHZleiB2b2PDqiBxdWVpcmEgdGVudGFyIHVtIGRvcyBvdXRyb3MKYWdlbnRlcyBBcnJ1YWNlaXJvcyBwb3IgYcOtLCBjZXJ0bz8=,,W0FnZW50ZV0Kwr9RdcOpIGVzIGVzdG8sIHVuIGluZm9ybWUKZGVsIGFnZW50ZSBkZSBQYXlvbj8KRWgsIGVzY3VjaGEsIG5vIGNyZW8KcXVlIGVzdG8gc2VhIHBhcmEgbcOtLiBUYWwgdmV6IHRlIGNvbnZlbmdhCmludGVudGFyIGNvbiBhbGd1bm8gZGUgbG9zIG90cm9zCmFnZW50ZSBQw61jYXJvcyBxdWUgZXN0w6FuIHBvciBhaMOtLCDCv2VzdMOhIGJpZW4/
9tBLAw,,W0FnZW50XQpIZXksIHRoYW5rcyBmb3IKaGVscGluZyBvdXQuIEkgc3VyZQpob3BlIHRoZSBraW5nZG9tIGNhbgplbmpveSBhIGxpdHRsZSBwZWFjZQp3aXRoIHRoZSBaIEdhbmcgb3V0Cm9mIHRoZSBwaWN0dXJlLg==,,,,,W0FnZW50ZV0KRWksIG9icmlnYWRvCnBlbGEgYWp1ZGEuIENvbSBjZXJ0ZXphCmVzcGVybyBxdWUgbyByZWlubyBwb3NzYQpkZXNmcnV0YXIgZGUgdW0gcG91Y28gZGUgcGF6CmNvbSBhIEdhbmd1ZSBaCmZvcmEgZGUgY2VuYS4=,,W0FnZW50ZV0KT3llLCBncmFjaWFzIHBvcgpEZSB2ZXJkYWQKZXNwZXJvIHF1ZSBlbCByZWlubyBwdWVkYQpkaXNmcnV0YXIgZGUgdW4gcG9jbyBkZSBwYXosCmFob3JhIHF1ZSBsYSBQYW5kaWxsYSBaIHNlIGVuY3VlbnRyYQpmdWVyYSBkZSBsYSBlc2NlbmEu
99BLAw,,W0FnZW50XQpXZWxsLCB3ZSd2ZSB0cmFja2VkCmRvd24gdGhlIFogR2FuZy4gQWxsIHdlCmdvdHRhIGRvIG5vdyBpcyBnZXQgdGhlbSE=,,,,,W0FnZW50ZV0KQmVtLCBuw7NzIHJhc3RyZWFtb3MKYSBHYW5ndWUgWi4gVHVkbyBvIHF1ZSB0ZW1vcyBxdWUgZmF6ZXIKYWdvcmEgw6kgcGVnw6EtbG9zIQ==,,W0FnZW50ZV0KQnVlbm8sIHJhc3RyZWFtb3MKYSBsYSBQYW5kaWxsYSBaLiDCoVRvZG8gbG8gcXVlCnRlbmVtb3MgcXVlIGhhY2VyIGFob3JhIGVzIGF0cmFwYXJsb3Mh
+NBLAw,,W0FnZW50XQpJIHN0aWxsIGdvdCBzb21lCnRoaW5ncyB0byBkbyBhcm91bmQKaGVyZS4gVGhlbSdzIHRoZSBicmVha3Mu,,,,,W0FnZW50ZV0KQWluZGEgdGVuaG8gYWxndW1hcwpjb2lzYXMgcGFyYSBmYXplciBwb3IKYXF1aS4gU8OjbyBvcyBpbnRlcnZhbG9zLg==,,W0FnZW50ZV0KVG9kYXbDrWEgdGVuZ28gYWxndW5hcwpjb3NhcyBxdWUgaGFjZXIgcG9yCmFxdcOtLiBBc8OtIGVzIGxhIHZpZGE=
+dBLAw,,Um9ndWUgR3VpbGQgQWdlbnQ=,,,,,QWdlbnRlIGRhIEd1aWxkYSBkb3MgQXJydWFjZWlyb3M=,,QWdlbnRlIGRlbCBncmVtaW8gZGUgUMOtY2Fyb3M=
+tBLAw,,W1JvZ3VlIEd1aWxkIEFnZW50XQpBcmUgeW91IHRoZSBvbmUgdGhhdCdzCmJlZW4gaGVscGluZyB0byB0YWtlCmRvd24gdGhlIFogR2FuZz8gTmljZSE=,,,,,W0FnZW50ZSBkYSBHdWlsZGEgZG9zIEFycnVhY2Vpcm9zXQrDiSB2b2PDqiBxdWUgCmVzdMOhIGFqdWRhbmRvIGEgZGVycnViYXIKYSBHYW5ndWUgWj8gTGVnYWwh,,W0FnZW50ZSBkZWwgZ3JlbWlvIGRlIFDDrWNhcm9zXQrCv1TDuiBlcmVzIGxhIHBlcnNvbmEgcXVlCmVzdHV2byBheXVkYW5kbyBhIGRlcnJvY2FyCmEgbGEgUGFuZGlsbGEgWj8gwqFRdcOpIGJ1ZW5vIQ==
+9BLAw,,W1JvZ3VlIEd1aWxkIEFnZW50XQpJZiB5b3UgZ290IG5vdGhpbmcKdG8gZG8gd2l0aCBtZSwgdGhlbi4uLgpJIGdvdCBub3RoaW5nIHRvIGRvCndpdGggeW91LiBMYXRlciE=,,,,,W0FnZW50ZSBkYSBHdWlsZGEgZG9zIEFycnVhY2Vpcm9zXQpTZSB2b2PDqiBuw6NvIHRlbSBuYWRhCmEgdmVyIGNvbWlnbywgZW50w6NvLi4uCkV1IG7Do28gdGVuaG8gbmFkYSBhIHZlcgpjb20gdm9jw6ouIEF0w6kgbWFpcyB0YXJkZSE=,,W0FnZW50ZSBkZWwgZ3JlbWlvIGRlIFDDrWNhcm9zXQpTaSBubyB0aWVuZXMgbmFkYQpxdWUgdmVyIGNvbm1pZ28sIGVudG9uY2VzLi4uCm5vIHRlbmdvIG5hZGEgcXVlIHZlcgpjb250aWdvLiDCoUhhc3RhIGx1ZWdvIQ==
/NBLAw,,W1JvZ3VlIEd1aWxkIEFnZW50XQpUaGlzIGlzIGZyb20gdGhlCkFsIERlIEJhcmFuIGFnZW50PwpUaGFua3MhIEl0IG11c3RhIGJlZW4Ka2luZGEgaGFyZCB0byBmaW5kIG1lLCBlaD8=,,,,,W0FnZW50ZSBkYSBHdWlsZGEgZG9zIEFycnVhY2Vpcm9zXQpJc3RvIMOpIGRvIGFnZW50ZSBkZSBBbCBEZSBCYXJhbj8KT2JyaWdhZG8hIERldmUgdGVyIHNpZG8KZGlmw61jaWwgbWUgZW5jb250cmFyLCBuw6NvIMOpPw==,,W0FnZW50ZSBkZWwgZ3JlbWlvIGRlIFDDrWNhcm9zXQrCv0VzdG8gZXMgZGVsCmFnZW50ZSBkZSBBbGRlYmFyYW4/CsKhR3JhY2lhcyEgU2VndXJvIGZ1ZQp1biBwb2NvIGRpZsOtY2lsIGVuY29udHJhcm1lLCDCv2VoPw==
/dBLAw,,W1JvZ3VlIEd1aWxkIEFnZW50XQpUaGUgWiBHYW5nJ3MgYmVlbgpzcHJlYWRpbmcgcnVtb3JzIGFib3V0Cmdob3N0cyBwb3VyaW5nIG91dCBvZgpHZWZmZW4gVG93ZXIuIEp1c3QgdG8gYmUKc3VyZSwgSSB3YW50IHlvdSB0byBjaGVjawppdCBvdXQuIFdpbGwgeW91IGRvIHRoYXQ/,,,,,W0FnZW50ZSBkYSBHdWlsZGEgZG9zIEFycnVhY2Vpcm9zXQpBIEdhbmd1ZSBaIGVzdMOhCmVzcGFsaGFuZG8gcnVtb3JlcyBzb2JyZQpmYW50YXNtYXMgc2FpbmRvIGRhClRvcnJlIGRlIEdlZmZlbi4gU8OzIHBhcmEgdGVyCmNlcnRlemEsIHF1ZXJvIHF1ZSB2b2PDqiB2ZXJpZmlxdWUKYSB0b3JyZS4gVm9jw6ogdmFpIGZhemVyIGlzc28/,,W0FnZW50ZSBkZWwgZ3JlbWlvIGRlIFDDrWNhcm9zXQpMYSBQYW5kaWxsYSBaIGVzdHV2bwpkaWZ1bmRpZW5kbyBydW1vcmVzIHNvYnJlCnF1ZSBzYWxlbiBmYW50YXNtYXMgZW4gdHJvcGVsIGRlIGxhClRvcnJlIGRlIEdlZmZlbi4gU8OzbG8gcGFyYSBhc2VndXJhcm1lLApxdWllcm8gcXVlIHZheWFzIGEgY29tcHJvYmFybG8Kwr9MbyBoYXLDoXM/
/tBLAw,,W1JvZ3VlIEd1aWxkIEFnZW50XQpJIHdhbnQgeW91IHRvIGNhcHR1cmUKc29tZSBtb25zdGVycywgYW5kIGdldApzb21lIHByb29mIHRoYXQgc2hvd3MgdGhhdAp0aGUgZ2hvc3RzIHN0YXkgaW5zaWRlIHRoZQp0b3dlciwgYW5kIHRoZXkncmUgbm90CmNvbWluZyBvdXQuIFllYWgsIGJyaW5nLi4u,,,,,W0FnZW50ZSBkYSBHdWlsZGEgZG9zIEFycnVhY2Vpcm9zXQpRdWVybyBxdWUgdm9jw6ogY2FwdHVyZQphbGd1bnMgbW9uc3Ryb3MgZSBvYnRlbmhhCmFsZ3VtYSBwcm92YSBxdWUgbW9zdHJlIHF1ZQpvcyBmYW50YXNtYXMgZmljYW0gZGVudHJvIGRhCnRvcnJlLCBlIGVsZXMgbsOjbyBlc3TDo28Kc2FpbmRvLiBTaW0sIHRyYWdhLi4u,,W0FnZW50ZSBkZWwgZ3JlbWlvIGRlIFDDrWNhcm9zXQpRdWllcm8gcXVlIGNhcHR1cmVzCmFsZ3Vub3MgbW9uc3RydW9zIHkgY29uc2lnYXMKYWxndW5hIHBydWViYSBxdWUgZGVtdWVzdHJlIHF1ZQpsb3MgZmFudGFzbWFzIHNlIHF1ZWRhbiBkZW50cm8gZGUgbGEKdG9ycmUgeSBubwpzYWxlbi4gU8OtLCB0cmFlLi4u
/9BLAw,,W1JvZ3VlIEd1aWxkIEFnZW50XQpeRkYwMDAwMSBGYWJyaWNeMDAwMDAwLApeRkYwMDAwMSBHb2xkZW4gSGFpcl4wMDAwMDAsCl5GRjAwMDAxIExpdHRsZSBFdmlsIEhvcm5eMDAwMDAwLApeRkYwMDAwMSBIb3JzZXNob2VeMDAwMDAwLCBhbmQKXkZGMDAwMDEgSmFjayBPJyBQdW1wa2luXjAwMDAwMC4KVGhhdCBvdWdodGEgZG8gaXQu,,,,,W0FnZW50ZSBkYSBHdWlsZGEgZG9zIEFycnVhY2Vpcm9zXQpeRkYwMDAwMSBUZWNpZG9eMDAwMDAwLApeRkYwMDAwMSBDYWJlbG9zIERvdXJhZG9zXjAwMDAwMCwKXkZGMDAwMDEgUGVxdWVubyBDaGlmcmUgTWFsaWdub14wMDAwMDAsCl5GRjAwMDAxIEZlcnJhZHVyYV4wMDAwMDAsIGUKXkZGMDAwMDEgWsOpLUxhbnRlcm5hXjAwMDAwMC4KSXNzbyBkZXZlIHNlciBzdWZpY2llbnRlLg==,,W0FnZW50ZSBkZWwgZ3JlbWlvIGRlIFDDrWNhcm9zXQpeNjYwMDAwMSBUZWxhXjAwMDAwMCwKXjY2MDAwMDEgQ2FiZWxsbyBkb3JhZG9eMDAwMDAwLApeNjYwMDAwMSBQZXF1ZcOxbyBjdWVybm8gbWFsaWdub14wMDAwMDAsCl42NjAwMDAxIEhlcnJhZHVyYV4wMDAwMDAsIHkKXjY2MDAwMDEgQ2FsYWJhemEgZGUgSGFsbG93ZWVuXjAwMDAwMC4KQ29uIGVzbyBiYXN0YXLDoS4=
ANFLAw,,W1JvZ3VlIEd1aWxkIEFnZW50XQpXZSBqdXN0IG5lZWQgdG8gZ2V0CmEgbGl0dGxlIGNvbmNyZXRlIHByb29mCnNvIHRoYXQgdGhlIHBlb3BsZSBjYW4KY2FsbSBkb3duLCBhbmQgbm90IHBhbmljay4KSHVycnkgaXQgdXAgYmVmb3JlIGEgcmlvdApicmVha3Mgb3V0IG9yIHNvbWV0aGluJy4=,,,,,W0FnZW50ZSBkYSBHdWlsZGEgZG9zIEFycnVhY2Vpcm9zXQpTw7MgcHJlY2lzYW1vcyBvYnRlcgp1bWEgcGVxdWVuYSBwcm92YSBjb25jcmV0YQpwYXJhIHF1ZSBhcyBwZXNzb2FzIHBvc3NhbSBzZSBhY2FsbWFyIAplIG7Do28gZW50cmFyZW0gZW0gcMOibmljby4KQXByZXNzZS1zZSBhbnRlcyBxdWUgb2NvcnJhIHVtIHR1bXVsdG8Kb3UgYWxnbyBhc3NpbS4=,,W0FnZW50ZSBkZWwgZ3JlbWlvIGRlIFDDrWNhcm9zXQpTb2xvIHRlbmVtb3MgcXVlIGNvbnNlZ3Vpcgp1bmEgcGVxdWXDsWEgcHJ1ZWJhIGNvbmNyZXRhCnBhcmEgcXVlIGxhIGdlbnRlIHNlCmNhbG1lIHkgbm8gZW50cmUgZW4gcMOhbmljby4KRGF0ZSBwcmlzYSBhbnRlcyBkZSBxdWUgaGF5YQpkaXN0dXJiaW9zIG8gYWxnbyBhc8OtLg==
AdFLAw,,W1JvZ3VlIEd1aWxkIEFnZW50XQpUaGlzIHJlcG9ydCBpcyBmcm9tIHRoZQpSb2d1ZSBhZ2VudCBpbiBBbCBEZSBCYXJhbj8KSGV5LCB0aGlzIHNheXMgdGhhdCB0aGlzIGlzCmZvciB0aGUgUm9ndWUgR3VpbGQuIFlvdQpiZXR0ZXIgdGFrZSB0aGlzIG92ZXIgdGhlcmUu,,,,,W0FnZW50ZSBkYSBHdWlsZGEgZG9zIEFycnVhY2Vpcm9zXQpFc3RlIHJlbGF0w7NyaW8gw6kgZG8KQWdlbnRlIEFycnVhY2Vpcm8gZW0gQWwgRGUgQmFyYW4/CkVpLCBpc3NvIGRpeiBxdWUgw6kKcGFyYSBhIEd1aWxkYSBkb3MgQXJydWFjZWlyb3MuIMOJIG1lbGhvciB2b2PDqgrDiSBtZWxob3IgbGV2YXIgaXNzbyBwYXJhIGzDoS4=,,W0FnZW50ZSBkZWwgZ3JlbWlvIGRlIFDDrWNhcm9zXQrCv0VzdGUgaW5mb3JtZSBlcyBkZWwKYWdlbnRlIFDDrWNhcm8gZGUgQWxkZWJhcmFuPwpPeWUsIGFxdcOtIGRpY2UgcXVlIGVzdG8gZXMKZW4gZWwgZ3JlbWlvIGRlIFDDrWNhcm9zLiBTZXLDoSAKbWVqb3IgcXVlIGxsZXZlcyBlc3RvIGFsbMOtLg==
AtFLAw,,W1JvZ3VlIEd1aWxkIEFnZW50XQpIZXksIHlvdSBkb25lIGh1bnRpbmcKZG93biB0aGUgbW9uc3RlcnMgaW4KR2VmZmVuIFRvd2VyIHlldD8KSSBob3BlIHlvdSBicm91Z2h0CnRoZSBzdHVmZi4uLg==,,,,,W0FnZW50ZSBkYSBHdWlsZGEgZG9zIEFycnVhY2Vpcm9zXQpFaSwgdm9jw6ogasOhIGFjYWJvdSBkZSBjYcOnYXIKb3MgbW9uc3Ryb3MgbmEKVG9ycmUgZGUgR2VmZmVuPwpFc3Blcm8gcXVlIHZvY8OqIHRlbmhhIHRyYXppZG8KbyBtYXRlcmlhbC4uLg==,,W0FnZW50ZSBkZWwgZ3JlbWlvIGRlIFDDrWNhcm9zXQpPeWUsIMK/eWEgdGVybWluYXN0ZSBkZSBjYXphcgphIGxvcyBtb25zdHJ1b3MgZGUKbGEgVG9ycmUgZGUgR2VmZmVuPwpFc3Blcm8gcXVlIHRlbmdhcwpsYXMgY29zYXMuLi4=
A9FLAw,,R2l2ZSBJdGVtcw==,,,,,RGFyIGl0ZW5z,,RW50cmVnYXIgb2JqZXRvcw==
BNFLAw,,SSBmb3Jnb3Qgd2hhdCB5b3UgbmVlZC4=,,,,,RXNxdWVjaSBvIHF1ZSB2b2PDqiBwcmVjaXNhLg==,,T2x2aWTDqSBsbyBxdWUgbmVjZXNpdGFzLg==
BdFLAw,,W0FnZW50XQpUaGFua3MuIFRoaXMgc3R1ZmYKc2hvdWxkIGhlbHAgdGhlIHBlb3BsZQppbiBHZWZmZW4gY2FsbSBkb3duIGEgYml0LgpUaGUgWiBHYW5nJ3MgYmVlbiBkb2luJwphbGwgdGhlc2UgdGhpbmdzIHRvIG1ha2UgdGhlbQpiZWxpZXZlIHRoZSBtb25zdGVycyBhcmUgbG9vc2Uu,,,,,W0FnZW50ZV0KT2JyaWdhZG8uIEVzc2UgbWF0ZXJpYWwKZGV2ZSBhanVkYXIgYXMgcGVzc29hcwplbSBHZWZmZW4gYSBzZSBhY2FsbWFyZW0gdW0gcG91Y28uCkEgZ2FuZ3VlIFogZXN0w6EgZmF6ZW5kbwp0b2RhcyBlc3NhcyBjb2lzYXMgcGFyYSBmYXrDqi1sb3MKYWNyZWRpdGFyIHF1ZSBvcyBtb25zdHJvcyBlc3TDo28gc29sdG9zLg==,,W0FnZW50ZV0KR3JhY2lhcy4gRXN0YXMgY29zYXMKZGViZXLDrWFuIHNlcnZpciBwYXJhIHF1ZSBsYSBnZW50ZQpkZSBHZWZmZW4gc2UgY2FsbWUgdW4gcG9jby4KTGEgUGFuZGlsbGEgWiBoaXpvCnRvZG8gZXN0byBwYXJhIHF1ZSBsYSBnZW50ZSBjcmVhCnF1ZSBsb3MgbW9uc3RydW9zIGVzdMOhbiBzdWVsdG9zLg==
BtFLAw,,W0FnZW50XQpUaGV5J3ZlIGJlZW4gbGVhdmluJwpob3JzZXByaW50cyB0aGF0IGxvb2sgbGlrZQp0aGV5IGJlbG9uZyB0byBOaWdodG1hcmVzLApkcmVzc2luZyB1cCBpbiBGYWJyaWMgYW5kCnByZXRlbmRpbmcgdGhleSdyZSBXaGlzcGVycy4uLgpUaGV5J3JlIGZyZWFraW4nIGhvb2xpZ2Fucy4=,,,,,W0FnZW50ZV0KRWxlcyBlc3TDo28gZGVpeGFuZG8KcGVnYWRhcyBkZSBjYXZhbG8gcXVlIHBhcmVjZW0KcXVlIHBhcmVjZW0gcGVydGVuY2VyIGEgUGVzYWRlbG9zLAp2ZXN0aW5kby1zZSBkZSB0ZWNpZG8gZQpmaW5naW5kbyBxdWUgc8OjbyBTdXNzdXJyb3MuLi4KRWxlcyBzw6NvIHVucyBkZXNvcmRlaXJvcy4=,,W0FnZW50ZV0KRGVqYXJvbgpodWVsbGFzIGRlIGNhYmFsbG8gcXVlIHBhcmVjZW4KcGVydGVuZWNlciBhIFBlc2FkaWxsYXMsCnNlIGRpc2ZyYXphcm9uIGNvbiBUZWxhIHkKZmluZ2llcm9uIHNlciBTdXN1cnJvcy4uLgpTb24gdW5vcyBydWZpYW5lcyBkZSBwb3JxdWVyw61hLg==
B9FLAw,,W0FnZW50XQpJIHRoaW5rIHRoZSBSb2d1ZSBhZ2VudAppbiBQYXlvbiBzaG91bGQga25vdyBhYm91dAphbGwgdGhpcy4gVGFrZSB0aGlzIHJlcG9ydApvdmVyIHRvIGhpbSwgd2lsbCB5b3U/ClRoYW5rcyBhIGJ1bmRsZSwgcGFsLg==,,,,,W0FnZW50ZV0KRXUgYWNobyBxdWUgbyBhZ2VudGUgQXJydWFjZWlybwplbSBQYXlvbiBkZXZlIHNhYmVyIHNvYnJlCnR1ZG8gaXNzby4gTGV2ZSBlc3RlIHJlbGF0w7NyaW8KcGFyYSBlbGUsIGVzdMOhIGJlbT8KTXVpdG8gb2JyaWdhZG8sIGFtaWdvLg==,,W0FnZW50ZV0KQ3JlbyBxdWUgZWwgYWdlbnRlIFDDrWNhcm8KZGUgUGF5b24gZGViZXLDrWEgZW50ZXJhcnNlCmRlIHRvZG8gZXN0by4gTGzDqXZhbGUgZXN0ZSBpbmZvcm1lLApwb3IgZmF2b3IuCk11Y2hhcyBncmFjaWFzLCBjYW1hcmFkYS4=
CNFLAw,,W0FnZW50XQpIb2xkIG9uLCB5b3UncmUKbWlzc2luZyBzb21lIHN0dWZmLgpZb3UgbWluZCBjaGVja2luZyBpZgp5b3UgbGVmdCBzb21lIG9mIGl0CmJlaGluZCBzb21ld2hlcmU/,,,,,W0FnZW50ZV0KRXNwZXJlLCB2b2PDqiBkZWl4b3UgCmZhbHRhciBhbGd1bWFzIGNvaXNhcy4KVm9jw6ogc2UgaW1wb3J0YSBkZSB2ZXJpZmljYXIgc2UKdm9jw6ogZGVpeG91IGFsZ3VtYXMgZGVsYXMKZW0gYWxndW0gbHVnYXI/,,W0FnZW50ZV0KRXNwZXJhLCB0ZQpmYWx0YW4gYWxndW5hcyBjb3Nhcy4Kwr9Qb2Ryw61hcyByZXZpc2FyCnNpIGRlamFzdGUgYWxnbwplbiBhbGfDum4gc2l0aW8/
CdFLAw,,W0FnZW50XQpeRkYwMDAwMSBGYWJyaWNeMDAwMDAwLApeRkYwMDAwMSBHb2xkZW4gSGFpcl4wMDAwMDAsCl5GRjAwMDAxIExpdHRsZSBFdmlsIEhvcm5eMDAwMDAwLApeRkYwMDAwMSBIb3JzZXNob2VeMDAwMDAwLCBhbmQKXkZGMDAwMDEgSmFjayBPJyBQdW1wa2luXjAwMDAwMC4KRG9uJ3QgZm9yZ2V0IHRoaXMgdGltZSE=,,,,,W0FnZW50ZV0KXkZGMDAwMDEgVGVjaWRvXjAwMDAwMCwKXkZGMDAwMDEgQ2FiZWxvcyBEb3VyYWRvc14wMDAwMDAsCl5GRjAwMDAxIFBlcXVlbm8gQ2hpZnJlIE1hbGlnbm9eMDAwMDAwLApeRkYwMDAwMSBGZXJyYWR1cmFeMDAwMDAwLCBlCl5GRjAwMDAxIFrDqS1MYW50ZXJuYV4wMDAwMDAuCk7Do28gc2UgZXNxdWXDp2EgZGVzdGEgdmV6IQ==,,W0FnZW50ZV0KXjY2MDAwMDEgVGVsYV4wMDAwMDAsCl42NjAwMDAxIENhYmVsbG8gZG9yYWRvXjAwMDAwMCwKXjY2MDAwMDEgUGVxdWXDsW8gY3Vlcm5vIG1hbGlnbm9eMDAwMDAwLApeNjYwMDAwMSBIZXJyYWR1cmFeMDAwMDAwLCB5Cl42NjAwMDAxIENhbGFiYXphIGRlIEhhbGxvd2Vlbl4wMDAwMDAuCsKhTm8gdGUgb2x2aWRlcyBlc3RhIHZleiE=
CtFLAw,,W0FnZW50XQpXb3VsZCB5b3UgZGVsaXZlcgpteSByZXBvcnQgb3ZlciB0bwp0aGUgUm9ndWUgYWdlbnQKaW4gUGF5b24/IFRoYW5rcy4=,,,,,W0FnZW50ZV0KVm9jw6ogcG9kZXJpYSBlbnRyZWdhcgptZXUgcmVsYXTDs3JpbyBwYXJhCm8gYWdlbnRlIEFycnVhY2Vpcm8KZW0gUGF5b24/IE9icmlnYWRvLg==,,W0FnZW50ZV0Kwr9Qb2Ryw61hcyBlbnRyZWdhcmxlCm1pIGluZm9ybWUgYWwKYWdlbnRlIFDDrWNhcm8KZGUgUGF5b24/IEdyYWNpYXMu
C9FLAw,,W0FnZW50XQpIZXksIHRoZSBndWlsZCBzZW50CnlvdSBvdmVyIHRvIHNlZSBtZT8KT2gsIGhleSwgeW91IGJyb3VnaHQKbWUgYSBtZXNzYWdlLiBMZXQncwp0YWtlIGEgbG9vay1zZWV+,,,,,W0FnZW50ZV0KRWksIGEgZ3VpbGRhIG1hbmRvdQp2b2PDqiBwYXJhIG1lIHZlcj8KT2gsIGVpLCB2b2PDqiB0cm91eGUKdW1hIG1lbnNhZ2VtLiBWYW1vcwpkYXIgdW1hIG9saGFkYX4=,,W0FnZW50ZV0KT3llLCDCv3ZpZW5lcyBhIHZlcm1lCmRlIHBhcnRlIGRlbCBncmVtaW8/Ck9oLCBtZSB0cmFqaXN0ZQp1biBtZW5zYWplLiBWb3kgYQplY2hhciB1biB2aXN0YXpvLg==
DNFLAw,,W0FnZW50XQpVbW0uLi4=,,,,,W0FnZW50ZV0KSHVtbS4uLg==,,W0FnZW50ZV0KTW1t4oCm
DdFLAw,,W0FnZW50XQpTby4uLiBUaGUgWiBHYW5nJ3MKcmVzcG9uc2libGUgZm9yIHRob3NlCnJ1bW9ycyBhYm91dCB0aGUgZ2hvc3RzCnJ1bm5pbmcgbG9vc2UgaW4gR2VmZmVuLgpIdWguIFRob3NlIHJhc2NhbGx5IGd1eXMuCk9rYXksIHRoaXMgaXMgd2hhdCB3ZSBkby4=,,,,,W0FnZW50ZV0KRW50w6NvLi4uIEEgR2FuZ3VlIFogw6kKcmVzcG9uc8OhdmVsIHBvciBlc3NlcwpydW1vcmVzIHNvYnJlIG9zIGZhbnRhc21hcwrDoCBzb2x0YSBlbSBHZWZmZW4uCkh1aC4gRXNzZXMgY2FyYXMgbWFsYW5kcm9zLgpDZXJ0bywgw6kgbyBxdWUgZmF6ZW1vcy4=,,W0FnZW50ZV0KRW50b25jZXPigKYgTGEgUGFuZGlsbGEgWgplcyByZXNwb25zYWJsZSBkZSBsb3MKcnVtb3JlcyBzb2JyZSBsb3MgZmFudGFzbWFzCnN1ZWx0b3MgZGUgR2VmZmVuLgpNbW0uIEVzb3Mgc2ludmVyZ8O8ZW56YXMuCkVzdMOhIGJpZW4sIGhhcmVtb3MgbG8gc2lndWllbnRlLg==
DtFLAw,,W0FnZW50XQpIZXksIHdoaWxlIHlvdSB3ZXJlCmdvbmUsIEkgaGVhcmQgdGhlIFogR2FuZwp3YXMgZmluYWxseSBjYXB0dXJlZC4KQmlnIHJlbGllZiB0byBoZWFyIGl0Lg==,,,,,W0FnZW50ZV0KRWksIGVucXVhbnRvIHZvY8OqIGVzdGF2YQpmb3JhLCBvdXZpIGRpemVyIHF1ZSBhIEdhbmd1ZSBaCmZvaSBmaW5hbG1lbnRlIGNhcHR1cmFkYS4Kw4kgdW0gZ3JhbmRlIGFsw612aW8gc2FiZXIgZGlzc28u,,W0FnZW50ZV0KT3llLCBtaWVudHJhcyBubyBlc3RhYmFzCmVzY3VjaMOpIHF1ZSBsYSBQYW5kaWxsYSBaCndhcyBmaW5hbGx5IGNhcHR1cmVkLgpFcyB1biBncmFuIGFsaXZpbyBvw61yIGVzby4=
D9FLAw,,W0FnZW50XQpCdXQgSSBzdGlsbCB3YW50IHRvCnJlYXNzdXJlIHRoZSBwZW9wbGUgaW4KR2VmZmVuIHRoYXQgdGhlIG1vbnN0ZXJzCmluIEdlZmZlbiBUb3dlciBhcmUgc2FmZWx5CmxvY2tlZCB1cCBpbnNpZGUuIFlvdQpicmluZyB0aGUgc3R1ZmY/,,,,,W0FnZW50ZV0KTWFzIGV1IGFpbmRhIHF1ZXJvCnRyYW5xdWlsaXphciBhcyBwZXNzb2FzIGVtCkdlZmZlbiBxdWUgb3MgbW9uc3Ryb3MKbmEgVG9ycmUgZGUgR2VmZmVuIGVzdMOjbwp0cmFuY2Fkb3MgY29tIHNlZ3VyYW7Dp2EgbMOhIGRlbnRyby4gVm9jw6oKdHJvdXhlIG8gbWF0ZXJpYWw/,,W0FnZW50ZV0KUGVybyB0b2RhdsOtYSBxdWllcm8KdHJhbnF1aWxpemFyIGEgbGEgZ2VudGUgZGUKR2VmZmVuIHkgZXhwbGljYXJsZSBxdWUgbG9zIG1vbnN0cnVvcwpkZSBsYSBUb3JyZSBkZSBHZWZmZW4gZXN0w6FuIGRlYmlkYW1lbnRlCmVuY2VycmFkb3MuIMK/VHJhamlzdGUKbGFzIGNvc2FzPw==
ENFLAw,,W1JvZ3VlIEd1aWxkIEFnZW50XQpeRkYwMDAwMSBGYWJyaWNeMDAwMDAwLApeRkYwMDAwMSBHb2xkZW4gSGFpcl4wMDAwMDAsCl5GRjAwMDAxIExpdHRsZSBFdmlsIEhvcm5eMDAwMDAwLApeRkYwMDAwMSBIb3JzZXNob2VeMDAwMDAwLCBhbmQKXkZGMDAwMDEgSmFjayBPJyBQdW1wa2luXjAwMDAwMC4KRG9uJ3QgZm9yZ2V0IHRoaXMgdGltZSE=,,,,,W0FnZW50ZSBkYSBHdWlsZGEgZG9zIEFycnVhY2Vpcm9zXQpeRkYwMDAwMSBUZWNpZG9eMDAwMDAwLApeRkYwMDAwMSBDYWJlbG9zIERvdXJhZG9zXjAwMDAwMCwKXkZGMDAwMDEgUGVxdWVubyBDaGlmcmUgTWFsaWdub14wMDAwMDAsCl5GRjAwMDAxIEZlcnJhZHVyYV4wMDAwMDAsIGUKXkZGMDAwMDEgWsOpLUxhbnRlcm5hXjAwMDAwMC4KTsOjbyBzZSBlc3F1ZcOnYSBkZXN0YSB2ZXoh,,W0FnZW50ZSBkZWwgZ3JlbWlvIGRlIFDDrWNhcm9zXQpeNjYwMDAwMSBUZWxhXjAwMDAwMCwKXjY2MDAwMDEgQ2FiZWxsbyBkb3JhZG9eMDAwMDAwLApeNjYwMDAwMSBQZXF1ZcOxbyBjdWVybm8gbWFsaWdub14wMDAwMDAsCl42NjAwMDAxIEhlcnJhZHVyYV4wMDAwMDAgeQpeNjYwMDAwMSBDYWxhYmF6YSBkZSBIYWxsb3dlZW5eMDAwMDAwLgrCoU5vIHRlIG9sdmlkZXMgZXN0YSB2ZXoh
EdFLAw,,W0FnZW50XQpJIGFza2VkIHlvdSB0byBicmluZwptZSBpdGVtcyB0aGF0IHByb3ZlIHRoYXQKdGhlIG1vbnN0ZXJzIGluIEdlZmZlbgpUb3dlciBhcmUgc2FmZWx5IGxvY2tlZAp1cCBpbiB0aGVyZS4gWW91IGRvIHRoYXQgeWV0Pw==,,,,,W0FnZW50ZV0KRXUgbGhlIHBlZGkgcGFyYSB0cmF6ZXIKaXRlbnMgcXVlIHByb3ZhbSBxdWUKb3MgbW9uc3Ryb3MgZGEgVG9ycmUgZGUgR2VmZmVuIAplc3TDo28gdHJhbmNhZG9zIGVtIHNlZ3VyYW7Dp2EKbMOhIGRlbnRyby4gVm9jw6ogasOhIGZleiBpc3NvPw==,,W0FnZW50ZV0KVGUgcGVkw60gcXVlIG1lIHRyYWplcmFzCm9iamV0b3MgcXVlIGRlbXVlc3RyZW4gcXVlCmxvcyBtb25zdHJ1b3MgZGUgbGEgVG9ycmUgZGUgR2VmZmVuCmVzdMOhbiBiaWVuIGVuY2VycmFkb3MKYWjDrS4gwr9ZYSBsbyBoaWNpc3RlPw==
EtFLAw,,W0FnZW50XQpMb29rcyBsaWtlIHRoZXJlJ2xsCmJlIHNvbWUgcGVhY2UgYW5kIHF1aWV0CndpdGggdGhlIFogR2FuZyBhbGwgbG9ja2VkIHVwLgpUaG9zZSBndXlzIHdlcmUgYSBkb3VibGUKaGVhcGluZyBvZiB0cm91YmxlIGlmCnlvdSBhc2sgbWUuIEh1aC4=,,,,,W0FnZW50ZV0KUGFyZWNlIHF1ZSBoYXZlcsOhCnBheiBlIHRyYW5xdWlsaWRhZGUKY29tIGEgZ2FuZ3VlIFogdG9kYSBwcmVzYS4KRXNzZXMgY2FyYXMgZXJhbSB1bWEgZHVwbGEKZGUgcHJvYmxlbWFzLCAKc2Ugdm9jw6ogbWUgcGVyZ3VudGFyLiBIdWgu,,W0FnZW50ZV0KUGFyZWNlIHF1ZSBoYWJyw6EgCmFsZ28gZGUgcGF6IHkgdHJhbnF1aWxpZGFkCmFob3JhIHF1ZSBsYSBQYW5kaWxsYSBaIGVzdMOhIGVuY2VycmFkYS4KRW4gbWkgb3BpbmnDs24sIGVzb3MgdGlwb3MgZXJhbgp1biBlbm9ybWUKbW9udMOzbiBkZSBwcm9ibGVtYXMuIE1tbS4=
E9FLAw,,W0FnZW50XQpLZWVwIHVwIHRoZSBnb29kIHdvcmshCldpdGggZ3V5cyBsaWtlIHlvdSBvbgpvdXIgc2lkZSwgdGhlIFogR2FuZydsbApjYXVnaHQgc29vbmVyIHRoYW4gbGF0ZXIu,,,,,W0FnZW50ZV0KQ29udGludWVtIGNvbSBvIGJvbSB0cmFiYWxobyEKQ29tIGNhcmFzIGNvbW8gdm9jw6ogZG8Kbm9zc28gbGFkbywgYSBHYW5ndWUgWiAKc2Vyw6EgY2FwdHVyYWRhIG1haXMgY2VkbyBvdSBtYWlzIHRhcmRlLg==,,W0FnZW50ZV0KwqFTaWd1ZSBhc8OtIQpDb24gZ2VudGUgY29tbyB0w7ogZGUKbnVlc3RybyBsYWRvLCBhdHJhcGFyZW1vcwphIGxhIFBhbmRpbGxhIFogY3VhbnRvIGFudGVzLg==
FNFLAw,,W0FnZW50XQpTbyBidXN5IQ==,,,,,W0FnZW50ZV0KVMOjbyBvY3VwYWRvIQ==,,W0FnZW50ZV0KwqFUZW5nbyBtdWNobyBxdWUgaGFjZXIh
FdFLAw,,W0FnZW50XQpXaGF0PyBZb3Ugd2FudCBzb21ldGhpbic/,,,,,W0FnZW50ZV0KTyBxdcOqPyBWb2PDqiBxdWVyIGFsZ3VtYSBjb2lzYT8=,,W0FnZW50ZV0Kwr9RdcOpPyDCv1F1aWVyZXMgYWxnbz8=
FtFLAw,,W3t9XQo/Pz8/Pz8/Pz8/Pz8/Pz8/Pw==,,,,,W3t9XQo/Pz8/Pz8/Pz8/Pz8/Pz8/Pw==,,W3t9XQo/Pz8=
F9FLAw,,W0FnZW50XQpIZWguIFRob3VnaHQgc28u,,,,,W0FnZW50ZV0KSGVoLiBGb2kgbyBxdWUgcGVuc2VpLg==,,W0FnZW50ZV0KSmUuIEVzbyBwZW5zYWJhLg==
GNFLAw,,W0FnZW50XQpXaGF0J3MgdXA/IEkgZ290Cm15IGhhbmRzIGZ1bGwsIHNvCm1ha2UgaXQgcXVpY2su,,,,,W0FnZW50ZV0KTyBxdWUgZXN0w6EgYWNvbnRlY2VuZG8/IEV1IHRlbmhvCm1pbmhhcyBtw6NvcyBjaGVpYXMsIGVudMOjbwpzZWphIHLDoXBpZG8u,,W0FnZW50ZV0Kwr9RdcOpIHN1Y2VkZT8gVGVuZ28KbGFzIG1hbm9zIG9jdXBhZGFzLCBhc8OtIHF1ZQpzw6kgYnJldmUu
GdFLAw,,W0FnZW50XQpOb3RoaW4nLCBodWg/Ckd1ZXNzIHlvdSBzaG91bGQKYmUgdGFsa2luZyBhIFJvZ3VlCmFnZW50IGluIG9uZSBvZiB0aGUKb3RoZXIgdG93bnMu,,,,,W0FnZW50ZV0KTmFkYSwgbsOjbyDDqT8KQWNobyBxdWUgdm9jw6ogZGV2ZXJpYQpmYWxhciBjb20gdW0gYWdlbnRlIEFycnVhY2Vpcm8KZW0gdW1hIGRhcwpvdXRyYXMgY2lkYWRlcy4=,,W0FnZW50ZV0KTmFkYSwgwr9laD8KU3Vwb25nbyBxdWUgZGViZXLDrWFzCmhhYmxhciBjb24gdW4gYWdlbnRlIFDDrWNhcm8KZGUgYWxndW5hIGRlIGxhcwpkZW3DoXMgY2l1ZGFkZXMu
GtFLAw,,W0FnZW50XQpIZXkuIFdoYXQgYXJlIHlvdQpkb2luJywganVzdCBsb2l0ZXJpbmcKYXJvdW5kIGhlcmU/IFlvdSBsb29raW4nCmZvciBzb21lYm9keT8gSHVoPw==,,,,,W0FnZW50ZV0KRWkuIE8gcXVlIHZvY8OqIGVzdMOhCmZhemVuZG8sIGFwZW5hcyB2YWdhYnVuZGVhbmRvCnBvciBhcXVpPyBFc3TDoSBwcm9jdXJhbmRvCnBvciBhbGd1w6ltPyBPIHF1w6o/,,W0FnZW50ZV0KT3llLiDCv1F1w6kgCmhhY2VzPyDCv3NvbG8gbWVyb2RlYXMKcG9yIGFxdcOtPyDCv0VzdMOhcyBidXNjYW5kbwphIGFsZ3VpZW4/IMK/RWg/
G9FLAw,,SSdtIGhlcmUgdG8gaGVscCBhIFJvZ3VlIEFnZW50IQ==,,,,,RXN0b3UgYXF1aSBwYXJhIGFqdWRhciB1bSBhZ2VudGUgQXJydWFjZWlybyE=,,wqFFc3RveSBhcXXDrSBwYXJhIGF5dWRhciBhIHVuIGFnZW50ZSBQw61jYXJvIQ==
HNFLAw,,W0FnZW50XQpPaCwgeWVhaD8=,,,,,W0FnZW50ZV0KQWgsIHNpbT8=,,W0FnZW50ZV0Kwr9BaCwgc8OtPw==
HdFLAw,,WW91IGtub3cgSSdtIGp1c3QgbWVzc2luJwphcm91bmQgd2l0aCB5b3UsIHJpZ2h0Pw==,,,,,Vm9jw6ogc2FiZSBxdWUgZXN0b3UgYXBlbmFzIApicmluY2FuZG8gY29tIHZvY8OqLCBjZXJ0bz8=,,U2FiZXMgcXVlIHNvbG8gdGUgZXN0b3kKdG9tYW5kbyBlbCBwZWxvLCDCv3ZlcmRhZD8=
HtFLAw,,W0FnZW50XQpJIGhlYXJkIG8nIHlvdSBndXlzLApSb2d1ZXMgd29ya2luJyB1bmRlcmNvdmVyLgpEb24ndCB0cnkgdG8gZm9vbCBtZTogdW5kZXIKdGhvc2UgY2xvdGhlcywgeW91IGFyZSBvbmUKaHVuZHJlZCBwZXJjZW50IFJvZ3VlLiBIZWgh,,,,,W0FnZW50ZV0KT3V2aSBmYWxhciBkZSB2b2PDqnMsCkFycnVhY2Vpcm9zIHRyYWJhbGhhbmRvIGRpc2ZhcsOnYWRvcy4KTsOjbyB0ZW50ZW0gbWUgZW5nYW5hcjogc29iCmVzc2FzIHJvdXBhcywgdm9jw6ogw6kKY2VtIHBvciBjZW50byBBcnJ1YWNlaXJvLiBIZWgh,,W0FnZW50ZV0KRXNjdWNow6kgaGFibGFyIGRlIHVzdGVkZXMsClDDrWNhcm9zIHF1ZSB0cmFiYWphbiBlbmN1YmllcnRvcy4KTm8gaW50ZW50ZXMgZW5nYcOxYXJtZTogYmFqbwplc2Egcm9wYSwgZXJlcyBhbGd1aWVuCnF1ZSBwZXJ0ZW5lY2UgYSBsb3MgUMOtY2Fyb3MgZW4gdW4gY2llbnRvIHBvciBjaWVudG8uIMKhSmUh
H9FLAw,,XjMzNTVGRllvdSBkZWxpdmVyIHRoZQpmb2xkZWQgbm90ZSB0byBoaW0uXjAwMDAwMA==,,,,,XjMzNTVGRlZvY8OqIGxoZSBlbnRyZWdhIApvIGJpbGhldGUgZG9icmFkbyBhIGVsZS5eMDAwMDAw,,XjI1MDJGRExlIGVudHJlZ2FzCmxhIG5vdGEgZG9ibGFkYS5eMDAwMDAw
INFLAw,,W0FnZW50XQpBd3d3dywgbWFuIQ==,,,,,W0FnZW50ZV0KQXd3d3csIGNhcmEh,,W0FnZW50ZV0KQXl5eSwgcmF5b3Mu
IdFLAw,,W0FnZW50XQpJIGtlZXAgdGVsbGluZyB0aGF0Cmd1eSB0byBqdXN0IHNlbmQgbWUKcGljdHVyZXMhIEkndmUgdG9sZCBoaW0Kc28gbWFueSB0aW1lcyB0aGF0IEkndmUKZ290IHRyb3VibGUgcmVhZGluZyEKVGhhdCBndXkncyBhIG1vcm9uIQ==,,,,,W0FnZW50ZV0KRXUgY29udGludW8gZGl6ZW5kbyBhIGVzc2UKY2FyYSBwYXJhIG1lIGVudmlhcgpmb3RvcyEgRXUgasOhIGRpc3NlIGEgZWxlCnRhbnRhcyB2ZXplcyBxdWUgZXN0b3UKdGVuaG8gZGlmaWN1bGRhZGUgcGFyYSBsZXIhCkVzc2UgY2FyYSDDqSB1bSBpZGlvdGEh,,W0FnZW50ZV0KwqFMZSB2aXZvIGRpY2llbmRvIGEKZXNlIHRpcG8gcXVlIHNvbG8gbWUgZW52w61lCmZvdG9zISDCoUxlIGRpamUgdGFudGFzIHZlY2VzCnF1ZQp0ZW5nbyBwcm9ibGVtYXMgcGFyYSBsZWVyIQrCoUVzZSB0aXBvIGVzIHVuIGltYsOpY2lsIQ==
ItFLAw,,W0FnZW50XQpVaC4uLgpZb3UgbWluZCByZWFkaW5nCnRoaXMgbm90ZSB0byBtZT8=,,,,,W0FnZW50ZV0KVWguLi4KVm9jw6ogc2UgaW1wb3J0YSBkZSBsZXIKZXN0ZSBiaWxoZXRlIHBhcmEgbWltPw==,,W0FnZW50ZV0KRWjigKYKwr9NZSBwdWVkZXMKbGVlciBsYSBub3RhPw==
I9FLAw,,W3t9XQpMZXQncyBzZWUsCnRoZSBub3RlIHNheXMuLi4=,,,,,W3t9XQpWYW1vcyB2ZXIsCmEgbm90YSBkaXouLi4=,,W3t9XQpWZWFtb3PigKYKbGEgbm90YSBkaWNlLi4u
JNFLAw,,Q29vcGVyYXRlIHdpdGggdGhpcyBhZHZlbnR1cmVyLg==,,,,,Q29vcGVyZSBjb20gZXNzZSBhdmVudHVyZWlyby4=,,Q29sYWJvcmEgY29uIGVzdGEgcGVyc29uYS4=
JdFLAw,,Li4uLi4u,,,,,Li4uLi4u,,Li4uLi4u
JtFLAw,,W0FnZW50XQpTby4uLiBXZSdyZSBwYXJ0bmVycz8KQ29vbC4gTmljZSB0byBtZWV0Y2hhLgpJJ20gdGhlIFBheW9uIGFnZW50LgpJIGd1ZXNzIHdlIGdvdHRhIHdvcmsKdG9nZXRoZXIgZnJvbSBub3cgb24u,,,,,W0FnZW50ZV0KRW50w6NvLi4uIFNvbW9zIHBhcmNlaXJvcz8KTGVnYWwuIFByYXplciBlbSBjb25oZWPDqi1sby4KU291IG8gYWdlbnRlIGRlIFBheW9uLgpBY2hvIHF1ZSB0ZW1vcyBkZSB0cmFiYWxoYXIKanVudG9zIGRlIGFnb3JhIGVtIGRpYW50ZS4=,,W0FnZW50ZV0KRW50b25jZXPigKYgwr9Tb21vcyBzb2Npb3M/CkdlbmlhbC4gRW5jYW50YWRvIGRlIGNvbm9jZXJ0ZS4KU295IGVsIGFnZW50ZSBkZSBQYXlvbi4KU3Vwb25nbyBxdWUgdGVuZW1vcyBxdWUgdHJhYmFqYXIKanVudG9zIGEgcGFydGlyIGRlIGFob3JhLg==
J9FLAw,,W0FnZW50XQpZb3UuLi4KWW91IGNhbid0IHJlYWQgZWl0aGVyPw==,,,,,W0FnZW50ZV0KTyBzZW5ob3IuLi4KVm9jw6ogdGFtYsOpbSBuw6NvIHNhYmUgbGVyPw==,,W0FnZW50ZV0KVMO64oCmCsK/VGFtcG9jbyBzYWJlcyBsZWVyPw==
KNFLAw,,W0FnZW50XQpIYWhhaGEhIFJpZ2h0IG9uLCByaWdodCBvbi4KV2VsbCwgSSdtIHByZXR0eSBzdXJlIHRoZXkKc2VudCB5b3UgdG8gd29yayB3aXRoIG1lLgpXaGVuIHlvdSdyZSByZWFkeSB0byBnZXQKdG8gYnVzaW5lc3MsIGNvbWUgYmFjawphbmQgd2UnbGwgdGFsaywgb2theT8=,,,,,W0FnZW50ZV0KSGFoYWhhISBJc3NvIG1lc21vLCBpc3NvIG1lc21vLgpCZW0sIHRlbmhvIGNlcnRlemEgZGUgcXVlIGVsZXMKZW52aWFyYW0gdm9jw6ogcGFyYSB0cmFiYWxoYXIgY29taWdvLgpRdWFuZG8gdm9jw6ogZXN0aXZlciBwcm9udG8gCnBhcmEgbyB0cmFiYWxobywgdm9sdGUKZSBjb252ZXJzYXJlbW9zLCBjZXJ0bz8=,,W0FnZW50ZV0KwqFKYSwgamEsIGphISAKQnVlbm8sIGVzdG95IGJhc3RhbnRlIHNlZ3VybyBkZSBxdWUKdGUgZW52aWFyb24gcGFyYSB0cmFiYWphciBjb25taWdvLgpDdWFuZG8gdGUgcHJlcGFyZXMKcGFyYSBwb25lciBtYW5vcyBhIGxhIG9icmEsIHZ1ZWx2ZQp5IGhhYmxhcmVtb3MsIMK/ZXN0w6EgYmllbj8=
KdFLAw,,W0FnZW50XQpIZXksIEkgYXNrZWQgeW91CnRvIHJlYWQgdGhlIG5vdGUsCm5vdCBydW4gYXdheSEgTm93Li4uCldoYXQncyBpdCBzYXk/,,,,,W0FnZW50ZV0KRWksIGV1IGxoZSBwZWRpCnBhcmEgbGVyIG8gYmlsaGV0ZSwKbsOjbyBwYXJhIGZ1Z2lyISBBZ29yYS4uLgpPIHF1ZSBlc3TDoSBlc2NyaXRvPw==,,W0FnZW50ZV0KT3llLCDCoXRlIHBlZMOtIApxdWUgbWUgbGV5ZXJhcyBsYSBub3RhLApubyBxdWUgaHV5ZXJhcyEgQWhvcmHigKYKwr9RdcOpIGRpY2U/
KtFLAw,,W0FnZW50XQpHb29kLCB5b3UncmUgYmFjay4KV2UgZ290IGEgcHJldHR5IGJpZwpqb2IgdG8gdGFrZSBjYXJlIG9mLgpMaXZlcyBhcmUgYXQgc3Rha2UsCmFsbCB0aGF0IGphenouIFJlYWR5Pw==,,,,,W0FnZW50ZV0Kw5N0aW1vLCB2b2PDqiBlc3TDoSBkZSB2b2x0YS4KVGVtb3MgdW0gZ3JhbmRlCnRyYWJhbGhvIHBhcmEgY3VpZGFyLgpWaWRhcyBlc3TDo28gZW0gam9nbywKdHVkbyBpc3NvLiBFc3TDoSBwcm9udG8/,,W0FnZW50ZV0KQmllbiwgdm9sdmlzdGUuClRlbmVtb3MgdW4gZ3Jhbgp0cmFiYWpvIHF1ZSBoYWNlci4KSGF5IHZpZGFzIGVuIGp1ZWdvLAp5IG90cmFzIGNvc2FzIHBvciBlbCBlc3RpbG8uIMK/VG9kbyBsaXN0bz8=
K9FLAw,,W0FnZW50XQpUaGUgWiBHYW5nIHBvaXNvbmVkCm9uZSBvZiB0aGUgd2F0ZXIgd2VsbHMKaGVyZSBpbiBQYXlvbi4gQWxsIHRoZQp3YXRlcidzIGJsYWNrIG5vdy4gV2UgZ290dGEKdXNlIFJlZCBIZXJicyB0byBjb3VudGVyCnRoYXQgcG9pc29uLCBva2F5Pw==,,,,,W0FnZW50ZV0KQSBnYW5ndWUgWiBlbnZlbmVub3UKdW0gZG9zIHBvw6dvcyBkZSDDoWd1YQphcXVpIGVtIFBheW9uLiBUb2RhIGEKw6FndWEgZXN0w6EgcHJldGEgYWdvcmEuIFRlbW9zIGRlCnVzYXIgZXJ2YXMgdmVybWVsaGFzIHBhcmEgY29tYmF0ZXIKZXNzZSB2ZW5lbm8sIGNlcnRvPw==,,W0FnZW50ZV0KTGEgUGFuZGlsbGEgWiBlbnZlbmVuw7MgCnVubyBkZSBsb3MgcG96b3MgZGUgYWd1YQpkZSBhcXXDrSwgZGUgUGF5b24uIEFob3JhLAp0b2RhIGVsIGFndWEgZXN0w6EgbmVncmEuIFRlbmVtb3MgcXVlCnV0aWxpemFyIEhpZXJiYXMgcm9qYXMgcGFyYSBjb250cmFycmVzdGFyCmVzZSB2ZW5lbm8sIMK/ZXN0w6EgYmllbj8=
LNFLAw,,W0FnZW50XQpTbyByZW1lbWJlciB0bwpjb2xsZWN0IHNvbWUgXkZGMDAwMFJlZCBIZXJic14wMDAwMDAuCkRvbid0IGZvcmdldDogXkZGMDAwMFJlZCBoZXJic14wMDAwMC4=,,,,,W0FnZW50ZV0KUG9ydGFudG8sIGxlbWJyZS1zZSBkZQpjb2xldGFyIGFsZ3VtYXMgXkZGMDAwMEVydmFzIFZlcm1lbGhhc14wMDAwMDAuCk7Do28gc2UgZXNxdWXDp2E6IF5GRjAwMDBFcnZhcyBWZXJtZWxoYXNeMDAwMDAu,,W0FnZW50ZV0KQXPDrSBxdWUgcmVjdWVyZGEKcmVjb2xlY3RhciBhbGd1bmFzIF42NjAwMDBIaWVyYmFzIHJvamFzXjAwMDAwMC4KTm8gdGUgb2x2aWRlczogXjY2MDAwMEhpZXJiYXMgcm9qYXNeMDAwMDAwLg==
LdFLAw,,W0FnZW50XQpXYWl0LCB0aGF0IGRvZXNuJ3QKc291bmQgcmlnaHQuIERpZCBJIHNheQpSZWQgSGVyYnM/IEknbSBzb3JyeSwKSSBtZWFudCB0byBzYXkgXjAwMDBGRkdyZWVuCkhlcmJzXjAwMDAwMC4gQnJpbmcgbWUgXjAwMDBGRjEgR3JlZW4KSGVyYl4wMDAwMDAsIG9rYXk/ICpQaGV3fio=,,,,,W0FnZW50ZV0KRXNwZXJlLCBpc3NvIG7Do28Kc29hIGJlbS4gRXUgZGlzc2UKRXJ2YXMgdmVybWVsaGFzPyBEZXNjdWxwZS1tZSwKZXUgcXVpcyBkaXplciBeMDAwMEZGRXJ2YXMgClZlcmRlc14wMDAwMDAuIFRyYWdhLW1lIF4wMDAwRkYxIEVydmEgClZlcmRlXjAwMDAwMCwgb2s/ICpVZmEhKg==,,W0FnZW50ZV0KRXNwZXJhLCBlc28gbm8Kc3VlbmEgYmllbi4gwr9EaWplCkhpZXJiYXMgcm9qYXM/IExvIHNpZW50bywKUXVpc2UgZGVjaXIgXkZGMDAwMEhpZXJiYXMKdmVyZGVzXjAwMDAwMC4gVHLDoWVtZSBeRkYwMDAwMSBIaWVyYmEKdmVyZGVeMDAwMDAwLCDCv2RlIGFjdWVyZG8/ICogVWYgKg==
LtFLAw,,W0FnZW50XQpTb21lb25lJ3MgcG9pc29uZWQKUGF5b24ncyB3ZWxsIHdhdGVyLi4uCkl0J3MgYWxsIGJsYWNrIGFuZApkZWFkbHkgbm93LiBJIHdhbnQgeW91CnRvIGJyaW5nIG1lIGEgXkZGMDAwMFJlZCBIZXJiXjAwMDAwMApzbyB0aGF0IHdlIGNhbiBmaXggdGhpcyE=,,,,,W0FnZW50ZV0KQWxndcOpbSBlbnZlbmVub3UKYSDDoWd1YSBkbyBwb8OnbyBkZSBQYXlvbi4uLgpFc3TDoSB0b2RhIHByZXRhIGUKbW9ydGFsIGFnb3JhLiBFdSBxdWVybyBxdWUgdm9jw6oKbWUgdHJhZ2EgdW1hIF5GRjAwMDBFcnZhIFZlcm1lbGhhXjAwMDAwMApwYXJhIHF1ZSBwb3NzYW1vcyBjb25zZXJ0YXIgaXNzbyE=,,W0FnZW50ZV0KQWxndWllbiBlbnZlbmVuw7MgCmVsIGFndWEgZGVsIHBvem8gZGUgUGF5b24uLi4KQWhvcmEsIHRvZG8gZXN0w6EgbmVncm8geQptb3J0YWwuIMKhUXVpZXJvCnF1ZSBtZSB0cmFpZ2FzIHVuYSBeNjYwMDAwSGllcmJhIHJvamFeMDAwMDAwCnBhcmEgcXVlIHBvZGFtb3Mgc29sdWNpb25hciBlc3RvIQ==
L9FLAw,,W0FnZW50XQpIZXksIHlvdSdyZSBiYWNrIQpZb3UncmUgbXVjaCBxdWlja2VyCnRoYXQgSSB0aG91Z2h0IHlvdSdkIGJlfg==,,,,,W0FnZW50ZV0KRWksIHZvY8OqIGVzdMOhIGRlIHZvbHRhIQpWb2PDqiDDqSBtdWl0byBtYWlzIHLDoXBpZG8KZG8gcXVlIGV1IGltYWdpbmF2YX4=,,W0FnZW50ZV0KRXksIHZvbHZpc3RlLgpIaWNpc3RlIHRvZG8gbXVjaG8gbcOhcyByw6FwaWRvCmRlIGxvIHF1ZSBwZW5zw6kuLi4=
MNFLAw,,W0FnZW50XQpBbHJpZ2h0LCBpdCdzIGdvbm5hIHRha2UKYSB3aGlsZSB0byBuZXV0cmFsaXplIGFsbAp0aGlzIHBvaXNvbiwgYnV0IEkgdGhpbmsKd2UgZGlkIGl0LiBIZXksIGdpbW1pZQpzb21lIHRpbWUgdG8gZHJhdyBhIHJlcG9ydCwKYW5kIHRoZW4gY29tZSBiYWNrIGxhdGVyLCAna2F5Pw==,,,,,W0FnZW50ZV0KVHVkbyBiZW0sIHZhaSBsZXZhcgp1bSBwb3VjbyBwYXJhIG5ldXRyYWxpemFyIHRvZG8KZXNzZSB2ZW5lbm8sIG1hcyBhY2hvIHF1ZSBjb25zZWd1aW1vcy4gCkVpLCBkw6otbWUgYWxndW0gdGVtcG8gCnBhcmEgZmF6ZXIgdW0gcmVsYXTDs3JpbywKZSBkZXBvaXMgdm9sdGUgbWFpcyB0YXJkZSwgZXN0w6EgYmVtPw==,,W0FnZW50ZV0KTXV5IGJpZW4sIHZhIGEgdG9tYXIKdW4gdGllbXBvIHF1ZSBzZSBuZXV0cmFsaWNlCnRvZG8gZWwgdmVuZW5vLCBwZXJvIGNyZW8gcXVlCmxvIGxvZ3JhbW9zLiBPeWUsIGRhbWUKYWxnw7puIHRpZW1wbyBwYXJhIGVsYWJvcmFyIHVuIGluZm9ybWUsCnkgdnVlbHZlIG3DoXMgdGFyZGUsIMK/ZGUgYWN1ZXJkbz8=
MdFLAw,,W0FnZW50XQpFcnI/CldoZXJlJ3MgdGhhdApHcmVlbiBIZXJiPw==,,,,,W0FnZW50ZV0KRXJyPwpPbmRlIGVzdMOhIGFxdWVsYQplcnZhIHZlcmRlPw==,,W0FnZW50ZV0Kwr9FaD8Kwr9Ew7NuZGUgZXN0w6EgZXNhCkhpZXJiYSB2ZXJkZT8=
MtFLAw,,W0FnZW50XQpBaCwgYSBHcmVlbiBIZXJiIQpJcyB0aGF0IHdoYXQgSSB0b2xkCnlvdSB0byBicmluZz8gJ0NhdXNlCkknbSBzdXJlIHRoaXMgaXMgdGhlCnJpZ2h0IG9uZS4gQWJzb2x1dGVseX4=,,,,,W0FnZW50ZV0KQWgsIHVtYSBlcnZhIHZlcmRlIQpGb2kgaXNzbyBxdWUgZXUgZGlzc2UKcGFyYSB2b2PDqiB0cmF6ZXI/IFBvcnF1ZSAKdGVuaG8gY2VydGV6YSBkZSBxdWUgZXN0YSDDqSBhCmNvcnJldGEuIENvbSBjZXJ0ZXphLg==,,W0FnZW50ZV0KwqFBaCwgdW5hIEhpZXJiYSB2ZXJkZSEKwr9Fc28gZXMgbG8gcXVlIHRlIGRpamUgcXVlCnRyYWplcmFzPyBQb3JxdWUKZXN0b3kgc2VndXJvIGRlIHF1ZSBlc3RhIGVzIGxhCmNvcnJlY3RhLiBBYnNvbHV0YW1lbnRlLg==
M9FLAw,,W0FnZW50XQpIZXksIHdoYXQgYXJlIHlvdQpkb2luJyB3aXRoIHRoZSBSZWQgSGVyYj8=,,,,,W0FnZW50ZV0KRWksIG8gcXVlIHZvY8OqIGVzdMOhCmZhemVuZG8gY29tIGEgZXJ2YSB2ZXJtZWxoYT8=,,W0FnZW50ZV0KT3llLCDCv3F1w6kgCmhhY2VzIGNvbiBsYSBIaWVyYmEgcm9qYT8=
NNFLAw,,WW91IHNhaWQgYSBSZWQgSGVyYi4uLg==,,,,,Vm9jw6ogZGlzc2UgdW1hIGVydmEgdmVybWVsaGEuLi4=,,RGlqaXN0ZSB1bmEgSGllcmJhIHJvamEuLi4=
NdFLAw,,W0FnZW50XQpPaCwgd2hhdD8hIEh1aC4uLgpJIGd1ZXNzIEkgZGlkLiBFaCwgbm8KYmlnZ2llLiBIZXksIGJyaW5nIG1lCmEgR3JlZW4gSGVyYiwgd2lsbCB5b3U/ClRoYXQncyB0aGUgb25lIEkgd2FudGVkLg==,,,,,W0FnZW50ZV0KT2gsIG8gcXXDqj8hIEh1aC4uLgpBY2hvIHF1ZSBzaW0uIEVoLCBuYWRhIGRlbWFpcy4gCkVpLCBtZSB0cmFnYQp1bSBFcnZhIFZlcmRlLCBwb2RlIHNlcj8KRXJhIGVzc2EgcXVlIGV1IHF1ZXJpYS4=,,W0FnZW50ZV0Kwr9RdcOpPyBNbW3igKYKU3Vwb25nbyBxdWUgc8OtLiBFaCwgbm8gaGF5CnByb2JsZW1hLiBPeWUsIHRyw6FlbWUKdW5hIEhpZXJiYSB2ZXJkZSwgcG9yIGZhdm9yLgpFc2EgZXMgbGEgcXVlIHlvIHF1ZXLDrWEu
NtFLAw,,W0FnZW50XQpIZXksIHlvdSBrbm93IHdoYXQ/ClRoZSB3ZWxsIHdhdGVyIGlzIHN0aWxsCmJsYWNrLiBUaGF0IG1lYW5zLi4uCklmIHRoZSBoZXJiIHdlIHVzZWQgaXMKZ29vZC4uLiBUaGVuIGl0J3MganVzdApkeWVkIGJsYWNrIHRvIHNjYXJlIHBlb3BsZS4=,,,,,W0FnZW50ZV0KRWksIHZvY8OqIHNhYmUgbyBxdWU/CkEgw6FndWEgZG8gcG/Dp28gYWluZGEgZXN0w6EKcHJldGEuIElzc28gc2lnbmlmaWNhIHF1ZS4uLgpTZSBhIGVydmEgcXVlIHVzYW1vcyBmb3IKYm9hLi4uIEVudMOjbyDDqSBhcGVuYXMKdGluZ2lkYSBkZSBwcmV0byBwYXJhIGFzc3VzdGFyIGFzIHBlc3NvYXMu,,W0FnZW50ZV0KT3llLCDCv3NhYmVzIHF1w6k/CkVsIGFndWEgZGVsIHBvem8gc2lndWUKbmVncmEuIEVzbyBzaWduaWZpY2HigKYKUXVlIHNpIGxhIGhpZXJiYSBxdWUgdXRpbGl6YW1vcyBlc3TDoSAKYmllbi4uLiBFbnRvbmNlcyBzb2xvCnRpw7Flcm9uIGVsIGFndWEgZGUgbmVncm8gcGFyYSBhc3VzdGFyIGEgbGEgZ2VudGUu
N9FLAw,,W0FnZW50XQpTbyB0byBjbGVhbiB1cCB0aGUKd2F0ZXIsIHdlIGdvdHRhIHVzZQphIENvdW50ZXJhZ2VudCwgcmlnaHQ/CldpbGwgeW91IGhlbHAgbWUgb3V0PwpJIGdvdCBhIEthcnZvZGFpbG5pcm9sLi4u,,,,,W0FnZW50ZV0KRW50w6NvLCBwYXJhIGxpbXBhciBhCsOhZ3VhLCB0ZW1vcyBxdWUgdXNhcgp1bSBBbnTDrWdlbm8sIGNlcnRvPwpWb2PDqiBwb2RlIG1lIGFqdWRhcj8KRXUgdGVuaG8gdW0gS2Fydm9kYWlsbmlyb2wuLi4=,,W0FnZW50ZV0KQXPDrSBxdWUsIHBhcmEgbGltcGlhciBlbAphZ3VhIHRlbmVtb3MgcXVlIHVzYXIKdW4gQ29udHJhYWdlbnRlLCDCv3ZlcmRhZD8Kwr9NZSBheXVkYXLDoXM/ClRlbmdvIHVuIEthcnZvZGFpbG5pcm9sLi4u
ONFLAw,,W0FnZW50XQpTbyBpZiB5b3UgYnJpbmcgbWUKXjAwMDBGRjEgQWxjb2hvbF4wMDAwMDAsIHdlIHNob3VsZApiZSB0b3RhbGx5IGdvb2QgdG8KbWFrZSBhIENvdW50ZXJhZ2VudC4=,,,,,W0FnZW50ZV0KRW50w6NvLCBzZSB2b2PDqiBtZSB0cm91eGVyCl4wMDAwRkYxIMOBbGNvb2xeMDAwMDAwLAplc3RhcmVtb3MgdG90YWxtZW50ZSBwcm9udG9zIHBhcmEKZmF6ZXIgdW0gQW50w61nZW5vLg==,,W0FnZW50ZV0KQXPDrSBxdWUgc2kgbWUgdHJhZXMKXkZGMDAwMDEgQWxjb2hvbF4wMDAwMDAsIGRlYmVyw61hbW9zCnRlbmVyIHRvZG8gbG8gbmVjZXNhcmlvIHBhcmEKaGFjZXIgdW4gQ29udHJhYWdlbnRlLg==
OdFLAw,,V2FpdCwgS2Fydm9kYWlsbmlyb2w/IQ==,,,,,RXNwZXJhLCBLYXJ2b2RhaWxuaXJvbD8h,,RXNwZXJhLCDCocK/S2Fydm9kYWlsbmlyb2w/IQ==
OtFLAw,,W0FnZW50XQpZZWFoLiBLYXJ2b2RhaWxuaXJvbC4KV2hhdCBhYm91dCBpdD8=,,,,,W0FnZW50ZV0KU2ltLiBLYXJ2b2RhaWxuaXJvbC4KTyBxdWUgdm9jw6ogYWNoYSBkaXNzbz8=,,W0FnZW50ZV0KU8OtLiBLYXJ2b2RhaWxuaXJvbC4Kwr9RdcOpIHBhc2E/
O9FLAw,,W3t9XQpZb3UgbmVlZCBEZXRyaW1pbmRleHRhCnRvIG1ha2UgYSBDb3VudGVyYWdlbnQsCm5vdCBLYXJ2b2RhaWxuaXJvbC4=,,,,,W3t9XQpWb2PDqiBwcmVjaXNhIGRlIERldHJpbWluZGV4dGEKcGFyYSBmYXplciB1bSBBbnTDrWdlbm8sCmUgbsOjbyBkZSBLYXJ2b2RhaWxuaXJvbC4=,,W3t9XQpOZWNlc2l0YXMgRGV0cmltaW5kZXh0YQpwYXJhIGhhY2VyIHVuIENvbnRyYWFnZW50ZSwKbm8gS2Fydm9kYWlsbmlyb2wu
PNFLAw,,W0FnZW50XQpPaCwgcmVhbGx5PyBIZWghCllvdSdyZSBhIGxpZmVzYXZlciEKRGV0cmltaW5kZXh0YSwgaHVoPw==,,,,,W0FnZW50ZV0KQWgsIMOpIG1lc21vPyBIZWghClZvY8OqIMOpIHVtIHNhbHZhLXZpZGFzIQpEZXRyaW1pbmRleHRhLCBoZWluPw==,,W0FnZW50ZV0KQWgsIMK/ZGUgdmVyZGFkPyDCoUplIQrCoUVyZXMgbGEgc2FsdmFjacOzbiEKRGV0cmltaW5kZXh0YSwgwr9laD8=
PdFLAw,,W0FnZW50XQpEb24ndCB3b3JyeSwgSSBnb3QKdGhhdCBvbmUgdG9vISBBbGwgeW91CmdvdHRhIGRvIGlzIGJyaW5nIEFsY29ob2x+,,,,,W0FnZW50ZV0KTsOjbyBzZSBwcmVvY3VwZSwgZXUgdGVuaG8KZXNzZSB0YW1iw6ltISBUdWRvIG8gcXVlIHZvY8OqCnByZWNpc2EgdHJhemVyIG8gw6FsY29vbH4=,,W0FnZW50ZV0KTm8gdGUgcHJlb2N1cGVzLCDCoXRhbWJpw6luCnRlbmdvIGVzbyEgCmxvIHF1ZSB0aWVuZXMgcXVlIGhhY2VyIGVzIHRyYWVyIEFsY29ob2wu
PtFLAw,,W0FnZW50XQpBbHJpZ2h0LCBqdXN0IGJyaW5nCm1lIGFuIEFsY29ob2wsIGFuZApJJ2xsIHRha2UgY2FyZSBvZiB0aGUgcmVzdC4=,,,,,W0FnZW50ZV0KVHVkbyBiZW0sIGJhc3RhIHRyYXplcgp1bSDDoWxjb29sLCBlIGV1IApjdWlkYXJlaSBkbyByZXN0by4=,,W0FnZW50ZV0KTXV5IGJpZW4sIHPDs2xvIHRyw6FlbWUKQWxjb2hvbCB5Cm1lIGVuY2FyZ2Fyw6kgZGVsIHJlc3RvLg==
P9FLAw,,W0FnZW50XQpFdmVyeXRoaW5nJ3MgcmVhZHkKZXhjZXB0IGZvciB0aGUgQWxjb2hvbC4KRGlkIHlvdSBicmluZyBpdD8=,,,,,W0FnZW50ZV0KRXN0w6EgdHVkbyBwcm9udG8KZXhjZXRvIG8gw6FsY29vbC4KVm9jw6ogbyB0cm91eGU/,,W0FnZW50ZV0KVG9kbyBsaXN0bwptZW5vcyBlbCBhbGNvaG9sLgrCv0xvIHRyYWppc3RlPw==
QNFLAw,,W0FnZW50XQpHcmVhdCwgbm93IGFsbCB3ZQpoYXZlIHRvIGRvIGlzIHdhaXQuCk5pY2Ugd29yaywgcGFydG5lci4=,,,,,W0FnZW50ZV0Kw5N0aW1vLCBhZ29yYSB0dWRvIG8gcXVlCnRlbW9zIHF1ZSBmYXplciDDqSBlc3BlcmFyLgpCb20gdHJhYmFsaG8sIHBhcmNlaXJvLg==,,W0FnZW50ZV0KR2VuaWFsLCBhaG9yYSB0b2RvIGxvIHF1ZQpoYXkgcXVlIGhhY2VyIGVzIGVzcGVyYXIuCkJ1ZW4gdHJhYmFqbywgY2FtYXJhZGEu
QdFLAw,,W0FnZW50XQpZb3UgZG9uJ3QgaGF2ZSBpdD8KWW91IGRpZG4ndCBkcmluawp0aGUgYWxjb2hvbCwgZGlkIHlvdT8=,,,,,W0FnZW50ZV0KVm9jw6ogbsOjbyB0ZW0gaXNzbz8KVm9jw6ogbsOjbyBiZWJldQpvIMOhbGNvb2wsIG7Do28gw6k/,,W0FnZW50ZV0Kwr9ObyBsbyB0aWVuZXM/Ck5vIGJlYmlzdGUKZWwgYWxjb2hvbCwgwr92ZXJkYWQ/
QtFLAw,,W0FnZW50XQpVbSwgSSBtYWRlIGEgbWlzdGFrZQptYWtpbmcgdGhlIENvdW50ZXJhZ2VudC4uLgpJIHdhcyBzdXBwb3NlZCB0byB1c2UgdGhpcwpEZXRyaW1pbmRleHRhLCBub3QgdGhlIG90aGVyCnRoaW5nLCBLYXJ2b2RhaWxuaXJvbCwgdG8KbWFrZSB0aGUgQ291bnRlcmFnZW50Lg==,,,,,W0FnZW50ZV0KSHVtLCBldSBjb21ldGkgdW0gZXJybwphbyBmYXplciBvIEFudMOtZ2Vuby4uLgpFdSBkZXZlcmlhIHRlciB1c2FkbyBlc3RlCkRldHJpbWluZGV4dGEsIGUgbsOjbyBhIG91dHJhCmNvaXNhLCBLYXJ2b2RhaWxuaXJvbCwgCnBhcmEgZmF6ZXIgbyBBbnTDrWdlbm8u,,W0FnZW50ZV0KTW1tLCBjb21ldMOtIHVuIGVycm9yCm1pZW50cmFzIGhhY8OtYSBlbCBDb250cmFhZ2VudGUuLi4KUGFyYSBoYWNlciBlbCBDb250cmFhZ2VudGUsCmRlYsOtYSB1c2FyIERldHJpbWluZGV4dGEsIG5vIGVzdGEgb3RyYQpjb3NhLi4uCkthcnZvZGFpbG5pcm9sLg==
Q9FLAw,,W0FnZW50XQpTb3JyeSwgdGhleSBib3RoIGxvb2sKdGhlIHNhbWUgdG8gbWUuIEFuZCwgd2VsbCwKc28gZG8gYWxsIHRoZSBsZXR0ZXJzIG9mCnRoZSBhbHBoYWJldC4gWW91IG1pbmQKdHJ5aW5nIHRoaXMgb3V0IGFnYWluPwpKdXN0IDEgbW9yZSBBbGNvaG9sLi4u,,,,,W0FnZW50ZV0KRGVzY3VscGUsIG9zIGRvaXMgcGFyZWNlbQppZ3VhaXMgcGFyYSBtaW0uIEUsIGJlbSwKYXNzaW0gY29tbyB0b2RhcyBhcyBsZXRyYXMgZG8gYWxmYWJldG8uIApWb2PDqiBzZSBpbXBvcnRhCmRlIHRlbnRhciBpc3NvIGRlIG5vdm8/ClPDsyBtYWlzIHVtIMOhbGNvb2wuLi4=,,W0FnZW50ZV0KTG8gc2llbnRvLCBhbWJvcyBtZSBwYXJlY2VuCmxvIG1pc21vLiBZLCBidWVubywKY29tbyBtZSBwYXNhIGNvbiB0b2RhcyBsYXMgbGV0cmFzCmRlbCBhbGZhYmV0by4gwr9UZSBtb2xlc3RhcsOtYQp2b2x2ZXIgYSBpbnRlbnRhcmxvPwpTw7NsbyAxIEFsY29ob2wgbcOhcy4uLg==
RNFLAw,,W0FnZW50XQpIZXksIEkgcHJvbWlzZSEKSSB3b24ndCBzY3JldyBpdCB1cAp0aGlzIHRpbWUuIFdlJ2xsCmRvIHRoaXMgZm9yIHN1cmV+,,,,,W0FnZW50ZV0KRWksIGV1IHByb21ldG8hCk7Do28gdm91IGVzdHJhZ2FyIHR1ZG8KZGVzdGEgdmV6LiBOw7NzIHZhbW9zCmNvbnNlZ3Vpcn4=,,W0FnZW50ZV0KwqFPeWUsIHRlIGxvIHByb21ldG8hCk5vIGxvIGFycnVpbmFyw6kgCmVzdGEgdmV6LiBTZWd1cm8KbG8gbG9ncmFyZW1vcy4=
RdFLAw,,W0FnZW50XQpIZWggaGVoISBMb29rcyBsaWtlCndlIHNvbHZlZCB0aGUgY2FzZSEKVGhlIHdhdGVyIHdhc24ndCByZWFsbHkKcG9pc29uZWQuLi4gSnVzdCBjb2xvcmVkCnRvIGxvb2sgc3VzcGljaW91cy4gU2VlPwpDb21wbGV0ZWx5IHNhZmUgdG8gZHJpbmsu,,,,,W0FnZW50ZV0KSGVoIGhlaCEgUGFyZWNlIHF1ZQpwYXJlY2UgcXVlIHJlc29sdmVtb3MgbyBjYXNvIQpBIMOhZ3VhIG7Do28gZXN0YXZhIHJlYWxtZW50ZQplbnZlbmVuYWRhLi4uIEFwZW5hcyBjb2xvcmlkYQpwYXJhIHBhcmVjZXIgc3VzcGVpdGEuIEVzdMOhIHZlbmRvPwpDb21wbGV0YW1lbnRlIHNlZ3VyYSBwYXJhIGJlYmVyLg==,,W0FnZW50ZV0KwqFKZSwgamUhIMKhUGFyZWNlIHF1ZQpyZXNvbHZpbW9zIGVsIGNhc28hCkVsIGFndWEgbm8gZXN0YWJhIGVudmVuZW5hZGEKZGUgdmVyZGFkLi4uIFPDs2xvIGxlIGNhbWJpYXJvbiBlbCBjb2xvcgpwYXJhIHF1ZSBwYXJlY2llcmEgc29zcGVjaG9zYS4gwr9WZXM/CkVzIGNvbXBsZXRhbWVudGUgc2VndXJvIGJlYmVybGEu
RtFLAw,,W0FnZW50XQpBbnl3YXksIGxvb2tzIGxpa2UKd2UncmUgZG9uZSBoZXJlLiBZb3UKbWluZCB0YWtpbmcgbXkgcmVwb3J0IG92ZXIKdG8gdGhlIG5leHQgUm9ndWUgYWdlbnQ/,,,,,W0FnZW50ZV0KRGUgcXVhbHF1ZXIgZm9ybWEsIHBhcmVjZSBxdWUgCmrDoSB0ZXJtaW5hbW9zIGFxdWkuIE8gc2VuaG9yCnNlIGltcG9ydGEgZGUgbGV2YXIgbWV1IHJlbGF0w7NyaW8KcGFyYSBvIHByw7N4aW1vIGFnZW50ZSBBcnJ1YWNlaXJvPw==,,W0FnZW50ZV0KRW4gZmluLCBwYXJlY2UgcXVlCnRlcm1pbmFtb3MuIMK/UHVlZGVzCmxsZXZhcmxlIG1pIGluZm9ybWUKYWwgcHLDs3hpbW8gYWdlbnRlIFDDrWNhcm8/
R9FLAw,,W0FnZW50XQpNYWtlIHN1cmUgdG8gdGFrZQp0aGlzIHRvIHRoZSBndXkgaW4KQ29tb2RvLCBva2F5Pw==,,,,,W0FnZW50ZV0KQ2VydGlmaXF1ZS1zZSBkZSBsZXZhcgppc3NvIHBhcmEgbyBjYXJhIGVtCkNvbW9kbywgb2s/,,W0FnZW50ZV0KQXNlZ8O6cmF0ZSBkZSBsbGV2YXJsZQplc3RvIGFsIHRpcG8gZGUKQ29tb2RvLCDCv2VzdMOhIGJpZW4/
SNFLAw,,XjMzNTVGRllvdSByZWNlaXZlZCBhIG5vdGUgdGhhdApjb21tdW5pY2F0ZXMgc29sZWx5CnRocm91Z2ggZG9vZGxlcy5eMDAwMDAw,,,,,XjMzNTVGRlZvY8OqIHJlY2ViZXUgdW1hIG5vdGEgcXVlCnNlIGNvbXVuaWNhIGFwZW5hcwphdHJhdsOpcyBkZSByYWJpc2Nvcy5eMDAwMDAw,,XjI1MDJGRFJlY2liaXN0ZSB1bmEgbm90YSBxdWUKZXhwcmVzYSBsYSBpbmZvcm1hY2nDs24gZXhjbHVzaXZhbWVudGUKYSB0cmF2w6lzIGRlIGdhcmFiYXRvcy5eMDAwMDAw
SdFLAw,,W0FnZW50XQpNYWtlIHN1cmUgdG8gdGFrZQp0aGlzIHRvIHRoZSBndXkgaW4KQWwgRGUgQmFyYW4sIG9rYXk/,,,,,W0FnZW50ZV0KQ2VydGlmaXF1ZS1zZSBkZSBsZXZhcgppc3NvIHBhcmEgbyBjYXJhIGVtCkFsIERlIEJhcmFuLCBvaz8=,,W0FnZW50ZV0KQXNlZ8O6cmF0ZSBkZSBsbGV2YXJsZQplc3RvIGFsIHRpcG8gZGUKQWxkZWJhcmFuLCDCv2VzdMOhIGJpZW4/
StFLAw,,W0FnZW50XQpCZSBzdXJlIHRoYXQgdGhlClJvZ3VlIGFnZW50IG92ZXIKaW4gQWwgRGUgQmFyYW4gZ2V0cwpteSByZXBvcnQsIG9rYXk/,,,,,W0FnZW50ZV0KQ2VydGlmaXF1ZS1zZSBkZSBxdWUgbwphZ2VudGUgQXJydWFjZWlybyAKZW0gQWwgRGUgQmFyYW4gcmVjZWJhCm1ldSByZWxhdMOzcmlvLCBvaz8=,,W0FnZW50ZV0KQXNlZ8O6cmF0ZSBkZSBxdWUgZWwKYWdlbnRlIFDDrWNhcm8gZGUKQWxkZWJhcmFuIHJlY2liYQptaSBpbmZvcm1lLCDCv2RlIGFjdWVyZG8/
S9FLAw,,W0FnZW50XQpIdWgsIHRoZSBndXkgaW4KQWwgRGUgQmFyYW4gd291bGRuJ3QKdGFrZSBpdD8gT2ghIFRoYXQncyB3aHkhCkkgbWVhbnQgQ29tb2RvISBZb3UgZ290dGEKZ28gdG8gQ29tb2RvISBIZWgsIG15IGJhZH4=,,,,,W0FnZW50ZV0KSHVoLCBvIGNhcmEgZW0KQWwgRGUgQmFyYW4gbsOjbyBxdWlzCmFjZWl0YXI/IE9oISDDiSBwb3IgaXNzbyEKRXUgcXVpcyBkaXplciBDb21vZG8hIFZvY8OqIHByZWNpc2EKaXIgcGFyYSBDb21vZG8hIEhlaCwgZXJybyBtZXV+,,W0FnZW50ZV0KRWgsIMK/ZWwgdGlwbyBkZQpBbGRlYmFyYW4gbm8gbG8gcXVpZXJlCnJlY2liaXI/IMKhQWghIMKhUG9yIGVzbyEKwqFRdWlzZSBkZWNpciBDb21vZG8hIMKhVGllbmVzIHF1ZQppciBhIENvbW9kbyEgSmUsIGZ1ZSBtaSBjdWxwYS4=
TNFLAw,,W0FnZW50XQpCZSBzdXJlIHRoYXQgdGhlClJvZ3VlIGFnZW50IG92ZXIKaW4gQ29tb2RvIGdldHMKbXkgcmVwb3J0LCBva2F5Pw==,,,,,W0FnZW50ZV0KQ2VydGlmaXF1ZS1zZSBkZSBxdWUgbwpBZ2VudGUgQXJydWFjZWlybwplbSBDb21vZG8gcmVjZWJhCm1ldSByZWxhdMOzcmlvLCBvaz8=,,W0FnZW50ZV0KQXNlZ8O6cmF0ZSBkZSBxdWUgZWwKYWdlbnRlIFDDrWNhcm8gZGUKZGUgQ29tb2RvIHJlY2liYQptaSBpbmZvcm1lLCDCv2RlIGFjdWVyZG8/
TdFLAw,,W0FnZW50XQpIZXksIHBhcnRuZXIsIGhvdydzCml0IGdvaW5nPyBJJ20gc29ycnkKaWYgSSdtIGEgYml0IG9mIGEgaGFzc2xlCnRvIHdvcmsgd2l0aC4gSSBtaWdodCBsYWNrCmJvb2sgc21hcnRzLCBidXQgSSBtYWtlCnVwIGZvciBpdCBzb21lIHdpdGggbXkgc2Fhdnku,,,,,W0FnZW50ZV0KRWksIHBhcmNlaXJvLCBjb21vIGVzdMOhCmluZG8/IERlc2N1bHBlLW1lCnNlIHNvdSB1bSBwb3VjbyBpbmPDtG1vZG8KcGFyYSB0cmFiYWxoYXIuIFRhbHZleiBldSBuw6NvIHRlbmhhCmEgc2FiZWRvcmlhIGRvcyBsaXZyb3MsIG1hcyBjb21wZW5zbyBpc3NvCmNvbSBtaW5oYSBleHBlcmnDqm5jaWEu,,W0FnZW50ZV0KT3llLCBjYW1hcmFkYSwgwr9jw7Ntbwp2YSB0b2RvPyBEaXNjdWxwYQpzaSBzb3kgdW4gcG9jbyBtb2xlc3RvCnBhcmEgdHJhYmFqYXIuIFB1ZWRlIHF1ZSBubyBzZWEKbXV5IGxlw61kbywgcGVybwpsbyBjb21wZW5zbyB1biBwb2NvIGNvbiBtaSBoYWJpbGlkYWQu
TtFLAw,,W0FnZW50XQpZb3UndmUgZ290IHRvbyBtYW55CnRoaW5ncyBvbiB5b3UuIFdoeQpkb24ndCB5b3UgcHV0IHNvbWUKb2YgaXQgaW4gS2FmcmEgU3RvcmFnZQpiZWZvcmUgdGFsa2luZyB0byBtZSwgZWg/,,,,,W0FnZW50ZV0KVm9jw6ogdGVtIG11aXRhcwpjb2lzYXMgY29tIHZvY8OqLiBQb3IgcXVlCm7Do28gY29sb2NhIGFsZ3VtYXMKbm8gQXJtYXrDqW0gZGEgS2FmcmEKYW50ZXMgZGUgZmFsYXIgY29taWdvLCBoZWluPw==,,W0FnZW50ZV0KVGllbmVzIGRlbWFzaWFkYXMKY29zYXMuIMK/UG9yIHF1w6kgCm5vIGRlamFzIGFsZ28KZW4gZWwgQWxtYWPDqW4gZGUgS2FmcmEKYW50ZXMgZGUgaGFibGFyIGNvbm1pZ28/LCDCv2VoPw==
T9FLAw,,W0FnZW50XQouLi4uLi4KLi4uLi4u,,,,,W0FnZW50ZV0KLi4uLi4uCi4uLi4uLg==,,W0FnZW50ZV0KLi4uLi4uCi4uLi4uLg==
UNFLAw,,W0FnZW50XQpZb3UncmUgdGhlIG9uZQp0aGF0IGhlbHBlZCB0YWtlCmRvd24gdGhlIFogR2FuZz8KSGVoISBHb29kIHdvcmt+,,,,,W0FnZW50ZV0KRm9pIHZvY8OqIHF1ZW0KcXVlIGFqdWRvdSBhIGRlcnJ1YmFyCmEgR2FuZ3VlIFo/CkhlaCEgQm9tIHRyYWJhbGhvIQ==,,W0FnZW50ZV0Kwr9FcmVzIHF1aWVuIGF5dWTDswphIGRlcnJvY2FyIGEgbGEgUGFuZGlsbGEgWj8KwqFKZSEgQnVlbiB0cmFiYWpvLg==
UdFLAw,,W0FnZW50XQpXaG8gYXJlIHlvdT8gSG0u,,,,,W0FnZW50ZV0KUXVlbSDDqSB2b2PDqj8gSG0u,,W0FnZW50ZV0Kwr9RdWnDqW4gZXJlcz8gTW1tLg==
UtFLAw,,W0FnZW50XQpZb3Uga25vdywgUm9ndWVzIGFyZQp0cmlja3kgYW5kIGhhcmQgdG8gY2F0Y2gsCnNvIEknbSBnb25uYSB0ZWFjaCB5b3UgdG8KY2FycnkgeW91cnNlbGYgdGhyb3VnaCBzb21lCnNlbGYtZGlzY2lwbGluZS4gR290IGl0PwpEaXNjaXBsaW5lISBZb3UgbmVlZCBpdCE=,,,,,W0FnZW50ZV0KVm9jw6ogc2FiZSwgb3MgQXJydWFjZWlyb3Mgc8Ojbwpjb21wbGljYWRvcyBlIGRpZsOtY2VpcyBkZSBwZWdhciwKcG9yIGlzc28gdm91IGVuc2luw6EtbG8gYSBzZSBjb21wb3J0YXIgCmNvbSB1bSBwb3VjbyBkZQphdXRvZGlzY2lwbGluYS4gRW50ZW5kZXU/CkRpc2NpcGxpbmEhIFZvY8OqIHByZWNpc2EgZGVsYSE=,,W0FnZW50ZV0KU2FiZXMsIGxvcyBQw61jYXJvcyBzb24KdHJhbXBvc29zIHkgZGlmw61jaWxlcyBkZSBhdHJhcGFyLAphc8OtIHF1ZSB0ZSB2b3kgYSBlbnNlw7FhcgphIGNvbXBvcnRhcnRlIGEgdHJhdsOpcyBkZSBhbGdvIGRlCmF1dG9kaXNjaXBsaW5hLiDCv0VudGVuZGlzdGU/CsKhRGlzY2lwbGluYSEgwqFMYSBuZWNlc2l0YXMh
U9FLAw,,W0FnZW50XQpGcm9tIGhlcmUgb24gb3V0LApJIHdhbnQgeW91IHRvIHllbGwKJydZZXMsIHNpciEnJyB3aGVuIHlvdQphY2tub3dsZWRnZSBteSBpbnN0cnVjdGlvbnMuCllvdSBnb3QgdGhhdCEgTG91ZCBhbmQgY2xlYXIh,,,,,W0FnZW50ZV0KRGUgYWdvcmEgZW0gZGlhbnRlLApxdWVybyBxdWUgdm9jw6ogZ3JpdGUKJydTaW0sIHNlbmhvciEnJyBxdWFuZG8gYWNlaXRhciAKbWluaGFzIGluc3RydcOnw7Vlcy4KVm9jw6ogZW50ZW5kZXUhIEVtIGFsdG8gZSBib20gc29tIQ==,,W0FnZW50ZV0KRGUgYXF1w60gZW4gYWRlbGFudGUsCnF1aWVybyBxdWUgZ3JpdGVzCuKAnMKhU8OtLCBzZcOxb3Ih4oCdIGN1YW5kbwpyZWNpYmFzIG1pcyBpbnN0cnVjY2lvbmVzLgrCoUVudGVuZGlzdGUgZXNvISDCoUZ1ZXJ0ZSB5IGNsYXJvIQ==
VNFLAw,,WWVzLCBTaXIh,,,,,U2ltLCBzZW5ob3Ih,,wqFTw60sIHNlw7FvciE=
VdFLAw,,Li4u,,,,,Li4u,,4oCm
VtFLAw,,W0FnZW50XQpSaWdodCBvbiwgcmlnaHQgb24uCkhtLiBMZXQncyB0cnkgdGhhdCBhZ2Fpbi4uLgpMZXQgbWUgaGVhciB5b3Ugc2F5IGl0IGxvdWRlciE=,,,,,W0FnZW50ZV0KSXNzbyBtZXNtbywgaXNzbyBtZXNtby4KSG0uIFZhbW9zIHRlbnRhciBkZSBub3ZvLi4uCkRlaXhlLW1lIG91dmktbG8gZGl6ZXIgaXNzbyBtYWlzIGFsdG8h,,W0FnZW50ZV0KQmllbiwgYmllbi4KTW1tLiBJbnRlbnTDqW1vc2xvIGRlIG51ZXZvLi4uCsKhUXVpZXJvIG/DrXJ0ZSBkZWNpcmxvIG3DoXMgZnVlcnRlIQ==
V9FLAw,,W0FnZW50XQpOaWNlIQ==,,,,,W0FnZW50ZV0KTGVnYWwh,,W0FnZW50ZV0KwqFRdcOpIGJpZW4h
WNFLAw,,W0FnZW50XQpPa2F5LCBub3cgZm9yIHlvdXIKdHJhaW5pbmcgaW5zdHJ1Y3Rpb25zLi4uClRoZXJlJ3MgYSBydW1vciB0aGF0IGEgbW9uc3RlcgpoYXMgaW52YWRlZCB0aGUgdmlsbGFnZSwgYnV0CkknbSBzdXJlIGl0J3MganVzdCBzb21lb25lCnRyeWluZyB0byBzY2FyZSB0aGUgcHVibGljLg==,,,,,W0FnZW50ZV0KT2ssIGFnb3JhIHZhbW9zIMOgcyBzdWFzCmluc3RydcOnw7VlcyBkZSB0cmVpbmFtZW50by4uLgpIw6EgdW0gYm9hdG8gZGUgcXVlIHVtIG1vbnN0cm8KaW52YWRpdSBhIGFsZGVpYSwgbWFzCnRlbmhvIGNlcnRlemEgZGUgcXVlIMOpIGFwZW5hcyBhbGd1w6ltCnRlbnRhbmRvIGFzc3VzdGFyIG8gcMO6YmxpY28u,,W0FnZW50ZV0KQmllbiwgYWhvcmEgZW4gY3VhbnRvIGEgdHVzCmluc3RydWNjaW9uZXMgcGFyYSBlbCBlbnRyZW5hbWllbnRvLi4uCkhheSB1biBydW1vciBkZSBxdWUgdW4gbW9uc3RydW8KaW52YWRpw7MgbGEgYWxkZWEsIHBlcm8KZXN0b3kgc2VndXJvIGRlIHF1ZSBlcyBzb2xvIGFsZ3VpZW4KdHJhdGFuZG8gZGUgYXN1c3RhciBhIGxhIGdlbnRlLg==
WdFLAw,,W0FnZW50XQpJJ20gcHJldHR5IHN1cmUgdGhlLCB1aCwKcGVycCBpcyB3ZWFyaW5nIGEgbWFzayB0bwpmb29sIHBlb3BsZSBpbnRvIHRoaW5raW4nCmZoZSdzIG1vbnN0ZXIuIFRoaXMgbWVhbnMuLi4KWW91ciBtaXNzaW9uIGlzIHRvIGJyaW5nCm1lIHNvbWUgbW9uc3RlcnMgbWFza3Mu,,,,,W0FnZW50ZV0KVGVuaG8gcXVhc2UgY2VydGV6YSBkZSBxdWUgbywgdWgsCmNyaW1pbm9zbyBlc3TDoSB1c2FuZG8gdW1hIG3DoXNjYXJhIHBhcmEKZW5nYW5hciBhcyBwZXNzb2FzIHBhcmEgcXVlIHBlbnNlbQpxdWUgZWxlIMOpIHVtIG1vbnN0cm8uIElzc28gc2lnbmlmaWNhLi4uClN1YSBtaXNzw6NvIMOpIHRyYXplcgphbGd1bWFzIG3DoXNjYXJhcyBkZSBtb25zdHJvcy4=,,W0FnZW50ZV0KRXN0b3kgYmFzdGFudGUgc2VndXJvIGRlIHF1ZSBlbCwgZWgsCmVsIHBlcnBldHJhZG9yIHVzYSB1bmEgbcOhc2NhcmEgcGFyYQplbmdhw7FhciBhIGxhIGdlbnRlIHkgaGFjZXJsZSBjcmVlciBxdWUKZXMgdW4gbW9uc3RydW8uIEVzdG8gc2lnbmlmaWNhIHF1ZeKApgpUdSBtaXNpw7NuIGVzIHRyYWVybWUKYWxndW5hcyBtw6FzY2FyYXMgZGUgbW9uc3RydW9zLg==
WtFLAw,,W0FnZW50XQpIZWguLi4KV2hhdCdzIHlvdXIgbWlzc2lvbj8h,,,,,W0FnZW50ZV0KSGVoLi4uClF1YWwgw6kgYSBzdWEgbWlzc8Ojbz8=,,W0FnZW50ZV0KSmXigKYKwqHCv0N1w6FsIGVzIHR1IG1pc2nDs24/IQ==
W9FLAw,,QnJpbmcgbW9uc3RlciBtYXNrcyE=,,,,,VHJhZ2EgbcOhc2NhcmFzIGRlIG1vbnN0cm9zIQ==,,wqFUcmFlciBtw6FzY2FyYXMgZGUgbW9uc3RydW9zIQ==
XNFLAw,,W0FnZW50XQpHcm9vdmUu,,,,,W0FnZW50ZV0KR3Jvb3ZlLg==,,W0FnZW50ZV0KTXV5IGJpZW4u
XdFLAw,,W0FnZW50XQpBbHJpZ2h0LCBicmluZyBtZQpeRkYwMDAwMiBzY2FyeSBsb29raW4nCm1vbnN0ZXIgbWFza3NeMDAwMDAwLgpKdXN0IDIsIGFuZCBtYWtlCnN1cmUgdGhleSdyZSBzY2FyeS4=,,,,,W0FnZW50ZV0KVHVkbyBiZW0sIHRyYWdhLW1lCl5GRjAwMDAyIG3DoXNjYXJhcyAKZGUgbW9uc3Ryb14wMDAwMDAuCkFwZW5hcyAyLCBlIGNlcnRpZmlxdWUtc2UKcXVlIGVsYXMgc2VqYW0gYXNzdXN0YWRvcmFzLg==,,W0FnZW50ZV0KRGUgYWN1ZXJkbywgdHLDoWVtZQpeNjYwMDAwMiBtw6FzY2FyYXMgZGUgbW9uc3RydW9zCmRlIGFzcGVjdG8gYXRlcnJhZG9yXjAwMDAwMC4KU29sbyAyLCB5IGFzw6lndXJhdGUKZGUgcXVlIGRlbiBtaWVkby4=
XtFLAw,,W0FnZW50XQpXaGF0IGRvIHlvdSB0aGluawp5b3UncmUgZG9pbic/IEknbQpwcmV0dHkgaW5zdWx0ZWQsIHNlZWluZwphcyB5b3UncmUgYWxsIGRlZmlhbnQgbGlrZQp0aGlzLiBIb3cgZG8geW91IGV4cGVjdAp0byBiZWNvbWUgYSBnb29kIFJvZ3VlPyE=,,,,,W0FnZW50ZV0KTyBxdWUgdm9jw6ogYWNoYSBxdWUgZXN0w6EgZmF6ZW5kbz8gCkVzdG91IGJhc3RhbnRlIGluc3VsdGFkbywgCmrDoSBxdWUgdm9jw6ogw6kgdG9kbyBkZXNhZmlhZG9yIGFzc2ltLiAKQ29tbyB2b2PDqiBlc3BlcmEKc2UgdG9ybmFyIHVtIGJvbSBBcnJ1YWNlaXJvPyE=,,W0FnZW50ZV0Kwr9RdcOpIGNyZWVzCnF1ZSBlc3TDoXMgaGFjaWVuZG8/IE1lIHNpZW50bwpiYXN0YW50ZSBpbnN1bHRhZG8gcG9yCnR1IGNvbXBvcnRhbWllbnRvIHRhbgpkZXNhZmlhbnRlLiDCocK/Q8OzbW8gZXNwZXJhcwpjb252ZXJ0aXJ0ZSBlbiBpbnRlZ3JhbnRlIGRlY2VudGUgZGUgbG9zIFDDrWNhcm9zPyE=
X9FLAw,,W0FnZW50XQpTby4uLiBZb3UgYnJpbmcKdGhlIG1hc2tzIGxpa2UKYSBnb29kIGxpdHRsZSBzb2xkaWVyPw==,,,,,W0FnZW50ZV0KRW50w6NvLi4uIFZvY8OqIHRyYXoKYXMgbcOhc2NhcmFzIGNvbW8KdW0gYm9tIHNvbGRhZGluaG8/,,W0FnZW50ZV0KRW50b25jZXPigKYgwr9UcmFlcwpsYXMgbcOhc2NhcmFzIGNvbW8gaGFyw61hIGN1YWxxdWllcgpyZWNsdXRhIGRlY2VudGU/
YNFLAw,,VWggaHVoLg==,,,,,VWggaHVoLg==,,QWrDoS4=
YdFLAw,,W0FnZW50XQpIZXksIHJlbWVtYmVyIG91cgpsaXR0bGUgcnVsZT8gSSBldmVuCmNsdWVkIHlvdSBvZmYgd2hlbgpJIHNhaWQgJydzb2xkaWVyIScnIEhlaH4=,,,,,W0FnZW50ZV0KRWksIGxlbWJyYS1zZSBkZSBub3NzYQpwZXF1ZW5hIHJlZ3JhPyBFdSBhdMOpCmxoZSBkZWkgdW1hIGRpY2EgcXVhbmRvCmV1IGRpc3NlICcnc29sZGFkbycnISBIZWh+,,W0FnZW50ZV0KT3llLCDCv3JlY3VlcmRhcyBudWVzdHJhCnBlcXVlw7FhIHJlZ2xhPyBJbmNsdXNvCnRlIGRpIHVuYSBwaXN0YSBjdWFuZG8KZGlqZSDigJzCoXJlY2x1dGEh4oCdIEplLg==
YtFLAw,,W0FnZW50XQpPa2F5LCBsZXQgbWUgY2hlY2su,,,,,W0FnZW50ZV0KT2ssIGRlaXhlLW1lIHZlcmlmaWNhci4=,,W0FnZW50ZV0KRMOpamFtZSBjb21wcm9iYXI=
Y9FLAw,,W0FnZW50XQpFeGNlbGxlbnQh,,,,,W0FnZW50ZV0KRXhjZWxlbnRlIQ==,,W0FnZW50ZV0KwqFFeGNlbGVudGUh
ZNFLAw,,W0FnZW50XQpMb29rLCBJIGtub3cgSSBnYXZlIHlvdQphIGhhcmQgdGltZS4gQW5kIGRvbid0IHdvcnJ5LApJJ20gbm90IGdvbm5hIHRha2UgeW91ciBtYXNrcy4KSSBqdXN0IHdhbnRlZCB0byB0cmFpbiB5b3UKdG8gYmUgdGhlIGJlc3QgUm9ndWUgdGhhdAp5b3UgY2FuIGJlLiBVbmRlcnN0YW5kPw==,,,,,W0FnZW50ZV0KT2xoZSwgZXUgc2VpIHF1ZSBsaGUgZGVpCnVtIG1vbWVudG8gZGlmw61jaWwuIEUgbsOjbyBzZSBwcmVvY3VwZW0sCm7Do28gdm91IHRpcmFyIHN1YXMgbcOhc2NhcmFzLgpFdSBzw7MgcXVlcmlhIHRyZWluw6EtbG8KcGFyYSBzZXIgbyBtZWxob3IgQXJydWFjZWlybyAKcXVlIHZvY8OqIHBvZGUgc2VyLiBFbnRlbmRldT8=,,W0FnZW50ZV0KTWlyYSwgc8OpIHF1ZSB0ZSBsYQpoaWNlIGRpZsOtY2lsLiDCoVkgbm8gdGUgcHJlb2N1cGVzIQpObyBtZSB2b3kgYSBxdWVkYXIgY29uIHR1cyBtw6FzY2FyYXMuClPDs2xvIHF1ZXLDrWEgZW50cmVuYXJ0ZQpwYXJhIHF1ZSBhbGNhbmNlcyB0dSBuaXZlbCBtw6FzIGFsdG8gcG9zaWJsZQpjb21vIGludGVncmFudGUgZGUgbG9zIFDDrWNhcm9zLiBFbnRlbmRlcmxvLg==
ZdFLAw,,W0FnZW50XQpFaD8gU28gd2hhdCdzIHRoaXMKbm90ZSB5b3Uga2VlcCBjYXJyeWluZwphcm91bmQgaW4geW91ciBoYW5kPw==,,,,,W0FnZW50ZV0KRWg/IEVudMOjbyBvIHF1ZSDDqSBlc3NhCm5vdGEgcXVlIHZvY8OqIGNvbnRpbnVhIGNhcnJlZ2FuZG8KZW0gc3VhIG3Do28/,,W0FnZW50ZV0Kwr9FaD8gRW50b25jZXMsIMK/cXXDqSBlcyBlc3RhCm5vdGEgcXVlIHNpZW1wcmUgbGxldmFzCmVuIGxhIG1hbm8/
ZtFLAw,,W0FnZW50XQpIbW1tLi4uIE1tbWhtbW0uLi4KSG1tbS4uLiBNbW1obW1tLi4uCkhtbW0uLi4gTW1taG1tbS4uLiBPaCE=,,,,,W0FnZW50ZV0KSG1tbS4uLiBNbW1obW1tLi4uCkhtbW0uLi4gTW1taG1tbS4uLgpIbW1tLi4uIE1tbWhtbW0uLi4gT2gh,,W0FnZW50ZV0KTW1tbS4uLiBNbW1tbS4uLgpNbW1tLi4uIE1tbW1tLi4uCk1tbW0uLi4gIMKhQWgh
Z9FLAw,,W0FnZW50XQpBdywgbnV0cyEgV2h5IGRpZG4ndAp5b3Ugc2F5IHNvbWV0aGluZz8KSSB0aG91Z2h0IHlvdSB3ZXJlCmhlcmUgdG8gdGFrZSB0aGUgSm9iCmNoYW5nZSB0ZXN0IGZvciBSb2d1ZXMh,,,,,W0FnZW50ZV0KQWgsIHF1ZSBsb3VjdXJhISBQb3IgcXVlIG7Do28KZGlzc2UgYWxndW1hIGNvaXNhPyBBY2hlaSBxdWUKdm9jw6ogZXN0aXZlc3NlIGFxdWkgcGFyYSBmYXplcgpvIHRlc3RlIGRlIE11ZGFuw6dhIGRlIENsYXNzZQpwYXJhIEFycnVhY2Vpcm9zIQ==,,W0FnZW50ZV0KwqFPaCwgcmF5b3MhIMK/UG9yIHF1w6kgbm8KZGlqaXN0ZSBuYWRhPwrCoVBlbnPDqSBxdWUgdmluaXN0ZQpwYXJhIGhhY2VyIGxhIHBydWViYQpkZSBjYW1iaW8gZGUgY2xhc2UgZGUgbG9zIFDDrWNhcm9zIQ==
aNFLAw,,W0FnZW50XQpBdyBtYW4sIHlvdSBjYW1lIGFsbCB0aGlzCndheSB0byBoZWxwIG1lIG91dCwgYW5kCkkgdGhvdWdodCBJLS1JJ20gcmVhbGx5LApyZWFsbHkgc29ycnkhIEl0J3MganVzdAp0aGF0IEkgZ290IHlvdSBtaXhlZCB1cAp3aXRoIGEgdHJhaW5lZSBJJ20gZXhwZWN0aW5nLi4u,,,,,W0FnZW50ZV0KQWgsIGNhcmEsIHZvY8OqIHZlaW8gYXTDqSBhcXVpIHBhcmEgbWUgYWp1ZGFyLCAKZSBwZW5zZWkgcXVlLi4uIHNpbnRvIG11aXRvLCAKbXVpdG8gbWVzbW8hIArDiSBxdWUgZXUgY29uZnVuZGkgdm9jw6oKY29tIHVtIGVzdGFnacOhcmlvIApxdWUgZXN0b3UgZXNwZXJhbmRvLi4u,,W0FnZW50ZV0KQXksIHZpbmlzdGUgaGFzdGEgYXF1w60gCnBhcmEgYXl1ZGFybWUgeQpwZW5zw6kgcXVlLS0gwqFkZSB2ZXJkYWQKbG8gc2llbnRvIG11Y2hvISBFcyBxdWUKdGUgY29uZnVuZMOtIApjb24gdW4gYXByZW5kaXogcXVlIGVzdG95IGVzcGVyYW5kby4uLg==
adFLAw,,W0FnZW50XQpEbyBtZSBhIGZhdm9yLCBhbmQKbm90IHRlbGwgYW55b25lLCB5ZWFoPwpDb25zaWRlciB0aGlzLi4uIEkgZHVubm8sCmFuIGluc2lkZXIgbG9vayBpbnRvIHRoZQpSb2d1ZSB3b3JsZCBpZiB5b3Ugd291bGQu,,,,,W0FnZW50ZV0KRmHDp2EtbWUgdW0gZmF2b3IsIGUKbsOjbyBjb250ZSBhIG5pbmd1w6ltLCBzaW0/CkNvbnNpZGVyZSBpc3NvLi4uIE7Do28gc2VpLAp1bWEgdmlzw6NvIHByaXZpbGVnaWFkYSAKZG8gbXVuZG8gQXJydWFjZWlybywgc2UgcHJlZmVyaXIu,,W0FnZW50ZV0KSGF6bWUgdW4gZmF2b3IgeQpubyBsZSBkaWdhcyBhIG5hZGllLCDCv2VzdMOhIGJpZW4/CkNvbnNpZGVyYSBxdWUgZXN0byBlcy4uLiBubyBsbyBzw6ksCnVuYSB2aXN0YSBkZXNkZSBhZGVudHJvIGRlbAptdW5kbyBkZSBQw61jYXJvcywgcG9yIGFzw60gZGVjaXJsby4=
atFLAw,,WWVzLCBzaXIh,,,,,U2ltLCBzZW5ob3Ih,,wqFTw60sIHNlw7FvciE=
a9FLAw,,SSB3b24ndCB0ZWxsIGFueW9uZS4=,,,,,TsOjbyBjb250YXJlaSBhIG5pbmd1w6ltLg==,,Tm8gc2UgbG8gZGlyw6kgYSBuYWRpZS4=
bNFLAw,,W0FnZW50XQpXaG9hISBXaG9hIQpZb3UgY2FuIGtub2NrCnRoYXQgb2ZmIG5vdy4KVGhhbmtzLCBJIHJlYWxseQphcHByZWNpYXRlIGl0Lg==,,,,,W0FnZW50ZV0KVWF1ISBPcGEhClZvY8OqIHBvZGUgcGFyYXIKaXNzbyBhZ29yYS4KT2JyaWdhZG8sIGV1IHJlYWxtZW50ZQphZ3JhZGXDp28u,,W0FnZW50ZV0KwqFWYXlhISDCoVZheWEhClB1ZWRlcyB0ZXJtaW5hciBjb24KZXNvIGFob3JhLgpHcmFjaWFzLCBkZSB2ZXJkYWQKbG8gdmFsb3JvLg==
bdFLAw,,W0FnZW50XQpUaGFua3MuIEkga25ldyBJIGNvdWxkCnRydXN0IHlvdSBzb21laG93IQ==,,,,,W0FnZW50ZV0KT2JyaWdhZG8uIEV1IHNhYmlhIHF1ZSBwb2RpYQpjb25maWFyIGVtIHZvY8OqIGRlIGFsZ3VtYSBmb3JtYSE=,,W0FnZW50ZV0KR3JhY2lhcy4gRGUgYWxndW5hIG1hbmVyYSwgwqFzYWLDrWEgcXVlIHBvZMOtYQpjb25maWFyIGVuIHRpIQ==
btFLAw,,W0FnZW50XQpBbnl3YXksIHlvdSd2ZSBnb3Qgb25lCmxhc3QgcGxhY2UgdG8gZ28sIE1vcnJvYy4KQ2hlY2sgaW4gd2l0aCB0aGUgUm9ndWUKYWdlbnQgb3ZlciB0aGVyZSwgd2lsbCB5b3U/Ck9oLCBhbmQgdGFrZSB0aGlzIGZvb2QKd2l0aCBteSBhcG9sb2dpZXMsICdrYXk/,,,,,W0FnZW50ZV0KRGUgcXVhbHF1ZXIgZm9ybWEsIHZvY8OqIHRlbSB1bQrDumx0aW1vIGx1Z2FyIHBhcmEgaXIsIE1vcnJvYy4KRW50cmUgZW0gY29udGF0byBjb20gbyBhZ2VudGUgZGEgQXJydWFjZWlybwphbGksIGVzdMOhIGJlbT8KQWgsIGUgbGV2ZSBlc3NhIGNvbWlkYQpjb20gbWluaGFzIGRlc2N1bHBhcywgZXN0w6EgYmVtPw==,,W0FnZW50ZV0KRW4gZmluLCB0ZSBxdWVkYSB1biDDumx0aW1vIGx1Z2FyCnBhcmEgaXIsIE1vcnJvYy4KQ29tdW7DrWNhdGUgY29uIGVsIGFnZW50ZSBQw61jYXJvCmRlIGFsbMOtLCBwb3IgZmF2b3IuCk9oLCB5IHRvbWEgZXN0YSBjb21pZGEKYSBtb2RvIGRlIGRpc2N1bHBhLCDCv2VzdMOhIGJpZW4/
b9FLAw,,W0FnZW50XQpXYWl0LCBzb21ldGhpbmcKaXNuJ3QgcXVpdGUgcmlnaHQuIFlvdQptaW5kIGNvbWluZyBiYWNrCmEgbGl0dGxlIGxhdGVyPw==,,,,,W0FnZW50ZV0KRXNwZXJlLCBhbGdvCm7Do28gZXN0w6EgY2VydG8uIE8gc2VuaG9yCnNlIGltcG9ydGEgZGUgdm9sdGFyCnVtIHBvdWNvIG1haXMgdGFyZGU/,,W0FnZW50ZV0KRXNwZXJhLCBhbGdvCm5vIGVzdMOhIGRlbCB0b2RvIGJpZW4uIMK/UHVlZGVzCnZvbHZlcgp1biBwb2NvIG3DoXMgdGFyZGU/
cNFLAw,,W0FnZW50XQpIZXksIGJlIHNhZmUgb24geW91cgp3YXkgdG8gTW9ycm9jLCBhbHJpZ2h0PwpHb29kIGx1Y2sgZmluZGluZyB0aGF0ClJvZ3VlIGFnZW50IG92ZXIgdGhlcmUuCk9oLCBhbmQgbXVtJ3MgdGhlIHdvcmQKb24gbXkgbGl0dGxlIG1pc3Rha2V+,,,,,W0FnZW50ZV0KRWksIHRvbWUgY3VpZGFkbyBlbSBzZXUKY2FtaW5obyBwYXJhIE1vcnJvYywgY2VydG8/CkJvYSBzb3J0ZSBwYXJhIGVuY29udHJhciBhcXVlbGUKYWdlbnRlIEFycnVhY2Vpcm8gYWxpLgpBaCwgZSBhIG1hbcOjZSBlc3TDoSBpbmZvcm1hZGEKc29icmUgbWV1IHBlcXVlbm8gZXJyb34=,,W0FnZW50ZV0KT3llLCB0ZW4gY3VpZGFkbyBlbiB0dQp2aWFqZSBhIE1vcnJvYywgwr9kZSBhY3VlcmRvPwpCdWVuYSBzdWVydGUgY29uIGxhIGLDunNxdWVkYQpFbCBhZ2VudGUgUMOtY2FybyBkZSBhbGzDrS4KT2gsIHkgbmkgdW5hIHBhbGFicmEKc29icmUgbWkgcGVxdWXDsW8gZXJyb3Iu
cdFLAw,,W0FnZW50XQpIZXksIGRpZGphIGV2ZW4gYm90aGVyCnRvIGJyaW5nIHRoZSBtYXNrcz8KR28gYmFjayBhbmQgZmluZCB0aGVtIQ==,,,,,W0FnZW50ZV0KRWksIHZvY8OqIHNlIGRldSBhbyB0cmFiYWxobwpkZSB0cmF6ZXIgYXMgbcOhc2NhcmFzPwpWb2x0ZSBlIGVuY29udHJlLWFzIQ==,,W0FnZW50ZV0KT3llLCDCv3RlIHRvbWFzdGUgbGEgbW9sZXN0aWEKZGUgdHJhZXIgbGFzIG3DoXNjYXJhcywgc2lxdWllcmE/CsKhVnVlbHZlIHkgYsO6c2NhbGFzIQ==
ctFLAw,,W0FnZW50XQpPaCwgaGV5LCB5b3UncmUgYmFjaz8KV2VyZW4ndCB5b3UgYWxyZWFkeSBvbgp5b3VyIHdheSB0byBNb3Jyb2M/,,,,,W0FnZW50ZV0KT2gsIGVpLCB2b2PDqiBlc3TDoSBkZSB2b2x0YT8KVm9jw6ogasOhIG7Do28gZXN0YXZhIAphIGNhbWluaG8gZGUgTW9ycm9jPw==,,W0FnZW50ZV0KSG9sYSwgwr95YSB2b2x2aXN0ZT8Kwr9ObyBlc3RhYmFzIGVuIGNhbWlubwphIE1vcnJvYz8=
c9FLAw,,W0FnZW50XQpIZWgsIGxvb2tzIGxpa2Ugd2UKc29sdmVkIHRoaXMgY2FzZX4=,,,,,W0FnZW50ZV0KSGVoLCBwYXJlY2UgcXVlIG7Ds3MKcmVzb2x2ZW1vcyBlc3NlIGNhc29+,,W0FnZW50ZV0KSmUuIFBhcmVjZSBxdWUKcmVzb2x2aW1vcyBlc3RlIGNhc28u
dNFLAw,,W0FnZW50XQpUaGFua3MgdG8geW91LAp3ZSBkb24ndCBoYXZlIHRvCndvcnJ5IGFib3V0IHRoYXQKY3J1bW15IG9sJyBaIEdhbmcu,,,,,W0FnZW50ZV0KR3Jhw6dhcyBhIHZvY8OqLApuw6NvIHByZWNpc2Ftb3MKbm9zIHByZW9jdXBhciBjb20gYXF1ZWxhCnZlbGhhIGUgcnVpbSBHYW5ndWUgWi4=,,W0FnZW50ZV0KR3JhY2lhcyBhIHRpLApubyB0ZW5lbW9zIHF1ZQpwcmVvY3VwYXJub3MgcG9yIGVzYQphc3F1ZXJvc2EgUGFuZGlsbGEgWi4=
ddFLAw,,W0FnZW50XQpVbnRpbCB0aGUgd29ybGQgaXMKZnJlZSBvZiBldmlsIGFuZCBhbGwKdGhhdCwgdGhlIFJvZ3VlcydsbAphbHdheXMgaGF2ZSB3b3JrIHRvIGRvLg==,,,,,W0FnZW50ZV0KQXTDqSBxdWUgbyBtdW5kbyBlc3RlamEKbGl2cmUgZG8gbWFsIGUgZGUgdHVkbwphcXVpbG8sIG9zIEFycnVhY2Vpcm9zCnNlbXByZSB0ZXLDo28gdHJhYmFsaG8gYSBmYXplci4=,,W0FnZW50ZV0KSGFzdGEgcXVlIGVsIG11bmRvCmVzdMOpIGxpYnJlIGRlbCBtYWwgeSBkZSB0b2RvCmVzbywgbG9zIFDDrWNhcm9zCnNpZW1wcmUgdGVuZHLDoW4gdHJhYmFqbyBxdWUgaGFjZXIu
dtFLAw,,W0FnZW50XQpXaHkgYXJlIHlvdSBzdGlsbApzdGlja2luZyBhcm91bmQ/CkRvbid0IHlvdSBoYXZlCnNvbWV0aGluZyBtb3JlCmltcG9ydGFudCB0byBkbz8=,,,,,W0FnZW50ZV0KUG9yIHF1ZSBhaW5kYSBlc3TDoSBwb3IgYXF1aT8KVm9jw6ogbsOjbyB0ZW0KYWxnbyBtYWlzCmltcG9ydGFudGUgcGFyYSBmYXplcj8=,,W0FnZW50ZV0Kwr9Qb3IgcXXDqSBzaWd1ZXMgYXF1w60/CmFxdcOtPwrCv05vIHRpZW5lcwphbGdvIG3DoXMgCmltcG9ydGFudGUgcXVlIGhhY2VyPw==
d9FLAw,,W0FnZW50XQpBIGNhc2U/IFdoYXQgYXJlIHlvdS4uLj8KQXNrIHNvbWVib2R5IGVsc2UuIEkgZG9uJ3QKa25vdyB3aGF0IHlvdSdyZSBzYXlpbmcuCkxlYXZlIG1lIGFsb25lLCBhbmQKanVzdCBsZXQgbWUgcmVsYXh+,,,,,W0FnZW50ZV0KVW0gY2Fzbz8gTyBxdWUgdm9jw6ogZXN0w6EuLi4/ClBlcmd1bnRlIGEgb3V0cmEgcGVzc29hLiAKRXUgbsOjbyBzZWkgbyBxdWUgZXN0w6EgZGl6ZW5kby4KTWUgZGVpeGUgZW0gcGF6IGUKZGVpeGUtbWUgcmVsYXhhcn4=,,W0FnZW50ZV0Kwr9VbiBjYXNvPyDCv1F1w6kgZXN0w6Fz4oCmPwpQcmVnw7pudGFsZSBhIG90cmEgcGVyc29uYS4gTm8gdGVuZ28gaWRlYQpkZSBsbyBxdWUgZXN0w6FzIGRpY2llbmRvLgpEw6lqYW1lIGVuIHBheiB5CnBlcm3DrXRlbWUgcmVsYWphcm1lLg==
eNFLAw,,W0FnZW50XQpBaGhoLCB3aGF0J2QgSSBkbwpmb3IgYSBuaWNlIGp1ZyBvZgpmcm9zdHkgYmVlciBub3d+Ci4uLldoYXQ/,,,,,W0FnZW50ZV0KQWhoaCwgbyBxdWUgZXUgZmFyaWEKcG9yIHVtYSBib2EgamFycmEgZGUKY2VydmVqYSBnZWxhZGEgYWdvcmF+Ci4uLk8gcXXDqj8=,,W0FnZW50ZV0KQWhoaCwgwr9xdcOpIG5vIGRhcsOtYQpwb3IgdW5hIGJ1ZW5hIGphcnJhIGRlCmNlcnZlemEgaGVsYWRhIGFob3JhPwouLi4gwr9RdcOpPw==
edFLAw,,W0FnZW50XQpPaCwgeWVhaCwgSSdtIGFsbW9zdApkb25lIHdpdGggbXkgaW52ZXN0aWdhdGlvbi4=,,,,,W0FnZW50ZV0KT2gsIHNpbSwgZXN0b3UgcXVhc2UKdGVybWluYWRvIG1pbmhhIGludmVzdGlnYcOnw6NvLg==,,W0FnZW50ZV0KT2gsIHPDrSwgY2FzaQp0ZXJtaW5vIGNvbiBtaSBpbnZlc3RpZ2FjacOzbi4=
etFLAw,,W0FnZW50XQpUaGUgWiBHYW5nIGhhcyBiZWVuCmNhdXNpbmcgdHJvdWJsZSBldmVyeXdoZXJlLgpJdCdzIGp1c3QgbWlzY2hpZWYsIGJ1dC4uLgpJZiBJIGdvdCBteSBoYW5kcyBvbiB0aGVtLi4u,,,,,W0FnZW50ZV0KQSBHYW5ndWUgWiB0ZW0gY2F1c2FkbyAKcHJvYmxlbWFzIGVtIHRvZG9zIG9zIGx1Z2FyZXMuClPDo28gYXBlbmFzIHRyYXZlc3N1cmFzLCBtYXMuLi4KU2UgZXUgY29sb2Nhc3NlIG1pbmhhcyBtw6NvcyBuZWxlcy4uLg==,,W0FnZW50ZV0KTGEgUGFuZGlsbGEgWiBlc3R1dm8KY2F1c2FuZG8gcHJvYmxlbWFzIHBvciB0b2RhcyBwYXJ0ZXMuClNvbiBzb2xvIHRyYXZlc3VyYXMsIHBlcm8uLi4KU2kgbGVzIHB1ZGllcmEgcG9uZXIgbGFzIG1hbm9zIGVuY2ltYS4uLg==
e9FLAw,,W0FnZW50XQpBbnl3YXksIHRoYXQgZ2FuZyBpcwpkcmF3aW5nIGEgbG90IG9mIGZsYWsKdG8gTW9ycm9jLiBJIG1lYW4sIHRoZXkKa2luZCBvZiBsaXZlIGhlcmUsIHNvLi4u,,,,,W0FnZW50ZV0KRGUgcXVhbHF1ZXIgZm9ybWEsIGVzc2EgZ2FuZ3VlIGVzdMOhCmF0cmFpbmRvIG11aXRhcyBjcsOtdGljYXMKcGFyYSBNb3Jyb2MuIFF1ZXJvIGRpemVyLCBlbGVzCm1laW8gcXVlIHZpdmVtIGFxdWksIGVudMOjby4uLg==,,W0FnZW50ZV0KRW4gZmluLCBlc2EgcGFuZGlsbGEgbGUKY2F1c2EgbXVjaGFzIGNyw610aWNhcwphIE1vcnJvYy4gCnZpdmVuIGFxdcOtLCBhc8OtIHF1ZS4uLg==
fNFLAw,,W0FnZW50XQpHb2QsIEkgd2FudCBhIGRyaW5rLgpMaXN0ZW4sIHdvdWxkIHlvdSBqdXN0CmdvIHJlcG9ydCB0byB0aGUgUm9ndWUKR3VpbGQgZm9yIG1lPyBJIGtub3cgaXQncwpteSByZXNwb25zaWJpbGl0eSwgYnV0Li4uCkl0J3Mgc29tZXRoaW5nIGZvciB5b3UgdG8gZG8u,,,,,W0FnZW50ZV0KTWV1IERldXMsIHF1ZXJvIHVtIGRyaW5xdWUuCk91w6dhLCB2b2PDqiBwb2RlcmlhIGFwZW5hcwppciBzZSBhcHJlc2VudGFyIMOgIEd1aWxkYQpBcnJ1YWNlaXJvIHBvciBtaW0/IEV1IHNlaSBxdWUgw6kKbWluaGEgcmVzcG9uc2FiaWxpZGFkZSwgbWFzLi4uCsOJIGFsZ28gcXVlIHZvY8OqIGRldmUgZmF6ZXIu,,W0FnZW50ZV0KRGlvcywgcXVpZXJvIHVuIHRyYWdvLgpFc2N1Y2hhLCDCv3BvZHLDrWFzCmlyIGEgaGFibGFyIGNvbiBlbCBncmVtaW8KZGUgUMOtY2Fyb3MgZGUgbWkgcGFydGU/IFPDqSBxdWUgZXMKbWkgcmVzcG9uc2FiaWxpZGFkLCBwZXJvLi4uCmVzIGFsZ28gcXVlIHRpZW5lcyBxdWUgaGFjZXIu
fdFLAw,,W0FnZW50XQpIZWghIEtlZXAgdXAKdGhlIGdvb2Qgd29ya34=,,,,,W0FnZW50ZV0KSGVoISBDb250aW51ZQpvIGJvbSB0cmFiYWxob34=,,W0FnZW50ZV0KwqFKZSEgU2lndWUKYXPDrS4=
ftFLAw,,W0FnZW50XQpJIGRvbid0IGtub3cgd2hvIHRoZXNlCnByYW5rc3RlcnMgYXJlLCBidXQgb25jZQpJIGdldCBteSBoYW5kcyBvbiB0aGVtLi4uCkknbSBnb25uYS0tISBJJ20gZ29ubmEtLSE=,,,,,W0FnZW50ZV0KTsOjbyBzZWkgcXVlbSBzw6NvIGVzc2VzCmJyaW5jYWxow7VlcywgbWFzIGFzc2ltIHF1ZSBldSAKY29sb2NhciBtaW5oYXMgbcOjb3MgbmVsZXMuLi4KRXUgdm91LS0hIEV1IHZvdS4uLiE=,,W0FnZW50ZV0KTm8gc8OpIHF1acOpbmVzIHNvbiBlc3Rvcwpicm9taXN0YXMsIHBlcm8gdW5hIHZlegpxdWUgbGVzIHBvbmdhIGxhcyBtYW5vcyBlbmNpbWEuLi4KwqFWb3kgYS0tISBDcmVjZXLDqQ==
f9FLAw,,W0FnZW50XQpIdXJyeSB1cCwgYW5kIHJlcG9ydApmb3IgbWUgdG8gdGhlIFJvZ3VlCkd1aWxkLiBXaGlsZSB5b3UgZG8gdGhhdCwKSSB0aGluayBJJ2xsIGVuam95IGEgZHJpbmt+,,,,,W0FnZW50ZV0KQXByZXNzZS1zZSBlIGluZm9ybWUKcGFyYSBtaW0gbmEgR3VpbGRhIEFycnVhY2Vpcm8uIApFbnF1YW50byB2b2PDqiBmYXogaXNzbywKYWNobyBxdWUgdm91IHRvbWFyIHVtIGRyaW5xdWV+,,W0FnZW50ZV0KQXDDunJhdGUgeSB2ZSBhIGhhYmxhcgpjb24gZWwgZ3JlbWlvIGRlIFDDrWNhcm9zIGRlIG1pIHBhcnRlCk1pZW50cmFzIGxvIGhhY2VzLApjcmVvIHF1ZSB2b3kgYSBkaXNmcnV0YXIgdW5hIGNvcGEu
gNFLAw,,W0FnZW50XQoqSGljY3VwKgpBaGFoYWhhLAp0aGlzIGZlZWxzIGdvb2QhCkdvb2Qgb2wnIGJlZWVlcn4=,,,,,W0FnZW50ZV0KKlNvbHXDp28qCkFoYWhhaGFoYSwKaXNzbyDDqSBib20hCkEgYm9hIGUgdmVsaGEgY2VydmVqYX4=,,W0FnZW50ZV0KKkhpcG8qCkphLCBqYSwgamEsCsKhZXN0byBzZSBzaWVudGUgYmllbiEKTGEgYnVlbmEgY2VydmV6YS4=
gdFLAw,,W0FnZW50XQoqSGljY3VwKg==,,,,,W0FnZW50ZV0KKlNvbHXDp28q,,W0FnZW50ZV0KKkhpcG8q
gtFLAw,,W0FnZW50XQpXaGF0IGFyZSB5b3U/CkdldCBsb3N0IQ==,,,,,W0FnZW50ZV0KUXVlbSDDqSB2b2PDqj8KRGVzYXBhcmXDp2Eh,,W0FnZW50ZV0Kwr9RdcOpIGVzdMOhcyBoYWNpZW5kbz8KwqFTYWwgZGUgYXF1w60h
g9FLAw,,XjMzNTVGRllvdSByZWNlaXZlZCBhIHRvcm4KZG9jdW1lbnQgdGhhdCByZWFkcwonJ15GRjAwMDBPcGVuU2VzYW1lXjAwMDAwMC4nJw==,,,,,XjMzNTVGRlZvY8OqIHJlY2ViZXUgdW0gZG9jdW1lbnRvCnJhc2dhZG8gcXVlIGRpegonJ15GRjAwMDBBYnJlLXRlIFPDqXNhbW9eMDAwMDAwLicn,,W1NhaG1zdW5nXQrCoVdvdywgdHJhamlzdGUgZWwgRXNww61yaXR1IGRlIGxhIENvbWJpbmFjacOzbn4hCkxhIHNpZ3VpZW50ZSB0YXJlYSBlcyBzaW1wbGUuClPDs2xvIGRhbGUgZXN0byBhIHVuIF4yRjRGMkZNYWdvXjAwMDAwMC4KRXNvIGVzIHRvZG8gbG8gcXVlIHRpZW5lcyBxdWUgaGFjZXIgcG9yIGFob3JhLg==
hNFLAw,,W01hbiBpbiBIaWRpbmddCkFyZW4ndCB5b3UgZ29pbmcgdG8KZGlnIHVwIHRoYXQgdHJlYXN1cmU/CllvdSBoYXZlIGJvdGggcGFydHMgb2YKdGhlIHNwZWxsIHRoYXQgeW91IG5lZWQ6CkkgYWxyZWFkeSBnYXZlIHlvdSB0aGUKJydeRkYwMDAwT3BlblNlc2FtZV4wMDAwMDAnJyBwYXJ0LCByaWdodD8=,,,,,W0hvbWVtIEVzY29uZGlkb10KVm9jw6ogbsOjbyB2YWkKZGVzZW50ZXJyYXIgYXF1ZWxlIHRlc291cm8/ClZvY8OqIHRlbSBhcyBkdWFzIHBhcnRlcwpkbyBmZWl0acOnbyBxdWUgcHJlY2lzYToKRXUgasOhIHRlIGRlaSBhIHBhcnRlCicnXkZGMDAwMEFicmUtdGUgU8Opc2Ftb14wMDAwMDAnJywgY2VydG8/,,W1NhaG1zdW5nXQpOZWNlc2l0YXMgaGFjZXJ0ZSBtw6FzIGZ1ZXJ0ZQpzaSBxdWllcmVzIHNlciBwb2Rlcm9zbyBwYXJhIGVsIGdyZW1pby4KRXNvIHNpZ25pZmljYQpxdWUgdGllbmVzIHF1ZSBzdWJpciBkZSBuaXZlbC4=
