wObOBw,,UnViYmVy,,,,,Qm9ycmFjaGluaGE=,,UnViYmVy
webOBw,,W1J1YmJlcl0KWW91IGRvbid0IGxvb2sgdG91Z2ggZW5vdWdoIHRvIHVzZSB0aGUgYmF0aGhvdXNlLiBZb3UgbWlnaHQgZ2V0IGJ1cm5lZCBmcm9tIHRoZSBoaWdoIHRlbXBlcmF0dXJlLiBDb21lIGJhY2sgd2hlbiB5b3UncmUgdG91Z2ggZW5vdWdoIHRvIGVuZHVyZSBpdC4=,,,,,W0JvcnJhY2hpbmhhXQpWb2PDqiBuw6NvIHBhcmVjZSBmb3J0ZSBvIHN1ZmljaWVudGUgcGFyYSB1c2FyIGEgY2FzYSBkZSBiYW5oby4gVm9jw6ogcG9kZSBzZSBxdWVpbWFyIGNvbSBhIGFsdGEgdGVtcGVyYXR1cmEuIFZvbHRlIHF1YW5kbyB2b2PDqiBlc3RpdmVyIGZvcnRlIG8gc3VmaWNpZW50ZSBwYXJhIGFndWVudGFyLg==,,W1J1YmJlcl0KTm8gcGFyZWNlcyB0YW4gZnVlcnRlIGNvbW8gcGFyYSB1c2FyIGVsIGJhw7FvIHDDumJsaWNvLiBQb2Ryw61hcyBxdWVtYXJ0ZSBkZWJpZG8gYSBsYSBhbHRhIHRlbXBlcmF0dXJhLiBWdWVsdmUgY3VhbmRvIHNlYXMgbG8gc3VmaWNpZW50ZW1lbnRlIGZ1ZXJ0ZSBwYXJhIGFndWFudGFybG8u
wubOBw,,IC0gVGhpcyBxdWVzdCByZXF1aXJlcyBhdCBsZWFzdCBMZXZlbCAxMzAuIC0g,,,,,IC0gRXN0YSBtaXNzw6NvIHJlcXVlciBwZWxvIG1lbm9zIG7DrXZlbCAxMzAuIC0=,,IC0gRXN0YSBtaXNpw7NuIHJlcXVpZXJlIGFsIG1lbm9zIG5pdmVsIDEzMC4gLSA=
w+bOBw,,W1J1YmJlcl0KSSdtIHNvcnJ5LiBTZXBhcmF0aW5nIHRoZSBndWVzdHMgZnJvbSBhIF4wMDAwQ0RkYW5nZXJvdXMgc2l0dWF0aW9uXjAwMDAwMCBpcyB0aGUgcG9saWN5IG9mIEJhcm11bmQgTWFuc2lvbi4gUGxlYXNlIHdhaXQgYSBsaXR0bGUgbW9yZS4=,,,,,W0JvcnJhY2hpbmhhXQpTaW50byBtdWl0by4gU2VwYXJhciBvcyBow7NzcGVkZXMgZGUgXjkzNzBEQnNpdHVhw6fDtWVzIHBlcmlnb3Nhc14wMDAwMDAgw6kgYSBwb2zDrXRpY2EgZGEgTWFuc8OjbyBWYXJtdW50LiBQb3IgZmF2b3IsIGVzcGVyZSB1bSBwb3VjbyBtYWlzLg==,,W1J1YmJlcl0KTG8gc2llbnRvLiBTZXBhcmFyIGEgbG9zIGh1w6lzcGVkZXMgZGUgdW5hIF45OTAwOTlzaXR1YWNpw7NuIHBlbGlncm9zYV4wMDAwMDAgZXMgbGEgcG9sw610aWNhIGRlIGxhIG1hbnNpw7NuIFZhcm11bmR0LiBFc3BlcmEgdW4gcG9jbyBtw6FzLg==
xObOBw,,V2hhdCdzIHRha2luZyBpdCBzbyBsb25nIHRvIHNlYXJjaD8gTGV0IHVzIGluLiBXZSBjYW4gZmluZCBpdCBmYXN0ZXIu,,,,,UG9yIHF1ZSBlc3TDoSBkZW1vcmFuZG8gdGFudG8gcGFyYSBwcm9jdXJhcj8gRGVpeGUtbm9zIGVudHJhci4gVmFtb3MgZW5jb250cmFyIG1haXMgcsOhcGlkby4=,,wr9Qb3IgcXXDqSB0YXJkYSB0YW50byBlbiBidXNjYXI/IETDqWphbm9zIGVudHJhci4gUG9kZW1vcyBlbmNvbnRyYXJsbyBtw6FzIHLDoXBpZG8u
xebOBw,,V2UncmUgZXhwZXJ0cyBpbiB0aGlzIGZpZWxkLg==,,,,,U29tb3MgZXNwZWNpYWxpc3RhcyBuaXNzby4=,,U29tb3MgZXhwZXJ0b3MgZW4gZXN0ZSBjYW1wby4=
xubOBw,,W01hZ2VudGFdCkRvbid0IGtlZXAgdGhhdCAnJ2RhbmdlcicnIHRvIHlvdXJzZWxmLiBXZSB3YW50IHRvIGtub3cgdG9vLg==,,,,,W01hZ2VudGFdCk7Do28gZmlxdWUgY29tIG8g,,W01hZ2VudGFdCk5vIHRlIGd1YXJkZXMgZXNlIOKAnHBlbGlncm/igJ0gcGFyYSB0aS4gTm9zb3Ryb3MgdGFtYmnDqW4gcXVlcmVtb3Mgc2FiZXIu
x+bOBw,,S2VlcCB0cnlpbmcgdG8gYmxvY2sgdXMuIFRpbWUncyBzdGlsbCB0aWNraW5nLCB5b3Uga25vdy4=,,,,,Q29udGludWUgdGVudGFuZG8gbm9zIGltcGVkaXIuIE8gdGVtcG8gdMOhIHBhc3NhbmRvLCBzYWJpYT8=,,U2lndWUgaW50ZW50YW5kbyBibG9xdWVhcm5vcy4gRWwgdGllbXBvIHNpZ3VlIGNvcnJpZW5kbywgeWEgc2FiZXMu
yObOBw,,W1J1YmJlcl0KSSdtIHNvcnJ5LCBpdCBoYXNuJ3QgYmVlbiBpZGVudGlmaWVkIHlldC4gQ29uZmlybWluZyB3aGV0aGVyIHRoZXJlIGlzIGEgZGFuZ2VyIGlzIG9uZSBvZiB0aGUgZ29hbHMgb2YgdGhpcyBzZWFyY2guIFBsZWFzZSB3YWl0IGEgbGl0dGxlIG1vcmUuIFRoaXMgaXMgYSBwcm9jZWR1cmUsIHNvIEkgaHVtYmx5IHJlcXVlc3QgeW91ciB1bmRlcnN0YW5kaW5nLg==,,,,,W0JvcnJhY2hpbmhhXQpEZXNjdWxwYSwgYWluZGEgbsOjbyBmb2kgaWRlbnRpZmljYWRvLiBDb25maXJtYXIgc2UgZXhpc3RlIHVtIHBlcmlnbyDDqSB1bSBkb3Mgb2JqZXRpdm9zIGRlc3RhIGJ1c2NhLiBQb3IgZmF2b3IsIGVzcGVyZSB1bSBwb3VjbyBtYWlzLiBFc3NlIMOpIG8gcHJvY2VkaW1lbnRvLCBlbnTDo28gaHVtaWxkZW1lbnRlIHBlw6dvIGEgc3VhIGNvbXByZWVuc8Ojby4=,,W1J1YmJlcl0KTG8gc2llbnRvLCBhw7puIG5vIHNlIGhhIGlkZW50aWZpY2Fkby4gQ29uZmlybWFyIHNpIGV4aXN0ZSBwZWxpZ3JvIGVzIHVubyBkZSBsb3Mgb2JqZXRpdm9zIGRlIGVzdGEgYsO6c3F1ZWRhLiBFc3BlcmVuIHVuIHBvY28gbcOhcy4gU2UgdHJhdGEgZGUgdW4gcHJvY2VkaW1pZW50bywgcG9yIGxvIHF1ZSBzb2xpY2l0byBodW1pbGRlbWVudGUgc3UgY29tcHJlbnNpw7NuLg==
yebOBw,,SSdsbCBob2xkIHlvdSByZXNwb25zaWJsZSBpZiB0aGUga2lkIGdldHMgaHVydCE=,,,,,VmFpIHNlciBzdWEgY3VscGEgc2UgZXNzYSBjcmlhbsOnYSBzZSBtYWNodWNhciE=,,wqFUZSBoYXLDqSByZXNwb25zYWJsZSBzaSBlbCBuacOxbyBzZSBsYXN0aW1hIQ==
yubOBw,,V2UndmUgZ290IHRoYXQgcHJvY2VkdXJlLCB0b28hIFlvdSdyZSBnZXR0aW5nIGluIG91ciB3YXkh,,,,,TsOzcyB0YW1iw6ltIHRlbW9zIGVzc2UgcHJvY2VkaW1lbnRvISBWb2PDqiBlc3TDoSBhdHJhcGFsaGFuZG8h,,VGFtYmnDqW4gdGVuZW1vcyBlc2UgcHJvY2VkaW1pZW50by4gwqFOb3MgZXN0w6FuIGVzdG9yYmFuZG8h
y+bOBw,,W1J1YmJlcl0KSSByZXBlYXQsIHlvdSBtYXkgbm90IGVudGVyIHVubGVzcyB0aGUgc2FmZXR5IGlzIGNvbmZpcm1lZC4gSSB3aWxsIGxldCB5b3UgaW4gYXMgc29vbiBhcyBeMDAwMENEd2UgaGVhciBmcm9tIHlvdXIgY29tcGFuaW9uXjAwMDAwMC4=,,,,,W0JvcnJhY2hpbmhhXQpSZXBldGluZG8sIHZvY8OqIG7Do28gcG9kZSBlbnRyYXIgYXTDqSBxdWUgc2VqYSBjb25maXJtYWRvIHF1ZSDDqSBzZWd1cm8uIERlaXhhcmVpIHZvY8OqIGVudHJhciBhc3NpbSBxdWUgXjkzNzBEQnRpdmVybW9zIG5vdMOtY2lhcyBkbyBzZXUgY29tcGFuaGVpcm9eMDAwMDAwLg==,,W1J1YmJlcl0KUmVwaXRvLCBubyBwdWVkZW4gZW50cmFyIGEgbWVub3MgcXVlIHNlIGNvbmZpcm1lIGxhIHNlZ3VyaWRhZC4gQXZpc2Fyw6kgZW4gY3VhbnRvIF45OTAwOTl0ZW5nYW1vcyBub3RpY2lhcyBkZSBzdSBjb21wYcOxZXJvXjAwMDAwMC4=
zObOBw,,W1Jvb2tpZV0KV2Ugd2VyZSBpbnN0cnVjdGVkIHRvIGF2b2lkIGhhdmluZyB0cm91YmxlIHdpdGggdGhlIG1hbnNpb24ncyByb2JvdHMsIGJ1dCBpZiB5b3UnbGwga2VlcCB0cnlpbmcgdG8gc3RvcCB1cywgdGhlcmUncyBubyBjaG9pY2UgYnV0IHRvIHVzZSBmb3JjZS4=,,,,,W05vdmF0b10KRm9tb3MgaW5zdHJ1w61kb3MgYSBldml0YXIgcHJvYmxlbWFzIGNvbSBvcyByb2LDtHMgZGEgbWFuc8OjbywgbWFzIHNlIHZvY8OqcyBjb250aW51YXJlbSB0ZW50YW5kbyBub3MgaW1wZWRpciwgbsOjbyB0ZXJlbW9zIGVzY29saGEgYSBuw6NvIHNlciB1c2FyIGZvcsOnYS4=,,W1ByaW5jaXBpYW50ZV0KTm9zIGRpZXJvbiBpbnN0cnVjY2lvbmVzIGRlIGV2aXRhciBwcm9ibGVtYXMgY29uIGxvcyByb2JvdHMgZGUgbGEgbWFuc2nDs24sIHBlcm8gc2kgc2lndWVuIGludGVudGFuZG8gZGV0ZW5lcm5vcywgbm8gdGVuZHJlbW9zIG3DoXMgcmVtZWRpbyBxdWUgdXNhciBsYSBmdWVyemEu
zebOBw,,Um9va2llPyBXaGF0J3MgaGFwcGVuaW5nIGhlcmU/,,,,,Tm92YXRvPyBPIHF1ZSBlc3TDoSBhY29udGVjZW5kbyBhcXVpPw==,,wr9QcmluY2lwaWFudGU/IMK/UXXDqSBzdWNlZGUgYXF1w60/
zubOBw,,VGhhdCBsb29rcyB0cm91Ymxlc29tZS4gSSdsbCBwYXNzLg==,,,,,SXNzbyBwYXJlY2UgcHJvYmxlbcOhdGljby4gRGVpeGEgcXVpZXRvLg==,,RXNvIHBhcmVjZSBwcm9ibGVtw6F0aWNvLiBZbyBwYXNvLg==
z+bOBw,,W1J1YmJlcl0KVGhlbiwgd2UgaGF2ZSBubyBjaG9pY2UgYnV0IHRvIGNhbGwgc2VjdXJpdHku,,,,,W0JvcnJhY2hpbmhhXQpFbnTDo28sIG7Do28gdGVtb3MgZXNjb2xoYSBhIG7Do28gc2VyIGNoYW1hciBhIHNlZ3VyYW7Dp2Eu,,W1J1YmJlcl0KRW50b25jZXMsIG5vIHRlbmVtb3MgbcOhcyByZW1lZGlvIHF1ZSBsbGFtYXIgYSBzZWd1cmlkYWQu
0ObOBw,,W1Jvb2tpZV0KR3JyLi4uIFdoYXQgc2hvdWxkIHdlIGRvPw==,,,,,W05vdmF0b10KR3JyLi4uIE8gcXVlIGRldmVtb3MgZmF6ZXI/,,W1ByaW5jaXBpYW50ZV0KR3JycuKApiDCv1F1w6kgaGFjZW1vcz8=
0ebOBw,,W1Jvb2tpZV0KT2gsIGFkdmVudHVyZXIuIElmIHlvdSdyZSBoZXJlIGZvciB0aGUgYmF0aGhvdXNlLCBJJ20gYWZyYWlkIHdlIHdvbid0IGJlIGFibGUgdG8gdXNlIGl0IGZvciBhIHdoaWxlLiBMb29rIGF0IHRoYXQgcm9ib3QgYmxvY2tpbmcgdGhlIGVudHJ5Lg==,,,,,W05vdmF0b10KQWgsIHZpYWphbnRlLiBTZSBlc3RpdmVyIGFxdWkgcHJvY3VyYW5kbyBhIGNhc2EgZGUgYmFuaG8sIGluZmVsaXptZW50ZSBuw6NvIHBvZGVyZW1vcyB1c8OhLWxhIHBvciB1bSB0ZW1wby4gT2xoYSBvIHJvYsO0IGJsb3F1ZWFuZG8gYSBlbnRyYWRhLg==,,W1ByaW5jaXBpYW50ZV0KT2gsIHRyb3RhbXVuZG9zLiBTaSBlc3TDoXMgYXF1w60gcG9yIGVsIGJhw7FvIHDDumJsaWNvLCBtZSB0ZW1vIHF1ZSBubyBwb2RyZW1vcyB1c2FybG8gcG9yIHVuIHRpZW1wby4gTWlyYSBlc2Ugcm9ib3QgcXVlIGJsb3F1ZWEgbGEgZW50cmFkYS4=
0ubOBw,,W0N5YW5dCkkgaGVhcmQgdGhlcmUncyBhIGdob3N0IGluIHRoZXJlLiBCZSBjYXJlZnVsLg==,,,,,W0NpYW5vXQpPdXZpIGRpemVyIHF1ZSB0ZW0gdW0gZmFudGFzbWEgbMOhLiBUb21lIGN1aWRhZG8u,,W0N5YW5dCk/DrSBxdWUgaGF5IHVuIGZhbnRhc21hIGFow60gZGVudHJvLiBUZW4gY3VpZGFkby4=
0+bOBw,,QSBnaG9zdD8=,,,,,VW0gZmFudGFzbWE/,,wr9VbiBmYW50YXNtYT8=
1ObOBw,,W1Jvb2tpZV0KV2UgZG9uJ3Qga25vdyB3aGF0IGl0IGlzIHlldC4gQXMgeW91IGtub3csIGV2ZXJ5b25lIHNjYXR0ZXJlZCBhcyBzb29uIGFzIHdlIGVudGVyZWQgdGhlIG1hbnNpb24gdG8gc2VlIHdoZXJlIGFsbCB0aGUgZmFjaWxpdGllcyB3ZXJlLgpUaGUgcmVjb24gZ3JvdXAgdGhhdCB3ZW50IHRvIHRoZSBiYXRoaG91c2UgdG8gY2hlY2sgaWYgSWxsdXNpb24gcmVtbmFudHMgd2VyZSB0aGVyZSBjYW1lIGJhY2sgd2l0aCBwYWxlIGZhY2VzLiBBbmQgdGhleSBzYWlkIF4wMDAwQ0R0aGVyZSB3YXMgc29tZXRoaW5nIGluIHRoZSBiYXRoaG91c2VeMDAwMDAwLg==,,,,,W05vdmF0b10KQWluZGEgbsOjbyBzYWJlbW9zIG8gcXVlIMOpLiBDb21vIHNhYmVtLCB0b2RvcyBzZSBzZXBhcmFyYW0gYXNzaW0gcXVlIGVudHJhbW9zIG5hIG1hbnPDo28gcGFyYSB2ZXIgb25kZSBmaWNhdmFtIHRvZGFzIGFzIGluc3RhbGHDp8O1ZXMuCk8gZ3J1cG8gZGUgcmVjb25oZWNpbWVudG8sIHF1ZSBmb2kgYXTDqSBhIGNhc2EgZGUgYmFuaG8gcGFyYSB2ZXJpZmljYXIgc2UgaGF2aWEgcmVzcXXDrWNpb3MgZGEgSWx1c8Ojbywgdm9sdGFyYW0gY29tIG9zIHJvc3RvcyBww6FsaWRvcy4gRSBkaXNzZXJhbSBxdWUgXjkzNzBEQmhhdmlhIGFsZ28gbmEgY2FzYSBkZSBiYW5ob14wMDAwMDAu,,W1ByaW5jaXBpYW50ZV0KQcO6biBubyBzYWJlbW9zIHF1w6kgZXMuIENvbW8gc2FiZXMsIHRvZG8gZWwgbXVuZG8gc2UgZGlzcGVyc8OzIGVuIGN1YW50byBlbnRyYW1vcyBlbiBsYSBtYW5zacOzbiBwYXJhIHZlciBkw7NuZGUgZXN0YWJhbiB0b2RhcyBsYXMgaW5zdGFsYWNpb25lcy4KRWwgZ3J1cG8gZGUgcmVjb25vY2ltaWVudG8gcXVlIGZ1ZSBhbCBiYcOxbyBww7pibGljbyBwYXJhIGNvbXByb2JhciBzaSBoYWLDrWEgcmVzdG9zIGRlIElsdXNpw7NuIHJlZ3Jlc8OzIGNvbiBlbCByb3N0cm8gcMOhbGlkby4gWSBkaWplcm9uIHF1ZSBeOTkwMDk5aGFiw61hIGFsZ28gZW4gZWwgYmHDsW8gcMO6YmxpY29eMDAwMDAwLg==
1ebOBw,,SSB0aGluayBpdCdzIG5vdCBhIGdob3N0IGJ1dCBhIGNvbnNwaXJhY3kgZm9yIHRoZSBtYW5zaW9uIQ==,,,,,RXUgbsOjbyBhY2hvIHF1ZSBzZWphIHVtIGZhbnRhc21hLCBtYXMgdW1hIGNvbnNwaXJhw6fDo28gcGVsYSBtYW5zw6NvIQ==,,wqFDcmVvIHF1ZSBubyBlcyB1biBmYW50YXNtYSwgc2lubyB1bmEgY29uc3BpcmFjacOzbiBlbiBsYSBtYW5zacOzbiE=
1ubOBw,,Tm8sIGl0J3MgYSBnaG9zdC4gSXQgbXVzdCBiZSBhIGdob3N0IQ==,,,,,TsOjbywgw6kgdW0gZmFudGFzbWEuIFRlbSBxdWUgc2VyIHVtIGZhbnRhc21hIQ==,,Tm8sIGVzIHVuIGZhbnRhc21hLiDCoURlYmUgc2VyIHVuIGZhbnRhc21hIQ==
1+bOBw,,U29tZXRoaW5nIGlzIGluIHRoZXJlLiBUaGF0J3Mgc3VjaCBhIHNjYXJ5IGFuZCBleGNpdGluZyBwaHJhc2Uu,,,,,VGVtIGFsZ3VtYSBjb2lzYSBsw6EgZGVudHJvLiBFc3NhIMOpIHVtYSBmcmFzZSBhc3N1c3RhZG9yYSBlIGVtcG9sZ2FudGUu,,SGF5IGFsZ28gYWjDrS4gRXMgdW5hIGZyYXNlIHRhbiBhdGVycmFkb3JhIGNvbW8gZW1vY2lvbmFudGUu
2ObOBw,,W1Jvb2tpZV0KXjAwMDBDREdvbmkgd2VudCBpbl4wMDAwMDAgdG8gc2VlIGlmIHNvbWV0aGluZyB3YXMgcmVhbGx5IGluIHRoZXJlIG9yIGlmIGl0IHdhcyBzb21lIG1pc2NoaWVmIGJ5IElsbHVzaW9uLiBIZSdzIHF1aWV0IGFuZCBmYXN0LCB5b3Uga25vdy4=,,,,,W05vdmF0b10KXjkzNzBEQkdvbmkgZW50cm91XjAwMDAwMCBwYXJhIHZlciBzZSByZWFsbWVudGUgdGluaGEgYWxnbyBsw6Egb3Ugc2UgZXJhIGFsZ3VtYSBhcm1hw6fDo28gZGEgSWx1c8Ojby4gRWxlIMOpIHLDoXBpZG8gZSBzaWxlbmNpb3NvLCB2b2PDqiBzYWJlLg==,,W1ByaW5jaXBpYW50ZV0KXjk5MDA5OUdvbmkgZW50csOzXjAwMDAwMCBwYXJhIHZlciBzaSByZWFsbWVudGUgaGFiw61hIGFsZ28gYWxsw60gbyBzaSBzZSB0cmF0YWJhIGRlIGFsZ3VuYSB0cmF2ZXN1cmEgZGUgSWx1c2nDs24uIMOJbCBlcyBzaWxlbmNpb3NvIHkgcsOhcGlkby4=
2ebOBw,,U28gd2h5IGFyZSB5b3UgaGVyZT8=,,,,,RW50w6NvLCBwb3IgcXVlIHZvY8OqIHTDoSBhcXVpPw==,,RW50b25jZXMsIMK/cG9yIHF1w6kgZXN0w6FzIGFxdcOtPw==
2ubOBw,,W1Jvb2tpZV0KV2VsbC4uLiBJdCdzIGJlZW4gYSB3aGlsZSBzaW5jZSBHb25pIHdlbnQgaW4sIGJ1dCBoZSBoYXNuJ3QgY29tZSBvdXQgeWV0LiBJZiBzb21lb25lIGxpa2UgR29uaSBoYXNuJ3QgY29tZSBiYWNrIGJ5IG5vdywgaXQgbWVhbnMgdGhlcmUncyBkZWZpbml0ZWx5IHRyb3VibGUu,,,,,W05vdmF0b10KQmVtLi4uIErDoSBmYXogdW0gdGVtcG8gcXVlIG8gR29uaSBlbnRyb3UsIG1hcyBlbGUgYWluZGEgbsOjbyBzYWl1LiBTZSBhbGd1w6ltIGNvbW8gbyBHb25pIGFpbmRhIG7Do28gdm9sdG91LCBzaWduaWZpY2EgcXVlIGRlZmluaXRpdmFtZW50ZSB0ZW0gYWxndW0gcHJvYmxlbWEu,,W1ByaW5jaXBpYW50ZV0KQnVlbm/igKYgSGFjZSB0aWVtcG8gcXVlIEdvbmkgZW50csOzLCBzaW4gZW1iYXJnbywgbm8gaGEgc2FsaWRvIGHDum4uIFNpIGFsZ3VpZW4gY29tbyBHb25pIG5vIGhhIHZ1ZWx0byBoYXN0YSBhaG9yYSwgc2lnbmlmaWNhIHF1ZSBkZWZpbml0aXZhbWVudGUgaGF5IHVuIHByb2JsZW1hLg==
2+bOBw,,W1Jvb2tpZV0KSXQncyBjZXJ0YWluIHRoYXQgdGhlcmUgaXMgYSBteXN0ZXJpb3VzIGRhbmdlciBpbiB0aGVyZSwgc28gd2UncmUgaGVyZSB0byBmaW5kIG91dCB3aGF0IGl0IGlzIGFjY29yZGluZyB0byB0aGUgcHJvY2VkdXJlLiBXZSBjYW4ndCBsZXQgdGhhdCB1bmtub3duIHJpc2sgZmFjdG9yIGhpbmRlciBvdXIgbWlzc2lvbiBpbiB0aGlzIG1hbnNpb24u,,,,,W05vdmF0b10KQ29tIGNlcnRlemEgdGVtIHVtIHBlcmlnbyBtaXN0ZXJpb3NvLCBlbnTDo28gZXN0YW1vcyBhcXVpIHBhcmEgZGVzY29icmlyIG8gcXVlIMOpIGRlIGFjb3JkbyBjb20gbyBwcm9jZWRpbWVudG8uIE7Do28gcG9kZW1vcyBkZWl4YXIgcXVlIGVzc2UgZmF0b3IgZGUgcmlzY28gZGVzY29uaGVjaWRvIGF0cmFwYWxoZSBub3NzYSBtaXNzw6NvIG5lc3RhIG1hbnPDo28u,,W1ByaW5jaXBpYW50ZV0KRXMgc2VndXJvIHF1ZSBoYXkgdW4gcGVsaWdybyBtaXN0ZXJpb3NvIGFow60gZGVudHJvLCBhc8OtIHF1ZSBlc3RhbW9zIGFxdcOtIHBhcmEgYXZlcmlndWFyIGRlIHF1w6kgc2UgdHJhdGEsIHNlZ8O6biBlbCBwcm9jZWRpbWllbnRvLiBObyBwb2RlbW9zIHBlcm1pdGlyIHF1ZSBlc2UgZmFjdG9yIGRlIHJpZXNnbyBkZXNjb25vY2lkbyBvYnN0YWN1bGljZSBudWVzdHJhIG1pc2nDs24gZW4gZXN0YSBtYW5zacOzbi4=
3ObOBw,,SSdtIG5vdCBzdXJlIGlmIGl0IGV2ZW4gZXhpc3RzLg==,,,,,TsOjbyB0ZW5obyBjZXJ0ZXphIHNlIGlzc28gZXhpc3RlLg==,,Tmkgc2lxdWllcmEgZXN0b3kgc2VndXJhIGRlIHNpIGV4aXN0ZS4=
3ebOBw,,W1Jvb2tpZV0KV2Ugc2hvdWxkIGJlIG1vcmUgY2F1dGlvdXMgc2luY2Ugd2UgbG9zdCB0aGUgbWFucG93ZXIsIGJ1dCBhcyB5b3UgY2FuIHNlZSwgdGhlIHJvYm90J3Mgc3RvcHBpbmcgdXMu,,,,,W05vdmF0b10KRGV2ZXLDrWFtb3Mgc2VyIG1haXMgY3VpZGFkb3NvcywgcG9pcyBwZXJkZW1vcyBtw6NvIGRlIG9icmEsIG1hcyBjb21vIHZvY8OqIHBvZGUgdmVyLCBvIHJvYsO0IGVzdMOhIG5vcyBpbXBlZGluZG8u,,W1ByaW5jaXBpYW50ZV0KRGViZXLDrWFtb3Mgc2VyIG3DoXMgY2F1dGVsb3NvcyBkZXNkZSBxdWUgcGVyZGltb3MgbGEgbWFubyBkZSBvYnJhLCBwZXJvIGNvbW8gcHVlZGVzIHZlciwgZWwgcm9ib3Qgbm8gbm9zIGRlamEgYXZhbnphci4=
3ubOBw,,R29uaSBpcyBqdXN0IG1hbnBvd2VyPyBBbmQgd2hhdD8gTG9zdD8gWW91J3JlIHRvbyBjb2xkLg==,,,,,R29uaSDDqSBzw7MgdW1hIG3Do28gZGUgb2JyYT8gRSBkYcOtPyBQZXJkZW1vcz8gVm9jw6ogw6kgbXVpdG8gaW5zZW5zw612ZWwu,,wr9Hb25pIGVzIHNvbG8gbWFubyBkZSBvYnJhPyDCv1kgcXXDqT8gwr9QZXJkaWRvPyBFcmVzIGRlbWFzaWFkbyBmcsOtby4=
3+bOBw,,SGUncyBhbGl2ZSwgc2FmZSBhbmQgc291bmQuIEkndmUgZ290IGEgaHVuY2gu,,,,,RWxlIGVzdMOhIHZpdm8sIHPDo28gZSBzYWx2by4gRXUgdGVuaG8gdW1hIGlkZWlhLg==,,RXN0w6Egdml2bywgc2FubyB5IHNhbHZvLiBUZW5nbyB1bmEgY29yYXpvbmFkYS4=
4ObOBw,,TGV0J3MgZ2V0IGluIGFuZCBsb29rIGZvciBoaW0uIFRoZSBhZHZlbnR1cmVyJ3Mgd2l0aCB1cywgc28gd2Ugc2hvdWxkIGJlIGFibGUgdG8gZmluZCBoaW0gZmFzdCE=,,,,,VmFtb3MgZW50cmFyIGUgcHJvY3VyYXIgcG9yIGVsZS4gTyB2aWFqYW50ZSBlc3TDoSBjb20gYSBnZW50ZSwgZW50w6NvIGRldmVtb3MgY29uc2VndWlyIGVuY29udHJhciBlbGUgcsOhcGlkbyE=,,RW50cmVtb3MgeSBidXNxdcOpbW9zbG8uIEVsIHRyb3RhbXVuZG9zIGVzdMOhIGNvbiBub3NvdHJvcywgwqFhc8OtIHF1ZSBkZWJlcsOtYW1vcyBwb2RlciBlbmNvbnRyYXJsbyByw6FwaWRvIQ==
4ebOBw,,W1J1YmJlcl0KSSdtIHNvcnJ5LiBXZSBhcmUgc2VhcmNoaW5nIG5vdywgc28gZGVjaWRlIGFmdGVyIHlvdSBoZWFyIG91ciBzZWFyY2ggcmVzdWx0Lg==,,,,,W0JvcnJhY2hpbmhhXQpNZSBkZXNjdWxwZS4gRXN0YW1vcyBwcm9jdXJhbmRvIGFnb3JhLCBlbnTDo28gZGVjaWRhIGRlcG9pcyBkZSBvdXZpciBvIHJlc3VsdGFkbyBkYSBub3NzYSBidXNjYS4=,,W1J1YmJlcl0KTG8gc2llbnRvLiBFc3RhbW9zIGJ1c2NhbmRvIGFob3JhLCBhc8OtIHF1ZSBkZWNpZGFuIGRlc3B1w6lzIGRlIHNhYmVyIGVsIHJlc3VsdGFkbyBkZSBudWVzdHJhIGLDunNxdWVkYS4=
4ubOBw,,W1Jvb2tpZV0KVGhlcmUncyBjZXJ0YWlubHkgYSByaXNrIGZhY3RvciBpbiB0aGlzIG1hbnNpb24uIFdoZXRoZXIgdGhhdCdzIHRoZSBvbmx5IG9uZSBvciB0aGVyZSdzIG1vcmUgaXMgY3J1Y2lhbCBmb3IgdXMu,,,,,W05vdmF0b10KQ29tIGNlcnRlemEgdGVtIHVtIGZhdG9yIGRlIHJpc2NvIG5lc3RhIG1hbnPDo28uIMOJIGltcG9ydGFudGUgc2FiZXIgc2Ugw6kgbyDDum5pY28gb3Ugc2UgdGVtIG1haXMu,,W1ByaW5jaXBpYW50ZV0KU2luIGR1ZGEgaGF5IHVuIGZhY3RvciBkZSByaWVzZ28gZW4gZXN0YSBtYW5zacOzbi4gU2kgZXNlIGVzIGVsIMO6bmljbyBvIHNpIGhheSBtw6FzIGVzIGNydWNpYWwgcGFyYSBub3NvdHJvcy4=
4+bOBw,,W1Jvb2tpZV0KRmlyc3QsIHdlIGhhdmUgdG8gZmluZCBvdXQgd2hldGhlciB0aGF0IHJpc2sgZmFjdG9yIGlzIHNvbWV0aGluZyBzdXBlcm5hdHVyYWwgb3IgYSB0cmljayBvZiBeMDAwMENESWxsdXNpb25eMDAwMDAwLiBPciBwZXJoYXBzIElsbHVzaW9uIHdhcyBhaW1pbmcgZm9yIHRoYXQgcmlzayBmYWN0b3Igd2hlbiB0aGV5IGNhbWUgdG8gdGhpcyBtYW5zaW9uLgpJbGx1c2lvbiBtaWdodCBzbmF0Y2ggaXQgdXAgaWYgd2UgbGVhdmUgaXQu,,,,,W05vdmF0b10KUHJpbWVpcm8sIHRlbW9zIHF1ZSBkZXNjb2JyaXIgc2UgZXNzZSBmYXRvciBkZSByaXNjbyDDqSBhbGdvIHNvYnJlbmF0dXJhbCBvdSB1bSB0cnVxdWUgZGEgXjkzNzBEQklsdXPDo29eMDAwMDAwLiBPdSB0YWx2ZXogYSBJbHVzw6NvIGVzdGl2ZXNzZSBhdHLDoXMgZGVzc2UgZmF0b3IgZGUgcmlzY28gcXVhbmRvIHZlaW8gcGFyYSBlc3NhIG1hbnPDo28uCkEgSWx1c8OjbyBwb2RlIHBlZ8OhLWxvIHNlIG8gYWJhbmRvbmFybW9zLg==,,W1ByaW5jaXBpYW50ZV0KUHJpbWVybyBoYXkgcXVlIGF2ZXJpZ3VhciBzaSBlc2UgZmFjdG9yIGRlIHJpZXNnbyBlcyBhbGdvIHNvYnJlbmF0dXJhbCBvIHVuIHRydWNvIGRlIF45OTAwOTlJbHVzacOzbl4wMDAwMDAuIE8gdGFsIHZleiBJbHVzacOzbiBidXNjYWJhIGVzZSBmYWN0b3IgZGUgcmllc2dvIGN1YW5kbyBsbGVnYXJvbiBhIGVzdGEgbWFuc2nDs24uCklsdXNpw7NuIHBvZHLDrWEgYXJyZWJhdMOhcm5vc2xvIHNpIGxvIHBlcm1pdGltb3Mu
5ObOBw,,W1J1YmJlcl0KSSB1bmRlcnN0YW5kIHdoYXQgeW91J3JlIHNheWluZywgYnV0IHRoZSBwcm9jZWR1cmUuLi4KT2gsIHRoZSBzZWFyY2hpbmcgcGFydHkgaXMgY29taW5nIGJhY2suIEhhdmUgYSB0YWxrIHdpdGggdGhlbS4=,,,,,W0JvcnJhY2hpbmhhXQpFdSBlbnRlbmRvIG8gcXVlIHZvY8OqIGVzdMOhIGRpemVuZG8sIG1hcyBvIHByb2NlZGltZW50by4uLgpBaCwgYSBlcXVpcGUgZGUgYnVzY2EgZXN0w6Egdm9sdGFuZG8uIFZhbW9zIGZhbGFyIGNvbSBlbGVzLg==,,W1J1YmJlcl0KRW50aWVuZG8gbG8gcXVlIGRpY2VzLCBwZXJvIGVsIHByb2NlZGltaWVudG/igKYKT2gsIGVsIGdydXBvIGRlIGLDunNxdWVkYSBlc3TDoSBkZSByZWdyZXNvLiBIYWJsYSBjb24gZWxsb3Mu
5ebOBw,,W0JvaWxlcl0KTm9wZSwgbm90aGluZy4gTm8gZGFuZ2Vyb3VzIHRoaW5nIHdoYXRzb2V2ZXIu,,,,,W0NhbGRlaXJhXQpOw6NvLCBuYWRhLiBOYWRhIHBlcmlnb3NvLCBhYnNvbHV0YW1lbnRlIG5hZGEu,,W0JvaWxlcl0KTm8sIG5hZGEuIE5vIGhheSBuaW5nw7puIHBlbGlncm8gZW4gYWJzb2x1dG8u
5ubOBw,,W1N3ZWVwZXJdCkV2ZW4gdGhlIG1pc3NpbmcgZ3Vlc3Qgd2Fzbid0IHRoZXJlLiBEaWQgaGUgcmVhbGx5IGdldCBpbiB0aGVyZT8=,,,,,W1ZhcnJlZG9yXQpOZW0gbyBow7NzcGVkZSBkZXNhcGFyZWNpZG8gZXN0YXZhIGzDoS4gRWxlIGVudHJvdSBsw6EgbWVzbW8/,,W1N3ZWVwZXJdCk5pIHNpcXVpZXJhIGVzdGFiYSBlbCBodcOpc3BlZCBkZXNhcGFyZWNpZG8uIMK/RGUgdmVyZGFkIGVudHLDsyBhaMOtPw==
5+bOBw,,WW91J3JlIHN1cHBvc2VkIHRvIG1hbmFnZSB0aGUgZmFjaWxpdHkhIEhvdyBjYW4geW91IG5vdCBrbm93IHRoZSBkYW5nZXIgaW4gdGhlcmUhPw==,,,,,Vm9jw6ogZGV2ZXJpYSB0b21hciBjb250YSBkbyBsdWdhciEgQ29tbyB2b2PDqiBwb2RlIG7Do28gc2FiZXIgZG8gcGVyaWdvIHF1ZSB0ZW0gbMOhPyE=,,wqFTZSBzdXBvbmUgcXVlIHRpZW5lcyBxdWUgZ2VzdGlvbmFyIGxhIGluc3RhbGFjacOzbiEgwqHCv0PDs21vIG5vIHNhYmVzIGVsIHBlbGlncm8gcXVlIGhheSBhaMOtIGRlbnRybz8h
6ObOBw,,SXQgd2FzIHdpdG5lc3NlZCBieSBtYW55LCB5b3Uga25vdy4=,,,,,Rm9pIHRlc3RlbXVuaGFkbyBwb3IgbXVpdG9zLCB2b2PDqiBzYWJlLg==,,TXVjaG9zIGxvIHZpZXJvbiwgc2FiZXMu
6ebOBw,,W1Jvb2tpZV0KQXJlIHlvdSBzdXJlIHRoZSBtaXNzaW5nIHBlcnNvbiB3YXNuJ3QgaW4gdGhlcmU/,,,,,W05vdmF0b10KVGVtIGNlcnRlemEgZGUgcXVlIGEgcGVzc29hIGRlc2FwYXJlY2lkYSBuw6NvIGVzdGF2YSBsw6E/,,W1ByaW5jaXBpYW50ZV0Kwr9Fc3TDoXMgc2VndXJvIGRlIHF1ZSBsYSBwZXJzb25hIGRlc2FwYXJlY2lkYSBubyBlc3RhYmEgYWxsw60/
6ubOBw,,W1N3ZWVwZXJdCk1heWJlIGhlIHJhbiBhd2F5Lg==,,,,,W1ZhcnJlZG9yXQpUYWx2ZXogZWxlIHRlbmhhIGZ1Z2lkby4=,,W1N3ZWVwZXJdClRhbCB2ZXogaHV5w7Mu
6+bOBw,,SSdtIHN1cmUu,,,,,VGVuaG8gY2VydGV6YS4=,,RXN0b3kgc2VndXJvLg==
7ObOBw,,W1Jvb2tpZV0KSWYgaGUgcmFuIGF3YXksIGhlIHNob3VsZCd2ZSBjb21lIGJhY2sgdG8gdXMgbG9uZyBhZ28uIElmIG5vdCwgc29tZSBvZiBvdXIgbWVtYmVycyBhcm91bmQgdGhlIG1hbnNpb24gc2hvdWxkJ3ZlIGZvdW5kIGhpbSBhbmQgY29udGFjdGVkIHVzLg==,,,,,W05vdmF0b10KU2UgZWxlIGZ1Z2l1LCBkZXZlcmlhIHRlciB2b2x0YWRvIGjDoSBtdWl0byB0ZW1wby4gQ2FzbyBjb250csOhcmlvLCBhbGd1bnMgZG9zIG5vc3NvcyBtZW1icm9zIG5hIG1hbnPDo28gZGV2ZXJpYW0gdMOqLWxvIGVuY29udHJhZG8gZSBlbnRyYWRvIGVtIGNvbnRhdG8gY29tIGEgZ2VudGUu,,W1ByaW5jaXBpYW50ZV0KU2kgaHV5w7MsIGRlYmVyw61hIGhhYmVyIHZ1ZWx0byBjb24gbm9zb3Ryb3MgaGFjZSB0aWVtcG8uIFNpIG5vLCBhbGd1bm8gZGUgbnVlc3Ryb3MgbWllbWJyb3MgZGUgbGEgbWFuc2nDs24gZGViZXLDrWEgaGFiZXJsbyBlbmNvbnRyYWRvIHkgY29tdW5pY2FkbyBjb24gbm9zb3Ryb3Mu
7ebOBw,,RG8geW91IGhhdmUgYW55IGlkZWE/,,,,,Vm9jw6ogdGVtIGFsZ3VtYSBpZGVpYT8=,,wr9UaWVuZXMgYWxndW5hIGlkZWE/
7ubOBw,,W1J1YmJlcl0KQW1vbmcgdGhlIHBvc3NpYmlsaXRpZXMgeW91IG1lbnRpb25lZCwgSSBzdXNwZWN0IHRoZSBpbnRydWRlciBzY2VuYXJpbyB0aGUgbW9zdC4=,,,,,W0JvcnJhY2hpbmhhXQpEZW50cmUgYXMgcG9zc2liaWxpZGFkZXMgcXVlIHZvY8OqIG1lbmNpb25vdSwgYWNyZWRpdG8gbWFpcyBubyBjZW7DoXJpbyBkbyBpbnRydXNvLg==,,W1J1YmJlcl0KRW50cmUgbGFzIHBvc2liaWxpZGFkZXMgcXVlIHNlIG1lbmNpb25hbiwgc29zcGVjaG8gbcOhcyBkZWwgZXNjZW5hcmlvIGRlbCBpbnRydXNvLg==
7+bOBw,,W0JvaWxlcl0KUnViYmVyLCBtYXliZSBpdCdzIHRoZSBeMDAwMENEaGFpcl4wMDAwMDA/IExvbmcsIGRlZXAgZ3JlZW4gaGFpci4gVGhlIGZpcnN0IHRpbWUgaXQgYXBwZWFyZWQgd2FzIGEgdmVyeSBsb25nIHRpbWUgYWdvLg==,,,,,W0NhbGRlaXJhXQpCb3JyYWNoaW5oYSwgdGFsdmV6IHNlamEgbyBeOTM3MERCY2FiZWxvXjAwMDAwMD8gQ2FiZWxvIGxvbmdvLCB2ZXJkZSBlc2N1cm8uIEEgcHJpbWVpcmEgdmV6IHF1ZSBhcGFyZWNldSBmb2kgaMOhIG11aXRvIHRlbXBvLg==,,W0JvaWxlcl0KUnViYmVyLCDCv3F1aXrDoXMgc2VhIGVsIF45OTAwOTljYWJlbGxvXjAwMDAwMD8gQ2FiZWxsbyBsYXJnbywgdmVyZGUgaW50ZW5zby4gTGEgcHJpbWVyYSB2ZXogcXVlIGFwYXJlY2nDsyBmdWUgaGFjZSBtdWNobyB0aWVtcG8u
8ObOBw,,SGFpci4uLiBUaGUgcG9zc2liaWxpdHkgaXMgdGhlcmUuIEl0IGRvZXNuJ3QgbWF0Y2ggYW55dGhpbmcgaW4gdGhlIGJhdGhob3VzZS4=,,,,,Q2FiZWxvLi4uIMOJIHVtYSBwb3NzaWJpbGlkYWRlLiBOw6NvIGJhdGUgY29tIG5hZGEgbmEgY2FzYSBkZSBiYW5oby4=,,Q2FiZWxsb+KApiBMYSBwb3NpYmlsaWRhZCBlc3TDoSBhaMOtLiBObyBjb2luY2lkZSBjb24gbmFkYSBlbiBlbCBiYcOxbyBww7pibGljby4=
8ebOBw,,SGFpcj8=,,,,,Q2FiZWxvPw==,,wr9DYWJlbGxvPw==
8ubOBw,,W1J1YmJlcl0KWWVzLiBBcyBCb2lsZXIgc2FpZCwgd2UndmUgYmVlbiBzZWVpbmcgbXlzdGVyaW91cyBoYWlyIG9jY2FzaW9uYWxseSBmb3IgYSB2ZXJ5IGxvbmcgdGltZSBub3cuIFBlcmhhcHMgdGhhdCBoYWlyIGlzIGZyb20gdGhlIGRhbmdlciBsdXJraW5nIGluIHRoZSBiYXRoaG91c2Uu,,,,,W0JvcnJhY2hpbmhhXQpTaW0uIENvbW8gQ2FsZGVpcmEgZGlzc2UsIGrDoSBmYXogbXVpdG8gdGVtcG8gcXVlIHZlbW9zIGNhYmVsb3MgbWlzdGVyaW9zb3MgcG9yIGHDrS4gVGFsdmV6IGVzc2UgY2FiZWxvIHBlcnRlbsOnYSBhbyBwZXJpZ28gcXVlIGVzcHJlaXRhIG5hIGNhc2EgZGUgYmFuaG8u,,W1J1YmJlcl0KU8OtLiBDb21vIGRpam8gQm9pbGVyLCBsbGV2YW1vcyBtdWNobyB0aWVtcG8gdmllbmRvIGNhYmVsbG9zIG1pc3Rlcmlvc29zIGRlIHZleiBlbiBjdWFuZG8uIFF1aXrDoSBlbCBjYWJlbGxvIHNlYSBwb3IgZWwgcGVsaWdybyBxdWUgYWNlY2hhIGVuIGVsIGJhw7FvIHDDumJsaWNvLg==
8+bOBw,,V2h5IGFyZSB5b3Ugc2F5aW5nIHRoYXQgTk9XPw==,,,,,UG9yIHF1ZSBlc3TDoSBmYWxhbmRvIGlzc28gQUdPUkE/,,wr9Qb3IgcXXDqSBkaWNlcyBlc28gQUhPUkE/
9ObOBw,,WW91IHNhaWQgeW91IGRpZG4ndCBrbm93IGFib3V0IHRoZSByaXNrIGZhY3Rvci4=,,,,,Vm9jw6ogZGlzc2UgcXVlIG7Do28gc2FiaWEgc29icmUgbyBmYXRvciBkZSByaXNjby4=,,RGlqaXN0ZSBxdWUgbm8gY29ub2PDrWFzIGVsIGZhY3RvciBkZSByaWVzZ28u
9ebOBw,,W1N3ZWVwZXJdClBlcmhhcHMgaXQncyBiZXR0ZXIgdG8gbGV0IHRoZSBodW1hbiBndWVzdHMgaW4gYW5kIHNlYXJjaC4KV2UgZGlkbid0IHNlbnNlIGFueSBkYW5nZXIgYW5kIGNvdWxkbid0IGZpbmQgdGhlIGh1bWFuIGd1ZXN0LiBJdCBzZWVtcyB3ZSBjYW4ndCBzZW5zZSBzdWNoIHRoaW5ncyBiZWNhdXNlIHdlIGFyZSBub3QgaHVtYW4u,,,,,W1ZhcnJlZG9yXQpUYWx2ZXogc2VqYSBtZWxob3IgZGVpeGFyIG9zIGjDs3NwZWRlcyBodW1hbm9zIGVudHJhcmVtIGUgcHJvY3VyYXJlbS4KTsOjbyBzZW50aW1vcyBuZW5odW0gcGVyaWdvIGUgbmVtIGVuY29udHJhbW9zIG8gaMOzc3BlZGUgaHVtYW5vLiBQYXJlY2UgcXVlIG7Do28gc2VudGltb3MgdGFpcyBjb2lzYXMgcG9ycXVlIG7Do28gc29tb3MgaHVtYW5vcy4=,,W1N3ZWVwZXJdClF1aXrDoSBzZWEgbWVqb3IgZGVqYXIgcXVlIGxvcyBodcOpc3BlZGVzIGh1bWFub3MgZW50cmVuIHkgYnVzcXVlbi4KTm8gcGVyY2liaW1vcyBuaW5nw7puIHBlbGlncm8geSBubyBwdWRpbW9zIGVuY29udHJhciBhbCBodcOpc3BlZCBodW1hbm8uIFBhcmVjZSBxdWUgbm8gcG9kZW1vcyBwZXJjaWJpciBlc2FzIGNvc2FzIHBvcnF1ZSBubyBzb21vcyBodW1hbm9zLg==
9ubOBw,,W0JvaWxlcl0KVGhhdCBtYWtlcyBzZW5zZS4gSHVtYW5zIGhhdmUgYSB0aGluZyBjYWxsZWQgc2Vuc2UsIHNvIHRoZXkgbWlnaHQgYmUgYWJsZSB0byBmaW5kIG91dCBzb21ldGhpbmcgcm9ib3RzIG1pc3MuIFdlIG1pZ2h0IGV2ZW4gZ2V0IHRoZSBhbnN3ZXIgZm9yIHRoYXQgaGFpciB0b28u,,,,,W0NhbGRlaXJhXQpJc3NvIGZheiBzZW50aWRvLiBPcyBodW1hbm9zIHTDqm0gYWxnbyBjaGFtYWRvIHNlbnRpZG8sIGVudMOjbyBlbGVzIHBvZGVtIGRlc2NvYnJpciBhbGdvIHF1ZSBvcyByb2LDtHMgbsOjbyBwZXJjZWJlbS4gVGFsdmV6IGF0w6kgZW5jb250cmVtb3MgdW1hIHJlc3Bvc3RhIHBhcmEgZXNzZSBjYWJlbG8gdGFtYsOpbS4=,,W0JvaWxlcl0KVGllbmUgc2VudGlkby4gTG9zIGh1bWFub3MgdGllbmVuIGFsZ28gbGxhbWFkbyBzZW50aWRvLCBwb3IgbG8gcXVlIHBvZHLDrWFuIGRlc2N1YnJpciBhbGdvIHF1ZSBsb3Mgcm9ib3RzIHBhc2FuIHBvciBhbHRvLiBJbmNsdXNvIHBvZHLDrWFtb3Mgb2J0ZW5lciBsYSByZXNwdWVzdGEgc29icmUgZXNlIGNhYmVsbG8gdGFtYmnDqW4u
9+bOBw,,W1N3ZWVwZXJdCldlIGhlYXJkIGFib3V0IHRoZSBjaGFyYWN0ZXJpc3RpY3Mgb2YgdGhlIG1pc3NpbmcgcGVyc29uLCBidXQgSSBhc3N1bWUgdGhlIGh1bWFuIGd1ZXN0cyBrbm93IG11Y2ggbW9yZSBhYm91dCBoaW0u,,,,,W1ZhcnJlZG9yXQpPdXZpbW9zIHNvYnJlIGFzIGNhcmFjdGVyw61zdGljYXMgZGEgcGVzc29hIGRlc2FwYXJlY2lkYSwgbWFzIHByZXN1bW8gcXVlIG9zIGjDs3NwZWRlcyBodW1hbm9zIHNhaWJhbSBtdWl0byBtYWlzIHNvYnJlIGVsYS4=,,W1N3ZWVwZXJdCk5vcyBlbnRlcmFtb3MgZGUgbGFzIGNhcmFjdGVyw61zdGljYXMgZGVsIGRlc2FwYXJlY2lkbywgcGVybyBzdXBvbmdvIHF1ZSBsb3MgaHXDqXNwZWRlcyBodW1hbm9zIHNhYmVuIG11Y2hvIG3DoXMgc29icmUgw6lsLg==
+ObOBw,,Tm93IHRoYXQncyBhIHNlbnNpYmxlIHJvYm90Lg==,,,,,TWFzIHF1ZSByb2LDtCBzZW5zYXRvLg==,,RXNlIHPDrSBxdWUgZXMgdW4gcm9ib3Qgc2Vuc2F0by4=
+ebOBw,,W1J1YmJlcl0KLi4uVGhhdCBtYWtlcyBzZW5zZS4gQWxyaWdodC4KR3Vlc3RzLCBJIHdpbGwgb3BlbiB0aGUgYmF0aGhvdXNlIGZvciB5b3UuIFdlIGhhdmUgc3RhdGVtZW50cyBhbmQgY2lyY3Vtc3RhbnRpYWwgZXZpZGVuY2UgaW5kaWNhdGluZyB0aGF0IHRoZXJlIGlzIGFuIHVua25vd24gY3JlYXR1cmUgaW4gdGhlcmUsIHNvIGRvIGJlIGNhcmVmdWwgZHVyaW5nIHlvdXIgc2VhcmNoLg==,,,,,W0JvcnJhY2hpbmhhXQouLi4gSXNzbyBmYXogc2VudGlkby4gQ2VydG8uCkjDs3NwZWRlcywgZXUgdm91IGFicmlyIGEgY2FzYSBkZSBiYW5obyBwYXJhIHZvY8Oqcy4gVGVtb3MgZGVjbGFyYcOnw7VlcyBlIGV2aWTDqm5jaWFzIGNpcmN1bnN0YW5jaWFpcyBpbmRpY2FuZG8gcXVlIHRlbSB1bWEgY3JpYXR1cmEgZGVzY29uaGVjaWRhIGzDoSwgZW50w6NvIHRlbmhhbSBjdWlkYWRvIGR1cmFudGUgc3VhIGJ1c2NhLg==,,W1J1YmJlcl0K4oCmVGllbmUgc2VudGlkby4gTXV5IGJpZW4uCkh1w6lzcGVkZXMsIGxlcyBwZXJtaXRpcsOpIGxhIGVudHJhZGEgYWwgYmHDsW8gcMO6YmxpY28uIFRlbmVtb3MgZGVjbGFyYWNpb25lcyB5IGV2aWRlbmNpYSBjaXJjdW5zdGFuY2lhbCBxdWUgaW5kaWNhbiBxdWUgaGF5IHVuYSBjcmlhdHVyYSBkZXNjb25vY2lkYSBhaMOtIGRlbnRybywgYXPDrSBxdWUgdGVuZ2FuIGN1aWRhZG8gZHVyYW50ZSBsYSBiw7pzcXVlZGEu
+ubOBw,,W1J1YmJlcl0KSWYgeW91IGVuY291bnRlciBhbiBhYm5vcm1hbCBjcmVhdHVyZSB3aGlsZSB1c2luZyB0aGUgYmF0aGhvdXNlLCBkbyBub3QgZW5nYWdlIGFuZCBjYWxsIGEgbmVhcmJ5IHNlcnZhbnQgYWJvdXQgaXQuIEFuZCBjYWxsIHRoZW0gaWYgeW91IGZpbmQgdGhlIG1pc3NpbmcgcGVyc29uIGFuZCBuZWVkIGhlbHAu,,,,,W0JvcnJhY2hpbmhhXQpTZSB2b2PDqiBlbmNvbnRyYXIgdW1hIGNyaWF0dXJhIGFub3JtYWwgZW5xdWFudG8gZXN0aXZlciB1c2FuZG8gYSBjYXNhIGRlIGJhbmhvLCBuw6NvIGEgYXRhcXVlIGUgY2hhbWUgdW0gc2Vydm8gcHLDs3hpbW8gcGFyYSByZXNvbHZlci4gRSBjaGFtZSBzZSBlbmNvbnRyYXIgYSBwZXNzb2EgZGVzYXBhcmVjaWRhIGUgcHJlY2lzYXIgZGUgYWp1ZGEu,,W1J1YmJlcl0KU2kgc2UgZW5jdWVudHJhbiBjb24gdW5hIGNyaWF0dXJhIGFub3JtYWwgbWllbnRyYXMgdXRpbGl6YW4gZWwgYmHDsW8gcMO6YmxpY28sIG5vIHNlIGludm9sdWNyZW4gZSBpbmZvcm1lbiBhIHVuIHNpcnZpZW50ZSBjZXJjYW5vLiBZIHRhbWJpw6luIGF2aXNlbiBzaSBlbmN1ZW50cmFuIGEgbGEgcGVyc29uYSBkZXNhcGFyZWNpZGEgeSBuZWNlc2l0YW4gYXl1ZGEu
++bOBw,,W1J1YmJlcl0KTm93LCBpZiB5b3Ugd291bGQgZm9sbG93IG1lLg==,,,,,W0JvcnJhY2hpbmhhXQpBZ29yYSwgc2UgcHVkZXJlbSBtZSBzZWd1aXIu,,W1J1YmJlcl0KQmllbiwgcG9yIGZhdm9yLCBzw61nYW5tZS4=
/ObOBw,,VGhleSdyZSBzdXBlciBhcmJpdHJhcnkgYWJvdXQgZXZlcnl0aGluZy4=,,,,,RWxlcyBzw6NvIGJlbSBhcmJpdHLDoXJpb3Mgc29icmUgdHVkby4=,,U29uIG11eSBlc3RyaWN0b3MgY29uIHRvZG8u
/ebOBw,,W1J1YmJlcl0KSSBoYXZlIHRvIGluZm9ybSB5b3Ugb2Ygb25lIHRoaW5nIGJlZm9yZSBsZXR0aW5nIHlvdSBpbi4gSGVyZSBpbiBMYXJnZSBNZWRpdGF0aW8gQmF0aCwgd2UgZm9yYmlkIF5FRTAwMDB1c2luZyB3YXRlci1yZWxhdGVkIHNraWxscywgc3VjaCBhcyBXYXRlciBCYWxsIGFuZCBjcmVhdGluZyBIb2x5IFdhdGVyXjAwMDAwMCwgdG8gcHJvdGVjdCBhbmQgbWFuYWdlIHRoZSBmYWNpbGl0eS4KUGxlYXNlIHVuZGVyc3RhbmQgdGhhdC4=,,,,,W0JvcnJhY2hpbmhhXQpUZW5obyBxdWUgaW5mb3Jtw6EtbG9zIGRlIHVtYSBjb2lzYSBhbnRlcyBkZSBkZWl4w6EtbG9zIGVudHJhci4gQXF1aSBubyBCYW5obyBkZSBNZWRpdGHDp8OjbyBHcmFuZGUsIHByb2liaW1vcyBvIF45OTk5OTl1c28gZGUgaGFiaWxpZGFkZXMgcmVsYWNpb25hZGFzIMOgIMOhZ3VhLCBjb21vIEVzZmVyYSBkZSDDgWd1YSBlIGNyaWHDp8OjbyBkZSDDgWd1YSBCZW50YV4wMDAwMDAsIHBhcmEgcHJvdGVnZXIgZSBnZXJlbmNpYXIgYSBpbnN0YWxhw6fDo28uClBvciBmYXZvciwgZW50ZW5kYW0u,,W1J1YmJlcl0KVGVuZ28gcXVlIGluZm9ybWFybGVzIHVuYSBjb3NhIGFudGVzIGRlIGRlamFybGVzIGVudHJhci4gQXF1w60sIGVuIGVsIEJhw7FvIGdyYW5kZSBkZSBtZWRpdGFjacOzbiwgZXN0w6EgcHJvaGliaWRvIF42NjAwNjZ1c2FyIGhhYmlsaWRhZGVzIHJlbGFjaW9uYWRhcyBjb24gZWwgYWd1YSwgY29tbyBCb2xhIGRlIEFndWEgeSBsYSBjcmVhY2nDs24gZGUgQWd1YSBCZW5kaXRhXjAwMDAwMCwgY29uIGVsIHByb3DDs3NpdG8gZGUgcHJvdGVnZXIgeSBnZXN0aW9uYXIgbGEgaW5zdGFsYWNpw7NuLgpMZXMgYWdyYWRlY2Vtb3Mgc3UgY29tcHJlbnNpw7NuLg==
/ubOBw,,W01hZ2VudGFdCkhleSwgTHVja3kuIFVtbS4uLiBEb24ndCBnZXQgbWUgd3JvbmcsIGJ1dCBJIHRoaW5rIGl0J3MgYmV0dGVyIGZvciB5b3UgdG8gc3RheSBoZXJlLg==,,,,,W01hZ2VudGFdCkVpLCBMdWNreS4gSHVtLi4uIE7Do28gbWUgZW50ZW5kYSBtYWwsIG1hcyBhY2hvIG1lbGhvciB2b2PDqiBmaWNhciBhcXVpLg==,,W01hZ2VudGFdCkhvbGEsIEx1Y2t5LiBIbW3igKYgTm8gbWUgbWFsaW50ZXJwcmV0ZXMsIHBlcm8gY3JlbyBxdWUgZXMgbWVqb3IgcXVlIHRlIHF1ZWRlcyBhcXXDrS4=
/+bOBw,,VGhhdCdzIHJpZ2h0LiBXZSdsbCBsb29rIGZvciBHb25pLiBJIHRoaW5rIHlvdSBzaG91bGQgc3RheSBoZXJlLCB0b28u,,,,,SXNzbyBtZXNtby4gTsOzcyB2YW1vcyBwcm9jdXJhciBvIEdvbmkuIEV1IGFjaG8gcXVlIHZvY8OqIHRpbmhhIHF1ZSBmaWNhciBhcXVpIHRhbWLDqW0u,,QXPDrSBlcy4gQnVzY2FyZW1vcyBhIEdvbmkuIENyZW8gcXVlIHRhbWJpw6luIGRlYmVyw61hcyBxdWVkYXJ0ZSBhcXXDrS4=
AOfOBw,,W1Jvb2tpZV0KV2hhdCBhcmUgeW91IHRhbGtpbmcgYWJvdXQ/IEknbSBnb29kIGF0IGZpbmRpbmcgbG9zdCBzdHVmZi4gSSBtaWdodCBub3QgYmUgc3Ryb25nIGVub3VnaCB0byBnbyBvdXQgZm9yIG1pc3Npb25zLCBidXQgSSBjYW4gcHJvdGVjdCBteXNlbGYganVzdCBmaW5lLiBBbSBJIHRoYXQgdW5yZWxpYWJsZT8=,,,,,W05vdmF0b10KRG8gcXVlIHZvY8OqIHTDoSBmYWxhbmRvPyBFdSBtYW5kbyBiZW0gZW0gYWNoYXIgY29pc2FzIHBlcmRpZGFzLiBFdSBwb3NzbyBuw6NvIHNlciBmb3J0ZSBvIHN1ZmljaWVudGUgcGFyYSBpciBlbSBtaXNzw7VlcywgbWFzIHBvc3NvIG1lIGRlZmVuZGVyIG11aXRvIGJlbS4gRXUgc291IHTDo28gcG91Y28gY29uZmnDoXZlbCBhc3NpbT8=,,W1ByaW5jaXBpYW50ZV0Kwr9EZSBxdcOpIGVzdMOhbiBoYWJsYW5kbz8gU2UgbWUgZGEgYmllbiBlbmNvbnRyYXIgY29zYXMgcGVyZGlkYXMuIFB1ZWRlIHF1ZSBubyBzZWEgbG8gYmFzdGFudGUgZnVlcnRlIHBhcmEgc2FsaXIgYSBtaXNpb25lcywgcGVybyBzw6kgcGVyZmVjdGFtZW50ZSBjw7NtbyBwcm90ZWdlcm1lLiDCv1RhbiBwb2NvIGZpYWJsZSBzb3k/
AefOBw,,W01hZ2VudGFdCk5vISBZb3UncmUgdGhlIGJlc3QsIEx1Y2t5ISBZb3Uga25vdyB3ZSBjYW4ndCBsaXZlIHdpdGhvdXQgeW91ISBCdXQuLi4=,,,,,W01hZ2VudGFdCk7Do28hIFZvY8OqIMOpIGluY3LDrXZlbCwgTHVja3khIFZvY8OqIHNhYmUgcXVlIG7Do28gcG9kZW1vcyB2aXZlciBzZW0gdm9jw6ohIE1hcy4uLg==,,W01hZ2VudGFdCsKhTm8hIMKhRXJlcyBlbCBtZWpvciwgTHVja3khIMKhU2FiZXMgcXVlIG5vIHBvZGVtb3Mgdml2aXIgc2luIHRpISBQZXJv4oCm
AufOBw,,W1Jvb2tpZV0KVWdoLCBpdCdzIGp1c3QgYSBsb29rLWFyb3VuZC4gQWxyaWdodCwgSSdsbCBzdGF5IGFuZCBzZWFyY2ggdGhlIGVudHJhbmNlLiBXZSBzaG91bGQgY2hlY2sgd2hvIGdvZXMgaW4gYW5kIGNvbWVzIG91dCBhbnl3YXkuIFRoZSByb2JvdCBzYWlkIHRoZXJlIHdhcyBvbmx5IG9uZSBlbnRyYW5jZS4=,,,,,W05vdmF0b10KQWgsIHPDsyB2YW1vcyBkYXIgdW1hIG9saGFkaW5oYS4gRXN0w6EgYmVtLCB2b3UgZmljYXIgZSBwcm9jdXJhciBuYSBlbnRyYWRhLiBEZXZlbW9zIHZlciBxdWVtIGVudHJhIGUgcXVlbSBzYWkgZGUgcXVhbHF1ZXIgbWFuZWlyYS4gTyByb2LDtCBkaXNzZSBxdWUgc8OzIHRlbSB1bWEgZW50cmFkYS4=,,W1ByaW5jaXBpYW50ZV0KVWdoLCBlcyBzb2xvIHVuIHZpc3Rhem8uIEVzdMOhIGJpZW4uIE1lIHF1ZWRhcsOpIHkgYnVzY2Fyw6kgZW4gbGEgZW50cmFkYS4gRGUgdG9kYXMgZm9ybWFzLCBkZWJlcsOtYW1vcyBjb21wcm9iYXIgcXVpw6luIGVudHJhIHkgcXVpw6luIHNhbGUuIEVsIHJvYm90IGRpam8gcXVlIHNvbG8gaGFiw61hIHVuYSBlbnRyYWRhLg==
A+fOBw,,SSdsbCBnbyB3aXRoIHlvdSB0b28u,,,,,RXUgdm91IGNvbSB2b2PDqiB0YW1iw6ltLg==,,WW8gdGFtYmnDqW4gaXLDqSBjb24gdXN0ZWRlcy4=
BOfOBw,,W1Jvb2tpZV0KVGhhdCdzIHZlcnkgYXNzdXJpbmcsIHRoYW5rIHlvdS4gTGV0J3MgZ2V0IDxOQVZJPltpbnNpZGVdPElORk8+YmFfYmF0aCwxNjUsNDMsMCwxMDEsMDwvSU5GTz48L05BVkk+LiBBbnlvbmUgd2hvIGZpbmRzIGFueXRoaW5nIHNlbmRzIGEgc2lnbmFsLCBva2F5PwpMZXQncyBhbGwgbWVldCBpbnNpZGUu,,,,,W05vdmF0b10KSXNzbyDDqSBtdWl0byByZWNvbmZvcnRhbnRlLCBldSBhZ3JhZGXDp28uIFZhbW9zIDxOQVZJPltlbnRyYXJdPElORk8+YmFfYmF0aCwxNjUsNDMsMCwxMDEsMDwvSU5GTz48L05BVkk+LiBRdWVtIGVuY29udHJhciBhbGd1bWEgY29pc2EsIGVudmlhIHVtIHNpbmFsLCB2aXU/ClZhbW9zIG5vcyBlbmNvbnRyYXIgbMOhIGRlbnRyby4=,,W1ByaW5jaXBpYW50ZV0KRXNvIG1lIHRyYW5xdWlsaXphLCBncmFjaWFzLiA8TkFWST5bRW50cmVtb3MgYV08SU5GTz5iYV9iYXRoLDE2NSw0MywwLDEwMSwwPC9JTkZPPjwvTkFWST4uIEN1YWxxdWllcmEgcXVlIGVuY3VlbnRyZSBhbGdvIGVudsOtYSB1bmEgc2XDsWFsLCDCv2RlIGFjdWVyZG8/ClJldW7DoW1vbm9zIGRlbnRyby4=
BefOBw,,W1J1YmJlcl0KSGVsbG8uIEVuam95IHRoZSBiYXRoIGFuZCByZWxpZXZlIHlvdXIgZmF0aWd1ZS4=,,,,,W0JvcnJhY2hpbmhhXQpPbMOhLiBBcHJvdmVpdGUgbyBiYW5obyBlIGRlc2NhbnNlLg==,,W1J1YmJlcl0KSG9sYS4gRGlzZnJ1dGEgZGVsIGJhw7FvIHkgZGVzY2Fuc2Eu
BufOBw,,XkVFMDAwMFtDYXV0aW9uXV4wMDAwMDAKSGVyZSBpbiBMYXJnZSBNZWRpdGF0aW8gQmF0aCwgd2UgZm9yYmlkIF5FRTAwMDB1c2luZyB3YXRlci1yZWxhdGVkIHNraWxscywgc3VjaCBhcyBXYXRlciBCYWxsIGFuZCBjcmVhdGluZyBIb2x5IFdhdGVyXjAwMDAwMCwgdG8gcHJvdGVjdCBhbmQgbWFuYWdlIHRoZSBmYWNpbGl0eS4=,,,,,Xjk5OTk5OVvCocOYQXZpc2/CocOYXV4wMDAwMDAKVGVuaG8gcXVlIGluZm9ybcOhLWxvcyBkZSB1bWEgY29pc2EgYW50ZXMgZGUgZGVpeMOhLWxvcyBlbnRyYXIuIEFxdWkgbm8gQmFuaG8gZGUgTWVkaXRhw6fDo28gR3JhbmRlLCBwcm9pYmltb3MgbyBeOTk5OTk5dXNvIGRlIGhhYmlsaWRhZGVzIHJlbGFjaW9uYWRhcyDDoCDDoWd1YSwgY29tbyBFc2ZlcmEgZGUgw4FndWEgZSBjcmlhw6fDo28gZGUgw4FndWEgQmVudGFeMDAwMDAwLCBwYXJhIHByb3RlZ2VyIGUgZ2VyZW5jaWFyIGEgaW5zdGFsYcOnw6NvLg==,,XjY2MDA2NltQcmVjYXVjacOzbl1eMDAwMDAwCkFxdcOtLCBlbiBlbCBCYcOxbyBncmFuZGUgZGUgbWVkaXRhY2nDs24sIGVzdMOhIHByb2hpYmlkbyBeNjYwMDY2dXNhciBoYWJpbGlkYWRlcyByZWxhY2lvbmFkYXMgY29uIGVsIGFndWEsIGNvbW8gQm9sYSBkZSBBZ3VhIHkgbGEgY3JlYWNpw7NuIGRlIEFndWEgQmVuZGl0YV4wMDAwMDAsIGNvbiBlbCBwcm9ww7NzaXRvIGRlIHByb3RlZ2VyIHkgZ2VzdGlvbmFyIGxhIGluc3RhbGFjacOzbi4=
B+fOBw,,W1J1YmJlcl0KSSBob3BlIHlvdSB3aWxsIGdldCBpbnNpZGUgYW5kIHJlc3VtZSB0aGUgdGFsay4=,,,,,W0JvcnJhY2hpbmhhXQpFc3Blcm8gcXVlIHZvY8OqIGVudHJlIGUgY29udGludWUgYSBjb252ZXJzYS4=,,W1J1YmJlcl0KRXNwZXJvIHF1ZSBlbnRyZXMgeSByZWFudWRlcyBsYSBjaGFybGEu
COfOBw,,W1J1YmJlcl0KUGxlYXNlIGdldCA8TkFWST5baW5zaWRlXTxJTkZPPmJhX2JhdGgsMTY1LDQzLDAsMTAxLDA8L0lORk8+PC9OQVZJPi4gSWYgeW91IGVuY291bnRlciBhbiBhYm5vcm1hbCBjcmVhdHVyZSB3aGlsZSB1c2luZyB0aGUgYmF0aGhvdXNlLCBkbyBub3QgZW5nYWdlIGFuZCBjYWxsIGEgbmVhcmJ5IHNlcnZhbnQu,,,,,W0JvcnJhY2hpbmhhXQpQb3IgZmF2b3IsIDxOQVZJPltlbnRyZV08SU5GTz5iYV9iYXRoLDE2NSw0MywwLDEwMSwwPC9JTkZPPjwvTkFWST4uIFNlIHZvY8OqIGVuY29udHJhciB1bWEgY3JpYXR1cmEgYW5vcm1hbCBlbnF1YW50byBlc3RpdmVyIHVzYW5kbyBhIGNhc2EgZGUgYmFuaG8sIG7Do28gYSBhdGFxdWUgZSBjaGFtZSB1bSBzZXJ2byBwcsOzeGltby4=,,W1J1YmJlcl0KUG9yIGZhdm9yIDxOQVZJPltlbnRyYSBhXTxJTkZPPmJhX2JhdGgsMTY1LDQzLDAsMTAxLDA8L0lORk8+PC9OQVZJPi4gU2kgdGUgZW5jdWVudHJhcyBjb24gdW5hIGNyaWF0dXJhIGFub3JtYWwgbWllbnRyYXMgdXRpbGl6YXMgZWwgYmHDsW8gcMO6YmxpY28sIG5vIHRlIGludm9sdWNyZXMgeSBsbGFtYSBhIHVuIHNpcnZpZW50ZSBjZXJjYW5vLg==
CefOBw,,W1J1YmJlcl0KSSdtIHNvcnJ5LiBUaGUgYmF0aGhvdXNlIGlzIGNsb3NlZCBkdWUgdG8gYW4gaW50ZXJuYWwgc2l0dWF0aW9uLiBJIGNhbm5vdCBnaXZlIHlvdSBhbiBleGFjdCBvcGVuaW5nIHRpbWUgb3IgZGF5LiBQbGVhc2UgY29tZSBiYWNrIGxhdGVyLgpJZiB5b3Ugd2FudCBhIHF1aWV0IGJhdGgsIHBsZWFzZSB1c2UgdGhlIHBlcnNvbmFsIGJhdGhyb29tIGF0dGFjaGVkIHRvIHlvdXIgZ3Vlc3Qgcm9vbS4=,,,,,W0JvcnJhY2hpbmhhXQpTaW50byBtdWl0by4gQSBjYXNhIGRlIGJhbmhvIGVzdMOhIGZlY2hhZGEgZGV2aWRvIGEgdW1hIHNpdHVhw6fDo28gaW50ZXJuYS4gTsOjbyBwb3NzbyBkaXplciB1bWEgaG9yYSBvdSBkaWEgZXhhdG9zIHBhcmEgYSBhYmVydHVyYS4gUG9yIGZhdm9yLCB2b2x0ZSBtYWlzIHRhcmRlLgpTZSB2b2PDqiBxdWlzZXIgdW0gYmFuaG8gdHJhbnF1aWxvLCB1c2UgbyBiYW5oZWlybyBwcml2YXRpdm8gYW5leG8gYW8gc2V1IHF1YXJ0byBkZSBow7NzcGVkZXMu,,W1J1YmJlcl0KTG8gc2llbnRvLiBFbCBiYcOxbyBww7pibGljbyBlc3TDoSBjZXJyYWRvIGRlYmlkbyBhIHVuYSBzaXR1YWNpw7NuIGludGVybmEuIE5vIHB1ZWRvIGRlY2lyIGV4YWN0YW1lbnRlIGN1w6FuZG8gYWJyaXLDoS4gUG9yIGZhdm9yLCB2dWVsdmUgbcOhcyB0YXJkZS4KU2kgZGVzZWFzIHVuIGJhw7FvIHRyYW5xdWlsbywgdXRpbGl6YSBlbCBjdWFydG8gZGUgYmHDsW8gcGVyc29uYWwgYW5leG8gYSB0dSBoYWJpdGFjacOzbiBkZSBodcOpc3BlZC4=
CufOBw,,Qm9pbGVy,,,,,Q2FsZGVpcmE=,,Qm9pbGVy
C+fOBw,,U3dlZXBlcg==,,,,,VmFycmVkb3I=,,U3dlZXBlcg==
DOfOBw,,Um9va2ll,,,,,Tm92YXRv,,Um9va2ll
DefOBw,,RGVubnk=,,,,,RGVubnk=,,RGVubnk=
DufOBw,,TWFnZW50YQ==,,,,,TWFnZW50YQ==,,TWFnZW50YQ==
D+fOBw,,Q3lhbg==,,,,,Q2lhbm8=,,Q3lhbg==
EOfOBw,,TW9sYXI=,,,,,TW9sYXI=,,TW9sYXI=
EefOBw,,RmFuZw==,,,,,RmFuZw==,,RmFuZw==
EufOBw,,RGFuYWU=,,,,,RGFuYWU=,,RGFuYWU=
E+fOBw,,WW91IGhhdmUgdG9vIG1hbnkgaXRlbXMgdG8gY29udGludWUgd2l0aCB0aGlzIGNvbnZlcnNhdGlvbi4KUGxlYXNlIG1ha2Ugc29tZSByb29tIGluIHlvdXIgaW52ZW50b3J5LCBhbmQgdGhlbiB0cnkgYWdhaW4u,,,,,Vm9jw6ogdGVtIGl0ZW5zIGRlbWFpcyBwYXJhIGNvbnRpbnVhciBjb20gZXNzYSBjb252ZXJzYS4KUG9yIGZhdm9yLCBhYnJhIGVzcGHDp28gbm8gc2V1IGludmVudMOhcmlvIGUgdGVudGUgZGUgbm92by4=,,VGllbmVzIGRlbWFzaWFkb3Mgb2JqZXRvcyBwYXJhIGNvbnRpbnVhciBjb24gZXN0YSBjb252ZXJzYWNpw7NuLgpIYXogbHVnYXIgZW4gdHUgaW52ZW50YXJpbyB5IGx1ZWdvIHZ1ZWx2ZSBhIGludGVudGFybG8u
FOfOBw,,W1J1YmJlcl0KV2VsY29tZS4gWW91ciBjb21wYW5pb25zIGFyZSBhbHJlYWR5IGhlcmUu,,,,,W0JvcnJhY2hpbmhhXQpCb2FzLXZpbmRhcy4gU2V1cyBjb21wYW5oZWlyb3MgasOhIGVzdMOjbyBhcXVpLg==,,W1J1YmJlcl0KVGUgZGFtb3MgbGEgYmllbnZlbmlkYS4gVHVzIGNvbXBhw7Flcm9zIHlhIGVzdMOhbiBhcXXDrS4=
FefOBw,,W1Jvb2tpZV0KRXZlcnlvbmUncyBoZXJlLCByaWdodD8gTGV0J3Mgc3BsaXQgaW50byBwYWlycyBhbmQgZm9sbG93IHRoZSBwcm9jZWR1cmUgZm9yIHNlYXJjaGluZyBmb3IgZGFuZ2Vyb3VzIG1hdGVyaWFscyBhbmQgbWlzc2luZyBwZW9wbGUuIFNlbmQgYSBzaWduYWwgYXMgc29vbiBhcyB5b3UgZmluZCBzb21ldGhpbmcsIGFuZCBvdXIgcmFsbHkgcG9pbnQgaXMgdGhlIGxvdW5nZS4=,,,,,W05vdmF0b10KVG9kb3MgZXN0w6NvIGFxdWksIGNlcnRvPyBWYW1vcyBub3MgZGl2aWRpciBlbSBwYXJlcyBlIHNlZ3VpciBvIHByb2NlZGltZW50byBwYXJhIHByb2N1cmFyIG1hdGVyaWFpcyBwZXJpZ29zb3MgZSBwZXNzb2FzIGRlc2FwYXJlY2lkYXMuIEVudmllIHVtIHNpbmFsIGFzc2ltIHF1ZSBlbmNvbnRyYXIgYWxnbywgZSBub3NzbyBwb250byBkZSBlbmNvbnRybyDDqSBubyBsb3VuZ2Uu,,W1ByaW5jaXBpYW50ZV0KVG9kb3MgZXN0w6FuIGFxdcOtLCDCv3ZlcmRhZD8gU2VwYXLDqW1vbm9zIGVuIHBhcmVqYXMgeSBzaWdhbW9zIGVsIHByb2NlZGltaWVudG8gZGUgYsO6c3F1ZWRhIGRlIG1hdGVyaWFsZXMgcGVsaWdyb3NvcyB5IHBlcnNvbmFzIGRlc2FwYXJlY2lkYXMuIEVudsOtZW4gdW5hIHNlw7FhbCB0YW4gcHJvbnRvIGNvbW8gZW5jdWVudHJlbiBhbGdvLiBOdWVzdHJvIHB1bnRvIGRlIHJldW5pw7NuIGVzIGVsIHNhbMOzbi4=
FufOBw,,W1Jvb2tpZV0KV2Ugc2hvdWxkIHByaW9yaXRpemUgdGhlIHJpc2sgZmFjdG9yIG92ZXIgdGhlIG1pc3NpbmcgZ3V5LiBXZSBkb24ndCBrbm93IHdoYXQgdGhlIGZhY3RvciBpcyB5ZXQsIGJ1dCBzdW1taW5nIHVwIHRoZSBzdGF0ZW1lbnRzIGFuZCBjaXJjdW1zdGFudGlhbCBldmlkZW5jZSwgd2UgY2FuIGFzc3VtZSB0aGF0IGl0J3MgZWl0aGVyIGEgaHVtYW4sIGEgbW9uc3RlciwgYSByb2JvdCwgb3IgYSBzdXBlcm5hdHVyYWwgYmVpbmcu,,,,,W05vdmF0b10KRGV2ZW1vcyBwcmlvcml6YXIgbyBmYXRvciBkZSByaXNjbyBhbyBob21lbSBkZXNhcGFyZWNpZG8uIEFpbmRhIG7Do28gc2FiZW1vcyBxdWFsIMOpIG8gZmF0b3IsIG1hcyBzb21hbmRvIGFzIGRlY2xhcmHDp8O1ZXMgZSBldmlkw6puY2lhcyBjaXJjdW5zdGFuY2lhaXMsIHBvZGVtb3Mgc3Vwb3IgcXVlIHNlamEgdW0gaHVtYW5vLCB1bSBtb25zdHJvLCB1bSByb2LDtCBvdSB1bSBzZXIgc29icmVuYXR1cmFsLg==,,W1ByaW5jaXBpYW50ZV0KRGViZXLDrWFtb3MgcHJpb3JpemFyIGVsIGZhY3RvciBkZSByaWVzZ28gc29icmUgZWwgY2hpY28gZGVzYXBhcmVjaWRvLiBBw7puIG5vIHNhYmVtb3MgY3XDoWwgZXMgZWwgZmFjdG9yLCBwZXJvIHN1bWFuZG8gbGFzIGRlY2xhcmFjaW9uZXMgeSBsYXMgcHJ1ZWJhcyBjaXJjdW5zdGFuY2lhbGVzLCBwb2RlbW9zIHN1cG9uZXIgcXVlIHNlIHRyYXRhIGRlIHVuIGh1bWFubywgdW4gbW9uc3RydW8sIHVuIHJvYm90IG8gdW4gc2VyIHNvYnJlbmF0dXJhbC4=
F+fOBw,,W1Jvb2tpZV0KSWYgaXQncyBhIGh1bWFuLCBpdCBjb3VsZCBiZSBhIHJlbW5hbnQgb2YgSWxsdXNpb24gb3IgYSB0aGlyZCBwYXJ0eSB0aGF0IGJlbG9uZ3Mgbm93aGVyZSBvciBhbm90aGVyIGdyb3VwLgpUaGVyZSdzIGEgcG9zc2liaWxpdHkgb2YgdGhlbSB1c2luZyBhbm90aGVyIGVudHJhbmNlLCBzbyB0aGUgbWFpbiBmb2N1cyBvZiB0aGUgc2VhcmNoIHNob3VsZCBiZSB0aGUgZmFjaWxpdHkuIERlbm55IGFuZCBGYW5nLCBJIHdhbnQgeW91IHRvIGhhbmRsZSB0aGlzLg==,,,,,W05vdmF0b10KU2UgZm9yIHVtIGh1bWFubywgcG9kZSBzZXIgdW0gdmVzdMOtZ2lvIGRhIElsdXPDo28gb3UgYWxndcOpbSBxdWUgbsOjbyBwZXJ0ZW5jZSBhIGx1Z2FyIG5lbmh1bSBuZW0gYSBvdXRybyBncnVwby4KRXhpc3RlIGEgcG9zc2liaWxpZGFkZSBkZSBlbGUgdXNhciBvdXRyYSBlbnRyYWRhLCBlbnTDo28gbyBmb2NvIHByaW5jaXBhbCBkYSBidXNjYSBkZXZlIHNlciBhIGluc3RhbGHDp8Ojby4gRGVubnkgZSBGYW5nLCBxdWVybyBxdWUgdm9jw6pzIHJlc29sdmFtIGlzc28u,,W1ByaW5jaXBpYW50ZV0KU2kgZXMgdW4gaHVtYW5vLCBwb2Ryw61hIHNlciB1biByZW1hbmVudGUgZGUgSWx1c2nDs24gbyB1biB0ZXJjZXJvIHF1ZSBubyBwZXJ0ZW5lY2UgYSBuaW5nw7puIGx1Z2FyLCBvIGEgb3RybyBncnVwby4KRXMgcG9zaWJsZSBxdWUgdXNlbiBvdHJhIGVudHJhZGEsIGFzw60gcXVlIGRlYmVtb3MgY29uY2VudHJhciBsYSBiw7pzcXVlZGEgZW4gbGEgaW5zdGFsYWNpw7NuLiBEZW5ueSwgRmFuZywgcXVpZXJvIHF1ZSBzZSBlbmNhcmd1ZW4gZGUgZXN0by4=
GOfOBw,,QWxyaWdodC4=,,,,,Q2VydG8u,,TXV5IGJpZW4u
GefOBw,,TGV0J3MgZ28u,,,,,VmFtb3MgbMOhLg==,,VmFtb3Mu
GufOBw,,W1Jvb2tpZV0KTmV4dCwgYSBtb25zdGVyLiBTaW5jZSBpdCdzIGluIGEgYmF0aGhvdXNlLCBJIGFzc3VtZSBpdCdzIGFuIGFxdWF0aWMgY3JlYXR1cmUgb3Igc29tZXRoaW5nIHNpbWlsYXIsIHNvIHNlYXJjaCBhcm91bmQgdGhlIGJhdGhzIGFuZCBwaXBlcy4gQ3lhbiBhbmQgRGFuYWUsIHlvdSB0YWtlIHRoaXMu,,,,,W05vdmF0b10KT3UgdW0gbW9uc3Ryby4gSsOhIHF1ZSDDqSB1bWEgY2FzYSBkZSBiYW5obywgZXUgcHJlc3VtbyBxdWUgc2VqYSB1bWEgY3JpYXR1cmEgYXF1w6F0aWNhIG91IGFsZ28gc2ltaWxhciwgZW50w6NvIHByb2N1cmVtIHBlcnRvIGRvcyBiYW5ob3MgZSBkb3MgY2Fub3MuIENpYW5vIGUgRGFuYWUsIGN1aWRlbSBkaXNzby4=,,W1ByaW5jaXBpYW50ZV0KQSBjb250aW51YWNpw7NuLCB1biBtb25zdHJ1by4gQ29tbyBlc3TDoSBlbiB1biBiYcOxbyBww7pibGljbywgc3Vwb25nbyBxdWUgZXMgdW5hIGNyaWF0dXJhIGFjdcOhdGljYSBvIGFsZ28gcGFyZWNpZG8sIGFzw60gcXVlIGJ1c3F1ZW4gYWxyZWRlZG9yIGRlIGxvcyBiYcOxb3MgeSBsYXMgdHViZXLDrWFzLiBDeWFuIHkgRGFuYWUsIG9jw7pwZW5zZSBkZSBlc3RvLg==
G+fOBw,,TGVhdmUgaXQgdG8gbWUu,,,,,RGVpeGEgY29taWdvLg==,,RMOpamFtZWxvIGEgbcOtLg==
HOfOBw,,QWxyaWdodCE=,,,,,Q2VydG8h,,wqFNdXkgYmllbiE=
HefOBw,,W1Jvb2tpZV0KSWYgaXQncyBhIGJyb2tlbiByb2JvdCwgaXQgbXVzdCBrbm93IGEgbG90IGFib3V0IHRoaXMgbWFuc2lvbiwgc28gd2Ugc2hvdWxkIGxpc3RlbiB0byB0aGUgYmF0aCBtYW5hZ2Vycy4gSSdsbCB0YWtlIGNhcmUgb2YgdGhpcy4=,,,,,W05vdmF0b10KU2UgZm9yIHVtIHJvYsO0IHF1ZWJyYWRvLCBlbGUgZGV2ZSBzYWJlciBtdWl0byBzb2JyZSBhIG1hbnPDo28sIGVudMOjbyB0ZW1vcyBxdWUgZmFsYXIgY29tIG9zIGdlc3RvcmVzIGRhIGNhc2EgZGUgYmFuaG8uIEV1IHZvdSBmYXplciBpc3NvLg==,,W1ByaW5jaXBpYW50ZV0KU2kgc2UgdHJhdGEgZGUgdW4gcm9ib3QgYXZlcmlhZG8sIGRlYmUgc2FiZXIgbXVjaG8gc29icmUgZXN0YSBtYW5zacOzbiwgYXPDrSBxdWUgdGVuZW1vcyBxdWUgZXNjdWNoYXIgYSBsb3MgYWRtaW5pc3RyYWRvcmVzIGRlbCBiYcOxby4gWW8gbWUgZW5jYXJnYXLDqSBkZSBlc3RvLg==
HufOBw,,W1Jvb2tpZV0KRmluYWxseSwgYWx0aG91Z2ggdGhlIGNoYW5jZXMgYXJlIHNsaW0sIGlmIGl0J3MgYSBnaG9zdC4uLg==,,,,,W05vdmF0b10KUG9yIGZpbSwgZW1ib3JhIGFzIGNoYW5jZXMgc2VqYW0gcGVxdWVuYXMsIHNlIGZvciB1bSBmYW50YXNtYS4uLg==,,W1ByaW5jaXBpYW50ZV0KRmluYWxtZW50ZSwgYXVucXVlIGxhcyBwb3NpYmlsaWRhZGVzIHNvbiBiYWphcywgc2kgZXMgdW4gZmFudGFzbWHigKY=
H+fOBw,,W01hZ2VudGFdCkkga25vdyEgVGhlIGNlaWxpbmchIFRoZSBkcmFpbnMhIEknbGwgbG9vayBpbnRvIHRoZW0h,,,,,W01hZ2VudGFdCkrDoSBzZWkhIE8gdGV0byEgT3MgcmFsb3MhIEV1IHZvdSBkYXIgdW1hIG9saGFkYSBuZWxlcyE=,,W01hZ2VudGFdCsKhWWEgc8OpISDCoUVsIHRlY2hvISDCoUxvcyBkZXNhZ8O8ZXMhIExvcyBpbnZlc3RpZ2Fyw6ku
IOfOBw,,W1Jvb2tpZV0KLi4uQWxyaWdodC4gTW9sYXIsIGdvIHdpdGggTWFnZW50YS4=,,,,,W05vdmF0b10KLi4uIEVzdMOhIGJlbS4gTW9sYXIsIHZhaSBjb20gTWFnZW50YS4=,,W1ByaW5jaXBpYW50ZV0K4oCmTXV5IGJpZW4uIE1vbGFyLCB2ZSBjb24gTWFnZW50YS4=
IefOBw,,R290IGl0Lg==,,,,,UG9kZSBkZWl4YXIu,,RW50ZW5kaWRvLg==
IufOBw,,W1Jvb2tpZV0KQWR2ZW50dXJlciwgbGV0J3MgYXNrIHRoZSBtYW5hZ2VycyBpZiB0aGVyZSdzIGFueSBzdXNwaWNpb3VzIHJvYm90IHdpdGggbWUuIEkgc2hvdWxkIGdldCB0aGUgYmx1ZXByaW50IGZpcnN0Li4u,,,,,W05vdmF0b10KVmlhamFudGUsIHZhbW9zIHBlcmd1bnRhciBhb3MgZ2VzdG9yZXMgc2UgdGVtIGFsZ3VtIHJvYsO0IHN1c3BlaXRvIGNvbWlnby4gRXUgZGV2aWEgcGVnYXIgbyBwcm9qZXRvIGFudGVzLi4u,,W1ByaW5jaXBpYW50ZV0KVHJvdGFtdW5kb3MsIHByZWd1bnRlbW9zIGEgbG9zIGFkbWluaXN0cmFkb3JlcyBzaSBoYXkgYWxnw7puIHJvYm90IHNvc3BlY2hvc28gY29ubWlnby4gRGViZXLDrWEgY29uc2VndWlyIGVsIHBsYW5vIHByaW1lcm/igKY=
I+fOBw,,KlBzaC0tKg==,,,,,KlZvb3NoKg==,,KlBzaC0tKg==
JOfOBw,,W1Jvb2tpZV0KQnV0IHRoaXMgXjAwMDBDRHN0ZWFtXjAwMDAwMCB0YWtlcyBwcmlvcml0eSBub3cuIEl0J3Mgc28gZm9nZ3kgSSBjYW4ndCBzZWUgYW55dGhpbmcu,,,,,W05vdmF0b10KTWFzIGVzc2UgXjkzNzBEQnZhcG9yXjAwMDAwMCDDqSBhIHByaW9yaWRhZGUgYWdvcmEuIFRlbSB0YW50byB2YXBvciBxdWUgZXUgbsOjbyBjb25zaWdvIGVueGVyZ2FyIG5hZGEu,,W1ByaW5jaXBpYW50ZV0KUGVybyBlc3RlIF45OTAwOTl2YXBvcl4wMDAwMDAgdGllbmUgcHJpb3JpZGFkIGFob3JhLiBIYXkgdGFudGEgbmllYmxhIHF1ZSBubyB2ZW8gbmFkYS4=
JefOBw,,SSdsbCBjaGVjayB0aGUgYm9pbGVyIHJvb20u,,,,,Vm91IGRhciB1bWEgb2xoYWRhIG5hIHNhbGEgZGEgY2FsZGVpcmEu,,UmV2aXNhcsOpIGxhIHNhbGEgZGUgY2FsZGVyYXMu
JufOBw,,W1Jvb2tpZV0KVGhhbmsgeW91LiBJJ2xsIHRha2UgdGhlIGJsdWVwcmludCBmcm9tIE1yLiBSdWJiZXIgaGVyZS4gR28gdG8gdGhlIDxOQVZJPltib2lsZXIgcm9vbV08SU5GTz5iYV9iYXRoLDI4Niw2OCwwLDEwMSwwPC9JTkZPPjwvTkFWST4gYW5kIHRlbGwgdGhlbSB0byB0dXJuIG9mZiB0aGUgYm9pbGVyLiBJJ2xsIGJlIGFmdGVyIHlvdSBpbiBhIG1vbWVudC4=,,,,,W05vdmF0b10KVmFsZXUuIFZvdSBwZWdhciBvIHByb2pldG8gY29tIG8gU3IuIEJvcnJhY2hpbmhhIGFxdWkuIFbDoSBhdMOpIGEgPE5BVkk+W3NhbGEgZGEgY2FsZGVpcmFdPElORk8+YmFfYmF0aCwyODYsNjgsMCwxMDEsMDwvSU5GTz48L05BVkk+IGUgZGlnYSBwYXJhIHF1ZSBkZXNsaWd1ZW0gYSBjYWxkZWlyYS4gRXUgasOhIHRlIGFsY2Fuw6dvLg==,,W1ByaW5jaXBpYW50ZV0KR3JhY2lhcy4gVG9tYXLDqSBlbCBwbGFubyBkZWwgc2XDsW9yIFJ1YmJlci4gVmUgYSBsYSA8TkFWST5bc2FsYSBkZSBjYWxkZXJhc108SU5GTz5iYV9iYXRoLDI4Niw2OCwwLDEwMSwwPC9JTkZPPjwvTkFWST4geSBkaWxlcyBxdWUgYXBhZ3VlbiBsYSBjYWxkZXJhLiBUZSBzZWd1aXLDqSBlbiB1biBtb21lbnRvLg==
J+fOBw,,W1Jvb2tpZV0KSSdsbCB0YWtlIHRoZSBibHVlcHJpbnQgZnJvbSBNci4gUnViYmVyIGhlcmUuIEdvIHRvIHRoZSA8TkFWST5bYm9pbGVyIHJvb21dPElORk8+YmFfYmF0aCwyODYsNjgsMCwxMDEsMDwvSU5GTz48L05BVkk+IGFuZCB0ZWxsIHRoZW0gdG8gdHVybiBvZmYgdGhlIGJvaWxlci4gSSdsbCBiZSBhZnRlciB5b3UgaW4gYSBtb21lbnQu,,,,,W05vdmF0b10KVm91IHBlZ2FyIG8gcHJvamV0byBjb20gbyBTci4gQm9ycmFjaGluaGEgYXF1aS4gVsOhIGF0w6kgYSA8TkFWST5bc2FsYSBkYSBjYWxkZWlyYV08SU5GTz5iYV9iYXRoLDI4Niw2OCwwLDEwMSwwPC9JTkZPPjwvTkFWST4gZSBkaWdhIHBhcmEgcXVlIGRlc2xpZ3VlbSBhIGNhbGRlaXJhLiBFdSBqw6EgdGUgYWxjYW7Dp28u,,W1ByaW5jaXBpYW50ZV0KVG9tYXLDqSBlbCBwbGFubyBkZWwgc2XDsW9yIFJ1YmJlci4gVmUgYSBsYSA8TkFWST5bc2FsYSBkZSBjYWxkZXJhc108SU5GTz5iYV9iYXRoLDI4Niw2OCwwLDEwMSwwPC9JTkZPPjwvTkFWST4geSBkaWxlcyBxdWUgYXBhZ3VlbiBsYSBjYWxkZXJhLiBUZSBzZWd1aXLDqSBlbiB1biBtb21lbnRvLg==
KOfOBw,,W1Jvb2tpZV0KSGUgb2Z0ZW4gd2VudCBvdXQgYWxvbmUgZm9yIGEgbWlzc2lvbiBidXQgbmV2ZXIgaGFkIGJlZW4gb3V0IG9mIGNvbnRhY3QgdGhpcyBsb25nLiBUaGF0J3Mgd2h5IGV2ZXJ5b25lJ3Mgc28gd29ycmllZC4gU29tZXRoaW5nIG11c3QgaGF2ZSBoYXBwZW5lZCB0byBoaW0uIFRoaW5rIG9mIHNvbWV0aGluZywgcGxlYXNlLiBBbnl0aGluZy4=,,,,,W05vdmF0b10KRWxlIHNhw61hIG11aXRvIHNvemluaG8gcGFyYSB1bWEgbWlzc8OjbywgbWFzIG51bmNhIGZpY291IHRhbnRvIHRlbXBvIHNlbSBjb250YXRvLiDDiSBwb3IgaXNzbyBxdWUgdG9kb3MgZXN0w6NvIHByZW9jdXBhZG9zLiBBbGd1bWEgY29pc2EgZGV2ZSB0ZXIgYWNvbnRlY2lkbyBjb20gZWxlLiBQZW5zZSBlbSBhbGdvLCBwb3IgZmF2b3IuIFF1YWxxdWVyIGNvaXNhLg==,,W1ByaW5jaXBpYW50ZV0KQSB2ZWNlcyBzdWVsZSBpciBwb3Igc3UgcHJvcGlhIGN1ZW50YSBhIHVuYSBtaXNpw7NuLCBwZXJvIG51bmNhIGhhYsOtYSBlc3RhZG8gdGFudG8gdGllbXBvIHNpbiBjb250YWN0by4gUG9yIGVzbyB0b2RvIGVsIG11bmRvIGVzdMOhIHRhbiBwcmVvY3VwYWRvLiBTZWd1cm8gcXVlIGxlIHBhc8OzIGFsZ28uIFBpZW5zYSBlbiBhbGdvLCBwb3IgZmF2b3IuIEN1YWxxdWllciBjb3NhLg==
KefOBw,,W1J1YmJlcl0KSSBzdGlsbCBjYW5ub3QgdGVsbCB5b3UgYW55dGhpbmcgYW55bW9yZS4=,,,,,W0JvcnJhY2hpbmhhXQpBaW5kYSBuw6NvIHBvc3NvIHRlIGNvbnRhciBtYWlzIG5hZGEu,,W1J1YmJlcl0KVG9kYXbDrWEgbm8gcHVlZG8gZGVjaXJ0ZSBuYWRhLg==
KufOBw,,W1Jvb2tpZV0KSHVoPyBBZHZlbnR1cmVyPyBUaGUgYm9pbGVyIHNlZW1zIHRvIGJlIHR1cm5lZCBvZmYsIGJ1dCB3aGVyZSBhcmUgeW91IGdvaW5nPw==,,,,,W05vdmF0b10KSMOjPyBWaWFqYW50ZT8gQSBjYWxkZWlyYSBwYXJlY2UgZXN0YXIgZGVzbGlnYWRhLCBtYXMgYW9uZGUgdm9jw6ogZXN0w6EgaW5kbz8=,,W1ByaW5jaXBpYW50ZV0Kwr9FaD8gwr9Ucm90YW11bmRvcz8gTGEgY2FsZGVyYSBwYXJlY2UgZXN0YXIgYXBhZ2FkYSwgcGVybyDCv2Fkw7NuZGUgdmFzPw==
K+fOBw,,WW91IHRvbGQgbWUgdG8gZ28gdG8gdGhlIGxha2Uu,,,,,Vm9jw6ogbWUgZGlzc2UgcGFyYSBpciBwYXJhIG8gbGFnby4=,,TWUgZGlqaXN0ZSBxdWUgZnVlcmEgYWwgbGFnby4=
LOfOBw,,W1Jvb2tpZV0KV2hhdD8gSSB0b2xkIHlvdSB0aGF0PyAuLi5BZHZlbnR1cmVyLCBeMDAwMENEYXJlIHlvdSBzdXJlIHRoYXQgd2FzIG1lXjAwMDAwMD8=,,,,,W05vdmF0b10KTyBxdcOqPyBFdSB0ZSBkaXNzZSBpc3NvPyAuLi4gVmlhamFudGUsIF45MzcwREJ0ZW0gY2VydGV6YSBkZSBxdWUgZXJhIGV1XjAwMDAwMD8=,,W1ByaW5jaXBpYW50ZV0Kwr9RdcOpPyDCv1lvIHRlIGRpamUgZXNvPyDigKZUcm90YW11bmRvcywgXjk5MDA5OcK/ZXN0w6FzIHNlZ3VybyBkZSBxdWUgZnVpIHlvXjAwMDAwMD8=
LefOBw,,Q29tZSB0byB0aGluayBvZiBpdC4uLg==,,,,,UGVuc2FuZG8gYmVtLi4u,,QWhvcmEgcXVlIGxvIHBpZW5zb+KApg==
LufOBw,,W1Jvb2tpZV0KSXQgdGFsa2VkIHN0aWZmbHkgYW5kIGxvb2tlZCBlbWJhcnJhc3NlZC4uLiBUaGF0J3MgXjAwMDBDRGNlcnRhaW5seSBub3QgbWVeMDAwMDAwLiBUaGF0IG11c3QgYmUgdGhlIG15c3RlcmlvdXMgYmVpbmcgc2hvd2luZyB1cCBpbiB0aGlzIGJhdGhob3VzZS4KVGFraW5nIHRoZSBmb3JtIG9mIGFub3RoZXIgcGVyc29uPyBXaGF0IGEgaGVhZGFjaGUuIE5vLiBBY3R1YWxseSwgdGhhdCBjb3VsZCBiZSBhIGJsZXNzaW5nIGluIGRpc2d1aXNlLg==,,,,,W05vdmF0b10KVm9jw6ogZmFsb3UgcmlnaWRhbWVudGUgZSBwYXJlY2lhIHNlbSBncmHDp2EuLi4gQ29tIGNlcnRlemEgXjkzNzBEQm7Do28gZXJhIGV1XjAwMDAwMC4gRGV2ZSBzZXIgYSBjcmlhdHVyYSBtaXN0ZXJpb3NhIHF1ZSBlc3TDoSBhcGFyZWNlbmRvIG5lc3RhIGNhc2EgZGUgYmFuaG8uCkFzc3VtaW5kbyBhIGZvcm1hIGRlIG91dHJhIHBlc3NvYT8gUXVlIGRvciBkZSBjYWJlw6dhLiBOw6NvLiBOYSB2ZXJkYWRlLCBpc3NvIHBvZGUgc2VyIHVtYSBiw6puw6fDo28gZGlzZmFyw6dhZGEu,,W1ByaW5jaXBpYW50ZV0KSGFibGFiYSBjb24gcmlnaWRleiB5IHBhcmVjw61hIGF2ZXJnb256YWRv4oCmIERlZmluaXRpdmFtZW50ZSBeOTkwMDk5bm8gZXJhIHlvXjAwMDAwMC4gRGViZSBoYWJlciBzaWRvIGVsIHNlciBtaXN0ZXJpb3NvIHF1ZSBhcGFyZWNlIGVuIGVzdGUgYmHDsW8gcMO6YmxpY28uCsK/UXVlIHRvbWEgbGEgZm9ybWEgZGUgb3RyYSBwZXJzb25hPyBRdcOpIGRvbG9yIGRlIGNhYmV6YS4gTm8uIEVuIHJlYWxpZGFkLCBlc28gcG9kcsOtYSBzZXIgdW5hIGJlbmRpY2nDs24gZGlzZnJhemFkYS4=
L+fOBw,,W1Jvb2tpZV0KU2VlaW5nIHRoYXQgaXQgdG9sZCB5b3UgdG8gZ28gdG8gdGhlIGxha2UsIGl0IHdhbnRlZCB0byBnZXQgeW91IG91dCBvZiB0aGUgYmF0aGhvdXNlLiBUaGF0IG1lYW5zIGl0J3Mgbm90IGEgc3VwZXJuYXR1cmFsIGJlaW5nLg==,,,,,W05vdmF0b10KVmlzdG8gcXVlIHBlZGl1IHBhcmEgdm9jw6ogaXIgcGFyYSBvIGxhZ28sIGVsYSBxdWVyIHF1ZSB2b2PDqiBzYWlhIGRhIGNhc2EgZGUgYmFuaG8uIE8gcXVlIHNpZ25pZmljYSBxdWUgbsOjbyDDqSB1bSBzZXIgc3VwZXJuYXR1cmFsLg==,,W1ByaW5jaXBpYW50ZV0KVmllbmRvIHF1ZSB0ZSBkZWPDrWEgcXVlIGZ1ZXJhcyBhbCBsYWdvLCBxdWVyw61hIHNhY2FydGUgZGVsIGJhw7FvIHDDumJsaWNvLiBFbnRvbmNlcyBubyBlcyB1biBzZXIgc29icmVuYXR1cmFsLg==
MOfOBw,,W1Jvb2tpZV0KQW55d2F5LCB3ZSBzaG91bGQgd3JhcCB0aGlzIHVwIGJlZm9yZSB0aGUgc2l0dWF0aW9uIGdldHMgYW55IG1vcmUgdHJvdWJsZXNvbWUu,,,,,W05vdmF0b10KRGUgcXVhbHF1ZXIgZm9ybWEsIHRlbW9zIHF1ZSByZXNvbHZlciBpc3NvIGFudGVzIHF1ZSBhIHNpdHVhw6fDo28gZmlxdWUgYWluZGEgbWFpcyBwcm9ibGVtw6F0aWNhLg==,,W1ByaW5jaXBpYW50ZV0KQ29tbyBzZWEsIGRlYmVtb3MgcmVzb2x2ZXIgZXN0byBhbnRlcyBkZSBxdWUgbGEgc2l0dWFjacOzbiBzZSB2dWVsdmEgbcOhcyBwcm9ibGVtw6F0aWNhLg==
MefOBw,,KkJlZWVlZXAq,,,,,KkJpaWlpcGUq,,KkJpaWlpaXAq
MufOBw,,W1Jvb2tpZV0KTGV0J3MgZ28gdG8gdGhlIDxOQVZJPltsb3VuZ2VdPElORk8+YmFfYmF0aCwyMDMsNTgsMCwxMDEsMDwvSU5GTz48L05BVkk+IHRvZ2V0aGVyLg==,,,,,W05vdmF0b10KVmFtb3MgYXTDqSBvIDxOQVZJPltsb3VuZ2VdPElORk8+YmFfYmF0aCwyMDMsNTgsMCwxMDEsMDwvSU5GTz48L05BVkk+IGp1bnRvcy4=,,W1ByaW5jaXBpYW50ZV0KVmFtb3MgYWwgPE5BVkk+W3NhbMOzbl08SU5GTz5iYV9iYXRoLDIwMyw1OCwwLDEwMSwwPC9JTkZPPjwvTkFWST5qdW50b3Mu
M+fOBw,,W1J1YmJlcl0KWW91ciBjb21wYW5pb24gd2VudCB0byB0aGUgPE5BVkk+W2xvdW5nZV08SU5GTz5iYV9iYXRoLDIwMyw1OCwwLDEwMSwwPC9JTkZPPjwvTkFWST4u,,,,,W0JvcnJhY2hpbmhhXQpTZXUgY29tcGFuaGVpcm8gZm9pIHBhcmEgbyA8TkFWST5bbG91bmdlXTxJTkZPPmJhX2JhdGgsMjAzLDU4LDAsMTAxLDA8L0lORk8+PC9OQVZJPi4=,,W1J1YmJlcl0KVHUgY29tcGHDsWVybyBmdWUgYWwgPE5BVkk+W3NhbMOzbl08SU5GTz5iYV9iYXRoLDIwMyw1OCwwLDEwMSwwPC9JTkZPPjwvTkFWST4u
NOfOBw,,W1J1YmJlcl0KSG93IGlzIHRoZSBjcmVhdHVyZSBzZWFyY2ggZ29pbmc/,,,,,W0JvcnJhY2hpbmhhXQpDb21vIGVzdMOhIGEgYnVzY2EgcGVsYSBjcmlhdHVyYT8=,,W1J1YmJlcl0Kwr9Dw7NtbyB2YSBsYSBiw7pzcXVlZGEgZGUgbGEgY3JpYXR1cmE/
NefOBw,,W1J1YmJlcl0KQXJlbid0IHlvdSBvbiBhIG1pc3Npb24/,,,,,W0JvcnJhY2hpbmhhXQpWb2PDqiBuw6NvIGVzdMOhIGVtIHVtYSBtaXNzw6NvPw==,,W1J1YmJlcl0Kwr9ObyBlc3TDoXMgZW4gdW5hIG1pc2nDs24/
NufOBw,,W1J1YmJlcl0KV2UgYXJlIGNsZWFuaW5nIHRoZSBwbGFjZSByaWdodCBub3cuIFBsZWFzZSBjb21lIGJhY2sgYWZ0ZXIgd2UgZmluaXNoIGNsZWFuaW5nLg==,,,,,W0JvcnJhY2hpbmhhXQpFc3RhbW9zIGxpbXBhbmRvIG8gbHVnYXIgbm8gbW9tZW50by4gUG9yIGZhdm9yLCB2b2x0ZSBkZXBvaXMgcXVlIHRlcm1pbmFybW9zLg==,,W1J1YmJlcl0KRXN0YW1vcyBsaW1waWFuZG8gZWwgbHVnYXIgZW4gZXN0ZSBtb21lbnRvLiBWdWVsdmUgbHVlZ28gZGUgcXVlIGhheWFtb3MgdGVybWluYWRvIGRlIGxpbXBpYXIu
N+fOBw,,W1J1YmJlcl0KWW91IGhhdmUgd29ya2VkIGhhcmQgY2xlYW5pbmcgdGhlIHBsYWNlLiBMZXQgbWUgZ2l2ZSB5b3UgYSBiYXRoIHNhbHQgZWZmZWN0Lg==,,,,,W0JvcnJhY2hpbmhhXQpWb2PDqiB0cmFiYWxob3UgZHVybyBsaW1wYW5kbyBvIGx1Z2FyLiBEZWl4ZS1tZSB0ZSBkYXIgbyBlZmVpdG8gZGUgc2FsIGRlIGJhbmhvLg==,,W1J1YmJlcl0KVHJhYmFqYXN0ZSBkdXJvIGxpbXBpYW5kbyBlbCBsdWdhci4gRMOpamFtZSBkYXJ0ZSB1biBlZmVjdG8gZGUgc2FsZXMgZGUgYmHDsW8u
OOfOBw,,W1J1YmJlcl0KWW91IGhhdmUgd29ya2VkIGhhcmQgY2xlYW5pbmcgdGhlIHBsYWNlLiBJJ2QgbGlrZSB0byBnaXZlIHlvdSBhIGJhdGggc2FsdCBlZmZlY3QsIGJ1dCB0aGUgcHJldmlvdXMgYmF0aCBzYWx0IGhhcyBub3Qgd29ybiBvZmYgeWV0LiBXaGF0IHNob3VsZCBJIGRvPw==,,,,,W0JvcnJhY2hpbmhhXQpWb2PDqiB0cmFiYWxob3UgZHVybyBsaW1wYW5kbyBvIGx1Z2FyLiBHb3N0YXJpYSBkZSBkYXIgYSB2b2PDqiB1bSBlZmVpdG8gZGUgc2FsIGRlIGJhbmhvLCBtYXMgbyBhbnRlcmlvciBhaW5kYSBuw6NvIGFjYWJvdS4gTyBxdWUgZXUgZGV2byBmYXplcj8=,,W1J1YmJlcl0KVHJhYmFqYXN0ZSBkdXJvIGxpbXBpYW5kbyBlbCBsdWdhci4gTWUgZ3VzdGFyw61hIGRhcnRlIHVuIGVmZWN0byBkZSBzYWxlcyBkZSBiYcOxbywgcGVybyBsYSBzYWwgZGUgYmHDsW8gYW50ZXJpb3IgYcO6biBubyBzZSBoYSBnYXN0YWRvLiDCv1F1w6kgZGVibyBoYWNlcj8=
OefOBw,,SSdsbCBjb21lIGJhY2sgaW4gYSBtb21lbnQu,,,,,Vm9sdGFyZWkgZGFxdWkgYSBwb3Vjby4=,,Vm9sdmVyw6kgZW4gdW4gbW9tZW50by4=
OufOBw,,R2l2ZSBtZSB0aGUgZWZmZWN0LCBhbnl3YXku,,,,,TWUgZMOqIG8gZWZlaXRvIGFzc2ltIG1lc21vLg==,,RGUgdG9kYXMgZm9ybWFzLCBkYW1lIGVsIGVmZWN0by4=
O+fOBw,,W1J1YmJlcl0KQWxyaWdodC4gUGxlYXNlIG5vdGUgdGhhdCB0aGUgYmF0aCBzYWx0J3MgZWZmZWN0IGRvZXMgbm90IHBlcnNpc3QgbG9uZy4=,,,,,W0JvcnJhY2hpbmhhXQpDZXJ0by4gUG9yIGZhdm9yLCBzYWliYSBxdWUgbyBlZmVpdG8gZGUgc2FsIGRlIGJhbmhvIG7Do28gZHVyYSBtdWl0by4=,,W1J1YmJlcl0KTXV5IGJpZW4uIFRlbiBlbiBjdWVudGEgcXVlIGVsIGVmZWN0byBkZSBsYXMgc2FsZXMgZGUgYmHDsW8gbm8gcGVyc2lzdGUgbXVjaG8gdGllbXBvLg==
POfOBw,,W1J1YmJlcl0KQWxyaWdodC4gUGxlYXNlIGNvbWUgYWdhaW4gYWZ0ZXIgdGhlIGNsZWFuaW5nLg==,,,,,W0JvcnJhY2hpbmhhXQpDZXJ0by4gUG9yIGZhdm9yLCB2b2x0ZSBkZSBub3ZvIGRlcG9pcyBkYSBsaW1wZXphLg==,,W1J1YmJlcl0KTXV5IGJpZW4uIFZ1ZWx2ZSBkZXNwdcOpcyBkZSBsYSBsaW1waWV6YS4=
PefOBw,,W1J1YmJlcl0KWW91IGhhdmUgd29ya2VkIGhhcmQgY2xlYW5pbmcgdGhlIGJhdGguIExldCBtZSBnaXZlIHlvdSBhIGJhdGggc2FsdCBlZmZlY3Qu,,,,,W0JvcnJhY2hpbmhhXQpWb2PDqiB0cmFiYWxob3UgZHVybyBsaW1wYW5kbyBvIGx1Z2FyLiBFc3TDoSBtdWl0byBsaW1wbyBhZ29yYSBncmHDp2FzIGEgdm9jw6ouIERlaXhlLW1lIHRlIGRhciBvIGVmZWl0byBkZSBzYWwgZGUgYmFuaG8u,,W1J1YmJlcl0KVHJhYmFqYXN0ZSBkdXJvIGxpbXBpYW5kbyBlbCBiYcOxby4gRMOpamFtZSBkYXJ0ZSB1biBlZmVjdG8gZGUgc2FsZXMgZGUgYmHDsW8u
PufOBw,,W1J1YmJlcl0KWW91IGhhdmUgd29ya2VkIGhhcmQgY2xlYW5pbmcgdGhlIGJhdGguIEknZCBsaWtlIHRvIGdpdmUgeW91IGEgYmF0aCBzYWx0IGVmZmVjdCwgYnV0IHRoZSBwcmV2aW91cyBiYXRoIHNhbHQgaGFzIG5vdCB3b3JuIG9mZiB5ZXQuIFdoYXQgc2hvdWxkIEkgZG8/,,,,,W0JvcnJhY2hpbmhhXQpWb2PDqiB0cmFiYWxob3UgZHVybyBsaW1wYW5kbyBvIGx1Z2FyLiBFc3TDoSBtdWl0byBsaW1wbyBhZ29yYSBncmHDp2FzIGEgdm9jw6ouIEdvc3RhcmlhIGRlIGRhciBhIHZvY8OqIHVtIGVmZWl0byBkZSBzYWwgZGUgYmFuaG8sIG1hcyBvIGFudGVyaW9yIGFpbmRhIG7Do28gYWNhYm91LiBPIHF1ZSBldSBkZXZvIGZhemVyPw==,,W1J1YmJlcl0KVHJhYmFqYXN0ZSBkdXJvIGxpbXBpYW5kbyBlbCBiYcOxby4gTWUgZ3VzdGFyw61hIGRhcnRlIHVuIGVmZWN0byBkZSBzYWxlcyBkZSBiYcOxbywgcGVybyBsYSBzYWwgZGUgYmHDsW8gYW50ZXJpb3IgYcO6biBubyBzZSBoYSBnYXN0YWRvLiDCv1F1w6kgZGVibyBoYWNlcj8=
P+fOBw,,W1J1YmJlcl0KWW91IGhhdmUgd29ya2VkIGhhcmQgY2xlYW5pbmcgdGhlIGJhdGguIEl0J3MgdmVyeSBjbGVhbiBub3csIHRoYW5rcyB0byB5b3UuIExldCBtZSBnaXZlIHlvdSBhIGJhdGggc2FsdCBlZmZlY3Qu,,,,,W0JvcnJhY2hpbmhhXQpEZXNjdWxwZSwgbWFzIG7Do28gcG9zc28gdGUgZGFyIG8gZWZlaXRvIGRlIHNhbCBkZSBiYW5obyBhZ29yYS4gUG9yIGZhdm9yLCB2b2x0ZSBkZXBvaXMgcXVlIGFjYWJhciBhIGxpbXBlemEuIFZvY8OqIHRlbSBtYWlzIGFsZ3VtYSBjb2lzYSBwYXJhIG1lIGRpemVyIHNvYnJlIGEgY2FzYSBkZSBiYW5obz8=,,W1J1YmJlcl0KVHJhYmFqYXN0ZSBkdXJvIGxpbXBpYW5kbyBlbCBiYcOxby4gQWhvcmEgZXN0w6EgbXV5IGxpbXBpbywgZ3JhY2lhcyBhIHRpLiBEw6lqYW1lIGRhcnRlIHVuIGVmZWN0byBkZSBzYWxlcyBkZSBiYcOxby4=
QOfOBw,,W1J1YmJlcl0KWW91IGhhdmUgd29ya2VkIGhhcmQgY2xlYW5pbmcgdGhlIGJhdGguIEl0J3MgdmVyeSBjbGVhbiBub3csIHRoYW5rcyB0byB5b3UuIEknZCBsaWtlIHRvIGdpdmUgeW91IGEgYmF0aCBzYWx0IGVmZmVjdCwgYnV0IHRoZSBwcmV2aW91cyBiYXRoIHNhbHQgaGFzIG5vdCB3b3JuIG9mZiB5ZXQuIFdoYXQgc2hvdWxkIEkgZG8/,,,,,W0JvcnJhY2hpbmhhXQpFc3TDoSB0dWRvIHNhdGlzZmF0w7NyaW8gbmEgY2FzYSBkZSBiYW5obz8=,,W1J1YmJlcl0KVHJhYmFqYXN0ZSBkdXJvIGxpbXBpYW5kbyBlbCBiYcOxby4gQWhvcmEgZXN0w6EgbXV5IGxpbXBpbywgZ3JhY2lhcyBhIHRpLiBNZSBndXN0YXLDrWEgZGFydGUgdW4gZWZlY3RvIGRlIHNhbGVzIGRlIGJhw7FvLCBwZXJvIGxhIHNhbCBkZSBiYcOxbyBhbnRlcmlvciBhw7puIG5vIHNlIGhhIGdhc3RhZG8uIMK/UXXDqSBkZWJvIGhhY2VyPw==
QefOBw,,W1J1YmJlcl0KSSdtIHNvcnJ5LCBidXQgSSBjYW4ndCBnaXZlIHlvdSBhIGJhdGggc2FsdCBlZmZlY3QgcmlnaHQgbm93LiBQbGVhc2UgY29tZSBiYWNrIGFmdGVyIHRoZSBjbGVhbmluZyBpcyBkb25lLiBEbyB5b3UgaGF2ZSBhbnl0aGluZyBlbHNlIHRvIHRlbGwgbWUgcmVnYXJkaW5nIHRoZSBiYXRoaG91c2U/,,,,,W0JvcnJhY2hpbmhhXQpBIGNhc2EgZGUgYmFuaG8gZGEgTWFuc8OjbyBWYXJtdW50IMOpIGZhbW9zYSBow6EgbXVpdG8gdGVtcG8uIE8gTWVzdHJlIFZhcm11bnQgYWNoYXZhIG8gZGVzY2Fuc28gYXDDs3MgdW0gbG9uZ28gZGlhIGRlIHRyYWJhbGhvIG11aXRvIGltcG9ydGFudGUu,,W1J1YmJlcl0KTG8gc2llbnRvLCBwZXJvIG5vIHB1ZWRvIGRhcnRlIHVuIGVmZWN0byBkZSBzYWxlcyBkZSBiYcOxbyBhaG9yYSBtaXNtby4gVnVlbHZlIGx1ZWdvIGRlIHF1ZSBoYXlhIHRlcm1pbmFkbyBsYSBsaW1waWV6YS4gwr9UaWVuZXMgYWxnbyBtw6FzIHF1ZSBkZWNpcm1lIHNvYnJlIGVsIGJhw7FvIHDDumJsaWNvPw==
QufOBw,,W1J1YmJlcl0KSXMgZXZlcnl0aGluZyBhYm91dCB0aGUgYmF0aGhvdXNlIHNhdGlzZmFjdG9yeT8=,,,,,W0JvcnJhY2hpbmhhXQpFbGUgZ29zdGF2YSBkZSB0b21hciBiYW5obyBwb3JxdWUgYWxpdmlhdmEgYSBmYWRpZ2EsIGRhdmEgZW5lcmdpYSBwYXJhIG8gZGlhIHNlZ3VpbnRlLCBhanVkYXZhLW8gYSBvcmdhbml6YXIgb3MgcGVuc2FtZW50b3MgZSBlcmEgYm9tIHBhcmEgYSBjaXJjdWxhw6fDo28gc2FuZ3XDrW5lYSBlIHBhcmEgYSBoaWRyYXRhw6fDo28gZGEgcGVsZS4=,,W1J1YmJlcl0Kwr9UZSBwYXJlY2UgdG9kbyBiaWVuIGNvbiBlbCBiYcOxbz8=
Q+fOBw,,W1J1YmJlcl0KQmFybXVuZCBNYW5zaW9uJ3MgYmF0aGhvdXNlIGhhcyBiZWVuIHZlcnkgZmFtb3VzIGZvciBhIGxvbmcgdGltZS4gTWFzdGVyIEJhcm11bmQgc2F3IHRoZSByZXN0IGFmdGVyIGEgbG9uZyBkYXkncyB3b3JrIGFzIHZlcnkgaW1wb3J0YW50Lg==,,,,,W0JvcnJhY2hpbmhhXQpFbGUgdGluaGEgaW50ZXJlc3NlIGVtIGNvbW8gYXMgcGVzc29hcyBhbyByZWRvciBkbyBtdW5kbyB0b21hdmFtIGJhbmhvIGUgYW1wbGlhdmEgYSBjYXNhIGRlIGJhbmhvIHNlbXByZSBxdWUgYWxndW1hIGRlbGFzIG8gaW50cmlnYXZhIG8gc3VmaWNpZW50ZS4gQ29tbyByZXN1bHRhZG8sIG11aXRvcyBow7NzcGVkZXMgZGEgbWFuc8OjbyB1c2FyYW0gYSBjYXNhIGRlIGJhbmhvIGUgZWxvZ2lhcmFtIHN1YXMgaW5zdGFsYcOnw7Vlcy4=,,W1J1YmJlcl0KRWwgYmHDsW8gcMO6YmxpY28gZGUgbGEgbWFuc2nDs24gVmFybXVuZHQgZXMgZmFtb3PDrXNpbW8gZGVzZGUgaGFjZSBtdWNobyB0aWVtcG8uIEVsIG1hZXN0cm8gVmFybXVuZHQgY29uc2lkZXJhYmEgbXV5IGltcG9ydGFudGUgZWwgZGVzY2Fuc28gdHJhcyB1bmEgbGFyZ2Egam9ybmFkYSBkZSB0cmFiYWpvLg==
ROfOBw,,W1J1YmJlcl0KSGUgbGlrZWQgYmF0aGluZyBiZWNhdXNlIGl0IHJlbGlldmVkIGZhdGlndWUsIGdvdCBoaW0gdGhlIGVuZXJneSBmb3IgdG9tb3Jyb3csIGhlbHBlZCBoaW0gZ2F0aGVyIGhpcyB0aG91Z2h0cywgYW5kIHdhcyBnb29kIGZvciBibG9vZCBjaXJjdWxhdGlvbiBhbmQgc2tpbiBtb2lzdHVyaXphdGlvbi4=,,,,,W0JvcnJhY2hpbmhhXQpOYXR1cmFsbWVudGUsIGEgY2FzYSBkZSBiYW5obyBmaWNvdSBtdWl0byBmYW1vc2EuIEVzcGVybyBxdWUgY29uc2lnYW0gZGVzY2Fuc2FyIG5lc3NhIGhpc3TDs3JpY2EgY2FzYSBkZSBiYW5oby4=,,W1J1YmJlcl0KTGUgZ3VzdGFiYSBiYcOxYXJzZSBwb3JxdWUgbGUgYWxpdmlhYmEgZWwgY2Fuc2FuY2lvLCBsZSBkYWJhIGVuZXJnw61hIHBhcmEgZWwgZMOtYSBzaWd1aWVudGUsIGxlIGF5dWRhYmEgYSBvcmRlbmFyIHN1cyBwZW5zYW1pZW50b3MgeSBlcmEgYnVlbm8gcGFyYSBsYSBjaXJjdWxhY2nDs24geSBsYSBoaWRyYXRhY2nDs24gZGUgbGEgcGllbC4=
RefOBw,,W1J1YmJlcl0KSGUgd2FzIGludGVyZXN0ZWQgaW4gaG93IHBlb3BsZSBhcm91bmQgdGhlIHdvcmxkIGJhdGgsIGFuZCBoZSBleHRlbmRlZCB0aGUgYmF0aGhvdXNlIHdoZW5ldmVyIG9uZSBvZiB0aGVtIGludHJpZ3VlZCBoaW0gZW5vdWdoLiBBcyBhIHJlc3VsdCwgbWFueSBndWVzdHMgYXQgdGhlIG1hbnNpb24gdXNlZCB0aGUgYmF0aGhvdXNlIGFuZCBwcmFpc2VkIGl0cyBmYWNpbGl0aWVzLg==,,,,,W0NhbGRlaXJhXQpFaSwgaMOzc3BlZGVzIGh1bWFub3MgbsOjbyBwb2RlbSB2aXIgYXF1aS4gUGVsbyBxdWUgdmksIGVsZXMgbsOjbyBzw6NvIG11aXRvIGR1csOhdmVpcy4=,,W1J1YmJlcl0KTGUgaW50ZXJlc2FiYSBjw7NtbyBzZSBiYcOxYWJhIGxhIGdlbnRlIGRlIHRvZG8gZWwgbXVuZG8sIHkgbG8gYW1wbGlhYmEgY2FkYSB2ZXogcXVlIHVubyBkZSBlbGxvcyBsZSBpbnRyaWdhYmEgbG8gc3VmaWNpZW50ZS4gQ29tbyByZXN1bHRhZG8sIG11Y2hvcyBodcOpc3BlZGVzIGRlIGxhIG1hbnNpw7NuIHVzYXJvbiBlbCBiYcOxbyBww7pibGljbyB5IGVsb2dpYXJvbiBzdXMgaW5zdGFsYWNpb25lcy4=
RufOBw,,W1J1YmJlcl0KTmF0dXJhbGx5LCB0aGUgYmF0aGhvdXNlIGdvdCB2ZXJ5IGZhbW91cy4gSSBob3BlIHlvdSBjYW4gcmVsaWV2ZSBhbGwgeW91ciBmYXRpZ3VlIGluIHRoaXMgaGlzdG9yaWMgYmF0aGhvdXNlLg==,,,,,VGVuaG8gYWxnbyBhIHRyYXRhciBjb20gdm9jw6ou,,W1J1YmJlcl0KT2J2aWFtZW50ZSwgZWwgYmHDsW8gcMO6YmxpY28gc2UgaGl6byBtdXkgZmFtb3NvLiBFc3Blcm8gcXVlIHB1ZWRhcyBkZXNjYW5zYXIgYmllbiBlbiBlc3RlIGhpc3TDs3JpY28gYmHDsW8gcMO6YmxpY28u
R+fOBw,,W0JvaWxlcl0KSGV5LCBodW1hbiBndWVzdHMgc2hvdWxkbid0IGNvbWUgaW4gaGVyZS4gRnJvbSB3aGF0IEkndmUgc2VlbiwgdGhleSdyZSBub3QgdmVyeSBkdXJhYmxlLg==,,,,,W0NhbGRlaXJhXQpCZW0uLi4gQ2VydG8uIEN1aWRhZG8gY29tIG9zIGNhbm9zLiBIdW1hbm9zIHRlbmRlbSBhIGRlcnJldGVyIGFvIHRvY8OhLWxvcy4KRW50w6NvLCBvIHF1ZSB2b2PDqiB0ZW0gcGFyYSB0cmF0YXIgY29taWdvPyBOw6NvIHRlbmhvIG11aXRvIHRlbXBvLg==,,W0JvaWxlcl0KT3llLCBsb3MgaHXDqXNwZWRlcyBodW1hbm9zIG5vIGRlYmVyw61hbiBlbnRyYXIgYXF1w60uIFBvciBsbyBxdWUgdmksIG5vIHNvbiBtdXkgcmVzaXN0ZW50ZXMu
SOfOBw,,SSBoYXZlIGJ1c2luZXNzIHdpdGggeW91Lg==,,,,,UG9yIGZhdm9yLCBkZXNsaWd1ZSBhIGNhbGRlaXJhLg==,,VGVuZ28gYWxnbyBwZW5kaWVudGUgY29udGlnby4=
SefOBw,,W0JvaWxlcl0KV2VsbC4uLiBBbHJpZ2h0LiBCZSBjYXJlZnVsIG9mIHRoZSBwaXBlcy4gSHVtYW5zIHRlbmQgdG8gbWVsdCB3aGVuIHRoZXkgdG91Y2ggdGhlbS4KU28sIHdoYXQgYnVzaW5lc3MgZG8geW91IGhhdmUgd2l0aCBtZT8gSSBjYW4ndCBzcGFyZSBtdWNoIHRpbWUu,,,,,W0NhbGRlaXJhXQpBIGNhbGRlaXJhPyBNYXMgZWxhIF45MzcwREJqw6EgZXN0w6EgZGVzbGlnYWRhXjAwMDAwMC4gTyB2YXBvciBjb250aW51YSBzYWluZG8/IFF1ZSBlc3RyYW5oby4gQSBjYWxkZWlyYSBuw6NvIGVzdMOhIGZhemVuZG8gbmFkYS4gVml1PyBFdSBlc3RhdmEgdmVyaWZpY2FuZG8gZGVzZGUgcXVlIGEgZGVzbGlndWVpIHBvciB1bSBzZWd1bmRvLgpUYWx2ZXogcGVsYSDDoWd1YSBhaW5kYSBlc3RhciBxdWVudGU/IERlIHF1YWxxdWVyIG1hbmVpcmEsIGEgY2FsZGVpcmEgZXN0w6EgZGVzbGlnYWRhLg==,,W0JvaWxlcl0KQnVlbm/igKYgTXV5IGJpZW4uIEN1aWRhZG8gY29uIGxhcyB0dWJlcsOtYXMuIExvcyBodW1hbm9zIHRpZW5kZW4gYSBkZXJyZXRpcnNlIGN1YW5kbyBsYXMgdG9jYW4uCkVudG9uY2VzLCDCv3F1w6kgdGVtYSBwZW5kaWVudGUgdGllbmVzIGNvbm1pZ28/IE5vIGRpc3BvbmdvIGRlIG11Y2hvIHRpZW1wby4=
SufOBw,,UGxlYXNlIHR1cm4gb2ZmIHRoZSBib2lsZXIu,,,,,W0NhbGRlaXJhXQpBY2hvIHF1ZSB2YWkgY2FiZXIgYXF1aS4gTW1obW0uIE7Do28gw6kgcGVyZmVpdG8sIG1hcyB2YWkgc2VydmlyLg==,,UG9yIGZhdm9yLCBhcGFnYSBsYSBjYWxkZXJhLg==
S+fOBw,,W0JvaWxlcl0KVGhlIGJvaWxlcj8gQnV0IGl0J3MgXjAwMDBDRGFscmVhZHkgdHVybmVkIG9mZl4wMDAwMDAuIFN0ZWFtIGtlZXBzIGNvbWluZz8gVGhhdCdzIHdlaXJkLiBUaGUgYm9pbGVyJ3Mgbm90IGRvaW5nIGFueXRoaW5nLiBTZWU/IEkgd2FzIGNoZWNraW5nIGl0IHNpbmNlIEkgdHVybmVkIGl0IG9mZiBmb3IgYSBzZWNvbmQuCk1heWJlIGJlY2F1c2UgdGhlIHdhdGVyJ3Mgc3RpbGwgaG90PyBBbnl3YXksIHRoZSBib2lsZXIncyB0dXJuZWQgb2ZmLg==,,,,,W0NhbGRlaXJhXQpWb2PDqiB2aXUgbXVpdG9zIGRlc3NlcyB2aW5kbyBwYXJhIGPDoT8=,,W0JvaWxlcl0Kwr9MYSBjYWxkZXJhPyBQZXJvIHNpIF45OTAwOTl5YSBlc3TDoSBhcGFnYWRhXjAwMDAwMC4gwr9TaWd1ZSBzYWxpZW5kbyB2YXBvcj8gwqFRdcOpIHJhcm8hIExhIGNhbGRlcmEgbm8gaGFjZSBuYWRhLiDCv1Zlcz8gTGEgZXN0YWJhIGNvbXByb2JhbmRvIGRlc2RlIHF1ZSBsYSBhcGFndcOpIHBvciB1biBtb21lbnRvLgrCv1F1aXrDoXMgcG9ycXVlIGVsIGFndWEgYcO6biBlc3TDoSBjYWxpZW50ZT8gRGUgdG9kb3MgbW9kb3MsIGxhIGNhbGRlcmEgZXN0w6EgYXBhZ2FkYS4=
TOfOBw,,W0JvaWxlcl0KSSB0aGluayBpdCdsbCBmaXQgaGVyZS4gTW1obW0uIEl0J3Mgbm90IHBlcmZlY3QsIGJ1dCBpdCdsbCBiZSBmaW5lLg==,,,,,TsOjbywgbmVuaHVtLg==,,W0JvaWxlcl0KQ3JlbyBxdWUgZW5jYWphcsOhIGFxdcOtLiBNbW1tLiBObyBlcyBwZXJmZWN0bywgcGVybyBzZXLDoSBzdWZpY2llbnRlLg==
TefOBw,,W0JvaWxlcl0KRGlkIHlvdSBzZWUgbWFueSBvZiB0aGVzZSBvbiB5b3VyIHdheSBoZXJlPw==,,,,,W0NhbGRlaXJhXQpNbW0uLi4gRXUgZW5jb250cmVpIGlzc28gdmluZG8gcGFyYSBjw6EsIGUgcGFyZWNlIHNlciB1bWEgcGFydGUgZGUgcm9iw7QuIFRlbSB2w6FyaWFzIG5vIGxhZG8gZGUgZm9yYSwgZW50w6NvIHByZXN1bWkgcXVlIGVzdGF2YW0gcG9yIHRvZGEgcGFydGUuIFBvc3NvIHVzw6EtbGFzIHBhcmEgY29uc2VydGFyIGNvaXNhcy4gQWgsIGJlbS4=,,W0JvaWxlcl0Kwr9IYXMgdmlzdG8gbXVjaGFzIGRlIGVzdGFzIGVuIHR1IGNhbWlubyBoYWNpYSBhcXXDrT8=
TufOBw,,Tm8sIG5vdCBvbmNlLg==,,,,,W0NhbGRlaXJhXQpFdSBsaW1wbyBlIGxpbXBvLCBtYXMgcm9iw7RzIHF1ZWJyYWRvcyBjb250aW51YW0gdmluZG8uIEV1IGNvbnNlcnRvLCBvcyBqb2dvIHBhcmEgZm9yYSwgbWFzIGVsZXMgY29udGludWFtIHZpbmRvLiBQb3IgcXXDqj8gRWxlcyBlc3TDo28gdGVuZG8gdW0gZXJybyBkZSBhdW1lbnRvIGF1dG9tw6F0aWNvIG91IGFsZ28gYXNzaW0/CkJhaC4gVmFycmVkb3IgbmVtIGxpbXBhIGRpcmVpdG8uIEJvbSwgZXUgcHJlY2lzYXZhIGRpc3NvIGRlIHF1YWxxdWVyIG1hbmVpcmEsIGVudMOjbyBhY2hvIHF1ZSB0ZW5obyBxdWUgYWdyYWRlY2VyLg==,,Tm8sIG5pIHVuYSB2ZXou
T+fOBw,,W0JvaWxlcl0KTW1tLi4uIEkgcGlja2VkIGl0IHVwIG9uIG15IHdheSBoZXJlLCBhbmQgaXQgbG9va3MgbGlrZSBhIHJvYm90IHBhcnQuIFRoZXJlIGFyZSBsb3RzIG9mIHRoZXNlIG9uIHRoZSBvdXRzaWRlLCBzbyBJIGFzc3VtZWQgdGhleSB3ZXJlIGV2ZXJ5d2hlcmUuIEkgY291bGQgdXNlIHRoZXNlIHRvIHJlcGFpciB0aGluZ3MuIE9oLCB3ZWxsLg==,,,,,RXUgbGltcG8gY29tIGZyZXF1w6puY2lhLCBtYXMgdGVtIG11aXRvcy4=,,W0JvaWxlcl0KTW1t4oCmIExhIHJlY29nw60gZGUgY2FtaW5vLCB5IHBhcmVjZSB1bmEgcGllemEgZGUgcm9ib3QuIEhheSBtdWNoYXMgZW4gZWwgZXh0ZXJpb3IsIGFzw60gcXVlIHN1cHVzZSBxdWUgZXN0YWJhbiBwb3IgdG9kYXMgcGFydGVzLiBQb2Ryw61hIHVzYXJsYXMgcGFyYSByZXBhcmFyIGNvc2FzLiBBaCwgYnVlbm8u
UOfOBw,,W0JvaWxlcl0KSSBjbGVhbiBhbmQgY2xlYW4gYWdhaW4sIGJ1dCBicm9rZW4gcm9ib3RzIGtlZXAgY29taW5nLiBJIHJlcGFpciwgSSB0aHJvdyB0aGVtIG91dCwgYnV0IHRoZXkganVzdCBrZWVwIGNvbWluZy4gV2h5PyBBcmUgdGhleSBoYXZpbmcgYW4gYXV0by1hdWdtZW50YXRpb24gZXJyb3Igb3Igc29tZXRoaW5nPwpCYWguIFN3ZWVwZXIgZG9lc24ndCBldmVuIGNsZWFuIHByb3Blcmx5LiBXZWxsLCBJIG5lZWRlZCBpdCBhbnl3YXksIHNvIEkgZ3Vlc3MgSSBoYXZlIHRvIHRoYW5rIGhpbS4=,,,,,W0NhbGRlaXJhXQouLi4gVm9jw6ogYWluZGEgZXN0w6EgYXF1aT8gQSBjYWxkZWlyYSBlc3TDoSBkZXNsaWdhZGEuIE7Do28gw6kgcG9yIGlzc28gcXVlIHZvY8OqIHZlaW8gYXF1aT8=,,W0JvaWxlcl0KTGltcGlvIHkgdnVlbHZvIGEgbGltcGlhciwgcGVybyBzaWd1ZW4gYXBhcmVjaWVuZG8gcm9ib3RzIGF2ZXJpYWRvcy4gTG9zIHJlcGFyb+KApiwgbG9zIHRpcm/igKYsIHBlcm8gc2lndWVuIGxsZWdhbmRvLiDCv1BvciBxdcOpPyDCv1RpZW5lbiB1biBlcnJvciBkZSByZWZvcnphbWllbnRvIGF1dG9tw6F0aWNvIG8gYWxnbyBhc8OtPwpCYWguIFN3ZWVwZXIgbmkgc2lxdWllcmEgbGltcGlhIGJpZW4uIEJ1ZW5vLCBsbyBuZWNlc2l0YWJhIGRlIHRvZG9zIG1vZG9zLCBhc8OtIHF1ZSBzdXBvbmdvIHF1ZSB0ZW5nbyBxdWUgYWdyYWRlY8OpcnNlbG8u
UefOBw,,SSBjbGVhbiBvZnRlbiwgYnV0IHRoZXJlIGFyZSB0b28gbWFueSBvZiB0aGVtLg==,,,,,VGFsdmV6IHNlamEgdW0gcm9iw7Q/,,TGltcGlvIGEgbWVudWRvLCBwZXJvIHNvbiBkZW1hc2lhZG9zLg==
UufOBw,,W0JvaWxlcl0KLi4uQXJlIHlvdSBzdGlsbCBoZXJlPyBUaGUgYm9pbGVyJ3Mgb2ZmLiBJc24ndCB0aGF0IHdoeSB5b3UgY2FtZSBoZXJlPw==,,,,,W0NhbGRlaXJhXQpPIHF1ZSDDqSB1bSByb2LDtD8gQSBjcmlhdHVyYSBhbm9ybWFsPw==,,W0JvaWxlcl0K4oCmwr9TaWd1ZXMgYXF1w60/IExhIGNhbGRlcmEgZXN0w6EgYXBhZ2FkYS4gwr9ObyBlcyBwb3IgZXNvIHF1ZSB2aW5pc3RlPw==
U+fOBw,,TWF5YmUgaXQncyBhIHJvYm90Pw==,,,,,W1ZhcnJlZG9yXQpOZWdhdGl2by4gU2UgZm9zc2UsIG7Ds3MgdGVyw61hbW9zIHNlbnRpZG8u,,wr9UYWwgdmV6IHNlYSB1biByb2JvdD8=
VOfOBw,,W0JvaWxlcl0KV2hhdCdzIGEgcm9ib3Q/IFRoZSBhYm5vcm1hbCBjcmVhdHVyZT8=,,,,,W0NhbGRlaXJhXQpPIHBlc3NvYWwgcG9yIGHDrSBlc3TDoSBhc3NpbSBwb3IgY2F1c2EgZG9zIGludHJ1c29zLiBOw6NvIMOpIGNvbW8gc2UgZWxlcyBxdWlzZXNzZW0gaXNzby4=,,W0JvaWxlcl0Kwr9RdcOpIGVzIHVuIHJvYm90PyDCv0xhIGNyaWF0dXJhIGFub3JtYWw/
VefOBw,,W1N3ZWVwZXJdCk5lZ2F0aXZlLiBJZiBpdCB3YXMsIHdlIHNob3VsZCBoYXZlIHNlbnNlZCBpdC4=,,,,,TyBpbnRydXNvIG1hbHVjbyBkZXN0cnVpdSBncmFuZGUgcGFydGUgZGEgw6FyZWEsIGUgYWxndW5zIGRlIG7Ds3MgZm9yYW0gZGVzdHJ1w61kb3MgdGFtYsOpbS4gTWFzIGVzdGFtb3MgdGVudGFuZG8gcmVzdGF1cmFyIHR1ZG8u,,W1N3ZWVwZXJdCk5lZ2F0aXZvLiBTaSBsbyBmdWVyYSwgZGViZXLDrWFtb3MgaGFiZXJsbyBwZXJjaWJpZG8u
VufOBw,,W0JvaWxlcl0KVGhlIGd1eXMgb3V0IHRoZXJlIGFyZSBsaWtlIHRoYXQgYmVjYXVzZSBvZiB0aGUgaW50cnVkZXJzLiBJdCdzIG5vdCBsaWtlIHRoZXkgd2FudCB0aGF0Lg==,,,,,RW50w6NvLCBvIHF1ZSB2b2PDqiBhY2hhIHF1ZSBhIGNyaWF0dXJhIMOpPw==,,W0JvaWxlcl0KRXNvcyB0aXBvcyBhaMOtIGVzdMOhbiBhc8OtIHBvciBjdWxwYSBkZSBsb3MgaW50cnVzb3MuIE5vIGVzIHF1ZSBxdWllcmFuIGVzby4=
V+fOBw,,VGhhdCBjcmF6eSBpbnRydWRlciBkZXN0cm95ZWQgYSBsb3Qgb2YgdGhlIGFyZWEsIGFuZCBzb21lIG9mIHVzIGdvdCBkZXN0cm95ZWQgdG9vLiBXZSdyZSB0cnlpbmcgdG8gcmVzdG9yZSBldmVyeXRoaW5nLCB0aG91Z2gu,,,,,W0NhbGRlaXJhXQpUYWx2ZXogc2VqYSB1bWEgXjkzNzBEQmFsbWEgcGVuYWRhIGFzc29tYnJhbmRvIGVzc2EgY2FsZGVpcmFeMDAwMDAwLg==,,RXNlIGxvY28gaW50cnVzbyBkZXN0cnV5w7MgZ3JhbiBwYXJ0ZSBkZWwgbHVnYXIsIHkgYSBhbGd1bm9zIGRlIG5vc290cm9zIHRhbWJpw6luLiBTaW4gZW1iYXJnbywgZXN0YW1vcyB0cmF0YW5kbyBkZSByZXN0YXVyYXIgdG9kby4=
WOfOBw,,VGhlbiwgd2hhdCBkbyB5b3UgdGhpbmsgdGhlIGFibm9ybWFsIGNyZWF0dXJlIGlzPw==,,,,,W1ZhcnJlZG9yXQpObyBxdWUgdm9jw6ogZXN0w6EgcGVuc2FuZG8/,,RW50b25jZXMsIMK/cXXDqSBjcmVlcyBxdWUgZXMgbGEgY3JpYXR1cmEgYW5vcm1hbD8=
WefOBw,,W0JvaWxlcl0KTWF5YmUgaXQncyBhIF4wMDAwQ0R3cmFpdGggaGF1bnRpbmcgdGhpcyBib2lsZXJeMDAwMDAwLg==,,,,,W0NhbGRlaXJhXQpOdW1hIGFsbWEgcGVuYWRhLiBWb2PDqiBuw6NvIHNhYmU/IHt9LCB2b2PDqiBzYWJlIG8gcXVlIMOpLCBjZXJ0bz8gVW1hIGNvaXNhIHNlbSBmb3JtYSBxdWUgdmFnYSBzZW0gcnVtbyBkZXBvaXMgZGEgbW9ydGUgZG8gY29ycG8gZsOtc2ljby4KSnVsZ2FuZG8gbyBxdWUgb3MgaHVtYW5vcyBkaXplbSBzb2JyZSBhcyBhbG1hcyBwZW5hZGFzLCBhcyBjb2lzYXMgcXVlIGVzdMOjbyBhY29udGVjZW5kbyBhcXVpIHPDo28gbXVpdG8gc2VtZWxoYW50ZXMgYW8gcXVlIGZhemVtLg==,,W0JvaWxlcl0KVGFsIHZleiBlcyB1biBeOTkwMDk5ZXNwZWN0cm8gYWNlY2hhbmRvIGVzdGEgY2FsZGVyYV4wMDAwMDAu
WufOBw,,W1N3ZWVwZXJdCldoYXQgYXJlIHlvdSB0YWxraW5nIGFib3V0Pw==,,,,,RW50w6NvLCDDqSB1bSBmYW50YXNtYT8=,,W1N3ZWVwZXJdCsK/RGUgcXXDqSBlc3TDoW4gaGFibGFuZG8/
W+fOBw,,W0JvaWxlcl0KQSB3cmFpdGguIFlvdSBkb24ndCBrbm93PyB7fSwgeW91IGtub3cgd2hhdCBpdCBpcywgcmlnaHQ/IEEgc2hhcGVsZXNzIHRoaW5nIHRoYXQgd2FuZGVycyBhaW1sZXNzbHkgYWZ0ZXIgdGhlIHBoeXNpY2FsIGJvZHkncyBkZWF0aC4KSnVkZ2luZyBieSB3aGF0IGh1bWFucyBzYXkgYWJvdXQgd3JhaXRocywgdGhlIHN0dWZmIGhhcHBlbmluZyBoZXJlIGlzIHZlcnkgc2ltaWxhciB0byB3aGF0IGEgd3JhaXRoIGRvZXMu,,,,,W0NhbGRlaXJhXQpOw6NvLiBFdSBhY2hvIHF1ZSBuw6NvLiBBaCwgdm9jw6ogcGVuc291IHF1ZSBmb3NzZSB1bWEgYWxtYSBwZW5hZGEgaHVtYW5hLiBOw6NvLiBTYWJlLCB0aW5oYSB1bSByb2LDtCBxdWUgZ2VyZW5jaWF2YSBhIGNhbGRlaXJhIGFudGVzIGRlIGV1IGNoZWdhci4KQSBjYWxkZWlyYSBlcmEgcGFyYSB1bSBiYW5obyBwZXF1ZW5vLCBlbnTDo28gZWxhIGZyZXF1ZW50ZW1lbnRlIGZpY2F2YSBzb2JyZWNhcnJlZ2FkYSBhbyBhcXVlY2VyIHRvZGEgYSDDoWd1YSBkZXNzZXMgYmFuaG9zIHRvZG9zLiBOw6NvIHN1cG9ydGF2YSBhIHByZXNzw6NvIGUgYXMgdGVtcGVyYXR1cmFzIGFsdGFzLg==,,W0JvaWxlcl0KVW4gZXNwZWN0cm8uIMK/Tm8gbG8gc2FiZXM/IHt9LCBzYWJlcyBsbyBxdWUgZXMsIMK/dmVyZGFkPyBVbmEgY29zYSBzaW4gZm9ybWEgYWxndW5hIHF1ZSB2YWdhIHNpbiBydW1ibyB0cmFzIGxhIG11ZXJ0ZSBkZWwgY3VlcnBvIGbDrXNpY28uCkEganV6Z2FyIHBvciBsbyBxdWUgbG9zIGh1bWFub3MgZGljZW4gZGUgbG9zIGVzcGVjdHJvcywgbG8gcXVlIG9jdXJyZSBhcXXDrSBlcyBtdXkgcGFyZWNpZG8gYSBsbyBxdWUgaGFjZSB1biBlc3BlY3Ryby4=
XOfOBw,,VGhlbiwgaXQncyBhIGdob3N0Pw==,,,,,W0NhbGRlaXJhXQpVbSBkaWEsIGEgY2FsZGVpcmEgZXhwbG9kaXUgZW5xdWFudG8gbyByb2LDtCBlc3RhdmEgY2hlY2FuZG8uIE8gcm9iw7QgZm9pIHF1ZWltYWRvIHRhbWLDqW0uIEV1IGFjaG8gcXVlIGEgYWxtYSBwZW5hZGEgw6kgZXNzZSByb2LDtC4KQWNobyBxdWUgc2V1cyBkYWRvcyBmb3JhbSBpbnN0YWxhZG9zIG5lc3RhIGNhbGRlaXJhIHBvciBtZWlvIGRlIGFsZ3VtIG3DqXRvZG8gbWlzdGVyaW9zby4=,,RW50b25jZXMsIMK/ZXMgdW4gZmFudGFzbWE/
XefOBw,,W0JvaWxlcl0KTm9wZS4gSSBkb24ndCB0aGluayBzby4gT2gsIHlvdSB0aG91Z2h0IGl0IHdhcyBhIGh1bWFuIHdyYWl0aC4gTmFoLiBZb3Ugc2VlLCB0aGVyZSB3YXMgYSByb2JvdCB0aGF0IG1hbmFnZWQgdGhlIGJvaWxlciBoZXJlIGJlZm9yZSBJIGNhbWUgaGVyZS4KVGhlIGJvaWxlciB0aGVuIHdhcyBmb3IgYSBzbWFsbCBiYXRoLCBzbyBpdCBvZnRlbiBnb3Qgb3ZlcmxvYWRlZCB3aGlsZSBoZWF0aW5nIGFsbCB0aGUgd2F0ZXIgaW4gdGhlc2UgbWFueSBiYXRocy4gSXQgY291bGRuJ3Qgd2l0aHN0YW5kIGhpZ2ggcHJlc3N1cmUgYW5kIHRlbXBlcmF0dXJlLg==,,,,,W0NhbGRlaXJhXQpBbGd1bWFzIHZlemVzLCBlc3NhIGNhbGRlaXJhIG9wZXJhIHNvemluaGEsIHNlbSBuaW5ndcOpbSBtZXhlciBuZWxhLiBBY3JlZGl0byBxdWUgb3MgZGFkb3MgcmVtYW5lc2NlbnRlcyBkYXF1ZWxlIHJvYsO0IGFpbmRhIGVzdMOjbyBzZWd1aW5kbyBhcyBvcmRlbnMgcXVlIHJlY2ViZXUuCklzc28gZXhwbGljYSBvIG1vdGl2byBkZSB2b2PDqiBvdXZpciBzb25zIGUgc2VudGlyIGNvbW8gc2UgdGl2ZXNzZSBhbGd1w6ltIGFxdWkgcXVhbmRvIG7Do28gdGVtIG5hZGEuIEUgbyB2YXBvciBxdWVudGUgcG9kZSBjcmlhciBtaXJhZ2VucyBlc3RyYW5oYXMu,,W0JvaWxlcl0KTm8uIE5vIGxvIGNyZW8uIE9oLCBwZW5zYXN0ZSBxdWUgZXJhIHVuIGVzcGVjdHJvIGh1bWFuby4gTm8uIFZlcsOhcywgaGFiw61hIHVuIHJvYm90IHF1ZSBhZG1pbmlzdHJhYmEgbGEgY2FsZGVyYSBhcXXDrSBhbnRlcyBkZSBxdWUgeW8gbGxlZ2FyYS4KTGEgY2FsZGVyYSBkZSBlbnRvbmNlcyBlcmEgcGFyYSB1biBiYcOxbyBwZXF1ZcOxbywgcG9yIGxvIHF1ZSBhIG1lbnVkbyBzZSBzb2JyZWNhcmdhYmEgYWwgY2FsZW50YXIgdG9kYSBlbCBhZ3VhIGRlIHRvZG9zIGVzdG9zIGJhw7Fvcy4gTm8gcG9kw61hIHNvcG9ydGFyIGFsdGFzIHByZXNpb25lcyB5IHRlbXBlcmF0dXJhcy4=
XufOBw,,W0JvaWxlcl0KT25lIGRheSwgdGhlIGJvaWxlciBleHBsb2RlZCB3aGlsZSBiZWluZyBjaGVja2VkIGJ5IHRoZSByb2JvdC4gVGhlIHJvYm90IGdvdCBidXJuZWQgZG93biwgdG9vLiBJIHRoaW5rIHRoZSB3cmFpdGggaXMgdGhhdCByb2JvdC4KSSBndWVzcyBpdHMgZGF0YSB3YXMgaW5zdGFsbGVkIGludG8gdGhpcyBib2lsZXIgdGhyb3VnaCBzb21lIG15c3RlcmlvdXMgbWV0aG9kLg==,,,,,SXNzbyDDqSB1bSBwb3VjbyBhc3N1c3RhZG9yLg==,,W0JvaWxlcl0KVW4gZMOtYSwgbGEgY2FsZGVyYSBleHBsb3TDsyBtaWVudHJhcyBsYSByZXZpc2FiYSBlbCByb2JvdC4gRWwgcm9ib3QgdGFtYmnDqW4gc2UgcXVlbcOzLiBDcmVvIHF1ZSBlbCBlc3BlY3RybyBlcyBlc2Ugcm9ib3QuClN1cG9uZ28gcXVlIHN1cyBkYXRvcyBzZSBpbnN0YWxhcm9uIGVuIGVzdGEgY2FsZGVyYSBhIHRyYXbDqXMgZGUgYWxnw7puIG3DqXRvZG8gbWlzdGVyaW9zby4=
X+fOBw,,W0JvaWxlcl0KU29tZXRpbWVzLCB0aGlzIGJvaWxlciBvcGVyYXRlcyBhbG9uZSB3aXRob3V0IGFueW9uZSB0b3VjaGluZyBpdC4gSSB0aGluayB0aGUgbGluZ2VyaW5nIGRhdGEgb2YgdGhhdCByb2JvdCBpcyBzdGlsbCBjb25kdWN0aW5nIHRoZSBvcmRlciBpdCByZWNlaXZlZC4KVGhhdCBjYW4gZXhwbGFpbiB3aHkgeW91IGhlYXIgc291bmRzIGFuZCBmZWVsIGxpa2Ugc29tZW9uZSdzIHRoZXJlIHdoZW4gdGhlcmUgaXMgbm90aGluZy4gQW5kIHRoZSBmdW1pbmcgc3RlYW0gY2FuIGNyZWF0ZSBzb21lIHN0cmFuZ2UgbWlyYWdlcy4=,,,,,W0NhbGRlaXJhXQpOw6NvLCBuw6NvIMOpIG5lbSB1bSBwb3VjbyBhc3N1c3RhZG9yLiBFc3RhIHbDoWx2dWxhIGFxdWkgcGVuc2EgcXVlIMOpIHVtYSBjYWxkZWlyYS4gRXN0w6EgY29tIG1lZG8gZGlzc28gdGFtYsOpbT8gVsOhbHZ1bGEsIG9saGEgYXF1aS4=,,W0JvaWxlcl0KQSB2ZWNlcywgZXN0YSBjYWxkZXJhIGZ1bmNpb25hIHNvbGEgc2luIHF1ZSBuYWRpZSBsYSB0b3F1ZS4gQ3JlbyBxdWUgbG9zIGRhdG9zIHBlcnNpc3RlbnRlcyBkZSBlc2Ugcm9ib3Qgc2lndWVuIGNvbmR1Y2llbmRvIGxhIG9yZGVuIHF1ZSByZWNpYmnDsy4KRXNvIHB1ZWRlIGV4cGxpY2FyIHBvciBxdcOpIG95ZXMgc29uaWRvcyB5IHNpZW50ZXMgcXVlIGhheSBhbGd1aWVuIGN1YW5kbyBubyBoYXkgbmFkYS4gWSBlbCB2YXBvciBodW1lYW50ZSBwdWVkZSBjcmVhciBleHRyYcOxb3MgZXNwZWppc21vcy4=
YOfOBw,,VGhhdCdzIGEgbGl0dGxlIHNwb29reS4=,,,,,W1bDoWx2dWxhXQoqVm9vc2gq,,UXXDqSBlc3BlbHV6bmFudGUu
YefOBw,,W0JvaWxlcl0KTmFoLCBpdCdzIG5vdCBzcG9va3kgYXQgYWxsLiBUaGlzIHZhbHZlIGhlcmUgdGhpbmtzIGl0J3MgYSBib2lsZXIuIEFyZSB5b3Ugc2NhcmVkIG9mIGl0IHRvbz8gVmFsdmUsIGxvb2sgaGVyZS4=,,,,,W1ZhcnJlZG9yXQpVbWEgYWxtYSBwZW5hZGEgY2FsZGVpcmEuIFZvY8OqIGFjaGEgcXVlIGZheiBzZW50aWRvPyBEZXZlIHNlciBwb3IgY2F1c2EgZGUgYWxnbyBxdWUgYWluZGEgbsOjbyBkZXNjb2JyaW1vcy4gTWFzIHRhbHZleiBwb3Igc2VybW9zIHJvYsO0cyw=,,W0JvaWxlcl0Kwr9Fc3BlbHV6bmFudGU/IFBhcmEgbmFkYeKApiBFc3RhIHbDoWx2dWxhIGNyZWUgcXVlIGVzIHVuYSBjYWxkZXJhLiDCv0EgdGkgdGFtYmnDqW4gdGUgZGEgbWllZG8/IFZhbHZlLCBtaXJhIGFxdcOtLg==
YufOBw,,W1ZhbHZlXQoqUHNoLS0q,,,,,W1ZhcnJlZG9yXQpuw6NvIGNvbnNlZ3VpbW9zIHNlbnRpciBhIHByZXNlbsOnYSBodW1hbmEgb3Ugb3V2aXIgY29tbyBvcyBow7NzcGVkZXMgaHVtYW5vcyBjb25zZWd1ZW0gZSBwZXJjZWJlciBhbGdvIGVycmFkby4=,,W1ZhbHZlXQoqUHNoLS0q
Y+fOBw,,W1N3ZWVwZXJdCkEgYm9pbGVyIHdyYWl0aC4gRG8geW91IHRoaW5rIHRoYXQgbWFrZXMgc2Vuc2U/IEl0IG11c3QgYmUgYmVjYXVzZSBvZiBzb21ldGhpbmcgd2UgaGF2ZW4ndCBmb3VuZCBvdXQgeWV0LiBCdXQgcGVyaGFwcyBiZWNhdXNlIHdlIGFyZSByb2JvdHMs,,,,,W1ZhcnJlZG9yXQpOw7NzIG5lbSBjb25zZWd1w61hbW9zIHNlbnRpciBxdWUgdGluaGEgdW1hIHByb2JsZW1hLiBUYWx2ZXogc2VqYSBwb3IgY2F1c2EgZGUgbm9zc2FzIGxpbWl0YcOnw7VlcyBuYXR1cmFpcy4KUG9yIGlzc28sIHN1Z2VyaSBxdWUgaMOzc3BlZGVzIGh1bWFub3MgcmVzb2x2ZXNzZW0gbyBwcm9ibGVtYSBjb20gYSBnZW50ZS4=,,W1N3ZWVwZXJdClVuIGVzcGVjdHJvIGRlIGNhbGRlcmEuIMK/Q3JlZXMgcXVlIHRpZW5lIHNlbnRpZG8/IERlYmUgc2VyIHBvciBhbGdvIHF1ZSBhw7puIG5vIGhlbW9zIGRlc2N1YmllcnRvLiBQZXJvIHF1aXrDoXMgcG9ycXVlIHNvbW9zIHJvYm90cyw=
ZOfOBw,,W1N3ZWVwZXJdCndlIGNhbid0IHNlbnNlIHRoZSBodW1hbiBwcmVzZW5jZSBvciBoZWFyIHRoZW0gYXMgaHVtYW4gZ3Vlc3RzIGRvIGFuZCBpcyBtaXNzaW5nIHNvbWV0aGluZy4=,,,,,W1ZhcnJlZG9yXQpOYSByZWFsLCBuw6NvIHNhYsOtYW1vcyBxdWFsIGVyYSBvIHByb2JsZW1hLCBwb2lzIG7Do28gcmVjZWLDrWFtb3MgaMOzc3BlZGVzIGjDoSBtdWl0byB0ZW1wby4gQ29tbyBvIHByb2JsZW1hIGZvaSBwZXJjZWJpZG8gZGVwb2lzIHF1ZSBvcyBow7NzcGVkZXMgaHVtYW5vcyBjaGVnYXJhbSwgcGVuc2VpIHF1ZSBkZXZlcmlhIHByZXN0YXIgYXRlbsOnw6NvIMOgcyBkaWZlcmVuw6dhcyBlbnRyZSBodW1hbm9zIGUgcm9iw7RzLg==,,W1N3ZWVwZXJdCm5vIHBvZGVtb3Mgc2VudGlyIGxhIHByZXNlbmNpYSBodW1hbmEgbmkgb8OtcmxvcyBjb21vIGxvIGhhY2VuIGxvcyBodcOpc3BlZGVzIGh1bWFub3MgeSBsZSBmYWx0YSBhbGdvLg==
ZefOBw,,W1N3ZWVwZXJdCldlIGNvdWxkbid0IGV2ZW4gc2Vuc2UgdGhhdCB0aGVyZSB3YXMgYSBwcm9ibGVtLiBQZXJoYXBzIGl0J3MgYmVjYXVzZSBvZiBvdXIgbmF0dXJhbCBsaW1pdGF0aW9ucy4KVGhhdCdzIHdoeSBJIHN1Z2dlc3RlZCBodW1hbiBndWVzdHMgdG8gd29yayBvbiB0aGUgcHJvYmxlbSB3aXRoIHVzLg==,,,,,W1ZhcnJlZG9yXQpPdXZpIGRpemVyIHF1ZSBvcyBodW1hbm9zIGRlc2Vudm9sdmVyYW0gc2V1cyBzZW50aWRvcyBlIGVtb8Onw7Vlcy4gRSBxdWUgZWxlcyB0aW5oYW0gZXNzYSBmYWN1bGRhZGUgbWVudGFsIHBhcmEgcHJvY2Vzc2FyIHR1ZG8gaXNzby4KVGlyYW1vcyB1bWEgY29uY2x1c8OjbyBjb20gYmFzZSBhcGVuYXMgZW0gaW5mb3JtYcOnw7VlcyBjb2xldGFkYXMsIG1hcyBvcyBodW1hbm9zIHPDo28gZGlmZXJlbnRlcy4gT3V2aSBkaXplciBxdWUgZWxlcyB1c2FtIHN1YXMgZXhwZXJpw6puY2lhcyBwZXNzb2FpcywgcGVuc2FtZW50b3MgZSBhdMOpIG1lc21vIGltYWdpbmHDp8OjbyB0YW1iw6ltLg==,,W1N3ZWVwZXJdCk5pIHNpcXVpZXJhIHB1ZGltb3Mgc2VudGlyIHF1ZSBoYWLDrWEgdW4gcHJvYmxlbWEuIFF1aXrDoSBzZSBkZWJhIGEgbnVlc3RyYXMgbGltaXRhY2lvbmVzIG5hdHVyYWxlcy4KUG9yIGVzbyBzdWdlcsOtIGEgbG9zIGh1w6lzcGVkZXMgaHVtYW5vcyBxdWUgdHJhYmFqYXJhbiBlbiBlbCBwcm9ibGVtYSBjb24gbm9zb3Ryb3Mu
ZufOBw,,W1N3ZWVwZXJdClRvIGJlIGhvbmVzdCwgd2UgZGlkbid0IGtub3cgd2hhdCB0aGUgcHJvYmxlbSB3YXMgc2luY2Ugd2UgaGFkbid0IGhhZCBhbnkgZ3Vlc3RzIGZvciBhIGxvbmcgdGltZS4gQmVjYXVzZSB0aGUgcHJvYmxlbSB3YXMgcmFpc2VkIGFmdGVyIHRoZSBodW1hbiBndWVzdHMgY2FtZSwgSSB0aG91Z2h0IEkgc2hvdWxkIHBheSBhdHRlbnRpb24gdG8gdGhlIGRpZmZlcmVuY2VzIGJldHdlZW4gaHVtYW5zIGFuZCByb2JvdHMu,,,,,W1ZhcnJlZG9yXQpFc3Blcm8gcXVlIGNvbnNpZ2FtIHJlc29sdmVyIG8gcHJvYmxlbWEu,,W1N3ZWVwZXJdClBhcmEgc2VyIHNpbmNlcm9zLCBubyBzYWLDrWFtb3MgY3XDoWwgZXJhIGVsIHByb2JsZW1hLCB5YSBxdWUgaGFjw61hIG11Y2hvIHRpZW1wbyBxdWUgbm8gdGVuw61hbW9zIGh1w6lzcGVkZXMuIENvbW8gZWwgcHJvYmxlbWEgc2UgcGxhbnRlw7MgZGVzcHXDqXMgZGUgcXVlIGxsZWdhcmFuIGxvcyBodcOpc3BlZGVzIGh1bWFub3MsIHBlbnPDqSBxdWUgZGViw61hIHByZXN0YXIgYXRlbmNpw7NuIGEgbGFzIGRpZmVyZW5jaWFzIGVudHJlIGh1bWFub3MgeSByb2JvdHMu
Z+fOBw,,W1N3ZWVwZXJdCkkgaGVhcmQgdGhhdCBodW1hbnMgaGFkIGRldmVsb3BlZCB0aGVpciBzZW5zZXMgYW5kIGVtb3Rpb25zLiBBbmQgdGhhdCB0aGV5IGhhZCB0aGlzIG1lbnRhbCBmYWN1bHR5IHRvIHByb2Nlc3MgdGhlbSBhbGwuCldlIGRyYXcgYSBjb25jbHVzaW9uIGJhc2VkIG9ubHkgb24gY29sbGVjdGVkIGluZm9ybWF0aW9uLCBidXQgaHVtYW5zIGFyZSBkaWZmZXJlbnQuIEkgaGVhcmQgdGhleSB1c2UgdGhlaXIgcGVyc29uYWwgZXhwZXJpZW5jZSwgdGhvdWdodHMsIGFuZCBldmVuIGltYWdpbmF0aW9uIHRvby4=,,,,,W0NhbGRlaXJhXQpBIGNhbGRlaXJhIGVzdMOhIGRlc2xpZ2FkYSwgZW50w6NvIGRpZ2EgYW9zIDxOQVZJPltvdXRyb3MgaMOzc3BlZGVzXTxJTkZPPmJhX2JhdGgsMjcwLDk0LDAsMTAxLDA8L0lORk8+PC9OQVZJPiBxdWUgZWxlcyBwb2RlbSBwcm9jdXJhciBzZW0gcHJlb2N1cGHDp8Ojby4=,,W1N3ZWVwZXJdCk/DrSBxdWUgbG9zIGh1bWFub3MgaGFiw61hbiBkZXNhcnJvbGxhZG8gc3VzIHNlbnRpZG9zIHkgZW1vY2lvbmVzLiBZIHF1ZSB0ZW7DrWFuIGVzdGEgZmFjdWx0YWQgbWVudGFsIHBhcmEgcHJvY2VzYXJsb3MgdG9kb3MuCk5vc290cm9zIHNhY2Ftb3MgdW5hIGNvbmNsdXNpw7NuIGJhc8OhbmRvbm9zIMO6bmljYW1lbnRlIGVuIGxhIGluZm9ybWFjacOzbiByZWNvcGlsYWRhLCBwZXJvIGxvcyBodW1hbm9zIHNvbiBkaWZlcmVudGVzLiBPw60gcXVlIHRhbWJpw6luIHV0aWxpemFuIHN1IGV4cGVyaWVuY2lhIHBlcnNvbmFsLCBzdXMgcGVuc2FtaWVudG9zIGUgaW5jbHVzbyBzdSBpbWFnaW5hY2nDs24u
aOfOBw,,W1N3ZWVwZXJdCkkgaG9wZSB5b3UgY2FuIHJlc29sdmUgdGhlIHByb2JsZW0u,,,,,W0NhbGRlaXJhXQpWb2PDqiBwb2RlIGlyIGF0w6kgVmFycmVkb3Igb3UgPE5BVkk+W291dHJvcyBow7NzcGVkZXNdPElORk8+YmFfYmF0aCwyNzAsOTQsMCwxMDEsMDwvSU5GTz48L05BVkk+LiBFdSB0ZW5obyBxdWUgZmljYXIgZGUgb2xobyBuYSBjYWxkZWlyYS4gU2UgZGVzY29icmlyIGFsZ28sIHBvciBmYXZvciwgdmVuaGEgYXF1aSBlIG1lIGRpZ2EuIFRlbmhvIGN1cmlvc2lkYWRlLg==,,W1N3ZWVwZXJdCkVzcGVybyBxdWUgcHVlZGFuIHJlc29sdmVyIGVsIHByb2JsZW1hLg==
aefOBw,,W0JvaWxlcl0KVGhlIGJvaWxlciBpcyBvZmYsIHNvIHRlbGwgdGhlIDxOQVZJPltvdGhlciBndWVzdHNdPElORk8+YmFfYmF0aCwyNzAsOTQsMCwxMDEsMDwvSU5GTz48L05BVkk+IHRoZXkgY2FuIHNlYXJjaCB3aXRob3V0IHdvcnJ5aW5nLg==,,,,,W0NhbGRlaXJhXQpBY2hvIHF1ZSB2b2PDqiBkZXZlIHByb2N1cmFyIGVtIG91dHJvIGx1Z2FyLg==,,W0JvaWxlcl0KTGEgY2FsZGVyYSBlc3TDoSBhcGFnYWRhLCBhc8OtIHF1ZSBkaWxlIGEgbG9zIDxOQVZJPltvdHJvcyBodcOpc3BlZGVzXTxJTkZPPmJhX2JhdGgsMjcwLDk0LDAsMTAxLDA8L0lORk8+PC9OQVZJPnF1ZSBwdWVkZW4gYnVzY2FyIHNpbiBwcmVvY3VwYXJzZS4=
aufOBw,,W0JvaWxlcl0KWW91IGNhbiBnbyB0byBTd2VlcGVyIG9yIDxOQVZJPltvdGhlciBndWVzdHNdPElORk8+YmFfYmF0aCwyNzAsOTQsMCwxMDEsMDwvSU5GTz48L05BVkk+LiBJIGhhdmUgdG8ga2VlcCB3YXRjaGluZyB0aGUgYm9pbGVyLiBJZiB5b3UgZmluZCBzb21ldGhpbmcsIHBsZWFzZSBjb21lIGhlcmUgYW5kIHRlbGwgbWUuIEknbSBjdXJpb3VzLg==,,,,,W0NhbGRlaXJhXQpFdSBvdXZpIHVtIGJhcnVsaG8gdmluZG8gZGFsaS4gVm9jw6ogbsOjbyBkZXZpYSBlc3RhciBsw6E/,,W0JvaWxlcl0KUHVlZGVzIGlyIGNvbiBTd2VlcGVyIHUgPE5BVkk+W290cm9zIGh1w6lzcGVkZXNdPElORk8+YmFfYmF0aCwyNzAsOTQsMCwxMDEsMDwvSU5GTz48L05BVkk+LiBUZW5nbyBxdWUgc2VndWlyIHZpZ2lsYW5kbyBsYSBjYWxkZXJhLiBTaSBlbmN1ZW50cmFzIGFsZ28sIHZlbiBhcXXDrSB5IGTDrW1lbG8uIFRlbmdvIGN1cmlvc2lkYWQu
a+fOBw,,W0JvaWxlcl0KSSB0aGluayB5b3Ugc2hvdWxkIGxvb2sgc29tZXdoZXJlIGVsc2Uu,,,,,QWNhYm91Pw==,,W0JvaWxlcl0KQ3JlbyBxdWUgZGViZXLDrWFzIGJ1c2NhciBlbiBvdHJvIHNpdGlvLg==
bOfOBw,,W0JvaWxlcl0KSSBoZWFyZCBhIG5vaXNlIGNvbWluZyB0aGF0IHdheS4gQXJlbid0IHlvdSBzdXBwb3NlZCB0byBiZSB0aGVyZT8=,,,,,W0NhbGRlaXJhXQpPIHF1ZSB2b2PDqiBxdWVyIHNhYmVyPyBBbyBtZW5vcyB0ZW0gYWxnbyBwYXJhIG5vcyBwZXJndW50YXI/,,W0JvaWxlcl0KT8OtIHVuIHJ1aWRvIHF1ZSB2ZW7DrWEgZGUgZXNhIGRpcmVjY2nDs24uIMK/Tm8gZGViZXLDrWFzIGVzdGFyIGFsbMOtPw==
befOBw,,SXMgaXQgZG9uZT8=,,,,,U29icmUgYSBjYWxkZWlyYS4=,,wr9Fc3TDoSBoZWNobz8=
bufOBw,,W0JvaWxlcl0KV2hhdCBkbyB5b3Ugd2FudCB0byBrbm93PyBEbyB5b3UgZXZlbiBoYXZlIGFueXRoaW5nIHRvIGFzayBvZiB1cz8=,,,,,U29icmUgYXMgZXJ2YXMgZSB0YWwu,,W0JvaWxlcl0Kwr9RdcOpIHF1aWVyZXMgc2FiZXI/IMK/UXVpZXJlcyBwcmVndW50YXJub3MgYWxnbz8=
b+fOBw,,QWJvdXQgdGhlIGJvaWxlci4=,,,,,W0NhbGRlaXJhXQpDYWxkZWlyYT8gRXN0w6EgY29tIGN1cmlvc2lkYWRlIHNvYnJlIGEgY2FsZGVpcmE/IFBvciBxdcOqPyBFc3TDoSBwbGFuZWphbmRvIHJvdWLDoS1sYT8=,,UHJlZ3VudGFyIHNvYnJlIGxhIGNhbGRlcmEu
cOfOBw,,QWJvdXQgaGVyYnMgYW5kIHN0dWZmLg==,,,,,Um91YmFyIGEgY2FsZGVpcmE/,,UHJlZ3VudGFyIHNvYnJlIGhpZXJiYXMgeSBjb3NhcyBzaW1pbGFyZXMu
cefOBw,,W0JvaWxlcl0KQm9pbGVyPyBZb3UgY3VyaW91cyBvZiBib2lsZXI/IFdoeT8gQXJlIHlvdSBwbGFubmluZyB0byBzdGVhbCBpdD8=,,,,,W0NhbGRlaXJhXQpBaCwgYWNobyBxdWUgbsOjby4gT3MgaW50cnVzb3MgZXN0YXZhbSBtdWl0byBpbnRlcmVzc2Fkb3MgbmEgY2FsZGVpcmEgZSBubyBzaXN0ZW1hIGRlIGFiYXN0ZWNpbWVudG8uIERlcG9pcywgZWxlcyByb3ViYXJhbSBhIGNhbGRlaXJhIHNlbSBldSBwZXJjZWJlciBlIGZ1Z2lyYW0uCk1hcywge30sIHZvY8OqIG7Do28gcGFyZWNlIHRlciBpbnRlcmVzc2UgbmVzc2FzIGNvaXNhcywgZW50w6NvIGV1IHBlbnNlaSBxdWUgdGFsdmV6IHF1aXNlc3NlIGxldmFyIGEgY2FsZGVpcmEgY29tIHZvY8OqLiBTZSBuw6NvIGZvciBpc3NvLCDDs3RpbW8u,,W0JvaWxlcl0Kwr9MYSBjYWxkZXJhPyDCv1RpZW5lcyBjdXJpb3NpZGFkIHBvciBsYSBjYWxkZXJhPyDCv1BvciBxdcOpPyDCv1BsYW5lYXMgcm9iYXJsYT8=
cufOBw,,U3RlYWwgYSBib2lsZXI/,,,,,W0NhbGRlaXJhXQpEZSBxdWFscXVlciBtYW5laXJhLCBwb3IgcXVlIGVsZXMgYSByb3ViYXJhbT8gRWxlcyBxdWVyaWFtIGNvbnN0cnVpciB1bWEgYmFuaGVpcmEgYW8gYXIgbGl2cmUgb3UgYWxnbyBhc3NpbT8KSHVtLi4uIE7Do28gY29uc2lnbyBwZW5zYXIgZW0gbmFkYSBxdWUgcG9zc2Egc2VyIGZlaXRvIGNvbSB1bWEgY2FsZGVpcmEuIEFjaG8gcXVlIGh1bWFub3MgcG9kZW0gZmF6ZXIgYWxnbyBjb20gZWxhLiBWb2PDqiB0YW1iw6ltIGNvbnNlZ3VlLCB7fT8=,,wr9Sb2JhciB1bmEgY2FsZGVyYT8=
c+fOBw,,W0JvaWxlcl0KT2gsIEkgZ3Vlc3MgeW91J3JlIG5vdC4gVGhlIGludHJ1ZGVycyB3ZXJlIHZlcnkgaW50ZXJlc3RlZCBpbiB0aGUgYm9pbGVyIGFuZCBzdXBwbHkgc3lzdGVtLiBUaGVuLCB0aGV5IHN0b2xlIHRoZSBib2lsZXIgYmVoaW5kIG15IGJhY2sgYW5kIHJhbiBhd2F5LgpCdXQge30sIHlvdSBkb24ndCBsb29rIGxpa2UgeW91J3JlIGludGVyZXN0ZWQgaW4gc3VjaCBzdHVmZiwgc28gSSB0aG91Z2h0IG1heWJlIHlvdSB3YW50ZWQgdG8gdGFrZSB0aGUgYm9pbGVyIHdpdGggeW91LiBJZiBub3QsIGdvb2Qu,,,,,TyBxdWUgbWFpcyBmaXplcmFtPw==,,W0JvaWxlcl0KT2gsIHN1cG9uZ28gcXVlIG5vLiBMb3MgaW50cnVzb3MgZXN0YWJhbiBtdXkgaW50ZXJlc2Fkb3MgZW4gbGEgY2FsZGVyYSB5IGVsIHNpc3RlbWEgZGUgc3VtaW5pc3Ryby4gTHVlZ28sIHJvYmFyb24gbGEgY2FsZGVyYSBhIG1pcyBlc3BhbGRhcyB5IGh1eWVyb24uClBlcm8ge30sIG5vIHBhcmVjZSBxdWUgdGUgaW50ZXJlc2VuIGVzYXMgY29zYXMsIGFzw60gcXVlIHBlbnPDqSBxdWUgcXVpesOhIHF1ZXLDrWFzIGxsZXZhcnRlIGxhIGNhbGRlcmEuIFNpIG5vIGVzIGFzw60sIGJpZW4u
dOfOBw,,W0JvaWxlcl0KQW55d2F5LCB3aHkgZGlkIHRoZXkgdGFrZSB0aGF0PyBEaWQgdGhleSB3YW50IHRvIGJ1aWxkIGFuIG9wZW4tYWlyIGJhdGggb3Igc29tZXRoaW5nPwpIbW0uLi4gQ2FuJ3QgdGhpbmsgb2YgYW55dGhpbmcgdGhhdCBjYW4gYmUgZG9uZSB3aXRoIGEgYm9pbGVyLiBJIGd1ZXNzIGh1bWFucyBjYW4gbWFrZSBzb21ldGhpbmcgb3V0IG9mIGl0PyBDYW4geW91IGRvIGl0IHRvbywge30/,,,,,W0NhbGRlaXJhXQpCZW0uLi4gRWxlIGdvc3RhdmEgZGUgZmljYXIgZGUgbW9saG8sIG1hcyBlc3RhdmEgbWFpcyBpbnRlcmVzc2FkbyBuYSBjYWxkZWlyYS4gUXVhc2Ugb2JzZXNzaXZvLiBFIHBhcmVjaWEgcXVlIGVsZSB0YW1iw6ltIGVzdGF2YSBpbnRlcmVzc2FkbyBuYXMgaW5zdGFsYcOnw7VlcyBkZSBlc2dvdG8u,,W0JvaWxlcl0KRGUgdG9kb3MgbW9kb3MsIMK/cG9yIHF1w6kgdG9tYXJvbiBlc28/IMK/UXVlcsOtYW4gY29uc3RydWlyIHVuIGJhw7FvIGFsIGFpcmUgbGlicmUgbyBhbGdvIGFzw60/Ck1tbeKApiBObyBzZSBtZSBvY3VycmUgbmFkYSBxdWUgc2UgcHVlZGEgaGFjZXIgY29uIHVuYSBjYWxkZXJhLiDCv1N1cG9uZ28gcXVlIGxvcyBodW1hbm9zIHB1ZWRlbiBoYWNlciBhbGdvIGNvbiBlc28/IMK/UHVlZGVzIGhhY2VybG8gdMO6IHRhbWJpw6luLCB7fT8=
defOBw,,V2hhdCBlbHNlIGRpZCB0aGV5IGRvPw==,,,,,W0NhbGRlaXJhXQpFbnTDo28gZXUgbWUgYW5pbWVpIGUgY29udGVpIHR1ZG8gcGFyYSBlbGUuIEV1IG7Do28gc2FiaWEgcXVlIGVsZSByb3ViYXJpYSBhIGNhbGRlaXJhLiBWZXJkYWRlISBJc3NvIGZvaSB1bSBleGVtcGxvIGRlIGluY29uc3TDom5jaWEgaHVtYW5hPw==,,wr9RdcOpIG3DoXMgaGljaWVyb24/
dufOBw,,W0JvaWxlcl0KV2VsbC4uLiBIZSBsaWtlZCBzb2FraW5nIGJ1dCB3YXMgbW9yZSBpbnRlcmVzdGVkIGluIHRoZSBib2lsZXIuIEFsbW9zdCBvYnNlc3NpdmUuIEFuZCBpdCBzZWVtZWQgaGUgd2FzIGFsc28gaW50ZXJlc3RlZCBpbiB0aGUgc2V3YWdlIGZhY2lsaXRpZXMu,,,,,W0NhbGRlaXJhXQpWb2PDqiB0YW1iw6ltIMOpIGluY29uc3RhbnRlLCB7fT8gRXUgYWluZGEgbsOjbyBzZWkgbXVpdG8gc29icmUgaHVtYW5vcy4gQWNobyBxdWUgZGV2byBhcHJlbmRlciBzb2JyZSBlbGVzIHBhcmEgbWUgcHJlcGFyYXIuIFRlbmhvIHF1ZSBpbXBlZGlyIHF1ZSBhIGNhbGRlaXJhIHNlamEgcm91YmFkYSBvdXRyYSB2ZXou,,W0JvaWxlcl0KQnVlbm/igKYgTGUgZ3VzdGFiYSByZW1vamFyc2UsIHBlcm8gbGUgaW50ZXJlc2FiYSBtw6FzIGxhIGNhbGRlcmEuIENhc2kgb2JzZXNpdm8uIFkgcGFyZWPDrWEgcXVlIHRhbWJpw6luIGxlIGludGVyZXNhYmFuIGxhcyBpbnN0YWxhY2lvbmVzIGRlIGFsY2FudGFyaWxsYWRvLg==
d+fOBw,,W0JvaWxlcl0KU28gSSBnb3QgZXhjaXRlZCBhbmQgZXhwbGFpbmVkIGV2ZXJ5dGhpbmcgdG8gaGltLiBJIGRpZG4ndCBrbm93IGhlJ2Qgc3RlYWwgdGhlIGJvaWxlci4gUmVhbGx5ISBXYXMgdGhhdCBhbiBleGFtcGxlIG9mIGh1bWFuIGZpY2tsZW5lc3M/,,,,,W0NhbGRlaXJhXQpQb3IgZXhlbXBsbywgbyBNZXN0cmUgZGlzc2UgcXVlIGVzdGF2YSBkZSBjYWJlw6dhIGZyaWEgcXVhbmRvIGVsZSBlc3RhdmEgZGUgbW9saG8gbmEgYmFuaGVpcmEuIEEgw6FndWEgZXN0YXZhIGVzY2FsZGFudGUsIHNhYmUuIEV1IGFjaGVpIHF1ZSB0aXZlc3NlIGNvbG9jYWRvIGEgdGVtcGVyYXR1cmEgZXJyYWRhLiBNYXMgbsOjby4=,,W0JvaWxlcl0KQXPDrSBxdWUgbWUgZW50dXNpYXNtw6kgeSBzZSBsbyBleHBsaXF1w6kgdG9kby4gTm8gc2Fiw61hIHF1ZSByb2JhcsOtYSBsYSBjYWxkZXJhLiDCoURlIHZlcmRhZCEgwr9GdWUgdW4gZWplbXBsbyBkZSBsYSBpbmNvbnN0YW5jaWEgaHVtYW5hPw==
eOfOBw,,W0JvaWxlcl0KQXJlIHlvdSBmaWNrbGUgdG9vLCB7fT8gSSBkb24ndCBrbm93IG11Y2ggYWJvdXQgaHVtYW5zIHlldC4gSSB0aGluayBJIHNob3VsZCBsZWFybiBhYm91dCB0aGVtIHNvIEkgY2FuIHByZXBhcmUuIEkgbXVzdCBwcmV2ZW50IHRoZSBib2lsZXIgZnJvbSBnZXR0aW5nIHN0b2xlbiBldmVyIGFnYWluLg==,,,,,W0NhbGRlaXJhXQpFbGUgZGlzc2UgcXVlIGVzdGF2YSBhc3NpbS4gTyBxdWUgaXNzbyBxdWVyIGRpemVyPyBUZW0gYWxnbyBlcnJhZG8gY29tIG8gbWV1IGNvbmhlY2ltZW50bz8=,,W0JvaWxlcl0Kwr9Uw7ogdGFtYmnDqW4gZXJlcyBpbmNvbnN0YW50ZSwge30/IEHDum4gbm8gc8OpIG11Y2hvIHNvYnJlIGxvcyBodW1hbm9zLiBDcmVvIHF1ZSBkZWJlcsOtYSBpbmZvcm1hcm1lIHNvYnJlIGVsbG9zIHBhcmEgcG9kZXIgcHJlcGFyYXJtZS4gRGVibyBldml0YXIgcXVlIHZ1ZWx2YW4gYSByb2JhciBsYSBjYWxkZXJhLg==
eefOBw,,W0JvaWxlcl0KRm9yIGV4YW1wbGUsIE1hc3RlciBzYWlkIGl0IHdhcyBjb29sIHdoZW4gaGUgc29ha2VkIGluIHRoZSBiYXRoLiBUaGUgd2F0ZXIgd2FzIHNjb3JjaGluZywgeW91IHNlZS4gSSB0aG91Z2h0IG1heWJlIEkgZ290IHRoZSB0ZW1wZXJhdHVyZSB3cm9uZz8gQnV0IEkgZGlkbid0Lg==,,,,,W0NhbGRlaXJhXQpFIGVzc2FzLiBWb2PDqiBwb2RlIGV4dHJhaXIgb3MgY29tcG9uZW50ZXMgZGVzc2EgZ3JhbWEgc2VjYSBkZWl4YW5kby1hIGRlIG1vbGhvIGVtIMOhZ3VhIHF1ZW50ZS4gU8OzIGlzc28sIG5hZGEgbWFpcy4KTWFzIG9zIGh1bWFub3MgbWFuZGFtIGVuY2hlciBjYWRhIGJhbmhlaXJhIGNvbSDDoWd1YSBlbWJlYmlkYSBlbSBkaXZlcnNhcyBlcnZhcy4gT3MgaHVtYW5vcyByZXNwaXJhbSBhdHJhdsOpcyBkYSBwZWxlPyBPdSBjb25zZWd1ZW0gYmViZXIgw6FndWEgYXRyYXbDqXMgZGEgcGVsZT8=,,W0JvaWxlcl0KUG9yIGVqZW1wbG8sIGVsIG1hZXN0cm8gZGVjw61hIHF1ZSBlc3RhYmEgZnLDrWEgY3VhbmRvIHNlIHJlbW9qYWJhIGVuIGxhIGJhw7FlcmEuIFZlcsOhcywgZWwgYWd1YSBlc3RhYmEgaGlydmllbmRvLiBQZW5zw6kgcXVlIHF1aXrDoXMgbWUgaGFiw61hIGVxdWl2b2NhZG8gY29uIGxhIHRlbXBlcmF0dXJhLiBQZXJvIG5vIG1lIGVxdWl2b3F1w6ku
eufOBw,,W0JvaWxlcl0KSGUgc3RpbGwgc2FpZCBpdCB3YXMgY29vbC4gV2hhdCBkaWQgdGhhdCBzdXBwb3NlIHRvIG1lYW4/IElzIHRoZXJlIHNvbWV0aGluZyB3cm9uZyB3aXRoIG15IGtub3dsZWRnZT8=,,,,,W0NhbGRlaXJhXQpPcyBodW1hbm9zIHNlIGFsZWdyYW0gcXVhbmRvIHNlIGJhbmhhbSBlbSB0YWwgw6FndWEuIFBvciBxdcOqPw==,,W0JvaWxlcl0KQcO6biBhc8OtIGRpam8gcXVlIGVzdGFiYSBmcsOtYS4gwr9RdcOpIHNpZ25pZmljYWJhIGVzbz8gwr9QYXNhIGFsZ28gY29uIG1pcyBjb25vY2ltaWVudG9zPw==
e+fOBw,,W0JvaWxlcl0KQW5kIHRoZXNlLiBZb3UgY2FuIGV4dG9ydCB0aGUgY29tcG9uZW50cyBvZiB0aGVzZSBkcnkgZ3Jhc3MgYnkgc29ha2luZyB0aGVtIG91dCBpbiBob3Qgd2F0ZXIuIEJ1dCB0aGF0J3MgYWxsLCBub3RoaW5nIGVsc2UuCkJ1dCBodW1hbnMgdGVsbCB1cyB0byBmaWxsIGV2ZXJ5IGJhdGggd2l0aCB3YXRlciBzb2FrZWQgd2l0aCB2YXJpb3VzIGhlcmJzLiBEbyBodW1hbnMgYnJlYXRoZSB0aHJvdWdoIHRoZWlyIHNraW4/IE9yIGNhbiB0aGV5IGRyaW5rIHdhdGVyIHRocm91Z2ggdGhlaXIgc2tpbj8=,,,,,W0NhbGRlaXJhXQpBaCwgbWFpcyB1bWEhIFBvciBxdWUgZWxlcyB1c2FtIGFzIGFsZ2FzIG1hcmluaGFzIHF1ZSBow6EgbmEgY2FzYSBkZSBiYW5obyBlbSB2ZXogZGUgbWVyZ3VsaMOhLWxhcyBuYSDDoWd1YT8KU2VudGkgbXVpdG8gaW50ZXJlc3NlLCB0ZW50ZWkgZmF6ZXIgaXNzbywgbWFzIG7Do28gdmkgbmVuaHVtIGJlbmVmw61jaW8uIFRhbHZleiBzZWphIHBvcnF1ZSBldSBzb3UgdW0gcm9iw7Qu,,W0JvaWxlcl0KWSBlc3Rhcy4gUHVlZGVzIGV4dHJhZXIgbG9zIGNvbXBvbmVudGVzIGRlIGVzdGFzIGhpZXJiYXMgc2VjYXMgc3VtZXJnacOpbmRvbGFzIGVuIGFndWEgY2FsaWVudGUuIFBlcm8gZXNvIGVzIHRvZG8sIG5hZGEgbcOhcy4KUGVybyBsb3MgaHVtYW5vcyBub3MgZGljZW4gcXVlIGxsZW5lbW9zIGNhZGEgYmHDsWVyYSBjb24gYWd1YSBpbXByZWduYWRhIGNvbiBkaXZlcnNhcyBoaWVyYmFzLiDCv0xvcyBodW1hbm9zIHJlc3BpcmFuIGEgdHJhdsOpcyBkZSBsYSBwaWVsPyDCv08gcHVlZGVuIGJlYmVyIGFndWEgYSB0cmF2w6lzIGRlIGxhIHBpZWw/
fOfOBw,,W0JvaWxlcl0KSHVtYW5zIHJlam9pY2UgYXMgdGhleSBzb2FrIHRoZW1zZWx2ZXMgaW4gc3VjaCB3YXRlci4gV2h5Pw==,,,,,W0NhbGRlaXJhXQpBY2hvIHF1ZSBldSBlbnRlbmRlcmlhIG9zIGh1bWFub3MgbWVsaG9yIHNlIHRpdmVzc2Ugb3MgY2luY28gc2VudGlkb3MgcXVlIG9zIGh1bWFub3MgdMOqbS4gTWUgcGVyZ3VudG8gcG9yIHF1ZSBvIE1lc3RyZSBuw6NvIG5vcyBkZXUgaXNzby4=,,W0JvaWxlcl0KTG9zIGh1bWFub3MgZGlzZnJ1dGFuIGVtcGFww6FuZG9zZSBjb24gZXNhIGFndWEuIMK/UG9yIHF1w6k/
fefOBw,,W0JvaWxlcl0KT2gsIGFub3RoZXIgb25lISBXaHkgZG8gdGhleSBhcHBseSB0aGUgZ3JvdW5kIHNlYXdlZWQgbGVmdCBldmVyeXdoZXJlIGluIHRoZSBiYXRoaG91c2UgaW5zdGVhZCBvZiBzb2FraW5nIHRoZW0gaW4gdGhlIHdhdGVyPwpJIGdvdCBzbyBjdXJpb3VzLCBJIHRyaWVkIGl0IG15c2VsZiwgYnV0IEkgZmFpbGVkIHRvIHNlZSBhbnkgYmVuZWZpdC4gTWF5YmUgdGhhdCdzIGJlY2F1c2UgSSdtIGEgcm9ib3Qu,,,,,W0NhbGRlaXJhXQpFcnZhcz8gVGVtIGN1cmlvc2lkYWRlIHNvYnJlIGFzIGVydmFzIHVzYWRhcyBuYSBjYXNhIGRlIGJhbmhvPyBQb3IgcXXDqj8gVm9jw6ogbsOjbyBnb3N0YSBkZSDDoWd1YT8=,,W0JvaWxlcl0KwqFPaCwgYWxnbyBtw6FzISDCv1BvciBxdcOpIHNlIGFwbGljYW4gbGFzIGFsZ2FzIG1hcmluYXMgc2VjYXMgcXVlIGRlamFuIHBvciB0b2RhcyBwYXJ0ZXMgZW4gZWwgYmHDsW8gZW4gbHVnYXIgZGUgcmVtb2phcmxhcyBlbiBlbCBhZ3VhPwpNZSBkaW8gY3VyaW9zaWRhZCBhc8OtIHF1ZSBsbyBwcm9iw6kgeW8gbWlzbW8sIHBlcm8gbm8gdmkgbmluZ8O6biBiZW5lZmljaW8uIFF1aXrDoSBzZWEgcG9ycXVlIHNveSB1biByb2JvdC4=
fufOBw,,W0JvaWxlcl0KSSB0aGluayBJIGNvdWxkIHVuZGVyc3RhbmQgaHVtYW5zIGJldHRlciBpZiBJIGhhZCB0aGUgZml2ZSBzZW5zZXMgaHVtYW5zIGhhdmUuIEkgd29uZGVyIHdoeSBNYXN0ZXIgZGlkbid0IGdpdmUgdGhvc2UgdG8gdXMu,,,,,TsOjbywgw6kgcG9ycXVlIGV1IGdvc3RvIG11aXRvLg==,,W0JvaWxlcl0KQ3JlbyBxdWUgcG9kcsOtYSBlbnRlbmRlciBtZWpvciBhIGxvcyBodW1hbm9zIHNpIHR1dmllcmEgY2luY28gc2VudGlkb3MgY29tbyBlbGxvcy4gTWUgcHJlZ3VudG8gcG9yIHF1w6kgZWwgbWFlc3RybyBubyBub3MgbG9zIGRpby4=
f+fOBw,,W0JvaWxlcl0KSGVyYnM/IEFyZSB5b3UgY3VyaW91cyBhYm91dCB0aGUgaGVyYnMgdXNlZCBmb3IgdGhlIGJhdGhob3VzZT8gV2h5PyBZb3UgZG9uJ3QgbGlrZSB0aGUgd2F0ZXI/,,,,,W0NhbGRlaXJhXQpBaCwgZW50ZW5kaSEgw4kgcG9yIHF1ZSBvIE1lc3RyZSBtZSBmYWxvdSBkZXRhbGhhZGFtZW50ZSBzb2JyZSBxdWFpcyBlcnZhcyB1c2FyIG91IG7Do28uIFRvZG9zIGdvc3RhbSBkZWxhLiBFdSBuw6NvIHNlaSBvIHBvcnF1w6osIG5vIGVudGFudG8u,,W0JvaWxlcl0Kwr9MYXMgaGllcmJhcz8gwr9TaWVudGVzIGN1cmlvc2lkYWQgcG9yIGxhcyBoaWVyYmFzIHF1ZSBzZSB1dGlsaXphbiBlbiBlbCBiYcOxbyBww7pibGljbz8gwr9Qb3IgcXXDqT8gwr9ObyB0ZSBndXN0YSBlbCBhZ3VhPw==
gOfOBw,,Tm8sIGl0J3MgYmVjYXVzZSBJIGxpa2UgaXQgc28gbXVjaC4=,,,,,W0NhbGRlaXJhXQpFdSBkZWl4byBhcyBlcnZhcyBkZSBtb2xobyBwZXJmZWl0YW1lbnRlIGUgZm9ybmXDp28gw6FndWEgY29tIHByZWNpc8OjbyBwYXJhIGEgY2FzYSBkZSBiYW5obyBjb21vIG8gTWVzdHJlIG1lIGRpc3NlLCBtYXMgcG9yIHF1ZSBkZWl4YXIgYXMgZXJ2YXMgZGUgbW9saG8gw6kgdMOjbyBpbXBvcnRhbnRlPw==,,Tm8sIGVzIHBvcnF1ZSBtZSBndXN0YSBtdWNoby4=
gefOBw,,W0JvaWxlcl0KT2gsIEkgc2VlISBUaGF0J3MgYmVjYXVzZSBNYXN0ZXIgdG9sZCBtZSB2ZXJ5IHRob3JvdWdobHkgYWJvdXQgd2hpY2ggaGVyYnMgdG8gdXNlIGFuZCB3aGljaCBub3QgdG8uIEV2ZXJ5Ym9keSBsaWtlcyB0aGVtLiBJIGRvbid0IGdldCBpdCwgdGhvdWdoLg==,,,,,W0NhbGRlaXJhXQpWb2PDqiBwb2RlIGV4dHJhaXIgb3MgY29tcG9uZW50ZXMgZGVzc2EgZ3JhbWEgc2VjYSBkZWl4YW5kby1hIGRlIG1vbGhvIGVtIMOhZ3VhIHF1ZW50ZS4gU8OzIGlzc28sIG5hZGEgbWFpcy4KTWFzIG9zIGh1bWFub3MgbWFuZGFtIGVuY2hlciBjYWRhIGJhbmhlaXJhIGNvbSDDoWd1YSBlbWJlYmlkYSBlbSBkaXZlcnNhcyBlcnZhcy4gT3MgaHVtYW5vcyByZXNwaXJhbSBhdHJhdsOpcyBkYSBwZWxlPyBPdSBjb25zZWd1ZW0gYmViZXIgw6FndWEgYXRyYXbDqXMgZGEgcGVsZT8=,,W0JvaWxlcl0KwqFZYSB2ZW8hIEVzbyBlcyBwb3JxdWUgZWwgbWFlc3RybyBtZSBkaWpvIG11eSBkZXRhbGxhZGFtZW50ZSBxdcOpIGhpZXJiYXMgdXNhciB5IGN1w6FsZXMgbm8uIEEgdG9kbyBlbCBtdW5kbyBsZSBndXN0YW4uIFBlcm8gbm8gbG8gZW50aWVuZG8u
gufOBw,,W0JvaWxlcl0KSSBwZXJmZWN0bHkgc29hayBoZXJicyBhbmQgYWNjdXJhdGVseSBzdXBwbHkgdGhlIHdhdGVyIHRvIHRoZSBiYXRoaG91c2UgYXMgTWFzdGVyIHRvbGQgbWUsIGJ1dCB3aHkgaXMgc29ha2luZyBoZXJicyB0aGF0IGltcG9ydGFudD8=,,,,,W0NhbGRlaXJhXQpBaCwgbWFpcyB1bWEhIFBvciBxdWUgZWxlcyB1c2FtIGFzIGFsZ2FzIG1hcmluaGFzIHF1ZSBow6EgbmEgY2FzYSBkZSBiYW5obyBlbSB2ZXogZGUgbWVyZ3VsaMOhLWxhcyBuYSDDoWd1YT8=,,W0JvaWxlcl0KUmVtb2pvIHBlcmZlY3RhbWVudGUgbGFzIGhpZXJiYXMgeSBzdW1pbmlzdHJvIGVsIGFndWEgYWwgYmHDsW8gcMO6YmxpY28gY29uIHByZWNpc2nDs24sIHRhbCBjb21vIG1lIGRpam8gZWwgbWFlc3RybywgcGVybyDCv3BvciBxdcOpIGVzIHRhbiBpbXBvcnRhbnRlIHJlbW9qYXIgbGFzIGhpZXJiYXM/
g+fOBw,,W0JvaWxlcl0KWW91IGNhbiBleHRvcnQgdGhlIGNvbXBvbmVudHMgb2YgdGhlc2UgZHJ5IGdyYXNzIGJ5IHNvYWtpbmcgdGhlbSBvdXQgaW4gaG90IHdhdGVyLiBCdXQgdGhhdCdzIGFsbCwgbm90aGluZyBlbHNlLgpCdXQgaHVtYW5zIHRlbGwgdXMgdG8gZmlsbCBldmVyeSBiYXRoIHdpdGggd2F0ZXIgc29ha2VkIHdpdGggdmFyaW91cyBoZXJicy4gRG8gaHVtYW5zIGJyZWF0aGUgdGhyb3VnaCB0aGVpciBza2luPyBPciBjYW4gdGhleSBkcmluayB3YXRlciB0aHJvdWdoIHRoZWlyIHNraW4/,,,,,W0NhbGRlaXJhXQpQb3IgZXhlbXBsbywgbyBNZXN0cmUgZGlzc2UgcXVlIGVzdGF2YSBkZSBjYWJlw6dhIGZyaWEgcXVhbmRvIGVsZSBlc3RhdmEgZGUgbW9saG8gbmEgYmFuaGVpcmEuIEEgw6FndWEgZXN0YXZhIGVzY2FsZGFudGUsIHNhYmUuIEV1IGFjaGVpIHF1ZSB0aXZlc3NlIGNvbG9jYWRvIGEgdGVtcGVyYXR1cmEgZXJyYWRhLiBNYXMgbsOjby4KRWxlIGRpc3NlIHF1ZSBlc3RhdmEgYXNzaW0uIE8gcXVlIGlzc28gcXVlciBkaXplcj8gVGVtIGFsZ28gZXJyYWRvIGNvbSBvIG1ldSBjb25oZWNpbWVudG8/,,W0JvaWxlcl0KUHVlZGVzIGV4dHJhZXIgbG9zIGNvbXBvbmVudGVzIGRlIGVzdGFzIGhpZXJiYXMgc2VjYXMgc3VtZXJnacOpbmRvbGFzIGVuIGFndWEgY2FsaWVudGUuIFBlcm8gZXNvIGVzIHRvZG8sIG5hZGEgbcOhcy4KUGVybyBsb3MgaHVtYW5vcyBub3MgZGljZW4gcXVlIGxsZW5lbW9zIGNhZGEgYmHDsWVyYSBjb24gYWd1YSBpbXByZWduYWRhIGNvbiBkaXZlcnNhcyBoaWVyYmFzLiDCv0xvcyBodW1hbm9zIHJlc3BpcmFuIGEgdHJhdsOpcyBkZSBsYSBwaWVsPyDCv08gcHVlZGVuIGJlYmVyIGFndWEgYSB0cmF2w6lzIGRlIGxhIHBpZWw/
hOfOBw,,W0JvaWxlcl0KT2gsIGFub3RoZXIgb25lISBXaHkgZG8gdGhleSBhcHBseSB0aGUgZ3JvdW5kIHNlYXdlZWQgbGVmdCBldmVyeXdoZXJlIGluIHRoZSBiYXRoaG91c2UgaW5zdGVhZCBvZiBzb2FraW5nIHRoZW0gaW4gdGhlIHdhdGVyPw==,,,,,W0NhbGRlaXJhXQpIdW1hbm9zIHPDo28gdW0gbWlzdMOpcmlvLiBUYWx2ZXogc2VqYSBwb3JxdWUgZXUgc291IHVtIHJvYsO0LiBNYXMgZXUgY29uaGXDp28gY2FsZGVpcmFzIG11aXRvIGJlbS4=,,W0JvaWxlcl0KwqFPaCwgYWxnbyBtw6FzISDCv1BvciBxdcOpIHNlIGFwbGljYW4gbGFzIGFsZ2FzIG1hcmluYXMgc2VjYXMgcXVlIGRlamFuIHBvciB0b2RhcyBwYXJ0ZXMgZW4gZWwgYmHDsW8gZW4gbHVnYXIgZGUgcmVtb2phcmxhcyBlbiBlbCBhZ3VhPw==
hefOBw,,W0JvaWxlcl0KTWFzdGVyIHNhaWQgaXQgd2FzIGNvb2wgd2hlbiBoZSBzb2FrZWQgaW4gdGhlIGJhdGguIFRoZSB3YXRlciB3YXMgc2NvcmNoaW5nLCB5b3Ugc2VlLiBJIHRob3VnaHQgbWF5YmUgSSBnb3QgdGhlIHRlbXBlcmF0dXJlIHdyb25nPyBCdXQgSSBkaWRuJ3QuCkhlIHN0aWxsIHNhaWQgaXQgd2FzIGNvb2wuIFdoYXQgZGlkIHRoYXQgc3VwcG9zZSB0byBtZWFuPyBJcyB0aGVyZSBzb21ldGhpbmcgd3Jvbmcgd2l0aCBteSBrbm93bGVkZ2U/,,,,,W0NhbGRlaXJhXQpBIHByb3DDs3NpdG8sIG9zIGh1bWFub3MgbMOhIGZvcmEgbsOjbyB1c2FtIHVtYSBjYWxkZWlyYSBjb21vIGVzc2E/IE9zIGludHJ1c29zIGVzdGF2YW0gbXVpdG8gaW50ZXJlc3NhZG9zIG5hIGNhbGRlaXJhIGUgbm8gc2lzdGVtYSBkZSBhYmFzdGVjaW1lbnRvLiBEZXBvaXMsIGVsZXMgcm91YmFyYW0gYSBjYWxkZWlyYSBzZW0gZXUgcGVyY2ViZXIgZSBmdWdpcmFtLgpQb3IgcXVlIGVsZXMgYSByb3ViYXJhbT8gRWxlcyBxdWVyaWFtIGNvbnN0cnVpciB1bWEgYmFuaGVpcmEgYW8gYXIgbGl2cmUgb3UgYWxnbyBhc3NpbT8=,,W0JvaWxlcl0KRWwgbWFlc3RybyBkaWpvIHF1ZSBlc3RhYmEgZnLDrWEgY3VhbmRvIGVudHLDsyBlbiBlbCBiYcOxby4gVmVyw6FzLCBlbCBhZ3VhIGVzdGFiYSBoaXJ2aWVuZG8uIFBlbnPDqSBxdWUgcXVpesOhcyBtZSBoYWLDrWEgZXF1aXZvY2FkbyBjb24gbGEgdGVtcGVyYXR1cmEuIFBlcm8gbm8gbWUgZXF1aXZvcXXDqS4KQcO6biBhc8OtIGRpam8gcXVlIGVzdGFiYSBmcsOtYS4gwr9RdcOpIHNpZ25pZmljYWJhIGVzbz8gwr9QYXNhIGFsZ28gY29uIG1pcyBjb25vY2ltaWVudG9zPw==
hufOBw,,W0JvaWxlcl0KSHVtYW5zIGFyZSBhIG15c3RlcnkuIE1heWJlIHRoYXQncyBiZWNhdXNlIEknbSBhIHJvYm90LiBCdXQgSSBrbm93IGJvaWxlcnMgdmVyeSB3ZWxsLg==,,,,,W0NhbGRlaXJhXQpIdW0uLi4gTsOjbyBjb25zaWdvIHBlbnNhciBlbSBuYWRhIHF1ZSBwb3NzYSBzZXIgZmVpdG8gY29tIHVtYSBjYWxkZWlyYS4gQWNobyBxdWUgaHVtYW5vcyBwb2RlbSBmYXplciBhbGdvIGNvbSBlbGEuIFZvY8OqIHRhbWLDqW0gY29uc2VndWUsIHt9Pw==,,W0JvaWxlcl0KTG9zIGh1bWFub3Mgc29uIHVuIG1pc3RlcmlvLiBRdWl6w6Egc2VhIHBvcnF1ZSBzb3kgdW4gcm9ib3QuIFBlcm8gY29ub3pjbyBtdXkgYmllbiBsYXMgY2FsZGVyYXMu
h+fOBw,,W0JvaWxlcl0KQnkgdGhlIHdheSwgZG8gdGhlIGh1bWFucyBvdXRzaWRlIG5vdCB1c2UgYSBib2lsZXIgbGlrZSB0aGlzIG9uZT8gVGhlIGludHJ1ZGVycyB3ZXJlIHZlcnkgaW50ZXJlc3RlZCBpbiB0aGUgYm9pbGVyIGFuZCBzdXBwbHkgc3lzdGVtLiBUaGVuLCB0aGV5IHN0b2xlIHRoZSBib2lsZXIgYmVoaW5kIG15IGJhY2sgYW5kIHJhbiBhd2F5LgpXaHkgZGlkIHRoZXkgdGFrZSB0aGF0PyBEaWQgdGhleSB3YW50IHRvIGJ1aWxkIGFuIG9wZW4tYWlyIGJhdGggb3Igc29tZXRoaW5nPw==,,,,,TsOjbywgbsOjbyB0ZW5obyBpbnRlcmVzc2Uu,,W0JvaWxlcl0KUG9yIGNpZXJ0bywgwr9sb3MgaHVtYW5vcyBlbiBlbCBleHRlcmlvciBubyB1c2FuIGNhbGRlcmFzIGNvbW8gZXN0YT8gTG9zIGludHJ1c29zIGVzdGFiYW4gbXV5IGludGVyZXNhZG9zIGVuIGxhIGNhbGRlcmEgeSBlbCBzaXN0ZW1hIGRlIHN1bWluaXN0cm8uIEx1ZWdvLCByb2Jhcm9uIGxhIGNhbGRlcmEgYSBtaXMgZXNwYWxkYXMgeSBodXllcm9uLgrCv1BvciBxdcOpIGxhIHRvbWFyb24/IMK/UXVlcsOtYW4gY29uc3RydWlyIHVuIGJhw7FvIGFsIGFpcmUgbGlicmUgbyBhbGdvIGFzw60/
iOfOBw,,W0JvaWxlcl0KSG1tLi4uIENhbid0IHRoaW5rIG9mIGFueXRoaW5nIHRoYXQgY2FuIGJlIGRvbmUgd2l0aCBhIGJvaWxlci4gSSBndWVzcyBodW1hbnMgY2FuIG1ha2Ugc29tZXRoaW5nIG91dCBvZiBpdD8gQ2FuIHlvdSBkbyBpdCB0b28sIHt9Pw==,,,,,W0NhbGRlaXJhXQpGb2kgbyBxdWUgcGVuc2VpLiB7fSwgdm9jw6ogbsOjbyBwYXJlY2UgdGVyIGludGVyZXNzZSBuZXNzYXMgY29pc2FzLiBNYXMgZXUgbsOjbyBlbnRlbmRvIG11aXRvIGRlIGh1bWFub3MsIGVudMOjbyBwZW5zZWkgcXVlIHRhbHZleiBxdWlzZXNzZSBsZXZhciBhIGNhbGRlaXJhIGNvbSB2b2PDqiB0YW1iw6ltLiBTZSBuw6NvIGZvciBpc3NvLCDDs3RpbW8u,,W0JvaWxlcl0KTW1t4oCmIE5vIHNlIG1lIG9jdXJyZSBuYWRhIHF1ZSBzZSBwdWVkYSBoYWNlciBjb24gdW5hIGNhbGRlcmEuIMK/U3Vwb25nbyBxdWUgbG9zIGh1bWFub3MgcHVlZGVuIGhhY2VyIGFsZ28gY29uIGVzbz8gwr9QdWVkZXMgaGFjZXJsbyB0w7ogdGFtYmnDqW4sIHt9Pw==
iefOBw,,Tm8sIEknbSBub3QgaW50ZXJlc3RlZC4=,,,,,W1bDoWx2dWxhXQpBcyBlcnZhcyBlc3TDo28gZGUgbW9saG8uIEFnb3JhLCBiZWJhLg==,,Tm8sIG5vIG1lIGludGVyZXNhLg==
iufOBw,,W0JvaWxlcl0KVGhvdWdodCBzby4ge30sIHlvdSBkb24ndCBsb29rIGxpa2UgeW91J3JlIGludGVyZXN0ZWQgaW4gc3VjaCBzdHVmZi4gQnV0IEkgZG9uJ3Qga25vdyBtdWNoIGFib3V0IGh1bWFucywgc28gSSB0aG91Z2h0IG1heWJlIHlvdSB3YW50ZWQgdG8gdGFrZSB0aGUgYm9pbGVyIHdpdGggeW91IHRvby4gSWYgbm90LCBnb29kLg==,,,,,W0NhbGRlaXJhXQpOw6NvIHZvdSBiZWJlci4gTmluZ3XDqW0gdmFpIGJlYmVyLg==,,W0JvaWxlcl0KRXNvIHBlbnNhYmEuIHt9LCBubyBwYXJlY2UgcXVlIHRlIGludGVyZXNlbiBlc2FzIGNvc2FzLiBQZXJvIG5vIHPDqSBtdWNobyBkZSBodW1hbm9zLCBhc8OtIHF1ZSBwZW5zw6kgcXVlIHF1aXrDoSB0YW1iacOpbiBxdWVyw61hcyBsbGV2YXJ0ZSBsYSBjYWxkZXJhLiBTaSBubyBlcyBhc8OtLCBiaWVuLg==
i+fOBw,,W1ZhbHZlXQpUaGUgaGVyYnMgYXJlIHNvYWtlZCBvdXQuIE5vdyBkcmluay4=,,,,,W1bDoWx2dWxhXQpKw6EgYWNhYm91PyBOw6NvIHBvZGUgYmViZXI/IEVzcHJlbWEgZSB2b2PDqiB2YWkgY29uc2VndWlyIG8gbMOtcXVpZG8u,,W1ZhbHZlXQpMYXMgaGllcmJhcyBzZSByZW1vamFuLiBBaG9yYSBiZWJlLg==
jOfOBw,,W0JvaWxlcl0KTm90IGdvbm5hIGRyaW5rLiBObyBvbmUncyBnb25uYSBkcmluay4=,,,,,W0NhbGRlaXJhXQpWw6FsdnVsYSwgY29tbyBldSBqw6EgdGUgZGlzc2UsIGh1bWFub3MgbsOjbyBzw6NvIHNhcXVpbmhvcyBkZSBjaMOhLg==,,W0JvaWxlcl0KTm8gdm95IGEgYmViZXIuIE5hZGllIHZhIGEgYmViZXIu
jefOBw,,W1ZhbHZlXQpJcyBpdCBub3QgZG9uZSB5ZXQ/IENhbid0IHlvdSBqdXN0IGRyaW5rIGl0PyBTcXVlZXplIGl0IG91dCBhbmQgeW91J2xsIGdldCB0aGUganVpY2Uu,,,,,W1bDoWx2dWxhXQpPIMO6bmljbyB0cmFiYWxobyBkYSBjYWxkZWlyYSDDqSBlc3F1ZW50YXIgYSDDoWd1YSBjb3JyZXRhbWVudGUu,,W1ZhbHZlXQrCv0HDum4gbm8gZXN0w6EgaGVjaG8/IMK/Tm8gcHVlZGVzIGJlYsOpcnRlbG8/IEV4cHLDrW1lbG8geSBvYnRlbmRyw6FzIGVsIGp1Z28u
jufOBw,,W0JvaWxlcl0KVmFsdmUsIGFzIEkgdG9sZCB5b3UgYmVmb3JlLCBodW1hbnMgYXJlIG5vdCB0ZWFiYWdzLg==,,,,,W1bDoWx2dWxhXQpUZW5obyBxdWUgYXVtZW50YXIgYSB0ZW1wZXJhdHVyYS4gQXNzaW0sIHBvc3NvIGRlaXhhciBkZSBtb2xobyBtZWxob3Iu,,W0JvaWxlcl0KVmFsdmUsIGNvbW8gdGUgZGlqZSBhbnRlcywgbG9zIGh1bWFub3Mgbm8gc29uIGJvbHNpdGFzIGRlIHTDqS4=
j+fOBw,,W1ZhbHZlXQpCb2lsZXIncyBzb2xlIGpvYiBpcyB0byBib2lsIHRoZSB3YXRlciByaWdodC4=,,,,,W0NhbGRlaXJhXQpFdSBmYWxlaSBwYXJhIHZvY8OqIG7Do28gdG9jYXIgbmEgY2FsZGVpcmEu,,W1ZhbHZlXQpMYSDDum5pY2EgZnVuY2nDs24gZGUgbGEgY2FsZGVyYSBlcyBjYWxlbnRhciBlbCBhZ3VhIGJpZW4u
kOfOBw,,W1ZhbHZlXQpJIG11c3QgcmFpc2UgdGhlIHRlbXBlcmF0dXJlLiBUaGF0IHdheSwgSSBjYW4gc29hayB0aGVtIG91dCBiZXR0ZXIu,,,,,LSBTTUFDSyEgLQ==,,W1ZhbHZlXQpEZWJvIHN1YmlyIGxhIHRlbXBlcmF0dXJhLiBBc8OtIHB1ZWRvIGVtcGFwYXJsYXMgbWVqb3Iu
kefOBw,,W0JvaWxlcl0KSSB0b2xkIHlvdSBub3QgdG8gdG91Y2ggdGhlIGJvaWxlci4=,,,,,W0NhbGRlaXJhXQpQYXJlIGUgdmVuaGEgYXF1aS4=,,W0JvaWxlcl0KVGUgZGlqZSBxdWUgbm8gdG9jYXJhcyBsYSBjYWxkZXJhLg==
kufOBw,,LSBTTUFDSyEgLQ==,,,,,W0NhbGRlaXJhXQpJc3NvIGZhcsOhIGNvbSBxdWUgcGFyZSBwb3IgdW0gdGVtcG8u,,LSDCoVBBRiEgLQ==
k+fOBw,,W0JvaWxlcl0KU3RvcCBpdCBhbmQgY29tZSBoZXJlLg==,,,,,SXNzbyBwYXJlY2UgcGVyaWdvc28uIFBvciBxdWUgdm9jw6ogbsOjbyBqb2dhIGZvcmE/,,W0JvaWxlcl0KRGV0ZW50ZSB5IHZlbiBhcXXDrS4=
lOfOBw,,W0JvaWxlcl0KVGhhdCdsbCBtYWtlIGl0IGdvIHF1aWV0IGZvciBhIHdoaWxlLg==,,,,,W0NhbGRlaXJhXQpOw6NvISBBaW5kYSBkw6EgcHJhIGNvbnNlcnRhci4gRSBzZXUgZXUgam9nYXIgVsOhbHZ1bGEgZm9yYSwgY29tIHF1ZSBldSB2b3UgdHJhYmFsaGFyPyBPZGVpbyB0cmFiYWxoYXIgY29tIGVzdHJhbmhvcy4=,,W0JvaWxlcl0KRXNvIGhhcsOhIHF1ZSBzZSBjYWxsZSBwb3IgdW4gdGllbXBvLg==
lefOBw,,VGhhdCBsb29rcyBkYW5nZXJvdXMuIFdoeSBkb24ndCB5b3UgZGlzcG9zZSBpdD8=,,,,,UG9yIHF1ZSB2b2PDqiBuw6NvIGNvbnNlcnRvdT8=,,RXNvIHBhcmVjZSBwZWxpZ3Jvc28uIMK/UG9yIHF1w6kgbm8gdGUgZGVzaGFjZXMgZGUgw6lsPw==
lufOBw,,W0JvaWxlcl0KTm8hIEl0J3Mgc3RpbGwgZml4YWJsZS4gQW5kIGlmIEkgZGlzcG9zZSBvZiBWYWx2ZSwgd2hvIGFtIEkgc3VwcG9zZWQgdG8gd29yayB3aXRoPyBJIGhhdGUgd29ya2luZyB3aXRoIHN0cmFuZ2Vycy4=,,,,,W0NhbGRlaXJhXQpQb3JxdWUgZXUgbsOjbyBjb25zaWdvIHRpcmFyIG1pbmhhcyBtw6NvcyBkYSBjYWxkZWlyYS4gT3MgaW50cnVzb3MgcXVlYnJhcmFtIGEgY2FsZGVpcmEgZSBhIHbDoWx2dWxhLCBlIG11aXRvcyBow7NzcGVkZXMgY2hlZ2FyYW0gYW50ZXMgbWVzbW8gZGUgdGVyIHRlbXBvIGRlIGNvbnNlcnTDoS1sYXMu,,W0JvaWxlcl0KwqFObyEgQcO6biB0aWVuZSBhcnJlZ2xvLiBZIHNpIG1lIGRlc2hhZ28gZGUgVmFsdmUsIMK/Y29uIHF1acOpbiB2b3kgYSB0cmFiYWphcj8gT2RpbyB0cmFiYWphciBjb24gZXh0cmHDsW9zLg==
l+fOBw,,V2h5IGhhdmVuJ3QgeW91IGZpeGVkIGl0Pw==,,,,,W0NhbGRlaXJhXQpBIHNhbGEgZGEgY2FsZGVpcmEgbmVjZXNzaXRhIGRlIGRvaXMgcm9iw7RzLCBtYXMgc8OzIHRlbSBhIG1pbS4gTsOjbyB0ZW5obyB0ZW1wbyBkZSBjb25zZXJ0YXIuIEUgc2V1IGV1IG1hbmRhciBwYXJhIG91dHJvIGx1Z2FyLCBwb2RlbSBleGNsdWlyIHRvZGFzIG9zIGRhZG9zIGludGVybm9zLgpOw6NvIMOpIGdyYXZlLCBlbnTDo28gcG9zc28gY29uc2VydGFyIGRlcG9pcy4gTsOjbyDDqSB1bSByb2LDtCBydWltLiBTw7MgdGVudGEgbWV4ZXIgbmEgY2FsZGVpcmEuIE7Do28gZW50ZW5kbyBtdWl0byBzb2JyZSBodW1hbm9zLCBtYXMgZW50ZW5kbyBtdWl0byBiZW0gc29icmUgZXJ2YXMgZSBjYWxkZWlyYXMu,,wr9Qb3IgcXXDqSBubyBsbyBoYXMgYXJyZWdsYWRvPw==
mOfOBw,,W0JvaWxlcl0KQmVjYXVzZSBJIGNhbid0IHRha2UgbXkgaGFuZHMgb2ZmIG9mIHRoZSBib2lsZXIuIFRoZSBpbnRydWRlcnMgYnJva2UgYm90aCB0aGUgYm9pbGVyIGFuZCB0aGUgdmFsdmUsIGFuZCBJIGhhZCBsb2FkcyBvZiBndWVzdHMgYmVmb3JlIEkgZXZlbiBoYWQgdGhlIHRpbWUgdG8gZml4IHRoZW0u,,,,,W0NhbGRlaXJhXQpNZXNtbyBhc3NpbSwgZXUgdGVuaG8gcXVlIGNvbnNlcnRhci4uLiBkZSBhbGd1bWEgbWFuZWlyYS4uLgpIdW0uLi4ge30sIHZvY8OqIGVzdMOhIGxpdnJlPw==,,W0JvaWxlcl0KUG9ycXVlIG5vIHB1ZWRvIHF1aXRhciBsYXMgbWFub3MgZGUgbGEgY2FsZGVyYS4gTG9zIGludHJ1c29zIHJvbXBpZXJvbiBsYSBjYWxkZXJhIHkgbGEgdsOhbHZ1bGEsIHkgdHV2ZSB1biBtb250w7NuIGRlIGh1w6lzcGVkZXMgYW50ZXMgZGUgdGVuZXIgdGllbXBvIGRlIGFycmVnbGFybGFzLg==
mefOBw,,W0JvaWxlcl0KVGhlIGJvaWxlciByb29tIHJlcXVpcmVzIHR3byByb2JvdHMsIGJ1dCB0aGVyZSdzIG9ubHkgbWUuIE5vIHRpbWUgdG8gZml4IHRoZW0uIEFuZCBpZiBJIHNlbmQgaXQgdG8gYW5vdGhlciBwbGFjZSwgdGhleSBtaWdodCBkZWxldGUgYWxsIG9mIHRoZSBkYXRhIGluIGl0LgpJdCdzIG5vdCBzZXZlcmUsIHNvIEkgY2FuIGZpeCBpdCBpbiB0aW1lLiBJdCdzIG5vdCBhIGJhZCByb2JvdC4gSXQganVzdCB0cmllcyB0byBmaWRkbGUgd2l0aCB0aGUgYm9pbGVyLiBJIGRvbid0IGtub3cgbXVjaCBhYm91dCBodW1hbnMsIGJ1dCBJIGtub3cgdmVyeSB3ZWxsIGFib3V0IGhlcmJzIGFuZCBib2lsZXJzLg==,,,,,U2ltLiBQb3IgcXVlIHBlcmd1bnRhPw==,,W0JvaWxlcl0KTGEgc2FsYSBkZSBjYWxkZXJhcyByZXF1aWVyZSBkb3Mgcm9ib3RzLCBwZXJvIGVzdG95IHNvbG8uIE5vIGhheSB0aWVtcG8gcGFyYSBhcnJlZ2xhcmxvcy4gWSBzaSBsbyBlbnbDrW8gYSBvdHJvIHNpdGlvLCBwdWVkZSBxdWUgYm9ycmVuIHRvZG9zIGxvcyBkYXRvcyBxdWUgY29udGllbmUuCk5vIGVzIGdyYXZlLCBhc8OtIHF1ZSBwdWVkbyBhcnJlZ2xhcmxvIGEgdGllbXBvLiBObyBlcyB1biByb2JvdCBtYWxvLiBTb2xvIGludGVudGEganVnYXIgY29uIGxhIGNhbGRlcmEuIE5vIHPDqSBtdWNobyBkZSBodW1hbm9zLCBwZXJvIHPDqSBiYXN0YW50ZSBzb2JyZSBoaWVyYmFzIHkgY2FsZGVyYXMu
mufOBw,,W0JvaWxlcl0KU3RpbGwsIEkgZ290dGEgZml4IGl0Li4uIHNvbWVob3cuLi4KVW1tLi4uIHt9LCBhcmUgeW91IGZyZWU/,,,,,W0NhbGRlaXJhXQpQYXJhIHBlZGlyIGFqdWRhLiBQcmVjaXNvIGNvbnNlcnRhciBhIHbDoWx2dWxhIGUgYSBjYWxkZWlyYSwgbWFzIGNvbW8gdm9jw6ogcG9kZSB2ZXIsIHByZWNpc28gZGUgYWp1ZGEuIE9zIHJvYsO0cyBkZSBsaW1wZXphIHF1ZWJyYWRvcyBjb250aW51YW0gbWUgYXRyYXBhbGhhbmRvLCBtYXMgc291IGFwZW5hcyB1bSwgZSBub3NzYSBlcXVpcGUgZGUgc2VndXJhbsOnYSBlc3TDoSBvY3VwYWRhLgpRdWVyaWEgcXVlIHRpdmVzc2UgZG9pcyBkZSBtaW0uLi4gRXNwZXJlLCBxdWUgw7N0aW1hIGlkZWlhISBTZSB0aXZlc3NlIGRvaXMgZGUgbWltLCBlc3NhIHNlcmlhIGEgbWVsaG9yIHNhbGEgZGEgY2FsZGVpcmEgcG9zc8OtdmVsIQ==,,W0JvaWxlcl0KQcO6biBhc8OtLCB0ZW5nbyBxdWUgYXJyZWdsYXJsb+KApiBkZSBhbGd1bmEgbWFuZXJh4oCmClVtbeKApiB7fSDCv2VzdMOhcyBsaWJyZT8=
m+fOBw,,WWVzLiBXaHkgYXJlIHlvdSBhc2tpbmc/,,,,,W0NhbGRlaXJhXQpFdSBkZXZpYSBwZWRpciBhbyBBbGZhIHBhcmEgbWUgY29waWFyLiBOw6NvIHNlaSBzZSBlbGUgZmFyaWEgaXNzbywgbWFzIGxvZ2ljYW1lbnRlLCB0ZXIgZG9pcyBkZSBtaW0gw6kgYmVtIG1haXMgZWZpY2llbnRlLiBFbGUgdGFtYsOpbSBhY2hhcsOhIGlzc28uCk1hcyBzw7MgaMOhIHVtIGRlIG1pbSBubyBtb21lbnRvLCBlbnTDo28gZXUgcHJlY2lzbyBkZSBhanVkYS4gTyBxdWUgc2lnbmlmaWNhLi4uIG1lIGFqdWRlIHNlIHZvY8OqIGVzdGl2ZXIgbGl2cmUu,,U8OtLiDCv1BvciBxdcOpIGxvIHByZWd1bnRhcz8=
nOfOBw,,W0JvaWxlcl0KVG8gcmVxdWVzdCBmb3IgaGVscC4gSSBnb3R0YSBmaXggdGhlIHZhbHZlIGFuZCB0aGUgYm9pbGVyLCBidXQgYXMgeW91IGNhbiBzZWUsIEknbSBzaG9ydC1oYW5kZWQuIFRoZSBicm9rZW4gY2xlYW5lcnMga2VlcCBoaW5kZXJpbmcgbWUsIGJ1dCB0aGVyZSdzIG9ubHkgb25lIG9mIG1lLCBhbmQgb3VyIHNlY3VyaXR5IHN0YWZmIGlzIGJ1c3kuCkkgd2lzaCB0aGVyZSB3ZXJlIHR3byBvZiBtZS4uLiBXYWl0ZSwgdGhhdCdzIGEgZ3JlYXQgaWRlYSEgSWYgdGhlcmUgYXJlIHR3byBvZiBtZSwgdGhhdCdsbCBtYWtlIHRoaXMgcGxhY2UgdGhlIGJlc3QgYm9pbGVyIHJvb20h,,,,,QWp1ZGFyZWkgdm9jw6ou,,W0JvaWxlcl0KUGFyYSBwZWRpcnRlIGF5dWRhLiBUZW5nbyBxdWUgYXJyZWdsYXIgbGEgdsOhbHZ1bGEgeSBsYSBjYWxkZXJhLCBwZXJvIGNvbW8gcHVlZGVzIHZlciwgZXN0b3kgY29ydG8gZGUgcGVyc29uYWwuIExvcyBsaW1waWFkb3JlcyBhdmVyaWFkb3Mgc2lndWVuIGVzdG9yYsOhbmRvbWUsIHBlcm8geW8gc29sbyBzb3kgdW5vIHkgbnVlc3RybyBwZXJzb25hbCBkZSBzZWd1cmlkYWQgZXN0w6Egb2N1cGFkby4KT2phbMOhIGh1YmllcmEgZG9zIGNvbW8geW/igKYgRXNwZXJhLCDCoWVzIHVuYSBncmFuIGlkZWEhIMKhU2kgaHViaWVyYSBkb3MgY29tbyB5bywgZXN0ZSBsdWdhciBzZXLDrWEgbGEgbWVqb3Igc2FsYSBkZSBjYWxkZXJhcyE=
nefOBw,,W0JvaWxlcl0KSSBzaG91bGQgYXNrIEFscGhhIHRvIGNvcHkgbWUuIEknbSBub3Qgc3VyZSBoZSdsbCBkbyBpdCwgYnV0IGxvZ2ljYWxseSwgaGF2aW5nIHR3byBvZiBtZSBpcyB3YXkgbW9yZSBlZmZpY2llbnQuIEhlJ2xsIGp1ZGdlIHNvIHRvby4KQnV0IHRoZXJlJ3Mgb25seSBvbmUgb2YgbWUgcmlnaHQgbm93LCBzbyBJIG5lZWQgdG8gZ2V0IHNvbWUgaGVscC4gV2hpY2ggbWVhbnMuLi4gaGVscCBtZSBpZiB5b3UncmUgZnJlZS4=,,,,,UHJlY2lzbyB0b21hciB1bSBiYW5oby4=,,W0JvaWxlcl0KRGViZXLDrWEgcGVkaXJsZSBhIEFscGhhIHF1ZSBoYWdhIHVuYSBjb3BpYSBkZSBtw60uIE5vIGVzdG95IHNlZ3VybyBkZSBxdWUgbG8gaGFnYSwgcGVybyBsw7NnaWNhbWVudGUsIHRlbmVyIGRvcyBjb3BpYXMgZGUgbcOtIGVzIG11Y2hvIG3DoXMgZWZpY2llbnRlLiDDiWwgdGFtYmnDqW4gcGVuc2Fyw6EgbG8gbWlzbW8uClBlcm8gYWhvcmEgc29sbyBzb3kgdW5vLCBhc8OtIHF1ZSBuZWNlc2l0byBheXVkYS4gTG8gcXVlIHNpZ25pZmljYeKApiBhecO6ZGFtZSBzaSBlc3TDoXMgbGlicmUu
nufOBw,,SSdsbCBoZWxwIHlvdS4=,,,,,W0NhbGRlaXJhXQrDiSBtZXNtbz8gQWgsIGJlbS4gVm9jw6ogcGFyZWNlIGNoZWlvIGRlIGNhbnNhw6dvLCBlbnTDo28gdm91IHRlIGVudmlhciB1bWEgw6FndWEgY29tIGVydmFzLiBBdMOpIG1haXMu,,VGUgYXl1ZGFyw6ku
n+fOBw,,SSBoYXZlIHRvIHRha2UgYSBiYXRoLg==,,,,,W0NhbGRlaXJhXQpWYWxldS4gVm9jw6ogcG9kZSBjdWlkYXIgZGUgXjkzNzBEQjIwIFJvYsO0cyBkZSBMaW1wZXphIFF1ZWJyYWRvc14wMDAwMDAgcGFyYSBtaW0/IEV1IHByZWNpc28gZGUgXjkzNzBEQjUgUGFydGVzIGRlIFJvYsO0cyBRdWVicmFkb3NeMDAwMDAwIHRhbWLDqW0u,,VGVuZ28gcXVlIGJhw7Fhcm1lLg==
oOfOBw,,W0JvaWxlcl0KSXMgdGhhdCBzbz8gT2gsIHdlbGwuIFlvdSBsb29rIHRpcmVkLCBzbyBJJ2xsIHNlbmQgc29tZSBtb3JlIGhlcmIgd2F0ZXIuIEdvb2RieWUu,,,,,Q2xhcm8u,,W0JvaWxlcl0Kwr9EZSB2ZXJkYWQ/IEFoLCBidWVuby4gU2UgdGUgbm90YSBlbCBjYW5zYW5jaW8sIGFzw60gcXVlIHRlIGVudmlhcsOpIG3DoXMgYWd1YSBkZSBoaWVyYmFzLiBBZGnDs3Mu
oefOBw,,W0JvaWxlcl0KVGhhbmtzLiBDYW4geW91IHRha2UgY2FyZSBvZiBeMDAwMENEMjAgQnJva2VuIENsZWFuZXJzXjAwMDAwMCBmb3IgbWU/IEkgYWxzbyBuZWVkIF4wMDAwQ0Q1IEJyb2tlbiBSb2JvdCBQYXJ0c14wMDAwMDAgdG9vLg==,,,,,W0NhbGRlaXJhXQpWYWxldS4gRXN0b3UgY29udGFuZG8gY29tIHZvY8OqLg==,,W0JvaWxlcl0KR3JhY2lhcy4gwr9QdWVkZXMgb2N1cGFydGUgZGUgXjk5MDA5OTIwTGltcGlhZG9yZXMgYXZlcmlhZG9zXjAwMDAwMCBwb3IgbcOtPyBUYW1iacOpbiBuZWNlc2l0byBeOTkwMDk5NVBpZXphcyBkZSByb2JvdCBhdmVyaWFkb14wMDAwMDAu
oufOBw,,T2YgY291cnNlLg==,,,,,W0NhbGRlaXJhXQpPIHF1ZSB0ZSB0cm91eGUgYXF1aSBob2plPyBBaCwgdm9jw6ogdmVpbyBhanVkYXI/,,UG9yIHN1cHVlc3RvLg==
o+fOBw,,W0JvaWxlcl0KVGhhbmtzLiBJJ2xsIGJlIGNvdW50aW5nIG9uIHlvdS4=,,,,,RXN0b3UgYXF1aSBwYXJhIGFqdWRhci4=,,W0JvaWxlcl0KR3JhY2lhcy4gQ3VlbnRvIGNvbnRpZ28u
pOfOBw,,W0JvaWxlcl0KV2hhdCBicmluZ3MgeW91IGhlcmUgdG9kYXk/IE9oLCBhcmUgeW91IGhlcmUgdG8gaGVscD8=,,,,,U8OzIGRhbmRvIG9pLg==,,W0JvaWxlcl0Kwr9RdcOpIHRlIHRyYWUgaG95IHBvciBhcXXDrT8gT2gsIMK/ZXN0w6FzIGFxdcOtIHBhcmEgYXl1ZGFyPw==
pefOBw,,SSdtIGhlcmUgdG8gaGVscC4=,,,,,W0NhbGRlaXJhXQpNZXNtbz8gRGUgbm92bz8gTsOjbyB2b3UgZGl6ZXIgbsOjby4gQ3VpZGUgZGUgXjkzNzBEQjIwIFJvYsO0cyBkZSBMaW1wZXphIFF1ZWJyYWRvc14wMDAwMDAgZSBtZSB0cmFnYSBeOTM3MERCNSBQYXJ0ZXMgZGUgUm9iw7RzIFF1ZWJyYWRvc14wMDAwMDAsIHBvciBmYXZvci4gRS4uLiB2YWxldS4gUG9yIGFqdWRhci4=,,RXN0b3kgYXF1w60gcGFyYSBheXVkYXIu
pufOBw,,SnVzdCBzYXlpbmcgaGku,,,,,W0NhbGRlaXJhXQpUdWRvIGJlbS4gTWFzIG7Do28gc2VpIHF1YWwgw6kgYSBpbXBvcnTDom5jaWEgZW0gZGl6ZXIgb2kuIE7Ds3Mgc2VtcHJlIGN1aWRhbW9zIGRhIGNhbGRlaXJhIGFxdWkuIE5hZGEgbXVkb3Uu,,U29sbyBzYWx1ZGFiYS4=
p+fOBw,,W0JvaWxlcl0KUmVhbGx5PyBBZ2Fpbj8gSSB3b24ndCBzYXkgbm8uIFRha2UgY2FyZSBvZiBeMDAwMENEMjAgQnJva2VuIENsZWFuZXJzXjAwMDAwMCBhbmQgYnJpbmcgbWUgXjAwMDBDRDUgQnJva2VuIFJvYm90IFBhcnRzXjAwMDAwMCwgcGxlYXNlLiBBbmQuLi4gdGhhbmsgeW91LiBGb3IgaGVscGluZy4=,,,,,W0NhbGRlaXJhXQpPIHF1ZSB0ZSB0cm91eGUgYXF1aSBob2plPyBBaCwgdm9jw6ogdmFpIG1lIGFqdWRhcj8=,,W0JvaWxlcl0Kwr9EZSB2ZXJkYWQ/IMK/RGUgbnVldm8/IE5vIGRpcsOpIHF1ZSBuby4gRW5jw6FyZ2F0ZSBkZSBeOTkwMDk5MjBMaW1waWFkb3JlcyBhdmVyaWFkb3NeMDAwMDAwIHkgdHLDoWVtZSBeOTkwMDk5NVBpZXphcyBkZSByb2JvdCBhdmVyaWFkb14wMDAwMDAsIHBvciBmYXZvci4gWeKApiBncmFjaWFzLiBQb3IgYXl1ZGFyLg==
qOfOBw,,W0JvaWxlcl0KQWxyaWdodC4gTm90IHN1cmUgd2hhdCdzIHRoZSBiaWcgZGVhbCB3aXRoIHNheWluZyBoaSwgdGhvdWdoLiBXZSBhbHdheXMgaGFuZGxlIHRoZSBib2lsZXIgaGVyZS4gTm90aGluZydzIGNoYW5nZWQu,,,,,RXN0b3UgYXF1aSBwYXJhIGFqdWRhci4=,,W0JvaWxlcl0KTXV5IGJpZW4uIEF1bnF1ZSBubyBlc3RveSBzZWd1cm8gZGUgY3XDoWwgZXMgZWwgcHJvYmxlbWEgY29uIHNhbHVkYXIuIEFxdcOtIHNpZW1wcmUgbm9zIG9jdXBhbW9zIGRlIGxhIGNhbGRlcmEuIE5hZGEgaGEgY2FtYmlhZG8u
qefOBw,,W0JvaWxlcl0KV2hhdCBicmluZ3MgeW91IGhlcmUgdG9kYXk/IE9oLCBhcmUgeW91IGdvbm5hIGhlbHAgbWU/,,,,,XkVFMDAwMEVzdG91IGFxdWkgcGFyYSBhanVkYXIuIC0gUGVuZGVudGVeMDAwMDAw,,W0JvaWxlcl0Kwr9RdcOpIHRlIHRyYWUgaG95IHBvciBhcXXDrT8gwr9WYXMgYSBheXVkYXJtZT8=
qufOBw,,SSdtIGhlcmUgdG8gaGVscC4=,,,,,QWNhYmVpLg==,,RXN0b3kgYXF1w60gcGFyYSBheXVkYXIu
q+fOBw,,XkFBQUFBQUknbSBoZXJlIHRvIGhlbHAuIC0gUGVuZGluZ14wMDAwMDA=,,,,,XkVFMDAwMEVzdG91IGFxdWkgcGFyYSBhanVkYXIgLSBFbSBQcm9ncmVzc29eMDAwMDAw,,Xjg4MDA4OEVzdG95IGFxdcOtIHBhcmEgYXl1ZGFyLiAtIFBlbmRpZW50ZV4wMDAwMDA=
rOfOBw,,SXQncyBkb25lLg==,,,,,W0NhbGRlaXJhXQpRdWUgaHVtYW5vIGRpbGlnZW50ZS4gQ3VpZGUgZGUgXjkzNzBEQjIwIFJvYsO0cyBkZSBMaW1wZXphIFF1ZWJyYWRvc14wMDAwMDAgZSBtZSB0cmFnYSBeOTM3MERCNSBQYXJ0ZXMgZGUgUm9iw7RzIFF1ZWJyYWRvc14wMDAwMDAsIHBvciBmYXZvci4=,,TGlzdG8u
refOBw,,XkFBQUFBQUknbSBoZXJlIHRvIGhlbHAgLSBJbiBQcm9ncmVzc14wMDAwMDA=,,,,,RXUgZmFyZWkgaXNzby4=,,Xjg4MDA4OEVzdG95IGFxdcOtIHBhcmEgYXl1ZGFyLiAtIEVuIGN1cnNvXjAwMDAwMA==
rufOBw,,W0JvaWxlcl0KU3VjaCBhIGRpbGlnZW50IGh1bWFuLiBUYWtlIGNhcmUgb2YgXjAwMDBDRDIwIEJyb2tlbiBDbGVhbmVyc14wMDAwMDAgYW5kIGJyaW5nIG1lIF4wMDAwQ0Q1IEJyb2tlbiBSb2JvdCBQYXJ0c14wMDAwMDAsIHBsZWFzZS4=,,,,,UXVlcm8gZGFyIHVtYSBkZXNjYW5zYWRhIGhvamUuLi4=,,W0JvaWxlcl0KUXXDqSBodW1hbm8gdGFuIGRpbGlnZW50ZS4gRW5jw6FyZ2F0ZSBkZSBeOTkwMDk5MjBMaW1waWFkb3JlcyBhdmVyaWFkb3NeMDAwMDAwIHkgdHLDoWVtZSBeOTkwMDk5NVBpZXphcyBkZSByb2JvdCBhdmVyaWFkb14wMDAwMDAsIHBvciBmYXZvci4=
r+fOBw,,SSdsbCBkbyBpdC4=,,,,,W0NhbGRlaXJhXQpCb2Egc29ydGUh,,TG8gaGFyw6ku
sOfOBw,,SSB3YW50IHRvIHRha2UgYSBicmVhayB0b2RheS4uLg==,,,,,W0NhbGRlaXJhXQpFc3RyYW5oby4gTsOjbyBlc3TDoSBhcXVpIHBhcmEgbWUgYWp1ZGFyPyBUdWRvIGJlbS4=,,SG95IHF1aWVybyB0b21hcm1lIHVuIGRlc2NhbnNv4oCm
sefOBw,,W0JvaWxlcl0KR29vZCBsdWNrIQ==,,,,,W0NhbGRlaXJhXQpIdW0uLi4gTWFzIGV1IG91dmkgZGl6ZXIgcXVlIGh1bWFub3MgcXVlYnJhbSBzZSBuw6NvIGRlc2NhbnNhcmVtLiBWw6EgZGVzY2Fuc2FyIGUgdm9sdGUgZGVwb2lzIGRvIGFtYW5oZWNlci4=,,W0JvaWxlcl0KwqFCdWVuYSBzdWVydGUh
sufOBw,,W0JvaWxlcl0KU3RyYW5nZS4gQXJlbid0IHlvdSBoZXJlIHRvIGhlbHAgbWU/IEFscmlnaHQu,,,,,W0NhbGRlaXJhXQpKw6EgdGVybWlub3UgYSB0YXJlZmE/,,W0JvaWxlcl0KUXXDqSBleHRyYcOxby4gwr9ObyBlc3TDoXMgYXF1w60gcGFyYSBheXVkYXJtZT8gTXV5IGJpZW4u
s+fOBw,,W0JvaWxlcl0KVW1tLi4uIEJ1dCBJIGhlYXJkIGh1bWFucyBicmVhayBpZiB0aGV5IGRvbid0IHJlc3QuIEdvIHRha2UgYSBicmVhayBhbmQgY29tZSBiYWNrIGFmdGVyIGRhd24u,,,,,W0NhbGRlaXJhXQpWb2PDqiB0cm91eGUgbXVpdG8uIEFxdWkgZXN0w6NvIGFsZ3VucyBiaWxoZXRlcyBkZSBjb21pZGEgcGFyYSB2b2PDqi4gVmFsZXUu,,W0JvaWxlcl0KSG1t4oCmIFBlcm8gb8OtIHF1ZSBsb3MgaHVtYW5vcyBzZSBhdmVyw61hbiBzaSBubyBkZXNjYW5zYW4uIFTDs21hdGUgdW4gZGVzY2Fuc28geSB2dWVsdmUgZGVzcHXDqXMgZGVsIGFtYW5lY2VyLg==
tOfOBw,,W0JvaWxlcl0KQXJlIHlvdSBkb25lIHdpdGggdGhlIHRhc2s/,,,,,W0NhbGRlaXJhXQpIw6M/IFZvY8OqIG7Do28gdGVtIDUgUGFydGVzIGRlIFJvYsO0cyBRdWVicmFkb3MgY29tIHZvY8OqLiBUZW0gdW0gZnVybyBuYSBzdWEgYm9sc2Egb3UgYWxnbyBhc3NpbT8gRMOqIHVtYSBvbGhhZGEu,,W0JvaWxlcl0Kwr9UZXJtaW5hc3RlIGxhIHRhcmVhPw==
tefOBw,,W0JvaWxlcl0KWW91IGJyb3VnaHQgYSBsb3QuIEhlcmUncyBzb21lIG1lYWwgdGlja2V0cyBmb3IgeW91LiBUaGFua3Mu,,,,,W0NhbGRlaXJhXQpFaSwgaMOzc3BlZGVzIGh1bWFub3MgbsOjbyBwb2RlbSB2aXIgYXF1aS4gUGVsbyBxdWUgdmksIGVsZXMgbsOjbyBzw6NvIG11aXRvIGR1csOhdmVpcy4gRmlxdWUgbG9uZ2Uu,,W0JvaWxlcl0KVHJhamlzdGUgdW5hIGdyYW4gY2FudGlkYWQuIEFxdcOtIHRpZW5lcyB1bm9zIHZhbGVzIGRlIGNvbWlkYS4gR3JhY2lhcy4=
tufOBw,,W0JvaWxlcl0KSHVoPyBZb3UgZG9uJ3QgaGF2ZSA1IEJyb2tlbiBSb2JvdCBQYXJ0cyB3aXRoIHlvdS4gSXMgdGhlcmUgYSBob2xlIGluIHlvdXIgYmFnIG9yIHNvbWV0aGluZz8gQ2hlY2sgaXQu,,,,,VsOhbHZ1bGE=,,W0JvaWxlcl0Kwr9FaD8gTm8gdHJhZXMgNVBpZXphcyBkZSByb2JvdCBhdmVyaWFkby4gwr9TZSB0ZSBhZ3VqZXJlw7MgZWwgYm9sc28/IEbDrWphdGUu
t+fOBw,,W0JvaWxlcl0KSGV5LCBodW1hbiBndWVzdHMgc2hvdWxkbid0IGNvbWUgaW4gaGVyZS4gRnJvbSB3aGF0IEkndmUgc2VlbiwgdGhleSdyZSBub3QgdmVyeSBkdXJhYmxlLiBTdGF5IGJhY2su,,,,,KlBzaC0tLSogSsOhIGFjYWJvdT8=,,W0JvaWxlcl0KT3llLCBsb3MgaHXDqXNwZWRlcyBodW1hbm9zIG5vIGRlYmVyw61hbiBlbnRyYXIgYXF1w60uIFBvciBsbyBxdWUgdmksIG5vIHNvbiBtdXkgcmVzaXN0ZW50ZXMuIEF0csOhcy4=
uOfOBw,,VmFsdmU=,,,,,W1ZhcnJlZG9yXQpPIHF1ZSBhY29udGVjZXU/IFZvY8OqIGFpbmRhIHRlbSBhbGdvIGEgZmFsYXIgY29tIGEgQ2FsZGVpcmE/,,VmFsdmU=
uefOBw,,KlBzaC0tLSogSXMgaXQgZG9uZT8=,,,,,W1ZhcnJlZG9yXQpBIGNhbGRlaXJhIGrDoSBlc3TDoSBkZXNsaWdhZGEuIFN1cG9uaG8gcXVlIMOpIHBvciBpc3NvIHF1ZSB2b2PDqiBlc3TDoSBhcXVpPyBWb2PDqiBuw6NvIGRldmlhIHZvbHRhciBlIHJlcG9ydGFyPw==,,KlBzaCogwr9Fc3TDoSBoZWNobz8=
uufOBw,,W1N3ZWVwZXJdCldoYXQgaXMgaXQ/IERvIHlvdSBoYXZlIGJ1c2luZXNzIHdpdGggQm9pbGVyPw==,,,,,W1ZhcnJlZG9yXQpPIHF1ZSBhY29udGVjZXU/IFByZWNpc2Egb3V2aXIgYWluZGEgbWFpcz8gTsOjbyBtYXRvdSBhIHN1YSBjdXJpb3NpZGFkZSBzb2JyZSBhIGNyaWF0dXJhIGFub3JtYWw/,,W1N3ZWVwZXJdCsK/UXXDqSBzdWNlZGU/IMK/VGllbmVzIGFsZ28gcGVuZGllbnRlIGNvbiBCb2lsZXI/
u+fOBw,,W1N3ZWVwZXJdClRoZSBib2lsZXIgaXMgdHVybmVkIG9mZiBhbHJlYWR5LiBJIHN1cHBvc2UgdGhhdCdzIHdoeSB5b3UncmUgaGVyZT8gQXJlbid0IHlvdSBzdXBwb3NlZCB0byBnbyBiYWNrIGFuZCByZXBvcnQ/,,,,,R29zdGFyaWEgZGUgY29udmVyc2FyLg==,,W1N3ZWVwZXJdCkxhIGNhbGRlcmEgeWEgZXN0w6EgYXBhZ2FkYS4gU3Vwb25nbyBxdWUgcG9yIGVzbyBlc3TDoXMgYXF1w60gIMK/Tm8gc2Ugc3Vwb25lIHF1ZSB0aWVuZXMgcXVlIHZvbHZlciBlIGluZm9ybWFyPw==
vOfOBw,,W1N3ZWVwZXJdCldoYXQgaXMgaXQ/IFN0aWxsIG5lZWQgdG8gaGVhciBtb3JlPyBIYXZlbid0IHlvdSBzYXRpc2ZpZWQgeW91ciBjdXJpb3NpdHkgYWJvdXQgdGhlIGFibm9ybWFsIGNyZWF0dXJlPw==,,,,,W1ZhcnJlZG9yXQpDb252ZXJzYXIgbyBxdcOqPyBOw6NvIHBvc3NvIGZhbGFyIHNvYnJlIG5hZGEgYWzDqW0gZGUgbGltcGV6YS4gVGVtIGN1cmlvc2lkYWRlIHNvYnJlIGxpbXBlemE/CkrDoSBxdWUgZXNzZSBsdWdhciDDqSB1bWEgY2FzYSBkZSBiYW5obywgYSBoaWdpZW5lIMOpIG11aXRvIGltcG9ydGFudGUuIExpbXBhbW9zIGRpYXJpYW1lbnRlLCBhdMOpIG1haXMgc2UgbmVjZXNzw6FyaW8u,,W1N3ZWVwZXJdCsK/UXXDqSBzdWNlZGU/IMK/TmVjZXNpdGFzIG3DoXMgaW5mb3JtYWNpw7NuPyDCv05vIGhhcyBzYWNpYWRvIHR1IGN1cmlvc2lkYWQgc29icmUgbGEgY3JpYXR1cmEgYW5vcm1hbD8=
vefOBw,,SSdkIGxpa2UgdG8gdGFsay4=,,,,,W1ZhcnJlZG9yXQpSb2LDtHMgZGUgbGltcGV6YSBhbmRhbSBwZWxvIGJhbmhlaXJvIGUgdmFycmVtIHRvZGFzIGFzIHN1YnN0w6JuY2lhcyBlc3RyYW5oYXMgZSBzdWplaXJhIGRlIHVtYSBzw7MgdmV6LiBBIHBvbMOtdGljYSBiw6FzaWNhIMOpIG1hbmRhciB0b2RvcyBvcyBow7NzcGVkZXMgc2HDrXJlbSBkdXJhbnRlIGEgbGltcGV6YSwgbWFzIG7Do28gZmF6ZW1vcyBpc3NvIGNhc28gZWxlcyBxdWVpcmFtIGNvbnRpbnVhciB0b21hbmRvIGJhbmhvLg==,,TWUgZ3VzdGFyw61hIGhhYmxhci4=
vufOBw,,W1N3ZWVwZXJdCldoYXQgdGFsaz8gSSBjYW4gdGFsayBhYm91dCBub3RoaW5nIGJ1dCBjbGVhbmluZy4gQXJlIHlvdSBjdXJpb3VzIGFib3V0IGNsZWFuaW5nPwpTaW5jZSB0aGlzIHBsYWNlIGlzIGEgYmF0aGhvdXNlLCBoeWdpZW5lIGlzIHBhcmFtb3VudC4gV2UgY2xlYW4gZGFpbHkgYW5kIG1vcmUgaWYgbmVlZGVkLg==,,,,,W1ZhcnJlZG9yXQpObyBlbnRhbnRvLCByb2LDtHMgZGUgbGltcGV6YSBzw6NvIG11aXRvIHBlcmlnb3NvcywgasOhIHF1ZSBsaW1wYXIgw6kgc2V1IMO6bmljbyBwcm9ww7NzaXRvLCBlbnTDo28gc3VnaXJvIHF1ZSB2b2PDqiBvcyBldml0ZSBvIG3DoXhpbW8gcG9zc8OtdmVsLgpOYSB2ZXJkYWRlLCByb2LDtHMgZGUgbGltcGV6YSBuZW0gc2VtcHJlIGZvcmFtIHTDo28gcG9kZXJvc29zLiBObyBlbnRhbnRvLCBuw6NvIHBvZMOtYW1vcyBkZWl4YXIgZGUgYXByaW1vcsOhLWxvcyBwb3IgY2F1c2EgZG9zIGludHJ1c29zLg==,,W1N3ZWVwZXJdCsK/SGFibGFyIGRlIHF1w6k/IE5vIHB1ZWRvIGhhYmxhciBkZSBvdHJhIGNvc2EgcXVlIG5vIHNlYSBsaW1waWV6YS4gwr9TaWVudGVzIGN1cmlvc2lkYWQgcG9yIGxhIGxpbXBpZXphPwpFc3RlIGx1Z2FyIGVzIHVuIGJhw7FvIHDDumJsaWNvLCBhc8OtIHF1ZSBsYSBoaWdpZW5lIGVzIHByaW1vcmRpYWwuIExpbXBpYW1vcyBhIGRpYXJpbyB5IG3DoXMgc2kgZXMgbmVjZXNhcmlvLg==
v+fOBw,,W1N3ZWVwZXJdCkNsZWFuaW5nIHJvYm90cyBnZXQgYXJvdW5kIGluIHRoZSBiYXRoaG91c2UgYW5kIHN3ZWVwIGV2ZXJ5IGFsaWVuIHN1YnN0YW5jZSBhbmQgZmlsdGggYXdheSBhdCBvbmNlLiBUaGUgYmFzaWMgcG9saWN5IGlzIHRvIHNlbmQgYWxsIHRoZSBndWVzdHMgb3V0IHdoaWxlIGNsZWFuaW5nLCBidXQgd2UgZG9uJ3QgZG8gdGhhdCBpbiBjYXNlIHRoZXkgd2FudCB0byBjb250aW51ZSBiYXRoaW5nLg==,,,,,SW50cnVzb3M/,,W1N3ZWVwZXJdCkxvcyByb2JvdHMgZGUgbGltcGllemEgc2UgbXVldmVuIHBvciBlbCBiYcOxbyBww7pibGljbyB5IGJhcnJlbiB0b2RhcyBsYXMgc3VzdGFuY2lhcyBleHRyYcOxYXMgeSBsYSBzdWNpZWRhZCBhIGxhIHZlei4gTGEgcG9sw610aWNhIGLDoXNpY2EgZXMgcGVkaXIgYSB0b2RvcyBsb3MgaHXDqXNwZWRlcyBxdWUgc2FsZ2FuIG1pZW50cmFzIHNlIGxpbXBpYSwgcGVybyBubyBsbyBoYWNlbW9zIHBvciBzaSBkZXNlYW4gc2VndWlyIGJhw7HDoW5kb3NlLg==
wOfOBw,,W1N3ZWVwZXJdCkhvd2V2ZXIsIGNsZWFuaW5nIHJvYm90cyBhcmUgdmVyeSBkYW5nZXJvdXMgc2luY2UgY2xlYW5pbmcgaXMgdGhlaXIgb25seSBwdXJwb3NlLCBzbyBJIHN1Z2dlc3QgeW91IGF2b2lkIHRoZW0gYXMgbXVjaCBhcyBwb3NzaWJsZS4KSW4gZmFjdCwgY2xlYW5lciByb2JvdHMgd2VyZW4ndCBhbHdheXMgdGhpcyBwb3dlcmZ1bC4gSG93ZXZlciwgd2UgY291bGRuJ3QgaGVscCBidXQgZW5oYW5jZSB0aGVtIGJlY2F1c2Ugb2YgdGhlIGludHJ1ZGVycy4=,,,,,W1ZhcnJlZG9yXQpWb2PDqiBvcyB2aXU/IEFzc2ltIHF1ZSBzb3ViZXJhbSBzb2JyZSBhIGNhc2EgZGUgYmFuaG8sIGVsZXMgZmljYXJhbSBsb3Vjb3MgZSB2aWVyYW0gZW0gZ3J1cG9zLiBOw7NzIG9zIGltcGVkaW1vcywgZSBlbGVzIG5vcyBhdGFjYXJhbS4=,,W1N3ZWVwZXJdClNpbiBlbWJhcmdvLCBsb3Mgcm9ib3RzIGRlIGxpbXBpZXphIHNvbiBtdXkgcGVsaWdyb3NvcywgeWEgcXVlIGxpbXBpYXIgZXMgc3Ugw7puaWNhIGZpbmFsaWRhZCwgcG9yIGxvIHF1ZSB0ZSBzdWdpZXJvIHF1ZSBsb3MgZXZpdGVzIGVuIGxhIG1lZGlkYSBkZSBsbyBwb3NpYmxlLgpEZSBoZWNobywgbG9zIHJvYm90cyBsaW1waWFkb3JlcyBubyBzaWVtcHJlIGZ1ZXJvbiB0YW4gcG9kZXJvc29zLiBTaW4gZW1iYXJnbywgbm8gcHVkaW1vcyBldml0YXIgbWVqb3JhcmxvcyBwb3IgY3VscGEgZGUgbG9zIGludHJ1c29zLg==
wefOBw,,SW50cnVkZXJzPw==,,,,,W1ZhcnJlZG9yXQpDYW5vcyBkZSDDoWd1YSwgY2Fub3MgZGUgZHJlbmFnZW0sIGVsZXMgZW50cmF2YW0gcG9yIG9uZGUgY29uc2VndWlhbSBzZSBlbmZpYXIuIEF0w6kgb3MgcGVpeGVzIGRvIGxhZ28gdmllcmFtIHBhcmFyIGFxdWkuClRvcm5vdSBhIGxpbXBlemEgbXVpdG8gbWFpcyBkaWbDrWNpbC4gT3MgaW50cnVzb3MgYXTDqSBpbnRlcnJvbXBlcmFtIGEgbm9zc2EgbGltcGV6YS4gRWxlcyBuw6NvIGFqdWRhcmFtIGVtIG5hZGEu,,wr9JbnRydXNvcz8=
wufOBw,,W1N3ZWVwZXJdCkhhdmUgeW91IHNlZW4gdGhlbT8gQXMgdGhleSBsZWFybmVkIGFib3V0IHRoZSBiYXRoaG91c2UsIHRoZXkgbG9zdCB0aGVtc2VsdmVzIGFuZCBjYW1lIGluIGdyb3Vwcy4gV2Ugc3RvcHBlZCB0aGVtLCBhbmQgdGhleSB1c2VkIGZvcmNlLg==,,,,,W1ZhcnJlZG9yXQpFc3NhIMOpIHVtYSBjYXNhIGRlIGJhbmhvLiBBIGhpZ2llbmUgw6kgbWFpcyBpbXBvcnRhbnRlIHF1ZSB0dWRvLiBOYXR1cmFsbWVudGUsIGFwcmltb3JhbW9zIG9zIHJvYsO0cyByZXNwb25zw6F2ZWlzIHBlbGEgbGltcGV6YS4=,,W1N3ZWVwZXJdCsK/TG9zIGhhcyB2aXN0bz8gQWwgZW50ZXJhcnNlIGRlIGxhIGV4aXN0ZW5jaWEgZGVsIGJhw7FvIHDDumJsaWNvLCBzZSBwZXJkaWVyb24geSB2aW5pZXJvbiBlbiBncnVwb3MuIExvcyBkZXR1dmltb3MgeSB1c2Fyb24gbGEgZnVlcnphLg==
w+fOBw,,W1N3ZWVwZXJdCldhdGVyIHBpcGVzLCBkcmFpbiBwaXBlcywgdGhleSBjYW1lIGluIHRocm91Z2ggZXZlcnl0aGluZyB0aGV5IGNvdWxkIGZpdCB0aGVpciBib2RpZXMgaW4uIEl0IGV2ZW4gYnJvdWdodCBpbiBmaXNoIGZyb20gdGhlIGxha2UuCkl0IG1hZGUgY2xlYW5pbmcgbXVjaCBoYXJkZXIuIFRoZSBpbnRydWRlcnMgZXZlbiBpbnRlcnJ1cHRlZCB1cyBpbiBvdXIgY2xlYW5pbmcuIFRoZXkgZGlkbid0IGNvb3BlcmF0ZSBhdCBhbGwu,,,,,W1ZhcnJlZG9yXQpPcyBpbnRydXNvcyByZWN1YXJhbSwgbWFzIG7Do28gZm9yYW0gZWxpbWluYWRvcy4gRW50w6NvIHRpdmVtb3MgcXVlIGRlaXhhciBvcyByb2LDtHMgZGUgbGltcGV6YSBhcHJpbW9yYWRvcyBwb3IgY29udGEgcHLDs3ByaWEuIEN1aWRhZG8gcXVhbmRvIGEgaG9yYSBkYSBsaW1wZXphIGNvbWXDp2FyLg==,,W1N3ZWVwZXJdClR1YmVyw61hcyBkZSBhZ3VhLCBkZSBkZXNhZ8O8ZSwgZW50cmFiYW4gcG9yIGRvbmRlIGxlcyBjYWLDrWEgZWwgY3VlcnBvLiBJbmNsdXNvIGVudHJhcm9uIHBlY2VzIGRlbCBsYWdvLgpEaWZpY3VsdMOzIG11Y2hvIGxhIGxpbXBpZXphLiBMb3MgaW50cnVzb3MgaW50ZXJydW1ww61hbiBtaWVudHJhcyBsaW1wacOhYmFtb3MuIE5vIGNvb3BlcmFiYW4gZW4gYWJzb2x1dG8u
xOfOBw,,W1N3ZWVwZXJdClRoaXMgaXMgYSBiYXRoaG91c2UuIEh5Z2llbmUgdGFrZXMgcHJpb3JpdHkgYWJvdmUgYWxsIGVsc2UuIE5hdHVyYWxseSwgd2UgZW5oYW5jZWQgdGhlIHJvYm90cyBpbiBjaGFyZ2Ugb2YgY2xlYW5pbmcu,,,,,RWxlcyB0ZSBpbnRlcnJvbXBlbSBtdWl0bz8=,,W1N3ZWVwZXJdCkVzdG8gZXMgdW4gYmHDsW8gcMO6YmxpY28uIExhIGhpZ2llbmUgZXN0w6EgcG9yIGVuY2ltYSBkZSB0b2RvLiBQb3Igc3VwdWVzdG8sIG1lam9yYW1vcyBsb3Mgcm9ib3RzIGVuY2FyZ2Fkb3MgZGUgbGEgbGltcGllemEu
xefOBw,,W1N3ZWVwZXJdClRoZSBpbnRydWRlcnMgYmFja2VkIG9mZiwgYnV0IHRoZXkgd2VyZW4ndCBlcmFkaWNhdGVkLiBTbyB3ZSBoYWQgdG8gbGVhdmUgdGhlIGVuaGFuY2VkIGNsZWFuZXIgcm9ib3RzIG9uIHRoZWlyIG93bi4gQmUgY2FyZWZ1bCB3aGVuIHRoZSBjbGVhbmluZyB0aW1lIGNvbWVzLg==,,,,,W1ZhcnJlZG9yXQpFdSBuw6NvIGVudGVuZG8gc29icmUgbyBkZXNlam8gaHVtYW5vLgpFdSBzw7Mgc2VpIHF1ZSBodW1hbm9zIHByZWNpc2FtIGRlIGJhbmhvLCB1bSBlc3Bhw6dvIHBhcmEgZmF6ZXIgaXNzbywgZSBsaW1wZXphLiBFIGEgbWluaGEgdGFyZWZhIMOpIGxpbXBhci4=,,W1N3ZWVwZXJdCkxvcyBpbnRydXNvcyByZXRyb2NlZGllcm9uLCBwZXJvIG5vIGZ1ZXJvbiBlcnJhZGljYWRvcy4gQXPDrSBxdWUgdHV2aW1vcyBxdWUgZGVqYXIgcXVlIGxvcyByb2JvdHMgbGltcGlhZG9yZXMgbWVqb3JhZG9zIHRyYWJhamFyYW4gcG9yIHN1IGN1ZW50YS4gVGVuIGN1aWRhZG8gY3VhbmRvIGxsZWd1ZSBsYSBob3JhIGRlIGxhIGxpbXBpZXphLg==
xufOBw,,RGlkIHRoZXkgaW50ZXJydXB0IHlvdSBhIGxvdD8=,,,,,W1ZhcnJlZG9yXQpUZW0gZG9pcyB0aXBvcyBkZSBpbnRydXNvczogb3Mgb2JjZWNhZG9zIHBvciBiYW5obyBvdSBvcyBvYmNlY2Fkb3MgcGVsYXMgaW5zdGFsYcOnw7Vlcy4gT3MgZG9pcyB0aXBvcyBzw6NvIG9iY2VjYWRvcyBwb3IgYWxndW1hIGNvaXNhLg==,,wr9UZSBpbnRlcnJ1bXDDrWFuIG11Y2hvPw==
x+fOBw,,W1N3ZWVwZXJdCkkgZG9uJ3Qga25vdyBhYm91dCBodW1hbiBkZXNpcmUuCkkgb25seSBrbm93IHRoYXQgaHVtYW5zIG5lZWQgYmF0aGluZywgdGhlIHNwYWNlIHRvIHRha2UgYSBiYXRoLCBhbmQgY2xlYW5pbmcuIEFuZCB0aGF0IG15IHRhc2sgaXMgdG8gY2xlYW4u,,,,,W1ZhcnJlZG9yXQpBcXVlbGVzIG9iY2VjYWRvcyBwb3IgYmFuaG8gbsOjbyBjb29wZXJhcmFtIGNvbSBhIGxpbXBlemEsIGUgYXF1ZWxlcyBvYmNlY2Fkb3MgcGVsYXMgaW5zdGFsYcOnw7VlcyBkZXN0cnXDrXJhbSBvIGx1Z2FyIGUgb3Mgcm9iw7RzLgpFbGVzIGxldmFyYW0gYSBjYWxkZWlyYSwgcXVlYnJhcmFtIG9zIGNhbm9zIGUgZGVzbW9udGFyYW0gb3Mgcm9iw7RzLiBQYXJlY2UgcXVlIHZhaSBsZXZhciBtdWl0byB0ZW1wbyBwYXJhIHJlc3RhdXJhciB0dWRvLiBPdXZpciBkaXplciBxdWUgb3V0cm9zIGx1Z2FyZXMgbmEgbWFuc8OjbyB0YW1iw6ltIGVzdMOjbyBlbmZyZW50YW5kbyBzaXR1YcOnw7VlcyBkaWbDrWNlaXMu,,W1N3ZWVwZXJdCk5vIHPDqSBuYWRhIGRlbCBkZXNlbyBodW1hbm8uClNvbG8gc8OpIHF1ZSBsb3MgaHVtYW5vcyBuZWNlc2l0YW4gYmHDsWFyc2UsIGVzcGFjaW8gcGFyYSBoYWNlcmxvIHkgbGltcGllemEuIFkgcXVlIG1pIHRhcmVhIGVzIGxpbXBpYXIu
yOfOBw,,W1N3ZWVwZXJdClRoZXJlIHdlcmUgdHdvIGtpbmRzIG9mIGludHJ1ZGVyczogdGhvc2Ugb2JzZXNzZWQgd2l0aCBiYXRoaW5nIG9yIHRob3NlIG9ic2Vzc2VkIHdpdGggdGhlIGZhY2lsaXRpZXMuIEJvdGgga2luZHMgd2VyZSBvYnNlc3NlZCB3aXRoIHNvbWV0aGluZy4=,,,,,W1ZhcnJlZG9yXQpRdWFsIMOpIGEgbWFpb3IgZGlmZXJlbsOnYSBlbnRyZSBow7NzcGVkZXMgZSBpbnRydXNvcz8gUG9yIHF1ZSBvcyBpbnRydXNvcyBhZ2VtIGRpZmVyZW50ZSBkb3MgaMOzc3BlZGVzPyBDb21vIG9zIGh1bWFub3MgZGlzdGluZ3VlbSBlc3NlcyBkb2lzIGdydXBvcz8=,,W1N3ZWVwZXJdCkhhYsOtYSBkb3MgdGlwb3MgZGUgaW50cnVzb3M6IGxvcyBvYnNlc2lvbmFkb3MgY29uIGVsIGJhw7FvIHkgbG9zIG9ic2VzaW9uYWRvcyBjb24gbGFzIGluc3RhbGFjaW9uZXMuIExvcyBkb3MgZXN0YWJhbiBvYnNlc2lvbmFkb3MgY29uIGFsZ28u
yefOBw,,W1N3ZWVwZXJdClRob3NlIHdobyB3ZXJlIG9ic2Vzc2VkIHdpdGggYmF0aGluZyBkaWQgbm90IGNvb3BlcmF0ZSB3aXRoIHRoZSBjbGVhbmluZywgYW5kIHRob3NlIHdobyB3ZXJlIG9ic2Vzc2VkIHdpdGggdGhlIGZhY2lsaXRpZXMgZGVzdHJveWVkIHRoZSBmYWNpbGl0aWVzIGFuZCByb2JvdHMuClRoZXkgdG9vayB0aGUgYm9pbGVyLCBicm9rZSBwaXBlcywgYW5kIGRpc21hbnRsZWQgcm9ib3RzLiBJIGhlYXJkIGl0J2xsIHRha2UgYSBsb25nIHRpbWUgdG8gcmVzdG9yZSBldmVyeXRoaW5nLiBJIGhhdmUgaGVhcmQgdGhhdCBvdGhlciBwbGFjZXMgaW4gdGhlIG1hbnNpb24gYXJlIGFsc28gZmFjaW5nIGRpZmZpY3VsdCBzaXR1YXRpb25zLg==,,,,,W1ZhcnJlZG9yXQpBY2hvIHF1ZSBhIHJhesOjbyBwZWxhIHF1YWwgbsOzcywgcm9iw7RzLCBuw6NvIHNhYmVtb3MgZGlzc28gw6kgcG9ycXVlIHPDsyBpbnRlcmFnaW1vcyBjb20gaMOzc3BlZGVzLgpOw6NvIGNvbnNlZ3VpbW9zIHNlbnRpciBuYWRhIHF1ZSBvcyBodW1hbm9zIGNvbnNlZ3VlbSBuYXR1cmFsbWVudGUuIE7Do28gcG9kZW1vcyBuZW0gc2VudGlyIGEgdGV4dHVyYSBkZSBhbGdvIGFvIHRvY2FyLg==,,W1N3ZWVwZXJdCkxvcyBvYnNlc2lvbmFkb3MgY29uIGVsIGJhw7FvIG5vIGNvbGFib3JhYmFuIGNvbiBsYSBsaW1waWV6YSwgeSBsb3Mgb2JzZXNpb25hZG9zIGNvbiBsYXMgaW5zdGFsYWNpb25lcyBkZXN0cnXDrWFuIGxhcyBpbnN0YWxhY2lvbmVzIHkgbG9zIHJvYm90cy4KU2UgbGxldmFyb24gbGEgY2FsZGVyYSwgcm9tcGllcm9uIHR1YmVyw61hcyB5IGRlc2FybWFyb24gcm9ib3RzLiBFc2N1Y2jDqSBxdWUgbGxldmFyw6EgbXVjaG8gdGllbXBvIHJlc3RhdXJhcmxvIHRvZG8uIFRhbWJpw6luIGVzY3VjaMOpIHF1ZSBvdHJvcyBsdWdhcmVzIGRlIGxhIG1hbnNpw7NuIHNlIGVuZnJlbnRhbiBhIHNpdHVhY2lvbmVzIGRpZsOtY2lsZXMu
yufOBw,,W1N3ZWVwZXJdCldoYXQgaXMgdGhlIGJpZ2dlc3QgZGlmZmVyZW5jZSBiZXR3ZWVuIGd1ZXN0cyBhbmQgaW50cnVkZXJzPyBXaHkgZG8gaW50cnVkZXJzIGFjdCBkaWZmZXJlbnRseSB0aGFuIGd1ZXN0cz8gSG93IGRvIGh1bWFucyBkaXN0aW5ndWlzaCB0aG9zZSB0d28gZ3JvdXBzPw==,,,,,W1ZhcnJlZG9yXQpNYXMgbsOjbyBzYWJlciBkZXNzYXMgY29pc2FzIG7Do28gYXRyYXBhbGhhIG1pbmhhIG1pc3PDo28uIExpbXBhciDDqSB0dWRvIG8gcXVlIHRlbmhvIHF1ZSBmYXplci4gU8OzIHRlbmhvIHF1ZSBmYXplciBtaW5oYSB0YXJlZmEuIFF1ZSDDqSB2YXJyZXIgdG9kbyBvIGxpeG8gcXVlIGVuY29udHJvLg==,,W1N3ZWVwZXJdCsK/Q3XDoWwgZXMgbGEgbWF5b3IgZGlmZXJlbmNpYSBlbnRyZSBodcOpc3BlZGVzIGUgaW50cnVzb3M/IMK/UG9yIHF1w6kgbG9zIGludHJ1c29zIGFjdMO6YW4gZGUgZm9ybWEgZGlmZXJlbnRlIGEgbG9zIGh1w6lzcGVkZXM/IMK/Q8OzbW8gZGlzdGluZ3VlbiBsb3MgaHVtYW5vcyBlc29zIGRvcyBncnVwb3M/
y+fOBw,,W1N3ZWVwZXJdCkkgdGhpbmsgdGhlIHJlYXNvbiB3aHkgd2Ugcm9ib3RzIGRvbid0IGtub3cgaXQgaXMgYmVjYXVzZSB3ZSd2ZSBvbmx5IGludGVyYWN0ZWQgd2l0aCBndWVzdHMuCldlIGNhbid0IGZlZWwgYW55dGhpbmcgaHVtYW5zIG5hdHVyYWxseSBjYW4uIFdlIGNhbid0IGV2ZW4gZmVlbCBob3cgc29tZXRoaW5nIGZlZWxzIHRvIHRoZSB0b3VjaC4=,,,,,W1ZhcnJlZG9yXQpIdW1hbm9zIGZhemVtIGNvaXNhcyBodW1hbmFzLCBlIHJvYsO0cyBmYXplbSBjb2lzYXMgZGUgcm9iw7RzLg==,,W1N3ZWVwZXJdCkNyZW8gcXVlIGxhIHJhesOzbiBwb3IgbGEgcXVlIGxvcyByb2JvdHMgbm8gbG8gc2FiZW1vcyBlcyBwb3JxdWUgc29sbyBoZW1vcyBpbnRlcmFjdHVhZG8gY29uIGh1w6lzcGVkZXMuCk5vIHBvZGVtb3Mgc2VudGlyIG5hZGEgZGUgbG8gcXVlIGxvcyBodW1hbm9zIHNpZW50ZW4gZGUgZm9ybWEgbmF0dXJhbC4gTmkgc2lxdWllcmEgc2FiZW1vcyBjw7NtbyBzZSBzaWVudGUgYWxnbyBhbCB0YWN0by4=
zOfOBw,,W1N3ZWVwZXJdCkJ1dCBub3Qga25vd2luZyBzdWNoIHRoaW5ncyBkb2VzIG5vdCBoaW5kZXIgbXkgbWlzc2lvbi4gQ2xlYW5pbmcgaXMgYWxsIEkgaGF2ZSB0byBkby4gSSBqdXN0IGhhdmUgdG8gZG8gbXkgdGFzay4gV2hpY2ggaXMgc3dlZXBpbmcgYXdheSBhbGwgdGhlIHRyYXNoIEkgZmluZC4=,,,,,W1ZhcnJlZG9yXQpNYXMuLi4gRXUgZ29zdGFyaWEgcXVlIG8gaMOzc3BlZGUgaHVtYW5vIHt9IG1lIGFqdWRhc3NlIGNvbSB1bWEgY29pc2EuIFRlbSBpbnRlcmVzc2U/,,W1N3ZWVwZXJdClBlcm8gbm8gc2FiZXIgZXNhcyBjb3NhcyBubyBvYnN0YWN1bGl6YSBtaSBtaXNpw7NuLiBMaW1waWFyIGVzIHRvZG8gbG8gcXVlIHRlbmdvIHF1ZSBoYWNlci4gU29sbyB0ZW5nbyBxdWUgaGFjZXIgbWkgdGFyZWEuIFF1ZSBlcyBiYXJyZXIgdG9kYSBsYSBiYXN1cmEgcXVlIGVuY3VlbnRyby4=
zefOBw,,W1N3ZWVwZXJdCkh1bWFucyBkbyBodW1hbiB0aGluZ3MsIGFuZCByb2JvdHMgZG8gcm9ib3QgdGhpbmdzLg==,,,,,RXN0b3UgY29tIG11aXRhIGNvaXNhIHByYSBmYXplci4=,,W1N3ZWVwZXJdCkxvcyBodW1hbm9zIGhhY2VuIGNvc2FzIGRlIGh1bWFub3MgeSBsb3Mgcm9ib3RzIGhhY2VuIGNvc2FzIGRlIHJvYm90cy4=
zufOBw,,W1N3ZWVwZXJdCkJ1dC4uLiBJJ2QgbGlrZSBodW1hbiBndWVzdCB7fSB0byBoZWxwIG1lIHdpdGggb25lIHRoaW5nLiBBcmUgeW91IGludGVyZXN0ZWQ/,,,,,W1ZhcnJlZG9yXQpFbnRlbmRpLiBPIE1lc3RyZSBtZSBkaXNzZSBxdWUgbsOjbyBkZXZvIGF0cmFzYXIgdW0gaMOzc3BlZGUgb2N1cGFkby4=,,W1N3ZWVwZXJdClBlcm/igKYgTWUgZ3VzdGFyw61hIHF1ZSBlbCBodcOpc3BlZCBodW1hbm8ge30gbWUgYXl1ZGFyYSBjb24gdW5hIGNvc2EuIMK/VGUgaW50ZXJlc2E/
z+fOBw,,SSdtIGEgbGl0dGxlIGJ1c3ku,,,,,W1ZhcnJlZG9yXQpFbnTDo28sIHBvciBmYXZvciwgZWxpbWluZSBeOTM3MERCMTUgQ2F2YWxvcy1NYXJpbmhvcyBGZXJ2ZW50ZXMgZSAxNSBQaXJhbmhhcyBGZXJ2ZW50ZXNeMDAwMDAwLiBTw6NvIGEgcHJpbmNpcGFsIGNhdXNhIGRhIHN1amVpcmEgbmEgY2FzYSBkZSBiYW5oby4=,,VGVuZ28gY29zYXMgcXVlIGhhY2VyLg==
0OfOBw,,W1N3ZWVwZXJdCkkgc2VlLiBNYXN0ZXIgdG9sZCBtZSB0aGF0IEkgc2hvdWxkbid0IGRlbGF5IGEgYnVzeSBndWVzdC4=,,,,,W1ZhcnJlZG9yXQpOw6NvIHBvZGVtb3MgcGVkaXIgYWp1ZGEgYSBvdXRyb3Mgcm9iw7RzIHBvcnF1ZSBlc3RhbW9zIGNvbSBmYWx0YSBkZSBnZW50ZSwgZW50w6NvIGVzdGFtb3MgcG9yIGNvbnRhIHByw7NwcmlhLiAKTGltcGFtb3Mgb3MgcGVpeGVzIHNlbXByZSBxdWUgb3MgdmVtb3MsIG1hcyBzw6NvIG11aXRvcy4gTsOjbyBwb2RlbW9zIGFkaWFyIGlzc28gcG9ycXVlIMOpIHVtYSBxdWVzdMOjbyBkZSBoaWdpZW5lIGUgc2VndXJhbsOnYS4gRXN0b3UgY29udGFuZG8gY29tIHZvY8OqLg==,,W1N3ZWVwZXJdCllhIHZlby4gRWwgbWFlc3RybyBtZSBkaWpvIHF1ZSBubyBkZWLDrWEgcmV0cmFzYXIgYSB1biBodcOpc3BlZCBvY3VwYWRvLg==
0efOBw,,W1N3ZWVwZXJdClRoZW4sIHBsZWFzZSBlcmFkaWNhdGUgXjAwMDBDRDE1IEJvaWxpbmcgTWFyY3MgYW5kIDE1IEJvaWxpbmcgUGlyYW5oYXNeMDAwMDAwLiBUaG9zZSB0aGluZ3MgYXJlIHRoZSBtYWluIGNhdXNlIG9mIGZpbHRoIGluIHRoZSBiYXRoaG91c2Uu,,,,,W1ZhcnJlZG9yXQpPIHF1ZSBhY29udGVjZXU/IFZvY8OqIGVzdMOhIGFxdWkgcGFyYSBhanVkYXI/,,W1N3ZWVwZXJdCkVudG9uY2VzLCBlcnJhZGljYSBeOTkwMDk5MTVNYXJjIGhpcnZpZW50ZXMgeSAxNVBpcmHDsWFzIGhpcnZpZW50ZXNeMDAwMDAwLiBTb24gbGEgY2F1c2EgcHJpbmNpcGFsIGRlIGxhIHN1Y2llZGFkIGVuIGVsIGJhw7FvIHDDumJsaWNvLg==
0ufOBw,,W1N3ZWVwZXJdCldlIGNhbid0IGNhbGwgYXNzaXN0IGZyb20gb3RoZXIgcm9ib3RzIHNpbmNlIHdlJ3JlIHNob3J0LWhhbmRlZCwgc28gd2UncmUgb24gb3VyIG93bi4gV2UgY2xlYW4gdGhlIGZpc2ggd2hlbmV2ZXIgd2Ugc2VlIHRoZW0sIGJ1dCB0aGVyZSBhcmUgdG9vIG1hbnkgb2YgdGhlbS4gV2UgY2FuJ3QgZGVsYXkgdGhpcyBiZWNhdXNlIGl0J3MgYSBoeWdpZW5lIGFuZCBzYWZldHkgaXNzdWUuIEknbGwgYmUgY291bnRpbmcgb24geW91Lg==,,,,,RXUgdm91IGxpZGFyIGNvbSBvcyBwZWl4ZXMu,,W1N3ZWVwZXJdCk5vIHBvZGVtb3MgcGVkaXIgYXl1ZGEgYSBvdHJvcyByb2JvdHMgcG9ycXVlIG5vcyBmYWx0YSBwZXJzb25hbCwgYXPDrSBxdWUgZXN0YW1vcyBzb2xvcy4gTm9zIGVuY2FyZ2Ftb3MgZGUgbG9zIHBlY2VzIGNhZGEgdmV6IHF1ZSBsb3MgdmVtb3MsIHBlcm8gc29uIGRlbWFzaWFkb3MuIE5vIHBvZGVtb3MgcmV0cmFzYXJub3MgcG9ycXVlIGVzIHVuYSBjdWVzdGnDs24gZGUgaGlnaWVuZSB5IHNlZ3VyaWRhZC4gQ3VlbnRvIGNvbnRpZ28u
0+fOBw,,W1N3ZWVwZXJdCldoYXQgaXMgaXQ/IEFyZSB5b3UgaGVyZSB0byBoZWxwPw==,,,,,UXVlcm8gc2FiZXIgc29icmUgYSBsaW1wZXphLg==,,W1N3ZWVwZXJdCsK/UXXDqSBzdWNlZGU/IMK/RXN0w6FzIGFxdcOtIHBhcmEgYXl1ZGFyPw==
1OfOBw,,SSdsbCBkZWFsIHdpdGggdGhlIGZpc2gu,,,,,W1ZhcnJlZG9yXQpFdSBhZ3JhZGXDp28gcG9yIHN1YSBhanVkYS4gUG9yIGZhdm9yLCBlbGltaW5lIF45MzcwREIxNSBDYXZhbG9zLU1hcmluaG9zIEZlcnZlbnRlcyBlIDE1IFBpcmFuaGFzIEZlcnZlbnRlc14wMDAwMDAu,,WW8gbWUgZW5jYXJnbyBkZSBsb3MgcGVjZXMu
1efOBw,,SSdtIGN1cmlvdXMgYWJvdXQgdGhlIGNsZWFuaW5nLg==,,,,,W1ZhcnJlZG9yXQpBIGxpbXBlemEgw6kgYSBtZXNtYSBkZSBzZW1wcmUuIEVzdMOhIGRpZsOtY2lsIHBvciBjYXVzYSBkZSB0b2RvcyBvcyBvYnN0w6FjdWxvcy4=,,VGVuZ28gY3VyaW9zaWRhZCBwb3IgbGEgbGltcGllemEu
1ufOBw,,W1N3ZWVwZXJdCkkgYXBwcmVjaWF0ZSB5b3VyIGhlbHAuIFBsZWFzZSBlcmFkaWNhdGUgXjAwMDBDRDE1IEJvaWxpbmcgTWFyY3MgYW5kIDE1IEJvaWxpbmcgUGlyYW5oYXNeMDAwMDAwLg==,,,,,RXUgdm91IGxpZGFyIGNvbSBvcyBwZWl4ZXMu,,W1N3ZWVwZXJdClRlIGFncmFkZXpjbyBsYSBheXVkYS4gRXJyYWRpY2EgXjk5MDA5OTE1TWFyYyBoaXJ2aWVudGVzIHkgMTVQaXJhw7FhcyBoaXJ2aWVudGVzXjAwMDAwMC4=
1+fOBw,,W1N3ZWVwZXJdCkNsZWFuaW5nIGlzIHRoZSBzYW1lIGFzIGFsd2F5cy4gSXQncyBoYXJkIGJlY2F1c2Ugb2YgYWxsIHRoZSBoaW5kcmFuY2VzLg==,,,,,XkVFMDAwMExpZGFuZG8gY29tIG9zIFBlaXhlcyAtIFBlbmRlbnRlXjAwMDAwMA==,,W1N3ZWVwZXJdCkxhIGxpbXBpZXphIGVzIGxhIGRlIHNpZW1wcmUuIEVzIGRpZsOtY2lsIHBvciB0b2RvcyBsb3Mgb2JzdMOhY3Vsb3Mu
2OfOBw,,SSdsbCBkZWFsIHdpdGggdGhlIGZpc2gu,,,,,RXUgbGlkZWkgY29tIG9zIHBlaXhlcy4=,,WW8gbWUgZW5jYXJnbyBkZSBsb3MgcGVjZXMu
2efOBw,,XkFBQUFBQURlYWxpbmcgd2l0aCBGaXNoIC0gUGVuZGluZ14wMDAwMDA=,,,,,XkVFMDAwMExpZGFuZG8gY29tIG9zIFBlaXhlcyAtIEVtIFByb2dyZXNzb14wMDAwMDA=,,Xjg4MDA4OE9jdXBhcnNlIGRlIGxvcyBwZWNlcyAtIFBlbmRpZW50ZV4wMDAwMDA=
2ufOBw,,SSBkZWFsdCB3aXRoIHRoZSBmaXNoLg==,,,,,Q2VydG8u,,TWUgb2N1cMOpIGRlIGxvcyBwZWNlcy4=
2+fOBw,,XkFBQUFBQURlYWxpbmcgd2l0aCBGaXNoIC0gSW4gUHJvZ3Jlc3NeMDAwMDAw,,,,,W1ZhcnJlZG9yXQpFc3RhcmVpIGVzcGVyYW5kby4=,,Xjg4MDA4OE9jdXBhcnNlIGRlIGxvcyBwZWNlcyAtIEVuIGN1cnNvXjAwMDAwMA==
3OfOBw,,QWxyaWdodC4=,,,,,W1ZhcnJlZG9yXQpDZXJ0by4gT3V2aSBkaXplciBxdWUgb3MgaHVtYW5vcyBwcmVjaXNhbSBkZXNjYW5zYXIgY29tIGZyZXF1w6puY2lhLg==,,TXV5IGJpZW4u
3efOBw,,W1N3ZWVwZXJdCkknbGwgYmUgd2FpdGluZy4=,,,,,W1ZhcnJlZG9yXQpFbnTDo28sIGFjaG8gcXVlIHZvY8OqIGRldmVyaWEgZmF6ZXIgdW1hIHBhdXNhIHByaW1laXJvLiBWb2x0ZSBkZXBvaXMgZG8gYW1hbmhlY2VyLg==,,W1N3ZWVwZXJdCkVzdGFyw6kgZXNwZXJhbmRvLg==
3ufOBw,,W1N3ZWVwZXJdCkFscmlnaHQuIEkgaGVhcmQgaHVtYW5zIG5lZWQgdG8gcmVzdCBvZnRlbi4=,,,,,W1ZhcnJlZG9yXQpWb2PDqiBqw6EgY3VpZG91IGRlbGVzPw==,,W1N3ZWVwZXJdCk11eSBiaWVuLiBPw60gcXVlIGxvcyBodW1hbm9zIG5lY2VzaXRhbiBkZXNjYW5zYXIgYSBtZW51ZG8u
3+fOBw,,W1N3ZWVwZXJdCkFuZCBzbywgSSB0aGluayB5b3Ugc2hvdWxkIHRha2UgYSBicmVhayBmaXJzdC4gQ29tZSBiYWNrIGFmdGVyIGRhd24u,,,,,W1ZhcnJlZG9yXQpQZXJmZWl0by4gQWdyYWRlw6dvIG11aXRvLiBFdSBhcHJlY2lhcmlhIG1haXMgc2Ugdm9jw6ogdm9sdGFzc2UgZGVwb2lzIGRvIGFtYW5oZWNlci4=,,W1N3ZWVwZXJdClkgcG9yIGVzbywgY3JlbyBxdWUgcHJpbWVybyBkZWJlcsOtYXMgdG9tYXJ0ZSB1biBkZXNjYW5zby4gVnVlbHZlIGRlc3B1w6lzIGRlbCBhbWFuZWNlci4=
4OfOBw,,W1N3ZWVwZXJdCkRpZCB5b3UgdGFrZSBjYXJlIG9mIHRoZW0gYWxsPw==,,,,,W1ZhcnJlZG9yXQpOw6NvIMOpIG8gYmFzdGFudGUuIFBvciBmYXZvciwgZWxpbWluZSBeOTM3MERCMTUgQ2F2YWxvcy1NYXJpbmhvcyBGZXJ2ZW50ZXMgZSAxNSBQaXJhbmhhcyBGZXJ2ZW50ZXNeMDAwMDAwLiBFbGVzIHPDo28gdW1hIGNoYXRpY2Uu,,W1N3ZWVwZXJdCsK/VGUgb2N1cGFzdGUgZGUgdG9kb3MgZWxsb3M/
4efOBw,,W1N3ZWVwZXJdClBlcmZlY3QuIFRoYW5rIHlvdSB2ZXJ5IG11Y2guIEknZCBhcHByZWNpYXRlIGl0IG1vcmUgaWYgeW91IGNhbWUgYmFjayBhZnRlciBkYXduLg==,,,,,W1ZhcnJlZG9yXQpBaW5kYSB0ZW0gYWxnbyBwYXJhIHRyYXRhciBhcXVpPyBBY2hlaSBxdWUgdm9jw6ogYWluZGEgdGl2ZXNzZSBhbGdvIGEgZmF6ZXIu,,W1N3ZWVwZXJdClBlcmZlY3RvLiBNdWNoYXMgZ3JhY2lhcy4gVGUgYWdyYWRlY2Vyw61hIHNpIHZvbHZpZXJhcyBkZXNwdcOpcyBkZWwgYW1hbmVjZXIu
4ufOBw,,W1N3ZWVwZXJdCk5vdCBlbm91Z2guIFBsZWFzZSBlcmFkaWNhdGUgXjAwMDBDRDE1IEJvaWxpbmcgTWFyY3MgYW5kIDE1IEJvaWxpbmcgUGlyYW5oYXNeMDAwMDAwLiBTdWNoIGEgbnVpc2FuY2UgdGhleSBhcmUu,,,,,W1ZhcnJlZG9yXQpWb2PDqiBkZXZlIHRlciBtdWl0byBjdWlkYWRvIHF1YW5kbyBlc3RpdmVybW9zIHJlYWxpemFuZG8gdW1hIGdyYW5kZSBsaW1wZXphLiDDiSBtdWl0byBwZXJpZ29zby4=,,W1N3ZWVwZXJdCk5vIGVzIHN1ZmljaWVudGUuIEVycmFkaWNhIF45OTAwOTkxNU1hcmMgaGlydmllbnRlcyB5IDE1UGlyYcOxYXMgaGlydmllbnRlc14wMDAwMDAuIFNvbiB1bmEgbW9sZXN0aWEu
4+fOBw,,W1N3ZWVwZXJdClN0aWxsIGhhdmUgYnVzaW5lc3MgaGVyZT8gSSB0aG91Z2h0IHlvdSBoYWQgc29tZXRoaW5nIHRvIGRvLg==,,,,,W05vdmF0b10KLi4uRWksIHVoLi4u,,W1N3ZWVwZXJdCsK/VG9kYXbDrWEgdGllbmVzIGFzdW50b3MgcGVuZGllbnRlcyBhcXXDrT8gUGVuc8OpIHF1ZSB0ZW7DrWFzIGFsZ28gcXVlIGhhY2VyLg==
5OfOBw,,W1N3ZWVwZXJdCllvdSBzaG91bGQgYmUgZXh0cmEgY2FyZWZ1bCB3aGVuIHdlJ3JlIGNvbmR1Y3RpbmcgYSBncmFuZCBjbGVhbnVwLiBJdCdzIHZlcnkgZGFuZ2Vyb3VzLg==,,,,,Tm92YXRvPw==,,W1N3ZWVwZXJdCkhheSBxdWUgdGVuZXIgbXVjaG8gY3VpZGFkbyBjdWFuZG8gaGFjZW1vcyB1bmEgbGltcGllemEgZ2VuZXJhbC4gRXMgbXV5IHBlbGlncm9zby4=
5efOBw,,W1Jvb2tpZV0KLi4uSGV5LCB1aC4uLg==,,,,,W05vdmF0b10KSHVtPyBTaW0uIEh1bS4uLiBOw6NvIHRlbSBuYWRhIGFxdWksIHBvciBmYXZvciwgdsOhIHBhcmEgbyBeOTM3MERCbGFnb14wMDAwMDAu,,W1ByaW5jaXBpYW50ZV0K4oCmT3llLCB1aOKApg==
5ufOBw,,Um9va2llPw==,,,,,TyBsYWdvPw==,,wr9QcmluY2lwaWFudGU/
5+fOBw,,W1Jvb2tpZV0KSHVoPyBZZXMuIFVtbS4uLiBUaGVyZSdzIG5vdGhpbmcgaGVyZSwgc28gcGxlYXNlIGdvIHRvIHRoZSBeMDAwMENEbGFrZV4wMDAwMDAu,,,,,W05vdmF0b10KVG9kb3Mgb3MgcmFsb3Mgc8OjbyBhYmVydG9zIGR1cmFudGUgYSBsaW1wZXphLCBlIG91dmkgZGl6ZXIgcXVlIHZvY8OqIMOpIGxldmFkbyBwYXJhIG8gbGFnbyBlbSB2ZXogZGEgcGxhbnRhIGRlIHRyYXRhbWVudG8gZGUgZXNnb3RvIHNlIGNhaXIgZW0gdW0gZGVsZXMuIMOJIHBvciBpc3NvIHF1ZSBlc3RvdSBlbnZpYW5kbyB2b2PDqiBwYXJhIGzDoS4=,,W1ByaW5jaXBpYW50ZV0Kwr9FaD8gU8OtLiBIbW3igKYgTm8gaGF5IG5hZGEgYXF1w60sIGFzw60gcXVlIHBvciBmYXZvciB2ZSBhbCBeOTkwMDk5bGFnb14wMDAwMDAu
6OfOBw,,VGhlIGxha2U/,,,,,W05vdmF0b10KPE5BVkk+W08gbGFnb108SU5GTz5iYV9iYXRoLDE2NSw0MywwLDEwMSwwPC9JTkZPPjwvTkFWST4gcG9kZSB0ZXIgYWxndW1hIGNvaXNhLiBQb3IgZmF2b3IsIGTDqiB1bWEgb2xoYWRhIG5vIGx1Z2FyLg==,,wr9FbCBsYWdvPw==
6efOBw,,W1Jvb2tpZV0KQWxsIHRoZSBkcmFpbnMgYXJlIG9wZW5lZCBkdXJpbmcgdGhlIGNsZWFuaW5nLCBhbmQgSSBoZWFyZCB5b3UgZ2V0IGVqZWN0ZWQgdG8gdGhlIGxha2UgaW5zdGVhZCBvZiB0aGUgc2V3YWdlIHRyZWF0bWVudCBwbGFudCBpZiB5b3UgbWlzc3RlcCBvbiBvbmUuIFRoYXQncyB3aHkgSSdtIHNlbmRpbmcgeW91IHRoZXJlLg==,,,,,Tm92YXRvIzE3MmJhMDM=,,W1ByaW5jaXBpYW50ZV0KVG9kb3MgbG9zIGRlc2Fnw7xlcyBzZSBhYnJlbiBkdXJhbnRlIGxhIGxpbXBpZXphLCB5IGVzY3VjaMOpIHF1ZSwgc2kgcGlzYXMgbWFsIHVubywgdGUgZXhwdWxzYW4gYWwgbGFnbyBlbiBsdWdhciBkZSBhbCBhbGNhbnRhcmlsbGFkby4gUG9yIGVzbyB0ZSBlbnbDrW8gYWxsw60u
6ufOBw,,W1Jvb2tpZV0KPE5BVkk+W1RoZSBsYWtlXTxJTkZPPmJhX2JhdGgsMTY1LDQzLDAsMTAxLDA8L0lORk8+PC9OQVZJPiBtYXkgaGF2ZSBzb21ldGhpbmcuIFBsZWFzZSBjaGVjayB0aGUgcGxhY2Ugb3V0Lg==,,,,,W01hZ2VudGFdCkx1Y2t5ISBWb2PDqiBlc3TDoSBzw6NvIGUgc2Fsdm8hIFBlbnNlaSBxdWUgYWxnbyB0aXZlc3NlIGFjb250ZWNpZG8gY29tIHZvY8OqLCBqw6EgcXVlIGVzdGF2YSBzw7Mu,,W1ByaW5jaXBpYW50ZV0KUHVlZGUgcXVlIGhheWEgYWxnbyBlbiA8TkFWST5bZWwgbGFnb108SU5GTz5iYV9iYXRoLDE2NSw0MywwLDEwMSwwPC9JTkZPPjwvTkFWST4uIFBvciBmYXZvciwgZWNoYSB1biB2aXN0YXpvLg==
6+fOBw,,Um9va2llIzE3MmJhMDM=,,,,,W05vdmF0b10KVm9jw6ogbWUgdml1IHRhbWLDqW0/,,Um9va2llIzE3MmJhMDM=
7OfOBw,,W01hZ2VudGFdCkx1Y2t5ISBZb3UncmUgc2FmZSBhbmQgc291bmQhIEkgdGhvdWdodCBzb21ldGhpbmcgaGFkIGhhcHBlbmVkIHRvIHlvdSBzaW5jZSB5b3Ugd2VyZSBhY3RpbmcgYWxvbmUu,,,,,W0Rlbm55XQpOb3ZhdG8/IFZvY8OqIG1lIGNoYW1vdT8gUG9yIHF1w6o/IEV1IGVzdGF2YSBwcmVzdGVzIGEgaXIgcGFyYSBvIGxhZ28gY29tbyB2b2PDqiBkaXNzZS4=,,W01hZ2VudGFdCsKhUXXDqSBhZm9ydHVuYWRvISDCoUVzdMOhcyBzYW5vIHkgc2Fsdm8hIFBlbnPDqSBxdWUgdGUgaGFiw61hIHBhc2FkbyBhbGdvLCB5YSBxdWUgZnVpc3RlIHNpbiBjb21wYcOxw61hLg==
7efOBw,,W1Jvb2tpZV0KRGlkIHlvdSBzZWUgbWUgdG9vPw==,,,,,W0NpYW5vXQpDb21vIHZvY8OqIGNoZWdvdSBhcXVpIG1haXMgcsOhcGlkbyBxdWUgZXU/,,W1ByaW5jaXBpYW50ZV0Kwr9Uw7ogdGFtYmnDqW4gbWUgdmlzdGU/
7ufOBw,,W0Rlbm55XQpSb29raWU/IERpZCB5b3UgY2FsbCBtZT8gV2h5PyBJIHdhcyBhYm91dCB0byBoZWFkIHRvIHRoZSBsYWtlIGFzIHlvdSBzYWlkLg==,,,,,W05vdmF0b10KRXNwZXJlbSwgYWNhbG1lbS1zZSwgcGVzc29hbC4gVm9jw6pzIHTDqm0gY2VydGV6YSBkZSBxdWUgbWUgdmlyYW0gbMOhPw==,,W0Rlbm55XQrCv1ByaW5jaXBpYW50ZT8gwr9NZSBsbGFtYXN0ZT8gwr9Qb3IgcXXDqT8gRXN0YWJhIGEgcHVudG8gZGUgaXIgYWwgbGFnbyBjb21vIGRpamlzdGUu
7+fOBw,,W0N5YW5dCkhvdyBkaWQgeW91IGdldCBoZXJlIGZhc3RlciB0aGFuIG1lPw==,,,,,W0Rlbm55XQrDiSBjbGFybyEgTyBOb3ZhdG8gw6kgbyBOb3ZhdG8uIFF1ZW0gbWFpcz8=,,W0N5YW5dCsK/Q8OzbW8gbGxlZ2FzdGUgYW50ZXMgcXVlIHlvPw==
8OfOBw,,W1Jvb2tpZV0KV2FpdCwgY2FsbSBkb3duLCBndXlzLiBBcmUgeW91IGFsbCBzdXJlIHlvdSBzYXcgbWUgb3V0IHRoZXJlPw==,,,,,TsOjbyBlc3RvdSBtZW50aW5kby4=,,W1ByaW5jaXBpYW50ZV0KVW4gbW9tZW50bywgY8OhbG1lbnNlLCBjaGljb3MuIMK/RXN0w6FuIHRvZG9zIHNlZ3Vyb3MgZGUgcXVlIG1lIHZpZXJvbiBhaMOtIGZ1ZXJhPw==
8efOBw,,W0Rlbm55XQpPZiBjb3Vyc2UhIFJvb2tpZSBpcyBSb29raWUuIFdobyBlbHNlPw==,,,,,W05vdmF0b10KTmVzc2UgY2FzbywgYWNobyBxdWUgbsOjbyBlc3TDoSBlbnRyZSBuw7NzLgpFc2N1dGVtLiBBaW5kYSBuw6NvIHNlaSBleGF0YW1lbnRlIHF1YWwgw6kgbyBmYXRvciBkZSByaXNjbyBhcXVpLCBtYXMgbsOjbyDDqSB1bSByb2LDtCwgbmVtIHVtIGZhbnRhc21hLCBuZW0gdW0gbW9uc3RybywgbmVtIHVtIHNlciBzb2JyZW5hdHVyYWwu,,W0Rlbm55XQrCoVBvciBzdXB1ZXN0byEgUHJpbmNpcGlhbnRlIGVzIFByaW5jaXBpYW50ZS4gwr9RdWnDqW4gcG9kcsOtYSBoYWJlciBzaWRvPw==
8ufOBw,,SSdtIG5vdCBhIGxpYXIu,,,,,TyBxdWUgw6ksIGVudMOjbz8=,,Tm8gbWllbnRvLg==
8+fOBw,,W1Jvb2tpZV0KSW4gdGhhdCBjYXNlLCBJIGd1ZXNzIGl0J3Mgbm90IGFtb25nIHVzIGhlcmUuCkxpc3Rlbi4gSSBkb24ndCBrbm93IHdoYXQgZXhhY3RseSBpcyB0aGUgcmlzayBmYWN0b3IgaGVyZSB5ZXQsIGJ1dCBpdCdzIG5vdCBhIHJvYm90LCBhIGdob3N0LCBhIGJlYXN0LXR5cGUgbW9uc3Rlciwgb3IgYSBzdXBlcm5hdHVyYWwgYmVpbmcu,,,,,W0Rlbm55XQpFc3BlcmEsIGNvbW8gdm9jw6ogZGVzY29icml1IGlzc28/,,W1ByaW5jaXBpYW50ZV0KRW4gZXNlIGNhc28sIHN1cG9uZ28gcXVlIG5vIGVzdMOhIGVudHJlIG5vc290cm9zLgpFc2N1Y2hhLiBBw7puIG5vIHPDqSBjdcOhbCBlcyBleGFjdGFtZW50ZSBlbCBmYWN0b3IgZGUgcmllc2dvIGVuIGVzdGUgY2FzbywgcGVybyBubyBzZSB0cmF0YSBkZSB1biByb2JvdCwgdW4gZmFudGFzbWEsIHVuIG1vbnN0cnVvIHRpcG8gYmVzdGlhIG8gdW4gc2VyIHNvYnJlbmF0dXJhbC4=
9OfOBw,,V2hhdCBpcyBpdCwgdGhlbj8=,,,,,W05vdmF0b10KQ2FkYSB1bSBkZSB2b2PDqnMgbyBlbmNvbnRyb3UgdW1hIHZlei4gVm9jw6ogbWUgdml1IGzDoSwgbWFuZGFuZG8gdm9jw6ogaXIgcGFyYSBvdXRybyBsdWdhci4gTsOjbyBhY2hvdSBhbGdvIGVzdHJhbmhvPyBFcmEgdW1hIGltaXRhw6fDo28sIHVtIGltcG9zdG9yIHNlIHBhc3NhbmRvIHBvciBtaW0u,,wr9RdcOpIGVzLCBlbnRvbmNlcz8=
9efOBw,,W0Rlbm55XQpXYWl0LCBob3cgZGlkIHlvdSBmaW5kIHRoYXQgb3V0Pw==,,,,,W01hZ2VudGFdCk8gcXXDqj8gQXF1ZWxlIG7Do28gZXJhIG8gTHVja3kgZGUgdmVyZGFkZT8=,,W0Rlbm55XQpFc3BlcmEsIMK/Y8OzbW8gbG8gZGVzY3VicmlzdGU/
9ufOBw,,W1Jvb2tpZV0KRWFjaCBvZiB5b3UgbWV0IGl0IG9uY2UuIFlvdSBzYXcgbWUgb3V0IHRoZXJlIHRlbGxpbmcgeW91IHRvIGdvIHNvbWV3aGVyZS4gRGlkbid0IHlvdSBmZWVsIHNvbWV0aGluZyB3YXMgb2ZmPyBJdCB3YXMgYSBmYWtlLCBhbiBpbXBvc3RlciBwb3NpbmcgYXMgbWUu,,,,,TWFzIGVyYSBpZ3VhbHppbmhvIGEgdm9jw6oh,,W1ByaW5jaXBpYW50ZV0KVG9kb3MgdXN0ZWRlcyBsbyBjb25vY2llcm9uIHVuYSB2ZXouIE1lIHZpc3RlIGFow60gZnVlcmEgZGljacOpbmRvdGUgcXVlIHZheWFzIGEgYWxnw7puIHNpdGlvLiDCv05vIHNlbnRpc3RlIHF1ZSBhbGdvIGFuZGFiYSBtYWw/IEVyYSB1bmEgaW1pdGFjacOzbiwgdW4gaW1wb3N0b3IgaGFjacOpbmRvc2UgcGFzYXIgcG9yIG3DrS4=
9+fOBw,,W01hZ2VudGFdCldoYXQ/IFRoYXQgd2Fzbid0IHJlYWwgTHVja3k/,,,,,U2ltISBFbGUgbWUgZGlzc2UgcGFyYSBpciBwYXJhIG8gbGFnbyB0YW1iw6ltIQ==,,W01hZ2VudGFdCsK/UXXDqT8gwr9ObyBlcmEgZWwgdmVyZGFkZXJvIEx1Y2t5Pw==
+OfOBw,,QnV0IGl0IGxvb2tlZCBqdXN0IGxpa2UgeW91IQ==,,,,,W05vdmF0b10KRXUgZXN0YXZhIGNvbSBvIEJvcnJhY2hpbmhhIG8gdGVtcG8gdG9kby4gTyB2aWFqYW50ZSB0YW1iw6ltIG8gZW5jb250cm91IGUgcXVhc2UgZm9pIG1hbmRhZG8gcGFyYSBvIGxhZ28uCkEganVsZ2FyIHBlbGFzIGNpcmN1bnN0w6JuY2lhcywgw6kgdW1hIGNyaWF0dXJhIHF1ZSB0ZW0gaW50ZWxpZ8OqbmNpYSBlIG7Do28gcXVlciBub3MgZmF6ZXIgbWFsLiBTw7MgZXN0w6EgdGVudGFuZG8gbm9zIHRpcmFyIGRhcXVpLiBQb3IgY2F1c2EgZGlzc28sIHByZXN1bW8gcXVlIEdvbmkgZXN0ZWphIHZpdm8gdGFtYsOpbS4=,,wqFQZXJvIHNpIGVyYSBpZMOpbnRpY28gYSB0aSE=
+efOBw,,WWVhaCEgSXQgdG9sZCBtZSB0byBnbyB0byB0aGUgbGFrZSB0b28h,,,,,W01hZ2VudGFdCkVudMOjbyBhIGltaXRhw6fDo28gbWUgZW5nYW5vdSwgaGVpbj8gRXUgbsOjbyBzZWkgbyBxdWUgw6ksIG1hcyBldSB2b3UgZW5jb250csOhLWxvLg==,,wqFTw60hIMKhVGFtYmnDqW4gbWUgZGlqbyBxdWUgZnVlcmEgYWwgbGFnbyE=
+ufOBw,,W1Jvb2tpZV0KSSB3YXMgd2l0aCBSdWJiZXIgYWxsIGFsb25nLiBUaGUgYWR2ZW50dXJlciBhbHNvIG1ldCBpdCBhbmQgYWxtb3N0IGdvdCBzZW50IHRvIHRoZSBsYWtlIGFzIHdlbGwuCkp1ZGdpbmcgYnkgdGhlIGNpcmN1bXN0YW5jZXMsIGl0J3MgYSBjcmVhdHVyZSB0aGF0IGhhcyBpbnRlbGxpZ2VuY2UgYW5kIGRvZXMgbm90IG1lYW4gdG8gaGFybSB1cy4gSXQncyBqdXN0IHRyeWluZyB0byBnZXQgdXMgb3V0IG9mIGhlcmUuIEJlY2F1c2Ugb2YgdGhhdCwgSSBhc3N1bWUgR29uaSBpcyBhbGl2ZSB0b28u,,,,,TWUgZW5nYW5vdT8=,,W1ByaW5jaXBpYW50ZV0KRXN0dXZlIGNvbiBSdWJiZXIgdG9kbyBlbCB0aWVtcG8uIEVsIHRyb3RhbXVuZG9zIHRhbWJpw6luIHNlIGxvIGVuY29udHLDsyB5IGNhc2kgbG8gbWFuZGFuIGFsIGxhZ28gdGFtYmnDqW4uCkEganV6Z2FyIHBvciBsYXMgY2lyY3Vuc3RhbmNpYXMsIGVzIHVuYSBjcmlhdHVyYSBpbnRlbGlnZW50ZSB5IG5vIHByZXRlbmRlIGhhY2Vybm9zIGRhw7FvLiBTb2xvIGludGVudGEgc2FjYXJub3MgZGUgYXF1w60uIFBvciBlc28sIHN1cG9uZ28gcXVlIEdvbmkgdGFtYmnDqW4gZXN0w6Egdml2by4=
++fOBw,,W01hZ2VudGFdClNvIHRoZSBmYWtlIHRyaWNrZWQgbWUsIGh1aD8gSSBkb24ndCBrbm93IHdoYXQgaXQgaXMsIGJ1dCBJJ20gZ29ubmEgZmluZCBpdC4=,,,,,SGFoLCBtYXMgcXVlIHBpYWRhLg==,,W01hZ2VudGFdCkFzw60gcXVlIGVsIGZhcnNhbnRlIG1lIGVuZ2HDscOzLCDCv2VoPyBObyBzw6kgbG8gcXVlIGVzLCBwZXJvIHZveSBhIGVuY29udHJhcmxvLg==
/OfOBw,,SXQgdHJpY2tlZCBtZS4uLj8=,,,,,W05vdmF0b10KRWxlIGNvbmhlY2UgYmVtIGEgY2FzYSBkZSBiYW5oby4gRSBjb21vIHNhYmUgcXVlIGEgw6FndWEgZG8gYmFuaG8gZHJlbmFkYSDDqSBlbnZpYWRhIHBhcmEgbyBsYWdvIMOgcyB2ZXplcywgdGFsdmV6IHRlbmhhIHVtYSBwYXNzYWdlbSBzZWNyZXRhIGVtIGFsZ3VtIGx1Z2FyLg==,,wr9NZSBlbmdhw7HDs+KApj8=
/efOBw,,SGFoLCB3aGF0IGEgam9rZSB0aGlzIGlzLg==,,,,,W05vdmF0b10KRWxlIHRhbWLDqW0gZGV2ZSBlc3RhciBmYW1pbGlhcml6YWRvIGNvbSBhIMOhZ3VhLi4uIFZhcG9yIGQnw6FndWEuIMOJLCBlbGUgcG9kZSB1c2FyIHZhcG9yIGQnw6FndWEuIE7Do28gc2VpIHF1YWwgbyBlZmVpdG8gZG8gdmFwb3IgZCfDoWd1YSwgbWFzIHRlbmhvIGNlcnRlemEgZGUgcXVlIGZheiBtYWlzIGRvIHF1ZSBibG9xdWVhciBhIHZpc8Ojby4gRW50w6NvLCB0ZW5oYW0gY3VpZGFkby4=,,QWrDoSwgZXN0byBlcyB1bmEgYnVybGEu
/ufOBw,,W1Jvb2tpZV0KSXQga25vd3MgdGhlIGJhdGhob3VzZSB3ZWxsLiBBbmQgc2luY2UgaXQga25vd3MgdGhlIGxha2UgdG8gd2hlcmUgdGhlIGRyYWluZWQgYmF0aCB3YXRlciBpcyBvY2Nhc2lvbmFsbHkgc2VudCwgbWF5YmUgdGhlcmUgaXMgYSBzZWNyZXQgcGFzc2FnZSBzb21ld2hlcmUu,,,,,W05vdmF0b10KQWNobyBxdWUgZWxlIHBvZGUgc2UgbW92ZXIgbXVpdG8gcsOhcGlkbyBjb21vIHVtYSBjcmlhdHVyYSBhcXXDoXRpY2EsIGrDoSBxdWUgdGVtIMOhZ3VhIGFxdWku,,W1ByaW5jaXBpYW50ZV0KQ29ub2NlIGJpZW4gZWwgYmHDsW8gcMO6YmxpY28uIFkgY29tbyBjb25vY2UgZWwgbGFnbyBlbiBlbCBxdWUgc2UgZHJlbmEgZWwgYWd1YSBkZWwgYmHDsW8sIHRhbCB2ZXogaGF5YSB1biBwYXNhZGl6byBzZWNyZXRvIGVuIGFsZ3VuYSBwYXJ0ZS4=
/+fOBw,,W1Jvb2tpZV0KSXQgc2hvdWxkIGJlIGZhbWlsaWFyIHdpdGggd2F0ZXIgdG9vLi4uIFdhdGVyIHZhcG9yLiBZZWFoLCBpdCBjYW4gdXNlIHdhdGVyIHZhcG9yLiBJIGRvbid0IGtub3cgd2hhdCBlZmZlY3QgdGhlIHdhdGVyIHZhcG9yIGhhcywgYnV0IEknbSBzdXJlIHRoZXJlJ3Mgc29tZXRoaW5nIG1vcmUgdGhhbiBibG9ja2luZyB5b3VyIHZpZXcuIFNvIGJlIGNhcmVmdWwu,,,,,W01hZ2VudGFdCkVudMOjbywgc8OzIHByZWNpc2Ftb3MgZmF6ZXIgY29tIHF1ZSBlbGUgbsOjbyBjb25zaWdhIHVzYXIgw6FndWEu,,W1ByaW5jaXBpYW50ZV0KVGFtYmnDqW4gZGViZXLDrWEgZXN0YXIgZmFtaWxpYXJpemFkbyBjb24gZWwgYWd1YeKApiBWYXBvciBkZSBhZ3VhLiBTw60sIHB1ZWRlIHVzYXIgdmFwb3IgZGUgYWd1YS4gTm8gc8OpIHF1w6kgZWZlY3RvIHRpZW5lIGVsIHZhcG9yIGRlIGFndWEsIHBlcm8gc2VndXJvIHF1ZSBhbGdvIG3DoXMgcXVlIGJsb3F1ZWFyIGxhIHZpc2nDs24uIEFzw60gcXVlIHRlbmdhbiBjdWlkYWRvLg==
AOjOBw,,W1Jvb2tpZV0KSSB0aGluayBpdCBjYW4gbW92ZSB2ZXJ5IGZhc3QgbGlrZSBhbiBhcXVhdGljIGNyZWF0dXJlIGhlcmUgc2luY2UgdGhlcmUncyB3YXRlciBoZXJlLg==,,,,,VmFtb3MgZmF6ZXIgZnVtYcOnYS4=,,W1ByaW5jaXBpYW50ZV0KQ3JlbyBxdWUgcHVlZGUgbW92ZXJzZSBtdXkgcsOhcGlkbyBjb21vIHVuYSBjcmlhdHVyYSBhY3XDoXRpY2EsIHlhIHF1ZSBhcXXDrSBoYXkgYWd1YS4=
AejOBw,,W01hZ2VudGFdClRoZW4sIHdlIGp1c3QgaGF2ZSB0byBtYWtlIGl0IHVuYWJsZSB0byB1c2Ugd2F0ZXIu,,,,,U2ltLCBhdHJhaXIgY29tbyBzZSBlc3RpdsOpc3NlbW9zIGNhw6dhbmRvIHVtIGd1YXhpbmltIQ==,,W01hZ2VudGFdCkVudG9uY2VzLCBzb2xvIHRlbmVtb3MgcXVlIGltcGVkaXIgcXVlIHVzZSBhZ3VhLg==
AujOBw,,TGV0J3MgbWFrZSBzb21lIHNtb2tlLg==,,,,,W05vdmF0b10KRGVubnksIGNvbG9xdWUgYXMgYXJtYWRpbGhhcy4gQ29tIGN1aWRhZG8u,,SGFnYW1vcyB1biBwb2NvIGRlIGh1bW8u
A+jOBw,,WWVhaCwgbHVyZSBpdCBvdXQgbGlrZSByYWNjb29uIGh1bnRpbmch,,,,,TsOjbyBlc3BlcmF2YSB1c2FyIGFybWFkaWxoYXMgYXF1aS4gQWluZGEgYmVtIHF1ZSBldSBhcyB0cm91eGUu,,U8OtLCDCoWF0cmFlcmxvIGNvbW8gc2kgY2F6w6FyYW1vcyBtYXBhY2hlcyE=
BOjOBw,,W1Jvb2tpZV0KRGVubnksIHlvdSBzZXQgdHJhcHMuIFRob3JvdWdobHku,,,,,W05vdmF0b10KTWFnZW50YSwgYmxvcXVlaWUgb3MgcmFsb3MgcGFyYSBpbXBlZGlyIGEgZnVnYS4=,,W1ByaW5jaXBpYW50ZV0KRGVubnksIHTDuiBjb2xvY2EgdHJhbXBhcy4gQmFzdGFudGVzLg==
BejOBw,,RGlkbid0IGV4cGVjdCB0byB1c2UgdHJhcHMgaGVyZS4gR29vZCB0aGluZyBJIGJyb3VnaHQgdGhlbS4=,,,,,RXUgbWFycXVlaSBjYWRhIGxvY2FsIG5hIG1pbmhhIGNhYmXDp2Eh,,Tm8gZXNwZXJhYmEgdXNhciB0cmFtcGFzIGFxdcOtLiBNZW5vcyBtYWwgcXVlIGxhcyB0cmFqZS4=
BujOBw,,W1Jvb2tpZV0KTWFnZW50YSwgYmxvY2sgb2ZmIHRoZSBkcmFpbnMgdG8gY3V0IG9mZiB0aGUgcmV0cmVhdC4=,,,,,W05vdmF0b10KRGVwb2lzIGRpc3NvLCBmYcOnYS1vIGlyIHByYSBhbGd1bSBsYWRvIHVzYW5kbyBib21iYXMgZGUgZnVtYcOnYSBlIGJhbGFzIGRlIGZlc3RpbS4gRXN0ZSBsb2NhbCDDqSBjaGVpbyBkZSDDoWd1YSBlIHZhcG9yIGQnw6FndWEsIGVudMOjbyB0b21lIGN1aWRhZG8gcGFyYSBuw6NvIG1vbGhhciBhIG11bmnDp8Ojby4gRSB0b21lIGN1aWRhZG8gcGFyYSBuw6NvIGRhbmlmaWNhciBhcyBpbnN0YWxhw6fDtWVzIGRhIGNhc2EgZGUgYmFuaG8u,,W1ByaW5jaXBpYW50ZV0KTWFnZW50YSwgYmxvcXVlYSBsb3MgZGVzYWfDvGVzIHBhcmEgYmxvcXVlYXIgbGEgcmV0aXJhZGEu
B+jOBw,,SSBtYXJrZWQgZXZlcnkgbG9jYXRpb24gaW4gbXkgaGVhZCBlYXJsaWVyIQ==,,,,,W05vdmF0b10KSHVtLi4uIEFjaG8gcXVlIHBvZGVtb3MgYXByb3ZlaXRhciBhIMOhZ3VhIGRhcXVpLiBUYWx2ZXogcG9zc2Ftb3Mgc2VndXLDoS1sbyBjb20gZ2Vsby4uLiBUZW1vcyBhcm1hZGlsaGFzIGRlIGdlbG8/,,wqFNYXJxdcOpIGNhZGEgbHVnYXIgZW4gbWkgY2FiZXphIGhhY2UgdW4gcmF0byE=
COjOBw,,W1Jvb2tpZV0KQWZ0ZXIgdGhhdCwgZHJpdmUgaXQgdG8gb25lIHNpZGUgdXNpbmcgc21va2UgYm9tYnMgYW5kIGJsYW5rcy4gVGhpcyBwbGFjZSBpcyBmdWxsIG9mIHdhdGVyIGFuZCB3YXRlciB2YXBvciwgc28gYmUgY2FyZWZ1bCBub3QgdG8gZ2V0IHRoZSBhbW11bml0aW9uIHdldC4gQW5kIGJlIHN1cmUgbm90IHRvIGRhbWFnZSB0aGUgYmF0aGhvdXNlIGZhY2lsaXRpZXMu,,,,,W0Rlbm55XQpFdSBhcyB0cm91eGUgdGFtYsOpbS4gRGVpeGUtbWUgdmVyLi4uIEFxdWkgZXN0w6NvLg==,,W1ByaW5jaXBpYW50ZV0KRGVzcHXDqXMsIGxsw6l2YWxvIGhhY2lhIHVuIGxhZG8gdXNhbmRvIGJvbWJhcyBkZSBodW1vIHkgY2FydHVjaG9zIGRlIHNhbHZhLiBFc3RlIGx1Z2FyIGVzdMOhIGxsZW5vIGRlIGFndWEgeSB2YXBvciBkZSBhZ3VhLCBhc8OtIHF1ZSB0ZW4gY3VpZGFkbyBkZSBubyBtb2phciBsYSBtdW5pY2nDs24uIFkgYXNlZ8O6cmF0ZSBkZSBubyBkYcOxYXIgbGFzIGluc3RhbGFjaW9uZXMgZGVsIGJhw7FvIHDDumJsaWNvLg==
CejOBw,,W1Jvb2tpZV0KSG1tLi4uIEkgdGhpbmsgd2UgY2FuIG1ha2UgdXNlIG9mIHRoZSB3YXRlciBoZXJlLiBQZXJoYXBzIHdlIGNhbiBob2xkIGl0IHdpdGggaWNlLi4uIERvIHdlIGhhdmUgaWNlIHRyYXBzPw==,,,,,W05vdmF0b10KVmlhamFudGUsIGVzc2FzIHPDo28gXjkzNzBEQkFybWFkaWxoYXMgQ29uZ2VsYW50ZXNeMDAwMDAwLiBQb3IgZmF2b3IsIGFybWUtYXMgZW0gY2FkYSA8TkFWST5bbG9jYWwgbWFyY2Fkb108SU5GTz5iYV9iYXRoLDU1LDU1LDAsMTAxLDA8L0lORk8+PC9OQVZJPi4gQmFzdGEgY29sb2NhciBubyBsb2NhbCBlIHByZW5kZXIgcGFyYSBxdWUgbsOjbyBiYWxhbmNlLiBSw6FwaWRvLCBwb3IgZmF2b3Iu,,W1ByaW5jaXBpYW50ZV0KTW1t4oCmIENyZW8gcXVlIHBvZGVtb3MgYXByb3ZlY2hhciBlbCBhZ3VhIGRlIGFxdcOtLiBUYWwgdmV6IHBvZGFtb3MgYXRyYXBhcmxvIGNvbiBoaWVsb+KApiDCv1RlbmVtb3MgdHJhbXBhcyBkZSBoaWVsbz8=
CujOBw,,W0Rlbm55XQpJIGJyb3VnaHQgdGhlbSB0b28uIExldCBtZSBzZWUuLi4gSGVyZSB0aGV5IGFyZS4=,,,,,W05vdmF0b10KVHVkbyBiZW0sIHBvZGUgaXIh,,W0Rlbm55XQpUYW1iacOpbiBsYXMgdHJhamUuIETDqWphbWUgdmVy4oCmIEFxdcOtIGVzdMOhbi4=
C+jOBw,,W1Jvb2tpZV0KQWR2ZW50dXJlciwgdGhlc2UgYXJlIF4wMDAwQ0RGcmVlemluZyBUcmFwc14wMDAwMDAuIFBsZWFzZSBzZXQgdGhlc2Ugb24gZXZlcnkgPE5BVkk+W21hcmtlZCBzcG90XTxJTkZPPmJhX2JhdGgsNTUsNTUsMCwxMDEsMDwvSU5GTz48L05BVkk+LiBKdXN0IGxheSBpdCBvbiB0aGUgc3BvdCBhbmQgZmFzdGVuIGl0IHNvIGl0IGRvZXNuJ3Qgc2hha2UuIFBsZWFzZSBodXJyeS4=,,,,,W05vdmF0b10KVmlhamFudGUsIGVzc2FzIHPDo28gQXJtYWRpbGhhcyBDb25nZWxhbnRlcy4gUG9yIGZhdm9yLCBhcm1lLWFzIGVtIGNhZGEgPE5BVkk+W2xvY2FsIG1hcmNhZG9dPElORk8+YmFfYmF0aCw1NSw1NSwwLDEwMSwwPC9JTkZPPjwvTkFWST4uIEJhc3RhIGNvbG9jYXIgbm8gbG9jYWwgZSBwcmVuZGVyIHBhcmEgcXVlIG7Do28gYmFsYW5jZS4gUsOhcGlkbywgcG9yIGZhdm9yLgpBIGNhbGRlaXJhIGUgb3MgcmFsb3MgZXN0w6NvIHByb250b3MuIEVzdGFtb3MgY29udGFuZG8gY29tIHZvY8OqIQ==,,W1ByaW5jaXBpYW50ZV0KVHJvdGFtdW5kb3MsIGVzdGFzIHNvbiBeOTkwMDk5VHJhbXBhcyBjb25nZWxhbnRlc14wMDAwMDAuIENvbMOzY2FsYXMgZW4gY2FkYSA8TkFWST5bcHVudG8gbWFyY2Fkb108SU5GTz5iYV9iYXRoLDU1LDU1LDAsMTAxLDA8L0lORk8+PC9OQVZJPi4gUG9ubGEgZW4gZWwgbHVnYXIgeSBzdWrDqXRhbGEgcGFyYSBxdWUgbm8gc2UgbXVldmEuIERhdGUgcHJpc2Eu
DOjOBw,,W1Jvb2tpZV0KQWxyaWdodCwgb2ZmIHlvdSBnbyE=,,,,,TG9jYWwgTWFyY2Fkbw==,,W1ByaW5jaXBpYW50ZV0KTXV5IGJpZW4sIMKhYWRlbGFudGUh
DejOBw,,W1Jvb2tpZV0KQWR2ZW50dXJlciwgdGhlc2UgYXJlIEZyZWV6aW5nIFRyYXBzLiBQbGVhc2Ugc2V0IHRoZXNlIG9uIGV2ZXJ5IDxOQVZJPlttYXJrZWQgc3BvdF08SU5GTz5iYV9iYXRoLDU1LDU1LDAsMTAxLDA8L0lORk8+PC9OQVZJPi4gSnVzdCBsYXkgaXQgb24gdGhlIHNwb3QgYW5kIGZhc3RlbiBpdCBzbyBpdCBkb2Vzbid0IHNoYWtlLiBQbGVhc2UgaHVycnkuClRoZSBib2lsZXIgYW5kIGRyYWlucyBhcmUgYWxsIHJlYWR5LiBXZSdsbCBiZSBjb3VudGluZyBvbiB5b3Uh,,,,,SHVtPyBPbmRlIGV1IGNvbG9xdWVpIGFzIEFybWFkaWxoYXMgQ29uZ2VsYW50ZXM/,,W1ByaW5jaXBpYW50ZV0KVHJvdGFtdW5kb3MsIGVzdGFzIHNvbiBUcmFtcGFzIGNvbmdlbGFudGVzLiBDb2zDs2NhbGFzIGVuIGNhZGEgPE5BVkk+W3B1bnRvIG1hcmNhZG9dPElORk8+YmFfYmF0aCw1NSw1NSwwLDEwMSwwPC9JTkZPPjwvTkFWST4uIFBvbmxhIGVuIGVsIGx1Z2FyIHkgc3Vqw6l0YWxhIHBhcmEgcXVlIG5vIHNlIG11ZXZhLiBEYXRlIHByaXNhLgpMYSBjYWxkZXJhIHkgbG9zIGRlc2Fnw7xlcyBlc3TDoW4gbGlzdG9zLiDCoUNvbnRhbW9zIGNvbnRpZ28h
DujOBw,,TWFya2VkIFNwb3Q=,,,,,QWNobyBxdWUgZXNzZSDDqSBvIGxvY2FsLiBFbnF1YW50byBjb2xvY28gYSBhcm1hZGlsaGEsIGVsYSBjb21lw6dhIGEgZW1pdGlyIHVtIGFyIGZyaW8uIERldm8gc2VndWlyIHBhcmEgbyBwcsOzeGltbyBsb2NhbC4=,,TWFya2VkIFNwb3Q=
D+jOBw,,SHVoPyBXaGVyZSBkaWQgSSBwdXQgdGhlIEZyZWV6aW5nIFRyYXBzPw==,,,,,RXUgbW9udGVpIHVtYSBhcm1hZGlsaGEgbm8gbHVnYXIgcXVlIG8gTm92YXRvIG1lIGRpc3NlLiBTZWd1aW5kbyBwYXJhIG8gcHLDs3hpbW8gbG9jYWwu,,wr9FaD8gwr9Ew7NuZGUgcHVzZSBsYXMgVHJhbXBhcyBjb25nZWxhbnRlcz8=
EOjOBw,,SSBndWVzcyB0aGlzIGlzIHRoZSBzcG90LiBBcyBJIHNldCB0aGUgdHJhcCwgaXQgc3RhcnRzIHRvIGVtaXQgY29sZCBhaXIuIEkgc2hvdWxkIG1vdmUgb24gdG8gdGhlIG5leHQgc3BvdC4=,,,,,RXUgY29sb3F1ZWkgYSBhcm1hZGlsaGEgbm8gbG9jYWwgbWFyY2FkbyBlIGEgcHJlbmRpIGZpcm1lbWVudGUuIFBhcmEgbyBwcsOzeGltbyBsb2NhbC4=,,U3Vwb25nbyBxdWUgZXN0ZSBlcyBlbCBwdW50by4gQ3VhbmRvIGNvbG9jbyBsYSB0cmFtcGEsIGVtcGllemEgYSBlbWl0aXIgYWlyZSBmcsOtby4gRGViZXLDrWEgaXIgYWwgc2lndWllbnRlIHB1bnRvLg==
EejOBw,,SSBmaXhlZCBhIHRyYXAgb24gdGhlIHNwb3QgdGhhdCBSb29raWUgdG9sZCBtZSBhYm91dC4gTW92aW5nIG9uIHRvIHRoZSBuZXh0IHNwb3Qu,,,,,Q29sb3F1ZWkgYSDDumx0aW1hIGFybWFkaWxoYSBlIGEgcHJlbmRpLiBQYXJhIG9uZGUgZGV2byBpciBhZ29yYT8=,,Rmlqw6kgdW5hIHRyYW1wYSBkb25kZSBtZSBkaWpvIFByaW5jaXBpYW50ZS4gQXZhbnphbmRvIGFsIHNpZ3VpZW50ZSBwdW50by4=
EujOBw,,SSBsYWlkIGEgdHJhcCBvbiB0aGUgbWFya2VkIHNwb3QgYW5kIGZpeGVkIGl0IGZpcm1seS4gT250byB0aGUgbmV4dCBzcG90Lg==,,,,,Q29sb2NvdSB0b2RhcyBhcyBhcm1hZGlsaGFzLCB2aWFqYW50ZT8gTsOzcyBqw6EgY29tZcOnYW1vcy4gVmFtb3Mgbm9zIGFwcmVzc2FyIGUgc2VndWlyIGVtIGZyZW50ZS4=,,Q29sb3F1w6kgdW5hIHRyYW1wYSBlbiBlbCBsdWdhciBtYXJjYWRvIHkgbGEgZmlqw6kgZmlybWVtZW50ZS4gQWwgc2lndWllbnRlIHB1bnRvLg==
E+jOBw,,SSBsYWlkIHRoZSBsYXN0IHRyYXAgYW5kIGZpeGVkIGl0LiBXaGVyZSBzaG91bGQgSSBnbyBub3c/,,,,,RXNzZSDDqSBvIGx1Z2FyPyBPIHF1ZSDDqSBhcXVpbG8/,,UHVzZSBsYSDDumx0aW1hIHRyYW1wYSB5IGxhIHN1amV0w6kuIMK/QWTDs25kZSBkZWJvIGlyIGFob3JhPw==
FOjOBw,,RGlkIHlvdSBzZXQgYWxsIHRoZSB0cmFwcywgYWR2ZW50dXJlcj8gV2UncmUgYWxyZWFkeSBzdGFydGVkLiBMZXQncyBodXJyeSBhbmQgbW92ZSBvbi4=,,,,,Q3JpYXR1cmEgQW5vcm1hbA==,,wr9Db2xvY2FzdGUgdG9kYXMgbGFzIHRyYW1wYXMsIHRyb3RhbXVuZG9zPyBZYSBlbXBlemFtb3MuIETDqW1vbm9zIHByaXNhIHkgc2lnYW1vcyBhZGVsYW50ZS4=
FejOBw,,SXMgdGhpcyB0aGUgcGxhY2U/IFdoYXQgaXMgdGhhdD8=,,,,,W05vdmF0b10KQmVtIG5hIGhvcmEsIHZpYWphbnRlLgpBZ29yYSwgZXN0w6EgdmluZG8uIEN1aWRhZG8sIHBlc3NvYWwu,,wr9FcyBlc3RlIGVsIGx1Z2FyPyDCv1F1w6kgZXMgZXNvPw==
FujOBw,,QWJub3JtYWwgQ3JlYXR1cmU=,,,,,TyB2YXBvciDDqS4uLg==,,QWJub3JtYWwgQ3JlYXR1cmU=
F+jOBw,,W1Jvb2tpZV0KR29vZCB0aW1pbmcsIGFkdmVudHVyZXIuCk5vdywgaXQncyBqdXN0IGFyb3VuZCB0aGUgY29ybmVyLiBCZSBjYXJlZnVsLCBldmVyeW9uZS4=,,,,,W0Rlbm55XQrDiSBvIEdvbmkhIEUgdGVtLi4uIGRvaXMgTm92YXRvcz8=,,W1ByaW5jaXBpYW50ZV0KSnVzdG8gYSB0aWVtcG8sIHRyb3RhbXVuZG9zLgpBaG9yYSwgZXN0w6EgYSBsYSB2dWVsdGEgZGUgbGEgZXNxdWluYS4gVGVuZ2FuIGN1aWRhZG8u
GOjOBw,,VGhpcyBzdGVhbSBpcy4uLg==,,,,,THVja3k/,,RXN0ZSB2YXBvciBlc+KApg==
GejOBw,,W0Rlbm55XQpUaGF0J3MgR29uaSEgQW5kIHRoZXJlIGFyZS4uLiB0d28gUm9va2llcz8=,,,,,UXVhbCDDqSBvIHZlcmRhZGVpcm8/,,W0Rlbm55XQrCoUVzZSBlcyBHb25pISBZIGhheeKApiDCv2RvcyBQcmluY2lwaWFudGVzPw==
GujOBw,,THVja3kuLi4/,,,,,W05vdmF0b10Kw4kgY2xhcm8gcXVlIHNvdSBldSEgTsOjbyBzZSBsZW1icmEgZG8gbW90aXZvIGRlIGVzdGFybW9zIGFxdWk/IEVzdGFtb3MgYXF1aSBwYXJhIHBlZ2FyIGFxdWVsYSBpbWl0YcOnw6NvLg==,,wr9MdWNreeKApj8=
G+jOBw,,V2hpY2ggb25lJ3MgdGhlIHJlYWwgb25lPw==,,,,,w4ksIGVzc2Ugw6kgY29tIGNlcnRlemEgbyBOb3ZhdG8u,,wr9DdcOhbCBlcyBlbCB2ZXJkYWRlcm8/
HOjOBw,,W1Jvb2tpZV0KT2YgY291cnNlIGl0J3MgbWUhIERvbid0IHlvdSByZW1lbWJlciB3aHkgd2UncmUgaGVyZT8gV2UncmUgaGVyZSB0byBnZXQgdGhhdCBmYWtlLg==,,,,,w4kgY2xhcm8gcXVlIHNvdSBldSE=,,W1ByaW5jaXBpYW50ZV0KwqFDbGFybyBxdWUgc295IHlvISDCv05vIHJlY3VlcmRhcyBwb3IgcXXDqSBlc3RhbW9zIGFxdcOtPyBFc3RhbW9zIGFxdcOtIHBhcmEgYXRyYXBhciBhIGVzZSBpbXBvc3Rvci4=
HejOBw,,WWVhaCwgdGhpcyBvbmUgc3VyZSBpcyBSb29raWUu,,,,,W05vdmF0b10KTsOjbyBzZWkgcXVlbSB2b2PDqiDDqSwgbWFzIG7Do28gdGVtIHBhcmEgb25kZSBjb3JyZXIsIGVudMOjbyBuw6NvIHBlbnNlIGVtIGZhemVyIG5hZGEgZXN0w7pwaWRvLiBPIGxvY2FsIGVzdMOhIGNvbXBsZXRhbWVudGUgY2VyY2Fkby4gRGVubnksIE1hZ2VudGEsIHbDo28gZGFyIHVtYSBvbGhhZGEgbmVsZS4=,,U8OtLCBlc3RlIHNlZ3VybyBxdWUgZXMgUHJpbmNpcGlhbnRlLg==
HujOBw,,T2YgY291cnNlLCBpdCdzIG1lIQ==,,,,,Wz8/Pz8/P10KLi4uLi4u,,wqFQb3Igc3VwdWVzdG8sIHNveSB5byE=
H+jOBw,,W1Jvb2tpZV0KSSBkb24ndCBrbm93IHdobyB5b3UgYXJlLCBidXQgdGhlcmUncyBub3doZXJlIHRvIHJ1biwgc28gZG9uJ3QgdGhpbmsgb2YgZG9pbmcgYW55dGhpbmcgc3R1cGlkLiBUaGlzIHBsYWNlIGlzIHN1cnJvdW5kZWQgdGhyZWVmb2xkLiBEZW5ueSwgTWFnZW50YSwgY2hlY2sgb24gaGltLg==,,,,,Li4uLi4uLg==,,W1ByaW5jaXBpYW50ZV0KTm8gc8OpIHF1acOpbiBlcmVzLCBwZXJvIG5vIGhheSBhZMOzbmRlIGh1aXIsIGFzw60gcXVlIG5vIHNlIHRlIG9jdXJyYSBoYWNlciBuaW5ndW5hIGVzdHVwaWRlei4gRXN0ZSBsdWdhciBlc3TDoSByb2RlYWRvIHBvciB0cmVzIGxhZG9zLiBEZW5ueSwgTWFnZW50YSwgcmV2w61zZW5sby4=
IOjOBw,,Wz8/Pz8/P10KLi4uLi4u,,,,,W0Rlbm55XQpHb25pIGVzdMOhIHZpdm8uIE7Do28gdGVtIG5lbmh1bSBmZXJpbWVudG8gZXh0ZXJuby4=,,W8K/wr/Cvz8/P10K4oCm
IejOBw,,Li4uLi4uLg==,,,,,W05vdmF0b10KR2FsZXJhLCBwZWd1ZW0gdG9kYXMgYXMgc3VhcyBwb8Onw7Vlcy4=,,4oCm
IujOBw,,W0Rlbm55XQpHb25pIGlzIGFsaXZlLiBUaGVyZSdzIG5vIGV4dGVybmFsIGluanVyeSwgZWl0aGVyLg==,,,,,W01hZ2VudGFdClRlbW9zIG1lc21vPyBTw7Mgam9nYSB1bWEgw6FndWEgZSBkw6EgdW5zIHRhcGFzIG5lbGUsIGUgZWxlIHZhaSBhY29yZGFyLg==,,W0Rlbm55XQpHb25pIGVzdMOhIHZpdm8uIFRhbXBvY28gaGF5IGxlc2lvbmVzIGV4dGVybmFzLg==
I+jOBw,,W1Jvb2tpZV0KRXZlcnlvbmUsIHRha2Ugb3V0IGFsbCB5b3VyIHBvdGlvbnMu,,,,,RXUgasOhIGZhbGVpIHBhcmEgdm9jw6ogcGFyYXIgZGUgbGVyIGxpdnJvcyBkZSBlc3Bpw7Vlcy4=,,W1ByaW5jaXBpYW50ZV0KVG9kb3MsIHNhcXVlbiB0b2RhcyBzdXMgcG9jaW9uZXMu
JOjOBw,,W01hZ2VudGFdCkRvIHdlIGhhdmUgdG8/IEp1c3Qgc3BsYXNoIHNvbWUgd2F0ZXIgYW5kIHNsYXAgaGltIGEgZmV3IHRpbWVzLCBhbmQgaGUnbGwgd2FrZSB1cC4=,,,,,W05vdmF0b10KR29uaS4gR29uaT8gQWNvcmRhIGUgYmViZSBpc3NvLiBDb25zZWd1ZSBmYXplciBpc3NvPw==,,W01hZ2VudGFdCsK/VGVuZW1vcyBxdWUgaGFjZXJsbz8gU29sbyBoYXkgcXVlIGVjaGFybGUgYWd1YSB5IGRhcmxlIHVuYXMgY3VhbnRhcyBib2ZldGFkYXMsIHkgc2UgZGVzcGVydGFyw6Eu
JejOBw,,SSB0b2xkIHlvdSB0byBzdG9wIHJlYWRpbmcgc3B5IG5vdmVscy4=,,,,,RXUgYWNobyBxdWUgdm9jw6ogZGV2ZSBzZSBhZmFzdGFyIHVtIHBvdWNvLCBOb3ZhdG8uIEV1IHZvdSBmaWNhciBjb25mdXNvIHNlIHZvY8OqIHNlIGFwcm94aW1hciBtYWlzLg==,,VGUgZGlqZSBxdWUgZGVqYXJhcyBkZSBsZWVyIG5vdmVsYXMgZGUgZXNww61hcy4=
JujOBw,,W1Jvb2tpZV0KR29uaS4gR29uaT8gV2FrZSB1cCBhbmQgZHJpbmsgdGhpcy4gQ2FuIHlvdSBkbyBpdD8=,,,,,W01hZ2VudGFdCkx1Y2t5LCBzZSBhZmFzdGEgcmFwaWRpbmhvLiDDiSBvIEdvbmkgbWVzbW8/IFRhbHZleiBzZWphIG91dHJhIGltaXRhw6fDo28uIFZhbW9zIGNoZWNhciBhbnRlcy4=,,W1ByaW5jaXBpYW50ZV0KR29uaS4gwr9Hb25pPyBEZXNwaWVydGEgeSBiZWJlIGVzdG8uIMK/UHVlZGVzIGhhY2VybG8/
J+jOBw,,SSB0aGluayB5b3Ugc2hvdWxkIHN0ZXAgYXdheSBmb3IgYSBiaXQsIFJvb2tpZS4gSSdtIGdvbm5hIGdldCBjb25mdXNlZCBpZiB5b3UgZ2V0IGFueSBjbG9zZXIu,,,,,W05vdmF0b10KTMOhIGVzdMOhIGEgbWluaGEgaW1pdGHDp8Ojby4gQ29tbyBlbGUgcG9kZSBuw6NvIHNlciBvIEdvbmk/,,Q3JlbyBxdWUgZGViZXLDrWFzIGFsZWphcnRlIHVuIHBvY28sIFByaW5jaXBpYW50ZS4gTWUgdm95IGEgY29uZnVuZGlyIHNpIHRlIGFjZXJjYXMgbcOhcy4=
KOjOBw,,W01hZ2VudGFdCkx1Y2t5LCBzdGVwIGJhY2sgZm9yIGEgc2Vjb25kLiBJcyBoZSByZWFsbHkgR29uaT8gTWF5YmUgaGUncyBhbm90aGVyIGZha2UuIExldCdzIGNoZWNrIGZpcnN0Lg==,,,,,W0dvbmldCi4uLi4uLiE=,,W01hZ2VudGFdCkx1Y2t5LCByZXRyb2NlZGUgdW4gc2VndW5kby4gwr9FcyByZWFsbWVudGUgR29uaT8gUXVpesOhIHNlYSBvdHJvIGltcG9zdG9yLiBWYW1vcyBhIGNvbXByb2JhcmxvIHByaW1lcm8u
KejOBw,,W1Jvb2tpZV0KVGhlcmUncyBmYWtlIG1lLiBIb3cgY2FuIGhlIG5vdCBiZSBHb25pPw==,,,,,W05vdmF0b10KR29uaT8gVm9jw6ogZXN0w6EgYWNvcmRhZG8/IFZvY8OqIGVzdMOhIGJlbT8=,,W1ByaW5jaXBpYW50ZV0KQWjDrSBlc3TDoSBtaSBmYWxzbyB5by4gwr9Dw7NtbyBubyB2YSBhIHNlciBHb25pPw==
KujOBw,,W0dvbmldCi4uLi4uLiEh,,,,,W05vdmF0b10KR2FsZXJhLCBzZSBwcm90ZWphISBWb2PDqiB0YW1iw6ltLCB2aWFqYW50ZSE=,,W0dvbmldCsKhwqHigKYhIQ==
K+jOBw,,W1Jvb2tpZV0KR29uaT8gQXJlIHlvdSBhd2FrZT8gWW91IG9rYXk/,,,,,RW50ZW5kaSE=,,W1ByaW5jaXBpYW50ZV0Kwr9Hb25pPyDCv0VzdMOhcyBkZXNwaWVydG8/IMK/RXN0w6FzIGJpZW4/
LOjOBw,,W1Jvb2tpZV0KRXZlcnlvbmUsIHRha2UgY292ZXIhIFlvdSB0b28sIGFkdmVudHVyZXIh,,,,,W0Rlbm55XQpTZSBwcm90ZWdlcj8gQ29tbz8=,,W1ByaW5jaXBpYW50ZV0KwqFUb2RvIGVsIG11bmRvIGEgY3ViaWVydG8hIMKhVMO6IHRhbWJpw6luLCB0cm90YW11bmRvcyE=
LejOBw,,R290IGl0IQ==,,,,,W05vdmF0b10KQWghIE8gdmFwb3IgZGUgbm92byE=,,wqFMbyB0ZW5nbyE=
LujOBw,,W0Rlbm55XQpUYWtlIGNvdmVyPyBIb3c/,,,,,W0Rlbm55XQpBZ29yYSwgdGVtb3MgZG9pcyBHb25pcy4uLg==,,W0Rlbm55XQrCv0N1YnJpcnNlPyDCv0PDs21vPw==
L+jOBw,,W1Jvb2tpZV0KT2ghIFRoZSBzdGVhbSBhZ2FpbiE=,,,,,RWksIEx1Y2t5LiBPIEdvbmkgbmVtIHNhYmUgbyBjw7NkaWdvLiBPIHF1ZSB2YW1vcyBmYXplcj8=,,W1ByaW5jaXBpYW50ZV0KwqFBaCEgwqFPdHJhIHZleiBlbCB2YXBvciE=
MOjOBw,,W0Rlbm55XQpOb3cgd2UgaGF2ZSB0d28gR29uaXMuLi4=,,,,,RXUgYWNobyBxdWUgbyBHb25pIMOpIG8gZGEgZXNxdWVyZGEuIE9saGEgYSByZXNwaXJhw6fDo28gZGVsZS4=,,W0Rlbm55XQpBaG9yYSB0ZW5lbW9zIGRvcyBHb25p4oCm
MejOBw,,SGV5LCBMdWNreS4gR29uaSBkb2Vzbid0IGV2ZW4ga25vdyB0aGUgY29kZS4gV2hhdCBzaG91bGQgd2UgZG8/,,,,,TsOjbywgw6kgbyBkYSBkaXJlaXRhLCBzZW0gZMO6dmlkYS4gVmVqYSBhcXVlbGVzIG9saG9zLg==,,SG9sYSwgTHVja3kuIEdvbmkgbmkgc2lxdWllcmEgc2FiZSBlbCBjw7NkaWdvLiDCv1F1w6kgaGFjZW1vcz8=
MujOBw,,SSB0aGluayB0aGUgbGVmdCBvbmUgaXMgR29uaS4gTG9vayBhdCBoaW0gYnJlYXRoaW5nLg==,,,,,W05vdmF0b10KUXVpZXRvcy4gVGVtb3MgdW0gbcOpdG9kbyBmw6FjaWwgZSBjZXJ0byBkZSBkaXN0aW5ndWlyIG8gR29uaSB2ZXJkYWRlaXJvLgpHb25pPyBRdWFsIGRlIHZvY8OqcyDDqSBvIHZlcmRhZGVpcm8/,,Q3JlbyBxdWUgZWwgZGUgbGEgaXpxdWllcmRhIGVzIEdvbmkuIE1pcmEgY8OzbW8gcmVzcGlyYS4=
M+jOBw,,TmFoLCBpdCdzIHRoZSByaWdodCBvbmUsIG5vIGRvdWJ0LiBMb29rIGF0IHRob3NlIGV5ZXMu,,,,,W0dvbmldCi4uLi4uLg==,,TmFoLCBlcyBlbCBkZSBsYSBkZXJlY2hhLCBzaW4gZHVkYS4gTWlyYSBlc29zIG9qb3Mu
NOjOBw,,W1Jvb2tpZV0KUXVpZXQsIGV2ZXJ5b25lLiBXZSd2ZSBnb3QgYW4gZWFzeSBhbmQgc3VyZSBtZXRob2QgdG8gZGlzdGluZ3Vpc2ggdGhlIHJlYWwgR29uaS4KR29uaT8gV2hpY2ggb25lIG9mIHlvdSBpcyByZWFsPw==,,,,,Li4uLi4u,,W1ByaW5jaXBpYW50ZV0KU2lsZW5jaW8sIHRvZG9zLiBUZW5lbW9zIHVuIG3DqXRvZG8gZsOhY2lsIHkgc2VndXJvIHBhcmEgZGlzdGluZ3VpciBhbCB2ZXJkYWRlcm8gR29uaS4Kwr9Hb25pPyDCv0N1w6FsIGRlIHVzdGVkZXMgZXMgZWwgYXV0w6ludGljbz8=
NejOBw,,W0dvbmldCi4uLi4uLg==,,,,,W0dvbmldCsOJIGNsYXJvIHF1ZSBzb3UgZXUu,,W0dvbmldCuKApg==
NujOBw,,Li4uLi4u,,,,,w4kgY2xhcm8gcXVlIHNvdSBldS4=,,4oCm
N+jOBw,,W0dvbmldCk9mIGNvdXJzZSBpdCdzIG1lLg==,,,,,W0NpYW5vXQpFaSwgw6kgdmVyZGFkZS4gSXNzbyBmb2kgZsOhY2lsIGRlbWFpcy4gQXTDqSB1bSBiZWLDqiBzYWJlcmlhLg==,,W0dvbmldClBvciBzdXB1ZXN0byBxdWUgc295IHlvLg==
OOjOBw,,T2YgY291cnNlIGl0J3MgbWUu,,,,,RGVubnksIE1hZ2VudGEsIHNlZ3VyZW0gZmlybWUu,,UG9yIHN1cHVlc3RvIHF1ZSBzb3kgeW8u
OejOBw,,W0N5YW5dCkhleSwgdGhhdCdzIHJpZ2h0LiBUaGF0IHdhcyB0b28gZWFzeS4gRXZlbiBhIHRvZGRsZXIgY291bGQgZ2V0IHRoYXQu,,,,,W0dvbmldCk1hcyBvIHF1w6o/IE1lIHNvbHRlbSEgRXNzYSDDqSBhIGltaXRhw6fDo28h,,W0N5YW5dCkVoLCBlcyB2ZXJkYWQuIEVzbyBmdWUgZGVtYXNpYWRvIGbDoWNpbC4gSGFzdGEgdW4gbmnDsW8gcGVxdWXDsW8gcG9kcsOtYSBkYXJzZSBjdWVudGEu
OujOBw,,RGVubnksIE1hZ2VudGEsIGhvbGQgaXQgdGlnaHQu,,,,,TWUgc29sdGVtISBFc3NhIMOpIGEgaW1pdGHDp8OjbyE=,,RGVubnksIE1hZ2VudGEsIGFnw6FycmVubG8gY29uIGZ1ZXJ6YS4=
O+jOBw,,W0dvbmldCldoYXQgdGhlPyBMZXQgbWUgZ28hIFRoYXQncyB0aGUgZmFrZSBvbmUh,,,,,W05vdmF0b10KVmlhamFudGUsIGNvbnNlZ3VlIGFkaXZpbmhhciBvIHZlcmRhZGVpcm8/,,W0dvbmldCsK/UXXDqSBkZW0tPyDCoVN1w6lsdGVubWUhIMKhRXNlIGVzIGVsIGltcG9zdG9yIQ==
POjOBw,,TGV0IG1lIGdvISBUaGF0J3MgdGhlIGZha2Ugb25lIQ==,,,,,TyBxdWUgZXN0w6EgcXVpZXRvLg==,,wqFTdcOpbHRlbm1lISDCoUVzZSBlcyBlbCBpbXBvc3RvciE=
PejOBw,,W1Jvb2tpZV0KQWR2ZW50dXJlciwgY2FuIHlvdSBndWVzcyB3aGljaCBvbmUgaXMgcmVhbD8=,,,,,TyBxdWUgZXN0w6EgYWZpcm1hbmRvIHNlciBvIHZlcmRhZGVpcm8u,,W1ByaW5jaXBpYW50ZV0KVHJvdGFtdW5kb3MsIMK/cHVlZGVzIGFkaXZpbmFyIGN1w6FsIGVzIGVsIHZlcmRhZGVybz8=
PujOBw,,VGhlIHF1aWV0IG9uZS4=,,,,,W0NpYW5vXQpWb2PDqiB0ZW0gYm9ucyBvbGhvcywgcXVlcmlkby4=,,RWwgY2FsbGFkby4=
P+jOBw,,VGhlIG9uZSBjbGFpbWluZyB0byBiZSByZWFsLg==,,,,,W0NpYW5vXQpFc3RvdSBkZXNhcG9udGFkbyBjb20gdm9jw6osIHF1ZXJpZG8hIFZvY8OqIGVzdMOhIGNvbm9zY28gaMOhIG11aXRvIHRlbXBvLCBlIGFpbmRhIG7Do28gc2FiZT8=,,RWwgcXVlIGRpY2Ugc2VyIGVsIHZlcmRhZGVyby4=
QOjOBw,,W0N5YW5dCllvdSd2ZSBnb3Qgc2hhcnAgZXllcywgaG9uZXku,,,,,W0NpYW5vXQpWZW0gYXF1aSwgR29uaS4=,,W0N5YW5dClRpZW5lcyBidWVuIG9qbywgY2FyacOxby4=
QejOBw,,W0N5YW5dCkknbSBkaXNhcHBvaW50ZWQgaW4geW91LCBob25leSEgWW91J3ZlIGJlZW4gd2l0aCB1cyBmb3IgYSBsb25nIHRpbWUsIGFuZCB5b3Ugc3RpbGwgZG9uJ3Qga25vdz8=,,,,,W01hZ2VudGFdCkhhaGFoYWhhISBHb25pIGZleiBvIHZvdG8gZG8gc2lsw6puY2lvIQ==,,W0N5YW5dCsKhTWUgZGVjZXBjaW9uYXMsIGNhcmnDsW8hIExsZXZhcyBtdWNobyB0aWVtcG8gY29uIG5vc290cm9zLCDCv3kgYcO6biBubyBsbyBzYWJlcz8=
QujOBw,,W0N5YW5dCkNvbWUgaGVyZSwgR29uaS4=,,,,,UmV2ZWxlLXNlLCB2aWzDo28h,,W0N5YW5dClZlbiBhcXXDrSwgR29uaS4=
Q+jOBw,,W01hZ2VudGFdCkhhaCBoYWggaGFoISBHb25pIGlzIG9uIGEgc2lsZW50IHByYWN0aWNlIQ==,,,,,Q2lhbm8sIHZvY8OqIHBhcmVjZSBtYWlzIHZpbGFuZXNjbyBwYXJhIG1pbS4uLg==,,W01hZ2VudGFdCsKhSmEsIGphLCBqYSEgwqFHb25pIHByYWN0aWNhIGVsIHNpbGVuY2lvIQ==
ROjOBw,,UmV2ZWFsIHlvdXJzZWxmLCB5b3UgdmlsbGFpbiE=,,,,,Wz8/Pz8/P10KKlN1c3Bpcm8qLi4uIEV1IG1lIGRlaXhlaSBsZXZhci4gRXUgZGV2aWEgdGVyIGVzY2FwYWRvIGxvZ28uLi4KRXUgY3VpZGVpIGRhIGZlcmlkYSBkZWxlIGUsIGh1bS4uLiBOw6NvIGZpemVtb3MgbmFkYSB1bSBhbyBvdXRybywgZW50w6NvIHBvciBxdWUgbsOjbyBzZWd1aW1vcyBub3Nzb3MgY2FtaW5ob3M/,,wqFSZXbDqWxhdGUsIHZpbGxhbm8h
RejOBw,,Q3lhbiwgeW91IGxvb2sgbW9yZSB2aWxsYWlueSB0byBtZS4uLg==,,,,,W05vdmF0b10KTsOjbyBwb2RlbW9zIGZhemVyIGlzc28uIFRlbW9zIHVtYSB2w610aW1hIGFxdWkuIE7Do28gw6ksIEdvbmk/,,Q3lhbiwgdMO6IHBhcmVjZXMgbcOhcyB1biB2aWxsYW5vIHBhcmEgbcOt4oCm
RujOBw,,Wz8/Pz8/P10KKlNpZ2gqLi4uIEkgZHJhZ2dlZCBvbiB0b28gbXVjaC4gSSBzaG91bGQndmUgZXNjYXBlZCByaWdodCBhd2F5Li4uCkkgdHJlYXRlZCBoaXMgaW5qdXJ5IGFuZCwgdWguLi4gV2UgZGlkbid0IGRvIGFueXRoaW5nIHRvIGVhY2ggb3RoZXIsIHNvIHdoeSBkb24ndCB3ZSBqdXN0IGJlIG9uIG91ciB3YXlzPw==,,,,,W05vdmF0b10KRWxlIGNvbmNvcmRhLiBWYW1vcyBjb252ZXJzYXIsIHR1ZG8gYmVtPyBRdWVtIMOpIHZvY8OqPw==,,W8K/wr/Cvz8/P10KKlN1c3BpcmEq4oCmIE1lIGV4dGVuZMOtIGRlbWFzaWFkby4gRGViw60gaGFiZXIgZXNjYXBhZG8gZW5zZWd1aWRh4oCmClRyYXTDqSBzdSBoZXJpZGEgeSwgZWht4oCmIE5vIG5vcyBoaWNpbW9zIG5hZGEsIGFzw60gcXVlIMK/cG9yIHF1w6kgbm8gY2FkYSB1bm8gc2lndWUgcG9yIHN1IGNhbWlubz8=
R+jOBw,,W1Jvb2tpZV0KV2UgY2FuJ3QgZG8gdGhhdC4gV2UgaGF2ZSBhIHZpY3RpbSBoZXJlLiBSaWdodCwgR29uaT8=,,,,,Wz8/Pz8/P10KQW50ZXMgZGlzc28uLi4=,,W1ByaW5jaXBpYW50ZV0KTm8gcG9kZW1vcyBoYWNlciBlc28uIEFxdcOtIGhheSB1bmEgdsOtY3RpbWEuIMK/VmVyZGFkLCBHb25pPw==
SOjOBw,,W1Jvb2tpZV0KSGUgYWdyZWVzLiBOb3csIGxldCdzIHRhbGssIHNoYWxsIHdlPyBXaG8gYXJlIHlvdT8=,,,,,Wz8/Pz8/P10KQW50ZXMgZGlzc28sIHByb21ldGEgcXVlIG7Do28gdsOjbyBtZSBtYWNodWNhci4gRXUgdGFtYsOpbSBuw6NvIHZvdSBhdGFjw6EtbG9zLiBTw7MgbWUgZGVpeGVtIGlyIGVtIHBhei4KRXUgbyB0cm91eGUgZGUgdm9sdGEgcGFyYSB2b2PDqnMuIE7Do28gZXN0YXZhbSBwcm9jdXJhbmRvIHBvciBlbGU/IFNlIG1lIGRlaXhhcmVtIGlyIGlsZXNvLCB2b2PDqnMgc2Vyw6NvIG11aXRvIGFiZW7Dp29hZG9zIG5vIGZ1dHVyby4=,,W1ByaW5jaXBpYW50ZV0Kw4lsIGVzdMOhIGRlIGFjdWVyZG8uIEhhYmxlbW9zIHVuIHBvY28gwr9zw60/IMK/UXVpw6luIGVyZXM/
SejOBw,,Wz8/Pz8/P10KQmVmb3JlIHRoYXQuLi4=,,,,,RGlnYSwgcXVlbSB2YWkgbWFjaHVjYXIgcXVlbSBhZ29yYT8gQWNobyBxdWUgdm9jw6ogbsOjbyBlbnRlbmRldSBhIHNpdHVhw6fDo28u,,W8K/wr/Cvz8/P10KQW50ZXMgZGUgZXNv4oCm
SujOBw,,Wz8/Pz8/P10KQmVmb3JlIHRoYXQsIHByb21pc2UgbWUgeW91IHdvbid0IGhhcm0gbWUuIEkgd29uJ3QgYXR0YWNrIHlvdSBlaXRoZXIuIEp1c3QgbGV0IG1lIGdvIHBlYWNlZnVsbHkuCkkgZ2F2ZSBoaW0gYmFjayB0byB5b3UuIFdlcmVuJ3QgeW91IGFsbCBsb29raW5nIGZvciBoaW0/IElmIHlvdSBsZXQgbWUgZ28gd2l0aG91dCBoYXJtLCB5b3Ugd2lsbCBiZSBibGVzc2VkIGdyZWF0bHkgaW4gdGhlIGZ1dHVyZS4=,,,,,W05vdmF0b10KQ2xhcm8sIGVzdMOhdmFtb3MgcHJvY3VyYW5kbyBwZWxvIEdvbmksIG1hcyBlbGUgbsOjbyBlcmEgYSDDum5pY2EgY29pc2EgcXVlIGVzdMOhdmFtb3MgcHJvY3VyYW5kby4gRXN0YW1vcyBhcXVpIHBhcmEgZW5jb250cmFyIGEgY29pc2EgcXVlIGZleiBvIEdvbmkgZnVnaXIuIFNlamEgbyBxdWUgZm9yLCBwb2RlIHNlciBwZXJpZ29zbyBlIG1hY2h1Y2FyIG91dHJhcyBwZXNzb2FzLgpOw6NvIHBvZGVtb3MgaWdub3JhciB1bSBmYXRvciBkZSByaXNjbyBhc3NpbS4gUHJlY2lzYW1vcyBpbnZlc3RpZ2FyIGEgc2l0dWHDp8Ojby4=,,W8K/wr/Cvz8/P10KQW50ZXMgZGUgZXNvLCBwcm9tw6l0YW5tZSBxdWUgbm8gbWUgaGFyw6FuIGRhw7FvLiBZbyB0YW1wb2NvIGxvcyBhdGFjYXLDqS4gRMOpamVubWUgaXIgZW4gcGF6LgpTZSBsb3MgdHJhamUgZGUgdnVlbHRhLiDCv05vIGVzdGFiYW4gYnVzY8OhbmRvbG8/IFNpIG1lIGRlamFuIGlyIHNpbiBoYWNlcm1lIGRhw7FvLCBzZXLDoW4gYmVuZGVjaWRvcyBpbm1lbnNhbWVudGUgZW4gZWwgZnV0dXJvLg==
S+jOBw,,U2F5LCB3aG8ncyBnb2luZyB0byBoYXJtIHdobyBub3c/IEkgZG9uJ3QgdGhpbmsgeW91J3JlIGdldHRpbmcgdGhlIHNpdHVhdGlvbi4=,,,,,U2VtIGNoYW5jZSBkZSBkZWl4YXJtb3Mgdm9jw6ogaXIgYXNzaW0h,,RGltZSwgwr9xdWnDqW4gdmEgYSBoYWNlciBkYcOxbyBhIHF1acOpbiBhaG9yYT8gQ3JlbyBxdWUgbm8gZXN0w6FzIGVudGVuZGllbmRvIGxhIHNpdHVhY2nDs24u
TOjOBw,,W1Jvb2tpZV0KU3VyZSwgd2Ugd2VyZSBsb29raW5nIGZvciBHb25pLCBidXQgaGUgd2Fzbid0IHRoZSBvbmx5IHRoaW5nIHdlIHdlcmUgbG9va2luZyBmb3IuIFdlJ3JlIGhlcmUgdG8gZmluZCB0aGUgdGhpbmcgdGhhdCBtYWRlIEdvbmkgcnVuLiBXaGF0ZXZlciBpdCBpcywgaXQgbWlnaHQgYmUgZGFuZ2Vyb3VzIGFuZCBoYXJtIG90aGVyIHBlb3BsZS4KV2UgY2FuJ3QganVzdCBpZ25vcmUgYSByaXNrIGZhY3RvciBsaWtlIHRoYXQuIFdlIG5lZWQgdG8gaW52ZXN0aWdhdGUgdGhlIHNpdHVhdGlvbi4=,,,,,Wz8/Pz8/P10KLi4uIEV1IGxoZSBkb3UgbWluaGEgcGFsYXZyYSBxdWUgbsOjbyB2b3UgZmF6ZXIgbWFpcyBuYWRhLiBFdSBuw6NvIHNvdSBtYXUu,,W1ByaW5jaXBpYW50ZV0KQ2xhcm8gcXVlIGJ1c2PDoWJhbW9zIGEgR29uaSwgcGVybyBubyBlcmEgbG8gw7puaWNvIHF1ZSBidXNjw6FiYW1vcy4gRXN0YW1vcyBhcXXDrSBwYXJhIGVuY29udHJhciBsbyBxdWUgaGl6byBjb3JyZXIgYSBHb25pLiBTZWEgbG8gcXVlIHNlYSwgcHVlZGUgc2VyIHBlbGlncm9zbyB5IHBlcmp1ZGljYXIgYSBvdHJhcyBwZXJzb25hcy4KTm8gcG9kZW1vcyBpZ25vcmFyIGVzZSBmYWN0b3IgZGUgcmllc2dvLiBUZW5lbW9zIHF1ZSBpbnZlc3RpZ2FyIGxhIHNpdHVhY2nDs24u
TejOBw,,Tm8gd2F5IHdlJ3JlIGxldHRpbmcgeW91IGdvIGp1c3QgbGlrZSB0aGF0IQ==,,,,,RXUgbsOjbyBhY3JlZGl0bywgZSBuw6NvIG1lIGltcG9ydG8u,,wqFObyB0ZSB2YW1vcyBhIGRlamFyIGlyIGFzw60gY29tbyBhc8OtIQ==
TujOBw,,Wz8/Pz8/P10KLi4uSSdsbCBnaXZlIHlvdSBteSB3b3JkIHRoYXQgSSB3b24ndCBkbyBhbnl0aGluZyBlbHNlLiBJJ20gbm8gZXZpbC4=,,,,,Vm9jw6pzIHPDo28gdG9kb3MgaWd1YWlzLiBWb2PDqnMgYXByZW5kZW0gc3VhcyBmYWxhcyBubyBtZXNtbyBsdWdhcj8=,,W8K/wr/Cvz8/P10K4oCmRG95IG1pIHBhbGFicmEgZGUgcXVlIG5vIGhhcsOpIG5hZGEgbcOhcy4gTm8gc295IG1hbHZhZG8u
T+jOBw,,RG9uJ3QgYmVsaWV2ZSBpdCwgYW5kIEkgZG9uJ3QgY2FyZS4=,,,,,RXUgcXVlcm8gc2FiZXIgb25kZSBmaWNhIGlzc28gYcOtLiBFdSB2b3UgZGVpeGFyIGVtIHBlZGHDp29zLg==,,Tm8gdGUgY3JlbywgeSBubyBtZSBpbXBvcnRhLg==
UOjOBw,,WW91IHBlb3BsZSBhbGwgdGFsayB0aGUgc2FtZS4gRG8geW91IGFsbCBnZXQgeW91ciBsaW5lcyBmcm9tIHRoZSBzYW1lIHBsYWNlPw==,,,,,W0JvcnJhY2hpbmhhXQpRdWUgY29uZnVzw6NvIMOpIGVzc2E/IEFjb250ZWNldSBhbGd1bWEgY29pc2E/CkRvaXMgR29uaXM/IHt9LCBlc3NhIMOpIGEgY29pc2EgcXVlIHZvY8OqIG1lIGZhbG91Pw==,,VG9kb3MgdXN0ZWRlcyBoYWJsYW4gaWd1YWwuIMK/QWNhc28gb2J0aWVuZW4gc3VzIGZyYXNlcyBkZWwgbWlzbW8gbHVnYXI/
UejOBw,,SSB3YW50IHRvIGtub3cgd2hlcmUgaXQgaXMgaWYgaXQgZXhpc3RzLiBJJ2xsIHNtYXNoIGl0IHRvIHBpZWNlcy4=,,,,,QWguLi4gQWdvcmEgdGVtIHVtIHJvYsO0IHRhbWLDqW0uLi4=,,UXVpZXJvIHNhYmVyIGTDs25kZSBlc3TDoSBzaSBleGlzdGUuIExvIGhhcsOpIHBlZGF6b3Mu
UujOBw,,W1J1YmJlcl0KV2hhdCdzIHRoZSBjb21tb3Rpb24/IERpZCBzb21ldGhpbmcgaGFwcGVuPwpUd28gR29uaXM/IHt9LCBpcyB0aGlzIHRoZSB0aGluZyB5b3UgdG9sZCBtZT8=,,,,,w4ksIGVzc2Egw6kgYSBpbWl0YcOnw6NvLg==,,W1J1YmJlcl0Kwr9Qb3IgcXXDqSB0YW50byBhbGJvcm90bz8gwr9QYXPDsyBhbGdvPwrCv0RvcyBHb25pPyB7fSwgwr9lcyBlc3RvIGxvIHF1ZSBtZSBkaWppc3RlPw==
U+jOBw,,QWguLi4gTm93IHRoZXJlJ3MgYSByb2JvdCB0b28uLi4=,,,,,W0JvcnJhY2hpbmhhXQpVbSBtb21lbnRvLCBwb3IgZmF2b3IuIEV1IHJlc29sdm8gaXNzby4KUXVlbSDDqSB2b2PDqj8gSWRlbnRpZmlxdWUtc2UuIFBvciBxdWUgdm9jw6ogZXN0w6EgaW5jb21vZGFuZG8gb3MgaMOzc3BlZGVzIGRvIE1lc3RyZT8=,,QWjigKYgQWhvcmEgdGFtYmnDqW4gaGF5IHVuIHJvYm904oCm
VOjOBw,,WWVzLCB0aGF0IG9uZSdzIHRoZSBmYWtlLg==,,,,,W05vdmF0b10KRXNwZXJlLiBWb2PDqiB2YWkgY29udGludWFyIGZhbGFuZG8gbmVzc2EgZm9ybWE/IMOJIGNvbmZ1c28uIFN1Z2lybyBxdWUgdm9sdGUgcGFyYSBhIHN1YSBmb3JtYSBvcmlnaW5hbC4=,,U8OtLCBlc2UgZXMgZWwgaW1wb3N0b3Iu
VejOBw,,W1J1YmJlcl0KT25lIG1vbWVudCwgcGxlYXNlLiBJIHdpbGwgaGFuZGxlIGl0LgpXaG8gYXJlIHlvdT8gSWRlbnRpZnkgeW91cnNlbGYuIFdoeSBhcmUgeW91IGhhcmFzc2luZyBNYXN0ZXIncyBndWVzdHMgaGVyZT8=,,,,,Wz8/Pz8/P10KLi4uIEVzdMOhIGJlbSwgZXN0w6EgYmVtLiBTw7MgZ3VhcmRlIGEgYXJtYSwgcG9yIGZhdm9yLiBFdSBuw6NvIHZvdSBmdWdpciBuZW0gbWFjaHVjYXIgdm9jw6pzLg==,,W1J1YmJlcl0KVW4gbW9tZW50bywgcG9yIGZhdm9yLiBZbyBtZSBlbmNhcmdhcsOpLgrCv1F1acOpbiBlcmVzPyBJZGVudGlmw61jYXRlLiDCv1BvciBxdcOpIGFjb3NhcyBhIGxvcyBodcOpc3BlZGVzIGRlbCBtYWVzdHJvPw==
VujOBw,,W1Jvb2tpZV0KV2FpdC4gQXJlIHlvdSBnb2luZyB0byBrZWVwIHRhbGtpbmcgaW4gdGhhdCBmb3JtPyBJdCdzIGNvbmZ1c2luZy4gSSBzdWdnZXN0IHlvdSB0dXJuIGJhY2sgdG8geW91ciBvcmlnaW5hbCBmb3JtLg==,,,,,Wz8/Pz8/P10KRXNzYSDDqSBhIG1pbmhhIGZvcm1hIHZlcmRhZGVpcmEu,,W1ByaW5jaXBpYW50ZV0KRXNwZXJhLiDCv1ZhcyBhIHNlZ3VpciBoYWJsYW5kbyBkZSBlc2EgbWFuZXJhPyBFcyBjb25mdXNvLiBUZSBzdWdpZXJvIHF1ZSB2dWVsdmFzIGEgdHUgZm9ybWEgb3JpZ2luYWwu
V+jOBw,,Wz8/Pz8/P10KLi4uQWxyaWdodCwgYWxyaWdodC4gSnVzdCwgcGxlYXNlIHRha2UgdGhlIGd1biBhd2F5LiBJIHdvbid0IHJ1biBhd2F5IG9yIGhhcm0geW91Lg==,,,,,VW1hIHNlcmVpYT8=,,W8K/wr/Cvz8/P10K4oCmRXN0w6EgYmllbiwgZXN0w6EgYmllbi4gVGUgYWdyYWRlY2Vyw61hIGFwYXJ0YXIgZWwgYXJtYS4gTm8gaHVpcsOpIG5pIGxlcyBoYXLDqSBkYcOxby4=
WOjOBw,,Wz8/Pz8/P10KVGhpcyBpcyBteSB0cnVlIGZvcm0u,,,,,Wz8/Pz8/P10KRXNzYSBwYWxhdnJhIGh1bWFuYSDDqSBkZXByZWNpYXRpdmEgcGFyYSBuw7NzLiBFIGV1IG5lbSBzb3UgZGEgbWVzbWEgZXNww6ljaWUgcXVlIGFzIHNlcmVpYXMu,,W8K/wr/Cvz8/P10KRXN0YSBlcyBtaSBmb3JtYSB2ZXJkYWRlcmEu
WejOBw,,QSBtZXJtYWlkPw==,,,,,Wz8/Pz8/P10KTWFzIGxldmFyw6EgZGlhcyBwYXJhIGV4cGxpY2FyIG1pbmhhIHJhw6dhLCBlbnTDo28gbWUgY2hhbWUgZG8gcXVlIHF1aXNlci4KRGUgcXVhbHF1ZXIgZm9ybWEsIG5pbmd1w6ltIGFxdWkgZmljYXLDoSBvZmVuZGlkbyBzZSBldSBwZXJtaXRpciBxdWUgdm9jw6ogZmHDp2EgaXNzbywgasOhIHF1ZSBzb21vcyB0b2RvcyBow7NzcGVkZXMgZGUgVmFybXVudC4=,,wr9VbmEgc2lyZW5hPw==
WujOBw,,Wz8/Pz8/P10KVGhhdCBodW1hbiB3b3JkIGlzIGRlcm9nYXRvcnkgdG8gdXMuIEFuZCBJJ20gbm90IGV2ZW4gdGhlIHNhbWUgc3BlY2llcyBhcyB0aGUgbWVybWFpZHMgaGVyZS4=,,,,,W0JvcnJhY2hpbmhhXQpWb2PDqiDDqSBtZXNtbyB1bWEgaMOzc3BlZGUgZG8gTWVzdHJlIFZhcm11bnQ/IEVudMOjbywgbWUgZGlnYSBzZXUgbm9tZSwgcG9yIGZhdm9yLg==,,W8K/wr/Cvz8/P10KUGFyYSBub3NvdHJvcywgZXNhIHBhbGFicmEgcXVlIHVzYW4gbG9zIGh1bWFub3MgZXMgZGVzcGVjdGl2YS4gWSBuaSBzaXF1aWVyYSBzb3kgZGUgbGEgbWlzbWEgZXNwZWNpZSBxdWUgbGFzIHNpcmVuYXMgZGUgYXF1w60u
W+jOBw,,Wz8/Pz8/P10KQnV0IGl0J2xsIHRha2UgZGF5cyB0byBleHBsYWluIG15IHJhY2UsIHNvIGNhbGwgbWUgYW55dGhpbmcgeW91IHdhbnQuCk5vIG9uZSBoZXJlIHdpbGwgdGFrZSBvZmZlbnNlIGlmIEkgYWxsb3cgeW91IHRvIGRvIHNvLCBhbnl3YXksIHNpbmNlIHdlJ3JlIGFsbCBndWVzdHMgb2YgQmFybXVuZC4=,,,,,Wz8/Pz8/P10KQWgsIMOpIGhvcmEgZGFzIGFwcmVzZW50YcOnw7Vlcz8gT3V2aSBhcyBwZXNzb2FzIGRhcXVpIHNlIGFwcmVzZW50YXJlbSBwYXJhIHByb21vdmVyIHJlbGHDp8O1ZXMgYW1pZ8OhdmVpcy4gTWV1IG5vbWUgw6kgUHJpbmNlc2EsIGUgdmVuaG8gZGUgQXp1cmUu,,W8K/wr/Cvz8/P10KUGVybyB0YXJkYXLDrWEgZMOtYXMgZW4gZXhwbGljYXIgbWkgcmF6YSwgYXPDrSBxdWUgbGzDoW1hbWUgY29tbyBxdWllcmFzLgpOYWRpZSBhcXXDrSBzZSBvZmVuZGVyw6Egc2kgbG8gcGVybWl0bywgeWEgcXVlIHRvZG9zIHNvbW9zIGh1w6lzcGVkZXMgZGUgVmFybXVuZHQu
XOjOBw,,W1J1YmJlcl0KQXJlIHlvdSByZWFsbHkgYSBndWVzdCBvZiBNYXN0ZXIgQmFybXVuZD8gVGhlbiwgcGxlYXNlIHRlbGwgbWUgeW91ciBuYW1lLg==,,,,,W0JvcnJhY2hpbmhhXQpVbSBtb21lbnRvLCBwb3IgZmF2b3IuIEV1IHZvdSBjb25mZXJpciBhIGxpc3RhLg==,,W1J1YmJlcl0Kwr9FcmVzIHJlYWxtZW50ZSB1bmEgaHXDqXNwZWQgZGVsIG1hZXN0cm8gVmFybXVuZHQ/IEVudG9uY2VzLCBkaW1lIHR1IG5vbWJyZS4=
XejOBw,,Wz8/Pz8/P10KQWgsIGlzIGl0IHRpbWUgZm9yIHNlbGYtaW50cm9kdWN0aW9ucz8gSSBoZWFyZCB0aGUgcGVvcGxlIGhlcmUgaW50cm9kdWNlIHRoZW1zZWx2ZXMgdG8gcHJvbW90ZSBmcmllbmRseSByZWxhdGlvbnMuIE15IG5hbWUgaXMgUHJpbmNlc3MsIGFuZCBJIGhhaWwgZnJvbSBBenVyZS4=,,,,,QSBwcm9ww7NzaXRvLCBvbmRlIGZpY2EgQXp1cmU/IE51bmNhIG91dmkgZmFsYXIu,,W8K/wr/Cvz8/P10KQWgsIMK/bGxlZ8OzIGxhIGhvcmEgZGUgbGFzIHByZXNlbnRhY2lvbmVzPyBPw60gcXVlIGxhIGdlbnRlIGRlIGFxdcOtIHNlIHByZXNlbnRhIHBhcmEgZm9tZW50YXIgbGFzIHJlbGFjaW9uZXMgYW1pc3Rvc2FzLiBNZSBsbGFtbyBQcmluY2VzYSB5IHZlbmdvIGRlIEF6dXJlLg==
XujOBw,,W1J1YmJlcl0KT25lIG1vbWVudCwgcGxlYXNlLiBJIHdpbGwgY2hlY2sgdGhlIGxpc3Qu,,,,,W01hZ2VudGFdCk8gcXVlIHVtYSBwcmluY2VzYSBlc3TDoSBmYXplbmRvIGFxdWk/,,W1J1YmJlcl0KVW4gbW9tZW50bywgcG9yIGZhdm9yLiBDb21wcm9iYXLDqSBsYSBsaXN0YS4=
X+jOBw,,V2hlcmUncyBBenVyZSwgYnkgdGhlIHdheT8gSSd2ZSBuZXZlciBoZWFyZCBvZiBpdC4=,,,,,W1ByaW5jZXNhXQpCZW0sIG7Do28uLi4gw6kgaXNzby4gQWgsIMOpIHBvciBpc3NvIHF1ZSBldSBuw6NvIHF1ZXJpYSBtZSByZXZlbGFyIHBhcmEgYXMgcGVzc29hcy4uLgpOw6NvIG1lIG9saGVtIGFzc2ltLiBPdXZpIGZhbGFyIHNvYnJlIG8gcXVlIG1ldSBub21lIHNpZ25pZmljYSBlbnRyZSBvcyBodW1hbm9zLCBtYXMgZGUgb25kZSBldSB2ZW5obywgbyBzaWduaWZpY2FkbyDDqSBjb21wbGV0YW1lbnRlIGRpZmVyZW50ZS4=,,UG9yIGNpZXJ0bywgwr9kw7NuZGUgZXN0w6EgQXp1cmU/IE51bmNhIGhhYsOtYSBvw61kbyBhbGdvIGFzw60u
YOjOBw,,W01hZ2VudGFdCldoYXQncyBhIHByaW5jZXNzIGRvaW5nIGhlcmU/,,,,,QWgsIGVudMOjbyB2b2PDqiBuw6NvIMOpIHVtYSBwcmluY2VzYSwgbWFzIG8gc2V1IG5vbWUgw6kgUHJpbmNlc2Eu,,W01hZ2VudGFdCsK/UXXDqSBoYWNlIGFxdcOtIHVuYSBwcmluY2VzYT8=
YejOBw,,W1ByaW5jZXNzXQpXZWxsLCBpdC4uLiBkb2Vzbid0IG1lYW4gdGhhdC4gT2gsIHRoaXMgaXMgd2h5IEkgZGlkbid0IHdhbnQgdG8gcmV2ZWFsIG15c2VsZiB0byBwZW9wbGUuLi4KRG9uJ3QgbG9vayBhdCBtZSBsaWtlIHRoYXQuIEkgaGVhcmQgYWJvdXQgd2hhdCBteSBuYW1lIG1lYW5zIGFtb25nIGh1bWFucywgYnV0IGZyb20gd2hlcmUgSSBoYWlsLCB0aGUgbWVhbmluZyBpcyBjb21wbGV0ZWx5IGRpZmZlcmVudC4=,,,,,QmVtLCBlbGVzIGNoYW1hbSB1bSBlc2ZyZWfDo28gZGUgYm9ycmFjaGEuLi4gw4ksIG5hZGEuLi4=,,W1ByaW5jZXNhXQpCdWVub+KApiBubyBzaWduaWZpY2EgZXNvLiBPaCwgcG9yIGVzbyBubyBxdWVyw61hIHJldmVsYXIgbWkgZm9ybWEgYSBsYSBnZW50ZeKApgpObyBtZSBtaXJlcyBhc8OtLiBFc2N1Y2jDqSBsbyBxdWUgc2lnbmlmaWNhIG1pIG5vbWJyZSBlbnRyZSBsb3MgaHVtYW5vcywgcGVybyBkZSBkb25kZSB5byB2ZW5nbywgZWwgc2lnbmlmaWNhZG8gZXMgY29tcGxldGFtZW50ZSBkaWZlcmVudGUu
YujOBw,,T2gsIHNvIHlvdSdyZSBub3QgYSBwcmluY2VzcywgYnV0IHlvdXIgbmFtZSBpcyBQcmluY2Vzcy4=,,,,,QSBwcm9ww7NzaXRvLCBvIG5vbWUgY29tYmluYSBjb20gdm9jw6ou,,QWgsIGVudG9uY2VzIG5vIGVyZXMgdW5hIHByaW5jZXNhLCBwZXJvIHR1IG5vbWJyZSBlcyBQcmluY2VzYS4=
Y+jOBw,,V2VsbCwgdGhleSBjYWxsIGEgc2NydWJiZXIgYSBydWJiZXIuLi4gRWgsIG5vdGhpbmcu,,,,,U8OpcmlvPyBFdSByZWFsbWVudGUgcGFyZcOnbyB1bSBwaWxhciByb2J1c3RvIHF1ZSBwb2RlIHN1cG9ydGFyIHR1ZG8/,,QnVlbm8sIGVsbG9zIGxlIGxsYW1hbiBlc3Ryb3Bham8gYSB1biB0cmFwb+KApiBFaCwgbmFkYS4=
ZOjOBw,,VGhlIG5hbWUgZml0cyB5b3UsIGJ5IHRoZSB3YXku,,,,,QWgsIG5vc3NhLi4uIMOJIGlzc28gcXVlIHNpZ25pZmljYT8=,,UG9yIGNpZXJ0bywgZWwgbm9tYnJlIHRlIHF1ZWRhIGJpZW4u
ZejOBw,,RG8geW91IG1lYW4gaXQ/IERvIEkgcmVhbGx5IGxvb2sgbGlrZSBhIHN0b3V0IHBpbGxhciB0aGF0IGNhbiBzdXBwb3J0IGV2ZXJ5dGhpbmc/,,,,,Li4uIFNpbS4gw4kgaXNzbyBxdWUgc2lnbmlmaWNhLg==,,wr9MbyBkaWNlcyBlbiBzZXJpbz8gwr9EZSB2ZXJkYWQgcGFyZXpjbyB1biBwaWxhciByb2J1c3RvIHF1ZSBwdWVkZSBzb3BvcnRhcmxvIHRvZG8/
ZujOBw,,T2gsIHdvdy4uLiBUaGF0J3Mgd2hhdCBpdCBtZWFucz8=,,,,,W0JvcnJhY2hpbmhhXQpTaW50byBtdWl0by4gRXUgY29uZmVyaSBhIGxpc3RhIGRlIG5vdm8sIG1hcyBuw6NvIGVuY29udHJlaSBvIHNldSBub21lLiBQb2RlIHJlcGV0aXIgbyBzZXUgbm9tZSwgcG9yIGZhdm9yPw==,,T2gsIHZheWHigKYgwr9Fc28gZXMgbG8gcXVlIHNpZ25pZmljYT8=
Z+jOBw,,Li4uWWVzLiBUaGF0J3Mgd2hhdCBpdCBtZWFucy4=,,,,,W1ByaW5jZXNhXQpFdSBuw6NvIHZvdSBlc3RhciBuYSBsaXN0YS4gRXUgcGVkaSBhIGVsZSBwZXNzb2FsbWVudGUgcGFyYSBuw6NvIGNvbG9jYXIuCkV1IGVzdGF2YSBsb25nZSBkYSBtaW5oYSB0ZXJyYSBuYXRhbCBlIHZhZ2FuZG8gc2VtIHJ1bW8uIFZhcm11bnQgb3V2aXUgbWluaGEgaGlzdMOzcmlhIGUgbWUgcGVybWl0aXUgdXNhciBhIGNhc2EgZGUgYmFuaG8gZGVzdGEgbWFuc8OjbyBzZW0gZW50cmFyIGVtIGNvbnRhdG8gY29tIG5pbmd1w6ltLg==,,4oCmU8OtLiBFc28gZXMgbG8gcXVlIHNpZ25pZmljYS4=
aOjOBw,,W1J1YmJlcl0KSSdtIHNvcnJ5LiBJIHNlYXJjaGVkIHRocm91Z2ggdGhlIGxpc3QgYWdhaW4sIGJ1dCB5b3VyIG5hbWUgd2FzIG5vdCBmb3VuZC4gQ291bGQgeW91IHJlcGVhdCB5b3VyIG5hbWUsIHBsZWFzZT8=,,,,,W1ByaW5jZXNhXQpOw6NvIG1lIGxlbWJybyBleGF0YW1lbnRlIHF1YW5kbyBmb2ksIHBvaXMgasOhIGZheiBtdWl0byB0ZW1wby4gQ29tZWNlaSBhIHZpc2l0YXIgZXN0ZSBsdWdhciBhbnRlcyBkZSBWYXJtdW50IHNlIGVzY29uZGVyLg==,,W1J1YmJlcl0KTG8gc2llbnRvLiBCdXNxdcOpIGRlIG51ZXZvIGVuIGxhIGxpc3RhLCBwZXJvIG5vIGVuY29udHLDqSB0dSBub21icmUuIMK/UG9kcsOtYXMgcmVwZXRpciB0dSBub21icmUsIHBvciBmYXZvcj8=
aejOBw,,W1ByaW5jZXNzXQpJdCB3b24ndCBiZSBvbiB0aGUgbGlzdC4gSSBhc2tlZCBoaW0gcGVyc29uYWxseSBub3QgdG8uCkkgd2FzIGF3YXkgZnJvbSBteSBob21lbGFuZCBhbmQgd2FuZGVyaW5nIGFpbWxlc3NseS4gQmFybXVuZCBoZWFyZCBteSBzdG9yeSBhbmQgYWxsb3dlZCBtZSB0byB1c2UgdGhpcyBtYW5zaW9uJ3MgYmF0aGhvdXNlIHdpdGhvdXQgY29udGFjdGluZyBhbnlvbmUu,,,,,W0JvcnJhY2hpbmhhXQpFbnTDo28gdm9jw6ogZnJlcXVlbnRhIGVzdGEgY2FzYSBkZSBiYW5obyBow6EgYmFzdGFudGUgdGVtcG8uIE1hcyBwcmVjaXNvIHRlciBjZXJ0ZXphIGRlIHF1ZSB2b2PDqiDDqSByZWFsbWVudGUgdW1hIGjDs3NwZWRlIGRvIE1lc3RyZS4=,,W1ByaW5jZXNhXQpObyBlc3TDoSBlbiBsYSBsaXN0YS4gTGUgcGVkw60gcGVyc29uYWxtZW50ZSBxdWUgbm8gbG8gaGljaWVyYS4KRXN0YWJhIGxlam9zIGRlIG1pIHRpZXJyYSB5IGRlYW1idWxhYmEgc2luIHJ1bWJvLiBWYXJtdW5kdCBlc2N1Y2jDsyBtaSBoaXN0b3JpYSB5IG1lIHBlcm1pdGnDsyB1c2FyIGVsIGJhw7FvIHDDumJsaWNvIGRlIGVzdGEgbWFuc2nDs24gc2luIGNvbnRhY3RhciBhIG5hZGllLg==
aujOBw,,W1ByaW5jZXNzXQpJIGRvbid0IHJlbWVtYmVyIGV4YWN0bHkgd2hlbiBpdCB3YXMgc2luY2UgaXQncyBiZWVuIHRvbyBsb25nLiBJIHN0YXJ0ZWQgdmlzaXRpbmcgdGhpcyBwbGFjZSBiZWZvcmUgQmFybXVuZCBoaWQgYXdheS4=,,,,,W0JvcnJhY2hpbmhhXQpUZW1vcyBxdWUgcGFzc2FyIHBvciBlc3NlIHByb2NlZGltZW50byBqw6EgcXVlIG8gTWVzdHJlIG7Do28gbWVuY2lvbm91IG5hZGEgc29icmUgdm9jw6osIGVudMOjbywgcG9yIGZhdm9yLCBlbnRlbmRhLiBPIE1lc3RyZSB0ZSBlbnRyZWdvdSBhbGd1bWEgbWFyY2Egb3UgbWVuc2FnZW0/,,W1ByaW5jZXNhXQpObyByZWN1ZXJkbyBleGFjdGFtZW50ZSBjdcOhbmRvIGZ1ZSB5YSBxdWUgcGFzw7MgZGVtYXNpYWRvIHRpZW1wby4gRW1wZWPDqSBhIHZpc2l0YXIgZXN0ZSBsdWdhciBhbnRlcyBkZSBxdWUgVmFybXVuZHQgc2UgZXNjb25kaWVyYS4=
a+jOBw,,W1J1YmJlcl0KVGhlbiB5b3UndmUgYmVlbiBhIHBhdHJvbiBvZiB0aGlzIGJhdGhob3VzZSBmb3IgcXVpdGUgYSBsb25nIHRpbWUuIEJ1dCBJIG5lZWQgdG8gbWFrZSBzdXJlIHRoYXQgeW91J3JlIGluZGVlZCBhIGd1ZXN0IG9mIE1hc3Rlci4=,,,,,W1ByaW5jZXNhXQpJbmZlbGl6bWVudGUsIG7Do28uIEV1IGRpc3NlIHF1ZSBlbGUgbWUgcGVybWl0aXUgdXNhciBvIGx1Z2FyIGxvbmdlIGRvcyBvdXRyb3Mu,,W1J1YmJlcl0KRW50b25jZXMgZnVpc3RlIGNsaWVudGUgZGUgZXN0ZSBiYcOxbyBww7pibGljbyBkdXJhbnRlIG11Y2hvIHRpZW1wby4gUGVybyBuZWNlc2l0byBhc2VndXJhcm1lIGRlIHF1ZSByZWFsbWVudGUgZXJlcyBodcOpc3BlZCBkZWwgbWFlc3Ryby4=
bOjOBw,,W1J1YmJlcl0KV2UgaGF2ZSB0byBnbyB0aHJvdWdoIHRoaXMgcHJvY2VkdXJlIHNpbmNlIE1hc3RlciBkaWQgbm90IG1lbnRpb24gYW55dGhpbmcgYWJvdXQgeW91LCBzbyBwbGVhc2UgdW5kZXJzdGFuZC4gRGlkIE1hc3RlciBnaXZlIHlvdSBhbnkgbWFyayBvciBtZXNzYWdlPw==,,,,,W1ByaW5jZXNhXQpFdSBlc3RhdmEgZW0gdW1hIHByYWlhIHBlcnRvIGRhcXVpLCBlIFZhcm11bnQgbWUgdml1IGVucXVhbnRvIGNhbWluaGF2YSBkbyBsYWRvIGRlIGZvcmEgZGEgbWFuc8Ojby4KVmFybXVudCBvdXZpdSBhIG1pbmhhIGhpc3TDs3JpYS4gRW50w6NvIGVsZSBnZW50aWxtZW50ZSBtZSBjb252aWRvdSBwYXJhIGEgc3VhIG1hbnPDo28gZSBtZSBwZXJtaXRpdSB1c2FyIGEgY2FzYSBkZSBiYW5obyBhIHF1YWxxdWVyIGhvcmEu,,W1J1YmJlcl0KVGVuZW1vcyBxdWUgcGFzYXIgcG9yIGVzdGUgcHJvY2VkaW1pZW50byB5YSBxdWUgZWwgbWFlc3RybyBubyBtZW5jaW9uw7MgbmFkYSBzb2JyZSB0aSwgYXPDrSBxdWUgcG9yIGZhdm9yIGNvbXByZW5kZS4gwr9FbCBtYWVzdHJvIHRlIGRpbyBhbGd1bmEgbWFyY2EgbyBtZW5zYWplPw==
bejOBw,,W1ByaW5jZXNzXQpTYWRseSwgbm8uIEkgdG9sZCB5b3UgaGUgYWxsb3dlZCBtZSB0byB1c2UgdGhlIHBsYWNlIGF3YXkgZnJvbSBvdGhlcnMu,,,,,W1ByaW5jZXNhXQpDb21vIGV1IG7Do28gcXVlcmlhIHNlciB2aXN0YSBwb3IgaHVtYW5vcyBlIHJvYsO0cywgcXVlIGVtaXRpYW0gdW1hIHByZXNlbsOnYSBkaWZlcmVudGUgZGFzIGNyaWF0dXJhcyBvcmfDom5pY2FzLCBlbGUgbsOjbyBjb250b3UgYSBuaW5ndcOpbSBzb2JyZSBtaW0uClZhcm11bnQgYXTDqSBhYnJpdSB1bSBjYW1pbmhvIHNlcGFyYWRvIHBhcmEgZXUgZW50cmFyIG5lc3RhIGNhc2EgZGUgYmFuaG8u,,W1ByaW5jZXNhXQpMYW1lbnRhYmxlbWVudGUsIG5vLiBUZSBkaWplIHF1ZSBtZSBwZXJtaXRpw7MgdXNhciBlbCBsdWdhciBsZWpvcyBkZSBsb3MgZGVtw6FzLg==
bujOBw,,W1ByaW5jZXNzXQpJIHdhcyBzdGF5aW5nIGF0IGEgc2hvcmUgbmVhcmJ5LCBhbmQgQmFybXVuZCBzYXcgbWUgd2hpbGUgdGFraW5nIGEgd2FsayBvdXRzaWRlIHRoZSBtYW5zaW9uLgpCYXJtdW5kIGxpc3RlbmVkIHRvIG15IHN0b3J5LiBUaGVuIGhlIHZlcnkga2luZGx5IGludml0ZWQgbWUgdG8gaGlzIG1hbnNpb24gYW5kIGFsbG93ZWQgbWUgdG8gdXNlIHRoZSBiYXRoaG91c2UgYW55dGltZS4=,,,,,W0JvcnJhY2hpbmhhXQrDiSB2ZXJkYWRlLiBPIGFsYXJtZSB0ZXJpYSBkaXNwYXJhZG8gYXNzaW0gcXVlIHVtIGVzdHJhbmhvIGVudHJhc3NlIG5hIG1hbnPDo28gcG9yIHVtIG3DqXRvZG8gbm9ybWFsLiBFdSBwZcOnbyBkZXNjdWxwYXMgcGVsbyB0cmFuc3Rvcm5vLiBWb3UgcmVnaXN0csOhLWxhIGNvbW8gaMOzc3BlZGUgYWdvcmEgcGFyYSBldml0YXIgbWFpcyBpbmNvbnZlbmllbnRlcy4=,,W1ByaW5jZXNhXQpNZSBhbG9qYWJhIGVuIHVuYSBjb3N0YSBjZXJjYW5hLCB5IFZhcm11bmR0IG1lIHZpbyBtaWVudHJhcyBkYWJhIHVuIHBhc2VvIGZ1ZXJhIGRlIGxhIG1hbnNpw7NuLgpWYXJtdW5kdCBlc2N1Y2jDsyBtaSBoaXN0b3JpYS4gTHVlZ28sIG11eSBhbWFibGVtZW50ZSwgbWUgaW52aXTDsyBhIHN1IG1hbnNpw7NuIHkgbWUgcGVybWl0acOzIHVzYXIgZWwgYmHDsW8gcMO6YmxpY28gY3VhbmRvIHF1aXNpZXJhLg==
b+jOBw,,W1ByaW5jZXNzXQpTaW5jZSBJIGRpZG4ndCB3YW50IHRvIGJlIHNlZW4gYnkgaHVtYW5zIGFuZCByb2JvdHMgd2hpY2ggZ2F2ZSBvZmYgYSBkaWZmZXJlbnQgcHJlc2VuY2UgdGhhbiBvcmdhbmljIGNyZWF0dXJlcywgaGUgZGlkbid0IHRlbGwgYW55b25lIGVsc2UgYWJvdXQgbWUuCkJhcm11bmQgZXZlbiBtYWRlIGEgc2VwYXJhdGUgd2F5IHRvIGdldCBpbnRvIHRoaXMgYmF0aGhvdXNlIGZvciBtZS4=,,,,,W1ByaW5jZXNhXQpIdW0sIGV1IHByZWNpc28gbWVzbW8gZmF6ZXIgaXNzbz8=,,W1ByaW5jZXNhXQpDb21vIG5vIHF1ZXLDrWEgcXVlIG1lIHZpZXJhbiBsb3MgaHVtYW5vcyBuaSBsb3Mgcm9ib3RzLCBxdWUgZGVzcHJlbmTDrWFuIHVuYSBwcmVzZW5jaWEgZGlzdGludGEgYSBsYSBkZSBsYXMgY3JpYXR1cmFzIG9yZ8OhbmljYXMsIG5vIGxlIGhhYmzDsyBhIG5hZGllIG3DoXMgZGUgbcOtLgpWYXJtdW5kdCBpbmNsdXNvIGhpem8gdW4gY2FtaW5vIHNlcGFyYWRvIHBhcmEgcXVlIHlvIGVudHJlIGVuIGVsIGJhw7FvLg==
cOjOBw,,W1J1YmJlcl0KSW5kZWVkLiBUaGUgYWxhcm0gd291bGQgaGF2ZSBnb25lIG9mZiBhcyBzb29uIGFzIGFuIG91dHNpZGVyIGdvdCBpbnRvIHRoZSBtYW5zaW9uIHRocm91Z2ggYSBub3JtYWwgbWV0aG9kLiBJIGFwb2xvZ2l6ZSBmb3IgdGhlIGRpc2NvbWZvcnQgY2F1c2VkLiBJIHdpbGwgcmVnaXN0ZXIgeW91IGFzIGEgZ3Vlc3Qgbm93IHRvIHByZXZlbnQgYW55IG1vcmUgaW5jb252ZW5pZW5jZS4=,,,,,W0JvcnJhY2hpbmhhXQpTZSB2b2PDqiBjb250aW51YXIgdXNhbmRvIGEgY2FzYSBkZSBiYW5obyBzZW0gc2UgcmVnaXN0cmFyLCBwb2RlIGhhdmVyIG1hbC1lbnRlbmRpZG9zIGRlc25lY2Vzc8OhcmlvcyBlbnRyZSBvcyBvdXRyb3MgZW1wcmVnYWRvcywgZW50w6NvIHN1Z2lybyBxdWUgdm9jw6ogcGVsbyBtZW5vcyBzZSByZWdpc3RyZS4gSsOhIHF1ZSBvIG1lc3RyZSBuw6NvIGVzdMOhIGFxdWkgcGFyYSByZXNwb25kZXIgcG9yIHZvY8OqLg==,,W1J1YmJlcl0KQXPDrSBlcy4gRW4gY3VhbnRvIHVuIGV4dHJhw7FvIGh1YmllcmEgZW50cmFkbyBlbiBsYSBtYW5zacOzbiBwb3IgdW4gbcOpdG9kbyBub3JtYWwsIGxhIGFsYXJtYSBzZSBoYWJyw61hIGRpc3BhcmFkby4gUGlkbyBkaXNjdWxwYXMgcG9yIGxhcyBtb2xlc3RpYXMgY2F1c2FkYXMuIFRlIHJlZ2lzdHJhcsOpIGNvbW8gaHXDqXNwZWQgYWhvcmEgcGFyYSBldml0YXIgbcOhcyBpbmNvbnZlbmllbnRlcy4=
cejOBw,,W1ByaW5jZXNzXQpVbW0sIGRvIEkgcmVhbGx5IGhhdmUgdG8/,,,,,W1ByaW5jZXNhXQpFbnRlbmRvLi4uIEV1IGVudGVuZG8u,,W1ByaW5jZXNhXQpVbW0sIMK/ZGUgdmVyZGFkIHRlbmdvIHF1ZSBoYWNlcmxvPw==
cujOBw,,W1J1YmJlcl0KSWYgeW91IGtlZXAgdXNpbmcgdGhlIGJhdGhob3VzZSB3aXRob3V0IHJlZ2lzdGVyaW5nLCBpdCBtaWdodCBvY2N1ciB1bm5lY2Vzc2FyeSBtaXN1bmRlcnN0YW5kaW5nIGFtb25nIG90aGVyIHNlcnZhbnRzLCBzbyBJIHN1Z2dlc3QgeW91IGF0IGxlYXN0IHJlZ2lzdGVyLiBTaW5jZSBtYXN0ZXIgaXMgbm90IGhlcmUgdG8gdm91Y2ggZm9yIHlvdS4=,,,,,W0JvcnJhY2hpbmhhXQpWb3UgZmF6ZXIgaXNzbyByYXBpZGFtZW50ZS4gUG9yIGZhdm9yLCBtZSBkaWdhIG8gc2V1IG5vbWUgbm92YW1lbnRlLg==,,W1J1YmJlcl0KU2kgc2lndWVzIHV0aWxpemFuZG8gZWwgYmHDsW8gcMO6YmxpY28gc2luIHJlZ2lzdHJhcnRlLCBwb2Ryw61hbiBwcm9kdWNpcnNlIG1hbGVudGVuZGlkb3MgaW5uZWNlc2FyaW9zIGVudHJlIG90cm9zIHNpcnZpZW50ZXMsIGFzw60gcXVlIHRlIHN1Z2llcm8gcXVlIGFsIG1lbm9zIHRlIHJlZ2lzdHJlcy4gWWEgcXVlIGVsIG1hZXN0cm8gbm8gZXN0w6EgYXF1w60gcGFyYSByZXNwb25kZXIgcG9yIHRpLg==
c+jOBw,,W1ByaW5jZXNzXQpJIHNlZS4uLiBJIHVuZGVyc3RhbmQu,,,,,W1ByaW5jZXNhXQpNZXUgbm9tZSDDqSBQcmluY2VzYSwgZSBldSB2ZW5obyBkZSBBenVyZSwgbm8gbWFyIG9yaWVudGFsLg==,,W1ByaW5jZXNhXQpZYSB2ZW/igKYgRW50aWVuZG8u
dOjOBw,,W1J1YmJlcl0KSSdsbCBwcm9jZWVkIHdpdGggaXQgcXVpY2tseS4gUGxlYXNlIHRlbGwgbWUgeW91ciBuYW1lIGFnYWluLg==,,,,,W05vdmF0b10KUHJvbnRvPyBFbnTDo28gdmFtb3MgY29udmVyc2FyIGVucXVhbnRvIGVsYSByZWdpc3RyYSB2b2PDqi4=,,W1J1YmJlcl0KTG8gaGFyw6kgcsOhcGlkYW1lbnRlLiBEaW1lIHR1IG5vbWJyZSBvdHJhIHZlei4=
dejOBw,,W1ByaW5jZXNzXQpNeSBuYW1lIGlzIFByaW5jZXNzLCBoYWlsaW5nIGZyb20gQXp1cmUgYXQgdGhlIGVhc3Rlcm4gc2VhLg==,,,,,W1ByaW5jZXNhXQpPIHF1ZSB2b2PDqiBxdWVyIHNhYmVyPw==,,W1ByaW5jZXNhXQpNZSBsbGFtbyBQcmluY2VzYSB5IHZlbmdvIGRlIEF6dXJlLCBkZWwgbWFyIGRlbCBlc3RlLg==
dujOBw,,W1Jvb2tpZV0KQWxsIGRvbmU/IFRoZW4gbGV0J3MgaGF2ZSBhIHRhbGsgd2l0aCB1cyB0b28gd2hpbGUgc2hlIHJlZ2lzdGVyIHlvdS4=,,,,,W05vdmF0b10KQWdvcmEgZW50ZW5kbyBwb3IgcXVlIHZvY8OqIGVzdMOhIGFxdWksIG1hcyBwb3IgcXVlIGF0YWNvdSBhcyBwZXNzb2FzPyBBY2hvIHF1ZSB2b2PDqiBwZXJjZWJldSBxdWUgZWxlcyBuw6NvIHRpbmhhbSBpbnRlbsOnw6NvIG5lbmh1bWEgZGUgdGUgbWFjaHVjYXIu,,W1ByaW5jaXBpYW50ZV0Kwr9Ub2RvIGxpc3RvPyBFbnRvbmNlcyBjb252ZXJzZW1vcyBtaWVudHJhcyBlbGxhIHRlIHJlZ2lzdHJhLg==
d+jOBw,,W1ByaW5jZXNzXQpXaGF0IGRvIHlvdSB3YW50IHRvIGtub3c/,,,,,W1ByaW5jZXNhXQpFbSBwcmltZWlybyBsdWdhciwgZXUgbsOjbyBvcyBhdGFxdWVpLiBFbGUgbWUgZW5jb250cm91IGUgbWUgc2VndWl1IHBvciBtdWl0byB0ZW1wby4gRW50w6NvLCBldSBjb21ldGkgdW0gZXJyby4uLgpFdSBwcmV0ZW5kaWEgY3VpZGFyIGRlIHF1ZW0gZGVzbWFpb3UgZSBvIGRlaXhhciBpci4gRm9pIHF1YW5kbyB2b2PDqiBjaGVnb3Uu,,W1ByaW5jZXNhXQrCv1F1w6kgcXVpZXJlcyBzYWJlcj8=
eOjOBw,,W1Jvb2tpZV0KSSBub3cgdW5kZXJzdGFuZCB3aHkgeW91J3JlIGhlcmUsIGJ1dCB3aHkgZGlkIHlvdSBhdHRhY2sgcGVvcGxlPyBJIHRoaW5rIHlvdSBzZW5zZWQgdGhleSBkaWRuJ3QgaGF2ZSBhbnkgaW50ZW50aW9uIHRvIGhhcm0geW91Lg==,,,,,W1ByaW5jZXNhXQpUZW50ZWkgbWFuZGFyIGFzIHBlc3NvYXMgZW1ib3JhIGNvbW8gc2VtcHJlIGZhemlhLCBtYXMgZGVzc2EgdmV6IG7Do28gZnVuY2lvbm91LiBFdSBuw6NvIHF1ZWlyYSBtYWNodWNhciB2b2PDqi4gRXUgZXZpdG8gZW50cmFyIGVtIGNvbnRhdG8gY29tIHF1YWxxdWVyIGNvaXNhIG8gbcOheGltbyBwb3Nzw612ZWwuCsOJIHBvciBpc3NvIHF1ZSBWYXJtdW50IHRldmUgdG9kbyBlc3NlIHRyYWJhbGhvIHBvciBtaW0uIEZvaSBhIHByaW1laXJhIHZleiBxdWUgZnVpIHBlcnNlZ3VpZGEgZW0gbXVpdG8gdGVtcG8sIGVudMOjbyBhZ2kgc2VtIHBlbnNhci4uLiBFdSBlc3RhdmEgYW5zaW9zYS4=,,W1ByaW5jaXBpYW50ZV0KQWhvcmEgZW50aWVuZG8gcG9yIHF1w6kgZXN0w6FzIGFxdcOtLCBwZXJvIMK/cG9yIHF1w6kgYXRhY2FzdGUgYSBsYSBnZW50ZT8gQ3JlbyBxdWUgcGVyY2liaXN0ZSBxdWUgbm8gdGVuw61hbiBpbnRlbmNpw7NuIGRlIGhhY2VydGUgZGHDsW8u
eejOBw,,W1ByaW5jZXNzXQpGaXJzdCBvZmYsIEkgZGlkIG5vdCBhdHRhY2sgdGhlbS4gSGUgZm91bmQgbWUgYW5kIHRyYWNrZWQgbWUgZm9yIGEgdmVyeSBsb25nIHRpbWUuIFRoZW4gSSBtYWRlIGEgbWlzdGFrZS4uLgpJIG1lYW50IHRvIHRyZWF0IHRoZSBmYWludGVkIGFuZCBsZXQgaGltIGdvLiBUaGF0IGlzIHdoZW4geW91IHJ1c2hlZCBpbi4=,,,,,UG9yIHF1ZSB2b2PDqiBldml0YSBvcyBvdXRyb3M/,,W1ByaW5jZXNhXQpFbiBwcmltZXIgbHVnYXIsIG5vIGxvcyBhdGFxdcOpLiDDiWwgbWUgZW5jb250csOzIHkgbWUgcmFzdHJlw7MgZHVyYW50ZSBtdWNobyB0aWVtcG8uIEVudG9uY2VzIGNvbWV0w60gdW4gZXJyb3LigKYKUXVlcsOtYSB0cmF0YXIgYWwgZGVzbWF5YWRvIHkgZGVqYXJsbyBpci4gRnVlIGVudG9uY2VzIGN1YW5kbyBlbnRyYXN0ZSBjb3JyaWVuZG8u
eujOBw,,W1ByaW5jZXNzXQpJIHRyaWVkIHRvIHNlbmQgdGhlIHBlb3BsZSBhd2F5IGFzIEkgYWx3YXlzIGRpZCwgYnV0IGl0IGRpZG4ndCB3b3JrIHRoaXMgdGltZS4gSSBkaWRuJ3QgbWVhbiB0byBoYXJtIHlvdS4gSSBhdm9pZCBjb250YWN0aW5nIGFzIG11Y2ggYXMgcG9zc2libGUgYW55dGhpbmcgaW4gdGhlIGZpcnN0IHBsYWNlLgpUaGF0J3Mgd2h5IEJhcm11bmQgd2VudCB0aHJvdWdoIGFsbCB0aGUgdHJvdWJsZSBmb3IgbWUuIEl0IHdhcyBteSBmaXJzdCB0aW1lIGdldHRpbmcgY2hhc2VkIGluIGEgdmVyeSBsb25nIHdoaWxlLCBzbyBJIGFjdGVkIHJlZmxlY3RpdmVseS4uLiBJIHdhcyBhbnhpb3VzLg==,,,,,W1ByaW5jZXNhXQrDiSBhIG1pbmhhIG5hdHVyZXphLiBGdWkgbWFsdHJhdGFkYSBuYSBtaW5oYSBjaWRhZGUgbmF0YWwgcG9yIGNhdXNhIGRpc3NvLCBlbnTDo28gdGl2ZSBxdWUgaXIgZW1ib3JhLiBOw6NvIGNvbnNpZ28gZGVpeGFyIGRlIGZpY2FyIG5lcnZvc2EgcXVhbmRvIGVzdG91IHBlcnRvIGRlIG91dHJhcyBwZXNzb2FzLgpTZSB2b2PDqiBzZSBtYWNodWNvdSBkZSBhbGd1bWEgZm9ybWEgcG9yIG1pbmhhIGNhdXNhLCBwZcOnbyBzaW5jZXJhcyBkZXNjdWxwYXMuIEZpeiBzZW0gcXVlcmVyIHBhcmEgbWUgcHJvdGVnZXIsIG1hcyBlc3Blcm8gcXVlIHZvY8OqIHBvc3NhIG1lIHBlcmRvYXIu,,W1ByaW5jZXNhXQpJbnRlbnTDqSBlY2hhciBhIGxhIGdlbnRlIGNvbW8gc2llbXByZSwgcGVybyBlc3RhIHZleiBubyBmdW5jaW9uw7MuIE5vIHF1ZXLDrWEgaGFjZXJ0ZSBkYcOxby4gRW4gcHJpbWVyIGx1Z2FyLCBldml0byBlbCBjb250YWN0byBjb24gY3VhbHF1aWVyIGNvc2EgY29tbyBzZWEgcG9zaWJsZS4KUG9yIGVzbyBWYXJtdW5kdCBzZSB0b23DsyB0YW50YXMgbW9sZXN0aWFzIHBvciBtw60uIEhhY2UgbXVjaG8gdGllbXBvIHF1ZSBubyBtZSBwZXJzZWd1w61hbiwgYXPDrSBxdWUgYWN0dcOpIHBvciByZWZsZWpv4oCmIE1lIHB1c2UgYW5zaW9zYS4=
e+jOBw,,V2h5IGRvIHlvdSBhdm9pZCBvdGhlcnM/,,,,,W05vdmF0b10KQmVtLi4uIE8gR29uaSBzZSBtYWNodWNvdSwgc2ltLiBNYXMgZWxhIGRpc3NlIHF1ZSBuw6NvIGZvaSBwb3IgcXVlcmVyLCBlIGVsYSDDqSB1bWEgaMOzc3BlZGUgZGVzc2EgbWFuc8Ojby4KVmFtb3MgZXNxdWVjZXIgZGlzc28gdHVkbyBzZSB2b2PDqiBwcm9tZXRlciBxdWUgbsOjbyB2YWkgbm9zIG1hY2h1Y2FyIG91IG1leGVyIGNvbSBhIGdlbnRlLiBPIHF1ZSB2b2PDqiBkaXo/,,wr9Qb3IgcXXDqSBldml0YXMgYSBsb3MgZGVtw6FzPw==
fOjOBw,,W1ByaW5jZXNzXQpJdCdzIG15IG5hdHVyZS4gSSBnb3QgYnVsbGllZCBiYWNrIGluIG15IGhvbWV0b3duIGJlY2F1c2Ugb2YgaXQsIHNvIEkgaGFkIHRvIGxlYXZlLiBJIGNhbid0IGhlbHAgYnV0IGJlIHdhcnkgd2hlbiBJJ20gZXhwb3NlZCB0byBvdGhlcnMuCklmIHlvdSB3ZXJlIGhhcm1lZCBpbiBhbnkgd2F5IGJlY2F1c2Ugb2YgbWUsIEkgc2luY2VyZWx5IGFwb2xvZ2l6ZS4gSSBkaWQgaXQgdW5pbnRlbnRpb25hbGx5IHRvIHByb3RlY3QgbXlzZWxmLCBidXQgSSBob3BlIHlvdSBjYW4gZm9yZ2l2ZSBtZS4=,,,,,W1ByaW5jZXNhXQpDbGFyby4gSnVybyBwZWxhIG1pbmhhIGhvbnJhLg==,,W1ByaW5jZXNhXQpFcyBtaSBuYXR1cmFsZXphLiBNZSBhY29zYXJvbiBlbiBtaSBjaXVkYWQgbmF0YWwgcG9yIGVsbG8sIGFzw60gcXVlIHR1dmUgcXVlIG1hcmNoYXJtZS4gTm8gcHVlZG8gZXZpdGFyIGRlc2NvbmZpYXIgY3VhbmRvIG1lIGV4cG9uZ28gYSBsb3MgZGVtw6FzLgpUZSBwaWRvIGRpc2N1bHBhcyBzaSB0ZSBoYXMgdmlzdG8gcGVyanVkaWNhZG8gZGUgYWxnw7puIG1vZG8uIExvIGhpY2Ugc2luIHF1ZXJlciBwYXJhIHByb3RlZ2VybWUsIHBlcm8gZXNwZXJvIHF1ZSBwdWVkYXMgcGVyZG9uYXJtZS4=
fejOBw,,W1Jvb2tpZV0KV2VsbC4uLiBHb25pIGdvdCBpbmp1cmVkLCB5ZXMuIEJ1dCBzaGUgc2F5cyBzaGUgZGlkbid0IG1lYW4gaXQsIGFuZCBzaGUncyBhIGd1ZXN0IG9mIHRoaXMgbWFuc2lvbi4KV2UnbGwgZm9yZ2V0IGFib3V0IGl0IGlmIHlvdSBwcm9taXNlIHRoYXQgeW91IHdvbid0IGhhcmFzcyBvciBoYXJtIHVzLiBXaGF0IHNheSB5b3U/,,,,,W05vdmF0b10KRW50w6NvLCB2YW1vcyBhY3JlZGl0YXIgbmEgc3VhIHBhbGF2cmEgZSBlbmNlcnJhciBlc3NlIGFzc3VudG8u,,W1ByaW5jaXBpYW50ZV0KQnVlbm/igKYgU8OtLCBHb25pIHNlIGxhc3RpbcOzLiBQZXJvIGVsbGEgZGljZSBxdWUgbm8gZnVlIHN1IGludGVuY2nDs24sIHkgcXVlIGVzIHVuYSBodcOpc3BlZCBkZSBlc3RhIG1hbnNpw7NuLgpMbyBvbHZpZGFyZW1vcyBzaSBwcm9tZXRlcyBxdWUgbm8gbm9zIGFjb3NhcsOhcyBuaSBub3MgaGFyw6FzIGRhw7FvLiDCv1F1w6kgbWUgZGljZXM/
fujOBw,,W1ByaW5jZXNzXQpPZiBjb3Vyc2UuIEkgc3dlYXIgaXQgb24gbXkgaG9ub3Iu,,,,,W0JvcnJhY2hpbmhhXQpBZ3JhZGXDp28gcG9yIGVzcGVyYXIsIFByaW5jZXNhIGRlIEF6dXJlLiBWb2PDqiDDqSB1bWEgaMOzc3BlZGUgcmVnaXN0cmFkYSBkYSBNYW5zw6NvIFZhcm11bnQuIERlbW9yb3UgbWFpcyBxdWUgZG8gZXNwZXJhZG8gZGV2aWRvIGEgdW1hIGNvbXVuaWNhw6fDo28gaW5zdMOhdmVsLiBQZcOnbyBkZXNjdWxwYXMuClZvY8OqIHBvZGUgZmljYXIgbmVzc2EgbWFuc8OjbyBjb21vIGjDs3NwZWRlIGRvIE1lc3RyZSBWYXJtdW50IGEgcGFydGlyIGRlIGFnb3JhLiBBcHJvdmVpdGUgYSBzdWEgZXN0YWRpYS4=,,W1ByaW5jZXNhXQpQb3Igc3VwdWVzdG8uIExvIGp1cm8gcG9yIG1pIGhvbm9yLg==
f+jOBw,,W1Jvb2tpZV0KVGhlbiwgd2UnbGwgdHJ1c3QgeW91ciB3b3JkcyBhbmQgY2FsbCBpdCBhIGRheSBoZXJlLg==,,,,,W1ByaW5jZXNhXQpFdSB0ZW5obyB1bWEgcGVyZ3VudGEgc29icmUgbyBWYXJtdW50LiBFbGUgZXN0w6Egb2N1cGFkbyB1bHRpbWFtZW50ZT8gQ29udGludW8gdGVudGFuZG8gdmlzaXTDoS1sbyBwb3JxdWUgZmF6IG11aXRvIHRlbXBvIHF1ZSBuw6NvIG5vcyB2w61hbW9zLCBtYXMgbsOjbyBjb25zaWdvIGVuY29udHLDoS1sby4KRGV2byBlc3BlcmFyIHF1ZSBWYXJtdW50IG7Do28gYXBhcmXDp2EgcG9yIGVucXVhbnRvPw==,,W1ByaW5jaXBpYW50ZV0KRW50b25jZXMsIGNvbmZpYXJlbW9zIGVuIHR1cyBwYWxhYnJhcyB5IGRhcmVtb3MgcG9yIHRlcm1pbmFkbyBlc3RlIGFzdW50by4=
gOjOBw,,W1J1YmJlcl0KVGhhbmsgeW91IGZvciB3YWl0aW5nLCBQcmluY2VzcyBvZiBBenVyZS4gWW91IGFyZSByZWdpc3RlcmVkIGFzIGEgZ3Vlc3Qgb2YgQmFybXVuZCBNYW5zaW9uLiBJdCB0b29rIGxvbmdlciB0aGFuIGV4cGVjdGVkIGR1ZSB0byB1bnN0YWJsZSBjb21tdW5pY2F0aW9uLiBJIGFwb2xvZ2l6ZS4KWW91IGNhbiBzdGF5IGF0IHRoaXMgbWFuc2lvbiBhcyBhIGd1ZXN0IG9mIE1hc3RlciBCYXJtdW5kIGZyb20gbm93IG9uLiBFbmpveSB5b3VyIHN0YXku,,,,,W0JvcnJhY2hpbmhhXQpPIE1lc3RyZSBwb2RlIHZvbHRhciBhbWFuaMOjIHNlIGVsZSBxdWlzZXIsIG1hcyBhY2hvIHF1ZSBuw6NvIGNoZWdhcsOhIHBvciBhbGd1bSB0ZW1wby4=,,W1J1YmJlcl0KR3JhY2lhcyBwb3IgZXNwZXJhciwgUHJpbmNlc2EgZGUgQXp1cmUuIFlhIGVzdMOhcyByZWdpc3RyYWRhIGNvbW8gaHXDqXNwZWQgZGUgbGEgbWFuc2nDs24gVmFybXVuZHQuIFRhcmTDsyBtw6FzIGRlIGxvIHByZXZpc3RvIGRlYmlkbyBhIGxhIGluZXN0YWJpbGlkYWQgZGUgbGEgY29tdW5pY2FjacOzbi4gVGUgcGlkbyBkaXNjdWxwYXMuCkEgcGFydGlyIGRlIGFob3JhLCBwdWVkZXMgcXVlZGFydGUgZW4gZXN0YSBtYW5zacOzbiBjb21vIGh1w6lzcGVkIGRlbCBtYWVzdHJvIFZhcm11bmR0LiBEaXNmcnV0YSBkZSB0dSBlc3RhZMOtYS4=
gejOBw,,W1ByaW5jZXNzXQpJIGhhdmUgYSBxdWVzdGlvbiBhYm91dCBCYXJtdW5kLiBJcyBoZSBidXN5IHRoZXNlIGRheXM/IEkga2VwdCB0cnlpbmcgdG8gdmlzaXQgaGltIGJlY2F1c2UgaXQnZCBiZWVuIHRvbyBsb25nIHNpbmNlIHdlIGxhc3QgbWV0LCBidXQgSSBjb3VsZG4ndCBtZWV0IGhpbS4KU2hvdWxkIEkgZXhwZWN0IHRoYXQgQmFybXVuZCB3aWxsIG5vdCBzaG93IGhpbXNlbGYgZm9yIHRoZSB0aW1lIGJlaW5nPw==,,,,,W1ByaW5jZXNhXQpFbnTDo28sIHBvc3NvIHRvbWFyIGVzdGEgY2FzYSBkZSBiYW5obyBjb21vIG1pbmhhIGJhc2UgZSB1c8OhLWxhIHBhcmEgY3JpYXIgZSBkZXNlbnZvbHZlciBtaW5oYSBmb3LDp2E/,,W1ByaW5jZXNhXQpUZW5nbyB1bmEgcHJlZ3VudGEgc29icmUgVmFybXVuZHQuIMK/RXN0YXLDoSBvY3VwYWRvIGVzdG9zIGTDrWFzPyBTZWd1w60gaW50ZW50YW5kbyB2aXNpdGFybG8gcG9ycXVlIGhhYsOtYSBwYXNhZG8gZGVtYXNpYWRvIHRpZW1wbyBkZXNkZSBsYSDDumx0aW1hIHZleiBxdWUgbm9zIHZpbW9zLCBwZXJvIG5vIHB1ZGUgcmV1bmlybWUgY29uIMOpbC4Kwr9WYXJtdW5kdCBubyBhcGFyZWNlcsOhIHBvciBsbyBwcm9udG8/
gujOBw,,W1J1YmJlcl0KTWFzdGVyIGNhbiByZXR1cm4gdG9tb3Jyb3cgaWYgaGUgd2FudHMgdG8sIGJ1dCBJIGV4cGVjdCBoaW0gbm90IHRvIGFycml2ZSBmb3IgcXVpdGUgYSB3aGlsZS4=,,,,,W0JvcnJhY2hpbmhhXQpDb20gbGljZW7Dp2EsIG1hcyBvIHF1ZSBxdWVyIGRpemVyIGNvbSBpc3NvPw==,,W1J1YmJlcl0KRWwgbWFlc3RybyBwdWVkZSB2b2x2ZXIgbWHDsWFuYSBzaSBxdWllcmUsIHBlcm8gc3Vwb25nbyBxdWUgbm8gbGxlZ2Fyw6EgaGFzdGEgZGVudHJvIGRlIHVuIHRpZW1wby4=
g+jOBw,,W1ByaW5jZXNzXQpJZiBzbywgY2FuIEkgdGFrZSB0aGlzIGJhdGhob3VzZSBhcyBteSBiYXNlIGFuZCB1c2UgaXQgdG8gY3JlYXRlIGFuZCBkZXZlbG9wIG15IGZvcmNlPw==,,,,,W1ByaW5jZXNhXQpRdWVybyBjcmlhciBtaW5oYSBwcsOzcHJpYSBmb3LDp2EgZSBtZSB2aW5nYXIgZGFzIHBlc3NvYXMgZGEgbWluaGEgY2lkYWRlIG5hdGFsLiBFbnTDo28gcHJlY2lzbyBkZSB1bWEgYmFzZSBwYXJhIGRlc2Vudm9sdmVyIGVzc2UgcG9kZXIuCkZyZXF1ZW50byBlc3NlIGx1Z2FyIGjDoSBtdWl0byB0ZW1wbywgbWFzIMOpIGJlbSBwcm9ibGVtw6F0aWNvLiBDb21vIFZhcm11bnQgbsOjbyBlc3TDoSBhcXVpIGjDoSBtdWl0byB0ZW1wbywgZ29zdGFyaWEgZGUgcmVpdmluZGljw6EtbG8u,,W1ByaW5jZXNhXQpTaSBlcyBhc8OtLCDCv3B1ZWRvIHRvbWFyIGVzdGUgYmHDsW8gcMO6YmxpY28gY29tbyBiYXNlIHkgdXNhcmxvIHBhcmEgY3JlYXIgeSBkZXNhcnJvbGxhciBtaSB0cm9wYT8=
hOjOBw,,W1J1YmJlcl0KRXhjdXNlIG1lLCBidXQgd2hhdCBkbyB5b3UgbWVhbiBieSB0aGF0Pw==,,,,,RG8gcXVlIGVsYSBlc3TDoSBmYWxhbmRvPw==,,W1J1YmJlcl0KUGVyZG9uYSwgcGVybyDCv3F1w6kgcXVpZXJlcyBkZWNpciBjb24gZXNvPw==
hejOBw,,W1ByaW5jZXNzXQpJIHdhbnQgdG8gY3JlYXRlIG15IG93biBmb3JjZSBhbmQgZ2V0IHJldmVuZ2UgZm9yIHRoZSBwZW9wbGUgb2YgbXkgaG9tZXRvd24uIFNvIEkgbmVlZCBhIGJhc2UgdG8gZGV2ZWxvcCBwb3dlci4KSSd2ZSBiZWVuIGZyZXF1ZW50aW5nIHRoaXMgcGxhY2UgZm9yIGEgbG9uZyB0aW1lLCBidXQgaXQncyBxdWl0ZSB0cm91Ymxlc29tZS4gU2luY2UgQmFybXVuZCBoYXNuJ3QgYmVlbiBoZXJlIGZvciBsb25nLCBJJ2QgbGlrZSB0byBjbGFpbSBpdC4=,,,,,SXNzbyBmYXogYWxndW0gc2VudGluZG8/,,W1ByaW5jZXNhXQpRdWllcm8gY3JlYXIgbWkgcHJvcGlhIHRyb3BhIHkgdmVuZ2FybWUgZGUgbGEgZ2VudGUgZGUgbWkgY2l1ZGFkIG5hdGFsLiBBc8OtIHF1ZSBuZWNlc2l0byB1bmEgYmFzZSBwYXJhIGRlc2Fycm9sbGFyIHBvZGVyLgpMbGV2byBtdWNobyB0aWVtcG8gZnJlY3VlbnRhbmRvIGVzdGUgbHVnYXIsIHBlcm8gZXMgYmFzdGFudGUgcHJvYmxlbcOhdGljby4gQ29tbyBoYWNlIG11Y2hvIHRpZW1wbyBxdWUgVmFybXVuZHQgbm8gdmllbmUgYXF1w60sIG1lIGd1c3RhcsOtYSByZWNsYW1hcmxvLg==
hujOBw,,V2hhdCBpcyBzaGUgdGFsa2luZyBhYm91dD8=,,,,,RXN0b3UgdGVudGFuZG8gZW50ZW5kZXIsIG1hcyBuw6NvIGNvbnNpZ28u,,wr9EZSBxdcOpIGVzdMOhIGhhYmxhbmRvPw==
h+jOBw,,RG9lcyB0aGF0IGV2ZW4gbWFrZSBzZW5zZT8=,,,,,W1ZhcnJlZG9yXQpWb2PDqnMgdGFtYsOpbSBvdXZpcmFtIGlzc28gb3UgZnVpIHPDsyBldT8=,,wr9UaWVuZSBhbGfDum4gc2VudGlkbz8=
iOjOBw,,SSdtIHRyeWluZyB0byB1bmRlcnN0YW5kLCBidXQgSSBkb24ndCBnZXQgdGhlIGxvZ2ljIGJlaGluZCB0aGlzLg==,,,,,W0NhbGRlaXJhXQpEbyBxdWUgdm9jw6ogZXN0w6EgZmFsYW5kbz8gRXNzYSBjYXNhIGRlIGJhbmhvIGZheiBwYXJ0ZSBkYSBtYW5zw6NvIGRvIE1lc3RyZSBWYXJtdW50Lg==,,RXN0b3kgdHJhdGFuZG8gZGUgZW50ZW5kZXIsIHBlcm8gbm8gZW50aWVuZG8gbGEgbMOzZ2ljYSBkZXRyw6FzIGRlIGVzdG8u
iejOBw,,W1N3ZWVwZXJdCkRpZCBJIGp1c3QgaGVhciB0aGF0IG9yIHdhcyBpdCBqdXN0IG1lLg==,,,,,W1ByaW5jZXNhXQpWYXJtdW50IHZhaSBlbnRlbmRlci4gRWxlIMOpIGF0ZW5jaW9zbywgZW50w6NvIGZpY2Fyw6EgZmVsaXogZW0gbWUgZGVpeGFyIGZpY2FyIGNvbSBlc3NlIGx1Z2FyLCBhc3NpbSBjb21vIGVsZSBwZXJtaXRpdSBxdWUgZXUsIHF1ZSB0aW5oYSBwZXJkaWRvIG1pbmhhIGNhc2EgZSBlc3RhdmEgdmFnYW5kbywgdXNhc3NlIGEgY2FzYSBkZSBiYW5oby4=,,W1N3ZWVwZXJdCsK/QWNhYm8gZGUgb8OtciBlc28gbyBtZSBwYXJlY2nDsz8=
iujOBw,,W0JvaWxlcl0KV2hhdCBhcmUgeW91IHRhbGtpbmcgYWJvdXQ/IFRoaXMgYmF0aGhvdXNlIGlzIGluIE1hc3RlciBCYXJtdW5kJ3MgbWFuc2lvbi4=,,,,,W0JvcnJhY2hpbmhhXQpFbWJvcmEgbyBNZXN0cmUgdGVuaGEgcGVybWl0aWRvIGEgc3VhIHZpc2l0YSBlIGFnaWRvIG1hZ25hbmltYW1lbnRlLCBpc3NvIGZvaSBhcGVuYXMgdW1hIGRlbW9uc3RyYcOnw6NvIGRlIGdlbnRpbGV6YS4KRXNwZXJvIHF1ZSB2b2PDqiBuw6NvIHN1YmVzdGltZSBhIGJlbmV2b2zDqm5jaWEgcXVlIG8gTWVzdHJlIFZhcm11bnQgZGVtb25zdHJvdSBwYXJhIGNvbSB2b2PDqi4=,,W0JvaWxlcl0Kwr9EZSBxdcOpIGVzdMOhbiBoYWJsYW5kbz8gRXN0ZSBiYcOxbyBww7pibGljbyBlc3TDoSBlbiBsYSBtYW5zacOzbiBkZWwgbWFlc3RybyBWYXJtdW5kdC4=
i+jOBw,,W1ByaW5jZXNzXQpCYXJtdW5kIHdpbGwgdW5kZXJzdGFuZC4gSGUgaXMgY29uc2lkZXJhdGUsIHNvIGhlIHdpbGwgZ2xhZGx5IGxldCBtZSB0YWtlIHRoaXMgcGxhY2UsIGp1c3QgbGlrZSBoZSBhbGxvd2VkIG1lLCB3aG8gaGFkIGxvc3QgaG9tZSBhbmQgYmVlbiB3YW5kZXJpbmcsIHRvIHVzZSB0aGUgYmF0aGhvdXNlLg==,,,,,UmVpdmluZGljYXIgYSBwcm9wcmllZGFkZSBkZSBhbGd1w6ltIHF1ZSBuw6NvIHBvZGUgZXhwcmVzc2FyIHN1YSBpbnRlbsOnw6NvIMOpIGlsZWdhbC4=,,W1ByaW5jZXNhXQpWYXJtdW5kdCBsbyBlbnRlbmRlcsOhLiDDiWwgZXMgY29uc2lkZXJhZG8sIGFzw60gcXVlIGNvbiBndXN0byBtZSBwZXJtaXRpcsOhIG9jdXBhciBlc3RlIGx1Z2FyLCBhbCBpZ3VhbCBxdWUgbWUgcGVybWl0acOzIGEgbcOtLCBxdWUgcGVyZMOtIG1pIGNhc2EgeSBkZWFtYnVsYWJhLCB1c2FyIGVsIGJhw7FvIHDDumJsaWNvLg==
jOjOBw,,W1J1YmJlcl0KQWx0aG91Z2ggTWFzdGVyIGFsbG93ZWQgeW91IHRvIHZpc2l0IGFuZCBhY3RlZCBtYWduYW5pbW91c2x5LCB0aGF0IHdhcyBvbmx5IGhpbSBzaG93aW5nIHlvdSBoaXMgZmF2b3IuCkkgaG9wZSB5b3UgZG8gbm90IHRha2UgdGhlIGJlbmV2b2xlbmNlIE1hc3RlciBCYXJtdW5kIGhhcyBzaG93biB5b3UgbGlnaHRseS4=,,,,,W1ByaW5jZXNhXQpFc3NlIG7Do28gw6kgbyBjYXNvLiBTZSBhbGd1w6ltIHJlc2lkZSBlbSB1bWEgcHJvcHJpZWRhZGUgcHJpdmFkYSBwb3IgdW0gbG9uZ28gcGVyw61vZG8gZGUgdGVtcG8sIGVsYSBzZSB0b3JuYSBzdWEuIMOJIGFzc2ltIHF1ZSBmdW5jaW9uYS4KT3UgcXVlIHRhbCBpc3NvPyBNZSBkZWNsYXJlIGNvbW8gYSDDum5pY2EgaGVyZGVpcmEgZG8gbGVnYWRvIGRlIFZhcm11bnQuIElzc28gbWUgcGVybWl0aXLDoSByZWl2aW5kaWNhciBsZWdpdGltYW1lbnRlIGFzIHByb3ByaWVkYWRlcyBkZSBWYXJtdW50IGVucXVhbnRvIGVsZSBlc3RpdmVyIGZvcmEu,,W1J1YmJlcl0KQXVucXVlIGVsIG1hZXN0cm8gdGUgcGVybWl0acOzIGxhIHZpc2l0YSB5IGFjdHXDsyBkZSBmb3JtYSBtYWduw6FuaW1hLCBzb2xvIHRlIGhpem8gdW4gZmF2b3IuCkVzcGVybyBxdWUgbm8gdGUgYXByb3ZlY2hlcyBkZSBsYSBiZW5ldm9sZW5jaWEgZGVsIG1hZXN0cm8gVmFybXVuZHQu
jejOBw,,Q2xhaW1pbmcgdGhlIHJlYWwgcHJvcGVydHkgb2Ygc29tZW9uZSB3aG8gY2Fubm90IGV4cHJlc3MgdGhlaXIgaW50ZW50aW9uIGlzIGlsbGVnYWwu,,,,,U2Vyw6EgcXVlIGVzdG91IGVudmVsaGVjZW5kbz8gSXNzbyDDqSBzZW5zbyBjb211bSBob2plIGVtIGRpYT8=,,UmVjbGFtYXIgZWwgaW5tdWVibGUgZGUgYWxndWllbiBxdWUgbm8gcHVlZGUgZXhwcmVzYXIgc3UgaW50ZW5jacOzbiBlcyBpbGVnYWwu
jujOBw,,W1ByaW5jZXNzXQpUaGlzIGlzIG5vdCB0aGUgY2FzZS4gSWYgc29tZW9uZSByZXNpZGVzIGluIGEgcHJpdmF0ZWx5IG93bmVkIHJlYWwgcHJvcGVydHkgZm9yIGFuIGV4dGVuZGVkIHBlcmlvZCBvZiB0aW1lLCBpdCBiZWNvbWVzIHRoZWlycy4gVGhhdCdzIGhvdyBldmVyeW9uZSBzZXR0bGVzIGluLgpPciBob3cgYWJvdXQgdGhpcz8gRGVjbGFyZSBtZSBhcyB0aGUgc29sZSBzdWNjZXNzb3Igb2YgQmFybXVuZCdzIGxlZ2FjeS4gVGhhdCB3aWxsIGVuYWJsZSBtZSB0byByaWdodGZ1bGx5IGNsYWltIHRoZSBvd25lcnNoaXAgb2YgQmFybXVuZCdzIHByb3BlcnRpZXMgd2hpbGUgaGUncyBhd2F5Lg==,,,,,UGFyZWNlIHF1ZSBmYXogc2VudGlkbywgbWFzIG7Do28gZmF6LiBFbGEgYWNhYm91IGRlIGRpemVyIHBhcmEgbyByb2LDtCB0b3Juw6EtbGEgYSBmaWxoYSBhZG90aXZhIGRlIFZhcm11bnQ/,,W1ByaW5jZXNhXQpFc3RlIG5vIGVzIGVsIGNhc28uIFNpIGFsZ3VpZW4gcmVzaWRlIGVuIHVuIGlubXVlYmxlIGRlIHByb3BpZWRhZCBwcml2YWRhIGR1cmFudGUgdW4gcGVyw61vZG8gcHJvbG9uZ2FkbyBkZSB0aWVtcG8sIHBhc2EgYSBzZXIgc3V5by4gQXPDrSBlcyBjb21vIHRvZG8gZWwgbXVuZG8gc2UgYXNpZW50YS4Kwr9PIHF1w6kgdGUgcGFyZWNlIGVzdG8/IERlY2zDoXJhbWUgw7puaWNhIHN1Y2Vzb3JhIGRlbCBsZWdhZG8gZGUgVmFybXVuZHQuIEVzbyBtZSBwZXJtaXRpcsOhIHJlY2xhbWFyIGxlZ8OtdGltYW1lbnRlIGxhIHBvc2VzacOzbiBkZSBsYXMgcHJvcGllZGFkZXMgZGUgVmFybXVuZHQgbWllbnRyYXMgZXN0w6kgYXVzZW50ZS4=
j+jOBw,,QW0gSSBiZWhpbmQgdGhlIHRpbWVzIG9yIHdoYXQ/IElzIHRoYXQgY29tbW9uIHNlbnNlIG5vd2FkYXlzPw==,,,,,RXUuLi4gYWNobyBxdWUgc2ltPw==,,wr9NZSBxdWVkw6kgZW4gZWwgcGFzYWRvIG8gcXXDqT8gwr9Bc8OtIGZ1bmNpb25hIGVsIHNlbnRpZG8gY29tw7puIGhveSBlbiBkw61hPw==
kOjOBw,,SXQgc291bmRzIGxpa2UgaXQgbWFrZXMgc2Vuc2UsIGJ1dCBpdCdzIG5vdC4gRGlkIHNoZSBqdXN0IHRlbGwgdGhlIHJvYm90IHRvIG1ha2UgaGVyIEJhcm11bmQncyBhZG9wdGVkIGRhdWdodGVyPw==,,,,,W0JvcnJhY2hpbmhhXQpPIE1lc3RyZSBWYXJtdW50IMOpIG8gbGVnw610aW1vIGRvbm8gZGVzdGEgbWFuc8OjbyBlIGRhIGNhc2EgZGUgYmFuaG8sIGUgbmVuaHVtIG1vcmFkb3IgcG9kZSByZWl2aW5kaWNhciBhIHByb3ByaWVkYWRlIGRlbGFzLgpEaXNjdXRhIGlzc28gY29tIG8gcHLDs3ByaW8gTWVzdHJlIFZhcm11bnQgcXVhbmRvIGVsZSB2b2x0YXIuIFNvbW9zIHPDsyBzZXJ2b3MsIG7Do28gcG9kZW1vcyBmYWxhciBzb2JyZSBpc3NvLg==,,UGFyZWNlIHF1ZSB0aWVuZSBzZW50aWRvLCBwZXJvIG5vIGVzIGFzw60uIMK/QWNhYmEgZGUgZGVjaXJsZSBhbCByb2JvdCBxdWUgbGEgY29udmllcnRhIGVuIGxhIGhpamEgYWRvcHRpdmEgZGUgVmFybXVuZHQ/
kejOBw,,SS4uLiB0aGluayBzbz8=,,,,,UHJvcHJpZWRhZGUgbGVnw610aW1hLiBFc3NhcyBzw6NvIHBhbGF2cmFzIGJlbSBsdWNyYXRpdmFzLg==,,WW/igKYgwr9jcmVvIHF1ZSBzw60/
kujOBw,,W1J1YmJlcl0KTWFzdGVyIEJhcm11bmQgaXMgdGhlIHJpZ2h0ZnVsIG93bmVyIG9mIHRoaXMgbWFuc2lvbiBhbmQgYmF0aGhvdXNlLCBhbmQgbm8gbG9uZy10aW1lIHJlc2lkZW50IGNhbiBjbGFpbSBvd25lcnNoaXAgb2YgdGhlbS4KRGlzY3VzcyBpdCB3aXRoIE1hc3RlciBCYXJtdW5kIGhpbXNlbGYgd2hlbiBoZSByZXR1cm5zLiBXZSBhcmUganVzdCBzZXJ2YW50cywgc28gd2UgY2Fubm90IHRhbGsgYWJvdXQgaXQu,,,,,RWksIGNhcmFzIGNvbW8gbsOzcyBuw6NvIGRldmVyaWFtIHNlciBnYW5hbmNpb3Nvcy4=,,W1J1YmJlcl0KRWwgbWFlc3RybyBWYXJtdW5kdCBlcyBlbCBsZWfDrXRpbW8gZHVlw7FvIGRlIGVzdGEgbWFuc2nDs24geSBkZWwgYmHDsW8gcMO6YmxpY28sIHkgbmluZ8O6biByZXNpZGVudGUsIHBvciBhbnRpZ3VvIHF1ZSBzZWEsIHB1ZWRlIHJlY2xhbWFyIHN1IHBvc2VzacOzbi4KSMOhYmxhbG8gY29uIGVsIG1hZXN0cm8gVmFybXVuZHQgY3VhbmRvIHZ1ZWx2YS4gU29sbyBzb21vcyBzaXJ2aWVudGVzLCBhc8OtIHF1ZSBubyBwb2RlbW9zIGRlY2lkaXJsby4=
k+jOBw,,UmVhbCBwcm9wZXJ0eS4gVGhvc2UgYXJlIHNvbWUgbHVjcmF0aXZlLXNvdW5kaW5nIHdvcmRzLg==,,,,,UG9yIHF1ZSB2b2PDqiBjb250aW51YSB0ZW50YW5kbyB0b21hciBhcyBwcm9wcmllZGFkZXMgZG8gTWVzdHJlIGVucXVhbnRvIGVsZSBuw6NvIGVzdMOhIGFxdWk/IElzc28gw6kgcmlkw61jdWxvLg==,,SW5tdWVibGUuIEVzYSBwYWxhYnJhIHN1ZW5hIGx1Y3JhdGl2YS4=
lOjOBw,,SGV5LCBndXlzIGxpa2UgdXMgc2hvdWxkbid0IGdldCBncmVlZHku,,,,,U2V1IGFyZ3VtZW50byBjYXJlY2UgZGUgbMOzZ2ljYSBlIGZ1bmRhbWVudG8u,,T2lnYW4sIGxvcyB0aXBvcyBjb21vIG5vc290cm9zIG5vIGRlYmVyw61hbW9zIHNlciBjb2RpY2lvc29zLg==
lejOBw,,V2h5IGRvIHlvdSBrZWVwIHRyeWluZyB0byB0YWtlIE1hc3RlcidzIHByb3BlcnRpZXMgd2hlbiBoZSdzIG5vdCBoZXJlPyBUaGF0J3MgcmlkaWN1bG91cy4=,,,,,W1ByaW5jZXNhXQpFeGlzdGVtIHNlZ3JlZG9zIGVzY29uZGlkb3MgbmVzc2EgY2FzYS4gRXNzYSBjYXNhIGRlIGJhbmhvIHRlbSBhbGd1bnMsIHRhbWLDqW0uIFBvZGUgcGFyZWNlciBxdWUgw6kgY29uc3RydcOtZG8gcGVsbyBmbHV4byBkZSBjb25zY2nDqm5jaWEsIG1hcyB0ZW0gc2V1cyBwYWRyw7Vlcy4KUG9yIGV4ZW1wbG8sIGEgZGlzcG9zacOnw6NvIGRhcyBiYW5oZWlyYXMgcG9kZSBwYXJlY2VyIHNlZ3VpciBhIG9yZGVtIGRvcyBiYW5ob3MgZSBhIHRlbXBlcmF0dXJhIGRhIMOhZ3VhLCBtYXMgZXNzZSBmbHV4byBlbSBzaSB0ZW0gYWxndW1hIGHDp8OjbyBzaWduaWZpY2F0aXZhLCBhc3NpbSBjb21vIHF1YWxxdWVyIG91dHJhIGNvaXNhIG5lc3RhIG1hbnPDo28u,,wr9Qb3IgcXXDqSBzaWd1ZXMgdHJhdGFuZG8gZGUgYXByb3BpYXJ0ZSBkZSBsYXMgcHJvcGllZGFkZXMgZGVsIG1hZXN0cm8gY3VhbmRvIG5vIGVzdMOhIGFxdcOtPyBFc28gZXMgcmlkw61jdWxvLg==
lujOBw,,WW91ciBhcmd1bWVudCBsYWNrcyBsb2dpYyBhbmQgZ3JvdW5kcy4=,,,,,W1ByaW5jZXNhXQpPIGx1Z2FyIG9uZGUgdm9jw6ogcG9kZSBhcHJvdmVpdGFyIG8gc29sIGUgYSBsdWEsIG8gcmVmbGV4byBicmlsaGFudGUgZG8gdGV0byBuYSBzdXBlcmbDrWNpZSBlIG9zIGNhbm9zIGRvcyByYWxvcy4uLiBFbGVzIGZvcmFtIGNvbnN0cnXDrWRvcyBwYXJhIGdyYW5kZXMgcGVzcXVpc2FzIHF1ZSBwZXNzb2FzIGNvbXVucyBuw6NvIGNvbnNlZ3VlbSBlbnRlbmRlci4gTsOjbyDDqSB1bWEgc2ltcGxlcyBjYXNhIGRlIGJhbmhvLg==,,VHUgYXJndW1lbnRvIGNhcmVjZSBkZSBsw7NnaWNhIHkgZnVuZGFtZW50by4=
l+jOBw,,W1ByaW5jZXNzXQpUaGVyZSBhcmUgc2VjcmV0cyBoaWRkZW4gaW4gdGhpcyBob3VzZS4gVGhpcyBiYXRoaG91c2UgaGFzIHNvbWUsIHRvby4gSXQgbWlnaHQgbG9vayBsaWtlIGl0J3MgYnVpbHQgdGhyb3VnaCB0aGUgc3RyZWFtIG9mIGNvbnNjaW91c25lc3MsIGJ1dCBpdCBoYXMgaXRzIHBhdHRlcm5zLgpGb3IgZXhhbXBsZSwgdGhlIHBsYWNlbWVudCBvZiBiYXRocyBtaWdodCBsb29rIGxpa2UgaXQgaXMgZm9sbG93aW5nIHRoZSBiYXRoaW5nIG9yZGVyIGFuZCB3YXRlciB0ZW1wZXJhdHVyZSwgYnV0IHRoYXQgZmxvdyBpdHNlbGYgaGFzIHNvbWUgbWVhbmluZ2Z1bCBhY3Rpb24sIGp1c3QgbGlrZSBhbnkgb3RoZXIgdGhpbmcgaW4gdGhpcyBtYW5zaW9uLg==,,,,,W1ByaW5jZXNhXQpBbGd1w6ltIGVudGVuZGUgcGVsbyBtZW5vcyB1bWEgZGVsYXM/IFZhcm11bnQgbsOjbyBnb3N0YXJpYSBkZSBkZWl4YXIgZXN0YSBjYXNhIGRlIGJhbmhvIGVzcXVlY2lkYSBlIGRlaXhhciBxdWUgYSBpbnRlbsOnw6NvIHBvciB0csOhcyBkZWxhIG1vcnJlc3NlIHBvciBtdWl0byB0ZW1wby4KRXN0ZSBsdWdhciB0ZW0gbyBwb2RlciBxdWUgcG9zc28gdXNhciBwYXJhIG1lIHZpbmdhciBkZSB0b2RhcyBhcyBodW1pbGhhw6fDtWVzIHF1ZSBzb2ZyaSBuYSBtaW5oYSB2aWRhLiBQb3IgcXVlIG7Do28gZGV2ZXJpYSB1c2FyPw==,,W1ByaW5jZXNhXQpIYXkgc2VjcmV0b3MgZXNjb25kaWRvcyBlbiBlc3RhIGNhc2EuIEVzdGUgYmHDsW8gcMO6YmxpY28gdGFtYmnDqW4gdGllbmUgYWxndW5vcy4gUG9kcsOtYSBwYXJlY2VyIHF1ZSBlc3TDoSBjb25zdHJ1aWRvIHNpZ3VpZW5kbyBlbCBmbHVqbyBkZSBsYSBjb25jaWVuY2lhLCBwZXJvIHRpZW5lIHN1cyBwYXRyb25lcy4KUG9yIGVqZW1wbG8sIHBhcmVjZSBxdWUgbGEgZGlzcG9zaWNpw7NuIGRlIGxvcyBiYcOxb3Mgc2lndWUgZWwgb3JkZW4gZGVsIGJhw7FvIHkgZGUgbGEgdGVtcGVyYXR1cmEgZGVsIGFndWEsIHBlcm8gZXNlIGZsdWpvIGVuIHPDrSBtaXNtbyB0aWVuZSB1biBwcm9ww7NzaXRvIHNpZ25pZmljYXRpdm8sIGFsIGlndWFsIHF1ZSBjdWFscXVpZXIgb3RyYSBjb3NhIGVuIGVzdGEgbWFuc2nDs24u
mOjOBw,,W1ByaW5jZXNzXQpUaGUgc3BvdCB3aGVyZSB5b3UgY2FuIHRha2UgdGhlIHN1biBhbmQgbW9vbiwgdGhlIHNoaW1tZXJpbmcgcmVmbGVjdGlvbiBvZiB0aGUgY2VpbGluZyBvbiB0aGUgc3VyZmFjZSwgYW5kIHRoZSBkcmFpbiBwaXBlcy4uLiBUaGV5J3JlIGJ1aWx0IGZvciBzb21lIGdyYW5kIHJlc2VhcmNoIHRoYXQgb3JkaW5hcnkgcGVvcGxlIGNhbm5vdCB1bmRlcnN0YW5kLiBJdCdzIG5vdCBqdXN0IGEgc2ltcGxlIGJhdGhob3VzZS4=,,,,,W0JvcnJhY2hpbmhhXQpSZXBpdG8sIGEgZGVjaXPDo28gZGV2ZSBzZXIgdG9tYWRhIHBlbG8gcHLDs3ByaW8gTWVzdHJlIFZhcm11bnQuIE7Ds3MsIHNlcnZvcywgb3Ugdm9jw6osIHVtYSBow7NzcGVkZSwgbsOjbyBwb2RlbW9zIGRlY2lkaXIgc29icmUgZXNzZSBhc3N1bnRvLg==,,W1ByaW5jZXNhXQpFbCBsdWdhciBkb25kZSBzZSBwdWVkZSB0b21hciBlbCBzb2wgeSB2ZXIgbGEgbHVuYSwgZWwgcmVmbGVqbyByZXNwbGFuZGVjaWVudGUgZGVsIHRlY2hvIGVuIGxhIHN1cGVyZmljaWUsIHkgbGFzIHR1YmVyw61hcyBkZSBkZXNhZ8O8ZeKApiBFc3TDoW4gY29uc3RydWlkb3MgcGFyYSByZWFsaXphciB1bmEgZ3JhbiBpbnZlc3RpZ2FjacOzbiBxdWUgbGEgZ2VudGUgY29tw7puIG5vIHB1ZWRlIGVudGVuZGVyLiBObyBlcyB1biBzaW1wbGUgYmHDsW8gcMO6YmxpY28u
mejOBw,,W1ByaW5jZXNzXQpEb2VzIGFueW9uZSB1bmRlcnN0YW5kIGV2ZW4gb25lIG9mIHRoZW0gaGVyZT8gQmFybXVuZCB3b3VsZCBub3Qgd2FudCB0byBsZWF2ZSB0aGlzIGJhdGhob3VzZSBmb3Jnb3R0ZW4gYW5kIGxldCB0aGUgaW50ZW50aW9uIGJlaGluZCBpdCBkaWUgb3V0IGZvciBsb25nLgpUaGlzIHBsYWNlIGhhcyB0aGUgcG93ZXIgSSBjYW4gdXNlIHRvIHRha2UgcmV2ZW5nZSBvbiBhbGwgdGhlIGh1bWlsaWF0aW9ucyBJJ3ZlIHN1ZmZlcmVkIGluIG15IGxpZmUuIFdoeSBzaG91bGQgSSBub3QgdXNlIGl0Pw==,,,,,Q29tbyB2b2PDqiB2YWkganVudGFyIGFzIHN1YXMgZm9yw6dhcz8=,,W1ByaW5jZXNhXQrCv05vIGxvIGVudGllbmRlbj8gVmFybXVuZHQgbm8gcXVlcnLDrWEgZGVqYXIgZXN0ZSBiYcOxbyBww7pibGljbyBlbiBlbCBvbHZpZG8gbmkgcGVybWl0aXIgcXVlIGxhIGludGVuY2nDs24gZGV0csOhcyBkZSBlc3RlIHNlIHBpZXJkYSBwb3IgbXVjaG8gdGllbXBvLgpFc3RlIGx1Z2FyIHRpZW5lIGVsIHBvZGVyIHF1ZSBwdWVkbyB1c2FyIHBhcmEgdmVuZ2FybWUgZGUgdG9kYXMgbGFzIGh1bWlsbGFjaW9uZXMgcXVlIHN1ZnLDrSBlbiBtaSB2aWRhLiDCv1BvciBxdcOpIG5vIGRlYmVyw61hIHVzYXJsbz8=
mujOBw,,W1J1YmJlcl0KSSByZXBlYXQsIGV2ZXJ5IGRlY2lzaW9uIG11c3QgYmUgbWFkZSBieSBNYXN0ZXIgQmFybXVuZCBoaW1zZWxmLiBXZSBzZXJ2YW50cyBvciB5b3UsIGEgZ3Vlc3QsIGNhbm5vdCBkZWNpZGUgb24gdGhpcyBtYXR0ZXIu,,,,,W1ByaW5jZXNhXQpQb3NzbyBwZXJzdWFkaXIgb3MgbWFpcyBmb3J0ZXMgZW50cmUgYXMgcGVzc29hcyBxdWUgdmlzaXRhcsOjbyBlc3RlIGx1Z2FyLiBUZW0gYWxndW1hcyBiZW0gbmEgbWluaGEgZnJlbnRlLg==,,W1J1YmJlcl0KUmVwaXRvLCBjYWRhIGRlY2lzacOzbiBkZWJlIHNlciB0b21hZGEgcG9yIGVsIG1hZXN0cm8gVmFybXVuZHQgbWlzbW8uIE5pIG5vc290cm9zLCBsb3Mgc2lydmllbnRlcywgbmkgdXN0ZWQsIHVuYSBodcOpc3BlZCwgcG9kZW1vcyBkZWNpZGlyIHNvYnJlIGVzdGUgYXN1bnRvLg==
m+jOBw,,SG93IHdpbGwgeW91IGdhdGhlciB5b3VyIGZvcmNlcz8=,,,,,W05vdmF0b10KQ29tbyB2b2PDqiBmYXLDoSBkZSBuw7NzIHNldXMgc3Vib3JkaW5hZG9zPyBWb2PDqiBkZXZlIGF1bWVudGFyIG8gc2V1IHBvZGVyIHByaW1laXJvLgpTZSB2b2PDqiBjcmlhciBzdWEgZm9yw6dhIHNlbSB0ZXIgcG9kZXIsIGVsYSBkZXNtb3JvbmFyw6EgZmFjaWxtZW50ZSBvdSBzZXLDoSB0b21hZGEgcG9yIG91dHJhIGZvcsOnYS4=,,wr9Dw7NtbyByZXVuaXLDoXMgYSB0dSB0cm9wYT8=
nOjOBw,,W1ByaW5jZXNzXQpJIGNhbiBwZXJzdWFkZSB0aGUgc3Ryb25nIG9uZXMgYW1vbmcgdGhlIHBlb3BsZSB3aG8gd2lsbCB2aXNpdCBoZXJlLiBUaGVyZSBhcmUgc29tZSByaWdodCBpbiBmcm9udCBvZiBtZS4=,,,,,W1ByaW5jZXNhXQouLi4gRXUgc2VpIGJlbSBxdWUgc291IGZyYWNhLiBNYXMgZXUgbsOjbyBzZWkgbWFpcyBvIHF1ZSBmYXplci4=,,W1ByaW5jZXNhXQpQdWVkbyBwZXJzdWFkaXIgYSBsb3MgbcOhcyBmdWVydGVzIGVudHJlIGxhIGdlbnRlIHF1ZSB2ZW5kcsOhIGFxdcOtLiBIYXkgYWxndW5vcyBqdXN0byBkZWxhbnRlIGRlIG3DrS4=
nejOBw,,W1Jvb2tpZV0KSG93IHdpbGwgeW91IG1ha2UgdXMgeW91ciB1bmRlcmxpbmdzPyBZb3Ugc2hvdWxkIGRldmVsb3AgeW91ciBwb3dlciBmaXJzdC4KSWYgeW91IGNyZWF0ZSB5b3VyIGZvcmNlIHdpdGhvdXQgaGF2aW5nIHBvd2VyIHlvdXJzZWxmLCBpdCdsbCBjcnVtYmxlIGVhc2lseSBvciBnZXQgdGFrZW4gYnkgYW5vdGhlciBmb3JjZS4=,,,,,VW91LCBhIHZpYmUgZGFxdWkgbXVkb3UgbXVpdG8u,,W1ByaW5jaXBpYW50ZV0Kwr9Dw7NtbyBub3MgY29udmVydGlyw6FzIGVuIHR1cyBzdWJvcmRpbmFkb3M/IFByaW1lcm8gZGViZXMgZGVzYXJyb2xsYXIgdHUgcG9kZXIuClNpIGNyZWFzIHR1IHRyb3BhIHNpbiB0ZW5lciBwb2RlciB0w7ogbWlzbWEsIHNlIGRlc21vcm9uYXLDoSBmw6FjaWxtZW50ZSBvIGxhIHRvbWFyw6Egb3RyYSBmdWVyemEu
nujOBw,,W1ByaW5jZXNzXQouLi5JIGtub3cgd2VsbCB0aGF0IEkgYW0gd2Vhay4gQnV0IEkgZG9uJ3Qga25vdyB3aGF0IGVsc2UgdG8gZG8u,,,,,Vm9jw6ogcG9kZSB0cmVpbmFyLg==,,W1ByaW5jZXNhXQrigKZTw6kgbXV5IGJpZW4gcXVlIHNveSBkw6liaWwuIFBlcm8gbm8gc8OpIHF1w6kgbcOhcyBoYWNlci4=
n+jOBw,,V2hvYSwgdGhlIHZpYmUncyB0YWtlbiBhIGJpZyB0dXJuIGhlcmUu,,,,,W1ByaW5jZXNhXQpUcmVpbmFyPyBNYXMgcXVlbSBwb2RlLi4uIEFoIQ==,,VmF5YSwgZWwgYW1iaWVudGUgZGlvIHVuIGdyYW4gZ2lybyBhcXXDrS4=
oOjOBw,,WW91IGNhbiB0cmFpbi4=,,,,,TsOjbyB0ZW5obyB1bSBib20gcHJlc3NlbnRpbWVudG8gc29icmUgaXNzby4=,,UHVlZGVzIGVudHJlbmFyLg==
oejOBw,,W1ByaW5jZXNzXQpUcmFpbj8gQnV0IHdobyBjYW4uLi4gT2gh,,,,,UG9yIHF1ZSBlbGEgZXN0w6Egb2xoYW5kbyBwYXJhIG7Ds3M/,,W1ByaW5jZXNhXQrCv0VudHJlbmFyPyBQZXJvIHF1acOpbiBwdWVkZeKApiDCoUFoIQ==
oujOBw,,SSBkb24ndCBoYXZlIGEgZ29vZCBmZWVsaW5nIGFib3V0IHRoaXMu,,,,,W1ByaW5jZXNhXQpWb2PDqnMgdG9kb3MgcGFyZWNlbSBzZXIgbXVpdG8gZm9ydGVzLiBQb3IgcXVlIG7Do28gbHV0YW0gY29taWdvPyBFdSBuw6NvIGNvbmhlw6dvIG5lbmh1bSBtw6l0b2RvIGRlIGF1dG9kZWZlc2EuIEEgw7puaWNhIHJhesOjbyBwZWxhIHF1YWwgZXUgc29icmV2aXZpIGZvaSBwb3JxdWUgZXUgZXJhIGEgbWFpcyBmcmFjYS4KRW50w6NvLCBxdWVybyBxdWUgdm9jw6pzIG1lIGVuc2luZW0gYSBzb2JyZXZpdmVyIGUgYSBsdXRhci4=,,VGVuZ28gdW4gbWFsIHByZXNlbnRpbWllbnRvIHNvYnJlIGVzdG8u
o+jOBw,,V2h5IGlzIHNoZSBsb29raW5nIGF0IHVzPw==,,,,,RXUgc2FiaWEuLi4=,,wr9Qb3IgcXXDqSBub3MgZXN0w6EgbWlyYW5kbz8=
pOjOBw,,W1ByaW5jZXNzXQpZb3UgYWxsIGxvb2tlZCB2ZXJ5IHN0cm9uZy4gV29uJ3QgeW91IHNwYXIgd2l0aCBtZT8gSSBkb24ndCBoYXZlIGFueSBtZXRob2Qgb2Ygc2VsZi1wcm90ZWN0aW9uLiBUaGUgb25seSByZWFzb24gSSBtYW5hZ2VkIHRvIHN1cnZpdmUgd2FzIHRoYXQgSSB3YXMgdGhlIHdlYWtlc3QuClNvIEkgd2lzaCB5b3UgdG8gdGVhY2ggbWUgaG93IHRvIHN1cnZpdmUgYW5kIGZpZ2h0Lg==,,,,,W01hZ2VudGFdClBhcmVjZSBkaXZlcnRpZG8uIFZvY8OqIHF1ZXIgYXRpcmFyIGFsZ3VtYXMgYmFsYXMgdGFtYsOpbSwgUHJpbmNlc2E/IFVzYXIgYXJtYXMgw6kgYSDDum5pY2EgY29pc2EgcXVlIHNhYmVtb3MuIFR1ZG8gYmVtIHBhcmEgdm9jw6o/IERvIHJldsOzbHZlciBhdMOpIGEgTWV0cmFsaGFkb3JhIEdhdGxpbmcsIGVzY29saGEgc3VhIGFybWEu,,W1ByaW5jZXNhXQpUb2RvcyB1c3RlZGVzIHNlIHZlbiBtdXkgZnVlcnRlcy4gwr9ObyBxdWllcmVuIGVudHJlbmFyIGNvbm1pZ28/IE5vIHRlbmdvIG5pbmfDum4gbcOpdG9kbyBkZSBkZWZlbnNhIHBlcnNvbmFsLiBFbCDDum5pY28gbW90aXZvIHBvciBlbCBxdWUgbG9ncsOpIHNvYnJldml2aXIgZnVlIHF1ZSB5byBlcmEgbGEgbcOhcyBkw6liaWwuCkFzw60gcXVlIGRlc2VvIHF1ZSBtZSBlbnNlw7FlbiBhIHNvYnJldml2aXIgeSBhIGx1Y2hhci4=
pejOBw,,SSBrbmV3IGl0Li4u,,,,,W05vdmF0b10KQXJtYXMgbsOjbyB2w6NvIHNlcnZpciBwYXJhIGVsYSwgasOhIHF1ZSBlbGEgdml2ZSBwcmluY2lwYWxtZW50ZSBuYSDDoWd1YS4gRW50w6NvIGFjaG8gcXVlIHZvY8OqIGRldmVyaWEgcGVkaXIgYWp1ZGEgYW8gdmlhamFudGUgYXF1aSwgZSBuw6NvIGEgbsOzcy4=,,TG8gc2Fiw61h4oCm
pujOBw,,W01hZ2VudGFdClNvdW5kcyBmdW4uIFdhbnQgdG8gZmlyZSBzb21lIGJ1bGxldHMgdG9vLCBQcmluY2Vzcz8gU2hvb3RpbmcgZ3VucyBpcyB0aGUgb25seSB0aGluZyB3ZSBrbm93LiBBcmUgeW91IG9rYXkgd2l0aCB0aGF0PyBGcm9tIGEgUmV2b2x2ZXIgdG8gYSBHYXRsaW5nIEd1biwgbmFtZSB5b3VyIHBvaXNvbi4=,,,,,W1ByaW5jZXNhXQrDiSBtZXNtbz8gRW50w6NvLCB2aWFqYW50ZSwgc2UgcXVpc2VyLCBnb3N0YXJpYSBxdWUgdm9jw6ogbHV0YXNzZSBjb21pZ28gZGUgdGVtcG9zIGVtIHRlbXBvcy4gTyBxdWUgbWUgZGl6Pw==,,W01hZ2VudGFdClN1ZW5hIGRpdmVydGlkby4gwr9RdWllcmVzIGRpc3BhcmFyIGFsZ3VuYXMgYmFsYXMgdGFtYmnDqW4sIFByaW5jZXNhPyBEaXNwYXJhciBhcm1hcyBlcyBsbyDDum5pY28gcXVlIHNhYmVtb3MuIMK/VGUgcGFyZWNlIGJpZW4/IERlc2RlIHVuIHJldsOzbHZlciBoYXN0YSB1bmEgYW1ldHJhbGxhZG9yYSwgZWxpZ2UgdHUgdmVuZW5vLg==
p+jOBw,,W1Jvb2tpZV0KR3VucyBkb24ndCBmaXQgaGVyIHNpbmNlIHNoZSBtYWlubHkgcmVzaWRlcyBpbiB3YXRlci4gU28gSSB0aGluayB5b3Ugc2hvdWxkIGFzayB0aGUgYWR2ZW50dXJlciBoZXJlIGZvciBoZWxwIHJhdGhlciB0aGFuIHVzLg==,,,,,VHVkbyBiZW0sIHBvc3NvIGZhemVyIGlzc28u,,W1ByaW5jaXBpYW50ZV0KTGFzIGFybWFzIG5vIGVuY2FqYW4gY29uIGVsbGEsIHlhIHF1ZSBwZXJtYW5lY2UgY2FzaSBzaWVtcHJlIGVuIGVsIGFndWEuIEFzw60gcXVlIGNyZW8gcXVlIGRlYmVyw61hcyBwZWRpciBheXVkYSBhbCB0cm90YW11bmRvcyB5IG5vIGEgbm9zb3Ryb3Mu
qOjOBw,,W1ByaW5jZXNzXQpJcyB0aGF0IHNvPyBUaGVuLCBhZHZlbnR1cmVyLCBpZiB5b3Ugd291bGQsIEknZCBsaWtlIHlvdSB0byBzcGFyIHdpdGggbWUgZnJvbSB0aW1lIHRvIHRpbWUuIFdoYXQgZG8geW91IHNheT8=,,,,,W1ByaW5jZXNhXQpNdWl0byBvYnJpZ2FkYS4gRXN0b3UgYW5pbWFkYSBwYXJhIGx1dGFyIGNvbSB2b2PDqi4KRSBlbWJvcmEgbsOjbyB0ZW5oYSBzaWRvIGludGVuY2lvbmFsLCBldSBjYXVzZWkgcHJvYmxlbWFzIGEgdm9jw6ouIFBvciBmYXZvciwgbWUgcGVyZG9lLiBNYXMgYXMgYW1pemFkZXMgc2UgZm9ydGFsZWNlbSBhbyByZXNvbHZlcm1vcyBjb25mbGl0b3MuIFNvbW9zIHRvZG9zIGjDs3NwZWRlcyBkZSBWYXJtdW50Lg==,,W1ByaW5jZXNhXQrCv0FoLCBzw60/IEVudG9uY2VzLCB0cm90YW11bmRvcywgc2kgcXVpZXJlcywgbWUgZ3VzdGFyw61hIHF1ZSBkZSB2ZXogZW4gY3VhbmRvIGVudHJlbmFyYXMgY29ubWlnby4gwr9RdcOpIGRpY2VzPw==
qejOBw,,QWxyaWdodCwgSSBjYW4gZG8gdGhhdC4=,,,,,QW1pemFkZT8gRGVzZGUgcXVhbmRvIHNvbW9zIGFtaWdvcz8=,,RGUgYWN1ZXJkbywgcHVlZG8gaGFjZXJsby4=
qujOBw,,W1ByaW5jZXNzXQpUaGFuayB5b3Ugc28gbXVjaC4gSSB3aWxsIGxvb2sgZm9yd2FyZCB0byBzcGFycmluZyB3aXRoIHlvdS4KQW5kIGFsdGhvdWdoIGl0IHdhcyB1bmludGVudGlvbmFsLCBJIGNhdXNlZCB5b3UgdHJvdWJsZS4gUGxlYXNlIGZvcmdpdmUgbWUuIEJ1dCBmcmllbmRzaGlwcyBncm93IHN0cmluZ2VyIHRocm91Z2ggcXVhcnJlbHMgYW5kIGRpc3B1dGVzLiBXZSBhcmUgYWxsIGd1ZXN0cyBvZiBCYXJtdW5kLg==,,,,,W0JvcnJhY2hpbmhhXQpKw6EgYWNhYmFtb3MgY29tIGVzc2EgY29udmVyc2E/IHt9LCBhZ3JhZGXDp28gcG9yIHR1ZG8gcXVlIHZvY8OqIGZleiBwb3IgbsOzcy4gRXN0YSDDqSB1bWEgcGVxdWVuYSBhbW9zdHJhIGRhIG5vc3NhIGdyYXRpZMOjby4=,,W1ByaW5jZXNhXQpNdWNoYXMgZ3JhY2lhcy4gRXNwZXJvIGNvbiBhbnNpYXMgZW50cmVuYXIgY29udGlnby4KWSBhdW5xdWUgZnVlIHNpbiBxdWVyZXIsIHRlIGNhdXPDqSBwcm9ibGVtYXMuIFBvciBmYXZvciwgcGVyZMOzbmFtZS4gUGVybyBsYXMgYW1pc3RhZGVzIHNlIGZvcnRhbGVjZW4gY29uIGxhcyBwZWxlYXMgeSBsYXMgZGlzcHV0YXMuIFRvZG9zIHNvbW9zIGh1w6lzcGVkZXMgZGUgVmFybXVuZHQu
q+jOBw,,RnJpZW5kc2hpcD8gU2luY2Ugd2hlbiB3ZXJlIHdlIGZyaWVuZHM/,,,,,Tm9zIGTDqiBhbGdvIHRhbWLDqW0h,,wr9BbWlzdGFkPyDCv0Rlc2RlIGN1w6FuZG8gc29tb3MgYW1pZ29zPw==
rOjOBw,,W1J1YmJlcl0KQXJlIHlvdSBkb25lIHdpdGggdGhlIGNvbnZlcnNhdGlvbj8ge30sIHRoYW5rIHlvdSB2ZXJ5IG11Y2ggZm9yIGV2ZXJ5dGhpbmcgeW91J3ZlIGRvbmUgZm9yIHVzLiBUaGlzIGlzIGEgc21hbGwgdG9rZW4gb2Ygb3VyIHRoYW5rcy4=,,,,,Rml6ZW1vcyBvIHF1ZSBkZXZlcsOtYW1vcyBmYXplci4gTyB2aWFqYW50ZSBub3MgYWp1ZG91IHBvciB2b250YWRlIHByw7NwcmlhLg==,,W1J1YmJlcl0Kwr9ZYSB0ZXJtaW5hcm9uIGRlIGNvbnZlcnNhcj8ge30sIG11Y2hhcyBncmFjaWFzIHBvciB0b2RvIGxvIHF1ZSBoYXMgaGVjaG8gcG9yIG5vc290cm9zLiBFc3RhIGVzIHVuYSBwZXF1ZcOxYSBtdWVzdHJhIGRlIG51ZXN0cm8gYWdyYWRlY2ltaWVudG8u
rejOBw,,R2l2ZSB1cyBzb21ldGhpbmcsIHRvbyE=,,,,,W0NhbGRlaXJhXQpWaWFqYW50ZSwgdmVuaGEgYXTDqSBhIHNhbGEgZGEgY2FsZGVpcmEgcXVhbmRvIHB1ZGVyLiBUZW5obyB1bSB0cmFiYWxobyBwYXJhIHZvY8OqLgpWYW1vcyBub3MgZGVzcGVkaXIgYWdvcmEu,,wqFEYW5vcyBhbGdvIGEgbm9zb3Ryb3MgdGFtYmnDqW4h
rujOBw,,V2UgZGlkIHdoYXQgd2Ugd2VyZSBzdXBwb3NlZCB0byBkby4gVGhlIGFkdmVudHVyZXIgaGVscGVkIHVzIG9mIHRoZWlyIG93biB2b2xpdGlvbi4=,,,,,W0JvcnJhY2hpbmhhXQpNZSBjaGFtZSBzZSB2b2PDqiBwcmVjaXNhciBkZSBhbGd1bWEgY29pc2EuIFBlw6dvIGRlc2N1bHBhcyBwb3IgdG9kb3Mgb3MgcHJvYmxlbWFzIHF1ZSB2b2PDqiBwYXNzb3Uu,,SGljaW1vcyBsbyBxdWUgZGViw61hbW9zIGhhY2VyLiBFbCB0cm90YW11bmRvcyBub3MgYXl1ZMOzIHBvciB2b2x1bnRhZCBwcm9waWEu
r+jOBw,,W0JvaWxlcl0KQWR2ZW50dXJlciwgY29tZSB0byB0aGUgYm9pbGVyIHJvb20gd2hlbiB5b3UncmUgZnJlZS4gSSBoYXZlIGEgam9iIGZvciB5b3UuCldlJ2xsIHRha2Ugb3VyIGxlYXZlIG5vdy4=,,,,,W05vdmF0b10KTsOzcyBlbmNvbnRyYW1vcyBHb25pIGUgY29uZmlybWFtb3MgcXVlIG7Do28gdGluaGEgcGVyaWdvIG5hIGNhc2EgZGUgYmFuaG8uIFZhbW9zIGzDoS4KVmFsZXUgcGVsYSBhanVkYSBuYSBidXNjYSBwZWxvIEdvbmksIHZpYWphbnRlLg==,,W0JvaWxlcl0KVHJvdGFtdW5kb3MsIHZlbiBhIGxhIHNhbGEgZGUgY2FsZGVyYXMgY3VhbmRvIGVzdMOpcyBsaWJyZS4gVGVuZ28gdW4gdHJhYmFqbyBwYXJhIHRpLgpBaG9yYSBub3MgdmFtb3Mu
sOjOBw,,W1J1YmJlcl0KQ2FsbCBtZSBhbnl0aW1lIGlmIHlvdSBuZWVkIHNvbWV0aGluZy4gSSBhcG9sb2dpemUgZm9yIGFsbCB0aGUgdHJvdWJsZSB5b3UgaGFkIHRvIGdvIHRocm91Z2gu,,,,,VmVqbyB2b2PDqiBkZXBvaXMsIG1ldSBiZW0h,,W1J1YmJlcl0KTGzDoW1hbWUgc2kgbmVjZXNpdGFzIGFsZ28uIFRlIHBpZG8gZGlzY3VscGFzIHBvciB0b2RhcyBsYXMgbW9sZXN0aWFzIHF1ZSBoYXMgdGVuaWRvIHF1ZSBwYXNhci4=
sejOBw,,W1Jvb2tpZV0KV2UgZm91bmQgR29uaSBhbmQgY29uZmlybWVkIHRoYXQgdGhlcmUgd2FzIG5vIGRhbmdlciBpbiB0aGUgYmF0aGhvdXNlLiBMZXQncyBnby4KVGhhbmsgeW91IHNvIG11Y2ggZm9yIGhlbHBpbmcgd2l0aCBHb25pLXNlYXJjaGluZywgYWR2ZW50dXJlci4=,,,,,W1ByaW5jZXNhXQpBY2hvIHF1ZSBkZXZlbW9zIGlyIHRhbWLDqW0uIEF0w6kgbWFpcyB0YXJkZS4=,,W1ByaW5jaXBpYW50ZV0KRW5jb250cmFtb3MgYSBHb25pIHkgY29uZmlybWFtb3MgcXVlIG5vIGhhYsOtYSBwZWxpZ3JvIGVuIGVsIGJhw7FvIHDDumJsaWNvLiBWYW1vcy4KTXVjaGFzIGdyYWNpYXMgcG9yIGF5dWRhciBjb24gbGEgYsO6c3F1ZWRhIGRlIEdvbmksIHRyb3RhbXVuZG9zLg==
sujOBw,,U2VlIHlvdSBhZ2FpbiwgaG9uZXkh,,,,,W1NlcmVpYV0KRm9pIG1haXMgdW1hIGx1dGEgZGl2ZXJ0aWRhLiBBY2hvIHF1ZSBmaXogY2VydG8gZW0gbWUgcmVnaXN0cmFyIGNvbW8gaMOzc3BlZGUuIEVzc2Egw6kgdW1hIHBlcXVlbmEgYW1vc3RyYSBkYSBtaW5oYSBncmF0aWTDo28gcG9yIHZvY8OqLg==,,wqFOb3MgdmVtb3MsIGNhcmnDsW8h
s+jOBw,,W1ByaW5jZXNzXQpJIHRoaW5rIHlvdSBzaG91bGQgcnVuIGFsb25nIHRvby4gU2VlIHlvdSBsYXRlci4=,,,,,W1NlcmVpYV0KRm9pIG1haXMgdW1hIGx1dGEgZGl2ZXJ0aWRhLiBBY2hvIHF1ZSBmaXogY2VydG8gZW0gbWUgcmVnaXN0cmFyIGNvbW8gaMOzc3BlZGUuIEV1IGdvc3RhcmlhIGRlIHRlIGRhciB1bWEgcGVxdWVuYSBhbW9zdHJhIGRhIG1pbmhhIGdyYXRpZMOjbywgbWFzIHBhcmVjZSBxdWUgdm9jw6ogasOhIHRlbSB1bWEu,,W1ByaW5jZXNhXQpDcmVvIHF1ZSB0w7ogdGFtYmnDqW4gZGViZXLDrWFzIGlydGUuIEhhc3RhIGx1ZWdvLg==
tOjOBw,,W01lcm1haWRdCkl0IHdhcyBhbm90aGVyIGZ1biBzcGFyLiBJIHRoaW5rIEkgZGlkIHJpZ2h0IHRvIHJlZ2lzdGVyIGFzIGEgZ3Vlc3QuIFRoaXMgaXMgYSBzbWFsbCB0b2tlbiBvZiBteSB0aGFua3MgdG8geW91Lg==,,,,,W1NlcmVpYV0KQ2VydG8uIE1hcyBldSBuw6NvIHZvdSBmaWNhciBhcXVpIHBvciBtdWl0byB0ZW1wbywgZW50w6NvIHNlIGFwcmVzc2UsIHBvciBmYXZvci4=,,W1NpcmVuYV0KRnVlIG90cm8gZW50cmVuYW1pZW50byBkaXZlcnRpZG8uIENyZW8gcXVlIGhpY2UgYmllbiBlbiByZWdpc3RyYXJtZSBjb21vIGh1w6lzcGVkLiBFc3RhIGVzIHVuYSBwZXF1ZcOxYSBtdWVzdHJhIGRlIG1pIGFncmFkZWNpbWllbnRvLg==
tejOBw,,W01lcm1haWRdCkl0IHdhcyBhbm90aGVyIGZ1biBzcGFyLiBJIHRoaW5rIEkgZGlkIHJpZ2h0IHRvIHJlZ2lzdGVyIGFzIGEgZ3Vlc3QuIEknZCBsaWtlIHRvIGdpdmUgeW91IGEgc21hbGwgdG9rZW4gb2YgbXkgdGhhbmtzLCBidXQgaXQgc2VlbXMgeW91J3ZlIGFscmVhZHkgZ290dGVuIGl0Lg==,,,,,W1NlcmVpYV0KQ2VydG8uIEVzcGVybyBwb2RlciBsdXRhciBjb20gdm9jw6ogZGUgbm92by4=,,W1NpcmVuYV0KRnVlIG90cm8gZW50cmVuYW1pZW50byBkaXZlcnRpZG8uIENyZW8gcXVlIGhpY2UgYmllbiBlbiByZWdpc3RyYXJtZSBjb21vIGh1w6lzcGVkLiBNZSBndXN0YXLDrWEgZGFydGUgdW5hIHBlcXVlw7FhIG11ZXN0cmEgZGUgbWkgYWdyYWRlY2ltaWVudG8sIHBlcm8gcGFyZWNlIHF1ZSB5YSBsYSBoYXMgcmVjaWJpZG8u
tujOBw,,W01lcm1haWRdCkFscmlnaHQuIEJ1dCBJIHdvbid0IHN0YXkgaGVyZSBmb3IgbG9uZywgc28gcGxlYXNlIGh1cnJ5Lg==,,,,,W1NlcmVpYV0KTsOjbyBwb3NzbyBmYXplciBuYWRhIHBvciB2b2PDqiBubyBtb21lbnRvLg==,,W1NpcmVuYV0KTXV5IGJpZW4uIFBlcm8gbm8gbWUgcXVlZGFyw6kgYXF1w60gbXVjaG8gdGllbXBvLCBhc8OtIHF1ZSBkYXRlIHByaXNhLg==
t+jOBw,,W01lcm1haWRdCkFscmlnaHQuIEkgaG9wZSBJIGNhbiBzcGFyIHdpdGggeW91IGFnYWluLg==,,,,,W1NlcmVpYV0KQWgsIGV1LCBodW0uLi4gQWNobyBxdWUgcGVndWVpIG8gY2FtaW5obyBlcnJhZG8uIFBlw6dvIGRlc2N1bHBhcyBwb3IgZW50cmFyIG5hIHN1YSBjYXNhLg==,,W1NpcmVuYV0KTXV5IGJpZW4uIEVzcGVybyBwb2RlciB2b2x2ZXIgYSBlbnRyZW5hciBjb250aWdvLg==
uOjOBw,,W01lcm1haWRdCkkgY2FuJ3QgZG8gYW55dGhpbmcgZm9yIHlvdSByaWdodCBub3cu,,,,,R29uaQ==,,W1NpcmVuYV0KQWhvcmEgbWlzbW8gbm8gcHVlZG8gaGFjZXIgbmFkYSBwb3IgdGku
uejOBw,,W01lcm1haWRdClVoLCBJLCB1bW0uLi4gSSB0aGluayBJIHRvb2sgdGhlIHdyb25nIHdheS4gSSBhcG9sb2dpemUgZm9yIGJhcmdpbmcgaW50byB5b3VyIGhvbWUu,,,,,QSBzZXJlaWEgw6kg,,W1NpcmVuYV0KVWgsIHlvLCBlaG3igKYgQ3JlbyBxdWUgbWUgZXF1aXZvcXXDqSBkZSBjYW1pbm8uIE1lIGRpc2N1bHBvIHBvciBpcnJ1bXBpciBlbiB0dSBjYXNhLg==
uujOBw,,R29uaQ==,,,,,YXQgYmFfYmF0aC5nYXQge30gICsgYm9zczAxX3kgKw==,,R29uaQ==
u+jOBw,,VGhlIG1lcm1haWQgaXM=,,,,,QSBzZXJlaWEgbsOjbyBlc3TDoSBhcXVpLiBFbGEgZm9pIG1vcnRhIGVtIHt9Lg==,,TGEgc2lyZW5hIGVzdMOhIA==
vOjOBw,,YXQgYmFfYmF0aC5nYXQge30ge30=,,,,,RXN0ZSBkZXZlIHNlciBvIG1vbWVudG8gZG8gYmVuZWbDrWNpby4=,,ZW4gYmFfYmF0aC5nYXQge30ge30=
vejOBw,,TWVybWFpZCBpc24ndCBoZXJlLiBTaGUgZ290IGtpbGxlZCBhdCB7fS4=,,,,,U2VtIGJlbmVmw61jaW8gYWdvcmEu,,TGEgc2lyZW5hIG5vIGVzdMOhIGFxdcOtLiBMYSBtYXRhcm9uIGEgbGFzIHt9Lg==
vujOBw,,VGhpcyBzaG91bGQgYmUgYnVmZiB0aW1lLg==,,,,,UXVlIGV4cGVyaW1lbnRhciBvIGJlbmVmw61jaW8/,,RXN0byBkZWJlcsOtYSBzZXIgdGllbXBvIGRlIHBvdGVuY2lhZG9yLg==
v+jOBw,,Tm8gYnVmZiBub3cu,,,,,TsOjbw==,,Tm8gaGF5IHBvdGVuY2lhZG9yIGFob3JhLg==
wOjOBw,,V2FudCB0byBleHBlcmllbmNlIHRoZSBidWZmPw==,,,,,U2lt,,wr9RdWllcmVzIGV4cGVyaW1lbnRhciBlbCBwb3RlbmNpYWRvcj8=
wejOBw,,Tm8=,,,,,VHVkbyBiZW0u,,Tm8u
wujOBw,,WWVz,,,,,UHJpbmNlc2EgZGUgQXp1cmU=,,U8OtLg==
w+jOBw,,QWxyaWdodC4=,,,,,UHJpbmNlc2E6IFBvciBmYXZvciwgbHV0ZSBjb21pZ28u,,TXV5IGJpZW4u
xOjOBw,,KlNwYXJrKg==,,,,,U2VyZWlhOiBGb2kgbWFpcyB1bWEgbHV0YSBkaXZlcnRpZGEuIEV1IGdvc3RhcmlhIGRlIHRlIGRhciB1bWEgcGVxdWVuYSBhbW9zdHJhIGRhIG1pbmhhIGdyYXRpZMOjbywgZW50w6NvIHZlbmhhIGPDoS4=,,KkNoaXNwYSo=
xejOBw,,UHJpbmNlc3Mgb2YgQXp1cmU=,,,,,SW7DrWNpbyBkYSBsaW1wZXphLiBQb3IgZmF2b3IsIHJlbW92YSB0b2RhcyBhcyBwbGFudGFzIGFxdcOhdGljYXMgcXVlIHZpci4=,,UHJpbmNlc3Mgb2YgQXp1cmU=
xujOBw,,UHJpbmNlc3M6IFBsZWFzZSBzcGFyIHdpdGggbWUu,,,,,Um9iw7QgZGUgTGltcGV6YQ==,,UHJpbmNlc2E6IFBvciBmYXZvciwgZW50cmVuYSBjb25taWdvLg==
x+jOBw,,TWVybWFpZDogSXQgd2FzIGFub3RoZXIgZnVuIHNwYXIuIEknZCBsaWtlIHRvIGdpdmUgeW91IGEgc21hbGwgdG9rZW4gb2YgbXkgdGhhbmtzLCBzbyBjb21lIHRvIG1lLg==,,,,,Qm9ycmFjaGluaGE6IExpbXBlemEgY29uY2x1w61kYS4gVmVuaGEgYXTDqSBtaW0sIGUgZXUgdGUgZGFyZWkgdW0gYnJldmUgZWZlaXRvIGRlIHNhbCBkZSBiYW5oby4=,,U2lyZW5hOiBGdWUgb3RybyBlbnRyZW5hbWllbnRvIGRpdmVydGlkby4gTWUgZ3VzdGFyw61hIGRhcnRlIHVuYSBwZXF1ZcOxYSBtdWVzdHJhIGRlIG1pIGFncmFkZWNpbWllbnRvLCBhc8OtIHF1ZSBhY8OpcmNhdGUu
yOjOBw,,Q2xlYW5pbmcgc3RhcnQuIFBsZWFzZSByZW1vdmUgZXZlcnkgd2F0ZXIgcGxhbnQgeW91IHNlZS4=,,,,,e30gYWdvcmEuCjAgbGltcGV6YXMgZGlzcG9uw612ZWlzCjEgLSA1MCBNb25zdHJvcyBjYcOnYWRvcwoxMDAgUm9iw7QgZGUgTGltcGV6YSBhcGFyZWNlCjEwMSBNZW5vciBiZW5lZsOtY2lvCjEwMiBCZW5lZsOtY2lvIG3DqWRpbwoxMDMgTWFpb3IgQmVuZWbDrWNpbwoxMDUgQmVuZWbDrWNpbyBhY2FiYSBlIHRlbXBvIGRlIGVzcGVyYQ==,,Q29taWVuemEgbGEgbGltcGllemEuIEVsaW1pbmEgdG9kYXMgbGFzIHBsYW50YXMgYWN1w6F0aWNhcyBxdWUgdmVhcy4=
yejOBw,,Q2xlYW5lciBSb2JvdA==,,,,,UGxhbnRhIEFxdcOhdGljYQ==,,Q2xlYW5lciBSb2JvdA==
yujOBw,,UnViYmVyOiBDbGVhbmluZyBjb21wbGV0ZS4gQ29tZSB0byBtZSwgYW5kIEkgd2lsbCBnaXZlIHlvdSBhIGJyaWVmIGJhdGggc2FsdCBlZmZlY3Qu,,,,,RXUgbsOjbyBjb25zZWd1aSBwdXhhciBhIHBsYW50YSBhcXXDoXRpY2EuIFZvdSB0ZW50YXIgZGUgbm92by4=,,UnViYmVyOiBTZSBoYSBjb21wbGV0YWRvIGxhIGxpbXBpZXphLiBBY8OpcmNhdGUsIHkgdGUgZGFyw6kgdW4gYnJldmUgZWZlY3RvIGRlIHNhbGVzIGRlIGJhw7FvLg==
y+jOBw,,SXQncyB7fSBub3cuCjAgQ2xlYW51cCBhdmFpbGFibGUKMSAtIDUwIE1vbnN0ZXJzIGh1bnRlZAoxMDAgQ2xlYW5lciBSb2JvdCBlbWVyZ2VzCjEwMSBMb3dlc3QgYnVmZgoxMDIgTWlkZGxlIGJ1ZmYKMTAzIEhpZ2hlc3QgYnVmZgoxMDUgQnVmZiBlbmQgYW5kIGNvb2xkb3du,,,,,RXUgcHV4ZWkgYSBwbGFudGEgYXF1w6F0aWNhLiBEZXZvIHByb2N1cmFyIG91dHJhLg==,,QWhvcmEgZXN0w6Ege30uCjBsaW1waWV6YXMgZGlzcG9uaWJsZXMKMS01MG1vbnN0cnVvcyBjYXphZG9zCjEwMGFwYXJpY2nDs24gZGVsIHJvYm90IGxpbXBpYWRvcgoxMDFwb3RlbmNpYWRvciBtw6FzIGJham8KMTAycG90ZW5jaWFkb3IgbWVkaW8KMTAzcG90ZW5jaWFkb3IgbcOheGltbwoxMDVwb3RlbmNpYWRvciBmaW5hbCB5IHRpZW1wbyBkZSByZWNhcmdh
zOjOBw,,V2F0ZXIgUGxhbnQ=,,,,,QmFuaG8gZGUgU2FiZWRvcmlh,,V2F0ZXIgUGxhbnQ=
zejOBw,,SSBjb3VsZG4ndCBwdWxsIG91dCB0aGUgd2F0ZXIgcGxhbnQuIEkgc2hvdWxkIHRyeSBhZ2Fpbi4=,,,,,XjY2OTlGRsKiw41CYW5obyBkZSBTYWJlZG9yaWEgLSBHcmFuZGUgQmFuaG/CosONXjAwMDAwMApeNjY5OUZGRXNzYSDDqSBhIGJhbmhlaXJhIG1haXMgYW50aWdhIGUgZmFtb3NhIG5hIE1hbnPDo28gVmFybXVudC4gTWVyZ3VsaGUgbmVzdGEgYmFuaGVpcmEgZSBwZW5zZSBuYXMgY29pc2FzIG1haXMgZGlmw61jZWlzIHF1ZSByZXNpZGVtIG5vIGx1Z2FyIG1haXMgcHJvZnVuZG8gZG8gc2V1IGNvcmHDp8Ojby4gQXMgcmVzcG9zdGFzIHbDo28gYXBhcmVjZXIgZGVudHJvIGRhIHN1YSBjYWJlw6dhLl4wMDAwMDA=,,Tm8gcHVkZSBzYWNhciBsYSBwbGFudGEgZGUgYWd1YS4gRGViZXLDrWEgaW50ZW50YXJsbyBkZSBudWV2by4=
zujOBw,,SSBwdWxsZWQgb3V0IHRoZSB3YXRlciBwbGFudC4gSSBzaG91bGQgbG9vayBmb3IgYW5vdGhlciBvbmUu,,,,,QmFuaG8gZGUgQ2FiZcOnYSBGcmlh,,U2FxdcOpIGxhIHBsYW50YSBkZSBhZ3VhLiBEZWJlcsOtYSBidXNjYXIgb3RyYS4=
z+jOBw,,QmF0aCBvZiBXaXNkb20=,,,,,XjkzNzBEQsKiw41CYW5obyBkZSBDYWJlw6dhIEZyaWEgLSBCYW5obyBGcmlvwqLDjV4wMDAwMDAKXjkzNzBEQk1lcmd1bGhlIG5lc3RhIGJhbmhlaXJhIGZyaWEgc2UgcXVpc2VyIHNlIHJlZnJlc2NhciBlIGFndcOnYXIgc3VhIHJhY2lvbmFsaWRhZGUgY29tbyB1bWEgbMOibWluYSBmcmlhIGZlaXRhIGRlIGdlbG8uIE8gZnJpbyBkbyBiYW5obyB2YWkgb3JkZW5hciBzZXVzIHBlbnNhbWVudG9zIGNhw7N0aWNvcy5eMDAwMDAw,,QmF0aCBvZiBXaXNkb20=
0OjOBw,,XjMzMDAzM0JhdGggb2YgV2lzZG9tIC0gR3JhbmQgQmF0aF4wMDAwMDAKXjMzMDAzM1RoaXMgaXMgdGhlIG9sZGVzdCBhbmQgbW9zdCBmYW1vdXMgYmF0aCBpbiBCYXJtdW5kIE1hbnNpb24uIFNvYWsgaW4gdGhpcyBiYXRoIGFuZCB0aGluayBhYm91dCB0aGUgaGFyZGVzdCB0aGluZ3MgcmVzaWRpbmcgaW4gdGhlIGRlZXBlc3QgcGxhY2UgaW4geW91ciBoZWFydC4gVGhlIGFuc3dlcnMgd2lsbCBqdXN0IHBvcCB1cCBpbnNpZGUgeW91ciBoZWFkLl4wMDAwMDA=,,,,,QmFuaG8gZGUgRXN0cmVsYXM=,,XjNDQkNCQ0Jhw7FvIGRlIGxhIHNhYmlkdXLDrWE6IEdyYW4gYmHDsW9eMDAwMDAwCl4zQ0JDQkNFcyBlbCBiYcOxbyBtw6FzIGFudGlndW8geSBmYW1vc28gZGUgbGEgbWFuc2nDs24gVmFybXVuZHQuIFN1bcOpcmdldGUgZW4gZXN0ZSBiYcOxbyB5IHBpZW5zYSBlbiBsYXMgY29zYXMgbcOhcyBkdXJhcyBxdWUgcmVzaWRlbiBlbiBsbyBtw6FzIHByb2Z1bmRvIGRlIHR1IGNvcmF6w7NuLiBMYXMgcmVzcHVlc3RhcyBhcGFyZWNlcsOhbiBlbiB0dSBjYWJlemEuXjAwMDAwMA==
0ejOBw,,QmF0aCBvZiBDb29sLWhlYWRlZG5lc3M=,,,,,wqLDjUJhbmhvIGRlIEVzdHJlbGFzLSBCYW5obyBNb3Jub8Kiw40KTsOjbyBwb2RlbW9zIHRvY2FyIGFzIGVzdHJlbGFzIG5vIGPDqXUgbm90dXJubywgbWFzIGFwZW5hcyBvbGhhciBwYXJhIGVsYXMgbm9zIHBlcm1pdGUgc2VudGlyIGEgdGVtcGVyYXR1cmEgZGUgc3VhIGJlbGV6YS4gQSBsdXogYnJpbGhhbnRlIGRhcyBlc3RyZWxhcyBuYSBzdXBlcmbDrWNpZSBkYSBiYW5oZWlyYSBsaGUgZGFyw6EgdW1hIHZhcmllZGFkZSBkZSBpbnNwaXJhw6fDtWVzLg==,,QmF0aCBvZiBDb29sLWhlYWRlZG5lc3M=
0ujOBw,,XjAwMDBDREJhdGggb2YgQ29vbC1oZWFkZWRuZXNzIC0gQ29sZCBCYXRoXjAwMDAwMApeMDAwMENEU29hayBpbiB0aGlzIGNvbGQgYmF0aCBpZiB5b3Ugd2FudCB0byBjb29sIGFuZCBzaGFycGVuIHlvdXIgcmF0aW9uYWxpdHkgbGlrZSBhIGNvbGQgYmxhZGUgbWFkZSBvZiBmcmVlemluZyBpY2UuIFRoZSBjb2xkbmVzcyBpbiB0aGUgYmF0aCB3aWxsIGNvbGxlY3QgeW91ciBkaXNoZXZlbGVkIHRob3VnaHRzLl4wMDAwMDA=,,,,,QmFuaG8gZGUgUmVjb25oZWNpbWVudG8=,,Xjk5MDA5OUJhw7FvIGRlIGZyZXNjdXJhIG1lbnRhbDogQmHDsW8gZnLDrW9eMDAwMDAwCl45OTAwOTlTdW3DqXJnZXRlIGVuIGVzdGUgYmHDsW8gZnLDrW8gc2kgcXVpZXJlcyBlbmZyaWFyIHkgYWZpbGFyIHR1IHJhY2lvbmFsaWRhZCBjb21vIHVuYSBmcsOtYSBjdWNoaWxsYSBkZSBoaWVsby4gTGEgZnJpYWxkYWQgZGVsIGJhw7FvIHJlY29nZXLDoSB0dXMgcGVuc2FtaWVudG9zIGRlc29yZGVuYWRvcy5eMDAwMDAw
0+jOBw,,QmF0aCBvZiBTdGFycw==,,,,,XjhCNDUxQ8Kiw41CYW5obyBkZSBSZWNvbmhlY2ltZW50by0gQmFuaG8gQXF1ZWNpZG/CosONXjAwMDAwMApeOEI0NTFDU2Ugdm9jw6ogasOhIHF1aXMgdGVyIHVtIHBvdXF1aW5obyBkZSBjYWxvciBxdWFuZG8gZXN0YXZhIGNvbmZ1c28gZSBhbmd1c3RpYWRvLCBvdSBzZSBlc3TDoSBuZXNzZSBlc3RhZG8gYWdvcmEsIHZlbmhhIG1lcmd1bGhhciBuZXN0YSBiYW5oZWlyYS4gVm9jw6ogZmljYXLDoSBtYWlzIHRyYW5xdWlsbyBjb20gYSB0ZW1wZXJhdHVyYSBjZXJ0YS5eMDAwMDAw,,QmF0aCBvZiBTdGFycw==
1OjOBw,,QmF0aCBvZiBTdGFycy0gVGVwaWQgQmF0aApXZSBjYW5ub3QgdG91Y2ggdGhlIHN0YXJzIGluIHRoZSBuaWdodCBza3ksIGJ1dCBqdXN0IGxvb2tpbmcgYXQgdGhlbSBsZXRzIHVzIGZlZWwgdGhlIHRlbXBlcmF0dXJlIG9mIHRoZWlyIGJlYXV0eS4gVGhlIHNoaW1tZXJpbmcgc3RhcmxpZ2h0IG9uIHRoZSBzdXJmYWNlIG9mIHRoZSBiYXRoIHdpbGwgZ2l2ZSB5b3UgYSB2YXJpZXR5IG9mIGluc3BpcmF0aW9ucy4=,,,,,QmFuaG8gZGUgUmVzaXN0w6puY2lh,,QmHDsW8gZGUgZXN0cmVsbGFzOiBCYcOxbyB0aWJpbwpObyBwb2RlbW9zIHRvY2FyIGxhcyBlc3RyZWxsYXMgZGVsIGNpZWxvIG5vY3R1cm5vLCBwZXJvIHNvbG8gY29uIG1pcmFybGFzIHNlbnRpbW9zIGxhIHRlbXBlcmF0dXJhIGRlIHN1IGJlbGxlemEuIExhIGJyaWxsYW50ZSBsdXogZGUgbGFzIGVzdHJlbGxhcyBlbiBsYSBzdXBlcmZpY2llIGRlIGxhIGJhw7FlcmEgdGUgaW5zcGlyYXLDoSBkZSBtdWNoYXMgZm9ybWFzLg==
1ejOBw,,QmF0aCBvZiBBY2tub3dsZWRnZW1lbnQ=,,,,,XjhCMDAwMMKiw41CYW5obyBkZSBSZXNpc3TDqm5jaWEgLSBCYW5obyBRdWVudGXCosONXjAwMDAwMApeOEIwMDAwQSBwYWNpw6puY2lhIMOpIGFtYXJnYSwgbWFzIG8gZnJ1dG8gw6kgZG9jZS4gTWVyZ3VsaGUgbmVzc2EgYmFuaGVpcmEgcXVlbnRlIGUgdGVudGUgcXVlaW1hciB0dWRvIGRlIG5lZ2F0aXZvIHF1ZSBlc3RhdmEgYWN1bXVsYWRvIGRlbnRybyBkZSB2b2PDqi4gVm9jw6ogc2Ugc2VudGlyw6EgbWFpcyBsZXZlIGFvIHNhaXIgZG8gYmFuaG8uXjAwMDAwMA==,,QmF0aCBvZiBBY2tub3dsZWRnZW1lbnQ=
1ujOBw,,XkNDMDBDQ0JhdGggb2YgQWNrbm93bGVkZ2VtZW50IC0gV2FybSBCYXRoXjAwMDAwMApeQ0MwMENDSWYgeW91IGhhZCBldmVyIHdhbnRlZCB0byBoYXZlIGp1c3QgYSB0aW55IHBpZWNlIG9mIHdhcm10aCB3aGVuIHlvdSB3ZXJlIGNvbmZ1c2VkIGFuZCBkaXN0cmVzc2VkLCBvciBpZiB5b3UgYXJlIGluIHN1Y2ggYSBzdGF0ZSByaWdodCBub3csIGNvbWUgc29hayBpbiB0aGlzIGJhdGguIEl0IHdpbGwgZWFzZSB5b3VyIG1pbmQgd2l0aCB0aGUgcmlnaHRlc3QgdGVtcGVyYXR1cmUuXjAwMDAwMA==,,,,,QmFuaG8gZGEgSHVtaWxkYWRl,,Xjc3MDA5OUJhw7FvIGRlIHJlY29ub2NpbWllbnRvOiBCYcOxbyBjw6FsaWRvXjAwMDAwMApeNzcwMDk5U2kgYWxndW5hIHZleiBkZXNlYXN0ZSB1biBwb2NvIGRlIGNhbG9yIGN1YW5kbyBzZW50w61hcyBjb25mdXNpw7NuIHkgYW5ndXN0aWEsIG8gc2kgdGUgZW5jdWVudHJhcyBlbiBlc2UgZXN0YWRvIGFob3JhIG1pc21vLCB2ZW4gYSBzdW1lcmdpcnRlIGVuIGVzdGUgYmHDsW8uIFRlIGFsaXZpYXLDoSBjb24gbGEgdGVtcGVyYXR1cmEgbcOhcyBhZGVjdWFkYS5eMDAwMDAw
1+jOBw,,QmF0aCBvZiBFbmR1cmFuY2U=,,,,,Xjk5OTk5OcKiw41CYW5obyBkYSBIdW1pbGRhZGUgLSBCYW5obyBNdWl0byBRdWVudGXCosONXjAwMDAwMApeOTk5OTk5QVRFTsOHw4NPISBWb2PDqiBwb2RlIGFwcmVuZGVyIGEgaHVtaWxkYWRlIHRlbnRhbmRvIHRlc3RhciBzZXVzIGxpbWl0ZXMuXjAwMDAwMA==,,QmF0aCBvZiBFbmR1cmFuY2U=
2OjOBw,,XkZGMzMwMEJhdGggb2YgRW5kdXJhbmNlIC0gSG90IEJhdGheMDAwMDAwCl5GRjMzMDBQYXRpZW5jZSBpcyBiaXR0ZXIsIGJ1dCB0aGUgZnJ1aXQgaXMgc3dlZXQuIFNvYWsgaW4gdGhlIGhvdCBiYXRoIGFuZCBlbmR1cmUgdG8gYnVybiBldmVyeXRoaW5nIG5lZ2F0aXZlIHRoYXQgaGFkIGJlZW4gcGlsZWQgaW5zaWRlIHlvdS4gWW91IHdpbGwgZmVlbCBsaWdodGVyIGFzIHlvdSBzdGVwIG91dCBvZiB0aGUgYmF0aC5eMDAwMDAw,,,,,QmFuaG8gZGUgUMOpcw==,,XkZBQzBDQ0Jhw7FvIGRlIHJlc2lzdGVuY2lhOiBCYcOxbyBjYWxpZW50ZV4wMDAwMDAKXkZBQzBDQ0xhIHBhY2llbmNpYSBlcyBhbWFyZ2EsIHBlcm8gZWwgZnJ1dG8gZXMgZHVsY2UuIFN1bcOpcmdldGUgZW4gZWwgYmHDsW8gY2FsaWVudGUgeSBhZ3VhbnRhIHBhcmEgcXVlbWFyIHRvZG8gbG8gbmVnYXRpdm8gcXVlIHNlIGhhYsOtYSBhY3VtdWxhZG8gZW4gdHUgaW50ZXJpb3IuIFRlIHNlbnRpcsOhcyBtw6FzIGxpZ2VybyBhbCBzYWxpciBkZWwgYmHDsW8uXjAwMDAwMA==
2ejOBw,,QmF0aCBvZiBIdW1pbGl0eQ==,,,,,wqLDjUJhbmhvIGRlIFDDqXPCosONCsOAcyB2ZXplcyBuw6NvIHByZWNpc2Egc2VyIGdyYW5kaW9zby4gQmFzdGEgbWVyZ3VsaGFyIG9zIHDDqXMgZSBkZXNjYW5zYXIu,,QmF0aCBvZiBIdW1pbGl0eQ==
2ujOBw,,XkVFMDAwMEJhdGggb2YgSHVtaWxpdHkgLSBWZXJ5IEhvdCBCYXRoXjAwMDAwMApeRUUwMDAwV0FSTklORyEgWW91IG1heSBsZWFybiBodW1pbGl0eSB0cnlpbmcgdG8gdGVzdCB5b3VyIGxpbWl0Ll4wMDAwMDA=,,,,,QmFuaG8gU2VtIE5vbWU=,,XjY2MDA2NkJhw7FvIGRlIGh1bWlsZGFkOiBCYcOxbyBtdXkgY2FsaWVudGVeMDAwMDAwCl42NjAwNjbCoUFEVkVSVEVOQ0lBISBQdWVkZSBxdWUgYXByZW5kYXMgc29icmUgaHVtaWxkYWQgaW50ZW50YW5kbyBwb25lciBhIHBydWViYSB0dSBsw61taXRlLl4wMDAwMDA=
2+jOBw,,Rm9vdCBCYXRo,,,,,XjAwNzc3N8Kiw41CYW5obyBRdWFscXVlcsKiw41eMDAwMDAwCl4wMDc3NzdWZW5oYSBhcXVpIHNlIHZvY8OqIHF1ZXIgbGFyZ2FyIHR1ZG8gZSB2b2x0YXIgcGFyYSBvcyBicmHDp29zIGRhIG5hdHVyZXphLCBtYXMgYSBzaXR1YcOnw6NvIG7Do28gcGVybWl0ZS5eMDAwMDAw,,Rm9vdCBCYXRo
3OjOBw,,Rm9vdCBCYXRoClNvbWV0aW1lcyBpdCBkb2Vzbid0IGhhdmUgdG8gYmUgZ3JhbmRpb3NlLiBKdXN0IHNvYWsgeW91ciBmZWV0IGFuZCByZXN0Lg==,,,,,,,QmHDsW8gZGUgcGllcwpBIHZlY2VzIG5vIHRpZW5lIHBvciBxdcOpIHNlciBncmFuZGlvc28uIFN1bWVyZ2UgbG9zIHBpZXMgeSBkZXNjYW5zYS4=
3ejOBw,,TmFtZWxlc3MgQmF0aA==,,,,,,,TmFtZWxlc3MgQmF0aA==
3ujOBw,,XjAwNjYwME5hbWVsZXNzIEJhdGheMDAwMDAwCl4wMDY2MDBDb21lIGhlcmUgaWYgeW91IHdhbnQgdG8gc2hlZCBldmVyeXRoaW5nIGFuZCByZXR1cm4gdG8gdGhlIGFybXMgb2YgbmF0dXJlLCBidXQgdGhlIHNpdHVhdGlvbiBkb2VzIG5vdCBhbGxvdyB5b3UuXjAwMDAwMA==,,,,,,,XjlGNjA3N0Jhw7FvIHNpbiBub21icmVeMDAwMDAwCl45RjYwNzdWZW4gYXF1w60gc2kgcXVpZXJlcyBkZXNwcmVuZGVydGUgZGUgdG9kbyB5IHZvbHZlciBhIGxvcyBicmF6b3MgZGUgbGEgbmF0dXJhbGV6YSwgcGVybyBsYSBzaXR1YWNpw7NuIG5vIHRlIGxvIHBlcm1pdGUuXjAwMDAwMA==
