oL3RAg,,Q2FwdGFpbiBvZiBTbXVnZ2xlciBzaGlw,,,,,Q2FwaXTDo28gZG8gTmF2aW8gQ29udHJhYmFuZGlzdGE=,,Q2FwaXTDoW4gZGUgYmFyY28gY29udHJhYmFuZGlzdGE=
ob3RAg,,W0NhcHRhaW4gb2YgU211Z2dsZXIgc2hpcF0KTW1tbS4uLiBJdCdzIHZlcnkgbmljZSB0b2RheQ==,,,,,W0NhcGl0w6NvIGRvIG5hdmlvIENvbnRyYWJhbmRpc3RhXQpIdW1tbS4uLiBFc3TDoSBtdWl0byBib20gaG9qZS4=,,W0NhcGl0w6FuIGRlIGJhcmNvIGNvbnRyYWJhbmRpc3RhXQpNbW1tbeKApiBIb3kgZXMgdW4gbXV5IGxpbmRvIGTDrWEu
or3RAg,,V2hhdCBhcmUgeW91IGRvaW5nIHRoZXJlPw==,,,,,TyBxdWUgdm9jw6ogZXN0w6EgZmF6ZW5kbyBhw60/,,wr9RdcOpIGhhY2VzIGFow60/
o73RAg,,W0NhcHRhaW4gb2YgU211Z2dsZXIgc2hpcF0KSSBhbSB3YWl0aW5nICBub3ZpY2VzIHRvIHNuZWFrIGludG8gQW1hdHN1IG92ZXIgdGhlIHNlYQ==,,,,,W0NhcGl0w6NvIGRvIG5hdmlvIENvbnRyYWJhbmRpc3RhXQpFc3RvdSBlc3BlcmFuZG8gb3MgQXByZW5kaXplcyBlbnRyYXJlbSBzb3JyYXRlaXJhbWVudGUgZW0gQW1hdHN1IHBlbG8gbWFyLg==,,W0NhcGl0w6FuIGRlIGJhcmNvIGNvbnRyYWJhbmRpc3RhXQpFc3RveSBlc3BlcmFuZG8gcXVlIGxvcyBQcmluY2lwaWFudGVzIHNlIGN1ZWxlbiBhIEFtYXRzdSBkZXNkZSBlbCBtYXIu
pL3RAg,,W0NhcHRhaW4gb2YgU211Z2dsZXIgc2hpcF0KT2guIFlvdSBhcmUgTm92aWNlIHRvby4Kd2hhdCBkbyB5b3UgdGhpbmsgcGFsPyBEb24ndCB5b3Ugd2FudCB0byBiZSBhIE5pbmphPw==,,,,,W0NhcGl0w6NvIGRvIG5hdmlvIENvbnRyYWJhbmRpc3RhXQpBaC4gVm9jw6ogdGFtYsOpbSDDqSBBcHJlbmRpei4KTyBxdWUgdm9jw6ogYWNoYSwgYW1pZ28/IFZvY8OqIG7Do28gcXVlciBzZXIgdW0gTmluamE/,,W0NhcGl0w6FuIGRlIGJhcmNvIGNvbnRyYWJhbmRpc3RhXQpBaC4gVMO6IHRhbWJpw6luIGVyZXMgcHJpbmNpcGlhbnRlLgrCv1F1w6kgZGljZXMsIGNvbGVnYT8gwr9ObyBxdWllcmVzIGNvbnZlcnRpcnRlIGVuIE5pbmphPw==
pb3RAg,,XjAwMDA5OUhlIHN1ZGRlbmx5IGZyaWVuZGx5IT8gSSBoYXZlIHRvIGRvIHNvbWV0aGluZy4uLl4wMDAwMDA=,,,,,XjAwMDA5OUVsZSBmaWNvdSBhbWlnw6F2ZWwgZGUgcmVwZW50ZT8gVGVuaG8gcXVlIGZhemVyIGFsZ3VtYSBjb2lzYS4uLl4wMDAwMDA=,,XjAwMDA5OcK/wqFEZSByZXBlbnRlIHNlIHB1c28gYW1hYmxlIT8gVGVuZ28gcXVlIGhhY2VyIGFsZ2/igKZeMDAwMDAw
pr3RAg,,W0NhcHRhaW4gb2YgU211Z2dsZXIgc2hpcF0KSSB3aWxsIHNlbmQgeW91IHRvIEFtYXRzdSB3aXRoIGNoZWFwIHByaWNlLiBKdXN0IDIwMFplbnl+IElzbid0IGl0IGdvb2QgcHJpY2U/,,,,,W0NhcGl0w6NvIGRvIG5hdmlvIENvbnRyYWJhbmRpc3RhXQpFdSBvIG1hbmRhcmVpIHBhcmEgQW1hdHN1IHBvciB1bSBwcmXDp28gYmFyYXRvLiBBcGVuYXMgMjAwIHplbnl+IE7Do28gw6kgdW0gYm9tIHByZcOnbz8=,,W0NhcGl0w6FuIGRlIGJhcmNvIGNvbnRyYWJhbmRpc3RhXQrCoVRlIGVudmlhcsOpIGEgQW1hdHN1IHBvciBzb2xvIDIwMCB6ZW55ISBRdcOpIG9mZXJ0w7NuLCDCv25vPw==
p73RAg,,SSB3aWxsIGdvIG5leHQgdGltZQ==,,,,,SXJlaSBkYSBwcsOzeGltYSB2ZXou,,SXLDqSBsYSBwcsOzeGltYSB2ZXou
qL3RAg,,VGhhdCBzb3VuZHMgZ29vZA==,,,,,TWUgcGFyZWNlIGJvbS4=,,TWUgcGFyZWNlIGJpZW4u
qb3RAg,,W0NhcHRhaW4gb2YgU211Z2dsZXIgc2hpcF0KaHVoLgpZb3UgY2FuIGNvbWUgYW55dGltZSB5b3Ugd2FudCB0byBnby4uLg==,,,,,W0NhcGl0w6NvIGRvIG5hdmlvIENvbnRyYWJhbmRpc3RhXQpIdW0KVm9jw6ogcG9kZSB2aXIgcXVhbmRvIHF1aXNlciBpci4uLg==,,W0NhcGl0w6FuIGRlIGJhcmNvIGNvbnRyYWJhbmRpc3RhXQpNbW0uClB1ZWRlcyB2aXNpdGFybWUgc2llbXByZSBxdWUgcXVpZXJhcyBpciBhbGzDrS4=
qr3RAg,,W0NhcHRhaW4gb2YgU211Z2dsZXIgc2hpcF0KQWxyaWdodHl+ISBMZXQncyBnbyB0aGVuIQ==,,,,,W0NhcGl0w6NvIGRvIG5hdmlvIENvbnRyYWJhbmRpc3RhXQpNdWl0byBiZW0hIFZhbW9zIGzDoSBlbnTDo28h,,W0NhcGl0w6FuIGRlIGJhcmNvIGNvbnRyYWJhbmRpc3RhXQrCoURlIGFjdWVyZG8hIMKhVmFtb3MsIGVudG9uY2VzIQ==
q73RAg,,W0NhcHRhaW4gb2YgU211Z2dsZXIgc2hpcF0KQnV0Li4uCllvdSBkb24ndCBldmVuIGhhdmUgMjAwIFplbnkuIApJIGNhbm5vdCBoZWxwIHlvdSBpbiB5b3VyIGNvbmRpdGlvbi4=,,,,,W0NhcGl0w6NvIGRvIG5hdmlvIENvbnRyYWJhbmRpc3RhXQpNYXMuLi4KVm9jw6ogbsOjbyB0ZW0gbmVtIDIwMCBaZW55LiAKTsOjbyBwb3NzbyBhanVkw6EtbG8gZW0gc3VhIGNvbmRpw6fDo28u,,W0NhcGl0w6FuIGRlIGJhcmNvIGNvbnRyYWJhbmRpc3RhXQpQZXJv4oCmCk5pIHNpcXVpZXJhIHRpZW5lcyAyMDAgemVueS4gCk5vIHB1ZWRvIGF5dWRhcnRlIGVuIHR1IHNpdHVhY2nDs24u
rL3RAg,,Q291Z2FyLWd1eQ==,,,,,SG9tZW0tUHVtYQ==,,Q2hpY28gUHVtYQ==
rb3RAg,,W0NvdWdhci1ndXldCkJlY2F1c2UgdGhpcyBpcyBhIHJlcXVlc3QgZnJvbSBQYXJhZGlzZSwgaXQnbGwgYmUgZ29vZCBmb3IgeW91IHRvIGpvaW4gaWYgeW91IHRoaW5rIG9mIHRoZSBwbGFuIGFoZWFkLg==,,,,,W0hvbWVtLVB1bWFdCkNvbW8gZXNzZSDDqSB1bSBwZWRpZG8gZG8gUGFyYcOtc28sIHNlcmlhIGJvbSBwYXJhIHZvY8OqIHBhcnRpY2lwYXIgc2UgcGVuc2FyIG5vIHBsYW5vIGNvbSBhbnRlY2Vkw6puY2lhLg==,,W0NoaWNvIHB1bWFdCkNvbW8gc2UgdHJhdGEgZGUgdW5hIHNvbGljaXR1ZCBkZSBQYXJhw61zbywgc2Vyw6EgYnVlbm8gcXVlIHRlIHVuYXMgc2kgcGllbnNhcyBlbiBlbCBwbGFuIGEgZnV0dXJvLg==
rr3RAg,,W0NvdWdhci1ndXldCllvdSBtdXN0IG1ha2Ugc3VyZSB0byB0ZWxsIGhpbSB0byBjb21lIHRvIF40RDRERkZJemx1ZGUncyBDcmlhdHVyYSBBY2FkZW15XjAwMDAwMC4KR28gbm93LCBhbmQgZG9uJ3QgZm9yZ2V0Lg==,,,,,W0hvbWVtLVB1bWFdCk7Do28gc2UgZXNxdWXDp2EgZGUgZGl6ZXIgYSBlbGUgcGFyYSBpciDDoCBeNEQ0REZGQWNhZGVtaWEgZG8gQXByZW5kaXogZGUgSXpsdWRlXjAwMDAwMC4KVsOhIGFnb3JhIGUgbsOjbyBzZSBlc3F1ZcOnYS4=,,W0NoaWNvIHB1bWFdCkRlYmVzIGFzZWd1cmFydGUgZGUgZGVjaXJsZSBxdWUgdmVuZ2EgYSBsYSBeNEQ0REZGQWNhZGVtaWEgZGUgY3JpYXR1cmFzIGRlIEl6bHVkZV4wMDAwMDAuClZlIGFob3JhIHkgbm8gbG8gb2x2aWRlcy4=
r73RAg,,XjAwMDA5OVRoZXJlIGlzIGEgZ3V5IHB1dHRpbmcgdGhlIHdlYXBvbiBiYWNrIGZyb20gaGlzIGhhbmQgd2l0aCBjb2xkIGV5ZV4wMDAwMDA=,,,,,XjAwMDA5OVRlbSB1bSBjYXJhIGNvbG9jYW5kbyBhIGFybWEgZGUgdm9sdGEgZW0gc3VhIG3Do28gY29tIHVtIG9saGFyIGZyaW9eMDAwMDAwLg==,,XjAwMDA5OVVuIHRpcG8gbWUgZGV2dWVsdmUgZWwgYXJtYSBjb24gbWlyYWRhIGZyw61hXjAwMDAwMC4=
sL3RAg,,W0EgbWFuIHdpdGggTmluamEgb3V0Zml0XQouLi4KLi4uCi4uLg==,,,,,W1VtIGhvbWVtIGNvbSByb3VwYSBkZSBOaW5qYV0KLi4uCi4uLgouLi4=,,W1VuIGhvbWJyZSBjb24gdHJhamUgZGUgTmluamFdLgrigKYK4oCmCuKApg==
sb3RAg,,W0EgbWFuIHdpdGggTmluamEgb3V0Zml0XQpEbyBub3QgYXBwcm9hY2ggdG8gbWUgd2l0aG91dCBwZXJtaXNzaW9uLg==,,,,,W1VtIGhvbWVtIGNvbSByb3VwYSBkZSBOaW5qYV0KTsOjbyBzZSBhcHJveGltZSBkZSBtaW0gc2VtIHBlcm1pc3PDo28u,,W1VuIGhvbWJyZSBjb24gdHJhamUgZGUgTmluamFdLgpObyB0ZSBhY2VycXVlcyBhIG3DrSBzaW4gcGVybWlzby4=
sr3RAg,,W3t9XQpJIGRpZG4ndCBtZWFuIGFueXRoaW5nLiBJIGRpZG4ndCBldmVuIGtub3cgeW91IHdlcmUgdGhlcmUu,,,,,W3t9XQpFdSBuw6NvIHF1ZXJpYSBuYWRhLiBFdSBuZW0gc2FiaWEgcXVlIHZvY8OqIGVzdGF2YSBsw6Eu,,W3t9XQpObyBlcmEgbWkgaW50ZW5jacOzbi4gTmkgc2lxdWllcmEgc2Fiw61hIHF1ZSBlc3RhYmFzIGFsbMOtLg==
s73RAg,,W0EgbWFuIHdpdGggTmluamEgb3V0Zml0XQouLi4=,,,,,W1VtIGhvbWVtIGNvbSByb3VwYSBkZSBOaW5qYV0KLi4u,,W1VuIGhvbWJyZSBjb24gdHJhamUgZGUgTmluamFdLgrigKY=
tL3RAg,,XjAwMDA5OSBJIGNvdWxkIHNlZSB0aGVyZSB3YXMgc29tZSBlbW90aW9uIG9uIGhpcyBmYWNlLCBidXQgaXQgZGlzYXBwZWFyZWQgcXVpY2tseV4wMDAwMDA=,,,,,XjAwMDA5OVBlcmNlYmkgcXVlIGhhdmlhIHVtIHBvdWNvIGRlIGVtb8Onw6NvIGVtIHNldSByb3N0bywgbWFzIGVsYSBkZXNhcGFyZWNldSByYXBpZGFtZW50ZS5eMDAwMDAw,,XjAwMDA5OVB1ZGUgdmVyIHF1ZSBoYWLDrWEgYWxnbyBkZSBlbW9jacOzbiBlbiBzdSByb3N0cm8sIHBlcm8gZGVzYXBhcmVjacOzIHLDoXBpZGFtZW50ZS5eMDAwMDAw
tb3RAg,,W0EgbWFuIHdpdGggTmluamEgb3V0Zml0XQouLi4gSG1tLgpJIHB1bGwgbXkgd2VhcG9uIG91dCB0byBub3ZpY2UsIEkgc2hvdWxkIGxlYXJuIG1vcmUobXVybXVyaW5nKQ==,,,,,W1VtIGhvbWVtIGNvbSByb3VwYSBkZSBOaW5qYV0KLi4uIEhtbS4KUHV4YW5kbyBtaW5oYSBhcm1hIHBhcmEgQXByZW5kaXplcywgZXUgZGV2ZXJpYSBhcHJlbmRlciBtYWlzIChNdXJtdXJhbmRvKQ==,,W1VuIGhvbWJyZSBjb24gdHJhamUgZGUgTmluamFdLgrigKYgTW1tLgpEZXNlbmZ1bmRvIG1pIGFybWEgYW50ZSBlbCBwcmluY2lwaWFudGUsIGRlYmVyw61hIGFwcmVuZGVyIG3DoXMgKE11cm11bGxhKS4=
tr3RAg,,W3t9XQpJIGFtIHt9LiBJIGRvIG5vdCBoYXZlIGEgZGVjZW50IGpvYiBidXQgSSBhbSBub3QgaGVyZSB0byBzdGVhbCBzb21ldGhpbmcuIA==,,,,,W3t9XQpFdSBzb3Uge30uIE7Do28gdGVuaG8gdW1hIENsYXNzZSBkZWNlbnRlLCBtYXMgbsOjbyBlc3RvdSBhcXVpIHBhcmEgcm91YmFyIG5hZGEu,,W3t9XQpTb3kge30uIE5vIHRlbmdvIHVuIHRyYWJham8gZGVjZW50ZSwgcGVybyBubyB2aW5lIGEgcm9iYXIgY29zYXMuIA==
t73RAg,,W0EgbWFuIHdpdGggTmluamEgb3V0Zml0XQpZb3UgZG8gbm90IG5lZWQgdG8gaW50cm9kdWNlIG1lCklmIHlvdSBhcmUgbm90IGhlcmUgdG8gc3RlYWwgc29tZXRoaW5nLCB0aGVuIHdoeSBhcmUgeW91IGhlcmU/IA==,,,,,W1VtIGhvbWVtIGNvbSByb3VwYSBkZSBOaW5qYV0KTsOjbyBwcmVjaXNhIHNlIGFwcmVzZW50YXIuClNlIHZvY8OqIG7Do28gZXN0w6EgYXF1aSBwYXJhIHJvdWJhciBhbGdvLCBlbnTDo28gcG9yIHF1ZSBlc3TDoSBhcXVpPw==,,W1VuIGhvbWJyZSBjb24gdHJhamUgZGUgTmluamFdLgpObyBuZWNlc2l0YXMgcHJlc2VudGFydGUuClNpIG5vIHZpbmlzdGUgYSByb2JhciBhbGdvLCDCv3BvciBxdcOpIGVzdMOhcyBhcXXDrT8g
uL3RAg,,SSBhbSBsb29raW5nIGZvciB3YXkgdG8gYmVjb21lIGEgTmluamE=,,,,,RXN0b3UgcHJvY3VyYW5kbyB1bWEgbWFuZWlyYSBkZSBtZSB0b3JuYXIgdW0gTmluamEu,,QnVzY28gY8OzbW8gY29udmVydGlybWUgZW4gTmluamEu
ub3RAg,,SXQganVzdCBoYXBwZW5lZC4uLg==,,,,,U2ltcGxlc21lbnRlIGFjb250ZWNldS4uLg==,,TGxlZ3XDqSBzaW4gcXVlcmVyIHF1ZXJpZW5kb+KApg==
ur3RAg,,W0NvdWdhci1ndXldCkh1aD8uLi4=,,,,,W0hvbWVtLVB1bWFdCkjDoz8uLi4=,,W0NoaWNvIHB1bWFdCsK/UXXDqT8=
u73RAg,,XjAwMDA5OUhlIHNodXJuZ3MgYXMgaWYgaGUgaXMgaW4gdHJvdWJsZSBhbmQgc2FpZF4wMDAwMDA=,,,,,XjAwMDA5OUVsZSBzZSBlbmNvbGhlIGNvbW8gc2UgZXN0aXZlc3NlIGVtIGFwdXJvcyBlIGRpejpeMDAwMDAw,,XjAwMDA5OUVuY29nZSBsb3MgaG9tYnJvcyBjb21vIHNpIGVzdHV2aWVyYSBlbiBwcm9ibGVtYXMgeSBkaWNlXjAwMDAwMDo=
vL3RAg,,W0NvdWdhci1ndXldCkkgYW0gc29ycnkgYnV0IHlvdSBjYW1lIHRvIHdyb25nIHBsYW5jZS4gVGhlcmUgYXJlIHNvbWUgc3R1ZmYgZm9yIE5pbmphLCBidXQgdGhpcyBpcyBub3QgdGhlIHBsYWNlIHRvIG1ha2Ugc29tZSByb29raWVzIHRvIG5pbmphcw==,,,,,W0hvbWVtLVB1bWFdClNpbnRvIG11aXRvLCBtYXMgdm9jw6ogdmVpbyBhbyBsdWdhciBlcnJhZG8uIEjDoSBhbGd1bWFzIGNvaXNhcyBwYXJhIE5pbmphcywgbWFzIGVzdGUgbsOjbyDDqSBvIGx1Z2FyIHBhcmEgdHJhbnNmb3JtYXIgQXByZW5kaXplcyBlbSBOaW5qYXM=,,W0NoaWNvIHB1bWFdCkxvIHNpZW50bywgcGVybyB2aW5pc3RlIGFsIGx1Z2FyIGluY29ycmVjdG8uIEhheSBhbGd1bmFzIGNvc2FzIHBhcmEgTmluamEsIHBlcm8gZXN0ZSBubyBlcyBlbCBsdWdhciBwYXJhIGNvbnZlcnRpciBwcmluY2lwaWFudGVzIGVuIE5pbmphcy4=
vb3RAg,,W3t9XQpUaGVuIGNhbiB5b3UgdGVsbCBtZSB3aGVyZSBzaG91bGQgSSBnbz8=,,,,,W3t9XQpFbnTDo28gdm9jw6ogcG9kZSBtZSBkaXplciBwYXJhIG9uZGUgZGV2byBpcj8=,,W3t9XQpFbnRvbmNlcywgwr9wdWVkZXMgZGVjaXJtZSBhZMOzbmRlIGRlYmVyw61hIGlyPw==
vr3RAg,,W0NvdWdhci1ndXldCi4uLi4=,,,,,W0hvbWVtLVB1bWFdCi4uLi4=,,W0NoaWNvIHB1bWFdCuKApg==
v73RAg,,XjAwMDA5OUhlIHN0YXJlZCBhdCBtZSBmb3IgbG9uZyB0aW1lIGFuZCBzZWVtcyBoZSBpcyBkZWJhdGluZyBhbmQgc2FpZCBhZ2FpbiBhcyBpZiBoZSBkZWNpZGVkLl4wMDAwMDA=,,,,,XjAwMDA5OUVsZSBtZSBlbmNhcm91IHBvciB1bSBsb25nbyB0ZW1wbywgcGFyZWNlbmRvIHBlbnNhciBhIHJlc3BlaXRvLCBlIGRpc3NlIG5vdmFtZW50ZSBjb21vIHNlIHRpdmVzc2UgZGVjaWRpZG8uXjAwMDAwMA==,,XjAwMDA5OU1lIG1pcsOzIGZpam8gZHVyYW50ZSB1biBidWVuIHJhdG8sIGVuIGVsIHF1ZSBwYXJlY8OtYSBkZWJhdGlyc2UsIHkgbHVlZ28gdm9sdmnDsyBhIGhhYmxhciBjb21vIHNpIGh1Ymllc2UgZGVjaWRpZG8gYWxnby5eMDAwMDAw
wL3RAg,,W0NvdWdhci1ndXldCkRvIHlvdSBrbm93IHRoZSBwbGFjZSBjYWxsZWQgRWluYnJvY2g/IApUaGVyZSBpcyBhIG1lbWJlciBvZiBvdXIgZ3VpbGQgd2hvIGlzIGNhbGxlZCBSZWQgd2lsZGNhdCBKb2U=,,,,,W0hvbWVtLVB1bWFdClZvY8OqIGNvbmhlY2UgbyBsdWdhciBjaGFtYWRvIEVpbmJyb2NoPyAKSMOhIHVtIG1lbWJybyBkZSBub3NzYSBndWlsZGEgcXVlIHNlIGNoYW1hIEpvZSBMaW5jZSBWZXJtZWxoby4=,,W0NoaWNvIHB1bWFdCsK/Q29ub2NlcyBlc2UgbHVnYXIgbGxhbWFkbyBFaW5icm9jaD8gCkhheSB1biBtaWVtYnJvIGRlIG51ZXN0cm8gZ3JlbWlvIHF1ZSBzZSBsbGFtYSBMZW9wYXJkbyBSb2pvIEpvZS4=
wb3RAg,,W3t9XQpEbyBJIGhhdmUgdG8gbWVldCBoaW0/,,,,,W3t9XQpUZW5obyBxdWUgZW5jb250csOhLWxvPw==,,W3t9XQrCv1RlbmdvIHF1ZSByZXVuaXJtZSBjb24gw6lsPw==
wr3RAg,,W0NvdWdhci1ndXldCkluIG9yZGVyIHRvIGxpdmUgYXMgYSBOaW5qYSwgeW91IHNob3VsZCBtZWV0IGhpbS4gWW91IG5lZWQgdG8gZ2V0IGhpcyBjcmVkaXQuIEl0J3MgeW91ciBmaXJzdCBqb2IgdG8gYmUgYSBuaW5qYS4=,,,,,W0hvbWVtLVB1bWFdClBhcmEgdml2ZXIgY29tbyB1bSBOaW5qYSwgdm9jw6ogZGV2ZSBjb25oZWPDqi1sby4gVm9jw6ogcHJlY2lzYSBkYSBjb25maWFuw6dhIGRlbGUuIMOJIHNldSBwcmltZWlybyB0cmFiYWxobyBjb21vIE5pbmphLg==,,W0NoaWNvIHB1bWFdCkRlYmVzIGlyIGEgdmVybG8gcGFyYSBwb2RlciB2aXZpciBjb21vIE5pbmphLiBUaWVuZXMgcXVlIGNvbnNlZ3VpciBzdSBhcHJvYmFjacOzbi4gU2Vyw6EgdHUgcHJpbWVyIHRyYWJham8gcGFyYSBzZXIgTmluamEu
w73RAg,,W3t9XQpJIGFtIGp1c3QgcGFzc2luZyBieS4gU29ycnkgdG8gYm90aGVyIHlvdS4=,,,,,W3t9XQpFc3RvdSBhcGVuYXMgcGFzc2FuZG8gcG9yIGFxdWkuIERlc2N1bHBlLW1lIHBvciBpbmNvbW9kw6EtbG8u,,W3t9XQpTb2xvIHBhc2FiYSBwb3IgYXF1w60uIFNpZW50byBtb2xlc3RhcnRlLg==
xL3RAg,,W0NvdWdhci1ndXldCklmIEkgZG8gaXQgYnkgcnVsZSwgSSBzaG91bGQgYmxvY2sgeW91IG1vdXRoLi4uIApeMDAwMDk5KHF1aXRlIGZvciBtb21lbnQpXjAwMDAwMApJIHNoYWxsIGxldCB5b3UgZ28gcGllY2VmdWxseS4g,,,,,W0hvbWVtLVB1bWFdClNlIGV1IGZvc3NlIHNlZ3VpciBhcyByZWdyYXMsIHRlcmlhIHF1ZSBjYWxhciB2b2PDqi4uLgpeMDAwMDk5KHBhdXNhIGJyZXZlKV4wMDAwMDAKVm91IGRlaXhhciB2b2PDqiBpciBlbSBwYXou,,W0NoaWNvIHB1bWFdClNpIHNpZ28gbGFzIHJlZ2xhcywgZGViZXLDrWEgc2lsZW5jaWFydGXigKYgCl4wMDAwOTkoSGFjZSBzaWxlbmNpbyBwb3IgdW4gbW9tZW50byleMDAwMDAwLgpUZSBkZWphcsOpIGlyIGVuIHBhei4=
xb3RAg,,W0NvdWdhci1ndXldCldoeSBhcmUgeW91IHN0aWxsIGhlcmU/,,,,,W0hvbWVtLVB1bWFdClBvciBxdWUgdm9jw6ogYWluZGEgZXN0w6EgYXF1aT8=,,W0NoaWNvIHB1bWFdCsK/UG9yIHF1w6kgc2lndWVzIGFxdcOtPw==
xr3RAg,,W3t9XQpJdCdzIHRvbyBmYXIgdG8gZ28sIHNvIEkgYW0ganVzdCByZWxleGluZyBhIGJpdC4=,,,,,W3t9XQrDiSBtdWl0byBsb25nZSBwYXJhIGlyLCBwb3IgaXNzbyBlc3RvdSBhcGVuYXMgcmVsYXhhbmRvIHVtIHBvdWNvLg==,,W3t9XQpFcyBkZW1hc2lhZG8gbGVqb3MsIGFzw60gcXVlIG1lIGVzdG95IHJlbGFqYW5kbyB1biBwb2NvLg==
x73RAg,,W0NvdWdhci1ndXldCkhhLi4uIFN1Y2ggYSByb29raWUuLi4=,,,,,W0hvbWVtLVB1bWFdCkhhLi4uIFF1ZSBub3ZhdG8uLi4=,,W0NoaWNvIHB1bWFdCkph4oCmIFF1w6kgcHJpbmNpcGlhbnRl4oCm
yL3RAg,,W0NvdWdhci1ndXldCkl0IGRvZXMgbm90IGxvb2sgZ29vZCB0aGF0IHN1Y2ggYSB5b3VuZyBub3ZpY2Ugd29kZXJpbmcgYXJvdW5kIGhlcmUuCkkgd2lsbCBzZW5kIHlvdSBqdXN0IG9uZSB0aW1lIHRvIEVpbmJyb2NoLg==,,,,,W0hvbWVtLVB1bWFdCk7Do28gw6kgbGVnYWwgcXVlIHVtIEFwcmVuZGl6IHTDo28gam92ZW0gZXN0ZWphIHBlcmFtYnVsYW5kbyBwb3IgYXF1aS4KRXUgbyBtYW5kYXJlaSBhcGVuYXMgdW1hIHZleiBwYXJhIEVpbmJyb2NoLg==,,W0NoaWNvIHB1bWFdCk5vIGRhIGJ1ZW5hIGltcHJlc2nDs24gcXVlIGhheWEgdW4gUHJpbmNpcGlhbnRlIHRhbiBqb3ZlbiBtZXJvZGVhbmRvIHBvciBhcXXDrS4KVGUgZW52aWFyw6kgYSBFaW5icm9jaCBzb2xvIHBvciBlc3RhIHZlei4=
yb3RAg,,W3t9XQpBcmUgeW91IGdvaW5nIHRvIHVzZSBzcGVsbD8h,,,,,W3t9XQpWb2PDqiB2YWkgdXNhciB1bSBmZWl0acOnbz8h,,W3t9XQrCocK/VXNhcsOhcyB1biBoZWNoaXpvPyE=
yr3RAg,,XjAwMDA5OUhlIGxvb2tlZCBhdCBtZSBhcyBpZiBJIHNhaWQgc29tZXRoaW5nIHN0dXBpZCBhbmQgc2FpZCBhIHdvcmQuXjAwMDAwMA==,,,,,XjAwMDA5OUVsZSBvbGhvdSBwYXJhIG1pbSBjb21vIHNlIGV1IHRpdmVzc2UgZGl0byBhbGdvIGVzdMO6cGlkby5eMDAwMDAw,,XjAwMDA5OU1lIG1pcsOzIGNvbW8gc2kgaHViaWVyYSBkaWNobyBhbGdvIGVzdMO6cGlkbyB5IG1lIGRpam86XjAwMDAwMA==
y73RAg,,W0NvdWdhci1ndXldClRoZXJlIGFyZSBubyBzdWNoIGEgc3BlbGwuIEkgd2lsbCB1c2UgdGhlIGl0ZW0gY2FsbGVkIF4wMDAwOTlHcmVlbiBCdXR0ZXJmbHkgV2luZ14wMDAwMDAuIA==,,,,,W0hvbWVtLVB1bWFdCkVzc2UgZmVpdGnDp28gbsOjbyBleGlzdGUuIFZvdSB1c2FyIG8gaXRlbSBjaGFtYWRvIF4wMDAwOTlBc2EgZGUgQm9yYm9sZXRhIFZlcmRlXjAwMDAwMC4=,,W0NoaWNvIHB1bWFdCk5vIGV4aXN0ZSB0YWwgaGVjaGl6by4gVXRpbGl6YXLDqSBlbCBvYmpldG8gbGxhbWFkbyBeMDAwMDk5QWxhIGRlIG1hcmlwb3NhIHZlcmRlXjAwMDAwMC4g
zL3RAg,,UGxlYXNlIHdhcnAgdGhlcmU=,,,,,UG9yIGZhdm9yLCB0ZWxlcG9ydGUgcGFyYSBsw6Eu,,UG9yIGZhdm9yLCB0ZWxldHJhbnNww7NydGFtZSBoYXN0YSBhbGzDrS4=
zb3RAg,,Tm8sIGl0J3Mgb2s=,,,,,TsOjbywgZXN0w6EgdHVkbyBiZW0u,,Tm8sIGVzdMOhIGJpZW4u
zr3RAg,,W3t9XQpPaywgcGxlYXNlIG1vdmUgbWUgdG8gdGhlcmUu,,,,,W3t9XQpDZXJ0bywgcG9yIGZhdm9yLCBtZSBtYW5kZSBwYXJhIGzDoS4=,,W3t9XQpCdWVubywgcG9yIGZhdm9yLCB0ZWxldHJhbnNww7NydGFtZSBoYXN0YSBhbGzDrS4=
z73RAg,,XjAwMDA5OWFzIHNvb24gYXMgSGUgdG9vayBvdXQgdGhlIHNoaW55IHdpbmdzIGZyb20gdGhlIHBvY2tldCwgSSBmZWVsIGxpa2UgSSBhbSBmbHlpbmdeMDAwMDAw,,,,,XjAwMDA5OUFzc2ltIHF1ZSBlbGUgdGlyb3UgYXMgYXNhcyBicmlsaGFudGVzIGRvIGJvbHNvLCBzZW50aSBjb21vIHNlIGVzdGl2ZXNzZSB2b2FuZG9eMDAwMDAw,,XjAwMDA5OU5pIGJpZW4gc2Fjw7MgbGFzIGFsYXMgYnJpbGxhbnRlcyBkZSBzdSBib2xzaWxsbywgc2VudMOtIGNvbW8gc2kgdm9sYXJhLl4wMDAwMDA=
0L3RAg,,W3t9XQpJIGRvIG5vdCBuZWVkIHRvLg==,,,,,W3t9XQpFdSBuw6NvIHByZWNpc28u,,W3t9XQpObyBsbyBuZWNlc2l0by4=
0b3RAg,,W0NvdWdhci1ndXldCllvdSBhcmUgc3R1YmJvcm4=,,,,,W0hvbWVtLVB1bWFdClZvY8OqIMOpIHRlaW1vc28u,,W0NoaWNvIHB1bWFdClF1w6kgY2FiZXphIGR1cmEu
0r3RAg,,W0NvdWdhci1ndXldCkl0IHNlZW1zIHlvdSBhcmUgc3RpbGwgbm90IHBhcnQgb2YgdXMuIEtlZXAgdHJ5IGhhcmQuLi4=,,,,,W0hvbWVtLVB1bWFdClBhcmVjZSBxdWUgdm9jw6ogYWluZGEgbsOjbyBmYXogcGFydGUgZGUgbm9zc28gZ3J1cG8uIENvbnRpbnVlIHNlIGVzZm9yw6dhbmRvLi4u,,W0NoaWNvIHB1bWFdClBhcmVjZSBxdWUgYcO6biBubyB0ZSBub3MgdW5pc3RlLiBTaWd1ZSBlc2ZvcnrDoW5kb3Rl4oCm
073RAg,,W0NvdWdhci1ndXldCkZpbmFsbHkgeW91IGdvdCB5b3VyIGNyZWRpdCBmcm9tIHJlZCB3aWxkY2F0IEpvZS4gaGFoYQ==,,,,,W0hvbWVtLVB1bWFdCkZpbmFsbWVudGUsIHZvY8OqIHJlY2ViZXUgYSBjb25maWFuw6dhIGRvIEpvZSBMaW5jZSBWZXJtZWxobywgaGFoYSE=,,W0NoaWNvIHB1bWFdClBvciBmaW4sIGNvbnNlZ3Vpc3RlIGxhIGFwcm9iYWNpw7NuIGRlIExlb3BhcmRvIFJvam8gSm9lLCBqYSwgamEu
1L3RAg,,W3t9XQpZZXMsIEhlcmUgaXMgdGhlIGNlcnRpZmljYXRlIGZyb20gSm9lLg==,,,,,W3t9XQpTaW0sIGFxdWkgZXN0w6EgbyBjZXJ0aWZpY2FkbyBkbyBKb2Uu,,W3t9XQpTw60sIGFxdcOtIGVzdMOhIGVsIGNlcnRpZmljYWRvIGRlIEpvZS4=
1b3RAg,,XjAwMDA5OVRoZSBndXkgZ290IHRoZSBsZXR0ZXIgZnJvbSBtZSBhbmQgcHV0IGl0IG9udG8gdGhlIGJyYXppZXIgbmV4dCB0byBoaW0uIEJlZm9yZSBpdCB0b3VjaCB0aGUgZmlyZSwgaXQgYnVybmVkIGFscmVhZHkgZnJvbSBoaXMgc3BlbGwuXjAwMDAwMA==,,,,,XjAwMDA5OU8gY2FyYSBwZWdvdSBhIGNhcnRhIGUgYSBjb2xvY291IG5vIGJyYXNlaXJvIGFvIGxhZG8gZGVsZS4gQW50ZXMgZGUgdGFjYXIgZm9nbywgZWxhIGrDoSBlc3RhdmEgcXVlaW1hZGEgcG9yIGNhdXNhIGRlIHNldSBmZWl0acOnby5eMDAwMDAw,,XjAwMDA5OUVsIHRpcG8gdG9tw7MgbGEgY2FydGEgcXVlIGxlIGRpIHkgbGEgcHVzbyBlbiBlbCBicmFzZXJvIGp1bnRvIGEgw6lsLiBZYSBlc3RhYmEgZW4gbGxhbWFzIGFudGVzIGRlIHRvY2FyIGVsIGZ1ZWdvIGRlYmlkbyBhIHN1IGhlY2hpem8uXjAwMDAwMA==
1r3RAg,,W0NvdWdhci1ndXldCkl0IGRvZXNuJ3QgbWF0dGVyIHdoYXQncyB3cml0dGVuCkl0J3MgZW1wdHkgbm90ZSBhbnl3YXkuCkdvb2Qgam9iIHRoYXQgeW91IGRpZG4ndCBvcGVuIHRoZSBzZWFsIHdoaWxlIHlvdSBhcmUgYnJpbmcgaXQuIA==,,,,,W0hvbWVtLVB1bWFdCk7Do28gaW1wb3J0YSBvIHF1ZSBlc3TDoSBlc2NyaXRvLgpEZSBxdWFscXVlciBmb3JtYSwgw6kgdW1hIGNhcnRhIHZhemlhLgpBaW5kYSBiZW0gcXVlIHZvY8OqIG7Do28gYWJyaXUgbyBsYWNyZSBlbnF1YW50byBvIHRyYXppYS4=,,W0NoaWNvIHB1bWFdCk5vIGltcG9ydGEgbG8gcXVlIGRpY2UuCkRlIHRvZGFzIGZvcm1hcywgZXJhIHVuYSBub3RhIHZhY8OtYS4KQnVlbiB0cmFiYWpvIGFsIG5vIGFicmlyIGVsIHNvYnJlIG1pZW50cmFzIGxvIHRyYcOtYXMuIA==
173RAg,,XjAwMDA5OUhlIGxvb2tlZCBoZSBpcyBzYXRpc3RmaWVkXjAwMDAwMA==,,,,,XjAwMDA5OUVsZSBwYXJlY2lhIGVzdGFyIHNhdGlzZmVpdG8uXjAwMDAwMA==,,XjAwMDA5OVBhcmVjZSBzYXRpc2ZlY2hvLl4wMDAwMDA=
2L3RAg,,W0NvdWdhci1ndXldCldlbGwgdGhlbiBJIHdpbGwgdGVzdCBob3cgeW91IGFyZSBzdHJvbmcgZW5vdWdoIGF0IGxhc3QuIE5vdGUgd2hhdCBJIGFzayB5b3UgdG8gcHJlcGFyZS4=,,,,,W0hvbWVtLVB1bWFdCkJlbSwgZW50w6NvIHZvdSB0ZXN0YXIgc2Ugdm9jw6ogw6kgZm9ydGUgbyBzdWZpY2llbnRlLCBmaW5hbG1lbnRlLiBPYnNlcnZlIG8gcXVlIGV1IGxoZSBwZcOnbyBwYXJhIHByZXBhcmFyLg==,,W0NoaWNvIHB1bWFdCkJ1ZW5vLCBwb3IgZmluIHBvbmRyw6kgYSBwcnVlYmEgcXXDqSB0YW4gZnVlcnRlIGVyZXMuIEFub3RhIGxhcyBjb3NhcyBxdWUgZGViZXMgcHJlcGFyYXIu
2b3RAg,,W0NvdWdhcl0KV2hvYSwgd2hvYS4uLgpZb3Ugc3RpbGwgaGF2ZSBzb21lCmxlZnRvdmVyIFNraWxsIFBvaW50cy4KWW91J2QgYmV0dGVyIHNwZW5kIGFsbApvZiB0aGVtIGJlZm9yZSB5b3UKY2hhbmdlIGpvYnMsIHJpZ2h0Pw==,,,,,W1B1bWFdCkNhbG1hLCBjYWxtYS4uLgpWb2PDqiBhaW5kYSB0ZW0gYWxndW5zClBvbnRvcyBkZSBIYWJpbGlkYWRlIHJlc3RhbnRlcy4Kw4kgbWVsaG9yIGdhc3RhciB0b2RvcwplbGVzIGFudGVzIGRlCm11ZGFyIGRlIENsYXNzZSwgY2VydG8/,,W0NoaWNvIHB1bWFdCkV5LCBleeKApgpUb2RhdsOtYSB0aWVuZXMKcHVudG9zIGRlIGhhYmlsaWRhZC4KRGViZXLDrWFzIHVzYXJsb3MgdG9kb3MKYW50ZXMgZGUgY2FtYmlhcgpkZSBjbGFzZSwgwr92ZXJkYWQ/
2r3RAg,,W0NvdWdhci1ndXldCkRpZCB5b3UgYnJpbmcgdGhlIHJpZ2h0IG9uZXMgd2l0aG91dCBnaXZpbmcgdXA/,,,,,W0hvbWVtLVB1bWFdClZvY8OqIHRyb3V4ZSBhcyBjZXJ0YXMgc2VtIGRlc2lzdGlyPw==,,W0NoaWNvIHB1bWFdCsK/VHJhamlzdGUgbGFzIGNvcnJlY3RhcyBzaW4gcmVuZGlydGU/
273RAg,,W0NvdWdhci1ndXldCkl0J3MgYmVlbiBhIHdoaWxlIHRvIG1lZXQgYSBuaWNlIG5vdmljZSBsaWtlIHlvdS4uLg==,,,,,W0hvbWVtLVB1bWFdCkrDoSBmYXogYWxndW0gdGVtcG8gcXVlIG7Do28gZW5jb250cm8gdW0gQXByZW5kaXogc2ltcMOhdGljbyBjb21vIHZvY8OqLi4u,,W0NoaWNvIHB1bWFdCkhhY8OtYSB0aWVtcG8gcXVlIG5vIGNvbm9jw61hIFByaW5jaXBpYW50ZXMgY29tbyB0w7rigKY=
3L3RAg,,XjAwMDA5OSBIZSBsb29rZWQgdGhlIHN0b25lcyBmb3IgbG9uZyB0aW1lIGFuZCBzdGFydCB0YWxraW5nIHdpdGggZ3Jvb215IHZvaWNlIF4wMDAwMDA=,,,,,XjAwMDA5OUVsZSBvbGhvdSBwYXJhIGFzIHBlZHJhcyBwb3IgdW0gbG9uZ28gdGVtcG8gZSBjb21lw6dvdSBhIGZhbGFyIGNvbSB1bWEgdm96IHJvdWNhIF4wMDAwMDA=,,XjAwMDA5OU1pcsOzIGxhcyBwaWVkcmFzIGR1cmFudGUgdW4gcmF0byBsYXJnbyB5IGRlc3B1w6lzIGVtcGV6w7MgYSBoYWJsYXIgY29uIHZveiBsw7pndWJyZS5eMDAwMDAw
3b3RAg,,W0NvdWdhci1ndXldCk5vdyB5b3Ugd2lsbCBiZSBvbmUgb2YgdXMuIFNvbWV0aW1lcyB5b3Ugd2FudCB0byBsZWF2ZSB0aGlzIEthcm1hLi4u,,,,,W0hvbWVtLVB1bWFdCkFnb3JhIHZvY8OqIHNlIHRvcm5hcsOhIHVtIGRlIG7Ds3MuIMOAcyB2ZXplcywgZGVzZWphbW9zIGVzY2FwYXIgZGVzdGUgS2FybWEuLi4=,,W0NoaWNvIHB1bWFdCkFob3JhIHNlcsOhcyBwYXJ0ZSBkZSBudWVzdHJhIGNsYXNlLiBBIHZlY2VzLCBxdWllcmVzIGRlamFyIGF0csOhcyBlc3RlIGthcm1h4oCm
3r3RAg,,W0NvdWdhci1ndXldCllvdSB3aWxsIG5ldmVyIGdldCBhdHRlbnRpb24sIGFuZCBpdCB3aWxsIGJlIG5vdCBmYW5jeS4uLgpBcmUgeW91IG5vdCBnb2luZyB0byByZWdyZXQgdGhvdWdoPw==,,,,,W0hvbWVtLVB1bWFdClZvY8OqIG51bmNhIHJlY2ViZXLDoSBhdGVuw6fDo28sIGUgbsOjbyBzZXLDoSBuYWRhIGVsZWdhbnRlLi4uCk1hcyB2b2PDqiBuw6NvIHZhaSBzZSBhcnJlcGVuZGVyPw==,,W0NoaWNvIHB1bWFdCk51bmNhIHRlIHByZXN0YXLDoW4gYXRlbmNpw7NuIHkgbm8gc2Vyw6EgbmFkYSBhZ3JhZGFibGXigKYKwr9ObyB0ZSBhcnJlcGVudGlyw6FzPw==
373RAg,,SSBkbyBub3Qga25vdyB0byByZWdyZXQu,,,,,TsOjbyBjb25oZcOnbyBhcnJlcGVuZGltZW50by4=,,Tm8gc8OpIGFycmVwZW50aXJtZS4=
4L3RAg,,W0NvdWdhci1ndXldCkkgYW0gbm90IGdvaW5nIHRvIGFzayB5b3UgYWdhaW4uIFRoYXQgcHJvbWlzZS4uIENhbiB5b3Uga2VlcCB0aWxsIHRoZSBlbmQ/,,,,,W0hvbWVtLVB1bWFdCk7Do28gdm91IGxoZSBwZXJndW50YXIgZGUgbm92by4gRXNzYSBwcm9tZXNzYS4uLiBWb2PDqiBwb2RlIGN1bXByaXIgYXTDqSBvIGZpbT8=,,W0NoaWNvIHB1bWFdCk5vIHRlIGxvIHZvbHZlcsOpIGEgcHJlZ3VudGFyLiBFc2EgcHJvbWVzYeKApiDCv3B1ZWRlcyBjdW1wbGlybGEgaGFzdGEgZWwgZmluYWw/
4b3RAg,,SXQgd29uJ3QgYmUgY2hhbmdlZC4=,,,,,TsOjbyBtdWRhcmVpIG5hZGEu,,Tm8gY2FtYmlhcsOpIGRlIG9waW5pw7NuLg==
4r3RAg,,W0NvdWdhci1ndXldClRoZW4sIHBsZWFzZSBnZXQgb2ZmIGZyb20gdGhlIG1vdW50IHlvdSBhcmUgcmlkaW5nLgpJdCBkb2VzIG5vdCBiZWxvbmcgdG8gdGhpcyBwbGFjZS4=,,,,,W0hvbWVtLVB1bWFdCkVudMOjbywgcG9yIGZhdm9yLCBkZXPDp2EgZGEgbW9udGFyaWEgcXVlIGVzdMOhIG1vbnRhbmRvLgpFbGEgbsOjbyBwZXJ0ZW5jZSBhIGVzdGUgbHVnYXIu,,W0NoaWNvIHB1bWFdCkVudG9uY2VzLCBiw6FqYXRlIGRlIHR1IG1vbnR1cmEuCk5vIHBlcnRlbmVjZSBhIGVzdGUgbHVnYXIu
473RAg,,XjAwMDA5OSBIZSBwdWxsIG91dCBhbiBvbGQgc3dvcmQgZnJvbSBoaXMgd2Fpc3ReMDAwMDAw,,,,,XjAwMDA5OUVsZSB0aXJvdSB1bWEgZXNwYWRhIHZlbGhhIGRlIHN1YSBjaW50dXJhXjAwMDAwMA==,,XjAwMDA5OURlc2VudmFpbsOzIHVuYSB2aWVqYSBlc3BhZGEgcXVlIHRlbsOtYSBlbiBsYSBjaW50dXJhLl4wMDAwMDA=
5L3RAg,,W0NvdWdhci1ndXldClRha2UgdGhpcyBzd29yZC4KVGhpcyBpcyB0aGUgc3ltYm9sIG9mIGFuY2llbnQgTmluamEgd2hvIGxldCBtZSBpbnRvIHRoaXMgd29ybGQu,,,,,W0hvbWVtLVB1bWFdClBlZ3VlIGVzdGEgZXNwYWRhLgpFbGEgw6kgbyBzw61tYm9sbyBkbyBhbnRpZ28gTmluamEgcXVlIG1lIGRlaXhvdSBlbnRyYXIgbmVzdGUgbXVuZG8u,,W0NoaWNvIHB1bWFdClRvbWEgZXN0YSBlc3BhZGEuCkVzdGUgZXMgZWwgc8OtbWJvbG8gZGVsIGFudGlndW8gTmluamEgcXVlIG1lIGRlasOzIGVudHJhciBhIGVzdGUgbXVuZG8u
5b3RAg,,XjAwMDBGRllvdSBoYXZlIHNraWxsIHBvaW50IGxlZnQuLiBQbGVhc2UgdXNlIGFsbCB5b3VyIHNraWxsIHBvaW50cyBhbmQgc3RhcnQgYWdpYW5eMDAwMDAw,,,,,XjAwMDBGRlZvY8OqIHRlbSBwb250b3MgZGUgaGFiaWxpZGFkZSByZXN0YW50ZXMuIFVzZSB0b2RvcyBvcyBzZXVzIHBvbnRvcyBkZSBoYWJpbGlkYWRlIGUgY29tZWNlIG5vdmFtZW50ZV4wMDAwMDA=,,XjAwMDBGRlRlIHF1ZWRhIHVuIHB1bnRvIGRlIGhhYmlsaWRhZC4gVXRpbGl6YSB0b2RvcyB0dXMgcHVudG9zIGRlIGhhYmlsaWRhZCB5IGNvbWllbnphIGRlIG51ZXZvLl4wMDAwMDA=
5r3RAg,,W0NvdWdhci1ndXldCl4wMDAwOTl7fV4wMDAwMDAuCk5vdywgSSBzaGFsbCB5b3UgYWRtaXQgdGhhdCB5b3VyIGFyZSBvbmUgb2YgdXMu,,,,,W0hvbWVtLVB1bWFdCl4wMDAwOTl7fV4wMDAwMDAKQWdvcmEsIGRldm8gYWRtaXRpciBxdWUgdm9jw6ogw6kgdW0gZGUgbsOzcy4=,,W0NoaWNvIHB1bWFdCl4wMDAwOTl7fV4wMDAwMDAuCkFob3JhIGFkbWl0byBxdWUgZXJlcyBwYXJ0ZSBkZSBudWVzdHJhIGNsYXNlLg==
573RAg,,W0NvdWdhci1HdXldCkFsc28sIHNvbWV0aGluZyBjYW1lIGZvciB5b3UgZnJvbSBeNEQ0REZGUGFyYWRpc2Ugb2YgSXpsdWRlXjAwMDAwMC4KU29tZXRoaW5nIGFib3V0IGEgXjRENERGRnJlcXVlc3ReMDAwMDAwPw==,,,,,W0hvbWVtLVB1bWFdCkFsw6ltIGRpc3NvLCBjaGVnb3UgYWxnbyBwYXJhIHZvY8OqIGRvIF40RDRERkZQYXJhw61zbyBkZSBJemx1ZGVeMDAwMDAwLgpBbGdvIHNvYnJlIHVtIF40RDRERkZwZWRpZG9eMDAwMDAwPw==,,W0NoaWNvIHB1bWFdClBvciBjaWVydG8sIHRlIGxsZWfDsyBhbGdvIGRlIF40RDRERkZQYXJhw61zbyBkZSBJemx1ZGVeMDAwMDAwLgpBbGdvIHNvYnJlIHVuYSBeNEQ0REZGc29saWNpdHVkXjAwMDAwMCwgwr9wdWVkZSBzZXI/
6L3RAg,,W0NvdWdhci1HdXldCklmIHdlIHRoaW5rIGFib3V0IHRoZSBwbGFuIGFoZWFkLCB5b3UgbXVzdCBwYXJ0aWNpcGF0ZS4KR28gYW5kIG1lZXQgXjRENERGRlNwbGFraSBvZiBDcmlhdHVyYSBBY2FkZW15IGluIEl6bHVkZV4wMDAwMDAu,,,,,W0hvbWVtLVB1bWFdClNlIHBlbnNhcm1vcyBubyBwbGFubyBmdXR1cm8sIHZvY8OqIGRldmUgcGFydGljaXBhci4KVsOhIHNlIGVuY29udHJhciBjb20gXjRENERGRlNwbGFraSBkYSBBY2FkZW1pYSBkbyBBcHJlbmRpeiBlbSBJemx1ZGVeMDAwMDAwLg==,,W0NoaWNvIHB1bWFdClNpIHBlbnNhbW9zIGVuIGVsIHBsYW4gYSBmdXR1cm8sIGRlYmVzIHBhcnRpY2lwYXIuClZlIGEgdmVyIGEgXjRENERGRlNwcmFra2kgZGUgbGEgQWNhZGVtaWEgZGUgY3JpYXR1cmFzIGRlIEl6bHVkZV4wMDAwMDAu
6b3RAg,,XjAwMDA5OVRoZXJlIGlzIGEgZ3V5IGxvb2tpbmcgYXQgbWUgc2hhcnBseS4gSSB3YW50ZWQgdG8gdGFsayB0byBoaW0gYnV0IGl0IGZlZWxzIGxpa2UgbXkgaGVhcnQgZnJvemVuIGZyb20gaGlzIGV5ZXMuXjAwMDAwMA==,,,,,XjAwMDA5OUjDoSB1bSBob21lbSBvbGhhbmRvIHBhcmEgbWltIGNvbSBhdGVuw6fDo28uIEV1IHF1ZXJpYSBmYWxhciBjb20gZWxlLCBtYXMgcGFyZWNlIHF1ZSBtZXUgY29yYcOnw6NvIGVzdMOhIGNvbmdlbGFkbyBlbSBzZXVzIG9saG9zLl4wMDAwMDA=,,XjAwMDA5OUhheSB1biB0aXBvIHF1ZSBtZSBtaXJhIGNvbiBpbnRlbnNpZGFkLiBRdWVyw61hIGhhYmxhciBjb24gw6lsLCBwZXJvIGVzIGNvbW8gc2kgc3UgbWlyYWRhIGh1Ymllc2UgY29uZ2VsYWRvIG1pIGNvcmF6w7NuLl4wMDAwMDA=
6r3RAg,,W0NvdWdhci1ndXldCkhhaGEuLi4gCllvdSBsb29rIGdvb2Qgb24gdGhhdCBjb3N0dW1lLg==,,,,,W0hvbWVtLVB1bWFdCkhhaGEuLi4gClZvY8OqIGZpY2EgYmVtIGNvbSBlc3NhIGZhbnRhc2lhLg==,,W0NoaWNvIHB1bWFdCkphLCBqYeKApiAKRXNlIGF0dWVuZG8gdGUgcXVlZGEgYmllbi4=
673RAg,,W3t9XQogSGEhISA=,,,,,W3t9XQpIYSEhIQ==,,W3t9XQogwqFKYSEg
7L3RAg,,XjAwMDA4OFN1ZGRlbiBhdHRhY2suLi4=,,,,,XjAwMDA4OEF0YXF1ZSByZXBlbnRpbm8uLi4=,,XjAwMDA4OEF0YXF1ZSByZXBlbnRpbm/igKY=
7b3RAg,,SSBjYW4gZmVlbCB0aGUgU3Ryb25nIGFuZCBjb2xkIGhhbmQgZ3Jhc3AgbXkgbmVjay4gTXkgZmVldCBpcyBhbHJlYWR5IHdhdmluZyBvdmVyIGluIHRoZSBhaXIuXjAwMDAwMA==,,,,,UG9zc28gc2VudGlyIGEgbcOjbyBmb3J0ZSBlIGZyaWEgYWdhcnJhciBtZXUgcGVzY2/Dp28uIE1ldXMgcMOpcyBqw6EgZXN0w6NvIGJhbGFuw6dhbmRvIG5vIGFyLl4wMDAwMDA=,,U2llbnRvIGPDs21vIGxhIG1hbm8gZnVlcnRlIHkgZnLDrWEgbWUgYWdhcnJhIGVsIGN1ZWxsby4gTWlzIHBpZXMgeWEgc2UgYWdpdGFuIGVuIGVsIGFpcmUuXjAwMDAwMA==
7r3RAg,,W3t9XQogQWguLiBXLi4uIFdoYXQuLi4=,,,,,W3t9XQpBaC4uLiBPLi4uIE8gcXVlLi4u,,W3t9XQogQWjigKYgwr9R4oCmPyDCv1F1w6nigKY/
773RAg,,W015c3RlcmlvdXMgaGFuZF0KLi4u,,,,,W03Do28gTWlzdGVyaW9zYV0KLi4u,,W01hbm8gbWlzdGVyaW9zYV0K4oCm
8L3RAg,,XjAwMDA4OEkgaGFyZGx5IG9wZW4gbXkgZXllcyBhbmQgdGhlcmUgd2FzIDIgc2NhcnkgZXllcyBsb29raW5nIGF0IG1lLiBJIGFtIHNob3V0aW5nIGFzIG11Y2ggYXMgSSBjYW4uXjAwMDAwMA==,,,,,XjAwMDA4OE1hbCBhYnJpIG1ldXMgb2xob3MgZSBoYXZpYSBkb2lzIG9saG9zIGFzc3VzdGFkb3JlcyBvbGhhbmRvIHBhcmEgbWltLiBFc3RvdSBncml0YW5kbyBvIG1haXMgYWx0byBxdWUgcG9zc28uXjAwMDAwMA==,,XjAwMDA4OEFwZW5hcyBsb2dybyB2ZXIgYWxnbywgaGF5wqBkb3Mgb2pvcyBhdGVycmFkb3JlcyBtaXLDoW5kb21lLiBHcml0byBjb24gdG9kYXMgbWlzIGZ1ZXJ6YXMuXjAwMDAwMA==
8b3RAg,,W3t9XQogLi4uSC4uLmUuLi5scC4uLm1lLi4uLiA=,,,,,W3t9XQpTby4uLi4gY29yLi4uLiByby4uLi4=,,W3t9XQogQeKApnl14oCmZGHigKYg
8r3RAg,,XjAwMDA4OFRoYXQgZXllcyBsb29raW5nIGF0IHlvdSBzZWVtcyBsb3NlIGhpcyBhbmdlci4gVGhlIGhhbmQgbGV0IGdvIG9mIG15IG5lY2sgYW5kIEkgYmFyZWx5IGJyZWF0aGVeMDAwMDAw,,,,,XjAwMDA4OEFxdWVsZXMgb2xob3Mgb2xoYW5kbyBtZSBlbmNhcmFuZG8gcGFyZWNlbSBwZXJkZXIgYSByYWl2YS4gQSBtw6NvIHNvbHRhIG1ldSBwZXNjb8OnbyBlIGV1IG1hbCBjb25zaWdvIHJlc3BpcmFyXjAwMDAwMA==,,XjAwMDA4OEVzb3Mgb2pvcyBxdWUgbWUgbWlyYW4gcGFyZWNlbiBkZWphciBzdSBpcmEgZGUgbGFkby4gTGEgbWFubyBtZSBzdWVsdGEgZWwgY3VlbGxvIHkgbG9ncm8gcmVzcGlyYXIgY29uIGRpZmljdWx0YWQuXjAwMDAwMA==
873RAg,,U3VzcGljaW91cyBNYW4=,,,,,SG9tZW0gU3VzcGVpdG8=,,SG9tYnJlIHNvc3BlY2hvc28=
9L3RAg,,W1JlZCBXaWxkY2F0IEpvZV0KSXNuJ3QuLi4gdGhpcyBwbGFjZSBiZWF1dGlmdWw/,,,,,W0pvZSBMaW5jZSBWZXJtZWxob10KRXN0ZSBsdWdhciBuw6NvIMOpIGxpbmRvPw==,,W0xlb3BhcmRvIFJvam8gSm9lXQrCv05vIHRlIHBhcmVjZeKApiBoZXJtb3NvIGVzdGUgbHVnYXI/
9b3RAg,,W3t9XQpJdCBzZWVtcyBsaWtlIHRoYXQu,,,,,W3t9XQrDiSBvIHF1ZSBwYXJlY2Uu,,W3t9XQpFc28gcGFyZWNlLg==
9r3RAg,,XjAwMDA5OVRoZSBtYW4gd2l0aCBzY2FyIGluIGhpcyBmYWNlIHdhcyBsb29raW5nIGF0IG1lIHdpdGggaGlzIGNvbGQgZXllcy4KSSB3YXMgb3ZlcndoZWxtZWQgd2l0aCBoaXMgZXllcywgc28gSSBqdXN0IGJhcmVseSBzdGFuZGluZy5eMDAwMDAw,,,,,XjAwMDA5OU8gaG9tZW0gY29tIHVtYSBjaWNhdHJpeiBubyByb3N0byBlc3RhdmEgb2xoYW5kbyBwYXJhIG1pbSBjb20gc2V1cyBvbGhvcyBmcmlvcy4KRmlxdWVpIGltcHJlc3Npb25hZG8gY29tIHNldXMgb2xob3MsIGVudMOjbyBtYWwgY29uc2VndWkgbWUgbGV2YW50YXIuXjAwMDAwMA==,,XjAwMDA5OUVsIGhvbWJyZSBkZSBsYSBjaWNhdHJpeiBlbiBlbCByb3N0cm8gbWUgbWlyYWJhIGNvbiBmcmlhbGRhZC4KTWUgYWJydW1hYmEgY29uIHN1IG1pcmFkYSwgYXPDrSBxdWUgYXBlbmFzIHBvZMOtYSBlc3RhciBkZSBwaWUuXjAwMDAwMA==
973RAg,,W1JlZCBXaWxkY2F0IEpvZV0KSSBkb24ndCB0aGluayB5b3UgY29tZSBoZXJlIG5vIHJlYXNvbnMuIFdoYXQgbWFkZSB5b3UgdG8gY29tZSA/,,,,,W0pvZSBMaW5jZSBWZXJtZWxob10KTsOjbyBhY2hvIHF1ZSB2b2PDqiB2ZWlvIGFxdWkgc2VtIG1vdGl2b3MuIE8gcXVlIG8gZmV6IHZpcj8=,,W0xlb3BhcmRvIFJvam8gSm9lXQpObyBjcmVvIHF1ZSBoYXlhcyB2ZW5pZG8gYXF1w60gc2luIG1vdGl2b3MuIMK/UG9yIHF1w6kgdmluaXN0ZT8=
+L3RAg,,W3t9XQpDb3VnYXItZ3V5IHNlbnQgbWUuCkhlIHNhaWQgSSBjb3VsZCBiZSBhIG5pbmphIGlmIEkgZ28gdG8gc2VlIHlvdS4=,,,,,W3t9XQpPIEhvbWVtLVB1bWEgbWUgZW52aW91LgpFbGUgZGlzc2UgcXVlIGV1IHBvZGVyaWEgc2VyIHVtIE5pbmphIHNlIHZpZXNzZSB2ZXIgdm9jw6ou,,W3t9XQpNZSBlbnZpw7MgQ2hpY28gcHVtYS4KRGlqbyBxdWUsIHBhcmEgc2VyIE5pbmphLCBkZWLDrWEgdmVuaXIgYSB2ZXJ0ZS4=
+b3RAg,,XjAwMDA5OUhlIHdpbmNlIGF0IAp3aGF0IEkgc2FpZCBDb3VnYXItZ3V5XjAwMDAwMA==,,,,,XjAwMDA5OUVsZSBlc3RyZW1lY2V1IGNvbSAKbyBxdWUgZXUgZGlzc2UgSG9tZW0tUHVtYV4wMDAwMDA=,,XjAwMDA5OVNlIGVzdHJlbWVjZSBhbnRlIApsbyBxdWUgZGlqZSBzb2JyZSBDaGljbyBwdW1hLl4wMDAwMDA=
+r3RAg,,W1JlZCBXaWxkY2F0IEpvZV0KVGhhdCBpcyB3aHkgbXkgbWVzc2VuZ2VyIHdhcyBzbyBsb3VkIGZvciB0aGUgbW9ybmluZyB2aXN0b3I=,,,,,W0pvZSBMaW5jZSBWZXJtZWxob10Kw4kgcG9yIGlzc28gcXVlIG1ldSBtZW5zYWdlaXJvIGVzdGF2YSB0w6NvIGFsdG8gcGFyYSBvIHZpc2l0YW50ZSBtYXR1dGluby4=,,W0xlb3BhcmRvIFJvam8gSm9lXQpQb3IgZXNvLCBtaSBtZW5zYWplcm8gZXN0YWJhIHRhbiBydWlkb3NvIGFudGUgbGEgdmlzaXRhIG1hdHV0aW5hLg==
+73RAg,,XjAwMDA5OUkgbG9va2VkIGF0IHdoZXJlIGhlIGxvb2tlZCwgYW5kIHRoZXJlIHdhcyBhIGhhd2sgY2lyY2xpbmcgaW4gdGhlIHNreS5eMDAwMDAw,,,,,XjAwMDA5OU9saGVpIHBhcmEgb25kZSBlbGUgZXN0YXZhIG9saGFuZG8sIGUgaGF2aWEgdW0gZmFsY8OjbyBjaXJjdWxhbmRvIG5vIGPDqXUuXjAwMDAwMA==,,XjAwMDA5OU1pcsOpIGhhY2lhIGRvbmRlIMOpbCBtaXJhYmEgeSB2aSB1biBoYWxjw7NuIHF1ZSBkYWJhIHZ1ZWx0YXMgZW4gZWwgY2llbG8uXjAwMDAwMA==
/L3RAg,,W1JlZCBXaWxkY2F0IEpvZV0KU2luY2UgeW91IG1hZGUgeW91ciBjaG9pY2UgdG8gam9pbiB1cywgU2hvdWxkIEkgc3RhcnQgYSBzaW1wbGUgdGVzdD8gQXJlIHlvdSByZWFkeSBmb3IgdGhhdD8=,,,,,W0pvZSBMaW5jZSBWZXJtZWxob10KSsOhIHF1ZSB2b2PDqiBkZWNpZGl1IHNlIGp1bnRhciBhIG7Ds3MsIHZvdSBjb21lw6dhciB1bSB0ZXN0ZSBzaW1wbGVzLiBWb2PDqiBlc3TDoSBwcm9udG8gcGFyYSBpc3NvPw==,,W0xlb3BhcmRvIFJvam8gSm9lXQpZYSBxdWUgZGVjaWRpc3RlIHVuaXJ0ZSBhIG5vc290cm9zLCDCv2RlYmVyw61hIGVtcGV6YXIgdW5hIHNpbXBsZSBwcnVlYmE/IMK/Q3JlZXMgcG9kZXIgaGFjZXJsYSBhaG9yYT8=
/b3RAg,,WWVzLCBJIGFtIHJlYWR5Lg==,,,,,U2ltLCBlc3RvdSBwcm9udG8u,,U8OtLCBwdWVkbyBoYWNlcmxhLg==
/r3RAg,,W1JlZCBXaWxkY2F0IEpvZV0KR29vZApPbmNlIHlvdSBsZWF2ZSBvdXQgdGhyb3VnaCB0aGUgU291dGggZ2F0ZSBvZiBoZXJlIEVpbmJyb2NoLCB0aGVyZSBpcyBhIHZhc3Qgd2lsZGVybmVzcy4gT25jZSB5b3UgZ2V0IHRoZXJlLCBnbyB0byBTb3V0aCBicmlkZ2UsIHRoZW4geW91IHdpbGwgc2VlIHJlZCB0cmVl,,,,,W0pvZSBMaW5jZSBWZXJtZWxob10KQm9tIQpRdWFuZG8gdm9jw6ogc2FpIHBlbG8gcG9ydMOjbyBzdWwgZGUgRWluYnJvY2gsIGjDoSB1bWEgdmFzdGEgw6FyZWEgc2VsdmFnZW0uIEFvIGNoZWdhciBsw6EsIHbDoSBwYXJhIGEgcG9udGUgc3VsIGUgdm9jw6ogdmVyw6EgdW1hIMOhcnZvcmUgdmVybWVsaGEu,,W0xlb3BhcmRvIFJvam8gSm9lXQpCaWVuLgpOaSBiaWVuIHNhbGVzIHBvciBsYSBlbnRyYWRhIHN1ciBkZSBFaW5icm9jaCwgaGF5IHVuYSB2YXN0YSB0aWVycmEgc2FsdmFqZS4gVW5hIHZleiBhbGzDrSwgZGlyw61nZXRlIGFsIHB1ZW50ZSBzdXIgeSB2ZXLDoXMgdW4gw6FyYm9sIHJvam8u
/73RAg,,V2hpY2ggd2F5IGlzIHRoZSB0cmVlPw==,,,,,UGFyYSBxdWUgbGFkbyBmaWNhIGEgw6Fydm9yZT8=,,wr9IYWNpYSBkw7NuZGUgZXN0w6EgZWwgw6FyYm9sPw==
AL7RAg,,W1JlZCBXaWxkY2F0IEpvZV0KR2l2aW5nIHlvdSBhIGV4YWN0IGxvY2F0aW9uLCBhZnRlciB5b3UgY3Jvc3MgdGhlIHNvdXRoIGJyaWRnZSwgdGhlIHRyZWUgd2lsbCBiZSBpbiB3ZXN0IHNpZGUu,,,,,W0pvZSBMaW5jZSBWZXJtZWxob10KRGFuZG8gdW1hIGxvY2FsaXphw6fDo28gZXhhdGE6IGRlcG9pcyBkZSBhdHJhdmVzc2FyIGEgcG9udGUgc3VsLCBhIMOhcnZvcmUgZXN0YXLDoSBubyBsYWRvIG9lc3RlLg==,,W0xlb3BhcmRvIFJvam8gSm9lXQpQYXJhIGRhcnRlIHVuYSB1YmljYWNpw7NuIGV4YWN0YSwgZGVzcHXDqXMgZGUgY3J1emFyIGVsIHB1ZW50ZSBzdXIsIGVsIMOhcmJvbCBlc3RhcsOhIGVuIGVsIGxhZG8gb2VzdGUu
Ab7RAg,,V2hhdCBzaG91bGQgSSBkbyB3aXRoIHRoZSB0cmVlPw==,,,,,TyBxdWUgZGV2byBmYXplciBjb20gYSDDoXJ2b3JlPw==,,wr9RdcOpIGhhZ28gY29uIGVsIMOhcmJvbD8=
Ar7RAg,,W1JlZCBXaWxkY2F0IEpvZV0KSW4gdGhlIHRyZWUsIHRoZXJlIGlzIG91ciBTZWFsIGJ1cnJpZWQuIE9mIGNvdXJzZSB3ZSBhcmUgdXNpbmcgbmV3IHNlYWwgYXQgdGhlIG1vbWVudCwgc28gdGhhdCBvbmUgaXMgb2xkIG9uZS4=,,,,,W0pvZSBMaW5jZSBWZXJtZWxob10KTmEgw6Fydm9yZSwgaMOhIG5vc3NvIHNlbG8gZW50ZXJyYWRvLiDDiSBjbGFybyBxdWUgZXN0YW1vcyB1c2FuZG8gdW0gc2VsbyBub3ZvIG5vIG1vbWVudG8sIGVudMOjbyBlc3NlIMOpIG8gYW50aWdvLg==,,W0xlb3BhcmRvIFJvam8gSm9lXQpOdWVzdHJvIHNlbGxvIGVzdMOhIGVudGVycmFkbyBlbiBlbCDDoXJib2wuIENsYXJvIHF1ZSwgZW4gZXN0ZSBtb21lbnRvLCBlc3RhbW9zIHVzYW5kbyB1biBzZWxsbyBudWV2bywgYXPDrSBxdWUgZXNlIGVzIGVsIGFudGlndW8u
A77RAg,,W1JlZCBXaWxkY2F0IEpvZV0KRmluZCB0aGF0IFNlYWwgYW5kIGNvbWUgYmFjayB0byBtZS4gVGhpcyBpcyB0byB0ZXN0IHNlbnNlIG9mIGJhc2ljIGRpcmVjdGlvbiBhcyBhIG5pbmphIGFuZCBoaWRlIHNraWxsLg==,,,,,W0pvZSBMaW5jZSBWZXJtZWxob10KRW5jb250cmUgbyBzZWxvIGUgdm9sdGUgcGFyYSBtaW0uIElzc28gw6kgcGFyYSB0ZXN0YXIgbyBzZW5zbyBkZSBkaXJlw6fDo28gYsOhc2ljbyBkZSB1bSBOaW5qYSBlIGEgaGFiaWxpZGFkZSBkZSBzZSBlc2NvbmRlci4=,,W0xlb3BhcmRvIFJvam8gSm9lXQpFbmN1ZW50cmEgZXNlIHNlbGxvIHkgdnVlbHZlIGFxdcOtLiBFc3RvIGVzIHBhcmEgcHJvYmFyIHR1IHNlbnRpZG8gZGUgb3JpZW50YWNpw7NuIGLDoXNpY28gY29tbyBOaW5qYSB5IHR1IGhhYmlsaWRhZCBwYXJhIG9jdWx0YXJ0ZS4=
BL7RAg,,W1JlZCBXaWxkY2F0IEpvZV0KQWZ0ZXIgb3V0IG9mIFNvdXRoIGdhdGUgaW4gRWluYnJvY2gsICBjcm9zcyB0aGUgc291dGggYnJpZGdlIGFuZCBmaW5kIHJlZCB0cmVlIG9uIHRoZSB3ZXN0LCB0aGVyZSBpcyB0aGUgU2VhbCBidXJyaWVkLg==,,,,,W0pvZSBMaW5jZSBWZXJtZWxob10KRGVwb2lzIGRlIHNhaXIgZG8gcG9ydMOjbyBzdWwgZW0gRWluYnJvY2gsIGF0cmF2ZXNzZSBhIHBvbnRlIHN1bCBlIGVuY29udHJlIGEgw6Fydm9yZSB2ZXJtZWxoYSBhIG9lc3RlLCBvbmRlIGVzdMOhIGVudGVycmFkbyBvIHNlbG8u,,W0xlb3BhcmRvIFJvam8gSm9lXQpEZXNwdcOpcyBkZSBzYWxpciBwb3IgbGEgZW50cmFkYSBzdXIgZGUgRWluYnJvY2gsIGNydXphIGVsIHB1ZW50ZSBzdXIgeSBlbmN1ZW50cmEgZWwgw6FyYm9sIHJvam8gYWwgb2VzdGUuIEVsIHNlbGxvIGVzdMOhIGVudGVycmFkbyBhbGzDrS4=
Bb7RAg,,W1JlZCBXaWxkY2F0IEpvZV0KWW91IHNob3VsZCBodXJyeSBiZWZvcmUgc29tZW9uZSBnZXRzIGl0Lg==,,,,,W0pvZSBMaW5jZSBWZXJtZWxob10KVm9jw6ogZGV2ZSBzZSBhcHJlc3NhciBhbnRlcyBxdWUgYWxndcOpbSBvIHBlZ3VlLg==,,W0xlb3BhcmRvIFJvam8gSm9lXQpEZWJlcsOtYXMgZGFydGUgcHJpc2EgYW50ZXMgZGUgcXVlIGFsZ3VpZW4gbcOhcyBsbyBhZ2FycmUu
Br7RAg,,W1JlZCBXaWxkY2F0IEpvZV0KSXQncyB2ZXJ5IHF1aWNrbHkuIA==,,,,,W0pvZSBMaW5jZSBWZXJtZWxob10KTXVpdG8gcsOhcGlkby4=,,W0xlb3BhcmRvIFJvam8gSm9lXQpRdcOpIHZlbG96LiA=
B77RAg,,SGVyZSBpcyB0aGUgc2VhbA==,,,,,QXF1aSBlc3TDoSBvIHNlbG8u,,QXF1w60gZXN0w6EgZWwgc2VsbG8u
CL7RAg,,XjAwMDA5OUpvZSBjaGVrZWQgdGhlIHNlYWwgaW4gZGV0YWlsIGFuZCBnYXZlIGEgdGhpbiBzbWlsZV4wMDAwMDA=,,,,,XjAwMDA5OUpvZSB2ZXJpZmljb3UgbyBzZWxvIGRldGFsaGFkYW1lbnRlIGUgZGV1IHVtIGxldmUgc29ycmlzby5eMDAwMDAw,,XjAwMDA5OUpvZSBleGFtaW7DsyBlbCBzZWxsbyBlbiBkZXRhbGxlIHkgZXNib3rDsyB1bmEgbGlnZXJhIHNvbnJpc2EuXjAwMDAwMA==
Cb7RAg,,W1JlZCBXaWxkY2F0IEpvZV0KR29vZC4gWW91IGhhbmRsZSB0aGlzIHByb3Blcmx5IHdpdGhvdXQgZmFraW5nLiBJcyBpdCBteSB0dXJuIG5vdyB0aGVuPw==,,,,,W0pvZSBMaW5jZSBWZXJtZWxob10Kw5N0aW1vLiBWb2PDqiBlc3TDoSBsaWRhbmRvIGJlbSBjb20gaXNzbywgc2VtIGZpbmdpci4gQWdvcmEgw6kgbWluaGEgdmV6Pw==,,W0xlb3BhcmRvIFJvam8gSm9lXQpCaWVuLiBUZSBlbmNhcmdhc3RlIGRlIGVzdG8gZGUgZm9ybWEgYWRlY3VhZGEgc2luIGVuZ2HDsW9zLiDCv0VzIG1pIHR1cm5vLCBlbnRvbmNlcz8=
Cr7RAg,,XjAwMDA5OSBKb2UgdG9vayBvdXQgYW4gc2VhbGVkIGVudmVsb3BlIGZyb20gaGlzIGNoZXN0IGFuZCBnYXZlIGl0IHRvIG1lLl4wMDAwMDA=,,,,,XjAwMDA5OSBKb2UgdGlyb3UgdW0gZW52ZWxvcGUgbGFjcmFkbyBkZSBzZXUgcGVpdG8gZSBvIGVudHJlZ291IGEgbWltLl4wMDAwMDA=,,XjAwMDA5OUpvZSBzYWPDsyB1biBzb2JyZSBzZWxsYWRvIGRlIHN1IGNvZnJlIHkgbWUgbG8gZGlvLl4wMDAwMDA=
C77RAg,,UmVjZWl2ZSB3aGF0IEpvZSBnYXZl,,,,,UmVjZWJlciBvIHF1ZSBKb2UgZGV1Lg==,,UmVjaWJpciBsbyBxdWUgSm9lIHRlIGRpby4=
DL7RAg,,W1JlZCBXaWxkY2F0IEpvZV0KVGhpcyBpcyB0aGUgY2VydGlmaWNhdGUgSSB3cm90ZSBpbiBhZHZhbmNlLiAKSSB3cm90ZSBpbnNpZGUgdGhhdCB5b3UgYXJlIG5vdyBvdXIgbWVtYmVyLiBUYWtlIHRoaXMgYW5kIGdvIGJhY2sgdG8gQ291Z2FyLWd1eS4=,,,,,W0pvZSBMaW5jZSBWZXJtZWxob10KRXNzZSDDqSBvIGNlcnRpZmljYWRvIHF1ZSBlc2NyZXZpIGNvbSBhbnRlY2Vkw6puY2lhLgpFc2NyZXZpIG5lbGUgcXVlIHZvY8OqIGFnb3JhIMOpIG5vc3NvIG1lbWJyby4gTGV2ZS1vIHBhcmEgbyBIb21lbS1QdW1hLg==,,W0xlb3BhcmRvIFJvam8gSm9lXQpFc3RlIGVzIGVsIGNlcnRpZmljYWRvIHF1ZSBlc2NyaWLDrSBwb3IgYWRlbGFudGFkby4gCkFkZW50cm8gZGljZSBxdWUgeWEgZXJlcyBwYXJ0ZSBkZSBudWVzdHJhIGNsYXNlLiBUb21hIGVzdG8geSB2dWVsdmUgY29uIENoaWNvIHB1bWEu
Db7RAg,,W1JlZCBXaWxkY2F0IEpvZV0KVW0/IFdoeSBub3QgZ29pbmcgYmFjaz8=,,,,,W0pvZSBMaW5jZSBWZXJtZWxob10KSHVtPyBQb3IgcXVlIG7Do28gdm9sdG91Pw==,,W0xlb3BhcmRvIFJvam8gSm9lXQrCv0VoPyDCv1BvciBxdcOpIG5vIGVzdMOhcyB2b2x2aWVuZG8/
Dr7RAg,,SSBkb24ndCBrbm93IGhvdyB0byBnbw==,,,,,TsOjbyBzZWkgY29tbyBmYXplci4=,,Tm8gc8OpIGPDs21vIHZvbHZlci4=
D77RAg,,W1JlZCBXaWxkY2F0IEpvZV0KV2VsbCwgWW91IGRvbid0IGxvb2sgcmljaCBlbm91Z2ggdG8gZ28gdGhlcmUuIFNvIGlmIHlvdSB3YW50LCBJIGNhbiBzZW5kIHlvdSB0byBBbWF0c3Uu,,,,,W0pvZSBMaW5jZSBWZXJtZWxob10KQmVtLCB2b2PDqiBuw6NvIHBhcmVjZSBzZXIgcmljbyBvIHN1ZmljaWVudGUgcGFyYSBpciBwYXJhIGzDoS4gUG9ydGFudG8sIHNlIHF1aXNlciwgcG9zc28gbWFuZMOhLWxvIHBhcmEgQW1hdHN1Lg==,,W0xlb3BhcmRvIFJvam8gSm9lXQpCdWVubywgbm8gcGFyZWNlcyB0ZW5lciBzdWZpY2llbnRlIGRpbmVybyBjb21vIHBhcmEgdm9sdmVyLiBBc8OtIHF1ZSwgc2kgcXVpZXJlcywgcHVlZG8gZW52aWFydGUgYSBBbWF0c3Uu
EL7RAg,,Tm8sIEkgYW0gZmluZS4=,,,,,TsOjbywgZXN0b3UgYmVtLg==,,Tm8sIGVzdG95IGJpZW4u
Eb7RAg,,T2ssIHBsZWFzZSBzZW5kIG1l,,,,,Q2VydG8sIG1lIG1hbmRlIHBvciBmYXZvci4=,,QnVlbm8sIHBvciBmYXZvciwgZW52w61hbWUu
Er7RAg,,W1JlZCBXaWxkY2F0IEpvZV0KSG1tbW0uLi4gCllvdSBkb24ndCBoYXZlIHRvIGJlIHNoeSB0byBnZXQgaGVscC4=,,,,,W0pvZSBMaW5jZSBWZXJtZWxob10KSG1tbW0uLi4gClZvY8OqIG7Do28gcHJlY2lzYSBzZXIgdMOtbWlkbyBwYXJhIG9idGVyIGFqdWRhLg==,,W0xlb3BhcmRvIFJvam8gSm9lXQpNbW1tbeKApiAKSGF5IHF1ZSBkZWphciBkZSBsYWRvIGxhIHRpbWlkZXogYSBsYSBob3JhIGRlIHBlZGlyIGF5dWRhLg==
E77RAg,,W1JlZCBXaWxkY2F0IEpvZV0KR2V0IHJlYWR5LiBJIHdpbGwgc2VuZCB5b3UgcmlnaHQgbm93Li4u,,,,,W0pvZSBMaW5jZSBWZXJtZWxob10KUHJlcGFyZS1zZS4gVm91IGVudmnDoS1sbyBhZ29yYSBtZXNtby4uLg==,,W0xlb3BhcmRvIFJvam8gSm9lXQpQcmVww6FyYXRlLiBUZSBlbnZpYXLDqSBhaG9yYSBtaXNtb+KApg==
FL7RAg,,W1JlZCBXaWxkY2F0IEpvZV0KSXQncyBiZWVuIGEgd2hpbGUuIElzbid0IHRoaXMgcGxhY2Ugc3RpbGwgZ3JlYXQ/,,,,,W0pvZSBMaW5jZSBWZXJtZWxob10KSsOhIGZheiBhbGd1bSB0ZW1wby4gRXN0ZSBsdWdhciBhaW5kYSDDqSDDs3RpbW8sIG7Do28gw6k/,,W0xlb3BhcmRvIFJvam8gSm9lXQpIYWNlIG11Y2hvIHF1ZSBubyBub3MgdmVtb3MuIMK/Tm8gc2lndWUgc2llbmRvIGdlbmlhbCBlc3RlIGx1Z2FyPw==
Fb7RAg,,W1N1c3BpY2lvdXMgTWFuXQouLi4u,,,,,W0hvbWVtIFN1c3BlaXRvXQouLi4u,,W0hvbWJyZSBzb3NwZWNob3NvXQrigKY=
Fr7RAg,,Tm9ybWFsIFBpbGUgb2YgZWFydGg=,,,,,TW9udGUgZGUgVGVycmEgTm9ybWFs,,TW9udMOzbiBkZSB0aWVycmEgbm9ybWFs
F77RAg,,XjAwMDA5OUEgZ2xpbW1lciBvZiBsaWdodCBjYW1lIGZyb20gdGhlIGdyb3VuZC5eMDAwMDAw,,,,,XjAwMDA5OVVtIGxhbXBlam8gZGUgbHV6IHZlaW8gZG8gY2jDo28uXjAwMDAwMA==,,XjAwMDA5OVVuIGRlc3RlbGxvIGRlIGx1eiBzdXJnacOzIGRlbCBzdWVsby5eMDAwMDAw
GL7RAg,,RGlnIHRoZSBncm91bmQ=,,,,,Q2F2YXIgbyBzb2xvLg==,,Q2F2YXIgZW4gbGEgdGllcnJhLg==
Gb7RAg,,XjAwMDA5OVlvdSBoYXZlIHN1Y2Nlc3NmdWxseSB0YWtlbiBvdXQgdGhlIHNlYWxeMDAwMDAw,,,,,XjAwMDA5OVZvY8OqIGNvbnNlZ3VpdSByZXRpcmFyIG8gc2Vsb14wMDAwMDA=,,XjAwMDA5OURlc2VudGVycmFzdGUgZWwgc2VsbG8uXjAwMDAwMA==
Gr7RAg,,XjAwMDA5OVlvdXIgaGFuZCBoYXMgYmVlbiB3b3VuZGVkIHdoaWxlIHlvdSBhcmUgZGlnZ2luZy4gSFAgaGFzIHBhcnRpYWxseSByZWR1Y2VkXjAwMDAwMA==,,,,,XjAwMDA5OVN1YSBtw6NvIGZvaSBmZXJpZGEgZW5xdWFudG8gdm9jw6ogZXN0YXZhIGNhdmFuZG8uIFNldSBQViBmb2kgcGFyY2lhbG1lbnRlIHJlZHV6aWRvXjAwMDAwMA==,,XjAwMDA5OVRlIGxhc3RpbWFzdGUgbGEgbWFubyBtaWVudHJhcyBjYXZhYmFzLiBQZXJkaXN0ZSBhbGd1bm9zIFBWLl4wMDAwMDA=
G77RAg,,XjAwMDA5OUl0IG5lZWRzIHRvIGRpZyBvdXQgbW9yZS4gUGxlYXNlIGRpZyBvdXQgY2FyZWZ1bGx5ICBub3QgdG8gZGFtYWdlIHRoZSBzZWFsLl4wMDAwMDA=,,,,,XjAwMDA5OcOJIG5lY2Vzc8OhcmlvIGNhdmFyIG1haXMuIFBvciBmYXZvciwgY2F2ZSBjb20gY3VpZGFkbyBwYXJhIG7Do28gZGFuaWZpY2FyIG8gc2Vsby5eMDAwMDAw,,XjAwMDA5OURlYmVzIGRlc2VudGVycmFybG8gbcOhcy4gQ2F2YSBjb24gY3VpZGFkbyBwYXJhIG5vIGRhw7FhciBlbCBzZWxsby5eMDAwMDAw
HL7RAg,,XjAwMDA5OUNvdmVyIHVwIHRoZSBwaWxlIG9mIGVhcnRoIGFnYWluXjAwMDAwMApeMDAwMDk5Tm93IGdvIGJhY2sgdG8gUmVkIFdpbGRjYXQgSm9lIHRvIHNob3cgdGhlIHNlYWwuXjAwMDAwMA==,,,,,XjAwMDA5OUN1YnJhIG8gbW9udGUgZGUgdGVycmEgbm92YW1lbnRlXjAwMDAwMApeMDAwMDk5QWdvcmEgdm9sdGUgcGFyYSBvIEpvZSBMaW5jZSBWZXJtZWxobyBwYXJhIG1vc3RyYXIgbyBzZWxvLl4wMDAwMDA=,,XjAwMDA5OVJlbGxlbmFzIGVsIGh1ZWNvIGNvbiB0aWVycmEuXjAwMDAwMApeMDAwMDk5RGViZXLDrWFzIHZvbHZlciBjb24gTGVvcGFyZG8gUm9qbyBKb2UgcGFyYSBtb3N0cmFybGUgZWwgc2VsbG8uXjAwMDAwMA==
Hb7RAg,,XjAwMDA5OVRoZXJlIGFyZSBzbWFsbCBwaWxlIG9mIGVhcnRoXjAwMDAwMA==,,,,,XjAwMDA5OUjDoSB1bSBwZXF1ZW5vIG1vbnRlIGRlIHRlcnJhXjAwMDAwMA==,,XjAwMDA5OUhheSBtb250b25jaXRvcyBkZSB0aWVycmEuXjAwMDAwMA==
Hr7RAg,,QWtha2k=,,,,,QWtha2k=,,QWtha2k=
H77RAg,,LSBXYWl0IGEgbW9tZW50ICEhIC0KLSBZb3UgaGF2ZSB0b28gbXVjaCBpdGVtcyAtCi0gdG8gZ2V0IGFub3RoZXIgb25lLiAtCi0gUGxlYXNlIGxpZ2h0IHlvdXIgd2VpZ2h0IC0KLSBhbmQgdHJ5IGFnYWluLiAt,,,,,LSBBZ3VhcmRlIHVtIG1vbWVudG8gISEhIC0KLSBWb2PDqiB0ZW0gaXRlbnMgZGVtYWlzIC0KLSBwYXJhIG9idGVyIG91dHJvLiAtCi0gUG9yIGZhdm9yLCBhbGl2aWUgc2V1IHBlc28gLQotIGUgdGVudGUgbm92YW1lbnRlLiAt,,LcKhRXNwZXJhIHVuIG1vbWVudG8hLQpUaWVuZXMgZGVtYXNpYWRvcyBvYmpldG9zLgpQYXJhIGNvbnNlZ3VpciBvdHJvLgpEaXNtaW51eWUgZWwgcGVzbyBxdWUgbGxldmFzIGUgaW50w6ludGFsbyBkZSBudWV2by4t
IL7RAg,,W0FrYWtpXQp1bS4uLgpUaGVyZSBtdXN0IGJlIGEgc3Bpcml0IAp3aG8gbmVlZCB5b3UgdG8gY29tZSBoZXJlCmxlYWQgdG8gdGhpcyBkYXJrIGFsbGV5LgpHbyB0byB0aGUgd2F5IG9mIHBhdGllbnQu,,,,,W0FrYWtpXQpIdW0uLi4KRGV2ZSBoYXZlciB1bSBlc3DDrXJpdG8gCnF1ZSBwcmVjaXNhIHF1ZSB2b2PDqiB2ZW5oYSBhdMOpIGFxdWkKZSBvIGNvbmR1emEgYSBlc3NlIGJlY28gZXNjdXJvLgpWw6EgcGFyYSBvIGNhbWluaG8gZG8gcGFjaWVudGUu,,W0FrYWtpXQpFaOKApgpEZWJlIGhhYmVyIHVuIGVzcMOtcml0dSAgcXVlIG5lY2VzaXRhIHF1ZSB2ZW5nYXMgYSBlc3RlIGNhbGxlasOzbiBvc2N1cm8uClZlIHBvciBlbCBjYW1pbm8gZGUgbGEgcGFjaWVuY2lhLg==
Ib7RAg,,Tm8sIEkgZG8gbm90IHdhbnQ=,,,,,TsOjbywgZXUgbsOjbyBxdWVyby4=,,Tm8sIG5vIHF1aWVybyBoYWNlcmxvLg==
Ir7RAg,,T2ssIEkgd2lsbCBnby4=,,,,,Q2VydG8sIGV1IHZvdS4=,,QnVlbm8sIGlyw6ku
I77RAg,,W0FrYWtpXQpPay4KLi4uLi4KR29vZCBieWUgdGhlbi4=,,,,,W0FrYWtpXQpPay4KLi4uLi4KRW50w6NvLCBhZGV1cy4=,,W0FrYWtpXQpEZSBhY3VlcmRvLgouLi4uLgpBZGnDs3Mu
JL7RAg,,W0FrYWtpXQpHb29kLCBJIHdpbGwgc2VuZCB5b3UgcmlnaHQgYXdheS4=,,,,,W0FrYWtpXQrDk3RpbW8sIGV1IG8gbWFuZGFyZWkgaW1lZGlhdGFtZW50ZS4=,,W0FrYWtpXQpCaWVuLCB0ZSBlbnZpYXLDqSBkZSBpbm1lZGlhdG8u
Jb7RAg,,W0FrYWtpXQpUaGlzIGlzIG5vdCB0aGUgcGxhY2UgeW91IHdhbnQuCkhhdmUgbW9yZSBwb3dlciB0byBiZSBoZXJlLg==,,,,,W0FrYWtpXQpFc3RlIG7Do28gw6kgbyBsdWdhciBxdWUgdm9jw6ogZGVzZWphLgpUZW5oYSBtYWlzIHBvZGVyIHBhcmEgZXN0YXIgYXF1aS4=,,W0FrYWtpXQpFc3RlIG5vIGVzIGVsIGx1Z2FyIGRvbmRlIHF1aWVyZXMgZXN0YXIuCkRlYmVzIHRlbmVyIG3DoXMgcG9kZXIgcGFyYSBlc3RhciBhcXXDrS4=
Jr7RAg,,W0FrYWtpXQpJIGhhdmUgbm90aGluZyB0byBzYXkgd2l0aCB5b3UuCkdvIGJhY2su,,,,,W0FrYWtpXQpOw6NvIHRlbmhvIG5hZGEgYSBkaXplciBwYXJhIHZvY8OqLgpWb2x0ZS4=,,W0FrYWtpXQpObyB0ZW5nbyBuYWRhIHF1ZSBoYWJsYXIgY29udGlnby4KUmVncmVzYS4=
J77RAg,,QXJ0aXNhbiBLYWliYXJh,,,,,QXJ0ZXPDo28gS2FpYmFyYQ==,,QXJ0ZXNhbm8gS2FpYmFyYQ==
KL7RAg,,W0thaWJhcmFdCkkgYW0gS2FpYmFyYSwgb25lIG9mIHRoZQpsYXN0IGFydGlzYW5zIHRoYXQgY2FuIGZvcmdlCnN3b3JkcyB3aXRoIEJsYWNrIERyYWdvbgpTY2FsZXMuIFBsZWFzZSB0YWtlIGEgbG9vawphdCBteSBzd29yZHMtLUkgdHJ1c3QgeW91J2xsIGZpbmQgc29tZXRoaW5nIHRoYXQgaW50ZXJlc3RzIHlvdS4=,,,,,W0thaWJhcmFdCkV1IHNvdSBLYWliYXJhLCB1bSBkb3MKw7psdGltb3MgYXJ0ZXPDo29zIGNhcGF6ZXMgZGUgZm9yamFyCmVzcGFkYXMgY29tIEVzY2FtYXMgZGUgRHJhZ8OjbyBOZWdyby4KUG9yIGZhdm9yLCBkw6ogdW1hIG9saGFkYQpuYXMgbWluaGFzIGVzcGFkYXMgLSBhY3JlZGl0byBxdWUgdm9jw6ogZW5jb250cmFyw6EgYWxnbyBxdWUgbGhlIGludGVyZXNzZS4=,,W0thaWJhcmFdClNveSBLYWliYXJhLCB1bm8gZGUgbG9zCsO6bHRpbW9zIGFydGVzYW5vcyBxdWUgcHVlZGVuIGZvcmphcgplc3BhZGFzIGNvbiBFc2NhbWFzCmRlIGRyYWfDs24gbmVncm8uIFBvciBmYXZvciwgbWlyYQptaXMgZXNwYWRhc+KApiBTZWd1cm8gZW5jb250cmFyw6FzIGFsZ28gcXVlIHRlIGludGVyZXNlLg==
Kb7RAg,,S2h1a3Jp,,,,,S2h1a3Jp,,S2h1a3JpLg==
Kr7RAg,,Sml0dGU=,,,,,Sml0dGU=,,Sml0dGUu
K77RAg,,U2xvdHRlZCBBc3VyYQ==,,,,,QXN1cmEgY29tIFNsb3Q=,,QXN1cmEgY29uIHJhbnVyYXMu
LL7RAg,,TXVyYXNhbWU=,,,,,TXVyYXNhbWU=,,TXVyYXNhbWUu
Lb7RAg,,SGFrdWppbg==,,,,,SGFrdWppbg==,,SGFrdWppbi4=
Lr7RAg,,Q2FuY2Vs,,,,,Q2FuY2VsYXI=,,Q2FuY2VsYXIu
L77RAg,,W0thaWJhcmFdCkZvciBhIEtodWt1cmksCkkgYXNrIHRoYXQgeW91IGJyaW5nIG1lCl4zMzU1RkY0MDAgRHJhZ29uIFNjYWxlc14wMDAwMDAsCl4zMzU1RkYzMCBEcmFnb24gU2tpbnNeMDAwMDAwLApeMzM1NUZGNSBPcmlkZWNvbnNeMDAwMDAwLCBhbmQKXjMzNTVGRjIwMCwwMDAgemVueV4wMDAwMDAu,,,,,W0thaWJhcmFdClBhcmEgdW1hIEtodWtyaSwKcGXDp28gcXVlIHZvY8OqIG1lIHRyYWdhCl4zMzU1RkY0MDAgRXNjYW1hcyBkZSBEcmFnw6NvXjAwMDAwMCwKXjMzNTVGRjMwIFBlbGVzIGRlIERyYWfDo29eMDAwMDAwLApeMzM1NUZGNSBPcmlkZWNvbnNeMDAwMDAwLCBlCl4zMzU1RkYyMDAuMDAwIHplbnleMDAwMDAwLg==,,W0thaWJhcmFdClBhcmEgZmFicmljYXIgdW5hIEtodWtyaSwKdGUgcGlkbyBxdWUgbWUgdHJhaWdhcyBsbyBzaWd1aWVudGU6Cl4yNTAyRkQ0MDAgRXNjYW1hcyBkZSBkcmFnw7NuXjAwMDAwMCwKXjI1MDJGRDMwIFBpZWxlcyBkZSBkcmFnw7NuXjAwMDAwMCwKXjI1MDJGRDUgdW5pZGFkZXMgZGUgT3JpZGVjb25eMDAwMDAwIHkKXjI1MDJGRDIwMCAwMDAgemVueV4wMDAwMDAu
ML7RAg,,W0thaWJhcmFdCklmIHlvdSd2ZSBhbHJlYWR5IHByZXBhcmVkCmV2ZXJ5dGhpbmcgdGhhdCBJIHJlcXVpcmUsIHRoZW4KSSBjYW4gZ28gYWhlYWQgYW5kIGdpdmUgeW91CnRoYXQgc3dvcmQgbm93LiBXb3VsZCB5b3UKbGlrZSB0byBoYXZlIGEgS2h1a3VyaT8=,,,,,W0thaWJhcmFdClNlIHZvY8OqIGrDoSBwcmVwYXJvdQp0dWRvIG8gcXVlIGV1IHByZWNpc28sIGVudMOjbwpwb3NzbyBsaGUgZGFyCmVzc2EgZXNwYWRhIGFnb3JhLiBWb2PDqiBxdWVyCnRlciB1bWEgS2h1a3JpPw==,,W0thaWJhcmFdClNpIHlhIHByZXBhcmFzdGUKdG9kbyBsbyBxdWUgbmVjZXNpdG8sCnB1ZWRvIGRhcnRlCmVzYSBlc3BhZGEgYWhvcmEuIMK/VGUgZ3VzdGFyw61hCnRlbmVyIHVuYSBLaHVrcmk/
Mb7RAg,,Tm8sIHRoYW5rcy4=,,,,,TsOjbywgb2JyaWdhZG8u,,Tm8sIGdyYWNpYXMu
Mr7RAg,,WWVzLCBwbGVhc2Uh,,,,,U2ltLCBwb3IgZmF2b3Ih,,wqFTw60sIHBvciBmYXZvciE=
M77RAg,,W0thaWJhcmFdCkkgc2VlLiBXZWxsLCBpZiB5b3UncmUKc3RpbGwgaW50ZXJlc3RlZCBpbiB0aGUKc3dvcmQsIHBsZWFzZSBjb21lIGJhY2sKYWZ0ZXIgeW91J3ZlIGdhdGhlcmVkIGFsbApvZiB0aGUgbWF0ZXJpYWxzLiBUaGFuawp5b3UsIGFuZCBoYXZlIGEgbmljZSBkYXku,,,,,W0thaWJhcmFdCkVudGVuZGkuIEJlbSwgc2Ugdm9jw6oKYWluZGEgZXN0aXZlciBpbnRlcmVzc2FkbyBuYQplc3BhZGEsIHBvciBmYXZvciwgdm9sdGUKZGVwb2lzIHF1ZSB2b2PDqiB0aXZlciByZXVuaWRvIHRvZG9zCm9zIG1hdGVyaWFpcy4KT2JyaWdhZG8gZSB0ZW5oYSB1bSBib20gZGlhLg==,,W0thaWJhcmFdCllhIHZlby4gQnVlbm8sIHNpIHRvZGF2w61hCnRlIGludGVyZXNhCmxhIGVzcGFkYSwgcmVncmVzYQpjdWFuZG8gaGF5YXMgcmV1bmlkbwp0b2RvcyBsb3MgbWF0ZXJpYWxlcy4gR3JhY2lhcwp5IHF1ZSB0ZW5nYXMgdW4gYnVlbiBkw61hLg==
NL7RAg,,W0thaWJhcmFdCkhtbSwgeW91ciBJbnZlbnRvcnkgaXMKdG9vIGZ1bGwgdG8gcmVjZWl2ZSBhbnkKbW9yZSBpdGVtcy4gUGxlYXNlIG1ha2UKbW9yZSBzcGFjZSBhdmFpbGFibGUsIHNvCndlIGNhbiBjb25kdWN0IG91ciBidXNpbmVzcy4=,,,,,W0thaWJhcmFdCkhtbSwgc2V1IGludmVudMOhcmlvIGVzdMOhCm11aXRvIGNoZWlvIHBhcmEgcmVjZWJlcgptYWlzIGl0ZW5zLiBQb3IgZmF2b3IsIGxpYmVyZQptYWlzIGVzcGHDp28gcGFyYSBxdWUKcG9zc2Ftb3MgY29uZHV6aXIgbm9zc29zIG5lZ8OzY2lvcy4=,,W0thaWJhcmFdCk1tbSwgdHUgaW52ZW50YXJpbyB0aWVuZQpkZW1hc2lhZGFzIGNvc2FzIGNvbW8gcGFyYSByZWNpYmlyCm3DoXMgb2JqZXRvcy4gTGliZXJhCm3DoXMgZXNwYWNpbywgYXPDrQpwb2RlbW9zIGxsZXZhciBhIGNhYm8gbnVlc3Ryb3MgbmVnb2Npb3Mu
Nb7RAg,,W0thaWJhcmFdClZlcnkgd2VsbC4gRXZlcnl0aGluZwpzZWVtcyB0byBiZSBvcmRlci4gR3JlYXQhClBsZWFzZSB0YWtlIHRoaXMgS2h1a3JpLgpJIHRydXN0IHRoYXQgaXQgd2lsbCBzZXJ2ZQp5b3Ugd2VsbCBpbiBiYXR0bGUu,,,,,W0thaWJhcmFdCk11aXRvIGJlbS4gVHVkbwpwYXJlY2UgZXN0YXIgZW0gb3JkZW0uIMOTdGltbyEKUG9yIGZhdm9yLCBwZWd1ZSBlc3RhIEtodWtyaS4KQWNyZWRpdG8gcXVlIGVsZSBsaGUgc2Vyw6Egw7p0aWwKZW0gYmF0YWxoYS4=,,W0thaWJhcmFdCk11eSBiaWVuLiBUb2RvCnBhcmVjZSBlc3RhciBlbiBvcmRlbi4gwqFHZW5pYWwhClRvbWEgZXN0YSBLaHVrcmkuCkNvbmbDrW8gZW4gcXVlIHRlIHNlcsOhCsO6dGlsIGVuIGxhcyBiYXRhbGxhcy4=
Nr7RAg,,W0thaWJhcmFdCkhtbSwgdGhlcmUgYXJlIGVub3VnaCBNYXRlcmlhbHMKYnV0IHlvdSBoYXZlIGxhY2sgb2YgbW9uZXku,,,,,W0thaWJhcmFdCkhtbSwgaMOhIG1hdGVyaWFpcyBzdWZpY2llbnRlcywKbWFzIHZvY8OqIHRlbSBmYWx0YSBkZSBkaW5oZWlyby4=,,W0thaWJhcmFdCk1tbSwgaGF5IHN1ZmljaWVudGVzIG1hdGVyaWFsZXMsCnBlcm8gdGUgZmFsdGEgZGluZXJvLg==
N77RAg,,W0thaWJhcmFdCkluIG9yZGVyIHRvIG1ha2UgS2h1a3VyaQpJbiBvcmRlciB0byBtYWtlIEtodWt1cmkKTWF0ZXJpYWxzIGFyZSAgXkZGMDAwMDQwMCBEcmFnb24gU2NhbGUsXjAwMDAwMApeRkYwMDAwNSBPcmlkZWNvbnNeMDAwMDAwLCBeRkYwMDAwRHJhZ29uJ3NfU2tpbl4wMDAwMDAKXkZGMDAwMDMwIHBpZWNlc14wMDAwMDAsIGFuZCBeRkYwMDAwMjAwLDAwMCBaZW55XjAwMDAwMAppcyByZXF1aXJlZC4KUGxlYXNlIGNoZWNrIGFuZCBjb21lIGJhY2su,,,,,W0thaWJhcmFdClBhcmEgZmF6ZXIgYSBLaHVrcmlpOgpQYXJhIGZhemVyIGEgS2h1a3JpaToKT3MgbWF0ZXJpYWlzIHPDo28gXkZGMDAwMDQwMCBFc2NhbWFzIGRlIGRyYWfDo28sXjAwMDAwMApeRkYwMDAwNSBPcmlkZWNvbnNeMDAwMDAwLCBeRkYwMDAwMzBeMDAwMDAwCl5GRjAwMDBQZWxlcyBkZSBEcmFnw6NvXjAwMDAwMCBlIF5GRjAwMDAyMDAuMDAwIFplbnleMDAwMDAwLgpQb3IgZmF2b3IsIAp2ZXJpZmlxdWUgYXMgcXVhbnRpZGFkZXMgZSByZXRvcm5lLg==,,W0thaWJhcmFdClBhcmEgZmFicmljYXIgdW5hIEtodWtyaSwKbG9zIG1hdGVyaWFsZXMgbmVjZXNhcmlvcyBzb24gXjY2MDAwMDQwMCBFc2NhbWFzIGRlIGRyYWdvbixeMDAwMDAwCl42NjAwMDA1IHVuaWRhZGVzIGRlIE9yaWRlY29uXjAwMDAwMCwgXjY2MDAwMDMwIFBpZWxlc14wMDAwMDAKXjY2MDAwMGRlIGRyYWfDs25eMDAwMDAwIHkgXjY2MDAwMDIwMCAwMDAgemVueV4wMDAwMDAuClBvciBmYXZvciwgYXNlZ8O6cmF0ZSBkZSB0ZW5lciB0b2RvIHkgcmVncmVzYS4=
OL7RAg,,W0thaWJhcmFdCkhtPyBJJ20gc29ycnksIGJ1dCB5b3UKZG9uJ3QgaGF2ZSBlbm91Z2ggbWF0ZXJpYWxz,,,,,W0thaWJhcmFdCkh1bT8gTWUgZGVzY3VscGUsIG1hcyB2b2PDqgpuw6NvIHRlbSBtYXRlcmlhaXMgc3VmaWNpZW50ZXMu,,W0thaWJhcmFdCsK/RWg/IExvIHNpZW50bywgcGVybwpubyB0aWVuZXMgc3VmaWNpZW50ZXMgbWF0ZXJpYWxlcy4=
Ob7RAg,,W0thaWJhcmFdCkluIG9yZGVyIHRvIG1ha2UgS2h1a3VyaQpNYXRlcmlhbHMgYXJlICBeRkYwMDAwNDAwIERyYWdvbiBTY2FsZSxeMDAwMDAwCl5GRjAwMDA1IE9yaWRlY29uc14wMDAwMDAsIF5GRjAwMDBEcmFnb24nc19Ta2luXjAwMDAwMApeRkYwMDAwMzAgcGllY2VzXjAwMDAwMCwgYW5kIF5GRjAwMDAyMDAsMDAwIFplbnleMDAwMDAwCmlzIHJlcXVpcmVkLgpQbGVhc2UgY2hlY2sgYW5kIGNvbWUgYmFjay4=,,,,,W0thaWJhcmFdClBhcmEgZmF6ZXIgYSBLaHVrcmk6Ck9zIG1hdGVyaWFpcyBzw6NvIF5GRjAwMDA0MDAgRXNjYW1hcyBkZSBkcmFnw6NvLF4wMDAwMDAKXkZGMDAwMDUgT3JpZGVjb25zXjAwMDAwMCwgXkZGMDAwMDMwXjAwMDAwMApeRkYwMDAwUGVsZXMgZGUgRHJhZ8Ojb14wMDAwMDAgZSBeRkYwMDAwMjAwLjAwMCBaZW55XjAwMDAwMC4KUG9yIGZhdm9yLCAKdmVyaWZpcXVlIGFzIHF1YW50aWRhZGVzIGUgcmV0b3JuZS4=,,W0thaWJhcmFdClBhcmEgZmFicmljYXIgdW5hIEtodWtyaSwKbG9zIG1hdGVyaWFsZXMgbmVjZXNhcmlvcyBzb24gXjY2MDAwMDQwMCBFc2NhbWFzIGRlIGRyYWdvbixeMDAwMDAwCl42NjAwMDA1IHVuaWRhZGVzIGRlIE9yaWRlY29uXjAwMDAwMCwgXjY2MDAwMDMwIFBpZWxlc14wMDAwMDAKXjY2MDAwMGRlIGRyYWfDs25eMDAwMDAwIHkgXjY2MDAwMDIwMCAwMDAgemVueV4wMDAwMDAuClBvciBmYXZvciwgYXNlZ8O6cmF0ZSBkZSB0ZW5lciB0b2RvIHkgcmVncmVzYS4=
Or7RAg,,W0thaWJhcmFdCkZvciBhIF5GRjAwMDBKaXR0ZV4wMDAwMDAsIEkgYXNrCnRoYXQgeW91IGJyaW5nIG1lCl4zMzU1RkYxIE9sZCBIaWx0XjAwMDAwMCwKXjMzNTVGRjMwIFN0ZWVsXjAwMDAwMCwgYW5kCl4zMzU1RkYyMCwwMDAgemVueV4wMDAwMDAu,,,,,W0thaWJhcmFdClBhcmEgdW1hIF5GRjAwMDBKaXR0ZV4wMDAwMDAsCmV1IHBlw6dvIHF1ZSB2b2PDqiBtZSB0cmFnYQpeMzM1NUZGMSBCYWluaGFzIFZlbGhhc14wMDAwMDAsCl4zMzU1RkYzMCBBw6dvc14wMDAwMDAgZQpeMzM1NUZGMjAuMDAwIHplbnleMDAwMDAwLg==,,W0thaWJhcmFdClBhcmEgZmFicmljYXIgdW5hIF42NjAwMDBKaXR0ZV4wMDAwMDAsIHRlIHBpZG8KcXVlIG1lIHRyYWlnYXMgbG8gc2lndWllbnRlOgpeMzM1NUZGMSBFbXB1w7FhZHVyYSBhbnRpZ3VhXjAwMDAwMCwKXjMzNTVGRjMwIHVuaWRhZGVzIGRlIEFjZXJvXjAwMDAwMCB5Cl4zMzU1RkYyMCAwMDAgemVueV4wMDAwMDAu
O77RAg,,W0thaWJhcmFdCklmIHlvdSd2ZSBhbHJlYWR5IHByZXBhcmVkCmV2ZXJ5dGhpbmcgdGhhdCBJIHJlcXVpcmUsIHRoZW4KSSBjYW4gZ28gYWhlYWQgYW5kIGdpdmUgeW91CnRoYXQgc3dvcmQgbm93LiBXb3VsZAp5b3UgbGlrZSB0byBoYXZlIGEgSml0dGU/,,,,,W0thaWJhcmFdClNlIHZvY8OqIGrDoSBwcmVwYXJvdQp0dWRvIG8gcXVlIGV1IHByZWNpc28sIGVudMOjbwpwb3NzbyBsaGUgZGFyCmVzc2EgZXNwYWRhIGFnb3JhLiBWb2PDqiBxdWVyCnRlciB1bWEgSml0dGU/,,W0thaWJhcmFdClNpIHlhIHByZXBhcmFzdGUKdG9kbyBsbyBxdWUgbmVjZXNpdG8sCnB1ZWRvIGRhcnRlCmVzYSBlc3BhZGEgYWhvcmEuIMK/VGUgZ3VzdGFyw61hCnRlbmVyIHVuYSBKaXR0ZT8=
PL7RAg,,W0thaWJhcmFdClZlcnkgd2VsbC4gRXZlcnl0aGluZwpzZWVtcyB0byBiZSBvcmRlci4gR3JlYXQhCk5vdywgcGxlYXNlIHRha2UgdGhpcyBKaXR0ZS4KSSB0cnVzdCB0aGF0IGl0IHdpbGwgc2VydmUKeW91IHdlbGwgaW4gYmF0dGxlLg==,,,,,W0thaWJhcmFdCk11aXRvIGJlbS4gVHVkbwpwYXJlY2UgZXN0YXIgZW0gb3JkZW0uIMOTdGltbyEKUG9yIGZhdm9yLCBwZWd1ZSBlc3RlIEppdHRlLgpBY3JlZGl0byBxdWUgZWxlIGxoZSBzZXLDoSDDunRpbAplbSBiYXRhbGhhLg==,,W0thaWJhcmFdCk11eSBiaWVuLiBUb2RvCnBhcmVjZSBlc3RhciBlbiBvcmRlbi4gwqFHZW5pYWwhCkJpZW4sIHRvbWEgZXN0YSBKaXR0ZS4KQ29uZsOtbyBlbiBxdWUgdGUgc2Vyw6EKw7p0aWwgZW4gbGFzIGJhdGFsbGFzLg==
Pb7RAg,,W0thaWJhcmFdCllvdSd2ZSBicm91Z2h0IHRoZQptYXRlcmlhbHMgdGhhdCBJIHJlcXVpcmUsCmJ1dCB5b3UgZG9uJ3QgaGF2ZSBlbm91Z2gKemVueSB0byBwYXkgbXkgc2VydmljZSBmZWUuClBsZWFzZSBjb21lIGJhY2sgYWZ0ZXIgeW91CmhhdmUgc2F2ZWQgZW5vdWdoIG1vbmV5Lg==,,,,,W0thaWJhcmFdClZvY8OqIHRyb3V4ZSBvcyBtYXRlcmlhaXMKcXVlIGV1IHByZWNpc28sCm1hcyBuw6NvIHRlbSB6ZW55IHN1ZmljaWVudGUKcGFyYSBwYWdhciBtaW5oYSB0YXhhIGRlIHNlcnZpw6dvLgpQb3IgZmF2b3IsIHZvbHRlIGRlcG9pcyBxdWUgdm9jw6oKdGl2ZXIgZWNvbm9taXphZG8gZGluaGVpcm8gc3VmaWNpZW50ZS4=,,W0thaWJhcmFdClRyYWppc3RlCmxvcyBtYXRlcmlhbGVzIHF1ZSBuZWNlc2l0bywKcGVybyBubyB0aWVuZXMgc3VmaWNpZW50ZXMKemVueSBjb21vIHBhcmEgcGFnYXIgbWkgdGFyaWZhIGRlIHNlcnZpY2lvLgpWdWVsdmUgbHVlZ28gZGUKYWhvcnJhciBzdWZpY2llbnRlIGRpbmVyby4=
Pr7RAg,,W0thaWJhcmFdCkluIG9yZGVyIHRvIG1ha2UgSml0dGUKXkZGMDAwMDMwIFN0ZWVscyxeMDAwMDAwCl5GRjAwMDAxIE9sZF9IaWx0XjAwMDAwMCwKYW5kIF5GRjAwMDAyMCwwMDAgWmVueV4wMDAwMDAKaXMgcmVxdWlyZWQuIFJlbWVtYmVyIHRoaXMgYW5kClBsZWFzZSBjaGVjayBhbmQgY29tZSBiYWNrLg==,,,,,W0thaWJhcmFdClBhcmEgZmF6ZXIgYSBKaXR0ZSwKXkZGMDAwMDMwIEHDp29zLF4wMDAwMDAKXkZGMDAwMDEgQmFpbmhhIFZlbGhhXjAwMDAwMCwKZSBeRkYwMDAwMjAuMDAwIFplbnleMDAwMDAwCnPDo28gbmVjZXNzw6FyaW8uCkVuY29udHJlIHR1ZG8gZSB2b2x0ZS4=,,W0thaWJhcmFdClBhcmEgZmFicmljYXIgdW5hIEppdHRlIHNlIG5lY2VzaXRhIGxvIHNpZ3VpZW50ZToKXjY2MDAwMDMwIHVuaWRhZGVzIGRlIEFjZXJvXjAwMDAwMCwKXjY2MDAwMDEgRW1wdcOxYWR1cmEgYW50aWd1YV4wMDAwMDAKeSBeNjYwMDAwMjAgMDAwIHplbnleMDAwMDAwClJlY3VlcmRhIGVzdG8geSBhc2Vnw7pyYXRlIGRlIHRlbmVyIHRvZG8gYW50ZXMgZGUgdm9sdmVyLg==
P77RAg,,W0thaWJhcmFdCkZvciBhIF5GRjAwMDBTbG90dGVkIEFzdXJhXjAwMDAwMCwKSSBhc2sgdGhhdCB5b3UgYnJpbmcgbWUKXjMzNTVGRjUgV29ybi1vdXQgTWFnaWMgU2Nyb2xsc14wMDAwMDAsCl4zMzU1RkYyNSBTdGVlbF4wMDAwMDAsIGFuZApeMzM1NUZGMzIsMDAwIHplbnleMDAwMDAwLg==,,,,,W0thaWJhcmFdClBhcmEgdW1hIF5GRjAwMDBBc3VyYSBjb20gU2xvdF4wMDAwMDAsCnBlw6dvIHF1ZSB2b2PDqiBtZSB0cmFnYQpeMzM1NUZGNSBQZXJnYW1pbmhvcyBNw6FnaWNvcyBEZXNnYXN0YWRvc14wMDAwMDAsCl4zMzU1RkYyNSBBw6dvc14wMDAwMDAsIGUKXjMzNTVGRjMyLjAwMCB6ZW55XjAwMDAwMC4=,,W0thaWJhcmFdClBhcmEgZmFicmljYXIgdW5hIF42NjAwMDBBc3VyYSBjb24gcmFudXJhc14wMDAwMDAsCnRlIHBpZG8gcXVlIG1lIHRyYWlnYXMgbG8gc2lndWllbnRlOgpeMzM1NUZGNSBQZXJnYW1pbm9zIG3DoWdpY29zIGRlc2dhc3RhZG9zXjAwMDAwMCwKXjMzNTVGRjI1IHVuaWRhZGVzIGRlIEFjZXJvXjAwMDAwMCB5Cl4zMzU1RkYzMiAwMDAgemVueV4wMDAwMDAu
QL7RAg,,W0thaWJhcmFdCklmIHlvdSd2ZSBhbHJlYWR5IHByZXBhcmVkCmV2ZXJ5dGhpbmcgdGhhdCBJIHJlcXVpcmUsIHRoZW4KSSBjYW4gZ28gYWhlYWQgYW5kIGdpdmUgeW91CnRoYXQgc3dvcmQgbm93LiBXb3VsZCB5b3UKbGlrZSB0byBoYXZlIGEgU2xvdHRlZCBBc3VyYT8=,,,,,W0thaWJhcmFdClNlIHZvY8OqIGrDoSBwcmVwYXJvdQp0dWRvIG8gcXVlIGV1IHByZWNpc28sIGVudMOjbwpwb3NzbyBsaGUgZGFyCmVzc2EgZXNwYWRhIGFnb3JhLiBWb2PDqiBxdWVyCnRlciB1bWEgQXN1cmEgY29tIFNsb3Q/,,W0thaWJhcmFdClNpIHlhIHByZXBhcmFzdGUKdG9kbyBsbyBxdWUgbmVjZXNpdG8sCnB1ZWRvIGRhcnRlCmVzYSBlc3BhZGEgYWhvcmEuIMK/VGUgZ3VzdGFyw61hCnRlbmVyIHVuIEFzdXJhIGNvbiByYW51cmFzPw==
Qb7RAg,,W0thaWJhcmFdClZlcnkgd2VsbC4gRXZlcnl0aGluZwpzZWVtcyB0byBiZSBvcmRlci4gR29vZH4KUGxlYXNlIHRha2UgdGhpcyBTbG90dGVkIEFzdXJhLgpJIHRydXN0IHRoYXQgaXQgd2lsbCBzZXJ2ZSB5b3UKd2VsbCBpbiB5b3VyIGJhdHRsZXMu,,,,,W0thaWJhcmFdCk11aXRvIGJlbS4gVHVkbwpwYXJlY2UgZXN0YXIgZW0gb3JkZW0uIMOTdGltbyEKUG9yIGZhdm9yLCBwZWd1ZSBlc3RhIEFzdXJhIGNvbSBTbG90LgpBY3JlZGl0byBxdWUgZWxhIGxoZSBzZXJ2aXLDoQpiZW0gZW0gc3VhcyBiYXRhbGhhcy4=,,W0thaWJhcmFdCk11eSBiaWVuLiBUb2RvCnBhcmVjZSBlc3RhciBlbiBvcmRlbi4gQmllbi4KVG9tYSBlc3RhIEFzdXJhIGNvbiByYW51cmFzLgpDb25mw61vIGVuIHF1ZSB0ZSBzZXLDoQrDunRpbCBlbiB0dXMgYmF0YWxsYXMu
Qr7RAg,,W0thaWJhcmFdCkluIG9yZGVyIHRvIG1ha2UgU2xvdHRlZCBBc3VyYS4KXkZGMDAwMDI1IFN0ZWVscyxeMDAwMDAwCl5GRjAwMDA1IE9sZCBNYWdpYyBDaXJjbGVzXjAwMDAwMCwKYW5kIF5GRjAwMDAzMiwwMDAgemVueV4wMDAwMDAKaXMgcmVxdWlyZWQuIFJlbWVtYmVyIHRoaXMgYW5kClBsZWFzZSBjaGVjayBhbmQgY29tZSBiYWNrLg==,,,,,W0thaWJhcmFdClBhcmEgY3JpYXIgYSBBc3VyYSBjb20gc2xvdCwKXkZGMDAwMDI1IEHDp29zLF4wMDAwMDAKXkZGMDAwMDUgQ8OtcmN1bG9zIE3DoWdpY29zIEFudGlnb3NeMDAwMDAwLAplIF5GRjAwMDAzMi4wMDAgemVueV4wMDAwMDAKw6kgbmVjZXNzw6FyaW8uCkVuY29udHJlIHR1ZG8gZSB2b2x0ZS4=,,W0thaWJhcmFdClBhcmEgZmFicmljYXIgdW4gQXN1cmEgY29uIHJhbnVyYXMgc2UgbmVjZXNpdGEgbG8gc2lndWllbnRlOiAKXjY2MDAwMDI1IHVuaWRhZGVzIGRlIEFjZXJvXjAwMDAwMCwKXjY2MDAwMDUgQ8OtcmN1bG9zIG3DoWdpY29zIGFudGlndW9zXjAwMDAwMAp5IF42NjAwMDAzMiAwMDAgemVueV4wMDAwMDAuClJlY3VlcmRhIGVzdG8geSBhc2Vnw7pyYXRlIGRlIHRlbmVyIHRvZG8gYW50ZXMgZGUgdm9sdmVyLg==
Q77RAg,,W0thaWJhcmFdCkluIG9yZGVyIHRvIE1ha2UgQXN1cmFbMV0KXkZGMDAwMDI1IFN0ZWVscyxeMDAwMDAwCl5GRjAwMDA1IE9sZCBNYWdpYyBDaXJjbGVzXjAwMDAwMCwKYW5kIF5GRjAwMDAzMiwwMDAgemVueV4wMDAwMDAKaXMgcmVxdWlyZWQuIFJlbWVtYmVyIHRoaXMgYW5kClBsZWFzZSBjaGVjayBhbmQgY29tZSBiYWNrLg==,,,,,W0thaWJhcmFdClBhcmEgZmF6ZXIgbyBBc3VyYVsxXQpeRkYwMDAwMjUgQcOnb3MsXjAwMDAwMApeRkYwMDAwNSBDw61yY3Vsb3MgTcOhZ2ljb3MgQW50aWdvc14wMDAwMDAsCmUgXkZGMDAwMDMyLjAwMCB6ZW55XjAwMDAwMApzw6NvIG5lY2Vzc8Ohcmlvcy4KRW5jb250cmUgdHVkbyBlIHZvbHRlLg==,,W0thaWJhcmFdClBhcmEgZmFicmljYXIgdW4gQXN1cmEgY29uIHJhbnVyYXMgc2UgbmVjZXNpdGEgbG8gc2lndWllbnRlOiAKXjY2MDAwMDI1IHVuaWRhZGVzIGRlIEFjZXJvXjAwMDAwMCwKXjY2MDAwMDUgQ8OtcmN1bG9zIG3DoWdpY29zIGFudGlndW9zXjAwMDAwMAp5IF42NjAwMDAzMiAwMDAgemVueV4wMDAwMDAuClJlY3VlcmRhIGVzdG8geSBhc2Vnw7pyYXRlIGRlIHRlbmVyIHRvZG8gYW50ZXMgZGUgdm9sdmVyLg==
RL7RAg,,W0thaWJhcmFdCkZvciBhIF5GRjAwMDBNdXJhc2FtZV4wMDAwMDAsIApJIGFzayB0aGF0IHlvdSBicmluZyBtZQpeMzM1NUZGMTAgQXF1YW1hcmluZXNeMDAwMDAwLApeMzM1NUZGMzAgU3RlZWxeMDAwMDAwLCBhbmQKXjMzNTVGRjQ4LDAwMCB6ZW55XjAwMDAwMC4=,,,,,W0thaWJhcmFdClBhcmEgdW1hIF5GRjAwMDBNdXJhc2FtZV4wMDAwMDAsIApwZcOnbyBxdWUgdm9jw6ogbWUgdHJhZ2EKXjMzNTVGRjEwIEFxdWFtYXJpbmFzXjAwMDAwMCwKXjMzNTVGRjMwIEHDp29zXjAwMDAwMCBlCl4zMzU1RkY0OC4wMDAgemVueV4wMDAwMDAu,,W0thaWJhcmFdClBhcmEgZmFicmljYXIgdW5hIF42NjAwMDBNdXJhc2FtZV4wMDAwMDAsIAp0ZSBwaWRvIHF1ZSBtZSB0cmFpZ2FzIGxvIHNpZ3VpZW50ZToKXjMzNTVGRjEwIEFndWFtYXJpbmFzXjAwMDAwMCwKXjMzNTVGRjMwIHVuaWRhZGVzIGRlIEFjZXJvXjAwMDAwMCB5Cl4zMzU1RkY0OCAwMDAgemVueV4wMDAwMDAu
Rb7RAg,,W0thaWJhcmFdCklmIHlvdSd2ZSBhbHJlYWR5IHByZXBhcmVkCmV2ZXJ5dGhpbmcgdGhhdCBJIHJlcXVpcmUsIHRoZW4KSSBjYW4gZ28gYWhlYWQgYW5kIGdpdmUgeW91CnRoYXQgc3dvcmQgbm93LiBXb3VsZCB5b3UKbGlrZSB0byBoYXZlIGEgTXVyYXNhbWU/,,,,,W0thaWJhcmFdClNlIHZvY8OqIGrDoSBwcmVwYXJvdQp0dWRvIG8gcXVlIGV1IHByZWNpc28sIGVudMOjbwpwb3NzbyBsaGUgZGFyCmVzc2EgZXNwYWRhIGFnb3JhLiBWb2PDqiBxdWVyCnRlciB1bWEgTXVyYXNhbWU/,,W0thaWJhcmFdClNpIHlhIHByZXBhcmFzdGUKdG9kbyBsbyBxdWUgbmVjZXNpdG8sCnB1ZWRvIGRhcnRlCmVzYSBlc3BhZGEgYWhvcmEuIMK/VGUgZ3VzdGFyw61hCnRlbmVyIHVuYSBNdXJhc2FtZT8=
Rr7RAg,,W0thaWJhcmFdClZlcnkgd2VsbC4gRXZlcnl0aGluZwpzZWVtcyB0byBiZSBvcmRlci4gR29vZH4KUGxlYXNlIHRha2UgdGhpcyBNdXJhc2FtZS4KSSB0cnVzdCB0aGF0IGl0IHdpbGwgc2VydmUgeW91CndlbGwgaW4geW91ciBiYXR0bGVzLg==,,,,,W0thaWJhcmFdCk11aXRvIGJlbS4gVHVkbwpwYXJlY2UgZXN0YXIgZW0gb3JkZW0uIMOTdGltbyEKUG9yIGZhdm9yLCBwZWd1ZSBlc3RhIE11cmFzYW1lLgpBY3JlZGl0byBxdWUgZWxhIGxoZSBzZXJ2aXLDoQpiZW0gZW0gc3VhcyBiYXRhbGhhcy4=,,W0thaWJhcmFdCk11eSBiaWVuLiBUb2RvCnBhcmVjZSBlc3RhciBlbiBvcmRlbi4gQmllbi4KVG9tYSBlc3RhIE11cmFzYW1lLgpDb25mw61vIGVuIHF1ZSB0ZSBzZXLDoQrDunRpbCBlbiB0dXMgYmF0YWxsYXMu
R77RAg,,W0thaWJhcmFdCllvdSd2ZSBicm91Z2h0IHRoZQptYXRlcmlhbHMgdGhhdCBJIHJlcXVpcmUsCmJ1dCB5b3UgZG9uJ3QgaGF2ZSBlbm91Z2g=,,,,,W0thaWJhcmFdClZvY8OqIHRyb3V4ZSBvcwptYXRlcmlhaXMgcXVlIGV1IHByZWNpc28sCm1hcyB2b2PDqiBuw6NvIHRlbSBvIHN1ZmljaWVudGUu,,W0thaWJhcmFdClRyYWppc3RlCmxvcyBtYXRlcmlhbGVzIHF1ZSBuZWNlc2l0bywKcGVybyBubyB0aWVuZXMgc3VmaWNpZW50ZXMgemVueS4=
SL7RAg,,W0thaWJhcmFdCkluIG9yZGVyIHRvIE1ha2UgTXVyYXNhbWUKXkZGMDAwMDMwIFN0ZWVscyxeMDAwMDAwCl5GRjAwMDAxMCBBcXVhbWFyaW5lc14wMDAwMDAsCmFuZCBeRkYwMDAwNDgsMDAwIFplbnleMDAwMDAwIAppcyByZXF1aXJlZC4gUmVtZW1iZXIgdGhpcyBhbmQKUGxlYXNlIGNoZWNrIGFuZCBjb21lIGJhY2su,,,,,W0thaWJhcmFdClBhcmEgZmF6ZXIgYSBNdXJhc2FtZSwKXkZGMDAwMDMwIEHDp29zLF4wMDAwMDAKXkZGMDAwMDEwIEFxdWFtYXJpbmFzXjAwMDAwMCwKZSBeRkYwMDAwNDguMDAwIFplbnleMDAwMDAwIApzw6NvIG5lY2Vzc8Ohcmlvcy4KRW5jb250cmUgdHVkbyBlIHZvbHRlLg==,,W0thaWJhcmFdClBhcmEgZmFicmljYXIgdW5hIE11cmFzYW1lLCBzZSBuZWNlc2l0YSBsbyBzaWd1aWVudGU6Cl42NjAwMDAzMCB1bmlkYWRlcyBkZSBBY2Vyb14wMDAwMDAsCl42NjAwMDAxMCBBZ3VhbWFyaW5hc14wMDAwMDAKeSBeNjYwMDAwNDggMDAwIHplbnleMDAwMDAwIApSZWN1ZXJkYSBlc3RvIHkgYXNlZ8O6cmF0ZSBkZSB0ZW5lciB0b2RvIGFudGVzIGRlIHZvbHZlci4=
Sb7RAg,,W0thaWJhcmFdCkZvciBhIF5GRjAwMDBIYWt1amluXjAwMDAwMCwgSSBhc2sKeW91IGJyaW5nIG1lCl4zMzU1RkYxMCBMZXZlbCAzIEhlYWwgU2Nyb2xsc14wMDAwMDAsCl4zMzU1RkY1MDAgU2tlbC1Cb25lc14wMDAwMDAsCl4zMzU1RkY1IFBlYXJsc14wMDAwMDAsIGFuZApeMzM1NUZGMTIwLDAwMCB6ZW55XjAwMDAwMC4=,,,,,W0thaWJhcmFdClBhcmEgdW1hIF5GRjAwMDBIYWt1amluXjAwMDAwMCwgZXUgcGXDp28KcXVlIHZvY8OqIG1lIHRyYWdhCl4zMzU1RkYxMCBQZXJnYW1pbmhvcyBkZSBDdXJhIE7DrXZlbCAzXjAwMDAwMCwKXjMzNTVGRjUwMCBFc3F1ZWxlLU9zc29zXjAwMDAwMCwKXjMzNTVGRjUgUMOpcm9sYXNeMDAwMDAwLCBlCl4zMzU1RkYxMjAuMDAwIHplbnleMDAwMDAwLg==,,W0thaWJhcmFdClBhcmEgZmFicmljYXIgdW5hIF42NjAwMDBIYWt1amluXjAwMDAwMCwgdGUgcGlkbwpxdWUgbWUgdHJhaWdhcyBsbyBzaWd1aWVudGU6Cl4yNTAyRkQxMCBQZXJnYW1pbm9zIGRlIGN1cmFjacOzbiBkZSBuaXZlbCAzXjAwMDAwMCwKXjI1MDJGRDUwMCBIdWVzb3MgZGUgZXNxdWVsZXRvXjAwMDAwMCwKXjI1MDJGRDUgUGVybGFzXjAwMDAwMCB5Cl4yNTAyRkQxMjAgMDAwIHplbnleMDAwMDAwLg==
Sr7RAg,,W0thaWJhcmFdCklmIHlvdSd2ZSBhbHJlYWR5IHByZXBhcmVkCmV2ZXJ5dGhpbmcgdGhhdCBJIHJlcXVpcmUsIHRoZW4KSSBjYW4gZ28gYWhlYWQgYW5kIGdpdmUgeW91CnRoYXQgc3dvcmQgbm93LiBXb3VsZCB5b3UKbGlrZSB0byBoYXZlIGEgSGFrdWppbj8=,,,,,W0thaWJhcmFdClNlIHZvY8OqIGrDoSBwcmVwYXJvdQp0dWRvIG8gcXVlIGV1IHByZWNpc28sIGVudMOjbwpwb3NzbyBsaGUgZGFyCmVzc2EgZXNwYWRhIGFnb3JhLiBWb2PDqiBxdWVyCnRlciB1bWEgSGFrdWppbj8=,,W0thaWJhcmFdClNpIHlhIHByZXBhcmFzdGUKdG9kbyBsbyBxdWUgbmVjZXNpdG8sCnB1ZWRvIGRhcnRlCmVzYSBlc3BhZGEgYWhvcmEuIMK/VGUgZ3VzdGFyw61hCnRlbmVyIHVuYSBIYWt1amluPw==
S77RAg,,W0thaWJhcmFdClZlcnkgd2VsbC4gRXZlcnl0aGluZwpzZWVtcyB0byBiZSBvcmRlci4gR29vZH4KUGxlYXNlIHRha2UgdGhpcyBIYWt1amluLgpJIHRydXN0IHRoYXQgaXQgd2lsbCBzZXJ2ZSB5b3UKd2VsbCBpbiB5b3VyIGJhdHRsZXMu,,,,,W0thaWJhcmFdCk11aXRvIGJlbS4gVHVkbwpwYXJlY2UgZXN0YXIgZW0gb3JkZW0uIMOTdGltbyEKUG9yIGZhdm9yLCBwZWd1ZSBlc3RhIEhha3VqaW4uCkFjcmVkaXRvIHF1ZSBlbGEgbGhlIHNlcnZpcsOhCmJlbSBlbSBzdWFzIGJhdGFsaGFzLg==,,W0thaWJhcmFdCk11eSBiaWVuLiBUb2RvCnBhcmVjZSBlc3RhciBlbiBvcmRlbi4gQmllbi4KVG9tYSBlc3RhIEhha3VqaW4uCkNvbmbDrW8gZW4gcXVlIHRlIHNlcsOhCsO6dGlsIGVuIHR1cyBiYXRhbGxhcy4=
TL7RAg,,W0thaWJhcmFdCkluIG9yZGVyIHRvIG1ha2UgSGFrdWppbgpeRkYwMDAwNTAwIFNrZWwtQm9uZXMsXjAwMDAwMApeRkYwMDAwNSBQZWFybHNeMDAwMDAwLApeRkYwMDAwMTAgTHYuMyBIZWFsIFNjcm9sbHNeMDAwMDAwLAphbmQgXkZGMDAwMDEyMCwwMDAgWmVueV4wMDAwMDAKaXMgcmVxdWlyZWQuIFJlbWVtYmVyIHRoaXMgYW5kClBsZWFzZSBjaGVjayBhbmQgY29tZSBiYWNrLg==,,,,,W0thaWJhcmFdClBhcmEgZmF6ZXIgYSBIYWt1amluLApeRkYwMDAwNTAwIEVzcXVlbGUtT3Nzb3MsXjAwMDAwMApeRkYwMDAwNSBQw6lyb2xhc14wMDAwMDAsCl5GRjAwMDAxMCBQZXJnYW1pbmhvcyBkZSBDdXJhIGRlIE7DrXZlbCAzXjAwMDAwMCwKZSBeRkYwMDAwMTIwLjAwMCBaZW55XjAwMDAwMApzw6NvIG5lY2Vzc8Ohcmlvcy4KRW5jb250cmUgdHVkbyBlIHZvbHRlLg==,,W0thaWJhcmFdClBhcmEgZmFicmljYXIgdW5hIEhha3VqaW4sIHNlIG5lY2VzaXRhIGxvIHNpZ3VpZW50ZToKXjY2MDAwMDUwMCBIdWVzb3MgZGUgZXNxdWVsZXRlXjAwMDAwMCwKXjY2MDAwMDUgUGVybGFzXjAwMDAwMCwKXjY2MDAwMDEwIFBlcmdhbWlub3MgZGUgY3VyYWNpw7NuIGRlIG5pdmVsIDNeMDAwMDAwCnkgXjY2MDAwMDEyMCAwMDAgemVueV4wMDAwMDAKUmVjdWVyZGEgZXN0byB5IGFzZWfDunJhdGUgZGUgdGVuZXIgdG9kbyBhbnRlcyBkZSB2b2x2ZXIu
Tb7RAg,,W0thaWJhcmFdClRoYW5rIHlvdSBmb3IKdmlzaXRpbmcgbXkgc2hvcC4KUGxlYXNlIGNvbWUgYWdhaW4gc29vbi4=,,,,,W0thaWJhcmFdCk9icmlnYWRvIHBvciB2aXNpdGFyCmEgbWluaGEgbG9qYS4KUG9yIGZhdm9yLCB2b2x0ZSBlbSBicmV2ZS4=,,W0thaWJhcmFdCkdyYWNpYXMgcG9yCnZpc2l0YXIgbWkgdGllbmRhLgpWdWVsdmUgcHJvbnRvLg==
Tr7RAg,,W0thaWJhcmFdClRoZXJlIGFyZSBzb21lIHBlb3BsZSBsb29raW5nIGZvciBtZSBoZXJlLCBzbyBJIHBlcnNvbmFsbHkgdmlzaXQgQW1hdHN1IGFuZCBoZXJlIGJ5IHRha2luZyB0dXJucy4gSXMgdGhlcmUgYW55dGhpbmcgeW91IHdhbnQgZnJvbSBtZT8=,,,,,W0thaWJhcmFdCkjDoSBhbGd1bWFzIHBlc3NvYXMgcHJvY3VyYW5kbyBwb3IgbWltIGFxdWksIGVudMOjbyBldSBmaWNvIHJldmV6YW5kbyBlbnRyZSBhcXVpIGUgQW1hdHN1LiBIw6EgYWxnbyBxdWUgdm9jw6ogcXVlaXJhIGRlIG1pbT8=,,W0thaWJhcmFdCkhheSBnZW50ZSBidXNjw6FuZG9tZSBhcXXDrSwgYXPDrSBxdWUgYWx0ZXJubyBlbnRyZSBlc3RlIGx1Z2FyIHkgQW1hdHN1LiDCv05lY2VzaXRhcyBhbGdvIGRlIG3DrT8=
T77RAg,,W0thaWJhcmFdCk1tfiBZb3UgcGlja2VkIHRoZSBLaHVrcmkuCktodWtyaSBpcyBhIHN3b3JkIG1hZGUKd2l0aCBkcmFnb24ncyBzY2FsZS4=,,,,,W0thaWJhcmFdCkh1bX4gVm9jw6ogZXNjb2xoZXUgYSBLaHVrcmkuCkEgS2h1a3JpIMOpIHVtYSBlc3BhZGEgZmVpdGEKY29tIGVzY2FtYXMgZGUgZHJhZ8Ojby4=,,W0thaWJhcmFdCk1tLiBFbGVnaXN0ZSBsYSBLaHVrcmkuClVuYSBLaHVrcmkgZXMgdW5hIGVzcGFkYSBoZWNoYQpjb24gRXNjYW1hcyBkZSBkcmFnw7NuLg==
UL7RAg,,W0thaWJhcmFdCk1hdGVyaWFscyBhcmUgNDAwIERyYWdvbidzIFNjYWxlcywKNSBPcmlkZWNvbnMsIERyYWdvbidzX1NraW4KMzAgcGllY2VzLCBhbmQgMjAwLDAwMCBaZW55IGlzIHJlcXVpcmVkLgpXb3VsZCBsaWtlIG1lIHRvIGNyZWF0ZSBvbmU/,,,,,W0thaWJhcmFdCk9zIG1hdGVyaWFpcyBzw6NvIDQwMCBFc2NhbWFzIGRlIERyYWfDo28sCjUgT3JpZGVjb25zLCAzMCBQZWxlcyBkZSBEcmFnw6NvCmUgMjAwLjAwMCBaZW55LgpHb3N0YXJpYSBxdWUgZXUgY3JpYXNzZSB1bWE/,,W0thaWJhcmFdCkxvcyBtYXRlcmlhbGVzIG5lY2VzYXJpb3Mgc29uIDQwMCBFc2NhbWFzIGRlIGRyYWfDs24sCjUgdW5pZGFkZXMgZGUgT3JpZGVjb24sIDMwIFBpZWxlcwpkZSBkcmFnw7NuIHkgMjAwIDAwMCB6ZW55LgrCv1F1aWVyZXMgcXVlIGZhYnJpcXVlIHVuYT8=
Ub7RAg,,SSBkb24ndCB3YW50IGl0LiBJdCdzIHRvbyBleHBlbnNpdmUu,,,,,RXUgbsOjbyBxdWVyby4gw4kgbXVpdG8gY2Fyby4=,,Tm8gcXVpZXJvLiBFcyBkZW1hc2lhZG8gY2FyYS4=
Ur7RAg,,WWVzISBJIHdhbnQgaXQh,,,,,U2ltLCBldSBxdWVybyE=,,wqFTw60hIMKhTGEgcXVpZXJvIQ==
U77RAg,,W0thaWJhcmFdCk1tLiBXZWxsIGl0IGlzIG5vdCBlYXN5CnRvIGdldCB0aG9zZSBtYXRlcmlhbHMuLi4KT2suIE1heWJlIGxhdGVyCmlmIHlvdSBnZXQgdGhvc2UgbWF0ZXJpYWxzLAp2aXNpdCBtZSBhbnl0aW1lLg==,,,,,W0thaWJhcmFdCkh1bS4gQmVtLCBuw6NvIMOpIGbDoWNpbApjb25zZWd1aXIgZXNzZXMgbWF0ZXJpYWlzLi4uClTDoSBib20uIFRhbHZleiBtYWlzIHRhcmRlLApzZSB2b2PDqiBjb25zZWd1aXIgZXNzZXMgbWF0ZXJpYWlzLApwb2RlIG1lIHZpc2l0YXIu,,W0thaWJhcmFdCk1tLiBQdWVzIG5vIGVzIGbDoWNpbApjb25zZWd1aXIgZXNvcyBtYXRlcmlhbGVz4oCmCkRlIGFjdWVyZG8uIFF1aXrDoSBtw6FzIHRhcmRlLgpTaSBjb25zaWd1ZXMgZXNvcyBtYXRlcmlhbGVzLAp2aXPDrXRhbWUgY3VhbmRvIHF1aWVyYXMu
VL7RAg,,W0thaWJhcmFdCllvdXIgYmFnIGRvZXMgbm90IGhhdmUgZW1wdHkgc3BhY2UKSSBjYW5ub3QgZ2l2ZSB5b3UgdGhlIG9uZSBJIG1ha2UKUGxlYXNlIG1ha2UgZW5vdWdoIHNwYWNlCmFuZCBjb21lIGJhY2sgYWdhaW4u,,,,,W0thaWJhcmFdClN1YSBib2xzYSBuw6NvIHRlbSBlc3Bhw6dvIG5vIGludmVudMOhcmlvLgpOw6NvIHBvc3NvIGxoZSBkYXIgYSBxdWUgZXUgZml6LgpQb3IgZmF2b3IsIHRlbmhhIGVzcGHDp28gc3VmaWNpZW50ZQplIHZvbHRlIG5vdmFtZW50ZS4=,,W0thaWJhcmFdClR1IGJvbHNvIG5vIHRpZW5lIGVzcGFjaW8gbGlicmUuCk5vIHB1ZWRvIGRhcnRlIGxhIHF1ZSBoaWNlLgpIYXogZXNwYWNpbyBzdWZpY2llbnRlCnkgbHVlZ28gcmVncmVzYS4=
Vb7RAg,,W0thaWJhcmFdCk1tLCBnb29kLgpJIGNoZWNrZWQgZXZlcnkKTWF0ZXJpYWxzIGFuZCBtb25leS4KVGFrZSB0aGlzIGNvbXBsZXRlZApLaHVrcmku,,,,,W0thaWJhcmFdCkh1bSwgYm9tLgpFdSB2ZXJpZmlxdWVpIHRvZG9zIG9zCm1hdGVyaWFpcyBlIG8gZGluaGVpcm8uClBlZ3VlIGVzdGEKS2h1a3JpLg==,,W0thaWJhcmFdCk1tLCBiaWVuLgpDb21wcm9iw6kgY2FkYQptYXRlcmlhbCB5IGVsIGRpbmVyby4KVG9tYSBlc3RhCktodWtyaSB0ZXJtaW5hZGEu
Vr7RAg,,W0thaWJhcmFdClRoZSBiYWcgeW91IGhhdmUKbWlnaHQgYmUgZXhwbG9kZWQKaWYgeW91IHB1dCB0aGUgc3dvcmQgaSBnYXZlIHlvdS4KV2h5IGRvbid0IHlvdSBtYWtlIHNwYWNlLg==,,,,,W0thaWJhcmFdCkEgYm9sc2EgcXVlIHZvY8OqIHRlbQpwb2RlIGV4cGxvZGlyCnNlIHZvY8OqIGNvbG9jYXIgYSBhcm1hIHF1ZSBldSBsaGUgZGVpLgpQb3IgcXVlIHZvY8OqIG7Do28gY3JpYSBlc3Bhw6dvPw==,,W0thaWJhcmFdClR1IGJvbHNvCnBvZHLDrWEgZXhwbG90YXIKc2kgbGUgbWV0ZXMgbGEgZXNwYWRhIHF1ZSB0ZSBkaS4Kwr9Qb3IgcXXDqSBubyBoYWNlcyBsdWdhcj8=
V77RAg,,W0thaWJhcmFdCkluIG9yZGVyIHRvIG1ha2UgS2h1a3VyaQpJbiBvcmRlciB0byBtYWtlIEtodWt1cmkKTWF0ZXJpYWxzIF5GRjAwMDA0MDAgRHJhZ29uIFNjYWxlLF4wMDAwMDAKXkZGMDAwMDUgT3JpZGVjb25zXjAwMDAwMCwgXkZGMDAwMERyYWdvbidzX1NraW5eMDAwMDAwCl5GRjAwMDAzMCBwaWVjZXNeMDAwMDAwLCBhbmQgXkZGMDAwMDIwMCwwMDAgWmVueV4wMDAwMDAKaXMgcmVxdWlyZWQuClBsZWFzZSBjaGVjayBhbmQgY29tZSBiYWNrLg==,,,,,W0thaWJhcmFdClBhcmEgZmF6ZXIgYSBLaHVrcmlpOgpQYXJhIGZhemVyIGEgS2h1a3JpaToKT3MgbWF0ZXJpYWlzIHPDo28gXkZGMDAwMDQwMCBFc2NhbWFzIGRlIGRyYWfDo28sXjAwMDAwMApeRkYwMDAwNSBPcmlkZWNvbnNeMDAwMDAwLCBeRkYwMDAwMzBeMDAwMDAwCl5GRjAwMDBQZWxlcyBkZSBEcmFnw6NvXjAwMDAwMCBlIF5GRjAwMDAyMDAuMDAwIFplbnleMDAwMDAwLgpQb3IgZmF2b3IsIAp2ZXJpZmlxdWUgYXMgcXVhbnRpZGFkZXMgZSByZXRvcm5lLg==,,W0thaWJhcmFdClBhcmEgZmFicmljYXIgdW5hIEtodWtyaSwKTG9zIG1hdGVyaWFsZXMgbmVjZXNhcmlvcyBzb24gXjY2MDAwMDQwMCBFc2NhbWFzIGRlIGRyYWfDs24sXjAwMDAwMApeNjYwMDAwNSB1bmlkYWRlcyBkZSBPcmlkZWNvbl4wMDAwMDAsIF42NjAwMDAzMCBQaWVsZXNeMDAwMDAwCl42NjAwMDBkZSBkcmFnw7NuXjAwMDAwMCB5IF42NjAwMDAyMDAgMDAwIHplbnleMDAwMDAwLgpQb3IgZmF2b3IsIGFzZWfDunJhdGUgZGUgdGVuZXIgdG9kbyB5IHJlZ3Jlc2Eu
WL7RAg,,W0thaWJhcmFdClRoZXJlIGFyZSBub3QgZW5vdWdoIG1hdGVyaWFscwp0byBtYWtlIHRoaXMu,,,,,W0thaWJhcmFdCk7Do28gaMOhIG1hdGVyaWFpcyBzdWZpY2llbnRlcwpwYXJhIGZhemVyIGlzc28u,,W0thaWJhcmFdCk5vIGhheSBzdWZpY2llbnRlcyBtYXRlcmlhbGVzCmNvbW8gcGFyYSBoYWNlcmxhLg==
Wb7RAg,,W0thaWJhcmFdCk1tfiAgWW91IHBpY2tlZCBeRkYwMDAwSml0dGVeMDAwMDAwLgpKaXR0ZSBpcyBhIGxlZ2VuZGFyeSBzd29yZCB0aGF0CnRoZSBtb3JlIHlvdSBoaXQgdGhlIHN0cm9uZ2VyIGl0IGJlY29tZS4=,,,,,W0thaWJhcmFdCkh1bX4gVm9jw6ogZXNjb2xoZXUgYSBeRkYwMDAwSml0dGVeMDAwMDAwLgpKaXR0ZSDDqSB1bWEgZXNwYWRhIGxlbmTDoXJpYSBxdWUKcXVhbnRvIG1haXMgdm9jw6ogYmF0ZSwgbWFpcyBmb3J0ZSBlbGEgc2UgdG9ybmEu,,W0thaWJhcmFdCk1tLiBFbGVnaXN0ZSBsYSBeNjYwMDAwSml0dGVeMDAwMDAwLgpVbmEgSml0dGUgZXMgdW5hIGVzcGFkYSBsZWdlbmRhcmlhIHF1ZQpjdWFudG8gbcOhcyBnb2xwZXMgYWNpZXJ0YXMsIG3DoXMgZnVlcnRlIHNlIHZ1ZWx2ZS4=
Wr7RAg,,W0thaWJhcmFdCk1hdGVyaWFscyAzMCBTdGVlbHMsIDEgT2xkX0hpbHQKYW5kIDIwLDAwMCBaZW55IGlzIHJlcXVpcmVkLgpXb3VsZCBsaWtlIG1lIHRvIGNyZWF0ZSBvbmU/,,,,,W0thaWJhcmFdCjMwIEHDp29zLCAxIEJhaW5oYSBWZWxoYQplIDIwLjAwMCBaZW55IHPDo28gbmVjZXNzw6FyaW9zLgpHb3N0YXJpYSBxdWUgZXUgY3JpYXNzZSB1bWE/,,W0thaWJhcmFdCkxvcyBtYXRlcmlhbGVzIG5lY2VzYXJpb3Mgc29uIDMwIHVuaWRhZGVzIGRlIEFjZXJvLCAxIEVtcHXDsWFkdXJhIGFudGlndWEKeSAyMCAwMDAgemVueS4Kwr9RdWllcmVzIHF1ZSBmYWJyaXF1ZSB1bmE/
W77RAg,,W0thaWJhcmFdCk1tLiBXZWxsIGl0IGlzIG5vdCBlYXN5CnRvIGdldCB0aG9zZSBtYXRlcmlhbHMuCk9rLiBNYXliZSBsYXRlcgppZiB5b3UgZ2V0IHRob3NlIG1hdGVyaWFscywKdmlzaXQgbWUgYW55dGltZS4=,,,,,W0thaWJhcmFdCkh1bS4gQmVtLCBuw6NvIMOpIGbDoWNpbApjb25zZWd1aXIgZXNzZXMgbWF0ZXJpYWlzLi4uClTDoSBib20uIFRhbHZleiBtYWlzIHRhcmRlLApzZSB2b2PDqiBjb25zZWd1aXIgZXNzZXMgbWF0ZXJpYWlzLApwb2RlIG1lIHZpc2l0YXIu,,W0thaWJhcmFdCk1tLiBQdWVzIG5vIGVzIGbDoWNpbApjb25zZWd1aXIgZXNvcyBtYXRlcmlhbGVzLgpEZSBhY3VlcmRvLiBRdWl6w6EgbcOhcyB0YXJkZS4KU2kgY29uc2lndWVzIGVzb3MgbWF0ZXJpYWxlcywKdmlzw610YW1lIGN1YW5kbyBxdWllcmFzLg==
XL7RAg,,W0thaWJhcmFdCk1tLCBnb29kLgpJIGNoZWNrZWQgZXZlcnkKTWF0ZXJpYWxzIGFuZCBtb25leS4KSSBnYXZlIHlvdSB0aGUgY29tcGxldGVkCkppdHRlLg==,,,,,W0thaWJhcmFdCkh1bSwgYm9tLgpFdSB2ZXJpZmlxdWVpIHRvZG9zIG9zCm1hdGVyaWFpcyBlIG8gZGluaGVpcm8uClBlZ3VlIGVzdGEKSml0dGUu,,W0thaWJhcmFdCk1tLCBiaWVuLgpDb21wcm9iw6kgY2FkYQptYXRlcmlhbCB5IGVsIGRpbmVyby4KVGUgZGkgbGEKSml0dGUgdGVybWluYWRhLg==
Xb7RAg,,W0thaWJhcmFdCk1ufiAgWW91IHBpY2tlZF5GRjAwMDBTbG90dGVkIEFzdXJhXjAwMDAwMC4KSW4gb3JkZXIgdG8gbWFrZSBTbG90dGVkIEFzdXJhCjI1IFN0ZWVscywgNSBPbGQgTWFnaWMgQ2lyY2xlcwphbmQgMzIsMDAwIFplbnkgaXMgcmVxdWlyZWQuCldvdWxkIGxpa2UgbWUgdG8gY3JlYXRlIG9uZT8=,,,,,W0thaWJhcmFdClZvY8OqIGVzY29saGV1IGEgXkZGMDAwMEFzdXJhIGNvbSBTbG90XjAwMDAwMC4KUGFyYSBjcmnDoS1sYSwgcHJlY2lzbyBkZToKMjUgQcOnb3MsIDUgQ8OtcmN1bG9zIE3DoWdpY29zIEFudGlnb3MsCmUgMzIuMDAwIHplbnkuCkdvc3RhcmlhIHF1ZSBldSBjcmlhc3NlIHVtYT8=,,W0thaWJhcmFdCk1tLiBFbGVnaXN0ZSBsYV42NjAwMDBBc3VyYSBjb24gcmFudXJhc14wMDAwMDAuClBhcmEgZmFicmljYXIgdW5hIEFzdXJhIGNvbiByYW51cmFzLApsb3MgbWF0ZXJpYWxlcyBuZWNlc2FyaW9zIHNvbiAyNSB1bmlkYWRlcyBkZSBBY2VybywgNSBDw61yY3Vsb3MgbcOhZ2ljb3MgYW50aWd1b3MKeSAzMiAwMDAgemVueS4Kwr9RdWllcmVzIHF1ZSBmYWJyaXF1ZSB1bmE/
Xr7RAg,,W0thaWJhcmFdCk1tLCBnb29kLgpJIGNoZWNrZWQgZXZlcnkKTWF0ZXJpYWxzIGFuZCBtb25leS4KUGxlYXNlIHRha2UgdGhpcyBjb21wbGV0ZWQKQXN1cmEu,,,,,W0thaWJhcmFdCkh1bSwgYm9tLgpFdSB2ZXJpZmlxdWVpIHRvZG9zIG9zCm1hdGVyaWFpcyBlIG8gZGluaGVpcm8uClBlZ3VlIGVzdGEKQXN1cmEu,,W0thaWJhcmFdCk1tLCBiaWVuLgpDb21wcm9iw6kgY2FkYQptYXRlcmlhbCB5IGVsIGRpbmVyby4KVG9tYSBlc3RhCkFzdXJhIHRlcm1pbmFkYS4=
X77RAg,,W0thaWJhcmFdCk1tfiBZb3UgcGlja2VkIF5GRjAwMDBNdXJhc2FtZV4wMDAwMDAuCkluIG9yZGVyIHRvIG1ha2UgTXVyYXNhbWUKMzAgU3RlZWxzLCAxMCBBcXVhbWFyaW5lcwphbmQgNDgsMDAwIFplbnkgaXMgcmVxdWlyZWQuCldvdWxkIGxpa2UgbWUgdG8gY3JlYXRlIG9uZT8=,,,,,W0thaWJhcmFdCk1tfiBWb2PDqiBlc2NvbGhldSBhXkZGMDAwME11cmFzYW1lXjAwMDAwMC4KUGFyYSBmYXplciBhIE11cmFzYW1lCjMwIEHDp29zLCAxMCBBcXVhbWFyaW5hcwplIDQ4LjAwMCBaZW55IHPDo28gbmVjZXNzw6FyaW9zLgpHb3N0YXJpYSBxdWUgZXUgY3JpYXNzZSB1bT8=,,W0thaWJhcmFdCk1tLiBFbGVnaXN0ZSBsYSBeNjYwMDAwTXVyYXNhbWVeMDAwMDAwLgpQYXJhIGZhYnJpY2FyIHVuYSBNdXJhc2FtZSwKbG9zIG1hdGVyaWFsZXMgbmVjZXNhcmlvcyBzb24gMzAgdW5pZGFkZXMgZGUgQWNlcm8sIDEwIEFndWFtYXJpbmFzCnkgNDggMDAwIHplbnkuCsK/UXVpZXJlcyBxdWUgZmFicmlxdWUgdW5hPw==
YL7RAg,,W0thaWJhcmFdCk1tLCBnb29kLgpJIGNoZWNrZWQgZXZlcnkKTWF0ZXJpYWxzIGFuZCBtb25leS4KUGxlYXNlIHRha2UgdGhpcyBjb21wbGV0ZWQKTXVyYXNhbWUu,,,,,W0thaWJhcmFdCkh1bSwgYm9tLgpFdSB2ZXJpZmlxdWVpIHRvZG9zIG9zCm1hdGVyaWFpcyBlIG8gZGluaGVpcm8uClBlZ3VlIGVzdGEKTXVyYXNhbWUu,,W0thaWJhcmFdCk1tLCBiaWVuLgpDb21wcm9iw6kgY2FkYQptYXRlcmlhbCB5IGVsIGRpbmVyby4KVG9tYSBlc3RhCk11cmFzYW1lLg==
Yb7RAg,,W0thaWJhcmFdCk1tfiB5b3UgcGlja2VkIF5GRjAwMDBIYWt1amluXjAwMDAwMC4KaW4gb3JkZXIgdG8gbWFrZSBIYWt1amluCjUwMCBTa2VsLUJvbmVzLCA1IFBlYXJscwoxMCBMdi4zIEhlYWwgU2Nyb2xscwphbmQgMTIwLDAwMCBaZW55IGlzIHJlcXVpcmVkLgpXb3VsZCBsaWtlIG1lIHRvIGNyZWF0ZSBvbmU/,,,,,W0thaWJhcmFdCk1tfiB2b2PDqiBlc2NvbGhldSBhIF5GRjAwMDBIYWt1amluXjAwMDAwMC4KcGFyYSBmYXplciBhIEhha3VqaW4sCjUwMCBFc3F1ZWxlLU9zc28sIDUgUMOpcm9sYXMsCjEwIFBlcmdhbWluaG9zIGRlIEN1cmEgTsOtdmVsIDMKZSAxMjAuMDAwIFplbnkgc8OjbyBuZWNlc3PDoXJpb3MuCkdvc3RhcmlhIHF1ZSBldSBjcmlhc3NlIHVtYT8=,,W0thaWJhcmFdCk1tLiBFbGVnaXN0ZSBsYSBeNjYwMDAwSGFrdWppbl4wMDAwMDAuClBhcmEgZmFicmljYXIgdW5hIEhha3VqaW4sCmxvcyBtYXRlcmlhbGVzIG5lY2VzYXJpb3Mgc29uIDUwMCBIdWVzb3MgZGUgZXNxdWVsZXRvLCA1IFBlcmxhcywKMTAgUGVyZ2FtaW5vcyBkZSBjdXJhY2nDs24gZGUgbml2ZWwgMwp5IDEyMCAwMDAgemVueS4Kwr9RdWllcmVzIHF1ZSBmYWJyaXF1ZSB1bmE/
Yr7RAg,,W0thaWJhcmFdCk1tLCBnb29kLgpJIGNoZWNrZWQgZXZlcnkKTWF0ZXJpYWxzIGFuZCBtb25leS4KUGxlYXNlIHRha2UgdGhpcyBjb21wbGV0ZWQKSGFrdWppbi4=,,,,,W0thaWJhcmFdCkh1bSwgYm9tLgpFdSB2ZXJpZmlxdWVpIHRvZG9zIG9zCm1hdGVyaWFpcyBlIG8gZGluaGVpcm8uClBlZ3VlIGVzdGEKSGFrdWppbi4=,,W0thaWJhcmFdCk1tLCBiaWVuLgpDb21wcm9iw6kgY2FkYQptYXRlcmlhbCB5IGVsIGRpbmVyby4KVG9tYSBlc3RhCkhha3VqaW4u
Y77RAg,,W0thaWJhcmFdCk1tLCBvay4KUGxlYXNlIGNvbWUgYmFjayBsYXRlci4=,,,,,W0thaWJhcmFdCkh1bSwgY2VydG8uClBvciBmYXZvciwgdm9sdGUgbWFpcyB0YXJkZS4=,,W0thaWJhcmFdCk1tLCBidWVuby4KVnVlbHZlIG3DoXMgdGFyZGUu
ZL7RAg,,VGV0c3U=,,,,,VGV0c3U=,,VGV0c3U=
Zb7RAg,,W1RldHN1XQpJIGFtIFRldHN1LCBhbiBhcnRpc2FuCndvcmtpbmcgZm9yIHRoZSBIdXVtYSBOaW5qYXMu,,,,,W1RldHN1XQpFdSBzb3UgVGV0c3UsIHVtIGFydGVzw6NvCnF1ZSB0cmFiYWxoYSBwYXJhIG9zIE5pbmphcyBIdXVtYS4=,,W1RldHN1XQpTb3kgVGV0c3UsIHVuIGFydGVzYW5vCnF1ZSB0cmFiYWphIHBhcmEgbG9zIE5pbmphcyBIdXVtYS4=
Zr7RAg,,W1RldHN1XQpCZWNhdXNlIG9mIG15IHBlcnNvbmFsIGhvYmJ5LCBnYW1ibGluZwpJIGdvdCBpbnRvIGEgdHJvYmxlIHdpdGggbW9uZXkKU28gSSBzdGFydGVkIGFnYWluIHdpdGgKV2VhcG9uIGNyZWF0aW9uLg==,,,,,W1RldHN1XQpQb3IgY2F1c2EgZGUgbWV1IGhvYmJ5LCBxdWUgw6kgYXBvc3Rhci4uLgpFc3RvdSBjb20gcHJvYmxlbWFzIG1vbmV0w6FyaW9zLgpFbnTDo28sIGNvbWVjZWkgbm92YW1lbnRlIGNvbSBhCmNyaWHDp8OjbyBkZSBhcm1hcy4=,,W1RldHN1XQpEZWJpZG8gYSBtaSBwYXNhdGllbXBvIHBlcnNvbmFsLCBsYXMgYXB1ZXN0YXMsCmNvbWVuY8OpIGEgdGVuZXIgcHJvYmxlbWFzIGRlIGRpbmVybywKYXPDrSBxdWUgdm9sdsOtIGEgdHJhYmFqYXIKZW4gbGEgY3JlYWNpw7NuIGRlIGFybWFzLg==
Z77RAg,,W1RldHN1XQpZb3UgZG9uJ3QgdGhpbmsgaSBhbSBidXQKSSBhbSB0aGUgYmVzdCBmb3IgU2h1cmlrZW4gd2VhcG9uCnNvIHlvdSBjYW4gdHJ1c3QgbWUuClBsZWFzZSBoYXZlIGEgbG9vayB3aGF0IHlvdSBtYXkgbGlrZS4=,,,,,W1RldHN1XQpWb2PDqiBwb2RlIGFjaGFyIHF1ZSBuw6NvLCBtYXMKc291IG8gbWVsaG9yIGVtIGFybWFzIFNodXJpa2VuLAplbnTDo28gcG9kZSBjb25maWFyIGVtIG1pbS4KUG9yIGZhdm9yLCBkw6ogdW1hIG9saGFkYSBubyBxdWUgdm9jw6ogcG9kZSBnb3N0YXIu,,W1RldHN1XQpRdWl6w6Egbm8gbG8gY3JlYXMsIHBlcm8Kc295IGVsIG1lam9yIGZhYnJpY2FudGUgZGUgU2h1cmlrZW4sCmFzw60gcXVlIHB1ZWRlcyBjb25maWFyIGVuIG3DrS4KRsOtamF0ZSBzaSBoYXkgYWxnbyBxdWUgdGUgZ3VzdGUu
aL7RAg,,SHV1bWEgV2luZyBTaHVyaWtlbg==,,,,,U2h1cmlrZW4gQWxhZG8gSHV1bWE=,,U2h1cmlrZW4gSHV1bWEgYWxhZG8u
ab7RAg,,SHV1bWEgR2lhbnQgV2hlZWwgU2h1cmlrZW4=,,,,,U2h1cmlrZW4gUm9kYS1HaWdhbnRlIEh1dW1h,,U2h1cmlrZW4gSHV1bWEgcnVlZGEgZ2lnYW50ZS4=
ar7RAg,,SHV1bWEgR2lhbnQgV2hlZWwgU2h1cmlrZW5bMV0=,,,,,U2h1cmlrZW4gUm9kYS1HaWdhbnRlIEh1dW1hWzFd,,IFNodXJpa2VuIEh1dW1hIHJ1ZWRhIGdpZ2FudGVbMV0u
a77RAg,,SHV1bWEgQmxhemUgU2h1cmlrZW4=,,,,,U2h1cmlrZW4gZGUgRm9nbyBIdXVtYQ==,,U2h1cmlrZW4gSHV1bWEgYXJkaWVudGUu
bL7RAg,,W1RldHN1XQpPaCwgeW91J2QgbGlrZSBhCl5GRjAwMDBIdXVtYSBXaW5nIFNodXJpa2VuXjAwMDAwMD8KSW4gb3JkZXIgdG8gbWFrZSB0aGlzLCBJIG5lZWQKXjMzNTVGRjUwIFN0ZWVsLApeMzM1NUZGMjAgSGFycHkgRmVhdGhlcnNeMDAwMDAwLApeMzM1NUZGNSBPcmlkZWNvbnNeMDAwMDAwLCBhbmQKXjMzNTVGRjkwLDAwMCB6ZW55XjAwMDAwMC4gU28gZGlkCnlvdSB3YW50IHRvIG9yZGVyIGEKSHV1bWEgV2luZyBTaHVyaWtlbj8=,,,,,W1RldHN1XQpBaCwgdm9jw6ogZ29zdGFyaWEgZGUgdW0KXkZGMDAwMFNodXJpa2VuIEFsYWRvIEh1dW1hXjAwMDAwMD8KUGFyYSBmYXplciBpc3NvLCBwcmVjaXNvIGRlCl4zMzU1RkY1MCBBw6dvcywKXjMzNTVGRjIwIFBlbmFzIGRlIEhhcnBpYV4wMDAwMDAsCl4zMzU1RkY1IE9yaWRlY29uc14wMDAwMDAgZQpeMzM1NUZGOTAuMDAwIHplbnkuXjAwMDAwMApFbnTDo28sIHF1ZXIgcGVkaXIgdW0KU2h1cmlrZW4gQWxhZG8gSHV1bWE/,,W1RldHN1XQpPaCwgwr90ZSBndXN0YXLDrWEgdGVuZXIgdW4KXjY2MDAwMFNodXJpa2VuIEh1dW1hIGFsYWRvXjAwMDAwMD8KUGFyYSBmYWJyaWNhcmxvLCBuZWNlc2l0byBsbyBzaWd1aWVudGU6Cl4zMzU1RkY1MCB1bmlkYWRlcyBkZSBBY2VybywKXjMzNTVGRjIwIFBsdW1hcyBkZSBhcnDDrWFeMDAwMDAwLApeMzM1NUZGNSB1bmlkYWRlcyBkZSBPcmlkZWNvbl4wMDAwMDAgeQpeMzM1NUZGOTAgMDAwIHplbnleMDAwMDAwLiBFbnRvbmNlcywgwr9xdWllcmVzIGVuY2FyZ2FyIHVuIFNodXJpa2VuIEh1dW1hIGFsYWRvPw==
bb7RAg,,WWVzIQ==,,,,,U2ltIQ==,,wqFTw60h
br7RAg,,W1RldHN1XQpBbHJpZ2h0LCBhbHJpZ2h0LgpCdXQgaWYgeW91IGNoYW5nZSB5b3VyCm1pbmQsIGNvbWUgcmlnaHQgYmFjawphbmQgdGFsayB0byBtZS4gSSBuZWVkIHRvCm1ha2Ugc29tZSBtb25leSwgeW91IGtub3cuLi4=,,,,,W1RldHN1XQpUdWRvIGJlbSwgdHVkbyBiZW0uCk1hcyBzZSB2b2PDqiBtdWRhcgpkZSBpZGVpYSwgdm9sdGUgbG9nbwplIGZhbGUgY29taWdvLiBFdSBwcmVjaXNvCmdhbmhhciBhbGd1bSBkaW5oZWlybywgdm9jw6ogc2FiZS4uLg==,,W1RldHN1XQpNdXkgYmllbiwgZGUgYWN1ZXJkby4KUGVybyBzaSBjYW1iaWFzCmRlIG9waW5pw7NuLCB2dWVsdmUgZW5zZWd1aWRhCnkgaGFibGEgY29ubWlnby4gTmVjZXNpdG8KZ2FuYXIgYWxnbyBkZSBkaW5lcm8sIHlhIHNhYmVz4oCm
b77RAg,,W1RldHN1XQpUaGVyZSBpc24ndCBhbnkgc3BhY2UgaW4KeW91ciBJbnZlbnRvcnkgdG8gZml0IGFueSBuZXcKaXRlbXMuIFBsZWFzZSBtYWtlIG1vcmUKc3BhY2UgYXZhaWxhYmxlIGJlZm9yZQpjb21pbmcgYmFjayB0byB0YWxrIHRvIG1lLg==,,,,,W1RldHN1XQpOw6NvIGjDoSBlc3Bhw6dvIGVtIHNldQpzZXUgaW52ZW50w6FyaW8gcGFyYSBjb2xvY2FyIG5vdm9zIGl0ZW5zLgpQb3IgZmF2b3IsIGRpc3BvbmliaWxpemUgbWFpcwplc3Bhw6dvIGRpc3BvbsOtdmVsIGFudGVzIGRlCnZvbHRhciBhIGZhbGFyIGNvbWlnby4=,,W1RldHN1XQpObyBxdWVkYSBlc3BhY2lvIGVuCnR1IEludmVudGFyaW8gcGFyYSBudWV2b3MKb2JqZXRvcy4gSGF6IGFsZ28KZGUgZXNwYWNpbyBhbnRlcwpkZSB2b2x2ZXIgYSBoYWJsYXIgY29ubWlnby4=
cL7RAg,,W1RldHN1XQpQZXJmZWN0LCBpdCBsb29rcyBsaWtlCnlvdSBoYXZlIGV2ZXJ5dGhpbmcgcmVhZHkuClBsZWFzZSB0YWtlIHRoaXMgSHV1bWEKV2luZyBTaHVyaWtlbiwgYW5kIHdpZWxkCml0IHdlbGwuIFRoYW5rIHlvdSwgYW5kCnBsZWFzZSB2aXNpdCBteSBzaG9wIGFnYWlufg==,,,,,W1RldHN1XQpQZXJmZWl0bywgcGFyZWNlIHF1ZQpxdWUgdm9jw6ogdGVtIHR1ZG8gcHJvbnRvLgpQb3IgZmF2b3IsIHBlZ3VlIGVzc2UKU2h1cmlrZW4gQWxhZG8gSHVtbWEgZSB1c2UtbyBiZW0uCk9icmlnYWRvLCBlIHZpc2l0ZQptaW5oYSBsb2phIG5vdmFtZW50ZX4=,,W1RldHN1XQpQZXJmZWN0bywgcGFyZWNlIHF1ZQp0aWVuZXMgdG9kbyBsaXN0by4KVG9tYSBlc3RlIFNodXJpa2VuIEh1dW1hIGFsYWRvIHkgZW1ww7rDsWFsbyBiaWVuLiDCoUdyYWNpYXMgeSB2dWVsdmUgYSB2aXNpdGFyIG1pIHRpZW5kYSE=
cb7RAg,,W1RldHN1XQpIbT8gSSdtIHNvcnJ5LCBidXQKdGhpcyBpc24ndCBlbm91Z2ggemVueQ==,,,,,W1RldHN1XQpIdW0/IE1lIGRlc2N1bHBlLCBtYXMKaXNzbyBuw6NvIMOpIHplbnkgc3VmaWNpZW50ZS4=,,W1RldHN1XQrCv0VoPyBMbyBzaWVudG8sIHBlcm8Kbm8gc29uIHN1ZmljaWVudGVzIHplbnku
cr7RAg,,W1RldHN1XQpJbiBvcmRlciB0byBtYWtlIEh1dW1hIFdpbmcgU2h1cmlrZW4KXkZGMDAwMDUwIFN0ZWVscyxeMDAwMDAwCl5GRjAwMDAyMCBIYXJweSdzIEZlYXRoZXJzXjAwMDAwMCwKXkZGMDAwMDUgT3JpZGVjb25zXjAwMDAwMCwKYW5kIF5GRjAwMDA5MCwwMDAgWmVueSBeMDAwMDAwCmlzIHJlcXVpcmVkLiBSZW1lbWJlciB0aGlzIGFuZApQbGVhc2UgY2hlY2sgYW5kIGNvbWUgYmFjay4=,,,,,W1RldHN1XQpQYXJhIGZhemVyIG8gU2h1cmlrZW4gQWxhZG8gSHV1bWEsCl5GRjAwMDA1MCBBw6dvcyxeMDAwMDAwCl5GRjAwMDAyMCBQZW5hcyBkZSBIYXJwaWFeMDAwMDAwLApeRkYwMDAwNSBPcmlkZWNvbnNeMDAwMDAwIGUKXkZGMDAwMDkwLjAwMCB6ZW55XjAwMDAwMApzw6NvIG5lY2Vzc8Ohcmlvcy4KVmVyaWZpcXVlIHR1ZG8gZSB2b2x0ZSBkZXBvaXMu,,W1RldHN1XQpQYXJhIGZhYnJpY2FyIHVuIFNodXJpa2VuIEh1dW1hIGFsYWRvIHNlIG5lY2VzaXRhIGxvIHNpZ3VpZW50ZTogXjY2MDAwMDUwIHVuaWRhZGVzIGRlIEFjZXJvXjAwMDAwMCwKXjY2MDAwMDIwIFBsdW1hcyBkZSBhcnDDrWFeMDAwMDAwLApeNjYwMDAwNSB1bmlkYWRlcyBkZSBPcmlkZWNvbl4wMDAwMDAKeSBeNjYwMDAwOTAgMDAwIHplbnleMDAwMDAwLgpSZWN1ZXJkYSBlc3RvIHkgYXNlZ8O6cmF0ZSBkZSB0ZW5lciB0b2RvIGFudGVzIGRlIHZvbHZlci4=
c77RAg,,W1RldHN1XQpIbT8gVGhlc2UgYXJlbid0IGVub3VnaAptYXRlcmlhbHMgZm9yIHlvdXIgb3JkZXIuCk1ha2Ugc3VyZSB0aGF0IHlvdSBnYXRoZXI=,,,,,W1RldHN1XQpIdW0/IEVzc2VzIG1hdGVyaWFpcyBuw6NvIHPDo28Kc3VmaWNpZW50ZXMgcGFyYSBzZXUgcGVkaWRvLgpDb2xldGUgbWFpcy4=,,W1RldHN1XQrCv0VoPyBObyBzb24gc3VmaWNpZW50ZXMKbWF0ZXJpYWxlcyBwYXJhIHR1IHBlZGlkby4KQXNlZ8O6cmF0ZSBkZSBjb25zZWd1aXJsb3Mu
dL7RAg,,W1RldHN1XQpJbiBvcmRlciB0byBtYWtlIEh1dW1hIFdpbmcgU2h1cmlrZW4KXkZGMDAwMDUwIFN0ZWVscyxeMDAwMDAwCl5GRjAwMDAyMCBIYXJweSdzIEZlYXRoZXJzXjAwMDAwMCwKXkZGMDAwMDUgT3JpZGVjb25zXjAwMDAwMCwKYW5kIF5GRjAwMDA5MCwwMDAgWmVueSBeMDAwMDAwCmlzIHJlcXVpcmVkLgpQbGVhc2UgY2hlY2sgYW5kIGNvbWUgYmFjay4=,,,,,W1RldHN1XQpQYXJhIGZhemVyIG8gU2h1cmlrZW4gQWxhZG8gSHV1bWEsCl5GRjAwMDA1MCBBw6dvcyxeMDAwMDAwCl5GRjAwMDAyMCBQZW5hcyBkZSBIYXJwaWFeMDAwMDAwLApeRkYwMDAwNSBPcmlkZWNvbnNeMDAwMDAwIGUKXkZGMDAwMDkwLjAwMCB6ZW55XjAwMDAwMApzw6NvIG5lY2Vzc8Ohcmlvcy4KVmVyaWZpcXVlIHR1ZG8gZSB2b2x0ZSBkZXBvaXMu,,W1RldHN1XQpQYXJhIGZhYnJpY2FyIHVuIFNodXJpa2VuIEh1dW1hIGFsYWRvIHNlIG5lY2VzaXRhIGxvIHNpZ3VpZW50ZToKXjY2MDAwMDUwIHVuaWRhZGVzIGRlIEFjZXJvXjAwMDAwMCwKXjY2MDAwMDIwIFBsdW1hcyBkZSBhcnDDrWFeMDAwMDAwLApeNjYwMDAwNSB1bmlkYWRlcyBkZSBPcmlkZWNvbl4wMDAwMDAKeSBeNjYwMDAwOTAgMDAwIHplbnleMDAwMDAwLgpQb3IgZmF2b3IsIGFzZWfDunJhdGUgZGUgdGVuZXIgdG9kbyBhbnRlcyBkZSB2b2x2ZXIu
db7RAg,,W1RldHN1XQpPaCwgeW91J2QgbGlrZSBhIF5GRjAwMDBIdXVtYQpHaWFudCBXaGVlbCBTaHVyaWtlbl4wMDAwMDA/CklmIHlvdSBoYXZlIHRoZSBtYXRlcmlhbHMKYW5kIHNlcnZpY2UgZmVlIHByZXBhcmVkLApJIGNhbiBnaXZlIHlvdSBvbmUgbm93LgpMZXQncyBzZWUsIGZvciB0aGlzIEkgbmVlZC4uLg==,,,,,W1RldHN1XQpBaCwgdm9jw6ogcXVlciB1bQpeRkYwMDAwU2h1cmlrZW4gUm9kYS1HaWdhbnRlIEh1bW1hXjAwMDAwMD8KU2Ugdm9jw6ogdGl2ZXIgb3MgbWF0ZXJpYWlzCmUgYSB0YXhhIGRlIHNlcnZpw6dvIHByZXBhcmFkb3MsCnBvc3NvIGxoZSBkYXIgdW0gYWdvcmEuClZhbW9zIHZlciwgcGFyYSBpc3NvIGV1IHByZWNpc28uLi4=,,W1RldHN1XQpPaCwgwr90ZSBndXN0YXLDrWEgdGVuZXIgdW4gXjY2MDAwMFNodXJpa2VuIEh1dW1hIHJ1ZWRhIGdpZ2FudGVeMDAwMDAwPwpTaSB0aWVuZXMgbG9zIG1hdGVyaWFsZXMKeSBkaW5lcm8gcG9yIG1pIHNlcnZpY2lvIHByZXBhcmFkb3MsCnB1ZWRvIGRhcnRlIHVubyBhaG9yYS4KVmVhbW9zLCBwYXJhIGVzdG8gbmVjZXNpdG/igKY=
dr7RAg,,W1RldHN1XQpeMzM1NUZGMzAgU3RlZWwsCl4zMzU1RkYxMDAgVGFzc2Vsc14wMDAwMDAsCl4zMzU1RkYyIE9yaWRlY29uc14wMDAwMDAsIGFuZApeMzM1NUZGNDAsMDAwIHplbnleMDAwMDAwLiBTbyBkaWQgeW91CndhbnQgdG8gb3JkZXIgYSBIdXVtYQpHaWFudCBXaGVlbCBTaHVyaWtlbj8=,,,,,W1RldHN1XQpeMzM1NUZGMzAgZGUgQcOnbywKXjMzNTVGRjEwMCBGaXRpbGhvc14wMDAwMDAsCl4zMzU1RkYyIE9yaWRlY29uc14wMDAwMDAgZQpeMzM1NUZGNDAuMDAwIFplbnleMDAwMDAwLiBFbnTDo28sCnF1ZXJpYSBwZWRpciB1bWEgU2h1cmlrZW4KUm9kYS1HaWdhbnRlIEh1dW1hPw==,,W1RldHN1XQpeMjUwMkZEMzAgdW5pZGFkZXMgZGUgQWNlcm8sCl4yNTAyRkQxMDAgQm9ybGFzXjAwMDAwMCwKXjI1MDJGRDIgdW5pZGFkZXMgZGUgT3JpZGVjb25eMDAwMDAwIHkKXjI1MDJGRDQwIDAwMCB6ZW55XjAwMDAwMC4gRW50b25jZXMsIMK/cXVlcsOtYXMgcGVkaXIgdW4gU2h1cmlrZW4gSHV1bWEgcnVlZGEgZ2lnYW50ZT8=
d77RAg,,W1RldHN1XQpQZXJmZWN0LCBpdCBsb29rcyBsaWtlCnlvdSBoYXZlIGV2ZXJ5dGhpbmcgcmVhZHkuCkhlcmUncyB5b3VyIEh1dW1hIEdpYW50CldoZWVsIFNodXJpa2VuOiBwbGVhc2Ugd2llbGQKaXQgd2VsbCBpbiBiYXR0bGUuIFRoYW5rIHlvdQpmb3IgZHJvcHBpbmcgYnkgbXkgc2hvcH4=,,,,,W1RldHN1XQpQZXJmZWl0bywgcGFyZWNlIHF1ZQp2b2PDqiB0ZW0gdHVkbyBwcm9udG8uCkFxdWkgZXN0w6Egc3VhIFNodXJpa2VuClJvZGEtR2lnYW50ZSBIdXVtYTogVXNlLWEKYmVtIG5hIGJhdGFsaGEuIE9icmlnYWRvCnBvciB0ZXIgdmluZG8gw6AgbWluaGEgbG9qYX4=,,W1RldHN1XQpQZXJmZWN0bywgcGFyZWNlIHF1ZQp0aWVuZXMgdG9kbyBsaXN0by4KQXF1w60gZXN0w6EgdHUgU2h1cmlrZW4gSHV1bWEgcnVlZGEgZ2lnYW50ZTsgZW1ww7rDsWFsbwpiaWVuIGVuIGJhdGFsbGEuIMKhR3JhY2lhcyBwb3IgdmlzaXRhciBtaSB0aWVuZGEh
eL7RAg,,W1RldHN1XQpJbiBvcmRlciB0byBtYWtlIEh1dW1hIEdpYW50IFdoZWVsIFNodXJpa2VuCl5GRjAwMDAzMCBTdGVlbHMsXjAwMDAwMApeRkYwMDAwMTAwIFN3b3JkIEFjY2Vzc29yaWVzXjAwMDAwMCwKXkZGMDAwMDIgT3JpZGVjb25zXjAwMDAwMCwKYW5kIF5GRjAwMDA0MCwwMDAgWmVueV4wMDAwMDAKaXMgcmVxdWlyZWQuIFJlbWVtYmVyIHRoaXMgYW5kClBsZWFzZSBjaGVjayBhbmQgY29tZSBiYWNrLg==,,,,,W1RldHN1XQpQYXJhIGZhemVyIGEgU2h1cmlrZW4gUm9kYS1HaWdhbnRlIEh1dW1hLApwcmVjaXNvIGRlIF5GRjAwMDAzMCBkZSBBw6dvLF4wMDAwMDAKXkZGMDAwMDEwMCBBY2Vzc8OzcmlvcyBkZSBFc3BhZGFeMDAwMDAwLApeRkYwMDAwMiBPcmlkZWNvbnNeMDAwMDAwLAplIF5GRjAwMDA0MC4wMDAgWmVueV4wMDAwMDAuCkxlbWJyZS1zZSBkaXNzbyBlCnZvbHRlIGFxdWku,,W1RldHN1XQpQYXJhIGZhYnJpY2FyIHVuIFNodXJpa2VuIEh1dW1hIHJ1ZWRhIGdpZ2FudGUgc2UgbmVjZXNpdGEgbG8gc2lndWllbnRlOgpeNjYwMDAwMzAgdW5pZGFkZXMgZGUgQWNlcm8sXjAwMDAwMApeNjYwMDAwMTAwIEFjY2Vzb3Jpb3MgcGFyYSBlc3BhZGFzXjAwMDAwMCwKXjY2MDAwMDIgdW5pZGFkZXMgZGUgT3JpZGVjb25eMDAwMDAwCnkgXjY2MDAwMDQwIDAwMCB6ZW55XjAwMDAwMC4KUG9yIGZhdm9yLCBhc2Vnw7pyYXRlIGRlIHRlbmVyIHRvZG8gYW50ZXMgZGUgdm9sdmVyLg==
eb7RAg,,W1RldHN1XQpIbT8gVGhlc2UgYXJlbid0IGVub3VnaAptYXRlcmlhbHMgZm9yIHlvdXIgb3JkZXIu,,,,,W1RldHN1XQpIbT8gQWluZGEgZmFsdGEgYWxndW5zCm1hdGVyaWFpcyBwYXJhIG8gc2V1IHBlZGlkby4=,,W1RldHN1XQrCv0VoPyBObyBzb24gc3VmaWNpZW50ZXMKbWF0ZXJpYWxlcyBwYXJhIHR1IHBlZGlkby4=
er7RAg,,W1RldHN1XQpJbiBvcmRlciB0byBtYWtlIEh1dW1hIEdpYW50IFdoZWVsIFNodXJpa2VuCl5GRjAwMDAzMCBTdGVlbHMsXjAwMDAwMApeRkYwMDAwMTAwIFN3b3JkIEFjY2Vzc29yaWVzXjAwMDAwMCwKXkZGMDAwMDIgT3JpZGVjb25zXjAwMDAwMCwKYW5kIF5GRjAwMDA0MCwwMDAgWmVueV4wMDAwMDAKaXMgcmVxdWlyZWQuClBsZWFzZSBjaGVjayBhbmQgY29tZSBiYWNrLg==,,,,,W1RldHN1XQpQYXJhIGZhemVyIGEgU2h1cmlrZW4gUm9kYS1HaWdhbnRlIEh1dW1hLApwcmVjaXNvIGRlCl5GRjAwMDAzMCBkZSBBw6dvLF4wMDAwMDAKXkZGMDAwMDEwMCBBY2Vzc8OzcmlvcyBkZSBFc3BhZGFeMDAwMDAwLApeRkYwMDAwMiBPcmlkZWNvbnNeMDAwMDAwLAplIF5GRjAwMDA0MC4wMDAgWmVueV4wMDAwMDAuClZlcmlmaXF1ZSB0dWRvIGUgcmV0b3JuZS4=,,W1RldHN1XQpQYXJhIGZhYnJpY2FyIHVuIFNodXJpa2VuIEh1dW1hIHJ1ZWRhIGdpZ2FudGUgc2UgbmVjZXNpdGEgbG8gc2lndWllbnRlOgpeNjYwMDAwMzAgdW5pZGFkZXMgZGUgQWNlcm8sXjAwMDAwMApeNjYwMDAwMTAwIEFjY2Vzb3Jpb3MgcGFyYSBlc3BhZGFzXjAwMDAwMCwKXjY2MDAwMDIgdW5pZGFkZXMgZGUgT3JpZGVjb25eMDAwMDAwCnkgXjY2MDAwMDQwIDAwMCB6ZW55XjAwMDAwMC4KUG9yIGZhdm9yLCBhc2Vnw7pyYXRlIGRlIHRlbmVyIHRvZG8gYW50ZXMgZGUgdm9sdmVyLg==
e77RAg,,W1RldHN1XQpZb3Ugd2FudCBhIFNsb3R0ZWQgSHV1bWEKR2lhbnQgV2hlZWwgU2h1cmlrZW4/CklmIHlvdSBoYXZlIHRoZSBtYXRlcmlhbHMKYW5kIHNlcnZpY2UgZmVlIHByZXBhcmVkLApJIGNhbiBnaXZlIHlvdSBvbmUgbm93LgpMZXQncyBzZWUsIGZvciB0aGlzIEkgbmVlZC4uLg==,,,,,W1RldHN1XQpWb2PDqiBxdWVyIHVtYSBTaHVyaWtlbgpSb2RhLUdpZ2FudGUgSHV1bWEgY29tIFNsb3Q/ClNlIHRyb3V4ZXIgdG9kb3Mgb3MgbWF0ZXJpYWlzCmUgcGFnYXIgYSB0YXhhIGRlIHNlcnZpw6dvLApwb3NzbyBmYXplciB1bWEgYWdvcmEuClBhcmEgaXNzbywgZXUgcHJlY2lzbyBkZS4uLg==,,W1RldHN1XQrCv1F1aWVyZXMgdW4gU2h1cmlrZW4gSHV1bWEgcnVlZGEgZ2lnYW50ZSBjb24gcmFudXJhPwpTaSB0aWVuZXMgbG9zIG1hdGVyaWFsZXMgeSBkaW5lcm8gcG9yIG1pIHNlcnZpY2lvIHByZXBhcmFkb3MsCnB1ZWRvIGRhcnRlIHVubyBhaG9yYS4KVmVhbW9zLCBwYXJhIGVzdG8gbmVjZXNpdG/igKY=
fL7RAg,,W1RldHN1XQpeMzM1NUZGMyBPcmlkZWNvbnNeMDAwMDAwLApeMzM1NUZGMjAgQ3JhY2tlZCBEaWFtb25kc14wMDAwMDAsCl4zMzU1RkYxIHVuc2xvdHRlZCBIdXVtYSBHaWFudCBXaGVlbF4wMDAwMDAsIGFuZCBeMzM1NUZGNDAsMDAwIHplbnleMDAwMDAwLiBTaGFsbCB3ZSBhZGQgb25lIFNsb3QKdG8geW91ciB1bnNsb3R0ZWQgSHV1bWEgR2lhbnQKV2hlZWwgd2l0aCB0aGVzZSBtYXRlcmlhbHM/,,,,,W1RldHN1XQpeMzM1NUZGMyBPcmlkZWNvbnNeMDAwMDAwLApeMzM1NUZGMjAgRGlhbWFudGVzIFJhY2hhZG9zXjAwMDAwMCwKXjMzNTVGRjEgUm9kYS1HaWdhbnRlIGRlIEh1dW1hIHNlbSBTbG90XjAwMDAwMCBlIF4zMzU1RkY0MC4wMDAgWmVueV4wMDAwMDAuIFZhbW9zIGFkaWNpb25hciB1bSBTbG90CsOgIHN1YSBSb2RhLUdpZ2FudGUgSHV1bWEKY29tIGVzdGVzIG1hdGVyaWFpcz8=,,W1RldHN1XQpeMjUwMkZEMyB1bmlkYWRlcyBkZSBPcmlkZWNvbl4wMDAwMDAsCl4yNTAyRkQyMCBEaWFtYW50ZXMgZGHDsWFkb3NeMDAwMDAwLApeMjUwMkZEMSBTaHVyaWtlbiBIdW1tYSBydWVkYSBnaWdhbnRlIHNpbiByYW51cmFzXjAwMDAwMCB5IF4yNTAyRkQ0MCAwMDAgemVueV4wMDAwMDAuIMK/TGUgYWdyZWdhbW9zIHVuYSByYW51cmEgYSB0dSBTaHVyaWtlbiBIdW1tYSBydWVkYSBnaWdhbnRlIHNpbiByYW51cmFzIGNvbiBlc3RvcyBtYXRlcmlhbGVzPw==
fb7RAg,,W1RldHN1XQpKdXN0IHJlbWVtYmVyLCBhZGRpbmcKYSBTbG90IHRvIHRoaXMgd2VhcG9uIHdpbGwKcmVtb3ZlIGFueSB1cGdyYWRlcyBvcgpjb21wb3VuZGVkIG1vbnN0ZXIgY2FyZHMuCk1ha2Ugc3VyZSB5b3Ugb25seSBoYXZlIDEgSHV1bWEKR2lhbnQgV2hlZWwgaW4geW91ciBJbnZlbnRvcnku,,,,,W1RldHN1XQpMZW1icmUtc2UgZGUgcXVlIGFkaWNpb25hcgp1bSBTbG90IGEgZXNzYSBhcm1hIHJlbW92ZXLDoQp0b2RhcyBhcyBtZWxob3JpYXMgb3UKY2FydGFzIGRlIG1vbnN0cm8uClRlbmhhIGFvIG1lbm9zIDEgUm9kYS1HaWdhbnRlCkh1bWEgbm8gaW52ZW50w6FyaW8u,,W1RldHN1XQpTb2xvIHJlY3VlcmRhIHF1ZSBhZ3JlZ2FybGUKdW5hIHJhbnVyYSBhIGVzdGEgYXJtYQplbGltaW5hcsOhIGN1YWxxdWllciBtZWpvcmEgbwpjYXJ0YSBkZSBtb25zdHJ1b3MgcXVlIHRlbmdhIGluY29ycG9yYWRhLgpBc2Vnw7pyYXRlIGRlIHNvbG8gdGVuZXIKMSBSdWVkYSBnaWdhbnRlIEh1dW1hIGVuIHR1IGludmVudGFyaW8u
fr7RAg,,Vy13YWl0LCBob2xkIG9uIQ==,,,,,Q2FsbWEgYcOtLCBlc3BlcmUgdW0gcG91Y28h,,wqFFLUVzcGVyYSwgZXNwZXJhIQ==
f77RAg,,T2theSwgbGV0J3MgZG8gdGhpcy4=,,,,,T2ssIHZhbW9zIGzDoS4=,,QmllbiwgaGFnw6Ftb3Nsby4=
gL7RAg,,W1RldHN1XQpQZXJmZWN0LCBpdCBsb29rcyBsaWtlCnlvdSBoYXZlIGV2ZXJ5dGhpbmcgcmVhZHkuCkhlcmUncyB5b3VyIFNsb3R0ZWQgSHV1bWEKR2lhbnQgV2hlZWwgU2h1cmlrZW5+IFRoYW5rCnlvdSwgYW5kIHBsZWFzZSBjb21lIGFnYWluLg==,,,,,W1RldHN1XQpQZXJmZWl0bywgcGFyZWNlIHF1ZQp2b2PDqiB0ZW0gdHVkbyBwcm9udG8uCkFxdWkgZXN0w6Egc3VhIFNodXJpa2VuIFJvZGEtR2lnYW50ZQpIdXVtYSBjb20gU2xvdC4KT2JyaWdhZG8gZSB2b2x0ZSBzZW1wcmUu,,W1RldHN1XQpQZXJmZWN0bywgcGFyZWNlIHF1ZQp0aWVuZXMgdG9kbyBsaXN0by4KQXF1w60gZXN0w6EgdHUgU2h1cmlrZW4gSHV1bWEgcnVlZGEKZ2lnYW50ZSBjb24gcmFudXJhcy4gR3JhY2lhcyB5IHZ1ZWx2ZSBwcm9udG8u
gb7RAg,,W1RldHN1XQpJbiBvcmRlciB0byBtYWtlIEh1dW1hIEdpYW50IFdoZWVsIFNodXJpa2VuWzFdCl5GRjAwMDAyMCBEYW1hZ2VkIENyeXN0YWxfSmV3ZWxzXjAwMDAwMCwKXkZGMDAwMDMgT3JpZGVjb25zXjAwMDAwMCwKMSBIdXVtYSBHaWFudCBXaGVlbCBTaHVyaWtlbiBhbmQKXkZGMDAwMDQwLDAwMCBaZW55XjAwMDAwMCBpcyByZXF1aXJlZC4KUGxlYXNlIHJlbWVtYmVyIHRoaXMgYW5kIGNvbWUgYmFjay4=,,,,,W1RldHN1XQpQYXJhIGZhemVyIHVtYSBTaHVyaWtlbiBSb2RhLUdpZ2FudGUgSHV1bWFbMV0sCnByZWNpc28gZGUgMSBTaHVyaWtlbiBSb2RhLUdpZ2FudGUgSHV1bWEsCl5GRjAwMDAyMCBDcmlzdGFpcyBEYW5pZmljYWRvc14wMDAwMDAsCl5GRjAwMDAzIE9yaWRlY29uc14wMDAwMDAgZQpeRkYwMDAwNDAuMDAwIFplbnleMDAwMDAwLgpKdW50ZSB0dWRvIGUgdm9sdGUgYXF1aS4=,,W1RldHN1XQpQYXJhIGZhYnJpY2FyIHVuIFNodXJpa2VuIEh1dW1hIHJ1ZWRhIGdpZ2FudGVbMV0gc2UgbmVjZXNpdGEgbG8gc2lndWllbnRlOiBeNjYwMDAwMjAgSm95YXMgZGUgY3Jpc3RhbCBkYcOxYWRhc14wMDAwMDAsCl42NjAwMDAzIHVuaWRhZGVzIGRlIE9yaWRlY29uXjAwMDAwMCwKMSBTaHVyaWtlbiBIdXVtYSBydWVkYSBnaWdhbnRlIHkKXjY2MDAwMDQwIDAwMCB6ZW55XjAwMDAwMC4KUmVjdWVyZGEgdG9kbyBlc3RvIHkgdnVlbHZlLg==
gr7RAg,,W1RldHN1XQpPaCwgeW91J2QgbGlrZSBhCl5GRjAwMDBIdXVtYSBCbGF6ZSBTaHVyaWtlbl4wMDAwMDA/CklmIHlvdSBoYXZlIHRoZSBtYXRlcmlhbHMKYW5kIHNlcnZpY2UgZmVlIHByZXBhcmVkLApJIGNhbiBnaXZlIHlvdSBvbmUgbm93LgpMZXQncyBzZWUsIGZvciB0aGlzIEkgbmVlZC4uLg==,,,,,W1RldHN1XQpBaCwgdm9jw6ogcXVlciB1bWEKXkZGMDAwMFNodXJpa2VuIGRlIEZvZ28gSHV1bWFeMDAwMDAwPwpTZSB0cm91eGVyIG9zIG1hdGVyaWFpcwplIHBhZ2FyIGEgdGF4YSBkZSBzZXJ2acOnbywKcG9zc28gZmF6ZXIgdW1hIGFnb3JhIG1lc21vLgpQYXJhIGlzc28sIGV1IHByZWNpc28gZGUuLi4=,,W1RldHN1XQpPaCwgwr90ZSBndXN0YXLDrWEgdGVuZXIgdW4KXjY2MDAwMFNodXJpa2VuIEh1dW1hIGFyZGllbnRlXjAwMDAwMD8KU2kgdGllbmVzIGxvcyBtYXRlcmlhbGVzCnkgZGluZXJvIHBvciBtaSBzZXJ2aWNpbyBwcmVwYXJhZG9zLApwdWVkbyBkYXJ0ZSB1bm8gYWhvcmEuClZlYW1vcywgcGFyYSBlc3RvIG5lY2VzaXRv4oCm
g77RAg,,W1Rlc3R1XQpeMzM1NUZGNTAgU3RlZWxeMDAwMDAwLApeMzM1NUZGMTAwIExpdmUgQ29hbHNeMDAwMDAwLApeMzM1NUZGMTAwIEJ1cm5pbmcgSGVhcnRzXjAwMDAwMCwKXjMzNTVGRjUwIEZsYW1lIFN0b25lc14wMDAwMDAsIGFuZApeMzM1NUZGNzgsMDAwIHplbnleMDAwMDAwLiBEaWQgeW91IHdhbnQgdG8Kb3JkZXIgYSBIdXVtYSBCbGF6ZSBTaHVyaWtlbj8=,,,,,W1Rlc3R1XQpeMzM1NUZGNTAgZGUgQcOnb14wMDAwMDAsCl4zMzU1RkYxMDAgTGVuaGFzIGVtIEJyYXNhXjAwMDAwMCwKXjMzNTVGRjEwMCBDb3Jhw6fDtWVzIEluY2FuZGVzY2VudGVzXjAwMDAwMCwKXjMzNTVGRjUwIFBlZHJhcyBkbyBGb2dvXjAwMDAwMCBlCl4zMzU1RkY3OC4wMDAgWmVueV4wMDAwMDAuIFZvY8OqIHF1ZXJpYQpwZWRpciB1bSBTaHVyaWtlbiBkZSBGb2dvIEh1dW1hPw==,,W1RldHN1XQpeMjUwMkZENTAgdW5pZGFkZXMgZGUgQWNlcm9eMDAwMDAwLApeMjUwMkZEMTAwIHVuaWRhZGVzIGRlIENhcmLDs24gZW5jZW5kaWRvXjAwMDAwMCwKXjI1MDJGRDEwMCBDb3Jhem9uZXMgYXJkaWVudGVzXjAwMDAwMCwKXjI1MDJGRDUwIFBpZWRyYXMgYXJkaWVudGVzXjAwMDAwMCB5Cl4yNTAyRkQ3OCAwMDAgemVueV4wMDAwMDAuIMK/UXVlcsOtYXMKcGVkaXIgdW4gU2h1cmlrZW4gSHV1bWEgYXJkaWVudGU/
hL7RAg,,W1RldHN1XQpQZXJmZWN0LCBpdCBsb29rcyBsaWtlCnlvdSBoYXZlIGV2ZXJ5dGhpbmcgcmVhZHkuClBsZWFzZSB0YWtlIHRoaXMgSHV1bWEKQmxhemUgU2h1cmlrZW4sIGFuZCB3aWVsZAppdCB3ZWxsLiBUaGFuayB5b3UsIGFuZApwbGVhc2UgdmlzaXQgbXkgc2hvcCBhZ2Fpbn4=,,,,,W1RldHN1XQpQZXJmZWl0bywgcGFyZWNlIHF1ZQp2b2PDqiB0cm91eGUgdHVkby4KVXNlIGJlbSBlc3RhClNodXJpa2VuIGRlIEZvZ28gSHV1bWEuCkFncmFkZcOnbyBkZXNkZSBlIGrDoQplIHZvbHRlIHNlbXByZX4=,,W1RldHN1XQpQZXJmZWN0bywgcGFyZWNlIHF1ZQp0aWVuZXMgdG9kbyBsaXN0by4KVG9tYSBlc3RlClNodXJpa2VuIGFyZGllbnRlIHkgZW1ww7rDsWFsbyBiaWVuLiAKwqFHcmFjaWFzIHkgdnVlbHZlIGEgdmlzaXRhciBtaSB0aWVuZGEh
hb7RAg,,W1RldHN1XQpJbiBvcmRlciB0byBtYWtlIEh1dW1hIEJsYXplIFNodXJpa2VuCl5GRjAwMDA1MCBTdGVlbHNeMDAwMDAwLF5GRjAwMDA1MCBGbGFtZSBTdG9uZV4wMDAwMDAsCl5GRjAwMDAxMDAgQnVybmluZ19IZWFydHNeMDAwMDAwLF5GRjAwMDAxMDAgTGl2ZSBDb2Fsc14wMDAwMDAsCmFuZCBeRkYwMDAwNzgsMDAwIFplbnleMDAwMDAwCmlzIHJlcXVpcmVkLiBSZW1lbWJlciB0aGlzIGFuZApQbGVhc2UgY2hlY2sgYW5kIGNvbWUgYmFjay4=,,,,,W1RldHN1XQpQYXJhIGZhemVyIG8gU2h1cmlrZW4gZGUgRm9nbyBIdXVtYSwgcHJlY2lzbyBkZQpeRkYwMDAwNTAgZGUgQcOnb14wMDAwMDAsXkZGMDAwMDUwIFBlZHJhcyBkbyBGb2dvXjAwMDAwMCwKXkZGMDAwMDEwMCBDb3Jhw6fDtWVzIEluY2FuZGVzY2VudGVzXjAwMDAwMCwgXkZGMDAwMDEwMCBMZW5oYXMgZW0gQnJhc2FeMDAwMDAwLAplIF5GRjAwMDA3OC4wMDAgWmVueV4wMDAwMDAKSnVudGUgdHVkbyBpc3RvCmUgZmFsZSBjb21pZ28u,,W1RldHN1XQpQYXJhIGZhYnJpY2FyIHVuIFNodXJpa2VuIEh1dW1hIGFyZGllbnRlIHNlIG5lY2VzaXRhIGxvIHNpZ3VpZW50ZToKXjY2MDAwMDUwIHVuaWRhZGVzIGRlIEFjZXJvXjAwMDAwMCxeNjYwMDAwNTAgUGllZHJhcyBhcmRpZW50ZXNeMDAwMDAwLApeNjYwMDAwMTAwIENvcmF6b25lcyBlbiBsbGFtYXNeMDAwMDAwLF42NjAwMDAxMDAgdW5pZGFkZXMgZGUgQ2FyYsOzbiBlbmNlbmRpZG9eMDAwMDAwCnkgXjY2MDAwMDc4IDAwMCB6ZW55XjAwMDAwMC4KQXNlZ8O6cmF0ZSBkZSB0ZW5lciB0b2RvIGFudGVzIGRlIHZvbHZlci4=
hr7RAg,,W1RldHN1XQpJbiBvcmRlciB0byBtYWtlIEh1dW1hIEJsYXplIFNodXJpa2VuCl5GRjAwMDA1MCBTdGVlbHNeMDAwMDAwLF5GRjAwMDA1MCBGbGFtZSBTdG9uZV4wMDAwMDAsCl5GRjAwMDAxMDAgQnVybmluZ19IZWFydHNeMDAwMDAwLF5GRjAwMDAxMDAgTGl2ZSBDb2Fsc14wMDAwMDAsCmFuZCBeRkYwMDAwNzgsMDAwIFplbnleMDAwMDAwCmlzIHJlcXVpcmVkLgpQbGVhc2UgY2hlY2sgYW5kIGNvbWUgYmFjay4=,,,,,W1RldHN1XQpQYXJhIGZhemVyIGEgU2h1cmlrZW4gZGUgRm9nbyBIdXVtYSwKZXUgcHJlY2lzbyBkZSAKXkZGMDAwMDUwIGRlIEHDp29eMDAwMDAwLF5GRjAwMDA1MCBQZWRyYXMgZG8gRm9nb14wMDAwMDAsCl5GRjAwMDAxMDAgQ29yYcOnw7VlcyBJbmNhbmRlc2NlbnRlc14wMDAwMDAsXkZGMDAwMDEwMCBMZW5oYXMgZW0gQnJhc2FeMDAwMDAwLAplIF5GRjAwMDA3OC4wMDAgWmVueV4wMDAwMDAuCkp1bnRlIHR1ZG8gZSBmYWxlIGNvbWlnby4=,,W1RldHN1XQpQYXJhIGZhYnJpY2FyIHVuIFNodXJpa2VuIEh1dW1hIGFyZGllbnRlLCBzZSBuZWNlc2l0YSBsbyBzaWd1aWVudGU6Cl42NjAwMDA1MCB1bmlkYWRlcyBkZSBBY2Vyb14wMDAwMDAsXjY2MDAwMDUwIFBpZWRyYXMgYXJkaWVudGVzXjAwMDAwMCwKXjY2MDAwMDEwMCBDb3Jhem9uZXMgZW4gbGxhbWFzXjAwMDAwMCxeNjYwMDAwMTAwIHVuaWRhZGVzIGRlIENhcmLDs24gZW5jZW5kaWRvXjAwMDAwMAp5IF42NjAwMDA3OCAwMDAgemVueV4wMDAwMDAuCkFzZWfDunJhdGUgZGUgdGVuZXIgdG9kbyBhbnRlcyBkZSB2b2x2ZXIu
h77RAg,,W1RldHN1XQpXZWxsLCBpZiB5b3UgZXZlciBuZWVkCmFueSBTaHVyaWtlbnMsIGNvbWUgb3Zlcgp0byBteSBzaG9wLiBUcnVzdCBtZSwgeW91Cndvbid0IGJlIGRpc2FwcG9pbnRlZCBieQp0aGUgcXVhbGl0eSBvZiBteSB3ZWFwb25zLg==,,,,,W1RldHN1XQpCZW0sIHNlIHZvY8OqIHByZWNpc2FyIApkZSBhbGd1bWEgU2h1cmlrZW4sIHZlbmhhCsOgIG1pbmhhIGxvamEuIENvbmZpZSBlbSBtaW0sCnZvY8OqIG7Do28gc2UgZGVjZXBjaW9uYXLDoSAKY29tIGEgcXVhbGlkYWRlIGRlIG1pbmhhcyBhcm1hcy4=,,W1RldHN1XQpCdWVubywgc2kgYWxndW5hIHZleiBuZWNlc2l0YXMKYWxnw7puIFNodXJpa2VuLCB2ZW4gYSBtaSB0aWVuZGEuIApDb25mw61hIGVuIG3DrSwKbm8gdGUgZGVjZXBjaW9uYXLDoQpsYSBjYWxpZGFkIGRlIG1pcyBhcm1hcy4=
iL7RAg,,W1RldHN1XQpJIGFtIG1hc3RlciBvZiBIdW1hIE5pbmphLApUZXRzdS4=,,,,,W1RldHN1XQpTb3UgdW0gbWVzdHJlCk5pbmphIEh1dW1hLCBUZXRzdS4=,,W1RldHN1XQpTb3kgVGV0c3UsIG1hZXN0cm8gZGUgbG9zIE5pbmphcyBIdXVtYS4=
ib7RAg,,W1RldHN1XQpNbX4gWW91IHBpY2tlZF5GRjAwMDBIdXVtYSBXaW5nIFNodXJpa2VuXjAwMDAwMC4KSW4gb3JkZXIgdG8gbWFrZSBIdXVtYSBXaW5nIFNodXJpa2VuCjUwIFN0ZWVscywgMjAgSGFycHkncyBGZWF0aGVycwo1IE9yaWRlY29ucyBhbmQgOTAsMDAwClplbnkgaXMgcmVxdWlyZWQuCldvdWxkIGxpa2UgbWUgdG8gY3JlYXRlIG9uZT8=,,,,,W1RldHN1XQpIbS4uLiEgVm9jw6ogZXNjb2xoZXUgXkZGMDAwMFNodXJpa2VuIEFsYWRvIEh1dW1hXjAwMDAwMC4KUGFyYSBmYXplciBvIFNodXJpa2VuIEFsYWRvIEh1dW1hLAo1MCBkZSBBw6dvLCAyMCBQZW5hcyBkZSBIYXJwaWEKNSBPcmlkZWNvbnMgZSA5MC4wMDAKWmVueSBzw6NvIG5lY2Vzc8Ohcmlvcy4KUXVlciBjcmlhciBlc3RhIGFybWE/,,W1RldHN1XQpNbW0uLi4gRWxlZ2lzdGUgZWwgXjY2MDAwMFNodXJpa2VuIEh1dW1hIGFsYWRvXjAwMDAwMC4KUGFyYSBmYWJyaWNhciB1biBTaHVyaWtlbiBIdXVtYSBhbGFkbywKc2UgbmVjZXNpdGFuIGxvcyBzaWd1aWVudGVzIG1hdGVyaWFsZXM6IDUwIHVuaWRhZGVzIGRlIEFjZXJvLCAyMCBQbHVtYXMgZGUgYXJww61hLAo1IHVuaWRhZGVzIGRlIE9yaWRlY29uIHkKOTAgMDAwIHplbnkuCsK/UXVpZXJlcyBxdWUgZmFicmlxdWUgdW5vPw==
ir7RAg,,T2guLi4gaG1tbSwsLCB0b28gZXhwZW5zaXZlLg==,,,,,QWguLi4gSG0sIMOpIG11aXRvIGNhcm8u,,T2jigKYgTW3igKYgZXMgZGVtYXNpYWRvIGNhcmEu
i77RAg,,WWVzISBQbGVhc2UhIQ==,,,,,U2ltISBQb3IgZmF2b3IhISE=,,wqFTw60hIMKhUG9yIGZhdm9yIQ==
jL7RAg,,W1RldHN1XQpNbW0uIFdlbGwgaXQgaXMgbm90IHRoYXQKQ2hlYXAgYW55d2F5LgpPay4gTWF5YmUgbGF0ZXIKaWYgeW91IGdldCB0aG9zZSBtYXRlcmlhbHMsCnZpc2l0IG1lIGFueXRpbWUu,,,,,W1RldHN1XQpIbS4gQmVtLCBuw6NvIMOpCmJhcmF0byBtZXNtby4KT2suIFF1YW5kbyBjb25zZWd1aXIKdG9kb3Mgb3MgbWF0ZXJpYWlzLApmYWxlIGNvbWlnbyBxdWFuZG8gcXVpc2VyLg==,,W1RldHN1XQpNbW0uIEJ1ZW5vLCBubyBlcyB0YW4KYmFyYXRhIGRlIHRvZG9zIG1vZG9zLgpEZSBhY3VlcmRvLiBRdWl6w6EgbcOhcyB0YXJkZS4KU2kgY29uc2lndWVzIGVzb3MgbWF0ZXJpYWxlcywKdmlzw610YW1lIGN1YW5kbyBxdWllcmFzLg==
jb7RAg,,W1RldHN1XQpZb3VyIGJhZyBkb2VzIG5vdCBoYXZlIGVtcHR5IHNwYWNlCkkgY2Fubm90IGdpdmUgeW91IHRoZSBvbmUgSSBtYWtlClBsZWFzZSBtYWtlIGVub3VnaCBzcGFjZQphbmQgY29tZSBiYWNrIGFnYWluLg==,,,,,W1RldHN1XQpTdWEgYm9sc2EgbsOjbyB0ZW0gZXNwYcOnbyBubyBpbnZlbnTDoXJpby4KTsOjbyBwb3NzbyBsaGUgZGFyIGEgcXVlIGV1IGZpei4KUG9yIGZhdm9yLCB0ZW5oYSBlc3Bhw6dvIHN1ZmljaWVudGUKZSB2b2x0ZSBub3ZhbWVudGUu,,W1RldHN1XQpUdSBib2xzbyBubyB0aWVuZSBlc3BhY2lvIGxpYnJlLgpObyBwdWVkbyBkYXJ0ZSBsYSBxdWUgaGljZS4KSGF6IGVzcGFjaW8gc3VmaWNpZW50ZQp5IGx1ZWdvIHJlZ3Jlc2Eu
jr7RAg,,W1RldHN1XQpNbSwgZ29vZC4KSSBjaGVja2VkIGV2ZXJ5Cm1hdGVyaWFscyBhbmQgbW9lbnkuCkhlcmUgaXMgdGhlIGNvbXBsZXRlZApIdXVtYSBXaW5nIFNodXJpa2VuLg==,,,,,W1RldHN1XQpCb20uClZlcmlmaXF1ZWkgdG9kb3Mgb3MKbWF0ZXJpYWlzIGUgbyBkaW5oZWlyby4KQXF1aSBlc3TDoSBhIHN1YSBhcm1hLApTaHVyaWtlbiBBbGFkbyBIdXVtYS4=,,W1RldHN1XQpNbW0sIGJpZW4uCkNvbXByb2LDqSBjYWRhCm1hdGVyaWFsIHkgZWwgZGluZXJvLgpBcXXDrSBlc3TDoSBsYSB2ZXJzacOzbiB0ZXJtaW5hZGEgZGVsClNodXJpa2VuIEh1dW1hIGFsYWRvLg==
j77RAg,,W1RldHN1XQpUaGUgYmFnIHlvdSBoYXZlIG1pZ2h0IGJlCmV4cGxvYWRlZCBpZiB5b3UgcHV0Ckh1bWEgc2hyaWtlbiBzd29yZC4KV2h5IGRvbid0IHlvdSBtYWtlIHNwYWNlLg==,,,,,W1RldHN1XQpBIHN1YSBib2xzYSB2YWkgYWNhYmFyCmV4cGxvZGluZG8gc2Ugdm9jw6ogY29sb2NhcgphIEVzcGFkYSBTaHVyaWtlbiBIdXVtYSBuZWxhLgpRdWUgdGFsIGxpYmVyYXIgZXNwYcOnbz8=,,W1RldHN1XQpUdSBib2xzbyBwb2Ryw61hCmV4cGxvdGFyIHNpIGxlIG1ldGVzCmxhIGVzcGFkYSBTaHVyaWtlbiBIdXVtYS4Kwr9Qb3IgcXXDqSBubyBoYWNlcyBsdWdhcj8=
kL7RAg,,W1RldHN1XQpIbW0sIHRoZXJlIGFyZSBlbm91Z2ggTWF0ZXJpYWxzCmJ1dCB5b3UgaGF2ZSBsYWNrIG9mIG1vbmV5Lg==,,,,,W1RldHN1XQpIbW0sIGjDoSBtYXRlcmlhaXMgc3VmaWNpZW50ZXMsCm1hcyB2b2PDqiB0ZW0gZmFsdGEgZGUgZGluaGVpcm8u,,W1RldHN1XQpNbW0sIGxvcyBtYXRlcmlhbGVzIHNvbiBzdWZpY2llbnRlcywKcGVybyB0ZSBmYWx0YSBkaW5lcm8u
kb7RAg,,W1RldHN1XQpZb3UgZG8gbm90IGhhdmUgZW5vdWdoIG1hdGVyaWFscwp0byBtYWtlIHRoaXMu,,,,,W1RldHN1XQpWb2PDqiBuw6NvIHRlbSBtYXRlcmlhaXMKbyBzdWZpY2llbnRlIHBhcmEgZmF6ZXIgZXN0YSBhcm1hLg==,,W1RldHN1XQpObyB0aWVuZXMgbG9zIG1hdGVyaWFsZXMgc3VmaWNpZW50ZXMgcGFyYSBmYWJyaWNhcmxhLg==
kr7RAg,,W1RldHN1XQpNbX4gWW91IHBpY2tlZCBeRkYwMDAwSHV1bWEgR2lhbnQgV2hlZWwgU2h1cmlrZW5eMDAwMDAwLgpJbiBvcmRlciB0byBtYWtlIEh1dW1hIEdpYW50IFdoZWVsIFNodXJpa2VuCjMwIFN0ZWVscywgMTAwIFN3b3JkIEFjY2Vzc29yaWVzCjIgT3JpZGVjb25zIGFuZCA0MCwwMDAKWmVueSBpcyByZXF1aXJlZC4KV291bGQgbGlrZSBtZSB0byBjcmVhdGUgb25lPw==,,,,,W1RldHN1XQpIbS4uLiEgVm9jw6ogZXNjb2xoZXUgYSBeRkYwMDAwU2h1cmlrZW4gUm9kYS1HaWdhbnRlIEh1dW1hXjAwMDAwMC4KUGFyYSBmYXplciBlc3RhIGFybWEsIGV1IHByZWNpc28gZGUKMzAgZGUgQcOnbywgMTAwIEFjZXNzw7NyaW9zIGRlIEVzcGFkYQoyIE9yaWRlY29ucyBlIDQwLjAwMApaZW55LiBRdWVyIGNyaWFyCnVtYSBhcm1hIGRlc3Nhcz8=,,W1RldHN1XQpNbW0uLi4gRWxlZ2lzdGUgZWwgXjY2MDAwMFNodXJpa2VuIEh1dW1hIHJ1ZWRhIGdpZ2FudGVeMDAwMDAwLgpQYXJhIGZhYnJpY2FyIHVuIFNodXJpa2VuIEh1dW1hIHJ1ZWRhIGdpZ2FudGUKc2UgbmVjZXNpdGFuIGxvcyBzaWd1aWVudGVzIG1hdGVyaWFsZXM6IDMwIHVuaWRhZGVzIGRlIEFjZXJvLCAxMDAgQWNjZXNvcmlvcyBwYXJhIGVzcGFkYSwKMiB1bmlkYWRlcyBkZSBPcmlkZWNvbiB5IDQwIDAwMCB6ZW55Lgo5MCAwMDAgemVueS4Kwr9RdWllcmVzIHF1ZSBmYWJyaXF1ZSB1bm8/
k77RAg,,W1RldHN1XQpNbSwgZ29vZC4KSSBjaGVja2VkIGV2ZXJ5Cm1hdGVyaWFscyBhbmQgbW9lbnkuCkhlcmUgaXMgdGhlIGNvbXBsZXRlZCAKSHV1bWEgR2lhbnQgV2hlZWwgU2h1cmlrZW4u,,,,,W1RldHN1XQpCb20uClZlcmlmaXF1ZWkgdG9kb3Mgb3MKbWF0ZXJpYWlzIGUgbyBkaW5oZWlyby4KQXF1aSBlc3TDoSBhIHN1YQpTaHVyaWtlbiBSb2RhLUdpZ2FudGUgSHV1bWEu,,W1RldHN1XQpNbW0sIGJpZW4uCkNvbXByb2LDqSBjYWRhCm1hdGVyaWFsIHkgZWwgZGluZXJvLgpBcXXDrSBlc3TDoSBsYSB2ZXJzacOzbiB0ZXJtaW5hZGEgZGVsClNodXJpa2VuIEh1dW1hIHJ1ZWRhIGdpZ2FudGUu
lL7RAg,,W1RldHN1XQpUaGVyZSBpcyBub3QgZW5vdWdoIG1hdGVyaWFscwp0byBtYWtlIHRoaXMu,,,,,W1RldHN1XQpWb2PDqiBuw6NvIHRyb3V4ZSB0b2RvcwpvcyBtYXRlcmlhaXMgcGFyYSBmYXplciBpc3NvLg==,,W1RldHN1XQpObyBoYXkgc3VmaWNpZW50ZXMgbWF0ZXJpYWxlcwpwYXJhIGZhYnJpY2FybGEu
lb7RAg,,W1RldHN1XQpNbW1+IFlvdSBwaWNrZWQgXkZGMDAwMEh1dW1hIEdpYW50IFdoZWVsIFNodXJpa2VuWzFdXjAwMDAwMC4KaW4gb3JkZXIgdG8gbWFrZSBIdXVtYSBHaWFudCBXaGVlbCBTaHVyaWtlblsxXQoyMCBEYW1hZ2VkIENyeXN0YWxfSmV3ZWxzLCAxIEh1dW1hIEdpYW50IFdoZWVsIFNodXJpa2VuWzBdCjMgT3JpZGVjb25zIGFuZCA0MCwwMDAKWmVueSBpcyByZXF1aXJlZC4KV291bGQgbGlrZSBtZSB0byBjcmVhdGUgb25lPw==,,,,,W1RldHN1XQpIbS4uLiEgVm9jw6ogZXNjb2xoZXUgXkZGMDAwMFNodXJpa2VuIFJvZGEtR2lnYW50ZSBIdXVtYVsxXV4wMDAwMDAuClBhcmEgZmF6ZXIgdW1hIFNodXJpa2VuIFJvZGEtR2lnYW50ZSBIdXVtYVsxXQoyMCBDcmlzdGFpcyBEYW5pZmljYWRvcywgMSBTaHVyaWtlbiBSb2RhLUdpZ2FudGUgSHV1bWFbMF0KMyBPcmlkZWNvbnMgZSA0MC4wMDAKWmVueSBzw6NvIG5lY2Vzc8Ohcmlvcy4KUXVlciBxdWUgZXUgZmHDp2EgYSBhcm1hPw==,,W1RldHN1XQpNbW0uLi4gRWxlZ2lzdGUgZWwgXjY2MDAwMFNodXJpa2VuIEh1dW1hIHJ1ZWRhIGdpZ2FudGVbMV1eMDAwMDAwLgpQYXJhIGZhYnJpY2FyIHVuIFNodXJpa2VuIEh1dW1hIHJ1ZWRhIGdpZ2FudGVbMV0sCnNlIG5lY2VzaXRhbiBsb3Mgc2lndWllbnRlcyBtYXRlcmlhbGVzOiAyMCBKb3lhcyBkZSBjcmlzdGFsIGRhw7FhZGFzLCAxIFNodXJpa2VuIEh1dW1hIHJ1ZWRhIGdpZ2FudGVbMF0sCjMgdW5pZGFkZXMgZGUgT3JpZGVjb24geSA0MCAwMDAgemVueS4Kwr9RdWllcmVzIHF1ZSBmYWJyaXF1ZSB1bm8/
lr7RAg,,W1RldHN1XQpGb3IgeW91ciBpbmZvcm1hdGlvbiwgaWYgeW91IGltcHJvdmUgdGhlIHNsb3RzClByZXZpb3VzIGVuY2hhbnRtZW50IGxldmVsIGFuZApDYXJkIGluIHRoZSBzbG90IGZyb20gdGhlIGl0ZW0gd2lsbCBiZSBkaXNhcHBlYXJlZApJIGFtIGxldHRpbmcgeW91IGtub3cgaW4gYWR2YW5jZS4KUGxlYXNlIHRoaW5rIGNhcmVmdWxseSBhbmQgbGV0IG1lIGtub3cu,,,,,W1RldHN1XQpTw7MgcGFyYSBlc2NsYXJlY2VyLCBzZSB2b2PDqiBtZWxob3JhciBvcyBzbG90cywKbyBuw612ZWwgZGUgZW5jYW50YW1lbnRvIGFudGVyaW9yIGUKYSBjYXJ0YSBubyBzbG90IGRvIGl0ZW0gZGVzYXBhcmVjZXLDoS4Kw4kgYm9tIGF2aXNhciBjb20gYW50ZWNlZMOqbmNpYS4KUGVuc2UgY29tIGN1aWRhZG8gZSBmYWxlIGNvbWlnby4=,,W1RldHN1XQpQYXJhIHF1ZSBzZXBhcywgc2kgbWVqb3JhcyBsYXMgcmFudXJhcywKZWwgbml2ZWwgZGUgZW5jYW50YW1pZW50byBhbnRlcmlvciB5CmN1YWxxdWllciBjYXJ0YSBlbiBsYSByYW51cmEgZGVsIG9iamV0byBzZSBwZXJkZXLDoW4uClRlIGxvIGNvbXVuaWNvIHBvciBhZGVsYW50YWRvLgpQacOpbnNhbG8gYmllbiB5IGRpbWUgcXXDqSBkZWNpZGVzLg==
l77RAg,,W1RldHN1XQpNbSwgZ29vZC4KSSBjaGVja2VkIGV2ZXJ5Cm1hdGVyaWFscyBhbmQgbW9lbnkuCkhlcmUgaXMgdGhlIGNvbXBsZXRlZApIdXVtYSBHaWFudCBXaGVlbCBTaHVyaWtlblsxXS4=,,,,,W1RldHN1XQpCb20uClZlcmlmaXF1ZWkgdG9kb3Mgb3MKbWF0ZXJpYWlzIGUgbyBkaW5oZWlyby4KQXF1aSBlc3TDoSBhIHN1YQpTaHVyaWtlbiBSb2RhLUdpZ2FudGUgSHV1bWFbMV0u,,W1RldHN1XQpNbW0sIGJpZW4uCkNvbXByb2LDqSBjYWRhCm1hdGVyaWFsIHkgZWwgZGluZXJvLgpBcXXDrSBlc3TDoSBsYSB2ZXJzacOzbiB0ZXJtaW5hZGEgZGVsClNodXJpa2VuIEh1dW1hIHJ1ZWRhIGdpZ2FudGVbMV0u
mL7RAg,,W1RldHN1XQogVGhlcmUgYXJlIG5vdCBlbm91Z2ggbWF0ZXJpYWxzCnRvIG1ha2UgdGhpcy4=,,,,,W1RldHN1XQpGYWx0YW0gYWxndW5zIG1hdGVyaWFpcwpwYXJhIGZhemVyIGlzdG8u,,W1RldHN1XQpObyBoYXkgc3VmaWNpZW50ZXMgbWF0ZXJpYWxlcwpwYXJhIGZhYnJpY2FybGEu
mb7RAg,,W1RldHN1XQpNbW1+IFlvdSBwaWNrZWQgXkZGMDAwMEh1dW1hIEJsYXplIFNodXJpa2VuXjAwMDAwMC4KSW4gb3JkZXIgdG8gbWFrZSBIdXVtYSBCbGF6ZSBTaHVyaWtlbgo1MCBTdGVlbHMsIDEwMCBMaXZlIENvYWxzCjEwMCBCdXJuaW5nX0hlYXJ0cywgNTAgRmxhbWUgU3RvbmUKYW5kIDc4LDAwMCBaZW55IGlzIHJlcXVpcmVkLgpXb3VsZCBsaWtlIG1lIHRvIGNyZWF0ZSBvbmU/,,,,,W1RldHN1XQpIbS4uLiBWb2PDqiBlc2NvbGhldSBeRkYwMDAwU2h1cmlrZW4gZGUgRm9nbyBIdXVtYV4wMDAwMDAuClBhcmEgZmF6ZXIgYSBTaHVyaWtlbiBkZSBGb2dvIEh1dW1hLAo1MCBkZSBBw6dvLCAxMDAgTGVuaGFzIGVtIEJyYXNhCjEwMCBDb3Jhw6fDtWVzIEluY2FuZGVzY2VudGVzLCA1MCBQZWRyYXMgZG8gRm9nbwplIDc4LjAwMCBaZW55IHPDo28gbmVjZXNzw6FyaW9zLgpRdWVyIHF1ZSBldSBjcmllIGEgYXJtYT8=,,W1RldHN1XQpNbW0uLi4gRWxlZ2lzdGUgZWwgXjY2MDAwMFNodXJpa2VuIEh1dW1hIGFyZGllbnRlXjAwMDAwMC4KUGFyYSBmYWJyaWNhciB1biBTaHVyaWtlbiBIdXVtYSBhcmRpZW50ZSwgc2UgbmVjZXNpdGFuIGxvcyBzaWd1aWVudGVzIG1hdGVyaWFsZXM6CjUwIHVuaWRhZGVzIGRlIEFjZXJvLCAxMDAgdW5pZGFkZXMgZGUgQ2FyYsOzbiBlbmNlbmRpZG8sCjEwMCBDb3Jhem9uZXMgZW4gbGxhbWFzLCA1MCBQaWVkcmFzIGFyZGllbnRlcwp5IDc4IDAwMCB6ZW55LgrCv1F1aWVyZXMgcXVlIGZhYnJpcXVlIHVuYT8=
mr7RAg,,W1RldHN1XQpNbSwgZ29vZC4KSSBjaGVja2VkIGV2ZXJ5Cm1hdGVyaWFscyBhbmQgbW9lbnkuCkhlcmUgaXMgdGhlIGNvbXBsZXRlZApIdXVtYSBCbGF6ZSBTaHVyaWtlbi4=,,,,,W1RldHN1XQpCb20uClZlcmlmaXF1ZWkgdG9kb3Mgb3MKbWF0ZXJpYWlzIGUgbyBkaW5oZWlyby4KQXF1aSBlc3TDoSBhIHN1YSBhcm1hLApTaHVyaWtlbiBkZSBGb2dvIEh1dW1hLg==,,W1RldHN1XQpNbW0sIGJpZW4uCkNvbXByb2LDqSBjYWRhCm1hdGVyaWFsIHkgZWwgZGluZXJvLgpBcXXDrSBlc3TDoSBsYSB2ZXJzacOzbiB0ZXJtaW5hZGEgZGVsClNodXJpa2VuIEh1dW1hIGFyZGllbnRlLg==
m77RAg,,W1RldHN1XQpUaGVyZSBhcmUgbm90IGVub3VnaCBtYXRlcmlhbHMKdG8gbWFrZSB0aGlzLg==,,,,,W1RldHN1XQpGYWx0YW0gYWxndW5zIG1hdGVyaWFpcwpwYXJhIGZhemVyIGlzdG8u,,W1RldHN1XQpObyBoYXkgc3VmaWNpZW50ZXMgbWF0ZXJpYWxlcwpwYXJhIGZhYnJpY2FybGEu
nL7RAg,,W1RldHN1XQpUb28gYmFkLCBJIHdhbnRlZCB0byBzaG93CnRoZSB3ZWFwb24gSSBtYWRlLi4KUGxlYXNlIHZpc2l0IG1lIGxhdGVyIGlmIHlvdSBoYXZlIGEgdGltZS4=,,,,,W1RldHN1XQpRdWUgcGVuYSwgZXUgcXVlcmlhIG1vc3RyYXIKYSBhcm1hIHF1ZSBmaXouLi4KU2UgdGl2ZXIgdGVtcG8sIHZlbmhhIG1lIHZpc2l0YXIgbWFpcyB0YXJkZS4=,,W1RldHN1XQpRdcOpIGzDoXN0aW1hLiBRdWVyw61hIG1vc3RyYXJ0ZQplbCBhcm1hIHF1ZSBoaWNl4oCmClZpc8OtdGFtZSBtw6FzIHRhcmRlIHNpIHRpZW5lcyB0aWVtcG8u
nb7RAg,,S3VuYWkgTWVyY2hhbnQgS2FzaGlu,,,,,TWVyY2Fkb3IgZGUgS3VuYWkgS2FzaGlu,,S2FzaGluIGNvbWVyY2lhbnRlIGRlIEt1bmFp
nr7RAg,,W0thc2hpbl0KSSBhbSBLYXNoaW4hCklmIHlvdSBkbyBub3QgaGF2ZSBlbm91Z2ggS3VuYWkKdmlzaXQgbWUgYW55dGltZS4=,,,,,W0thc2hpbl0KTWV1IG5vbWUgw6kgS2FzaGluIQpTZSBlc3RpdmVyIHByZWNpc2FuZG8gZGUgS3VuYWlzLArDqSBzw7MgZmFsYXIgY29taWdvLg==,,W0thc2hpbl0KwqFTb3kgS2FzaGluIQpTaSBubyB0aWVuZXMgc3VmaWNpZW50ZXMgS3VuYWksCnZpc8OtdGFtZSBjdWFuZG8gcXVpZXJhcy4=
n77RAg,,W0thc2hpbl0KV2hhdCBkbyB5b3Ugd2FudD8KUGxlYXNlIGhhdmUgeW91cnNlbGYu,,,,,W0thc2hpbl0KTyBxdWUgdm9jw6ogcXVlcj8KRmlxdWUgw6Agdm9udGFkZS4=,,W0thc2hpbl0Kwr9RdcOpIHF1aWVyZXM/ClBvciBmYXZvciwgc2nDqW50ZXRlIGNvbW8gZW4gY2FzYS4=
oL7RAg,,MTAgRmVsbCBQb2lzb24gS3VuYWk=,,,,,MTAgS3VuYWkgVmVuZW5vIE1vcnRhbA==,,MTAgS3VuYWkgZGUgdmVuZW5vIG1vcnRhbC4=
ob7RAg,,MTAgSWNpY2xlIEt1bmFp,,,,,MTAgS3VuYWkgTmV2YXNjYQ==,,MTAgS3VuYWkgY2Fyw6FtYmFuby4=
or7RAg,,MTAgSGlnaCBXaW5kIEt1bmFp,,,,,MTAgS3VuYWkgU29wcm8gZG8gVmVudG8=,,MTAgS3VuYWkgZGUgdmllbnRvIGZ1ZXJ0ZS4=
o77RAg,,MTAgQmxhY2sgRWFydGggS3VuYWk=,,,,,MTAgS3VuYWkgVGVycmEgTmVncmE=,,MTAgS3VuYWkgZGUgdGllcnJhIG5lZ3JhLg==
pL7RAg,,MTAgSGVhdCBXYXZlIEt1bmFp,,,,,MTAgS3VuYWkgT25kYSBkZSBDYWxvcg==,,MTAgS3VuYWkgZGUgb2xlYWRhIGFyZGllbnRlLg==
pb7RAg,,W0thc2hpbl0KWW91IGNhbiBleGNoYW5nZQoyMCBTaHVyaWtlbiBhbmQKMSBTaGFkb3cgT3JiIGZvciBldmVyeQpzZXQgb2YgMTAgRmVsbCBQb2lzb24gS3VuYWku,,,,,W0thc2hpbl0KVm9jw6ogcG9kZSB0cm9jYXIKMjAgU2h1cmlrZW4gZQoxIEVzZmVyYSBkYXMgU29tYnJhcyBwb3IgdW0KY29uanVudG8gZGUgMTAgS3VuYWkgVmVuZW5vIE1vcnRhbC4=,,W0thc2hpbl0KUHVlZGVzIGNhbmplYXIKMjAgU2h1cmlrZW4geQoxIE9yYmUgc29tYnLDrW8gcG9yIGNhZGEKY29uanVudG8gZGUgMTAgS3VuYWkgZGUgdmVuZW5vIG1vcnRhbC4=
pr7RAg,,W0thc2hpbl0KSSBjYW4gb25seSBnaXZlIHlvdSBhIG1heGltdW0gNTAwIHNldHMgb2YgS3VuYWlzIGF0IGEgdGltZS4KSWYgeW91IHdhbnQgdG8gY2FuY2VsIHRoZSB0cmFkZSwgdGhlbiBwbGVhc2UgZW50ZXIgJycwLicnIA==,,,,,W0thc2hpbl0KU8OzIHBvc3NvIGxoZSBkYXIgdW0gbcOheGltbyBkZSA1MDAgY29uanVudG9zIGRlIEt1bmFpcyBwb3IgdmV6LgpTZSBxdWlzZXIgY2FuY2VsYXIgYSBuZWdvY2lhw6fDo28sIGRpZ2l0ZSAnJzAnJy4=,,W0thc2hpbl0KU29sbyBwdWVkbyBkYXJ0ZSB1biBtw6F4aW1vIGRlIDUwMCBjb25qdW50b3MgZGUgS3VuYWkgYSBsYSB2ZXouClNpIGRlc2VhcyBjYW5jZWxhciBlbCBpbnRlcmNhbWJpbywgaW5ncmVzYSDigJww4oCdLiA=
p77RAg,,W0thc2hpbl0KYW55IEt1bmFpcyBmb3Igbm93PwpBbHJpZ2h0LCBidXQgd2hlbiB5b3UKZmVlbCB0aGUgbmVlZCBmb3IgdGhlbSwKY29tZSBhbmQgdGFsayB0byBtZSwgb2theT8=,,,,,W0thc2hpbl0KVMOhIHF1ZXJlbmRvIGFsZ3VtYSBLdW5haT8KQmVsZXphLiBNYXMsIHF1YW5kbyBwcmVjaXNhcgpjb21wcmFyIGFsZ3VtYXMsCsOpIHPDsyBmYWxhciBjb21pZ28sIHZpdT8=,,W0thc2hpbl0Kwr9OaW5nw7puIEt1bmFpIHBvciBhaG9yYT8KRGUgYWN1ZXJkbywgcGVybywgY3VhbmRvCmxvcyBuZWNlc2l0ZXMsCnZlbiB5IGhhYmxhIGNvbm1pZ28sIMK/ZGUgYWN1ZXJkbz8=
qL7RAg,,W0thc2hpbl0KSG1tLCBpdCBzZWVtcyBsaWtlIHlvdXIKSW52ZW50b3J5IGRvZXNuJ3QgaGF2ZQplbm91Z2ggc3BhY2UgdG8gc3RvcmUKbW9yZSBpdGVtcy4gWW91IGJldHRlcgpmcmVlIHVwIHNvbWUgc3BhY2UgZmlyc3Qu,,,,,W0thc2hpbl0KSG1tLCBwYXJlY2UgcXVlIHNldQpJbnZlbnTDoXJpbyBuw6NvIHRlbQplc3Bhw6dvIHN1ZmljaWVudGUgcGFyYSBhcm1hemVuYXIKbWFpcyBpdGVucy4gw4kgbWVsaG9yCnZvY8OqIGxpYmVyYXIgZXNwYcOnby4=,,W0thc2hpbl0KTW1tLCBwYXJlY2UgcXVlCnR1IGludmVudGFyaW8gbm8gdGllbmUKZXNwYWNpbyBzdWZpY2llbnRlIHBhcmEgZ3VhcmRhcgptw6FzIG9iamV0b3MuIFNlcsOhIG1lam9yCnF1ZSBsaWJlcmVzIGFsZ28gZGUgZXNwYWNpbyBwcmltZXJvLg==
qb7RAg,,W0thc2hpbl0KR3JlYXQsIGV2ZXJ5dGhpbmcgaXMgaW4Kb3JkZXIsIHNvIGxldCdzIGdvIGFoZWFkCmFuZCBjb21wbGV0ZSB0aGlzIHRyYWRlLgpJJ20gc3VyZSB0aGF0IHlvdSdsbCBiZQpxdWl0ZSBzYXRpc2ZpZWQgd2l0aAp0aGVzZSBLdW5haXMu,,,,,W0thc2hpbl0Kw5N0aW1vLCB0dWRvIGVzdMOhIGVtCm9yZGVtLCBlbnTDo28gdmFtb3MKY29uY2x1aXIgZXNzYSBuZWdvY2lhw6fDo28uClRlbmhvIGNlcnRlemEgZGUgcXVlCnZvY8OqIGZpY2Fyw6EgZmVsaXogY29tCmVzc2FzIEt1bmFpcy4=,,W0thc2hpbl0KR2VuaWFsLCB0b2RvIGVzdMOhIGVuCm9yZGVuLCBhc8OtIHF1ZSBjb250aW51ZW1vcwp5IGNvbXBsZXRlbW9zIGVzdGUgaW50ZXJjYW1iaW8uCkVzdG95IHNlZ3VybyBkZSBxdWUgcXVlZGFyw6FzCm11eSBjb25mb3JtZSBjb24KZXN0b3MgS3VuYWku
qr7RAg,,W0thc2hpbl0KSG1tLCB5b3UgZG9uJ3QgaGF2ZQplbm91Z2ggaXRlbXMgZm9yIHRoaXMKS3VuYWkgZXhjaGFuZ2UuIFBsZWFzZQpjaGVjayB5b3VyIGl0ZW1zIGFnYWluLg==,,,,,W0thc2hpbl0KSG0sIHZvY8OqIG7Do28gdGVtCml0ZW5zIHN1ZmljaWVudGVzIHBhcmEgZXNzYQp0cm9jYSBkZSBLdW5haS4gVmVyaWZpcXVlCnNldXMgaXRlbnMgbm92YW1lbnRlLg==,,W0thc2hpbl0KTW1tLCBubyB0aWVuZXMKc3VmaWNpZW50ZXMgb2JqZXRvcyBwYXJhIGVzdGUKaW50ZXJjYW1iaW8gZGUgS3VuYWkuIFBvciBmYXZvciwKdnVlbHZlIGEgcmV2aXNhciB0dXMgb2JqZXRvcy4=
q77RAg,,W0thc2hpbl0KWW91IGNhbiBleGNoYW5nZQo4IE5pbWJ1cyBTaHVyaWtlbnMgYW5kCjIgSWNlIFN0b25lcyBmb3IgZXZlcnkKc2V0IG9mIDEwIEljaWNsZSBLdW5haXMu,,,,,W0thc2hpbl0KVm9jw6ogcG9kZSB0cm9jYXIKOCBTaHVyaWtlbnMgTmVidWxvc2FzIGUKMiBQZWRyYXMgZG8gR2VsbyBwb3IgY2FkYQpjb25qdW50byBkZSAxMCBLdW5haXMgTmV2YXNjYS4=,,W0thc2hpbl0KUHVlZGVzIGNhbmplYXIKOCBTaHVyaWtlbiBuaW1ibyB5CjIgUGllZHJhcyBkZSBoaWVsbyBwb3IgY2FkYQpjb25qdW50byBkZSAxMCBLdW5haSBjYXLDoW1iYW5vLg==
rL7RAg,,W0thc2hpbl0KSSBjYW4gb25seSBnaXZlIHlvdSBhIG1heGltdW1eRkZGRkZGICAgICBeMDAwMDAwIG9mIDUwMCBzZXRzIG9mIEt1bmFpcyBhdCBhIHRpbWUuCklmIHlvdSB3YW50IHRvIGNhbmNlbCB0aGUgdHJhZGUsIHRoZW4gcGxlYXNlIGVudGVyICcnMC4nJw==,,,,,W0thc2hpbl0KU8OzIHBvc3NvIGxoZSBkYXIgbm8gbcOheGltb15GRkZGRkYgXjAwMDAwMDUwMCBjb25qdW50b3MgZGUgS3VuYWlzIHBvciB2ZXouClNlIHF1aXNlciBjYW5jZWxhciBhIG5lZ29jaWHDp8OjbywgZGlnaXRlICcnMCcnLg==,,W0thc2hpbl0KU29sbyBwdWVkbyBkYXJ0ZSB1biBtw6F4aW1vXkZGRkZGRiBeMDAwMDAwIGRlIDUwMCBjb25qdW50b3MgZGUgS3VuYWkgYSBsYSB2ZXouClNpIGRlc2VhcyBjYW5jZWxhciBlbCBpbnRlcmNhbWJpbywgaW5ncmVzYSDigJww4oCdLg==
rb7RAg,,W0thc2hpbl0KWW91IGNhbiBleGNoYW5nZQo0IEZsYXNoIFNodXJpa2VucyBhbmQKMiBXaW5kIFN0b25lcyBmb3IgZXZlcnkKc2V0IG9mIDEwIEhpZ2ggV2luZCBLdW5haXMu,,,,,W0thc2hpbl0KVm9jw6ogcG9kZSB0cm9jYXIKNCBTaHVyaWtlbnMgUmVsw6JtcGFnbyBlCjIgUGVkcmFzIGRvIFZlbnRvIHBvciAKY29uanVudG9zIGRlIDEwIEt1bmFpcyBTb3BybyBkbyBWZW50by4=,,W0thc2hpbl0KUHVlZGVzIGNhbmplYXIKNCBTaHVyaWtlbiBkZXN0ZWxsYW50ZXMgeQoyIFBpZWRyYXMgZGUgdmllbnRvIHBvciBjYWRhCmNvbmp1bnRvIGRlIDEwIEt1bmFpIGRlIHZpZW50byBmdWVydGUu
rr7RAg,,W0thc2hpbl0KWW91IGNhbiBleGNoYW5nZQoyIFNoYXJwIExlYWYgU2h1cmlrZW5zIGFuZAoxIFNoYWRvdyBPcmIgZm9yIGVhY2ggc2V0Cm9mIDEwIEJsYWNrIEVhcnRoIEt1bmFpcy4=,,,,,W0thc2hpbl0KVm9jw6ogcG9kZSB0cm9jYXIKMiBTaHVyaWtlbnMgRm9saGEgQWZpYWRhIGUKMSBFc2ZlcmEgZGFzIFNvbWJyYXMgU29tYnJhIHBvciB1bQpjb25qdW50byBkZSAxMCBLdW5haXMgVGVycmEgTmVncmEu,,W0thc2hpbl0KUHVlZGVzIGNhbmplYXIKMiBTaHVyaWtlbnMgZGUgaG9qYSBhZmlsYWRhIHkKMSBPcmJlIHNvbWJyw61vIHBvciBjYWRhIGNvbmp1bnRvCmRlIDEwIEt1bmFpIGRlIHRpZXJyYSBuZWdyYS4=
r77RAg,,W0thc2hpbl0KSSBjYW4gb25seSBnaXZlIHlvdSBhIG1heGltdW0gNTAwIHNldHMgb2YgS3VuYWlzIGF0IGEgdGltZS4KSWYgeW91IHdhbnQgdG8gY2FuY2VsIHRoZSB0cmFkZSwgdGhlbiBwbGVhc2UgZW50ZXIgJycwLicnIEhvdyBtYW55Ckt1bmFpIHNldHMgd291bGQgeW91IGxpa2U/,,,,,W0thc2hpbl0KU8OzIHBvc3NvIGxoZSBkYXIgdW0gbcOheGltbyBkZSA1MDAgY29uanVudG9zIGRlIEt1bmFpcyBwb3IgdmV6LgpTZSBxdWlzZXIgY2FuY2VsYXIgYSBuZWdvY2lhw6fDo28sIGRpZ2l0ZSAnJzAnJy4gUXVhbnRvcyBjb25qdW50b3MKZGUgS3VuYWkgdm9jw6ogcXVlcj8=,,W0thc2hpbl0KU29sbyBwdWVkbyBkYXJ0ZSB1biBtw6F4aW1vIGRlIDUwMCBjb25qdW50b3MgZGUgS3VuYWkgYSBsYSB2ZXouClNpIGRlc2VhcyBjYW5jZWxhciBlbCBpbnRlcmNhbWJpbywgaW5ncmVzYSDigJww4oCdLiDCv0N1w6FudG9zCmNvbmp1bnRvcyBkZSBLdW5haSBxdWllcmVzPw==
sL7RAg,,W0thc2hpbl0KWW91IGNhbiBleGNoYW5nZQoxIFRob3JuIE5lZWRsZSBTaHVyaWtlbiBhbmQKMiBGbGFtZSBTdG9uZXMgZm9yIGVhY2gKc2V0IG9mIDEwIEhlYXQgV2F2ZSBLdW5haXMu,,,,,W0thc2hpbl0KVm9jw6ogcG9kZSB0cm9jYXIKMSBTaHVyaWtlbiBFc3BpbmhvcyBSZXRvcmNpZG9zIGUKMiBQZWRyYXMgZG8gRm9nbyBwb3IgdW0KY29uanVudG8gZGUgMTAgS3VuYWlzIE9uZGEgZGUgQ2Fsb3Iu,,W0thc2hpbl0KUHVlZGVzIGNhbmplYXIKMSBTaHVyaWtlbiBhZ3VqYSBkZSBlc3BpbmEgeQoyIFBpZWRyYXMgYXJkaWVudGVzIHBvciBjYWRhCmNvbmp1bnRvIGRlIDEwIEt1bmFpIGRlIG9sZWFkYSBhcmRpZW50ZS4=
sb7RAg,,W0thc2hpbl0KSSBjYW4gb25seSBnaXZlIHlvdSBhIG1heGltdW0gNTAwIHNldHMgb2YgS3VuYWlzIGF0IGEgdGltZS4KSWYgeW91IHdhbnQgdG8gY2FuY2VsIHRoZSB0cmFkZSwgdGhlbiBwbGVhc2UgZW50ZXIgJycwLicn,,,,,W0thc2hpbl0KU8OzIHBvc3NvIGxoZSBkYXIgdW0gbcOheGltbyBkZSA1MDAgY29uanVudG9zIGRlIEt1bmFpcyBwb3IgdmV6LgpTZSBxdWlzZXIgY2FuY2VsYXIgYSBuZWdvY2lhw6fDo28sIMOpIHPDsyBkaWdpdGFyICcnMCcnLg==,,W0thc2hpbl0KU29sbyBwdWVkbyBkYXJ0ZSB1biBtw6F4aW1vIGRlIDUwMCBjb25qdW50b3MgZGUgS3VuYWkgYSBsYSB2ZXouClNpIGRlc2VhcyBjYW5jZWxhciBlbCBpbnRlcmNhbWJpbywgaW5ncmVzYSDigJww4oCdLg==
sr7RAg,,W0thc2hpbl0KV2VsbCB0aGVuLCB0aGFuayB5b3UKZm9yIHZpc2l0aW5nIG15IHNob3AuClBsZWFzZSBjb21lIHRvIG1lIHdoZW4KeW91IG5lZWQgdG8gYnV5IHNvbWUKS3VuYWlzLiBHb29kYnllIGZvciBub3d+,,,,,W0thc2hpbl0KT2JyaWdhZG8gcG9yIHZpc2l0YXIKbWluaGEgbG9qYS4KRmFsZSBjb21pZ28gcXVhbmRvCnByZWNpc2FyIGNvbXByYXIKS3VuYWlzLiBBdMOpIG1haXN+,,W0thc2hpbl0KQmllbiwgZ3JhY2lhcwpwb3IgdmlzaXRhciBtaSB0aWVuZGEuClZlbiBhIHZlcm1lIGN1YW5kbwpuZWNlc2l0ZXMgY29tcHJhcgpLdW5haS4gQWRpw7NzIHBvciBhaG9yYS4=
s77RAg,,W0thc2hpbl0KSSBhbSBLYXNoaW4hClRoZXJlIGFyZSBzbyBtYW55IE5pbmphcyBsb29raW5nIGZvciBLdW5haSwgc28gdGhleSB2aXNpdCBoZXJlIHRvbw==,,,,,W0thc2hpbl0KTWV1IG5vbWUgw6kgS2FzaGluIQpIw6EgbXVpdG9zIG5pbmphcyBxdWUgcHJlY2lzYW0gS3VuYWkuIEdlcmFsbWVudGUsIGVsZXMgZmFsYW0gY29taWdvLg==,,W0thc2hpbl0KwqFTb3kgS2FzaGluIQpIYXkgbXVjaG9zIE5pbmphcyBidXNjYW5kbyBLdW5haSwgYXPDrSBxdWUgdGFtYmnDqW4gdmllbmVuIGEgdmVybWUu
tL7RAg,,MTAgS3VuYWkgT2YgRGVhZGx5IFBvaXNvbg==,,,,,MTAgS3VuYWkgVmVuZW5vIExldGFs,,MTAgS3VuYWkgZGUgdmVuZW5vIG1vcnRhbC4=
tb7RAg,,MTAgS3VuYWkgTyBJY2ljbGVz,,,,,MTAgS3VuYWkgZGEgTmV2YXNjYQ==,,MTAgS3VuYWkgY2Fyw6FtYmFuby4=
tr7RAg,,MTAgS3VuYWkgT2YgRnVyaW91cyBXaW5k,,,,,MTAgS3VuYWkgZG8gVmVudG8gQnJhdm8=,,MTAgS3VuYWkgZGUgdmllbnRvIGZ1ZXJ0ZS4=
t77RAg,,MTAgS3VuYWkgT2YgQmxhY2sgU29pbA==,,,,,MTAgS3VuYWkgU29sbyBOZWdybw==,,MTAgS3VuYWkgZGUgdGllcnJhIG5lZ3JhLg==
uL7RAg,,MTAgS3VuYWkgT2YgRmllcmNlIEZsYW1l,,,,,MTAgS3VuYWkgRXhwbG9zaXZh,,MTAgS3VuYWkgZGUgb2xlYWRhIGFyZGllbnRlLg==
ub7RAg,,W0thc2hpbl0KSSBjYW4gZXhjaGFuZ2UgMjAgU2h1cmlrZW5zLCAxIFNoYWRvdyBPcmIgd2l0aCBvbmUgcGFjayBvZiAxMCBLdW5haSBPZiBEZWFkbHkgUG9pc29uLg==,,,,,W0thc2hpbl0KUG9zc28gdHJvY2FyIDIwIFNodXJpa2VucyBlIDEgRXNmZXJhIGRhcyBTb21icmFzIHBvciB1bSBjb25qdW50byBkZSAxMCBLdW5haXMgVmVuZW5vIExldGFsLg==,,W0thc2hpbl0KUHVlZG8gY2FuamVhciAyMCBTaHVyaWtlbiwgMSBPcmJlIHNvbWJyw61vIHBvciB1biBwYXF1ZXRlIGRlIDEwIEt1bmFpIGRlIHZlbmVubyBtb3J0YWwu
ur7RAg,,W0thc2hpbl0KSXQncyBwb3NzaWJsZSB0byBleGNoYW5nZSB1cCB0byA1MDAgcGFjayBtYXhpbXVtLgpJZiB5b3UgZG8gbm90IHdhbnQgdG8gZXhjaGFuZ2UsIHRoZW4gcGxlYXNlIHB1dCAw,,,,,W0thc2hpbl0Kw4kgcG9zc8OtdmVsIHRyb2NhciBhdMOpIDUwMCBjb25qdW50b3Mgbm8gbcOheGltby4KU2Ugdm9jw6ogbsOjbyBxdWlzZXIgdHJvY2FyLCBkaWdpdGUgMC4=,,W0thc2hpbl0KRXMgcG9zaWJsZSBjYW5qZWFyIGhhc3RhIDUwMCBwYXF1ZXRlcyBjb21vIG3DoXhpbW8uClNpIG5vIGRlc2VhcyBjYW5qZWFyIG5hZGEsIGNvbG9jYSAwLg==
u77RAg,,W0thc2hpbl0KWW91IHNlZW0gZG9uJ3Qgd2FudCB0byBvcmRlci4gUGxlYXNlIHZpc2l0IG1lIGFueXRpbWUgd2hlbiB5b3Ugd2FudA==,,,,,W0thc2hpbl0KQWNobyBxdWUgdm9jw6ogbsOjbyBxdWVyIGZhemVyIHVtIHBlZGlkbyBhZ29yYS4gVm9sdGUgc2VtcHJlIQ==,,W0thc2hpbl0KTm8gcGFyZWNlIHF1ZSBxdWllcmFzIGhhY2VyIHVuIHBlZGlkby4gVmlzw610YW1lIGN1YW5kbyBxdWllcmFzIGhhY2VybG8u
vL7RAg,,W0thc2hpbl0KSSBjYW5ub3QgcHV0IHRoZSBleGNoYW5nZWQgaXRlbXMgdG8geW91ciBiYWcsIGl0J3MgZnVsbC4gUGxlYXNlIG1ha2Ugcm9vbSBpbiB5b3VyIGJhZyBhbmQgY29tZSBiYWNrLg==,,,,,W0thc2hpbl0KU3VhIGJvbGFzIGVzdMOhIGNoZWlhIGUsIHBvcnRhbnRvLCBuw6NvIGNvbnNpZ28gZW50cmVnYXIgb3MgaXRlbnMgZGEgdHJvY2EuIExpYmVyZSBlc3Bhw6dvIGUgZmFsZSBjb21pZ28u,,W0thc2hpbl0KTm8gcHVlZG8gcG9uZXIgbG9zIG9iamV0b3MgY2FuamVhZG9zIGVuIHR1IGJvbHNvIHBvcnF1ZSBlc3TDoSBsbGVuby4gSGF6IGx1Z2FyIGVuIHR1IGJvbHNvIHkgcmVncmVzYS4=
vb7RAg,,W0thc2hpbl0KWW91ciBiYWcgaXMgdG9vIGhlYXZ5IHRvIHB1dCBhbGwgZXhjaGFuZ2VkIHN0dWZmLiBQbGVhc2UgbWFrZSBpdCBsaWdodGVyLg==,,,,,W0thc2hpbl0KU3VhIGJvbHNhIGVzdMOhIG11aXRvIGNoZWlhIHBhcmEgY29sb2NhciB0b2RvcyBvcyBpdGVucyBuZWdvY2lhZG9zLiBMaWJlcmUgZXNwYcOnby4=,,W0thc2hpbl0KVHUgYm9sc28gZXN0w6EgZGVtYXNpYWRvIHBlc2FkbyBjb21vIHBhcmEgcG9uZXIgdG9kb3MgbG9zIG9iamV0b3MgY2FuamVhZG9zIGVuIMOpbC4gRGlzbWludXllIHN1IHBlc28u
vr7RAg,,W0thc2hpbl0KT2h+IGdvb2QhCkFtb3VudCBpcyBjb25maXJtZWQhCkkgd2lsbCBleGNoYW5nZSBpdCByaWdodCBhIHdheS4=,,,,,W0thc2hpbl0KQWgsIHF1ZSBib20hCkEgcXVhbnRpYSBlc3TDoSBjb25maXJtYWRhIQpGYXJlaSBhIHRyb2NhIGFnb3JhIG1lc21vLg==,,W0thc2hpbl0KwqFPaCwgYmllbiEKwqFDYW50aWRhZCBjb25maXJtYWRhIQpMb3MgY2FuamVhcsOpIGFob3JhIG1pc21vLg==
v77RAg,,W0thc2hpbl0KT2hub34KWW91IGRvbid0IGhhdmUgZW5vdWdoCm1hdGVyaWFscyB0byBleGNoYW5nZQphcyBtdWNoIGFzIHlvdSB3YW50LgpQbGVhc2UgYmUgcHJlcGFyZSBhbmQgY29tZSBiYWNrIHRvIG1lLg==,,,,,W0thc2hpbl0KQWksIG7Do29+ClZvY8OqIG7Do28gdGVtIG1hdGVyaWFpcwpzdWZpY2llbnRlcyBwYXJhIGZhemVyCmEgdHJvY2EgcXVlIHF1ZXIuCkTDqiB1bSBqZWl0byBuaXNzbyBlIGZhbGUgY29taWdvLg==,,W0thc2hpbl0KT2gsIG5vLgpObyB0aWVuZXMgc3VmaWNpZW50ZXMKbWF0ZXJpYWxlcyBwYXJhIGNhbmplYXIKdGFudG8gY29tbyBxdWVyw61hcy4KUHJlcGFyYSB0b2RvIHkgcmVncmVzYS4=
wL7RAg,,W0thc2hpbl0KSWYgeW91IGdpdmUgbWUgOCBOaW1idXMgU2h1cmlrZW5zIGFuZCAyIEljZSBTdG9uZXMsIEkgY2FuIGV4Y2hhbmdlIHdpdGggMTAgS3VuYWkgTyBJY2ljbGVzLg==,,,,,W0thc2hpbl0KU2Ugdm9jw6ogbWUgZGVyIDggU2h1cmlrZW5zIE5lYnVsb3NhcyBlIDIgUGVkcmFzIGRvIEdlbG8sIHBvc3NvIHRyb2NhciBwb3IgMTAgS3VuYWlzIGRhIE5ldmFzY2Eu,,W0thc2hpbl0KU2kgbWUgZGFzIDggU2h1cmlrZW4gbmltYm8geSAyIFBpZWRyYXMgZGUgaGllbG8sIHB1ZWRvIGNhbmplYXJsb3MgcG9yIDEwIEt1bmFpIGNhcsOhbWJhbm8u
wb7RAg,,W0thc2hpbl0KSXQncyBwb3NzaWJsZSB0byBleGNoYW5nZSB1cCB0byA1MDAgcGFjayBtYXhpbXVtLCBJZiB5b3UgZG8gbm90IHdhbnQsIHBsZWFzZSBwdXQgMA==,,,,,W0thc2hpbl0Kw4kgcG9zc8OtdmVsIHRyb2NhciBhdMOpIDUwMCBjb25qdW50b3MuIFNlIHZvY8OqIG7Do28gcXVpc2VyLCBjb2xvcXVlIDAu,,W0thc2hpbl0KRXMgcG9zaWJsZSBjYW5qZWFyIGhhc3RhIDUwMCBwYXF1ZXRlcyBjb21vIG3DoXhpbW8uIFNpIG5vIHF1aWVyZXMgaGFjZXJsbywgY29sb2NhIDAu
wr7RAg,,W0thc2hpbl0KT2ggbm9+CllvdSBkb24ndCBoYXZlIGVub3VnaAptYXRlcmlhbHMgdG8gZXhjaGFuZ2UKYXMgbXVjaCBhcyB5b3Ugd2FudC4KUGxlYXNlIGJlIHByZXBhcmUgYW5kIGNvbWUgYmFjayB0byBtZS4=,,,,,W0thc2hpbl0KQWksIG7Do29+ClZvY8OqIG7Do28gdGVtIG1hdGVyaWFpcwpzdWZpY2llbnRlcyBwYXJhIGZhemVyCmEgdHJvY2EgcXVlIHF1ZXIuLi4KRMOqIHVtIGplaXRvIG5pc3NvIGUgZmFsZSBjb21pZ28u,,W0thc2hpbl0KT2gsIG5vLgpObyB0aWVuZXMgc3VmaWNpZW50ZXMKbWF0ZXJpYWxlcyBwYXJhIGNhbmplYXIKdGFudG8gY29tbyBxdWVyw61hcy4KUHJlcGFyYSB0b2RvIHkgcmVncmVzYS4=
w77RAg,,W0thc2hpbl0KSWYgeW91IGdpdmUgbWUgNCBGbGFzaCBTaHVyaWtlbnMgYW5kIDIgV2luZCBTdG9uZXMsIGkgY2FuIGV4Y2hhbmdlIHRvIDEwIEt1bmFpIE9mIEZ1cmlvdXMgV2luZHMu,,,,,W0thc2hpbl0KU2Ugdm9jw6ogbWUgZGVyIDQgU2h1cmlrZW5zIFJlbMOibXBhZ28gZSAyIFBlZHJhcyBkbyBWZW50bywgcG9zc28gdHJvY2FyIHBvciAxMCBLdW5haSBkbyBWZW50byBCcmF2by4=,,W0thc2hpbl0KU2kgbWUgZGFzIDQgU2h1cmlrZW4gZGVzdGVsbGFudGVzIHkgMiBQaWVkcmFzIGRlIHZpZW50bywgcHVlZG8gY2FuamVhcmxvcyBwb3IgMTAgS3VuYWkgZGUgdmllbnRvIGZ1ZXJ0ZS4=
xL7RAg,,W0thc2hpbl0KSXQncyBwb3NzaWJsZSB0byBleGNoYW5nZSB1cCB0byA1MDAgcGFjayBtYXhpbXVtIElmIHlvdSBkbyBub3Qgd2FudCwgcGxlYXNlIHB1dCAw,,,,,W0thc2hpbl0Kw4kgcG9zc8OtdmVsIHRyb2NhciBhdMOpIDUwMCBjb25qdW50b3MuIFNlIHZvY8OqIG7Do28gcXVpc2VyLCDDqSBzw7MgY29sb2NhciAwLg==,,W0thc2hpbl0KRXMgcG9zaWJsZSBjYW5qZWFyIGhhc3RhIHVuIG3DoXhpbW8gZGUgNTAwIHBhcXVldGVzLiBTaSBubyBxdWllcmVzIGhhY2VybG8sIGNvbG9jYSAwLg==
xb7RAg,,W0thc2hpbl0KSWYgeW91IGdpdmUgbWUgMiBTaGFycCBMZWFmIFNodXJpa2VucyBhbmQgMSBTaGFkb3cgT3JiLCBJIGNhbiBjaGFuZ2UgMTAgS3VuYWkgT2YgQmxhY2sgU29pbC4=,,,,,W0thc2hpbl0KU2Ugdm9jw6ogbWUgZGVyIDIgU2h1cmlrZW5zIGRlIEZvbGhhIEFmaWFkYSBlIDEgRXNmZXJhIGRhcyBTb21icmFzLCBwb3NzbyB0cm9jYXIgcG9yIDEwIEt1bmFpcyBkZSBTb2xvIE5lZ3JvLg==,,W0thc2hpbl0KU2kgbWUgZGFzIDIgU2h1cmlrZW5zIGRlIGhvamEgYWZpbGFkYSB5IDEgT3JiZSBzb21icsOtbywgcHVlZG8gY2FuamVhcmxvcyBwb3IgMTAgS3VuYWkgZGUgdGllcnJhIG5lZ3JhLg==
xr7RAg,,W0thc2hpbl0KSWYgeW91IGdpdmUgbWUgMSBUaG9ybiBOZWVkbGUgU2h1cmlrZW4gYW5kIDIgRmxhbWUgU3RvbmVzLCBJIGNhbiBleGNoYW5nZSB3aXRoIDEwIEt1bmFpIE9mIEZpZXJjZSBGbGFtZS4=,,,,,W0thc2hpbl0KU2Ugdm9jw6ogbWUgZGVyIDEgU2h1cmlrZW4gRXNwaW5ob3MgUmV0b3JjaWRvcyBlIDIgUGVkcmFzIGRvIEZvZ28sIHBvc3NvIHRyb2NhciBwb3IgMTAgS3VuYWlzIEV4cGxvc2l2YXMu,,W0thc2hpbl0KU2kgbWUgZGFzIDEgU2h1cmlrZW4gYWd1amEgZGUgZXNwaW5hIHkgMiBQaWVkcmFzIGFyZGllbnRlcywgcHVlZG8gY2FuamVhcmxvcyBwb3IgMTAgS3VuYWkgZGUgb2xhIGFyZGllbnRlLg==
x77RAg,,W0thc2hpbl0KVW1+IE9rfgpQbGVhc2UgdmlzaXQgbWUgbGF0ZXJ+CkksIEthc2hpbiBvZiBXaW5kIGlzIGFsd2F5cwpoZXJlLg==,,,,,W0thc2hpbl0KSG0sIHTDoS4uLiEKUGFzc2UgYXF1aSBtYWlzIHRhcmRlfgpFdSwgS2FzaGluIGRvIFZlbnRvLAplc3RvdSBzZW1wcmUgZGlzcG9uw612ZWwu,,W0thc2hpbl0KTW0sIGJ1ZW5vLgpQb3IgZmF2b3IsIHZpc8OtdGFtZSBtw6FzIHRhcmRlLgpZbywgS2FzaGluIGRlIFZpZW50bywgZXN0b3kgc2llbXByZQphcXXDrS4=
yL7RAg,,Qm9zaHU=,,,,,Qm9zaHU=,,Qm9zaHU=
yb7RAg,,W0Jvc2h1XQpJIGFtIGdpdmluZyB0byB0aGUgTmluamFzCnRoZSBiZXN0IGRlZmVuc2UgaXRlbXMKY3JlYXRlZCBieSBtZSwgYnV0IHRoZXJlIGlzCnNvbWUgY29uZGl0aW9uIHRvIGdldC4=,,,,,W0Jvc2h1XQpFdSBvZmVyZcOnbyBhb3MgbmluamFzCm9zIG1lbGhvcmVzIGl0ZW5zIGRlIGRlZmVzYQpmZWl0b3MgcG9yIG1pbSwgbWFzIGjDoQphbGd1bWEgY29uZGnDp8OjbyBwYXJhIG9idMOqLWxvcy4=,,W0Jvc2h1XQpMZXMgZG95IGEgbG9zIE5pbmphcwpsb3MgbWVqb3JlcyBvYmpldG9zIGRlIGRlZmVuc2EKY3JlYWRvcyBwb3IgbcOtLCBwZXJvIGhheQp1bmEgY29uZGljacOzbiBwYXJhIG9idGVuZXJsb3Mu
yr7RAg,,W0Jvc2h1XQpJIHRoaW5rIHlvdXIgbGV2ZWwKaXMgdG9vIGxvdwpQbGVhc2UgY29tZSBiYWNrIGFmdGVyIGdyb3cgdXAu,,,,,W0Jvc2h1XQpBY2hvIHF1ZSBzZXUgbsOtdmVsCsOpIG11aXRvIGJhaXhvClZvbHRlIGRlcG9pcyBkZSBldm9sdWlyLg==,,W0Jvc2h1XQpDcmVvIHF1ZSB0dSBuaXZlbAplcyBkZW1hc2lhZG8gYmFqby4KVnVlbHZlIGx1ZWdvIGRlIHF1ZSB0ZSBoYXlhcyBoZWNobyBtw6FzIGZ1ZXJ0ZS4=
y77RAg,,W0Jvc2h1XQpPaCwgeW91IGNhbWUgYmFja34KQWgsIGFuZCB5b3UgYnJvdWdodCBtZQphIFNsb3R0ZWQgR3VhcmQsIGp1c3QgbGlrZQpJIGFza2VkLiBIbW0sIHRoaXMgcGllY2Ugb2YKQXJtb3IgaXMgcmVhbGx5IGludGVyZXN0aW5nLi4u,,,,,W0Jvc2h1XQpBaCwgdm9jw6ogdm9sdG91fgpFIGFpbmRhIHRyb3V4ZQp1bWEgVmVtYnJhc3NhIGNvbSBTbG90LCBhc3NpbSBjb21vCmV1IHBlZGkuIEhtLCBlc3NhIGFybWFkdXJhCsOpIG11aXRvIGludGVyZXNzYW50ZS4uLg==,,W0Jvc2h1XQpPaCwgdm9sdmlzdGUuCkFoIHkgbWUgdHJhamlzdGUKdW4gRXNjdWRvIGNvbiByYW51cmFzLCB0YWwgY3VhbApwZWTDrS4gTW1tLCBlc3RhIHBpZXphCmRlIEFybWFkdXJhIGVzIHJlYWxtZW50ZSBpbnRlcmVzYW50ZeKApg==
zL7RAg,,W0Jvc2h1XQpGYXNjaW5hdGluZy4gQWZ0ZXIgZXhhbWluaW5nCnRoaXMgU2xvdHRlZCBHdWFyZCwgSSBiZWxpZXZlCml0J3MgcG9zc2libGUgZm9yIG1lIHRvIGFkZCBhClNsb3QgdG8gYSBub25zbG90dGVkIEFybSBHdWFyZC4KSWYgeW91J2QgbGlrZSBtZSB0byB0cnksIHRoZW4KcGxlYXNlIGJyaW5nIG1lIHRoZXNlIGl0ZW1zLi4u,,,,,W0Jvc2h1XQpGYXNjaW5hbnRlLiBEZXBvaXMgZGUgZXhhbWluYXIKZXNzYSBWZW1icmFzc2EgY29tIFNsb3QsIGFjcmVkaXRvCnF1ZSDDqSBwb3Nzw612ZWwgYWRpY2lvbmFyIHVtClNsb3QgYSB1bWEgUHJvdGXDp8OjbyBkZSBCcmHDp28gc2VtIFNsb3QuClNlIHF1aXNlciBxdWUgZXUgdGVudGUsCnRyYWdhIGVzdGVzIGl0ZW5zIGF0w6kgbWltLi4u,,W0Jvc2h1XQpGYXNjaW5hbnRlLiBUcmFzIGV4YW1pbmFyCmVzdGUgRXNjdWRvIGNvbiByYW51cmFzLCBjcmVvCnF1ZSBtZSBlcyBwb3NpYmxlIGFncmVnYXJsZSB1bmEKcmFudXJhIGEgdW4gQnJhemFsIHNpbiByYW51cmFzLgpTaSBxdWllcmVzIHF1ZSBsbyBpbnRlbnRlLAp0csOhZW1lIGVzdG9zIG9iamV0b3PigKY=
zb7RAg,,W0Jvc2h1XQpJIGFtIHRoZSBiZXN0IEFydGlzYW4Kb2YgMyBOaW5qYSB3ZWFwb24gbWFrZXJzLApNdXJhdGEgQm9zaHUuCkkga25vdyBhbGwgdGhlIHNoaWVsZHMgYW5kIEFybW9ycyBpbiB0aGUgRWFzdAphbmQgaG93IHRvIG1ha2UgdGhlbS4=,,,,,W0Jvc2h1XQpTb3UgbyBtZWxob3IgYXJ0ZXPDo28KZG9zIDMgZmFicmljYW50ZXMgZGUgYXJtYXMgbmluamEsCk11cmF0YSBCb3NodS4KQ29uaGXDp28gdG9kb3Mgb3MgZXNjdWRvcyBlIAphcm1hZHVyYXMgZG8gT3JpZW50ZS4=,,W0Jvc2h1XQpTb3kgZWwgbWVqb3IgYXJ0ZXNhbm8KZGUgMyBmYWJyaWNhbnRlcyBkZSBhcm1hcyBwYXJhIE5pbmphcywKTXVyYXRhIEJvc2h1LgpDb25vemNvIHRvZG9zIGxvcyBFc2N1ZG9zIHkgbGFzIEFybWFkdXJhcyBkZWwgb3JpZW50ZSwKeSBjw7NtbyBoYWNlcmxvcy4=
zr7RAg,,W0Jvc2h1XQpCdXQgbXkgQXJtb3IgaXMgCnRvbyBzdHJvbmcgYW5kIHRvbyBoaWdoIGRlZmVuc2UgcmF0ZQpUaGUgcGVvcGxlIHdvcm4gdGhlIEFybW9yCmNhbm5vdCBlbmQgdGhlIHdhcgp3aGVuIHRoZXkgYXJlIGZpZ2h0aW5nLg==,,,,,W0Jvc2h1XQpNaW5oYXMgYXJtYWR1cmEgc8OjbyBtdWl0byBmb3J0ZXMKZSB0w6ptIHRheGEgZGUgZGVmZXNhIG11aXRvIGFsdGEuCkFzIHBlc3NvYXMgcXVlIHVzYW0gYXMgYXJtYWR1cmFzCm7Do28gY29uc2VndWVtIHRlcm1pbmFyIGEgZ3VlcnJhCnF1YW5kbyBlc3TDo28gbHV0YW5kby4=,,W0Jvc2h1XQpQZXJvIG1pIEFybWFkdXJhIGVzIApkZW1hc2lhZG8gZnVlcnRlIHkgdGllbmUgdW4gw61uZGljZSBkZSBkZWZlbnNhIGRlbWFzaWFkbyBhbHRvLgpMYXMgcGVyc29uYXMgcXVlIGxsZXZhbiBlc2EgQXJtYWR1cmEKbm8gcHVlZGVuIHRlcm1pbmFyIGxhIGd1ZXJyYQpjdWFuZG8gZXN0w6FuIGx1Y2hhbmRvLg==
z77RAg,,W0Jvc2h1XQpGb3IgdGhhdCByZWFzb24sCkkgZG8gbm90IG1ha2UgU2hpZWxkIGFueW1vcmUu,,,,,W0Jvc2h1XQpQb3IgZXNzZSBtb3Rpdm8sCm7Do28gZmHDp28gbWFpcyBlc2N1ZG9zLg==,,W0Jvc2h1XQpQb3IgZXNhIHJhesOzbiwKeWEgbm8gaGFnbyBFc2N1ZG9zLg==
0L7RAg,,W0Jvc2h1XQpCdXQgSSBkbyBub3Qgd2FudCBteSBza2lsbCB0byBiZSBydXN0eQpzbyBJIGNvbGxlY3QgdGhlIGRlZmVuc2UgaXRlbXMKYXQgdGhlIG1vbWVudC4=,,,,,W0Jvc2h1XQpNYXMgbsOjbyBxdWVybyBxdWUgbWluaGEgaGFiaWxpZGFkZSBmaXF1ZSBlbmZlcnJ1amFkYS4KUG9yIGlzc28sIHBhc3NlaSBhIGNvbGVjaW9uYXIKaXRlbnMgZGUgZGVmZXNhLg==,,W0Jvc2h1XQpQZXJvIG5vIHF1aWVybyBwZXJkZXIgbWkgaGFiaWxpZGFkCmFzw60gcXVlIHJlY29sZWN0byBvYmpldG9zIGRlIGRlZmVuc2EKYWhvcmEu
0b7RAg,,W0Jvc2h1XQpCdXQgSSBhbSB0b28gYm9yZWQKbGF0ZWx5Lg==,,,,,W0Jvc2h1XQpObyBlbnRhbnRvLCB0ZW5obwptb3JyaWRvIGRlIHTDqWRpby4=,,W0Jvc2h1XQpTaW4gZW1iYXJnbywgZXN0b3kgbXV5IGFidXJyaWRvCsO6bHRpbWFtZW50ZS4=
0r7RAg,,W0Jvc2h1XQpJIGNvbGxlY3QgaXRlbXMgYWxsIHRoZSBpdGVtLAphbmQgaXQgbWFrZXMgbWUgYXMgaWYgbXkgZGVzaXJlCnRvIGNyZWF0ZSBzb21ldGhpbmcgSSBoYXZlIGFsd2F5cyB0aG91Z2h0CmdvZXMgYXdheS4=,,,,,W0Jvc2h1XQpDb2xlY2lvbm8gaXRlbnMgbyB0ZW1wbyB0b2RvLAplIGlzc28gbWUgZmF6IHNlbnRpciBjb21vCnNlIG1ldSBkZXNlam8gZGUgY3JpYXIKYWxnbyBkZXNhcGFyZWNlc3NlLg==,,W0Jvc2h1XQpSZWNvbGVjdG8gb2JqZXRvcyBkZSB0b2RvIHRpcG8KeSBlc28gaGFjZSBxdWUgbWkgZGVzZW8KZGUgY3JlYXIgYWxnbywgcXVlIHNpZW1wcmUgdHV2ZSwKZGVzYXBhcmV6Y2Eu
077RAg,,W0Jvc2h1XQpCdXQgbm93IGFzIEkgbG9vayBhdAp5b3VyIHNoaWVsZCwgbXkgZGVlcGVzdCAKc3Bpcml0IG9mIGNyZWF0aW9uCmlzIG9uIGZpcmUu,,,,,W0Jvc2h1XQpBZ29yYSwgYW8gb2xoYXIgcGFyYQpzZXUgZXNjdWRvLCBtZXUKZXNww61yaXRvIGRlIGNyaWHDp8Ojbwplc3TDoSBlbSBjaGFtYXMu,,W0Jvc2h1XQpQZXJvIGFob3JhIHF1ZSB2ZW8KdHUgRXNjdWRvLCBtaSBtw6FzIHByb2Z1bmRvIAplc3DDrXJpdHUgZGUgY3JlYWNpw7NuCmVzdMOhIGVuIGxsYW1hcy4=
1L7RAg,,W0Jvc2h1XQpPa2F5LCBpZiB5b3Ugd2FudCB0byBkbyBpdCB0aGVuIGJyaW5nCjEgU2xvdHRlZCBHdWFyZCwgMSBub25zbG90dGVkCkFybSBHdWFyZCwgYW5kIDEwLDAwMCB6ZW55LgpJJ2xsIHdhaXQgZm9yIHlvdSBoZXJlfiBETyB5b3Ugd2FudD8=,,,,,W0Jvc2h1XQpDZXJ0bywgc2Ugdm9jw6ogcXVpc2VyLCB0cmFnYQoxIFZlbWJyYXNzYSBjb20gU2xvdCwgMSBQcm90ZcOnw6NvIGRlIEJyYcOnbwpzZW0gU2xvdCBlIDEwLjAwMCB6ZW55LgpFc3RhcmVpIMOgIHN1YSBlc3BlcmEuLi4gUXVlIHRhbD8=,,W0Jvc2h1XQpCdWVubywgc2kgcXVpZXJlcyBoYWNlcmxvLCB0cmFlCjEgRXNjdWRvIGNvbiByYW51cmFzLAoxIEJyYXphbCBzaW4gcmFudXJhcyB5IDEwIDAwMCB6ZW55LgpUZSBlc3BlcmFyw6kgYXF1w60uIMK/UXVpZXJlcyBoYWNlcmxvPw==
1b7RAg,,WWVzLCBsZXQncyB0cnkgaXQh,,,,,U2ltLCB2YW1vcyB0ZW50YXIh,,wqFTw60sIHByb2JlbW9zIQ==
1r7RAg,,W0Jvc2h1XQpXZWxsLCBhbHJpZ2h0LiBFaXRoZXIKd2F5LCBJJ2QgbGlrZSB0byB0aGFuawp5b3UgZm9yIHNob3dpbmcgbWUgdGhpcwpmb3JlaWduIEFybW9yIGZyb20gdGhlCm90aGVyIHNpZGUgb2YgdGhlIHdvcmxkLgpUcmF2ZWwgc2FmZWx5LCBteSBOaW5qYS4=,,,,,W0Jvc2h1XQpUdWRvIGJlbS4gRGUgcXVhbHF1ZXIgZm9ybWEsCmdvc3RhcmlhIGRlIGFncmFkZWNlcgpwb3IgbWUgbW9zdHJhciBlc3NhCmFybWFkdXJhIGVzdHJhbmdlaXJhCmRvIG91dHJvIGxhZG8gZG8gbXVuZG8uClZpYWplIGNvbSBzZWd1cmFuw6dhLCBOaW5qYS4=,,W0Jvc2h1XQpCdWVubywgZXN0w6EgYmllbi4gRGUgdG9kYXMKZm9ybWFzLCBtZSBndXN0YXLDrWEgYWdyYWRlY2VydGUKcG9yIG1vc3RyYXJtZSBlc3RhCkFybWFkdXJhIGV4dHJhbmplcmEgZGVsCm90cm8gbGFkbyBkZWwgbXVuZG8uClZpYWphIGNvbiBjdWlkYWRvLCBtaSBOaW5qYS4=
177RAg,,W0Jvc2h1XQpQZXJmZWN0LCB5b3UndmUgYnJvdWdodApldmVyeXRoaW5nIEkgbmVlZC4gTm93LApiZWZvcmUgSSBnZXQgdG8gd29yaywgbGV0Cm1lIGFzayB5b3Ugb25jZSBtb3JlOiBkbwp5b3Ugd2FudCB0byBleGNoYW5nZSB5b3VyCml0ZW1zIGZvciAxIFNsb3R0ZWQgQXJtIEd1YXJkPw==,,,,,W0Jvc2h1XQpQZXJmZWl0bywgdm9jw6ogdHJvdXhlCnR1ZG8gbyBxdWUgZXUgcHJlY2lzby4gQWdvcmEsCmFudGVzIGRlIGNvbWXDp2FyIGEgdHJhYmFsaGFyLCBkZWl4ZS1tZQpwZXJndW50YXIgbWFpcyB1bWEgdmV6Ogp2b2PDqiBxdWVyIHRyb2NhciBzZXVzCml0ZW5zIHBvciAxIFByb3Rlw6fDo28gZGUgQnJhw6dvIGNvbSBTbG90Pw==,,W0Jvc2h1XQpQZXJmZWN0bywgdHJhamlzdGUKdG9kbyBsbyBxdWUgbmVjZXNpdG8uIEJpZW4sCmFudGVzIGRlIHBvbmVybWUgYSB0cmFiYWphciwgZMOpamFtZQpwcmVndW50w6FydGVsbyB1bmEgdmV6IG3DoXM6CsK/cXVpZXJlcyBjYW5qZWFyIHR1cwpvYmpldG9zIHBvciB1biAxIEJyYXphbCBjb24gcmFudXJhcz8=
2L7RAg,,Tm8=,,,,,TsOjby4=,,Tm8u
2b7RAg,,WWVz,,,,,U2ltLg==,,U8OtLg==
2r7RAg,,W0Jvc2h1XQpPaCwgSSBzZWUuIFdlbGwsIGlmIHlvdQpkZWNpZGUgdGhhdCB5b3Ugd2FudCBhClNsb3R0ZWQgQXJtIEd1YXJkIGxhdGVyLAp0aGVuIHlvdSBrbm93IHdoZXJlIHRvCmZpbmQgbWUuIEZhcmV3ZWxsIGZvciBub3d+,,,,,W0Jvc2h1XQpBaCwgZW50ZW5kby4gQmVtLCBzZSB2b2PDqgpkZWNpZGlyIHF1ZSBxdWVyIHVtYQpQcm90ZcOnw6NvIGRlIEJyYcOnbyBjb20gU2xvdCwKasOhIHNhYmUgb25kZQptZSBlbmNvbnRyYXIuIEF0w6kgbWFpc34=,,W0Jvc2h1XQpBaCwgeWEgdmVvLiBCdWVubywgc2kKZGVjaWRlcyBxdWUgcXVpZXJlcyB1bgpCcmF6YWwgY29uIHJhbnVyYXMgbcOhcyB0YXJkZSwKeWEgc2FiZXMgZMOzbmRlCmVuY29udHJhcm1lLiBBZGnDs3MgcG9yIGFob3JhLg==
277RAg,,W0Jvc2h1XQpHb29kIQpXYWl0IGZvciAyIHNlYwpib29tfmJvb21+,,,,,W0Jvc2h1XQpCb20hCkFndWFyZGUgMiBzZWd1bmRvcy4KQnVtfmJ1bX4h,,W0Jvc2h1XQrCoUJpZW4hCkVzcGVyYSAyIHNlZ3VuZG9zLgpCdW0sIGJ1bS4=
3L7RAg,,UGVyZmVjdCEgT2theSwgaGVyZQp5b3UgZ28uIElmIHlvdSBuZWVkIGFueQptb3JlIFNsb3R0ZWQgQXJtIEd1YXJkcywKanVzdCBjb21lIGFuZCBzZWUgbWUuCllvdSBrbm93IHdoYXQgdG8gYnJpbmcuLi4=,,,,,UGVyZmVpdG8hIENlcnRvLCBhcXVpCmVzdMOhLiBTZSBwcmVjaXNhciBkZQptYWlzIFByb3Rlw6fDtWVzIGRlIEJyYcOnbyBjb20gU2xvdCwKw6kgc8OzIGZhbGFyIGNvbWlnby4KSsOhIHNhYmUgbyBxdWUgdHJhemVyLi4u,,wqFQZXJmZWN0byEgQnVlbm8sIGFxdcOtCnRpZW5lcy4gU2kgbmVjZXNpdGFzCm3DoXMgQnJhemFsZXMgY29uIHJhbnVyYXMsCnZlbiBhIHZlcm1lLgpZYSBzYWJlcyBxdcOpIHRyYWVy4oCm
3b7RAg,,W0Jvc2h1XQpIbW0sIHRoZXJlIGFyZSBlbm91Z2ggTWF0ZXJpYWxzCmJ1dCBub3QgZW5vdWdoIG1vbmV5Lg==,,,,,W0Jvc2h1XQpIbW0sIG9zIG1hdGVyaWFpcyBzw6NvCnN1ZmljaWVudGVzLCBtYXMgZmFsdGEgZGluaGVpcm8u,,W0Jvc2h1XQpNbW0sIGhheSBzdWZpY2llbnRlcyBtYXRlcmlhbGVzLApwZXJvIG5vIGRpbmVybyBzdWZpY2llbnRlLg==
3r7RAg,,W0Jvc2h1XQpIbW0sIHlvdSBmb3Jnb3QgdGhlCjEwLDAwMCB6ZW55IEkgY2hhcmdlCmZvciBtYWtpbmcgdGhlc2UgU2xvdHRlZApBcm0gR3VhcmRzLiBPaCB3ZWxsLCBqdXN0CmJyaW5nIG1lIHRoZSBtb25leSBuZXh0IHRpbWV+,,,,,W0Jvc2h1XQpIbW0sIHZvY8OqIGVzcXVlY2V1IG9zCjEwLjAwMCBaZW55IHF1ZSBldSBjb2JybwpwYXJhIGZhemVyIG9zIFByb3RldG9yZXMgZGUgQnJhw6dvCmNvbSBTbG90LiBFbmZpbSwgbsOjbyBlc3F1ZcOnYQpvIGRpbmhlaXJvIGRhIHByw7N4aW1hIHZlen4=,,W0Jvc2h1XQpNbW0sIG9sdmlkYXN0ZSBsb3MKMTAgMDAwIHplbnkgcXVlIGNvYnJvCnBhcmEgZmFicmljYXIgZXN0b3MKQnJhemFsZXMgY29uIHJhbnVyYXMuIE9oLCBiaWVuLCBzb2xvCnRyw6FlbWUgZWwgZGluZXJvIGxhIHByw7N4aW1hIHZlei4=
377RAg,,W0Jvc2h1XQp1bW0sIHRoZXJlIGFyZSBub3QgZW5vdWdoIG1hdGVyaWFscy4=,,,,,W0Jvc2h1XQpIbS4uLiBFc3TDo28gZmFsdGFuZG8gYWxndW5zIG1hdGVyaWFpcy4=,,W0Jvc2h1XQpNbW0sIG5vIGhheSBzdWZpY2llbnRlcyBtYXRlcmlhbGVzLg==
4L7RAg,,W0Jvc2h1XQpIbT8gWW91IGRpZG4ndCBicmluZwp0aGUgaXRlbXMgSSB3YW50IGluCmV4Y2hhbmdlIGZvciAxIFNsb3R0ZWQKQXJtIEd1YXJkLiBEb24ndCBmb3JnZXQKbmV4dCB0aW1lLCBhbHJpZ2h0Pw==,,,,,W0Jvc2h1XQpIbT8gVm9jw6ogbsOjbyB0cm91eGUKb3MgaXRlbnMgcXVlIGV1IHF1ZXJvIGVtCnRyb2NhIHBvciAxIFByb3Rlw6fDo28gZGUgQnJhw6dvCmNvbSBTbG90LiBOw6NvIHNlIGVzcXVlw6dhCmRhIHByw7N4aW1hIHZleiwgZW50ZW5kaWRvPw==,,W0Jvc2h1XQrCv0VoPyBObyB0cmFqaXN0ZQpsb3Mgb2JqZXRvcyBxdWUgcXVpZXJvIGEKY2FtYmlvIGRlIDEgQnJhemFsCmNvbiByYW51cmFzLiBObyBsb3Mgb2x2aWRlcwpsYSBwcsOzeGltYSB2ZXosIMK/ZGUgYWN1ZXJkbz8=
4b7RAg,,W0Jvc2h1XQpJIGFtIHRoZSBiZXN0IEFydGlzYW4Kb2YgMyBOaW5qYSB3ZWFwb24gbWFrZXJzCk11cmF0YSBCb3NodS4=,,,,,W0Jvc2h1XQpFdSBzb3UgbyBtZWxob3IgYXJ0ZXPDo28KZG9zIDMgZmFicmljYW50ZXMgZGUgYXJtYXMgbmluamEsCk11cmF0YSBCb3NodS4=,,W0Jvc2h1XQpTb3kgZWwgbWVqb3IgYXJ0ZXNhbm8KZGUgMyBmYWJyaWNhbnRlcyBkZSBhcm1hcyBwYXJhIE5pbmphcywKTXVyYXRhIEJvc2h1Lg==
4r7RAg,,W0Jvc2h1XQpUaGVyZSBhcmUgMyBidXQgb3RoZXIKMiBtdXN0IGJlICB0cmlja3N0ZXJzLgpUaGVyZSBpcyBubyBvdGhlciBwZXJzb24KZXhpc3QgaW4gdGhpcyB3b3JsZC4=,,,,,W0Jvc2h1XQpIw6EgMywgbWFzIG9zIG91dHJvcwoyIHPDo28gdHJhcGFjZWlyb3MuCk7Do28gZXhpc3RlIG91dHJhIHBlc3NvYQpjb21vIGV1IG5lc3RlIG11bmRvLg==,,W0Jvc2h1XQpIYXkgMywgcGVybyBsb3MgZGVtw6FzCjIgZGViZW4gc2VyIGVzdGFmYWRvcmVzLgpObyBoYXkgbmFkaWUKbWVqb3IgcXVlIHlvIGVuIGVzdGUgbXVuZG8u
477RAg,,W0Jvc2h1XQpJIGtub3cgYWxsIHRoZSBzaGllbGRzIGFuZCBBcm1vcnMgaW4gdGhlIEVhc3QKYW5kIGhvdyB0byBtYWtlIHRoZW0u,,,,,W0Jvc2h1XQpDb25oZcOnbyB0b2RvcyBvcyBlc2N1ZG9zIGUgYXJtYWR1cmFzIGRvIE9yaWVudGUKZSBzZWkgYmVtIGNvbW8gY3Jpw6EtbG9zLg==,,W0Jvc2h1XQpDb25vemNvIHRvZG9zIGxvcyBFc2N1ZG9zIHkgbGFzIEFybWFkdXJhcyBkZWwgb3JpZW50ZSwKeSBjw7NtbyBoYWNlcmxvcy4=
5L7RAg,,W0Jvc2h1XQpCdXQgbXkgQXJtb3IgaXMKdG9vIHN0cm9uZyBhbmQgdG9vIGhpZ2ggZGVmZW5zZSByYXRlClRoZSBwZW9wbGUgd29ybiB0aGUgQXJtb3IKY2Fubm90IGVuZCB0aGUgd2FyCndoZW4gdGhleSBhcmUgZmlnaHRpbmcu,,,,,W0Jvc2h1XQpNaW5oYXMgYXJtYWR1cmEgc8OjbyBtdWl0byBmb3J0ZXMgCmUgdMOqbSB0YXhhIGRlIGRlZmVzYSBtdWl0byBhbHRhLgpBcyBwZXNzb2FzIHF1ZSB1c2FtIGFzIGFybWFkdXJhcwpuw6NvIGNvbnNlZ3VlbSB0ZXJtaW5hciBhIGd1ZXJyYQpxdWFuZG8gZXN0w6NvIGx1dGFuZG8u,,W0Jvc2h1XQpQZXJvIG1pIEFybWFkdXJhIGVzCmRlbWFzaWFkbyBmdWVydGUgeSB0aWVuZSB1biDDrW5kaWNlIGRlIGRlZmVuc2EgZGVtYXNpYWRvIGFsdG8uCkxhcyBwZXJzb25hcyBxdWUgbGxldmFuIGVzYSBBcm1hZHVyYQpubyBwdWVkZW4gdGVybWluYXIgbGEgZ3VlcnJhCmN1YW5kbyBlc3TDoW4gbHVjaGFuZG8u
5b7RAg,,W0Jvc2h1XQpGb3IgdGhhdCByZWFzb24sCkkgZG8gbm90IG1ha2UgU2hpZWxkIGFueW1vcmUuCkJ1dCBJIGRvIG5vdCB3YW50IG15IHNraWxsIHRvIGJlIHJ1c3R5CnNvIEkgY29sbGVjdCB0aGUgZGVmZW5zZSBpdGVtcwphdCB0aGUgbW9tZW50Lg==,,,,,W0Jvc2h1XQpQb3IgZXN0ZSBtb3Rpdm8sIG7Do28gZmHDp28gZXNjdWRvcy4KTWFzIG7Do28gcXVlcm8gcXVlIG1pbmhhIApoYWJpbGlkYWRlIGZpcXVlIGVuZmVycnVqYWRhLgpQb3IgaXNzbywgcGFzc2VpIGEgY29sZWNpb25hcgppdGVucyBkZSBkZWZlc2Eu,,W0Jvc2h1XQpQb3IgZXNhIHJhesOzbiwKeWEgbm8gaGFnbyBFc2N1ZG9zLgpQZXJvIG5vIHF1aWVybyBwZXJkZXIgbWkgaGFiaWxpZGFkCmFzw60gcXVlIHJlY29sZWN0byBvYmpldG9zIGRlIGRlZmVuc2EKYWhvcmEu
5r7RAg,,W0Jvc2h1XQpBcyBJIGhlYXJkLCB0aGVyZSBhcmUgdGhlIEFybW9yCkkgbWlnaHQgaGF2ZSBub3Qga25vd24gaW4gdGhlIGxhbmQKb3ZlciB0aGUgb2NlYW4uCldoYXQgaXMgaXQgY2FsbGVkfg==,,,,,W0Jvc2h1XQpGaXF1ZWkgc2FiZW5kbyBxdWUgaMOhIEFybWFkdXJhcwpxdWUgZXUgbsOjbyBjb25oZcOnbwpubyBvdXRybyBsYWRvIGRvIG9jZWFuby4KQ29tbyBzZSBjaGFtYSBtZXNtby4uLj8=,,W0Jvc2h1XQpTZWfDum4gb8OtLCBleGlzdGUgdW5hIEFybWFkdXJhCmRlIGxhIHF1ZSBxdWl6w6Egbm8gc8OpIG5hZGEsIHByb3ZlbmllbnRlIGRlIGxhIHRpZXJyYQpxdWUgZXN0w6EgYWwgb3RybyBsYWRvIGRlbCBvY8OpYW5vLgrCv0PDs21vIHNlIGxsYW1hPw==
577RAg,,W0Jvc2h1XQpJdCB3YXMgc29tZXRoaW5nIGxpa2UgXkZGMDAwMEd1YXJkWzFdXjAwMDAwMD8Kb3Igc21pbGFyIGxpa2UgdGhpcy4KSSB3aXNoIEkgY291bGQgc2VlIGl0IHdpdGggbXkKb3duIGV5ZXMu,,,,,W0Jvc2h1XQpFcmEgYWxnbyBjb21vIF5GRjAwMDBWZW1icmFzc2FbMV1eMDAwMDAwPwpPdSBhbGd1bWEgY29pc2EgcGFyZWNpZGEuCkdvc3RhcmlhIGRlIHBvZGVyIHZlciBlc3NhIGFybWFkdXJhIApjb20gbWV1cyBwcsOzcHJpb3Mgb2xob3Mu,,W0Jvc2h1XQpFcmEgYWxnbyBhc8OtIGNvbW8gXjY2MDAwMEVzY3Vkb1sxXV4wMDAwMDAKbyBwYXJlY2lkby4KT2phbMOhIHB1ZGllcmEgdmVybG8gY29uIG1pcwpwcm9waW9zIG9qb3Mu
6L7RAg,,W0Jvc2h1XQpXZWxsIGl0IG11c3QgYmUgbm90IGdvb2QgZW91Z2h0CnRoYW4gdGhlIGFybW9yIEkgbWFkZQpoZXJlLg==,,,,,W0Jvc2h1XQpCZW0sIGVsYSBuw6NvIGRldmUgc2VyCm1lbGhvciBkbyBxdWUgYXMgYXJtYWR1cmFzCnF1ZSBmYcOnbyBhcXVpLg==,,W0Jvc2h1XQpCdWVubywgbm8gZGViZSBzZXIgbWVqb3IKcXVlIGxhIEFybWFkdXJhIHF1ZSBoaWNlCmFxdcOtLg==
6b7RAg,,W0Jvc2h1XQpJZiB5b3UgZG8gbXkgZmF2b3IKSSB3aWxsIG1ha2Ugc3BlY2lhbCB0aGluZ3MKdG8geW91Lg==,,,,,W0Jvc2h1XQpTZSBhdGVuZGVyIGFvIG1ldSBwZWRpZG8sCmZhcmVpIGNvaXNhcyBlc3BlY2lhaXMKcGFyYSB2b2PDqi4=,,W0Jvc2h1XQpTaSBtZSBoYWNlcyBlc2UgZmF2b3IsCmhhcsOpIGNvc2FzIGVzcGVjaWFsZXMKcGFyYSB0aS4=
6r7RAg,,W0Jvc2h1XQpJIGFtIG5vdCBzdXJlIHdoYXQgaXQgd2lsbCBiZQpidXQgSSB0aGluayBJIHdpbGwgaGF2ZSBhbiBpZGVhCm9uY2UgSSBzZWUgdGhlIGl0ZW1+CkhvdyBhYm91dCB0aGF0fmNhbiB5b3UgZG8gbXkgYSBmYXZvcj8=,,,,,W0Jvc2h1XQpOw6NvIHRlbmhvIGNlcnRlemEgZG8gcXVlIHNlcsOhLAptYXMgYWNobyBxdWUgdGVyZWkgdW1hIGlkZWlhCnF1YW5kbyB2aXIgbyBpdGVtfgpRdWUgdGFsPyBQb2RlIG1lIGZhemVyIHVtIGZhdm9yPw==,,W0Jvc2h1XQpObyBlc3RveSBzZWd1cm8gZGUgcXXDqSBzZXLDoSwKcGVybyBjcmVvIHF1ZSB0ZW5kcsOpIHVuYSBpZGVhCmN1YW5kbyB2ZWEgZWwgb2JqZXRvLgrCv1F1w6kgb3BpbmFzPyDCv1B1ZWRlcyBoYWNlcm1lIHVuIGZhdm9yPw==
677RAg,,W0Jvc2h1XQpIbW0/ClRoZW4gd2h5IGhhdmUKeW91IGNvbWUgYWxsIHRoaXMKd2F5IHRvIHRhbGsgdG8gbWU/,,,,,W0Jvc2h1XQpIbW0/CkVudMOjbyBwb3IgcXVlCnZlaW8gYXTDqSBhcXVpCnBhcmEgZmFsYXIgY29taWdvPw==,,W0Jvc2h1XQrCv01tbT8KRW50b25jZXMsIMK/cG9yIHF1w6kKdmluaXN0ZSBoYXN0YSBhcXXDrQpwYXJhIGhhYmxhcm1lPw==
7L7RAg,,W0Jvc2h1XQpPaCBHb29kLgpUaGVuIHlvdSBzaG91bGQgbGVhdmUgbm93LgpCcmluZyBtZSB0aGUgaXRlbSBjYWxsZWQgXkZGMDAwMEd1YXJkWzFdXjAwMDAwMCAKYW1kIGNvbWUgYmFjayB0byBtZS4=,,,,,W0Jvc2h1XQpBaCwgcXVlIMOzdGltby4KRW50w6NvIHbDoSwgcmFwYXouCkNvbnNpZ2EgbyBpdGVtIF5GRjAwMDBWZW1icmFzc2FbMV1eMDAwMDAwIAplIHZvbHRlIGF0w6kgYXF1aS4=,,W0Jvc2h1XQpBaCwgYmllbi4KRW50b25jZXMsIGRlYmVyw61hcyBpcnRlIGFob3JhLgpUcsOhZW1lIGVsIG9iamV0byBsbGFtYWRvIF42NjAwMDBFc2N1ZG9bMV1eMDAwMDAwIAp5IHZ1ZWx2ZSBhcXXDrS4=
7b7RAg,,W0Jvc2h1XQpPaC4uRG8geW91IGhhdmUgaXQ/LgpMZXQgbWUgc2VlLi4uCkhtbW0uLi4=,,,,,W0Jvc2h1XQpBaC4uLiBWb2PDqiBjb25zZWd1aXU/CkRlaXhlLW1lIHZlci4uLgpIbW1tLi4u,,W0Jvc2h1XQpPaOKApiDCv0xvIHRpZW5lcz8KRMOpamFtZSB2ZXLigKYKTW1tbeKApg==
7r7RAg,,W0Jvc2h1XQpPaCFZZXMsIEkgY2FuIG1ha2UgYSBob2xlCm9udG8gYSBndWFyZCE=,,,,,W0Jvc2h1XQpBaCEgU2ltLCBwb3NzbyBsaWJlcmFyIHVtCnNsb3QgbmVzc2EgVmVtYnJhc3NhIQ==,,W0Jvc2h1XQrCoUFoISBTw60sIHB1ZWRvIGhhY2VybGUgdW4gYWd1amVybwphIHVuIEVzY3Vkby4=
777RAg,,W0Jvc2h1XQpBaCwgSSB3YW50IHRvIHVzZSB0aGlzIAp0byBtYWtlIGEgaG9sZSBpbiBpdC4=,,,,,W0Jvc2h1XQpBaCwgcXVlcm8gdXNhciBpc3NvCnBhcmEgbGliZXJhciB1bSBTbG90Lg==,,W0Jvc2h1XQpBaCwgcXVpZXJvIHVzYXIgZXN0byAKcGFyYSBoYWNlcmxlIHVuIGFndWplcm8u
8L7RAg,,W0Jvc2h1XQpJZiB5b3UgaGF2ZSBhIG5vcm1hbCBBcm0gR3VhcmQsCnRoZW4gYnJpbmcgdGhlIEFybSBndWFyZCwKYW5kIG9uZSBHdWFyZCB3aXRoIHNsb3QKYW5kIDEwLDAwMCBaZW55LApJIHdpbGwgbWFrZSBpdCBpbnRvIEFybSBHdWFyZCB3aXRoIGEgc2xvdApmb3IgeW91Lg==,,,,,W0Jvc2h1XQpTZSB2b2PDqiB0aXZlciB1bWEgUHJvdGXDp8OjbyBkZSBCcmHDp28gbm9ybWFsLAp0cmFnYS1vIGF0w6kgbWltIGNvbQp1bSBWZW1icmFzc2EgY29tIFNsb3QKZSAxMC4wMDAgWmVueS4gQXNzaW0sIGZhcmVpCnVtYSBWZW1icmFzc2EgY29tIFNsb3QKcGFyYSB2b2PDqi4=,,W0Jvc2h1XQpTaSB0aWVuZXMgdW4gQnJhemFsIG5vcm1hbCwKdHLDoWVsbwp5IHRhbWJpw6luIHVuIEVzY3VkbyBjb24gcmFudXJhCnkgMTAgMDAwIHplbnkuCkxvIGNvbnZlcnRpcsOpIGVuIHVuIEJyYXphbCBjb24gcmFudXJhCnBhcmEgdGku
8b7RAg,,W0Jvc2h1XQpXb3VsZCB5b3UgbGlrZSB0byB0cnk/,,,,,W0Jvc2h1XQpRdWVyIGV4cGVyaW1lbnRhcj8=,,W0Jvc2h1XQrCv1F1aWVyZXMgcHJvYmFyIGhhY2VybG8/
8r7RAg,,Tm8sIEkgZG8gbm90IHdhbnQu,,,,,TsOjbyBxdWVyby4=,,Tm8sIG5vIHF1aWVyby4=
877RAg,,b0ssIEkgd2lsbC4=,,,,,UXVlcm8u,,RGUgYWN1ZXJkbywgaGFnw6Ftb3Nsby4=
9L7RAg,,W0Jvc2h1XQpVbSwgb2suCkFueXdheSwgSSBzaG91bGQgdGhhbmsKeW91IHRvIGJyaW5nIHRoZSBvdmVyc2VhcwpndWFyZCB0byBoZXJlIGFuZApzaG93IGl0IHRvIG1lCmZyb20gdGhlIGFsbCB0aGUgd2F5LgpUaGFuayB5b3UgZm9yIGV2ZXJ5dGhpbmcu,,,,,W0Jvc2h1XQpIbSwgb2suCkVuZmltLCBxdWVyaWEgYWdyYWRlY2VyCnBvciB0cmF6ZXIgYSBWZW1icmFzc2EKZGUgb3V0cm8gcGHDrXMgcGFyYSBjw6EgZQptb3N0csOhLWxhIHBhcmEgbWltCm5vIHByb2Nlc3NvLgpPYnJpZ2FkbyBwb3IgdHVkby4=,,W0Jvc2h1XQpNbSwgYnVlbm8uCkRlIHRvZG9zIG1vZG9zLCBkZWJvIGFncmFkZWNlcnRlCnBvciB0cmFlciB1biBFc2N1ZG8gZXh0cmFuamVybwpoYXN0YSBhcXXDrQp5IG1vc3Ryw6FybWVsbywKYSBwZXNhciBkZSBsYXMgZGlzdGFuY2lhcy4KR3JhY2lhcyBwb3IgdG9kby4=
9b7RAg,,W0Jvc2h1XQpPaCBJIHNlZS4KSSBjYW4ndCB3YWl0IHRvIGRvIGl0LgpNYXRlcmlhbHMgYXJlIDEgQXJtIEd1YXJkLAoxIEd1YXJkIHdpdGggc2xvdCBhbmQKMTAsMDAwIFplbnk=,,,,,W0Jvc2h1XQpBaCwgZW50ZW5kby4KTWFsIHBvc3NvIGVzcGVyYXIgcGFyYSBmYXplciBpc3NvLgpPcyBtYXRlcmlhaXMgc8OjbyAxIFByb3Rlw6fDo28gZGUgQnJhw6dvLAoxIFZlbWJyYXNzYSBjb20gU2xvdCBlCjEwLjAwMCBaZW55Lg==,,W0Jvc2h1XQpBaCwgeWEgdmVvLgpZYSBxdWllcm8gaGFjZXJsby4KTG9zIG1hdGVyaWFsZXMgc29uIDEgQnJhemFsLAoxIEVzY3VkbyBjb24gcmFudXJhIHkKMTAgMDAwIHplbnku
9r7RAg,,W0Jvc2h1XQpJIHdpbGwgbWFrZSBhIHNsb3Qgb24gdGhlIEFybSBHdWFyZC4KVGhlbiBwbGVhc2UgdmlzaXQgbWUgYWdhaW4gd2hlbiB5b3UgYXJlIHJlYWR5Lg==,,,,,W0Jvc2h1XQpWb3UgY29sb2NhciB1bSBTbG90IG5hIFByb3Rlw6fDo28gZGUgQnJhw6dvLgpGYWxlIGNvbWlnbyBlbSBicmV2ZSBxdWUgZXN0YXLDoSB0dWRvIHByb250by4=,,W0Jvc2h1XQpMZSBoYXLDqSB1bmEgcmFudXJhIGFsIEJyYXphbC4KVnVlbHZlIGEgdmlzaXRhcm1lIGN1YW5kbyBwdWVkYXMu
977RAg,,W0Jvc2h1XQpBaCwgSSBzZWUgdGhhdCB5b3UndmUKYWxyZWFkeSBicm91Z2h0IGV2ZXJ5dGhpbmcKSSB3YW50LiBKdXN0IHRvIGJlIHNhZmUsIGxldAptZSBhc2sgeW91IG9uZSBtb3JlIHRpbWU6CmRvIHlvdSB3YW50IHRvIHRyYWRlIHlvdXIgaXRlbXMKZm9yIDEgU2xvdHRlZCBBcm0gR3VhcmQ/,,,,,W0Jvc2h1XQpBaCwgdmVqbyBxdWUgdm9jw6oKasOhIHRyb3V4ZSB0dWRvIGRlIHF1ZQpwcmVjaXNvLiBQb3Igc2VndXJhbsOnYSwgZGVpeGUtbWUKcGVyZ3VudGFyIG1haXMgdW1hIHZlejoKdm9jw6ogcXVlciB0cm9jYXIgc2V1cyBpdGVucwpwb3IgMSBQcm90ZcOnw6NvIGRlIEJyYcOnbyBjb20gU2xvdD8=,,W0Jvc2h1XQpBaCwgdmVvIHF1ZQp5YSB0cmFqaXN0ZSB0b2RvCmxvIHF1ZSBxdWllcm8uIFBhcmEgZXN0YXIgc2VndXJvcywgZMOpamFtZQpwcmVndW50w6FydGVsbyB1bmEgdmV6IG3DoXM6CsK/cXVpZXJlcyBpbnRlcmNhbWJpYXIgdHVzIG9iamV0b3MKcG9yIDEgQnJhemFsIGNvbiByYW51cmE/
+L7RAg,,W0Jvc2h1XQpQZXJmZWN0ISBPa2F5LCBoZXJlCnlvdSBnby4gSWYgeW91IG5lZWQgYW55Cm1vcmUgU2xvdHRlZCBBcm0gR3VhcmRzLApqdXN0IGNvbWUgYW5kIHNlZSBtZS4KWW91IGtub3cgd2hhdCB0byBicmluZy4uLg==,,,,,W0Jvc2h1XQpQZXJmZWl0byEgQ2VydG8sIGFxdWkKZXN0w6EuIFNlIHByZWNpc2FyIGRlCm1haXMgUHJvdGXDp8O1ZXMgZGUgQnJhw6dvIGNvbSBTbG90LArDqSBzw7MgZmFsYXIgY29taWdvLgpKw6Egc2FiZSBvIHF1ZSB0cmF6ZXIuLi4=,,W0Jvc2h1XQrCoVBlcmZlY3RvISBCdWVubywgYXF1w60KdGllbmVzLiBTaSBuZWNlc2l0YXMKbcOhcyBCcmF6YWxlcyBjb24gcmFudXJhcywKdmVuIGEgdmVybWUuCllhIHNhYmVzIHF1w6kgdHJhZXLigKY=
+b7RAg,,W0Jvc2h1XQpJbiBvcmRlciB0byBtYWtlCkFybSBHdWFyZCB3aXRoIGEgc2xvdCwgSSBuZWVkIDEgR3VhcmQgd2l0aCBhIHNsb3QKMSBBcm0gR3VhcmQKMTAsMDAwIFplbnkgaXMgcmVxdWlyZWQuClBsZWFzZSBjb21lIGJhY2sgYWdhaW4u,,,,,W0Jvc2h1XQpQYXJhIGZhemVyIGEgUHJvdGXDp8OjbyBkZSBCcmHDp28KY29tIHVtIFNsb3QsIHByZWNpc28gZGUgMSBWZW1icmFzc2EKY29tIHVtIHNsb3QsIDEgVmVtYnJhc3NhCmUgMTAuMDAwIFplbnkuIENvbnNpZ2EgdHVkbwplIGZhbGUgY29taWdvLg==,,W0Jvc2h1XQpQYXJhIHBvZGVyIGZhYnJpY2FyCnVuIEJyYXphbCBjb24gcmFudXJhLCBuZWNlc2l0byAxIEVzY3VkbyBjb24gcmFudXJhLAoxIEJyYXphbAp5IDEwIDAwMCB6ZW55LgpSZWdyZXNhIGN1YW5kbyBxdWllcmFzLg==
+r7RAg,,W0Jvc2h1XQpPaH5Zb3UgY2FtZSBiYWNrLgpkaWQgeW91IGNvbWUgYmFjawp0byBnZXQgdGhlIEFybSBHdWFyZCB3aXRoIGEgc2xvdD8=,,,,,W0Jvc2h1XQpBaC4uLiBWb2PDqiB2b2x0b3UuClF1ZXIgYSBQcm90ZcOnw6NvIGRlIEJyYcOnbwpjb20gdW0gc2xvdD8=,,W0Jvc2h1XQpPaCwgcmVncmVzYXN0ZS4Kwr9Wb2x2aXN0ZQpwYXJhIGJ1c2NhciBlbCBCcmF6YWwgY29uIHJhbnVyYT8=
+77RAg,,U291bmRzIGdvb2Qh,,,,,VmFtb3MgbMOhIQ==,,wqFNZSBwYXJlY2UgYmllbiE=
/L7RAg,,W0Jvc2h1XQpBcmUgeW91IHN1cmU/CklmIHlvdSB0aGluayBhYm91dAppdCwgaXQncyByZWFsbHkgYSBwcmV0dHkKZ29vZCBkZWFsLiBXZWxsLCBpZiB5b3UKY2hhbmdlIHlvdXIgbWluZCwgY29tZQphbmQgdGFsayB0byBtZSBhZ2Fpbn4=,,,,,W0Jvc2h1XQpUZW0gY2VydGV6YT8KU2Ugdm9jw6ogcGVuc2FyIGJlbSwKw6kgcmVhbG1lbnRlIHVtCmJvbSBuZWfDs2Npby4gU2UKbXVkYXIgZGUgaWRlaWEsCsOpIHPDsyBmYWxhciBjb21pZ29+,,W0Jvc2h1XQrCv1RlIHBhcmVjZT8KU2kgbG8gcGllbnNhcywKcmVhbG1lbnRlLCBlcyB1biBidWVuCnRyYXRvLiBCdWVubywgc2kKY2FtYmlhcyBkZSBvcGluacOzbiwgdmVuCnkgaGFibGEgY29ubWlnbyBkZSBudWV2by4=
/b7RAg,,QmF0c2h1,,,,,QmF0c2h1,,QmF0c2h1
/r7RAg,,W0JhdHNodV0KSSBhbSBtYWtpbmcgZ3VhcmRzIHRvIAp0aGUgbmluamFzCkkgYW0gTXVyYXRhIEJhdHNodS4=,,,,,W0JhdHNodV0KRmHDp28gcHJvdGXDp8O1ZXMKcGFyYSBvcyBuaW5qYXMuCk1ldSBub21lIMOpIE11cmF0YSBCYXRzaHUu,,W0JhdHNodV0KRXN0b3kgaGFjaWVuZG8gRXNjdWRvcyBwYXJhIApsb3MgTmluamFzLgpTb3kgTXVyYXRhIEJhdHNodS4=
/77RAg,,W0JhdHNodV0KQnV0IHRoZSBndWFyZCBJIG1hZGUKcmVxdWlyZXMgYSBtaW5pbXVtIHJlcXVpcmVtZW50LgpzbyBpdCBpcyBub3QgcG9zc2libGUgdG8gCmVxdWlwIGZvciB5b3Uu,,,,,W0JhdHNodV0KTm8gZW50YW50bywgYSBwcm90ZcOnw6NvCnF1ZSBmaXogdGVtIHVtCnJlcXVpc2l0byBtw61uaW1vLgpWb2PDqiBuw6NvIHBvZGUgdXPDoS1sYS4=,,W0JhdHNodV0KUGVybyBlbCBFc2N1ZG8gcXVlIGhpY2UKdGllbmUgdW4gcmVxdWlzaXRvIG3DrW5pbW8sCmFzw60gcXVlIG5vIHBvZHLDoXMgCmVxdWlwYXJsby4=
AL/RAg,,W0JhdHNodV0KUGxlYXNlIGNvbWUgYmFjayBhZnRlciBncm93IHVwIG1vcmUu,,,,,W0JhdHNodV0KRmFsZSBjb21pZ28gZGVwb2lzIHF1ZSBldm9sdWlyIHVtIHBvdWNvLg==,,W0JhdHNodV0KVnVlbHZlIGx1ZWdvIGRlIHF1ZSB5YSBzZWFzIG3DoXMgZnVlcnRlLg==
Ab/RAg,,W0JhdHNodV0KT2ghIFlvdSByZWFsbHkKYnJvdWdodCBtZSBhIE1pcnJvcgpTaGllbGQhIEFtYXppbmcuIE9rYXks,,,,,W0JhdHNodV0KQWghIFZvY8OqIHRyb3V4ZQptZXNtbyB1bSBFc2N1ZG8gRXNwZWxoYWRvLgpJbmNyw612ZWwuIE11aXRvIGJlbS4=,,W0JhdHNodV0KwqFBaCEgwqFSZWFsbWVudGUsCm1lIHRyYWppc3RlIHVuIEVzY3Vkbwplc3BlamFkbyEgSW5jcmXDrWJsZS4gRXN0w6EgYmllbiw=
Ar/RAg,,W0JhdHNodV0Kd293LCBnaXZlIG1lIGEgbWludXRlCnRvIHRob3JvdWdobHkgY2hlY2sgb3V0IGl0cwpkZXNpZ24gYW5kIGVuY2hhbnRtZW50cy4uLg==,,,,,W0JhdHNodV0KTm9zc2EsIHByZWNpc28gZGUgdW0gbWludXRvCnBhcmEgZGFyIHVtYSBvbGhhZGEgbm8KcHJvamV0byBlIG5vcyBlbmNhbnRhbWVudG9zLi4u,,W0JhdHNodV0KdmF5YSwgZGFtZSB1biBtaW51dG8KcGFyYSBjb21wcm9iYXIgZW4gZGV0YWxsZSBzdQpkaXNlw7FvIHkgc3VzIGVuY2FudGFtaWVudG9z4oCm
A7/RAg,,W0JhdHNodV0KSSBrbmV3IGl0ISEgSSBzZWUgbm93fiEKdGhlIGFsbCBndWFyZCBpdGVtcyBjYW4gCm1hZ2ljYWwgZGVmZW5zZSBsaWtlIAp0aGlzIGl0ZW0hIQ==,,,,,W0JhdHNodV0KRXUgc2FiaWEhISEgSsOhIGVudGVuZGl+IQpUb2RvcyBvcyBpdGVucyBkZSBwcm90ZcOnw6NvCnTDqm0gZGVmZXNhIG3DoWdpY2EKY29tbyBlc3NlIGVzY3VkbyE=,,W0JhdHNodV0KwqFMbyBzYWLDrWEhIMKhQWhvcmEgbG8gdmVvIQrCoVRvZG9zIGxvcyBvYmpldG9zIGRlIHByb3RlY2Npw7NuIHB1ZWRlbiAKdGVuZXIgZGVmZW5zYSBtw6FnaWNhIGNvbW8gCmVzdGUgb2JqZXRvIQ==
BL/RAg,,W0JhdHNodV0KSG1tbS4uLiBZb3Uga25vdyB3aGF0PwpJIGNhbiBtYWtlIGFuIFVwZ3JhZGVkCkFybSBHdWFyZCBmcm9tIHdoYXQgSSBjYW4KbGVhcm4gZnJvbSB0aGlzIE1pcnJvciBTaGllbGQuCkxldCdzIHNlZSwgdW0sIEknbGwgbmVlZCBzb21lCml0ZW1zIHRvIG1ha2UgaXQsIHRob3VnaC4uLg==,,,,,W0JhdHNodV0KSG1tbS4uLiBRdWVyIHNhYmVyPwpQb3NzbyBmYXplciB1bWEgUHJvdGXDp8OjbyBkZSBCcmHDp28KYXR1YWxpemFkYSBjb20gbyBxdWUgZXUgY29uc2VndWlyCmFwcmVuZGVyIGNvbSBlc3NlIEVzY3VkbyBFc3BlbGhhZG8uClZlamFtb3MsIHZvdSBwcmVjaXNhciBkZSBhbGd1bnMKaXRlbnMgcGFyYSBmYXplciBpc3NvLi4u,,W0JhdHNodV0KTW1tbeKApiDCv1NhYmVzIHF1w6k/ClBvZHLDrWEgZmFicmljYXIgdW4KQnJhemFsIG1lam9yYWRvIGNvbiBsbyBxdWUgcHVlZG8KYXByZW5kZXIgZGUgZXN0ZSBFc2N1ZG8gZXNwZWphZG8uClZlYW1vcywgbW0sIG5lY2VzaXRhcsOpIGFsZ3Vub3MKb2JqZXRvcyBwYXJhIGhhY2VybG8sIHBlcm/igKY=
Bb/RAg,,W0JhdHNodV0KVGhlcmUgYXJlIDMgYnV0IG90aGVyCjIgYXJlIG15IGJyb3RoZXJzLgpJIHBpY2tlZCB1cCBHdWFyZCBjcmVhdGlvbiBza2lsbApmcm9tIG15IGJyb3RoZXJz,,,,,W0JhdHNodV0KU29tb3MgMy4gT3Mgb3V0cm9zCjIgc8OjbyBtZXVzIGlybcOjb3MuCkFwcmVuZGkgYSBoYWJpbGlkYWRlIGRlIGNyaWHDp8OjbwpndWFyZGEgY29tIGVsZXMu,,W0JhdHNodV0KSGF5IDMsIHBlcm8gbG9zIGRlbcOhcwoyIHNvbiBtaXMgaGVybWFub3MuCkFwcmVuZMOtIGEgY3JlYXIgb2JqZXRvcyBkZSBwcm90ZWNjacOzbgpkZSBtaXMgaGVybWFub3Mu
Br/RAg,,W0JhdHNodV0KSSBkbyBub3QgdGhpbmsgSSBhbSBncmVhdApJIGFtIHNvIGdyYXRlZnVsIHRoYXQgbWFueSBwZW9wbGUKcmVjb2duaXplIG15IHNraWxsLg==,,,,,W0JhdHNodV0KTsOjbyBtZSBjb25zaWRlcm8gZ3JhbmRlIGNvaXNhLgpTb3UgbXVpdG8gZ3JhdG8gcGVsYXMgcGVzc29hcwpyZWNvbmhlY2VyZW0gbWluaGEgaGFiaWxpZGFkZS4=,,W0JhdHNodV0KTm8gbWUgY29uc2lkZXJvIGV4Y2VsZW50ZSBlbiBsbyBxdWUgaGFnby4KQWdyYWRlemNvIHRhbnRvIHF1ZSBtdWNoYXMgcGVyc29uYXMKcmVjb25vemNhbiBtaSBoYWJpbGlkYWQu
B7/RAg,,W0JhdHNodV0KSSBhbSBhbHNvIHN0b3BwZWQgY3JlYXRpbmcgZ3VhcmRzCmFuZCBjb2xsZWN0aW5nIGd1YXJkIGl0ZW1zCmF0IHRoZSBtb21lbnQu,,,,,W0JhdHNodV0KVGFtYsOpbSBwYXJlaSBkZSBjcmlhciBwcm90ZcOnw7VlcwplIGRlIGNvbGV0YXIgaXRlbnMgZGUgcHJvdGXDp8OjbwpubyBtb21lbnRvLg==,,W0JhdHNodV0KVGFtYmnDqW4gZGVqw6kgZGUgY3JlYXIgRXNjdWRvcwp5IGRlIHJlY29sZWN0YXIgb2JqZXRvcyBkZSBwcm90ZWNjacOzbgphaG9yYS4=
CL/RAg,,W0JhdHNodV0KTGF0ZWx5IEkgYW0gc3R1ZHlpbmcgb24gCmdpdmluZyBtYWdpY2FsIHNraWxsIG9uIHRoZSBndWFyZHMu,,,,,W0JhdHNodV0KVWx0aW1hbWVudGUsIHRlbmhvIGVzdHVkYWRvIHNvYnJlIApkYXIgaGFiaWxpZGFkZXMgbcOhZ2ljYXMgYSBwcm90ZcOnw7Vlcy4=,,W0JhdHNodV0Kw5psdGltYW1lbnRlLCBlc3R1dmUgZXN0dWRpYW5kbyBjw7NtbyAKb3RvcmdhcmxlcyBoYWJpbGlkYWRlcyBtw6FnaWNhcyBhIGxvcyBvYmpldG9zIGRlIHByb3RlY2Npw7NuLg==
Cb/RAg,,W0JhdHNodV0KU28gSSBjcm9zcyB0aGUgb2NlYW4KYW5kIGFtIGxvb2tpbmcgYXQgTWlycm9yIFNoaWVsZCBvdmVyIHRoZSBzZWEKdG8gZ2V0IGFuIGlkZWEKYnV0IGl0IHdhcyBub3QgcG9zc2libGUKdG8gZ2V0IGl0CmFuZCBJIGFtIG5vdCBzdXJlIHdoYXQgdG8gZG8u,,,,,W0JhdHNodV0KUG9yIGlzc28sIGF0cmF2ZXNzZWkgbyBvY2Vhbm8KZSBlc3R1ZGVpIG8gRXNjdWRvIEVzcGVsaGFkbwpwYXJhIHRlciB1bWEgaWRlaWEsCm1hcyBuw6NvIGNvbnNlZ3VpCmNoZWdhciBhIHVtYSBjb25jbHVzw6NvCmUgbsOjbyBzZWkgYW8gY2VydG8gbyBxdWUgZmF6ZXIu,,W0JhdHNodV0KUG9yIGVzbywgY3J1Y8OpIGVsIG9jw6lhbm8KeSBhaG9yYSBlc3RveSBidXNjYW5kbyB1biBFc2N1ZG8gZXNwZWphZG8KcGFyYSBlbnRlbmRlciBjw7NtbyBzZSBoYWNlLApwZXJvIG5vIGxvZ3LDqQpvYnRlbmVybG8KeSBubyBzw6kgcXXDqSBoYWNlci4=
Cr/RAg,,W0JhdHNodV0KYnV0IGx1Y2tpbHkKeW91IHNob3dlZCBtZSB0aGUgCk1pcnJvcl9TaGllbGQsIGFuZCAKbXkgc3Bpcml0IG9mIGNyZWF0aW9uCmlzIG9uIGZpcmUu,,,,,W0JhdHNodV0KTWFzLCBmZWxpem1lbnRlLAp2b2PDqiBtZSBtb3N0cm91IG8KRXNjdWRvIEVzcGVsaGFkbywgZSAKbWV1IGVzcMOtcml0byBkZSBjcmlhw6fDo28KZXN0w6EgcGFscGl0YW5kby4=,,W0JhdHNodV0KUGVybywgcG9yIHN1ZXJ0ZSwKbWUgbW9zdHJhc3RlIGVsIApFc2N1ZG8gZXNwZWphZG8geSAKbWkgZXNww61yaXR1IGRlIGNyZWFjacOzbgplc3TDoSBlbiBsbGFtYXMu
C7/RAg,,W0JhdHNodV0KVW5zbG90dGVkIEFybSBHdWFyZCwKTWlycm9yIFNoaWVsZCwgYW5kCjIwLDAwMCB6ZW55IGFyZSB3aGF0CkknbGwgbmVlZC4gU28gd291bGQgeW91CndhbnQgbWUgdG8gbWFrZSB5b3UgYW4KVXBncmFkZWQgQXJtIEd1YXJkPw==,,,,,W0JhdHNodV0KUHJvdGXDp8OjbyBkZSBCcmHDp28gc2VtIFNsb3QsCkVzY3VkbyBFc3BlbGhhZG8gZQoyMC4wMDAgemVueSAtIMOpIGRpc3NvIHF1ZQpldSBwcmVjaXNvLiBFIGHDrSwgcXVlciBxdWUKZXUgZmHDp2EgdW1hIFByb3Rlw6fDo28gZGUgQnJhw6dvCmF0dWFsaXphZGEgcGFyYSB2b2PDqj8=,,W0JhdHNodV0KTmVjZXNpdGFyw6kgdW4gQnJhemFsIHNpbiByYW51cmFzLAp1biBFc2N1ZG8gZXNwZWphZG8geQoyMCAwMDAgemVueS4gwr9UZSBndXN0YXLDrWEKcXVlIHRlIGZhYnJpcXVlIHVuCkJyYXphbCBtZWpvcmFkbz8=
DL/RAg,,U3VyZS4=,,,,,Q2xhcm8u,,Q2xhcm8u
Db/RAg,,W0JhdHNodV0KUi1yZWFsbHk/IFdlbGwsCkkgdW5kZXJzdGFuZC4gU3RpbGwsCkkgaGF2ZSBubyBvdGhlciB3YXkgdG8KdGhhbmsgeW91IGZvciBzaG93aW5nCm1lIHRoYXQgTWlycm9yIFNoaWVsZC4uLg==,,,,,W0JhdHNodV0KU8OpcmlvPyBCZW0uLi4KZW50ZW5kby4gTWVzbW8gYXNzaW0sCm7Do28gc2VpIGNvbW8gYWdyYWRlY2VyCnBvciBtZSBtb3N0cmFyCm8gRXNjdWRvIEVzcGVsaGFkby4uLg==,,W0JhdHNodV0Kwr9FLUVuIHNlcmlvPyBCdWVubywKbG8gZW50aWVuZG8uIFNpbiBlbWJhcmdvLApubyB0ZW5nbyBvdHJhIGZvcm1hIGRlCmFncmFkZWNlcnRlIHBvciBoYWJlcm1lIG1vc3RyYWRvCmVzZSBFc2N1ZG8gZXNwZWphZG/igKY=
Dr/RAg,,W0JhdHNodV0KR29vZCwgZ29vZCwgeW91J3ZlCmJyb3VnaHQgZXZlcnl0aGluZyBJIG5lZWQuCk5vdywgbXkgVXBncmFkZWQgQXJtIEd1YXJkCmhhcyBoaWdoZXIgTWFnaWMgRGVmZW5zZSB0aGFuCm5vcm1hbCBBcm0gR3VhcmQsIGJ1dCBpdCBhbHNvCmhhcyBsb3dlciBQaHlzaWNhbCBEZWZlbnNlLgpJIGp1c3Qgd2FudGVkIHRvCmNvbmZpcm0gb25lIG1vcmUgdGltZQp3aGV0aGVyIHlvdSB3YW50IG1lIHRvIGNyYWZ0CmFuIFVwZ3JhZGVkIEFybSBHdWFyZCBmb3IgeW91Lg==,,,,,W0JhdHNodV0KQWgsIHF1ZSBib20uIFZvY8OqIHRyb3V4ZQp0dWRvIHF1ZSBldSBwcmVjaXNvLgpBZ29yYSwgbWluaGEgUHJvdGXDp8OjbyBkZSBCcmHDp28gbWVsaG9yYWRhCnRlbSBtYWlzIERlZmVzYSBNw6FnaWNhIGRvIHF1ZSBhClByb3Rlw6fDo28gZGUgQnJhw6dvIG5vcm1hbCwgbWFzIGEgCkRlZmVzYSBGw61zaWNhIMOpIG1lbm9yLgpFdSBzw7MgcXVlcmlhCmNvbmZpcm1hciBtYWlzIHVtYSB2ZXouClZvY8OqIHF1ZXIgcXVlIGV1IGNyaWUKdW1hIFByb3Rlw6fDo28gZGUgQnJhw6dvIG1lbGhvcmFkYT8=,,W0JhdHNodV0KQmllbiwgYmllbiwKdHJhamlzdGUgdG9kbyBsbyBxdWUgbmVjZXNpdG8uCk1pIEJyYXphbCBtZWpvcmFkbwp0aWVuZSBtYXlvciBERUZNIHF1ZQp1biBCcmF6YWwgbm9ybWFsLCBwZXJvIHRhbWJpw6luCm9mcmVjZSBtZW5vcyBkZWZlbnNhIGbDrXNpY2EuClNvbG8gcXVlcsOtYQpjb25maXJtYXIgdW5hIHZleiBtw6FzCnF1ZSBxdWllcmVzIHF1ZSBmYWJyaXF1ZQp1biBCcmF6YWwgbWVqb3JhZG8gcGFyYSB0aS4=
D7/RAg,,W0JhdHNodV0KRW5jaGFudGluZyBBcm0gR3VhcmQgd2lsbCBnaXZlCk1hZ2ljIGRlZmVuc2Ugc3RhdCBidXQKZHVlIHRvIHRoaXMsIHRoZSBwaHlzaWNhbCBkZWZlbnNlCm1pZ2h0IGdvIGRvd24Kc2xpZ2h0bHku,,,,,W0JhdHNodV0KRW5jYW50YXIgYSBQcm90ZcOnw6NvIGRlIEJyYcOnbyBkYXLDoQpvIGF0cmlidXRvIGRlIGRlZmVzYSBtw6FnaWNhLAptYXMsIGVtIGNvbnRyYXBhcnRpZGEsCmEgZGVmZXNhIGbDrXNpY2EgcG9kZSBkaW1pbnVpcgpsaWdlaXJhbWVudGUu,,W0JhdHNodV0KRWwgQnJhemFsIGVuY2FudGFkbyB0ZSBkYXLDoQplc3RhZMOtc3RpY2EgZGUgREVGTSwgcGVybywKcG9yIGVzbywgbGEgZGVmZW5zYSBmw61zaWNhCnBvZHLDrWEgZGlzbWludWlyCmxpZ2VyYW1lbnRlLg==
EL/RAg,,W0JhdHNodV0KRG8geW91IHdhbnQgdG8gCmVuY2hhbnQgdGhlIEFybSBndWFyZAp3aXRoIHRoYXQgbWV0YXJpYWxzPw==,,,,,W0JhdHNodV0KVm9jw6ogcXVlciBlbmNhbnRhcgphIFByb3Rlw6fDo28gZGUgQnJhw6dvCmNvbSBlc3NlIG1hdGVyaWFsPw==,,W0JhdHNodV0Kwr9RdWllcmVzIAplbmNhbnRhciBlbCBCcmF6YWwKY29uIGVzb3MgbWF0ZXJpYWxlcz8=
Eb/RAg,,W0JhdHNodV0KQWxyaWdodCwgSSB1bmRlcnN0YW5kLgpTdGlsbCwgaWYgeW91IGhhcHBlbiB0bwpjaGFuZ2UgeW91ciBtaW5kLCB0aGVuCnBsZWFzZSB0ZWxsIG1lIHJpZ2h0IGF3YXkuCkkgcmVhbGx5IHdhbnQgdG8gdGVzdCB0aGUKcmVzdWx0cyBvZiBteSByZXNlYXJjaH4=,,,,,W0JhdHNodV0KVHVkbyBiZW0sIGV1IGVudGVuZG8uCkFpbmRhIGFzc2ltLCBzZSBwb3IgYWNhc28KbXVkYXIgZGUgaWRlaWEsIGZhbGUgCmNvbWlnbyBpbWVkaWF0YW1lbnRlLgpRdWVybyBtdWl0byB0ZXN0YXIgb3MKcmVzdWx0YWRvcyBkYSBtaW5oYSBwZXNxdWlzYX4=,,W0JhdHNodV0KRGUgYWN1ZXJkbywgZW50aWVuZG8uCkF1biBhc8OtLCBzaSwgcG9yIGNhc3VhbGlkYWQsCmNhbWJpYXMgZGUgb3BpbmnDs24sCmTDrW1lbG8gZGUgaW5tZWRpYXRvLgpSZWFsbWVudGUsIHF1aWVybyBwb25lciBhIHBydWViYQpsb3MgcmVzdWx0YWRvcyBkZSBtaSBpbnZlc3RpZ2FjacOzbi4=
Er/RAg,,W0JhdHNodV0KVGhhdCdzIGp1c3Qgd2hhdApJIHdhbnRlZCB0byBoZWFyIQpBbHJpZ2h0LCBnaXZlIG1lCmEgbWludXRlIHRvIHdvcmsKb24gdGhpcyBhIGxpdHRsZSBiaXQuLi4=,,,,,W0JhdHNodV0Kw4kgaXNzbyBxdWUKZXUgcXVlcmlhIG91dmlyIQpUdWRvIGJlbSwgbWUgZMOqCnVtIHRlbXBvIHBhcmEgdHJhYmFsaGFyCnVtIHBvdWNvIG5pc3NvLi4u,,W0JhdHNodV0KwqFFc28gZXMganVzdG8gbG8gcXVlCnF1ZXLDrWEgZXNjdWNoYXIhCk11eSBiaWVuLCBkYW1lCnVuIG1pbnV0byBwYXJhIHRyYWJhamFyCmVuIGVzdG8gdW4gcG9jb+KApg==
E7/RAg,,W0JhdHNodV0KLi4uKldoZXchKgpUaGVyZSB5b3UgZ28sIHlvdXIKVXBncmFkZWQgQXJtIEd1YXJkCmlzIGZpbmlzaGVkLiBJZiB5b3Ugd2FudAphbnkgbW9yZSwganVzdCBjb21lIGFuZAphc2sgbWUgYW55dGltZSwgb2theT8=,,,,,W0JhdHNodV0KLi4uKlVmYSohClByb250aW5obywgc3VhIFByb3Rlw6fDo28KZGUgQnJhw6dvIGFwcmltb3JhZGEKZXN0w6EgcHJvbnRhLiBTZSBxdWlzZXIKbWFpcywgYmFzdGEgY2hlZ2FyIGFxdWkKZSBmYWxhciBjb21pZ28gcXVhbmRvIHF1aXNlciwgdml1Pw==,,W0JhdHNodV0K4oCmKsKhVWYhKgpBcXXDrSB0aWVuZXMsIHR1CkJyYXphbCBtZWpvcmFkbwplc3TDoSB0ZXJtaW5hZG8uIFNpIHF1aWVyZXMKbcOhcywgdmVuIHkKcMOtZGVtZWxvIGN1YW5kbyBxdWllcmFzLCDCv2RlIGFjdWVyZG8/
FL/RAg,,W0JhdHNodV0KT2ghIFNvcnJ5LCBidXQgeW91IGRvbid0CmhhdmUgZW5vdWdoIG1vbmV5CnRvIHBheSBteSAyMCwwMDAgemVueQpzZXJ2aWNlIGNoYXJnZS4gSnVzdApjb21lIGJhY2sgbGF0ZXIgd2hlbgp5b3UgZ2V0IHRoZSBtb25leSwgb2theT8=,,,,,W0JhdHNodV0KQWghIEZvaSBtYWwsIG1hcyB2b2PDqiBuw6NvCnRlbSBkaW5oZWlybyBzdWZpY2llbnRlCnBhcmEgcGFnYXIgbWluaGEgdGF4YQpkZSAyMC4wMDAgemVueS4KVm9sdGUgYXF1aSBzw7MgcXVhbmRvIAp0aXZlciBvIGRpbmhlaXJvLCBvaz8=,,W0JhdHNodV0KwqFBaCEgTG8gc2llbnRvLCBwZXJvIG5vCnRpZW5lcyBzdWZpY2llbnRlIGRpbmVybwpjb21vIHBhcmEgcGFnYXIgbG9zIDIwIDAwMCB6ZW55CmRlbCBjYXJnbyBwb3IgbWkgc2VydmljaW8uIFNvbG8KcmVncmVzYSBtw6FzIHRhcmRlIGN1YW5kbwpjb25zaWdhcyBlbCBkaW5lcm8sIMK/c8OtPw==
Fb/RAg,,W0JhdHNodV0KSG0/IEknbSBzb3JyeSwgYnV0IHlvdQpkb24ndCBoYXZlIGVub3VnaCBpdGVtcwpmb3IgbWUgdG8gY3JhZnQgeW91IGFuClVwZ3JhZGVkIEFybSBHdWFyZC4KQmUgc3VyZSB0byBicmluZyB0aGVtCmZvciBuZXh0IHRpbWUsIGFscmlnaHQ/,,,,,W0JhdHNodV0KSG0/IE1lIGRlc2N1bHBlLCBtYXMgdm9jw6oKbsOjbyB0ZW0gaXRlbnMgc3VmaWNpZW50ZXMKcGFyYSBjcmlhciB1bWEKUHJvdGXDp8OjbyBkZSBCcmHDp28gbWVsaG9yYWRhLgpOw6NvIHNlIGVzcXVlw6dhIGRlIHRyYXplcgp0dWRvIGRhIHByw7N4aW1hIHZleiE=,,W0JhdHNodV0Kwr9FaD8gTG8gc2llbnRvLCBwZXJvCm5vIHRpZW5lcyBzdWZpY2llbnRlcyBvYmpldG9zCmNvbW8gcGFyYSBxdWUgdGUgZmFicmlxdWUgdW4KQnJhemFsIG1lam9yYWRvLgpBc2Vnw7pyYXRlIGRlIHRyYWVybG9zCmxhIHByw7N4aW1hIHZleiwgwr9kZSBhY3VlcmRvPw==
Fr/RAg,,W0JhdHNodV0KSSBhbSBvbmUgb2YgdGhlIEFydGlzYW4gZnJvbQpmcm9tIDMgTmluamEgd2VhcG9uIG1ha2VycywgTXVyYXRhIEJhdHNodQpOaWNlIHRvIG1lZXQgeW91Lg==,,,,,W0JhdHNodV0KRXUgc291IHVtIGRvcyBhcnRlc8Ojb3MgZG9zIAozIGZhYnJpY2FudGVzIGRlIGFybWFzIG5pbmphLCBNdXJhdGEgQmF0c2h1LgrDiSB1bSBwcmF6ZXIu,,W0JhdHNodV0KU295IHVubyBkZSBsb3MgMyBhcnRlc2Fub3MKcXVlIGZhYnJpY2EgYXJtYXMgZGUgTmluamEsIE11cmF0YSBCYXRzaHUuCkd1c3RvIGVuIGNvbm9jZXJ0ZS4=
F7/RAg,,W0JhdHNodV0KVGhlcmUgYXJlIDMgYnV0IG90aGVyCjIgYXJlIG15IGJyb3RoZXJzLgpJIHBpY2tlZCB1cCBHdWFyZCBjcmVhdGlvbiBza2lsbApmcm9tIG15IGJyb3RoZXJzCkkgZG8gbm90IHRoaW5rIEkgYW0gZ3JlYXQKSSBhbSBzbyBncmF0ZWZ1bCB0aGF0IG1hbnkgcGVvcGxlCnJlY29nbml6ZSBteSBza2lsbC4=,,,,,W0JhdHNodV0KU29tb3MgMy4gT3Mgb3V0cm9zCjIgc8OjbyBtZXVzIGlybcOjb3MuCkFwcmVuZGkgYSBoYWJpbGlkYWRlIGRlIGNyaWHDp8OjbyBkZSBndWFyZGEKZG9zIG1ldXMgaXJtw6NvcwpOw6NvIG1lIGNvbnNpZGVybyBncmFuZGUgY29pc2EuClNvdSBtdWl0byBncmF0byBwb3IgbXVpdGFzIHBlc3NvYXMKcmVjb25oZWNlcmVtIG1pbmhhIGhhYmlsaWRhZGUu,,W0JhdHNodV0KSGF5IDMsIHBlcm8gbG9zIGRlbcOhcwoyIHNvbiBtaXMgaGVybWFub3MuCkFwcmVuZMOtIGEgY3JlYXIgb2JqZXRvcyBkZSBwcm90ZWNjacOzbgpkZSBtaXMgaGVybWFub3MuCk5vIG1lIGNvbnNpZGVybyBleGNlbGVudGUgZW4gbG8gcXVlIGhhZ28uCkFncmFkZXpjbyB0YW50byBxdWUgbXVjaGFzIHBlcnNvbmFzCnJlY29ub3pjYW4gbWkgaGFiaWxpZGFkLg==
GL/RAg,,W0JhdHNodV0KSSBhbSBhbHNvIHN0b3BwZWQgY3JlYXRpbmcgZ3VhcmRzCmFuZCBjb2xsZWN0aW5nIGd1YXJkIGl0ZW1zCmF0IHRoZSBtb21lbnQuCkxhdGVseSBJIGFtIHN0dWR5aW5nIG9uIApnaXZpbmcgbWFnaWNhbCBza2lsbCBvbiB0aGUgZ3VhcmRzLg==,,,,,W0JhdHNodV0KRXUgdGFtYsOpbSBwYXJlaSBkZSBjcmlhciBndWFyZGFzCmUgZGUgY29sZXRhciBpdGVucyBkZSBndWFyZGEKbm8gbW9tZW50by4KVWx0aW1hbWVudGUsIGVzdG91IGVzdHVkYW5kbyBzb2JyZSAKZGFyIGhhYmlsaWRhZGVzIG3DoWdpY2FzIMOhcyBwcm90ZcOnw7Vlcy4=,,W0JhdHNodV0KVGFtYmnDqW4gZGVqw6kgZGUgY3JlYXIgRXNjdWRvcwp5IGRlIHJlY29sZWN0YXIgb2JqZXRvcyBkZSBwcm90ZWNjacOzbgphaG9yYS4Kw5psdGltYW1lbnRlLCBlc3R1dmUgZXN0dWRpYW5kbyBjw7NtbyAKb3RvcmdhcmxlcyBoYWJpbGlkYWRlcyBtw6FnaWNhcyBhIGxvcyBvYmpldG9zIGRlIHByb3RlY2Npw7NuLg==
Gb/RAg,,W0JhdHNodV0KSSBhbSBqdXN0IHdvbmRlcmluZyBpZiB5b3Uga25vdwp0aGUgaXRlbSBjYWxsZWQgTWlycm9yIFNoaWVsZCAKZnJvbSB0aGUgY291bnRyeSBvdmVyIHRoZSBzZWE/CkkgYW0gdHJ5aW5nIHRvIGdldCB0aGUgaXRlbQpidXQgaSBjYW5ub3QgZ2V0IGl0Lg==,,,,,W0JhdHNodV0KR29zdGFyaWEgZGUgc2FiZXIgc2Ugdm9jw6ogY29uaGVjZQpvIGl0ZW0gY2hhbWFkbyBFc2N1ZG8gRXNwZWxoYWRvLApjb211bSBlbSBvdXRyb3MgcGHDrXNlcy4KRXN0b3UgdGVudGFuZG8gb2J0ZXIgZXN0ZSBpdGVtLAptYXMgbsOjbyBjb25zaWdvLg==,,W0JhdHNodV0KTWUgcHJlZ3VudG8gc2kgY29ub2NlcwplbCBvYmpldG8gbGxhbWFkbyBFc2N1ZG8gZXNwZWphZG8sIApkZWwgcGHDrXMgYWwgb3RybyBsYWRvIGRlbCBtYXIuCkVzdG95IGludGVudGFuZG8gY29uc2VndWlyIGVzZSBvYmpldG8sCnBlcm8gbm8gbG9ncm8gb2J0ZW5lcmxvLg==
Gr/RAg,,W0JhdHNodV0KSWYgeW91IGdldCB0aGUgaXRlbSBhbmQgc2hvdyBtZQpJdCB3b3VsZCBiZSByZWFsbHkgYmlnIGhlbHAuCkNvdWxkIHlvdSBkbyB0aGF0IGZvciBtZT8=,,,,,W0JhdHNodV0KU2UgY29uc2VndWlyIG8gaXRlbSBlIHRyYXrDqi1sbyBhdMOpIG1pbSwKc2VyaWEgZGUgZ3JhbmRlIGFqdWRhLgpQb2RlcmlhIGZhemVyIGlzc28gcGFyYSBtaW0/,,W0JhdHNodV0KU2kgbG8gZW5jdWVudHJhcyB5IG1lIGxvIG11ZXN0cmFzLApzZXLDrWEgZGUgZ3JhbiBheXVkYS4Kwr9Qb2Ryw61hcyBoYWNlciBlc28gcG9yIG3DrT8=
G7/RAg,,W0JhdHNodV0KT2gsIGFscmlnaHQuCldlbGwsIHRoYW5rcyBmb3IKc3RvcHBpbmcgYnl+,,,,,W0JhdHNodV0KQWgsIHR1ZG8gYmVtLgpCZW0sIG9icmlnYWRvIHBvcgp0ZXIgcGFzc2FkbyBwb3IgYXF1aX4=,,W0JhdHNodV0KT2gsIGVzdMOhIGJpZW4uCkJ1ZW5vLCBncmFjaWFzIHBvcgpwYXNhciBwb3IgYXF1w60u
HL/RAg,,W0JhdHNodV0Kb2gsIHRoYW5rIHlvdS4KSWYgeW91IGRvIHRoYXQgZm9yIG1lLApUaGVuIEkgd2lsbCBsZXQgeW91IGtub3cKb25jZSBJIGdldCB0aGUgZ29vZCBpZGVhIGZyb20KdGhlIGl0ZW0u,,,,,W0JhdHNodV0KQWgsIG9icmlnYWRvLgpTZSB2b2PDqiBmaXplciBpc3NvIHBvciBtaW0sCmV1IGF2aXNhcmVpCmFzc2ltIHF1ZSB0aXZlciB1bWEKYm9hIG5vw6fDo28gZG8gaXRlbS4=,,W0JhdHNodV0KQWgsIGdyYWNpYXMuClNpIGhhY2VzIGVzbyBwb3IgbcOtLAp0ZSBhdmlzYXLDqQpjdWFuZG8gaGF5YSBvYnRlbmlkbyB1bmEgYnVlbmEgaWRlYQphIHBhcnRpciBkZWwgb2JqZXRvLg==
Hb/RAg,,W0JhdHNodV0Kb2guIERpZCB5b3UgZ2V0IGl0PwpvayBsZXQgbWUgc2VlLi4uCmhtbW0uLi4=,,,,,W0JhdHNodV0KQWguIFZvY8OqIGNvbnNlZ3VpdT8KVMOhLCB2ZWphbW9zLi4uCkhtbW0uLi4=,,W0JhdHNodV0KT2guIMK/TG8gY29uc2VndWlzdGU/CkJ1ZW5vLCBkw6lqYW1lIHZlcmxv4oCmCk1tbW3igKY=
Hr/RAg,,W0JhdHNodV0KT2ghIEkgc2VlIG5vdy4gaW4gdGhlIGd1YXJkCldlIGNvdWxkIGFsc28gZ2l2ZSBtYWdpY2FsIGRlZmVuc2UKdG8gdGhpcyBpdGVtLiBXb3cuLi4=,,,,,W0JhdHNodV0KRW50ZW5kaSBhZ29yYS4gw4kgcG9zc8OtdmVsCmFkaWNpb25hciBkZWZlc2EgbcOhZ2ljYSAKYSBlc3NlIGl0ZW0uIFVhdS4uLg==,,W0JhdHNodV0KwqFBaCEgQWhvcmEgbG8gdmVvLiBFbiBsYSBwcm90ZWNjacOzbiwKdGFtYmnDqW4gcG9kcsOtYW1vcyBvdG9yZ2FyIGRlZmVuc2EgbcOhZ2ljYQpjb24gZXN0ZSBvYmpldG8uIEd1YXXigKY=
H7/RAg,,W0JhdHNodV0KSXQgbWFrZXMgbXkgaGVhcnQgYmVhdGluZy4KaWYgeW91IGhhdmUgdGhlIG5vcm1hbCBhcm0gZ3VhcmQKdGhlbiBicmluZyBpdCB0byBtZSw=,,,,,W0JhdHNodV0KTWV1IGNvcmHDp8OjbyBhdMOpIHBhbHBpdGEuClNlIHF1aXNlciwgdHJhZ2EgdW1hClByb3Rlw6fDo28gZGUgQnJhw6dvIHBhcmEgbWltLA==,,W0JhdHNodV0KSGFjZSBxdWUgbWkgY29yYXrDs24gbGF0YSBjb24gZW50dXNpYXNtby4KU2kgdGllbmVzIGVsIEJyYXphbCBub3JtYWwsCnRyw6FlbWVsbw==
IL/RAg,,W0JhdHNodV0Kd2l0aCAxIE1pcnJvcl9TaGllbGQgYW5kCjIwLDAwMCBaZW55ClRoZW4gSSB3aWxsIG1ha2UgeW91IGVuY2hhbnRlZApBcm0gR3VhcmQu,,,,,W0JhdHNodV0KY29tIDEgRXNjdWRvIEVzcGVsaGFkbyBlCjIwLjAwMCBaZW55LgpDb20gaXNzbywgZmFyZWkgdW1hClByb3Rlw6fDo28gZGUgQnJhw6dvIGVuY2FudGFkYS4=,,W0JhdHNodV0KanVudG8gY29uIDEgRXNjdWRvIGVzcGVqYWRvIHkKMjAwMDAgemVueS4KQ29uIGVzbywgdGUgaGFyw6kgdW4gRXNjdWRvCmVuY2FudGFkby4=
Ib/RAg,,W0JhdHNodV0KV2hhdCBkbyB5b3UgdGhpbms/IFdvdWxkIAp5b3UgbGlrZSB0byB0cnk/,,,,,W0JhdHNodV0KTyBxdWUgdm9jw6ogYWNoYT8KUXVlciBleHBlcmltZW50YXI/,,W0JhdHNodV0Kwr9RdcOpIG9waW5hcz8gwr9UZSBndXN0YXLDrWEgCnF1ZSBsbyBpbnRlbnRlbW9zPw==
Ir/RAg,,W0JhdHNodV0KaG1tbSwgb2suCkFueXdheSwgSSBzaG91bGQgdGhhbmsKeW91IHRvIGJyaW5nIHRoZSBvdmVyc2VhcwpndWFyZCB0byBoZXJlIGFuZApzaG93IGl0IHRvIG1lCmZyb20gdGhlIGFsbCB0aGUgd2F5Lg==,,,,,W0JhdHNodV0KSG1tbSwgb2suCkVuZmltLCBvYnJpZ2Fkbwpwb3IgbyBlc2N1ZG8gZXN0cmFuZ2Vpcm8KYXTDqSBhcXVpIGUgdGlyYXIgdW0KdGVtcG8gcGFyYSAKbW9zdHLDoS1sbyBwYXJhIG1pbS4=,,W0JhdHNodV0KTW1tLCBidWVuby4KRGUgdG9kb3MgbW9kb3MsIGRlYm8gYWdyYWRlY2VydGUKcG9yIHRyYWVyIHVuIEVzY3VkbyBleHRyYW5qZXJvCmhhc3RhIGFxdcOtCnkgbW9zdHLDoXJtZWxvLAphIHBlc2FyIGRlIGxhcyBkaXN0YW5jaWFzLg==
I7/RAg,,W0JhdHNodV0KVGhhbmsgeW91IGZvciBldmVyeXRoaW5nLg==,,,,,W0JhdHNodV0KT2JyaWdhZG8gcG9yIHR1ZG8u,,W0JhdHNodV0KR3JhY2lhcyBwb3IgdG9kby4=
JL/RAg,,W0JhdHNodV0KT2suCk15IGhlYXJ0IGlzIGFscmVhZHkgYmVhdGluZy4=,,,,,W0JhdHNodV0KT2suCk1ldSBjb3Jhw6fDo28gY2hlZ2EgYSBwYWxwaXRhci4=,,W0JhdHNodV0KRGUgYWN1ZXJkby4KTWkgY29yYXrDs24geWEgZXN0w6EgbGF0aWVuZG8u
Jb/RAg,,W0JhdHNodV0KTWF0ZXJpYWxzIGFyZSAxIEFybSBHdWFyZCwKMSBNaXJyb3JfU2hpZWxkIGFuZAoxMjAsMDAwIFplbnkKIHRvIGdldCB5b3UgYSBlbmNoYW50ZWQgCkFybSBHdWFyZC4=,,,,,W0JhdHNodV0KT3MgbWF0ZXJpYWlzIHPDo28gMSBQcm90ZcOnw6NvIGRlIEJyYcOnbywKMSBFc2N1ZG8gRXNwZWxoYWRvIGUKMTIwLjAwMCBaZW55LgpFbSB0cm9jYSwgcG9zc28gZGFyIHVtYQpQcm90ZcOnw6NvIGRlIEJyYcOnbyBlbmNhbnRhZGEu,,W0JhdHNodV0KTG9zIG1hdGVyaWFsZXMgc29uIDEgQnJhemFsLAoxIEVzY3VkbyBlc3BlamFkbyB5CjEyMCAwMDAgemVueQpwYXJhIGhhY2VydGUgdW4gRXNjdWRvIAplbmNhbnRhZG8u
Jr/RAg,,W0JhdHNodV0KVGhlbiB3aGVuIHlvdSBhcmUgcmVhZHkKUGxlYXNlIGNvbWUgYmFjay4=,,,,,W0JhdHNodV0KUXVhbmRvIGVzdGl2ZXIgY29tIHR1ZG8sCnZvbHRlIGFxdWkgZSBmYWxlIGNvbWlnby4=,,W0JhdHNodV0KRW50b25jZXMsIGN1YW5kbyB0ZW5nYXMgdG9kbyBsaXN0bywKcG9yIGZhdm9yLCB2dWVsdmUu
J7/RAg,,W0JhdHNodV0KR29vZCwgZ29vZCwgeW91J3ZlCmJyb3VnaHQgZXZlcnl0aGluZyBJIG5lZWQuCk5vdywgbXkgVXBncmFkZWQgQXJtIEd1YXJkCmhhcyBoaWdoZXIgTWFnaWMgRGVmZW5zZSB0aGFuCm5vcm1hbCBBcm0gR3VhcmQsIGJ1dCBpdCBhbHNvCmhhcyBsb3dlciBQaHlzaWNhbCBEZWZlbnNlLg==,,,,,W0JhdHNodV0Kw5N0aW1vLiBWb2PDqiB0cm91eGUKdHVkbyBkZSBxdWUgcHJlY2lzby4KQWdvcmEsIG1pbmhhIFByb3Rlw6fDo28gZGUgQnJhw6dvIG1lbGhvcmFkYQp0ZW0gbWFpcyBEZWZlc2EgTcOhZ2ljYSBkbyBxdWUgbwpkbyBxdWUgYSBQcm90ZcOnw6NvIGRlIEJyYcOnbyBub3JtYWwsIG1hcyB0YW1iw6ltCnRlbSB1bWEgRGVmZXNhIEbDrXNpY2EgbWVub3Iu,,W0JhdHNodV0KQmllbiwgYmllbiwKdHJhamlzdGUgdG9kbyBsbyBxdWUgbmVjZXNpdG8uCk1pIEJyYXphbCBtZWpvcmFkbwp0aWVuZSBtYXlvciBERUZNIHF1ZQp1biBCcmF6YWwgbm9ybWFsLCBwZXJvIHRhbWJpw6luCm9mcmVjZSBtZW5vcyBkZWZlbnNhIGbDrXNpY2Eu
KL/RAg,,W0JhdHNodV0KSSBqdXN0IHdhbnRlZCB0bwpjb25maXJtIG9uZSBtb3JlIHRpbWUKd2hldGhlciB5b3Ugd2FudCBtZSB0byBjcmFmdAphbiBVcGdyYWRlZCBBcm0gR3VhcmQgZm9yIHlvdS4=,,,,,W0JhdHNodV0KRXUgc8OzIHF1ZXJpYQpjb25maXJtYXIgbWFpcyB1bWEgdmV6LgpWb2PDqiBxdWVyIHF1ZSBldSBjcmllCnVtYSBQcm90ZcOnw6NvIGRlIEJyYcOnbyBhcHJpbW9yYWRhPw==,,W0JhdHNodV0KU29sbyBxdWVyw61hCmNvbmZpcm1hciB1bmEgdmV6IG3DoXMKcXVlIHF1aWVyZXMgcXVlIGZhYnJpcXVlCnVuIEJyYXphbCBtZWpvcmFkbyBwYXJhIHRpLg==
Kb/RAg,,W0JhdHNodV0KT2h+WW91IGNhbWUgYmFjay4KRG8geW91IGNvbWUgaGVyZQp0byBnZXQgdGhlIGFybSBndWFyZD8=,,,,,W0JhdHNodV0KT2guLiEgVm9jw6ogdm9sdG91LgpWZWlvIGF0csOhcyBkYQpQcm90ZcOnw6NvIGRlIEJyYcOnbz8=,,W0JhdHNodV0KT2gsIHJlZ3Jlc2FzdGUuCsK/VmluaXN0ZQphIGJ1c2NhciBlbCBCcmF6YWw/
Kr/RAg,,VG9zaHU=,,,,,VG9zaHU=,,VG9zaHU=
K7/RAg,,W1Rvc2h1XQpHcmVldGluZ3MsIEkgYW0KTXVyYXRhIFRvc2h1LCBvbmUgb2YgdGhlCjMgZ3JlYXQgTmluamEgYXJtb3IgYXJ0aXNhbnMuCkluIG15IHRyYXZlbHMsIEkgaGF2ZSBsZWFybmVkCnRvIGFkZCBTbG90cyB0byBzb21lIEFybW9ycy4=,,,,,W1Rvc2h1XQpTYXVkYcOnw7VlcywgZXUgc291Ck11cmF0YSBUb3NodSwgdW0gZG9zCjMgZ3JhbmRlcyBhcnRlc8Ojb3MgZGUgYXJtYWR1cmFzIG5pbmphLgpFbSBtaW5oYXMgdmlhZ2VucywgYXByZW5kaSBhIGFkaWNpb25hcgpTbG90cyBhIGFsZ3VtYXMgYXJtYWR1cmFzLg==,,W1Rvc2h1XQpTYWx1ZG9zLCBzb3kKTXVyYXRhIFRvc2h1LCB1bm8gZGUgbG9zCjMgZ3JhbmRlcyBhcnRlc2Fub3MgZGUgQXJtYWR1cmFzIHBhcmEgTmluamFzLgpFbiBtaXMgdmlhamVzLCBhcHJlbmTDrQphIGFncmVnYXJsZXMgcmFudXJhcyBhIGFsZ3VuYXMgQXJtYWR1cmFzLg==
LL/RAg,,W1Rvc2h1XQpJZiB5b3UgbGlrZSwgSSBjYW4gdHJ5IHRvCmFkZCBhIFNsb3QgdG8gYW4gdW5zbG90dGVkClVwZ3JhZGVkIEFybSBHdWFyZC4gSG93ZXZlcixJIG11c3Qgd2FybiB5b3UgdGhhdCBpdCdzIHBvc3NpYmxlCmZvciBtZSB0byBmYWlsLiBJJ2xsIGFsc28gcmVxdWlyZSB0aGVzZSBpdGVtcyB0byBwZXJmb3JtIG15IHdvcmsuLi4=,,,,,W1Rvc2h1XQpTZSBxdWlzZXIsIHBvc3NvIHRlbnRhciBhZGljaW9uYXIgdW0gc2xvdAphIHVtYSBQcm90ZcOnw6NvIGRlIEJyYcOnbyBtZWxob3JhZGEuCk5vIGVudGFudG8sIMOpIHBvc3PDrXZlbCBxdWUgZXUgZmFsaGUKVGFtYsOpbSBwcmVjaXNhcmVpIGRlc3NlcyBpdGVucyBwYXJhIHJlYWxpemFyIG1ldSB0cmFiYWxoby4uLg==,,W1Rvc2h1XQpTaSBxdWllcmVzLCBwdWVkbyBpbnRlbnRhcgphZ3JlZ2FybGUgdW5hIHByaW1lcmEgcmFudXJhIGEgdHUKQnJhemFsIG1lam9yYWRvLiBTaW4gZW1iYXJnbywgZGVibyBhZHZlcnRpcnRlIHF1ZSBlcyBwb3NpYmxlCnF1ZSBmYWxsZSBhbCBoYWNlcmxvLiBUYW1iacOpbiBuZWNlc2l0YXLDqSBlc3RvcyBvYmpldG9zIHBhcmEgaGFjZXIgbWkgdHJhYmFqb+KApg==
Lb/RAg,,W1Rvc2h1XQpJJ2xsIG5lZWQKMSBTbG90dGVkIEJ1Y2tsZXIsCjEgdW5zbG90dGVkIFVwZ3JhZGVkIEFybSBHdWFyZCwKYW5kIDQwLDAwMCB6ZW55IGZvciBteSBzZXJ2aWNlCmZlZS4gU2hhbGwgSSB0cnkgdG8gYWRkIGEgU2xvdAp0byB5b3VyIFVwZ3JhZGVkIEFybSBHdWFyZD8=,,,,,W1Rvc2h1XQoxIEJyb3F1ZWwgY29tIFNsb3QsCjEgUHJvdGXDp8OjbyBkZSBCcmHDp28gbWVsaG9yYWRhIHNlbSBzbG90LAplIDQwLjAwMCB6ZW55IGNvbW8gdGF4YSBkZSBzZXJ2acOnby4KRGV2byB0ZW50YXIgYWRpY2lvbmFyCnVtIHNsb3Qgw6Agc3VhClByb3Rlw6fDo28gZGUgQnJhw6dvIG1lbGhvcmFkYT8=,,W1Rvc2h1XQpOZWNlc2l0YXLDqQoxIEJyb3F1ZWwgY29uIHJhbnVyYXMsCjEgQnJhemFsIG1lam9yYWRvIHNpbiByYW51cmFzCnkgNDAgMDAwIHplbnkgcG9yIG1pCnNlcnZpY2lvLiDCv1F1aWVyZXMgcXVlIGludGVudGUgYWdyZWdhcmxlIHVuYSByYW51cmEKYSB0dSBCcmF6YWwgbWVqb3JhZG8/
Lr/RAg,,W1Rvc2h1XQpJIGFtIHNvcnJ5IHRvIHRlbGwgeW91IHRoYXQKSSBsZWFybmVkIHRoaXMgc2tpbGwgdmVyeSByZWNlbnRseQpzbyB0aGVyZSBtaWdodCBiZSBhIGNoYW5jZSB0byBmYWlsLgpQbGVhc2UgdGhpbmsgY2FyZWZ1bGx5IHRvIGRvIHRoaXMuCm9rIHdvdWxkIHlvdSBsaWtlIHRvIHRyeT8=,,,,,W1Rvc2h1XQpTaW50byBtdWl0bywgbWFzIGV1IGFwcmVuZGkKZXNzYSBoYWJpbGlkYWRlIG11aXRvIHJlY2VudGVtZW50ZSwKZW50w6NvIHBvZGUgaGF2ZXIgdW1hIGNoYW5jZSBkZSBmcmFjYXNzby4KUGVuc2UgYmVtIGFudGVzIGRlIGZhemVyIGlzc28uCkUgYcOtLCBxdWVyIHRlbnRhcj8=,,W1Rvc2h1XQpMYW1lbnRvIGRlY2lydGUgcXVlCmFwcmVuZMOtIGVzdGEgaGFiaWxpZGFkIGhhY2UgbXV5IHBvY28sCnBvciBsbyBxdWUgZXhpc3RlIGxhIHBvc2liaWxpZGFkIGRlIHF1ZSBmYWxsZS4KUGnDqW5zYWxvIGJpZW4gYW50ZXMgZGUgcXVlIGxvIGludGVudGVtb3MuCkJ1ZW5vLCDCv3F1aWVyZXMgcXVlIHByb2JlbW9zIGhhY2VybG8/
L7/RAg,,W1Rvc2h1XQpJIHNlZS4gSWYgeW91IGhhcHBlbgp0byBjaGFuZ2UgeW91ciBtaW5kLApwbGVhc2UgY29tZSBiYWNrCmFuZCBhc2sgbWUgYWdhaW4uIA==,,,,,W1Rvc2h1XQpFbnRlbmRvLiBTZSB2b2PDqgptdWRhciBkZSBpZGVpYSwKw6kgc8OzIHZpciBhcXVpCmUgZmFsYXIgY29taWdvLg==,,W1Rvc2h1XQpZYSB2ZW8uIFNpIGxsZWdhcmFzCmEgY2FtYmlhciBkZSBvcGluacOzbiwKdnVlbHZlCnkgcMOtZGVtZWxvIGRlIG51ZXZvLiA=
ML/RAg,,W1Rvc2h1XQpIbSwgbWFydGVyaWFscyBhbmQgbW9uZXkKYWxsIGNoZWNrZWQhClRoZW4gSSB3aWxsIHN0YXJ0IHRvIGNyZWF0IHRoaXMuCkxpa2UgSSB0b2xkIHlvdSw=,,,,,W1Rvc2h1XQpIbSwgbWF0ZXJpYWlzIGUgZGluaGVpcm8KdmVyaWZpY2Fkb3MhClZvdSBjb21lw6dhciBvIHByb2Nlc3NvLgpDb21vIGV1IGrDoSBkaXNzZS4uLg==,,W1Rvc2h1XQpNbSwgbWF0ZXJpYWxlcyB5IGRpbmVybywKwqF0b2RvIGNvbXByb2JhZG8hCkVudG9uY2VzLCBlbXBlemFyw6kgYSBjcmVhciBlc3RvLgpDb21vIHRlIGRpamUs
Mb/RAg,,W1Rvc2h1XQpUaGlzIGlzIGEgdmVyeSBleHBlcmltZW50YWwKdGVjaG5pcXVlLCBzbyBJIGNhbid0IGJlIGhlbGQKcmVzcG9uc2libGUgaWYgSSBkZXN0cm95IHlvdXIKVXBncmFkZWQgQXJtIEd1YXJkLg==,,,,,W1Rvc2h1XQpFc3NhIMOpIHVtYSB0w6ljbmljYSBtdWl0byBleHBlcmltZW50YWwsCnBvcnRhbnRvLCBuw6NvIHZvdSBtZSByZXNwb25zYWJpbGl6YXIKc2UgYSBQcm90ZcOnw6NvIGRlIEJyYcOnbwptZWxob3JhZGEgcXVlYnJhciBubyBwcm9jZXNzby4=,,W1Rvc2h1XQpzZSB0cmF0YSBkZSB1bmEgdMOpY25pY2EKZXhwZXJpbWVudGFsLCBhc8OtIHF1ZSBubyBwdWVkbwpoYWNlcm1lIGNhcmdvIHNpIHRlcm1pbm8gZGVzdHJ1eWVuZG8gdHUKQnJhemFsIG1lam9yYWRvLg==
Mr/RAg,,W1Rvc2h1XQpBcmUgeW91IHN1cmUgeW91IHdhbnQgbWUgdG8KdHJ5IHNsb3R0aW5nIHlvdXIgVXBncmFkZWQgQXJtIEd1YXJkPw==,,,,,W1Rvc2h1XQpRdWVyIG1lc21vIHF1ZSBldSB0ZW50ZQpjb2xvY2FyIHVtIFNsb3QgbmEgUHJvdGXDp8OjbyBkZSBCcmHDp28gbWVsaG9yYWRhPw==,,W1Rvc2h1XQrCv1JlYWxtZW50ZSBxdWllcmVzIHF1ZQppbnRlbnRlIGFncmVnYXJsZSB1bmEgcmFudXJhIGEgdHUgQnJhemFsIG1lam9yYWRvPw==
M7/RAg,,Ti1ubywgd2FpdCE=,,,,,TsOjbywgY2FsbWEgYcOtIQ==,,wqFOLU5vLCBlc3BlcmEh
NL/RAg,,WWVzLCBJIGFtIQ==,,,,,U2ltLCBlc3RvdSE=,,wqFTw60h
Nb/RAg,,W1Rvc2h1XQpJIHVuZGVyc3RhbmQuLi4KU29tZSByaXNrcyBqdXN0CmFyZW4ndCB3b3J0aCB0YWtpbmcgZm9yCnNvbWUgcGVvcGxlLiBXZWxsLCBqdXN0CmNvbWUgYmFjayBhbmQgYXNrIG1lCmFnYWluIGlmIHlvdSBjaGFuZ2UgeW91ciBtaW5kLg==,,,,,W1Rvc2h1XQpFbnRlbmRvLi4uCkFsZ3VucyByaXNjb3Mgc2ltcGxlc21lbnRlCm7Do28gdmFsZW0gYSBwZW5hIHBhcmEKYWxndW1hcyBwZXNzb2FzLiBCZW0sCnNlIG11ZGFyIGRlIGlkZWlhLArDqSBzw7MgdmlyIGFxdWkgZmFsYXIgY29taWdvLg==,,W1Rvc2h1XQpFbnRpZW5kb+KApgpBbGd1bm9zIHJpZXNnb3MKbm8gdmFsZW4gbGEgcGVuYSBwYXJhCmFsZ3VuYXMgcGVyc29uYXMuIEJ1ZW5vLApyZWdyZXNhIHkgcMOtZGVtZWxvCmRlIG51ZXZvIHNpIGNhbWJpYXMgZGUgb3BpbmnDs24u
Nr/RAg,,W1Rvc2h1XQpFeGNlbGxlbnQuLi4hCk5vdywganVzdCBnaXZlIG1lCjMgc2Vjb25kcyB0byBkbyB0aGlzLi4uCkgtaGVyZSBJIGdvISBPaCEgQW5kLAp1bSwgd2lzaCBtZSBsdWNrIQ==,,,,,W1Rvc2h1XQpFeGNlbGVudGUuLi4hCkFnb3JhLCBtZSBkw6oKYWxndW5zIHNlZ3VuZG9zIHBhcmEgZmF6ZXIgaXNzby4uLgpMw6Egdm91IGV1ISBBaCEgRS4uCmhtLCBtZSBkZXNlamUgc29ydGUh,,W1Rvc2h1XQrCoUV4Y2VsZW50ZeKApiEKQmllbiwgc29sbyBkYW1lCjMgc2VndW5kb3MgcGFyYSBoYWNlciBlc3Rv4oCmCsKhQS1BaMOtIHZveSEgwqFBaCEgWQplaCwgwqFkZXPDqWFtZSBzdWVydGUh
N7/RAg,,W1Rvc2h1XQouLi5EYW1uIGl0ISBOb29vb28hCkknbSBzb3JyeSwgYnV0IEkgbWVzc2VkIHVwCnlvdXIgVXBncmFkZWQgQXJtIEd1YXJkIQpPaCB3ZWxsLCB0aGVtJ3MgdGhlIGJyZWFrcy4KSGVyZSwgcGxlYXNlIHRha2UgdGhpcyBmb29kCmFzIGNvbXBlbnNhdGlvbi4gSSdtIHNvcnJ5Li4u,,,,,W1Rvc2h1XQouLi5Ecm9nYSEgTsOjbyEhIQpTaW50byBtdWl0bywgbWFzIGVzdHJhZ3VlaQphIFByb3Rlw6fDo28gZGUgQnJhw6dvIG1lbGhvcmFkYSEKQWgsIGJlbSwgYWNvbnRlY2UuCkFxdWksIHBlZ3VlIGVzc2EgY29taWRhCmNvbW8gY29tcGVuc2HDp8Ojby4gRm9pIG1hbC4uLg==,,W1Rvc2h1XQrCoU1hbGRpY2nDs24hIMKhTm9vb29vIQrCoUxvIHNpZW50bywgcGVybyBhcnJ1aW7DqQp0dSBCcmF6YWwgbWVqb3JhZG8hCkJ1ZW5vLCBubyBwb2RlbW9zIGhhY2VyIG5hZGEuClBvciBmYXZvciwgdG9tYSBlc3RhIGNvbWlkYQpjb21vIGNvbXBlbnNhY2nDs24uIExvIHNpZW50b+KApg==
OL/RAg,,W1Rvc2h1XQouLi5PaCwgY3JhcCEgVGhpcyBpc24ndC0tIQpPaCBtYW4sIEknbSBzbyBzb3JyeS4gSSB0b3RhbGx5CmRlc3Ryb3llZCB5b3VyIFVwZ3JhZGVkIEFybQpHdWFyZCEgQWxsIEkgY2FuIG9mZmVyIHlvdSBhcwpjb21wZW5zYXRpb24gaXMgdGhpcyBmb29kLgpXZWxsLCBiZXR0ZXIgbHVjayBuZXh0IHRpbWUuLi4=,,,,,W1Rvc2h1XQouLi5BaSwgY2FyYW1iYSEgTsOjbyBwb2RlIHNlci4uLiEKUG94YSwgZm9pIG1hbC4gRGVzdHJ1w60gdG90YWxtZW50ZQphIFByb3Rlw6fDo28gZGUgQnJhw6dvIG1lbGhvcmFkYSEKVHVkbyBvIHF1ZSBwb3NzbyBvZmVyZWNlciBjb21vCmNvbXBlbnNhw6fDo28gw6kgZXN0YSBjb21pZGEuCkJlbSwgYm9hIHNvcnRlIG5hIHByw7N4aW1hLi4u,,W1Rvc2h1XQrCoU9oLCBtYWxkaXRhIHNlYSEgwqFFc3RvIG5vIGVz4oCmIQpPaCwgbG8gc2llbnRvIG11Y2hvLiDCoVJlYWxtZW50ZQpkZXN0cnXDrSB0dSBCcmF6YWwKbWVqb3JhZG8hIExvIMO6bmljbyBxdWUgcHVlZG8gb2ZyZWNlcnRlIGNvbW8KY29tcGVuc2FjacOzbiBlcyBlc3RhIGNvbWlkYS4KQnVlbm8sIHRlIGRlc2VvIG1lam9yIHN1ZXJ0ZSBwYXJhIGxhIHByw7N4aW1hIHZleuKApg==
Ob/RAg,,W1Rvc2h1XQpIYWhhaGFoYWhhISBJIGRpZCBpdCEKSGVyZSwgcGxlYXNlIHRha2UgeW91cgpTbG90dGVkIFVwZ3JhZGVkIEFybSBHdWFyZC4KT2gsIEknbSBzbyBwcm91ZCBvZiB0aGUgZ29vZApqb2IgSSd2ZSBkb25lLiBJZiB5b3UgbmVlZAphbm90aGVyLCBmZWVsIGZyZWUgdG8gYXNrfg==,,,,,W1Rvc2h1XQpIYWhhaGFoYWhhISBDb25zZWd1aSEKQXF1aSwgcGVndWUgc3VhIFByb3Rlw6fDo28gZGUgQnJhw6dvIAptZWxob3JhZGEgY29tIHNsb3QuCk5vc3NhLCBlc3NlIHRyYWJhbGhvCm1lIGTDoSBhdMOpIG9yZ3VsaG8uIFNlIHByZWNpc2FyIGRlCm91dHJvLCDDqSBzw7MgZmFsYXIgY29taWdvfg==,,W1Rvc2h1XQrCoUphLCBqYSwgamEsIGphLCBqYSEgwqFMbyBsb2dyw6khClRvbWEsIHRlbiB0dQpCcmF6YWwgbWVqb3JhZG8gY29uIHJhbnVyYS4KQWgsIGVzdG95IG11eSBvcmd1bGxvc28gZGVsIGJ1ZW4KdHJhYmFqbyBxdWUgaGljZS4gU2kgbmVjZXNpdGFzCm90cmEsIG5vIGR1ZGVzIGVuIHBlZMOtcm1lbG8u
Or/RAg,,W1Rvc2h1XQpXaG9hfn5JdCBpcyBkb25lIHdlbGwuCkhlcmUgaXMgdGhlIEFybSBndWFyZA==,,,,,W1Rvc2h1XQpVYXUuLi4gRmljb3Ugw7N0aW1vLgpBcXVpIGVzdMOhIGEgc3VhIFByb3Rlw6fDo28gZGUgQnJhw6dvLg==,,W1Rvc2h1XQpFeS4gUXXDqSBiaWVuIGhlY2hvLgpBcXXDrSB0aWVuZXMgZWwgQnJhemFsLg==
O7/RAg,,SSB3YXMgYWZyYWlkIGlmIEkgZmFpbApidXQgSSBhbSB0aGUgQXJ0aXNhbiB0aGUgYmVzdC4KVGhlbiBjb21lIHRvIG1lIGFnYWluCmlmIHlvdSBuZWVkIG1lLg==,,,,,RmlxdWVpIGNvbSBtZWRvIGRlIGZhbGhhciwKbWFzIGV1IHNvdSBvIG1lbGhvciBhcnRlc8OjbyBkZSB0b2Rvcy4KU2UgcHJlY2lzYXIgZGUgbWFpcywKw6kgc8OzIGZhbGFyIGNvbWlnby4=,,VGVtw61hIGZhbGxhciwKcGVybyBzb3kgZWwgbWVqb3IgYXJ0ZXNhbm8uClZlbiBhIHZpc2l0YXJtZSBkZSBudWV2bwpzaSBtZSBuZWNlc2l0YXMu
PL/RAg,,W1Rvc2h1XQoqV2hldyEqIFRoYXQgd2FzIGNsb3NlIQpIZXJlLCBwbGVhc2UgdGFrZSB5b3VyClNsb3R0ZWQgVXBncmFkZWQgQXJtIEd1YXJkLgpPaCwgSSdtIHNvIHByb3VkIG9mIHRoZSBnb29kCmpvYiBJJ3ZlIGRvbmUuIElmIHlvdSBuZWVkCmFub3RoZXIsIGZlZWwgZnJlZSB0byBhc2t+,,,,,W1Rvc2h1XQoqVWZhLi4uISogRXNzYSBmb2kgcG9yIHBvdWNvIQpBcXVpIGVzdMOhIGEgUHJvdGXDp8OjbyBkZSBCcmHDp28KbWVsaG9yYWRhIGNvbSBzbG90LgpOb3NzYSwgcXVlIG9yZ3VsaG8gZG8KdHJhYmFsaG8gcXVlIGZpei4gU2Ugdm9jw6ogZGUKb3V0cm8sIMOpIHPDsyBmYWxhcn4=,,W1Rvc2h1XQoqwqFVZiEqIMKhRXNvIGVzdHV2byBjZXJjYSEKVG9tYSwgdGVuIHR1CkJyYXphbCBtZWpvcmFkbyBjb24gcmFudXJhLgpBaCwgZXN0b3kgbXV5IG9yZ3VsbG9zbyBkZWwgYnVlbgp0cmFiYWpvIHF1ZSBoaWNlLiBTaSBuZWNlc2l0YXMKb3RyYSwgbm8gZHVkZXMgZW4gcGVkw61ybWVsby4=
Pb/RAg,,W1Rvc2h1XQpIbT8gT2gsIEknbSBzb3JyeSwgYnV0CnlvdSBkb24ndCBoYXZlIGVub3VnaCBtb25leQp0byBwYXkgbXkgc2VydmljZSBjaGFyZ2Ugb2YKNDAsMDAwIHplbnkuIEVoLCBqdXN0IGNvbWUKYmFjayBhZnRlciB5b3UgZ2V0IHRoZSBjYXNoLg==,,,,,W1Rvc2h1XQpVw6k/IEFoLCBmb2kgbWFsLCBtYXMKdm9jw6ogbsOjbyB0ZW0gZGluaGVpcm8gc3VmaWNpZW50ZQpwYXJhIHBhZ2FyIG1pbmhhIHRheGEgZGUgc2VydmnDp28gZGUKNDAuMDAwIHplbnkuIFF1YW5kbyBjb25zZWd1aXIKYSBncmFuYSwgw6kgc8OzIGZhbGFyIGNvbWlnby4=,,W1Rvc2h1XQrCv0VoPyBPaCwgbG8gc2llbnRvLCBwZXJvCm5vIHRpZW5lcyBzdWZpY2llbnRlIGRpbmVybwpwYXJhIHBhZ2FyIG1pIHNlcnZpY2lvLCBxdWUgY3Vlc3RhCjQwIDAwMCB6ZW55LiBFaCwgc29sbyByZWdyZXNhCmN1YW5kbyBoYXlhcyBjb25zZWd1aWRvIGVsIGRpbmVyby4=
Pr/RAg,,W1Rvc2h1XQpIbT8gWW91J3JlIG1pc3Npbmcgc29tZQpvZiB0aGUgdGhpbmdzIEkgbmVlZCB0byBhZGQKYSBTbG90IG9mIGFuIG5vbnNsb3R0ZWQKVXBncmFkZWQgQXJtIEd1YXJkLiBJZgp5b3UgcmVhbGx5IHdhbnQgaXQsIHRoZW4geW91CnNob3VsZCBwcmVwYXJlIHRob3NlIGl0ZW1zLg==,,,,,W1Rvc2h1XQpIbT8gRXN0w6EgZmFsdGFuZG8gYWxndW1hcwpkYXMgY29pc2FzIHF1ZSBwcmVjaXNvIHBhcmEKYWRpY2lvbmFyIHVtIHNsb3Qgw6AKUHJvdGXDp8OjbyBkZSBCcmHDp28gbWVsaG9yYWRhLgpTZSBxdWlzZXIgbWVzbW8gZmF6ZXIgaXNzbywKcHJlY2lzbyBxdWUgdHJhZ2EgdHVkby4=,,W1Rvc2h1XQrCv0VoPyBUZSBmYWx0YW4gYWxndW5hcwpkZSBsYXMgY29zYXMgcXVlIG5lY2VzaXRvIHBhcmEgYWdyZWdhcmxlCnVuYSBwcmltZXJhIHJhbnVyYSBhIHVuCkJyYXphbCBtZWpvcmFkby4gU2kKcmVhbG1lbnRlIGxvIHF1aWVyZXMsCmRlYmVzIHByZXBhcmFyIGVzb3Mgb2JqZXRvcy4=
P7/RAg,,Qm9vbmpp,,,,,Qm9vbmpp,,Qm9vbmpp
QL/RAg,,Qm9vbnJheQ==,,,,,Qm9vbnJheQ==,,Qm9vbnJheQ==
Qb/RAg,,QW1hdHN1IFRyYWRlcg==,,,,,Q29tZXJjaWFudGUgZGUgQW1hdHN1,,Q29tZXJjaWFudGUgZGUgQW1hdHN1
